Timestamp,PM2.5 (µg/m³),PM10 (µg/m³),NO (µg/m³),NO2 (µg/m³),NOx (ppb),NH3 (µg/m³),SO2 (µg/m³),CO (mg/m³),Ozone (µg/m³),Benzene (µg/m³),Toluene (µg/m³),Xylene (µg/m³),O Xylene (µg/m³),Eth-Benzene (µg/m³),MP-Xylene (µg/m³),AT (°C),RH (%),WS (m/s),WD (deg),RF (mm),TOT-RF (mm),SR (W/mt2),BP (mmHg),VWS (m/s)
2025-01-01 00:00:00,140.86,258.69,111.93,33.22,108.63,NA,NA,1.01,10.80,NA,NA,NA,NA,NA,NA,NA,NA,NA,NA,NA,0.00,NA,NA,NA
2025-01-01 01:00:00,142.44,295.25,99.20,29.62,96.43,NA,NA,0.91,10.41,NA,NA,NA,NA,NA,NA,NA,NA,NA,NA,NA,0.00,NA,NA,NA
2025-01-01 02:00:00,102.82,216.54,61.19,32.54,67.12,NA,NA,0.68,10.14,NA,NA,NA,NA,NA,NA,NA,NA,NA,NA,NA,0.00,NA,NA,NA
2025-01-01 03:00:00,89.96,164.19,46.97,38.59,58.68,NA,NA,0.69,10.61,NA,NA,NA,NA,NA,NA,NA,NA,NA,NA,NA,0.00,NA,NA,NA
2025-01-01 04:00:00,86.37,157.00,50.55,30.26,57.23,NA,NA,0.66,10.28,NA,NA,NA,NA,NA,NA,NA,NA,NA,NA,NA,0.00,NA,NA,NA
2025-01-01 05:00:00,94.76,177.15,53.97,29.45,59.55,NA,NA,0.65,10.68,NA,NA,NA,NA,NA,NA,NA,NA,NA,NA,NA,0.00,NA,NA,NA
2025-01-01 06:00:00,121.22,197.21,35.71,29.64,44.82,NA,NA,0.56,10.31,NA,NA,NA,NA,NA,NA,NA,NA,NA,NA,NA,0.00,NA,NA,NA
2025-01-01 07:00:00,97.59,153.56,32.19,31.27,42.78,NA,NA,0.52,10.90,NA,NA,NA,NA,NA,NA,NA,NA,NA,NA,NA,0.00,NA,NA,NA
2025-01-01 08:00:00,91.51,139.64,35.41,28.86,44.16,NA,NA,0.49,13.29,NA,NA,NA,NA,NA,NA,NA,NA,NA,NA,NA,0.00,NA,NA,NA
2025-01-01 09:00:00,112.07,161.52,20.43,24.96,29.87,NA,NA,0.42,21.77,NA,NA,NA,NA,NA,NA,NA,NA,NA,NA,NA,0.00,NA,NA,NA
2025-01-01 10:00:00,109.50,155.02,18.74,23.72,27.86,NA,NA,0.45,25.72,NA,NA,NA,NA,NA,NA,NA,NA,NA,NA,NA,0.00,NA,NA,NA
2025-01-01 11:00:00,109.29,151.98,23.57,28.25,34.19,NA,NA,0.46,25.71,NA,NA,NA,NA,NA,NA,NA,NA,NA,NA,NA,0.00,NA,NA,NA
2025-01-01 12:00:00,114.18,187.72,22.53,28.74,33.60,NA,NA,0.44,27.30,NA,NA,NA,NA,NA,NA,NA,NA,NA,NA,NA,0.00,NA,NA,NA
2025-01-01 13:00:00,105.03,187.19,20.68,26.29,30.76,NA,NA,0.44,33.32,NA,NA,NA,NA,NA,NA,NA,NA,NA,NA,NA,0.00,NA,NA,NA
2025-01-01 14:00:00,109.76,170.93,17.46,27.34,28.77,NA,NA,0.42,36.63,NA,NA,NA,NA,NA,NA,NA,NA,NA,NA,NA,0.00,NA,NA,NA
2025-01-01 15:00:00,146.05,173.99,14.92,26.05,25.99,NA,NA,0.41,39.77,NA,NA,NA,NA,NA,NA,NA,NA,NA,NA,NA,0.00,NA,NA,NA
2025-01-01 16:00:00,134.43,174.08,14.02,29.41,27.04,NA,NA,0.41,33.53,NA,NA,NA,NA,NA,NA,NA,NA,NA,NA,NA,0.00,NA,NA,NA
2025-01-01 17:00:00,120.87,181.04,14.59,28.91,27.23,NA,NA,0.42,27.20,NA,NA,NA,NA,NA,NA,NA,NA,NA,NA,NA,0.00,NA,NA,NA
2025-01-01 18:00:00,117.29,203.04,16.24,33.75,31.13,NA,NA,0.46,18.15,NA,NA,NA,NA,NA,NA,NA,NA,NA,NA,NA,0.00,NA,NA,NA
2025-01-01 19:00:00,125.10,197.89,26.40,37.06,41.19,NA,NA,0.56,12.41,NA,NA,NA,NA,NA,NA,NA,NA,NA,NA,NA,0.00,NA,NA,NA
2025-01-01 20:00:00,131.73,225.33,29.46,38.78,44.52,NA,NA,0.64,12.07,NA,NA,NA,NA,NA,NA,NA,NA,NA,NA,NA,0.00,NA,NA,NA
2025-01-01 21:00:00,158.49,264.48,46.86,37.50,58.09,NA,NA,0.81,11.91,NA,NA,NA,NA,NA,NA,NA,NA,NA,NA,NA,0.00,NA,NA,NA
2025-01-01 22:00:00,170.11,278.92,29.39,37.56,43.86,NA,NA,0.66,11.84,NA,NA,NA,NA,NA,NA,NA,NA,NA,NA,NA,0.00,NA,NA,NA
2025-01-01 23:00:00,160.14,248.07,44.79,34.28,54.66,NA,NA,0.72,10.52,NA,NA,NA,NA,NA,NA,NA,NA,NA,NA,NA,0.00,NA,NA,NA
2025-01-02 00:00:00,128.64,232.75,43.39,30.74,51.63,NA,NA,0.70,10.57,NA,NA,NA,NA,NA,NA,NA,NA,NA,NA,NA,0.00,NA,NA,NA
2025-01-02 01:00:00,121.75,224.67,24.58,28.32,35.09,NA,NA,0.55,15.41,NA,NA,NA,NA,NA,NA,NA,NA,NA,NA,NA,0.00,NA,NA,NA
2025-01-02 02:00:00,121.00,243.05,13.83,20.76,22.29,NA,NA,0.44,24.20,NA,NA,NA,NA,NA,NA,NA,NA,NA,NA,NA,0.00,NA,NA,NA
2025-01-02 03:00:00,120.61,218.47,17.52,26.93,28.55,NA,NA,0.48,18.65,NA,NA,NA,NA,NA,NA,NA,NA,NA,NA,NA,0.00,NA,NA,NA
2025-01-02 04:00:00,116.50,202.09,18.58,31.62,31.93,NA,NA,0.51,15.02,NA,NA,NA,NA,NA,NA,NA,NA,NA,NA,NA,0.00,NA,NA,NA
2025-01-02 05:00:00,127.39,202.43,31.04,26.28,39.19,NA,NA,0.54,13.46,NA,NA,NA,NA,NA,NA,NA,NA,NA,NA,NA,0.00,NA,NA,NA
2025-01-02 06:00:00,127.73,227.54,32.65,22.24,38.38,NA,NA,0.54,13.83,NA,NA,NA,NA,NA,NA,NA,NA,NA,NA,NA,0.00,NA,NA,NA
2025-01-02 07:00:00,111.06,172.93,20.59,19.91,27.33,NA,NA,0.49,17.53,NA,NA,NA,NA,NA,NA,NA,NA,NA,NA,NA,0.00,NA,NA,NA
2025-01-02 08:00:00,89.94,145.71,23.03,20.93,29.84,NA,NA,0.52,15.63,NA,NA,NA,NA,NA,NA,NA,NA,NA,NA,NA,0.00,NA,NA,NA
2025-01-02 09:00:00,120.44,196.02,28.08,29.14,38.32,NA,NA,0.58,16.16,NA,NA,NA,NA,NA,NA,NA,NA,NA,NA,NA,0.00,NA,NA,NA
2025-01-02 10:00:00,177.07,254.16,29.93,34.63,42.76,NA,NA,0.79,16.48,NA,NA,NA,NA,NA,NA,NA,NA,NA,NA,NA,0.00,NA,NA,NA
2025-01-02 11:00:00,169.78,283.82,27.46,28.93,37.70,NA,NA,0.70,19.33,NA,NA,NA,NA,NA,NA,NA,NA,NA,NA,NA,0.00,NA,NA,NA
2025-01-02 12:00:00,175.04,275.99,32.27,33.33,43.96,NA,NA,0.84,22.46,NA,NA,NA,NA,NA,NA,NA,NA,NA,NA,NA,0.00,NA,NA,NA
2025-01-02 13:00:00,183.79,217.80,30.43,35.79,43.78,NA,NA,0.94,25.86,NA,NA,NA,NA,NA,NA,NA,NA,NA,NA,NA,0.00,NA,NA,NA
2025-01-02 14:00:00,165.83,202.34,21.76,31.46,34.45,NA,NA,0.75,29.25,NA,NA,NA,NA,NA,NA,NA,NA,NA,NA,NA,0.00,NA,NA,NA
2025-01-02 15:00:00,155.90,232.98,19.03,40.69,37.09,NA,NA,0.69,27.60,NA,NA,NA,NA,NA,NA,NA,NA,NA,NA,NA,0.00,NA,NA,NA
2025-01-02 16:00:00,168.77,291.29,21.16,52.02,44.86,NA,NA,0.77,22.27,NA,NA,NA,NA,NA,NA,NA,NA,NA,NA,NA,0.00,NA,NA,NA
2025-01-02 17:00:00,169.26,274.16,38.14,51.52,58.40,NA,NA,0.81,13.42,NA,NA,NA,NA,NA,NA,NA,NA,NA,NA,NA,0.00,NA,NA,NA
2025-01-02 18:00:00,156.62,276.75,34.12,45.51,51.94,NA,NA,0.85,11.20,NA,NA,NA,NA,NA,NA,NA,NA,NA,NA,NA,0.00,NA,NA,NA
2025-01-02 19:00:00,205.33,314.46,37.58,44.15,54.05,NA,NA,0.87,11.04,NA,NA,NA,NA,NA,NA,NA,NA,NA,NA,NA,0.00,NA,NA,NA
2025-01-02 20:00:00,185.98,300.01,75.22,36.04,80.28,NA,NA,0.95,11.09,NA,NA,NA,NA,NA,NA,NA,NA,NA,NA,NA,0.00,NA,NA,NA
2025-01-02 21:00:00,181.67,316.66,102.93,31.06,100.16,NA,NA,1.15,11.45,NA,NA,NA,NA,NA,NA,NA,NA,NA,NA,NA,0.00,NA,NA,NA
2025-01-02 22:00:00,178.33,368.48,86.83,30.88,87.09,NA,NA,1.12,10.95,NA,NA,NA,NA,NA,NA,NA,NA,NA,NA,NA,0.00,NA,NA,NA
2025-01-02 23:00:00,142.12,277.21,70.69,28.39,72.58,NA,NA,0.94,10.28,NA,NA,NA,NA,NA,NA,NA,NA,NA,NA,NA,0.00,NA,NA,NA
2025-01-03 00:00:00,136.08,251.38,78.94,26.81,78.38,NA,NA,0.99,10.63,NA,NA,NA,NA,NA,NA,NA,NA,NA,NA,NA,0.00,NA,NA,NA
2025-01-03 01:00:00,161.88,272.53,83.80,23.96,80.93,NA,NA,1.03,10.69,NA,NA,NA,NA,NA,NA,NA,NA,NA,NA,NA,0.00,NA,NA,NA
2025-01-03 02:00:00,166.53,292.25,72.25,23.66,71.33,NA,NA,1.05,10.96,NA,NA,NA,NA,NA,NA,NA,NA,NA,NA,NA,0.00,NA,NA,NA
2025-01-03 03:00:00,151.13,285.32,93.95,19.39,86.61,NA,NA,1.09,10.52,NA,NA,NA,NA,NA,NA,NA,NA,NA,NA,NA,0.00,NA,NA,NA
2025-01-03 04:00:00,153.48,358.21,171.98,4.39,141.99,NA,NA,1.22,10.29,NA,NA,NA,NA,NA,NA,NA,NA,NA,NA,NA,0.00,NA,NA,NA
2025-01-03 05:00:00,164.47,333.53,151.41,14.71,130.94,NA,NA,1.27,11.22,NA,NA,NA,NA,NA,NA,NA,NA,NA,NA,NA,0.00,NA,NA,NA
2025-01-03 06:00:00,159.52,272.06,125.42,23.03,114.27,NA,NA,1.30,11.18,NA,NA,NA,NA,NA,NA,NA,NA,NA,NA,NA,0.00,NA,NA,NA
2025-01-03 07:00:00,131.28,212.91,109.39,23.50,101.40,NA,NA,1.21,10.95,NA,NA,NA,NA,NA,NA,NA,NA,NA,NA,NA,0.00,NA,NA,NA
2025-01-03 08:00:00,140.96,255.96,108.06,39.28,108.78,NA,NA,1.34,14.41,NA,NA,NA,NA,NA,NA,NA,NA,NA,NA,NA,0.00,NA,NA,NA
2025-01-03 09:00:00,161.46,261.53,100.93,46.50,106.78,NA,NA,1.50,14.82,NA,NA,NA,NA,NA,NA,NA,NA,NA,NA,NA,0.00,NA,NA,NA
2025-01-03 10:00:00,180.81,330.03,98.85,68.22,116.62,NA,NA,1.97,15.98,NA,NA,NA,NA,NA,NA,NA,NA,NA,NA,NA,0.00,NA,NA,NA
2025-01-03 11:00:00,233.03,374.67,70.08,72.98,95.85,NA,NA,1.99,13.69,NA,NA,NA,NA,NA,NA,NA,NA,NA,NA,NA,0.00,NA,NA,NA
2025-01-03 12:00:00,371.07,535.77,40.00,132.69,103.10,NA,NA,1.59,22.39,NA,NA,NA,NA,NA,NA,NA,NA,NA,NA,NA,0.00,NA,NA,NA
2025-01-03 13:00:00,391.31,592.66,20.98,116.75,79.19,NA,NA,1.64,39.05,NA,NA,NA,NA,NA,NA,NA,NA,NA,NA,NA,0.00,NA,NA,NA
2025-01-03 14:00:00,448.39,630.53,14.91,85.14,57.44,NA,NA,1.40,63.71,NA,NA,NA,NA,NA,NA,NA,NA,NA,NA,NA,0.00,NA,NA,NA
2025-01-03 15:00:00,240.72,363.26,14.20,65.98,46.64,NA,NA,0.98,46.59,NA,NA,NA,NA,NA,NA,NA,NA,NA,NA,NA,0.00,NA,NA,NA
2025-01-03 16:00:00,157.51,265.46,16.87,76.90,54.59,NA,NA,0.97,22.59,NA,NA,NA,NA,NA,NA,NA,NA,NA,NA,NA,0.00,NA,NA,NA
2025-01-03 17:00:00,170.27,340.55,48.25,92.14,88.21,NA,NA,1.11,11.43,NA,NA,NA,NA,NA,NA,NA,NA,NA,NA,NA,0.00,NA,NA,NA
2025-01-03 18:00:00,185.51,348.84,97.19,67.35,114.74,NA,NA,1.23,10.23,NA,NA,NA,NA,NA,NA,NA,NA,NA,NA,NA,0.00,NA,NA,NA
2025-01-03 19:00:00,229.95,568.29,301.12,30.18,259.45,NA,NA,2.09,11.06,NA,NA,NA,NA,NA,NA,NA,NA,NA,NA,NA,0.00,NA,NA,NA
2025-01-03 20:00:00,273.96,941.67,356.92,14.05,297.91,NA,NA,2.44,11.75,NA,NA,NA,NA,NA,NA,NA,NA,NA,NA,NA,0.00,NA,NA,NA
2025-01-03 21:00:00,241.79,524.42,151.20,41.29,144.99,NA,NA,1.77,11.31,NA,NA,NA,NA,NA,NA,NA,NA,NA,NA,NA,0.00,NA,NA,NA
2025-01-03 22:00:00,231.30,422.36,139.36,39.08,134.06,NA,NA,1.90,11.90,NA,NA,NA,NA,NA,NA,NA,NA,NA,NA,NA,0.00,NA,NA,NA
2025-01-03 23:00:00,389.42,531.71,193.98,21.86,169.26,NA,NA,2.78,13.66,NA,NA,NA,NA,NA,NA,NA,NA,NA,NA,NA,0.00,NA,NA,NA
2025-01-04 00:00:00,334.61,480.96,151.91,26.16,137.28,NA,NA,2.02,10.47,NA,NA,NA,NA,NA,NA,NA,NA,NA,NA,NA,0.00,NA,NA,NA
2025-01-04 01:00:00,89.52,161.58,70.72,42.03,79.87,NA,NA,1.43,10.22,NA,NA,NA,NA,NA,NA,NA,NA,NA,NA,NA,0.00,NA,NA,NA
2025-01-04 02:00:00,76.27,128.23,58.18,41.67,69.48,NA,NA,1.35,9.97,NA,NA,NA,NA,NA,NA,NA,NA,NA,NA,NA,0.00,NA,NA,NA
2025-01-04 03:00:00,105.29,108.67,42.93,40.31,56.36,NA,NA,1.31,10.10,NA,NA,NA,NA,NA,NA,NA,NA,NA,NA,NA,0.00,NA,NA,NA
2025-01-04 04:00:00,82.55,95.22,39.10,24.92,45.06,NA,NA,1.21,10.12,NA,NA,NA,NA,NA,NA,NA,NA,NA,NA,NA,0.00,NA,NA,NA
2025-01-04 05:00:00,86.56,99.66,65.56,30.06,69.33,NA,NA,1.38,10.36,NA,NA,NA,NA,NA,NA,NA,NA,NA,NA,NA,0.00,NA,NA,NA
2025-01-04 06:00:00,104.03,155.50,107.59,24.95,100.78,NA,NA,1.55,10.17,NA,NA,NA,NA,NA,NA,NA,NA,NA,NA,NA,0.00,NA,NA,NA
2025-01-04 07:00:00,108.43,155.57,116.74,17.05,103.96,NA,NA,1.53,10.31,NA,NA,NA,NA,NA,NA,NA,NA,NA,NA,NA,0.00,NA,NA,NA
2025-01-04 08:00:00,103.45,152.17,112.71,21.00,102.85,NA,NA,1.90,14.07,NA,NA,NA,NA,NA,NA,NA,NA,NA,NA,NA,0.00,NA,NA,NA
2025-01-04 09:00:00,154.75,223.97,157.11,61.58,160.41,NA,NA,2.73,15.78,NA,NA,NA,NA,NA,NA,NA,NA,NA,NA,NA,0.00,NA,NA,NA
2025-01-04 10:00:00,160.07,251.86,107.82,62.74,120.99,NA,NA,2.86,10.45,NA,NA,NA,NA,NA,NA,NA,NA,NA,NA,NA,0.00,NA,NA,NA
2025-01-04 11:00:00,234.88,381.92,63.41,101.37,105.38,NA,NA,2.51,14.11,NA,NA,NA,NA,NA,NA,NA,NA,NA,NA,NA,0.00,NA,NA,NA
2025-01-04 12:00:00,379.91,518.16,25.88,141.56,96.32,NA,NA,2.39,41.96,NA,NA,NA,NA,NA,NA,NA,NA,NA,NA,NA,0.00,NA,NA,NA
2025-01-04 13:00:00,419.11,606.88,14.82,107.39,69.19,NA,NA,2.07,81.55,NA,NA,NA,NA,NA,NA,NA,NA,NA,NA,NA,0.00,NA,NA,NA
2025-01-04 14:00:00,369.13,536.63,13.00,95.44,61.33,NA,NA,1.83,103.74,NA,NA,NA,NA,NA,NA,NA,NA,NA,NA,NA,0.00,NA,NA,NA
2025-01-04 15:00:00,341.98,576.47,13.40,94.06,60.93,NA,NA,1.56,77.66,NA,NA,NA,NA,NA,NA,NA,NA,NA,NA,NA,0.00,NA,NA,NA
2025-01-04 16:00:00,276.23,503.34,15.46,93.60,62.35,NA,NA,1.44,52.86,NA,NA,NA,NA,NA,NA,NA,NA,NA,NA,NA,0.00,NA,NA,NA
2025-01-04 17:00:00,245.11,517.10,23.61,98.58,71.65,NA,NA,1.51,22.84,NA,NA,NA,NA,NA,NA,NA,NA,NA,NA,NA,0.00,NA,NA,NA
2025-01-04 18:00:00,286.09,447.79,21.77,71.17,55.57,NA,NA,1.56,17.84,NA,NA,NA,NA,NA,NA,NA,NA,NA,NA,NA,0.00,NA,NA,NA
2025-01-04 19:00:00,265.87,400.60,22.12,49.81,44.50,NA,NA,1.48,13.59,NA,NA,NA,NA,NA,NA,NA,NA,NA,NA,NA,0.00,NA,NA,NA
2025-01-04 20:00:00,240.03,377.43,25.60,43.86,44.15,NA,NA,1.43,11.96,NA,NA,NA,NA,NA,NA,NA,NA,NA,NA,NA,0.00,NA,NA,NA
2025-01-04 21:00:00,259.74,416.94,35.46,40.21,50.22,NA,NA,1.47,11.16,NA,NA,NA,NA,NA,NA,NA,NA,NA,NA,NA,0.00,NA,NA,NA
2025-01-04 22:00:00,279.04,414.93,26.68,37.19,41.47,NA,NA,1.30,11.38,NA,NA,NA,NA,NA,NA,NA,NA,NA,NA,NA,0.00,NA,NA,NA
2025-01-04 23:00:00,214.28,295.28,21.59,32.67,34.93,NA,NA,1.14,13.05,NA,NA,NA,NA,NA,NA,NA,NA,NA,NA,NA,0.00,NA,NA,NA
2025-01-05 00:00:00,170.86,295.62,21.92,29.87,33.71,NA,NA,1.05,12.70,NA,NA,NA,NA,NA,NA,NA,NA,NA,NA,NA,0.00,NA,NA,NA
2025-01-05 01:00:00,153.67,268.40,19.35,27.33,30.28,NA,NA,0.98,12.84,NA,NA,NA,NA,NA,NA,NA,NA,NA,NA,NA,0.00,NA,NA,NA
2025-01-05 02:00:00,128.35,241.58,22.80,25.83,32.28,NA,NA,0.92,12.16,NA,NA,NA,NA,NA,NA,NA,NA,NA,NA,NA,0.00,NA,NA,NA
2025-01-05 03:00:00,126.50,197.27,21.01,22.75,29.22,NA,NA,0.83,12.75,NA,NA,NA,NA,NA,NA,NA,NA,NA,NA,NA,0.00,NA,NA,NA
2025-01-05 04:00:00,116.45,145.10,26.04,21.56,32.64,NA,NA,0.82,11.17,NA,NA,NA,NA,NA,NA,NA,NA,NA,NA,NA,0.00,NA,NA,NA
2025-01-05 05:00:00,98.00,102.93,28.13,20.30,33.66,NA,NA,0.85,11.89,NA,NA,NA,NA,NA,NA,NA,NA,NA,NA,NA,0.00,NA,NA,NA
2025-01-05 06:00:00,102.00,252.42,33.11,18.35,36.69,NA,NA,0.80,11.07,NA,NA,NA,NA,NA,NA,NA,NA,NA,NA,NA,0.00,NA,NA,NA
2025-01-05 07:00:00,84.22,209.82,36.35,18.41,39.33,NA,NA,0.79,10.55,NA,NA,NA,NA,NA,NA,NA,NA,NA,NA,NA,0.00,NA,NA,NA
2025-01-05 08:00:00,82.43,163.91,26.84,16.11,30.39,NA,NA,0.73,11.91,NA,NA,NA,NA,NA,NA,NA,NA,NA,NA,NA,0.00,NA,NA,NA
2025-01-05 09:00:00,76.85,135.86,25.13,14.92,28.37,NA,NA,0.71,13.20,NA,NA,NA,NA,NA,NA,NA,NA,NA,NA,NA,0.00,NA,NA,NA
2025-01-05 10:00:00,85.50,135.52,24.97,18.17,29.96,NA,NA,0.68,15.72,NA,NA,NA,NA,NA,NA,NA,NA,NA,NA,NA,0.00,NA,NA,NA
2025-01-05 11:00:00,113.30,178.35,20.60,20.10,27.43,NA,NA,0.67,21.73,NA,NA,NA,NA,NA,NA,NA,NA,NA,NA,NA,0.00,NA,NA,NA
2025-01-05 12:00:00,114.11,195.03,17.89,28.78,29.84,NA,NA,0.66,33.98,NA,NA,NA,NA,NA,NA,NA,NA,NA,NA,NA,0.00,NA,NA,NA
2025-01-05 13:00:00,141.86,226.78,15.73,36.84,32.37,NA,NA,0.69,45.16,NA,NA,NA,NA,NA,NA,NA,NA,NA,NA,NA,0.00,NA,NA,NA
2025-01-05 14:00:00,174.82,247.12,14.04,38.00,31.62,NA,NA,0.65,53.60,NA,NA,NA,NA,NA,NA,NA,NA,NA,NA,NA,0.00,NA,NA,NA
2025-01-05 15:00:00,170.83,222.10,13.86,42.40,33.82,NA,NA,0.66,49.01,NA,NA,NA,NA,NA,NA,NA,NA,NA,NA,NA,0.00,NA,NA,NA
2025-01-05 16:00:00,169.21,137.64,18.58,51.30,42.40,NA,NA,0.69,31.34,NA,NA,NA,NA,NA,NA,NA,NA,NA,NA,NA,0.00,NA,NA,NA
2025-01-05 17:00:00,196.07,NA,23.25,53.33,47.28,NA,NA,0.69,16.84,NA,NA,NA,NA,NA,NA,NA,NA,NA,NA,NA,0.00,NA,NA,NA
2025-01-05 18:00:00,193.88,NA,18.33,41.63,37.06,NA,NA,0.77,17.52,NA,NA,NA,NA,NA,NA,NA,NA,NA,NA,NA,0.00,NA,NA,NA
2025-01-05 19:00:00,176.03,NA,24.43,35.02,38.50,NA,NA,0.87,12.98,NA,NA,NA,NA,NA,NA,NA,NA,NA,NA,NA,0.00,NA,NA,NA
2025-01-05 20:00:00,182.45,NA,28.40,30.62,39.38,NA,NA,0.90,12.02,NA,NA,NA,NA,NA,NA,NA,NA,NA,NA,NA,0.00,NA,NA,NA
2025-01-05 21:00:00,167.97,NA,21.79,31.76,34.60,NA,NA,0.83,13.17,NA,NA,NA,NA,NA,NA,NA,NA,NA,NA,NA,0.00,NA,NA,NA
2025-01-05 22:00:00,125.31,NA,34.75,33.88,46.28,NA,NA,0.74,10.73,NA,NA,NA,NA,NA,NA,NA,NA,NA,NA,NA,0.00,NA,NA,NA
2025-01-05 23:00:00,112.40,NA,73.50,27.48,74.52,NA,NA,0.88,10.76,NA,NA,NA,NA,NA,NA,NA,NA,NA,NA,NA,0.00,NA,NA,NA
2025-01-06 00:00:00,127.40,NA,145.97,14.68,126.19,NA,NA,1.12,11.32,NA,NA,NA,NA,NA,NA,NA,NA,NA,NA,NA,0.00,NA,NA,NA
2025-01-06 01:00:00,86.92,NA,20.36,24.04,29.33,NA,NA,0.66,17.28,NA,NA,NA,NA,NA,NA,NA,NA,NA,NA,NA,0.00,NA,NA,NA
2025-01-06 02:00:00,88.51,NA,20.22,23.08,28.72,NA,NA,0.66,15.72,NA,NA,NA,NA,NA,NA,NA,NA,NA,NA,NA,0.00,NA,NA,NA
2025-01-06 03:00:00,79.64,NA,22.82,23.31,30.99,NA,NA,0.66,14.90,NA,NA,NA,NA,NA,NA,NA,NA,NA,NA,NA,0.00,NA,NA,NA
2025-01-06 04:00:00,56.66,NA,24.10,26.05,33.42,NA,NA,0.63,15.20,NA,NA,NA,NA,NA,NA,NA,NA,NA,NA,NA,0.00,NA,NA,NA
2025-01-06 05:00:00,113.48,NA,19.88,27.38,30.74,NA,NA,0.63,15.77,NA,NA,NA,NA,NA,NA,NA,NA,NA,NA,NA,0.00,NA,NA,NA
2025-01-06 06:00:00,123.25,NA,23.49,31.86,36.03,NA,NA,0.64,15.63,NA,NA,NA,NA,NA,NA,NA,NA,NA,NA,NA,0.00,NA,NA,NA
2025-01-06 07:00:00,115.75,NA,28.92,34.55,41.90,NA,NA,0.65,15.28,NA,NA,NA,NA,NA,NA,NA,NA,NA,NA,NA,0.00,NA,NA,NA
2025-01-06 08:00:00,130.86,NA,46.34,32.08,54.75,NA,NA,0.72,10.99,NA,NA,NA,NA,NA,NA,NA,NA,NA,NA,NA,0.00,NA,NA,NA
2025-01-06 09:00:00,129.24,NA,55.09,56.39,74.84,NA,NA,1.17,13.43,NA,NA,NA,NA,NA,NA,NA,NA,NA,NA,NA,0.00,NA,NA,NA
2025-01-06 10:00:00,151.95,NA,59.40,48.84,74.22,NA,NA,1.59,13.61,NA,NA,NA,NA,NA,NA,NA,NA,NA,NA,NA,0.00,NA,NA,NA
2025-01-06 11:00:00,113.75,88.24,39.57,34.60,50.56,NA,NA,1.01,14.34,NA,NA,NA,NA,NA,NA,NA,NA,NA,NA,NA,0.00,NA,NA,NA
2025-01-06 12:00:00,106.45,326.56,21.54,40.64,39.14,NA,NA,0.74,21.02,NA,NA,NA,NA,NA,NA,NA,NA,NA,NA,NA,0.00,NA,NA,NA
2025-01-06 13:00:00,117.47,274.95,18.99,35.11,34.08,NA,NA,0.62,30.81,NA,NA,NA,NA,NA,NA,NA,NA,NA,NA,NA,0.00,NA,NA,NA
2025-01-06 14:00:00,124.05,186.61,16.35,30.39,29.46,NA,NA,0.63,31.83,NA,NA,NA,NA,NA,NA,NA,NA,NA,NA,NA,0.00,NA,NA,NA
2025-01-06 15:00:00,114.25,164.23,16.53,32.64,30.80,NA,NA,0.63,30.95,NA,NA,NA,NA,NA,NA,NA,NA,NA,NA,NA,0.00,NA,NA,NA
2025-01-06 16:00:00,121.30,188.65,17.64,35.34,33.16,NA,NA,0.67,23.73,NA,NA,NA,NA,NA,NA,NA,NA,NA,NA,NA,0.00,NA,NA,NA
2025-01-06 17:00:00,113.05,223.14,19.53,34.93,34.44,NA,NA,0.68,21.73,NA,NA,NA,NA,NA,NA,NA,NA,NA,NA,NA,0.00,NA,NA,NA
2025-01-06 18:00:00,122.55,201.40,16.66,32.06,30.61,NA,NA,0.64,23.52,NA,NA,NA,NA,NA,NA,NA,NA,NA,NA,NA,0.00,NA,NA,NA
2025-01-06 19:00:00,119.59,199.70,16.43,33.02,30.94,NA,NA,0.61,22.15,NA,NA,NA,NA,NA,NA,NA,NA,NA,NA,NA,0.00,NA,NA,NA
2025-01-06 20:00:00,125.99,219.33,17.87,33.37,32.26,NA,NA,0.64,21.23,NA,NA,NA,NA,NA,NA,NA,NA,NA,NA,NA,0.00,NA,NA,NA
2025-01-06 21:00:00,124.36,254.67,16.18,31.46,29.91,NA,NA,0.59,23.59,NA,NA,NA,NA,NA,NA,NA,NA,NA,NA,NA,0.00,NA,NA,NA
2025-01-06 22:00:00,145.22,200.21,17.61,33.02,31.88,NA,NA,0.61,22.23,NA,NA,NA,NA,NA,NA,NA,NA,NA,NA,NA,0.00,NA,NA,NA
2025-01-06 23:00:00,113.94,178.09,17.36,29.15,29.62,NA,NA,0.57,23.05,NA,NA,NA,NA,NA,NA,NA,NA,NA,NA,NA,0.00,NA,NA,NA
2025-01-07 00:00:00,101.02,145.83,15.84,26.74,27.10,NA,NA,0.53,23.71,NA,NA,NA,NA,NA,NA,NA,NA,NA,NA,NA,0.00,NA,NA,NA
2025-01-07 01:00:00,80.14,136.15,14.50,22.54,23.77,NA,NA,0.49,25.99,NA,NA,NA,NA,NA,NA,NA,NA,NA,NA,NA,0.00,NA,NA,NA
2025-01-07 02:00:00,75.05,144.37,13.51,21.57,22.46,NA,NA,0.51,24.76,NA,NA,NA,NA,NA,NA,NA,NA,NA,NA,NA,0.00,NA,NA,NA
2025-01-07 03:00:00,68.05,158.02,14.37,24.59,24.77,NA,NA,0.50,24.65,NA,NA,NA,NA,NA,NA,NA,NA,NA,NA,NA,0.00,NA,NA,NA
2025-01-07 04:00:00,71.06,165.77,14.78,25.33,25.48,NA,NA,0.46,27.67,NA,NA,NA,NA,NA,NA,NA,NA,NA,NA,NA,0.00,NA,NA,NA
2025-01-07 05:00:00,92.19,162.38,14.05,22.67,23.49,NA,NA,0.43,32.40,NA,NA,NA,NA,NA,NA,NA,NA,NA,NA,NA,0.00,NA,NA,NA
2025-01-07 06:00:00,103.24,166.64,14.81,24.82,25.25,NA,NA,0.44,28.92,NA,NA,NA,NA,NA,NA,NA,NA,NA,NA,NA,0.00,NA,NA,NA
2025-01-07 07:00:00,104.16,181.13,16.29,31.55,30.03,NA,NA,0.50,28.48,NA,NA,NA,NA,NA,NA,NA,NA,NA,NA,NA,0.00,NA,NA,NA
2025-01-07 08:00:00,134.59,204.85,17.73,37.15,34.23,NA,NA,0.64,35.58,NA,NA,NA,NA,NA,NA,NA,NA,NA,NA,NA,0.00,NA,NA,NA
2025-01-07 09:00:00,175.72,238.65,20.29,37.89,36.59,NA,NA,0.79,34.29,NA,NA,NA,NA,NA,NA,NA,NA,NA,NA,NA,0.00,NA,NA,NA
2025-01-07 10:00:00,168.37,243.11,17.62,30.96,30.79,NA,NA,0.70,29.44,NA,NA,NA,NA,NA,NA,NA,NA,NA,NA,NA,0.00,NA,NA,NA
2025-01-07 11:00:00,133.68,241.16,19.24,31.39,32.34,NA,NA,0.68,32.88,NA,NA,NA,NA,NA,NA,NA,NA,NA,NA,NA,0.00,NA,NA,NA
2025-01-07 12:00:00,136.62,237.65,16.70,26.11,27.46,NA,NA,0.54,37.09,NA,NA,NA,NA,NA,NA,NA,NA,NA,NA,NA,0.00,NA,NA,NA
2025-01-07 13:00:00,172.24,236.27,31.74,43.15,48.76,NA,NA,0.92,37.05,NA,NA,NA,NA,NA,NA,NA,NA,NA,NA,NA,0.00,NA,NA,NA
2025-01-07 14:00:00,160.97,211.19,17.09,30.23,29.97,NA,NA,1.48,37.19,NA,NA,NA,NA,NA,NA,NA,NA,NA,NA,NA,0.00,NA,NA,NA
2025-01-07 15:00:00,155.91,225.45,15.19,27.66,27.00,NA,NA,1.31,48.82,NA,NA,NA,NA,NA,NA,NA,NA,NA,NA,NA,0.00,NA,NA,NA
2025-01-07 16:00:00,NA,NA,NA,NA,NA,NA,NA,NA,NA,NA,NA,NA,NA,NA,NA,NA,NA,NA,NA,NA,0.00,NA,NA,NA
2025-01-07 17:00:00,NA,NA,NA,NA,NA,NA,NA,NA,NA,NA,NA,NA,NA,NA,NA,NA,NA,NA,NA,NA,0.00,NA,NA,NA
2025-01-07 18:00:00,NA,NA,NA,NA,NA,NA,NA,NA,NA,NA,NA,NA,NA,NA,NA,NA,NA,NA,NA,NA,0.00,NA,NA,NA
2025-01-07 19:00:00,NA,NA,NA,NA,NA,NA,NA,NA,NA,NA,NA,NA,NA,NA,NA,NA,NA,NA,NA,NA,0.00,NA,NA,NA
2025-01-07 20:00:00,NA,NA,NA,NA,NA,NA,NA,NA,NA,NA,NA,NA,NA,NA,NA,NA,NA,NA,NA,NA,0.00,NA,NA,NA
2025-01-07 21:00:00,NA,NA,NA,NA,NA,NA,NA,NA,NA,NA,NA,NA,NA,NA,NA,NA,NA,NA,NA,NA,0.00,NA,NA,NA
2025-01-07 22:00:00,160.10,322.30,58.22,40.77,69.06,NA,NA,2.05,10.54,NA,NA,NA,NA,NA,NA,NA,NA,NA,NA,NA,0.00,NA,NA,NA
2025-01-07 23:00:00,139.16,262.69,60.69,36.34,68.65,NA,NA,1.83,10.52,NA,NA,NA,NA,NA,NA,NA,NA,NA,NA,NA,0.00,NA,NA,NA
2025-01-08 00:00:00,146.33,240.99,88.09,34.54,89.99,NA,NA,1.76,10.36,NA,NA,NA,NA,NA,NA,NA,NA,NA,NA,NA,0.00,NA,NA,NA
2025-01-08 01:00:00,152.24,224.05,58.51,40.47,69.13,NA,NA,1.70,10.41,NA,NA,NA,NA,NA,NA,NA,NA,NA,NA,NA,0.00,NA,NA,NA
2025-01-08 02:00:00,121.40,194.30,30.50,43.52,47.95,NA,NA,1.47,10.51,NA,NA,NA,NA,NA,NA,NA,NA,NA,NA,NA,0.00,NA,NA,NA
2025-01-08 03:00:00,133.73,206.61,37.55,37.95,50.72,NA,NA,1.28,10.39,NA,NA,NA,NA,NA,NA,NA,NA,NA,NA,NA,0.00,NA,NA,NA
2025-01-08 04:00:00,129.22,199.86,50.75,30.24,57.32,NA,NA,1.21,10.15,NA,NA,NA,NA,NA,NA,NA,NA,NA,NA,NA,0.00,NA,NA,NA
2025-01-08 05:00:00,100.02,159.81,33.38,35.27,45.93,NA,NA,1.18,10.76,NA,NA,NA,NA,NA,NA,NA,NA,NA,NA,NA,0.00,NA,NA,NA
2025-01-08 06:00:00,100.22,148.02,35.08,35.66,47.47,NA,NA,1.06,10.44,NA,NA,NA,NA,NA,NA,NA,NA,NA,NA,NA,0.00,NA,NA,NA
2025-01-08 07:00:00,94.22,146.38,41.46,38.41,54.14,NA,NA,0.98,11.20,NA,NA,NA,NA,NA,NA,NA,NA,NA,NA,NA,0.00,NA,NA,NA
2025-01-08 08:00:00,85.28,142.78,56.42,45.75,70.18,NA,NA,1.03,14.03,NA,NA,NA,NA,NA,NA,NA,NA,NA,NA,NA,0.00,NA,NA,NA
2025-01-08 09:00:00,69.08,149.01,35.57,41.80,51.19,NA,NA,1.05,23.37,NA,NA,NA,NA,NA,NA,NA,NA,NA,NA,NA,0.00,NA,NA,NA
2025-01-08 10:00:00,90.36,155.19,25.21,41.09,42.37,NA,NA,0.95,34.02,NA,NA,NA,NA,NA,NA,NA,NA,NA,NA,NA,0.00,NA,NA,NA
2025-01-08 11:00:00,79.91,152.31,21.24,40.33,38.74,NA,NA,0.88,45.41,NA,NA,NA,NA,NA,NA,NA,NA,NA,NA,NA,0.00,NA,NA,NA
2025-01-08 12:00:00,65.33,143.34,14.32,33.01,29.21,NA,NA,0.81,66.23,NA,NA,NA,NA,NA,NA,NA,NA,NA,NA,NA,0.00,NA,NA,NA
2025-01-08 13:00:00,58.08,135.62,12.11,29.89,25.74,NA,NA,0.74,84.34,NA,NA,NA,NA,NA,NA,NA,NA,NA,NA,NA,0.00,NA,NA,NA
2025-01-08 14:00:00,61.64,115.73,12.05,37.01,29.48,NA,NA,0.68,83.98,NA,NA,NA,NA,NA,NA,NA,NA,NA,NA,NA,0.00,NA,NA,NA
2025-01-08 15:00:00,47.16,100.67,11.91,43.35,32.74,NA,NA,0.66,76.99,NA,NA,NA,NA,NA,NA,NA,NA,NA,NA,NA,0.00,NA,NA,NA
2025-01-08 16:00:00,48.99,106.64,11.30,43.37,32.24,NA,NA,0.63,69.67,NA,NA,NA,NA,NA,NA,NA,NA,NA,NA,NA,0.00,NA,NA,NA
2025-01-08 17:00:00,59.08,120.88,12.09,55.29,39.25,NA,NA,0.63,45.99,NA,NA,NA,NA,NA,NA,NA,NA,NA,NA,NA,0.00,NA,NA,NA
2025-01-08 18:00:00,58.55,122.08,14.61,61.34,44.47,NA,NA,0.66,33.40,NA,NA,NA,NA,NA,NA,NA,NA,NA,NA,NA,0.00,NA,NA,NA
2025-01-08 19:00:00,85.27,146.30,16.18,77.19,54.23,NA,NA,0.73,19.59,NA,NA,NA,NA,NA,NA,NA,NA,NA,NA,NA,0.00,NA,NA,NA
2025-01-08 20:00:00,116.25,185.00,40.26,75.74,72.98,NA,NA,0.85,12.04,NA,NA,NA,NA,NA,NA,NA,NA,NA,NA,NA,0.00,NA,NA,NA
2025-01-08 21:00:00,122.40,216.13,88.89,65.39,107.01,NA,NA,1.05,10.69,NA,NA,NA,NA,NA,NA,NA,NA,NA,NA,NA,0.00,NA,NA,NA
2025-01-08 22:00:00,146.43,388.15,187.99,54.68,181.78,NA,NA,1.38,11.65,NA,NA,NA,NA,NA,NA,NA,NA,NA,NA,NA,0.00,NA,NA,NA
2025-01-08 23:00:00,156.47,468.29,178.72,56.70,175.54,NA,NA,1.96,11.11,NA,NA,NA,NA,NA,NA,NA,NA,NA,NA,NA,0.00,NA,NA,NA
2025-01-09 00:00:00,182.02,381.22,217.23,49.55,202.86,NA,NA,2.24,11.94,NA,NA,NA,NA,NA,NA,NA,NA,NA,NA,NA,0.00,NA,NA,NA
2025-01-09 01:00:00,197.72,464.55,315.80,24.95,269.84,NA,NA,2.71,10.85,NA,NA,NA,NA,NA,NA,NA,NA,NA,NA,NA,0.00,NA,NA,NA
2025-01-09 02:00:00,268.49,816.87,438.09,4.59,357.12,NA,NA,3.31,11.10,NA,NA,NA,NA,NA,NA,NA,NA,NA,NA,NA,0.00,NA,NA,NA
2025-01-09 03:00:00,246.74,726.53,359.26,22.87,298.78,NA,NA,3.94,10.80,NA,NA,NA,NA,NA,NA,NA,NA,NA,NA,NA,0.00,NA,NA,NA
2025-01-09 04:00:00,197.93,407.50,385.79,15.22,326.70,NA,NA,3.61,11.09,NA,NA,NA,NA,NA,NA,NA,NA,NA,NA,NA,0.00,NA,NA,NA
2025-01-09 05:00:00,238.76,692.26,492.82,NA,409.88,NA,NA,3.82,10.80,NA,NA,NA,NA,NA,NA,NA,NA,NA,NA,NA,0.00,NA,NA,NA
2025-01-09 06:00:00,259.68,634.81,455.62,2.18,433.46,NA,NA,4.18,11.25,NA,NA,NA,NA,NA,NA,NA,NA,NA,NA,NA,0.00,NA,NA,NA
2025-01-09 07:00:00,230.97,706.29,352.48,16.68,364.63,NA,NA,4.61,10.83,NA,NA,NA,NA,NA,NA,NA,NA,NA,NA,NA,0.00,NA,NA,NA
2025-01-09 08:00:00,183.28,353.66,238.60,37.77,214.25,NA,NA,4.07,10.47,NA,NA,NA,NA,NA,NA,NA,NA,NA,NA,NA,0.00,NA,NA,NA
2025-01-09 09:00:00,148.79,266.57,74.71,82.08,104.50,NA,NA,3.05,13.29,NA,NA,NA,NA,NA,NA,NA,NA,NA,NA,NA,0.00,NA,NA,NA
2025-01-09 10:00:00,118.80,263.86,37.23,86.30,76.19,NA,NA,2.24,38.79,NA,NA,NA,NA,NA,NA,NA,NA,NA,NA,NA,0.00,NA,NA,NA
2025-01-09 11:00:00,164.84,258.32,28.85,104.40,78.96,NA,NA,1.71,53.05,NA,NA,NA,NA,NA,NA,NA,NA,NA,NA,NA,0.00,NA,NA,NA
2025-01-09 12:00:00,146.45,246.83,25.12,105.74,76.68,NA,NA,1.45,68.07,NA,NA,NA,NA,NA,NA,NA,NA,NA,NA,NA,0.00,NA,NA,NA
2025-01-09 13:00:00,111.00,201.78,20.41,84.02,61.33,NA,NA,1.29,78.41,NA,NA,NA,NA,NA,NA,NA,NA,NA,NA,NA,0.00,NA,NA,NA
2025-01-09 14:00:00,102.83,160.91,17.83,88.87,61.73,NA,NA,1.13,91.94,NA,NA,NA,NA,NA,NA,NA,NA,NA,NA,NA,0.00,NA,NA,NA
2025-01-09 15:00:00,278.19,463.45,19.59,120.06,79.78,NA,NA,1.47,64.58,NA,NA,NA,NA,NA,NA,NA,NA,NA,NA,NA,0.00,NA,NA,NA
2025-01-09 16:00:00,268.43,472.50,23.18,132.70,89.40,NA,NA,1.82,45.43,NA,NA,NA,NA,NA,NA,NA,NA,NA,NA,NA,0.00,NA,NA,NA
2025-01-09 17:00:00,280.28,522.72,68.79,131.85,125.95,NA,NA,1.91,15.20,NA,NA,NA,NA,NA,NA,NA,NA,NA,NA,NA,0.00,NA,NA,NA
2025-01-09 18:00:00,254.34,569.60,133.42,103.01,163.29,NA,NA,2.17,10.65,NA,NA,NA,NA,NA,NA,NA,NA,NA,NA,NA,0.00,NA,NA,NA
2025-01-09 19:00:00,258.03,649.46,153.75,80.79,167.96,NA,NA,2.52,10.99,NA,NA,NA,NA,NA,NA,NA,NA,NA,NA,NA,0.00,NA,NA,NA
2025-01-09 20:00:00,312.77,683.83,243.69,59.67,229.66,NA,NA,2.86,12.52,NA,NA,NA,NA,NA,NA,NA,NA,NA,NA,NA,0.00,NA,NA,NA
2025-01-09 21:00:00,369.43,827.41,310.79,52.97,280.90,NA,NA,3.44,12.00,NA,NA,NA,NA,NA,NA,NA,NA,NA,NA,NA,0.00,NA,NA,NA
2025-01-09 22:00:00,360.06,702.90,262.90,48.26,239.49,NA,NA,3.98,12.96,NA,NA,NA,NA,NA,NA,NA,NA,NA,NA,NA,0.00,NA,NA,NA
2025-01-09 23:00:00,397.87,663.37,273.50,37.29,242.16,NA,NA,4.48,11.61,NA,NA,NA,NA,NA,NA,NA,NA,NA,NA,NA,0.00,NA,NA,NA
2025-01-10 00:00:00,370.77,634.46,272.72,31.24,238.28,NA,NA,4.48,10.87,NA,NA,NA,NA,NA,NA,NA,NA,NA,NA,NA,0.00,NA,NA,NA
2025-01-10 01:00:00,353.00,659.11,295.51,21.10,251.57,NA,NA,4.41,10.58,NA,NA,NA,NA,NA,NA,NA,NA,NA,NA,NA,0.00,NA,NA,NA
2025-01-10 02:00:00,381.11,740.17,285.10,10.28,237.26,NA,NA,4.35,10.58,NA,NA,NA,NA,NA,NA,NA,NA,NA,NA,NA,0.00,NA,NA,NA
2025-01-10 03:00:00,311.87,594.96,209.35,16.68,179.19,NA,NA,4.05,9.96,NA,NA,NA,NA,NA,NA,NA,NA,NA,NA,NA,0.00,NA,NA,NA
2025-01-10 04:00:00,227.14,454.21,113.48,23.74,105.03,NA,NA,3.40,10.27,NA,NA,NA,NA,NA,NA,NA,NA,NA,NA,NA,0.00,NA,NA,NA
2025-01-10 05:00:00,146.48,165.29,26.05,29.18,36.70,NA,NA,2.48,16.29,NA,NA,NA,NA,NA,NA,NA,NA,NA,NA,NA,0.00,NA,NA,NA
2025-01-10 06:00:00,127.21,169.16,23.35,29.13,34.48,NA,NA,1.75,22.06,NA,NA,NA,NA,NA,NA,NA,NA,NA,NA,NA,0.00,NA,NA,NA
2025-01-10 07:00:00,120.12,177.15,23.46,32.17,36.20,NA,NA,1.39,22.32,NA,NA,NA,NA,NA,NA,NA,NA,NA,NA,NA,0.00,NA,NA,NA
2025-01-10 08:00:00,110.07,160.44,33.87,42.45,50.03,NA,NA,1.23,24.87,NA,NA,NA,NA,NA,NA,NA,NA,NA,NA,NA,0.00,NA,NA,NA
2025-01-10 09:00:00,115.43,196.80,51.66,66.44,77.40,NA,NA,2.04,23.25,NA,NA,NA,NA,NA,NA,NA,NA,NA,NA,NA,0.00,NA,NA,NA
2025-01-10 10:00:00,137.36,224.08,33.28,43.08,50.00,NA,NA,2.70,20.61,NA,NA,NA,NA,NA,NA,NA,NA,NA,NA,NA,0.00,NA,NA,NA
2025-01-10 11:00:00,171.70,275.56,30.45,43.33,47.78,NA,NA,2.27,28.54,NA,NA,NA,NA,NA,NA,NA,NA,NA,NA,NA,0.00,NA,NA,NA
2025-01-10 12:00:00,183.91,300.87,23.33,54.34,47.88,NA,NA,2.04,49.90,NA,NA,NA,NA,NA,NA,NA,NA,NA,NA,NA,0.00,NA,NA,NA
2025-01-10 13:00:00,223.43,294.83,16.74,52.52,41.56,NA,NA,1.83,69.69,NA,NA,NA,NA,NA,NA,NA,NA,NA,NA,NA,0.00,NA,NA,NA
2025-01-10 14:00:00,205.89,334.78,16.67,54.56,42.55,NA,NA,1.69,68.31,NA,NA,NA,NA,NA,NA,NA,NA,NA,NA,NA,0.00,NA,NA,NA
2025-01-10 15:00:00,176.44,318.09,18.16,63.32,48.45,NA,NA,1.54,56.68,NA,NA,NA,NA,NA,NA,NA,NA,NA,NA,NA,0.00,NA,NA,NA
2025-01-10 16:00:00,160.68,296.07,23.57,61.77,52.00,NA,NA,1.42,40.40,NA,NA,NA,NA,NA,NA,NA,NA,NA,NA,NA,0.00,NA,NA,NA
2025-01-10 17:00:00,159.20,307.87,28.82,59.00,54.80,NA,NA,1.37,27.12,NA,NA,NA,NA,NA,NA,NA,NA,NA,NA,NA,0.00,NA,NA,NA
2025-01-10 18:00:00,207.31,353.68,55.42,58.17,76.01,NA,NA,1.41,11.52,NA,NA,NA,NA,NA,NA,NA,NA,NA,NA,NA,0.00,NA,NA,NA
2025-01-10 19:00:00,210.77,312.68,34.46,48.14,53.60,NA,NA,1.55,12.12,NA,NA,NA,NA,NA,NA,NA,NA,NA,NA,NA,0.00,NA,NA,NA
2025-01-10 20:00:00,221.21,376.53,104.53,41.95,107.27,NA,NA,1.74,11.80,NA,NA,NA,NA,NA,NA,NA,NA,NA,NA,NA,0.00,NA,NA,NA
2025-01-10 21:00:00,209.11,395.87,65.76,40.18,74.82,NA,NA,2.04,11.09,NA,NA,NA,NA,NA,NA,NA,NA,NA,NA,NA,0.00,NA,NA,NA
2025-01-10 22:00:00,212.78,379.88,100.74,30.72,98.29,NA,NA,2.24,10.91,NA,NA,NA,NA,NA,NA,NA,NA,NA,NA,NA,0.00,NA,NA,NA
2025-01-10 23:00:00,235.84,348.65,33.92,38.66,48.17,NA,NA,2.23,11.16,NA,NA,NA,NA,NA,NA,NA,NA,NA,NA,NA,0.00,NA,NA,NA
2025-01-11 00:00:00,155.16,205.28,24.00,34.94,38.11,NA,NA,1.83,16.30,NA,NA,NA,NA,NA,NA,NA,NA,NA,NA,NA,0.00,NA,NA,NA
2025-01-11 01:00:00,119.79,174.20,18.66,32.63,32.54,NA,NA,1.49,21.21,NA,NA,NA,NA,NA,NA,NA,NA,NA,NA,NA,0.00,NA,NA,NA
2025-01-11 02:00:00,115.52,188.98,17.98,29.14,30.12,NA,NA,1.33,23.72,NA,NA,NA,NA,NA,NA,NA,NA,NA,NA,NA,0.00,NA,NA,NA
2025-01-11 03:00:00,111.84,205.99,14.47,24.90,25.02,NA,NA,1.17,44.44,NA,NA,NA,NA,NA,NA,NA,NA,NA,NA,NA,0.00,NA,NA,NA
2025-01-11 04:00:00,104.81,184.77,13.96,24.34,24.29,NA,NA,1.04,46.08,NA,NA,NA,NA,NA,NA,NA,NA,NA,NA,NA,0.00,NA,NA,NA
2025-01-11 05:00:00,102.79,160.83,14.55,27.10,26.24,NA,NA,0.96,45.11,NA,NA,NA,NA,NA,NA,NA,NA,NA,NA,NA,0.00,NA,NA,NA
2025-01-11 06:00:00,128.60,175.04,13.95,25.79,25.04,NA,NA,0.94,45.87,NA,NA,NA,NA,NA,NA,NA,NA,NA,NA,NA,0.00,NA,NA,NA
2025-01-11 07:00:00,122.88,175.98,16.80,32.33,30.87,NA,NA,0.94,37.73,NA,NA,NA,NA,NA,NA,NA,NA,NA,NA,NA,0.00,NA,NA,NA
2025-01-11 08:00:00,126.39,187.66,43.32,63.03,68.67,NA,NA,0.95,37.81,NA,NA,NA,NA,NA,NA,NA,NA,NA,NA,NA,0.00,NA,NA,NA
2025-01-11 09:00:00,118.71,170.79,26.27,43.46,44.56,NA,NA,2.16,38.52,NA,NA,NA,NA,NA,NA,NA,NA,NA,NA,NA,0.00,NA,NA,NA
2025-01-11 10:00:00,124.42,186.07,72.32,75.43,98.91,NA,NA,2.25,40.13,NA,NA,NA,NA,NA,NA,NA,NA,NA,NA,NA,0.00,NA,NA,NA
2025-01-11 11:00:00,129.02,222.03,16.76,31.81,30.56,NA,NA,2.10,56.06,NA,NA,NA,NA,NA,NA,NA,NA,NA,NA,NA,0.00,NA,NA,NA
2025-01-11 12:00:00,127.77,221.05,75.68,91.74,110.21,NA,NA,1.69,68.26,NA,NA,NA,NA,NA,NA,NA,NA,NA,NA,NA,0.00,NA,NA,NA
2025-01-11 13:00:00,161.22,246.66,106.29,121.24,150.97,NA,NA,2.43,41.09,NA,NA,NA,NA,NA,NA,NA,NA,NA,NA,NA,0.00,NA,NA,NA
2025-01-11 14:00:00,185.79,233.02,33.81,51.56,54.94,NA,NA,2.74,37.36,NA,NA,NA,NA,NA,NA,NA,NA,NA,NA,NA,0.00,NA,NA,NA
2025-01-11 15:00:00,150.67,205.34,29.35,53.27,52.18,NA,NA,2.54,33.13,NA,NA,NA,NA,NA,NA,NA,NA,NA,NA,NA,0.00,NA,NA,NA
2025-01-11 16:00:00,143.30,235.05,25.67,49.58,47.27,NA,NA,2.18,20.05,NA,NA,NA,NA,NA,NA,NA,NA,NA,NA,NA,0.00,NA,NA,NA
2025-01-11 17:00:00,128.94,197.66,27.72,48.35,48.23,NA,NA,1.85,14.60,NA,NA,NA,NA,NA,NA,NA,NA,NA,NA,NA,0.00,NA,NA,NA
2025-01-11 18:00:00,108.12,166.55,26.50,47.30,46.69,NA,NA,1.56,17.89,NA,NA,NA,NA,NA,NA,NA,NA,NA,NA,NA,0.00,NA,NA,NA
2025-01-11 19:00:00,93.22,174.76,44.50,57.44,66.76,NA,NA,1.36,16.68,NA,NA,NA,NA,NA,NA,NA,NA,NA,NA,NA,0.00,NA,NA,NA
2025-01-11 20:00:00,66.45,143.89,26.95,57.50,52.47,NA,NA,1.22,16.90,NA,NA,NA,NA,NA,NA,NA,NA,NA,NA,NA,0.00,NA,NA,NA
2025-01-11 21:00:00,100.65,129.32,45.32,52.13,64.53,NA,NA,1.21,11.70,NA,NA,NA,NA,NA,NA,NA,NA,NA,NA,NA,0.00,NA,NA,NA
2025-01-11 22:00:00,104.05,125.87,74.49,47.47,85.75,NA,NA,1.33,10.25,NA,NA,NA,NA,NA,NA,NA,NA,NA,NA,NA,0.00,NA,NA,NA
2025-01-11 23:00:00,103.42,125.23,122.69,36.35,119.09,NA,NA,1.52,10.18,NA,NA,NA,NA,NA,NA,NA,NA,NA,NA,NA,0.00,NA,NA,NA
2025-01-12 00:00:00,83.26,116.51,110.64,36.72,109.50,NA,NA,1.53,9.95,NA,NA,NA,NA,NA,NA,NA,NA,NA,NA,NA,0.00,NA,NA,NA
2025-01-12 01:00:00,77.26,120.81,150.29,29.72,137.91,NA,NA,1.50,10.30,NA,NA,NA,NA,NA,NA,NA,NA,NA,NA,NA,0.00,NA,NA,NA
2025-01-12 02:00:00,66.61,116.56,115.46,30.35,110.18,NA,NA,1.65,10.21,NA,NA,NA,NA,NA,NA,NA,NA,NA,NA,NA,0.00,NA,NA,NA
2025-01-12 03:00:00,71.84,112.91,115.97,23.97,106.96,NA,NA,1.55,10.45,NA,NA,NA,NA,NA,NA,NA,NA,NA,NA,NA,0.00,NA,NA,NA
2025-01-12 04:00:00,69.19,128.58,104.82,24.91,98.54,NA,NA,1.57,10.30,NA,NA,NA,NA,NA,NA,NA,NA,NA,NA,NA,0.00,NA,NA,NA
2025-01-12 05:00:00,62.31,127.98,58.68,38.45,68.17,NA,NA,1.38,10.02,NA,NA,NA,NA,NA,NA,NA,NA,NA,NA,NA,0.00,NA,NA,NA
2025-01-12 06:00:00,84.85,137.36,54.17,41.33,66.01,NA,NA,1.10,10.86,NA,NA,NA,NA,NA,NA,NA,NA,NA,NA,NA,0.00,NA,NA,NA
2025-01-12 07:00:00,80.35,129.85,54.88,38.87,65.29,NA,NA,0.97,10.43,NA,NA,NA,NA,NA,NA,NA,NA,NA,NA,NA,0.00,NA,NA,NA
2025-01-12 08:00:00,94.02,146.42,76.07,36.03,81.03,NA,NA,0.96,10.68,NA,NA,NA,NA,NA,NA,NA,NA,NA,NA,NA,0.00,NA,NA,NA
2025-01-12 09:00:00,93.04,170.54,45.66,37.39,57.01,NA,NA,1.04,11.73,NA,NA,NA,NA,NA,NA,NA,NA,NA,NA,NA,0.00,NA,NA,NA
2025-01-12 10:00:00,94.89,160.84,47.65,45.84,63.10,NA,NA,1.03,16.50,NA,NA,NA,NA,NA,NA,NA,NA,NA,NA,NA,0.00,NA,NA,NA
2025-01-12 11:00:00,128.05,224.55,34.75,51.19,55.52,NA,NA,1.12,19.44,NA,NA,NA,NA,NA,NA,NA,NA,NA,NA,NA,0.00,NA,NA,NA
2025-01-12 12:00:00,97.84,212.46,25.21,45.34,44.64,NA,NA,1.08,26.11,NA,NA,NA,NA,NA,NA,NA,NA,NA,NA,NA,0.00,NA,NA,NA
2025-01-12 13:00:00,89.99,177.38,25.93,40.20,42.43,NA,NA,0.99,34.39,NA,NA,NA,NA,NA,NA,NA,NA,NA,NA,NA,0.00,NA,NA,NA
2025-01-12 14:00:00,90.71,165.82,16.82,33.28,31.40,NA,NA,0.94,45.99,NA,NA,NA,NA,NA,NA,NA,NA,NA,NA,NA,0.00,NA,NA,NA
2025-01-12 15:00:00,83.36,128.42,14.83,34.47,30.41,NA,NA,0.82,45.45,NA,NA,NA,NA,NA,NA,NA,NA,NA,NA,NA,0.00,NA,NA,NA
2025-01-12 16:00:00,102.67,139.90,14.61,37.51,31.83,NA,NA,0.80,40.46,NA,NA,NA,NA,NA,NA,NA,NA,NA,NA,NA,0.00,NA,NA,NA
2025-01-12 17:00:00,109.36,139.16,18.42,48.38,40.70,NA,NA,0.80,24.65,NA,NA,NA,NA,NA,NA,NA,NA,NA,NA,NA,0.00,NA,NA,NA
2025-01-12 18:00:00,110.24,179.62,22.15,45.17,42.03,NA,NA,0.86,19.13,NA,NA,NA,NA,NA,NA,NA,NA,NA,NA,NA,0.00,NA,NA,NA
2025-01-12 19:00:00,127.68,196.95,24.03,50.04,46.13,NA,NA,1.01,15.99,NA,NA,NA,NA,NA,NA,NA,NA,NA,NA,NA,0.00,NA,NA,NA
2025-01-12 20:00:00,136.45,208.90,38.22,51.10,58.26,NA,NA,1.18,11.82,NA,NA,NA,NA,NA,NA,NA,NA,NA,NA,NA,0.00,NA,NA,NA
2025-01-12 21:00:00,136.27,206.71,29.22,46.34,48.42,NA,NA,1.36,12.40,NA,NA,NA,NA,NA,NA,NA,NA,NA,NA,NA,0.00,NA,NA,NA
2025-01-12 22:00:00,133.45,207.07,26.44,41.62,43.62,NA,NA,1.45,12.03,NA,NA,NA,NA,NA,NA,NA,NA,NA,NA,NA,0.00,NA,NA,NA
2025-01-12 23:00:00,112.76,221.27,38.38,36.06,50.39,NA,NA,1.37,10.40,NA,NA,NA,NA,NA,NA,NA,NA,NA,NA,NA,0.00,NA,NA,NA
2025-01-13 00:00:00,117.35,183.29,37.92,33.75,48.76,NA,NA,1.24,10.44,NA,NA,NA,NA,NA,NA,NA,NA,NA,NA,NA,0.00,NA,NA,NA
2025-01-13 01:00:00,149.00,210.13,27.80,30.15,38.67,NA,NA,1.21,10.89,NA,NA,NA,NA,NA,NA,NA,NA,NA,NA,NA,0.00,NA,NA,NA
2025-01-13 02:00:00,108.30,150.28,22.16,24.04,30.80,NA,NA,1.07,12.34,NA,NA,NA,NA,NA,NA,NA,NA,NA,NA,NA,0.00,NA,NA,NA
2025-01-13 03:00:00,74.87,114.59,17.70,25.34,27.89,NA,NA,0.87,15.58,NA,NA,NA,NA,NA,NA,NA,NA,NA,NA,NA,0.00,NA,NA,NA
2025-01-13 04:00:00,75.14,113.05,14.64,21.82,23.50,NA,NA,0.74,19.37,NA,NA,NA,NA,NA,NA,NA,NA,NA,NA,NA,0.00,NA,NA,NA
2025-01-13 05:00:00,58.93,142.28,28.69,25.53,36.91,NA,NA,0.68,14.61,NA,NA,NA,NA,NA,NA,NA,NA,NA,NA,NA,0.00,NA,NA,NA
2025-01-13 06:00:00,73.27,137.41,24.11,24.65,32.72,NA,NA,0.69,17.46,NA,NA,NA,NA,NA,NA,NA,NA,NA,NA,NA,0.00,NA,NA,NA
2025-01-13 07:00:00,69.56,158.82,25.80,22.65,32.98,NA,NA,0.66,17.11,NA,NA,NA,NA,NA,NA,NA,NA,NA,NA,NA,0.00,NA,NA,NA
2025-01-13 08:00:00,69.63,113.36,33.10,26.16,40.81,NA,NA,0.64,17.89,NA,NA,NA,NA,NA,NA,NA,NA,NA,NA,NA,0.00,NA,NA,NA
2025-01-13 09:00:00,132.82,193.78,65.90,33.39,71.35,NA,NA,1.21,16.15,NA,NA,NA,NA,NA,NA,NA,NA,NA,NA,NA,0.00,NA,NA,NA
2025-01-13 10:00:00,90.27,149.30,34.14,21.97,39.49,NA,NA,1.62,17.27,NA,NA,NA,NA,NA,NA,NA,NA,NA,NA,NA,0.00,NA,NA,NA
2025-01-13 11:00:00,67.51,107.95,26.37,21.45,32.84,NA,NA,1.80,19.68,NA,NA,NA,NA,NA,NA,NA,NA,NA,NA,NA,0.00,NA,NA,NA
2025-01-13 12:00:00,67.47,97.09,22.32,21.69,29.67,NA,NA,1.53,25.90,NA,NA,NA,NA,NA,NA,NA,NA,NA,NA,NA,0.00,NA,NA,NA
2025-01-13 13:00:00,65.48,131.20,20.53,24.97,29.98,NA,NA,1.17,30.84,NA,NA,NA,NA,NA,NA,NA,NA,NA,NA,NA,0.00,NA,NA,NA
2025-01-13 14:00:00,82.28,131.60,20.44,29.02,32.06,NA,NA,0.95,32.73,NA,NA,NA,NA,NA,NA,NA,NA,NA,NA,NA,0.00,NA,NA,NA
2025-01-13 15:00:00,78.81,127.95,15.53,25.81,26.36,NA,NA,0.81,37.48,NA,NA,NA,NA,NA,NA,NA,NA,NA,NA,NA,0.00,NA,NA,NA
2025-01-13 16:00:00,78.52,127.08,14.91,30.01,28.08,NA,NA,0.77,33.73,NA,NA,NA,NA,NA,NA,NA,NA,NA,NA,NA,0.00,NA,NA,NA
2025-01-13 17:00:00,69.48,113.56,15.01,33.04,29.78,NA,NA,0.76,26.95,NA,NA,NA,NA,NA,NA,NA,NA,NA,NA,NA,0.00,NA,NA,NA
2025-01-13 18:00:00,87.78,112.25,19.18,41.50,37.60,NA,NA,0.79,17.41,NA,NA,NA,NA,NA,NA,NA,NA,NA,NA,NA,0.00,NA,NA,NA
2025-01-13 19:00:00,88.06,141.20,45.41,47.78,62.35,NA,NA,0.87,14.42,NA,NA,NA,NA,NA,NA,NA,NA,NA,NA,NA,0.00,NA,NA,NA
2025-01-13 20:00:00,93.93,163.04,38.39,46.33,55.89,NA,NA,0.97,14.77,NA,NA,NA,NA,NA,NA,NA,NA,NA,NA,NA,0.00,NA,NA,NA
2025-01-13 21:00:00,76.06,150.16,25.97,36.22,40.39,NA,NA,0.95,13.51,NA,NA,NA,NA,NA,NA,NA,NA,NA,NA,NA,0.00,NA,NA,NA
2025-01-13 22:00:00,80.28,135.32,27.55,38.46,42.83,NA,NA,0.94,11.31,NA,NA,NA,NA,NA,NA,NA,NA,NA,NA,NA,0.00,NA,NA,NA
2025-01-13 23:00:00,83.29,127.13,39.02,33.97,49.80,NA,NA,0.99,10.52,NA,NA,NA,NA,NA,NA,NA,NA,NA,NA,NA,0.00,NA,NA,NA
2025-01-14 00:00:00,69.00,120.90,36.43,34.52,47.97,NA,NA,0.99,11.01,NA,NA,NA,NA,NA,NA,NA,NA,NA,NA,NA,0.00,NA,NA,NA
2025-01-14 01:00:00,67.72,120.82,28.81,30.45,39.65,NA,NA,0.94,12.46,NA,NA,NA,NA,NA,NA,NA,NA,NA,NA,NA,0.00,NA,NA,NA
2025-01-14 02:00:00,71.12,115.56,28.28,35.34,41.78,NA,NA,0.86,12.17,NA,NA,NA,NA,NA,NA,NA,NA,NA,NA,NA,0.00,NA,NA,NA
2025-01-14 03:00:00,71.24,121.95,22.68,36.75,37.99,NA,NA,0.89,13.42,NA,NA,NA,NA,NA,NA,NA,NA,NA,NA,NA,0.00,NA,NA,NA
2025-01-14 04:00:00,63.27,133.24,25.07,33.77,38.35,NA,NA,0.87,13.15,NA,NA,NA,NA,NA,NA,NA,NA,NA,NA,NA,0.00,NA,NA,NA
2025-01-14 05:00:00,66.65,136.78,16.85,29.42,29.35,NA,NA,0.88,19.72,NA,NA,NA,NA,NA,NA,NA,NA,NA,NA,NA,0.00,NA,NA,NA
2025-01-14 06:00:00,86.96,148.25,19.83,28.34,31.20,NA,NA,0.84,20.28,NA,NA,NA,NA,NA,NA,NA,NA,NA,NA,NA,0.00,NA,NA,NA
2025-01-14 07:00:00,90.17,143.56,24.58,29.27,35.51,NA,NA,0.83,21.06,NA,NA,NA,NA,NA,NA,NA,NA,NA,NA,NA,0.00,NA,NA,NA
2025-01-14 08:00:00,90.02,145.64,31.79,30.77,42.22,NA,NA,0.85,20.49,NA,NA,NA,NA,NA,NA,NA,NA,NA,NA,NA,0.00,NA,NA,NA
2025-01-14 09:00:00,100.23,157.36,41.32,39.63,54.68,NA,NA,0.86,25.13,NA,NA,NA,NA,NA,NA,NA,NA,NA,NA,NA,0.00,NA,NA,NA
2025-01-14 10:00:00,106.63,161.82,31.07,30.79,41.68,NA,NA,1.31,29.00,NA,NA,NA,NA,NA,NA,NA,NA,NA,NA,NA,0.00,NA,NA,NA
2025-01-14 11:00:00,80.36,130.97,19.81,28.72,31.37,NA,NA,1.48,37.40,NA,NA,NA,NA,NA,NA,NA,NA,NA,NA,NA,0.00,NA,NA,NA
2025-01-14 12:00:00,90.35,140.03,15.14,30.80,28.69,NA,NA,1.34,52.88,NA,NA,NA,NA,NA,NA,NA,NA,NA,NA,NA,0.00,NA,NA,NA
2025-01-14 13:00:00,97.54,179.14,14.43,38.10,31.99,NA,NA,1.15,59.11,NA,NA,NA,NA,NA,NA,NA,NA,NA,NA,NA,0.00,NA,NA,NA
2025-01-14 14:00:00,100.77,168.39,13.00,40.21,31.94,NA,NA,1.08,71.24,NA,NA,NA,NA,NA,NA,NA,NA,NA,NA,NA,0.00,NA,NA,NA
2025-01-14 15:00:00,80.95,143.93,12.13,43.52,33.02,NA,NA,1.01,67.56,NA,NA,NA,NA,NA,NA,NA,NA,NA,NA,NA,0.00,NA,NA,NA
2025-01-14 16:00:00,101.50,171.48,11.73,51.96,37.17,NA,NA,0.94,55.48,NA,NA,NA,NA,NA,NA,NA,NA,NA,NA,NA,0.00,NA,NA,NA
2025-01-14 17:00:00,135.19,199.91,13.58,69.38,47.92,NA,NA,0.97,37.49,NA,NA,NA,NA,NA,NA,NA,NA,NA,NA,NA,0.00,NA,NA,NA
2025-01-14 18:00:00,127.87,234.10,60.38,81.01,92.11,NA,NA,1.09,13.87,NA,NA,NA,NA,NA,NA,NA,NA,NA,NA,NA,0.00,NA,NA,NA
2025-01-14 19:00:00,146.91,295.06,130.47,65.51,140.76,NA,NA,1.35,11.10,NA,NA,NA,NA,NA,NA,NA,NA,NA,NA,NA,0.00,NA,NA,NA
2025-01-14 20:00:00,209.71,491.12,252.36,38.11,225.39,NA,NA,1.99,11.74,NA,NA,NA,NA,NA,NA,NA,NA,NA,NA,NA,0.00,NA,NA,NA
2025-01-14 21:00:00,234.93,613.70,349.82,28.07,299.26,NA,NA,2.86,12.95,NA,NA,NA,NA,NA,NA,NA,NA,NA,NA,NA,0.00,NA,NA,NA
2025-01-14 22:00:00,370.41,702.17,350.78,25.06,298.50,NA,NA,4.01,15.44,NA,NA,NA,NA,NA,NA,NA,NA,NA,NA,NA,0.00,NA,NA,NA
2025-01-14 23:00:00,400.04,703.47,345.63,18.59,289.58,NA,NA,5.43,12.68,NA,NA,NA,NA,NA,NA,NA,NA,NA,NA,NA,0.00,NA,NA,NA
2025-01-15 00:00:00,368.51,617.13,330.31,19.30,275.62,NA,NA,5.51,11.47,NA,NA,NA,NA,NA,NA,NA,NA,NA,NA,NA,0.00,NA,NA,NA
2025-01-15 01:00:00,337.33,552.29,233.59,22.87,202.22,NA,NA,5.15,10.55,NA,NA,NA,NA,NA,NA,NA,NA,NA,NA,NA,0.00,NA,NA,NA
2025-01-15 02:00:00,283.00,515.89,308.33,9.75,249.94,NA,NA,4.42,10.51,NA,NA,NA,NA,NA,NA,NA,NA,NA,NA,NA,0.00,NA,NA,NA
2025-01-15 03:00:00,294.81,617.98,434.05,NA,354.31,NA,NA,4.47,11.01,NA,NA,NA,NA,NA,NA,NA,NA,NA,NA,NA,0.00,NA,NA,NA
2025-01-15 04:00:00,338.12,668.49,448.94,NA,359.10,NA,NA,4.89,10.30,NA,NA,NA,NA,NA,NA,NA,NA,NA,NA,NA,0.00,NA,NA,NA
2025-01-15 05:00:00,280.45,557.70,257.73,14.66,250.22,NA,NA,4.88,10.56,NA,NA,NA,NA,NA,NA,NA,NA,NA,NA,NA,0.00,NA,NA,NA
2025-01-15 06:00:00,258.64,356.65,242.65,11.95,203.60,NA,NA,3.97,10.59,NA,NA,NA,NA,NA,NA,NA,NA,NA,NA,NA,0.00,NA,NA,NA
2025-01-15 07:00:00,238.75,337.64,313.04,9.09,259.27,NA,NA,3.57,10.96,NA,NA,NA,NA,NA,NA,NA,NA,NA,NA,NA,0.00,NA,NA,NA
2025-01-15 08:00:00,233.83,348.97,322.51,20.23,272.93,NA,NA,3.67,14.19,NA,NA,NA,NA,NA,NA,NA,NA,NA,NA,NA,0.00,NA,NA,NA
2025-01-15 09:00:00,256.44,445.76,209.48,59.81,202.17,NA,NA,4.77,23.04,NA,NA,NA,NA,NA,NA,NA,NA,NA,NA,NA,0.00,NA,NA,NA
2025-01-15 10:00:00,273.18,378.96,130.88,54.71,135.71,NA,NA,5.87,12.60,NA,NA,NA,NA,NA,NA,NA,NA,NA,NA,NA,0.00,NA,NA,NA
2025-01-15 11:00:00,242.79,379.10,59.29,50.80,75.28,NA,NA,4.91,11.01,NA,NA,NA,NA,NA,NA,NA,NA,NA,NA,NA,0.00,NA,NA,NA
2025-01-15 12:00:00,209.82,327.77,26.22,50.20,48.07,NA,NA,3.47,19.44,NA,NA,NA,NA,NA,NA,NA,NA,NA,NA,NA,0.00,NA,NA,NA
2025-01-15 13:00:00,183.47,272.95,18.47,53.96,43.72,NA,NA,2.57,30.61,NA,NA,NA,NA,NA,NA,NA,NA,NA,NA,NA,0.00,NA,NA,NA
2025-01-15 14:00:00,198.85,244.93,15.15,47.50,37.58,NA,NA,2.01,46.44,NA,NA,NA,NA,NA,NA,NA,NA,NA,NA,NA,0.00,NA,NA,NA
2025-01-15 15:00:00,178.65,258.68,12.99,44.36,34.15,NA,NA,1.67,57.66,NA,NA,NA,NA,NA,NA,NA,NA,NA,NA,NA,0.00,NA,NA,NA
2025-01-15 16:00:00,167.35,231.96,13.17,43.69,33.95,NA,NA,1.43,47.83,NA,NA,NA,NA,NA,NA,NA,NA,NA,NA,NA,0.00,NA,NA,NA
2025-01-15 17:00:00,132.61,185.93,14.94,42.30,34.63,NA,NA,1.17,32.88,NA,NA,NA,NA,NA,NA,NA,NA,NA,NA,NA,0.00,NA,NA,NA
2025-01-15 18:00:00,143.41,212.44,22.81,48.08,44.12,NA,NA,1.12,15.90,NA,NA,NA,NA,NA,NA,NA,NA,NA,NA,NA,0.00,NA,NA,NA
2025-01-15 19:00:00,155.30,273.15,24.60,40.97,41.79,NA,NA,1.27,13.44,NA,NA,NA,NA,NA,NA,NA,NA,NA,NA,NA,0.00,NA,NA,NA
2025-01-15 20:00:00,195.63,242.64,26.95,35.87,40.98,NA,NA,1.36,12.45,NA,NA,NA,NA,NA,NA,NA,NA,NA,NA,NA,0.00,NA,NA,NA
2025-01-15 21:00:00,188.41,227.33,27.49,31.40,39.06,NA,NA,1.37,12.13,NA,NA,NA,NA,NA,NA,NA,NA,NA,NA,NA,0.00,NA,NA,NA
2025-01-15 22:00:00,161.19,210.63,25.08,30.70,36.72,NA,NA,1.34,13.30,NA,NA,NA,NA,NA,NA,NA,NA,NA,NA,NA,0.00,NA,NA,NA
2025-01-15 23:00:00,129.57,208.77,27.29,32.47,39.47,NA,NA,1.23,12.70,NA,NA,NA,NA,NA,NA,NA,NA,NA,NA,NA,0.00,NA,NA,NA
2025-01-16 00:00:00,112.57,194.12,34.33,31.00,44.40,NA,NA,1.22,10.49,NA,NA,NA,NA,NA,NA,NA,NA,NA,NA,NA,0.00,NA,NA,NA
2025-01-16 01:00:00,115.72,170.32,34.97,28.76,43.76,NA,NA,1.21,10.05,NA,NA,NA,NA,NA,NA,NA,NA,NA,NA,NA,0.00,NA,NA,NA
2025-01-16 02:00:00,102.41,147.15,47.19,26.67,52.52,NA,NA,1.21,9.58,NA,NA,NA,NA,NA,NA,NA,NA,NA,NA,NA,0.00,NA,NA,NA
2025-01-16 03:00:00,105.46,134.32,30.92,23.83,37.83,NA,NA,1.13,9.89,NA,NA,NA,NA,NA,NA,NA,NA,NA,NA,NA,0.00,NA,NA,NA
2025-01-16 04:00:00,112.53,124.02,46.34,22.71,49.79,NA,NA,1.07,9.63,NA,NA,NA,NA,NA,NA,NA,NA,NA,NA,NA,0.00,NA,NA,NA
2025-01-16 05:00:00,107.95,144.14,46.74,26.52,52.06,NA,NA,1.10,9.90,NA,NA,NA,NA,NA,NA,NA,NA,NA,NA,NA,0.00,NA,NA,NA
2025-01-16 06:00:00,104.62,147.10,49.37,30.76,56.51,NA,NA,1.06,9.71,NA,NA,NA,NA,NA,NA,NA,NA,NA,NA,NA,0.00,NA,NA,NA
2025-01-16 07:00:00,98.64,124.62,47.74,27.12,53.25,NA,NA,1.04,9.67,NA,NA,NA,NA,NA,NA,NA,NA,NA,NA,NA,0.00,NA,NA,NA
2025-01-16 08:00:00,84.38,110.95,61.44,27.39,64.54,NA,NA,1.07,9.82,NA,NA,NA,NA,NA,NA,NA,NA,NA,NA,NA,0.00,NA,NA,NA
2025-01-16 09:00:00,96.01,119.90,64.72,40.00,73.86,NA,NA,1.23,10.95,NA,NA,NA,NA,NA,NA,NA,NA,NA,NA,NA,0.00,NA,NA,NA
2025-01-16 10:00:00,114.79,137.34,46.62,40.31,59.31,NA,NA,2.06,11.51,NA,NA,NA,NA,NA,NA,NA,NA,NA,NA,NA,0.00,NA,NA,NA
2025-01-16 11:00:00,115.08,141.78,23.56,37.02,38.85,NA,NA,2.07,14.34,NA,NA,NA,NA,NA,NA,NA,NA,NA,NA,NA,0.00,NA,NA,NA
2025-01-16 12:00:00,113.04,164.57,27.94,49.56,49.07,NA,NA,1.70,16.06,NA,NA,NA,NA,NA,NA,NA,NA,NA,NA,NA,0.00,NA,NA,NA
2025-01-16 13:00:00,111.57,180.96,29.76,57.31,54.67,NA,NA,1.39,19.10,NA,NA,NA,NA,NA,NA,NA,NA,NA,NA,NA,0.00,NA,NA,NA
2025-01-16 14:00:00,116.15,188.76,18.22,47.50,40.07,NA,NA,1.21,32.75,NA,NA,NA,NA,NA,NA,NA,NA,NA,NA,NA,0.00,NA,NA,NA
2025-01-16 15:00:00,128.21,179.93,17.20,59.78,45.77,NA,NA,1.09,29.26,NA,NA,NA,NA,NA,NA,NA,NA,NA,NA,NA,0.00,NA,NA,NA
2025-01-16 16:00:00,127.99,186.91,18.61,75.30,55.18,NA,NA,1.09,21.36,NA,NA,NA,NA,NA,NA,NA,NA,NA,NA,NA,0.00,NA,NA,NA
2025-01-16 17:00:00,115.37,220.49,47.40,84.90,83.74,NA,NA,1.11,12.39,NA,NA,NA,NA,NA,NA,NA,NA,NA,NA,NA,0.00,NA,NA,NA
2025-01-16 18:00:00,90.95,267.19,66.76,70.13,91.63,NA,NA,1.18,10.25,NA,NA,NA,NA,NA,NA,NA,NA,NA,NA,NA,0.00,NA,NA,NA
2025-01-16 19:00:00,101.98,410.31,136.75,61.27,143.74,NA,NA,1.45,10.62,NA,NA,NA,NA,NA,NA,NA,NA,NA,NA,NA,0.00,NA,NA,NA
2025-01-16 20:00:00,168.40,401.64,64.72,75.56,92.77,NA,NA,1.96,12.66,NA,NA,NA,NA,NA,NA,NA,NA,NA,NA,NA,0.00,NA,NA,NA
2025-01-16 21:00:00,206.84,377.36,98.18,62.57,113.33,NA,NA,2.30,11.30,NA,NA,NA,NA,NA,NA,NA,NA,NA,NA,NA,0.00,NA,NA,NA
2025-01-16 22:00:00,247.50,437.45,100.13,54.08,109.99,NA,NA,2.75,10.31,NA,NA,NA,NA,NA,NA,NA,NA,NA,NA,NA,0.00,NA,NA,NA
2025-01-16 23:00:00,192.81,351.68,90.30,41.49,95.51,NA,NA,2.60,9.79,NA,NA,NA,NA,NA,NA,NA,NA,NA,NA,NA,0.00,NA,NA,NA
2025-01-17 00:00:00,153.69,319.57,75.46,37.51,81.35,NA,NA,2.31,9.65,NA,NA,NA,NA,NA,NA,NA,NA,NA,NA,NA,0.00,NA,NA,NA
2025-01-17 01:00:00,141.87,278.90,78.88,35.35,82.86,NA,NA,2.03,9.51,NA,NA,NA,NA,NA,NA,NA,NA,NA,NA,NA,0.00,NA,NA,NA
2025-01-17 02:00:00,118.45,225.33,56.82,34.78,64.68,NA,NA,1.71,9.98,NA,NA,NA,NA,NA,NA,NA,NA,NA,NA,NA,0.00,NA,NA,NA
2025-01-17 03:00:00,111.43,226.03,47.95,35.85,58.05,NA,NA,1.54,9.65,NA,NA,NA,NA,NA,NA,NA,NA,NA,NA,NA,0.00,NA,NA,NA
2025-01-17 04:00:00,102.22,161.71,29.27,33.25,41.47,NA,NA,1.31,10.45,NA,NA,NA,NA,NA,NA,NA,NA,NA,NA,NA,0.00,NA,NA,NA
2025-01-17 05:00:00,104.12,131.85,25.21,29.60,36.25,NA,NA,1.07,11.58,NA,NA,NA,NA,NA,NA,NA,NA,NA,NA,NA,0.00,NA,NA,NA
2025-01-17 06:00:00,87.93,157.00,28.48,27.11,37.58,NA,NA,0.96,13.37,NA,NA,NA,NA,NA,NA,NA,NA,NA,NA,NA,0.00,NA,NA,NA
2025-01-17 07:00:00,79.68,136.84,28.46,29.44,38.79,NA,NA,0.92,13.00,NA,NA,NA,NA,NA,NA,NA,NA,NA,NA,NA,0.00,NA,NA,NA
2025-01-17 08:00:00,78.23,142.72,30.81,32.63,42.41,NA,NA,0.97,11.97,NA,NA,NA,NA,NA,NA,NA,NA,NA,NA,NA,0.00,NA,NA,NA
2025-01-17 09:00:00,132.13,213.37,36.94,46.65,54.84,NA,NA,1.42,16.26,NA,NA,NA,NA,NA,NA,NA,NA,NA,NA,NA,0.00,NA,NA,NA
2025-01-17 10:00:00,120.03,183.00,22.44,30.18,34.30,NA,NA,2.50,20.82,NA,NA,NA,NA,NA,NA,NA,NA,NA,NA,NA,0.00,NA,NA,NA
2025-01-17 11:00:00,96.44,148.67,21.63,26.97,31.92,NA,NA,1.92,27.92,NA,NA,NA,NA,NA,NA,NA,NA,NA,NA,NA,0.00,NA,NA,NA
2025-01-17 12:00:00,93.33,161.30,20.43,26.34,30.62,NA,NA,1.29,32.36,NA,NA,NA,NA,NA,NA,NA,NA,NA,NA,NA,0.00,NA,NA,NA
2025-01-17 13:00:00,75.20,144.25,19.80,27.98,30.99,NA,NA,1.03,35.50,NA,NA,NA,NA,NA,NA,NA,NA,NA,NA,NA,0.00,NA,NA,NA
2025-01-17 14:00:00,73.00,127.10,19.10,30.26,31.62,NA,NA,0.87,36.59,NA,NA,NA,NA,NA,NA,NA,NA,NA,NA,NA,0.00,NA,NA,NA
2025-01-17 15:00:00,68.22,125.45,15.75,27.62,27.50,NA,NA,0.84,41.27,NA,NA,NA,NA,NA,NA,NA,NA,NA,NA,NA,0.00,NA,NA,NA
2025-01-17 16:00:00,74.58,111.06,14.51,26.97,26.15,NA,NA,0.79,39.29,NA,NA,NA,NA,NA,NA,NA,NA,NA,NA,NA,0.00,NA,NA,NA
2025-01-17 17:00:00,95.08,122.02,16.69,36.26,32.86,NA,NA,0.80,27.17,NA,NA,NA,NA,NA,NA,NA,NA,NA,NA,NA,0.00,NA,NA,NA
2025-01-17 18:00:00,96.89,129.16,17.27,33.46,31.85,NA,NA,0.82,20.93,NA,NA,NA,NA,NA,NA,NA,NA,NA,NA,NA,0.00,NA,NA,NA
2025-01-17 19:00:00,97.64,161.84,27.89,38.76,43.29,NA,NA,0.90,12.00,NA,NA,NA,NA,NA,NA,NA,NA,NA,NA,NA,0.00,NA,NA,NA
2025-01-17 20:00:00,102.32,180.19,29.75,35.40,43.04,NA,NA,1.00,11.78,NA,NA,NA,NA,NA,NA,NA,NA,NA,NA,NA,0.00,NA,NA,NA
2025-01-17 21:00:00,120.84,214.20,30.78,30.98,41.48,NA,NA,1.14,12.40,NA,NA,NA,NA,NA,NA,NA,NA,NA,NA,NA,0.00,NA,NA,NA
2025-01-17 22:00:00,105.93,180.51,28.75,31.83,40.31,NA,NA,1.12,11.88,NA,NA,NA,NA,NA,NA,NA,NA,NA,NA,NA,0.00,NA,NA,NA
2025-01-17 23:00:00,93.28,151.77,18.62,28.22,30.13,NA,NA,1.02,17.19,NA,NA,NA,NA,NA,NA,NA,NA,NA,NA,NA,0.00,NA,NA,NA
2025-01-18 00:00:00,92.69,152.37,18.99,27.51,30.07,NA,NA,0.85,16.85,NA,NA,NA,NA,NA,NA,NA,NA,NA,NA,NA,0.00,NA,NA,NA
2025-01-18 01:00:00,85.58,179.08,16.45,23.22,25.72,NA,NA,0.78,18.38,NA,NA,NA,NA,NA,NA,NA,NA,NA,NA,NA,0.00,NA,NA,NA
2025-01-18 02:00:00,87.38,156.03,19.11,23.74,28.18,NA,NA,0.75,18.69,NA,NA,NA,NA,NA,NA,NA,NA,NA,NA,NA,0.00,NA,NA,NA
2025-01-18 03:00:00,93.77,153.50,25.13,27.59,35.12,NA,NA,0.70,15.75,NA,NA,NA,NA,NA,NA,NA,NA,NA,NA,NA,0.00,NA,NA,NA
2025-01-18 04:00:00,77.91,133.93,19.06,26.02,29.31,NA,NA,0.70,18.96,NA,NA,NA,NA,NA,NA,NA,NA,NA,NA,NA,0.00,NA,NA,NA
2025-01-18 05:00:00,64.42,108.63,17.35,21.84,25.72,NA,NA,0.64,22.05,NA,NA,NA,NA,NA,NA,NA,NA,NA,NA,NA,0.00,NA,NA,NA
2025-01-18 06:00:00,88.29,145.57,26.18,27.49,35.94,NA,NA,0.64,16.15,NA,NA,NA,NA,NA,NA,NA,NA,NA,NA,NA,0.00,NA,NA,NA
2025-01-18 07:00:00,81.24,129.35,25.45,23.38,33.11,NA,NA,0.68,19.76,NA,NA,NA,NA,NA,NA,NA,NA,NA,NA,NA,0.00,NA,NA,NA
2025-01-18 08:00:00,67.72,135.91,27.51,30.46,38.57,NA,NA,0.69,19.10,NA,NA,NA,NA,NA,NA,NA,NA,NA,NA,NA,0.00,NA,NA,NA
2025-01-18 09:00:00,64.91,128.39,30.86,24.38,38.07,NA,NA,1.16,21.04,NA,NA,NA,NA,NA,NA,NA,NA,NA,NA,NA,0.00,NA,NA,NA
2025-01-18 10:00:00,62.87,119.16,26.98,28.86,37.29,NA,NA,1.03,23.37,NA,NA,NA,NA,NA,NA,NA,NA,NA,NA,NA,0.00,NA,NA,NA
2025-01-18 11:00:00,67.63,150.97,25.34,38.71,41.19,NA,NA,0.88,28.94,NA,NA,NA,NA,NA,NA,NA,NA,NA,NA,NA,0.00,NA,NA,NA
2025-01-18 12:00:00,74.76,138.17,19.22,42.00,37.95,NA,NA,0.88,41.61,NA,NA,NA,NA,NA,NA,NA,NA,NA,NA,NA,0.00,NA,NA,NA
2025-01-18 13:00:00,82.14,158.78,14.97,33.52,29.99,NA,NA,0.85,54.61,NA,NA,NA,NA,NA,NA,NA,NA,NA,NA,NA,0.00,NA,NA,NA
2025-01-18 14:00:00,87.22,182.86,13.29,39.78,31.98,NA,NA,0.84,84.51,NA,NA,NA,NA,NA,NA,NA,NA,NA,NA,NA,0.00,NA,NA,NA
2025-01-18 15:00:00,112.93,219.66,12.77,44.52,34.07,NA,NA,0.87,71.15,NA,NA,NA,NA,NA,NA,NA,NA,NA,NA,NA,0.00,NA,NA,NA
2025-01-18 16:00:00,126.75,231.51,14.97,60.80,44.51,NA,NA,0.94,54.84,NA,NA,NA,NA,NA,NA,NA,NA,NA,NA,NA,0.00,NA,NA,NA
2025-01-18 17:00:00,193.10,324.74,17.03,67.32,49.66,NA,NA,1.09,46.34,NA,NA,NA,NA,NA,NA,NA,NA,NA,NA,NA,0.00,NA,NA,NA
2025-01-18 18:00:00,177.66,311.86,29.66,78.04,65.70,NA,NA,1.14,21.60,NA,NA,NA,NA,NA,NA,NA,NA,NA,NA,NA,0.00,NA,NA,NA
2025-01-18 19:00:00,151.88,340.55,101.13,67.12,117.93,NA,NA,1.36,9.81,NA,NA,NA,NA,NA,NA,NA,NA,NA,NA,NA,0.00,NA,NA,NA
2025-01-18 20:00:00,143.42,375.43,142.04,54.09,144.31,NA,NA,1.65,9.98,NA,NA,NA,NA,NA,NA,NA,NA,NA,NA,NA,0.00,NA,NA,NA
2025-01-18 21:00:00,175.51,564.84,196.47,41.64,181.97,NA,NA,2.06,10.98,NA,NA,NA,NA,NA,NA,NA,NA,NA,NA,NA,0.00,NA,NA,NA
2025-01-18 22:00:00,255.91,740.40,290.66,21.56,247.83,NA,NA,2.87,11.05,NA,NA,NA,NA,NA,NA,NA,NA,NA,NA,NA,0.00,NA,NA,NA
2025-01-18 23:00:00,267.66,833.16,326.82,15.12,273.71,NA,NA,3.51,10.36,NA,NA,NA,NA,NA,NA,NA,NA,NA,NA,NA,0.00,NA,NA,NA
2025-01-19 00:00:00,192.22,664.99,168.97,30.41,153.43,NA,NA,3.40,10.19,NA,NA,NA,NA,NA,NA,NA,NA,NA,NA,NA,0.00,NA,NA,NA
2025-01-19 01:00:00,188.67,444.90,163.96,29.62,149.04,NA,NA,2.71,10.42,NA,NA,NA,NA,NA,NA,NA,NA,NA,NA,NA,0.00,NA,NA,NA
2025-01-19 02:00:00,181.02,386.20,144.22,34.74,135.79,NA,NA,2.46,10.37,NA,NA,NA,NA,NA,NA,NA,NA,NA,NA,NA,0.00,NA,NA,NA
2025-01-19 03:00:00,226.56,521.32,268.67,8.86,222.82,NA,NA,2.51,10.53,NA,NA,NA,NA,NA,NA,NA,NA,NA,NA,NA,0.00,NA,NA,NA
2025-01-19 04:00:00,230.56,772.38,261.15,11.36,216.80,NA,NA,2.94,9.93,NA,NA,NA,NA,NA,NA,NA,NA,NA,NA,NA,0.00,NA,NA,NA
2025-01-19 05:00:00,170.72,363.68,209.97,10.43,175.96,NA,NA,2.62,9.73,NA,NA,NA,NA,NA,NA,NA,NA,NA,NA,NA,0.00,NA,NA,NA
2025-01-19 06:00:00,202.64,476.57,308.71,1.37,248.14,NA,NA,2.67,10.14,NA,NA,NA,NA,NA,NA,NA,NA,NA,NA,NA,0.00,NA,NA,NA
2025-01-19 07:00:00,191.94,420.28,373.30,1.27,299.85,NA,NA,3.04,10.54,NA,NA,NA,NA,NA,NA,NA,NA,NA,NA,NA,0.00,NA,NA,NA
2025-01-19 08:00:00,214.96,615.65,324.19,34.69,272.53,NA,NA,3.75,11.22,NA,NA,NA,NA,NA,NA,NA,NA,NA,NA,NA,0.00,NA,NA,NA
2025-01-19 09:00:00,278.67,534.39,158.67,78.19,170.58,NA,NA,3.43,11.24,NA,NA,NA,NA,NA,NA,NA,NA,NA,NA,NA,0.00,NA,NA,NA
2025-01-19 10:00:00,274.61,413.72,88.58,106.23,128.52,NA,NA,2.84,15.28,NA,NA,NA,NA,NA,NA,NA,NA,NA,NA,NA,0.00,NA,NA,NA
2025-01-19 11:00:00,203.72,287.91,42.41,86.18,80.37,NA,NA,2.16,38.99,NA,NA,NA,NA,NA,NA,NA,NA,NA,NA,NA,0.00,NA,NA,NA
2025-01-19 12:00:00,128.41,200.13,30.60,71.79,63.07,NA,NA,1.59,65.42,NA,NA,NA,NA,NA,NA,NA,NA,NA,NA,NA,0.00,NA,NA,NA
2025-01-19 13:00:00,122.72,229.24,24.87,73.59,59.37,NA,NA,1.35,90.97,NA,NA,NA,NA,NA,NA,NA,NA,NA,NA,NA,0.00,NA,NA,NA
2025-01-19 14:00:00,95.57,188.12,20.85,64.62,51.33,NA,NA,1.21,103.06,NA,NA,NA,NA,NA,NA,NA,NA,NA,NA,NA,0.00,NA,NA,NA
2025-01-19 15:00:00,90.88,184.96,18.95,60.93,47.81,NA,NA,1.09,89.10,NA,NA,NA,NA,NA,NA,NA,NA,NA,NA,NA,0.00,NA,NA,NA
2025-01-19 16:00:00,76.29,173.53,19.30,63.53,49.48,NA,NA,1.00,61.38,NA,NA,NA,NA,NA,NA,NA,NA,NA,NA,NA,0.00,NA,NA,NA
2025-01-19 17:00:00,82.83,181.58,25.03,86.12,66.12,NA,NA,0.96,26.39,NA,NA,NA,NA,NA,NA,NA,NA,NA,NA,NA,0.00,NA,NA,NA
2025-01-19 18:00:00,140.00,258.06,46.66,89.92,85.78,NA,NA,1.13,11.26,NA,NA,NA,NA,NA,NA,NA,NA,NA,NA,NA,0.00,NA,NA,NA
2025-01-19 19:00:00,160.09,303.09,85.17,80.04,111.72,NA,NA,1.47,11.36,NA,NA,NA,NA,NA,NA,NA,NA,NA,NA,NA,0.00,NA,NA,NA
2025-01-19 20:00:00,224.07,495.64,225.41,46.58,208.00,NA,NA,2.45,10.53,NA,NA,NA,NA,NA,NA,NA,NA,NA,NA,NA,0.00,NA,NA,NA
2025-01-19 21:00:00,216.42,594.50,203.27,52.52,193.20,NA,NA,3.25,10.71,NA,NA,NA,NA,NA,NA,NA,NA,NA,NA,NA,0.00,NA,NA,NA
2025-01-19 22:00:00,195.33,470.94,181.39,48.62,173.31,NA,NA,3.28,10.29,NA,NA,NA,NA,NA,NA,NA,NA,NA,NA,NA,0.00,NA,NA,NA
2025-01-19 23:00:00,209.49,378.81,138.48,45.22,136.78,NA,NA,3.03,10.12,NA,NA,NA,NA,NA,NA,NA,NA,NA,NA,NA,0.00,NA,NA,NA
2025-01-20 00:00:00,179.88,286.50,106.23,45.97,110.82,NA,NA,2.50,10.12,NA,NA,NA,NA,NA,NA,NA,NA,NA,NA,NA,0.00,NA,NA,NA
2025-01-20 01:00:00,145.37,267.07,42.24,45.00,58.33,NA,NA,2.20,10.70,NA,NA,NA,NA,NA,NA,NA,NA,NA,NA,NA,0.00,NA,NA,NA
2025-01-20 02:00:00,112.31,212.00,33.68,41.59,49.50,NA,NA,1.54,10.49,NA,NA,NA,NA,NA,NA,NA,NA,NA,NA,NA,0.00,NA,NA,NA
2025-01-20 03:00:00,113.74,199.53,59.96,40.54,70.25,NA,NA,1.21,9.81,NA,NA,NA,NA,NA,NA,NA,NA,NA,NA,NA,0.00,NA,NA,NA
2025-01-20 04:00:00,120.64,207.60,70.98,35.76,76.79,NA,NA,1.23,9.93,NA,NA,NA,NA,NA,NA,NA,NA,NA,NA,NA,0.00,NA,NA,NA
2025-01-20 05:00:00,98.97,183.18,49.22,32.12,57.10,NA,NA,1.21,9.85,NA,NA,NA,NA,NA,NA,NA,NA,NA,NA,NA,0.00,NA,NA,NA
2025-01-20 06:00:00,128.87,206.67,42.53,30.97,51.07,NA,NA,1.11,10.02,NA,NA,NA,NA,NA,NA,NA,NA,NA,NA,NA,0.00,NA,NA,NA
2025-01-20 07:00:00,124.90,171.06,47.15,27.23,52.81,NA,NA,1.04,10.11,NA,NA,NA,NA,NA,NA,NA,NA,NA,NA,NA,0.00,NA,NA,NA
2025-01-20 08:00:00,110.13,163.26,43.81,26.20,49.56,NA,NA,1.06,11.19,NA,NA,NA,NA,NA,NA,NA,NA,NA,NA,NA,0.00,NA,NA,NA
2025-01-20 09:00:00,106.73,158.64,38.17,33.56,48.88,NA,NA,1.06,14.30,NA,NA,NA,NA,NA,NA,NA,NA,NA,NA,NA,0.00,NA,NA,NA
2025-01-20 10:00:00,111.53,176.79,30.80,40.97,46.84,NA,NA,1.09,22.92,NA,NA,NA,NA,NA,NA,NA,NA,NA,NA,NA,0.00,NA,NA,NA
2025-01-20 11:00:00,99.04,190.59,21.06,35.33,35.91,NA,NA,1.04,44.56,NA,NA,NA,NA,NA,NA,NA,NA,NA,NA,NA,0.00,NA,NA,NA
2025-01-20 12:00:00,77.79,176.88,18.14,34.53,33.12,NA,NA,0.88,64.25,NA,NA,NA,NA,NA,NA,NA,NA,NA,NA,NA,0.00,NA,NA,NA
2025-01-20 13:00:00,64.13,137.34,15.53,31.84,29.57,NA,NA,0.77,73.05,NA,NA,NA,NA,NA,NA,NA,NA,NA,NA,NA,0.00,NA,NA,NA
2025-01-20 14:00:00,60.78,120.21,15.15,38.93,33.00,NA,NA,0.71,67.48,NA,NA,NA,NA,NA,NA,NA,NA,NA,NA,NA,0.00,NA,NA,NA
2025-01-20 15:00:00,67.20,132.55,13.45,34.71,29.40,NA,NA,0.71,75.72,NA,NA,NA,NA,NA,NA,NA,NA,NA,NA,NA,0.00,NA,NA,NA
2025-01-20 16:00:00,90.80,164.05,12.81,38.38,30.84,NA,NA,0.72,69.24,NA,NA,NA,NA,NA,NA,NA,NA,NA,NA,NA,0.00,NA,NA,NA
2025-01-20 17:00:00,107.29,154.65,12.60,35.82,29.29,NA,NA,0.74,54.16,NA,NA,NA,NA,NA,NA,NA,NA,NA,NA,NA,0.00,NA,NA,NA
2025-01-20 18:00:00,99.14,169.70,12.78,41.24,32.32,NA,NA,0.78,38.34,NA,NA,NA,NA,NA,NA,NA,NA,NA,NA,NA,0.00,NA,NA,NA
2025-01-20 19:00:00,105.53,178.16,13.33,52.12,38.56,NA,NA,0.88,28.93,NA,NA,NA,NA,NA,NA,NA,NA,NA,NA,NA,0.00,NA,NA,NA
2025-01-20 20:00:00,122.57,184.56,13.92,52.98,39.50,NA,NA,0.99,23.48,NA,NA,NA,NA,NA,NA,NA,NA,NA,NA,NA,0.00,NA,NA,NA
2025-01-20 21:00:00,122.87,187.73,13.99,54.81,40.52,NA,NA,1.02,24.12,NA,NA,NA,NA,NA,NA,NA,NA,NA,NA,NA,0.00,NA,NA,NA
2025-01-20 22:00:00,117.44,183.23,14.56,48.82,37.81,NA,NA,1.03,24.78,NA,NA,NA,NA,NA,NA,NA,NA,NA,NA,NA,0.00,NA,NA,NA
2025-01-20 23:00:00,115.00,189.15,18.73,50.51,42.09,NA,NA,1.02,15.11,NA,NA,NA,NA,NA,NA,NA,NA,NA,NA,NA,0.00,NA,NA,NA
2025-01-21 00:00:00,107.04,200.85,18.68,49.53,41.54,NA,NA,1.04,13.70,NA,NA,NA,NA,NA,NA,NA,NA,NA,NA,NA,0.00,NA,NA,NA
2025-01-21 01:00:00,132.16,174.03,17.17,45.57,38.20,NA,NA,1.01,14.84,NA,NA,NA,NA,NA,NA,NA,NA,NA,NA,NA,0.00,NA,NA,NA
2025-01-21 02:00:00,122.89,166.69,20.48,43.39,39.72,NA,NA,0.95,12.20,NA,NA,NA,NA,NA,NA,NA,NA,NA,NA,NA,0.00,NA,NA,NA
2025-01-21 03:00:00,114.92,173.66,25.03,40.68,41.99,NA,NA,0.93,11.77,NA,NA,NA,NA,NA,NA,NA,NA,NA,NA,NA,0.00,NA,NA,NA
2025-01-21 04:00:00,104.28,166.02,26.79,41.11,43.65,NA,NA,0.93,12.09,NA,NA,NA,NA,NA,NA,NA,NA,NA,NA,NA,0.00,NA,NA,NA
2025-01-21 05:00:00,102.45,179.87,19.56,35.96,35.04,NA,NA,0.91,15.38,NA,NA,NA,NA,NA,NA,NA,NA,NA,NA,NA,0.00,NA,NA,NA
2025-01-21 06:00:00,131.18,195.98,27.09,38.61,42.56,NA,NA,0.89,14.51,NA,NA,NA,NA,NA,NA,NA,NA,NA,NA,NA,0.00,NA,NA,NA
2025-01-21 07:00:00,118.45,194.42,46.69,42.21,60.38,NA,NA,0.92,12.58,NA,NA,NA,NA,NA,NA,NA,NA,NA,NA,NA,0.00,NA,NA,NA
2025-01-21 08:00:00,111.96,204.86,35.56,37.38,48.82,NA,NA,1.01,17.92,NA,NA,NA,NA,NA,NA,NA,NA,NA,NA,NA,0.00,NA,NA,NA
2025-01-21 09:00:00,97.82,168.45,21.10,36.52,36.58,NA,NA,0.95,30.43,NA,NA,NA,NA,NA,NA,NA,NA,NA,NA,NA,0.00,NA,NA,NA
2025-01-21 10:00:00,89.85,159.35,18.78,33.53,33.12,NA,NA,0.88,44.82,NA,NA,NA,NA,NA,NA,NA,NA,NA,NA,NA,0.00,NA,NA,NA
2025-01-21 11:00:00,82.59,161.91,13.84,29.32,26.85,NA,NA,0.81,65.53,NA,NA,NA,NA,NA,NA,NA,NA,NA,NA,NA,0.00,NA,NA,NA
2025-01-21 12:00:00,73.76,151.73,13.33,34.20,29.03,NA,NA,0.76,71.16,NA,NA,NA,NA,NA,NA,NA,NA,NA,NA,NA,0.00,NA,NA,NA
2025-01-21 13:00:00,103.74,157.27,12.29,30.49,26.21,NA,NA,0.68,39.66,NA,NA,NA,NA,NA,NA,NA,NA,NA,NA,NA,0.00,NA,NA,NA
2025-01-21 14:00:00,109.66,200.07,12.02,37.64,29.78,NA,NA,0.61,141.06,NA,NA,NA,NA,NA,NA,NA,NA,NA,NA,NA,0.00,NA,NA,NA
2025-01-21 15:00:00,84.64,195.57,11.64,42.87,32.26,NA,NA,0.63,87.89,NA,NA,NA,NA,NA,NA,NA,NA,NA,NA,NA,0.00,NA,NA,NA
2025-01-21 16:00:00,77.61,143.46,11.32,46.02,33.69,NA,NA,0.65,22.95,NA,NA,NA,NA,NA,NA,NA,NA,NA,NA,NA,0.00,NA,NA,NA
2025-01-21 17:00:00,78.44,130.55,10.98,45.89,33.32,NA,NA,0.60,12.62,NA,NA,NA,NA,NA,NA,NA,NA,NA,NA,NA,0.00,NA,NA,NA
2025-01-21 18:00:00,110.11,149.15,11.25,61.19,41.68,NA,NA,0.70,10.30,NA,NA,NA,NA,NA,NA,NA,NA,NA,NA,NA,0.00,NA,NA,NA
2025-01-21 19:00:00,100.90,150.83,13.05,67.27,46.38,NA,NA,0.81,8.85,NA,NA,NA,NA,NA,NA,NA,NA,NA,NA,NA,0.00,NA,NA,NA
2025-01-21 20:00:00,86.54,184.56,16.65,73.94,52.88,NA,NA,0.94,8.64,NA,NA,NA,NA,NA,NA,NA,NA,NA,NA,NA,0.00,NA,NA,NA
2025-01-21 21:00:00,114.41,183.11,16.05,65.61,47.95,NA,NA,0.91,7.67,NA,NA,NA,NA,NA,NA,NA,NA,NA,NA,NA,0.00,NA,NA,NA
2025-01-21 22:00:00,103.03,187.17,29.07,65.56,58.49,NA,NA,1.06,8.78,NA,NA,NA,NA,NA,NA,NA,NA,NA,NA,NA,0.00,NA,NA,NA
2025-01-21 23:00:00,133.84,179.12,39.55,60.52,64.33,NA,NA,1.02,8.07,NA,NA,NA,NA,NA,NA,NA,NA,NA,NA,NA,0.00,NA,NA,NA
2025-01-22 00:00:00,119.77,183.46,106.65,48.98,112.70,NA,NA,1.20,8.08,NA,NA,NA,NA,NA,NA,NA,NA,NA,NA,NA,0.00,NA,NA,NA
2025-01-22 01:00:00,116.06,230.90,124.89,38.67,122.08,NA,NA,1.25,8.09,NA,NA,NA,NA,NA,NA,NA,NA,NA,NA,NA,0.00,NA,NA,NA
2025-01-22 02:00:00,105.59,217.73,93.30,40.91,97.68,NA,NA,1.17,7.97,NA,NA,NA,NA,NA,NA,NA,NA,NA,NA,NA,0.00,NA,NA,NA
2025-01-22 03:00:00,83.63,165.55,63.91,48.06,77.52,NA,NA,0.91,7.87,NA,NA,NA,NA,NA,NA,NA,NA,NA,NA,NA,0.00,NA,NA,NA
2025-01-22 04:00:00,101.45,160.72,58.97,42.28,70.44,NA,NA,0.94,8.05,NA,NA,NA,NA,NA,NA,NA,NA,NA,NA,NA,0.00,NA,NA,NA
2025-01-22 05:00:00,92.33,150.08,50.14,39.10,61.59,NA,NA,0.86,7.99,NA,NA,NA,NA,NA,NA,NA,NA,NA,NA,NA,0.00,NA,NA,NA
2025-01-22 06:00:00,103.48,145.86,45.92,36.56,56.80,NA,NA,0.80,7.41,NA,NA,NA,NA,NA,NA,NA,NA,NA,NA,NA,0.00,NA,NA,NA
2025-01-22 07:00:00,94.61,151.56,53.79,38.02,63.92,NA,NA,0.88,8.21,NA,NA,NA,NA,NA,NA,NA,NA,NA,NA,NA,0.00,NA,NA,NA
2025-01-22 08:00:00,93.09,158.34,47.67,43.12,61.74,NA,NA,0.92,7.73,NA,NA,NA,NA,NA,NA,NA,NA,NA,NA,NA,0.00,NA,NA,NA
2025-01-22 09:00:00,86.41,151.65,24.83,41.02,41.99,NA,NA,0.75,8.36,NA,NA,NA,NA,NA,NA,NA,NA,NA,NA,NA,0.00,NA,NA,NA
2025-01-22 10:00:00,97.73,162.63,22.39,51.70,45.71,NA,NA,0.84,8.15,NA,NA,NA,NA,NA,NA,NA,NA,NA,NA,NA,0.00,NA,NA,NA
2025-01-22 11:00:00,98.05,168.12,17.24,51.91,41.64,NA,NA,0.82,8.06,NA,NA,NA,NA,NA,NA,NA,NA,NA,NA,NA,0.00,NA,NA,NA
2025-01-22 12:00:00,86.05,198.37,15.05,47.22,37.33,NA,NA,0.72,7.72,NA,NA,NA,NA,NA,NA,NA,NA,NA,NA,NA,0.00,NA,NA,NA
2025-01-22 13:00:00,89.02,191.20,13.60,54.74,40.19,NA,NA,0.68,7.82,NA,NA,NA,NA,NA,NA,NA,NA,NA,NA,NA,0.00,NA,NA,NA
2025-01-22 14:00:00,73.36,150.81,13.33,51.14,38.04,NA,NA,0.66,8.52,NA,NA,NA,NA,NA,NA,NA,NA,NA,NA,NA,0.00,NA,NA,NA
2025-01-22 15:00:00,49.52,134.15,12.66,54.53,39.30,NA,NA,0.65,7.93,NA,NA,NA,NA,NA,NA,NA,NA,NA,NA,NA,0.00,NA,NA,NA
2025-01-22 16:00:00,51.25,124.79,13.17,55.39,40.16,NA,NA,0.61,8.23,NA,NA,NA,NA,NA,NA,NA,NA,NA,NA,NA,0.00,NA,NA,NA
2025-01-22 17:00:00,37.64,117.88,20.09,82.25,60.07,NA,NA,0.65,7.73,NA,NA,NA,NA,NA,NA,NA,NA,NA,NA,NA,0.00,NA,NA,NA
2025-01-22 18:00:00,67.15,160.89,48.50,85.33,84.73,NA,NA,0.98,6.94,NA,NA,NA,NA,NA,NA,NA,NA,NA,NA,NA,0.00,NA,NA,NA
2025-01-22 19:00:00,97.75,215.93,79.15,83.13,108.47,NA,NA,1.31,7.07,NA,NA,NA,NA,NA,NA,NA,NA,NA,NA,NA,0.00,NA,NA,NA
2025-01-22 20:00:00,143.80,549.18,322.83,47.56,287.63,NA,NA,2.83,7.98,NA,NA,NA,NA,NA,NA,NA,NA,NA,NA,NA,0.00,NA,NA,NA
2025-01-22 21:00:00,183.32,629.58,338.42,43.97,298.45,NA,NA,3.56,7.68,NA,NA,NA,NA,NA,NA,NA,NA,NA,NA,NA,0.00,NA,NA,NA
2025-01-22 22:00:00,165.29,576.00,281.03,56.60,258.67,NA,NA,3.55,8.57,NA,NA,NA,NA,NA,NA,NA,NA,NA,NA,NA,0.00,NA,NA,NA
2025-01-22 23:00:00,169.73,446.01,159.89,70.61,167.66,NA,NA,3.47,7.97,NA,NA,NA,NA,NA,NA,NA,NA,NA,NA,NA,0.00,NA,NA,NA
2025-01-23 00:00:00,154.82,311.62,97.33,71.14,117.01,NA,NA,2.25,8.25,NA,NA,NA,NA,NA,NA,NA,NA,NA,NA,NA,0.00,NA,NA,NA
2025-01-23 01:00:00,95.69,176.73,102.39,65.18,117.94,NA,NA,1.39,8.46,NA,NA,NA,NA,NA,NA,NA,NA,NA,NA,NA,0.00,NA,NA,NA
2025-01-23 02:00:00,113.99,176.28,108.23,57.99,118.88,NA,NA,1.59,7.74,NA,NA,NA,NA,NA,NA,NA,NA,NA,NA,NA,0.00,NA,NA,NA
2025-01-23 03:00:00,87.69,192.11,132.12,45.76,131.62,NA,NA,1.68,7.25,NA,NA,NA,NA,NA,NA,NA,NA,NA,NA,NA,0.00,NA,NA,NA
2025-01-23 04:00:00,140.63,307.61,251.10,19.60,214.58,NA,NA,2.67,8.77,NA,NA,NA,NA,NA,NA,NA,NA,NA,NA,NA,0.00,NA,NA,NA
2025-01-23 05:00:00,139.05,285.62,177.17,31.99,161.22,NA,NA,2.15,7.94,NA,NA,NA,NA,NA,NA,NA,NA,NA,NA,NA,0.00,NA,NA,NA
2025-01-23 06:00:00,164.87,239.31,74.13,43.51,83.40,NA,NA,1.33,7.98,NA,NA,NA,NA,NA,NA,NA,NA,NA,NA,NA,0.00,NA,NA,NA
2025-01-23 07:00:00,176.14,256.21,77.84,39.72,84.45,NA,NA,1.29,8.11,NA,NA,NA,NA,NA,NA,NA,NA,NA,NA,NA,0.00,NA,NA,NA
2025-01-23 08:00:00,117.26,176.23,55.36,47.68,70.37,NA,NA,1.08,8.19,NA,NA,NA,NA,NA,NA,NA,NA,NA,NA,NA,0.00,NA,NA,NA
2025-01-23 09:00:00,84.13,163.90,49.49,51.98,67.90,NA,NA,0.96,8.42,NA,NA,NA,NA,NA,NA,NA,NA,NA,NA,NA,0.00,NA,NA,NA
2025-01-23 10:00:00,125.26,174.87,30.83,55.70,54.71,NA,NA,0.89,7.90,NA,NA,NA,NA,NA,NA,NA,NA,NA,NA,NA,0.00,NA,NA,NA
2025-01-23 11:00:00,90.39,200.29,21.65,52.25,45.41,NA,NA,0.78,8.48,NA,NA,NA,NA,NA,NA,NA,NA,NA,NA,NA,0.00,NA,NA,NA
2025-01-23 12:00:00,76.68,171.53,16.29,46.06,37.75,NA,NA,0.66,15.25,NA,NA,NA,NA,NA,NA,NA,NA,NA,NA,NA,0.00,NA,NA,NA
2025-01-23 13:00:00,37.43,137.36,12.67,33.52,28.12,NA,NA,0.47,62.91,NA,NA,NA,NA,NA,NA,NA,NA,NA,NA,NA,0.00,NA,NA,NA
2025-01-23 14:00:00,29.40,82.52,13.59,37.26,30.87,NA,NA,0.35,69.75,NA,NA,NA,NA,NA,NA,NA,NA,NA,NA,NA,0.00,NA,NA,NA
2025-01-23 15:00:00,28.33,81.88,11.73,45.21,33.58,NA,NA,0.40,65.95,NA,NA,NA,NA,NA,NA,NA,NA,NA,NA,NA,0.00,NA,NA,NA
2025-01-23 16:00:00,52.21,74.59,11.30,45.98,33.63,NA,NA,0.38,60.63,NA,NA,NA,NA,NA,NA,NA,NA,NA,NA,NA,0.00,NA,NA,NA
2025-01-23 17:00:00,41.00,81.23,14.66,70.55,49.43,NA,NA,0.46,34.18,NA,NA,NA,NA,NA,NA,NA,NA,NA,NA,NA,0.00,NA,NA,NA
2025-01-23 18:00:00,55.57,113.33,25.40,88.02,67.46,NA,NA,0.69,13.56,NA,NA,NA,NA,NA,NA,NA,NA,NA,NA,NA,0.00,NA,NA,NA
2025-01-23 19:00:00,59.10,145.10,35.07,86.25,74.39,NA,NA,0.90,9.39,NA,NA,NA,NA,NA,NA,NA,NA,NA,NA,NA,0.00,NA,NA,NA
2025-01-23 20:00:00,94.72,178.19,31.58,80.61,68.53,NA,NA,1.00,9.17,NA,NA,NA,NA,NA,NA,NA,NA,NA,NA,NA,0.00,NA,NA,NA
2025-01-23 21:00:00,84.70,178.60,41.58,74.05,73.19,NA,NA,1.02,7.21,NA,NA,NA,NA,NA,NA,NA,NA,NA,NA,NA,0.00,NA,NA,NA
2025-01-23 22:00:00,84.59,175.94,32.87,65.84,61.77,NA,NA,0.95,7.29,NA,NA,NA,NA,NA,NA,NA,NA,NA,NA,NA,0.00,NA,NA,NA
2025-01-23 23:00:00,70.65,141.79,25.48,57.85,51.52,NA,NA,0.85,7.91,NA,NA,NA,NA,NA,NA,NA,NA,NA,NA,NA,0.00,NA,NA,NA
2025-01-24 00:00:00,69.67,129.31,37.82,52.53,58.65,NA,NA,0.72,7.14,NA,NA,NA,NA,NA,NA,NA,NA,NA,NA,NA,0.00,NA,NA,NA
2025-01-24 01:00:00,55.21,148.02,30.72,49.51,51.32,NA,NA,0.70,6.85,NA,NA,NA,NA,NA,NA,NA,NA,NA,NA,NA,0.00,NA,NA,NA
2025-01-24 02:00:00,56.25,132.89,60.22,44.54,72.62,NA,NA,0.67,6.46,NA,NA,NA,NA,NA,NA,NA,NA,NA,NA,NA,0.00,NA,NA,NA
2025-01-24 03:00:00,68.47,137.28,75.56,43.50,84.62,NA,NA,0.85,6.45,NA,NA,NA,NA,NA,NA,NA,NA,NA,NA,NA,0.00,NA,NA,NA
2025-01-24 04:00:00,65.08,126.75,31.23,43.81,48.72,NA,NA,0.62,7.52,NA,NA,NA,NA,NA,NA,NA,NA,NA,NA,NA,0.00,NA,NA,NA
2025-01-24 05:00:00,66.33,108.00,30.81,35.90,44.11,NA,NA,0.52,9.39,NA,NA,NA,NA,NA,NA,NA,NA,NA,NA,NA,0.00,NA,NA,NA
2025-01-24 06:00:00,96.54,133.62,38.68,40.33,52.87,NA,NA,0.68,7.39,NA,NA,NA,NA,NA,NA,NA,NA,NA,NA,NA,0.00,NA,NA,NA
2025-01-24 07:00:00,82.81,138.55,63.36,37.05,71.23,NA,NA,0.73,7.70,NA,NA,NA,NA,NA,NA,NA,NA,NA,NA,NA,0.00,NA,NA,NA
2025-01-24 08:00:00,90.02,137.79,55.49,36.62,64.61,NA,NA,0.72,10.58,NA,NA,NA,NA,NA,NA,NA,NA,NA,NA,NA,0.00,NA,NA,NA
2025-01-24 09:00:00,65.38,149.19,39.16,40.02,53.17,NA,NA,0.65,18.96,NA,NA,NA,NA,NA,NA,NA,NA,NA,NA,NA,0.00,NA,NA,NA
2025-01-24 10:00:00,46.19,139.77,19.58,38.62,36.46,NA,NA,0.62,36.56,NA,NA,NA,NA,NA,NA,NA,NA,NA,NA,NA,0.00,NA,NA,NA
2025-01-24 11:00:00,60.07,137.41,15.34,36.47,31.88,NA,NA,0.56,51.04,NA,NA,NA,NA,NA,NA,NA,NA,NA,NA,NA,0.00,NA,NA,NA
2025-01-24 12:00:00,84.88,107.75,13.34,35.68,29.83,NA,NA,0.51,64.31,NA,NA,NA,NA,NA,NA,NA,NA,NA,NA,NA,0.00,NA,NA,NA
2025-01-24 13:00:00,57.88,107.24,11.63,33.10,27.06,NA,NA,0.45,72.30,NA,NA,NA,NA,NA,NA,NA,NA,NA,NA,NA,0.00,NA,NA,NA
2025-01-24 14:00:00,61.55,106.04,11.34,36.77,28.78,NA,NA,0.43,77.72,NA,NA,NA,NA,NA,NA,NA,NA,NA,NA,NA,0.00,NA,NA,NA
2025-01-24 15:00:00,43.57,113.13,10.89,40.75,30.53,NA,NA,0.45,77.73,NA,NA,NA,NA,NA,NA,NA,NA,NA,NA,NA,0.00,NA,NA,NA
2025-01-24 16:00:00,45.73,99.69,10.40,41.17,30.34,NA,NA,0.41,73.69,NA,NA,NA,NA,NA,NA,NA,NA,NA,NA,NA,0.00,NA,NA,NA
2025-01-24 17:00:00,48.03,112.96,11.11,55.14,38.36,NA,NA,0.43,47.26,NA,NA,NA,NA,NA,NA,NA,NA,NA,NA,NA,0.00,NA,NA,NA
2025-01-24 18:00:00,24.56,126.07,12.50,68.59,46.63,NA,NA,0.54,26.56,NA,NA,NA,NA,NA,NA,NA,NA,NA,NA,NA,0.00,NA,NA,NA
2025-01-24 19:00:00,75.71,139.17,17.92,75.44,54.68,NA,NA,0.73,15.42,NA,NA,NA,NA,NA,NA,NA,NA,NA,NA,NA,0.00,NA,NA,NA
2025-01-24 20:00:00,52.23,152.35,16.24,70.85,50.92,NA,NA,0.84,16.32,NA,NA,NA,NA,NA,NA,NA,NA,NA,NA,NA,0.00,NA,NA,NA
2025-01-24 21:00:00,76.65,143.94,14.10,61.68,44.27,NA,NA,0.76,17.81,NA,NA,NA,NA,NA,NA,NA,NA,NA,NA,NA,0.00,NA,NA,NA
2025-01-24 22:00:00,93.17,142.12,22.68,62.27,51.57,NA,NA,0.79,11.05,NA,NA,NA,NA,NA,NA,NA,NA,NA,NA,NA,0.00,NA,NA,NA
2025-01-24 23:00:00,77.10,132.29,16.75,56.93,43.90,NA,NA,0.68,15.38,NA,NA,NA,NA,NA,NA,NA,NA,NA,NA,NA,0.00,NA,NA,NA
2025-01-25 00:00:00,56.41,122.77,18.75,57.95,46.07,NA,NA,0.65,11.48,NA,NA,NA,NA,NA,NA,NA,NA,NA,NA,NA,0.00,NA,NA,NA
2025-01-25 01:00:00,68.93,118.96,14.40,51.25,38.97,NA,NA,0.56,14.36,NA,NA,NA,NA,NA,NA,NA,NA,NA,NA,NA,0.00,NA,NA,NA
2025-01-25 02:00:00,39.45,102.04,15.45,51.05,39.72,NA,NA,0.51,15.62,NA,NA,NA,NA,NA,NA,NA,NA,NA,NA,NA,0.00,NA,NA,NA
2025-01-25 03:00:00,86.62,103.20,25.32,54.77,49.71,NA,NA,0.58,9.06,NA,NA,NA,NA,NA,NA,NA,NA,NA,NA,NA,0.00,NA,NA,NA
2025-01-25 04:00:00,64.25,100.79,31.01,46.95,50.19,NA,NA,0.55,11.95,NA,NA,NA,NA,NA,NA,NA,NA,NA,NA,NA,0.00,NA,NA,NA
2025-01-25 05:00:00,55.63,107.01,27.95,42.10,45.09,NA,NA,0.51,14.92,NA,NA,NA,NA,NA,NA,NA,NA,NA,NA,NA,0.00,NA,NA,NA
2025-01-25 06:00:00,56.18,124.49,43.93,47.06,60.69,NA,NA,0.61,10.11,NA,NA,NA,NA,NA,NA,NA,NA,NA,NA,NA,0.00,NA,NA,NA
2025-01-25 07:00:00,26.31,108.00,42.45,43.34,57.61,NA,NA,0.62,12.73,NA,NA,NA,NA,NA,NA,NA,NA,NA,NA,NA,0.00,NA,NA,NA
2025-01-25 08:00:00,78.39,106.83,44.83,45.59,60.71,NA,NA,0.68,17.68,NA,NA,NA,NA,NA,NA,NA,NA,NA,NA,NA,0.00,NA,NA,NA
2025-01-25 09:00:00,40.92,108.92,34.11,45.79,52.11,NA,NA,0.55,29.14,NA,NA,NA,NA,NA,NA,NA,NA,NA,NA,NA,0.00,NA,NA,NA
2025-01-25 10:00:00,46.76,117.68,19.65,37.80,36.08,NA,NA,0.50,43.09,NA,NA,NA,NA,NA,NA,NA,NA,NA,NA,NA,0.00,NA,NA,NA
2025-01-25 11:00:00,44.22,100.30,15.98,35.56,31.92,NA,NA,0.47,50.40,NA,NA,NA,NA,NA,NA,NA,NA,NA,NA,NA,0.00,NA,NA,NA
2025-01-25 12:00:00,40.32,92.57,12.20,31.85,26.86,NA,NA,0.41,67.30,NA,NA,NA,NA,NA,NA,NA,NA,NA,NA,NA,0.00,NA,NA,NA
2025-01-25 13:00:00,51.19,89.75,11.72,33.78,27.50,NA,NA,0.37,68.61,NA,NA,NA,NA,NA,NA,NA,NA,NA,NA,NA,0.00,NA,NA,NA
2025-01-25 14:00:00,67.13,76.97,11.04,34.00,27.05,NA,NA,0.33,73.20,NA,NA,NA,NA,NA,NA,NA,NA,NA,NA,NA,0.00,NA,NA,NA
2025-01-25 15:00:00,30.90,65.81,10.71,37.27,28.52,NA,NA,0.34,74.61,NA,NA,NA,NA,NA,NA,NA,NA,NA,NA,NA,0.00,NA,NA,NA
2025-01-25 16:00:00,19.48,72.30,9.92,32.36,25.29,NA,NA,0.32,74.53,NA,NA,NA,NA,NA,NA,NA,NA,NA,NA,NA,0.00,NA,NA,NA
2025-01-25 17:00:00,51.50,76.00,10.33,47.16,33.49,NA,NA,0.36,49.97,NA,NA,NA,NA,NA,NA,NA,NA,NA,NA,NA,0.00,NA,NA,NA
2025-01-25 18:00:00,53.51,96.46,9.96,52.58,36.04,NA,NA,0.47,38.12,NA,NA,NA,NA,NA,NA,NA,NA,NA,NA,NA,0.00,NA,NA,NA
2025-01-25 19:00:00,60.61,108.72,11.34,64.09,43.31,NA,NA,0.57,25.13,NA,NA,NA,NA,NA,NA,NA,NA,NA,NA,NA,0.00,NA,NA,NA
2025-01-25 20:00:00,49.91,141.27,45.98,78.03,78.82,NA,NA,0.90,10.39,NA,NA,NA,NA,NA,NA,NA,NA,NA,NA,NA,0.00,NA,NA,NA
2025-01-25 21:00:00,72.51,157.22,34.09,81.05,70.87,NA,NA,1.16,8.14,NA,NA,NA,NA,NA,NA,NA,NA,NA,NA,NA,0.00,NA,NA,NA
2025-01-25 22:00:00,47.84,129.72,30.03,74.07,63.81,NA,NA,0.80,8.01,NA,NA,NA,NA,NA,NA,NA,NA,NA,NA,NA,0.00,NA,NA,NA
2025-01-25 23:00:00,58.13,120.73,65.23,66.08,88.13,NA,NA,0.91,7.47,NA,NA,NA,NA,NA,NA,NA,NA,NA,NA,NA,0.00,NA,NA,NA
2025-01-26 00:00:00,112.66,178.91,87.75,62.40,104.57,NA,NA,1.38,8.42,NA,NA,NA,NA,NA,NA,NA,NA,NA,NA,NA,0.00,NA,NA,NA
2025-01-26 01:00:00,36.57,156.45,44.21,63.51,69.76,NA,NA,1.05,7.47,NA,NA,NA,NA,NA,NA,NA,NA,NA,NA,NA,0.00,NA,NA,NA
2025-01-26 02:00:00,97.09,145.48,28.40,65.53,57.95,NA,NA,0.90,9.37,NA,NA,NA,NA,NA,NA,NA,NA,NA,NA,NA,0.00,NA,NA,NA
2025-01-26 03:00:00,91.39,133.26,25.79,59.35,52.54,NA,NA,0.79,11.22,NA,NA,NA,NA,NA,NA,NA,NA,NA,NA,NA,0.00,NA,NA,NA
2025-01-26 04:00:00,51.54,119.53,26.61,51.72,49.16,NA,NA,0.70,9.93,NA,NA,NA,NA,NA,NA,NA,NA,NA,NA,NA,0.00,NA,NA,NA
2025-01-26 05:00:00,87.60,127.34,40.88,51.23,60.44,NA,NA,0.67,8.45,NA,NA,NA,NA,NA,NA,NA,NA,NA,NA,NA,0.00,NA,NA,NA
2025-01-26 06:00:00,90.98,130.22,42.59,51.23,61.87,NA,NA,0.75,9.79,NA,NA,NA,NA,NA,NA,NA,NA,NA,NA,NA,0.00,NA,NA,NA
2025-01-26 07:00:00,63.26,119.89,46.44,53.72,66.35,NA,NA,0.79,10.61,NA,NA,NA,NA,NA,NA,NA,NA,NA,NA,NA,0.00,NA,NA,NA
2025-01-26 08:00:00,71.02,131.51,36.87,51.18,57.23,NA,NA,0.79,18.36,NA,NA,NA,NA,NA,NA,NA,NA,NA,NA,NA,0.00,NA,NA,NA
2025-01-26 09:00:00,55.47,115.37,22.04,43.98,41.32,NA,NA,0.57,32.90,NA,NA,NA,NA,NA,NA,NA,NA,NA,NA,NA,0.00,NA,NA,NA
2025-01-26 10:00:00,61.56,138.54,14.00,37.23,31.20,NA,NA,0.54,59.31,NA,NA,NA,NA,NA,NA,NA,NA,NA,NA,NA,0.00,NA,NA,NA
2025-01-26 11:00:00,74.35,142.65,12.42,36.34,29.43,NA,NA,0.59,73.08,NA,NA,NA,NA,NA,NA,NA,NA,NA,NA,NA,0.00,NA,NA,NA
2025-01-26 12:00:00,46.97,152.52,11.05,35.22,27.73,NA,NA,0.57,88.09,NA,NA,NA,NA,NA,NA,NA,NA,NA,NA,NA,0.00,NA,NA,NA
2025-01-26 13:00:00,58.20,158.37,10.57,38.98,29.33,NA,NA,0.51,94.65,NA,NA,NA,NA,NA,NA,NA,NA,NA,NA,NA,0.00,NA,NA,NA
2025-01-26 14:00:00,94.34,156.25,9.88,35.89,27.12,NA,NA,0.52,107.92,NA,NA,NA,NA,NA,NA,NA,NA,NA,NA,NA,0.00,NA,NA,NA
2025-01-26 15:00:00,46.70,162.83,9.48,38.22,28.04,NA,NA,0.49,109.28,NA,NA,NA,NA,NA,NA,NA,NA,NA,NA,NA,0.00,NA,NA,NA
2025-01-26 16:00:00,37.83,129.59,10.36,50.09,35.07,NA,NA,0.45,71.03,NA,NA,NA,NA,NA,NA,NA,NA,NA,NA,NA,0.00,NA,NA,NA
2025-01-26 17:00:00,50.58,132.40,9.63,44.73,31.62,NA,NA,0.46,64.40,NA,NA,NA,NA,NA,NA,NA,NA,NA,NA,NA,0.00,NA,NA,NA
2025-01-26 18:00:00,60.12,112.64,9.89,55.08,37.32,NA,NA,0.53,46.94,NA,NA,NA,NA,NA,NA,NA,NA,NA,NA,NA,0.00,NA,NA,NA
2025-01-26 19:00:00,69.53,126.67,17.01,73.80,53.08,NA,NA,0.68,23.18,NA,NA,NA,NA,NA,NA,NA,NA,NA,NA,NA,0.00,NA,NA,NA
2025-01-26 20:00:00,76.24,174.02,30.29,84.65,69.74,NA,NA,1.01,11.24,NA,NA,NA,NA,NA,NA,NA,NA,NA,NA,NA,0.00,NA,NA,NA
2025-01-26 21:00:00,72.97,317.72,136.75,69.76,148.37,NA,NA,1.80,7.69,NA,NA,NA,NA,NA,NA,NA,NA,NA,NA,NA,0.00,NA,NA,NA
2025-01-26 22:00:00,182.15,342.14,214.69,55.54,204.08,NA,NA,2.40,7.43,NA,NA,NA,NA,NA,NA,NA,NA,NA,NA,NA,0.00,NA,NA,NA
2025-01-26 23:00:00,94.05,340.42,149.46,64.55,155.83,NA,NA,2.23,6.89,NA,NA,NA,NA,NA,NA,NA,NA,NA,NA,NA,0.00,NA,NA,NA
2025-01-27 00:00:00,102.49,245.21,149.34,54.89,150.59,NA,NA,1.85,6.07,NA,NA,NA,NA,NA,NA,NA,NA,NA,NA,NA,0.00,NA,NA,NA
2025-01-27 01:00:00,116.17,197.79,123.64,44.17,124.21,NA,NA,1.46,6.71,NA,NA,NA,NA,NA,NA,NA,NA,NA,NA,NA,0.00,NA,NA,NA
2025-01-27 02:00:00,126.83,293.89,233.07,26.16,203.25,NA,NA,2.25,7.09,NA,NA,NA,NA,NA,NA,NA,NA,NA,NA,NA,0.00,NA,NA,NA
2025-01-27 03:00:00,76.09,277.32,150.33,41.71,144.29,NA,NA,1.90,6.33,NA,NA,NA,NA,NA,NA,NA,NA,NA,NA,NA,0.00,NA,NA,NA
2025-01-27 04:00:00,98.80,200.08,73.88,46.47,84.81,NA,NA,1.14,6.33,NA,NA,NA,NA,NA,NA,NA,NA,NA,NA,NA,0.00,NA,NA,NA
2025-01-27 05:00:00,108.59,188.55,84.09,47.05,93.38,NA,NA,1.17,6.52,NA,NA,NA,NA,NA,NA,NA,NA,NA,NA,NA,0.00,NA,NA,NA
2025-01-27 06:00:00,79.65,179.02,65.08,48.25,78.57,NA,NA,1.07,6.73,NA,NA,NA,NA,NA,NA,NA,NA,NA,NA,NA,0.00,NA,NA,NA
2025-01-27 07:00:00,120.35,178.05,68.17,55.03,84.70,NA,NA,1.06,7.22,NA,NA,NA,NA,NA,NA,NA,NA,NA,NA,NA,0.00,NA,NA,NA
2025-01-27 08:00:00,122.81,157.01,53.68,58.10,74.49,NA,NA,1.05,10.26,NA,NA,NA,NA,NA,NA,NA,NA,NA,NA,NA,0.00,NA,NA,NA
2025-01-27 09:00:00,40.85,144.91,31.28,55.21,54.79,NA,NA,0.76,23.49,NA,NA,NA,NA,NA,NA,NA,NA,NA,NA,NA,0.00,NA,NA,NA
2025-01-27 10:00:00,95.07,150.71,19.18,46.82,40.49,NA,NA,0.67,45.22,NA,NA,NA,NA,NA,NA,NA,NA,NA,NA,NA,0.00,NA,NA,NA
2025-01-27 11:00:00,47.97,144.96,16.16,45.87,37.54,NA,NA,0.63,59.96,NA,NA,NA,NA,NA,NA,NA,NA,NA,NA,NA,0.00,NA,NA,NA
2025-01-27 12:00:00,55.22,137.81,12.58,37.03,29.92,NA,NA,0.57,82.52,NA,NA,NA,NA,NA,NA,NA,NA,NA,NA,NA,0.00,NA,NA,NA
2025-01-27 13:00:00,79.04,166.95,11.54,39.15,30.21,NA,NA,0.53,99.69,NA,NA,NA,NA,NA,NA,NA,NA,NA,NA,NA,0.00,NA,NA,NA
2025-01-27 14:00:00,77.31,160.56,10.46,44.53,32.20,NA,NA,0.56,103.16,NA,NA,NA,NA,NA,NA,NA,NA,NA,NA,NA,0.00,NA,NA,NA
2025-01-27 15:00:00,49.69,169.72,10.13,36.41,27.59,NA,NA,0.46,96.45,NA,NA,NA,NA,NA,NA,NA,NA,NA,NA,NA,0.00,NA,NA,NA
2025-01-27 16:00:00,61.57,127.42,9.92,40.17,29.42,NA,NA,0.44,87.22,NA,NA,NA,NA,NA,NA,NA,NA,NA,NA,NA,0.00,NA,NA,NA
2025-01-27 17:00:00,66.63,160.93,10.61,65.68,43.55,NA,NA,0.58,52.49,NA,NA,NA,NA,NA,NA,NA,NA,NA,NA,NA,0.00,NA,NA,NA
2025-01-27 18:00:00,76.91,171.17,9.85,56.70,38.17,NA,NA,0.66,44.83,NA,NA,NA,NA,NA,NA,NA,NA,NA,NA,NA,0.00,NA,NA,NA
2025-01-27 19:00:00,87.22,165.45,11.17,66.02,44.19,NA,NA,0.70,34.96,NA,NA,NA,NA,NA,NA,NA,NA,NA,NA,NA,0.00,NA,NA,NA
2025-01-27 20:00:00,96.19,188.36,21.26,87.70,63.90,NA,NA,0.89,13.78,NA,NA,NA,NA,NA,NA,NA,NA,NA,NA,NA,0.00,NA,NA,NA
2025-01-27 21:00:00,50.94,189.57,45.19,96.78,88.16,NA,NA,1.15,9.32,NA,NA,NA,NA,NA,NA,NA,NA,NA,NA,NA,0.00,NA,NA,NA
2025-01-27 22:00:00,108.52,193.83,34.89,96.10,79.55,NA,NA,1.34,10.80,NA,NA,NA,NA,NA,NA,NA,NA,NA,NA,NA,0.00,NA,NA,NA
2025-01-27 23:00:00,97.86,164.77,24.63,76.31,60.60,NA,NA,0.90,12.01,NA,NA,NA,NA,NA,NA,NA,NA,NA,NA,NA,0.00,NA,NA,NA
2025-01-28 00:00:00,106.46,183.87,72.09,68.55,94.99,NA,NA,1.13,6.68,NA,NA,NA,NA,NA,NA,NA,NA,NA,NA,NA,0.00,NA,NA,NA
2025-01-28 01:00:00,81.59,202.25,36.06,64.44,63.70,NA,NA,1.09,10.03,NA,NA,NA,NA,NA,NA,NA,NA,NA,NA,NA,0.00,NA,NA,NA
2025-01-28 02:00:00,124.26,170.56,25.62,64.29,54.99,NA,NA,0.80,8.43,NA,NA,NA,NA,NA,NA,NA,NA,NA,NA,NA,0.00,NA,NA,NA
2025-01-28 03:00:00,80.11,181.86,75.93,58.20,92.63,NA,NA,0.98,6.46,NA,NA,NA,NA,NA,NA,NA,NA,NA,NA,NA,0.00,NA,NA,NA
2025-01-28 04:00:00,109.16,190.26,102.18,51.41,110.51,NA,NA,1.16,7.01,NA,NA,NA,NA,NA,NA,NA,NA,NA,NA,NA,0.00,NA,NA,NA
2025-01-28 05:00:00,84.52,159.35,25.50,53.10,48.97,NA,NA,0.83,11.34,NA,NA,NA,NA,NA,NA,NA,NA,NA,NA,NA,0.00,NA,NA,NA
2025-01-28 06:00:00,105.10,152.56,78.40,51.00,90.80,NA,NA,0.93,6.71,NA,NA,NA,NA,NA,NA,NA,NA,NA,NA,NA,0.00,NA,NA,NA
2025-01-28 07:00:00,117.18,159.30,112.94,46.32,116.37,NA,NA,1.22,6.61,NA,NA,NA,NA,NA,NA,NA,NA,NA,NA,NA,0.00,NA,NA,NA
2025-01-28 08:00:00,82.22,156.61,69.31,60.33,88.54,NA,NA,1.21,10.94,NA,NA,NA,NA,NA,NA,NA,NA,NA,NA,NA,0.00,NA,NA,NA
2025-01-28 09:00:00,82.95,141.34,41.22,63.35,67.27,NA,NA,0.89,23.89,NA,NA,NA,NA,NA,NA,NA,NA,NA,NA,NA,0.00,NA,NA,NA
2025-01-28 10:00:00,93.20,159.36,23.12,61.05,51.28,NA,NA,0.81,45.77,NA,NA,NA,NA,NA,NA,NA,NA,NA,NA,NA,0.00,NA,NA,NA
2025-01-28 11:00:00,79.42,137.22,16.12,53.93,41.80,NA,NA,0.70,64.20,NA,NA,NA,NA,NA,NA,NA,NA,NA,NA,NA,0.00,NA,NA,NA
2025-01-28 12:00:00,82.46,153.62,12.36,51.08,37.22,NA,NA,0.69,84.33,NA,NA,NA,NA,NA,NA,NA,NA,NA,NA,NA,0.00,NA,NA,NA
2025-01-28 13:00:00,32.52,195.15,12.28,51.81,37.52,NA,NA,0.68,98.82,NA,NA,NA,NA,NA,NA,NA,NA,NA,NA,NA,0.00,NA,NA,NA
2025-01-28 14:00:00,45.40,155.78,11.26,53.74,37.77,NA,NA,0.63,107.89,NA,NA,NA,NA,NA,NA,NA,NA,NA,NA,NA,0.00,NA,NA,NA
2025-01-28 15:00:00,73.63,144.57,10.33,40.04,29.70,NA,NA,0.60,115.48,NA,NA,NA,NA,NA,NA,NA,NA,NA,NA,NA,0.00,NA,NA,NA
2025-01-28 16:00:00,92.48,143.21,9.70,43.13,30.83,NA,NA,0.58,92.95,NA,NA,NA,NA,NA,NA,NA,NA,NA,NA,NA,0.00,NA,NA,NA
2025-01-28 17:00:00,45.46,131.61,10.04,54.94,37.37,NA,NA,0.61,58.06,NA,NA,NA,NA,NA,NA,NA,NA,NA,NA,NA,0.00,NA,NA,NA
2025-01-28 18:00:00,75.87,134.92,27.23,95.34,72.76,NA,NA,0.82,18.61,NA,NA,NA,NA,NA,NA,NA,NA,NA,NA,NA,0.00,NA,NA,NA
2025-01-28 19:00:00,117.91,274.32,148.61,94.24,170.70,NA,NA,1.81,6.91,NA,NA,NA,NA,NA,NA,NA,NA,NA,NA,NA,0.00,NA,NA,NA
2025-01-28 20:00:00,188.89,485.10,257.84,76.01,250.19,NA,NA,2.87,7.61,NA,NA,NA,NA,NA,NA,NA,NA,NA,NA,NA,0.00,NA,NA,NA
2025-01-28 21:00:00,186.67,493.82,308.94,61.20,283.55,NA,NA,3.02,7.83,NA,NA,NA,NA,NA,NA,NA,NA,NA,NA,NA,0.00,NA,NA,NA
2025-01-28 22:00:00,208.91,524.13,347.87,43.87,326.00,NA,NA,4.21,8.22,NA,NA,NA,NA,NA,NA,NA,NA,NA,NA,NA,0.00,NA,NA,NA
2025-01-28 23:00:00,174.59,728.38,492.98,22.55,453.78,NA,NA,5.89,7.86,NA,NA,NA,NA,NA,NA,NA,NA,NA,NA,NA,0.00,NA,NA,NA
2025-01-29 00:00:00,243.05,555.14,413.18,49.80,382.21,NA,NA,4.42,6.63,NA,NA,NA,NA,NA,NA,NA,NA,NA,NA,NA,0.00,NA,NA,NA
2025-01-29 01:00:00,187.98,357.65,295.70,52.43,268.22,NA,NA,3.65,7.36,NA,NA,NA,NA,NA,NA,NA,NA,NA,NA,NA,0.00,NA,NA,NA
2025-01-29 02:00:00,199.83,355.72,348.84,33.86,301.58,NA,NA,4.06,7.41,NA,NA,NA,NA,NA,NA,NA,NA,NA,NA,NA,0.00,NA,NA,NA
2025-01-29 03:00:00,180.38,400.43,339.45,36.11,295.31,NA,NA,4.17,7.20,NA,NA,NA,NA,NA,NA,NA,NA,NA,NA,NA,0.00,NA,NA,NA
2025-01-29 04:00:00,187.78,419.04,306.18,32.57,266.21,NA,NA,3.78,6.63,NA,NA,NA,NA,NA,NA,NA,NA,NA,NA,NA,0.00,NA,NA,NA
2025-01-29 05:00:00,242.00,419.57,351.34,24.65,298.84,NA,NA,3.64,6.85,NA,NA,NA,NA,NA,NA,NA,NA,NA,NA,NA,0.00,NA,NA,NA
2025-01-29 06:00:00,264.30,449.99,220.48,45.19,203.25,NA,NA,2.94,6.34,NA,NA,NA,NA,NA,NA,NA,NA,NA,NA,NA,0.00,NA,NA,NA
2025-01-29 07:00:00,202.73,409.51,363.31,16.99,304.37,NA,NA,3.41,6.86,NA,NA,NA,NA,NA,NA,NA,NA,NA,NA,NA,0.00,NA,NA,NA
2025-01-29 08:00:00,248.04,430.49,228.98,52.03,214.05,NA,NA,3.44,8.13,NA,NA,NA,NA,NA,NA,NA,NA,NA,NA,NA,0.00,NA,NA,NA
2025-01-29 09:00:00,237.95,418.76,45.66,83.42,81.56,NA,NA,2.42,17.70,NA,NA,NA,NA,NA,NA,NA,NA,NA,NA,NA,0.00,NA,NA,NA
2025-01-29 10:00:00,264.79,362.21,24.32,71.21,57.68,NA,NA,1.55,63.94,NA,NA,NA,NA,NA,NA,NA,NA,NA,NA,NA,0.00,NA,NA,NA
2025-01-29 11:00:00,242.70,370.21,17.40,59.94,46.04,NA,NA,1.19,114.31,NA,NA,NA,NA,NA,NA,NA,NA,NA,NA,NA,0.00,NA,NA,NA
2025-01-29 12:00:00,328.51,430.99,10.87,47.15,33.93,NA,NA,0.99,135.66,NA,NA,NA,NA,NA,NA,NA,NA,NA,NA,NA,0.00,NA,NA,NA
2025-01-29 13:00:00,257.97,409.78,9.80,40.14,29.31,NA,NA,0.82,134.42,NA,NA,NA,NA,NA,NA,NA,NA,NA,NA,NA,0.00,NA,NA,NA
2025-01-29 14:00:00,154.21,249.40,10.03,44.79,31.99,NA,NA,0.80,130.48,NA,NA,NA,NA,NA,NA,NA,NA,NA,NA,NA,0.00,NA,NA,NA
2025-01-29 15:00:00,114.17,205.05,9.19,40.33,28.92,NA,NA,0.72,137.56,NA,NA,NA,NA,NA,NA,NA,NA,NA,NA,NA,0.00,NA,NA,NA
2025-01-29 16:00:00,62.81,208.29,9.33,43.69,30.80,NA,NA,0.77,130.07,NA,NA,NA,NA,NA,NA,NA,NA,NA,NA,NA,0.00,NA,NA,NA
2025-01-29 17:00:00,106.62,329.62,14.20,92.31,60.60,NA,NA,0.99,55.94,NA,NA,NA,NA,NA,NA,NA,NA,NA,NA,NA,0.00,NA,NA,NA
2025-01-29 18:00:00,141.05,427.32,63.98,122.28,117.00,NA,NA,1.64,12.01,NA,NA,NA,NA,NA,NA,NA,NA,NA,NA,NA,0.00,NA,NA,NA
2025-01-29 19:00:00,167.88,461.31,72.15,114.01,119.31,NA,NA,2.10,8.30,NA,NA,NA,NA,NA,NA,NA,NA,NA,NA,NA,0.00,NA,NA,NA
2025-01-29 20:00:00,206.84,438.10,52.58,101.11,96.56,NA,NA,2.06,10.03,NA,NA,NA,NA,NA,NA,NA,NA,NA,NA,NA,0.00,NA,NA,NA
2025-01-29 21:00:00,229.71,408.63,48.21,88.78,86.43,NA,NA,1.99,8.50,NA,NA,NA,NA,NA,NA,NA,NA,NA,NA,NA,0.00,NA,NA,NA
2025-01-29 22:00:00,197.23,391.93,69.39,78.84,98.31,NA,NA,2.04,7.07,NA,NA,NA,NA,NA,NA,NA,NA,NA,NA,NA,0.00,NA,NA,NA
2025-01-29 23:00:00,202.19,390.20,98.48,72.57,118.63,NA,NA,2.10,6.51,NA,NA,NA,NA,NA,NA,NA,NA,NA,NA,NA,0.00,NA,NA,NA
2025-01-30 00:00:00,192.10,431.78,83.25,73.85,107.02,NA,NA,1.94,6.42,NA,NA,NA,NA,NA,NA,NA,NA,NA,NA,NA,0.00,NA,NA,NA
2025-01-30 01:00:00,189.21,354.57,43.76,72.60,74.23,NA,NA,1.58,7.80,NA,NA,NA,NA,NA,NA,NA,NA,NA,NA,NA,0.00,NA,NA,NA
2025-01-30 02:00:00,184.97,305.09,43.22,69.23,71.94,NA,NA,1.34,9.43,NA,NA,NA,NA,NA,NA,NA,NA,NA,NA,NA,0.00,NA,NA,NA
2025-01-30 03:00:00,175.87,315.36,59.65,73.40,87.51,NA,NA,1.41,6.78,NA,NA,NA,NA,NA,NA,NA,NA,NA,NA,NA,0.00,NA,NA,NA
2025-01-30 04:00:00,172.80,317.83,67.38,66.26,89.98,NA,NA,1.41,8.35,NA,NA,NA,NA,NA,NA,NA,NA,NA,NA,NA,0.00,NA,NA,NA
2025-01-30 05:00:00,162.24,314.52,71.74,66.57,93.81,NA,NA,1.47,9.98,NA,NA,NA,NA,NA,NA,NA,NA,NA,NA,NA,0.00,NA,NA,NA
2025-01-30 06:00:00,182.63,302.24,57.20,57.68,77.12,NA,NA,1.30,7.91,NA,NA,NA,NA,NA,NA,NA,NA,NA,NA,NA,0.00,NA,NA,NA
2025-01-30 07:00:00,201.72,314.53,82.86,56.93,97.65,NA,NA,1.59,6.66,NA,NA,NA,NA,NA,NA,NA,NA,NA,NA,NA,0.00,NA,NA,NA
2025-01-30 08:00:00,179.88,298.24,36.54,68.77,66.38,NA,NA,1.48,19.27,NA,NA,NA,NA,NA,NA,NA,NA,NA,NA,NA,0.00,NA,NA,NA
2025-01-30 09:00:00,147.43,300.82,15.04,48.65,38.13,NA,NA,1.14,57.91,NA,NA,NA,NA,NA,NA,NA,NA,NA,NA,NA,0.00,NA,NA,NA
2025-01-30 10:00:00,144.95,263.18,12.26,39.51,30.98,NA,NA,0.98,89.59,NA,NA,NA,NA,NA,NA,NA,NA,NA,NA,NA,0.00,NA,NA,NA
2025-01-30 11:00:00,115.38,202.62,11.06,34.49,27.36,NA,NA,0.77,110.31,NA,NA,NA,NA,NA,NA,NA,NA,NA,NA,NA,0.00,NA,NA,NA
2025-01-30 12:00:00,116.53,156.45,10.14,29.28,23.82,NA,NA,0.66,122.05,NA,NA,NA,NA,NA,NA,NA,NA,NA,NA,NA,0.00,NA,NA,NA
2025-01-30 13:00:00,94.19,132.86,9.73,26.07,21.78,NA,NA,0.59,125.60,NA,NA,NA,NA,NA,NA,NA,NA,NA,NA,NA,0.00,NA,NA,NA
2025-01-30 14:00:00,87.26,146.41,9.31,29.40,23.21,NA,NA,0.64,128.40,NA,NA,NA,NA,NA,NA,NA,NA,NA,NA,NA,0.00,NA,NA,NA
2025-01-30 15:00:00,86.98,155.65,9.40,33.73,25.58,NA,NA,0.68,117.32,NA,NA,NA,NA,NA,NA,NA,NA,NA,NA,NA,0.00,NA,NA,NA
2025-01-30 16:00:00,81.33,150.44,9.19,32.33,24.66,NA,NA,0.68,110.25,NA,NA,NA,NA,NA,NA,NA,NA,NA,NA,NA,0.00,NA,NA,NA
2025-01-30 17:00:00,90.81,162.36,9.98,51.92,35.72,NA,NA,0.73,72.59,NA,NA,NA,NA,NA,NA,NA,NA,NA,NA,NA,0.00,NA,NA,NA
2025-01-30 18:00:00,101.66,199.82,11.12,64.50,43.35,NA,NA,0.94,42.86,NA,NA,NA,NA,NA,NA,NA,NA,NA,NA,NA,0.00,NA,NA,NA
2025-01-30 19:00:00,113.59,226.01,14.99,78.77,54.08,NA,NA,1.16,21.48,NA,NA,NA,NA,NA,NA,NA,NA,NA,NA,NA,0.00,NA,NA,NA
2025-01-30 20:00:00,146.21,305.57,18.27,70.47,52.34,NA,NA,1.39,18.70,NA,NA,NA,NA,NA,NA,NA,NA,NA,NA,NA,0.00,NA,NA,NA
2025-01-30 21:00:00,191.56,314.93,17.70,68.32,50.69,NA,NA,1.47,19.96,NA,NA,NA,NA,NA,NA,NA,NA,NA,NA,NA,0.00,NA,NA,NA
2025-01-30 22:00:00,174.43,286.34,150.96,56.29,152.44,NA,NA,2.10,6.85,NA,NA,NA,NA,NA,NA,NA,NA,NA,NA,NA,0.00,NA,NA,NA
2025-01-30 23:00:00,178.71,423.46,198.34,53.40,189.73,NA,NA,2.80,6.56,NA,NA,NA,NA,NA,NA,NA,NA,NA,NA,NA,0.00,NA,NA,NA
2025-01-31 00:00:00,167.83,439.08,205.31,48.68,192.82,NA,NA,2.64,6.63,NA,NA,NA,NA,NA,NA,NA,NA,NA,NA,NA,0.00,NA,NA,NA
2025-01-31 01:00:00,163.86,421.50,179.86,50.36,173.07,NA,NA,2.52,6.65,NA,NA,NA,NA,NA,NA,NA,NA,NA,NA,NA,0.00,NA,NA,NA
2025-01-31 02:00:00,174.98,398.16,234.42,34.30,208.72,NA,NA,2.54,7.06,NA,NA,NA,NA,NA,NA,NA,NA,NA,NA,NA,0.00,NA,NA,NA
2025-01-31 03:00:00,235.88,514.33,320.87,10.78,266.61,NA,NA,3.28,7.15,NA,NA,NA,NA,NA,NA,NA,NA,NA,NA,NA,0.00,NA,NA,NA
2025-01-31 04:00:00,199.70,447.80,184.83,30.64,166.77,NA,NA,2.66,6.35,NA,NA,NA,NA,NA,NA,NA,NA,NA,NA,NA,0.00,NA,NA,NA
2025-01-31 05:00:00,212.21,329.83,128.60,35.20,123.24,NA,NA,1.95,6.58,NA,NA,NA,NA,NA,NA,NA,NA,NA,NA,NA,0.00,NA,NA,NA
2025-01-31 06:00:00,234.54,336.74,84.98,41.89,91.45,NA,NA,1.73,6.26,NA,NA,NA,NA,NA,NA,NA,NA,NA,NA,NA,0.00,NA,NA,NA
2025-01-31 07:00:00,215.86,296.90,57.34,40.24,68.02,NA,NA,1.56,6.74,NA,NA,NA,NA,NA,NA,NA,NA,NA,NA,NA,0.00,NA,NA,NA
2025-01-31 08:00:00,204.58,290.21,83.82,50.78,95.09,NA,NA,1.73,7.41,NA,NA,NA,NA,NA,NA,NA,NA,NA,NA,NA,0.00,NA,NA,NA
2025-01-31 09:00:00,219.02,360.21,70.92,81.76,101.18,NA,NA,1.91,10.09,NA,NA,NA,NA,NA,NA,NA,NA,NA,NA,NA,0.00,NA,NA,NA
2025-01-31 10:00:00,244.59,388.20,40.60,117.43,95.48,NA,NA,2.10,24.76,NA,NA,NA,NA,NA,NA,NA,NA,NA,NA,NA,0.00,NA,NA,NA
2025-01-31 11:00:00,201.26,287.59,17.95,83.32,58.96,NA,NA,1.49,63.62,NA,NA,NA,NA,NA,NA,NA,NA,NA,NA,NA,0.00,NA,NA,NA
2025-01-31 12:00:00,128.16,227.54,15.81,66.12,48.04,NA,NA,1.02,84.38,NA,NA,NA,NA,NA,NA,NA,NA,NA,NA,NA,0.00,NA,NA,NA
2025-01-31 13:00:00,110.22,215.91,12.62,50.35,37.04,NA,NA,0.83,97.72,NA,NA,NA,NA,NA,NA,NA,NA,NA,NA,NA,0.00,NA,NA,NA
2025-01-31 14:00:00,104.07,171.22,13.86,64.26,45.46,NA,NA,0.84,97.32,NA,NA,NA,NA,NA,NA,NA,NA,NA,NA,NA,0.00,NA,NA,NA
2025-01-31 15:00:00,92.61,163.39,10.81,44.51,32.47,NA,NA,0.76,113.47,NA,NA,NA,NA,NA,NA,NA,NA,NA,NA,NA,0.00,NA,NA,NA
2025-01-31 16:00:00,109.81,187.26,10.58,52.86,36.72,NA,NA,0.89,91.05,NA,NA,NA,NA,NA,NA,NA,NA,NA,NA,NA,0.00,NA,NA,NA
2025-01-31 17:00:00,131.56,223.58,22.66,83.27,62.63,NA,NA,1.02,34.27,NA,NA,NA,NA,NA,NA,NA,NA,NA,NA,NA,0.00,NA,NA,NA
2025-01-31 18:00:00,177.14,283.48,51.47,99.98,95.07,NA,NA,1.47,9.38,NA,NA,NA,NA,NA,NA,NA,NA,NA,NA,NA,0.00,NA,NA,NA
2025-01-31 19:00:00,201.50,333.64,33.59,91.14,75.75,NA,NA,1.74,10.51,NA,NA,NA,NA,NA,NA,NA,NA,NA,NA,NA,0.00,NA,NA,NA
2025-01-31 20:00:00,214.65,349.92,63.20,81.10,94.55,NA,NA,2.12,7.20,NA,NA,NA,NA,NA,NA,NA,NA,NA,NA,NA,0.00,NA,NA,NA
2025-01-31 21:00:00,207.42,397.03,77.58,66.88,98.60,NA,NA,2.28,6.99,NA,NA,NA,NA,NA,NA,NA,NA,NA,NA,NA,0.00,NA,NA,NA
2025-01-31 22:00:00,201.66,368.89,143.53,55.48,146.14,NA,NA,2.85,7.03,NA,NA,NA,NA,NA,NA,NA,NA,NA,NA,NA,0.00,NA,NA,NA
2025-01-31 23:00:00,257.38,395.64,157.95,53.98,157.09,NA,NA,2.95,6.87,NA,NA,NA,NA,NA,NA,NA,NA,NA,NA,NA,0.00,NA,NA,NA
2025-02-01 00:00:00,233.47,425.65,176.05,47.27,168.32,NA,NA,3.21,6.70,NA,NA,NA,NA,NA,NA,NA,NA,NA,NA,NA,0.00,NA,NA,NA
2025-02-01 01:00:00,223.73,369.01,167.31,41.67,158.18,NA,NA,3.02,6.53,NA,NA,NA,NA,NA,NA,NA,NA,NA,NA,NA,0.00,NA,NA,NA
2025-02-01 02:00:00,159.36,290.29,193.64,28.81,172.75,NA,NA,2.82,6.71,NA,NA,NA,NA,NA,NA,NA,NA,NA,NA,NA,0.00,NA,NA,NA
2025-02-01 03:00:00,182.94,277.39,183.43,24.95,162.44,NA,NA,2.71,6.42,NA,NA,NA,NA,NA,NA,NA,NA,NA,NA,NA,0.00,NA,NA,NA
2025-02-01 04:00:00,126.99,173.10,109.17,21.24,100.15,NA,NA,1.97,6.28,NA,NA,NA,NA,NA,NA,NA,NA,NA,NA,NA,0.00,NA,NA,NA
2025-02-01 05:00:00,115.48,155.47,70.17,31.35,73.72,NA,NA,1.65,7.52,NA,NA,NA,NA,NA,NA,NA,NA,NA,NA,NA,0.00,NA,NA,NA
2025-02-01 06:00:00,136.16,196.96,70.32,37.36,77.06,NA,NA,1.71,7.33,NA,NA,NA,NA,NA,NA,NA,NA,NA,NA,NA,0.00,NA,NA,NA
2025-02-01 07:00:00,126.66,184.58,86.46,33.75,88.23,NA,NA,1.63,7.15,NA,NA,NA,NA,NA,NA,NA,NA,NA,NA,NA,0.00,NA,NA,NA
2025-02-01 08:00:00,110.50,147.46,101.95,40.09,104.15,NA,NA,1.73,7.63,NA,NA,NA,NA,NA,NA,NA,NA,NA,NA,NA,0.00,NA,NA,NA
2025-02-01 09:00:00,143.76,236.33,88.00,69.44,108.53,NA,NA,2.11,7.52,NA,NA,NA,NA,NA,NA,NA,NA,NA,NA,NA,0.00,NA,NA,NA
2025-02-01 10:00:00,181.33,231.33,59.96,61.06,81.25,NA,NA,1.91,8.91,NA,NA,NA,NA,NA,NA,NA,NA,NA,NA,NA,0.00,NA,NA,NA
2025-02-01 11:00:00,190.14,307.09,41.80,71.20,71.85,NA,NA,1.87,12.56,NA,NA,NA,NA,NA,NA,NA,NA,NA,NA,NA,0.00,NA,NA,NA
2025-02-01 12:00:00,237.15,364.22,28.28,79.54,65.32,NA,NA,1.93,22.47,NA,NA,NA,NA,NA,NA,NA,NA,NA,NA,NA,0.00,NA,NA,NA
2025-02-01 13:00:00,273.79,381.68,16.45,99.26,66.17,NA,NA,2.14,62.08,NA,NA,NA,NA,NA,NA,NA,NA,NA,NA,NA,0.00,NA,NA,NA
2025-02-01 14:00:00,250.52,454.56,14.28,105.10,67.52,NA,NA,2.29,79.91,NA,NA,NA,NA,NA,NA,NA,NA,NA,NA,NA,0.00,NA,NA,NA
2025-02-01 15:00:00,225.17,414.11,13.09,105.67,66.84,NA,NA,2.18,79.15,NA,NA,NA,NA,NA,NA,NA,NA,NA,NA,NA,0.00,NA,NA,NA
2025-02-01 16:00:00,265.81,472.65,12.23,95.92,60.97,NA,NA,2.06,62.35,NA,NA,NA,NA,NA,NA,NA,NA,NA,NA,NA,0.00,NA,NA,NA
2025-02-01 17:00:00,209.01,360.91,16.00,101.52,67.00,NA,NA,1.72,25.79,NA,NA,NA,NA,NA,NA,NA,NA,NA,NA,NA,0.00,NA,NA,NA
2025-02-01 18:00:00,164.02,325.14,22.38,98.73,70.73,NA,NA,1.65,10.97,NA,NA,NA,NA,NA,NA,NA,NA,NA,NA,NA,0.00,NA,NA,NA
2025-02-01 19:00:00,183.54,363.18,31.85,91.84,74.73,NA,NA,2.09,8.28,NA,NA,NA,NA,NA,NA,NA,NA,NA,NA,NA,0.00,NA,NA,NA
2025-02-01 20:00:00,190.88,350.92,24.81,77.53,61.46,NA,NA,2.23,8.43,NA,NA,NA,NA,NA,NA,NA,NA,NA,NA,NA,0.00,NA,NA,NA
2025-02-01 21:00:00,184.21,284.32,30.99,54.60,54.21,NA,NA,1.69,7.50,NA,NA,NA,NA,NA,NA,NA,NA,NA,NA,NA,0.00,NA,NA,NA
2025-02-01 22:00:00,168.97,264.96,40.12,47.49,57.90,NA,NA,1.72,6.28,NA,NA,NA,NA,NA,NA,NA,NA,NA,NA,NA,0.00,NA,NA,NA
2025-02-01 23:00:00,144.53,226.68,72.21,42.36,81.17,NA,NA,1.77,6.43,NA,NA,NA,NA,NA,NA,NA,NA,NA,NA,NA,0.00,NA,NA,NA
2025-02-02 00:00:00,142.30,222.11,66.33,44.98,77.87,NA,NA,1.82,6.30,NA,NA,NA,NA,NA,NA,NA,NA,NA,NA,NA,0.00,NA,NA,NA
2025-02-02 01:00:00,135.69,247.72,63.46,48.12,77.20,NA,NA,1.72,6.34,NA,NA,NA,NA,NA,NA,NA,NA,NA,NA,NA,0.00,NA,NA,NA
2025-02-02 02:00:00,134.33,255.61,58.15,40.63,68.92,NA,NA,1.58,6.10,NA,NA,NA,NA,NA,NA,NA,NA,NA,NA,NA,0.00,NA,NA,NA
2025-02-02 03:00:00,NA,NA,NA,NA,NA,NA,NA,NA,NA,NA,NA,NA,NA,NA,NA,NA,NA,NA,NA,NA,0.00,NA,NA,NA
2025-02-02 04:00:00,NA,NA,NA,NA,NA,NA,NA,NA,NA,NA,NA,NA,NA,NA,NA,NA,NA,NA,NA,NA,0.00,NA,NA,NA
2025-02-02 05:00:00,NA,NA,NA,NA,NA,NA,NA,NA,NA,NA,NA,NA,NA,NA,NA,NA,NA,NA,NA,NA,0.00,NA,NA,NA
2025-02-02 06:00:00,NA,NA,NA,NA,NA,NA,NA,NA,NA,NA,NA,NA,NA,NA,NA,NA,NA,NA,NA,NA,0.00,NA,NA,NA
2025-02-02 07:00:00,NA,NA,NA,NA,NA,NA,NA,NA,NA,NA,NA,NA,NA,NA,NA,NA,NA,NA,NA,NA,0.00,NA,NA,NA
2025-02-02 08:00:00,NA,NA,NA,NA,NA,NA,NA,NA,NA,NA,NA,NA,NA,NA,NA,NA,NA,NA,NA,NA,0.00,NA,NA,NA
2025-02-02 09:00:00,NA,NA,NA,NA,NA,NA,NA,NA,NA,NA,NA,NA,NA,NA,NA,NA,NA,NA,NA,NA,0.00,NA,NA,NA
2025-02-02 10:00:00,NA,NA,NA,NA,NA,NA,NA,NA,NA,NA,NA,NA,NA,NA,NA,NA,NA,NA,NA,NA,0.00,NA,NA,NA
2025-02-02 11:00:00,NA,NA,NA,NA,NA,NA,NA,NA,NA,NA,NA,NA,NA,NA,NA,NA,NA,NA,NA,NA,0.00,NA,NA,NA
2025-02-02 12:00:00,NA,NA,NA,NA,NA,NA,NA,NA,NA,NA,NA,NA,NA,NA,NA,NA,NA,NA,NA,NA,0.00,NA,NA,NA
2025-02-02 13:00:00,NA,NA,NA,NA,NA,NA,NA,NA,NA,NA,NA,NA,NA,NA,NA,NA,NA,NA,NA,NA,0.00,NA,NA,NA
2025-02-02 14:00:00,NA,NA,NA,NA,NA,NA,NA,NA,NA,NA,NA,NA,NA,NA,NA,NA,NA,NA,NA,NA,0.00,NA,NA,NA
2025-02-02 15:00:00,NA,NA,NA,NA,NA,NA,NA,NA,NA,NA,NA,NA,NA,NA,NA,NA,NA,NA,NA,NA,0.00,NA,NA,NA
2025-02-02 16:00:00,NA,NA,NA,NA,NA,NA,NA,NA,NA,NA,NA,NA,NA,NA,NA,NA,NA,NA,NA,NA,0.00,NA,NA,NA
2025-02-02 17:00:00,NA,NA,NA,NA,NA,NA,NA,NA,NA,NA,NA,NA,NA,NA,NA,NA,NA,NA,NA,NA,0.00,NA,NA,NA
2025-02-02 18:00:00,NA,NA,NA,NA,NA,NA,NA,NA,NA,NA,NA,NA,NA,NA,NA,NA,NA,NA,NA,NA,0.00,NA,NA,NA
2025-02-02 19:00:00,NA,NA,NA,NA,NA,NA,NA,NA,NA,NA,NA,NA,NA,NA,NA,NA,NA,NA,NA,NA,0.00,NA,NA,NA
2025-02-02 20:00:00,NA,NA,NA,NA,NA,NA,NA,NA,NA,NA,NA,NA,NA,NA,NA,NA,NA,NA,NA,NA,0.00,NA,NA,NA
2025-02-02 21:00:00,NA,NA,NA,NA,NA,NA,NA,NA,NA,NA,NA,NA,NA,NA,NA,NA,NA,NA,NA,NA,0.00,NA,NA,NA
2025-02-02 22:00:00,NA,NA,NA,NA,NA,NA,NA,NA,NA,NA,NA,NA,NA,NA,NA,NA,NA,NA,NA,NA,0.00,NA,NA,NA
2025-02-02 23:00:00,NA,NA,NA,NA,NA,NA,NA,NA,NA,NA,NA,NA,NA,NA,NA,NA,NA,NA,NA,NA,0.00,NA,NA,NA
2025-02-03 00:00:00,NA,NA,NA,NA,NA,NA,NA,NA,NA,NA,NA,NA,NA,NA,NA,NA,NA,NA,NA,NA,0.00,NA,NA,NA
2025-02-03 01:00:00,NA,NA,NA,NA,NA,NA,NA,NA,NA,NA,NA,NA,NA,NA,NA,NA,NA,NA,NA,NA,0.00,NA,NA,NA
2025-02-03 02:00:00,NA,NA,NA,NA,NA,NA,NA,NA,NA,NA,NA,NA,NA,NA,NA,NA,NA,NA,NA,NA,0.00,NA,NA,NA
2025-02-03 03:00:00,NA,NA,NA,NA,NA,NA,NA,NA,NA,NA,NA,NA,NA,NA,NA,NA,NA,NA,NA,NA,0.00,NA,NA,NA
2025-02-03 04:00:00,NA,NA,NA,NA,NA,NA,NA,NA,NA,NA,NA,NA,NA,NA,NA,NA,NA,NA,NA,NA,0.00,NA,NA,NA
2025-02-03 05:00:00,NA,NA,NA,NA,NA,NA,NA,NA,NA,NA,NA,NA,NA,NA,NA,NA,NA,NA,NA,NA,0.00,NA,NA,NA
2025-02-03 06:00:00,NA,NA,NA,NA,NA,NA,NA,NA,NA,NA,NA,NA,NA,NA,NA,NA,NA,NA,NA,NA,0.00,NA,NA,NA
2025-02-03 07:00:00,NA,NA,NA,NA,NA,NA,NA,NA,NA,NA,NA,NA,NA,NA,NA,NA,NA,NA,NA,NA,0.00,NA,NA,NA
2025-02-03 08:00:00,NA,NA,NA,NA,NA,NA,NA,NA,NA,NA,NA,NA,NA,NA,NA,NA,NA,NA,NA,NA,0.00,NA,NA,NA
2025-02-03 09:00:00,NA,NA,NA,NA,NA,NA,NA,NA,NA,NA,NA,NA,NA,NA,NA,NA,NA,NA,NA,NA,0.00,NA,NA,NA
2025-02-03 10:00:00,NA,NA,NA,NA,NA,NA,NA,NA,NA,NA,NA,NA,NA,NA,NA,NA,NA,NA,NA,NA,0.00,NA,NA,NA
2025-02-03 11:00:00,96.09,163.25,19.77,54.63,45.20,NA,NA,1.15,38.24,NA,NA,NA,NA,NA,NA,NA,NA,NA,NA,NA,0.00,NA,NA,NA
2025-02-03 12:00:00,97.62,165.80,15.39,53.14,40.78,NA,NA,1.07,48.97,NA,NA,NA,NA,NA,NA,NA,NA,NA,NA,NA,0.00,NA,NA,NA
2025-02-03 13:00:00,77.40,214.07,11.54,51.47,36.76,NA,NA,0.87,78.87,NA,NA,NA,NA,NA,NA,NA,NA,NA,NA,NA,0.00,NA,NA,NA
2025-02-03 14:00:00,72.40,163.37,11.48,40.95,31.12,NA,NA,0.75,78.99,NA,NA,NA,NA,NA,NA,NA,NA,NA,NA,NA,0.00,NA,NA,NA
2025-02-03 15:00:00,48.52,107.42,10.30,34.66,26.81,NA,NA,0.67,76.74,NA,NA,NA,NA,NA,NA,NA,NA,NA,NA,NA,0.00,NA,NA,NA
2025-02-03 16:00:00,49.98,102.01,9.68,33.59,25.75,NA,NA,0.61,76.02,NA,NA,NA,NA,NA,NA,NA,NA,NA,NA,NA,0.00,NA,NA,NA
2025-02-03 17:00:00,50.86,117.79,11.23,39.81,30.28,NA,NA,0.64,50.77,NA,NA,NA,NA,NA,NA,NA,NA,NA,NA,NA,0.00,NA,NA,NA
2025-02-03 18:00:00,75.78,143.17,57.37,55.94,76.48,NA,NA,0.97,9.20,NA,NA,NA,NA,NA,NA,NA,NA,NA,NA,NA,0.00,NA,NA,NA
2025-02-03 19:00:00,88.09,203.68,93.74,54.89,105.53,NA,NA,1.45,7.75,NA,NA,NA,NA,NA,NA,NA,NA,NA,NA,NA,0.00,NA,NA,NA
2025-02-03 20:00:00,103.58,293.82,126.49,52.20,130.49,NA,NA,2.17,6.78,NA,NA,NA,NA,NA,NA,NA,NA,NA,NA,NA,0.00,NA,NA,NA
2025-02-03 21:00:00,97.79,233.54,79.85,54.42,93.88,NA,NA,1.94,7.02,NA,NA,NA,NA,NA,NA,NA,NA,NA,NA,NA,0.00,NA,NA,NA
2025-02-03 22:00:00,103.03,199.88,81.60,50.47,93.17,NA,NA,1.84,6.47,NA,NA,NA,NA,NA,NA,NA,NA,NA,NA,NA,0.00,NA,NA,NA
2025-02-03 23:00:00,91.21,206.32,112.05,44.83,114.99,NA,NA,1.76,6.76,NA,NA,NA,NA,NA,NA,NA,NA,NA,NA,NA,0.00,NA,NA,NA
2025-02-04 00:00:00,111.52,272.77,130.43,43.50,129.20,NA,NA,2.18,7.05,NA,NA,NA,NA,NA,NA,NA,NA,NA,NA,NA,0.00,NA,NA,NA
2025-02-04 01:00:00,115.02,269.31,125.82,41.56,124.38,NA,NA,2.30,6.91,NA,NA,NA,NA,NA,NA,NA,NA,NA,NA,NA,0.00,NA,NA,NA
2025-02-04 02:00:00,112.81,265.05,129.06,38.46,125.45,NA,NA,2.15,6.92,NA,NA,NA,NA,NA,NA,NA,NA,NA,NA,NA,0.00,NA,NA,NA
2025-02-04 03:00:00,140.20,282.51,125.09,35.72,120.66,NA,NA,2.12,6.79,NA,NA,NA,NA,NA,NA,NA,NA,NA,NA,NA,0.00,NA,NA,NA
2025-02-04 04:00:00,127.15,249.59,117.27,30.17,111.38,NA,NA,2.02,6.51,NA,NA,NA,NA,NA,NA,NA,NA,NA,NA,NA,0.00,NA,NA,NA
2025-02-04 05:00:00,123.28,233.66,102.22,32.88,100.58,NA,NA,1.69,6.41,NA,NA,NA,NA,NA,NA,NA,NA,NA,NA,NA,0.00,NA,NA,NA
2025-02-04 06:00:00,124.28,202.89,96.61,31.59,95.35,NA,NA,1.34,6.28,NA,NA,NA,NA,NA,NA,NA,NA,NA,NA,NA,0.00,NA,NA,NA
2025-02-04 07:00:00,112.93,189.20,84.16,33.97,86.47,NA,NA,1.20,6.68,NA,NA,NA,NA,NA,NA,NA,NA,NA,NA,NA,0.00,NA,NA,NA
2025-02-04 08:00:00,112.78,182.73,81.88,35.35,85.39,NA,NA,1.22,7.00,NA,NA,NA,NA,NA,NA,NA,NA,NA,NA,NA,0.00,NA,NA,NA
2025-02-04 09:00:00,98.90,165.39,74.75,41.19,82.64,NA,NA,1.25,11.25,NA,NA,NA,NA,NA,NA,NA,NA,NA,NA,NA,0.00,NA,NA,NA
2025-02-04 10:00:00,86.18,144.90,51.72,42.33,64.54,NA,NA,1.15,31.66,NA,NA,NA,NA,NA,NA,NA,NA,NA,NA,NA,0.00,NA,NA,NA
2025-02-04 11:00:00,74.08,147.57,38.68,38.81,52.09,NA,NA,0.90,69.61,NA,NA,NA,NA,NA,NA,NA,NA,NA,NA,NA,0.00,NA,NA,NA
2025-02-04 12:00:00,79.57,163.92,31.86,41.59,48.02,NA,NA,0.76,84.04,NA,NA,NA,NA,NA,NA,NA,NA,NA,NA,NA,0.00,NA,NA,NA
2025-02-04 13:00:00,80.98,148.37,25.63,39.64,41.91,NA,NA,0.70,103.23,NA,NA,NA,NA,NA,NA,NA,NA,NA,NA,NA,0.00,NA,NA,NA
2025-02-04 14:00:00,80.59,184.24,23.49,65.00,53.65,NA,NA,0.96,76.80,NA,NA,NA,NA,NA,NA,NA,NA,NA,NA,NA,0.00,NA,NA,NA
2025-02-04 15:00:00,171.03,357.80,19.89,76.79,57.01,NA,NA,1.82,71.85,NA,NA,NA,NA,NA,NA,NA,NA,NA,NA,NA,0.00,NA,NA,NA
2025-02-04 16:00:00,170.44,341.31,19.31,75.09,55.66,NA,NA,1.67,41.31,NA,NA,NA,NA,NA,NA,NA,NA,NA,NA,NA,0.00,NA,NA,NA
2025-02-04 17:00:00,153.24,295.92,26.99,80.48,64.74,NA,NA,1.71,11.59,NA,NA,NA,NA,NA,NA,NA,NA,NA,NA,NA,0.00,NA,NA,NA
2025-02-04 18:00:00,168.87,336.26,29.44,74.93,63.81,NA,NA,1.91,8.11,NA,NA,NA,NA,NA,NA,NA,NA,NA,NA,NA,0.00,NA,NA,NA
2025-02-04 19:00:00,155.93,364.76,66.53,63.62,88.01,NA,NA,1.81,6.74,NA,NA,NA,NA,NA,NA,NA,NA,NA,NA,NA,0.00,NA,NA,NA
2025-02-04 20:00:00,172.97,395.82,108.86,57.53,119.19,NA,NA,2.43,7.50,NA,NA,NA,NA,NA,NA,NA,NA,NA,NA,NA,0.00,NA,NA,NA
2025-02-04 21:00:00,200.90,473.09,132.15,50.60,134.25,NA,NA,3.29,7.00,NA,NA,NA,NA,NA,NA,NA,NA,NA,NA,NA,0.00,NA,NA,NA
2025-02-04 22:00:00,213.22,394.50,51.82,49.51,68.44,NA,NA,2.49,7.43,NA,NA,NA,NA,NA,NA,NA,NA,NA,NA,NA,0.00,NA,NA,NA
2025-02-04 23:00:00,160.84,250.21,38.69,40.82,53.17,NA,NA,1.42,9.05,NA,NA,NA,NA,NA,NA,NA,NA,NA,NA,NA,0.00,NA,NA,NA
2025-02-05 00:00:00,138.45,215.03,34.76,36.89,47.88,NA,NA,1.17,13.48,NA,NA,NA,NA,NA,NA,NA,NA,NA,NA,NA,0.00,NA,NA,NA
2025-02-05 01:00:00,118.74,212.48,32.39,38.16,46.63,NA,NA,1.02,11.61,NA,NA,NA,NA,NA,NA,NA,NA,NA,NA,NA,0.00,NA,NA,NA
2025-02-05 02:00:00,118.58,197.56,34.91,34.88,46.93,NA,NA,1.00,7.05,NA,NA,NA,NA,NA,NA,NA,NA,NA,NA,NA,0.00,NA,NA,NA
2025-02-05 03:00:00,72.05,163.49,32.80,32.54,43.97,NA,NA,0.94,7.47,NA,NA,NA,NA,NA,NA,NA,NA,NA,NA,NA,0.00,NA,NA,NA
2025-02-05 04:00:00,109.06,164.88,33.38,30.93,43.60,NA,NA,0.94,6.69,NA,NA,NA,NA,NA,NA,NA,NA,NA,NA,NA,0.00,NA,NA,NA
2025-02-05 05:00:00,113.18,133.07,34.52,26.92,42.39,NA,NA,0.93,6.62,NA,NA,NA,NA,NA,NA,NA,NA,NA,NA,NA,0.00,NA,NA,NA
2025-02-05 06:00:00,103.29,144.73,37.66,25.80,44.34,NA,NA,0.91,6.56,NA,NA,NA,NA,NA,NA,NA,NA,NA,NA,NA,0.00,NA,NA,NA
2025-02-05 07:00:00,91.93,134.96,38.33,25.74,44.85,NA,NA,0.92,7.16,NA,NA,NA,NA,NA,NA,NA,NA,NA,NA,NA,0.00,NA,NA,NA
2025-02-05 08:00:00,76.34,137.36,38.92,26.57,45.79,NA,NA,0.99,10.10,NA,NA,NA,NA,NA,NA,NA,NA,NA,NA,NA,0.00,NA,NA,NA
2025-02-05 09:00:00,91.74,138.10,36.74,26.95,44.19,NA,NA,0.97,18.10,NA,NA,NA,NA,NA,NA,NA,NA,NA,NA,NA,0.00,NA,NA,NA
2025-02-05 10:00:00,103.42,158.00,27.05,27.92,36.83,NA,NA,0.94,37.21,NA,NA,NA,NA,NA,NA,NA,NA,NA,NA,NA,0.00,NA,NA,NA
2025-02-05 11:00:00,101.57,179.98,21.48,31.13,34.02,NA,NA,0.89,60.88,NA,NA,NA,NA,NA,NA,NA,NA,NA,NA,NA,0.00,NA,NA,NA
2025-02-05 12:00:00,81.02,135.49,17.80,32.82,31.93,NA,NA,0.79,77.06,NA,NA,NA,NA,NA,NA,NA,NA,NA,NA,NA,0.00,NA,NA,NA
2025-02-05 13:00:00,70.34,150.57,15.19,32.95,29.87,NA,NA,0.70,87.16,NA,NA,NA,NA,NA,NA,NA,NA,NA,NA,NA,0.00,NA,NA,NA
2025-02-05 14:00:00,67.07,129.12,12.78,33.15,28.02,NA,NA,0.61,88.08,NA,NA,NA,NA,NA,NA,NA,NA,NA,NA,NA,0.00,NA,NA,NA
2025-02-05 15:00:00,42.20,104.14,11.36,32.10,26.31,NA,NA,0.53,87.79,NA,NA,NA,NA,NA,NA,NA,NA,NA,NA,NA,0.00,NA,NA,NA
2025-02-05 16:00:00,18.10,82.45,10.77,30.18,24.81,NA,NA,0.51,81.30,NA,NA,NA,NA,NA,NA,NA,NA,NA,NA,NA,0.00,NA,NA,NA
2025-02-05 17:00:00,29.83,82.88,10.25,27.83,23.14,NA,NA,0.48,82.30,NA,NA,NA,NA,NA,NA,NA,NA,NA,NA,NA,0.00,NA,NA,NA
2025-02-05 18:00:00,56.52,171.74,10.83,33.99,26.90,NA,NA,0.55,60.20,NA,NA,NA,NA,NA,NA,NA,NA,NA,NA,NA,0.00,NA,NA,NA
2025-02-05 19:00:00,81.78,133.57,11.48,38.93,30.05,NA,NA,0.67,42.07,NA,NA,NA,NA,NA,NA,NA,NA,NA,NA,NA,0.00,NA,NA,NA
2025-02-05 20:00:00,90.71,127.08,12.82,45.73,34.74,NA,NA,0.79,28.08,NA,NA,NA,NA,NA,NA,NA,NA,NA,NA,NA,0.00,NA,NA,NA
2025-02-05 21:00:00,91.71,155.69,29.54,51.04,51.20,NA,NA,1.00,9.25,NA,NA,NA,NA,NA,NA,NA,NA,NA,NA,NA,0.00,NA,NA,NA
2025-02-05 22:00:00,113.53,193.90,34.57,53.02,56.31,NA,NA,1.37,7.65,NA,NA,NA,NA,NA,NA,NA,NA,NA,NA,NA,0.00,NA,NA,NA
2025-02-05 23:00:00,129.70,224.27,27.31,56.57,52.28,NA,NA,1.48,9.25,NA,NA,NA,NA,NA,NA,NA,NA,NA,NA,NA,0.00,NA,NA,NA
2025-02-06 00:00:00,112.99,198.90,21.78,53.79,46.31,NA,NA,1.25,15.34,NA,NA,NA,NA,NA,NA,NA,NA,NA,NA,NA,0.00,NA,NA,NA
2025-02-06 01:00:00,101.76,173.06,17.04,43.44,36.95,NA,NA,0.97,28.96,NA,NA,NA,NA,NA,NA,NA,NA,NA,NA,NA,0.00,NA,NA,NA
2025-02-06 02:00:00,91.07,183.47,15.34,35.94,31.58,NA,NA,0.81,39.12,NA,NA,NA,NA,NA,NA,NA,NA,NA,NA,NA,0.00,NA,NA,NA
2025-02-06 03:00:00,86.48,147.56,14.45,32.37,28.97,NA,NA,0.71,43.19,NA,NA,NA,NA,NA,NA,NA,NA,NA,NA,NA,0.00,NA,NA,NA
2025-02-06 04:00:00,81.02,152.26,14.07,32.60,28.78,NA,NA,0.68,38.15,NA,NA,NA,NA,NA,NA,NA,NA,NA,NA,NA,0.00,NA,NA,NA
2025-02-06 05:00:00,101.69,147.14,16.02,37.37,32.93,NA,NA,0.72,22.75,NA,NA,NA,NA,NA,NA,NA,NA,NA,NA,NA,0.00,NA,NA,NA
2025-02-06 06:00:00,106.91,165.94,43.43,44.13,58.81,NA,NA,0.90,6.97,NA,NA,NA,NA,NA,NA,NA,NA,NA,NA,NA,0.00,NA,NA,NA
2025-02-06 07:00:00,111.67,186.46,44.65,45.14,60.29,NA,NA,1.11,6.98,NA,NA,NA,NA,NA,NA,NA,NA,NA,NA,NA,0.00,NA,NA,NA
2025-02-06 08:00:00,122.27,202.65,35.86,47.37,54.34,NA,NA,1.13,12.16,NA,NA,NA,NA,NA,NA,NA,NA,NA,NA,NA,0.00,NA,NA,NA
2025-02-06 09:00:00,107.30,208.79,26.13,47.13,46.30,NA,NA,1.09,32.02,NA,NA,NA,NA,NA,NA,NA,NA,NA,NA,NA,0.00,NA,NA,NA
2025-02-06 10:00:00,111.30,207.73,19.47,41.01,37.64,NA,NA,0.94,64.63,NA,NA,NA,NA,NA,NA,NA,NA,NA,NA,NA,0.00,NA,NA,NA
2025-02-06 11:00:00,80.68,187.50,15.96,38.07,33.21,NA,NA,0.77,81.50,NA,NA,NA,NA,NA,NA,NA,NA,NA,NA,NA,0.00,NA,NA,NA
2025-02-06 12:00:00,73.89,147.46,12.76,35.19,29.09,NA,NA,0.65,80.20,NA,NA,NA,NA,NA,NA,NA,NA,NA,NA,NA,0.00,NA,NA,NA
2025-02-06 13:00:00,85.18,127.66,10.63,28.10,23.58,NA,NA,0.50,77.76,NA,NA,NA,NA,NA,NA,NA,NA,NA,NA,NA,0.00,NA,NA,NA
2025-02-06 14:00:00,73.81,110.35,10.78,30.76,25.13,NA,NA,0.47,76.75,NA,NA,NA,NA,NA,NA,NA,NA,NA,NA,NA,0.00,NA,NA,NA
2025-02-06 15:00:00,56.71,111.45,9.94,29.42,23.74,NA,NA,0.49,86.11,NA,NA,NA,NA,NA,NA,NA,NA,NA,NA,NA,0.00,NA,NA,NA
2025-02-06 16:00:00,49.31,110.39,10.63,27.63,23.34,NA,NA,0.46,79.80,NA,NA,NA,NA,NA,NA,NA,NA,NA,NA,NA,0.00,NA,NA,NA
2025-02-06 17:00:00,40.01,103.46,11.27,31.42,25.88,NA,NA,0.43,65.53,NA,NA,NA,NA,NA,NA,NA,NA,NA,NA,NA,0.00,NA,NA,NA
2025-02-06 18:00:00,54.14,119.75,11.12,36.45,28.43,NA,NA,0.52,45.55,NA,NA,NA,NA,NA,NA,NA,NA,NA,NA,NA,0.00,NA,NA,NA
2025-02-06 19:00:00,66.44,144.79,11.94,38.09,29.98,NA,NA,0.63,34.02,NA,NA,NA,NA,NA,NA,NA,NA,NA,NA,NA,0.00,NA,NA,NA
2025-02-06 20:00:00,78.55,155.41,12.60,39.93,31.48,NA,NA,0.70,29.24,NA,NA,NA,NA,NA,NA,NA,NA,NA,NA,NA,0.00,NA,NA,NA
2025-02-06 21:00:00,79.60,155.62,14.08,41.71,33.63,NA,NA,0.77,23.74,NA,NA,NA,NA,NA,NA,NA,NA,NA,NA,NA,0.00,NA,NA,NA
2025-02-06 22:00:00,69.03,129.73,13.20,37.82,30.85,NA,NA,0.73,30.87,NA,NA,NA,NA,NA,NA,NA,NA,NA,NA,NA,0.00,NA,NA,NA
2025-02-06 23:00:00,69.90,127.79,12.74,37.07,30.07,NA,NA,0.69,24.02,NA,NA,NA,NA,NA,NA,NA,NA,NA,NA,NA,0.00,NA,NA,NA
2025-02-07 00:00:00,70.61,123.67,13.85,36.54,30.70,NA,NA,0.64,19.86,NA,NA,NA,NA,NA,NA,NA,NA,NA,NA,NA,0.00,NA,NA,NA
2025-02-07 01:00:00,71.42,121.52,13.88,34.27,29.51,NA,NA,0.57,25.96,NA,NA,NA,NA,NA,NA,NA,NA,NA,NA,NA,0.00,NA,NA,NA
2025-02-07 02:00:00,77.62,139.03,13.47,32.60,28.30,NA,NA,0.60,28.84,NA,NA,NA,NA,NA,NA,NA,NA,NA,NA,NA,0.00,NA,NA,NA
2025-02-07 03:00:00,75.02,137.65,13.33,30.02,26.80,NA,NA,0.58,30.27,NA,NA,NA,NA,NA,NA,NA,NA,NA,NA,NA,0.00,NA,NA,NA
2025-02-07 04:00:00,71.37,131.60,13.90,33.20,28.96,NA,NA,0.59,25.38,NA,NA,NA,NA,NA,NA,NA,NA,NA,NA,NA,0.00,NA,NA,NA
2025-02-07 05:00:00,83.82,122.33,13.71,31.10,27.69,NA,NA,0.57,28.61,NA,NA,NA,NA,NA,NA,NA,NA,NA,NA,NA,0.00,NA,NA,NA
2025-02-07 06:00:00,78.11,133.58,13.71,30.73,27.50,NA,NA,0.61,28.26,NA,NA,NA,NA,NA,NA,NA,NA,NA,NA,NA,0.00,NA,NA,NA
2025-02-07 07:00:00,81.03,131.51,16.45,31.99,30.38,NA,NA,0.61,18.49,NA,NA,NA,NA,NA,NA,NA,NA,NA,NA,NA,0.00,NA,NA,NA
2025-02-07 08:00:00,79.36,136.07,16.53,32.68,30.83,NA,NA,0.67,22.38,NA,NA,NA,NA,NA,NA,NA,NA,NA,NA,NA,0.00,NA,NA,NA
2025-02-07 09:00:00,75.52,148.17,16.93,33.62,31.64,NA,NA,0.72,32.69,NA,NA,NA,NA,NA,NA,NA,NA,NA,NA,NA,0.00,NA,NA,NA
2025-02-07 10:00:00,73.06,156.55,15.80,34.38,31.14,NA,NA,0.70,50.96,NA,NA,NA,NA,NA,NA,NA,NA,NA,NA,NA,0.00,NA,NA,NA
2025-02-07 11:00:00,72.75,145.85,13.21,32.79,28.19,NA,NA,0.67,74.85,NA,NA,NA,NA,NA,NA,NA,NA,NA,NA,NA,0.00,NA,NA,NA
2025-02-07 12:00:00,57.52,121.03,11.80,29.49,25.28,NA,NA,0.57,89.55,NA,NA,NA,NA,NA,NA,NA,NA,NA,NA,NA,0.00,NA,NA,NA
2025-02-07 13:00:00,42.34,123.29,10.75,26.86,23.03,NA,NA,0.48,95.32,NA,NA,NA,NA,NA,NA,NA,NA,NA,NA,NA,0.00,NA,NA,NA
2025-02-07 14:00:00,47.24,109.62,10.66,27.49,23.28,NA,NA,0.45,89.83,NA,NA,NA,NA,NA,NA,NA,NA,NA,NA,NA,0.00,NA,NA,NA
2025-02-07 15:00:00,27.53,102.90,10.56,30.73,24.92,NA,NA,0.47,85.00,NA,NA,NA,NA,NA,NA,NA,NA,NA,NA,NA,0.00,NA,NA,NA
2025-02-07 16:00:00,22.23,96.10,10.35,27.95,23.28,NA,NA,0.45,92.84,NA,NA,NA,NA,NA,NA,NA,NA,NA,NA,NA,0.00,NA,NA,NA
2025-02-07 17:00:00,22.71,88.54,10.46,32.81,25.96,NA,NA,0.47,77.24,NA,NA,NA,NA,NA,NA,NA,NA,NA,NA,NA,0.00,NA,NA,NA
2025-02-07 18:00:00,38.56,101.43,10.87,39.65,29.92,NA,NA,0.52,44.02,NA,NA,NA,NA,NA,NA,NA,NA,NA,NA,NA,0.00,NA,NA,NA
2025-02-07 19:00:00,47.98,130.24,11.03,40.21,30.35,NA,NA,0.65,37.62,NA,NA,NA,NA,NA,NA,NA,NA,NA,NA,NA,0.00,NA,NA,NA
2025-02-07 20:00:00,53.13,120.75,11.87,40.42,31.16,NA,NA,0.71,30.33,NA,NA,NA,NA,NA,NA,NA,NA,NA,NA,NA,0.00,NA,NA,NA
2025-02-07 21:00:00,56.08,135.53,12.66,39.48,31.27,NA,NA,0.69,29.82,NA,NA,NA,NA,NA,NA,NA,NA,NA,NA,NA,0.00,NA,NA,NA
2025-02-07 22:00:00,60.54,134.79,16.42,45.77,37.69,NA,NA,0.71,16.06,NA,NA,NA,NA,NA,NA,NA,NA,NA,NA,NA,0.00,NA,NA,NA
2025-02-07 23:00:00,59.63,116.26,17.53,46.22,38.83,NA,NA,0.73,14.52,NA,NA,NA,NA,NA,NA,NA,NA,NA,NA,NA,0.00,NA,NA,NA
2025-02-08 00:00:00,58.49,109.17,15.49,42.05,34.97,NA,NA,0.63,20.17,NA,NA,NA,NA,NA,NA,NA,NA,NA,NA,NA,0.00,NA,NA,NA
2025-02-08 01:00:00,59.09,106.45,14.21,40.30,32.99,NA,NA,0.61,21.15,NA,NA,NA,NA,NA,NA,NA,NA,NA,NA,NA,0.00,NA,NA,NA
2025-02-08 02:00:00,60.57,101.03,16.98,42.47,36.39,NA,NA,0.57,15.07,NA,NA,NA,NA,NA,NA,NA,NA,NA,NA,NA,0.00,NA,NA,NA
2025-02-08 03:00:00,58.99,104.37,15.92,39.73,34.08,NA,NA,0.58,18.69,NA,NA,NA,NA,NA,NA,NA,NA,NA,NA,NA,0.00,NA,NA,NA
2025-02-08 04:00:00,59.54,110.41,18.08,40.28,36.13,NA,NA,0.59,13.79,NA,NA,NA,NA,NA,NA,NA,NA,NA,NA,NA,0.00,NA,NA,NA
2025-02-08 05:00:00,52.84,108.11,18.29,37.91,35.02,NA,NA,0.54,14.30,NA,NA,NA,NA,NA,NA,NA,NA,NA,NA,NA,0.00,NA,NA,NA
2025-02-08 06:00:00,68.38,129.60,20.04,37.11,36.03,NA,NA,0.61,13.26,NA,NA,NA,NA,NA,NA,NA,NA,NA,NA,NA,0.00,NA,NA,NA
2025-02-08 07:00:00,65.87,125.28,34.52,37.11,47.83,NA,NA,0.71,12.92,NA,NA,NA,NA,NA,NA,NA,NA,NA,NA,NA,0.00,NA,NA,NA
2025-02-08 08:00:00,57.45,127.75,23.77,34.34,37.59,NA,NA,0.70,25.32,NA,NA,NA,NA,NA,NA,NA,NA,NA,NA,NA,0.00,NA,NA,NA
2025-02-08 09:00:00,50.92,120.14,19.99,33.43,34.04,NA,NA,0.66,39.04,NA,NA,NA,NA,NA,NA,NA,NA,NA,NA,NA,0.00,NA,NA,NA
2025-02-08 10:00:00,65.66,135.26,15.68,31.49,29.50,NA,NA,0.64,64.09,NA,NA,NA,NA,NA,NA,NA,NA,NA,NA,NA,0.00,NA,NA,NA
2025-02-08 11:00:00,67.62,142.29,13.00,32.49,27.85,NA,NA,0.63,83.14,NA,NA,NA,NA,NA,NA,NA,NA,NA,NA,NA,0.00,NA,NA,NA
2025-02-08 12:00:00,50.24,117.09,11.82,35.09,28.27,NA,NA,0.59,83.11,NA,NA,NA,NA,NA,NA,NA,NA,NA,NA,NA,0.00,NA,NA,NA
2025-02-08 13:00:00,63.93,123.94,11.33,36.52,28.64,NA,NA,0.60,96.31,NA,NA,NA,NA,NA,NA,NA,NA,NA,NA,NA,0.00,NA,NA,NA
2025-02-08 14:00:00,60.26,124.79,10.87,35.39,27.67,NA,NA,0.63,96.55,NA,NA,NA,NA,NA,NA,NA,NA,NA,NA,NA,0.00,NA,NA,NA
2025-02-08 15:00:00,25.79,89.97,10.92,33.56,26.73,NA,NA,0.53,88.43,NA,NA,NA,NA,NA,NA,NA,NA,NA,NA,NA,0.00,NA,NA,NA
2025-02-08 16:00:00,23.35,78.42,10.35,35.24,27.15,NA,NA,0.50,78.47,NA,NA,NA,NA,NA,NA,NA,NA,NA,NA,NA,0.00,NA,NA,NA
2025-02-08 17:00:00,27.80,80.90,10.83,46.18,33.36,NA,NA,0.50,51.44,NA,NA,NA,NA,NA,NA,NA,NA,NA,NA,NA,0.00,NA,NA,NA
2025-02-08 18:00:00,46.44,117.45,11.05,47.82,34.42,NA,NA,0.57,32.13,NA,NA,NA,NA,NA,NA,NA,NA,NA,NA,NA,0.00,NA,NA,NA
2025-02-08 19:00:00,55.37,124.32,21.13,53.33,45.51,NA,NA,0.66,16.10,NA,NA,NA,NA,NA,NA,NA,NA,NA,NA,NA,0.00,NA,NA,NA
2025-02-08 20:00:00,56.91,139.53,21.37,57.61,48.03,NA,NA,0.92,10.97,NA,NA,NA,NA,NA,NA,NA,NA,NA,NA,NA,0.00,NA,NA,NA
2025-02-08 21:00:00,74.27,164.94,23.68,53.81,47.87,NA,NA,0.96,9.94,NA,NA,NA,NA,NA,NA,NA,NA,NA,NA,NA,0.00,NA,NA,NA
2025-02-08 22:00:00,73.32,169.97,39.50,52.44,59.99,NA,NA,1.17,7.50,NA,NA,NA,NA,NA,NA,NA,NA,NA,NA,NA,0.00,NA,NA,NA
2025-02-08 23:00:00,78.13,183.44,66.99,47.45,79.65,NA,NA,1.17,6.50,NA,NA,NA,NA,NA,NA,NA,NA,NA,NA,NA,0.00,NA,NA,NA
2025-02-09 00:00:00,126.70,363.43,155.22,37.42,146.10,NA,NA,2.10,6.75,NA,NA,NA,NA,NA,NA,NA,NA,NA,NA,NA,0.00,NA,NA,NA
2025-02-09 01:00:00,110.12,233.80,87.09,45.08,94.82,NA,NA,1.91,6.58,NA,NA,NA,NA,NA,NA,NA,NA,NA,NA,NA,0.00,NA,NA,NA
2025-02-09 02:00:00,101.85,195.72,77.73,42.04,85.55,NA,NA,1.30,6.46,NA,NA,NA,NA,NA,NA,NA,NA,NA,NA,NA,0.00,NA,NA,NA
2025-02-09 03:00:00,96.03,203.86,97.05,35.80,97.87,NA,NA,1.20,6.44,NA,NA,NA,NA,NA,NA,NA,NA,NA,NA,NA,0.00,NA,NA,NA
2025-02-09 04:00:00,94.50,251.29,92.32,36.68,94.68,NA,NA,1.63,6.98,NA,NA,NA,NA,NA,NA,NA,NA,NA,NA,NA,0.00,NA,NA,NA
2025-02-09 05:00:00,78.30,142.43,76.90,39.15,83.30,NA,NA,1.13,7.29,NA,NA,NA,NA,NA,NA,NA,NA,NA,NA,NA,0.00,NA,NA,NA
2025-02-09 06:00:00,82.96,164.75,92.07,34.47,93.22,NA,NA,1.30,6.39,NA,NA,NA,NA,NA,NA,NA,NA,NA,NA,NA,0.00,NA,NA,NA
2025-02-09 07:00:00,87.32,157.12,72.58,37.28,78.81,NA,NA,1.12,7.02,NA,NA,NA,NA,NA,NA,NA,NA,NA,NA,NA,0.00,NA,NA,NA
2025-02-09 08:00:00,98.60,163.11,94.68,42.40,99.53,NA,NA,1.10,8.71,NA,NA,NA,NA,NA,NA,NA,NA,NA,NA,NA,0.00,NA,NA,NA
2025-02-09 09:00:00,83.56,164.15,60.02,47.10,73.87,NA,NA,1.10,20.62,NA,NA,NA,NA,NA,NA,NA,NA,NA,NA,NA,0.00,NA,NA,NA
2025-02-09 10:00:00,76.47,161.90,45.84,53.81,65.93,NA,NA,0.98,42.43,NA,NA,NA,NA,NA,NA,NA,NA,NA,NA,NA,0.00,NA,NA,NA
2025-02-09 11:00:00,69.39,153.96,32.75,50.88,53.70,NA,NA,0.80,81.38,NA,NA,NA,NA,NA,NA,NA,NA,NA,NA,NA,0.00,NA,NA,NA
2025-02-09 12:00:00,77.61,173.68,27.35,50.11,48.90,NA,NA,0.76,100.50,NA,NA,NA,NA,NA,NA,NA,NA,NA,NA,NA,0.00,NA,NA,NA
2025-02-09 13:00:00,60.40,151.07,21.17,53.46,45.65,NA,NA,0.74,118.86,NA,NA,NA,NA,NA,NA,NA,NA,NA,NA,NA,0.00,NA,NA,NA
2025-02-09 14:00:00,64.31,135.14,18.08,46.23,39.30,NA,NA,0.65,119.63,NA,NA,NA,NA,NA,NA,NA,NA,NA,NA,NA,0.00,NA,NA,NA
2025-02-09 15:00:00,52.34,123.79,14.79,45.13,36.04,NA,NA,0.63,129.50,NA,NA,NA,NA,NA,NA,NA,NA,NA,NA,NA,0.00,NA,NA,NA
2025-02-09 16:00:00,48.10,126.67,12.19,48.52,35.71,NA,NA,0.63,117.70,NA,NA,NA,NA,NA,NA,NA,NA,NA,NA,NA,0.00,NA,NA,NA
2025-02-09 17:00:00,58.71,144.24,11.09,47.98,34.53,NA,NA,0.63,87.62,NA,NA,NA,NA,NA,NA,NA,NA,NA,NA,NA,0.00,NA,NA,NA
2025-02-09 18:00:00,54.77,130.02,14.14,51.96,39.07,NA,NA,0.64,48.86,NA,NA,NA,NA,NA,NA,NA,NA,NA,NA,NA,0.00,NA,NA,NA
2025-02-09 19:00:00,73.31,171.46,37.06,74.76,69.92,NA,NA,1.07,7.57,NA,NA,NA,NA,NA,NA,NA,NA,NA,NA,NA,0.00,NA,NA,NA
2025-02-09 20:00:00,111.60,229.22,74.16,71.22,98.09,NA,NA,1.54,7.37,NA,NA,NA,NA,NA,NA,NA,NA,NA,NA,NA,0.00,NA,NA,NA
2025-02-09 21:00:00,131.70,279.39,111.53,65.52,125.52,NA,NA,2.30,7.67,NA,NA,NA,NA,NA,NA,NA,NA,NA,NA,NA,0.00,NA,NA,NA
2025-02-09 22:00:00,157.32,340.63,171.07,55.78,168.64,NA,NA,3.44,7.44,NA,NA,NA,NA,NA,NA,NA,NA,NA,NA,NA,0.00,NA,NA,NA
2025-02-09 23:00:00,160.34,461.48,247.43,42.45,223.68,NA,NA,4.22,7.23,NA,NA,NA,NA,NA,NA,NA,NA,NA,NA,NA,0.00,NA,NA,NA
2025-02-10 00:00:00,157.32,502.90,297.42,29.28,257.32,NA,NA,4.38,7.28,NA,NA,NA,NA,NA,NA,NA,NA,NA,NA,NA,0.00,NA,NA,NA
2025-02-10 01:00:00,161.75,492.21,335.40,26.56,286.88,NA,NA,4.70,6.70,NA,NA,NA,NA,NA,NA,NA,NA,NA,NA,NA,0.00,NA,NA,NA
2025-02-10 02:00:00,182.57,369.39,256.16,38.39,228.72,NA,NA,3.83,7.06,NA,NA,NA,NA,NA,NA,NA,NA,NA,NA,NA,0.00,NA,NA,NA
2025-02-10 03:00:00,179.15,339.89,249.74,34.93,221.70,NA,NA,3.41,6.61,NA,NA,NA,NA,NA,NA,NA,NA,NA,NA,NA,0.00,NA,NA,NA
2025-02-10 04:00:00,197.83,363.11,226.16,23.23,196.16,NA,NA,3.07,6.69,NA,NA,NA,NA,NA,NA,NA,NA,NA,NA,NA,0.00,NA,NA,NA
2025-02-10 05:00:00,175.09,347.72,213.62,24.20,186.62,NA,NA,3.13,6.41,NA,NA,NA,NA,NA,NA,NA,NA,NA,NA,NA,0.00,NA,NA,NA
2025-02-10 06:00:00,188.10,307.44,180.09,27.29,160.91,NA,NA,2.07,6.33,NA,NA,NA,NA,NA,NA,NA,NA,NA,NA,NA,0.00,NA,NA,NA
2025-02-10 07:00:00,169.69,268.96,162.66,28.84,147.60,NA,NA,1.81,6.86,NA,NA,NA,NA,NA,NA,NA,NA,NA,NA,NA,0.00,NA,NA,NA
2025-02-10 08:00:00,146.94,257.02,159.72,34.83,148.40,NA,NA,1.70,7.51,NA,NA,NA,NA,NA,NA,NA,NA,NA,NA,NA,0.00,NA,NA,NA
2025-02-10 09:00:00,130.43,256.61,105.31,54.62,114.71,NA,NA,1.64,20.73,NA,NA,NA,NA,NA,NA,NA,NA,NA,NA,NA,0.00,NA,NA,NA
2025-02-10 10:00:00,123.40,272.36,85.98,57.07,100.28,NA,NA,1.38,36.00,NA,NA,NA,NA,NA,NA,NA,NA,NA,NA,NA,0.00,NA,NA,NA
2025-02-10 11:00:00,76.77,185.69,73.94,59.37,91.70,NA,NA,1.06,50.35,NA,NA,NA,NA,NA,NA,NA,NA,NA,NA,NA,0.00,NA,NA,NA
2025-02-10 12:00:00,69.10,167.10,62.10,55.43,79.98,NA,NA,0.89,63.64,NA,NA,NA,NA,NA,NA,NA,NA,NA,NA,NA,0.00,NA,NA,NA
2025-02-10 13:00:00,63.24,134.20,48.96,49.84,66.34,NA,NA,0.75,91.14,NA,NA,NA,NA,NA,NA,NA,NA,NA,NA,NA,0.00,NA,NA,NA
2025-02-10 14:00:00,71.40,98.57,41.69,48.55,59.73,NA,NA,0.66,94.23,NA,NA,NA,NA,NA,NA,NA,NA,NA,NA,NA,0.00,NA,NA,NA
2025-02-10 15:00:00,56.86,85.07,36.53,50.57,56.57,NA,NA,0.56,84.26,NA,NA,NA,NA,NA,NA,NA,NA,NA,NA,NA,0.00,NA,NA,NA
2025-02-10 16:00:00,57.38,100.82,31.00,47.49,50.50,NA,NA,0.61,80.69,NA,NA,NA,NA,NA,NA,NA,NA,NA,NA,NA,0.00,NA,NA,NA
2025-02-10 17:00:00,48.08,92.03,32.64,58.82,57.79,NA,NA,0.58,40.78,NA,NA,NA,NA,NA,NA,NA,NA,NA,NA,NA,0.00,NA,NA,NA
2025-02-10 18:00:00,59.94,144.02,69.59,72.55,95.08,NA,NA,0.90,7.55,NA,NA,NA,NA,NA,NA,NA,NA,NA,NA,NA,0.00,NA,NA,NA
2025-02-10 19:00:00,96.99,312.25,156.91,61.29,160.14,NA,NA,1.99,6.66,NA,NA,NA,NA,NA,NA,NA,NA,NA,NA,NA,0.00,NA,NA,NA
2025-02-10 20:00:00,115.94,361.78,214.10,51.77,201.48,NA,NA,2.99,7.41,NA,NA,NA,NA,NA,NA,NA,NA,NA,NA,NA,0.00,NA,NA,NA
2025-02-10 21:00:00,162.38,504.53,295.88,42.88,263.34,NA,NA,4.27,7.82,NA,NA,NA,NA,NA,NA,NA,NA,NA,NA,NA,0.00,NA,NA,NA
2025-02-10 22:00:00,154.73,434.62,246.38,50.02,227.02,NA,NA,4.64,7.32,NA,NA,NA,NA,NA,NA,NA,NA,NA,NA,NA,0.00,NA,NA,NA
2025-02-10 23:00:00,132.15,422.27,258.98,43.95,233.81,NA,NA,3.91,6.95,NA,NA,NA,NA,NA,NA,NA,NA,NA,NA,NA,0.00,NA,NA,NA
2025-02-11 00:00:00,176.34,531.49,326.19,29.19,280.75,NA,NA,4.22,6.98,NA,NA,NA,NA,NA,NA,NA,NA,NA,NA,NA,0.00,NA,NA,NA
2025-02-11 01:00:00,190.52,551.12,349.49,24.39,297.02,NA,NA,4.20,6.92,NA,NA,NA,NA,NA,NA,NA,NA,NA,NA,NA,0.00,NA,NA,NA
2025-02-11 02:00:00,178.83,494.82,352.98,24.11,299.86,NA,NA,4.16,6.63,NA,NA,NA,NA,NA,NA,NA,NA,NA,NA,NA,0.00,NA,NA,NA
2025-02-11 03:00:00,176.96,521.23,416.41,13.78,345.75,NA,NA,3.96,7.69,NA,NA,NA,NA,NA,NA,NA,NA,NA,NA,NA,0.00,NA,NA,NA
2025-02-11 04:00:00,182.93,582.04,443.42,9.62,366.03,NA,NA,4.34,6.73,NA,NA,NA,NA,NA,NA,NA,NA,NA,NA,NA,0.00,NA,NA,NA
2025-02-11 05:00:00,184.35,355.51,298.96,29.44,258.73,NA,NA,3.16,6.38,NA,NA,NA,NA,NA,NA,NA,NA,NA,NA,NA,0.00,NA,NA,NA
2025-02-11 06:00:00,186.12,345.87,332.98,19.26,280.97,NA,NA,3.14,7.05,NA,NA,NA,NA,NA,NA,NA,NA,NA,NA,NA,0.00,NA,NA,NA
2025-02-11 07:00:00,191.80,383.17,327.54,12.91,273.16,NA,NA,3.33,6.70,NA,NA,NA,NA,NA,NA,NA,NA,NA,NA,NA,0.00,NA,NA,NA
2025-02-11 08:00:00,173.99,358.27,288.13,31.46,251.03,NA,NA,2.99,7.07,NA,NA,NA,NA,NA,NA,NA,NA,NA,NA,NA,0.00,NA,NA,NA
2025-02-11 09:00:00,156.64,326.36,200.43,72.51,201.59,NA,NA,2.50,8.71,NA,NA,NA,NA,NA,NA,NA,NA,NA,NA,NA,0.00,NA,NA,NA
2025-02-11 10:00:00,148.47,278.28,142.08,89.97,163.41,NA,NA,1.95,28.15,NA,NA,NA,NA,NA,NA,NA,NA,NA,NA,NA,0.00,NA,NA,NA
2025-02-11 11:00:00,88.98,188.00,109.35,80.12,131.55,NA,NA,1.36,87.39,NA,NA,NA,NA,NA,NA,NA,NA,NA,NA,NA,0.00,NA,NA,NA
2025-02-11 12:00:00,90.62,185.17,91.73,65.90,109.66,NA,NA,0.95,97.16,NA,NA,NA,NA,NA,NA,NA,NA,NA,NA,NA,0.00,NA,NA,NA
2025-02-11 13:00:00,68.78,153.08,75.20,59.90,93.01,NA,NA,0.70,108.51,NA,NA,NA,NA,NA,NA,NA,NA,NA,NA,NA,0.00,NA,NA,NA
2025-02-11 14:00:00,73.13,120.45,64.28,59.34,83.84,NA,NA,0.64,114.56,NA,NA,NA,NA,NA,NA,NA,NA,NA,NA,NA,0.00,NA,NA,NA
2025-02-11 15:00:00,51.84,117.25,53.39,63.34,77.11,NA,NA,0.66,118.78,NA,NA,NA,NA,NA,NA,NA,NA,NA,NA,NA,0.00,NA,NA,NA
2025-02-11 16:00:00,58.44,140.08,44.83,61.86,69.35,NA,NA,0.66,112.41,NA,NA,NA,NA,NA,NA,NA,NA,NA,NA,NA,0.00,NA,NA,NA
2025-02-11 17:00:00,66.42,143.13,43.86,73.55,74.74,NA,NA,0.66,56.73,NA,NA,NA,NA,NA,NA,NA,NA,NA,NA,NA,0.00,NA,NA,NA
2025-02-11 18:00:00,66.78,168.37,42.96,75.01,74.85,NA,NA,0.89,30.15,NA,NA,NA,NA,NA,NA,NA,NA,NA,NA,NA,0.00,NA,NA,NA
2025-02-11 19:00:00,68.38,198.39,76.70,72.69,100.95,NA,NA,1.19,6.85,NA,NA,NA,NA,NA,NA,NA,NA,NA,NA,NA,0.00,NA,NA,NA
2025-02-11 20:00:00,80.67,209.21,97.80,66.21,114.72,NA,NA,1.88,7.06,NA,NA,NA,NA,NA,NA,NA,NA,NA,NA,NA,0.00,NA,NA,NA
2025-02-11 21:00:00,97.42,281.18,183.24,54.09,177.67,NA,NA,2.59,7.41,NA,NA,NA,NA,NA,NA,NA,NA,NA,NA,NA,0.00,NA,NA,NA
2025-02-11 22:00:00,129.97,464.17,284.13,34.67,249.34,NA,NA,3.70,6.90,NA,NA,NA,NA,NA,NA,NA,NA,NA,NA,NA,0.00,NA,NA,NA
2025-02-11 23:00:00,119.94,409.15,253.03,40.65,227.40,NA,NA,3.60,6.41,NA,NA,NA,NA,NA,NA,NA,NA,NA,NA,NA,0.00,NA,NA,NA
2025-02-12 00:00:00,130.11,380.98,310.50,35.27,271.11,NA,NA,3.33,7.24,NA,NA,NA,NA,NA,NA,NA,NA,NA,NA,NA,0.00,NA,NA,NA
2025-02-12 01:00:00,160.89,463.13,270.92,38.02,240.53,NA,NA,4.05,7.19,NA,NA,NA,NA,NA,NA,NA,NA,NA,NA,NA,0.00,NA,NA,NA
2025-02-12 02:00:00,154.64,365.48,200.97,31.95,180.51,NA,NA,3.15,6.44,NA,NA,NA,NA,NA,NA,NA,NA,NA,NA,NA,0.00,NA,NA,NA
2025-02-12 03:00:00,141.51,307.14,150.34,38.13,142.57,NA,NA,2.27,6.12,NA,NA,NA,NA,NA,NA,NA,NA,NA,NA,NA,0.00,NA,NA,NA
2025-02-12 04:00:00,138.63,270.40,116.12,40.05,115.73,NA,NA,1.50,5.79,NA,NA,NA,NA,NA,NA,NA,NA,NA,NA,NA,0.00,NA,NA,NA
2025-02-12 05:00:00,109.16,209.92,97.04,39.75,100.05,NA,NA,1.06,6.24,NA,NA,NA,NA,NA,NA,NA,NA,NA,NA,NA,0.00,NA,NA,NA
2025-02-12 06:00:00,100.91,184.53,89.39,34.70,91.14,NA,NA,0.92,6.76,NA,NA,NA,NA,NA,NA,NA,NA,NA,NA,NA,0.00,NA,NA,NA
2025-02-12 07:00:00,106.89,171.22,89.44,30.39,88.89,NA,NA,0.95,7.05,NA,NA,NA,NA,NA,NA,NA,NA,NA,NA,NA,0.00,NA,NA,NA
2025-02-12 08:00:00,96.67,158.86,82.70,27.59,81.92,NA,NA,0.91,9.82,NA,NA,NA,NA,NA,NA,NA,NA,NA,NA,NA,0.00,NA,NA,NA
2025-02-12 09:00:00,76.70,146.71,68.04,29.96,71.26,NA,NA,0.86,17.83,NA,NA,NA,NA,NA,NA,NA,NA,NA,NA,NA,0.00,NA,NA,NA
2025-02-12 10:00:00,70.83,170.54,59.49,33.77,66.33,NA,NA,0.82,32.51,NA,NA,NA,NA,NA,NA,NA,NA,NA,NA,NA,0.00,NA,NA,NA
2025-02-12 11:00:00,45.96,125.71,49.83,32.19,57.65,NA,NA,0.66,51.91,NA,NA,NA,NA,NA,NA,NA,NA,NA,NA,NA,0.00,NA,NA,NA
2025-02-12 12:00:00,39.36,124.50,41.43,33.38,51.45,NA,NA,0.50,64.91,NA,NA,NA,NA,NA,NA,NA,NA,NA,NA,NA,0.00,NA,NA,NA
2025-02-12 13:00:00,34.60,153.14,35.69,33.50,46.84,NA,NA,0.45,71.65,NA,NA,NA,NA,NA,NA,NA,NA,NA,NA,NA,0.00,NA,NA,NA
2025-02-12 14:00:00,28.74,111.44,29.87,34.94,42.86,NA,NA,0.43,77.87,NA,NA,NA,NA,NA,NA,NA,NA,NA,NA,NA,0.00,NA,NA,NA
2025-02-12 15:00:00,24.41,97.61,25.79,38.79,41.61,NA,NA,0.40,75.54,NA,NA,NA,NA,NA,NA,NA,NA,NA,NA,NA,0.00,NA,NA,NA
2025-02-12 16:00:00,30.29,105.05,21.56,36.38,36.89,NA,NA,0.42,75.27,NA,NA,NA,NA,NA,NA,NA,NA,NA,NA,NA,0.00,NA,NA,NA
2025-02-12 17:00:00,24.59,102.87,18.73,38.51,35.72,NA,NA,0.43,66.23,NA,NA,NA,NA,NA,NA,NA,NA,NA,NA,NA,0.00,NA,NA,NA
2025-02-12 18:00:00,31.30,102.51,17.87,41.45,36.58,NA,NA,0.49,45.70,NA,NA,NA,NA,NA,NA,NA,NA,NA,NA,NA,0.00,NA,NA,NA
2025-02-12 19:00:00,42.09,129.42,18.81,45.33,39.39,NA,NA,0.58,27.90,NA,NA,NA,NA,NA,NA,NA,NA,NA,NA,NA,0.00,NA,NA,NA
2025-02-12 20:00:00,50.05,122.81,19.09,48.47,41.31,NA,NA,0.73,24.12,NA,NA,NA,NA,NA,NA,NA,NA,NA,NA,NA,0.00,NA,NA,NA
2025-02-12 21:00:00,55.52,126.58,18.52,43.31,38.09,NA,NA,0.70,23.26,NA,NA,NA,NA,NA,NA,NA,NA,NA,NA,NA,0.00,NA,NA,NA
2025-02-12 22:00:00,55.88,130.77,18.75,42.55,37.88,NA,NA,0.68,23.56,NA,NA,NA,NA,NA,NA,NA,NA,NA,NA,NA,0.00,NA,NA,NA
2025-02-12 23:00:00,45.66,132.38,19.81,43.72,39.36,NA,NA,0.63,18.57,NA,NA,NA,NA,NA,NA,NA,NA,NA,NA,NA,0.00,NA,NA,NA
2025-02-13 00:00:00,56.14,112.05,18.20,43.58,37.98,NA,NA,0.59,24.90,NA,NA,NA,NA,NA,NA,NA,NA,NA,NA,NA,0.00,NA,NA,NA
2025-02-13 01:00:00,67.23,117.36,17.95,43.14,37.55,NA,NA,0.59,22.50,NA,NA,NA,NA,NA,NA,NA,NA,NA,NA,NA,0.00,NA,NA,NA
2025-02-13 02:00:00,58.32,116.89,16.01,38.43,33.47,NA,NA,0.55,39.35,NA,NA,NA,NA,NA,NA,NA,NA,NA,NA,NA,0.00,NA,NA,NA
2025-02-13 03:00:00,67.19,118.11,16.23,42.10,35.58,NA,NA,0.54,28.77,NA,NA,NA,NA,NA,NA,NA,NA,NA,NA,NA,0.00,NA,NA,NA
2025-02-13 04:00:00,67.95,128.98,16.12,41.04,34.94,NA,NA,0.55,24.63,NA,NA,NA,NA,NA,NA,NA,NA,NA,NA,NA,0.00,NA,NA,NA
2025-02-13 05:00:00,61.82,133.48,16.86,38.90,34.39,NA,NA,0.59,19.24,NA,NA,NA,NA,NA,NA,NA,NA,NA,NA,NA,0.00,NA,NA,NA
2025-02-13 06:00:00,65.90,122.68,19.66,40.22,37.37,NA,NA,0.60,15.90,NA,NA,NA,NA,NA,NA,NA,NA,NA,NA,NA,0.00,NA,NA,NA
2025-02-13 07:00:00,65.15,124.97,25.14,35.17,39.14,NA,NA,0.65,12.05,NA,NA,NA,NA,NA,NA,NA,NA,NA,NA,NA,0.00,NA,NA,NA
2025-02-13 08:00:00,62.70,121.50,20.55,32.70,34.11,NA,NA,0.69,24.93,NA,NA,NA,NA,NA,NA,NA,NA,NA,NA,NA,0.00,NA,NA,NA
2025-02-13 09:00:00,50.08,104.32,17.87,31.67,31.38,NA,NA,0.63,44.14,NA,NA,NA,NA,NA,NA,NA,NA,NA,NA,NA,0.00,NA,NA,NA
2025-02-13 10:00:00,55.52,130.10,15.58,31.43,29.39,NA,NA,0.62,59.79,NA,NA,NA,NA,NA,NA,NA,NA,NA,NA,NA,0.00,NA,NA,NA
2025-02-13 11:00:00,54.22,126.09,13.48,30.85,27.37,NA,NA,0.54,74.21,NA,NA,NA,NA,NA,NA,NA,NA,NA,NA,NA,0.00,NA,NA,NA
2025-02-13 12:00:00,51.49,142.51,11.89,30.14,25.70,NA,NA,0.54,88.25,NA,NA,NA,NA,NA,NA,NA,NA,NA,NA,NA,0.00,NA,NA,NA
2025-02-13 13:00:00,47.56,135.87,10.82,31.29,25.44,NA,NA,0.55,93.34,NA,NA,NA,NA,NA,NA,NA,NA,NA,NA,NA,0.00,NA,NA,NA
2025-02-13 14:00:00,45.61,124.44,10.65,32.38,25.88,NA,NA,0.50,91.14,NA,NA,NA,NA,NA,NA,NA,NA,NA,NA,NA,0.00,NA,NA,NA
2025-02-13 15:00:00,24.32,115.11,10.32,30.79,24.77,NA,NA,0.48,93.62,NA,NA,NA,NA,NA,NA,NA,NA,NA,NA,NA,0.00,NA,NA,NA
2025-02-13 16:00:00,25.77,88.27,10.18,28.98,23.69,NA,NA,0.44,88.41,NA,NA,NA,NA,NA,NA,NA,NA,NA,NA,NA,0.00,NA,NA,NA
2025-02-13 17:00:00,25.26,84.23,10.86,33.16,26.47,NA,NA,0.45,68.84,NA,NA,NA,NA,NA,NA,NA,NA,NA,NA,NA,0.00,NA,NA,NA
2025-02-13 18:00:00,27.24,88.59,10.76,31.36,25.43,NA,NA,0.42,60.47,NA,NA,NA,NA,NA,NA,NA,NA,NA,NA,NA,0.00,NA,NA,NA
2025-02-13 19:00:00,30.47,92.77,11.63,36.75,29.00,NA,NA,0.53,42.99,NA,NA,NA,NA,NA,NA,NA,NA,NA,NA,NA,0.00,NA,NA,NA
2025-02-13 20:00:00,36.79,111.05,12.29,38.93,30.70,NA,NA,0.60,34.63,NA,NA,NA,NA,NA,NA,NA,NA,NA,NA,NA,0.00,NA,NA,NA
2025-02-13 21:00:00,37.07,101.66,12.78,39.32,31.31,NA,NA,0.58,34.84,NA,NA,NA,NA,NA,NA,NA,NA,NA,NA,NA,0.00,NA,NA,NA
2025-02-13 22:00:00,39.97,92.84,12.67,33.26,27.99,NA,NA,0.51,41.26,NA,NA,NA,NA,NA,NA,NA,NA,NA,NA,NA,0.00,NA,NA,NA
2025-02-13 23:00:00,28.72,82.14,12.69,36.84,29.91,NA,NA,0.46,38.01,NA,NA,NA,NA,NA,NA,NA,NA,NA,NA,NA,0.00,NA,NA,NA
2025-02-14 00:00:00,37.47,93.56,13.92,39.91,32.54,NA,NA,0.51,24.28,NA,NA,NA,NA,NA,NA,NA,NA,NA,NA,NA,0.00,NA,NA,NA
2025-02-14 01:00:00,40.24,90.03,15.61,40.09,34.02,NA,NA,0.51,17.58,NA,NA,NA,NA,NA,NA,NA,NA,NA,NA,NA,0.00,NA,NA,NA
2025-02-14 02:00:00,36.98,95.77,15.48,39.43,33.56,NA,NA,0.49,18.79,NA,NA,NA,NA,NA,NA,NA,NA,NA,NA,NA,0.00,NA,NA,NA
2025-02-14 03:00:00,43.59,97.39,18.29,39.71,35.98,NA,NA,0.52,11.99,NA,NA,NA,NA,NA,NA,NA,NA,NA,NA,NA,0.00,NA,NA,NA
2025-02-14 04:00:00,40.91,103.32,19.99,36.11,35.46,NA,NA,0.58,16.70,NA,NA,NA,NA,NA,NA,NA,NA,NA,NA,NA,0.00,NA,NA,NA
2025-02-14 05:00:00,48.59,96.73,19.64,34.98,34.57,NA,NA,0.58,16.28,NA,NA,NA,NA,NA,NA,NA,NA,NA,NA,NA,0.00,NA,NA,NA
2025-02-14 06:00:00,54.15,94.89,20.03,34.88,34.84,NA,NA,0.58,15.86,NA,NA,NA,NA,NA,NA,NA,NA,NA,NA,NA,0.00,NA,NA,NA
2025-02-14 07:00:00,57.92,115.85,20.20,34.64,34.84,NA,NA,0.61,16.17,NA,NA,NA,NA,NA,NA,NA,NA,NA,NA,NA,0.00,NA,NA,NA
2025-02-14 08:00:00,58.52,120.02,18.64,31.45,31.88,NA,NA,0.64,28.06,NA,NA,NA,NA,NA,NA,NA,NA,NA,NA,NA,0.00,NA,NA,NA
2025-02-14 09:00:00,52.06,118.07,17.72,32.10,31.47,NA,NA,0.63,42.03,NA,NA,NA,NA,NA,NA,NA,NA,NA,NA,NA,0.00,NA,NA,NA
2025-02-14 10:00:00,60.64,171.23,14.46,31.53,28.53,NA,NA,0.63,67.57,NA,NA,NA,NA,NA,NA,NA,NA,NA,NA,NA,0.00,NA,NA,NA
2025-02-14 11:00:00,49.87,127.86,12.45,32.46,27.39,NA,NA,0.59,82.64,NA,NA,NA,NA,NA,NA,NA,NA,NA,NA,NA,0.00,NA,NA,NA
2025-02-14 12:00:00,51.80,116.74,11.39,31.89,26.23,NA,NA,0.56,90.50,NA,NA,NA,NA,NA,NA,NA,NA,NA,NA,NA,0.00,NA,NA,NA
2025-02-14 13:00:00,46.60,111.45,10.93,31.37,25.57,NA,NA,0.55,93.24,NA,NA,NA,NA,NA,NA,NA,NA,NA,NA,NA,0.00,NA,NA,NA
2025-02-14 14:00:00,44.11,89.14,10.23,29.92,24.24,NA,NA,0.52,96.62,NA,NA,NA,NA,NA,NA,NA,NA,NA,NA,NA,0.00,NA,NA,NA
2025-02-14 15:00:00,25.80,84.97,10.30,29.52,24.07,NA,NA,0.49,92.05,NA,NA,NA,NA,NA,NA,NA,NA,NA,NA,NA,0.00,NA,NA,NA
2025-02-14 16:00:00,22.90,76.48,10.38,33.85,26.44,NA,NA,0.50,80.65,NA,NA,NA,NA,NA,NA,NA,NA,NA,NA,NA,0.00,NA,NA,NA
2025-02-14 17:00:00,27.25,93.94,10.85,37.04,28.51,NA,NA,0.50,64.09,NA,NA,NA,NA,NA,NA,NA,NA,NA,NA,NA,0.00,NA,NA,NA
2025-02-14 18:00:00,33.60,102.74,10.96,44.17,32.40,NA,NA,0.49,39.68,NA,NA,NA,NA,NA,NA,NA,NA,NA,NA,NA,0.00,NA,NA,NA
2025-02-14 19:00:00,39.79,113.17,11.40,44.32,32.85,NA,NA,0.59,33.48,NA,NA,NA,NA,NA,NA,NA,NA,NA,NA,NA,0.00,NA,NA,NA
2025-02-14 20:00:00,52.10,132.44,14.64,48.79,37.85,NA,NA,0.72,21.19,NA,NA,NA,NA,NA,NA,NA,NA,NA,NA,NA,0.00,NA,NA,NA
2025-02-14 21:00:00,69.87,147.55,30.66,51.56,52.39,NA,NA,0.88,7.47,NA,NA,NA,NA,NA,NA,NA,NA,NA,NA,NA,0.00,NA,NA,NA
2025-02-14 22:00:00,74.87,166.38,39.96,51.07,59.66,NA,NA,1.06,6.83,NA,NA,NA,NA,NA,NA,NA,NA,NA,NA,NA,0.00,NA,NA,NA
2025-02-14 23:00:00,74.10,197.27,58.07,47.79,72.64,NA,NA,1.18,6.78,NA,NA,NA,NA,NA,NA,NA,NA,NA,NA,NA,0.00,NA,NA,NA
2025-02-15 00:00:00,73.97,193.68,69.39,48.31,82.14,NA,NA,1.35,6.60,NA,NA,NA,NA,NA,NA,NA,NA,NA,NA,NA,0.00,NA,NA,NA
2025-02-15 01:00:00,98.00,205.14,90.22,44.49,97.02,NA,NA,1.43,6.34,NA,NA,NA,NA,NA,NA,NA,NA,NA,NA,NA,0.00,NA,NA,NA
2025-02-15 02:00:00,95.56,207.39,62.22,47.11,75.59,NA,NA,1.38,6.80,NA,NA,NA,NA,NA,NA,NA,NA,NA,NA,NA,0.00,NA,NA,NA
2025-02-15 03:00:00,87.94,189.48,72.10,47.80,84.07,NA,NA,1.13,6.36,NA,NA,NA,NA,NA,NA,NA,NA,NA,NA,NA,0.00,NA,NA,NA
2025-02-15 04:00:00,76.79,168.90,52.77,47.51,68.16,NA,NA,1.04,6.55,NA,NA,NA,NA,NA,NA,NA,NA,NA,NA,NA,0.00,NA,NA,NA
2025-02-15 05:00:00,69.89,151.31,76.64,43.69,85.69,NA,NA,1.03,6.45,NA,NA,NA,NA,NA,NA,NA,NA,NA,NA,NA,0.00,NA,NA,NA
2025-02-15 06:00:00,84.99,175.36,114.19,39.03,113.55,NA,NA,1.37,6.48,NA,NA,NA,NA,NA,NA,NA,NA,NA,NA,NA,0.00,NA,NA,NA
2025-02-15 07:00:00,81.82,178.74,148.02,33.85,138.35,NA,NA,1.56,6.65,NA,NA,NA,NA,NA,NA,NA,NA,NA,NA,NA,0.00,NA,NA,NA
2025-02-15 08:00:00,83.46,192.32,101.06,45.11,106.08,NA,NA,1.58,7.78,NA,NA,NA,NA,NA,NA,NA,NA,NA,NA,NA,0.00,NA,NA,NA
2025-02-15 09:00:00,68.70,146.38,57.87,54.52,76.02,NA,NA,1.15,24.43,NA,NA,NA,NA,NA,NA,NA,NA,NA,NA,NA,0.00,NA,NA,NA
2025-02-15 10:00:00,76.24,163.20,43.96,53.73,64.30,NA,NA,0.92,49.42,NA,NA,NA,NA,NA,NA,NA,NA,NA,NA,NA,0.00,NA,NA,NA
2025-02-15 11:00:00,79.07,182.41,35.32,57.47,59.28,NA,NA,0.98,85.75,NA,NA,NA,NA,NA,NA,NA,NA,NA,NA,NA,0.00,NA,NA,NA
2025-02-15 12:00:00,78.94,210.56,27.90,58.93,54.03,NA,NA,1.01,112.97,NA,NA,NA,NA,NA,NA,NA,NA,NA,NA,NA,0.00,NA,NA,NA
2025-02-15 13:00:00,65.64,172.92,22.65,50.52,45.29,NA,NA,0.83,129.41,NA,NA,NA,NA,NA,NA,NA,NA,NA,NA,NA,0.00,NA,NA,NA
2025-02-15 14:00:00,57.92,126.23,19.22,48.79,41.58,NA,NA,0.71,123.13,NA,NA,NA,NA,NA,NA,NA,NA,NA,NA,NA,0.00,NA,NA,NA
2025-02-15 15:00:00,38.85,112.58,16.30,49.95,39.81,NA,NA,0.66,119.28,NA,NA,NA,NA,NA,NA,NA,NA,NA,NA,NA,0.00,NA,NA,NA
2025-02-15 16:00:00,43.99,115.60,13.90,52.79,39.38,NA,NA,0.66,109.98,NA,NA,NA,NA,NA,NA,NA,NA,NA,NA,NA,0.00,NA,NA,NA
2025-02-15 17:00:00,51.42,128.66,12.97,59.52,42.19,NA,NA,0.68,77.32,NA,NA,NA,NA,NA,NA,NA,NA,NA,NA,NA,0.00,NA,NA,NA
2025-02-15 18:00:00,60.10,156.52,36.95,78.66,71.94,NA,NA,0.87,14.35,NA,NA,NA,NA,NA,NA,NA,NA,NA,NA,NA,0.00,NA,NA,NA
2025-02-15 19:00:00,49.90,152.03,79.64,71.58,102.90,NA,NA,1.08,6.07,NA,NA,NA,NA,NA,NA,NA,NA,NA,NA,NA,0.00,NA,NA,NA
2025-02-15 20:00:00,68.47,260.48,136.41,65.66,145.91,NA,NA,1.75,7.21,NA,NA,NA,NA,NA,NA,NA,NA,NA,NA,NA,0.00,NA,NA,NA
2025-02-15 21:00:00,138.52,505.25,256.73,58.54,239.90,NA,NA,3.20,6.97,NA,NA,NA,NA,NA,NA,NA,NA,NA,NA,NA,0.00,NA,NA,NA
2025-02-15 22:00:00,152.62,555.45,321.95,50.85,288.93,NA,NA,4.19,7.19,NA,NA,NA,NA,NA,NA,NA,NA,NA,NA,NA,0.00,NA,NA,NA
2025-02-15 23:00:00,170.62,606.35,264.08,50.30,241.24,NA,NA,4.52,6.09,NA,NA,NA,NA,NA,NA,NA,NA,NA,NA,NA,0.00,NA,NA,NA
2025-02-16 00:00:00,141.80,401.51,201.41,50.55,190.73,NA,NA,2.96,6.95,NA,NA,NA,NA,NA,NA,NA,NA,NA,NA,NA,0.00,NA,NA,NA
2025-02-16 01:00:00,148.21,395.66,257.17,42.66,231.74,NA,NA,3.11,6.39,NA,NA,NA,NA,NA,NA,NA,NA,NA,NA,NA,0.00,NA,NA,NA
2025-02-16 02:00:00,149.04,378.27,213.86,40.39,195.33,NA,NA,3.19,7.17,NA,NA,NA,NA,NA,NA,NA,NA,NA,NA,NA,0.00,NA,NA,NA
2025-02-16 03:00:00,225.48,389.18,167.99,40.58,158.15,NA,NA,2.93,6.68,NA,NA,NA,NA,NA,NA,NA,NA,NA,NA,NA,0.00,NA,NA,NA
2025-02-16 04:00:00,237.08,424.52,150.67,40.59,144.05,NA,NA,2.53,6.29,NA,NA,NA,NA,NA,NA,NA,NA,NA,NA,NA,0.00,NA,NA,NA
2025-02-16 05:00:00,218.03,397.70,175.03,35.92,161.50,NA,NA,2.38,6.64,NA,NA,NA,NA,NA,NA,NA,NA,NA,NA,NA,0.00,NA,NA,NA
2025-02-16 06:00:00,235.72,428.10,217.18,25.64,190.22,NA,NA,2.87,6.48,NA,NA,NA,NA,NA,NA,NA,NA,NA,NA,NA,0.00,NA,NA,NA
2025-02-16 07:00:00,217.35,389.89,213.01,26.07,187.03,NA,NA,3.03,6.58,NA,NA,NA,NA,NA,NA,NA,NA,NA,NA,NA,0.00,NA,NA,NA
2025-02-16 08:00:00,203.39,381.31,151.42,40.44,144.50,NA,NA,2.76,7.50,NA,NA,NA,NA,NA,NA,NA,NA,NA,NA,NA,0.00,NA,NA,NA
2025-02-16 09:00:00,171.38,345.65,92.37,51.85,102.65,NA,NA,2.02,28.63,NA,NA,NA,NA,NA,NA,NA,NA,NA,NA,NA,0.00,NA,NA,NA
2025-02-16 10:00:00,127.49,261.81,73.43,57.00,90.00,NA,NA,1.48,65.23,NA,NA,NA,NA,NA,NA,NA,NA,NA,NA,NA,0.00,NA,NA,NA
2025-02-16 11:00:00,112.65,205.30,57.67,56.12,76.73,NA,NA,1.13,103.70,NA,NA,NA,NA,NA,NA,NA,NA,NA,NA,NA,0.00,NA,NA,NA
2025-02-16 12:00:00,94.47,163.08,47.24,53.83,67.03,NA,NA,0.87,122.54,NA,NA,NA,NA,NA,NA,NA,NA,NA,NA,NA,0.00,NA,NA,NA
2025-02-16 13:00:00,86.46,159.31,37.71,56.97,60.96,NA,NA,0.81,145.83,NA,NA,NA,NA,NA,NA,NA,NA,NA,NA,NA,0.00,NA,NA,NA
2025-02-16 14:00:00,65.69,116.23,32.64,50.82,53.57,NA,NA,0.77,123.12,NA,NA,NA,NA,NA,NA,NA,NA,NA,NA,NA,0.00,NA,NA,NA
2025-02-16 15:00:00,35.49,83.69,28.55,50.95,50.29,NA,NA,0.63,100.92,NA,NA,NA,NA,NA,NA,NA,NA,NA,NA,NA,0.00,NA,NA,NA
2025-02-16 16:00:00,36.06,85.10,22.58,46.65,43.18,NA,NA,0.57,102.79,NA,NA,NA,NA,NA,NA,NA,NA,NA,NA,NA,0.00,NA,NA,NA
2025-02-16 17:00:00,31.49,82.53,23.41,59.16,50.51,NA,NA,0.56,41.97,NA,NA,NA,NA,NA,NA,NA,NA,NA,NA,NA,0.00,NA,NA,NA
2025-02-16 18:00:00,52.25,117.45,20.81,57.53,47.51,NA,NA,0.70,44.62,NA,NA,NA,NA,NA,NA,NA,NA,NA,NA,NA,0.00,NA,NA,NA
2025-02-16 19:00:00,64.40,156.52,23.98,59.90,51.37,NA,NA,0.90,23.20,NA,NA,NA,NA,NA,NA,NA,NA,NA,NA,NA,0.00,NA,NA,NA
2025-02-16 20:00:00,77.81,184.16,39.92,62.14,65.52,NA,NA,1.09,7.28,NA,NA,NA,NA,NA,NA,NA,NA,NA,NA,NA,0.00,NA,NA,NA
2025-02-16 21:00:00,91.98,195.49,67.03,56.93,84.87,NA,NA,1.19,6.77,NA,NA,NA,NA,NA,NA,NA,NA,NA,NA,NA,0.00,NA,NA,NA
2025-02-16 22:00:00,93.78,264.82,160.54,42.59,153.23,NA,NA,2.03,6.72,NA,NA,NA,NA,NA,NA,NA,NA,NA,NA,NA,0.00,NA,NA,NA
2025-02-16 23:00:00,108.58,309.14,219.36,33.81,196.39,NA,NA,2.78,6.64,NA,NA,NA,NA,NA,NA,NA,NA,NA,NA,NA,0.00,NA,NA,NA
2025-02-17 00:00:00,128.65,349.85,217.60,32.34,194.10,NA,NA,2.99,6.59,NA,NA,NA,NA,NA,NA,NA,NA,NA,NA,NA,0.00,NA,NA,NA
2025-02-17 01:00:00,115.88,283.20,187.00,34.56,170.34,NA,NA,2.75,6.32,NA,NA,NA,NA,NA,NA,NA,NA,NA,NA,NA,0.00,NA,NA,NA
2025-02-17 02:00:00,96.34,210.71,177.36,32.85,161.73,NA,NA,2.25,6.28,NA,NA,NA,NA,NA,NA,NA,NA,NA,NA,NA,0.00,NA,NA,NA
2025-02-17 03:00:00,98.66,236.47,169.85,32.03,155.03,NA,NA,2.16,6.28,NA,NA,NA,NA,NA,NA,NA,NA,NA,NA,NA,0.00,NA,NA,NA
2025-02-17 04:00:00,94.31,197.63,159.81,33.21,147.67,NA,NA,1.84,6.35,NA,NA,NA,NA,NA,NA,NA,NA,NA,NA,NA,0.00,NA,NA,NA
2025-02-17 05:00:00,100.09,226.17,174.26,29.60,157.41,NA,NA,2.14,6.35,NA,NA,NA,NA,NA,NA,NA,NA,NA,NA,NA,0.00,NA,NA,NA
2025-02-17 06:00:00,116.91,257.94,251.94,21.51,216.37,NA,NA,2.38,6.67,NA,NA,NA,NA,NA,NA,NA,NA,NA,NA,NA,0.00,NA,NA,NA
2025-02-17 07:00:00,112.49,258.06,265.90,26.27,230.10,NA,NA,2.87,6.93,NA,NA,NA,NA,NA,NA,NA,NA,NA,NA,NA,0.00,NA,NA,NA
2025-02-17 08:00:00,121.52,228.46,176.73,34.68,162.04,NA,NA,2.34,6.61,NA,NA,NA,NA,NA,NA,NA,NA,NA,NA,NA,0.00,NA,NA,NA
2025-02-17 09:00:00,112.82,216.38,115.65,53.85,122.68,NA,NA,1.66,11.76,NA,NA,NA,NA,NA,NA,NA,NA,NA,NA,NA,0.00,NA,NA,NA
2025-02-17 10:00:00,95.55,223.53,98.77,68.33,116.62,NA,NA,1.45,26.37,NA,NA,NA,NA,NA,NA,NA,NA,NA,NA,NA,0.00,NA,NA,NA
2025-02-17 11:00:00,81.31,198.80,72.35,73.79,98.05,NA,NA,1.25,73.25,NA,NA,NA,NA,NA,NA,NA,NA,NA,NA,NA,0.00,NA,NA,NA
2025-02-17 12:00:00,60.87,152.66,59.38,61.02,80.71,NA,NA,1.00,91.31,NA,NA,NA,NA,NA,NA,NA,NA,NA,NA,NA,0.00,NA,NA,NA
2025-02-17 13:00:00,45.16,114.41,51.42,50.41,68.60,NA,NA,0.74,92.45,NA,NA,NA,NA,NA,NA,NA,NA,NA,NA,NA,0.00,NA,NA,NA
2025-02-17 14:00:00,45.55,82.42,41.69,50.38,60.69,NA,NA,0.62,107.00,NA,NA,NA,NA,NA,NA,NA,NA,NA,NA,NA,0.00,NA,NA,NA
2025-02-17 15:00:00,26.65,90.07,34.97,47.62,53.75,NA,NA,0.59,120.37,NA,NA,NA,NA,NA,NA,NA,NA,NA,NA,NA,0.00,NA,NA,NA
2025-02-17 16:00:00,43.27,106.15,29.85,50.42,51.09,NA,NA,0.62,109.74,NA,NA,NA,NA,NA,NA,NA,NA,NA,NA,NA,0.00,NA,NA,NA
2025-02-17 17:00:00,39.21,128.01,27.01,55.78,51.63,NA,NA,0.63,78.53,NA,NA,NA,NA,NA,NA,NA,NA,NA,NA,NA,0.00,NA,NA,NA
2025-02-17 18:00:00,56.18,165.52,35.18,72.85,67.36,NA,NA,0.78,19.93,NA,NA,NA,NA,NA,NA,NA,NA,NA,NA,NA,0.00,NA,NA,NA
2025-02-17 19:00:00,66.03,188.06,53.07,69.69,80.20,NA,NA,1.09,10.56,NA,NA,NA,NA,NA,NA,NA,NA,NA,NA,NA,0.00,NA,NA,NA
2025-02-17 20:00:00,84.83,249.60,117.43,59.33,126.87,NA,NA,1.75,7.02,NA,NA,NA,NA,NA,NA,NA,NA,NA,NA,NA,0.00,NA,NA,NA
2025-02-17 21:00:00,128.37,521.95,243.89,40.70,219.88,NA,NA,3.43,7.05,NA,NA,NA,NA,NA,NA,NA,NA,NA,NA,NA,0.00,NA,NA,NA
2025-02-17 22:00:00,135.27,525.68,279.20,35.49,245.90,NA,NA,3.98,6.94,NA,NA,NA,NA,NA,NA,NA,NA,NA,NA,NA,0.00,NA,NA,NA
2025-02-17 23:00:00,120.35,401.19,142.96,52.80,144.45,NA,NA,3.41,6.54,NA,NA,NA,NA,NA,NA,NA,NA,NA,NA,NA,0.00,NA,NA,NA
2025-02-18 00:00:00,98.40,239.33,95.80,52.26,105.70,NA,NA,2.37,6.39,NA,NA,NA,NA,NA,NA,NA,NA,NA,NA,NA,0.00,NA,NA,NA
2025-02-18 01:00:00,98.98,220.68,92.95,49.28,101.81,NA,NA,1.67,6.61,NA,NA,NA,NA,NA,NA,NA,NA,NA,NA,NA,0.00,NA,NA,NA
2025-02-18 02:00:00,100.35,201.06,77.26,48.47,88.60,NA,NA,1.34,7.09,NA,NA,NA,NA,NA,NA,NA,NA,NA,NA,NA,0.00,NA,NA,NA
2025-02-18 03:00:00,77.48,147.46,71.71,46.46,82.98,NA,NA,1.18,8.20,NA,NA,NA,NA,NA,NA,NA,NA,NA,NA,NA,0.00,NA,NA,NA
2025-02-18 04:00:00,55.55,131.65,97.86,40.03,100.82,NA,NA,1.14,7.31,NA,NA,NA,NA,NA,NA,NA,NA,NA,NA,NA,0.00,NA,NA,NA
2025-02-18 05:00:00,90.67,284.07,206.95,26.05,181.98,NA,NA,1.85,6.42,NA,NA,NA,NA,NA,NA,NA,NA,NA,NA,NA,0.00,NA,NA,NA
2025-02-18 06:00:00,105.43,321.87,190.97,31.29,172.01,NA,NA,2.47,6.66,NA,NA,NA,NA,NA,NA,NA,NA,NA,NA,NA,0.00,NA,NA,NA
2025-02-18 07:00:00,93.23,198.25,136.96,34.21,129.60,NA,NA,1.74,6.62,NA,NA,NA,NA,NA,NA,NA,NA,NA,NA,NA,0.00,NA,NA,NA
2025-02-18 08:00:00,119.32,207.75,91.55,44.44,98.09,NA,NA,1.36,8.31,NA,NA,NA,NA,NA,NA,NA,NA,NA,NA,NA,0.00,NA,NA,NA
2025-02-18 09:00:00,115.01,213.85,81.45,44.98,90.14,NA,NA,1.26,10.57,NA,NA,NA,NA,NA,NA,NA,NA,NA,NA,NA,0.00,NA,NA,NA
2025-02-18 10:00:00,95.00,222.85,72.99,41.91,81.66,NA,NA,1.13,24.27,NA,NA,NA,NA,NA,NA,NA,NA,NA,NA,NA,0.00,NA,NA,NA
2025-02-18 11:00:00,78.39,182.68,57.17,41.40,68.52,NA,NA,0.96,49.73,NA,NA,NA,NA,NA,NA,NA,NA,NA,NA,NA,0.00,NA,NA,NA
2025-02-18 12:00:00,54.93,123.82,44.76,40.65,58.02,NA,NA,0.85,75.40,NA,NA,NA,NA,NA,NA,NA,NA,NA,NA,NA,0.00,NA,NA,NA
2025-02-18 13:00:00,41.38,100.13,40.87,40.12,54.58,NA,NA,0.72,67.49,NA,NA,NA,NA,NA,NA,NA,NA,NA,NA,NA,0.00,NA,NA,NA
2025-02-18 14:00:00,28.54,43.03,34.76,35.56,47.19,NA,NA,0.55,66.94,NA,NA,NA,NA,NA,NA,NA,NA,NA,NA,NA,0.00,NA,NA,NA
2025-02-18 15:00:00,9.67,39.96,31.17,33.78,43.31,NA,NA,0.46,65.96,NA,NA,NA,NA,NA,NA,NA,NA,NA,NA,NA,0.00,NA,NA,NA
2025-02-18 16:00:00,12.33,41.94,27.21,35.16,40.82,NA,NA,0.48,63.05,NA,NA,NA,NA,NA,NA,NA,NA,NA,NA,NA,0.00,NA,NA,NA
2025-02-18 17:00:00,19.67,68.59,25.62,50.52,47.69,NA,NA,0.54,44.35,NA,NA,NA,NA,NA,NA,NA,NA,NA,NA,NA,0.00,NA,NA,NA
2025-02-18 18:00:00,38.72,109.41,30.69,56.85,55.18,NA,NA,0.67,15.79,NA,NA,NA,NA,NA,NA,NA,NA,NA,NA,NA,0.00,NA,NA,NA
2025-02-18 19:00:00,39.26,113.41,44.87,57.17,66.88,NA,NA,0.86,7.08,NA,NA,NA,NA,NA,NA,NA,NA,NA,NA,NA,0.00,NA,NA,NA
2025-02-18 20:00:00,53.00,192.61,125.33,46.05,126.29,NA,NA,1.48,6.71,NA,NA,NA,NA,NA,NA,NA,NA,NA,NA,NA,0.00,NA,NA,NA
2025-02-18 21:00:00,77.57,328.23,139.97,40.95,135.64,NA,NA,2.30,6.93,NA,NA,NA,NA,NA,NA,NA,NA,NA,NA,NA,0.00,NA,NA,NA
2025-02-18 22:00:00,96.22,252.63,81.84,48.52,92.38,NA,NA,2.12,6.91,NA,NA,NA,NA,NA,NA,NA,NA,NA,NA,NA,0.00,NA,NA,NA
2025-02-18 23:00:00,100.93,285.79,149.25,37.61,141.18,NA,NA,2.12,6.97,NA,NA,NA,NA,NA,NA,NA,NA,NA,NA,NA,0.00,NA,NA,NA
2025-02-19 00:00:00,135.39,569.03,237.23,23.73,205.46,NA,NA,3.18,6.54,NA,NA,NA,NA,NA,NA,NA,NA,NA,NA,NA,0.00,NA,NA,NA
2025-02-19 01:00:00,110.14,419.44,231.68,25.14,201.82,NA,NA,3.48,6.54,NA,NA,NA,NA,NA,NA,NA,NA,NA,NA,NA,0.00,NA,NA,NA
2025-02-19 02:00:00,118.09,257.32,127.45,35.93,122.79,NA,NA,2.41,6.27,NA,NA,NA,NA,NA,NA,NA,NA,NA,NA,NA,0.00,NA,NA,NA
2025-02-19 03:00:00,105.91,186.67,89.92,37.21,92.88,NA,NA,1.33,6.08,NA,NA,NA,NA,NA,NA,NA,NA,NA,NA,NA,0.00,NA,NA,NA
2025-02-19 04:00:00,65.94,133.41,113.84,33.15,110.18,NA,NA,1.12,6.10,NA,NA,NA,NA,NA,NA,NA,NA,NA,NA,NA,0.00,NA,NA,NA
2025-02-19 05:00:00,57.03,120.34,103.79,34.53,102.75,NA,NA,1.08,6.24,NA,NA,NA,NA,NA,NA,NA,NA,NA,NA,NA,0.00,NA,NA,NA
2025-02-19 06:00:00,64.28,133.02,111.43,33.38,108.35,NA,NA,1.16,6.26,NA,NA,NA,NA,NA,NA,NA,NA,NA,NA,NA,0.00,NA,NA,NA
2025-02-19 07:00:00,71.34,146.86,95.71,37.38,97.71,NA,NA,1.18,6.95,NA,NA,NA,NA,NA,NA,NA,NA,NA,NA,NA,0.00,NA,NA,NA
2025-02-19 08:00:00,71.95,148.57,89.23,38.25,92.91,NA,NA,1.10,9.83,NA,NA,NA,NA,NA,NA,NA,NA,NA,NA,NA,0.00,NA,NA,NA
2025-02-19 09:00:00,67.85,141.76,66.49,38.05,74.32,NA,NA,0.96,22.88,NA,NA,NA,NA,NA,NA,NA,NA,NA,NA,NA,0.00,NA,NA,NA
2025-02-19 10:00:00,67.49,129.91,53.03,37.99,63.32,NA,NA,0.79,41.03,NA,NA,NA,NA,NA,NA,NA,NA,NA,NA,NA,0.00,NA,NA,NA
2025-02-19 11:00:00,51.89,123.42,43.19,40.42,56.63,NA,NA,0.72,64.09,NA,NA,NA,NA,NA,NA,NA,NA,NA,NA,NA,0.00,NA,NA,NA
2025-02-19 12:00:00,52.08,117.29,35.07,41.00,50.33,NA,NA,0.68,87.62,NA,NA,NA,NA,NA,NA,NA,NA,NA,NA,NA,0.00,NA,NA,NA
2025-02-19 13:00:00,56.24,116.58,30.35,42.81,47.45,NA,NA,0.70,93.95,NA,NA,NA,NA,NA,NA,NA,NA,NA,NA,NA,0.00,NA,NA,NA
2025-02-19 14:00:00,46.31,119.79,27.16,46.07,46.57,NA,NA,0.63,85.19,NA,NA,NA,NA,NA,NA,NA,NA,NA,NA,NA,0.00,NA,NA,NA
2025-02-19 15:00:00,30.82,92.37,27.52,43.58,45.57,NA,NA,0.60,68.91,NA,NA,NA,NA,NA,NA,NA,NA,NA,NA,NA,0.00,NA,NA,NA
2025-02-19 16:00:00,25.19,63.83,24.43,44.09,43.32,NA,NA,0.59,61.74,NA,NA,NA,NA,NA,NA,NA,NA,NA,NA,NA,0.00,NA,NA,NA
2025-02-19 17:00:00,18.47,66.06,20.97,43.60,40.24,NA,NA,0.55,52.32,NA,NA,NA,NA,NA,NA,NA,NA,NA,NA,NA,0.00,NA,NA,NA
2025-02-19 18:00:00,40.72,113.13,30.28,60.49,56.78,NA,NA,0.71,13.70,NA,NA,NA,NA,NA,NA,NA,NA,NA,NA,NA,0.00,NA,NA,NA
2025-02-19 19:00:00,68.77,195.77,32.19,60.52,58.33,NA,NA,1.05,13.75,NA,NA,NA,NA,NA,NA,NA,NA,NA,NA,NA,0.00,NA,NA,NA
2025-02-19 20:00:00,70.73,212.62,45.65,63.98,71.14,NA,NA,1.47,7.07,NA,NA,NA,NA,NA,NA,NA,NA,NA,NA,NA,0.00,NA,NA,NA
2025-02-19 21:00:00,74.38,253.17,39.34,53.53,60.51,NA,NA,1.53,25.99,NA,NA,NA,NA,NA,NA,NA,NA,NA,NA,NA,0.00,NA,NA,NA
2025-02-19 22:00:00,42.98,184.81,46.82,52.57,65.99,NA,NA,1.00,8.41,NA,NA,NA,NA,NA,NA,NA,NA,NA,NA,NA,0.00,NA,NA,NA
2025-02-19 23:00:00,30.27,133.13,29.41,45.66,48.22,NA,NA,0.81,21.91,NA,NA,NA,NA,NA,NA,NA,NA,NA,NA,NA,0.00,NA,NA,NA
2025-02-20 00:00:00,36.15,116.30,58.82,45.40,71.91,NA,NA,0.76,9.59,NA,NA,NA,NA,NA,NA,NA,NA,NA,NA,NA,0.00,NA,NA,NA
2025-02-20 01:00:00,44.92,165.36,54.04,45.35,68.13,NA,NA,1.08,8.57,NA,NA,NA,NA,NA,NA,NA,NA,NA,NA,NA,0.00,NA,NA,NA
2025-02-20 02:00:00,33.30,119.08,40.02,42.44,55.11,NA,NA,0.78,9.22,NA,NA,NA,NA,NA,NA,NA,NA,NA,NA,NA,0.00,NA,NA,NA
2025-02-20 03:00:00,34.80,108.74,45.85,39.72,58.42,NA,NA,0.70,8.77,NA,NA,NA,NA,NA,NA,NA,NA,NA,NA,NA,0.00,NA,NA,NA
2025-02-20 04:00:00,35.43,104.90,35.44,37.45,48.72,NA,NA,0.65,12.52,NA,NA,NA,NA,NA,NA,NA,NA,NA,NA,NA,0.00,NA,NA,NA
2025-02-20 05:00:00,33.97,103.60,35.84,35.55,48.05,NA,NA,0.70,9.00,NA,NA,NA,NA,NA,NA,NA,NA,NA,NA,NA,0.00,NA,NA,NA
2025-02-20 06:00:00,41.62,81.21,36.17,33.10,47.00,NA,NA,0.71,9.05,NA,NA,NA,NA,NA,NA,NA,NA,NA,NA,NA,0.00,NA,NA,NA
2025-02-20 07:00:00,35.84,76.88,38.77,35.72,50.52,NA,NA,0.80,9.41,NA,NA,NA,NA,NA,NA,NA,NA,NA,NA,NA,0.00,NA,NA,NA
2025-02-20 08:00:00,36.99,73.08,51.39,35.76,60.81,NA,NA,0.84,8.34,NA,NA,NA,NA,NA,NA,NA,NA,NA,NA,NA,0.00,NA,NA,NA
2025-02-20 09:00:00,41.17,97.33,38.35,38.85,51.85,NA,NA,0.91,15.66,NA,NA,NA,NA,NA,NA,NA,NA,NA,NA,NA,0.00,NA,NA,NA
2025-02-20 10:00:00,56.92,115.89,31.80,38.20,46.20,NA,NA,0.91,28.79,NA,NA,NA,NA,NA,NA,NA,NA,NA,NA,NA,0.00,NA,NA,NA
2025-02-20 11:00:00,39.30,76.85,15.88,35.93,32.04,NA,NA,0.75,32.08,NA,NA,NA,NA,NA,NA,NA,NA,NA,NA,NA,0.00,NA,NA,NA
2025-02-20 12:00:00,48.55,80.64,11.32,26.72,23.42,NA,NA,0.66,72.35,NA,NA,NA,NA,NA,NA,NA,NA,NA,NA,NA,0.00,NA,NA,NA
2025-02-20 13:00:00,56.12,165.14,10.34,26.25,22.36,NA,NA,0.61,101.40,NA,NA,NA,NA,NA,NA,NA,NA,NA,NA,NA,0.00,NA,NA,NA
2025-02-20 14:00:00,57.82,144.49,12.49,23.56,20.90,NA,NA,0.11,57.75,NA,NA,NA,NA,NA,NA,NA,NA,NA,NA,NA,0.00,NA,NA,NA
2025-02-20 15:00:00,47.65,123.80,62.06,9.98,50.70,NA,NA,0.13,60.28,NA,NA,NA,NA,NA,NA,NA,NA,NA,NA,NA,0.00,NA,NA,NA
2025-02-20 16:00:00,45.34,105.76,29.53,41.64,43.44,NA,NA,0.15,58.12,NA,NA,NA,NA,NA,NA,NA,NA,NA,NA,NA,0.00,NA,NA,NA
2025-02-20 17:00:00,37.68,97.49,3.78,46.03,27.55,NA,NA,0.53,50.70,NA,NA,NA,NA,NA,NA,NA,NA,NA,NA,NA,0.00,NA,NA,NA
2025-02-20 18:00:00,43.91,107.24,6.36,54.87,34.35,NA,NA,0.22,27.77,NA,NA,NA,NA,NA,NA,NA,NA,NA,NA,NA,0.00,NA,NA,NA
2025-02-20 19:00:00,45.91,117.33,7.30,54.27,34.80,NA,NA,0.23,23.99,NA,NA,NA,NA,NA,NA,NA,NA,NA,NA,NA,0.00,NA,NA,NA
2025-02-20 20:00:00,51.15,114.13,6.56,48.92,31.36,NA,NA,0.24,27.58,NA,NA,NA,NA,NA,NA,NA,NA,NA,NA,NA,0.00,NA,NA,NA
2025-02-20 21:00:00,46.74,113.36,6.77,50.40,32.31,NA,NA,0.25,27.87,NA,NA,NA,NA,NA,NA,NA,NA,NA,NA,NA,0.00,NA,NA,NA
2025-02-20 22:00:00,53.48,121.43,9.03,54.83,36.51,NA,NA,0.31,19.58,NA,NA,NA,NA,NA,NA,NA,NA,NA,NA,NA,0.00,NA,NA,NA
2025-02-20 23:00:00,52.49,121.77,11.37,59.14,40.69,NA,NA,0.36,11.86,NA,NA,NA,NA,NA,NA,NA,NA,NA,NA,NA,0.00,NA,NA,NA
2025-02-21 00:00:00,57.18,139.97,31.48,57.20,56.01,NA,NA,0.99,6.19,NA,NA,NA,NA,NA,NA,NA,NA,NA,NA,NA,0.00,NA,NA,NA
2025-02-21 01:00:00,75.24,151.48,29.97,54.17,53.17,NA,NA,1.09,5.92,NA,NA,NA,NA,NA,NA,NA,NA,NA,NA,NA,0.00,NA,NA,NA
2025-02-21 02:00:00,64.66,136.23,38.01,49.56,57.24,NA,NA,1.00,5.72,NA,NA,NA,NA,NA,NA,NA,NA,NA,NA,NA,0.00,NA,NA,NA
2025-02-21 03:00:00,47.28,108.31,50.22,46.71,65.70,NA,NA,0.85,5.47,NA,NA,NA,NA,NA,NA,NA,NA,NA,NA,NA,0.00,NA,NA,NA
2025-02-21 04:00:00,43.19,110.50,29.48,45.74,48.29,NA,NA,0.60,6.70,NA,NA,NA,NA,NA,NA,NA,NA,NA,NA,NA,0.00,NA,NA,NA
2025-02-21 05:00:00,48.09,111.29,59.18,43.23,70.98,NA,NA,0.74,5.61,NA,NA,NA,NA,NA,NA,NA,NA,NA,NA,NA,0.00,NA,NA,NA
2025-02-21 06:00:00,62.86,142.84,129.92,38.24,126.00,NA,NA,1.50,5.86,NA,NA,NA,NA,NA,NA,NA,NA,NA,NA,NA,0.00,NA,NA,NA
2025-02-21 07:00:00,81.82,176.17,163.21,30.04,148.65,NA,NA,2.18,6.05,NA,NA,NA,NA,NA,NA,NA,NA,NA,NA,NA,0.00,NA,NA,NA
2025-02-21 08:00:00,84.27,200.20,97.42,40.72,100.94,NA,NA,2.16,6.46,NA,NA,NA,NA,NA,NA,NA,NA,NA,NA,NA,0.00,NA,NA,NA
2025-02-21 09:00:00,82.20,164.49,47.00,48.46,64.00,NA,NA,1.23,22.85,NA,NA,NA,NA,NA,NA,NA,NA,NA,NA,NA,0.00,NA,NA,NA
2025-02-21 10:00:00,56.55,120.06,35.23,45.12,52.68,NA,NA,0.68,51.07,NA,NA,NA,NA,NA,NA,NA,NA,NA,NA,NA,0.00,NA,NA,NA
2025-02-21 11:00:00,67.07,117.27,27.85,49.12,48.76,NA,NA,0.57,76.07,NA,NA,NA,NA,NA,NA,NA,NA,NA,NA,NA,0.00,NA,NA,NA
2025-02-21 12:00:00,75.49,143.15,21.47,59.28,48.99,NA,NA,0.77,84.24,NA,NA,NA,NA,NA,NA,NA,NA,NA,NA,NA,0.00,NA,NA,NA
2025-02-21 13:00:00,100.74,186.44,11.75,56.20,39.47,NA,NA,0.80,80.98,NA,NA,NA,NA,NA,NA,NA,NA,NA,NA,NA,0.00,NA,NA,NA
2025-02-21 14:00:00,67.99,136.38,3.07,48.27,28.17,NA,NA,0.71,79.58,NA,NA,NA,NA,NA,NA,NA,NA,NA,NA,NA,0.00,NA,NA,NA
2025-02-21 15:00:00,63.46,119.77,83.20,32.82,72.73,NA,NA,0.68,81.60,NA,NA,NA,NA,NA,NA,NA,NA,NA,NA,NA,0.00,NA,NA,NA
2025-02-21 16:00:00,63.45,128.83,3.48,62.89,36.29,NA,NA,0.63,74.36,NA,NA,NA,NA,NA,NA,NA,NA,NA,NA,NA,0.00,NA,NA,NA
2025-02-21 17:00:00,71.42,134.80,3.69,62.61,36.30,NA,NA,0.66,64.49,NA,NA,NA,NA,NA,NA,NA,NA,NA,NA,NA,0.00,NA,NA,NA
2025-02-21 18:00:00,64.55,125.76,3.60,61.96,35.89,NA,NA,0.63,50.52,NA,NA,NA,NA,NA,NA,NA,NA,NA,NA,NA,0.00,NA,NA,NA
2025-02-21 19:00:00,67.50,134.95,5.31,63.24,37.94,NA,NA,0.80,25.62,NA,NA,NA,NA,NA,NA,NA,NA,NA,NA,NA,0.00,NA,NA,NA
2025-02-21 20:00:00,97.89,170.14,9.52,68.38,44.12,NA,NA,1.05,10.76,NA,NA,NA,NA,NA,NA,NA,NA,NA,NA,NA,0.00,NA,NA,NA
2025-02-21 21:00:00,95.43,168.33,12.95,66.17,45.72,NA,NA,1.16,7.28,NA,NA,NA,NA,NA,NA,NA,NA,NA,NA,NA,0.00,NA,NA,NA
2025-02-21 22:00:00,84.61,164.54,11.10,62.84,42.46,NA,NA,1.13,8.39,NA,NA,NA,NA,NA,NA,NA,NA,NA,NA,NA,0.00,NA,NA,NA
2025-02-21 23:00:00,88.35,153.32,12.48,56.28,40.08,NA,NA,0.89,7.45,NA,NA,NA,NA,NA,NA,NA,NA,NA,NA,NA,0.00,NA,NA,NA
2025-02-22 00:00:00,66.85,132.44,14.27,55.05,40.88,NA,NA,0.76,7.18,NA,NA,NA,NA,NA,NA,NA,NA,NA,NA,NA,0.00,NA,NA,NA
2025-02-22 01:00:00,57.87,110.43,12.19,51.11,37.11,NA,NA,0.67,7.79,NA,NA,NA,NA,NA,NA,NA,NA,NA,NA,NA,0.00,NA,NA,NA
2025-02-22 02:00:00,61.20,117.42,14.71,47.53,37.25,NA,NA,0.59,6.85,NA,NA,NA,NA,NA,NA,NA,NA,NA,NA,NA,0.00,NA,NA,NA
2025-02-22 03:00:00,49.20,114.46,11.62,44.00,32.85,NA,NA,0.47,9.72,NA,NA,NA,NA,NA,NA,NA,NA,NA,NA,NA,0.00,NA,NA,NA
2025-02-22 04:00:00,52.64,87.34,15.33,46.18,37.03,NA,NA,0.46,8.06,NA,NA,NA,NA,NA,NA,NA,NA,NA,NA,NA,0.00,NA,NA,NA
2025-02-22 05:00:00,53.78,98.66,19.20,46.10,40.13,NA,NA,0.67,6.09,NA,NA,NA,NA,NA,NA,NA,NA,NA,NA,NA,0.00,NA,NA,NA
2025-02-22 06:00:00,68.56,105.42,16.93,47.01,38.78,NA,NA,0.62,7.48,NA,NA,NA,NA,NA,NA,NA,NA,NA,NA,NA,0.00,NA,NA,NA
2025-02-22 07:00:00,56.64,92.23,16.08,44.37,36.67,NA,NA,0.57,10.44,NA,NA,NA,NA,NA,NA,NA,NA,NA,NA,NA,0.00,NA,NA,NA
2025-02-22 08:00:00,47.62,80.24,21.88,45.33,41.90,NA,NA,0.52,14.08,NA,NA,NA,NA,NA,NA,NA,NA,NA,NA,NA,0.00,NA,NA,NA
2025-02-22 09:00:00,48.95,82.84,19.31,45.20,39.74,NA,NA,0.64,20.10,NA,NA,NA,NA,NA,NA,NA,NA,NA,NA,NA,0.00,NA,NA,NA
2025-02-22 10:00:00,64.74,96.17,20.94,46.31,41.64,NA,NA,0.63,24.07,NA,NA,NA,NA,NA,NA,NA,NA,NA,NA,NA,0.00,NA,NA,NA
2025-02-22 11:00:00,54.21,96.01,11.39,45.86,33.68,NA,NA,0.59,51.15,NA,NA,NA,NA,NA,NA,NA,NA,NA,NA,NA,0.00,NA,NA,NA
2025-02-22 12:00:00,60.76,107.23,8.16,53.90,35.30,NA,NA,0.55,68.48,NA,NA,NA,NA,NA,NA,NA,NA,NA,NA,NA,0.00,NA,NA,NA
2025-02-22 13:00:00,63.91,115.61,5.42,50.72,31.39,NA,NA,0.44,90.05,NA,NA,NA,NA,NA,NA,NA,NA,NA,NA,NA,0.00,NA,NA,NA
2025-02-22 14:00:00,50.88,85.79,3.96,52.18,30.97,NA,NA,0.41,90.45,NA,NA,NA,NA,NA,NA,NA,NA,NA,NA,NA,0.00,NA,NA,NA
2025-02-22 15:00:00,33.97,87.46,4.14,54.12,32.15,NA,NA,0.32,73.79,NA,NA,NA,NA,NA,NA,NA,NA,NA,NA,NA,0.00,NA,NA,NA
2025-02-22 16:00:00,26.93,89.34,2.98,51.15,29.64,NA,NA,0.32,79.17,NA,NA,NA,NA,NA,NA,NA,NA,NA,NA,NA,0.00,NA,NA,NA
2025-02-22 17:00:00,35.54,79.27,3.51,55.27,32.24,NA,NA,0.24,60.99,NA,NA,NA,NA,NA,NA,NA,NA,NA,NA,NA,0.00,NA,NA,NA
2025-02-22 18:00:00,42.83,89.43,4.78,64.24,38.05,NA,NA,0.34,38.92,NA,NA,NA,NA,NA,NA,NA,NA,NA,NA,NA,0.00,NA,NA,NA
2025-02-22 19:00:00,46.59,103.87,5.19,68.17,40.48,NA,NA,0.58,28.41,NA,NA,NA,NA,NA,NA,NA,NA,NA,NA,NA,0.00,NA,NA,NA
2025-02-22 20:00:00,52.10,115.21,11.20,74.96,48.96,NA,NA,0.77,15.20,NA,NA,NA,NA,NA,NA,NA,NA,NA,NA,NA,0.00,NA,NA,NA
2025-02-22 21:00:00,67.58,152.85,20.37,75.56,56.75,NA,NA,1.22,7.28,NA,NA,NA,NA,NA,NA,NA,NA,NA,NA,NA,0.00,NA,NA,NA
2025-02-22 22:00:00,56.11,141.03,12.24,68.11,46.20,NA,NA,1.12,13.79,NA,NA,NA,NA,NA,NA,NA,NA,NA,NA,NA,0.00,NA,NA,NA
2025-02-22 23:00:00,47.76,106.30,16.27,70.37,50.65,NA,NA,0.84,9.12,NA,NA,NA,NA,NA,NA,NA,NA,NA,NA,NA,0.00,NA,NA,NA
2025-02-23 00:00:00,52.06,103.06,26.00,73.96,60.48,NA,NA,0.90,6.87,NA,NA,NA,NA,NA,NA,NA,NA,NA,NA,NA,0.00,NA,NA,NA
2025-02-23 01:00:00,58.78,110.80,36.41,70.38,67.01,NA,NA,0.99,6.07,NA,NA,NA,NA,NA,NA,NA,NA,NA,NA,NA,0.00,NA,NA,NA
2025-02-23 02:00:00,92.55,156.40,30.62,64.55,59.26,NA,NA,1.08,6.15,NA,NA,NA,NA,NA,NA,NA,NA,NA,NA,NA,0.00,NA,NA,NA
2025-02-23 03:00:00,83.12,131.75,24.85,62.66,53.51,NA,NA,0.71,6.67,NA,NA,NA,NA,NA,NA,NA,NA,NA,NA,NA,0.00,NA,NA,NA
2025-02-23 04:00:00,62.10,102.11,39.05,62.46,64.97,NA,NA,0.84,5.65,NA,NA,NA,NA,NA,NA,NA,NA,NA,NA,NA,0.00,NA,NA,NA
2025-02-23 05:00:00,46.77,81.27,24.02,61.51,52.25,NA,NA,0.67,7.48,NA,NA,NA,NA,NA,NA,NA,NA,NA,NA,NA,0.00,NA,NA,NA
2025-02-23 06:00:00,67.19,106.24,34.80,59.05,59.69,NA,NA,0.72,5.77,NA,NA,NA,NA,NA,NA,NA,NA,NA,NA,NA,0.00,NA,NA,NA
2025-02-23 07:00:00,73.97,114.90,64.14,61.22,84.69,NA,NA,1.07,6.16,NA,NA,NA,NA,NA,NA,NA,NA,NA,NA,NA,0.00,NA,NA,NA
2025-02-23 08:00:00,71.75,123.26,39.27,62.93,65.42,NA,NA,1.18,13.93,NA,NA,NA,NA,NA,NA,NA,NA,NA,NA,NA,0.00,NA,NA,NA
2025-02-23 09:00:00,67.27,118.12,26.55,58.75,52.83,NA,NA,0.81,29.29,NA,NA,NA,NA,NA,NA,NA,NA,NA,NA,NA,0.00,NA,NA,NA
2025-02-23 10:00:00,66.99,120.82,20.88,56.43,47.02,NA,NA,0.69,47.50,NA,NA,NA,NA,NA,NA,NA,NA,NA,NA,NA,0.00,NA,NA,NA
2025-02-23 11:00:00,52.57,96.17,15.48,54.07,41.35,NA,NA,0.50,71.39,NA,NA,NA,NA,NA,NA,NA,NA,NA,NA,NA,0.00,NA,NA,NA
2025-02-23 12:00:00,45.56,80.29,11.98,52.76,37.81,NA,NA,0.45,82.52,NA,NA,NA,NA,NA,NA,NA,NA,NA,NA,NA,0.00,NA,NA,NA
2025-02-23 13:00:00,42.60,83.49,9.39,53.07,35.85,NA,NA,0.35,76.34,NA,NA,NA,NA,NA,NA,NA,NA,NA,NA,NA,0.00,NA,NA,NA
2025-02-23 14:00:00,35.60,63.23,7.16,52.94,33.99,NA,NA,0.35,78.12,NA,NA,NA,NA,NA,NA,NA,NA,NA,NA,NA,0.00,NA,NA,NA
2025-02-23 15:00:00,26.85,59.91,5.47,53.31,32.81,NA,NA,0.34,80.20,NA,NA,NA,NA,NA,NA,NA,NA,NA,NA,NA,0.00,NA,NA,NA
2025-02-23 16:00:00,30.87,64.12,4.81,53.11,32.16,NA,NA,0.25,74.15,NA,NA,NA,NA,NA,NA,NA,NA,NA,NA,NA,0.00,NA,NA,NA
2025-02-23 17:00:00,27.21,61.80,4.39,54.55,32.58,NA,NA,0.22,64.56,NA,NA,NA,NA,NA,NA,NA,NA,NA,NA,NA,0.00,NA,NA,NA
2025-02-23 18:00:00,37.16,73.13,4.91,61.88,36.89,NA,NA,0.29,39.28,NA,NA,NA,NA,NA,NA,NA,NA,NA,NA,NA,0.00,NA,NA,NA
2025-02-23 19:00:00,34.03,83.43,8.72,75.83,47.41,NA,NA,0.66,20.94,NA,NA,NA,NA,NA,NA,NA,NA,NA,NA,NA,0.00,NA,NA,NA
2025-02-23 20:00:00,48.92,131.68,23.32,82.41,62.76,NA,NA,1.07,7.39,NA,NA,NA,NA,NA,NA,NA,NA,NA,NA,NA,0.00,NA,NA,NA
2025-02-23 21:00:00,63.30,164.80,72.85,86.15,105.05,NA,NA,1.73,6.08,NA,NA,NA,NA,NA,NA,NA,NA,NA,NA,NA,0.00,NA,NA,NA
2025-02-23 22:00:00,82.11,196.06,21.02,80.63,60.00,NA,NA,1.96,12.57,NA,NA,NA,NA,NA,NA,NA,NA,NA,NA,NA,0.00,NA,NA,NA
2025-02-23 23:00:00,98.75,202.83,66.82,81.02,97.38,NA,NA,1.92,6.07,NA,NA,NA,NA,NA,NA,NA,NA,NA,NA,NA,0.00,NA,NA,NA
2025-02-24 00:00:00,105.82,207.39,90.93,78.70,115.79,NA,NA,2.53,5.76,NA,NA,NA,NA,NA,NA,NA,NA,NA,NA,NA,0.00,NA,NA,NA
2025-02-24 01:00:00,96.23,189.33,83.97,74.90,108.04,NA,NA,2.30,5.58,NA,NA,NA,NA,NA,NA,NA,NA,NA,NA,NA,0.00,NA,NA,NA
2025-02-24 02:00:00,89.02,200.22,141.11,69.31,151.51,NA,NA,2.78,5.71,NA,NA,NA,NA,NA,NA,NA,NA,NA,NA,NA,0.00,NA,NA,NA
2025-02-24 03:00:00,96.64,253.30,170.20,68.99,175.20,NA,NA,3.32,5.73,NA,NA,NA,NA,NA,NA,NA,NA,NA,NA,NA,0.00,NA,NA,NA
2025-02-24 04:00:00,95.32,192.30,103.75,62.74,117.76,NA,NA,1.99,5.55,NA,NA,NA,NA,NA,NA,NA,NA,NA,NA,NA,0.00,NA,NA,NA
2025-02-24 05:00:00,91.72,175.33,66.49,59.98,85.97,NA,NA,1.43,5.59,NA,NA,NA,NA,NA,NA,NA,NA,NA,NA,NA,0.00,NA,NA,NA
2025-02-24 06:00:00,106.13,183.48,65.81,60.71,85.78,NA,NA,1.03,5.85,NA,NA,NA,NA,NA,NA,NA,NA,NA,NA,NA,0.00,NA,NA,NA
2025-02-24 07:00:00,88.95,148.46,81.84,59.98,98.45,NA,NA,1.22,5.65,NA,NA,NA,NA,NA,NA,NA,NA,NA,NA,NA,0.00,NA,NA,NA
2025-02-24 08:00:00,92.49,148.23,54.98,64.75,79.16,NA,NA,1.17,10.40,NA,NA,NA,NA,NA,NA,NA,NA,NA,NA,NA,0.00,NA,NA,NA
2025-02-24 09:00:00,75.16,139.76,43.34,66.28,70.51,NA,NA,0.98,30.64,NA,NA,NA,NA,NA,NA,NA,NA,NA,NA,NA,0.00,NA,NA,NA
2025-02-24 10:00:00,82.71,151.75,35.88,70.21,66.53,NA,NA,0.94,47.72,NA,NA,NA,NA,NA,NA,NA,NA,NA,NA,NA,0.00,NA,NA,NA
2025-02-24 11:00:00,77.24,149.68,25.79,66.01,56.09,NA,NA,0.85,78.01,NA,NA,NA,NA,NA,NA,NA,NA,NA,NA,NA,0.00,NA,NA,NA
2025-02-24 12:00:00,56.86,103.43,19.12,60.67,47.82,NA,NA,0.60,98.37,NA,NA,NA,NA,NA,NA,NA,NA,NA,NA,NA,0.00,NA,NA,NA
2025-02-24 13:00:00,54.23,133.62,14.68,59.65,43.68,NA,NA,0.55,100.70,NA,NA,NA,NA,NA,NA,NA,NA,NA,NA,NA,0.00,NA,NA,NA
2025-02-24 14:00:00,57.47,105.38,10.40,61.81,41.32,NA,NA,0.53,114.86,NA,NA,NA,NA,NA,NA,NA,NA,NA,NA,NA,0.00,NA,NA,NA
2025-02-24 15:00:00,48.37,114.32,7.71,66.59,41.71,NA,NA,0.56,102.22,NA,NA,NA,NA,NA,NA,NA,NA,NA,NA,NA,0.00,NA,NA,NA
2025-02-24 16:00:00,34.29,88.67,6.22,62.75,38.43,NA,NA,0.47,83.18,NA,NA,NA,NA,NA,NA,NA,NA,NA,NA,NA,0.00,NA,NA,NA
2025-02-24 17:00:00,37.57,87.98,5.57,67.36,40.36,NA,NA,0.41,67.27,NA,NA,NA,NA,NA,NA,NA,NA,NA,NA,NA,0.00,NA,NA,NA
2025-02-24 18:00:00,47.63,99.27,6.22,73.28,44.03,NA,NA,0.48,41.62,NA,NA,NA,NA,NA,NA,NA,NA,NA,NA,NA,0.00,NA,NA,NA
2025-02-24 19:00:00,43.69,102.37,8.35,81.95,50.36,NA,NA,0.71,22.80,NA,NA,NA,NA,NA,NA,NA,NA,NA,NA,NA,0.00,NA,NA,NA
2025-02-24 20:00:00,55.89,135.62,49.92,89.79,88.29,NA,NA,1.31,7.64,NA,NA,NA,NA,NA,NA,NA,NA,NA,NA,NA,0.00,NA,NA,NA
2025-02-24 21:00:00,77.98,182.49,52.42,93.84,92.53,NA,NA,2.16,6.34,NA,NA,NA,NA,NA,NA,NA,NA,NA,NA,NA,0.00,NA,NA,NA
2025-02-24 22:00:00,92.50,187.77,59.58,88.10,95.27,NA,NA,2.03,6.05,NA,NA,NA,NA,NA,NA,NA,NA,NA,NA,NA,0.00,NA,NA,NA
2025-02-24 23:00:00,97.57,218.59,87.79,82.80,115.40,NA,NA,2.48,5.80,NA,NA,NA,NA,NA,NA,NA,NA,NA,NA,NA,0.00,NA,NA,NA
2025-02-25 00:00:00,92.43,221.88,115.88,83.34,138.64,NA,NA,2.83,5.75,NA,NA,NA,NA,NA,NA,NA,NA,NA,NA,NA,0.00,NA,NA,NA
2025-02-25 01:00:00,103.33,292.82,198.08,78.91,203.05,NA,NA,4.06,5.86,NA,NA,NA,NA,NA,NA,NA,NA,NA,NA,NA,0.00,NA,NA,NA
2025-02-25 02:00:00,109.10,279.08,137.68,77.08,152.85,NA,NA,3.50,5.70,NA,NA,NA,NA,NA,NA,NA,NA,NA,NA,NA,0.00,NA,NA,NA
2025-02-25 03:00:00,102.59,220.04,138.89,72.51,151.51,NA,NA,2.42,5.63,NA,NA,NA,NA,NA,NA,NA,NA,NA,NA,NA,0.00,NA,NA,NA
2025-02-25 04:00:00,114.17,222.21,101.17,66.81,117.74,NA,NA,2.17,5.37,NA,NA,NA,NA,NA,NA,NA,NA,NA,NA,NA,0.00,NA,NA,NA
2025-02-25 05:00:00,86.74,178.99,108.09,70.57,125.44,NA,NA,1.59,5.53,NA,NA,NA,NA,NA,NA,NA,NA,NA,NA,NA,0.00,NA,NA,NA
2025-02-25 06:00:00,105.30,190.03,84.37,66.10,103.69,NA,NA,1.59,8.48,NA,NA,NA,NA,NA,NA,NA,NA,NA,NA,NA,0.00,NA,NA,NA
2025-02-25 07:00:00,81.05,137.29,81.17,67.99,102.16,NA,NA,1.04,5.94,NA,NA,NA,NA,NA,NA,NA,NA,NA,NA,NA,0.00,NA,NA,NA
2025-02-25 08:00:00,77.42,127.40,61.87,74.28,89.80,NA,NA,1.29,14.57,NA,NA,NA,NA,NA,NA,NA,NA,NA,NA,NA,0.00,NA,NA,NA
2025-02-25 09:00:00,71.34,130.76,50.11,68.27,77.05,NA,NA,0.96,30.36,NA,NA,NA,NA,NA,NA,NA,NA,NA,NA,NA,0.00,NA,NA,NA
2025-02-25 10:00:00,78.71,141.59,39.13,71.29,69.72,NA,NA,0.89,48.85,NA,NA,NA,NA,NA,NA,NA,NA,NA,NA,NA,0.00,NA,NA,NA
2025-02-25 11:00:00,74.07,140.03,27.65,70.16,59.78,NA,NA,0.85,89.48,NA,NA,NA,NA,NA,NA,NA,NA,NA,NA,NA,0.00,NA,NA,NA
2025-02-25 12:00:00,65.93,122.63,22.42,69.13,55.00,NA,NA,0.72,107.12,NA,NA,NA,NA,NA,NA,NA,NA,NA,NA,NA,0.00,NA,NA,NA
2025-02-25 13:00:00,65.83,113.94,15.65,65.96,47.80,NA,NA,0.61,125.12,NA,NA,NA,NA,NA,NA,NA,NA,NA,NA,NA,0.00,NA,NA,NA
2025-02-25 14:00:00,61.80,126.54,10.59,68.64,45.10,NA,NA,0.62,139.62,NA,NA,NA,NA,NA,NA,NA,NA,NA,NA,NA,0.00,NA,NA,NA
2025-02-25 15:00:00,63.84,146.14,7.79,73.94,45.66,NA,NA,0.77,133.35,NA,NA,NA,NA,NA,NA,NA,NA,NA,NA,NA,0.00,NA,NA,NA
2025-02-25 16:00:00,51.88,121.43,5.45,72.46,42.98,NA,NA,0.63,111.37,NA,NA,NA,NA,NA,NA,NA,NA,NA,NA,NA,0.00,NA,NA,NA
2025-02-25 17:00:00,40.19,102.41,4.85,79.22,46.07,NA,NA,0.51,67.58,NA,NA,NA,NA,NA,NA,NA,NA,NA,NA,NA,0.00,NA,NA,NA
2025-02-25 18:00:00,50.07,110.32,9.32,96.93,59.13,NA,NA,0.77,24.85,NA,NA,NA,NA,NA,NA,NA,NA,NA,NA,NA,0.00,NA,NA,NA
2025-02-25 19:00:00,51.72,158.08,62.84,104.89,106.94,NA,NA,1.38,6.29,NA,NA,NA,NA,NA,NA,NA,NA,NA,NA,NA,0.00,NA,NA,NA
2025-02-25 20:00:00,77.58,190.58,142.03,103.21,170.46,NA,NA,2.53,5.89,NA,NA,NA,NA,NA,NA,NA,NA,NA,NA,NA,0.00,NA,NA,NA
2025-02-25 21:00:00,92.14,331.73,200.51,97.68,215.03,NA,NA,3.91,6.07,NA,NA,NA,NA,NA,NA,NA,NA,NA,NA,NA,0.00,NA,NA,NA
2025-02-25 22:00:00,114.23,397.49,214.13,105.33,230.15,NA,NA,4.20,6.44,NA,NA,NA,NA,NA,NA,NA,NA,NA,NA,NA,0.00,NA,NA,NA
2025-02-25 23:00:00,140.11,427.51,223.39,96.55,232.91,NA,NA,5.10,6.70,NA,NA,NA,NA,NA,NA,NA,NA,NA,NA,NA,0.00,NA,NA,NA
2025-02-26 00:00:00,137.09,431.30,160.50,93.05,179.97,NA,NA,4.19,5.36,NA,NA,NA,NA,NA,NA,NA,NA,NA,NA,NA,0.00,NA,NA,NA
2025-02-26 01:00:00,114.30,336.67,172.48,93.30,189.86,NA,NA,3.38,5.15,NA,NA,NA,NA,NA,NA,NA,NA,NA,NA,NA,0.00,NA,NA,NA
2025-02-26 02:00:00,100.26,303.06,180.17,90.93,194.81,NA,NA,3.08,5.34,NA,NA,NA,NA,NA,NA,NA,NA,NA,NA,NA,0.00,NA,NA,NA
2025-02-26 03:00:00,88.11,239.21,177.36,90.57,192.48,NA,NA,2.34,5.59,NA,NA,NA,NA,NA,NA,NA,NA,NA,NA,NA,0.00,NA,NA,NA
2025-02-26 04:00:00,93.62,287.28,225.81,87.59,230.09,NA,NA,2.80,5.39,NA,NA,NA,NA,NA,NA,NA,NA,NA,NA,NA,0.00,NA,NA,NA
2025-02-26 05:00:00,88.59,237.91,140.74,86.01,160.17,NA,NA,1.97,5.27,NA,NA,NA,NA,NA,NA,NA,NA,NA,NA,NA,0.00,NA,NA,NA
2025-02-26 06:00:00,69.34,152.89,154.29,81.84,169.01,NA,NA,1.47,5.27,NA,NA,NA,NA,NA,NA,NA,NA,NA,NA,NA,0.00,NA,NA,NA
2025-02-26 07:00:00,89.48,191.97,195.55,78.67,200.83,NA,NA,2.34,6.01,NA,NA,NA,NA,NA,NA,NA,NA,NA,NA,NA,0.00,NA,NA,NA
2025-02-26 08:00:00,106.08,249.75,169.96,88.14,185.05,NA,NA,3.09,6.72,NA,NA,NA,NA,NA,NA,NA,NA,NA,NA,NA,0.00,NA,NA,NA
2025-02-26 09:00:00,111.92,264.81,97.62,88.12,126.13,NA,NA,2.53,23.36,NA,NA,NA,NA,NA,NA,NA,NA,NA,NA,NA,0.00,NA,NA,NA
2025-02-26 10:00:00,73.53,168.90,66.69,69.37,91.11,NA,NA,1.07,57.59,NA,NA,NA,NA,NA,NA,NA,NA,NA,NA,NA,0.00,NA,NA,NA
2025-02-26 11:00:00,72.07,165.45,51.37,65.20,76.42,NA,NA,0.72,93.08,NA,NA,NA,NA,NA,NA,NA,NA,NA,NA,NA,0.00,NA,NA,NA
2025-02-26 12:00:00,69.70,165.84,41.10,67.90,69.53,NA,NA,0.63,110.76,NA,NA,NA,NA,NA,NA,NA,NA,NA,NA,NA,0.00,NA,NA,NA
2025-02-26 13:00:00,68.39,139.84,32.12,69.39,63.01,NA,NA,0.61,128.50,NA,NA,NA,NA,NA,NA,NA,NA,NA,NA,NA,0.00,NA,NA,NA
2025-02-26 14:00:00,45.54,117.00,25.21,68.80,57.09,NA,NA,0.47,119.44,NA,NA,NA,NA,NA,NA,NA,NA,NA,NA,NA,0.00,NA,NA,NA
2025-02-26 15:00:00,46.34,115.31,19.94,66.32,51.47,NA,NA,0.51,111.97,NA,NA,NA,NA,NA,NA,NA,NA,NA,NA,NA,0.00,NA,NA,NA
2025-02-26 16:00:00,35.77,107.98,17.80,75.38,54.57,NA,NA,0.51,88.88,NA,NA,NA,NA,NA,NA,NA,NA,NA,NA,NA,0.00,NA,NA,NA
2025-02-26 17:00:00,43.18,121.74,14.50,87.83,58.52,NA,NA,0.49,76.99,NA,NA,NA,NA,NA,NA,NA,NA,NA,NA,NA,0.00,NA,NA,NA
2025-02-26 18:00:00,61.03,170.61,13.71,102.91,65.88,NA,NA,0.80,52.42,NA,NA,NA,NA,NA,NA,NA,NA,NA,NA,NA,0.00,NA,NA,NA
2025-02-26 19:00:00,93.20,256.79,14.92,119.05,75.52,NA,NA,1.65,41.49,NA,NA,NA,NA,NA,NA,NA,NA,NA,NA,NA,0.00,NA,NA,NA
2025-02-26 20:00:00,128.41,300.44,42.89,132.01,105.05,NA,NA,2.50,7.28,NA,NA,NA,NA,NA,NA,NA,NA,NA,NA,NA,0.00,NA,NA,NA
2025-02-26 21:00:00,129.20,317.48,25.60,124.25,86.91,NA,NA,2.47,11.76,NA,NA,NA,NA,NA,NA,NA,NA,NA,NA,NA,0.00,NA,NA,NA
2025-02-26 22:00:00,112.57,290.40,55.43,118.32,108.08,NA,NA,2.48,6.18,NA,NA,NA,NA,NA,NA,NA,NA,NA,NA,NA,0.00,NA,NA,NA
2025-02-26 23:00:00,116.95,320.73,80.02,122.53,130.28,NA,NA,3.04,5.89,NA,NA,NA,NA,NA,NA,NA,NA,NA,NA,NA,0.00,NA,NA,NA
2025-02-27 00:00:00,117.45,339.15,136.65,107.46,168.25,NA,NA,3.68,5.82,NA,NA,NA,NA,NA,NA,NA,NA,NA,NA,NA,0.00,NA,NA,NA
2025-02-27 01:00:00,99.96,314.58,146.60,94.45,169.41,NA,NA,3.14,5.68,NA,NA,NA,NA,NA,NA,NA,NA,NA,NA,NA,0.00,NA,NA,NA
2025-02-27 02:00:00,80.68,242.57,113.12,88.62,139.11,NA,NA,2.35,5.73,NA,NA,NA,NA,NA,NA,NA,NA,NA,NA,NA,0.00,NA,NA,NA
2025-02-27 03:00:00,83.99,252.94,100.55,82.39,125.52,NA,NA,2.00,5.41,NA,NA,NA,NA,NA,NA,NA,NA,NA,NA,NA,0.00,NA,NA,NA
2025-02-27 04:00:00,62.84,159.26,80.70,80.58,108.44,NA,NA,1.23,7.45,NA,NA,NA,NA,NA,NA,NA,NA,NA,NA,NA,0.00,NA,NA,NA
2025-02-27 05:00:00,57.04,125.24,77.75,80.80,106.24,NA,NA,1.02,6.33,NA,NA,NA,NA,NA,NA,NA,NA,NA,NA,NA,0.00,NA,NA,NA
2025-02-27 06:00:00,97.11,193.55,102.38,77.78,124.62,NA,NA,1.87,6.69,NA,NA,NA,NA,NA,NA,NA,NA,NA,NA,NA,0.00,NA,NA,NA
2025-02-27 07:00:00,148.84,297.00,105.95,79.57,128.42,NA,NA,2.77,6.47,NA,NA,NA,NA,NA,NA,NA,NA,NA,NA,NA,0.00,NA,NA,NA
2025-02-27 08:00:00,126.49,247.84,54.70,65.47,79.28,NA,NA,1.91,13.74,NA,NA,NA,NA,NA,NA,NA,NA,NA,NA,NA,0.00,NA,NA,NA
2025-02-27 09:00:00,63.88,121.95,48.46,63.93,73.36,NA,NA,0.91,23.19,NA,NA,NA,NA,NA,NA,NA,NA,NA,NA,NA,0.00,NA,NA,NA
2025-02-27 10:00:00,38.16,77.44,41.06,59.78,65.19,NA,NA,0.58,33.28,NA,NA,NA,NA,NA,NA,NA,NA,NA,NA,NA,0.00,NA,NA,NA
2025-02-27 11:00:00,21.94,42.18,38.49,62.99,64.79,NA,NA,0.50,34.31,NA,NA,NA,NA,NA,NA,NA,NA,NA,NA,NA,0.00,NA,NA,NA
2025-02-27 12:00:00,14.65,61.66,36.41,62.25,62.70,NA,NA,0.52,28.54,NA,NA,NA,NA,NA,NA,NA,NA,NA,NA,NA,0.00,NA,NA,NA
2025-02-27 13:00:00,27.71,73.87,30.73,59.00,56.36,NA,NA,0.49,41.41,NA,NA,NA,NA,NA,NA,NA,NA,NA,NA,NA,0.00,NA,NA,NA
2025-02-27 14:00:00,35.31,81.21,26.19,59.87,53.14,NA,NA,0.56,49.40,NA,NA,NA,NA,NA,NA,NA,NA,NA,NA,NA,0.00,NA,NA,NA
2025-02-27 15:00:00,34.69,76.79,24.56,60.71,52.26,NA,NA,0.48,38.55,NA,NA,NA,NA,NA,NA,NA,NA,NA,NA,NA,0.00,NA,NA,NA
2025-02-27 16:00:00,18.53,71.89,26.23,63.76,55.23,NA,NA,0.48,26.02,NA,NA,NA,NA,NA,NA,NA,NA,NA,NA,NA,0.00,NA,NA,NA
2025-02-27 17:00:00,21.96,84.59,24.27,61.25,52.32,NA,NA,0.47,23.99,NA,NA,NA,NA,NA,NA,NA,NA,NA,NA,NA,0.00,NA,NA,NA
2025-02-27 18:00:00,19.88,68.06,29.21,65.57,58.63,NA,NA,0.56,14.73,NA,NA,NA,NA,NA,NA,NA,NA,NA,NA,NA,0.00,NA,NA,NA
2025-02-27 19:00:00,25.98,78.03,37.33,67.26,66.14,NA,NA,0.78,8.05,NA,NA,NA,NA,NA,NA,NA,NA,NA,NA,NA,0.00,NA,NA,NA
2025-02-27 20:00:00,33.23,92.63,51.03,65.66,76.44,NA,NA,1.04,6.20,NA,NA,NA,NA,NA,NA,NA,NA,NA,NA,NA,0.00,NA,NA,NA
2025-02-27 21:00:00,50.05,147.53,63.97,64.71,86.42,NA,NA,1.73,6.07,NA,NA,NA,NA,NA,NA,NA,NA,NA,NA,NA,0.00,NA,NA,NA
2025-02-27 22:00:00,35.26,149.32,33.59,59.70,59.06,NA,NA,1.33,7.49,NA,NA,NA,NA,NA,NA,NA,NA,NA,NA,NA,0.00,NA,NA,NA
2025-02-27 23:00:00,56.69,131.58,36.74,59.52,61.53,NA,NA,0.91,6.49,NA,NA,NA,NA,NA,NA,NA,NA,NA,NA,NA,0.00,NA,NA,NA
2025-02-28 00:00:00,56.79,138.96,34.43,57.69,58.68,NA,NA,0.87,8.24,NA,NA,NA,NA,NA,NA,NA,NA,NA,NA,NA,0.00,NA,NA,NA
2025-02-28 01:00:00,47.88,96.55,27.08,57.80,52.77,NA,NA,0.55,14.82,NA,NA,NA,NA,NA,NA,NA,NA,NA,NA,NA,0.00,NA,NA,NA
2025-02-28 02:00:00,54.88,91.57,24.17,53.99,48.37,NA,NA,0.39,13.51,NA,NA,NA,NA,NA,NA,NA,NA,NA,NA,NA,0.00,NA,NA,NA
2025-02-28 03:00:00,44.86,88.55,24.26,55.33,49.16,NA,NA,0.40,9.66,NA,NA,NA,NA,NA,NA,NA,NA,NA,NA,NA,0.00,NA,NA,NA
2025-02-28 04:00:00,55.01,101.22,21.03,48.07,42.67,NA,NA,0.45,17.37,NA,NA,NA,NA,NA,NA,NA,NA,NA,NA,NA,0.00,NA,NA,NA
2025-02-28 05:00:00,37.63,78.26,19.22,47.11,40.69,NA,NA,0.35,18.18,NA,NA,NA,NA,NA,NA,NA,NA,NA,NA,NA,0.00,NA,NA,NA
2025-02-28 06:00:00,44.41,90.77,20.05,49.67,42.70,NA,NA,0.39,16.21,NA,NA,NA,NA,NA,NA,NA,NA,NA,NA,NA,0.00,NA,NA,NA
2025-02-28 07:00:00,52.04,98.99,28.16,51.34,50.21,NA,NA,0.61,8.94,NA,NA,NA,NA,NA,NA,NA,NA,NA,NA,NA,0.00,NA,NA,NA
2025-02-28 08:00:00,51.30,117.73,23.36,49.96,45.57,NA,NA,0.72,11.82,NA,NA,NA,NA,NA,NA,NA,NA,NA,NA,NA,0.00,NA,NA,NA
2025-02-28 09:00:00,46.69,105.80,19.86,50.41,42.96,NA,NA,0.66,19.64,NA,NA,NA,NA,NA,NA,NA,NA,NA,NA,NA,0.00,NA,NA,NA
2025-02-28 10:00:00,45.50,95.81,18.62,54.08,43.90,NA,NA,0.63,19.91,NA,NA,NA,NA,NA,NA,NA,NA,NA,NA,NA,0.00,NA,NA,NA
2025-02-28 11:00:00,47.16,126.31,16.04,53.09,41.30,NA,NA,0.69,32.66,NA,NA,NA,NA,NA,NA,NA,NA,NA,NA,NA,0.00,NA,NA,NA
2025-02-28 12:00:00,43.21,132.87,11.92,57.43,40.24,NA,NA,0.61,35.86,NA,NA,NA,NA,NA,NA,NA,NA,NA,NA,NA,0.00,NA,NA,NA
2025-02-28 13:00:00,46.02,109.39,4.94,53.70,32.59,NA,NA,0.57,51.12,NA,NA,NA,NA,NA,NA,NA,NA,NA,NA,NA,0.00,NA,NA,NA
2025-02-28 14:00:00,56.73,116.72,3.09,40.98,24.32,NA,NA,0.50,69.86,NA,NA,NA,NA,NA,NA,NA,NA,NA,NA,NA,0.00,NA,NA,NA
2025-02-28 15:00:00,55.16,130.65,2.71,40.19,23.58,NA,NA,0.45,69.25,NA,NA,NA,NA,NA,NA,NA,NA,NA,NA,NA,0.00,NA,NA,NA
2025-02-28 16:00:00,55.76,135.14,3.12,43.63,25.75,NA,NA,0.48,66.85,NA,NA,NA,NA,NA,NA,NA,NA,NA,NA,NA,0.00,NA,NA,NA
2025-02-28 17:00:00,58.06,145.30,4.64,51.05,30.91,NA,NA,0.54,42.45,NA,NA,NA,NA,NA,NA,NA,NA,NA,NA,NA,0.00,NA,NA,NA
2025-02-28 18:00:00,54.68,149.43,6.98,57.37,36.20,NA,NA,0.79,22.67,NA,NA,NA,NA,NA,NA,NA,NA,NA,NA,NA,0.00,NA,NA,NA
2025-02-28 19:00:00,52.66,133.76,6.96,51.62,33.12,NA,NA,0.72,21.75,NA,NA,NA,NA,NA,NA,NA,NA,NA,NA,NA,0.00,NA,NA,NA
2025-02-28 20:00:00,46.51,148.25,15.57,55.30,42.06,NA,NA,0.86,8.04,NA,NA,NA,NA,NA,NA,NA,NA,NA,NA,NA,0.00,NA,NA,NA
2025-02-28 21:00:00,44.15,115.91,17.40,53.54,42.63,NA,NA,1.12,7.99,NA,NA,NA,NA,NA,NA,NA,NA,NA,NA,NA,0.00,NA,NA,NA
2025-02-28 22:00:00,41.70,102.12,14.35,46.90,36.60,NA,NA,0.85,10.25,NA,NA,NA,NA,NA,NA,NA,NA,NA,NA,NA,0.00,NA,NA,NA
2025-02-28 23:00:00,50.48,117.72,21.71,52.45,45.54,NA,NA,0.81,6.68,NA,NA,NA,NA,NA,NA,NA,NA,NA,NA,NA,0.00,NA,NA,NA
2025-03-01 00:00:00,50.87,132.61,26.23,47.94,46.82,NA,NA,0.91,6.03,NA,NA,NA,NA,NA,NA,NA,NA,NA,NA,NA,0.00,NA,NA,NA
2025-03-01 01:00:00,50.71,118.17,32.80,47.52,51.94,NA,NA,0.95,5.71,NA,NA,NA,NA,NA,NA,NA,NA,NA,NA,NA,0.00,NA,NA,NA
2025-03-01 02:00:00,56.91,111.22,36.37,48.73,55.48,NA,NA,0.93,5.59,NA,NA,NA,NA,NA,NA,NA,NA,NA,NA,NA,0.00,NA,NA,NA
2025-03-01 03:00:00,51.34,116.38,42.58,44.29,58.19,NA,NA,0.88,5.73,NA,NA,NA,NA,NA,NA,NA,NA,NA,NA,NA,0.00,NA,NA,NA
2025-03-01 04:00:00,61.75,116.31,33.39,46.41,51.84,NA,NA,0.80,6.00,NA,NA,NA,NA,NA,NA,NA,NA,NA,NA,NA,0.00,NA,NA,NA
2025-03-01 05:00:00,65.18,101.14,35.73,42.86,51.85,NA,NA,0.74,5.92,NA,NA,NA,NA,NA,NA,NA,NA,NA,NA,NA,0.00,NA,NA,NA
2025-03-01 06:00:00,65.01,81.63,39.07,43.56,54.90,NA,NA,0.80,6.07,NA,NA,NA,NA,NA,NA,NA,NA,NA,NA,NA,0.00,NA,NA,NA
2025-03-01 07:00:00,57.59,91.15,54.83,43.80,67.90,NA,NA,1.05,6.02,NA,NA,NA,NA,NA,NA,NA,NA,NA,NA,NA,0.00,NA,NA,NA
2025-03-01 08:00:00,56.90,91.95,34.50,47.04,53.08,NA,NA,0.92,8.44,NA,NA,NA,NA,NA,NA,NA,NA,NA,NA,NA,0.00,NA,NA,NA
2025-03-01 09:00:00,53.43,111.31,28.01,44.83,46.62,NA,NA,0.68,17.82,NA,NA,NA,NA,NA,NA,NA,NA,NA,NA,NA,0.00,NA,NA,NA
2025-03-01 10:00:00,47.25,105.65,21.73,43.80,40.97,NA,NA,0.60,32.89,NA,NA,NA,NA,NA,NA,NA,NA,NA,NA,NA,0.00,NA,NA,NA
2025-03-01 11:00:00,58.42,116.83,17.35,46.24,38.70,NA,NA,0.65,48.29,NA,NA,NA,NA,NA,NA,NA,NA,NA,NA,NA,0.00,NA,NA,NA
2025-03-01 12:00:00,73.75,141.44,12.56,47.87,35.68,NA,NA,0.71,63.04,NA,NA,NA,NA,NA,NA,NA,NA,NA,NA,NA,0.00,NA,NA,NA
2025-03-01 13:00:00,70.16,126.40,9.19,47.50,32.76,NA,NA,0.70,73.90,NA,NA,NA,NA,NA,NA,NA,NA,NA,NA,NA,0.00,NA,NA,NA
2025-03-01 14:00:00,54.02,106.52,6.18,46.08,29.53,NA,NA,0.61,77.49,NA,NA,NA,NA,NA,NA,NA,NA,NA,NA,NA,0.00,NA,NA,NA
2025-03-01 15:00:00,48.75,95.16,4.81,51.82,31.47,NA,NA,0.55,74.01,NA,NA,NA,NA,NA,NA,NA,NA,NA,NA,NA,0.00,NA,NA,NA
2025-03-01 16:00:00,48.15,100.48,3.43,47.75,28.18,NA,NA,0.59,88.20,NA,NA,NA,NA,NA,NA,NA,NA,NA,NA,NA,0.00,NA,NA,NA
2025-03-01 17:00:00,51.88,105.87,5.17,64.17,38.32,NA,NA,0.62,57.95,NA,NA,NA,NA,NA,NA,NA,NA,NA,NA,NA,0.00,NA,NA,NA
2025-03-01 18:00:00,54.41,113.92,6.32,63.74,39.05,NA,NA,0.72,32.35,NA,NA,NA,NA,NA,NA,NA,NA,NA,NA,NA,0.00,NA,NA,NA
2025-03-01 19:00:00,46.76,95.27,7.96,58.49,37.58,NA,NA,0.74,21.15,NA,NA,NA,NA,NA,NA,NA,NA,NA,NA,NA,0.00,NA,NA,NA
2025-03-01 20:00:00,36.97,91.88,18.76,62.26,48.33,NA,NA,0.92,11.82,NA,NA,NA,NA,NA,NA,NA,NA,NA,NA,NA,0.00,NA,NA,NA
2025-03-01 21:00:00,47.94,109.96,33.41,66.97,62.79,NA,NA,1.23,6.07,NA,NA,NA,NA,NA,NA,NA,NA,NA,NA,NA,0.00,NA,NA,NA
2025-03-01 22:00:00,53.52,116.73,38.79,65.54,66.39,NA,NA,1.46,5.85,NA,NA,NA,NA,NA,NA,NA,NA,NA,NA,NA,0.00,NA,NA,NA
2025-03-01 23:00:00,71.43,130.41,45.45,63.68,70.81,NA,NA,1.58,5.75,NA,NA,NA,NA,NA,NA,NA,NA,NA,NA,NA,0.00,NA,NA,NA
2025-03-02 00:00:00,80.09,157.31,54.33,63.34,77.86,NA,NA,1.68,5.69,NA,NA,NA,NA,NA,NA,NA,NA,NA,NA,NA,0.00,NA,NA,NA
2025-03-02 01:00:00,79.40,149.12,43.60,62.90,68.93,NA,NA,1.77,5.84,NA,NA,NA,NA,NA,NA,NA,NA,NA,NA,NA,0.00,NA,NA,NA
2025-03-02 02:00:00,68.17,127.78,25.59,56.16,50.68,NA,NA,1.07,9.46,NA,NA,NA,NA,NA,NA,NA,NA,NA,NA,NA,0.00,NA,NA,NA
2025-03-02 03:00:00,68.51,127.86,23.98,53.35,47.90,NA,NA,0.76,12.38,NA,NA,NA,NA,NA,NA,NA,NA,NA,NA,NA,0.00,NA,NA,NA
2025-03-02 04:00:00,58.84,107.52,20.37,46.32,41.20,NA,NA,0.55,17.68,NA,NA,NA,NA,NA,NA,NA,NA,NA,NA,NA,0.00,NA,NA,NA
2025-03-02 05:00:00,41.71,81.41,20.21,47.65,41.78,NA,NA,0.41,15.84,NA,NA,NA,NA,NA,NA,NA,NA,NA,NA,NA,0.00,NA,NA,NA
2025-03-02 06:00:00,44.20,99.68,29.13,51.53,51.06,NA,NA,0.44,7.28,NA,NA,NA,NA,NA,NA,NA,NA,NA,NA,NA,0.00,NA,NA,NA
2025-03-02 07:00:00,49.75,93.62,36.13,50.67,56.33,NA,NA,0.65,7.23,NA,NA,NA,NA,NA,NA,NA,NA,NA,NA,NA,0.00,NA,NA,NA
2025-03-02 08:00:00,48.47,105.87,34.00,50.31,54.42,NA,NA,0.79,9.26,NA,NA,NA,NA,NA,NA,NA,NA,NA,NA,NA,0.00,NA,NA,NA
2025-03-02 09:00:00,56.46,117.70,25.92,47.84,46.53,NA,NA,0.71,21.04,NA,NA,NA,NA,NA,NA,NA,NA,NA,NA,NA,0.00,NA,NA,NA
2025-03-02 10:00:00,58.22,123.77,19.98,51.02,43.39,NA,NA,0.62,31.37,NA,NA,NA,NA,NA,NA,NA,NA,NA,NA,NA,0.00,NA,NA,NA
2025-03-02 11:00:00,52.13,111.12,15.38,50.72,39.48,NA,NA,0.51,40.02,NA,NA,NA,NA,NA,NA,NA,NA,NA,NA,NA,0.00,NA,NA,NA
2025-03-02 12:00:00,36.05,92.01,12.64,46.43,34.99,NA,NA,0.36,44.56,NA,NA,NA,NA,NA,NA,NA,NA,NA,NA,NA,0.00,NA,NA,NA
2025-03-02 13:00:00,30.17,75.12,11.01,46.23,33.54,NA,NA,0.19,43.83,NA,NA,NA,NA,NA,NA,NA,NA,NA,NA,NA,0.00,NA,NA,NA
2025-03-02 14:00:00,33.18,68.80,8.99,45.62,31.58,NA,NA,0.23,47.76,NA,NA,NA,NA,NA,NA,NA,NA,NA,NA,NA,0.00,NA,NA,NA
2025-03-02 15:00:00,12.20,55.22,7.25,50.11,32.55,NA,NA,0.20,49.56,NA,NA,NA,NA,NA,NA,NA,NA,NA,NA,NA,0.00,NA,NA,NA
2025-03-02 16:00:00,12.91,52.83,6.78,50.43,32.33,NA,NA,0.20,53.52,NA,NA,NA,NA,NA,NA,NA,NA,NA,NA,NA,0.00,NA,NA,NA
2025-03-02 17:00:00,17.39,61.52,5.68,54.00,33.35,NA,NA,0.22,44.72,NA,NA,NA,NA,NA,NA,NA,NA,NA,NA,NA,0.00,NA,NA,NA
2025-03-02 18:00:00,25.34,68.33,5.44,56.85,34.66,NA,NA,0.25,32.73,NA,NA,NA,NA,NA,NA,NA,NA,NA,NA,NA,0.00,NA,NA,NA
2025-03-02 19:00:00,23.17,81.51,7.29,64.97,40.48,NA,NA,0.41,18.14,NA,NA,NA,NA,NA,NA,NA,NA,NA,NA,NA,0.00,NA,NA,NA
2025-03-02 20:00:00,33.09,95.36,13.16,68.34,47.05,NA,NA,0.69,11.19,NA,NA,NA,NA,NA,NA,NA,NA,NA,NA,NA,0.00,NA,NA,NA
2025-03-02 21:00:00,48.80,127.95,30.54,67.51,60.72,NA,NA,0.95,6.24,NA,NA,NA,NA,NA,NA,NA,NA,NA,NA,NA,0.00,NA,NA,NA
2025-03-02 22:00:00,53.67,148.86,76.12,65.92,96.92,NA,NA,1.46,5.73,NA,NA,NA,NA,NA,NA,NA,NA,NA,NA,NA,0.00,NA,NA,NA
2025-03-02 23:00:00,75.53,205.29,80.07,69.89,102.20,NA,NA,1.99,6.06,NA,NA,NA,NA,NA,NA,NA,NA,NA,NA,NA,0.00,NA,NA,NA
2025-03-03 00:00:00,103.48,309.98,163.85,66.19,168.46,NA,NA,3.25,6.12,NA,NA,NA,NA,NA,NA,NA,NA,NA,NA,NA,0.00,NA,NA,NA
2025-03-03 01:00:00,99.37,246.84,49.96,62.15,73.75,NA,NA,2.11,9.41,NA,NA,NA,NA,NA,NA,NA,NA,NA,NA,NA,0.00,NA,NA,NA
2025-03-03 02:00:00,53.50,126.27,30.65,57.82,55.67,NA,NA,0.65,20.00,NA,NA,NA,NA,NA,NA,NA,NA,NA,NA,NA,0.00,NA,NA,NA
2025-03-03 03:00:00,74.90,111.75,44.58,64.21,70.39,NA,NA,0.75,9.19,NA,NA,NA,NA,NA,NA,NA,NA,NA,NA,NA,0.00,NA,NA,NA
2025-03-03 04:00:00,62.66,131.88,89.84,64.91,107.41,NA,NA,1.14,7.72,NA,NA,NA,NA,NA,NA,NA,NA,NA,NA,NA,0.00,NA,NA,NA
2025-03-03 05:00:00,77.42,295.48,138.48,66.70,148.09,NA,NA,2.10,5.86,NA,NA,NA,NA,NA,NA,NA,NA,NA,NA,NA,0.00,NA,NA,NA
2025-03-03 06:00:00,105.97,232.82,141.05,66.92,150.33,NA,NA,1.97,5.98,NA,NA,NA,NA,NA,NA,NA,NA,NA,NA,NA,0.00,NA,NA,NA
2025-03-03 07:00:00,104.24,189.20,91.15,58.95,105.53,NA,NA,1.78,6.09,NA,NA,NA,NA,NA,NA,NA,NA,NA,NA,NA,0.00,NA,NA,NA
2025-03-03 08:00:00,86.76,158.99,68.35,60.52,87.76,NA,NA,1.37,9.66,NA,NA,NA,NA,NA,NA,NA,NA,NA,NA,NA,0.00,NA,NA,NA
2025-03-03 09:00:00,75.52,150.77,47.24,70.90,76.12,NA,NA,1.26,25.55,NA,NA,NA,NA,NA,NA,NA,NA,NA,NA,NA,0.00,NA,NA,NA
2025-03-03 10:00:00,58.73,138.99,44.04,78.19,77.41,NA,NA,1.04,29.37,NA,NA,NA,NA,NA,NA,NA,NA,NA,NA,NA,0.00,NA,NA,NA
2025-03-03 11:00:00,50.04,125.79,33.12,71.94,65.22,NA,NA,0.84,48.33,NA,NA,NA,NA,NA,NA,NA,NA,NA,NA,NA,0.00,NA,NA,NA
2025-03-03 12:00:00,44.20,116.48,25.81,66.19,56.20,NA,NA,0.57,86.06,NA,NA,NA,NA,NA,NA,NA,NA,NA,NA,NA,0.00,NA,NA,NA
2025-03-03 13:00:00,41.84,138.08,17.33,61.28,46.69,NA,NA,0.49,135.19,NA,NA,NA,NA,NA,NA,NA,NA,NA,NA,NA,0.00,NA,NA,NA
2025-03-03 14:00:00,32.84,119.55,11.52,61.48,42.08,NA,NA,0.48,144.03,NA,NA,NA,NA,NA,NA,NA,NA,NA,NA,NA,0.00,NA,NA,NA
2025-03-03 15:00:00,26.91,107.76,17.85,76.76,55.34,NA,NA,0.40,88.37,NA,NA,NA,NA,NA,NA,NA,NA,NA,NA,NA,0.00,NA,NA,NA
2025-03-03 16:00:00,25.11,103.99,7.65,61.15,38.75,NA,NA,0.38,112.01,NA,NA,NA,NA,NA,NA,NA,NA,NA,NA,NA,0.00,NA,NA,NA
2025-03-03 17:00:00,31.88,108.54,5.28,60.25,36.34,NA,NA,0.39,97.50,NA,NA,NA,NA,NA,NA,NA,NA,NA,NA,NA,0.00,NA,NA,NA
2025-03-03 18:00:00,32.93,108.44,4.73,66.19,39.05,NA,NA,0.42,67.66,NA,NA,NA,NA,NA,NA,NA,NA,NA,NA,NA,0.00,NA,NA,NA
2025-03-03 19:00:00,50.88,148.94,5.25,71.12,42.09,NA,NA,0.68,45.31,NA,NA,NA,NA,NA,NA,NA,NA,NA,NA,NA,0.00,NA,NA,NA
2025-03-03 20:00:00,64.65,178.22,6.71,72.20,43.83,NA,NA,0.92,36.65,NA,NA,NA,NA,NA,NA,NA,NA,NA,NA,NA,0.00,NA,NA,NA
2025-03-03 21:00:00,55.52,165.73,21.13,83.49,61.60,NA,NA,1.24,8.89,NA,NA,NA,NA,NA,NA,NA,NA,NA,NA,NA,0.00,NA,NA,NA
2025-03-03 22:00:00,69.15,186.26,8.41,67.23,42.61,NA,NA,1.26,29.12,NA,NA,NA,NA,NA,NA,NA,NA,NA,NA,NA,0.00,NA,NA,NA
2025-03-03 23:00:00,77.35,160.01,6.47,60.79,37.60,NA,NA,0.89,48.49,NA,NA,NA,NA,NA,NA,NA,NA,NA,NA,NA,0.00,NA,NA,NA
2025-03-04 00:00:00,80.89,147.31,7.35,63.33,39.67,NA,NA,0.84,29.75,NA,NA,NA,NA,NA,NA,NA,NA,NA,NA,NA,0.00,NA,NA,NA
2025-03-04 01:00:00,76.52,137.28,17.37,69.86,51.25,NA,NA,0.87,11.38,NA,NA,NA,NA,NA,NA,NA,NA,NA,NA,NA,0.00,NA,NA,NA
2025-03-04 02:00:00,76.77,145.62,19.81,70.14,53.41,NA,NA,0.83,10.51,NA,NA,NA,NA,NA,NA,NA,NA,NA,NA,NA,0.00,NA,NA,NA
2025-03-04 03:00:00,57.53,144.85,14.13,58.52,42.64,NA,NA,0.66,19.70,NA,NA,NA,NA,NA,NA,NA,NA,NA,NA,NA,0.00,NA,NA,NA
2025-03-04 04:00:00,57.90,128.58,12.45,56.43,40.14,NA,NA,0.48,16.35,NA,NA,NA,NA,NA,NA,NA,NA,NA,NA,NA,0.00,NA,NA,NA
2025-03-04 05:00:00,50.41,118.58,18.47,57.62,45.63,NA,NA,0.57,9.81,NA,NA,NA,NA,NA,NA,NA,NA,NA,NA,NA,0.00,NA,NA,NA
2025-03-04 06:00:00,56.29,134.53,28.77,57.45,53.95,NA,NA,0.79,6.51,NA,NA,NA,NA,NA,NA,NA,NA,NA,NA,NA,0.00,NA,NA,NA
2025-03-04 07:00:00,59.12,129.41,42.47,57.15,64.91,NA,NA,0.78,6.57,NA,NA,NA,NA,NA,NA,NA,NA,NA,NA,NA,0.00,NA,NA,NA
2025-03-04 08:00:00,51.88,119.05,25.17,54.24,49.35,NA,NA,0.80,18.39,NA,NA,NA,NA,NA,NA,NA,NA,NA,NA,NA,0.00,NA,NA,NA
2025-03-04 09:00:00,70.23,134.25,16.28,45.91,37.66,NA,NA,0.69,42.07,NA,NA,NA,NA,NA,NA,NA,NA,NA,NA,NA,0.00,NA,NA,NA
2025-03-04 10:00:00,66.42,124.81,13.75,48.32,36.89,NA,NA,0.64,54.12,NA,NA,NA,NA,NA,NA,NA,NA,NA,NA,NA,0.00,NA,NA,NA
2025-03-04 11:00:00,61.46,117.68,10.77,49.78,35.23,NA,NA,0.58,66.83,NA,NA,NA,NA,NA,NA,NA,NA,NA,NA,NA,0.00,NA,NA,NA
2025-03-04 12:00:00,62.10,113.20,8.00,47.05,31.54,NA,NA,0.49,78.65,NA,NA,NA,NA,NA,NA,NA,NA,NA,NA,NA,0.00,NA,NA,NA
2025-03-04 13:00:00,57.47,108.01,6.27,47.81,30.53,NA,NA,0.45,84.62,NA,NA,NA,NA,NA,NA,NA,NA,NA,NA,NA,0.00,NA,NA,NA
2025-03-04 14:00:00,53.97,118.12,4.43,47.23,28.72,NA,NA,0.36,83.06,NA,NA,NA,NA,NA,NA,NA,NA,NA,NA,NA,0.00,NA,NA,NA
2025-03-04 15:00:00,46.16,120.00,3.98,53.91,31.91,NA,NA,0.31,80.46,NA,NA,NA,NA,NA,NA,NA,NA,NA,NA,NA,0.00,NA,NA,NA
2025-03-04 16:00:00,46.82,129.02,2.81,48.86,28.28,NA,NA,0.29,82.56,NA,NA,NA,NA,NA,NA,NA,NA,NA,NA,NA,0.00,NA,NA,NA
2025-03-04 17:00:00,37.85,124.92,2.77,50.93,29.34,NA,NA,0.26,73.52,NA,NA,NA,NA,NA,NA,NA,NA,NA,NA,NA,0.00,NA,NA,NA
2025-03-04 18:00:00,37.19,105.10,3.07,50.72,29.46,NA,NA,0.32,63.81,NA,NA,NA,NA,NA,NA,NA,NA,NA,NA,NA,0.00,NA,NA,NA
2025-03-04 19:00:00,37.95,104.25,3.77,47.54,28.36,NA,NA,0.31,57.13,NA,NA,NA,NA,NA,NA,NA,NA,NA,NA,NA,0.00,NA,NA,NA
2025-03-04 20:00:00,37.27,86.16,3.72,46.14,27.57,NA,NA,0.28,59.10,NA,NA,NA,NA,NA,NA,NA,NA,NA,NA,NA,0.00,NA,NA,NA
2025-03-04 21:00:00,32.71,84.17,4.59,50.36,30.51,NA,NA,0.34,46.56,NA,NA,NA,NA,NA,NA,NA,NA,NA,NA,NA,0.00,NA,NA,NA
2025-03-04 22:00:00,38.76,83.45,5.05,49.56,30.47,NA,NA,0.35,43.67,NA,NA,NA,NA,NA,NA,NA,NA,NA,NA,NA,0.00,NA,NA,NA
2025-03-04 23:00:00,37.64,83.57,4.38,46.36,28.23,NA,NA,0.29,47.68,NA,NA,NA,NA,NA,NA,NA,NA,NA,NA,NA,0.00,NA,NA,NA
2025-03-05 00:00:00,35.02,71.78,5.97,52.32,32.68,NA,NA,0.29,34.67,NA,NA,NA,NA,NA,NA,NA,NA,NA,NA,NA,0.00,NA,NA,NA
2025-03-05 01:00:00,35.45,65.79,4.98,47.07,29.08,NA,NA,0.23,40.53,NA,NA,NA,NA,NA,NA,NA,NA,NA,NA,NA,0.00,NA,NA,NA
2025-03-05 02:00:00,38.59,64.39,5.50,47.53,29.76,NA,NA,0.29,38.29,NA,NA,NA,NA,NA,NA,NA,NA,NA,NA,NA,0.00,NA,NA,NA
2025-03-05 03:00:00,35.93,58.81,5.21,42.80,27.00,NA,NA,0.25,35.55,NA,NA,NA,NA,NA,NA,NA,NA,NA,NA,NA,0.00,NA,NA,NA
2025-03-05 04:00:00,37.73,53.00,5.87,45.10,28.76,NA,NA,0.26,29.53,NA,NA,NA,NA,NA,NA,NA,NA,NA,NA,NA,0.00,NA,NA,NA
2025-03-05 05:00:00,31.17,53.32,6.60,41.02,27.18,NA,NA,0.25,28.25,NA,NA,NA,NA,NA,NA,NA,NA,NA,NA,NA,0.00,NA,NA,NA
2025-03-05 06:00:00,44.72,73.16,6.85,44.43,29.20,NA,NA,0.27,29.29,NA,NA,NA,NA,NA,NA,NA,NA,NA,NA,NA,0.00,NA,NA,NA
2025-03-05 07:00:00,48.09,73.86,7.71,42.61,28.93,NA,NA,0.40,30.20,NA,NA,NA,NA,NA,NA,NA,NA,NA,NA,NA,0.00,NA,NA,NA
2025-03-05 08:00:00,26.94,64.51,9.01,42.73,30.05,NA,NA,0.38,38.83,NA,NA,NA,NA,NA,NA,NA,NA,NA,NA,NA,0.00,NA,NA,NA
2025-03-05 09:00:00,36.31,75.45,7.40,43.15,28.98,NA,NA,0.35,58.06,NA,NA,NA,NA,NA,NA,NA,NA,NA,NA,NA,0.00,NA,NA,NA
2025-03-05 10:00:00,42.82,114.25,5.10,41.51,26.23,NA,NA,0.28,73.65,NA,NA,NA,NA,NA,NA,NA,NA,NA,NA,NA,0.00,NA,NA,NA
2025-03-05 11:00:00,41.54,132.59,3.79,43.59,26.27,NA,NA,0.30,78.11,NA,NA,NA,NA,NA,NA,NA,NA,NA,NA,NA,0.00,NA,NA,NA
2025-03-05 12:00:00,40.50,150.07,3.03,42.36,25.00,NA,NA,0.26,81.05,NA,NA,NA,NA,NA,NA,NA,NA,NA,NA,NA,0.00,NA,NA,NA
2025-03-05 13:00:00,45.76,159.06,2.50,40.47,23.56,NA,NA,0.20,83.63,NA,NA,NA,NA,NA,NA,NA,NA,NA,NA,NA,0.00,NA,NA,NA
2025-03-05 14:00:00,33.70,120.45,2.90,44.00,25.76,NA,NA,0.20,79.27,NA,NA,NA,NA,NA,NA,NA,NA,NA,NA,NA,0.00,NA,NA,NA
2025-03-05 15:00:00,25.70,101.12,1.94,42.23,24.04,NA,NA,0.19,84.29,NA,NA,NA,NA,NA,NA,NA,NA,NA,NA,NA,0.00,NA,NA,NA
2025-03-05 16:00:00,20.26,105.53,1.51,40.28,22.66,NA,NA,0.16,88.03,NA,NA,NA,NA,NA,NA,NA,NA,NA,NA,NA,0.00,NA,NA,NA
2025-03-05 17:00:00,24.59,86.07,1.65,42.05,23.71,NA,NA,0.16,80.33,NA,NA,NA,NA,NA,NA,NA,NA,NA,NA,NA,0.00,NA,NA,NA
2025-03-05 18:00:00,25.19,80.43,2.17,43.37,24.83,NA,NA,0.21,67.90,NA,NA,NA,NA,NA,NA,NA,NA,NA,NA,NA,0.00,NA,NA,NA
2025-03-05 19:00:00,31.16,74.31,2.95,50.76,29.39,NA,NA,0.27,52.50,NA,NA,NA,NA,NA,NA,NA,NA,NA,NA,NA,0.00,NA,NA,NA
2025-03-05 20:00:00,32.20,80.43,4.28,56.17,33.36,NA,NA,0.43,45.29,NA,NA,NA,NA,NA,NA,NA,NA,NA,NA,NA,0.00,NA,NA,NA
2025-03-05 21:00:00,42.77,80.45,3.91,49.16,29.33,NA,NA,0.42,45.13,NA,NA,NA,NA,NA,NA,NA,NA,NA,NA,NA,0.00,NA,NA,NA
2025-03-05 22:00:00,49.09,100.02,4.32,45.43,27.68,NA,NA,0.38,44.75,NA,NA,NA,NA,NA,NA,NA,NA,NA,NA,NA,0.00,NA,NA,NA
2025-03-05 23:00:00,38.53,85.07,3.60,46.79,27.82,NA,NA,0.29,46.43,NA,NA,NA,NA,NA,NA,NA,NA,NA,NA,NA,0.00,NA,NA,NA
2025-03-06 00:00:00,36.74,78.58,3.66,49.22,29.15,NA,NA,0.34,41.26,NA,NA,NA,NA,NA,NA,NA,NA,NA,NA,NA,0.00,NA,NA,NA
2025-03-06 01:00:00,48.46,97.37,4.98,49.30,30.28,NA,NA,0.39,33.33,NA,NA,NA,NA,NA,NA,NA,NA,NA,NA,NA,0.00,NA,NA,NA
2025-03-06 02:00:00,49.14,89.42,4.75,51.06,31.02,NA,NA,0.37,35.68,NA,NA,NA,NA,NA,NA,NA,NA,NA,NA,NA,0.00,NA,NA,NA
2025-03-06 03:00:00,50.09,103.50,5.35,52.14,32.08,NA,NA,0.42,27.77,NA,NA,NA,NA,NA,NA,NA,NA,NA,NA,NA,0.00,NA,NA,NA
2025-03-06 04:00:00,37.29,89.99,6.03,51.34,32.22,NA,NA,0.39,26.08,NA,NA,NA,NA,NA,NA,NA,NA,NA,NA,NA,0.00,NA,NA,NA
2025-03-06 05:00:00,41.58,83.81,6.17,48.50,30.80,NA,NA,0.37,27.42,NA,NA,NA,NA,NA,NA,NA,NA,NA,NA,NA,0.00,NA,NA,NA
2025-03-06 06:00:00,65.08,105.86,6.25,50.15,31.77,NA,NA,0.40,30.92,NA,NA,NA,NA,NA,NA,NA,NA,NA,NA,NA,0.00,NA,NA,NA
2025-03-06 07:00:00,55.99,108.67,8.36,55.04,36.07,NA,NA,0.52,24.61,NA,NA,NA,NA,NA,NA,NA,NA,NA,NA,NA,0.00,NA,NA,NA
2025-03-06 08:00:00,45.60,117.32,8.45,49.12,33.00,NA,NA,0.63,46.47,NA,NA,NA,NA,NA,NA,NA,NA,NA,NA,NA,0.00,NA,NA,NA
2025-03-06 09:00:00,48.63,104.85,6.74,48.10,31.07,NA,NA,0.44,64.26,NA,NA,NA,NA,NA,NA,NA,NA,NA,NA,NA,0.00,NA,NA,NA
2025-03-06 10:00:00,51.31,114.71,5.11,48.71,30.07,NA,NA,0.41,78.43,NA,NA,NA,NA,NA,NA,NA,NA,NA,NA,NA,0.00,NA,NA,NA
2025-03-06 11:00:00,46.20,116.65,3.66,49.82,29.48,NA,NA,0.33,87.37,NA,NA,NA,NA,NA,NA,NA,NA,NA,NA,NA,0.00,NA,NA,NA
2025-03-06 12:00:00,35.44,95.48,2.72,45.41,26.37,NA,NA,0.27,90.05,NA,NA,NA,NA,NA,NA,NA,NA,NA,NA,NA,0.00,NA,NA,NA
2025-03-06 13:00:00,33.01,80.58,2.45,45.37,26.12,NA,NA,0.25,88.06,NA,NA,NA,NA,NA,NA,NA,NA,NA,NA,NA,0.00,NA,NA,NA
2025-03-06 14:00:00,24.65,55.00,1.95,42.20,24.04,NA,NA,0.23,87.61,NA,NA,NA,NA,NA,NA,NA,NA,NA,NA,NA,0.00,NA,NA,NA
2025-03-06 15:00:00,10.73,47.15,1.98,42.73,24.32,NA,NA,0.20,83.32,NA,NA,NA,NA,NA,NA,NA,NA,NA,NA,NA,0.00,NA,NA,NA
2025-03-06 16:00:00,8.92,39.22,2.56,48.84,28.07,NA,NA,0.17,68.46,NA,NA,NA,NA,NA,NA,NA,NA,NA,NA,NA,0.00,NA,NA,NA
2025-03-06 17:00:00,14.66,36.81,2.12,45.56,25.96,NA,NA,0.17,69.98,NA,NA,NA,NA,NA,NA,NA,NA,NA,NA,NA,0.00,NA,NA,NA
2025-03-06 18:00:00,19.70,47.57,8.99,66.84,42.80,NA,NA,0.26,24.10,NA,NA,NA,NA,NA,NA,NA,NA,NA,NA,NA,0.00,NA,NA,NA
2025-03-06 19:00:00,23.77,84.63,51.15,75.50,81.69,NA,NA,0.90,6.15,NA,NA,NA,NA,NA,NA,NA,NA,NA,NA,NA,0.00,NA,NA,NA
2025-03-06 20:00:00,52.77,134.52,123.80,78.23,142.07,NA,NA,1.83,6.37,NA,NA,NA,NA,NA,NA,NA,NA,NA,NA,NA,0.00,NA,NA,NA
2025-03-06 21:00:00,94.35,296.89,280.76,80.91,271.22,NA,NA,4.31,6.55,NA,NA,NA,NA,NA,NA,NA,NA,NA,NA,NA,0.00,NA,NA,NA
2025-03-06 22:00:00,101.50,307.10,324.57,83.37,308.19,NA,NA,4.95,6.19,NA,NA,NA,NA,NA,NA,NA,NA,NA,NA,NA,0.00,NA,NA,NA
2025-03-06 23:00:00,122.43,360.90,396.26,83.36,366.52,NA,NA,6.19,6.21,NA,NA,NA,NA,NA,NA,NA,NA,NA,NA,NA,0.00,NA,NA,NA
2025-03-07 00:00:00,120.54,313.17,273.16,76.28,262.73,NA,NA,5.34,7.40,NA,NA,NA,NA,NA,NA,NA,NA,NA,NA,NA,0.00,NA,NA,NA
2025-03-07 01:00:00,176.30,355.06,346.48,70.86,319.26,NA,NA,6.14,6.60,NA,NA,NA,NA,NA,NA,NA,NA,NA,NA,NA,0.00,NA,NA,NA
2025-03-07 02:00:00,181.44,439.30,400.02,68.16,361.46,NA,NA,6.60,5.84,NA,NA,NA,NA,NA,NA,NA,NA,NA,NA,NA,0.00,NA,NA,NA
2025-03-07 03:00:00,173.85,449.41,453.67,79.48,411.08,NA,NA,6.61,6.27,NA,NA,NA,NA,NA,NA,NA,NA,NA,NA,NA,0.00,NA,NA,NA
2025-03-07 04:00:00,169.87,433.12,449.55,81.60,408.92,NA,NA,6.56,6.18,NA,NA,NA,NA,NA,NA,NA,NA,NA,NA,NA,0.00,NA,NA,NA
2025-03-07 05:00:00,134.77,289.16,260.78,72.93,250.88,NA,NA,4.34,5.38,NA,NA,NA,NA,NA,NA,NA,NA,NA,NA,NA,0.00,NA,NA,NA
2025-03-07 06:00:00,149.34,250.53,215.17,65.71,209.88,NA,NA,2.22,5.59,NA,NA,NA,NA,NA,NA,NA,NA,NA,NA,NA,0.00,NA,NA,NA
2025-03-07 07:00:00,147.23,243.94,209.85,63.76,204.51,NA,NA,2.22,5.66,NA,NA,NA,NA,NA,NA,NA,NA,NA,NA,NA,0.00,NA,NA,NA
2025-03-07 08:00:00,161.41,259.31,156.03,67.89,162.91,NA,NA,2.15,7.98,NA,NA,NA,NA,NA,NA,NA,NA,NA,NA,NA,0.00,NA,NA,NA
2025-03-07 09:00:00,81.25,143.74,119.50,70.42,134.57,NA,NA,1.22,26.06,NA,NA,NA,NA,NA,NA,NA,NA,NA,NA,NA,0.00,NA,NA,NA
2025-03-07 10:00:00,62.08,118.96,93.46,70.69,113.56,NA,NA,0.85,65.66,NA,NA,NA,NA,NA,NA,NA,NA,NA,NA,NA,0.00,NA,NA,NA
2025-03-07 11:00:00,51.67,116.35,76.38,73.05,100.94,NA,NA,0.71,90.77,NA,NA,NA,NA,NA,NA,NA,NA,NA,NA,NA,0.00,NA,NA,NA
2025-03-07 12:00:00,47.79,118.03,59.86,73.46,87.73,NA,NA,0.64,114.82,NA,NA,NA,NA,NA,NA,NA,NA,NA,NA,NA,0.00,NA,NA,NA
2025-03-07 13:00:00,36.07,91.16,49.45,76.75,81.02,NA,NA,0.60,119.17,NA,NA,NA,NA,NA,NA,NA,NA,NA,NA,NA,0.00,NA,NA,NA
2025-03-07 14:00:00,37.95,80.25,39.54,71.29,70.06,NA,NA,0.48,120.00,NA,NA,NA,NA,NA,NA,NA,NA,NA,NA,NA,0.00,NA,NA,NA
2025-03-07 15:00:00,18.90,58.43,33.34,69.64,64.14,NA,NA,0.38,98.54,NA,NA,NA,NA,NA,NA,NA,NA,NA,NA,NA,0.00,NA,NA,NA
2025-03-07 16:00:00,16.70,56.22,26.67,70.00,58.91,NA,NA,0.32,95.32,NA,NA,NA,NA,NA,NA,NA,NA,NA,NA,NA,0.00,NA,NA,NA
2025-03-07 17:00:00,22.29,64.46,24.61,71.37,57.97,NA,NA,0.37,67.96,NA,NA,NA,NA,NA,NA,NA,NA,NA,NA,NA,0.00,NA,NA,NA
2025-03-07 18:00:00,28.20,72.44,21.67,71.17,55.47,NA,NA,0.41,49.59,NA,NA,NA,NA,NA,NA,NA,NA,NA,NA,NA,0.00,NA,NA,NA
2025-03-07 19:00:00,35.17,89.79,23.21,79.05,60.92,NA,NA,0.60,25.65,NA,NA,NA,NA,NA,NA,NA,NA,NA,NA,NA,0.00,NA,NA,NA
2025-03-07 20:00:00,41.06,115.42,37.54,89.76,78.27,NA,NA,1.09,8.48,NA,NA,NA,NA,NA,NA,NA,NA,NA,NA,NA,0.00,NA,NA,NA
2025-03-07 21:00:00,58.95,166.03,56.06,91.99,94.52,NA,NA,1.97,6.07,NA,NA,NA,NA,NA,NA,NA,NA,NA,NA,NA,0.00,NA,NA,NA
2025-03-07 22:00:00,77.31,177.10,56.88,90.74,94.56,NA,NA,1.87,5.70,NA,NA,NA,NA,NA,NA,NA,NA,NA,NA,NA,0.00,NA,NA,NA
2025-03-07 23:00:00,88.39,200.13,79.43,89.48,112.17,NA,NA,2.00,5.69,NA,NA,NA,NA,NA,NA,NA,NA,NA,NA,NA,0.00,NA,NA,NA
2025-03-08 00:00:00,102.97,182.28,54.08,86.70,90.03,NA,NA,1.88,7.97,NA,NA,NA,NA,NA,NA,NA,NA,NA,NA,NA,0.00,NA,NA,NA
2025-03-08 01:00:00,136.40,215.45,29.65,76.72,64.92,NA,NA,1.34,13.15,NA,NA,NA,NA,NA,NA,NA,NA,NA,NA,NA,0.00,NA,NA,NA
2025-03-08 02:00:00,202.51,158.10,30.43,77.99,66.22,NA,NA,1.19,11.74,NA,NA,NA,NA,NA,NA,NA,NA,NA,NA,NA,0.00,NA,NA,NA
2025-03-08 03:00:00,72.47,155.13,29.96,77.59,65.62,NA,NA,1.05,12.97,NA,NA,NA,NA,NA,NA,NA,NA,NA,NA,NA,0.00,NA,NA,NA
2025-03-08 04:00:00,90.45,115.02,30.26,73.68,63.79,NA,NA,0.99,16.13,NA,NA,NA,NA,NA,NA,NA,NA,NA,NA,NA,0.00,NA,NA,NA
2025-03-08 05:00:00,61.72,101.36,23.42,63.52,52.84,NA,NA,0.77,20.70,NA,NA,NA,NA,NA,NA,NA,NA,NA,NA,NA,0.00,NA,NA,NA
2025-03-08 06:00:00,78.76,102.17,28.48,67.34,58.96,NA,NA,0.92,12.45,NA,NA,NA,NA,NA,NA,NA,NA,NA,NA,NA,0.00,NA,NA,NA
2025-03-08 07:00:00,78.54,123.25,32.11,70.25,63.48,NA,NA,1.19,11.57,NA,NA,NA,NA,NA,NA,NA,NA,NA,NA,NA,0.00,NA,NA,NA
2025-03-08 08:00:00,68.10,122.65,26.36,68.60,57.91,NA,NA,1.11,26.65,NA,NA,NA,NA,NA,NA,NA,NA,NA,NA,NA,0.00,NA,NA,NA
2025-03-08 09:00:00,76.64,190.04,18.96,64.91,49.94,NA,NA,0.91,56.25,NA,NA,NA,NA,NA,NA,NA,NA,NA,NA,NA,0.00,NA,NA,NA
2025-03-08 10:00:00,71.38,201.88,12.64,63.76,44.18,NA,NA,0.79,88.10,NA,NA,NA,NA,NA,NA,NA,NA,NA,NA,NA,0.00,NA,NA,NA
2025-03-08 11:00:00,54.20,124.49,8.90,62.73,40.60,NA,NA,0.66,105.39,NA,NA,NA,NA,NA,NA,NA,NA,NA,NA,NA,0.00,NA,NA,NA
2025-03-08 12:00:00,52.89,101.98,6.02,60.83,37.25,NA,NA,0.61,114.04,NA,NA,NA,NA,NA,NA,NA,NA,NA,NA,NA,0.00,NA,NA,NA
2025-03-08 13:00:00,48.71,88.14,4.27,56.91,33.75,NA,NA,0.49,106.63,NA,NA,NA,NA,NA,NA,NA,NA,NA,NA,NA,0.00,NA,NA,NA
2025-03-08 14:00:00,30.68,69.55,2.36,50.24,28.65,NA,NA,0.43,112.85,NA,NA,NA,NA,NA,NA,NA,NA,NA,NA,NA,0.00,NA,NA,NA
2025-03-08 15:00:00,26.60,59.64,1.67,52.79,29.44,NA,NA,0.42,112.10,NA,NA,NA,NA,NA,NA,NA,NA,NA,NA,NA,0.00,NA,NA,NA
2025-03-08 16:00:00,18.94,67.01,1.16,51.62,28.40,NA,NA,0.39,105.78,NA,NA,NA,NA,NA,NA,NA,NA,NA,NA,NA,0.00,NA,NA,NA
2025-03-08 17:00:00,30.42,69.32,1.51,58.58,32.37,NA,NA,0.40,84.74,NA,NA,NA,NA,NA,NA,NA,NA,NA,NA,NA,0.00,NA,NA,NA
2025-03-08 18:00:00,38.63,79.36,3.07,76.87,43.37,NA,NA,0.51,43.53,NA,NA,NA,NA,NA,NA,NA,NA,NA,NA,NA,0.00,NA,NA,NA
2025-03-08 19:00:00,35.36,95.03,19.22,93.80,65.57,NA,NA,0.87,14.04,NA,NA,NA,NA,NA,NA,NA,NA,NA,NA,NA,0.00,NA,NA,NA
2025-03-08 20:00:00,55.63,163.26,122.16,99.51,152.36,NA,NA,2.26,5.95,NA,NA,NA,NA,NA,NA,NA,NA,NA,NA,NA,0.00,NA,NA,NA
2025-03-08 21:00:00,96.59,282.86,154.46,98.78,178.10,NA,NA,3.17,6.10,NA,NA,NA,NA,NA,NA,NA,NA,NA,NA,NA,0.00,NA,NA,NA
2025-03-08 22:00:00,96.76,246.83,166.50,92.65,184.60,NA,NA,3.59,6.01,NA,NA,NA,NA,NA,NA,NA,NA,NA,NA,NA,0.00,NA,NA,NA
2025-03-08 23:00:00,114.93,204.47,98.10,96.41,131.05,NA,NA,3.01,6.13,NA,NA,NA,NA,NA,NA,NA,NA,NA,NA,NA,0.00,NA,NA,NA
2025-03-09 00:00:00,115.22,202.11,98.24,97.86,131.90,NA,NA,3.06,5.60,NA,NA,NA,NA,NA,NA,NA,NA,NA,NA,NA,0.00,NA,NA,NA
2025-03-09 01:00:00,44.36,160.61,87.09,90.89,119.19,NA,NA,2.34,5.35,NA,NA,NA,NA,NA,NA,NA,NA,NA,NA,NA,0.00,NA,NA,NA
2025-03-09 02:00:00,79.84,176.50,93.89,87.14,122.70,NA,NA,2.14,5.81,NA,NA,NA,NA,NA,NA,NA,NA,NA,NA,NA,0.00,NA,NA,NA
2025-03-09 03:00:00,96.33,221.44,138.02,84.39,157.17,NA,NA,2.85,5.95,NA,NA,NA,NA,NA,NA,NA,NA,NA,NA,NA,0.00,NA,NA,NA
2025-03-09 04:00:00,112.69,282.00,198.38,77.61,202.56,NA,NA,3.99,5.74,NA,NA,NA,NA,NA,NA,NA,NA,NA,NA,NA,0.00,NA,NA,NA
2025-03-09 05:00:00,106.15,251.59,200.87,78.82,205.27,NA,NA,3.27,5.69,NA,NA,NA,NA,NA,NA,NA,NA,NA,NA,NA,0.00,NA,NA,NA
2025-03-09 06:00:00,100.29,313.67,213.63,68.47,210.20,NA,NA,3.42,5.83,NA,NA,NA,NA,NA,NA,NA,NA,NA,NA,NA,0.00,NA,NA,NA
2025-03-09 07:00:00,148.28,324.49,198.41,69.47,198.04,NA,NA,4.12,5.96,NA,NA,NA,NA,NA,NA,NA,NA,NA,NA,NA,0.00,NA,NA,NA
2025-03-09 08:00:00,131.10,235.61,85.70,77.19,110.68,NA,NA,2.32,19.02,NA,NA,NA,NA,NA,NA,NA,NA,NA,NA,NA,0.00,NA,NA,NA
2025-03-09 09:00:00,112.38,196.83,60.15,72.41,87.39,NA,NA,1.39,71.65,NA,NA,NA,NA,NA,NA,NA,NA,NA,NA,NA,0.00,NA,NA,NA
2025-03-09 10:00:00,90.69,159.46,45.04,65.99,71.70,NA,NA,0.96,104.12,NA,NA,NA,NA,NA,NA,NA,NA,NA,NA,NA,0.00,NA,NA,NA
2025-03-09 11:00:00,64.74,135.85,32.79,72.79,65.36,NA,NA,0.84,144.68,NA,NA,NA,NA,NA,NA,NA,NA,NA,NA,NA,0.00,NA,NA,NA
2025-03-09 12:00:00,87.85,160.79,23.93,69.21,56.27,NA,NA,0.85,157.14,NA,NA,NA,NA,NA,NA,NA,NA,NA,NA,NA,0.00,NA,NA,NA
2025-03-09 13:00:00,52.68,125.78,17.89,61.65,47.33,NA,NA,0.67,143.58,NA,NA,NA,NA,NA,NA,NA,NA,NA,NA,NA,0.00,NA,NA,NA
2025-03-09 14:00:00,33.46,74.59,12.73,58.10,41.25,NA,NA,0.51,139.97,NA,NA,NA,NA,NA,NA,NA,NA,NA,NA,NA,0.00,NA,NA,NA
2025-03-09 15:00:00,34.29,78.22,8.40,58.12,37.73,NA,NA,0.46,142.55,NA,NA,NA,NA,NA,NA,NA,NA,NA,NA,NA,0.00,NA,NA,NA
2025-03-09 16:00:00,45.70,92.38,4.87,59.94,35.85,NA,NA,0.51,138.67,NA,NA,NA,NA,NA,NA,NA,NA,NA,NA,NA,0.00,NA,NA,NA
2025-03-09 17:00:00,53.53,101.81,2.92,56.19,32.26,NA,NA,0.59,121.83,NA,NA,NA,NA,NA,NA,NA,NA,NA,NA,NA,0.00,NA,NA,NA
2025-03-09 18:00:00,52.85,138.19,2.55,70.01,39.33,NA,NA,0.77,77.32,NA,NA,NA,NA,NA,NA,NA,NA,NA,NA,NA,0.00,NA,NA,NA
2025-03-09 19:00:00,73.61,181.68,7.71,91.84,55.14,NA,NA,1.32,31.44,NA,NA,NA,NA,NA,NA,NA,NA,NA,NA,NA,0.00,NA,NA,NA
2025-03-09 20:00:00,80.65,203.27,8.32,93.88,56.69,NA,NA,1.63,22.64,NA,NA,NA,NA,NA,NA,NA,NA,NA,NA,NA,0.00,NA,NA,NA
2025-03-09 21:00:00,113.18,188.57,9.78,91.95,56.85,NA,NA,1.58,25.67,NA,NA,NA,NA,NA,NA,NA,NA,NA,NA,NA,0.00,NA,NA,NA
2025-03-09 22:00:00,83.17,186.43,8.21,85.32,52.06,NA,NA,1.39,28.83,NA,NA,NA,NA,NA,NA,NA,NA,NA,NA,NA,0.00,NA,NA,NA
2025-03-09 23:00:00,118.73,194.25,11.13,83.95,53.70,NA,NA,1.43,18.40,NA,NA,NA,NA,NA,NA,NA,NA,NA,NA,NA,0.00,NA,NA,NA
2025-03-10 00:00:00,81.32,182.26,12.76,83.02,54.54,NA,NA,1.38,18.26,NA,NA,NA,NA,NA,NA,NA,NA,NA,NA,NA,0.00,NA,NA,NA
2025-03-10 01:00:00,149.62,155.52,11.40,80.27,51.94,NA,NA,1.26,20.38,NA,NA,NA,NA,NA,NA,NA,NA,NA,NA,NA,0.00,NA,NA,NA
2025-03-10 02:00:00,83.62,151.74,7.48,62.56,39.35,NA,NA,0.99,40.32,NA,NA,NA,NA,NA,NA,NA,NA,NA,NA,NA,0.00,NA,NA,NA
2025-03-10 03:00:00,75.40,147.39,7.63,69.10,42.97,NA,NA,0.92,29.16,NA,NA,NA,NA,NA,NA,NA,NA,NA,NA,NA,0.00,NA,NA,NA
2025-03-10 04:00:00,75.40,148.30,8.60,68.92,43.65,NA,NA,1.00,26.24,NA,NA,NA,NA,NA,NA,NA,NA,NA,NA,NA,0.00,NA,NA,NA
2025-03-10 05:00:00,77.26,143.58,8.55,67.40,42.81,NA,NA,1.07,30.71,NA,NA,NA,NA,NA,NA,NA,NA,NA,NA,NA,0.00,NA,NA,NA
2025-03-10 06:00:00,36.33,178.81,8.99,70.19,44.63,NA,NA,1.23,28.86,NA,NA,NA,NA,NA,NA,NA,NA,NA,NA,NA,0.00,NA,NA,NA
2025-03-10 07:00:00,NA,184.43,6.41,60.60,37.44,NA,NA,1.22,54.12,NA,NA,NA,NA,NA,NA,NA,NA,NA,NA,NA,0.00,NA,NA,NA
2025-03-10 08:00:00,NA,199.25,5.18,54.68,33.29,NA,NA,1.18,68.99,NA,NA,NA,NA,NA,NA,NA,NA,NA,NA,NA,0.00,NA,NA,NA
2025-03-10 09:00:00,NA,184.08,4.45,53.89,32.28,NA,NA,1.19,92.51,NA,NA,NA,NA,NA,NA,NA,NA,NA,NA,NA,0.00,NA,NA,NA
2025-03-10 10:00:00,NA,170.35,2.25,48.52,27.63,NA,NA,0.88,118.90,NA,NA,NA,NA,NA,NA,NA,NA,NA,NA,NA,0.00,NA,NA,NA
2025-03-10 11:00:00,NA,175.47,1.16,45.55,25.17,NA,NA,0.70,129.80,NA,NA,NA,NA,NA,NA,NA,NA,NA,NA,NA,0.00,NA,NA,NA
2025-03-10 12:00:00,80.76,160.30,1.29,37.49,20.97,NA,NA,0.59,138.25,NA,NA,NA,NA,NA,NA,NA,NA,NA,NA,NA,0.00,NA,NA,NA
2025-03-10 13:00:00,139.87,129.35,2.93,36.68,21.90,NA,NA,0.60,139.05,NA,NA,NA,NA,NA,NA,NA,NA,NA,NA,NA,0.00,NA,NA,NA
2025-03-10 14:00:00,98.20,124.09,3.16,34.79,21.08,NA,NA,0.61,141.43,NA,NA,NA,NA,NA,NA,NA,NA,NA,NA,NA,0.00,NA,NA,NA
2025-03-10 15:00:00,73.61,109.61,3.22,36.37,21.97,NA,NA,0.59,142.53,NA,NA,NA,NA,NA,NA,NA,NA,NA,NA,NA,0.00,NA,NA,NA
2025-03-10 16:00:00,62.82,108.20,3.15,38.80,23.20,NA,NA,0.59,138.59,NA,NA,NA,NA,NA,NA,NA,NA,NA,NA,NA,0.00,NA,NA,NA
2025-03-10 17:00:00,59.63,107.76,2.99,49.59,28.81,NA,NA,0.68,120.78,NA,NA,NA,NA,NA,NA,NA,NA,NA,NA,NA,0.00,NA,NA,NA
2025-03-10 18:00:00,75.57,147.77,4.51,66.86,39.23,NA,NA,0.91,76.76,NA,NA,NA,NA,NA,NA,NA,NA,NA,NA,NA,0.00,NA,NA,NA
2025-03-10 19:00:00,83.79,221.77,14.75,96.02,63.06,NA,NA,1.61,14.90,NA,NA,NA,NA,NA,NA,NA,NA,NA,NA,NA,0.00,NA,NA,NA
2025-03-10 20:00:00,87.63,230.10,25.26,96.14,71.65,NA,NA,2.02,7.83,NA,NA,NA,NA,NA,NA,NA,NA,NA,NA,NA,0.00,NA,NA,NA
2025-03-10 21:00:00,99.49,248.87,43.96,96.99,87.33,NA,NA,2.53,6.17,NA,NA,NA,NA,NA,NA,NA,NA,NA,NA,NA,0.00,NA,NA,NA
2025-03-10 22:00:00,106.92,268.56,44.06,93.63,85.64,NA,NA,3.00,6.82,NA,NA,NA,NA,NA,NA,NA,NA,NA,NA,NA,0.00,NA,NA,NA
2025-03-10 23:00:00,105.30,276.59,36.62,91.55,78.47,NA,NA,2.33,7.15,NA,NA,NA,NA,NA,NA,NA,NA,NA,NA,NA,0.00,NA,NA,NA
2025-03-11 00:00:00,107.71,225.91,20.92,80.73,59.97,NA,NA,1.88,16.89,NA,NA,NA,NA,NA,NA,NA,NA,NA,NA,NA,0.00,NA,NA,NA
2025-03-11 01:00:00,107.81,217.25,27.17,82.25,65.85,NA,NA,1.75,7.64,NA,NA,NA,NA,NA,NA,NA,NA,NA,NA,NA,0.00,NA,NA,NA
2025-03-11 02:00:00,109.67,196.71,40.25,76.87,73.56,NA,NA,1.87,10.44,NA,NA,NA,NA,NA,NA,NA,NA,NA,NA,NA,0.00,NA,NA,NA
2025-03-11 03:00:00,135.25,264.96,54.68,77.28,85.57,NA,NA,2.21,6.30,NA,NA,NA,NA,NA,NA,NA,NA,NA,NA,NA,0.00,NA,NA,NA
2025-03-11 04:00:00,155.67,333.21,79.77,78.77,106.76,NA,NA,2.63,5.65,NA,NA,NA,NA,NA,NA,NA,NA,NA,NA,NA,0.00,NA,NA,NA
2025-03-11 05:00:00,130.61,269.26,86.48,70.91,107.94,NA,NA,2.47,5.80,NA,NA,NA,NA,NA,NA,NA,NA,NA,NA,NA,0.00,NA,NA,NA
2025-03-11 06:00:00,160.24,301.39,100.90,72.20,120.46,NA,NA,2.87,5.62,NA,NA,NA,NA,NA,NA,NA,NA,NA,NA,NA,0.00,NA,NA,NA
2025-03-11 07:00:00,153.57,293.37,74.40,68.04,96.78,NA,NA,2.95,16.37,NA,NA,NA,NA,NA,NA,NA,NA,NA,NA,NA,0.00,NA,NA,NA
2025-03-11 08:00:00,147.25,251.37,29.73,60.38,56.29,NA,NA,2.02,56.91,NA,NA,NA,NA,NA,NA,NA,NA,NA,NA,NA,0.00,NA,NA,NA
2025-03-11 09:00:00,86.08,171.25,23.33,61.07,51.47,NA,NA,1.34,87.60,NA,NA,NA,NA,NA,NA,NA,NA,NA,NA,NA,0.00,NA,NA,NA
2025-03-11 10:00:00,77.33,181.43,18.64,67.19,50.89,NA,NA,1.24,102.91,NA,NA,NA,NA,NA,NA,NA,NA,NA,NA,NA,0.00,NA,NA,NA
2025-03-11 11:00:00,80.87,181.79,13.15,71.36,48.65,NA,NA,1.16,144.26,NA,NA,NA,NA,NA,NA,NA,NA,NA,NA,NA,0.00,NA,NA,NA
2025-03-11 12:00:00,63.22,159.69,7.58,68.50,42.60,NA,NA,1.06,186.46,NA,NA,NA,NA,NA,NA,NA,NA,NA,NA,NA,0.00,NA,NA,NA
2025-03-11 13:00:00,70.79,151.81,5.07,68.29,40.46,NA,NA,0.98,166.88,NA,NA,NA,NA,NA,NA,NA,NA,NA,NA,NA,0.00,NA,NA,NA
2025-03-11 14:00:00,45.06,113.18,4.27,56.83,33.71,NA,NA,0.77,151.90,NA,NA,NA,NA,NA,NA,NA,NA,NA,NA,NA,0.00,NA,NA,NA
2025-03-11 15:00:00,36.09,95.75,4.05,55.47,32.79,NA,NA,0.56,141.31,NA,NA,NA,NA,NA,NA,NA,NA,NA,NA,NA,0.00,NA,NA,NA
2025-03-11 16:00:00,46.23,120.76,3.76,67.89,39.16,NA,NA,0.77,130.50,NA,NA,NA,NA,NA,NA,NA,NA,NA,NA,NA,0.00,NA,NA,NA
2025-03-11 17:00:00,50.04,137.24,4.35,73.77,42.77,NA,NA,0.82,103.32,NA,NA,NA,NA,NA,NA,NA,NA,NA,NA,NA,0.00,NA,NA,NA
2025-03-11 18:00:00,80.22,171.77,8.76,87.89,53.82,NA,NA,1.13,47.15,NA,NA,NA,NA,NA,NA,NA,NA,NA,NA,NA,0.00,NA,NA,NA
2025-03-11 19:00:00,87.89,202.29,32.77,106.78,83.44,NA,NA,1.64,8.13,NA,NA,NA,NA,NA,NA,NA,NA,NA,NA,NA,0.00,NA,NA,NA
2025-03-11 20:00:00,107.59,263.69,27.96,101.88,76.94,NA,NA,2.39,7.64,NA,NA,NA,NA,NA,NA,NA,NA,NA,NA,NA,0.00,NA,NA,NA
2025-03-11 21:00:00,121.54,299.51,15.63,95.72,63.61,NA,NA,2.51,15.72,NA,NA,NA,NA,NA,NA,NA,NA,NA,NA,NA,0.00,NA,NA,NA
2025-03-11 22:00:00,124.98,277.95,50.99,100.22,94.68,NA,NA,2.72,6.99,NA,NA,NA,NA,NA,NA,NA,NA,NA,NA,NA,0.00,NA,NA,NA
2025-03-11 23:00:00,130.03,334.22,76.43,99.10,114.91,NA,NA,3.47,6.02,NA,NA,NA,NA,NA,NA,NA,NA,NA,NA,NA,0.00,NA,NA,NA
2025-03-12 00:00:00,129.73,268.31,36.62,81.97,73.41,NA,NA,2.46,6.25,NA,NA,NA,NA,NA,NA,NA,NA,NA,NA,NA,0.00,NA,NA,NA
2025-03-12 01:00:00,178.22,375.10,31.74,67.57,61.75,NA,NA,1.98,6.46,NA,NA,NA,NA,NA,NA,NA,NA,NA,NA,NA,0.00,NA,NA,NA
2025-03-12 02:00:00,256.73,393.65,38.00,68.93,67.54,NA,NA,2.20,6.05,NA,NA,NA,NA,NA,NA,NA,NA,NA,NA,NA,0.00,NA,NA,NA
2025-03-12 03:00:00,217.39,376.75,38.92,65.54,66.51,NA,NA,2.38,6.01,NA,NA,NA,NA,NA,NA,NA,NA,NA,NA,NA,0.00,NA,NA,NA
2025-03-12 04:00:00,153.07,304.18,52.49,63.14,76.25,NA,NA,2.12,5.71,NA,NA,NA,NA,NA,NA,NA,NA,NA,NA,NA,0.00,NA,NA,NA
2025-03-12 05:00:00,104.85,221.43,42.73,59.58,66.44,NA,NA,1.83,5.75,NA,NA,NA,NA,NA,NA,NA,NA,NA,NA,NA,0.00,NA,NA,NA
2025-03-12 06:00:00,184.29,281.96,37.37,53.43,58.80,NA,NA,1.78,5.90,NA,NA,NA,NA,NA,NA,NA,NA,NA,NA,NA,0.00,NA,NA,NA
2025-03-12 07:00:00,173.64,295.60,45.20,54.96,65.97,NA,NA,2.00,6.90,NA,NA,NA,NA,NA,NA,NA,NA,NA,NA,NA,0.00,NA,NA,NA
2025-03-12 08:00:00,218.68,308.02,34.68,51.26,55.49,NA,NA,2.11,12.47,NA,NA,NA,NA,NA,NA,NA,NA,NA,NA,NA,0.00,NA,NA,NA
2025-03-12 09:00:00,131.92,300.70,30.06,54.38,53.37,NA,NA,1.77,24.22,NA,NA,NA,NA,NA,NA,NA,NA,NA,NA,NA,0.00,NA,NA,NA
2025-03-12 10:00:00,64.14,211.23,25.22,53.27,48.85,NA,NA,1.60,44.77,NA,NA,NA,NA,NA,NA,NA,NA,NA,NA,NA,0.00,NA,NA,NA
2025-03-12 11:00:00,23.61,132.09,18.04,48.68,40.57,NA,NA,0.99,71.56,NA,NA,NA,NA,NA,NA,NA,NA,NA,NA,NA,0.00,NA,NA,NA
2025-03-12 12:00:00,30.68,100.75,13.46,45.61,35.20,NA,NA,0.65,95.26,NA,NA,NA,NA,NA,NA,NA,NA,NA,NA,NA,0.00,NA,NA,NA
2025-03-12 13:00:00,45.33,140.94,11.39,46.12,33.80,NA,NA,0.60,94.82,NA,NA,NA,NA,NA,NA,NA,NA,NA,NA,NA,0.00,NA,NA,NA
2025-03-12 14:00:00,20.09,118.69,9.82,48.74,33.88,NA,NA,0.53,80.15,NA,NA,NA,NA,NA,NA,NA,NA,NA,NA,NA,0.00,NA,NA,NA
2025-03-12 15:00:00,19.24,79.03,8.62,52.00,34.69,NA,NA,0.54,80.75,NA,NA,NA,NA,NA,NA,NA,NA,NA,NA,NA,0.00,NA,NA,NA
2025-03-12 16:00:00,20.93,79.65,7.20,50.90,32.92,NA,NA,0.48,74.74,NA,NA,NA,NA,NA,NA,NA,NA,NA,NA,NA,0.00,NA,NA,NA
2025-03-12 17:00:00,27.04,81.16,6.80,57.13,35.94,NA,NA,0.51,73.34,NA,NA,NA,NA,NA,NA,NA,NA,NA,NA,NA,0.00,NA,NA,NA
2025-03-12 18:00:00,43.24,92.46,6.46,64.62,39.61,NA,NA,0.61,46.09,NA,NA,NA,NA,NA,NA,NA,NA,NA,NA,NA,0.00,NA,NA,NA
2025-03-12 19:00:00,50.68,124.24,20.95,79.82,59.44,NA,NA,0.98,8.87,NA,NA,NA,NA,NA,NA,NA,NA,NA,NA,NA,0.00,NA,NA,NA
2025-03-12 20:00:00,70.44,175.99,38.88,80.12,74.23,NA,NA,1.55,6.36,NA,NA,NA,NA,NA,NA,NA,NA,NA,NA,NA,0.00,NA,NA,NA
2025-03-12 21:00:00,77.06,190.89,24.19,78.88,61.64,NA,NA,1.80,8.77,NA,NA,NA,NA,NA,NA,NA,NA,NA,NA,NA,0.00,NA,NA,NA
2025-03-12 22:00:00,73.13,166.84,16.63,71.97,51.81,NA,NA,1.55,16.55,NA,NA,NA,NA,NA,NA,NA,NA,NA,NA,NA,0.00,NA,NA,NA
2025-03-12 23:00:00,69.97,141.23,19.79,69.21,52.89,NA,NA,1.24,13.95,NA,NA,NA,NA,NA,NA,NA,NA,NA,NA,NA,0.00,NA,NA,NA
2025-03-13 00:00:00,81.83,168.75,18.92,71.44,53.40,NA,NA,1.22,14.35,NA,NA,NA,NA,NA,NA,NA,NA,NA,NA,NA,0.00,NA,NA,NA
2025-03-13 01:00:00,57.61,137.32,15.31,62.65,45.76,NA,NA,0.93,23.39,NA,NA,NA,NA,NA,NA,NA,NA,NA,NA,NA,0.00,NA,NA,NA
2025-03-13 02:00:00,59.00,118.76,15.19,71.96,50.62,NA,NA,0.90,16.33,NA,NA,NA,NA,NA,NA,NA,NA,NA,NA,NA,0.00,NA,NA,NA
2025-03-13 03:00:00,79.41,145.95,15.70,68.84,49.39,NA,NA,0.99,15.00,NA,NA,NA,NA,NA,NA,NA,NA,NA,NA,NA,0.00,NA,NA,NA
2025-03-13 04:00:00,88.48,158.42,15.28,63.66,46.28,NA,NA,0.98,13.40,NA,NA,NA,NA,NA,NA,NA,NA,NA,NA,NA,0.00,NA,NA,NA
2025-03-13 05:00:00,91.87,167.54,19.41,60.11,47.76,NA,NA,1.14,8.28,NA,NA,NA,NA,NA,NA,NA,NA,NA,NA,NA,0.00,NA,NA,NA
2025-03-13 06:00:00,152.33,233.04,21.57,58.09,48.43,NA,NA,1.42,7.49,NA,NA,NA,NA,NA,NA,NA,NA,NA,NA,NA,0.00,NA,NA,NA
2025-03-13 07:00:00,141.81,219.27,30.50,57.72,55.50,NA,NA,1.53,9.30,NA,NA,NA,NA,NA,NA,NA,NA,NA,NA,NA,0.00,NA,NA,NA
2025-03-13 08:00:00,54.08,118.14,25.61,56.95,51.11,NA,NA,1.34,19.33,NA,NA,NA,NA,NA,NA,NA,NA,NA,NA,NA,0.00,NA,NA,NA
2025-03-13 09:00:00,46.07,96.79,19.51,52.68,43.89,NA,NA,1.05,28.97,NA,NA,NA,NA,NA,NA,NA,NA,NA,NA,NA,0.00,NA,NA,NA
2025-03-13 10:00:00,63.98,127.49,17.51,53.72,42.81,NA,NA,1.07,48.06,NA,NA,NA,NA,NA,NA,NA,NA,NA,NA,NA,0.00,NA,NA,NA
2025-03-13 11:00:00,45.43,127.58,14.82,63.45,45.80,NA,NA,1.00,65.78,NA,NA,NA,NA,NA,NA,NA,NA,NA,NA,NA,0.00,NA,NA,NA
2025-03-13 12:00:00,65.51,168.09,12.43,72.47,48.64,NA,NA,1.21,85.54,NA,NA,NA,NA,NA,NA,NA,NA,NA,NA,NA,0.00,NA,NA,NA
2025-03-13 13:00:00,60.90,168.85,8.93,67.28,43.06,NA,NA,1.13,110.19,NA,NA,NA,NA,NA,NA,NA,NA,NA,NA,NA,0.00,NA,NA,NA
2025-03-13 14:00:00,61.21,150.31,7.42,60.99,38.49,NA,NA,0.87,113.03,NA,NA,NA,NA,NA,NA,NA,NA,NA,NA,NA,0.00,NA,NA,NA
2025-03-13 15:00:00,50.25,136.57,7.51,64.86,40.59,NA,NA,0.73,89.44,NA,NA,NA,NA,NA,NA,NA,NA,NA,NA,NA,0.00,NA,NA,NA
2025-03-13 16:00:00,34.96,82.51,5.66,56.53,34.68,NA,NA,0.61,74.93,NA,NA,NA,NA,NA,NA,NA,NA,NA,NA,NA,0.00,NA,NA,NA
2025-03-13 17:00:00,42.21,94.84,8.29,69.48,43.68,NA,NA,0.67,50.32,NA,NA,NA,NA,NA,NA,NA,NA,NA,NA,NA,0.00,NA,NA,NA
2025-03-13 18:00:00,58.28,159.21,7.05,74.55,45.35,NA,NA,1.02,58.94,NA,NA,NA,NA,NA,NA,NA,NA,NA,NA,NA,0.00,NA,NA,NA
2025-03-13 19:00:00,76.62,181.10,18.98,95.92,66.47,NA,NA,1.63,12.66,NA,NA,NA,NA,NA,NA,NA,NA,NA,NA,NA,0.00,NA,NA,NA
2025-03-13 20:00:00,79.66,196.10,10.81,65.33,43.55,NA,NA,1.17,40.00,NA,NA,NA,NA,NA,NA,NA,NA,NA,NA,NA,0.00,NA,NA,NA
2025-03-13 21:00:00,55.09,167.02,16.93,73.20,52.71,NA,NA,0.95,15.37,NA,NA,NA,NA,NA,NA,NA,NA,NA,NA,NA,0.00,NA,NA,NA
2025-03-13 22:00:00,55.61,141.22,48.80,74.94,79.43,NA,NA,1.35,8.18,NA,NA,NA,NA,NA,NA,NA,NA,NA,NA,NA,0.00,NA,NA,NA
2025-03-13 23:00:00,63.89,169.88,84.50,78.74,110.58,NA,NA,2.06,6.03,NA,NA,NA,NA,NA,NA,NA,NA,NA,NA,NA,0.00,NA,NA,NA
2025-03-14 00:00:00,85.26,175.48,84.07,78.83,110.26,NA,NA,2.07,6.84,NA,NA,NA,NA,NA,NA,NA,NA,NA,NA,NA,0.00,NA,NA,NA
2025-03-14 01:00:00,98.47,206.54,86.65,74.61,110.15,NA,NA,2.57,6.27,NA,NA,NA,NA,NA,NA,NA,NA,NA,NA,NA,0.00,NA,NA,NA
2025-03-14 02:00:00,95.77,209.88,121.85,71.80,137.22,NA,NA,2.59,6.59,NA,NA,NA,NA,NA,NA,NA,NA,NA,NA,NA,0.00,NA,NA,NA
2025-03-14 03:00:00,102.54,209.79,156.71,71.75,165.57,NA,NA,2.86,6.59,NA,NA,NA,NA,NA,NA,NA,NA,NA,NA,NA,0.00,NA,NA,NA
2025-03-14 04:00:00,103.71,218.88,154.62,68.33,162.03,NA,NA,3.43,6.66,NA,NA,NA,NA,NA,NA,NA,NA,NA,NA,NA,0.00,NA,NA,NA
2025-03-14 05:00:00,101.33,232.34,120.25,60.58,130.09,NA,NA,3.38,5.61,NA,NA,NA,NA,NA,NA,NA,NA,NA,NA,NA,0.00,NA,NA,NA
2025-03-14 06:00:00,113.52,202.86,117.70,59.36,127.21,NA,NA,2.30,5.45,NA,NA,NA,NA,NA,NA,NA,NA,NA,NA,NA,0.00,NA,NA,NA
2025-03-14 07:00:00,218.29,328.21,97.96,55.38,109.16,NA,NA,2.46,6.32,NA,NA,NA,NA,NA,NA,NA,NA,NA,NA,NA,0.00,NA,NA,NA
2025-03-14 08:00:00,209.22,319.91,72.61,67.86,95.14,NA,NA,2.41,11.42,NA,NA,NA,NA,NA,NA,NA,NA,NA,NA,NA,0.00,NA,NA,NA
2025-03-14 09:00:00,99.51,181.00,52.06,69.60,79.38,NA,NA,1.69,42.91,NA,NA,NA,NA,NA,NA,NA,NA,NA,NA,NA,0.00,NA,NA,NA
2025-03-14 10:00:00,29.78,223.61,37.76,54.71,59.81,NA,NA,1.03,96.59,NA,NA,NA,NA,NA,NA,NA,NA,NA,NA,NA,0.00,NA,NA,NA
2025-03-14 11:00:00,14.09,101.54,29.23,52.49,51.68,NA,NA,0.72,122.57,NA,NA,NA,NA,NA,NA,NA,NA,NA,NA,NA,0.00,NA,NA,NA
2025-03-14 12:00:00,2.82,128.21,23.83,58.31,50.42,NA,NA,0.63,112.96,NA,NA,NA,NA,NA,NA,NA,NA,NA,NA,NA,0.00,NA,NA,NA
2025-03-14 13:00:00,21.48,89.15,18.14,41.53,36.85,NA,NA,0.46,117.81,NA,NA,NA,NA,NA,NA,NA,NA,NA,NA,NA,0.00,NA,NA,NA
2025-03-14 14:00:00,17.02,66.03,14.30,40.90,33.38,NA,NA,0.31,106.66,NA,NA,NA,NA,NA,NA,NA,NA,NA,NA,NA,0.00,NA,NA,NA
2025-03-14 15:00:00,12.93,50.68,13.97,54.10,40.14,NA,NA,0.35,85.52,NA,NA,NA,NA,NA,NA,NA,NA,NA,NA,NA,0.00,NA,NA,NA
2025-03-14 16:00:00,20.10,63.87,10.81,52.66,36.78,NA,NA,0.35,90.12,NA,NA,NA,NA,NA,NA,NA,NA,NA,NA,NA,0.00,NA,NA,NA
2025-03-14 17:00:00,26.12,81.19,9.51,58.77,39.00,NA,NA,0.45,83.53,NA,NA,NA,NA,NA,NA,NA,NA,NA,NA,NA,0.00,NA,NA,NA
2025-03-14 18:00:00,28.82,88.28,9.06,53.58,35.87,NA,NA,0.52,78.82,NA,NA,NA,NA,NA,NA,NA,NA,NA,NA,NA,0.00,NA,NA,NA
2025-03-14 19:00:00,31.30,71.66,7.75,56.11,36.15,NA,NA,0.52,68.79,NA,NA,NA,NA,NA,NA,NA,NA,NA,NA,NA,0.00,NA,NA,NA
2025-03-14 20:00:00,33.21,77.99,7.41,53.02,34.23,NA,NA,0.61,60.87,NA,NA,NA,NA,NA,NA,NA,NA,NA,NA,NA,0.00,NA,NA,NA
2025-03-14 21:00:00,33.78,90.24,7.46,54.46,35.02,NA,NA,0.66,50.79,NA,NA,NA,NA,NA,NA,NA,NA,NA,NA,NA,0.00,NA,NA,NA
2025-03-14 22:00:00,34.98,74.15,7.74,52.49,34.22,NA,NA,0.67,44.61,NA,NA,NA,NA,NA,NA,NA,NA,NA,NA,NA,0.00,NA,NA,NA
2025-03-14 23:00:00,31.43,67.31,12.65,57.71,40.96,NA,NA,0.56,23.91,NA,NA,NA,NA,NA,NA,NA,NA,NA,NA,NA,0.00,NA,NA,NA
2025-03-15 00:00:00,49.80,78.79,10.47,50.66,35.49,NA,NA,0.73,31.40,NA,NA,NA,NA,NA,NA,NA,NA,NA,NA,NA,0.00,NA,NA,NA
2025-03-15 01:00:00,35.60,76.94,8.48,36.12,26.11,NA,NA,0.43,54.05,NA,NA,NA,NA,NA,NA,NA,NA,NA,NA,NA,0.00,NA,NA,NA
2025-03-15 02:00:00,29.26,54.18,7.73,35.28,25.04,NA,NA,0.18,52.32,NA,NA,NA,NA,NA,NA,NA,NA,NA,NA,NA,0.00,NA,NA,NA
2025-03-15 03:00:00,19.11,37.97,10.21,40.27,29.72,NA,NA,0.12,42.85,NA,NA,NA,NA,NA,NA,NA,NA,NA,NA,NA,0.00,NA,NA,NA
2025-03-15 04:00:00,17.75,39.41,8.95,37.48,27.22,NA,NA,0.15,48.67,NA,NA,NA,NA,NA,NA,NA,NA,NA,NA,NA,0.00,NA,NA,NA
2025-03-15 05:00:00,14.14,27.90,10.27,41.36,30.34,NA,NA,0.14,42.38,NA,NA,NA,NA,NA,NA,NA,NA,NA,NA,NA,0.00,NA,NA,NA
2025-03-15 06:00:00,16.67,22.75,10.95,41.02,30.72,NA,NA,0.14,47.34,NA,NA,NA,NA,NA,NA,NA,NA,NA,NA,NA,0.00,NA,NA,NA
2025-03-15 07:00:00,12.15,35.74,9.78,38.70,28.54,NA,NA,0.22,48.45,NA,NA,NA,NA,NA,NA,NA,NA,NA,NA,NA,0.00,NA,NA,NA
2025-03-15 08:00:00,7.47,34.00,10.59,38.92,29.31,NA,NA,0.24,53.46,NA,NA,NA,NA,NA,NA,NA,NA,NA,NA,NA,0.00,NA,NA,NA
2025-03-15 09:00:00,17.63,48.29,9.08,39.00,28.12,NA,NA,0.33,69.11,NA,NA,NA,NA,NA,NA,NA,NA,NA,NA,NA,0.00,NA,NA,NA
2025-03-15 10:00:00,28.45,63.83,7.66,38.04,26.46,NA,NA,0.39,80.20,NA,NA,NA,NA,NA,NA,NA,NA,NA,NA,NA,0.00,NA,NA,NA
2025-03-15 11:00:00,19.26,88.95,7.27,40.33,27.36,NA,NA,0.38,84.72,NA,NA,NA,NA,NA,NA,NA,NA,NA,NA,NA,0.00,NA,NA,NA
2025-03-15 12:00:00,29.47,72.38,6.10,39.79,26.13,NA,NA,0.43,99.54,NA,NA,NA,NA,NA,NA,NA,NA,NA,NA,NA,0.00,NA,NA,NA
2025-03-15 13:00:00,37.49,73.79,4.91,38.85,24.65,NA,NA,0.44,103.47,NA,NA,NA,NA,NA,NA,NA,NA,NA,NA,NA,0.00,NA,NA,NA
2025-03-15 14:00:00,26.87,63.68,4.27,33.92,21.53,NA,NA,0.42,112.95,NA,NA,NA,NA,NA,NA,NA,NA,NA,NA,NA,0.00,NA,NA,NA
2025-03-15 15:00:00,27.09,67.40,3.98,36.64,22.72,NA,NA,0.39,111.24,NA,NA,NA,NA,NA,NA,NA,NA,NA,NA,NA,0.00,NA,NA,NA
2025-03-15 16:00:00,29.95,72.65,4.31,36.31,22.81,NA,NA,0.41,105.53,NA,NA,NA,NA,NA,NA,NA,NA,NA,NA,NA,0.00,NA,NA,NA
2025-03-15 17:00:00,33.38,79.45,6.92,54.93,34.79,NA,NA,0.47,77.88,NA,NA,NA,NA,NA,NA,NA,NA,NA,NA,NA,0.00,NA,NA,NA
2025-03-15 18:00:00,26.23,72.43,7.44,62.46,39.27,NA,NA,0.55,54.30,NA,NA,NA,NA,NA,NA,NA,NA,NA,NA,NA,0.00,NA,NA,NA
2025-03-15 19:00:00,38.14,87.64,11.42,68.04,45.51,NA,NA,0.73,36.42,NA,NA,NA,NA,NA,NA,NA,NA,NA,NA,NA,0.00,NA,NA,NA
2025-03-15 20:00:00,30.88,91.89,10.65,52.95,36.83,NA,NA,0.66,33.48,NA,NA,NA,NA,NA,NA,NA,NA,NA,NA,NA,0.00,NA,NA,NA
2025-03-15 21:00:00,25.05,56.42,10.92,50.13,35.54,NA,NA,0.53,31.95,NA,NA,NA,NA,NA,NA,NA,NA,NA,NA,NA,0.00,NA,NA,NA
2025-03-15 22:00:00,22.05,51.18,10.38,49.09,34.56,NA,NA,0.55,27.87,NA,NA,NA,NA,NA,NA,NA,NA,NA,NA,NA,0.00,NA,NA,NA
2025-03-15 23:00:00,22.76,48.49,10.21,49.22,34.48,NA,NA,0.46,25.94,NA,NA,NA,NA,NA,NA,NA,NA,NA,NA,NA,0.00,NA,NA,NA
2025-03-16 00:00:00,35.69,64.56,14.40,49.90,38.24,NA,NA,0.63,12.52,NA,NA,NA,NA,NA,NA,NA,NA,NA,NA,NA,0.00,NA,NA,NA
2025-03-16 01:00:00,38.21,77.16,11.81,44.16,33.09,NA,NA,0.57,15.07,NA,NA,NA,NA,NA,NA,NA,NA,NA,NA,NA,0.00,NA,NA,NA
2025-03-16 02:00:00,40.03,73.72,21.20,48.88,43.23,NA,NA,0.53,6.86,NA,NA,NA,NA,NA,NA,NA,NA,NA,NA,NA,0.00,NA,NA,NA
2025-03-16 03:00:00,58.58,93.90,16.12,42.38,35.65,NA,NA,0.52,8.08,NA,NA,NA,NA,NA,NA,NA,NA,NA,NA,NA,0.00,NA,NA,NA
2025-03-16 04:00:00,70.41,112.41,15.82,42.14,35.27,NA,NA,0.56,7.80,NA,NA,NA,NA,NA,NA,NA,NA,NA,NA,NA,0.00,NA,NA,NA
2025-03-16 05:00:00,50.68,80.34,21.34,42.57,39.96,NA,NA,0.54,6.56,NA,NA,NA,NA,NA,NA,NA,NA,NA,NA,NA,0.00,NA,NA,NA
2025-03-16 06:00:00,57.61,104.73,36.77,39.86,51.11,NA,NA,0.72,6.05,NA,NA,NA,NA,NA,NA,NA,NA,NA,NA,NA,0.00,NA,NA,NA
2025-03-16 07:00:00,59.82,101.06,24.58,37.21,39.78,NA,NA,0.81,8.87,NA,NA,NA,NA,NA,NA,NA,NA,NA,NA,NA,0.00,NA,NA,NA
2025-03-16 08:00:00,72.29,125.51,27.70,38.78,43.15,NA,NA,0.89,13.43,NA,NA,NA,NA,NA,NA,NA,NA,NA,NA,NA,0.00,NA,NA,NA
2025-03-16 09:00:00,22.81,53.31,23.71,44.77,43.08,NA,NA,0.68,32.29,NA,NA,NA,NA,NA,NA,NA,NA,NA,NA,NA,0.00,NA,NA,NA
2025-03-16 10:00:00,42.40,90.97,17.06,43.05,36.78,NA,NA,0.65,60.47,NA,NA,NA,NA,NA,NA,NA,NA,NA,NA,NA,0.00,NA,NA,NA
2025-03-16 11:00:00,37.19,86.35,12.42,43.81,33.41,NA,NA,0.60,91.26,NA,NA,NA,NA,NA,NA,NA,NA,NA,NA,NA,0.00,NA,NA,NA
2025-03-16 12:00:00,34.53,75.39,9.09,39.94,28.64,NA,NA,0.51,111.38,NA,NA,NA,NA,NA,NA,NA,NA,NA,NA,NA,0.00,NA,NA,NA
2025-03-16 13:00:00,34.00,66.87,8.05,43.52,29.67,NA,NA,0.42,102.19,NA,NA,NA,NA,NA,NA,NA,NA,NA,NA,NA,0.00,NA,NA,NA
2025-03-16 14:00:00,20.62,42.69,7.28,47.68,31.30,NA,NA,0.34,93.92,NA,NA,NA,NA,NA,NA,NA,NA,NA,NA,NA,0.00,NA,NA,NA
2025-03-16 15:00:00,15.25,47.74,5.78,42.44,27.28,NA,NA,0.30,92.87,NA,NA,NA,NA,NA,NA,NA,NA,NA,NA,NA,0.00,NA,NA,NA
2025-03-16 16:00:00,11.23,42.51,6.06,48.40,30.67,NA,NA,0.33,74.51,NA,NA,NA,NA,NA,NA,NA,NA,NA,NA,NA,0.00,NA,NA,NA
2025-03-16 17:00:00,16.87,47.34,6.36,49.55,31.53,NA,NA,0.29,67.12,NA,NA,NA,NA,NA,NA,NA,NA,NA,NA,NA,0.00,NA,NA,NA
2025-03-16 18:00:00,19.69,47.77,6.72,52.71,33.50,NA,NA,0.36,50.55,NA,NA,NA,NA,NA,NA,NA,NA,NA,NA,NA,0.00,NA,NA,NA
2025-03-16 19:00:00,19.19,44.31,8.10,54.89,35.77,NA,NA,0.46,38.01,NA,NA,NA,NA,NA,NA,NA,NA,NA,NA,NA,0.00,NA,NA,NA
2025-03-16 20:00:00,26.62,83.48,10.08,57.42,38.74,NA,NA,0.76,27.72,NA,NA,NA,NA,NA,NA,NA,NA,NA,NA,NA,0.00,NA,NA,NA
2025-03-16 21:00:00,31.35,83.32,11.41,57.05,39.62,NA,NA,0.86,29.15,NA,NA,NA,NA,NA,NA,NA,NA,NA,NA,NA,0.00,NA,NA,NA
2025-03-16 22:00:00,30.22,82.57,9.14,49.45,33.73,NA,NA,0.70,39.22,NA,NA,NA,NA,NA,NA,NA,NA,NA,NA,NA,0.00,NA,NA,NA
2025-03-16 23:00:00,29.83,73.81,9.14,49.80,33.92,NA,NA,0.59,34.15,NA,NA,NA,NA,NA,NA,NA,NA,NA,NA,NA,0.00,NA,NA,NA
2025-03-17 00:00:00,30.38,69.65,10.31,51.08,35.56,NA,NA,0.57,32.55,NA,NA,NA,NA,NA,NA,NA,NA,NA,NA,NA,0.00,NA,NA,NA
2025-03-17 01:00:00,33.03,71.51,11.56,53.61,37.92,NA,NA,0.55,23.27,NA,NA,NA,NA,NA,NA,NA,NA,NA,NA,NA,0.00,NA,NA,NA
2025-03-17 02:00:00,37.36,80.52,10.51,49.33,34.79,NA,NA,0.52,25.24,NA,NA,NA,NA,NA,NA,NA,NA,NA,NA,NA,0.00,NA,NA,NA
2025-03-17 03:00:00,36.27,72.92,10.47,45.20,32.56,NA,NA,0.49,25.49,NA,NA,NA,NA,NA,NA,NA,NA,NA,NA,NA,0.00,NA,NA,NA
2025-03-17 04:00:00,42.93,82.78,20.88,53.70,45.54,NA,NA,0.62,9.30,NA,NA,NA,NA,NA,NA,NA,NA,NA,NA,NA,0.00,NA,NA,NA
2025-03-17 05:00:00,83.92,144.09,20.54,50.05,43.29,NA,NA,0.76,11.10,NA,NA,NA,NA,NA,NA,NA,NA,NA,NA,NA,0.00,NA,NA,NA
2025-03-17 06:00:00,87.97,141.00,42.64,58.01,65.53,NA,NA,1.07,6.21,NA,NA,NA,NA,NA,NA,NA,NA,NA,NA,NA,0.00,NA,NA,NA
2025-03-17 07:00:00,74.21,130.11,25.10,46.45,45.13,NA,NA,1.05,14.12,NA,NA,NA,NA,NA,NA,NA,NA,NA,NA,NA,0.00,NA,NA,NA
2025-03-17 08:00:00,62.97,104.11,24.51,43.63,43.14,NA,NA,0.94,21.17,NA,NA,NA,NA,NA,NA,NA,NA,NA,NA,NA,0.00,NA,NA,NA
2025-03-17 09:00:00,58.18,107.50,17.02,42.37,36.38,NA,NA,0.85,42.55,NA,NA,NA,NA,NA,NA,NA,NA,NA,NA,NA,0.00,NA,NA,NA
2025-03-17 10:00:00,40.21,92.62,13.10,46.47,35.37,NA,NA,0.76,72.73,NA,NA,NA,NA,NA,NA,NA,NA,NA,NA,NA,0.00,NA,NA,NA
2025-03-17 11:00:00,32.53,73.18,10.31,47.57,33.67,NA,NA,0.59,89.35,NA,NA,NA,NA,NA,NA,NA,NA,NA,NA,NA,0.00,NA,NA,NA
2025-03-17 12:00:00,41.82,79.85,7.84,43.39,29.47,NA,NA,0.52,98.21,NA,NA,NA,NA,NA,NA,NA,NA,NA,NA,NA,0.00,NA,NA,NA
2025-03-17 13:00:00,51.32,77.22,6.44,42.77,27.99,NA,NA,0.46,99.83,NA,NA,NA,NA,NA,NA,NA,NA,NA,NA,NA,0.00,NA,NA,NA
2025-03-17 14:00:00,46.13,76.46,5.40,43.27,27.40,NA,NA,0.41,108.73,NA,NA,NA,NA,NA,NA,NA,NA,NA,NA,NA,0.00,NA,NA,NA
2025-03-17 15:00:00,38.69,81.61,5.53,49.59,30.87,NA,NA,0.42,101.05,NA,NA,NA,NA,NA,NA,NA,NA,NA,NA,NA,0.00,NA,NA,NA
2025-03-17 16:00:00,33.59,78.88,4.81,44.46,27.55,NA,NA,0.39,96.85,NA,NA,NA,NA,NA,NA,NA,NA,NA,NA,NA,0.00,NA,NA,NA
2025-03-17 17:00:00,35.86,81.54,5.53,51.64,31.97,NA,NA,0.43,81.31,NA,NA,NA,NA,NA,NA,NA,NA,NA,NA,NA,0.00,NA,NA,NA
2025-03-17 18:00:00,36.40,74.27,6.73,52.43,33.37,NA,NA,0.47,62.56,NA,NA,NA,NA,NA,NA,NA,NA,NA,NA,NA,0.00,NA,NA,NA
2025-03-17 19:00:00,32.00,78.67,7.88,58.53,37.52,NA,NA,0.59,41.19,NA,NA,NA,NA,NA,NA,NA,NA,NA,NA,NA,0.00,NA,NA,NA
2025-03-17 20:00:00,38.42,91.71,10.30,66.62,43.80,NA,NA,0.76,23.66,NA,NA,NA,NA,NA,NA,NA,NA,NA,NA,NA,0.00,NA,NA,NA
2025-03-17 21:00:00,41.65,105.55,16.37,70.81,50.99,NA,NA,0.92,13.82,NA,NA,NA,NA,NA,NA,NA,NA,NA,NA,NA,0.00,NA,NA,NA
2025-03-17 22:00:00,42.36,113.15,18.19,68.47,51.20,NA,NA,1.08,13.30,NA,NA,NA,NA,NA,NA,NA,NA,NA,NA,NA,0.00,NA,NA,NA
2025-03-17 23:00:00,40.12,97.21,13.84,65.20,45.93,NA,NA,0.92,16.62,NA,NA,NA,NA,NA,NA,NA,NA,NA,NA,NA,0.00,NA,NA,NA
2025-03-18 00:00:00,39.30,95.16,23.94,67.29,55.28,NA,NA,0.92,10.28,NA,NA,NA,NA,NA,NA,NA,NA,NA,NA,NA,0.00,NA,NA,NA
2025-03-18 01:00:00,51.51,110.25,42.39,69.63,71.54,NA,NA,1.25,6.19,NA,NA,NA,NA,NA,NA,NA,NA,NA,NA,NA,0.00,NA,NA,NA
2025-03-18 02:00:00,64.44,148.35,43.62,65.64,70.32,NA,NA,1.40,7.29,NA,NA,NA,NA,NA,NA,NA,NA,NA,NA,NA,0.00,NA,NA,NA
2025-03-18 03:00:00,90.46,144.50,27.37,63.73,56.16,NA,NA,1.07,9.78,NA,NA,NA,NA,NA,NA,NA,NA,NA,NA,NA,0.00,NA,NA,NA
2025-03-18 04:00:00,82.86,123.60,27.90,66.53,58.07,NA,NA,0.95,7.99,NA,NA,NA,NA,NA,NA,NA,NA,NA,NA,NA,0.00,NA,NA,NA
2025-03-18 05:00:00,65.05,108.19,24.51,67.47,55.83,NA,NA,0.95,12.02,NA,NA,NA,NA,NA,NA,NA,NA,NA,NA,NA,0.00,NA,NA,NA
2025-03-18 06:00:00,71.06,118.01,25.54,66.59,56.20,NA,NA,0.85,9.78,NA,NA,NA,NA,NA,NA,NA,NA,NA,NA,NA,0.00,NA,NA,NA
2025-03-18 07:00:00,81.50,128.11,42.36,63.21,68.06,NA,NA,1.09,9.34,NA,NA,NA,NA,NA,NA,NA,NA,NA,NA,NA,0.00,NA,NA,NA
2025-03-18 08:00:00,79.01,142.48,24.83,52.30,48.01,NA,NA,1.03,31.85,NA,NA,NA,NA,NA,NA,NA,NA,NA,NA,NA,0.00,NA,NA,NA
2025-03-18 09:00:00,88.70,138.48,19.54,52.47,43.78,NA,NA,0.97,50.73,NA,NA,NA,NA,NA,NA,NA,NA,NA,NA,NA,0.00,NA,NA,NA
2025-03-18 10:00:00,81.73,136.68,14.15,48.43,37.26,NA,NA,0.92,83.01,NA,NA,NA,NA,NA,NA,NA,NA,NA,NA,NA,0.00,NA,NA,NA
2025-03-18 11:00:00,45.15,97.18,10.45,50.46,35.34,NA,NA,0.69,102.39,NA,NA,NA,NA,NA,NA,NA,NA,NA,NA,NA,0.00,NA,NA,NA
2025-03-18 12:00:00,36.88,88.50,8.15,45.62,30.89,NA,NA,0.49,102.56,NA,NA,NA,NA,NA,NA,NA,NA,NA,NA,NA,0.00,NA,NA,NA
2025-03-18 13:00:00,32.07,157.08,6.98,43.14,28.62,NA,NA,0.41,97.78,NA,NA,NA,NA,NA,NA,NA,NA,NA,NA,NA,0.00,NA,NA,NA
2025-03-18 14:00:00,20.22,75.91,6.42,48.03,30.76,NA,NA,0.39,90.48,NA,NA,NA,NA,NA,NA,NA,NA,NA,NA,NA,0.00,NA,NA,NA
2025-03-18 15:00:00,21.32,61.66,7.20,46.71,30.70,NA,NA,0.37,84.43,NA,NA,NA,NA,NA,NA,NA,NA,NA,NA,NA,0.00,NA,NA,NA
2025-03-18 16:00:00,16.21,58.29,6.16,48.86,31.00,NA,NA,0.38,74.79,NA,NA,NA,NA,NA,NA,NA,NA,NA,NA,NA,0.00,NA,NA,NA
2025-03-18 17:00:00,18.98,54.91,5.60,50.12,31.21,NA,NA,0.33,67.68,NA,NA,NA,NA,NA,NA,NA,NA,NA,NA,NA,0.00,NA,NA,NA
2025-03-18 18:00:00,26.77,68.02,6.31,57.20,35.55,NA,NA,0.40,47.43,NA,NA,NA,NA,NA,NA,NA,NA,NA,NA,NA,0.00,NA,NA,NA
2025-03-18 19:00:00,24.97,77.83,5.69,52.84,32.73,NA,NA,0.47,42.19,NA,NA,NA,NA,NA,NA,NA,NA,NA,NA,NA,0.00,NA,NA,NA
2025-03-18 20:00:00,54.20,91.65,8.39,57.77,37.56,NA,NA,0.66,24.18,NA,NA,NA,NA,NA,NA,NA,NA,NA,NA,NA,0.00,NA,NA,NA
2025-03-18 21:00:00,61.42,117.83,22.16,72.17,56.41,NA,NA,1.11,7.15,NA,NA,NA,NA,NA,NA,NA,NA,NA,NA,NA,0.00,NA,NA,NA
2025-03-18 22:00:00,48.59,122.48,22.70,73.63,57.62,NA,NA,1.28,7.05,NA,NA,NA,NA,NA,NA,NA,NA,NA,NA,NA,0.00,NA,NA,NA
2025-03-18 23:00:00,60.31,139.10,26.20,74.78,61.07,NA,NA,1.38,6.36,NA,NA,NA,NA,NA,NA,NA,NA,NA,NA,NA,0.00,NA,NA,NA
2025-03-19 00:00:00,65.07,159.20,41.21,74.15,73.00,NA,NA,1.34,5.78,NA,NA,NA,NA,NA,NA,NA,NA,NA,NA,NA,0.00,NA,NA,NA
2025-03-19 01:00:00,125.24,244.55,45.45,70.58,74.48,NA,NA,1.78,6.22,NA,NA,NA,NA,NA,NA,NA,NA,NA,NA,NA,0.00,NA,NA,NA
2025-03-19 02:00:00,172.59,307.93,42.22,66.13,69.49,NA,NA,1.75,5.59,NA,NA,NA,NA,NA,NA,NA,NA,NA,NA,NA,0.00,NA,NA,NA
2025-03-19 03:00:00,145.89,243.96,34.42,66.46,63.32,NA,NA,1.47,5.93,NA,NA,NA,NA,NA,NA,NA,NA,NA,NA,NA,0.00,NA,NA,NA
2025-03-19 04:00:00,163.83,231.08,37.55,64.64,64.90,NA,NA,1.37,5.97,NA,NA,NA,NA,NA,NA,NA,NA,NA,NA,NA,0.00,NA,NA,NA
2025-03-19 05:00:00,149.97,189.17,52.12,65.68,77.34,NA,NA,1.33,5.76,NA,NA,NA,NA,NA,NA,NA,NA,NA,NA,NA,0.00,NA,NA,NA
2025-03-19 06:00:00,125.88,209.87,68.09,65.43,90.17,NA,NA,1.42,6.20,NA,NA,NA,NA,NA,NA,NA,NA,NA,NA,NA,0.00,NA,NA,NA
2025-03-19 07:00:00,97.01,187.31,72.57,66.56,94.38,NA,NA,1.81,6.51,NA,NA,NA,NA,NA,NA,NA,NA,NA,NA,NA,0.00,NA,NA,NA
2025-03-19 08:00:00,64.26,141.62,43.92,72.15,74.06,NA,NA,1.49,20.67,NA,NA,NA,NA,NA,NA,NA,NA,NA,NA,NA,0.00,NA,NA,NA
2025-03-19 09:00:00,64.29,135.96,28.33,65.13,57.67,NA,NA,1.19,49.90,NA,NA,NA,NA,NA,NA,NA,NA,NA,NA,NA,0.00,NA,NA,NA
2025-03-19 10:00:00,60.57,99.00,18.78,59.20,46.75,NA,NA,0.90,85.55,NA,NA,NA,NA,NA,NA,NA,NA,NA,NA,NA,0.00,NA,NA,NA
2025-03-19 11:00:00,45.50,92.90,13.38,53.41,39.28,NA,NA,0.70,110.62,NA,NA,NA,NA,NA,NA,NA,NA,NA,NA,NA,0.00,NA,NA,NA
2025-03-19 12:00:00,43.30,97.60,10.23,49.77,34.79,NA,NA,0.60,107.31,NA,NA,NA,NA,NA,NA,NA,NA,NA,NA,NA,0.00,NA,NA,NA
2025-03-19 13:00:00,45.88,63.86,8.41,47.59,32.15,NA,NA,0.52,110.05,NA,NA,NA,NA,NA,NA,NA,NA,NA,NA,NA,0.00,NA,NA,NA
2025-03-19 14:00:00,25.95,60.79,6.26,51.70,32.58,NA,NA,0.45,109.55,NA,NA,NA,NA,NA,NA,NA,NA,NA,NA,NA,0.00,NA,NA,NA
2025-03-19 15:00:00,16.79,75.10,6.07,52.66,32.94,NA,NA,0.43,91.97,NA,NA,NA,NA,NA,NA,NA,NA,NA,NA,NA,0.00,NA,NA,NA
2025-03-19 16:00:00,13.84,51.03,6.50,50.33,32.08,NA,NA,0.35,77.94,NA,NA,NA,NA,NA,NA,NA,NA,NA,NA,NA,0.00,NA,NA,NA
2025-03-19 17:00:00,26.64,63.79,6.76,58.27,36.49,NA,NA,0.38,60.50,NA,NA,NA,NA,NA,NA,NA,NA,NA,NA,NA,0.00,NA,NA,NA
2025-03-19 18:00:00,34.46,87.69,7.60,65.18,40.85,NA,NA,0.52,41.62,NA,NA,NA,NA,NA,NA,NA,NA,NA,NA,NA,0.00,NA,NA,NA
2025-03-19 19:00:00,46.91,109.26,20.72,77.38,58.02,NA,NA,0.87,15.29,NA,NA,NA,NA,NA,NA,NA,NA,NA,NA,NA,0.00,NA,NA,NA
2025-03-19 20:00:00,49.29,152.87,16.81,78.34,55.34,NA,NA,1.42,12.27,NA,NA,NA,NA,NA,NA,NA,NA,NA,NA,NA,0.00,NA,NA,NA
2025-03-19 21:00:00,49.25,143.68,32.25,78.06,67.82,NA,NA,1.61,8.46,NA,NA,NA,NA,NA,NA,NA,NA,NA,NA,NA,0.00,NA,NA,NA
2025-03-19 22:00:00,72.87,230.30,146.38,77.82,160.49,NA,NA,3.16,5.92,NA,NA,NA,NA,NA,NA,NA,NA,NA,NA,NA,0.00,NA,NA,NA
2025-03-19 23:00:00,61.81,314.48,188.28,79.55,195.44,NA,NA,3.69,5.84,NA,NA,NA,NA,NA,NA,NA,NA,NA,NA,NA,0.00,NA,NA,NA
2025-03-20 00:00:00,79.36,291.66,148.80,82.48,164.72,NA,NA,3.48,5.65,NA,NA,NA,NA,NA,NA,NA,NA,NA,NA,NA,0.00,NA,NA,NA
2025-03-20 01:00:00,79.83,203.90,94.32,77.33,117.82,NA,NA,2.73,6.06,NA,NA,NA,NA,NA,NA,NA,NA,NA,NA,NA,0.00,NA,NA,NA
2025-03-20 02:00:00,86.95,183.72,90.78,75.72,114.05,NA,NA,2.57,5.90,NA,NA,NA,NA,NA,NA,NA,NA,NA,NA,NA,0.00,NA,NA,NA
2025-03-20 03:00:00,60.24,147.29,71.09,77.60,99.11,NA,NA,1.74,5.27,NA,NA,NA,NA,NA,NA,NA,NA,NA,NA,NA,0.00,NA,NA,NA
2025-03-20 04:00:00,58.86,137.92,132.11,75.46,147.60,NA,NA,1.83,5.50,NA,NA,NA,NA,NA,NA,NA,NA,NA,NA,NA,0.00,NA,NA,NA
2025-03-20 05:00:00,71.10,206.27,223.66,78.70,223.89,NA,NA,2.66,5.90,NA,NA,NA,NA,NA,NA,NA,NA,NA,NA,NA,0.00,NA,NA,NA
2025-03-20 06:00:00,100.75,353.28,282.07,70.91,267.03,NA,NA,3.99,6.11,NA,NA,NA,NA,NA,NA,NA,NA,NA,NA,NA,0.00,NA,NA,NA
2025-03-20 07:00:00,107.44,447.14,256.96,64.58,243.03,NA,NA,4.56,6.04,NA,NA,NA,NA,NA,NA,NA,NA,NA,NA,NA,0.00,NA,NA,NA
2025-03-20 08:00:00,127.29,266.29,104.03,78.55,126.35,NA,NA,2.19,11.54,NA,NA,NA,NA,NA,NA,NA,NA,NA,NA,NA,0.00,NA,NA,NA
2025-03-20 09:00:00,129.85,289.20,83.49,90.84,116.18,NA,NA,1.91,30.91,NA,NA,NA,NA,NA,NA,NA,NA,NA,NA,NA,0.00,NA,NA,NA
2025-03-20 10:00:00,129.31,301.92,59.44,88.60,95.37,NA,NA,1.77,72.82,NA,NA,NA,NA,NA,NA,NA,NA,NA,NA,NA,0.00,NA,NA,NA
2025-03-20 11:00:00,72.37,226.68,45.48,21.91,45.41,NA,NA,1.21,111.54,NA,NA,NA,NA,NA,NA,NA,NA,NA,NA,NA,0.00,NA,NA,NA
2025-03-20 12:00:00,84.28,192.94,4.75,51.34,31.21,NA,NA,0.78,107.74,NA,NA,NA,NA,NA,NA,NA,NA,NA,NA,NA,0.00,NA,NA,NA
2025-03-20 13:00:00,81.88,134.98,6.32,63.71,39.04,NA,NA,0.58,94.97,NA,NA,NA,NA,NA,NA,NA,NA,NA,NA,NA,0.00,NA,NA,NA
2025-03-20 14:00:00,45.16,98.33,5.69,61.86,37.52,NA,NA,0.18,75.08,NA,NA,NA,NA,NA,NA,NA,NA,NA,NA,NA,0.00,NA,NA,NA
2025-03-20 15:00:00,24.42,81.05,5.07,53.64,32.66,NA,NA,0.08,68.19,NA,NA,NA,NA,NA,NA,NA,NA,NA,NA,NA,0.00,NA,NA,NA
2025-03-20 16:00:00,21.98,108.62,6.11,61.12,37.48,NA,NA,0.19,56.30,NA,NA,NA,NA,NA,NA,NA,NA,NA,NA,NA,0.00,NA,NA,NA
2025-03-20 17:00:00,17.44,288.62,6.79,59.68,37.25,NA,NA,0.28,48.65,NA,NA,NA,NA,NA,NA,NA,NA,NA,NA,NA,0.00,NA,NA,NA
2025-03-20 18:00:00,28.00,685.84,8.24,65.49,41.54,NA,NA,0.39,31.51,NA,NA,NA,NA,NA,NA,NA,NA,NA,NA,NA,0.00,NA,NA,NA
2025-03-20 19:00:00,37.93,473.15,17.88,75.79,54.84,NA,NA,0.57,13.54,NA,NA,NA,NA,NA,NA,NA,NA,NA,NA,NA,0.00,NA,NA,NA
2025-03-20 20:00:00,34.45,219.44,15.61,74.59,52.36,NA,NA,0.72,10.55,NA,NA,NA,NA,NA,NA,NA,NA,NA,NA,NA,0.00,NA,NA,NA
2025-03-20 21:00:00,67.29,164.90,37.51,82.71,74.47,NA,NA,0.93,6.21,NA,NA,NA,NA,NA,NA,NA,NA,NA,NA,NA,0.00,NA,NA,NA
2025-03-20 22:00:00,52.63,161.98,21.77,81.25,60.94,NA,NA,0.91,7.80,NA,NA,NA,NA,NA,NA,NA,NA,NA,NA,NA,0.00,NA,NA,NA
2025-03-20 23:00:00,44.38,129.36,19.63,78.93,57.96,NA,NA,0.74,13.06,NA,NA,NA,NA,NA,NA,NA,NA,NA,NA,NA,0.00,NA,NA,NA
2025-03-21 00:00:00,44.20,127.56,32.36,79.44,68.52,NA,NA,0.86,9.10,NA,NA,NA,NA,NA,NA,NA,NA,NA,NA,NA,0.00,NA,NA,NA
2025-03-21 01:00:00,95.36,170.63,29.29,72.27,62.29,NA,NA,0.96,6.67,NA,NA,NA,NA,NA,NA,NA,NA,NA,NA,NA,0.00,NA,NA,NA
2025-03-21 02:00:00,347.38,204.01,24.10,70.76,57.25,NA,NA,0.89,8.28,NA,NA,NA,NA,NA,NA,NA,NA,NA,NA,NA,0.00,NA,NA,NA
2025-03-21 03:00:00,644.90,235.54,24.60,69.10,56.73,NA,NA,0.95,6.76,NA,NA,NA,NA,NA,NA,NA,NA,NA,NA,NA,0.00,NA,NA,NA
2025-03-21 04:00:00,116.43,195.13,25.58,63.58,54.63,NA,NA,0.92,9.02,NA,NA,NA,NA,NA,NA,NA,NA,NA,NA,NA,0.00,NA,NA,NA
2025-03-21 05:00:00,85.79,152.58,24.19,59.99,51.57,NA,NA,0.90,9.92,NA,NA,NA,NA,NA,NA,NA,NA,NA,NA,NA,0.00,NA,NA,NA
2025-03-21 06:00:00,90.32,162.44,21.85,56.72,47.96,NA,NA,0.95,10.52,NA,NA,NA,NA,NA,NA,NA,NA,NA,NA,NA,0.00,NA,NA,NA
2025-03-21 07:00:00,87.53,164.77,22.20,54.83,47.21,NA,NA,0.98,12.64,NA,NA,NA,NA,NA,NA,NA,NA,NA,NA,NA,0.00,NA,NA,NA
2025-03-21 08:00:00,71.48,160.77,21.20,50.15,43.92,NA,NA,1.01,25.11,NA,NA,NA,NA,NA,NA,NA,NA,NA,NA,NA,0.00,NA,NA,NA
2025-03-21 09:00:00,52.84,127.52,16.84,51.94,41.32,NA,NA,0.96,40.94,NA,NA,NA,NA,NA,NA,NA,NA,NA,NA,NA,0.00,NA,NA,NA
2025-03-21 10:00:00,56.60,139.16,14.15,58.82,42.78,NA,NA,0.90,60.79,NA,NA,NA,NA,NA,NA,NA,NA,NA,NA,NA,0.00,NA,NA,NA
2025-03-21 11:00:00,47.61,137.90,10.21,54.43,37.27,NA,NA,0.80,75.79,NA,NA,NA,NA,NA,NA,NA,NA,NA,NA,NA,0.00,NA,NA,NA
2025-03-21 12:00:00,33.06,91.64,8.99,52.50,35.23,NA,NA,0.69,71.57,NA,NA,NA,NA,NA,NA,NA,NA,NA,NA,NA,0.00,NA,NA,NA
2025-03-21 13:00:00,38.75,113.78,8.06,48.79,32.51,NA,NA,0.64,71.26,NA,NA,NA,NA,NA,NA,NA,NA,NA,NA,NA,0.00,NA,NA,NA
2025-03-21 14:00:00,27.44,98.32,7.14,48.51,31.60,NA,NA,0.61,67.39,NA,NA,NA,NA,NA,NA,NA,NA,NA,NA,NA,0.00,NA,NA,NA
2025-03-21 15:00:00,20.80,84.58,7.70,51.81,33.82,NA,NA,0.52,62.17,NA,NA,NA,NA,NA,NA,NA,NA,NA,NA,NA,0.00,NA,NA,NA
2025-03-21 16:00:00,38.50,84.64,6.92,52.16,33.38,NA,NA,0.55,62.61,NA,NA,NA,NA,NA,NA,NA,NA,NA,NA,NA,0.00,NA,NA,NA
2025-03-21 17:00:00,36.01,84.23,8.87,61.84,40.10,NA,NA,0.55,45.55,NA,NA,NA,NA,NA,NA,NA,NA,NA,NA,NA,0.00,NA,NA,NA
2025-03-21 18:00:00,21.99,88.43,8.79,63.52,40.92,NA,NA,0.55,40.84,NA,NA,NA,NA,NA,NA,NA,NA,NA,NA,NA,0.00,NA,NA,NA
2025-03-21 19:00:00,20.68,93.79,15.86,78.66,54.71,NA,NA,0.64,17.31,NA,NA,NA,NA,NA,NA,NA,NA,NA,NA,NA,0.00,NA,NA,NA
2025-03-21 20:00:00,39.66,124.56,22.63,86.90,64.61,NA,NA,0.88,7.38,NA,NA,NA,NA,NA,NA,NA,NA,NA,NA,NA,0.00,NA,NA,NA
2025-03-21 21:00:00,57.31,149.82,26.77,87.76,68.43,NA,NA,1.02,6.85,NA,NA,NA,NA,NA,NA,NA,NA,NA,NA,NA,0.00,NA,NA,NA
2025-03-21 22:00:00,62.89,156.83,30.88,83.12,69.36,NA,NA,1.12,9.57,NA,NA,NA,NA,NA,NA,NA,NA,NA,NA,NA,0.00,NA,NA,NA
2025-03-21 23:00:00,57.95,142.02,15.19,73.19,51.28,NA,NA,0.97,18.21,NA,NA,NA,NA,NA,NA,NA,NA,NA,NA,NA,0.00,NA,NA,NA
2025-03-22 00:00:00,64.38,140.91,25.53,77.91,62.14,NA,NA,0.99,11.12,NA,NA,NA,NA,NA,NA,NA,NA,NA,NA,NA,0.00,NA,NA,NA
2025-03-22 01:00:00,79.93,192.82,72.67,81.60,102.46,NA,NA,1.31,5.72,NA,NA,NA,NA,NA,NA,NA,NA,NA,NA,NA,0.00,NA,NA,NA
2025-03-22 02:00:00,129.77,220.69,65.79,76.01,93.94,NA,NA,1.28,5.99,NA,NA,NA,NA,NA,NA,NA,NA,NA,NA,NA,0.00,NA,NA,NA
2025-03-22 03:00:00,108.11,242.76,60.82,74.22,88.94,NA,NA,1.23,5.43,NA,NA,NA,NA,NA,NA,NA,NA,NA,NA,NA,0.00,NA,NA,NA
2025-03-22 04:00:00,99.07,226.99,54.37,73.28,83.18,NA,NA,1.12,6.04,NA,NA,NA,NA,NA,NA,NA,NA,NA,NA,NA,0.00,NA,NA,NA
2025-03-22 05:00:00,65.27,150.88,63.65,79.67,94.10,NA,NA,1.32,5.82,NA,NA,NA,NA,NA,NA,NA,NA,NA,NA,NA,0.00,NA,NA,NA
2025-03-22 06:00:00,86.88,156.26,59.91,77.59,90.01,NA,NA,1.25,6.36,NA,NA,NA,NA,NA,NA,NA,NA,NA,NA,NA,0.00,NA,NA,NA
2025-03-22 07:00:00,61.41,139.86,43.36,70.29,72.62,NA,NA,1.23,9.80,NA,NA,NA,NA,NA,NA,NA,NA,NA,NA,NA,0.00,NA,NA,NA
2025-03-22 08:00:00,57.95,127.88,43.23,71.91,73.42,NA,NA,1.23,21.71,NA,NA,NA,NA,NA,NA,NA,NA,NA,NA,NA,0.00,NA,NA,NA
2025-03-22 09:00:00,48.03,113.83,30.63,70.57,62.46,NA,NA,1.10,37.70,NA,NA,NA,NA,NA,NA,NA,NA,NA,NA,NA,0.00,NA,NA,NA
2025-03-22 10:00:00,40.18,109.24,25.64,69.54,57.84,NA,NA,1.02,51.04,NA,NA,NA,NA,NA,NA,NA,NA,NA,NA,NA,0.00,NA,NA,NA
2025-03-22 11:00:00,44.35,102.37,16.65,56.54,43.62,NA,NA,0.87,81.03,NA,NA,NA,NA,NA,NA,NA,NA,NA,NA,NA,0.00,NA,NA,NA
2025-03-22 12:00:00,48.74,88.88,11.65,55.08,38.78,NA,NA,0.80,91.30,NA,NA,NA,NA,NA,NA,NA,NA,NA,NA,NA,0.00,NA,NA,NA
2025-03-22 13:00:00,38.39,85.19,8.39,53.08,35.07,NA,NA,0.76,94.12,NA,NA,NA,NA,NA,NA,NA,NA,NA,NA,NA,0.00,NA,NA,NA
2025-03-22 14:00:00,35.78,81.22,6.83,54.27,34.42,NA,NA,0.69,94.78,NA,NA,NA,NA,NA,NA,NA,NA,NA,NA,NA,0.00,NA,NA,NA
2025-03-22 15:00:00,40.04,88.94,5.89,56.54,34.86,NA,NA,0.65,85.76,NA,NA,NA,NA,NA,NA,NA,NA,NA,NA,NA,0.00,NA,NA,NA
2025-03-22 16:00:00,27.53,90.85,6.25,55.62,34.66,NA,NA,0.59,82.35,NA,NA,NA,NA,NA,NA,NA,NA,NA,NA,NA,0.00,NA,NA,NA
2025-03-22 17:00:00,38.46,89.79,6.37,59.57,36.87,NA,NA,0.57,70.72,NA,NA,NA,NA,NA,NA,NA,NA,NA,NA,NA,0.00,NA,NA,NA
2025-03-22 18:00:00,20.15,87.52,6.48,64.31,39.46,NA,NA,0.59,56.45,NA,NA,NA,NA,NA,NA,NA,NA,NA,NA,NA,0.00,NA,NA,NA
2025-03-22 19:00:00,45.34,120.71,6.39,70.24,42.55,NA,NA,0.75,40.75,NA,NA,NA,NA,NA,NA,NA,NA,NA,NA,NA,0.00,NA,NA,NA
2025-03-22 20:00:00,55.02,216.88,33.01,92.57,75.94,NA,NA,1.19,9.19,NA,NA,NA,NA,NA,NA,NA,NA,NA,NA,NA,0.00,NA,NA,NA
2025-03-22 21:00:00,69.04,216.29,89.66,97.92,124.96,NA,NA,1.56,5.75,NA,NA,NA,NA,NA,NA,NA,NA,NA,NA,NA,0.00,NA,NA,NA
2025-03-22 22:00:00,101.02,300.86,207.26,93.89,218.36,NA,NA,2.54,6.08,NA,NA,NA,NA,NA,NA,NA,NA,NA,NA,NA,0.00,NA,NA,NA
2025-03-22 23:00:00,137.52,312.63,165.95,93.68,184.69,NA,NA,2.50,5.94,NA,NA,NA,NA,NA,NA,NA,NA,NA,NA,NA,0.00,NA,NA,NA
2025-03-23 00:00:00,118.69,327.60,140.87,87.77,161.43,NA,NA,2.41,5.41,NA,NA,NA,NA,NA,NA,NA,NA,NA,NA,NA,0.00,NA,NA,NA
2025-03-23 01:00:00,95.75,209.78,72.94,78.54,101.07,NA,NA,1.52,5.30,NA,NA,NA,NA,NA,NA,NA,NA,NA,NA,NA,0.00,NA,NA,NA
2025-03-23 02:00:00,142.53,168.03,81.53,76.51,106.97,NA,NA,1.58,5.89,NA,NA,NA,NA,NA,NA,NA,NA,NA,NA,NA,0.00,NA,NA,NA
2025-03-23 03:00:00,226.31,268.04,111.05,77.69,131.58,NA,NA,1.72,5.60,NA,NA,NA,NA,NA,NA,NA,NA,NA,NA,NA,0.00,NA,NA,NA
2025-03-23 04:00:00,111.24,219.05,86.00,75.26,110.00,NA,NA,1.50,5.45,NA,NA,NA,NA,NA,NA,NA,NA,NA,NA,NA,0.00,NA,NA,NA
2025-03-23 05:00:00,97.10,284.45,91.50,73.70,113.59,NA,NA,1.50,5.46,NA,NA,NA,NA,NA,NA,NA,NA,NA,NA,NA,0.00,NA,NA,NA
2025-03-23 06:00:00,103.41,385.58,88.41,75.00,111.80,NA,NA,1.42,5.42,NA,NA,NA,NA,NA,NA,NA,NA,NA,NA,NA,0.00,NA,NA,NA
2025-03-23 07:00:00,77.74,166.36,76.37,80.05,104.68,NA,NA,1.38,7.76,NA,NA,NA,NA,NA,NA,NA,NA,NA,NA,NA,0.00,NA,NA,NA
2025-03-23 08:00:00,80.12,179.81,61.06,84.59,94.61,NA,NA,1.37,18.55,NA,NA,NA,NA,NA,NA,NA,NA,NA,NA,NA,0.00,NA,NA,NA
2025-03-23 09:00:00,85.49,219.17,40.77,84.54,78.15,NA,NA,1.32,55.75,NA,NA,NA,NA,NA,NA,NA,NA,NA,NA,NA,0.00,NA,NA,NA
2025-03-23 10:00:00,79.48,166.20,27.88,74.18,62.15,NA,NA,1.16,89.01,NA,NA,NA,NA,NA,NA,NA,NA,NA,NA,NA,0.00,NA,NA,NA
2025-03-23 11:00:00,54.96,131.44,20.57,70.25,54.10,NA,NA,1.05,112.80,NA,NA,NA,NA,NA,NA,NA,NA,NA,NA,NA,0.00,NA,NA,NA
2025-03-23 12:00:00,58.25,133.96,13.88,59.96,43.19,NA,NA,0.92,131.12,NA,NA,NA,NA,NA,NA,NA,NA,NA,NA,NA,0.00,NA,NA,NA
2025-03-23 13:00:00,48.91,112.77,9.53,66.64,43.21,NA,NA,0.90,142.39,NA,NA,NA,NA,NA,NA,NA,NA,NA,NA,NA,0.00,NA,NA,NA
2025-03-23 14:00:00,32.08,98.84,6.80,62.67,38.86,NA,NA,0.81,139.08,NA,NA,NA,NA,NA,NA,NA,NA,NA,NA,NA,0.00,NA,NA,NA
2025-03-23 15:00:00,43.47,108.71,5.56,68.40,40.90,NA,NA,0.77,119.51,NA,NA,NA,NA,NA,NA,NA,NA,NA,NA,NA,0.00,NA,NA,NA
2025-03-23 16:00:00,29.99,88.59,4.97,61.50,36.76,NA,NA,0.69,105.57,NA,NA,NA,NA,NA,NA,NA,NA,NA,NA,NA,0.00,NA,NA,NA
2025-03-23 17:00:00,23.21,61.37,5.84,63.40,38.47,NA,NA,0.60,78.46,NA,NA,NA,NA,NA,NA,NA,NA,NA,NA,NA,0.00,NA,NA,NA
2025-03-23 18:00:00,46.57,62.92,5.75,74.13,44.08,NA,NA,0.70,57.03,NA,NA,NA,NA,NA,NA,NA,NA,NA,NA,NA,0.00,NA,NA,NA
2025-03-23 19:00:00,65.16,131.03,8.74,92.29,56.20,NA,NA,0.97,27.51,NA,NA,NA,NA,NA,NA,NA,NA,NA,NA,NA,0.00,NA,NA,NA
2025-03-23 20:00:00,47.56,181.90,14.24,92.69,60.84,NA,NA,1.18,17.99,NA,NA,NA,NA,NA,NA,NA,NA,NA,NA,NA,0.00,NA,NA,NA
2025-03-23 21:00:00,59.42,192.81,35.25,100.32,82.01,NA,NA,1.36,6.43,NA,NA,NA,NA,NA,NA,NA,NA,NA,NA,NA,0.00,NA,NA,NA
2025-03-23 22:00:00,94.39,188.26,62.00,100.37,103.75,NA,NA,1.51,5.80,NA,NA,NA,NA,NA,NA,NA,NA,NA,NA,NA,0.00,NA,NA,NA
2025-03-23 23:00:00,237.63,176.08,37.49,95.11,81.10,NA,NA,1.39,8.35,NA,NA,NA,NA,NA,NA,NA,NA,NA,NA,NA,0.00,NA,NA,NA
2025-03-24 00:00:00,344.39,166.99,67.26,93.14,104.18,NA,NA,1.58,5.55,NA,NA,NA,NA,NA,NA,NA,NA,NA,NA,NA,0.00,NA,NA,NA
2025-03-24 01:00:00,301.01,184.78,117.28,88.94,142.58,NA,NA,1.96,5.64,NA,NA,NA,NA,NA,NA,NA,NA,NA,NA,NA,0.00,NA,NA,NA
2025-03-24 02:00:00,635.62,257.84,148.30,87.77,167.28,NA,NA,2.23,5.86,NA,NA,NA,NA,NA,NA,NA,NA,NA,NA,NA,0.00,NA,NA,NA
2025-03-24 03:00:00,559.54,339.31,159.08,83.45,173.66,NA,NA,2.30,5.67,NA,NA,NA,NA,NA,NA,NA,NA,NA,NA,NA,0.00,NA,NA,NA
2025-03-24 04:00:00,380.75,358.88,213.97,81.04,216.98,NA,NA,2.52,6.49,NA,NA,NA,NA,NA,NA,NA,NA,NA,NA,NA,0.00,NA,NA,NA
2025-03-24 05:00:00,179.05,521.68,316.35,79.47,299.39,NA,NA,3.21,6.25,NA,NA,NA,NA,NA,NA,NA,NA,NA,NA,NA,0.00,NA,NA,NA
2025-03-24 06:00:00,148.34,562.62,287.39,83.89,278.39,NA,NA,3.07,6.04,NA,NA,NA,NA,NA,NA,NA,NA,NA,NA,NA,0.00,NA,NA,NA
2025-03-24 07:00:00,98.87,331.63,199.31,84.84,207.30,NA,NA,2.57,6.02,NA,NA,NA,NA,NA,NA,NA,NA,NA,NA,NA,0.00,NA,NA,NA
2025-03-24 08:00:00,135.73,255.00,86.61,79.92,112.98,NA,NA,1.93,35.15,NA,NA,NA,NA,NA,NA,NA,NA,NA,NA,NA,0.00,NA,NA,NA
2025-03-24 09:00:00,90.48,199.09,63.74,74.55,91.50,NA,NA,1.64,84.14,NA,NA,NA,NA,NA,NA,NA,NA,NA,NA,NA,0.00,NA,NA,NA
2025-03-24 10:00:00,40.99,114.47,50.19,70.25,78.18,NA,NA,1.42,104.35,NA,NA,NA,NA,NA,NA,NA,NA,NA,NA,NA,0.00,NA,NA,NA
2025-03-24 11:00:00,33.53,127.84,37.52,77.25,71.61,NA,NA,1.42,126.54,NA,NA,NA,NA,NA,NA,NA,NA,NA,NA,NA,0.00,NA,NA,NA
2025-03-24 12:00:00,33.37,120.47,28.11,71.18,60.73,NA,NA,1.28,132.56,NA,NA,NA,NA,NA,NA,NA,NA,NA,NA,NA,0.00,NA,NA,NA
2025-03-24 13:00:00,41.92,103.78,24.19,72.93,58.47,NA,NA,1.12,115.69,NA,NA,NA,NA,NA,NA,NA,NA,NA,NA,NA,0.00,NA,NA,NA
2025-03-24 14:00:00,112.00,86.40,19.01,68.20,51.74,NA,NA,0.99,109.78,NA,NA,NA,NA,NA,NA,NA,NA,NA,NA,NA,0.00,NA,NA,NA
2025-03-24 15:00:00,20.76,61.92,14.54,64.58,46.17,NA,NA,0.86,97.35,NA,NA,NA,NA,NA,NA,NA,NA,NA,NA,NA,0.00,NA,NA,NA
2025-03-24 16:00:00,16.45,58.37,11.28,65.46,44.01,NA,NA,0.86,104.14,NA,NA,NA,NA,NA,NA,NA,NA,NA,NA,NA,0.00,NA,NA,NA
2025-03-24 17:00:00,16.98,80.06,9.24,67.83,43.58,NA,NA,0.83,96.74,NA,NA,NA,NA,NA,NA,NA,NA,NA,NA,NA,0.00,NA,NA,NA
2025-03-24 18:00:00,27.62,102.93,9.49,86.13,53.52,NA,NA,0.90,64.68,NA,NA,NA,NA,NA,NA,NA,NA,NA,NA,NA,0.00,NA,NA,NA
2025-03-24 19:00:00,53.39,150.96,20.59,106.74,73.49,NA,NA,1.20,23.66,NA,NA,NA,NA,NA,NA,NA,NA,NA,NA,NA,0.00,NA,NA,NA
2025-03-24 20:00:00,54.05,178.80,29.94,115.44,85.71,NA,NA,1.46,8.21,NA,NA,NA,NA,NA,NA,NA,NA,NA,NA,NA,0.00,NA,NA,NA
2025-03-24 21:00:00,66.94,212.14,34.99,111.05,87.55,NA,NA,1.48,7.48,NA,NA,NA,NA,NA,NA,NA,NA,NA,NA,NA,0.00,NA,NA,NA
2025-03-24 22:00:00,55.89,176.87,30.93,104.29,80.63,NA,NA,1.39,12.55,NA,NA,NA,NA,NA,NA,NA,NA,NA,NA,NA,0.00,NA,NA,NA
2025-03-24 23:00:00,72.38,181.78,32.71,102.61,81.13,NA,NA,1.53,11.41,NA,NA,NA,NA,NA,NA,NA,NA,NA,NA,NA,0.00,NA,NA,NA
2025-03-25 00:00:00,99.47,306.30,113.52,109.59,150.55,NA,NA,2.20,5.74,NA,NA,NA,NA,NA,NA,NA,NA,NA,NA,NA,0.00,NA,NA,NA
2025-03-25 01:00:00,119.55,321.53,66.50,108.23,111.68,NA,NA,1.92,5.59,NA,NA,NA,NA,NA,NA,NA,NA,NA,NA,NA,0.00,NA,NA,NA
2025-03-25 02:00:00,116.86,268.98,97.17,102.80,133.56,NA,NA,2.12,5.76,NA,NA,NA,NA,NA,NA,NA,NA,NA,NA,NA,0.00,NA,NA,NA
2025-03-25 03:00:00,112.49,350.88,155.75,98.47,179.04,NA,NA,2.63,5.84,NA,NA,NA,NA,NA,NA,NA,NA,NA,NA,NA,0.00,NA,NA,NA
2025-03-25 04:00:00,109.09,346.15,114.54,89.87,140.88,NA,NA,2.30,5.63,NA,NA,NA,NA,NA,NA,NA,NA,NA,NA,NA,0.00,NA,NA,NA
2025-03-25 05:00:00,110.99,347.56,159.67,90.99,178.29,NA,NA,2.61,5.23,NA,NA,NA,NA,NA,NA,NA,NA,NA,NA,NA,0.00,NA,NA,NA
2025-03-25 06:00:00,145.33,402.46,147.61,88.34,167.02,NA,NA,2.61,5.62,NA,NA,NA,NA,NA,NA,NA,NA,NA,NA,NA,0.00,NA,NA,NA
2025-03-25 07:00:00,139.44,366.30,89.09,89.01,119.78,NA,NA,2.32,6.68,NA,NA,NA,NA,NA,NA,NA,NA,NA,NA,NA,0.00,NA,NA,NA
2025-03-25 08:00:00,126.03,312.35,53.01,84.27,87.99,NA,NA,1.93,44.71,NA,NA,NA,NA,NA,NA,NA,NA,NA,NA,NA,0.00,NA,NA,NA
2025-03-25 09:00:00,70.92,202.04,34.00,68.12,63.89,NA,NA,1.56,93.43,NA,NA,NA,NA,NA,NA,NA,NA,NA,NA,NA,0.00,NA,NA,NA
2025-03-25 10:00:00,49.11,135.92,25.40,67.33,56.46,NA,NA,1.37,113.78,NA,NA,NA,NA,NA,NA,NA,NA,NA,NA,NA,0.00,NA,NA,NA
2025-03-25 11:00:00,36.98,129.61,31.01,94.55,75.48,NA,NA,1.33,113.08,NA,NA,NA,NA,NA,NA,NA,NA,NA,NA,NA,0.00,NA,NA,NA
2025-03-25 12:00:00,26.61,123.86,13.49,86.44,56.98,NA,NA,1.14,129.25,NA,NA,NA,NA,NA,NA,NA,NA,NA,NA,NA,0.00,NA,NA,NA
2025-03-25 13:00:00,185.90,280.01,3.66,64.82,37.48,NA,NA,0.33,130.42,NA,NA,NA,NA,NA,NA,NA,NA,NA,NA,NA,0.00,NA,NA,NA
2025-03-25 14:00:00,68.42,430.85,3.84,62.82,36.53,NA,NA,1.26,115.05,NA,NA,NA,NA,NA,NA,NA,NA,NA,NA,NA,0.00,NA,NA,NA
2025-03-25 15:00:00,36.22,161.93,6.47,52.28,33.08,NA,NA,0.60,90.01,NA,NA,NA,NA,NA,NA,NA,NA,NA,NA,NA,0.00,NA,NA,NA
2025-03-25 16:00:00,40.64,136.23,6.23,58.99,36.42,NA,NA,0.28,82.29,NA,NA,NA,NA,NA,NA,NA,NA,NA,NA,NA,0.00,NA,NA,NA
2025-03-25 17:00:00,34.79,97.44,6.16,69.72,42.10,NA,NA,0.35,65.16,NA,NA,NA,NA,NA,NA,NA,NA,NA,NA,NA,0.00,NA,NA,NA
2025-03-25 18:00:00,32.99,100.22,6.72,81.29,48.66,NA,NA,0.50,41.47,NA,NA,NA,NA,NA,NA,NA,NA,NA,NA,NA,0.00,NA,NA,NA
2025-03-25 19:00:00,48.74,131.14,32.23,109.34,84.33,NA,NA,0.76,8.29,NA,NA,NA,NA,NA,NA,NA,NA,NA,NA,NA,0.00,NA,NA,NA
2025-03-25 20:00:00,49.33,172.84,56.85,117.66,108.78,NA,NA,1.01,5.80,NA,NA,NA,NA,NA,NA,NA,NA,NA,NA,NA,0.00,NA,NA,NA
2025-03-25 21:00:00,65.54,224.93,56.11,114.93,106.77,NA,NA,1.13,5.49,NA,NA,NA,NA,NA,NA,NA,NA,NA,NA,NA,0.00,NA,NA,NA
2025-03-25 22:00:00,81.31,222.18,57.56,118.59,109.85,NA,NA,1.23,5.71,NA,NA,NA,NA,NA,NA,NA,NA,NA,NA,NA,0.00,NA,NA,NA
2025-03-25 23:00:00,94.96,276.25,71.49,121.37,122.72,NA,NA,1.39,5.73,NA,NA,NA,NA,NA,NA,NA,NA,NA,NA,NA,0.00,NA,NA,NA
2025-03-26 00:00:00,88.42,268.40,66.48,121.84,118.81,NA,NA,1.30,5.91,NA,NA,NA,NA,NA,NA,NA,NA,NA,NA,NA,0.00,NA,NA,NA
2025-03-26 01:00:00,97.17,288.27,90.97,118.35,136.91,NA,NA,1.51,5.52,NA,NA,NA,NA,NA,NA,NA,NA,NA,NA,NA,0.00,NA,NA,NA
2025-03-26 02:00:00,107.15,365.37,91.35,110.98,133.28,NA,NA,1.77,5.85,NA,NA,NA,NA,NA,NA,NA,NA,NA,NA,NA,0.00,NA,NA,NA
2025-03-26 03:00:00,118.22,343.26,173.07,115.54,202.02,NA,NA,2.19,5.88,NA,NA,NA,NA,NA,NA,NA,NA,NA,NA,NA,0.00,NA,NA,NA
2025-03-26 04:00:00,120.57,462.34,219.28,113.72,238.78,NA,NA,2.39,5.71,NA,NA,NA,NA,NA,NA,NA,NA,NA,NA,NA,0.00,NA,NA,NA
2025-03-26 05:00:00,113.85,340.90,188.97,110.37,212.41,NA,NA,1.98,5.63,NA,NA,NA,NA,NA,NA,NA,NA,NA,NA,NA,0.00,NA,NA,NA
2025-03-26 06:00:00,128.21,331.23,180.69,97.10,198.47,NA,NA,2.07,5.84,NA,NA,NA,NA,NA,NA,NA,NA,NA,NA,NA,0.00,NA,NA,NA
2025-03-26 07:00:00,133.31,388.97,164.03,108.68,191.25,NA,NA,2.08,5.95,NA,NA,NA,NA,NA,NA,NA,NA,NA,NA,NA,0.00,NA,NA,NA
2025-03-26 08:00:00,149.59,393.08,99.42,152.40,161.94,NA,NA,2.00,15.48,NA,NA,NA,NA,NA,NA,NA,NA,NA,NA,NA,0.00,NA,NA,NA
2025-03-26 09:00:00,130.87,372.75,51.33,124.53,108.04,NA,NA,1.65,67.02,NA,NA,NA,NA,NA,NA,NA,NA,NA,NA,NA,0.00,NA,NA,NA
2025-03-26 10:00:00,66.26,211.93,38.71,87.55,78.09,NA,NA,1.31,93.23,NA,NA,NA,NA,NA,NA,NA,NA,NA,NA,NA,0.00,NA,NA,NA
2025-03-26 11:00:00,31.75,136.77,33.98,84.05,72.29,NA,NA,1.17,89.25,NA,NA,NA,NA,NA,NA,NA,NA,NA,NA,NA,0.00,NA,NA,NA
2025-03-26 12:00:00,47.34,157.53,27.32,85.86,67.93,NA,NA,1.14,116.58,NA,NA,NA,NA,NA,NA,NA,NA,NA,NA,NA,0.00,NA,NA,NA
2025-03-26 13:00:00,61.69,175.59,22.52,87.75,64.99,NA,NA,1.08,106.66,NA,NA,NA,NA,NA,NA,NA,NA,NA,NA,NA,0.00,NA,NA,NA
2025-03-26 14:00:00,24.83,100.07,18.90,69.67,52.44,NA,NA,0.92,87.55,NA,NA,NA,NA,NA,NA,NA,NA,NA,NA,NA,0.00,NA,NA,NA
2025-03-26 15:00:00,16.57,71.62,19.97,70.61,53.78,NA,NA,0.87,70.90,NA,NA,NA,NA,NA,NA,NA,NA,NA,NA,NA,0.00,NA,NA,NA
2025-03-26 16:00:00,9.42,73.81,13.63,67.08,46.79,NA,NA,0.80,77.73,NA,NA,NA,NA,NA,NA,NA,NA,NA,NA,NA,0.00,NA,NA,NA
2025-03-26 17:00:00,22.99,85.26,13.08,79.65,52.98,NA,NA,0.75,58.88,NA,NA,NA,NA,NA,NA,NA,NA,NA,NA,NA,0.00,NA,NA,NA
2025-03-26 18:00:00,31.07,97.36,39.16,112.61,91.61,NA,NA,0.92,24.76,NA,NA,NA,NA,NA,NA,NA,NA,NA,NA,NA,0.00,NA,NA,NA
2025-03-26 19:00:00,39.17,140.18,91.54,128.17,142.61,NA,NA,1.21,5.55,NA,NA,NA,NA,NA,NA,NA,NA,NA,NA,NA,0.00,NA,NA,NA
2025-03-26 20:00:00,NA,177.44,100.40,120.59,145.68,NA,NA,1.29,5.42,NA,NA,NA,NA,NA,NA,NA,NA,NA,NA,NA,0.00,NA,NA,NA
2025-03-26 21:00:00,NA,227.43,99.55,118.47,144.05,NA,NA,1.67,5.59,NA,NA,NA,NA,NA,NA,NA,NA,NA,NA,NA,0.00,NA,NA,NA
2025-03-26 22:00:00,16.28,264.68,125.99,115.78,163.97,NA,NA,2.07,5.96,NA,NA,NA,NA,NA,NA,NA,NA,NA,NA,NA,0.00,NA,NA,NA
2025-03-26 23:00:00,12.22,329.58,206.99,114.30,228.94,NA,NA,2.64,6.06,NA,NA,NA,NA,NA,NA,NA,NA,NA,NA,NA,0.00,NA,NA,NA
2025-03-27 00:00:00,28.79,398.88,204.38,113.85,226.85,NA,NA,2.68,5.85,NA,NA,NA,NA,NA,NA,NA,NA,NA,NA,NA,0.00,NA,NA,NA
2025-03-27 01:00:00,24.24,356.28,114.48,102.09,147.41,NA,NA,2.14,5.32,NA,NA,NA,NA,NA,NA,NA,NA,NA,NA,NA,0.00,NA,NA,NA
2025-03-27 02:00:00,32.31,312.65,153.37,109.21,182.67,NA,NA,2.32,5.62,NA,NA,NA,NA,NA,NA,NA,NA,NA,NA,NA,0.00,NA,NA,NA
2025-03-27 03:00:00,23.48,349.09,236.40,107.33,249.20,NA,NA,2.71,5.76,NA,NA,NA,NA,NA,NA,NA,NA,NA,NA,NA,0.00,NA,NA,NA
2025-03-27 04:00:00,38.41,398.32,206.75,105.10,224.03,NA,NA,2.51,5.86,NA,NA,NA,NA,NA,NA,NA,NA,NA,NA,NA,0.00,NA,NA,NA
2025-03-27 05:00:00,36.09,418.87,197.07,99.24,213.06,NA,NA,2.54,5.51,NA,NA,NA,NA,NA,NA,NA,NA,NA,NA,NA,0.00,NA,NA,NA
2025-03-27 06:00:00,125.74,398.60,170.84,95.08,189.51,NA,NA,2.21,5.27,NA,NA,NA,NA,NA,NA,NA,NA,NA,NA,NA,0.00,NA,NA,NA
2025-03-27 07:00:00,118.63,328.35,150.07,101.88,176.25,NA,NA,2.04,5.49,NA,NA,NA,NA,NA,NA,NA,NA,NA,NA,NA,0.00,NA,NA,NA
2025-03-27 08:00:00,85.37,250.34,114.37,102.86,147.73,NA,NA,1.77,9.90,NA,NA,NA,NA,NA,NA,NA,NA,NA,NA,NA,0.00,NA,NA,NA
2025-03-27 09:00:00,63.84,234.37,75.11,73.49,100.20,NA,NA,1.39,33.16,NA,NA,NA,NA,NA,NA,NA,NA,NA,NA,NA,0.00,NA,NA,NA
2025-03-27 10:00:00,43.18,188.61,57.31,65.84,81.62,NA,NA,1.25,49.66,NA,NA,NA,NA,NA,NA,NA,NA,NA,NA,NA,0.00,NA,NA,NA
2025-03-27 11:00:00,36.33,197.83,48.91,64.73,74.22,NA,NA,1.07,53.76,NA,NA,NA,NA,NA,NA,NA,NA,NA,NA,NA,0.00,NA,NA,NA
2025-03-27 12:00:00,31.75,181.28,41.40,65.79,68.67,NA,NA,1.02,57.07,NA,NA,NA,NA,NA,NA,NA,NA,NA,NA,NA,0.00,NA,NA,NA
2025-03-27 13:00:00,23.18,155.77,32.90,65.12,61.38,NA,NA,0.93,72.04,NA,NA,NA,NA,NA,NA,NA,NA,NA,NA,NA,0.00,NA,NA,NA
2025-03-27 14:00:00,19.43,146.23,29.84,60.52,56.46,NA,NA,0.82,63.18,NA,NA,NA,NA,NA,NA,NA,NA,NA,NA,NA,0.00,NA,NA,NA
2025-03-27 15:00:00,19.93,119.01,26.70,65.74,56.68,NA,NA,0.80,52.59,NA,NA,NA,NA,NA,NA,NA,NA,NA,NA,NA,0.00,NA,NA,NA
2025-03-27 16:00:00,10.98,111.04,22.01,62.70,51.26,NA,NA,0.75,57.12,NA,NA,NA,NA,NA,NA,NA,NA,NA,NA,NA,0.00,NA,NA,NA
2025-03-27 17:00:00,38.58,126.41,18.90,64.37,49.61,NA,NA,0.72,58.02,NA,NA,NA,NA,NA,NA,NA,NA,NA,NA,NA,0.00,NA,NA,NA
2025-03-27 18:00:00,33.93,140.20,21.23,86.33,63.17,NA,NA,0.72,28.54,NA,NA,NA,NA,NA,NA,NA,NA,NA,NA,NA,0.00,NA,NA,NA
2025-03-27 19:00:00,64.38,152.29,32.04,90.73,74.33,NA,NA,0.85,11.58,NA,NA,NA,NA,NA,NA,NA,NA,NA,NA,NA,0.00,NA,NA,NA
2025-03-27 20:00:00,65.58,198.99,143.67,97.35,168.80,NA,NA,1.43,5.70,NA,NA,NA,NA,NA,NA,NA,NA,NA,NA,NA,0.00,NA,NA,NA
2025-03-27 21:00:00,57.76,242.69,198.30,99.79,214.19,NA,NA,1.70,5.57,NA,NA,NA,NA,NA,NA,NA,NA,NA,NA,NA,0.00,NA,NA,NA
2025-03-27 22:00:00,47.59,261.57,220.14,101.19,232.88,NA,NA,2.04,5.97,NA,NA,NA,NA,NA,NA,NA,NA,NA,NA,NA,0.00,NA,NA,NA
2025-03-27 23:00:00,76.49,364.30,200.75,94.95,213.74,NA,NA,2.11,5.98,NA,NA,NA,NA,NA,NA,NA,NA,NA,NA,NA,0.00,NA,NA,NA
2025-03-28 00:00:00,86.47,378.40,147.29,80.36,162.32,NA,NA,1.72,5.36,NA,NA,NA,NA,NA,NA,NA,NA,NA,NA,NA,0.00,NA,NA,NA
2025-03-28 01:00:00,133.87,347.02,80.20,72.76,103.92,NA,NA,1.41,5.49,NA,NA,NA,NA,NA,NA,NA,NA,NA,NA,NA,0.00,NA,NA,NA
2025-03-28 02:00:00,139.27,349.59,65.96,70.18,90.93,NA,NA,1.23,5.98,NA,NA,NA,NA,NA,NA,NA,NA,NA,NA,NA,0.00,NA,NA,NA
2025-03-28 03:00:00,70.87,238.07,50.85,57.50,71.93,NA,NA,0.96,21.35,NA,NA,NA,NA,NA,NA,NA,NA,NA,NA,NA,0.00,NA,NA,NA
2025-03-28 04:00:00,18.64,207.47,43.81,53.73,64.19,NA,NA,0.80,33.84,NA,NA,NA,NA,NA,NA,NA,NA,NA,NA,NA,0.00,NA,NA,NA
2025-03-28 05:00:00,16.54,159.27,40.47,58.78,64.17,NA,NA,0.79,26.52,NA,NA,NA,NA,NA,NA,NA,NA,NA,NA,NA,0.00,NA,NA,NA
2025-03-28 06:00:00,41.11,185.53,42.47,66.46,69.88,NA,NA,0.84,11.69,NA,NA,NA,NA,NA,NA,NA,NA,NA,NA,NA,0.00,NA,NA,NA
2025-03-28 07:00:00,60.27,245.83,47.95,61.31,71.59,NA,NA,0.97,10.66,NA,NA,NA,NA,NA,NA,NA,NA,NA,NA,NA,0.00,NA,NA,NA
2025-03-28 08:00:00,77.43,275.49,46.96,61.93,71.11,NA,NA,1.04,18.05,NA,NA,NA,NA,NA,NA,NA,NA,NA,NA,NA,0.00,NA,NA,NA
2025-03-28 09:00:00,64.23,260.63,33.34,54.47,56.07,NA,NA,0.93,39.28,NA,NA,NA,NA,NA,NA,NA,NA,NA,NA,NA,0.00,NA,NA,NA
2025-03-28 10:00:00,52.03,261.45,25.70,54.69,49.98,NA,NA,0.74,56.87,NA,NA,NA,NA,NA,NA,NA,NA,NA,NA,NA,0.00,NA,NA,NA
2025-03-28 11:00:00,27.34,189.59,20.65,54.45,45.74,NA,NA,0.65,67.23,NA,NA,NA,NA,NA,NA,NA,NA,NA,NA,NA,0.00,NA,NA,NA
2025-03-28 12:00:00,27.93,135.99,18.78,56.61,45.38,NA,NA,0.62,67.86,NA,NA,NA,NA,NA,NA,NA,NA,NA,NA,NA,0.00,NA,NA,NA
2025-03-28 13:00:00,29.14,125.58,13.64,51.14,38.29,NA,NA,0.64,77.93,NA,NA,NA,NA,NA,NA,NA,NA,NA,NA,NA,0.00,NA,NA,NA
2025-03-28 14:00:00,11.88,117.42,11.84,53.61,38.14,NA,NA,0.56,74.85,NA,NA,NA,NA,NA,NA,NA,NA,NA,NA,NA,0.00,NA,NA,NA
2025-03-28 15:00:00,35.45,117.48,9.83,51.86,35.58,NA,NA,0.48,76.70,NA,NA,NA,NA,NA,NA,NA,NA,NA,NA,NA,0.00,NA,NA,NA
2025-03-28 16:00:00,39.14,100.05,8.62,54.25,35.85,NA,NA,0.49,70.10,NA,NA,NA,NA,NA,NA,NA,NA,NA,NA,NA,0.00,NA,NA,NA
2025-03-28 17:00:00,44.16,111.82,8.83,65.68,42.12,NA,NA,0.50,66.32,NA,NA,NA,NA,NA,NA,NA,NA,NA,NA,NA,0.00,NA,NA,NA
2025-03-28 18:00:00,38.82,169.40,7.15,59.18,37.29,NA,NA,0.51,74.09,NA,NA,NA,NA,NA,NA,NA,NA,NA,NA,NA,0.00,NA,NA,NA
2025-03-28 19:00:00,39.53,221.74,7.91,55.30,35.84,NA,NA,0.52,64.37,NA,NA,NA,NA,NA,NA,NA,NA,NA,NA,NA,0.00,NA,NA,NA
2025-03-28 20:00:00,39.81,211.55,7.28,52.52,33.86,NA,NA,0.44,61.56,NA,NA,NA,NA,NA,NA,NA,NA,NA,NA,NA,0.00,NA,NA,NA
2025-03-28 21:00:00,34.89,182.06,8.11,49.73,33.04,NA,NA,0.42,54.31,NA,NA,NA,NA,NA,NA,NA,NA,NA,NA,NA,0.00,NA,NA,NA
2025-03-28 22:00:00,18.99,152.19,7.17,44.20,29.34,NA,NA,0.36,60.34,NA,NA,NA,NA,NA,NA,NA,NA,NA,NA,NA,0.00,NA,NA,NA
2025-03-28 23:00:00,20.59,142.45,6.74,43.85,28.80,NA,NA,0.35,60.41,NA,NA,NA,NA,NA,NA,NA,NA,NA,NA,NA,0.00,NA,NA,NA
2025-03-29 00:00:00,12.46,104.79,6.66,45.86,29.81,NA,NA,0.32,62.04,NA,NA,NA,NA,NA,NA,NA,NA,NA,NA,NA,0.00,NA,NA,NA
2025-03-29 01:00:00,25.00,104.90,7.34,60.33,38.05,NA,NA,0.35,48.48,NA,NA,NA,NA,NA,NA,NA,NA,NA,NA,NA,0.00,NA,NA,NA
2025-03-29 02:00:00,28.98,100.74,8.04,58.51,37.67,NA,NA,0.36,48.33,NA,NA,NA,NA,NA,NA,NA,NA,NA,NA,NA,0.00,NA,NA,NA
2025-03-29 03:00:00,27.32,98.87,6.88,50.00,32.19,NA,NA,0.33,49.66,NA,NA,NA,NA,NA,NA,NA,NA,NA,NA,NA,0.00,NA,NA,NA
2025-03-29 04:00:00,27.23,98.95,7.33,51.88,33.55,NA,NA,0.35,37.44,NA,NA,NA,NA,NA,NA,NA,NA,NA,NA,NA,0.00,NA,NA,NA
2025-03-29 05:00:00,37.94,103.56,7.66,48.54,32.05,NA,NA,0.37,34.20,NA,NA,NA,NA,NA,NA,NA,NA,NA,NA,NA,0.00,NA,NA,NA
2025-03-29 06:00:00,67.02,151.60,8.52,48.65,32.81,NA,NA,0.49,29.69,NA,NA,NA,NA,NA,NA,NA,NA,NA,NA,NA,0.00,NA,NA,NA
2025-03-29 07:00:00,62.22,150.91,11.66,47.34,34.66,NA,NA,0.51,34.61,NA,NA,NA,NA,NA,NA,NA,NA,NA,NA,NA,0.00,NA,NA,NA
2025-03-29 08:00:00,55.69,121.91,10.26,45.49,32.53,NA,NA,0.53,47.55,NA,NA,NA,NA,NA,NA,NA,NA,NA,NA,NA,0.00,NA,NA,NA
2025-03-29 09:00:00,48.69,117.53,8.54,43.31,29.98,NA,NA,0.54,63.39,NA,NA,NA,NA,NA,NA,NA,NA,NA,NA,NA,0.00,NA,NA,NA
2025-03-29 10:00:00,29.02,90.29,7.54,47.41,31.35,NA,NA,0.53,70.90,NA,NA,NA,NA,NA,NA,NA,NA,NA,NA,NA,0.00,NA,NA,NA
2025-03-29 11:00:00,30.91,107.48,6.97,47.81,31.10,NA,NA,0.49,82.99,NA,NA,NA,NA,NA,NA,NA,NA,NA,NA,NA,0.00,NA,NA,NA
2025-03-29 12:00:00,27.40,122.23,6.75,47.26,30.63,NA,NA,0.51,87.67,NA,NA,NA,NA,NA,NA,NA,NA,NA,NA,NA,0.00,NA,NA,NA
2025-03-29 13:00:00,30.99,110.58,5.76,47.05,29.71,NA,NA,0.46,86.80,NA,NA,NA,NA,NA,NA,NA,NA,NA,NA,NA,0.00,NA,NA,NA
2025-03-29 14:00:00,58.05,114.75,5.98,52.02,32.53,NA,NA,0.45,77.41,NA,NA,NA,NA,NA,NA,NA,NA,NA,NA,NA,0.00,NA,NA,NA
2025-03-29 15:00:00,30.33,123.21,6.64,55.98,35.18,NA,NA,0.43,70.02,NA,NA,NA,NA,NA,NA,NA,NA,NA,NA,NA,0.00,NA,NA,NA
2025-03-29 16:00:00,65.31,110.74,6.30,56.12,34.97,NA,NA,0.41,68.18,NA,NA,NA,NA,NA,NA,NA,NA,NA,NA,NA,0.00,NA,NA,NA
2025-03-29 17:00:00,40.78,100.11,7.77,62.81,39.72,NA,NA,0.41,58.63,NA,NA,NA,NA,NA,NA,NA,NA,NA,NA,NA,0.00,NA,NA,NA
2025-03-29 18:00:00,43.29,94.98,6.45,56.83,35.48,NA,NA,0.38,57.13,NA,NA,NA,NA,NA,NA,NA,NA,NA,NA,NA,0.00,NA,NA,NA
2025-03-29 19:00:00,60.32,96.23,8.02,66.34,41.79,NA,NA,0.46,42.11,NA,NA,NA,NA,NA,NA,NA,NA,NA,NA,NA,0.00,NA,NA,NA
2025-03-29 20:00:00,32.43,92.70,7.70,65.08,40.88,NA,NA,0.49,40.72,NA,NA,NA,NA,NA,NA,NA,NA,NA,NA,NA,0.00,NA,NA,NA
2025-03-29 21:00:00,31.32,89.72,8.82,68.12,43.41,NA,NA,0.47,35.82,NA,NA,NA,NA,NA,NA,NA,NA,NA,NA,NA,0.00,NA,NA,NA
2025-03-29 22:00:00,75.18,87.17,8.75,65.51,41.95,NA,NA,0.45,35.48,NA,NA,NA,NA,NA,NA,NA,NA,NA,NA,NA,0.00,NA,NA,NA
2025-03-29 23:00:00,68.66,108.81,9.41,66.68,43.13,NA,NA,0.51,28.92,NA,NA,NA,NA,NA,NA,NA,NA,NA,NA,NA,0.00,NA,NA,NA
2025-03-30 00:00:00,46.17,132.94,11.14,73.47,48.12,NA,NA,0.53,23.10,NA,NA,NA,NA,NA,NA,NA,NA,NA,NA,NA,0.00,NA,NA,NA
2025-03-30 01:00:00,48.79,138.04,10.35,65.99,43.54,NA,NA,0.51,22.72,NA,NA,NA,NA,NA,NA,NA,NA,NA,NA,NA,0.00,NA,NA,NA
2025-03-30 02:00:00,75.94,162.93,11.36,73.17,48.14,NA,NA,0.55,18.64,NA,NA,NA,NA,NA,NA,NA,NA,NA,NA,NA,0.00,NA,NA,NA
2025-03-30 03:00:00,69.31,141.86,11.01,72.95,47.76,NA,NA,0.56,20.53,NA,NA,NA,NA,NA,NA,NA,NA,NA,NA,NA,0.00,NA,NA,NA
2025-03-30 04:00:00,56.42,130.54,9.57,65.00,42.35,NA,NA,0.57,23.62,NA,NA,NA,NA,NA,NA,NA,NA,NA,NA,NA,0.00,NA,NA,NA
2025-03-30 05:00:00,80.70,157.84,14.14,64.65,45.91,NA,NA,0.67,18.08,NA,NA,NA,NA,NA,NA,NA,NA,NA,NA,NA,0.00,NA,NA,NA
2025-03-30 06:00:00,103.23,202.31,21.85,79.14,59.84,NA,NA,0.73,10.27,NA,NA,NA,NA,NA,NA,NA,NA,NA,NA,NA,0.00,NA,NA,NA
2025-03-30 07:00:00,57.17,149.40,17.65,72.90,53.12,NA,NA,0.66,22.84,NA,NA,NA,NA,NA,NA,NA,NA,NA,NA,NA,0.00,NA,NA,NA
2025-03-30 08:00:00,37.58,119.45,15.14,64.54,46.62,NA,NA,0.63,41.37,NA,NA,NA,NA,NA,NA,NA,NA,NA,NA,NA,0.00,NA,NA,NA
2025-03-30 09:00:00,54.62,125.14,11.35,61.67,42.03,NA,NA,0.57,59.96,NA,NA,NA,NA,NA,NA,NA,NA,NA,NA,NA,0.00,NA,NA,NA
2025-03-30 10:00:00,28.41,89.84,8.38,51.79,34.34,NA,NA,0.51,78.29,NA,NA,NA,NA,NA,NA,NA,NA,NA,NA,NA,0.00,NA,NA,NA
2025-03-30 11:00:00,17.44,76.14,8.38,56.07,36.65,NA,NA,0.50,73.65,NA,NA,NA,NA,NA,NA,NA,NA,NA,NA,NA,0.00,NA,NA,NA
2025-03-30 12:00:00,32.88,72.81,6.77,50.07,32.14,NA,NA,0.46,88.37,NA,NA,NA,NA,NA,NA,NA,NA,NA,NA,NA,0.00,NA,NA,NA
2025-03-30 13:00:00,27.03,52.27,6.14,50.15,31.65,NA,NA,0.46,91.99,NA,NA,NA,NA,NA,NA,NA,NA,NA,NA,NA,0.00,NA,NA,NA
2025-03-30 14:00:00,31.66,49.18,5.91,51.99,32.47,NA,NA,0.43,83.52,NA,NA,NA,NA,NA,NA,NA,NA,NA,NA,NA,0.00,NA,NA,NA
2025-03-30 15:00:00,19.12,65.78,5.16,47.08,29.22,NA,NA,0.42,90.75,NA,NA,NA,NA,NA,NA,NA,NA,NA,NA,NA,0.00,NA,NA,NA
2025-03-30 16:00:00,11.81,76.95,5.30,52.77,32.39,NA,NA,0.39,84.93,NA,NA,NA,NA,NA,NA,NA,NA,NA,NA,NA,0.00,NA,NA,NA
2025-03-30 17:00:00,16.29,64.33,5.75,61.68,37.49,NA,NA,0.37,77.84,NA,NA,NA,NA,NA,NA,NA,NA,NA,NA,NA,0.00,NA,NA,NA
2025-03-30 18:00:00,24.47,77.89,8.11,76.89,47.51,NA,NA,0.46,50.78,NA,NA,NA,NA,NA,NA,NA,NA,NA,NA,NA,0.00,NA,NA,NA
2025-03-30 19:00:00,59.10,90.59,10.94,86.91,55.13,NA,NA,0.53,27.86,NA,NA,NA,NA,NA,NA,NA,NA,NA,NA,NA,0.00,NA,NA,NA
2025-03-30 20:00:00,48.51,112.40,9.51,83.07,51.91,NA,NA,0.63,27.46,NA,NA,NA,NA,NA,NA,NA,NA,NA,NA,NA,0.00,NA,NA,NA
2025-03-30 21:00:00,56.71,134.71,13.01,90.43,58.67,NA,NA,0.70,16.72,NA,NA,NA,NA,NA,NA,NA,NA,NA,NA,NA,0.00,NA,NA,NA
2025-03-30 22:00:00,77.32,149.27,10.67,85.09,53.96,NA,NA,0.79,17.80,NA,NA,NA,NA,NA,NA,NA,NA,NA,NA,NA,0.00,NA,NA,NA
2025-03-30 23:00:00,60.15,144.14,22.64,92.71,67.70,NA,NA,0.77,7.33,NA,NA,NA,NA,NA,NA,NA,NA,NA,NA,NA,0.00,NA,NA,NA
2025-03-31 00:00:00,58.64,157.56,20.35,90.14,64.50,NA,NA,0.72,10.72,NA,NA,NA,NA,NA,NA,NA,NA,NA,NA,NA,0.00,NA,NA,NA
2025-03-31 01:00:00,67.59,156.98,18.51,91.93,63.95,NA,NA,0.69,10.04,NA,NA,NA,NA,NA,NA,NA,NA,NA,NA,NA,0.00,NA,NA,NA
2025-03-31 02:00:00,62.96,138.68,15.84,89.98,60.72,NA,NA,0.67,12.81,NA,NA,NA,NA,NA,NA,NA,NA,NA,NA,NA,0.00,NA,NA,NA
2025-03-31 03:00:00,81.68,147.72,46.32,89.08,85.10,NA,NA,0.83,6.37,NA,NA,NA,NA,NA,NA,NA,NA,NA,NA,NA,0.00,NA,NA,NA
2025-03-31 04:00:00,103.55,195.00,41.27,83.94,78.16,NA,NA,0.81,7.19,NA,NA,NA,NA,NA,NA,NA,NA,NA,NA,NA,0.00,NA,NA,NA
2025-03-31 05:00:00,103.04,184.18,19.27,74.50,55.30,NA,NA,0.78,12.11,NA,NA,NA,NA,NA,NA,NA,NA,NA,NA,NA,0.00,NA,NA,NA
2025-03-31 06:00:00,89.66,166.85,34.24,75.65,68.06,NA,NA,0.80,8.64,NA,NA,NA,NA,NA,NA,NA,NA,NA,NA,NA,0.00,NA,NA,NA
2025-03-31 07:00:00,71.29,167.18,20.44,63.23,50.25,NA,NA,0.81,24.98,NA,NA,NA,NA,NA,NA,NA,NA,NA,NA,NA,0.00,NA,NA,NA
2025-03-31 08:00:00,65.33,158.38,21.81,67.34,53.55,NA,NA,0.83,33.87,NA,NA,NA,NA,NA,NA,NA,NA,NA,NA,NA,0.00,NA,NA,NA
2025-03-31 09:00:00,57.56,149.27,15.86,61.79,45.78,NA,NA,0.82,61.92,NA,NA,NA,NA,NA,NA,NA,NA,NA,NA,NA,0.00,NA,NA,NA
2025-03-31 10:00:00,29.79,94.01,9.92,57.28,38.53,NA,NA,0.75,91.22,NA,NA,NA,NA,NA,NA,NA,NA,NA,NA,NA,0.00,NA,NA,NA
2025-03-31 11:00:00,40.49,100.82,7.87,57.63,37.06,NA,NA,0.69,98.51,NA,NA,NA,NA,NA,NA,NA,NA,NA,NA,NA,0.00,NA,NA,NA
2025-03-31 12:00:00,25.11,68.65,5.91,51.20,32.03,NA,NA,0.66,110.98,NA,NA,NA,NA,NA,NA,NA,NA,NA,NA,NA,0.00,NA,NA,NA
2025-03-31 13:00:00,20.54,65.57,5.23,48.85,30.23,NA,NA,0.59,96.76,NA,NA,NA,NA,NA,NA,NA,NA,NA,NA,NA,0.00,NA,NA,NA
2025-03-31 14:00:00,5.27,47.64,5.65,50.90,31.67,NA,NA,0.58,81.24,NA,NA,NA,NA,NA,NA,NA,NA,NA,NA,NA,0.00,NA,NA,NA
2025-03-31 15:00:00,2.34,50.88,6.03,47.40,30.12,NA,NA,0.52,80.71,NA,NA,NA,NA,NA,NA,NA,NA,NA,NA,NA,0.00,NA,NA,NA
2025-03-31 16:00:00,6.55,41.97,7.07,53.86,34.38,NA,NA,0.48,64.18,NA,NA,NA,NA,NA,NA,NA,NA,NA,NA,NA,0.00,NA,NA,NA
2025-03-31 17:00:00,4.15,42.31,8.37,60.64,39.06,NA,NA,0.53,53.78,NA,NA,NA,NA,NA,NA,NA,NA,NA,NA,NA,0.00,NA,NA,NA
2025-03-31 18:00:00,14.42,65.53,9.34,71.39,45.55,NA,NA,0.51,42.71,NA,NA,NA,NA,NA,NA,NA,NA,NA,NA,NA,0.00,NA,NA,NA
2025-03-31 19:00:00,15.08,94.46,17.01,90.21,61.78,NA,NA,0.66,18.84,NA,NA,NA,NA,NA,NA,NA,NA,NA,NA,NA,0.00,NA,NA,NA
2025-03-31 20:00:00,27.81,136.05,14.41,82.70,55.74,NA,NA,0.77,24.65,NA,NA,NA,NA,NA,NA,NA,NA,NA,NA,NA,0.00,NA,NA,NA
2025-03-31 21:00:00,35.72,129.21,11.96,72.62,48.34,NA,NA,0.71,35.59,NA,NA,NA,NA,NA,NA,NA,NA,NA,NA,NA,0.00,NA,NA,NA
2025-03-31 22:00:00,35.20,125.32,9.17,69.03,44.19,NA,NA,0.68,35.87,NA,NA,NA,NA,NA,NA,NA,NA,NA,NA,NA,0.00,NA,NA,NA
2025-03-31 23:00:00,32.82,112.93,8.75,69.72,44.21,NA,NA,0.60,35.62,NA,NA,NA,NA,NA,NA,NA,NA,NA,NA,NA,0.00,NA,NA,NA
2025-04-01 00:00:00,34.01,95.63,8.01,58.78,37.77,NA,NA,0.55,40.02,NA,NA,NA,NA,NA,NA,NA,NA,NA,NA,NA,0.00,NA,NA,NA
2025-04-01 01:00:00,51.14,123.89,8.78,66.71,42.62,NA,NA,0.59,37.40,NA,NA,NA,NA,NA,NA,NA,NA,NA,NA,NA,0.00,NA,NA,NA
2025-04-01 02:00:00,41.50,110.81,7.47,61.04,38.54,NA,NA,0.53,37.01,NA,NA,NA,NA,NA,NA,NA,NA,NA,NA,NA,0.00,NA,NA,NA
2025-04-01 03:00:00,45.21,119.77,8.99,75.67,47.54,NA,NA,0.58,26.26,NA,NA,NA,NA,NA,NA,NA,NA,NA,NA,NA,0.00,NA,NA,NA
2025-04-01 04:00:00,66.04,147.50,26.67,85.03,66.88,NA,NA,0.75,7.58,NA,NA,NA,NA,NA,NA,NA,NA,NA,NA,NA,0.00,NA,NA,NA
2025-04-01 05:00:00,62.87,180.44,19.35,76.51,56.47,NA,NA,0.84,12.59,NA,NA,NA,NA,NA,NA,NA,NA,NA,NA,NA,0.00,NA,NA,NA
2025-04-01 06:00:00,113.41,254.14,27.04,80.26,64.64,NA,NA,0.95,9.51,NA,NA,NA,NA,NA,NA,NA,NA,NA,NA,NA,0.00,NA,NA,NA
2025-04-01 07:00:00,90.64,216.02,31.49,82.12,69.27,NA,NA,0.89,13.31,NA,NA,NA,NA,NA,NA,NA,NA,NA,NA,NA,0.00,NA,NA,NA
2025-04-01 08:00:00,53.72,165.90,19.96,65.98,51.38,NA,NA,0.79,44.34,NA,NA,NA,NA,NA,NA,NA,NA,NA,NA,NA,0.00,NA,NA,NA
2025-04-01 09:00:00,48.36,138.28,11.93,59.88,41.54,NA,NA,0.75,64.80,NA,NA,NA,NA,NA,NA,NA,NA,NA,NA,NA,0.00,NA,NA,NA
2025-04-01 10:00:00,45.56,121.10,8.18,58.40,37.73,NA,NA,0.74,92.66,NA,NA,NA,NA,NA,NA,NA,NA,NA,NA,NA,0.00,NA,NA,NA
2025-04-01 11:00:00,40.88,126.04,7.88,58.90,37.73,NA,NA,0.64,89.36,NA,NA,NA,NA,NA,NA,NA,NA,NA,NA,NA,0.00,NA,NA,NA
2025-04-01 12:00:00,22.05,113.86,5.92,46.36,29.47,NA,NA,0.60,86.19,NA,NA,NA,NA,NA,NA,NA,NA,NA,NA,NA,0.00,NA,NA,NA
2025-04-01 13:00:00,10.76,90.09,6.42,47.59,30.52,NA,NA,0.54,83.72,NA,NA,NA,NA,NA,NA,NA,NA,NA,NA,NA,0.00,NA,NA,NA
2025-04-01 14:00:00,6.08,83.40,5.85,46.61,29.55,NA,NA,0.51,87.44,NA,NA,NA,NA,NA,NA,NA,NA,NA,NA,NA,0.00,NA,NA,NA
2025-04-01 15:00:00,9.70,82.25,4.94,46.78,28.89,NA,NA,0.48,87.48,NA,NA,NA,NA,NA,NA,NA,NA,NA,NA,NA,0.00,NA,NA,NA
2025-04-01 16:00:00,7.11,88.99,4.92,51.22,31.25,NA,NA,0.46,79.91,NA,NA,NA,NA,NA,NA,NA,NA,NA,NA,NA,0.00,NA,NA,NA
2025-04-01 17:00:00,12.76,88.12,7.01,67.66,41.68,NA,NA,0.46,57.91,NA,NA,NA,NA,NA,NA,NA,NA,NA,NA,NA,0.00,NA,NA,NA
2025-04-01 18:00:00,23.69,100.66,8.53,77.19,47.97,NA,NA,0.47,42.55,NA,NA,NA,NA,NA,NA,NA,NA,NA,NA,NA,0.00,NA,NA,NA
2025-04-01 19:00:00,25.67,129.83,20.09,99.77,69.39,NA,NA,0.66,11.11,NA,NA,NA,NA,NA,NA,NA,NA,NA,NA,NA,0.00,NA,NA,NA
2025-04-01 20:00:00,39.02,180.83,21.95,97.14,69.49,NA,NA,0.80,10.07,NA,NA,NA,NA,NA,NA,NA,NA,NA,NA,NA,0.00,NA,NA,NA
2025-04-01 21:00:00,56.76,221.86,42.63,102.17,88.98,NA,NA,1.07,6.28,NA,NA,NA,NA,NA,NA,NA,NA,NA,NA,NA,0.00,NA,NA,NA
2025-04-01 22:00:00,75.48,258.47,24.84,94.88,70.72,NA,NA,1.10,10.10,NA,NA,NA,NA,NA,NA,NA,NA,NA,NA,NA,0.00,NA,NA,NA
2025-04-01 23:00:00,79.06,205.82,14.18,82.13,55.22,NA,NA,0.87,25.42,NA,NA,NA,NA,NA,NA,NA,NA,NA,NA,NA,0.00,NA,NA,NA
2025-04-02 00:00:00,82.35,220.58,43.96,84.85,80.73,NA,NA,1.07,14.29,NA,NA,NA,NA,NA,NA,NA,NA,NA,NA,NA,0.00,NA,NA,NA
2025-04-02 01:00:00,87.42,363.01,118.95,96.95,148.29,NA,NA,1.42,5.53,NA,NA,NA,NA,NA,NA,NA,NA,NA,NA,NA,0.00,NA,NA,NA
2025-04-02 02:00:00,99.15,308.09,75.90,100.46,115.19,NA,NA,1.34,5.55,NA,NA,NA,NA,NA,NA,NA,NA,NA,NA,NA,0.00,NA,NA,NA
2025-04-02 03:00:00,143.58,301.63,81.63,99.03,119.00,NA,NA,1.35,5.43,NA,NA,NA,NA,NA,NA,NA,NA,NA,NA,NA,0.00,NA,NA,NA
2025-04-02 04:00:00,155.41,390.82,117.59,96.59,146.98,NA,NA,1.46,5.19,NA,NA,NA,NA,NA,NA,NA,NA,NA,NA,NA,0.00,NA,NA,NA
2025-04-02 05:00:00,123.19,358.83,154.05,87.43,171.57,NA,NA,1.62,5.40,NA,NA,NA,NA,NA,NA,NA,NA,NA,NA,NA,0.00,NA,NA,NA
2025-04-02 06:00:00,166.45,452.57,239.19,90.23,242.55,NA,NA,2.15,5.64,NA,NA,NA,NA,NA,NA,NA,NA,NA,NA,NA,0.00,NA,NA,NA
2025-04-02 07:00:00,163.70,406.72,131.15,87.63,153.41,NA,NA,1.78,6.82,NA,NA,NA,NA,NA,NA,NA,NA,NA,NA,NA,0.00,NA,NA,NA
2025-04-02 08:00:00,99.82,265.15,60.57,86.19,95.11,NA,NA,1.38,24.48,NA,NA,NA,NA,NA,NA,NA,NA,NA,NA,NA,0.00,NA,NA,NA
2025-04-02 09:00:00,85.22,277.70,46.79,87.34,84.50,NA,NA,1.22,51.75,NA,NA,NA,NA,NA,NA,NA,NA,NA,NA,NA,0.00,NA,NA,NA
2025-04-02 10:00:00,68.63,233.04,34.49,83.01,72.21,NA,NA,1.18,92.77,NA,NA,NA,NA,NA,NA,NA,NA,NA,NA,NA,0.00,NA,NA,NA
2025-04-02 11:00:00,60.68,246.95,24.37,78.49,61.57,NA,NA,1.12,129.89,NA,NA,NA,NA,NA,NA,NA,NA,NA,NA,NA,0.00,NA,NA,NA
2025-04-02 12:00:00,36.93,197.72,19.26,67.38,51.52,NA,NA,0.97,119.33,NA,NA,NA,NA,NA,NA,NA,NA,NA,NA,NA,0.00,NA,NA,NA
2025-04-02 13:00:00,11.45,133.68,16.36,67.50,49.21,NA,NA,0.86,102.35,NA,NA,NA,NA,NA,NA,NA,NA,NA,NA,NA,0.00,NA,NA,NA
2025-04-02 14:00:00,2.31,96.33,13.65,68.93,47.75,NA,NA,0.81,86.76,NA,NA,NA,NA,NA,NA,NA,NA,NA,NA,NA,0.00,NA,NA,NA
2025-04-02 15:00:00,1.13,90.20,11.43,67.47,45.19,NA,NA,0.77,82.68,NA,NA,NA,NA,NA,NA,NA,NA,NA,NA,NA,0.00,NA,NA,NA
2025-04-02 16:00:00,6.92,83.83,11.44,69.68,46.37,NA,NA,0.71,67.76,NA,NA,NA,NA,NA,NA,NA,NA,NA,NA,NA,0.00,NA,NA,NA
2025-04-02 17:00:00,5.45,91.11,13.79,80.52,54.04,NA,NA,0.71,47.43,NA,NA,NA,NA,NA,NA,NA,NA,NA,NA,NA,0.00,NA,NA,NA
2025-04-02 18:00:00,11.84,104.41,12.57,86.60,56.27,NA,NA,0.74,34.87,NA,NA,NA,NA,NA,NA,NA,NA,NA,NA,NA,0.00,NA,NA,NA
2025-04-02 19:00:00,30.31,157.12,24.43,101.78,73.96,NA,NA,0.99,12.44,NA,NA,NA,NA,NA,NA,NA,NA,NA,NA,NA,0.00,NA,NA,NA
2025-04-02 20:00:00,49.01,217.56,184.25,112.83,209.50,NA,NA,1.82,5.71,NA,NA,NA,NA,NA,NA,NA,NA,NA,NA,NA,0.00,NA,NA,NA
2025-04-02 21:00:00,54.45,296.55,267.95,114.43,278.83,NA,NA,2.25,5.56,NA,NA,NA,NA,NA,NA,NA,NA,NA,NA,NA,0.00,NA,NA,NA
2025-04-02 22:00:00,41.36,257.61,161.22,111.49,190.41,NA,NA,2.02,5.66,NA,NA,NA,NA,NA,NA,NA,NA,NA,NA,NA,0.00,NA,NA,NA
2025-04-02 23:00:00,NA,249.93,140.35,112.02,173.68,NA,NA,2.11,5.50,NA,NA,NA,NA,NA,NA,NA,NA,NA,NA,NA,0.00,NA,NA,NA
2025-04-03 00:00:00,7.10,243.11,130.23,108.74,163.82,NA,NA,1.97,4.95,NA,NA,NA,NA,NA,NA,NA,NA,NA,NA,NA,0.00,NA,NA,NA
2025-04-03 01:00:00,22.24,244.93,82.55,102.97,121.92,NA,NA,1.57,5.09,NA,NA,NA,NA,NA,NA,NA,NA,NA,NA,NA,0.00,NA,NA,NA
2025-04-03 02:00:00,25.56,205.08,73.69,97.98,112.03,NA,NA,1.47,6.30,NA,NA,NA,NA,NA,NA,NA,NA,NA,NA,NA,0.00,NA,NA,NA
2025-04-03 03:00:00,15.25,184.29,69.97,98.57,109.32,NA,NA,1.33,5.28,NA,NA,NA,NA,NA,NA,NA,NA,NA,NA,NA,0.00,NA,NA,NA
2025-04-03 04:00:00,16.13,174.32,85.32,106.79,126.14,NA,NA,1.37,5.10,NA,NA,NA,NA,NA,NA,NA,NA,NA,NA,NA,0.00,NA,NA,NA
2025-04-03 05:00:00,14.97,181.54,109.60,110.64,147.93,NA,NA,1.39,5.12,NA,NA,NA,NA,NA,NA,NA,NA,NA,NA,NA,0.00,NA,NA,NA
2025-04-03 06:00:00,69.48,201.76,140.24,105.52,170.11,NA,NA,1.55,5.51,NA,NA,NA,NA,NA,NA,NA,NA,NA,NA,NA,0.00,NA,NA,NA
2025-04-03 07:00:00,88.08,243.42,185.87,115.60,212.58,NA,NA,1.97,5.98,NA,NA,NA,NA,NA,NA,NA,NA,NA,NA,NA,0.00,NA,NA,NA
2025-04-03 08:00:00,85.26,263.57,79.82,145.13,142.21,NA,NA,1.69,36.38,NA,NA,NA,NA,NA,NA,NA,NA,NA,NA,NA,0.00,NA,NA,NA
2025-04-03 09:00:00,115.15,328.01,40.61,107.49,90.25,NA,NA,1.43,95.71,NA,NA,NA,NA,NA,NA,NA,NA,NA,NA,NA,0.00,NA,NA,NA
2025-04-03 10:00:00,63.89,194.00,30.76,83.03,69.18,NA,NA,1.18,112.44,NA,NA,NA,NA,NA,NA,NA,NA,NA,NA,NA,0.00,NA,NA,NA
2025-04-03 11:00:00,37.06,141.19,23.81,69.85,56.53,NA,NA,1.02,113.59,NA,NA,NA,NA,NA,NA,NA,NA,NA,NA,NA,0.00,NA,NA,NA
2025-04-03 12:00:00,42.03,133.24,19.08,73.94,54.85,NA,NA,0.96,122.29,NA,NA,NA,NA,NA,NA,NA,NA,NA,NA,NA,0.00,NA,NA,NA
2025-04-03 13:00:00,27.82,91.97,16.59,67.92,49.64,NA,NA,0.89,106.47,NA,NA,NA,NA,NA,NA,NA,NA,NA,NA,NA,0.00,NA,NA,NA
2025-04-03 14:00:00,18.85,80.48,11.36,59.83,41.04,NA,NA,0.80,102.44,NA,NA,NA,NA,NA,NA,NA,NA,NA,NA,NA,0.00,NA,NA,NA
2025-04-03 15:00:00,10.11,61.74,9.65,62.96,41.36,NA,NA,0.77,90.27,NA,NA,NA,NA,NA,NA,NA,NA,NA,NA,NA,0.00,NA,NA,NA
2025-04-03 16:00:00,11.09,61.72,6.83,52.10,33.27,NA,NA,0.69,107.53,NA,NA,NA,NA,NA,NA,NA,NA,NA,NA,NA,0.00,NA,NA,NA
2025-04-03 17:00:00,20.12,71.90,10.27,84.69,53.34,NA,NA,0.75,56.77,NA,NA,NA,NA,NA,NA,NA,NA,NA,NA,NA,0.00,NA,NA,NA
2025-04-03 18:00:00,21.13,81.83,19.13,112.99,75.58,NA,NA,0.83,20.41,NA,NA,NA,NA,NA,NA,NA,NA,NA,NA,NA,0.00,NA,NA,NA
2025-04-03 19:00:00,24.21,124.31,155.28,133.22,196.89,NA,NA,1.49,5.42,NA,NA,NA,NA,NA,NA,NA,NA,NA,NA,NA,0.00,NA,NA,NA
2025-04-03 20:00:00,40.40,194.24,99.51,119.80,144.92,NA,NA,1.38,6.79,NA,NA,NA,NA,NA,NA,NA,NA,NA,NA,NA,0.00,NA,NA,NA
2025-04-03 21:00:00,38.85,249.75,54.08,102.17,98.23,NA,NA,1.00,14.34,NA,NA,NA,NA,NA,NA,NA,NA,NA,NA,NA,0.00,NA,NA,NA
2025-04-03 22:00:00,38.43,217.64,109.18,103.12,143.51,NA,NA,1.23,6.93,NA,NA,NA,NA,NA,NA,NA,NA,NA,NA,NA,0.00,NA,NA,NA
2025-04-03 23:00:00,46.26,238.97,231.61,113.71,248.72,NA,NA,1.77,5.33,NA,NA,NA,NA,NA,NA,NA,NA,NA,NA,NA,0.00,NA,NA,NA
2025-04-04 00:00:00,48.13,290.29,221.22,112.45,239.74,NA,NA,1.67,5.41,NA,NA,NA,NA,NA,NA,NA,NA,NA,NA,NA,0.00,NA,NA,NA
2025-04-04 01:00:00,49.06,262.93,189.66,104.48,209.78,NA,NA,1.78,5.52,NA,NA,NA,NA,NA,NA,NA,NA,NA,NA,NA,0.00,NA,NA,NA
2025-04-04 02:00:00,45.33,250.98,166.63,98.87,188.04,NA,NA,1.72,5.29,NA,NA,NA,NA,NA,NA,NA,NA,NA,NA,NA,0.00,NA,NA,NA
2025-04-04 03:00:00,68.24,315.65,194.92,101.66,212.56,NA,NA,1.78,5.20,NA,NA,NA,NA,NA,NA,NA,NA,NA,NA,NA,0.00,NA,NA,NA
2025-04-04 04:00:00,87.79,277.14,184.08,101.96,203.94,NA,NA,1.65,5.28,NA,NA,NA,NA,NA,NA,NA,NA,NA,NA,NA,0.00,NA,NA,NA
2025-04-04 05:00:00,81.61,272.10,169.22,98.20,189.70,NA,NA,1.71,5.24,NA,NA,NA,NA,NA,NA,NA,NA,NA,NA,NA,0.00,NA,NA,NA
2025-04-04 06:00:00,89.54,317.29,306.13,114.97,309.92,NA,NA,2.24,5.61,NA,NA,NA,NA,NA,NA,NA,NA,NA,NA,NA,0.00,NA,NA,NA
2025-04-04 07:00:00,94.62,312.70,226.88,108.05,242.09,NA,NA,2.10,5.63,NA,NA,NA,NA,NA,NA,NA,NA,NA,NA,NA,0.00,NA,NA,NA
2025-04-04 08:00:00,100.13,310.42,130.82,121.38,171.05,NA,NA,1.76,9.60,NA,NA,NA,NA,NA,NA,NA,NA,NA,NA,NA,0.00,NA,NA,NA
2025-04-04 09:00:00,120.46,351.22,81.04,111.06,124.98,NA,NA,1.51,46.43,NA,NA,NA,NA,NA,NA,NA,NA,NA,NA,NA,0.00,NA,NA,NA
2025-04-04 10:00:00,72.72,209.02,65.42,89.71,100.95,NA,NA,1.23,65.33,NA,NA,NA,NA,NA,NA,NA,NA,NA,NA,NA,0.00,NA,NA,NA
2025-04-04 11:00:00,44.00,141.01,51.61,78.51,83.74,NA,NA,1.12,91.59,NA,NA,NA,NA,NA,NA,NA,NA,NA,NA,NA,0.00,NA,NA,NA
2025-04-04 12:00:00,36.34,115.02,43.13,77.25,76.18,NA,NA,1.05,99.95,NA,NA,NA,NA,NA,NA,NA,NA,NA,NA,NA,0.00,NA,NA,NA
2025-04-04 13:00:00,30.72,113.34,34.13,76.87,68.64,NA,NA,0.98,117.59,NA,NA,NA,NA,NA,NA,NA,NA,NA,NA,NA,0.00,NA,NA,NA
2025-04-04 14:00:00,25.10,99.14,28.46,78.60,64.96,NA,NA,0.89,101.99,NA,NA,NA,NA,NA,NA,NA,NA,NA,NA,NA,0.00,NA,NA,NA
2025-04-04 15:00:00,16.61,96.26,23.42,72.45,57.59,NA,NA,0.83,87.01,NA,NA,NA,NA,NA,NA,NA,NA,NA,NA,NA,0.00,NA,NA,NA
2025-04-04 16:00:00,12.78,98.44,20.85,72.62,55.58,NA,NA,0.79,75.86,NA,NA,NA,NA,NA,NA,NA,NA,NA,NA,NA,0.00,NA,NA,NA
2025-04-04 17:00:00,17.73,101.43,19.93,84.48,61.13,NA,NA,0.76,57.83,NA,NA,NA,NA,NA,NA,NA,NA,NA,NA,NA,0.00,NA,NA,NA
2025-04-04 18:00:00,23.53,120.83,18.45,88.17,61.88,NA,NA,0.80,42.49,NA,NA,NA,NA,NA,NA,NA,NA,NA,NA,NA,0.00,NA,NA,NA
2025-04-04 19:00:00,22.87,140.74,20.13,93.13,65.90,NA,NA,0.93,27.33,NA,NA,NA,NA,NA,NA,NA,NA,NA,NA,NA,0.00,NA,NA,NA
2025-04-04 20:00:00,36.79,201.21,20.15,93.86,66.31,NA,NA,0.97,21.62,NA,NA,NA,NA,NA,NA,NA,NA,NA,NA,NA,0.00,NA,NA,NA
2025-04-04 21:00:00,41.43,178.60,21.56,87.73,64.19,NA,NA,0.93,24.72,NA,NA,NA,NA,NA,NA,NA,NA,NA,NA,NA,0.00,NA,NA,NA
2025-04-04 22:00:00,45.48,175.91,15.79,77.57,54.11,NA,NA,0.93,33.35,NA,NA,NA,NA,NA,NA,NA,NA,NA,NA,NA,0.00,NA,NA,NA
2025-04-04 23:00:00,50.69,173.38,14.36,80.15,54.31,NA,NA,0.89,29.34,NA,NA,NA,NA,NA,NA,NA,NA,NA,NA,NA,0.00,NA,NA,NA
2025-04-05 00:00:00,44.09,164.99,12.04,70.05,47.06,NA,NA,0.80,37.38,NA,NA,NA,NA,NA,NA,NA,NA,NA,NA,NA,0.00,NA,NA,NA
2025-04-05 01:00:00,38.68,128.79,12.28,71.25,47.89,NA,NA,0.78,34.94,NA,NA,NA,NA,NA,NA,NA,NA,NA,NA,NA,0.00,NA,NA,NA
2025-04-05 02:00:00,46.82,116.52,11.00,70.63,46.52,NA,NA,0.70,35.53,NA,NA,NA,NA,NA,NA,NA,NA,NA,NA,NA,0.00,NA,NA,NA
2025-04-05 03:00:00,52.94,113.75,10.56,63.12,42.16,NA,NA,0.75,37.68,NA,NA,NA,NA,NA,NA,NA,NA,NA,NA,NA,0.00,NA,NA,NA
2025-04-05 04:00:00,55.58,128.09,11.10,74.54,48.65,NA,NA,0.77,20.78,NA,NA,NA,NA,NA,NA,NA,NA,NA,NA,NA,0.00,NA,NA,NA
2025-04-05 05:00:00,79.47,206.40,11.92,82.82,53.75,NA,NA,0.86,14.77,NA,NA,NA,NA,NA,NA,NA,NA,NA,NA,NA,0.00,NA,NA,NA
2025-04-05 06:00:00,106.63,239.37,24.39,81.91,63.37,NA,NA,0.97,10.43,NA,NA,NA,NA,NA,NA,NA,NA,NA,NA,NA,0.00,NA,NA,NA
2025-04-05 07:00:00,93.52,320.55,33.71,79.12,69.50,NA,NA,1.00,13.09,NA,NA,NA,NA,NA,NA,NA,NA,NA,NA,NA,0.00,NA,NA,NA
2025-04-05 08:00:00,45.37,188.78,25.05,69.87,57.55,NA,NA,0.90,33.77,NA,NA,NA,NA,NA,NA,NA,NA,NA,NA,NA,0.00,NA,NA,NA
2025-04-05 09:00:00,40.81,128.79,15.19,63.21,45.97,NA,NA,0.84,58.79,NA,NA,NA,NA,NA,NA,NA,NA,NA,NA,NA,0.00,NA,NA,NA
2025-04-05 10:00:00,40.45,128.05,11.99,64.40,44.03,NA,NA,0.83,83.17,NA,NA,NA,NA,NA,NA,NA,NA,NA,NA,NA,0.00,NA,NA,NA
2025-04-05 11:00:00,35.99,164.32,7.70,61.19,38.80,NA,NA,0.80,92.67,NA,NA,NA,NA,NA,NA,NA,NA,NA,NA,NA,0.00,NA,NA,NA
2025-04-05 12:00:00,23.15,127.78,6.73,55.27,34.87,NA,NA,0.81,94.08,NA,NA,NA,NA,NA,NA,NA,NA,NA,NA,NA,0.00,NA,NA,NA
2025-04-05 13:00:00,26.12,110.21,5.71,53.31,33.00,NA,NA,0.75,92.32,NA,NA,NA,NA,NA,NA,NA,NA,NA,NA,NA,0.00,NA,NA,NA
2025-04-05 14:00:00,13.73,95.61,5.35,55.20,33.71,NA,NA,0.67,91.97,NA,NA,NA,NA,NA,NA,NA,NA,NA,NA,NA,0.00,NA,NA,NA
2025-04-05 15:00:00,14.58,90.33,4.78,60.68,36.16,NA,NA,0.66,94.08,NA,NA,NA,NA,NA,NA,NA,NA,NA,NA,NA,0.00,NA,NA,NA
2025-04-05 16:00:00,24.69,102.95,5.11,63.89,38.12,NA,NA,0.63,94.11,NA,NA,NA,NA,NA,NA,NA,NA,NA,NA,NA,0.00,NA,NA,NA
2025-04-05 17:00:00,21.40,100.14,6.08,78.74,46.81,NA,NA,0.65,75.64,NA,NA,NA,NA,NA,NA,NA,NA,NA,NA,NA,0.00,NA,NA,NA
2025-04-05 18:00:00,27.13,96.84,11.96,104.40,65.22,NA,NA,0.69,38.20,NA,NA,NA,NA,NA,NA,NA,NA,NA,NA,NA,0.00,NA,NA,NA
2025-04-05 19:00:00,35.94,111.03,18.76,119.12,78.62,NA,NA,0.76,11.95,NA,NA,NA,NA,NA,NA,NA,NA,NA,NA,NA,0.00,NA,NA,NA
2025-04-05 20:00:00,36.76,130.11,27.05,115.84,83.60,NA,NA,0.91,7.70,NA,NA,NA,NA,NA,NA,NA,NA,NA,NA,NA,0.00,NA,NA,NA
2025-04-05 21:00:00,46.62,178.24,39.33,113.07,92.15,NA,NA,1.12,6.21,NA,NA,NA,NA,NA,NA,NA,NA,NA,NA,NA,0.00,NA,NA,NA
2025-04-05 22:00:00,56.93,204.63,23.12,102.93,73.55,NA,NA,1.16,9.67,NA,NA,NA,NA,NA,NA,NA,NA,NA,NA,NA,0.00,NA,NA,NA
2025-04-05 23:00:00,60.40,193.09,22.67,91.23,66.94,NA,NA,1.11,15.51,NA,NA,NA,NA,NA,NA,NA,NA,NA,NA,NA,0.00,NA,NA,NA
2025-04-06 00:00:00,77.20,223.07,32.40,98.88,78.89,NA,NA,1.11,8.97,NA,NA,NA,NA,NA,NA,NA,NA,NA,NA,NA,0.00,NA,NA,NA
2025-04-06 01:00:00,65.26,254.45,91.25,104.48,129.74,NA,NA,1.37,5.50,NA,NA,NA,NA,NA,NA,NA,NA,NA,NA,NA,0.00,NA,NA,NA
2025-04-06 02:00:00,13.15,253.16,70.15,97.14,108.75,NA,NA,1.33,5.39,NA,NA,NA,NA,NA,NA,NA,NA,NA,NA,NA,0.00,NA,NA,NA
2025-04-06 03:00:00,41.33,294.31,55.57,91.11,93.62,NA,NA,1.30,5.56,NA,NA,NA,NA,NA,NA,NA,NA,NA,NA,NA,0.00,NA,NA,NA
2025-04-06 04:00:00,38.60,325.71,82.34,91.48,115.58,NA,NA,1.34,5.29,NA,NA,NA,NA,NA,NA,NA,NA,NA,NA,NA,0.00,NA,NA,NA
2025-04-06 05:00:00,29.51,270.98,78.88,91.38,112.78,NA,NA,1.31,5.09,NA,NA,NA,NA,NA,NA,NA,NA,NA,NA,NA,0.00,NA,NA,NA
2025-04-06 06:00:00,82.98,230.96,53.42,90.57,91.59,NA,NA,1.26,6.31,NA,NA,NA,NA,NA,NA,NA,NA,NA,NA,NA,0.00,NA,NA,NA
2025-04-06 07:00:00,66.07,193.74,62.90,94.84,101.62,NA,NA,1.23,8.40,NA,NA,NA,NA,NA,NA,NA,NA,NA,NA,NA,0.00,NA,NA,NA
2025-04-06 08:00:00,50.13,170.71,52.99,98.59,95.50,NA,NA,1.17,22.78,NA,NA,NA,NA,NA,NA,NA,NA,NA,NA,NA,0.00,NA,NA,NA
2025-04-06 09:00:00,52.50,167.28,32.00,89.67,73.79,NA,NA,1.08,53.38,NA,NA,NA,NA,NA,NA,NA,NA,NA,NA,NA,0.00,NA,NA,NA
2025-04-06 10:00:00,45.36,120.31,21.43,78.35,59.12,NA,NA,1.01,90.65,NA,NA,NA,NA,NA,NA,NA,NA,NA,NA,NA,0.00,NA,NA,NA
2025-04-06 11:00:00,38.83,110.47,14.63,66.54,47.29,NA,NA,0.92,127.93,NA,NA,NA,NA,NA,NA,NA,NA,NA,NA,NA,0.00,NA,NA,NA
2025-04-06 12:00:00,43.65,105.59,10.06,65.51,43.01,NA,NA,0.90,124.37,NA,NA,NA,NA,NA,NA,NA,NA,NA,NA,NA,0.00,NA,NA,NA
2025-04-06 13:00:00,31.26,102.24,6.85,56.91,35.86,NA,NA,0.83,123.98,NA,NA,NA,NA,NA,NA,NA,NA,NA,NA,NA,0.00,NA,NA,NA
2025-04-06 14:00:00,25.22,86.60,5.46,57.33,34.95,NA,NA,0.81,117.73,NA,NA,NA,NA,NA,NA,NA,NA,NA,NA,NA,0.00,NA,NA,NA
2025-04-06 15:00:00,22.74,88.24,4.62,51.22,30.98,NA,NA,0.75,111.69,NA,NA,NA,NA,NA,NA,NA,NA,NA,NA,NA,0.00,NA,NA,NA
2025-04-06 16:00:00,24.79,75.41,5.40,67.03,40.05,NA,NA,0.71,79.93,NA,NA,NA,NA,NA,NA,NA,NA,NA,NA,NA,0.00,NA,NA,NA
2025-04-06 17:00:00,21.41,73.29,5.98,73.09,43.74,NA,NA,0.69,70.93,NA,NA,NA,NA,NA,NA,NA,NA,NA,NA,NA,0.00,NA,NA,NA
2025-04-06 18:00:00,25.40,82.92,9.84,95.47,58.76,NA,NA,0.76,34.88,NA,NA,NA,NA,NA,NA,NA,NA,NA,NA,NA,0.00,NA,NA,NA
2025-04-06 19:00:00,25.99,112.97,55.38,112.22,104.66,NA,NA,1.03,10.25,NA,NA,NA,NA,NA,NA,NA,NA,NA,NA,NA,0.00,NA,NA,NA
2025-04-06 20:00:00,37.47,181.45,161.72,113.53,191.69,NA,NA,1.64,5.64,NA,NA,NA,NA,NA,NA,NA,NA,NA,NA,NA,0.00,NA,NA,NA
2025-04-06 21:00:00,50.39,241.88,244.92,117.34,261.42,NA,NA,2.04,5.55,NA,NA,NA,NA,NA,NA,NA,NA,NA,NA,NA,0.00,NA,NA,NA
2025-04-06 22:00:00,63.23,334.67,404.81,122.22,393.98,NA,NA,2.72,5.68,NA,NA,NA,NA,NA,NA,NA,NA,NA,NA,NA,0.00,NA,NA,NA
2025-04-06 23:00:00,66.56,353.92,426.88,121.81,412.04,NA,NA,2.85,5.67,NA,NA,NA,NA,NA,NA,NA,NA,NA,NA,NA,0.00,NA,NA,NA
2025-04-07 00:00:00,67.77,313.97,302.03,113.05,305.63,NA,NA,2.74,5.57,NA,NA,NA,NA,NA,NA,NA,NA,NA,NA,NA,0.00,NA,NA,NA
2025-04-07 01:00:00,63.26,336.89,361.00,110.85,352.44,NA,NA,3.05,5.58,NA,NA,NA,NA,NA,NA,NA,NA,NA,NA,NA,0.00,NA,NA,NA
2025-04-07 02:00:00,1.55,333.07,265.04,112.77,275.68,NA,NA,2.64,5.18,NA,NA,NA,NA,NA,NA,NA,NA,NA,NA,NA,0.00,NA,NA,NA
2025-04-07 03:00:00,11.73,249.80,148.12,106.98,177.41,NA,NA,2.04,6.91,NA,NA,NA,NA,NA,NA,NA,NA,NA,NA,NA,0.00,NA,NA,NA
2025-04-07 04:00:00,26.63,196.61,115.51,96.29,145.09,NA,NA,1.87,8.15,NA,NA,NA,NA,NA,NA,NA,NA,NA,NA,NA,0.00,NA,NA,NA
2025-04-07 05:00:00,40.55,272.48,113.19,94.63,142.36,NA,NA,1.95,7.71,NA,NA,NA,NA,NA,NA,NA,NA,NA,NA,NA,0.00,NA,NA,NA
2025-04-07 06:00:00,128.67,371.56,215.59,100.94,228.94,NA,NA,2.38,5.35,NA,NA,NA,NA,NA,NA,NA,NA,NA,NA,NA,0.00,NA,NA,NA
2025-04-07 07:00:00,107.49,290.32,124.15,105.41,156.98,NA,NA,1.93,15.56,NA,NA,NA,NA,NA,NA,NA,NA,NA,NA,NA,0.00,NA,NA,NA
2025-04-07 08:00:00,74.05,205.94,74.35,98.01,112.59,NA,NA,1.67,56.58,NA,NA,NA,NA,NA,NA,NA,NA,NA,NA,NA,0.00,NA,NA,NA
2025-04-07 09:00:00,65.42,188.91,54.95,79.28,86.84,NA,NA,1.50,100.71,NA,NA,NA,NA,NA,NA,NA,NA,NA,NA,NA,0.00,NA,NA,NA
2025-04-07 10:00:00,51.09,177.62,42.94,76.17,75.40,NA,NA,1.43,122.95,NA,NA,NA,NA,NA,NA,NA,NA,NA,NA,NA,0.00,NA,NA,NA
2025-04-07 11:00:00,40.02,144.83,32.58,69.83,63.63,NA,NA,1.26,134.70,NA,NA,NA,NA,NA,NA,NA,NA,NA,NA,NA,0.00,NA,NA,NA
2025-04-07 12:00:00,49.77,159.03,22.65,73.02,57.24,NA,NA,1.31,161.72,NA,NA,NA,NA,NA,NA,NA,NA,NA,NA,NA,0.00,NA,NA,NA
2025-04-07 13:00:00,44.25,142.96,16.25,75.08,53.14,NA,NA,1.22,161.91,NA,NA,NA,NA,NA,NA,NA,NA,NA,NA,NA,0.00,NA,NA,NA
2025-04-07 14:00:00,30.60,119.76,10.90,76.24,49.41,NA,NA,1.18,167.39,NA,NA,NA,NA,NA,NA,NA,NA,NA,NA,NA,0.00,NA,NA,NA
2025-04-07 15:00:00,27.34,117.61,6.95,71.06,43.45,NA,NA,1.11,168.54,NA,NA,NA,NA,NA,NA,NA,NA,NA,NA,NA,0.00,NA,NA,NA
2025-04-07 16:00:00,31.17,111.98,4.69,82.53,47.69,NA,NA,1.09,167.84,NA,NA,NA,NA,NA,NA,NA,NA,NA,NA,NA,0.00,NA,NA,NA
2025-04-07 17:00:00,30.43,117.30,4.47,101.57,57.65,NA,NA,1.08,135.07,NA,NA,NA,NA,NA,NA,NA,NA,NA,NA,NA,0.00,NA,NA,NA
2025-04-07 18:00:00,33.69,132.19,5.76,106.54,61.34,NA,NA,1.10,120.84,NA,NA,NA,NA,NA,NA,NA,NA,NA,NA,NA,0.00,NA,NA,NA
2025-04-07 19:00:00,30.14,134.43,11.38,124.69,75.59,NA,NA,1.17,50.80,NA,NA,NA,NA,NA,NA,NA,NA,NA,NA,NA,0.00,NA,NA,NA
2025-04-07 20:00:00,38.25,165.24,43.37,146.52,113.25,NA,NA,1.51,7.51,NA,NA,NA,NA,NA,NA,NA,NA,NA,NA,NA,0.00,NA,NA,NA
2025-04-07 21:00:00,46.75,181.94,88.43,134.86,143.72,NA,NA,1.70,5.48,NA,NA,NA,NA,NA,NA,NA,NA,NA,NA,NA,0.00,NA,NA,NA
2025-04-07 22:00:00,56.70,202.01,61.68,127.30,117.76,NA,NA,1.90,5.82,NA,NA,NA,NA,NA,NA,NA,NA,NA,NA,NA,0.00,NA,NA,NA
2025-04-07 23:00:00,72.58,278.80,76.28,127.14,129.65,NA,NA,2.15,5.71,NA,NA,NA,NA,NA,NA,NA,NA,NA,NA,NA,0.00,NA,NA,NA
2025-04-08 00:00:00,99.37,290.04,44.49,123.94,102.09,NA,NA,1.87,6.21,NA,NA,NA,NA,NA,NA,NA,NA,NA,NA,NA,0.00,NA,NA,NA
2025-04-08 01:00:00,97.62,286.25,34.88,114.42,89.21,NA,NA,1.70,16.31,NA,NA,NA,NA,NA,NA,NA,NA,NA,NA,NA,0.00,NA,NA,NA
2025-04-08 02:00:00,82.41,231.35,21.90,96.48,69.13,NA,NA,1.40,35.07,NA,NA,NA,NA,NA,NA,NA,NA,NA,NA,NA,0.00,NA,NA,NA
2025-04-08 03:00:00,75.28,212.92,21.97,99.96,71.04,NA,NA,1.46,21.41,NA,NA,NA,NA,NA,NA,NA,NA,NA,NA,NA,0.00,NA,NA,NA
2025-04-08 04:00:00,81.62,215.51,22.03,92.94,67.34,NA,NA,1.43,25.06,NA,NA,NA,NA,NA,NA,NA,NA,NA,NA,NA,0.00,NA,NA,NA
2025-04-08 05:00:00,78.18,209.71,14.75,67.22,47.74,NA,NA,1.30,57.68,NA,NA,NA,NA,NA,NA,NA,NA,NA,NA,NA,0.00,NA,NA,NA
2025-04-08 06:00:00,76.80,202.76,12.99,76.39,51.19,NA,NA,1.27,50.22,NA,NA,NA,NA,NA,NA,NA,NA,NA,NA,NA,0.00,NA,NA,NA
2025-04-08 07:00:00,77.81,216.59,10.68,64.57,43.03,NA,NA,1.24,61.14,NA,NA,NA,NA,NA,NA,NA,NA,NA,NA,NA,0.00,NA,NA,NA
2025-04-08 08:00:00,78.35,209.11,8.57,59.34,38.53,NA,NA,1.20,76.55,NA,NA,NA,NA,NA,NA,NA,NA,NA,NA,NA,0.00,NA,NA,NA
2025-04-08 09:00:00,67.92,219.57,6.19,54.44,34.00,NA,NA,1.17,100.34,NA,NA,NA,NA,NA,NA,NA,NA,NA,NA,NA,0.00,NA,NA,NA
2025-04-08 10:00:00,75.12,228.13,4.71,50.46,30.67,NA,NA,1.15,114.37,NA,NA,NA,NA,NA,NA,NA,NA,NA,NA,NA,0.00,NA,NA,NA
2025-04-08 11:00:00,79.21,242.30,4.43,40.40,25.08,NA,NA,1.11,131.62,NA,NA,NA,NA,NA,NA,NA,NA,NA,NA,NA,0.00,NA,NA,NA
2025-04-08 12:00:00,73.05,213.95,4.38,42.65,26.26,NA,NA,1.05,138.46,NA,NA,NA,NA,NA,NA,NA,NA,NA,NA,NA,0.00,NA,NA,NA
2025-04-08 13:00:00,60.03,198.05,3.89,43.33,26.19,NA,NA,1.05,141.85,NA,NA,NA,NA,NA,NA,NA,NA,NA,NA,NA,0.00,NA,NA,NA
2025-04-08 14:00:00,53.78,170.78,3.71,40.19,24.40,NA,NA,1.00,145.27,NA,NA,NA,NA,NA,NA,NA,NA,NA,NA,NA,0.00,NA,NA,NA
2025-04-08 15:00:00,45.68,160.54,3.84,48.74,29.06,NA,NA,0.98,146.62,NA,NA,NA,NA,NA,NA,NA,NA,NA,NA,NA,0.00,NA,NA,NA
2025-04-08 16:00:00,55.30,190.50,4.15,60.79,35.71,NA,NA,0.97,136.34,NA,NA,NA,NA,NA,NA,NA,NA,NA,NA,NA,0.00,NA,NA,NA
2025-04-08 17:00:00,54.96,182.85,4.88,72.16,42.36,NA,NA,0.93,118.76,NA,NA,NA,NA,NA,NA,NA,NA,NA,NA,NA,0.00,NA,NA,NA
2025-04-08 18:00:00,50.10,182.61,6.71,111.37,64.74,NA,NA,1.13,62.82,NA,NA,NA,NA,NA,NA,NA,NA,NA,NA,NA,0.00,NA,NA,NA
2025-04-08 19:00:00,59.12,234.60,13.05,133.47,81.60,NA,NA,1.41,22.87,NA,NA,NA,NA,NA,NA,NA,NA,NA,NA,NA,0.00,NA,NA,NA
2025-04-08 20:00:00,58.56,279.39,22.91,131.39,88.51,NA,NA,1.66,10.75,NA,NA,NA,NA,NA,NA,NA,NA,NA,NA,NA,0.00,NA,NA,NA
2025-04-08 21:00:00,12.23,288.76,18.96,119.20,78.81,NA,NA,1.56,18.30,NA,NA,NA,NA,NA,NA,NA,NA,NA,NA,NA,0.00,NA,NA,NA
2025-04-08 22:00:00,19.63,341.52,9.66,92.35,56.95,NA,NA,1.43,35.70,NA,NA,NA,NA,NA,NA,NA,NA,NA,NA,NA,0.00,NA,NA,NA
2025-04-08 23:00:00,21.48,276.85,8.98,83.85,51.90,NA,NA,1.36,35.65,NA,NA,NA,NA,NA,NA,NA,NA,NA,NA,NA,0.00,NA,NA,NA
2025-04-09 00:00:00,30.83,273.56,9.81,89.75,55.73,NA,NA,1.38,23.58,NA,NA,NA,NA,NA,NA,NA,NA,NA,NA,NA,0.00,NA,NA,NA
2025-04-09 01:00:00,30.61,278.18,8.99,87.55,53.87,NA,NA,1.28,25.42,NA,NA,NA,NA,NA,NA,NA,NA,NA,NA,NA,0.00,NA,NA,NA
2025-04-09 02:00:00,23.70,247.56,8.32,76.61,47.50,NA,NA,1.20,31.97,NA,NA,NA,NA,NA,NA,NA,NA,NA,NA,NA,0.00,NA,NA,NA
2025-04-09 03:00:00,26.18,222.72,7.39,67.41,41.86,NA,NA,1.17,40.46,NA,NA,NA,NA,NA,NA,NA,NA,NA,NA,NA,0.00,NA,NA,NA
2025-04-09 04:00:00,23.77,216.52,6.60,57.75,36.07,NA,NA,1.13,47.33,NA,NA,NA,NA,NA,NA,NA,NA,NA,NA,NA,0.00,NA,NA,NA
2025-04-09 05:00:00,18.98,203.55,6.38,59.20,36.69,NA,NA,1.14,45.31,NA,NA,NA,NA,NA,NA,NA,NA,NA,NA,NA,0.00,NA,NA,NA
2025-04-09 06:00:00,66.23,229.72,6.68,64.31,39.65,NA,NA,1.18,36.78,NA,NA,NA,NA,NA,NA,NA,NA,NA,NA,NA,0.00,NA,NA,NA
2025-04-09 07:00:00,85.38,258.67,8.91,66.57,42.63,NA,NA,1.18,33.16,NA,NA,NA,NA,NA,NA,NA,NA,NA,NA,NA,0.00,NA,NA,NA
2025-04-09 08:00:00,72.20,222.35,7.03,51.41,33.06,NA,NA,1.12,60.45,NA,NA,NA,NA,NA,NA,NA,NA,NA,NA,NA,0.00,NA,NA,NA
2025-04-09 09:00:00,66.45,196.72,5.84,44.21,28.25,NA,NA,1.03,77.58,NA,NA,NA,NA,NA,NA,NA,NA,NA,NA,NA,0.00,NA,NA,NA
2025-04-09 10:00:00,71.15,195.73,4.77,36.39,23.23,NA,NA,1.01,98.78,NA,NA,NA,NA,NA,NA,NA,NA,NA,NA,NA,0.00,NA,NA,NA
2025-04-09 11:00:00,71.28,210.68,4.19,34.51,21.76,NA,NA,0.98,114.41,NA,NA,NA,NA,NA,NA,NA,NA,NA,NA,NA,0.00,NA,NA,NA
2025-04-09 12:00:00,68.56,188.02,4.10,34.52,21.70,NA,NA,0.70,121.03,NA,NA,NA,NA,NA,NA,NA,NA,NA,NA,NA,0.00,NA,NA,NA
2025-04-09 13:00:00,93.21,219.54,12.46,33.50,27.95,NA,NA,0.53,128.29,NA,NA,NA,NA,NA,NA,NA,NA,NA,NA,NA,0.00,NA,NA,NA
2025-04-09 14:00:00,126.05,244.55,17.57,41.20,36.17,NA,NA,0.35,129.71,NA,NA,NA,NA,NA,NA,NA,NA,NA,NA,NA,0.00,NA,NA,NA
2025-04-09 15:00:00,125.75,247.86,21.60,34.02,35.66,NA,NA,0.26,136.19,NA,NA,NA,NA,NA,NA,NA,NA,NA,NA,NA,0.00,NA,NA,NA
2025-04-09 16:00:00,83.84,175.76,17.26,48.26,39.76,NA,NA,0.42,140.01,NA,NA,NA,NA,NA,NA,NA,NA,NA,NA,NA,0.00,NA,NA,NA
2025-04-09 17:00:00,47.35,154.61,12.31,80.98,53.09,NA,NA,0.60,111.22,NA,NA,NA,NA,NA,NA,NA,NA,NA,NA,NA,0.00,NA,NA,NA
2025-04-09 18:00:00,30.35,149.98,7.16,109.43,64.04,NA,NA,0.89,70.42,NA,NA,NA,NA,NA,NA,NA,NA,NA,NA,NA,0.00,NA,NA,NA
2025-04-09 19:00:00,27.77,187.17,11.08,139.44,83.23,NA,NA,1.18,29.89,NA,NA,NA,NA,NA,NA,NA,NA,NA,NA,NA,0.00,NA,NA,NA
2025-04-09 20:00:00,40.42,240.44,11.77,135.79,81.81,NA,NA,1.46,22.68,NA,NA,NA,NA,NA,NA,NA,NA,NA,NA,NA,0.00,NA,NA,NA
2025-04-09 21:00:00,69.57,284.37,23.09,136.45,91.36,NA,NA,1.72,10.54,NA,NA,NA,NA,NA,NA,NA,NA,NA,NA,NA,0.00,NA,NA,NA
2025-04-09 22:00:00,80.59,296.71,42.04,136.37,106.73,NA,NA,1.85,6.00,NA,NA,NA,NA,NA,NA,NA,NA,NA,NA,NA,0.00,NA,NA,NA
2025-04-09 23:00:00,77.82,285.13,28.95,113.83,84.11,NA,NA,1.66,13.65,NA,NA,NA,NA,NA,NA,NA,NA,NA,NA,NA,0.00,NA,NA,NA
2025-04-10 00:00:00,73.91,276.48,14.50,96.51,63.12,NA,NA,1.37,20.31,NA,NA,NA,NA,NA,NA,NA,NA,NA,NA,NA,0.00,NA,NA,NA
2025-04-10 01:00:00,67.02,323.31,9.69,86.27,53.77,NA,NA,1.24,21.94,NA,NA,NA,NA,NA,NA,NA,NA,NA,NA,NA,0.00,NA,NA,NA
2025-04-10 02:00:00,46.28,286.81,14.46,82.70,55.75,NA,NA,1.10,23.52,NA,NA,NA,NA,NA,NA,NA,NA,NA,NA,NA,0.00,NA,NA,NA
2025-04-10 03:00:00,36.58,230.38,37.27,92.78,79.63,NA,NA,1.14,12.33,NA,NA,NA,NA,NA,NA,NA,NA,NA,NA,NA,0.00,NA,NA,NA
2025-04-10 04:00:00,45.26,249.15,103.24,97.00,135.49,NA,NA,1.45,5.29,NA,NA,NA,NA,NA,NA,NA,NA,NA,NA,NA,0.00,NA,NA,NA
2025-04-10 05:00:00,46.50,277.93,70.44,90.63,105.55,NA,NA,1.24,6.02,NA,NA,NA,NA,NA,NA,NA,NA,NA,NA,NA,0.00,NA,NA,NA
2025-04-10 06:00:00,53.07,255.13,30.57,77.75,66.22,NA,NA,1.17,8.98,NA,NA,NA,NA,NA,NA,NA,NA,NA,NA,NA,0.00,NA,NA,NA
2025-04-10 07:00:00,64.02,273.79,25.53,70.90,58.48,NA,NA,1.18,16.37,NA,NA,NA,NA,NA,NA,NA,NA,NA,NA,NA,0.00,NA,NA,NA
2025-04-10 08:00:00,60.71,271.47,18.44,67.35,50.81,NA,NA,1.16,27.09,NA,NA,NA,NA,NA,NA,NA,NA,NA,NA,NA,0.00,NA,NA,NA
2025-04-10 09:00:00,61.89,269.64,14.35,67.65,47.66,NA,NA,1.10,51.85,NA,NA,NA,NA,NA,NA,NA,NA,NA,NA,NA,0.00,NA,NA,NA
2025-04-10 10:00:00,60.84,219.55,10.66,71.70,46.80,NA,NA,1.04,80.36,NA,NA,NA,NA,NA,NA,NA,NA,NA,NA,NA,0.00,NA,NA,NA
2025-04-10 11:00:00,58.18,176.48,5.07,60.06,36.07,NA,NA,0.95,117.61,NA,NA,NA,NA,NA,NA,NA,NA,NA,NA,NA,0.00,NA,NA,NA
2025-04-10 12:00:00,64.88,200.95,3.01,61.01,34.90,NA,NA,1.03,143.00,NA,NA,NA,NA,NA,NA,NA,NA,NA,NA,NA,0.00,NA,NA,NA
2025-04-10 13:00:00,67.40,195.34,2.55,61.03,34.53,NA,NA,0.99,138.87,NA,NA,NA,NA,NA,NA,NA,NA,NA,NA,NA,0.00,NA,NA,NA
2025-04-10 14:00:00,55.07,176.82,2.98,66.22,37.66,NA,NA,0.99,118.03,NA,NA,NA,NA,NA,NA,NA,NA,NA,NA,NA,0.00,NA,NA,NA
2025-04-10 15:00:00,46.37,143.39,2.04,49.41,27.94,NA,NA,0.88,110.68,NA,NA,NA,NA,NA,NA,NA,NA,NA,NA,NA,0.00,NA,NA,NA
2025-04-10 16:00:00,35.51,106.43,2.38,61.74,34.77,NA,NA,0.85,73.47,NA,NA,NA,NA,NA,NA,NA,NA,NA,NA,NA,0.00,NA,NA,NA
2025-04-10 17:00:00,30.65,115.48,4.65,55.95,33.54,NA,NA,0.81,75.49,NA,NA,NA,NA,NA,NA,NA,NA,NA,NA,NA,0.00,NA,NA,NA
2025-04-10 18:00:00,84.21,597.24,5.48,48.37,30.18,NA,NA,0.79,67.91,NA,NA,NA,NA,NA,NA,NA,NA,NA,NA,NA,0.00,NA,NA,NA
2025-04-10 19:00:00,32.31,239.96,4.29,59.54,35.16,NA,NA,0.75,41.79,NA,NA,NA,NA,NA,NA,NA,NA,NA,NA,NA,0.00,NA,NA,NA
2025-04-10 20:00:00,17.06,65.60,11.98,79.27,51.90,NA,NA,0.87,14.16,NA,NA,NA,NA,NA,NA,NA,NA,NA,NA,NA,0.00,NA,NA,NA
2025-04-10 21:00:00,24.15,103.23,8.12,67.63,42.58,NA,NA,0.85,24.63,NA,NA,NA,NA,NA,NA,NA,NA,NA,NA,NA,0.00,NA,NA,NA
2025-04-10 22:00:00,29.54,131.25,6.30,59.69,36.88,NA,NA,0.78,35.24,NA,NA,NA,NA,NA,NA,NA,NA,NA,NA,NA,0.00,NA,NA,NA
2025-04-10 23:00:00,29.95,151.04,3.99,61.21,35.81,NA,NA,0.76,34.78,NA,NA,NA,NA,NA,NA,NA,NA,NA,NA,NA,0.00,NA,NA,NA
2025-04-11 00:00:00,32.83,129.53,4.66,57.24,34.23,NA,NA,0.72,37.02,NA,NA,NA,NA,NA,NA,NA,NA,NA,NA,NA,0.00,NA,NA,NA
2025-04-11 01:00:00,37.91,212.30,3.49,42.95,25.69,NA,NA,0.68,40.59,NA,NA,NA,NA,NA,NA,NA,NA,NA,NA,NA,0.00,NA,NA,NA
2025-04-11 02:00:00,33.56,230.07,3.17,37.74,22.65,NA,NA,0.65,40.53,NA,NA,NA,NA,NA,NA,NA,NA,NA,NA,NA,0.00,NA,NA,NA
2025-04-11 03:00:00,23.07,225.79,3.70,42.05,25.37,NA,NA,0.62,32.13,NA,NA,NA,NA,NA,NA,NA,NA,NA,NA,NA,0.00,NA,NA,NA
2025-04-11 04:00:00,21.60,221.16,3.76,42.57,25.70,NA,NA,0.59,29.30,NA,NA,NA,NA,NA,NA,NA,NA,NA,NA,NA,0.00,NA,NA,NA
2025-04-11 05:00:00,18.76,155.87,3.95,41.23,25.14,NA,NA,0.61,29.60,NA,NA,NA,NA,NA,NA,NA,NA,NA,NA,NA,0.00,NA,NA,NA
2025-04-11 06:00:00,37.42,153.25,5.00,40.95,25.85,NA,NA,0.66,23.14,NA,NA,NA,NA,NA,NA,NA,NA,NA,NA,NA,0.00,NA,NA,NA
2025-04-11 07:00:00,34.39,110.39,4.68,37.44,23.72,NA,NA,0.71,27.91,NA,NA,NA,NA,NA,NA,NA,NA,NA,NA,NA,0.00,NA,NA,NA
2025-04-11 08:00:00,28.71,86.71,5.05,39.82,25.28,NA,NA,0.71,32.16,NA,NA,NA,NA,NA,NA,NA,NA,NA,NA,NA,0.00,NA,NA,NA
2025-04-11 09:00:00,38.38,114.80,5.97,41.78,27.08,NA,NA,0.71,41.22,NA,NA,NA,NA,NA,NA,NA,NA,NA,NA,NA,0.00,NA,NA,NA
2025-04-11 10:00:00,41.71,140.12,3.85,40.15,24.49,NA,NA,0.72,55.07,NA,NA,NA,NA,NA,NA,NA,NA,NA,NA,NA,0.00,NA,NA,NA
2025-04-11 11:00:00,46.00,135.03,2.95,36.95,22.05,NA,NA,0.71,66.53,NA,NA,NA,NA,NA,NA,NA,NA,NA,NA,NA,0.00,NA,NA,NA
2025-04-11 12:00:00,50.06,161.88,3.44,38.89,23.48,NA,NA,0.69,73.86,NA,NA,NA,NA,NA,NA,NA,NA,NA,NA,NA,0.00,NA,NA,NA
2025-04-11 13:00:00,43.02,146.66,3.05,38.34,22.87,NA,NA,0.69,82.62,NA,NA,NA,NA,NA,NA,NA,NA,NA,NA,NA,0.00,NA,NA,NA
2025-04-11 14:00:00,38.84,144.63,2.19,36.57,21.23,NA,NA,0.65,94.01,NA,NA,NA,NA,NA,NA,NA,NA,NA,NA,NA,0.00,NA,NA,NA
2025-04-11 15:00:00,40.45,146.95,2.21,40.18,23.17,NA,NA,0.67,94.41,NA,NA,NA,NA,NA,NA,NA,NA,NA,NA,NA,0.00,NA,NA,NA
2025-04-11 16:00:00,38.85,138.61,1.96,41.97,23.92,NA,NA,0.63,90.40,NA,NA,NA,NA,NA,NA,NA,NA,NA,NA,NA,0.00,NA,NA,NA
2025-04-11 17:00:00,41.37,144.10,2.14,46.66,26.56,NA,NA,0.66,78.84,NA,NA,NA,NA,NA,NA,NA,NA,NA,NA,NA,0.00,NA,NA,NA
2025-04-11 18:00:00,76.21,251.65,3.45,50.74,29.79,NA,NA,0.61,62.60,NA,NA,NA,NA,NA,NA,NA,NA,NA,NA,NA,0.00,NA,NA,NA
2025-04-11 19:00:00,109.12,665.49,3.55,36.06,22.07,NA,NA,0.48,41.56,NA,NA,NA,NA,NA,NA,NA,NA,NA,NA,NA,0.00,NA,NA,NA
2025-04-11 20:00:00,3.16,282.24,11.45,51.22,36.55,NA,NA,0.51,18.78,NA,NA,NA,NA,NA,NA,NA,NA,NA,NA,NA,0.00,NA,NA,NA
2025-04-11 21:00:00,13.47,286.62,8.18,49.81,33.15,NA,NA,0.52,16.21,NA,NA,NA,NA,NA,NA,NA,NA,NA,NA,NA,0.00,NA,NA,NA
2025-04-11 22:00:00,6.91,41.59,12.17,60.90,42.27,NA,NA,0.64,10.65,NA,NA,NA,NA,NA,NA,NA,NA,NA,NA,NA,0.00,NA,NA,NA
2025-04-11 23:00:00,18.90,76.19,26.06,72.85,59.94,NA,NA,0.76,6.66,NA,NA,NA,NA,NA,NA,NA,NA,NA,NA,NA,0.00,NA,NA,NA
2025-04-12 00:00:00,23.76,97.90,54.08,79.62,86.32,NA,NA,0.86,6.97,NA,NA,NA,NA,NA,NA,NA,NA,NA,NA,NA,0.00,NA,NA,NA
2025-04-12 01:00:00,24.24,98.85,23.06,65.39,53.54,NA,NA,0.72,6.60,NA,NA,NA,NA,NA,NA,NA,NA,NA,NA,NA,0.00,NA,NA,NA
2025-04-12 02:00:00,21.55,65.13,12.06,50.53,36.69,NA,NA,0.60,11.94,NA,NA,NA,NA,NA,NA,NA,NA,NA,NA,NA,0.00,NA,NA,NA
2025-04-12 03:00:00,16.13,55.85,11.92,51.53,37.10,NA,NA,0.59,9.75,NA,NA,NA,NA,NA,NA,NA,NA,NA,NA,NA,0.00,NA,NA,NA
2025-04-12 04:00:00,20.92,71.52,18.59,60.79,47.44,NA,NA,0.66,6.98,NA,NA,NA,NA,NA,NA,NA,NA,NA,NA,NA,0.00,NA,NA,NA
2025-04-12 05:00:00,37.44,87.48,21.31,59.22,48.84,NA,NA,0.71,7.21,NA,NA,NA,NA,NA,NA,NA,NA,NA,NA,NA,0.00,NA,NA,NA
2025-04-12 06:00:00,41.49,99.98,24.51,62.99,53.42,NA,NA,0.78,6.55,NA,NA,NA,NA,NA,NA,NA,NA,NA,NA,NA,0.00,NA,NA,NA
2025-04-12 07:00:00,27.53,93.81,23.81,61.92,52.31,NA,NA,0.73,7.26,NA,NA,NA,NA,NA,NA,NA,NA,NA,NA,NA,0.00,NA,NA,NA
2025-04-12 08:00:00,21.20,79.46,16.08,56.46,43.11,NA,NA,0.65,13.61,NA,NA,NA,NA,NA,NA,NA,NA,NA,NA,NA,0.00,NA,NA,NA
2025-04-12 09:00:00,33.06,104.60,10.16,46.59,33.05,NA,NA,0.65,27.74,NA,NA,NA,NA,NA,NA,NA,NA,NA,NA,NA,0.00,NA,NA,NA
2025-04-12 10:00:00,36.12,98.38,6.10,42.29,27.46,NA,NA,0.65,45.26,NA,NA,NA,NA,NA,NA,NA,NA,NA,NA,NA,0.00,NA,NA,NA
2025-04-12 11:00:00,37.71,87.24,4.11,45.48,27.53,NA,NA,0.68,59.13,NA,NA,NA,NA,NA,NA,NA,NA,NA,NA,NA,0.00,NA,NA,NA
2025-04-12 12:00:00,44.82,87.22,2.97,45.62,26.68,NA,NA,0.66,71.25,NA,NA,NA,NA,NA,NA,NA,NA,NA,NA,NA,0.00,NA,NA,NA
2025-04-12 13:00:00,35.64,75.58,2.80,44.32,25.85,NA,NA,0.65,73.44,NA,NA,NA,NA,NA,NA,NA,NA,NA,NA,NA,0.00,NA,NA,NA
2025-04-12 14:00:00,24.07,71.47,2.28,35.77,20.88,NA,NA,0.60,76.91,NA,NA,NA,NA,NA,NA,NA,NA,NA,NA,NA,0.00,NA,NA,NA
2025-04-12 15:00:00,21.08,66.62,2.22,34.02,19.90,NA,NA,0.62,78.45,NA,NA,NA,NA,NA,NA,NA,NA,NA,NA,NA,0.00,NA,NA,NA
2025-04-12 16:00:00,27.01,82.22,2.57,39.17,22.92,NA,NA,0.58,74.30,NA,NA,NA,NA,NA,NA,NA,NA,NA,NA,NA,0.00,NA,NA,NA
2025-04-12 17:00:00,28.54,79.21,2.37,43.20,24.91,NA,NA,0.59,74.39,NA,NA,NA,NA,NA,NA,NA,NA,NA,NA,NA,0.00,NA,NA,NA
2025-04-12 18:00:00,37.67,107.12,3.38,73.37,41.77,NA,NA,0.70,59.98,NA,NA,NA,NA,NA,NA,NA,NA,NA,NA,NA,0.00,NA,NA,NA
2025-04-12 19:00:00,40.81,127.92,4.96,82.26,47.79,NA,NA,0.79,39.19,NA,NA,NA,NA,NA,NA,NA,NA,NA,NA,NA,0.00,NA,NA,NA
2025-04-12 20:00:00,44.33,126.13,9.22,91.69,56.27,NA,NA,0.85,22.44,NA,NA,NA,NA,NA,NA,NA,NA,NA,NA,NA,0.00,NA,NA,NA
2025-04-12 21:00:00,51.47,126.99,7.49,71.83,44.29,NA,NA,0.87,27.26,NA,NA,NA,NA,NA,NA,NA,NA,NA,NA,NA,0.00,NA,NA,NA
2025-04-12 22:00:00,29.37,92.88,5.19,52.53,32.17,NA,NA,0.65,30.73,NA,NA,NA,NA,NA,NA,NA,NA,NA,NA,NA,0.00,NA,NA,NA
2025-04-12 23:00:00,19.23,55.63,6.21,61.43,37.72,NA,NA,0.71,21.43,NA,NA,NA,NA,NA,NA,NA,NA,NA,NA,NA,0.00,NA,NA,NA
2025-04-13 00:00:00,22.77,70.36,8.21,67.20,42.41,NA,NA,0.69,12.09,NA,NA,NA,NA,NA,NA,NA,NA,NA,NA,NA,0.00,NA,NA,NA
2025-04-13 01:00:00,24.45,87.67,25.05,75.12,60.31,NA,NA,0.86,5.81,NA,NA,NA,NA,NA,NA,NA,NA,NA,NA,NA,0.00,NA,NA,NA
2025-04-13 02:00:00,38.16,120.93,17.00,69.73,50.93,NA,NA,0.76,7.18,NA,NA,NA,NA,NA,NA,NA,NA,NA,NA,NA,0.00,NA,NA,NA
2025-04-13 03:00:00,33.44,124.01,19.17,66.93,51.17,NA,NA,0.80,6.87,NA,NA,NA,NA,NA,NA,NA,NA,NA,NA,NA,0.00,NA,NA,NA
2025-04-13 04:00:00,37.89,116.10,31.98,70.28,63.39,NA,NA,0.82,5.88,NA,NA,NA,NA,NA,NA,NA,NA,NA,NA,NA,0.00,NA,NA,NA
2025-04-13 05:00:00,41.84,109.54,39.85,73.71,71.60,NA,NA,0.86,5.67,NA,NA,NA,NA,NA,NA,NA,NA,NA,NA,NA,0.00,NA,NA,NA
2025-04-13 06:00:00,42.85,113.38,49.05,72.62,78.51,NA,NA,0.91,5.68,NA,NA,NA,NA,NA,NA,NA,NA,NA,NA,NA,0.00,NA,NA,NA
2025-04-13 07:00:00,33.57,107.16,40.86,75.07,73.18,NA,NA,0.92,6.78,NA,NA,NA,NA,NA,NA,NA,NA,NA,NA,NA,0.00,NA,NA,NA
2025-04-13 08:00:00,41.56,131.12,18.57,73.57,54.24,NA,NA,0.86,22.39,NA,NA,NA,NA,NA,NA,NA,NA,NA,NA,NA,0.00,NA,NA,NA
2025-04-13 09:00:00,45.86,117.52,11.24,64.86,43.64,NA,NA,0.81,52.24,NA,NA,NA,NA,NA,NA,NA,NA,NA,NA,NA,0.00,NA,NA,NA
2025-04-13 10:00:00,43.78,107.86,6.16,49.67,31.43,NA,NA,0.73,79.92,NA,NA,NA,NA,NA,NA,NA,NA,NA,NA,NA,0.00,NA,NA,NA
2025-04-13 11:00:00,48.58,107.39,3.14,43.40,25.64,NA,NA,0.73,107.76,NA,NA,NA,NA,NA,NA,NA,NA,NA,NA,NA,0.00,NA,NA,NA
2025-04-13 12:00:00,54.68,134.51,2.33,49.91,28.44,NA,NA,0.74,114.51,NA,NA,NA,NA,NA,NA,NA,NA,NA,NA,NA,0.00,NA,NA,NA
2025-04-13 13:00:00,40.65,112.19,2.51,46.86,26.97,NA,NA,0.72,99.09,NA,NA,NA,NA,NA,NA,NA,NA,NA,NA,NA,0.00,NA,NA,NA
2025-04-13 14:00:00,34.01,89.31,2.49,49.16,28.17,NA,NA,0.71,102.03,NA,NA,NA,NA,NA,NA,NA,NA,NA,NA,NA,0.00,NA,NA,NA
2025-04-13 15:00:00,37.94,102.88,2.15,47.82,27.19,NA,NA,0.74,122.12,NA,NA,NA,NA,NA,NA,NA,NA,NA,NA,NA,0.00,NA,NA,NA
2025-04-13 16:00:00,45.07,116.63,2.32,56.90,32.15,NA,NA,0.79,118.14,NA,NA,NA,NA,NA,NA,NA,NA,NA,NA,NA,0.00,NA,NA,NA
2025-04-13 17:00:00,51.25,127.61,2.83,62.77,35.69,NA,NA,0.77,109.97,NA,NA,NA,NA,NA,NA,NA,NA,NA,NA,NA,0.00,NA,NA,NA
2025-04-13 18:00:00,46.63,126.60,3.18,75.58,42.79,NA,NA,0.81,78.30,NA,NA,NA,NA,NA,NA,NA,NA,NA,NA,NA,0.00,NA,NA,NA
2025-04-13 19:00:00,36.72,113.02,7.48,101.88,60.27,NA,NA,0.83,30.66,NA,NA,NA,NA,NA,NA,NA,NA,NA,NA,NA,0.00,NA,NA,NA
2025-04-13 20:00:00,40.22,129.55,16.91,114.07,74.43,NA,NA,1.06,10.67,NA,NA,NA,NA,NA,NA,NA,NA,NA,NA,NA,0.00,NA,NA,NA
2025-04-13 21:00:00,45.13,162.01,46.78,119.72,101.69,NA,NA,1.41,6.72,NA,NA,NA,NA,NA,NA,NA,NA,NA,NA,NA,0.00,NA,NA,NA
2025-04-13 22:00:00,58.94,214.04,34.40,115.52,89.44,NA,NA,1.40,8.12,NA,NA,NA,NA,NA,NA,NA,NA,NA,NA,NA,0.00,NA,NA,NA
2025-04-13 23:00:00,59.58,215.23,11.37,98.38,61.57,NA,NA,1.22,13.44,NA,NA,NA,NA,NA,NA,NA,NA,NA,NA,NA,0.00,NA,NA,NA
2025-04-14 00:00:00,72.65,222.91,15.22,98.48,64.75,NA,NA,1.30,8.88,NA,NA,NA,NA,NA,NA,NA,NA,NA,NA,NA,0.00,NA,NA,NA
2025-04-14 01:00:00,82.36,255.35,18.88,102.10,69.65,NA,NA,1.31,7.13,NA,NA,NA,NA,NA,NA,NA,NA,NA,NA,NA,0.00,NA,NA,NA
2025-04-14 02:00:00,73.62,259.79,31.54,106.55,82.32,NA,NA,1.32,6.52,NA,NA,NA,NA,NA,NA,NA,NA,NA,NA,NA,0.00,NA,NA,NA
2025-04-14 03:00:00,90.59,251.35,13.15,85.42,56.13,NA,NA,1.29,11.01,NA,NA,NA,NA,NA,NA,NA,NA,NA,NA,NA,0.00,NA,NA,NA
2025-04-14 04:00:00,137.78,291.96,17.68,81.60,57.76,NA,NA,1.29,7.75,NA,NA,NA,NA,NA,NA,NA,NA,NA,NA,NA,0.00,NA,NA,NA
2025-04-14 05:00:00,107.01,237.88,71.71,92.20,107.32,NA,NA,1.39,5.51,NA,NA,NA,NA,NA,NA,NA,NA,NA,NA,NA,0.00,NA,NA,NA
2025-04-14 06:00:00,92.98,244.49,21.04,78.71,58.99,NA,NA,1.26,8.42,NA,NA,NA,NA,NA,NA,NA,NA,NA,NA,NA,0.00,NA,NA,NA
2025-04-14 07:00:00,105.00,267.49,15.07,66.27,47.51,NA,NA,1.39,14.98,NA,NA,NA,NA,NA,NA,NA,NA,NA,NA,NA,0.00,NA,NA,NA
2025-04-14 08:00:00,67.55,192.48,10.59,58.09,39.51,NA,NA,1.18,31.53,NA,NA,NA,NA,NA,NA,NA,NA,NA,NA,NA,0.00,NA,NA,NA
2025-04-14 09:00:00,32.55,120.83,6.40,51.54,32.62,NA,NA,1.11,56.22,NA,NA,NA,NA,NA,NA,NA,NA,NA,NA,NA,0.00,NA,NA,NA
2025-04-14 10:00:00,36.53,120.96,3.89,47.74,28.55,NA,NA,1.01,77.16,NA,NA,NA,NA,NA,NA,NA,NA,NA,NA,NA,0.00,NA,NA,NA
2025-04-14 11:00:00,36.90,134.73,3.11,43.85,25.85,NA,NA,0.91,88.92,NA,NA,NA,NA,NA,NA,NA,NA,NA,NA,NA,0.00,NA,NA,NA
2025-04-14 12:00:00,38.82,121.01,2.70,39.50,23.21,NA,NA,0.86,99.52,NA,NA,NA,NA,NA,NA,NA,NA,NA,NA,NA,0.00,NA,NA,NA
2025-04-14 13:00:00,35.94,103.46,1.99,35.92,20.72,NA,NA,0.88,105.37,NA,NA,NA,NA,NA,NA,NA,NA,NA,NA,NA,0.00,NA,NA,NA
2025-04-14 14:00:00,35.51,111.49,2.30,39.46,22.85,NA,NA,0.82,98.38,NA,NA,NA,NA,NA,NA,NA,NA,NA,NA,NA,0.00,NA,NA,NA
2025-04-14 15:00:00,28.94,99.45,2.30,37.47,21.80,NA,NA,0.78,96.12,NA,NA,NA,NA,NA,NA,NA,NA,NA,NA,NA,0.00,NA,NA,NA
2025-04-14 16:00:00,22.87,93.24,2.31,39.98,23.14,NA,NA,0.74,89.41,NA,NA,NA,NA,NA,NA,NA,NA,NA,NA,NA,0.00,NA,NA,NA
2025-04-14 17:00:00,28.79,104.37,2.51,52.68,30.07,NA,NA,0.75,74.40,NA,NA,NA,NA,NA,NA,NA,NA,NA,NA,NA,0.00,NA,NA,NA
2025-04-14 18:00:00,27.54,111.11,3.38,69.83,39.89,NA,NA,0.80,53.32,NA,NA,NA,NA,NA,NA,NA,NA,NA,NA,NA,0.00,NA,NA,NA
2025-04-14 19:00:00,31.10,135.96,4.90,92.49,53.18,NA,NA,0.99,28.03,NA,NA,NA,NA,NA,NA,NA,NA,NA,NA,NA,0.00,NA,NA,NA
2025-04-14 20:00:00,44.59,185.55,8.00,97.50,58.36,NA,NA,1.05,16.99,NA,NA,NA,NA,NA,NA,NA,NA,NA,NA,NA,0.00,NA,NA,NA
2025-04-14 21:00:00,46.24,193.86,9.43,92.69,56.97,NA,NA,1.06,16.24,NA,NA,NA,NA,NA,NA,NA,NA,NA,NA,NA,0.00,NA,NA,NA
2025-04-14 22:00:00,44.62,193.43,11.00,94.12,58.99,NA,NA,1.12,12.44,NA,NA,NA,NA,NA,NA,NA,NA,NA,NA,NA,0.00,NA,NA,NA
2025-04-14 23:00:00,50.83,233.35,25.25,101.34,74.44,NA,NA,1.25,6.42,NA,NA,NA,NA,NA,NA,NA,NA,NA,NA,NA,0.00,NA,NA,NA
2025-04-15 00:00:00,55.95,263.11,7.82,80.39,49.13,NA,NA,1.03,15.36,NA,NA,NA,NA,NA,NA,NA,NA,NA,NA,NA,0.00,NA,NA,NA
2025-04-15 01:00:00,51.52,206.77,5.83,71.60,42.83,NA,NA,0.97,18.93,NA,NA,NA,NA,NA,NA,NA,NA,NA,NA,NA,0.00,NA,NA,NA
2025-04-15 02:00:00,56.49,217.62,5.69,76.76,45.45,NA,NA,1.02,14.88,NA,NA,NA,NA,NA,NA,NA,NA,NA,NA,NA,0.00,NA,NA,NA
2025-04-15 03:00:00,61.17,208.05,10.05,86.42,54.14,NA,NA,1.06,8.33,NA,NA,NA,NA,NA,NA,NA,NA,NA,NA,NA,0.00,NA,NA,NA
2025-04-15 04:00:00,67.14,203.82,6.37,74.22,44.66,NA,NA,1.01,12.53,NA,NA,NA,NA,NA,NA,NA,NA,NA,NA,NA,0.00,NA,NA,NA
2025-04-15 05:00:00,59.84,201.27,5.78,66.84,40.26,NA,NA,1.04,14.81,NA,NA,NA,NA,NA,NA,NA,NA,NA,NA,NA,0.00,NA,NA,NA
2025-04-15 06:00:00,73.36,208.89,5.00,63.48,37.83,NA,NA,1.02,21.33,NA,NA,NA,NA,NA,NA,NA,NA,NA,NA,NA,0.00,NA,NA,NA
2025-04-15 07:00:00,67.29,167.54,3.89,52.08,30.86,NA,NA,0.98,34.72,NA,NA,NA,NA,NA,NA,NA,NA,NA,NA,NA,0.00,NA,NA,NA
2025-04-15 08:00:00,56.49,148.24,3.47,46.66,27.64,NA,NA,0.94,50.65,NA,NA,NA,NA,NA,NA,NA,NA,NA,NA,NA,0.00,NA,NA,NA
2025-04-15 09:00:00,33.67,101.05,2.94,39.84,23.58,NA,NA,0.84,72.44,NA,NA,NA,NA,NA,NA,NA,NA,NA,NA,NA,0.00,NA,NA,NA
2025-04-15 10:00:00,40.61,110.27,2.58,39.93,23.34,NA,NA,0.86,80.51,NA,NA,NA,NA,NA,NA,NA,NA,NA,NA,NA,0.00,NA,NA,NA
2025-04-15 11:00:00,40.89,125.15,2.31,37.35,21.75,NA,NA,0.81,92.18,NA,NA,NA,NA,NA,NA,NA,NA,NA,NA,NA,0.00,NA,NA,NA
2025-04-15 12:00:00,41.21,125.10,2.19,32.51,19.07,NA,NA,0.75,98.37,NA,NA,NA,NA,NA,NA,NA,NA,NA,NA,NA,0.00,NA,NA,NA
2025-04-15 13:00:00,31.13,116.12,2.24,32.50,19.11,NA,NA,0.72,97.69,NA,NA,NA,NA,NA,NA,NA,NA,NA,NA,NA,0.00,NA,NA,NA
2025-04-15 14:00:00,31.75,95.80,2.11,30.99,18.20,NA,NA,0.70,100.92,NA,NA,NA,NA,NA,NA,NA,NA,NA,NA,NA,0.00,NA,NA,NA
2025-04-15 15:00:00,32.22,107.02,2.11,32.82,19.18,NA,NA,0.69,97.75,NA,NA,NA,NA,NA,NA,NA,NA,NA,NA,NA,0.00,NA,NA,NA
2025-04-15 16:00:00,33.14,106.19,2.15,35.54,20.65,NA,NA,0.66,94.08,NA,NA,NA,NA,NA,NA,NA,NA,NA,NA,NA,0.00,NA,NA,NA
2025-04-15 17:00:00,32.53,104.55,2.96,46.44,27.11,NA,NA,0.69,81.35,NA,NA,NA,NA,NA,NA,NA,NA,NA,NA,NA,0.00,NA,NA,NA
2025-04-15 18:00:00,37.28,120.31,4.32,77.77,44.88,NA,NA,0.75,48.65,NA,NA,NA,NA,NA,NA,NA,NA,NA,NA,NA,0.00,NA,NA,NA
2025-04-15 19:00:00,42.17,165.75,20.30,121.62,81.19,NA,NA,1.03,10.23,NA,NA,NA,NA,NA,NA,NA,NA,NA,NA,NA,0.00,NA,NA,NA
2025-04-15 20:00:00,52.44,223.67,19.30,119.34,79.18,NA,NA,1.17,10.31,NA,NA,NA,NA,NA,NA,NA,NA,NA,NA,NA,0.00,NA,NA,NA
2025-04-15 21:00:00,58.24,232.33,16.91,110.58,72.56,NA,NA,1.19,10.03,NA,NA,NA,NA,NA,NA,NA,NA,NA,NA,NA,0.00,NA,NA,NA
2025-04-15 22:00:00,66.13,241.40,9.93,97.03,59.69,NA,NA,1.15,13.52,NA,NA,NA,NA,NA,NA,NA,NA,NA,NA,NA,0.00,NA,NA,NA
2025-04-15 23:00:00,50.38,208.08,13.42,99.65,63.91,NA,NA,1.10,9.94,NA,NA,NA,NA,NA,NA,NA,NA,NA,NA,NA,0.00,NA,NA,NA
2025-04-16 00:00:00,50.36,207.65,14.47,94.78,62.18,NA,NA,1.04,11.33,NA,NA,NA,NA,NA,NA,NA,NA,NA,NA,NA,0.00,NA,NA,NA
2025-04-16 01:00:00,59.38,211.58,15.17,92.36,61.48,NA,NA,1.06,10.41,NA,NA,NA,NA,NA,NA,NA,NA,NA,NA,NA,0.00,NA,NA,NA
2025-04-16 02:00:00,96.65,253.52,8.74,83.63,51.58,NA,NA,1.05,15.92,NA,NA,NA,NA,NA,NA,NA,NA,NA,NA,NA,0.00,NA,NA,NA
2025-04-16 03:00:00,98.99,233.20,22.35,99.22,70.95,NA,NA,1.08,7.67,NA,NA,NA,NA,NA,NA,NA,NA,NA,NA,NA,0.00,NA,NA,NA
2025-04-16 04:00:00,90.97,232.93,18.85,92.97,64.77,NA,NA,1.12,8.26,NA,NA,NA,NA,NA,NA,NA,NA,NA,NA,NA,0.00,NA,NA,NA
2025-04-16 05:00:00,103.63,255.02,11.35,79.02,51.27,NA,NA,1.17,11.72,NA,NA,NA,NA,NA,NA,NA,NA,NA,NA,NA,0.00,NA,NA,NA
2025-04-16 06:00:00,119.63,283.79,8.38,69.55,43.81,NA,NA,1.22,19.60,NA,NA,NA,NA,NA,NA,NA,NA,NA,NA,NA,0.00,NA,NA,NA
2025-04-16 07:00:00,76.02,206.79,5.73,57.04,35.00,NA,NA,1.03,35.73,NA,NA,NA,NA,NA,NA,NA,NA,NA,NA,NA,0.00,NA,NA,NA
2025-04-16 08:00:00,30.15,106.52,4.85,53.43,32.36,NA,NA,0.91,53.86,NA,NA,NA,NA,NA,NA,NA,NA,NA,NA,NA,0.00,NA,NA,NA
2025-04-16 09:00:00,26.18,103.86,3.26,41.93,24.96,NA,NA,0.88,78.47,NA,NA,NA,NA,NA,NA,NA,NA,NA,NA,NA,0.00,NA,NA,NA
2025-04-16 10:00:00,44.52,116.39,2.89,37.95,22.54,NA,NA,0.83,85.98,NA,NA,NA,NA,NA,NA,NA,NA,NA,NA,NA,0.00,NA,NA,NA
2025-04-16 11:00:00,42.95,132.83,2.44,35.27,20.74,NA,NA,0.79,94.70,NA,NA,NA,NA,NA,NA,NA,NA,NA,NA,NA,0.00,NA,NA,NA
2025-04-16 12:00:00,48.14,142.11,2.46,32.18,19.12,NA,NA,0.78,106.92,NA,NA,NA,NA,NA,NA,NA,NA,NA,NA,NA,0.00,NA,NA,NA
2025-04-16 13:00:00,48.22,133.34,2.20,31.30,18.44,NA,NA,0.77,109.41,NA,NA,NA,NA,NA,NA,NA,NA,NA,NA,NA,0.00,NA,NA,NA
2025-04-16 14:00:00,44.27,123.38,2.38,33.39,19.70,NA,NA,0.75,114.96,NA,NA,NA,NA,NA,NA,NA,NA,NA,NA,NA,0.00,NA,NA,NA
2025-04-16 15:00:00,47.71,128.14,2.33,36.54,21.33,NA,NA,0.74,108.12,NA,NA,NA,NA,NA,NA,NA,NA,NA,NA,NA,0.00,NA,NA,NA
2025-04-16 16:00:00,42.59,126.72,2.27,41.70,24.03,NA,NA,0.72,105.31,NA,NA,NA,NA,NA,NA,NA,NA,NA,NA,NA,0.00,NA,NA,NA
2025-04-16 17:00:00,45.63,132.08,2.45,58.34,33.02,NA,NA,0.78,90.25,NA,NA,NA,NA,NA,NA,NA,NA,NA,NA,NA,0.00,NA,NA,NA
2025-04-16 18:00:00,47.50,159.43,3.54,91.28,51.43,NA,NA,0.93,57.19,NA,NA,NA,NA,NA,NA,NA,NA,NA,NA,NA,0.00,NA,NA,NA
2025-04-16 19:00:00,60.45,195.90,6.12,115.80,66.57,NA,NA,1.18,24.86,NA,NA,NA,NA,NA,NA,NA,NA,NA,NA,NA,0.00,NA,NA,NA
2025-04-16 20:00:00,61.79,241.06,6.60,109.56,63.64,NA,NA,1.19,22.78,NA,NA,NA,NA,NA,NA,NA,NA,NA,NA,NA,0.00,NA,NA,NA
2025-04-16 21:00:00,68.89,262.46,4.86,92.02,52.90,NA,NA,1.19,26.18,NA,NA,NA,NA,NA,NA,NA,NA,NA,NA,NA,0.00,NA,NA,NA
2025-04-16 22:00:00,71.64,273.44,5.40,89.04,51.75,NA,NA,1.13,23.37,NA,NA,NA,NA,NA,NA,NA,NA,NA,NA,NA,0.00,NA,NA,NA
2025-04-16 23:00:00,52.30,235.25,4.14,75.66,43.61,NA,NA,1.01,30.58,NA,NA,NA,NA,NA,NA,NA,NA,NA,NA,NA,0.00,NA,NA,NA
2025-04-17 00:00:00,50.56,216.27,4.46,76.54,44.34,NA,NA,1.07,21.94,NA,NA,NA,NA,NA,NA,NA,NA,NA,NA,NA,0.00,NA,NA,NA
2025-04-17 01:00:00,82.09,231.90,5.13,76.67,44.95,NA,NA,1.17,19.73,NA,NA,NA,NA,NA,NA,NA,NA,NA,NA,NA,0.00,NA,NA,NA
2025-04-17 02:00:00,86.18,234.29,3.86,62.84,36.57,NA,NA,1.13,31.85,NA,NA,NA,NA,NA,NA,NA,NA,NA,NA,NA,0.00,NA,NA,NA
2025-04-17 03:00:00,75.85,221.17,3.90,62.66,36.50,NA,NA,1.13,30.33,NA,NA,NA,NA,NA,NA,NA,NA,NA,NA,NA,0.00,NA,NA,NA
2025-04-17 04:00:00,72.26,234.14,4.13,51.06,30.51,NA,NA,1.14,30.18,NA,NA,NA,NA,NA,NA,NA,NA,NA,NA,NA,0.00,NA,NA,NA
2025-04-17 05:00:00,69.00,243.86,3.88,43.92,26.52,NA,NA,0.96,41.70,NA,NA,NA,NA,NA,NA,NA,NA,NA,NA,NA,0.00,NA,NA,NA
2025-04-17 06:00:00,44.15,168.26,4.63,52.45,31.66,NA,NA,0.91,28.79,NA,NA,NA,NA,NA,NA,NA,NA,NA,NA,NA,0.00,NA,NA,NA
2025-04-17 07:00:00,48.20,182.01,6.43,61.75,38.07,NA,NA,0.94,24.63,NA,NA,NA,NA,NA,NA,NA,NA,NA,NA,NA,0.00,NA,NA,NA
2025-04-17 08:00:00,37.18,189.43,5.17,51.60,31.65,NA,NA,0.86,43.89,NA,NA,NA,NA,NA,NA,NA,NA,NA,NA,NA,0.00,NA,NA,NA
2025-04-17 09:00:00,44.81,158.89,3.24,41.26,24.58,NA,NA,0.88,69.87,NA,NA,NA,NA,NA,NA,NA,NA,NA,NA,NA,0.00,NA,NA,NA
2025-04-17 10:00:00,47.49,161.37,2.66,35.72,21.17,NA,NA,0.81,86.25,NA,NA,NA,NA,NA,NA,NA,NA,NA,NA,NA,0.00,NA,NA,NA
2025-04-17 11:00:00,50.00,143.62,2.23,32.82,19.27,NA,NA,0.81,100.99,NA,NA,NA,NA,NA,NA,NA,NA,NA,NA,NA,0.00,NA,NA,NA
2025-04-17 12:00:00,45.78,128.26,2.48,31.97,19.02,NA,NA,0.76,105.96,NA,NA,NA,NA,NA,NA,NA,NA,NA,NA,NA,0.00,NA,NA,NA
2025-04-17 13:00:00,45.44,118.62,2.30,32.41,19.11,NA,NA,0.71,118.14,NA,NA,NA,NA,NA,NA,NA,NA,NA,NA,NA,0.00,NA,NA,NA
2025-04-17 14:00:00,43.85,125.50,2.39,36.08,21.13,NA,NA,0.73,113.86,NA,NA,NA,NA,NA,NA,NA,NA,NA,NA,NA,0.00,NA,NA,NA
2025-04-17 15:00:00,37.58,124.23,2.64,36.89,21.77,NA,NA,0.71,112.60,NA,NA,NA,NA,NA,NA,NA,NA,NA,NA,NA,0.00,NA,NA,NA
2025-04-17 16:00:00,42.18,141.27,2.27,42.08,24.23,NA,NA,0.71,113.97,NA,NA,NA,NA,NA,NA,NA,NA,NA,NA,NA,0.00,NA,NA,NA
2025-04-17 17:00:00,42.98,136.11,1.98,47.63,26.95,NA,NA,0.74,108.93,NA,NA,NA,NA,NA,NA,NA,NA,NA,NA,NA,0.00,NA,NA,NA
2025-04-17 18:00:00,46.17,153.09,3.30,85.69,48.26,NA,NA,0.86,71.55,NA,NA,NA,NA,NA,NA,NA,NA,NA,NA,NA,0.00,NA,NA,NA
2025-04-17 19:00:00,44.60,161.98,18.10,151.44,95.25,NA,NA,1.12,14.43,NA,NA,NA,NA,NA,NA,NA,NA,NA,NA,NA,0.00,NA,NA,NA
2025-04-17 20:00:00,58.19,215.56,14.11,146.86,89.59,NA,NA,1.36,15.68,NA,NA,NA,NA,NA,NA,NA,NA,NA,NA,NA,0.00,NA,NA,NA
2025-04-17 21:00:00,59.45,224.82,45.79,156.22,120.33,NA,NA,1.60,6.47,NA,NA,NA,NA,NA,NA,NA,NA,NA,NA,NA,0.00,NA,NA,NA
2025-04-17 22:00:00,74.75,270.31,54.99,152.53,125.83,NA,NA,2.01,5.94,NA,NA,NA,NA,NA,NA,NA,NA,NA,NA,NA,0.00,NA,NA,NA
2025-04-17 23:00:00,84.43,334.18,53.96,142.28,119.56,NA,NA,2.07,6.28,NA,NA,NA,NA,NA,NA,NA,NA,NA,NA,NA,0.00,NA,NA,NA
2025-04-18 00:00:00,81.14,352.41,16.95,99.10,66.49,NA,NA,1.47,15.76,NA,NA,NA,NA,NA,NA,NA,NA,NA,NA,NA,0.00,NA,NA,NA
2025-04-18 01:00:00,56.21,256.97,10.31,69.50,45.34,NA,NA,1.20,23.63,NA,NA,NA,NA,NA,NA,NA,NA,NA,NA,NA,0.00,NA,NA,NA
2025-04-18 02:00:00,43.08,199.94,8.12,59.47,38.23,NA,NA,1.09,24.61,NA,NA,NA,NA,NA,NA,NA,NA,NA,NA,NA,0.00,NA,NA,NA
2025-04-18 03:00:00,51.50,179.51,7.08,62.97,39.26,NA,NA,1.05,19.51,NA,NA,NA,NA,NA,NA,NA,NA,NA,NA,NA,0.00,NA,NA,NA
2025-04-18 04:00:00,48.11,247.17,6.92,62.40,38.83,NA,NA,1.10,16.96,NA,NA,NA,NA,NA,NA,NA,NA,NA,NA,NA,0.00,NA,NA,NA
2025-04-18 05:00:00,47.55,464.53,7.77,69.53,43.30,NA,NA,1.09,13.09,NA,NA,NA,NA,NA,NA,NA,NA,NA,NA,NA,0.00,NA,NA,NA
2025-04-18 06:00:00,55.68,195.18,8.57,68.86,43.59,NA,NA,1.07,12.21,NA,NA,NA,NA,NA,NA,NA,NA,NA,NA,NA,0.00,NA,NA,NA
2025-04-18 07:00:00,48.39,165.03,6.41,56.44,35.23,NA,NA,1.04,24.88,NA,NA,NA,NA,NA,NA,NA,NA,NA,NA,NA,0.00,NA,NA,NA
2025-04-18 08:00:00,48.52,158.95,4.72,47.41,29.05,NA,NA,1.01,40.23,NA,NA,NA,NA,NA,NA,NA,NA,NA,NA,NA,0.00,NA,NA,NA
2025-04-18 09:00:00,59.02,172.66,3.20,39.95,23.85,NA,NA,0.99,60.73,NA,NA,NA,NA,NA,NA,NA,NA,NA,NA,NA,0.00,NA,NA,NA
2025-04-18 10:00:00,61.40,170.42,2.92,36.15,21.60,NA,NA,0.97,73.96,NA,NA,NA,NA,NA,NA,NA,NA,NA,NA,NA,0.00,NA,NA,NA
2025-04-18 11:00:00,63.53,181.98,2.66,39.57,23.20,NA,NA,0.98,86.70,NA,NA,NA,NA,NA,NA,NA,NA,NA,NA,NA,0.00,NA,NA,NA
2025-04-18 12:00:00,69.29,182.31,2.44,34.59,20.38,NA,NA,0.96,110.66,NA,NA,NA,NA,NA,NA,NA,NA,NA,NA,NA,0.00,NA,NA,NA
2025-04-18 13:00:00,68.27,206.87,2.49,38.64,22.57,NA,NA,0.99,125.80,NA,NA,NA,NA,NA,NA,NA,NA,NA,NA,NA,0.00,NA,NA,NA
2025-04-18 14:00:00,64.72,185.21,1.97,34.47,19.94,NA,NA,0.96,134.49,NA,NA,NA,NA,NA,NA,NA,NA,NA,NA,NA,0.00,NA,NA,NA
2025-04-18 15:00:00,65.79,189.14,2.02,35.35,20.45,NA,NA,0.91,131.09,NA,NA,NA,NA,NA,NA,NA,NA,NA,NA,NA,0.00,NA,NA,NA
2025-04-18 16:00:00,58.41,181.63,2.71,43.98,25.59,NA,NA,0.94,117.55,NA,NA,NA,NA,NA,NA,NA,NA,NA,NA,NA,0.00,NA,NA,NA
2025-04-18 17:00:00,59.65,194.62,2.28,55.15,31.19,NA,NA,0.94,99.74,NA,NA,NA,NA,NA,NA,NA,NA,NA,NA,NA,0.00,NA,NA,NA
2025-04-18 18:00:00,56.51,198.70,2.62,65.90,37.18,NA,NA,1.00,72.11,NA,NA,NA,NA,NA,NA,NA,NA,NA,NA,NA,0.00,NA,NA,NA
2025-04-18 19:00:00,53.04,223.24,2.76,69.47,39.20,NA,NA,1.12,59.56,NA,NA,NA,NA,NA,NA,NA,NA,NA,NA,NA,0.00,NA,NA,NA
2025-04-18 20:00:00,72.56,359.29,3.12,56.26,32.46,NA,NA,1.01,68.52,NA,NA,NA,NA,NA,NA,NA,NA,NA,NA,NA,0.00,NA,NA,NA
2025-04-18 21:00:00,56.90,273.50,3.24,40.76,24.31,NA,NA,0.88,63.67,NA,NA,NA,NA,NA,NA,NA,NA,NA,NA,NA,0.00,NA,NA,NA
2025-04-18 22:00:00,39.52,203.33,2.97,40.90,24.17,NA,NA,0.83,59.05,NA,NA,NA,NA,NA,NA,NA,NA,NA,NA,NA,0.00,NA,NA,NA
2025-04-18 23:00:00,24.53,108.28,3.17,45.13,26.58,NA,NA,0.82,44.08,NA,NA,NA,NA,NA,NA,NA,NA,NA,NA,NA,0.00,NA,NA,NA
2025-04-19 00:00:00,21.27,76.11,3.56,51.17,30.11,NA,NA,0.80,31.55,NA,NA,NA,NA,NA,NA,NA,NA,NA,NA,NA,0.00,NA,NA,NA
2025-04-19 01:00:00,22.41,66.76,3.45,46.34,27.45,NA,NA,0.68,35.76,NA,NA,NA,NA,NA,NA,NA,NA,NA,NA,NA,0.00,NA,NA,NA
2025-04-19 02:00:00,19.01,54.19,3.18,39.01,23.34,NA,NA,0.70,41.67,NA,NA,NA,NA,NA,NA,NA,NA,NA,NA,NA,0.00,NA,NA,NA
2025-04-19 03:00:00,30.22,70.36,3.04,38.25,22.82,NA,NA,0.71,36.18,NA,NA,NA,NA,NA,NA,NA,NA,NA,NA,NA,0.00,NA,NA,NA
2025-04-19 04:00:00,31.11,82.03,3.50,45.68,27.13,NA,NA,0.72,31.13,NA,NA,NA,NA,NA,NA,NA,NA,NA,NA,NA,0.00,NA,NA,NA
2025-04-19 05:00:00,28.81,79.25,3.27,37.16,22.42,NA,NA,0.70,45.14,NA,NA,NA,NA,NA,NA,NA,NA,NA,NA,NA,0.00,NA,NA,NA
2025-04-19 06:00:00,44.96,99.46,3.14,35.24,21.29,NA,NA,0.72,45.33,NA,NA,NA,NA,NA,NA,NA,NA,NA,NA,NA,0.00,NA,NA,NA
2025-04-19 07:00:00,45.48,122.49,3.17,30.48,18.79,NA,NA,0.74,45.77,NA,NA,NA,NA,NA,NA,NA,NA,NA,NA,NA,0.00,NA,NA,NA
2025-04-19 08:00:00,47.10,141.94,3.26,29.42,18.30,NA,NA,0.78,43.49,NA,NA,NA,NA,NA,NA,NA,NA,NA,NA,NA,0.00,NA,NA,NA
2025-04-19 09:00:00,49.43,145.81,3.38,29.34,18.35,NA,NA,0.76,44.73,NA,NA,NA,NA,NA,NA,NA,NA,NA,NA,NA,0.00,NA,NA,NA
2025-04-19 10:00:00,50.51,152.44,3.21,30.96,19.09,NA,NA,0.78,49.03,NA,NA,NA,NA,NA,NA,NA,NA,NA,NA,NA,0.00,NA,NA,NA
2025-04-19 11:00:00,68.32,188.48,2.76,33.05,19.82,NA,NA,0.83,55.25,NA,NA,NA,NA,NA,NA,NA,NA,NA,NA,NA,0.00,NA,NA,NA
2025-04-19 12:00:00,78.03,195.50,2.74,31.17,18.80,NA,NA,0.81,66.97,NA,NA,NA,NA,NA,NA,NA,NA,NA,NA,NA,0.00,NA,NA,NA
2025-04-19 13:00:00,71.29,211.15,2.57,31.27,18.72,NA,NA,0.81,78.61,NA,NA,NA,NA,NA,NA,NA,NA,NA,NA,NA,0.00,NA,NA,NA
2025-04-19 14:00:00,59.81,206.70,2.70,32.58,19.53,NA,NA,0.80,74.93,NA,NA,NA,NA,NA,NA,NA,NA,NA,NA,NA,0.00,NA,NA,NA
2025-04-19 15:00:00,50.85,194.47,2.19,32.86,19.26,NA,NA,0.76,73.45,NA,NA,NA,NA,NA,NA,NA,NA,NA,NA,NA,0.00,NA,NA,NA
2025-04-19 16:00:00,56.73,212.64,2.78,41.26,24.20,NA,NA,0.78,74.36,NA,NA,NA,NA,NA,NA,NA,NA,NA,NA,NA,0.00,NA,NA,NA
2025-04-19 17:00:00,51.41,234.40,2.65,40.39,23.65,NA,NA,0.79,69.55,NA,NA,NA,NA,NA,NA,NA,NA,NA,NA,NA,0.00,NA,NA,NA
2025-04-19 18:00:00,46.36,215.80,2.72,42.85,25.01,NA,NA,0.78,60.49,NA,NA,NA,NA,NA,NA,NA,NA,NA,NA,NA,0.00,NA,NA,NA
2025-04-19 19:00:00,43.08,193.21,3.10,49.90,29.07,NA,NA,0.84,43.30,NA,NA,NA,NA,NA,NA,NA,NA,NA,NA,NA,0.00,NA,NA,NA
2025-04-19 20:00:00,36.20,162.16,2.82,47.86,27.73,NA,NA,0.81,43.98,NA,NA,NA,NA,NA,NA,NA,NA,NA,NA,NA,0.00,NA,NA,NA
2025-04-19 21:00:00,35.51,176.85,2.70,39.73,23.32,NA,NA,0.77,48.85,NA,NA,NA,NA,NA,NA,NA,NA,NA,NA,NA,0.00,NA,NA,NA
2025-04-19 22:00:00,31.67,120.71,2.99,42.84,25.22,NA,NA,0.79,41.96,NA,NA,NA,NA,NA,NA,NA,NA,NA,NA,NA,0.00,NA,NA,NA
2025-04-19 23:00:00,31.39,121.15,2.91,48.09,27.96,NA,NA,0.76,34.19,NA,NA,NA,NA,NA,NA,NA,NA,NA,NA,NA,0.00,NA,NA,NA
2025-04-20 00:00:00,25.92,131.66,3.39,50.88,29.81,NA,NA,0.76,29.82,NA,NA,NA,NA,NA,NA,NA,NA,NA,NA,NA,0.00,NA,NA,NA
2025-04-20 01:00:00,25.17,175.11,3.18,40.86,24.31,NA,NA,0.70,34.73,NA,NA,NA,NA,NA,NA,NA,NA,NA,NA,NA,0.00,NA,NA,NA
2025-04-20 02:00:00,25.45,132.40,3.06,41.26,24.44,NA,NA,0.69,30.38,NA,NA,NA,NA,NA,NA,NA,NA,NA,NA,NA,0.00,NA,NA,NA
2025-04-20 03:00:00,24.05,145.46,3.26,38.93,23.35,NA,NA,0.71,29.69,NA,NA,NA,NA,NA,NA,NA,NA,NA,NA,NA,0.00,NA,NA,NA
2025-04-20 04:00:00,26.11,114.21,3.30,39.23,23.55,NA,NA,0.69,26.84,NA,NA,NA,NA,NA,NA,NA,NA,NA,NA,NA,0.00,NA,NA,NA
2025-04-20 05:00:00,36.00,107.80,3.31,37.11,22.43,NA,NA,0.70,26.78,NA,NA,NA,NA,NA,NA,NA,NA,NA,NA,NA,0.00,NA,NA,NA
2025-04-20 06:00:00,30.91,103.25,3.60,35.94,22.04,NA,NA,0.75,25.56,NA,NA,NA,NA,NA,NA,NA,NA,NA,NA,NA,0.00,NA,NA,NA
2025-04-20 07:00:00,35.64,103.09,3.47,32.54,20.13,NA,NA,0.73,31.30,NA,NA,NA,NA,NA,NA,NA,NA,NA,NA,NA,0.00,NA,NA,NA
2025-04-20 08:00:00,38.26,109.93,3.52,32.96,20.39,NA,NA,0.77,35.06,NA,NA,NA,NA,NA,NA,NA,NA,NA,NA,NA,0.00,NA,NA,NA
2025-04-20 09:00:00,43.28,117.80,3.05,30.52,18.71,NA,NA,0.79,43.68,NA,NA,NA,NA,NA,NA,NA,NA,NA,NA,NA,0.00,NA,NA,NA
2025-04-20 10:00:00,55.50,142.10,2.71,29.75,18.02,NA,NA,0.83,56.34,NA,NA,NA,NA,NA,NA,NA,NA,NA,NA,NA,0.00,NA,NA,NA
2025-04-20 11:00:00,58.32,161.99,2.55,28.71,17.35,NA,NA,0.79,69.61,NA,NA,NA,NA,NA,NA,NA,NA,NA,NA,NA,0.00,NA,NA,NA
2025-04-20 12:00:00,66.11,203.54,2.46,26.49,16.09,NA,NA,0.72,78.24,NA,NA,NA,NA,NA,NA,NA,NA,NA,NA,NA,0.00,NA,NA,NA
2025-04-20 13:00:00,63.92,229.56,2.40,28.05,16.87,NA,NA,0.76,79.77,NA,NA,NA,NA,NA,NA,NA,NA,NA,NA,NA,0.00,NA,NA,NA
2025-04-20 14:00:00,58.60,194.52,2.41,31.45,18.69,NA,NA,0.76,79.50,NA,NA,NA,NA,NA,NA,NA,NA,NA,NA,NA,0.00,NA,NA,NA
2025-04-20 15:00:00,50.88,186.40,2.60,31.55,18.90,NA,NA,0.73,74.01,NA,NA,NA,NA,NA,NA,NA,NA,NA,NA,NA,0.00,NA,NA,NA
2025-04-20 16:00:00,42.16,174.44,2.29,33.88,19.88,NA,NA,0.70,70.71,NA,NA,NA,NA,NA,NA,NA,NA,NA,NA,NA,0.00,NA,NA,NA
2025-04-20 17:00:00,49.48,174.56,2.25,41.57,23.94,NA,NA,0.76,75.54,NA,NA,NA,NA,NA,NA,NA,NA,NA,NA,NA,0.00,NA,NA,NA
2025-04-20 18:00:00,45.28,176.58,3.00,65.45,37.25,NA,NA,0.84,48.74,NA,NA,NA,NA,NA,NA,NA,NA,NA,NA,NA,0.00,NA,NA,NA
2025-04-20 19:00:00,52.72,165.90,2.89,60.26,34.41,NA,NA,0.93,44.33,NA,NA,NA,NA,NA,NA,NA,NA,NA,NA,NA,0.00,NA,NA,NA
2025-04-20 20:00:00,54.97,176.57,2.77,62.43,35.46,NA,NA,0.98,37.27,NA,NA,NA,NA,NA,NA,NA,NA,NA,NA,NA,0.00,NA,NA,NA
2025-04-20 21:00:00,61.17,270.69,3.11,65.33,37.28,NA,NA,1.04,33.38,NA,NA,NA,NA,NA,NA,NA,NA,NA,NA,NA,0.00,NA,NA,NA
2025-04-20 22:00:00,59.24,222.74,4.07,74.87,43.13,NA,NA,1.05,20.19,NA,NA,NA,NA,NA,NA,NA,NA,NA,NA,NA,0.00,NA,NA,NA
2025-04-20 23:00:00,55.81,201.62,4.22,78.92,45.41,NA,NA,1.10,19.09,NA,NA,NA,NA,NA,NA,NA,NA,NA,NA,NA,0.00,NA,NA,NA
2025-04-21 00:00:00,61.42,192.32,3.88,76.33,43.76,NA,NA,1.07,21.03,NA,NA,NA,NA,NA,NA,NA,NA,NA,NA,NA,0.00,NA,NA,NA
2025-04-21 01:00:00,51.51,172.30,3.67,68.43,39.38,NA,NA,1.06,21.78,NA,NA,NA,NA,NA,NA,NA,NA,NA,NA,NA,0.00,NA,NA,NA
2025-04-21 02:00:00,54.40,175.55,4.06,69.73,40.39,NA,NA,1.07,19.75,NA,NA,NA,NA,NA,NA,NA,NA,NA,NA,NA,0.00,NA,NA,NA
2025-04-21 03:00:00,69.25,191.74,5.08,77.32,45.25,NA,NA,1.11,13.47,NA,NA,NA,NA,NA,NA,NA,NA,NA,NA,NA,0.00,NA,NA,NA
2025-04-21 04:00:00,73.58,221.38,4.52,69.73,40.77,NA,NA,1.15,14.50,NA,NA,NA,NA,NA,NA,NA,NA,NA,NA,NA,0.00,NA,NA,NA
2025-04-21 05:00:00,77.12,201.01,5.85,68.61,41.25,NA,NA,1.15,10.33,NA,NA,NA,NA,NA,NA,NA,NA,NA,NA,NA,0.00,NA,NA,NA
2025-04-21 06:00:00,77.87,196.41,14.41,73.73,50.93,NA,NA,1.24,7.84,NA,NA,NA,NA,NA,NA,NA,NA,NA,NA,NA,0.00,NA,NA,NA
2025-04-21 07:00:00,74.11,202.58,21.57,73.69,56.73,NA,NA,1.14,7.52,NA,NA,NA,NA,NA,NA,NA,NA,NA,NA,NA,0.00,NA,NA,NA
2025-04-21 08:00:00,44.60,229.19,18.49,71.14,52.85,NA,NA,0.97,13.31,NA,NA,NA,NA,NA,NA,NA,NA,NA,NA,NA,0.00,NA,NA,NA
2025-04-21 09:00:00,54.91,237.68,14.91,66.53,47.50,NA,NA,0.97,26.74,NA,NA,NA,NA,NA,NA,NA,NA,NA,NA,NA,0.00,NA,NA,NA
2025-04-21 10:00:00,61.30,225.29,10.26,72.25,46.77,NA,NA,0.95,42.70,NA,NA,NA,NA,NA,NA,NA,NA,NA,NA,NA,0.00,NA,NA,NA
2025-04-21 11:00:00,60.74,252.12,14.72,81.73,55.47,NA,NA,0.92,45.43,NA,NA,NA,NA,NA,NA,NA,NA,NA,NA,NA,0.00,NA,NA,NA
2025-04-21 12:00:00,58.41,229.12,5.57,64.97,39.08,NA,NA,0.86,60.11,NA,NA,NA,NA,NA,NA,NA,NA,NA,NA,NA,0.00,NA,NA,NA
2025-04-21 13:00:00,52.65,203.26,4.61,53.12,32.01,NA,NA,0.82,67.22,NA,NA,NA,NA,NA,NA,NA,NA,NA,NA,NA,0.00,NA,NA,NA
2025-04-21 14:00:00,43.36,220.88,3.65,45.18,27.00,NA,NA,0.76,75.13,NA,NA,NA,NA,NA,NA,NA,NA,NA,NA,NA,0.00,NA,NA,NA
2025-04-21 15:00:00,37.07,173.53,4.78,55.62,33.46,NA,NA,0.76,60.47,NA,NA,NA,NA,NA,NA,NA,NA,NA,NA,NA,0.00,NA,NA,NA
2025-04-21 16:00:00,31.87,151.76,5.92,61.04,37.27,NA,NA,0.75,58.02,NA,NA,NA,NA,NA,NA,NA,NA,NA,NA,NA,0.00,NA,NA,NA
2025-04-21 17:00:00,31.36,136.82,3.26,54.81,31.81,NA,NA,0.73,53.66,NA,NA,NA,NA,NA,NA,NA,NA,NA,NA,NA,0.00,NA,NA,NA
2025-04-21 18:00:00,27.59,133.40,2.49,58.41,33.09,NA,NA,0.73,43.94,NA,NA,NA,NA,NA,NA,NA,NA,NA,NA,NA,0.00,NA,NA,NA
2025-04-21 19:00:00,37.97,141.77,2.84,71.01,40.08,NA,NA,0.79,30.00,NA,NA,NA,NA,NA,NA,NA,NA,NA,NA,NA,0.00,NA,NA,NA
2025-04-21 20:00:00,37.26,164.89,6.63,81.31,48.64,NA,NA,0.88,20.24,NA,NA,NA,NA,NA,NA,NA,NA,NA,NA,NA,0.00,NA,NA,NA
2025-04-21 21:00:00,48.23,265.82,4.87,78.21,45.56,NA,NA,0.91,15.21,NA,NA,NA,NA,NA,NA,NA,NA,NA,NA,NA,0.00,NA,NA,NA
2025-04-21 22:00:00,60.10,254.95,8.24,85.78,52.32,NA,NA,0.97,8.35,NA,NA,NA,NA,NA,NA,NA,NA,NA,NA,NA,0.00,NA,NA,NA
2025-04-21 23:00:00,56.60,196.07,14.50,87.71,58.45,NA,NA,0.99,5.99,NA,NA,NA,NA,NA,NA,NA,NA,NA,NA,NA,0.00,NA,NA,NA
2025-04-22 00:00:00,66.29,214.44,28.02,85.83,68.42,NA,NA,1.02,5.65,NA,NA,NA,NA,NA,NA,NA,NA,NA,NA,NA,0.00,NA,NA,NA
2025-04-22 01:00:00,51.24,197.19,82.72,84.55,112.20,NA,NA,1.21,5.33,NA,NA,NA,NA,NA,NA,NA,NA,NA,NA,NA,0.00,NA,NA,NA
2025-04-22 02:00:00,44.12,193.39,58.71,85.99,93.50,NA,NA,1.07,5.22,NA,NA,NA,NA,NA,NA,NA,NA,NA,NA,NA,0.00,NA,NA,NA
2025-04-22 03:00:00,64.75,193.25,41.54,77.20,74.82,NA,NA,1.13,5.46,NA,NA,NA,NA,NA,NA,NA,NA,NA,NA,NA,0.00,NA,NA,NA
2025-04-22 04:00:00,77.21,202.37,26.46,80.40,64.28,NA,NA,1.11,6.02,NA,NA,NA,NA,NA,NA,NA,NA,NA,NA,NA,0.00,NA,NA,NA
2025-04-22 05:00:00,54.02,207.27,38.10,83.12,75.17,NA,NA,1.07,5.31,NA,NA,NA,NA,NA,NA,NA,NA,NA,NA,NA,0.00,NA,NA,NA
2025-04-22 06:00:00,46.22,175.16,46.65,81.52,81.29,NA,NA,1.01,5.64,NA,NA,NA,NA,NA,NA,NA,NA,NA,NA,NA,0.00,NA,NA,NA
2025-04-22 07:00:00,43.76,162.32,51.23,80.27,84.36,NA,NA,1.03,8.57,NA,NA,NA,NA,NA,NA,NA,NA,NA,NA,NA,0.00,NA,NA,NA
2025-04-22 08:00:00,52.53,193.76,39.13,86.73,77.92,NA,NA,1.00,17.99,NA,NA,NA,NA,NA,NA,NA,NA,NA,NA,NA,0.00,NA,NA,NA
2025-04-22 09:00:00,70.17,230.74,26.96,89.34,69.46,NA,NA,1.06,30.19,NA,NA,NA,NA,NA,NA,NA,NA,NA,NA,NA,0.00,NA,NA,NA
2025-04-22 10:00:00,68.26,289.33,10.09,63.86,42.18,NA,NA,0.89,63.95,NA,NA,NA,NA,NA,NA,NA,NA,NA,NA,NA,0.00,NA,NA,NA
2025-04-22 11:00:00,64.79,366.80,49.72,5.74,40.23,NA,NA,0.58,69.92,NA,NA,NA,NA,NA,NA,NA,NA,NA,NA,NA,0.00,NA,NA,NA
2025-04-22 12:00:00,100.14,277.99,10.53,31.27,24.88,NA,NA,0.73,58.71,NA,NA,NA,NA,NA,NA,NA,NA,NA,NA,NA,0.00,NA,NA,NA
2025-04-22 13:00:00,127.06,252.50,13.45,33.14,28.57,NA,NA,0.74,41.22,NA,NA,NA,NA,NA,NA,NA,NA,NA,NA,NA,0.00,NA,NA,NA
2025-04-22 14:00:00,92.23,222.48,13.34,32.68,28.23,NA,NA,0.14,118.18,NA,NA,NA,NA,NA,NA,NA,NA,NA,NA,NA,0.00,NA,NA,NA
2025-04-22 15:00:00,57.85,179.02,10.49,30.78,24.91,NA,NA,0.14,75.87,NA,NA,NA,NA,NA,NA,NA,NA,NA,NA,NA,0.00,NA,NA,NA
2025-04-22 16:00:00,36.23,122.14,6.34,37.92,25.33,NA,NA,0.25,70.25,NA,NA,NA,NA,NA,NA,NA,NA,NA,NA,NA,0.00,NA,NA,NA
2025-04-22 17:00:00,13.15,103.64,1.91,48.50,27.36,NA,NA,0.41,59.65,NA,NA,NA,NA,NA,NA,NA,NA,NA,NA,NA,0.00,NA,NA,NA
2025-04-22 18:00:00,2.56,96.30,2.35,69.21,38.72,NA,NA,0.47,36.65,NA,NA,NA,NA,NA,NA,NA,NA,NA,NA,NA,0.00,NA,NA,NA
2025-04-22 19:00:00,11.55,136.98,12.01,95.28,60.43,NA,NA,0.62,14.96,NA,NA,NA,NA,NA,NA,NA,NA,NA,NA,NA,0.00,NA,NA,NA
2025-04-22 20:00:00,16.19,133.43,14.17,102.85,66.24,NA,NA,0.71,9.35,NA,NA,NA,NA,NA,NA,NA,NA,NA,NA,NA,0.00,NA,NA,NA
2025-04-22 21:00:00,57.23,188.63,7.74,96.42,57.58,NA,NA,0.82,10.29,NA,NA,NA,NA,NA,NA,NA,NA,NA,NA,NA,0.00,NA,NA,NA
2025-04-22 22:00:00,102.43,255.17,6.45,87.48,51.77,NA,NA,0.97,9.11,NA,NA,NA,NA,NA,NA,NA,NA,NA,NA,NA,0.00,NA,NA,NA
2025-04-22 23:00:00,103.15,296.85,5.92,79.80,47.26,NA,NA,0.95,12.39,NA,NA,NA,NA,NA,NA,NA,NA,NA,NA,NA,0.00,NA,NA,NA
2025-04-23 00:00:00,89.71,238.72,4.00,73.09,42.13,NA,NA,0.81,18.18,NA,NA,NA,NA,NA,NA,NA,NA,NA,NA,NA,0.00,NA,NA,NA
2025-04-23 01:00:00,44.18,152.56,3.55,57.05,33.22,NA,NA,0.70,27.99,NA,NA,NA,NA,NA,NA,NA,NA,NA,NA,NA,0.00,NA,NA,NA
2025-04-23 02:00:00,39.73,175.68,97.71,96.47,130.73,NA,NA,1.03,5.71,NA,NA,NA,NA,NA,NA,NA,NA,NA,NA,NA,0.00,NA,NA,NA
2025-04-23 03:00:00,44.28,238.32,81.60,98.45,118.71,NA,NA,1.01,5.87,NA,NA,NA,NA,NA,NA,NA,NA,NA,NA,NA,0.00,NA,NA,NA
2025-04-23 04:00:00,95.03,277.22,39.79,88.20,79.27,NA,NA,1.06,5.58,NA,NA,NA,NA,NA,NA,NA,NA,NA,NA,NA,0.00,NA,NA,NA
2025-04-23 05:00:00,144.26,301.34,52.47,87.54,89.22,NA,NA,1.06,6.02,NA,NA,NA,NA,NA,NA,NA,NA,NA,NA,NA,0.00,NA,NA,NA
2025-04-23 06:00:00,114.30,281.64,54.51,81.89,87.90,NA,NA,1.06,5.77,NA,NA,NA,NA,NA,NA,NA,NA,NA,NA,NA,0.00,NA,NA,NA
2025-04-23 07:00:00,54.47,186.39,45.62,91.34,85.68,NA,NA,0.97,8.03,NA,NA,NA,NA,NA,NA,NA,NA,NA,NA,NA,0.00,NA,NA,NA
2025-04-23 08:00:00,50.52,180.50,26.30,79.94,63.91,NA,NA,0.91,28.98,NA,NA,NA,NA,NA,NA,NA,NA,NA,NA,NA,0.00,NA,NA,NA
2025-04-23 09:00:00,53.68,164.61,15.18,72.06,50.67,NA,NA,0.88,50.61,NA,NA,NA,NA,NA,NA,NA,NA,NA,NA,NA,0.00,NA,NA,NA
2025-04-23 10:00:00,40.91,124.57,8.80,63.10,40.72,NA,NA,0.79,70.67,NA,NA,NA,NA,NA,NA,NA,NA,NA,NA,NA,0.00,NA,NA,NA
2025-04-23 11:00:00,43.89,146.03,4.28,53.22,31.80,NA,NA,0.75,94.28,NA,NA,NA,NA,NA,NA,NA,NA,NA,NA,NA,0.00,NA,NA,NA
2025-04-23 12:00:00,47.39,150.35,1.35,46.83,26.00,NA,NA,0.72,96.59,NA,NA,NA,NA,NA,NA,NA,NA,NA,NA,NA,0.00,NA,NA,NA
2025-04-23 13:00:00,36.07,129.42,0.82,45.08,24.14,NA,NA,0.69,100.49,NA,NA,NA,NA,NA,NA,NA,NA,NA,NA,NA,0.00,NA,NA,NA
2025-04-23 14:00:00,26.62,118.43,0.16,42.14,21.96,NA,NA,0.68,111.61,NA,NA,NA,NA,NA,NA,NA,NA,NA,NA,NA,0.00,NA,NA,NA
2025-04-23 15:00:00,35.09,120.54,0.01,34.96,18.11,NA,NA,0.64,114.39,NA,NA,NA,NA,NA,NA,NA,NA,NA,NA,NA,0.00,NA,NA,NA
2025-04-23 16:00:00,28.00,129.25,0.30,40.14,20.65,NA,NA,0.61,104.92,NA,NA,NA,NA,NA,NA,NA,NA,NA,NA,NA,0.00,NA,NA,NA
2025-04-23 17:00:00,35.29,126.35,0.15,50.69,26.50,NA,NA,0.61,87.28,NA,NA,NA,NA,NA,NA,NA,NA,NA,NA,NA,0.00,NA,NA,NA
2025-04-23 18:00:00,35.91,121.75,NA,49.92,26.05,NA,NA,0.62,73.55,NA,NA,NA,NA,NA,NA,NA,NA,NA,NA,NA,0.00,NA,NA,NA
2025-04-23 19:00:00,30.27,121.46,NA,58.89,30.54,NA,NA,0.67,52.64,NA,NA,NA,NA,NA,NA,NA,NA,NA,NA,NA,0.00,NA,NA,NA
2025-04-23 20:00:00,46.47,161.97,0.08,67.32,35.67,NA,NA,0.75,47.30,NA,NA,NA,NA,NA,NA,NA,NA,NA,NA,NA,0.00,NA,NA,NA
2025-04-23 21:00:00,56.26,163.08,4.56,90.66,50.04,NA,NA,0.82,23.52,NA,NA,NA,NA,NA,NA,NA,NA,NA,NA,NA,0.00,NA,NA,NA
2025-04-23 22:00:00,118.44,276.57,31.48,107.20,82.59,NA,NA,1.12,7.96,NA,NA,NA,NA,NA,NA,NA,NA,NA,NA,NA,0.00,NA,NA,NA
2025-04-23 23:00:00,125.33,291.15,76.10,111.74,121.30,NA,NA,1.22,6.18,NA,NA,NA,NA,NA,NA,NA,NA,NA,NA,NA,0.00,NA,NA,NA
2025-04-24 00:00:00,98.14,271.75,71.13,101.19,111.67,NA,NA,1.20,6.37,NA,NA,NA,NA,NA,NA,NA,NA,NA,NA,NA,0.00,NA,NA,NA
2025-04-24 01:00:00,112.74,249.91,66.14,93.34,103.39,NA,NA,1.18,6.12,NA,NA,NA,NA,NA,NA,NA,NA,NA,NA,NA,0.00,NA,NA,NA
2025-04-24 02:00:00,132.77,302.76,86.74,97.46,122.34,NA,NA,1.24,5.99,NA,NA,NA,NA,NA,NA,NA,NA,NA,NA,NA,0.00,NA,NA,NA
2025-04-24 03:00:00,109.79,265.87,84.17,91.41,117.09,NA,NA,1.18,5.82,NA,NA,NA,NA,NA,NA,NA,NA,NA,NA,NA,0.00,NA,NA,NA
2025-04-24 04:00:00,91.80,231.91,60.78,87.57,95.98,NA,NA,1.13,5.93,NA,NA,NA,NA,NA,NA,NA,NA,NA,NA,NA,0.00,NA,NA,NA
2025-04-24 05:00:00,103.52,217.96,114.53,94.45,143.27,NA,NA,1.37,5.82,NA,NA,NA,NA,NA,NA,NA,NA,NA,NA,NA,0.00,NA,NA,NA
2025-04-24 06:00:00,100.06,233.03,110.12,97.76,141.55,NA,NA,1.28,5.96,NA,NA,NA,NA,NA,NA,NA,NA,NA,NA,NA,0.00,NA,NA,NA
2025-04-24 07:00:00,80.67,201.54,84.12,98.53,120.87,NA,NA,1.24,8.79,NA,NA,NA,NA,NA,NA,NA,NA,NA,NA,NA,0.00,NA,NA,NA
2025-04-24 08:00:00,74.45,183.80,46.19,89.09,84.96,NA,NA,1.05,25.79,NA,NA,NA,NA,NA,NA,NA,NA,NA,NA,NA,0.00,NA,NA,NA
2025-04-24 09:00:00,74.28,219.37,35.09,86.03,74.30,NA,NA,1.03,44.83,NA,NA,NA,NA,NA,NA,NA,NA,NA,NA,NA,0.00,NA,NA,NA
2025-04-24 10:00:00,61.02,169.49,18.44,71.77,53.15,NA,NA,0.91,70.92,NA,NA,NA,NA,NA,NA,NA,NA,NA,NA,NA,0.00,NA,NA,NA
2025-04-24 11:00:00,53.12,133.15,12.46,66.24,45.37,NA,NA,0.84,84.08,NA,NA,NA,NA,NA,NA,NA,NA,NA,NA,NA,0.00,NA,NA,NA
2025-04-24 12:00:00,40.45,101.91,7.94,56.98,36.77,NA,NA,0.75,105.78,NA,NA,NA,NA,NA,NA,NA,NA,NA,NA,NA,0.00,NA,NA,NA
2025-04-24 13:00:00,21.30,85.80,4.03,51.35,30.59,NA,NA,0.77,108.36,NA,NA,NA,NA,NA,NA,NA,NA,NA,NA,NA,0.00,NA,NA,NA
2025-04-24 14:00:00,24.63,81.91,1.27,49.85,27.55,NA,NA,0.74,109.36,NA,NA,NA,NA,NA,NA,NA,NA,NA,NA,NA,0.00,NA,NA,NA
2025-04-24 15:00:00,17.18,84.67,0.43,48.57,25.84,NA,NA,0.68,91.94,NA,NA,NA,NA,NA,NA,NA,NA,NA,NA,NA,0.00,NA,NA,NA
2025-04-24 16:00:00,1.03,79.65,1.14,53.74,28.92,NA,NA,0.64,75.67,NA,NA,NA,NA,NA,NA,NA,NA,NA,NA,NA,0.00,NA,NA,NA
2025-04-24 17:00:00,NA,80.70,1.82,68.95,37.92,NA,NA,0.64,55.15,NA,NA,NA,NA,NA,NA,NA,NA,NA,NA,NA,0.00,NA,NA,NA
2025-04-24 18:00:00,0.26,85.00,2.70,87.46,48.63,NA,NA,0.72,33.92,NA,NA,NA,NA,NA,NA,NA,NA,NA,NA,NA,0.00,NA,NA,NA
2025-04-24 19:00:00,6.45,115.90,109.05,116.48,150.62,NA,NA,1.15,8.20,NA,NA,NA,NA,NA,NA,NA,NA,NA,NA,NA,0.00,NA,NA,NA
2025-04-24 20:00:00,25.41,179.91,228.84,121.77,250.73,NA,NA,1.64,6.33,NA,NA,NA,NA,NA,NA,NA,NA,NA,NA,NA,0.00,NA,NA,NA
2025-04-24 21:00:00,40.19,305.64,374.52,140.97,379.41,NA,NA,2.28,6.44,NA,NA,NA,NA,NA,NA,NA,NA,NA,NA,NA,0.00,NA,NA,NA
2025-04-24 22:00:00,35.62,295.65,343.00,141.95,354.41,NA,NA,2.12,6.49,NA,NA,NA,NA,NA,NA,NA,NA,NA,NA,NA,0.00,NA,NA,NA
2025-04-24 23:00:00,42.53,284.54,298.59,134.99,314.55,NA,NA,2.27,6.78,NA,NA,NA,NA,NA,NA,NA,NA,NA,NA,NA,0.00,NA,NA,NA
2025-04-25 00:00:00,36.48,339.78,335.03,125.84,339.28,NA,NA,2.76,6.48,NA,NA,NA,NA,NA,NA,NA,NA,NA,NA,NA,0.00,NA,NA,NA
2025-04-25 01:00:00,38.89,330.35,334.78,134.04,343.44,NA,NA,2.68,6.25,NA,NA,NA,NA,NA,NA,NA,NA,NA,NA,NA,0.00,NA,NA,NA
2025-04-25 02:00:00,34.27,288.05,356.76,135.81,362.28,NA,NA,2.73,6.07,NA,NA,NA,NA,NA,NA,NA,NA,NA,NA,NA,0.00,NA,NA,NA
2025-04-25 03:00:00,33.16,299.39,384.34,136.38,385.04,NA,NA,2.73,5.66,NA,NA,NA,NA,NA,NA,NA,NA,NA,NA,NA,0.00,NA,NA,NA
2025-04-25 04:00:00,32.81,280.08,314.03,109.25,313.39,NA,NA,2.42,5.76,NA,NA,NA,NA,NA,NA,NA,NA,NA,NA,NA,0.00,NA,NA,NA
2025-04-25 05:00:00,36.94,253.68,332.34,106.44,326.83,NA,NA,2.40,5.62,NA,NA,NA,NA,NA,NA,NA,NA,NA,NA,NA,0.00,NA,NA,NA
2025-04-25 06:00:00,96.52,265.01,267.81,99.24,270.59,NA,NA,2.12,5.37,NA,NA,NA,NA,NA,NA,NA,NA,NA,NA,NA,0.00,NA,NA,NA
2025-04-25 07:00:00,76.81,214.53,184.27,99.70,202.92,NA,NA,1.74,6.08,NA,NA,NA,NA,NA,NA,NA,NA,NA,NA,NA,0.00,NA,NA,NA
2025-04-25 08:00:00,67.39,252.37,124.58,97.52,153.13,NA,NA,1.55,21.39,NA,NA,NA,NA,NA,NA,NA,NA,NA,NA,NA,0.00,NA,NA,NA
2025-04-25 09:00:00,86.74,224.48,83.60,105.58,124.14,NA,NA,1.48,59.76,NA,NA,NA,NA,NA,NA,NA,NA,NA,NA,NA,0.00,NA,NA,NA
2025-04-25 10:00:00,96.99,238.08,58.42,100.05,100.73,NA,NA,1.41,103.06,NA,NA,NA,NA,NA,NA,NA,NA,NA,NA,NA,0.00,NA,NA,NA
2025-04-25 11:00:00,85.18,245.98,45.22,89.09,84.16,NA,NA,1.26,108.51,NA,NA,NA,NA,NA,NA,NA,NA,NA,NA,NA,0.00,NA,NA,NA
2025-04-25 12:00:00,54.33,179.53,18.62,54.92,43.00,NA,NA,0.78,112.85,NA,NA,NA,NA,NA,NA,NA,NA,NA,NA,NA,0.00,NA,NA,NA
2025-04-25 13:00:00,53.69,131.39,6.44,34.34,23.51,NA,NA,0.46,125.03,NA,NA,NA,NA,NA,NA,NA,NA,NA,NA,NA,0.00,NA,NA,NA
2025-04-25 14:00:00,168.47,131.03,5.78,28.54,19.88,NA,NA,0.37,115.14,NA,NA,NA,NA,NA,NA,NA,NA,NA,NA,NA,0.00,NA,NA,NA
2025-04-25 15:00:00,70.86,101.11,9.67,25.30,21.32,NA,NA,0.23,97.97,NA,NA,NA,NA,NA,NA,NA,NA,NA,NA,NA,0.00,NA,NA,NA
2025-04-25 16:00:00,124.36,121.48,9.68,34.84,26.40,NA,NA,0.19,63.29,NA,NA,NA,NA,NA,NA,NA,NA,NA,NA,NA,0.00,NA,NA,NA
2025-04-25 17:00:00,66.11,75.73,7.39,51.12,33.20,NA,NA,0.29,45.47,NA,NA,NA,NA,NA,NA,NA,NA,NA,NA,NA,0.00,NA,NA,NA
2025-04-25 18:00:00,44.96,75.07,9.08,86.87,53.59,NA,NA,0.48,36.67,NA,NA,NA,NA,NA,NA,NA,NA,NA,NA,NA,0.00,NA,NA,NA
2025-04-25 19:00:00,33.55,101.76,42.08,129.81,103.21,NA,NA,0.74,7.46,NA,NA,NA,NA,NA,NA,NA,NA,NA,NA,NA,0.00,NA,NA,NA
2025-04-25 20:00:00,37.72,129.39,101.27,129.47,151.19,NA,NA,1.03,6.38,NA,NA,NA,NA,NA,NA,NA,NA,NA,NA,NA,0.00,NA,NA,NA
2025-04-25 21:00:00,53.92,169.14,112.62,129.68,160.50,NA,NA,1.40,6.59,NA,NA,NA,NA,NA,NA,NA,NA,NA,NA,NA,0.00,NA,NA,NA
2025-04-25 22:00:00,68.63,202.86,182.24,128.38,216.48,NA,NA,1.80,6.18,NA,NA,NA,NA,NA,NA,NA,NA,NA,NA,NA,0.00,NA,NA,NA
2025-04-25 23:00:00,82.95,228.43,182.53,123.00,213.79,NA,NA,1.86,5.80,NA,NA,NA,NA,NA,NA,NA,NA,NA,NA,NA,0.00,NA,NA,NA
2025-04-26 00:00:00,97.02,318.72,351.71,127.53,353.69,NA,NA,2.58,6.13,NA,NA,NA,NA,NA,NA,NA,NA,NA,NA,NA,0.00,NA,NA,NA
2025-04-26 01:00:00,105.08,403.33,410.72,136.32,406.47,NA,NA,2.72,6.13,NA,NA,NA,NA,NA,NA,NA,NA,NA,NA,NA,0.00,NA,NA,NA
2025-04-26 02:00:00,90.74,316.91,308.70,125.05,317.49,NA,NA,2.27,5.91,NA,NA,NA,NA,NA,NA,NA,NA,NA,NA,NA,0.00,NA,NA,NA
2025-04-26 03:00:00,115.01,302.66,329.00,125.86,334.42,NA,NA,2.30,6.14,NA,NA,NA,NA,NA,NA,NA,NA,NA,NA,NA,0.00,NA,NA,NA
2025-04-26 04:00:00,124.36,314.04,385.12,118.21,375.93,NA,NA,2.57,6.07,NA,NA,NA,NA,NA,NA,NA,NA,NA,NA,NA,0.00,NA,NA,NA
2025-04-26 05:00:00,110.65,316.44,387.97,120.32,379.44,NA,NA,2.65,6.45,NA,NA,NA,NA,NA,NA,NA,NA,NA,NA,NA,0.00,NA,NA,NA
2025-04-26 06:00:00,128.06,312.38,333.31,120.39,335.11,NA,NA,2.43,5.95,NA,NA,NA,NA,NA,NA,NA,NA,NA,NA,NA,0.00,NA,NA,NA
2025-04-26 07:00:00,129.71,308.12,222.10,121.47,245.25,NA,NA,2.12,7.57,NA,NA,NA,NA,NA,NA,NA,NA,NA,NA,NA,0.00,NA,NA,NA
2025-04-26 08:00:00,158.73,310.27,132.39,136.32,180.15,NA,NA,1.97,24.27,NA,NA,NA,NA,NA,NA,NA,NA,NA,NA,NA,0.00,NA,NA,NA
2025-04-26 09:00:00,128.17,297.03,84.42,126.09,135.73,NA,NA,1.74,84.95,NA,NA,NA,NA,NA,NA,NA,NA,NA,NA,NA,0.00,NA,NA,NA
2025-04-26 10:00:00,95.48,202.23,67.61,117.45,117.44,NA,NA,1.49,95.50,NA,NA,NA,NA,NA,NA,NA,NA,NA,NA,NA,0.00,NA,NA,NA
2025-04-26 11:00:00,41.92,100.99,54.46,91.66,93.03,NA,NA,1.32,109.59,NA,NA,NA,NA,NA,NA,NA,NA,NA,NA,NA,0.00,NA,NA,NA
2025-04-26 12:00:00,32.81,67.78,44.74,74.49,76.00,NA,NA,1.18,116.13,NA,NA,NA,NA,NA,NA,NA,NA,NA,NA,NA,0.00,NA,NA,NA
2025-04-26 13:00:00,13.17,55.00,36.39,75.71,69.86,NA,NA,1.14,124.08,NA,NA,NA,NA,NA,NA,NA,NA,NA,NA,NA,0.00,NA,NA,NA
2025-04-26 14:00:00,29.74,102.71,30.73,76.58,65.72,NA,NA,1.07,119.74,NA,NA,NA,NA,NA,NA,NA,NA,NA,NA,NA,0.00,NA,NA,NA
2025-04-26 15:00:00,27.91,82.50,28.46,77.54,64.39,NA,NA,0.98,82.36,NA,NA,NA,NA,NA,NA,NA,NA,NA,NA,NA,0.00,NA,NA,NA
2025-04-26 16:00:00,26.68,97.52,26.05,68.28,57.50,NA,NA,0.93,68.15,NA,NA,NA,NA,NA,NA,NA,NA,NA,NA,NA,0.00,NA,NA,NA
2025-04-26 17:00:00,84.37,285.03,23.51,65.69,54.04,NA,NA,0.86,52.75,NA,NA,NA,NA,NA,NA,NA,NA,NA,NA,NA,0.00,NA,NA,NA
2025-04-26 18:00:00,28.41,135.98,32.08,83.81,70.65,NA,NA,0.89,26.46,NA,NA,NA,NA,NA,NA,NA,NA,NA,NA,NA,0.00,NA,NA,NA
2025-04-26 19:00:00,42.09,123.05,42.72,98.18,86.96,NA,NA,0.90,7.56,NA,NA,NA,NA,NA,NA,NA,NA,NA,NA,NA,0.00,NA,NA,NA
2025-04-26 20:00:00,55.38,157.44,53.95,96.16,95.00,NA,NA,1.03,6.50,NA,NA,NA,NA,NA,NA,NA,NA,NA,NA,NA,0.00,NA,NA,NA
2025-04-26 21:00:00,69.47,200.87,59.71,90.28,96.55,NA,NA,1.12,6.13,NA,NA,NA,NA,NA,NA,NA,NA,NA,NA,NA,0.00,NA,NA,NA
2025-04-26 22:00:00,59.03,205.16,57.94,84.52,92.03,NA,NA,1.04,9.73,NA,NA,NA,NA,NA,NA,NA,NA,NA,NA,NA,0.00,NA,NA,NA
2025-04-26 23:00:00,45.62,128.76,27.50,66.98,57.99,NA,NA,0.86,16.29,NA,NA,NA,NA,NA,NA,NA,NA,NA,NA,NA,0.00,NA,NA,NA
2025-04-27 00:00:00,47.00,121.75,24.64,64.35,54.25,NA,NA,0.83,12.22,NA,NA,NA,NA,NA,NA,NA,NA,NA,NA,NA,0.00,NA,NA,NA
2025-04-27 01:00:00,49.86,129.88,36.91,72.30,68.46,NA,NA,0.84,7.64,NA,NA,NA,NA,NA,NA,NA,NA,NA,NA,NA,0.00,NA,NA,NA
2025-04-27 02:00:00,46.53,134.89,43.88,75.34,75.75,NA,NA,0.75,6.18,NA,NA,NA,NA,NA,NA,NA,NA,NA,NA,NA,0.00,NA,NA,NA
2025-04-27 03:00:00,41.06,146.05,53.32,74.90,83.21,NA,NA,0.81,6.09,NA,NA,NA,NA,NA,NA,NA,NA,NA,NA,NA,0.00,NA,NA,NA
2025-04-27 04:00:00,50.41,187.17,24.88,62.69,53.58,NA,NA,0.76,9.09,NA,NA,NA,NA,NA,NA,NA,NA,NA,NA,NA,0.00,NA,NA,NA
2025-04-27 05:00:00,92.85,232.53,37.37,62.60,63.67,NA,NA,0.88,6.66,NA,NA,NA,NA,NA,NA,NA,NA,NA,NA,NA,0.00,NA,NA,NA
2025-04-27 06:00:00,99.85,265.59,29.61,59.78,55.85,NA,NA,0.89,8.97,NA,NA,NA,NA,NA,NA,NA,NA,NA,NA,NA,0.00,NA,NA,NA
2025-04-27 07:00:00,91.08,262.70,32.81,63.97,60.74,NA,NA,0.85,10.97,NA,NA,NA,NA,NA,NA,NA,NA,NA,NA,NA,0.00,NA,NA,NA
2025-04-27 08:00:00,75.48,250.17,25.74,72.63,59.56,NA,NA,0.84,19.82,NA,NA,NA,NA,NA,NA,NA,NA,NA,NA,NA,0.00,NA,NA,NA
2025-04-27 09:00:00,75.73,238.40,18.86,61.42,48.01,NA,NA,0.82,40.36,NA,NA,NA,NA,NA,NA,NA,NA,NA,NA,NA,0.00,NA,NA,NA
2025-04-27 10:00:00,80.56,243.28,13.12,51.79,38.21,NA,NA,0.74,55.55,NA,NA,NA,NA,NA,NA,NA,NA,NA,NA,NA,0.00,NA,NA,NA
2025-04-27 11:00:00,66.95,207.92,8.32,47.25,31.90,NA,NA,0.71,90.58,NA,NA,NA,NA,NA,NA,NA,NA,NA,NA,NA,0.00,NA,NA,NA
2025-04-27 12:00:00,97.99,222.67,5.70,42.49,27.24,NA,NA,0.72,125.43,NA,NA,NA,NA,NA,NA,NA,NA,NA,NA,NA,0.00,NA,NA,NA
2025-04-27 13:00:00,77.57,179.34,5.18,42.35,26.74,NA,NA,0.71,122.70,NA,NA,NA,NA,NA,NA,NA,NA,NA,NA,NA,0.00,NA,NA,NA
2025-04-27 14:00:00,58.30,135.54,5.01,38.17,24.37,NA,NA,0.66,124.48,NA,NA,NA,NA,NA,NA,NA,NA,NA,NA,NA,0.00,NA,NA,NA
2025-04-27 15:00:00,36.84,116.24,5.26,41.02,26.09,NA,NA,0.63,107.46,NA,NA,NA,NA,NA,NA,NA,NA,NA,NA,NA,0.00,NA,NA,NA
2025-04-27 16:00:00,33.20,88.15,4.44,31.42,20.32,NA,NA,0.61,117.80,NA,NA,NA,NA,NA,NA,NA,NA,NA,NA,NA,0.00,NA,NA,NA
2025-04-27 17:00:00,33.89,95.48,5.02,53.27,32.42,NA,NA,0.61,85.27,NA,NA,NA,NA,NA,NA,NA,NA,NA,NA,NA,0.00,NA,NA,NA
2025-04-27 18:00:00,37.58,98.63,34.80,103.67,83.38,NA,NA,0.74,30.28,NA,NA,NA,NA,NA,NA,NA,NA,NA,NA,NA,0.00,NA,NA,NA
2025-04-27 19:00:00,53.56,143.52,171.30,144.15,215.80,NA,NA,1.30,6.73,NA,NA,NA,NA,NA,NA,NA,NA,NA,NA,NA,0.00,NA,NA,NA
2025-04-27 20:00:00,73.11,209.97,169.87,156.36,221.32,NA,NA,1.50,7.08,NA,NA,NA,NA,NA,NA,NA,NA,NA,NA,NA,0.00,NA,NA,NA
2025-04-27 21:00:00,84.33,239.92,61.05,113.39,110.08,NA,NA,1.19,10.75,NA,NA,NA,NA,NA,NA,NA,NA,NA,NA,NA,0.00,NA,NA,NA
2025-04-27 22:00:00,105.87,231.67,34.38,82.28,71.71,NA,NA,1.06,16.17,NA,NA,NA,NA,NA,NA,NA,NA,NA,NA,NA,0.00,NA,NA,NA
2025-04-27 23:00:00,101.51,211.60,40.62,85.79,78.64,NA,NA,1.00,10.28,NA,NA,NA,NA,NA,NA,NA,NA,NA,NA,NA,0.00,NA,NA,NA
2025-04-28 00:00:00,76.73,160.65,31.17,82.32,69.13,NA,NA,0.96,10.73,NA,NA,NA,NA,NA,NA,NA,NA,NA,NA,NA,0.00,NA,NA,NA
2025-04-28 01:00:00,69.94,156.00,24.88,70.25,57.60,NA,NA,0.97,14.47,NA,NA,NA,NA,NA,NA,NA,NA,NA,NA,NA,0.00,NA,NA,NA
2025-04-28 02:00:00,73.18,169.67,38.57,76.83,72.20,NA,NA,1.03,7.96,NA,NA,NA,NA,NA,NA,NA,NA,NA,NA,NA,0.00,NA,NA,NA
2025-04-28 03:00:00,71.93,181.15,74.01,79.08,102.27,NA,NA,1.08,7.61,NA,NA,NA,NA,NA,NA,NA,NA,NA,NA,NA,0.00,NA,NA,NA
2025-04-28 04:00:00,93.42,193.93,35.79,67.13,64.81,NA,NA,1.03,10.26,NA,NA,NA,NA,NA,NA,NA,NA,NA,NA,NA,0.00,NA,NA,NA
2025-04-28 05:00:00,92.68,192.47,40.34,69.75,69.89,NA,NA,1.10,8.25,NA,NA,NA,NA,NA,NA,NA,NA,NA,NA,NA,0.00,NA,NA,NA
2025-04-28 06:00:00,81.69,178.73,34.28,66.82,63.42,NA,NA,1.09,9.29,NA,NA,NA,NA,NA,NA,NA,NA,NA,NA,NA,0.00,NA,NA,NA
2025-04-28 07:00:00,83.58,192.67,36.63,69.76,66.89,NA,NA,1.15,12.94,NA,NA,NA,NA,NA,NA,NA,NA,NA,NA,NA,0.00,NA,NA,NA
2025-04-28 08:00:00,96.05,229.05,24.23,71.31,57.63,NA,NA,1.15,31.03,NA,NA,NA,NA,NA,NA,NA,NA,NA,NA,NA,0.00,NA,NA,NA
2025-04-28 09:00:00,100.41,235.20,16.17,70.09,50.43,NA,NA,1.16,59.76,NA,NA,NA,NA,NA,NA,NA,NA,NA,NA,NA,0.00,NA,NA,NA
2025-04-28 10:00:00,103.94,239.79,11.03,63.81,42.91,NA,NA,1.12,87.62,NA,NA,NA,NA,NA,NA,NA,NA,NA,NA,NA,0.00,NA,NA,NA
2025-04-28 11:00:00,88.30,221.55,6.74,51.19,32.71,NA,NA,1.01,113.63,NA,NA,NA,NA,NA,NA,NA,NA,NA,NA,NA,0.00,NA,NA,NA
2025-04-28 12:00:00,79.18,191.91,5.30,46.24,28.90,NA,NA,1.01,133.74,NA,NA,NA,NA,NA,NA,NA,NA,NA,NA,NA,0.00,NA,NA,NA
2025-04-28 13:00:00,62.38,153.96,4.44,41.23,25.54,NA,NA,0.91,141.73,NA,NA,NA,NA,NA,NA,NA,NA,NA,NA,NA,0.00,NA,NA,NA
2025-04-28 14:00:00,59.96,147.30,4.54,38.57,24.21,NA,NA,0.89,146.91,NA,NA,NA,NA,NA,NA,NA,NA,NA,NA,NA,0.00,NA,NA,NA
2025-04-28 15:00:00,61.07,149.07,4.63,40.52,25.32,NA,NA,0.87,145.54,NA,NA,NA,NA,NA,NA,NA,NA,NA,NA,NA,0.00,NA,NA,NA
2025-04-28 16:00:00,52.56,162.64,4.91,46.14,28.53,NA,NA,0.88,140.49,NA,NA,NA,NA,NA,NA,NA,NA,NA,NA,NA,0.00,NA,NA,NA
2025-04-28 17:00:00,78.13,178.18,4.95,51.87,31.62,NA,NA,0.93,124.42,NA,NA,NA,NA,NA,NA,NA,NA,NA,NA,NA,0.00,NA,NA,NA
2025-04-28 18:00:00,89.42,209.10,5.02,65.59,38.97,NA,NA,0.96,81.80,NA,NA,NA,NA,NA,NA,NA,NA,NA,NA,NA,0.00,NA,NA,NA
2025-04-28 19:00:00,75.98,192.79,5.85,76.20,45.30,NA,NA,0.97,52.88,NA,NA,NA,NA,NA,NA,NA,NA,NA,NA,NA,0.00,NA,NA,NA
2025-04-28 20:00:00,75.77,193.91,6.20,69.57,42.04,NA,NA,0.99,44.41,NA,NA,NA,NA,NA,NA,NA,NA,NA,NA,NA,0.00,NA,NA,NA
2025-04-28 21:00:00,71.77,212.05,6.35,64.33,39.38,NA,NA,1.04,38.14,NA,NA,NA,NA,NA,NA,NA,NA,NA,NA,NA,0.00,NA,NA,NA
2025-04-28 22:00:00,74.58,196.43,5.81,57.00,35.05,NA,NA,0.95,38.80,NA,NA,NA,NA,NA,NA,NA,NA,NA,NA,NA,0.00,NA,NA,NA
2025-04-28 23:00:00,67.74,198.57,5.56,60.02,36.45,NA,NA,0.92,35.59,NA,NA,NA,NA,NA,NA,NA,NA,NA,NA,NA,0.00,NA,NA,NA
2025-04-29 00:00:00,60.28,199.82,5.19,49.05,30.31,NA,NA,0.86,43.63,NA,NA,NA,NA,NA,NA,NA,NA,NA,NA,NA,0.00,NA,NA,NA
2025-04-29 01:00:00,61.45,173.45,5.33,42.77,27.08,NA,NA,0.83,47.06,NA,NA,NA,NA,NA,NA,NA,NA,NA,NA,NA,0.00,NA,NA,NA
2025-04-29 02:00:00,60.83,169.74,4.85,38.24,24.28,NA,NA,0.81,46.34,NA,NA,NA,NA,NA,NA,NA,NA,NA,NA,NA,0.00,NA,NA,NA
2025-04-29 03:00:00,56.24,185.32,5.06,35.62,23.06,NA,NA,0.77,42.70,NA,NA,NA,NA,NA,NA,NA,NA,NA,NA,NA,0.00,NA,NA,NA
2025-04-29 04:00:00,56.44,189.06,5.16,31.12,20.75,NA,NA,0.76,39.56,NA,NA,NA,NA,NA,NA,NA,NA,NA,NA,NA,0.00,NA,NA,NA
2025-04-29 05:00:00,53.71,157.63,5.57,32.63,21.89,NA,NA,0.75,34.44,NA,NA,NA,NA,NA,NA,NA,NA,NA,NA,NA,0.00,NA,NA,NA
2025-04-29 06:00:00,55.77,153.45,7.75,35.63,25.27,NA,NA,0.74,31.80,NA,NA,NA,NA,NA,NA,NA,NA,NA,NA,NA,0.00,NA,NA,NA
2025-04-29 07:00:00,52.86,136.68,8.87,36.19,26.45,NA,NA,0.76,33.60,NA,NA,NA,NA,NA,NA,NA,NA,NA,NA,NA,0.00,NA,NA,NA
2025-04-29 08:00:00,60.27,132.86,7.60,31.58,22.97,NA,NA,0.71,44.00,NA,NA,NA,NA,NA,NA,NA,NA,NA,NA,NA,0.00,NA,NA,NA
2025-04-29 09:00:00,56.44,153.17,6.50,32.11,22.36,NA,NA,0.72,56.15,NA,NA,NA,NA,NA,NA,NA,NA,NA,NA,NA,0.00,NA,NA,NA
2025-04-29 10:00:00,65.67,152.37,5.94,29.58,20.56,NA,NA,0.71,70.94,NA,NA,NA,NA,NA,NA,NA,NA,NA,NA,NA,0.00,NA,NA,NA
2025-04-29 11:00:00,64.29,141.36,5.99,29.72,20.67,NA,NA,0.68,83.44,NA,NA,NA,NA,NA,NA,NA,NA,NA,NA,NA,0.00,NA,NA,NA
2025-04-29 12:00:00,62.30,149.12,5.09,27.04,18.52,NA,NA,0.67,92.61,NA,NA,NA,NA,NA,NA,NA,NA,NA,NA,NA,0.00,NA,NA,NA
2025-04-29 13:00:00,58.51,142.18,4.92,25.89,17.77,NA,NA,0.68,97.45,NA,NA,NA,NA,NA,NA,NA,NA,NA,NA,NA,0.00,NA,NA,NA
2025-04-29 14:00:00,52.54,140.24,4.93,26.27,17.98,NA,NA,0.66,99.72,NA,NA,NA,NA,NA,NA,NA,NA,NA,NA,NA,0.00,NA,NA,NA
2025-04-29 15:00:00,44.86,125.53,4.42,29.03,19.03,NA,NA,0.66,97.42,NA,NA,NA,NA,NA,NA,NA,NA,NA,NA,NA,0.00,NA,NA,NA
2025-04-29 16:00:00,50.57,151.37,4.70,35.16,22.52,NA,NA,0.67,91.20,NA,NA,NA,NA,NA,NA,NA,NA,NA,NA,NA,0.00,NA,NA,NA
2025-04-29 17:00:00,48.84,132.00,4.93,40.07,25.32,NA,NA,0.66,82.89,NA,NA,NA,NA,NA,NA,NA,NA,NA,NA,NA,0.00,NA,NA,NA
2025-04-29 18:00:00,52.98,146.67,6.28,58.24,36.09,NA,NA,0.73,58.86,NA,NA,NA,NA,NA,NA,NA,NA,NA,NA,NA,0.00,NA,NA,NA
2025-04-29 19:00:00,48.04,146.21,6.31,68.54,41.59,NA,NA,0.82,40.69,NA,NA,NA,NA,NA,NA,NA,NA,NA,NA,NA,0.00,NA,NA,NA
2025-04-29 20:00:00,53.20,171.50,6.65,61.51,38.09,NA,NA,0.82,39.69,NA,NA,NA,NA,NA,NA,NA,NA,NA,NA,NA,0.00,NA,NA,NA
2025-04-29 21:00:00,47.52,157.99,6.65,66.01,40.54,NA,NA,0.80,30.65,NA,NA,NA,NA,NA,NA,NA,NA,NA,NA,NA,0.00,NA,NA,NA
2025-04-29 22:00:00,56.89,188.65,7.06,73.37,44.77,NA,NA,0.86,21.87,NA,NA,NA,NA,NA,NA,NA,NA,NA,NA,NA,0.00,NA,NA,NA
2025-04-29 23:00:00,58.59,260.59,6.18,61.47,37.69,NA,NA,0.85,27.16,NA,NA,NA,NA,NA,NA,NA,NA,NA,NA,NA,0.00,NA,NA,NA
2025-04-30 00:00:00,70.56,178.48,7.09,67.97,41.95,NA,NA,0.89,20.37,NA,NA,NA,NA,NA,NA,NA,NA,NA,NA,NA,0.00,NA,NA,NA
2025-04-30 01:00:00,66.19,178.65,7.78,63.37,40.03,NA,NA,0.86,19.95,NA,NA,NA,NA,NA,NA,NA,NA,NA,NA,NA,0.00,NA,NA,NA
2025-04-30 02:00:00,64.22,174.87,6.89,58.13,36.49,NA,NA,0.82,23.81,NA,NA,NA,NA,NA,NA,NA,NA,NA,NA,NA,0.00,NA,NA,NA
2025-04-30 03:00:00,62.98,159.42,6.01,45.77,29.22,NA,NA,0.82,29.69,NA,NA,NA,NA,NA,NA,NA,NA,NA,NA,NA,0.00,NA,NA,NA
2025-04-30 04:00:00,67.45,173.39,6.06,42.46,27.52,NA,NA,0.84,27.61,NA,NA,NA,NA,NA,NA,NA,NA,NA,NA,NA,0.00,NA,NA,NA
2025-04-30 05:00:00,56.86,159.00,6.42,45.91,29.64,NA,NA,0.80,23.94,NA,NA,NA,NA,NA,NA,NA,NA,NA,NA,NA,0.00,NA,NA,NA
2025-04-30 06:00:00,57.11,150.37,7.21,40.22,27.26,NA,NA,0.83,31.02,NA,NA,NA,NA,NA,NA,NA,NA,NA,NA,NA,0.00,NA,NA,NA
2025-04-30 07:00:00,45.28,128.69,6.95,37.73,25.73,NA,NA,0.79,35.09,NA,NA,NA,NA,NA,NA,NA,NA,NA,NA,NA,0.00,NA,NA,NA
2025-04-30 08:00:00,60.95,160.01,7.46,34.37,24.33,NA,NA,0.79,43.97,NA,NA,NA,NA,NA,NA,NA,NA,NA,NA,NA,0.00,NA,NA,NA
2025-04-30 09:00:00,57.57,144.79,6.19,33.95,23.07,NA,NA,0.81,34.08,NA,NA,NA,NA,NA,NA,NA,NA,NA,NA,NA,0.00,NA,NA,NA
2025-04-30 10:00:00,76.53,158.82,6.08,30.72,21.31,NA,NA,0.80,41.35,NA,NA,NA,NA,NA,NA,NA,NA,NA,NA,NA,0.00,NA,NA,NA
2025-04-30 11:00:00,63.84,148.75,5.54,28.73,19.75,NA,NA,0.79,47.05,NA,NA,NA,NA,NA,NA,NA,NA,NA,NA,NA,0.00,NA,NA,NA
2025-04-30 12:00:00,74.23,150.67,5.09,25.65,17.78,NA,NA,0.75,55.63,NA,NA,NA,NA,NA,NA,NA,NA,NA,NA,NA,0.00,NA,NA,NA
2025-04-30 13:00:00,65.32,133.91,4.85,28.03,18.85,NA,NA,0.73,60.02,NA,NA,NA,NA,NA,NA,NA,NA,NA,NA,NA,0.00,NA,NA,NA
2025-04-30 14:00:00,60.15,136.09,4.69,22.99,16.03,NA,NA,0.71,67.06,NA,NA,NA,NA,NA,NA,NA,NA,NA,NA,NA,0.00,NA,NA,NA
2025-04-30 15:00:00,54.19,122.02,5.04,25.28,17.55,NA,NA,0.68,70.48,NA,NA,NA,NA,NA,NA,NA,NA,NA,NA,NA,0.00,NA,NA,NA
2025-04-30 16:00:00,58.39,130.71,4.94,30.60,20.29,NA,NA,0.71,68.35,NA,NA,NA,NA,NA,NA,NA,NA,NA,NA,NA,0.00,NA,NA,NA
2025-04-30 17:00:00,52.96,126.95,5.11,45.03,28.10,NA,NA,0.72,55.83,NA,NA,NA,NA,NA,NA,NA,NA,NA,NA,NA,0.00,NA,NA,NA
2025-04-30 18:00:00,58.24,140.81,5.37,47.78,29.79,NA,NA,0.76,47.13,NA,NA,NA,NA,NA,NA,NA,NA,NA,NA,NA,0.00,NA,NA,NA
2025-04-30 19:00:00,55.66,132.65,6.39,58.29,36.20,NA,NA,0.80,34.41,NA,NA,NA,NA,NA,NA,NA,NA,NA,NA,NA,0.00,NA,NA,NA
2025-04-30 20:00:00,58.74,215.49,6.06,50.20,31.63,NA,NA,0.82,35.32,NA,NA,NA,NA,NA,NA,NA,NA,NA,NA,NA,0.00,NA,NA,NA
2025-04-30 21:00:00,60.31,163.84,5.89,49.02,30.86,NA,NA,0.81,34.31,NA,NA,NA,NA,NA,NA,NA,NA,NA,NA,NA,0.00,NA,NA,NA
2025-04-30 22:00:00,69.89,154.79,5.32,45.06,28.29,NA,NA,0.82,31.32,NA,NA,NA,NA,NA,NA,NA,NA,NA,NA,NA,0.00,NA,NA,NA
2025-04-30 23:00:00,60.42,156.25,5.29,55.62,33.88,NA,NA,0.82,24.42,NA,NA,NA,NA,NA,NA,NA,NA,NA,NA,NA,0.00,NA,NA,NA
2025-05-01 00:00:00,67.66,158.77,5.53,49.40,30.77,NA,NA,0.84,24.37,NA,NA,NA,NA,NA,NA,NA,NA,NA,NA,NA,0.00,NA,NA,NA
2025-05-01 01:00:00,58.99,148.17,5.16,48.87,30.19,NA,NA,0.81,21.51,NA,NA,NA,NA,NA,NA,NA,NA,NA,NA,NA,0.00,NA,NA,NA
2025-05-01 02:00:00,67.22,160.10,5.36,38.74,24.97,NA,NA,0.80,23.95,NA,NA,NA,NA,NA,NA,NA,NA,NA,NA,NA,0.00,NA,NA,NA
2025-05-01 03:00:00,62.79,151.17,5.21,38.64,24.79,NA,NA,0.79,22.33,NA,NA,NA,NA,NA,NA,NA,NA,NA,NA,NA,0.00,NA,NA,NA
2025-05-01 04:00:00,65.49,159.92,5.17,40.26,25.62,NA,NA,0.79,19.19,NA,NA,NA,NA,NA,NA,NA,NA,NA,NA,NA,0.00,NA,NA,NA
2025-05-01 05:00:00,58.21,210.74,5.83,41.61,26.87,NA,NA,0.79,17.29,NA,NA,NA,NA,NA,NA,NA,NA,NA,NA,NA,0.00,NA,NA,NA
2025-05-01 06:00:00,69.82,251.02,6.44,45.34,29.36,NA,NA,0.82,17.51,NA,NA,NA,NA,NA,NA,NA,NA,NA,NA,NA,0.00,NA,NA,NA
2025-05-01 07:00:00,67.25,174.14,7.18,41.46,27.89,NA,NA,0.82,22.44,NA,NA,NA,NA,NA,NA,NA,NA,NA,NA,NA,0.00,NA,NA,NA
2025-05-01 08:00:00,62.72,157.68,6.85,36.18,24.82,NA,NA,0.82,29.55,NA,NA,NA,NA,NA,NA,NA,NA,NA,NA,NA,0.00,NA,NA,NA
2025-05-01 09:00:00,70.89,157.37,5.43,29.41,20.06,NA,NA,0.80,42.62,NA,NA,NA,NA,NA,NA,NA,NA,NA,NA,NA,0.00,NA,NA,NA
2025-05-01 10:00:00,72.55,153.32,5.41,28.88,19.76,NA,NA,0.78,50.76,NA,NA,NA,NA,NA,NA,NA,NA,NA,NA,NA,0.00,NA,NA,NA
2025-05-01 11:00:00,70.93,151.55,5.17,26.93,18.53,NA,NA,0.74,59.19,NA,NA,NA,NA,NA,NA,NA,NA,NA,NA,NA,0.00,NA,NA,NA
2025-05-01 12:00:00,72.15,156.04,5.20,24.30,17.15,NA,NA,0.71,69.16,NA,NA,NA,NA,NA,NA,NA,NA,NA,NA,NA,0.00,NA,NA,NA
2025-05-01 13:00:00,67.59,151.26,4.74,25.45,17.39,NA,NA,0.74,76.14,NA,NA,NA,NA,NA,NA,NA,NA,NA,NA,NA,0.00,NA,NA,NA
2025-05-01 14:00:00,63.25,154.38,4.60,23.28,16.12,NA,NA,0.71,73.27,NA,NA,NA,NA,NA,NA,NA,NA,NA,NA,NA,0.00,NA,NA,NA
2025-05-01 15:00:00,61.10,136.53,4.66,26.70,17.99,NA,NA,0.71,64.62,NA,NA,NA,NA,NA,NA,NA,NA,NA,NA,NA,0.00,NA,NA,NA
2025-05-01 16:00:00,59.83,145.19,4.90,27.40,18.55,NA,NA,0.66,62.96,NA,NA,NA,NA,NA,NA,NA,NA,NA,NA,NA,0.00,NA,NA,NA
2025-05-01 17:00:00,58.56,136.81,5.08,35.60,23.07,NA,NA,0.71,56.09,NA,NA,NA,NA,NA,NA,NA,NA,NA,NA,NA,0.00,NA,NA,NA
2025-05-01 18:00:00,52.14,141.73,5.77,44.28,28.25,NA,NA,0.73,46.40,NA,NA,NA,NA,NA,NA,NA,NA,NA,NA,NA,0.00,NA,NA,NA
2025-05-01 19:00:00,53.75,159.41,5.45,38.69,25.01,NA,NA,0.75,48.10,NA,NA,NA,NA,NA,NA,NA,NA,NA,NA,NA,0.00,NA,NA,NA
2025-05-01 20:00:00,54.87,186.86,5.82,33.24,22.41,NA,NA,0.70,51.06,NA,NA,NA,NA,NA,NA,NA,NA,NA,NA,NA,0.00,NA,NA,NA
2025-05-01 21:00:00,46.61,135.84,5.33,34.61,22.75,NA,NA,0.71,45.25,NA,NA,NA,NA,NA,NA,NA,NA,NA,NA,NA,0.00,NA,NA,NA
2025-05-01 22:00:00,63.45,128.57,5.48,32.33,21.65,NA,NA,0.74,38.33,NA,NA,NA,NA,NA,NA,NA,NA,NA,NA,NA,0.00,NA,NA,NA
2025-05-01 23:00:00,58.42,193.68,5.50,40.19,25.85,NA,NA,0.73,31.69,NA,NA,NA,NA,NA,NA,NA,NA,NA,NA,NA,0.00,NA,NA,NA
2025-05-02 00:00:00,60.73,158.14,5.50,30.17,20.52,NA,NA,0.72,37.05,NA,NA,NA,NA,NA,NA,NA,NA,NA,NA,NA,0.00,NA,NA,NA
2025-05-02 01:00:00,65.02,251.16,5.37,25.11,17.72,NA,NA,0.69,38.23,NA,NA,NA,NA,NA,NA,NA,NA,NA,NA,NA,0.00,NA,NA,NA
2025-05-02 02:00:00,106.11,636.10,5.95,39.33,25.76,NA,NA,0.75,21.60,NA,NA,NA,NA,NA,NA,NA,NA,NA,NA,NA,0.00,NA,NA,NA
2025-05-02 03:00:00,68.44,313.73,5.57,34.05,22.64,NA,NA,0.71,21.54,NA,NA,NA,NA,NA,NA,NA,NA,NA,NA,NA,0.00,NA,NA,NA
2025-05-02 04:00:00,62.06,165.26,5.58,28.20,19.53,NA,NA,0.69,21.32,NA,NA,NA,NA,NA,NA,NA,NA,NA,NA,NA,0.00,NA,NA,NA
2025-05-02 05:00:00,59.63,296.43,5.21,18.97,14.33,NA,NA,0.62,27.36,NA,NA,NA,NA,NA,NA,NA,NA,NA,NA,NA,0.00,NA,NA,NA
2025-05-02 06:00:00,24.97,252.31,5.30,15.97,12.80,NA,NA,0.58,431.56,NA,NA,NA,NA,NA,NA,NA,NA,NA,NA,NA,0.00,NA,NA,NA
2025-05-02 07:00:00,23.75,43.25,5.79,24.31,17.64,NA,NA,0.56,130.01,NA,NA,NA,NA,NA,NA,NA,NA,NA,NA,NA,0.00,NA,NA,NA
2025-05-02 08:00:00,21.21,34.33,7.60,37.37,26.06,NA,NA,0.59,402.00,NA,NA,NA,NA,NA,NA,NA,NA,NA,NA,NA,0.00,NA,NA,NA
2025-05-02 09:00:00,15.64,25.75,9.79,44.20,31.48,NA,NA,0.59,NA,NA,NA,NA,NA,NA,NA,NA,NA,NA,NA,NA,0.00,NA,NA,NA
2025-05-02 10:00:00,27.92,72.41,7.91,39.38,27.38,NA,NA,0.61,NA,NA,NA,NA,NA,NA,NA,NA,NA,NA,NA,NA,0.00,NA,NA,NA
2025-05-02 11:00:00,28.75,54.03,9.36,44.38,31.21,NA,NA,0.63,425.84,NA,NA,NA,NA,NA,NA,NA,NA,NA,NA,NA,0.00,NA,NA,NA
2025-05-02 12:00:00,24.76,49.56,7.88,38.17,26.71,NA,NA,0.63,288.32,NA,NA,NA,NA,NA,NA,NA,NA,NA,NA,NA,0.00,NA,NA,NA
2025-05-02 13:00:00,29.13,60.16,7.52,36.30,25.43,NA,NA,0.64,250.19,NA,NA,NA,NA,NA,NA,NA,NA,NA,NA,NA,0.00,NA,NA,NA
2025-05-02 14:00:00,35.28,64.63,6.60,33.89,23.39,NA,NA,0.64,NA,NA,NA,NA,NA,NA,NA,NA,NA,NA,NA,NA,0.00,NA,NA,NA
2025-05-02 15:00:00,24.05,65.68,6.17,34.00,23.10,NA,NA,0.62,NA,NA,NA,NA,NA,NA,NA,NA,NA,NA,NA,NA,0.00,NA,NA,NA
2025-05-02 16:00:00,31.53,65.68,6.57,43.07,28.24,NA,NA,0.63,208.82,NA,NA,NA,NA,NA,NA,NA,NA,NA,NA,NA,0.00,NA,NA,NA
2025-05-02 17:00:00,34.30,105.86,7.22,47.08,30.91,NA,NA,0.65,303.82,NA,NA,NA,NA,NA,NA,NA,NA,NA,NA,NA,0.00,NA,NA,NA
2025-05-02 18:00:00,30.54,81.93,7.57,59.68,37.90,NA,NA,0.68,88.54,NA,NA,NA,NA,NA,NA,NA,NA,NA,NA,NA,0.00,NA,NA,NA
2025-05-02 19:00:00,29.14,108.10,11.54,74.83,49.18,NA,NA,0.81,104.15,NA,NA,NA,NA,NA,NA,NA,NA,NA,NA,NA,0.00,NA,NA,NA
2025-05-02 20:00:00,38.39,211.97,27.60,89.00,69.76,NA,NA,0.97,66.27,NA,NA,NA,NA,NA,NA,NA,NA,NA,NA,NA,0.00,NA,NA,NA
2025-05-02 21:00:00,42.03,159.71,64.07,87.51,98.65,NA,NA,1.23,62.10,NA,NA,NA,NA,NA,NA,NA,NA,NA,NA,NA,0.00,NA,NA,NA
2025-05-02 22:00:00,54.23,174.82,32.55,76.14,66.98,NA,NA,1.10,488.04,NA,NA,NA,NA,NA,NA,NA,NA,NA,NA,NA,0.00,NA,NA,NA
2025-05-02 23:00:00,53.50,161.00,55.06,74.31,84.27,NA,NA,1.21,NA,NA,NA,NA,NA,NA,NA,NA,NA,NA,NA,NA,0.00,NA,NA,NA
2025-05-03 00:00:00,56.01,181.94,64.16,67.92,88.29,NA,NA,1.30,381.22,NA,NA,NA,NA,NA,NA,NA,NA,NA,NA,NA,0.00,NA,NA,NA
2025-05-03 01:00:00,61.42,203.45,44.10,66.34,71.15,NA,NA,1.20,328.18,NA,NA,NA,NA,NA,NA,NA,NA,NA,NA,NA,0.00,NA,NA,NA
2025-05-03 02:00:00,65.30,530.13,34.95,64.42,62.68,NA,NA,1.21,NA,NA,NA,NA,NA,NA,NA,NA,NA,NA,NA,NA,0.00,NA,NA,NA
2025-05-03 03:00:00,74.39,698.98,35.20,62.57,61.90,NA,NA,1.18,193.82,NA,NA,NA,NA,NA,NA,NA,NA,NA,NA,NA,0.00,NA,NA,NA
2025-05-03 04:00:00,73.12,356.23,32.07,58.98,57.45,NA,NA,1.14,304.19,NA,NA,NA,NA,NA,NA,NA,NA,NA,NA,NA,0.00,NA,NA,NA
2025-05-03 05:00:00,78.82,207.97,44.69,55.45,65.83,NA,NA,1.23,NA,NA,NA,NA,NA,NA,NA,NA,NA,NA,NA,NA,0.00,NA,NA,NA
2025-05-03 06:00:00,94.24,198.07,44.15,52.35,63.74,NA,NA,1.21,273.03,NA,NA,NA,NA,NA,NA,NA,NA,NA,NA,NA,0.00,NA,NA,NA
2025-05-03 07:00:00,95.84,175.11,36.55,56.77,59.92,NA,NA,1.20,124.42,NA,NA,NA,NA,NA,NA,NA,NA,NA,NA,NA,0.00,NA,NA,NA
2025-05-03 08:00:00,82.45,158.04,27.79,46.47,47.31,NA,NA,1.15,299.91,NA,NA,NA,NA,NA,NA,NA,NA,NA,NA,NA,0.00,NA,NA,NA
2025-05-03 09:00:00,83.78,162.96,23.59,42.75,41.92,NA,NA,1.15,437.57,NA,NA,NA,NA,NA,NA,NA,NA,NA,NA,NA,0.00,NA,NA,NA
2025-05-03 10:00:00,66.93,135.59,20.57,47.92,42.22,NA,NA,1.08,309.88,NA,NA,NA,NA,NA,NA,NA,NA,NA,NA,NA,0.00,NA,NA,NA
2025-05-03 11:00:00,54.14,112.72,10.95,36.53,28.35,NA,NA,0.74,222.10,NA,NA,NA,NA,NA,NA,NA,NA,NA,NA,NA,0.00,NA,NA,NA
2025-05-03 12:00:00,38.09,84.41,5.20,21.49,15.66,NA,NA,0.43,257.14,NA,NA,NA,NA,NA,NA,NA,NA,NA,NA,NA,0.00,NA,NA,NA
2025-05-03 13:00:00,39.98,89.62,5.31,17.73,13.75,NA,NA,0.43,53.82,NA,NA,NA,NA,NA,NA,NA,NA,NA,NA,NA,0.00,NA,NA,NA
2025-05-03 14:00:00,35.68,78.41,7.48,20.21,16.84,NA,NA,0.48,NA,NA,NA,NA,NA,NA,NA,NA,NA,NA,NA,NA,0.00,NA,NA,NA
2025-05-03 15:00:00,29.36,73.30,7.01,31.34,22.37,NA,NA,0.45,12.20,NA,NA,NA,NA,NA,NA,NA,NA,NA,NA,NA,0.00,NA,NA,NA
2025-05-03 16:00:00,34.79,85.16,7.52,29.72,21.93,NA,NA,0.49,NA,NA,NA,NA,NA,NA,NA,NA,NA,NA,NA,NA,0.00,NA,NA,NA
2025-05-03 17:00:00,37.87,93.04,7.62,55.29,35.61,NA,NA,0.61,NA,NA,NA,NA,NA,NA,NA,NA,NA,NA,NA,NA,0.00,NA,NA,NA
2025-05-03 18:00:00,34.00,124.51,10.62,97.71,60.61,NA,NA,0.87,NA,NA,NA,NA,NA,NA,NA,NA,NA,NA,NA,NA,0.00,NA,NA,NA
2025-05-03 19:00:00,51.91,161.43,10.69,82.66,52.66,NA,NA,1.01,NA,NA,NA,NA,NA,NA,NA,NA,NA,NA,NA,NA,0.00,NA,NA,NA
2025-05-03 20:00:00,49.60,157.10,9.71,68.49,44.32,NA,NA,1.04,NA,NA,NA,NA,NA,NA,NA,NA,NA,NA,NA,NA,0.00,NA,NA,NA
2025-05-03 21:00:00,67.12,186.73,8.65,67.75,43.07,NA,NA,1.08,NA,NA,NA,NA,NA,NA,NA,NA,NA,NA,NA,NA,0.00,NA,NA,NA
2025-05-03 22:00:00,59.18,164.54,13.21,90.50,58.88,NA,NA,1.03,NA,NA,NA,NA,NA,NA,NA,NA,NA,NA,NA,NA,0.00,NA,NA,NA
2025-05-03 23:00:00,48.85,179.42,41.42,93.33,83.29,NA,NA,1.12,14.31,NA,NA,NA,NA,NA,NA,NA,NA,NA,NA,NA,0.00,NA,NA,NA
2025-05-04 00:00:00,60.84,210.17,50.67,93.68,91.00,NA,NA,1.22,24.07,NA,NA,NA,NA,NA,NA,NA,NA,NA,NA,NA,0.00,NA,NA,NA
2025-05-04 01:00:00,63.16,183.44,99.72,97.59,133.00,NA,NA,1.47,33.50,NA,NA,NA,NA,NA,NA,NA,NA,NA,NA,NA,0.00,NA,NA,NA
2025-05-04 02:00:00,67.10,164.84,64.45,90.88,100.73,NA,NA,1.25,27.79,NA,NA,NA,NA,NA,NA,NA,NA,NA,NA,NA,0.00,NA,NA,NA
2025-05-04 03:00:00,56.29,158.36,27.50,72.71,61.03,NA,NA,1.00,22.40,NA,NA,NA,NA,NA,NA,NA,NA,NA,NA,NA,0.00,NA,NA,NA
2025-05-04 04:00:00,63.85,144.97,27.99,68.10,58.97,NA,NA,1.24,53.29,NA,NA,NA,NA,NA,NA,NA,NA,NA,NA,NA,0.00,NA,NA,NA
2025-05-04 05:00:00,85.65,191.04,45.75,76.62,77.95,NA,NA,1.60,51.11,NA,NA,NA,NA,NA,NA,NA,NA,NA,NA,NA,0.00,NA,NA,NA
2025-05-04 06:00:00,128.50,237.68,78.08,88.89,110.75,NA,NA,1.91,59.73,NA,NA,NA,NA,NA,NA,NA,NA,NA,NA,NA,0.00,NA,NA,NA
2025-05-04 07:00:00,144.14,228.64,57.33,118.24,109.51,NA,NA,1.96,104.40,NA,NA,NA,NA,NA,NA,NA,NA,NA,NA,NA,0.00,NA,NA,NA
2025-05-04 08:00:00,94.22,182.02,22.39,77.41,59.41,NA,NA,1.25,59.43,NA,NA,NA,NA,NA,NA,NA,NA,NA,NA,NA,0.00,NA,NA,NA
2025-05-04 09:00:00,62.92,133.93,12.52,67.41,46.04,NA,NA,1.22,122.38,NA,NA,NA,NA,NA,NA,NA,NA,NA,NA,NA,0.00,NA,NA,NA
2025-05-04 10:00:00,102.89,201.56,10.00,54.44,37.09,NA,NA,1.09,83.68,NA,NA,NA,NA,NA,NA,NA,NA,NA,NA,NA,0.00,NA,NA,NA
2025-05-04 11:00:00,41.24,136.51,8.51,44.80,30.75,NA,NA,0.79,79.13,NA,NA,NA,NA,NA,NA,NA,NA,NA,NA,NA,0.00,NA,NA,NA
2025-05-04 12:00:00,48.35,110.67,8.04,44.03,29.96,NA,NA,0.74,107.77,NA,NA,NA,NA,NA,NA,NA,NA,NA,NA,NA,0.00,NA,NA,NA
2025-05-04 13:00:00,51.98,113.68,8.10,46.84,31.51,NA,NA,0.90,171.40,NA,NA,NA,NA,NA,NA,NA,NA,NA,NA,NA,0.00,NA,NA,NA
2025-05-04 14:00:00,61.36,130.37,6.92,36.99,25.31,NA,NA,0.84,135.93,NA,NA,NA,NA,NA,NA,NA,NA,NA,NA,NA,0.00,NA,NA,NA
2025-05-04 15:00:00,34.46,93.57,7.45,29.22,21.60,NA,NA,0.62,118.65,NA,NA,NA,NA,NA,NA,NA,NA,NA,NA,NA,0.00,NA,NA,NA
2025-05-04 16:00:00,33.79,86.26,7.96,44.59,30.19,NA,NA,0.63,129.02,NA,NA,NA,NA,NA,NA,NA,NA,NA,NA,NA,0.00,NA,NA,NA
2025-05-04 17:00:00,35.80,88.84,7.57,42.50,28.76,NA,NA,0.63,131.78,NA,NA,NA,NA,NA,NA,NA,NA,NA,NA,NA,0.00,NA,NA,NA
2025-05-04 18:00:00,35.70,93.59,7.66,55.13,35.55,NA,NA,0.72,113.88,NA,NA,NA,NA,NA,NA,NA,NA,NA,NA,NA,0.00,NA,NA,NA
2025-05-04 19:00:00,36.32,83.51,9.21,80.61,50.36,NA,NA,0.84,78.33,NA,NA,NA,NA,NA,NA,NA,NA,NA,NA,NA,0.00,NA,NA,NA
2025-05-04 20:00:00,33.50,85.20,10.37,95.31,59.13,NA,NA,0.95,56.73,NA,NA,NA,NA,NA,NA,NA,NA,NA,NA,NA,0.00,NA,NA,NA
2025-05-04 21:00:00,39.11,115.89,9.26,73.79,46.78,NA,NA,1.06,69.67,NA,NA,NA,NA,NA,NA,NA,NA,NA,NA,NA,0.00,NA,NA,NA
2025-05-04 22:00:00,58.69,127.77,8.49,48.03,32.45,NA,NA,0.92,68.71,NA,NA,NA,NA,NA,NA,NA,NA,NA,NA,NA,0.00,NA,NA,NA
2025-05-04 23:00:00,61.78,110.55,8.85,39.67,28.29,NA,NA,0.83,55.77,NA,NA,NA,NA,NA,NA,NA,NA,NA,NA,NA,0.00,NA,NA,NA
2025-05-05 00:00:00,48.87,105.36,8.25,21.35,18.07,NA,NA,0.64,75.62,NA,NA,NA,NA,NA,NA,NA,NA,NA,NA,NA,0.00,NA,NA,NA
2025-05-05 01:00:00,33.41,70.38,7.89,14.74,14.25,NA,NA,0.52,97.90,NA,NA,NA,NA,NA,NA,NA,NA,NA,NA,NA,0.00,NA,NA,NA
2025-05-05 02:00:00,29.65,52.72,7.22,22.63,17.90,NA,NA,0.54,84.01,NA,NA,NA,NA,NA,NA,NA,NA,NA,NA,NA,0.00,NA,NA,NA
2025-05-05 03:00:00,20.82,205.85,7.48,23.89,18.79,NA,NA,0.51,82.08,NA,NA,NA,NA,NA,NA,NA,NA,NA,NA,NA,0.00,NA,NA,NA
2025-05-05 04:00:00,28.71,69.41,7.94,26.52,20.56,NA,NA,0.51,79.72,NA,NA,NA,NA,NA,NA,NA,NA,NA,NA,NA,0.00,NA,NA,NA
2025-05-05 05:00:00,21.12,43.22,8.73,33.80,25.08,NA,NA,0.53,68.91,NA,NA,NA,NA,NA,NA,NA,NA,NA,NA,NA,0.00,NA,NA,NA
2025-05-05 06:00:00,27.18,61.45,11.95,45.87,34.11,NA,NA,0.63,60.27,NA,NA,NA,NA,NA,NA,NA,NA,NA,NA,NA,0.00,NA,NA,NA
2025-05-05 07:00:00,25.88,64.06,10.94,42.09,31.29,NA,NA,0.62,66.57,NA,NA,NA,NA,NA,NA,NA,NA,NA,NA,NA,0.00,NA,NA,NA
2025-05-05 08:00:00,31.01,73.60,9.61,31.87,24.77,NA,NA,0.63,83.55,NA,NA,NA,NA,NA,NA,NA,NA,NA,NA,NA,0.00,NA,NA,NA
2025-05-05 09:00:00,36.89,85.25,8.60,24.97,20.28,NA,NA,0.61,100.01,NA,NA,NA,NA,NA,NA,NA,NA,NA,NA,NA,0.00,NA,NA,NA
2025-05-05 10:00:00,35.12,89.66,7.74,22.53,18.28,NA,NA,0.58,114.14,NA,NA,NA,NA,NA,NA,NA,NA,NA,NA,NA,0.00,NA,NA,NA
2025-05-05 11:00:00,31.43,72.77,8.02,27.76,21.29,NA,NA,0.63,122.06,NA,NA,NA,NA,NA,NA,NA,NA,NA,NA,NA,0.00,NA,NA,NA
2025-05-05 12:00:00,50.51,84.22,7.39,25.81,19.74,NA,NA,0.62,137.65,NA,NA,NA,NA,NA,NA,NA,NA,NA,NA,NA,0.00,NA,NA,NA
2025-05-05 13:00:00,50.63,95.32,9.21,46.95,32.46,NA,NA,0.71,252.64,NA,NA,NA,NA,NA,NA,NA,NA,NA,NA,NA,0.00,NA,NA,NA
2025-05-05 14:00:00,16.71,49.00,9.46,57.40,38.23,NA,NA,0.75,195.84,NA,NA,NA,NA,NA,NA,NA,NA,NA,NA,NA,0.00,NA,NA,NA
2025-05-05 15:00:00,35.44,73.35,7.83,35.53,25.26,NA,NA,0.69,103.35,NA,NA,NA,NA,NA,NA,NA,NA,NA,NA,NA,0.00,NA,NA,NA
2025-05-05 16:00:00,40.95,85.90,8.55,45.00,30.89,NA,NA,0.75,87.57,NA,NA,NA,NA,NA,NA,NA,NA,NA,NA,NA,0.00,NA,NA,NA
2025-05-05 17:00:00,32.74,70.63,8.71,49.38,33.35,NA,NA,0.68,91.79,NA,NA,NA,NA,NA,NA,NA,NA,NA,NA,NA,0.00,NA,NA,NA
2025-05-05 18:00:00,36.56,71.00,8.25,55.83,36.40,NA,NA,0.81,96.59,NA,NA,NA,NA,NA,NA,NA,NA,NA,NA,NA,0.00,NA,NA,NA
2025-05-05 19:00:00,36.60,85.51,9.37,73.90,46.92,NA,NA,0.97,66.25,NA,NA,NA,NA,NA,NA,NA,NA,NA,NA,NA,0.00,NA,NA,NA
2025-05-05 20:00:00,40.33,100.83,12.93,86.25,56.40,NA,NA,1.17,41.01,NA,NA,NA,NA,NA,NA,NA,NA,NA,NA,NA,0.00,NA,NA,NA
2025-05-05 21:00:00,51.89,120.87,25.24,99.43,73.38,NA,NA,1.47,27.18,NA,NA,NA,NA,NA,NA,NA,NA,NA,NA,NA,0.00,NA,NA,NA
2025-05-05 22:00:00,62.19,159.46,25.70,90.85,69.22,NA,NA,1.50,30.71,NA,NA,NA,NA,NA,NA,NA,NA,NA,NA,NA,0.00,NA,NA,NA
2025-05-05 23:00:00,51.84,138.28,24.40,85.00,65.05,NA,NA,1.30,24.12,NA,NA,NA,NA,NA,NA,NA,NA,NA,NA,NA,0.00,NA,NA,NA
2025-05-06 00:00:00,58.80,126.88,15.11,65.62,47.20,NA,NA,1.15,24.31,NA,NA,NA,NA,NA,NA,NA,NA,NA,NA,NA,0.00,NA,NA,NA
2025-05-06 01:00:00,53.94,114.35,10.84,49.42,35.10,NA,NA,0.98,36.83,NA,NA,NA,NA,NA,NA,NA,NA,NA,NA,NA,0.00,NA,NA,NA
2025-05-06 02:00:00,69.89,125.62,11.64,52.80,37.54,NA,NA,1.05,30.15,NA,NA,NA,NA,NA,NA,NA,NA,NA,NA,NA,0.00,NA,NA,NA
2025-05-06 03:00:00,37.74,120.14,14.85,70.24,49.43,NA,NA,0.90,24.54,NA,NA,NA,NA,NA,NA,NA,NA,NA,NA,NA,0.00,NA,NA,NA
2025-05-06 04:00:00,18.83,96.42,22.25,73.71,57.30,NA,NA,0.96,27.53,NA,NA,NA,NA,NA,NA,NA,NA,NA,NA,NA,0.00,NA,NA,NA
2025-05-06 05:00:00,27.15,60.71,17.30,70.50,51.57,NA,NA,0.94,29.52,NA,NA,NA,NA,NA,NA,NA,NA,NA,NA,NA,0.00,NA,NA,NA
2025-05-06 06:00:00,30.34,76.77,16.38,63.26,46.96,NA,NA,0.92,35.00,NA,NA,NA,NA,NA,NA,NA,NA,NA,NA,NA,0.00,NA,NA,NA
2025-05-06 07:00:00,47.34,92.07,16.75,56.68,43.78,NA,NA,0.98,39.69,NA,NA,NA,NA,NA,NA,NA,NA,NA,NA,NA,0.00,NA,NA,NA
2025-05-06 08:00:00,51.54,103.13,14.14,47.15,36.58,NA,NA,0.89,57.61,NA,NA,NA,NA,NA,NA,NA,NA,NA,NA,NA,0.00,NA,NA,NA
2025-05-06 09:00:00,48.63,98.11,9.89,37.85,28.18,NA,NA,0.82,82.61,NA,NA,NA,NA,NA,NA,NA,NA,NA,NA,NA,0.00,NA,NA,NA
2025-05-06 10:00:00,50.39,87.09,8.64,34.85,25.56,NA,NA,0.78,97.53,NA,NA,NA,NA,NA,NA,NA,NA,NA,NA,NA,0.00,NA,NA,NA
2025-05-06 11:00:00,53.94,101.83,9.02,41.77,29.55,NA,NA,0.71,NA,NA,NA,NA,NA,NA,NA,NA,NA,NA,NA,NA,0.00,NA,NA,NA
2025-05-06 12:00:00,51.17,93.96,8.32,38.49,27.24,NA,NA,0.59,NA,NA,NA,NA,NA,NA,NA,NA,NA,NA,NA,NA,0.00,NA,NA,NA
2025-05-06 13:00:00,49.14,102.99,7.79,30.76,22.70,NA,NA,0.49,143.81,NA,NA,NA,NA,NA,NA,NA,NA,NA,NA,NA,0.00,NA,NA,NA
2025-05-06 14:00:00,41.01,84.90,7.94,21.81,18.06,NA,NA,0.42,130.29,NA,NA,NA,NA,NA,NA,NA,NA,NA,NA,NA,0.00,NA,NA,NA
2025-05-06 15:00:00,33.72,65.15,8.84,23.56,19.72,NA,NA,0.46,134.44,NA,NA,NA,NA,NA,NA,NA,NA,NA,NA,NA,0.00,NA,NA,NA
2025-05-06 16:00:00,32.44,72.93,8.43,27.06,21.25,NA,NA,0.46,154.14,NA,NA,NA,NA,NA,NA,NA,NA,NA,NA,NA,0.00,NA,NA,NA
2025-05-06 17:00:00,24.82,57.97,7.59,35.13,24.85,NA,NA,0.59,143.19,NA,NA,NA,NA,NA,NA,NA,NA,NA,NA,NA,0.00,NA,NA,NA
2025-05-06 18:00:00,17.18,60.05,8.26,70.16,44.03,NA,NA,0.81,110.82,NA,NA,NA,NA,NA,NA,NA,NA,NA,NA,NA,0.00,NA,NA,NA
2025-05-06 19:00:00,32.26,92.09,9.19,87.61,54.07,NA,NA,0.92,77.05,NA,NA,NA,NA,NA,NA,NA,NA,NA,NA,NA,0.00,NA,NA,NA
2025-05-06 20:00:00,35.19,104.63,18.71,111.49,74.51,NA,NA,1.16,43.04,NA,NA,NA,NA,NA,NA,NA,NA,NA,NA,NA,0.00,NA,NA,NA
2025-05-06 21:00:00,42.10,126.44,42.43,118.57,97.57,NA,NA,1.57,24.61,NA,NA,NA,NA,NA,NA,NA,NA,NA,NA,NA,0.00,NA,NA,NA
2025-05-06 22:00:00,49.78,138.35,19.44,105.48,71.92,NA,NA,1.54,30.25,NA,NA,NA,NA,NA,NA,NA,NA,NA,NA,NA,0.00,NA,NA,NA
2025-05-06 23:00:00,49.55,128.28,17.70,90.91,62.75,NA,NA,1.36,39.38,NA,NA,NA,NA,NA,NA,NA,NA,NA,NA,NA,0.00,NA,NA,NA
2025-05-07 00:00:00,55.32,157.70,8.71,45.97,31.54,NA,NA,0.94,79.62,NA,NA,NA,NA,NA,NA,NA,NA,NA,NA,NA,0.00,NA,NA,NA
2025-05-07 01:00:00,50.50,166.23,8.79,45.00,31.08,NA,NA,0.84,61.04,NA,NA,NA,NA,NA,NA,NA,NA,NA,NA,NA,0.00,NA,NA,NA
2025-05-07 02:00:00,41.06,110.24,8.45,38.39,27.30,NA,NA,0.76,60.32,NA,NA,NA,NA,NA,NA,NA,NA,NA,NA,NA,0.00,NA,NA,NA
2025-05-07 03:00:00,35.06,348.65,8.34,39.89,28.00,NA,NA,0.74,68.43,NA,NA,NA,NA,NA,NA,NA,NA,NA,NA,NA,0.00,NA,NA,NA
2025-05-07 04:00:00,36.19,405.85,8.50,46.95,31.89,NA,NA,0.79,61.45,NA,NA,NA,NA,NA,NA,NA,NA,NA,NA,NA,0.00,NA,NA,NA
2025-05-07 05:00:00,38.94,100.52,9.35,44.50,31.27,NA,NA,0.78,56.66,NA,NA,NA,NA,NA,NA,NA,NA,NA,NA,NA,0.00,NA,NA,NA
2025-05-07 06:00:00,56.68,98.47,16.02,63.49,46.78,NA,NA,0.94,42.51,NA,NA,NA,NA,NA,NA,NA,NA,NA,NA,NA,0.00,NA,NA,NA
2025-05-07 07:00:00,51.10,96.26,12.64,44.36,33.88,NA,NA,0.85,64.93,NA,NA,NA,NA,NA,NA,NA,NA,NA,NA,NA,0.00,NA,NA,NA
2025-05-07 08:00:00,48.88,90.18,10.57,40.12,29.94,NA,NA,0.90,87.96,NA,NA,NA,NA,NA,NA,NA,NA,NA,NA,NA,0.00,NA,NA,NA
2025-05-07 09:00:00,46.59,94.90,9.52,34.76,26.23,NA,NA,0.90,107.24,NA,NA,NA,NA,NA,NA,NA,NA,NA,NA,NA,0.00,NA,NA,NA
2025-05-07 10:00:00,55.87,105.73,7.99,30.24,22.58,NA,NA,0.84,127.96,NA,NA,NA,NA,NA,NA,NA,NA,NA,NA,NA,0.00,NA,NA,NA
2025-05-07 11:00:00,60.10,103.81,7.54,23.45,18.61,NA,NA,0.80,159.51,NA,NA,NA,NA,NA,NA,NA,NA,NA,NA,NA,0.00,NA,NA,NA
2025-05-07 12:00:00,53.78,106.16,7.75,25.63,19.94,NA,NA,0.70,164.78,NA,NA,NA,NA,NA,NA,NA,NA,NA,NA,NA,0.00,NA,NA,NA
2025-05-07 13:00:00,40.95,82.42,7.02,22.98,17.93,NA,NA,0.70,168.40,NA,NA,NA,NA,NA,NA,NA,NA,NA,NA,NA,0.00,NA,NA,NA
2025-05-07 14:00:00,37.98,74.64,7.16,19.24,16.06,NA,NA,0.61,183.06,NA,NA,NA,NA,NA,NA,NA,NA,NA,NA,NA,0.00,NA,NA,NA
2025-05-07 15:00:00,37.43,85.13,6.87,29.58,21.32,NA,NA,0.66,158.14,NA,NA,NA,NA,NA,NA,NA,NA,NA,NA,NA,0.00,NA,NA,NA
2025-05-07 16:00:00,32.96,85.16,7.07,38.36,26.15,NA,NA,0.74,148.21,NA,NA,NA,NA,NA,NA,NA,NA,NA,NA,NA,0.00,NA,NA,NA
2025-05-07 17:00:00,36.03,81.89,7.71,31.97,23.27,NA,NA,0.64,133.58,NA,NA,NA,NA,NA,NA,NA,NA,NA,NA,NA,0.00,NA,NA,NA
2025-05-07 18:00:00,31.31,74.56,8.01,45.45,30.68,NA,NA,0.70,105.57,NA,NA,NA,NA,NA,NA,NA,NA,NA,NA,NA,0.00,NA,NA,NA
2025-05-07 19:00:00,26.83,154.94,8.34,48.55,32.61,NA,NA,0.74,93.51,NA,NA,NA,NA,NA,NA,NA,NA,NA,NA,NA,0.00,NA,NA,NA
2025-05-07 20:00:00,32.89,118.33,14.12,84.34,56.35,NA,NA,0.85,50.31,NA,NA,NA,NA,NA,NA,NA,NA,NA,NA,NA,0.00,NA,NA,NA
2025-05-07 21:00:00,37.37,390.47,29.49,99.54,76.94,NA,NA,1.25,37.86,NA,NA,NA,NA,NA,NA,NA,NA,NA,NA,NA,0.00,NA,NA,NA
2025-05-07 22:00:00,46.63,120.26,24.46,105.28,75.89,NA,NA,1.53,21.75,NA,NA,NA,NA,NA,NA,NA,NA,NA,NA,NA,0.00,NA,NA,NA
2025-05-07 23:00:00,42.78,112.72,34.94,105.59,84.56,NA,NA,1.78,20.92,NA,NA,NA,NA,NA,NA,NA,NA,NA,NA,NA,0.00,NA,NA,NA
2025-05-08 00:00:00,52.80,125.24,42.03,107.41,91.29,NA,NA,1.98,25.11,NA,NA,NA,NA,NA,NA,NA,NA,NA,NA,NA,0.00,NA,NA,NA
2025-05-08 01:00:00,60.81,130.73,53.68,105.41,99.72,NA,NA,1.99,26.09,NA,NA,NA,NA,NA,NA,NA,NA,NA,NA,NA,0.00,NA,NA,NA
2025-05-08 02:00:00,54.63,132.46,50.83,103.84,96.56,NA,NA,2.02,31.64,NA,NA,NA,NA,NA,NA,NA,NA,NA,NA,NA,0.00,NA,NA,NA
2025-05-08 03:00:00,59.94,134.41,50.69,95.03,91.75,NA,NA,1.89,26.90,NA,NA,NA,NA,NA,NA,NA,NA,NA,NA,NA,0.00,NA,NA,NA
2025-05-08 04:00:00,65.67,139.22,45.46,91.17,85.48,NA,NA,1.75,26.05,NA,NA,NA,NA,NA,NA,NA,NA,NA,NA,NA,0.00,NA,NA,NA
2025-05-08 05:00:00,104.91,148.22,32.90,83.56,71.17,NA,NA,1.35,18.01,NA,NA,NA,NA,NA,NA,NA,NA,NA,NA,NA,0.00,NA,NA,NA
2025-05-08 06:00:00,87.60,147.90,39.43,79.15,74.16,NA,NA,1.41,40.98,NA,NA,NA,NA,NA,NA,NA,NA,NA,NA,NA,0.00,NA,NA,NA
2025-05-08 07:00:00,71.73,126.83,35.04,74.02,67.85,NA,NA,1.45,62.17,NA,NA,NA,NA,NA,NA,NA,NA,NA,NA,NA,0.00,NA,NA,NA
2025-05-08 08:00:00,69.12,124.15,17.88,70.13,51.84,NA,NA,1.38,71.60,NA,NA,NA,NA,NA,NA,NA,NA,NA,NA,NA,0.00,NA,NA,NA
2025-05-08 09:00:00,72.79,132.87,11.97,59.34,41.31,NA,NA,1.30,93.37,NA,NA,NA,NA,NA,NA,NA,NA,NA,NA,NA,0.00,NA,NA,NA
2025-05-08 10:00:00,60.96,113.50,9.51,42.78,30.49,NA,NA,1.02,150.51,NA,NA,NA,NA,NA,NA,NA,NA,NA,NA,NA,0.00,NA,NA,NA
2025-05-08 11:00:00,57.77,100.46,7.66,34.24,24.44,NA,NA,0.85,167.57,NA,NA,NA,NA,NA,NA,NA,NA,NA,NA,NA,0.00,NA,NA,NA
2025-05-08 12:00:00,51.51,89.60,7.63,31.26,22.83,NA,NA,0.80,173.78,NA,NA,NA,NA,NA,NA,NA,NA,NA,NA,NA,0.00,NA,NA,NA
2025-05-08 13:00:00,49.60,101.29,7.58,33.97,24.23,NA,NA,0.86,191.54,NA,NA,NA,NA,NA,NA,NA,NA,NA,NA,NA,0.00,NA,NA,NA
2025-05-08 14:00:00,40.60,83.89,7.23,22.55,17.87,NA,NA,0.65,143.48,NA,NA,NA,NA,NA,NA,NA,NA,NA,NA,NA,0.00,NA,NA,NA
2025-05-08 15:00:00,33.25,69.01,7.49,24.01,18.86,NA,NA,0.58,148.40,NA,NA,NA,NA,NA,NA,NA,NA,NA,NA,NA,0.00,NA,NA,NA
2025-05-08 16:00:00,25.69,64.04,6.72,21.70,17.01,NA,NA,0.57,172.89,NA,NA,NA,NA,NA,NA,NA,NA,NA,NA,NA,0.00,NA,NA,NA
2025-05-08 17:00:00,31.31,72.73,7.34,28.55,21.15,NA,NA,0.65,165.98,NA,NA,NA,NA,NA,NA,NA,NA,NA,NA,NA,0.00,NA,NA,NA
2025-05-08 18:00:00,33.77,75.64,7.07,40.92,27.51,NA,NA,0.72,137.69,NA,NA,NA,NA,NA,NA,NA,NA,NA,NA,NA,0.00,NA,NA,NA
2025-05-08 19:00:00,32.38,71.94,9.01,70.23,44.69,NA,NA,0.88,101.43,NA,NA,NA,NA,NA,NA,NA,NA,NA,NA,NA,0.00,NA,NA,NA
2025-05-08 20:00:00,37.25,96.08,11.05,88.85,56.24,NA,NA,1.17,66.52,NA,NA,NA,NA,NA,NA,NA,NA,NA,NA,NA,0.00,NA,NA,NA
2025-05-08 21:00:00,42.76,105.08,23.97,113.05,79.65,NA,NA,1.66,30.28,NA,NA,NA,NA,NA,NA,NA,NA,NA,NA,NA,0.00,NA,NA,NA
2025-05-08 22:00:00,47.02,124.60,20.38,107.97,74.00,NA,NA,1.77,25.76,NA,NA,NA,NA,NA,NA,NA,NA,NA,NA,NA,0.00,NA,NA,NA
2025-05-08 23:00:00,58.05,141.35,34.20,104.85,83.56,NA,NA,1.94,24.93,NA,NA,NA,NA,NA,NA,NA,NA,NA,NA,NA,0.00,NA,NA,NA
2025-05-09 00:00:00,83.14,164.59,17.97,75.29,54.66,NA,NA,1.57,31.07,NA,NA,NA,NA,NA,NA,NA,NA,NA,NA,NA,0.00,NA,NA,NA
2025-05-09 01:00:00,110.92,175.72,19.37,78.68,57.57,NA,NA,1.53,33.11,NA,NA,NA,NA,NA,NA,NA,NA,NA,NA,NA,0.00,NA,NA,NA
2025-05-09 02:00:00,75.17,128.35,15.20,67.62,48.32,NA,NA,1.14,27.87,NA,NA,NA,NA,NA,NA,NA,NA,NA,NA,NA,0.00,NA,NA,NA
2025-05-09 03:00:00,58.32,99.65,10.72,65.37,43.48,NA,NA,1.09,32.69,NA,NA,NA,NA,NA,NA,NA,NA,NA,NA,NA,0.00,NA,NA,NA
2025-05-09 04:00:00,56.62,103.88,14.92,73.23,51.09,NA,NA,1.14,29.45,NA,NA,NA,NA,NA,NA,NA,NA,NA,NA,NA,0.00,NA,NA,NA
2025-05-09 05:00:00,63.34,110.74,27.01,73.98,61.33,NA,NA,1.13,19.05,NA,NA,NA,NA,NA,NA,NA,NA,NA,NA,NA,0.00,NA,NA,NA
2025-05-09 06:00:00,76.03,128.32,24.27,65.07,54.34,NA,NA,1.25,34.88,NA,NA,NA,NA,NA,NA,NA,NA,NA,NA,NA,0.00,NA,NA,NA
2025-05-09 07:00:00,61.69,127.05,21.27,61.66,50.07,NA,NA,1.21,46.78,NA,NA,NA,NA,NA,NA,NA,NA,NA,NA,NA,0.00,NA,NA,NA
2025-05-09 08:00:00,65.67,120.24,10.55,44.37,32.17,NA,NA,1.10,88.70,NA,NA,NA,NA,NA,NA,NA,NA,NA,NA,NA,0.00,NA,NA,NA
2025-05-09 09:00:00,77.54,131.52,8.84,50.37,33.98,NA,NA,1.14,122.78,NA,NA,NA,NA,NA,NA,NA,NA,NA,NA,NA,0.00,NA,NA,NA
2025-05-09 10:00:00,53.28,97.64,8.28,36.11,25.95,NA,NA,0.84,125.85,NA,NA,NA,NA,NA,NA,NA,NA,NA,NA,NA,0.00,NA,NA,NA
2025-05-09 11:00:00,20.19,54.42,8.16,24.79,19.82,NA,NA,0.71,133.20,NA,NA,NA,NA,NA,NA,NA,NA,NA,NA,NA,0.00,NA,NA,NA
2025-05-09 12:00:00,31.84,50.98,7.39,17.99,15.58,NA,NA,0.66,173.84,NA,NA,NA,NA,NA,NA,NA,NA,NA,NA,NA,0.00,NA,NA,NA
2025-05-09 13:00:00,27.53,60.17,7.32,19.66,16.41,NA,NA,0.62,149.14,NA,NA,NA,NA,NA,NA,NA,NA,NA,NA,NA,0.00,NA,NA,NA
2025-05-09 14:00:00,24.03,133.22,7.41,17.79,15.49,NA,NA,0.57,152.53,NA,NA,NA,NA,NA,NA,NA,NA,NA,NA,NA,0.00,NA,NA,NA
2025-05-09 15:00:00,25.92,108.53,7.16,22.58,17.84,NA,NA,0.60,163.82,NA,NA,NA,NA,NA,NA,NA,NA,NA,NA,NA,0.00,NA,NA,NA
2025-05-09 16:00:00,36.28,175.56,11.56,35.73,28.53,NA,NA,0.68,232.57,NA,NA,NA,NA,NA,NA,NA,NA,NA,NA,NA,0.00,NA,NA,NA
2025-05-09 17:00:00,37.28,123.66,22.27,86.27,63.88,NA,NA,0.98,194.89,NA,NA,NA,NA,NA,NA,NA,NA,NA,NA,NA,0.00,NA,NA,NA
2025-05-09 18:00:00,17.15,80.26,13.51,85.25,56.39,NA,NA,0.96,169.24,NA,NA,NA,NA,NA,NA,NA,NA,NA,NA,NA,0.00,NA,NA,NA
2025-05-09 19:00:00,35.37,101.90,49.81,116.48,102.55,NA,NA,1.51,79.11,NA,NA,NA,NA,NA,NA,NA,NA,NA,NA,NA,0.00,NA,NA,NA
2025-05-09 20:00:00,39.08,122.33,74.18,121.65,125.14,NA,NA,1.64,31.61,NA,NA,NA,NA,NA,NA,NA,NA,NA,NA,NA,0.00,NA,NA,NA
2025-05-09 21:00:00,42.95,113.26,26.05,88.31,67.89,NA,NA,1.09,43.35,NA,NA,NA,NA,NA,NA,NA,NA,NA,NA,NA,0.00,NA,NA,NA
2025-05-09 22:00:00,48.86,107.75,25.09,84.31,65.27,NA,NA,1.24,50.57,NA,NA,NA,NA,NA,NA,NA,NA,NA,NA,NA,0.00,NA,NA,NA
2025-05-09 23:00:00,79.12,158.56,32.08,84.88,71.16,NA,NA,1.38,34.50,NA,NA,NA,NA,NA,NA,NA,NA,NA,NA,NA,0.00,NA,NA,NA
2025-05-10 00:00:00,92.20,197.83,29.58,85.15,69.41,NA,NA,1.41,25.97,NA,NA,NA,NA,NA,NA,NA,NA,NA,NA,NA,0.00,NA,NA,NA
2025-05-10 01:00:00,103.34,204.89,45.42,85.21,82.20,NA,NA,1.55,29.29,NA,NA,NA,NA,NA,NA,NA,NA,NA,NA,NA,0.00,NA,NA,NA
2025-05-10 02:00:00,129.87,211.39,27.58,74.34,61.93,NA,NA,1.40,36.93,NA,NA,NA,NA,NA,NA,NA,NA,NA,NA,NA,0.00,NA,NA,NA
2025-05-10 03:00:00,126.79,182.74,33.32,72.33,65.57,NA,NA,1.42,25.76,NA,NA,NA,NA,NA,NA,NA,NA,NA,NA,NA,0.00,NA,NA,NA
2025-05-10 04:00:00,124.59,194.28,37.33,67.57,66.30,NA,NA,1.54,45.91,NA,NA,NA,NA,NA,NA,NA,NA,NA,NA,NA,0.00,NA,NA,NA
2025-05-10 05:00:00,119.26,238.60,83.24,79.38,110.02,NA,NA,1.74,26.65,NA,NA,NA,NA,NA,NA,NA,NA,NA,NA,NA,0.00,NA,NA,NA
2025-05-10 06:00:00,144.37,263.09,36.67,67.81,65.74,NA,NA,1.59,45.32,NA,NA,NA,NA,NA,NA,NA,NA,NA,NA,NA,0.00,NA,NA,NA
2025-05-10 07:00:00,97.82,183.46,29.48,65.36,58.78,NA,NA,1.45,57.21,NA,NA,NA,NA,NA,NA,NA,NA,NA,NA,NA,0.00,NA,NA,NA
2025-05-10 08:00:00,86.62,162.91,17.93,85.43,60.01,NA,NA,1.51,103.62,NA,NA,NA,NA,NA,NA,NA,NA,NA,NA,NA,0.00,NA,NA,NA
2025-05-10 09:00:00,85.84,142.41,12.64,85.22,55.61,NA,NA,1.36,152.20,NA,NA,NA,NA,NA,NA,NA,NA,NA,NA,NA,0.00,NA,NA,NA
2025-05-10 10:00:00,46.70,77.80,9.14,47.24,32.43,NA,NA,0.92,144.14,NA,NA,NA,NA,NA,NA,NA,NA,NA,NA,NA,0.00,NA,NA,NA
2025-05-10 11:00:00,39.72,62.25,7.72,32.32,23.50,NA,NA,0.90,216.93,NA,NA,NA,NA,NA,NA,NA,NA,NA,NA,NA,0.00,NA,NA,NA
2025-05-10 12:00:00,39.70,94.16,8.11,33.96,24.64,NA,NA,0.82,223.28,NA,NA,NA,NA,NA,NA,NA,NA,NA,NA,NA,0.00,NA,NA,NA
2025-05-10 13:00:00,3.97,48.70,7.78,32.54,23.61,NA,NA,0.71,119.91,NA,NA,NA,NA,NA,NA,NA,NA,NA,NA,NA,0.00,NA,NA,NA
2025-05-10 14:00:00,25.98,59.31,7.56,35.75,25.17,NA,NA,0.71,158.39,NA,NA,NA,NA,NA,NA,NA,NA,NA,NA,NA,0.00,NA,NA,NA
2025-05-10 15:00:00,46.44,109.28,7.70,33.07,23.89,NA,NA,0.78,135.44,NA,NA,NA,NA,NA,NA,NA,NA,NA,NA,NA,0.00,NA,NA,NA
2025-05-10 16:00:00,18.14,63.09,8.25,38.82,27.33,NA,NA,0.75,118.92,NA,NA,NA,NA,NA,NA,NA,NA,NA,NA,NA,0.00,NA,NA,NA
2025-05-10 17:00:00,30.84,74.05,8.53,51.90,34.56,NA,NA,0.83,108.10,NA,NA,NA,NA,NA,NA,NA,NA,NA,NA,NA,0.00,NA,NA,NA
2025-05-10 18:00:00,36.73,74.79,10.57,83.28,52.93,NA,NA,0.94,89.00,NA,NA,NA,NA,NA,NA,NA,NA,NA,NA,NA,0.00,NA,NA,NA
2025-05-10 19:00:00,39.01,78.67,12.28,100.82,63.66,NA,NA,1.12,83.49,NA,NA,NA,NA,NA,NA,NA,NA,NA,NA,NA,0.00,NA,NA,NA
2025-05-10 20:00:00,47.17,87.08,10.39,56.74,38.55,NA,NA,0.98,112.59,NA,NA,NA,NA,NA,NA,NA,NA,NA,NA,NA,0.00,NA,NA,NA
2025-05-10 21:00:00,38.73,85.12,9.61,62.15,40.90,NA,NA,1.15,73.04,NA,NA,NA,NA,NA,NA,NA,NA,NA,NA,NA,0.00,NA,NA,NA
2025-05-10 22:00:00,47.82,99.66,31.08,90.89,73.66,NA,NA,1.47,57.05,NA,NA,NA,NA,NA,NA,NA,NA,NA,NA,NA,0.00,NA,NA,NA
2025-05-10 23:00:00,54.37,114.54,66.38,101.49,107.97,NA,NA,1.57,30.44,NA,NA,NA,NA,NA,NA,NA,NA,NA,NA,NA,0.00,NA,NA,NA
2025-05-11 00:00:00,51.35,103.64,18.82,83.03,59.48,NA,NA,1.27,47.64,NA,NA,NA,NA,NA,NA,NA,NA,NA,NA,NA,0.00,NA,NA,NA
2025-05-11 01:00:00,38.53,107.61,24.73,73.60,59.25,NA,NA,1.27,66.18,NA,NA,NA,NA,NA,NA,NA,NA,NA,NA,NA,0.00,NA,NA,NA
2025-05-11 02:00:00,65.67,116.15,52.21,79.51,84.72,NA,NA,1.45,62.75,NA,NA,NA,NA,NA,NA,NA,NA,NA,NA,NA,0.00,NA,NA,NA
2025-05-11 03:00:00,62.21,111.14,38.41,86.02,77.00,NA,NA,1.28,33.42,NA,NA,NA,NA,NA,NA,NA,NA,NA,NA,NA,0.00,NA,NA,NA
2025-05-11 04:00:00,64.77,103.34,19.16,67.31,51.39,NA,NA,1.19,42.78,NA,NA,NA,NA,NA,NA,NA,NA,NA,NA,NA,0.00,NA,NA,NA
2025-05-11 05:00:00,65.64,109.83,58.56,63.91,81.58,NA,NA,1.29,58.15,NA,NA,NA,NA,NA,NA,NA,NA,NA,NA,NA,0.00,NA,NA,NA
2025-05-11 06:00:00,73.78,133.34,55.46,66.08,80.27,NA,NA,1.27,56.22,NA,NA,NA,NA,NA,NA,NA,NA,NA,NA,NA,0.00,NA,NA,NA
2025-05-11 07:00:00,50.99,105.25,23.59,61.67,51.98,NA,NA,1.15,43.33,NA,NA,NA,NA,NA,NA,NA,NA,NA,NA,NA,0.00,NA,NA,NA
2025-05-11 08:00:00,59.71,119.00,21.93,78.26,59.49,NA,NA,1.36,90.16,NA,NA,NA,NA,NA,NA,NA,NA,NA,NA,NA,0.00,NA,NA,NA
2025-05-11 09:00:00,74.70,122.75,11.65,43.23,32.47,NA,NA,1.05,180.78,NA,NA,NA,NA,NA,NA,NA,NA,NA,NA,NA,0.00,NA,NA,NA
2025-05-11 10:00:00,58.92,111.00,8.35,34.56,25.17,NA,NA,0.89,144.14,NA,NA,NA,NA,NA,NA,NA,NA,NA,NA,NA,0.00,NA,NA,NA
2025-05-11 11:00:00,50.21,97.16,7.81,23.67,18.94,NA,NA,0.76,142.13,NA,NA,NA,NA,NA,NA,NA,NA,NA,NA,NA,0.00,NA,NA,NA
2025-05-11 12:00:00,46.70,71.83,7.86,26.92,20.71,NA,NA,0.76,175.29,NA,NA,NA,NA,NA,NA,NA,NA,NA,NA,NA,0.00,NA,NA,NA
2025-05-11 13:00:00,28.91,88.20,7.68,25.19,19.64,NA,NA,0.64,178.77,NA,NA,NA,NA,NA,NA,NA,NA,NA,NA,NA,0.00,NA,NA,NA
2025-05-11 14:00:00,29.71,59.17,6.96,26.25,19.62,NA,NA,0.60,188.69,NA,NA,NA,NA,NA,NA,NA,NA,NA,NA,NA,0.00,NA,NA,NA
2025-05-11 15:00:00,25.61,50.65,6.82,21.58,17.02,NA,NA,0.57,189.70,NA,NA,NA,NA,NA,NA,NA,NA,NA,NA,NA,0.00,NA,NA,NA
2025-05-11 16:00:00,33.15,60.95,7.02,26.22,19.65,NA,NA,0.62,181.77,NA,NA,NA,NA,NA,NA,NA,NA,NA,NA,NA,0.00,NA,NA,NA
2025-05-11 17:00:00,37.12,69.72,7.27,39.05,26.69,NA,NA,0.63,177.65,NA,NA,NA,NA,NA,NA,NA,NA,NA,NA,NA,0.00,NA,NA,NA
2025-05-11 18:00:00,40.65,78.07,7.48,64.74,40.52,NA,NA,0.73,141.75,NA,NA,NA,NA,NA,NA,NA,NA,NA,NA,NA,0.00,NA,NA,NA
2025-05-11 19:00:00,43.64,88.13,7.95,79.66,48.83,NA,NA,0.98,110.01,NA,NA,NA,NA,NA,NA,NA,NA,NA,NA,NA,0.00,NA,NA,NA
2025-05-11 20:00:00,68.37,281.97,7.40,23.21,18.36,NA,NA,0.79,134.53,NA,NA,NA,NA,NA,NA,NA,NA,NA,NA,NA,0.00,NA,NA,NA
2025-05-11 21:00:00,30.38,138.04,7.64,25.33,19.68,NA,NA,0.64,140.08,NA,NA,NA,NA,NA,NA,NA,NA,NA,NA,NA,0.00,NA,NA,NA
2025-05-11 22:00:00,24.97,60.01,7.18,27.35,20.39,NA,NA,0.55,136.96,NA,NA,NA,NA,NA,NA,NA,NA,NA,NA,NA,0.00,NA,NA,NA
2025-05-11 23:00:00,20.64,101.48,8.26,53.13,34.98,NA,NA,0.56,114.43,NA,NA,NA,NA,NA,NA,NA,NA,NA,NA,NA,0.00,NA,NA,NA
2025-05-12 00:00:00,18.05,69.42,8.56,52.43,34.84,NA,NA,0.54,98.37,NA,NA,NA,NA,NA,NA,NA,NA,NA,NA,NA,0.00,NA,NA,NA
2025-05-12 01:00:00,14.67,45.08,8.30,33.88,24.77,NA,NA,0.52,104.05,NA,NA,NA,NA,NA,NA,NA,NA,NA,NA,NA,0.00,NA,NA,NA
2025-05-12 02:00:00,23.08,54.87,7.77,21.50,17.75,NA,NA,0.57,106.98,NA,NA,NA,NA,NA,NA,NA,NA,NA,NA,NA,0.00,NA,NA,NA
2025-05-12 03:00:00,31.83,72.46,8.06,37.67,26.59,NA,NA,0.63,92.43,NA,NA,NA,NA,NA,NA,NA,NA,NA,NA,NA,0.00,NA,NA,NA
2025-05-12 04:00:00,34.31,92.53,15.89,93.31,62.55,NA,NA,0.84,33.75,NA,NA,NA,NA,NA,NA,NA,NA,NA,NA,NA,0.00,NA,NA,NA
2025-05-12 05:00:00,34.18,77.74,33.88,90.32,75.55,NA,NA,0.84,29.92,NA,NA,NA,NA,NA,NA,NA,NA,NA,NA,NA,0.00,NA,NA,NA
2025-05-12 06:00:00,37.49,83.28,60.16,104.46,104.53,NA,NA,1.07,23.74,NA,NA,NA,NA,NA,NA,NA,NA,NA,NA,NA,0.00,NA,NA,NA
2025-05-12 07:00:00,39.27,88.77,35.59,98.23,81.18,NA,NA,1.15,40.19,NA,NA,NA,NA,NA,NA,NA,NA,NA,NA,NA,0.00,NA,NA,NA
2025-05-12 08:00:00,40.97,110.31,13.10,58.96,42.01,NA,NA,0.89,70.26,NA,NA,NA,NA,NA,NA,NA,NA,NA,NA,NA,0.00,NA,NA,NA
2025-05-12 09:00:00,51.73,101.47,10.02,50.89,35.21,NA,NA,0.81,94.66,NA,NA,NA,NA,NA,NA,NA,NA,NA,NA,NA,0.00,NA,NA,NA
2025-05-12 10:00:00,48.24,169.56,7.96,32.99,24.03,NA,NA,0.79,131.99,NA,NA,NA,NA,NA,NA,NA,NA,NA,NA,NA,0.00,NA,NA,NA
2025-05-12 11:00:00,65.68,414.54,8.01,37.45,26.43,NA,NA,0.83,161.14,NA,NA,NA,NA,NA,NA,NA,NA,NA,NA,NA,0.00,NA,NA,NA
2025-05-12 12:00:00,41.36,394.62,7.78,26.45,20.40,NA,NA,0.58,153.35,NA,NA,NA,NA,NA,NA,NA,NA,NA,NA,NA,0.00,NA,NA,NA
2025-05-12 13:00:00,28.68,270.75,8.00,31.12,23.06,NA,NA,0.61,166.43,NA,NA,NA,NA,NA,NA,NA,NA,NA,NA,NA,0.00,NA,NA,NA
2025-05-12 14:00:00,27.13,218.60,7.61,33.04,23.76,NA,NA,0.66,184.11,NA,NA,NA,NA,NA,NA,NA,NA,NA,NA,NA,0.00,NA,NA,NA
2025-05-12 15:00:00,27.42,212.70,7.07,29.61,21.50,NA,NA,0.64,190.31,NA,NA,NA,NA,NA,NA,NA,NA,NA,NA,NA,0.00,NA,NA,NA
2025-05-12 16:00:00,30.13,192.69,7.35,31.23,22.58,NA,NA,0.56,163.28,NA,NA,NA,NA,NA,NA,NA,NA,NA,NA,NA,0.00,NA,NA,NA
2025-05-12 17:00:00,33.67,100.89,7.55,46.12,30.67,NA,NA,0.60,152.55,NA,NA,NA,NA,NA,NA,NA,NA,NA,NA,NA,0.00,NA,NA,NA
2025-05-12 18:00:00,40.67,104.80,7.94,60.59,38.68,NA,NA,0.72,125.09,NA,NA,NA,NA,NA,NA,NA,NA,NA,NA,NA,0.00,NA,NA,NA
2025-05-12 19:00:00,35.31,105.95,12.88,104.47,66.04,NA,NA,0.99,73.06,NA,NA,NA,NA,NA,NA,NA,NA,NA,NA,NA,0.00,NA,NA,NA
2025-05-12 20:00:00,38.55,118.79,89.75,153.10,154.31,NA,NA,1.68,25.91,NA,NA,NA,NA,NA,NA,NA,NA,NA,NA,NA,0.00,NA,NA,NA
2025-05-12 21:00:00,43.60,154.77,63.23,107.79,108.84,NA,NA,1.32,43.54,NA,NA,NA,NA,NA,NA,NA,NA,NA,NA,NA,0.00,NA,NA,NA
2025-05-12 22:00:00,19.31,94.46,12.66,57.41,40.83,NA,NA,0.61,80.67,NA,NA,NA,NA,NA,NA,NA,NA,NA,NA,NA,0.00,NA,NA,NA
2025-05-12 23:00:00,12.58,72.48,9.44,37.99,27.88,NA,NA,0.54,88.31,NA,NA,NA,NA,NA,NA,NA,NA,NA,NA,NA,0.00,NA,NA,NA
2025-05-13 00:00:00,17.61,70.43,9.51,54.52,36.73,NA,NA,0.64,63.63,NA,NA,NA,NA,NA,NA,NA,NA,NA,NA,NA,0.00,NA,NA,NA
2025-05-13 01:00:00,14.26,79.09,14.03,72.17,49.80,NA,NA,0.66,43.95,NA,NA,NA,NA,NA,NA,NA,NA,NA,NA,NA,0.00,NA,NA,NA
2025-05-13 02:00:00,14.31,71.12,10.18,52.43,36.17,NA,NA,0.51,68.40,NA,NA,NA,NA,NA,NA,NA,NA,NA,NA,NA,0.00,NA,NA,NA
2025-05-13 03:00:00,6.83,45.53,9.63,48.79,33.78,NA,NA,0.48,71.87,NA,NA,NA,NA,NA,NA,NA,NA,NA,NA,NA,0.00,NA,NA,NA
2025-05-13 04:00:00,14.67,43.88,9.17,40.49,28.99,NA,NA,0.51,77.96,NA,NA,NA,NA,NA,NA,NA,NA,NA,NA,NA,0.00,NA,NA,NA
2025-05-13 05:00:00,11.46,37.24,13.52,56.06,40.80,NA,NA,0.55,58.74,NA,NA,NA,NA,NA,NA,NA,NA,NA,NA,NA,0.00,NA,NA,NA
2025-05-13 06:00:00,18.07,44.84,9.44,40.57,29.25,NA,NA,0.52,65.16,NA,NA,NA,NA,NA,NA,NA,NA,NA,NA,NA,0.00,NA,NA,NA
2025-05-13 07:00:00,11.23,40.09,19.54,54.08,44.66,NA,NA,0.63,51.26,NA,NA,NA,NA,NA,NA,NA,NA,NA,NA,NA,0.00,NA,NA,NA
2025-05-13 08:00:00,21.68,69.36,12.30,52.44,37.90,NA,NA,0.63,66.95,NA,NA,NA,NA,NA,NA,NA,NA,NA,NA,NA,0.00,NA,NA,NA
2025-05-13 09:00:00,35.19,100.60,10.49,40.81,30.23,NA,NA,0.67,105.50,NA,NA,NA,NA,NA,NA,NA,NA,NA,NA,NA,0.00,NA,NA,NA
2025-05-13 10:00:00,36.69,96.10,8.47,35.52,25.78,NA,NA,0.58,118.76,NA,NA,NA,NA,NA,NA,NA,NA,NA,NA,NA,0.00,NA,NA,NA
2025-05-13 11:00:00,24.38,80.04,8.16,31.20,23.23,NA,NA,0.56,123.39,NA,NA,NA,NA,NA,NA,NA,NA,NA,NA,NA,0.00,NA,NA,NA
2025-05-13 12:00:00,37.33,89.55,8.08,26.02,20.41,NA,NA,0.55,135.50,NA,NA,NA,NA,NA,NA,NA,NA,NA,NA,NA,0.00,NA,NA,NA
2025-05-13 13:00:00,22.00,103.16,8.07,26.10,20.44,NA,NA,0.49,124.53,NA,NA,NA,NA,NA,NA,NA,NA,NA,NA,NA,0.00,NA,NA,NA
2025-05-13 14:00:00,22.53,92.72,7.38,22.54,17.98,NA,NA,0.52,133.37,NA,NA,NA,NA,NA,NA,NA,NA,NA,NA,NA,0.00,NA,NA,NA
2025-05-13 15:00:00,26.65,115.88,7.04,24.44,18.72,NA,NA,0.51,160.17,NA,NA,NA,NA,NA,NA,NA,NA,NA,NA,NA,0.00,NA,NA,NA
2025-05-13 16:00:00,50.68,191.17,14.81,59.49,43.68,NA,NA,0.65,84.97,NA,NA,NA,NA,NA,NA,NA,NA,NA,NA,NA,0.00,NA,NA,NA
2025-05-13 17:00:00,13.12,83.31,10.01,41.88,30.41,NA,NA,0.61,101.55,NA,NA,NA,NA,NA,NA,NA,NA,NA,NA,NA,0.00,NA,NA,NA
2025-05-13 18:00:00,23.39,87.96,13.23,48.24,36.42,NA,NA,0.61,80.27,NA,NA,NA,NA,NA,NA,NA,NA,NA,NA,NA,0.00,NA,NA,NA
2025-05-13 19:00:00,18.89,59.04,8.57,43.64,30.18,NA,NA,0.55,89.74,NA,NA,NA,NA,NA,NA,NA,NA,NA,NA,NA,0.00,NA,NA,NA
2025-05-13 20:00:00,14.14,48.77,8.46,48.07,32.45,NA,NA,0.67,86.47,NA,NA,NA,NA,NA,NA,NA,NA,NA,NA,NA,0.00,NA,NA,NA
2025-05-13 21:00:00,11.22,55.88,10.07,64.53,42.51,NA,NA,0.68,62.84,NA,NA,NA,NA,NA,NA,NA,NA,NA,NA,NA,0.00,NA,NA,NA
2025-05-13 22:00:00,21.49,75.04,16.95,95.96,64.81,NA,NA,0.83,31.01,NA,NA,NA,NA,NA,NA,NA,NA,NA,NA,NA,0.00,NA,NA,NA
2025-05-13 23:00:00,23.28,82.49,18.69,90.60,63.40,NA,NA,0.86,32.73,NA,NA,NA,NA,NA,NA,NA,NA,NA,NA,NA,0.00,NA,NA,NA
2025-05-14 00:00:00,24.60,80.31,27.91,85.46,68.15,NA,NA,0.87,27.76,NA,NA,NA,NA,NA,NA,NA,NA,NA,NA,NA,0.00,NA,NA,NA
2025-05-14 01:00:00,21.54,75.16,16.68,63.60,47.40,NA,NA,0.61,42.82,NA,NA,NA,NA,NA,NA,NA,NA,NA,NA,NA,0.00,NA,NA,NA
2025-05-14 02:00:00,15.05,65.88,10.65,53.29,37.00,NA,NA,0.60,47.03,NA,NA,NA,NA,NA,NA,NA,NA,NA,NA,NA,0.00,NA,NA,NA
2025-05-14 03:00:00,22.33,64.52,17.01,67.23,49.58,NA,NA,0.62,30.50,NA,NA,NA,NA,NA,NA,NA,NA,NA,NA,NA,0.00,NA,NA,NA
2025-05-14 04:00:00,13.04,64.60,23.97,63.66,53.35,NA,NA,0.56,24.62,NA,NA,NA,NA,NA,NA,NA,NA,NA,NA,NA,0.00,NA,NA,NA
2025-05-14 05:00:00,17.27,60.60,17.93,43.33,37.62,NA,NA,0.60,36.95,NA,NA,NA,NA,NA,NA,NA,NA,NA,NA,NA,0.00,NA,NA,NA
2025-05-14 06:00:00,27.44,83.81,52.57,63.96,76.78,NA,NA,0.84,24.78,NA,NA,NA,NA,NA,NA,NA,NA,NA,NA,NA,0.00,NA,NA,NA
2025-05-14 07:00:00,34.22,93.72,25.38,60.94,53.06,NA,NA,0.78,27.52,NA,NA,NA,NA,NA,NA,NA,NA,NA,NA,NA,0.00,NA,NA,NA
2025-05-14 08:00:00,22.87,85.97,13.54,43.90,34.35,NA,NA,0.64,53.14,NA,NA,NA,NA,NA,NA,NA,NA,NA,NA,NA,0.00,NA,NA,NA
2025-05-14 09:00:00,24.96,77.78,13.36,51.21,38.10,NA,NA,0.71,73.85,NA,NA,NA,NA,NA,NA,NA,NA,NA,NA,NA,0.00,NA,NA,NA
2025-05-14 10:00:00,38.26,104.60,13.08,52.92,38.78,NA,NA,0.71,91.36,NA,NA,NA,NA,NA,NA,NA,NA,NA,NA,NA,0.00,NA,NA,NA
2025-05-14 11:00:00,43.85,107.13,9.03,55.13,36.67,NA,NA,0.68,107.85,NA,NA,NA,NA,NA,NA,NA,NA,NA,NA,NA,0.00,NA,NA,NA
2025-05-14 12:00:00,42.16,93.06,7.72,27.43,20.87,NA,NA,0.50,111.82,NA,NA,NA,NA,NA,NA,NA,NA,NA,NA,NA,0.00,NA,NA,NA
2025-05-14 13:00:00,41.49,123.55,7.60,23.43,18.64,NA,NA,0.45,138.67,NA,NA,NA,NA,NA,NA,NA,NA,NA,NA,NA,0.00,NA,NA,NA
2025-05-14 14:00:00,30.28,106.26,9.11,31.10,23.95,NA,NA,0.51,122.88,NA,NA,NA,NA,NA,NA,NA,NA,NA,NA,NA,0.00,NA,NA,NA
2025-05-14 15:00:00,18.33,75.33,8.75,34.08,25.24,NA,NA,0.55,128.77,NA,NA,NA,NA,NA,NA,NA,NA,NA,NA,NA,0.00,NA,NA,NA
2025-05-14 16:00:00,8.39,64.93,7.15,31.20,22.41,NA,NA,0.49,136.35,NA,NA,NA,NA,NA,NA,NA,NA,NA,NA,NA,0.00,NA,NA,NA
2025-05-14 17:00:00,17.17,65.01,8.55,61.31,39.57,NA,NA,0.53,109.98,NA,NA,NA,NA,NA,NA,NA,NA,NA,NA,NA,0.00,NA,NA,NA
2025-05-14 18:00:00,18.95,79.06,8.84,88.28,54.14,NA,NA,0.67,82.70,NA,NA,NA,NA,NA,NA,NA,NA,NA,NA,NA,0.00,NA,NA,NA
2025-05-14 19:00:00,23.30,104.06,27.30,106.88,79.03,NA,NA,0.92,53.75,NA,NA,NA,NA,NA,NA,NA,NA,NA,NA,NA,0.00,NA,NA,NA
2025-05-14 20:00:00,31.71,123.19,18.98,116.96,77.65,NA,NA,1.48,32.16,NA,NA,NA,NA,NA,NA,NA,NA,NA,NA,NA,0.00,NA,NA,NA
2025-05-14 21:00:00,42.69,148.31,20.72,112.08,76.47,NA,NA,1.67,32.23,NA,NA,NA,NA,NA,NA,NA,NA,NA,NA,NA,0.00,NA,NA,NA
2025-05-14 22:00:00,86.73,463.68,8.28,41.13,28.61,NA,NA,0.70,92.83,NA,NA,NA,NA,NA,NA,NA,NA,NA,NA,NA,0.00,NA,NA,NA
2025-05-14 23:00:00,173.14,NA,7.54,34.11,24.27,NA,NA,0.56,80.45,NA,NA,NA,NA,NA,NA,NA,NA,NA,NA,NA,0.00,NA,NA,NA
2025-05-15 00:00:00,204.46,NA,9.25,43.77,30.80,NA,NA,0.60,61.14,NA,NA,NA,NA,NA,NA,NA,NA,NA,NA,NA,0.00,NA,NA,NA
2025-05-15 01:00:00,204.44,NA,23.04,69.61,55.76,NA,NA,0.70,28.55,NA,NA,NA,NA,NA,NA,NA,NA,NA,NA,NA,0.00,NA,NA,NA
2025-05-15 02:00:00,237.97,NA,9.01,48.25,32.99,NA,NA,0.66,49.27,NA,NA,NA,NA,NA,NA,NA,NA,NA,NA,NA,0.00,NA,NA,NA
2025-05-15 03:00:00,226.31,NA,34.11,73.19,66.63,NA,NA,0.81,28.10,NA,NA,NA,NA,NA,NA,NA,NA,NA,NA,NA,0.00,NA,NA,NA
2025-05-15 04:00:00,223.22,NA,48.51,78.23,81.07,NA,NA,0.93,20.69,NA,NA,NA,NA,NA,NA,NA,NA,NA,NA,NA,0.00,NA,NA,NA
2025-05-15 05:00:00,203.63,NA,26.61,71.63,59.74,NA,NA,0.86,18.67,NA,NA,NA,NA,NA,NA,NA,NA,NA,NA,NA,0.00,NA,NA,NA
2025-05-15 06:00:00,206.52,NA,30.03,75.32,64.47,NA,NA,1.19,23.45,NA,NA,NA,NA,NA,NA,NA,NA,NA,NA,NA,0.00,NA,NA,NA
2025-05-15 07:00:00,192.42,NA,28.65,66.09,58.45,NA,NA,1.16,32.46,NA,NA,NA,NA,NA,NA,NA,NA,NA,NA,NA,0.00,NA,NA,NA
2025-05-15 08:00:00,156.98,997.32,20.45,60.19,48.65,NA,NA,0.99,44.29,NA,NA,NA,NA,NA,NA,NA,NA,NA,NA,NA,0.00,NA,NA,NA
2025-05-15 09:00:00,123.19,826.53,11.80,42.73,32.32,NA,NA,0.76,70.31,NA,NA,NA,NA,NA,NA,NA,NA,NA,NA,NA,0.00,NA,NA,NA
2025-05-15 10:00:00,93.16,502.83,10.06,39.03,28.94,NA,NA,0.62,97.46,NA,NA,NA,NA,NA,NA,NA,NA,NA,NA,NA,0.00,NA,NA,NA
2025-05-15 11:00:00,61.94,269.16,8.55,33.75,24.90,NA,NA,0.61,116.58,NA,NA,NA,NA,NA,NA,NA,NA,NA,NA,NA,0.00,NA,NA,NA
2025-05-15 12:00:00,46.67,165.66,8.69,35.47,25.93,NA,NA,0.60,127.05,NA,NA,NA,NA,NA,NA,NA,NA,NA,NA,NA,0.00,NA,NA,NA
2025-05-15 13:00:00,50.43,157.81,8.02,35.04,25.16,NA,NA,0.66,154.10,NA,NA,NA,NA,NA,NA,NA,NA,NA,NA,NA,0.00,NA,NA,NA
2025-05-15 14:00:00,40.00,180.58,7.00,33.61,23.56,NA,NA,0.67,166.86,NA,NA,NA,NA,NA,NA,NA,NA,NA,NA,NA,0.00,NA,NA,NA
2025-05-15 15:00:00,52.98,198.29,6.93,36.82,25.22,NA,NA,0.68,173.81,NA,NA,NA,NA,NA,NA,NA,NA,NA,NA,NA,0.00,NA,NA,NA
2025-05-15 16:00:00,39.60,149.33,7.19,41.32,27.82,NA,NA,0.65,153.00,NA,NA,NA,NA,NA,NA,NA,NA,NA,NA,NA,0.00,NA,NA,NA
2025-05-15 17:00:00,39.76,109.30,7.71,54.38,35.19,NA,NA,0.60,126.10,NA,NA,NA,NA,NA,NA,NA,NA,NA,NA,NA,0.00,NA,NA,NA
2025-05-15 18:00:00,38.65,117.84,7.29,65.79,40.92,NA,NA,0.81,119.93,NA,NA,NA,NA,NA,NA,NA,NA,NA,NA,NA,0.00,NA,NA,NA
2025-05-15 19:00:00,55.16,142.38,7.41,87.10,52.36,NA,NA,0.87,87.07,NA,NA,NA,NA,NA,NA,NA,NA,NA,NA,NA,0.00,NA,NA,NA
2025-05-15 20:00:00,50.27,164.48,8.27,108.30,64.33,NA,NA,1.04,60.71,NA,NA,NA,NA,NA,NA,NA,NA,NA,NA,NA,0.00,NA,NA,NA
2025-05-15 21:00:00,62.27,218.45,51.49,132.19,112.15,NA,NA,1.41,34.14,NA,NA,NA,NA,NA,NA,NA,NA,NA,NA,NA,0.00,NA,NA,NA
2025-05-15 22:00:00,77.20,281.58,99.70,144.65,157.97,NA,NA,1.97,22.84,NA,NA,NA,NA,NA,NA,NA,NA,NA,NA,NA,0.00,NA,NA,NA
2025-05-15 23:00:00,98.67,321.57,190.89,149.44,234.60,NA,NA,2.67,24.77,NA,NA,NA,NA,NA,NA,NA,NA,NA,NA,NA,0.00,NA,NA,NA
2025-05-16 00:00:00,104.36,370.37,255.25,154.31,289.54,NA,NA,2.98,24.10,NA,NA,NA,NA,NA,NA,NA,NA,NA,NA,NA,0.00,NA,NA,NA
2025-05-16 01:00:00,95.76,377.67,293.23,145.22,315.64,NA,NA,3.03,20.41,NA,NA,NA,NA,NA,NA,NA,NA,NA,NA,NA,0.00,NA,NA,NA
2025-05-16 02:00:00,79.22,287.27,121.92,125.12,165.79,NA,NA,2.11,19.98,NA,NA,NA,NA,NA,NA,NA,NA,NA,NA,NA,0.00,NA,NA,NA
2025-05-16 03:00:00,94.65,279.27,15.72,78.04,54.29,NA,NA,1.32,45.33,NA,NA,NA,NA,NA,NA,NA,NA,NA,NA,NA,0.00,NA,NA,NA
2025-05-16 04:00:00,124.11,294.33,31.40,88.83,72.75,NA,NA,1.59,28.02,NA,NA,NA,NA,NA,NA,NA,NA,NA,NA,NA,0.00,NA,NA,NA
2025-05-16 05:00:00,129.84,277.45,45.01,90.55,84.75,NA,NA,1.92,26.76,NA,NA,NA,NA,NA,NA,NA,NA,NA,NA,NA,0.00,NA,NA,NA
2025-05-16 06:00:00,129.85,321.27,53.35,98.16,95.61,NA,NA,2.09,29.29,NA,NA,NA,NA,NA,NA,NA,NA,NA,NA,NA,0.00,NA,NA,NA
2025-05-16 07:00:00,118.45,291.64,16.28,92.81,62.60,NA,NA,2.00,68.68,NA,NA,NA,NA,NA,NA,NA,NA,NA,NA,NA,0.00,NA,NA,NA
2025-05-16 08:00:00,115.96,284.87,14.03,107.26,68.46,NA,NA,1.76,106.50,NA,NA,NA,NA,NA,NA,NA,NA,NA,NA,NA,0.00,NA,NA,NA
2025-05-16 09:00:00,67.46,212.73,17.89,70.46,52.01,NA,NA,1.03,98.20,NA,NA,NA,NA,NA,NA,NA,NA,NA,NA,NA,0.00,NA,NA,NA
2025-05-16 10:00:00,46.28,148.33,10.62,36.27,27.93,NA,NA,0.69,110.82,NA,NA,NA,NA,NA,NA,NA,NA,NA,NA,NA,0.00,NA,NA,NA
2025-05-16 11:00:00,33.91,117.23,9.80,37.96,28.16,NA,NA,0.70,123.00,NA,NA,NA,NA,NA,NA,NA,NA,NA,NA,NA,0.00,NA,NA,NA
2025-05-16 12:00:00,44.07,119.28,8.80,30.44,23.35,NA,NA,0.66,137.26,NA,NA,NA,NA,NA,NA,NA,NA,NA,NA,NA,0.00,NA,NA,NA
2025-05-16 13:00:00,36.27,127.43,8.17,31.69,23.50,NA,NA,0.61,145.26,NA,NA,NA,NA,NA,NA,NA,NA,NA,NA,NA,0.00,NA,NA,NA
2025-05-16 14:00:00,34.98,120.39,7.23,25.32,19.35,NA,NA,0.59,163.06,NA,NA,NA,NA,NA,NA,NA,NA,NA,NA,NA,0.00,NA,NA,NA
2025-05-16 15:00:00,52.25,151.34,6.93,46.19,30.21,NA,NA,0.91,256.67,NA,NA,NA,NA,NA,NA,NA,NA,NA,NA,NA,0.00,NA,NA,NA
2025-05-16 16:00:00,80.49,233.24,7.74,59.20,37.78,NA,NA,1.03,229.72,NA,NA,NA,NA,NA,NA,NA,NA,NA,NA,NA,0.00,NA,NA,NA
2025-05-16 17:00:00,67.88,221.08,8.30,38.72,27.34,NA,NA,0.75,138.28,NA,NA,NA,NA,NA,NA,NA,NA,NA,NA,NA,0.00,NA,NA,NA
2025-05-16 18:00:00,10.77,65.02,9.37,64.24,41.79,NA,NA,0.93,110.96,NA,NA,NA,NA,NA,NA,NA,NA,NA,NA,NA,0.00,NA,NA,NA
2025-05-16 19:00:00,23.07,88.04,12.32,90.46,58.14,NA,NA,1.04,61.36,NA,NA,NA,NA,NA,NA,NA,NA,NA,NA,NA,0.00,NA,NA,NA
2025-05-16 20:00:00,22.56,78.02,7.74,73.46,45.37,NA,NA,1.02,72.28,NA,NA,NA,NA,NA,NA,NA,NA,NA,NA,NA,0.00,NA,NA,NA
2025-05-16 21:00:00,27.83,78.19,9.96,95.77,59.04,NA,NA,1.07,45.34,NA,NA,NA,NA,NA,NA,NA,NA,NA,NA,NA,0.00,NA,NA,NA
2025-05-16 22:00:00,19.54,74.53,8.21,83.54,51.11,NA,NA,0.98,57.90,NA,NA,NA,NA,NA,NA,NA,NA,NA,NA,NA,0.00,NA,NA,NA
2025-05-16 23:00:00,31.38,72.41,8.41,75.33,46.91,NA,NA,0.80,64.09,NA,NA,NA,NA,NA,NA,NA,NA,NA,NA,NA,0.00,NA,NA,NA
2025-05-17 00:00:00,31.51,74.48,13.92,97.97,63.43,NA,NA,0.91,37.53,NA,NA,NA,NA,NA,NA,NA,NA,NA,NA,NA,0.00,NA,NA,NA
2025-05-17 01:00:00,33.92,74.78,23.59,97.47,71.02,NA,NA,0.98,30.36,NA,NA,NA,NA,NA,NA,NA,NA,NA,NA,NA,0.00,NA,NA,NA
2025-05-17 02:00:00,32.08,85.35,114.70,126.20,160.32,NA,NA,1.29,19.11,NA,NA,NA,NA,NA,NA,NA,NA,NA,NA,NA,0.00,NA,NA,NA
2025-05-17 03:00:00,34.23,119.38,97.72,108.67,137.33,NA,NA,1.16,26.06,NA,NA,NA,NA,NA,NA,NA,NA,NA,NA,NA,0.00,NA,NA,NA
2025-05-17 04:00:00,29.09,72.68,12.49,73.61,49.30,NA,NA,0.69,47.52,NA,NA,NA,NA,NA,NA,NA,NA,NA,NA,NA,0.00,NA,NA,NA
2025-05-17 05:00:00,38.19,88.80,16.82,70.94,51.41,NA,NA,0.72,41.26,NA,NA,NA,NA,NA,NA,NA,NA,NA,NA,NA,0.00,NA,NA,NA
2025-05-17 06:00:00,28.89,74.88,19.50,54.11,44.63,NA,NA,0.73,45.68,NA,NA,NA,NA,NA,NA,NA,NA,NA,NA,NA,0.00,NA,NA,NA
2025-05-17 07:00:00,27.98,84.80,23.08,59.89,50.60,NA,NA,0.75,37.01,NA,NA,NA,NA,NA,NA,NA,NA,NA,NA,NA,0.00,NA,NA,NA
2025-05-17 08:00:00,14.00,81.55,30.38,59.65,56.44,NA,NA,0.73,42.42,NA,NA,NA,NA,NA,NA,NA,NA,NA,NA,NA,0.00,NA,NA,NA
2025-05-17 09:00:00,39.96,121.69,9.68,39.20,28.72,NA,NA,0.76,97.49,NA,NA,NA,NA,NA,NA,NA,NA,NA,NA,NA,0.00,NA,NA,NA
2025-05-17 10:00:00,47.94,141.73,8.58,34.45,25.30,NA,NA,0.67,132.32,NA,NA,NA,NA,NA,NA,NA,NA,NA,NA,NA,0.00,NA,NA,NA
2025-05-17 11:00:00,46.63,130.74,7.05,27.56,20.39,NA,NA,0.67,159.35,NA,NA,NA,NA,NA,NA,NA,NA,NA,NA,NA,0.00,NA,NA,NA
2025-05-17 12:00:00,46.69,122.14,6.92,25.74,19.32,NA,NA,0.67,174.35,NA,NA,NA,NA,NA,NA,NA,NA,NA,NA,NA,0.00,NA,NA,NA
2025-05-17 13:00:00,42.06,111.49,6.84,24.78,18.74,NA,NA,0.65,181.36,NA,NA,NA,NA,NA,NA,NA,NA,NA,NA,NA,0.00,NA,NA,NA
2025-05-17 14:00:00,37.30,110.84,7.02,23.83,18.39,NA,NA,0.56,135.79,NA,NA,NA,NA,NA,NA,NA,NA,NA,NA,NA,0.00,NA,NA,NA
2025-05-17 15:00:00,61.66,237.60,11.00,32.19,26.05,NA,NA,0.55,203.87,NA,NA,NA,NA,NA,NA,NA,NA,NA,NA,NA,0.00,NA,NA,NA
2025-05-17 16:00:00,16.29,115.43,8.02,40.53,28.09,NA,NA,0.66,107.52,NA,NA,NA,NA,NA,NA,NA,NA,NA,NA,NA,0.00,NA,NA,NA
2025-05-17 17:00:00,18.73,84.52,7.64,41.27,28.16,NA,NA,0.65,114.51,NA,NA,NA,NA,NA,NA,NA,NA,NA,NA,NA,0.00,NA,NA,NA
2025-05-17 18:00:00,26.93,78.86,7.29,36.26,25.21,NA,NA,0.60,133.18,NA,NA,NA,NA,NA,NA,NA,NA,NA,NA,NA,0.00,NA,NA,NA
2025-05-17 19:00:00,22.35,70.36,7.67,43.14,29.18,NA,NA,0.70,118.37,NA,NA,NA,NA,NA,NA,NA,NA,NA,NA,NA,0.00,NA,NA,NA
2025-05-17 20:00:00,24.76,61.68,7.72,49.26,32.48,NA,NA,0.73,80.91,NA,NA,NA,NA,NA,NA,NA,NA,NA,NA,NA,0.00,NA,NA,NA
2025-05-17 21:00:00,22.44,67.78,8.20,56.18,36.55,NA,NA,0.73,76.35,NA,NA,NA,NA,NA,NA,NA,NA,NA,NA,NA,0.00,NA,NA,NA
2025-05-17 22:00:00,21.51,67.72,8.08,59.85,38.40,NA,NA,0.69,75.92,NA,NA,NA,NA,NA,NA,NA,NA,NA,NA,NA,0.00,NA,NA,NA
2025-05-17 23:00:00,25.49,65.27,9.36,74.93,47.47,NA,NA,0.74,56.86,NA,NA,NA,NA,NA,NA,NA,NA,NA,NA,NA,0.00,NA,NA,NA
2025-05-18 00:00:00,24.45,83.83,34.96,101.38,82.33,NA,NA,1.02,24.89,NA,NA,NA,NA,NA,NA,NA,NA,NA,NA,NA,0.00,NA,NA,NA
2025-05-18 01:00:00,27.73,79.74,38.20,98.58,83.50,NA,NA,1.07,19.38,NA,NA,NA,NA,NA,NA,NA,NA,NA,NA,NA,0.00,NA,NA,NA
2025-05-18 02:00:00,22.91,91.91,19.26,89.40,63.21,NA,NA,0.71,27.39,NA,NA,NA,NA,NA,NA,NA,NA,NA,NA,NA,0.00,NA,NA,NA
2025-05-18 03:00:00,43.09,77.50,22.55,87.94,65.11,NA,NA,0.68,26.30,NA,NA,NA,NA,NA,NA,NA,NA,NA,NA,NA,0.00,NA,NA,NA
2025-05-18 04:00:00,58.62,84.21,38.73,87.58,78.06,NA,NA,0.79,21.70,NA,NA,NA,NA,NA,NA,NA,NA,NA,NA,NA,0.00,NA,NA,NA
2025-05-18 05:00:00,27.36,82.48,24.16,70.05,56.92,NA,NA,0.77,24.87,NA,NA,NA,NA,NA,NA,NA,NA,NA,NA,NA,0.00,NA,NA,NA
2025-05-18 06:00:00,29.76,80.41,90.43,69.11,110.21,NA,NA,0.76,22.50,NA,NA,NA,NA,NA,NA,NA,NA,NA,NA,NA,0.00,NA,NA,NA
2025-05-18 07:00:00,29.27,98.57,69.97,78.13,98.47,NA,NA,1.20,32.65,NA,NA,NA,NA,NA,NA,NA,NA,NA,NA,NA,0.00,NA,NA,NA
2025-05-18 08:00:00,37.03,102.46,18.88,48.57,41.19,NA,NA,0.74,54.04,NA,NA,NA,NA,NA,NA,NA,NA,NA,NA,NA,0.00,NA,NA,NA
2025-05-18 09:00:00,41.77,165.19,10.95,35.25,27.65,NA,NA,0.65,92.81,NA,NA,NA,NA,NA,NA,NA,NA,NA,NA,NA,0.00,NA,NA,NA
2025-05-18 10:00:00,45.38,113.61,9.70,31.53,24.66,NA,NA,0.60,111.02,NA,NA,NA,NA,NA,NA,NA,NA,NA,NA,NA,0.00,NA,NA,NA
2025-05-18 11:00:00,39.47,103.70,7.54,22.63,18.17,NA,NA,0.59,125.22,NA,NA,NA,NA,NA,NA,NA,NA,NA,NA,NA,0.00,NA,NA,NA
2025-05-18 12:00:00,40.58,99.31,7.70,24.28,19.18,NA,NA,0.57,141.23,NA,NA,NA,NA,NA,NA,NA,NA,NA,NA,NA,0.00,NA,NA,NA
2025-05-18 13:00:00,31.53,103.14,7.67,20.40,17.08,NA,NA,0.58,153.27,NA,NA,NA,NA,NA,NA,NA,NA,NA,NA,NA,0.00,NA,NA,NA
2025-05-18 14:00:00,32.66,113.73,7.23,23.91,18.60,NA,NA,0.60,167.07,NA,NA,NA,NA,NA,NA,NA,NA,NA,NA,NA,0.00,NA,NA,NA
2025-05-18 15:00:00,38.41,143.65,7.17,25.80,19.55,NA,NA,0.70,218.05,NA,NA,NA,NA,NA,NA,NA,NA,NA,NA,NA,0.00,NA,NA,NA
2025-05-18 16:00:00,56.30,137.70,7.19,29.41,21.49,NA,NA,0.85,265.91,NA,NA,NA,NA,NA,NA,NA,NA,NA,NA,NA,0.00,NA,NA,NA
2025-05-18 17:00:00,55.54,163.24,7.13,42.86,28.60,NA,NA,0.99,256.78,NA,NA,NA,NA,NA,NA,NA,NA,NA,NA,NA,0.00,NA,NA,NA
2025-05-18 18:00:00,63.76,168.87,7.17,52.51,33.76,NA,NA,1.01,205.56,NA,NA,NA,NA,NA,NA,NA,NA,NA,NA,NA,0.00,NA,NA,NA
2025-05-18 19:00:00,57.01,169.05,7.54,68.01,42.31,NA,NA,1.15,177.52,NA,NA,NA,NA,NA,NA,NA,NA,NA,NA,NA,0.00,NA,NA,NA
2025-05-18 20:00:00,55.38,207.59,7.25,69.16,42.68,NA,NA,1.31,133.14,NA,NA,NA,NA,NA,NA,NA,NA,NA,NA,NA,0.00,NA,NA,NA
2025-05-18 21:00:00,56.06,169.90,7.72,80.04,48.85,NA,NA,1.47,109.84,NA,NA,NA,NA,NA,NA,NA,NA,NA,NA,NA,0.00,NA,NA,NA
2025-05-18 22:00:00,58.10,168.43,8.14,65.85,41.64,NA,NA,1.45,145.90,NA,NA,NA,NA,NA,NA,NA,NA,NA,NA,NA,0.00,NA,NA,NA
2025-05-18 23:00:00,52.48,162.12,8.16,53.55,35.12,NA,NA,1.23,189.32,NA,NA,NA,NA,NA,NA,NA,NA,NA,NA,NA,0.00,NA,NA,NA
2025-05-19 00:00:00,27.87,145.37,8.19,39.17,27.49,NA,NA,1.04,142.37,NA,NA,NA,NA,NA,NA,NA,NA,NA,NA,NA,0.00,NA,NA,NA
2025-05-19 01:00:00,1.16,123.29,7.71,30.58,22.53,NA,NA,0.98,58.08,NA,NA,NA,NA,NA,NA,NA,NA,NA,NA,NA,0.00,NA,NA,NA
2025-05-19 02:00:00,23.09,133.16,8.00,25.78,20.22,NA,NA,0.98,181.24,NA,NA,NA,NA,NA,NA,NA,NA,NA,NA,NA,0.00,NA,NA,NA
2025-05-19 03:00:00,23.25,119.30,8.49,23.82,19.57,NA,NA,1.00,167.11,NA,NA,NA,NA,NA,NA,NA,NA,NA,NA,NA,0.00,NA,NA,NA
2025-05-19 04:00:00,20.82,421.89,8.55,22.15,18.73,NA,NA,1.04,157.09,NA,NA,NA,NA,NA,NA,NA,NA,NA,NA,NA,0.00,NA,NA,NA
2025-05-19 05:00:00,21.31,147.54,8.93,29.35,22.88,NA,NA,1.01,162.82,NA,NA,NA,NA,NA,NA,NA,NA,NA,NA,NA,0.00,NA,NA,NA
2025-05-19 06:00:00,51.03,119.53,8.86,29.76,23.03,NA,NA,0.99,115.90,NA,NA,NA,NA,NA,NA,NA,NA,NA,NA,NA,0.00,NA,NA,NA
2025-05-19 07:00:00,52.61,136.23,10.03,28.84,23.50,NA,NA,1.02,167.51,NA,NA,NA,NA,NA,NA,NA,NA,NA,NA,NA,0.00,NA,NA,NA
2025-05-19 08:00:00,52.00,113.05,9.56,25.69,21.44,NA,NA,0.97,175.47,NA,NA,NA,NA,NA,NA,NA,NA,NA,NA,NA,0.00,NA,NA,NA
2025-05-19 09:00:00,57.20,114.15,8.63,25.50,20.58,NA,NA,1.03,190.71,NA,NA,NA,NA,NA,NA,NA,NA,NA,NA,NA,0.00,NA,NA,NA
2025-05-19 10:00:00,60.08,119.70,7.52,24.42,19.10,NA,NA,1.04,168.56,NA,NA,NA,NA,NA,NA,NA,NA,NA,NA,NA,0.00,NA,NA,NA
2025-05-19 11:00:00,66.39,124.38,7.77,37.18,26.09,NA,NA,1.01,152.75,NA,NA,NA,NA,NA,NA,NA,NA,NA,NA,NA,0.00,NA,NA,NA
2025-05-19 12:00:00,63.92,138.75,7.42,31.57,22.82,NA,NA,0.95,150.65,NA,NA,NA,NA,NA,NA,NA,NA,NA,NA,NA,0.00,NA,NA,NA
2025-05-19 13:00:00,62.66,152.84,7.26,33.95,23.96,NA,NA,0.92,25.87,NA,NA,NA,NA,NA,NA,NA,NA,NA,NA,NA,0.00,NA,NA,NA
2025-05-19 14:00:00,69.48,172.08,7.73,28.85,21.63,NA,NA,0.75,108.59,NA,NA,NA,NA,NA,NA,NA,NA,NA,NA,NA,0.00,NA,NA,NA
2025-05-19 15:00:00,56.65,172.85,7.40,28.27,16.73,NA,NA,0.77,171.88,NA,NA,NA,NA,NA,NA,NA,NA,NA,NA,NA,0.00,NA,NA,NA
2025-05-19 16:00:00,95.49,223.04,44.88,20.30,42.12,NA,NA,0.96,115.19,NA,NA,NA,NA,NA,NA,NA,NA,NA,NA,NA,0.00,NA,NA,NA
2025-05-19 17:00:00,93.28,204.23,5.99,37.90,25.03,NA,NA,0.45,132.99,NA,NA,NA,NA,NA,NA,NA,NA,NA,NA,NA,0.00,NA,NA,NA
2025-05-19 18:00:00,66.44,169.12,5.83,44.24,28.27,NA,NA,0.06,119.94,NA,NA,NA,NA,NA,NA,NA,NA,NA,NA,NA,0.00,NA,NA,NA
2025-05-19 19:00:00,53.57,163.77,4.87,55.71,33.60,NA,NA,0.26,71.89,NA,NA,NA,NA,NA,NA,NA,NA,NA,NA,NA,0.00,NA,NA,NA
2025-05-19 20:00:00,52.94,182.45,7.09,94.87,56.24,NA,NA,0.58,45.33,NA,NA,NA,NA,NA,NA,NA,NA,NA,NA,NA,0.00,NA,NA,NA
2025-05-19 21:00:00,57.36,186.67,6.19,90.89,53.36,NA,NA,0.74,45.57,NA,NA,NA,NA,NA,NA,NA,NA,NA,NA,NA,0.00,NA,NA,NA
2025-05-19 22:00:00,60.36,187.76,5.14,65.52,39.03,NA,NA,0.45,49.86,NA,NA,NA,NA,NA,NA,NA,NA,NA,NA,NA,0.00,NA,NA,NA
2025-05-19 23:00:00,62.93,171.19,5.04,60.11,36.07,NA,NA,0.38,57.65,NA,NA,NA,NA,NA,NA,NA,NA,NA,NA,NA,0.00,NA,NA,NA
2025-05-20 00:00:00,52.76,210.85,4.81,44.76,27.72,NA,NA,0.25,58.10,NA,NA,NA,NA,NA,NA,NA,NA,NA,NA,NA,0.00,NA,NA,NA
2025-05-20 01:00:00,50.75,147.71,5.31,49.90,30.86,NA,NA,0.25,60.67,NA,NA,NA,NA,NA,NA,NA,NA,NA,NA,NA,0.00,NA,NA,NA
2025-05-20 02:00:00,57.44,161.27,4.86,47.31,29.12,NA,NA,0.22,53.98,NA,NA,NA,NA,NA,NA,NA,NA,NA,NA,NA,0.00,NA,NA,NA
2025-05-20 03:00:00,56.53,200.25,5.23,29.52,19.96,NA,NA,0.23,77.61,NA,NA,NA,NA,NA,NA,NA,NA,NA,NA,NA,0.00,NA,NA,NA
2025-05-20 04:00:00,46.22,192.56,5.19,24.47,17.23,NA,NA,0.17,77.73,NA,NA,NA,NA,NA,NA,NA,NA,NA,NA,NA,0.00,NA,NA,NA
2025-05-20 05:00:00,46.32,225.10,4.95,25.41,17.54,NA,NA,0.08,61.72,NA,NA,NA,NA,NA,NA,NA,NA,NA,NA,NA,0.00,NA,NA,NA
2025-05-20 06:00:00,50.22,131.19,5.00,28.10,19.01,NA,NA,0.18,55.76,NA,NA,NA,NA,NA,NA,NA,NA,NA,NA,NA,0.00,NA,NA,NA
2025-05-20 07:00:00,47.79,93.58,5.21,26.97,18.58,NA,NA,0.06,59.88,NA,NA,NA,NA,NA,NA,NA,NA,NA,NA,NA,0.00,NA,NA,NA
2025-05-20 08:00:00,49.62,87.17,7.57,29.15,21.66,NA,NA,0.07,72.17,NA,NA,NA,NA,NA,NA,NA,NA,NA,NA,NA,0.00,NA,NA,NA
2025-05-20 09:00:00,50.53,101.01,6.17,25.09,18.36,NA,NA,0.10,92.68,NA,NA,NA,NA,NA,NA,NA,NA,NA,NA,NA,0.00,NA,NA,NA
2025-05-20 10:00:00,58.03,105.96,5.32,21.95,16.00,NA,NA,0.09,110.56,NA,NA,NA,NA,NA,NA,NA,NA,NA,NA,NA,0.00,NA,NA,NA
2025-05-20 11:00:00,66.65,121.96,5.20,30.79,20.61,NA,NA,0.11,148.42,NA,NA,NA,NA,NA,NA,NA,NA,NA,NA,NA,0.00,NA,NA,NA
2025-05-20 12:00:00,63.16,136.11,4.49,30.00,19.60,NA,NA,0.09,176.64,NA,NA,NA,NA,NA,NA,NA,NA,NA,NA,NA,0.00,NA,NA,NA
2025-05-20 13:00:00,58.84,132.99,4.80,30.06,19.89,NA,NA,0.10,185.49,NA,NA,NA,NA,NA,NA,NA,NA,NA,NA,NA,0.00,NA,NA,NA
2025-05-20 14:00:00,57.73,142.23,4.04,26.77,17.54,NA,NA,0.10,210.09,NA,NA,NA,NA,NA,NA,NA,NA,NA,NA,NA,0.00,NA,NA,NA
2025-05-20 15:00:00,55.72,160.25,4.97,38.64,24.58,NA,NA,0.06,129.44,NA,NA,NA,NA,NA,NA,NA,NA,NA,NA,NA,0.00,NA,NA,NA
2025-05-20 16:00:00,44.56,160.69,6.23,43.65,28.25,NA,NA,NA,99.34,NA,NA,NA,NA,NA,NA,NA,NA,NA,NA,NA,0.00,NA,NA,NA
2025-05-20 17:00:00,58.63,175.24,5.28,41.38,26.33,NA,NA,0.17,211.74,NA,NA,NA,NA,NA,NA,NA,NA,NA,NA,NA,0.00,NA,NA,NA
2025-05-20 18:00:00,73.47,177.12,5.49,55.77,34.14,NA,NA,0.28,182.77,NA,NA,NA,NA,NA,NA,NA,NA,NA,NA,NA,0.00,NA,NA,NA
2025-05-20 19:00:00,67.24,171.16,5.57,66.06,39.71,NA,NA,0.45,133.04,NA,NA,NA,NA,NA,NA,NA,NA,NA,NA,NA,0.00,NA,NA,NA
2025-05-20 20:00:00,70.93,189.04,6.19,91.99,53.97,NA,NA,0.75,103.29,NA,NA,NA,NA,NA,NA,NA,NA,NA,NA,NA,0.00,NA,NA,NA
2025-05-20 21:00:00,72.38,197.82,6.81,83.00,49.66,NA,NA,0.70,70.71,NA,NA,NA,NA,NA,NA,NA,NA,NA,NA,NA,0.00,NA,NA,NA
2025-05-20 22:00:00,66.81,177.28,6.11,50.65,31.86,NA,NA,0.35,83.95,NA,NA,NA,NA,NA,NA,NA,NA,NA,NA,NA,0.00,NA,NA,NA
2025-05-20 23:00:00,58.58,139.26,5.97,40.67,26.48,NA,NA,0.22,89.84,NA,NA,NA,NA,NA,NA,NA,NA,NA,NA,NA,0.00,NA,NA,NA
2025-05-21 00:00:00,59.38,128.86,5.95,46.57,29.62,NA,NA,0.23,96.58,NA,NA,NA,NA,NA,NA,NA,NA,NA,NA,NA,0.00,NA,NA,NA
2025-05-21 01:00:00,62.18,141.24,5.60,37.94,24.72,NA,NA,0.22,71.52,NA,NA,NA,NA,NA,NA,NA,NA,NA,NA,NA,0.00,NA,NA,NA
2025-05-21 02:00:00,67.86,152.24,5.73,39.36,25.61,NA,NA,0.21,59.31,NA,NA,NA,NA,NA,NA,NA,NA,NA,NA,NA,0.00,NA,NA,NA
2025-05-21 03:00:00,71.18,148.88,6.28,46.07,29.61,NA,NA,0.24,44.45,NA,NA,NA,NA,NA,NA,NA,NA,NA,NA,NA,0.00,NA,NA,NA
2025-05-21 04:00:00,76.64,157.00,8.45,53.70,35.44,NA,NA,0.33,43.41,NA,NA,NA,NA,NA,NA,NA,NA,NA,NA,NA,0.00,NA,NA,NA
2025-05-21 05:00:00,74.11,155.46,8.24,44.87,30.56,NA,NA,0.34,65.63,NA,NA,NA,NA,NA,NA,NA,NA,NA,NA,NA,0.00,NA,NA,NA
2025-05-21 06:00:00,69.11,142.14,7.68,31.52,23.01,NA,NA,0.28,73.40,NA,NA,NA,NA,NA,NA,NA,NA,NA,NA,NA,0.00,NA,NA,NA
2025-05-21 07:00:00,64.89,133.82,7.35,28.07,20.90,NA,NA,0.28,69.53,NA,NA,NA,NA,NA,NA,NA,NA,NA,NA,NA,0.00,NA,NA,NA
2025-05-21 08:00:00,52.51,112.43,6.66,28.08,20.35,NA,NA,0.19,83.69,NA,NA,NA,NA,NA,NA,NA,NA,NA,NA,NA,0.00,NA,NA,NA
2025-05-21 09:00:00,57.64,119.38,6.66,30.10,21.43,NA,NA,0.18,92.93,NA,NA,NA,NA,NA,NA,NA,NA,NA,NA,NA,0.00,NA,NA,NA
2025-05-21 10:00:00,52.53,110.33,5.59,23.52,17.05,NA,NA,0.14,119.96,NA,NA,NA,NA,NA,NA,NA,NA,NA,NA,NA,0.00,NA,NA,NA
2025-05-21 11:00:00,59.31,121.78,5.20,27.27,18.74,NA,NA,0.16,176.08,NA,NA,NA,NA,NA,NA,NA,NA,NA,NA,NA,0.00,NA,NA,NA
2025-05-21 12:00:00,66.97,123.67,5.36,29.20,19.89,NA,NA,0.15,179.90,NA,NA,NA,NA,NA,NA,NA,NA,NA,NA,NA,0.00,NA,NA,NA
2025-05-21 13:00:00,60.41,124.34,4.85,24.43,16.94,NA,NA,0.13,204.41,NA,NA,NA,NA,NA,NA,NA,NA,NA,NA,NA,0.00,NA,NA,NA
2025-05-21 14:00:00,56.37,123.34,4.66,26.13,17.68,NA,NA,0.12,215.28,NA,NA,NA,NA,NA,NA,NA,NA,NA,NA,NA,0.00,NA,NA,NA
2025-05-21 15:00:00,53.57,127.96,4.58,36.59,23.20,NA,NA,0.13,225.79,NA,NA,NA,NA,NA,NA,NA,NA,NA,NA,NA,0.00,NA,NA,NA
2025-05-21 16:00:00,56.36,143.90,5.19,47.33,29.39,NA,NA,0.15,220.62,NA,NA,NA,NA,NA,NA,NA,NA,NA,NA,NA,0.00,NA,NA,NA
2025-05-21 17:00:00,55.95,144.37,5.41,51.89,32.03,NA,NA,0.17,207.88,NA,NA,NA,NA,NA,NA,NA,NA,NA,NA,NA,0.00,NA,NA,NA
2025-05-21 18:00:00,59.98,144.81,5.34,49.02,30.40,NA,NA,0.21,161.34,NA,NA,NA,NA,NA,NA,NA,NA,NA,NA,NA,0.00,NA,NA,NA
2025-05-21 19:00:00,58.78,141.08,5.42,42.04,26.79,NA,NA,0.22,136.98,NA,NA,NA,NA,NA,NA,NA,NA,NA,NA,NA,0.00,NA,NA,NA
2025-05-21 20:00:00,88.07,325.05,5.73,16.32,13.30,NA,NA,0.07,98.56,NA,NA,NA,NA,NA,NA,NA,NA,NA,NA,NA,0.00,NA,NA,NA
2025-05-21 21:00:00,42.67,90.19,5.98,30.42,21.04,NA,NA,0.02,69.14,NA,NA,NA,NA,NA,NA,NA,NA,NA,NA,NA,0.00,NA,NA,NA
2025-05-21 22:00:00,7.46,23.42,6.87,42.90,28.40,NA,NA,0.01,58.28,NA,NA,NA,NA,NA,NA,NA,NA,NA,NA,NA,0.00,NA,NA,NA
2025-05-21 23:00:00,7.57,26.03,6.56,35.15,24.03,NA,NA,NA,73.28,NA,NA,NA,NA,NA,NA,NA,NA,NA,NA,NA,0.00,NA,NA,NA
2025-05-22 00:00:00,12.32,34.29,6.52,40.86,27.04,NA,NA,NA,65.77,NA,NA,NA,NA,NA,NA,NA,NA,NA,NA,NA,0.00,NA,NA,NA
2025-05-22 01:00:00,22.59,40.84,6.41,26.73,19.43,NA,NA,NA,77.74,NA,NA,NA,NA,NA,NA,NA,NA,NA,NA,NA,0.00,NA,NA,NA
2025-05-22 02:00:00,17.60,36.17,6.54,31.73,22.20,NA,NA,NA,65.75,NA,NA,NA,NA,NA,NA,NA,NA,NA,NA,NA,0.00,NA,NA,NA
2025-05-22 03:00:00,18.76,51.99,7.19,41.48,27.91,NA,NA,NA,46.96,NA,NA,NA,NA,NA,NA,NA,NA,NA,NA,NA,0.00,NA,NA,NA
2025-05-22 04:00:00,14.77,51.21,7.63,33.26,23.90,NA,NA,NA,48.07,NA,NA,NA,NA,NA,NA,NA,NA,NA,NA,NA,0.00,NA,NA,NA
2025-05-22 05:00:00,6.92,60.86,8.89,39.21,28.08,NA,NA,0.01,34.37,NA,NA,NA,NA,NA,NA,NA,NA,NA,NA,NA,0.00,NA,NA,NA
2025-05-22 06:00:00,25.57,69.68,12.15,40.20,31.26,NA,NA,0.02,29.07,NA,NA,NA,NA,NA,NA,NA,NA,NA,NA,NA,0.00,NA,NA,NA
2025-05-22 07:00:00,15.14,38.70,8.87,28.58,22.41,NA,NA,NA,49.96,NA,NA,NA,NA,NA,NA,NA,NA,NA,NA,NA,0.00,NA,NA,NA
2025-05-22 08:00:00,18.02,48.05,8.00,22.49,18.47,NA,NA,NA,75.12,NA,NA,NA,NA,NA,NA,NA,NA,NA,NA,NA,0.00,NA,NA,NA
2025-05-22 09:00:00,15.73,51.20,6.79,19.89,16.10,NA,NA,NA,92.49,NA,NA,NA,NA,NA,NA,NA,NA,NA,NA,NA,0.00,NA,NA,NA
2025-05-22 10:00:00,19.39,45.45,6.41,24.76,18.38,NA,NA,NA,109.31,NA,NA,NA,NA,NA,NA,NA,NA,NA,NA,NA,0.00,NA,NA,NA
2025-05-22 11:00:00,26.50,53.33,6.11,23.72,17.58,NA,NA,1.61,118.30,NA,NA,NA,NA,NA,NA,NA,NA,NA,NA,NA,0.00,NA,NA,NA
2025-05-22 12:00:00,34.62,54.94,5.64,22.50,16.56,NA,NA,0.51,127.38,NA,NA,NA,NA,NA,NA,NA,NA,NA,NA,NA,0.00,NA,NA,NA
2025-05-22 13:00:00,31.73,61.37,6.04,23.35,17.33,NA,NA,0.10,147.51,NA,NA,NA,NA,NA,NA,NA,NA,NA,NA,NA,0.00,NA,NA,NA
2025-05-22 14:00:00,27.28,54.25,5.03,24.34,17.03,NA,NA,0.10,146.64,NA,NA,NA,NA,NA,NA,NA,NA,NA,NA,NA,0.00,NA,NA,NA
2025-05-22 15:00:00,22.05,42.02,4.81,24.10,16.73,NA,NA,0.11,148.64,NA,NA,NA,NA,NA,NA,NA,NA,NA,NA,NA,0.00,NA,NA,NA
2025-05-22 16:00:00,18.69,51.48,4.87,26.40,18.00,NA,NA,0.08,148.75,NA,NA,NA,NA,NA,NA,NA,NA,NA,NA,NA,0.00,NA,NA,NA
2025-05-22 17:00:00,7.74,45.08,5.41,30.16,20.43,NA,NA,0.09,143.32,NA,NA,NA,NA,NA,NA,NA,NA,NA,NA,NA,0.00,NA,NA,NA
2025-05-22 18:00:00,17.85,46.93,5.18,31.47,20.95,NA,NA,0.13,147.30,NA,NA,NA,NA,NA,NA,NA,NA,NA,NA,NA,0.00,NA,NA,NA
2025-05-22 19:00:00,20.64,55.14,5.28,37.52,24.23,NA,NA,0.20,130.46,NA,NA,NA,NA,NA,NA,NA,NA,NA,NA,NA,0.00,NA,NA,NA
2025-05-22 20:00:00,28.00,62.95,5.90,57.55,35.41,NA,NA,0.39,98.49,NA,NA,NA,NA,NA,NA,NA,NA,NA,NA,NA,0.00,NA,NA,NA
2025-05-22 21:00:00,31.30,69.42,5.56,51.91,32.12,NA,NA,0.37,83.21,NA,NA,NA,NA,NA,NA,NA,NA,NA,NA,NA,0.00,NA,NA,NA
2025-05-22 22:00:00,30.54,65.07,5.47,42.55,27.09,NA,NA,0.33,87.50,NA,NA,NA,NA,NA,NA,NA,NA,NA,NA,NA,0.00,NA,NA,NA
2025-05-22 23:00:00,28.51,65.54,5.76,42.41,27.24,NA,NA,0.29,84.97,NA,NA,NA,NA,NA,NA,NA,NA,NA,NA,NA,0.00,NA,NA,NA
2025-05-23 00:00:00,31.48,75.49,5.85,46.08,29.25,NA,NA,0.31,75.26,NA,NA,NA,NA,NA,NA,NA,NA,NA,NA,NA,0.00,NA,NA,NA
2025-05-23 01:00:00,32.38,63.64,6.06,41.93,27.24,NA,NA,0.23,84.74,NA,NA,NA,NA,NA,NA,NA,NA,NA,NA,NA,0.00,NA,NA,NA
2025-05-23 02:00:00,26.57,60.11,5.60,31.36,21.24,NA,NA,0.21,91.05,NA,NA,NA,NA,NA,NA,NA,NA,NA,NA,NA,0.00,NA,NA,NA
2025-05-23 03:00:00,27.26,57.17,5.64,25.48,18.13,NA,NA,0.20,99.54,NA,NA,NA,NA,NA,NA,NA,NA,NA,NA,NA,0.00,NA,NA,NA
2025-05-23 04:00:00,30.11,58.28,5.70,28.48,19.78,NA,NA,0.24,86.39,NA,NA,NA,NA,NA,NA,NA,NA,NA,NA,NA,0.00,NA,NA,NA
2025-05-23 05:00:00,36.11,60.09,6.14,30.70,21.32,NA,NA,0.29,68.35,NA,NA,NA,NA,NA,NA,NA,NA,NA,NA,NA,0.00,NA,NA,NA
2025-05-23 06:00:00,35.45,81.54,7.01,29.93,21.62,NA,NA,0.29,68.54,NA,NA,NA,NA,NA,NA,NA,NA,NA,NA,NA,0.00,NA,NA,NA
2025-05-23 07:00:00,30.76,60.19,6.78,25.97,19.33,NA,NA,0.24,81.72,NA,NA,NA,NA,NA,NA,NA,NA,NA,NA,NA,0.00,NA,NA,NA
2025-05-23 08:00:00,34.85,59.49,6.73,22.96,17.69,NA,NA,0.18,102.92,NA,NA,NA,NA,NA,NA,NA,NA,NA,NA,NA,0.00,NA,NA,NA
2025-05-23 09:00:00,36.74,59.39,5.98,19.34,15.15,NA,NA,0.21,126.75,NA,NA,NA,NA,NA,NA,NA,NA,NA,NA,NA,0.00,NA,NA,NA
2025-05-23 10:00:00,34.34,60.50,5.79,22.92,16.90,NA,NA,0.21,121.98,NA,NA,NA,NA,NA,NA,NA,NA,NA,NA,NA,0.00,NA,NA,NA
2025-05-23 11:00:00,42.65,66.88,5.33,19.40,14.65,NA,NA,0.19,149.59,NA,NA,NA,NA,NA,NA,NA,NA,NA,NA,NA,0.00,NA,NA,NA
2025-05-23 12:00:00,38.59,56.91,5.16,18.59,14.08,NA,NA,0.18,171.80,NA,NA,NA,NA,NA,NA,NA,NA,NA,NA,NA,0.00,NA,NA,NA
2025-05-23 13:00:00,34.14,61.81,5.01,20.40,14.91,NA,NA,0.20,170.46,NA,NA,NA,NA,NA,NA,NA,NA,NA,NA,NA,0.00,NA,NA,NA
2025-05-23 14:00:00,27.67,61.38,4.51,18.45,13.48,NA,NA,0.16,189.70,NA,NA,NA,NA,NA,NA,NA,NA,NA,NA,NA,0.00,NA,NA,NA
2025-05-23 15:00:00,37.34,64.08,4.42,19.60,14.02,NA,NA,0.12,186.34,NA,NA,NA,NA,NA,NA,NA,NA,NA,NA,NA,0.00,NA,NA,NA
2025-05-23 16:00:00,27.19,59.90,4.56,27.79,18.49,NA,NA,0.16,181.58,NA,NA,NA,NA,NA,NA,NA,NA,NA,NA,NA,0.00,NA,NA,NA
2025-05-23 17:00:00,30.25,69.43,4.79,33.47,21.70,NA,NA,0.19,169.57,NA,NA,NA,NA,NA,NA,NA,NA,NA,NA,NA,0.00,NA,NA,NA
2025-05-23 18:00:00,31.72,75.51,4.89,35.82,23.03,NA,NA,0.21,156.57,NA,NA,NA,NA,NA,NA,NA,NA,NA,NA,NA,0.00,NA,NA,NA
2025-05-23 19:00:00,41.14,75.29,4.74,41.73,26.06,NA,NA,0.30,132.84,NA,NA,NA,NA,NA,NA,NA,NA,NA,NA,NA,0.00,NA,NA,NA
2025-05-23 20:00:00,39.74,72.34,6.35,58.64,36.36,NA,NA,0.46,88.44,NA,NA,NA,NA,NA,NA,NA,NA,NA,NA,NA,0.00,NA,NA,NA
2025-05-23 21:00:00,34.22,92.26,6.22,63.06,38.60,NA,NA,0.56,66.95,NA,NA,NA,NA,NA,NA,NA,NA,NA,NA,NA,0.00,NA,NA,NA
2025-05-23 22:00:00,50.01,98.99,6.18,63.43,38.76,NA,NA,0.56,54.74,NA,NA,NA,NA,NA,NA,NA,NA,NA,NA,NA,0.00,NA,NA,NA
2025-05-23 23:00:00,49.79,153.75,6.04,55.40,34.37,NA,NA,0.46,64.08,NA,NA,NA,NA,NA,NA,NA,NA,NA,NA,NA,0.00,NA,NA,NA
2025-05-24 00:00:00,49.16,208.78,5.26,41.26,26.22,NA,NA,0.33,91.31,NA,NA,NA,NA,NA,NA,NA,NA,NA,NA,NA,0.00,NA,NA,NA
2025-05-24 01:00:00,36.80,94.42,5.16,36.68,23.72,NA,NA,0.27,96.90,NA,NA,NA,NA,NA,NA,NA,NA,NA,NA,NA,0.00,NA,NA,NA
2025-05-24 02:00:00,35.92,81.02,5.37,38.55,24.87,NA,NA,0.27,77.10,NA,NA,NA,NA,NA,NA,NA,NA,NA,NA,NA,0.00,NA,NA,NA
2025-05-24 03:00:00,43.70,86.02,5.95,37.09,24.56,NA,NA,0.31,73.02,NA,NA,NA,NA,NA,NA,NA,NA,NA,NA,NA,0.00,NA,NA,NA
2025-05-24 04:00:00,44.82,90.21,5.70,29.18,20.14,NA,NA,0.29,81.83,NA,NA,NA,NA,NA,NA,NA,NA,NA,NA,NA,0.00,NA,NA,NA
2025-05-24 05:00:00,45.92,93.71,6.06,32.33,22.14,NA,NA,0.26,76.73,NA,NA,NA,NA,NA,NA,NA,NA,NA,NA,NA,0.00,NA,NA,NA
2025-05-24 06:00:00,53.88,100.76,6.69,34.16,23.61,NA,NA,0.31,77.15,NA,NA,NA,NA,NA,NA,NA,NA,NA,NA,NA,0.00,NA,NA,NA
2025-05-24 07:00:00,44.90,76.75,6.56,28.77,20.62,NA,NA,0.27,96.03,NA,NA,NA,NA,NA,NA,NA,NA,NA,NA,NA,0.00,NA,NA,NA
2025-05-24 08:00:00,45.25,82.46,5.62,25.82,18.29,NA,NA,0.26,110.15,NA,NA,NA,NA,NA,NA,NA,NA,NA,NA,NA,0.00,NA,NA,NA
2025-05-24 09:00:00,40.45,83.69,5.24,21.42,15.66,NA,NA,0.25,139.23,NA,NA,NA,NA,NA,NA,NA,NA,NA,NA,NA,0.00,NA,NA,NA
2025-05-24 10:00:00,35.42,81.13,5.06,20.48,15.00,NA,NA,0.20,157.60,NA,NA,NA,NA,NA,NA,NA,NA,NA,NA,NA,0.00,NA,NA,NA
2025-05-24 11:00:00,48.84,87.59,4.87,19.67,14.43,NA,NA,0.20,172.86,NA,NA,NA,NA,NA,NA,NA,NA,NA,NA,NA,0.00,NA,NA,NA
2025-05-24 12:00:00,49.00,91.70,4.62,17.61,13.12,NA,NA,0.21,166.68,NA,NA,NA,NA,NA,NA,NA,NA,NA,NA,NA,0.00,NA,NA,NA
2025-05-24 13:00:00,51.07,95.61,4.43,16.89,12.58,NA,NA,0.23,182.65,NA,NA,NA,NA,NA,NA,NA,NA,NA,NA,NA,0.00,NA,NA,NA
2025-05-24 14:00:00,42.81,85.49,4.63,18.91,13.82,NA,NA,0.20,156.63,NA,NA,NA,NA,NA,NA,NA,NA,NA,NA,NA,0.00,NA,NA,NA
2025-05-24 15:00:00,47.32,97.60,5.24,21.23,15.56,NA,NA,0.20,170.63,NA,NA,NA,NA,NA,NA,NA,NA,NA,NA,NA,0.00,NA,NA,NA
2025-05-24 16:00:00,44.29,105.33,4.65,24.87,17.00,NA,NA,0.19,164.75,NA,NA,NA,NA,NA,NA,NA,NA,NA,NA,NA,0.00,NA,NA,NA
2025-05-24 17:00:00,47.08,102.32,4.60,24.32,16.68,NA,NA,0.20,165.21,NA,NA,NA,NA,NA,NA,NA,NA,NA,NA,NA,0.00,NA,NA,NA
2025-05-24 18:00:00,48.26,102.98,5.18,32.79,21.65,NA,NA,0.22,145.93,NA,NA,NA,NA,NA,NA,NA,NA,NA,NA,NA,0.00,NA,NA,NA
2025-05-24 19:00:00,45.22,99.01,5.06,41.88,26.40,NA,NA,0.32,113.59,NA,NA,NA,NA,NA,NA,NA,NA,NA,NA,NA,0.00,NA,NA,NA
2025-05-24 20:00:00,57.13,110.61,5.55,54.29,33.38,NA,NA,0.41,87.23,NA,NA,NA,NA,NA,NA,NA,NA,NA,NA,NA,0.00,NA,NA,NA
2025-05-24 21:00:00,56.61,117.11,5.41,43.79,27.68,NA,NA,0.39,87.58,NA,NA,NA,NA,NA,NA,NA,NA,NA,NA,NA,0.00,NA,NA,NA
2025-05-24 22:00:00,49.16,101.58,5.03,28.65,19.32,NA,NA,0.29,114.91,NA,NA,NA,NA,NA,NA,NA,NA,NA,NA,NA,0.00,NA,NA,NA
2025-05-24 23:00:00,42.53,97.55,4.99,29.98,20.00,NA,NA,0.28,110.77,NA,NA,NA,NA,NA,NA,NA,NA,NA,NA,NA,0.00,NA,NA,NA
2025-05-25 00:00:00,48.40,98.47,5.63,26.63,18.75,NA,NA,0.25,99.16,NA,NA,NA,NA,NA,NA,NA,NA,NA,NA,NA,0.00,NA,NA,NA
2025-05-25 01:00:00,42.59,166.64,5.33,6.68,7.87,NA,NA,0.02,115.74,NA,NA,NA,NA,NA,NA,NA,NA,NA,NA,NA,0.00,NA,NA,NA
2025-05-25 02:00:00,12.91,63.68,4.98,5.03,6.73,NA,NA,0.03,88.43,NA,NA,NA,NA,NA,NA,NA,NA,NA,NA,NA,0.00,NA,NA,NA
2025-05-25 03:00:00,NA,1.93,5.34,6.12,7.59,NA,NA,0.02,80.54,NA,NA,NA,NA,NA,NA,NA,NA,NA,NA,NA,0.00,NA,NA,NA
2025-05-25 04:00:00,1.58,1.97,5.59,19.51,14.93,NA,NA,0.09,66.47,NA,NA,NA,NA,NA,NA,NA,NA,NA,NA,NA,0.00,NA,NA,NA
2025-05-25 05:00:00,0.18,2.86,6.29,23.76,17.75,NA,NA,0.07,65.40,NA,NA,NA,NA,NA,NA,NA,NA,NA,NA,NA,0.00,NA,NA,NA
2025-05-25 06:00:00,10.69,8.19,7.42,38.56,26.53,NA,NA,0.10,45.79,NA,NA,NA,NA,NA,NA,NA,NA,NA,NA,NA,0.00,NA,NA,NA
2025-05-25 07:00:00,10.24,16.70,8.56,36.53,26.40,NA,NA,0.09,45.54,NA,NA,NA,NA,NA,NA,NA,NA,NA,NA,NA,0.00,NA,NA,NA
2025-05-25 08:00:00,13.57,23.35,9.64,33.98,25.91,NA,NA,0.13,53.22,NA,NA,NA,NA,NA,NA,NA,NA,NA,NA,NA,0.00,NA,NA,NA
2025-05-25 09:00:00,13.64,33.40,8.25,33.69,24.64,NA,NA,0.16,65.57,NA,NA,NA,NA,NA,NA,NA,NA,NA,NA,NA,0.00,NA,NA,NA
2025-05-25 10:00:00,19.31,55.73,7.29,32.86,23.40,NA,NA,0.15,90.99,NA,NA,NA,NA,NA,NA,NA,NA,NA,NA,NA,0.00,NA,NA,NA
2025-05-25 11:00:00,29.69,69.24,6.00,30.67,21.19,NA,NA,0.17,128.95,NA,NA,NA,NA,NA,NA,NA,NA,NA,NA,NA,0.00,NA,NA,NA
2025-05-25 12:00:00,31.89,66.87,5.09,26.12,18.04,NA,NA,0.18,140.49,NA,NA,NA,NA,NA,NA,NA,NA,NA,NA,NA,0.00,NA,NA,NA
2025-05-25 13:00:00,28.67,68.07,5.11,32.42,21.39,NA,NA,0.18,121.72,NA,NA,NA,NA,NA,NA,NA,NA,NA,NA,NA,0.00,NA,NA,NA
2025-05-25 14:00:00,20.12,61.61,5.27,23.53,16.79,NA,NA,0.17,125.13,NA,NA,NA,NA,NA,NA,NA,NA,NA,NA,NA,0.00,NA,NA,NA
2025-05-25 15:00:00,22.57,53.95,5.24,24.98,17.55,NA,NA,0.15,119.48,NA,NA,NA,NA,NA,NA,NA,NA,NA,NA,NA,0.00,NA,NA,NA
2025-05-25 16:00:00,25.54,60.61,4.99,22.96,16.27,NA,NA,0.15,123.40,NA,NA,NA,NA,NA,NA,NA,NA,NA,NA,NA,0.00,NA,NA,NA
2025-05-25 17:00:00,22.06,62.24,5.50,26.98,18.82,NA,NA,0.16,113.92,NA,NA,NA,NA,NA,NA,NA,NA,NA,NA,NA,0.00,NA,NA,NA
2025-05-25 18:00:00,23.33,68.68,6.18,35.80,24.04,NA,NA,0.25,93.46,NA,NA,NA,NA,NA,NA,NA,NA,NA,NA,NA,0.00,NA,NA,NA
2025-05-25 19:00:00,31.10,86.93,5.57,38.40,24.97,NA,NA,0.29,70.83,NA,NA,NA,NA,NA,NA,NA,NA,NA,NA,NA,0.00,NA,NA,NA
2025-05-25 20:00:00,33.99,171.42,6.54,46.24,29.90,NA,NA,0.38,50.08,NA,NA,NA,NA,NA,NA,NA,NA,NA,NA,NA,0.00,NA,NA,NA
2025-05-25 21:00:00,40.93,144.02,6.81,49.46,31.85,NA,NA,0.43,55.88,NA,NA,NA,NA,NA,NA,NA,NA,NA,NA,NA,0.00,NA,NA,NA
2025-05-25 22:00:00,39.09,96.29,7.21,51.88,33.45,NA,NA,0.53,46.25,NA,NA,NA,NA,NA,NA,NA,NA,NA,NA,NA,0.00,NA,NA,NA
2025-05-25 23:00:00,49.70,96.24,9.49,60.87,40.08,NA,NA,0.53,39.47,NA,NA,NA,NA,NA,NA,NA,NA,NA,NA,NA,0.00,NA,NA,NA
2025-05-26 00:00:00,50.53,100.34,25.15,67.03,56.11,NA,NA,0.70,31.79,NA,NA,NA,NA,NA,NA,NA,NA,NA,NA,NA,0.00,NA,NA,NA
2025-05-26 01:00:00,71.67,130.82,18.98,50.87,42.48,NA,NA,0.74,35.73,NA,NA,NA,NA,NA,NA,NA,NA,NA,NA,NA,0.00,NA,NA,NA
2025-05-26 02:00:00,57.48,99.56,23.19,48.79,44.79,NA,NA,0.59,34.23,NA,NA,NA,NA,NA,NA,NA,NA,NA,NA,NA,0.00,NA,NA,NA
2025-05-26 03:00:00,55.36,104.54,23.18,50.53,45.75,NA,NA,0.50,31.53,NA,NA,NA,NA,NA,NA,NA,NA,NA,NA,NA,0.00,NA,NA,NA
2025-05-26 04:00:00,46.46,87.81,20.41,46.11,41.12,NA,NA,0.45,26.82,NA,NA,NA,NA,NA,NA,NA,NA,NA,NA,NA,0.00,NA,NA,NA
2025-05-26 05:00:00,42.42,82.14,38.30,49.70,57.55,NA,NA,0.46,26.10,NA,NA,NA,NA,NA,NA,NA,NA,NA,NA,NA,0.00,NA,NA,NA
2025-05-26 06:00:00,47.87,88.52,35.89,48.19,54.82,NA,NA,0.50,30.86,NA,NA,NA,NA,NA,NA,NA,NA,NA,NA,NA,0.00,NA,NA,NA
2025-05-26 07:00:00,48.58,95.59,26.69,47.07,46.75,NA,NA,0.50,30.41,NA,NA,NA,NA,NA,NA,NA,NA,NA,NA,NA,0.00,NA,NA,NA
2025-05-26 08:00:00,43.61,86.18,15.17,33.41,30.13,NA,NA,0.38,48.01,NA,NA,NA,NA,NA,NA,NA,NA,NA,NA,NA,0.00,NA,NA,NA
2025-05-26 09:00:00,47.16,89.87,9.76,23.64,20.52,NA,NA,0.29,53.56,NA,NA,NA,NA,NA,NA,NA,NA,NA,NA,NA,0.00,NA,NA,NA
2025-05-26 10:00:00,40.83,69.57,8.81,25.85,20.91,NA,NA,0.23,80.80,NA,NA,NA,NA,NA,NA,NA,NA,NA,NA,NA,0.00,NA,NA,NA
2025-05-26 11:00:00,12.94,46.78,7.04,21.23,17.02,NA,NA,0.16,93.57,NA,NA,NA,NA,NA,NA,NA,NA,NA,NA,NA,0.00,NA,NA,NA
2025-05-26 12:00:00,24.75,44.32,6.62,22.74,17.48,NA,NA,0.18,101.33,NA,NA,NA,NA,NA,NA,NA,NA,NA,NA,NA,0.00,NA,NA,NA
2025-05-26 13:00:00,29.61,43.32,6.12,22.79,17.10,NA,NA,0.19,140.36,NA,NA,NA,NA,NA,NA,NA,NA,NA,NA,NA,0.00,NA,NA,NA
2025-05-26 14:00:00,29.66,58.33,5.60,19.99,15.19,NA,NA,0.18,110.65,NA,NA,NA,NA,NA,NA,NA,NA,NA,NA,NA,0.00,NA,NA,NA
2025-05-26 15:00:00,36.46,60.38,5.09,19.72,14.61,NA,NA,0.16,132.29,NA,NA,NA,NA,NA,NA,NA,NA,NA,NA,NA,0.00,NA,NA,NA
2025-05-26 16:00:00,27.51,55.32,5.19,23.46,16.70,NA,NA,0.16,141.11,NA,NA,NA,NA,NA,NA,NA,NA,NA,NA,NA,0.00,NA,NA,NA
2025-05-26 17:00:00,35.87,72.00,5.43,30.21,20.44,NA,NA,0.20,122.20,NA,NA,NA,NA,NA,NA,NA,NA,NA,NA,NA,0.00,NA,NA,NA
2025-05-26 18:00:00,33.22,79.19,4.91,29.79,19.84,NA,NA,0.21,119.50,NA,NA,NA,NA,NA,NA,NA,NA,NA,NA,NA,0.00,NA,NA,NA
2025-05-26 19:00:00,36.22,81.27,5.61,57.01,34.85,NA,NA,0.37,123.67,NA,NA,NA,NA,NA,NA,NA,NA,NA,NA,NA,0.00,NA,NA,NA
2025-05-26 20:00:00,43.68,106.11,7.61,81.47,49.51,NA,NA,0.55,77.07,NA,NA,NA,NA,NA,NA,NA,NA,NA,NA,NA,0.00,NA,NA,NA
2025-05-26 21:00:00,41.21,123.19,13.27,91.46,59.43,NA,NA,0.93,72.64,NA,NA,NA,NA,NA,NA,NA,NA,NA,NA,NA,0.00,NA,NA,NA
2025-05-26 22:00:00,53.86,145.72,16.12,89.48,60.69,NA,NA,1.04,69.03,NA,NA,NA,NA,NA,NA,NA,NA,NA,NA,NA,0.00,NA,NA,NA
2025-05-26 23:00:00,47.91,147.28,13.23,69.53,47.78,NA,NA,0.82,69.77,NA,NA,NA,NA,NA,NA,NA,NA,NA,NA,NA,0.00,NA,NA,NA
2025-05-27 00:00:00,49.67,108.75,10.53,55.55,38.11,NA,NA,0.55,68.01,NA,NA,NA,NA,NA,NA,NA,NA,NA,NA,NA,0.00,NA,NA,NA
2025-05-27 01:00:00,36.59,93.10,8.32,39.85,27.97,NA,NA,0.45,48.48,NA,NA,NA,NA,NA,NA,NA,NA,NA,NA,NA,0.00,NA,NA,NA
2025-05-27 02:00:00,37.32,80.17,9.33,51.60,35.02,NA,NA,0.43,39.96,NA,NA,NA,NA,NA,NA,NA,NA,NA,NA,NA,0.00,NA,NA,NA
2025-05-27 03:00:00,26.01,67.49,8.83,57.46,37.75,NA,NA,0.34,55.72,NA,NA,NA,NA,NA,NA,NA,NA,NA,NA,NA,0.00,NA,NA,NA
2025-05-27 04:00:00,24.93,75.44,9.87,58.77,39.26,NA,NA,0.35,36.00,NA,NA,NA,NA,NA,NA,NA,NA,NA,NA,NA,0.00,NA,NA,NA
2025-05-27 05:00:00,26.36,86.21,17.53,66.30,49.50,NA,NA,0.43,28.41,NA,NA,NA,NA,NA,NA,NA,NA,NA,NA,NA,0.00,NA,NA,NA
2025-05-27 06:00:00,39.65,101.66,19.61,57.91,46.78,NA,NA,0.44,65.20,NA,NA,NA,NA,NA,NA,NA,NA,NA,NA,NA,0.00,NA,NA,NA
2025-05-27 07:00:00,36.13,96.03,10.70,42.77,31.46,NA,NA,0.31,61.16,NA,NA,NA,NA,NA,NA,NA,NA,NA,NA,NA,0.00,NA,NA,NA
2025-05-27 08:00:00,40.41,83.10,7.74,29.20,21.82,NA,NA,0.24,92.48,NA,NA,NA,NA,NA,NA,NA,NA,NA,NA,NA,0.00,NA,NA,NA
2025-05-27 09:00:00,36.20,65.17,6.18,22.38,16.95,NA,NA,0.20,103.54,NA,NA,NA,NA,NA,NA,NA,NA,NA,NA,NA,0.00,NA,NA,NA
2025-05-27 10:00:00,32.20,67.22,5.40,19.28,14.65,NA,NA,0.17,117.10,NA,NA,NA,NA,NA,NA,NA,NA,NA,NA,NA,0.00,NA,NA,NA
2025-05-27 11:00:00,36.17,59.85,4.84,16.57,12.76,NA,NA,0.14,121.60,NA,NA,NA,NA,NA,NA,NA,NA,NA,NA,NA,0.00,NA,NA,NA
2025-05-27 12:00:00,38.75,60.79,4.55,15.53,11.96,NA,NA,0.13,136.93,NA,NA,NA,NA,NA,NA,NA,NA,NA,NA,NA,0.00,NA,NA,NA
2025-05-27 13:00:00,30.53,56.45,4.19,16.32,12.09,NA,NA,0.12,136.31,NA,NA,NA,NA,NA,NA,NA,NA,NA,NA,NA,0.00,NA,NA,NA
2025-05-27 14:00:00,33.70,58.92,6.57,38.64,25.89,NA,NA,0.13,148.25,NA,NA,NA,NA,NA,NA,NA,NA,NA,NA,NA,0.00,NA,NA,NA
2025-05-27 15:00:00,29.75,64.70,5.22,19.66,14.71,NA,NA,0.15,166.27,NA,NA,NA,NA,NA,NA,NA,NA,NA,NA,NA,0.00,NA,NA,NA
2025-05-27 16:00:00,32.05,61.44,5.00,35.63,23.02,NA,NA,0.15,178.34,NA,NA,NA,NA,NA,NA,NA,NA,NA,NA,NA,0.00,NA,NA,NA
2025-05-27 17:00:00,40.00,75.70,4.98,40.01,25.32,NA,NA,0.17,174.42,NA,NA,NA,NA,NA,NA,NA,NA,NA,NA,NA,0.00,NA,NA,NA
2025-05-27 18:00:00,40.14,82.11,4.84,59.31,35.47,NA,NA,0.25,149.72,NA,NA,NA,NA,NA,NA,NA,NA,NA,NA,NA,0.00,NA,NA,NA
2025-05-27 19:00:00,45.06,93.47,5.65,107.33,61.68,NA,NA,0.57,79.60,NA,NA,NA,NA,NA,NA,NA,NA,NA,NA,NA,0.00,NA,NA,NA
2025-05-27 20:00:00,52.06,131.09,13.41,126.52,78.18,NA,NA,0.78,55.97,NA,NA,NA,NA,NA,NA,NA,NA,NA,NA,NA,0.00,NA,NA,NA
2025-05-27 21:00:00,49.44,166.84,14.98,100.94,65.87,NA,NA,0.89,30.67,NA,NA,NA,NA,NA,NA,NA,NA,NA,NA,NA,0.00,NA,NA,NA
2025-05-27 22:00:00,57.03,155.62,48.31,96.15,90.39,NA,NA,1.06,35.77,NA,NA,NA,NA,NA,NA,NA,NA,NA,NA,NA,0.00,NA,NA,NA
2025-05-27 23:00:00,57.17,159.80,20.60,84.39,61.66,NA,NA,0.91,38.79,NA,NA,NA,NA,NA,NA,NA,NA,NA,NA,NA,0.00,NA,NA,NA
2025-05-28 00:00:00,51.58,127.56,9.85,65.57,42.92,NA,NA,0.66,44.94,NA,NA,NA,NA,NA,NA,NA,NA,NA,NA,NA,0.00,NA,NA,NA
2025-05-28 01:00:00,47.34,110.62,11.30,70.00,46.40,NA,NA,0.61,46.67,NA,NA,NA,NA,NA,NA,NA,NA,NA,NA,NA,0.00,NA,NA,NA
2025-05-28 02:00:00,52.23,120.67,10.66,61.87,41.59,NA,NA,0.66,45.97,NA,NA,NA,NA,NA,NA,NA,NA,NA,NA,NA,0.00,NA,NA,NA
2025-05-28 03:00:00,58.34,146.23,10.03,51.22,35.40,NA,NA,0.55,42.66,NA,NA,NA,NA,NA,NA,NA,NA,NA,NA,NA,0.00,NA,NA,NA
2025-05-28 04:00:00,57.07,135.32,9.18,35.95,26.59,NA,NA,0.44,50.76,NA,NA,NA,NA,NA,NA,NA,NA,NA,NA,NA,0.00,NA,NA,NA
2025-05-28 05:00:00,50.30,106.14,10.95,47.75,34.28,NA,NA,0.53,40.50,NA,NA,NA,NA,NA,NA,NA,NA,NA,NA,NA,0.00,NA,NA,NA
2025-05-28 06:00:00,93.44,161.09,11.06,45.07,32.97,NA,NA,0.59,113.06,NA,NA,NA,NA,NA,NA,NA,NA,NA,NA,NA,0.00,NA,NA,NA
2025-05-28 07:00:00,90.50,150.03,9.03,36.80,26.93,NA,NA,0.50,101.82,NA,NA,NA,NA,NA,NA,NA,NA,NA,NA,NA,0.00,NA,NA,NA
2025-05-28 08:00:00,47.60,85.71,7.21,28.45,21.00,NA,NA,0.32,113.30,NA,NA,NA,NA,NA,NA,NA,NA,NA,NA,NA,0.00,NA,NA,NA
2025-05-28 09:00:00,40.07,72.30,6.23,24.55,18.12,NA,NA,0.28,80.37,NA,NA,NA,NA,NA,NA,NA,NA,NA,NA,NA,0.00,NA,NA,NA
2025-05-28 10:00:00,27.90,62.01,5.30,18.05,13.92,NA,NA,0.17,52.12,NA,NA,NA,NA,NA,NA,NA,NA,NA,NA,NA,0.00,NA,NA,NA
2025-05-28 11:00:00,35.01,58.42,4.29,14.04,10.96,NA,NA,0.09,110.77,NA,NA,NA,NA,NA,NA,NA,NA,NA,NA,NA,0.00,NA,NA,NA
2025-05-28 12:00:00,40.39,66.36,5.06,13.57,11.33,NA,NA,0.13,60.44,NA,NA,NA,NA,NA,NA,NA,NA,NA,NA,NA,0.00,NA,NA,NA
2025-05-28 13:00:00,32.65,60.32,7.01,22.39,17.61,NA,NA,0.17,40.49,NA,NA,NA,NA,NA,NA,NA,NA,NA,NA,NA,0.00,NA,NA,NA
2025-05-28 14:00:00,37.68,64.87,4.42,23.91,16.31,NA,NA,0.12,137.06,NA,NA,NA,NA,NA,NA,NA,NA,NA,NA,NA,0.00,NA,NA,NA
2025-05-28 15:00:00,47.69,91.77,6.14,22.15,16.77,NA,NA,0.11,165.70,NA,NA,NA,NA,NA,NA,NA,NA,NA,NA,NA,0.00,NA,NA,NA
2025-05-28 16:00:00,55.99,83.24,5.44,26.00,18.26,NA,NA,0.20,173.99,NA,NA,NA,NA,NA,NA,NA,NA,NA,NA,NA,0.00,NA,NA,NA
2025-05-28 17:00:00,37.82,67.99,4.66,34.79,22.30,NA,NA,0.24,181.77,NA,NA,NA,NA,NA,NA,NA,NA,NA,NA,NA,0.00,NA,NA,NA
2025-05-28 18:00:00,51.33,97.08,4.70,43.64,27.04,NA,NA,0.32,190.01,NA,NA,NA,NA,NA,NA,NA,NA,NA,NA,NA,0.00,NA,NA,NA
2025-05-28 19:00:00,53.23,103.94,4.69,62.04,36.81,NA,NA,0.39,160.30,NA,NA,NA,NA,NA,NA,NA,NA,NA,NA,NA,0.00,NA,NA,NA
2025-05-28 20:00:00,57.63,126.26,5.66,90.70,52.85,NA,NA,0.74,86.20,NA,NA,NA,NA,NA,NA,NA,NA,NA,NA,NA,0.00,NA,NA,NA
2025-05-28 21:00:00,67.03,169.29,9.63,104.70,63.52,NA,NA,1.01,53.01,NA,NA,NA,NA,NA,NA,NA,NA,NA,NA,NA,0.00,NA,NA,NA
2025-05-28 22:00:00,67.68,165.99,7.84,79.51,48.67,NA,NA,0.67,59.42,NA,NA,NA,NA,NA,NA,NA,NA,NA,NA,NA,0.00,NA,NA,NA
2025-05-28 23:00:00,63.25,146.82,9.44,71.55,45.73,NA,NA,0.62,60.12,NA,NA,NA,NA,NA,NA,NA,NA,NA,NA,NA,0.00,NA,NA,NA
2025-05-29 00:00:00,51.41,118.56,7.58,53.21,34.47,NA,NA,0.42,42.31,NA,NA,NA,NA,NA,NA,NA,NA,NA,NA,NA,0.00,NA,NA,NA
2025-05-29 01:00:00,47.55,124.05,6.79,48.28,31.20,NA,NA,0.38,50.76,NA,NA,NA,NA,NA,NA,NA,NA,NA,NA,NA,0.00,NA,NA,NA
2025-05-29 02:00:00,54.09,118.07,6.11,40.16,26.32,NA,NA,0.39,68.39,NA,NA,NA,NA,NA,NA,NA,NA,NA,NA,NA,0.00,NA,NA,NA
2025-05-29 03:00:00,53.75,106.50,8.21,42.89,29.49,NA,NA,0.32,56.05,NA,NA,NA,NA,NA,NA,NA,NA,NA,NA,NA,0.00,NA,NA,NA
2025-05-29 04:00:00,49.24,84.72,6.43,34.30,23.47,NA,NA,0.34,60.02,NA,NA,NA,NA,NA,NA,NA,NA,NA,NA,NA,0.00,NA,NA,NA
2025-05-29 05:00:00,44.41,80.97,6.79,36.66,25.02,NA,NA,0.39,59.91,NA,NA,NA,NA,NA,NA,NA,NA,NA,NA,NA,0.00,NA,NA,NA
2025-05-29 06:00:00,50.69,104.28,13.97,48.14,36.97,NA,NA,0.44,41.63,NA,NA,NA,NA,NA,NA,NA,NA,NA,NA,NA,0.00,NA,NA,NA
2025-05-29 07:00:00,43.79,88.23,7.88,32.31,23.59,NA,NA,0.31,114.83,NA,NA,NA,NA,NA,NA,NA,NA,NA,NA,NA,0.00,NA,NA,NA
2025-05-29 08:00:00,38.92,72.54,6.71,25.39,18.96,NA,NA,0.23,165.25,NA,NA,NA,NA,NA,NA,NA,NA,NA,NA,NA,0.00,NA,NA,NA
2025-05-29 09:00:00,37.55,68.03,5.76,25.95,18.48,NA,NA,0.23,150.08,NA,NA,NA,NA,NA,NA,NA,NA,NA,NA,NA,0.00,NA,NA,NA
2025-05-29 10:00:00,42.85,90.45,6.04,32.12,22.00,NA,NA,0.31,147.76,NA,NA,NA,NA,NA,NA,NA,NA,NA,NA,NA,0.00,NA,NA,NA
2025-05-29 11:00:00,40.77,96.85,5.22,25.05,17.57,NA,NA,0.25,128.82,NA,NA,NA,NA,NA,NA,NA,NA,NA,NA,NA,0.00,NA,NA,NA
2025-05-29 12:00:00,56.54,122.92,5.02,28.45,19.22,NA,NA,0.22,127.22,NA,NA,NA,NA,NA,NA,NA,NA,NA,NA,NA,0.00,NA,NA,NA
2025-05-29 13:00:00,59.78,152.26,5.01,30.10,20.08,NA,NA,0.24,156.37,NA,NA,NA,NA,NA,NA,NA,NA,NA,NA,NA,0.00,NA,NA,NA
2025-05-29 14:00:00,49.09,142.28,4.27,32.19,20.59,NA,NA,0.20,157.19,NA,NA,NA,NA,NA,NA,NA,NA,NA,NA,NA,0.00,NA,NA,NA
2025-05-29 15:00:00,53.00,141.63,3.92,32.45,20.44,NA,NA,0.19,167.11,NA,NA,NA,NA,NA,NA,NA,NA,NA,NA,NA,0.00,NA,NA,NA
2025-05-29 16:00:00,49.35,151.52,4.25,44.54,27.15,NA,NA,0.16,121.17,NA,NA,NA,NA,NA,NA,NA,NA,NA,NA,NA,0.00,NA,NA,NA
2025-05-29 17:00:00,53.86,316.31,8.39,51.15,34.04,NA,NA,0.09,84.25,NA,NA,NA,NA,NA,NA,NA,NA,NA,NA,NA,0.00,NA,NA,NA
2025-05-29 18:00:00,21.67,82.98,8.00,50.74,33.49,NA,NA,0.12,71.45,NA,NA,NA,NA,NA,NA,NA,NA,NA,NA,NA,0.00,NA,NA,NA
2025-05-29 19:00:00,25.22,107.98,9.58,87.97,54.58,NA,NA,0.29,31.71,NA,NA,NA,NA,NA,NA,NA,NA,NA,NA,NA,0.00,NA,NA,NA
2025-05-29 20:00:00,30.51,109.18,5.73,50.71,31.63,NA,NA,0.18,74.97,NA,NA,NA,NA,NA,NA,NA,NA,NA,NA,NA,0.00,NA,NA,NA
2025-05-29 21:00:00,38.03,93.95,5.53,49.22,30.68,NA,NA,0.20,70.21,NA,NA,NA,NA,NA,NA,NA,NA,NA,NA,NA,0.00,NA,NA,NA
2025-05-29 22:00:00,33.42,94.37,9.05,77.52,48.60,NA,NA,0.31,38.32,NA,NA,NA,NA,NA,NA,NA,NA,NA,NA,NA,0.00,NA,NA,NA
2025-05-29 23:00:00,36.20,102.92,24.01,103.92,74.86,NA,NA,0.43,10.04,NA,NA,NA,NA,NA,NA,NA,NA,NA,NA,NA,0.00,NA,NA,NA
2025-05-30 00:00:00,45.01,124.39,40.54,102.51,87.43,NA,NA,0.52,12.18,NA,NA,NA,NA,NA,NA,NA,NA,NA,NA,NA,0.00,NA,NA,NA
2025-05-30 01:00:00,46.22,119.01,22.99,91.54,67.43,NA,NA,0.44,16.38,NA,NA,NA,NA,NA,NA,NA,NA,NA,NA,NA,0.00,NA,NA,NA
2025-05-30 02:00:00,48.19,127.84,35.38,90.90,77.06,NA,NA,0.41,8.54,NA,NA,NA,NA,NA,NA,NA,NA,NA,NA,NA,0.00,NA,NA,NA
2025-05-30 03:00:00,48.12,123.99,24.19,82.86,63.76,NA,NA,0.37,12.90,NA,NA,NA,NA,NA,NA,NA,NA,NA,NA,NA,0.00,NA,NA,NA
2025-05-30 04:00:00,47.74,120.79,16.56,69.45,50.39,NA,NA,0.43,12.14,NA,NA,NA,NA,NA,NA,NA,NA,NA,NA,NA,0.00,NA,NA,NA
2025-05-30 05:00:00,55.43,141.10,16.45,60.47,45.54,NA,NA,0.43,15.18,NA,NA,NA,NA,NA,NA,NA,NA,NA,NA,NA,0.00,NA,NA,NA
2025-05-30 06:00:00,55.88,144.20,15.27,59.35,43.98,NA,NA,0.43,18.99,NA,NA,NA,NA,NA,NA,NA,NA,NA,NA,NA,0.00,NA,NA,NA
2025-05-30 07:00:00,61.50,138.44,24.94,66.84,55.85,NA,NA,0.48,15.58,NA,NA,NA,NA,NA,NA,NA,NA,NA,NA,NA,0.00,NA,NA,NA
2025-05-30 08:00:00,63.17,144.45,25.82,78.97,63.00,NA,NA,0.47,40.03,NA,NA,NA,NA,NA,NA,NA,NA,NA,NA,NA,0.00,NA,NA,NA
2025-05-30 09:00:00,65.61,151.04,11.85,53.17,37.88,NA,NA,0.39,57.71,NA,NA,NA,NA,NA,NA,NA,NA,NA,NA,NA,0.00,NA,NA,NA
2025-05-30 10:00:00,74.21,175.85,9.44,38.24,28.02,NA,NA,0.23,66.04,NA,NA,NA,NA,NA,NA,NA,NA,NA,NA,NA,0.00,NA,NA,NA
2025-05-30 11:00:00,48.19,167.92,6.65,29.09,20.88,NA,NA,0.23,95.28,NA,NA,NA,NA,NA,NA,NA,NA,NA,NA,NA,0.00,NA,NA,NA
2025-05-30 12:00:00,56.72,193.79,6.28,30.15,21.14,NA,NA,0.18,96.57,NA,NA,NA,NA,NA,NA,NA,NA,NA,NA,NA,0.00,NA,NA,NA
2025-05-30 13:00:00,37.69,132.05,5.92,31.05,21.33,NA,NA,0.12,101.27,NA,NA,NA,NA,NA,NA,NA,NA,NA,NA,NA,0.00,NA,NA,NA
2025-05-30 14:00:00,25.73,84.33,5.95,37.77,24.93,NA,NA,0.14,95.40,NA,NA,NA,NA,NA,NA,NA,NA,NA,NA,NA,0.00,NA,NA,NA
2025-05-30 15:00:00,28.58,82.96,5.54,31.25,21.12,NA,NA,0.17,121.84,NA,NA,NA,NA,NA,NA,NA,NA,NA,NA,NA,0.00,NA,NA,NA
2025-05-30 16:00:00,32.32,85.97,5.62,36.47,23.98,NA,NA,0.14,120.68,NA,NA,NA,NA,NA,NA,NA,NA,NA,NA,NA,0.00,NA,NA,NA
2025-05-30 17:00:00,39.98,95.52,12.06,86.41,55.77,NA,NA,0.27,114.80,NA,NA,NA,NA,NA,NA,NA,NA,NA,NA,NA,0.00,NA,NA,NA
2025-05-30 18:00:00,45.46,115.88,5.79,80.43,47.47,NA,NA,0.32,130.43,NA,NA,NA,NA,NA,NA,NA,NA,NA,NA,NA,0.00,NA,NA,NA
2025-05-30 19:00:00,43.85,141.20,5.22,91.63,53.02,NA,NA,0.48,103.15,NA,NA,NA,NA,NA,NA,NA,NA,NA,NA,NA,0.00,NA,NA,NA
2025-05-30 20:00:00,51.83,154.11,7.07,118.76,68.90,NA,NA,0.56,44.08,NA,NA,NA,NA,NA,NA,NA,NA,NA,NA,NA,0.00,NA,NA,NA
2025-05-30 21:00:00,44.39,134.94,10.91,107.71,66.11,NA,NA,0.51,47.52,NA,NA,NA,NA,NA,NA,NA,NA,NA,NA,NA,0.00,NA,NA,NA
2025-05-30 22:00:00,42.43,119.87,5.91,74.02,44.16,NA,NA,0.40,86.55,NA,NA,NA,NA,NA,NA,NA,NA,NA,NA,NA,0.00,NA,NA,NA
2025-05-30 23:00:00,54.25,119.09,20.86,104.07,72.59,NA,NA,0.63,34.18,NA,NA,NA,NA,NA,NA,NA,NA,NA,NA,NA,0.00,NA,NA,NA
2025-05-31 00:00:00,53.16,179.07,124.20,142.78,177.03,NA,NA,1.21,8.75,NA,NA,NA,NA,NA,NA,NA,NA,NA,NA,NA,0.00,NA,NA,NA
2025-05-31 01:00:00,56.32,197.19,148.02,138.25,193.90,NA,NA,1.20,9.89,NA,NA,NA,NA,NA,NA,NA,NA,NA,NA,NA,0.00,NA,NA,NA
2025-05-31 02:00:00,60.49,213.03,70.08,119.53,120.32,NA,NA,0.86,9.07,NA,NA,NA,NA,NA,NA,NA,NA,NA,NA,NA,0.00,NA,NA,NA
2025-05-31 03:00:00,68.16,184.30,76.78,108.45,120.12,NA,NA,0.82,10.45,NA,NA,NA,NA,NA,NA,NA,NA,NA,NA,NA,0.00,NA,NA,NA
2025-05-31 04:00:00,69.30,172.51,61.92,100.66,103.81,NA,NA,0.74,8.96,NA,NA,NA,NA,NA,NA,NA,NA,NA,NA,NA,0.00,NA,NA,NA
2025-05-31 05:00:00,62.40,169.35,77.57,99.61,116.14,NA,NA,0.76,8.89,NA,NA,NA,NA,NA,NA,NA,NA,NA,NA,NA,0.00,NA,NA,NA
2025-05-31 06:00:00,61.78,266.78,135.35,100.16,163.31,NA,NA,1.02,10.45,NA,NA,NA,NA,NA,NA,NA,NA,NA,NA,NA,0.00,NA,NA,NA
2025-05-31 07:00:00,65.49,203.94,43.65,88.72,82.50,NA,NA,0.65,27.74,NA,NA,NA,NA,NA,NA,NA,NA,NA,NA,NA,0.00,NA,NA,NA
2025-05-31 08:00:00,70.11,185.65,13.74,70.60,48.66,NA,NA,0.46,85.91,NA,NA,NA,NA,NA,NA,NA,NA,NA,NA,NA,0.00,NA,NA,NA
2025-05-31 09:00:00,60.44,175.56,10.73,59.26,40.23,NA,NA,0.33,117.50,NA,NA,NA,NA,NA,NA,NA,NA,NA,NA,NA,0.00,NA,NA,NA
2025-05-31 10:00:00,53.65,151.12,7.44,41.59,28.14,NA,NA,0.18,127.91,NA,NA,NA,NA,NA,NA,NA,NA,NA,NA,NA,0.00,NA,NA,NA
2025-05-31 11:00:00,51.08,151.93,5.96,29.15,20.35,NA,NA,0.16,138.25,NA,NA,NA,NA,NA,NA,NA,NA,NA,NA,NA,0.00,NA,NA,NA
2025-05-31 12:00:00,48.07,157.79,4.61,23.89,16.44,NA,NA,0.15,172.14,NA,NA,NA,NA,NA,NA,NA,NA,NA,NA,NA,0.00,NA,NA,NA
2025-05-31 13:00:00,39.77,138.34,4.07,26.68,17.53,NA,NA,0.15,197.46,NA,NA,NA,NA,NA,NA,NA,NA,NA,NA,NA,0.00,NA,NA,NA
2025-05-31 14:00:00,38.34,134.45,3.88,29.25,18.68,NA,NA,0.14,220.83,NA,NA,NA,NA,NA,NA,NA,NA,NA,NA,NA,0.00,NA,NA,NA
2025-05-31 15:00:00,35.51,139.38,3.87,21.14,14.39,NA,NA,0.09,187.15,NA,NA,NA,NA,NA,NA,NA,NA,NA,NA,NA,0.00,NA,NA,NA
2025-05-31 16:00:00,44.05,210.25,6.08,29.72,20.81,NA,NA,0.07,112.18,NA,NA,NA,NA,NA,NA,NA,NA,NA,NA,NA,0.00,NA,NA,NA
2025-05-31 17:00:00,31.24,175.99,5.22,30.92,20.66,NA,NA,0.06,105.63,NA,NA,NA,NA,NA,NA,NA,NA,NA,NA,NA,0.00,NA,NA,NA
2025-05-31 18:00:00,24.72,83.94,7.84,61.19,39.07,NA,NA,0.15,72.67,NA,NA,NA,NA,NA,NA,NA,NA,NA,NA,NA,0.00,NA,NA,NA
2025-05-31 19:00:00,26.12,111.90,13.95,94.64,61.63,NA,NA,0.34,25.71,NA,NA,NA,NA,NA,NA,NA,NA,NA,NA,NA,0.00,NA,NA,NA
2025-05-31 20:00:00,39.93,123.61,19.88,99.16,68.98,NA,NA,0.56,14.04,NA,NA,NA,NA,NA,NA,NA,NA,NA,NA,NA,0.00,NA,NA,NA
2025-05-31 21:00:00,37.96,146.13,64.02,114.10,112.82,NA,NA,0.71,7.70,NA,NA,NA,NA,NA,NA,NA,NA,NA,NA,NA,0.00,NA,NA,NA
2025-05-31 22:00:00,43.19,158.38,101.05,111.96,141.68,NA,NA,0.80,8.28,NA,NA,NA,NA,NA,NA,NA,NA,NA,NA,NA,0.00,NA,NA,NA
2025-05-31 23:00:00,46.28,150.11,13.75,73.07,49.95,NA,NA,0.52,33.00,NA,NA,NA,NA,NA,NA,NA,NA,NA,NA,NA,0.00,NA,NA,NA
2025-06-01 00:00:00,41.83,119.48,9.54,55.08,37.05,NA,NA,0.18,54.15,NA,NA,NA,NA,NA,NA,NA,NA,NA,NA,NA,0.00,NA,NA,NA
2025-06-01 01:00:00,32.42,95.91,9.31,65.65,42.49,NA,NA,0.22,36.56,NA,NA,NA,NA,NA,NA,NA,NA,NA,NA,NA,0.00,NA,NA,NA
2025-06-01 02:00:00,25.59,107.91,8.32,51.75,34.29,NA,NA,0.17,43.70,NA,NA,NA,NA,NA,NA,NA,NA,NA,NA,NA,0.00,NA,NA,NA
2025-06-01 03:00:00,27.53,102.48,6.99,37.23,25.49,NA,NA,0.08,62.39,NA,NA,NA,NA,NA,NA,NA,NA,NA,NA,NA,0.00,NA,NA,NA
2025-06-01 04:00:00,24.55,91.19,7.51,53.54,34.58,NA,NA,0.10,34.77,NA,NA,NA,NA,NA,NA,NA,NA,NA,NA,NA,0.00,NA,NA,NA
2025-06-01 05:00:00,30.63,89.66,18.21,78.49,56.56,NA,NA,0.13,14.35,NA,NA,NA,NA,NA,NA,NA,NA,NA,NA,NA,0.00,NA,NA,NA
2025-06-01 06:00:00,27.20,93.29,13.87,61.09,43.76,NA,NA,0.18,33.94,NA,NA,NA,NA,NA,NA,NA,NA,NA,NA,NA,0.00,NA,NA,NA
2025-06-01 07:00:00,31.06,88.86,13.05,56.79,40.82,NA,NA,0.19,44.19,NA,NA,NA,NA,NA,NA,NA,NA,NA,NA,NA,0.00,NA,NA,NA
2025-06-01 08:00:00,32.79,107.46,16.33,53.69,41.83,NA,NA,0.22,48.55,NA,NA,NA,NA,NA,NA,NA,NA,NA,NA,NA,0.00,NA,NA,NA
2025-06-01 09:00:00,46.30,127.91,9.94,40.65,29.71,NA,NA,0.11,58.08,NA,NA,NA,NA,NA,NA,NA,NA,NA,NA,NA,0.00,NA,NA,NA
2025-06-01 10:00:00,36.13,115.23,8.26,34.72,25.18,NA,NA,0.07,75.48,NA,NA,NA,NA,NA,NA,NA,NA,NA,NA,NA,0.00,NA,NA,NA
2025-06-01 11:00:00,39.23,143.49,10.41,36.35,27.80,NA,NA,0.05,59.70,NA,NA,NA,NA,NA,NA,NA,NA,NA,NA,NA,0.00,NA,NA,NA
2025-06-01 12:00:00,47.94,161.24,18.24,53.54,43.28,NA,NA,0.11,75.90,NA,NA,NA,NA,NA,NA,NA,NA,NA,NA,NA,0.00,NA,NA,NA
2025-06-01 13:00:00,40.05,138.89,13.21,39.21,31.61,NA,NA,0.06,76.62,NA,NA,NA,NA,NA,NA,NA,NA,NA,NA,NA,0.00,NA,NA,NA
2025-06-01 14:00:00,38.20,161.59,4.90,24.83,17.19,NA,NA,0.05,106.20,NA,NA,NA,NA,NA,NA,NA,NA,NA,NA,NA,0.00,NA,NA,NA
2025-06-01 15:00:00,43.33,184.20,4.43,20.53,14.52,NA,NA,0.03,98.60,NA,NA,NA,NA,NA,NA,NA,NA,NA,NA,NA,0.00,NA,NA,NA
2025-06-01 16:00:00,51.86,252.50,8.09,21.82,18.18,NA,NA,0.03,88.62,NA,NA,NA,NA,NA,NA,NA,NA,NA,NA,NA,0.00,NA,NA,NA
2025-06-01 17:00:00,49.26,200.72,5.07,27.17,18.57,NA,NA,0.04,62.34,NA,NA,NA,NA,NA,NA,NA,NA,NA,NA,NA,0.00,NA,NA,NA
2025-06-01 18:00:00,4.15,26.74,11.24,63.90,43.13,NA,NA,0.24,21.47,NA,NA,NA,NA,NA,NA,NA,NA,NA,NA,NA,0.00,NA,NA,NA
2025-06-01 19:00:00,13.51,57.90,17.99,65.65,49.55,NA,NA,0.22,28.43,NA,NA,NA,NA,NA,NA,NA,NA,NA,NA,NA,0.00,NA,NA,NA
2025-06-01 20:00:00,22.40,72.16,9.35,48.43,33.35,NA,NA,0.16,58.07,NA,NA,NA,NA,NA,NA,NA,NA,NA,NA,NA,0.00,NA,NA,NA
2025-06-01 21:00:00,32.86,94.76,13.07,75.20,50.63,NA,NA,0.18,33.31,NA,NA,NA,NA,NA,NA,NA,NA,NA,NA,NA,0.00,NA,NA,NA
2025-06-01 22:00:00,31.20,98.93,19.16,79.66,57.95,NA,NA,0.21,19.81,NA,NA,NA,NA,NA,NA,NA,NA,NA,NA,NA,0.00,NA,NA,NA
2025-06-01 23:00:00,25.94,80.51,8.34,54.42,35.72,NA,NA,0.09,61.68,NA,NA,NA,NA,NA,NA,NA,NA,NA,NA,NA,0.00,NA,NA,NA
2025-06-02 00:00:00,24.53,65.93,5.57,38.46,24.99,NA,NA,0.09,75.80,NA,NA,NA,NA,NA,NA,NA,NA,NA,NA,NA,0.00,NA,NA,NA
2025-06-02 01:00:00,20.44,63.48,5.98,36.27,24.15,NA,NA,0.01,69.25,NA,NA,NA,NA,NA,NA,NA,NA,NA,NA,NA,0.00,NA,NA,NA
2025-06-02 02:00:00,18.13,64.89,5.36,32.41,21.60,NA,NA,0.08,66.39,NA,NA,NA,NA,NA,NA,NA,NA,NA,NA,NA,0.00,NA,NA,NA
2025-06-02 03:00:00,21.32,61.48,8.85,47.84,32.63,NA,NA,0.04,44.23,NA,NA,NA,NA,NA,NA,NA,NA,NA,NA,NA,0.00,NA,NA,NA
2025-06-02 04:00:00,24.51,71.45,13.76,70.11,48.49,NA,NA,0.10,9.85,NA,NA,NA,NA,NA,NA,NA,NA,NA,NA,NA,0.00,NA,NA,NA
2025-06-02 05:00:00,26.86,75.93,30.98,72.70,63.82,NA,NA,0.23,8.66,NA,NA,NA,NA,NA,NA,NA,NA,NA,NA,NA,0.00,NA,NA,NA
2025-06-02 06:00:00,26.53,99.02,67.02,71.19,92.39,NA,NA,0.37,8.27,NA,NA,NA,NA,NA,NA,NA,NA,NA,NA,NA,0.00,NA,NA,NA
2025-06-02 07:00:00,28.43,82.20,22.38,60.87,50.56,NA,NA,0.19,23.26,NA,NA,NA,NA,NA,NA,NA,NA,NA,NA,NA,0.00,NA,NA,NA
2025-06-02 08:00:00,27.66,77.89,12.48,42.96,33.01,NA,NA,0.08,44.32,NA,NA,NA,NA,NA,NA,NA,NA,NA,NA,NA,0.00,NA,NA,NA
2025-06-02 09:00:00,28.67,78.30,7.59,29.53,21.88,NA,NA,0.09,74.40,NA,NA,NA,NA,NA,NA,NA,NA,NA,NA,NA,0.00,NA,NA,NA
2025-06-02 10:00:00,40.03,102.14,6.31,31.23,21.74,NA,NA,0.12,115.75,NA,NA,NA,NA,NA,NA,NA,NA,NA,NA,NA,0.00,NA,NA,NA
2025-06-02 11:00:00,42.46,112.09,5.26,37.52,24.24,NA,NA,0.15,134.81,NA,NA,NA,NA,NA,NA,NA,NA,NA,NA,NA,0.00,NA,NA,NA
2025-06-02 12:00:00,45.06,110.62,5.04,35.63,23.05,NA,NA,0.12,149.09,NA,NA,NA,NA,NA,NA,NA,NA,NA,NA,NA,0.00,NA,NA,NA
2025-06-02 13:00:00,42.96,109.47,3.73,26.51,17.13,NA,NA,0.15,188.81,NA,NA,NA,NA,NA,NA,NA,NA,NA,NA,NA,0.00,NA,NA,NA
2025-06-02 14:00:00,42.69,129.58,3.61,29.12,18.42,NA,NA,0.23,228.48,NA,NA,NA,NA,NA,NA,NA,NA,NA,NA,NA,0.00,NA,NA,NA
2025-06-02 15:00:00,42.37,137.88,4.02,30.58,19.53,NA,NA,0.17,197.63,NA,NA,NA,NA,NA,NA,NA,NA,NA,NA,NA,0.00,NA,NA,NA
2025-06-02 16:00:00,42.84,135.21,4.12,32.34,20.55,NA,NA,0.09,128.42,NA,NA,NA,NA,NA,NA,NA,NA,NA,NA,NA,0.00,NA,NA,NA
2025-06-02 17:00:00,26.10,128.07,4.96,38.05,24.27,NA,NA,0.06,80.74,NA,NA,NA,NA,NA,NA,NA,NA,NA,NA,NA,0.00,NA,NA,NA
2025-06-02 18:00:00,28.92,100.04,11.56,59.71,41.15,NA,NA,0.17,65.84,NA,NA,NA,NA,NA,NA,NA,NA,NA,NA,NA,0.00,NA,NA,NA
2025-06-02 19:00:00,28.56,91.52,9.77,51.37,35.25,NA,NA,0.16,72.92,NA,NA,NA,NA,NA,NA,NA,NA,NA,NA,NA,0.00,NA,NA,NA
2025-06-02 20:00:00,26.54,82.13,7.42,58.68,37.25,NA,NA,0.18,51.47,NA,NA,NA,NA,NA,NA,NA,NA,NA,NA,NA,0.00,NA,NA,NA
2025-06-02 21:00:00,33.23,103.28,8.24,69.54,43.69,NA,NA,0.29,30.27,NA,NA,NA,NA,NA,NA,NA,NA,NA,NA,NA,0.00,NA,NA,NA
2025-06-02 22:00:00,30.42,105.74,21.21,81.74,60.71,NA,NA,0.44,14.72,NA,NA,NA,NA,NA,NA,NA,NA,NA,NA,NA,0.00,NA,NA,NA
2025-06-02 23:00:00,33.94,121.41,29.61,78.16,65.67,NA,NA,0.39,12.14,NA,NA,NA,NA,NA,NA,NA,NA,NA,NA,NA,0.00,NA,NA,NA
2025-06-03 00:00:00,32.13,110.75,30.99,70.79,62.82,NA,NA,0.31,8.15,NA,NA,NA,NA,NA,NA,NA,NA,NA,NA,NA,0.00,NA,NA,NA
2025-06-03 01:00:00,26.98,106.75,50.54,74.27,80.60,NA,NA,0.42,4.80,NA,NA,NA,NA,NA,NA,NA,NA,NA,NA,NA,0.00,NA,NA,NA
2025-06-03 02:00:00,34.16,110.00,73.69,73.17,98.83,NA,NA,0.51,5.21,NA,NA,NA,NA,NA,NA,NA,NA,NA,NA,NA,0.00,NA,NA,NA
2025-06-03 03:00:00,26.00,93.84,66.14,74.01,93.17,NA,NA,0.28,5.36,NA,NA,NA,NA,NA,NA,NA,NA,NA,NA,NA,0.00,NA,NA,NA
2025-06-03 04:00:00,25.92,81.01,9.34,45.89,32.00,NA,NA,0.12,26.84,NA,NA,NA,NA,NA,NA,NA,NA,NA,NA,NA,0.00,NA,NA,NA
2025-06-03 05:00:00,61.80,131.41,15.57,49.15,38.80,NA,NA,0.24,20.87,NA,NA,NA,NA,NA,NA,NA,NA,NA,NA,NA,0.00,NA,NA,NA
2025-06-03 06:00:00,46.37,122.90,9.37,40.48,29.14,NA,NA,0.08,59.29,NA,NA,NA,NA,NA,NA,NA,NA,NA,NA,NA,0.00,NA,NA,NA
2025-06-03 07:00:00,17.63,62.38,8.91,38.81,27.89,NA,NA,0.03,74.56,NA,NA,NA,NA,NA,NA,NA,NA,NA,NA,NA,0.00,NA,NA,NA
2025-06-03 08:00:00,9.34,42.33,7.31,33.87,23.96,NA,NA,0.10,81.22,NA,NA,NA,NA,NA,NA,NA,NA,NA,NA,NA,0.00,NA,NA,NA
2025-06-03 09:00:00,24.27,72.02,6.33,34.51,23.51,NA,NA,0.15,98.62,NA,NA,NA,NA,NA,NA,NA,NA,NA,NA,NA,0.00,NA,NA,NA
2025-06-03 10:00:00,31.45,92.40,5.12,34.72,22.63,NA,NA,0.19,132.24,NA,NA,NA,NA,NA,NA,NA,NA,NA,NA,NA,0.00,NA,NA,NA
2025-06-03 11:00:00,42.17,103.73,5.08,42.12,26.54,NA,NA,0.18,147.37,NA,NA,NA,NA,NA,NA,NA,NA,NA,NA,NA,0.00,NA,NA,NA
2025-06-03 12:00:00,36.54,129.00,4.92,52.61,31.98,NA,NA,0.17,135.88,NA,NA,NA,NA,NA,NA,NA,NA,NA,NA,NA,0.00,NA,NA,NA
2025-06-03 13:00:00,30.87,171.00,6.05,46.04,29.41,NA,NA,0.15,115.56,NA,NA,NA,NA,NA,NA,NA,NA,NA,NA,NA,0.00,NA,NA,NA
2025-06-03 14:00:00,32.60,89.63,6.14,43.58,28.17,NA,NA,0.14,88.48,NA,NA,NA,NA,NA,NA,NA,NA,NA,NA,NA,0.00,NA,NA,NA
2025-06-03 15:00:00,27.96,78.36,7.49,44.88,29.96,NA,NA,0.11,76.30,NA,NA,NA,NA,NA,NA,NA,NA,NA,NA,NA,0.00,NA,NA,NA
2025-06-03 16:00:00,22.66,64.98,7.04,37.47,25.65,NA,NA,0.02,67.84,NA,NA,NA,NA,NA,NA,NA,NA,NA,NA,NA,0.00,NA,NA,NA
2025-06-03 17:00:00,20.47,57.54,7.76,45.57,30.55,NA,NA,0.01,53.04,NA,NA,NA,NA,NA,NA,NA,NA,NA,NA,NA,0.00,NA,NA,NA
2025-06-03 18:00:00,25.45,65.31,5.80,42.49,27.31,NA,NA,0.09,60.25,NA,NA,NA,NA,NA,NA,NA,NA,NA,NA,NA,0.00,NA,NA,NA
2025-06-03 19:00:00,24.30,72.63,5.68,49.23,30.80,NA,NA,0.12,46.09,NA,NA,NA,NA,NA,NA,NA,NA,NA,NA,NA,0.00,NA,NA,NA
2025-06-03 20:00:00,26.44,80.78,15.53,78.63,54.44,NA,NA,0.34,22.18,NA,NA,NA,NA,NA,NA,NA,NA,NA,NA,NA,0.00,NA,NA,NA
2025-06-03 21:00:00,33.15,103.90,31.96,92.79,75.33,NA,NA,0.48,6.62,NA,NA,NA,NA,NA,NA,NA,NA,NA,NA,NA,0.00,NA,NA,NA
2025-06-03 22:00:00,36.32,117.73,12.43,62.59,43.41,NA,NA,0.48,19.01,NA,NA,NA,NA,NA,NA,NA,NA,NA,NA,NA,0.00,NA,NA,NA
2025-06-03 23:00:00,33.26,216.04,5.95,22.57,16.85,NA,NA,0.02,73.88,NA,NA,NA,NA,NA,NA,NA,NA,NA,NA,NA,0.00,NA,NA,NA
2025-06-04 00:00:00,25.08,254.85,5.72,29.51,20.35,NA,NA,0.03,61.97,NA,NA,NA,NA,NA,NA,NA,NA,NA,NA,NA,0.00,NA,NA,NA
2025-06-04 01:00:00,32.14,269.11,8.15,50.16,33.30,NA,NA,0.09,36.51,NA,NA,NA,NA,NA,NA,NA,NA,NA,NA,NA,0.00,NA,NA,NA
2025-06-04 02:00:00,32.53,265.62,14.35,61.31,44.27,NA,NA,0.20,14.24,NA,NA,NA,NA,NA,NA,NA,NA,NA,NA,NA,0.00,NA,NA,NA
2025-06-04 03:00:00,37.90,239.22,19.53,62.39,49.06,NA,NA,0.31,9.98,NA,NA,NA,NA,NA,NA,NA,NA,NA,NA,NA,0.00,NA,NA,NA
2025-06-04 04:00:00,52.28,166.39,9.58,48.91,33.80,NA,NA,0.30,18.15,NA,NA,NA,NA,NA,NA,NA,NA,NA,NA,NA,0.00,NA,NA,NA
2025-06-04 05:00:00,52.24,126.72,15.20,56.90,42.62,NA,NA,0.31,9.29,NA,NA,NA,NA,NA,NA,NA,NA,NA,NA,NA,0.00,NA,NA,NA
2025-06-04 06:00:00,54.64,129.95,24.94,54.26,49.14,NA,NA,0.38,8.99,NA,NA,NA,NA,NA,NA,NA,NA,NA,NA,NA,0.00,NA,NA,NA
2025-06-04 07:00:00,47.70,114.27,15.28,49.51,38.76,NA,NA,0.40,19.80,NA,NA,NA,NA,NA,NA,NA,NA,NA,NA,NA,0.00,NA,NA,NA
2025-06-04 08:00:00,54.10,109.36,13.87,56.72,41.46,NA,NA,0.37,29.45,NA,NA,NA,NA,NA,NA,NA,NA,NA,NA,NA,0.00,NA,NA,NA
2025-06-04 09:00:00,46.85,110.63,9.21,49.18,33.65,NA,NA,0.37,51.84,NA,NA,NA,NA,NA,NA,NA,NA,NA,NA,NA,0.00,NA,NA,NA
2025-06-04 10:00:00,46.78,115.90,7.18,47.49,31.09,NA,NA,0.41,97.21,NA,NA,NA,NA,NA,NA,NA,NA,NA,NA,NA,0.00,NA,NA,NA
2025-06-04 11:00:00,55.98,154.74,5.61,35.47,23.42,NA,NA,0.19,118.96,NA,NA,NA,NA,NA,NA,NA,NA,NA,NA,NA,0.00,NA,NA,NA
2025-06-04 12:00:00,41.16,140.97,4.69,31.62,20.63,NA,NA,0.14,138.77,NA,NA,NA,NA,NA,NA,NA,NA,NA,NA,NA,0.00,NA,NA,NA
2025-06-04 13:00:00,32.02,112.88,6.40,30.41,21.39,NA,NA,0.06,122.65,NA,NA,NA,NA,NA,NA,NA,NA,NA,NA,NA,0.00,NA,NA,NA
2025-06-04 14:00:00,20.74,87.71,6.16,36.88,24.63,NA,NA,0.07,119.22,NA,NA,NA,NA,NA,NA,NA,NA,NA,NA,NA,0.00,NA,NA,NA
2025-06-04 15:00:00,20.79,79.25,5.82,34.31,22.98,NA,NA,0.03,120.86,NA,NA,NA,NA,NA,NA,NA,NA,NA,NA,NA,0.00,NA,NA,NA
2025-06-04 16:00:00,22.20,73.83,5.22,35.27,23.00,NA,NA,0.14,117.60,NA,NA,NA,NA,NA,NA,NA,NA,NA,NA,NA,0.00,NA,NA,NA
2025-06-04 17:00:00,13.55,56.76,4.68,32.22,20.94,NA,NA,0.06,105.23,NA,NA,NA,NA,NA,NA,NA,NA,NA,NA,NA,0.00,NA,NA,NA
2025-06-04 18:00:00,22.51,74.99,4.99,28.03,18.97,NA,NA,0.05,95.61,NA,NA,NA,NA,NA,NA,NA,NA,NA,NA,NA,0.00,NA,NA,NA
2025-06-04 19:00:00,27.40,105.49,5.38,28.21,19.38,NA,NA,0.05,67.25,NA,NA,NA,NA,NA,NA,NA,NA,NA,NA,NA,0.00,NA,NA,NA
2025-06-04 20:00:00,22.14,101.73,8.52,43.32,29.96,NA,NA,0.11,48.61,NA,NA,NA,NA,NA,NA,NA,NA,NA,NA,NA,0.00,NA,NA,NA
2025-06-04 21:00:00,26.89,100.00,6.97,51.32,32.97,NA,NA,0.20,38.27,NA,NA,NA,NA,NA,NA,NA,NA,NA,NA,NA,0.00,NA,NA,NA
2025-06-04 22:00:00,29.72,118.96,16.25,68.35,49.56,NA,NA,0.36,15.15,NA,NA,NA,NA,NA,NA,NA,NA,NA,NA,NA,0.00,NA,NA,NA
2025-06-04 23:00:00,42.87,128.31,42.08,86.48,80.19,NA,NA,1.10,5.66,NA,NA,NA,NA,NA,NA,NA,NA,NA,NA,NA,0.00,NA,NA,NA
2025-06-05 00:00:00,39.89,145.33,13.55,50.28,37.79,NA,NA,0.14,21.88,NA,NA,NA,NA,NA,NA,NA,NA,NA,NA,NA,0.00,NA,NA,NA
2025-06-05 01:00:00,28.69,81.92,7.61,40.09,27.51,NA,NA,0.08,32.66,NA,NA,NA,NA,NA,NA,NA,NA,NA,NA,NA,0.00,NA,NA,NA
2025-06-05 02:00:00,29.76,81.32,6.84,33.50,23.38,NA,NA,0.09,38.19,NA,NA,NA,NA,NA,NA,NA,NA,NA,NA,NA,0.00,NA,NA,NA
2025-06-05 03:00:00,37.61,88.60,6.56,28.40,20.44,NA,NA,0.05,36.66,NA,NA,NA,NA,NA,NA,NA,NA,NA,NA,NA,0.00,NA,NA,NA
2025-06-05 04:00:00,21.43,77.44,6.81,28.29,20.58,NA,NA,0.02,33.37,NA,NA,NA,NA,NA,NA,NA,NA,NA,NA,NA,0.00,NA,NA,NA
2025-06-05 05:00:00,29.15,83.36,15.88,40.40,34.39,NA,NA,0.11,17.61,NA,NA,NA,NA,NA,NA,NA,NA,NA,NA,NA,0.00,NA,NA,NA
2025-06-05 06:00:00,34.91,107.45,23.32,53.29,47.31,NA,NA,0.22,9.66,NA,NA,NA,NA,NA,NA,NA,NA,NA,NA,NA,0.00,NA,NA,NA
2025-06-05 07:00:00,25.98,101.19,25.67,56.03,50.68,NA,NA,0.29,17.68,NA,NA,NA,NA,NA,NA,NA,NA,NA,NA,NA,0.00,NA,NA,NA
2025-06-05 08:00:00,35.78,111.48,17.35,42.78,36.87,NA,NA,0.10,44.82,NA,NA,NA,NA,NA,NA,NA,NA,NA,NA,NA,0.00,NA,NA,NA
2025-06-05 09:00:00,16.91,58.62,11.03,38.67,29.54,NA,NA,0.05,72.72,NA,NA,NA,NA,NA,NA,NA,NA,NA,NA,NA,0.00,NA,NA,NA
2025-06-05 10:00:00,19.70,69.69,6.46,25.04,18.57,NA,NA,0.02,102.55,NA,NA,NA,NA,NA,NA,NA,NA,NA,NA,NA,0.00,NA,NA,NA
2025-06-05 11:00:00,21.51,70.85,5.87,33.78,22.74,NA,NA,0.05,114.32,NA,NA,NA,NA,NA,NA,NA,NA,NA,NA,NA,0.00,NA,NA,NA
2025-06-05 12:00:00,30.26,74.74,4.37,28.44,18.68,NA,NA,0.09,162.65,NA,NA,NA,NA,NA,NA,NA,NA,NA,NA,NA,0.00,NA,NA,NA
2025-06-05 13:00:00,29.54,84.32,3.78,21.75,14.65,NA,NA,0.09,201.20,NA,NA,NA,NA,NA,NA,NA,NA,NA,NA,NA,0.00,NA,NA,NA
2025-06-05 14:00:00,28.96,83.65,3.97,25.23,16.65,NA,NA,0.08,219.54,NA,NA,NA,NA,NA,NA,NA,NA,NA,NA,NA,0.00,NA,NA,NA
2025-06-05 15:00:00,26.02,88.42,4.81,36.01,23.06,NA,NA,0.08,203.01,NA,NA,NA,NA,NA,NA,NA,NA,NA,NA,NA,0.00,NA,NA,NA
2025-06-05 16:00:00,26.78,92.94,13.52,60.88,43.41,NA,NA,0.04,125.50,NA,NA,NA,NA,NA,NA,NA,NA,NA,NA,NA,0.00,NA,NA,NA
2025-06-05 17:00:00,26.63,98.07,5.62,42.69,27.28,NA,NA,0.07,114.00,NA,NA,NA,NA,NA,NA,NA,NA,NA,NA,NA,0.00,NA,NA,NA
2025-06-05 18:00:00,25.62,93.97,6.63,47.90,30.86,NA,NA,0.07,91.96,NA,NA,NA,NA,NA,NA,NA,NA,NA,NA,NA,0.00,NA,NA,NA
2025-06-05 19:00:00,27.39,89.90,7.23,42.46,28.46,NA,NA,0.09,72.29,NA,NA,NA,NA,NA,NA,NA,NA,NA,NA,NA,0.00,NA,NA,NA
2025-06-05 20:00:00,22.11,83.03,8.23,49.07,32.79,NA,NA,0.17,56.26,NA,NA,NA,NA,NA,NA,NA,NA,NA,NA,NA,0.00,NA,NA,NA
2025-06-05 21:00:00,20.20,84.76,14.30,63.13,45.22,NA,NA,0.20,44.99,NA,NA,NA,NA,NA,NA,NA,NA,NA,NA,NA,0.00,NA,NA,NA
2025-06-05 22:00:00,27.24,80.03,6.24,58.41,36.14,NA,NA,0.15,38.09,NA,NA,NA,NA,NA,NA,NA,NA,NA,NA,NA,0.00,NA,NA,NA
2025-06-05 23:00:00,16.34,71.29,17.25,79.96,56.55,NA,NA,0.14,13.16,NA,NA,NA,NA,NA,NA,NA,NA,NA,NA,NA,0.00,NA,NA,NA
2025-06-06 00:00:00,24.76,93.17,39.31,90.03,79.85,NA,NA,0.34,5.88,NA,NA,NA,NA,NA,NA,NA,NA,NA,NA,NA,0.00,NA,NA,NA
2025-06-06 01:00:00,32.96,96.43,9.32,54.23,36.43,NA,NA,0.14,37.50,NA,NA,NA,NA,NA,NA,NA,NA,NA,NA,NA,0.00,NA,NA,NA
2025-06-06 02:00:00,30.85,93.13,7.99,53.94,35.19,NA,NA,0.08,34.07,NA,NA,NA,NA,NA,NA,NA,NA,NA,NA,NA,0.00,NA,NA,NA
2025-06-06 03:00:00,22.44,72.47,13.68,66.60,46.54,NA,NA,0.11,15.27,NA,NA,NA,NA,NA,NA,NA,NA,NA,NA,NA,0.00,NA,NA,NA
2025-06-06 04:00:00,22.24,83.02,17.99,70.45,52.09,NA,NA,0.13,5.20,NA,NA,NA,NA,NA,NA,NA,NA,NA,NA,NA,0.00,NA,NA,NA
2025-06-06 05:00:00,26.58,92.71,61.92,73.33,89.35,NA,NA,0.42,3.94,NA,NA,NA,NA,NA,NA,NA,NA,NA,NA,NA,0.00,NA,NA,NA
2025-06-06 06:00:00,32.53,100.98,45.44,66.32,72.23,NA,NA,0.33,5.96,NA,NA,NA,NA,NA,NA,NA,NA,NA,NA,NA,0.00,NA,NA,NA
2025-06-06 07:00:00,24.00,81.01,28.96,69.49,60.52,NA,NA,0.25,17.65,NA,NA,NA,NA,NA,NA,NA,NA,NA,NA,NA,0.00,NA,NA,NA
2025-06-06 08:00:00,27.39,83.77,15.67,67.64,48.73,NA,NA,0.19,44.31,NA,NA,NA,NA,NA,NA,NA,NA,NA,NA,NA,0.00,NA,NA,NA
2025-06-06 09:00:00,37.67,100.35,13.73,56.72,41.34,NA,NA,0.16,99.74,NA,NA,NA,NA,NA,NA,NA,NA,NA,NA,NA,0.00,NA,NA,NA
2025-06-06 10:00:00,44.84,117.76,5.62,36.83,24.16,NA,NA,0.17,191.76,NA,NA,NA,NA,NA,NA,NA,NA,NA,NA,NA,0.00,NA,NA,NA
2025-06-06 11:00:00,39.92,110.11,5.74,35.11,23.34,NA,NA,0.11,147.65,NA,NA,NA,NA,NA,NA,NA,NA,NA,NA,NA,0.00,NA,NA,NA
2025-06-06 12:00:00,38.46,102.80,4.47,20.89,14.74,NA,NA,0.05,156.86,NA,NA,NA,NA,NA,NA,NA,NA,NA,NA,NA,0.00,NA,NA,NA
2025-06-06 13:00:00,40.66,103.20,4.14,17.74,11.45,NA,NA,0.22,159.81,NA,NA,NA,NA,NA,NA,NA,NA,NA,NA,NA,0.00,NA,NA,NA
2025-06-06 14:00:00,NA,NA,NA,NA,NA,NA,NA,NA,NA,NA,NA,NA,NA,NA,NA,NA,NA,NA,NA,NA,0.00,NA,NA,NA
2025-06-06 15:00:00,NA,NA,NA,NA,NA,NA,NA,NA,NA,NA,NA,NA,NA,NA,NA,NA,NA,NA,NA,NA,0.00,NA,NA,NA
2025-06-06 16:00:00,NA,NA,NA,NA,NA,NA,NA,NA,NA,NA,NA,NA,NA,NA,NA,NA,NA,NA,NA,NA,0.00,NA,NA,NA
2025-06-06 17:00:00,NA,NA,NA,NA,NA,NA,NA,NA,NA,NA,NA,NA,NA,NA,NA,NA,NA,NA,NA,NA,0.00,NA,NA,NA
2025-06-06 18:00:00,NA,NA,NA,NA,NA,NA,NA,NA,NA,NA,NA,NA,NA,NA,NA,NA,NA,NA,NA,NA,0.00,NA,NA,NA
2025-06-06 19:00:00,NA,NA,NA,NA,NA,NA,NA,NA,NA,NA,NA,NA,NA,NA,NA,NA,NA,NA,NA,NA,0.00,NA,NA,NA
2025-06-06 20:00:00,NA,NA,NA,NA,NA,NA,NA,NA,NA,NA,NA,NA,NA,NA,NA,NA,NA,NA,NA,NA,0.00,NA,NA,NA
2025-06-06 21:00:00,NA,NA,NA,NA,NA,NA,NA,NA,NA,NA,NA,NA,NA,NA,NA,NA,NA,NA,NA,NA,0.00,NA,NA,NA
2025-06-06 22:00:00,NA,NA,NA,NA,NA,NA,NA,NA,NA,NA,NA,NA,NA,NA,NA,NA,NA,NA,NA,NA,0.00,NA,NA,NA
2025-06-06 23:00:00,NA,NA,NA,NA,NA,NA,NA,NA,NA,NA,NA,NA,NA,NA,NA,NA,NA,NA,NA,NA,0.00,NA,NA,NA
2025-06-07 00:00:00,NA,NA,NA,NA,NA,NA,NA,NA,NA,NA,NA,NA,NA,NA,NA,NA,NA,NA,NA,NA,0.00,NA,NA,NA
2025-06-07 01:00:00,NA,NA,NA,NA,NA,NA,NA,NA,NA,NA,NA,NA,NA,NA,NA,NA,NA,NA,NA,NA,0.00,NA,NA,NA
2025-06-07 02:00:00,NA,NA,NA,NA,NA,NA,NA,NA,NA,NA,NA,NA,NA,NA,NA,NA,NA,NA,NA,NA,0.00,NA,NA,NA
2025-06-07 03:00:00,NA,NA,NA,NA,NA,NA,NA,NA,NA,NA,NA,NA,NA,NA,NA,NA,NA,NA,NA,NA,0.00,NA,NA,NA
2025-06-07 04:00:00,NA,NA,NA,NA,NA,NA,NA,NA,NA,NA,NA,NA,NA,NA,NA,NA,NA,NA,NA,NA,0.00,NA,NA,NA
2025-06-07 05:00:00,NA,NA,NA,NA,NA,NA,NA,NA,NA,NA,NA,NA,NA,NA,NA,NA,NA,NA,NA,NA,0.00,NA,NA,NA
2025-06-07 06:00:00,NA,NA,NA,NA,NA,NA,NA,NA,NA,NA,NA,NA,NA,NA,NA,NA,NA,NA,NA,NA,0.00,NA,NA,NA
2025-06-07 07:00:00,NA,NA,NA,NA,NA,NA,NA,NA,NA,NA,NA,NA,NA,NA,NA,NA,NA,NA,NA,NA,0.00,NA,NA,NA
2025-06-07 08:00:00,NA,NA,NA,NA,NA,NA,NA,NA,NA,NA,NA,NA,NA,NA,NA,NA,NA,NA,NA,NA,0.00,NA,NA,NA
2025-06-07 09:00:00,NA,NA,NA,NA,NA,NA,NA,NA,NA,NA,NA,NA,NA,NA,NA,NA,NA,NA,NA,NA,0.00,NA,NA,NA
2025-06-07 10:00:00,NA,NA,NA,NA,NA,NA,NA,NA,NA,NA,NA,NA,NA,NA,NA,NA,NA,NA,NA,NA,0.00,NA,NA,NA
2025-06-07 11:00:00,NA,NA,NA,NA,NA,NA,NA,NA,NA,NA,NA,NA,NA,NA,NA,NA,NA,NA,NA,NA,0.00,NA,NA,NA
2025-06-07 12:00:00,NA,NA,NA,NA,NA,NA,NA,NA,NA,NA,NA,NA,NA,NA,NA,NA,NA,NA,NA,NA,0.00,NA,NA,NA
2025-06-07 13:00:00,NA,NA,NA,NA,NA,NA,NA,NA,NA,NA,NA,NA,NA,NA,NA,NA,NA,NA,NA,NA,0.00,NA,NA,NA
2025-06-07 14:00:00,NA,NA,NA,NA,NA,NA,NA,NA,NA,NA,NA,NA,NA,NA,NA,NA,NA,NA,NA,NA,0.00,NA,NA,NA
2025-06-07 15:00:00,NA,NA,NA,NA,NA,NA,NA,NA,NA,NA,NA,NA,NA,NA,NA,NA,NA,NA,NA,NA,0.00,NA,NA,NA
2025-06-07 16:00:00,NA,NA,NA,NA,NA,NA,NA,NA,NA,NA,NA,NA,NA,NA,NA,NA,NA,NA,NA,NA,0.00,NA,NA,NA
2025-06-07 17:00:00,NA,NA,NA,NA,NA,NA,NA,NA,NA,NA,NA,NA,NA,NA,NA,NA,NA,NA,NA,NA,0.00,NA,NA,NA
2025-06-07 18:00:00,NA,NA,NA,NA,NA,NA,NA,NA,NA,NA,NA,NA,NA,NA,NA,NA,NA,NA,NA,NA,0.00,NA,NA,NA
2025-06-07 19:00:00,NA,NA,NA,NA,NA,NA,NA,NA,NA,NA,NA,NA,NA,NA,NA,NA,NA,NA,NA,NA,0.00,NA,NA,NA
2025-06-07 20:00:00,NA,NA,NA,NA,NA,NA,NA,NA,NA,NA,NA,NA,NA,NA,NA,NA,NA,NA,NA,NA,0.00,NA,NA,NA
2025-06-07 21:00:00,NA,NA,NA,NA,NA,NA,NA,NA,NA,NA,NA,NA,NA,NA,NA,NA,NA,NA,NA,NA,0.00,NA,NA,NA
2025-06-07 22:00:00,NA,NA,NA,NA,NA,NA,NA,NA,NA,NA,NA,NA,NA,NA,NA,NA,NA,NA,NA,NA,0.00,NA,NA,NA
2025-06-07 23:00:00,NA,NA,NA,NA,NA,NA,NA,NA,NA,NA,NA,NA,NA,NA,NA,NA,NA,NA,NA,NA,0.00,NA,NA,NA
2025-06-08 00:00:00,NA,NA,NA,NA,NA,NA,NA,NA,NA,NA,NA,NA,NA,NA,NA,NA,NA,NA,NA,NA,0.00,NA,NA,NA
2025-06-08 01:00:00,NA,NA,NA,NA,NA,NA,NA,NA,NA,NA,NA,NA,NA,NA,NA,NA,NA,NA,NA,NA,0.00,NA,NA,NA
2025-06-08 02:00:00,NA,NA,NA,NA,NA,NA,NA,NA,NA,NA,NA,NA,NA,NA,NA,NA,NA,NA,NA,NA,0.00,NA,NA,NA
2025-06-08 03:00:00,NA,NA,NA,NA,NA,NA,NA,NA,NA,NA,NA,NA,NA,NA,NA,NA,NA,NA,NA,NA,0.00,NA,NA,NA
2025-06-08 04:00:00,NA,NA,NA,NA,NA,NA,NA,NA,NA,NA,NA,NA,NA,NA,NA,NA,NA,NA,NA,NA,0.00,NA,NA,NA
2025-06-08 05:00:00,NA,NA,NA,NA,NA,NA,NA,NA,NA,NA,NA,NA,NA,NA,NA,NA,NA,NA,NA,NA,0.00,NA,NA,NA
2025-06-08 06:00:00,NA,NA,NA,NA,NA,NA,NA,NA,NA,NA,NA,NA,NA,NA,NA,NA,NA,NA,NA,NA,0.00,NA,NA,NA
2025-06-08 07:00:00,NA,NA,NA,NA,NA,NA,NA,NA,NA,NA,NA,NA,NA,NA,NA,NA,NA,NA,NA,NA,0.00,NA,NA,NA
2025-06-08 08:00:00,NA,NA,NA,NA,NA,NA,NA,NA,NA,NA,NA,NA,NA,NA,NA,NA,NA,NA,NA,NA,0.00,NA,NA,NA
2025-06-08 09:00:00,NA,NA,NA,NA,NA,NA,NA,NA,NA,NA,NA,NA,NA,NA,NA,NA,NA,NA,NA,NA,0.00,NA,NA,NA
2025-06-08 10:00:00,NA,NA,NA,NA,NA,NA,NA,NA,NA,NA,NA,NA,NA,NA,NA,NA,NA,NA,NA,NA,0.00,NA,NA,NA
2025-06-08 11:00:00,NA,NA,NA,NA,NA,NA,NA,NA,NA,NA,NA,NA,NA,NA,NA,NA,NA,NA,NA,NA,0.00,NA,NA,NA
2025-06-08 12:00:00,NA,NA,NA,NA,NA,NA,NA,NA,NA,NA,NA,NA,NA,NA,NA,NA,NA,NA,NA,NA,0.00,NA,NA,NA
2025-06-08 13:00:00,NA,NA,NA,NA,NA,NA,NA,NA,NA,NA,NA,NA,NA,NA,NA,NA,NA,NA,NA,NA,0.00,NA,NA,NA
2025-06-08 14:00:00,NA,NA,NA,NA,NA,NA,NA,NA,NA,NA,NA,NA,NA,NA,NA,NA,NA,NA,NA,NA,0.00,NA,NA,NA
2025-06-08 15:00:00,NA,NA,NA,NA,NA,NA,NA,NA,NA,NA,NA,NA,NA,NA,NA,NA,NA,NA,NA,NA,0.00,NA,NA,NA
2025-06-08 16:00:00,NA,NA,NA,NA,NA,NA,NA,NA,NA,NA,NA,NA,NA,NA,NA,NA,NA,NA,NA,NA,0.00,NA,NA,NA
2025-06-08 17:00:00,NA,NA,NA,NA,NA,NA,NA,NA,NA,NA,NA,NA,NA,NA,NA,NA,NA,NA,NA,NA,0.00,NA,NA,NA
2025-06-08 18:00:00,NA,NA,NA,NA,NA,NA,NA,NA,NA,NA,NA,NA,NA,NA,NA,NA,NA,NA,NA,NA,0.00,NA,NA,NA
2025-06-08 19:00:00,NA,NA,NA,NA,NA,NA,NA,NA,NA,NA,NA,NA,NA,NA,NA,NA,NA,NA,NA,NA,0.00,NA,NA,NA
2025-06-08 20:00:00,NA,NA,NA,NA,NA,NA,NA,NA,NA,NA,NA,NA,NA,NA,NA,NA,NA,NA,NA,NA,0.00,NA,NA,NA
2025-06-08 21:00:00,NA,NA,NA,NA,NA,NA,NA,NA,NA,NA,NA,NA,NA,NA,NA,NA,NA,NA,NA,NA,0.00,NA,NA,NA
2025-06-08 22:00:00,NA,NA,NA,NA,NA,NA,NA,NA,NA,NA,NA,NA,NA,NA,NA,NA,NA,NA,NA,NA,0.00,NA,NA,NA
2025-06-08 23:00:00,NA,NA,NA,NA,NA,NA,NA,NA,NA,NA,NA,NA,NA,NA,NA,NA,NA,NA,NA,NA,0.00,NA,NA,NA
2025-06-09 00:00:00,NA,NA,NA,NA,NA,NA,NA,NA,NA,NA,NA,NA,NA,NA,NA,NA,NA,NA,NA,NA,0.00,NA,NA,NA
2025-06-09 01:00:00,NA,NA,NA,NA,NA,NA,NA,NA,NA,NA,NA,NA,NA,NA,NA,NA,NA,NA,NA,NA,0.00,NA,NA,NA
2025-06-09 02:00:00,NA,NA,NA,NA,NA,NA,NA,NA,NA,NA,NA,NA,NA,NA,NA,NA,NA,NA,NA,NA,0.00,NA,NA,NA
2025-06-09 03:00:00,NA,NA,NA,NA,NA,NA,NA,NA,NA,NA,NA,NA,NA,NA,NA,NA,NA,NA,NA,NA,0.00,NA,NA,NA
2025-06-09 04:00:00,NA,NA,NA,NA,NA,NA,NA,NA,NA,NA,NA,NA,NA,NA,NA,NA,NA,NA,NA,NA,0.00,NA,NA,NA
2025-06-09 05:00:00,NA,NA,NA,NA,NA,NA,NA,NA,NA,NA,NA,NA,NA,NA,NA,NA,NA,NA,NA,NA,0.00,NA,NA,NA
2025-06-09 06:00:00,NA,NA,NA,NA,NA,NA,NA,NA,NA,NA,NA,NA,NA,NA,NA,NA,NA,NA,NA,NA,0.00,NA,NA,NA
2025-06-09 07:00:00,NA,NA,NA,NA,NA,NA,NA,NA,NA,NA,NA,NA,NA,NA,NA,NA,NA,NA,NA,NA,0.00,NA,NA,NA
2025-06-09 08:00:00,NA,NA,NA,NA,NA,NA,NA,NA,NA,NA,NA,NA,NA,NA,NA,NA,NA,NA,NA,NA,0.00,NA,NA,NA
2025-06-09 09:00:00,NA,NA,NA,NA,NA,NA,NA,NA,NA,NA,NA,NA,NA,NA,NA,NA,NA,NA,NA,NA,0.00,NA,NA,NA
2025-06-09 10:00:00,NA,NA,NA,NA,NA,NA,NA,NA,NA,NA,NA,NA,NA,NA,NA,NA,NA,NA,NA,NA,0.00,NA,NA,NA
2025-06-09 11:00:00,NA,NA,NA,NA,NA,NA,NA,NA,NA,NA,NA,NA,NA,NA,NA,NA,NA,NA,NA,NA,0.00,NA,NA,NA
2025-06-09 12:00:00,NA,NA,NA,NA,NA,NA,NA,NA,NA,NA,NA,NA,NA,NA,NA,NA,NA,NA,NA,NA,0.00,NA,NA,NA
2025-06-09 13:00:00,NA,NA,NA,NA,NA,NA,NA,NA,NA,NA,NA,NA,NA,NA,NA,NA,NA,NA,NA,NA,0.00,NA,NA,NA
2025-06-09 14:00:00,NA,NA,NA,NA,NA,NA,NA,NA,NA,NA,NA,NA,NA,NA,NA,NA,NA,NA,NA,NA,0.00,NA,NA,NA
2025-06-09 15:00:00,NA,NA,NA,NA,NA,NA,NA,NA,NA,NA,NA,NA,NA,NA,NA,NA,NA,NA,NA,NA,0.00,NA,NA,NA
2025-06-09 16:00:00,NA,NA,NA,NA,NA,NA,NA,NA,NA,NA,NA,NA,NA,NA,NA,NA,NA,NA,NA,NA,0.00,NA,NA,NA
2025-06-09 17:00:00,NA,NA,NA,NA,NA,NA,NA,NA,NA,NA,NA,NA,NA,NA,NA,NA,NA,NA,NA,NA,0.00,NA,NA,NA
2025-06-09 18:00:00,NA,NA,NA,NA,NA,NA,NA,NA,NA,NA,NA,NA,NA,NA,NA,NA,NA,NA,NA,NA,0.00,NA,NA,NA
2025-06-09 19:00:00,NA,NA,NA,NA,NA,NA,NA,NA,NA,NA,NA,NA,NA,NA,NA,NA,NA,NA,NA,NA,0.00,NA,NA,NA
2025-06-09 20:00:00,NA,NA,NA,NA,NA,NA,NA,NA,NA,NA,NA,NA,NA,NA,NA,NA,NA,NA,NA,NA,0.00,NA,NA,NA
2025-06-09 21:00:00,NA,NA,NA,NA,NA,NA,NA,NA,NA,NA,NA,NA,NA,NA,NA,NA,NA,NA,NA,NA,0.00,NA,NA,NA
2025-06-09 22:00:00,NA,NA,NA,NA,NA,NA,NA,NA,NA,NA,NA,NA,NA,NA,NA,NA,NA,NA,NA,NA,0.00,NA,NA,NA
2025-06-09 23:00:00,NA,NA,NA,NA,NA,NA,NA,NA,NA,NA,NA,NA,NA,NA,NA,NA,NA,NA,NA,NA,0.00,NA,NA,NA
2025-06-10 00:00:00,NA,NA,NA,NA,NA,NA,NA,NA,NA,NA,NA,NA,NA,NA,NA,NA,NA,NA,NA,NA,0.00,NA,NA,NA
2025-06-10 01:00:00,NA,NA,NA,NA,NA,NA,NA,NA,NA,NA,NA,NA,NA,NA,NA,NA,NA,NA,NA,NA,0.00,NA,NA,NA
2025-06-10 02:00:00,NA,NA,NA,NA,NA,NA,NA,NA,NA,NA,NA,NA,NA,NA,NA,NA,NA,NA,NA,NA,0.00,NA,NA,NA
2025-06-10 03:00:00,NA,NA,NA,NA,NA,NA,NA,NA,NA,NA,NA,NA,NA,NA,NA,NA,NA,NA,NA,NA,0.00,NA,NA,NA
2025-06-10 04:00:00,NA,NA,NA,NA,NA,NA,NA,NA,NA,NA,NA,NA,NA,NA,NA,NA,NA,NA,NA,NA,0.00,NA,NA,NA
2025-06-10 05:00:00,NA,NA,NA,NA,NA,NA,NA,NA,NA,NA,NA,NA,NA,NA,NA,NA,NA,NA,NA,NA,0.00,NA,NA,NA
2025-06-10 06:00:00,NA,NA,NA,NA,NA,NA,NA,NA,NA,NA,NA,NA,NA,NA,NA,NA,NA,NA,NA,NA,0.00,NA,NA,NA
2025-06-10 07:00:00,NA,NA,NA,NA,NA,NA,NA,NA,NA,NA,NA,NA,NA,NA,NA,NA,NA,NA,NA,NA,0.00,NA,NA,NA
2025-06-10 08:00:00,NA,NA,NA,NA,NA,NA,NA,NA,NA,NA,NA,NA,NA,NA,NA,NA,NA,NA,NA,NA,0.00,NA,NA,NA
2025-06-10 09:00:00,NA,NA,NA,NA,NA,NA,NA,NA,NA,NA,NA,NA,NA,NA,NA,NA,NA,NA,NA,NA,0.00,NA,NA,NA
2025-06-10 10:00:00,NA,NA,NA,NA,NA,NA,NA,NA,NA,NA,NA,NA,NA,NA,NA,NA,NA,NA,NA,NA,0.00,NA,NA,NA
2025-06-10 11:00:00,NA,NA,NA,NA,NA,NA,NA,NA,NA,NA,NA,NA,NA,NA,NA,NA,NA,NA,NA,NA,0.00,NA,NA,NA
2025-06-10 12:00:00,NA,NA,NA,NA,NA,NA,NA,NA,NA,NA,NA,NA,NA,NA,NA,NA,NA,NA,NA,NA,0.00,NA,NA,NA
2025-06-10 13:00:00,NA,NA,NA,NA,NA,NA,NA,NA,NA,NA,NA,NA,NA,NA,NA,NA,NA,NA,NA,NA,0.00,NA,NA,NA
2025-06-10 14:00:00,NA,NA,NA,NA,NA,NA,NA,NA,NA,NA,NA,NA,NA,NA,NA,NA,NA,NA,NA,NA,0.00,NA,NA,NA
2025-06-10 15:00:00,NA,NA,NA,NA,NA,NA,NA,NA,NA,NA,NA,NA,NA,NA,NA,NA,NA,NA,NA,NA,0.00,NA,NA,NA
2025-06-10 16:00:00,NA,NA,NA,NA,NA,NA,NA,NA,NA,NA,NA,NA,NA,NA,NA,NA,NA,NA,NA,NA,0.00,NA,NA,NA
2025-06-10 17:00:00,NA,NA,NA,NA,NA,NA,NA,NA,NA,NA,NA,NA,NA,NA,NA,NA,NA,NA,NA,NA,0.00,NA,NA,NA
2025-06-10 18:00:00,NA,NA,NA,NA,NA,NA,NA,NA,NA,NA,NA,NA,NA,NA,NA,NA,NA,NA,NA,NA,0.00,NA,NA,NA
2025-06-10 19:00:00,NA,NA,NA,NA,NA,NA,NA,NA,NA,NA,NA,NA,NA,NA,NA,NA,NA,NA,NA,NA,0.00,NA,NA,NA
2025-06-10 20:00:00,NA,NA,NA,NA,NA,NA,NA,NA,NA,NA,NA,NA,NA,NA,NA,NA,NA,NA,NA,NA,0.00,NA,NA,NA
2025-06-10 21:00:00,NA,NA,NA,NA,NA,NA,NA,NA,NA,NA,NA,NA,NA,NA,NA,NA,NA,NA,NA,NA,0.00,NA,NA,NA
2025-06-10 22:00:00,NA,NA,NA,NA,NA,NA,NA,NA,NA,NA,NA,NA,NA,NA,NA,NA,NA,NA,NA,NA,0.00,NA,NA,NA
2025-06-10 23:00:00,NA,NA,NA,NA,NA,NA,NA,NA,NA,NA,NA,NA,NA,NA,NA,NA,NA,NA,NA,NA,0.00,NA,NA,NA
2025-06-11 00:00:00,NA,NA,NA,NA,NA,NA,NA,NA,NA,NA,NA,NA,NA,NA,NA,NA,NA,NA,NA,NA,0.00,NA,NA,NA
2025-06-11 01:00:00,NA,NA,NA,NA,NA,NA,NA,NA,NA,NA,NA,NA,NA,NA,NA,NA,NA,NA,NA,NA,0.00,NA,NA,NA
2025-06-11 02:00:00,NA,NA,NA,NA,NA,NA,NA,NA,NA,NA,NA,NA,NA,NA,NA,NA,NA,NA,NA,NA,0.00,NA,NA,NA
2025-06-11 03:00:00,NA,NA,NA,NA,NA,NA,NA,NA,NA,NA,NA,NA,NA,NA,NA,NA,NA,NA,NA,NA,0.00,NA,NA,NA
2025-06-11 04:00:00,NA,NA,NA,NA,NA,NA,NA,NA,NA,NA,NA,NA,NA,NA,NA,NA,NA,NA,NA,NA,0.00,NA,NA,NA
2025-06-11 05:00:00,NA,NA,NA,NA,NA,NA,NA,NA,NA,NA,NA,NA,NA,NA,NA,NA,NA,NA,NA,NA,0.00,NA,NA,NA
2025-06-11 06:00:00,NA,NA,NA,NA,NA,NA,NA,NA,NA,NA,NA,NA,NA,NA,NA,NA,NA,NA,NA,NA,0.00,NA,NA,NA
2025-06-11 07:00:00,NA,NA,NA,NA,NA,NA,NA,NA,NA,NA,NA,NA,NA,NA,NA,NA,NA,NA,NA,NA,0.00,NA,NA,NA
2025-06-11 08:00:00,NA,NA,NA,NA,NA,NA,NA,NA,NA,NA,NA,NA,NA,NA,NA,NA,NA,NA,NA,NA,0.00,NA,NA,NA
2025-06-11 09:00:00,NA,NA,NA,NA,NA,NA,NA,NA,NA,NA,NA,NA,NA,NA,NA,NA,NA,NA,NA,NA,0.00,NA,NA,NA
2025-06-11 10:00:00,NA,NA,NA,NA,NA,NA,NA,NA,NA,NA,NA,NA,NA,NA,NA,NA,NA,NA,NA,NA,0.00,NA,NA,NA
2025-06-11 11:00:00,NA,NA,NA,NA,NA,NA,NA,NA,NA,NA,NA,NA,NA,NA,NA,NA,NA,NA,NA,NA,0.00,NA,NA,NA
2025-06-11 12:00:00,NA,NA,NA,NA,NA,NA,NA,NA,NA,NA,NA,NA,NA,NA,NA,NA,NA,NA,NA,NA,0.00,NA,NA,NA
2025-06-11 13:00:00,NA,NA,NA,NA,NA,NA,NA,NA,NA,NA,NA,NA,NA,NA,NA,NA,NA,NA,NA,NA,0.00,NA,NA,NA
2025-06-11 14:00:00,NA,NA,NA,NA,NA,NA,NA,NA,NA,NA,NA,NA,NA,NA,NA,NA,NA,NA,NA,NA,0.00,NA,NA,NA
2025-06-11 15:00:00,NA,NA,NA,NA,NA,NA,NA,NA,NA,NA,NA,NA,NA,NA,NA,NA,NA,NA,NA,NA,0.00,NA,NA,NA
2025-06-11 16:00:00,NA,NA,NA,NA,NA,NA,NA,NA,NA,NA,NA,NA,NA,NA,NA,NA,NA,NA,NA,NA,0.00,NA,NA,NA
2025-06-11 17:00:00,NA,NA,NA,NA,NA,NA,NA,NA,NA,NA,NA,NA,NA,NA,NA,NA,NA,NA,NA,NA,0.00,NA,NA,NA
2025-06-11 18:00:00,NA,NA,NA,NA,NA,NA,NA,NA,NA,NA,NA,NA,NA,NA,NA,NA,NA,NA,NA,NA,0.00,NA,NA,NA
2025-06-11 19:00:00,NA,NA,NA,NA,NA,NA,NA,NA,NA,NA,NA,NA,NA,NA,NA,NA,NA,NA,NA,NA,0.00,NA,NA,NA
2025-06-11 20:00:00,NA,NA,NA,NA,NA,NA,NA,NA,NA,NA,NA,NA,NA,NA,NA,NA,NA,NA,NA,NA,0.00,NA,NA,NA
2025-06-11 21:00:00,NA,NA,NA,NA,NA,NA,NA,NA,NA,NA,NA,NA,NA,NA,NA,NA,NA,NA,NA,NA,0.00,NA,NA,NA
2025-06-11 22:00:00,NA,NA,NA,NA,NA,NA,NA,NA,NA,NA,NA,NA,NA,NA,NA,NA,NA,NA,NA,NA,0.00,NA,NA,NA
2025-06-11 23:00:00,NA,NA,NA,NA,NA,NA,NA,NA,NA,NA,NA,NA,NA,NA,NA,NA,NA,NA,NA,NA,0.00,NA,NA,NA
2025-06-12 00:00:00,NA,NA,NA,NA,NA,NA,NA,NA,NA,NA,NA,NA,NA,NA,NA,NA,NA,NA,NA,NA,0.00,NA,NA,NA
2025-06-12 01:00:00,NA,NA,NA,NA,NA,NA,NA,NA,NA,NA,NA,NA,NA,NA,NA,NA,NA,NA,NA,NA,0.00,NA,NA,NA
2025-06-12 02:00:00,NA,NA,NA,NA,NA,NA,NA,NA,NA,NA,NA,NA,NA,NA,NA,NA,NA,NA,NA,NA,0.00,NA,NA,NA
2025-06-12 03:00:00,NA,NA,NA,NA,NA,NA,NA,NA,NA,NA,NA,NA,NA,NA,NA,NA,NA,NA,NA,NA,0.00,NA,NA,NA
2025-06-12 04:00:00,NA,NA,NA,NA,NA,NA,NA,NA,NA,NA,NA,NA,NA,NA,NA,NA,NA,NA,NA,NA,0.00,NA,NA,NA
2025-06-12 05:00:00,NA,NA,NA,NA,NA,NA,NA,NA,NA,NA,NA,NA,NA,NA,NA,NA,NA,NA,NA,NA,0.00,NA,NA,NA
2025-06-12 06:00:00,NA,NA,NA,NA,NA,NA,NA,NA,NA,NA,NA,NA,NA,NA,NA,NA,NA,NA,NA,NA,0.00,NA,NA,NA
2025-06-12 07:00:00,NA,NA,NA,NA,NA,NA,NA,NA,NA,NA,NA,NA,NA,NA,NA,NA,NA,NA,NA,NA,0.00,NA,NA,NA
2025-06-12 08:00:00,NA,NA,NA,NA,NA,NA,NA,NA,NA,NA,NA,NA,NA,NA,NA,NA,NA,NA,NA,NA,0.00,NA,NA,NA
2025-06-12 09:00:00,NA,NA,NA,NA,NA,NA,NA,NA,NA,NA,NA,NA,NA,NA,NA,NA,NA,NA,NA,NA,0.00,NA,NA,NA
2025-06-12 10:00:00,NA,NA,NA,NA,NA,NA,NA,NA,NA,NA,NA,NA,NA,NA,NA,NA,NA,NA,NA,NA,0.00,NA,NA,NA
2025-06-12 11:00:00,NA,NA,NA,NA,NA,NA,NA,NA,NA,NA,NA,NA,NA,NA,NA,NA,NA,NA,NA,NA,0.00,NA,NA,NA
2025-06-12 12:00:00,NA,NA,NA,NA,NA,NA,NA,NA,NA,NA,NA,NA,NA,NA,NA,NA,NA,NA,NA,NA,0.00,NA,NA,NA
2025-06-12 13:00:00,NA,NA,NA,NA,NA,NA,NA,NA,NA,NA,NA,NA,NA,NA,NA,NA,NA,NA,NA,NA,0.00,NA,NA,NA
2025-06-12 14:00:00,NA,NA,NA,NA,NA,NA,NA,NA,NA,NA,NA,NA,NA,NA,NA,NA,NA,NA,NA,NA,0.00,NA,NA,NA
2025-06-12 15:00:00,NA,NA,NA,NA,NA,NA,NA,NA,NA,NA,NA,NA,NA,NA,NA,NA,NA,NA,NA,NA,0.00,NA,NA,NA
2025-06-12 16:00:00,NA,NA,NA,NA,NA,NA,NA,NA,NA,NA,NA,NA,NA,NA,NA,NA,NA,NA,NA,NA,0.00,NA,NA,NA
2025-06-12 17:00:00,NA,NA,NA,NA,NA,NA,NA,NA,NA,NA,NA,NA,NA,NA,NA,NA,NA,NA,NA,NA,0.00,NA,NA,NA
2025-06-12 18:00:00,NA,NA,NA,NA,NA,NA,NA,NA,NA,NA,NA,NA,NA,NA,NA,NA,NA,NA,NA,NA,0.00,NA,NA,NA
2025-06-12 19:00:00,NA,NA,NA,NA,NA,NA,NA,NA,NA,NA,NA,NA,NA,NA,NA,NA,NA,NA,NA,NA,0.00,NA,NA,NA
2025-06-12 20:00:00,NA,NA,NA,NA,NA,NA,NA,NA,NA,NA,NA,NA,NA,NA,NA,NA,NA,NA,NA,NA,0.00,NA,NA,NA
2025-06-12 21:00:00,NA,NA,NA,NA,NA,NA,NA,NA,NA,NA,NA,NA,NA,NA,NA,NA,NA,NA,NA,NA,0.00,NA,NA,NA
2025-06-12 22:00:00,NA,NA,NA,NA,NA,NA,NA,NA,NA,NA,NA,NA,NA,NA,NA,NA,NA,NA,NA,NA,0.00,NA,NA,NA
2025-06-12 23:00:00,NA,NA,NA,NA,NA,NA,NA,NA,NA,NA,NA,NA,NA,NA,NA,NA,NA,NA,NA,NA,0.00,NA,NA,NA
2025-06-13 00:00:00,NA,NA,NA,NA,NA,NA,NA,NA,NA,NA,NA,NA,NA,NA,NA,NA,NA,NA,NA,NA,0.00,NA,NA,NA
2025-06-13 01:00:00,NA,NA,NA,NA,NA,NA,NA,NA,NA,NA,NA,NA,NA,NA,NA,NA,NA,NA,NA,NA,0.00,NA,NA,NA
2025-06-13 02:00:00,NA,NA,NA,NA,NA,NA,NA,NA,NA,NA,NA,NA,NA,NA,NA,NA,NA,NA,NA,NA,0.00,NA,NA,NA
2025-06-13 03:00:00,NA,NA,NA,NA,NA,NA,NA,NA,NA,NA,NA,NA,NA,NA,NA,NA,NA,NA,NA,NA,0.00,NA,NA,NA
2025-06-13 04:00:00,NA,NA,NA,NA,NA,NA,NA,NA,NA,NA,NA,NA,NA,NA,NA,NA,NA,NA,NA,NA,0.00,NA,NA,NA
2025-06-13 05:00:00,NA,NA,NA,NA,NA,NA,NA,NA,NA,NA,NA,NA,NA,NA,NA,NA,NA,NA,NA,NA,0.00,NA,NA,NA
2025-06-13 06:00:00,NA,NA,NA,NA,NA,NA,NA,NA,NA,NA,NA,NA,NA,NA,NA,NA,NA,NA,NA,NA,0.00,NA,NA,NA
2025-06-13 07:00:00,NA,NA,NA,NA,NA,NA,NA,NA,NA,NA,NA,NA,NA,NA,NA,NA,NA,NA,NA,NA,0.00,NA,NA,NA
2025-06-13 08:00:00,NA,NA,NA,NA,NA,NA,NA,NA,NA,NA,NA,NA,NA,NA,NA,NA,NA,NA,NA,NA,0.00,NA,NA,NA
2025-06-13 09:00:00,NA,NA,NA,NA,NA,NA,NA,NA,NA,NA,NA,NA,NA,NA,NA,NA,NA,NA,NA,NA,0.00,NA,NA,NA
2025-06-13 10:00:00,NA,NA,NA,NA,NA,NA,NA,NA,NA,NA,NA,NA,NA,NA,NA,NA,NA,NA,NA,NA,0.00,NA,NA,NA
2025-06-13 11:00:00,NA,NA,NA,NA,NA,NA,NA,NA,NA,NA,NA,NA,NA,NA,NA,NA,NA,NA,NA,NA,0.00,NA,NA,NA
2025-06-13 12:00:00,NA,NA,NA,NA,NA,NA,NA,NA,NA,NA,NA,NA,NA,NA,NA,NA,NA,NA,NA,NA,0.00,NA,NA,NA
2025-06-13 13:00:00,NA,NA,NA,NA,NA,NA,NA,NA,NA,NA,NA,NA,NA,NA,NA,NA,NA,NA,NA,NA,0.00,NA,NA,NA
2025-06-13 14:00:00,NA,NA,NA,NA,NA,NA,NA,NA,NA,NA,NA,NA,NA,NA,NA,NA,NA,NA,NA,NA,0.00,NA,NA,NA
2025-06-13 15:00:00,NA,NA,NA,NA,NA,NA,NA,NA,NA,NA,NA,NA,NA,NA,NA,NA,NA,NA,NA,NA,0.00,NA,NA,NA
2025-06-13 16:00:00,NA,NA,NA,NA,NA,NA,NA,NA,NA,NA,NA,NA,NA,NA,NA,NA,NA,NA,NA,NA,0.00,NA,NA,NA
2025-06-13 17:00:00,NA,NA,NA,NA,NA,NA,NA,NA,NA,NA,NA,NA,NA,NA,NA,NA,NA,NA,NA,NA,0.00,NA,NA,NA
2025-06-13 18:00:00,NA,NA,NA,NA,NA,NA,NA,NA,NA,NA,NA,NA,NA,NA,NA,NA,NA,NA,NA,NA,0.00,NA,NA,NA
2025-06-13 19:00:00,NA,NA,NA,NA,NA,NA,NA,NA,NA,NA,NA,NA,NA,NA,NA,NA,NA,NA,NA,NA,0.00,NA,NA,NA
2025-06-13 20:00:00,NA,NA,NA,NA,NA,NA,NA,NA,NA,NA,NA,NA,NA,NA,NA,NA,NA,NA,NA,NA,0.00,NA,NA,NA
2025-06-13 21:00:00,NA,NA,NA,NA,NA,NA,NA,NA,NA,NA,NA,NA,NA,NA,NA,NA,NA,NA,NA,NA,0.00,NA,NA,NA
2025-06-13 22:00:00,NA,NA,NA,NA,NA,NA,NA,NA,NA,NA,NA,NA,NA,NA,NA,NA,NA,NA,NA,NA,0.00,NA,NA,NA
2025-06-13 23:00:00,NA,NA,NA,NA,NA,NA,NA,NA,NA,NA,NA,NA,NA,NA,NA,NA,NA,NA,NA,NA,0.00,NA,NA,NA
2025-06-14 00:00:00,NA,NA,NA,NA,NA,NA,NA,NA,NA,NA,NA,NA,NA,NA,NA,NA,NA,NA,NA,NA,0.00,NA,NA,NA
2025-06-14 01:00:00,NA,NA,NA,NA,NA,NA,NA,NA,NA,NA,NA,NA,NA,NA,NA,NA,NA,NA,NA,NA,0.00,NA,NA,NA
2025-06-14 02:00:00,NA,NA,NA,NA,NA,NA,NA,NA,NA,NA,NA,NA,NA,NA,NA,NA,NA,NA,NA,NA,0.00,NA,NA,NA
2025-06-14 03:00:00,NA,NA,NA,NA,NA,NA,NA,NA,NA,NA,NA,NA,NA,NA,NA,NA,NA,NA,NA,NA,0.00,NA,NA,NA
2025-06-14 04:00:00,NA,NA,NA,NA,NA,NA,NA,NA,NA,NA,NA,NA,NA,NA,NA,NA,NA,NA,NA,NA,0.00,NA,NA,NA
2025-06-14 05:00:00,NA,NA,NA,NA,NA,NA,NA,NA,NA,NA,NA,NA,NA,NA,NA,NA,NA,NA,NA,NA,0.00,NA,NA,NA
2025-06-14 06:00:00,NA,NA,NA,NA,NA,NA,NA,NA,NA,NA,NA,NA,NA,NA,NA,NA,NA,NA,NA,NA,0.00,NA,NA,NA
2025-06-14 07:00:00,NA,NA,NA,NA,NA,NA,NA,NA,NA,NA,NA,NA,NA,NA,NA,NA,NA,NA,NA,NA,0.00,NA,NA,NA
2025-06-14 08:00:00,NA,NA,NA,NA,NA,NA,NA,NA,NA,NA,NA,NA,NA,NA,NA,NA,NA,NA,NA,NA,0.00,NA,NA,NA
2025-06-14 09:00:00,NA,NA,NA,NA,NA,NA,NA,NA,NA,NA,NA,NA,NA,NA,NA,NA,NA,NA,NA,NA,0.00,NA,NA,NA
2025-06-14 10:00:00,NA,NA,NA,NA,NA,NA,NA,NA,NA,NA,NA,NA,NA,NA,NA,NA,NA,NA,NA,NA,0.00,NA,NA,NA
2025-06-14 11:00:00,NA,NA,NA,NA,NA,NA,NA,NA,NA,NA,NA,NA,NA,NA,NA,NA,NA,NA,NA,NA,0.00,NA,NA,NA
2025-06-14 12:00:00,NA,NA,NA,NA,NA,NA,NA,NA,NA,NA,NA,NA,NA,NA,NA,NA,NA,NA,NA,NA,0.00,NA,NA,NA
2025-06-14 13:00:00,NA,NA,NA,NA,NA,NA,NA,NA,NA,NA,NA,NA,NA,NA,NA,NA,NA,NA,NA,NA,0.00,NA,NA,NA
2025-06-14 14:00:00,NA,NA,NA,NA,NA,NA,NA,NA,NA,NA,NA,NA,NA,NA,NA,NA,NA,NA,NA,NA,0.00,NA,NA,NA
2025-06-14 15:00:00,NA,NA,NA,NA,NA,NA,NA,NA,NA,NA,NA,NA,NA,NA,NA,NA,NA,NA,NA,NA,0.00,NA,NA,NA
2025-06-14 16:00:00,NA,NA,NA,NA,NA,NA,NA,NA,NA,NA,NA,NA,NA,NA,NA,NA,NA,NA,NA,NA,0.00,NA,NA,NA
2025-06-14 17:00:00,NA,NA,NA,NA,NA,NA,NA,NA,NA,NA,NA,NA,NA,NA,NA,NA,NA,NA,NA,NA,0.00,NA,NA,NA
2025-06-14 18:00:00,NA,NA,NA,NA,NA,NA,NA,NA,NA,NA,NA,NA,NA,NA,NA,NA,NA,NA,NA,NA,0.00,NA,NA,NA
2025-06-14 19:00:00,NA,NA,NA,NA,NA,NA,NA,NA,NA,NA,NA,NA,NA,NA,NA,NA,NA,NA,NA,NA,0.00,NA,NA,NA
2025-06-14 20:00:00,NA,NA,NA,NA,NA,NA,NA,NA,NA,NA,NA,NA,NA,NA,NA,NA,NA,NA,NA,NA,0.00,NA,NA,NA
2025-06-14 21:00:00,NA,NA,NA,NA,NA,NA,NA,NA,NA,NA,NA,NA,NA,NA,NA,NA,NA,NA,NA,NA,0.00,NA,NA,NA
2025-06-14 22:00:00,NA,NA,NA,NA,NA,NA,NA,NA,NA,NA,NA,NA,NA,NA,NA,NA,NA,NA,NA,NA,0.00,NA,NA,NA
2025-06-14 23:00:00,NA,NA,NA,NA,NA,NA,NA,NA,NA,NA,NA,NA,NA,NA,NA,NA,NA,NA,NA,NA,0.00,NA,NA,NA
2025-06-15 00:00:00,NA,NA,NA,NA,NA,NA,NA,NA,NA,NA,NA,NA,NA,NA,NA,NA,NA,NA,NA,NA,0.00,NA,NA,NA
2025-06-15 01:00:00,NA,NA,NA,NA,NA,NA,NA,NA,NA,NA,NA,NA,NA,NA,NA,NA,NA,NA,NA,NA,0.00,NA,NA,NA
2025-06-15 02:00:00,NA,NA,NA,NA,NA,NA,NA,NA,NA,NA,NA,NA,NA,NA,NA,NA,NA,NA,NA,NA,0.00,NA,NA,NA
2025-06-15 03:00:00,NA,NA,NA,NA,NA,NA,NA,NA,NA,NA,NA,NA,NA,NA,NA,NA,NA,NA,NA,NA,0.00,NA,NA,NA
2025-06-15 04:00:00,NA,NA,NA,NA,NA,NA,NA,NA,NA,NA,NA,NA,NA,NA,NA,NA,NA,NA,NA,NA,0.00,NA,NA,NA
2025-06-15 05:00:00,NA,NA,NA,NA,NA,NA,NA,NA,NA,NA,NA,NA,NA,NA,NA,NA,NA,NA,NA,NA,0.00,NA,NA,NA
2025-06-15 06:00:00,NA,NA,NA,NA,NA,NA,NA,NA,NA,NA,NA,NA,NA,NA,NA,NA,NA,NA,NA,NA,0.00,NA,NA,NA
2025-06-15 07:00:00,NA,NA,NA,NA,NA,NA,NA,NA,NA,NA,NA,NA,NA,NA,NA,NA,NA,NA,NA,NA,0.00,NA,NA,NA
2025-06-15 08:00:00,NA,NA,NA,NA,NA,NA,NA,NA,NA,NA,NA,NA,NA,NA,NA,NA,NA,NA,NA,NA,0.00,NA,NA,NA
2025-06-15 09:00:00,NA,NA,NA,NA,NA,NA,NA,NA,NA,NA,NA,NA,NA,NA,NA,NA,NA,NA,NA,NA,0.00,NA,NA,NA
2025-06-15 10:00:00,NA,NA,NA,NA,NA,NA,NA,NA,NA,NA,NA,NA,NA,NA,NA,NA,NA,NA,NA,NA,0.00,NA,NA,NA
2025-06-15 11:00:00,NA,NA,NA,NA,NA,NA,NA,NA,NA,NA,NA,NA,NA,NA,NA,NA,NA,NA,NA,NA,0.00,NA,NA,NA
2025-06-15 12:00:00,NA,NA,NA,NA,NA,NA,NA,NA,NA,NA,NA,NA,NA,NA,NA,NA,NA,NA,NA,NA,0.00,NA,NA,NA
2025-06-15 13:00:00,NA,NA,NA,NA,NA,NA,NA,NA,NA,NA,NA,NA,NA,NA,NA,NA,NA,NA,NA,NA,0.00,NA,NA,NA
2025-06-15 14:00:00,NA,NA,NA,NA,NA,NA,NA,NA,NA,NA,NA,NA,NA,NA,NA,NA,NA,NA,NA,NA,0.00,NA,NA,NA
2025-06-15 15:00:00,NA,NA,NA,NA,NA,NA,NA,NA,NA,NA,NA,NA,NA,NA,NA,NA,NA,NA,NA,NA,0.00,NA,NA,NA
2025-06-15 16:00:00,NA,NA,NA,NA,NA,NA,NA,NA,NA,NA,NA,NA,NA,NA,NA,NA,NA,NA,NA,NA,0.00,NA,NA,NA
2025-06-15 17:00:00,NA,NA,NA,NA,NA,NA,NA,NA,NA,NA,NA,NA,NA,NA,NA,NA,NA,NA,NA,NA,0.00,NA,NA,NA
2025-06-15 18:00:00,NA,NA,NA,NA,NA,NA,NA,NA,NA,NA,NA,NA,NA,NA,NA,NA,NA,NA,NA,NA,0.00,NA,NA,NA
2025-06-15 19:00:00,NA,NA,NA,NA,NA,NA,NA,NA,NA,NA,NA,NA,NA,NA,NA,NA,NA,NA,NA,NA,0.00,NA,NA,NA
2025-06-15 20:00:00,NA,NA,NA,NA,NA,NA,NA,NA,NA,NA,NA,NA,NA,NA,NA,NA,NA,NA,NA,NA,0.00,NA,NA,NA
2025-06-15 21:00:00,NA,NA,NA,NA,NA,NA,NA,NA,NA,NA,NA,NA,NA,NA,NA,NA,NA,NA,NA,NA,0.00,NA,NA,NA
2025-06-15 22:00:00,NA,NA,NA,NA,NA,NA,NA,NA,NA,NA,NA,NA,NA,NA,NA,NA,NA,NA,NA,NA,0.00,NA,NA,NA
2025-06-15 23:00:00,NA,NA,NA,NA,NA,NA,NA,NA,NA,NA,NA,NA,NA,NA,NA,NA,NA,NA,NA,NA,0.00,NA,NA,NA
2025-06-16 00:00:00,NA,NA,NA,NA,NA,NA,NA,NA,NA,NA,NA,NA,NA,NA,NA,NA,NA,NA,NA,NA,0.00,NA,NA,NA
2025-06-16 01:00:00,NA,NA,NA,NA,NA,NA,NA,NA,NA,NA,NA,NA,NA,NA,NA,NA,NA,NA,NA,NA,0.00,NA,NA,NA
2025-06-16 02:00:00,NA,NA,NA,NA,NA,NA,NA,NA,NA,NA,NA,NA,NA,NA,NA,NA,NA,NA,NA,NA,0.00,NA,NA,NA
2025-06-16 03:00:00,NA,NA,NA,NA,NA,NA,NA,NA,NA,NA,NA,NA,NA,NA,NA,NA,NA,NA,NA,NA,0.00,NA,NA,NA
2025-06-16 04:00:00,NA,NA,NA,NA,NA,NA,NA,NA,NA,NA,NA,NA,NA,NA,NA,NA,NA,NA,NA,NA,0.00,NA,NA,NA
2025-06-16 05:00:00,NA,NA,NA,NA,NA,NA,NA,NA,NA,NA,NA,NA,NA,NA,NA,NA,NA,NA,NA,NA,0.00,NA,NA,NA
2025-06-16 06:00:00,NA,NA,NA,NA,NA,NA,NA,NA,NA,NA,NA,NA,NA,NA,NA,NA,NA,NA,NA,NA,0.00,NA,NA,NA
2025-06-16 07:00:00,NA,NA,NA,NA,NA,NA,NA,NA,NA,NA,NA,NA,NA,NA,NA,NA,NA,NA,NA,NA,0.00,NA,NA,NA
2025-06-16 08:00:00,NA,NA,NA,NA,NA,NA,NA,NA,NA,NA,NA,NA,NA,NA,NA,NA,NA,NA,NA,NA,0.00,NA,NA,NA
2025-06-16 09:00:00,NA,NA,NA,NA,NA,NA,NA,NA,NA,NA,NA,NA,NA,NA,NA,NA,NA,NA,NA,NA,0.00,NA,NA,NA
2025-06-16 10:00:00,NA,NA,NA,NA,NA,NA,NA,NA,NA,NA,NA,NA,NA,NA,NA,NA,NA,NA,NA,NA,0.00,NA,NA,NA
2025-06-16 11:00:00,NA,NA,NA,NA,NA,NA,NA,NA,NA,NA,NA,NA,NA,NA,NA,NA,NA,NA,NA,NA,0.00,NA,NA,NA
2025-06-16 12:00:00,NA,NA,NA,NA,NA,NA,NA,NA,NA,NA,NA,NA,NA,NA,NA,NA,NA,NA,NA,NA,0.00,NA,NA,NA
2025-06-16 13:00:00,NA,NA,NA,NA,NA,NA,NA,NA,NA,NA,NA,NA,NA,NA,NA,NA,NA,NA,NA,NA,0.00,NA,NA,NA
2025-06-16 14:00:00,NA,NA,NA,NA,NA,NA,NA,NA,NA,NA,NA,NA,NA,NA,NA,NA,NA,NA,NA,NA,0.00,NA,NA,NA
2025-06-16 15:00:00,NA,NA,NA,NA,NA,NA,NA,NA,NA,NA,NA,NA,NA,NA,NA,NA,NA,NA,NA,NA,0.00,NA,NA,NA
2025-06-16 16:00:00,NA,NA,NA,NA,NA,NA,NA,NA,NA,NA,NA,NA,NA,NA,NA,NA,NA,NA,NA,NA,0.00,NA,NA,NA
2025-06-16 17:00:00,NA,NA,NA,NA,NA,NA,NA,NA,NA,NA,NA,NA,NA,NA,NA,NA,NA,NA,NA,NA,0.00,NA,NA,NA
2025-06-16 18:00:00,NA,NA,NA,NA,NA,NA,NA,NA,NA,NA,NA,NA,NA,NA,NA,NA,NA,NA,NA,NA,0.00,NA,NA,NA
2025-06-16 19:00:00,NA,NA,NA,NA,NA,NA,NA,NA,NA,NA,NA,NA,NA,NA,NA,NA,NA,NA,NA,NA,0.00,NA,NA,NA
2025-06-16 20:00:00,NA,NA,NA,NA,NA,NA,NA,NA,NA,NA,NA,NA,NA,NA,NA,NA,NA,NA,NA,NA,0.00,NA,NA,NA
2025-06-16 21:00:00,NA,NA,NA,NA,NA,NA,NA,NA,NA,NA,NA,NA,NA,NA,NA,NA,NA,NA,NA,NA,0.00,NA,NA,NA
2025-06-16 22:00:00,NA,NA,NA,NA,NA,NA,NA,NA,NA,NA,NA,NA,NA,NA,NA,NA,NA,NA,NA,NA,0.00,NA,NA,NA
2025-06-16 23:00:00,NA,NA,NA,NA,NA,NA,NA,NA,NA,NA,NA,NA,NA,NA,NA,NA,NA,NA,NA,NA,0.00,NA,NA,NA
2025-06-17 00:00:00,NA,NA,NA,NA,NA,NA,NA,NA,NA,NA,NA,NA,NA,NA,NA,NA,NA,NA,NA,NA,0.00,NA,NA,NA
2025-06-17 01:00:00,NA,NA,NA,NA,NA,NA,NA,NA,NA,NA,NA,NA,NA,NA,NA,NA,NA,NA,NA,NA,0.00,NA,NA,NA
2025-06-17 02:00:00,NA,NA,NA,NA,NA,NA,NA,NA,NA,NA,NA,NA,NA,NA,NA,NA,NA,NA,NA,NA,0.00,NA,NA,NA
2025-06-17 03:00:00,NA,NA,NA,NA,NA,NA,NA,NA,NA,NA,NA,NA,NA,NA,NA,NA,NA,NA,NA,NA,0.00,NA,NA,NA
2025-06-17 04:00:00,NA,NA,NA,NA,NA,NA,NA,NA,NA,NA,NA,NA,NA,NA,NA,NA,NA,NA,NA,NA,0.00,NA,NA,NA
2025-06-17 05:00:00,NA,NA,NA,NA,NA,NA,NA,NA,NA,NA,NA,NA,NA,NA,NA,NA,NA,NA,NA,NA,0.00,NA,NA,NA
2025-06-17 06:00:00,NA,NA,NA,NA,NA,NA,NA,NA,NA,NA,NA,NA,NA,NA,NA,NA,NA,NA,NA,NA,0.00,NA,NA,NA
2025-06-17 07:00:00,NA,NA,NA,NA,NA,NA,NA,NA,NA,NA,NA,NA,NA,NA,NA,NA,NA,NA,NA,NA,0.00,NA,NA,NA
2025-06-17 08:00:00,NA,NA,NA,NA,NA,NA,NA,NA,NA,NA,NA,NA,NA,NA,NA,NA,NA,NA,NA,NA,0.00,NA,NA,NA
2025-06-17 09:00:00,NA,NA,NA,NA,NA,NA,NA,NA,NA,NA,NA,NA,NA,NA,NA,NA,NA,NA,NA,NA,0.00,NA,NA,NA
2025-06-17 10:00:00,NA,NA,NA,NA,NA,NA,NA,NA,NA,NA,NA,NA,NA,NA,NA,NA,NA,NA,NA,NA,0.00,NA,NA,NA
2025-06-17 11:00:00,NA,NA,NA,NA,NA,NA,NA,NA,NA,NA,NA,NA,NA,NA,NA,NA,NA,NA,NA,NA,0.00,NA,NA,NA
2025-06-17 12:00:00,NA,NA,NA,NA,NA,NA,NA,NA,NA,NA,NA,NA,NA,NA,NA,NA,NA,NA,NA,NA,0.00,NA,NA,NA
2025-06-17 13:00:00,NA,NA,NA,NA,NA,NA,NA,NA,NA,NA,NA,NA,NA,NA,NA,NA,NA,NA,NA,NA,0.00,NA,NA,NA
2025-06-17 14:00:00,NA,NA,NA,NA,NA,NA,NA,NA,NA,NA,NA,NA,NA,NA,NA,NA,NA,NA,NA,NA,0.00,NA,NA,NA
2025-06-17 15:00:00,NA,NA,NA,NA,NA,NA,NA,NA,NA,NA,NA,NA,NA,NA,NA,NA,NA,NA,NA,NA,0.00,NA,NA,NA
2025-06-17 16:00:00,NA,NA,NA,NA,NA,NA,NA,NA,NA,NA,NA,NA,NA,NA,NA,NA,NA,NA,NA,NA,0.00,NA,NA,NA
2025-06-17 17:00:00,NA,NA,NA,NA,NA,NA,NA,NA,NA,NA,NA,NA,NA,NA,NA,NA,NA,NA,NA,NA,0.00,NA,NA,NA
2025-06-17 18:00:00,NA,NA,NA,NA,NA,NA,NA,NA,NA,NA,NA,NA,NA,NA,NA,NA,NA,NA,NA,NA,0.00,NA,NA,NA
2025-06-17 19:00:00,NA,NA,NA,NA,NA,NA,NA,NA,NA,NA,NA,NA,NA,NA,NA,NA,NA,NA,NA,NA,0.00,NA,NA,NA
2025-06-17 20:00:00,NA,NA,NA,NA,NA,NA,NA,NA,NA,NA,NA,NA,NA,NA,NA,NA,NA,NA,NA,NA,0.00,NA,NA,NA
2025-06-17 21:00:00,NA,NA,NA,NA,NA,NA,NA,NA,NA,NA,NA,NA,NA,NA,NA,NA,NA,NA,NA,NA,0.00,NA,NA,NA
2025-06-17 22:00:00,NA,NA,NA,NA,NA,NA,NA,NA,NA,NA,NA,NA,NA,NA,NA,NA,NA,NA,NA,NA,0.00,NA,NA,NA
2025-06-17 23:00:00,NA,NA,NA,NA,NA,NA,NA,NA,NA,NA,NA,NA,NA,NA,NA,NA,NA,NA,NA,NA,0.00,NA,NA,NA
2025-06-18 00:00:00,NA,NA,NA,NA,NA,NA,NA,NA,NA,NA,NA,NA,NA,NA,NA,NA,NA,NA,NA,NA,0.00,NA,NA,NA
2025-06-18 01:00:00,NA,NA,NA,NA,NA,NA,NA,NA,NA,NA,NA,NA,NA,NA,NA,NA,NA,NA,NA,NA,0.00,NA,NA,NA
2025-06-18 02:00:00,NA,NA,NA,NA,NA,NA,NA,NA,NA,NA,NA,NA,NA,NA,NA,NA,NA,NA,NA,NA,0.00,NA,NA,NA
2025-06-18 03:00:00,NA,NA,NA,NA,NA,NA,NA,NA,NA,NA,NA,NA,NA,NA,NA,NA,NA,NA,NA,NA,0.00,NA,NA,NA
2025-06-18 04:00:00,NA,NA,NA,NA,NA,NA,NA,NA,NA,NA,NA,NA,NA,NA,NA,NA,NA,NA,NA,NA,0.00,NA,NA,NA
2025-06-18 05:00:00,NA,NA,NA,NA,NA,NA,NA,NA,NA,NA,NA,NA,NA,NA,NA,NA,NA,NA,NA,NA,0.00,NA,NA,NA
2025-06-18 06:00:00,NA,NA,NA,NA,NA,NA,NA,NA,NA,NA,NA,NA,NA,NA,NA,NA,NA,NA,NA,NA,0.00,NA,NA,NA
2025-06-18 07:00:00,NA,NA,NA,NA,NA,NA,NA,NA,NA,NA,NA,NA,NA,NA,NA,NA,NA,NA,NA,NA,0.00,NA,NA,NA
2025-06-18 08:00:00,NA,NA,NA,NA,NA,NA,NA,NA,NA,NA,NA,NA,NA,NA,NA,NA,NA,NA,NA,NA,0.00,NA,NA,NA
2025-06-18 09:00:00,NA,NA,NA,NA,NA,NA,NA,NA,NA,NA,NA,NA,NA,NA,NA,NA,NA,NA,NA,NA,0.00,NA,NA,NA
2025-06-18 10:00:00,NA,NA,NA,NA,NA,NA,NA,NA,NA,NA,NA,NA,NA,NA,NA,NA,NA,NA,NA,NA,0.00,NA,NA,NA
2025-06-18 11:00:00,NA,NA,NA,NA,NA,NA,NA,NA,NA,NA,NA,NA,NA,NA,NA,NA,NA,NA,NA,NA,0.00,NA,NA,NA
2025-06-18 12:00:00,NA,NA,NA,NA,NA,NA,NA,NA,NA,NA,NA,NA,NA,NA,NA,NA,NA,NA,NA,NA,0.00,NA,NA,NA
2025-06-18 13:00:00,NA,NA,NA,NA,NA,NA,NA,NA,NA,NA,NA,NA,NA,NA,NA,NA,NA,NA,NA,NA,0.00,NA,NA,NA
2025-06-18 14:00:00,NA,NA,NA,NA,NA,NA,NA,NA,NA,NA,NA,NA,NA,NA,NA,NA,NA,NA,NA,NA,0.00,NA,NA,NA
2025-06-18 15:00:00,NA,NA,NA,NA,NA,NA,NA,NA,NA,NA,NA,NA,NA,NA,NA,NA,NA,NA,NA,NA,0.00,NA,NA,NA
2025-06-18 16:00:00,NA,NA,NA,NA,NA,NA,NA,NA,NA,NA,NA,NA,NA,NA,NA,NA,NA,NA,NA,NA,0.00,NA,NA,NA
2025-06-18 17:00:00,NA,NA,NA,NA,NA,NA,NA,NA,NA,NA,NA,NA,NA,NA,NA,NA,NA,NA,NA,NA,0.00,NA,NA,NA
2025-06-18 18:00:00,NA,NA,NA,NA,NA,NA,NA,NA,NA,NA,NA,NA,NA,NA,NA,NA,NA,NA,NA,NA,0.00,NA,NA,NA
2025-06-18 19:00:00,NA,NA,NA,NA,NA,NA,NA,NA,NA,NA,NA,NA,NA,NA,NA,NA,NA,NA,NA,NA,0.00,NA,NA,NA
2025-06-18 20:00:00,NA,NA,NA,NA,NA,NA,NA,NA,NA,NA,NA,NA,NA,NA,NA,NA,NA,NA,NA,NA,0.00,NA,NA,NA
2025-06-18 21:00:00,NA,NA,NA,NA,NA,NA,NA,NA,NA,NA,NA,NA,NA,NA,NA,NA,NA,NA,NA,NA,0.00,NA,NA,NA
2025-06-18 22:00:00,NA,NA,NA,NA,NA,NA,NA,NA,NA,NA,NA,NA,NA,NA,NA,NA,NA,NA,NA,NA,0.00,NA,NA,NA
2025-06-18 23:00:00,NA,NA,NA,NA,NA,NA,NA,NA,NA,NA,NA,NA,NA,NA,NA,NA,NA,NA,NA,NA,0.00,NA,NA,NA
2025-06-19 00:00:00,NA,NA,NA,NA,NA,NA,NA,NA,NA,NA,NA,NA,NA,NA,NA,NA,NA,NA,NA,NA,0.00,NA,NA,NA
2025-06-19 01:00:00,NA,NA,NA,NA,NA,NA,NA,NA,NA,NA,NA,NA,NA,NA,NA,NA,NA,NA,NA,NA,0.00,NA,NA,NA
2025-06-19 02:00:00,NA,NA,NA,NA,NA,NA,NA,NA,NA,NA,NA,NA,NA,NA,NA,NA,NA,NA,NA,NA,0.00,NA,NA,NA
2025-06-19 03:00:00,NA,NA,NA,NA,NA,NA,NA,NA,NA,NA,NA,NA,NA,NA,NA,NA,NA,NA,NA,NA,0.00,NA,NA,NA
2025-06-19 04:00:00,NA,NA,NA,NA,NA,NA,NA,NA,NA,NA,NA,NA,NA,NA,NA,NA,NA,NA,NA,NA,0.00,NA,NA,NA
2025-06-19 05:00:00,NA,NA,NA,NA,NA,NA,NA,NA,NA,NA,NA,NA,NA,NA,NA,NA,NA,NA,NA,NA,0.00,NA,NA,NA
2025-06-19 06:00:00,NA,NA,NA,NA,NA,NA,NA,NA,NA,NA,NA,NA,NA,NA,NA,NA,NA,NA,NA,NA,0.00,NA,NA,NA
2025-06-19 07:00:00,NA,NA,NA,NA,NA,NA,NA,NA,NA,NA,NA,NA,NA,NA,NA,NA,NA,NA,NA,NA,0.00,NA,NA,NA
2025-06-19 08:00:00,NA,NA,NA,NA,NA,NA,NA,NA,NA,NA,NA,NA,NA,NA,NA,NA,NA,NA,NA,NA,0.00,NA,NA,NA
2025-06-19 09:00:00,NA,NA,NA,NA,NA,NA,NA,NA,NA,NA,NA,NA,NA,NA,NA,NA,NA,NA,NA,NA,0.00,NA,NA,NA
2025-06-19 10:00:00,NA,NA,NA,NA,NA,NA,NA,NA,NA,NA,NA,NA,NA,NA,NA,NA,NA,NA,NA,NA,0.00,NA,NA,NA
2025-06-19 11:00:00,NA,NA,NA,NA,NA,NA,NA,NA,NA,NA,NA,NA,NA,NA,NA,NA,NA,NA,NA,NA,0.00,NA,NA,NA
2025-06-19 12:00:00,NA,NA,NA,NA,NA,NA,NA,NA,NA,NA,NA,NA,NA,NA,NA,NA,NA,NA,NA,NA,0.00,NA,NA,NA
2025-06-19 13:00:00,NA,NA,NA,NA,NA,NA,NA,NA,NA,NA,NA,NA,NA,NA,NA,NA,NA,NA,NA,NA,0.00,NA,NA,NA
2025-06-19 14:00:00,NA,NA,NA,NA,NA,NA,NA,NA,NA,NA,NA,NA,NA,NA,NA,NA,NA,NA,NA,NA,0.00,NA,NA,NA
2025-06-19 15:00:00,NA,NA,NA,NA,NA,NA,NA,NA,NA,NA,NA,NA,NA,NA,NA,NA,NA,NA,NA,NA,0.00,NA,NA,NA
2025-06-19 16:00:00,NA,NA,NA,NA,NA,NA,NA,NA,NA,NA,NA,NA,NA,NA,NA,NA,NA,NA,NA,NA,0.00,NA,NA,NA
2025-06-19 17:00:00,NA,NA,NA,NA,NA,NA,NA,NA,NA,NA,NA,NA,NA,NA,NA,NA,NA,NA,NA,NA,0.00,NA,NA,NA
2025-06-19 18:00:00,NA,NA,NA,NA,NA,NA,NA,NA,NA,NA,NA,NA,NA,NA,NA,NA,NA,NA,NA,NA,0.00,NA,NA,NA
2025-06-19 19:00:00,NA,NA,NA,NA,NA,NA,NA,NA,NA,NA,NA,NA,NA,NA,NA,NA,NA,NA,NA,NA,0.00,NA,NA,NA
2025-06-19 20:00:00,NA,NA,NA,NA,NA,NA,NA,NA,NA,NA,NA,NA,NA,NA,NA,NA,NA,NA,NA,NA,0.00,NA,NA,NA
2025-06-19 21:00:00,NA,NA,NA,NA,NA,NA,NA,NA,NA,NA,NA,NA,NA,NA,NA,NA,NA,NA,NA,NA,0.00,NA,NA,NA
2025-06-19 22:00:00,NA,NA,NA,NA,NA,NA,NA,NA,NA,NA,NA,NA,NA,NA,NA,NA,NA,NA,NA,NA,0.00,NA,NA,NA
2025-06-19 23:00:00,NA,NA,NA,NA,NA,NA,NA,NA,NA,NA,NA,NA,NA,NA,NA,NA,NA,NA,NA,NA,0.00,NA,NA,NA
2025-06-20 00:00:00,NA,NA,NA,NA,NA,NA,NA,NA,NA,NA,NA,NA,NA,NA,NA,NA,NA,NA,NA,NA,0.00,NA,NA,NA
2025-06-20 01:00:00,NA,NA,NA,NA,NA,NA,NA,NA,NA,NA,NA,NA,NA,NA,NA,NA,NA,NA,NA,NA,0.00,NA,NA,NA
2025-06-20 02:00:00,NA,NA,NA,NA,NA,NA,NA,NA,NA,NA,NA,NA,NA,NA,NA,NA,NA,NA,NA,NA,0.00,NA,NA,NA
2025-06-20 03:00:00,NA,NA,NA,NA,NA,NA,NA,NA,NA,NA,NA,NA,NA,NA,NA,NA,NA,NA,NA,NA,0.00,NA,NA,NA
2025-06-20 04:00:00,NA,NA,NA,NA,NA,NA,NA,NA,NA,NA,NA,NA,NA,NA,NA,NA,NA,NA,NA,NA,0.00,NA,NA,NA
2025-06-20 05:00:00,NA,NA,NA,NA,NA,NA,NA,NA,NA,NA,NA,NA,NA,NA,NA,NA,NA,NA,NA,NA,0.00,NA,NA,NA
2025-06-20 06:00:00,NA,NA,NA,NA,NA,NA,NA,NA,NA,NA,NA,NA,NA,NA,NA,NA,NA,NA,NA,NA,0.00,NA,NA,NA
2025-06-20 07:00:00,NA,NA,NA,NA,NA,NA,NA,NA,NA,NA,NA,NA,NA,NA,NA,NA,NA,NA,NA,NA,0.00,NA,NA,NA
2025-06-20 08:00:00,NA,NA,NA,NA,NA,NA,NA,NA,NA,NA,NA,NA,NA,NA,NA,NA,NA,NA,NA,NA,0.00,NA,NA,NA
2025-06-20 09:00:00,NA,NA,NA,NA,NA,NA,NA,NA,NA,NA,NA,NA,NA,NA,NA,NA,NA,NA,NA,NA,0.00,NA,NA,NA
2025-06-20 10:00:00,NA,NA,NA,NA,NA,NA,NA,NA,NA,NA,NA,NA,NA,NA,NA,NA,NA,NA,NA,NA,0.00,NA,NA,NA
2025-06-20 11:00:00,NA,NA,NA,NA,NA,NA,NA,NA,NA,NA,NA,NA,NA,NA,NA,NA,NA,NA,NA,NA,0.00,NA,NA,NA
2025-06-20 12:00:00,NA,NA,NA,NA,NA,NA,NA,NA,NA,NA,NA,NA,NA,NA,NA,NA,NA,NA,NA,NA,0.00,NA,NA,NA
2025-06-20 13:00:00,NA,NA,NA,NA,NA,NA,NA,NA,NA,NA,NA,NA,NA,NA,NA,NA,NA,NA,NA,NA,0.00,NA,NA,NA
2025-06-20 14:00:00,NA,NA,NA,NA,NA,NA,NA,NA,NA,NA,NA,NA,NA,NA,NA,NA,NA,NA,NA,NA,0.00,NA,NA,NA
2025-06-20 15:00:00,NA,NA,NA,NA,NA,NA,NA,NA,NA,NA,NA,NA,NA,NA,NA,NA,NA,NA,NA,NA,0.00,NA,NA,NA
2025-06-20 16:00:00,NA,NA,NA,NA,NA,NA,NA,NA,NA,NA,NA,NA,NA,NA,NA,NA,NA,NA,NA,NA,0.00,NA,NA,NA
2025-06-20 17:00:00,NA,NA,NA,NA,NA,NA,NA,NA,NA,NA,NA,NA,NA,NA,NA,NA,NA,NA,NA,NA,0.00,NA,NA,NA
2025-06-20 18:00:00,NA,NA,NA,NA,NA,NA,NA,NA,NA,NA,NA,NA,NA,NA,NA,NA,NA,NA,NA,NA,0.00,NA,NA,NA
2025-06-20 19:00:00,NA,NA,NA,NA,NA,NA,NA,NA,NA,NA,NA,NA,NA,NA,NA,NA,NA,NA,NA,NA,0.00,NA,NA,NA
2025-06-20 20:00:00,NA,NA,NA,NA,NA,NA,NA,NA,NA,NA,NA,NA,NA,NA,NA,NA,NA,NA,NA,NA,0.00,NA,NA,NA
2025-06-20 21:00:00,NA,NA,NA,NA,NA,NA,NA,NA,NA,NA,NA,NA,NA,NA,NA,NA,NA,NA,NA,NA,0.00,NA,NA,NA
2025-06-20 22:00:00,NA,NA,NA,NA,NA,NA,NA,NA,NA,NA,NA,NA,NA,NA,NA,NA,NA,NA,NA,NA,0.00,NA,NA,NA
2025-06-20 23:00:00,NA,NA,NA,NA,NA,NA,NA,NA,NA,NA,NA,NA,NA,NA,NA,NA,NA,NA,NA,NA,0.00,NA,NA,NA
2025-06-21 00:00:00,NA,NA,NA,NA,NA,NA,NA,NA,NA,NA,NA,NA,NA,NA,NA,NA,NA,NA,NA,NA,0.00,NA,NA,NA
2025-06-21 01:00:00,NA,NA,NA,NA,NA,NA,NA,NA,NA,NA,NA,NA,NA,NA,NA,NA,NA,NA,NA,NA,0.00,NA,NA,NA
2025-06-21 02:00:00,NA,NA,NA,NA,NA,NA,NA,NA,NA,NA,NA,NA,NA,NA,NA,NA,NA,NA,NA,NA,0.00,NA,NA,NA
2025-06-21 03:00:00,NA,NA,NA,NA,NA,NA,NA,NA,NA,NA,NA,NA,NA,NA,NA,NA,NA,NA,NA,NA,0.00,NA,NA,NA
2025-06-21 04:00:00,NA,NA,NA,NA,NA,NA,NA,NA,NA,NA,NA,NA,NA,NA,NA,NA,NA,NA,NA,NA,0.00,NA,NA,NA
2025-06-21 05:00:00,NA,NA,NA,NA,NA,NA,NA,NA,NA,NA,NA,NA,NA,NA,NA,NA,NA,NA,NA,NA,0.00,NA,NA,NA
2025-06-21 06:00:00,NA,NA,NA,NA,NA,NA,NA,NA,NA,NA,NA,NA,NA,NA,NA,NA,NA,NA,NA,NA,0.00,NA,NA,NA
2025-06-21 07:00:00,NA,NA,NA,NA,NA,NA,NA,NA,NA,NA,NA,NA,NA,NA,NA,NA,NA,NA,NA,NA,0.00,NA,NA,NA
2025-06-21 08:00:00,NA,NA,NA,NA,NA,NA,NA,NA,NA,NA,NA,NA,NA,NA,NA,NA,NA,NA,NA,NA,0.00,NA,NA,NA
2025-06-21 09:00:00,NA,NA,NA,NA,NA,NA,NA,NA,NA,NA,NA,NA,NA,NA,NA,NA,NA,NA,NA,NA,0.00,NA,NA,NA
2025-06-21 10:00:00,NA,NA,NA,NA,NA,NA,NA,NA,NA,NA,NA,NA,NA,NA,NA,NA,NA,NA,NA,NA,0.00,NA,NA,NA
2025-06-21 11:00:00,NA,NA,NA,NA,NA,NA,NA,NA,NA,NA,NA,NA,NA,NA,NA,NA,NA,NA,NA,NA,0.00,NA,NA,NA
2025-06-21 12:00:00,NA,NA,NA,NA,NA,NA,NA,NA,NA,NA,NA,NA,NA,NA,NA,NA,NA,NA,NA,NA,0.00,NA,NA,NA
2025-06-21 13:00:00,NA,NA,NA,NA,NA,NA,NA,NA,NA,NA,NA,NA,NA,NA,NA,NA,NA,NA,NA,NA,0.00,NA,NA,NA
2025-06-21 14:00:00,NA,NA,NA,NA,NA,NA,NA,NA,NA,NA,NA,NA,NA,NA,NA,NA,NA,NA,NA,NA,0.00,NA,NA,NA
2025-06-21 15:00:00,NA,NA,NA,NA,NA,NA,NA,NA,NA,NA,NA,NA,NA,NA,NA,NA,NA,NA,NA,NA,0.00,NA,NA,NA
2025-06-21 16:00:00,NA,NA,NA,NA,NA,NA,NA,NA,NA,NA,NA,NA,NA,NA,NA,NA,NA,NA,NA,NA,0.00,NA,NA,NA
2025-06-21 17:00:00,NA,NA,NA,NA,NA,NA,NA,NA,NA,NA,NA,NA,NA,NA,NA,NA,NA,NA,NA,NA,0.00,NA,NA,NA
2025-06-21 18:00:00,NA,NA,NA,NA,NA,NA,NA,NA,NA,NA,NA,NA,NA,NA,NA,NA,NA,NA,NA,NA,0.00,NA,NA,NA
2025-06-21 19:00:00,NA,NA,NA,NA,NA,NA,NA,NA,NA,NA,NA,NA,NA,NA,NA,NA,NA,NA,NA,NA,0.00,NA,NA,NA
2025-06-21 20:00:00,NA,NA,NA,NA,NA,NA,NA,NA,NA,NA,NA,NA,NA,NA,NA,NA,NA,NA,NA,NA,0.00,NA,NA,NA
2025-06-21 21:00:00,NA,NA,NA,NA,NA,NA,NA,NA,NA,NA,NA,NA,NA,NA,NA,NA,NA,NA,NA,NA,0.00,NA,NA,NA
2025-06-21 22:00:00,NA,NA,NA,NA,NA,NA,NA,NA,NA,NA,NA,NA,NA,NA,NA,NA,NA,NA,NA,NA,0.00,NA,NA,NA
2025-06-21 23:00:00,NA,NA,NA,NA,NA,NA,NA,NA,NA,NA,NA,NA,NA,NA,NA,NA,NA,NA,NA,NA,0.00,NA,NA,NA
2025-06-22 00:00:00,NA,NA,NA,NA,NA,NA,NA,NA,NA,NA,NA,NA,NA,NA,NA,NA,NA,NA,NA,NA,0.00,NA,NA,NA
2025-06-22 01:00:00,NA,NA,NA,NA,NA,NA,NA,NA,NA,NA,NA,NA,NA,NA,NA,NA,NA,NA,NA,NA,0.00,NA,NA,NA
2025-06-22 02:00:00,NA,NA,NA,NA,NA,NA,NA,NA,NA,NA,NA,NA,NA,NA,NA,NA,NA,NA,NA,NA,0.00,NA,NA,NA
2025-06-22 03:00:00,NA,NA,NA,NA,NA,NA,NA,NA,NA,NA,NA,NA,NA,NA,NA,NA,NA,NA,NA,NA,0.00,NA,NA,NA
2025-06-22 04:00:00,NA,NA,NA,NA,NA,NA,NA,NA,NA,NA,NA,NA,NA,NA,NA,NA,NA,NA,NA,NA,0.00,NA,NA,NA
2025-06-22 05:00:00,NA,NA,NA,NA,NA,NA,NA,NA,NA,NA,NA,NA,NA,NA,NA,NA,NA,NA,NA,NA,0.00,NA,NA,NA
2025-06-22 06:00:00,NA,NA,NA,NA,NA,NA,NA,NA,NA,NA,NA,NA,NA,NA,NA,NA,NA,NA,NA,NA,0.00,NA,NA,NA
2025-06-22 07:00:00,NA,NA,NA,NA,NA,NA,NA,NA,NA,NA,NA,NA,NA,NA,NA,NA,NA,NA,NA,NA,0.00,NA,NA,NA
2025-06-22 08:00:00,NA,NA,NA,NA,NA,NA,NA,NA,NA,NA,NA,NA,NA,NA,NA,NA,NA,NA,NA,NA,0.00,NA,NA,NA
2025-06-22 09:00:00,NA,NA,NA,NA,NA,NA,NA,NA,NA,NA,NA,NA,NA,NA,NA,NA,NA,NA,NA,NA,0.00,NA,NA,NA
2025-06-22 10:00:00,NA,NA,NA,NA,NA,NA,NA,NA,NA,NA,NA,NA,NA,NA,NA,NA,NA,NA,NA,NA,0.00,NA,NA,NA
2025-06-22 11:00:00,NA,NA,NA,NA,NA,NA,NA,NA,NA,NA,NA,NA,NA,NA,NA,NA,NA,NA,NA,NA,0.00,NA,NA,NA
2025-06-22 12:00:00,NA,NA,NA,NA,NA,NA,NA,NA,NA,NA,NA,NA,NA,NA,NA,NA,NA,NA,NA,NA,0.00,NA,NA,NA
2025-06-22 13:00:00,NA,NA,NA,NA,NA,NA,NA,NA,NA,NA,NA,NA,NA,NA,NA,NA,NA,NA,NA,NA,0.00,NA,NA,NA
2025-06-22 14:00:00,NA,NA,NA,NA,NA,NA,NA,NA,NA,NA,NA,NA,NA,NA,NA,NA,NA,NA,NA,NA,0.00,NA,NA,NA
2025-06-22 15:00:00,NA,NA,NA,NA,NA,NA,NA,NA,NA,NA,NA,NA,NA,NA,NA,NA,NA,NA,NA,NA,0.00,NA,NA,NA
2025-06-22 16:00:00,NA,NA,NA,NA,NA,NA,NA,NA,NA,NA,NA,NA,NA,NA,NA,NA,NA,NA,NA,NA,0.00,NA,NA,NA
2025-06-22 17:00:00,NA,NA,NA,NA,NA,NA,NA,NA,NA,NA,NA,NA,NA,NA,NA,NA,NA,NA,NA,NA,0.00,NA,NA,NA
2025-06-22 18:00:00,NA,NA,NA,NA,NA,NA,NA,NA,NA,NA,NA,NA,NA,NA,NA,NA,NA,NA,NA,NA,0.00,NA,NA,NA
2025-06-22 19:00:00,NA,NA,NA,NA,NA,NA,NA,NA,NA,NA,NA,NA,NA,NA,NA,NA,NA,NA,NA,NA,0.00,NA,NA,NA
2025-06-22 20:00:00,NA,NA,NA,NA,NA,NA,NA,NA,NA,NA,NA,NA,NA,NA,NA,NA,NA,NA,NA,NA,0.00,NA,NA,NA
2025-06-22 21:00:00,NA,NA,NA,NA,NA,NA,NA,NA,NA,NA,NA,NA,NA,NA,NA,NA,NA,NA,NA,NA,0.00,NA,NA,NA
2025-06-22 22:00:00,NA,NA,NA,NA,NA,NA,NA,NA,NA,NA,NA,NA,NA,NA,NA,NA,NA,NA,NA,NA,0.00,NA,NA,NA
2025-06-22 23:00:00,NA,NA,NA,NA,NA,NA,NA,NA,NA,NA,NA,NA,NA,NA,NA,NA,NA,NA,NA,NA,0.00,NA,NA,NA
2025-06-23 00:00:00,NA,NA,NA,NA,NA,NA,NA,NA,NA,NA,NA,NA,NA,NA,NA,NA,NA,NA,NA,NA,0.00,NA,NA,NA
2025-06-23 01:00:00,NA,NA,NA,NA,NA,NA,NA,NA,NA,NA,NA,NA,NA,NA,NA,NA,NA,NA,NA,NA,0.00,NA,NA,NA
2025-06-23 02:00:00,NA,NA,NA,NA,NA,NA,NA,NA,NA,NA,NA,NA,NA,NA,NA,NA,NA,NA,NA,NA,0.00,NA,NA,NA
2025-06-23 03:00:00,NA,NA,NA,NA,NA,NA,NA,NA,NA,NA,NA,NA,NA,NA,NA,NA,NA,NA,NA,NA,0.00,NA,NA,NA
2025-06-23 04:00:00,NA,NA,NA,NA,NA,NA,NA,NA,NA,NA,NA,NA,NA,NA,NA,NA,NA,NA,NA,NA,0.00,NA,NA,NA
2025-06-23 05:00:00,NA,NA,NA,NA,NA,NA,NA,NA,NA,NA,NA,NA,NA,NA,NA,NA,NA,NA,NA,NA,0.00,NA,NA,NA
2025-06-23 06:00:00,NA,NA,NA,NA,NA,NA,NA,NA,NA,NA,NA,NA,NA,NA,NA,NA,NA,NA,NA,NA,0.00,NA,NA,NA
2025-06-23 07:00:00,NA,NA,NA,NA,NA,NA,NA,NA,NA,NA,NA,NA,NA,NA,NA,NA,NA,NA,NA,NA,0.00,NA,NA,NA
2025-06-23 08:00:00,NA,NA,NA,NA,NA,NA,NA,NA,NA,NA,NA,NA,NA,NA,NA,NA,NA,NA,NA,NA,0.00,NA,NA,NA
2025-06-23 09:00:00,NA,NA,NA,NA,NA,NA,NA,NA,NA,NA,NA,NA,NA,NA,NA,NA,NA,NA,NA,NA,0.00,NA,NA,NA
2025-06-23 10:00:00,NA,NA,NA,NA,NA,NA,NA,NA,NA,NA,NA,NA,NA,NA,NA,NA,NA,NA,NA,NA,0.00,NA,NA,NA
2025-06-23 11:00:00,NA,NA,NA,NA,NA,NA,NA,NA,NA,NA,NA,NA,NA,NA,NA,NA,NA,NA,NA,NA,0.00,NA,NA,NA
2025-06-23 12:00:00,NA,NA,NA,NA,NA,NA,NA,NA,NA,NA,NA,NA,NA,NA,NA,NA,NA,NA,NA,NA,0.00,NA,NA,NA
2025-06-23 13:00:00,NA,NA,NA,NA,NA,NA,NA,NA,NA,NA,NA,NA,NA,NA,NA,NA,NA,NA,NA,NA,0.00,NA,NA,NA
2025-06-23 14:00:00,NA,NA,NA,NA,NA,NA,NA,NA,NA,NA,NA,NA,NA,NA,NA,NA,NA,NA,NA,NA,0.00,NA,NA,NA
2025-06-23 15:00:00,NA,NA,NA,NA,NA,NA,NA,NA,NA,NA,NA,NA,NA,NA,NA,NA,NA,NA,NA,NA,0.00,NA,NA,NA
2025-06-23 16:00:00,NA,NA,NA,NA,NA,NA,NA,NA,NA,NA,NA,NA,NA,NA,NA,NA,NA,NA,NA,NA,0.00,NA,NA,NA
2025-06-23 17:00:00,NA,NA,NA,NA,NA,NA,NA,NA,NA,NA,NA,NA,NA,NA,NA,NA,NA,NA,NA,NA,0.00,NA,NA,NA
2025-06-23 18:00:00,NA,NA,NA,NA,NA,NA,NA,NA,NA,NA,NA,NA,NA,NA,NA,NA,NA,NA,NA,NA,0.00,NA,NA,NA
2025-06-23 19:00:00,NA,NA,NA,NA,NA,NA,NA,NA,NA,NA,NA,NA,NA,NA,NA,NA,NA,NA,NA,NA,0.00,NA,NA,NA
2025-06-23 20:00:00,NA,NA,NA,NA,NA,NA,NA,NA,NA,NA,NA,NA,NA,NA,NA,NA,NA,NA,NA,NA,0.00,NA,NA,NA
2025-06-23 21:00:00,NA,NA,NA,NA,NA,NA,NA,NA,NA,NA,NA,NA,NA,NA,NA,NA,NA,NA,NA,NA,0.00,NA,NA,NA
2025-06-23 22:00:00,NA,NA,NA,NA,NA,NA,NA,NA,NA,NA,NA,NA,NA,NA,NA,NA,NA,NA,NA,NA,0.00,NA,NA,NA
2025-06-23 23:00:00,NA,NA,NA,NA,NA,NA,NA,NA,NA,NA,NA,NA,NA,NA,NA,NA,NA,NA,NA,NA,0.00,NA,NA,NA
2025-06-24 00:00:00,NA,NA,NA,NA,NA,NA,NA,NA,NA,NA,NA,NA,NA,NA,NA,NA,NA,NA,NA,NA,0.00,NA,NA,NA
2025-06-24 01:00:00,NA,NA,NA,NA,NA,NA,NA,NA,NA,NA,NA,NA,NA,NA,NA,NA,NA,NA,NA,NA,0.00,NA,NA,NA
2025-06-24 02:00:00,NA,NA,NA,NA,NA,NA,NA,NA,NA,NA,NA,NA,NA,NA,NA,NA,NA,NA,NA,NA,0.00,NA,NA,NA
2025-06-24 03:00:00,NA,NA,NA,NA,NA,NA,NA,NA,NA,NA,NA,NA,NA,NA,NA,NA,NA,NA,NA,NA,0.00,NA,NA,NA
2025-06-24 04:00:00,NA,NA,NA,NA,NA,NA,NA,NA,NA,NA,NA,NA,NA,NA,NA,NA,NA,NA,NA,NA,0.00,NA,NA,NA
2025-06-24 05:00:00,NA,NA,NA,NA,NA,NA,NA,NA,NA,NA,NA,NA,NA,NA,NA,NA,NA,NA,NA,NA,0.00,NA,NA,NA
2025-06-24 06:00:00,NA,NA,NA,NA,NA,NA,NA,NA,NA,NA,NA,NA,NA,NA,NA,NA,NA,NA,NA,NA,0.00,NA,NA,NA
2025-06-24 07:00:00,NA,NA,NA,NA,NA,NA,NA,NA,NA,NA,NA,NA,NA,NA,NA,NA,NA,NA,NA,NA,0.00,NA,NA,NA
2025-06-24 08:00:00,NA,NA,NA,NA,NA,NA,NA,NA,NA,NA,NA,NA,NA,NA,NA,NA,NA,NA,NA,NA,0.00,NA,NA,NA
2025-06-24 09:00:00,NA,NA,NA,NA,NA,NA,NA,NA,NA,NA,NA,NA,NA,NA,NA,NA,NA,NA,NA,NA,0.00,NA,NA,NA
2025-06-24 10:00:00,NA,NA,NA,NA,NA,NA,NA,NA,NA,NA,NA,NA,NA,NA,NA,NA,NA,NA,NA,NA,0.00,NA,NA,NA
2025-06-24 11:00:00,NA,NA,NA,NA,NA,NA,NA,NA,NA,NA,NA,NA,NA,NA,NA,NA,NA,NA,NA,NA,0.00,NA,NA,NA
2025-06-24 12:00:00,NA,NA,NA,NA,NA,NA,NA,NA,NA,NA,NA,NA,NA,NA,NA,NA,NA,NA,NA,NA,0.00,NA,NA,NA
2025-06-24 13:00:00,NA,NA,NA,NA,NA,NA,NA,NA,NA,NA,NA,NA,NA,NA,NA,NA,NA,NA,NA,NA,0.00,NA,NA,NA
2025-06-24 14:00:00,NA,NA,NA,NA,NA,NA,NA,NA,NA,NA,NA,NA,NA,NA,NA,NA,NA,NA,NA,NA,0.00,NA,NA,NA
2025-06-24 15:00:00,NA,NA,NA,NA,NA,NA,NA,NA,NA,NA,NA,NA,NA,NA,NA,NA,NA,NA,NA,NA,0.00,NA,NA,NA
2025-06-24 16:00:00,NA,NA,NA,NA,NA,NA,NA,NA,NA,NA,NA,NA,NA,NA,NA,NA,NA,NA,NA,NA,0.00,NA,NA,NA
2025-06-24 17:00:00,NA,NA,NA,NA,NA,NA,NA,NA,NA,NA,NA,NA,NA,NA,NA,NA,NA,NA,NA,NA,0.00,NA,NA,NA
2025-06-24 18:00:00,NA,NA,NA,NA,NA,NA,NA,NA,NA,NA,NA,NA,NA,NA,NA,NA,NA,NA,NA,NA,0.00,NA,NA,NA
2025-06-24 19:00:00,NA,NA,NA,NA,NA,NA,NA,NA,NA,NA,NA,NA,NA,NA,NA,NA,NA,NA,NA,NA,0.00,NA,NA,NA
2025-06-24 20:00:00,NA,NA,NA,NA,NA,NA,NA,NA,NA,NA,NA,NA,NA,NA,NA,NA,NA,NA,NA,NA,0.00,NA,NA,NA
2025-06-24 21:00:00,NA,NA,NA,NA,NA,NA,NA,NA,NA,NA,NA,NA,NA,NA,NA,NA,NA,NA,NA,NA,0.00,NA,NA,NA
2025-06-24 22:00:00,NA,NA,NA,NA,NA,NA,NA,NA,NA,NA,NA,NA,NA,NA,NA,NA,NA,NA,NA,NA,0.00,NA,NA,NA
2025-06-24 23:00:00,NA,NA,NA,NA,NA,NA,NA,NA,NA,NA,NA,NA,NA,NA,NA,NA,NA,NA,NA,NA,0.00,NA,NA,NA
2025-06-25 00:00:00,NA,NA,NA,NA,NA,NA,NA,NA,NA,NA,NA,NA,NA,NA,NA,NA,NA,NA,NA,NA,0.00,NA,NA,NA
2025-06-25 01:00:00,NA,NA,NA,NA,NA,NA,NA,NA,NA,NA,NA,NA,NA,NA,NA,NA,NA,NA,NA,NA,0.00,NA,NA,NA
2025-06-25 02:00:00,NA,NA,NA,NA,NA,NA,NA,NA,NA,NA,NA,NA,NA,NA,NA,NA,NA,NA,NA,NA,0.00,NA,NA,NA
2025-06-25 03:00:00,NA,NA,NA,NA,NA,NA,NA,NA,NA,NA,NA,NA,NA,NA,NA,NA,NA,NA,NA,NA,0.00,NA,NA,NA
2025-06-25 04:00:00,NA,NA,NA,NA,NA,NA,NA,NA,NA,NA,NA,NA,NA,NA,NA,NA,NA,NA,NA,NA,0.00,NA,NA,NA
2025-06-25 05:00:00,NA,NA,NA,NA,NA,NA,NA,NA,NA,NA,NA,NA,NA,NA,NA,NA,NA,NA,NA,NA,0.00,NA,NA,NA
2025-06-25 06:00:00,NA,NA,NA,NA,NA,NA,NA,NA,NA,NA,NA,NA,NA,NA,NA,NA,NA,NA,NA,NA,0.00,NA,NA,NA
2025-06-25 07:00:00,NA,NA,NA,NA,NA,NA,NA,NA,NA,NA,NA,NA,NA,NA,NA,NA,NA,NA,NA,NA,0.00,NA,NA,NA
2025-06-25 08:00:00,NA,NA,NA,NA,NA,NA,NA,NA,NA,NA,NA,NA,NA,NA,NA,NA,NA,NA,NA,NA,0.00,NA,NA,NA
2025-06-25 09:00:00,NA,NA,NA,NA,NA,NA,NA,NA,NA,NA,NA,NA,NA,NA,NA,NA,NA,NA,NA,NA,0.00,NA,NA,NA
2025-06-25 10:00:00,NA,NA,NA,NA,NA,NA,NA,NA,NA,NA,NA,NA,NA,NA,NA,NA,NA,NA,NA,NA,0.00,NA,NA,NA
2025-06-25 11:00:00,NA,NA,NA,NA,NA,NA,NA,NA,NA,NA,NA,NA,NA,NA,NA,NA,NA,NA,NA,NA,0.00,NA,NA,NA
2025-06-25 12:00:00,NA,NA,NA,NA,NA,NA,NA,NA,NA,NA,NA,NA,NA,NA,NA,NA,NA,NA,NA,NA,0.00,NA,NA,NA
2025-06-25 13:00:00,NA,NA,NA,NA,NA,NA,NA,NA,NA,NA,NA,NA,NA,NA,NA,NA,NA,NA,NA,NA,0.00,NA,NA,NA
2025-06-25 14:00:00,NA,NA,NA,NA,NA,NA,NA,NA,NA,NA,NA,NA,NA,NA,NA,NA,NA,NA,NA,NA,0.00,NA,NA,NA
2025-06-25 15:00:00,NA,NA,NA,NA,NA,NA,NA,NA,NA,NA,NA,NA,NA,NA,NA,NA,NA,NA,NA,NA,0.00,NA,NA,NA
2025-06-25 16:00:00,NA,NA,NA,NA,NA,NA,NA,NA,NA,NA,NA,NA,NA,NA,NA,NA,NA,NA,NA,NA,0.00,NA,NA,NA
2025-06-25 17:00:00,NA,NA,NA,NA,NA,NA,NA,NA,NA,NA,NA,NA,NA,NA,NA,NA,NA,NA,NA,NA,0.00,NA,NA,NA
2025-06-25 18:00:00,NA,NA,NA,NA,NA,NA,NA,NA,NA,NA,NA,NA,NA,NA,NA,NA,NA,NA,NA,NA,0.00,NA,NA,NA
2025-06-25 19:00:00,NA,NA,NA,NA,NA,NA,NA,NA,NA,NA,NA,NA,NA,NA,NA,NA,NA,NA,NA,NA,0.00,NA,NA,NA
2025-06-25 20:00:00,NA,NA,NA,NA,NA,NA,NA,NA,NA,NA,NA,NA,NA,NA,NA,NA,NA,NA,NA,NA,0.00,NA,NA,NA
2025-06-25 21:00:00,NA,NA,NA,NA,NA,NA,NA,NA,NA,NA,NA,NA,NA,NA,NA,NA,NA,NA,NA,NA,0.00,NA,NA,NA
2025-06-25 22:00:00,NA,NA,NA,NA,NA,NA,NA,NA,NA,NA,NA,NA,NA,NA,NA,NA,NA,NA,NA,NA,0.00,NA,NA,NA
2025-06-25 23:00:00,NA,NA,NA,NA,NA,NA,NA,NA,NA,NA,NA,NA,NA,NA,NA,NA,NA,NA,NA,NA,0.00,NA,NA,NA
2025-06-26 00:00:00,NA,NA,NA,NA,NA,NA,NA,NA,NA,NA,NA,NA,NA,NA,NA,NA,NA,NA,NA,NA,0.00,NA,NA,NA
2025-06-26 01:00:00,NA,NA,NA,NA,NA,NA,NA,NA,NA,NA,NA,NA,NA,NA,NA,NA,NA,NA,NA,NA,0.00,NA,NA,NA
2025-06-26 02:00:00,NA,NA,NA,NA,NA,NA,NA,NA,NA,NA,NA,NA,NA,NA,NA,NA,NA,NA,NA,NA,0.00,NA,NA,NA
2025-06-26 03:00:00,NA,NA,NA,NA,NA,NA,NA,NA,NA,NA,NA,NA,NA,NA,NA,NA,NA,NA,NA,NA,0.00,NA,NA,NA
2025-06-26 04:00:00,NA,NA,NA,NA,NA,NA,NA,NA,NA,NA,NA,NA,NA,NA,NA,NA,NA,NA,NA,NA,0.00,NA,NA,NA
2025-06-26 05:00:00,NA,NA,NA,NA,NA,NA,NA,NA,NA,NA,NA,NA,NA,NA,NA,NA,NA,NA,NA,NA,0.00,NA,NA,NA
2025-06-26 06:00:00,NA,NA,NA,NA,NA,NA,NA,NA,NA,NA,NA,NA,NA,NA,NA,NA,NA,NA,NA,NA,0.00,NA,NA,NA
2025-06-26 07:00:00,NA,NA,NA,NA,NA,NA,NA,NA,NA,NA,NA,NA,NA,NA,NA,NA,NA,NA,NA,NA,0.00,NA,NA,NA
2025-06-26 08:00:00,NA,NA,NA,NA,NA,NA,NA,NA,NA,NA,NA,NA,NA,NA,NA,NA,NA,NA,NA,NA,0.00,NA,NA,NA
2025-06-26 09:00:00,NA,NA,NA,NA,NA,NA,NA,NA,NA,NA,NA,NA,NA,NA,NA,NA,NA,NA,NA,NA,0.00,NA,NA,NA
2025-06-26 10:00:00,NA,NA,NA,NA,NA,NA,NA,NA,NA,NA,NA,NA,NA,NA,NA,NA,NA,NA,NA,NA,0.00,NA,NA,NA
2025-06-26 11:00:00,NA,NA,NA,NA,NA,NA,NA,NA,NA,NA,NA,NA,NA,NA,NA,NA,NA,NA,NA,NA,0.00,NA,NA,NA
2025-06-26 12:00:00,NA,NA,NA,NA,NA,NA,NA,NA,NA,NA,NA,NA,NA,NA,NA,NA,NA,NA,NA,NA,0.00,NA,NA,NA
2025-06-26 13:00:00,NA,NA,NA,NA,NA,NA,NA,NA,NA,NA,NA,NA,NA,NA,NA,NA,NA,NA,NA,NA,0.00,NA,NA,NA
2025-06-26 14:00:00,NA,NA,NA,NA,NA,NA,NA,NA,NA,NA,NA,NA,NA,NA,NA,NA,NA,NA,NA,NA,0.00,NA,NA,NA
2025-06-26 15:00:00,NA,NA,NA,NA,NA,NA,NA,NA,NA,NA,NA,NA,NA,NA,NA,NA,NA,NA,NA,NA,0.00,NA,NA,NA
2025-06-26 16:00:00,NA,NA,NA,NA,NA,NA,NA,NA,NA,NA,NA,NA,NA,NA,NA,NA,NA,NA,NA,NA,0.00,NA,NA,NA
2025-06-26 17:00:00,NA,NA,NA,NA,NA,NA,NA,NA,NA,NA,NA,NA,NA,NA,NA,NA,NA,NA,NA,NA,0.00,NA,NA,NA
2025-06-26 18:00:00,NA,NA,NA,NA,NA,NA,NA,NA,NA,NA,NA,NA,NA,NA,NA,NA,NA,NA,NA,NA,0.00,NA,NA,NA
2025-06-26 19:00:00,NA,NA,NA,NA,NA,NA,NA,NA,NA,NA,NA,NA,NA,NA,NA,NA,NA,NA,NA,NA,0.00,NA,NA,NA
2025-06-26 20:00:00,NA,NA,NA,NA,NA,NA,NA,NA,NA,NA,NA,NA,NA,NA,NA,NA,NA,NA,NA,NA,0.00,NA,NA,NA
2025-06-26 21:00:00,NA,NA,NA,NA,NA,NA,NA,NA,NA,NA,NA,NA,NA,NA,NA,NA,NA,NA,NA,NA,0.00,NA,NA,NA
2025-06-26 22:00:00,NA,NA,NA,NA,NA,NA,NA,NA,NA,NA,NA,NA,NA,NA,NA,NA,NA,NA,NA,NA,0.00,NA,NA,NA
2025-06-26 23:00:00,NA,NA,NA,NA,NA,NA,NA,NA,NA,NA,NA,NA,NA,NA,NA,NA,NA,NA,NA,NA,0.00,NA,NA,NA
2025-06-27 00:00:00,NA,NA,NA,NA,NA,NA,NA,NA,NA,NA,NA,NA,NA,NA,NA,NA,NA,NA,NA,NA,0.00,NA,NA,NA
2025-06-27 01:00:00,NA,NA,NA,NA,NA,NA,NA,NA,NA,NA,NA,NA,NA,NA,NA,NA,NA,NA,NA,NA,0.00,NA,NA,NA
2025-06-27 02:00:00,NA,NA,NA,NA,NA,NA,NA,NA,NA,NA,NA,NA,NA,NA,NA,NA,NA,NA,NA,NA,0.00,NA,NA,NA
2025-06-27 03:00:00,NA,NA,NA,NA,NA,NA,NA,NA,NA,NA,NA,NA,NA,NA,NA,NA,NA,NA,NA,NA,0.00,NA,NA,NA
2025-06-27 04:00:00,NA,NA,NA,NA,NA,NA,NA,NA,NA,NA,NA,NA,NA,NA,NA,NA,NA,NA,NA,NA,0.00,NA,NA,NA
2025-06-27 05:00:00,NA,NA,NA,NA,NA,NA,NA,NA,NA,NA,NA,NA,NA,NA,NA,NA,NA,NA,NA,NA,0.00,NA,NA,NA
2025-06-27 06:00:00,NA,NA,NA,NA,NA,NA,NA,NA,NA,NA,NA,NA,NA,NA,NA,NA,NA,NA,NA,NA,0.00,NA,NA,NA
2025-06-27 07:00:00,NA,NA,NA,NA,NA,NA,NA,NA,NA,NA,NA,NA,NA,NA,NA,NA,NA,NA,NA,NA,0.00,NA,NA,NA
2025-06-27 08:00:00,NA,NA,NA,NA,NA,NA,NA,NA,NA,NA,NA,NA,NA,NA,NA,NA,NA,NA,NA,NA,0.00,NA,NA,NA
2025-06-27 09:00:00,NA,NA,NA,NA,NA,NA,NA,NA,NA,NA,NA,NA,NA,NA,NA,NA,NA,NA,NA,NA,0.00,NA,NA,NA
2025-06-27 10:00:00,NA,NA,NA,NA,NA,NA,NA,NA,NA,NA,NA,NA,NA,NA,NA,NA,NA,NA,NA,NA,0.00,NA,NA,NA
2025-06-27 11:00:00,NA,NA,NA,NA,NA,NA,NA,NA,NA,NA,NA,NA,NA,NA,NA,NA,NA,NA,NA,NA,0.00,NA,NA,NA
2025-06-27 12:00:00,NA,NA,NA,NA,NA,NA,NA,NA,NA,NA,NA,NA,NA,NA,NA,NA,NA,NA,NA,NA,0.00,NA,NA,NA
2025-06-27 13:00:00,NA,NA,NA,NA,NA,NA,NA,NA,NA,NA,NA,NA,NA,NA,NA,NA,NA,NA,NA,NA,0.00,NA,NA,NA
2025-06-27 14:00:00,NA,NA,NA,NA,NA,NA,NA,NA,NA,NA,NA,NA,NA,NA,NA,NA,NA,NA,NA,NA,0.00,NA,NA,NA
2025-06-27 15:00:00,NA,NA,NA,NA,NA,NA,NA,NA,NA,NA,NA,NA,NA,NA,NA,NA,NA,NA,NA,NA,0.00,NA,NA,NA
2025-06-27 16:00:00,NA,NA,NA,NA,NA,NA,NA,NA,NA,NA,NA,NA,NA,NA,NA,NA,NA,NA,NA,NA,0.00,NA,NA,NA
2025-06-27 17:00:00,NA,NA,NA,NA,NA,NA,NA,NA,NA,NA,NA,NA,NA,NA,NA,NA,NA,NA,NA,NA,0.00,NA,NA,NA
2025-06-27 18:00:00,NA,NA,NA,NA,NA,NA,NA,NA,NA,NA,NA,NA,NA,NA,NA,NA,NA,NA,NA,NA,0.00,NA,NA,NA
2025-06-27 19:00:00,NA,NA,NA,NA,NA,NA,NA,NA,NA,NA,NA,NA,NA,NA,NA,NA,NA,NA,NA,NA,0.00,NA,NA,NA
2025-06-27 20:00:00,NA,NA,NA,NA,NA,NA,NA,NA,NA,NA,NA,NA,NA,NA,NA,NA,NA,NA,NA,NA,0.00,NA,NA,NA
2025-06-27 21:00:00,NA,NA,NA,NA,NA,NA,NA,NA,NA,NA,NA,NA,NA,NA,NA,NA,NA,NA,NA,NA,0.00,NA,NA,NA
2025-06-27 22:00:00,NA,NA,NA,NA,NA,NA,NA,NA,NA,NA,NA,NA,NA,NA,NA,NA,NA,NA,NA,NA,0.00,NA,NA,NA
2025-06-27 23:00:00,NA,NA,NA,NA,NA,NA,NA,NA,NA,NA,NA,NA,NA,NA,NA,NA,NA,NA,NA,NA,0.00,NA,NA,NA
2025-06-28 00:00:00,NA,NA,NA,NA,NA,NA,NA,NA,NA,NA,NA,NA,NA,NA,NA,NA,NA,NA,NA,NA,0.00,NA,NA,NA
2025-06-28 01:00:00,NA,NA,NA,NA,NA,NA,NA,NA,NA,NA,NA,NA,NA,NA,NA,NA,NA,NA,NA,NA,0.00,NA,NA,NA
2025-06-28 02:00:00,NA,NA,NA,NA,NA,NA,NA,NA,NA,NA,NA,NA,NA,NA,NA,NA,NA,NA,NA,NA,0.00,NA,NA,NA
2025-06-28 03:00:00,NA,NA,NA,NA,NA,NA,NA,NA,NA,NA,NA,NA,NA,NA,NA,NA,NA,NA,NA,NA,0.00,NA,NA,NA
2025-06-28 04:00:00,NA,NA,NA,NA,NA,NA,NA,NA,NA,NA,NA,NA,NA,NA,NA,NA,NA,NA,NA,NA,0.00,NA,NA,NA
2025-06-28 05:00:00,NA,NA,NA,NA,NA,NA,NA,NA,NA,NA,NA,NA,NA,NA,NA,NA,NA,NA,NA,NA,0.00,NA,NA,NA
2025-06-28 06:00:00,NA,NA,NA,NA,NA,NA,NA,NA,NA,NA,NA,NA,NA,NA,NA,NA,NA,NA,NA,NA,0.00,NA,NA,NA
2025-06-28 07:00:00,NA,NA,NA,NA,NA,NA,NA,NA,NA,NA,NA,NA,NA,NA,NA,NA,NA,NA,NA,NA,0.00,NA,NA,NA
2025-06-28 08:00:00,NA,NA,NA,NA,NA,NA,NA,NA,NA,NA,NA,NA,NA,NA,NA,NA,NA,NA,NA,NA,0.00,NA,NA,NA
2025-06-28 09:00:00,NA,NA,NA,NA,NA,NA,NA,NA,NA,NA,NA,NA,NA,NA,NA,NA,NA,NA,NA,NA,0.00,NA,NA,NA
2025-06-28 10:00:00,NA,NA,NA,NA,NA,NA,NA,NA,NA,NA,NA,NA,NA,NA,NA,NA,NA,NA,NA,NA,0.00,NA,NA,NA
2025-06-28 11:00:00,NA,NA,NA,NA,NA,NA,NA,NA,NA,NA,NA,NA,NA,NA,NA,NA,NA,NA,NA,NA,0.00,NA,NA,NA
2025-06-28 12:00:00,NA,NA,NA,NA,NA,NA,NA,NA,NA,NA,NA,NA,NA,NA,NA,NA,NA,NA,NA,NA,0.00,NA,NA,NA
2025-06-28 13:00:00,NA,NA,NA,NA,NA,NA,NA,NA,NA,NA,NA,NA,NA,NA,NA,NA,NA,NA,NA,NA,0.00,NA,NA,NA
2025-06-28 14:00:00,NA,NA,NA,NA,NA,NA,NA,NA,NA,NA,NA,NA,NA,NA,NA,NA,NA,NA,NA,NA,0.00,NA,NA,NA
2025-06-28 15:00:00,NA,NA,NA,NA,NA,NA,NA,NA,NA,NA,NA,NA,NA,NA,NA,NA,NA,NA,NA,NA,0.00,NA,NA,NA
2025-06-28 16:00:00,NA,NA,NA,NA,NA,NA,NA,NA,NA,NA,NA,NA,NA,NA,NA,NA,NA,NA,NA,NA,0.00,NA,NA,NA
2025-06-28 17:00:00,NA,NA,NA,NA,NA,NA,NA,NA,NA,NA,NA,NA,NA,NA,NA,NA,NA,NA,NA,NA,0.00,NA,NA,NA
2025-06-28 18:00:00,NA,NA,NA,NA,NA,NA,NA,NA,NA,NA,NA,NA,NA,NA,NA,NA,NA,NA,NA,NA,0.00,NA,NA,NA
2025-06-28 19:00:00,NA,NA,NA,NA,NA,NA,NA,NA,NA,NA,NA,NA,NA,NA,NA,NA,NA,NA,NA,NA,0.00,NA,NA,NA
2025-06-28 20:00:00,NA,NA,NA,NA,NA,NA,NA,NA,NA,NA,NA,NA,NA,NA,NA,NA,NA,NA,NA,NA,0.00,NA,NA,NA
2025-06-28 21:00:00,NA,NA,NA,NA,NA,NA,NA,NA,NA,NA,NA,NA,NA,NA,NA,NA,NA,NA,NA,NA,0.00,NA,NA,NA
2025-06-28 22:00:00,NA,NA,NA,NA,NA,NA,NA,NA,NA,NA,NA,NA,NA,NA,NA,NA,NA,NA,NA,NA,0.00,NA,NA,NA
2025-06-28 23:00:00,NA,NA,NA,NA,NA,NA,NA,NA,NA,NA,NA,NA,NA,NA,NA,NA,NA,NA,NA,NA,0.00,NA,NA,NA
2025-06-29 00:00:00,NA,NA,NA,NA,NA,NA,NA,NA,NA,NA,NA,NA,NA,NA,NA,NA,NA,NA,NA,NA,0.00,NA,NA,NA
2025-06-29 01:00:00,NA,NA,NA,NA,NA,NA,NA,NA,NA,NA,NA,NA,NA,NA,NA,NA,NA,NA,NA,NA,0.00,NA,NA,NA
2025-06-29 02:00:00,NA,NA,NA,NA,NA,NA,NA,NA,NA,NA,NA,NA,NA,NA,NA,NA,NA,NA,NA,NA,0.00,NA,NA,NA
2025-06-29 03:00:00,NA,NA,NA,NA,NA,NA,NA,NA,NA,NA,NA,NA,NA,NA,NA,NA,NA,NA,NA,NA,0.00,NA,NA,NA
2025-06-29 04:00:00,NA,NA,NA,NA,NA,NA,NA,NA,NA,NA,NA,NA,NA,NA,NA,NA,NA,NA,NA,NA,0.00,NA,NA,NA
2025-06-29 05:00:00,NA,NA,NA,NA,NA,NA,NA,NA,NA,NA,NA,NA,NA,NA,NA,NA,NA,NA,NA,NA,0.00,NA,NA,NA
2025-06-29 06:00:00,NA,NA,NA,NA,NA,NA,NA,NA,NA,NA,NA,NA,NA,NA,NA,NA,NA,NA,NA,NA,0.00,NA,NA,NA
2025-06-29 07:00:00,NA,NA,NA,NA,NA,NA,NA,NA,NA,NA,NA,NA,NA,NA,NA,NA,NA,NA,NA,NA,0.00,NA,NA,NA
2025-06-29 08:00:00,NA,NA,NA,NA,NA,NA,NA,NA,NA,NA,NA,NA,NA,NA,NA,NA,NA,NA,NA,NA,0.00,NA,NA,NA
2025-06-29 09:00:00,NA,NA,NA,NA,NA,NA,NA,NA,NA,NA,NA,NA,NA,NA,NA,NA,NA,NA,NA,NA,0.00,NA,NA,NA
2025-06-29 10:00:00,NA,NA,NA,NA,NA,NA,NA,NA,NA,NA,NA,NA,NA,NA,NA,NA,NA,NA,NA,NA,0.00,NA,NA,NA
2025-06-29 11:00:00,NA,NA,NA,NA,NA,NA,NA,NA,NA,NA,NA,NA,NA,NA,NA,NA,NA,NA,NA,NA,0.00,NA,NA,NA
2025-06-29 12:00:00,NA,NA,NA,NA,NA,NA,NA,NA,NA,NA,NA,NA,NA,NA,NA,NA,NA,NA,NA,NA,0.00,NA,NA,NA
2025-06-29 13:00:00,NA,NA,NA,NA,NA,NA,NA,NA,NA,NA,NA,NA,NA,NA,NA,NA,NA,NA,NA,NA,0.00,NA,NA,NA
2025-06-29 14:00:00,NA,NA,NA,NA,NA,NA,NA,NA,NA,NA,NA,NA,NA,NA,NA,NA,NA,NA,NA,NA,0.00,NA,NA,NA
2025-06-29 15:00:00,NA,NA,NA,NA,NA,NA,NA,NA,NA,NA,NA,NA,NA,NA,NA,NA,NA,NA,NA,NA,0.00,NA,NA,NA
2025-06-29 16:00:00,NA,NA,NA,NA,NA,NA,NA,NA,NA,NA,NA,NA,NA,NA,NA,NA,NA,NA,NA,NA,0.00,NA,NA,NA
2025-06-29 17:00:00,NA,NA,NA,NA,NA,NA,NA,NA,NA,NA,NA,NA,NA,NA,NA,NA,NA,NA,NA,NA,0.00,NA,NA,NA
2025-06-29 18:00:00,NA,NA,NA,NA,NA,NA,NA,NA,NA,NA,NA,NA,NA,NA,NA,NA,NA,NA,NA,NA,0.00,NA,NA,NA
2025-06-29 19:00:00,NA,NA,NA,NA,NA,NA,NA,NA,NA,NA,NA,NA,NA,NA,NA,NA,NA,NA,NA,NA,0.00,NA,NA,NA
2025-06-29 20:00:00,NA,NA,NA,NA,NA,NA,NA,NA,NA,NA,NA,NA,NA,NA,NA,NA,NA,NA,NA,NA,0.00,NA,NA,NA
2025-06-29 21:00:00,NA,NA,NA,NA,NA,NA,NA,NA,NA,NA,NA,NA,NA,NA,NA,NA,NA,NA,NA,NA,0.00,NA,NA,NA
2025-06-29 22:00:00,NA,NA,NA,NA,NA,NA,NA,NA,NA,NA,NA,NA,NA,NA,NA,NA,NA,NA,NA,NA,0.00,NA,NA,NA
2025-06-29 23:00:00,NA,NA,NA,NA,NA,NA,NA,NA,NA,NA,NA,NA,NA,NA,NA,NA,NA,NA,NA,NA,0.00,NA,NA,NA
2025-06-30 00:00:00,NA,NA,NA,NA,NA,NA,NA,NA,NA,NA,NA,NA,NA,NA,NA,NA,NA,NA,NA,NA,0.00,NA,NA,NA
2025-06-30 01:00:00,NA,NA,NA,NA,NA,NA,NA,NA,NA,NA,NA,NA,NA,NA,NA,NA,NA,NA,NA,NA,0.00,NA,NA,NA
2025-06-30 02:00:00,NA,NA,NA,NA,NA,NA,NA,NA,NA,NA,NA,NA,NA,NA,NA,NA,NA,NA,NA,NA,0.00,NA,NA,NA
2025-06-30 03:00:00,NA,NA,NA,NA,NA,NA,NA,NA,NA,NA,NA,NA,NA,NA,NA,NA,NA,NA,NA,NA,0.00,NA,NA,NA
2025-06-30 04:00:00,NA,NA,NA,NA,NA,NA,NA,NA,NA,NA,NA,NA,NA,NA,NA,NA,NA,NA,NA,NA,0.00,NA,NA,NA
2025-06-30 05:00:00,NA,NA,NA,NA,NA,NA,NA,NA,NA,NA,NA,NA,NA,NA,NA,NA,NA,NA,NA,NA,0.00,NA,NA,NA
2025-06-30 06:00:00,NA,NA,NA,NA,NA,NA,NA,NA,NA,NA,NA,NA,NA,NA,NA,NA,NA,NA,NA,NA,0.00,NA,NA,NA
2025-06-30 07:00:00,NA,NA,NA,NA,NA,NA,NA,NA,NA,NA,NA,NA,NA,NA,NA,NA,NA,NA,NA,NA,0.00,NA,NA,NA
2025-06-30 08:00:00,NA,NA,NA,NA,NA,NA,NA,NA,NA,NA,NA,NA,NA,NA,NA,NA,NA,NA,NA,NA,0.00,NA,NA,NA
2025-06-30 09:00:00,NA,NA,NA,NA,NA,NA,NA,NA,NA,NA,NA,NA,NA,NA,NA,NA,NA,NA,NA,NA,0.00,NA,NA,NA
2025-06-30 10:00:00,NA,NA,NA,NA,NA,NA,NA,NA,NA,NA,NA,NA,NA,NA,NA,NA,NA,NA,NA,NA,0.00,NA,NA,NA
2025-06-30 11:00:00,NA,NA,NA,NA,NA,NA,NA,NA,NA,NA,NA,NA,NA,NA,NA,NA,NA,NA,NA,NA,0.00,NA,NA,NA
2025-06-30 12:00:00,NA,NA,NA,NA,NA,NA,NA,NA,NA,NA,NA,NA,NA,NA,NA,NA,NA,NA,NA,NA,0.00,NA,NA,NA
2025-06-30 13:00:00,NA,NA,NA,NA,NA,NA,NA,NA,NA,NA,NA,NA,NA,NA,NA,NA,NA,NA,NA,NA,0.00,NA,NA,NA
2025-06-30 14:00:00,NA,NA,NA,NA,NA,NA,NA,NA,NA,NA,NA,NA,NA,NA,NA,NA,NA,NA,NA,NA,0.00,NA,NA,NA
2025-06-30 15:00:00,NA,NA,NA,NA,NA,NA,NA,NA,NA,NA,NA,NA,NA,NA,NA,NA,NA,NA,NA,NA,0.00,NA,NA,NA
2025-06-30 16:00:00,NA,NA,NA,NA,NA,NA,NA,NA,NA,NA,NA,NA,NA,NA,NA,NA,NA,NA,NA,NA,0.00,NA,NA,NA
2025-06-30 17:00:00,NA,NA,NA,NA,NA,NA,NA,NA,NA,NA,NA,NA,NA,NA,NA,NA,NA,NA,NA,NA,0.00,NA,NA,NA
2025-06-30 18:00:00,NA,NA,NA,NA,NA,NA,NA,NA,NA,NA,NA,NA,NA,NA,NA,NA,NA,NA,NA,NA,0.00,NA,NA,NA
2025-06-30 19:00:00,NA,NA,NA,NA,NA,NA,NA,NA,NA,NA,NA,NA,NA,NA,NA,NA,NA,NA,NA,NA,0.00,NA,NA,NA
2025-06-30 20:00:00,NA,NA,NA,NA,NA,NA,NA,NA,NA,NA,NA,NA,NA,NA,NA,NA,NA,NA,NA,NA,0.00,NA,NA,NA
2025-06-30 21:00:00,NA,NA,NA,NA,NA,NA,NA,NA,NA,NA,NA,NA,NA,NA,NA,NA,NA,NA,NA,NA,0.00,NA,NA,NA
2025-06-30 22:00:00,NA,NA,NA,NA,NA,NA,NA,NA,NA,NA,NA,NA,NA,NA,NA,NA,NA,NA,NA,NA,0.00,NA,NA,NA
2025-06-30 23:00:00,NA,NA,NA,NA,NA,NA,NA,NA,NA,NA,NA,NA,NA,NA,NA,NA,NA,NA,NA,NA,0.00,NA,NA,NA
2025-07-01 00:00:00,NA,NA,NA,NA,NA,NA,NA,NA,NA,NA,NA,NA,NA,NA,NA,NA,NA,NA,NA,NA,0.00,NA,NA,NA
2025-07-01 01:00:00,NA,NA,NA,NA,NA,NA,NA,NA,NA,NA,NA,NA,NA,NA,NA,NA,NA,NA,NA,NA,0.00,NA,NA,NA
2025-07-01 02:00:00,NA,NA,NA,NA,NA,NA,NA,NA,NA,NA,NA,NA,NA,NA,NA,NA,NA,NA,NA,NA,0.00,NA,NA,NA
2025-07-01 03:00:00,NA,NA,NA,NA,NA,NA,NA,NA,NA,NA,NA,NA,NA,NA,NA,NA,NA,NA,NA,NA,0.00,NA,NA,NA
2025-07-01 04:00:00,NA,NA,NA,NA,NA,NA,NA,NA,NA,NA,NA,NA,NA,NA,NA,NA,NA,NA,NA,NA,0.00,NA,NA,NA
2025-07-01 05:00:00,NA,NA,NA,NA,NA,NA,NA,NA,NA,NA,NA,NA,NA,NA,NA,NA,NA,NA,NA,NA,0.00,NA,NA,NA
2025-07-01 06:00:00,NA,NA,NA,NA,NA,NA,NA,NA,NA,NA,NA,NA,NA,NA,NA,NA,NA,NA,NA,NA,0.00,NA,NA,NA
2025-07-01 07:00:00,NA,NA,NA,NA,NA,NA,NA,NA,NA,NA,NA,NA,NA,NA,NA,NA,NA,NA,NA,NA,0.00,NA,NA,NA
2025-07-01 08:00:00,NA,NA,NA,NA,NA,NA,NA,NA,NA,NA,NA,NA,NA,NA,NA,NA,NA,NA,NA,NA,0.00,NA,NA,NA
2025-07-01 09:00:00,NA,NA,NA,NA,NA,NA,NA,NA,NA,NA,NA,NA,NA,NA,NA,NA,NA,NA,NA,NA,0.00,NA,NA,NA
2025-07-01 10:00:00,NA,NA,NA,NA,NA,NA,NA,NA,NA,NA,NA,NA,NA,NA,NA,NA,NA,NA,NA,NA,0.00,NA,NA,NA
2025-07-01 11:00:00,NA,NA,NA,NA,NA,NA,NA,NA,NA,NA,NA,NA,NA,NA,NA,NA,NA,NA,NA,NA,0.00,NA,NA,NA
2025-07-01 12:00:00,NA,NA,NA,NA,NA,NA,NA,NA,NA,NA,NA,NA,NA,NA,NA,NA,NA,NA,NA,NA,0.00,NA,NA,NA
2025-07-01 13:00:00,NA,NA,NA,NA,NA,NA,NA,NA,NA,NA,NA,NA,NA,NA,NA,NA,NA,NA,NA,NA,0.00,NA,NA,NA
2025-07-01 14:00:00,NA,NA,NA,NA,NA,NA,NA,NA,NA,NA,NA,NA,NA,NA,NA,NA,NA,NA,NA,NA,0.00,NA,NA,NA
2025-07-01 15:00:00,NA,NA,NA,NA,NA,NA,NA,NA,NA,NA,NA,NA,NA,NA,NA,NA,NA,NA,NA,NA,0.00,NA,NA,NA
2025-07-01 16:00:00,NA,NA,NA,NA,NA,NA,NA,NA,NA,NA,NA,NA,NA,NA,NA,NA,NA,NA,NA,NA,0.00,NA,NA,NA
2025-07-01 17:00:00,NA,NA,NA,NA,NA,NA,NA,NA,NA,NA,NA,NA,NA,NA,NA,NA,NA,NA,NA,NA,0.00,NA,NA,NA
2025-07-01 18:00:00,NA,NA,NA,NA,NA,NA,NA,NA,NA,NA,NA,NA,NA,NA,NA,NA,NA,NA,NA,NA,0.00,NA,NA,NA
2025-07-01 19:00:00,NA,NA,NA,NA,NA,NA,NA,NA,NA,NA,NA,NA,NA,NA,NA,NA,NA,NA,NA,NA,0.00,NA,NA,NA
2025-07-01 20:00:00,NA,NA,NA,NA,NA,NA,NA,NA,NA,NA,NA,NA,NA,NA,NA,NA,NA,NA,NA,NA,0.00,NA,NA,NA
2025-07-01 21:00:00,NA,NA,NA,NA,NA,NA,NA,NA,NA,NA,NA,NA,NA,NA,NA,NA,NA,NA,NA,NA,0.00,NA,NA,NA
2025-07-01 22:00:00,NA,NA,NA,NA,NA,NA,NA,NA,NA,NA,NA,NA,NA,NA,NA,NA,NA,NA,NA,NA,0.00,NA,NA,NA
2025-07-01 23:00:00,NA,NA,NA,NA,NA,NA,NA,NA,NA,NA,NA,NA,NA,NA,NA,NA,NA,NA,NA,NA,0.00,NA,NA,NA
2025-07-02 00:00:00,NA,NA,NA,NA,NA,NA,NA,NA,NA,NA,NA,NA,NA,NA,NA,NA,NA,NA,NA,NA,0.00,NA,NA,NA
2025-07-02 01:00:00,NA,NA,NA,NA,NA,NA,NA,NA,NA,NA,NA,NA,NA,NA,NA,NA,NA,NA,NA,NA,0.00,NA,NA,NA
2025-07-02 02:00:00,NA,NA,NA,NA,NA,NA,NA,NA,NA,NA,NA,NA,NA,NA,NA,NA,NA,NA,NA,NA,0.00,NA,NA,NA
2025-07-02 03:00:00,NA,NA,NA,NA,NA,NA,NA,NA,NA,NA,NA,NA,NA,NA,NA,NA,NA,NA,NA,NA,0.00,NA,NA,NA
2025-07-02 04:00:00,NA,NA,NA,NA,NA,NA,NA,NA,NA,NA,NA,NA,NA,NA,NA,NA,NA,NA,NA,NA,0.00,NA,NA,NA
2025-07-02 05:00:00,NA,NA,NA,NA,NA,NA,NA,NA,NA,NA,NA,NA,NA,NA,NA,NA,NA,NA,NA,NA,0.00,NA,NA,NA
2025-07-02 06:00:00,NA,NA,NA,NA,NA,NA,NA,NA,NA,NA,NA,NA,NA,NA,NA,NA,NA,NA,NA,NA,0.00,NA,NA,NA
2025-07-02 07:00:00,NA,NA,NA,NA,NA,NA,NA,NA,NA,NA,NA,NA,NA,NA,NA,NA,NA,NA,NA,NA,0.00,NA,NA,NA
2025-07-02 08:00:00,NA,NA,NA,NA,NA,NA,NA,NA,NA,NA,NA,NA,NA,NA,NA,NA,NA,NA,NA,NA,0.00,NA,NA,NA
2025-07-02 09:00:00,NA,NA,NA,NA,NA,NA,NA,NA,NA,NA,NA,NA,NA,NA,NA,NA,NA,NA,NA,NA,0.00,NA,NA,NA
2025-07-02 10:00:00,NA,NA,NA,NA,NA,NA,NA,NA,NA,NA,NA,NA,NA,NA,NA,NA,NA,NA,NA,NA,0.00,NA,NA,NA
2025-07-02 11:00:00,NA,NA,NA,NA,NA,NA,NA,NA,NA,NA,NA,NA,NA,NA,NA,NA,NA,NA,NA,NA,0.00,NA,NA,NA
2025-07-02 12:00:00,NA,NA,NA,NA,NA,NA,NA,NA,NA,NA,NA,NA,NA,NA,NA,NA,NA,NA,NA,NA,0.00,NA,NA,NA
2025-07-02 13:00:00,NA,NA,NA,NA,NA,NA,NA,NA,NA,NA,NA,NA,NA,NA,NA,NA,NA,NA,NA,NA,0.00,NA,NA,NA
2025-07-02 14:00:00,NA,NA,NA,NA,NA,NA,NA,NA,NA,NA,NA,NA,NA,NA,NA,NA,NA,NA,NA,NA,0.00,NA,NA,NA
2025-07-02 15:00:00,NA,NA,NA,NA,NA,NA,NA,NA,NA,NA,NA,NA,NA,NA,NA,NA,NA,NA,NA,NA,0.00,NA,NA,NA
2025-07-02 16:00:00,NA,NA,NA,NA,NA,NA,NA,NA,NA,NA,NA,NA,NA,NA,NA,NA,NA,NA,NA,NA,0.00,NA,NA,NA
2025-07-02 17:00:00,NA,NA,NA,NA,NA,NA,NA,NA,NA,NA,NA,NA,NA,NA,NA,NA,NA,NA,NA,NA,0.00,NA,NA,NA
2025-07-02 18:00:00,NA,NA,NA,NA,NA,NA,NA,NA,NA,NA,NA,NA,NA,NA,NA,NA,NA,NA,NA,NA,0.00,NA,NA,NA
2025-07-02 19:00:00,NA,NA,NA,NA,NA,NA,NA,NA,NA,NA,NA,NA,NA,NA,NA,NA,NA,NA,NA,NA,0.00,NA,NA,NA
2025-07-02 20:00:00,NA,NA,NA,NA,NA,NA,NA,NA,NA,NA,NA,NA,NA,NA,NA,NA,NA,NA,NA,NA,0.00,NA,NA,NA
2025-07-02 21:00:00,NA,NA,NA,NA,NA,NA,NA,NA,NA,NA,NA,NA,NA,NA,NA,NA,NA,NA,NA,NA,0.00,NA,NA,NA
2025-07-02 22:00:00,NA,NA,NA,NA,NA,NA,NA,NA,NA,NA,NA,NA,NA,NA,NA,NA,NA,NA,NA,NA,0.00,NA,NA,NA
2025-07-02 23:00:00,NA,NA,NA,NA,NA,NA,NA,NA,NA,NA,NA,NA,NA,NA,NA,NA,NA,NA,NA,NA,0.00,NA,NA,NA
2025-07-03 00:00:00,NA,NA,NA,NA,NA,NA,NA,NA,NA,NA,NA,NA,NA,NA,NA,NA,NA,NA,NA,NA,0.00,NA,NA,NA
2025-07-03 01:00:00,NA,NA,NA,NA,NA,NA,NA,NA,NA,NA,NA,NA,NA,NA,NA,NA,NA,NA,NA,NA,0.00,NA,NA,NA
2025-07-03 02:00:00,NA,NA,NA,NA,NA,NA,NA,NA,NA,NA,NA,NA,NA,NA,NA,NA,NA,NA,NA,NA,0.00,NA,NA,NA
2025-07-03 03:00:00,NA,NA,NA,NA,NA,NA,NA,NA,NA,NA,NA,NA,NA,NA,NA,NA,NA,NA,NA,NA,0.00,NA,NA,NA
2025-07-03 04:00:00,NA,NA,NA,NA,NA,NA,NA,NA,NA,NA,NA,NA,NA,NA,NA,NA,NA,NA,NA,NA,0.00,NA,NA,NA
2025-07-03 05:00:00,NA,NA,NA,NA,NA,NA,NA,NA,NA,NA,NA,NA,NA,NA,NA,NA,NA,NA,NA,NA,0.00,NA,NA,NA
2025-07-03 06:00:00,NA,NA,NA,NA,NA,NA,NA,NA,NA,NA,NA,NA,NA,NA,NA,NA,NA,NA,NA,NA,0.00,NA,NA,NA
2025-07-03 07:00:00,NA,NA,NA,NA,NA,NA,NA,NA,NA,NA,NA,NA,NA,NA,NA,NA,NA,NA,NA,NA,0.00,NA,NA,NA
2025-07-03 08:00:00,NA,NA,NA,NA,NA,NA,NA,NA,NA,NA,NA,NA,NA,NA,NA,NA,NA,NA,NA,NA,0.00,NA,NA,NA
2025-07-03 09:00:00,NA,NA,NA,NA,NA,NA,NA,NA,NA,NA,NA,NA,NA,NA,NA,NA,NA,NA,NA,NA,0.00,NA,NA,NA
2025-07-03 10:00:00,NA,NA,NA,NA,NA,NA,NA,NA,NA,NA,NA,NA,NA,NA,NA,NA,NA,NA,NA,NA,0.00,NA,NA,NA
2025-07-03 11:00:00,NA,NA,NA,NA,NA,NA,NA,NA,NA,NA,NA,NA,NA,NA,NA,NA,NA,NA,NA,NA,0.00,NA,NA,NA
2025-07-03 12:00:00,NA,NA,NA,NA,NA,NA,NA,NA,NA,NA,NA,NA,NA,NA,NA,NA,NA,NA,NA,NA,0.00,NA,NA,NA
2025-07-03 13:00:00,NA,NA,NA,NA,NA,NA,NA,NA,NA,NA,NA,NA,NA,NA,NA,NA,NA,NA,NA,NA,0.00,NA,NA,NA
2025-07-03 14:00:00,NA,NA,NA,NA,NA,NA,NA,NA,NA,NA,NA,NA,NA,NA,NA,NA,NA,NA,NA,NA,0.00,NA,NA,NA
2025-07-03 15:00:00,NA,NA,NA,NA,NA,NA,NA,NA,NA,NA,NA,NA,NA,NA,NA,NA,NA,NA,NA,NA,0.00,NA,NA,NA
2025-07-03 16:00:00,NA,NA,NA,NA,NA,NA,NA,NA,NA,NA,NA,NA,NA,NA,NA,NA,NA,NA,NA,NA,0.00,NA,NA,NA
2025-07-03 17:00:00,NA,NA,NA,NA,NA,NA,NA,NA,NA,NA,NA,NA,NA,NA,NA,NA,NA,NA,NA,NA,0.00,NA,NA,NA
2025-07-03 18:00:00,NA,NA,NA,NA,NA,NA,NA,NA,NA,NA,NA,NA,NA,NA,NA,NA,NA,NA,NA,NA,0.00,NA,NA,NA
2025-07-03 19:00:00,NA,NA,NA,NA,NA,NA,NA,NA,NA,NA,NA,NA,NA,NA,NA,NA,NA,NA,NA,NA,0.00,NA,NA,NA
2025-07-03 20:00:00,NA,NA,NA,NA,NA,NA,NA,NA,NA,NA,NA,NA,NA,NA,NA,NA,NA,NA,NA,NA,0.00,NA,NA,NA
2025-07-03 21:00:00,NA,NA,NA,NA,NA,NA,NA,NA,NA,NA,NA,NA,NA,NA,NA,NA,NA,NA,NA,NA,0.00,NA,NA,NA
2025-07-03 22:00:00,NA,NA,NA,NA,NA,NA,NA,NA,NA,NA,NA,NA,NA,NA,NA,NA,NA,NA,NA,NA,0.00,NA,NA,NA
2025-07-03 23:00:00,NA,NA,NA,NA,NA,NA,NA,NA,NA,NA,NA,NA,NA,NA,NA,NA,NA,NA,NA,NA,0.00,NA,NA,NA
2025-07-04 00:00:00,NA,NA,NA,NA,NA,NA,NA,NA,NA,NA,NA,NA,NA,NA,NA,NA,NA,NA,NA,NA,0.00,NA,NA,NA
2025-07-04 01:00:00,NA,NA,NA,NA,NA,NA,NA,NA,NA,NA,NA,NA,NA,NA,NA,NA,NA,NA,NA,NA,0.00,NA,NA,NA
2025-07-04 02:00:00,NA,NA,NA,NA,NA,NA,NA,NA,NA,NA,NA,NA,NA,NA,NA,NA,NA,NA,NA,NA,0.00,NA,NA,NA
2025-07-04 03:00:00,NA,NA,NA,NA,NA,NA,NA,NA,NA,NA,NA,NA,NA,NA,NA,NA,NA,NA,NA,NA,0.00,NA,NA,NA
2025-07-04 04:00:00,NA,NA,NA,NA,NA,NA,NA,NA,NA,NA,NA,NA,NA,NA,NA,NA,NA,NA,NA,NA,0.00,NA,NA,NA
2025-07-04 05:00:00,NA,NA,NA,NA,NA,NA,NA,NA,NA,NA,NA,NA,NA,NA,NA,NA,NA,NA,NA,NA,0.00,NA,NA,NA
2025-07-04 06:00:00,NA,NA,NA,NA,NA,NA,NA,NA,NA,NA,NA,NA,NA,NA,NA,NA,NA,NA,NA,NA,0.00,NA,NA,NA
2025-07-04 07:00:00,NA,NA,NA,NA,NA,NA,NA,NA,NA,NA,NA,NA,NA,NA,NA,NA,NA,NA,NA,NA,0.00,NA,NA,NA
2025-07-04 08:00:00,NA,NA,NA,NA,NA,NA,NA,NA,NA,NA,NA,NA,NA,NA,NA,NA,NA,NA,NA,NA,0.00,NA,NA,NA
2025-07-04 09:00:00,NA,NA,NA,NA,NA,NA,NA,NA,NA,NA,NA,NA,NA,NA,NA,NA,NA,NA,NA,NA,0.00,NA,NA,NA
2025-07-04 10:00:00,NA,NA,NA,NA,NA,NA,NA,NA,NA,NA,NA,NA,NA,NA,NA,NA,NA,NA,NA,NA,0.00,NA,NA,NA
2025-07-04 11:00:00,NA,NA,NA,NA,NA,NA,NA,NA,NA,NA,NA,NA,NA,NA,NA,NA,NA,NA,NA,NA,0.00,NA,NA,NA
2025-07-04 12:00:00,NA,NA,NA,NA,NA,NA,NA,NA,NA,NA,NA,NA,NA,NA,NA,NA,NA,NA,NA,NA,0.00,NA,NA,NA
2025-07-04 13:00:00,NA,NA,NA,NA,NA,NA,NA,NA,NA,NA,NA,NA,NA,NA,NA,NA,NA,NA,NA,NA,0.00,NA,NA,NA
2025-07-04 14:00:00,NA,NA,NA,NA,NA,NA,NA,NA,NA,NA,NA,NA,NA,NA,NA,NA,NA,NA,NA,NA,0.00,NA,NA,NA
2025-07-04 15:00:00,NA,NA,NA,NA,NA,NA,NA,NA,NA,NA,NA,NA,NA,NA,NA,NA,NA,NA,NA,NA,0.00,NA,NA,NA
2025-07-04 16:00:00,NA,NA,NA,NA,NA,NA,NA,NA,NA,NA,NA,NA,NA,NA,NA,NA,NA,NA,NA,NA,0.00,NA,NA,NA
2025-07-04 17:00:00,NA,NA,NA,NA,NA,NA,NA,NA,NA,NA,NA,NA,NA,NA,NA,NA,NA,NA,NA,NA,0.00,NA,NA,NA
2025-07-04 18:00:00,NA,NA,NA,NA,NA,NA,NA,NA,NA,NA,NA,NA,NA,NA,NA,NA,NA,NA,NA,NA,0.00,NA,NA,NA
2025-07-04 19:00:00,NA,NA,NA,NA,NA,NA,NA,NA,NA,NA,NA,NA,NA,NA,NA,NA,NA,NA,NA,NA,0.00,NA,NA,NA
2025-07-04 20:00:00,NA,NA,NA,NA,NA,NA,NA,NA,NA,NA,NA,NA,NA,NA,NA,NA,NA,NA,NA,NA,0.00,NA,NA,NA
2025-07-04 21:00:00,NA,NA,NA,NA,NA,NA,NA,NA,NA,NA,NA,NA,NA,NA,NA,NA,NA,NA,NA,NA,0.00,NA,NA,NA
2025-07-04 22:00:00,NA,NA,NA,NA,NA,NA,NA,NA,NA,NA,NA,NA,NA,NA,NA,NA,NA,NA,NA,NA,0.00,NA,NA,NA
2025-07-04 23:00:00,NA,NA,NA,NA,NA,NA,NA,NA,NA,NA,NA,NA,NA,NA,NA,NA,NA,NA,NA,NA,0.00,NA,NA,NA
2025-07-05 00:00:00,NA,NA,NA,NA,NA,NA,NA,NA,NA,NA,NA,NA,NA,NA,NA,NA,NA,NA,NA,NA,0.00,NA,NA,NA
2025-07-05 01:00:00,NA,NA,NA,NA,NA,NA,NA,NA,NA,NA,NA,NA,NA,NA,NA,NA,NA,NA,NA,NA,0.00,NA,NA,NA
2025-07-05 02:00:00,NA,NA,NA,NA,NA,NA,NA,NA,NA,NA,NA,NA,NA,NA,NA,NA,NA,NA,NA,NA,0.00,NA,NA,NA
2025-07-05 03:00:00,NA,NA,NA,NA,NA,NA,NA,NA,NA,NA,NA,NA,NA,NA,NA,NA,NA,NA,NA,NA,0.00,NA,NA,NA
2025-07-05 04:00:00,NA,NA,NA,NA,NA,NA,NA,NA,NA,NA,NA,NA,NA,NA,NA,NA,NA,NA,NA,NA,0.00,NA,NA,NA
2025-07-05 05:00:00,NA,NA,NA,NA,NA,NA,NA,NA,NA,NA,NA,NA,NA,NA,NA,NA,NA,NA,NA,NA,0.00,NA,NA,NA
2025-07-05 06:00:00,NA,NA,NA,NA,NA,NA,NA,NA,NA,NA,NA,NA,NA,NA,NA,NA,NA,NA,NA,NA,0.00,NA,NA,NA
2025-07-05 07:00:00,NA,NA,NA,NA,NA,NA,NA,NA,NA,NA,NA,NA,NA,NA,NA,NA,NA,NA,NA,NA,0.00,NA,NA,NA
2025-07-05 08:00:00,NA,NA,NA,NA,NA,NA,NA,NA,NA,NA,NA,NA,NA,NA,NA,NA,NA,NA,NA,NA,0.00,NA,NA,NA
2025-07-05 09:00:00,NA,NA,NA,NA,NA,NA,NA,NA,NA,NA,NA,NA,NA,NA,NA,NA,NA,NA,NA,NA,0.00,NA,NA,NA
2025-07-05 10:00:00,NA,NA,NA,NA,NA,NA,NA,NA,NA,NA,NA,NA,NA,NA,NA,NA,NA,NA,NA,NA,0.00,NA,NA,NA
2025-07-05 11:00:00,NA,NA,NA,NA,NA,NA,NA,NA,NA,NA,NA,NA,NA,NA,NA,NA,NA,NA,NA,NA,0.00,NA,NA,NA
2025-07-05 12:00:00,NA,NA,NA,NA,NA,NA,NA,NA,NA,NA,NA,NA,NA,NA,NA,NA,NA,NA,NA,NA,0.00,NA,NA,NA
2025-07-05 13:00:00,NA,NA,NA,NA,NA,NA,NA,NA,NA,NA,NA,NA,NA,NA,NA,NA,NA,NA,NA,NA,0.00,NA,NA,NA
2025-07-05 14:00:00,NA,NA,NA,NA,NA,NA,NA,NA,NA,NA,NA,NA,NA,NA,NA,NA,NA,NA,NA,NA,0.00,NA,NA,NA
2025-07-05 15:00:00,NA,NA,NA,NA,NA,NA,NA,NA,NA,NA,NA,NA,NA,NA,NA,NA,NA,NA,NA,NA,0.00,NA,NA,NA
2025-07-05 16:00:00,NA,NA,NA,NA,NA,NA,NA,NA,NA,NA,NA,NA,NA,NA,NA,NA,NA,NA,NA,NA,0.00,NA,NA,NA
2025-07-05 17:00:00,NA,NA,NA,NA,NA,NA,NA,NA,NA,NA,NA,NA,NA,NA,NA,NA,NA,NA,NA,NA,0.00,NA,NA,NA
2025-07-05 18:00:00,NA,NA,NA,NA,NA,NA,NA,NA,NA,NA,NA,NA,NA,NA,NA,NA,NA,NA,NA,NA,0.00,NA,NA,NA
2025-07-05 19:00:00,NA,NA,NA,NA,NA,NA,NA,NA,NA,NA,NA,NA,NA,NA,NA,NA,NA,NA,NA,NA,0.00,NA,NA,NA
2025-07-05 20:00:00,NA,NA,NA,NA,NA,NA,NA,NA,NA,NA,NA,NA,NA,NA,NA,NA,NA,NA,NA,NA,0.00,NA,NA,NA
2025-07-05 21:00:00,NA,NA,NA,NA,NA,NA,NA,NA,NA,NA,NA,NA,NA,NA,NA,NA,NA,NA,NA,NA,0.00,NA,NA,NA
2025-07-05 22:00:00,NA,NA,NA,NA,NA,NA,NA,NA,NA,NA,NA,NA,NA,NA,NA,NA,NA,NA,NA,NA,0.00,NA,NA,NA
2025-07-05 23:00:00,NA,NA,NA,NA,NA,NA,NA,NA,NA,NA,NA,NA,NA,NA,NA,NA,NA,NA,NA,NA,0.00,NA,NA,NA
2025-07-06 00:00:00,NA,NA,NA,NA,NA,NA,NA,NA,NA,NA,NA,NA,NA,NA,NA,NA,NA,NA,NA,NA,0.00,NA,NA,NA
2025-07-06 01:00:00,NA,NA,NA,NA,NA,NA,NA,NA,NA,NA,NA,NA,NA,NA,NA,NA,NA,NA,NA,NA,0.00,NA,NA,NA
2025-07-06 02:00:00,NA,NA,NA,NA,NA,NA,NA,NA,NA,NA,NA,NA,NA,NA,NA,NA,NA,NA,NA,NA,0.00,NA,NA,NA
2025-07-06 03:00:00,NA,NA,NA,NA,NA,NA,NA,NA,NA,NA,NA,NA,NA,NA,NA,NA,NA,NA,NA,NA,0.00,NA,NA,NA
2025-07-06 04:00:00,NA,NA,NA,NA,NA,NA,NA,NA,NA,NA,NA,NA,NA,NA,NA,NA,NA,NA,NA,NA,0.00,NA,NA,NA
2025-07-06 05:00:00,NA,NA,NA,NA,NA,NA,NA,NA,NA,NA,NA,NA,NA,NA,NA,NA,NA,NA,NA,NA,0.00,NA,NA,NA
2025-07-06 06:00:00,NA,NA,NA,NA,NA,NA,NA,NA,NA,NA,NA,NA,NA,NA,NA,NA,NA,NA,NA,NA,0.00,NA,NA,NA
2025-07-06 07:00:00,NA,NA,NA,NA,NA,NA,NA,NA,NA,NA,NA,NA,NA,NA,NA,NA,NA,NA,NA,NA,0.00,NA,NA,NA
2025-07-06 08:00:00,NA,NA,NA,NA,NA,NA,NA,NA,NA,NA,NA,NA,NA,NA,NA,NA,NA,NA,NA,NA,0.00,NA,NA,NA
2025-07-06 09:00:00,NA,NA,NA,NA,NA,NA,NA,NA,NA,NA,NA,NA,NA,NA,NA,NA,NA,NA,NA,NA,0.00,NA,NA,NA
2025-07-06 10:00:00,NA,NA,NA,NA,NA,NA,NA,NA,NA,NA,NA,NA,NA,NA,NA,NA,NA,NA,NA,NA,0.00,NA,NA,NA
2025-07-06 11:00:00,NA,NA,NA,NA,NA,NA,NA,NA,NA,NA,NA,NA,NA,NA,NA,NA,NA,NA,NA,NA,0.00,NA,NA,NA
2025-07-06 12:00:00,NA,NA,NA,NA,NA,NA,NA,NA,NA,NA,NA,NA,NA,NA,NA,NA,NA,NA,NA,NA,0.00,NA,NA,NA
2025-07-06 13:00:00,NA,NA,NA,NA,NA,NA,NA,NA,NA,NA,NA,NA,NA,NA,NA,NA,NA,NA,NA,NA,0.00,NA,NA,NA
2025-07-06 14:00:00,NA,NA,NA,NA,NA,NA,NA,NA,NA,NA,NA,NA,NA,NA,NA,NA,NA,NA,NA,NA,0.00,NA,NA,NA
2025-07-06 15:00:00,NA,NA,NA,NA,NA,NA,NA,NA,NA,NA,NA,NA,NA,NA,NA,NA,NA,NA,NA,NA,0.00,NA,NA,NA
2025-07-06 16:00:00,NA,NA,NA,NA,NA,NA,NA,NA,NA,NA,NA,NA,NA,NA,NA,NA,NA,NA,NA,NA,0.00,NA,NA,NA
2025-07-06 17:00:00,NA,NA,NA,NA,NA,NA,NA,NA,NA,NA,NA,NA,NA,NA,NA,NA,NA,NA,NA,NA,0.00,NA,NA,NA
2025-07-06 18:00:00,NA,NA,NA,NA,NA,NA,NA,NA,NA,NA,NA,NA,NA,NA,NA,NA,NA,NA,NA,NA,0.00,NA,NA,NA
2025-07-06 19:00:00,NA,NA,NA,NA,NA,NA,NA,NA,NA,NA,NA,NA,NA,NA,NA,NA,NA,NA,NA,NA,0.00,NA,NA,NA
2025-07-06 20:00:00,NA,NA,NA,NA,NA,NA,NA,NA,NA,NA,NA,NA,NA,NA,NA,NA,NA,NA,NA,NA,0.00,NA,NA,NA
2025-07-06 21:00:00,NA,NA,NA,NA,NA,NA,NA,NA,NA,NA,NA,NA,NA,NA,NA,NA,NA,NA,NA,NA,0.00,NA,NA,NA
2025-07-06 22:00:00,NA,NA,NA,NA,NA,NA,NA,NA,NA,NA,NA,NA,NA,NA,NA,NA,NA,NA,NA,NA,0.00,NA,NA,NA
2025-07-06 23:00:00,NA,NA,NA,NA,NA,NA,NA,NA,NA,NA,NA,NA,NA,NA,NA,NA,NA,NA,NA,NA,0.00,NA,NA,NA
2025-07-07 00:00:00,NA,NA,NA,NA,NA,NA,NA,NA,NA,NA,NA,NA,NA,NA,NA,NA,NA,NA,NA,NA,0.00,NA,NA,NA
2025-07-07 01:00:00,NA,NA,NA,NA,NA,NA,NA,NA,NA,NA,NA,NA,NA,NA,NA,NA,NA,NA,NA,NA,0.00,NA,NA,NA
2025-07-07 02:00:00,NA,NA,NA,NA,NA,NA,NA,NA,NA,NA,NA,NA,NA,NA,NA,NA,NA,NA,NA,NA,0.00,NA,NA,NA
2025-07-07 03:00:00,NA,NA,NA,NA,NA,NA,NA,NA,NA,NA,NA,NA,NA,NA,NA,NA,NA,NA,NA,NA,0.00,NA,NA,NA
2025-07-07 04:00:00,NA,NA,NA,NA,NA,NA,NA,NA,NA,NA,NA,NA,NA,NA,NA,NA,NA,NA,NA,NA,0.00,NA,NA,NA
2025-07-07 05:00:00,NA,NA,NA,NA,NA,NA,NA,NA,NA,NA,NA,NA,NA,NA,NA,NA,NA,NA,NA,NA,0.00,NA,NA,NA
2025-07-07 06:00:00,NA,NA,NA,NA,NA,NA,NA,NA,NA,NA,NA,NA,NA,NA,NA,NA,NA,NA,NA,NA,0.00,NA,NA,NA
2025-07-07 07:00:00,NA,NA,NA,NA,NA,NA,NA,NA,NA,NA,NA,NA,NA,NA,NA,NA,NA,NA,NA,NA,0.00,NA,NA,NA
2025-07-07 08:00:00,NA,NA,NA,NA,NA,NA,NA,NA,NA,NA,NA,NA,NA,NA,NA,NA,NA,NA,NA,NA,0.00,NA,NA,NA
2025-07-07 09:00:00,NA,NA,NA,NA,NA,NA,NA,NA,NA,NA,NA,NA,NA,NA,NA,NA,NA,NA,NA,NA,0.00,NA,NA,NA
2025-07-07 10:00:00,NA,NA,NA,NA,NA,NA,NA,NA,NA,NA,NA,NA,NA,NA,NA,NA,NA,NA,NA,NA,0.00,NA,NA,NA
2025-07-07 11:00:00,NA,NA,NA,NA,NA,NA,NA,NA,NA,NA,NA,NA,NA,NA,NA,NA,NA,NA,NA,NA,0.00,NA,NA,NA
2025-07-07 12:00:00,NA,NA,NA,NA,NA,NA,NA,NA,NA,NA,NA,NA,NA,NA,NA,NA,NA,NA,NA,NA,0.00,NA,NA,NA
2025-07-07 13:00:00,NA,NA,NA,NA,NA,NA,NA,NA,NA,NA,NA,NA,NA,NA,NA,NA,NA,NA,NA,NA,0.00,NA,NA,NA
2025-07-07 14:00:00,NA,NA,NA,NA,NA,NA,NA,NA,NA,NA,NA,NA,NA,NA,NA,NA,NA,NA,NA,NA,0.00,NA,NA,NA
2025-07-07 15:00:00,NA,NA,NA,NA,NA,NA,NA,NA,NA,NA,NA,NA,NA,NA,NA,NA,NA,NA,NA,NA,0.00,NA,NA,NA
2025-07-07 16:00:00,NA,NA,NA,NA,NA,NA,NA,NA,NA,NA,NA,NA,NA,NA,NA,NA,NA,NA,NA,NA,0.00,NA,NA,NA
2025-07-07 17:00:00,NA,NA,NA,NA,NA,NA,NA,NA,NA,NA,NA,NA,NA,NA,NA,NA,NA,NA,NA,NA,0.00,NA,NA,NA
2025-07-07 18:00:00,NA,NA,NA,NA,NA,NA,NA,NA,NA,NA,NA,NA,NA,NA,NA,NA,NA,NA,NA,NA,0.00,NA,NA,NA
2025-07-07 19:00:00,NA,NA,NA,NA,NA,NA,NA,NA,NA,NA,NA,NA,NA,NA,NA,NA,NA,NA,NA,NA,0.00,NA,NA,NA
2025-07-07 20:00:00,NA,NA,NA,NA,NA,NA,NA,NA,NA,NA,NA,NA,NA,NA,NA,NA,NA,NA,NA,NA,0.00,NA,NA,NA
2025-07-07 21:00:00,NA,NA,NA,NA,NA,NA,NA,NA,NA,NA,NA,NA,NA,NA,NA,NA,NA,NA,NA,NA,0.00,NA,NA,NA
2025-07-07 22:00:00,NA,NA,NA,NA,NA,NA,NA,NA,NA,NA,NA,NA,NA,NA,NA,NA,NA,NA,NA,NA,0.00,NA,NA,NA
2025-07-07 23:00:00,NA,NA,NA,NA,NA,NA,NA,NA,NA,NA,NA,NA,NA,NA,NA,NA,NA,NA,NA,NA,0.00,NA,NA,NA
2025-07-08 00:00:00,NA,NA,NA,NA,NA,NA,NA,NA,NA,NA,NA,NA,NA,NA,NA,NA,NA,NA,NA,NA,0.00,NA,NA,NA
2025-07-08 01:00:00,NA,NA,NA,NA,NA,NA,NA,NA,NA,NA,NA,NA,NA,NA,NA,NA,NA,NA,NA,NA,0.00,NA,NA,NA
2025-07-08 02:00:00,NA,NA,NA,NA,NA,NA,NA,NA,NA,NA,NA,NA,NA,NA,NA,NA,NA,NA,NA,NA,0.00,NA,NA,NA
2025-07-08 03:00:00,NA,NA,NA,NA,NA,NA,NA,NA,NA,NA,NA,NA,NA,NA,NA,NA,NA,NA,NA,NA,0.00,NA,NA,NA
2025-07-08 04:00:00,NA,NA,NA,NA,NA,NA,NA,NA,NA,NA,NA,NA,NA,NA,NA,NA,NA,NA,NA,NA,0.00,NA,NA,NA
2025-07-08 05:00:00,NA,NA,NA,NA,NA,NA,NA,NA,NA,NA,NA,NA,NA,NA,NA,NA,NA,NA,NA,NA,0.00,NA,NA,NA
2025-07-08 06:00:00,NA,NA,NA,NA,NA,NA,NA,NA,NA,NA,NA,NA,NA,NA,NA,NA,NA,NA,NA,NA,0.00,NA,NA,NA
2025-07-08 07:00:00,NA,NA,NA,NA,NA,NA,NA,NA,NA,NA,NA,NA,NA,NA,NA,NA,NA,NA,NA,NA,0.00,NA,NA,NA
2025-07-08 08:00:00,NA,NA,NA,NA,NA,NA,NA,NA,NA,NA,NA,NA,NA,NA,NA,NA,NA,NA,NA,NA,0.00,NA,NA,NA
2025-07-08 09:00:00,NA,NA,NA,NA,NA,NA,NA,NA,NA,NA,NA,NA,NA,NA,NA,NA,NA,NA,NA,NA,0.00,NA,NA,NA
2025-07-08 10:00:00,NA,NA,NA,NA,NA,NA,NA,NA,NA,NA,NA,NA,NA,NA,NA,NA,NA,NA,NA,NA,0.00,NA,NA,NA
2025-07-08 11:00:00,NA,NA,NA,NA,NA,NA,NA,NA,NA,NA,NA,NA,NA,NA,NA,NA,NA,NA,NA,NA,0.00,NA,NA,NA
2025-07-08 12:00:00,NA,NA,NA,NA,NA,NA,NA,NA,NA,NA,NA,NA,NA,NA,NA,NA,NA,NA,NA,NA,0.00,NA,NA,NA
2025-07-08 13:00:00,NA,NA,NA,NA,NA,NA,NA,NA,NA,NA,NA,NA,NA,NA,NA,NA,NA,NA,NA,NA,0.00,NA,NA,NA
2025-07-08 14:00:00,NA,NA,NA,NA,NA,NA,NA,NA,NA,NA,NA,NA,NA,NA,NA,NA,NA,NA,NA,NA,0.00,NA,NA,NA
2025-07-08 15:00:00,NA,NA,NA,NA,NA,NA,NA,NA,NA,NA,NA,NA,NA,NA,NA,NA,NA,NA,NA,NA,0.00,NA,NA,NA
2025-07-08 16:00:00,NA,NA,NA,NA,NA,NA,NA,NA,NA,NA,NA,NA,NA,NA,NA,NA,NA,NA,NA,NA,0.00,NA,NA,NA
2025-07-08 17:00:00,NA,NA,NA,NA,NA,NA,NA,NA,NA,NA,NA,NA,NA,NA,NA,NA,NA,NA,NA,NA,0.00,NA,NA,NA
2025-07-08 18:00:00,NA,NA,NA,NA,NA,NA,NA,NA,NA,NA,NA,NA,NA,NA,NA,NA,NA,NA,NA,NA,0.00,NA,NA,NA
2025-07-08 19:00:00,NA,NA,NA,NA,NA,NA,NA,NA,NA,NA,NA,NA,NA,NA,NA,NA,NA,NA,NA,NA,0.00,NA,NA,NA
2025-07-08 20:00:00,NA,NA,NA,NA,NA,NA,NA,NA,NA,NA,NA,NA,NA,NA,NA,NA,NA,NA,NA,NA,0.00,NA,NA,NA
2025-07-08 21:00:00,NA,NA,NA,NA,NA,NA,NA,NA,NA,NA,NA,NA,NA,NA,NA,NA,NA,NA,NA,NA,0.00,NA,NA,NA
2025-07-08 22:00:00,NA,NA,NA,NA,NA,NA,NA,NA,NA,NA,NA,NA,NA,NA,NA,NA,NA,NA,NA,NA,0.00,NA,NA,NA
2025-07-08 23:00:00,NA,NA,NA,NA,NA,NA,NA,NA,NA,NA,NA,NA,NA,NA,NA,NA,NA,NA,NA,NA,0.00,NA,NA,NA
2025-07-09 00:00:00,NA,NA,NA,NA,NA,NA,NA,NA,NA,NA,NA,NA,NA,NA,NA,NA,NA,NA,NA,NA,0.00,NA,NA,NA
2025-07-09 01:00:00,NA,NA,NA,NA,NA,NA,NA,NA,NA,NA,NA,NA,NA,NA,NA,NA,NA,NA,NA,NA,0.00,NA,NA,NA
2025-07-09 02:00:00,NA,NA,NA,NA,NA,NA,NA,NA,NA,NA,NA,NA,NA,NA,NA,NA,NA,NA,NA,NA,0.00,NA,NA,NA
2025-07-09 03:00:00,NA,NA,NA,NA,NA,NA,NA,NA,NA,NA,NA,NA,NA,NA,NA,NA,NA,NA,NA,NA,0.00,NA,NA,NA
2025-07-09 04:00:00,NA,NA,NA,NA,NA,NA,NA,NA,NA,NA,NA,NA,NA,NA,NA,NA,NA,NA,NA,NA,0.00,NA,NA,NA
2025-07-09 05:00:00,NA,NA,NA,NA,NA,NA,NA,NA,NA,NA,NA,NA,NA,NA,NA,NA,NA,NA,NA,NA,0.00,NA,NA,NA
2025-07-09 06:00:00,NA,NA,NA,NA,NA,NA,NA,NA,NA,NA,NA,NA,NA,NA,NA,NA,NA,NA,NA,NA,0.00,NA,NA,NA
2025-07-09 07:00:00,NA,NA,NA,NA,NA,NA,NA,NA,NA,NA,NA,NA,NA,NA,NA,NA,NA,NA,NA,NA,0.00,NA,NA,NA
2025-07-09 08:00:00,NA,NA,NA,NA,NA,NA,NA,NA,NA,NA,NA,NA,NA,NA,NA,NA,NA,NA,NA,NA,0.00,NA,NA,NA
2025-07-09 09:00:00,NA,NA,NA,NA,NA,NA,NA,NA,NA,NA,NA,NA,NA,NA,NA,NA,NA,NA,NA,NA,0.00,NA,NA,NA
2025-07-09 10:00:00,NA,NA,NA,NA,NA,NA,NA,NA,NA,NA,NA,NA,NA,NA,NA,NA,NA,NA,NA,NA,0.00,NA,NA,NA
2025-07-09 11:00:00,NA,NA,NA,NA,NA,NA,NA,NA,NA,NA,NA,NA,NA,NA,NA,NA,NA,NA,NA,NA,0.00,NA,NA,NA
2025-07-09 12:00:00,NA,NA,NA,NA,NA,NA,NA,NA,NA,NA,NA,NA,NA,NA,NA,NA,NA,NA,NA,NA,0.00,NA,NA,NA
2025-07-09 13:00:00,NA,NA,NA,NA,NA,NA,NA,NA,NA,NA,NA,NA,NA,NA,NA,NA,NA,NA,NA,NA,0.00,NA,NA,NA
2025-07-09 14:00:00,NA,NA,NA,NA,NA,NA,NA,NA,NA,NA,NA,NA,NA,NA,NA,NA,NA,NA,NA,NA,0.00,NA,NA,NA
2025-07-09 15:00:00,NA,NA,NA,NA,NA,NA,NA,NA,NA,NA,NA,NA,NA,NA,NA,NA,NA,NA,NA,NA,0.00,NA,NA,NA
2025-07-09 16:00:00,NA,NA,NA,NA,NA,NA,NA,NA,NA,NA,NA,NA,NA,NA,NA,NA,NA,NA,NA,NA,0.00,NA,NA,NA
2025-07-09 17:00:00,NA,NA,NA,NA,NA,NA,NA,NA,NA,NA,NA,NA,NA,NA,NA,NA,NA,NA,NA,NA,0.00,NA,NA,NA
2025-07-09 18:00:00,NA,NA,NA,NA,NA,NA,NA,NA,NA,NA,NA,NA,NA,NA,NA,NA,NA,NA,NA,NA,0.00,NA,NA,NA
2025-07-09 19:00:00,NA,NA,NA,NA,NA,NA,NA,NA,NA,NA,NA,NA,NA,NA,NA,NA,NA,NA,NA,NA,0.00,NA,NA,NA
2025-07-09 20:00:00,NA,NA,NA,NA,NA,NA,NA,NA,NA,NA,NA,NA,NA,NA,NA,NA,NA,NA,NA,NA,0.00,NA,NA,NA
2025-07-09 21:00:00,NA,NA,NA,NA,NA,NA,NA,NA,NA,NA,NA,NA,NA,NA,NA,NA,NA,NA,NA,NA,0.00,NA,NA,NA
2025-07-09 22:00:00,NA,NA,NA,NA,NA,NA,NA,NA,NA,NA,NA,NA,NA,NA,NA,NA,NA,NA,NA,NA,0.00,NA,NA,NA
2025-07-09 23:00:00,NA,NA,NA,NA,NA,NA,NA,NA,NA,NA,NA,NA,NA,NA,NA,NA,NA,NA,NA,NA,0.00,NA,NA,NA
2025-07-10 00:00:00,NA,NA,NA,NA,NA,NA,NA,NA,NA,NA,NA,NA,NA,NA,NA,NA,NA,NA,NA,NA,0.00,NA,NA,NA
2025-07-10 01:00:00,NA,NA,NA,NA,NA,NA,NA,NA,NA,NA,NA,NA,NA,NA,NA,NA,NA,NA,NA,NA,0.00,NA,NA,NA
2025-07-10 02:00:00,NA,NA,NA,NA,NA,NA,NA,NA,NA,NA,NA,NA,NA,NA,NA,NA,NA,NA,NA,NA,0.00,NA,NA,NA
2025-07-10 03:00:00,NA,NA,NA,NA,NA,NA,NA,NA,NA,NA,NA,NA,NA,NA,NA,NA,NA,NA,NA,NA,0.00,NA,NA,NA
2025-07-10 04:00:00,NA,NA,NA,NA,NA,NA,NA,NA,NA,NA,NA,NA,NA,NA,NA,NA,NA,NA,NA,NA,0.00,NA,NA,NA
2025-07-10 05:00:00,NA,NA,NA,NA,NA,NA,NA,NA,NA,NA,NA,NA,NA,NA,NA,NA,NA,NA,NA,NA,0.00,NA,NA,NA
2025-07-10 06:00:00,NA,NA,NA,NA,NA,NA,NA,NA,NA,NA,NA,NA,NA,NA,NA,NA,NA,NA,NA,NA,0.00,NA,NA,NA
2025-07-10 07:00:00,NA,NA,NA,NA,NA,NA,NA,NA,NA,NA,NA,NA,NA,NA,NA,NA,NA,NA,NA,NA,0.00,NA,NA,NA
2025-07-10 08:00:00,NA,NA,NA,NA,NA,NA,NA,NA,NA,NA,NA,NA,NA,NA,NA,NA,NA,NA,NA,NA,0.00,NA,NA,NA
2025-07-10 09:00:00,NA,NA,NA,NA,NA,NA,NA,NA,NA,NA,NA,NA,NA,NA,NA,NA,NA,NA,NA,NA,0.00,NA,NA,NA
2025-07-10 10:00:00,NA,NA,NA,NA,NA,NA,NA,NA,NA,NA,NA,NA,NA,NA,NA,NA,NA,NA,NA,NA,0.00,NA,NA,NA
2025-07-10 11:00:00,NA,NA,NA,NA,NA,NA,NA,NA,NA,NA,NA,NA,NA,NA,NA,NA,NA,NA,NA,NA,0.00,NA,NA,NA
2025-07-10 12:00:00,NA,NA,NA,NA,NA,NA,NA,NA,NA,NA,NA,NA,NA,NA,NA,NA,NA,NA,NA,NA,0.00,NA,NA,NA
2025-07-10 13:00:00,NA,NA,NA,NA,NA,NA,NA,NA,NA,NA,NA,NA,NA,NA,NA,NA,NA,NA,NA,NA,0.00,NA,NA,NA
2025-07-10 14:00:00,NA,NA,NA,NA,NA,NA,NA,NA,NA,NA,NA,NA,NA,NA,NA,NA,NA,NA,NA,NA,0.00,NA,NA,NA
2025-07-10 15:00:00,NA,NA,NA,NA,NA,NA,NA,NA,NA,NA,NA,NA,NA,NA,NA,NA,NA,NA,NA,NA,0.00,NA,NA,NA
2025-07-10 16:00:00,NA,NA,NA,NA,NA,NA,NA,NA,NA,NA,NA,NA,NA,NA,NA,NA,NA,NA,NA,NA,0.00,NA,NA,NA
2025-07-10 17:00:00,NA,NA,NA,NA,NA,NA,NA,NA,NA,NA,NA,NA,NA,NA,NA,NA,NA,NA,NA,NA,0.00,NA,NA,NA
2025-07-10 18:00:00,NA,NA,NA,NA,NA,NA,NA,NA,NA,NA,NA,NA,NA,NA,NA,NA,NA,NA,NA,NA,0.00,NA,NA,NA
2025-07-10 19:00:00,NA,NA,NA,NA,NA,NA,NA,NA,NA,NA,NA,NA,NA,NA,NA,NA,NA,NA,NA,NA,0.00,NA,NA,NA
2025-07-10 20:00:00,NA,NA,NA,NA,NA,NA,NA,NA,NA,NA,NA,NA,NA,NA,NA,NA,NA,NA,NA,NA,0.00,NA,NA,NA
2025-07-10 21:00:00,NA,NA,NA,NA,NA,NA,NA,NA,NA,NA,NA,NA,NA,NA,NA,NA,NA,NA,NA,NA,0.00,NA,NA,NA
2025-07-10 22:00:00,NA,NA,NA,NA,NA,NA,NA,NA,NA,NA,NA,NA,NA,NA,NA,NA,NA,NA,NA,NA,0.00,NA,NA,NA
2025-07-10 23:00:00,NA,NA,NA,NA,NA,NA,NA,NA,NA,NA,NA,NA,NA,NA,NA,NA,NA,NA,NA,NA,0.00,NA,NA,NA
2025-07-11 00:00:00,NA,NA,NA,NA,NA,NA,NA,NA,NA,NA,NA,NA,NA,NA,NA,NA,NA,NA,NA,NA,0.00,NA,NA,NA
2025-07-11 01:00:00,NA,NA,NA,NA,NA,NA,NA,NA,NA,NA,NA,NA,NA,NA,NA,NA,NA,NA,NA,NA,0.00,NA,NA,NA
2025-07-11 02:00:00,NA,NA,NA,NA,NA,NA,NA,NA,NA,NA,NA,NA,NA,NA,NA,NA,NA,NA,NA,NA,0.00,NA,NA,NA
2025-07-11 03:00:00,NA,NA,NA,NA,NA,NA,NA,NA,NA,NA,NA,NA,NA,NA,NA,NA,NA,NA,NA,NA,0.00,NA,NA,NA
2025-07-11 04:00:00,NA,NA,NA,NA,NA,NA,NA,NA,NA,NA,NA,NA,NA,NA,NA,NA,NA,NA,NA,NA,0.00,NA,NA,NA
2025-07-11 05:00:00,NA,NA,NA,NA,NA,NA,NA,NA,NA,NA,NA,NA,NA,NA,NA,NA,NA,NA,NA,NA,0.00,NA,NA,NA
2025-07-11 06:00:00,NA,NA,NA,NA,NA,NA,NA,NA,NA,NA,NA,NA,NA,NA,NA,NA,NA,NA,NA,NA,0.00,NA,NA,NA
2025-07-11 07:00:00,NA,NA,NA,NA,NA,NA,NA,NA,NA,NA,NA,NA,NA,NA,NA,NA,NA,NA,NA,NA,0.00,NA,NA,NA
2025-07-11 08:00:00,NA,NA,NA,NA,NA,NA,NA,NA,NA,NA,NA,NA,NA,NA,NA,NA,NA,NA,NA,NA,0.00,NA,NA,NA
2025-07-11 09:00:00,NA,NA,NA,NA,NA,NA,NA,NA,NA,NA,NA,NA,NA,NA,NA,NA,NA,NA,NA,NA,0.00,NA,NA,NA
2025-07-11 10:00:00,NA,NA,NA,NA,NA,NA,NA,NA,NA,NA,NA,NA,NA,NA,NA,NA,NA,NA,NA,NA,0.00,NA,NA,NA
2025-07-11 11:00:00,NA,NA,NA,NA,NA,NA,NA,NA,NA,NA,NA,NA,NA,NA,NA,NA,NA,NA,NA,NA,0.00,NA,NA,NA
2025-07-11 12:00:00,NA,NA,NA,NA,NA,NA,NA,NA,NA,NA,NA,NA,NA,NA,NA,NA,NA,NA,NA,NA,0.00,NA,NA,NA
2025-07-11 13:00:00,NA,NA,NA,NA,NA,NA,NA,NA,NA,NA,NA,NA,NA,NA,NA,NA,NA,NA,NA,NA,0.00,NA,NA,NA
2025-07-11 14:00:00,NA,NA,NA,NA,NA,NA,NA,NA,NA,NA,NA,NA,NA,NA,NA,NA,NA,NA,NA,NA,0.00,NA,NA,NA
2025-07-11 15:00:00,NA,NA,NA,NA,NA,NA,NA,NA,NA,NA,NA,NA,NA,NA,NA,NA,NA,NA,NA,NA,0.00,NA,NA,NA
2025-07-11 16:00:00,NA,NA,NA,NA,NA,NA,NA,NA,NA,NA,NA,NA,NA,NA,NA,NA,NA,NA,NA,NA,0.00,NA,NA,NA
2025-07-11 17:00:00,NA,NA,NA,NA,NA,NA,NA,NA,NA,NA,NA,NA,NA,NA,NA,NA,NA,NA,NA,NA,0.00,NA,NA,NA
2025-07-11 18:00:00,NA,NA,NA,NA,NA,NA,NA,NA,NA,NA,NA,NA,NA,NA,NA,NA,NA,NA,NA,NA,0.00,NA,NA,NA
2025-07-11 19:00:00,NA,NA,NA,NA,NA,NA,NA,NA,NA,NA,NA,NA,NA,NA,NA,NA,NA,NA,NA,NA,0.00,NA,NA,NA
2025-07-11 20:00:00,NA,NA,NA,NA,NA,NA,NA,NA,NA,NA,NA,NA,NA,NA,NA,NA,NA,NA,NA,NA,0.00,NA,NA,NA
2025-07-11 21:00:00,NA,NA,NA,NA,NA,NA,NA,NA,NA,NA,NA,NA,NA,NA,NA,NA,NA,NA,NA,NA,0.00,NA,NA,NA
2025-07-11 22:00:00,NA,NA,NA,NA,NA,NA,NA,NA,NA,NA,NA,NA,NA,NA,NA,NA,NA,NA,NA,NA,0.00,NA,NA,NA
2025-07-11 23:00:00,NA,NA,NA,NA,NA,NA,NA,NA,NA,NA,NA,NA,NA,NA,NA,NA,NA,NA,NA,NA,0.00,NA,NA,NA
2025-07-12 00:00:00,NA,NA,NA,NA,NA,NA,NA,NA,NA,NA,NA,NA,NA,NA,NA,NA,NA,NA,NA,NA,0.00,NA,NA,NA
2025-07-12 01:00:00,NA,NA,NA,NA,NA,NA,NA,NA,NA,NA,NA,NA,NA,NA,NA,NA,NA,NA,NA,NA,0.00,NA,NA,NA
2025-07-12 02:00:00,NA,NA,NA,NA,NA,NA,NA,NA,NA,NA,NA,NA,NA,NA,NA,NA,NA,NA,NA,NA,0.00,NA,NA,NA
2025-07-12 03:00:00,NA,NA,NA,NA,NA,NA,NA,NA,NA,NA,NA,NA,NA,NA,NA,NA,NA,NA,NA,NA,0.00,NA,NA,NA
2025-07-12 04:00:00,NA,NA,NA,NA,NA,NA,NA,NA,NA,NA,NA,NA,NA,NA,NA,NA,NA,NA,NA,NA,0.00,NA,NA,NA
2025-07-12 05:00:00,NA,NA,NA,NA,NA,NA,NA,NA,NA,NA,NA,NA,NA,NA,NA,NA,NA,NA,NA,NA,0.00,NA,NA,NA
2025-07-12 06:00:00,NA,NA,NA,NA,NA,NA,NA,NA,NA,NA,NA,NA,NA,NA,NA,NA,NA,NA,NA,NA,0.00,NA,NA,NA
2025-07-12 07:00:00,NA,NA,NA,NA,NA,NA,NA,NA,NA,NA,NA,NA,NA,NA,NA,NA,NA,NA,NA,NA,0.00,NA,NA,NA
2025-07-12 08:00:00,NA,NA,NA,NA,NA,NA,NA,NA,NA,NA,NA,NA,NA,NA,NA,NA,NA,NA,NA,NA,0.00,NA,NA,NA
2025-07-12 09:00:00,NA,NA,NA,NA,NA,NA,NA,NA,NA,NA,NA,NA,NA,NA,NA,NA,NA,NA,NA,NA,0.00,NA,NA,NA
2025-07-12 10:00:00,NA,NA,NA,NA,NA,NA,NA,NA,NA,NA,NA,NA,NA,NA,NA,NA,NA,NA,NA,NA,0.00,NA,NA,NA
2025-07-12 11:00:00,NA,NA,NA,NA,NA,NA,NA,NA,NA,NA,NA,NA,NA,NA,NA,NA,NA,NA,NA,NA,0.00,NA,NA,NA
2025-07-12 12:00:00,NA,NA,NA,NA,NA,NA,NA,NA,NA,NA,NA,NA,NA,NA,NA,NA,NA,NA,NA,NA,0.00,NA,NA,NA
2025-07-12 13:00:00,NA,NA,NA,NA,NA,NA,NA,NA,NA,NA,NA,NA,NA,NA,NA,NA,NA,NA,NA,NA,0.00,NA,NA,NA
2025-07-12 14:00:00,NA,NA,NA,NA,NA,NA,NA,NA,NA,NA,NA,NA,NA,NA,NA,NA,NA,NA,NA,NA,0.00,NA,NA,NA
2025-07-12 15:00:00,NA,NA,NA,NA,NA,NA,NA,NA,NA,NA,NA,NA,NA,NA,NA,NA,NA,NA,NA,NA,0.00,NA,NA,NA
2025-07-12 16:00:00,NA,NA,NA,NA,NA,NA,NA,NA,NA,NA,NA,NA,NA,NA,NA,NA,NA,NA,NA,NA,0.00,NA,NA,NA
2025-07-12 17:00:00,NA,NA,NA,NA,NA,NA,NA,NA,NA,NA,NA,NA,NA,NA,NA,NA,NA,NA,NA,NA,0.00,NA,NA,NA
2025-07-12 18:00:00,NA,NA,NA,NA,NA,NA,NA,NA,NA,NA,NA,NA,NA,NA,NA,NA,NA,NA,NA,NA,0.00,NA,NA,NA
2025-07-12 19:00:00,NA,NA,NA,NA,NA,NA,NA,NA,NA,NA,NA,NA,NA,NA,NA,NA,NA,NA,NA,NA,0.00,NA,NA,NA
2025-07-12 20:00:00,NA,NA,NA,NA,NA,NA,NA,NA,NA,NA,NA,NA,NA,NA,NA,NA,NA,NA,NA,NA,0.00,NA,NA,NA
2025-07-12 21:00:00,NA,NA,NA,NA,NA,NA,NA,NA,NA,NA,NA,NA,NA,NA,NA,NA,NA,NA,NA,NA,0.00,NA,NA,NA
2025-07-12 22:00:00,NA,NA,NA,NA,NA,NA,NA,NA,NA,NA,NA,NA,NA,NA,NA,NA,NA,NA,NA,NA,0.00,NA,NA,NA
2025-07-12 23:00:00,NA,NA,NA,NA,NA,NA,NA,NA,NA,NA,NA,NA,NA,NA,NA,NA,NA,NA,NA,NA,0.00,NA,NA,NA
2025-07-13 00:00:00,NA,NA,NA,NA,NA,NA,NA,NA,NA,NA,NA,NA,NA,NA,NA,NA,NA,NA,NA,NA,0.00,NA,NA,NA
2025-07-13 01:00:00,NA,NA,NA,NA,NA,NA,NA,NA,NA,NA,NA,NA,NA,NA,NA,NA,NA,NA,NA,NA,0.00,NA,NA,NA
2025-07-13 02:00:00,NA,NA,NA,NA,NA,NA,NA,NA,NA,NA,NA,NA,NA,NA,NA,NA,NA,NA,NA,NA,0.00,NA,NA,NA
2025-07-13 03:00:00,NA,NA,NA,NA,NA,NA,NA,NA,NA,NA,NA,NA,NA,NA,NA,NA,NA,NA,NA,NA,0.00,NA,NA,NA
2025-07-13 04:00:00,NA,NA,NA,NA,NA,NA,NA,NA,NA,NA,NA,NA,NA,NA,NA,NA,NA,NA,NA,NA,0.00,NA,NA,NA
2025-07-13 05:00:00,NA,NA,NA,NA,NA,NA,NA,NA,NA,NA,NA,NA,NA,NA,NA,NA,NA,NA,NA,NA,0.00,NA,NA,NA
2025-07-13 06:00:00,NA,NA,NA,NA,NA,NA,NA,NA,NA,NA,NA,NA,NA,NA,NA,NA,NA,NA,NA,NA,0.00,NA,NA,NA
2025-07-13 07:00:00,NA,NA,NA,NA,NA,NA,NA,NA,NA,NA,NA,NA,NA,NA,NA,NA,NA,NA,NA,NA,0.00,NA,NA,NA
2025-07-13 08:00:00,NA,NA,NA,NA,NA,NA,NA,NA,NA,NA,NA,NA,NA,NA,NA,NA,NA,NA,NA,NA,0.00,NA,NA,NA
2025-07-13 09:00:00,NA,NA,NA,NA,NA,NA,NA,NA,NA,NA,NA,NA,NA,NA,NA,NA,NA,NA,NA,NA,0.00,NA,NA,NA
2025-07-13 10:00:00,NA,NA,NA,NA,NA,NA,NA,NA,NA,NA,NA,NA,NA,NA,NA,NA,NA,NA,NA,NA,0.00,NA,NA,NA
2025-07-13 11:00:00,NA,NA,NA,NA,NA,NA,NA,NA,NA,NA,NA,NA,NA,NA,NA,NA,NA,NA,NA,NA,0.00,NA,NA,NA
2025-07-13 12:00:00,NA,NA,NA,NA,NA,NA,NA,NA,NA,NA,NA,NA,NA,NA,NA,NA,NA,NA,NA,NA,0.00,NA,NA,NA
2025-07-13 13:00:00,NA,NA,NA,NA,NA,NA,NA,NA,NA,NA,NA,NA,NA,NA,NA,NA,NA,NA,NA,NA,0.00,NA,NA,NA
2025-07-13 14:00:00,NA,NA,NA,NA,NA,NA,NA,NA,NA,NA,NA,NA,NA,NA,NA,NA,NA,NA,NA,NA,0.00,NA,NA,NA
2025-07-13 15:00:00,NA,NA,NA,NA,NA,NA,NA,NA,NA,NA,NA,NA,NA,NA,NA,NA,NA,NA,NA,NA,0.00,NA,NA,NA
2025-07-13 16:00:00,NA,NA,NA,NA,NA,NA,NA,NA,NA,NA,NA,NA,NA,NA,NA,NA,NA,NA,NA,NA,0.00,NA,NA,NA
2025-07-13 17:00:00,NA,NA,NA,NA,NA,NA,NA,NA,NA,NA,NA,NA,NA,NA,NA,NA,NA,NA,NA,NA,0.00,NA,NA,NA
2025-07-13 18:00:00,NA,NA,NA,NA,NA,NA,NA,NA,NA,NA,NA,NA,NA,NA,NA,NA,NA,NA,NA,NA,0.00,NA,NA,NA
2025-07-13 19:00:00,NA,NA,NA,NA,NA,NA,NA,NA,NA,NA,NA,NA,NA,NA,NA,NA,NA,NA,NA,NA,0.00,NA,NA,NA
2025-07-13 20:00:00,NA,NA,NA,NA,NA,NA,NA,NA,NA,NA,NA,NA,NA,NA,NA,NA,NA,NA,NA,NA,0.00,NA,NA,NA
2025-07-13 21:00:00,NA,NA,NA,NA,NA,NA,NA,NA,NA,NA,NA,NA,NA,NA,NA,NA,NA,NA,NA,NA,0.00,NA,NA,NA
2025-07-13 22:00:00,NA,NA,NA,NA,NA,NA,NA,NA,NA,NA,NA,NA,NA,NA,NA,NA,NA,NA,NA,NA,0.00,NA,NA,NA
2025-07-13 23:00:00,NA,NA,NA,NA,NA,NA,NA,NA,NA,NA,NA,NA,NA,NA,NA,NA,NA,NA,NA,NA,0.00,NA,NA,NA
2025-07-14 00:00:00,NA,NA,NA,NA,NA,NA,NA,NA,NA,NA,NA,NA,NA,NA,NA,NA,NA,NA,NA,NA,0.00,NA,NA,NA
2025-07-14 01:00:00,NA,NA,NA,NA,NA,NA,NA,NA,NA,NA,NA,NA,NA,NA,NA,NA,NA,NA,NA,NA,0.00,NA,NA,NA
2025-07-14 02:00:00,NA,NA,NA,NA,NA,NA,NA,NA,NA,NA,NA,NA,NA,NA,NA,NA,NA,NA,NA,NA,0.00,NA,NA,NA
2025-07-14 03:00:00,NA,NA,NA,NA,NA,NA,NA,NA,NA,NA,NA,NA,NA,NA,NA,NA,NA,NA,NA,NA,0.00,NA,NA,NA
2025-07-14 04:00:00,NA,NA,NA,NA,NA,NA,NA,NA,NA,NA,NA,NA,NA,NA,NA,NA,NA,NA,NA,NA,0.00,NA,NA,NA
2025-07-14 05:00:00,NA,NA,NA,NA,NA,NA,NA,NA,NA,NA,NA,NA,NA,NA,NA,NA,NA,NA,NA,NA,0.00,NA,NA,NA
2025-07-14 06:00:00,NA,NA,NA,NA,NA,NA,NA,NA,NA,NA,NA,NA,NA,NA,NA,NA,NA,NA,NA,NA,0.00,NA,NA,NA
2025-07-14 07:00:00,NA,NA,NA,NA,NA,NA,NA,NA,NA,NA,NA,NA,NA,NA,NA,NA,NA,NA,NA,NA,0.00,NA,NA,NA
2025-07-14 08:00:00,NA,NA,NA,NA,NA,NA,NA,NA,NA,NA,NA,NA,NA,NA,NA,NA,NA,NA,NA,NA,0.00,NA,NA,NA
2025-07-14 09:00:00,NA,NA,NA,NA,NA,NA,NA,NA,NA,NA,NA,NA,NA,NA,NA,NA,NA,NA,NA,NA,0.00,NA,NA,NA
2025-07-14 10:00:00,NA,NA,NA,NA,NA,NA,NA,NA,NA,NA,NA,NA,NA,NA,NA,NA,NA,NA,NA,NA,0.00,NA,NA,NA
2025-07-14 11:00:00,NA,NA,NA,NA,NA,NA,NA,NA,NA,NA,NA,NA,NA,NA,NA,NA,NA,NA,NA,NA,0.00,NA,NA,NA
2025-07-14 12:00:00,NA,NA,NA,NA,NA,NA,NA,NA,NA,NA,NA,NA,NA,NA,NA,NA,NA,NA,NA,NA,0.00,NA,NA,NA
2025-07-14 13:00:00,NA,NA,NA,NA,NA,NA,NA,NA,NA,NA,NA,NA,NA,NA,NA,NA,NA,NA,NA,NA,0.00,NA,NA,NA
2025-07-14 14:00:00,NA,NA,NA,NA,NA,NA,NA,NA,NA,NA,NA,NA,NA,NA,NA,NA,NA,NA,NA,NA,0.00,NA,NA,NA
2025-07-14 15:00:00,NA,NA,NA,NA,NA,NA,NA,NA,NA,NA,NA,NA,NA,NA,NA,NA,NA,NA,NA,NA,0.00,NA,NA,NA
2025-07-14 16:00:00,NA,NA,NA,NA,NA,NA,NA,NA,NA,NA,NA,NA,NA,NA,NA,NA,NA,NA,NA,NA,0.00,NA,NA,NA
2025-07-14 17:00:00,NA,NA,NA,NA,NA,NA,NA,NA,NA,NA,NA,NA,NA,NA,NA,NA,NA,NA,NA,NA,0.00,NA,NA,NA
2025-07-14 18:00:00,NA,NA,NA,NA,NA,NA,NA,NA,NA,NA,NA,NA,NA,NA,NA,NA,NA,NA,NA,NA,0.00,NA,NA,NA
2025-07-14 19:00:00,NA,NA,NA,NA,NA,NA,NA,NA,NA,NA,NA,NA,NA,NA,NA,NA,NA,NA,NA,NA,0.00,NA,NA,NA
2025-07-14 20:00:00,NA,NA,NA,NA,NA,NA,NA,NA,NA,NA,NA,NA,NA,NA,NA,NA,NA,NA,NA,NA,0.00,NA,NA,NA
2025-07-14 21:00:00,NA,NA,NA,NA,NA,NA,NA,NA,NA,NA,NA,NA,NA,NA,NA,NA,NA,NA,NA,NA,0.00,NA,NA,NA
2025-07-14 22:00:00,NA,NA,NA,NA,NA,NA,NA,NA,NA,NA,NA,NA,NA,NA,NA,NA,NA,NA,NA,NA,0.00,NA,NA,NA
2025-07-14 23:00:00,NA,NA,NA,NA,NA,NA,NA,NA,NA,NA,NA,NA,NA,NA,NA,NA,NA,NA,NA,NA,0.00,NA,NA,NA
2025-07-15 00:00:00,NA,NA,NA,NA,NA,NA,NA,NA,NA,NA,NA,NA,NA,NA,NA,NA,NA,NA,NA,NA,0.00,NA,NA,NA
2025-07-15 01:00:00,NA,NA,NA,NA,NA,NA,NA,NA,NA,NA,NA,NA,NA,NA,NA,NA,NA,NA,NA,NA,0.00,NA,NA,NA
2025-07-15 02:00:00,NA,NA,NA,NA,NA,NA,NA,NA,NA,NA,NA,NA,NA,NA,NA,NA,NA,NA,NA,NA,0.00,NA,NA,NA
2025-07-15 03:00:00,NA,NA,NA,NA,NA,NA,NA,NA,NA,NA,NA,NA,NA,NA,NA,NA,NA,NA,NA,NA,0.00,NA,NA,NA
2025-07-15 04:00:00,NA,NA,NA,NA,NA,NA,NA,NA,NA,NA,NA,NA,NA,NA,NA,NA,NA,NA,NA,NA,0.00,NA,NA,NA
2025-07-15 05:00:00,NA,NA,NA,NA,NA,NA,NA,NA,NA,NA,NA,NA,NA,NA,NA,NA,NA,NA,NA,NA,0.00,NA,NA,NA
2025-07-15 06:00:00,NA,NA,NA,NA,NA,NA,NA,NA,NA,NA,NA,NA,NA,NA,NA,NA,NA,NA,NA,NA,0.00,NA,NA,NA
2025-07-15 07:00:00,NA,NA,NA,NA,NA,NA,NA,NA,NA,NA,NA,NA,NA,NA,NA,NA,NA,NA,NA,NA,0.00,NA,NA,NA
2025-07-15 08:00:00,NA,NA,NA,NA,NA,NA,NA,NA,NA,NA,NA,NA,NA,NA,NA,NA,NA,NA,NA,NA,0.00,NA,NA,NA
2025-07-15 09:00:00,NA,NA,NA,NA,NA,NA,NA,NA,NA,NA,NA,NA,NA,NA,NA,NA,NA,NA,NA,NA,0.00,NA,NA,NA
2025-07-15 10:00:00,NA,NA,NA,NA,NA,NA,NA,NA,NA,NA,NA,NA,NA,NA,NA,NA,NA,NA,NA,NA,0.00,NA,NA,NA
2025-07-15 11:00:00,NA,NA,NA,NA,NA,NA,NA,NA,NA,NA,NA,NA,NA,NA,NA,NA,NA,NA,NA,NA,0.00,NA,NA,NA
2025-07-15 12:00:00,NA,NA,NA,NA,NA,NA,NA,NA,NA,NA,NA,NA,NA,NA,NA,NA,NA,NA,NA,NA,0.00,NA,NA,NA
2025-07-15 13:00:00,NA,NA,NA,NA,NA,NA,NA,NA,NA,NA,NA,NA,NA,NA,NA,NA,NA,NA,NA,NA,0.00,NA,NA,NA
2025-07-15 14:00:00,NA,NA,NA,NA,NA,NA,NA,NA,NA,NA,NA,NA,NA,NA,NA,NA,NA,NA,NA,NA,0.00,NA,NA,NA
2025-07-15 15:00:00,NA,NA,NA,NA,NA,NA,NA,NA,NA,NA,NA,NA,NA,NA,NA,NA,NA,NA,NA,NA,0.00,NA,NA,NA
2025-07-15 16:00:00,NA,NA,NA,NA,NA,NA,NA,NA,NA,NA,NA,NA,NA,NA,NA,NA,NA,NA,NA,NA,0.00,NA,NA,NA
2025-07-15 17:00:00,NA,NA,NA,NA,NA,NA,NA,NA,NA,NA,NA,NA,NA,NA,NA,NA,NA,NA,NA,NA,0.00,NA,NA,NA
2025-07-15 18:00:00,NA,NA,NA,NA,NA,NA,NA,NA,NA,NA,NA,NA,NA,NA,NA,NA,NA,NA,NA,NA,0.00,NA,NA,NA
2025-07-15 19:00:00,NA,NA,NA,NA,NA,NA,NA,NA,NA,NA,NA,NA,NA,NA,NA,NA,NA,NA,NA,NA,0.00,NA,NA,NA
2025-07-15 20:00:00,NA,NA,NA,NA,NA,NA,NA,NA,NA,NA,NA,NA,NA,NA,NA,NA,NA,NA,NA,NA,0.00,NA,NA,NA
2025-07-15 21:00:00,NA,NA,NA,NA,NA,NA,NA,NA,NA,NA,NA,NA,NA,NA,NA,NA,NA,NA,NA,NA,0.00,NA,NA,NA
2025-07-15 22:00:00,NA,NA,NA,NA,NA,NA,NA,NA,NA,NA,NA,NA,NA,NA,NA,NA,NA,NA,NA,NA,0.00,NA,NA,NA
2025-07-15 23:00:00,NA,NA,NA,NA,NA,NA,NA,NA,NA,NA,NA,NA,NA,NA,NA,NA,NA,NA,NA,NA,0.00,NA,NA,NA
2025-07-16 00:00:00,NA,NA,NA,NA,NA,NA,NA,NA,NA,NA,NA,NA,NA,NA,NA,NA,NA,NA,NA,NA,0.00,NA,NA,NA
2025-07-16 01:00:00,NA,NA,NA,NA,NA,NA,NA,NA,NA,NA,NA,NA,NA,NA,NA,NA,NA,NA,NA,NA,0.00,NA,NA,NA
2025-07-16 02:00:00,NA,NA,NA,NA,NA,NA,NA,NA,NA,NA,NA,NA,NA,NA,NA,NA,NA,NA,NA,NA,0.00,NA,NA,NA
2025-07-16 03:00:00,NA,NA,NA,NA,NA,NA,NA,NA,NA,NA,NA,NA,NA,NA,NA,NA,NA,NA,NA,NA,0.00,NA,NA,NA
2025-07-16 04:00:00,NA,NA,NA,NA,NA,NA,NA,NA,NA,NA,NA,NA,NA,NA,NA,NA,NA,NA,NA,NA,0.00,NA,NA,NA
2025-07-16 05:00:00,NA,NA,NA,NA,NA,NA,NA,NA,NA,NA,NA,NA,NA,NA,NA,NA,NA,NA,NA,NA,0.00,NA,NA,NA
2025-07-16 06:00:00,NA,NA,NA,NA,NA,NA,NA,NA,NA,NA,NA,NA,NA,NA,NA,NA,NA,NA,NA,NA,0.00,NA,NA,NA
2025-07-16 07:00:00,NA,NA,NA,NA,NA,NA,NA,NA,NA,NA,NA,NA,NA,NA,NA,NA,NA,NA,NA,NA,0.00,NA,NA,NA
2025-07-16 08:00:00,NA,NA,NA,NA,NA,NA,NA,NA,NA,NA,NA,NA,NA,NA,NA,NA,NA,NA,NA,NA,0.00,NA,NA,NA
2025-07-16 09:00:00,NA,NA,NA,NA,NA,NA,NA,NA,NA,NA,NA,NA,NA,NA,NA,NA,NA,NA,NA,NA,0.00,NA,NA,NA
2025-07-16 10:00:00,NA,NA,NA,NA,NA,NA,NA,NA,NA,NA,NA,NA,NA,NA,NA,NA,NA,NA,NA,NA,0.00,NA,NA,NA
2025-07-16 11:00:00,NA,NA,NA,NA,NA,NA,NA,NA,NA,NA,NA,NA,NA,NA,NA,NA,NA,NA,NA,NA,0.00,NA,NA,NA
2025-07-16 12:00:00,NA,NA,NA,NA,NA,NA,NA,NA,NA,NA,NA,NA,NA,NA,NA,NA,NA,NA,NA,NA,0.00,NA,NA,NA
2025-07-16 13:00:00,NA,NA,NA,NA,NA,NA,NA,NA,NA,NA,NA,NA,NA,NA,NA,NA,NA,NA,NA,NA,0.00,NA,NA,NA
2025-07-16 14:00:00,NA,NA,NA,NA,NA,NA,NA,NA,NA,NA,NA,NA,NA,NA,NA,NA,NA,NA,NA,NA,0.00,NA,NA,NA
2025-07-16 15:00:00,NA,NA,NA,NA,NA,NA,NA,NA,NA,NA,NA,NA,NA,NA,NA,NA,NA,NA,NA,NA,0.00,NA,NA,NA
2025-07-16 16:00:00,NA,NA,NA,NA,NA,NA,NA,NA,NA,NA,NA,NA,NA,NA,NA,NA,NA,NA,NA,NA,0.00,NA,NA,NA
2025-07-16 17:00:00,NA,NA,NA,NA,NA,NA,NA,NA,NA,NA,NA,NA,NA,NA,NA,NA,NA,NA,NA,NA,0.00,NA,NA,NA
2025-07-16 18:00:00,NA,NA,NA,NA,NA,NA,NA,NA,NA,NA,NA,NA,NA,NA,NA,NA,NA,NA,NA,NA,0.00,NA,NA,NA
2025-07-16 19:00:00,NA,NA,NA,NA,NA,NA,NA,NA,NA,NA,NA,NA,NA,NA,NA,NA,NA,NA,NA,NA,0.00,NA,NA,NA
2025-07-16 20:00:00,NA,NA,NA,NA,NA,NA,NA,NA,NA,NA,NA,NA,NA,NA,NA,NA,NA,NA,NA,NA,0.00,NA,NA,NA
2025-07-16 21:00:00,NA,NA,NA,NA,NA,NA,NA,NA,NA,NA,NA,NA,NA,NA,NA,NA,NA,NA,NA,NA,0.00,NA,NA,NA
2025-07-16 22:00:00,NA,NA,NA,NA,NA,NA,NA,NA,NA,NA,NA,NA,NA,NA,NA,NA,NA,NA,NA,NA,0.00,NA,NA,NA
2025-07-16 23:00:00,NA,NA,NA,NA,NA,NA,NA,NA,NA,NA,NA,NA,NA,NA,NA,NA,NA,NA,NA,NA,0.00,NA,NA,NA
2025-07-17 00:00:00,NA,NA,NA,NA,NA,NA,NA,NA,NA,NA,NA,NA,NA,NA,NA,NA,NA,NA,NA,NA,0.00,NA,NA,NA
2025-07-17 01:00:00,NA,NA,NA,NA,NA,NA,NA,NA,NA,NA,NA,NA,NA,NA,NA,NA,NA,NA,NA,NA,0.00,NA,NA,NA
2025-07-17 02:00:00,NA,NA,NA,NA,NA,NA,NA,NA,NA,NA,NA,NA,NA,NA,NA,NA,NA,NA,NA,NA,0.00,NA,NA,NA
2025-07-17 03:00:00,NA,NA,NA,NA,NA,NA,NA,NA,NA,NA,NA,NA,NA,NA,NA,NA,NA,NA,NA,NA,0.00,NA,NA,NA
2025-07-17 04:00:00,NA,NA,NA,NA,NA,NA,NA,NA,NA,NA,NA,NA,NA,NA,NA,NA,NA,NA,NA,NA,0.00,NA,NA,NA
2025-07-17 05:00:00,NA,NA,NA,NA,NA,NA,NA,NA,NA,NA,NA,NA,NA,NA,NA,NA,NA,NA,NA,NA,0.00,NA,NA,NA
2025-07-17 06:00:00,NA,NA,NA,NA,NA,NA,NA,NA,NA,NA,NA,NA,NA,NA,NA,NA,NA,NA,NA,NA,0.00,NA,NA,NA
2025-07-17 07:00:00,NA,NA,NA,NA,NA,NA,NA,NA,NA,NA,NA,NA,NA,NA,NA,NA,NA,NA,NA,NA,0.00,NA,NA,NA
2025-07-17 08:00:00,NA,NA,NA,NA,NA,NA,NA,NA,NA,NA,NA,NA,NA,NA,NA,NA,NA,NA,NA,NA,0.00,NA,NA,NA
2025-07-17 09:00:00,NA,NA,NA,NA,NA,NA,NA,NA,NA,NA,NA,NA,NA,NA,NA,NA,NA,NA,NA,NA,0.00,NA,NA,NA
2025-07-17 10:00:00,NA,NA,NA,NA,NA,NA,NA,NA,NA,NA,NA,NA,NA,NA,NA,NA,NA,NA,NA,NA,0.00,NA,NA,NA
2025-07-17 11:00:00,NA,NA,NA,NA,NA,NA,NA,NA,NA,NA,NA,NA,NA,NA,NA,NA,NA,NA,NA,NA,0.00,NA,NA,NA
2025-07-17 12:00:00,NA,NA,NA,NA,NA,NA,NA,NA,NA,NA,NA,NA,NA,NA,NA,NA,NA,NA,NA,NA,0.00,NA,NA,NA
2025-07-17 13:00:00,NA,NA,NA,NA,NA,NA,NA,NA,NA,NA,NA,NA,NA,NA,NA,NA,NA,NA,NA,NA,0.00,NA,NA,NA
2025-07-17 14:00:00,NA,NA,NA,NA,NA,NA,NA,NA,NA,NA,NA,NA,NA,NA,NA,NA,NA,NA,NA,NA,0.00,NA,NA,NA
2025-07-17 15:00:00,NA,NA,NA,NA,NA,NA,NA,NA,NA,NA,NA,NA,NA,NA,NA,NA,NA,NA,NA,NA,0.00,NA,NA,NA
2025-07-17 16:00:00,NA,NA,NA,NA,NA,NA,NA,NA,NA,NA,NA,NA,NA,NA,NA,NA,NA,NA,NA,NA,0.00,NA,NA,NA
2025-07-17 17:00:00,NA,NA,NA,NA,NA,NA,NA,NA,NA,NA,NA,NA,NA,NA,NA,NA,NA,NA,NA,NA,0.00,NA,NA,NA
2025-07-17 18:00:00,NA,NA,NA,NA,NA,NA,NA,NA,NA,NA,NA,NA,NA,NA,NA,NA,NA,NA,NA,NA,0.00,NA,NA,NA
2025-07-17 19:00:00,NA,NA,NA,NA,NA,NA,NA,NA,NA,NA,NA,NA,NA,NA,NA,NA,NA,NA,NA,NA,0.00,NA,NA,NA
2025-07-17 20:00:00,NA,NA,NA,NA,NA,NA,NA,NA,NA,NA,NA,NA,NA,NA,NA,NA,NA,NA,NA,NA,0.00,NA,NA,NA
2025-07-17 21:00:00,NA,NA,NA,NA,NA,NA,NA,NA,NA,NA,NA,NA,NA,NA,NA,NA,NA,NA,NA,NA,0.00,NA,NA,NA
2025-07-17 22:00:00,NA,NA,NA,NA,NA,NA,NA,NA,NA,NA,NA,NA,NA,NA,NA,NA,NA,NA,NA,NA,0.00,NA,NA,NA
2025-07-17 23:00:00,NA,NA,NA,NA,NA,NA,NA,NA,NA,NA,NA,NA,NA,NA,NA,NA,NA,NA,NA,NA,0.00,NA,NA,NA
2025-07-18 00:00:00,NA,NA,NA,NA,NA,NA,NA,NA,NA,NA,NA,NA,NA,NA,NA,NA,NA,NA,NA,NA,0.00,NA,NA,NA
2025-07-18 01:00:00,NA,NA,NA,NA,NA,NA,NA,NA,NA,NA,NA,NA,NA,NA,NA,NA,NA,NA,NA,NA,0.00,NA,NA,NA
2025-07-18 02:00:00,NA,NA,NA,NA,NA,NA,NA,NA,NA,NA,NA,NA,NA,NA,NA,NA,NA,NA,NA,NA,0.00,NA,NA,NA
2025-07-18 03:00:00,NA,NA,NA,NA,NA,NA,NA,NA,NA,NA,NA,NA,NA,NA,NA,NA,NA,NA,NA,NA,0.00,NA,NA,NA
2025-07-18 04:00:00,NA,NA,NA,NA,NA,NA,NA,NA,NA,NA,NA,NA,NA,NA,NA,NA,NA,NA,NA,NA,0.00,NA,NA,NA
2025-07-18 05:00:00,NA,NA,NA,NA,NA,NA,NA,NA,NA,NA,NA,NA,NA,NA,NA,NA,NA,NA,NA,NA,0.00,NA,NA,NA
2025-07-18 06:00:00,NA,NA,NA,NA,NA,NA,NA,NA,NA,NA,NA,NA,NA,NA,NA,NA,NA,NA,NA,NA,0.00,NA,NA,NA
2025-07-18 07:00:00,NA,NA,NA,NA,NA,NA,NA,NA,NA,NA,NA,NA,NA,NA,NA,NA,NA,NA,NA,NA,0.00,NA,NA,NA
2025-07-18 08:00:00,NA,NA,NA,NA,NA,NA,NA,NA,NA,NA,NA,NA,NA,NA,NA,NA,NA,NA,NA,NA,0.00,NA,NA,NA
2025-07-18 09:00:00,NA,NA,NA,NA,NA,NA,NA,NA,NA,NA,NA,NA,NA,NA,NA,NA,NA,NA,NA,NA,0.00,NA,NA,NA
2025-07-18 10:00:00,NA,NA,NA,NA,NA,NA,NA,NA,NA,NA,NA,NA,NA,NA,NA,NA,NA,NA,NA,NA,0.00,NA,NA,NA
2025-07-18 11:00:00,NA,NA,NA,NA,NA,NA,NA,NA,NA,NA,NA,NA,NA,NA,NA,NA,NA,NA,NA,NA,0.00,NA,NA,NA
2025-07-18 12:00:00,NA,NA,NA,NA,NA,NA,NA,NA,NA,NA,NA,NA,NA,NA,NA,NA,NA,NA,NA,NA,0.00,NA,NA,NA
2025-07-18 13:00:00,NA,NA,NA,NA,NA,NA,NA,NA,NA,NA,NA,NA,NA,NA,NA,NA,NA,NA,NA,NA,0.00,NA,NA,NA
2025-07-18 14:00:00,NA,NA,NA,NA,NA,NA,NA,NA,NA,NA,NA,NA,NA,NA,NA,NA,NA,NA,NA,NA,0.00,NA,NA,NA
2025-07-18 15:00:00,NA,NA,NA,NA,NA,NA,NA,NA,NA,NA,NA,NA,NA,NA,NA,NA,NA,NA,NA,NA,0.00,NA,NA,NA
2025-07-18 16:00:00,NA,NA,NA,NA,NA,NA,NA,NA,NA,NA,NA,NA,NA,NA,NA,NA,NA,NA,NA,NA,0.00,NA,NA,NA
2025-07-18 17:00:00,NA,NA,NA,NA,NA,NA,NA,NA,NA,NA,NA,NA,NA,NA,NA,NA,NA,NA,NA,NA,0.00,NA,NA,NA
2025-07-18 18:00:00,NA,NA,NA,NA,NA,NA,NA,NA,NA,NA,NA,NA,NA,NA,NA,NA,NA,NA,NA,NA,0.00,NA,NA,NA
2025-07-18 19:00:00,NA,NA,NA,NA,NA,NA,NA,NA,NA,NA,NA,NA,NA,NA,NA,NA,NA,NA,NA,NA,0.00,NA,NA,NA
2025-07-18 20:00:00,NA,NA,NA,NA,NA,NA,NA,NA,NA,NA,NA,NA,NA,NA,NA,NA,NA,NA,NA,NA,0.00,NA,NA,NA
2025-07-18 21:00:00,NA,NA,NA,NA,NA,NA,NA,NA,NA,NA,NA,NA,NA,NA,NA,NA,NA,NA,NA,NA,0.00,NA,NA,NA
2025-07-18 22:00:00,NA,NA,NA,NA,NA,NA,NA,NA,NA,NA,NA,NA,NA,NA,NA,NA,NA,NA,NA,NA,0.00,NA,NA,NA
2025-07-18 23:00:00,NA,NA,NA,NA,NA,NA,NA,NA,NA,NA,NA,NA,NA,NA,NA,NA,NA,NA,NA,NA,0.00,NA,NA,NA
2025-07-19 00:00:00,NA,NA,NA,NA,NA,NA,NA,NA,NA,NA,NA,NA,NA,NA,NA,NA,NA,NA,NA,NA,0.00,NA,NA,NA
2025-07-19 01:00:00,NA,NA,NA,NA,NA,NA,NA,NA,NA,NA,NA,NA,NA,NA,NA,NA,NA,NA,NA,NA,0.00,NA,NA,NA
2025-07-19 02:00:00,NA,NA,NA,NA,NA,NA,NA,NA,NA,NA,NA,NA,NA,NA,NA,NA,NA,NA,NA,NA,0.00,NA,NA,NA
2025-07-19 03:00:00,NA,NA,NA,NA,NA,NA,NA,NA,NA,NA,NA,NA,NA,NA,NA,NA,NA,NA,NA,NA,0.00,NA,NA,NA
2025-07-19 04:00:00,NA,NA,NA,NA,NA,NA,NA,NA,NA,NA,NA,NA,NA,NA,NA,NA,NA,NA,NA,NA,0.00,NA,NA,NA
2025-07-19 05:00:00,NA,NA,NA,NA,NA,NA,NA,NA,NA,NA,NA,NA,NA,NA,NA,NA,NA,NA,NA,NA,0.00,NA,NA,NA
2025-07-19 06:00:00,NA,NA,NA,NA,NA,NA,NA,NA,NA,NA,NA,NA,NA,NA,NA,NA,NA,NA,NA,NA,0.00,NA,NA,NA
2025-07-19 07:00:00,NA,NA,NA,NA,NA,NA,NA,NA,NA,NA,NA,NA,NA,NA,NA,NA,NA,NA,NA,NA,0.00,NA,NA,NA
2025-07-19 08:00:00,NA,NA,NA,NA,NA,NA,NA,NA,NA,NA,NA,NA,NA,NA,NA,NA,NA,NA,NA,NA,0.00,NA,NA,NA
2025-07-19 09:00:00,NA,NA,NA,NA,NA,NA,NA,NA,NA,NA,NA,NA,NA,NA,NA,NA,NA,NA,NA,NA,0.00,NA,NA,NA
2025-07-19 10:00:00,NA,NA,NA,NA,NA,NA,NA,NA,NA,NA,NA,NA,NA,NA,NA,NA,NA,NA,NA,NA,0.00,NA,NA,NA
2025-07-19 11:00:00,NA,NA,NA,NA,NA,NA,NA,NA,NA,NA,NA,NA,NA,NA,NA,NA,NA,NA,NA,NA,0.00,NA,NA,NA
2025-07-19 12:00:00,NA,NA,NA,NA,NA,NA,NA,NA,NA,NA,NA,NA,NA,NA,NA,NA,NA,NA,NA,NA,0.00,NA,NA,NA
2025-07-19 13:00:00,NA,NA,NA,NA,NA,NA,NA,NA,NA,NA,NA,NA,NA,NA,NA,NA,NA,NA,NA,NA,0.00,NA,NA,NA
2025-07-19 14:00:00,NA,NA,NA,NA,NA,NA,NA,NA,NA,NA,NA,NA,NA,NA,NA,NA,NA,NA,NA,NA,0.00,NA,NA,NA
2025-07-19 15:00:00,NA,NA,NA,NA,NA,NA,NA,NA,NA,NA,NA,NA,NA,NA,NA,NA,NA,NA,NA,NA,0.00,NA,NA,NA
2025-07-19 16:00:00,NA,NA,NA,NA,NA,NA,NA,NA,NA,NA,NA,NA,NA,NA,NA,NA,NA,NA,NA,NA,0.00,NA,NA,NA
2025-07-19 17:00:00,NA,NA,NA,NA,NA,NA,NA,NA,NA,NA,NA,NA,NA,NA,NA,NA,NA,NA,NA,NA,0.00,NA,NA,NA
2025-07-19 18:00:00,NA,NA,NA,NA,NA,NA,NA,NA,NA,NA,NA,NA,NA,NA,NA,NA,NA,NA,NA,NA,0.00,NA,NA,NA
2025-07-19 19:00:00,NA,NA,NA,NA,NA,NA,NA,NA,NA,NA,NA,NA,NA,NA,NA,NA,NA,NA,NA,NA,0.00,NA,NA,NA
2025-07-19 20:00:00,NA,NA,NA,NA,NA,NA,NA,NA,NA,NA,NA,NA,NA,NA,NA,NA,NA,NA,NA,NA,0.00,NA,NA,NA
2025-07-19 21:00:00,NA,NA,NA,NA,NA,NA,NA,NA,NA,NA,NA,NA,NA,NA,NA,NA,NA,NA,NA,NA,0.00,NA,NA,NA
2025-07-19 22:00:00,NA,NA,NA,NA,NA,NA,NA,NA,NA,NA,NA,NA,NA,NA,NA,NA,NA,NA,NA,NA,0.00,NA,NA,NA
2025-07-19 23:00:00,NA,NA,NA,NA,NA,NA,NA,NA,NA,NA,NA,NA,NA,NA,NA,NA,NA,NA,NA,NA,0.00,NA,NA,NA
2025-07-20 00:00:00,NA,NA,NA,NA,NA,NA,NA,NA,NA,NA,NA,NA,NA,NA,NA,NA,NA,NA,NA,NA,0.00,NA,NA,NA
2025-07-20 01:00:00,NA,NA,NA,NA,NA,NA,NA,NA,NA,NA,NA,NA,NA,NA,NA,NA,NA,NA,NA,NA,0.00,NA,NA,NA
2025-07-20 02:00:00,NA,NA,NA,NA,NA,NA,NA,NA,NA,NA,NA,NA,NA,NA,NA,NA,NA,NA,NA,NA,0.00,NA,NA,NA
2025-07-20 03:00:00,NA,NA,NA,NA,NA,NA,NA,NA,NA,NA,NA,NA,NA,NA,NA,NA,NA,NA,NA,NA,0.00,NA,NA,NA
2025-07-20 04:00:00,NA,NA,NA,NA,NA,NA,NA,NA,NA,NA,NA,NA,NA,NA,NA,NA,NA,NA,NA,NA,0.00,NA,NA,NA
2025-07-20 05:00:00,NA,NA,NA,NA,NA,NA,NA,NA,NA,NA,NA,NA,NA,NA,NA,NA,NA,NA,NA,NA,0.00,NA,NA,NA
2025-07-20 06:00:00,NA,NA,NA,NA,NA,NA,NA,NA,NA,NA,NA,NA,NA,NA,NA,NA,NA,NA,NA,NA,0.00,NA,NA,NA
2025-07-20 07:00:00,NA,NA,NA,NA,NA,NA,NA,NA,NA,NA,NA,NA,NA,NA,NA,NA,NA,NA,NA,NA,0.00,NA,NA,NA
2025-07-20 08:00:00,NA,NA,NA,NA,NA,NA,NA,NA,NA,NA,NA,NA,NA,NA,NA,NA,NA,NA,NA,NA,0.00,NA,NA,NA
2025-07-20 09:00:00,NA,NA,NA,NA,NA,NA,NA,NA,NA,NA,NA,NA,NA,NA,NA,NA,NA,NA,NA,NA,0.00,NA,NA,NA
2025-07-20 10:00:00,NA,NA,NA,NA,NA,NA,NA,NA,NA,NA,NA,NA,NA,NA,NA,NA,NA,NA,NA,NA,0.00,NA,NA,NA
2025-07-20 11:00:00,NA,NA,NA,NA,NA,NA,NA,NA,NA,NA,NA,NA,NA,NA,NA,NA,NA,NA,NA,NA,0.00,NA,NA,NA
2025-07-20 12:00:00,NA,NA,NA,NA,NA,NA,NA,NA,NA,NA,NA,NA,NA,NA,NA,NA,NA,NA,NA,NA,0.00,NA,NA,NA
2025-07-20 13:00:00,NA,NA,NA,NA,NA,NA,NA,NA,NA,NA,NA,NA,NA,NA,NA,NA,NA,NA,NA,NA,0.00,NA,NA,NA
2025-07-20 14:00:00,NA,NA,NA,NA,NA,NA,NA,NA,NA,NA,NA,NA,NA,NA,NA,NA,NA,NA,NA,NA,0.00,NA,NA,NA
2025-07-20 15:00:00,NA,NA,NA,NA,NA,NA,NA,NA,NA,NA,NA,NA,NA,NA,NA,NA,NA,NA,NA,NA,0.00,NA,NA,NA
2025-07-20 16:00:00,NA,NA,NA,NA,NA,NA,NA,NA,NA,NA,NA,NA,NA,NA,NA,NA,NA,NA,NA,NA,0.00,NA,NA,NA
2025-07-20 17:00:00,NA,NA,NA,NA,NA,NA,NA,NA,NA,NA,NA,NA,NA,NA,NA,NA,NA,NA,NA,NA,0.00,NA,NA,NA
2025-07-20 18:00:00,NA,NA,NA,NA,NA,NA,NA,NA,NA,NA,NA,NA,NA,NA,NA,NA,NA,NA,NA,NA,0.00,NA,NA,NA
2025-07-20 19:00:00,NA,NA,NA,NA,NA,NA,NA,NA,NA,NA,NA,NA,NA,NA,NA,NA,NA,NA,NA,NA,0.00,NA,NA,NA
2025-07-20 20:00:00,NA,NA,NA,NA,NA,NA,NA,NA,NA,NA,NA,NA,NA,NA,NA,NA,NA,NA,NA,NA,0.00,NA,NA,NA
2025-07-20 21:00:00,NA,NA,NA,NA,NA,NA,NA,NA,NA,NA,NA,NA,NA,NA,NA,NA,NA,NA,NA,NA,0.00,NA,NA,NA
2025-07-20 22:00:00,NA,NA,NA,NA,NA,NA,NA,NA,NA,NA,NA,NA,NA,NA,NA,NA,NA,NA,NA,NA,0.00,NA,NA,NA
2025-07-20 23:00:00,NA,NA,NA,NA,NA,NA,NA,NA,NA,NA,NA,NA,NA,NA,NA,NA,NA,NA,NA,NA,0.00,NA,NA,NA
2025-07-21 00:00:00,NA,NA,NA,NA,NA,NA,NA,NA,NA,NA,NA,NA,NA,NA,NA,NA,NA,NA,NA,NA,0.00,NA,NA,NA
2025-07-21 01:00:00,NA,NA,NA,NA,NA,NA,NA,NA,NA,NA,NA,NA,NA,NA,NA,NA,NA,NA,NA,NA,0.00,NA,NA,NA
2025-07-21 02:00:00,NA,NA,NA,NA,NA,NA,NA,NA,NA,NA,NA,NA,NA,NA,NA,NA,NA,NA,NA,NA,0.00,NA,NA,NA
2025-07-21 03:00:00,NA,NA,NA,NA,NA,NA,NA,NA,NA,NA,NA,NA,NA,NA,NA,NA,NA,NA,NA,NA,0.00,NA,NA,NA
2025-07-21 04:00:00,NA,NA,NA,NA,NA,NA,NA,NA,NA,NA,NA,NA,NA,NA,NA,NA,NA,NA,NA,NA,0.00,NA,NA,NA
2025-07-21 05:00:00,NA,NA,NA,NA,NA,NA,NA,NA,NA,NA,NA,NA,NA,NA,NA,NA,NA,NA,NA,NA,0.00,NA,NA,NA
2025-07-21 06:00:00,NA,NA,NA,NA,NA,NA,NA,NA,NA,NA,NA,NA,NA,NA,NA,NA,NA,NA,NA,NA,0.00,NA,NA,NA
2025-07-21 07:00:00,NA,NA,NA,NA,NA,NA,NA,NA,NA,NA,NA,NA,NA,NA,NA,NA,NA,NA,NA,NA,0.00,NA,NA,NA
2025-07-21 08:00:00,24.70,84.19,18.25,45.58,24.96,NA,NA,NA,0.98,NA,NA,NA,NA,NA,NA,NA,NA,NA,NA,NA,0.00,NA,NA,NA
2025-07-21 09:00:00,33.35,116.94,12.95,52.28,23.36,NA,NA,NA,1.15,NA,NA,NA,NA,NA,NA,NA,NA,NA,NA,NA,0.00,NA,NA,NA
2025-07-21 10:00:00,36.10,113.24,10.17,31.13,15.52,NA,NA,NA,0.93,NA,NA,NA,NA,NA,NA,NA,NA,NA,NA,NA,0.00,NA,NA,NA
2025-07-21 11:00:00,35.86,98.86,9.82,30.10,15.01,NA,NA,NA,0.83,NA,NA,NA,NA,NA,NA,NA,NA,NA,NA,NA,0.00,NA,NA,NA
2025-07-21 12:00:00,39.10,107.98,10.47,31.25,15.76,NA,NA,NA,0.93,NA,NA,NA,NA,NA,NA,NA,NA,NA,NA,NA,0.00,NA,NA,NA
2025-07-21 13:00:00,41.70,153.43,7.92,22.02,11.46,NA,NA,NA,0.97,NA,NA,NA,NA,NA,NA,NA,NA,NA,NA,NA,0.00,NA,NA,NA
2025-07-21 14:00:00,48.14,337.66,6.86,16.77,9.28,NA,NA,NA,0.87,NA,NA,NA,NA,NA,NA,NA,NA,NA,NA,NA,0.00,NA,NA,NA
2025-07-21 15:00:00,34.46,109.51,6.45,9.36,6.91,NA,NA,NA,0.71,NA,NA,NA,NA,NA,NA,NA,NA,NA,NA,NA,0.00,NA,NA,NA
2025-07-21 16:00:00,41.53,99.52,8.00,44.10,17.77,NA,NA,NA,0.99,NA,NA,NA,NA,NA,NA,NA,NA,NA,NA,NA,0.00,NA,NA,NA
2025-07-21 17:00:00,45.28,97.85,9.87,51.83,21.19,NA,NA,NA,0.98,NA,NA,NA,NA,NA,NA,NA,NA,NA,NA,NA,0.00,NA,NA,NA
2025-07-21 18:00:00,7.86,34.53,9.97,58.41,23.12,NA,NA,NA,1.10,NA,NA,NA,NA,NA,NA,NA,NA,NA,NA,NA,0.00,NA,NA,NA
2025-07-21 19:00:00,10.09,25.23,13.08,84.40,32.53,NA,NA,NA,1.40,NA,NA,NA,NA,NA,NA,NA,NA,NA,NA,NA,0.00,NA,NA,NA
2025-07-21 20:00:00,20.45,87.98,42.36,97.84,55.70,NA,NA,NA,2.38,NA,NA,NA,NA,NA,NA,NA,NA,NA,NA,NA,0.00,NA,NA,NA
2025-07-21 21:00:00,26.92,115.82,64.14,92.05,68.45,NA,NA,NA,2.62,NA,NA,NA,NA,NA,NA,NA,NA,NA,NA,NA,0.00,NA,NA,NA
2025-07-21 22:00:00,29.08,82.64,109.13,81.99,95.35,NA,NA,NA,2.98,NA,NA,NA,NA,NA,NA,NA,NA,NA,NA,NA,0.00,NA,NA,NA
2025-07-21 23:00:00,30.33,116.71,125.60,80.44,105.76,NA,NA,NA,3.39,NA,NA,NA,NA,NA,NA,NA,NA,NA,NA,NA,0.00,NA,NA,NA
2025-07-22 00:00:00,50.53,163.65,28.95,64.78,37.45,NA,NA,NA,1.80,NA,NA,NA,NA,NA,NA,NA,NA,NA,NA,NA,0.00,NA,NA,NA
2025-07-22 01:00:00,55.38,160.60,25.85,53.56,32.24,NA,NA,NA,1.54,NA,NA,NA,NA,NA,NA,NA,NA,NA,NA,NA,0.00,NA,NA,NA
2025-07-22 02:00:00,47.60,141.60,26.56,64.36,35.76,NA,NA,NA,1.18,NA,NA,NA,NA,NA,NA,NA,NA,NA,NA,NA,0.00,NA,NA,NA
2025-07-22 03:00:00,41.47,107.10,34.66,70.40,42.82,NA,NA,NA,1.09,NA,NA,NA,NA,NA,NA,NA,NA,NA,NA,NA,0.00,NA,NA,NA
2025-07-22 04:00:00,30.88,102.51,16.83,52.98,26.11,NA,NA,NA,0.97,NA,NA,NA,NA,NA,NA,NA,NA,NA,NA,NA,0.00,NA,NA,NA
2025-07-22 05:00:00,41.13,99.27,25.73,56.03,32.86,NA,NA,NA,1.05,NA,NA,NA,NA,NA,NA,NA,NA,NA,NA,NA,0.00,NA,NA,NA
2025-07-22 06:00:00,38.77,118.30,31.97,48.19,34.77,NA,NA,NA,1.18,NA,NA,NA,NA,NA,NA,NA,NA,NA,NA,NA,0.00,NA,NA,NA
2025-07-22 07:00:00,47.20,95.99,19.19,45.04,25.42,NA,NA,NA,1.02,NA,NA,NA,NA,NA,NA,NA,NA,NA,NA,NA,0.00,NA,NA,NA
2025-07-22 08:00:00,33.25,88.15,13.44,36.80,19.29,NA,NA,NA,0.95,NA,NA,NA,NA,NA,NA,NA,NA,NA,NA,NA,0.00,NA,NA,NA
2025-07-22 09:00:00,35.83,91.32,10.28,37.60,17.43,NA,NA,NA,1.05,NA,NA,NA,NA,NA,NA,NA,NA,NA,NA,NA,0.00,NA,NA,NA
2025-07-22 10:00:00,43.54,96.22,9.64,44.60,18.99,NA,NA,NA,1.03,NA,NA,NA,NA,NA,NA,NA,NA,NA,NA,NA,0.00,NA,NA,NA
2025-07-22 11:00:00,28.61,51.77,11.05,38.58,18.22,NA,NA,NA,1.03,NA,NA,NA,NA,NA,NA,NA,NA,NA,NA,NA,0.00,NA,NA,NA
2025-07-22 12:00:00,12.29,25.88,12.26,37.67,18.76,NA,NA,NA,0.95,NA,NA,NA,NA,NA,NA,NA,NA,NA,NA,NA,0.00,NA,NA,NA
2025-07-22 13:00:00,12.33,26.78,12.18,25.67,15.32,NA,NA,NA,0.90,NA,NA,NA,NA,NA,NA,NA,NA,NA,NA,NA,0.00,NA,NA,NA
2025-07-22 14:00:00,5.17,20.48,12.12,37.11,18.51,NA,NA,NA,1.01,NA,NA,NA,NA,NA,NA,NA,NA,NA,NA,NA,0.00,NA,NA,NA
2025-07-22 15:00:00,21.35,36.57,16.90,69.25,30.76,NA,NA,NA,1.31,NA,NA,NA,NA,NA,NA,NA,NA,NA,NA,NA,0.00,NA,NA,NA
2025-07-22 16:00:00,21.16,45.44,11.03,66.81,26.20,NA,NA,NA,1.21,NA,NA,NA,NA,NA,NA,NA,NA,NA,NA,NA,0.00,NA,NA,NA
2025-07-22 17:00:00,36.97,62.26,9.31,70.89,26.21,NA,NA,NA,1.19,NA,NA,NA,NA,NA,NA,NA,NA,NA,NA,NA,0.00,NA,NA,NA
2025-07-22 18:00:00,34.67,74.28,7.76,81.27,28.13,NA,NA,NA,1.22,NA,NA,NA,NA,NA,NA,NA,NA,NA,NA,NA,0.00,NA,NA,NA
2025-07-22 19:00:00,41.24,91.24,7.94,92.69,31.47,NA,NA,NA,1.35,NA,NA,NA,NA,NA,NA,NA,NA,NA,NA,NA,0.00,NA,NA,NA
2025-07-22 20:00:00,37.19,111.76,10.94,67.25,26.26,NA,NA,NA,1.33,NA,NA,NA,NA,NA,NA,NA,NA,NA,NA,NA,0.00,NA,NA,NA
2025-07-22 21:00:00,18.52,82.27,24.14,63.89,34.03,NA,NA,NA,1.16,NA,NA,NA,NA,NA,NA,NA,NA,NA,NA,NA,0.00,NA,NA,NA
2025-07-22 22:00:00,12.08,52.21,17.87,72.27,32.26,NA,NA,NA,1.00,NA,NA,NA,NA,NA,NA,NA,NA,NA,NA,NA,0.00,NA,NA,NA
2025-07-22 23:00:00,0.90,35.84,12.61,60.90,25.56,NA,NA,NA,0.91,NA,NA,NA,NA,NA,NA,NA,NA,NA,NA,NA,0.00,NA,NA,NA
2025-07-23 00:00:00,7.04,42.49,13.63,58.38,25.53,NA,NA,NA,0.81,NA,NA,NA,NA,NA,NA,NA,NA,NA,NA,NA,0.00,NA,NA,NA
2025-07-23 01:00:00,12.98,43.94,13.91,48.63,22.96,NA,NA,NA,0.79,NA,NA,NA,NA,NA,NA,NA,NA,NA,NA,NA,0.00,NA,NA,NA
2025-07-23 02:00:00,14.76,54.82,22.82,51.88,29.76,NA,NA,NA,0.80,NA,NA,NA,NA,NA,NA,NA,NA,NA,NA,NA,0.00,NA,NA,NA
2025-07-23 03:00:00,17.12,42.16,20.85,43.81,26.17,NA,NA,NA,0.74,NA,NA,NA,NA,NA,NA,NA,NA,NA,NA,NA,0.00,NA,NA,NA
2025-07-23 04:00:00,12.22,44.24,19.48,39.67,24.10,NA,NA,NA,0.86,NA,NA,NA,NA,NA,NA,NA,NA,NA,NA,NA,0.00,NA,NA,NA
2025-07-23 05:00:00,14.71,56.10,45.70,35.66,40.30,NA,NA,NA,1.03,NA,NA,NA,NA,NA,NA,NA,NA,NA,NA,NA,0.00,NA,NA,NA
2025-07-23 06:00:00,31.37,97.06,40.53,38.82,37.76,NA,NA,NA,1.15,NA,NA,NA,NA,NA,NA,NA,NA,NA,NA,NA,0.00,NA,NA,NA
2025-07-23 07:00:00,25.88,75.89,39.69,26.38,33.69,NA,NA,NA,1.01,NA,NA,NA,NA,NA,NA,NA,NA,NA,NA,NA,0.00,NA,NA,NA
2025-07-23 08:00:00,26.02,51.37,15.57,22.48,16.66,NA,NA,NA,0.90,NA,NA,NA,NA,NA,NA,NA,NA,NA,NA,NA,0.00,NA,NA,NA
2025-07-23 09:00:00,15.02,35.69,40.79,49.17,40.88,NA,NA,NA,1.13,NA,NA,NA,NA,NA,NA,NA,NA,NA,NA,NA,0.00,NA,NA,NA
2025-07-23 10:00:00,8.84,21.02,27.10,57.30,34.13,NA,NA,NA,1.00,NA,NA,NA,NA,NA,NA,NA,NA,NA,NA,NA,0.00,NA,NA,NA
2025-07-23 11:00:00,11.50,57.49,20.00,47.37,26.61,NA,NA,NA,0.91,NA,NA,NA,NA,NA,NA,NA,NA,NA,NA,NA,0.00,NA,NA,NA
2025-07-23 12:00:00,19.62,63.15,22.40,61.48,32.20,NA,NA,NA,1.29,NA,NA,NA,NA,NA,NA,NA,NA,NA,NA,NA,0.00,NA,NA,NA
2025-07-23 13:00:00,17.71,62.68,19.78,61.96,30.58,NA,NA,NA,1.08,NA,NA,NA,NA,NA,NA,NA,NA,NA,NA,NA,0.00,NA,NA,NA
2025-07-23 14:00:00,18.85,67.70,18.89,46.80,25.73,NA,NA,NA,0.82,NA,NA,NA,NA,NA,NA,NA,NA,NA,NA,NA,0.00,NA,NA,NA
2025-07-23 15:00:00,21.15,73.44,14.17,34.73,19.19,NA,NA,NA,0.64,NA,NA,NA,NA,NA,NA,NA,NA,NA,NA,NA,0.00,NA,NA,NA
2025-07-23 16:00:00,23.18,67.91,15.78,38.85,21.42,NA,NA,NA,0.71,NA,NA,NA,NA,NA,NA,NA,NA,NA,NA,NA,0.00,NA,NA,NA
2025-07-23 17:00:00,15.55,58.41,16.24,40.88,22.32,NA,NA,NA,0.68,NA,NA,NA,NA,NA,NA,NA,NA,NA,NA,NA,0.00,NA,NA,NA
2025-07-23 18:00:00,14.91,52.68,14.97,42.35,21.89,NA,NA,NA,0.76,NA,NA,NA,NA,NA,NA,NA,NA,NA,NA,NA,0.00,NA,NA,NA
2025-07-23 19:00:00,25.47,70.88,19.81,54.96,28.62,NA,NA,NA,0.76,NA,NA,NA,NA,NA,NA,NA,NA,NA,NA,NA,0.00,NA,NA,NA
2025-07-23 20:00:00,20.12,74.04,45.99,63.89,48.48,NA,NA,NA,1.05,NA,NA,NA,NA,NA,NA,NA,NA,NA,NA,NA,0.00,NA,NA,NA
2025-07-23 21:00:00,21.67,89.28,30.81,53.12,35.39,NA,NA,NA,1.14,NA,NA,NA,NA,NA,NA,NA,NA,NA,NA,NA,0.00,NA,NA,NA
2025-07-23 22:00:00,24.87,102.72,34.23,55.97,38.46,NA,NA,NA,1.19,NA,NA,NA,NA,NA,NA,NA,NA,NA,NA,NA,0.00,NA,NA,NA
2025-07-23 23:00:00,28.86,129.64,34.88,63.68,41.08,NA,NA,NA,1.51,NA,NA,NA,NA,NA,NA,NA,NA,NA,NA,NA,0.00,NA,NA,NA
2025-07-24 00:00:00,41.96,150.00,42.32,72.46,48.46,NA,NA,NA,1.31,NA,NA,NA,NA,NA,NA,NA,NA,NA,NA,NA,0.00,NA,NA,NA
2025-07-24 01:00:00,40.05,133.18,36.56,64.00,42.25,NA,NA,NA,1.23,NA,NA,NA,NA,NA,NA,NA,NA,NA,NA,NA,0.00,NA,NA,NA
2025-07-24 02:00:00,32.21,92.27,10.08,24.89,13.70,NA,NA,NA,0.67,NA,NA,NA,NA,NA,NA,NA,NA,NA,NA,NA,0.00,NA,NA,NA
2025-07-24 03:00:00,3.54,24.91,7.79,19.74,10.73,NA,NA,NA,0.59,NA,NA,NA,NA,NA,NA,NA,NA,NA,NA,NA,0.00,NA,NA,NA
2025-07-24 04:00:00,8.20,22.22,7.77,23.66,11.83,NA,NA,NA,0.62,NA,NA,NA,NA,NA,NA,NA,NA,NA,NA,NA,0.00,NA,NA,NA
2025-07-24 05:00:00,8.06,32.04,14.62,41.08,21.30,NA,NA,NA,0.74,NA,NA,NA,NA,NA,NA,NA,NA,NA,NA,NA,0.00,NA,NA,NA
2025-07-24 06:00:00,12.77,51.73,22.95,39.26,26.28,NA,NA,NA,0.86,NA,NA,NA,NA,NA,NA,NA,NA,NA,NA,NA,0.00,NA,NA,NA
2025-07-24 07:00:00,12.85,54.14,28.05,37.17,29.06,NA,NA,NA,0.86,NA,NA,NA,NA,NA,NA,NA,NA,NA,NA,NA,0.00,NA,NA,NA
2025-07-24 08:00:00,22.92,66.54,18.73,21.05,18.34,NA,NA,NA,0.74,NA,NA,NA,NA,NA,NA,NA,NA,NA,NA,NA,0.00,NA,NA,NA
2025-07-24 09:00:00,29.97,82.58,11.07,6.78,9.24,NA,NA,NA,0.78,NA,NA,NA,NA,NA,NA,NA,NA,NA,NA,NA,0.00,NA,NA,NA
2025-07-24 10:00:00,35.56,87.13,10.30,6.32,8.59,NA,NA,NA,0.64,NA,NA,NA,NA,NA,NA,NA,NA,NA,NA,NA,0.00,NA,NA,NA
2025-07-24 11:00:00,43.88,104.36,9.99,11.56,9.88,NA,NA,NA,0.89,NA,NA,NA,NA,NA,NA,NA,NA,NA,NA,NA,0.00,NA,NA,NA
2025-07-24 12:00:00,40.04,103.08,8.67,16.88,10.50,NA,NA,NA,0.58,NA,NA,NA,NA,NA,NA,NA,NA,NA,NA,NA,0.00,NA,NA,NA
2025-07-24 13:00:00,44.06,104.47,8.41,12.69,9.15,NA,NA,NA,0.60,NA,NA,NA,NA,NA,NA,NA,NA,NA,NA,NA,0.00,NA,NA,NA
2025-07-24 14:00:00,35.67,102.92,9.15,15.41,10.41,NA,NA,NA,0.58,NA,NA,NA,NA,NA,NA,NA,NA,NA,NA,NA,0.00,NA,NA,NA
2025-07-24 15:00:00,39.04,111.02,8.92,13.58,9.74,NA,NA,NA,0.58,NA,NA,NA,NA,NA,NA,NA,NA,NA,NA,NA,0.00,NA,NA,NA
2025-07-24 16:00:00,36.43,103.54,8.94,13.00,9.58,NA,NA,NA,0.54,NA,NA,NA,NA,NA,NA,NA,NA,NA,NA,NA,0.00,NA,NA,NA
2025-07-24 17:00:00,37.02,119.28,8.65,22.00,11.94,NA,NA,NA,0.60,NA,NA,NA,NA,NA,NA,NA,NA,NA,NA,NA,0.00,NA,NA,NA
2025-07-24 18:00:00,35.62,117.05,8.82,39.52,17.00,NA,NA,NA,0.71,NA,NA,NA,NA,NA,NA,NA,NA,NA,NA,NA,0.00,NA,NA,NA
2025-07-24 19:00:00,44.06,123.84,7.63,40.87,16.60,NA,NA,NA,0.91,NA,NA,NA,NA,NA,NA,NA,NA,NA,NA,NA,0.00,NA,NA,NA
2025-07-24 20:00:00,36.60,129.31,8.11,45.92,18.35,NA,NA,NA,1.04,NA,NA,NA,NA,NA,NA,NA,NA,NA,NA,NA,0.00,NA,NA,NA
2025-07-24 21:00:00,28.24,119.40,7.30,34.75,14.66,NA,NA,NA,0.90,NA,NA,NA,NA,NA,NA,NA,NA,NA,NA,NA,0.00,NA,NA,NA
2025-07-24 22:00:00,22.65,123.74,7.37,39.90,16.16,NA,NA,NA,0.94,NA,NA,NA,NA,NA,NA,NA,NA,NA,NA,NA,0.00,NA,NA,NA
2025-07-24 23:00:00,35.78,152.14,7.70,35.88,15.24,NA,NA,NA,0.98,NA,NA,NA,NA,NA,NA,NA,NA,NA,NA,NA,0.00,NA,NA,NA
2025-07-25 00:00:00,35.48,140.66,7.79,32.22,14.27,NA,NA,NA,0.94,NA,NA,NA,NA,NA,NA,NA,NA,NA,NA,NA,0.00,NA,NA,NA
2025-07-25 01:00:00,35.68,140.11,10.05,33.44,16.10,NA,NA,NA,0.98,NA,NA,NA,NA,NA,NA,NA,NA,NA,NA,NA,0.00,NA,NA,NA
2025-07-25 02:00:00,42.58,127.20,9.45,28.72,14.38,NA,NA,NA,1.06,NA,NA,NA,NA,NA,NA,NA,NA,NA,NA,NA,0.00,NA,NA,NA
2025-07-25 03:00:00,43.07,127.08,8.69,26.97,13.38,NA,NA,NA,0.89,NA,NA,NA,NA,NA,NA,NA,NA,NA,NA,NA,0.00,NA,NA,NA
2025-07-25 04:00:00,44.90,117.19,11.02,29.78,15.71,NA,NA,NA,0.92,NA,NA,NA,NA,NA,NA,NA,NA,NA,NA,NA,0.00,NA,NA,NA
2025-07-25 05:00:00,27.10,96.42,14.12,34.89,19.20,NA,NA,NA,0.90,NA,NA,NA,NA,NA,NA,NA,NA,NA,NA,NA,0.00,NA,NA,NA
2025-07-25 06:00:00,22.52,74.78,15.55,26.09,17.66,NA,NA,NA,0.84,NA,NA,NA,NA,NA,NA,NA,NA,NA,NA,NA,0.00,NA,NA,NA
2025-07-25 07:00:00,12.18,76.69,16.63,15.51,15.38,NA,NA,NA,0.79,NA,NA,NA,NA,NA,NA,NA,NA,NA,NA,NA,0.00,NA,NA,NA
2025-07-25 08:00:00,15.86,73.34,14.00,13.78,13.14,NA,NA,NA,0.75,NA,NA,NA,NA,NA,NA,NA,NA,NA,NA,NA,0.00,NA,NA,NA
2025-07-25 09:00:00,39.04,91.54,9.83,11.93,9.88,NA,NA,NA,0.73,NA,NA,NA,NA,NA,NA,NA,NA,NA,NA,NA,0.00,NA,NA,NA
2025-07-25 10:00:00,41.61,105.31,11.13,12.20,10.81,NA,NA,NA,0.66,NA,NA,NA,NA,NA,NA,NA,NA,NA,NA,NA,0.00,NA,NA,NA
2025-07-25 11:00:00,42.91,95.00,11.09,7.31,9.40,NA,NA,NA,0.85,NA,NA,NA,NA,NA,NA,NA,NA,NA,NA,NA,0.00,NA,NA,NA
2025-07-25 12:00:00,47.29,102.89,9.06,16.40,10.63,NA,NA,NA,0.59,NA,NA,NA,NA,NA,NA,NA,NA,NA,NA,NA,0.00,NA,NA,NA
2025-07-25 13:00:00,71.12,151.52,11.97,13.80,11.82,NA,NA,NA,0.54,NA,NA,NA,NA,NA,NA,NA,NA,NA,NA,NA,0.00,NA,NA,NA
2025-07-25 14:00:00,85.36,156.19,9.88,19.65,12.08,NA,NA,NA,0.52,NA,NA,NA,NA,NA,NA,NA,NA,NA,NA,NA,0.00,NA,NA,NA
2025-07-25 15:00:00,62.89,122.62,7.72,23.76,11.82,NA,NA,NA,NA,NA,NA,NA,NA,NA,NA,NA,NA,NA,NA,NA,0.00,NA,NA,NA
2025-07-25 16:00:00,42.73,103.38,5.34,31.73,12.50,NA,NA,NA,0.47,NA,NA,NA,NA,NA,NA,NA,NA,NA,NA,NA,0.00,NA,NA,NA
2025-07-25 17:00:00,36.28,99.29,5.10,34.76,13.20,NA,NA,NA,0.51,NA,NA,NA,NA,NA,NA,NA,NA,NA,NA,NA,0.00,NA,NA,NA
2025-07-25 18:00:00,23.38,86.41,2.26,30.65,9.76,NA,NA,NA,0.60,NA,NA,NA,NA,NA,NA,NA,NA,NA,NA,NA,0.00,NA,NA,NA
2025-07-25 19:00:00,21.45,80.89,0.64,30.12,8.58,NA,NA,NA,0.69,NA,NA,NA,NA,NA,NA,NA,NA,NA,NA,NA,0.00,NA,NA,NA
2025-07-25 20:00:00,14.81,65.16,2.56,41.47,12.52,NA,NA,NA,0.84,NA,NA,NA,NA,NA,NA,NA,NA,NA,NA,NA,0.00,NA,NA,NA
2025-07-25 21:00:00,8.56,69.10,6.99,48.61,18.38,NA,NA,NA,1.22,NA,NA,NA,NA,NA,NA,NA,NA,NA,NA,NA,0.00,NA,NA,NA
2025-07-25 22:00:00,17.02,147.06,29.00,52.17,33.93,NA,NA,NA,1.70,NA,NA,NA,NA,NA,NA,NA,NA,NA,NA,NA,0.00,NA,NA,NA
2025-07-25 23:00:00,22.27,139.90,16.88,45.43,24.00,NA,NA,NA,1.51,NA,NA,NA,NA,NA,NA,NA,NA,NA,NA,NA,0.00,NA,NA,NA
2025-07-26 00:00:00,19.89,69.38,10.68,42.87,19.19,NA,NA,NA,1.19,NA,NA,NA,NA,NA,NA,NA,NA,NA,NA,NA,0.00,NA,NA,NA
2025-07-26 01:00:00,5.24,32.48,7.24,29.63,13.17,NA,NA,NA,1.12,NA,NA,NA,NA,NA,NA,NA,NA,NA,NA,NA,0.00,NA,NA,NA
2025-07-26 02:00:00,1.90,30.14,5.21,27.46,11.22,NA,NA,NA,1.17,NA,NA,NA,NA,NA,NA,NA,NA,NA,NA,NA,0.00,NA,NA,NA
2025-07-26 03:00:00,10.09,47.05,6.23,30.81,12.84,NA,NA,NA,1.13,NA,NA,NA,NA,NA,NA,NA,NA,NA,NA,NA,0.00,NA,NA,NA
2025-07-26 04:00:00,15.50,37.83,3.41,26.34,9.71,NA,NA,NA,1.08,NA,NA,NA,NA,NA,NA,NA,NA,NA,NA,NA,0.00,NA,NA,NA
2025-07-26 05:00:00,17.38,47.26,5.78,30.97,12.59,NA,NA,NA,1.11,NA,NA,NA,NA,NA,NA,NA,NA,NA,NA,NA,0.00,NA,NA,NA
2025-07-26 06:00:00,25.02,36.20,4.64,28.67,11.18,NA,NA,NA,1.13,NA,NA,NA,NA,NA,NA,NA,NA,NA,NA,NA,0.00,NA,NA,NA
2025-07-26 07:00:00,11.17,33.95,3.31,25.46,9.39,NA,NA,NA,1.11,NA,NA,NA,NA,NA,NA,NA,NA,NA,NA,NA,0.00,NA,NA,NA
2025-07-26 08:00:00,6.44,34.70,2.37,24.86,8.60,NA,NA,NA,1.13,NA,NA,NA,NA,NA,NA,NA,NA,NA,NA,NA,0.00,NA,NA,NA
2025-07-26 09:00:00,25.46,52.80,0.25,25.49,7.28,NA,NA,NA,1.04,NA,NA,NA,NA,NA,NA,NA,NA,NA,NA,NA,0.00,NA,NA,NA
2025-07-26 10:00:00,29.82,59.52,NA,24.59,5.81,NA,NA,NA,1.05,NA,NA,NA,NA,NA,NA,NA,NA,NA,NA,NA,0.00,NA,NA,NA
2025-07-26 11:00:00,43.30,68.38,NA,23.78,4.51,NA,NA,NA,1.04,NA,NA,NA,NA,NA,NA,NA,NA,NA,NA,NA,0.00,NA,NA,NA
2025-07-26 12:00:00,24.64,50.01,NA,23.39,3.95,NA,NA,NA,1.05,NA,NA,NA,NA,NA,NA,NA,NA,NA,NA,NA,0.00,NA,NA,NA
2025-07-26 13:00:00,23.10,37.60,NA,20.30,2.57,NA,NA,NA,1.01,NA,NA,NA,NA,NA,NA,NA,NA,NA,NA,NA,0.00,NA,NA,NA
2025-07-26 14:00:00,19.96,41.02,NA,20.94,2.20,NA,NA,NA,0.95,NA,NA,NA,NA,NA,NA,NA,NA,NA,NA,NA,0.00,NA,NA,NA
2025-07-26 15:00:00,27.97,61.25,NA,25.59,3.88,NA,NA,NA,1.03,NA,NA,NA,NA,NA,NA,NA,NA,NA,NA,NA,0.00,NA,NA,NA
2025-07-26 16:00:00,38.60,99.62,NA,27.44,3.99,NA,NA,NA,1.12,NA,NA,NA,NA,NA,NA,NA,NA,NA,NA,NA,0.00,NA,NA,NA
2025-07-26 17:00:00,25.11,64.94,NA,24.84,2.90,NA,NA,NA,1.09,NA,NA,NA,NA,NA,NA,NA,NA,NA,NA,NA,0.00,NA,NA,NA
2025-07-26 18:00:00,15.62,41.60,NA,27.08,3.47,NA,NA,NA,1.08,NA,NA,NA,NA,NA,NA,NA,NA,NA,NA,NA,0.00,NA,NA,NA
2025-07-26 19:00:00,23.18,63.08,NA,35.43,6.19,NA,NA,NA,1.10,NA,NA,NA,NA,NA,NA,NA,NA,NA,NA,NA,0.00,NA,NA,NA
2025-07-26 20:00:00,22.90,83.85,NA,44.08,9.52,NA,NA,NA,1.25,NA,NA,NA,NA,NA,NA,NA,NA,NA,NA,NA,0.00,NA,NA,NA
2025-07-26 21:00:00,21.11,98.89,NA,50.84,12.96,NA,NA,NA,1.31,NA,NA,NA,NA,NA,NA,NA,NA,NA,NA,NA,0.00,NA,NA,NA
2025-07-26 22:00:00,23.76,84.88,1.48,50.20,13.72,NA,NA,NA,1.28,NA,NA,NA,NA,NA,NA,NA,NA,NA,NA,NA,0.00,NA,NA,NA
2025-07-26 23:00:00,29.11,102.44,2.58,48.93,15.00,NA,NA,NA,1.34,NA,NA,NA,NA,NA,NA,NA,NA,NA,NA,NA,0.00,NA,NA,NA
2025-07-27 00:00:00,33.60,94.56,NA,29.56,7.80,NA,NA,NA,1.19,NA,NA,NA,NA,NA,NA,NA,NA,NA,NA,NA,0.00,NA,NA,NA
2025-07-27 01:00:00,32.60,73.07,4.07,31.61,9.06,NA,NA,NA,1.24,NA,NA,NA,NA,NA,NA,NA,NA,NA,NA,NA,0.00,NA,NA,NA
2025-07-27 02:00:00,26.35,80.10,6.29,36.45,14.46,NA,NA,NA,1.24,NA,NA,NA,NA,NA,NA,NA,NA,NA,NA,NA,0.00,NA,NA,NA
2025-07-27 03:00:00,29.80,74.81,1.29,27.23,8.56,NA,NA,NA,1.13,NA,NA,NA,NA,NA,NA,NA,NA,NA,NA,NA,0.00,NA,NA,NA
2025-07-27 04:00:00,25.97,64.18,10.37,34.13,16.51,NA,NA,NA,1.16,NA,NA,NA,NA,NA,NA,NA,NA,NA,NA,NA,0.00,NA,NA,NA
2025-07-27 05:00:00,30.52,80.34,18.71,33.57,21.86,NA,NA,NA,1.17,NA,NA,NA,NA,NA,NA,NA,NA,NA,NA,NA,0.00,NA,NA,NA
2025-07-27 06:00:00,29.88,83.39,13.69,29.19,17.30,NA,NA,NA,1.16,NA,NA,NA,NA,NA,NA,NA,NA,NA,NA,NA,0.00,NA,NA,NA
2025-07-27 07:00:00,15.93,42.55,7.47,24.94,12.00,NA,NA,NA,1.15,NA,NA,NA,NA,NA,NA,NA,NA,NA,NA,NA,0.00,NA,NA,NA
2025-07-27 08:00:00,9.20,44.67,6.80,24.68,11.47,NA,NA,NA,1.13,NA,NA,NA,NA,NA,NA,NA,NA,NA,NA,NA,0.00,NA,NA,NA
2025-07-27 09:00:00,15.90,51.05,3.39,23.27,8.82,NA,NA,NA,1.02,NA,NA,NA,NA,NA,NA,NA,NA,NA,NA,NA,0.00,NA,NA,NA
2025-07-27 10:00:00,20.35,50.92,1.44,22.12,6.95,NA,NA,NA,1.06,NA,NA,NA,NA,NA,NA,NA,NA,NA,NA,NA,0.00,NA,NA,NA
2025-07-27 11:00:00,26.33,56.64,NA,25.94,6.27,NA,NA,NA,1.03,NA,NA,NA,NA,NA,NA,NA,NA,NA,NA,NA,0.00,NA,NA,NA
2025-07-27 12:00:00,19.57,48.92,NA,22.34,3.83,NA,NA,NA,1.01,NA,NA,NA,NA,NA,NA,NA,NA,NA,NA,NA,0.00,NA,NA,NA
2025-07-27 13:00:00,24.14,52.74,NA,21.78,2.73,NA,NA,NA,1.02,NA,NA,NA,NA,NA,NA,NA,NA,NA,NA,NA,0.00,NA,NA,NA
2025-07-27 14:00:00,27.24,61.08,11.73,19.09,10.23,NA,NA,NA,0.99,NA,NA,NA,NA,NA,NA,NA,NA,NA,NA,NA,0.00,NA,NA,NA
2025-07-27 15:00:00,25.55,57.52,11.77,19.18,13.21,NA,NA,NA,0.98,NA,NA,NA,NA,NA,NA,NA,NA,NA,NA,NA,0.00,NA,NA,NA
2025-07-27 16:00:00,26.54,62.90,11.81,21.14,13.79,NA,NA,NA,1.02,NA,NA,NA,NA,NA,NA,NA,NA,NA,NA,NA,0.00,NA,NA,NA
2025-07-27 17:00:00,20.02,57.24,11.83,23.18,14.38,NA,NA,NA,1.02,NA,NA,NA,NA,NA,NA,NA,NA,NA,NA,NA,0.00,NA,NA,NA
2025-07-27 18:00:00,18.31,58.02,11.71,29.43,16.07,NA,NA,NA,1.04,NA,NA,NA,NA,NA,NA,NA,NA,NA,NA,NA,0.00,NA,NA,NA
2025-07-27 19:00:00,19.09,69.41,12.27,29.17,16.36,NA,NA,NA,1.06,NA,NA,NA,NA,NA,NA,NA,NA,NA,NA,NA,0.00,NA,NA,NA
2025-07-27 20:00:00,24.36,84.51,13.28,34.51,18.54,NA,NA,NA,1.16,NA,NA,NA,NA,NA,NA,NA,NA,NA,NA,NA,0.00,NA,NA,NA
2025-07-27 21:00:00,26.55,105.80,14.05,35.37,19.29,NA,NA,NA,1.27,NA,NA,NA,NA,NA,NA,NA,NA,NA,NA,NA,0.00,NA,NA,NA
2025-07-27 22:00:00,26.67,80.80,14.53,32.10,18.68,NA,NA,NA,1.33,NA,NA,NA,NA,NA,NA,NA,NA,NA,NA,NA,0.00,NA,NA,NA
2025-07-27 23:00:00,23.04,82.56,15.18,31.54,18.95,NA,NA,NA,1.30,NA,NA,NA,NA,NA,NA,NA,NA,NA,NA,NA,0.00,NA,NA,NA
2025-07-28 00:00:00,25.76,88.35,14.83,26.13,17.20,NA,NA,NA,1.29,NA,NA,NA,NA,NA,NA,NA,NA,NA,NA,NA,0.00,NA,NA,NA
2025-07-28 01:00:00,22.43,67.86,15.10,24.36,16.88,NA,NA,NA,1.18,NA,NA,NA,NA,NA,NA,NA,NA,NA,NA,NA,0.00,NA,NA,NA
2025-07-28 02:00:00,21.36,73.83,15.24,22.29,16.38,NA,NA,NA,1.20,NA,NA,NA,NA,NA,NA,NA,NA,NA,NA,NA,0.00,NA,NA,NA
2025-07-28 03:00:00,17.50,206.93,16.58,26.16,18.36,NA,NA,NA,1.23,NA,NA,NA,NA,NA,NA,NA,NA,NA,NA,NA,0.00,NA,NA,NA
2025-07-28 04:00:00,23.02,86.00,16.25,24.11,17.57,NA,NA,NA,1.21,NA,NA,NA,NA,NA,NA,NA,NA,NA,NA,NA,0.00,NA,NA,NA
2025-07-28 05:00:00,21.58,79.33,16.58,25.11,18.07,NA,NA,NA,1.22,NA,NA,NA,NA,NA,NA,NA,NA,NA,NA,NA,0.00,NA,NA,NA
2025-07-28 06:00:00,30.92,67.79,17.83,23.95,18.56,NA,NA,NA,1.19,NA,NA,NA,NA,NA,NA,NA,NA,NA,NA,NA,0.00,NA,NA,NA
2025-07-28 07:00:00,31.21,76.66,16.84,20.59,16.95,NA,NA,NA,1.17,NA,NA,NA,NA,NA,NA,NA,NA,NA,NA,NA,0.00,NA,NA,NA
2025-07-28 08:00:00,29.73,64.37,15.69,20.68,16.22,NA,NA,NA,1.18,NA,NA,NA,NA,NA,NA,NA,NA,NA,NA,NA,0.00,NA,NA,NA
2025-07-28 09:00:00,35.57,70.68,14.38,19.39,14.99,NA,NA,NA,1.20,NA,NA,NA,NA,NA,NA,NA,NA,NA,NA,NA,0.00,NA,NA,NA
2025-07-28 10:00:00,36.11,71.30,13.68,22.40,15.38,NA,NA,NA,1.19,NA,NA,NA,NA,NA,NA,NA,NA,NA,NA,NA,0.00,NA,NA,NA
2025-07-28 11:00:00,39.11,103.68,13.15,25.14,15.80,NA,NA,NA,1.21,NA,NA,NA,NA,NA,NA,NA,NA,NA,NA,NA,0.00,NA,NA,NA
2025-07-28 12:00:00,44.57,104.50,11.94,28.36,15.91,NA,NA,NA,1.23,NA,NA,NA,NA,NA,NA,NA,NA,NA,NA,NA,0.00,NA,NA,NA
2025-07-28 13:00:00,38.44,88.66,10.93,21.73,13.37,NA,NA,NA,1.33,NA,NA,NA,NA,NA,NA,NA,NA,NA,NA,NA,0.00,NA,NA,NA
2025-07-28 14:00:00,49.83,102.93,10.61,26.37,14.48,NA,NA,NA,1.36,NA,NA,NA,NA,NA,NA,NA,NA,NA,NA,NA,0.00,NA,NA,NA
2025-07-28 15:00:00,57.63,124.89,10.71,27.23,14.78,NA,NA,NA,1.32,NA,NA,NA,NA,NA,NA,NA,NA,NA,NA,NA,0.00,NA,NA,NA
2025-07-28 16:00:00,33.05,60.94,12.65,29.60,16.74,NA,NA,NA,1.25,NA,NA,NA,NA,NA,NA,NA,NA,NA,NA,NA,0.00,NA,NA,NA
2025-07-28 17:00:00,14.97,30.21,14.03,31.89,18.29,NA,NA,NA,1.36,NA,NA,NA,NA,NA,NA,NA,NA,NA,NA,NA,0.00,NA,NA,NA
2025-07-28 18:00:00,44.50,83.40,18.98,61.74,30.02,NA,NA,NA,1.59,NA,NA,NA,NA,NA,NA,NA,NA,NA,NA,NA,0.00,NA,NA,NA
2025-07-28 19:00:00,47.86,128.51,14.69,59.52,26.55,NA,NA,NA,1.66,NA,NA,NA,NA,NA,NA,NA,NA,NA,NA,NA,0.00,NA,NA,NA
2025-07-28 20:00:00,46.54,188.30,35.83,65.39,42.20,NA,NA,NA,2.06,NA,NA,NA,NA,NA,NA,NA,NA,NA,NA,NA,0.00,NA,NA,NA
2025-07-28 21:00:00,48.71,174.75,29.02,44.34,31.72,NA,NA,NA,1.88,NA,NA,NA,NA,NA,NA,NA,NA,NA,NA,NA,0.00,NA,NA,NA
2025-07-28 22:00:00,29.38,70.83,20.14,38.26,24.14,NA,NA,NA,1.72,NA,NA,NA,NA,NA,NA,NA,NA,NA,NA,NA,0.00,NA,NA,NA
2025-07-28 23:00:00,32.66,65.47,19.63,45.78,25.93,NA,NA,NA,1.76,NA,NA,NA,NA,NA,NA,NA,NA,NA,NA,NA,0.00,NA,NA,NA
2025-07-29 00:00:00,24.02,60.52,19.74,43.05,25.22,NA,NA,NA,1.73,NA,NA,NA,NA,NA,NA,NA,NA,NA,NA,NA,0.00,NA,NA,NA
2025-07-29 01:00:00,32.75,71.30,19.35,30.06,21.30,NA,NA,NA,1.59,NA,NA,NA,NA,NA,NA,NA,NA,NA,NA,NA,0.00,NA,NA,NA
2025-07-29 02:00:00,29.28,56.12,18.31,25.14,19.22,NA,NA,NA,1.47,NA,NA,NA,NA,NA,NA,NA,NA,NA,NA,NA,0.00,NA,NA,NA
2025-07-29 03:00:00,26.64,54.39,20.33,27.03,21.08,NA,NA,NA,1.57,NA,NA,NA,NA,NA,NA,NA,NA,NA,NA,NA,0.00,NA,NA,NA
2025-07-29 04:00:00,33.59,61.90,20.29,23.48,20.05,NA,NA,NA,1.54,NA,NA,NA,NA,NA,NA,NA,NA,NA,NA,NA,0.00,NA,NA,NA
2025-07-29 05:00:00,26.66,81.22,22.92,26.08,22.53,NA,NA,NA,1.48,NA,NA,NA,NA,NA,NA,NA,NA,NA,NA,NA,0.00,NA,NA,NA
2025-07-29 06:00:00,37.46,94.69,25.77,25.63,24.29,NA,NA,NA,1.49,NA,NA,NA,NA,NA,NA,NA,NA,NA,NA,NA,0.00,NA,NA,NA
2025-07-29 07:00:00,27.20,59.01,22.74,21.69,21.16,NA,NA,NA,1.48,NA,NA,NA,NA,NA,NA,NA,NA,NA,NA,NA,0.00,NA,NA,NA
2025-07-29 08:00:00,22.89,39.97,23.45,23.82,22.24,NA,NA,NA,1.43,NA,NA,NA,NA,NA,NA,NA,NA,NA,NA,NA,0.00,NA,NA,NA
2025-07-29 09:00:00,14.50,31.64,24.02,20.80,21.77,NA,NA,NA,1.41,NA,NA,NA,NA,NA,NA,NA,NA,NA,NA,NA,0.00,NA,NA,NA
2025-07-29 10:00:00,19.27,44.30,31.85,25.48,28.26,NA,NA,NA,1.41,NA,NA,NA,NA,NA,NA,NA,NA,NA,NA,NA,0.00,NA,NA,NA
2025-07-29 11:00:00,22.50,34.03,28.99,26.02,26.52,NA,NA,NA,1.51,NA,NA,NA,NA,NA,NA,NA,NA,NA,NA,NA,0.00,NA,NA,NA
2025-07-29 12:00:00,11.68,24.84,25.73,24.78,24.02,NA,NA,NA,1.39,NA,NA,NA,NA,NA,NA,NA,NA,NA,NA,NA,0.00,NA,NA,NA
2025-07-29 13:00:00,4.67,32.66,24.43,26.92,23.76,NA,NA,NA,1.44,NA,NA,NA,NA,NA,NA,NA,NA,NA,NA,NA,0.00,NA,NA,NA
2025-07-29 14:00:00,9.28,44.90,22.91,27.02,22.79,NA,NA,NA,1.46,NA,NA,NA,NA,NA,NA,NA,NA,NA,NA,NA,0.00,NA,NA,NA
2025-07-29 15:00:00,17.42,51.46,22.00,30.84,23.27,NA,NA,NA,1.43,NA,NA,NA,NA,NA,NA,NA,NA,NA,NA,NA,0.00,NA,NA,NA
2025-07-29 16:00:00,16.58,70.14,21.81,28.69,22.54,NA,NA,NA,1.46,NA,NA,NA,NA,NA,NA,NA,NA,NA,NA,NA,0.00,NA,NA,NA
2025-07-29 17:00:00,17.69,70.15,22.49,31.82,23.87,NA,NA,NA,1.51,NA,NA,NA,NA,NA,NA,NA,NA,NA,NA,NA,0.00,NA,NA,NA
2025-07-29 18:00:00,17.48,85.60,22.45,33.36,24.28,NA,NA,NA,1.55,NA,NA,NA,NA,NA,NA,NA,NA,NA,NA,NA,0.00,NA,NA,NA
2025-07-29 19:00:00,20.16,86.06,24.84,38.67,27.36,NA,NA,NA,1.66,NA,NA,NA,NA,NA,NA,NA,NA,NA,NA,NA,0.00,NA,NA,NA
2025-07-29 20:00:00,31.18,120.78,32.40,41.25,33.09,NA,NA,NA,1.83,NA,NA,NA,NA,NA,NA,NA,NA,NA,NA,NA,0.00,NA,NA,NA
2025-07-29 21:00:00,20.67,121.12,34.76,33.90,32.57,NA,NA,NA,1.87,NA,NA,NA,NA,NA,NA,NA,NA,NA,NA,NA,0.00,NA,NA,NA
2025-07-29 22:00:00,23.41,108.58,31.34,28.84,28.87,NA,NA,NA,1.86,NA,NA,NA,NA,NA,NA,NA,NA,NA,NA,NA,0.00,NA,NA,NA
2025-07-29 23:00:00,19.84,83.05,31.29,25.50,27.90,NA,NA,NA,1.82,NA,NA,NA,NA,NA,NA,NA,NA,NA,NA,NA,0.00,NA,NA,NA
2025-07-30 00:00:00,16.18,72.27,30.32,24.84,27.07,NA,NA,NA,1.73,NA,NA,NA,NA,NA,NA,NA,NA,NA,NA,NA,0.00,NA,NA,NA
2025-07-30 01:00:00,21.42,67.00,30.97,21.69,26.60,NA,NA,NA,1.64,NA,NA,NA,NA,NA,NA,NA,NA,NA,NA,NA,0.00,NA,NA,NA
2025-07-30 02:00:00,21.52,72.30,29.86,21.19,25.73,NA,NA,NA,1.56,NA,NA,NA,NA,NA,NA,NA,NA,NA,NA,NA,0.00,NA,NA,NA
2025-07-30 03:00:00,15.53,55.72,28.74,19.28,24.45,NA,NA,NA,1.53,NA,NA,NA,NA,NA,NA,NA,NA,NA,NA,NA,0.00,NA,NA,NA
2025-07-30 04:00:00,22.29,55.82,27.88,18.39,23.63,NA,NA,NA,1.52,NA,NA,NA,NA,NA,NA,NA,NA,NA,NA,NA,0.00,NA,NA,NA
2025-07-30 05:00:00,24.59,81.78,28.01,18.53,23.76,NA,NA,NA,1.45,NA,NA,NA,NA,NA,NA,NA,NA,NA,NA,NA,0.00,NA,NA,NA
2025-07-30 06:00:00,28.93,88.48,31.35,17.44,25.65,NA,NA,NA,1.47,NA,NA,NA,NA,NA,NA,NA,NA,NA,NA,NA,0.00,NA,NA,NA
2025-07-30 07:00:00,30.38,81.33,29.29,16.47,24.02,NA,NA,NA,1.43,NA,NA,NA,NA,NA,NA,NA,NA,NA,NA,NA,0.00,NA,NA,NA
2025-07-30 08:00:00,19.10,72.60,28.41,17.48,23.72,NA,NA,NA,1.47,NA,NA,NA,NA,NA,NA,NA,NA,NA,NA,NA,0.00,NA,NA,NA
2025-07-30 09:00:00,21.51,82.10,26.89,17.46,22.72,NA,NA,NA,1.43,NA,NA,NA,NA,NA,NA,NA,NA,NA,NA,NA,0.00,NA,NA,NA
2025-07-30 10:00:00,38.17,88.06,25.41,20.54,22.61,NA,NA,NA,1.42,NA,NA,NA,NA,NA,NA,NA,NA,NA,NA,NA,0.00,NA,NA,NA
2025-07-30 11:00:00,31.46,87.08,24.30,19.47,21.58,NA,NA,NA,1.37,NA,NA,NA,NA,NA,NA,NA,NA,NA,NA,NA,0.00,NA,NA,NA
2025-07-30 12:00:00,23.66,82.12,21.47,22.38,20.52,NA,NA,NA,1.33,NA,NA,NA,NA,NA,NA,NA,NA,NA,NA,NA,0.00,NA,NA,NA
2025-07-30 13:00:00,30.50,84.73,18.82,24.34,19.32,NA,NA,NA,1.38,NA,NA,NA,NA,NA,NA,NA,NA,NA,NA,NA,0.00,NA,NA,NA
2025-07-30 14:00:00,29.34,83.82,16.87,23.62,17.83,NA,NA,NA,1.37,NA,NA,NA,NA,NA,NA,NA,NA,NA,NA,NA,0.00,NA,NA,NA
2025-07-30 15:00:00,24.46,37.81,17.68,29.33,19.98,NA,NA,NA,1.35,NA,NA,NA,NA,NA,NA,NA,NA,NA,NA,NA,0.00,NA,NA,NA
2025-07-30 16:00:00,16.38,43.30,20.74,32.10,22.80,NA,NA,NA,1.42,NA,NA,NA,NA,NA,NA,NA,NA,NA,NA,NA,0.00,NA,NA,NA
2025-07-30 17:00:00,31.94,55.80,19.16,25.73,19.94,NA,NA,NA,1.32,NA,NA,NA,NA,NA,NA,NA,NA,NA,NA,NA,0.00,NA,NA,NA
2025-07-30 18:00:00,5.45,20.84,30.05,35.33,29.85,NA,NA,NA,1.47,NA,NA,NA,NA,NA,NA,NA,NA,NA,NA,NA,0.00,NA,NA,NA
2025-07-30 19:00:00,13.91,39.73,32.21,36.60,31.64,NA,NA,NA,1.65,NA,NA,NA,NA,NA,NA,NA,NA,NA,NA,NA,0.00,NA,NA,NA
2025-07-30 20:00:00,20.66,29.42,37.04,30.94,33.23,NA,NA,NA,1.68,NA,NA,NA,NA,NA,NA,NA,NA,NA,NA,NA,0.00,NA,NA,NA
2025-07-30 21:00:00,19.13,54.68,31.25,25.48,27.86,NA,NA,NA,1.63,NA,NA,NA,NA,NA,NA,NA,NA,NA,NA,NA,0.00,NA,NA,NA
2025-07-30 22:00:00,17.12,54.31,31.37,24.92,27.79,NA,NA,NA,1.58,NA,NA,NA,NA,NA,NA,NA,NA,NA,NA,NA,0.00,NA,NA,NA
2025-07-30 23:00:00,19.95,63.19,31.17,20.50,26.40,NA,NA,NA,1.62,NA,NA,NA,NA,NA,NA,NA,NA,NA,NA,NA,0.00,NA,NA,NA
2025-07-31 00:00:00,22.13,35.25,29.60,20.45,25.35,NA,NA,NA,1.58,NA,NA,NA,NA,NA,NA,NA,NA,NA,NA,NA,0.00,NA,NA,NA
2025-07-31 01:00:00,8.35,32.88,29.38,21.88,25.60,NA,NA,NA,1.61,NA,NA,NA,NA,NA,NA,NA,NA,NA,NA,NA,0.00,NA,NA,NA
2025-07-31 02:00:00,11.16,30.06,28.95,21.17,25.12,NA,NA,NA,1.52,NA,NA,NA,NA,NA,NA,NA,NA,NA,NA,NA,0.00,NA,NA,NA
2025-07-31 03:00:00,7.75,172.95,30.33,19.89,25.68,NA,NA,NA,1.51,NA,NA,NA,NA,NA,NA,NA,NA,NA,NA,NA,0.00,NA,NA,NA
2025-07-31 04:00:00,14.95,100.08,31.50,17.61,25.80,NA,NA,NA,1.52,NA,NA,NA,NA,NA,NA,NA,NA,NA,NA,NA,0.00,NA,NA,NA
2025-07-31 05:00:00,15.28,62.60,28.82,15.09,23.32,NA,NA,NA,1.47,NA,NA,NA,NA,NA,NA,NA,NA,NA,NA,NA,0.00,NA,NA,NA
2025-07-31 06:00:00,23.14,44.59,27.45,16.89,22.92,NA,NA,NA,1.46,NA,NA,NA,NA,NA,NA,NA,NA,NA,NA,NA,0.00,NA,NA,NA
2025-07-31 07:00:00,12.79,33.20,25.51,17.15,21.72,NA,NA,NA,1.43,NA,NA,NA,NA,NA,NA,NA,NA,NA,NA,NA,0.00,NA,NA,NA
2025-07-31 08:00:00,22.25,28.54,25.19,15.87,21.14,NA,NA,NA,1.34,NA,NA,NA,NA,NA,NA,NA,NA,NA,NA,NA,0.00,NA,NA,NA
2025-07-31 09:00:00,28.32,33.61,23.83,16.05,20.30,NA,NA,NA,1.33,NA,NA,NA,NA,NA,NA,NA,NA,NA,NA,NA,0.00,NA,NA,NA
2025-07-31 10:00:00,32.96,44.81,23.05,15.97,19.76,NA,NA,NA,1.38,NA,NA,NA,NA,NA,NA,NA,NA,NA,NA,NA,0.00,NA,NA,NA
2025-07-31 11:00:00,46.78,69.29,20.57,15.38,17.95,NA,NA,NA,1.34,NA,NA,NA,NA,NA,NA,NA,NA,NA,NA,NA,0.00,NA,NA,NA
2025-07-31 12:00:00,42.83,61.83,21.29,15.75,18.53,NA,NA,NA,1.29,NA,NA,NA,NA,NA,NA,NA,NA,NA,NA,NA,0.00,NA,NA,NA
2025-07-31 13:00:00,8.81,19.40,22.68,19.86,20.61,NA,NA,NA,1.29,NA,NA,NA,NA,NA,NA,NA,NA,NA,NA,NA,0.00,NA,NA,NA
2025-07-31 14:00:00,NA,NA,23.01,15.67,19.64,NA,NA,NA,1.29,NA,NA,NA,NA,NA,NA,NA,NA,NA,NA,NA,0.00,NA,NA,NA
2025-07-31 15:00:00,0.26,5.32,25.61,14.55,21.04,NA,NA,NA,1.26,NA,NA,NA,NA,NA,NA,NA,NA,NA,NA,NA,0.00,NA,NA,NA
2025-07-31 16:00:00,6.86,13.08,28.95,15.35,23.48,NA,NA,NA,1.28,NA,NA,NA,NA,NA,NA,NA,NA,NA,NA,NA,0.00,NA,NA,NA
2025-07-31 17:00:00,10.71,26.43,26.66,16.81,22.38,NA,NA,NA,1.22,NA,NA,NA,NA,NA,NA,NA,NA,NA,NA,NA,0.00,NA,NA,NA
2025-07-31 18:00:00,10.96,33.00,31.49,18.11,25.94,NA,NA,NA,1.29,NA,NA,NA,NA,NA,NA,NA,NA,NA,NA,NA,0.00,NA,NA,NA
2025-07-31 19:00:00,15.11,41.20,36.35,18.82,29.36,NA,NA,NA,1.41,NA,NA,NA,NA,NA,NA,NA,NA,NA,NA,NA,0.00,NA,NA,NA
2025-07-31 20:00:00,11.64,26.34,48.49,19.08,37.45,NA,NA,NA,1.61,NA,NA,NA,NA,NA,NA,NA,NA,NA,NA,NA,0.00,NA,NA,NA
2025-07-31 21:00:00,8.53,39.76,58.43,17.75,43.65,NA,NA,NA,1.82,NA,NA,NA,NA,NA,NA,NA,NA,NA,NA,NA,0.00,NA,NA,NA
2025-07-31 22:00:00,14.60,94.45,71.38,19.71,52.76,NA,NA,NA,1.95,NA,NA,NA,NA,NA,NA,NA,NA,NA,NA,NA,0.00,NA,NA,NA
2025-07-31 23:00:00,16.26,100.27,71.85,19.03,52.88,NA,NA,NA,2.03,NA,NA,NA,NA,NA,NA,NA,NA,NA,NA,NA,0.00,NA,NA,NA
2025-08-01 00:00:00,17.38,137.08,65.21,17.03,47.92,NA,NA,NA,1.96,NA,NA,NA,NA,NA,NA,NA,NA,NA,NA,NA,0.00,NA,NA,NA
2025-08-01 01:00:00,15.54,87.59,62.83,16.11,46.08,NA,NA,NA,1.93,NA,NA,NA,NA,NA,NA,NA,NA,NA,NA,NA,0.00,NA,NA,NA
2025-08-01 02:00:00,12.04,42.91,58.50,15.37,43.01,NA,NA,NA,1.90,NA,NA,NA,NA,NA,NA,NA,NA,NA,NA,NA,0.00,NA,NA,NA
2025-08-01 03:00:00,2.88,49.21,52.80,13.17,38.62,NA,NA,NA,2.89,NA,NA,NA,NA,NA,NA,NA,NA,NA,NA,NA,0.00,NA,NA,NA
2025-08-01 04:00:00,6.24,25.15,48.45,11.45,35.26,NA,NA,NA,2.20,NA,NA,NA,NA,NA,NA,NA,NA,NA,NA,NA,0.00,NA,NA,NA
2025-08-01 05:00:00,5.06,8.61,46.70,13.22,34.61,NA,NA,NA,1.56,NA,NA,NA,NA,NA,NA,NA,NA,NA,NA,NA,0.00,NA,NA,NA
2025-08-01 06:00:00,4.17,30.45,47.55,13.76,35.32,NA,NA,NA,1.53,NA,NA,NA,NA,NA,NA,NA,NA,NA,NA,NA,0.00,NA,NA,NA
2025-08-01 07:00:00,10.54,74.15,44.93,14.52,33.80,NA,NA,NA,1.52,NA,NA,NA,NA,NA,NA,NA,NA,NA,NA,NA,0.00,NA,NA,NA
2025-08-01 08:00:00,34.35,96.12,44.64,14.26,33.54,NA,NA,NA,1.47,NA,NA,NA,NA,NA,NA,NA,NA,NA,NA,NA,0.00,NA,NA,NA
2025-08-01 09:00:00,31.55,89.42,45.90,15.26,34.66,NA,NA,NA,1.52,NA,NA,NA,NA,NA,NA,NA,NA,NA,NA,NA,0.00,NA,NA,NA
2025-08-01 10:00:00,26.63,93.14,42.70,14.49,32.32,NA,NA,NA,1.43,NA,NA,NA,NA,NA,NA,NA,NA,NA,NA,NA,0.00,NA,NA,NA
2025-08-01 11:00:00,36.45,85.73,40.20,15.63,30.99,NA,NA,NA,1.51,NA,NA,NA,NA,NA,NA,NA,NA,NA,NA,NA,0.00,NA,NA,NA
2025-08-01 12:00:00,28.22,86.44,23.71,44.25,28.18,NA,NA,NA,1.17,NA,NA,NA,NA,NA,NA,NA,NA,NA,NA,NA,0.00,NA,NA,NA
2025-08-01 13:00:00,28.58,93.36,15.33,43.60,22.47,NA,NA,NA,0.75,NA,NA,NA,NA,NA,NA,NA,NA,NA,NA,NA,0.00,NA,NA,NA
2025-08-01 14:00:00,59.70,119.09,24.29,45.10,28.81,NA,NA,NA,0.68,NA,NA,NA,NA,NA,NA,NA,NA,NA,NA,NA,0.00,NA,NA,NA
2025-08-01 15:00:00,59.38,121.70,27.92,48.33,32.14,NA,NA,NA,2.59,NA,NA,NA,NA,NA,NA,NA,NA,NA,NA,NA,0.00,NA,NA,NA
2025-08-01 16:00:00,42.31,108.08,35.39,61.48,40.79,NA,NA,NA,1.99,NA,NA,NA,NA,NA,NA,NA,NA,NA,NA,NA,0.00,NA,NA,NA
2025-08-01 17:00:00,22.16,102.65,29.77,57.11,35.84,NA,NA,NA,1.81,NA,NA,NA,NA,NA,NA,NA,NA,NA,NA,NA,0.00,NA,NA,NA
2025-08-01 18:00:00,11.29,85.06,20.52,38.24,24.38,NA,NA,NA,1.58,NA,NA,NA,NA,NA,NA,NA,NA,NA,NA,NA,0.00,NA,NA,NA
2025-08-01 19:00:00,8.23,51.12,16.25,28.78,18.88,NA,NA,NA,1.54,NA,NA,NA,NA,NA,NA,NA,NA,NA,NA,NA,0.00,NA,NA,NA
2025-08-01 20:00:00,1.72,30.98,15.67,26.52,17.86,NA,NA,NA,1.49,NA,NA,NA,NA,NA,NA,NA,NA,NA,NA,NA,0.00,NA,NA,NA
2025-08-01 21:00:00,2.98,46.68,16.25,31.20,19.57,NA,NA,NA,1.45,NA,NA,NA,NA,NA,NA,NA,NA,NA,NA,NA,0.00,NA,NA,NA
2025-08-01 22:00:00,13.02,57.78,14.52,29.58,17.96,NA,NA,NA,1.37,NA,NA,NA,NA,NA,NA,NA,NA,NA,NA,NA,0.00,NA,NA,NA
2025-08-01 23:00:00,12.27,63.25,16.73,34.95,20.95,NA,NA,NA,1.33,NA,NA,NA,NA,NA,NA,NA,NA,NA,NA,NA,0.00,NA,NA,NA
2025-08-02 00:00:00,15.59,65.71,22.61,44.32,27.48,NA,NA,NA,1.29,NA,NA,NA,NA,NA,NA,NA,NA,NA,NA,NA,0.00,NA,NA,NA
2025-08-02 01:00:00,24.00,70.75,16.28,32.96,20.09,NA,NA,NA,1.23,NA,NA,NA,NA,NA,NA,NA,NA,NA,NA,NA,0.00,NA,NA,NA
2025-08-02 02:00:00,20.23,67.53,17.34,37.91,22.19,NA,NA,NA,1.26,NA,NA,NA,NA,NA,NA,NA,NA,NA,NA,NA,0.00,NA,NA,NA
2025-08-02 03:00:00,16.60,66.31,22.18,45.99,27.68,NA,NA,NA,2.53,NA,NA,NA,NA,NA,NA,NA,NA,NA,NA,NA,0.00,NA,NA,NA
2025-08-02 04:00:00,20.28,69.14,30.36,48.83,33.88,NA,NA,NA,1.22,NA,NA,NA,NA,NA,NA,NA,NA,NA,NA,NA,0.00,NA,NA,NA
2025-08-02 05:00:00,14.98,73.04,34.92,51.26,37.59,NA,NA,NA,1.36,NA,NA,NA,NA,NA,NA,NA,NA,NA,NA,NA,0.00,NA,NA,NA
2025-08-02 06:00:00,28.50,99.33,38.12,45.41,38.05,NA,NA,NA,1.45,NA,NA,NA,NA,NA,NA,NA,NA,NA,NA,NA,0.00,NA,NA,NA
2025-08-02 07:00:00,32.60,120.34,42.56,35.17,38.09,NA,NA,NA,1.48,NA,NA,NA,NA,NA,NA,NA,NA,NA,NA,NA,0.00,NA,NA,NA
2025-08-02 08:00:00,25.32,126.84,45.47,32.30,39.19,NA,NA,NA,1.11,NA,NA,NA,NA,NA,NA,NA,NA,NA,NA,NA,0.00,NA,NA,NA
2025-08-02 09:00:00,44.36,124.61,33.21,30.39,30.52,NA,NA,NA,1.09,NA,NA,NA,NA,NA,NA,NA,NA,NA,NA,NA,0.00,NA,NA,NA
2025-08-02 10:00:00,35.23,113.37,25.36,32.89,26.06,NA,NA,NA,1.08,NA,NA,NA,NA,NA,NA,NA,NA,NA,NA,NA,0.00,NA,NA,NA
2025-08-02 11:00:00,23.44,105.67,20.92,26.92,21.44,NA,NA,NA,1.21,NA,NA,NA,NA,NA,NA,NA,NA,NA,NA,NA,0.00,NA,NA,NA
2025-08-02 12:00:00,23.02,72.13,18.38,19.89,17.77,NA,NA,NA,1.01,NA,NA,NA,NA,NA,NA,NA,NA,NA,NA,NA,0.00,NA,NA,NA
2025-08-02 13:00:00,20.42,74.82,23.54,36.32,25.83,NA,NA,NA,1.08,NA,NA,NA,NA,NA,NA,NA,NA,NA,NA,NA,0.00,NA,NA,NA
2025-08-02 14:00:00,28.20,105.52,35.55,41.67,35.28,NA,NA,NA,0.99,NA,NA,NA,NA,NA,NA,NA,NA,NA,NA,NA,0.00,NA,NA,NA
2025-08-02 15:00:00,28.60,102.80,19.29,28.61,20.85,NA,NA,NA,0.93,NA,NA,NA,NA,NA,NA,NA,NA,NA,NA,NA,0.00,NA,NA,NA
2025-08-02 16:00:00,23.10,90.23,14.26,22.83,15.89,NA,NA,NA,0.95,NA,NA,NA,NA,NA,NA,NA,NA,NA,NA,NA,0.00,NA,NA,NA
2025-08-02 17:00:00,22.60,98.76,25.27,48.67,30.48,NA,NA,NA,1.07,NA,NA,NA,NA,NA,NA,NA,NA,NA,NA,NA,0.00,NA,NA,NA
2025-08-02 18:00:00,28.53,123.02,19.29,49.80,26.84,NA,NA,NA,1.05,NA,NA,NA,NA,NA,NA,NA,NA,NA,NA,NA,0.00,NA,NA,NA
2025-08-02 19:00:00,24.67,75.44,17.49,41.91,23.42,NA,NA,NA,1.10,NA,NA,NA,NA,NA,NA,NA,NA,NA,NA,NA,0.00,NA,NA,NA
2025-08-02 20:00:00,21.67,71.37,16.25,35.34,20.74,NA,NA,NA,1.07,NA,NA,NA,NA,NA,NA,NA,NA,NA,NA,NA,0.00,NA,NA,NA
2025-08-02 21:00:00,9.75,46.33,25.16,70.08,36.47,NA,NA,NA,1.32,NA,NA,NA,NA,NA,NA,NA,NA,NA,NA,NA,0.00,NA,NA,NA
2025-08-02 22:00:00,11.97,33.30,27.75,70.25,38.21,NA,NA,NA,1.46,NA,NA,NA,NA,NA,NA,NA,NA,NA,NA,NA,0.00,NA,NA,NA
2025-08-02 23:00:00,10.54,42.59,23.19,65.36,33.82,NA,NA,NA,1.28,NA,NA,NA,NA,NA,NA,NA,NA,NA,NA,NA,0.00,NA,NA,NA
2025-08-03 00:00:00,20.70,51.26,25.16,73.21,37.34,NA,NA,NA,1.12,NA,NA,NA,NA,NA,NA,NA,NA,NA,NA,NA,0.00,NA,NA,NA
2025-08-03 01:00:00,5.55,29.62,13.37,35.41,18.85,NA,NA,NA,0.96,NA,NA,NA,NA,NA,NA,NA,NA,NA,NA,NA,0.00,NA,NA,NA
2025-08-03 02:00:00,8.71,12.67,13.37,58.97,25.52,NA,NA,NA,1.08,NA,NA,NA,NA,NA,NA,NA,NA,NA,NA,NA,0.00,NA,NA,NA
2025-08-03 03:00:00,4.88,11.27,20.93,79.40,36.31,NA,NA,NA,1.13,NA,NA,NA,NA,NA,NA,NA,NA,NA,NA,NA,0.00,NA,NA,NA
2025-08-03 04:00:00,10.65,30.58,52.45,78.25,56.81,NA,NA,NA,1.17,NA,NA,NA,NA,NA,NA,NA,NA,NA,NA,NA,0.00,NA,NA,NA
2025-08-03 05:00:00,19.65,33.24,43.16,71.78,48.84,NA,NA,NA,1.26,NA,NA,NA,NA,NA,NA,NA,NA,NA,NA,NA,0.00,NA,NA,NA
2025-08-03 06:00:00,25.14,53.76,36.92,66.20,43.14,NA,NA,NA,1.32,NA,NA,NA,NA,NA,NA,NA,NA,NA,NA,NA,0.00,NA,NA,NA
2025-08-03 07:00:00,23.90,58.10,53.99,63.14,53.57,NA,NA,NA,1.43,NA,NA,NA,NA,NA,NA,NA,NA,NA,NA,NA,0.00,NA,NA,NA
2025-08-03 08:00:00,23.70,69.44,40.57,51.40,41.30,NA,NA,NA,1.21,NA,NA,NA,NA,NA,NA,NA,NA,NA,NA,NA,0.00,NA,NA,NA
2025-08-03 09:00:00,22.11,76.56,19.24,33.42,22.17,NA,NA,NA,1.05,NA,NA,NA,NA,NA,NA,NA,NA,NA,NA,NA,0.00,NA,NA,NA
2025-08-03 10:00:00,37.84,99.70,19.40,30.55,21.46,NA,NA,NA,1.07,NA,NA,NA,NA,NA,NA,NA,NA,NA,NA,NA,0.00,NA,NA,NA
2025-08-03 11:00:00,29.86,89.94,15.10,21.27,16.00,NA,NA,NA,0.98,NA,NA,NA,NA,NA,NA,NA,NA,NA,NA,NA,0.00,NA,NA,NA
2025-08-03 12:00:00,31.37,90.99,14.63,19.19,15.10,NA,NA,NA,0.88,NA,NA,NA,NA,NA,NA,NA,NA,NA,NA,NA,0.00,NA,NA,NA
2025-08-03 13:00:00,34.32,104.93,13.15,20.29,14.44,NA,NA,NA,0.87,NA,NA,NA,NA,NA,NA,NA,NA,NA,NA,NA,0.00,NA,NA,NA
2025-08-03 14:00:00,32.38,120.55,13.04,20.32,14.37,NA,NA,NA,0.84,NA,NA,NA,NA,NA,NA,NA,NA,NA,NA,NA,0.00,NA,NA,NA
2025-08-03 15:00:00,35.69,120.71,12.92,22.13,14.81,NA,NA,NA,0.86,NA,NA,NA,NA,NA,NA,NA,NA,NA,NA,NA,0.00,NA,NA,NA
2025-08-03 16:00:00,34.58,132.26,13.36,27.93,16.74,NA,NA,NA,0.84,NA,NA,NA,NA,NA,NA,NA,NA,NA,NA,NA,0.00,NA,NA,NA
2025-08-03 17:00:00,33.36,132.99,13.78,30.83,17.83,NA,NA,NA,0.85,NA,NA,NA,NA,NA,NA,NA,NA,NA,NA,NA,0.00,NA,NA,NA
2025-08-03 18:00:00,32.06,134.82,17.49,45.30,24.39,NA,NA,NA,0.98,NA,NA,NA,NA,NA,NA,NA,NA,NA,NA,NA,0.00,NA,NA,NA
2025-08-03 19:00:00,30.95,158.40,33.59,74.45,43.30,NA,NA,NA,1.27,NA,NA,NA,NA,NA,NA,NA,NA,NA,NA,NA,0.00,NA,NA,NA
2025-08-03 20:00:00,30.17,173.36,35.20,64.59,41.52,NA,NA,NA,1.23,NA,NA,NA,NA,NA,NA,NA,NA,NA,NA,NA,0.00,NA,NA,NA
2025-08-03 21:00:00,33.70,197.85,53.53,74.83,56.55,NA,NA,NA,1.36,NA,NA,NA,NA,NA,NA,NA,NA,NA,NA,NA,0.00,NA,NA,NA
2025-08-03 22:00:00,29.99,162.34,33.22,70.21,41.82,NA,NA,NA,1.37,NA,NA,NA,NA,NA,NA,NA,NA,NA,NA,NA,0.00,NA,NA,NA
2025-08-03 23:00:00,32.50,140.59,27.00,62.95,35.66,NA,NA,NA,1.35,NA,NA,NA,NA,NA,NA,NA,NA,NA,NA,NA,0.00,NA,NA,NA
2025-08-04 00:00:00,30.03,128.43,24.42,55.37,31.80,NA,NA,NA,1.33,NA,NA,NA,NA,NA,NA,NA,NA,NA,NA,NA,0.00,NA,NA,NA
2025-08-04 01:00:00,33.13,131.09,22.21,52.74,29.60,NA,NA,NA,1.20,NA,NA,NA,NA,NA,NA,NA,NA,NA,NA,NA,0.00,NA,NA,NA
2025-08-04 02:00:00,35.11,114.90,18.86,48.01,26.05,NA,NA,NA,1.06,NA,NA,NA,NA,NA,NA,NA,NA,NA,NA,NA,0.00,NA,NA,NA
2025-08-04 03:00:00,24.22,98.70,17.62,38.37,22.50,NA,NA,NA,1.02,NA,NA,NA,NA,NA,NA,NA,NA,NA,NA,NA,0.00,NA,NA,NA
2025-08-04 04:00:00,23.54,77.69,14.98,37.78,20.60,NA,NA,NA,0.97,NA,NA,NA,NA,NA,NA,NA,NA,NA,NA,NA,0.00,NA,NA,NA
2025-08-04 05:00:00,20.71,78.53,20.42,43.96,25.94,NA,NA,NA,1.05,NA,NA,NA,NA,NA,NA,NA,NA,NA,NA,NA,0.00,NA,NA,NA
2025-08-04 06:00:00,26.94,132.44,37.49,55.52,40.50,NA,NA,NA,1.19,NA,NA,NA,NA,NA,NA,NA,NA,NA,NA,NA,0.00,NA,NA,NA
2025-08-04 07:00:00,25.72,153.19,39.68,47.66,39.70,NA,NA,NA,1.25,NA,NA,NA,NA,NA,NA,NA,NA,NA,NA,NA,0.00,NA,NA,NA
2025-08-04 08:00:00,26.61,168.47,56.98,51.00,52.08,NA,NA,NA,1.23,NA,NA,NA,NA,NA,NA,NA,NA,NA,NA,NA,0.00,NA,NA,NA
2025-08-04 09:00:00,22.62,156.90,34.48,48.18,36.42,NA,NA,NA,1.24,NA,NA,NA,NA,NA,NA,NA,NA,NA,NA,NA,0.00,NA,NA,NA
2025-08-04 10:00:00,28.00,137.53,20.94,35.32,23.83,NA,NA,NA,1.01,NA,NA,NA,NA,NA,NA,NA,NA,NA,NA,NA,0.00,NA,NA,NA
2025-08-04 11:00:00,23.71,97.30,15.75,26.79,17.98,NA,NA,NA,0.88,NA,NA,NA,NA,NA,NA,NA,NA,NA,NA,NA,0.00,NA,NA,NA
2025-08-04 12:00:00,30.32,114.24,15.19,23.27,16.63,NA,NA,NA,0.81,NA,NA,NA,NA,NA,NA,NA,NA,NA,NA,NA,0.00,NA,NA,NA
2025-08-04 13:00:00,27.87,108.32,13.85,20.67,15.00,NA,NA,NA,0.87,NA,NA,NA,NA,NA,NA,NA,NA,NA,NA,NA,0.00,NA,NA,NA
2025-08-04 14:00:00,26.01,117.44,13.60,20.72,14.85,NA,NA,NA,0.81,NA,NA,NA,NA,NA,NA,NA,NA,NA,NA,NA,0.00,NA,NA,NA
2025-08-04 15:00:00,26.45,127.12,13.19,21.30,14.75,NA,NA,NA,0.85,NA,NA,NA,NA,NA,NA,NA,NA,NA,NA,NA,0.00,NA,NA,NA
2025-08-04 16:00:00,26.44,124.66,14.42,32.20,18.64,NA,NA,NA,0.91,NA,NA,NA,NA,NA,NA,NA,NA,NA,NA,NA,0.00,NA,NA,NA
2025-08-04 17:00:00,23.74,148.72,14.34,43.46,21.78,NA,NA,NA,0.95,NA,NA,NA,NA,NA,NA,NA,NA,NA,NA,NA,0.00,NA,NA,NA
2025-08-04 18:00:00,33.24,196.90,20.33,65.42,31.95,NA,NA,NA,1.19,NA,NA,NA,NA,NA,NA,NA,NA,NA,NA,NA,0.00,NA,NA,NA
2025-08-04 19:00:00,31.10,148.53,15.22,45.96,23.06,NA,NA,NA,1.08,NA,NA,NA,NA,NA,NA,NA,NA,NA,NA,NA,0.00,NA,NA,NA
2025-08-04 20:00:00,19.52,67.38,16.37,62.51,28.50,NA,NA,NA,1.08,NA,NA,NA,NA,NA,NA,NA,NA,NA,NA,NA,0.00,NA,NA,NA
2025-08-04 21:00:00,23.47,63.54,22.23,67.68,33.86,NA,NA,NA,1.24,NA,NA,NA,NA,NA,NA,NA,NA,NA,NA,NA,0.00,NA,NA,NA
2025-08-04 22:00:00,19.17,69.48,61.59,81.68,63.82,NA,NA,NA,1.90,NA,NA,NA,NA,NA,NA,NA,NA,NA,NA,NA,0.00,NA,NA,NA
2025-08-04 23:00:00,31.67,97.53,41.34,77.33,49.20,NA,NA,NA,1.77,NA,NA,NA,NA,NA,NA,NA,NA,NA,NA,NA,0.00,NA,NA,NA
2025-08-05 00:00:00,36.52,101.06,37.63,69.72,44.59,NA,NA,NA,1.58,NA,NA,NA,NA,NA,NA,NA,NA,NA,NA,NA,0.00,NA,NA,NA
2025-08-05 01:00:00,25.34,102.64,19.35,56.68,28.82,NA,NA,NA,1.14,NA,NA,NA,NA,NA,NA,NA,NA,NA,NA,NA,0.00,NA,NA,NA
2025-08-05 02:00:00,23.39,91.03,21.20,48.76,27.81,NA,NA,NA,1.13,NA,NA,NA,NA,NA,NA,NA,NA,NA,NA,NA,0.00,NA,NA,NA
2025-08-05 03:00:00,21.07,73.84,17.85,42.50,23.82,NA,NA,NA,1.16,NA,NA,NA,NA,NA,NA,NA,NA,NA,NA,NA,0.00,NA,NA,NA
2025-08-05 04:00:00,20.83,74.85,15.79,37.48,21.04,NA,NA,NA,1.06,NA,NA,NA,NA,NA,NA,NA,NA,NA,NA,NA,0.00,NA,NA,NA
2025-08-05 05:00:00,26.16,77.56,24.74,40.93,27.93,NA,NA,NA,1.15,NA,NA,NA,NA,NA,NA,NA,NA,NA,NA,NA,0.00,NA,NA,NA
2025-08-05 06:00:00,23.59,110.80,41.79,42.41,39.64,NA,NA,NA,1.32,NA,NA,NA,NA,NA,NA,NA,NA,NA,NA,NA,0.00,NA,NA,NA
2025-08-05 07:00:00,23.35,123.86,45.13,37.75,40.51,NA,NA,NA,1.43,NA,NA,NA,NA,NA,NA,NA,NA,NA,NA,NA,0.00,NA,NA,NA
2025-08-05 08:00:00,17.78,125.49,35.46,35.57,33.51,NA,NA,NA,1.14,NA,NA,NA,NA,NA,NA,NA,NA,NA,NA,NA,0.00,NA,NA,NA
2025-08-05 09:00:00,29.47,121.47,30.56,42.89,32.34,NA,NA,NA,1.14,NA,NA,NA,NA,NA,NA,NA,NA,NA,NA,NA,0.00,NA,NA,NA
2025-08-05 10:00:00,35.96,148.62,37.50,51.79,39.43,NA,NA,NA,1.09,NA,NA,NA,NA,NA,NA,NA,NA,NA,NA,NA,0.00,NA,NA,NA
2025-08-05 11:00:00,25.20,121.00,29.32,51.07,33.83,NA,NA,NA,1.08,NA,NA,NA,NA,NA,NA,NA,NA,NA,NA,NA,0.00,NA,NA,NA
2025-08-05 12:00:00,19.86,118.06,25.35,42.38,28.76,NA,NA,NA,0.98,NA,NA,NA,NA,NA,NA,NA,NA,NA,NA,NA,0.00,NA,NA,NA
2025-08-05 13:00:00,26.24,95.48,15.90,37.08,21.00,NA,NA,NA,0.97,NA,NA,NA,NA,NA,NA,NA,NA,NA,NA,NA,0.00,NA,NA,NA
2025-08-05 14:00:00,23.06,114.97,14.40,31.47,18.43,NA,NA,NA,0.97,NA,NA,NA,NA,NA,NA,NA,NA,NA,NA,NA,0.00,NA,NA,NA
2025-08-05 15:00:00,26.62,121.50,14.16,29.65,17.75,NA,NA,NA,0.88,NA,NA,NA,NA,NA,NA,NA,NA,NA,NA,NA,0.00,NA,NA,NA
2025-08-05 16:00:00,29.22,121.90,15.22,34.15,19.71,NA,NA,NA,0.93,NA,NA,NA,NA,NA,NA,NA,NA,NA,NA,NA,0.00,NA,NA,NA
2025-08-05 17:00:00,25.59,143.02,14.88,39.83,21.11,NA,NA,NA,1.04,NA,NA,NA,NA,NA,NA,NA,NA,NA,NA,NA,0.00,NA,NA,NA
2025-08-05 18:00:00,21.10,109.05,14.22,57.43,25.65,NA,NA,NA,1.05,NA,NA,NA,NA,NA,NA,NA,NA,NA,NA,NA,0.00,NA,NA,NA
2025-08-05 19:00:00,25.25,85.60,16.21,75.52,32.10,NA,NA,NA,1.22,NA,NA,NA,NA,NA,NA,NA,NA,NA,NA,NA,0.00,NA,NA,NA
2025-08-05 20:00:00,15.58,83.53,28.20,90.85,44.33,NA,NA,NA,1.32,NA,NA,NA,NA,NA,NA,NA,NA,NA,NA,NA,0.00,NA,NA,NA
2025-08-05 21:00:00,17.58,87.58,18.62,82.24,35.57,NA,NA,NA,1.34,NA,NA,NA,NA,NA,NA,NA,NA,NA,NA,NA,0.00,NA,NA,NA
2025-08-05 22:00:00,23.38,95.06,25.60,79.26,39.34,NA,NA,NA,1.51,NA,NA,NA,NA,NA,NA,NA,NA,NA,NA,NA,0.00,NA,NA,NA
2025-08-05 23:00:00,24.96,111.98,14.92,58.05,26.28,NA,NA,NA,1.17,NA,NA,NA,NA,NA,NA,NA,NA,NA,NA,NA,0.00,NA,NA,NA
2025-08-06 00:00:00,19.37,81.15,20.50,74.21,34.55,NA,NA,NA,1.29,NA,NA,NA,NA,NA,NA,NA,NA,NA,NA,NA,0.00,NA,NA,NA
2025-08-06 01:00:00,30.77,118.94,43.07,81.62,51.56,NA,NA,NA,1.45,NA,NA,NA,NA,NA,NA,NA,NA,NA,NA,NA,0.00,NA,NA,NA
2025-08-06 02:00:00,30.80,103.90,29.70,82.44,42.96,NA,NA,NA,1.29,NA,NA,NA,NA,NA,NA,NA,NA,NA,NA,NA,0.00,NA,NA,NA
2025-08-06 03:00:00,27.26,92.44,33.70,68.57,41.68,NA,NA,NA,1.29,NA,NA,NA,NA,NA,NA,NA,NA,NA,NA,NA,0.00,NA,NA,NA
2025-08-06 04:00:00,35.52,105.03,34.77,63.79,41.03,NA,NA,NA,1.28,NA,NA,NA,NA,NA,NA,NA,NA,NA,NA,NA,0.00,NA,NA,NA
2025-08-06 05:00:00,26.76,89.43,26.84,47.16,31.10,NA,NA,NA,1.23,NA,NA,NA,NA,NA,NA,NA,NA,NA,NA,NA,0.00,NA,NA,NA
2025-08-06 06:00:00,34.26,116.92,37.32,41.66,36.46,NA,NA,NA,1.30,NA,NA,NA,NA,NA,NA,NA,NA,NA,NA,NA,0.00,NA,NA,NA
2025-08-06 07:00:00,25.46,135.86,41.03,45.44,39.98,NA,NA,NA,1.35,NA,NA,NA,NA,NA,NA,NA,NA,NA,NA,NA,0.00,NA,NA,NA
2025-08-06 08:00:00,21.18,156.50,48.71,51.62,46.76,NA,NA,NA,1.31,NA,NA,NA,NA,NA,NA,NA,NA,NA,NA,NA,0.00,NA,NA,NA
2025-08-06 09:00:00,13.10,114.10,35.17,51.93,37.92,NA,NA,NA,1.16,NA,NA,NA,NA,NA,NA,NA,NA,NA,NA,NA,0.00,NA,NA,NA
2025-08-06 10:00:00,25.85,110.24,23.38,40.78,27.00,NA,NA,NA,1.08,NA,NA,NA,NA,NA,NA,NA,NA,NA,NA,NA,0.00,NA,NA,NA
2025-08-06 11:00:00,35.20,105.50,17.82,37.08,22.28,NA,NA,NA,0.99,NA,NA,NA,NA,NA,NA,NA,NA,NA,NA,NA,0.00,NA,NA,NA
2025-08-06 12:00:00,35.86,122.31,17.02,31.94,20.28,NA,NA,NA,0.97,NA,NA,NA,NA,NA,NA,NA,NA,NA,NA,NA,0.00,NA,NA,NA
2025-08-06 13:00:00,32.36,117.98,14.31,27.50,17.24,NA,NA,NA,0.99,NA,NA,NA,NA,NA,NA,NA,NA,NA,NA,NA,0.00,NA,NA,NA
2025-08-06 14:00:00,31.64,110.73,14.72,32.02,18.79,NA,NA,NA,0.99,NA,NA,NA,NA,NA,NA,NA,NA,NA,NA,NA,0.00,NA,NA,NA
2025-08-06 15:00:00,27.92,125.35,13.56,22.46,15.32,NA,NA,NA,0.92,NA,NA,NA,NA,NA,NA,NA,NA,NA,NA,NA,0.00,NA,NA,NA
2025-08-06 16:00:00,28.01,131.62,14.42,26.55,17.04,NA,NA,NA,0.85,NA,NA,NA,NA,NA,NA,NA,NA,NA,NA,NA,0.00,NA,NA,NA
2025-08-06 17:00:00,22.88,114.35,15.30,32.39,19.29,NA,NA,NA,0.87,NA,NA,NA,NA,NA,NA,NA,NA,NA,NA,NA,0.00,NA,NA,NA
2025-08-06 18:00:00,25.36,120.90,13.30,33.99,18.41,NA,NA,NA,0.91,NA,NA,NA,NA,NA,NA,NA,NA,NA,NA,NA,0.00,NA,NA,NA
2025-08-06 19:00:00,16.23,102.91,14.02,42.95,21.42,NA,NA,NA,1.10,NA,NA,NA,NA,NA,NA,NA,NA,NA,NA,NA,0.00,NA,NA,NA
2025-08-06 20:00:00,21.39,110.43,20.79,60.78,30.95,NA,NA,NA,1.20,NA,NA,NA,NA,NA,NA,NA,NA,NA,NA,NA,0.00,NA,NA,NA
2025-08-06 21:00:00,22.04,123.38,24.87,66.23,35.16,NA,NA,NA,1.31,NA,NA,NA,NA,NA,NA,NA,NA,NA,NA,NA,0.00,NA,NA,NA
2025-08-06 22:00:00,28.95,135.06,20.27,70.27,33.29,NA,NA,NA,1.37,NA,NA,NA,NA,NA,NA,NA,NA,NA,NA,NA,0.00,NA,NA,NA
2025-08-06 23:00:00,21.35,146.16,35.64,80.92,46.45,NA,NA,NA,1.36,NA,NA,NA,NA,NA,NA,NA,NA,NA,NA,NA,0.00,NA,NA,NA
2025-08-07 00:00:00,26.06,116.12,17.89,65.10,30.24,NA,NA,NA,1.26,NA,NA,NA,NA,NA,NA,NA,NA,NA,NA,NA,0.00,NA,NA,NA
2025-08-07 01:00:00,26.61,97.40,20.51,65.51,32.09,NA,NA,NA,1.11,NA,NA,NA,NA,NA,NA,NA,NA,NA,NA,NA,0.00,NA,NA,NA
2025-08-07 02:00:00,26.98,77.98,16.77,47.97,24.66,NA,NA,NA,1.25,NA,NA,NA,NA,NA,NA,NA,NA,NA,NA,NA,0.00,NA,NA,NA
2025-08-07 03:00:00,24.82,75.23,18.48,56.50,28.20,NA,NA,NA,1.14,NA,NA,NA,NA,NA,NA,NA,NA,NA,NA,NA,0.00,NA,NA,NA
2025-08-07 04:00:00,21.91,100.52,19.26,47.44,26.15,NA,NA,NA,1.09,NA,NA,NA,NA,NA,NA,NA,NA,NA,NA,NA,0.00,NA,NA,NA
2025-08-07 05:00:00,12.00,98.66,18.31,36.21,22.34,NA,NA,NA,1.03,NA,NA,NA,NA,NA,NA,NA,NA,NA,NA,NA,0.00,NA,NA,NA
2025-08-07 06:00:00,16.98,78.99,26.84,33.99,27.35,NA,NA,NA,1.21,NA,NA,NA,NA,NA,NA,NA,NA,NA,NA,NA,0.00,NA,NA,NA
2025-08-07 07:00:00,13.12,76.16,23.41,30.32,24.05,NA,NA,NA,1.07,NA,NA,NA,NA,NA,NA,NA,NA,NA,NA,NA,0.00,NA,NA,NA
2025-08-07 08:00:00,17.00,77.54,19.23,27.34,20.45,NA,NA,NA,0.99,NA,NA,NA,NA,NA,NA,NA,NA,NA,NA,NA,0.00,NA,NA,NA
2025-08-07 09:00:00,24.82,92.60,17.11,30.47,19.93,NA,NA,NA,0.95,NA,NA,NA,NA,NA,NA,NA,NA,NA,NA,NA,0.00,NA,NA,NA
2025-08-07 10:00:00,29.58,95.38,14.28,22.42,15.78,NA,NA,NA,0.90,NA,NA,NA,NA,NA,NA,NA,NA,NA,NA,NA,0.00,NA,NA,NA
2025-08-07 11:00:00,34.50,95.58,13.47,21.56,15.00,NA,NA,NA,0.86,NA,NA,NA,NA,NA,NA,NA,NA,NA,NA,NA,0.00,NA,NA,NA
2025-08-07 12:00:00,34.13,100.54,15.17,30.24,18.58,NA,NA,NA,0.71,NA,NA,NA,NA,NA,NA,NA,NA,NA,NA,NA,0.00,NA,NA,NA
2025-08-07 13:00:00,49.44,123.02,23.45,24.77,22.51,NA,NA,NA,0.66,NA,NA,NA,NA,NA,NA,NA,NA,NA,NA,NA,0.00,NA,NA,NA
2025-08-07 14:00:00,51.81,132.00,25.92,28.26,25.13,NA,NA,NA,0.74,NA,NA,NA,NA,NA,NA,NA,NA,NA,NA,NA,0.00,NA,NA,NA
2025-08-07 15:00:00,38.99,107.75,25.50,22.91,23.34,NA,NA,NA,0.60,NA,NA,NA,NA,NA,NA,NA,NA,NA,NA,NA,0.00,NA,NA,NA
2025-08-07 16:00:00,37.33,119.67,26.56,27.53,25.34,NA,NA,NA,0.59,NA,NA,NA,NA,NA,NA,NA,NA,NA,NA,NA,0.00,NA,NA,NA
2025-08-07 17:00:00,25.68,102.49,25.51,35.78,26.98,NA,NA,NA,0.64,NA,NA,NA,NA,NA,NA,NA,NA,NA,NA,NA,0.00,NA,NA,NA
2025-08-07 18:00:00,14.58,87.56,18.55,33.62,21.77,NA,NA,NA,0.70,NA,NA,NA,NA,NA,NA,NA,NA,NA,NA,NA,0.00,NA,NA,NA
2025-08-07 19:00:00,6.82,82.71,15.57,42.85,22.42,NA,NA,NA,0.83,NA,NA,NA,NA,NA,NA,NA,NA,NA,NA,NA,0.00,NA,NA,NA
2025-08-07 20:00:00,7.26,72.97,16.07,46.69,23.84,NA,NA,NA,0.99,NA,NA,NA,NA,NA,NA,NA,NA,NA,NA,NA,0.00,NA,NA,NA
2025-08-07 21:00:00,8.85,101.89,30.02,61.95,37.37,NA,NA,NA,1.28,NA,NA,NA,NA,NA,NA,NA,NA,NA,NA,NA,0.00,NA,NA,NA
2025-08-07 22:00:00,12.77,109.67,26.87,59.37,34.55,NA,NA,NA,1.23,NA,NA,NA,NA,NA,NA,NA,NA,NA,NA,NA,0.00,NA,NA,NA
2025-08-07 23:00:00,13.92,104.02,22.07,57.55,30.87,NA,NA,NA,1.15,NA,NA,NA,NA,NA,NA,NA,NA,NA,NA,NA,0.00,NA,NA,NA
2025-08-08 00:00:00,12.33,99.86,18.27,42.33,24.05,NA,NA,NA,1.03,NA,NA,NA,NA,NA,NA,NA,NA,NA,NA,NA,0.00,NA,NA,NA
2025-08-08 01:00:00,20.46,98.03,17.17,39.39,22.49,NA,NA,NA,1.06,NA,NA,NA,NA,NA,NA,NA,NA,NA,NA,NA,0.00,NA,NA,NA
2025-08-08 02:00:00,19.84,78.63,15.27,37.94,20.84,NA,NA,NA,1.03,NA,NA,NA,NA,NA,NA,NA,NA,NA,NA,NA,0.00,NA,NA,NA
2025-08-08 03:00:00,23.47,72.50,18.86,40.55,23.94,NA,NA,NA,0.97,NA,NA,NA,NA,NA,NA,NA,NA,NA,NA,NA,0.00,NA,NA,NA
2025-08-08 04:00:00,19.73,82.07,16.56,31.26,19.79,NA,NA,NA,0.98,NA,NA,NA,NA,NA,NA,NA,NA,NA,NA,NA,0.00,NA,NA,NA
2025-08-08 05:00:00,22.99,65.91,18.08,37.40,22.54,NA,NA,NA,0.98,NA,NA,NA,NA,NA,NA,NA,NA,NA,NA,NA,0.00,NA,NA,NA
2025-08-08 06:00:00,26.08,75.47,29.16,43.32,31.53,NA,NA,NA,1.17,NA,NA,NA,NA,NA,NA,NA,NA,NA,NA,NA,0.00,NA,NA,NA
2025-08-08 07:00:00,18.60,90.25,36.13,45.65,36.80,NA,NA,NA,1.31,NA,NA,NA,NA,NA,NA,NA,NA,NA,NA,NA,0.00,NA,NA,NA
2025-08-08 08:00:00,23.73,110.48,28.42,48.08,32.39,NA,NA,NA,1.04,NA,NA,NA,NA,NA,NA,NA,NA,NA,NA,NA,0.00,NA,NA,NA
2025-08-08 09:00:00,37.29,105.46,20.05,41.61,25.02,NA,NA,NA,0.98,NA,NA,NA,NA,NA,NA,NA,NA,NA,NA,NA,0.00,NA,NA,NA
2025-08-08 10:00:00,26.56,91.93,17.09,36.86,21.72,NA,NA,NA,0.92,NA,NA,NA,NA,NA,NA,NA,NA,NA,NA,NA,0.00,NA,NA,NA
2025-08-08 11:00:00,27.57,95.65,16.51,38.43,21.78,NA,NA,NA,0.91,NA,NA,NA,NA,NA,NA,NA,NA,NA,NA,NA,0.00,NA,NA,NA
2025-08-08 12:00:00,33.35,111.60,14.69,36.75,20.10,NA,NA,NA,0.92,NA,NA,NA,NA,NA,NA,NA,NA,NA,NA,NA,0.00,NA,NA,NA
2025-08-08 13:00:00,32.81,113.83,13.83,41.34,20.84,NA,NA,NA,0.81,NA,NA,NA,NA,NA,NA,NA,NA,NA,NA,NA,0.00,NA,NA,NA
2025-08-08 14:00:00,30.02,124.51,14.07,37.76,19.99,NA,NA,NA,0.72,NA,NA,NA,NA,NA,NA,NA,NA,NA,NA,NA,0.00,NA,NA,NA
2025-08-08 15:00:00,29.79,128.53,14.93,43.99,22.32,NA,NA,NA,0.75,NA,NA,NA,NA,NA,NA,NA,NA,NA,NA,NA,0.00,NA,NA,NA
2025-08-08 16:00:00,29.76,135.51,17.22,52.73,26.30,NA,NA,NA,0.85,NA,NA,NA,NA,NA,NA,NA,NA,NA,NA,NA,0.00,NA,NA,NA
2025-08-08 17:00:00,30.58,125.44,16.60,58.71,27.58,NA,NA,NA,0.84,NA,NA,NA,NA,NA,NA,NA,NA,NA,NA,NA,0.00,NA,NA,NA
2025-08-08 18:00:00,25.69,138.82,15.76,57.47,26.67,NA,NA,NA,0.85,NA,NA,NA,NA,NA,NA,NA,NA,NA,NA,NA,0.00,NA,NA,NA
2025-08-08 19:00:00,27.52,152.04,15.34,57.81,26.50,NA,NA,NA,1.10,NA,NA,NA,NA,NA,NA,NA,NA,NA,NA,NA,0.00,NA,NA,NA
2025-08-08 20:00:00,22.24,144.15,15.59,58.33,26.80,NA,NA,NA,1.36,NA,NA,NA,NA,NA,NA,NA,NA,NA,NA,NA,0.00,NA,NA,NA
2025-08-08 21:00:00,16.23,88.90,17.48,65.48,30.09,NA,NA,NA,1.10,NA,NA,NA,NA,NA,NA,NA,NA,NA,NA,NA,0.00,NA,NA,NA
2025-08-08 22:00:00,18.48,97.24,15.16,72.46,30.52,NA,NA,NA,1.12,NA,NA,NA,NA,NA,NA,NA,NA,NA,NA,NA,0.00,NA,NA,NA
2025-08-08 23:00:00,22.58,104.16,18.03,58.45,28.45,NA,NA,NA,1.16,NA,NA,NA,NA,NA,NA,NA,NA,NA,NA,NA,0.00,NA,NA,NA
2025-08-09 00:00:00,25.07,77.60,15.65,50.65,24.68,NA,NA,NA,1.15,NA,NA,NA,NA,NA,NA,NA,NA,NA,NA,NA,0.00,NA,NA,NA
2025-08-09 01:00:00,2.67,27.42,15.09,50.89,24.37,NA,NA,NA,1.16,NA,NA,NA,NA,NA,NA,NA,NA,NA,NA,NA,0.00,NA,NA,NA
2025-08-09 02:00:00,6.06,32.87,18.67,60.63,29.49,NA,NA,NA,1.23,NA,NA,NA,NA,NA,NA,NA,NA,NA,NA,NA,0.00,NA,NA,NA
2025-08-09 03:00:00,15.62,43.66,25.40,55.73,32.56,NA,NA,NA,1.19,NA,NA,NA,NA,NA,NA,NA,NA,NA,NA,NA,0.00,NA,NA,NA
2025-08-09 04:00:00,26.74,68.56,28.22,50.36,32.90,NA,NA,NA,1.24,NA,NA,NA,NA,NA,NA,NA,NA,NA,NA,NA,0.00,NA,NA,NA
2025-08-09 05:00:00,18.98,69.91,34.86,54.66,38.50,NA,NA,NA,1.32,NA,NA,NA,NA,NA,NA,NA,NA,NA,NA,NA,0.00,NA,NA,NA
2025-08-09 06:00:00,22.64,65.45,43.31,48.43,42.32,NA,NA,NA,1.33,NA,NA,NA,NA,NA,NA,NA,NA,NA,NA,NA,0.00,NA,NA,NA
2025-08-09 07:00:00,16.57,49.49,18.03,30.25,20.49,NA,NA,NA,0.99,NA,NA,NA,NA,NA,NA,NA,NA,NA,NA,NA,0.00,NA,NA,NA
2025-08-09 08:00:00,13.35,33.44,21.35,31.66,23.07,NA,NA,NA,0.99,NA,NA,NA,NA,NA,NA,NA,NA,NA,NA,NA,0.00,NA,NA,NA
2025-08-09 09:00:00,14.66,29.98,16.25,29.08,18.97,NA,NA,NA,1.08,NA,NA,NA,NA,NA,NA,NA,NA,NA,NA,NA,0.00,NA,NA,NA
2025-08-09 10:00:00,23.72,36.14,17.40,31.70,20.47,NA,NA,NA,1.03,NA,NA,NA,NA,NA,NA,NA,NA,NA,NA,NA,0.00,NA,NA,NA
2025-08-09 11:00:00,16.82,39.61,20.63,32.98,22.97,NA,NA,NA,1.13,NA,NA,NA,NA,NA,NA,NA,NA,NA,NA,NA,0.00,NA,NA,NA
2025-08-09 12:00:00,21.56,43.79,18.01,32.57,21.12,NA,NA,NA,1.14,NA,NA,NA,NA,NA,NA,NA,NA,NA,NA,NA,0.00,NA,NA,NA
2025-08-09 13:00:00,24.40,40.64,16.75,28.03,19.00,NA,NA,NA,1.02,NA,NA,NA,NA,NA,NA,NA,NA,NA,NA,NA,0.00,NA,NA,NA
2025-08-09 14:00:00,33.40,52.70,16.33,34.43,20.53,NA,NA,NA,1.22,NA,NA,NA,NA,NA,NA,NA,NA,NA,NA,NA,0.00,NA,NA,NA
2025-08-09 15:00:00,24.76,41.83,15.19,30.92,18.79,NA,NA,NA,1.27,NA,NA,NA,NA,NA,NA,NA,NA,NA,NA,NA,0.00,NA,NA,NA
2025-08-09 16:00:00,16.93,36.67,18.99,35.91,22.72,NA,NA,NA,1.21,NA,NA,NA,NA,NA,NA,NA,NA,NA,NA,NA,0.00,NA,NA,NA
2025-08-09 17:00:00,23.84,43.42,14.55,30.02,18.10,NA,NA,NA,1.18,NA,NA,NA,NA,NA,NA,NA,NA,NA,NA,NA,0.00,NA,NA,NA
2025-08-09 18:00:00,27.41,51.32,16.73,31.28,19.91,NA,NA,NA,1.16,NA,NA,NA,NA,NA,NA,NA,NA,NA,NA,NA,0.00,NA,NA,NA
2025-08-09 19:00:00,25.15,46.58,18.72,37.84,23.08,NA,NA,NA,1.32,NA,NA,NA,NA,NA,NA,NA,NA,NA,NA,NA,0.00,NA,NA,NA
2025-08-09 20:00:00,23.81,41.60,20.82,34.94,23.66,NA,NA,NA,1.30,NA,NA,NA,NA,NA,NA,NA,NA,NA,NA,NA,0.00,NA,NA,NA
2025-08-09 21:00:00,16.34,40.98,28.02,35.45,28.56,NA,NA,NA,1.44,NA,NA,NA,NA,NA,NA,NA,NA,NA,NA,NA,0.00,NA,NA,NA
2025-08-09 22:00:00,29.16,49.76,36.50,49.17,38.02,NA,NA,NA,1.63,NA,NA,NA,NA,NA,NA,NA,NA,NA,NA,NA,0.00,NA,NA,NA
2025-08-09 23:00:00,26.21,60.13,39.62,44.14,38.68,NA,NA,NA,1.32,NA,NA,NA,NA,NA,NA,NA,NA,NA,NA,NA,0.00,NA,NA,NA
2025-08-10 00:00:00,26.89,76.23,64.92,43.32,55.18,NA,NA,NA,1.70,NA,NA,NA,NA,NA,NA,NA,NA,NA,NA,NA,0.00,NA,NA,NA
2025-08-10 01:00:00,24.73,77.97,95.26,48.60,76.72,NA,NA,NA,1.84,NA,NA,NA,NA,NA,NA,NA,NA,NA,NA,NA,0.00,NA,NA,NA
2025-08-10 02:00:00,26.51,82.97,57.59,45.39,50.89,NA,NA,NA,1.57,NA,NA,NA,NA,NA,NA,NA,NA,NA,NA,NA,0.00,NA,NA,NA
2025-08-10 03:00:00,28.61,66.45,44.94,40.05,41.04,NA,NA,NA,1.37,NA,NA,NA,NA,NA,NA,NA,NA,NA,NA,NA,0.00,NA,NA,NA
2025-08-10 04:00:00,28.07,88.96,39.99,37.37,36.99,NA,NA,NA,1.47,NA,NA,NA,NA,NA,NA,NA,NA,NA,NA,NA,0.00,NA,NA,NA
2025-08-10 05:00:00,27.68,71.52,29.02,31.60,28.12,NA,NA,NA,1.30,NA,NA,NA,NA,NA,NA,NA,NA,NA,NA,NA,0.00,NA,NA,NA
2025-08-10 06:00:00,30.12,85.82,37.56,35.34,34.83,NA,NA,NA,1.48,NA,NA,NA,NA,NA,NA,NA,NA,NA,NA,NA,0.00,NA,NA,NA
2025-08-10 07:00:00,27.53,96.66,36.57,28.20,32.15,NA,NA,NA,1.41,NA,NA,NA,NA,NA,NA,NA,NA,NA,NA,NA,0.00,NA,NA,NA
2025-08-10 08:00:00,38.76,92.92,23.91,29.88,24.26,NA,NA,NA,1.18,NA,NA,NA,NA,NA,NA,NA,NA,NA,NA,NA,0.00,NA,NA,NA
2025-08-10 09:00:00,29.73,73.61,21.49,29.12,22.44,NA,NA,NA,1.17,NA,NA,NA,NA,NA,NA,NA,NA,NA,NA,NA,0.00,NA,NA,NA
2025-08-10 10:00:00,39.58,81.47,17.37,20.72,17.34,NA,NA,NA,0.94,NA,NA,NA,NA,NA,NA,NA,NA,NA,NA,NA,0.00,NA,NA,NA
2025-08-10 11:00:00,24.79,65.32,17.94,23.46,18.50,NA,NA,NA,0.88,NA,NA,NA,NA,NA,NA,NA,NA,NA,NA,NA,0.00,NA,NA,NA
2025-08-10 12:00:00,28.35,65.50,17.09,24.90,18.34,NA,NA,NA,0.84,NA,NA,NA,NA,NA,NA,NA,NA,NA,NA,NA,0.00,NA,NA,NA
2025-08-10 13:00:00,32.42,72.74,14.47,17.86,14.62,NA,NA,NA,0.82,NA,NA,NA,NA,NA,NA,NA,NA,NA,NA,NA,0.00,NA,NA,NA
2025-08-10 14:00:00,25.77,87.01,15.03,20.21,15.65,NA,NA,NA,0.91,NA,NA,NA,NA,NA,NA,NA,NA,NA,NA,NA,0.00,NA,NA,NA
2025-08-10 15:00:00,29.36,82.58,14.18,21.29,15.40,NA,NA,NA,0.87,NA,NA,NA,NA,NA,NA,NA,NA,NA,NA,NA,0.00,NA,NA,NA
2025-08-10 16:00:00,25.38,83.22,13.42,26.58,16.39,NA,NA,NA,0.82,NA,NA,NA,NA,NA,NA,NA,NA,NA,NA,NA,0.00,NA,NA,NA
2025-08-10 17:00:00,21.46,79.19,13.30,32.63,18.03,NA,NA,NA,0.91,NA,NA,NA,NA,NA,NA,NA,NA,NA,NA,NA,0.00,NA,NA,NA
2025-08-10 18:00:00,20.15,100.42,12.48,42.71,20.34,NA,NA,NA,0.81,NA,NA,NA,NA,NA,NA,NA,NA,NA,NA,NA,0.00,NA,NA,NA
2025-08-10 19:00:00,31.61,123.30,16.02,61.40,27.97,NA,NA,NA,1.07,NA,NA,NA,NA,NA,NA,NA,NA,NA,NA,NA,0.00,NA,NA,NA
2025-08-10 20:00:00,35.52,148.63,18.63,61.99,29.84,NA,NA,NA,1.28,NA,NA,NA,NA,NA,NA,NA,NA,NA,NA,NA,0.00,NA,NA,NA
2025-08-10 21:00:00,23.67,133.72,27.09,88.40,42.92,NA,NA,NA,1.36,NA,NA,NA,NA,NA,NA,NA,NA,NA,NA,NA,0.00,NA,NA,NA
2025-08-10 22:00:00,26.30,134.23,26.33,85.45,41.58,NA,NA,NA,1.27,NA,NA,NA,NA,NA,NA,NA,NA,NA,NA,NA,0.00,NA,NA,NA
2025-08-10 23:00:00,33.64,134.05,26.02,68.18,36.49,NA,NA,NA,1.25,NA,NA,NA,NA,NA,NA,NA,NA,NA,NA,NA,0.00,NA,NA,NA
2025-08-11 00:00:00,24.94,104.12,19.78,48.08,26.67,NA,NA,NA,0.99,NA,NA,NA,NA,NA,NA,NA,NA,NA,NA,NA,0.00,NA,NA,NA
2025-08-11 01:00:00,19.54,82.79,19.63,45.49,25.86,NA,NA,NA,0.98,NA,NA,NA,NA,NA,NA,NA,NA,NA,NA,NA,0.00,NA,NA,NA
2025-08-11 02:00:00,22.22,79.68,29.56,57.01,35.67,NA,NA,NA,1.06,NA,NA,NA,NA,NA,NA,NA,NA,NA,NA,NA,0.00,NA,NA,NA
2025-08-11 03:00:00,19.53,92.65,29.58,54.64,35.00,NA,NA,NA,1.12,NA,NA,NA,NA,NA,NA,NA,NA,NA,NA,NA,0.00,NA,NA,NA
2025-08-11 04:00:00,30.32,98.16,27.18,52.01,32.69,NA,NA,NA,1.06,NA,NA,NA,NA,NA,NA,NA,NA,NA,NA,NA,0.00,NA,NA,NA
2025-08-11 05:00:00,26.35,97.67,31.64,51.75,35.55,NA,NA,NA,1.16,NA,NA,NA,NA,NA,NA,NA,NA,NA,NA,NA,0.00,NA,NA,NA
2025-08-11 06:00:00,24.52,131.89,38.70,44.29,38.12,NA,NA,NA,1.35,NA,NA,NA,NA,NA,NA,NA,NA,NA,NA,NA,0.00,NA,NA,NA
2025-08-11 07:00:00,15.17,119.92,38.70,39.78,36.83,NA,NA,NA,1.31,NA,NA,NA,NA,NA,NA,NA,NA,NA,NA,NA,0.00,NA,NA,NA
2025-08-11 08:00:00,27.44,115.66,23.28,29.80,23.81,NA,NA,NA,0.96,NA,NA,NA,NA,NA,NA,NA,NA,NA,NA,NA,0.00,NA,NA,NA
2025-08-11 09:00:00,25.30,87.06,17.11,25.26,18.46,NA,NA,NA,0.85,NA,NA,NA,NA,NA,NA,NA,NA,NA,NA,NA,0.00,NA,NA,NA
2025-08-11 10:00:00,28.02,94.49,17.00,23.97,18.02,NA,NA,NA,0.82,NA,NA,NA,NA,NA,NA,NA,NA,NA,NA,NA,0.00,NA,NA,NA
2025-08-11 11:00:00,30.26,101.16,14.11,22.72,15.75,NA,NA,NA,0.83,NA,NA,NA,NA,NA,NA,NA,NA,NA,NA,NA,0.00,NA,NA,NA
2025-08-11 12:00:00,22.07,92.48,16.78,40.25,22.48,NA,NA,NA,0.89,NA,NA,NA,NA,NA,NA,NA,NA,NA,NA,NA,0.00,NA,NA,NA
2025-08-11 13:00:00,20.86,92.33,14.94,35.94,20.04,NA,NA,NA,0.93,NA,NA,NA,NA,NA,NA,NA,NA,NA,NA,NA,0.00,NA,NA,NA
2025-08-11 14:00:00,21.81,104.58,16.76,30.36,19.66,NA,NA,NA,0.86,NA,NA,NA,NA,NA,NA,NA,NA,NA,NA,NA,0.00,NA,NA,NA
2025-08-11 15:00:00,25.37,120.17,15.09,27.02,17.62,NA,NA,NA,0.82,NA,NA,NA,NA,NA,NA,NA,NA,NA,NA,NA,0.00,NA,NA,NA
2025-08-11 16:00:00,25.01,124.37,14.07,33.26,18.70,NA,NA,NA,0.94,NA,NA,NA,NA,NA,NA,NA,NA,NA,NA,NA,0.00,NA,NA,NA
2025-08-11 17:00:00,24.58,147.18,16.09,47.03,23.94,NA,NA,NA,0.93,NA,NA,NA,NA,NA,NA,NA,NA,NA,NA,NA,0.00,NA,NA,NA
2025-08-11 18:00:00,25.56,167.12,22.63,69.42,34.62,NA,NA,NA,1.19,NA,NA,NA,NA,NA,NA,NA,NA,NA,NA,NA,0.00,NA,NA,NA
2025-08-11 19:00:00,28.26,187.13,21.28,96.02,41.24,NA,NA,NA,1.63,NA,NA,NA,NA,NA,NA,NA,NA,NA,NA,NA,0.00,NA,NA,NA
2025-08-11 20:00:00,34.48,148.41,24.37,109.91,47.21,NA,NA,NA,2.22,NA,NA,NA,NA,NA,NA,NA,NA,NA,NA,NA,0.00,NA,NA,NA
2025-08-11 21:00:00,51.34,189.09,35.85,94.73,50.48,NA,NA,NA,2.71,NA,NA,NA,NA,NA,NA,NA,NA,NA,NA,NA,0.00,NA,NA,NA
2025-08-11 22:00:00,47.73,183.32,17.80,55.11,27.35,NA,NA,NA,1.69,NA,NA,NA,NA,NA,NA,NA,NA,NA,NA,NA,0.00,NA,NA,NA
2025-08-11 23:00:00,23.86,94.54,20.35,54.12,28.76,NA,NA,NA,1.31,NA,NA,NA,NA,NA,NA,NA,NA,NA,NA,NA,0.00,NA,NA,NA
2025-08-12 00:00:00,21.38,85.86,22.18,70.26,34.55,NA,NA,NA,1.29,NA,NA,NA,NA,NA,NA,NA,NA,NA,NA,NA,0.00,NA,NA,NA
2025-08-12 01:00:00,25.22,89.24,19.00,62.67,30.28,NA,NA,NA,1.23,NA,NA,NA,NA,NA,NA,NA,NA,NA,NA,NA,0.00,NA,NA,NA
2025-08-12 02:00:00,16.33,80.84,19.68,60.01,29.99,NA,NA,NA,1.13,NA,NA,NA,NA,NA,NA,NA,NA,NA,NA,NA,0.00,NA,NA,NA
2025-08-12 03:00:00,21.56,65.45,13.18,23.94,15.49,NA,NA,NA,0.75,NA,NA,NA,NA,NA,NA,NA,NA,NA,NA,NA,0.00,NA,NA,NA
2025-08-12 04:00:00,18.39,41.56,12.64,20.21,14.07,NA,NA,NA,0.65,NA,NA,NA,NA,NA,NA,NA,NA,NA,NA,NA,0.00,NA,NA,NA
2025-08-12 05:00:00,10.75,29.58,28.09,72.04,38.97,NA,NA,NA,2.30,NA,NA,NA,NA,NA,NA,NA,NA,NA,NA,NA,0.00,NA,NA,NA
2025-08-12 06:00:00,11.19,22.34,45.53,91.46,55.96,NA,NA,NA,1.17,NA,NA,NA,NA,NA,NA,NA,NA,NA,NA,NA,0.00,NA,NA,NA
2025-08-12 07:00:00,17.89,36.95,27.25,66.73,36.89,NA,NA,NA,1.17,NA,NA,NA,NA,NA,NA,NA,NA,NA,NA,NA,0.00,NA,NA,NA
2025-08-12 08:00:00,19.62,41.58,47.67,68.34,50.85,NA,NA,NA,1.22,NA,NA,NA,NA,NA,NA,NA,NA,NA,NA,NA,0.00,NA,NA,NA
2025-08-12 09:00:00,19.45,32.34,26.81,39.94,29.03,NA,NA,NA,1.05,NA,NA,NA,NA,NA,NA,NA,NA,NA,NA,NA,0.00,NA,NA,NA
2025-08-12 10:00:00,17.48,39.67,27.60,54.95,33.80,NA,NA,NA,1.35,NA,NA,NA,NA,NA,NA,NA,NA,NA,NA,NA,0.00,NA,NA,NA
2025-08-12 11:00:00,20.90,47.36,15.82,37.02,20.92,NA,NA,NA,1.18,NA,NA,NA,NA,NA,NA,NA,NA,NA,NA,NA,0.00,NA,NA,NA
2025-08-12 12:00:00,28.58,77.18,16.10,40.69,22.15,NA,NA,NA,0.87,NA,NA,NA,NA,NA,NA,NA,NA,NA,NA,NA,0.00,NA,NA,NA
2025-08-12 13:00:00,34.84,85.58,15.21,34.10,19.70,NA,NA,NA,0.85,NA,NA,NA,NA,NA,NA,NA,NA,NA,NA,NA,0.00,NA,NA,NA
2025-08-12 14:00:00,32.80,90.40,13.70,31.21,17.88,NA,NA,NA,0.76,NA,NA,NA,NA,NA,NA,NA,NA,NA,NA,NA,0.00,NA,NA,NA
2025-08-12 15:00:00,31.14,121.44,12.74,26.54,15.93,NA,NA,NA,0.73,NA,NA,NA,NA,NA,NA,NA,NA,NA,NA,NA,0.00,NA,NA,NA
2025-08-12 16:00:00,35.26,113.45,13.36,34.53,18.59,NA,NA,NA,0.87,NA,NA,NA,NA,NA,NA,NA,NA,NA,NA,NA,0.00,NA,NA,NA
2025-08-12 17:00:00,27.26,135.32,13.92,45.59,22.11,NA,NA,NA,0.89,NA,NA,NA,NA,NA,NA,NA,NA,NA,NA,NA,0.00,NA,NA,NA
2025-08-12 18:00:00,29.06,186.07,12.20,40.15,19.42,NA,NA,NA,1.00,NA,NA,NA,NA,NA,NA,NA,NA,NA,NA,NA,0.00,NA,NA,NA
2025-08-12 19:00:00,37.11,169.68,13.04,50.05,22.78,NA,NA,NA,1.14,NA,NA,NA,NA,NA,NA,NA,NA,NA,NA,NA,0.00,NA,NA,NA
2025-08-12 20:00:00,36.67,208.43,25.91,79.45,39.61,NA,NA,NA,1.48,NA,NA,NA,NA,NA,NA,NA,NA,NA,NA,NA,0.00,NA,NA,NA
2025-08-12 21:00:00,29.16,217.40,31.43,90.20,46.30,NA,NA,NA,1.46,NA,NA,NA,NA,NA,NA,NA,NA,NA,NA,NA,0.00,NA,NA,NA
2025-08-12 22:00:00,30.24,171.59,34.38,86.79,47.28,NA,NA,NA,1.61,NA,NA,NA,NA,NA,NA,NA,NA,NA,NA,NA,0.00,NA,NA,NA
2025-08-12 23:00:00,35.98,146.77,30.23,81.92,43.16,NA,NA,NA,1.73,NA,NA,NA,NA,NA,NA,NA,NA,NA,NA,NA,0.00,NA,NA,NA
2025-08-13 00:00:00,36.22,189.02,48.89,80.59,55.13,NA,NA,NA,1.91,NA,NA,NA,NA,NA,NA,NA,NA,NA,NA,NA,0.00,NA,NA,NA
2025-08-13 01:00:00,41.60,230.76,105.68,69.42,89.51,NA,NA,NA,2.49,NA,NA,NA,NA,NA,NA,NA,NA,NA,NA,NA,0.00,NA,NA,NA
2025-08-13 02:00:00,39.00,238.28,119.52,69.68,98.70,NA,NA,NA,2.51,NA,NA,NA,NA,NA,NA,NA,NA,NA,NA,NA,0.00,NA,NA,NA
2025-08-13 03:00:00,49.38,230.73,100.72,62.58,84.28,NA,NA,NA,2.48,NA,NA,NA,NA,NA,NA,NA,NA,NA,NA,NA,0.00,NA,NA,NA
2025-08-13 04:00:00,50.42,193.35,63.32,58.80,58.48,NA,NA,NA,1.98,NA,NA,NA,NA,NA,NA,NA,NA,NA,NA,NA,0.00,NA,NA,NA
2025-08-13 05:00:00,48.03,169.16,43.93,53.82,44.28,NA,NA,NA,1.71,NA,NA,NA,NA,NA,NA,NA,NA,NA,NA,NA,0.00,NA,NA,NA
2025-08-13 06:00:00,47.45,189.20,49.77,47.38,46.28,NA,NA,NA,1.59,NA,NA,NA,NA,NA,NA,NA,NA,NA,NA,NA,0.00,NA,NA,NA
2025-08-13 07:00:00,31.46,122.27,27.24,34.27,27.70,NA,NA,NA,1.26,NA,NA,NA,NA,NA,NA,NA,NA,NA,NA,NA,0.00,NA,NA,NA
2025-08-13 08:00:00,23.18,85.21,21.51,34.16,23.88,NA,NA,NA,1.13,NA,NA,NA,NA,NA,NA,NA,NA,NA,NA,NA,0.00,NA,NA,NA
2025-08-13 09:00:00,24.60,121.68,33.15,47.33,35.29,NA,NA,NA,1.09,NA,NA,NA,NA,NA,NA,NA,NA,NA,NA,NA,0.00,NA,NA,NA
2025-08-13 10:00:00,29.94,115.49,20.44,28.75,21.65,NA,NA,NA,0.82,NA,NA,NA,NA,NA,NA,NA,NA,NA,NA,NA,0.00,NA,NA,NA
2025-08-13 11:00:00,25.48,88.99,16.34,30.89,19.54,NA,NA,NA,0.92,NA,NA,NA,NA,NA,NA,NA,NA,NA,NA,NA,0.00,NA,NA,NA
2025-08-13 12:00:00,22.18,94.06,15.58,32.05,19.37,NA,NA,NA,0.83,NA,NA,NA,NA,NA,NA,NA,NA,NA,NA,NA,0.00,NA,NA,NA
2025-08-13 13:00:00,19.88,100.04,13.68,27.12,16.72,NA,NA,NA,0.88,NA,NA,NA,NA,NA,NA,NA,NA,NA,NA,NA,0.00,NA,NA,NA
2025-08-13 14:00:00,30.98,98.20,13.99,29.54,17.60,NA,NA,NA,0.86,NA,NA,NA,NA,NA,NA,NA,NA,NA,NA,NA,0.00,NA,NA,NA
2025-08-13 15:00:00,32.08,125.06,13.28,27.11,16.45,NA,NA,NA,0.80,NA,NA,NA,NA,NA,NA,NA,NA,NA,NA,NA,0.00,NA,NA,NA
2025-08-13 16:00:00,25.88,122.05,13.39,32.99,18.19,NA,NA,NA,0.81,NA,NA,NA,NA,NA,NA,NA,NA,NA,NA,NA,0.00,NA,NA,NA
2025-08-13 17:00:00,27.75,106.38,12.05,32.55,17.18,NA,NA,NA,0.86,NA,NA,NA,NA,NA,NA,NA,NA,NA,NA,NA,0.00,NA,NA,NA
2025-08-13 18:00:00,23.91,116.27,12.69,56.65,24.42,NA,NA,NA,1.05,NA,NA,NA,NA,NA,NA,NA,NA,NA,NA,NA,0.00,NA,NA,NA
2025-08-13 19:00:00,38.68,166.67,21.41,71.60,34.42,NA,NA,NA,1.23,NA,NA,NA,NA,NA,NA,NA,NA,NA,NA,NA,0.00,NA,NA,NA
2025-08-13 20:00:00,33.96,265.66,32.35,90.01,46.83,NA,NA,NA,1.55,NA,NA,NA,NA,NA,NA,NA,NA,NA,NA,NA,0.00,NA,NA,NA
2025-08-13 21:00:00,27.61,200.69,59.64,96.89,66.87,NA,NA,NA,1.90,NA,NA,NA,NA,NA,NA,NA,NA,NA,NA,NA,0.00,NA,NA,NA
2025-08-13 22:00:00,39.63,236.37,83.14,97.84,82.62,NA,NA,NA,2.53,NA,NA,NA,NA,NA,NA,NA,NA,NA,NA,NA,0.00,NA,NA,NA
2025-08-13 23:00:00,39.15,180.50,66.89,98.05,71.94,NA,NA,NA,1.96,NA,NA,NA,NA,NA,NA,NA,NA,NA,NA,NA,0.00,NA,NA,NA
2025-08-14 00:00:00,42.19,177.46,28.58,78.94,41.22,NA,NA,NA,1.57,NA,NA,NA,NA,NA,NA,NA,NA,NA,NA,NA,0.00,NA,NA,NA
2025-08-14 01:00:00,30.01,134.15,35.23,69.39,42.92,NA,NA,NA,1.38,NA,NA,NA,NA,NA,NA,NA,NA,NA,NA,NA,0.00,NA,NA,NA
2025-08-14 02:00:00,18.08,88.56,57.84,72.97,58.89,NA,NA,NA,1.49,NA,NA,NA,NA,NA,NA,NA,NA,NA,NA,NA,0.00,NA,NA,NA
2025-08-14 03:00:00,15.37,95.44,31.06,56.18,36.42,NA,NA,NA,1.25,NA,NA,NA,NA,NA,NA,NA,NA,NA,NA,NA,0.00,NA,NA,NA
2025-08-14 04:00:00,23.34,68.71,17.17,32.23,20.46,NA,NA,NA,0.96,NA,NA,NA,NA,NA,NA,NA,NA,NA,NA,NA,0.00,NA,NA,NA
2025-08-14 05:00:00,12.15,32.94,15.81,40.69,21.97,NA,NA,NA,0.98,NA,NA,NA,NA,NA,NA,NA,NA,NA,NA,NA,0.00,NA,NA,NA
2025-08-14 06:00:00,6.83,17.14,15.04,47.71,23.43,NA,NA,NA,0.92,NA,NA,NA,NA,NA,NA,NA,NA,NA,NA,NA,0.00,NA,NA,NA
2025-08-14 07:00:00,8.46,17.81,15.60,64.45,28.56,NA,NA,NA,1.05,NA,NA,NA,NA,NA,NA,NA,NA,NA,NA,NA,0.00,NA,NA,NA
2025-08-14 08:00:00,7.12,20.88,21.19,71.85,34.34,NA,NA,NA,1.34,NA,NA,NA,NA,NA,NA,NA,NA,NA,NA,NA,0.00,NA,NA,NA
2025-08-14 09:00:00,21.87,31.12,21.62,63.62,32.29,NA,NA,NA,1.37,NA,NA,NA,NA,NA,NA,NA,NA,NA,NA,NA,0.00,NA,NA,NA
2025-08-14 10:00:00,18.54,27.49,16.62,50.37,25.23,NA,NA,NA,1.29,NA,NA,NA,NA,NA,NA,NA,NA,NA,NA,NA,0.00,NA,NA,NA
2025-08-14 11:00:00,1.46,2.94,17.72,48.37,25.40,NA,NA,NA,1.28,NA,NA,NA,NA,NA,NA,NA,NA,NA,NA,NA,0.00,NA,NA,NA
2025-08-14 12:00:00,0.70,8.23,13.95,36.90,19.66,NA,NA,NA,1.05,NA,NA,NA,NA,NA,NA,NA,NA,NA,NA,NA,0.00,NA,NA,NA
2025-08-14 13:00:00,1.45,2.78,13.43,42.80,20.99,NA,NA,NA,1.05,NA,NA,NA,NA,NA,NA,NA,NA,NA,NA,NA,0.00,NA,NA,NA
2025-08-14 14:00:00,10.54,19.01,17.96,70.54,31.83,NA,NA,NA,1.23,NA,NA,NA,NA,NA,NA,NA,NA,NA,NA,NA,0.00,NA,NA,NA
2025-08-14 15:00:00,13.02,21.24,16.59,73.78,31.84,NA,NA,NA,1.34,NA,NA,NA,NA,NA,NA,NA,NA,NA,NA,NA,0.00,NA,NA,NA
2025-08-14 16:00:00,14.97,20.46,16.59,71.08,31.08,NA,NA,NA,1.38,NA,NA,NA,NA,NA,NA,NA,NA,NA,NA,NA,0.00,NA,NA,NA
2025-08-14 17:00:00,15.38,31.30,15.29,74.22,31.10,NA,NA,NA,1.54,NA,NA,NA,NA,NA,NA,NA,NA,NA,NA,NA,0.00,NA,NA,NA
2025-08-14 18:00:00,23.89,50.10,13.50,76.50,30.56,NA,NA,NA,1.91,NA,NA,NA,NA,NA,NA,NA,NA,NA,NA,NA,0.00,NA,NA,NA
2025-08-14 19:00:00,30.18,54.40,46.36,119.75,64.54,NA,NA,NA,2.23,NA,NA,NA,NA,NA,NA,NA,NA,NA,NA,NA,0.00,NA,NA,NA
2025-08-14 20:00:00,26.63,59.49,76.36,134.82,88.62,NA,NA,NA,2.57,NA,NA,NA,NA,NA,NA,NA,NA,NA,NA,NA,0.00,NA,NA,NA
2025-08-14 21:00:00,28.62,74.24,95.93,131.25,100.55,NA,NA,NA,3.03,NA,NA,NA,NA,NA,NA,NA,NA,NA,NA,NA,0.00,NA,NA,NA
2025-08-14 22:00:00,32.28,108.69,62.88,120.40,75.62,NA,NA,NA,3.70,NA,NA,NA,NA,NA,NA,NA,NA,NA,NA,NA,0.00,NA,NA,NA
2025-08-14 23:00:00,38.84,117.99,54.93,88.02,61.21,NA,NA,NA,3.07,NA,NA,NA,NA,NA,NA,NA,NA,NA,NA,NA,0.00,NA,NA,NA
2025-08-15 00:00:00,35.46,86.44,39.42,66.32,44.82,NA,NA,NA,1.89,NA,NA,NA,NA,NA,NA,NA,NA,NA,NA,NA,0.00,NA,NA,NA
2025-08-15 01:00:00,26.92,74.92,24.57,49.60,30.27,NA,NA,NA,1.65,NA,NA,NA,NA,NA,NA,NA,NA,NA,NA,NA,0.00,NA,NA,NA
2025-08-15 02:00:00,22.42,53.90,21.04,39.41,25.07,NA,NA,NA,1.36,NA,NA,NA,NA,NA,NA,NA,NA,NA,NA,NA,0.00,NA,NA,NA
2025-08-15 03:00:00,24.11,49.19,25.65,49.25,30.88,NA,NA,NA,1.49,NA,NA,NA,NA,NA,NA,NA,NA,NA,NA,NA,0.00,NA,NA,NA
2025-08-15 04:00:00,19.78,49.74,20.07,40.81,24.82,NA,NA,NA,1.38,NA,NA,NA,NA,NA,NA,NA,NA,NA,NA,NA,0.00,NA,NA,NA
2025-08-15 05:00:00,32.37,59.44,52.70,55.63,50.58,NA,NA,NA,1.56,NA,NA,NA,NA,NA,NA,NA,NA,NA,NA,NA,0.00,NA,NA,NA
2025-08-15 06:00:00,50.38,79.44,48.30,40.54,43.38,NA,NA,NA,1.80,NA,NA,NA,NA,NA,NA,NA,NA,NA,NA,NA,0.00,NA,NA,NA
2025-08-15 07:00:00,62.80,97.13,31.99,35.73,31.25,NA,NA,NA,1.66,NA,NA,NA,NA,NA,NA,NA,NA,NA,NA,NA,0.00,NA,NA,NA
2025-08-15 08:00:00,50.04,77.06,24.75,38.14,27.15,NA,NA,NA,1.50,NA,NA,NA,NA,NA,NA,NA,NA,NA,NA,NA,0.00,NA,NA,NA
2025-08-15 09:00:00,52.36,88.72,18.03,34.09,21.56,NA,NA,NA,1.30,NA,NA,NA,NA,NA,NA,NA,NA,NA,NA,NA,0.00,NA,NA,NA
2025-08-15 10:00:00,61.03,100.60,15.63,33.76,19.89,NA,NA,NA,1.29,NA,NA,NA,NA,NA,NA,NA,NA,NA,NA,NA,0.00,NA,NA,NA
2025-08-15 11:00:00,47.76,75.43,14.05,20.46,15.08,NA,NA,NA,1.09,NA,NA,NA,NA,NA,NA,NA,NA,NA,NA,NA,0.00,NA,NA,NA
2025-08-15 12:00:00,16.48,35.65,13.71,26.04,16.43,NA,NA,NA,1.08,NA,NA,NA,NA,NA,NA,NA,NA,NA,NA,NA,0.00,NA,NA,NA
2025-08-15 13:00:00,23.92,48.89,13.28,25.42,15.97,NA,NA,NA,1.05,NA,NA,NA,NA,NA,NA,NA,NA,NA,NA,NA,0.00,NA,NA,NA
2025-08-15 14:00:00,23.18,40.36,13.03,25.30,15.77,NA,NA,NA,0.98,NA,NA,NA,NA,NA,NA,NA,NA,NA,NA,NA,0.00,NA,NA,NA
2025-08-15 15:00:00,22.95,49.10,12.39,25.93,15.53,NA,NA,NA,1.09,NA,NA,NA,NA,NA,NA,NA,NA,NA,NA,NA,0.00,NA,NA,NA
2025-08-15 16:00:00,28.74,65.63,11.13,29.86,15.81,NA,NA,NA,1.21,NA,NA,NA,NA,NA,NA,NA,NA,NA,NA,NA,0.00,NA,NA,NA
2025-08-15 17:00:00,44.17,86.06,11.22,50.57,21.72,NA,NA,NA,1.62,NA,NA,NA,NA,NA,NA,NA,NA,NA,NA,NA,0.00,NA,NA,NA
2025-08-15 18:00:00,51.13,102.63,11.49,61.89,25.10,NA,NA,NA,1.89,NA,NA,NA,NA,NA,NA,NA,NA,NA,NA,NA,0.00,NA,NA,NA
2025-08-15 19:00:00,47.02,111.17,12.11,72.56,28.54,NA,NA,NA,2.18,NA,NA,NA,NA,NA,NA,NA,NA,NA,NA,NA,0.00,NA,NA,NA
2025-08-15 20:00:00,48.51,129.06,15.53,83.59,33.92,NA,NA,NA,2.49,NA,NA,NA,NA,NA,NA,NA,NA,NA,NA,NA,0.00,NA,NA,NA
2025-08-15 21:00:00,60.01,145.93,22.21,100.53,43.12,NA,NA,NA,3.23,NA,NA,NA,NA,NA,NA,NA,NA,NA,NA,NA,0.00,NA,NA,NA
2025-08-15 22:00:00,66.72,152.05,22.89,93.85,41.68,NA,NA,NA,3.50,NA,NA,NA,NA,NA,NA,NA,NA,NA,NA,NA,0.00,NA,NA,NA
2025-08-15 23:00:00,62.14,115.28,15.53,61.74,27.73,NA,NA,NA,2.63,NA,NA,NA,NA,NA,NA,NA,NA,NA,NA,NA,0.00,NA,NA,NA
2025-08-16 00:00:00,45.60,93.15,15.74,53.95,25.67,NA,NA,NA,2.06,NA,NA,NA,NA,NA,NA,NA,NA,NA,NA,NA,0.00,NA,NA,NA
2025-08-16 01:00:00,46.22,94.50,18.78,62.56,30.11,NA,NA,NA,1.87,NA,NA,NA,NA,NA,NA,NA,NA,NA,NA,NA,0.00,NA,NA,NA
2025-08-16 02:00:00,42.28,87.97,27.33,61.41,35.44,NA,NA,NA,2.02,NA,NA,NA,NA,NA,NA,NA,NA,NA,NA,NA,0.00,NA,NA,NA
2025-08-16 03:00:00,45.14,88.01,16.78,52.47,25.93,NA,NA,NA,1.77,NA,NA,NA,NA,NA,NA,NA,NA,NA,NA,NA,0.00,NA,NA,NA
2025-08-16 04:00:00,38.65,98.12,20.81,47.71,27.26,NA,NA,NA,1.70,NA,NA,NA,NA,NA,NA,NA,NA,NA,NA,NA,0.00,NA,NA,NA
2025-08-16 05:00:00,41.76,98.11,27.66,43.18,30.50,NA,NA,NA,1.64,NA,NA,NA,NA,NA,NA,NA,NA,NA,NA,NA,0.00,NA,NA,NA
2025-08-16 06:00:00,44.02,103.73,25.65,39.12,28.02,NA,NA,NA,1.73,NA,NA,NA,NA,NA,NA,NA,NA,NA,NA,NA,0.00,NA,NA,NA
2025-08-16 07:00:00,43.58,82.34,18.59,34.93,22.16,NA,NA,NA,1.51,NA,NA,NA,NA,NA,NA,NA,NA,NA,NA,NA,0.00,NA,NA,NA
2025-08-16 08:00:00,33.24,76.57,17.13,29.36,19.63,NA,NA,NA,1.43,NA,NA,NA,NA,NA,NA,NA,NA,NA,NA,NA,0.00,NA,NA,NA
2025-08-16 09:00:00,31.68,60.49,14.39,20.50,15.31,NA,NA,NA,1.14,NA,NA,NA,NA,NA,NA,NA,NA,NA,NA,NA,0.00,NA,NA,NA
2025-08-16 10:00:00,27.66,52.75,12.91,17.04,13.35,NA,NA,NA,1.03,NA,NA,NA,NA,NA,NA,NA,NA,NA,NA,NA,0.00,NA,NA,NA
2025-08-16 11:00:00,45.29,59.44,12.46,17.42,13.16,NA,NA,NA,0.98,NA,NA,NA,NA,NA,NA,NA,NA,NA,NA,NA,0.00,NA,NA,NA
2025-08-16 12:00:00,22.57,43.12,12.11,17.05,12.83,NA,NA,NA,1.02,NA,NA,NA,NA,NA,NA,NA,NA,NA,NA,NA,0.00,NA,NA,NA
2025-08-16 13:00:00,41.93,73.79,12.26,31.10,16.90,NA,NA,NA,1.08,NA,NA,NA,NA,NA,NA,NA,NA,NA,NA,NA,0.00,NA,NA,NA
2025-08-16 14:00:00,39.72,87.74,12.71,34.90,18.28,NA,NA,NA,1.33,NA,NA,NA,NA,NA,NA,NA,NA,NA,NA,NA,0.00,NA,NA,NA
2025-08-16 15:00:00,30.31,82.70,11.69,35.16,17.68,NA,NA,NA,1.32,NA,NA,NA,NA,NA,NA,NA,NA,NA,NA,NA,0.00,NA,NA,NA
2025-08-16 16:00:00,40.47,89.53,10.68,37.23,17.60,NA,NA,NA,1.51,NA,NA,NA,NA,NA,NA,NA,NA,NA,NA,NA,0.00,NA,NA,NA
2025-08-16 17:00:00,48.74,117.54,12.93,61.94,26.08,NA,NA,NA,1.56,NA,NA,NA,NA,NA,NA,NA,NA,NA,NA,NA,0.00,NA,NA,NA
2025-08-16 18:00:00,34.37,93.43,18.27,74.61,33.20,NA,NA,NA,1.49,NA,NA,NA,NA,NA,NA,NA,NA,NA,NA,NA,0.00,NA,NA,NA
2025-08-16 19:00:00,34.11,88.79,20.93,104.03,43.26,NA,NA,NA,1.79,NA,NA,NA,NA,NA,NA,NA,NA,NA,NA,NA,0.00,NA,NA,NA
2025-08-16 20:00:00,42.00,115.07,25.06,107.54,46.99,NA,NA,NA,2.51,NA,NA,NA,NA,NA,NA,NA,NA,NA,NA,NA,0.00,NA,NA,NA
2025-08-16 21:00:00,40.73,140.28,48.24,90.96,57.62,NA,NA,NA,2.80,NA,NA,NA,NA,NA,NA,NA,NA,NA,NA,NA,0.00,NA,NA,NA
2025-08-16 22:00:00,38.83,137.51,34.53,70.03,42.64,NA,NA,NA,2.55,NA,NA,NA,NA,NA,NA,NA,NA,NA,NA,NA,0.00,NA,NA,NA
2025-08-16 23:00:00,39.75,123.65,35.97,70.40,43.70,NA,NA,NA,2.40,NA,NA,NA,NA,NA,NA,NA,NA,NA,NA,NA,0.00,NA,NA,NA
2025-08-17 00:00:00,26.04,112.32,42.06,66.70,46.66,NA,NA,NA,2.17,NA,NA,NA,NA,NA,NA,NA,NA,NA,NA,NA,0.00,NA,NA,NA
2025-08-17 01:00:00,33.40,113.40,43.04,65.53,46.99,NA,NA,NA,2.21,NA,NA,NA,NA,NA,NA,NA,NA,NA,NA,NA,0.00,NA,NA,NA
2025-08-17 02:00:00,32.99,128.08,45.46,70.26,49.92,NA,NA,NA,2.03,NA,NA,NA,NA,NA,NA,NA,NA,NA,NA,NA,0.00,NA,NA,NA
2025-08-17 03:00:00,35.44,98.04,19.65,42.01,24.87,NA,NA,NA,1.59,NA,NA,NA,NA,NA,NA,NA,NA,NA,NA,NA,0.00,NA,NA,NA
2025-08-17 04:00:00,23.78,56.09,16.30,33.84,20.35,NA,NA,NA,1.34,NA,NA,NA,NA,NA,NA,NA,NA,NA,NA,NA,0.00,NA,NA,NA
2025-08-17 05:00:00,11.27,53.91,17.29,37.18,21.96,NA,NA,NA,1.41,NA,NA,NA,NA,NA,NA,NA,NA,NA,NA,NA,0.00,NA,NA,NA
2025-08-17 06:00:00,26.65,89.68,24.51,45.90,29.18,NA,NA,NA,1.67,NA,NA,NA,NA,NA,NA,NA,NA,NA,NA,NA,0.00,NA,NA,NA
2025-08-17 07:00:00,23.10,78.53,19.07,34.26,22.30,NA,NA,NA,1.47,NA,NA,NA,NA,NA,NA,NA,NA,NA,NA,NA,0.00,NA,NA,NA
2025-08-17 08:00:00,24.88,70.50,18.10,33.81,21.53,NA,NA,NA,1.34,NA,NA,NA,NA,NA,NA,NA,NA,NA,NA,NA,0.00,NA,NA,NA
2025-08-17 09:00:00,26.48,67.86,14.71,28.70,17.84,NA,NA,NA,1.34,NA,NA,NA,NA,NA,NA,NA,NA,NA,NA,NA,0.00,NA,NA,NA
2025-08-17 10:00:00,29.95,75.99,13.23,31.51,17.66,NA,NA,NA,1.29,NA,NA,NA,NA,NA,NA,NA,NA,NA,NA,NA,0.00,NA,NA,NA
2025-08-17 11:00:00,40.70,75.56,11.55,21.41,13.69,NA,NA,NA,1.11,NA,NA,NA,NA,NA,NA,NA,NA,NA,NA,NA,0.00,NA,NA,NA
2025-08-17 12:00:00,36.44,73.52,14.13,37.74,20.02,NA,NA,NA,1.14,NA,NA,NA,NA,NA,NA,NA,NA,NA,NA,NA,0.00,NA,NA,NA
2025-08-17 13:00:00,41.88,77.78,12.16,40.28,19.43,NA,NA,NA,1.22,NA,NA,NA,NA,NA,NA,NA,NA,NA,NA,NA,0.00,NA,NA,NA
2025-08-17 14:00:00,40.75,83.47,11.10,32.32,16.48,NA,NA,NA,1.17,NA,NA,NA,NA,NA,NA,NA,NA,NA,NA,NA,0.00,NA,NA,NA
2025-08-17 15:00:00,35.27,74.04,12.15,32.62,17.26,NA,NA,NA,1.03,NA,NA,NA,NA,NA,NA,NA,NA,NA,NA,NA,0.00,NA,NA,NA
2025-08-17 16:00:00,19.04,56.28,15.27,49.82,24.19,NA,NA,NA,1.19,NA,NA,NA,NA,NA,NA,NA,NA,NA,NA,NA,0.00,NA,NA,NA
2025-08-17 17:00:00,18.24,77.60,25.77,69.50,36.71,NA,NA,NA,1.51,NA,NA,NA,NA,NA,NA,NA,NA,NA,NA,NA,0.00,NA,NA,NA
2025-08-17 18:00:00,22.52,66.54,26.89,84.47,41.68,NA,NA,NA,2.00,NA,NA,NA,NA,NA,NA,NA,NA,NA,NA,NA,0.00,NA,NA,NA
2025-08-17 19:00:00,23.60,72.93,27.82,86.03,42.73,NA,NA,NA,2.25,NA,NA,NA,NA,NA,NA,NA,NA,NA,NA,NA,0.00,NA,NA,NA
2025-08-17 20:00:00,27.77,91.53,28.86,79.78,41.64,NA,NA,NA,2.45,NA,NA,NA,NA,NA,NA,NA,NA,NA,NA,NA,0.00,NA,NA,NA
2025-08-17 21:00:00,29.24,102.88,34.35,72.39,43.19,NA,NA,NA,2.26,NA,NA,NA,NA,NA,NA,NA,NA,NA,NA,NA,0.00,NA,NA,NA
2025-08-17 22:00:00,43.11,118.58,38.58,59.50,42.34,NA,NA,NA,2.42,NA,NA,NA,NA,NA,NA,NA,NA,NA,NA,NA,0.00,NA,NA,NA
2025-08-17 23:00:00,38.93,128.15,48.93,57.51,48.61,NA,NA,NA,3.02,NA,NA,NA,NA,NA,NA,NA,NA,NA,NA,NA,0.00,NA,NA,NA
2025-08-18 00:00:00,44.38,97.22,49.45,55.19,48.30,NA,NA,NA,2.68,NA,NA,NA,NA,NA,NA,NA,NA,NA,NA,NA,0.00,NA,NA,NA
2025-08-18 01:00:00,42.70,87.70,54.01,46.35,48.81,NA,NA,NA,2.27,NA,NA,NA,NA,NA,NA,NA,NA,NA,NA,NA,0.00,NA,NA,NA
2025-08-18 02:00:00,35.78,90.54,35.81,38.89,34.66,NA,NA,NA,1.75,NA,NA,NA,NA,NA,NA,NA,NA,NA,NA,NA,0.00,NA,NA,NA
2025-08-18 03:00:00,23.76,66.24,19.27,28.67,20.85,NA,NA,NA,1.37,NA,NA,NA,NA,NA,NA,NA,NA,NA,NA,NA,0.00,NA,NA,NA
2025-08-18 04:00:00,20.32,57.04,21.04,30.56,22.56,NA,NA,NA,1.37,NA,NA,NA,NA,NA,NA,NA,NA,NA,NA,NA,0.00,NA,NA,NA
2025-08-18 05:00:00,19.52,45.34,19.20,35.52,22.75,NA,NA,NA,1.21,NA,NA,NA,NA,NA,NA,NA,NA,NA,NA,NA,0.00,NA,NA,NA
2025-08-18 06:00:00,9.98,38.72,32.76,44.72,34.29,NA,NA,NA,1.43,NA,NA,NA,NA,NA,NA,NA,NA,NA,NA,NA,0.00,NA,NA,NA
2025-08-18 07:00:00,22.12,52.02,25.35,51.47,31.32,NA,NA,NA,1.40,NA,NA,NA,NA,NA,NA,NA,NA,NA,NA,NA,0.00,NA,NA,NA
2025-08-18 08:00:00,26.86,60.96,23.63,44.33,28.16,NA,NA,NA,1.46,NA,NA,NA,NA,NA,NA,NA,NA,NA,NA,NA,0.00,NA,NA,NA
2025-08-18 09:00:00,38.26,86.34,17.64,34.15,21.32,NA,NA,NA,1.39,NA,NA,NA,NA,NA,NA,NA,NA,NA,NA,NA,0.00,NA,NA,NA
2025-08-18 10:00:00,54.88,114.32,18.33,46.61,25.30,NA,NA,NA,1.48,NA,NA,NA,NA,NA,NA,NA,NA,NA,NA,NA,0.00,NA,NA,NA
2025-08-18 11:00:00,52.28,96.01,14.64,46.32,22.78,NA,NA,NA,1.30,NA,NA,NA,NA,NA,NA,NA,NA,NA,NA,NA,0.00,NA,NA,NA
2025-08-18 12:00:00,48.13,93.32,13.79,47.51,22.55,NA,NA,NA,1.26,NA,NA,NA,NA,NA,NA,NA,NA,NA,NA,NA,0.00,NA,NA,NA
2025-08-18 13:00:00,44.34,95.42,12.27,38.64,19.04,NA,NA,NA,1.22,NA,NA,NA,NA,NA,NA,NA,NA,NA,NA,NA,0.00,NA,NA,NA
2025-08-18 14:00:00,32.82,73.45,11.49,40.02,18.92,NA,NA,NA,1.19,NA,NA,NA,NA,NA,NA,NA,NA,NA,NA,NA,0.00,NA,NA,NA
2025-08-18 15:00:00,30.76,68.66,11.90,39.00,18.90,NA,NA,NA,1.11,NA,NA,NA,NA,NA,NA,NA,NA,NA,NA,NA,0.00,NA,NA,NA
2025-08-18 16:00:00,20.65,65.34,12.91,36.72,18.92,NA,NA,NA,0.98,NA,NA,NA,NA,NA,NA,NA,NA,NA,NA,NA,0.00,NA,NA,NA
2025-08-18 17:00:00,19.17,57.56,13.79,41.12,20.75,NA,NA,NA,1.02,NA,NA,NA,NA,NA,NA,NA,NA,NA,NA,NA,0.00,NA,NA,NA
2025-08-18 18:00:00,19.06,77.08,15.02,70.93,30.00,NA,NA,NA,1.27,NA,NA,NA,NA,NA,NA,NA,NA,NA,NA,NA,0.00,NA,NA,NA
2025-08-18 19:00:00,21.59,91.84,14.65,76.79,31.40,NA,NA,NA,1.63,NA,NA,NA,NA,NA,NA,NA,NA,NA,NA,NA,0.00,NA,NA,NA
2025-08-18 20:00:00,20.85,91.25,23.29,91.88,41.40,NA,NA,NA,2.05,NA,NA,NA,NA,NA,NA,NA,NA,NA,NA,NA,0.00,NA,NA,NA
2025-08-18 21:00:00,28.40,132.71,45.76,92.12,56.30,NA,NA,NA,2.52,NA,NA,NA,NA,NA,NA,NA,NA,NA,NA,NA,0.00,NA,NA,NA
2025-08-18 22:00:00,35.80,142.21,29.62,81.79,42.71,NA,NA,NA,2.37,NA,NA,NA,NA,NA,NA,NA,NA,NA,NA,NA,0.00,NA,NA,NA
2025-08-18 23:00:00,26.16,143.87,37.15,81.75,47.68,NA,NA,NA,2.22,NA,NA,NA,NA,NA,NA,NA,NA,NA,NA,NA,0.00,NA,NA,NA
2025-08-19 00:00:00,23.91,141.70,36.70,78.38,46.43,NA,NA,NA,2.07,NA,NA,NA,NA,NA,NA,NA,NA,NA,NA,NA,0.00,NA,NA,NA
2025-08-19 01:00:00,26.34,119.09,22.03,66.60,33.40,NA,NA,NA,1.63,NA,NA,NA,NA,NA,NA,NA,NA,NA,NA,NA,0.00,NA,NA,NA
2025-08-19 02:00:00,25.60,88.09,20.10,61.30,30.62,NA,NA,NA,1.47,NA,NA,NA,NA,NA,NA,NA,NA,NA,NA,NA,0.00,NA,NA,NA
2025-08-19 03:00:00,23.78,78.37,42.31,55.28,43.61,NA,NA,NA,1.73,NA,NA,NA,NA,NA,NA,NA,NA,NA,NA,NA,0.00,NA,NA,NA
2025-08-19 04:00:00,35.03,92.44,26.74,56.14,33.56,NA,NA,NA,1.38,NA,NA,NA,NA,NA,NA,NA,NA,NA,NA,NA,0.00,NA,NA,NA
2025-08-19 05:00:00,19.34,71.97,38.33,51.85,40.01,NA,NA,NA,1.51,NA,NA,NA,NA,NA,NA,NA,NA,NA,NA,NA,0.00,NA,NA,NA
2025-08-19 06:00:00,25.20,93.70,29.42,39.41,30.60,NA,NA,NA,1.43,NA,NA,NA,NA,NA,NA,NA,NA,NA,NA,NA,0.00,NA,NA,NA
2025-08-19 07:00:00,27.82,80.46,23.77,39.71,26.94,NA,NA,NA,1.37,NA,NA,NA,NA,NA,NA,NA,NA,NA,NA,NA,0.00,NA,NA,NA
2025-08-19 08:00:00,24.93,94.45,17.13,36.43,21.63,NA,NA,NA,1.36,NA,NA,NA,NA,NA,NA,NA,NA,NA,NA,NA,0.00,NA,NA,NA
2025-08-19 09:00:00,27.74,90.62,15.06,33.42,19.42,NA,NA,NA,1.22,NA,NA,NA,NA,NA,NA,NA,NA,NA,NA,NA,0.00,NA,NA,NA
2025-08-19 10:00:00,32.81,75.04,13.70,32.18,18.16,NA,NA,NA,1.04,NA,NA,NA,NA,NA,NA,NA,NA,NA,NA,NA,0.00,NA,NA,NA
2025-08-19 11:00:00,35.02,60.97,11.92,20.86,13.78,NA,NA,NA,0.95,NA,NA,NA,NA,NA,NA,NA,NA,NA,NA,NA,0.00,NA,NA,NA
2025-08-19 12:00:00,34.84,66.00,12.59,16.75,13.06,NA,NA,NA,0.92,NA,NA,NA,NA,NA,NA,NA,NA,NA,NA,NA,0.00,NA,NA,NA
2025-08-19 13:00:00,33.32,59.16,14.43,26.77,17.11,NA,NA,NA,0.94,NA,NA,NA,NA,NA,NA,NA,NA,NA,NA,NA,0.00,NA,NA,NA
2025-08-19 14:00:00,56.04,102.62,17.68,48.50,25.42,NA,NA,NA,1.04,NA,NA,NA,NA,NA,NA,NA,NA,NA,NA,NA,0.00,NA,NA,NA
2025-08-19 15:00:00,7.84,18.34,25.44,71.13,36.95,NA,NA,NA,1.19,NA,NA,NA,NA,NA,NA,NA,NA,NA,NA,NA,0.00,NA,NA,NA
2025-08-19 16:00:00,7.19,44.59,24.64,74.98,37.51,NA,NA,NA,1.56,NA,NA,NA,NA,NA,NA,NA,NA,NA,NA,NA,0.00,NA,NA,NA
2025-08-19 17:00:00,17.37,91.06,26.26,100.37,45.75,NA,NA,NA,2.14,NA,NA,NA,NA,NA,NA,NA,NA,NA,NA,NA,0.00,NA,NA,NA
2025-08-19 18:00:00,28.91,96.60,19.84,63.61,31.10,NA,NA,NA,1.65,NA,NA,NA,NA,NA,NA,NA,NA,NA,NA,NA,0.00,NA,NA,NA
2025-08-19 19:00:00,14.05,73.68,22.45,64.00,32.95,NA,NA,NA,1.79,NA,NA,NA,NA,NA,NA,NA,NA,NA,NA,NA,0.00,NA,NA,NA
2025-08-19 20:00:00,17.39,88.45,23.76,63.11,33.56,NA,NA,NA,2.06,NA,NA,NA,NA,NA,NA,NA,NA,NA,NA,NA,0.00,NA,NA,NA
2025-08-19 21:00:00,37.24,102.35,39.32,67.73,45.14,NA,NA,NA,2.21,NA,NA,NA,NA,NA,NA,NA,NA,NA,NA,NA,0.00,NA,NA,NA
2025-08-19 22:00:00,32.24,98.28,35.75,67.57,42.75,NA,NA,NA,2.37,NA,NA,NA,NA,NA,NA,NA,NA,NA,NA,NA,0.00,NA,NA,NA
2025-08-19 23:00:00,30.15,100.44,65.76,70.93,63.54,NA,NA,NA,2.76,NA,NA,NA,NA,NA,NA,NA,NA,NA,NA,NA,0.00,NA,NA,NA
2025-08-20 00:00:00,34.12,123.38,42.10,62.60,45.53,NA,NA,NA,2.37,NA,NA,NA,NA,NA,NA,NA,NA,NA,NA,NA,0.00,NA,NA,NA
2025-08-20 01:00:00,34.22,102.65,23.97,54.48,31.25,NA,NA,NA,1.76,NA,NA,NA,NA,NA,NA,NA,NA,NA,NA,NA,0.00,NA,NA,NA
2025-08-20 02:00:00,19.84,65.22,22.04,50.62,28.89,NA,NA,NA,1.37,NA,NA,NA,NA,NA,NA,NA,NA,NA,NA,NA,0.00,NA,NA,NA
2025-08-20 03:00:00,27.12,74.98,19.82,44.63,25.72,NA,NA,NA,1.29,NA,NA,NA,NA,NA,NA,NA,NA,NA,NA,NA,0.00,NA,NA,NA
2025-08-20 04:00:00,24.02,60.66,19.18,35.77,22.79,NA,NA,NA,1.16,NA,NA,NA,NA,NA,NA,NA,NA,NA,NA,NA,0.00,NA,NA,NA
2025-08-20 05:00:00,23.17,66.53,19.95,40.35,24.60,NA,NA,NA,1.22,NA,NA,NA,NA,NA,NA,NA,NA,NA,NA,NA,0.00,NA,NA,NA
2025-08-20 06:00:00,17.79,73.06,22.11,39.15,25.69,NA,NA,NA,1.25,NA,NA,NA,NA,NA,NA,NA,NA,NA,NA,NA,0.00,NA,NA,NA
2025-08-20 07:00:00,21.97,84.28,20.48,42.58,25.58,NA,NA,NA,1.22,NA,NA,NA,NA,NA,NA,NA,NA,NA,NA,NA,0.00,NA,NA,NA
2025-08-20 08:00:00,21.12,76.94,17.95,38.01,22.62,NA,NA,NA,1.13,NA,NA,NA,NA,NA,NA,NA,NA,NA,NA,NA,0.00,NA,NA,NA
2025-08-20 09:00:00,25.08,60.20,15.90,37.21,21.04,NA,NA,NA,1.04,NA,NA,NA,NA,NA,NA,NA,NA,NA,NA,NA,0.00,NA,NA,NA
2025-08-20 10:00:00,18.52,54.04,14.66,30.14,18.21,NA,NA,NA,0.95,NA,NA,NA,NA,NA,NA,NA,NA,NA,NA,NA,0.00,NA,NA,NA
2025-08-20 11:00:00,30.88,59.65,13.47,22.87,15.37,NA,NA,NA,0.93,NA,NA,NA,NA,NA,NA,NA,NA,NA,NA,NA,0.00,NA,NA,NA
2025-08-20 12:00:00,39.46,83.16,21.56,40.34,25.67,NA,NA,NA,0.85,NA,NA,NA,NA,NA,NA,NA,NA,NA,NA,NA,0.00,NA,NA,NA
2025-08-20 13:00:00,50.88,99.74,25.90,72.98,37.77,NA,NA,NA,0.96,NA,NA,NA,NA,NA,NA,NA,NA,NA,NA,NA,0.00,NA,NA,NA
2025-08-20 14:00:00,46.12,91.52,25.97,84.78,41.16,NA,NA,NA,0.96,NA,NA,NA,NA,NA,NA,NA,NA,NA,NA,NA,0.00,NA,NA,NA
2025-08-20 15:00:00,37.77,78.34,28.14,85.80,42.88,NA,NA,NA,0.91,NA,NA,NA,NA,NA,NA,NA,NA,NA,NA,NA,0.00,NA,NA,NA
2025-08-20 16:00:00,27.55,76.13,28.45,53.91,34.06,NA,NA,NA,0.86,NA,NA,NA,NA,NA,NA,NA,NA,NA,NA,NA,0.00,NA,NA,NA
2025-08-20 17:00:00,21.85,72.06,29.62,60.41,36.67,NA,NA,NA,1.00,NA,NA,NA,NA,NA,NA,NA,NA,NA,NA,NA,0.00,NA,NA,NA
2025-08-20 18:00:00,10.00,59.06,27.77,67.11,37.33,NA,NA,NA,1.09,NA,NA,NA,NA,NA,NA,NA,NA,NA,NA,NA,0.00,NA,NA,NA
2025-08-20 19:00:00,5.34,61.48,23.24,72.59,35.89,NA,NA,NA,1.51,NA,NA,NA,NA,NA,NA,NA,NA,NA,NA,NA,0.00,NA,NA,NA
2025-08-20 20:00:00,7.75,79.85,18.22,61.12,29.33,NA,NA,NA,1.62,NA,NA,NA,NA,NA,NA,NA,NA,NA,NA,NA,0.00,NA,NA,NA
2025-08-20 21:00:00,8.02,77.01,17.54,59.21,28.35,NA,NA,NA,1.59,NA,NA,NA,NA,NA,NA,NA,NA,NA,NA,NA,0.00,NA,NA,NA
2025-08-20 22:00:00,8.32,80.33,17.69,53.71,26.88,NA,NA,NA,1.59,NA,NA,NA,NA,NA,NA,NA,NA,NA,NA,NA,0.00,NA,NA,NA
2025-08-20 23:00:00,6.07,97.28,19.02,54.87,28.10,NA,NA,NA,1.51,NA,NA,NA,NA,NA,NA,NA,NA,NA,NA,NA,0.00,NA,NA,NA
2025-08-21 00:00:00,9.24,75.28,22.52,55.00,30.44,NA,NA,NA,1.53,NA,NA,NA,NA,NA,NA,NA,NA,NA,NA,NA,0.00,NA,NA,NA
2025-08-21 01:00:00,13.20,67.61,16.46,41.59,22.65,NA,NA,NA,1.45,NA,NA,NA,NA,NA,NA,NA,NA,NA,NA,NA,0.00,NA,NA,NA
2025-08-21 02:00:00,20.10,72.50,15.92,34.61,20.31,NA,NA,NA,1.29,NA,NA,NA,NA,NA,NA,NA,NA,NA,NA,NA,0.00,NA,NA,NA
2025-08-21 03:00:00,16.80,53.86,15.71,35.25,20.36,NA,NA,NA,1.33,NA,NA,NA,NA,NA,NA,NA,NA,NA,NA,NA,0.00,NA,NA,NA
2025-08-21 04:00:00,4.44,51.14,18.01,46.55,25.08,NA,NA,NA,1.26,NA,NA,NA,NA,NA,NA,NA,NA,NA,NA,NA,0.00,NA,NA,NA
2025-08-21 05:00:00,16.38,53.74,29.08,45.86,32.20,NA,NA,NA,1.38,NA,NA,NA,NA,NA,NA,NA,NA,NA,NA,NA,0.00,NA,NA,NA
2025-08-21 06:00:00,27.52,92.70,36.47,42.63,36.17,NA,NA,NA,1.48,NA,NA,NA,NA,NA,NA,NA,NA,NA,NA,NA,0.00,NA,NA,NA
2025-08-21 07:00:00,17.04,83.28,25.84,36.46,27.39,NA,NA,NA,1.41,NA,NA,NA,NA,NA,NA,NA,NA,NA,NA,NA,0.00,NA,NA,NA
2025-08-21 08:00:00,17.52,70.12,21.18,33.11,23.38,NA,NA,NA,1.24,NA,NA,NA,NA,NA,NA,NA,NA,NA,NA,NA,0.00,NA,NA,NA
2025-08-21 09:00:00,23.21,61.39,15.56,29.22,18.56,NA,NA,NA,1.30,NA,NA,NA,NA,NA,NA,NA,NA,NA,NA,NA,0.00,NA,NA,NA
2025-08-21 10:00:00,31.82,75.51,14.56,33.73,19.17,NA,NA,NA,1.32,NA,NA,NA,NA,NA,NA,NA,NA,NA,NA,NA,0.00,NA,NA,NA
2025-08-21 11:00:00,31.62,86.31,12.88,30.70,17.20,NA,NA,NA,1.27,NA,NA,NA,NA,NA,NA,NA,NA,NA,NA,NA,0.00,NA,NA,NA
2025-08-21 12:00:00,36.43,78.04,13.53,27.94,16.85,NA,NA,NA,1.17,NA,NA,NA,NA,NA,NA,NA,NA,NA,NA,NA,0.00,NA,NA,NA
2025-08-21 13:00:00,30.67,73.54,14.77,25.63,17.02,NA,NA,NA,1.13,NA,NA,NA,NA,NA,NA,NA,NA,NA,NA,NA,0.00,NA,NA,NA
2025-08-21 14:00:00,26.79,60.84,14.48,37.20,20.09,NA,NA,NA,1.17,NA,NA,NA,NA,NA,NA,NA,NA,NA,NA,NA,0.00,NA,NA,NA
2025-08-21 15:00:00,32.40,79.93,15.11,51.43,24.53,NA,NA,NA,1.31,NA,NA,NA,NA,NA,NA,NA,NA,NA,NA,NA,0.00,NA,NA,NA
2025-08-21 16:00:00,28.93,76.25,19.76,58.01,29.48,NA,NA,NA,1.27,NA,NA,NA,NA,NA,NA,NA,NA,NA,NA,NA,0.00,NA,NA,NA
2025-08-21 17:00:00,12.20,72.75,16.34,66.85,29.71,NA,NA,NA,1.41,NA,NA,NA,NA,NA,NA,NA,NA,NA,NA,NA,0.00,NA,NA,NA
2025-08-21 18:00:00,17.54,56.88,12.31,48.07,21.74,NA,NA,NA,1.34,NA,NA,NA,NA,NA,NA,NA,NA,NA,NA,NA,0.00,NA,NA,NA
2025-08-21 19:00:00,23.06,75.44,16.39,82.07,34.06,NA,NA,NA,1.57,NA,NA,NA,NA,NA,NA,NA,NA,NA,NA,NA,0.00,NA,NA,NA
2025-08-21 20:00:00,23.87,83.05,24.06,86.83,40.50,NA,NA,NA,1.73,NA,NA,NA,NA,NA,NA,NA,NA,NA,NA,NA,0.00,NA,NA,NA
2025-08-21 21:00:00,31.43,140.15,75.55,109.33,80.88,NA,NA,NA,2.33,NA,NA,NA,NA,NA,NA,NA,NA,NA,NA,NA,0.00,NA,NA,NA
2025-08-21 22:00:00,35.54,157.14,58.05,101.18,66.99,NA,NA,NA,2.37,NA,NA,NA,NA,NA,NA,NA,NA,NA,NA,NA,0.00,NA,NA,NA
2025-08-21 23:00:00,37.02,123.60,46.99,81.01,53.99,NA,NA,NA,2.35,NA,NA,NA,NA,NA,NA,NA,NA,NA,NA,NA,0.00,NA,NA,NA
2025-08-22 00:00:00,40.92,163.82,88.42,77.15,80.28,NA,NA,NA,2.94,NA,NA,NA,NA,NA,NA,NA,NA,NA,NA,NA,0.00,NA,NA,NA
2025-08-22 01:00:00,46.60,199.26,66.58,65.95,62.66,NA,NA,NA,2.92,NA,NA,NA,NA,NA,NA,NA,NA,NA,NA,NA,0.00,NA,NA,NA
2025-08-22 02:00:00,42.88,143.00,67.90,65.07,63.30,NA,NA,NA,3.14,NA,NA,NA,NA,NA,NA,NA,NA,NA,NA,NA,0.00,NA,NA,NA
2025-08-22 03:00:00,42.80,125.50,95.81,73.48,84.11,NA,NA,NA,3.34,NA,NA,NA,NA,NA,NA,NA,NA,NA,NA,NA,0.00,NA,NA,NA
2025-08-22 04:00:00,33.75,135.60,29.21,52.52,34.16,NA,NA,NA,2.06,NA,NA,NA,NA,NA,NA,NA,NA,NA,NA,NA,0.00,NA,NA,NA
2025-08-22 05:00:00,45.78,83.36,20.95,45.51,26.72,NA,NA,NA,1.82,NA,NA,NA,NA,NA,NA,NA,NA,NA,NA,NA,0.00,NA,NA,NA
2025-08-22 06:00:00,43.39,102.35,20.03,50.11,27.41,NA,NA,NA,1.78,NA,NA,NA,NA,NA,NA,NA,NA,NA,NA,NA,0.00,NA,NA,NA
2025-08-22 07:00:00,42.36,111.29,23.84,58.27,32.24,NA,NA,NA,1.84,NA,NA,NA,NA,NA,NA,NA,NA,NA,NA,NA,0.00,NA,NA,NA
2025-08-22 08:00:00,38.88,135.32,18.88,54.92,28.02,NA,NA,NA,1.96,NA,NA,NA,NA,NA,NA,NA,NA,NA,NA,NA,0.00,NA,NA,NA
2025-08-22 09:00:00,61.38,135.79,13.14,60.58,25.82,NA,NA,NA,1.96,NA,NA,NA,NA,NA,NA,NA,NA,NA,NA,NA,0.00,NA,NA,NA
2025-08-22 10:00:00,60.13,107.35,12.58,60.38,25.40,NA,NA,NA,1.76,NA,NA,NA,NA,NA,NA,NA,NA,NA,NA,NA,0.00,NA,NA,NA
2025-08-22 11:00:00,58.57,115.67,11.61,59.00,24.37,NA,NA,NA,1.73,NA,NA,NA,NA,NA,NA,NA,NA,NA,NA,NA,0.00,NA,NA,NA
2025-08-22 12:00:00,62.85,94.45,22.49,68.23,34.17,NA,NA,NA,1.59,NA,NA,NA,NA,NA,NA,NA,NA,NA,NA,NA,0.00,NA,NA,NA
2025-08-22 13:00:00,16.46,46.50,14.20,89.20,34.62,NA,NA,NA,1.72,NA,NA,NA,NA,NA,NA,NA,NA,NA,NA,NA,0.00,NA,NA,NA
2025-08-22 14:00:00,33.53,75.39,16.25,86.40,35.18,NA,NA,NA,1.75,NA,NA,NA,NA,NA,NA,NA,NA,NA,NA,NA,0.00,NA,NA,NA
2025-08-22 15:00:00,29.16,69.61,14.07,84.65,33.25,NA,NA,NA,1.76,NA,NA,NA,NA,NA,NA,NA,NA,NA,NA,NA,0.00,NA,NA,NA
2025-08-22 16:00:00,19.00,85.21,13.52,100.18,37.27,NA,NA,NA,1.78,NA,NA,NA,NA,NA,NA,NA,NA,NA,NA,NA,0.00,NA,NA,NA
2025-08-22 17:00:00,33.60,64.44,11.67,85.33,31.85,NA,NA,NA,1.68,NA,NA,NA,NA,NA,NA,NA,NA,NA,NA,NA,0.00,NA,NA,NA
2025-08-22 18:00:00,36.95,107.11,10.74,77.71,29.09,NA,NA,NA,1.81,NA,NA,NA,NA,NA,NA,NA,NA,NA,NA,NA,0.00,NA,NA,NA
2025-08-22 19:00:00,32.39,77.70,14.84,111.51,41.36,NA,NA,NA,1.89,NA,NA,NA,NA,NA,NA,NA,NA,NA,NA,NA,0.00,NA,NA,NA
2025-08-22 20:00:00,35.42,98.30,31.38,134.89,58.91,NA,NA,NA,2.25,NA,NA,NA,NA,NA,NA,NA,NA,NA,NA,NA,0.00,NA,NA,NA
2025-08-22 21:00:00,41.46,142.10,51.26,129.20,70.43,NA,NA,NA,2.74,NA,NA,NA,NA,NA,NA,NA,NA,NA,NA,NA,0.00,NA,NA,NA
2025-08-22 22:00:00,46.66,167.20,46.20,114.60,62.96,NA,NA,NA,3.15,NA,NA,NA,NA,NA,NA,NA,NA,NA,NA,NA,0.00,NA,NA,NA
2025-08-22 23:00:00,54.30,158.90,46.02,89.32,55.69,NA,NA,NA,3.09,NA,NA,NA,NA,NA,NA,NA,NA,NA,NA,NA,0.00,NA,NA,NA
2025-08-23 00:00:00,52.42,154.54,43.52,78.30,50.92,NA,NA,NA,2.54,NA,NA,NA,NA,NA,NA,NA,NA,NA,NA,NA,0.00,NA,NA,NA
2025-08-23 01:00:00,33.94,120.90,36.57,69.11,43.72,NA,NA,NA,2.21,NA,NA,NA,NA,NA,NA,NA,NA,NA,NA,NA,0.00,NA,NA,NA
2025-08-23 02:00:00,39.68,103.39,31.03,64.72,38.82,NA,NA,NA,2.00,NA,NA,NA,NA,NA,NA,NA,NA,NA,NA,NA,0.00,NA,NA,NA
2025-08-23 03:00:00,35.46,110.15,21.58,58.77,30.89,NA,NA,NA,1.72,NA,NA,NA,NA,NA,NA,NA,NA,NA,NA,NA,0.00,NA,NA,NA
2025-08-23 04:00:00,28.94,73.22,17.87,42.32,23.78,NA,NA,NA,1.50,NA,NA,NA,NA,NA,NA,NA,NA,NA,NA,NA,0.00,NA,NA,NA
2025-08-23 05:00:00,22.16,59.24,22.68,44.62,27.62,NA,NA,NA,1.58,NA,NA,NA,NA,NA,NA,NA,NA,NA,NA,NA,0.00,NA,NA,NA
2025-08-23 06:00:00,24.82,83.54,39.49,51.19,40.58,NA,NA,NA,1.94,NA,NA,NA,NA,NA,NA,NA,NA,NA,NA,NA,0.00,NA,NA,NA
2025-08-23 07:00:00,26.99,95.64,27.95,48.49,32.19,NA,NA,NA,1.69,NA,NA,NA,NA,NA,NA,NA,NA,NA,NA,NA,0.00,NA,NA,NA
2025-08-23 08:00:00,29.15,92.13,24.03,48.69,29.66,NA,NA,NA,1.52,NA,NA,NA,NA,NA,NA,NA,NA,NA,NA,NA,0.00,NA,NA,NA
2025-08-23 09:00:00,19.76,103.10,18.08,45.21,24.74,NA,NA,NA,1.52,NA,NA,NA,NA,NA,NA,NA,NA,NA,NA,NA,0.00,NA,NA,NA
2025-08-23 10:00:00,42.32,94.68,13.04,38.54,19.52,NA,NA,NA,1.51,NA,NA,NA,NA,NA,NA,NA,NA,NA,NA,NA,0.00,NA,NA,NA
2025-08-23 11:00:00,45.46,92.03,12.25,39.64,19.32,NA,NA,NA,1.45,NA,NA,NA,NA,NA,NA,NA,NA,NA,NA,NA,0.00,NA,NA,NA
2025-08-23 12:00:00,51.90,105.15,13.31,52.64,23.70,NA,NA,NA,1.47,NA,NA,NA,NA,NA,NA,NA,NA,NA,NA,NA,0.00,NA,NA,NA
2025-08-23 13:00:00,36.32,122.65,13.35,41.02,20.43,NA,NA,NA,1.47,NA,NA,NA,NA,NA,NA,NA,NA,NA,NA,NA,0.00,NA,NA,NA
2025-08-23 14:00:00,26.79,78.34,12.56,35.44,18.33,NA,NA,NA,1.33,NA,NA,NA,NA,NA,NA,NA,NA,NA,NA,NA,0.00,NA,NA,NA
2025-08-23 15:00:00,30.11,77.72,11.84,29.61,16.21,NA,NA,NA,1.27,NA,NA,NA,NA,NA,NA,NA,NA,NA,NA,NA,0.00,NA,NA,NA
2025-08-23 16:00:00,16.36,53.86,18.07,62.00,29.48,NA,NA,NA,1.53,NA,NA,NA,NA,NA,NA,NA,NA,NA,NA,NA,0.00,NA,NA,NA
2025-08-23 17:00:00,6.82,30.86,17.44,59.52,28.36,NA,NA,NA,1.47,NA,NA,NA,NA,NA,NA,NA,NA,NA,NA,NA,0.00,NA,NA,NA
2025-08-23 18:00:00,10.17,30.84,30.08,86.51,44.38,NA,NA,NA,1.67,NA,NA,NA,NA,NA,NA,NA,NA,NA,NA,NA,0.00,NA,NA,NA
2025-08-23 19:00:00,1.47,9.54,48.40,96.74,59.36,NA,NA,NA,1.61,NA,NA,NA,NA,NA,NA,NA,NA,NA,NA,NA,0.00,NA,NA,NA
2025-08-23 20:00:00,10.80,22.39,26.40,71.72,37.74,NA,NA,NA,2.09,NA,NA,NA,NA,NA,NA,NA,NA,NA,NA,NA,0.00,NA,NA,NA
2025-08-23 21:00:00,19.02,33.03,25.52,77.95,38.93,NA,NA,NA,2.38,NA,NA,NA,NA,NA,NA,NA,NA,NA,NA,NA,0.00,NA,NA,NA
2025-08-23 22:00:00,25.84,36.56,23.12,70.36,35.19,NA,NA,NA,2.19,NA,NA,NA,NA,NA,NA,NA,NA,NA,NA,NA,0.00,NA,NA,NA
2025-08-23 23:00:00,17.56,33.01,21.99,66.86,33.46,NA,NA,NA,2.31,NA,NA,NA,NA,NA,NA,NA,NA,NA,NA,NA,0.00,NA,NA,NA
2025-08-24 00:00:00,29.55,45.39,37.93,72.93,45.69,NA,NA,NA,2.64,NA,NA,NA,NA,NA,NA,NA,NA,NA,NA,NA,0.00,NA,NA,NA
2025-08-24 01:00:00,42.28,61.91,37.41,54.80,40.24,NA,NA,NA,2.59,NA,NA,NA,NA,NA,NA,NA,NA,NA,NA,NA,0.00,NA,NA,NA
2025-08-24 02:00:00,60.48,81.53,34.14,50.74,36.92,NA,NA,NA,1.99,NA,NA,NA,NA,NA,NA,NA,NA,NA,NA,NA,0.00,NA,NA,NA
2025-08-24 03:00:00,19.81,45.63,17.13,40.32,22.72,NA,NA,NA,1.54,NA,NA,NA,NA,NA,NA,NA,NA,NA,NA,NA,0.00,NA,NA,NA
2025-08-24 04:00:00,19.57,46.75,30.05,43.75,32.24,NA,NA,NA,1.60,NA,NA,NA,NA,NA,NA,NA,NA,NA,NA,NA,0.00,NA,NA,NA
2025-08-24 05:00:00,27.16,50.36,38.93,42.13,37.66,NA,NA,NA,1.74,NA,NA,NA,NA,NA,NA,NA,NA,NA,NA,NA,0.00,NA,NA,NA
2025-08-24 06:00:00,30.95,62.26,69.85,45.02,58.91,NA,NA,NA,2.06,NA,NA,NA,NA,NA,NA,NA,NA,NA,NA,NA,0.00,NA,NA,NA
2025-08-24 07:00:00,36.65,82.85,51.23,45.11,46.62,NA,NA,NA,2.01,NA,NA,NA,NA,NA,NA,NA,NA,NA,NA,NA,0.00,NA,NA,NA
2025-08-24 08:00:00,31.96,83.33,25.97,45.73,30.09,NA,NA,NA,1.74,NA,NA,NA,NA,NA,NA,NA,NA,NA,NA,NA,0.00,NA,NA,NA
2025-08-24 09:00:00,30.21,61.40,16.47,30.60,19.54,NA,NA,NA,1.48,NA,NA,NA,NA,NA,NA,NA,NA,NA,NA,NA,0.00,NA,NA,NA
2025-08-24 10:00:00,23.32,51.93,14.33,24.54,16.41,NA,NA,NA,1.39,NA,NA,NA,NA,NA,NA,NA,NA,NA,NA,NA,0.00,NA,NA,NA
2025-08-24 11:00:00,19.66,50.19,13.19,22.19,15.00,NA,NA,NA,1.35,NA,NA,NA,NA,NA,NA,NA,NA,NA,NA,NA,0.00,NA,NA,NA
2025-08-24 12:00:00,28.02,57.28,12.08,20.76,13.85,NA,NA,NA,1.25,NA,NA,NA,NA,NA,NA,NA,NA,NA,NA,NA,0.00,NA,NA,NA
2025-08-24 13:00:00,26.17,60.60,12.94,27.07,16.21,NA,NA,NA,1.30,NA,NA,NA,NA,NA,NA,NA,NA,NA,NA,NA,0.00,NA,NA,NA
2025-08-24 14:00:00,22.75,75.76,13.04,32.00,17.67,NA,NA,NA,1.27,NA,NA,NA,NA,NA,NA,NA,NA,NA,NA,NA,0.00,NA,NA,NA
2025-08-24 15:00:00,14.62,59.28,14.78,39.27,20.87,NA,NA,NA,1.36,NA,NA,NA,NA,NA,NA,NA,NA,NA,NA,NA,0.00,NA,NA,NA
2025-08-24 16:00:00,15.02,32.33,15.37,33.41,19.61,NA,NA,NA,1.31,NA,NA,NA,NA,NA,NA,NA,NA,NA,NA,NA,0.00,NA,NA,NA
2025-08-24 17:00:00,5.35,27.95,20.77,52.19,28.49,NA,NA,NA,1.46,NA,NA,NA,NA,NA,NA,NA,NA,NA,NA,NA,0.00,NA,NA,NA
2025-08-24 18:00:00,10.17,54.88,16.76,59.46,27.90,NA,NA,NA,1.61,NA,NA,NA,NA,NA,NA,NA,NA,NA,NA,NA,0.00,NA,NA,NA
2025-08-24 19:00:00,11.40,45.34,17.45,50.87,25.93,NA,NA,NA,1.55,NA,NA,NA,NA,NA,NA,NA,NA,NA,NA,NA,0.00,NA,NA,NA
2025-08-24 20:00:00,20.20,55.10,19.38,56.13,28.70,NA,NA,NA,1.73,NA,NA,NA,NA,NA,NA,NA,NA,NA,NA,NA,0.00,NA,NA,NA
2025-08-24 21:00:00,21.68,107.02,39.46,68.20,45.37,NA,NA,NA,2.11,NA,NA,NA,NA,NA,NA,NA,NA,NA,NA,NA,0.00,NA,NA,NA
2025-08-24 22:00:00,24.93,133.14,18.81,61.73,29.88,NA,NA,NA,1.85,NA,NA,NA,NA,NA,NA,NA,NA,NA,NA,NA,0.00,NA,NA,NA
2025-08-24 23:00:00,24.16,111.34,20.28,63.67,31.42,NA,NA,NA,1.77,NA,NA,NA,NA,NA,NA,NA,NA,NA,NA,NA,0.00,NA,NA,NA
2025-08-25 00:00:00,18.40,73.45,21.80,58.55,30.97,NA,NA,NA,1.69,NA,NA,NA,NA,NA,NA,NA,NA,NA,NA,NA,0.00,NA,NA,NA
2025-08-25 01:00:00,14.49,63.15,20.44,55.25,29.14,NA,NA,NA,1.81,NA,NA,NA,NA,NA,NA,NA,NA,NA,NA,NA,0.00,NA,NA,NA
2025-08-25 02:00:00,24.62,59.80,13.18,38.05,19.48,NA,NA,NA,1.38,NA,NA,NA,NA,NA,NA,NA,NA,NA,NA,NA,0.00,NA,NA,NA
2025-08-25 03:00:00,14.10,37.77,13.32,28.51,16.87,NA,NA,NA,1.22,NA,NA,NA,NA,NA,NA,NA,NA,NA,NA,NA,0.00,NA,NA,NA
2025-08-25 04:00:00,14.57,38.96,13.20,27.75,16.58,NA,NA,NA,1.24,NA,NA,NA,NA,NA,NA,NA,NA,NA,NA,NA,0.00,NA,NA,NA
2025-08-25 05:00:00,10.94,31.37,13.69,34.30,18.75,NA,NA,NA,1.25,NA,NA,NA,NA,NA,NA,NA,NA,NA,NA,NA,0.00,NA,NA,NA
2025-08-25 06:00:00,19.96,42.15,16.21,33.95,20.32,NA,NA,NA,1.40,NA,NA,NA,NA,NA,NA,NA,NA,NA,NA,NA,0.00,NA,NA,NA
2025-08-25 07:00:00,21.26,36.31,16.55,28.89,19.11,NA,NA,NA,1.34,NA,NA,NA,NA,NA,NA,NA,NA,NA,NA,NA,0.00,NA,NA,NA
2025-08-25 08:00:00,22.32,31.68,15.98,33.79,20.13,NA,NA,NA,1.46,NA,NA,NA,NA,NA,NA,NA,NA,NA,NA,NA,0.00,NA,NA,NA
2025-08-25 09:00:00,18.49,34.50,21.61,38.95,25.31,NA,NA,NA,1.58,NA,NA,NA,NA,NA,NA,NA,NA,NA,NA,NA,0.00,NA,NA,NA
2025-08-25 10:00:00,27.69,51.12,21.07,42.88,26.06,NA,NA,NA,1.63,NA,NA,NA,NA,NA,NA,NA,NA,NA,NA,NA,0.00,NA,NA,NA
2025-08-25 11:00:00,32.56,56.12,14.98,39.67,21.13,NA,NA,NA,1.53,NA,NA,NA,NA,NA,NA,NA,NA,NA,NA,NA,0.00,NA,NA,NA
2025-08-25 12:00:00,25.86,59.14,15.39,31.88,19.18,NA,NA,NA,1.47,NA,NA,NA,NA,NA,NA,NA,NA,NA,NA,NA,0.00,NA,NA,NA
2025-08-25 13:00:00,29.88,59.92,14.95,30.52,18.51,NA,NA,NA,1.46,NA,NA,NA,NA,NA,NA,NA,NA,NA,NA,NA,0.00,NA,NA,NA
2025-08-25 14:00:00,32.96,67.17,13.73,30.82,17.80,NA,NA,NA,1.42,NA,NA,NA,NA,NA,NA,NA,NA,NA,NA,NA,0.00,NA,NA,NA
2025-08-25 15:00:00,28.81,81.46,15.53,40.30,21.67,NA,NA,NA,1.48,NA,NA,NA,NA,NA,NA,NA,NA,NA,NA,NA,0.00,NA,NA,NA
2025-08-25 16:00:00,21.14,68.54,15.09,30.29,18.54,NA,NA,NA,1.43,NA,NA,NA,NA,NA,NA,NA,NA,NA,NA,NA,0.00,NA,NA,NA
2025-08-25 17:00:00,31.42,78.93,20.37,49.06,27.35,NA,NA,NA,1.57,NA,NA,NA,NA,NA,NA,NA,NA,NA,NA,NA,0.00,NA,NA,NA
2025-08-25 18:00:00,20.22,74.45,22.36,57.77,31.12,NA,NA,NA,1.80,NA,NA,NA,NA,NA,NA,NA,NA,NA,NA,NA,0.00,NA,NA,NA
2025-08-25 19:00:00,27.84,110.66,20.09,55.18,28.89,NA,NA,NA,1.78,NA,NA,NA,NA,NA,NA,NA,NA,NA,NA,NA,0.00,NA,NA,NA
2025-08-25 20:00:00,27.99,100.46,27.53,61.33,35.54,NA,NA,NA,2.06,NA,NA,NA,NA,NA,NA,NA,NA,NA,NA,NA,0.00,NA,NA,NA
2025-08-25 21:00:00,25.83,92.48,22.36,52.99,29.77,NA,NA,NA,1.82,NA,NA,NA,NA,NA,NA,NA,NA,NA,NA,NA,0.00,NA,NA,NA
2025-08-25 22:00:00,21.54,75.28,17.95,42.98,24.02,NA,NA,NA,1.59,NA,NA,NA,NA,NA,NA,NA,NA,NA,NA,NA,0.00,NA,NA,NA
2025-08-25 23:00:00,11.96,42.80,14.68,33.73,19.25,NA,NA,NA,1.46,NA,NA,NA,NA,NA,NA,NA,NA,NA,NA,NA,0.00,NA,NA,NA
2025-08-26 00:00:00,17.47,43.37,14.66,28.52,17.76,NA,NA,NA,1.38,NA,NA,NA,NA,NA,NA,NA,NA,NA,NA,NA,0.00,NA,NA,NA
2025-08-26 01:00:00,11.84,31.42,12.81,24.44,15.38,NA,NA,NA,1.23,NA,NA,NA,NA,NA,NA,NA,NA,NA,NA,NA,0.00,NA,NA,NA
2025-08-26 02:00:00,13.63,31.01,11.57,18.22,12.80,NA,NA,NA,1.09,NA,NA,NA,NA,NA,NA,NA,NA,NA,NA,NA,0.00,NA,NA,NA
2025-08-26 03:00:00,10.77,18.20,12.02,28.28,15.94,NA,NA,NA,1.16,NA,NA,NA,NA,NA,NA,NA,NA,NA,NA,NA,0.00,NA,NA,NA
2025-08-26 04:00:00,4.66,19.72,12.55,31.93,17.33,NA,NA,NA,1.17,NA,NA,NA,NA,NA,NA,NA,NA,NA,NA,NA,0.00,NA,NA,NA
2025-08-26 05:00:00,8.44,25.98,13.47,28.83,17.06,NA,NA,NA,1.20,NA,NA,NA,NA,NA,NA,NA,NA,NA,NA,NA,0.00,NA,NA,NA
2025-08-26 06:00:00,7.75,31.86,15.40,29.30,18.47,NA,NA,NA,1.25,NA,NA,NA,NA,NA,NA,NA,NA,NA,NA,NA,0.00,NA,NA,NA
2025-08-26 07:00:00,15.00,36.13,15.11,23.87,16.74,NA,NA,NA,1.26,NA,NA,NA,NA,NA,NA,NA,NA,NA,NA,NA,0.00,NA,NA,NA
2025-08-26 08:00:00,19.21,89.84,15.72,20.39,16.16,NA,NA,NA,1.30,NA,NA,NA,NA,NA,NA,NA,NA,NA,NA,NA,0.00,NA,NA,NA
2025-08-26 09:00:00,17.96,25.97,14.63,18.84,15.00,NA,NA,NA,1.26,NA,NA,NA,NA,NA,NA,NA,NA,NA,NA,NA,0.00,NA,NA,NA
2025-08-26 10:00:00,14.49,29.53,14.81,19.93,15.43,NA,NA,NA,1.28,NA,NA,NA,NA,NA,NA,NA,NA,NA,NA,NA,0.00,NA,NA,NA
2025-08-26 11:00:00,19.93,48.53,13.13,19.72,14.26,NA,NA,NA,1.28,NA,NA,NA,NA,NA,NA,NA,NA,NA,NA,NA,0.00,NA,NA,NA
2025-08-26 12:00:00,21.83,58.12,17.54,31.57,20.53,NA,NA,NA,1.38,NA,NA,NA,NA,NA,NA,NA,NA,NA,NA,NA,0.00,NA,NA,NA
2025-08-26 13:00:00,29.77,69.65,14.59,27.55,17.44,NA,NA,NA,1.36,NA,NA,NA,NA,NA,NA,NA,NA,NA,NA,NA,0.00,NA,NA,NA
2025-08-26 14:00:00,23.01,59.93,14.25,35.83,19.57,NA,NA,NA,1.37,NA,NA,NA,NA,NA,NA,NA,NA,NA,NA,NA,0.00,NA,NA,NA
2025-08-26 15:00:00,9.72,23.98,47.15,76.72,52.87,NA,NA,NA,1.51,NA,NA,NA,NA,NA,NA,NA,NA,NA,NA,NA,0.00,NA,NA,NA
2025-08-26 16:00:00,4.15,6.90,15.32,59.55,26.98,NA,NA,NA,1.51,NA,NA,NA,NA,NA,NA,NA,NA,NA,NA,NA,0.00,NA,NA,NA
2025-08-26 17:00:00,0.83,6.33,15.72,54.91,25.92,NA,NA,NA,1.41,NA,NA,NA,NA,NA,NA,NA,NA,NA,NA,NA,0.00,NA,NA,NA
2025-08-26 18:00:00,3.46,12.75,19.94,55.35,28.84,NA,NA,NA,1.55,NA,NA,NA,NA,NA,NA,NA,NA,NA,NA,NA,0.00,NA,NA,NA
2025-08-26 19:00:00,6.79,33.26,42.13,66.85,46.77,NA,NA,NA,2.04,NA,NA,NA,NA,NA,NA,NA,NA,NA,NA,NA,0.00,NA,NA,NA
2025-08-26 20:00:00,17.07,46.60,85.92,67.11,75.78,NA,NA,NA,2.46,NA,NA,NA,NA,NA,NA,NA,NA,NA,NA,NA,0.00,NA,NA,NA
2025-08-26 21:00:00,26.42,68.86,92.16,65.31,79.39,NA,NA,NA,3.08,NA,NA,NA,NA,NA,NA,NA,NA,NA,NA,NA,0.00,NA,NA,NA
2025-08-26 22:00:00,31.84,71.44,90.13,64.23,77.76,NA,NA,NA,3.51,NA,NA,NA,NA,NA,NA,NA,NA,NA,NA,NA,0.00,NA,NA,NA
2025-08-26 23:00:00,36.75,91.36,99.10,64.64,83.79,NA,NA,NA,3.92,NA,NA,NA,NA,NA,NA,NA,NA,NA,NA,NA,0.00,NA,NA,NA
2025-08-27 00:00:00,27.79,80.88,72.30,62.75,65.54,NA,NA,NA,3.42,NA,NA,NA,NA,NA,NA,NA,NA,NA,NA,NA,0.00,NA,NA,NA
2025-08-27 01:00:00,33.80,66.44,44.92,57.18,45.86,NA,NA,NA,2.75,NA,NA,NA,NA,NA,NA,NA,NA,NA,NA,NA,0.00,NA,NA,NA
2025-08-27 02:00:00,18.20,55.95,38.29,52.29,40.11,NA,NA,NA,2.15,NA,NA,NA,NA,NA,NA,NA,NA,NA,NA,NA,0.00,NA,NA,NA
2025-08-27 03:00:00,20.00,61.42,36.84,45.55,37.23,NA,NA,NA,2.01,NA,NA,NA,NA,NA,NA,NA,NA,NA,NA,NA,0.00,NA,NA,NA
2025-08-27 04:00:00,25.01,54.12,36.92,46.14,37.46,NA,NA,NA,1.97,NA,NA,NA,NA,NA,NA,NA,NA,NA,NA,NA,0.00,NA,NA,NA
2025-08-27 05:00:00,25.12,67.48,39.34,40.56,37.47,NA,NA,NA,1.85,NA,NA,NA,NA,NA,NA,NA,NA,NA,NA,NA,0.00,NA,NA,NA
2025-08-27 06:00:00,39.73,92.16,31.25,37.15,31.17,NA,NA,NA,1.68,NA,NA,NA,NA,NA,NA,NA,NA,NA,NA,NA,0.00,NA,NA,NA
2025-08-27 07:00:00,44.24,95.15,24.05,31.48,24.80,NA,NA,NA,1.67,NA,NA,NA,NA,NA,NA,NA,NA,NA,NA,NA,0.00,NA,NA,NA
2025-08-27 08:00:00,42.48,79.18,25.98,31.49,26.08,NA,NA,NA,1.73,NA,NA,NA,NA,NA,NA,NA,NA,NA,NA,NA,0.00,NA,NA,NA
2025-08-27 09:00:00,38.20,80.81,19.38,32.76,22.08,NA,NA,NA,1.71,NA,NA,NA,NA,NA,NA,NA,NA,NA,NA,NA,0.00,NA,NA,NA
2025-08-27 10:00:00,32.15,54.83,16.73,35.54,21.12,NA,NA,NA,1.57,NA,NA,NA,NA,NA,NA,NA,NA,NA,NA,NA,0.00,NA,NA,NA
2025-08-27 11:00:00,22.02,34.34,22.21,47.99,28.26,NA,NA,NA,1.67,NA,NA,NA,NA,NA,NA,NA,NA,NA,NA,NA,0.00,NA,NA,NA
2025-08-27 12:00:00,6.98,24.46,26.27,56.07,33.22,NA,NA,NA,1.96,NA,NA,NA,NA,NA,NA,NA,NA,NA,NA,NA,0.00,NA,NA,NA
2025-08-27 13:00:00,5.53,22.15,16.45,34.81,20.72,NA,NA,NA,1.49,NA,NA,NA,NA,NA,NA,NA,NA,NA,NA,NA,0.00,NA,NA,NA
2025-08-27 14:00:00,7.12,22.39,18.31,39.10,23.16,NA,NA,NA,1.47,NA,NA,NA,NA,NA,NA,NA,NA,NA,NA,NA,0.00,NA,NA,NA
2025-08-27 15:00:00,11.68,41.38,22.76,55.30,30.69,NA,NA,NA,1.91,NA,NA,NA,NA,NA,NA,NA,NA,NA,NA,NA,0.00,NA,NA,NA
2025-08-27 16:00:00,24.29,80.60,38.03,78.33,47.31,NA,NA,NA,2.09,NA,NA,NA,NA,NA,NA,NA,NA,NA,NA,NA,0.00,NA,NA,NA
2025-08-27 17:00:00,20.09,82.56,25.76,77.46,38.93,NA,NA,NA,1.93,NA,NA,NA,NA,NA,NA,NA,NA,NA,NA,NA,0.00,NA,NA,NA
2025-08-27 18:00:00,21.04,90.13,84.30,91.55,81.66,NA,NA,NA,2.50,NA,NA,NA,NA,NA,NA,NA,NA,NA,NA,NA,0.00,NA,NA,NA
2025-08-27 19:00:00,31.18,170.04,186.08,89.11,148.22,NA,NA,NA,3.50,NA,NA,NA,NA,NA,NA,NA,NA,NA,NA,NA,0.00,NA,NA,NA
2025-08-27 20:00:00,30.38,142.36,127.47,95.03,111.12,NA,NA,NA,3.36,NA,NA,NA,NA,NA,NA,NA,NA,NA,NA,NA,0.00,NA,NA,NA
2025-08-27 21:00:00,33.37,229.61,209.67,91.25,164.39,NA,NA,NA,4.09,NA,NA,NA,NA,NA,NA,NA,NA,NA,NA,NA,0.00,NA,NA,NA
2025-08-27 22:00:00,37.28,174.53,211.29,85.20,163.76,NA,NA,NA,4.51,NA,NA,NA,NA,NA,NA,NA,NA,NA,NA,NA,0.00,NA,NA,NA
2025-08-27 23:00:00,40.65,178.76,167.69,81.72,133.94,NA,NA,NA,4.65,NA,NA,NA,NA,NA,NA,NA,NA,NA,NA,NA,0.00,NA,NA,NA
2025-08-28 00:00:00,46.68,167.11,162.39,80.02,129.98,NA,NA,NA,5.10,NA,NA,NA,NA,NA,NA,NA,NA,NA,NA,NA,0.00,NA,NA,NA
2025-08-28 01:00:00,54.15,139.99,135.92,78.73,112.10,NA,NA,NA,5.77,NA,NA,NA,NA,NA,NA,NA,NA,NA,NA,NA,0.00,NA,NA,NA
2025-08-28 02:00:00,54.29,142.56,90.83,72.07,80.42,NA,NA,NA,5.05,NA,NA,NA,NA,NA,NA,NA,NA,NA,NA,NA,0.00,NA,NA,NA
2025-08-28 03:00:00,53.82,132.27,99.51,60.90,83.01,NA,NA,NA,4.49,NA,NA,NA,NA,NA,NA,NA,NA,NA,NA,NA,0.00,NA,NA,NA
2025-08-28 04:00:00,51.20,132.43,102.60,58.51,84.37,NA,NA,NA,4.08,NA,NA,NA,NA,NA,NA,NA,NA,NA,NA,NA,0.00,NA,NA,NA
2025-08-28 05:00:00,50.89,149.31,112.88,54.65,90.09,NA,NA,NA,4.11,NA,NA,NA,NA,NA,NA,NA,NA,NA,NA,NA,0.00,NA,NA,NA
2025-08-28 06:00:00,64.78,188.37,157.89,51.52,118.92,NA,NA,NA,4.36,NA,NA,NA,NA,NA,NA,NA,NA,NA,NA,NA,0.00,NA,NA,NA
2025-08-28 07:00:00,72.64,192.86,92.71,61.58,78.69,NA,NA,NA,3.65,NA,NA,NA,NA,NA,NA,NA,NA,NA,NA,NA,0.00,NA,NA,NA
2025-08-28 08:00:00,63.23,154.85,34.39,63.36,40.64,NA,NA,NA,2.81,NA,NA,NA,NA,NA,NA,NA,NA,NA,NA,NA,0.00,NA,NA,NA
2025-08-28 09:00:00,49.45,119.86,20.69,50.70,28.02,NA,NA,NA,2.38,NA,NA,NA,NA,NA,NA,NA,NA,NA,NA,NA,0.00,NA,NA,NA
2025-08-28 10:00:00,45.76,110.78,16.58,44.81,23.63,NA,NA,NA,2.22,NA,NA,NA,NA,NA,NA,NA,NA,NA,NA,NA,0.00,NA,NA,NA
2025-08-28 11:00:00,61.41,113.34,13.88,34.42,18.91,NA,NA,NA,1.75,NA,NA,NA,NA,NA,NA,NA,NA,NA,NA,NA,0.00,NA,NA,NA
2025-08-28 12:00:00,75.94,94.96,13.93,32.98,18.54,NA,NA,NA,1.28,NA,NA,NA,NA,NA,NA,NA,NA,NA,NA,NA,0.00,NA,NA,NA
2025-08-28 13:00:00,111.83,150.20,20.50,78.00,35.63,NA,NA,NA,0.91,NA,NA,NA,NA,NA,NA,NA,NA,NA,NA,NA,0.00,NA,NA,NA
2025-08-28 14:00:00,106.54,151.61,32.54,52.33,36.31,NA,NA,NA,NA,NA,NA,NA,NA,NA,NA,NA,NA,NA,NA,NA,0.00,NA,NA,NA
2025-08-28 15:00:00,91.14,128.90,34.51,42.04,34.70,NA,NA,NA,NA,NA,NA,NA,NA,NA,NA,NA,NA,NA,NA,NA,0.00,NA,NA,NA
2025-08-28 16:00:00,75.93,113.50,32.43,50.81,35.81,NA,NA,NA,NA,NA,NA,NA,NA,NA,NA,NA,NA,NA,NA,NA,0.00,NA,NA,NA
2025-08-28 17:00:00,51.23,97.79,28.17,41.00,30.22,NA,NA,NA,0.56,NA,NA,NA,NA,NA,NA,NA,NA,NA,NA,NA,0.00,NA,NA,NA
2025-08-28 18:00:00,38.86,83.48,23.21,55.89,31.15,NA,NA,NA,0.65,NA,NA,NA,NA,NA,NA,NA,NA,NA,NA,NA,0.00,NA,NA,NA
2025-08-28 19:00:00,33.36,96.80,19.21,58.84,29.34,NA,NA,NA,0.85,NA,NA,NA,NA,NA,NA,NA,NA,NA,NA,NA,0.00,NA,NA,NA
2025-08-28 20:00:00,28.59,91.22,14.08,55.72,25.07,NA,NA,NA,0.88,NA,NA,NA,NA,NA,NA,NA,NA,NA,NA,NA,0.00,NA,NA,NA
2025-08-28 21:00:00,26.67,97.50,12.38,58.65,24.78,NA,NA,NA,0.97,NA,NA,NA,NA,NA,NA,NA,NA,NA,NA,NA,0.00,NA,NA,NA
2025-08-28 22:00:00,37.40,104.57,12.83,57.04,24.62,NA,NA,NA,1.01,NA,NA,NA,NA,NA,NA,NA,NA,NA,NA,NA,0.00,NA,NA,NA
2025-08-28 23:00:00,30.79,95.03,9.31,47.34,19.55,NA,NA,NA,0.93,NA,NA,NA,NA,NA,NA,NA,NA,NA,NA,NA,0.00,NA,NA,NA
2025-08-29 00:00:00,34.43,85.75,10.16,51.69,21.34,NA,NA,NA,0.93,NA,NA,NA,NA,NA,NA,NA,NA,NA,NA,NA,0.00,NA,NA,NA
2025-08-29 01:00:00,35.96,93.40,9.69,45.36,19.23,NA,NA,NA,0.90,NA,NA,NA,NA,NA,NA,NA,NA,NA,NA,NA,0.00,NA,NA,NA
2025-08-29 02:00:00,38.64,88.03,9.13,38.98,17.07,NA,NA,NA,0.79,NA,NA,NA,NA,NA,NA,NA,NA,NA,NA,NA,0.00,NA,NA,NA
2025-08-29 03:00:00,32.84,82.30,10.99,48.38,20.95,NA,NA,NA,0.78,NA,NA,NA,NA,NA,NA,NA,NA,NA,NA,NA,0.00,NA,NA,NA
2025-08-29 04:00:00,46.78,94.86,12.40,43.61,20.54,NA,NA,NA,0.81,NA,NA,NA,NA,NA,NA,NA,NA,NA,NA,NA,0.00,NA,NA,NA
2025-08-29 05:00:00,48.65,112.73,13.77,43.21,21.32,NA,NA,NA,0.84,NA,NA,NA,NA,NA,NA,NA,NA,NA,NA,NA,0.00,NA,NA,NA
2025-08-29 06:00:00,55.32,123.39,12.51,38.17,19.08,NA,NA,NA,0.83,NA,NA,NA,NA,NA,NA,NA,NA,NA,NA,NA,0.00,NA,NA,NA
2025-08-29 07:00:00,57.86,110.84,11.25,32.74,16.70,NA,NA,NA,0.84,NA,NA,NA,NA,NA,NA,NA,NA,NA,NA,NA,0.00,NA,NA,NA
2025-08-29 08:00:00,46.95,91.52,11.90,31.40,16.75,NA,NA,NA,0.82,NA,NA,NA,NA,NA,NA,NA,NA,NA,NA,NA,0.00,NA,NA,NA
2025-08-29 09:00:00,37.64,80.49,14.51,35.17,19.54,NA,NA,NA,0.90,NA,NA,NA,NA,NA,NA,NA,NA,NA,NA,NA,0.00,NA,NA,NA
2025-08-29 10:00:00,30.24,77.77,12.55,34.05,17.92,NA,NA,NA,0.85,NA,NA,NA,NA,NA,NA,NA,NA,NA,NA,NA,0.00,NA,NA,NA
2025-08-29 11:00:00,17.70,37.74,19.46,47.29,26.24,NA,NA,NA,0.85,NA,NA,NA,NA,NA,NA,NA,NA,NA,NA,NA,0.00,NA,NA,NA
2025-08-29 12:00:00,30.96,59.59,19.65,56.53,28.98,NA,NA,NA,1.13,NA,NA,NA,NA,NA,NA,NA,NA,NA,NA,NA,0.00,NA,NA,NA
2025-08-29 13:00:00,33.86,103.56,11.73,51.22,22.24,NA,NA,NA,1.04,NA,NA,NA,NA,NA,NA,NA,NA,NA,NA,NA,0.00,NA,NA,NA
2025-08-29 14:00:00,50.43,112.65,9.23,50.53,20.40,NA,NA,NA,0.91,NA,NA,NA,NA,NA,NA,NA,NA,NA,NA,NA,0.00,NA,NA,NA
2025-08-29 15:00:00,33.54,51.62,9.29,41.89,17.99,NA,NA,NA,0.85,NA,NA,NA,NA,NA,NA,NA,NA,NA,NA,NA,0.00,NA,NA,NA
2025-08-29 16:00:00,6.60,18.15,8.83,38.04,16.60,NA,NA,NA,0.71,NA,NA,NA,NA,NA,NA,NA,NA,NA,NA,NA,0.00,NA,NA,NA
2025-08-29 17:00:00,22.07,64.59,16.14,64.12,28.82,NA,NA,NA,0.91,NA,NA,NA,NA,NA,NA,NA,NA,NA,NA,NA,0.00,NA,NA,NA
2025-08-29 18:00:00,31.39,105.48,14.82,67.18,28.80,NA,NA,NA,1.02,NA,NA,NA,NA,NA,NA,NA,NA,NA,NA,NA,0.00,NA,NA,NA
2025-08-29 19:00:00,36.33,106.69,24.06,77.63,37.87,NA,NA,NA,1.21,NA,NA,NA,NA,NA,NA,NA,NA,NA,NA,NA,0.00,NA,NA,NA
2025-08-29 20:00:00,28.16,90.71,20.40,62.34,31.11,NA,NA,NA,1.11,NA,NA,NA,NA,NA,NA,NA,NA,NA,NA,NA,0.00,NA,NA,NA
2025-08-29 21:00:00,26.51,82.78,15.95,57.10,26.70,NA,NA,NA,0.96,NA,NA,NA,NA,NA,NA,NA,NA,NA,NA,NA,0.00,NA,NA,NA
2025-08-29 22:00:00,31.00,83.40,14.49,53.07,24.59,NA,NA,NA,0.90,NA,NA,NA,NA,NA,NA,NA,NA,NA,NA,NA,0.00,NA,NA,NA
2025-08-29 23:00:00,26.26,80.72,16.03,56.68,26.63,NA,NA,NA,0.83,NA,NA,NA,NA,NA,NA,NA,NA,NA,NA,NA,0.00,NA,NA,NA
2025-08-30 00:00:00,24.88,76.44,13.50,46.14,21.98,NA,NA,NA,0.79,NA,NA,NA,NA,NA,NA,NA,NA,NA,NA,NA,0.00,NA,NA,NA
2025-08-30 01:00:00,24.49,65.02,13.48,40.78,20.45,NA,NA,NA,0.75,NA,NA,NA,NA,NA,NA,NA,NA,NA,NA,NA,0.00,NA,NA,NA
2025-08-30 02:00:00,23.36,69.60,12.21,37.45,18.67,NA,NA,NA,0.75,NA,NA,NA,NA,NA,NA,NA,NA,NA,NA,NA,0.00,NA,NA,NA
2025-08-30 03:00:00,25.62,63.96,13.74,35.22,19.05,NA,NA,NA,0.69,NA,NA,NA,NA,NA,NA,NA,NA,NA,NA,NA,0.00,NA,NA,NA
2025-08-30 04:00:00,22.56,75.06,20.30,40.26,24.80,NA,NA,NA,0.71,NA,NA,NA,NA,NA,NA,NA,NA,NA,NA,NA,0.00,NA,NA,NA
2025-08-30 05:00:00,13.70,67.53,19.59,37.72,23.62,NA,NA,NA,0.76,NA,NA,NA,NA,NA,NA,NA,NA,NA,NA,NA,0.00,NA,NA,NA
2025-08-30 06:00:00,26.19,80.32,26.45,39.26,28.59,NA,NA,NA,0.85,NA,NA,NA,NA,NA,NA,NA,NA,NA,NA,NA,0.00,NA,NA,NA
2025-08-30 07:00:00,22.67,87.82,23.52,38.62,26.47,NA,NA,NA,0.88,NA,NA,NA,NA,NA,NA,NA,NA,NA,NA,NA,0.00,NA,NA,NA
2025-08-30 08:00:00,17.60,74.32,13.43,29.90,17.33,NA,NA,NA,0.68,NA,NA,NA,NA,NA,NA,NA,NA,NA,NA,NA,0.00,NA,NA,NA
2025-08-30 09:00:00,31.30,61.42,9.83,28.60,14.59,NA,NA,NA,0.59,NA,NA,NA,NA,NA,NA,NA,NA,NA,NA,NA,0.00,NA,NA,NA
2025-08-30 10:00:00,26.33,63.82,8.18,31.93,14.44,NA,NA,NA,0.64,NA,NA,NA,NA,NA,NA,NA,NA,NA,NA,NA,0.00,NA,NA,NA
2025-08-30 11:00:00,29.93,71.52,6.91,28.66,12.67,NA,NA,NA,0.58,NA,NA,NA,NA,NA,NA,NA,NA,NA,NA,NA,0.00,NA,NA,NA
2025-08-30 12:00:00,34.81,76.89,6.50,27.99,12.21,NA,NA,NA,0.57,NA,NA,NA,NA,NA,NA,NA,NA,NA,NA,NA,0.00,NA,NA,NA
2025-08-30 13:00:00,34.57,69.91,6.60,32.90,13.68,NA,NA,NA,0.54,NA,NA,NA,NA,NA,NA,NA,NA,NA,NA,NA,0.00,NA,NA,NA
2025-08-30 14:00:00,33.58,88.93,7.90,42.47,17.24,NA,NA,NA,0.61,NA,NA,NA,NA,NA,NA,NA,NA,NA,NA,NA,0.00,NA,NA,NA
2025-08-30 15:00:00,37.23,98.12,7.49,48.10,18.56,NA,NA,NA,0.67,NA,NA,NA,NA,NA,NA,NA,NA,NA,NA,NA,0.00,NA,NA,NA
2025-08-30 16:00:00,30.13,86.08,6.91,41.07,16.18,NA,NA,NA,0.61,NA,NA,NA,NA,NA,NA,NA,NA,NA,NA,NA,0.00,NA,NA,NA
2025-08-30 17:00:00,20.59,73.05,6.03,45.42,16.84,NA,NA,NA,0.64,NA,NA,NA,NA,NA,NA,NA,NA,NA,NA,NA,0.00,NA,NA,NA
2025-08-30 18:00:00,15.28,82.44,8.32,68.95,25.01,NA,NA,NA,0.86,NA,NA,NA,NA,NA,NA,NA,NA,NA,NA,NA,0.00,NA,NA,NA
2025-08-30 19:00:00,19.58,111.49,11.25,81.94,30.63,NA,NA,NA,0.98,NA,NA,NA,NA,NA,NA,NA,NA,NA,NA,NA,0.00,NA,NA,NA
2025-08-30 20:00:00,27.24,139.48,20.07,89.61,38.62,NA,NA,NA,1.31,NA,NA,NA,NA,NA,NA,NA,NA,NA,NA,NA,0.00,NA,NA,NA
2025-08-30 21:00:00,37.05,164.79,19.15,83.92,36.40,NA,NA,NA,1.44,NA,NA,NA,NA,NA,NA,NA,NA,NA,NA,NA,0.00,NA,NA,NA
2025-08-30 22:00:00,35.07,141.77,14.24,74.16,30.39,NA,NA,NA,1.22,NA,NA,NA,NA,NA,NA,NA,NA,NA,NA,NA,0.00,NA,NA,NA
2025-08-30 23:00:00,37.46,129.79,11.12,62.46,25.02,NA,NA,NA,0.98,NA,NA,NA,NA,NA,NA,NA,NA,NA,NA,NA,0.00,NA,NA,NA
2025-08-31 00:00:00,40.16,106.14,11.13,54.08,22.66,NA,NA,NA,0.83,NA,NA,NA,NA,NA,NA,NA,NA,NA,NA,NA,0.00,NA,NA,NA
2025-08-31 01:00:00,37.13,105.60,10.22,53.30,21.84,NA,NA,NA,0.79,NA,NA,NA,NA,NA,NA,NA,NA,NA,NA,NA,0.00,NA,NA,NA
2025-08-31 02:00:00,39.90,99.50,9.38,51.52,20.78,NA,NA,NA,0.72,NA,NA,NA,NA,NA,NA,NA,NA,NA,NA,NA,0.00,NA,NA,NA
2025-08-31 03:00:00,33.54,97.90,9.72,49.82,20.52,NA,NA,NA,0.68,NA,NA,NA,NA,NA,NA,NA,NA,NA,NA,NA,0.00,NA,NA,NA
2025-08-31 04:00:00,32.28,80.50,9.21,40.35,17.51,NA,NA,NA,0.64,NA,NA,NA,NA,NA,NA,NA,NA,NA,NA,NA,0.00,NA,NA,NA
2025-08-31 05:00:00,16.42,81.62,9.54,40.78,17.85,NA,NA,NA,0.60,NA,NA,NA,NA,NA,NA,NA,NA,NA,NA,NA,0.00,NA,NA,NA
2025-08-31 06:00:00,NA,75.99,8.18,33.26,14.82,NA,NA,NA,0.58,NA,NA,NA,NA,NA,NA,NA,NA,NA,NA,NA,0.00,NA,NA,NA
2025-08-31 07:00:00,NA,41.56,9.16,45.29,18.87,NA,NA,NA,0.51,NA,NA,NA,NA,NA,NA,NA,NA,NA,NA,NA,0.00,NA,NA,NA
2025-08-31 08:00:00,NA,53.13,10.04,54.96,22.19,NA,NA,NA,0.59,NA,NA,NA,NA,NA,NA,NA,NA,NA,NA,NA,0.00,NA,NA,NA
2025-08-31 09:00:00,NA,47.96,8.30,43.71,17.85,NA,NA,NA,0.58,NA,NA,NA,NA,NA,NA,NA,NA,NA,NA,NA,0.00,NA,NA,NA
2025-08-31 10:00:00,NA,51.24,8.94,40.36,17.32,NA,NA,NA,0.57,NA,NA,NA,NA,NA,NA,NA,NA,NA,NA,NA,0.00,NA,NA,NA
2025-08-31 11:00:00,NA,47.06,7.06,40.65,16.17,NA,NA,NA,0.62,NA,NA,NA,NA,NA,NA,NA,NA,NA,NA,NA,0.00,NA,NA,NA
2025-08-31 12:00:00,NA,64.47,7.54,42.85,17.11,NA,NA,NA,0.68,NA,NA,NA,NA,NA,NA,NA,NA,NA,NA,NA,0.00,NA,NA,NA
2025-08-31 13:00:00,NA,86.41,7.89,50.38,19.46,NA,NA,NA,0.85,NA,NA,NA,NA,NA,NA,NA,NA,NA,NA,NA,0.00,NA,NA,NA
2025-08-31 14:00:00,NA,53.91,6.62,36.40,14.67,NA,NA,NA,0.57,NA,NA,NA,NA,NA,NA,NA,NA,NA,NA,NA,0.00,NA,NA,NA
2025-08-31 15:00:00,NA,57.64,5.57,33.86,13.26,NA,NA,NA,0.63,NA,NA,NA,NA,NA,NA,NA,NA,NA,NA,NA,0.00,NA,NA,NA
2025-08-31 16:00:00,NA,63.10,6.84,44.41,17.08,NA,NA,NA,0.67,NA,NA,NA,NA,NA,NA,NA,NA,NA,NA,NA,0.00,NA,NA,NA
2025-08-31 17:00:00,NA,90.72,6.73,54.74,19.93,NA,NA,NA,0.75,NA,NA,NA,NA,NA,NA,NA,NA,NA,NA,NA,0.00,NA,NA,NA
2025-08-31 18:00:00,NA,89.64,7.27,56.20,20.70,NA,NA,NA,0.86,NA,NA,NA,NA,NA,NA,NA,NA,NA,NA,NA,0.00,NA,NA,NA
2025-08-31 19:00:00,NA,87.91,6.88,48.95,18.40,NA,NA,NA,0.81,NA,NA,NA,NA,NA,NA,NA,NA,NA,NA,NA,0.00,NA,NA,NA
2025-08-31 20:00:00,NA,77.78,7.93,48.88,19.08,NA,NA,NA,0.80,NA,NA,NA,NA,NA,NA,NA,NA,NA,NA,NA,0.00,NA,NA,NA
2025-08-31 21:00:00,NA,70.53,11.19,55.58,23.12,NA,NA,NA,0.85,NA,NA,NA,NA,NA,NA,NA,NA,NA,NA,NA,0.00,NA,NA,NA
2025-08-31 22:00:00,NA,63.73,10.12,56.97,22.81,NA,NA,NA,0.75,NA,NA,NA,NA,NA,NA,NA,NA,NA,NA,NA,0.00,NA,NA,NA
2025-08-31 23:00:00,NA,58.04,12.04,71.25,28.12,NA,NA,NA,0.73,NA,NA,NA,NA,NA,NA,NA,NA,NA,NA,NA,0.00,NA,NA,NA
2025-09-01 00:00:00,NA,59.06,9.31,57.97,22.56,NA,NA,NA,0.62,NA,NA,NA,NA,NA,NA,NA,NA,NA,NA,NA,0.00,NA,NA,NA
2025-09-01 01:00:00,NA,44.98,7.96,51.94,19.96,NA,NA,NA,0.53,NA,NA,NA,NA,NA,NA,NA,NA,NA,NA,NA,0.00,NA,NA,NA
2025-09-01 02:00:00,NA,49.36,7.37,39.98,16.18,NA,NA,NA,0.48,NA,NA,NA,NA,NA,NA,NA,NA,NA,NA,NA,0.00,NA,NA,NA
2025-09-01 03:00:00,NA,34.36,7.16,35.06,14.66,NA,NA,NA,0.46,NA,NA,NA,NA,NA,NA,NA,NA,NA,NA,NA,0.00,NA,NA,NA
2025-09-01 04:00:00,NA,26.20,6.22,33.77,13.67,NA,NA,NA,0.46,NA,NA,NA,NA,NA,NA,NA,NA,NA,NA,NA,0.00,NA,NA,NA
2025-09-01 05:00:00,22.71,25.68,7.04,40.20,16.03,NA,NA,NA,0.50,NA,NA,NA,NA,NA,NA,NA,NA,NA,NA,NA,0.00,NA,NA,NA
2025-09-01 06:00:00,NA,NA,8.15,43.32,17.65,NA,NA,NA,0.55,NA,NA,NA,NA,NA,NA,NA,NA,NA,NA,NA,0.00,NA,NA,NA
2025-09-01 07:00:00,51.42,57.03,9.14,41.05,17.66,NA,NA,NA,0.53,NA,NA,NA,NA,NA,NA,NA,NA,NA,NA,NA,0.00,NA,NA,NA
2025-09-01 08:00:00,45.78,62.68,13.93,43.73,21.58,NA,NA,NA,0.65,NA,NA,NA,NA,NA,NA,NA,NA,NA,NA,NA,0.00,NA,NA,NA
2025-09-01 09:00:00,37.73,46.67,17.92,48.40,25.54,NA,NA,NA,0.75,NA,NA,NA,NA,NA,NA,NA,NA,NA,NA,NA,0.00,NA,NA,NA
2025-09-01 10:00:00,23.24,25.84,17.78,48.61,25.50,NA,NA,NA,0.83,NA,NA,NA,NA,NA,NA,NA,NA,NA,NA,NA,0.00,NA,NA,NA
2025-09-01 11:00:00,10.26,11.30,14.10,39.46,20.48,NA,NA,NA,0.70,NA,NA,NA,NA,NA,NA,NA,NA,NA,NA,NA,0.00,NA,NA,NA
2025-09-01 12:00:00,22.17,53.56,9.70,38.70,17.36,NA,NA,NA,0.58,NA,NA,NA,NA,NA,NA,NA,NA,NA,NA,NA,0.00,NA,NA,NA
2025-09-01 13:00:00,35.46,84.12,8.67,40.69,17.25,NA,NA,NA,0.60,NA,NA,NA,NA,NA,NA,NA,NA,NA,NA,NA,0.00,NA,NA,NA
2025-09-01 14:00:00,42.59,52.06,12.36,55.37,23.84,NA,NA,NA,0.77,NA,NA,NA,NA,NA,NA,NA,NA,NA,NA,NA,0.00,NA,NA,NA
2025-09-01 15:00:00,20.08,31.85,9.95,45.72,19.51,NA,NA,NA,0.66,NA,NA,NA,NA,NA,NA,NA,NA,NA,NA,NA,0.00,NA,NA,NA
2025-09-01 16:00:00,6.60,19.76,12.04,46.33,21.08,NA,NA,NA,0.64,NA,NA,NA,NA,NA,NA,NA,NA,NA,NA,NA,0.00,NA,NA,NA
2025-09-01 17:00:00,7.10,11.60,9.13,40.90,17.61,NA,NA,NA,0.54,NA,NA,NA,NA,NA,NA,NA,NA,NA,NA,NA,0.00,NA,NA,NA
2025-09-01 18:00:00,4.38,15.76,9.60,47.03,19.66,NA,NA,NA,0.58,NA,NA,NA,NA,NA,NA,NA,NA,NA,NA,NA,0.00,NA,NA,NA
2025-09-01 19:00:00,0.91,5.90,11.16,51.90,22.06,NA,NA,NA,0.63,NA,NA,NA,NA,NA,NA,NA,NA,NA,NA,NA,0.00,NA,NA,NA
2025-09-01 20:00:00,4.73,11.04,10.57,50.29,21.21,NA,NA,NA,0.71,NA,NA,NA,NA,NA,NA,NA,NA,NA,NA,NA,0.00,NA,NA,NA
2025-09-01 21:00:00,9.48,13.99,9.09,48.19,19.64,NA,NA,NA,0.65,NA,NA,NA,NA,NA,NA,NA,NA,NA,NA,NA,0.00,NA,NA,NA
2025-09-01 22:00:00,7.26,12.49,9.10,42.72,18.10,NA,NA,NA,0.59,NA,NA,NA,NA,NA,NA,NA,NA,NA,NA,NA,0.00,NA,NA,NA
2025-09-01 23:00:00,13.30,21.68,8.86,40.62,17.34,NA,NA,NA,0.55,NA,NA,NA,NA,NA,NA,NA,NA,NA,NA,NA,0.00,NA,NA,NA
2025-09-02 00:00:00,13.70,18.60,7.88,37.93,15.94,NA,NA,NA,0.50,NA,NA,NA,NA,NA,NA,NA,NA,NA,NA,NA,0.00,NA,NA,NA
2025-09-02 01:00:00,10.14,15.79,7.45,30.68,13.60,NA,NA,NA,0.39,NA,NA,NA,NA,NA,NA,NA,NA,NA,NA,NA,0.00,NA,NA,NA
2025-09-02 02:00:00,5.54,12.48,7.03,29.32,12.94,NA,NA,NA,0.40,NA,NA,NA,NA,NA,NA,NA,NA,NA,NA,NA,0.00,NA,NA,NA
2025-09-02 03:00:00,10.82,11.89,7.17,31.23,13.58,NA,NA,NA,0.40,NA,NA,NA,NA,NA,NA,NA,NA,NA,NA,NA,0.00,NA,NA,NA
2025-09-02 04:00:00,5.18,16.71,7.11,33.54,14.19,NA,NA,NA,0.40,NA,NA,NA,NA,NA,NA,NA,NA,NA,NA,NA,0.00,NA,NA,NA
2025-09-02 05:00:00,13.25,18.17,7.73,37.20,15.63,NA,NA,NA,0.44,NA,NA,NA,NA,NA,NA,NA,NA,NA,NA,NA,0.00,NA,NA,NA
2025-09-02 06:00:00,14.83,24.70,10.50,42.06,18.84,NA,NA,NA,0.53,NA,NA,NA,NA,NA,NA,NA,NA,NA,NA,NA,0.00,NA,NA,NA
2025-09-02 07:00:00,14.48,23.81,10.94,38.19,18.04,NA,NA,NA,0.60,NA,NA,NA,NA,NA,NA,NA,NA,NA,NA,NA,0.00,NA,NA,NA
2025-09-02 08:00:00,16.13,30.87,10.89,36.51,17.53,NA,NA,NA,0.63,NA,NA,NA,NA,NA,NA,NA,NA,NA,NA,NA,0.00,NA,NA,NA
2025-09-02 09:00:00,13.05,20.93,9.54,34.74,16.13,NA,NA,NA,0.51,NA,NA,NA,NA,NA,NA,NA,NA,NA,NA,NA,0.00,NA,NA,NA
2025-09-02 10:00:00,23.35,46.31,8.88,36.36,16.15,NA,NA,NA,0.47,NA,NA,NA,NA,NA,NA,NA,NA,NA,NA,NA,0.00,NA,NA,NA
2025-09-02 11:00:00,37.01,52.71,8.47,52.75,20.52,NA,NA,NA,0.50,NA,NA,NA,NA,NA,NA,NA,NA,NA,NA,NA,0.00,NA,NA,NA
2025-09-02 12:00:00,17.57,34.52,9.13,63.37,23.96,NA,NA,NA,0.51,NA,NA,NA,NA,NA,NA,NA,NA,NA,NA,NA,0.00,NA,NA,NA
2025-09-02 13:00:00,6.04,19.37,9.89,54.59,21.99,NA,NA,NA,0.52,NA,NA,NA,NA,NA,NA,NA,NA,NA,NA,NA,0.00,NA,NA,NA
2025-09-02 14:00:00,1.13,7.43,7.99,47.32,18.67,NA,NA,NA,0.47,NA,NA,NA,NA,NA,NA,NA,NA,NA,NA,NA,0.00,NA,NA,NA
2025-09-02 15:00:00,7.33,14.68,7.67,40.89,16.63,NA,NA,NA,0.41,NA,NA,NA,NA,NA,NA,NA,NA,NA,NA,NA,0.00,NA,NA,NA
2025-09-02 16:00:00,13.52,24.38,7.35,39.66,16.08,NA,NA,NA,0.48,NA,NA,NA,NA,NA,NA,NA,NA,NA,NA,NA,0.00,NA,NA,NA
2025-09-02 17:00:00,11.38,22.40,11.18,54.74,22.88,NA,NA,NA,0.65,NA,NA,NA,NA,NA,NA,NA,NA,NA,NA,NA,0.00,NA,NA,NA
2025-09-02 18:00:00,13.14,22.71,19.45,67.53,31.96,NA,NA,NA,0.90,NA,NA,NA,NA,NA,NA,NA,NA,NA,NA,NA,0.00,NA,NA,NA
2025-09-02 19:00:00,16.04,25.29,8.31,41.89,17.34,NA,NA,NA,0.63,NA,NA,NA,NA,NA,NA,NA,NA,NA,NA,NA,0.00,NA,NA,NA
2025-09-02 20:00:00,7.76,19.32,9.38,41.48,17.93,NA,NA,NA,0.56,NA,NA,NA,NA,NA,NA,NA,NA,NA,NA,NA,0.00,NA,NA,NA
2025-09-02 21:00:00,5.54,18.90,8.07,35.62,15.41,NA,NA,NA,0.49,NA,NA,NA,NA,NA,NA,NA,NA,NA,NA,NA,0.00,NA,NA,NA
2025-09-02 22:00:00,11.50,19.15,8.39,39.82,16.82,NA,NA,NA,0.56,NA,NA,NA,NA,NA,NA,NA,NA,NA,NA,NA,0.00,NA,NA,NA
2025-09-02 23:00:00,10.58,26.01,7.60,34.26,14.72,NA,NA,NA,0.51,NA,NA,NA,NA,NA,NA,NA,NA,NA,NA,NA,0.00,NA,NA,NA
2025-09-03 00:00:00,20.27,30.96,8.91,41.83,17.72,NA,NA,NA,0.56,NA,NA,NA,NA,NA,NA,NA,NA,NA,NA,NA,0.00,NA,NA,NA
2025-09-03 01:00:00,27.56,45.27,8.58,34.47,15.42,NA,NA,NA,0.47,NA,NA,NA,NA,NA,NA,NA,NA,NA,NA,NA,0.00,NA,NA,NA
2025-09-03 02:00:00,25.83,34.28,7.67,36.86,15.50,NA,NA,NA,0.44,NA,NA,NA,NA,NA,NA,NA,NA,NA,NA,NA,0.00,NA,NA,NA
2025-09-03 03:00:00,24.33,38.69,8.99,40.45,17.39,NA,NA,NA,0.51,NA,NA,NA,NA,NA,NA,NA,NA,NA,NA,NA,0.00,NA,NA,NA
2025-09-03 04:00:00,23.26,41.82,10.95,37.44,17.83,NA,NA,NA,0.49,NA,NA,NA,NA,NA,NA,NA,NA,NA,NA,NA,0.00,NA,NA,NA
2025-09-03 05:00:00,24.04,34.45,11.51,40.33,19.02,NA,NA,NA,0.48,NA,NA,NA,NA,NA,NA,NA,NA,NA,NA,NA,0.00,NA,NA,NA
2025-09-03 06:00:00,16.15,29.36,11.89,39.95,19.16,NA,NA,NA,0.52,NA,NA,NA,NA,NA,NA,NA,NA,NA,NA,NA,0.00,NA,NA,NA
2025-09-03 07:00:00,11.81,28.55,11.05,33.08,16.66,NA,NA,NA,0.54,NA,NA,NA,NA,NA,NA,NA,NA,NA,NA,NA,0.00,NA,NA,NA
2025-09-03 08:00:00,10.99,29.92,11.64,34.19,17.37,NA,NA,NA,0.56,NA,NA,NA,NA,NA,NA,NA,NA,NA,NA,NA,0.00,NA,NA,NA
2025-09-03 09:00:00,22.34,47.22,10.47,37.32,17.48,NA,NA,NA,0.60,NA,NA,NA,NA,NA,NA,NA,NA,NA,NA,NA,0.00,NA,NA,NA
2025-09-03 10:00:00,28.18,63.40,8.62,43.01,17.88,NA,NA,NA,0.59,NA,NA,NA,NA,NA,NA,NA,NA,NA,NA,NA,0.00,NA,NA,NA
2025-09-03 11:00:00,34.02,85.04,8.76,57.71,22.12,NA,NA,NA,0.69,NA,NA,NA,NA,NA,NA,NA,NA,NA,NA,NA,0.00,NA,NA,NA
2025-09-03 12:00:00,42.13,82.53,8.74,44.86,18.46,NA,NA,NA,0.54,NA,NA,NA,NA,NA,NA,NA,NA,NA,NA,NA,0.00,NA,NA,NA
2025-09-03 13:00:00,24.64,65.78,7.31,40.30,16.24,NA,NA,NA,0.55,NA,NA,NA,NA,NA,NA,NA,NA,NA,NA,NA,0.00,NA,NA,NA
2025-09-03 14:00:00,9.31,55.14,8.49,50.60,19.93,NA,NA,NA,0.51,NA,NA,NA,NA,NA,NA,NA,NA,NA,NA,NA,0.00,NA,NA,NA
2025-09-03 15:00:00,19.46,44.68,15.05,62.53,27.64,NA,NA,NA,0.55,NA,NA,NA,NA,NA,NA,NA,NA,NA,NA,NA,0.00,NA,NA,NA
2025-09-03 16:00:00,1.36,10.73,24.60,72.77,36.85,NA,NA,NA,0.71,NA,NA,NA,NA,NA,NA,NA,NA,NA,NA,NA,0.00,NA,NA,NA
2025-09-03 17:00:00,2.37,11.90,27.06,91.49,43.77,NA,NA,NA,1.05,NA,NA,NA,NA,NA,NA,NA,NA,NA,NA,NA,0.00,NA,NA,NA
2025-09-03 18:00:00,13.23,28.37,24.66,90.09,41.80,NA,NA,NA,1.38,NA,NA,NA,NA,NA,NA,NA,NA,NA,NA,NA,0.00,NA,NA,NA
2025-09-03 19:00:00,23.45,33.32,26.37,78.66,39.69,NA,NA,NA,1.19,NA,NA,NA,NA,NA,NA,NA,NA,NA,NA,NA,0.00,NA,NA,NA
2025-09-03 20:00:00,21.69,33.70,47.43,74.80,52.52,NA,NA,NA,1.55,NA,NA,NA,NA,NA,NA,NA,NA,NA,NA,NA,0.00,NA,NA,NA
2025-09-03 21:00:00,20.29,46.90,45.22,69.98,49.68,NA,NA,NA,1.56,NA,NA,NA,NA,NA,NA,NA,NA,NA,NA,NA,0.00,NA,NA,NA
2025-09-03 22:00:00,14.28,37.08,33.15,64.15,40.06,NA,NA,NA,1.18,NA,NA,NA,NA,NA,NA,NA,NA,NA,NA,NA,0.00,NA,NA,NA
2025-09-03 23:00:00,15.65,38.98,42.30,60.78,45.15,NA,NA,NA,1.25,NA,NA,NA,NA,NA,NA,NA,NA,NA,NA,NA,0.00,NA,NA,NA
2025-09-04 00:00:00,12.44,33.42,37.59,58.99,41.54,NA,NA,NA,1.23,NA,NA,NA,NA,NA,NA,NA,NA,NA,NA,NA,0.00,NA,NA,NA
2025-09-04 01:00:00,29.74,48.11,39.17,52.63,40.78,NA,NA,NA,1.42,NA,NA,NA,NA,NA,NA,NA,NA,NA,NA,NA,0.00,NA,NA,NA
2025-09-04 02:00:00,27.38,48.29,24.67,47.41,29.72,NA,NA,NA,0.80,NA,NA,NA,NA,NA,NA,NA,NA,NA,NA,NA,0.00,NA,NA,NA
2025-09-04 03:00:00,19.39,41.70,26.64,42.04,29.51,NA,NA,NA,0.77,NA,NA,NA,NA,NA,NA,NA,NA,NA,NA,NA,0.00,NA,NA,NA
2025-09-04 04:00:00,16.98,49.24,24.05,42.53,27.93,NA,NA,NA,0.70,NA,NA,NA,NA,NA,NA,NA,NA,NA,NA,NA,0.00,NA,NA,NA
2025-09-04 05:00:00,11.65,38.29,25.36,43.10,28.96,NA,NA,NA,0.68,NA,NA,NA,NA,NA,NA,NA,NA,NA,NA,NA,0.00,NA,NA,NA
2025-09-04 06:00:00,16.17,28.76,42.30,58.20,44.43,NA,NA,NA,0.80,NA,NA,NA,NA,NA,NA,NA,NA,NA,NA,NA,0.00,NA,NA,NA
2025-09-04 07:00:00,26.81,38.65,38.11,62.96,43.00,NA,NA,NA,0.84,NA,NA,NA,NA,NA,NA,NA,NA,NA,NA,NA,0.00,NA,NA,NA
2025-09-04 08:00:00,30.80,47.56,29.49,66.87,38.40,NA,NA,NA,0.91,NA,NA,NA,NA,NA,NA,NA,NA,NA,NA,NA,0.00,NA,NA,NA
2025-09-04 09:00:00,31.44,65.66,15.85,57.00,26.59,NA,NA,NA,0.94,NA,NA,NA,NA,NA,NA,NA,NA,NA,NA,NA,0.00,NA,NA,NA
2025-09-04 10:00:00,34.78,69.20,10.99,44.57,19.87,NA,NA,NA,0.73,NA,NA,NA,NA,NA,NA,NA,NA,NA,NA,NA,0.00,NA,NA,NA
2025-09-04 11:00:00,26.70,93.72,8.68,34.19,15.41,NA,NA,NA,0.55,NA,NA,NA,NA,NA,NA,NA,NA,NA,NA,NA,0.00,NA,NA,NA
2025-09-04 12:00:00,29.77,104.22,8.66,35.58,15.79,NA,NA,NA,0.43,NA,NA,NA,NA,NA,NA,NA,NA,NA,NA,NA,0.00,NA,NA,NA
2025-09-04 13:00:00,26.56,61.28,8.35,40.56,17.00,NA,NA,NA,0.50,NA,NA,NA,NA,NA,NA,NA,NA,NA,NA,NA,0.00,NA,NA,NA
2025-09-04 14:00:00,21.96,62.32,8.69,55.56,21.46,NA,NA,NA,0.51,NA,NA,NA,NA,NA,NA,NA,NA,NA,NA,NA,0.00,NA,NA,NA
2025-09-04 15:00:00,25.33,65.14,8.26,59.05,22.17,NA,NA,NA,0.64,NA,NA,NA,NA,NA,NA,NA,NA,NA,NA,NA,0.00,NA,NA,NA
2025-09-04 16:00:00,19.06,54.85,6.84,64.04,22.64,NA,NA,NA,0.80,NA,NA,NA,NA,NA,NA,NA,NA,NA,NA,NA,0.00,NA,NA,NA
2025-09-04 17:00:00,32.16,91.06,8.10,54.92,20.89,NA,NA,NA,0.62,NA,NA,NA,NA,NA,NA,NA,NA,NA,NA,NA,0.00,NA,NA,NA
2025-09-04 18:00:00,15.43,36.60,20.09,90.96,39.01,NA,NA,NA,0.83,NA,NA,NA,NA,NA,NA,NA,NA,NA,NA,NA,0.00,NA,NA,NA
2025-09-04 19:00:00,4.55,13.18,29.64,99.19,47.66,NA,NA,NA,1.16,NA,NA,NA,NA,NA,NA,NA,NA,NA,NA,NA,0.00,NA,NA,NA
2025-09-04 20:00:00,14.24,27.66,43.71,89.75,54.30,NA,NA,NA,1.40,NA,NA,NA,NA,NA,NA,NA,NA,NA,NA,NA,0.00,NA,NA,NA
2025-09-04 21:00:00,24.26,47.86,39.33,78.53,48.20,NA,NA,NA,1.49,NA,NA,NA,NA,NA,NA,NA,NA,NA,NA,NA,0.00,NA,NA,NA
2025-09-04 22:00:00,28.66,64.42,37.40,77.51,46.65,NA,NA,NA,1.35,NA,NA,NA,NA,NA,NA,NA,NA,NA,NA,NA,0.00,NA,NA,NA
2025-09-04 23:00:00,31.12,75.34,29.41,72.46,39.94,NA,NA,NA,1.35,NA,NA,NA,NA,NA,NA,NA,NA,NA,NA,NA,0.00,NA,NA,NA
2025-09-05 00:00:00,25.92,63.74,15.56,64.45,28.52,NA,NA,NA,1.05,NA,NA,NA,NA,NA,NA,NA,NA,NA,NA,NA,0.00,NA,NA,NA
2025-09-05 01:00:00,25.35,57.54,17.08,70.19,31.15,NA,NA,NA,1.13,NA,NA,NA,NA,NA,NA,NA,NA,NA,NA,NA,0.00,NA,NA,NA
2025-09-05 02:00:00,34.80,70.98,19.74,74.23,34.06,NA,NA,NA,1.01,NA,NA,NA,NA,NA,NA,NA,NA,NA,NA,NA,0.00,NA,NA,NA
2025-09-05 03:00:00,40.44,72.51,28.67,65.37,37.44,NA,NA,NA,0.89,NA,NA,NA,NA,NA,NA,NA,NA,NA,NA,NA,0.00,NA,NA,NA
2025-09-05 04:00:00,20.06,51.29,19.01,63.61,30.56,NA,NA,NA,0.69,NA,NA,NA,NA,NA,NA,NA,NA,NA,NA,NA,0.00,NA,NA,NA
2025-09-05 05:00:00,3.98,41.13,13.71,42.01,20.95,NA,NA,NA,0.58,NA,NA,NA,NA,NA,NA,NA,NA,NA,NA,NA,0.00,NA,NA,NA
2025-09-05 06:00:00,8.17,49.84,24.78,60.36,33.46,NA,NA,NA,0.72,NA,NA,NA,NA,NA,NA,NA,NA,NA,NA,NA,0.00,NA,NA,NA
2025-09-05 07:00:00,16.30,59.22,19.85,47.86,26.67,NA,NA,NA,0.72,NA,NA,NA,NA,NA,NA,NA,NA,NA,NA,NA,0.00,NA,NA,NA
2025-09-05 08:00:00,16.59,59.37,16.05,37.83,21.30,NA,NA,NA,0.56,NA,NA,NA,NA,NA,NA,NA,NA,NA,NA,NA,0.00,NA,NA,NA
2025-09-05 09:00:00,20.79,66.95,13.68,33.23,18.43,NA,NA,NA,0.61,NA,NA,NA,NA,NA,NA,NA,NA,NA,NA,NA,0.00,NA,NA,NA
2025-09-05 10:00:00,27.23,66.55,10.25,38.37,17.63,NA,NA,NA,0.60,NA,NA,NA,NA,NA,NA,NA,NA,NA,NA,NA,0.00,NA,NA,NA
2025-09-05 11:00:00,30.42,71.20,8.94,39.52,17.09,NA,NA,NA,0.57,NA,NA,NA,NA,NA,NA,NA,NA,NA,NA,NA,0.00,NA,NA,NA
2025-09-05 12:00:00,36.57,84.51,7.68,57.92,21.47,NA,NA,NA,NA,NA,NA,NA,NA,NA,NA,NA,NA,NA,NA,NA,0.00,NA,NA,NA
2025-09-05 13:00:00,33.30,93.26,9.16,92.25,32.15,NA,NA,NA,NA,NA,NA,NA,NA,NA,NA,NA,NA,NA,NA,NA,0.00,NA,NA,NA
2025-09-05 14:00:00,NA,NA,9.42,100.39,34.67,NA,NA,NA,1.00,NA,NA,NA,NA,NA,NA,NA,NA,NA,NA,NA,0.00,NA,NA,NA
2025-09-05 15:00:00,NA,NA,8.69,52.87,20.70,NA,NA,NA,0.85,NA,NA,NA,NA,NA,NA,NA,NA,NA,NA,NA,0.00,NA,NA,NA
2025-09-05 16:00:00,NA,NA,11.11,48.30,21.02,NA,NA,NA,0.77,NA,NA,NA,NA,NA,NA,NA,NA,NA,NA,NA,0.00,NA,NA,NA
2025-09-05 17:00:00,NA,NA,18.05,75.75,33.36,NA,NA,NA,0.41,NA,NA,NA,NA,NA,NA,NA,NA,NA,NA,NA,0.00,NA,NA,NA
2025-09-05 18:00:00,NA,NA,20.07,74.55,34.36,NA,NA,NA,0.67,NA,NA,NA,NA,NA,NA,NA,NA,NA,NA,NA,0.00,NA,NA,NA
2025-09-05 19:00:00,NA,29.00,20.40,81.51,36.54,NA,NA,NA,0.95,NA,NA,NA,NA,NA,NA,NA,NA,NA,NA,NA,0.00,NA,NA,NA
2025-09-05 20:00:00,NA,23.13,13.60,61.85,26.49,NA,NA,NA,0.92,NA,NA,NA,NA,NA,NA,NA,NA,NA,NA,NA,0.00,NA,NA,NA
2025-09-05 21:00:00,NA,47.11,28.26,68.07,37.94,NA,NA,NA,1.36,NA,NA,NA,NA,NA,NA,NA,NA,NA,NA,NA,0.00,NA,NA,NA
2025-09-05 22:00:00,6.32,63.48,17.16,74.26,32.36,NA,NA,NA,1.19,NA,NA,NA,NA,NA,NA,NA,NA,NA,NA,NA,0.00,NA,NA,NA
2025-09-05 23:00:00,10.80,58.58,18.16,61.26,29.34,NA,NA,NA,1.14,NA,NA,NA,NA,NA,NA,NA,NA,NA,NA,NA,0.00,NA,NA,NA
2025-09-06 00:00:00,0.23,65.68,18.79,50.99,26.85,NA,NA,NA,1.03,NA,NA,NA,NA,NA,NA,NA,NA,NA,NA,NA,0.00,NA,NA,NA
2025-09-06 01:00:00,7.99,68.46,13.62,40.44,20.44,NA,NA,NA,0.87,NA,NA,NA,NA,NA,NA,NA,NA,NA,NA,NA,0.00,NA,NA,NA
2025-09-06 02:00:00,26.52,66.26,13.23,39.82,20.01,NA,NA,NA,0.78,NA,NA,NA,NA,NA,NA,NA,NA,NA,NA,NA,0.00,NA,NA,NA
2025-09-06 03:00:00,8.05,59.02,11.20,47.92,20.96,NA,NA,NA,0.75,NA,NA,NA,NA,NA,NA,NA,NA,NA,NA,NA,0.00,NA,NA,NA
2025-09-06 04:00:00,8.32,61.38,13.53,43.48,21.25,NA,NA,NA,0.74,NA,NA,NA,NA,NA,NA,NA,NA,NA,NA,NA,0.00,NA,NA,NA
2025-09-06 05:00:00,21.00,79.88,13.56,40.32,20.37,NA,NA,NA,0.79,NA,NA,NA,NA,NA,NA,NA,NA,NA,NA,NA,0.00,NA,NA,NA
2025-09-06 06:00:00,26.88,104.70,16.14,42.61,22.72,NA,NA,NA,0.86,NA,NA,NA,NA,NA,NA,NA,NA,NA,NA,NA,0.00,NA,NA,NA
2025-09-06 07:00:00,31.00,121.24,16.53,40.33,22.34,NA,NA,NA,0.88,NA,NA,NA,NA,NA,NA,NA,NA,NA,NA,NA,0.00,NA,NA,NA
2025-09-06 08:00:00,30.33,111.05,13.43,34.73,18.71,NA,NA,NA,0.72,NA,NA,NA,NA,NA,NA,NA,NA,NA,NA,NA,0.00,NA,NA,NA
2025-09-06 09:00:00,30.08,88.49,13.12,34.16,18.34,NA,NA,NA,0.69,NA,NA,NA,NA,NA,NA,NA,NA,NA,NA,NA,0.00,NA,NA,NA
2025-09-06 10:00:00,23.11,77.79,10.49,32.16,16.04,NA,NA,NA,0.65,NA,NA,NA,NA,NA,NA,NA,NA,NA,NA,NA,0.00,NA,NA,NA
2025-09-06 11:00:00,33.18,72.39,8.50,28.59,13.71,NA,NA,NA,0.64,NA,NA,NA,NA,NA,NA,NA,NA,NA,NA,NA,0.00,NA,NA,NA
2025-09-06 12:00:00,28.35,65.86,7.63,26.33,12.49,NA,NA,NA,0.61,NA,NA,NA,NA,NA,NA,NA,NA,NA,NA,NA,0.00,NA,NA,NA
2025-09-06 13:00:00,22.28,64.48,7.53,29.30,13.27,NA,NA,NA,0.56,NA,NA,NA,NA,NA,NA,NA,NA,NA,NA,NA,0.00,NA,NA,NA
2025-09-06 14:00:00,21.72,65.12,8.01,31.55,14.22,NA,NA,NA,0.55,NA,NA,NA,NA,NA,NA,NA,NA,NA,NA,NA,0.00,NA,NA,NA
2025-09-06 15:00:00,16.75,68.48,7.68,29.27,13.36,NA,NA,NA,0.52,NA,NA,NA,NA,NA,NA,NA,NA,NA,NA,NA,0.00,NA,NA,NA
2025-09-06 16:00:00,18.83,61.85,7.57,33.43,14.46,NA,NA,NA,0.51,NA,NA,NA,NA,NA,NA,NA,NA,NA,NA,NA,0.00,NA,NA,NA
2025-09-06 17:00:00,21.56,82.71,7.92,40.46,16.69,NA,NA,NA,0.61,NA,NA,NA,NA,NA,NA,NA,NA,NA,NA,NA,0.00,NA,NA,NA
2025-09-06 18:00:00,29.14,126.17,10.67,61.68,24.50,NA,NA,NA,0.84,NA,NA,NA,NA,NA,NA,NA,NA,NA,NA,NA,0.00,NA,NA,NA
2025-09-06 19:00:00,39.59,158.52,18.95,83.31,36.10,NA,NA,NA,1.25,NA,NA,NA,NA,NA,NA,NA,NA,NA,NA,NA,0.00,NA,NA,NA
2025-09-06 20:00:00,33.14,162.93,19.79,77.12,34.90,NA,NA,NA,1.51,NA,NA,NA,NA,NA,NA,NA,NA,NA,NA,NA,0.00,NA,NA,NA
2025-09-06 21:00:00,32.19,124.37,24.94,73.20,37.20,NA,NA,NA,1.64,NA,NA,NA,NA,NA,NA,NA,NA,NA,NA,NA,0.00,NA,NA,NA
2025-09-06 22:00:00,39.42,156.61,22.27,63.83,32.78,NA,NA,NA,1.66,NA,NA,NA,NA,NA,NA,NA,NA,NA,NA,NA,0.00,NA,NA,NA
2025-09-06 23:00:00,36.20,139.47,16.67,54.18,26.34,NA,NA,NA,1.28,NA,NA,NA,NA,NA,NA,NA,NA,NA,NA,NA,0.00,NA,NA,NA
2025-09-07 00:00:00,33.20,115.26,13.46,49.63,22.94,NA,NA,NA,1.01,NA,NA,NA,NA,NA,NA,NA,NA,NA,NA,NA,0.00,NA,NA,NA
2025-09-07 01:00:00,28.19,101.20,12.09,40.11,19.34,NA,NA,NA,0.86,NA,NA,NA,NA,NA,NA,NA,NA,NA,NA,NA,0.00,NA,NA,NA
2025-09-07 02:00:00,29.62,91.11,13.59,42.81,21.10,NA,NA,NA,0.83,NA,NA,NA,NA,NA,NA,NA,NA,NA,NA,NA,0.00,NA,NA,NA
2025-09-07 03:00:00,25.47,92.72,12.94,39.39,19.70,NA,NA,NA,0.78,NA,NA,NA,NA,NA,NA,NA,NA,NA,NA,NA,0.00,NA,NA,NA
2025-09-07 04:00:00,30.60,88.21,14.96,40.74,21.42,NA,NA,NA,0.77,NA,NA,NA,NA,NA,NA,NA,NA,NA,NA,NA,0.00,NA,NA,NA
2025-09-07 05:00:00,23.06,82.50,14.69,37.85,20.42,NA,NA,NA,0.81,NA,NA,NA,NA,NA,NA,NA,NA,NA,NA,NA,0.00,NA,NA,NA
2025-09-07 06:00:00,26.49,80.15,18.09,36.50,22.29,NA,NA,NA,0.92,NA,NA,NA,NA,NA,NA,NA,NA,NA,NA,NA,0.00,NA,NA,NA
2025-09-07 07:00:00,28.58,123.59,16.41,35.99,21.03,NA,NA,NA,0.82,NA,NA,NA,NA,NA,NA,NA,NA,NA,NA,NA,0.00,NA,NA,NA
2025-09-07 08:00:00,30.27,94.13,12.75,34.07,18.07,NA,NA,NA,0.71,NA,NA,NA,NA,NA,NA,NA,NA,NA,NA,NA,0.00,NA,NA,NA
2025-09-07 09:00:00,30.17,73.28,11.61,44.87,20.37,NA,NA,NA,0.64,NA,NA,NA,NA,NA,NA,NA,NA,NA,NA,NA,0.00,NA,NA,NA
2025-09-07 10:00:00,23.44,67.09,10.02,29.05,14.83,NA,NA,NA,0.61,NA,NA,NA,NA,NA,NA,NA,NA,NA,NA,NA,0.00,NA,NA,NA
2025-09-07 11:00:00,25.88,74.53,8.79,26.07,13.19,NA,NA,NA,0.52,NA,NA,NA,NA,NA,NA,NA,NA,NA,NA,NA,0.00,NA,NA,NA
2025-09-07 12:00:00,21.39,49.76,7.93,32.91,14.56,NA,NA,NA,0.49,NA,NA,NA,NA,NA,NA,NA,NA,NA,NA,NA,0.00,NA,NA,NA
2025-09-07 13:00:00,22.96,47.85,7.71,41.06,16.72,NA,NA,NA,0.45,NA,NA,NA,NA,NA,NA,NA,NA,NA,NA,NA,0.00,NA,NA,NA
2025-09-07 14:00:00,27.94,59.00,9.18,60.29,23.12,NA,NA,NA,0.53,NA,NA,NA,NA,NA,NA,NA,NA,NA,NA,NA,0.00,NA,NA,NA
2025-09-07 15:00:00,25.50,83.14,11.46,61.34,24.93,NA,NA,NA,0.73,NA,NA,NA,NA,NA,NA,NA,NA,NA,NA,NA,0.00,NA,NA,NA
2025-09-07 16:00:00,19.02,108.49,9.89,47.37,19.93,NA,NA,NA,0.80,NA,NA,NA,NA,NA,NA,NA,NA,NA,NA,NA,0.00,NA,NA,NA
2025-09-07 17:00:00,23.50,82.99,8.91,45.69,18.82,NA,NA,NA,0.73,NA,NA,NA,NA,NA,NA,NA,NA,NA,NA,NA,0.00,NA,NA,NA
2025-09-07 18:00:00,23.45,95.51,8.89,44.67,18.52,NA,NA,NA,0.72,NA,NA,NA,NA,NA,NA,NA,NA,NA,NA,NA,0.00,NA,NA,NA
2025-09-07 19:00:00,19.92,94.30,10.72,52.02,21.80,NA,NA,NA,0.92,NA,NA,NA,NA,NA,NA,NA,NA,NA,NA,NA,0.00,NA,NA,NA
2025-09-07 20:00:00,18.49,80.80,9.99,51.40,21.15,NA,NA,NA,0.93,NA,NA,NA,NA,NA,NA,NA,NA,NA,NA,NA,0.00,NA,NA,NA
2025-09-07 21:00:00,22.68,112.64,20.61,67.15,32.62,NA,NA,NA,1.22,NA,NA,NA,NA,NA,NA,NA,NA,NA,NA,NA,0.00,NA,NA,NA
2025-09-07 22:00:00,26.38,145.93,22.77,64.73,33.36,NA,NA,NA,1.27,NA,NA,NA,NA,NA,NA,NA,NA,NA,NA,NA,0.00,NA,NA,NA
2025-09-07 23:00:00,30.09,146.30,25.69,62.73,34.73,NA,NA,NA,1.21,NA,NA,NA,NA,NA,NA,NA,NA,NA,NA,NA,0.00,NA,NA,NA
2025-09-08 00:00:00,28.39,117.29,18.01,52.34,26.71,NA,NA,NA,1.02,NA,NA,NA,NA,NA,NA,NA,NA,NA,NA,NA,0.00,NA,NA,NA
2025-09-08 01:00:00,24.30,94.84,19.16,48.86,26.48,NA,NA,NA,0.99,NA,NA,NA,NA,NA,NA,NA,NA,NA,NA,NA,0.00,NA,NA,NA
2025-09-08 02:00:00,27.60,94.25,15.51,41.60,22.02,NA,NA,NA,1.03,NA,NA,NA,NA,NA,NA,NA,NA,NA,NA,NA,0.00,NA,NA,NA
2025-09-08 03:00:00,32.83,103.61,21.92,43.79,26.88,NA,NA,NA,1.02,NA,NA,NA,NA,NA,NA,NA,NA,NA,NA,NA,0.00,NA,NA,NA
2025-09-08 04:00:00,34.66,116.01,20.82,39.49,24.93,NA,NA,NA,1.04,NA,NA,NA,NA,NA,NA,NA,NA,NA,NA,NA,0.00,NA,NA,NA
2025-09-08 05:00:00,32.89,73.24,20.44,38.04,24.28,NA,NA,NA,1.01,NA,NA,NA,NA,NA,NA,NA,NA,NA,NA,NA,0.00,NA,NA,NA
2025-09-08 06:00:00,34.20,79.59,21.59,35.75,24.38,NA,NA,NA,0.98,NA,NA,NA,NA,NA,NA,NA,NA,NA,NA,NA,0.00,NA,NA,NA
2025-09-08 07:00:00,29.45,81.65,20.04,33.46,22.71,NA,NA,NA,0.99,NA,NA,NA,NA,NA,NA,NA,NA,NA,NA,NA,0.00,NA,NA,NA
2025-09-08 08:00:00,19.47,69.29,15.96,35.48,20.58,NA,NA,NA,0.79,NA,NA,NA,NA,NA,NA,NA,NA,NA,NA,NA,0.00,NA,NA,NA
2025-09-08 09:00:00,21.65,66.53,12.62,29.40,16.66,NA,NA,NA,0.69,NA,NA,NA,NA,NA,NA,NA,NA,NA,NA,NA,0.00,NA,NA,NA
2025-09-08 10:00:00,16.91,63.32,10.32,30.28,15.38,NA,NA,NA,0.63,NA,NA,NA,NA,NA,NA,NA,NA,NA,NA,NA,0.00,NA,NA,NA
2025-09-08 11:00:00,20.76,68.49,8.99,34.54,15.71,NA,NA,NA,0.62,NA,NA,NA,NA,NA,NA,NA,NA,NA,NA,NA,0.00,NA,NA,NA
2025-09-08 12:00:00,22.56,54.50,8.21,33.08,14.79,NA,NA,NA,0.52,NA,NA,NA,NA,NA,NA,NA,NA,NA,NA,NA,0.00,NA,NA,NA
2025-09-08 13:00:00,16.58,52.35,7.80,55.30,20.80,NA,NA,NA,0.47,NA,NA,NA,NA,NA,NA,NA,NA,NA,NA,NA,0.00,NA,NA,NA
2025-09-08 14:00:00,22.53,53.54,8.71,82.47,29.10,NA,NA,NA,0.41,NA,NA,NA,NA,NA,NA,NA,NA,NA,NA,NA,0.00,NA,NA,NA
2025-09-08 15:00:00,16.38,49.67,8.55,91.61,31.57,NA,NA,NA,0.38,NA,NA,NA,NA,NA,NA,NA,NA,NA,NA,NA,0.00,NA,NA,NA
2025-09-08 16:00:00,9.16,41.54,7.93,107.89,35.77,NA,NA,NA,0.43,NA,NA,NA,NA,NA,NA,NA,NA,NA,NA,NA,0.00,NA,NA,NA
2025-09-08 17:00:00,9.94,51.71,7.16,92.86,31.01,NA,NA,NA,0.50,NA,NA,NA,NA,NA,NA,NA,NA,NA,NA,NA,0.00,NA,NA,NA
2025-09-08 18:00:00,11.12,64.36,7.24,73.46,25.58,NA,NA,NA,0.57,NA,NA,NA,NA,NA,NA,NA,NA,NA,NA,NA,0.00,NA,NA,NA
2025-09-08 19:00:00,11.09,73.72,10.84,95.80,34.27,NA,NA,NA,0.73,NA,NA,NA,NA,NA,NA,NA,NA,NA,NA,NA,0.00,NA,NA,NA
2025-09-08 20:00:00,19.47,106.44,25.21,99.79,44.90,NA,NA,NA,1.08,NA,NA,NA,NA,NA,NA,NA,NA,NA,NA,NA,0.00,NA,NA,NA
2025-09-08 21:00:00,18.44,124.76,30.01,89.91,45.30,NA,NA,NA,1.17,NA,NA,NA,NA,NA,NA,NA,NA,NA,NA,NA,0.00,NA,NA,NA
2025-09-08 22:00:00,41.06,255.16,76.68,89.59,76.03,NA,NA,NA,1.77,NA,NA,NA,NA,NA,NA,NA,NA,NA,NA,NA,0.00,NA,NA,NA
2025-09-08 23:00:00,43.86,249.24,93.22,88.30,86.60,NA,NA,NA,1.78,NA,NA,NA,NA,NA,NA,NA,NA,NA,NA,NA,0.00,NA,NA,NA
2025-09-09 00:00:00,42.25,219.45,57.17,82.23,61.04,NA,NA,NA,1.47,NA,NA,NA,NA,NA,NA,NA,NA,NA,NA,NA,0.00,NA,NA,NA
2025-09-09 01:00:00,32.24,145.29,23.66,66.38,34.41,NA,NA,NA,0.95,NA,NA,NA,NA,NA,NA,NA,NA,NA,NA,NA,0.00,NA,NA,NA
2025-09-09 02:00:00,24.38,94.78,28.34,64.98,37.10,NA,NA,NA,0.83,NA,NA,NA,NA,NA,NA,NA,NA,NA,NA,NA,0.00,NA,NA,NA
2025-09-09 03:00:00,24.21,87.17,32.40,71.93,41.77,NA,NA,NA,0.72,NA,NA,NA,NA,NA,NA,NA,NA,NA,NA,NA,0.00,NA,NA,NA
2025-09-09 04:00:00,19.54,87.58,20.32,49.80,27.52,NA,NA,NA,0.71,NA,NA,NA,NA,NA,NA,NA,NA,NA,NA,NA,0.00,NA,NA,NA
2025-09-09 05:00:00,22.26,85.41,20.98,47.53,27.32,NA,NA,NA,0.67,NA,NA,NA,NA,NA,NA,NA,NA,NA,NA,NA,0.00,NA,NA,NA
2025-09-09 06:00:00,22.53,106.51,28.88,55.66,34.83,NA,NA,NA,0.88,NA,NA,NA,NA,NA,NA,NA,NA,NA,NA,NA,0.00,NA,NA,NA
2025-09-09 07:00:00,15.28,118.75,20.80,47.10,27.07,NA,NA,NA,0.79,NA,NA,NA,NA,NA,NA,NA,NA,NA,NA,NA,0.00,NA,NA,NA
2025-09-09 08:00:00,11.63,100.38,18.43,47.24,25.54,NA,NA,NA,0.64,NA,NA,NA,NA,NA,NA,NA,NA,NA,NA,NA,0.00,NA,NA,NA
2025-09-09 09:00:00,32.13,115.74,15.55,43.44,22.58,NA,NA,NA,0.55,NA,NA,NA,NA,NA,NA,NA,NA,NA,NA,NA,0.00,NA,NA,NA
2025-09-09 10:00:00,28.97,125.59,12.97,40.58,20.06,NA,NA,NA,0.49,NA,NA,NA,NA,NA,NA,NA,NA,NA,NA,NA,0.00,NA,NA,NA
2025-09-09 11:00:00,34.88,117.90,10.49,34.91,16.80,NA,NA,NA,0.48,NA,NA,NA,NA,NA,NA,NA,NA,NA,NA,NA,0.00,NA,NA,NA
2025-09-09 12:00:00,42.15,109.82,10.57,33.28,16.41,NA,NA,NA,0.44,NA,NA,NA,NA,NA,NA,NA,NA,NA,NA,NA,0.00,NA,NA,NA
2025-09-09 13:00:00,28.46,92.67,11.89,44.30,20.39,NA,NA,NA,0.45,NA,NA,NA,NA,NA,NA,NA,NA,NA,NA,NA,0.00,NA,NA,NA
2025-09-09 14:00:00,24.66,97.34,9.83,34.16,16.17,NA,NA,NA,0.43,NA,NA,NA,NA,NA,NA,NA,NA,NA,NA,NA,0.00,NA,NA,NA
2025-09-09 15:00:00,25.86,85.86,9.68,36.19,16.64,NA,NA,NA,0.36,NA,NA,NA,NA,NA,NA,NA,NA,NA,NA,NA,0.00,NA,NA,NA
2025-09-09 16:00:00,19.82,83.15,8.64,30.42,14.32,NA,NA,NA,0.31,NA,NA,NA,NA,NA,NA,NA,NA,NA,NA,NA,0.00,NA,NA,NA
2025-09-09 17:00:00,12.54,67.08,8.39,35.34,15.55,NA,NA,NA,0.32,NA,NA,NA,NA,NA,NA,NA,NA,NA,NA,NA,0.00,NA,NA,NA
2025-09-09 18:00:00,14.34,59.25,8.88,51.23,20.37,NA,NA,NA,0.45,NA,NA,NA,NA,NA,NA,NA,NA,NA,NA,NA,0.00,NA,NA,NA
2025-09-09 19:00:00,12.41,74.16,7.27,45.29,17.62,NA,NA,NA,0.58,NA,NA,NA,NA,NA,NA,NA,NA,NA,NA,NA,0.00,NA,NA,NA
2025-09-09 20:00:00,16.46,63.31,6.75,36.11,14.67,NA,NA,NA,0.59,NA,NA,NA,NA,NA,NA,NA,NA,NA,NA,NA,0.00,NA,NA,NA
2025-09-09 21:00:00,20.63,71.34,7.02,38.12,15.43,NA,NA,NA,0.56,NA,NA,NA,NA,NA,NA,NA,NA,NA,NA,NA,0.00,NA,NA,NA
2025-09-09 22:00:00,16.76,58.67,6.31,37.66,14.82,NA,NA,NA,0.56,NA,NA,NA,NA,NA,NA,NA,NA,NA,NA,NA,0.00,NA,NA,NA
2025-09-09 23:00:00,18.99,57.36,6.73,39.77,15.70,NA,NA,NA,0.49,NA,NA,NA,NA,NA,NA,NA,NA,NA,NA,NA,0.00,NA,NA,NA
2025-09-10 00:00:00,14.26,42.71,6.55,37.16,14.84,NA,NA,NA,0.49,NA,NA,NA,NA,NA,NA,NA,NA,NA,NA,NA,0.00,NA,NA,NA
2025-09-10 01:00:00,19.00,50.21,7.18,33.96,14.35,NA,NA,NA,0.45,NA,NA,NA,NA,NA,NA,NA,NA,NA,NA,NA,0.00,NA,NA,NA
2025-09-10 02:00:00,18.58,50.84,7.38,43.56,17.20,NA,NA,NA,0.54,NA,NA,NA,NA,NA,NA,NA,NA,NA,NA,NA,0.00,NA,NA,NA
2025-09-10 03:00:00,15.11,45.97,7.57,40.13,16.36,NA,NA,NA,0.48,NA,NA,NA,NA,NA,NA,NA,NA,NA,NA,NA,0.00,NA,NA,NA
2025-09-10 04:00:00,15.26,37.62,6.72,27.55,12.24,NA,NA,NA,0.44,NA,NA,NA,NA,NA,NA,NA,NA,NA,NA,NA,0.00,NA,NA,NA
2025-09-10 05:00:00,11.71,47.02,7.62,32.37,14.20,NA,NA,NA,0.49,NA,NA,NA,NA,NA,NA,NA,NA,NA,NA,NA,0.00,NA,NA,NA
2025-09-10 06:00:00,18.26,52.14,9.27,31.58,15.06,NA,NA,NA,0.54,NA,NA,NA,NA,NA,NA,NA,NA,NA,NA,NA,0.00,NA,NA,NA
2025-09-10 07:00:00,9.65,49.08,10.07,29.58,15.02,NA,NA,NA,0.50,NA,NA,NA,NA,NA,NA,NA,NA,NA,NA,NA,0.00,NA,NA,NA
2025-09-10 08:00:00,10.97,50.08,8.66,25.44,12.92,NA,NA,NA,0.43,NA,NA,NA,NA,NA,NA,NA,NA,NA,NA,NA,0.00,NA,NA,NA
2025-09-10 09:00:00,20.95,76.40,8.96,28.57,14.01,NA,NA,NA,0.41,NA,NA,NA,NA,NA,NA,NA,NA,NA,NA,NA,0.00,NA,NA,NA
2025-09-10 10:00:00,29.54,95.70,8.55,30.17,14.19,NA,NA,NA,0.37,NA,NA,NA,NA,NA,NA,NA,NA,NA,NA,NA,0.00,NA,NA,NA
2025-09-10 11:00:00,30.62,105.03,7.10,22.69,11.12,NA,NA,NA,0.33,NA,NA,NA,NA,NA,NA,NA,NA,NA,NA,NA,0.00,NA,NA,NA
2025-09-10 12:00:00,35.62,103.38,8.07,25.36,12.52,NA,NA,NA,0.32,NA,NA,NA,NA,NA,NA,NA,NA,NA,NA,NA,0.00,NA,NA,NA
2025-09-10 13:00:00,30.56,94.92,7.79,25.39,12.33,NA,NA,NA,0.29,NA,NA,NA,NA,NA,NA,NA,NA,NA,NA,NA,0.00,NA,NA,NA
2025-09-10 14:00:00,29.33,97.70,7.32,28.53,12.91,NA,NA,NA,0.24,NA,NA,NA,NA,NA,NA,NA,NA,NA,NA,NA,0.00,NA,NA,NA
2025-09-10 15:00:00,28.18,104.79,8.20,32.96,14.74,NA,NA,NA,0.19,NA,NA,NA,NA,NA,NA,NA,NA,NA,NA,NA,0.00,NA,NA,NA
2025-09-10 16:00:00,29.82,99.78,7.17,36.78,15.14,NA,NA,NA,0.23,NA,NA,NA,NA,NA,NA,NA,NA,NA,NA,NA,0.00,NA,NA,NA
2025-09-10 17:00:00,21.38,85.84,6.76,39.69,15.70,NA,NA,NA,0.23,NA,NA,NA,NA,NA,NA,NA,NA,NA,NA,NA,0.00,NA,NA,NA
2025-09-10 18:00:00,14.59,73.77,6.47,44.08,16.75,NA,NA,NA,0.31,NA,NA,NA,NA,NA,NA,NA,NA,NA,NA,NA,0.00,NA,NA,NA
2025-09-10 19:00:00,16.67,79.71,6.15,45.66,16.98,NA,NA,NA,0.36,NA,NA,NA,NA,NA,NA,NA,NA,NA,NA,NA,0.00,NA,NA,NA
2025-09-10 20:00:00,19.47,77.22,7.05,46.54,17.82,NA,NA,NA,0.25,NA,NA,NA,NA,NA,NA,NA,NA,NA,NA,NA,0.00,NA,NA,NA
2025-09-10 21:00:00,17.09,73.91,7.43,47.42,18.33,NA,NA,NA,0.23,NA,NA,NA,NA,NA,NA,NA,NA,NA,NA,NA,0.00,NA,NA,NA
2025-09-10 22:00:00,20.38,73.40,6.26,42.40,16.14,NA,NA,NA,0.28,NA,NA,NA,NA,NA,NA,NA,NA,NA,NA,NA,0.00,NA,NA,NA
2025-09-10 23:00:00,21.72,72.46,7.38,54.49,20.30,NA,NA,NA,0.36,NA,NA,NA,NA,NA,NA,NA,NA,NA,NA,NA,0.00,NA,NA,NA
2025-09-11 00:00:00,24.60,76.96,7.62,57.08,21.19,NA,NA,NA,0.22,NA,NA,NA,NA,NA,NA,NA,NA,NA,NA,NA,0.00,NA,NA,NA
2025-09-11 01:00:00,22.58,62.43,7.31,50.60,19.14,NA,NA,NA,0.16,NA,NA,NA,NA,NA,NA,NA,NA,NA,NA,NA,0.00,NA,NA,NA
2025-09-11 02:00:00,16.63,66.11,7.36,56.75,20.92,NA,NA,NA,0.19,NA,NA,NA,NA,NA,NA,NA,NA,NA,NA,NA,0.00,NA,NA,NA
2025-09-11 03:00:00,21.69,72.20,8.69,56.32,21.67,NA,NA,NA,0.22,NA,NA,NA,NA,NA,NA,NA,NA,NA,NA,NA,0.00,NA,NA,NA
2025-09-11 04:00:00,36.98,87.78,7.40,42.22,16.84,NA,NA,NA,0.26,NA,NA,NA,NA,NA,NA,NA,NA,NA,NA,NA,0.00,NA,NA,NA
2025-09-11 05:00:00,14.11,76.29,12.76,42.22,20.38,NA,NA,NA,0.28,NA,NA,NA,NA,NA,NA,NA,NA,NA,NA,NA,0.00,NA,NA,NA
2025-09-11 06:00:00,13.00,77.44,12.26,44.34,20.66,NA,NA,NA,0.33,NA,NA,NA,NA,NA,NA,NA,NA,NA,NA,NA,0.00,NA,NA,NA
2025-09-11 07:00:00,26.36,87.99,11.12,38.21,18.15,NA,NA,NA,0.27,NA,NA,NA,NA,NA,NA,NA,NA,NA,NA,NA,0.00,NA,NA,NA
2025-09-11 08:00:00,14.78,75.94,10.66,34.20,16.72,NA,NA,NA,0.23,NA,NA,NA,NA,NA,NA,NA,NA,NA,NA,NA,0.00,NA,NA,NA
2025-09-11 09:00:00,24.64,103.45,10.20,30.94,15.50,NA,NA,NA,0.16,NA,NA,NA,NA,NA,NA,NA,NA,NA,NA,NA,0.00,NA,NA,NA
2025-09-11 10:00:00,29.64,105.57,8.72,31.20,14.59,NA,NA,NA,0.20,NA,NA,NA,NA,NA,NA,NA,NA,NA,NA,NA,0.00,NA,NA,NA
2025-09-11 11:00:00,31.72,114.45,7.31,26.80,12.42,NA,NA,NA,0.14,NA,NA,NA,NA,NA,NA,NA,NA,NA,NA,NA,0.00,NA,NA,NA
2025-09-11 12:00:00,42.04,106.16,7.16,25.59,11.98,NA,NA,NA,0.07,NA,NA,NA,NA,NA,NA,NA,NA,NA,NA,NA,0.00,NA,NA,NA
2025-09-11 13:00:00,25.95,107.21,8.07,28.63,13.44,NA,NA,NA,0.09,NA,NA,NA,NA,NA,NA,NA,NA,NA,NA,NA,0.00,NA,NA,NA
2025-09-11 14:00:00,25.70,92.09,6.70,24.04,11.23,NA,NA,NA,0.09,NA,NA,NA,NA,NA,NA,NA,NA,NA,NA,NA,0.00,NA,NA,NA
2025-09-11 15:00:00,27.72,93.16,7.01,27.94,12.54,NA,NA,NA,0.05,NA,NA,NA,NA,NA,NA,NA,NA,NA,NA,NA,0.00,NA,NA,NA
2025-09-11 16:00:00,29.32,113.64,7.41,31.80,13.89,NA,NA,NA,0.16,NA,NA,NA,NA,NA,NA,NA,NA,NA,NA,NA,0.00,NA,NA,NA
2025-09-11 17:00:00,28.62,117.65,7.52,40.39,16.39,NA,NA,NA,0.19,NA,NA,NA,NA,NA,NA,NA,NA,NA,NA,NA,0.00,NA,NA,NA
2025-09-11 18:00:00,17.95,101.07,6.62,41.48,16.12,NA,NA,NA,0.23,NA,NA,NA,NA,NA,NA,NA,NA,NA,NA,NA,0.00,NA,NA,NA
2025-09-11 19:00:00,23.23,114.75,9.30,56.18,22.05,NA,NA,NA,0.40,NA,NA,NA,NA,NA,NA,NA,NA,NA,NA,NA,0.00,NA,NA,NA
2025-09-11 20:00:00,30.98,153.27,11.13,68.77,26.81,NA,NA,NA,0.53,NA,NA,NA,NA,NA,NA,NA,NA,NA,NA,NA,0.00,NA,NA,NA
2025-09-11 21:00:00,28.93,128.37,11.23,64.96,25.80,NA,NA,NA,0.57,NA,NA,NA,NA,NA,NA,NA,NA,NA,NA,NA,0.00,NA,NA,NA
2025-09-11 22:00:00,29.30,123.34,12.80,62.27,26.08,NA,NA,NA,0.52,NA,NA,NA,NA,NA,NA,NA,NA,NA,NA,NA,0.00,NA,NA,NA
2025-09-11 23:00:00,32.64,103.88,13.87,64.57,27.44,NA,NA,NA,0.45,NA,NA,NA,NA,NA,NA,NA,NA,NA,NA,NA,0.00,NA,NA,NA
2025-09-12 00:00:00,23.64,108.92,19.36,61.35,30.16,NA,NA,NA,0.48,NA,NA,NA,NA,NA,NA,NA,NA,NA,NA,NA,0.00,NA,NA,NA
2025-09-12 01:00:00,32.61,97.00,16.27,57.53,27.03,NA,NA,NA,0.48,NA,NA,NA,NA,NA,NA,NA,NA,NA,NA,NA,0.00,NA,NA,NA
2025-09-12 02:00:00,26.48,92.68,20.86,59.26,30.56,NA,NA,NA,0.53,NA,NA,NA,NA,NA,NA,NA,NA,NA,NA,NA,0.00,NA,NA,NA
2025-09-12 03:00:00,25.04,90.48,13.47,47.87,22.44,NA,NA,NA,0.37,NA,NA,NA,NA,NA,NA,NA,NA,NA,NA,NA,0.00,NA,NA,NA
2025-09-12 04:00:00,26.92,72.23,11.45,43.25,19.81,NA,NA,NA,0.30,NA,NA,NA,NA,NA,NA,NA,NA,NA,NA,NA,0.00,NA,NA,NA
2025-09-12 05:00:00,19.86,72.03,20.44,49.10,27.40,NA,NA,NA,0.40,NA,NA,NA,NA,NA,NA,NA,NA,NA,NA,NA,0.00,NA,NA,NA
2025-09-12 06:00:00,26.90,112.72,32.54,50.95,35.93,NA,NA,NA,0.63,NA,NA,NA,NA,NA,NA,NA,NA,NA,NA,NA,0.00,NA,NA,NA
2025-09-12 07:00:00,25.28,112.98,19.67,42.97,25.16,NA,NA,NA,0.47,NA,NA,NA,NA,NA,NA,NA,NA,NA,NA,NA,0.00,NA,NA,NA
2025-09-12 08:00:00,18.38,103.46,16.57,36.91,21.39,NA,NA,NA,0.39,NA,NA,NA,NA,NA,NA,NA,NA,NA,NA,NA,0.00,NA,NA,NA
2025-09-12 09:00:00,27.52,100.62,13.26,33.36,18.20,NA,NA,NA,0.26,NA,NA,NA,NA,NA,NA,NA,NA,NA,NA,NA,0.00,NA,NA,NA
2025-09-12 10:00:00,29.22,101.23,13.32,34.92,18.68,NA,NA,NA,0.23,NA,NA,NA,NA,NA,NA,NA,NA,NA,NA,NA,0.00,NA,NA,NA
2025-09-12 11:00:00,33.70,110.48,8.12,33.90,14.96,NA,NA,NA,0.14,NA,NA,NA,NA,NA,NA,NA,NA,NA,NA,NA,0.00,NA,NA,NA
2025-09-12 12:00:00,45.62,117.06,10.78,27.77,14.98,NA,NA,NA,NA,NA,NA,NA,NA,NA,NA,NA,NA,NA,NA,NA,0.00,NA,NA,NA
2025-09-12 13:00:00,62.84,144.29,NA,NA,NA,NA,NA,NA,NA,NA,NA,NA,NA,NA,NA,NA,NA,NA,NA,NA,0.00,NA,NA,NA
2025-09-12 14:00:00,53.32,120.84,NA,NA,NA,NA,NA,NA,NA,NA,NA,NA,NA,NA,NA,NA,NA,NA,NA,NA,0.00,NA,NA,NA
2025-09-12 15:00:00,36.61,119.29,NA,NA,NA,NA,NA,NA,NA,NA,NA,NA,NA,NA,NA,NA,NA,NA,NA,NA,0.00,NA,NA,NA
2025-09-12 16:00:00,33.64,133.43,70.45,41.96,57.36,NA,NA,NA,0.35,NA,NA,NA,NA,NA,NA,NA,NA,NA,NA,NA,0.00,NA,NA,NA
2025-09-12 17:00:00,38.24,146.53,61.99,58.00,57.38,NA,NA,NA,0.29,NA,NA,NA,NA,NA,NA,NA,NA,NA,NA,NA,0.00,NA,NA,NA
2025-09-12 18:00:00,46.08,149.44,51.44,85.62,58.23,NA,NA,NA,0.49,NA,NA,NA,NA,NA,NA,NA,NA,NA,NA,NA,0.00,NA,NA,NA
2025-09-12 19:00:00,28.89,141.57,47.03,94.63,57.85,NA,NA,NA,0.77,NA,NA,NA,NA,NA,NA,NA,NA,NA,NA,NA,0.00,NA,NA,NA
2025-09-12 20:00:00,22.20,161.07,47.39,95.57,58.36,NA,NA,NA,1.06,NA,NA,NA,NA,NA,NA,NA,NA,NA,NA,NA,0.00,NA,NA,NA
2025-09-12 21:00:00,13.66,150.61,37.48,80.51,47.55,NA,NA,NA,1.01,NA,NA,NA,NA,NA,NA,NA,NA,NA,NA,NA,0.00,NA,NA,NA
2025-09-12 22:00:00,8.98,146.44,62.51,88.39,66.34,NA,NA,NA,1.19,NA,NA,NA,NA,NA,NA,NA,NA,NA,NA,NA,0.00,NA,NA,NA
2025-09-12 23:00:00,21.04,156.69,73.01,94.74,75.04,NA,NA,NA,1.31,NA,NA,NA,NA,NA,NA,NA,NA,NA,NA,NA,0.00,NA,NA,NA
2025-09-13 00:00:00,10.15,120.94,42.24,88.11,52.86,NA,NA,NA,0.88,NA,NA,NA,NA,NA,NA,NA,NA,NA,NA,NA,0.00,NA,NA,NA
2025-09-13 01:00:00,24.89,120.78,57.86,85.45,62.41,NA,NA,NA,0.97,NA,NA,NA,NA,NA,NA,NA,NA,NA,NA,NA,0.00,NA,NA,NA
2025-09-13 02:00:00,21.97,169.27,38.55,86.17,49.86,NA,NA,NA,0.96,NA,NA,NA,NA,NA,NA,NA,NA,NA,NA,NA,0.00,NA,NA,NA
2025-09-13 03:00:00,30.25,145.78,43.91,62.82,46.80,NA,NA,NA,1.08,NA,NA,NA,NA,NA,NA,NA,NA,NA,NA,NA,0.00,NA,NA,NA
2025-09-13 04:00:00,32.19,98.10,40.00,83.03,49.92,NA,NA,NA,1.06,NA,NA,NA,NA,NA,NA,NA,NA,NA,NA,NA,0.00,NA,NA,NA
2025-09-13 05:00:00,23.80,112.57,36.56,56.31,40.10,NA,NA,NA,0.85,NA,NA,NA,NA,NA,NA,NA,NA,NA,NA,NA,0.00,NA,NA,NA
2025-09-13 06:00:00,20.33,131.15,41.36,59.69,44.22,NA,NA,NA,0.92,NA,NA,NA,NA,NA,NA,NA,NA,NA,NA,NA,0.00,NA,NA,NA
2025-09-13 07:00:00,18.01,83.36,40.96,51.72,41.71,NA,NA,NA,0.84,NA,NA,NA,NA,NA,NA,NA,NA,NA,NA,NA,0.00,NA,NA,NA
2025-09-13 08:00:00,6.06,83.74,38.13,47.40,38.61,NA,NA,NA,0.80,NA,NA,NA,NA,NA,NA,NA,NA,NA,NA,NA,0.00,NA,NA,NA
2025-09-13 09:00:00,20.92,90.89,39.18,47.18,39.24,NA,NA,NA,0.70,NA,NA,NA,NA,NA,NA,NA,NA,NA,NA,NA,0.00,NA,NA,NA
2025-09-13 10:00:00,29.28,93.75,34.14,43.15,34.77,NA,NA,NA,0.66,NA,NA,NA,NA,NA,NA,NA,NA,NA,NA,NA,0.00,NA,NA,NA
2025-09-13 11:00:00,26.78,91.43,30.36,38.15,30.86,NA,NA,NA,0.60,NA,NA,NA,NA,NA,NA,NA,NA,NA,NA,NA,0.00,NA,NA,NA
2025-09-13 12:00:00,32.07,85.21,29.83,37.77,30.39,NA,NA,NA,0.58,NA,NA,NA,NA,NA,NA,NA,NA,NA,NA,NA,0.00,NA,NA,NA
2025-09-13 13:00:00,23.20,64.08,29.28,30.55,27.99,NA,NA,NA,0.53,NA,NA,NA,NA,NA,NA,NA,NA,NA,NA,NA,0.00,NA,NA,NA
2025-09-13 14:00:00,21.91,58.22,28.83,32.53,28.26,NA,NA,NA,0.47,NA,NA,NA,NA,NA,NA,NA,NA,NA,NA,NA,0.00,NA,NA,NA
2025-09-13 15:00:00,20.67,186.78,27.47,35.59,28.23,NA,NA,NA,0.48,NA,NA,NA,NA,NA,NA,NA,NA,NA,NA,NA,0.00,NA,NA,NA
2025-09-13 16:00:00,20.76,74.28,26.23,40.34,28.76,NA,NA,NA,0.54,NA,NA,NA,NA,NA,NA,NA,NA,NA,NA,NA,0.00,NA,NA,NA
2025-09-13 17:00:00,18.89,78.38,27.04,57.10,34.01,NA,NA,NA,0.67,NA,NA,NA,NA,NA,NA,NA,NA,NA,NA,NA,0.00,NA,NA,NA
2025-09-13 18:00:00,11.15,91.13,28.24,71.93,39.01,NA,NA,NA,0.84,NA,NA,NA,NA,NA,NA,NA,NA,NA,NA,NA,0.00,NA,NA,NA
2025-09-13 19:00:00,18.64,85.58,27.05,77.07,39.68,NA,NA,NA,0.90,NA,NA,NA,NA,NA,NA,NA,NA,NA,NA,NA,0.00,NA,NA,NA
2025-09-13 20:00:00,22.90,118.14,41.82,95.22,54.59,NA,NA,NA,1.26,NA,NA,NA,NA,NA,NA,NA,NA,NA,NA,NA,0.00,NA,NA,NA
2025-09-13 21:00:00,29.75,182.79,79.86,106.37,82.90,NA,NA,NA,1.72,NA,NA,NA,NA,NA,NA,NA,NA,NA,NA,NA,0.00,NA,NA,NA
2025-09-13 22:00:00,29.70,191.92,95.00,101.86,91.62,NA,NA,NA,2.11,NA,NA,NA,NA,NA,NA,NA,NA,NA,NA,NA,0.00,NA,NA,NA
2025-09-13 23:00:00,29.80,190.24,127.62,102.71,113.44,NA,NA,NA,2.37,NA,NA,NA,NA,NA,NA,NA,NA,NA,NA,NA,0.00,NA,NA,NA
2025-09-14 00:00:00,35.79,178.98,118.57,100.51,106.81,NA,NA,NA,2.21,NA,NA,NA,NA,NA,NA,NA,NA,NA,NA,NA,0.00,NA,NA,NA
2025-09-14 01:00:00,36.32,175.45,101.85,89.06,92.51,NA,NA,NA,1.92,NA,NA,NA,NA,NA,NA,NA,NA,NA,NA,NA,0.00,NA,NA,NA
2025-09-14 02:00:00,36.35,154.46,116.70,88.15,102.10,NA,NA,NA,1.86,NA,NA,NA,NA,NA,NA,NA,NA,NA,NA,NA,0.00,NA,NA,NA
2025-09-14 03:00:00,34.47,158.90,143.57,92.12,120.97,NA,NA,NA,1.88,NA,NA,NA,NA,NA,NA,NA,NA,NA,NA,NA,0.00,NA,NA,NA
2025-09-14 04:00:00,39.34,164.58,102.00,107.45,97.80,NA,NA,NA,1.72,NA,NA,NA,NA,NA,NA,NA,NA,NA,NA,NA,0.00,NA,NA,NA
2025-09-14 05:00:00,23.80,140.00,77.36,89.17,76.36,NA,NA,NA,1.73,NA,NA,NA,NA,NA,NA,NA,NA,NA,NA,NA,0.00,NA,NA,NA
2025-09-14 06:00:00,49.32,190.24,71.64,69.04,66.88,NA,NA,NA,1.80,NA,NA,NA,NA,NA,NA,NA,NA,NA,NA,NA,0.00,NA,NA,NA
2025-09-14 07:00:00,52.49,222.54,74.00,66.62,67.76,NA,NA,NA,1.97,NA,NA,NA,NA,NA,NA,NA,NA,NA,NA,NA,0.00,NA,NA,NA
2025-09-14 08:00:00,35.95,183.12,45.18,68.93,49.37,NA,NA,NA,1.75,NA,NA,NA,NA,NA,NA,NA,NA,NA,NA,NA,0.00,NA,NA,NA
2025-09-14 09:00:00,46.57,120.33,38.21,59.26,42.02,NA,NA,NA,1.19,NA,NA,NA,NA,NA,NA,NA,NA,NA,NA,NA,0.00,NA,NA,NA
2025-09-14 10:00:00,21.26,87.77,36.52,52.06,38.87,NA,NA,NA,0.84,NA,NA,NA,NA,NA,NA,NA,NA,NA,NA,NA,0.00,NA,NA,NA
2025-09-14 11:00:00,33.60,103.41,31.73,76.28,42.56,NA,NA,NA,0.74,NA,NA,NA,NA,NA,NA,NA,NA,NA,NA,NA,0.00,NA,NA,NA
2025-09-14 12:00:00,28.85,88.96,30.95,52.02,35.19,NA,NA,NA,0.73,NA,NA,NA,NA,NA,NA,NA,NA,NA,NA,NA,0.00,NA,NA,NA
2025-09-14 13:00:00,23.99,75.77,31.27,56.26,36.59,NA,NA,NA,0.74,NA,NA,NA,NA,NA,NA,NA,NA,NA,NA,NA,0.00,NA,NA,NA
2025-09-14 14:00:00,20.12,73.52,28.49,41.09,30.46,NA,NA,NA,0.68,NA,NA,NA,NA,NA,NA,NA,NA,NA,NA,NA,0.00,NA,NA,NA
2025-09-14 15:00:00,21.45,91.99,27.48,47.97,31.73,NA,NA,NA,0.70,NA,NA,NA,NA,NA,NA,NA,NA,NA,NA,NA,0.00,NA,NA,NA
2025-09-14 16:00:00,26.79,88.87,27.43,48.77,31.93,NA,NA,NA,0.75,NA,NA,NA,NA,NA,NA,NA,NA,NA,NA,NA,0.00,NA,NA,NA
2025-09-14 17:00:00,21.86,95.09,24.88,57.11,32.60,NA,NA,NA,0.81,NA,NA,NA,NA,NA,NA,NA,NA,NA,NA,NA,0.00,NA,NA,NA
2025-09-14 18:00:00,23.44,115.83,24.78,75.88,37.84,NA,NA,NA,0.94,NA,NA,NA,NA,NA,NA,NA,NA,NA,NA,NA,0.00,NA,NA,NA
2025-09-14 19:00:00,27.12,127.90,28.54,89.25,44.12,NA,NA,NA,1.12,NA,NA,NA,NA,NA,NA,NA,NA,NA,NA,NA,0.00,NA,NA,NA
2025-09-14 20:00:00,30.76,139.57,27.69,97.33,45.84,NA,NA,NA,1.16,NA,NA,NA,NA,NA,NA,NA,NA,NA,NA,NA,0.00,NA,NA,NA
2025-09-14 21:00:00,27.77,147.96,31.55,107.39,51.24,NA,NA,NA,1.20,NA,NA,NA,NA,NA,NA,NA,NA,NA,NA,NA,0.00,NA,NA,NA
2025-09-14 22:00:00,32.94,145.88,59.03,113.20,71.05,NA,NA,NA,1.55,NA,NA,NA,NA,NA,NA,NA,NA,NA,NA,NA,0.00,NA,NA,NA
2025-09-14 23:00:00,35.54,146.19,71.53,120.31,81.32,NA,NA,NA,1.51,NA,NA,NA,NA,NA,NA,NA,NA,NA,NA,NA,0.00,NA,NA,NA
2025-09-15 00:00:00,38.25,143.67,62.78,117.67,74.80,NA,NA,NA,1.37,NA,NA,NA,NA,NA,NA,NA,NA,NA,NA,NA,0.00,NA,NA,NA
2025-09-15 01:00:00,45.28,184.19,60.08,97.71,67.36,NA,NA,NA,1.66,NA,NA,NA,NA,NA,NA,NA,NA,NA,NA,NA,0.00,NA,NA,NA
2025-09-15 02:00:00,47.20,189.78,65.20,94.11,69.72,NA,NA,NA,1.69,NA,NA,NA,NA,NA,NA,NA,NA,NA,NA,NA,0.00,NA,NA,NA
2025-09-15 03:00:00,49.62,171.51,60.37,93.34,66.31,NA,NA,NA,1.50,NA,NA,NA,NA,NA,NA,NA,NA,NA,NA,NA,0.00,NA,NA,NA
2025-09-15 04:00:00,41.20,150.88,35.77,81.20,46.61,NA,NA,NA,1.58,NA,NA,NA,NA,NA,NA,NA,NA,NA,NA,NA,0.00,NA,NA,NA
2025-09-15 05:00:00,46.81,126.31,35.47,54.11,38.76,NA,NA,NA,1.35,NA,NA,NA,NA,NA,NA,NA,NA,NA,NA,NA,0.00,NA,NA,NA
2025-09-15 06:00:00,37.76,91.43,38.68,54.13,40.88,NA,NA,NA,1.21,NA,NA,NA,NA,NA,NA,NA,NA,NA,NA,NA,0.00,NA,NA,NA
2025-09-15 07:00:00,21.41,109.67,38.73,53.66,40.77,NA,NA,NA,1.12,NA,NA,NA,NA,NA,NA,NA,NA,NA,NA,NA,0.00,NA,NA,NA
2025-09-15 08:00:00,9.64,89.34,35.75,49.91,37.75,NA,NA,NA,0.88,NA,NA,NA,NA,NA,NA,NA,NA,NA,NA,NA,0.00,NA,NA,NA
2025-09-15 09:00:00,27.35,100.15,36.21,46.24,37.02,NA,NA,NA,0.75,NA,NA,NA,NA,NA,NA,NA,NA,NA,NA,NA,0.00,NA,NA,NA
2025-09-15 10:00:00,28.04,101.26,33.94,43.56,34.76,NA,NA,NA,0.70,NA,NA,NA,NA,NA,NA,NA,NA,NA,NA,NA,0.00,NA,NA,NA
2025-09-15 11:00:00,31.85,108.40,30.71,36.02,30.49,NA,NA,NA,0.66,NA,NA,NA,NA,NA,NA,NA,NA,NA,NA,NA,0.00,NA,NA,NA
2025-09-15 12:00:00,31.75,108.02,31.35,36.88,31.16,NA,NA,NA,0.63,NA,NA,NA,NA,NA,NA,NA,NA,NA,NA,NA,0.00,NA,NA,NA
2025-09-15 13:00:00,28.12,92.05,29.67,34.67,29.42,NA,NA,NA,0.59,NA,NA,NA,NA,NA,NA,NA,NA,NA,NA,NA,0.00,NA,NA,NA
2025-09-15 14:00:00,24.46,89.71,28.92,36.19,29.36,NA,NA,NA,0.52,NA,NA,NA,NA,NA,NA,NA,NA,NA,NA,NA,0.00,NA,NA,NA
2025-09-15 15:00:00,30.82,96.27,29.02,43.59,31.52,NA,NA,NA,0.56,NA,NA,NA,NA,NA,NA,NA,NA,NA,NA,NA,0.00,NA,NA,NA
2025-09-15 16:00:00,23.80,96.86,26.99,37.91,28.57,NA,NA,NA,0.59,NA,NA,NA,NA,NA,NA,NA,NA,NA,NA,NA,0.00,NA,NA,NA
2025-09-15 17:00:00,21.33,113.40,25.62,54.61,32.39,NA,NA,NA,0.63,NA,NA,NA,NA,NA,NA,NA,NA,NA,NA,NA,0.00,NA,NA,NA
2025-09-15 18:00:00,21.62,96.61,24.26,59.12,32.76,NA,NA,NA,0.74,NA,NA,NA,NA,NA,NA,NA,NA,NA,NA,NA,0.00,NA,NA,NA
2025-09-15 19:00:00,22.20,117.47,29.54,89.49,44.85,NA,NA,NA,1.18,NA,NA,NA,NA,NA,NA,NA,NA,NA,NA,NA,0.00,NA,NA,NA
2025-09-15 20:00:00,27.02,163.48,51.65,103.16,63.35,NA,NA,NA,1.61,NA,NA,NA,NA,NA,NA,NA,NA,NA,NA,NA,0.00,NA,NA,NA
2025-09-15 21:00:00,32.16,235.67,134.67,106.26,119.10,NA,NA,NA,3.48,NA,NA,NA,NA,NA,NA,NA,NA,NA,NA,NA,0.00,NA,NA,NA
2025-09-15 22:00:00,42.33,257.03,178.95,114.85,150.81,NA,NA,NA,2.90,NA,NA,NA,NA,NA,NA,NA,NA,NA,NA,NA,0.00,NA,NA,NA
2025-09-15 23:00:00,51.04,289.71,200.66,114.35,164.95,NA,NA,NA,3.57,NA,NA,NA,NA,NA,NA,NA,NA,NA,NA,NA,0.00,NA,NA,NA
2025-09-16 00:00:00,45.98,273.99,116.89,113.99,109.51,NA,NA,NA,2.30,NA,NA,NA,NA,NA,NA,NA,NA,NA,NA,NA,0.00,NA,NA,NA
2025-09-16 01:00:00,88.03,529.90,131.01,96.00,113.76,NA,NA,NA,4.32,NA,NA,NA,NA,NA,NA,NA,NA,NA,NA,NA,0.00,NA,NA,NA
2025-09-16 02:00:00,100.96,660.70,136.80,89.06,115.62,NA,NA,NA,2.75,NA,NA,NA,NA,NA,NA,NA,NA,NA,NA,NA,0.00,NA,NA,NA
2025-09-16 03:00:00,57.44,216.09,65.71,68.39,62.76,NA,NA,NA,1.72,NA,NA,NA,NA,NA,NA,NA,NA,NA,NA,NA,0.00,NA,NA,NA
2025-09-16 04:00:00,32.33,129.00,40.09,62.24,44.11,NA,NA,NA,1.93,NA,NA,NA,NA,NA,NA,NA,NA,NA,NA,NA,0.00,NA,NA,NA
2025-09-16 05:00:00,18.31,73.40,35.49,71.23,43.62,NA,NA,NA,0.97,NA,NA,NA,NA,NA,NA,NA,NA,NA,NA,NA,0.00,NA,NA,NA
2025-09-16 06:00:00,19.86,106.42,36.61,53.65,39.38,NA,NA,NA,0.88,NA,NA,NA,NA,NA,NA,NA,NA,NA,NA,NA,0.00,NA,NA,NA
2025-09-16 07:00:00,18.57,124.39,42.89,58.69,44.95,NA,NA,NA,0.98,NA,NA,NA,NA,NA,NA,NA,NA,NA,NA,NA,0.00,NA,NA,NA
2025-09-16 08:00:00,18.62,150.38,40.08,50.08,40.65,NA,NA,NA,1.07,NA,NA,NA,NA,NA,NA,NA,NA,NA,NA,NA,0.00,NA,NA,NA
2025-09-16 09:00:00,17.42,103.14,40.17,50.46,40.84,NA,NA,NA,0.92,NA,NA,NA,NA,NA,NA,NA,NA,NA,NA,NA,0.00,NA,NA,NA
2025-09-16 10:00:00,29.95,106.44,37.87,52.93,40.01,NA,NA,NA,0.86,NA,NA,NA,NA,NA,NA,NA,NA,NA,NA,NA,0.00,NA,NA,NA
2025-09-16 11:00:00,33.23,114.06,32.76,51.46,36.21,NA,NA,NA,0.89,NA,NA,NA,NA,NA,NA,NA,NA,NA,NA,NA,0.00,NA,NA,NA
2025-09-16 12:00:00,48.38,138.72,30.93,49.05,34.32,NA,NA,NA,0.86,NA,NA,NA,NA,NA,NA,NA,NA,NA,NA,NA,0.00,NA,NA,NA
2025-09-16 13:00:00,40.90,112.15,29.71,47.85,33.17,NA,NA,NA,0.82,NA,NA,NA,NA,NA,NA,NA,NA,NA,NA,NA,0.00,NA,NA,NA
2025-09-16 14:00:00,30.51,97.68,28.72,52.24,33.76,NA,NA,NA,0.77,NA,NA,NA,NA,NA,NA,NA,NA,NA,NA,NA,0.00,NA,NA,NA
2025-09-16 15:00:00,38.36,110.29,26.79,49.72,31.78,NA,NA,NA,0.66,NA,NA,NA,NA,NA,NA,NA,NA,NA,NA,NA,0.00,NA,NA,NA
2025-09-16 16:00:00,35.86,101.88,26.28,50.09,31.54,NA,NA,NA,0.65,NA,NA,NA,NA,NA,NA,NA,NA,NA,NA,NA,0.00,NA,NA,NA
2025-09-16 17:00:00,31.48,98.41,25.62,57.88,33.31,NA,NA,NA,0.74,NA,NA,NA,NA,NA,NA,NA,NA,NA,NA,NA,0.00,NA,NA,NA
2025-09-16 18:00:00,24.62,90.19,25.94,85.57,41.36,NA,NA,NA,0.83,NA,NA,NA,NA,NA,NA,NA,NA,NA,NA,NA,0.00,NA,NA,NA
2025-09-16 19:00:00,19.64,90.59,28.06,95.80,45.66,NA,NA,NA,1.14,NA,NA,NA,NA,NA,NA,NA,NA,NA,NA,NA,0.00,NA,NA,NA
2025-09-16 20:00:00,18.29,112.04,38.10,111.88,56.83,NA,NA,NA,1.48,NA,NA,NA,NA,NA,NA,NA,NA,NA,NA,NA,0.00,NA,NA,NA
2025-09-16 21:00:00,30.23,113.27,35.95,98.58,51.66,NA,NA,NA,1.57,NA,NA,NA,NA,NA,NA,NA,NA,NA,NA,NA,0.00,NA,NA,NA
2025-09-16 22:00:00,45.03,162.56,41.58,115.38,60.13,NA,NA,NA,2.18,NA,NA,NA,NA,NA,NA,NA,NA,NA,NA,NA,0.00,NA,NA,NA
2025-09-16 23:00:00,48.22,177.22,27.02,80.16,40.53,NA,NA,NA,1.50,NA,NA,NA,NA,NA,NA,NA,NA,NA,NA,NA,0.00,NA,NA,NA
2025-09-17 00:00:00,47.28,124.11,26.64,78.76,39.89,NA,NA,NA,1.38,NA,NA,NA,NA,NA,NA,NA,NA,NA,NA,NA,0.00,NA,NA,NA
2025-09-17 01:00:00,43.35,125.09,27.45,79.26,40.57,NA,NA,NA,1.33,NA,NA,NA,NA,NA,NA,NA,NA,NA,NA,NA,0.00,NA,NA,NA
2025-09-17 02:00:00,44.40,113.75,26.39,63.42,35.39,NA,NA,NA,1.16,NA,NA,NA,NA,NA,NA,NA,NA,NA,NA,NA,0.00,NA,NA,NA
2025-09-17 03:00:00,30.12,86.71,27.12,61.84,35.42,NA,NA,NA,1.10,NA,NA,NA,NA,NA,NA,NA,NA,NA,NA,NA,0.00,NA,NA,NA
2025-09-17 04:00:00,25.76,78.61,33.23,70.51,41.92,NA,NA,NA,1.15,NA,NA,NA,NA,NA,NA,NA,NA,NA,NA,NA,0.00,NA,NA,NA
2025-09-17 05:00:00,30.98,88.76,36.39,76.18,45.60,NA,NA,NA,1.17,NA,NA,NA,NA,NA,NA,NA,NA,NA,NA,NA,0.00,NA,NA,NA
2025-09-17 06:00:00,42.15,93.74,39.01,65.71,44.38,NA,NA,NA,1.34,NA,NA,NA,NA,NA,NA,NA,NA,NA,NA,NA,0.00,NA,NA,NA
2025-09-17 07:00:00,47.01,122.92,45.05,62.46,47.45,NA,NA,NA,1.57,NA,NA,NA,NA,NA,NA,NA,NA,NA,NA,NA,0.00,NA,NA,NA
2025-09-17 08:00:00,33.27,121.68,34.18,51.82,37.25,NA,NA,NA,1.21,NA,NA,NA,NA,NA,NA,NA,NA,NA,NA,NA,0.00,NA,NA,NA
2025-09-17 09:00:00,33.08,115.73,35.79,71.67,43.94,NA,NA,NA,1.29,NA,NA,NA,NA,NA,NA,NA,NA,NA,NA,NA,0.00,NA,NA,NA
2025-09-17 10:00:00,38.51,128.65,32.31,76.22,42.92,NA,NA,NA,1.35,NA,NA,NA,NA,NA,NA,NA,NA,NA,NA,NA,0.00,NA,NA,NA
2025-09-17 11:00:00,49.57,147.83,32.53,59.33,38.29,NA,NA,NA,1.03,NA,NA,NA,NA,NA,NA,NA,NA,NA,NA,NA,0.00,NA,NA,NA
2025-09-17 12:00:00,70.95,155.16,31.27,92.15,46.75,NA,NA,NA,0.84,NA,NA,NA,NA,NA,NA,NA,NA,NA,NA,NA,0.00,NA,NA,NA
2025-09-17 13:00:00,67.87,147.81,32.66,48.57,35.32,NA,NA,NA,0.64,NA,NA,NA,NA,NA,NA,NA,NA,NA,NA,NA,0.00,NA,NA,NA
2025-09-17 14:00:00,59.61,133.32,31.70,44.67,33.59,NA,NA,NA,1.52,NA,NA,NA,NA,NA,NA,NA,NA,NA,NA,NA,0.00,NA,NA,NA
2025-09-17 15:00:00,63.64,144.30,30.97,56.98,36.60,NA,NA,NA,1.62,NA,NA,NA,NA,NA,NA,NA,NA,NA,NA,NA,0.00,NA,NA,NA
2025-09-17 16:00:00,58.33,127.66,32.42,69.25,41.02,NA,NA,NA,1.59,NA,NA,NA,NA,NA,NA,NA,NA,NA,NA,NA,0.00,NA,NA,NA
2025-09-17 17:00:00,39.52,92.06,27.79,68.93,37.87,NA,NA,NA,0.92,NA,NA,NA,NA,NA,NA,NA,NA,NA,NA,NA,0.00,NA,NA,NA
2025-09-17 18:00:00,26.35,84.62,29.77,115.33,52.32,NA,NA,NA,1.52,NA,NA,NA,NA,NA,NA,NA,NA,NA,NA,NA,0.00,NA,NA,NA
2025-09-17 19:00:00,18.72,97.58,35.17,137.80,62.23,NA,NA,NA,1.97,NA,NA,NA,NA,NA,NA,NA,NA,NA,NA,NA,0.00,NA,NA,NA
2025-09-17 20:00:00,31.93,128.75,43.86,136.24,67.54,NA,NA,NA,2.78,NA,NA,NA,NA,NA,NA,NA,NA,NA,NA,NA,0.00,NA,NA,NA
2025-09-17 21:00:00,46.93,149.79,43.78,110.50,60.20,NA,NA,NA,2.90,NA,NA,NA,NA,NA,NA,NA,NA,NA,NA,NA,0.00,NA,NA,NA
2025-09-17 22:00:00,42.88,138.84,28.35,81.88,41.90,NA,NA,NA,1.87,NA,NA,NA,NA,NA,NA,NA,NA,NA,NA,NA,0.00,NA,NA,NA
2025-09-17 23:00:00,49.61,140.42,32.06,84.01,44.96,NA,NA,NA,2.14,NA,NA,NA,NA,NA,NA,NA,NA,NA,NA,NA,0.00,NA,NA,NA
2025-09-18 00:00:00,49.30,130.09,29.55,76.01,41.03,NA,NA,NA,1.89,NA,NA,NA,NA,NA,NA,NA,NA,NA,NA,NA,0.00,NA,NA,NA
2025-09-18 01:00:00,39.05,112.07,29.76,66.92,38.61,NA,NA,NA,1.63,NA,NA,NA,NA,NA,NA,NA,NA,NA,NA,NA,0.00,NA,NA,NA
2025-09-18 02:00:00,37.67,99.74,26.95,59.35,34.60,NA,NA,NA,1.44,NA,NA,NA,NA,NA,NA,NA,NA,NA,NA,NA,0.00,NA,NA,NA
2025-09-18 03:00:00,41.66,99.67,26.57,52.34,32.38,NA,NA,NA,1.43,NA,NA,NA,NA,NA,NA,NA,NA,NA,NA,NA,0.00,NA,NA,NA
2025-09-18 04:00:00,50.24,120.80,30.40,58.78,36.72,NA,NA,NA,1.69,NA,NA,NA,NA,NA,NA,NA,NA,NA,NA,NA,0.00,NA,NA,NA
2025-09-18 05:00:00,52.24,110.66,31.26,51.91,35.34,NA,NA,NA,1.47,NA,NA,NA,NA,NA,NA,NA,NA,NA,NA,NA,0.00,NA,NA,NA
2025-09-18 06:00:00,36.01,103.42,31.51,42.74,32.92,NA,NA,NA,1.35,NA,NA,NA,NA,NA,NA,NA,NA,NA,NA,NA,0.00,NA,NA,NA
2025-09-18 07:00:00,21.57,64.88,31.22,39.32,31.76,NA,NA,NA,1.24,NA,NA,NA,NA,NA,NA,NA,NA,NA,NA,NA,0.00,NA,NA,NA
2025-09-18 08:00:00,19.65,68.27,36.26,45.93,36.96,NA,NA,NA,1.25,NA,NA,NA,NA,NA,NA,NA,NA,NA,NA,NA,0.00,NA,NA,NA
2025-09-18 09:00:00,21.80,82.34,34.07,48.36,36.20,NA,NA,NA,1.22,NA,NA,NA,NA,NA,NA,NA,NA,NA,NA,NA,0.00,NA,NA,NA
2025-09-18 10:00:00,29.04,89.34,29.43,51.88,34.13,NA,NA,NA,1.09,NA,NA,NA,NA,NA,NA,NA,NA,NA,NA,NA,0.00,NA,NA,NA
2025-09-18 11:00:00,45.34,103.99,27.12,58.89,34.59,NA,NA,NA,1.16,NA,NA,NA,NA,NA,NA,NA,NA,NA,NA,NA,0.00,NA,NA,NA
2025-09-18 12:00:00,58.86,124.08,25.74,75.30,38.33,NA,NA,NA,1.14,NA,NA,NA,NA,NA,NA,NA,NA,NA,NA,NA,0.00,NA,NA,NA
2025-09-18 13:00:00,37.82,54.68,27.94,87.99,43.36,NA,NA,NA,1.05,NA,NA,NA,NA,NA,NA,NA,NA,NA,NA,NA,0.00,NA,NA,NA
2025-09-18 14:00:00,13.42,44.58,26.09,62.63,34.97,NA,NA,NA,0.95,NA,NA,NA,NA,NA,NA,NA,NA,NA,NA,NA,0.00,NA,NA,NA
2025-09-18 15:00:00,13.13,40.32,31.20,98.70,48.56,NA,NA,NA,0.84,NA,NA,NA,NA,NA,NA,NA,NA,NA,NA,NA,0.00,NA,NA,NA
2025-09-18 16:00:00,13.98,38.68,27.01,93.20,44.22,NA,NA,NA,1.03,NA,NA,NA,NA,NA,NA,NA,NA,NA,NA,NA,0.00,NA,NA,NA
2025-09-18 17:00:00,30.22,79.64,23.87,74.14,36.76,NA,NA,NA,1.01,NA,NA,NA,NA,NA,NA,NA,NA,NA,NA,NA,0.00,NA,NA,NA
2025-09-18 18:00:00,35.01,94.54,63.92,142.99,82.74,NA,NA,NA,1.67,NA,NA,NA,NA,NA,NA,NA,NA,NA,NA,NA,0.00,NA,NA,NA
2025-09-18 19:00:00,42.77,142.90,90.59,154.97,103.73,NA,NA,NA,2.22,NA,NA,NA,NA,NA,NA,NA,NA,NA,NA,NA,0.00,NA,NA,NA
2025-09-18 20:00:00,53.89,200.57,162.29,143.32,147.82,NA,NA,NA,3.39,NA,NA,NA,NA,NA,NA,NA,NA,NA,NA,NA,0.00,NA,NA,NA
2025-09-18 21:00:00,54.24,221.83,154.83,139.52,141.83,NA,NA,NA,3.68,NA,NA,NA,NA,NA,NA,NA,NA,NA,NA,NA,0.00,NA,NA,NA
2025-09-18 22:00:00,51.13,182.18,136.48,123.78,125.22,NA,NA,NA,3.77,NA,NA,NA,NA,NA,NA,NA,NA,NA,NA,NA,0.00,NA,NA,NA
2025-09-18 23:00:00,51.82,171.80,98.94,107.95,95.93,NA,NA,NA,2.83,NA,NA,NA,NA,NA,NA,NA,NA,NA,NA,NA,0.00,NA,NA,NA
2025-09-19 00:00:00,71.92,180.08,41.88,90.47,53.28,NA,NA,NA,1.96,NA,NA,NA,NA,NA,NA,NA,NA,NA,NA,NA,0.00,NA,NA,NA
2025-09-19 01:00:00,60.74,160.40,38.17,78.55,47.46,NA,NA,NA,1.94,NA,NA,NA,NA,NA,NA,NA,NA,NA,NA,NA,0.00,NA,NA,NA
2025-09-19 02:00:00,63.37,149.44,36.80,77.26,46.18,NA,NA,NA,1.81,NA,NA,NA,NA,NA,NA,NA,NA,NA,NA,NA,0.00,NA,NA,NA
2025-09-19 03:00:00,53.45,129.24,41.60,70.97,47.58,NA,NA,NA,1.77,NA,NA,NA,NA,NA,NA,NA,NA,NA,NA,NA,0.00,NA,NA,NA
2025-09-19 04:00:00,58.62,144.86,58.62,72.92,59.38,NA,NA,NA,1.90,NA,NA,NA,NA,NA,NA,NA,NA,NA,NA,NA,0.00,NA,NA,NA
2025-09-19 05:00:00,51.28,140.18,91.21,73.16,80.99,NA,NA,NA,2.11,NA,NA,NA,NA,NA,NA,NA,NA,NA,NA,NA,0.00,NA,NA,NA
2025-09-19 06:00:00,55.70,148.73,73.22,72.91,69.01,NA,NA,NA,2.21,NA,NA,NA,NA,NA,NA,NA,NA,NA,NA,NA,0.00,NA,NA,NA
2025-09-19 07:00:00,43.30,123.28,49.04,65.08,50.82,NA,NA,NA,1.65,NA,NA,NA,NA,NA,NA,NA,NA,NA,NA,NA,0.00,NA,NA,NA
2025-09-19 08:00:00,33.95,116.80,47.68,73.78,52.40,NA,NA,NA,1.61,NA,NA,NA,NA,NA,NA,NA,NA,NA,NA,NA,0.00,NA,NA,NA
2025-09-19 09:00:00,43.61,120.30,44.19,96.20,56.44,NA,NA,NA,1.41,NA,NA,NA,NA,NA,NA,NA,NA,NA,NA,NA,0.00,NA,NA,NA
2025-09-19 10:00:00,39.58,105.78,36.40,78.87,46.37,NA,NA,NA,1.07,NA,NA,NA,NA,NA,NA,NA,NA,NA,NA,NA,0.00,NA,NA,NA
2025-09-19 11:00:00,40.79,109.50,30.36,56.62,36.08,NA,NA,NA,0.90,NA,NA,NA,NA,NA,NA,NA,NA,NA,NA,NA,0.00,NA,NA,NA
2025-09-19 12:00:00,43.98,111.04,30.33,65.67,38.63,NA,NA,NA,0.78,NA,NA,NA,NA,NA,NA,NA,NA,NA,NA,NA,0.00,NA,NA,NA
2025-09-19 13:00:00,43.40,119.93,33.37,95.02,48.98,NA,NA,NA,0.69,NA,NA,NA,NA,NA,NA,NA,NA,NA,NA,NA,0.00,NA,NA,NA
2025-09-19 14:00:00,43.00,109.35,NA,NA,NA,NA,NA,NA,0.48,NA,NA,NA,NA,NA,NA,NA,NA,NA,NA,NA,0.00,NA,NA,NA
2025-09-19 15:00:00,54.72,136.27,NA,NA,NA,NA,NA,NA,0.38,NA,NA,NA,NA,NA,NA,NA,NA,NA,NA,NA,0.00,NA,NA,NA
2025-09-19 16:00:00,44.47,121.34,3.18,44.26,14.50,NA,NA,NA,0.23,NA,NA,NA,NA,NA,NA,NA,NA,NA,NA,NA,0.00,NA,NA,NA
2025-09-19 17:00:00,35.84,104.26,1.37,53.19,15.66,NA,NA,NA,0.30,NA,NA,NA,NA,NA,NA,NA,NA,NA,NA,NA,0.00,NA,NA,NA
2025-09-19 18:00:00,28.24,92.12,1.70,52.54,15.98,NA,NA,NA,0.45,NA,NA,NA,NA,NA,NA,NA,NA,NA,NA,NA,0.00,NA,NA,NA
2025-09-19 19:00:00,20.01,86.84,2.74,60.56,18.95,NA,NA,NA,0.78,NA,NA,NA,NA,NA,NA,NA,NA,NA,NA,NA,0.00,NA,NA,NA
2025-09-19 20:00:00,15.19,92.16,8.97,72.18,26.35,NA,NA,NA,1.06,NA,NA,NA,NA,NA,NA,NA,NA,NA,NA,NA,0.00,NA,NA,NA
2025-09-19 21:00:00,15.40,112.54,11.71,78.73,30.02,NA,NA,NA,1.15,NA,NA,NA,NA,NA,NA,NA,NA,NA,NA,NA,0.00,NA,NA,NA
2025-09-19 22:00:00,10.69,112.36,30.41,80.91,43.01,NA,NA,NA,1.33,NA,NA,NA,NA,NA,NA,NA,NA,NA,NA,NA,0.00,NA,NA,NA
2025-09-19 23:00:00,18.16,111.88,32.50,77.36,43.38,NA,NA,NA,1.36,NA,NA,NA,NA,NA,NA,NA,NA,NA,NA,NA,0.00,NA,NA,NA
2025-09-20 00:00:00,28.61,149.50,45.01,77.12,51.56,NA,NA,NA,1.66,NA,NA,NA,NA,NA,NA,NA,NA,NA,NA,NA,0.00,NA,NA,NA
2025-09-20 01:00:00,34.15,180.63,40.45,76.14,48.28,NA,NA,NA,1.75,NA,NA,NA,NA,NA,NA,NA,NA,NA,NA,NA,0.00,NA,NA,NA
2025-09-20 02:00:00,42.16,183.10,28.28,71.25,38.84,NA,NA,NA,1.60,NA,NA,NA,NA,NA,NA,NA,NA,NA,NA,NA,0.00,NA,NA,NA
2025-09-20 03:00:00,41.96,163.94,14.44,65.07,27.96,NA,NA,NA,1.42,NA,NA,NA,NA,NA,NA,NA,NA,NA,NA,NA,0.00,NA,NA,NA
2025-09-20 04:00:00,42.74,159.65,26.93,57.96,34.19,NA,NA,NA,1.54,NA,NA,NA,NA,NA,NA,NA,NA,NA,NA,NA,0.00,NA,NA,NA
2025-09-20 05:00:00,49.24,170.56,21.92,56.16,30.39,NA,NA,NA,1.54,NA,NA,NA,NA,NA,NA,NA,NA,NA,NA,NA,0.00,NA,NA,NA
2025-09-20 06:00:00,49.54,153.40,27.68,48.72,32.09,NA,NA,NA,1.43,NA,NA,NA,NA,NA,NA,NA,NA,NA,NA,NA,0.00,NA,NA,NA
2025-09-20 07:00:00,40.46,130.07,16.27,42.31,22.73,NA,NA,NA,1.35,NA,NA,NA,NA,NA,NA,NA,NA,NA,NA,NA,0.00,NA,NA,NA
2025-09-20 08:00:00,27.90,120.31,14.07,39.48,20.47,NA,NA,NA,1.15,NA,NA,NA,NA,NA,NA,NA,NA,NA,NA,NA,0.00,NA,NA,NA
2025-09-20 09:00:00,50.87,128.74,5.90,32.04,12.96,NA,NA,NA,1.17,NA,NA,NA,NA,NA,NA,NA,NA,NA,NA,NA,0.00,NA,NA,NA
2025-09-20 10:00:00,49.57,153.60,4.95,35.08,13.20,NA,NA,NA,0.88,NA,NA,NA,NA,NA,NA,NA,NA,NA,NA,NA,0.00,NA,NA,NA
2025-09-20 11:00:00,42.01,124.54,3.04,33.68,11.54,NA,NA,NA,0.65,NA,NA,NA,NA,NA,NA,NA,NA,NA,NA,NA,0.00,NA,NA,NA
2025-09-20 12:00:00,45.58,133.07,2.44,59.32,18.39,NA,NA,NA,0.62,NA,NA,NA,NA,NA,NA,NA,NA,NA,NA,NA,0.00,NA,NA,NA
2025-09-20 13:00:00,38.01,115.95,2.11,45.18,14.17,NA,NA,NA,0.63,NA,NA,NA,NA,NA,NA,NA,NA,NA,NA,NA,0.00,NA,NA,NA
2025-09-20 14:00:00,34.75,107.14,0.96,33.02,9.98,NA,NA,NA,0.54,NA,NA,NA,NA,NA,NA,NA,NA,NA,NA,NA,0.00,NA,NA,NA
2025-09-20 15:00:00,31.65,106.78,0.44,29.10,8.47,NA,NA,NA,0.48,NA,NA,NA,NA,NA,NA,NA,NA,NA,NA,NA,0.00,NA,NA,NA
2025-09-20 16:00:00,31.52,108.00,0.01,25.82,7.01,NA,NA,NA,0.50,NA,NA,NA,NA,NA,NA,NA,NA,NA,NA,NA,0.00,NA,NA,NA
2025-09-20 17:00:00,25.66,92.06,0.93,30.59,9.16,NA,NA,NA,0.52,NA,NA,NA,NA,NA,NA,NA,NA,NA,NA,NA,0.00,NA,NA,NA
2025-09-20 18:00:00,20.59,87.38,0.74,37.78,11.15,NA,NA,NA,0.60,NA,NA,NA,NA,NA,NA,NA,NA,NA,NA,NA,0.00,NA,NA,NA
2025-09-20 19:00:00,18.17,94.63,2.72,55.11,17.39,NA,NA,NA,0.83,NA,NA,NA,NA,NA,NA,NA,NA,NA,NA,NA,0.00,NA,NA,NA
2025-09-20 20:00:00,30.49,113.93,1.15,55.75,16.52,NA,NA,NA,0.94,NA,NA,NA,NA,NA,NA,NA,NA,NA,NA,NA,0.00,NA,NA,NA
2025-09-20 21:00:00,25.24,110.13,1.36,67.19,19.89,NA,NA,NA,1.02,NA,NA,NA,NA,NA,NA,NA,NA,NA,NA,NA,0.00,NA,NA,NA
2025-09-20 22:00:00,28.28,104.25,1.07,64.51,18.95,NA,NA,NA,0.95,NA,NA,NA,NA,NA,NA,NA,NA,NA,NA,NA,0.00,NA,NA,NA
2025-09-20 23:00:00,36.04,125.38,12.48,82.14,31.49,NA,NA,NA,1.12,NA,NA,NA,NA,NA,NA,NA,NA,NA,NA,NA,0.00,NA,NA,NA
2025-09-21 00:00:00,39.18,149.58,2.85,65.69,20.47,NA,NA,NA,0.86,NA,NA,NA,NA,NA,NA,NA,NA,NA,NA,NA,0.00,NA,NA,NA
2025-09-21 01:00:00,33.04,118.33,4.32,57.37,19.09,NA,NA,NA,0.93,NA,NA,NA,NA,NA,NA,NA,NA,NA,NA,NA,0.00,NA,NA,NA
2025-09-21 02:00:00,26.29,112.99,9.07,55.22,21.62,NA,NA,NA,0.98,NA,NA,NA,NA,NA,NA,NA,NA,NA,NA,NA,0.00,NA,NA,NA
2025-09-21 03:00:00,29.58,126.50,18.94,64.71,30.84,NA,NA,NA,1.17,NA,NA,NA,NA,NA,NA,NA,NA,NA,NA,NA,0.00,NA,NA,NA
2025-09-21 04:00:00,39.66,145.54,21.62,64.45,32.52,NA,NA,NA,1.10,NA,NA,NA,NA,NA,NA,NA,NA,NA,NA,NA,0.00,NA,NA,NA
2025-09-21 05:00:00,31.56,156.39,9.98,51.60,21.20,NA,NA,NA,1.09,NA,NA,NA,NA,NA,NA,NA,NA,NA,NA,NA,0.00,NA,NA,NA
2025-09-21 06:00:00,30.12,110.26,21.88,52.96,29.46,NA,NA,NA,1.33,NA,NA,NA,NA,NA,NA,NA,NA,NA,NA,NA,0.00,NA,NA,NA
2025-09-21 07:00:00,29.36,116.37,21.32,50.24,28.30,NA,NA,NA,1.38,NA,NA,NA,NA,NA,NA,NA,NA,NA,NA,NA,0.00,NA,NA,NA
2025-09-21 08:00:00,31.97,133.11,9.89,43.51,18.85,NA,NA,NA,1.07,NA,NA,NA,NA,NA,NA,NA,NA,NA,NA,NA,0.00,NA,NA,NA
2025-09-21 09:00:00,35.64,117.62,4.45,40.11,14.29,NA,NA,NA,0.95,NA,NA,NA,NA,NA,NA,NA,NA,NA,NA,NA,0.00,NA,NA,NA
2025-09-21 10:00:00,38.28,132.15,2.22,34.51,11.23,NA,NA,NA,2.14,NA,NA,NA,NA,NA,NA,NA,NA,NA,NA,NA,0.00,NA,NA,NA
2025-09-21 11:00:00,41.18,142.63,0.91,32.77,9.87,NA,NA,NA,0.69,NA,NA,NA,NA,NA,NA,NA,NA,NA,NA,NA,0.00,NA,NA,NA
2025-09-21 12:00:00,53.76,159.03,0.88,34.06,10.18,NA,NA,NA,0.59,NA,NA,NA,NA,NA,NA,NA,NA,NA,NA,NA,0.00,NA,NA,NA
2025-09-21 13:00:00,44.29,157.95,0.62,27.96,8.22,NA,NA,NA,0.52,NA,NA,NA,NA,NA,NA,NA,NA,NA,NA,NA,0.00,NA,NA,NA
2025-09-21 14:00:00,41.43,137.11,0.27,24.58,6.56,NA,NA,NA,0.48,NA,NA,NA,NA,NA,NA,NA,NA,NA,NA,NA,0.00,NA,NA,NA
2025-09-21 15:00:00,30.96,119.16,0.15,23.58,6.06,NA,NA,NA,0.45,NA,NA,NA,NA,NA,NA,NA,NA,NA,NA,NA,0.00,NA,NA,NA
2025-09-21 16:00:00,39.10,113.30,NA,24.47,6.33,NA,NA,NA,0.46,NA,NA,NA,NA,NA,NA,NA,NA,NA,NA,NA,0.00,NA,NA,NA
2025-09-21 17:00:00,30.06,112.96,4.38,43.40,14.25,NA,NA,NA,0.62,NA,NA,NA,NA,NA,NA,NA,NA,NA,NA,NA,0.00,NA,NA,NA
2025-09-21 18:00:00,27.43,115.41,1.37,59.06,17.06,NA,NA,NA,0.78,NA,NA,NA,NA,NA,NA,NA,NA,NA,NA,NA,0.00,NA,NA,NA
2025-09-21 19:00:00,27.28,120.99,0.87,63.15,18.28,NA,NA,NA,0.96,NA,NA,NA,NA,NA,NA,NA,NA,NA,NA,NA,0.00,NA,NA,NA
2025-09-21 20:00:00,30.98,136.26,2.84,60.97,19.02,NA,NA,NA,1.16,NA,NA,NA,NA,NA,NA,NA,NA,NA,NA,NA,0.00,NA,NA,NA
2025-09-21 21:00:00,36.28,136.84,2.21,57.65,17.09,NA,NA,NA,1.21,NA,NA,NA,NA,NA,NA,NA,NA,NA,NA,NA,0.00,NA,NA,NA
2025-09-21 22:00:00,33.28,141.63,0.44,57.38,16.24,NA,NA,NA,1.14,NA,NA,NA,NA,NA,NA,NA,NA,NA,NA,NA,0.00,NA,NA,NA
2025-09-21 23:00:00,36.43,142.56,7.27,75.33,26.12,NA,NA,NA,1.27,NA,NA,NA,NA,NA,NA,NA,NA,NA,NA,NA,0.00,NA,NA,NA
2025-09-22 00:00:00,42.11,155.60,20.16,79.35,35.78,NA,NA,NA,1.31,NA,NA,NA,NA,NA,NA,NA,NA,NA,NA,NA,0.00,NA,NA,NA
2025-09-22 01:00:00,43.86,164.70,10.11,69.78,26.42,NA,NA,NA,1.23,NA,NA,NA,NA,NA,NA,NA,NA,NA,NA,NA,0.00,NA,NA,NA
2025-09-22 02:00:00,38.59,133.38,4.72,64.39,21.34,NA,NA,NA,1.08,NA,NA,NA,NA,NA,NA,NA,NA,NA,NA,NA,0.00,NA,NA,NA
2025-09-22 03:00:00,40.24,138.32,9.37,63.19,24.08,NA,NA,NA,1.17,NA,NA,NA,NA,NA,NA,NA,NA,NA,NA,NA,0.00,NA,NA,NA
2025-09-22 04:00:00,33.74,133.05,6.55,57.14,20.50,NA,NA,NA,1.07,NA,NA,NA,NA,NA,NA,NA,NA,NA,NA,NA,0.00,NA,NA,NA
2025-09-22 05:00:00,27.68,123.52,12.58,59.85,25.25,NA,NA,NA,1.26,NA,NA,NA,NA,NA,NA,NA,NA,NA,NA,NA,0.00,NA,NA,NA
2025-09-22 06:00:00,37.46,110.16,20.93,53.93,29.08,NA,NA,NA,1.28,NA,NA,NA,NA,NA,NA,NA,NA,NA,NA,NA,0.00,NA,NA,NA
2025-09-22 07:00:00,31.46,116.96,21.30,57.53,30.36,NA,NA,NA,1.33,NA,NA,NA,NA,NA,NA,NA,NA,NA,NA,NA,0.00,NA,NA,NA
2025-09-22 08:00:00,28.41,142.12,20.01,69.51,32.88,NA,NA,NA,1.33,NA,NA,NA,NA,NA,NA,NA,NA,NA,NA,NA,0.00,NA,NA,NA
2025-09-22 09:00:00,37.35,154.19,11.27,65.61,26.02,NA,NA,NA,1.15,NA,NA,NA,NA,NA,NA,NA,NA,NA,NA,NA,0.00,NA,NA,NA
2025-09-22 10:00:00,47.24,148.79,4.67,46.34,16.21,NA,NA,NA,0.75,NA,NA,NA,NA,NA,NA,NA,NA,NA,NA,NA,0.00,NA,NA,NA
2025-09-22 11:00:00,41.26,126.01,1.57,31.19,9.86,NA,NA,NA,0.58,NA,NA,NA,NA,NA,NA,NA,NA,NA,NA,NA,0.00,NA,NA,NA
2025-09-22 12:00:00,39.16,121.50,0.35,29.38,8.42,NA,NA,NA,0.55,NA,NA,NA,NA,NA,NA,NA,NA,NA,NA,NA,0.00,NA,NA,NA
2025-09-22 13:00:00,43.76,110.36,1.44,29.02,7.91,NA,NA,NA,0.48,NA,NA,NA,NA,NA,NA,NA,NA,NA,NA,NA,0.00,NA,NA,NA
2025-09-22 14:00:00,37.25,116.44,NA,27.82,6.95,NA,NA,NA,0.47,NA,NA,NA,NA,NA,NA,NA,NA,NA,NA,NA,0.00,NA,NA,NA
2025-09-22 15:00:00,35.74,119.15,NA,27.22,6.79,NA,NA,NA,0.41,NA,NA,NA,NA,NA,NA,NA,NA,NA,NA,NA,0.00,NA,NA,NA
2025-09-22 16:00:00,34.97,113.28,NA,25.65,6.05,NA,NA,NA,0.51,NA,NA,NA,NA,NA,NA,NA,NA,NA,NA,NA,0.00,NA,NA,NA
2025-09-22 17:00:00,30.23,115.40,0.11,40.67,10.51,NA,NA,NA,0.56,NA,NA,NA,NA,NA,NA,NA,NA,NA,NA,NA,0.00,NA,NA,NA
2025-09-22 18:00:00,22.76,105.15,0.37,44.81,12.23,NA,NA,NA,0.66,NA,NA,NA,NA,NA,NA,NA,NA,NA,NA,NA,0.00,NA,NA,NA
2025-09-22 19:00:00,30.92,117.09,0.42,55.99,15.53,NA,NA,NA,0.88,NA,NA,NA,NA,NA,NA,NA,NA,NA,NA,NA,0.00,NA,NA,NA
2025-09-22 20:00:00,23.87,108.70,0.86,50.67,14.18,NA,NA,NA,0.89,NA,NA,NA,NA,NA,NA,NA,NA,NA,NA,NA,0.00,NA,NA,NA
2025-09-22 21:00:00,23.76,103.02,0.06,42.28,11.27,NA,NA,NA,0.85,NA,NA,NA,NA,NA,NA,NA,NA,NA,NA,NA,0.00,NA,NA,NA
2025-09-22 22:00:00,21.60,99.61,NA,30.05,7.54,NA,NA,NA,0.78,NA,NA,NA,NA,NA,NA,NA,NA,NA,NA,NA,0.00,NA,NA,NA
2025-09-22 23:00:00,25.60,101.45,0.33,43.97,11.74,NA,NA,NA,0.74,NA,NA,NA,NA,NA,NA,NA,NA,NA,NA,NA,0.00,NA,NA,NA
2025-09-23 00:00:00,27.22,99.38,NA,32.77,8.17,NA,NA,NA,0.67,NA,NA,NA,NA,NA,NA,NA,NA,NA,NA,NA,0.00,NA,NA,NA
2025-09-23 01:00:00,29.25,97.53,0.59,45.39,12.13,NA,NA,NA,0.71,NA,NA,NA,NA,NA,NA,NA,NA,NA,NA,NA,0.00,NA,NA,NA
2025-09-23 02:00:00,45.03,129.74,1.76,73.71,21.98,NA,NA,NA,1.13,NA,NA,NA,NA,NA,NA,NA,NA,NA,NA,NA,0.00,NA,NA,NA
2025-09-23 03:00:00,47.97,134.61,4.96,66.11,21.98,NA,NA,NA,1.07,NA,NA,NA,NA,NA,NA,NA,NA,NA,NA,NA,0.00,NA,NA,NA
2025-09-23 04:00:00,38.62,141.39,12.02,65.95,26.61,NA,NA,NA,1.19,NA,NA,NA,NA,NA,NA,NA,NA,NA,NA,NA,0.00,NA,NA,NA
2025-09-23 05:00:00,16.18,118.88,15.61,57.84,26.68,NA,NA,NA,1.20,NA,NA,NA,NA,NA,NA,NA,NA,NA,NA,NA,0.00,NA,NA,NA
2025-09-23 06:00:00,21.95,127.83,21.94,56.06,30.37,NA,NA,NA,1.37,NA,NA,NA,NA,NA,NA,NA,NA,NA,NA,NA,0.00,NA,NA,NA
2025-09-23 07:00:00,29.03,107.01,11.42,48.29,21.20,NA,NA,NA,1.18,NA,NA,NA,NA,NA,NA,NA,NA,NA,NA,NA,0.00,NA,NA,NA
2025-09-23 08:00:00,23.99,116.11,3.56,36.89,12.79,NA,NA,NA,0.91,NA,NA,NA,NA,NA,NA,NA,NA,NA,NA,NA,0.00,NA,NA,NA
2025-09-23 09:00:00,24.20,105.00,2.03,28.63,9.44,NA,NA,NA,0.68,NA,NA,NA,NA,NA,NA,NA,NA,NA,NA,NA,0.00,NA,NA,NA
2025-09-23 10:00:00,26.59,107.75,2.07,34.39,11.06,NA,NA,NA,0.68,NA,NA,NA,NA,NA,NA,NA,NA,NA,NA,NA,0.00,NA,NA,NA
2025-09-23 11:00:00,30.75,107.99,0.92,33.94,10.13,NA,NA,NA,0.50,NA,NA,NA,NA,NA,NA,NA,NA,NA,NA,NA,0.00,NA,NA,NA
2025-09-23 12:00:00,38.99,115.62,0.02,30.96,8.09,NA,NA,NA,0.46,NA,NA,NA,NA,NA,NA,NA,NA,NA,NA,NA,0.00,NA,NA,NA
2025-09-23 13:00:00,38.64,101.38,0.04,31.12,7.89,NA,NA,NA,0.45,NA,NA,NA,NA,NA,NA,NA,NA,NA,NA,NA,0.00,NA,NA,NA
2025-09-23 14:00:00,35.50,100.47,0.10,31.65,7.95,NA,NA,NA,0.43,NA,NA,NA,NA,NA,NA,NA,NA,NA,NA,NA,0.00,NA,NA,NA
2025-09-23 15:00:00,25.21,84.84,NA,27.39,6.70,NA,NA,NA,0.39,NA,NA,NA,NA,NA,NA,NA,NA,NA,NA,NA,0.00,NA,NA,NA
2025-09-23 16:00:00,33.04,94.06,NA,30.12,6.89,NA,NA,NA,0.45,NA,NA,NA,NA,NA,NA,NA,NA,NA,NA,NA,0.00,NA,NA,NA
2025-09-23 17:00:00,22.69,82.67,NA,40.75,10.14,NA,NA,NA,0.49,NA,NA,NA,NA,NA,NA,NA,NA,NA,NA,NA,0.00,NA,NA,NA
2025-09-23 18:00:00,20.34,81.91,0.82,52.00,14.11,NA,NA,NA,0.68,NA,NA,NA,NA,NA,NA,NA,NA,NA,NA,NA,0.00,NA,NA,NA
2025-09-23 19:00:00,20.63,84.02,0.81,62.61,17.17,NA,NA,NA,1.07,NA,NA,NA,NA,NA,NA,NA,NA,NA,NA,NA,0.00,NA,NA,NA
2025-09-23 20:00:00,21.25,114.27,1.39,67.51,19.08,NA,NA,NA,1.11,NA,NA,NA,NA,NA,NA,NA,NA,NA,NA,NA,0.00,NA,NA,NA
2025-09-23 21:00:00,40.93,124.77,11.23,90.74,33.09,NA,NA,NA,1.37,NA,NA,NA,NA,NA,NA,NA,NA,NA,NA,NA,0.00,NA,NA,NA
2025-09-23 22:00:00,33.92,128.72,3.51,79.42,24.71,NA,NA,NA,1.33,NA,NA,NA,NA,NA,NA,NA,NA,NA,NA,NA,0.00,NA,NA,NA
2025-09-23 23:00:00,60.02,150.72,10.26,82.50,30.13,NA,NA,NA,1.32,NA,NA,NA,NA,NA,NA,NA,NA,NA,NA,NA,0.00,NA,NA,NA
2025-09-24 00:00:00,38.48,154.42,28.85,85.44,43.24,NA,NA,NA,1.40,NA,NA,NA,NA,NA,NA,NA,NA,NA,NA,NA,0.00,NA,NA,NA
2025-09-24 01:00:00,42.14,149.15,8.19,77.10,27.22,NA,NA,NA,1.13,NA,NA,NA,NA,NA,NA,NA,NA,NA,NA,NA,0.00,NA,NA,NA
2025-09-24 02:00:00,92.81,118.04,3.23,71.69,22.42,NA,NA,NA,1.12,NA,NA,NA,NA,NA,NA,NA,NA,NA,NA,NA,0.00,NA,NA,NA
2025-09-24 03:00:00,16.94,102.10,3.57,60.47,19.47,NA,NA,NA,0.98,NA,NA,NA,NA,NA,NA,NA,NA,NA,NA,NA,0.00,NA,NA,NA
2025-09-24 04:00:00,8.64,107.04,2.80,49.73,15.92,NA,NA,NA,1.07,NA,NA,NA,NA,NA,NA,NA,NA,NA,NA,NA,0.00,NA,NA,NA
2025-09-24 05:00:00,14.16,117.39,1.80,47.09,14.51,NA,NA,NA,0.98,NA,NA,NA,NA,NA,NA,NA,NA,NA,NA,NA,0.00,NA,NA,NA
2025-09-24 06:00:00,40.82,86.32,3.95,47.64,16.09,NA,NA,NA,0.94,NA,NA,NA,NA,NA,NA,NA,NA,NA,NA,NA,0.00,NA,NA,NA
2025-09-24 07:00:00,18.72,84.68,10.78,35.87,17.27,NA,NA,NA,0.83,NA,NA,NA,NA,NA,NA,NA,NA,NA,NA,NA,0.00,NA,NA,NA
2025-09-24 08:00:00,55.55,84.16,10.53,27.60,14.77,NA,NA,NA,0.70,NA,NA,NA,NA,NA,NA,NA,NA,NA,NA,NA,0.00,NA,NA,NA
2025-09-24 09:00:00,NA,104.21,9.46,23.52,12.91,NA,NA,NA,0.56,NA,NA,NA,NA,NA,NA,NA,NA,NA,NA,NA,0.00,NA,NA,NA
2025-09-24 10:00:00,3.56,100.79,9.68,27.92,14.30,NA,NA,NA,0.56,NA,NA,NA,NA,NA,NA,NA,NA,NA,NA,NA,0.00,NA,NA,NA
2025-09-24 11:00:00,43.10,102.22,8.57,24.86,12.70,NA,NA,NA,0.51,NA,NA,NA,NA,NA,NA,NA,NA,NA,NA,NA,0.00,NA,NA,NA
2025-09-24 12:00:00,64.63,110.98,7.48,24.49,11.87,NA,NA,NA,0.43,NA,NA,NA,NA,NA,NA,NA,NA,NA,NA,NA,0.00,NA,NA,NA
2025-09-24 13:00:00,35.20,101.03,6.59,21.47,10.43,NA,NA,NA,0.36,NA,NA,NA,NA,NA,NA,NA,NA,NA,NA,NA,0.00,NA,NA,NA
2025-09-24 14:00:00,29.41,87.38,6.83,27.10,12.19,NA,NA,NA,0.34,NA,NA,NA,NA,NA,NA,NA,NA,NA,NA,NA,0.00,NA,NA,NA
2025-09-24 15:00:00,30.96,95.98,6.88,29.85,13.00,NA,NA,NA,0.36,NA,NA,NA,NA,NA,NA,NA,NA,NA,NA,NA,0.00,NA,NA,NA
2025-09-24 16:00:00,23.07,89.00,5.66,25.03,10.82,NA,NA,NA,0.48,NA,NA,NA,NA,NA,NA,NA,NA,NA,NA,NA,0.00,NA,NA,NA
2025-09-24 17:00:00,24.06,88.02,6.59,47.40,17.77,NA,NA,NA,0.55,NA,NA,NA,NA,NA,NA,NA,NA,NA,NA,NA,0.00,NA,NA,NA
2025-09-24 18:00:00,34.98,97.39,9.07,75.72,27.42,NA,NA,NA,0.76,NA,NA,NA,NA,NA,NA,NA,NA,NA,NA,NA,0.00,NA,NA,NA
2025-09-24 19:00:00,41.53,106.02,6.84,69.60,24.22,NA,NA,NA,1.06,NA,NA,NA,NA,NA,NA,NA,NA,NA,NA,NA,0.00,NA,NA,NA
2025-09-24 20:00:00,35.66,121.44,10.31,80.35,29.55,NA,NA,NA,1.23,NA,NA,NA,NA,NA,NA,NA,NA,NA,NA,NA,0.00,NA,NA,NA
2025-09-24 21:00:00,74.22,136.50,35.90,93.97,50.32,NA,NA,NA,1.71,NA,NA,NA,NA,NA,NA,NA,NA,NA,NA,NA,0.00,NA,NA,NA
2025-09-24 22:00:00,40.15,134.86,9.63,78.49,28.57,NA,NA,NA,1.22,NA,NA,NA,NA,NA,NA,NA,NA,NA,NA,NA,0.00,NA,NA,NA
2025-09-24 23:00:00,3.12,126.76,14.63,80.59,32.47,NA,NA,NA,1.09,NA,NA,NA,NA,NA,NA,NA,NA,NA,NA,NA,0.00,NA,NA,NA
2025-09-25 00:00:00,44.41,132.34,9.66,68.87,25.88,NA,NA,NA,1.04,NA,NA,NA,NA,NA,NA,NA,NA,NA,NA,NA,0.00,NA,NA,NA
2025-09-25 01:00:00,50.03,121.55,11.22,68.16,26.70,NA,NA,NA,1.00,NA,NA,NA,NA,NA,NA,NA,NA,NA,NA,NA,0.00,NA,NA,NA
2025-09-25 02:00:00,67.24,116.68,9.70,64.24,24.58,NA,NA,NA,0.96,NA,NA,NA,NA,NA,NA,NA,NA,NA,NA,NA,0.00,NA,NA,NA
2025-09-25 03:00:00,63.04,103.72,9.50,56.23,22.19,NA,NA,NA,0.93,NA,NA,NA,NA,NA,NA,NA,NA,NA,NA,NA,0.00,NA,NA,NA
2025-09-25 04:00:00,44.08,117.11,13.54,60.85,26.17,NA,NA,NA,0.98,NA,NA,NA,NA,NA,NA,NA,NA,NA,NA,NA,0.00,NA,NA,NA
2025-09-25 05:00:00,9.94,107.36,15.63,54.25,25.68,NA,NA,NA,1.00,NA,NA,NA,NA,NA,NA,NA,NA,NA,NA,NA,0.00,NA,NA,NA
2025-09-25 06:00:00,15.24,107.05,14.61,47.06,22.97,NA,NA,NA,0.81,NA,NA,NA,NA,NA,NA,NA,NA,NA,NA,NA,0.00,NA,NA,NA
2025-09-25 07:00:00,38.03,75.46,13.59,39.47,20.15,NA,NA,NA,0.82,NA,NA,NA,NA,NA,NA,NA,NA,NA,NA,NA,0.00,NA,NA,NA
2025-09-25 08:00:00,60.05,74.60,11.24,29.89,15.89,NA,NA,NA,0.66,NA,NA,NA,NA,NA,NA,NA,NA,NA,NA,NA,0.00,NA,NA,NA
2025-09-25 09:00:00,18.99,65.69,9.64,25.19,13.50,NA,NA,NA,0.57,NA,NA,NA,NA,NA,NA,NA,NA,NA,NA,NA,0.00,NA,NA,NA
2025-09-25 10:00:00,48.25,91.09,10.57,32.66,16.22,NA,NA,NA,0.59,NA,NA,NA,NA,NA,NA,NA,NA,NA,NA,NA,0.00,NA,NA,NA
2025-09-25 11:00:00,17.27,97.19,8.59,30.11,14.20,NA,NA,NA,0.53,NA,NA,NA,NA,NA,NA,NA,NA,NA,NA,NA,0.00,NA,NA,NA
2025-09-25 12:00:00,14.19,102.48,7.03,28.31,12.66,NA,NA,NA,0.50,NA,NA,NA,NA,NA,NA,NA,NA,NA,NA,NA,0.00,NA,NA,NA
2025-09-25 13:00:00,24.46,95.92,6.31,28.41,12.20,NA,NA,NA,0.50,NA,NA,NA,NA,NA,NA,NA,NA,NA,NA,NA,0.00,NA,NA,NA
2025-09-25 14:00:00,23.49,87.74,7.14,25.47,11.93,NA,NA,NA,0.41,NA,NA,NA,NA,NA,NA,NA,NA,NA,NA,NA,0.00,NA,NA,NA
2025-09-25 15:00:00,15.63,82.50,7.88,35.34,15.21,NA,NA,NA,0.41,NA,NA,NA,NA,NA,NA,NA,NA,NA,NA,NA,0.00,NA,NA,NA
2025-09-25 16:00:00,16.03,78.19,6.13,27.78,11.91,NA,NA,NA,0.58,NA,NA,NA,NA,NA,NA,NA,NA,NA,NA,NA,0.00,NA,NA,NA
2025-09-25 17:00:00,13.88,75.27,6.19,42.39,16.09,NA,NA,NA,0.57,NA,NA,NA,NA,NA,NA,NA,NA,NA,NA,NA,0.00,NA,NA,NA
2025-09-25 18:00:00,19.66,89.71,6.18,56.96,20.21,NA,NA,NA,0.75,NA,NA,NA,NA,NA,NA,NA,NA,NA,NA,NA,0.00,NA,NA,NA
2025-09-25 19:00:00,15.33,90.57,9.71,77.20,28.27,NA,NA,NA,0.98,NA,NA,NA,NA,NA,NA,NA,NA,NA,NA,NA,0.00,NA,NA,NA
2025-09-25 20:00:00,19.50,110.78,8.24,80.13,28.12,NA,NA,NA,1.36,NA,NA,NA,NA,NA,NA,NA,NA,NA,NA,NA,0.00,NA,NA,NA
2025-09-25 21:00:00,34.58,131.81,10.76,80.68,29.94,NA,NA,NA,1.52,NA,NA,NA,NA,NA,NA,NA,NA,NA,NA,NA,0.00,NA,NA,NA
2025-09-25 22:00:00,15.19,134.59,9.23,67.87,25.30,NA,NA,NA,1.22,NA,NA,NA,NA,NA,NA,NA,NA,NA,NA,NA,0.00,NA,NA,NA
2025-09-25 23:00:00,26.54,123.63,8.49,65.67,24.20,NA,NA,NA,1.04,NA,NA,NA,NA,NA,NA,NA,NA,NA,NA,NA,0.00,NA,NA,NA
2025-09-26 00:00:00,23.88,113.80,6.59,46.47,17.51,NA,NA,NA,0.84,NA,NA,NA,NA,NA,NA,NA,NA,NA,NA,NA,0.00,NA,NA,NA
2025-09-26 01:00:00,29.18,126.97,7.58,44.97,17.74,NA,NA,NA,0.86,NA,NA,NA,NA,NA,NA,NA,NA,NA,NA,NA,0.00,NA,NA,NA
2025-09-26 02:00:00,59.98,173.86,10.34,64.02,24.95,NA,NA,NA,1.54,NA,NA,NA,NA,NA,NA,NA,NA,NA,NA,NA,0.00,NA,NA,NA
2025-09-26 03:00:00,48.75,146.48,10.26,63.06,24.62,NA,NA,NA,0.99,NA,NA,NA,NA,NA,NA,NA,NA,NA,NA,NA,0.00,NA,NA,NA
2025-09-26 04:00:00,32.48,112.84,13.99,57.82,25.61,NA,NA,NA,1.11,NA,NA,NA,NA,NA,NA,NA,NA,NA,NA,NA,0.00,NA,NA,NA
2025-09-26 05:00:00,24.28,105.95,21.42,59.14,30.89,NA,NA,NA,1.29,NA,NA,NA,NA,NA,NA,NA,NA,NA,NA,NA,0.00,NA,NA,NA
2025-09-26 06:00:00,31.06,110.88,25.60,51.58,31.51,NA,NA,NA,1.27,NA,NA,NA,NA,NA,NA,NA,NA,NA,NA,NA,0.00,NA,NA,NA
2025-09-26 07:00:00,33.85,107.06,18.36,50.52,26.43,NA,NA,NA,1.20,NA,NA,NA,NA,NA,NA,NA,NA,NA,NA,NA,0.00,NA,NA,NA
2025-09-26 08:00:00,21.54,125.59,15.20,60.98,27.30,NA,NA,NA,1.31,NA,NA,NA,NA,NA,NA,NA,NA,NA,NA,NA,0.00,NA,NA,NA
2025-09-26 09:00:00,31.03,141.53,8.89,57.22,22.06,NA,NA,NA,1.22,NA,NA,NA,NA,NA,NA,NA,NA,NA,NA,NA,0.00,NA,NA,NA
2025-09-26 10:00:00,28.92,146.50,7.41,47.10,18.22,NA,NA,NA,0.91,NA,NA,NA,NA,NA,NA,NA,NA,NA,NA,NA,0.00,NA,NA,NA
2025-09-26 11:00:00,30.51,130.14,6.45,40.49,15.72,NA,NA,NA,0.67,NA,NA,NA,NA,NA,NA,NA,NA,NA,NA,NA,0.00,NA,NA,NA
2025-09-26 12:00:00,NA,128.74,5.94,41.45,15.66,NA,NA,NA,0.47,NA,NA,NA,NA,NA,NA,NA,NA,NA,NA,NA,0.00,NA,NA,NA
2025-09-26 13:00:00,NA,168.35,5.84,32.48,13.05,NA,NA,NA,0.44,NA,NA,NA,NA,NA,NA,NA,NA,NA,NA,NA,0.00,NA,NA,NA
2025-09-26 14:00:00,NA,312.84,6.51,32.56,13.51,NA,NA,NA,0.53,NA,NA,NA,NA,NA,NA,NA,NA,NA,NA,NA,0.00,NA,NA,NA
2025-09-26 15:00:00,10.55,186.34,5.82,35.54,13.90,NA,NA,NA,0.52,NA,NA,NA,NA,NA,NA,NA,NA,NA,NA,NA,0.00,NA,NA,NA
2025-09-26 16:00:00,3.32,175.17,8.68,31.09,14.53,NA,NA,NA,0.28,NA,NA,NA,NA,NA,NA,NA,NA,NA,NA,NA,0.00,NA,NA,NA
2025-09-26 17:00:00,9.23,146.43,10.76,51.42,21.67,NA,NA,NA,0.25,NA,NA,NA,NA,NA,NA,NA,NA,NA,NA,NA,0.00,NA,NA,NA
2025-09-26 18:00:00,28.18,117.56,7.06,55.84,20.47,NA,NA,NA,0.54,NA,NA,NA,NA,NA,NA,NA,NA,NA,NA,NA,0.00,NA,NA,NA
2025-09-26 19:00:00,6.35,109.70,6.70,77.76,26.43,NA,NA,NA,0.91,NA,NA,NA,NA,NA,NA,NA,NA,NA,NA,NA,0.00,NA,NA,NA
2025-09-26 20:00:00,11.60,126.27,6.91,77.85,26.59,NA,NA,NA,1.00,NA,NA,NA,NA,NA,NA,NA,NA,NA,NA,NA,0.00,NA,NA,NA
2025-09-26 21:00:00,12.89,130.11,5.82,71.32,24.03,NA,NA,NA,1.08,NA,NA,NA,NA,NA,NA,NA,NA,NA,NA,NA,0.00,NA,NA,NA
2025-09-26 22:00:00,5.38,130.64,5.87,69.06,23.42,NA,NA,NA,1.24,NA,NA,NA,NA,NA,NA,NA,NA,NA,NA,NA,0.00,NA,NA,NA
2025-09-26 23:00:00,17.33,145.24,5.48,65.77,22.23,NA,NA,NA,1.18,NA,NA,NA,NA,NA,NA,NA,NA,NA,NA,NA,0.00,NA,NA,NA
2025-09-27 00:00:00,21.36,344.73,4.88,41.59,14.99,NA,NA,NA,0.82,NA,NA,NA,NA,NA,NA,NA,NA,NA,NA,NA,0.00,NA,NA,NA
2025-09-27 01:00:00,20.13,NA,5.48,47.41,17.04,NA,NA,NA,0.91,NA,NA,NA,NA,NA,NA,NA,NA,NA,NA,NA,0.00,NA,NA,NA
2025-09-27 02:00:00,23.28,428.46,5.63,59.31,20.50,NA,NA,NA,0.89,NA,NA,NA,NA,NA,NA,NA,NA,NA,NA,NA,0.00,NA,NA,NA
2025-09-27 03:00:00,32.02,240.75,5.13,47.47,16.82,NA,NA,NA,0.90,NA,NA,NA,NA,NA,NA,NA,NA,NA,NA,NA,0.00,NA,NA,NA
2025-09-27 04:00:00,27.75,126.95,8.97,72.16,26.34,NA,NA,NA,0.91,NA,NA,NA,NA,NA,NA,NA,NA,NA,NA,NA,0.00,NA,NA,NA
2025-09-27 05:00:00,28.51,122.28,12.38,78.06,30.28,NA,NA,NA,0.95,NA,NA,NA,NA,NA,NA,NA,NA,NA,NA,NA,0.00,NA,NA,NA
2025-09-27 06:00:00,27.83,123.93,13.56,75.48,30.32,NA,NA,NA,1.07,NA,NA,NA,NA,NA,NA,NA,NA,NA,NA,NA,0.00,NA,NA,NA
2025-09-27 07:00:00,33.25,135.23,19.46,74.66,33.99,NA,NA,NA,1.16,NA,NA,NA,NA,NA,NA,NA,NA,NA,NA,NA,0.00,NA,NA,NA
2025-09-27 08:00:00,40.75,156.98,9.64,64.52,24.62,NA,NA,NA,1.14,NA,NA,NA,NA,NA,NA,NA,NA,NA,NA,NA,0.00,NA,NA,NA
2025-09-27 09:00:00,64.22,188.74,6.05,58.15,20.44,NA,NA,NA,1.30,NA,NA,NA,NA,NA,NA,NA,NA,NA,NA,NA,0.00,NA,NA,NA
2025-09-27 10:00:00,63.18,189.99,4.58,38.54,13.93,NA,NA,NA,1.12,NA,NA,NA,NA,NA,NA,NA,NA,NA,NA,NA,0.00,NA,NA,NA
2025-09-27 11:00:00,68.47,174.01,4.55,42.35,14.99,NA,NA,NA,1.09,NA,NA,NA,NA,NA,NA,NA,NA,NA,NA,NA,0.00,NA,NA,NA
2025-09-27 12:00:00,81.33,187.24,3.66,45.85,15.39,NA,NA,NA,1.13,NA,NA,NA,NA,NA,NA,NA,NA,NA,NA,NA,0.00,NA,NA,NA
2025-09-27 13:00:00,78.26,199.28,3.24,46.56,15.32,NA,NA,NA,1.16,NA,NA,NA,NA,NA,NA,NA,NA,NA,NA,NA,0.00,NA,NA,NA
2025-09-27 14:00:00,71.26,202.02,2.72,44.00,14.24,NA,NA,NA,1.08,NA,NA,NA,NA,NA,NA,NA,NA,NA,NA,NA,0.00,NA,NA,NA
2025-09-27 15:00:00,76.56,195.98,2.64,42.46,13.76,NA,NA,NA,1.04,NA,NA,NA,NA,NA,NA,NA,NA,NA,NA,NA,0.00,NA,NA,NA
2025-09-27 16:00:00,72.29,185.03,2.80,40.27,13.24,NA,NA,NA,1.02,NA,NA,NA,NA,NA,NA,NA,NA,NA,NA,NA,0.00,NA,NA,NA
2025-09-27 17:00:00,71.84,181.03,3.53,69.65,22.04,NA,NA,NA,1.23,NA,NA,NA,NA,NA,NA,NA,NA,NA,NA,NA,0.00,NA,NA,NA
2025-09-27 18:00:00,77.89,200.24,3.84,82.86,25.98,NA,NA,NA,1.31,NA,NA,NA,NA,NA,NA,NA,NA,NA,NA,NA,0.00,NA,NA,NA
2025-09-27 19:00:00,62.39,201.74,4.02,55.39,18.33,NA,NA,NA,1.44,NA,NA,NA,NA,NA,NA,NA,NA,NA,NA,NA,0.00,NA,NA,NA
2025-09-27 20:00:00,58.93,199.50,4.59,80.05,25.68,NA,NA,NA,1.77,NA,NA,NA,NA,NA,NA,NA,NA,NA,NA,NA,0.00,NA,NA,NA
2025-09-27 21:00:00,63.72,199.20,9.71,124.15,41.55,NA,NA,NA,2.15,NA,NA,NA,NA,NA,NA,NA,NA,NA,NA,NA,0.00,NA,NA,NA
2025-09-27 22:00:00,72.74,235.51,8.19,124.58,40.66,NA,NA,NA,2.36,NA,NA,NA,NA,NA,NA,NA,NA,NA,NA,NA,0.00,NA,NA,NA
2025-09-27 23:00:00,85.33,269.03,39.86,146.87,67.91,NA,NA,NA,3.04,NA,NA,NA,NA,NA,NA,NA,NA,NA,NA,NA,0.00,NA,NA,NA
2025-09-28 00:00:00,101.53,311.62,28.19,120.69,52.77,NA,NA,NA,2.87,NA,NA,NA,NA,NA,NA,NA,NA,NA,NA,NA,0.00,NA,NA,NA
2025-09-28 01:00:00,93.63,247.76,30.50,96.50,47.47,NA,NA,NA,2.59,NA,NA,NA,NA,NA,NA,NA,NA,NA,NA,NA,0.00,NA,NA,NA
2025-09-28 02:00:00,70.01,218.69,30.29,88.38,45.02,NA,NA,NA,2.09,NA,NA,NA,NA,NA,NA,NA,NA,NA,NA,NA,0.00,NA,NA,NA
2025-09-28 03:00:00,40.18,137.55,18.71,80.38,35.11,NA,NA,NA,1.49,NA,NA,NA,NA,NA,NA,NA,NA,NA,NA,NA,0.00,NA,NA,NA
2025-09-28 04:00:00,28.87,104.49,10.55,54.69,22.45,NA,NA,NA,1.27,NA,NA,NA,NA,NA,NA,NA,NA,NA,NA,NA,0.00,NA,NA,NA
2025-09-28 05:00:00,23.06,77.78,11.45,56.45,23.54,NA,NA,NA,1.25,NA,NA,NA,NA,NA,NA,NA,NA,NA,NA,NA,0.00,NA,NA,NA
2025-09-28 06:00:00,23.14,85.72,14.66,60.93,26.93,NA,NA,NA,1.35,NA,NA,NA,NA,NA,NA,NA,NA,NA,NA,NA,0.00,NA,NA,NA
2025-09-28 07:00:00,18.85,89.01,12.25,47.55,21.54,NA,NA,NA,1.31,NA,NA,NA,NA,NA,NA,NA,NA,NA,NA,NA,0.00,NA,NA,NA
2025-09-28 08:00:00,24.27,91.06,9.46,36.59,16.61,NA,NA,NA,1.12,NA,NA,NA,NA,NA,NA,NA,NA,NA,NA,NA,0.00,NA,NA,NA
2025-09-28 09:00:00,26.40,74.86,7.50,27.72,12.80,NA,NA,NA,1.06,NA,NA,NA,NA,NA,NA,NA,NA,NA,NA,NA,0.00,NA,NA,NA
2025-09-28 10:00:00,29.58,89.56,5.93,26.26,11.35,NA,NA,NA,1.00,NA,NA,NA,NA,NA,NA,NA,NA,NA,NA,NA,0.00,NA,NA,NA
2025-09-28 11:00:00,33.20,91.33,5.28,31.96,12.53,NA,NA,NA,0.95,NA,NA,NA,NA,NA,NA,NA,NA,NA,NA,NA,0.00,NA,NA,NA
2025-09-28 12:00:00,43.14,108.22,4.50,27.82,10.85,NA,NA,NA,0.85,NA,NA,NA,NA,NA,NA,NA,NA,NA,NA,NA,0.00,NA,NA,NA
2025-09-28 13:00:00,33.32,94.10,4.01,25.28,9.80,NA,NA,NA,0.81,NA,NA,NA,NA,NA,NA,NA,NA,NA,NA,NA,0.00,NA,NA,NA
2025-09-28 14:00:00,29.71,82.98,4.27,25.42,10.01,NA,NA,NA,0.70,NA,NA,NA,NA,NA,NA,NA,NA,NA,NA,NA,0.00,NA,NA,NA
2025-09-28 15:00:00,29.69,84.82,3.86,26.20,9.97,NA,NA,NA,0.69,NA,NA,NA,NA,NA,NA,NA,NA,NA,NA,NA,0.00,NA,NA,NA
2025-09-28 16:00:00,26.63,80.03,3.83,31.36,11.40,NA,NA,NA,0.67,NA,NA,NA,NA,NA,NA,NA,NA,NA,NA,NA,0.00,NA,NA,NA
2025-09-28 17:00:00,26.94,83.09,3.60,41.41,14.10,NA,NA,NA,0.76,NA,NA,NA,NA,NA,NA,NA,NA,NA,NA,NA,0.00,NA,NA,NA
2025-09-28 18:00:00,24.55,96.08,7.14,75.09,25.97,NA,NA,NA,1.04,NA,NA,NA,NA,NA,NA,NA,NA,NA,NA,NA,0.00,NA,NA,NA
2025-09-28 19:00:00,30.92,144.88,12.79,108.66,39.20,NA,NA,NA,1.52,NA,NA,NA,NA,NA,NA,NA,NA,NA,NA,NA,0.00,NA,NA,NA
2025-09-28 20:00:00,35.92,194.97,27.48,120.28,52.19,NA,NA,NA,2.11,NA,NA,NA,NA,NA,NA,NA,NA,NA,NA,NA,0.00,NA,NA,NA
2025-09-28 21:00:00,47.44,200.27,33.95,115.99,55.26,NA,NA,NA,2.18,NA,NA,NA,NA,NA,NA,NA,NA,NA,NA,NA,0.00,NA,NA,NA
2025-09-28 22:00:00,43.40,208.19,34.68,102.17,51.83,NA,NA,NA,2.24,NA,NA,NA,NA,NA,NA,NA,NA,NA,NA,NA,0.00,NA,NA,NA
2025-09-28 23:00:00,39.53,261.56,31.87,91.29,46.89,NA,NA,NA,1.94,NA,NA,NA,NA,NA,NA,NA,NA,NA,NA,NA,0.00,NA,NA,NA
2025-09-29 00:00:00,41.82,190.70,14.79,75.89,31.24,NA,NA,NA,1.56,NA,NA,NA,NA,NA,NA,NA,NA,NA,NA,NA,0.00,NA,NA,NA
2025-09-29 01:00:00,47.09,531.27,18.40,78.05,34.25,NA,NA,NA,1.53,NA,NA,NA,NA,NA,NA,NA,NA,NA,NA,NA,0.00,NA,NA,NA
2025-09-29 02:00:00,47.58,530.79,22.29,76.92,36.49,NA,NA,NA,1.54,NA,NA,NA,NA,NA,NA,NA,NA,NA,NA,NA,0.00,NA,NA,NA
2025-09-29 03:00:00,41.52,199.35,15.61,65.91,28.96,NA,NA,NA,1.35,NA,NA,NA,NA,NA,NA,NA,NA,NA,NA,NA,0.00,NA,NA,NA
2025-09-29 04:00:00,35.49,491.82,12.43,49.25,22.15,NA,NA,NA,1.27,NA,NA,NA,NA,NA,NA,NA,NA,NA,NA,NA,0.00,NA,NA,NA
2025-09-29 05:00:00,41.38,308.78,16.05,57.61,26.91,NA,NA,NA,1.35,NA,NA,NA,NA,NA,NA,NA,NA,NA,NA,NA,0.00,NA,NA,NA
2025-09-29 06:00:00,48.22,587.78,14.59,50.51,23.93,NA,NA,NA,1.42,NA,NA,NA,NA,NA,NA,NA,NA,NA,NA,NA,0.00,NA,NA,NA
2025-09-29 07:00:00,57.31,269.58,13.20,46.14,21.78,NA,NA,NA,1.39,NA,NA,NA,NA,NA,NA,NA,NA,NA,NA,NA,0.00,NA,NA,NA
2025-09-29 08:00:00,38.29,61.10,8.75,29.27,14.06,NA,NA,NA,1.04,NA,NA,NA,NA,NA,NA,NA,NA,NA,NA,NA,0.00,NA,NA,NA
2025-09-29 09:00:00,31.75,53.03,7.12,26.51,12.21,NA,NA,NA,0.90,NA,NA,NA,NA,NA,NA,NA,NA,NA,NA,NA,0.00,NA,NA,NA
2025-09-29 10:00:00,25.69,68.25,6.02,32.29,13.11,NA,NA,NA,0.86,NA,NA,NA,NA,NA,NA,NA,NA,NA,NA,NA,0.00,NA,NA,NA
2025-09-29 11:00:00,37.27,93.37,4.61,28.61,11.15,NA,NA,NA,0.81,NA,NA,NA,NA,NA,NA,NA,NA,NA,NA,NA,0.00,NA,NA,NA
2025-09-29 12:00:00,40.52,161.44,4.67,36.00,13.27,NA,NA,NA,0.84,NA,NA,NA,NA,NA,NA,NA,NA,NA,NA,NA,0.00,NA,NA,NA
2025-09-29 13:00:00,38.22,106.78,4.60,29.43,11.38,NA,NA,NA,0.79,NA,NA,NA,NA,NA,NA,NA,NA,NA,NA,NA,0.00,NA,NA,NA
2025-09-29 14:00:00,36.02,74.06,3.93,29.17,10.85,NA,NA,NA,0.70,NA,NA,NA,NA,NA,NA,NA,NA,NA,NA,NA,0.00,NA,NA,NA
2025-09-29 15:00:00,28.93,58.23,3.86,31.22,11.39,NA,NA,NA,0.69,NA,NA,NA,NA,NA,NA,NA,NA,NA,NA,NA,0.00,NA,NA,NA
2025-09-29 16:00:00,36.36,74.14,4.00,36.61,13.00,NA,NA,NA,0.78,NA,NA,NA,NA,NA,NA,NA,NA,NA,NA,NA,0.00,NA,NA,NA
2025-09-29 17:00:00,27.37,88.13,3.72,41.25,14.13,NA,NA,NA,0.81,NA,NA,NA,NA,NA,NA,NA,NA,NA,NA,NA,0.00,NA,NA,NA
2025-09-29 18:00:00,35.27,87.46,5.71,97.36,31.32,NA,NA,NA,1.17,NA,NA,NA,NA,NA,NA,NA,NA,NA,NA,NA,0.00,NA,NA,NA
2025-09-29 19:00:00,26.35,119.83,7.43,111.06,36.33,NA,NA,NA,1.22,NA,NA,NA,NA,NA,NA,NA,NA,NA,NA,NA,0.00,NA,NA,NA
2025-09-29 20:00:00,46.76,158.14,21.17,122.79,48.76,NA,NA,NA,1.65,NA,NA,NA,NA,NA,NA,NA,NA,NA,NA,NA,0.00,NA,NA,NA
2025-09-29 21:00:00,43.54,175.26,43.41,123.84,63.73,NA,NA,NA,2.03,NA,NA,NA,NA,NA,NA,NA,NA,NA,NA,NA,0.00,NA,NA,NA
2025-09-29 22:00:00,48.74,175.39,37.08,134.66,62.61,NA,NA,NA,1.87,NA,NA,NA,NA,NA,NA,NA,NA,NA,NA,NA,0.00,NA,NA,NA
2025-09-29 23:00:00,88.02,154.57,18.38,107.83,42.65,NA,NA,NA,1.72,NA,NA,NA,NA,NA,NA,NA,NA,NA,NA,NA,0.00,NA,NA,NA
2025-09-30 00:00:00,43.59,185.36,39.63,106.32,56.29,NA,NA,NA,1.93,NA,NA,NA,NA,NA,NA,NA,NA,NA,NA,NA,0.00,NA,NA,NA
2025-09-30 01:00:00,26.50,172.83,42.78,97.48,55.86,NA,NA,NA,2.01,NA,NA,NA,NA,NA,NA,NA,NA,NA,NA,NA,0.00,NA,NA,NA
2025-09-30 02:00:00,48.56,170.13,33.75,91.12,48.08,NA,NA,NA,1.59,NA,NA,NA,NA,NA,NA,NA,NA,NA,NA,NA,0.00,NA,NA,NA
2025-09-30 03:00:00,53.08,174.77,14.92,69.27,29.46,NA,NA,NA,1.48,NA,NA,NA,NA,NA,NA,NA,NA,NA,NA,NA,0.00,NA,NA,NA
2025-09-30 04:00:00,76.94,152.01,22.28,69.90,34.51,NA,NA,NA,1.52,NA,NA,NA,NA,NA,NA,NA,NA,NA,NA,NA,0.00,NA,NA,NA
2025-09-30 05:00:00,131.61,143.89,44.16,73.35,49.95,NA,NA,NA,1.81,NA,NA,NA,NA,NA,NA,NA,NA,NA,NA,NA,0.00,NA,NA,NA
2025-09-30 06:00:00,48.77,146.07,108.29,87.26,96.26,NA,NA,NA,2.13,NA,NA,NA,NA,NA,NA,NA,NA,NA,NA,NA,0.00,NA,NA,NA
2025-09-30 07:00:00,74.62,136.58,52.07,66.73,53.29,NA,NA,NA,1.85,NA,NA,NA,NA,NA,NA,NA,NA,NA,NA,NA,0.00,NA,NA,NA
2025-09-30 08:00:00,45.22,115.49,20.94,69.59,33.54,NA,NA,NA,1.41,NA,NA,NA,NA,NA,NA,NA,NA,NA,NA,NA,0.00,NA,NA,NA
2025-09-30 09:00:00,NA,NA,14.08,71.71,29.59,NA,NA,NA,1.34,NA,NA,NA,NA,NA,NA,NA,NA,NA,NA,NA,0.00,NA,NA,NA
2025-09-30 10:00:00,85.86,113.34,10.45,49.30,20.85,NA,NA,NA,1.19,NA,NA,NA,NA,NA,NA,NA,NA,NA,NA,NA,0.00,NA,NA,NA
2025-09-30 11:00:00,108.69,159.82,7.24,51.95,19.48,NA,NA,NA,1.11,NA,NA,NA,NA,NA,NA,NA,NA,NA,NA,NA,0.00,NA,NA,NA
2025-09-30 12:00:00,46.50,144.29,5.54,57.96,20.06,NA,NA,NA,0.79,NA,NA,NA,NA,NA,NA,NA,NA,NA,NA,NA,0.00,NA,NA,NA
2025-09-30 13:00:00,10.76,18.92,9.98,83.66,30.29,NA,NA,NA,0.93,NA,NA,NA,NA,NA,NA,NA,NA,NA,NA,NA,0.00,NA,NA,NA
2025-09-30 14:00:00,13.15,26.58,18.93,113.34,44.56,NA,NA,NA,1.10,NA,NA,NA,NA,NA,NA,NA,NA,NA,NA,NA,0.00,NA,NA,NA
2025-09-30 15:00:00,19.23,34.34,21.27,111.85,45.71,NA,NA,NA,1.46,NA,NA,NA,NA,NA,NA,NA,NA,NA,NA,NA,0.00,NA,NA,NA
2025-09-30 16:00:00,14.81,55.53,16.87,107.60,41.60,NA,NA,NA,1.55,NA,NA,NA,NA,NA,NA,NA,NA,NA,NA,NA,0.00,NA,NA,NA
2025-09-30 17:00:00,29.56,81.42,20.80,97.57,41.35,NA,NA,NA,1.73,NA,NA,NA,NA,NA,NA,NA,NA,NA,NA,NA,0.00,NA,NA,NA
2025-09-30 18:00:00,16.18,58.48,10.30,73.24,27.53,NA,NA,NA,1.45,NA,NA,NA,NA,NA,NA,NA,NA,NA,NA,NA,0.00,NA,NA,NA
2025-09-30 19:00:00,34.94,86.89,11.02,75.35,28.60,NA,NA,NA,1.44,NA,NA,NA,NA,NA,NA,NA,NA,NA,NA,NA,0.00,NA,NA,NA
2025-09-30 20:00:00,33.90,90.70,10.61,59.54,23.86,NA,NA,NA,1.34,NA,NA,NA,NA,NA,NA,NA,NA,NA,NA,NA,0.00,NA,NA,NA
2025-09-30 21:00:00,27.45,78.13,11.43,55.74,23.33,NA,NA,NA,1.25,NA,NA,NA,NA,NA,NA,NA,NA,NA,NA,NA,0.00,NA,NA,NA
2025-09-30 22:00:00,11.37,38.53,9.57,50.68,20.66,NA,NA,NA,0.97,NA,NA,NA,NA,NA,NA,NA,NA,NA,NA,NA,0.00,NA,NA,NA
2025-09-30 23:00:00,12.53,49.02,15.97,64.80,28.88,NA,NA,NA,1.04,NA,NA,NA,NA,NA,NA,NA,NA,NA,NA,NA,0.00,NA,NA,NA
2025-10-01 00:00:00,16.61,51.18,14.30,63.85,27.52,NA,NA,NA,0.97,NA,NA,NA,NA,NA,NA,NA,NA,NA,NA,NA,0.00,NA,NA,NA
2025-10-01 01:00:00,12.94,31.93,10.10,54.84,22.19,NA,NA,NA,0.93,NA,NA,NA,NA,NA,NA,NA,NA,NA,NA,NA,0.00,NA,NA,NA
2025-10-01 02:00:00,9.22,40.96,22.95,63.87,33.25,NA,NA,NA,1.11,NA,NA,NA,NA,NA,NA,NA,NA,NA,NA,NA,0.00,NA,NA,NA
2025-10-01 03:00:00,12.82,65.56,55.01,72.72,56.93,NA,NA,NA,1.34,NA,NA,NA,NA,NA,NA,NA,NA,NA,NA,NA,0.00,NA,NA,NA
2025-10-01 04:00:00,18.58,77.74,47.00,65.96,49.73,NA,NA,NA,1.30,NA,NA,NA,NA,NA,NA,NA,NA,NA,NA,NA,0.00,NA,NA,NA
2025-10-01 05:00:00,10.35,76.94,57.76,67.79,57.36,NA,NA,NA,1.42,NA,NA,NA,NA,NA,NA,NA,NA,NA,NA,NA,0.00,NA,NA,NA
2025-10-01 06:00:00,13.78,59.68,52.59,69.16,54.33,NA,NA,NA,1.28,NA,NA,NA,NA,NA,NA,NA,NA,NA,NA,NA,0.00,NA,NA,NA
2025-10-01 07:00:00,21.14,65.29,37.20,67.06,43.56,NA,NA,NA,1.27,NA,NA,NA,NA,NA,NA,NA,NA,NA,NA,NA,0.00,NA,NA,NA
2025-10-01 08:00:00,34.66,80.73,23.91,62.93,33.60,NA,NA,NA,1.14,NA,NA,NA,NA,NA,NA,NA,NA,NA,NA,NA,0.00,NA,NA,NA
2025-10-01 09:00:00,31.42,78.09,14.14,64.08,27.48,NA,NA,NA,1.43,NA,NA,NA,NA,NA,NA,NA,NA,NA,NA,NA,0.00,NA,NA,NA
2025-10-01 10:00:00,41.52,95.86,10.05,59.24,23.40,NA,NA,NA,1.48,NA,NA,NA,NA,NA,NA,NA,NA,NA,NA,NA,0.00,NA,NA,NA
2025-10-01 11:00:00,59.61,118.14,7.36,48.36,18.55,NA,NA,NA,1.42,NA,NA,NA,NA,NA,NA,NA,NA,NA,NA,NA,0.00,NA,NA,NA
2025-10-01 12:00:00,49.29,99.55,6.20,44.96,16.81,NA,NA,NA,1.13,NA,NA,NA,NA,NA,NA,NA,NA,NA,NA,NA,0.00,NA,NA,NA
2025-10-01 13:00:00,44.86,87.78,5.13,40.72,14.92,NA,NA,NA,1.04,NA,NA,NA,NA,NA,NA,NA,NA,NA,NA,NA,0.00,NA,NA,NA
2025-10-01 14:00:00,36.86,83.12,5.17,60.52,20.54,NA,NA,NA,1.10,NA,NA,NA,NA,NA,NA,NA,NA,NA,NA,NA,0.00,NA,NA,NA
2025-10-01 15:00:00,49.20,105.16,4.06,62.63,20.41,NA,NA,NA,1.20,NA,NA,NA,NA,NA,NA,NA,NA,NA,NA,NA,0.00,NA,NA,NA
2025-10-01 16:00:00,50.54,111.53,3.81,83.95,26.27,NA,NA,NA,1.30,NA,NA,NA,NA,NA,NA,NA,NA,NA,NA,NA,0.00,NA,NA,NA
2025-10-01 17:00:00,48.50,115.63,3.86,74.33,23.58,NA,NA,NA,1.30,NA,NA,NA,NA,NA,NA,NA,NA,NA,NA,NA,0.00,NA,NA,NA
2025-10-01 18:00:00,31.81,115.39,5.68,133.82,41.63,NA,NA,NA,1.68,NA,NA,NA,NA,NA,NA,NA,NA,NA,NA,NA,0.00,NA,NA,NA
2025-10-01 19:00:00,38.46,145.70,40.16,203.14,84.02,NA,NA,NA,2.42,NA,NA,NA,NA,NA,NA,NA,NA,NA,NA,NA,0.00,NA,NA,NA
2025-10-01 20:00:00,48.08,168.78,38.40,199.96,81.93,NA,NA,NA,2.56,NA,NA,NA,NA,NA,NA,NA,NA,NA,NA,NA,0.00,NA,NA,NA
2025-10-01 21:00:00,54.67,188.78,12.87,123.44,43.42,NA,NA,NA,2.12,NA,NA,NA,NA,NA,NA,NA,NA,NA,NA,NA,0.00,NA,NA,NA
2025-10-01 22:00:00,48.36,159.54,13.44,93.16,35.25,NA,NA,NA,1.67,NA,NA,NA,NA,NA,NA,NA,NA,NA,NA,NA,0.00,NA,NA,NA
2025-10-01 23:00:00,37.03,134.80,25.65,98.54,44.84,NA,NA,NA,1.59,NA,NA,NA,NA,NA,NA,NA,NA,NA,NA,NA,0.00,NA,NA,NA
2025-10-02 00:00:00,33.96,149.78,25.19,91.75,42.60,NA,NA,NA,1.47,NA,NA,NA,NA,NA,NA,NA,NA,NA,NA,NA,0.00,NA,NA,NA
2025-10-02 01:00:00,29.17,118.66,14.27,85.56,33.64,NA,NA,NA,1.29,NA,NA,NA,NA,NA,NA,NA,NA,NA,NA,NA,0.00,NA,NA,NA
2025-10-02 02:00:00,27.10,114.29,18.02,89.54,37.24,NA,NA,NA,1.23,NA,NA,NA,NA,NA,NA,NA,NA,NA,NA,NA,0.00,NA,NA,NA
2025-10-02 03:00:00,20.29,91.42,18.95,87.94,37.40,NA,NA,NA,1.11,NA,NA,NA,NA,NA,NA,NA,NA,NA,NA,NA,0.00,NA,NA,NA
2025-10-02 04:00:00,22.65,112.05,31.14,83.52,44.23,NA,NA,NA,1.29,NA,NA,NA,NA,NA,NA,NA,NA,NA,NA,NA,0.00,NA,NA,NA
2025-10-02 05:00:00,34.68,121.56,70.55,83.72,70.33,NA,NA,NA,1.65,NA,NA,NA,NA,NA,NA,NA,NA,NA,NA,NA,0.00,NA,NA,NA
2025-10-02 06:00:00,35.31,112.75,69.79,87.96,71.03,NA,NA,NA,1.64,NA,NA,NA,NA,NA,NA,NA,NA,NA,NA,NA,0.00,NA,NA,NA
2025-10-02 07:00:00,30.66,113.10,56.42,87.58,62.04,NA,NA,NA,1.50,NA,NA,NA,NA,NA,NA,NA,NA,NA,NA,NA,0.00,NA,NA,NA
2025-10-02 08:00:00,23.42,69.11,15.80,68.43,29.80,NA,NA,NA,1.23,NA,NA,NA,NA,NA,NA,NA,NA,NA,NA,NA,0.00,NA,NA,NA
2025-10-02 09:00:00,33.96,87.43,12.10,69.32,27.61,NA,NA,NA,1.22,NA,NA,NA,NA,NA,NA,NA,NA,NA,NA,NA,0.00,NA,NA,NA
2025-10-02 10:00:00,26.29,95.56,9.32,46.60,19.34,NA,NA,NA,1.11,NA,NA,NA,NA,NA,NA,NA,NA,NA,NA,NA,0.00,NA,NA,NA
2025-10-02 11:00:00,49.11,107.72,7.49,55.75,20.73,NA,NA,NA,1.19,NA,NA,NA,NA,NA,NA,NA,NA,NA,NA,NA,0.00,NA,NA,NA
2025-10-02 12:00:00,55.47,120.84,4.94,45.56,16.15,NA,NA,NA,1.19,NA,NA,NA,NA,NA,NA,NA,NA,NA,NA,NA,0.00,NA,NA,NA
2025-10-02 13:00:00,55.48,118.16,4.30,39.14,13.92,NA,NA,NA,1.03,NA,NA,NA,NA,NA,NA,NA,NA,NA,NA,NA,0.00,NA,NA,NA
2025-10-02 14:00:00,48.21,109.66,3.82,29.19,10.78,NA,NA,NA,0.92,NA,NA,NA,NA,NA,NA,NA,NA,NA,NA,NA,0.00,NA,NA,NA
2025-10-02 15:00:00,49.77,112.11,4.05,44.27,15.20,NA,NA,NA,1.13,NA,NA,NA,NA,NA,NA,NA,NA,NA,NA,NA,0.00,NA,NA,NA
2025-10-02 16:00:00,53.14,109.95,4.14,61.93,20.26,NA,NA,NA,1.15,NA,NA,NA,NA,NA,NA,NA,NA,NA,NA,NA,0.00,NA,NA,NA
2025-10-02 17:00:00,50.40,90.97,4.90,68.02,22.48,NA,NA,NA,1.17,NA,NA,NA,NA,NA,NA,NA,NA,NA,NA,NA,0.00,NA,NA,NA
2025-10-02 18:00:00,44.50,81.62,4.16,32.48,11.94,NA,NA,NA,0.84,NA,NA,NA,NA,NA,NA,NA,NA,NA,NA,NA,0.00,NA,NA,NA
2025-10-02 19:00:00,4.60,27.70,6.30,53.72,19.38,NA,NA,NA,1.11,NA,NA,NA,NA,NA,NA,NA,NA,NA,NA,NA,0.00,NA,NA,NA
2025-10-02 20:00:00,16.54,39.97,27.51,106.30,48.26,NA,NA,NA,1.89,NA,NA,NA,NA,NA,NA,NA,NA,NA,NA,NA,0.00,NA,NA,NA
2025-10-02 21:00:00,38.16,80.06,20.53,88.64,38.65,NA,NA,NA,1.99,NA,NA,NA,NA,NA,NA,NA,NA,NA,NA,NA,0.00,NA,NA,NA
2025-10-02 22:00:00,45.15,110.71,21.74,72.32,34.83,NA,NA,NA,2.11,NA,NA,NA,NA,NA,NA,NA,NA,NA,NA,NA,0.00,NA,NA,NA
2025-10-02 23:00:00,44.62,111.42,12.31,49.23,22.06,NA,NA,NA,1.45,NA,NA,NA,NA,NA,NA,NA,NA,NA,NA,NA,0.00,NA,NA,NA
2025-10-03 00:00:00,25.56,81.56,8.49,39.05,16.66,NA,NA,NA,1.11,NA,NA,NA,NA,NA,NA,NA,NA,NA,NA,NA,0.00,NA,NA,NA
2025-10-03 01:00:00,21.58,61.55,12.18,53.99,23.33,NA,NA,NA,1.16,NA,NA,NA,NA,NA,NA,NA,NA,NA,NA,NA,0.00,NA,NA,NA
2025-10-03 02:00:00,18.82,67.51,13.04,50.74,22.97,NA,NA,NA,1.05,NA,NA,NA,NA,NA,NA,NA,NA,NA,NA,NA,0.00,NA,NA,NA
2025-10-03 03:00:00,18.28,62.60,14.12,48.60,23.09,NA,NA,NA,1.08,NA,NA,NA,NA,NA,NA,NA,NA,NA,NA,NA,0.00,NA,NA,NA
2025-10-03 04:00:00,27.20,74.72,28.91,50.63,33.44,NA,NA,NA,1.19,NA,NA,NA,NA,NA,NA,NA,NA,NA,NA,NA,0.00,NA,NA,NA
2025-10-03 05:00:00,15.43,73.69,23.88,48.85,29.60,NA,NA,NA,1.20,NA,NA,NA,NA,NA,NA,NA,NA,NA,NA,NA,0.00,NA,NA,NA
2025-10-03 06:00:00,24.08,83.13,23.18,42.19,27.26,NA,NA,NA,1.26,NA,NA,NA,NA,NA,NA,NA,NA,NA,NA,NA,0.00,NA,NA,NA
2025-10-03 07:00:00,27.33,77.78,13.08,37.72,19.32,NA,NA,NA,1.21,NA,NA,NA,NA,NA,NA,NA,NA,NA,NA,NA,0.00,NA,NA,NA
2025-10-03 08:00:00,19.11,64.90,12.33,36.01,18.34,NA,NA,NA,1.16,NA,NA,NA,NA,NA,NA,NA,NA,NA,NA,NA,0.00,NA,NA,NA
2025-10-03 09:00:00,19.16,63.65,9.29,37.28,16.70,NA,NA,NA,1.12,NA,NA,NA,NA,NA,NA,NA,NA,NA,NA,NA,0.00,NA,NA,NA
2025-10-03 10:00:00,29.90,63.84,7.95,43.06,17.43,NA,NA,NA,1.01,NA,NA,NA,NA,NA,NA,NA,NA,NA,NA,NA,0.00,NA,NA,NA
2025-10-03 11:00:00,29.33,80.17,5.70,40.30,15.17,NA,NA,NA,1.07,NA,NA,NA,NA,NA,NA,NA,NA,NA,NA,NA,0.00,NA,NA,NA
2025-10-03 12:00:00,28.13,84.51,5.34,43.52,15.84,NA,NA,NA,1.00,NA,NA,NA,NA,NA,NA,NA,NA,NA,NA,NA,0.00,NA,NA,NA
2025-10-03 13:00:00,28.72,66.74,4.41,46.64,16.11,NA,NA,NA,0.99,NA,NA,NA,NA,NA,NA,NA,NA,NA,NA,NA,0.00,NA,NA,NA
2025-10-03 14:00:00,29.04,66.26,3.71,40.31,13.86,NA,NA,NA,0.92,NA,NA,NA,NA,NA,NA,NA,NA,NA,NA,NA,0.00,NA,NA,NA
2025-10-03 15:00:00,26.71,72.78,3.50,42.59,14.35,NA,NA,NA,1.01,NA,NA,NA,NA,NA,NA,NA,NA,NA,NA,NA,0.00,NA,NA,NA
2025-10-03 16:00:00,41.50,92.72,3.29,38.18,12.98,NA,NA,NA,1.05,NA,NA,NA,NA,NA,NA,NA,NA,NA,NA,NA,0.00,NA,NA,NA
2025-10-03 17:00:00,29.00,73.59,3.41,63.26,20.16,NA,NA,NA,1.15,NA,NA,NA,NA,NA,NA,NA,NA,NA,NA,NA,0.00,NA,NA,NA
2025-10-03 18:00:00,27.33,84.36,7.83,108.26,35.82,NA,NA,NA,1.37,NA,NA,NA,NA,NA,NA,NA,NA,NA,NA,NA,0.00,NA,NA,NA
2025-10-03 19:00:00,34.63,115.27,42.32,136.39,66.59,NA,NA,NA,2.04,NA,NA,NA,NA,NA,NA,NA,NA,NA,NA,NA,0.00,NA,NA,NA
2025-10-03 20:00:00,39.61,120.22,86.06,137.61,95.83,NA,NA,NA,2.76,NA,NA,NA,NA,NA,NA,NA,NA,NA,NA,NA,0.00,NA,NA,NA
2025-10-03 21:00:00,47.65,165.43,109.45,133.69,110.18,NA,NA,NA,4.29,NA,NA,NA,NA,NA,NA,NA,NA,NA,NA,NA,0.00,NA,NA,NA
2025-10-03 22:00:00,65.66,251.50,154.65,132.08,139.60,NA,NA,NA,5.50,NA,NA,NA,NA,NA,NA,NA,NA,NA,NA,NA,0.00,NA,NA,NA
2025-10-03 23:00:00,63.36,257.41,138.99,124.12,126.96,NA,NA,NA,5.07,NA,NA,NA,NA,NA,NA,NA,NA,NA,NA,NA,0.00,NA,NA,NA
2025-10-04 00:00:00,46.34,183.39,74.10,111.88,80.62,NA,NA,NA,3.39,NA,NA,NA,NA,NA,NA,NA,NA,NA,NA,NA,0.00,NA,NA,NA
2025-10-04 01:00:00,47.72,133.75,51.20,102.84,62.94,NA,NA,NA,2.75,NA,NA,NA,NA,NA,NA,NA,NA,NA,NA,NA,0.00,NA,NA,NA
2025-10-04 02:00:00,37.27,132.89,77.77,93.96,78.00,NA,NA,NA,2.64,NA,NA,NA,NA,NA,NA,NA,NA,NA,NA,NA,0.00,NA,NA,NA
2025-10-04 03:00:00,47.09,140.80,90.14,84.42,83.45,NA,NA,NA,2.85,NA,NA,NA,NA,NA,NA,NA,NA,NA,NA,NA,0.00,NA,NA,NA
2025-10-04 04:00:00,51.09,153.17,62.32,82.21,64.46,NA,NA,NA,2.47,NA,NA,NA,NA,NA,NA,NA,NA,NA,NA,NA,0.00,NA,NA,NA
2025-10-04 05:00:00,56.35,172.44,51.38,84.18,57.79,NA,NA,NA,2.05,NA,NA,NA,NA,NA,NA,NA,NA,NA,NA,NA,0.00,NA,NA,NA
2025-10-04 06:00:00,75.80,195.54,89.29,84.03,82.80,NA,NA,NA,2.37,NA,NA,NA,NA,NA,NA,NA,NA,NA,NA,NA,0.00,NA,NA,NA
2025-10-04 07:00:00,79.76,189.71,41.49,79.35,49.86,NA,NA,NA,2.29,NA,NA,NA,NA,NA,NA,NA,NA,NA,NA,NA,0.00,NA,NA,NA
2025-10-04 08:00:00,111.66,223.53,24.22,85.56,40.21,NA,NA,NA,2.16,NA,NA,NA,NA,NA,NA,NA,NA,NA,NA,NA,0.00,NA,NA,NA
2025-10-04 09:00:00,63.32,153.94,16.13,67.76,29.83,NA,NA,NA,1.74,NA,NA,NA,NA,NA,NA,NA,NA,NA,NA,NA,0.00,NA,NA,NA
2025-10-04 10:00:00,40.18,106.33,11.82,53.34,22.90,NA,NA,NA,1.40,NA,NA,NA,NA,NA,NA,NA,NA,NA,NA,NA,0.00,NA,NA,NA
2025-10-04 11:00:00,37.27,81.60,9.49,37.55,16.90,NA,NA,NA,1.09,NA,NA,NA,NA,NA,NA,NA,NA,NA,NA,NA,0.00,NA,NA,NA
2025-10-04 12:00:00,45.87,98.97,7.80,40.72,16.68,NA,NA,NA,1.04,NA,NA,NA,NA,NA,NA,NA,NA,NA,NA,NA,0.00,NA,NA,NA
2025-10-04 13:00:00,43.96,99.96,6.23,36.31,14.40,NA,NA,NA,1.03,NA,NA,NA,NA,NA,NA,NA,NA,NA,NA,NA,0.00,NA,NA,NA
2025-10-04 14:00:00,47.24,94.41,5.86,38.42,14.74,NA,NA,NA,0.97,NA,NA,NA,NA,NA,NA,NA,NA,NA,NA,NA,0.00,NA,NA,NA
2025-10-04 15:00:00,50.15,100.71,4.67,43.00,15.26,NA,NA,NA,0.92,NA,NA,NA,NA,NA,NA,NA,NA,NA,NA,NA,0.00,NA,NA,NA
2025-10-04 16:00:00,48.54,106.93,4.54,43.23,15.24,NA,NA,NA,0.94,NA,NA,NA,NA,NA,NA,NA,NA,NA,NA,NA,0.00,NA,NA,NA
2025-10-04 17:00:00,47.42,108.86,4.03,46.69,15.88,NA,NA,NA,1.03,NA,NA,NA,NA,NA,NA,NA,NA,NA,NA,NA,0.00,NA,NA,NA
2025-10-04 18:00:00,40.39,99.06,3.63,62.58,20.10,NA,NA,NA,1.15,NA,NA,NA,NA,NA,NA,NA,NA,NA,NA,NA,0.00,NA,NA,NA
2025-10-04 19:00:00,47.12,108.59,5.77,86.77,28.37,NA,NA,NA,1.37,NA,NA,NA,NA,NA,NA,NA,NA,NA,NA,NA,0.00,NA,NA,NA
2025-10-04 20:00:00,48.24,121.44,4.88,74.12,24.20,NA,NA,NA,1.41,NA,NA,NA,NA,NA,NA,NA,NA,NA,NA,NA,0.00,NA,NA,NA
2025-10-04 21:00:00,59.66,138.65,7.98,115.05,37.82,NA,NA,NA,1.99,NA,NA,NA,NA,NA,NA,NA,NA,NA,NA,NA,0.00,NA,NA,NA
2025-10-04 22:00:00,65.49,180.63,3.90,78.65,24.83,NA,NA,NA,1.98,NA,NA,NA,NA,NA,NA,NA,NA,NA,NA,NA,0.00,NA,NA,NA
2025-10-04 23:00:00,55.19,166.31,3.97,77.80,24.64,NA,NA,NA,1.78,NA,NA,NA,NA,NA,NA,NA,NA,NA,NA,NA,0.00,NA,NA,NA
2025-10-05 00:00:00,72.49,157.84,3.80,65.05,20.92,NA,NA,NA,1.57,NA,NA,NA,NA,NA,NA,NA,NA,NA,NA,NA,0.00,NA,NA,NA
2025-10-05 01:00:00,79.79,177.37,7.60,90.27,30.57,NA,NA,NA,1.77,NA,NA,NA,NA,NA,NA,NA,NA,NA,NA,NA,0.00,NA,NA,NA
2025-10-05 02:00:00,75.74,179.67,5.32,78.80,25.82,NA,NA,NA,1.63,NA,NA,NA,NA,NA,NA,NA,NA,NA,NA,NA,0.00,NA,NA,NA
2025-10-05 03:00:00,79.54,185.96,11.88,93.88,34.42,NA,NA,NA,1.86,NA,NA,NA,NA,NA,NA,NA,NA,NA,NA,NA,0.00,NA,NA,NA
2025-10-05 04:00:00,73.62,176.56,6.19,71.90,24.44,NA,NA,NA,1.70,NA,NA,NA,NA,NA,NA,NA,NA,NA,NA,NA,0.00,NA,NA,NA
2025-10-05 05:00:00,71.27,170.74,15.29,88.28,35.08,NA,NA,NA,1.82,NA,NA,NA,NA,NA,NA,NA,NA,NA,NA,NA,0.00,NA,NA,NA
2025-10-05 06:00:00,60.59,159.28,17.13,80.43,34.08,NA,NA,NA,1.73,NA,NA,NA,NA,NA,NA,NA,NA,NA,NA,NA,0.00,NA,NA,NA
2025-10-05 07:00:00,39.83,109.52,8.54,46.96,18.93,NA,NA,NA,1.37,NA,NA,NA,NA,NA,NA,NA,NA,NA,NA,NA,0.00,NA,NA,NA
2025-10-05 08:00:00,34.37,97.40,13.39,53.35,23.95,NA,NA,NA,1.22,NA,NA,NA,NA,NA,NA,NA,NA,NA,NA,NA,0.00,NA,NA,NA
2025-10-05 09:00:00,22.18,71.47,6.54,32.79,13.60,NA,NA,NA,0.94,NA,NA,NA,NA,NA,NA,NA,NA,NA,NA,NA,0.00,NA,NA,NA
2025-10-05 10:00:00,21.53,77.52,5.13,24.36,10.28,NA,NA,NA,0.87,NA,NA,NA,NA,NA,NA,NA,NA,NA,NA,NA,0.00,NA,NA,NA
2025-10-05 11:00:00,32.30,84.48,4.63,25.46,10.26,NA,NA,NA,0.90,NA,NA,NA,NA,NA,NA,NA,NA,NA,NA,NA,0.00,NA,NA,NA
2025-10-05 12:00:00,53.92,115.27,3.48,30.00,10.79,NA,NA,NA,1.02,NA,NA,NA,NA,NA,NA,NA,NA,NA,NA,NA,0.00,NA,NA,NA
2025-10-05 13:00:00,51.84,123.67,3.32,39.16,13.27,NA,NA,NA,1.03,NA,NA,NA,NA,NA,NA,NA,NA,NA,NA,NA,0.00,NA,NA,NA
2025-10-05 14:00:00,48.66,108.86,3.81,40.54,13.98,NA,NA,NA,0.92,NA,NA,NA,NA,NA,NA,NA,NA,NA,NA,NA,0.00,NA,NA,NA
2025-10-05 15:00:00,43.66,94.20,2.65,30.19,10.30,NA,NA,NA,0.88,NA,NA,NA,NA,NA,NA,NA,NA,NA,NA,NA,0.00,NA,NA,NA
2025-10-05 16:00:00,38.42,95.52,2.79,30.31,10.42,NA,NA,NA,0.90,NA,NA,NA,NA,NA,NA,NA,NA,NA,NA,NA,0.00,NA,NA,NA
2025-10-05 17:00:00,39.42,100.19,3.16,40.30,13.49,NA,NA,NA,0.96,NA,NA,NA,NA,NA,NA,NA,NA,NA,NA,NA,0.00,NA,NA,NA
2025-10-05 18:00:00,41.12,104.75,5.34,83.35,27.13,NA,NA,NA,1.32,NA,NA,NA,NA,NA,NA,NA,NA,NA,NA,NA,0.00,NA,NA,NA
2025-10-05 19:00:00,41.93,132.10,26.68,127.08,53.60,NA,NA,NA,1.67,NA,NA,NA,NA,NA,NA,NA,NA,NA,NA,NA,0.00,NA,NA,NA
2025-10-05 20:00:00,54.46,234.18,79.92,140.60,92.62,NA,NA,NA,2.96,NA,NA,NA,NA,NA,NA,NA,NA,NA,NA,NA,0.00,NA,NA,NA
2025-10-05 21:00:00,67.79,301.44,80.01,139.93,92.46,NA,NA,NA,2.96,NA,NA,NA,NA,NA,NA,NA,NA,NA,NA,NA,0.00,NA,NA,NA
2025-10-05 22:00:00,68.31,228.22,31.70,126.15,56.64,NA,NA,NA,2.23,NA,NA,NA,NA,NA,NA,NA,NA,NA,NA,NA,0.00,NA,NA,NA
2025-10-05 23:00:00,55.81,218.88,50.35,90.50,58.87,NA,NA,NA,2.00,NA,NA,NA,NA,NA,NA,NA,NA,NA,NA,NA,0.00,NA,NA,NA
2025-10-06 00:00:00,21.28,108.93,8.42,24.18,12.40,NA,NA,NA,0.77,NA,NA,NA,NA,NA,NA,NA,NA,NA,NA,NA,0.00,NA,NA,NA
2025-10-06 01:00:00,12.97,54.07,8.24,31.64,14.40,NA,NA,NA,0.82,NA,NA,NA,NA,NA,NA,NA,NA,NA,NA,NA,0.00,NA,NA,NA
2025-10-06 02:00:00,3.84,20.58,6.92,28.06,12.51,NA,NA,NA,0.79,NA,NA,NA,NA,NA,NA,NA,NA,NA,NA,NA,0.00,NA,NA,NA
2025-10-06 03:00:00,6.48,21.62,7.42,44.57,17.52,NA,NA,NA,0.87,NA,NA,NA,NA,NA,NA,NA,NA,NA,NA,NA,0.00,NA,NA,NA
2025-10-06 04:00:00,14.45,40.17,49.31,87.20,57.30,NA,NA,NA,1.21,NA,NA,NA,NA,NA,NA,NA,NA,NA,NA,NA,0.00,NA,NA,NA
2025-10-06 05:00:00,8.98,51.59,82.85,91.70,80.70,NA,NA,NA,1.48,NA,NA,NA,NA,NA,NA,NA,NA,NA,NA,NA,0.00,NA,NA,NA
2025-10-06 06:00:00,20.06,74.97,46.55,74.71,51.88,NA,NA,NA,1.37,NA,NA,NA,NA,NA,NA,NA,NA,NA,NA,NA,0.00,NA,NA,NA
2025-10-06 07:00:00,16.47,48.52,22.10,59.47,31.44,NA,NA,NA,1.12,NA,NA,NA,NA,NA,NA,NA,NA,NA,NA,NA,0.00,NA,NA,NA
2025-10-06 08:00:00,13.82,49.68,19.52,52.84,27.86,NA,NA,NA,1.16,NA,NA,NA,NA,NA,NA,NA,NA,NA,NA,NA,0.00,NA,NA,NA
2025-10-06 09:00:00,20.50,64.16,22.40,75.53,36.18,NA,NA,NA,1.21,NA,NA,NA,NA,NA,NA,NA,NA,NA,NA,NA,0.00,NA,NA,NA
2025-10-06 10:00:00,28.69,86.05,14.76,73.23,30.47,NA,NA,NA,1.29,NA,NA,NA,NA,NA,NA,NA,NA,NA,NA,NA,0.00,NA,NA,NA
2025-10-06 11:00:00,33.20,158.71,19.70,99.40,41.12,NA,NA,NA,1.51,NA,NA,NA,NA,NA,NA,NA,NA,NA,NA,NA,0.00,NA,NA,NA
2025-10-06 12:00:00,40.33,132.66,13.81,79.94,31.75,NA,NA,NA,1.23,NA,NA,NA,NA,NA,NA,NA,NA,NA,NA,NA,0.00,NA,NA,NA
2025-10-06 13:00:00,35.73,87.24,9.57,49.41,20.31,NA,NA,NA,0.98,NA,NA,NA,NA,NA,NA,NA,NA,NA,NA,NA,0.00,NA,NA,NA
2025-10-06 14:00:00,19.53,50.62,8.30,42.85,17.61,NA,NA,NA,1.01,NA,NA,NA,NA,NA,NA,NA,NA,NA,NA,NA,0.00,NA,NA,NA
2025-10-06 15:00:00,21.20,42.69,7.79,35.56,15.20,NA,NA,NA,0.93,NA,NA,NA,NA,NA,NA,NA,NA,NA,NA,NA,0.00,NA,NA,NA
2025-10-06 16:00:00,21.50,45.44,7.94,44.62,17.88,NA,NA,NA,1.00,NA,NA,NA,NA,NA,NA,NA,NA,NA,NA,NA,0.00,NA,NA,NA
2025-10-06 17:00:00,26.31,55.47,12.84,66.20,27.21,NA,NA,NA,1.20,NA,NA,NA,NA,NA,NA,NA,NA,NA,NA,NA,0.00,NA,NA,NA
2025-10-06 18:00:00,18.98,54.34,12.62,75.28,29.64,NA,NA,NA,1.60,NA,NA,NA,NA,NA,NA,NA,NA,NA,NA,NA,0.00,NA,NA,NA
2025-10-06 19:00:00,26.23,67.04,22.18,84.32,38.52,NA,NA,NA,2.00,NA,NA,NA,NA,NA,NA,NA,NA,NA,NA,NA,0.00,NA,NA,NA
2025-10-06 20:00:00,30.38,72.49,15.06,71.27,30.12,NA,NA,NA,1.90,NA,NA,NA,NA,NA,NA,NA,NA,NA,NA,NA,0.00,NA,NA,NA
2025-10-06 21:00:00,34.77,79.49,20.99,70.97,33.96,NA,NA,NA,1.88,NA,NA,NA,NA,NA,NA,NA,NA,NA,NA,NA,0.00,NA,NA,NA
2025-10-06 22:00:00,29.65,84.90,17.51,67.01,30.54,NA,NA,NA,1.60,NA,NA,NA,NA,NA,NA,NA,NA,NA,NA,NA,0.00,NA,NA,NA
2025-10-06 23:00:00,29.20,75.66,12.49,56.51,24.24,NA,NA,NA,1.40,NA,NA,NA,NA,NA,NA,NA,NA,NA,NA,NA,0.00,NA,NA,NA
2025-10-07 00:00:00,24.16,70.50,14.23,60.94,26.65,NA,NA,NA,1.45,NA,NA,NA,NA,NA,NA,NA,NA,NA,NA,NA,0.00,NA,NA,NA
2025-10-07 01:00:00,20.19,60.86,7.76,44.51,17.72,NA,NA,NA,1.10,NA,NA,NA,NA,NA,NA,NA,NA,NA,NA,NA,0.00,NA,NA,NA
2025-10-07 02:00:00,19.04,52.96,12.64,54.25,23.70,NA,NA,NA,1.22,NA,NA,NA,NA,NA,NA,NA,NA,NA,NA,NA,0.00,NA,NA,NA
2025-10-07 03:00:00,29.98,58.64,13.14,54.52,24.11,NA,NA,NA,1.23,NA,NA,NA,NA,NA,NA,NA,NA,NA,NA,NA,0.00,NA,NA,NA
2025-10-07 04:00:00,17.36,31.93,7.51,44.55,17.57,NA,NA,NA,0.97,NA,NA,NA,NA,NA,NA,NA,NA,NA,NA,NA,0.00,NA,NA,NA
2025-10-07 05:00:00,2.16,9.09,8.03,45.26,18.12,NA,NA,NA,0.88,NA,NA,NA,NA,NA,NA,NA,NA,NA,NA,NA,0.00,NA,NA,NA
2025-10-07 06:00:00,0.14,11.02,8.38,45.70,18.47,NA,NA,NA,0.98,NA,NA,NA,NA,NA,NA,NA,NA,NA,NA,NA,0.00,NA,NA,NA
2025-10-07 07:00:00,8.01,17.28,9.20,47.88,19.62,NA,NA,NA,1.07,NA,NA,NA,NA,NA,NA,NA,NA,NA,NA,NA,0.00,NA,NA,NA
2025-10-07 08:00:00,10.28,25.18,8.43,34.88,15.45,NA,NA,NA,1.06,NA,NA,NA,NA,NA,NA,NA,NA,NA,NA,NA,0.00,NA,NA,NA
2025-10-07 09:00:00,14.52,41.42,6.85,29.09,12.76,NA,NA,NA,1.03,NA,NA,NA,NA,NA,NA,NA,NA,NA,NA,NA,0.00,NA,NA,NA
2025-10-07 10:00:00,17.84,43.08,6.54,28.43,12.37,NA,NA,NA,0.83,NA,NA,NA,NA,NA,NA,NA,NA,NA,NA,NA,0.00,NA,NA,NA
2025-10-07 11:00:00,15.80,44.37,4.64,20.71,8.92,NA,NA,NA,0.74,NA,NA,NA,NA,NA,NA,NA,NA,NA,NA,NA,0.00,NA,NA,NA
2025-10-07 12:00:00,21.07,48.22,4.19,23.99,9.56,NA,NA,NA,0.75,NA,NA,NA,NA,NA,NA,NA,NA,NA,NA,NA,0.00,NA,NA,NA
2025-10-07 13:00:00,16.74,45.65,4.07,31.56,11.62,NA,NA,NA,0.80,NA,NA,NA,NA,NA,NA,NA,NA,NA,NA,NA,0.00,NA,NA,NA
2025-10-07 14:00:00,15.53,54.13,3.39,25.51,9.46,NA,NA,NA,0.78,NA,NA,NA,NA,NA,NA,NA,NA,NA,NA,NA,0.00,NA,NA,NA
2025-10-07 15:00:00,15.35,42.90,4.05,26.17,10.09,NA,NA,NA,0.78,NA,NA,NA,NA,NA,NA,NA,NA,NA,NA,NA,0.00,NA,NA,NA
2025-10-07 16:00:00,20.52,55.06,3.24,25.82,9.45,NA,NA,NA,0.76,NA,NA,NA,NA,NA,NA,NA,NA,NA,NA,NA,0.00,NA,NA,NA
2025-10-07 17:00:00,7.34,20.24,6.03,53.49,19.12,NA,NA,NA,1.00,NA,NA,NA,NA,NA,NA,NA,NA,NA,NA,NA,0.00,NA,NA,NA
2025-10-07 18:00:00,10.17,24.04,7.58,70.40,24.93,NA,NA,NA,1.42,NA,NA,NA,NA,NA,NA,NA,NA,NA,NA,NA,0.00,NA,NA,NA
2025-10-07 19:00:00,10.54,29.20,29.07,93.95,45.82,NA,NA,NA,1.69,NA,NA,NA,NA,NA,NA,NA,NA,NA,NA,NA,0.00,NA,NA,NA
2025-10-07 20:00:00,18.83,36.28,21.72,93.16,40.70,NA,NA,NA,1.65,NA,NA,NA,NA,NA,NA,NA,NA,NA,NA,NA,0.00,NA,NA,NA
2025-10-07 21:00:00,16.56,40.09,36.02,90.33,49.38,NA,NA,NA,2.35,NA,NA,NA,NA,NA,NA,NA,NA,NA,NA,NA,0.00,NA,NA,NA
2025-10-07 22:00:00,27.86,66.48,48.37,89.41,57.28,NA,NA,NA,2.94,NA,NA,NA,NA,NA,NA,NA,NA,NA,NA,NA,0.00,NA,NA,NA
2025-10-07 23:00:00,36.51,99.04,57.31,93.87,64.44,NA,NA,NA,2.94,NA,NA,NA,NA,NA,NA,NA,NA,NA,NA,NA,0.00,NA,NA,NA
2025-10-08 00:00:00,37.07,85.84,25.76,81.47,40.07,NA,NA,NA,1.94,NA,NA,NA,NA,NA,NA,NA,NA,NA,NA,NA,0.00,NA,NA,NA
2025-10-08 01:00:00,17.34,60.82,20.81,72.93,34.40,NA,NA,NA,1.65,NA,NA,NA,NA,NA,NA,NA,NA,NA,NA,NA,0.00,NA,NA,NA
2025-10-08 02:00:00,25.08,53.32,21.32,77.23,35.94,NA,NA,NA,2.08,NA,NA,NA,NA,NA,NA,NA,NA,NA,NA,NA,0.00,NA,NA,NA
2025-10-08 03:00:00,28.53,65.45,27.62,75.12,39.51,NA,NA,NA,2.13,NA,NA,NA,NA,NA,NA,NA,NA,NA,NA,NA,0.00,NA,NA,NA
2025-10-08 04:00:00,25.78,70.34,16.30,62.97,28.59,NA,NA,NA,1.76,NA,NA,NA,NA,NA,NA,NA,NA,NA,NA,NA,0.00,NA,NA,NA
2025-10-08 05:00:00,33.91,75.87,14.22,52.78,24.33,NA,NA,NA,1.48,NA,NA,NA,NA,NA,NA,NA,NA,NA,NA,NA,0.00,NA,NA,NA
2025-10-08 06:00:00,40.67,80.52,15.14,53.52,25.15,NA,NA,NA,1.39,NA,NA,NA,NA,NA,NA,NA,NA,NA,NA,NA,0.00,NA,NA,NA
2025-10-08 07:00:00,31.74,78.78,14.27,46.68,22.64,NA,NA,NA,1.36,NA,NA,NA,NA,NA,NA,NA,NA,NA,NA,NA,0.00,NA,NA,NA
2025-10-08 08:00:00,28.28,63.80,12.94,41.11,20.19,NA,NA,NA,1.22,NA,NA,NA,NA,NA,NA,NA,NA,NA,NA,NA,0.00,NA,NA,NA
2025-10-08 09:00:00,26.36,57.48,11.88,43.20,20.07,NA,NA,NA,1.17,NA,NA,NA,NA,NA,NA,NA,NA,NA,NA,NA,0.00,NA,NA,NA
2025-10-08 10:00:00,28.55,68.05,17.05,51.80,25.93,NA,NA,NA,1.13,NA,NA,NA,NA,NA,NA,NA,NA,NA,NA,NA,0.00,NA,NA,NA
2025-10-08 11:00:00,25.01,62.10,11.64,44.25,20.21,NA,NA,NA,1.06,NA,NA,NA,NA,NA,NA,NA,NA,NA,NA,NA,0.00,NA,NA,NA
2025-10-08 12:00:00,26.76,226.66,9.00,44.08,18.42,NA,NA,NA,1.10,NA,NA,NA,NA,NA,NA,NA,NA,NA,NA,NA,0.00,NA,NA,NA
2025-10-08 13:00:00,33.10,108.88,6.75,44.10,16.94,NA,NA,NA,1.18,NA,NA,NA,NA,NA,NA,NA,NA,NA,NA,NA,0.00,NA,NA,NA
2025-10-08 14:00:00,37.98,209.19,5.37,40.74,15.07,NA,NA,NA,1.16,NA,NA,NA,NA,NA,NA,NA,NA,NA,NA,NA,0.00,NA,NA,NA
2025-10-08 15:00:00,36.36,698.31,4.62,43.55,15.37,NA,NA,NA,1.11,NA,NA,NA,NA,NA,NA,NA,NA,NA,NA,NA,0.00,NA,NA,NA
2025-10-08 16:00:00,26.90,143.01,4.38,38.03,13.65,NA,NA,NA,1.01,NA,NA,NA,NA,NA,NA,NA,NA,NA,NA,NA,0.00,NA,NA,NA
2025-10-08 17:00:00,24.65,54.34,4.00,43.67,15.00,NA,NA,NA,1.01,NA,NA,NA,NA,NA,NA,NA,NA,NA,NA,NA,0.00,NA,NA,NA
2025-10-08 18:00:00,39.37,78.46,3.64,50.42,16.67,NA,NA,NA,1.17,NA,NA,NA,NA,NA,NA,NA,NA,NA,NA,NA,0.00,NA,NA,NA
2025-10-08 19:00:00,33.11,87.00,7.02,74.21,25.64,NA,NA,NA,1.42,NA,NA,NA,NA,NA,NA,NA,NA,NA,NA,NA,0.00,NA,NA,NA
2025-10-08 20:00:00,35.64,90.62,4.35,53.14,17.91,NA,NA,NA,1.37,NA,NA,NA,NA,NA,NA,NA,NA,NA,NA,NA,0.00,NA,NA,NA
2025-10-08 21:00:00,31.59,88.18,4.63,59.71,19.96,NA,NA,NA,1.25,NA,NA,NA,NA,NA,NA,NA,NA,NA,NA,NA,0.00,NA,NA,NA
2025-10-08 22:00:00,22.71,78.92,6.24,59.01,20.83,NA,NA,NA,1.12,NA,NA,NA,NA,NA,NA,NA,NA,NA,NA,NA,0.00,NA,NA,NA
2025-10-08 23:00:00,24.83,79.20,5.73,60.64,20.94,NA,NA,NA,1.14,NA,NA,NA,NA,NA,NA,NA,NA,NA,NA,NA,0.00,NA,NA,NA
2025-10-09 00:00:00,27.94,81.20,4.82,51.46,17.74,NA,NA,NA,1.08,NA,NA,NA,NA,NA,NA,NA,NA,NA,NA,NA,0.00,NA,NA,NA
2025-10-09 01:00:00,45.17,97.59,6.59,56.41,20.31,NA,NA,NA,1.11,NA,NA,NA,NA,NA,NA,NA,NA,NA,NA,NA,0.00,NA,NA,NA
2025-10-09 02:00:00,37.29,546.33,6.68,50.17,18.60,NA,NA,NA,1.12,NA,NA,NA,NA,NA,NA,NA,NA,NA,NA,NA,0.00,NA,NA,NA
2025-10-09 03:00:00,41.17,425.28,6.37,48.83,18.02,NA,NA,NA,1.12,NA,NA,NA,NA,NA,NA,NA,NA,NA,NA,NA,0.00,NA,NA,NA
2025-10-09 04:00:00,31.66,773.93,7.68,51.38,19.61,NA,NA,NA,1.13,NA,NA,NA,NA,NA,NA,NA,NA,NA,NA,NA,0.00,NA,NA,NA
2025-10-09 05:00:00,34.06,480.90,9.02,45.38,18.80,NA,NA,NA,1.07,NA,NA,NA,NA,NA,NA,NA,NA,NA,NA,NA,0.00,NA,NA,NA
2025-10-09 06:00:00,27.39,328.98,19.03,46.88,25.85,NA,NA,NA,1.19,NA,NA,NA,NA,NA,NA,NA,NA,NA,NA,NA,0.00,NA,NA,NA
2025-10-09 07:00:00,30.23,43.26,18.82,49.47,26.43,NA,NA,NA,1.19,NA,NA,NA,NA,NA,NA,NA,NA,NA,NA,NA,0.00,NA,NA,NA
2025-10-09 08:00:00,35.11,77.42,12.71,45.23,21.20,NA,NA,NA,1.25,NA,NA,NA,NA,NA,NA,NA,NA,NA,NA,NA,0.00,NA,NA,NA
2025-10-09 09:00:00,37.70,107.10,10.22,51.00,21.19,NA,NA,NA,1.24,NA,NA,NA,NA,NA,NA,NA,NA,NA,NA,NA,0.00,NA,NA,NA
2025-10-09 10:00:00,46.92,119.12,7.53,47.38,18.38,NA,NA,NA,1.14,NA,NA,NA,NA,NA,NA,NA,NA,NA,NA,NA,0.00,NA,NA,NA
2025-10-09 11:00:00,36.07,103.62,4.25,35.07,12.74,NA,NA,NA,0.94,NA,NA,NA,NA,NA,NA,NA,NA,NA,NA,NA,0.00,NA,NA,NA
2025-10-09 12:00:00,38.32,214.86,3.49,39.17,13.38,NA,NA,NA,0.80,NA,NA,NA,NA,NA,NA,NA,NA,NA,NA,NA,0.00,NA,NA,NA
2025-10-09 13:00:00,92.11,179.95,3.18,30.77,10.81,NA,NA,NA,0.67,NA,NA,NA,NA,NA,NA,NA,NA,NA,NA,NA,0.00,NA,NA,NA
2025-10-09 14:00:00,60.84,108.80,3.19,35.22,12.07,NA,NA,NA,0.63,NA,NA,NA,NA,NA,NA,NA,NA,NA,NA,NA,0.00,NA,NA,NA
2025-10-09 15:00:00,48.51,145.57,3.11,36.01,12.24,NA,NA,NA,0.57,NA,NA,NA,NA,NA,NA,NA,NA,NA,NA,NA,0.00,NA,NA,NA
2025-10-09 16:00:00,46.82,107.95,4.26,37.56,13.45,NA,NA,NA,0.66,NA,NA,NA,NA,NA,NA,NA,NA,NA,NA,NA,0.00,NA,NA,NA
2025-10-09 17:00:00,45.67,98.62,3.39,40.57,13.72,NA,NA,NA,0.75,NA,NA,NA,NA,NA,NA,NA,NA,NA,NA,NA,0.00,NA,NA,NA
2025-10-09 18:00:00,34.76,89.40,3.58,58.01,18.78,NA,NA,NA,1.05,NA,NA,NA,NA,NA,NA,NA,NA,NA,NA,NA,0.00,NA,NA,NA
2025-10-09 19:00:00,24.62,123.57,3.90,61.38,19.94,NA,NA,NA,1.30,NA,NA,NA,NA,NA,NA,NA,NA,NA,NA,NA,0.00,NA,NA,NA
2025-10-09 20:00:00,30.62,168.60,3.68,64.27,20.62,NA,NA,NA,1.44,NA,NA,NA,NA,NA,NA,NA,NA,NA,NA,NA,0.00,NA,NA,NA
2025-10-09 21:00:00,53.36,222.90,4.17,69.40,22.39,NA,NA,NA,1.44,NA,NA,NA,NA,NA,NA,NA,NA,NA,NA,NA,0.00,NA,NA,NA
2025-10-09 22:00:00,59.34,252.78,3.76,62.28,20.10,NA,NA,NA,1.49,NA,NA,NA,NA,NA,NA,NA,NA,NA,NA,NA,0.00,NA,NA,NA
2025-10-09 23:00:00,66.57,252.66,4.27,72.61,23.37,NA,NA,NA,1.40,NA,NA,NA,NA,NA,NA,NA,NA,NA,NA,NA,0.00,NA,NA,NA
2025-10-10 00:00:00,63.37,229.42,3.94,59.76,19.51,NA,NA,NA,1.27,NA,NA,NA,NA,NA,NA,NA,NA,NA,NA,NA,0.00,NA,NA,NA
2025-10-10 01:00:00,67.96,211.38,4.02,63.85,20.72,NA,NA,NA,1.32,NA,NA,NA,NA,NA,NA,NA,NA,NA,NA,NA,0.00,NA,NA,NA
2025-10-10 02:00:00,50.48,194.88,4.43,62.04,20.48,NA,NA,NA,1.27,NA,NA,NA,NA,NA,NA,NA,NA,NA,NA,NA,0.00,NA,NA,NA
2025-10-10 03:00:00,57.86,202.50,24.94,88.51,41.53,NA,NA,NA,1.59,NA,NA,NA,NA,NA,NA,NA,NA,NA,NA,NA,0.00,NA,NA,NA
2025-10-10 04:00:00,58.12,211.71,11.31,87.69,32.28,NA,NA,NA,1.53,NA,NA,NA,NA,NA,NA,NA,NA,NA,NA,NA,0.00,NA,NA,NA
2025-10-10 05:00:00,50.73,196.17,10.93,84.75,31.20,NA,NA,NA,1.43,NA,NA,NA,NA,NA,NA,NA,NA,NA,NA,NA,0.00,NA,NA,NA
2025-10-10 06:00:00,44.09,194.55,17.89,72.40,32.30,NA,NA,NA,1.47,NA,NA,NA,NA,NA,NA,NA,NA,NA,NA,NA,0.00,NA,NA,NA
2025-10-10 07:00:00,58.27,194.66,9.97,60.09,23.60,NA,NA,NA,1.44,NA,NA,NA,NA,NA,NA,NA,NA,NA,NA,NA,0.00,NA,NA,NA
2025-10-10 08:00:00,58.99,197.28,10.78,67.02,26.08,NA,NA,NA,1.49,NA,NA,NA,NA,NA,NA,NA,NA,NA,NA,NA,0.00,NA,NA,NA
2025-10-10 09:00:00,59.76,205.11,7.22,58.17,21.23,NA,NA,NA,1.42,NA,NA,NA,NA,NA,NA,NA,NA,NA,NA,NA,0.00,NA,NA,NA
2025-10-10 10:00:00,60.28,201.69,4.86,45.89,16.19,NA,NA,NA,1.30,NA,NA,NA,NA,NA,NA,NA,NA,NA,NA,NA,0.00,NA,NA,NA
2025-10-10 11:00:00,53.90,179.86,4.71,44.20,15.62,NA,NA,NA,1.31,NA,NA,NA,NA,NA,NA,NA,NA,NA,NA,NA,0.00,NA,NA,NA
2025-10-10 12:00:00,71.20,200.20,3.44,44.28,14.80,NA,NA,NA,1.30,NA,NA,NA,NA,NA,NA,NA,NA,NA,NA,NA,0.00,NA,NA,NA
2025-10-10 13:00:00,64.32,195.69,3.10,47.94,15.62,NA,NA,NA,1.32,NA,NA,NA,NA,NA,NA,NA,NA,NA,NA,NA,0.00,NA,NA,NA
2025-10-10 14:00:00,65.03,177.30,3.16,43.40,14.37,NA,NA,NA,1.27,NA,NA,NA,NA,NA,NA,NA,NA,NA,NA,NA,0.00,NA,NA,NA
2025-10-10 15:00:00,51.70,166.36,2.72,39.14,12.87,NA,NA,NA,1.23,NA,NA,NA,NA,NA,NA,NA,NA,NA,NA,NA,0.00,NA,NA,NA
2025-10-10 16:00:00,49.84,197.88,2.41,31.93,10.63,NA,NA,NA,1.23,NA,NA,NA,NA,NA,NA,NA,NA,NA,NA,NA,0.00,NA,NA,NA
2025-10-10 17:00:00,47.27,154.82,2.67,38.51,12.67,NA,NA,NA,1.21,NA,NA,NA,NA,NA,NA,NA,NA,NA,NA,NA,0.00,NA,NA,NA
2025-10-10 18:00:00,43.82,155.74,2.46,68.89,21.12,NA,NA,NA,1.41,NA,NA,NA,NA,NA,NA,NA,NA,NA,NA,NA,0.00,NA,NA,NA
2025-10-10 19:00:00,48.77,179.74,4.97,122.38,37.92,NA,NA,NA,1.86,NA,NA,NA,NA,NA,NA,NA,NA,NA,NA,NA,0.00,NA,NA,NA
2025-10-10 20:00:00,72.81,261.44,99.35,148.91,107.82,NA,NA,NA,3.49,NA,NA,NA,NA,NA,NA,NA,NA,NA,NA,NA,0.00,NA,NA,NA
2025-10-10 21:00:00,82.37,357.40,182.02,144.69,161.28,NA,NA,NA,4.19,NA,NA,NA,NA,NA,NA,NA,NA,NA,NA,NA,0.00,NA,NA,NA
2025-10-10 22:00:00,87.37,395.73,201.32,130.77,170.08,NA,NA,NA,5.26,NA,NA,NA,NA,NA,NA,NA,NA,NA,NA,NA,0.00,NA,NA,NA
2025-10-10 23:00:00,108.18,441.46,236.69,135.86,194.84,NA,NA,NA,5.20,NA,NA,NA,NA,NA,NA,NA,NA,NA,NA,NA,0.00,NA,NA,NA
2025-10-11 00:00:00,110.33,401.77,147.34,136.50,136.01,NA,NA,NA,4.08,NA,NA,NA,NA,NA,NA,NA,NA,NA,NA,NA,0.00,NA,NA,NA
2025-10-11 01:00:00,117.10,421.82,152.50,115.56,133.50,NA,NA,NA,4.22,NA,NA,NA,NA,NA,NA,NA,NA,NA,NA,NA,0.00,NA,NA,NA
2025-10-11 02:00:00,126.22,448.35,146.94,117.15,130.27,NA,NA,NA,4.33,NA,NA,NA,NA,NA,NA,NA,NA,NA,NA,NA,0.00,NA,NA,NA
2025-10-11 03:00:00,119.03,412.06,141.04,107.64,123.68,NA,NA,NA,3.97,NA,NA,NA,NA,NA,NA,NA,NA,NA,NA,NA,0.00,NA,NA,NA
2025-10-11 04:00:00,108.54,354.25,104.97,94.76,96.18,NA,NA,NA,3.03,NA,NA,NA,NA,NA,NA,NA,NA,NA,NA,NA,0.00,NA,NA,NA
2025-10-11 05:00:00,86.70,271.80,59.85,104.81,69.21,NA,NA,NA,2.46,NA,NA,NA,NA,NA,NA,NA,NA,NA,NA,NA,0.00,NA,NA,NA
2025-10-11 06:00:00,83.80,244.00,49.35,100.42,61.03,NA,NA,NA,2.38,NA,NA,NA,NA,NA,NA,NA,NA,NA,NA,NA,0.00,NA,NA,NA
2025-10-11 07:00:00,67.09,189.56,40.51,101.02,55.37,NA,NA,NA,2.33,NA,NA,NA,NA,NA,NA,NA,NA,NA,NA,NA,0.00,NA,NA,NA
2025-10-11 08:00:00,57.34,179.59,28.23,87.47,43.40,NA,NA,NA,1.95,NA,NA,NA,NA,NA,NA,NA,NA,NA,NA,NA,0.00,NA,NA,NA
2025-10-11 09:00:00,57.58,167.63,18.67,57.66,28.64,NA,NA,NA,1.72,NA,NA,NA,NA,NA,NA,NA,NA,NA,NA,NA,0.00,NA,NA,NA
2025-10-11 10:00:00,53.79,185.22,15.17,53.35,25.12,NA,NA,NA,1.57,NA,NA,NA,NA,NA,NA,NA,NA,NA,NA,NA,0.00,NA,NA,NA
2025-10-11 11:00:00,59.05,184.95,12.88,48.68,22.29,NA,NA,NA,1.45,NA,NA,NA,NA,NA,NA,NA,NA,NA,NA,NA,0.00,NA,NA,NA
2025-10-11 12:00:00,48.80,169.18,10.32,40.73,18.34,NA,NA,NA,1.33,NA,NA,NA,NA,NA,NA,NA,NA,NA,NA,NA,0.00,NA,NA,NA
2025-10-11 13:00:00,50.11,149.35,7.99,46.19,18.34,NA,NA,NA,1.34,NA,NA,NA,NA,NA,NA,NA,NA,NA,NA,NA,0.00,NA,NA,NA
2025-10-11 14:00:00,50.64,155.46,5.94,40.93,15.50,NA,NA,NA,1.28,NA,NA,NA,NA,NA,NA,NA,NA,NA,NA,NA,0.00,NA,NA,NA
2025-10-11 15:00:00,45.85,139.78,4.88,39.62,14.43,NA,NA,NA,1.28,NA,NA,NA,NA,NA,NA,NA,NA,NA,NA,NA,0.00,NA,NA,NA
2025-10-11 16:00:00,39.93,137.05,4.00,35.60,12.72,NA,NA,NA,1.33,NA,NA,NA,NA,NA,NA,NA,NA,NA,NA,NA,0.00,NA,NA,NA
2025-10-11 17:00:00,43.58,135.31,3.05,56.49,18.00,NA,NA,NA,1.39,NA,NA,NA,NA,NA,NA,NA,NA,NA,NA,NA,0.00,NA,NA,NA
2025-10-11 18:00:00,42.87,148.15,3.46,81.75,25.42,NA,NA,NA,1.56,NA,NA,NA,NA,NA,NA,NA,NA,NA,NA,NA,0.00,NA,NA,NA
2025-10-11 19:00:00,47.34,155.44,4.26,92.55,29.00,NA,NA,NA,1.72,NA,NA,NA,NA,NA,NA,NA,NA,NA,NA,NA,0.00,NA,NA,NA
2025-10-11 20:00:00,54.26,174.14,4.23,105.41,32.61,NA,NA,NA,1.93,NA,NA,NA,NA,NA,NA,NA,NA,NA,NA,NA,0.00,NA,NA,NA
2025-10-11 21:00:00,54.76,186.25,4.80,102.25,32.10,NA,NA,NA,1.91,NA,NA,NA,NA,NA,NA,NA,NA,NA,NA,NA,0.00,NA,NA,NA
2025-10-11 22:00:00,66.43,202.47,4.23,82.03,26.01,NA,NA,NA,1.94,NA,NA,NA,NA,NA,NA,NA,NA,NA,NA,NA,0.00,NA,NA,NA
2025-10-11 23:00:00,71.14,225.94,4.01,78.22,24.78,NA,NA,NA,2.04,NA,NA,NA,NA,NA,NA,NA,NA,NA,NA,NA,0.00,NA,NA,NA
2025-10-12 00:00:00,66.72,193.22,3.28,51.24,16.67,NA,NA,NA,1.68,NA,NA,NA,NA,NA,NA,NA,NA,NA,NA,NA,0.00,NA,NA,NA
2025-10-12 01:00:00,69.47,173.54,3.13,51.31,16.58,NA,NA,NA,1.61,NA,NA,NA,NA,NA,NA,NA,NA,NA,NA,NA,0.00,NA,NA,NA
2025-10-12 02:00:00,73.38,176.02,3.51,52.95,17.29,NA,NA,NA,1.60,NA,NA,NA,NA,NA,NA,NA,NA,NA,NA,NA,0.00,NA,NA,NA
2025-10-12 03:00:00,65.33,163.82,2.89,46.98,15.21,NA,NA,NA,1.59,NA,NA,NA,NA,NA,NA,NA,NA,NA,NA,NA,0.00,NA,NA,NA
2025-10-12 04:00:00,74.63,174.12,3.20,55.15,17.72,NA,NA,NA,1.58,NA,NA,NA,NA,NA,NA,NA,NA,NA,NA,NA,0.00,NA,NA,NA
2025-10-12 05:00:00,77.32,190.96,4.29,75.61,24.23,NA,NA,NA,1.70,NA,NA,NA,NA,NA,NA,NA,NA,NA,NA,NA,0.00,NA,NA,NA
2025-10-12 06:00:00,83.51,198.76,9.70,80.31,29.12,NA,NA,NA,1.83,NA,NA,NA,NA,NA,NA,NA,NA,NA,NA,NA,0.00,NA,NA,NA
2025-10-12 07:00:00,67.99,162.62,10.21,71.37,26.95,NA,NA,NA,1.82,NA,NA,NA,NA,NA,NA,NA,NA,NA,NA,NA,0.00,NA,NA,NA
2025-10-12 08:00:00,57.38,172.89,8.27,65.85,24.09,NA,NA,NA,1.78,NA,NA,NA,NA,NA,NA,NA,NA,NA,NA,NA,0.00,NA,NA,NA
2025-10-12 09:00:00,74.82,201.57,4.92,56.71,19.30,NA,NA,NA,1.77,NA,NA,NA,NA,NA,NA,NA,NA,NA,NA,NA,0.00,NA,NA,NA
2025-10-12 10:00:00,84.89,232.19,4.07,54.54,18.12,NA,NA,NA,1.74,NA,NA,NA,NA,NA,NA,NA,NA,NA,NA,NA,0.00,NA,NA,NA
2025-10-12 11:00:00,74.64,219.38,2.84,41.76,13.70,NA,NA,NA,1.56,NA,NA,NA,NA,NA,NA,NA,NA,NA,NA,NA,0.00,NA,NA,NA
2025-10-12 12:00:00,71.94,214.70,2.99,38.37,12.82,NA,NA,NA,1.41,NA,NA,NA,NA,NA,NA,NA,NA,NA,NA,NA,0.00,NA,NA,NA
2025-10-12 13:00:00,68.47,191.79,2.86,40.44,13.34,NA,NA,NA,1.29,NA,NA,NA,NA,NA,NA,NA,NA,NA,NA,NA,0.00,NA,NA,NA
2025-10-12 14:00:00,55.67,163.90,2.78,35.80,11.96,NA,NA,NA,1.22,NA,NA,NA,NA,NA,NA,NA,NA,NA,NA,NA,0.00,NA,NA,NA
2025-10-12 15:00:00,46.14,146.76,2.43,26.85,9.21,NA,NA,NA,1.14,NA,NA,NA,NA,NA,NA,NA,NA,NA,NA,NA,0.00,NA,NA,NA
2025-10-12 16:00:00,41.56,123.26,2.71,32.72,11.05,NA,NA,NA,1.25,NA,NA,NA,NA,NA,NA,NA,NA,NA,NA,NA,0.00,NA,NA,NA
2025-10-12 17:00:00,30.86,117.83,2.63,48.47,15.45,NA,NA,NA,1.20,NA,NA,NA,NA,NA,NA,NA,NA,NA,NA,NA,0.00,NA,NA,NA
2025-10-12 18:00:00,37.16,136.14,2.93,71.07,22.05,NA,NA,NA,1.45,NA,NA,NA,NA,NA,NA,NA,NA,NA,NA,NA,0.00,NA,NA,NA
2025-10-12 19:00:00,41.98,173.16,3.04,82.84,25.44,NA,NA,NA,1.72,NA,NA,NA,NA,NA,NA,NA,NA,NA,NA,NA,0.00,NA,NA,NA
2025-10-12 20:00:00,58.81,181.14,3.15,82.27,25.36,NA,NA,NA,1.95,NA,NA,NA,NA,NA,NA,NA,NA,NA,NA,NA,0.00,NA,NA,NA
2025-10-12 21:00:00,78.42,249.07,92.39,128.64,97.51,NA,NA,NA,3.30,NA,NA,NA,NA,NA,NA,NA,NA,NA,NA,NA,0.00,NA,NA,NA
2025-10-12 22:00:00,94.15,318.00,85.79,130.55,93.63,NA,NA,NA,3.39,NA,NA,NA,NA,NA,NA,NA,NA,NA,NA,NA,0.00,NA,NA,NA
2025-10-12 23:00:00,85.92,292.27,92.39,128.64,97.47,NA,NA,NA,3.23,NA,NA,NA,NA,NA,NA,NA,NA,NA,NA,NA,0.00,NA,NA,NA
2025-10-13 00:00:00,86.80,266.12,36.59,121.47,58.54,NA,NA,NA,2.74,NA,NA,NA,NA,NA,NA,NA,NA,NA,NA,NA,0.00,NA,NA,NA
2025-10-13 01:00:00,80.96,231.09,54.65,118.10,69.55,NA,NA,NA,2.53,NA,NA,NA,NA,NA,NA,NA,NA,NA,NA,NA,0.00,NA,NA,NA
2025-10-13 02:00:00,81.04,299.31,77.82,111.53,82.99,NA,NA,NA,3.01,NA,NA,NA,NA,NA,NA,NA,NA,NA,NA,NA,0.00,NA,NA,NA
2025-10-13 03:00:00,77.48,222.10,29.53,97.24,47.03,NA,NA,NA,2.28,NA,NA,NA,NA,NA,NA,NA,NA,NA,NA,NA,0.00,NA,NA,NA
2025-10-13 04:00:00,84.02,207.66,28.90,92.44,45.26,NA,NA,NA,2.45,NA,NA,NA,NA,NA,NA,NA,NA,NA,NA,NA,0.00,NA,NA,NA
2025-10-13 05:00:00,84.16,257.96,58.76,93.24,65.23,NA,NA,NA,2.68,NA,NA,NA,NA,NA,NA,NA,NA,NA,NA,NA,0.00,NA,NA,NA
2025-10-13 06:00:00,97.82,265.69,40.81,79.63,49.50,NA,NA,NA,2.47,NA,NA,NA,NA,NA,NA,NA,NA,NA,NA,NA,0.00,NA,NA,NA
2025-10-13 07:00:00,82.30,209.61,24.75,77.32,38.24,NA,NA,NA,2.24,NA,NA,NA,NA,NA,NA,NA,NA,NA,NA,NA,0.00,NA,NA,NA
2025-10-13 08:00:00,70.16,205.85,16.98,80.48,33.99,NA,NA,NA,2.20,NA,NA,NA,NA,NA,NA,NA,NA,NA,NA,NA,0.00,NA,NA,NA
2025-10-13 09:00:00,72.52,206.81,13.90,82.83,32.62,NA,NA,NA,2.18,NA,NA,NA,NA,NA,NA,NA,NA,NA,NA,NA,0.00,NA,NA,NA
2025-10-13 10:00:00,82.44,265.70,11.41,80.33,30.27,NA,NA,NA,2.06,NA,NA,NA,NA,NA,NA,NA,NA,NA,NA,NA,0.00,NA,NA,NA
2025-10-13 11:00:00,68.89,254.74,6.52,59.09,21.03,NA,NA,NA,1.80,NA,NA,NA,NA,NA,NA,NA,NA,NA,NA,NA,0.00,NA,NA,NA
2025-10-13 12:00:00,73.19,232.53,4.86,60.58,20.36,NA,NA,NA,1.58,NA,NA,NA,NA,NA,NA,NA,NA,NA,NA,NA,0.00,NA,NA,NA
2025-10-13 13:00:00,68.86,184.46,4.82,49.51,17.19,NA,NA,NA,1.40,NA,NA,NA,NA,NA,NA,NA,NA,NA,NA,NA,0.00,NA,NA,NA
2025-10-13 14:00:00,48.94,161.88,3.26,42.91,14.29,NA,NA,NA,1.36,NA,NA,NA,NA,NA,NA,NA,NA,NA,NA,NA,0.00,NA,NA,NA
2025-10-13 15:00:00,54.86,159.35,3.24,44.64,14.78,NA,NA,NA,1.31,NA,NA,NA,NA,NA,NA,NA,NA,NA,NA,NA,0.00,NA,NA,NA
2025-10-13 16:00:00,36.14,147.20,3.11,41.14,13.69,NA,NA,NA,1.30,NA,NA,NA,NA,NA,NA,NA,NA,NA,NA,NA,0.00,NA,NA,NA
2025-10-13 17:00:00,37.87,136.35,3.31,49.34,16.15,NA,NA,NA,1.42,NA,NA,NA,NA,NA,NA,NA,NA,NA,NA,NA,0.00,NA,NA,NA
2025-10-13 18:00:00,36.25,135.13,3.10,69.65,21.76,NA,NA,NA,1.53,NA,NA,NA,NA,NA,NA,NA,NA,NA,NA,NA,0.00,NA,NA,NA
2025-10-13 19:00:00,48.41,166.82,3.99,90.47,28.23,NA,NA,NA,1.85,NA,NA,NA,NA,NA,NA,NA,NA,NA,NA,NA,0.00,NA,NA,NA
2025-10-13 20:00:00,69.96,252.41,48.37,140.83,71.83,NA,NA,NA,2.82,NA,NA,NA,NA,NA,NA,NA,NA,NA,NA,NA,0.00,NA,NA,NA
2025-10-13 21:00:00,85.66,325.94,119.58,153.84,122.58,NA,NA,NA,3.66,NA,NA,NA,NA,NA,NA,NA,NA,NA,NA,NA,0.00,NA,NA,NA
2025-10-13 22:00:00,70.95,270.77,100.15,160.52,111.62,NA,NA,NA,3.50,NA,NA,NA,NA,NA,NA,NA,NA,NA,NA,NA,0.00,NA,NA,NA
2025-10-13 23:00:00,82.61,306.84,92.59,152.73,104.40,NA,NA,NA,3.24,NA,NA,NA,NA,NA,NA,NA,NA,NA,NA,NA,0.00,NA,NA,NA
2025-10-14 00:00:00,80.84,330.57,121.66,149.51,122.74,NA,NA,NA,3.71,NA,NA,NA,NA,NA,NA,NA,NA,NA,NA,NA,0.00,NA,NA,NA
2025-10-14 01:00:00,85.92,320.89,120.64,132.91,117.35,NA,NA,NA,3.45,NA,NA,NA,NA,NA,NA,NA,NA,NA,NA,NA,0.00,NA,NA,NA
2025-10-14 02:00:00,89.30,282.96,108.38,121.08,105.89,NA,NA,NA,3.72,NA,NA,NA,NA,NA,NA,NA,NA,NA,NA,NA,0.00,NA,NA,NA
2025-10-14 03:00:00,96.61,317.03,159.31,114.26,137.63,NA,NA,NA,4.16,NA,NA,NA,NA,NA,NA,NA,NA,NA,NA,NA,0.00,NA,NA,NA
2025-10-14 04:00:00,94.34,328.56,123.62,112.21,113.42,NA,NA,NA,3.70,NA,NA,NA,NA,NA,NA,NA,NA,NA,NA,NA,0.00,NA,NA,NA
2025-10-14 05:00:00,86.28,262.00,39.47,117.64,59.37,NA,NA,NA,2.51,NA,NA,NA,NA,NA,NA,NA,NA,NA,NA,NA,0.00,NA,NA,NA
2025-10-14 06:00:00,82.12,228.48,72.49,117.94,81.28,NA,NA,NA,2.86,NA,NA,NA,NA,NA,NA,NA,NA,NA,NA,NA,0.00,NA,NA,NA
2025-10-14 07:00:00,104.00,241.46,38.27,102.62,54.32,NA,NA,NA,2.54,NA,NA,NA,NA,NA,NA,NA,NA,NA,NA,NA,0.00,NA,NA,NA
2025-10-14 08:00:00,85.50,239.76,29.04,115.69,51.92,NA,NA,NA,2.55,NA,NA,NA,NA,NA,NA,NA,NA,NA,NA,NA,0.00,NA,NA,NA
2025-10-14 09:00:00,77.71,225.38,21.32,92.88,40.38,NA,NA,NA,2.27,NA,NA,NA,NA,NA,NA,NA,NA,NA,NA,NA,0.00,NA,NA,NA
2025-10-14 10:00:00,71.59,220.12,14.78,79.43,32.24,NA,NA,NA,2.04,NA,NA,NA,NA,NA,NA,NA,NA,NA,NA,NA,0.00,NA,NA,NA
2025-10-14 11:00:00,49.22,170.77,11.08,54.76,22.82,NA,NA,NA,1.62,NA,NA,NA,NA,NA,NA,NA,NA,NA,NA,NA,0.00,NA,NA,NA
2025-10-14 12:00:00,54.67,148.08,8.43,50.68,19.90,NA,NA,NA,1.45,NA,NA,NA,NA,NA,NA,NA,NA,NA,NA,NA,0.00,NA,NA,NA
2025-10-14 13:00:00,57.18,157.48,5.51,48.52,17.37,NA,NA,NA,1.48,NA,NA,NA,NA,NA,NA,NA,NA,NA,NA,NA,0.00,NA,NA,NA
2025-10-14 14:00:00,51.29,151.86,4.55,48.21,16.65,NA,NA,NA,1.42,NA,NA,NA,NA,NA,NA,NA,NA,NA,NA,NA,0.00,NA,NA,NA
2025-10-14 15:00:00,45.84,130.85,2.34,51.79,16.20,NA,NA,NA,1.15,NA,NA,NA,NA,NA,NA,NA,NA,NA,NA,NA,0.00,NA,NA,NA
2025-10-14 16:00:00,44.80,149.61,2.53,46.62,14.87,NA,NA,NA,1.14,NA,NA,NA,NA,NA,NA,NA,NA,NA,NA,NA,0.00,NA,NA,NA
2025-10-14 17:00:00,43.74,130.44,3.16,53.46,17.22,NA,NA,NA,1.29,NA,NA,NA,NA,NA,NA,NA,NA,NA,NA,NA,0.00,NA,NA,NA
2025-10-14 18:00:00,42.28,162.69,5.34,122.08,38.08,NA,NA,NA,1.75,NA,NA,NA,NA,NA,NA,NA,NA,NA,NA,NA,0.00,NA,NA,NA
2025-10-14 19:00:00,51.48,197.22,21.42,169.48,62.11,NA,NA,NA,2.53,NA,NA,NA,NA,NA,NA,NA,NA,NA,NA,NA,0.00,NA,NA,NA
2025-10-14 20:00:00,69.60,270.58,41.51,166.68,74.62,NA,NA,NA,3.14,NA,NA,NA,NA,NA,NA,NA,NA,NA,NA,NA,0.00,NA,NA,NA
2025-10-14 21:00:00,65.43,484.46,135.66,179.70,140.54,NA,NA,NA,4.99,NA,NA,NA,NA,NA,NA,NA,NA,NA,NA,NA,0.00,NA,NA,NA
2025-10-14 22:00:00,86.40,758.98,123.19,179.03,132.05,NA,NA,NA,4.38,NA,NA,NA,NA,NA,NA,NA,NA,NA,NA,NA,0.00,NA,NA,NA
2025-10-14 23:00:00,78.94,587.06,175.83,176.67,166.22,NA,NA,NA,4.86,NA,NA,NA,NA,NA,NA,NA,NA,NA,NA,NA,0.00,NA,NA,NA
2025-10-15 00:00:00,84.36,239.52,174.84,176.38,165.46,NA,NA,NA,4.52,NA,NA,NA,NA,NA,NA,NA,NA,NA,NA,NA,0.00,NA,NA,NA
2025-10-15 01:00:00,83.98,253.88,156.51,169.08,151.30,NA,NA,NA,4.67,NA,NA,NA,NA,NA,NA,NA,NA,NA,NA,NA,0.00,NA,NA,NA
2025-10-15 02:00:00,102.14,298.83,233.67,160.87,199.99,NA,NA,NA,5.96,NA,NA,NA,NA,NA,NA,NA,NA,NA,NA,NA,0.00,NA,NA,NA
2025-10-15 03:00:00,109.99,361.12,297.59,144.74,237.67,NA,NA,NA,6.39,NA,NA,NA,NA,NA,NA,NA,NA,NA,NA,NA,0.00,NA,NA,NA
2025-10-15 04:00:00,119.68,423.05,345.94,151.05,271.40,NA,NA,NA,6.87,NA,NA,NA,NA,NA,NA,NA,NA,NA,NA,NA,0.00,NA,NA,NA
2025-10-15 05:00:00,107.88,427.58,332.57,143.51,260.41,NA,NA,NA,7.08,NA,NA,NA,NA,NA,NA,NA,NA,NA,NA,NA,0.00,NA,NA,NA
2025-10-15 06:00:00,122.13,445.87,350.18,141.66,271.57,NA,NA,NA,6.93,NA,NA,NA,NA,NA,NA,NA,NA,NA,NA,NA,0.00,NA,NA,NA
2025-10-15 07:00:00,116.70,395.66,254.67,130.19,205.08,NA,NA,NA,6.42,NA,NA,NA,NA,NA,NA,NA,NA,NA,NA,NA,0.00,NA,NA,NA
2025-10-15 08:00:00,102.53,337.79,96.41,174.06,112.97,NA,NA,NA,4.61,NA,NA,NA,NA,NA,NA,NA,NA,NA,NA,NA,0.00,NA,NA,NA
2025-10-15 09:00:00,110.68,331.30,49.83,194.92,88.08,NA,NA,NA,3.89,NA,NA,NA,NA,NA,NA,NA,NA,NA,NA,NA,0.00,NA,NA,NA
2025-10-15 10:00:00,140.15,342.44,35.63,186.07,76.19,NA,NA,NA,3.40,NA,NA,NA,NA,NA,NA,NA,NA,NA,NA,NA,0.00,NA,NA,NA
2025-10-15 11:00:00,84.06,237.08,25.62,98.82,44.88,NA,NA,NA,2.07,NA,NA,NA,NA,NA,NA,NA,NA,NA,NA,NA,0.00,NA,NA,NA
2025-10-15 12:00:00,45.45,129.36,20.10,73.87,34.19,NA,NA,NA,1.79,NA,NA,NA,NA,NA,NA,NA,NA,NA,NA,NA,0.00,NA,NA,NA
2025-10-15 13:00:00,51.26,137.25,15.36,75.33,31.46,NA,NA,NA,1.78,NA,NA,NA,NA,NA,NA,NA,NA,NA,NA,NA,0.00,NA,NA,NA
2025-10-15 14:00:00,48.40,141.72,13.08,70.79,28.68,NA,NA,NA,1.67,NA,NA,NA,NA,NA,NA,NA,NA,NA,NA,NA,0.00,NA,NA,NA
2025-10-15 15:00:00,49.31,139.27,9.80,70.61,26.45,NA,NA,NA,1.70,NA,NA,NA,NA,NA,NA,NA,NA,NA,NA,NA,0.00,NA,NA,NA
2025-10-15 16:00:00,44.62,152.87,8.36,83.10,29.04,NA,NA,NA,1.62,NA,NA,NA,NA,NA,NA,NA,NA,NA,NA,NA,0.00,NA,NA,NA
2025-10-15 17:00:00,42.13,141.69,7.17,107.56,35.17,NA,NA,NA,1.73,NA,NA,NA,NA,NA,NA,NA,NA,NA,NA,NA,0.00,NA,NA,NA
2025-10-15 18:00:00,50.89,184.68,21.01,168.69,61.63,NA,NA,NA,2.49,NA,NA,NA,NA,NA,NA,NA,NA,NA,NA,NA,0.00,NA,NA,NA
2025-10-15 19:00:00,68.20,253.59,24.38,186.01,68.73,NA,NA,NA,3.05,NA,NA,NA,NA,NA,NA,NA,NA,NA,NA,NA,0.00,NA,NA,NA
2025-10-15 20:00:00,75.78,281.61,84.10,180.63,106.75,NA,NA,NA,4.36,NA,NA,NA,NA,NA,NA,NA,NA,NA,NA,NA,0.00,NA,NA,NA
2025-10-15 21:00:00,100.69,394.54,302.88,185.33,252.67,NA,NA,NA,7.03,NA,NA,NA,NA,NA,NA,NA,NA,NA,NA,NA,0.00,NA,NA,NA
2025-10-15 22:00:00,113.56,454.39,319.72,186.91,264.22,NA,NA,NA,7.15,NA,NA,NA,NA,NA,NA,NA,NA,NA,NA,NA,0.00,NA,NA,NA
2025-10-15 23:00:00,110.73,463.47,304.89,182.08,253.04,NA,NA,NA,6.46,NA,NA,NA,NA,NA,NA,NA,NA,NA,NA,NA,0.00,NA,NA,NA
2025-10-16 00:00:00,117.89,455.60,329.56,181.54,269.21,NA,NA,NA,7.17,NA,NA,NA,NA,NA,NA,NA,NA,NA,NA,NA,0.00,NA,NA,NA
2025-10-16 01:00:00,127.03,515.26,418.59,167.72,324.16,NA,NA,NA,8.21,NA,NA,NA,NA,NA,NA,NA,NA,NA,NA,NA,0.00,NA,NA,NA
2025-10-16 02:00:00,130.47,524.24,312.76,142.79,247.09,NA,NA,NA,6.66,NA,NA,NA,NA,NA,NA,NA,NA,NA,NA,NA,0.00,NA,NA,NA
2025-10-16 03:00:00,114.52,385.13,198.67,130.47,168.18,NA,NA,NA,4.81,NA,NA,NA,NA,NA,NA,NA,NA,NA,NA,NA,0.00,NA,NA,NA
2025-10-16 04:00:00,118.31,309.52,178.87,120.59,152.38,NA,NA,NA,4.32,NA,NA,NA,NA,NA,NA,NA,NA,NA,NA,NA,0.00,NA,NA,NA
2025-10-16 05:00:00,135.25,392.14,249.18,116.08,197.58,NA,NA,NA,5.09,NA,NA,NA,NA,NA,NA,NA,NA,NA,NA,NA,0.00,NA,NA,NA
2025-10-16 06:00:00,127.44,427.41,281.53,116.27,218.97,NA,NA,NA,5.38,NA,NA,NA,NA,NA,NA,NA,NA,NA,NA,NA,0.00,NA,NA,NA
2025-10-16 07:00:00,111.37,343.07,178.83,114.68,150.61,NA,NA,NA,4.32,NA,NA,NA,NA,NA,NA,NA,NA,NA,NA,NA,0.00,NA,NA,NA
2025-10-16 08:00:00,86.12,221.24,64.10,113.82,74.56,NA,NA,NA,3.01,NA,NA,NA,NA,NA,NA,NA,NA,NA,NA,NA,0.00,NA,NA,NA
2025-10-16 09:00:00,71.73,205.95,42.39,95.52,55.04,NA,NA,NA,2.61,NA,NA,NA,NA,NA,NA,NA,NA,NA,NA,NA,0.00,NA,NA,NA
2025-10-16 10:00:00,84.14,238.94,34.29,111.23,54.14,NA,NA,NA,2.73,NA,NA,NA,NA,NA,NA,NA,NA,NA,NA,NA,0.00,NA,NA,NA
2025-10-16 11:00:00,76.21,248.89,25.90,99.31,45.22,NA,NA,NA,2.36,NA,NA,NA,NA,NA,NA,NA,NA,NA,NA,NA,0.00,NA,NA,NA
2025-10-16 12:00:00,67.18,191.04,19.93,70.23,33.04,NA,NA,NA,1.95,NA,NA,NA,NA,NA,NA,NA,NA,NA,NA,NA,0.00,NA,NA,NA
2025-10-16 13:00:00,60.74,163.12,15.34,66.96,29.08,NA,NA,NA,1.76,NA,NA,NA,NA,NA,NA,NA,NA,NA,NA,NA,0.00,NA,NA,NA
2025-10-16 14:00:00,64.44,177.67,11.61,68.18,26.97,NA,NA,NA,1.75,NA,NA,NA,NA,NA,NA,NA,NA,NA,NA,NA,0.00,NA,NA,NA
2025-10-16 15:00:00,59.82,189.83,8.96,69.40,25.56,NA,NA,NA,1.74,NA,NA,NA,NA,NA,NA,NA,NA,NA,NA,NA,0.00,NA,NA,NA
2025-10-16 16:00:00,58.16,171.67,6.78,59.92,21.44,NA,NA,NA,1.64,NA,NA,NA,NA,NA,NA,NA,NA,NA,NA,NA,0.00,NA,NA,NA
2025-10-16 17:00:00,50.10,155.61,5.29,90.35,29.06,NA,NA,NA,1.84,NA,NA,NA,NA,NA,NA,NA,NA,NA,NA,NA,0.00,NA,NA,NA
2025-10-16 18:00:00,62.13,184.86,5.18,121.71,37.86,NA,NA,NA,2.11,NA,NA,NA,NA,NA,NA,NA,NA,NA,NA,NA,0.00,NA,NA,NA
2025-10-16 19:00:00,68.90,227.98,8.50,157.75,50.25,NA,NA,NA,2.68,NA,NA,NA,NA,NA,NA,NA,NA,NA,NA,NA,0.00,NA,NA,NA
2025-10-16 20:00:00,87.98,297.67,136.45,165.45,137.09,NA,NA,NA,4.50,NA,NA,NA,NA,NA,NA,NA,NA,NA,NA,NA,0.00,NA,NA,NA
2025-10-16 21:00:00,115.79,471.80,299.24,170.49,246.03,NA,NA,NA,6.92,NA,NA,NA,NA,NA,NA,NA,NA,NA,NA,NA,0.00,NA,NA,NA
2025-10-16 22:00:00,136.81,570.43,331.49,172.10,267.83,NA,NA,NA,7.89,NA,NA,NA,NA,NA,NA,NA,NA,NA,NA,NA,0.00,NA,NA,NA
2025-10-16 23:00:00,144.96,607.10,342.79,174.18,275.83,NA,NA,NA,7.51,NA,NA,NA,NA,NA,NA,NA,NA,NA,NA,NA,0.00,NA,NA,NA
2025-10-17 00:00:00,141.17,522.94,314.60,173.37,256.94,NA,NA,NA,7.32,NA,NA,NA,NA,NA,NA,NA,NA,NA,NA,NA,0.00,NA,NA,NA
2025-10-17 01:00:00,135.72,477.74,140.12,144.07,133.37,NA,NA,NA,5.22,NA,NA,NA,NA,NA,NA,NA,NA,NA,NA,NA,0.00,NA,NA,NA
2025-10-17 02:00:00,152.80,453.74,206.74,133.62,174.46,NA,NA,NA,6.09,NA,NA,NA,NA,NA,NA,NA,NA,NA,NA,NA,0.00,NA,NA,NA
2025-10-17 03:00:00,172.98,434.68,153.57,121.57,135.90,NA,NA,NA,5.13,NA,NA,NA,NA,NA,NA,NA,NA,NA,NA,NA,0.00,NA,NA,NA
2025-10-17 04:00:00,145.71,379.72,103.07,126.43,103.89,NA,NA,NA,3.90,NA,NA,NA,NA,NA,NA,NA,NA,NA,NA,NA,0.00,NA,NA,NA
2025-10-17 05:00:00,113.46,274.80,79.21,126.46,88.14,NA,NA,NA,3.44,NA,NA,NA,NA,NA,NA,NA,NA,NA,NA,NA,0.00,NA,NA,NA
2025-10-17 06:00:00,124.76,299.38,91.67,129.04,97.09,NA,NA,NA,3.54,NA,NA,NA,NA,NA,NA,NA,NA,NA,NA,NA,0.00,NA,NA,NA
2025-10-17 07:00:00,93.13,251.11,59.96,137.04,78.41,NA,NA,NA,3.09,NA,NA,NA,NA,NA,NA,NA,NA,NA,NA,NA,0.00,NA,NA,NA
2025-10-17 08:00:00,78.63,206.54,37.99,113.65,57.25,NA,NA,NA,2.66,NA,NA,NA,NA,NA,NA,NA,NA,NA,NA,NA,0.00,NA,NA,NA
2025-10-17 09:00:00,73.00,214.15,33.39,101.34,50.74,NA,NA,NA,2.68,NA,NA,NA,NA,NA,NA,NA,NA,NA,NA,NA,0.00,NA,NA,NA
2025-10-17 10:00:00,87.93,243.08,23.70,98.60,43.55,NA,NA,NA,2.62,NA,NA,NA,NA,NA,NA,NA,NA,NA,NA,NA,0.00,NA,NA,NA
2025-10-17 11:00:00,83.56,270.30,12.22,86.72,32.60,NA,NA,NA,2.41,NA,NA,NA,NA,NA,NA,NA,NA,NA,NA,NA,0.00,NA,NA,NA
2025-10-17 12:00:00,91.44,261.71,1.82,66.12,19.92,NA,NA,NA,1.74,NA,NA,NA,NA,NA,NA,NA,NA,NA,NA,NA,0.00,NA,NA,NA
2025-10-17 13:00:00,91.49,NA,2.29,71.35,21.70,NA,NA,NA,1.45,NA,NA,NA,NA,NA,NA,NA,NA,NA,NA,NA,0.00,NA,NA,NA
2025-10-17 14:00:00,95.23,NA,4.50,50.92,17.38,NA,NA,NA,1.17,NA,NA,NA,NA,NA,NA,NA,NA,NA,NA,NA,0.00,NA,NA,NA
2025-10-17 15:00:00,86.73,NA,5.81,55.63,19.57,NA,NA,NA,1.21,NA,NA,NA,NA,NA,NA,NA,NA,NA,NA,NA,0.00,NA,NA,NA
2025-10-17 16:00:00,83.04,91.33,5.99,58.56,20.53,NA,NA,NA,1.15,NA,NA,NA,NA,NA,NA,NA,NA,NA,NA,NA,0.00,NA,NA,NA
2025-10-17 17:00:00,70.03,102.23,3.42,69.66,21.97,NA,NA,NA,1.25,NA,NA,NA,NA,NA,NA,NA,NA,NA,NA,NA,0.00,NA,NA,NA
2025-10-17 18:00:00,53.94,102.16,3.00,72.14,22.39,NA,NA,NA,1.46,NA,NA,NA,NA,NA,NA,NA,NA,NA,NA,NA,0.00,NA,NA,NA
2025-10-17 19:00:00,52.63,128.73,3.53,90.11,27.83,NA,NA,NA,1.74,NA,NA,NA,NA,NA,NA,NA,NA,NA,NA,NA,0.00,NA,NA,NA
2025-10-17 20:00:00,53.48,138.85,7.02,149.03,46.82,NA,NA,NA,2.07,NA,NA,NA,NA,NA,NA,NA,NA,NA,NA,NA,0.00,NA,NA,NA
2025-10-17 21:00:00,58.24,190.17,101.78,174.12,116.58,NA,NA,NA,3.46,NA,NA,NA,NA,NA,NA,NA,NA,NA,NA,NA,0.00,NA,NA,NA
2025-10-17 22:00:00,82.98,299.70,141.37,189.86,147.12,NA,NA,NA,4.53,NA,NA,NA,NA,NA,NA,NA,NA,NA,NA,NA,0.00,NA,NA,NA
2025-10-17 23:00:00,88.26,301.80,165.60,176.17,159.37,NA,NA,NA,4.65,NA,NA,NA,NA,NA,NA,NA,NA,NA,NA,NA,0.00,NA,NA,NA
2025-10-18 00:00:00,102.13,387.33,274.16,185.74,233.76,NA,NA,NA,5.43,NA,NA,NA,NA,NA,NA,NA,NA,NA,NA,NA,0.00,NA,NA,NA
2025-10-18 01:00:00,100.69,330.03,154.85,173.27,151.35,NA,NA,NA,4.22,NA,NA,NA,NA,NA,NA,NA,NA,NA,NA,NA,0.00,NA,NA,NA
2025-10-18 02:00:00,112.21,307.73,50.97,138.41,72.85,NA,NA,NA,2.79,NA,NA,NA,NA,NA,NA,NA,NA,NA,NA,NA,0.00,NA,NA,NA
2025-10-18 03:00:00,118.39,327.36,54.22,132.80,73.40,NA,NA,NA,2.89,NA,NA,NA,NA,NA,NA,NA,NA,NA,NA,NA,0.00,NA,NA,NA
2025-10-18 04:00:00,103.35,292.60,45.68,124.44,65.41,NA,NA,NA,2.74,NA,NA,NA,NA,NA,NA,NA,NA,NA,NA,NA,0.00,NA,NA,NA
2025-10-18 05:00:00,84.94,253.46,40.96,132.23,64.48,NA,NA,NA,2.70,NA,NA,NA,NA,NA,NA,NA,NA,NA,NA,NA,0.00,NA,NA,NA
2025-10-18 06:00:00,100.15,240.14,29.54,122.11,54.06,NA,NA,NA,2.36,NA,NA,NA,NA,NA,NA,NA,NA,NA,NA,NA,0.00,NA,NA,NA
2025-10-18 07:00:00,85.29,223.19,24.35,99.50,44.25,NA,NA,NA,2.31,NA,NA,NA,NA,NA,NA,NA,NA,NA,NA,NA,0.00,NA,NA,NA
2025-10-18 08:00:00,97.72,250.44,27.46,111.62,49.73,NA,NA,NA,2.40,NA,NA,NA,NA,NA,NA,NA,NA,NA,NA,NA,0.00,NA,NA,NA
2025-10-18 09:00:00,106.12,272.30,18.35,110.12,43.29,NA,NA,NA,2.66,NA,NA,NA,NA,NA,NA,NA,NA,NA,NA,NA,0.00,NA,NA,NA
2025-10-18 10:00:00,120.84,354.21,12.76,117.30,41.62,NA,NA,NA,2.78,NA,NA,NA,NA,NA,NA,NA,NA,NA,NA,NA,0.00,NA,NA,NA
2025-10-18 11:00:00,117.52,360.00,8.55,89.67,31.02,NA,NA,NA,2.51,NA,NA,NA,NA,NA,NA,NA,NA,NA,NA,NA,0.00,NA,NA,NA
2025-10-18 12:00:00,98.44,300.10,5.47,65.56,22.16,NA,NA,NA,2.02,NA,NA,NA,NA,NA,NA,NA,NA,NA,NA,NA,0.00,NA,NA,NA
2025-10-18 13:00:00,77.75,210.30,4.11,50.53,17.02,NA,NA,NA,1.69,NA,NA,NA,NA,NA,NA,NA,NA,NA,NA,NA,0.00,NA,NA,NA
2025-10-18 14:00:00,78.94,199.94,3.12,61.23,19.38,NA,NA,NA,1.80,NA,NA,NA,NA,NA,NA,NA,NA,NA,NA,NA,0.00,NA,NA,NA
2025-10-18 15:00:00,74.63,204.12,2.93,55.64,17.68,NA,NA,NA,1.78,NA,NA,NA,NA,NA,NA,NA,NA,NA,NA,NA,0.00,NA,NA,NA
2025-10-18 16:00:00,79.04,197.41,3.50,90.86,28.03,NA,NA,NA,2.01,NA,NA,NA,NA,NA,NA,NA,NA,NA,NA,NA,0.00,NA,NA,NA
2025-10-18 17:00:00,75.37,199.88,3.40,105.78,32.18,NA,NA,NA,1.84,NA,NA,NA,NA,NA,NA,NA,NA,NA,NA,NA,0.00,NA,NA,NA
2025-10-18 18:00:00,78.23,237.23,3.35,91.31,28.05,NA,NA,NA,1.99,NA,NA,NA,NA,NA,NA,NA,NA,NA,NA,NA,0.00,NA,NA,NA
2025-10-18 19:00:00,78.67,240.58,7.13,138.49,43.90,NA,NA,NA,2.73,NA,NA,NA,NA,NA,NA,NA,NA,NA,NA,NA,0.00,NA,NA,NA
2025-10-18 20:00:00,100.60,315.99,99.80,174.61,115.36,NA,NA,NA,3.62,NA,NA,NA,NA,NA,NA,NA,NA,NA,NA,NA,0.00,NA,NA,NA
2025-10-18 21:00:00,124.90,412.85,144.67,170.18,143.78,NA,NA,NA,5.00,NA,NA,NA,NA,NA,NA,NA,NA,NA,NA,NA,0.00,NA,NA,NA
2025-10-18 22:00:00,145.88,544.18,179.75,166.87,166.03,NA,NA,NA,6.02,NA,NA,NA,NA,NA,NA,NA,NA,NA,NA,NA,0.00,NA,NA,NA
2025-10-18 23:00:00,145.28,564.71,222.65,162.79,193.26,NA,NA,NA,5.99,NA,NA,NA,NA,NA,NA,NA,NA,NA,NA,NA,0.00,NA,NA,NA
2025-10-19 00:00:00,127.50,447.15,240.55,167.55,206.40,NA,NA,NA,5.73,NA,NA,NA,NA,NA,NA,NA,NA,NA,NA,NA,0.00,NA,NA,NA
2025-10-19 01:00:00,129.34,424.62,266.40,157.51,220.68,NA,NA,NA,5.72,NA,NA,NA,NA,NA,NA,NA,NA,NA,NA,NA,0.00,NA,NA,NA
2025-10-19 02:00:00,132.19,437.80,333.92,158.07,265.45,NA,NA,NA,6.26,NA,NA,NA,NA,NA,NA,NA,NA,NA,NA,NA,0.00,NA,NA,NA
2025-10-19 03:00:00,131.24,441.87,334.67,159.01,266.18,NA,NA,NA,5.70,NA,NA,NA,NA,NA,NA,NA,NA,NA,NA,NA,0.00,NA,NA,NA
2025-10-19 04:00:00,121.76,383.84,310.47,144.79,246.16,NA,NA,NA,5.97,NA,NA,NA,NA,NA,NA,NA,NA,NA,NA,NA,0.00,NA,NA,NA
2025-10-19 05:00:00,139.12,344.13,121.42,120.55,114.37,NA,NA,NA,4.05,NA,NA,NA,NA,NA,NA,NA,NA,NA,NA,NA,0.00,NA,NA,NA
2025-10-19 06:00:00,128.66,350.08,242.09,116.90,193.11,NA,NA,NA,5.08,NA,NA,NA,NA,NA,NA,NA,NA,NA,NA,NA,0.00,NA,NA,NA
2025-10-19 07:00:00,125.49,366.68,152.97,108.20,131.67,NA,NA,NA,3.97,NA,NA,NA,NA,NA,NA,NA,NA,NA,NA,NA,0.00,NA,NA,NA
2025-10-19 08:00:00,81.37,226.83,58.06,119.15,72.08,NA,NA,NA,2.71,NA,NA,NA,NA,NA,NA,NA,NA,NA,NA,NA,0.00,NA,NA,NA
2025-10-19 09:00:00,72.98,203.64,42.38,118.82,61.64,NA,NA,NA,2.68,NA,NA,NA,NA,NA,NA,NA,NA,NA,NA,NA,0.00,NA,NA,NA
2025-10-19 10:00:00,87.66,234.34,32.68,142.13,61.82,NA,NA,NA,2.62,NA,NA,NA,NA,NA,NA,NA,NA,NA,NA,NA,0.00,NA,NA,NA
2025-10-19 11:00:00,101.42,230.02,22.67,101.31,43.64,NA,NA,NA,2.33,NA,NA,NA,NA,NA,NA,NA,NA,NA,NA,NA,0.00,NA,NA,NA
2025-10-19 12:00:00,98.24,227.02,16.21,90.23,36.24,NA,NA,NA,2.17,NA,NA,NA,NA,NA,NA,NA,NA,NA,NA,NA,0.00,NA,NA,NA
2025-10-19 13:00:00,94.67,207.14,12.02,90.35,33.51,NA,NA,NA,2.06,NA,NA,NA,NA,NA,NA,NA,NA,NA,NA,NA,0.00,NA,NA,NA
2025-10-19 14:00:00,97.72,211.91,8.78,92.01,31.84,NA,NA,NA,2.10,NA,NA,NA,NA,NA,NA,NA,NA,NA,NA,NA,0.00,NA,NA,NA
2025-10-19 15:00:00,93.28,232.47,6.32,85.63,28.40,NA,NA,NA,2.12,NA,NA,NA,NA,NA,NA,NA,NA,NA,NA,NA,0.00,NA,NA,NA
2025-10-19 16:00:00,103.28,256.92,4.63,77.39,24.96,NA,NA,NA,2.20,NA,NA,NA,NA,NA,NA,NA,NA,NA,NA,NA,0.00,NA,NA,NA
2025-10-19 17:00:00,94.79,236.22,3.32,119.96,36.14,NA,NA,NA,2.23,NA,NA,NA,NA,NA,NA,NA,NA,NA,NA,NA,0.00,NA,NA,NA
2025-10-19 18:00:00,92.14,232.41,3.04,118.85,35.64,NA,NA,NA,2.36,NA,NA,NA,NA,NA,NA,NA,NA,NA,NA,NA,0.00,NA,NA,NA
2025-10-19 19:00:00,109.44,274.71,19.91,188.20,66.42,NA,NA,NA,3.42,NA,NA,NA,NA,NA,NA,NA,NA,NA,NA,NA,0.00,NA,NA,NA
2025-10-19 20:00:00,158.13,405.79,62.83,209.83,100.94,NA,NA,NA,4.60,NA,NA,NA,NA,NA,NA,NA,NA,NA,NA,NA,0.00,NA,NA,NA
2025-10-19 21:00:00,195.94,477.19,127.75,206.34,142.80,NA,NA,NA,5.76,NA,NA,NA,NA,NA,NA,NA,NA,NA,NA,NA,0.00,NA,NA,NA
2025-10-19 22:00:00,212.41,524.51,159.40,194.81,160.51,NA,NA,NA,6.23,NA,NA,NA,NA,NA,NA,NA,NA,NA,NA,NA,0.00,NA,NA,NA
2025-10-19 23:00:00,226.12,581.63,240.33,191.68,213.11,NA,NA,NA,6.78,NA,NA,NA,NA,NA,NA,NA,NA,NA,NA,NA,0.00,NA,NA,NA
2025-10-20 00:00:00,222.79,548.61,236.38,199.42,212.68,NA,NA,NA,6.30,NA,NA,NA,NA,NA,NA,NA,NA,NA,NA,NA,0.00,NA,NA,NA
2025-10-20 01:00:00,228.42,512.18,224.91,198.20,204.74,NA,NA,NA,5.95,NA,NA,NA,NA,NA,NA,NA,NA,NA,NA,NA,0.00,NA,NA,NA
2025-10-20 02:00:00,205.64,454.72,229.01,178.50,201.83,NA,NA,NA,5.37,NA,NA,NA,NA,NA,NA,NA,NA,NA,NA,NA,0.00,NA,NA,NA
2025-10-20 03:00:00,218.21,446.08,128.10,172.33,133.44,NA,NA,NA,5.00,NA,NA,NA,NA,NA,NA,NA,NA,NA,NA,NA,0.00,NA,NA,NA
2025-10-20 04:00:00,246.51,496.96,158.93,158.21,149.80,NA,NA,NA,5.50,NA,NA,NA,NA,NA,NA,NA,NA,NA,NA,NA,0.00,NA,NA,NA
2025-10-20 05:00:00,224.53,494.47,157.26,132.03,141.31,NA,NA,NA,5.15,NA,NA,NA,NA,NA,NA,NA,NA,NA,NA,NA,0.00,NA,NA,NA
2025-10-20 06:00:00,177.12,414.12,116.06,134.28,114.70,NA,NA,NA,4.22,NA,NA,NA,NA,NA,NA,NA,NA,NA,NA,NA,0.00,NA,NA,NA
2025-10-20 07:00:00,127.41,351.82,154.96,129.00,138.93,NA,NA,NA,4.71,NA,NA,NA,NA,NA,NA,NA,NA,NA,NA,NA,0.00,NA,NA,NA
2025-10-20 08:00:00,116.48,297.17,59.15,158.26,83.86,NA,NA,NA,3.31,NA,NA,NA,NA,NA,NA,NA,NA,NA,NA,NA,0.00,NA,NA,NA
2025-10-20 09:00:00,110.03,273.36,34.22,139.81,62.17,NA,NA,NA,3.06,NA,NA,NA,NA,NA,NA,NA,NA,NA,NA,NA,0.00,NA,NA,NA
2025-10-20 10:00:00,128.86,272.63,22.14,101.29,43.28,NA,NA,NA,2.84,NA,NA,NA,NA,NA,NA,NA,NA,NA,NA,NA,0.00,NA,NA,NA
2025-10-20 11:00:00,127.79,289.04,15.41,87.76,35.01,NA,NA,NA,2.72,NA,NA,NA,NA,NA,NA,NA,NA,NA,NA,NA,0.00,NA,NA,NA
2025-10-20 12:00:00,128.30,268.10,10.89,82.61,30.57,NA,NA,NA,2.35,NA,NA,NA,NA,NA,NA,NA,NA,NA,NA,NA,0.00,NA,NA,NA
2025-10-20 13:00:00,109.01,222.97,7.56,75.66,26.40,NA,NA,NA,2.24,NA,NA,NA,NA,NA,NA,NA,NA,NA,NA,NA,0.00,NA,NA,NA
2025-10-20 14:00:00,91.77,197.22,5.39,61.15,20.86,NA,NA,NA,1.89,NA,NA,NA,NA,NA,NA,NA,NA,NA,NA,NA,0.00,NA,NA,NA
2025-10-20 15:00:00,90.34,204.68,3.91,70.75,22.61,NA,NA,NA,2.05,NA,NA,NA,NA,NA,NA,NA,NA,NA,NA,NA,0.00,NA,NA,NA
2025-10-20 16:00:00,81.32,188.20,3.00,64.86,20.33,NA,NA,NA,1.98,NA,NA,NA,NA,NA,NA,NA,NA,NA,NA,NA,0.00,NA,NA,NA
2025-10-20 17:00:00,76.78,166.93,3.08,119.57,35.88,NA,NA,NA,2.02,NA,NA,NA,NA,NA,NA,NA,NA,NA,NA,NA,0.00,NA,NA,NA
2025-10-20 18:00:00,84.04,197.60,5.23,174.96,52.96,NA,NA,NA,2.37,NA,NA,NA,NA,NA,NA,NA,NA,NA,NA,NA,0.00,NA,NA,NA
2025-10-20 19:00:00,103.49,231.36,16.01,192.02,64.91,NA,NA,NA,2.83,NA,NA,NA,NA,NA,NA,NA,NA,NA,NA,NA,0.00,NA,NA,NA
2025-10-20 20:00:00,137.15,303.28,38.31,173.49,74.42,NA,NA,NA,3.67,NA,NA,NA,NA,NA,NA,NA,NA,NA,NA,NA,0.00,NA,NA,NA
2025-10-20 21:00:00,315.53,626.24,81.83,179.33,104.83,NA,NA,NA,5.00,NA,NA,NA,NA,NA,NA,NA,NA,NA,NA,NA,0.00,NA,NA,NA
2025-10-20 22:00:00,571.92,975.03,65.51,184.32,95.45,NA,NA,NA,4.71,NA,NA,NA,NA,NA,NA,NA,NA,NA,NA,NA,0.00,NA,NA,NA
2025-10-20 23:00:00,822.15,NA,59.90,182.62,91.25,NA,NA,NA,4.05,NA,NA,NA,NA,NA,NA,NA,NA,NA,NA,NA,0.00,NA,NA,NA
2025-10-21 00:00:00,NA,NA,50.55,169.70,81.44,NA,NA,NA,3.72,NA,NA,NA,NA,NA,NA,NA,NA,NA,NA,NA,0.00,NA,NA,NA
2025-10-21 01:00:00,NA,NA,92.07,159.17,105.89,NA,NA,NA,4.18,NA,NA,NA,NA,NA,NA,NA,NA,NA,NA,NA,0.00,NA,NA,NA
2025-10-21 02:00:00,NA,NA,98.79,134.96,103.50,NA,NA,NA,4.15,NA,NA,NA,NA,NA,NA,NA,NA,NA,NA,NA,0.00,NA,NA,NA
2025-10-21 03:00:00,NA,NA,145.84,132.42,133.89,NA,NA,NA,4.59,NA,NA,NA,NA,NA,NA,NA,NA,NA,NA,NA,0.00,NA,NA,NA
2025-10-21 04:00:00,NA,NA,173.47,120.34,148.69,NA,NA,NA,5.12,NA,NA,NA,NA,NA,NA,NA,NA,NA,NA,NA,0.00,NA,NA,NA
2025-10-21 05:00:00,NA,NA,145.81,114.88,128.86,NA,NA,NA,4.95,NA,NA,NA,NA,NA,NA,NA,NA,NA,NA,NA,0.00,NA,NA,NA
2025-10-21 06:00:00,672.91,938.15,97.00,107.53,94.56,NA,NA,NA,3.83,NA,NA,NA,NA,NA,NA,NA,NA,NA,NA,NA,0.00,NA,NA,NA
2025-10-21 07:00:00,443.67,746.54,64.48,105.11,72.35,NA,NA,NA,3.51,NA,NA,NA,NA,NA,NA,NA,NA,NA,NA,NA,0.00,NA,NA,NA
2025-10-21 08:00:00,381.28,625.47,31.01,89.53,45.82,NA,NA,NA,3.07,NA,NA,NA,NA,NA,NA,NA,NA,NA,NA,NA,0.00,NA,NA,NA
2025-10-21 09:00:00,179.71,341.13,22.28,62.02,32.28,NA,NA,NA,2.42,NA,NA,NA,NA,NA,NA,NA,NA,NA,NA,NA,0.00,NA,NA,NA
2025-10-21 10:00:00,140.42,259.65,17.71,61.11,29.00,NA,NA,NA,2.16,NA,NA,NA,NA,NA,NA,NA,NA,NA,NA,NA,0.00,NA,NA,NA
2025-10-21 11:00:00,105.29,221.25,13.47,42.74,20.99,NA,NA,NA,1.83,NA,NA,NA,NA,NA,NA,NA,NA,NA,NA,NA,0.00,NA,NA,NA
2025-10-21 12:00:00,64.22,168.05,11.16,35.21,17.34,NA,NA,NA,1.74,NA,NA,NA,NA,NA,NA,NA,NA,NA,NA,NA,0.00,NA,NA,NA
2025-10-21 13:00:00,60.13,138.88,8.43,37.08,16.07,NA,NA,NA,1.66,NA,NA,NA,NA,NA,NA,NA,NA,NA,NA,NA,0.00,NA,NA,NA
2025-10-21 14:00:00,58.39,134.06,6.57,41.42,16.06,NA,NA,NA,1.63,NA,NA,NA,NA,NA,NA,NA,NA,NA,NA,NA,0.00,NA,NA,NA
2025-10-21 15:00:00,53.50,129.71,4.98,37.88,14.02,NA,NA,NA,1.61,NA,NA,NA,NA,NA,NA,NA,NA,NA,NA,NA,0.00,NA,NA,NA
2025-10-21 16:00:00,62.50,144.14,4.10,56.16,18.60,NA,NA,NA,1.77,NA,NA,NA,NA,NA,NA,NA,NA,NA,NA,NA,0.00,NA,NA,NA
2025-10-21 17:00:00,63.87,172.44,4.68,108.89,33.91,NA,NA,NA,2.13,NA,NA,NA,NA,NA,NA,NA,NA,NA,NA,NA,0.00,NA,NA,NA
2025-10-21 18:00:00,67.43,205.60,16.96,154.52,54.95,NA,NA,NA,2.64,NA,NA,NA,NA,NA,NA,NA,NA,NA,NA,NA,0.00,NA,NA,NA
2025-10-21 19:00:00,96.20,269.17,86.12,170.85,105.28,NA,NA,NA,3.68,NA,NA,NA,NA,NA,NA,NA,NA,NA,NA,NA,0.00,NA,NA,NA
2025-10-21 20:00:00,95.95,234.14,105.32,172.99,118.56,NA,NA,NA,3.49,NA,NA,NA,NA,NA,NA,NA,NA,NA,NA,NA,0.00,NA,NA,NA
2025-10-21 21:00:00,95.00,222.20,130.36,178.60,136.72,NA,NA,NA,3.65,NA,NA,NA,NA,NA,NA,NA,NA,NA,NA,NA,0.00,NA,NA,NA
2025-10-21 22:00:00,116.96,312.26,179.91,172.17,167.63,NA,NA,NA,5.00,NA,NA,NA,NA,NA,NA,NA,NA,NA,NA,NA,0.00,NA,NA,NA
2025-10-21 23:00:00,132.16,347.11,201.68,165.28,180.06,NA,NA,NA,5.13,NA,NA,NA,NA,NA,NA,NA,NA,NA,NA,NA,0.00,NA,NA,NA
2025-10-22 00:00:00,168.00,381.50,210.47,162.80,185.17,NA,NA,NA,5.09,NA,NA,NA,NA,NA,NA,NA,NA,NA,NA,NA,0.00,NA,NA,NA
2025-10-22 01:00:00,176.28,422.66,227.71,148.88,192.62,NA,NA,NA,5.31,NA,NA,NA,NA,NA,NA,NA,NA,NA,NA,NA,0.00,NA,NA,NA
2025-10-22 02:00:00,207.26,417.87,185.66,146.10,164.06,NA,NA,NA,4.65,NA,NA,NA,NA,NA,NA,NA,NA,NA,NA,NA,0.00,NA,NA,NA
2025-10-22 03:00:00,215.21,415.71,251.67,136.78,205.05,NA,NA,NA,5.41,NA,NA,NA,NA,NA,NA,NA,NA,NA,NA,NA,0.00,NA,NA,NA
2025-10-22 04:00:00,249.07,491.23,127.74,118.49,117.92,NA,NA,NA,4.17,NA,NA,NA,NA,NA,NA,NA,NA,NA,NA,NA,0.00,NA,NA,NA
2025-10-22 05:00:00,232.75,474.69,101.08,98.62,94.70,NA,NA,NA,3.58,NA,NA,NA,NA,NA,NA,NA,NA,NA,NA,NA,0.00,NA,NA,NA
2025-10-22 06:00:00,176.65,325.18,112.13,87.75,98.96,NA,NA,NA,3.67,NA,NA,NA,NA,NA,NA,NA,NA,NA,NA,NA,0.00,NA,NA,NA
2025-10-22 07:00:00,158.17,293.32,98.22,99.32,93.01,NA,NA,NA,3.48,NA,NA,NA,NA,NA,NA,NA,NA,NA,NA,NA,0.00,NA,NA,NA
2025-10-22 08:00:00,145.07,275.69,51.13,85.00,57.84,NA,NA,NA,2.96,NA,NA,NA,NA,NA,NA,NA,NA,NA,NA,NA,0.00,NA,NA,NA
2025-10-22 09:00:00,146.99,295.18,36.78,89.42,49.60,NA,NA,NA,3.10,NA,NA,NA,NA,NA,NA,NA,NA,NA,NA,NA,0.00,NA,NA,NA
2025-10-22 10:00:00,183.25,359.28,27.05,89.43,43.18,NA,NA,NA,3.04,NA,NA,NA,NA,NA,NA,NA,NA,NA,NA,NA,0.00,NA,NA,NA
2025-10-22 11:00:00,192.84,378.86,20.30,82.44,36.75,NA,NA,NA,2.96,NA,NA,NA,NA,NA,NA,NA,NA,NA,NA,NA,0.00,NA,NA,NA
2025-10-22 12:00:00,214.61,372.03,15.28,79.91,32.71,NA,NA,NA,2.54,NA,NA,NA,NA,NA,NA,NA,NA,NA,NA,NA,0.00,NA,NA,NA
2025-10-22 13:00:00,165.08,293.70,11.54,82.07,30.84,NA,NA,NA,2.26,NA,NA,NA,NA,NA,NA,NA,NA,NA,NA,NA,0.00,NA,NA,NA
2025-10-22 14:00:00,137.31,268.87,8.90,71.94,26.24,NA,NA,NA,2.01,NA,NA,NA,NA,NA,NA,NA,NA,NA,NA,NA,0.00,NA,NA,NA
2025-10-22 15:00:00,97.38,195.35,6.60,60.42,21.45,NA,NA,NA,1.80,NA,NA,NA,NA,NA,NA,NA,NA,NA,NA,NA,0.00,NA,NA,NA
2025-10-22 16:00:00,90.98,182.24,5.18,58.81,20.07,NA,NA,NA,1.78,NA,NA,NA,NA,NA,NA,NA,NA,NA,NA,NA,0.00,NA,NA,NA
2025-10-22 17:00:00,80.00,178.07,4.34,78.66,25.12,NA,NA,NA,1.88,NA,NA,NA,NA,NA,NA,NA,NA,NA,NA,NA,0.00,NA,NA,NA
2025-10-22 18:00:00,93.90,205.29,4.03,94.61,29.44,NA,NA,NA,2.08,NA,NA,NA,NA,NA,NA,NA,NA,NA,NA,NA,0.00,NA,NA,NA
2025-10-22 19:00:00,88.84,202.02,31.06,145.00,61.58,NA,NA,NA,2.65,NA,NA,NA,NA,NA,NA,NA,NA,NA,NA,NA,0.00,NA,NA,NA
2025-10-22 20:00:00,116.44,279.00,55.81,150.91,79.58,NA,NA,NA,3.26,NA,NA,NA,NA,NA,NA,NA,NA,NA,NA,NA,0.00,NA,NA,NA
2025-10-22 21:00:00,149.34,319.70,95.85,151.47,106.22,NA,NA,NA,3.68,NA,NA,NA,NA,NA,NA,NA,NA,NA,NA,NA,0.00,NA,NA,NA
2025-10-22 22:00:00,154.88,343.22,143.86,143.39,135.67,NA,NA,NA,4.20,NA,NA,NA,NA,NA,NA,NA,NA,NA,NA,NA,0.00,NA,NA,NA
2025-10-22 23:00:00,140.04,311.36,73.18,143.09,88.84,NA,NA,NA,3.15,NA,NA,NA,NA,NA,NA,NA,NA,NA,NA,NA,0.00,NA,NA,NA
2025-10-23 00:00:00,130.06,280.14,79.32,136.73,91.11,NA,NA,NA,3.16,NA,NA,NA,NA,NA,NA,NA,NA,NA,NA,NA,0.00,NA,NA,NA
2025-10-23 01:00:00,127.05,270.92,60.01,123.16,74.50,NA,NA,NA,2.88,NA,NA,NA,NA,NA,NA,NA,NA,NA,NA,NA,0.00,NA,NA,NA
2025-10-23 02:00:00,136.08,257.06,34.49,112.77,54.70,NA,NA,NA,2.61,NA,NA,NA,NA,NA,NA,NA,NA,NA,NA,NA,0.00,NA,NA,NA
2025-10-23 03:00:00,116.86,214.00,18.57,88.60,37.34,NA,NA,NA,2.25,NA,NA,NA,NA,NA,NA,NA,NA,NA,NA,NA,0.00,NA,NA,NA
2025-10-23 04:00:00,125.79,214.04,25.25,99.06,44.73,NA,NA,NA,2.32,NA,NA,NA,NA,NA,NA,NA,NA,NA,NA,NA,0.00,NA,NA,NA
2025-10-23 05:00:00,113.78,221.45,28.79,94.75,45.82,NA,NA,NA,2.36,NA,NA,NA,NA,NA,NA,NA,NA,NA,NA,NA,0.00,NA,NA,NA
2025-10-23 06:00:00,98.94,206.93,25.23,81.01,39.60,NA,NA,NA,2.25,NA,NA,NA,NA,NA,NA,NA,NA,NA,NA,NA,0.00,NA,NA,NA
2025-10-23 07:00:00,84.30,188.55,27.48,85.90,42.47,NA,NA,NA,2.27,NA,NA,NA,NA,NA,NA,NA,NA,NA,NA,NA,0.00,NA,NA,NA
2025-10-23 08:00:00,69.05,180.78,27.19,91.92,43.98,NA,NA,NA,2.22,NA,NA,NA,NA,NA,NA,NA,NA,NA,NA,NA,0.00,NA,NA,NA
2025-10-23 09:00:00,80.65,199.60,16.02,91.09,36.37,NA,NA,NA,2.16,NA,NA,NA,NA,NA,NA,NA,NA,NA,NA,NA,0.00,NA,NA,NA
2025-10-23 10:00:00,90.75,268.46,11.86,104.08,37.28,NA,NA,NA,2.39,NA,NA,NA,NA,NA,NA,NA,NA,NA,NA,NA,0.00,NA,NA,NA
2025-10-23 11:00:00,120.55,303.30,7.78,95.79,32.24,NA,NA,NA,2.46,NA,NA,NA,NA,NA,NA,NA,NA,NA,NA,NA,0.00,NA,NA,NA
2025-10-23 12:00:00,119.50,289.47,5.36,74.47,24.62,NA,NA,NA,2.20,NA,NA,NA,NA,NA,NA,NA,NA,NA,NA,NA,0.00,NA,NA,NA
2025-10-23 13:00:00,110.61,236.75,3.51,51.54,16.90,NA,NA,NA,1.79,NA,NA,NA,NA,NA,NA,NA,NA,NA,NA,NA,0.00,NA,NA,NA
2025-10-23 14:00:00,86.03,189.97,3.36,52.44,17.06,NA,NA,NA,1.63,NA,NA,NA,NA,NA,NA,NA,NA,NA,NA,NA,0.00,NA,NA,NA
2025-10-23 15:00:00,66.33,156.08,3.19,50.21,16.32,NA,NA,NA,1.48,NA,NA,NA,NA,NA,NA,NA,NA,NA,NA,NA,0.00,NA,NA,NA
2025-10-23 16:00:00,58.71,137.43,2.96,49.43,15.94,NA,NA,NA,1.46,NA,NA,NA,NA,NA,NA,NA,NA,NA,NA,NA,0.00,NA,NA,NA
2025-10-23 17:00:00,47.44,135.66,3.47,71.61,22.56,NA,NA,NA,1.50,NA,NA,NA,NA,NA,NA,NA,NA,NA,NA,NA,0.00,NA,NA,NA
2025-10-23 18:00:00,58.04,189.27,3.56,110.33,33.57,NA,NA,NA,1.78,NA,NA,NA,NA,NA,NA,NA,NA,NA,NA,NA,0.00,NA,NA,NA
2025-10-23 19:00:00,79.47,224.24,5.70,129.05,40.30,NA,NA,NA,2.06,NA,NA,NA,NA,NA,NA,NA,NA,NA,NA,NA,0.00,NA,NA,NA
2025-10-23 20:00:00,99.50,298.58,140.63,180.37,144.06,NA,NA,NA,4.11,NA,NA,NA,NA,NA,NA,NA,NA,NA,NA,NA,0.00,NA,NA,NA
2025-10-23 21:00:00,135.33,448.80,339.19,184.34,276.38,NA,NA,NA,6.09,NA,NA,NA,NA,NA,NA,NA,NA,NA,NA,NA,0.00,NA,NA,NA
2025-10-23 22:00:00,160.94,546.14,350.16,177.10,281.57,NA,NA,NA,6.84,NA,NA,NA,NA,NA,NA,NA,NA,NA,NA,NA,0.00,NA,NA,NA
2025-10-23 23:00:00,150.92,428.85,259.67,181.89,223.05,NA,NA,NA,5.77,NA,NA,NA,NA,NA,NA,NA,NA,NA,NA,NA,0.00,NA,NA,NA
2025-10-24 00:00:00,145.58,410.07,197.24,166.52,177.47,NA,NA,NA,5.13,NA,NA,NA,NA,NA,NA,NA,NA,NA,NA,NA,0.00,NA,NA,NA
2025-10-24 01:00:00,155.57,404.08,175.13,145.39,156.90,NA,NA,NA,5.31,NA,NA,NA,NA,NA,NA,NA,NA,NA,NA,NA,0.00,NA,NA,NA
2025-10-24 02:00:00,179.70,470.15,217.33,130.89,180.71,NA,NA,NA,5.64,NA,NA,NA,NA,NA,NA,NA,NA,NA,NA,NA,0.00,NA,NA,NA
2025-10-24 03:00:00,186.48,414.40,169.21,117.64,145.13,NA,NA,NA,4.83,NA,NA,NA,NA,NA,NA,NA,NA,NA,NA,NA,0.00,NA,NA,NA
2025-10-24 04:00:00,159.15,381.23,191.72,113.02,158.68,NA,NA,NA,4.54,NA,NA,NA,NA,NA,NA,NA,NA,NA,NA,NA,0.00,NA,NA,NA
2025-10-24 05:00:00,131.08,293.23,116.34,117.49,110.16,NA,NA,NA,3.70,NA,NA,NA,NA,NA,NA,NA,NA,NA,NA,NA,0.00,NA,NA,NA
2025-10-24 06:00:00,117.13,262.67,97.85,126.83,100.54,NA,NA,NA,3.17,NA,NA,NA,NA,NA,NA,NA,NA,NA,NA,NA,0.00,NA,NA,NA
2025-10-24 07:00:00,83.32,189.56,52.17,123.26,69.37,NA,NA,NA,2.64,NA,NA,NA,NA,NA,NA,NA,NA,NA,NA,NA,0.00,NA,NA,NA
2025-10-24 08:00:00,71.82,196.94,61.29,149.67,82.88,NA,NA,NA,2.77,NA,NA,NA,NA,NA,NA,NA,NA,NA,NA,NA,0.00,NA,NA,NA
2025-10-24 09:00:00,84.55,205.36,38.40,124.98,60.73,NA,NA,NA,2.48,NA,NA,NA,NA,NA,NA,NA,NA,NA,NA,NA,0.00,NA,NA,NA
2025-10-24 10:00:00,92.57,220.33,26.39,92.32,43.56,NA,NA,NA,2.28,NA,NA,NA,NA,NA,NA,NA,NA,NA,NA,NA,0.00,NA,NA,NA
2025-10-24 11:00:00,87.96,205.56,22.58,93.63,41.42,NA,NA,NA,2.11,NA,NA,NA,NA,NA,NA,NA,NA,NA,NA,NA,0.00,NA,NA,NA
2025-10-24 12:00:00,91.25,203.71,14.67,74.80,30.86,NA,NA,NA,2.01,NA,NA,NA,NA,NA,NA,NA,NA,NA,NA,NA,0.00,NA,NA,NA
2025-10-24 13:00:00,92.62,193.80,12.07,85.28,32.11,NA,NA,NA,1.94,NA,NA,NA,NA,NA,NA,NA,NA,NA,NA,NA,0.00,NA,NA,NA
2025-10-24 14:00:00,64.65,149.30,9.54,64.84,24.64,NA,NA,NA,1.64,NA,NA,NA,NA,NA,NA,NA,NA,NA,NA,NA,0.00,NA,NA,NA
2025-10-24 15:00:00,60.83,131.10,6.63,49.53,18.40,NA,NA,NA,1.60,NA,NA,NA,NA,NA,NA,NA,NA,NA,NA,NA,0.00,NA,NA,NA
2025-10-24 16:00:00,50.07,123.34,5.38,82.25,26.83,NA,NA,NA,1.87,NA,NA,NA,NA,NA,NA,NA,NA,NA,NA,NA,0.00,NA,NA,NA
2025-10-24 17:00:00,52.31,124.63,5.28,103.75,32.84,NA,NA,NA,1.78,NA,NA,NA,NA,NA,NA,NA,NA,NA,NA,NA,0.00,NA,NA,NA
2025-10-24 18:00:00,56.38,149.14,89.72,186.05,112.01,NA,NA,NA,2.99,NA,NA,NA,NA,NA,NA,NA,NA,NA,NA,NA,0.00,NA,NA,NA
2025-10-24 19:00:00,95.84,271.38,134.25,204.40,146.57,NA,NA,NA,3.98,NA,NA,NA,NA,NA,NA,NA,NA,NA,NA,NA,0.00,NA,NA,NA
2025-10-24 20:00:00,89.29,315.02,264.43,218.64,236.68,NA,NA,NA,5.33,NA,NA,NA,NA,NA,NA,NA,NA,NA,NA,NA,0.00,NA,NA,NA
2025-10-24 21:00:00,101.37,351.53,298.83,207.19,256.16,NA,NA,NA,5.39,NA,NA,NA,NA,NA,NA,NA,NA,NA,NA,NA,0.00,NA,NA,NA
2025-10-24 22:00:00,111.16,347.59,256.21,203.38,226.89,NA,NA,NA,5.78,NA,NA,NA,NA,NA,NA,NA,NA,NA,NA,NA,0.00,NA,NA,NA
2025-10-24 23:00:00,122.57,385.17,294.60,203.54,252.25,NA,NA,NA,6.42,NA,NA,NA,NA,NA,NA,NA,NA,NA,NA,NA,0.00,NA,NA,NA
2025-10-25 00:00:00,128.86,362.40,198.21,175.36,180.65,NA,NA,NA,5.37,NA,NA,NA,NA,NA,NA,NA,NA,NA,NA,NA,0.00,NA,NA,NA
2025-10-25 01:00:00,137.30,396.45,273.80,171.21,229.42,NA,NA,NA,6.23,NA,NA,NA,NA,NA,NA,NA,NA,NA,NA,NA,0.00,NA,NA,NA
2025-10-25 02:00:00,144.51,418.76,290.60,162.06,237.92,NA,NA,NA,6.51,NA,NA,NA,NA,NA,NA,NA,NA,NA,NA,NA,0.00,NA,NA,NA
2025-10-25 03:00:00,143.14,402.62,177.41,138.96,156.56,NA,NA,NA,5.10,NA,NA,NA,NA,NA,NA,NA,NA,NA,NA,NA,0.00,NA,NA,NA
2025-10-25 04:00:00,128.56,342.18,258.20,132.86,208.28,NA,NA,NA,5.74,NA,NA,NA,NA,NA,NA,NA,NA,NA,NA,NA,0.00,NA,NA,NA
2025-10-25 05:00:00,141.95,405.26,311.69,142.25,246.26,NA,NA,NA,6.13,NA,NA,NA,NA,NA,NA,NA,NA,NA,NA,NA,0.00,NA,NA,NA
2025-10-25 06:00:00,131.24,340.40,209.75,137.15,177.40,NA,NA,NA,4.56,NA,NA,NA,NA,NA,NA,NA,NA,NA,NA,NA,0.00,NA,NA,NA
2025-10-25 07:00:00,132.43,300.02,163.20,122.14,142.45,NA,NA,NA,3.92,NA,NA,NA,NA,NA,NA,NA,NA,NA,NA,NA,0.00,NA,NA,NA
2025-10-25 08:00:00,123.34,296.89,96.04,149.03,105.63,NA,NA,NA,3.32,NA,NA,NA,NA,NA,NA,NA,NA,NA,NA,NA,0.00,NA,NA,NA
2025-10-25 09:00:00,105.45,269.97,54.97,173.27,85.34,NA,NA,NA,2.75,NA,NA,NA,NA,NA,NA,NA,NA,NA,NA,NA,0.00,NA,NA,NA
2025-10-25 10:00:00,112.88,272.82,38.60,140.66,65.32,NA,NA,NA,2.72,NA,NA,NA,NA,NA,NA,NA,NA,NA,NA,NA,0.00,NA,NA,NA
2025-10-25 11:00:00,80.05,203.32,28.04,124.96,53.89,NA,NA,NA,2.34,NA,NA,NA,NA,NA,NA,NA,NA,NA,NA,NA,0.00,NA,NA,NA
2025-10-25 12:00:00,104.85,256.65,20.15,115.66,46.04,NA,NA,NA,2.75,NA,NA,NA,NA,NA,NA,NA,NA,NA,NA,NA,0.00,NA,NA,NA
2025-10-25 13:00:00,101.05,303.81,15.12,110.59,41.28,NA,NA,NA,2.32,NA,NA,NA,NA,NA,NA,NA,NA,NA,NA,NA,0.00,NA,NA,NA
2025-10-25 14:00:00,87.70,173.11,11.81,85.98,32.14,NA,NA,NA,1.99,NA,NA,NA,NA,NA,NA,NA,NA,NA,NA,NA,0.00,NA,NA,NA
2025-10-25 15:00:00,79.40,166.21,8.75,83.37,29.37,NA,NA,NA,1.96,NA,NA,NA,NA,NA,NA,NA,NA,NA,NA,NA,0.00,NA,NA,NA
2025-10-25 16:00:00,82.48,159.12,7.86,124.49,40.44,NA,NA,NA,2.05,NA,NA,NA,NA,NA,NA,NA,NA,NA,NA,NA,0.00,NA,NA,NA
2025-10-25 17:00:00,75.88,186.45,26.73,250.26,88.48,NA,NA,NA,2.49,NA,NA,NA,NA,NA,NA,NA,NA,NA,NA,NA,0.00,NA,NA,NA
2025-10-25 18:00:00,93.87,232.38,49.54,266.74,108.21,NA,NA,NA,3.10,NA,NA,NA,NA,NA,NA,NA,NA,NA,NA,NA,0.00,NA,NA,NA
2025-10-25 19:00:00,111.98,293.80,67.75,248.19,115.03,NA,NA,NA,3.85,NA,NA,NA,NA,NA,NA,NA,NA,NA,NA,NA,0.00,NA,NA,NA
2025-10-25 20:00:00,127.49,375.41,158.92,247.51,175.11,NA,NA,NA,5.39,NA,NA,NA,NA,NA,NA,NA,NA,NA,NA,NA,0.00,NA,NA,NA
2025-10-25 21:00:00,156.82,460.82,210.21,259.70,212.40,NA,NA,NA,6.16,NA,NA,NA,NA,NA,NA,NA,NA,NA,NA,NA,0.00,NA,NA,NA
2025-10-25 22:00:00,155.98,432.80,245.30,245.82,231.72,NA,NA,NA,7.26,NA,NA,NA,NA,NA,NA,NA,NA,NA,NA,NA,0.00,NA,NA,NA
2025-10-25 23:00:00,149.65,456.70,300.41,231.18,263.96,NA,NA,NA,7.25,NA,NA,NA,NA,NA,NA,NA,NA,NA,NA,NA,0.00,NA,NA,NA
2025-10-26 00:00:00,140.54,431.10,271.73,226.48,243.70,NA,NA,NA,6.75,NA,NA,NA,NA,NA,NA,NA,NA,NA,NA,NA,0.00,NA,NA,NA
2025-10-26 01:00:00,142.54,388.90,284.10,239.14,255.44,NA,NA,NA,6.58,NA,NA,NA,NA,NA,NA,NA,NA,NA,NA,NA,0.00,NA,NA,NA
2025-10-26 02:00:00,143.58,395.58,191.70,197.79,182.61,NA,NA,NA,5.42,NA,NA,NA,NA,NA,NA,NA,NA,NA,NA,NA,0.00,NA,NA,NA
2025-10-26 03:00:00,159.63,351.86,179.41,167.16,165.88,NA,NA,NA,5.48,NA,NA,NA,NA,NA,NA,NA,NA,NA,NA,NA,0.00,NA,NA,NA
2025-10-26 04:00:00,158.98,373.30,132.23,159.18,132.45,NA,NA,NA,5.10,NA,NA,NA,NA,NA,NA,NA,NA,NA,NA,NA,0.00,NA,NA,NA
2025-10-26 05:00:00,134.55,351.13,159.34,173.53,154.43,NA,NA,NA,5.20,NA,NA,NA,NA,NA,NA,NA,NA,NA,NA,NA,0.00,NA,NA,NA
2025-10-26 06:00:00,117.69,269.30,165.23,172.77,158.10,NA,NA,NA,4.57,NA,NA,NA,NA,NA,NA,NA,NA,NA,NA,NA,0.00,NA,NA,NA
2025-10-26 07:00:00,101.78,256.66,172.36,180.12,164.86,NA,NA,NA,4.34,NA,NA,NA,NA,NA,NA,NA,NA,NA,NA,NA,0.00,NA,NA,NA
2025-10-26 08:00:00,93.43,237.14,54.18,158.55,80.65,NA,NA,NA,2.94,NA,NA,NA,NA,NA,NA,NA,NA,NA,NA,NA,0.00,NA,NA,NA
2025-10-26 09:00:00,81.66,195.45,35.33,118.01,56.73,NA,NA,NA,2.46,NA,NA,NA,NA,NA,NA,NA,NA,NA,NA,NA,0.00,NA,NA,NA
2025-10-26 10:00:00,79.50,174.73,25.50,87.26,41.54,NA,NA,NA,2.19,NA,NA,NA,NA,NA,NA,NA,NA,NA,NA,NA,0.00,NA,NA,NA
2025-10-26 11:00:00,89.30,182.36,20.04,112.21,45.00,NA,NA,NA,2.24,NA,NA,NA,NA,NA,NA,NA,NA,NA,NA,NA,0.00,NA,NA,NA
2025-10-26 12:00:00,84.60,171.78,14.84,99.79,38.03,NA,NA,NA,2.01,NA,NA,NA,NA,NA,NA,NA,NA,NA,NA,NA,0.00,NA,NA,NA
2025-10-26 13:00:00,77.10,147.61,11.75,86.99,32.38,NA,NA,NA,1.84,NA,NA,NA,NA,NA,NA,NA,NA,NA,NA,NA,0.00,NA,NA,NA
2025-10-26 14:00:00,68.92,133.97,8.20,87.45,30.16,NA,NA,NA,1.80,NA,NA,NA,NA,NA,NA,NA,NA,NA,NA,NA,0.00,NA,NA,NA
2025-10-26 15:00:00,56.82,123.55,6.17,76.63,25.75,NA,NA,NA,1.70,NA,NA,NA,NA,NA,NA,NA,NA,NA,NA,NA,0.00,NA,NA,NA
2025-10-26 16:00:00,60.56,135.37,4.79,97.01,30.61,NA,NA,NA,1.84,NA,NA,NA,NA,NA,NA,NA,NA,NA,NA,NA,0.00,NA,NA,NA
2025-10-26 17:00:00,60.05,160.94,9.30,247.59,76.20,NA,NA,NA,2.46,NA,NA,NA,NA,NA,NA,NA,NA,NA,NA,NA,0.00,NA,NA,NA
2025-10-26 18:00:00,68.78,211.15,109.87,320.05,163.22,NA,NA,NA,3.95,NA,NA,NA,NA,NA,NA,NA,NA,NA,NA,NA,0.00,NA,NA,NA
2025-10-26 19:00:00,82.58,291.60,232.85,331.60,247.78,NA,NA,NA,5.14,NA,NA,NA,NA,NA,NA,NA,NA,NA,NA,NA,0.00,NA,NA,NA
2025-10-26 20:00:00,109.03,361.14,322.23,324.27,304.76,NA,NA,NA,6.13,NA,NA,NA,NA,NA,NA,NA,NA,NA,NA,NA,0.00,NA,NA,NA
2025-10-26 21:00:00,116.79,417.54,383.65,317.57,343.43,NA,NA,NA,6.80,NA,NA,NA,NA,NA,NA,NA,NA,NA,NA,NA,0.00,NA,NA,NA
2025-10-26 22:00:00,121.94,377.90,363.44,276.57,318.48,NA,NA,NA,6.68,NA,NA,NA,NA,NA,NA,NA,NA,NA,NA,NA,0.00,NA,NA,NA
2025-10-26 23:00:00,127.71,353.53,340.21,249.32,295.36,NA,NA,NA,6.38,NA,NA,NA,NA,NA,NA,NA,NA,NA,NA,NA,0.00,NA,NA,NA
2025-10-27 00:00:00,124.54,341.75,167.61,199.06,167.07,NA,NA,NA,5.23,NA,NA,NA,NA,NA,NA,NA,NA,NA,NA,NA,0.00,NA,NA,NA
2025-10-27 01:00:00,121.13,277.39,55.44,158.84,81.59,NA,NA,NA,3.50,NA,NA,NA,NA,NA,NA,NA,NA,NA,NA,NA,0.00,NA,NA,NA
2025-10-27 02:00:00,90.34,216.89,128.74,181.04,136.36,NA,NA,NA,3.92,NA,NA,NA,NA,NA,NA,NA,NA,NA,NA,NA,0.00,NA,NA,NA
2025-10-27 03:00:00,96.46,233.42,207.19,190.48,190.85,NA,NA,NA,4.70,NA,NA,NA,NA,NA,NA,NA,NA,NA,NA,NA,0.00,NA,NA,NA
2025-10-27 04:00:00,98.06,239.51,151.17,154.86,143.74,NA,NA,NA,4.12,NA,NA,NA,NA,NA,NA,NA,NA,NA,NA,NA,0.00,NA,NA,NA
2025-10-27 05:00:00,100.49,222.32,265.77,172.45,224.55,NA,NA,NA,5.29,NA,NA,NA,NA,NA,NA,NA,NA,NA,NA,NA,0.00,NA,NA,NA
2025-10-27 06:00:00,95.88,245.17,413.15,198.41,329.24,NA,NA,NA,5.58,NA,NA,NA,NA,NA,NA,NA,NA,NA,NA,NA,0.00,NA,NA,NA
2025-10-27 07:00:00,97.79,242.38,374.93,205.23,305.87,NA,NA,NA,5.82,NA,NA,NA,NA,NA,NA,NA,NA,NA,NA,NA,0.00,NA,NA,NA
2025-10-27 08:00:00,136.26,309.03,177.05,229.17,181.85,NA,NA,NA,5.68,NA,NA,NA,NA,NA,NA,NA,NA,NA,NA,NA,0.00,NA,NA,NA
2025-10-27 09:00:00,212.53,458.52,99.34,275.73,143.66,NA,NA,NA,5.33,NA,NA,NA,NA,NA,NA,NA,NA,NA,NA,NA,0.00,NA,NA,NA
2025-10-27 10:00:00,189.50,387.17,63.72,228.71,106.82,NA,NA,NA,3.93,NA,NA,NA,NA,NA,NA,NA,NA,NA,NA,NA,0.00,NA,NA,NA
2025-10-27 11:00:00,132.35,253.62,44.95,180.28,80.72,NA,NA,NA,3.41,NA,NA,NA,NA,NA,NA,NA,NA,NA,NA,NA,0.00,NA,NA,NA
2025-10-27 12:00:00,136.21,289.86,31.65,175.33,70.53,NA,NA,NA,3.59,NA,NA,NA,NA,NA,NA,NA,NA,NA,NA,NA,0.00,NA,NA,NA
2025-10-27 13:00:00,131.48,339.69,25.54,135.83,55.31,NA,NA,NA,2.96,NA,NA,NA,NA,NA,NA,NA,NA,NA,NA,NA,0.00,NA,NA,NA
2025-10-27 14:00:00,102.32,247.91,21.55,115.13,46.81,NA,NA,NA,2.58,NA,NA,NA,NA,NA,NA,NA,NA,NA,NA,NA,0.00,NA,NA,NA
2025-10-27 15:00:00,103.77,259.70,17.83,110.56,43.06,NA,NA,NA,2.59,NA,NA,NA,NA,NA,NA,NA,NA,NA,NA,NA,0.00,NA,NA,NA
2025-10-27 16:00:00,91.10,221.76,17.41,117.53,44.76,NA,NA,NA,2.43,NA,NA,NA,NA,NA,NA,NA,NA,NA,NA,NA,0.00,NA,NA,NA
2025-10-27 17:00:00,97.47,237.14,16.16,120.89,44.89,NA,NA,NA,2.55,NA,NA,NA,NA,NA,NA,NA,NA,NA,NA,NA,0.00,NA,NA,NA
2025-10-27 18:00:00,123.79,273.63,14.04,108.74,40.05,NA,NA,NA,2.63,NA,NA,NA,NA,NA,NA,NA,NA,NA,NA,NA,0.00,NA,NA,NA
2025-10-27 19:00:00,119.28,247.82,12.91,114.24,40.86,NA,NA,NA,2.58,NA,NA,NA,NA,NA,NA,NA,NA,NA,NA,NA,0.00,NA,NA,NA
2025-10-27 20:00:00,116.41,227.02,13.77,122.98,43.90,NA,NA,NA,2.61,NA,NA,NA,NA,NA,NA,NA,NA,NA,NA,NA,0.00,NA,NA,NA
2025-10-27 21:00:00,123.55,230.86,13.05,122.91,43.40,NA,NA,NA,2.60,NA,NA,NA,NA,NA,NA,NA,NA,NA,NA,NA,0.00,NA,NA,NA
2025-10-27 22:00:00,105.66,213.40,10.63,104.46,36.59,NA,NA,NA,2.34,NA,NA,NA,NA,NA,NA,NA,NA,NA,NA,NA,0.00,NA,NA,NA
2025-10-27 23:00:00,93.24,194.48,11.01,117.20,40.45,NA,NA,NA,2.34,NA,NA,NA,NA,NA,NA,NA,NA,NA,NA,NA,0.00,NA,NA,NA
2025-10-28 00:00:00,87.01,186.37,12.79,129.77,45.16,NA,NA,NA,2.17,NA,NA,NA,NA,NA,NA,NA,NA,NA,NA,NA,0.00,NA,NA,NA
2025-10-28 01:00:00,86.02,172.75,32.68,152.20,64.67,NA,NA,NA,2.37,NA,NA,NA,NA,NA,NA,NA,NA,NA,NA,NA,0.00,NA,NA,NA
2025-10-28 02:00:00,91.72,200.11,32.52,137.86,60.49,NA,NA,NA,2.48,NA,NA,NA,NA,NA,NA,NA,NA,NA,NA,NA,0.00,NA,NA,NA
2025-10-28 03:00:00,102.00,209.48,33.26,123.66,56.97,NA,NA,NA,2.64,NA,NA,NA,NA,NA,NA,NA,NA,NA,NA,NA,0.00,NA,NA,NA
2025-10-28 04:00:00,120.51,220.67,29.52,124.48,54.74,NA,NA,NA,2.61,NA,NA,NA,NA,NA,NA,NA,NA,NA,NA,NA,0.00,NA,NA,NA
2025-10-28 05:00:00,110.26,211.65,64.74,128.65,79.20,NA,NA,NA,2.77,NA,NA,NA,NA,NA,NA,NA,NA,NA,NA,NA,0.00,NA,NA,NA
2025-10-28 06:00:00,113.94,226.10,84.47,123.19,90.68,NA,NA,NA,2.62,NA,NA,NA,NA,NA,NA,NA,NA,NA,NA,NA,0.00,NA,NA,NA
2025-10-28 07:00:00,116.60,221.43,76.40,127.39,86.54,NA,NA,NA,2.93,NA,NA,NA,NA,NA,NA,NA,NA,NA,NA,NA,0.00,NA,NA,NA
2025-10-28 08:00:00,148.87,307.21,54.74,129.11,72.72,NA,NA,NA,2.94,NA,NA,NA,NA,NA,NA,NA,NA,NA,NA,NA,0.00,NA,NA,NA
2025-10-28 09:00:00,170.42,333.41,25.59,131.51,54.12,NA,NA,NA,2.90,NA,NA,NA,NA,NA,NA,NA,NA,NA,NA,NA,0.00,NA,NA,NA
2025-10-28 10:00:00,139.47,281.58,15.87,117.45,43.72,NA,NA,NA,2.65,NA,NA,NA,NA,NA,NA,NA,NA,NA,NA,NA,0.00,NA,NA,NA
2025-10-28 11:00:00,107.14,215.65,10.99,79.19,29.66,NA,NA,NA,1.97,NA,NA,NA,NA,NA,NA,NA,NA,NA,NA,NA,0.00,NA,NA,NA
2025-10-28 12:00:00,73.47,145.04,9.33,91.33,32.01,NA,NA,NA,2.12,NA,NA,NA,NA,NA,NA,NA,NA,NA,NA,NA,0.00,NA,NA,NA
2025-10-28 13:00:00,101.69,194.65,7.26,103.35,34.04,NA,NA,NA,2.31,NA,NA,NA,NA,NA,NA,NA,NA,NA,NA,NA,0.00,NA,NA,NA
2025-10-28 14:00:00,103.54,207.38,5.29,121.29,37.82,NA,NA,NA,2.48,NA,NA,NA,NA,NA,NA,NA,NA,NA,NA,NA,0.00,NA,NA,NA
2025-10-28 15:00:00,97.64,224.19,4.23,117.82,36.13,NA,NA,NA,2.48,NA,NA,NA,NA,NA,NA,NA,NA,NA,NA,NA,0.00,NA,NA,NA
2025-10-28 16:00:00,100.92,251.50,3.57,123.17,37.21,NA,NA,NA,2.47,NA,NA,NA,NA,NA,NA,NA,NA,NA,NA,NA,0.00,NA,NA,NA
2025-10-28 17:00:00,105.96,281.20,3.53,134.19,40.30,NA,NA,NA,2.54,NA,NA,NA,NA,NA,NA,NA,NA,NA,NA,NA,0.00,NA,NA,NA
2025-10-28 18:00:00,133.69,322.23,5.79,151.60,46.72,NA,NA,NA,2.86,NA,NA,NA,NA,NA,NA,NA,NA,NA,NA,NA,0.00,NA,NA,NA
2025-10-28 19:00:00,129.18,281.07,6.68,131.62,41.66,NA,NA,NA,2.87,NA,NA,NA,NA,NA,NA,NA,NA,NA,NA,NA,0.00,NA,NA,NA
2025-10-28 20:00:00,131.13,284.13,10.14,122.49,41.36,NA,NA,NA,2.92,NA,NA,NA,NA,NA,NA,NA,NA,NA,NA,NA,0.00,NA,NA,NA
2025-10-28 21:00:00,121.74,286.66,18.55,118.76,45.87,NA,NA,NA,2.84,NA,NA,NA,NA,NA,NA,NA,NA,NA,NA,NA,0.00,NA,NA,NA
2025-10-28 22:00:00,108.99,250.94,52.12,122.33,69.06,NA,NA,NA,3.06,NA,NA,NA,NA,NA,NA,NA,NA,NA,NA,NA,0.00,NA,NA,NA
2025-10-28 23:00:00,88.98,235.07,85.73,120.43,90.75,NA,NA,NA,3.50,NA,NA,NA,NA,NA,NA,NA,NA,NA,NA,NA,0.00,NA,NA,NA
2025-10-29 00:00:00,75.92,200.55,91.12,117.25,93.36,NA,NA,NA,3.17,NA,NA,NA,NA,NA,NA,NA,NA,NA,NA,NA,0.00,NA,NA,NA
2025-10-29 01:00:00,67.10,176.91,63.83,110.29,73.40,NA,NA,NA,2.45,NA,NA,NA,NA,NA,NA,NA,NA,NA,NA,NA,0.00,NA,NA,NA
2025-10-29 02:00:00,66.94,168.10,59.58,106.29,69.46,NA,NA,NA,2.41,NA,NA,NA,NA,NA,NA,NA,NA,NA,NA,NA,0.00,NA,NA,NA
2025-10-29 03:00:00,72.78,164.85,93.18,103.99,91.03,NA,NA,NA,2.75,NA,NA,NA,NA,NA,NA,NA,NA,NA,NA,NA,0.00,NA,NA,NA
2025-10-29 04:00:00,87.82,170.30,91.24,92.38,86.44,NA,NA,NA,2.70,NA,NA,NA,NA,NA,NA,NA,NA,NA,NA,NA,0.00,NA,NA,NA
2025-10-29 05:00:00,79.06,155.07,99.12,97.02,92.98,NA,NA,NA,2.24,NA,NA,NA,NA,NA,NA,NA,NA,NA,NA,NA,0.00,NA,NA,NA
2025-10-29 06:00:00,74.78,137.56,124.45,99.78,110.48,NA,NA,NA,2.75,NA,NA,NA,NA,NA,NA,NA,NA,NA,NA,NA,0.00,NA,NA,NA
2025-10-29 07:00:00,105.60,209.36,99.33,102.74,94.72,NA,NA,NA,2.73,NA,NA,NA,NA,NA,NA,NA,NA,NA,NA,NA,0.00,NA,NA,NA
2025-10-29 08:00:00,128.80,269.78,55.99,118.34,70.48,NA,NA,NA,2.69,NA,NA,NA,NA,NA,NA,NA,NA,NA,NA,NA,0.00,NA,NA,NA
2025-10-29 09:00:00,106.53,268.01,31.33,114.80,53.18,NA,NA,NA,2.91,NA,NA,NA,NA,NA,NA,NA,NA,NA,NA,NA,0.00,NA,NA,NA
2025-10-29 10:00:00,83.04,222.64,18.66,97.56,39.93,NA,NA,NA,2.72,NA,NA,NA,NA,NA,NA,NA,NA,NA,NA,NA,0.00,NA,NA,NA
2025-10-29 11:00:00,86.07,244.78,11.25,101.66,36.21,NA,NA,NA,2.39,NA,NA,NA,NA,NA,NA,NA,NA,NA,NA,NA,0.00,NA,NA,NA
2025-10-29 12:00:00,93.22,236.18,2.08,84.08,25.15,NA,NA,NA,2.08,NA,NA,NA,NA,NA,NA,NA,NA,NA,NA,NA,0.00,NA,NA,NA
2025-10-29 13:00:00,125.46,267.23,3.66,84.76,26.48,NA,NA,NA,2.25,NA,NA,NA,NA,NA,NA,NA,NA,NA,NA,NA,0.00,NA,NA,NA
2025-10-29 14:00:00,181.87,301.13,6.39,102.54,33.23,NA,NA,NA,NA,NA,NA,NA,NA,NA,NA,NA,NA,NA,NA,NA,0.00,NA,NA,NA
2025-10-29 15:00:00,172.44,295.72,8.12,104.10,34.82,NA,NA,NA,0.22,NA,NA,NA,NA,NA,NA,NA,NA,NA,NA,NA,0.00,NA,NA,NA
2025-10-29 16:00:00,186.84,328.88,8.47,113.16,37.62,NA,NA,NA,0.35,NA,NA,NA,NA,NA,NA,NA,NA,NA,NA,NA,0.00,NA,NA,NA
2025-10-29 17:00:00,156.16,327.00,12.69,176.02,58.20,NA,NA,NA,0.88,NA,NA,NA,NA,NA,NA,NA,NA,NA,NA,NA,0.00,NA,NA,NA
2025-10-29 18:00:00,137.10,311.67,40.22,239.72,94.42,NA,NA,NA,1.30,NA,NA,NA,NA,NA,NA,NA,NA,NA,NA,NA,0.00,NA,NA,NA
2025-10-29 19:00:00,142.59,292.48,41.53,231.16,92.84,NA,NA,NA,1.63,NA,NA,NA,NA,NA,NA,NA,NA,NA,NA,NA,0.00,NA,NA,NA
2025-10-29 20:00:00,144.13,318.20,69.81,226.57,110.28,NA,NA,NA,2.90,NA,NA,NA,NA,NA,NA,NA,NA,NA,NA,NA,0.00,NA,NA,NA
2025-10-29 21:00:00,162.80,397.17,143.70,223.90,158.36,NA,NA,NA,4.65,NA,NA,NA,NA,NA,NA,NA,NA,NA,NA,NA,0.00,NA,NA,NA
2025-10-29 22:00:00,172.71,441.16,166.78,224.11,173.63,NA,NA,NA,4.67,NA,NA,NA,NA,NA,NA,NA,NA,NA,NA,NA,0.00,NA,NA,NA
2025-10-29 23:00:00,173.26,407.61,128.49,207.82,143.68,NA,NA,NA,4.40,NA,NA,NA,NA,NA,NA,NA,NA,NA,NA,NA,0.00,NA,NA,NA
2025-10-30 00:00:00,194.18,448.63,201.35,206.99,191.67,NA,NA,NA,4.50,NA,NA,NA,NA,NA,NA,NA,NA,NA,NA,NA,0.00,NA,NA,NA
2025-10-30 01:00:00,203.68,430.29,187.15,213.49,184.12,NA,NA,NA,5.16,NA,NA,NA,NA,NA,NA,NA,NA,NA,NA,NA,0.00,NA,NA,NA
2025-10-30 02:00:00,205.08,476.31,198.88,195.36,186.68,NA,NA,NA,5.72,NA,NA,NA,NA,NA,NA,NA,NA,NA,NA,NA,0.00,NA,NA,NA
2025-10-30 03:00:00,199.80,457.58,119.74,177.90,129.50,NA,NA,NA,4.80,NA,NA,NA,NA,NA,NA,NA,NA,NA,NA,NA,0.00,NA,NA,NA
2025-10-30 04:00:00,190.85,445.48,111.19,188.16,126.73,NA,NA,NA,4.87,NA,NA,NA,NA,NA,NA,NA,NA,NA,NA,NA,0.00,NA,NA,NA
2025-10-30 05:00:00,234.66,462.38,134.51,189.88,142.62,NA,NA,NA,4.79,NA,NA,NA,NA,NA,NA,NA,NA,NA,NA,NA,0.00,NA,NA,NA
2025-10-30 06:00:00,238.37,507.64,178.87,184.40,170.44,NA,NA,NA,5.03,NA,NA,NA,NA,NA,NA,NA,NA,NA,NA,NA,0.00,NA,NA,NA
2025-10-30 07:00:00,228.92,504.51,191.91,199.51,183.26,NA,NA,NA,4.83,NA,NA,NA,NA,NA,NA,NA,NA,NA,NA,NA,0.00,NA,NA,NA
2025-10-30 08:00:00,210.59,478.40,78.46,219.10,113.83,NA,NA,NA,3.85,NA,NA,NA,NA,NA,NA,NA,NA,NA,NA,NA,0.00,NA,NA,NA
2025-10-30 09:00:00,251.21,490.87,40.26,214.69,87.35,NA,NA,NA,3.06,NA,NA,NA,NA,NA,NA,NA,NA,NA,NA,NA,0.00,NA,NA,NA
2025-10-30 10:00:00,197.40,413.42,21.44,174.52,63.54,NA,NA,NA,2.31,NA,NA,NA,NA,NA,NA,NA,NA,NA,NA,NA,0.00,NA,NA,NA
2025-10-30 11:00:00,122.10,267.77,13.12,116.18,41.55,NA,NA,NA,1.60,NA,NA,NA,NA,NA,NA,NA,NA,NA,NA,NA,0.00,NA,NA,NA
2025-10-30 12:00:00,102.71,225.84,12.41,143.01,48.66,NA,NA,NA,1.60,NA,NA,NA,NA,NA,NA,NA,NA,NA,NA,NA,0.00,NA,NA,NA
2025-10-30 13:00:00,97.76,225.81,9.40,118.04,39.61,NA,NA,NA,1.44,NA,NA,NA,NA,NA,NA,NA,NA,NA,NA,NA,0.00,NA,NA,NA
2025-10-30 14:00:00,102.12,269.47,7.19,131.97,42.09,NA,NA,NA,1.56,NA,NA,NA,NA,NA,NA,NA,NA,NA,NA,NA,0.00,NA,NA,NA
2025-10-30 15:00:00,107.93,269.79,5.73,118.67,37.36,NA,NA,NA,1.35,NA,NA,NA,NA,NA,NA,NA,NA,NA,NA,NA,0.00,NA,NA,NA
2025-10-30 16:00:00,111.71,251.01,4.86,115.15,35.80,NA,NA,NA,1.32,NA,NA,NA,NA,NA,NA,NA,NA,NA,NA,NA,0.00,NA,NA,NA
2025-10-30 17:00:00,136.66,283.96,5.27,117.72,36.79,NA,NA,NA,1.34,NA,NA,NA,NA,NA,NA,NA,NA,NA,NA,NA,0.00,NA,NA,NA
2025-10-30 18:00:00,135.64,299.73,12.85,121.80,42.96,NA,NA,NA,1.24,NA,NA,NA,NA,NA,NA,NA,NA,NA,NA,NA,0.00,NA,NA,NA
2025-10-30 19:00:00,108.24,217.23,28.42,134.92,56.95,NA,NA,NA,1.17,NA,NA,NA,NA,NA,NA,NA,NA,NA,NA,NA,0.00,NA,NA,NA
2025-10-30 20:00:00,82.75,168.10,30.56,132.54,57.70,NA,NA,NA,0.98,NA,NA,NA,NA,NA,NA,NA,NA,NA,NA,NA,0.00,NA,NA,NA
2025-10-30 21:00:00,52.67,122.73,34.49,130.86,59.82,NA,NA,NA,0.83,NA,NA,NA,NA,NA,NA,NA,NA,NA,NA,NA,0.00,NA,NA,NA
2025-10-30 22:00:00,59.60,123.40,18.03,108.32,42.56,NA,NA,NA,1.00,NA,NA,NA,NA,NA,NA,NA,NA,NA,NA,NA,0.00,NA,NA,NA
2025-10-30 23:00:00,92.63,192.74,26.31,111.73,49.01,NA,NA,NA,1.37,NA,NA,NA,NA,NA,NA,NA,NA,NA,NA,NA,0.00,NA,NA,NA
2025-10-31 00:00:00,77.11,184.11,22.13,104.49,44.19,NA,NA,NA,0.91,NA,NA,NA,NA,NA,NA,NA,NA,NA,NA,NA,0.00,NA,NA,NA
2025-10-31 01:00:00,68.52,156.97,16.39,87.17,35.50,NA,NA,NA,0.71,NA,NA,NA,NA,NA,NA,NA,NA,NA,NA,NA,0.00,NA,NA,NA
2025-10-31 02:00:00,65.48,132.53,22.83,78.42,37.28,NA,NA,NA,0.58,NA,NA,NA,NA,NA,NA,NA,NA,NA,NA,NA,0.00,NA,NA,NA
2025-10-31 03:00:00,56.90,128.50,28.13,71.68,38.88,NA,NA,NA,0.49,NA,NA,NA,NA,NA,NA,NA,NA,NA,NA,NA,0.00,NA,NA,NA
2025-10-31 04:00:00,55.48,117.29,55.53,72.47,57.21,NA,NA,NA,0.66,NA,NA,NA,NA,NA,NA,NA,NA,NA,NA,NA,0.00,NA,NA,NA
2025-10-31 05:00:00,46.38,115.49,39.00,68.04,45.04,NA,NA,NA,0.57,NA,NA,NA,NA,NA,NA,NA,NA,NA,NA,NA,0.00,NA,NA,NA
2025-10-31 06:00:00,58.16,139.24,64.35,65.32,61.02,NA,NA,NA,0.73,NA,NA,NA,NA,NA,NA,NA,NA,NA,NA,NA,0.00,NA,NA,NA
2025-10-31 07:00:00,68.44,135.32,83.34,76.94,76.85,NA,NA,NA,0.91,NA,NA,NA,NA,NA,NA,NA,NA,NA,NA,NA,0.00,NA,NA,NA
2025-10-31 08:00:00,70.23,134.68,29.21,87.35,44.03,NA,NA,NA,0.46,NA,NA,NA,NA,NA,NA,NA,NA,NA,NA,NA,0.00,NA,NA,NA
2025-10-31 09:00:00,77.54,142.73,27.59,115.70,50.95,NA,NA,NA,0.61,NA,NA,NA,NA,NA,NA,NA,NA,NA,NA,NA,0.00,NA,NA,NA
2025-10-31 10:00:00,72.57,139.20,14.42,89.77,34.92,NA,NA,NA,0.22,NA,NA,NA,NA,NA,NA,NA,NA,NA,NA,NA,0.00,NA,NA,NA
2025-10-31 11:00:00,67.94,122.32,6.86,67.22,23.56,NA,NA,NA,0.04,NA,NA,NA,NA,NA,NA,NA,NA,NA,NA,NA,0.00,NA,NA,NA
2025-10-31 12:00:00,59.77,116.44,4.51,70.01,22.79,NA,NA,NA,0.12,NA,NA,NA,NA,NA,NA,NA,NA,NA,NA,NA,0.00,NA,NA,NA
2025-10-31 13:00:00,60.70,126.16,2.87,70.37,21.80,NA,NA,NA,0.17,NA,NA,NA,NA,NA,NA,NA,NA,NA,NA,NA,0.00,NA,NA,NA
2025-10-31 14:00:00,64.49,148.96,1.83,79.08,23.59,NA,NA,NA,0.12,NA,NA,NA,NA,NA,NA,NA,NA,NA,NA,NA,0.00,NA,NA,NA
2025-10-31 15:00:00,64.52,145.88,0.76,61.11,17.79,NA,NA,NA,0.08,NA,NA,NA,NA,NA,NA,NA,NA,NA,NA,NA,0.00,NA,NA,NA
2025-10-31 16:00:00,57.73,133.84,0.26,71.26,20.30,NA,NA,NA,0.05,NA,NA,NA,NA,NA,NA,NA,NA,NA,NA,NA,0.00,NA,NA,NA
2025-10-31 17:00:00,69.92,132.70,3.20,110.39,33.31,NA,NA,NA,0.37,NA,NA,NA,NA,NA,NA,NA,NA,NA,NA,NA,0.00,NA,NA,NA
2025-10-31 18:00:00,78.59,163.57,36.51,173.28,73.18,NA,NA,NA,0.95,NA,NA,NA,NA,NA,NA,NA,NA,NA,NA,NA,0.00,NA,NA,NA
2025-10-31 19:00:00,69.87,170.82,42.88,208.13,87.22,NA,NA,NA,1.29,NA,NA,NA,NA,NA,NA,NA,NA,NA,NA,NA,0.00,NA,NA,NA
2025-10-31 20:00:00,89.14,220.48,92.16,202.00,118.08,NA,NA,NA,2.23,NA,NA,NA,NA,NA,NA,NA,NA,NA,NA,NA,0.00,NA,NA,NA
2025-10-31 21:00:00,114.14,330.05,132.79,189.90,141.51,NA,NA,NA,3.48,NA,NA,NA,NA,NA,NA,NA,NA,NA,NA,NA,0.00,NA,NA,NA
2025-10-31 22:00:00,127.99,383.68,73.02,200.38,104.95,NA,NA,NA,2.89,NA,NA,NA,NA,NA,NA,NA,NA,NA,NA,NA,0.00,NA,NA,NA
2025-10-31 23:00:00,113.15,315.96,88.88,193.73,113.58,NA,NA,NA,2.73,NA,NA,NA,NA,NA,NA,NA,NA,NA,NA,NA,0.00,NA,NA,NA
2025-11-01 00:00:00,111.69,315.52,114.34,181.32,126.88,NA,NA,NA,3.35,NA,NA,NA,NA,NA,NA,NA,NA,NA,NA,NA,0.00,NA,NA,NA
2025-11-01 01:00:00,102.29,303.72,84.45,155.30,99.76,NA,NA,NA,2.10,NA,NA,NA,NA,NA,NA,NA,NA,NA,NA,NA,0.00,NA,NA,NA
2025-11-01 02:00:00,91.62,262.66,62.41,159.66,86.42,NA,NA,NA,2.75,NA,NA,NA,NA,NA,NA,NA,NA,NA,NA,NA,0.00,NA,NA,NA
2025-11-01 03:00:00,92.06,220.62,63.10,139.61,81.20,NA,NA,NA,1.80,NA,NA,NA,NA,NA,NA,NA,NA,NA,NA,NA,0.00,NA,NA,NA
2025-11-01 04:00:00,97.55,203.14,35.86,118.00,57.08,NA,NA,NA,1.95,NA,NA,NA,NA,NA,NA,NA,NA,NA,NA,NA,0.00,NA,NA,NA
2025-11-01 05:00:00,90.82,184.98,22.71,110.77,46.35,NA,NA,NA,1.74,NA,NA,NA,NA,NA,NA,NA,NA,NA,NA,NA,0.00,NA,NA,NA
2025-11-01 06:00:00,103.51,211.87,18.79,112.69,44.31,NA,NA,NA,1.00,NA,NA,NA,NA,NA,NA,NA,NA,NA,NA,NA,0.00,NA,NA,NA
2025-11-01 07:00:00,116.65,235.24,21.73,111.12,45.80,NA,NA,NA,1.33,NA,NA,NA,NA,NA,NA,NA,NA,NA,NA,NA,0.00,NA,NA,NA
2025-11-01 08:00:00,132.47,268.12,17.34,104.21,40.94,NA,NA,NA,1.58,NA,NA,NA,NA,NA,NA,NA,NA,NA,NA,NA,0.00,NA,NA,NA
2025-11-01 09:00:00,185.44,355.93,17.87,117.62,45.08,NA,NA,NA,2.00,NA,NA,NA,NA,NA,NA,NA,NA,NA,NA,NA,0.00,NA,NA,NA
2025-11-01 10:00:00,234.87,461.06,12.23,138.31,47.20,NA,NA,NA,2.33,NA,NA,NA,NA,NA,NA,NA,NA,NA,NA,NA,0.00,NA,NA,NA
2025-11-01 11:00:00,244.10,420.71,6.21,125.33,39.56,NA,NA,NA,1.92,NA,NA,NA,NA,NA,NA,NA,NA,NA,NA,NA,0.00,NA,NA,NA
2025-11-01 12:00:00,212.88,419.22,3.00,114.29,34.32,NA,NA,NA,1.69,NA,NA,NA,NA,NA,NA,NA,NA,NA,NA,NA,0.00,NA,NA,NA
2025-11-01 13:00:00,198.10,371.05,2.33,104.13,31.00,NA,NA,NA,1.56,NA,NA,NA,NA,NA,NA,NA,NA,NA,NA,NA,0.00,NA,NA,NA
2025-11-01 14:00:00,211.77,422.31,1.47,109.43,31.94,NA,NA,NA,1.82,NA,NA,NA,NA,NA,NA,NA,NA,NA,NA,NA,0.00,NA,NA,NA
2025-11-01 15:00:00,219.77,432.02,0.75,114.82,32.94,NA,NA,NA,1.93,NA,NA,NA,NA,NA,NA,NA,NA,NA,NA,NA,0.00,NA,NA,NA
2025-11-01 16:00:00,246.08,460.05,0.13,135.03,38.20,NA,NA,NA,2.22,NA,NA,NA,NA,NA,NA,NA,NA,NA,NA,NA,0.00,NA,NA,NA
2025-11-01 17:00:00,257.83,500.38,1.43,153.80,43.81,NA,NA,NA,2.57,NA,NA,NA,NA,NA,NA,NA,NA,NA,NA,NA,0.00,NA,NA,NA
2025-11-01 18:00:00,282.73,517.86,23.63,182.91,67.39,NA,NA,NA,3.04,NA,NA,NA,NA,NA,NA,NA,NA,NA,NA,NA,0.00,NA,NA,NA
2025-11-01 19:00:00,285.26,523.62,105.00,212.53,129.56,NA,NA,NA,4.18,NA,NA,NA,NA,NA,NA,NA,NA,NA,NA,NA,0.00,NA,NA,NA
2025-11-01 20:00:00,258.58,521.95,81.70,199.19,110.34,NA,NA,NA,3.78,NA,NA,NA,NA,NA,NA,NA,NA,NA,NA,NA,0.00,NA,NA,NA
2025-11-01 21:00:00,256.84,507.24,107.50,193.39,125.83,NA,NA,NA,4.09,NA,NA,NA,NA,NA,NA,NA,NA,NA,NA,NA,0.00,NA,NA,NA
2025-11-01 22:00:00,216.82,452.39,175.98,199.58,172.78,NA,NA,NA,4.56,NA,NA,NA,NA,NA,NA,NA,NA,NA,NA,NA,0.00,NA,NA,NA
2025-11-01 23:00:00,168.54,351.71,230.18,210.70,211.73,NA,NA,NA,4.46,NA,NA,NA,NA,NA,NA,NA,NA,NA,NA,NA,0.00,NA,NA,NA
2025-11-02 00:00:00,121.10,286.96,93.48,186.12,114.43,NA,NA,NA,2.73,NA,NA,NA,NA,NA,NA,NA,NA,NA,NA,NA,0.00,NA,NA,NA
2025-11-02 01:00:00,153.32,328.68,88.12,169.27,106.13,NA,NA,NA,2.74,NA,NA,NA,NA,NA,NA,NA,NA,NA,NA,NA,0.00,NA,NA,NA
2025-11-02 02:00:00,171.60,376.39,59.46,157.81,83.94,NA,NA,NA,2.60,NA,NA,NA,NA,NA,NA,NA,NA,NA,NA,NA,0.00,NA,NA,NA
2025-11-02 03:00:00,202.89,386.36,55.04,145.18,77.46,NA,NA,NA,2.46,NA,NA,NA,NA,NA,NA,NA,NA,NA,NA,NA,0.00,NA,NA,NA
2025-11-02 04:00:00,195.55,371.10,70.30,142.14,86.68,NA,NA,NA,2.40,NA,NA,NA,NA,NA,NA,NA,NA,NA,NA,NA,0.00,NA,NA,NA
2025-11-02 05:00:00,179.69,342.17,72.58,133.82,85.84,NA,NA,NA,2.30,NA,NA,NA,NA,NA,NA,NA,NA,NA,NA,NA,0.00,NA,NA,NA
2025-11-02 06:00:00,176.27,365.32,65.57,125.24,78.79,NA,NA,NA,2.04,NA,NA,NA,NA,NA,NA,NA,NA,NA,NA,NA,0.00,NA,NA,NA
2025-11-02 07:00:00,166.87,359.84,77.41,140.48,90.90,NA,NA,NA,2.17,NA,NA,NA,NA,NA,NA,NA,NA,NA,NA,NA,0.00,NA,NA,NA
2025-11-02 08:00:00,180.13,335.10,39.18,132.67,63.42,NA,NA,NA,1.88,NA,NA,NA,NA,NA,NA,NA,NA,NA,NA,NA,0.00,NA,NA,NA
2025-11-02 09:00:00,190.39,367.03,23.00,117.31,48.40,NA,NA,NA,1.76,NA,NA,NA,NA,NA,NA,NA,NA,NA,NA,NA,0.00,NA,NA,NA
2025-11-02 10:00:00,218.99,395.37,12.18,103.17,37.24,NA,NA,NA,1.76,NA,NA,NA,NA,NA,NA,NA,NA,NA,NA,NA,0.00,NA,NA,NA
2025-11-02 11:00:00,195.11,388.22,5.67,89.39,29.04,NA,NA,NA,1.38,NA,NA,NA,NA,NA,NA,NA,NA,NA,NA,NA,0.00,NA,NA,NA
2025-11-02 12:00:00,152.70,330.65,3.60,92.76,28.62,NA,NA,NA,0.96,NA,NA,NA,NA,NA,NA,NA,NA,NA,NA,NA,0.00,NA,NA,NA
2025-11-02 13:00:00,129.57,253.96,2.77,95.73,28.91,NA,NA,NA,0.57,NA,NA,NA,NA,NA,NA,NA,NA,NA,NA,NA,0.00,NA,NA,NA
2025-11-02 14:00:00,100.96,193.40,1.42,80.43,23.69,NA,NA,NA,0.21,NA,NA,NA,NA,NA,NA,NA,NA,NA,NA,NA,0.00,NA,NA,NA
2025-11-02 15:00:00,83.30,183.95,0.36,74.45,21.24,NA,NA,NA,0.29,NA,NA,NA,NA,NA,NA,NA,NA,NA,NA,NA,0.00,NA,NA,NA
2025-11-02 16:00:00,93.25,191.00,NA,87.11,23.97,NA,NA,NA,0.36,NA,NA,NA,NA,NA,NA,NA,NA,NA,NA,NA,0.00,NA,NA,NA
2025-11-02 17:00:00,102.20,203.93,NA,83.13,22.57,NA,NA,NA,0.50,NA,NA,NA,NA,NA,NA,NA,NA,NA,NA,NA,0.00,NA,NA,NA
2025-11-02 18:00:00,110.63,210.19,0.04,124.32,34.34,NA,NA,NA,0.72,NA,NA,NA,NA,NA,NA,NA,NA,NA,NA,NA,0.00,NA,NA,NA
2025-11-02 19:00:00,109.21,212.62,NA,115.47,31.70,NA,NA,NA,0.77,NA,NA,NA,NA,NA,NA,NA,NA,NA,NA,NA,0.00,NA,NA,NA
2025-11-02 20:00:00,116.60,222.71,1.32,160.82,45.80,NA,NA,NA,0.99,NA,NA,NA,NA,NA,NA,NA,NA,NA,NA,NA,0.00,NA,NA,NA
2025-11-02 21:00:00,116.28,246.25,5.75,186.14,56.46,NA,NA,NA,1.04,NA,NA,NA,NA,NA,NA,NA,NA,NA,NA,NA,0.00,NA,NA,NA
2025-11-02 22:00:00,121.28,287.56,0.19,147.07,41.62,NA,NA,NA,0.86,NA,NA,NA,NA,NA,NA,NA,NA,NA,NA,NA,0.00,NA,NA,NA
2025-11-02 23:00:00,110.50,306.68,0.82,160.12,45.59,NA,NA,NA,0.75,NA,NA,NA,NA,NA,NA,NA,NA,NA,NA,NA,0.00,NA,NA,NA
2025-11-03 00:00:00,109.27,234.81,10.84,162.53,53.10,NA,NA,NA,0.78,NA,NA,NA,NA,NA,NA,NA,NA,NA,NA,NA,0.00,NA,NA,NA
2025-11-03 01:00:00,104.41,221.29,20.53,162.55,59.56,NA,NA,NA,1.01,NA,NA,NA,NA,NA,NA,NA,NA,NA,NA,NA,0.00,NA,NA,NA
2025-11-03 02:00:00,118.10,256.38,20.81,157.83,58.41,NA,NA,NA,1.10,NA,NA,NA,NA,NA,NA,NA,NA,NA,NA,NA,0.00,NA,NA,NA
2025-11-03 03:00:00,124.78,259.27,20.01,149.41,55.50,NA,NA,NA,1.03,NA,NA,NA,NA,NA,NA,NA,NA,NA,NA,NA,0.00,NA,NA,NA
2025-11-03 04:00:00,124.14,235.82,23.67,147.39,57.34,NA,NA,NA,1.08,NA,NA,NA,NA,NA,NA,NA,NA,NA,NA,NA,0.00,NA,NA,NA
2025-11-03 05:00:00,104.38,227.49,26.52,138.35,56.68,NA,NA,NA,0.96,NA,NA,NA,NA,NA,NA,NA,NA,NA,NA,NA,0.00,NA,NA,NA
2025-11-03 06:00:00,104.16,232.36,39.25,141.73,66.04,NA,NA,NA,0.90,NA,NA,NA,NA,NA,NA,NA,NA,NA,NA,NA,0.00,NA,NA,NA
2025-11-03 07:00:00,103.72,227.04,43.51,141.41,68.77,NA,NA,NA,0.94,NA,NA,NA,NA,NA,NA,NA,NA,NA,NA,NA,0.00,NA,NA,NA
2025-11-03 08:00:00,91.77,229.75,31.53,139.20,60.22,NA,NA,NA,0.79,NA,NA,NA,NA,NA,NA,NA,NA,NA,NA,NA,0.00,NA,NA,NA
2025-11-03 09:00:00,81.49,210.10,17.61,117.61,44.90,NA,NA,NA,0.58,NA,NA,NA,NA,NA,NA,NA,NA,NA,NA,NA,0.00,NA,NA,NA
2025-11-03 10:00:00,82.54,212.32,34.46,146.04,64.09,NA,NA,NA,0.58,NA,NA,NA,NA,NA,NA,NA,NA,NA,NA,NA,0.00,NA,NA,NA
2025-11-03 11:00:00,82.19,203.02,5.60,89.70,29.07,NA,NA,NA,0.15,NA,NA,NA,NA,NA,NA,NA,NA,NA,NA,NA,0.00,NA,NA,NA
2025-11-03 12:00:00,57.72,186.32,2.11,92.11,27.46,NA,NA,NA,0.16,NA,NA,NA,NA,NA,NA,NA,NA,NA,NA,NA,0.00,NA,NA,NA
2025-11-03 13:00:00,84.72,181.82,1.72,81.92,24.31,NA,NA,NA,0.02,NA,NA,NA,NA,NA,NA,NA,NA,NA,NA,NA,0.00,NA,NA,NA
2025-11-03 14:00:00,68.58,152.64,0.17,69.65,19.64,NA,NA,NA,NA,NA,NA,NA,NA,NA,NA,NA,NA,NA,NA,NA,0.00,NA,NA,NA
2025-11-03 15:00:00,66.78,155.16,0.21,94.17,26.68,NA,NA,NA,NA,NA,NA,NA,NA,NA,NA,NA,NA,NA,NA,NA,0.00,NA,NA,NA
2025-11-03 16:00:00,63.22,169.32,0.48,110.04,31.36,NA,NA,NA,0.03,NA,NA,NA,NA,NA,NA,NA,NA,NA,NA,NA,0.00,NA,NA,NA
2025-11-03 17:00:00,57.54,152.23,1.13,155.55,44.68,NA,NA,NA,0.23,NA,NA,NA,NA,NA,NA,NA,NA,NA,NA,NA,0.00,NA,NA,NA
2025-11-03 18:00:00,70.24,200.10,40.36,206.62,85.22,NA,NA,NA,1.07,NA,NA,NA,NA,NA,NA,NA,NA,NA,NA,NA,0.00,NA,NA,NA
2025-11-03 19:00:00,96.66,268.21,252.42,217.07,228.31,NA,NA,NA,3.60,NA,NA,NA,NA,NA,NA,NA,NA,NA,NA,NA,0.00,NA,NA,NA
2025-11-03 20:00:00,102.80,357.20,314.13,239.91,275.49,NA,NA,NA,4.04,NA,NA,NA,NA,NA,NA,NA,NA,NA,NA,NA,0.00,NA,NA,NA
2025-11-03 21:00:00,99.93,340.47,314.74,237.78,275.28,NA,NA,NA,3.73,NA,NA,NA,NA,NA,NA,NA,NA,NA,NA,NA,0.00,NA,NA,NA
2025-11-03 22:00:00,107.98,316.42,194.06,222.45,191.22,NA,NA,NA,2.96,NA,NA,NA,NA,NA,NA,NA,NA,NA,NA,NA,0.00,NA,NA,NA
2025-11-03 23:00:00,109.36,308.89,200.86,203.00,190.18,NA,NA,NA,3.17,NA,NA,NA,NA,NA,NA,NA,NA,NA,NA,NA,0.00,NA,NA,NA
2025-11-04 00:00:00,107.41,315.98,183.68,186.67,174.22,NA,NA,NA,2.56,NA,NA,NA,NA,NA,NA,NA,NA,NA,NA,NA,0.00,NA,NA,NA
2025-11-04 01:00:00,85.80,271.42,120.03,177.73,129.58,NA,NA,NA,1.78,NA,NA,NA,NA,NA,NA,NA,NA,NA,NA,NA,0.00,NA,NA,NA
2025-11-04 02:00:00,78.70,216.90,48.23,156.76,76.24,NA,NA,NA,1.00,NA,NA,NA,NA,NA,NA,NA,NA,NA,NA,NA,0.00,NA,NA,NA
2025-11-04 03:00:00,71.12,200.49,60.62,146.31,81.46,NA,NA,NA,0.92,NA,NA,NA,NA,NA,NA,NA,NA,NA,NA,NA,0.00,NA,NA,NA
2025-11-04 04:00:00,78.59,194.00,121.06,146.79,121.55,NA,NA,NA,1.50,NA,NA,NA,NA,NA,NA,NA,NA,NA,NA,NA,0.00,NA,NA,NA
2025-11-04 05:00:00,93.06,226.16,108.42,154.56,115.41,NA,NA,NA,1.47,NA,NA,NA,NA,NA,NA,NA,NA,NA,NA,NA,0.00,NA,NA,NA
2025-11-04 06:00:00,97.66,215.86,143.95,146.28,136.56,NA,NA,NA,1.72,NA,NA,NA,NA,NA,NA,NA,NA,NA,NA,NA,0.00,NA,NA,NA
2025-11-04 07:00:00,95.19,242.44,157.30,140.29,143.65,NA,NA,NA,2.24,NA,NA,NA,NA,NA,NA,NA,NA,NA,NA,NA,0.00,NA,NA,NA
2025-11-04 08:00:00,105.42,263.32,62.13,148.78,83.14,NA,NA,NA,1.46,NA,NA,NA,NA,NA,NA,NA,NA,NA,NA,NA,0.00,NA,NA,NA
2025-11-04 09:00:00,113.46,278.29,26.56,131.57,54.78,NA,NA,NA,1.03,NA,NA,NA,NA,NA,NA,NA,NA,NA,NA,NA,0.00,NA,NA,NA
2025-11-04 10:00:00,94.82,244.20,17.17,118.14,44.77,NA,NA,NA,0.49,NA,NA,NA,NA,NA,NA,NA,NA,NA,NA,NA,0.00,NA,NA,NA
2025-11-04 11:00:00,58.22,173.95,8.46,89.67,27.70,NA,NA,NA,0.25,NA,NA,NA,NA,NA,NA,NA,NA,NA,NA,NA,0.00,NA,NA,NA
2025-11-04 12:00:00,82.54,219.43,4.96,91.81,29.26,NA,NA,NA,NA,NA,NA,NA,NA,NA,NA,NA,NA,NA,NA,NA,0.00,NA,NA,NA
2025-11-04 13:00:00,103.90,281.02,7.47,83.42,28.54,NA,NA,NA,0.37,NA,NA,NA,NA,NA,NA,NA,NA,NA,NA,NA,0.00,NA,NA,NA
2025-11-04 14:00:00,84.51,217.11,9.46,54.31,21.62,NA,NA,NA,1.27,NA,NA,NA,NA,NA,NA,NA,NA,NA,NA,NA,0.00,NA,NA,NA
2025-11-04 15:00:00,78.20,163.49,8.50,57.29,21.83,NA,NA,NA,0.38,NA,NA,NA,NA,NA,NA,NA,NA,NA,NA,NA,0.00,NA,NA,NA
2025-11-04 16:00:00,49.04,130.20,6.59,71.84,24.68,NA,NA,NA,0.45,NA,NA,NA,NA,NA,NA,NA,NA,NA,NA,NA,0.00,NA,NA,NA
2025-11-04 17:00:00,40.97,130.50,8.32,118.10,38.92,NA,NA,NA,0.88,NA,NA,NA,NA,NA,NA,NA,NA,NA,NA,NA,0.00,NA,NA,NA
2025-11-04 18:00:00,31.20,148.46,15.33,152.64,53.32,NA,NA,NA,1.35,NA,NA,NA,NA,NA,NA,NA,NA,NA,NA,NA,0.00,NA,NA,NA
2025-11-04 19:00:00,46.04,174.45,10.70,126.50,42.86,NA,NA,NA,1.60,NA,NA,NA,NA,NA,NA,NA,NA,NA,NA,NA,0.00,NA,NA,NA
2025-11-04 20:00:00,55.33,195.98,11.71,121.38,42.08,NA,NA,NA,1.61,NA,NA,NA,NA,NA,NA,NA,NA,NA,NA,NA,0.00,NA,NA,NA
2025-11-04 21:00:00,57.49,166.30,58.29,133.01,76.20,NA,NA,NA,2.12,NA,NA,NA,NA,NA,NA,NA,NA,NA,NA,NA,0.00,NA,NA,NA
2025-11-04 22:00:00,62.78,180.36,131.54,139.13,126.29,NA,NA,NA,2.87,NA,NA,NA,NA,NA,NA,NA,NA,NA,NA,NA,0.00,NA,NA,NA
2025-11-04 23:00:00,56.39,184.32,162.44,149.87,149.80,NA,NA,NA,2.73,NA,NA,NA,NA,NA,NA,NA,NA,NA,NA,NA,0.00,NA,NA,NA
2025-11-05 00:00:00,57.38,206.16,194.82,144.08,169.51,NA,NA,NA,3.18,NA,NA,NA,NA,NA,NA,NA,NA,NA,NA,NA,0.00,NA,NA,NA
2025-11-05 01:00:00,55.42,197.21,124.45,118.90,115.89,NA,NA,NA,2.37,NA,NA,NA,NA,NA,NA,NA,NA,NA,NA,NA,0.00,NA,NA,NA
2025-11-05 02:00:00,52.00,162.09,64.12,106.93,72.61,NA,NA,NA,1.90,NA,NA,NA,NA,NA,NA,NA,NA,NA,NA,NA,0.00,NA,NA,NA
2025-11-05 03:00:00,40.69,135.22,61.92,105.19,70.70,NA,NA,NA,1.66,NA,NA,NA,NA,NA,NA,NA,NA,NA,NA,NA,0.00,NA,NA,NA
2025-11-05 04:00:00,45.02,147.68,46.65,89.53,56.17,NA,NA,NA,1.36,NA,NA,NA,NA,NA,NA,NA,NA,NA,NA,NA,0.00,NA,NA,NA
2025-11-05 05:00:00,60.08,169.49,42.63,70.39,48.09,NA,NA,NA,1.55,NA,NA,NA,NA,NA,NA,NA,NA,NA,NA,NA,0.00,NA,NA,NA
2025-11-05 06:00:00,86.15,197.06,39.73,60.79,43.47,NA,NA,NA,1.84,NA,NA,NA,NA,NA,NA,NA,NA,NA,NA,NA,0.00,NA,NA,NA
2025-11-05 07:00:00,81.11,203.84,47.60,72.90,52.08,NA,NA,NA,1.93,NA,NA,NA,NA,NA,NA,NA,NA,NA,NA,NA,0.00,NA,NA,NA
2025-11-05 08:00:00,89.45,209.91,34.76,105.50,52.82,NA,NA,NA,1.92,NA,NA,NA,NA,NA,NA,NA,NA,NA,NA,NA,0.00,NA,NA,NA
2025-11-05 09:00:00,55.02,159.46,19.27,87.05,37.37,NA,NA,NA,1.37,NA,NA,NA,NA,NA,NA,NA,NA,NA,NA,NA,0.00,NA,NA,NA
2025-11-05 10:00:00,38.90,143.00,13.56,69.26,28.55,NA,NA,NA,0.97,NA,NA,NA,NA,NA,NA,NA,NA,NA,NA,NA,0.00,NA,NA,NA
2025-11-05 11:00:00,61.26,156.60,10.86,82.68,30.57,NA,NA,NA,0.86,NA,NA,NA,NA,NA,NA,NA,NA,NA,NA,NA,0.00,NA,NA,NA
2025-11-05 12:00:00,65.00,157.05,7.92,63.92,23.32,NA,NA,NA,0.77,NA,NA,NA,NA,NA,NA,NA,NA,NA,NA,NA,0.00,NA,NA,NA
2025-11-05 13:00:00,66.98,137.79,6.88,58.34,21.06,NA,NA,NA,0.77,NA,NA,NA,NA,NA,NA,NA,NA,NA,NA,NA,0.00,NA,NA,NA
2025-11-05 14:00:00,62.33,141.66,5.22,57.24,19.65,NA,NA,NA,0.77,NA,NA,NA,NA,NA,NA,NA,NA,NA,NA,NA,0.00,NA,NA,NA
2025-11-05 15:00:00,53.69,127.72,4.72,49.79,17.21,NA,NA,NA,0.73,NA,NA,NA,NA,NA,NA,NA,NA,NA,NA,NA,0.00,NA,NA,NA
2025-11-05 16:00:00,43.37,123.33,4.62,74.67,24.18,NA,NA,NA,0.75,NA,NA,NA,NA,NA,NA,NA,NA,NA,NA,NA,0.00,NA,NA,NA
2025-11-05 17:00:00,47.09,110.17,4.94,117.19,36.42,NA,NA,NA,1.09,NA,NA,NA,NA,NA,NA,NA,NA,NA,NA,NA,0.00,NA,NA,NA
2025-11-05 18:00:00,58.69,169.39,5.05,120.45,37.42,NA,NA,NA,1.55,NA,NA,NA,NA,NA,NA,NA,NA,NA,NA,NA,0.00,NA,NA,NA
2025-11-05 19:00:00,93.38,225.00,4.32,113.97,35.10,NA,NA,NA,1.91,NA,NA,NA,NA,NA,NA,NA,NA,NA,NA,NA,0.00,NA,NA,NA
2025-11-05 20:00:00,127.84,264.26,4.44,93.62,29.42,NA,NA,NA,2.01,NA,NA,NA,NA,NA,NA,NA,NA,NA,NA,NA,0.00,NA,NA,NA
2025-11-05 21:00:00,162.22,312.49,6.56,89.01,29.52,NA,NA,NA,2.39,NA,NA,NA,NA,NA,NA,NA,NA,NA,NA,NA,0.00,NA,NA,NA
2025-11-05 22:00:00,197.60,370.18,6.04,79.35,26.44,NA,NA,NA,2.56,NA,NA,NA,NA,NA,NA,NA,NA,NA,NA,NA,0.00,NA,NA,NA
2025-11-05 23:00:00,249.92,447.14,8.38,83.50,29.16,NA,NA,NA,3.08,NA,NA,NA,NA,NA,NA,NA,NA,NA,NA,NA,0.00,NA,NA,NA
2025-11-06 00:00:00,253.08,450.58,5.63,71.12,23.84,NA,NA,NA,2.36,NA,NA,NA,NA,NA,NA,NA,NA,NA,NA,NA,0.00,NA,NA,NA
2025-11-06 01:00:00,206.98,347.88,5.19,85.01,27.48,NA,NA,NA,2.45,NA,NA,NA,NA,NA,NA,NA,NA,NA,NA,NA,0.00,NA,NA,NA
2025-11-06 02:00:00,214.02,341.11,19.11,118.67,46.22,NA,NA,NA,2.77,NA,NA,NA,NA,NA,NA,NA,NA,NA,NA,NA,0.00,NA,NA,NA
2025-11-06 03:00:00,243.00,435.56,31.19,108.49,51.31,NA,NA,NA,3.25,NA,NA,NA,NA,NA,NA,NA,NA,NA,NA,NA,0.00,NA,NA,NA
2025-11-06 04:00:00,295.91,469.15,17.12,90.20,36.84,NA,NA,NA,3.61,NA,NA,NA,NA,NA,NA,NA,NA,NA,NA,NA,0.00,NA,NA,NA
2025-11-06 05:00:00,335.28,513.67,18.82,84.28,36.28,NA,NA,NA,3.71,NA,NA,NA,NA,NA,NA,NA,NA,NA,NA,NA,0.00,NA,NA,NA
2025-11-06 06:00:00,338.94,548.33,24.96,76.53,38.15,NA,NA,NA,3.88,NA,NA,NA,NA,NA,NA,NA,NA,NA,NA,NA,0.00,NA,NA,NA
2025-11-06 07:00:00,392.81,584.98,25.97,83.39,40.77,NA,NA,NA,3.95,NA,NA,NA,NA,NA,NA,NA,NA,NA,NA,NA,0.00,NA,NA,NA
2025-11-06 08:00:00,352.66,587.52,28.87,113.30,51.12,NA,NA,NA,3.70,NA,NA,NA,NA,NA,NA,NA,NA,NA,NA,NA,0.00,NA,NA,NA
2025-11-06 09:00:00,273.24,525.38,7.73,90.08,30.59,NA,NA,NA,3.05,NA,NA,NA,NA,NA,NA,NA,NA,NA,NA,NA,0.00,NA,NA,NA
2025-11-06 10:00:00,194.95,406.34,6.56,75.90,25.81,NA,NA,NA,2.11,NA,NA,NA,NA,NA,NA,NA,NA,NA,NA,NA,0.00,NA,NA,NA
2025-11-06 11:00:00,126.15,273.17,5.50,69.12,23.18,NA,NA,NA,1.65,NA,NA,NA,NA,NA,NA,NA,NA,NA,NA,NA,0.00,NA,NA,NA
2025-11-06 12:00:00,90.99,207.92,4.60,70.55,23.00,NA,NA,NA,1.31,NA,NA,NA,NA,NA,NA,NA,NA,NA,NA,NA,0.00,NA,NA,NA
2025-11-06 13:00:00,75.46,175.04,4.24,56.01,18.65,NA,NA,NA,1.10,NA,NA,NA,NA,NA,NA,NA,NA,NA,NA,NA,0.00,NA,NA,NA
2025-11-06 14:00:00,66.10,164.46,4.75,63.74,21.17,NA,NA,NA,1.06,NA,NA,NA,NA,NA,NA,NA,NA,NA,NA,NA,0.00,NA,NA,NA
2025-11-06 15:00:00,63.14,158.40,4.14,60.05,19.73,NA,NA,NA,0.98,NA,NA,NA,NA,NA,NA,NA,NA,NA,NA,NA,0.00,NA,NA,NA
2025-11-06 16:00:00,58.15,164.90,3.72,81.38,25.48,NA,NA,NA,1.09,NA,NA,NA,NA,NA,NA,NA,NA,NA,NA,NA,0.00,NA,NA,NA
2025-11-06 17:00:00,47.12,157.41,3.57,121.13,36.63,NA,NA,NA,1.23,NA,NA,NA,NA,NA,NA,NA,NA,NA,NA,NA,0.00,NA,NA,NA
2025-11-06 18:00:00,68.10,176.12,12.07,198.08,64.03,NA,NA,NA,1.69,NA,NA,NA,NA,NA,NA,NA,NA,NA,NA,NA,0.00,NA,NA,NA
2025-11-06 19:00:00,75.48,199.26,15.78,204.54,68.30,NA,NA,NA,2.00,NA,NA,NA,NA,NA,NA,NA,NA,NA,NA,NA,0.00,NA,NA,NA
2025-11-06 20:00:00,89.98,227.74,7.58,159.06,50.01,NA,NA,NA,2.13,NA,NA,NA,NA,NA,NA,NA,NA,NA,NA,NA,0.00,NA,NA,NA
2025-11-06 21:00:00,99.00,211.65,5.04,110.03,34.47,NA,NA,NA,1.73,NA,NA,NA,NA,NA,NA,NA,NA,NA,NA,NA,0.00,NA,NA,NA
2025-11-06 22:00:00,89.28,199.14,4.56,101.52,31.74,NA,NA,NA,1.55,NA,NA,NA,NA,NA,NA,NA,NA,NA,NA,NA,0.00,NA,NA,NA
2025-11-06 23:00:00,85.41,201.26,5.89,116.29,36.80,NA,NA,NA,1.76,NA,NA,NA,NA,NA,NA,NA,NA,NA,NA,NA,0.00,NA,NA,NA
2025-11-07 00:00:00,166.19,315.64,11.92,143.23,48.41,NA,NA,NA,2.39,NA,NA,NA,NA,NA,NA,NA,NA,NA,NA,NA,0.00,NA,NA,NA
2025-11-07 01:00:00,171.10,326.30,19.16,111.62,44.24,NA,NA,NA,2.12,NA,NA,NA,NA,NA,NA,NA,NA,NA,NA,NA,0.00,NA,NA,NA
2025-11-07 02:00:00,152.28,302.63,11.31,102.45,36.46,NA,NA,NA,2.36,NA,NA,NA,NA,NA,NA,NA,NA,NA,NA,NA,0.00,NA,NA,NA
2025-11-07 03:00:00,246.36,391.40,35.03,96.73,50.52,NA,NA,NA,2.74,NA,NA,NA,NA,NA,NA,NA,NA,NA,NA,NA,0.00,NA,NA,NA
2025-11-07 04:00:00,227.28,371.03,18.44,83.02,35.67,NA,NA,NA,2.55,NA,NA,NA,NA,NA,NA,NA,NA,NA,NA,NA,0.00,NA,NA,NA
2025-11-07 05:00:00,200.91,350.63,28.15,81.05,41.56,NA,NA,NA,2.45,NA,NA,NA,NA,NA,NA,NA,NA,NA,NA,NA,0.00,NA,NA,NA
2025-11-07 06:00:00,174.06,339.11,41.88,93.57,54.15,NA,NA,NA,2.30,NA,NA,NA,NA,NA,NA,NA,NA,NA,NA,NA,0.00,NA,NA,NA
2025-11-07 07:00:00,145.84,291.31,31.08,101.34,49.22,NA,NA,NA,3.65,NA,NA,NA,NA,NA,NA,NA,NA,NA,NA,NA,0.00,NA,NA,NA
2025-11-07 08:00:00,177.01,336.40,22.20,97.23,42.17,NA,NA,NA,2.68,NA,NA,NA,NA,NA,NA,NA,NA,NA,NA,NA,0.00,NA,NA,NA
2025-11-07 09:00:00,176.00,354.88,10.27,94.57,33.54,NA,NA,NA,2.19,NA,NA,NA,NA,NA,NA,NA,NA,NA,NA,NA,0.00,NA,NA,NA
2025-11-07 10:00:00,172.74,365.41,7.45,87.34,29.64,NA,NA,NA,1.95,NA,NA,NA,NA,NA,NA,NA,NA,NA,NA,NA,0.00,NA,NA,NA
2025-11-07 11:00:00,152.10,323.97,5.78,75.13,25.08,NA,NA,NA,2.49,NA,NA,NA,NA,NA,NA,NA,NA,NA,NA,NA,0.00,NA,NA,NA
2025-11-07 12:00:00,91.79,236.14,4.78,70.64,23.15,NA,NA,NA,1.59,NA,NA,NA,NA,NA,NA,NA,NA,NA,NA,NA,0.00,NA,NA,NA
2025-11-07 13:00:00,91.85,202.76,3.53,61.05,19.61,NA,NA,NA,1.27,NA,NA,NA,NA,NA,NA,NA,NA,NA,NA,NA,0.00,NA,NA,NA
2025-11-07 14:00:00,77.39,188.84,3.89,76.69,24.27,NA,NA,NA,1.04,NA,NA,NA,NA,NA,NA,NA,NA,NA,NA,NA,0.00,NA,NA,NA
2025-11-07 15:00:00,78.50,180.19,3.93,81.25,25.58,NA,NA,NA,1.75,NA,NA,NA,NA,NA,NA,NA,NA,NA,NA,NA,0.00,NA,NA,NA
2025-11-07 16:00:00,78.39,173.56,3.88,85.29,26.70,NA,NA,NA,1.33,NA,NA,NA,NA,NA,NA,NA,NA,NA,NA,NA,0.00,NA,NA,NA
2025-11-07 17:00:00,76.67,194.41,3.75,109.90,33.58,NA,NA,NA,1.42,NA,NA,NA,NA,NA,NA,NA,NA,NA,NA,NA,0.00,NA,NA,NA
2025-11-07 18:00:00,81.84,213.42,4.58,185.98,55.64,NA,NA,NA,2.00,NA,NA,NA,NA,NA,NA,NA,NA,NA,NA,NA,0.00,NA,NA,NA
2025-11-07 19:00:00,93.18,225.55,7.80,170.94,53.53,NA,NA,NA,2.26,NA,NA,NA,NA,NA,NA,NA,NA,NA,NA,NA,0.00,NA,NA,NA
2025-11-07 20:00:00,120.63,270.35,11.14,187.36,60.38,NA,NA,NA,2.62,NA,NA,NA,NA,NA,NA,NA,NA,NA,NA,NA,0.00,NA,NA,NA
2025-11-07 21:00:00,118.78,274.22,18.78,185.03,64.75,NA,NA,NA,2.23,NA,NA,NA,NA,NA,NA,NA,NA,NA,NA,NA,0.00,NA,NA,NA
2025-11-07 22:00:00,115.70,295.11,24.24,185.34,68.48,NA,NA,NA,2.34,NA,NA,NA,NA,NA,NA,NA,NA,NA,NA,NA,0.00,NA,NA,NA
2025-11-07 23:00:00,125.41,308.80,75.82,188.02,103.33,NA,NA,NA,2.76,NA,NA,NA,NA,NA,NA,NA,NA,NA,NA,NA,0.00,NA,NA,NA
2025-11-08 00:00:00,139.46,305.90,68.96,178.13,95.96,NA,NA,NA,2.66,NA,NA,NA,NA,NA,NA,NA,NA,NA,NA,NA,0.00,NA,NA,NA
2025-11-08 01:00:00,111.20,285.23,12.34,157.67,52.75,NA,NA,NA,1.89,NA,NA,NA,NA,NA,NA,NA,NA,NA,NA,NA,0.00,NA,NA,NA
2025-11-08 02:00:00,120.38,269.85,38.24,159.72,70.48,NA,NA,NA,2.32,NA,NA,NA,NA,NA,NA,NA,NA,NA,NA,NA,0.00,NA,NA,NA
2025-11-08 03:00:00,136.38,286.58,76.26,151.62,93.29,NA,NA,NA,2.39,NA,NA,NA,NA,NA,NA,NA,NA,NA,NA,NA,0.00,NA,NA,NA
2025-11-08 04:00:00,128.10,285.02,52.70,143.99,75.57,NA,NA,NA,2.20,NA,NA,NA,NA,NA,NA,NA,NA,NA,NA,NA,0.00,NA,NA,NA
2025-11-08 05:00:00,147.64,316.22,43.44,124.00,63.80,NA,NA,NA,2.50,NA,NA,NA,NA,NA,NA,NA,NA,NA,NA,NA,0.00,NA,NA,NA
2025-11-08 06:00:00,183.10,357.54,86.77,122.97,92.16,NA,NA,NA,3.15,NA,NA,NA,NA,NA,NA,NA,NA,NA,NA,NA,0.00,NA,NA,NA
2025-11-08 07:00:00,179.49,380.92,80.28,138.96,92.37,NA,NA,NA,3.16,NA,NA,NA,NA,NA,NA,NA,NA,NA,NA,NA,0.00,NA,NA,NA
2025-11-08 08:00:00,138.54,372.13,35.26,127.68,59.42,NA,NA,NA,2.37,NA,NA,NA,NA,NA,NA,NA,NA,NA,NA,NA,0.00,NA,NA,NA
2025-11-08 09:00:00,165.12,334.74,18.85,115.27,45.07,NA,NA,NA,2.21,NA,NA,NA,NA,NA,NA,NA,NA,NA,NA,NA,0.00,NA,NA,NA
2025-11-08 10:00:00,241.62,439.95,11.50,127.14,43.58,NA,NA,NA,2.91,NA,NA,NA,NA,NA,NA,NA,NA,NA,NA,NA,0.00,NA,NA,NA
2025-11-08 11:00:00,300.30,550.99,7.23,117.67,38.07,NA,NA,NA,3.05,NA,NA,NA,NA,NA,NA,NA,NA,NA,NA,NA,0.00,NA,NA,NA
2025-11-08 12:00:00,263.01,531.14,5.06,89.38,28.63,NA,NA,NA,2.47,NA,NA,NA,NA,NA,NA,NA,NA,NA,NA,NA,0.00,NA,NA,NA
2025-11-08 13:00:00,234.57,417.18,4.10,82.33,26.01,NA,NA,NA,2.19,NA,NA,NA,NA,NA,NA,NA,NA,NA,NA,NA,0.00,NA,NA,NA
2025-11-08 14:00:00,160.64,322.08,3.66,68.44,21.78,NA,NA,NA,1.68,NA,NA,NA,NA,NA,NA,NA,NA,NA,NA,NA,0.00,NA,NA,NA
2025-11-08 15:00:00,123.20,281.73,3.87,89.28,27.82,NA,NA,NA,1.63,NA,NA,NA,NA,NA,NA,NA,NA,NA,NA,NA,0.00,NA,NA,NA
2025-11-08 16:00:00,125.66,257.74,3.63,113.81,34.60,NA,NA,NA,1.79,NA,NA,NA,NA,NA,NA,NA,NA,NA,NA,NA,0.00,NA,NA,NA
2025-11-08 17:00:00,126.44,282.07,5.00,198.69,59.52,NA,NA,NA,2.33,NA,NA,NA,NA,NA,NA,NA,NA,NA,NA,NA,0.00,NA,NA,NA
2025-11-08 18:00:00,155.91,326.15,12.30,232.17,73.82,NA,NA,NA,2.65,NA,NA,NA,NA,NA,NA,NA,NA,NA,NA,NA,0.00,NA,NA,NA
2025-11-08 19:00:00,172.32,348.50,32.01,232.71,87.00,NA,NA,NA,3.40,NA,NA,NA,NA,NA,NA,NA,NA,NA,NA,NA,0.00,NA,NA,NA
2025-11-08 20:00:00,192.65,386.92,50.88,225.76,97.49,NA,NA,NA,3.95,NA,NA,NA,NA,NA,NA,NA,NA,NA,NA,NA,0.00,NA,NA,NA
2025-11-08 21:00:00,225.81,458.82,24.00,198.75,72.10,NA,NA,NA,4.13,NA,NA,NA,NA,NA,NA,NA,NA,NA,NA,NA,0.00,NA,NA,NA
2025-11-08 22:00:00,213.40,441.19,73.86,209.72,108.18,NA,NA,NA,5.05,NA,NA,NA,NA,NA,NA,NA,NA,NA,NA,NA,0.00,NA,NA,NA
2025-11-08 23:00:00,210.52,474.65,262.25,243.40,242.23,NA,NA,NA,6.59,NA,NA,NA,NA,NA,NA,NA,NA,NA,NA,NA,0.00,NA,NA,NA
2025-11-09 00:00:00,234.43,536.34,257.05,242.62,238.58,NA,NA,NA,6.26,NA,NA,NA,NA,NA,NA,NA,NA,NA,NA,NA,0.00,NA,NA,NA
2025-11-09 01:00:00,219.92,518.63,247.14,219.58,225.46,NA,NA,NA,5.84,NA,NA,NA,NA,NA,NA,NA,NA,NA,NA,NA,0.00,NA,NA,NA
2025-11-09 02:00:00,218.54,497.16,177.30,207.34,175.80,NA,NA,NA,4.94,NA,NA,NA,NA,NA,NA,NA,NA,NA,NA,NA,0.00,NA,NA,NA
2025-11-09 03:00:00,237.30,475.24,69.19,175.29,95.36,NA,NA,NA,3.45,NA,NA,NA,NA,NA,NA,NA,NA,NA,NA,NA,0.00,NA,NA,NA
2025-11-09 04:00:00,209.66,368.28,58.59,162.40,84.65,NA,NA,NA,3.28,NA,NA,NA,NA,NA,NA,NA,NA,NA,NA,NA,0.00,NA,NA,NA
2025-11-09 05:00:00,180.00,346.09,22.20,140.14,54.32,NA,NA,NA,2.78,NA,NA,NA,NA,NA,NA,NA,NA,NA,NA,NA,0.00,NA,NA,NA
2025-11-09 06:00:00,161.79,326.26,22.24,120.43,48.78,NA,NA,NA,2.57,NA,NA,NA,NA,NA,NA,NA,NA,NA,NA,NA,0.00,NA,NA,NA
2025-11-09 07:00:00,156.16,326.92,33.32,129.15,58.59,NA,NA,NA,2.89,NA,NA,NA,NA,NA,NA,NA,NA,NA,NA,NA,0.00,NA,NA,NA
2025-11-09 08:00:00,193.34,377.09,42.40,140.99,67.91,NA,NA,NA,3.08,NA,NA,NA,NA,NA,NA,NA,NA,NA,NA,NA,0.00,NA,NA,NA
2025-11-09 09:00:00,213.25,406.80,22.67,121.03,49.23,NA,NA,NA,2.72,NA,NA,NA,NA,NA,NA,NA,NA,NA,NA,NA,0.00,NA,NA,NA
2025-11-09 10:00:00,175.24,349.38,12.23,101.51,36.80,NA,NA,NA,2.23,NA,NA,NA,NA,NA,NA,NA,NA,NA,NA,NA,0.00,NA,NA,NA
2025-11-09 11:00:00,151.91,343.14,9.23,90.06,31.58,NA,NA,NA,2.06,NA,NA,NA,NA,NA,NA,NA,NA,NA,NA,NA,0.00,NA,NA,NA
2025-11-09 12:00:00,122.64,277.73,6.70,74.33,25.46,NA,NA,NA,1.65,NA,NA,NA,NA,NA,NA,NA,NA,NA,NA,NA,0.00,NA,NA,NA
2025-11-09 13:00:00,98.52,204.84,5.54,73.29,24.40,NA,NA,NA,1.56,NA,NA,NA,NA,NA,NA,NA,NA,NA,NA,NA,0.00,NA,NA,NA
2025-11-09 14:00:00,86.96,208.00,4.63,70.33,22.96,NA,NA,NA,1.32,NA,NA,NA,NA,NA,NA,NA,NA,NA,NA,NA,0.00,NA,NA,NA
2025-11-09 15:00:00,72.70,182.64,3.75,68.62,21.90,NA,NA,NA,1.35,NA,NA,NA,NA,NA,NA,NA,NA,NA,NA,NA,0.00,NA,NA,NA
2025-11-09 16:00:00,83.66,178.29,3.89,84.13,26.38,NA,NA,NA,1.45,NA,NA,NA,NA,NA,NA,NA,NA,NA,NA,NA,0.00,NA,NA,NA
2025-11-09 17:00:00,93.10,188.60,3.65,100.58,30.88,NA,NA,NA,1.72,NA,NA,NA,NA,NA,NA,NA,NA,NA,NA,NA,0.00,NA,NA,NA
2025-11-09 18:00:00,105.44,219.96,3.84,125.49,38.04,NA,NA,NA,1.94,NA,NA,NA,NA,NA,NA,NA,NA,NA,NA,NA,0.00,NA,NA,NA
2025-11-09 19:00:00,118.30,242.23,3.99,141.19,42.59,NA,NA,NA,2.09,NA,NA,NA,NA,NA,NA,NA,NA,NA,NA,NA,0.00,NA,NA,NA
2025-11-09 20:00:00,132.98,252.91,4.19,162.99,48.88,NA,NA,NA,2.37,NA,NA,NA,NA,NA,NA,NA,NA,NA,NA,NA,0.00,NA,NA,NA
2025-11-09 21:00:00,138.17,285.82,9.83,204.19,64.27,NA,NA,NA,2.57,NA,NA,NA,NA,NA,NA,NA,NA,NA,NA,NA,0.00,NA,NA,NA
2025-11-09 22:00:00,149.24,318.22,69.04,233.82,111.82,NA,NA,NA,3.43,NA,NA,NA,NA,NA,NA,NA,NA,NA,NA,NA,0.00,NA,NA,NA
2025-11-09 23:00:00,146.98,369.27,147.98,222.06,160.68,NA,NA,NA,4.43,NA,NA,NA,NA,NA,NA,NA,NA,NA,NA,NA,0.00,NA,NA,NA
2025-11-10 00:00:00,159.25,423.35,224.70,224.72,212.09,NA,NA,NA,5.18,NA,NA,NA,NA,NA,NA,NA,NA,NA,NA,NA,0.00,NA,NA,NA
2025-11-10 01:00:00,190.32,439.28,211.18,213.51,200.02,NA,NA,NA,4.81,NA,NA,NA,NA,NA,NA,NA,NA,NA,NA,NA,0.00,NA,NA,NA
2025-11-10 02:00:00,201.87,443.58,82.52,187.57,107.57,NA,NA,NA,3.52,NA,NA,NA,NA,NA,NA,NA,NA,NA,NA,NA,0.00,NA,NA,NA
2025-11-10 03:00:00,213.44,413.83,149.57,182.43,150.52,NA,NA,NA,4.15,NA,NA,NA,NA,NA,NA,NA,NA,NA,NA,NA,0.00,NA,NA,NA
2025-11-10 04:00:00,222.16,465.55,143.68,165.73,141.82,NA,NA,NA,4.01,NA,NA,NA,NA,NA,NA,NA,NA,NA,NA,NA,0.00,NA,NA,NA
2025-11-10 05:00:00,212.61,425.34,35.39,153.56,66.83,NA,NA,NA,3.02,NA,NA,NA,NA,NA,NA,NA,NA,NA,NA,NA,0.00,NA,NA,NA
2025-11-10 06:00:00,218.37,383.94,48.19,161.67,77.61,NA,NA,NA,3.13,NA,NA,NA,NA,NA,NA,NA,NA,NA,NA,NA,0.00,NA,NA,NA
2025-11-10 07:00:00,201.71,397.77,60.23,167.58,87.22,NA,NA,NA,3.13,NA,NA,NA,NA,NA,NA,NA,NA,NA,NA,NA,0.00,NA,NA,NA
2025-11-10 08:00:00,189.52,423.94,46.67,183.60,82.79,NA,NA,NA,3.24,NA,NA,NA,NA,NA,NA,NA,NA,NA,NA,NA,0.00,NA,NA,NA
2025-11-10 09:00:00,190.55,420.74,28.44,168.85,66.56,NA,NA,NA,3.04,NA,NA,NA,NA,NA,NA,NA,NA,NA,NA,NA,0.00,NA,NA,NA
2025-11-10 10:00:00,221.39,469.22,24.97,162.71,62.53,NA,NA,NA,3.20,NA,NA,NA,NA,NA,NA,NA,NA,NA,NA,NA,0.00,NA,NA,NA
2025-11-10 11:00:00,247.12,435.04,12.11,146.42,49.42,NA,NA,NA,2.84,NA,NA,NA,NA,NA,NA,NA,NA,NA,NA,NA,0.00,NA,NA,NA
2025-11-10 12:00:00,207.34,428.22,9.07,134.56,44.06,NA,NA,NA,2.58,NA,NA,NA,NA,NA,NA,NA,NA,NA,NA,NA,0.00,NA,NA,NA
2025-11-10 13:00:00,179.82,365.51,6.56,125.08,39.72,NA,NA,NA,2.45,NA,NA,NA,NA,NA,NA,NA,NA,NA,NA,NA,0.00,NA,NA,NA
2025-11-10 14:00:00,171.98,372.05,5.16,109.14,34.30,NA,NA,NA,2.48,NA,NA,NA,NA,NA,NA,NA,NA,NA,NA,NA,0.00,NA,NA,NA
2025-11-10 15:00:00,199.94,408.05,4.67,104.48,32.64,NA,NA,NA,2.59,NA,NA,NA,NA,NA,NA,NA,NA,NA,NA,NA,0.00,NA,NA,NA
2025-11-10 16:00:00,211.27,374.96,3.92,108.29,33.22,NA,NA,NA,2.57,NA,NA,NA,NA,NA,NA,NA,NA,NA,NA,NA,0.00,NA,NA,NA
2025-11-10 17:00:00,213.78,376.17,7.03,171.02,53.04,NA,NA,NA,3.05,NA,NA,NA,NA,NA,NA,NA,NA,NA,NA,NA,0.00,NA,NA,NA
2025-11-10 18:00:00,249.89,484.11,139.01,275.10,169.79,NA,NA,NA,5.00,NA,NA,NA,NA,NA,NA,NA,NA,NA,NA,NA,0.00,NA,NA,NA
2025-11-10 19:00:00,262.86,547.43,281.02,273.04,263.02,NA,NA,NA,7.27,NA,NA,NA,NA,NA,NA,NA,NA,NA,NA,NA,0.00,NA,NA,NA
2025-11-10 20:00:00,270.38,600.47,372.86,269.26,322.66,NA,NA,NA,8.47,NA,NA,NA,NA,NA,NA,NA,NA,NA,NA,NA,0.00,NA,NA,NA
2025-11-10 21:00:00,276.28,629.09,296.21,272.13,272.74,NA,NA,NA,7.83,NA,NA,NA,NA,NA,NA,NA,NA,NA,NA,NA,0.00,NA,NA,NA
2025-11-10 22:00:00,291.89,552.80,288.82,265.63,266.12,NA,NA,NA,8.86,NA,NA,NA,NA,NA,NA,NA,NA,NA,NA,NA,0.00,NA,NA,NA
2025-11-10 23:00:00,295.36,645.98,428.29,273.38,360.44,NA,NA,NA,10.23,NA,NA,NA,NA,NA,NA,NA,NA,NA,NA,NA,0.00,NA,NA,NA
2025-11-11 00:00:00,296.63,657.80,412.59,273.47,350.06,NA,NA,NA,10.65,NA,NA,NA,NA,NA,NA,NA,NA,NA,NA,NA,0.00,NA,NA,NA
2025-11-11 01:00:00,348.18,669.37,219.82,232.57,211.05,NA,NA,NA,8.21,NA,NA,NA,NA,NA,NA,NA,NA,NA,NA,NA,0.00,NA,NA,NA
2025-11-11 02:00:00,340.16,665.54,125.87,201.07,140.08,NA,NA,NA,6.26,NA,NA,NA,NA,NA,NA,NA,NA,NA,NA,NA,0.00,NA,NA,NA
2025-11-11 03:00:00,319.30,616.99,107.59,192.07,125.48,NA,NA,NA,6.05,NA,NA,NA,NA,NA,NA,NA,NA,NA,NA,NA,0.00,NA,NA,NA
2025-11-11 04:00:00,317.45,590.45,121.43,182.65,131.94,NA,NA,NA,5.54,NA,NA,NA,NA,NA,NA,NA,NA,NA,NA,NA,0.00,NA,NA,NA
2025-11-11 05:00:00,299.26,587.43,120.67,178.45,130.26,NA,NA,NA,5.55,NA,NA,NA,NA,NA,NA,NA,NA,NA,NA,NA,0.00,NA,NA,NA
2025-11-11 06:00:00,270.82,548.85,78.22,174.27,100.99,NA,NA,NA,4.63,NA,NA,NA,NA,NA,NA,NA,NA,NA,NA,NA,0.00,NA,NA,NA
2025-11-11 07:00:00,279.30,492.38,50.00,151.74,75.99,NA,NA,NA,3.98,NA,NA,NA,NA,NA,NA,NA,NA,NA,NA,NA,0.00,NA,NA,NA
2025-11-11 08:00:00,250.15,468.08,49.73,153.73,76.37,NA,NA,NA,3.92,NA,NA,NA,NA,NA,NA,NA,NA,NA,NA,NA,0.00,NA,NA,NA
2025-11-11 09:00:00,267.85,509.08,37.97,179.37,75.84,NA,NA,NA,4.20,NA,NA,NA,NA,NA,NA,NA,NA,NA,NA,NA,0.00,NA,NA,NA
2025-11-11 10:00:00,305.56,558.92,24.44,172.89,65.06,NA,NA,NA,3.76,NA,NA,NA,NA,NA,NA,NA,NA,NA,NA,NA,0.00,NA,NA,NA
2025-11-11 11:00:00,270.42,467.43,17.73,141.63,51.77,NA,NA,NA,3.17,NA,NA,NA,NA,NA,NA,NA,NA,NA,NA,NA,0.00,NA,NA,NA
2025-11-11 12:00:00,187.09,371.34,11.72,101.13,36.36,NA,NA,NA,2.56,NA,NA,NA,NA,NA,NA,NA,NA,NA,NA,NA,0.00,NA,NA,NA
2025-11-11 13:00:00,138.24,274.84,8.51,99.96,33.90,NA,NA,NA,2.19,NA,NA,NA,NA,NA,NA,NA,NA,NA,NA,NA,0.00,NA,NA,NA
2025-11-11 14:00:00,156.00,294.05,6.66,97.47,31.98,NA,NA,NA,2.25,NA,NA,NA,NA,NA,NA,NA,NA,NA,NA,NA,0.00,NA,NA,NA
2025-11-11 15:00:00,134.65,298.33,5.49,106.60,33.79,NA,NA,NA,2.05,NA,NA,NA,NA,NA,NA,NA,NA,NA,NA,NA,0.00,NA,NA,NA
2025-11-11 16:00:00,120.80,262.31,4.84,134.38,41.21,NA,NA,NA,2.13,NA,NA,NA,NA,NA,NA,NA,NA,NA,NA,NA,0.00,NA,NA,NA
2025-11-11 17:00:00,132.66,267.88,4.52,168.94,50.79,NA,NA,NA,2.43,NA,NA,NA,NA,NA,NA,NA,NA,NA,NA,NA,0.00,NA,NA,NA
2025-11-11 18:00:00,144.33,291.44,16.49,236.27,77.75,NA,NA,NA,2.82,NA,NA,NA,NA,NA,NA,NA,NA,NA,NA,NA,0.00,NA,NA,NA
2025-11-11 19:00:00,149.10,312.96,19.86,222.67,76.12,NA,NA,NA,3.18,NA,NA,NA,NA,NA,NA,NA,NA,NA,NA,NA,0.00,NA,NA,NA
2025-11-11 20:00:00,176.82,330.90,22.52,205.80,73.12,NA,NA,NA,3.38,NA,NA,NA,NA,NA,NA,NA,NA,NA,NA,NA,0.00,NA,NA,NA
2025-11-11 21:00:00,200.27,390.75,61.72,219.34,102.87,NA,NA,NA,4.06,NA,NA,NA,NA,NA,NA,NA,NA,NA,NA,NA,0.00,NA,NA,NA
2025-11-11 22:00:00,233.43,450.90,24.78,201.04,73.24,NA,NA,NA,4.08,NA,NA,NA,NA,NA,NA,NA,NA,NA,NA,NA,0.00,NA,NA,NA
2025-11-11 23:00:00,315.83,568.12,8.91,154.12,49.49,NA,NA,NA,4.51,NA,NA,NA,NA,NA,NA,NA,NA,NA,NA,NA,0.00,NA,NA,NA
2025-11-12 00:00:00,432.00,718.07,30.80,160.34,65.73,NA,NA,NA,5.15,NA,NA,NA,NA,NA,NA,NA,NA,NA,NA,NA,0.00,NA,NA,NA
2025-11-12 01:00:00,461.24,770.64,48.03,171.66,80.32,NA,NA,NA,5.29,NA,NA,NA,NA,NA,NA,NA,NA,NA,NA,NA,0.00,NA,NA,NA
2025-11-12 02:00:00,433.85,730.35,53.88,170.94,83.97,NA,NA,NA,5.01,NA,NA,NA,NA,NA,NA,NA,NA,NA,NA,NA,0.00,NA,NA,NA
2025-11-12 03:00:00,400.35,696.78,59.75,152.76,82.72,NA,NA,NA,4.81,NA,NA,NA,NA,NA,NA,NA,NA,NA,NA,NA,0.00,NA,NA,NA
2025-11-12 04:00:00,402.14,676.34,80.64,143.04,93.76,NA,NA,NA,4.68,NA,NA,NA,NA,NA,NA,NA,NA,NA,NA,NA,0.00,NA,NA,NA
2025-11-12 05:00:00,323.57,616.38,66.34,148.41,85.82,NA,NA,NA,4.16,NA,NA,NA,NA,NA,NA,NA,NA,NA,NA,NA,0.00,NA,NA,NA
2025-11-12 06:00:00,259.60,508.16,36.17,143.01,64.37,NA,NA,NA,3.50,NA,NA,NA,NA,NA,NA,NA,NA,NA,NA,NA,0.00,NA,NA,NA
2025-11-12 07:00:00,274.57,516.38,35.31,136.48,61.95,NA,NA,NA,3.71,NA,NA,NA,NA,NA,NA,NA,NA,NA,NA,NA,0.00,NA,NA,NA
2025-11-12 08:00:00,257.47,479.00,37.50,145.89,66.09,NA,NA,NA,3.45,NA,NA,NA,NA,NA,NA,NA,NA,NA,NA,NA,0.00,NA,NA,NA
2025-11-12 09:00:00,250.64,520.07,25.47,142.33,57.10,NA,NA,NA,3.59,NA,NA,NA,NA,NA,NA,NA,NA,NA,NA,NA,0.00,NA,NA,NA
2025-11-12 10:00:00,273.34,529.87,12.27,109.03,38.92,NA,NA,NA,3.26,NA,NA,NA,NA,NA,NA,NA,NA,NA,NA,NA,0.00,NA,NA,NA
2025-11-12 11:00:00,259.80,462.26,5.82,92.46,29.99,NA,NA,NA,2.90,NA,NA,NA,NA,NA,NA,NA,NA,NA,NA,NA,0.00,NA,NA,NA
2025-11-12 12:00:00,217.78,408.22,3.34,88.80,27.33,NA,NA,NA,2.45,NA,NA,NA,NA,NA,NA,NA,NA,NA,NA,NA,0.00,NA,NA,NA
2025-11-12 13:00:00,175.34,373.10,2.63,90.95,27.48,NA,NA,NA,1.96,NA,NA,NA,NA,NA,NA,NA,NA,NA,NA,NA,0.00,NA,NA,NA
2025-11-12 14:00:00,152.59,319.47,2.70,81.17,24.74,NA,NA,NA,1.80,NA,NA,NA,NA,NA,NA,NA,NA,NA,NA,NA,0.00,NA,NA,NA
2025-11-12 15:00:00,125.92,284.71,2.85,111.91,33.54,NA,NA,NA,NA,NA,NA,NA,NA,NA,NA,NA,NA,NA,NA,NA,0.00,NA,NA,NA
2025-11-12 16:00:00,216.62,294.51,3.29,143.27,42.72,NA,NA,NA,0.65,NA,NA,NA,NA,NA,NA,NA,NA,NA,NA,NA,0.00,NA,NA,NA
2025-11-12 17:00:00,151.39,314.11,4.89,212.45,63.34,NA,NA,NA,1.17,NA,NA,NA,NA,NA,NA,NA,NA,NA,NA,NA,0.00,NA,NA,NA
2025-11-12 18:00:00,148.47,318.96,6.56,194.63,59.40,NA,NA,NA,1.49,NA,NA,NA,NA,NA,NA,NA,NA,NA,NA,NA,0.00,NA,NA,NA
2025-11-12 19:00:00,178.91,382.00,20.96,226.71,78.00,NA,NA,NA,2.70,NA,NA,NA,NA,NA,NA,NA,NA,NA,NA,NA,0.00,NA,NA,NA
2025-11-12 20:00:00,188.64,421.89,136.82,232.30,156.22,NA,NA,NA,4.26,NA,NA,NA,NA,NA,NA,NA,NA,NA,NA,NA,0.00,NA,NA,NA
2025-11-12 21:00:00,204.12,526.60,316.74,258.10,282.43,NA,NA,NA,6.16,NA,NA,NA,NA,NA,NA,NA,NA,NA,NA,NA,0.00,NA,NA,NA
2025-11-12 22:00:00,230.16,586.83,273.65,251.64,252.02,NA,NA,NA,6.51,NA,NA,NA,NA,NA,NA,NA,NA,NA,NA,NA,0.00,NA,NA,NA
2025-11-12 23:00:00,277.33,568.07,195.29,227.64,193.45,NA,NA,NA,5.69,NA,NA,NA,NA,NA,NA,NA,NA,NA,NA,NA,0.00,NA,NA,NA
2025-11-13 00:00:00,259.08,590.83,140.31,196.07,148.20,NA,NA,NA,4.08,NA,NA,NA,NA,NA,NA,NA,NA,NA,NA,NA,0.00,NA,NA,NA
2025-11-13 01:00:00,271.92,550.39,110.77,186.96,126.10,NA,NA,NA,4.39,NA,NA,NA,NA,NA,NA,NA,NA,NA,NA,NA,0.00,NA,NA,NA
2025-11-13 02:00:00,278.56,591.18,83.37,177.06,105.17,NA,NA,NA,3.81,NA,NA,NA,NA,NA,NA,NA,NA,NA,NA,NA,0.00,NA,NA,NA
2025-11-13 03:00:00,276.08,491.94,32.90,152.62,64.92,NA,NA,NA,2.79,NA,NA,NA,NA,NA,NA,NA,NA,NA,NA,NA,0.00,NA,NA,NA
2025-11-13 04:00:00,233.38,468.62,21.69,125.94,49.97,NA,NA,NA,2.26,NA,NA,NA,NA,NA,NA,NA,NA,NA,NA,NA,0.00,NA,NA,NA
2025-11-13 05:00:00,215.91,426.42,34.95,134.19,61.07,NA,NA,NA,2.36,NA,NA,NA,NA,NA,NA,NA,NA,NA,NA,NA,0.00,NA,NA,NA
2025-11-13 06:00:00,200.79,463.55,44.01,136.11,67.60,NA,NA,NA,2.50,NA,NA,NA,NA,NA,NA,NA,NA,NA,NA,NA,0.00,NA,NA,NA
2025-11-13 07:00:00,249.28,466.30,30.09,122.93,54.67,NA,NA,NA,2.48,NA,NA,NA,NA,NA,NA,NA,NA,NA,NA,NA,0.00,NA,NA,NA
2025-11-13 08:00:00,258.12,480.50,39.20,129.51,62.55,NA,NA,NA,2.52,NA,NA,NA,NA,NA,NA,NA,NA,NA,NA,NA,0.00,NA,NA,NA
2025-11-13 09:00:00,250.07,506.63,27.43,138.83,57.41,NA,NA,NA,2.57,NA,NA,NA,NA,NA,NA,NA,NA,NA,NA,NA,0.00,NA,NA,NA
2025-11-13 10:00:00,277.68,501.02,13.37,129.98,45.61,NA,NA,NA,2.30,NA,NA,NA,NA,NA,NA,NA,NA,NA,NA,NA,0.00,NA,NA,NA
2025-11-13 11:00:00,265.39,498.32,8.53,111.47,37.17,NA,NA,NA,2.00,NA,NA,NA,NA,NA,NA,NA,NA,NA,NA,NA,0.00,NA,NA,NA
2025-11-13 12:00:00,220.26,464.36,6.30,89.77,29.57,NA,NA,NA,1.69,NA,NA,NA,NA,NA,NA,NA,NA,NA,NA,NA,0.00,NA,NA,NA
2025-11-13 13:00:00,186.12,383.67,4.66,77.75,25.08,NA,NA,NA,1.19,NA,NA,NA,NA,NA,NA,NA,NA,NA,NA,NA,0.00,NA,NA,NA
2025-11-13 14:00:00,142.60,328.06,3.43,75.41,23.60,NA,NA,NA,0.98,NA,NA,NA,NA,NA,NA,NA,NA,NA,NA,NA,0.00,NA,NA,NA
2025-11-13 15:00:00,191.64,362.64,3.12,88.77,27.18,NA,NA,NA,1.28,NA,NA,NA,NA,NA,NA,NA,NA,NA,NA,NA,0.00,NA,NA,NA
2025-11-13 16:00:00,210.08,390.91,2.96,90.80,27.65,NA,NA,NA,1.45,NA,NA,NA,NA,NA,NA,NA,NA,NA,NA,NA,0.00,NA,NA,NA
2025-11-13 17:00:00,186.82,352.14,3.10,105.42,31.88,NA,NA,NA,1.44,NA,NA,NA,NA,NA,NA,NA,NA,NA,NA,NA,0.00,NA,NA,NA
2025-11-13 18:00:00,197.34,375.31,3.59,134.73,40.49,NA,NA,NA,1.61,NA,NA,NA,NA,NA,NA,NA,NA,NA,NA,NA,0.00,NA,NA,NA
2025-11-13 19:00:00,195.60,370.80,7.78,199.34,61.55,NA,NA,NA,1.81,NA,NA,NA,NA,NA,NA,NA,NA,NA,NA,NA,0.00,NA,NA,NA
2025-11-13 20:00:00,192.58,374.44,5.93,184.84,56.21,NA,NA,NA,1.98,NA,NA,NA,NA,NA,NA,NA,NA,NA,NA,NA,0.00,NA,NA,NA
2025-11-13 21:00:00,186.26,383.22,14.97,216.90,71.26,NA,NA,NA,2.08,NA,NA,NA,NA,NA,NA,NA,NA,NA,NA,NA,0.00,NA,NA,NA
2025-11-13 22:00:00,168.70,352.64,23.04,211.96,75.20,NA,NA,NA,2.43,NA,NA,NA,NA,NA,NA,NA,NA,NA,NA,NA,0.00,NA,NA,NA
2025-11-13 23:00:00,178.25,385.56,111.16,228.38,138.12,NA,NA,NA,3.48,NA,NA,NA,NA,NA,NA,NA,NA,NA,NA,NA,0.00,NA,NA,NA
2025-11-14 00:00:00,199.06,421.17,122.13,213.74,141.22,NA,NA,NA,3.44,NA,NA,NA,NA,NA,NA,NA,NA,NA,NA,NA,0.00,NA,NA,NA
2025-11-14 01:00:00,191.44,402.82,214.10,206.84,200.03,NA,NA,NA,4.29,NA,NA,NA,NA,NA,NA,NA,NA,NA,NA,NA,0.00,NA,NA,NA
2025-11-14 02:00:00,181.93,414.87,58.98,175.70,88.68,NA,NA,NA,2.60,NA,NA,NA,NA,NA,NA,NA,NA,NA,NA,NA,0.00,NA,NA,NA
2025-11-14 03:00:00,165.20,353.83,48.80,165.11,79.00,NA,NA,NA,2.18,NA,NA,NA,NA,NA,NA,NA,NA,NA,NA,NA,0.00,NA,NA,NA
2025-11-14 04:00:00,175.66,358.29,88.41,158.69,103.31,NA,NA,NA,2.55,NA,NA,NA,NA,NA,NA,NA,NA,NA,NA,NA,0.00,NA,NA,NA
2025-11-14 05:00:00,177.61,355.23,56.95,164.95,84.31,NA,NA,NA,2.17,NA,NA,NA,NA,NA,NA,NA,NA,NA,NA,NA,0.00,NA,NA,NA
2025-11-14 06:00:00,173.92,347.87,62.26,156.74,85.51,NA,NA,NA,2.13,NA,NA,NA,NA,NA,NA,NA,NA,NA,NA,NA,0.00,NA,NA,NA
2025-11-14 07:00:00,174.69,379.81,77.45,163.13,97.33,NA,NA,NA,2.52,NA,NA,NA,NA,NA,NA,NA,NA,NA,NA,NA,0.00,NA,NA,NA
2025-11-14 08:00:00,152.86,357.69,36.36,158.77,68.94,NA,NA,NA,2.01,NA,NA,NA,NA,NA,NA,NA,NA,NA,NA,NA,0.00,NA,NA,NA
2025-11-14 09:00:00,142.43,342.77,27.36,148.55,60.13,NA,NA,NA,1.80,NA,NA,NA,NA,NA,NA,NA,NA,NA,NA,NA,0.00,NA,NA,NA
2025-11-14 10:00:00,179.20,381.29,18.25,141.15,51.99,NA,NA,NA,1.79,NA,NA,NA,NA,NA,NA,NA,NA,NA,NA,NA,0.00,NA,NA,NA
2025-11-14 11:00:00,182.00,361.13,9.25,108.69,36.86,NA,NA,NA,1.39,NA,NA,NA,NA,NA,NA,NA,NA,NA,NA,NA,0.00,NA,NA,NA
2025-11-14 12:00:00,158.60,338.37,6.41,83.91,27.98,NA,NA,NA,1.12,NA,NA,NA,NA,NA,NA,NA,NA,NA,NA,NA,0.00,NA,NA,NA
2025-11-14 13:00:00,141.51,315.81,4.85,73.12,23.90,NA,NA,NA,1.09,NA,NA,NA,NA,NA,NA,NA,NA,NA,NA,NA,0.00,NA,NA,NA
2025-11-14 14:00:00,140.52,295.17,4.43,86.31,27.35,NA,NA,NA,1.03,NA,NA,NA,NA,NA,NA,NA,NA,NA,NA,NA,0.00,NA,NA,NA
2025-11-14 15:00:00,131.58,292.51,3.56,79.68,24.90,NA,NA,NA,1.03,NA,NA,NA,NA,NA,NA,NA,NA,NA,NA,NA,0.00,NA,NA,NA
2025-11-14 16:00:00,144.62,296.35,3.18,84.59,26.03,NA,NA,NA,1.09,NA,NA,NA,NA,NA,NA,NA,NA,NA,NA,NA,0.00,NA,NA,NA
2025-11-14 17:00:00,139.76,293.48,2.87,92.56,28.08,NA,NA,NA,1.26,NA,NA,NA,NA,NA,NA,NA,NA,NA,NA,NA,0.00,NA,NA,NA
2025-11-14 18:00:00,159.44,317.21,3.72,151.86,45.43,NA,NA,NA,1.70,NA,NA,NA,NA,NA,NA,NA,NA,NA,NA,NA,0.00,NA,NA,NA
2025-11-14 19:00:00,195.12,370.46,9.52,192.40,60.74,NA,NA,NA,2.16,NA,NA,NA,NA,NA,NA,NA,NA,NA,NA,NA,0.00,NA,NA,NA
2025-11-14 20:00:00,204.16,378.86,7.91,189.45,58.83,NA,NA,NA,2.13,NA,NA,NA,NA,NA,NA,NA,NA,NA,NA,NA,0.00,NA,NA,NA
2025-11-14 21:00:00,203.41,398.81,13.99,202.58,66.57,NA,NA,NA,2.27,NA,NA,NA,NA,NA,NA,NA,NA,NA,NA,NA,0.00,NA,NA,NA
2025-11-14 22:00:00,205.62,409.38,79.04,218.56,114.11,NA,NA,NA,3.32,NA,NA,NA,NA,NA,NA,NA,NA,NA,NA,NA,0.00,NA,NA,NA
2025-11-14 23:00:00,232.78,444.16,146.72,222.56,159.95,NA,NA,NA,3.89,NA,NA,NA,NA,NA,NA,NA,NA,NA,NA,NA,0.00,NA,NA,NA
2025-11-15 00:00:00,219.87,421.60,91.47,205.25,118.52,NA,NA,NA,3.19,NA,NA,NA,NA,NA,NA,NA,NA,NA,NA,NA,0.00,NA,NA,NA
2025-11-15 01:00:00,228.24,471.32,94.98,183.65,114.75,NA,NA,NA,3.23,NA,NA,NA,NA,NA,NA,NA,NA,NA,NA,NA,0.00,NA,NA,NA
2025-11-15 02:00:00,215.24,477.86,194.41,177.28,178.68,NA,NA,NA,4.17,NA,NA,NA,NA,NA,NA,NA,NA,NA,NA,NA,0.00,NA,NA,NA
2025-11-15 03:00:00,216.22,446.44,105.39,152.86,112.90,NA,NA,NA,2.95,NA,NA,NA,NA,NA,NA,NA,NA,NA,NA,NA,0.00,NA,NA,NA
2025-11-15 04:00:00,224.76,424.19,68.61,135.55,83.71,NA,NA,NA,2.51,NA,NA,NA,NA,NA,NA,NA,NA,NA,NA,NA,0.00,NA,NA,NA
2025-11-15 05:00:00,222.41,418.73,129.96,141.54,125.95,NA,NA,NA,3.03,NA,NA,NA,NA,NA,NA,NA,NA,NA,NA,NA,0.00,NA,NA,NA
2025-11-15 06:00:00,195.58,405.38,75.36,132.02,87.16,NA,NA,NA,2.32,NA,NA,NA,NA,NA,NA,NA,NA,NA,NA,NA,0.00,NA,NA,NA
2025-11-15 07:00:00,178.09,380.43,102.28,153.08,110.93,NA,NA,NA,2.90,NA,NA,NA,NA,NA,NA,NA,NA,NA,NA,NA,0.00,NA,NA,NA
2025-11-15 08:00:00,186.49,417.32,77.05,176.17,100.75,NA,NA,NA,2.37,NA,NA,NA,NA,NA,NA,NA,NA,NA,NA,NA,0.00,NA,NA,NA
2025-11-15 09:00:00,182.38,377.79,28.74,130.88,56.05,NA,NA,NA,1.74,NA,NA,NA,NA,NA,NA,NA,NA,NA,NA,NA,0.00,NA,NA,NA
2025-11-15 10:00:00,176.06,368.00,24.59,153.79,59.76,NA,NA,NA,1.83,NA,NA,NA,NA,NA,NA,NA,NA,NA,NA,NA,0.00,NA,NA,NA
2025-11-15 11:00:00,166.12,389.08,13.47,118.94,42.56,NA,NA,NA,1.55,NA,NA,NA,NA,NA,NA,NA,NA,NA,NA,NA,0.00,NA,NA,NA
2025-11-15 12:00:00,135.13,334.24,8.02,96.17,32.51,NA,NA,NA,1.26,NA,NA,NA,NA,NA,NA,NA,NA,NA,NA,NA,0.00,NA,NA,NA
2025-11-15 13:00:00,133.97,294.62,5.20,72.72,24.01,NA,NA,NA,1.09,NA,NA,NA,NA,NA,NA,NA,NA,NA,NA,NA,0.00,NA,NA,NA
2025-11-15 14:00:00,148.49,298.44,4.51,83.90,26.72,NA,NA,NA,1.18,NA,NA,NA,NA,NA,NA,NA,NA,NA,NA,NA,0.00,NA,NA,NA
2025-11-15 15:00:00,146.82,301.79,4.01,93.95,29.22,NA,NA,NA,1.21,NA,NA,NA,NA,NA,NA,NA,NA,NA,NA,NA,0.00,NA,NA,NA
2025-11-15 16:00:00,139.00,290.47,3.62,111.73,34.01,NA,NA,NA,1.38,NA,NA,NA,NA,NA,NA,NA,NA,NA,NA,NA,0.00,NA,NA,NA
2025-11-15 17:00:00,137.02,309.87,3.64,149.08,44.59,NA,NA,NA,1.57,NA,NA,NA,NA,NA,NA,NA,NA,NA,NA,NA,0.00,NA,NA,NA
2025-11-15 18:00:00,151.42,321.59,25.64,219.93,79.20,NA,NA,NA,2.22,NA,NA,NA,NA,NA,NA,NA,NA,NA,NA,NA,0.00,NA,NA,NA
2025-11-15 19:00:00,156.14,348.47,83.68,241.69,123.70,NA,NA,NA,2.94,NA,NA,NA,NA,NA,NA,NA,NA,NA,NA,NA,0.00,NA,NA,NA
2025-11-15 20:00:00,170.66,379.69,117.39,229.29,142.46,NA,NA,NA,3.79,NA,NA,NA,NA,NA,NA,NA,NA,NA,NA,NA,0.00,NA,NA,NA
2025-11-15 21:00:00,184.73,417.87,68.87,206.29,103.89,NA,NA,NA,3.17,NA,NA,NA,NA,NA,NA,NA,NA,NA,NA,NA,0.00,NA,NA,NA
2025-11-15 22:00:00,175.79,399.54,109.53,199.22,128.76,NA,NA,NA,3.85,NA,NA,NA,NA,NA,NA,NA,NA,NA,NA,NA,0.00,NA,NA,NA
2025-11-15 23:00:00,176.90,433.81,170.79,195.71,168.30,NA,NA,NA,4.35,NA,NA,NA,NA,NA,NA,NA,NA,NA,NA,NA,0.00,NA,NA,NA
2025-11-16 00:00:00,212.96,440.14,143.57,189.30,148.44,NA,NA,NA,3.81,NA,NA,NA,NA,NA,NA,NA,NA,NA,NA,NA,0.00,NA,NA,NA
2025-11-16 01:00:00,200.40,406.74,86.75,165.45,104.15,NA,NA,NA,3.08,NA,NA,NA,NA,NA,NA,NA,NA,NA,NA,NA,0.00,NA,NA,NA
2025-11-16 02:00:00,179.85,379.48,73.78,155.90,92.86,NA,NA,NA,2.68,NA,NA,NA,NA,NA,NA,NA,NA,NA,NA,NA,0.00,NA,NA,NA
2025-11-16 03:00:00,177.47,363.95,59.62,138.23,78.53,NA,NA,NA,2.52,NA,NA,NA,NA,NA,NA,NA,NA,NA,NA,NA,0.00,NA,NA,NA
2025-11-16 04:00:00,181.57,403.62,70.38,133.56,84.30,NA,NA,NA,2.31,NA,NA,NA,NA,NA,NA,NA,NA,NA,NA,NA,0.00,NA,NA,NA
2025-11-16 05:00:00,189.43,358.90,109.74,135.60,110.92,NA,NA,NA,2.92,NA,NA,NA,NA,NA,NA,NA,NA,NA,NA,NA,0.00,NA,NA,NA
2025-11-16 06:00:00,191.68,386.92,125.24,131.00,119.83,NA,NA,NA,3.02,NA,NA,NA,NA,NA,NA,NA,NA,NA,NA,NA,0.00,NA,NA,NA
2025-11-16 07:00:00,179.98,385.61,58.31,128.33,74.84,NA,NA,NA,2.35,NA,NA,NA,NA,NA,NA,NA,NA,NA,NA,NA,0.00,NA,NA,NA
2025-11-16 08:00:00,177.48,370.89,34.82,119.72,56.88,NA,NA,NA,1.96,NA,NA,NA,NA,NA,NA,NA,NA,NA,NA,NA,0.00,NA,NA,NA
2025-11-16 09:00:00,167.10,391.30,20.65,121.49,48.01,NA,NA,NA,2.01,NA,NA,NA,NA,NA,NA,NA,NA,NA,NA,NA,0.00,NA,NA,NA
2025-11-16 10:00:00,184.53,399.53,12.94,117.68,41.84,NA,NA,NA,1.84,NA,NA,NA,NA,NA,NA,NA,NA,NA,NA,NA,0.00,NA,NA,NA
2025-11-16 11:00:00,195.28,373.74,8.25,101.01,34.03,NA,NA,NA,1.71,NA,NA,NA,NA,NA,NA,NA,NA,NA,NA,NA,0.00,NA,NA,NA
2025-11-16 12:00:00,166.94,369.65,6.06,86.61,28.52,NA,NA,NA,1.09,NA,NA,NA,NA,NA,NA,NA,NA,NA,NA,NA,0.00,NA,NA,NA
2025-11-16 13:00:00,108.18,240.52,5.13,71.48,23.62,NA,NA,NA,0.59,NA,NA,NA,NA,NA,NA,NA,NA,NA,NA,NA,0.00,NA,NA,NA
2025-11-16 14:00:00,85.82,199.32,4.84,67.08,22.18,NA,NA,NA,0.52,NA,NA,NA,NA,NA,NA,NA,NA,NA,NA,NA,0.00,NA,NA,NA
2025-11-16 15:00:00,79.66,189.33,3.96,72.88,23.24,NA,NA,NA,0.53,NA,NA,NA,NA,NA,NA,NA,NA,NA,NA,NA,0.00,NA,NA,NA
2025-11-16 16:00:00,88.62,210.72,3.95,119.16,36.33,NA,NA,NA,0.77,NA,NA,NA,NA,NA,NA,NA,NA,NA,NA,NA,0.00,NA,NA,NA
2025-11-16 17:00:00,95.29,232.50,3.83,135.04,40.74,NA,NA,NA,0.98,NA,NA,NA,NA,NA,NA,NA,NA,NA,NA,NA,0.00,NA,NA,NA
2025-11-16 18:00:00,101.93,263.48,4.10,152.78,45.94,NA,NA,NA,1.35,NA,NA,NA,NA,NA,NA,NA,NA,NA,NA,NA,0.00,NA,NA,NA
2025-11-16 19:00:00,135.80,288.29,6.48,169.55,52.26,NA,NA,NA,1.59,NA,NA,NA,NA,NA,NA,NA,NA,NA,NA,NA,0.00,NA,NA,NA
2025-11-16 20:00:00,155.03,312.87,14.60,156.64,53.98,NA,NA,NA,1.95,NA,NA,NA,NA,NA,NA,NA,NA,NA,NA,NA,0.00,NA,NA,NA
2025-11-16 21:00:00,174.39,379.12,128.16,190.90,138.72,NA,NA,NA,3.37,NA,NA,NA,NA,NA,NA,NA,NA,NA,NA,NA,0.00,NA,NA,NA
2025-11-16 22:00:00,163.33,403.70,139.45,184.31,144.36,NA,NA,NA,3.46,NA,NA,NA,NA,NA,NA,NA,NA,NA,NA,NA,0.00,NA,NA,NA
2025-11-16 23:00:00,151.12,353.79,117.71,183.85,129.79,NA,NA,NA,2.92,NA,NA,NA,NA,NA,NA,NA,NA,NA,NA,NA,0.00,NA,NA,NA
2025-11-17 00:00:00,150.66,363.69,145.97,178.60,147.02,NA,NA,NA,3.44,NA,NA,NA,NA,NA,NA,NA,NA,NA,NA,NA,0.00,NA,NA,NA
2025-11-17 01:00:00,189.63,387.63,187.67,167.78,171.50,NA,NA,NA,3.71,NA,NA,NA,NA,NA,NA,NA,NA,NA,NA,NA,0.00,NA,NA,NA
2025-11-17 02:00:00,168.73,397.28,273.82,165.24,227.80,NA,NA,NA,4.11,NA,NA,NA,NA,NA,NA,NA,NA,NA,NA,NA,0.00,NA,NA,NA
2025-11-17 03:00:00,155.88,381.58,165.75,154.88,153.30,NA,NA,NA,3.10,NA,NA,NA,NA,NA,NA,NA,NA,NA,NA,NA,0.00,NA,NA,NA
2025-11-17 04:00:00,134.12,311.42,97.84,142.30,104.95,NA,NA,NA,2.15,NA,NA,NA,NA,NA,NA,NA,NA,NA,NA,NA,0.00,NA,NA,NA
2025-11-17 05:00:00,142.00,331.40,98.04,138.68,104.03,NA,NA,NA,2.14,NA,NA,NA,NA,NA,NA,NA,NA,NA,NA,NA,0.00,NA,NA,NA
2025-11-17 06:00:00,105.61,287.11,103.74,140.17,108.23,NA,NA,NA,2.12,NA,NA,NA,NA,NA,NA,NA,NA,NA,NA,NA,0.00,NA,NA,NA
2025-11-17 07:00:00,108.30,272.62,110.57,156.60,117.38,NA,NA,NA,2.13,NA,NA,NA,NA,NA,NA,NA,NA,NA,NA,NA,0.00,NA,NA,NA
2025-11-17 08:00:00,108.26,268.19,45.67,156.92,74.57,NA,NA,NA,1.44,NA,NA,NA,NA,NA,NA,NA,NA,NA,NA,NA,0.00,NA,NA,NA
2025-11-17 09:00:00,101.14,267.29,29.62,131.34,56.73,NA,NA,NA,1.28,NA,NA,NA,NA,NA,NA,NA,NA,NA,NA,NA,0.00,NA,NA,NA
2025-11-17 10:00:00,133.82,298.46,22.67,135.31,53.26,NA,NA,NA,1.46,NA,NA,NA,NA,NA,NA,NA,NA,NA,NA,NA,0.00,NA,NA,NA
2025-11-17 11:00:00,117.88,277.93,15.43,123.53,45.14,NA,NA,NA,1.13,NA,NA,NA,NA,NA,NA,NA,NA,NA,NA,NA,0.00,NA,NA,NA
2025-11-17 12:00:00,104.62,268.10,10.77,95.38,34.10,NA,NA,NA,0.82,NA,NA,NA,NA,NA,NA,NA,NA,NA,NA,NA,0.00,NA,NA,NA
2025-11-17 13:00:00,88.35,232.93,7.36,82.09,28.09,NA,NA,NA,0.65,NA,NA,NA,NA,NA,NA,NA,NA,NA,NA,NA,0.00,NA,NA,NA
2025-11-17 14:00:00,84.51,241.72,5.51,72.66,24.20,NA,NA,NA,0.55,NA,NA,NA,NA,NA,NA,NA,NA,NA,NA,NA,0.00,NA,NA,NA
2025-11-17 15:00:00,74.86,210.08,4.85,79.55,25.72,NA,NA,NA,0.53,NA,NA,NA,NA,NA,NA,NA,NA,NA,NA,NA,0.00,NA,NA,NA
2025-11-17 16:00:00,60.71,216.23,5.30,139.01,42.83,NA,NA,NA,0.67,NA,NA,NA,NA,NA,NA,NA,NA,NA,NA,NA,0.00,NA,NA,NA
2025-11-17 17:00:00,83.52,212.13,80.65,258.23,126.41,NA,NA,NA,2.27,NA,NA,NA,NA,NA,NA,NA,NA,NA,NA,NA,0.00,NA,NA,NA
2025-11-17 18:00:00,93.46,313.87,275.10,259.92,255.41,NA,NA,NA,5.06,NA,NA,NA,NA,NA,NA,NA,NA,NA,NA,NA,0.00,NA,NA,NA
2025-11-17 19:00:00,105.27,375.84,378.31,283.16,330.20,NA,NA,NA,6.07,NA,NA,NA,NA,NA,NA,NA,NA,NA,NA,NA,0.00,NA,NA,NA
2025-11-17 20:00:00,120.21,401.61,446.61,291.78,377.77,NA,NA,NA,6.60,NA,NA,NA,NA,NA,NA,NA,NA,NA,NA,NA,0.00,NA,NA,NA
2025-11-17 21:00:00,160.47,477.48,297.50,267.84,272.41,NA,NA,NA,6.64,NA,NA,NA,NA,NA,NA,NA,NA,NA,NA,NA,0.00,NA,NA,NA
2025-11-17 22:00:00,183.70,537.28,450.60,258.57,401.13,NA,NA,NA,9.51,NA,NA,NA,NA,NA,NA,NA,NA,NA,NA,NA,0.00,NA,NA,NA
2025-11-17 23:00:00,159.14,521.69,NA,279.98,460.26,NA,NA,NA,9.77,NA,NA,NA,NA,NA,NA,NA,NA,NA,NA,NA,0.00,NA,NA,NA
2025-11-18 00:00:00,167.90,520.20,NA,281.15,466.40,NA,NA,NA,10.95,NA,NA,NA,NA,NA,NA,NA,NA,NA,NA,NA,0.00,NA,NA,NA
2025-11-18 01:00:00,211.09,558.14,374.47,237.72,314.76,NA,NA,NA,9.08,NA,NA,NA,NA,NA,NA,NA,NA,NA,NA,NA,0.00,NA,NA,NA
2025-11-18 02:00:00,209.81,534.63,486.04,216.33,393.32,NA,NA,NA,9.94,NA,NA,NA,NA,NA,NA,NA,NA,NA,NA,NA,0.00,NA,NA,NA
2025-11-18 03:00:00,195.18,554.52,355.62,190.25,288.81,NA,NA,NA,8.28,NA,NA,NA,NA,NA,NA,NA,NA,NA,NA,NA,0.00,NA,NA,NA
2025-11-18 04:00:00,179.33,498.28,243.95,169.29,209.16,NA,NA,NA,6.36,NA,NA,NA,NA,NA,NA,NA,NA,NA,NA,NA,0.00,NA,NA,NA
2025-11-18 05:00:00,183.72,474.96,235.78,165.33,202.58,NA,NA,NA,6.32,NA,NA,NA,NA,NA,NA,NA,NA,NA,NA,NA,0.00,NA,NA,NA
2025-11-18 06:00:00,170.75,388.89,105.91,164.77,116.61,NA,NA,NA,3.46,NA,NA,NA,NA,NA,NA,NA,NA,NA,NA,NA,0.00,NA,NA,NA
2025-11-18 07:00:00,163.70,371.60,78.42,144.71,92.78,NA,NA,NA,2.89,NA,NA,NA,NA,NA,NA,NA,NA,NA,NA,NA,0.00,NA,NA,NA
2025-11-18 08:00:00,151.82,319.32,70.22,145.29,87.53,NA,NA,NA,2.70,NA,NA,NA,NA,NA,NA,NA,NA,NA,NA,NA,0.00,NA,NA,NA
2025-11-18 09:00:00,158.72,379.19,59.34,152.48,82.36,NA,NA,NA,2.84,NA,NA,NA,NA,NA,NA,NA,NA,NA,NA,NA,0.00,NA,NA,NA
2025-11-18 10:00:00,185.92,417.46,44.18,159.83,74.42,NA,NA,NA,2.58,NA,NA,NA,NA,NA,NA,NA,NA,NA,NA,NA,0.00,NA,NA,NA
2025-11-18 11:00:00,173.31,411.62,28.30,136.92,57.44,NA,NA,NA,2.22,NA,NA,NA,NA,NA,NA,NA,NA,NA,NA,NA,0.00,NA,NA,NA
2025-11-18 12:00:00,166.97,370.06,20.07,124.44,48.47,NA,NA,NA,1.81,NA,NA,NA,NA,NA,NA,NA,NA,NA,NA,NA,0.00,NA,NA,NA
2025-11-18 13:00:00,135.63,296.10,15.67,102.87,39.46,NA,NA,NA,1.53,NA,NA,NA,NA,NA,NA,NA,NA,NA,NA,NA,0.00,NA,NA,NA
2025-11-18 14:00:00,122.46,271.53,12.45,110.78,39.57,NA,NA,NA,1.43,NA,NA,NA,NA,NA,NA,NA,NA,NA,NA,NA,0.00,NA,NA,NA
2025-11-18 15:00:00,109.29,259.20,10.81,107.44,37.54,NA,NA,NA,10.35,NA,NA,NA,NA,NA,NA,NA,NA,NA,NA,NA,0.00,NA,NA,NA
2025-11-18 16:00:00,130.49,249.01,9.48,111.74,37.88,NA,NA,NA,1.46,NA,NA,NA,NA,NA,NA,NA,NA,NA,NA,NA,0.00,NA,NA,NA
2025-11-18 17:00:00,141.84,249.55,8.34,101.75,34.31,NA,NA,NA,1.53,NA,NA,NA,NA,NA,NA,NA,NA,NA,NA,NA,0.00,NA,NA,NA
2025-11-18 18:00:00,133.37,298.69,12.54,198.37,64.42,NA,NA,NA,2.25,NA,NA,NA,NA,NA,NA,NA,NA,NA,NA,NA,0.00,NA,NA,NA
2025-11-18 19:00:00,149.02,367.83,97.30,254.43,136.37,NA,NA,NA,3.72,NA,NA,NA,NA,NA,NA,NA,NA,NA,NA,NA,0.00,NA,NA,NA
2025-11-18 20:00:00,158.67,462.75,138.49,254.27,163.42,NA,NA,NA,4.27,NA,NA,NA,NA,NA,NA,NA,NA,NA,NA,NA,0.00,NA,NA,NA
2025-11-18 21:00:00,174.15,469.17,90.51,246.57,129.59,NA,NA,NA,4.42,NA,NA,NA,NA,NA,NA,NA,NA,NA,NA,NA,0.00,NA,NA,NA
2025-11-18 22:00:00,192.10,486.82,117.37,239.02,145.20,NA,NA,NA,5.04,NA,NA,NA,NA,NA,NA,NA,NA,NA,NA,NA,0.00,NA,NA,NA
2025-11-18 23:00:00,180.57,491.91,110.24,231.88,138.45,NA,NA,NA,5.46,NA,NA,NA,NA,NA,NA,NA,NA,NA,NA,NA,0.00,NA,NA,NA
2025-11-19 00:00:00,215.67,500.84,110.55,212.19,133.12,NA,NA,NA,5.33,NA,NA,NA,NA,NA,NA,NA,NA,NA,NA,NA,0.00,NA,NA,NA
2025-11-19 01:00:00,201.92,505.86,146.58,200.57,153.62,NA,NA,NA,5.39,NA,NA,NA,NA,NA,NA,NA,NA,NA,NA,NA,0.00,NA,NA,NA
2025-11-19 02:00:00,199.20,467.92,67.33,173.94,93.72,NA,NA,NA,4.06,NA,NA,NA,NA,NA,NA,NA,NA,NA,NA,NA,0.00,NA,NA,NA
2025-11-19 03:00:00,217.38,503.66,100.26,165.55,113.12,NA,NA,NA,4.65,NA,NA,NA,NA,NA,NA,NA,NA,NA,NA,NA,0.00,NA,NA,NA
2025-11-19 04:00:00,208.83,473.57,122.44,154.40,124.62,NA,NA,NA,4.67,NA,NA,NA,NA,NA,NA,NA,NA,NA,NA,NA,0.00,NA,NA,NA
2025-11-19 05:00:00,198.53,433.87,84.82,165.54,102.90,NA,NA,NA,3.42,NA,NA,NA,NA,NA,NA,NA,NA,NA,NA,NA,0.00,NA,NA,NA
2025-11-19 06:00:00,185.40,400.24,111.29,153.25,116.92,NA,NA,NA,3.31,NA,NA,NA,NA,NA,NA,NA,NA,NA,NA,NA,0.00,NA,NA,NA
2025-11-19 07:00:00,171.37,397.32,127.70,153.95,127.96,NA,NA,NA,4.25,NA,NA,NA,NA,NA,NA,NA,NA,NA,NA,NA,0.00,NA,NA,NA
2025-11-19 08:00:00,165.69,415.53,61.71,171.46,89.28,NA,NA,NA,3.11,NA,NA,NA,NA,NA,NA,NA,NA,NA,NA,NA,0.00,NA,NA,NA
2025-11-19 09:00:00,181.71,440.54,40.18,222.44,89.50,NA,NA,NA,3.44,NA,NA,NA,NA,NA,NA,NA,NA,NA,NA,NA,0.00,NA,NA,NA
2025-11-19 10:00:00,222.51,487.12,19.33,242.58,81.41,NA,NA,NA,3.20,NA,NA,NA,NA,NA,NA,NA,NA,NA,NA,NA,0.00,NA,NA,NA
2025-11-19 11:00:00,192.13,442.70,17.29,302.25,96.95,NA,NA,NA,3.09,NA,NA,NA,NA,NA,NA,NA,NA,NA,NA,NA,0.00,NA,NA,NA
2025-11-19 12:00:00,126.06,353.97,6.99,190.63,58.52,NA,NA,NA,1.46,NA,NA,NA,NA,NA,NA,NA,NA,NA,NA,NA,0.00,NA,NA,NA
2025-11-19 13:00:00,99.47,240.40,2.66,111.51,33.31,NA,NA,NA,NA,NA,NA,NA,NA,NA,NA,NA,NA,NA,NA,NA,0.00,NA,NA,NA
2025-11-19 14:00:00,109.10,270.24,4.48,93.07,29.29,NA,NA,NA,NA,NA,NA,NA,NA,NA,NA,NA,NA,NA,NA,NA,0.00,NA,NA,NA
2025-11-19 15:00:00,110.19,285.46,5.42,102.12,32.48,NA,NA,NA,NA,NA,NA,NA,NA,NA,NA,NA,NA,NA,NA,NA,0.00,NA,NA,NA
2025-11-19 16:00:00,103.93,254.77,5.86,219.99,66.13,NA,NA,NA,NA,NA,NA,NA,NA,NA,NA,NA,NA,NA,NA,NA,0.00,NA,NA,NA
2025-11-19 17:00:00,114.98,286.56,110.45,355.28,173.58,NA,NA,NA,2.32,NA,NA,NA,NA,NA,NA,NA,NA,NA,NA,NA,0.00,NA,NA,NA
2025-11-19 18:00:00,125.50,377.33,272.95,379.88,287.92,NA,NA,NA,4.58,NA,NA,NA,NA,NA,NA,NA,NA,NA,NA,NA,0.00,NA,NA,NA
2025-11-19 19:00:00,133.83,444.64,367.02,367.54,346.58,NA,NA,NA,5.68,NA,NA,NA,NA,NA,NA,NA,NA,NA,NA,NA,0.00,NA,NA,NA
2025-11-19 20:00:00,157.03,524.26,383.35,353.04,353.25,NA,NA,NA,5.62,NA,NA,NA,NA,NA,NA,NA,NA,NA,NA,NA,0.00,NA,NA,NA
2025-11-19 21:00:00,179.28,521.29,252.49,315.68,256.18,NA,NA,NA,4.49,NA,NA,NA,NA,NA,NA,NA,NA,NA,NA,NA,0.00,NA,NA,NA
2025-11-19 22:00:00,197.42,551.03,328.62,308.96,304.61,NA,NA,NA,6.55,NA,NA,NA,NA,NA,NA,NA,NA,NA,NA,NA,0.00,NA,NA,NA
2025-11-19 23:00:00,211.83,569.20,201.11,314.79,222.01,NA,NA,NA,6.07,NA,NA,NA,NA,NA,NA,NA,NA,NA,NA,NA,0.00,NA,NA,NA
2025-11-20 00:00:00,256.70,601.69,258.26,305.89,257.26,NA,NA,NA,6.45,NA,NA,NA,NA,NA,NA,NA,NA,NA,NA,NA,0.00,NA,NA,NA
2025-11-20 01:00:00,252.71,589.34,276.83,299.87,267.83,NA,NA,NA,7.30,NA,NA,NA,NA,NA,NA,NA,NA,NA,NA,NA,0.00,NA,NA,NA
2025-11-20 02:00:00,252.97,641.09,387.19,276.76,334.27,NA,NA,NA,9.43,NA,NA,NA,NA,NA,NA,NA,NA,NA,NA,NA,0.00,NA,NA,NA
2025-11-20 03:00:00,265.59,652.12,274.07,253.33,252.80,NA,NA,NA,6.91,NA,NA,NA,NA,NA,NA,NA,NA,NA,NA,NA,0.00,NA,NA,NA
2025-11-20 04:00:00,271.34,546.54,178.51,237.74,185.20,NA,NA,NA,4.57,NA,NA,NA,NA,NA,NA,NA,NA,NA,NA,NA,0.00,NA,NA,NA
2025-11-20 05:00:00,242.52,526.35,122.82,222.53,144.14,NA,NA,NA,3.00,NA,NA,NA,NA,NA,NA,NA,NA,NA,NA,NA,0.00,NA,NA,NA
2025-11-20 06:00:00,232.18,485.04,94.87,217.41,124.22,NA,NA,NA,2.51,NA,NA,NA,NA,NA,NA,NA,NA,NA,NA,NA,0.00,NA,NA,NA
2025-11-20 07:00:00,243.17,520.88,118.14,230.23,143.24,NA,NA,NA,3.05,NA,NA,NA,NA,NA,NA,NA,NA,NA,NA,NA,0.00,NA,NA,NA
2025-11-20 08:00:00,274.70,547.06,104.24,251.74,140.11,NA,NA,NA,2.72,NA,NA,NA,NA,NA,NA,NA,NA,NA,NA,NA,0.00,NA,NA,NA
2025-11-20 09:00:00,213.10,481.26,50.98,236.46,100.58,NA,NA,NA,2.12,NA,NA,NA,NA,NA,NA,NA,NA,NA,NA,NA,0.00,NA,NA,NA
2025-11-20 10:00:00,162.27,390.66,35.11,221.59,85.90,NA,NA,NA,1.36,NA,NA,NA,NA,NA,NA,NA,NA,NA,NA,NA,0.00,NA,NA,NA
2025-11-20 11:00:00,163.65,411.80,25.25,199.88,73.23,NA,NA,NA,0.90,NA,NA,NA,NA,NA,NA,NA,NA,NA,NA,NA,0.00,NA,NA,NA
2025-11-20 12:00:00,159.86,368.17,18.20,161.34,57.67,NA,NA,0.34,0.62,NA,NA,NA,NA,NA,NA,NA,NA,NA,NA,NA,0.00,NA,NA,NA
2025-11-20 13:00:00,156.46,337.24,14.16,100.88,37.89,NA,NA,0.03,0.06,NA,NA,NA,NA,NA,NA,NA,NA,NA,NA,NA,0.00,NA,NA,NA
2025-11-20 14:00:00,102.72,226.94,11.33,78.51,29.70,NA,NA,0.00,NA,NA,NA,NA,NA,NA,NA,NA,NA,NA,NA,NA,0.00,NA,NA,NA
2025-11-20 15:00:00,95.12,192.93,8.67,82.24,29.00,NA,NA,0.00,NA,NA,NA,NA,NA,NA,NA,NA,NA,NA,NA,NA,0.00,NA,NA,NA
2025-11-20 16:00:00,90.14,215.67,9.93,154.23,50.21,NA,NA,0.02,0.14,NA,NA,NA,NA,NA,NA,NA,NA,NA,NA,NA,0.00,NA,NA,NA
2025-11-20 17:00:00,96.67,253.81,73.70,264.68,123.63,NA,NA,0.65,1.11,NA,NA,NA,NA,NA,NA,NA,NA,NA,NA,NA,0.00,NA,NA,NA
2025-11-20 18:00:00,132.72,361.22,158.52,275.85,182.85,NA,NA,1.25,2.13,NA,NA,NA,NA,NA,NA,NA,NA,NA,NA,NA,0.00,NA,NA,NA
2025-11-20 19:00:00,128.80,356.58,159.62,268.33,181.41,NA,NA,1.28,2.19,NA,NA,NA,NA,NA,NA,NA,NA,NA,NA,NA,0.00,NA,NA,NA
2025-11-20 20:00:00,143.66,358.80,193.53,254.38,199.89,NA,NA,1.48,2.53,NA,NA,NA,NA,NA,NA,NA,NA,NA,NA,NA,0.00,NA,NA,NA
2025-11-20 21:00:00,133.98,367.08,193.63,261.77,202.06,NA,NA,1.49,2.56,NA,NA,NA,NA,NA,NA,NA,NA,NA,NA,NA,0.00,NA,NA,NA
2025-11-20 22:00:00,136.22,355.80,265.28,260.42,249.06,NA,NA,2.18,3.73,NA,NA,NA,NA,NA,NA,NA,NA,NA,NA,NA,0.00,NA,NA,NA
2025-11-20 23:00:00,132.05,383.84,343.43,257.47,299.84,NA,NA,2.66,4.55,NA,NA,NA,NA,NA,NA,NA,NA,NA,NA,NA,0.00,NA,NA,NA
2025-11-21 00:00:00,131.28,371.93,403.78,254.75,338.99,NA,NA,2.77,4.74,NA,NA,NA,NA,NA,NA,NA,NA,NA,NA,NA,0.00,NA,NA,NA
2025-11-21 01:00:00,137.00,354.47,475.71,245.31,387.95,NA,NA,2.88,4.93,NA,NA,NA,NA,NA,NA,NA,NA,NA,NA,NA,0.00,NA,NA,NA
2025-11-21 02:00:00,132.05,384.96,438.56,238.45,357.34,NA,NA,2.52,4.31,NA,NA,NA,NA,NA,NA,NA,NA,NA,NA,NA,0.00,NA,NA,NA
2025-11-21 03:00:00,129.13,362.68,473.65,228.80,382.57,NA,NA,2.66,4.55,NA,NA,NA,NA,NA,NA,NA,NA,NA,NA,NA,0.00,NA,NA,NA
2025-11-21 04:00:00,127.94,386.52,268.01,218.78,238.97,NA,NA,1.32,2.26,NA,NA,NA,NA,NA,NA,NA,NA,NA,NA,NA,0.00,NA,NA,NA
2025-11-21 05:00:00,116.48,280.37,148.10,219.10,159.88,NA,NA,0.66,1.14,NA,NA,NA,NA,NA,NA,NA,NA,NA,NA,NA,0.00,NA,NA,NA
2025-11-21 06:00:00,103.60,253.11,238.79,217.35,219.38,NA,NA,1.09,1.86,NA,NA,NA,NA,NA,NA,NA,NA,NA,NA,NA,0.00,NA,NA,NA
2025-11-21 07:00:00,111.77,275.48,229.40,230.02,216.66,NA,NA,1.13,1.94,NA,NA,NA,NA,NA,NA,NA,NA,NA,NA,NA,0.00,NA,NA,NA
2025-11-21 08:00:00,112.00,288.01,104.32,215.70,129.95,NA,NA,0.48,0.83,NA,NA,NA,NA,NA,NA,NA,NA,NA,NA,NA,0.00,NA,NA,NA
2025-11-21 09:00:00,149.98,313.73,52.45,194.43,89.68,NA,NA,0.42,0.73,NA,NA,NA,NA,NA,NA,NA,NA,NA,NA,NA,0.00,NA,NA,NA
2025-11-21 10:00:00,143.73,272.68,38.53,127.92,61.65,NA,NA,0.02,0.07,NA,NA,NA,NA,NA,NA,NA,NA,NA,NA,NA,0.00,NA,NA,NA
2025-11-21 11:00:00,99.90,221.23,30.97,115.23,53.08,NA,NA,0.00,NA,NA,NA,NA,NA,NA,NA,NA,NA,NA,NA,NA,0.00,NA,NA,NA
2025-11-21 12:00:00,101.57,229.30,24.79,96.33,43.64,NA,NA,0.08,170.51,NA,NA,NA,NA,NA,NA,NA,NA,NA,NA,NA,0.00,NA,NA,NA
2025-11-21 13:00:00,100.82,216.60,19.17,87.27,37.36,NA,NA,0.54,190.65,NA,NA,NA,NA,NA,NA,NA,NA,NA,NA,NA,0.00,NA,NA,NA
2025-11-21 14:00:00,95.10,215.32,16.41,84.45,34.73,NA,NA,0.48,201.82,NA,NA,NA,NA,NA,NA,NA,NA,NA,NA,NA,0.00,NA,NA,NA
2025-11-21 15:00:00,90.05,283.73,13.46,106.10,38.92,NA,NA,0.52,178.97,NA,NA,NA,NA,NA,NA,NA,NA,NA,NA,NA,0.00,NA,NA,NA
2025-11-21 16:00:00,95.72,238.10,16.19,210.42,70.24,NA,NA,0.76,104.46,NA,NA,NA,NA,NA,NA,NA,NA,NA,NA,NA,0.00,NA,NA,NA
2025-11-21 17:00:00,95.88,266.75,67.59,322.65,135.96,NA,NA,1.36,24.97,NA,NA,NA,NA,NA,NA,NA,NA,NA,NA,NA,0.00,NA,NA,NA
2025-11-21 18:00:00,104.28,287.35,182.05,321.41,211.34,NA,NA,2.36,17.75,NA,NA,NA,NA,NA,NA,NA,NA,NA,NA,NA,0.00,NA,NA,NA
2025-11-21 19:00:00,126.12,356.80,289.99,306.17,278.32,NA,NA,3.35,18.03,NA,NA,NA,NA,NA,NA,NA,NA,NA,NA,NA,0.00,NA,NA,NA
2025-11-21 20:00:00,143.45,448.33,291.45,273.03,269.91,NA,NA,3.28,19.02,NA,NA,NA,NA,NA,NA,NA,NA,NA,NA,NA,0.00,NA,NA,NA
2025-11-21 21:00:00,163.32,432.58,222.57,239.99,215.01,NA,NA,3.01,20.42,NA,NA,NA,NA,NA,NA,NA,NA,NA,NA,NA,0.00,NA,NA,NA
2025-11-21 22:00:00,177.90,429.25,244.41,235.93,228.34,NA,NA,3.55,19.99,NA,NA,NA,NA,NA,NA,NA,NA,NA,NA,NA,0.00,NA,NA,NA
2025-11-21 23:00:00,176.48,465.75,388.80,231.79,322.61,NA,NA,4.37,19.28,NA,NA,NA,NA,NA,NA,NA,NA,NA,NA,NA,0.00,NA,NA,NA
2025-11-22 00:00:00,188.80,435.40,423.29,255.53,368.08,NA,NA,5.15,19.51,NA,NA,NA,NA,NA,NA,NA,NA,NA,NA,NA,0.00,NA,NA,NA
2025-11-22 01:00:00,193.22,450.55,NA,248.70,433.85,NA,NA,5.66,19.88,NA,NA,NA,NA,NA,NA,NA,NA,NA,NA,NA,0.00,NA,NA,NA
2025-11-22 02:00:00,186.48,419.38,476.97,258.97,388.52,NA,NA,5.26,19.59,NA,NA,NA,NA,NA,NA,NA,NA,NA,NA,NA,0.00,NA,NA,NA
2025-11-22 03:00:00,180.78,444.55,420.23,224.27,341.19,NA,NA,5.08,19.45,NA,NA,NA,NA,NA,NA,NA,NA,NA,NA,NA,0.00,NA,NA,NA
2025-11-22 04:00:00,178.77,427.50,241.63,179.78,210.56,NA,NA,3.62,16.56,NA,NA,NA,NA,NA,NA,NA,NA,NA,NA,NA,0.00,NA,NA,NA
2025-11-22 05:00:00,188.28,403.92,160.69,174.68,155.64,NA,NA,2.50,18.29,NA,NA,NA,NA,NA,NA,NA,NA,NA,NA,NA,0.00,NA,NA,NA
2025-11-22 06:00:00,196.58,404.05,130.85,165.29,133.24,NA,NA,2.07,18.72,NA,NA,NA,NA,NA,NA,NA,NA,NA,NA,NA,0.00,NA,NA,NA
2025-11-22 07:00:00,193.18,380.60,144.06,173.68,144.38,NA,NA,2.31,20.15,NA,NA,NA,NA,NA,NA,NA,NA,NA,NA,NA,0.00,NA,NA,NA
2025-11-22 08:00:00,190.02,409.62,100.12,160.42,111.54,NA,NA,2.10,21.61,NA,NA,NA,NA,NA,NA,NA,NA,NA,NA,NA,0.00,NA,NA,NA
2025-11-22 09:00:00,142.05,353.62,63.07,166.63,88.83,NA,NA,1.59,34.52,NA,NA,NA,NA,NA,NA,NA,NA,NA,NA,NA,0.00,NA,NA,NA
2025-11-22 10:00:00,141.52,316.98,46.42,158.01,75.40,NA,NA,1.21,61.60,NA,NA,NA,NA,NA,NA,NA,NA,NA,NA,NA,0.00,NA,NA,NA
2025-11-22 11:00:00,141.40,307.58,34.43,140.32,62.46,NA,NA,1.10,104.33,NA,NA,NA,NA,NA,NA,NA,NA,NA,NA,NA,0.00,NA,NA,NA
2025-11-22 12:00:00,131.45,286.38,25.52,131.22,54.01,NA,NA,0.92,135.15,NA,NA,NA,NA,NA,NA,NA,NA,NA,NA,NA,0.00,NA,NA,NA
2025-11-22 13:00:00,125.90,250.28,19.98,107.81,43.71,NA,NA,0.68,163.31,NA,NA,NA,NA,NA,NA,NA,NA,NA,NA,NA,0.00,NA,NA,NA
2025-11-22 14:00:00,102.68,204.77,15.93,81.21,33.51,NA,NA,0.48,167.66,NA,NA,NA,NA,NA,NA,NA,NA,NA,NA,NA,0.00,NA,NA,NA
2025-11-22 15:00:00,100.05,200.85,14.58,94.65,36.42,NA,NA,0.49,153.34,NA,NA,NA,NA,NA,NA,NA,NA,NA,NA,NA,0.00,NA,NA,NA
2025-11-22 16:00:00,91.95,215.15,22.35,169.41,62.74,NA,NA,0.71,89.43,NA,NA,NA,NA,NA,NA,NA,NA,NA,NA,NA,0.00,NA,NA,NA
2025-11-22 17:00:00,95.30,237.65,116.06,260.02,150.35,NA,NA,1.85,18.77,NA,NA,NA,NA,NA,NA,NA,NA,NA,NA,NA,0.00,NA,NA,NA
2025-11-22 18:00:00,136.67,396.98,272.90,259.28,253.79,NA,NA,2.91,18.87,NA,NA,NA,NA,NA,NA,NA,NA,NA,NA,NA,0.00,NA,NA,NA
2025-11-22 19:00:00,141.88,434.50,392.79,278.88,338.60,NA,NA,3.50,20.69,NA,NA,NA,NA,NA,NA,NA,NA,NA,NA,NA,0.00,NA,NA,NA
2025-11-22 20:00:00,160.55,494.00,406.44,283.55,348.88,NA,NA,4.04,21.32,NA,NA,NA,NA,NA,NA,NA,NA,NA,NA,NA,0.00,NA,NA,NA
2025-11-22 21:00:00,165.62,478.48,467.12,273.99,409.06,NA,NA,4.68,21.76,NA,NA,NA,NA,NA,NA,NA,NA,NA,NA,NA,0.00,NA,NA,NA
2025-11-22 22:00:00,172.32,466.88,437.01,282.80,415.66,NA,NA,4.86,21.62,NA,NA,NA,NA,NA,NA,NA,NA,NA,NA,NA,0.00,NA,NA,NA
2025-11-22 23:00:00,174.38,445.72,476.19,272.54,415.31,NA,NA,4.72,21.35,NA,NA,NA,NA,NA,NA,NA,NA,NA,NA,NA,0.00,NA,NA,NA
2025-11-23 00:00:00,190.55,452.92,444.79,276.51,437.17,NA,NA,5.04,22.08,NA,NA,NA,NA,NA,NA,NA,NA,NA,NA,NA,0.00,NA,NA,NA
2025-11-23 01:00:00,199.98,469.35,422.68,245.75,372.94,NA,NA,4.77,22.19,NA,NA,NA,NA,NA,NA,NA,NA,NA,NA,NA,0.00,NA,NA,NA
2025-11-23 02:00:00,216.12,506.78,415.62,204.67,332.65,NA,NA,5.75,23.84,NA,NA,NA,NA,NA,NA,NA,NA,NA,NA,NA,0.00,NA,NA,NA
2025-11-23 03:00:00,237.80,634.20,420.20,181.88,329.24,NA,NA,5.87,23.26,NA,NA,NA,NA,NA,NA,NA,NA,NA,NA,NA,0.00,NA,NA,NA
2025-11-23 04:00:00,270.67,633.72,432.44,165.91,395.09,NA,NA,6.07,21.35,NA,NA,NA,NA,NA,NA,NA,NA,NA,NA,NA,0.00,NA,NA,NA
2025-11-23 05:00:00,252.27,567.75,363.12,175.45,314.28,NA,NA,4.62,20.31,NA,NA,NA,NA,NA,NA,NA,NA,NA,NA,NA,0.00,NA,NA,NA
2025-11-23 06:00:00,229.85,539.78,NA,166.93,435.09,NA,NA,5.71,19.82,NA,NA,NA,NA,NA,NA,NA,NA,NA,NA,NA,0.00,NA,NA,NA
2025-11-23 07:00:00,202.48,521.67,401.39,191.45,407.85,NA,NA,5.28,20.36,NA,NA,NA,NA,NA,NA,NA,NA,NA,NA,NA,0.00,NA,NA,NA
2025-11-23 08:00:00,92.30,482.28,274.50,210.02,240.79,NA,NA,3.48,20.95,NA,NA,NA,NA,NA,NA,NA,NA,NA,NA,NA,0.00,NA,NA,NA
2025-11-23 09:00:00,175.75,388.58,89.34,179.27,109.77,NA,NA,1.93,33.02,NA,NA,NA,NA,NA,NA,NA,NA,NA,NA,NA,0.00,NA,NA,NA
2025-11-23 10:00:00,211.22,422.95,69.70,185.85,98.65,NA,NA,1.75,61.57,NA,NA,NA,NA,NA,NA,NA,NA,NA,NA,NA,0.00,NA,NA,NA
2025-11-23 11:00:00,185.35,385.80,53.52,191.16,89.44,NA,NA,1.58,93.91,NA,NA,NA,NA,NA,NA,NA,NA,NA,NA,NA,0.00,NA,NA,NA
2025-11-23 12:00:00,158.72,344.68,38.23,152.37,68.37,NA,NA,1.20,144.10,NA,NA,NA,NA,NA,NA,NA,NA,NA,NA,NA,0.00,NA,NA,NA
2025-11-23 13:00:00,140.80,295.83,32.24,130.47,58.22,NA,NA,0.81,161.62,NA,NA,NA,NA,NA,NA,NA,NA,NA,NA,NA,0.00,NA,NA,NA
2025-11-23 14:00:00,101.45,230.42,26.73,109.98,48.79,NA,NA,0.68,162.61,NA,NA,NA,NA,NA,NA,NA,NA,NA,NA,NA,0.00,NA,NA,NA
2025-11-23 15:00:00,94.08,230.05,25.06,124.43,51.76,NA,NA,0.65,138.65,NA,NA,NA,NA,NA,NA,NA,NA,NA,NA,NA,0.00,NA,NA,NA
2025-11-23 16:00:00,93.05,191.08,22.21,129.63,51.36,NA,NA,0.65,126.58,NA,NA,NA,NA,NA,NA,NA,NA,NA,NA,NA,0.00,NA,NA,NA
2025-11-23 17:00:00,121.45,244.25,40.42,219.58,88.88,NA,NA,1.09,54.05,NA,NA,NA,NA,NA,NA,NA,NA,NA,NA,NA,0.00,NA,NA,NA
2025-11-23 18:00:00,144.20,324.70,155.46,255.37,175.04,NA,NA,2.09,17.72,NA,NA,NA,NA,NA,NA,NA,NA,NA,NA,NA,0.00,NA,NA,NA
2025-11-23 19:00:00,157.23,376.78,236.38,257.77,229.16,NA,NA,2.83,18.94,NA,NA,NA,NA,NA,NA,NA,NA,NA,NA,NA,0.00,NA,NA,NA
2025-11-23 20:00:00,170.23,387.58,171.74,229.70,178.52,NA,NA,2.73,21.29,NA,NA,NA,NA,NA,NA,NA,NA,NA,NA,NA,0.00,NA,NA,NA
2025-11-23 21:00:00,191.28,464.92,303.05,216.63,261.62,NA,NA,3.55,22.28,NA,NA,NA,NA,NA,NA,NA,NA,NA,NA,NA,0.00,NA,NA,NA
2025-11-23 22:00:00,186.75,485.62,380.54,200.80,308.33,NA,NA,4.24,21.81,NA,NA,NA,NA,NA,NA,NA,NA,NA,NA,NA,0.00,NA,NA,NA
2025-11-23 23:00:00,194.28,518.53,368.22,216.57,304.67,NA,NA,4.12,23.08,NA,NA,NA,NA,NA,NA,NA,NA,NA,NA,NA,0.00,NA,NA,NA
2025-11-24 00:00:00,228.48,499.55,330.01,217.77,279.69,NA,NA,4.12,24.30,NA,NA,NA,NA,NA,NA,NA,NA,NA,NA,NA,0.00,NA,NA,NA
2025-11-24 01:00:00,219.30,510.25,323.53,190.54,267.79,NA,NA,3.77,22.58,NA,NA,NA,NA,NA,NA,NA,NA,NA,NA,NA,0.00,NA,NA,NA
2025-11-24 02:00:00,221.22,513.33,318.79,171.05,259.10,NA,NA,4.04,23.30,NA,NA,NA,NA,NA,NA,NA,NA,NA,NA,NA,0.00,NA,NA,NA
2025-11-24 03:00:00,205.85,492.78,159.86,149.60,147.98,NA,NA,2.45,21.71,NA,NA,NA,NA,NA,NA,NA,NA,NA,NA,NA,0.00,NA,NA,NA
2025-11-24 04:00:00,229.05,421.25,144.84,136.00,134.22,NA,NA,2.28,20.48,NA,NA,NA,NA,NA,NA,NA,NA,NA,NA,NA,0.00,NA,NA,NA
2025-11-24 05:00:00,220.40,453.22,176.10,133.13,154.07,NA,NA,2.48,20.94,NA,NA,NA,NA,NA,NA,NA,NA,NA,NA,NA,0.00,NA,NA,NA
2025-11-24 06:00:00,202.05,414.17,166.20,134.74,147.98,NA,NA,2.07,21.38,NA,NA,NA,NA,NA,NA,NA,NA,NA,NA,NA,0.00,NA,NA,NA
2025-11-24 07:00:00,178.05,406.35,124.44,130.35,119.08,NA,NA,1.87,22.33,NA,NA,NA,NA,NA,NA,NA,NA,NA,NA,NA,0.00,NA,NA,NA
2025-11-24 08:00:00,152.15,316.40,59.93,158.39,84.44,NA,NA,1.41,26.84,NA,NA,NA,NA,NA,NA,NA,NA,NA,NA,NA,0.00,NA,NA,NA
2025-11-24 09:00:00,170.30,334.10,52.71,178.25,85.28,NA,NA,1.45,41.68,NA,NA,NA,NA,NA,NA,NA,NA,NA,NA,NA,0.00,NA,NA,NA
2025-11-24 10:00:00,177.25,386.55,40.41,194.10,81.64,NA,NA,1.39,66.27,NA,NA,NA,NA,NA,NA,NA,NA,NA,NA,NA,0.00,NA,NA,NA
2025-11-24 11:00:00,160.98,335.02,25.64,146.06,58.28,NA,NA,1.01,97.63,NA,NA,NA,NA,NA,NA,NA,NA,NA,NA,NA,0.00,NA,NA,NA
2025-11-24 12:00:00,120.75,279.28,19.83,123.76,48.12,NA,NA,0.87,131.40,NA,NA,NA,NA,NA,NA,NA,NA,NA,NA,NA,0.00,NA,NA,NA
2025-11-24 13:00:00,125.98,289.50,14.94,101.72,38.66,NA,NA,0.85,163.70,NA,NA,NA,NA,NA,NA,NA,NA,NA,NA,NA,0.00,NA,NA,NA
2025-11-24 14:00:00,108.40,264.32,11.65,93.91,34.27,NA,NA,0.69,174.45,NA,NA,NA,NA,NA,NA,NA,NA,NA,NA,NA,0.00,NA,NA,NA
2025-11-24 15:00:00,83.62,224.78,10.44,94.58,33.66,NA,NA,0.49,147.03,NA,NA,NA,NA,NA,NA,NA,NA,NA,NA,NA,0.00,NA,NA,NA
2025-11-24 16:00:00,93.30,202.92,10.43,147.66,48.68,NA,NA,0.61,100.96,NA,NA,NA,NA,NA,NA,NA,NA,NA,NA,NA,0.00,NA,NA,NA
2025-11-24 17:00:00,92.32,221.55,17.84,211.83,71.74,NA,NA,0.83,54.46,NA,NA,NA,NA,NA,NA,NA,NA,NA,NA,NA,0.00,NA,NA,NA
2025-11-24 18:00:00,107.40,275.68,165.29,253.46,181.03,NA,NA,2.15,20.93,NA,NA,NA,NA,NA,NA,NA,NA,NA,NA,NA,0.00,NA,NA,NA
2025-11-24 19:00:00,125.88,406.45,323.10,269.17,289.77,NA,NA,3.20,20.52,NA,NA,NA,NA,NA,NA,NA,NA,NA,NA,NA,0.00,NA,NA,NA
2025-11-24 20:00:00,147.32,441.42,425.95,262.52,355.85,NA,NA,4.06,22.06,NA,NA,NA,NA,NA,NA,NA,NA,NA,NA,NA,0.00,NA,NA,NA
2025-11-24 21:00:00,172.18,522.85,391.35,249.37,350.48,NA,NA,4.51,23.08,NA,NA,NA,NA,NA,NA,NA,NA,NA,NA,NA,0.00,NA,NA,NA
2025-11-24 22:00:00,185.75,567.02,487.66,232.79,397.33,NA,NA,5.39,22.23,NA,NA,NA,NA,NA,NA,NA,NA,NA,NA,NA,0.00,NA,NA,NA
2025-11-24 23:00:00,187.68,548.28,327.29,229.98,350.86,NA,NA,5.00,23.10,NA,NA,NA,NA,NA,NA,NA,NA,NA,NA,NA,0.00,NA,NA,NA
2025-11-25 00:00:00,221.15,546.03,267.01,207.51,235.20,NA,NA,3.72,23.78,NA,NA,NA,NA,NA,NA,NA,NA,NA,NA,NA,0.00,NA,NA,NA
2025-11-25 01:00:00,214.75,496.58,329.30,189.85,271.31,NA,NA,3.95,21.99,NA,NA,NA,NA,NA,NA,NA,NA,NA,NA,NA,0.00,NA,NA,NA
2025-11-25 02:00:00,217.95,520.00,220.41,182.63,197.38,NA,NA,3.99,23.29,NA,NA,NA,NA,NA,NA,NA,NA,NA,NA,NA,0.00,NA,NA,NA
2025-11-25 03:00:00,217.80,539.82,385.79,152.76,298.28,NA,NA,5.09,20.94,NA,NA,NA,NA,NA,NA,NA,NA,NA,NA,NA,0.00,NA,NA,NA
2025-11-25 04:00:00,204.60,532.02,251.04,153.34,209.25,NA,NA,3.52,20.11,NA,NA,NA,NA,NA,NA,NA,NA,NA,NA,NA,0.00,NA,NA,NA
2025-11-25 05:00:00,190.38,371.70,133.99,159.04,133.54,NA,NA,2.15,18.93,NA,NA,NA,NA,NA,NA,NA,NA,NA,NA,NA,0.00,NA,NA,NA
2025-11-25 06:00:00,159.48,330.17,88.60,151.23,101.34,NA,NA,1.56,17.67,NA,NA,NA,NA,NA,NA,NA,NA,NA,NA,NA,0.00,NA,NA,NA
2025-11-25 07:00:00,147.15,326.62,81.94,165.26,100.92,NA,NA,1.69,21.00,NA,NA,NA,NA,NA,NA,NA,NA,NA,NA,NA,0.00,NA,NA,NA
2025-11-25 08:00:00,142.57,313.67,77.90,154.73,95.26,NA,NA,1.43,23.10,NA,NA,NA,NA,NA,NA,NA,NA,NA,NA,NA,0.00,NA,NA,NA
2025-11-25 09:00:00,134.22,310.95,54.93,159.92,81.54,NA,NA,1.43,38.89,NA,NA,NA,NA,NA,NA,NA,NA,NA,NA,NA,0.00,NA,NA,NA
2025-11-25 10:00:00,161.90,364.52,41.82,170.82,75.97,NA,NA,1.27,56.14,NA,NA,NA,NA,NA,NA,NA,NA,NA,NA,NA,0.00,NA,NA,NA
2025-11-25 11:00:00,145.12,288.05,28.05,135.84,56.98,NA,NA,0.98,93.74,NA,NA,NA,NA,NA,NA,NA,NA,NA,NA,NA,0.00,NA,NA,NA
2025-11-25 12:00:00,118.75,271.03,10.40,50.14,35.11,NA,NA,0.40,65.35,NA,NA,NA,NA,NA,NA,NA,NA,NA,NA,NA,0.00,NA,NA,NA
2025-11-25 13:00:00,112.80,280.50,3.09,49.65,28.91,NA,NA,NA,73.92,NA,NA,NA,NA,NA,NA,NA,NA,NA,NA,NA,0.00,NA,NA,NA
2025-11-25 14:00:00,128.93,268.65,3.03,50.49,29.32,NA,NA,NA,74.73,NA,NA,NA,NA,NA,NA,NA,NA,NA,NA,NA,0.00,NA,NA,NA
2025-11-25 15:00:00,129.20,244.12,3.30,53.29,31.03,NA,NA,0.34,74.56,NA,NA,NA,NA,NA,NA,NA,NA,NA,NA,NA,0.00,NA,NA,NA
2025-11-25 16:00:00,110.92,215.50,3.24,67.13,38.34,NA,NA,0.26,30.84,NA,NA,NA,NA,NA,NA,NA,NA,NA,NA,NA,0.00,NA,NA,NA
2025-11-25 17:00:00,100.50,194.50,5.16,100.62,57.72,NA,NA,0.48,20.46,NA,NA,NA,NA,NA,NA,NA,NA,NA,NA,NA,0.00,NA,NA,NA
2025-11-25 18:00:00,100.72,234.08,6.66,113.81,65.94,NA,NA,0.73,11.77,NA,NA,NA,NA,NA,NA,NA,NA,NA,NA,NA,0.00,NA,NA,NA
2025-11-25 19:00:00,108.60,222.70,8.61,113.19,67.20,NA,NA,0.88,10.89,NA,NA,NA,NA,NA,NA,NA,NA,NA,NA,NA,0.00,NA,NA,NA
2025-11-25 20:00:00,112.70,246.55,8.77,103.07,61.96,NA,NA,0.90,11.87,NA,NA,NA,NA,NA,NA,NA,NA,NA,NA,NA,0.00,NA,NA,NA
2025-11-25 21:00:00,125.48,269.88,43.55,115.13,96.65,NA,NA,1.23,6.56,NA,NA,NA,NA,NA,NA,NA,NA,NA,NA,NA,0.00,NA,NA,NA
2025-11-25 22:00:00,125.12,304.65,89.86,115.36,134.47,NA,NA,1.49,6.04,NA,NA,NA,NA,NA,NA,NA,NA,NA,NA,NA,0.00,NA,NA,NA
2025-11-25 23:00:00,133.10,364.30,308.05,112.84,310.52,NA,NA,2.66,5.36,NA,NA,NA,NA,NA,NA,NA,NA,NA,NA,NA,0.00,NA,NA,NA
2025-11-26 00:00:00,134.35,394.50,300.40,118.28,307.17,NA,NA,2.70,5.22,NA,NA,NA,NA,NA,NA,NA,NA,NA,NA,NA,0.00,NA,NA,NA
2025-11-26 01:00:00,140.35,365.35,226.21,109.95,242.35,NA,NA,2.37,5.69,NA,NA,NA,NA,NA,NA,NA,NA,NA,NA,NA,0.00,NA,NA,NA
2025-11-26 02:00:00,171.88,357.82,112.14,104.44,146.68,NA,NA,1.65,5.89,NA,NA,NA,NA,NA,NA,NA,NA,NA,NA,NA,0.00,NA,NA,NA
2025-11-26 03:00:00,148.92,319.80,90.24,93.55,123.12,NA,NA,1.32,4.87,NA,NA,NA,NA,NA,NA,NA,NA,NA,NA,NA,0.00,NA,NA,NA
2025-11-26 04:00:00,136.18,296.00,71.11,82.77,101.84,NA,NA,1.08,4.19,NA,NA,NA,NA,NA,NA,NA,NA,NA,NA,NA,0.00,NA,NA,NA
2025-11-26 05:00:00,119.72,272.95,86.29,83.03,114.30,NA,NA,1.21,4.72,NA,NA,NA,NA,NA,NA,NA,NA,NA,NA,NA,0.00,NA,NA,NA
2025-11-26 06:00:00,106.55,247.35,129.27,83.66,149.61,NA,NA,1.31,4.22,NA,NA,NA,NA,NA,NA,NA,NA,NA,NA,NA,0.00,NA,NA,NA
2025-11-26 07:00:00,96.08,260.75,80.90,92.60,115.02,NA,NA,1.12,5.05,NA,NA,NA,NA,NA,NA,NA,NA,NA,NA,NA,0.00,NA,NA,NA
2025-11-26 08:00:00,103.85,292.40,53.77,98.13,95.90,NA,NA,0.99,6.57,NA,NA,NA,NA,NA,NA,NA,NA,NA,NA,NA,0.00,NA,NA,NA
2025-11-26 09:00:00,107.30,277.12,27.94,95.51,73.52,NA,NA,0.89,14.84,NA,NA,NA,NA,NA,NA,NA,NA,NA,NA,NA,0.00,NA,NA,NA
2025-11-26 10:00:00,142.98,299.60,21.04,97.47,68.94,NA,NA,0.82,23.56,NA,NA,NA,NA,NA,NA,NA,NA,NA,NA,NA,0.00,NA,NA,NA
2025-11-26 11:00:00,125.20,281.92,10.31,82.14,52.08,NA,NA,0.71,45.70,NA,NA,NA,NA,NA,NA,NA,NA,NA,NA,NA,0.00,NA,NA,NA
2025-11-26 12:00:00,107.08,261.18,6.64,56.48,35.44,NA,NA,0.55,69.40,NA,NA,NA,NA,NA,NA,NA,NA,NA,NA,NA,0.00,NA,NA,NA
2025-11-26 13:00:00,104.70,228.80,6.22,60.07,37.00,NA,NA,0.49,76.28,NA,NA,NA,NA,NA,NA,NA,NA,NA,NA,NA,0.00,NA,NA,NA
2025-11-26 14:00:00,76.30,182.78,4.76,51.92,31.48,NA,NA,0.37,81.53,NA,NA,NA,NA,NA,NA,NA,NA,NA,NA,NA,0.00,NA,NA,NA
2025-11-26 15:00:00,74.05,208.98,4.63,53.98,32.48,NA,NA,0.37,71.13,NA,NA,NA,NA,NA,NA,NA,NA,NA,NA,NA,0.00,NA,NA,NA
2025-11-26 16:00:00,64.12,176.32,4.89,88.83,51.24,NA,NA,0.42,49.13,NA,NA,NA,NA,NA,NA,NA,NA,NA,NA,NA,0.00,NA,NA,NA
2025-11-26 17:00:00,76.53,205.82,19.42,150.22,95.69,NA,NA,0.79,13.85,NA,NA,NA,NA,NA,NA,NA,NA,NA,NA,NA,0.00,NA,NA,NA
2025-11-26 18:00:00,86.32,250.58,98.30,153.58,161.65,NA,NA,1.41,4.91,NA,NA,NA,NA,NA,NA,NA,NA,NA,NA,NA,0.00,NA,NA,NA
2025-11-26 19:00:00,111.48,331.35,269.99,154.52,301.80,NA,NA,2.62,5.63,NA,NA,NA,NA,NA,NA,NA,NA,NA,NA,NA,0.00,NA,NA,NA
2025-11-26 20:00:00,138.07,426.60,441.62,158.72,442.79,NA,NA,3.74,6.12,NA,NA,NA,NA,NA,NA,NA,NA,NA,NA,NA,0.00,NA,NA,NA
2025-11-26 21:00:00,155.60,496.60,455.62,164.99,458.47,NA,NA,3.93,6.77,NA,NA,NA,NA,NA,NA,NA,NA,NA,NA,NA,0.00,NA,NA,NA
2025-11-26 22:00:00,166.32,496.20,NA,161.49,NA,NA,NA,4.76,6.47,NA,NA,NA,NA,NA,NA,NA,NA,NA,NA,NA,0.00,NA,NA,NA
2025-11-26 23:00:00,165.12,502.82,NA,163.81,NA,NA,NA,5.04,6.00,NA,NA,NA,NA,NA,NA,NA,NA,NA,NA,NA,0.00,NA,NA,NA
2025-11-27 00:00:00,148.82,449.82,NA,181.34,NA,NA,NA,5.63,7.11,NA,NA,NA,NA,NA,NA,NA,NA,NA,NA,NA,0.00,NA,NA,NA
2025-11-27 01:00:00,181.00,474.10,NA,171.86,NA,NA,NA,5.70,6.97,NA,NA,NA,NA,NA,NA,NA,NA,NA,NA,NA,0.00,NA,NA,NA
2025-11-27 02:00:00,187.12,469.60,NA,165.83,NA,NA,NA,5.61,6.80,NA,NA,NA,NA,NA,NA,NA,NA,NA,NA,NA,0.00,NA,NA,NA
2025-11-27 03:00:00,188.90,479.55,387.15,155.04,390.64,NA,NA,5.31,6.42,NA,NA,NA,NA,NA,NA,NA,NA,NA,NA,NA,0.00,NA,NA,NA
2025-11-27 04:00:00,184.25,457.38,444.47,119.40,424.87,NA,NA,4.29,5.27,NA,NA,NA,NA,NA,NA,NA,NA,NA,NA,NA,0.00,NA,NA,NA
2025-11-27 05:00:00,179.62,469.98,364.35,107.34,353.28,NA,NA,3.83,5.23,NA,NA,NA,NA,NA,NA,NA,NA,NA,NA,NA,0.00,NA,NA,NA
2025-11-27 06:00:00,201.22,449.48,440.65,106.97,415.20,NA,NA,3.87,5.21,NA,NA,NA,NA,NA,NA,NA,NA,NA,NA,NA,0.00,NA,NA,NA
2025-11-27 07:00:00,206.32,457.38,496.24,125.15,481.84,NA,NA,4.18,6.08,NA,NA,NA,NA,NA,NA,NA,NA,NA,NA,NA,0.00,NA,NA,NA
2025-11-27 08:00:00,206.22,503.85,437.98,161.37,441.84,NA,NA,4.16,7.43,NA,NA,NA,NA,NA,NA,NA,NA,NA,NA,NA,0.00,NA,NA,NA
2025-11-27 09:00:00,216.90,505.35,212.57,214.82,287.04,NA,NA,3.38,8.15,NA,NA,NA,NA,NA,NA,NA,NA,NA,NA,NA,0.00,NA,NA,NA
2025-11-27 10:00:00,241.50,495.52,119.43,268.50,239.88,NA,NA,2.92,10.44,NA,NA,NA,NA,NA,NA,NA,NA,NA,NA,NA,0.00,NA,NA,NA
2025-11-27 11:00:00,230.58,436.92,47.06,186.05,137.19,NA,NA,1.84,41.69,NA,NA,NA,NA,NA,NA,NA,NA,NA,NA,NA,0.00,NA,NA,NA
2025-11-27 12:00:00,134.20,287.45,29.20,113.42,84.07,NA,NA,1.19,72.83,NA,NA,NA,NA,NA,NA,NA,NA,NA,NA,NA,0.00,NA,NA,NA
2025-11-27 13:00:00,110.60,214.42,20.57,99.13,69.46,NA,NA,0.96,84.69,NA,NA,NA,NA,NA,NA,NA,NA,NA,NA,NA,0.00,NA,NA,NA
2025-11-27 14:00:00,109.00,211.85,16.55,104.07,68.81,NA,NA,1.02,95.42,NA,NA,NA,NA,NA,NA,NA,NA,NA,NA,NA,0.00,NA,NA,NA
2025-11-27 15:00:00,106.68,257.92,12.78,100.77,63.99,NA,NA,1.02,94.13,NA,NA,NA,NA,NA,NA,NA,NA,NA,NA,NA,0.00,NA,NA,NA
2025-11-27 16:00:00,118.90,266.40,13.28,136.41,83.37,NA,NA,1.22,68.60,NA,NA,NA,NA,NA,NA,NA,NA,NA,NA,NA,0.00,NA,NA,NA
2025-11-27 17:00:00,152.43,287.95,31.18,198.42,130.90,NA,NA,1.02,11.92,NA,NA,NA,NA,NA,NA,NA,NA,NA,NA,NA,0.00,NA,NA,NA
2025-11-27 18:00:00,124.82,288.20,154.22,180.64,221.51,NA,NA,2.01,4.42,NA,NA,NA,NA,NA,NA,NA,NA,NA,NA,NA,0.00,NA,NA,NA
2025-11-27 19:00:00,118.18,288.73,290.89,174.55,329.37,NA,NA,2.42,4.73,NA,NA,NA,NA,NA,NA,NA,NA,NA,NA,NA,0.00,NA,NA,NA
2025-11-27 20:00:00,144.52,378.90,283.45,178.13,325.16,NA,NA,3.18,8.09,NA,NA,NA,NA,NA,NA,NA,NA,NA,NA,NA,0.00,NA,NA,NA
2025-11-27 21:00:00,221.08,567.30,349.65,178.01,379.08,NA,NA,4.44,7.75,NA,NA,NA,NA,NA,NA,NA,NA,NA,NA,NA,0.00,NA,NA,NA
2025-11-27 22:00:00,218.68,568.88,473.18,183.50,483.85,NA,NA,5.12,7.09,NA,NA,NA,NA,NA,NA,NA,NA,NA,NA,NA,0.00,NA,NA,NA
2025-11-27 23:00:00,216.08,559.75,NA,192.17,NA,NA,NA,5.56,6.56,NA,NA,NA,NA,NA,NA,NA,NA,NA,NA,NA,0.00,NA,NA,NA
2025-11-28 00:00:00,238.85,621.25,NA,198.76,NA,NA,NA,6.41,7.32,NA,NA,NA,NA,NA,NA,NA,NA,NA,NA,NA,0.00,NA,NA,NA
2025-11-28 01:00:00,237.40,608.92,NA,191.67,NA,NA,NA,6.38,7.53,NA,NA,NA,NA,NA,NA,NA,NA,NA,NA,NA,0.00,NA,NA,NA
2025-11-28 02:00:00,239.98,598.60,419.36,165.73,424.80,NA,NA,5.70,6.44,NA,NA,NA,NA,NA,NA,NA,NA,NA,NA,NA,0.00,NA,NA,NA
2025-11-28 03:00:00,237.50,587.08,416.27,138.48,412.13,NA,NA,5.36,6.10,NA,NA,NA,NA,NA,NA,NA,NA,NA,NA,NA,0.00,NA,NA,NA
2025-11-28 04:00:00,285.98,638.85,308.50,112.10,310.35,NA,NA,4.42,5.64,NA,NA,NA,NA,NA,NA,NA,NA,NA,NA,NA,0.00,NA,NA,NA
2025-11-28 05:00:00,265.98,544.80,180.95,114.15,207.84,NA,NA,3.10,6.15,NA,NA,NA,NA,NA,NA,NA,NA,NA,NA,NA,0.00,NA,NA,NA
2025-11-28 06:00:00,232.10,495.17,284.21,108.83,288.97,NA,NA,3.48,5.34,NA,NA,NA,NA,NA,NA,NA,NA,NA,NA,NA,0.00,NA,NA,NA
2025-11-28 07:00:00,216.62,503.00,259.40,123.55,276.60,NA,NA,3.14,6.13,NA,NA,NA,NA,NA,NA,NA,NA,NA,NA,NA,0.00,NA,NA,NA
2025-11-28 08:00:00,280.12,542.57,134.04,130.19,178.19,NA,NA,2.69,7.10,NA,NA,NA,NA,NA,NA,NA,NA,NA,NA,NA,0.00,NA,NA,NA
2025-11-28 09:00:00,271.30,557.12,69.26,135.93,128.58,NA,NA,2.10,10.79,NA,NA,NA,NA,NA,NA,NA,NA,NA,NA,NA,0.00,NA,NA,NA
2025-11-28 10:00:00,159.55,378.82,41.31,109.15,91.64,NA,NA,1.37,19.37,NA,NA,NA,NA,NA,NA,NA,NA,NA,NA,NA,0.00,NA,NA,NA
2025-11-28 11:00:00,120.25,278.30,30.20,107.59,81.79,NA,NA,1.23,33.54,NA,NA,NA,NA,NA,NA,NA,NA,NA,NA,NA,0.00,NA,NA,NA
2025-11-28 12:00:00,123.32,282.85,18.93,90.74,63.65,NA,NA,1.09,65.61,NA,NA,NA,NA,NA,NA,NA,NA,NA,NA,NA,0.00,NA,NA,NA
2025-11-28 13:00:00,143.32,280.58,14.24,90.22,59.57,NA,NA,0.90,77.44,NA,NA,NA,NA,NA,NA,NA,NA,NA,NA,NA,0.00,NA,NA,NA
2025-11-28 14:00:00,130.17,254.45,12.64,81.12,53.42,NA,NA,0.82,76.17,NA,NA,NA,NA,NA,NA,NA,NA,NA,NA,NA,0.00,NA,NA,NA
2025-11-28 15:00:00,86.25,202.12,12.07,74.04,49.19,NA,NA,0.57,59.33,NA,NA,NA,NA,NA,NA,NA,NA,NA,NA,NA,0.00,NA,NA,NA
2025-11-28 16:00:00,67.80,177.32,12.99,91.87,59.43,NA,NA,0.63,35.68,NA,NA,NA,NA,NA,NA,NA,NA,NA,NA,NA,0.00,NA,NA,NA
2025-11-28 17:00:00,72.00,187.32,14.56,105.13,67.76,NA,NA,0.72,23.90,NA,NA,NA,NA,NA,NA,NA,NA,NA,NA,NA,0.00,NA,NA,NA
2025-11-28 18:00:00,91.95,216.50,42.28,126.30,101.57,NA,NA,1.10,7.55,NA,NA,NA,NA,NA,NA,NA,NA,NA,NA,NA,0.00,NA,NA,NA
2025-11-28 19:00:00,98.75,236.98,51.87,131.06,111.87,NA,NA,1.28,4.95,NA,NA,NA,NA,NA,NA,NA,NA,NA,NA,NA,0.00,NA,NA,NA
2025-11-28 20:00:00,121.05,284.02,63.66,122.42,116.89,NA,NA,1.44,5.22,NA,NA,NA,NA,NA,NA,NA,NA,NA,NA,NA,0.00,NA,NA,NA
2025-11-28 21:00:00,137.65,325.25,58.88,114.96,109.00,NA,NA,1.48,5.36,NA,NA,NA,NA,NA,NA,NA,NA,NA,NA,NA,0.00,NA,NA,NA
2025-11-28 22:00:00,129.68,308.45,20.57,101.04,70.49,NA,NA,1.21,7.58,NA,NA,NA,NA,NA,NA,NA,NA,NA,NA,NA,0.00,NA,NA,NA
2025-11-28 23:00:00,135.95,311.52,75.36,105.13,117.20,NA,NA,1.21,5.17,NA,NA,NA,NA,NA,NA,NA,NA,NA,NA,NA,0.00,NA,NA,NA
2025-11-29 00:00:00,137.10,312.78,105.12,100.13,138.70,NA,NA,1.56,4.57,NA,NA,NA,NA,NA,NA,NA,NA,NA,NA,NA,0.00,NA,NA,NA
2025-11-29 01:00:00,122.25,301.85,118.62,89.55,144.11,NA,NA,1.49,4.18,NA,NA,NA,NA,NA,NA,NA,NA,NA,NA,NA,0.00,NA,NA,NA
2025-11-29 02:00:00,150.50,322.65,117.36,86.95,141.68,NA,NA,1.53,4.29,NA,NA,NA,NA,NA,NA,NA,NA,NA,NA,NA,0.00,NA,NA,NA
2025-11-29 03:00:00,152.15,295.60,138.10,85.44,157.71,NA,NA,1.56,4.55,NA,NA,NA,NA,NA,NA,NA,NA,NA,NA,NA,0.00,NA,NA,NA
2025-11-29 04:00:00,149.02,337.55,88.98,76.23,112.88,NA,NA,1.24,4.51,NA,NA,NA,NA,NA,NA,NA,NA,NA,NA,NA,0.00,NA,NA,NA
2025-11-29 05:00:00,143.32,291.98,83.02,76.11,107.97,NA,NA,1.20,4.19,NA,NA,NA,NA,NA,NA,NA,NA,NA,NA,NA,0.00,NA,NA,NA
2025-11-29 06:00:00,121.42,252.95,68.10,73.28,94.34,NA,NA,1.05,4.16,NA,NA,NA,NA,NA,NA,NA,NA,NA,NA,NA,0.00,NA,NA,NA
2025-11-29 07:00:00,117.55,259.88,69.40,79.24,98.57,NA,NA,1.15,4.91,NA,NA,NA,NA,NA,NA,NA,NA,NA,NA,NA,0.00,NA,NA,NA
2025-11-29 08:00:00,119.50,270.88,27.95,67.18,58.45,NA,NA,0.85,9.25,NA,NA,NA,NA,NA,NA,NA,NA,NA,NA,NA,0.00,NA,NA,NA
2025-11-29 09:00:00,149.18,254.68,22.60,80.79,61.35,NA,NA,0.89,15.52,NA,NA,NA,NA,NA,NA,NA,NA,NA,NA,NA,0.00,NA,NA,NA
2025-11-29 10:00:00,127.45,261.03,13.70,73.01,49.96,NA,NA,0.68,32.00,NA,NA,NA,NA,NA,NA,NA,NA,NA,NA,NA,0.00,NA,NA,NA
2025-11-29 11:00:00,89.58,244.52,10.30,66.56,43.77,NA,NA,0.46,44.04,NA,NA,NA,NA,NA,NA,NA,NA,NA,NA,NA,0.00,NA,NA,NA
2025-11-29 12:00:00,79.68,209.05,8.55,63.47,40.71,NA,NA,0.34,52.10,NA,NA,NA,NA,NA,NA,NA,NA,NA,NA,NA,0.00,NA,NA,NA
2025-11-29 13:00:00,73.62,164.25,7.22,52.01,33.54,NA,NA,0.20,54.23,NA,NA,NA,NA,NA,NA,NA,NA,NA,NA,NA,0.00,NA,NA,NA
2025-11-29 14:00:00,50.72,131.10,5.73,44.01,28.07,NA,NA,0.11,56.07,NA,NA,NA,NA,NA,NA,NA,NA,NA,NA,NA,0.00,NA,NA,NA
2025-11-29 15:00:00,46.55,116.55,5.55,49.16,30.66,NA,NA,0.11,51.39,NA,NA,NA,NA,NA,NA,NA,NA,NA,NA,NA,0.00,NA,NA,NA
2025-11-29 16:00:00,42.00,112.32,5.47,65.61,39.35,NA,NA,0.19,40.87,NA,NA,NA,NA,NA,NA,NA,NA,NA,NA,NA,0.00,NA,NA,NA
2025-11-29 17:00:00,49.75,141.82,8.92,109.72,65.62,NA,NA,0.47,13.37,NA,NA,NA,NA,NA,NA,NA,NA,NA,NA,NA,0.00,NA,NA,NA
2025-11-29 18:00:00,59.95,169.95,12.06,111.54,69.13,NA,NA,0.53,7.61,NA,NA,NA,NA,NA,NA,NA,NA,NA,NA,NA,0.00,NA,NA,NA
2025-11-29 19:00:00,89.85,212.20,15.63,102.46,67.21,NA,NA,0.87,8.01,NA,NA,NA,NA,NA,NA,NA,NA,NA,NA,NA,0.00,NA,NA,NA
2025-11-29 20:00:00,113.80,253.95,34.57,94.31,78.28,NA,NA,1.07,6.57,NA,NA,NA,NA,NA,NA,NA,NA,NA,NA,NA,0.00,NA,NA,NA
2025-11-29 21:00:00,114.22,267.20,122.96,100.75,153.58,NA,NA,1.52,6.37,NA,NA,NA,NA,NA,NA,NA,NA,NA,NA,NA,0.00,NA,NA,NA
2025-11-29 22:00:00,105.32,298.22,100.03,94.38,131.52,NA,NA,1.46,6.03,NA,NA,NA,NA,NA,NA,NA,NA,NA,NA,NA,0.00,NA,NA,NA
2025-11-29 23:00:00,110.05,271.92,162.25,97.43,183.70,NA,NA,1.78,5.55,NA,NA,NA,NA,NA,NA,NA,NA,NA,NA,NA,0.00,NA,NA,NA
2025-11-30 00:00:00,122.15,289.67,122.29,88.19,146.35,NA,NA,1.43,6.10,NA,NA,NA,NA,NA,NA,NA,NA,NA,NA,NA,0.00,NA,NA,NA
2025-11-30 01:00:00,116.60,279.12,74.04,85.36,105.58,NA,NA,1.16,5.76,NA,NA,NA,NA,NA,NA,NA,NA,NA,NA,NA,0.00,NA,NA,NA
2025-11-30 02:00:00,103.40,273.65,62.63,84.89,96.08,NA,NA,0.99,5.13,NA,NA,NA,NA,NA,NA,NA,NA,NA,NA,NA,0.00,NA,NA,NA
2025-11-30 03:00:00,122.18,262.92,70.97,84.16,102.45,NA,NA,0.99,4.14,NA,NA,NA,NA,NA,NA,NA,NA,NA,NA,NA,0.00,NA,NA,NA
2025-11-30 04:00:00,132.18,241.52,31.03,77.17,66.26,NA,NA,0.69,4.54,NA,NA,NA,NA,NA,NA,NA,NA,NA,NA,NA,0.00,NA,NA,NA
2025-11-30 05:00:00,108.13,242.10,24.27,68.92,56.39,NA,NA,0.62,4.89,NA,NA,NA,NA,NA,NA,NA,NA,NA,NA,NA,0.00,NA,NA,NA
2025-11-30 06:00:00,100.35,241.32,36.03,70.38,66.73,NA,NA,0.70,4.66,NA,NA,NA,NA,NA,NA,NA,NA,NA,NA,NA,0.00,NA,NA,NA
2025-11-30 07:00:00,105.25,230.05,37.97,73.40,69.91,NA,NA,0.70,5.85,NA,NA,NA,NA,NA,NA,NA,NA,NA,NA,NA,0.00,NA,NA,NA
2025-11-30 08:00:00,99.20,232.62,49.14,90.77,88.22,NA,NA,0.75,11.42,NA,NA,NA,NA,NA,NA,NA,NA,NA,NA,NA,0.00,NA,NA,NA
2025-11-30 09:00:00,102.82,243.12,21.81,81.40,61.03,NA,NA,0.63,18.60,NA,NA,NA,NA,NA,NA,NA,NA,NA,NA,NA,0.00,NA,NA,NA
2025-11-30 10:00:00,99.25,251.25,14.58,75.14,51.81,NA,NA,0.60,28.01,NA,NA,NA,NA,NA,NA,NA,NA,NA,NA,NA,0.00,NA,NA,NA
2025-11-30 11:00:00,84.50,219.35,8.10,56.65,36.72,NA,NA,0.47,49.08,NA,NA,NA,NA,NA,NA,NA,NA,NA,NA,NA,0.00,NA,NA,NA
2025-11-30 12:00:00,99.88,200.75,5.83,50.10,31.39,NA,NA,0.37,68.03,NA,NA,NA,NA,NA,NA,NA,NA,NA,NA,NA,0.00,NA,NA,NA
2025-11-30 13:00:00,103.82,189.47,4.34,49.75,29.99,NA,NA,0.27,71.61,NA,NA,NA,NA,NA,NA,NA,NA,NA,NA,NA,0.00,NA,NA,NA
2025-11-30 14:00:00,77.78,189.25,4.14,51.62,30.82,NA,NA,0.18,63.33,NA,NA,NA,NA,NA,NA,NA,NA,NA,NA,NA,0.00,NA,NA,NA
2025-11-30 15:00:00,66.40,160.70,3.72,43.77,26.31,NA,NA,0.17,62.64,NA,NA,NA,NA,NA,NA,NA,NA,NA,NA,NA,0.00,NA,NA,NA
2025-11-30 16:00:00,68.45,144.48,3.47,47.63,28.16,NA,NA,0.23,55.57,NA,NA,NA,NA,NA,NA,NA,NA,NA,NA,NA,0.00,NA,NA,NA
2025-11-30 17:00:00,70.40,156.15,3.54,65.40,37.67,NA,NA,0.37,45.24,NA,NA,NA,NA,NA,NA,NA,NA,NA,NA,NA,0.00,NA,NA,NA
2025-11-30 18:00:00,84.25,187.12,7.16,103.95,61.11,NA,NA,0.55,14.40,NA,NA,NA,NA,NA,NA,NA,NA,NA,NA,NA,0.00,NA,NA,NA
2025-11-30 19:00:00,87.58,199.08,8.76,101.36,61.04,NA,NA,0.60,15.58,NA,NA,NA,NA,NA,NA,NA,NA,NA,NA,NA,0.00,NA,NA,NA
2025-11-30 20:00:00,102.87,208.80,11.21,98.96,61.76,NA,NA,0.80,12.74,NA,NA,NA,NA,NA,NA,NA,NA,NA,NA,NA,0.00,NA,NA,NA
2025-11-30 21:00:00,122.18,254.88,84.45,106.39,125.30,NA,NA,1.36,7.78,NA,NA,NA,NA,NA,NA,NA,NA,NA,NA,NA,0.00,NA,NA,NA
2025-11-30 22:00:00,130.75,332.00,243.43,113.01,258.04,NA,NA,2.36,6.63,NA,NA,NA,NA,NA,NA,NA,NA,NA,NA,NA,0.00,NA,NA,NA
2025-11-30 23:00:00,129.07,338.48,340.63,111.93,336.49,NA,NA,2.71,6.24,NA,NA,NA,NA,NA,NA,NA,NA,NA,NA,NA,0.00,NA,NA,NA
2025-12-01 00:00:00,141.38,355.58,376.02,115.04,366.91,NA,NA,2.92,6.41,NA,NA,NA,NA,NA,NA,NA,NA,NA,NA,NA,0.00,NA,NA,NA
2025-12-01 01:00:00,135.22,401.45,356.74,109.65,348.30,NA,NA,2.74,6.28,NA,NA,NA,NA,NA,NA,NA,NA,NA,NA,NA,0.00,NA,NA,NA
2025-12-01 02:00:00,159.23,375.22,258.97,98.35,262.86,NA,NA,2.24,7.30,NA,NA,NA,NA,NA,NA,NA,NA,NA,NA,NA,0.00,NA,NA,NA
2025-12-01 03:00:00,174.27,364.52,318.78,99.95,312.40,NA,NA,2.51,6.27,NA,NA,NA,NA,NA,NA,NA,NA,NA,NA,NA,0.00,NA,NA,NA
2025-12-01 04:00:00,168.28,391.32,374.70,92.73,353.94,NA,NA,3.01,5.22,NA,NA,NA,NA,NA,NA,NA,NA,NA,NA,NA,0.00,NA,NA,NA
2025-12-01 05:00:00,154.20,367.80,345.67,94.72,331.40,NA,NA,2.79,5.32,NA,NA,NA,NA,NA,NA,NA,NA,NA,NA,NA,0.00,NA,NA,NA
2025-12-01 06:00:00,142.00,371.60,415.80,90.84,386.38,NA,NA,3.07,5.07,NA,NA,NA,NA,NA,NA,NA,NA,NA,NA,NA,0.00,NA,NA,NA
2025-12-01 07:00:00,136.90,349.25,302.26,93.42,295.35,NA,NA,2.42,5.38,NA,NA,NA,NA,NA,NA,NA,NA,NA,NA,NA,0.00,NA,NA,NA
2025-12-01 08:00:00,133.70,337.48,190.27,113.38,214.95,NA,NA,1.71,5.15,NA,NA,NA,NA,NA,NA,NA,NA,NA,NA,NA,0.00,NA,NA,NA
2025-12-01 09:00:00,120.80,289.42,46.22,108.60,95.34,NA,NA,1.00,17.88,NA,NA,NA,NA,NA,NA,NA,NA,NA,NA,NA,0.00,NA,NA,NA
2025-12-01 10:00:00,109.70,250.23,32.61,108.85,84.41,NA,NA,0.85,32.14,NA,NA,NA,NA,NA,NA,NA,NA,NA,NA,NA,0.00,NA,NA,NA
2025-12-01 11:00:00,93.35,219.02,23.68,99.87,72.36,NA,NA,0.64,44.85,NA,NA,NA,NA,NA,NA,NA,NA,NA,NA,NA,0.00,NA,NA,NA
2025-12-01 12:00:00,69.97,167.92,17.89,76.41,55.19,NA,NA,0.44,57.53,NA,NA,NA,NA,NA,NA,NA,NA,NA,NA,NA,0.00,NA,NA,NA
2025-12-01 13:00:00,85.90,165.72,18.82,59.29,46.83,NA,NA,0.29,66.05,NA,NA,NA,NA,NA,NA,NA,NA,NA,NA,NA,0.00,NA,NA,NA
2025-12-01 14:00:00,90.40,187.18,22.77,51.87,46.09,NA,NA,0.24,67.94,NA,NA,NA,NA,NA,NA,NA,NA,NA,NA,NA,0.00,NA,NA,NA
2025-12-01 15:00:00,94.18,198.85,27.83,55.80,52.31,NA,NA,0.21,65.54,NA,NA,NA,NA,NA,NA,NA,NA,NA,NA,NA,0.00,NA,NA,NA
2025-12-01 16:00:00,97.72,190.65,47.67,82.04,82.41,NA,NA,0.33,46.27,NA,NA,NA,NA,NA,NA,NA,NA,NA,NA,NA,0.00,NA,NA,NA
2025-12-01 17:00:00,100.55,198.02,85.20,139.99,143.78,NA,NA,0.74,8.87,NA,NA,NA,NA,NA,NA,NA,NA,NA,NA,NA,0.00,NA,NA,NA
2025-12-01 18:00:00,112.60,246.65,65.85,148.23,132.38,NA,NA,0.98,8.02,NA,NA,NA,NA,NA,NA,NA,NA,NA,NA,NA,0.00,NA,NA,NA
2025-12-01 19:00:00,85.02,195.05,67.55,155.74,137.77,NA,NA,1.02,5.63,NA,NA,NA,NA,NA,NA,NA,NA,NA,NA,NA,0.00,NA,NA,NA
2025-12-01 20:00:00,82.43,217.88,195.59,165.05,246.90,NA,NA,1.96,5.83,NA,NA,NA,NA,NA,NA,NA,NA,NA,NA,NA,0.00,NA,NA,NA
2025-12-01 21:00:00,91.82,275.10,308.38,157.18,334.32,NA,NA,2.95,5.98,NA,NA,NA,NA,NA,NA,NA,NA,NA,NA,NA,0.00,NA,NA,NA
2025-12-01 22:00:00,151.78,418.42,284.67,145.13,308.70,NA,NA,3.46,8.11,NA,NA,NA,NA,NA,NA,NA,NA,NA,NA,NA,0.00,NA,NA,NA
2025-12-01 23:00:00,173.85,477.15,386.32,140.50,388.84,NA,NA,3.91,5.74,NA,NA,NA,NA,NA,NA,NA,NA,NA,NA,NA,0.00,NA,NA,NA
2025-12-02 00:00:00,142.82,417.42,288.55,142.45,310.36,NA,NA,2.89,4.94,NA,NA,NA,NA,NA,NA,NA,NA,NA,NA,NA,0.00,NA,NA,NA
2025-12-02 01:00:00,136.48,345.70,216.86,143.85,252.79,NA,NA,2.89,6.64,NA,NA,NA,NA,NA,NA,NA,NA,NA,NA,NA,0.00,NA,NA,NA
2025-12-02 02:00:00,200.48,411.40,214.16,150.90,254.42,NA,NA,3.31,11.49,NA,NA,NA,NA,NA,NA,NA,NA,NA,NA,NA,0.00,NA,NA,NA
2025-12-02 03:00:00,201.38,441.58,231.14,136.17,260.34,NA,NA,3.49,11.39,NA,NA,NA,NA,NA,NA,NA,NA,NA,NA,NA,0.00,NA,NA,NA
2025-12-02 04:00:00,192.88,418.15,214.95,132.84,245.40,NA,NA,3.00,11.13,NA,NA,NA,NA,NA,NA,NA,NA,NA,NA,NA,0.00,NA,NA,NA
2025-12-02 05:00:00,159.50,358.32,208.80,125.49,236.50,NA,NA,2.48,6.81,NA,NA,NA,NA,NA,NA,NA,NA,NA,NA,NA,0.00,NA,NA,NA
2025-12-02 06:00:00,154.52,375.18,200.42,110.91,221.94,NA,NA,2.68,8.29,NA,NA,NA,NA,NA,NA,NA,NA,NA,NA,NA,0.00,NA,NA,NA
2025-12-02 07:00:00,216.15,400.58,249.47,109.55,261.12,NA,NA,3.33,7.10,NA,NA,NA,NA,NA,NA,NA,NA,NA,NA,NA,0.00,NA,NA,NA
2025-12-02 08:00:00,228.72,498.85,258.58,141.86,285.65,NA,NA,3.44,6.65,NA,NA,NA,NA,NA,NA,NA,NA,NA,NA,NA,0.00,NA,NA,NA
2025-12-02 09:00:00,175.35,424.72,49.25,117.37,102.40,NA,NA,1.67,19.48,NA,NA,NA,NA,NA,NA,NA,NA,NA,NA,NA,0.00,NA,NA,NA
2025-12-02 10:00:00,139.30,362.02,19.96,81.32,59.47,NA,NA,1.12,47.76,NA,NA,NA,NA,NA,NA,NA,NA,NA,NA,NA,0.00,NA,NA,NA
2025-12-02 11:00:00,122.98,295.15,18.91,65.64,50.29,NA,NA,0.90,68.91,NA,NA,NA,NA,NA,NA,NA,NA,NA,NA,NA,0.00,NA,NA,NA
2025-12-02 12:00:00,112.08,246.62,22.11,65.51,52.83,NA,NA,0.75,75.50,NA,NA,NA,NA,NA,NA,NA,NA,NA,NA,NA,0.00,NA,NA,NA
2025-12-02 13:00:00,142.93,283.02,27.68,74.17,61.94,NA,NA,0.76,79.81,NA,NA,NA,NA,NA,NA,NA,NA,NA,NA,NA,0.00,NA,NA,NA
2025-12-02 14:00:00,151.45,280.32,55.93,69.16,82.27,NA,NA,1.03,81.97,NA,NA,NA,NA,NA,NA,NA,NA,NA,NA,NA,0.00,NA,NA,NA
2025-12-02 15:00:00,183.85,362.12,77.50,101.44,116.97,NA,NA,1.05,92.02,NA,NA,NA,NA,NA,NA,NA,NA,NA,NA,NA,0.00,NA,NA,NA
2025-12-02 16:00:00,214.37,454.37,82.73,96.66,118.67,NA,NA,0.89,76.35,NA,NA,NA,NA,NA,NA,NA,NA,NA,NA,NA,0.00,NA,NA,NA
2025-12-02 17:00:00,97.23,513.53,199.20,65.18,229.81,NA,NA,1.17,14.03,NA,NA,NA,NA,NA,NA,NA,NA,NA,NA,NA,0.00,NA,NA,NA
2025-12-02 18:00:00,NA,348.90,98.57,145.74,157.65,NA,NA,1.88,7.55,NA,NA,NA,NA,NA,NA,NA,NA,NA,NA,NA,0.00,NA,NA,NA
2025-12-02 19:00:00,0.30,127.98,142.77,142.08,191.68,NA,NA,2.43,5.97,NA,NA,NA,NA,NA,NA,NA,NA,NA,NA,NA,0.00,NA,NA,NA
2025-12-02 20:00:00,36.12,238.62,122.31,141.03,174.43,NA,NA,2.73,5.57,NA,NA,NA,NA,NA,NA,NA,NA,NA,NA,NA,0.00,NA,NA,NA
2025-12-02 21:00:00,79.22,314.58,131.09,137.29,179.66,NA,NA,2.94,6.33,NA,NA,NA,NA,NA,NA,NA,NA,NA,NA,NA,0.00,NA,NA,NA
2025-12-02 22:00:00,101.82,320.67,203.13,131.54,235.12,NA,NA,3.58,5.99,NA,NA,NA,NA,NA,NA,NA,NA,NA,NA,NA,0.00,NA,NA,NA
2025-12-02 23:00:00,111.02,329.58,278.23,128.88,294.74,NA,NA,3.55,5.18,NA,NA,NA,NA,NA,NA,NA,NA,NA,NA,NA,0.00,NA,NA,NA
2025-12-03 00:00:00,121.45,424.00,293.41,125.92,305.50,NA,NA,3.68,5.69,NA,NA,NA,NA,NA,NA,NA,NA,NA,NA,NA,0.00,NA,NA,NA
2025-12-03 01:00:00,109.98,361.60,229.07,125.43,252.95,NA,NA,2.98,4.22,NA,NA,NA,NA,NA,NA,NA,NA,NA,NA,NA,0.00,NA,NA,NA
2025-12-03 02:00:00,117.10,364.82,277.91,112.56,285.82,NA,NA,3.17,4.83,NA,NA,NA,NA,NA,NA,NA,NA,NA,NA,NA,0.00,NA,NA,NA
2025-12-03 03:00:00,179.42,372.70,302.48,106.35,302.48,NA,NA,3.03,4.60,NA,NA,NA,NA,NA,NA,NA,NA,NA,NA,NA,0.00,NA,NA,NA
2025-12-03 04:00:00,160.95,380.90,295.78,93.08,290.01,NA,NA,3.02,5.02,NA,NA,NA,NA,NA,NA,NA,NA,NA,NA,NA,0.00,NA,NA,NA
2025-12-03 05:00:00,162.48,398.05,328.47,88.99,314.41,NA,NA,3.27,4.75,NA,NA,NA,NA,NA,NA,NA,NA,NA,NA,NA,0.00,NA,NA,NA
2025-12-03 06:00:00,144.75,362.35,259.42,86.51,256.86,NA,NA,2.77,5.06,NA,NA,NA,NA,NA,NA,NA,NA,NA,NA,NA,0.00,NA,NA,NA
2025-12-03 07:00:00,135.43,348.12,182.88,87.63,195.28,NA,NA,2.26,4.79,NA,NA,NA,NA,NA,NA,NA,NA,NA,NA,NA,0.00,NA,NA,NA
2025-12-03 08:00:00,128.15,328.72,83.17,93.54,117.36,NA,NA,1.62,6.17,NA,NA,NA,NA,NA,NA,NA,NA,NA,NA,NA,0.00,NA,NA,NA
2025-12-03 09:00:00,128.85,292.73,45.65,104.05,92.47,NA,NA,1.52,10.88,NA,NA,NA,NA,NA,NA,NA,NA,NA,NA,NA,0.00,NA,NA,NA
2025-12-03 10:00:00,167.40,364.12,18.94,108.85,73.28,NA,NA,1.31,28.23,NA,NA,NA,NA,NA,NA,NA,NA,NA,NA,NA,0.00,NA,NA,NA
2025-12-03 11:00:00,154.95,354.70,2.36,76.34,42.52,NA,NA,0.84,41.77,NA,NA,NA,NA,NA,NA,NA,NA,NA,NA,NA,0.00,NA,NA,NA
2025-12-03 12:00:00,143.10,303.92,1.43,64.43,35.44,NA,NA,0.70,66.94,NA,NA,NA,NA,NA,NA,NA,NA,NA,NA,NA,0.00,NA,NA,NA
2025-12-03 13:00:00,125.02,261.60,1.30,54.67,30.14,NA,NA,0.49,67.87,NA,NA,NA,NA,NA,NA,NA,NA,NA,NA,NA,0.00,NA,NA,NA
2025-12-03 14:00:00,61.42,174.60,1.26,45.27,25.10,NA,NA,0.35,62.28,NA,NA,NA,NA,NA,NA,NA,NA,NA,NA,NA,0.00,NA,NA,NA
2025-12-03 15:00:00,33.67,132.48,1.44,41.46,23.22,NA,NA,0.28,59.91,NA,NA,NA,NA,NA,NA,NA,NA,NA,NA,NA,0.00,NA,NA,NA
2025-12-03 16:00:00,29.87,102.68,1.70,57.50,31.97,NA,NA,0.34,44.81,NA,NA,NA,NA,NA,NA,NA,NA,NA,NA,NA,0.00,NA,NA,NA
2025-12-03 17:00:00,7.30,145.32,3.36,91.38,51.34,NA,NA,0.52,20.32,NA,NA,NA,NA,NA,NA,NA,NA,NA,NA,NA,0.00,NA,NA,NA
2025-12-03 18:00:00,64.58,186.75,55.72,113.37,105.64,NA,NA,0.98,6.20,NA,NA,NA,NA,NA,NA,NA,NA,NA,NA,NA,0.00,NA,NA,NA
2025-12-03 19:00:00,86.90,222.40,53.49,111.74,102.89,NA,NA,1.11,6.24,NA,NA,NA,NA,NA,NA,NA,NA,NA,NA,NA,0.00,NA,NA,NA
2025-12-03 20:00:00,117.50,251.18,36.98,103.74,85.25,NA,NA,1.24,6.72,NA,NA,NA,NA,NA,NA,NA,NA,NA,NA,NA,0.00,NA,NA,NA
2025-12-03 21:00:00,132.25,294.40,213.71,100.16,227.10,NA,NA,2.35,6.33,NA,NA,NA,NA,NA,NA,NA,NA,NA,NA,NA,0.00,NA,NA,NA
2025-12-03 22:00:00,144.05,378.20,226.66,103.48,239.26,NA,NA,2.48,6.89,NA,NA,NA,NA,NA,NA,NA,NA,NA,NA,NA,0.00,NA,NA,NA
2025-12-03 23:00:00,148.05,364.32,178.37,102.29,199.38,NA,NA,2.28,7.01,NA,NA,NA,NA,NA,NA,NA,NA,NA,NA,NA,0.00,NA,NA,NA
2025-12-04 00:00:00,130.68,317.77,117.04,98.08,147.32,NA,NA,1.77,5.97,NA,NA,NA,NA,NA,NA,NA,NA,NA,NA,NA,0.00,NA,NA,NA
2025-12-04 01:00:00,127.00,336.95,170.84,89.92,186.76,NA,NA,2.04,5.12,NA,NA,NA,NA,NA,NA,NA,NA,NA,NA,NA,0.00,NA,NA,NA
2025-12-04 02:00:00,160.98,324.50,116.86,86.79,141.14,NA,NA,1.56,5.11,NA,NA,NA,NA,NA,NA,NA,NA,NA,NA,NA,0.00,NA,NA,NA
2025-12-04 03:00:00,154.02,315.00,83.91,83.70,112.72,NA,NA,1.34,4.86,NA,NA,NA,NA,NA,NA,NA,NA,NA,NA,NA,0.00,NA,NA,NA
2025-12-04 04:00:00,142.62,311.32,44.82,81.18,79.61,NA,NA,1.13,4.48,NA,NA,NA,NA,NA,NA,NA,NA,NA,NA,NA,0.00,NA,NA,NA
2025-12-04 05:00:00,125.55,263.30,38.44,74.70,70.98,NA,NA,0.99,4.33,NA,NA,NA,NA,NA,NA,NA,NA,NA,NA,NA,0.00,NA,NA,NA
2025-12-04 06:00:00,121.10,250.32,46.92,66.11,73.30,NA,NA,0.94,4.29,NA,NA,NA,NA,NA,NA,NA,NA,NA,NA,NA,0.00,NA,NA,NA
2025-12-04 07:00:00,119.42,264.75,40.17,61.80,65.54,NA,NA,0.98,6.12,NA,NA,NA,NA,NA,NA,NA,NA,NA,NA,NA,0.00,NA,NA,NA
2025-12-04 08:00:00,115.52,275.73,44.81,67.69,72.39,NA,NA,0.98,8.24,NA,NA,NA,NA,NA,NA,NA,NA,NA,NA,NA,0.00,NA,NA,NA
2025-12-04 09:00:00,135.48,278.25,23.34,72.50,57.53,NA,NA,1.08,17.87,NA,NA,NA,NA,NA,NA,NA,NA,NA,NA,NA,0.00,NA,NA,NA
2025-12-04 10:00:00,163.67,310.35,14.97,77.78,53.54,NA,NA,1.06,33.47,NA,NA,NA,NA,NA,NA,NA,NA,NA,NA,NA,0.00,NA,NA,NA
2025-12-04 11:00:00,160.88,358.55,11.24,70.80,46.78,NA,NA,0.98,47.95,NA,NA,NA,NA,NA,NA,NA,NA,NA,NA,NA,0.00,NA,NA,NA
2025-12-04 12:00:00,127.62,281.10,6.57,55.01,34.60,NA,NA,0.77,62.65,NA,NA,NA,NA,NA,NA,NA,NA,NA,NA,NA,0.00,NA,NA,NA
2025-12-04 13:00:00,96.62,207.32,4.20,46.71,28.26,NA,NA,0.59,68.56,NA,NA,NA,NA,NA,NA,NA,NA,NA,NA,NA,0.00,NA,NA,NA
2025-12-04 14:00:00,80.08,179.95,3.13,47.74,27.94,NA,NA,0.51,67.95,NA,NA,NA,NA,NA,NA,NA,NA,NA,NA,NA,0.00,NA,NA,NA
2025-12-04 15:00:00,72.75,182.65,2.37,42.29,24.42,NA,NA,0.44,64.68,NA,NA,NA,NA,NA,NA,NA,NA,NA,NA,NA,0.00,NA,NA,NA
2025-12-04 16:00:00,61.75,151.18,2.25,46.89,26.78,NA,NA,0.47,54.24,NA,NA,NA,NA,NA,NA,NA,NA,NA,NA,NA,0.00,NA,NA,NA
2025-12-04 17:00:00,62.10,153.55,1.83,57.50,32.07,NA,NA,0.56,42.72,NA,NA,NA,NA,NA,NA,NA,NA,NA,NA,NA,0.00,NA,NA,NA
2025-12-04 18:00:00,86.92,184.38,11.80,88.06,56.46,NA,NA,0.78,17.11,NA,NA,NA,NA,NA,NA,NA,NA,NA,NA,NA,0.00,NA,NA,NA
2025-12-04 19:00:00,104.98,225.80,26.51,107.66,78.83,NA,NA,1.01,6.10,NA,NA,NA,NA,NA,NA,NA,NA,NA,NA,NA,0.00,NA,NA,NA
2025-12-04 20:00:00,110.10,263.10,66.15,110.46,112.54,NA,NA,1.30,5.31,NA,NA,NA,NA,NA,NA,NA,NA,NA,NA,NA,0.00,NA,NA,NA
2025-12-04 21:00:00,127.80,300.70,232.60,111.56,248.52,NA,NA,2.34,6.24,NA,NA,NA,NA,NA,NA,NA,NA,NA,NA,NA,0.00,NA,NA,NA
2025-12-04 22:00:00,144.80,410.75,334.98,111.28,331.50,NA,NA,3.04,6.71,NA,NA,NA,NA,NA,NA,NA,NA,NA,NA,NA,0.00,NA,NA,NA
2025-12-04 23:00:00,135.28,379.38,389.77,110.51,375.69,NA,NA,3.37,5.81,NA,NA,NA,NA,NA,NA,NA,NA,NA,NA,NA,0.00,NA,NA,NA
2025-12-05 00:00:00,139.38,387.98,427.01,109.00,405.07,NA,NA,3.55,6.03,NA,NA,NA,NA,NA,NA,NA,NA,NA,NA,NA,0.00,NA,NA,NA
2025-12-05 01:00:00,156.58,383.80,227.33,102.76,239.45,NA,NA,2.31,5.96,NA,NA,NA,NA,NA,NA,NA,NA,NA,NA,NA,0.00,NA,NA,NA
2025-12-05 02:00:00,167.58,350.35,161.35,92.98,180.63,NA,NA,2.04,5.71,NA,NA,NA,NA,NA,NA,NA,NA,NA,NA,NA,0.00,NA,NA,NA
2025-12-05 03:00:00,157.22,368.42,177.29,89.04,191.52,NA,NA,2.07,4.82,NA,NA,NA,NA,NA,NA,NA,NA,NA,NA,NA,0.00,NA,NA,NA
2025-12-05 04:00:00,145.40,334.65,210.85,90.47,219.50,NA,NA,2.29,4.76,NA,NA,NA,NA,NA,NA,NA,NA,NA,NA,NA,0.00,NA,NA,NA
2025-12-05 05:00:00,117.10,256.12,105.62,93.64,135.68,NA,NA,1.49,4.21,NA,NA,NA,NA,NA,NA,NA,NA,NA,NA,NA,0.00,NA,NA,NA
2025-12-05 06:00:00,109.20,264.05,99.43,84.93,126.00,NA,NA,1.33,3.66,NA,NA,NA,NA,NA,NA,NA,NA,NA,NA,NA,0.00,NA,NA,NA
2025-12-05 07:00:00,104.35,246.95,93.45,90.15,123.94,NA,NA,1.34,4.58,NA,NA,NA,NA,NA,NA,NA,NA,NA,NA,NA,0.00,NA,NA,NA
2025-12-05 08:00:00,110.32,266.95,83.79,100.97,121.81,NA,NA,1.38,6.98,NA,NA,NA,NA,NA,NA,NA,NA,NA,NA,NA,0.00,NA,NA,NA
2025-12-05 09:00:00,146.02,298.92,40.27,95.76,83.66,NA,NA,1.18,16.75,NA,NA,NA,NA,NA,NA,NA,NA,NA,NA,NA,0.00,NA,NA,NA
2025-12-05 10:00:00,126.78,288.45,27.55,82.18,66.12,NA,NA,0.97,32.55,NA,NA,NA,NA,NA,NA,NA,NA,NA,NA,NA,0.00,NA,NA,NA
2025-12-05 11:00:00,115.07,244.35,19.95,79.90,58.71,NA,NA,0.88,45.26,NA,NA,NA,NA,NA,NA,NA,NA,NA,NA,NA,0.00,NA,NA,NA
2025-12-05 12:00:00,87.68,208.48,13.78,60.52,43.38,NA,NA,0.68,58.68,NA,NA,NA,NA,NA,NA,NA,NA,NA,NA,NA,0.00,NA,NA,NA
2025-12-05 13:00:00,84.62,174.38,9.58,49.52,34.12,NA,NA,0.57,72.25,NA,NA,NA,NA,NA,NA,NA,NA,NA,NA,NA,0.00,NA,NA,NA
2025-12-05 14:00:00,83.75,214.95,7.23,54.03,34.62,NA,NA,0.68,82.73,NA,NA,NA,NA,NA,NA,NA,NA,NA,NA,NA,0.00,NA,NA,NA
2025-12-05 15:00:00,93.68,231.18,5.29,55.37,33.75,NA,NA,0.60,75.76,NA,NA,NA,NA,NA,NA,NA,NA,NA,NA,NA,0.00,NA,NA,NA
2025-12-05 16:00:00,69.25,178.08,5.26,69.01,40.99,NA,NA,0.67,53.93,NA,NA,NA,NA,NA,NA,NA,NA,NA,NA,NA,0.00,NA,NA,NA
2025-12-05 17:00:00,79.65,191.90,6.21,102.88,59.78,NA,NA,0.80,25.69,NA,NA,NA,NA,NA,NA,NA,NA,NA,NA,NA,0.00,NA,NA,NA
2025-12-05 18:00:00,99.22,258.65,61.69,128.71,118.65,NA,NA,1.39,4.84,NA,NA,NA,NA,NA,NA,NA,NA,NA,NA,NA,0.00,NA,NA,NA
2025-12-05 19:00:00,121.10,296.75,81.56,125.11,132.83,NA,NA,1.72,7.23,NA,NA,NA,NA,NA,NA,NA,NA,NA,NA,NA,0.00,NA,NA,NA
2025-12-05 20:00:00,138.62,291.62,45.37,113.88,97.46,NA,NA,1.45,6.50,NA,NA,NA,NA,NA,NA,NA,NA,NA,NA,NA,0.00,NA,NA,NA
2025-12-05 21:00:00,134.45,312.98,77.00,107.17,119.63,NA,NA,1.63,5.91,NA,NA,NA,NA,NA,NA,NA,NA,NA,NA,NA,0.00,NA,NA,NA
2025-12-05 22:00:00,137.48,323.25,96.74,105.43,134.71,NA,NA,1.89,5.43,NA,NA,NA,NA,NA,NA,NA,NA,NA,NA,NA,0.00,NA,NA,NA
2025-12-05 23:00:00,127.02,273.90,55.02,97.86,96.78,NA,NA,1.41,4.75,NA,NA,NA,NA,NA,NA,NA,NA,NA,NA,NA,0.00,NA,NA,NA
2025-12-06 00:00:00,116.30,277.73,65.99,95.49,104.47,NA,NA,1.36,4.34,NA,NA,NA,NA,NA,NA,NA,NA,NA,NA,NA,0.00,NA,NA,NA
2025-12-06 01:00:00,122.88,306.73,127.86,92.46,153.09,NA,NA,1.74,4.69,NA,NA,NA,NA,NA,NA,NA,NA,NA,NA,NA,0.00,NA,NA,NA
2025-12-06 02:00:00,145.80,285.25,49.56,88.26,87.23,NA,NA,1.19,4.77,NA,NA,NA,NA,NA,NA,NA,NA,NA,NA,NA,0.00,NA,NA,NA
2025-12-06 03:00:00,131.02,245.25,21.16,80.01,59.76,NA,NA,0.96,5.16,NA,NA,NA,NA,NA,NA,NA,NA,NA,NA,NA,0.00,NA,NA,NA
2025-12-06 04:00:00,120.95,248.20,18.05,78.56,56.46,NA,NA,0.98,5.92,NA,NA,NA,NA,NA,NA,NA,NA,NA,NA,NA,0.00,NA,NA,NA
2025-12-06 05:00:00,116.48,259.55,27.83,72.56,61.24,NA,NA,1.02,5.97,NA,NA,NA,NA,NA,NA,NA,NA,NA,NA,NA,0.00,NA,NA,NA
2025-12-06 06:00:00,110.72,247.32,56.91,74.34,85.80,NA,NA,1.18,4.61,NA,NA,NA,NA,NA,NA,NA,NA,NA,NA,NA,0.00,NA,NA,NA
2025-12-06 07:00:00,108.98,237.75,22.65,62.17,51.47,NA,NA,0.89,7.24,NA,NA,NA,NA,NA,NA,NA,NA,NA,NA,NA,0.00,NA,NA,NA
2025-12-06 08:00:00,100.80,261.00,19.86,63.59,49.98,NA,NA,0.94,11.80,NA,NA,NA,NA,NA,NA,NA,NA,NA,NA,NA,0.00,NA,NA,NA
2025-12-06 09:00:00,75.40,270.62,13.16,54.88,39.89,NA,NA,0.84,26.66,NA,NA,NA,NA,NA,NA,NA,NA,NA,NA,NA,0.00,NA,NA,NA
2025-12-06 10:00:00,115.15,255.50,8.50,52.95,35.07,NA,NA,0.79,38.33,NA,NA,NA,NA,NA,NA,NA,NA,NA,NA,NA,0.00,NA,NA,NA
2025-12-06 11:00:00,122.02,229.45,6.41,52.19,32.97,NA,NA,0.71,48.36,NA,NA,NA,NA,NA,NA,NA,NA,NA,NA,NA,0.00,NA,NA,NA
2025-12-06 12:00:00,99.25,219.88,4.30,43.71,26.75,NA,NA,0.48,59.52,NA,NA,NA,NA,NA,NA,NA,NA,NA,NA,NA,0.00,NA,NA,NA
2025-12-06 13:00:00,80.08,179.82,2.88,38.16,22.64,NA,NA,0.45,64.40,NA,NA,NA,NA,NA,NA,NA,NA,NA,NA,NA,0.00,NA,NA,NA
2025-12-06 14:00:00,65.45,155.02,1.96,42.37,24.13,NA,NA,0.46,64.02,NA,NA,NA,NA,NA,NA,NA,NA,NA,NA,NA,0.00,NA,NA,NA
2025-12-06 15:00:00,70.82,162.10,3.32,36.29,22.01,NA,NA,0.40,68.51,NA,NA,NA,NA,NA,NA,NA,NA,NA,NA,NA,0.00,NA,NA,NA
2025-12-06 16:00:00,92.45,188.30,6.97,46.54,30.43,NA,NA,0.70,55.19,NA,NA,NA,NA,NA,NA,NA,NA,NA,NA,NA,0.00,NA,NA,NA
2025-12-06 17:00:00,89.20,207.95,9.00,52.70,35.34,NA,NA,0.33,47.58,NA,NA,NA,NA,NA,NA,NA,NA,NA,NA,NA,0.00,NA,NA,NA
2025-12-06 18:00:00,97.08,197.88,9.20,85.29,52.85,NA,NA,0.46,25.14,NA,NA,NA,NA,NA,NA,NA,NA,NA,NA,NA,0.00,NA,NA,NA
2025-12-06 19:00:00,87.62,184.32,3.66,72.18,41.37,NA,NA,0.67,29.83,NA,NA,NA,NA,NA,NA,NA,NA,NA,NA,NA,0.00,NA,NA,NA
2025-12-06 20:00:00,90.12,205.48,6.49,94.07,55.32,NA,NA,0.84,14.35,NA,NA,NA,NA,NA,NA,NA,NA,NA,NA,NA,0.00,NA,NA,NA
2025-12-06 21:00:00,101.02,230.77,6.19,91.79,53.86,NA,NA,0.88,13.10,NA,NA,NA,NA,NA,NA,NA,NA,NA,NA,NA,0.00,NA,NA,NA
2025-12-06 22:00:00,102.72,243.25,15.13,99.80,65.40,NA,NA,1.04,7.18,NA,NA,NA,NA,NA,NA,NA,NA,NA,NA,NA,0.00,NA,NA,NA
2025-12-06 23:00:00,109.68,276.65,12.04,93.60,59.56,NA,NA,0.92,8.90,NA,NA,NA,NA,NA,NA,NA,NA,NA,NA,NA,0.00,NA,NA,NA
2025-12-07 00:00:00,111.88,249.40,19.17,88.51,62.66,NA,NA,0.92,6.10,NA,NA,NA,NA,NA,NA,NA,NA,NA,NA,NA,0.00,NA,NA,NA
2025-12-07 01:00:00,102.58,237.90,40.82,82.81,77.25,NA,NA,0.95,4.94,NA,NA,NA,NA,NA,NA,NA,NA,NA,NA,NA,0.00,NA,NA,NA
2025-12-07 02:00:00,101.25,265.00,33.01,78.77,68.73,NA,NA,0.90,5.17,NA,NA,NA,NA,NA,NA,NA,NA,NA,NA,NA,0.00,NA,NA,NA
2025-12-07 03:00:00,106.42,246.15,15.79,74.12,52.27,NA,NA,0.80,6.62,NA,NA,NA,NA,NA,NA,NA,NA,NA,NA,NA,0.00,NA,NA,NA
2025-12-07 04:00:00,134.05,241.50,16.57,72.88,52.24,NA,NA,0.81,6.61,NA,NA,NA,NA,NA,NA,NA,NA,NA,NA,NA,0.00,NA,NA,NA
2025-12-07 05:00:00,108.90,209.92,12.17,63.35,43.59,NA,NA,0.72,8.09,NA,NA,NA,NA,NA,NA,NA,NA,NA,NA,NA,0.00,NA,NA,NA
2025-12-07 06:00:00,99.70,206.60,11.71,59.55,41.20,NA,NA,0.66,11.21,NA,NA,NA,NA,NA,NA,NA,NA,NA,NA,NA,0.00,NA,NA,NA
2025-12-07 07:00:00,88.50,217.92,11.67,52.68,37.51,NA,NA,0.67,14.52,NA,NA,NA,NA,NA,NA,NA,NA,NA,NA,NA,0.00,NA,NA,NA
2025-12-07 08:00:00,88.75,221.42,15.28,59.30,43.96,NA,NA,0.72,18.58,NA,NA,NA,NA,NA,NA,NA,NA,NA,NA,NA,0.00,NA,NA,NA
2025-12-07 09:00:00,84.25,223.65,9.11,55.75,37.06,NA,NA,0.68,29.12,NA,NA,NA,NA,NA,NA,NA,NA,NA,NA,NA,0.00,NA,NA,NA
2025-12-07 10:00:00,89.88,219.62,5.87,52.78,32.84,NA,NA,0.70,39.69,NA,NA,NA,NA,NA,NA,NA,NA,NA,NA,NA,0.00,NA,NA,NA
2025-12-07 11:00:00,98.08,241.68,3.05,46.78,27.36,NA,NA,0.59,50.35,NA,NA,NA,NA,NA,NA,NA,NA,NA,NA,NA,0.00,NA,NA,NA
2025-12-07 12:00:00,97.40,243.92,2.79,48.16,27.88,NA,NA,0.60,58.91,NA,NA,NA,NA,NA,NA,NA,NA,NA,NA,NA,0.00,NA,NA,NA
2025-12-07 13:00:00,107.65,213.12,1.16,41.69,23.12,NA,NA,0.54,68.74,NA,NA,NA,NA,NA,NA,NA,NA,NA,NA,NA,0.00,NA,NA,NA
2025-12-07 14:00:00,94.40,183.10,0.99,38.91,21.50,NA,NA,0.48,70.32,NA,NA,NA,NA,NA,NA,NA,NA,NA,NA,NA,0.00,NA,NA,NA
2025-12-07 15:00:00,78.75,162.48,0.55,34.50,18.80,NA,NA,0.43,67.69,NA,NA,NA,NA,NA,NA,NA,NA,NA,NA,NA,0.00,NA,NA,NA
2025-12-07 16:00:00,74.82,178.18,0.87,55.67,30.32,NA,NA,0.54,49.81,NA,NA,NA,NA,NA,NA,NA,NA,NA,NA,NA,0.00,NA,NA,NA
2025-12-07 17:00:00,70.50,189.75,1.05,60.12,32.84,NA,NA,0.63,37.28,NA,NA,NA,NA,NA,NA,NA,NA,NA,NA,NA,0.00,NA,NA,NA
2025-12-07 18:00:00,95.20,216.98,1.25,63.13,34.60,NA,NA,0.76,30.42,NA,NA,NA,NA,NA,NA,NA,NA,NA,NA,NA,0.00,NA,NA,NA
2025-12-07 19:00:00,102.52,231.95,6.38,89.05,52.56,NA,NA,0.95,11.91,NA,NA,NA,NA,NA,NA,NA,NA,NA,NA,NA,0.00,NA,NA,NA
2025-12-07 20:00:00,114.58,242.70,2.57,77.30,43.21,NA,NA,0.99,19.46,NA,NA,NA,NA,NA,NA,NA,NA,NA,NA,NA,0.00,NA,NA,NA
2025-12-07 21:00:00,114.88,248.52,18.93,94.99,65.91,NA,NA,1.01,7.74,NA,NA,NA,NA,NA,NA,NA,NA,NA,NA,NA,0.00,NA,NA,NA
2025-12-07 22:00:00,114.62,270.23,21.12,88.58,64.30,NA,NA,1.05,6.54,NA,NA,NA,NA,NA,NA,NA,NA,NA,NA,NA,0.00,NA,NA,NA
2025-12-07 23:00:00,96.30,242.05,38.38,92.13,80.23,NA,NA,1.17,5.00,NA,NA,NA,NA,NA,NA,NA,NA,NA,NA,NA,0.00,NA,NA,NA
2025-12-08 00:00:00,112.05,246.90,51.77,91.26,90.64,NA,NA,1.16,4.99,NA,NA,NA,NA,NA,NA,NA,NA,NA,NA,NA,0.00,NA,NA,NA
2025-12-08 01:00:00,97.10,230.00,29.10,87.11,69.98,NA,NA,0.99,4.74,NA,NA,NA,NA,NA,NA,NA,NA,NA,NA,NA,0.00,NA,NA,NA
2025-12-08 02:00:00,93.68,233.95,13.98,84.25,56.18,NA,NA,0.98,7.28,NA,NA,NA,NA,NA,NA,NA,NA,NA,NA,NA,0.00,NA,NA,NA
2025-12-08 03:00:00,112.12,234.38,31.96,80.58,68.84,NA,NA,0.95,4.04,NA,NA,NA,NA,NA,NA,NA,NA,NA,NA,NA,0.00,NA,NA,NA
2025-12-08 04:00:00,117.05,218.12,27.40,76.33,62.87,NA,NA,0.88,5.11,NA,NA,NA,NA,NA,NA,NA,NA,NA,NA,NA,0.00,NA,NA,NA
2025-12-08 05:00:00,111.32,220.15,13.41,70.43,48.36,NA,NA,0.73,7.62,NA,NA,NA,NA,NA,NA,NA,NA,NA,NA,NA,0.00,NA,NA,NA
2025-12-08 06:00:00,108.22,231.10,12.36,66.61,45.48,NA,NA,0.75,6.92,NA,NA,NA,NA,NA,NA,NA,NA,NA,NA,NA,0.00,NA,NA,NA
2025-12-08 07:00:00,101.08,231.35,8.67,56.04,36.86,NA,NA,0.77,9.08,NA,NA,NA,NA,NA,NA,NA,NA,NA,NA,NA,0.00,NA,NA,NA
2025-12-08 08:00:00,103.45,245.85,18.27,61.33,47.48,NA,NA,0.92,12.14,NA,NA,NA,NA,NA,NA,NA,NA,NA,NA,NA,0.00,NA,NA,NA
2025-12-08 09:00:00,103.30,239.05,10.89,59.32,40.41,NA,NA,0.91,22.38,NA,NA,NA,NA,NA,NA,NA,NA,NA,NA,NA,0.00,NA,NA,NA
2025-12-08 10:00:00,133.40,309.92,5.92,58.28,35.80,NA,NA,0.91,36.56,NA,NA,NA,NA,NA,NA,NA,NA,NA,NA,NA,0.00,NA,NA,NA
2025-12-08 11:00:00,130.62,308.85,3.45,54.48,31.78,NA,NA,0.96,55.41,NA,NA,NA,NA,NA,NA,NA,NA,NA,NA,NA,0.00,NA,NA,NA
2025-12-08 12:00:00,152.85,283.32,2.21,51.09,28.98,NA,NA,0.82,66.52,NA,NA,NA,NA,NA,NA,NA,NA,NA,NA,NA,0.00,NA,NA,NA
2025-12-08 13:00:00,136.62,279.15,1.50,47.48,26.48,NA,NA,0.75,77.24,NA,NA,NA,NA,NA,NA,NA,NA,NA,NA,NA,0.00,NA,NA,NA
2025-12-08 14:00:00,97.62,230.48,1.21,50.23,27.70,NA,NA,0.56,64.19,NA,NA,NA,NA,NA,NA,NA,NA,NA,NA,NA,0.00,NA,NA,NA
2025-12-08 15:00:00,67.82,179.58,1.00,51.77,28.36,NA,NA,0.51,56.64,NA,NA,NA,NA,NA,NA,NA,NA,NA,NA,NA,0.00,NA,NA,NA
2025-12-08 16:00:00,65.27,167.05,1.33,66.95,36.70,NA,NA,0.61,42.88,NA,NA,NA,NA,NA,NA,NA,NA,NA,NA,NA,0.00,NA,NA,NA
2025-12-08 17:00:00,59.00,175.08,2.93,85.75,47.99,NA,NA,0.74,21.42,NA,NA,NA,NA,NA,NA,NA,NA,NA,NA,NA,0.00,NA,NA,NA
2025-12-08 18:00:00,79.53,203.80,2.45,79.93,44.52,NA,NA,0.74,19.70,NA,NA,NA,NA,NA,NA,NA,NA,NA,NA,NA,0.00,NA,NA,NA
2025-12-08 19:00:00,101.12,222.20,3.52,88.68,50.05,NA,NA,0.81,17.10,NA,NA,NA,NA,NA,NA,NA,NA,NA,NA,NA,0.00,NA,NA,NA
2025-12-08 20:00:00,114.40,240.82,33.09,97.80,78.92,NA,NA,1.08,13.67,NA,NA,NA,NA,NA,NA,NA,NA,NA,NA,NA,0.00,NA,NA,NA
2025-12-08 21:00:00,116.78,251.25,5.03,85.10,49.35,NA,NA,0.92,19.20,NA,NA,NA,NA,NA,NA,NA,NA,NA,NA,NA,0.00,NA,NA,NA
2025-12-08 22:00:00,110.95,252.88,3.99,79.40,45.48,NA,NA,0.90,19.48,NA,NA,NA,NA,NA,NA,NA,NA,NA,NA,NA,0.00,NA,NA,NA
2025-12-08 23:00:00,105.48,240.60,9.66,88.67,55.02,NA,NA,0.92,12.39,NA,NA,NA,NA,NA,NA,NA,NA,NA,NA,NA,0.00,NA,NA,NA
2025-12-09 00:00:00,89.78,241.98,13.99,87.05,57.68,NA,NA,0.87,8.37,NA,NA,NA,NA,NA,NA,NA,NA,NA,NA,NA,0.00,NA,NA,NA
2025-12-09 01:00:00,93.28,218.18,37.95,87.84,77.56,NA,NA,0.97,4.99,NA,NA,NA,NA,NA,NA,NA,NA,NA,NA,NA,0.00,NA,NA,NA
2025-12-09 02:00:00,89.00,227.48,18.00,83.84,59.22,NA,NA,0.79,6.74,NA,NA,NA,NA,NA,NA,NA,NA,NA,NA,NA,0.00,NA,NA,NA
2025-12-09 03:00:00,81.72,216.58,7.40,71.14,43.86,NA,NA,0.74,11.36,NA,NA,NA,NA,NA,NA,NA,NA,NA,NA,NA,0.00,NA,NA,NA
2025-12-09 04:00:00,105.15,213.80,13.51,72.42,49.50,NA,NA,0.77,10.12,NA,NA,NA,NA,NA,NA,NA,NA,NA,NA,NA,0.00,NA,NA,NA
2025-12-09 05:00:00,100.45,196.35,8.64,71.05,44.82,NA,NA,0.77,11.48,NA,NA,NA,NA,NA,NA,NA,NA,NA,NA,NA,0.00,NA,NA,NA
2025-12-09 06:00:00,94.75,192.78,16.09,71.08,50.90,NA,NA,0.84,9.71,NA,NA,NA,NA,NA,NA,NA,NA,NA,NA,NA,0.00,NA,NA,NA
2025-12-09 07:00:00,92.35,223.77,26.44,70.63,59.06,NA,NA,0.92,11.45,NA,NA,NA,NA,NA,NA,NA,NA,NA,NA,NA,0.00,NA,NA,NA
2025-12-09 08:00:00,93.25,239.80,20.23,65.04,51.06,NA,NA,0.86,16.52,NA,NA,NA,NA,NA,NA,NA,NA,NA,NA,NA,0.00,NA,NA,NA
2025-12-09 09:00:00,76.10,209.50,12.12,59.67,41.60,NA,NA,0.84,26.47,NA,NA,NA,NA,NA,NA,NA,NA,NA,NA,NA,0.00,NA,NA,NA
2025-12-09 10:00:00,90.92,219.35,8.47,55.76,36.54,NA,NA,0.74,35.72,NA,NA,NA,NA,NA,NA,NA,NA,NA,NA,NA,0.00,NA,NA,NA
2025-12-09 11:00:00,85.90,228.25,3.93,42.39,25.75,NA,NA,0.68,52.19,NA,NA,NA,NA,NA,NA,NA,NA,NA,NA,NA,0.00,NA,NA,NA
2025-12-09 12:00:00,87.48,229.60,2.39,36.33,21.27,NA,NA,0.56,60.54,NA,NA,NA,NA,NA,NA,NA,NA,NA,NA,NA,0.00,NA,NA,NA
2025-12-09 13:00:00,76.25,170.92,1.76,40.51,22.98,NA,NA,0.52,57.83,NA,NA,NA,NA,NA,NA,NA,NA,NA,NA,NA,0.00,NA,NA,NA
2025-12-09 14:00:00,61.08,152.38,1.52,39.78,22.39,NA,NA,0.42,58.02,NA,NA,NA,NA,NA,NA,NA,NA,NA,NA,NA,0.00,NA,NA,NA
2025-12-09 15:00:00,65.72,146.22,1.71,37.54,21.36,NA,NA,0.45,56.32,NA,NA,NA,NA,NA,NA,NA,NA,NA,NA,NA,0.00,NA,NA,NA
2025-12-09 16:00:00,48.85,136.68,1.43,58.94,32.52,NA,NA,0.46,40.19,NA,NA,NA,NA,NA,NA,NA,NA,NA,NA,NA,0.00,NA,NA,NA
2025-12-09 17:00:00,59.88,158.85,1.42,64.69,35.56,NA,NA,0.72,31.79,NA,NA,NA,NA,NA,NA,NA,NA,NA,NA,NA,0.00,NA,NA,NA
2025-12-09 18:00:00,79.40,166.32,3.13,82.12,46.22,NA,NA,0.71,18.80,NA,NA,NA,NA,NA,NA,NA,NA,NA,NA,NA,0.00,NA,NA,NA
2025-12-09 19:00:00,89.68,194.38,4.30,85.72,49.09,NA,NA,0.84,15.86,NA,NA,NA,NA,NA,NA,NA,NA,NA,NA,NA,0.00,NA,NA,NA
2025-12-09 20:00:00,84.20,184.42,5.34,86.25,50.21,NA,NA,0.80,12.78,NA,NA,NA,NA,NA,NA,NA,NA,NA,NA,NA,0.00,NA,NA,NA
2025-12-09 21:00:00,92.15,203.82,4.89,87.52,50.52,NA,NA,0.93,11.60,NA,NA,NA,NA,NA,NA,NA,NA,NA,NA,NA,0.00,NA,NA,NA
2025-12-09 22:00:00,85.30,199.50,7.78,88.22,53.26,NA,NA,0.91,10.05,NA,NA,NA,NA,NA,NA,NA,NA,NA,NA,NA,0.00,NA,NA,NA
2025-12-09 23:00:00,85.00,207.92,6.04,76.29,45.49,NA,NA,0.82,10.99,NA,NA,NA,NA,NA,NA,NA,NA,NA,NA,NA,0.00,NA,NA,NA
2025-12-10 00:00:00,78.95,187.90,10.55,78.49,50.33,NA,NA,0.81,6.94,NA,NA,NA,NA,NA,NA,NA,NA,NA,NA,NA,0.00,NA,NA,NA
2025-12-10 01:00:00,82.52,181.95,23.14,80.32,61.54,NA,NA,0.82,7.35,NA,NA,NA,NA,NA,NA,NA,NA,NA,NA,NA,0.00,NA,NA,NA
2025-12-10 02:00:00,89.25,188.48,14.32,80.09,54.21,NA,NA,0.75,7.24,NA,NA,NA,NA,NA,NA,NA,NA,NA,NA,NA,0.00,NA,NA,NA
2025-12-10 03:00:00,89.50,184.65,34.06,73.26,66.68,NA,NA,0.80,6.03,NA,NA,NA,NA,NA,NA,NA,NA,NA,NA,NA,0.00,NA,NA,NA
2025-12-10 04:00:00,72.58,203.55,33.90,69.68,64.60,NA,NA,0.76,5.68,NA,NA,NA,NA,NA,NA,NA,NA,NA,NA,NA,0.00,NA,NA,NA
2025-12-10 05:00:00,79.03,187.10,11.74,59.82,41.36,NA,NA,0.63,9.05,NA,NA,NA,NA,NA,NA,NA,NA,NA,NA,NA,0.00,NA,NA,NA
2025-12-10 06:00:00,84.65,185.20,33.46,69.27,64.06,NA,NA,0.69,6.80,NA,NA,NA,NA,NA,NA,NA,NA,NA,NA,NA,0.00,NA,NA,NA
2025-12-10 07:00:00,88.95,180.50,21.75,68.55,54.14,NA,NA,0.75,10.16,NA,NA,NA,NA,NA,NA,NA,NA,NA,NA,NA,0.00,NA,NA,NA
2025-12-10 08:00:00,73.68,170.28,27.45,71.54,60.35,NA,NA,0.74,15.10,NA,NA,NA,NA,NA,NA,NA,NA,NA,NA,NA,0.00,NA,NA,NA
2025-12-10 09:00:00,59.55,175.30,11.76,57.83,40.33,NA,NA,0.63,24.42,NA,NA,NA,NA,NA,NA,NA,NA,NA,NA,NA,0.00,NA,NA,NA
2025-12-10 10:00:00,84.78,219.95,8.59,62.87,40.42,NA,NA,0.63,33.65,NA,NA,NA,NA,NA,NA,NA,NA,NA,NA,NA,0.00,NA,NA,NA
2025-12-10 11:00:00,80.68,219.88,3.52,58.08,33.75,NA,NA,0.54,49.66,NA,NA,NA,NA,NA,NA,NA,NA,NA,NA,NA,0.00,NA,NA,NA
2025-12-10 12:00:00,79.10,204.65,114.89,34.30,112.90,NA,NA,0.46,58.24,NA,NA,NA,NA,NA,NA,NA,NA,NA,NA,NA,0.00,NA,NA,NA
2025-12-10 13:00:00,82.95,199.27,NA,NA,NA,NA,NA,0.35,NA,NA,NA,NA,NA,NA,NA,NA,NA,NA,NA,NA,0.00,NA,NA,NA
2025-12-10 14:00:00,87.50,259.85,4.82,35.54,22.82,NA,NA,0.28,NA,NA,NA,NA,NA,NA,NA,NA,NA,NA,NA,NA,0.00,NA,NA,NA
2025-12-10 15:00:00,75.00,183.55,5.18,42.35,26.75,NA,NA,0.33,36.59,NA,NA,NA,NA,NA,NA,NA,NA,NA,NA,NA,0.00,NA,NA,NA
2025-12-10 16:00:00,60.08,126.55,4.66,43.76,27.07,NA,NA,0.33,41.46,NA,NA,NA,NA,NA,NA,NA,NA,NA,NA,NA,0.00,NA,NA,NA
2025-12-10 17:00:00,43.58,107.68,4.43,49.91,30.15,NA,NA,0.42,34.76,NA,NA,NA,NA,NA,NA,NA,NA,NA,NA,NA,0.00,NA,NA,NA
2025-12-10 18:00:00,52.50,125.15,15.14,90.95,60.70,NA,NA,0.80,10.32,NA,NA,NA,NA,NA,NA,NA,NA,NA,NA,NA,0.00,NA,NA,NA
2025-12-10 19:00:00,68.92,176.85,126.81,108.11,160.67,NA,NA,1.64,5.75,NA,NA,NA,NA,NA,NA,NA,NA,NA,NA,NA,0.00,NA,NA,NA
2025-12-10 20:00:00,93.35,243.48,225.92,117.83,246.33,NA,NA,2.20,5.72,NA,NA,NA,NA,NA,NA,NA,NA,NA,NA,NA,0.00,NA,NA,NA
2025-12-10 21:00:00,111.20,290.35,280.92,122.73,293.71,NA,NA,2.71,7.07,NA,NA,NA,NA,NA,NA,NA,NA,NA,NA,NA,0.00,NA,NA,NA
2025-12-10 22:00:00,140.62,374.57,414.03,131.43,406.56,NA,NA,3.89,8.20,NA,NA,NA,NA,NA,NA,NA,NA,NA,NA,NA,0.00,NA,NA,NA
2025-12-10 23:00:00,144.95,370.05,308.80,125.69,317.84,NA,NA,3.33,6.74,NA,NA,NA,NA,NA,NA,NA,NA,NA,NA,NA,0.00,NA,NA,NA
2025-12-11 00:00:00,107.40,274.32,306.63,115.34,310.71,NA,NA,3.07,5.92,NA,NA,NA,NA,NA,NA,NA,NA,NA,NA,NA,0.00,NA,NA,NA
2025-12-11 01:00:00,124.70,338.98,341.25,113.82,337.98,NA,NA,3.31,6.37,NA,NA,NA,NA,NA,NA,NA,NA,NA,NA,NA,0.00,NA,NA,NA
2025-12-11 02:00:00,132.22,364.45,258.12,103.37,264.79,NA,NA,3.04,6.43,NA,NA,NA,NA,NA,NA,NA,NA,NA,NA,NA,0.00,NA,NA,NA
2025-12-11 03:00:00,134.02,285.42,136.41,91.74,159.68,NA,NA,1.90,4.54,NA,NA,NA,NA,NA,NA,NA,NA,NA,NA,NA,0.00,NA,NA,NA
2025-12-11 04:00:00,131.02,256.00,150.20,85.37,167.54,NA,NA,1.97,4.76,NA,NA,NA,NA,NA,NA,NA,NA,NA,NA,NA,0.00,NA,NA,NA
2025-12-11 05:00:00,127.25,280.73,182.57,77.68,189.73,NA,NA,2.15,4.63,NA,NA,NA,NA,NA,NA,NA,NA,NA,NA,NA,0.00,NA,NA,NA
2025-12-11 06:00:00,121.50,269.90,144.72,79.78,160.08,NA,NA,1.81,4.57,NA,NA,NA,NA,NA,NA,NA,NA,NA,NA,NA,0.00,NA,NA,NA
2025-12-11 07:00:00,108.35,243.20,138.39,79.85,154.98,NA,NA,1.77,4.28,NA,NA,NA,NA,NA,NA,NA,NA,NA,NA,NA,0.00,NA,NA,NA
2025-12-11 08:00:00,87.65,235.55,96.73,96.73,130.08,NA,NA,1.52,5.65,NA,NA,NA,NA,NA,NA,NA,NA,NA,NA,NA,0.00,NA,NA,NA
2025-12-11 09:00:00,71.80,208.45,48.42,94.51,89.63,NA,NA,1.21,13.72,NA,NA,NA,NA,NA,NA,NA,NA,NA,NA,NA,0.00,NA,NA,NA
2025-12-11 10:00:00,90.72,232.62,36.08,86.17,75.16,NA,NA,1.14,27.90,NA,NA,NA,NA,NA,NA,NA,NA,NA,NA,NA,0.00,NA,NA,NA
2025-12-11 11:00:00,99.02,210.25,24.41,71.34,57.79,NA,NA,1.04,44.06,NA,NA,NA,NA,NA,NA,NA,NA,NA,NA,NA,0.00,NA,NA,NA
2025-12-11 12:00:00,104.12,179.62,18.42,54.82,44.13,NA,NA,0.77,61.34,NA,NA,NA,NA,NA,NA,NA,NA,NA,NA,NA,0.00,NA,NA,NA
2025-12-11 13:00:00,90.95,184.80,14.61,48.91,37.90,NA,NA,0.74,68.03,NA,NA,NA,NA,NA,NA,NA,NA,NA,NA,NA,0.00,NA,NA,NA
2025-12-11 14:00:00,76.22,147.35,13.27,51.93,38.41,NA,NA,0.72,66.59,NA,NA,NA,NA,NA,NA,NA,NA,NA,NA,NA,0.00,NA,NA,NA
2025-12-11 15:00:00,61.45,140.82,10.67,50.66,35.62,NA,NA,0.66,66.32,NA,NA,NA,NA,NA,NA,NA,NA,NA,NA,NA,0.00,NA,NA,NA
2025-12-11 16:00:00,50.20,125.35,10.23,56.60,38.43,NA,NA,0.66,51.05,NA,NA,NA,NA,NA,NA,NA,NA,NA,NA,NA,0.00,NA,NA,NA
2025-12-11 17:00:00,59.58,135.12,10.30,73.65,47.55,NA,NA,0.72,29.67,NA,NA,NA,NA,NA,NA,NA,NA,NA,NA,NA,0.00,NA,NA,NA
2025-12-11 18:00:00,74.25,156.30,106.38,106.73,143.36,NA,NA,1.42,8.67,NA,NA,NA,NA,NA,NA,NA,NA,NA,NA,NA,0.00,NA,NA,NA
2025-12-11 19:00:00,79.80,243.00,332.29,127.18,337.83,NA,NA,3.62,5.41,NA,NA,NA,NA,NA,NA,NA,NA,NA,NA,NA,0.00,NA,NA,NA
2025-12-11 20:00:00,103.48,333.78,386.83,126.82,381.96,NA,NA,3.41,6.36,NA,NA,NA,NA,NA,NA,NA,NA,NA,NA,NA,0.00,NA,NA,NA
2025-12-11 21:00:00,117.10,344.72,460.05,132.53,452.85,NA,NA,4.00,6.57,NA,NA,NA,NA,NA,NA,NA,NA,NA,NA,NA,0.00,NA,NA,NA
2025-12-11 22:00:00,123.15,393.40,NA,139.38,NA,NA,NA,4.58,6.69,NA,NA,NA,NA,NA,NA,NA,NA,NA,NA,NA,0.00,NA,NA,NA
2025-12-11 23:00:00,145.52,403.15,457.62,148.41,449.13,NA,NA,4.48,7.71,NA,NA,NA,NA,NA,NA,NA,NA,NA,NA,NA,0.00,NA,NA,NA
2025-12-12 00:00:00,158.05,422.02,435.32,132.35,424.34,NA,NA,4.36,7.91,NA,NA,NA,NA,NA,NA,NA,NA,NA,NA,NA,0.00,NA,NA,NA
2025-12-12 01:00:00,183.48,469.65,NA,126.72,NA,NA,NA,5.73,7.94,NA,NA,NA,NA,NA,NA,NA,NA,NA,NA,NA,0.00,NA,NA,NA
2025-12-12 02:00:00,214.52,477.33,NA,121.59,NA,NA,NA,5.93,6.49,NA,NA,NA,NA,NA,NA,NA,NA,NA,NA,NA,0.00,NA,NA,NA
2025-12-12 03:00:00,195.35,437.30,277.82,106.54,331.06,NA,NA,3.84,5.16,NA,NA,NA,NA,NA,NA,NA,NA,NA,NA,NA,0.00,NA,NA,NA
2025-12-12 04:00:00,142.28,323.60,179.40,94.03,195.86,NA,NA,2.44,4.73,NA,NA,NA,NA,NA,NA,NA,NA,NA,NA,NA,0.00,NA,NA,NA
2025-12-12 05:00:00,149.43,326.30,217.81,88.34,224.08,NA,NA,2.67,4.67,NA,NA,NA,NA,NA,NA,NA,NA,NA,NA,NA,0.00,NA,NA,NA
2025-12-12 06:00:00,155.40,354.65,238.18,88.75,240.86,NA,NA,2.82,5.74,NA,NA,NA,NA,NA,NA,NA,NA,NA,NA,NA,0.00,NA,NA,NA
2025-12-12 07:00:00,163.82,338.82,205.11,94.51,217.01,NA,NA,2.36,5.44,NA,NA,NA,NA,NA,NA,NA,NA,NA,NA,NA,0.00,NA,NA,NA
2025-12-12 08:00:00,175.02,361.72,158.85,114.48,190.02,NA,NA,2.46,6.41,NA,NA,NA,NA,NA,NA,NA,NA,NA,NA,NA,0.00,NA,NA,NA
2025-12-12 09:00:00,152.18,311.42,79.30,118.61,127.56,NA,NA,1.80,9.49,NA,NA,NA,NA,NA,NA,NA,NA,NA,NA,NA,0.00,NA,NA,NA
2025-12-12 10:00:00,139.88,304.25,60.17,121.40,113.49,NA,NA,1.65,22.52,NA,NA,NA,NA,NA,NA,NA,NA,NA,NA,NA,0.00,NA,NA,NA
2025-12-12 11:00:00,102.88,287.55,40.86,99.88,86.35,NA,NA,1.30,40.26,NA,NA,NA,NA,NA,NA,NA,NA,NA,NA,NA,0.00,NA,NA,NA
2025-12-12 12:00:00,92.42,235.85,31.60,83.90,70.31,NA,NA,1.06,59.90,NA,NA,NA,NA,NA,NA,NA,NA,NA,NA,NA,0.00,NA,NA,NA
2025-12-12 13:00:00,92.35,202.85,23.37,72.03,57.31,NA,NA,0.94,69.63,NA,NA,NA,NA,NA,NA,NA,NA,NA,NA,NA,0.00,NA,NA,NA
2025-12-12 14:00:00,77.12,171.10,19.17,70.24,52.94,NA,NA,0.94,71.92,NA,NA,NA,NA,NA,NA,NA,NA,NA,NA,NA,0.00,NA,NA,NA
2025-12-12 15:00:00,74.82,195.42,16.03,75.85,53.38,NA,NA,1.02,74.09,NA,NA,NA,NA,NA,NA,NA,NA,NA,NA,NA,0.00,NA,NA,NA
2025-12-12 16:00:00,99.50,209.50,21.91,121.55,82.46,NA,NA,1.13,32.79,NA,NA,NA,NA,NA,NA,NA,NA,NA,NA,NA,0.00,NA,NA,NA
2025-12-12 17:00:00,98.98,213.70,65.74,153.99,135.38,NA,NA,1.67,5.37,NA,NA,NA,NA,NA,NA,NA,NA,NA,NA,NA,0.00,NA,NA,NA
2025-12-12 18:00:00,113.38,310.92,273.43,163.31,309.24,NA,NA,3.05,4.35,NA,NA,NA,NA,NA,NA,NA,NA,NA,NA,NA,0.00,NA,NA,NA
2025-12-12 19:00:00,121.80,336.02,262.91,167.45,302.79,NA,NA,2.95,4.79,NA,NA,NA,NA,NA,NA,NA,NA,NA,NA,NA,0.00,NA,NA,NA
2025-12-12 20:00:00,134.98,353.62,417.89,167.18,428.72,NA,NA,4.11,6.73,NA,NA,NA,NA,NA,NA,NA,NA,NA,NA,NA,0.00,NA,NA,NA
2025-12-12 21:00:00,151.40,438.65,464.32,164.69,463.35,NA,NA,4.67,6.26,NA,NA,NA,NA,NA,NA,NA,NA,NA,NA,NA,0.00,NA,NA,NA
2025-12-12 22:00:00,153.95,432.35,458.00,170.83,460.28,NA,NA,4.92,6.78,NA,NA,NA,NA,NA,NA,NA,NA,NA,NA,NA,0.00,NA,NA,NA
2025-12-12 23:00:00,161.43,480.70,NA,189.86,NA,NA,NA,5.04,7.10,NA,NA,NA,NA,NA,NA,NA,NA,NA,NA,NA,0.00,NA,NA,NA
2025-12-13 00:00:00,168.08,444.62,463.83,195.65,484.41,NA,NA,5.37,7.75,NA,NA,NA,NA,NA,NA,NA,NA,NA,NA,NA,0.00,NA,NA,NA
2025-12-13 01:00:00,244.10,512.78,413.46,176.95,426.65,NA,NA,5.12,6.87,NA,NA,NA,NA,NA,NA,NA,NA,NA,NA,NA,0.00,NA,NA,NA
2025-12-13 02:00:00,292.05,572.60,267.89,145.10,294.98,NA,NA,4.08,5.71,NA,NA,NA,NA,NA,NA,NA,NA,NA,NA,NA,0.00,NA,NA,NA
2025-12-13 03:00:00,278.98,587.80,270.27,125.35,286.42,NA,NA,3.93,6.20,NA,NA,NA,NA,NA,NA,NA,NA,NA,NA,NA,0.00,NA,NA,NA
2025-12-13 04:00:00,284.05,569.65,388.45,121.63,380.54,NA,NA,4.45,5.78,NA,NA,NA,NA,NA,NA,NA,NA,NA,NA,NA,0.00,NA,NA,NA
2025-12-13 05:00:00,278.85,580.40,362.16,123.48,360.11,NA,NA,4.59,6.67,NA,NA,NA,NA,NA,NA,NA,NA,NA,NA,NA,0.00,NA,NA,NA
2025-12-13 06:00:00,251.60,542.58,455.78,113.70,440.35,NA,NA,5.46,6.60,NA,NA,NA,NA,NA,NA,NA,NA,NA,NA,NA,0.00,NA,NA,NA
2025-12-13 07:00:00,225.92,552.25,458.39,121.23,453.45,NA,NA,5.91,7.34,NA,NA,NA,NA,NA,NA,NA,NA,NA,NA,NA,0.00,NA,NA,NA
2025-12-13 08:00:00,265.77,590.15,412.16,169.43,465.87,NA,NA,5.80,7.23,NA,NA,NA,NA,NA,NA,NA,NA,NA,NA,NA,0.00,NA,NA,NA
2025-12-13 09:00:00,298.92,597.97,213.36,218.12,289.41,NA,NA,4.32,8.99,NA,NA,NA,NA,NA,NA,NA,NA,NA,NA,NA,0.00,NA,NA,NA
2025-12-13 10:00:00,269.97,551.22,62.85,139.99,125.54,NA,NA,2.60,43.05,NA,NA,NA,NA,NA,NA,NA,NA,NA,NA,NA,0.00,NA,NA,NA
2025-12-13 11:00:00,212.18,425.82,43.76,115.28,96.89,NA,NA,2.23,76.86,NA,NA,NA,NA,NA,NA,NA,NA,NA,NA,NA,0.00,NA,NA,NA
2025-12-13 12:00:00,217.48,401.18,34.59,97.89,80.19,NA,NA,1.74,89.74,NA,NA,NA,NA,NA,NA,NA,NA,NA,NA,NA,0.00,NA,NA,NA
2025-12-13 13:00:00,169.88,309.85,26.84,89.20,69.27,NA,NA,1.51,104.45,NA,NA,NA,NA,NA,NA,NA,NA,NA,NA,NA,0.00,NA,NA,NA
2025-12-13 14:00:00,161.18,279.95,22.92,99.69,71.67,NA,NA,1.62,94.86,NA,NA,NA,NA,NA,NA,NA,NA,NA,NA,NA,0.00,NA,NA,NA
2025-12-13 15:00:00,190.65,397.88,19.59,107.37,73.04,NA,NA,1.78,84.44,NA,NA,NA,NA,NA,NA,NA,NA,NA,NA,NA,0.00,NA,NA,NA
2025-12-13 16:00:00,154.95,348.65,22.19,141.55,93.33,NA,NA,1.81,42.87,NA,NA,NA,NA,NA,NA,NA,NA,NA,NA,NA,0.00,NA,NA,NA
2025-12-13 17:00:00,207.80,441.90,49.37,177.02,134.32,NA,NA,2.29,7.16,NA,NA,NA,NA,NA,NA,NA,NA,NA,NA,NA,0.00,NA,NA,NA
2025-12-13 18:00:00,253.15,583.25,66.64,167.39,143.22,NA,NA,2.58,5.30,NA,NA,NA,NA,NA,NA,NA,NA,NA,NA,NA,0.00,NA,NA,NA
2025-12-13 19:00:00,261.00,575.28,95.90,157.38,161.68,NA,NA,2.98,5.33,NA,NA,NA,NA,NA,NA,NA,NA,NA,NA,NA,0.00,NA,NA,NA
2025-12-13 20:00:00,270.75,620.75,97.46,138.55,152.94,NA,NA,3.04,4.41,NA,NA,NA,NA,NA,NA,NA,NA,NA,NA,NA,0.00,NA,NA,NA
2025-12-13 21:00:00,257.65,600.00,181.15,129.58,216.20,NA,NA,3.52,4.08,NA,NA,NA,NA,NA,NA,NA,NA,NA,NA,NA,0.00,NA,NA,NA
2025-12-13 22:00:00,302.90,595.85,122.41,117.82,162.16,NA,NA,3.30,4.38,NA,NA,NA,NA,NA,NA,NA,NA,NA,NA,NA,0.00,NA,NA,NA
2025-12-13 23:00:00,282.77,594.83,191.46,106.34,212.28,NA,NA,3.58,3.79,NA,NA,NA,NA,NA,NA,NA,NA,NA,NA,NA,0.00,NA,NA,NA
2025-12-14 00:00:00,271.08,586.55,283.21,106.38,286.86,NA,NA,4.05,4.23,NA,NA,NA,NA,NA,NA,NA,NA,NA,NA,NA,0.00,NA,NA,NA
2025-12-14 01:00:00,296.08,576.33,342.34,97.15,330.02,NA,NA,4.11,3.80,NA,NA,NA,NA,NA,NA,NA,NA,NA,NA,NA,0.00,NA,NA,NA
2025-12-14 02:00:00,282.72,585.25,280.86,88.11,275.17,NA,NA,3.71,3.84,NA,NA,NA,NA,NA,NA,NA,NA,NA,NA,NA,0.00,NA,NA,NA
2025-12-14 03:00:00,250.60,535.38,151.01,82.83,166.79,NA,NA,2.87,3.41,NA,NA,NA,NA,NA,NA,NA,NA,NA,NA,NA,0.00,NA,NA,NA
2025-12-14 04:00:00,229.98,508.52,94.58,78.47,118.60,NA,NA,2.35,3.67,NA,NA,NA,NA,NA,NA,NA,NA,NA,NA,NA,0.00,NA,NA,NA
2025-12-14 05:00:00,269.10,473.12,138.93,80.67,155.87,NA,NA,2.54,3.43,NA,NA,NA,NA,NA,NA,NA,NA,NA,NA,NA,0.00,NA,NA,NA
2025-12-14 06:00:00,232.90,452.62,143.77,87.77,163.56,NA,NA,2.40,3.74,NA,NA,NA,NA,NA,NA,NA,NA,NA,NA,NA,0.00,NA,NA,NA
2025-12-14 07:00:00,207.12,439.55,123.06,89.53,147.66,NA,NA,2.50,3.95,NA,NA,NA,NA,NA,NA,NA,NA,NA,NA,NA,0.00,NA,NA,NA
2025-12-14 08:00:00,212.52,459.28,109.00,100.05,141.79,NA,NA,2.36,5.53,NA,NA,NA,NA,NA,NA,NA,NA,NA,NA,NA,0.00,NA,NA,NA
2025-12-14 09:00:00,263.70,482.80,36.29,103.54,84.57,NA,NA,1.96,16.84,NA,NA,NA,NA,NA,NA,NA,NA,NA,NA,NA,0.00,NA,NA,NA
2025-12-14 10:00:00,236.48,430.28,27.19,94.13,72.16,NA,NA,1.71,38.78,NA,NA,NA,NA,NA,NA,NA,NA,NA,NA,NA,0.00,NA,NA,NA
2025-12-14 11:00:00,189.55,386.05,18.52,65.72,50.02,NA,NA,1.36,65.49,NA,NA,NA,NA,NA,NA,NA,NA,NA,NA,NA,0.00,NA,NA,NA
2025-12-14 12:00:00,180.40,344.95,13.87,71.47,49.29,NA,NA,1.33,76.14,NA,NA,NA,NA,NA,NA,NA,NA,NA,NA,NA,0.00,NA,NA,NA
2025-12-14 13:00:00,178.12,379.17,11.37,78.59,51.04,NA,NA,1.36,88.78,NA,NA,NA,NA,NA,NA,NA,NA,NA,NA,NA,0.00,NA,NA,NA
2025-12-14 14:00:00,217.75,376.65,10.19,99.18,61.04,NA,NA,1.50,80.94,NA,NA,NA,NA,NA,NA,NA,NA,NA,NA,NA,0.00,NA,NA,NA
2025-12-14 15:00:00,261.73,449.80,9.38,104.92,63.44,NA,NA,1.85,61.78,NA,NA,NA,NA,NA,NA,NA,NA,NA,NA,NA,0.00,NA,NA,NA
2025-12-14 16:00:00,217.05,463.82,10.60,106.87,65.47,NA,NA,1.63,29.35,NA,NA,NA,NA,NA,NA,NA,NA,NA,NA,NA,0.00,NA,NA,NA
2025-12-14 17:00:00,192.75,391.05,28.01,130.11,91.98,NA,NA,1.79,6.14,NA,NA,NA,NA,NA,NA,NA,NA,NA,NA,NA,0.00,NA,NA,NA
2025-12-14 18:00:00,221.65,422.17,48.26,128.03,107.36,NA,NA,1.99,4.53,NA,NA,NA,NA,NA,NA,NA,NA,NA,NA,NA,0.00,NA,NA,NA
2025-12-14 19:00:00,230.62,442.98,129.77,126.97,173.09,NA,NA,2.64,4.49,NA,NA,NA,NA,NA,NA,NA,NA,NA,NA,NA,0.00,NA,NA,NA
2025-12-14 20:00:00,254.12,522.20,128.50,126.13,171.52,NA,NA,2.73,5.14,NA,NA,NA,NA,NA,NA,NA,NA,NA,NA,NA,0.00,NA,NA,NA
2025-12-14 21:00:00,276.47,542.30,90.53,115.98,135.30,NA,NA,2.66,5.81,NA,NA,NA,NA,NA,NA,NA,NA,NA,NA,NA,0.00,NA,NA,NA
2025-12-14 22:00:00,314.35,567.10,99.70,106.67,137.81,NA,NA,2.70,5.36,NA,NA,NA,NA,NA,NA,NA,NA,NA,NA,NA,0.00,NA,NA,NA
2025-12-14 23:00:00,287.60,546.78,156.48,98.79,179.76,NA,NA,3.32,5.90,NA,NA,NA,NA,NA,NA,NA,NA,NA,NA,NA,0.00,NA,NA,NA
2025-12-15 00:00:00,271.40,576.08,217.46,100.17,230.14,NA,NA,3.51,5.74,NA,NA,NA,NA,NA,NA,NA,NA,NA,NA,NA,0.00,NA,NA,NA
2025-12-15 01:00:00,302.55,581.85,248.96,96.96,253.92,NA,NA,3.69,5.91,NA,NA,NA,NA,NA,NA,NA,NA,NA,NA,NA,0.00,NA,NA,NA
2025-12-15 02:00:00,285.12,553.88,239.34,85.05,239.81,NA,NA,3.87,5.01,NA,NA,NA,NA,NA,NA,NA,NA,NA,NA,NA,0.00,NA,NA,NA
2025-12-15 03:00:00,239.55,457.67,123.33,79.02,142.30,NA,NA,3.07,4.45,NA,NA,NA,NA,NA,NA,NA,NA,NA,NA,NA,0.00,NA,NA,NA
2025-12-15 04:00:00,168.72,318.12,67.71,73.53,94.14,NA,NA,2.32,3.60,NA,NA,NA,NA,NA,NA,NA,NA,NA,NA,NA,0.00,NA,NA,NA
2025-12-15 05:00:00,145.28,238.90,48.01,68.99,75.72,NA,NA,2.30,3.96,NA,NA,NA,NA,NA,NA,NA,NA,NA,NA,NA,0.00,NA,NA,NA
2025-12-15 06:00:00,175.22,263.38,48.09,71.77,77.27,NA,NA,2.25,3.94,NA,NA,NA,NA,NA,NA,NA,NA,NA,NA,NA,0.00,NA,NA,NA
2025-12-15 07:00:00,169.18,315.08,36.92,73.48,69.10,NA,NA,1.97,4.88,NA,NA,NA,NA,NA,NA,NA,NA,NA,NA,NA,0.00,NA,NA,NA
2025-12-15 08:00:00,167.60,329.58,59.02,86.90,94.22,NA,NA,2.40,5.46,NA,NA,NA,NA,NA,NA,NA,NA,NA,NA,NA,0.00,NA,NA,NA
2025-12-15 09:00:00,175.22,346.45,53.25,87.79,89.98,NA,NA,2.26,6.32,NA,NA,NA,NA,NA,NA,NA,NA,NA,NA,NA,0.00,NA,NA,NA
2025-12-15 10:00:00,176.68,374.65,56.20,96.58,97.08,NA,NA,2.33,9.73,NA,NA,NA,NA,NA,NA,NA,NA,NA,NA,NA,0.00,NA,NA,NA
2025-12-15 11:00:00,193.65,318.67,35.47,95.10,79.44,NA,NA,2.22,18.58,NA,NA,NA,NA,NA,NA,NA,NA,NA,NA,NA,0.00,NA,NA,NA
2025-12-15 12:00:00,204.53,302.50,24.09,91.37,68.18,NA,NA,2.00,28.89,NA,NA,NA,NA,NA,NA,NA,NA,NA,NA,NA,0.00,NA,NA,NA
2025-12-15 13:00:00,199.12,376.88,17.23,77.09,55.01,NA,NA,1.80,44.80,NA,NA,NA,NA,NA,NA,NA,NA,NA,NA,NA,0.00,NA,NA,NA
2025-12-15 14:00:00,172.40,298.38,12.40,67.19,45.83,NA,NA,1.50,60.04,NA,NA,NA,NA,NA,NA,NA,NA,NA,NA,NA,0.00,NA,NA,NA
2025-12-15 15:00:00,127.42,237.75,9.67,49.33,34.10,NA,NA,1.21,61.83,NA,NA,NA,NA,NA,NA,NA,NA,NA,NA,NA,0.00,NA,NA,NA
2025-12-15 16:00:00,124.00,234.38,9.52,64.08,41.82,NA,NA,1.13,48.67,NA,NA,NA,NA,NA,NA,NA,NA,NA,NA,NA,0.00,NA,NA,NA
2025-12-15 17:00:00,145.35,238.02,13.25,95.88,61.78,NA,NA,1.31,21.26,NA,NA,NA,NA,NA,NA,NA,NA,NA,NA,NA,0.00,NA,NA,NA
2025-12-15 18:00:00,151.60,284.80,34.22,119.04,91.16,NA,NA,1.67,6.72,NA,NA,NA,NA,NA,NA,NA,NA,NA,NA,NA,0.00,NA,NA,NA
2025-12-15 19:00:00,164.00,303.85,75.34,119.08,124.60,NA,NA,1.96,4.86,NA,NA,NA,NA,NA,NA,NA,NA,NA,NA,NA,0.00,NA,NA,NA
2025-12-15 20:00:00,148.07,289.95,71.69,112.76,118.26,NA,NA,1.75,5.02,NA,NA,NA,NA,NA,NA,NA,NA,NA,NA,NA,0.00,NA,NA,NA
2025-12-15 21:00:00,133.65,281.08,38.23,101.94,85.28,NA,NA,1.53,6.48,NA,NA,NA,NA,NA,NA,NA,NA,NA,NA,NA,0.00,NA,NA,NA
2025-12-15 22:00:00,125.10,260.35,40.13,101.03,86.39,NA,NA,1.57,6.30,NA,NA,NA,NA,NA,NA,NA,NA,NA,NA,NA,0.00,NA,NA,NA
2025-12-15 23:00:00,127.18,259.32,89.46,99.21,125.51,NA,NA,1.72,5.03,NA,NA,NA,NA,NA,NA,NA,NA,NA,NA,NA,0.00,NA,NA,NA
2025-12-16 00:00:00,135.62,257.00,67.81,105.84,111.40,NA,NA,1.80,5.10,NA,NA,NA,NA,NA,NA,NA,NA,NA,NA,NA,0.00,NA,NA,NA
2025-12-16 01:00:00,166.78,289.50,21.65,91.24,66.13,NA,NA,1.41,7.59,NA,NA,NA,NA,NA,NA,NA,NA,NA,NA,NA,0.00,NA,NA,NA
2025-12-16 02:00:00,152.27,284.58,55.53,90.42,93.26,NA,NA,1.46,4.79,NA,NA,NA,NA,NA,NA,NA,NA,NA,NA,NA,0.00,NA,NA,NA
2025-12-16 03:00:00,154.95,283.08,50.00,84.56,85.62,NA,NA,1.45,4.99,NA,NA,NA,NA,NA,NA,NA,NA,NA,NA,NA,0.00,NA,NA,NA
2025-12-16 04:00:00,141.25,273.62,24.17,74.50,59.27,NA,NA,1.26,4.83,NA,NA,NA,NA,NA,NA,NA,NA,NA,NA,NA,0.00,NA,NA,NA
2025-12-16 05:00:00,126.22,264.58,28.39,66.31,58.35,NA,NA,1.20,5.08,NA,NA,NA,NA,NA,NA,NA,NA,NA,NA,NA,0.00,NA,NA,NA
2025-12-16 06:00:00,111.08,233.08,21.92,60.04,49.76,NA,NA,1.10,5.21,NA,NA,NA,NA,NA,NA,NA,NA,NA,NA,NA,0.00,NA,NA,NA
2025-12-16 07:00:00,113.28,217.50,18.28,56.08,44.69,NA,NA,1.02,6.92,NA,NA,NA,NA,NA,NA,NA,NA,NA,NA,NA,0.00,NA,NA,NA
2025-12-16 08:00:00,141.32,228.35,14.79,51.10,39.20,NA,NA,1.11,12.89,NA,NA,NA,NA,NA,NA,NA,NA,NA,NA,NA,0.00,NA,NA,NA
2025-12-16 09:00:00,140.57,271.58,14.29,53.14,39.88,NA,NA,1.17,21.05,NA,NA,NA,NA,NA,NA,NA,NA,NA,NA,NA,0.00,NA,NA,NA
2025-12-16 10:00:00,146.90,284.82,13.15,65.52,45.54,NA,NA,1.22,30.42,NA,NA,NA,NA,NA,NA,NA,NA,NA,NA,NA,0.00,NA,NA,NA
2025-12-16 11:00:00,120.55,252.80,9.55,57.75,38.48,NA,NA,0.97,46.28,NA,NA,NA,NA,NA,NA,NA,NA,NA,NA,NA,0.00,NA,NA,NA
2025-12-16 12:00:00,110.30,256.40,7.62,46.98,31.19,NA,NA,0.89,61.68,NA,NA,NA,NA,NA,NA,NA,NA,NA,NA,NA,0.00,NA,NA,NA
2025-12-16 13:00:00,91.05,214.62,6.43,40.84,26.96,NA,NA,0.67,63.72,NA,NA,NA,NA,NA,NA,NA,NA,NA,NA,NA,0.00,NA,NA,NA
2025-12-16 14:00:00,68.90,167.35,5.74,41.86,26.94,NA,NA,0.65,62.59,NA,NA,NA,NA,NA,NA,NA,NA,NA,NA,NA,0.00,NA,NA,NA
2025-12-16 15:00:00,62.22,159.65,4.76,43.62,27.08,NA,NA,0.63,63.24,NA,NA,NA,NA,NA,NA,NA,NA,NA,NA,NA,0.00,NA,NA,NA
2025-12-16 16:00:00,64.97,149.20,4.65,43.36,26.85,NA,NA,0.65,57.80,NA,NA,NA,NA,NA,NA,NA,NA,NA,NA,NA,0.00,NA,NA,NA
2025-12-16 17:00:00,88.35,161.43,4.93,52.95,32.17,NA,NA,0.74,43.84,NA,NA,NA,NA,NA,NA,NA,NA,NA,NA,NA,0.00,NA,NA,NA
2025-12-16 18:00:00,118.25,211.50,5.47,67.60,40.40,NA,NA,0.84,36.40,NA,NA,NA,NA,NA,NA,NA,NA,NA,NA,NA,0.00,NA,NA,NA
2025-12-16 19:00:00,113.68,225.45,5.37,74.31,43.89,NA,NA,0.95,30.22,NA,NA,NA,NA,NA,NA,NA,NA,NA,NA,NA,0.00,NA,NA,NA
2025-12-16 20:00:00,126.72,226.45,5.57,69.93,41.73,NA,NA,1.00,30.10,NA,NA,NA,NA,NA,NA,NA,NA,NA,NA,NA,0.00,NA,NA,NA
2025-12-16 21:00:00,122.28,229.32,6.42,83.83,49.82,NA,NA,1.06,18.38,NA,NA,NA,NA,NA,NA,NA,NA,NA,NA,NA,0.00,NA,NA,NA
2025-12-16 22:00:00,121.93,248.68,7.09,91.11,54.23,NA,NA,1.01,15.55,NA,NA,NA,NA,NA,NA,NA,NA,NA,NA,NA,0.00,NA,NA,NA
2025-12-16 23:00:00,111.80,242.27,6.29,80.73,48.06,NA,NA,0.99,17.65,NA,NA,NA,NA,NA,NA,NA,NA,NA,NA,NA,0.00,NA,NA,NA
2025-12-17 00:00:00,104.78,212.45,6.08,77.29,46.05,NA,NA,0.95,18.01,NA,NA,NA,NA,NA,NA,NA,NA,NA,NA,NA,0.00,NA,NA,NA
2025-12-17 01:00:00,109.70,201.40,10.93,81.47,52.22,NA,NA,0.85,12.11,NA,NA,NA,NA,NA,NA,NA,NA,NA,NA,NA,0.00,NA,NA,NA
2025-12-17 02:00:00,137.57,224.02,24.97,92.92,69.72,NA,NA,1.06,6.25,NA,NA,NA,NA,NA,NA,NA,NA,NA,NA,NA,0.00,NA,NA,NA
2025-12-17 03:00:00,150.57,265.02,9.75,77.25,49.01,NA,NA,1.00,9.44,NA,NA,NA,NA,NA,NA,NA,NA,NA,NA,NA,0.00,NA,NA,NA
2025-12-17 04:00:00,130.68,238.52,13.49,68.78,47.55,NA,NA,0.96,8.92,NA,NA,NA,NA,NA,NA,NA,NA,NA,NA,NA,0.00,NA,NA,NA
2025-12-17 05:00:00,121.75,223.68,9.21,57.97,38.32,NA,NA,0.89,9.67,NA,NA,NA,NA,NA,NA,NA,NA,NA,NA,NA,0.00,NA,NA,NA
2025-12-17 06:00:00,102.68,194.32,16.02,61.21,45.58,NA,NA,0.91,7.61,NA,NA,NA,NA,NA,NA,NA,NA,NA,NA,NA,0.00,NA,NA,NA
2025-12-17 07:00:00,107.45,226.32,14.09,61.08,43.95,NA,NA,1.01,7.03,NA,NA,NA,NA,NA,NA,NA,NA,NA,NA,NA,0.00,NA,NA,NA
2025-12-17 08:00:00,105.62,232.60,23.38,59.49,50.64,NA,NA,1.11,10.02,NA,NA,NA,NA,NA,NA,NA,NA,NA,NA,NA,0.00,NA,NA,NA
2025-12-17 09:00:00,96.68,217.32,14.33,50.92,38.72,NA,NA,1.03,18.77,NA,NA,NA,NA,NA,NA,NA,NA,NA,NA,NA,0.00,NA,NA,NA
2025-12-17 10:00:00,109.10,216.45,13.98,55.07,40.66,NA,NA,1.10,26.74,NA,NA,NA,NA,NA,NA,NA,NA,NA,NA,NA,0.00,NA,NA,NA
2025-12-17 11:00:00,131.78,238.08,11.45,49.71,35.75,NA,NA,1.02,36.81,NA,NA,NA,NA,NA,NA,NA,NA,NA,NA,NA,0.00,NA,NA,NA
2025-12-17 12:00:00,113.65,223.20,7.38,40.11,27.33,NA,NA,0.87,49.25,NA,NA,NA,NA,NA,NA,NA,NA,NA,NA,NA,0.00,NA,NA,NA
2025-12-17 13:00:00,99.08,185.02,5.65,38.73,25.19,NA,NA,0.78,57.50,NA,NA,NA,NA,NA,NA,NA,NA,NA,NA,NA,0.00,NA,NA,NA
2025-12-17 14:00:00,80.10,159.95,5.37,39.26,25.25,NA,NA,0.70,61.34,NA,NA,NA,NA,NA,NA,NA,NA,NA,NA,NA,0.00,NA,NA,NA
2025-12-17 15:00:00,69.18,143.30,5.03,37.04,23.79,NA,NA,0.73,63.23,NA,NA,NA,NA,NA,NA,NA,NA,NA,NA,NA,0.00,NA,NA,NA
2025-12-17 16:00:00,66.27,148.38,4.49,44.03,27.07,NA,NA,0.73,53.15,NA,NA,NA,NA,NA,NA,NA,NA,NA,NA,NA,0.00,NA,NA,NA
2025-12-17 17:00:00,86.65,176.42,5.29,61.51,37.02,NA,NA,0.84,37.84,NA,NA,NA,NA,NA,NA,NA,NA,NA,NA,NA,0.00,NA,NA,NA
2025-12-17 18:00:00,96.72,202.28,6.72,76.97,46.41,NA,NA,0.93,24.66,NA,NA,NA,NA,NA,NA,NA,NA,NA,NA,NA,0.00,NA,NA,NA
2025-12-17 19:00:00,93.95,189.20,7.03,74.93,45.57,NA,NA,0.91,20.60,NA,NA,NA,NA,NA,NA,NA,NA,NA,NA,NA,0.00,NA,NA,NA
2025-12-17 20:00:00,93.60,186.35,31.97,101.05,79.77,NA,NA,1.21,7.20,NA,NA,NA,NA,NA,NA,NA,NA,NA,NA,NA,0.00,NA,NA,NA
2025-12-17 21:00:00,105.32,232.90,145.33,106.13,174.58,NA,NA,2.04,4.82,NA,NA,NA,NA,NA,NA,NA,NA,NA,NA,NA,0.00,NA,NA,NA
2025-12-17 22:00:00,118.12,257.15,187.24,103.00,207.02,NA,NA,2.54,5.87,NA,NA,NA,NA,NA,NA,NA,NA,NA,NA,NA,0.00,NA,NA,NA
2025-12-17 23:00:00,120.72,317.95,292.78,108.34,295.71,NA,NA,3.10,6.08,NA,NA,NA,NA,NA,NA,NA,NA,NA,NA,NA,0.00,NA,NA,NA
2025-12-18 00:00:00,144.05,375.83,253.81,85.53,251.76,NA,NA,3.12,6.02,NA,NA,NA,NA,NA,NA,NA,NA,NA,NA,NA,0.00,NA,NA,NA
2025-12-18 01:00:00,232.80,512.02,135.47,55.66,139.75,NA,NA,2.61,4.85,NA,NA,NA,NA,NA,NA,NA,NA,NA,NA,NA,0.00,NA,NA,NA
2025-12-18 02:00:00,277.12,502.42,168.95,51.73,164.92,NA,NA,2.64,4.81,NA,NA,NA,NA,NA,NA,NA,NA,NA,NA,NA,0.00,NA,NA,NA
2025-12-18 03:00:00,242.45,492.52,216.76,60.32,208.32,NA,NA,3.08,5.24,NA,NA,NA,NA,NA,NA,NA,NA,NA,NA,NA,0.00,NA,NA,NA
2025-12-18 04:00:00,225.68,471.18,250.98,58.59,235.23,NA,NA,3.46,4.96,NA,NA,NA,NA,NA,NA,NA,NA,NA,NA,NA,0.00,NA,NA,NA
2025-12-18 05:00:00,201.22,444.35,135.54,43.67,133.38,NA,NA,2.65,5.18,NA,NA,NA,NA,NA,NA,NA,NA,NA,NA,NA,0.00,NA,NA,NA
2025-12-18 06:00:00,252.52,475.90,101.64,46.28,107.26,NA,NA,2.47,5.24,NA,NA,NA,NA,NA,NA,NA,NA,NA,NA,NA,0.00,NA,NA,NA
2025-12-18 07:00:00,235.80,491.25,85.74,53.38,98.10,NA,NA,2.35,4.57,NA,NA,NA,NA,NA,NA,NA,NA,NA,NA,NA,0.00,NA,NA,NA
2025-12-18 08:00:00,182.28,417.28,56.46,57.13,76.30,NA,NA,2.04,3.92,NA,NA,NA,NA,NA,NA,NA,NA,NA,NA,NA,0.00,NA,NA,NA
2025-12-18 09:00:00,165.25,349.80,47.00,64.02,72.26,NA,NA,2.08,4.72,NA,NA,NA,NA,NA,NA,NA,NA,NA,NA,NA,0.00,NA,NA,NA
2025-12-18 10:00:00,176.85,442.48,42.98,70.65,72.52,NA,NA,2.16,7.32,NA,NA,NA,NA,NA,NA,NA,NA,NA,NA,NA,0.00,NA,NA,NA
2025-12-18 11:00:00,243.10,405.20,40.54,86.12,78.81,NA,NA,2.25,11.29,NA,NA,NA,NA,NA,NA,NA,NA,NA,NA,NA,0.00,NA,NA,NA
2025-12-18 12:00:00,238.80,467.45,45.85,87.43,83.76,NA,NA,2.27,13.54,NA,NA,NA,NA,NA,NA,NA,NA,NA,NA,NA,0.00,NA,NA,NA
2025-12-18 13:00:00,211.95,419.48,21.12,73.22,56.12,NA,NA,2.12,27.89,NA,NA,NA,NA,NA,NA,NA,NA,NA,NA,NA,0.00,NA,NA,NA
2025-12-18 14:00:00,201.35,420.68,17.21,83.25,58.27,NA,NA,2.13,32.74,NA,NA,NA,NA,NA,NA,NA,NA,NA,NA,NA,0.00,NA,NA,NA
2025-12-18 15:00:00,244.18,412.90,14.49,80.85,54.80,NA,NA,2.12,32.60,NA,NA,NA,NA,NA,NA,NA,NA,NA,NA,NA,0.00,NA,NA,NA
2025-12-18 16:00:00,221.60,423.25,15.62,95.48,63.49,NA,NA,2.19,17.75,NA,NA,NA,NA,NA,NA,NA,NA,NA,NA,NA,0.00,NA,NA,NA
2025-12-18 17:00:00,215.95,445.10,22.83,100.27,71.89,NA,NA,2.18,7.19,NA,NA,NA,NA,NA,NA,NA,NA,NA,NA,NA,0.00,NA,NA,NA
2025-12-18 18:00:00,227.78,437.82,60.47,98.81,101.73,NA,NA,2.44,4.77,NA,NA,NA,NA,NA,NA,NA,NA,NA,NA,NA,0.00,NA,NA,NA
2025-12-18 19:00:00,214.58,400.82,78.19,90.15,111.55,NA,NA,2.56,5.08,NA,NA,NA,NA,NA,NA,NA,NA,NA,NA,NA,0.00,NA,NA,NA
2025-12-18 20:00:00,206.25,419.22,130.30,85.51,151.45,NA,NA,2.99,5.92,NA,NA,NA,NA,NA,NA,NA,NA,NA,NA,NA,0.00,NA,NA,NA
2025-12-18 21:00:00,200.77,450.85,211.39,89.74,219.62,NA,NA,3.66,5.68,NA,NA,NA,NA,NA,NA,NA,NA,NA,NA,NA,0.00,NA,NA,NA
2025-12-18 22:00:00,263.02,464.50,190.37,87.91,201.53,NA,NA,3.90,6.30,NA,NA,NA,NA,NA,NA,NA,NA,NA,NA,NA,0.00,NA,NA,NA
2025-12-18 23:00:00,259.85,503.80,260.09,83.96,256.11,NA,NA,4.50,6.30,NA,NA,NA,NA,NA,NA,NA,NA,NA,NA,NA,0.00,NA,NA,NA
2025-12-19 00:00:00,253.32,553.62,208.83,87.02,216.03,NA,NA,4.35,7.02,NA,NA,NA,NA,NA,NA,NA,NA,NA,NA,NA,0.00,NA,NA,NA
2025-12-19 01:00:00,249.12,523.60,155.84,70.64,164.25,NA,NA,3.71,5.84,NA,NA,NA,NA,NA,NA,NA,NA,NA,NA,NA,0.00,NA,NA,NA
2025-12-19 02:00:00,275.92,523.88,73.14,58.74,90.70,NA,NA,2.78,3.85,NA,NA,NA,NA,NA,NA,NA,NA,NA,NA,NA,0.00,NA,NA,NA
2025-12-19 03:00:00,172.50,296.25,54.67,52.48,72.36,NA,NA,2.40,3.16,NA,NA,NA,NA,NA,NA,NA,NA,NA,NA,NA,0.00,NA,NA,NA
2025-12-19 04:00:00,96.40,154.48,42.57,50.06,61.24,NA,NA,2.12,3.04,NA,NA,NA,NA,NA,NA,NA,NA,NA,NA,NA,0.00,NA,NA,NA
2025-12-19 05:00:00,87.90,146.72,43.84,57.32,66.13,NA,NA,2.13,3.67,NA,NA,NA,NA,NA,NA,NA,NA,NA,NA,NA,0.00,NA,NA,NA
2025-12-19 06:00:00,91.08,165.52,40.88,54.02,61.97,NA,NA,2.08,3.90,NA,NA,NA,NA,NA,NA,NA,NA,NA,NA,NA,0.00,NA,NA,NA
2025-12-19 07:00:00,97.43,192.52,31.99,47.11,51.05,NA,NA,1.89,4.56,NA,NA,NA,NA,NA,NA,NA,NA,NA,NA,NA,0.00,NA,NA,NA
2025-12-19 08:00:00,104.35,194.85,29.90,49.48,50.61,NA,NA,1.92,5.17,NA,NA,NA,NA,NA,NA,NA,NA,NA,NA,NA,0.00,NA,NA,NA
2025-12-19 09:00:00,114.35,188.28,35.38,50.47,55.63,NA,NA,1.85,5.36,NA,NA,NA,NA,NA,NA,NA,NA,NA,NA,NA,0.00,NA,NA,NA
2025-12-19 10:00:00,129.95,183.00,27.28,50.13,48.84,NA,NA,1.83,7.10,NA,NA,NA,NA,NA,NA,NA,NA,NA,NA,NA,0.00,NA,NA,NA
2025-12-19 11:00:00,120.12,185.32,27.40,57.65,52.95,NA,NA,1.74,9.08,NA,NA,NA,NA,NA,NA,NA,NA,NA,NA,NA,0.00,NA,NA,NA
2025-12-19 12:00:00,118.67,238.27,15.83,69.56,49.85,NA,NA,1.67,NA,NA,NA,NA,NA,NA,NA,NA,NA,NA,NA,NA,0.00,NA,NA,NA
2025-12-19 13:00:00,167.05,269.38,NA,NA,NA,NA,NA,1.49,30.53,NA,NA,NA,NA,NA,NA,NA,NA,NA,NA,NA,0.00,NA,NA,NA
2025-12-19 14:00:00,154.88,259.62,4.24,51.02,30.58,NA,NA,NA,41.88,NA,NA,NA,NA,NA,NA,NA,NA,NA,NA,NA,0.00,NA,NA,NA
2025-12-19 15:00:00,148.68,247.62,5.05,45.31,28.21,NA,NA,NA,50.00,NA,NA,NA,NA,NA,NA,NA,NA,NA,NA,NA,0.00,NA,NA,NA
2025-12-19 16:00:00,112.92,236.52,4.11,48.88,29.35,NA,NA,0.25,44.54,NA,NA,NA,NA,NA,NA,NA,NA,NA,NA,NA,0.00,NA,NA,NA
2025-12-19 17:00:00,95.43,227.88,10.24,81.17,51.50,NA,NA,0.38,23.54,NA,NA,NA,NA,NA,NA,NA,NA,NA,NA,NA,0.00,NA,NA,NA
2025-12-19 18:00:00,125.90,247.65,53.77,96.40,95.05,NA,NA,0.77,12.50,NA,NA,NA,NA,NA,NA,NA,NA,NA,NA,NA,0.00,NA,NA,NA
2025-12-19 19:00:00,131.20,291.50,181.26,98.46,199.78,NA,NA,1.71,9.17,NA,NA,NA,NA,NA,NA,NA,NA,NA,NA,NA,0.00,NA,NA,NA
2025-12-19 20:00:00,144.55,338.32,273.34,94.09,272.32,NA,NA,2.37,10.21,NA,NA,NA,NA,NA,NA,NA,NA,NA,NA,NA,0.00,NA,NA,NA
2025-12-19 21:00:00,182.42,425.28,393.70,85.54,365.60,NA,NA,3.60,11.07,NA,NA,NA,NA,NA,NA,NA,NA,NA,NA,NA,0.00,NA,NA,NA
2025-12-19 22:00:00,192.25,468.80,420.78,89.36,389.66,NA,NA,4.19,11.66,NA,NA,NA,NA,NA,NA,NA,NA,NA,NA,NA,0.00,NA,NA,NA
2025-12-19 23:00:00,192.30,464.85,457.21,94.87,422.19,NA,NA,4.31,10.42,NA,NA,NA,NA,NA,NA,NA,NA,NA,NA,NA,0.00,NA,NA,NA
2025-12-20 00:00:00,203.50,428.75,NA,92.88,471.58,NA,NA,4.56,10.33,NA,NA,NA,NA,NA,NA,NA,NA,NA,NA,NA,0.00,NA,NA,NA
2025-12-20 01:00:00,183.12,401.60,412.81,98.60,388.00,NA,NA,3.58,10.35,NA,NA,NA,NA,NA,NA,NA,NA,NA,NA,NA,0.00,NA,NA,NA
2025-12-20 02:00:00,200.72,416.85,252.25,80.21,247.74,NA,NA,2.80,10.62,NA,NA,NA,NA,NA,NA,NA,NA,NA,NA,NA,0.00,NA,NA,NA
2025-12-20 03:00:00,226.42,460.45,300.54,74.65,284.06,NA,NA,3.37,10.77,NA,NA,NA,NA,NA,NA,NA,NA,NA,NA,NA,0.00,NA,NA,NA
2025-12-20 04:00:00,234.30,505.25,342.24,71.92,316.47,NA,NA,3.61,9.44,NA,NA,NA,NA,NA,NA,NA,NA,NA,NA,NA,0.00,NA,NA,NA
2025-12-20 05:00:00,234.98,429.67,361.25,63.94,327.72,NA,NA,3.39,9.23,NA,NA,NA,NA,NA,NA,NA,NA,NA,NA,NA,0.00,NA,NA,NA
2025-12-20 06:00:00,204.77,437.98,455.20,68.85,406.74,NA,NA,3.71,9.23,NA,NA,NA,NA,NA,NA,NA,NA,NA,NA,NA,0.00,NA,NA,NA
2025-12-20 07:00:00,181.08,393.28,203.79,63.90,199.60,NA,NA,2.05,9.12,NA,NA,NA,NA,NA,NA,NA,NA,NA,NA,NA,0.00,NA,NA,NA
2025-12-20 08:00:00,206.05,398.55,118.39,72.37,134.72,NA,NA,1.92,10.13,NA,NA,NA,NA,NA,NA,NA,NA,NA,NA,NA,0.00,NA,NA,NA
2025-12-20 09:00:00,257.12,457.33,95.20,78.99,119.40,NA,NA,2.15,10.45,NA,NA,NA,NA,NA,NA,NA,NA,NA,NA,NA,0.00,NA,NA,NA
2025-12-20 10:00:00,243.48,397.12,77.07,56.35,92.63,NA,NA,1.83,11.09,NA,NA,NA,NA,NA,NA,NA,NA,NA,NA,NA,0.00,NA,NA,NA
2025-12-20 11:00:00,161.38,338.20,62.38,52.60,78.69,NA,NA,1.58,13.08,NA,NA,NA,NA,NA,NA,NA,NA,NA,NA,NA,0.00,NA,NA,NA
2025-12-20 12:00:00,125.72,245.15,47.39,46.25,63.14,NA,NA,1.30,16.66,NA,NA,NA,NA,NA,NA,NA,NA,NA,NA,NA,0.00,NA,NA,NA
2025-12-20 13:00:00,119.08,231.25,40.92,58.84,64.56,NA,NA,1.11,23.27,NA,NA,NA,NA,NA,NA,NA,NA,NA,NA,NA,0.00,NA,NA,NA
2025-12-20 14:00:00,129.90,254.15,30.34,62.72,58.03,NA,NA,0.89,32.56,NA,NA,NA,NA,NA,NA,NA,NA,NA,NA,NA,0.00,NA,NA,NA
2025-12-20 15:00:00,161.82,296.83,24.83,63.54,53.99,NA,NA,0.75,37.43,NA,NA,NA,NA,NA,NA,NA,NA,NA,NA,NA,0.00,NA,NA,NA
2025-12-20 16:00:00,186.80,318.45,24.66,73.67,59.25,NA,NA,0.84,26.01,NA,NA,NA,NA,NA,NA,NA,NA,NA,NA,NA,0.00,NA,NA,NA
2025-12-20 17:00:00,189.82,356.70,29.65,74.57,63.77,NA,NA,0.87,12.40,NA,NA,NA,NA,NA,NA,NA,NA,NA,NA,NA,0.00,NA,NA,NA
2025-12-20 18:00:00,231.28,428.42,28.11,59.00,54.24,NA,NA,0.83,11.21,NA,NA,NA,NA,NA,NA,NA,NA,NA,NA,NA,0.00,NA,NA,NA
2025-12-20 19:00:00,208.40,407.80,29.70,53.50,52.61,NA,NA,0.89,10.03,NA,NA,NA,NA,NA,NA,NA,NA,NA,NA,NA,0.00,NA,NA,NA
2025-12-20 20:00:00,177.62,396.68,27.06,50.09,48.64,NA,NA,0.75,10.24,NA,NA,NA,NA,NA,NA,NA,NA,NA,NA,NA,0.00,NA,NA,NA
2025-12-20 21:00:00,167.10,388.70,26.48,49.65,47.93,NA,NA,0.74,10.06,NA,NA,NA,NA,NA,NA,NA,NA,NA,NA,NA,0.00,NA,NA,NA
2025-12-20 22:00:00,153.00,322.35,18.19,42.29,37.28,NA,NA,0.62,14.07,NA,NA,NA,NA,NA,NA,NA,NA,NA,NA,NA,0.00,NA,NA,NA
2025-12-20 23:00:00,151.60,301.12,18.17,43.57,37.95,NA,NA,0.55,14.30,NA,NA,NA,NA,NA,NA,NA,NA,NA,NA,NA,0.00,NA,NA,NA
2025-12-21 00:00:00,151.83,296.27,17.19,46.19,38.55,NA,NA,0.58,12.87,NA,NA,NA,NA,NA,NA,NA,NA,NA,NA,NA,0.00,NA,NA,NA
2025-12-21 01:00:00,150.68,338.85,20.01,45.24,40.33,NA,NA,0.62,12.29,NA,NA,NA,NA,NA,NA,NA,NA,NA,NA,NA,0.00,NA,NA,NA
2025-12-21 02:00:00,126.65,307.42,12.81,37.70,30.47,NA,NA,0.37,16.43,NA,NA,NA,NA,NA,NA,NA,NA,NA,NA,NA,0.00,NA,NA,NA
2025-12-21 03:00:00,110.45,254.23,12.58,37.30,30.07,NA,NA,0.34,16.20,NA,NA,NA,NA,NA,NA,NA,NA,NA,NA,NA,0.00,NA,NA,NA
2025-12-21 04:00:00,114.12,240.78,11.73,36.68,29.05,NA,NA,0.31,15.83,NA,NA,NA,NA,NA,NA,NA,NA,NA,NA,NA,0.00,NA,NA,NA
2025-12-21 05:00:00,117.68,233.27,11.29,37.90,29.34,NA,NA,0.29,15.65,NA,NA,NA,NA,NA,NA,NA,NA,NA,NA,NA,0.00,NA,NA,NA
2025-12-21 06:00:00,141.30,224.00,9.44,31.73,24.55,NA,NA,0.23,16.81,NA,NA,NA,NA,NA,NA,NA,NA,NA,NA,NA,0.00,NA,NA,NA
2025-12-21 07:00:00,120.25,222.98,11.71,33.63,27.41,NA,NA,0.30,14.21,NA,NA,NA,NA,NA,NA,NA,NA,NA,NA,NA,0.00,NA,NA,NA
2025-12-21 08:00:00,116.00,225.62,13.95,36.65,30.84,NA,NA,0.28,12.77,NA,NA,NA,NA,NA,NA,NA,NA,NA,NA,NA,0.00,NA,NA,NA
2025-12-21 09:00:00,104.98,208.90,11.15,33.56,26.92,NA,NA,0.26,15.04,NA,NA,NA,NA,NA,NA,NA,NA,NA,NA,NA,0.00,NA,NA,NA
2025-12-21 10:00:00,110.55,209.50,13.20,35.47,29.60,NA,NA,0.30,14.10,NA,NA,NA,NA,NA,NA,NA,NA,NA,NA,NA,0.00,NA,NA,NA
2025-12-21 11:00:00,114.30,236.52,12.17,36.38,29.25,NA,NA,0.32,16.56,NA,NA,NA,NA,NA,NA,NA,NA,NA,NA,NA,0.00,NA,NA,NA
2025-12-21 12:00:00,117.95,235.55,12.86,43.43,33.56,NA,NA,0.39,22.27,NA,NA,NA,NA,NA,NA,NA,NA,NA,NA,NA,0.00,NA,NA,NA
2025-12-21 13:00:00,119.50,240.45,9.66,45.76,32.19,NA,NA,0.44,31.58,NA,NA,NA,NA,NA,NA,NA,NA,NA,NA,NA,0.00,NA,NA,NA
2025-12-21 14:00:00,153.45,262.12,9.61,61.65,40.61,NA,NA,0.48,33.17,NA,NA,NA,NA,NA,NA,NA,NA,NA,NA,NA,0.00,NA,NA,NA
2025-12-21 15:00:00,177.75,318.30,8.07,61.96,39.52,NA,NA,0.61,35.76,NA,NA,NA,NA,NA,NA,NA,NA,NA,NA,NA,0.00,NA,NA,NA
2025-12-21 16:00:00,165.05,305.77,6.84,56.89,35.83,NA,NA,0.57,31.12,NA,NA,NA,NA,NA,NA,NA,NA,NA,NA,NA,0.00,NA,NA,NA
2025-12-21 17:00:00,165.25,294.88,10.28,62.86,41.80,NA,NA,0.64,16.47,NA,NA,NA,NA,NA,NA,NA,NA,NA,NA,NA,0.00,NA,NA,NA
2025-12-21 18:00:00,188.20,342.58,12.57,56.79,40.44,NA,NA,0.78,12.79,NA,NA,NA,NA,NA,NA,NA,NA,NA,NA,NA,0.00,NA,NA,NA
2025-12-21 19:00:00,187.70,354.92,23.23,53.49,47.35,NA,NA,0.97,11.01,NA,NA,NA,NA,NA,NA,NA,NA,NA,NA,NA,0.00,NA,NA,NA
2025-12-21 20:00:00,174.30,351.25,29.06,49.89,50.16,NA,NA,1.00,10.52,NA,NA,NA,NA,NA,NA,NA,NA,NA,NA,NA,0.00,NA,NA,NA
2025-12-21 21:00:00,164.40,372.30,24.31,46.45,44.48,NA,NA,0.92,9.94,NA,NA,NA,NA,NA,NA,NA,NA,NA,NA,NA,0.00,NA,NA,NA
2025-12-21 22:00:00,153.35,343.65,23.64,44.88,43.08,NA,NA,0.87,9.26,NA,NA,NA,NA,NA,NA,NA,NA,NA,NA,NA,0.00,NA,NA,NA
2025-12-21 23:00:00,149.45,343.42,16.64,38.64,34.08,NA,NA,0.63,10.46,NA,NA,NA,NA,NA,NA,NA,NA,NA,NA,NA,0.00,NA,NA,NA
2025-12-22 00:00:00,158.10,316.45,12.64,39.40,31.24,NA,NA,0.38,12.87,NA,NA,NA,NA,NA,NA,NA,NA,NA,NA,NA,0.00,NA,NA,NA
2025-12-22 01:00:00,149.65,313.65,9.65,35.11,26.52,NA,NA,0.31,15.59,NA,NA,NA,NA,NA,NA,NA,NA,NA,NA,NA,0.00,NA,NA,NA
2025-12-22 02:00:00,142.05,301.27,9.71,35.09,26.56,NA,NA,0.29,15.80,NA,NA,NA,NA,NA,NA,NA,NA,NA,NA,NA,0.00,NA,NA,NA
2025-12-22 03:00:00,135.65,320.78,9.19,34.52,25.83,NA,NA,0.31,17.65,NA,NA,NA,NA,NA,NA,NA,NA,NA,NA,NA,0.00,NA,NA,NA
2025-12-22 04:00:00,135.00,296.70,10.18,36.27,27.56,NA,NA,0.32,16.45,NA,NA,NA,NA,NA,NA,NA,NA,NA,NA,NA,0.00,NA,NA,NA
2025-12-22 05:00:00,117.32,268.98,10.67,33.76,26.64,NA,NA,0.34,16.03,NA,NA,NA,NA,NA,NA,NA,NA,NA,NA,NA,0.00,NA,NA,NA
2025-12-22 06:00:00,128.57,282.90,9.93,34.56,26.46,NA,NA,0.32,15.10,NA,NA,NA,NA,NA,NA,NA,NA,NA,NA,NA,0.00,NA,NA,NA
2025-12-22 07:00:00,139.82,260.88,12.60,37.29,30.08,NA,NA,0.36,13.07,NA,NA,NA,NA,NA,NA,NA,NA,NA,NA,NA,0.00,NA,NA,NA
2025-12-22 08:00:00,131.05,258.42,11.71,37.48,29.46,NA,NA,0.33,12.94,NA,NA,NA,NA,NA,NA,NA,NA,NA,NA,NA,0.00,NA,NA,NA
2025-12-22 09:00:00,129.40,253.10,12.33,36.17,29.26,NA,NA,0.28,14.14,NA,NA,NA,NA,NA,NA,NA,NA,NA,NA,NA,0.00,NA,NA,NA
2025-12-22 10:00:00,129.00,279.68,12.17,35.36,28.70,NA,NA,0.31,17.03,NA,NA,NA,NA,NA,NA,NA,NA,NA,NA,NA,0.00,NA,NA,NA
2025-12-22 11:00:00,133.30,269.40,12.53,39.34,31.11,NA,NA,0.37,24.33,NA,NA,NA,NA,NA,NA,NA,NA,NA,NA,NA,0.00,NA,NA,NA
2025-12-22 12:00:00,140.43,273.62,10.76,61.39,41.40,NA,NA,0.32,37.78,NA,NA,NA,NA,NA,NA,NA,NA,NA,NA,NA,0.00,NA,NA,NA
2025-12-22 13:00:00,153.78,324.98,8.44,71.68,44.99,NA,NA,0.41,43.81,NA,NA,NA,NA,NA,NA,NA,NA,NA,NA,NA,0.00,NA,NA,NA
2025-12-22 14:00:00,187.70,334.62,4.43,71.15,41.45,NA,NA,0.52,75.44,NA,NA,NA,NA,NA,NA,NA,NA,NA,NA,NA,0.00,NA,NA,NA
2025-12-22 15:00:00,177.85,341.65,3.92,84.36,48.06,NA,NA,0.76,80.25,NA,NA,NA,NA,NA,NA,NA,NA,NA,NA,NA,0.00,NA,NA,NA
2025-12-22 16:00:00,193.22,423.28,4.42,122.43,68.73,NA,NA,0.92,57.11,NA,NA,NA,NA,NA,NA,NA,NA,NA,NA,NA,0.00,NA,NA,NA
2025-12-22 17:00:00,204.30,476.30,17.99,171.40,105.82,NA,NA,1.30,20.31,NA,NA,NA,NA,NA,NA,NA,NA,NA,NA,NA,0.00,NA,NA,NA
2025-12-22 18:00:00,271.42,583.52,43.09,147.34,113.43,NA,NA,1.61,13.06,NA,NA,NA,NA,NA,NA,NA,NA,NA,NA,NA,0.00,NA,NA,NA
2025-12-22 19:00:00,328.25,715.23,118.10,132.90,166.72,NA,NA,2.52,12.69,NA,NA,NA,NA,NA,NA,NA,NA,NA,NA,NA,0.00,NA,NA,NA
2025-12-22 20:00:00,360.18,789.92,179.75,124.37,212.31,NA,NA,3.34,12.82,NA,NA,NA,NA,NA,NA,NA,NA,NA,NA,NA,0.00,NA,NA,NA
2025-12-22 21:00:00,395.92,829.42,219.66,113.39,238.88,NA,NA,3.65,12.85,NA,NA,NA,NA,NA,NA,NA,NA,NA,NA,NA,0.00,NA,NA,NA
2025-12-22 22:00:00,353.80,798.85,241.56,105.73,252.66,NA,NA,3.81,11.94,NA,NA,NA,NA,NA,NA,NA,NA,NA,NA,NA,0.00,NA,NA,NA
2025-12-22 23:00:00,333.00,770.25,249.70,96.84,254.54,NA,NA,3.96,12.12,NA,NA,NA,NA,NA,NA,NA,NA,NA,NA,NA,0.00,NA,NA,NA
2025-12-23 00:00:00,357.75,714.75,207.02,85.90,213.99,NA,NA,3.95,11.60,NA,NA,NA,NA,NA,NA,NA,NA,NA,NA,NA,0.00,NA,NA,NA
2025-12-23 01:00:00,308.80,713.70,261.40,72.47,251.02,NA,NA,4.02,10.76,NA,NA,NA,NA,NA,NA,NA,NA,NA,NA,NA,0.00,NA,NA,NA
2025-12-23 02:00:00,261.77,624.62,132.87,78.45,149.74,NA,NA,2.37,9.73,NA,NA,NA,NA,NA,NA,NA,NA,NA,NA,NA,0.00,NA,NA,NA
2025-12-23 03:00:00,269.08,507.28,140.63,67.85,150.45,NA,NA,2.23,9.30,NA,NA,NA,NA,NA,NA,NA,NA,NA,NA,NA,0.00,NA,NA,NA
2025-12-23 04:00:00,227.78,466.18,102.25,60.49,115.28,NA,NA,1.86,8.25,NA,NA,NA,NA,NA,NA,NA,NA,NA,NA,NA,0.00,NA,NA,NA
2025-12-23 05:00:00,167.62,358.12,82.05,66.11,101.87,NA,NA,1.65,9.04,NA,NA,NA,NA,NA,NA,NA,NA,NA,NA,NA,0.00,NA,NA,NA
2025-12-23 06:00:00,143.90,291.55,71.28,57.75,88.65,NA,NA,1.47,8.72,NA,NA,NA,NA,NA,NA,NA,NA,NA,NA,NA,0.00,NA,NA,NA
2025-12-23 07:00:00,117.82,266.88,51.09,50.61,68.46,NA,NA,1.31,8.75,NA,NA,NA,NA,NA,NA,NA,NA,NA,NA,NA,0.00,NA,NA,NA
2025-12-23 08:00:00,135.52,229.77,59.89,50.95,75.80,NA,NA,1.34,9.49,NA,NA,NA,NA,NA,NA,NA,NA,NA,NA,NA,0.00,NA,NA,NA
2025-12-23 09:00:00,143.00,217.85,49.96,53.04,68.84,NA,NA,1.28,10.18,NA,NA,NA,NA,NA,NA,NA,NA,NA,NA,NA,0.00,NA,NA,NA
2025-12-23 10:00:00,124.82,209.55,37.53,62.76,63.89,NA,NA,1.17,14.36,NA,NA,NA,NA,NA,NA,NA,NA,NA,NA,NA,0.00,NA,NA,NA
2025-12-23 11:00:00,132.75,252.78,28.59,64.73,57.70,NA,NA,0.97,21.32,NA,NA,NA,NA,NA,NA,NA,NA,NA,NA,NA,0.00,NA,NA,NA
2025-12-23 12:00:00,134.12,264.98,18.07,57.80,45.43,NA,NA,0.87,37.62,NA,NA,NA,NA,NA,NA,NA,NA,NA,NA,NA,0.00,NA,NA,NA
2025-12-23 13:00:00,145.75,253.10,15.23,60.72,44.68,NA,NA,0.73,47.04,NA,NA,NA,NA,NA,NA,NA,NA,NA,NA,NA,0.00,NA,NA,NA
2025-12-23 14:00:00,119.82,243.18,10.97,52.25,36.70,NA,NA,0.68,55.77,NA,NA,NA,NA,NA,NA,NA,NA,NA,NA,NA,0.00,NA,NA,NA
2025-12-23 15:00:00,124.80,255.40,9.18,47.54,32.74,NA,NA,0.52,54.95,NA,NA,NA,NA,NA,NA,NA,NA,NA,NA,NA,0.00,NA,NA,NA
2025-12-23 16:00:00,126.12,211.60,7.93,48.74,32.37,NA,NA,0.46,49.30,NA,NA,NA,NA,NA,NA,NA,NA,NA,NA,NA,0.00,NA,NA,NA
2025-12-23 17:00:00,123.42,221.32,7.61,57.30,36.67,NA,NA,0.47,38.85,NA,NA,NA,NA,NA,NA,NA,NA,NA,NA,NA,0.00,NA,NA,NA
2025-12-23 18:00:00,152.70,265.18,7.89,62.76,39.79,NA,NA,0.61,26.50,NA,NA,NA,NA,NA,NA,NA,NA,NA,NA,NA,0.00,NA,NA,NA
2025-12-23 19:00:00,168.95,289.45,9.61,63.49,41.58,NA,NA,0.82,20.25,NA,NA,NA,NA,NA,NA,NA,NA,NA,NA,NA,0.00,NA,NA,NA
2025-12-23 20:00:00,151.77,268.65,7.93,51.82,34.01,NA,NA,0.77,17.72,NA,NA,NA,NA,NA,NA,NA,NA,NA,NA,NA,0.00,NA,NA,NA
2025-12-23 21:00:00,137.52,262.08,14.60,56.84,42.11,NA,NA,0.82,11.76,NA,NA,NA,NA,NA,NA,NA,NA,NA,NA,NA,0.00,NA,NA,NA
2025-12-23 22:00:00,119.42,258.68,10.23,53.14,36.58,NA,NA,0.74,11.42,NA,NA,NA,NA,NA,NA,NA,NA,NA,NA,NA,0.00,NA,NA,NA
2025-12-23 23:00:00,106.42,220.00,12.84,51.80,38.00,NA,NA,0.60,9.44,NA,NA,NA,NA,NA,NA,NA,NA,NA,NA,NA,0.00,NA,NA,NA
2025-12-24 00:00:00,97.80,187.78,11.99,53.02,37.94,NA,NA,0.55,10.18,NA,NA,NA,NA,NA,NA,NA,NA,NA,NA,NA,0.00,NA,NA,NA
2025-12-24 01:00:00,128.45,169.32,11.71,49.48,35.84,NA,NA,0.42,9.49,NA,NA,NA,NA,NA,NA,NA,NA,NA,NA,NA,0.00,NA,NA,NA
2025-12-24 02:00:00,105.55,181.95,14.59,55.46,41.36,NA,NA,0.36,9.81,NA,NA,NA,NA,NA,NA,NA,NA,NA,NA,NA,0.00,NA,NA,NA
2025-12-24 03:00:00,80.55,155.88,12.94,48.73,36.44,NA,NA,0.18,10.12,NA,NA,NA,NA,NA,NA,NA,NA,NA,NA,NA,0.00,NA,NA,NA
2025-12-24 04:00:00,76.70,137.93,14.47,46.45,36.48,NA,NA,0.13,10.31,NA,NA,NA,NA,NA,NA,NA,NA,NA,NA,NA,0.00,NA,NA,NA
2025-12-24 05:00:00,57.65,96.55,17.87,43.84,37.84,NA,NA,0.04,10.59,NA,NA,NA,NA,NA,NA,NA,NA,NA,NA,NA,0.00,NA,NA,NA
2025-12-24 06:00:00,49.15,86.40,19.46,42.00,38.15,NA,NA,0.03,11.91,NA,NA,NA,NA,NA,NA,NA,NA,NA,NA,NA,0.00,NA,NA,NA
2025-12-24 07:00:00,49.25,88.28,25.06,43.83,43.71,NA,NA,0.07,11.09,NA,NA,NA,NA,NA,NA,NA,NA,NA,NA,NA,0.00,NA,NA,NA
2025-12-24 08:00:00,55.20,102.08,30.28,46.25,49.23,NA,NA,0.17,12.00,NA,NA,NA,NA,NA,NA,NA,NA,NA,NA,NA,0.00,NA,NA,NA
2025-12-24 09:00:00,47.12,108.92,22.70,45.26,42.53,NA,NA,0.08,17.06,NA,NA,NA,NA,NA,NA,NA,NA,NA,NA,NA,0.00,NA,NA,NA
2025-12-24 10:00:00,46.02,110.25,13.98,43.35,34.42,NA,NA,0.01,23.81,NA,NA,NA,NA,NA,NA,NA,NA,NA,NA,NA,0.00,NA,NA,NA
2025-12-24 11:00:00,42.95,114.95,8.87,35.34,26.02,NA,NA,0.00,35.75,NA,NA,NA,NA,NA,NA,NA,NA,NA,NA,NA,0.00,NA,NA,NA
2025-12-24 12:00:00,34.70,101.57,7.22,34.13,24.02,NA,NA,0.00,43.61,NA,NA,NA,NA,NA,NA,NA,NA,NA,NA,NA,0.00,NA,NA,NA
2025-12-24 13:00:00,40.85,103.90,6.20,30.27,21.14,NA,NA,0.00,46.30,NA,NA,NA,NA,NA,NA,NA,NA,NA,NA,NA,0.00,NA,NA,NA
2025-12-24 14:00:00,28.35,79.72,5.37,33.95,22.43,NA,NA,0.22,50.36,NA,NA,NA,NA,NA,NA,NA,NA,NA,NA,NA,0.00,NA,NA,NA
2025-12-24 15:00:00,26.87,74.05,4.92,35.38,22.82,NA,NA,0.19,51.97,NA,NA,NA,NA,NA,NA,NA,NA,NA,NA,NA,0.00,NA,NA,NA
2025-12-24 16:00:00,20.72,66.95,4.90,42.15,26.40,NA,NA,0.26,46.04,NA,NA,NA,NA,NA,NA,NA,NA,NA,NA,NA,0.00,NA,NA,NA
2025-12-24 17:00:00,13.18,69.40,3.91,45.74,27.51,NA,NA,0.40,41.79,NA,NA,NA,NA,NA,NA,NA,NA,NA,NA,NA,0.00,NA,NA,NA
2025-12-24 18:00:00,27.25,94.15,8.04,69.30,43.41,NA,NA,0.45,22.57,NA,NA,NA,NA,NA,NA,NA,NA,NA,NA,NA,0.00,NA,NA,NA
2025-12-24 19:00:00,49.18,127.10,50.74,87.26,87.72,NA,NA,0.83,10.74,NA,NA,NA,NA,NA,NA,NA,NA,NA,NA,NA,0.00,NA,NA,NA
2025-12-24 20:00:00,65.75,176.82,128.88,84.60,149.78,NA,NA,1.45,10.21,NA,NA,NA,NA,NA,NA,NA,NA,NA,NA,NA,0.00,NA,NA,NA
2025-12-24 21:00:00,82.38,181.22,68.36,80.06,98.15,NA,NA,1.25,11.09,NA,NA,NA,NA,NA,NA,NA,NA,NA,NA,NA,0.00,NA,NA,NA
2025-12-24 22:00:00,95.32,207.62,89.01,85.03,117.57,NA,NA,1.35,11.81,NA,NA,NA,NA,NA,NA,NA,NA,NA,NA,NA,0.00,NA,NA,NA
2025-12-24 23:00:00,90.93,178.23,87.55,78.09,112.73,NA,NA,1.27,10.18,NA,NA,NA,NA,NA,NA,NA,NA,NA,NA,NA,0.00,NA,NA,NA
2025-12-25 00:00:00,76.78,183.95,74.81,82.73,104.84,NA,NA,1.18,9.81,NA,NA,NA,NA,NA,NA,NA,NA,NA,NA,NA,0.00,NA,NA,NA
2025-12-25 01:00:00,67.40,177.75,113.85,80.18,135.22,NA,NA,1.37,9.28,NA,NA,NA,NA,NA,NA,NA,NA,NA,NA,NA,0.00,NA,NA,NA
2025-12-25 02:00:00,73.25,197.42,137.90,80.14,154.73,NA,NA,1.53,9.97,NA,NA,NA,NA,NA,NA,NA,NA,NA,NA,NA,0.00,NA,NA,NA
2025-12-25 03:00:00,72.97,178.20,99.27,82.10,124.37,NA,NA,1.16,9.10,NA,NA,NA,NA,NA,NA,NA,NA,NA,NA,NA,0.00,NA,NA,NA
2025-12-25 04:00:00,79.53,176.60,75.15,72.95,99.90,NA,NA,1.03,9.56,NA,NA,NA,NA,NA,NA,NA,NA,NA,NA,NA,0.00,NA,NA,NA
2025-12-25 05:00:00,62.28,179.48,64.69,75.86,92.93,NA,NA,0.93,9.56,NA,NA,NA,NA,NA,NA,NA,NA,NA,NA,NA,0.00,NA,NA,NA
2025-12-25 06:00:00,53.80,158.00,93.85,70.71,113.94,NA,NA,1.00,9.64,NA,NA,NA,NA,NA,NA,NA,NA,NA,NA,NA,0.00,NA,NA,NA
2025-12-25 07:00:00,50.20,157.40,104.28,74.39,124.33,NA,NA,1.11,9.43,NA,NA,NA,NA,NA,NA,NA,NA,NA,NA,NA,0.00,NA,NA,NA
2025-12-25 08:00:00,54.20,133.98,51.01,79.22,83.59,NA,NA,0.85,14.19,NA,NA,NA,NA,NA,NA,NA,NA,NA,NA,NA,0.00,NA,NA,NA
2025-12-25 09:00:00,46.00,123.70,24.17,63.22,53.29,NA,NA,0.60,25.13,NA,NA,NA,NA,NA,NA,NA,NA,NA,NA,NA,0.00,NA,NA,NA
2025-12-25 10:00:00,56.58,141.65,18.99,57.24,45.86,NA,NA,0.50,30.78,NA,NA,NA,NA,NA,NA,NA,NA,NA,NA,NA,0.00,NA,NA,NA
2025-12-25 11:00:00,63.80,161.23,12.51,48.88,36.17,NA,NA,0.49,44.96,NA,NA,NA,NA,NA,NA,NA,NA,NA,NA,NA,0.00,NA,NA,NA
2025-12-25 12:00:00,56.12,170.62,10.87,52.88,36.96,NA,NA,0.45,50.91,NA,NA,NA,NA,NA,NA,NA,NA,NA,NA,NA,0.00,NA,NA,NA
2025-12-25 13:00:00,66.30,174.75,11.22,59.27,40.64,NA,NA,0.45,55.75,NA,NA,NA,NA,NA,NA,NA,NA,NA,NA,NA,0.00,NA,NA,NA
2025-12-25 14:00:00,61.25,157.65,6.76,42.84,28.28,NA,NA,0.40,67.90,NA,NA,NA,NA,NA,NA,NA,NA,NA,NA,NA,0.00,NA,NA,NA
2025-12-25 15:00:00,54.88,130.93,5.91,44.57,28.52,NA,NA,0.36,65.00,NA,NA,NA,NA,NA,NA,NA,NA,NA,NA,NA,0.00,NA,NA,NA
2025-12-25 16:00:00,43.18,121.70,5.86,55.99,34.55,NA,NA,0.37,47.71,NA,NA,NA,NA,NA,NA,NA,NA,NA,NA,NA,0.00,NA,NA,NA
2025-12-25 17:00:00,49.45,136.10,16.30,80.70,56.20,NA,NA,0.53,30.99,NA,NA,NA,NA,NA,NA,NA,NA,NA,NA,NA,0.00,NA,NA,NA
2025-12-25 18:00:00,77.62,216.58,94.69,110.86,136.00,NA,NA,1.21,9.47,NA,NA,NA,NA,NA,NA,NA,NA,NA,NA,NA,0.00,NA,NA,NA
2025-12-25 19:00:00,94.22,305.52,209.81,107.46,227.76,NA,NA,2.02,10.57,NA,NA,NA,NA,NA,NA,NA,NA,NA,NA,NA,0.00,NA,NA,NA
2025-12-25 20:00:00,119.87,354.98,257.49,100.84,263.00,NA,NA,2.30,12.13,NA,NA,NA,NA,NA,NA,NA,NA,NA,NA,NA,0.00,NA,NA,NA
2025-12-25 21:00:00,159.32,418.70,327.64,99.39,319.24,NA,NA,3.17,12.34,NA,NA,NA,NA,NA,NA,NA,NA,NA,NA,NA,0.00,NA,NA,NA
2025-12-25 22:00:00,166.55,432.52,346.27,98.40,333.81,NA,NA,3.54,12.59,NA,NA,NA,NA,NA,NA,NA,NA,NA,NA,NA,0.00,NA,NA,NA
2025-12-25 23:00:00,179.90,442.60,333.30,88.67,318.22,NA,NA,3.56,12.79,NA,NA,NA,NA,NA,NA,NA,NA,NA,NA,NA,0.00,NA,NA,NA
2025-12-26 00:00:00,195.40,466.10,388.08,92.82,364.88,NA,NA,3.87,11.47,NA,NA,NA,NA,NA,NA,NA,NA,NA,NA,NA,0.00,NA,NA,NA
2025-12-26 01:00:00,200.70,438.05,435.08,88.20,400.64,NA,NA,3.86,10.69,NA,NA,NA,NA,NA,NA,NA,NA,NA,NA,NA,0.00,NA,NA,NA
2025-12-26 02:00:00,184.05,450.02,412.91,84.14,380.46,NA,NA,3.72,10.26,NA,NA,NA,NA,NA,NA,NA,NA,NA,NA,NA,0.00,NA,NA,NA
2025-12-26 03:00:00,170.52,397.32,324.95,87.78,310.83,NA,NA,3.52,11.12,NA,NA,NA,NA,NA,NA,NA,NA,NA,NA,NA,0.00,NA,NA,NA
2025-12-26 04:00:00,182.42,421.55,193.07,71.60,195.01,NA,NA,2.70,9.31,NA,NA,NA,NA,NA,NA,NA,NA,NA,NA,NA,0.00,NA,NA,NA
2025-12-26 05:00:00,121.60,277.27,95.49,72.22,116.02,NA,NA,1.59,8.45,NA,NA,NA,NA,NA,NA,NA,NA,NA,NA,NA,0.00,NA,NA,NA
2025-12-26 06:00:00,76.85,180.10,63.15,77.25,92.44,NA,NA,1.32,8.78,NA,NA,NA,NA,NA,NA,NA,NA,NA,NA,NA,0.00,NA,NA,NA
2025-12-26 07:00:00,116.93,196.62,106.70,82.10,130.41,NA,NA,1.53,9.58,NA,NA,NA,NA,NA,NA,NA,NA,NA,NA,NA,0.00,NA,NA,NA
2025-12-26 08:00:00,110.22,238.60,85.89,85.44,115.28,NA,NA,1.34,10.01,NA,NA,NA,NA,NA,NA,NA,NA,NA,NA,NA,0.00,NA,NA,NA
2025-12-26 09:00:00,93.02,243.38,51.87,84.64,87.17,NA,NA,1.18,17.17,NA,NA,NA,NA,NA,NA,NA,NA,NA,NA,NA,0.00,NA,NA,NA
2025-12-26 10:00:00,70.22,171.42,38.56,76.97,72.30,NA,NA,0.90,25.94,NA,NA,NA,NA,NA,NA,NA,NA,NA,NA,NA,0.00,NA,NA,NA
2025-12-26 11:00:00,76.25,169.92,27.59,69.50,59.39,NA,NA,0.73,38.77,NA,NA,NA,NA,NA,NA,NA,NA,NA,NA,NA,0.00,NA,NA,NA
2025-12-26 12:00:00,61.50,140.85,4.74,45.66,28.14,NA,NA,0.36,44.53,NA,NA,NA,NA,NA,NA,NA,NA,NA,NA,NA,0.00,NA,NA,NA
2025-12-26 13:00:00,60.65,155.25,3.76,42.19,25.50,NA,NA,0.30,53.03,NA,NA,NA,NA,NA,NA,NA,NA,NA,NA,NA,0.00,NA,NA,NA
2025-12-26 14:00:00,53.65,138.38,2.32,43.25,24.89,NA,NA,0.29,60.97,NA,NA,NA,NA,NA,NA,NA,NA,NA,NA,NA,0.00,NA,NA,NA
2025-12-26 15:00:00,53.38,142.33,2.05,43.05,24.56,NA,NA,0.25,65.76,NA,NA,NA,NA,NA,NA,NA,NA,NA,NA,NA,0.00,NA,NA,NA
2025-12-26 16:00:00,51.45,142.75,2.15,62.63,35.06,NA,NA,0.36,50.56,NA,NA,NA,NA,NA,NA,NA,NA,NA,NA,NA,0.00,NA,NA,NA
2025-12-26 17:00:00,64.62,164.08,4.10,90.46,51.45,NA,NA,0.51,26.60,NA,NA,NA,NA,NA,NA,NA,NA,NA,NA,NA,0.00,NA,NA,NA
2025-12-26 18:00:00,113.80,232.55,16.74,111.52,72.92,NA,NA,0.89,13.37,NA,NA,NA,NA,NA,NA,NA,NA,NA,NA,NA,0.00,NA,NA,NA
2025-12-26 19:00:00,149.75,318.48,51.13,120.13,105.47,NA,NA,1.47,11.42,NA,NA,NA,NA,NA,NA,NA,NA,NA,NA,NA,0.00,NA,NA,NA
2025-12-26 20:00:00,175.42,359.95,139.98,118.59,177.00,NA,NA,2.26,12.17,NA,NA,NA,NA,NA,NA,NA,NA,NA,NA,NA,0.00,NA,NA,NA
2025-12-26 21:00:00,198.15,469.13,204.55,112.53,226.20,NA,NA,3.33,13.04,NA,NA,NA,NA,NA,NA,NA,NA,NA,NA,NA,0.00,NA,NA,NA
2025-12-26 22:00:00,204.25,510.43,334.78,103.79,327.45,NA,NA,4.18,12.73,NA,NA,NA,NA,NA,NA,NA,NA,NA,NA,NA,0.00,NA,NA,NA
2025-12-26 23:00:00,237.50,583.70,378.99,96.46,359.39,NA,NA,4.55,13.40,NA,NA,NA,NA,NA,NA,NA,NA,NA,NA,NA,0.00,NA,NA,NA
2025-12-27 00:00:00,268.52,525.15,298.58,85.01,287.94,NA,NA,3.84,11.83,NA,NA,NA,NA,NA,NA,NA,NA,NA,NA,NA,0.00,NA,NA,NA
2025-12-27 01:00:00,240.12,542.12,280.73,80.86,271.24,NA,NA,3.78,11.24,NA,NA,NA,NA,NA,NA,NA,NA,NA,NA,NA,0.00,NA,NA,NA
2025-12-27 02:00:00,215.05,477.20,276.14,76.77,265.26,NA,NA,3.52,10.82,NA,NA,NA,NA,NA,NA,NA,NA,NA,NA,NA,0.00,NA,NA,NA
2025-12-27 03:00:00,221.97,457.28,197.01,80.18,202.81,NA,NA,2.87,9.52,NA,NA,NA,NA,NA,NA,NA,NA,NA,NA,NA,0.00,NA,NA,NA
2025-12-27 04:00:00,213.50,373.78,129.26,78.62,146.86,NA,NA,2.18,8.97,NA,NA,NA,NA,NA,NA,NA,NA,NA,NA,NA,0.00,NA,NA,NA
2025-12-27 05:00:00,208.00,371.40,80.33,70.19,102.64,NA,NA,1.73,8.79,NA,NA,NA,NA,NA,NA,NA,NA,NA,NA,NA,0.00,NA,NA,NA
2025-12-27 06:00:00,179.10,350.45,66.91,65.02,88.98,NA,NA,1.56,8.39,NA,NA,NA,NA,NA,NA,NA,NA,NA,NA,NA,0.00,NA,NA,NA
2025-12-27 07:00:00,116.42,242.50,54.07,59.04,75.37,NA,NA,1.40,8.58,NA,NA,NA,NA,NA,NA,NA,NA,NA,NA,NA,0.00,NA,NA,NA
2025-12-27 08:00:00,105.55,227.85,53.30,57.81,74.09,NA,NA,1.28,10.08,NA,NA,NA,NA,NA,NA,NA,NA,NA,NA,NA,0.00,NA,NA,NA
2025-12-27 09:00:00,115.62,280.30,39.08,57.19,62.19,NA,NA,1.24,12.85,NA,NA,NA,NA,NA,NA,NA,NA,NA,NA,NA,0.00,NA,NA,NA
2025-12-27 10:00:00,170.45,292.35,31.65,64.62,60.11,NA,NA,1.22,17.73,NA,NA,NA,NA,NA,NA,NA,NA,NA,NA,NA,0.00,NA,NA,NA
2025-12-27 11:00:00,168.40,315.58,22.33,71.74,56.32,NA,NA,1.19,33.96,NA,NA,NA,NA,NA,NA,NA,NA,NA,NA,NA,0.00,NA,NA,NA
2025-12-27 12:00:00,156.48,339.28,15.32,70.89,50.16,NA,NA,1.06,56.94,NA,NA,NA,NA,NA,NA,NA,NA,NA,NA,NA,0.00,NA,NA,NA
2025-12-27 13:00:00,130.65,284.28,11.04,62.98,42.48,NA,NA,0.94,71.05,NA,NA,NA,NA,NA,NA,NA,NA,NA,NA,NA,0.00,NA,NA,NA
2025-12-27 14:00:00,107.12,232.85,8.76,62.68,40.46,NA,NA,0.84,68.43,NA,NA,NA,NA,NA,NA,NA,NA,NA,NA,NA,0.00,NA,NA,NA
2025-12-27 15:00:00,93.10,231.18,7.38,66.20,41.22,NA,NA,0.80,65.76,NA,NA,NA,NA,NA,NA,NA,NA,NA,NA,NA,0.00,NA,NA,NA
2025-12-27 16:00:00,92.60,243.72,7.03,77.17,46.77,NA,NA,0.78,50.86,NA,NA,NA,NA,NA,NA,NA,NA,NA,NA,NA,0.00,NA,NA,NA
2025-12-27 17:00:00,97.40,203.62,10.62,106.96,65.53,NA,NA,0.97,22.73,NA,NA,NA,NA,NA,NA,NA,NA,NA,NA,NA,0.00,NA,NA,NA
2025-12-27 18:00:00,119.88,262.08,35.07,111.16,87.68,NA,NA,1.17,15.27,NA,NA,NA,NA,NA,NA,NA,NA,NA,NA,NA,0.00,NA,NA,NA
2025-12-27 19:00:00,140.30,320.17,67.94,118.00,118.03,NA,NA,1.92,11.44,NA,NA,NA,NA,NA,NA,NA,NA,NA,NA,NA,0.00,NA,NA,NA
2025-12-27 20:00:00,173.12,383.60,242.29,118.68,260.18,NA,NA,2.73,11.03,NA,NA,NA,NA,NA,NA,NA,NA,NA,NA,NA,0.00,NA,NA,NA
2025-12-27 21:00:00,154.70,432.92,382.24,109.96,369.26,NA,NA,3.26,10.44,NA,NA,NA,NA,NA,NA,NA,NA,NA,NA,NA,0.00,NA,NA,NA
2025-12-27 22:00:00,179.55,482.45,358.22,111.20,350.34,NA,NA,4.01,13.13,NA,NA,NA,NA,NA,NA,NA,NA,NA,NA,NA,0.00,NA,NA,NA
2025-12-27 23:00:00,237.42,565.03,287.74,106.74,290.67,NA,NA,4.18,14.74,NA,NA,NA,NA,NA,NA,NA,NA,NA,NA,NA,0.00,NA,NA,NA
2025-12-28 00:00:00,291.33,571.95,337.46,92.27,323.48,NA,NA,4.56,13.22,NA,NA,NA,NA,NA,NA,NA,NA,NA,NA,NA,0.00,NA,NA,NA
2025-12-28 01:00:00,290.95,630.67,271.43,87.82,267.36,NA,NA,4.43,12.45,NA,NA,NA,NA,NA,NA,NA,NA,NA,NA,NA,0.00,NA,NA,NA
2025-12-28 02:00:00,259.82,597.78,330.45,73.39,307.70,NA,NA,4.38,10.20,NA,NA,NA,NA,NA,NA,NA,NA,NA,NA,NA,0.00,NA,NA,NA
2025-12-28 03:00:00,225.05,430.55,120.35,74.57,137.45,NA,NA,2.25,7.85,NA,NA,NA,NA,NA,NA,NA,NA,NA,NA,NA,0.00,NA,NA,NA
2025-12-28 04:00:00,173.18,274.48,70.12,71.41,94.99,NA,NA,1.85,8.39,NA,NA,NA,NA,NA,NA,NA,NA,NA,NA,NA,0.00,NA,NA,NA
2025-12-28 05:00:00,168.85,326.88,101.98,71.57,121.00,NA,NA,1.87,8.91,NA,NA,NA,NA,NA,NA,NA,NA,NA,NA,NA,0.00,NA,NA,NA
2025-12-28 06:00:00,158.90,309.80,84.39,64.56,102.94,NA,NA,1.84,8.81,NA,NA,NA,NA,NA,NA,NA,NA,NA,NA,NA,0.00,NA,NA,NA
2025-12-28 07:00:00,133.10,252.02,109.85,66.31,124.59,NA,NA,1.84,8.62,NA,NA,NA,NA,NA,NA,NA,NA,NA,NA,NA,0.00,NA,NA,NA
2025-12-28 08:00:00,122.60,262.35,58.54,74.50,87.19,NA,NA,1.59,10.88,NA,NA,NA,NA,NA,NA,NA,NA,NA,NA,NA,0.00,NA,NA,NA
2025-12-28 09:00:00,120.35,292.52,41.19,73.48,72.57,NA,NA,1.39,15.22,NA,NA,NA,NA,NA,NA,NA,NA,NA,NA,NA,0.00,NA,NA,NA
2025-12-28 10:00:00,159.78,262.10,29.02,63.12,57.18,NA,NA,1.14,26.07,NA,NA,NA,NA,NA,NA,NA,NA,NA,NA,NA,0.00,NA,NA,NA
2025-12-28 11:00:00,132.78,227.38,23.04,67.45,54.60,NA,NA,1.01,39.66,NA,NA,NA,NA,NA,NA,NA,NA,NA,NA,NA,0.00,NA,NA,NA
2025-12-28 12:00:00,122.72,249.92,16.35,54.92,42.50,NA,NA,0.91,55.12,NA,NA,NA,NA,NA,NA,NA,NA,NA,NA,NA,0.00,NA,NA,NA
2025-12-28 13:00:00,115.50,232.55,13.06,52.25,38.41,NA,NA,0.84,63.12,NA,NA,NA,NA,NA,NA,NA,NA,NA,NA,NA,0.00,NA,NA,NA
2025-12-28 14:00:00,80.43,165.52,9.88,47.90,33.51,NA,NA,0.67,66.55,NA,NA,NA,NA,NA,NA,NA,NA,NA,NA,NA,0.00,NA,NA,NA
2025-12-28 15:00:00,82.58,153.48,8.51,51.22,34.16,NA,NA,0.72,65.35,NA,NA,NA,NA,NA,NA,NA,NA,NA,NA,NA,0.00,NA,NA,NA
2025-12-28 16:00:00,83.38,172.10,8.16,67.15,42.35,NA,NA,0.77,51.98,NA,NA,NA,NA,NA,NA,NA,NA,NA,NA,NA,0.00,NA,NA,NA
2025-12-28 17:00:00,84.18,191.85,7.17,54.44,34.78,NA,NA,0.72,47.97,NA,NA,NA,NA,NA,NA,NA,NA,NA,NA,NA,0.00,NA,NA,NA
2025-12-28 18:00:00,107.35,212.78,39.93,95.43,83.24,NA,NA,1.17,17.02,NA,NA,NA,NA,NA,NA,NA,NA,NA,NA,NA,0.00,NA,NA,NA
2025-12-28 19:00:00,174.48,338.72,75.71,114.37,122.40,NA,NA,1.75,9.74,NA,NA,NA,NA,NA,NA,NA,NA,NA,NA,NA,0.00,NA,NA,NA
2025-12-28 20:00:00,229.77,447.98,125.29,109.86,160.31,NA,NA,2.77,11.31,NA,NA,NA,NA,NA,NA,NA,NA,NA,NA,NA,0.00,NA,NA,NA
2025-12-28 21:00:00,310.23,654.22,101.68,99.89,135.79,NA,NA,2.97,12.28,NA,NA,NA,NA,NA,NA,NA,NA,NA,NA,NA,0.00,NA,NA,NA
2025-12-28 22:00:00,395.70,774.15,86.99,90.75,119.00,NA,NA,3.01,12.52,NA,NA,NA,NA,NA,NA,NA,NA,NA,NA,NA,0.00,NA,NA,NA
2025-12-28 23:00:00,396.70,742.50,108.26,81.13,131.17,NA,NA,3.08,11.25,NA,NA,NA,NA,NA,NA,NA,NA,NA,NA,NA,0.00,NA,NA,NA
2025-12-29 00:00:00,349.82,692.00,88.58,73.10,110.90,NA,NA,2.85,9.67,NA,NA,NA,NA,NA,NA,NA,NA,NA,NA,NA,0.00,NA,NA,NA
2025-12-29 01:00:00,323.65,587.47,45.07,62.90,70.09,NA,NA,2.38,8.61,NA,NA,NA,NA,NA,NA,NA,NA,NA,NA,NA,0.00,NA,NA,NA
2025-12-29 02:00:00,202.95,337.62,25.21,53.32,48.86,NA,NA,2.05,8.70,NA,NA,NA,NA,NA,NA,NA,NA,NA,NA,NA,0.00,NA,NA,NA
2025-12-29 03:00:00,129.85,207.98,21.18,44.03,40.64,NA,NA,1.82,8.35,NA,NA,NA,NA,NA,NA,NA,NA,NA,NA,NA,0.00,NA,NA,NA
2025-12-29 04:00:00,108.58,215.88,17.56,42.52,36.90,NA,NA,1.71,8.74,NA,NA,NA,NA,NA,NA,NA,NA,NA,NA,NA,0.00,NA,NA,NA
2025-12-29 05:00:00,116.15,234.10,29.29,49.45,50.11,NA,NA,1.74,9.06,NA,NA,NA,NA,NA,NA,NA,NA,NA,NA,NA,0.00,NA,NA,NA
2025-12-29 06:00:00,128.98,250.92,26.88,57.10,52.22,NA,NA,1.75,8.59,NA,NA,NA,NA,NA,NA,NA,NA,NA,NA,NA,0.00,NA,NA,NA
2025-12-29 07:00:00,166.65,242.48,18.37,53.22,43.24,NA,NA,1.56,10.17,NA,NA,NA,NA,NA,NA,NA,NA,NA,NA,NA,0.00,NA,NA,NA
2025-12-29 08:00:00,147.48,275.58,20.44,56.60,46.73,NA,NA,1.47,10.19,NA,NA,NA,NA,NA,NA,NA,NA,NA,NA,NA,0.00,NA,NA,NA
2025-12-29 09:00:00,145.65,315.58,16.68,58.04,44.41,NA,NA,1.36,13.17,NA,NA,NA,NA,NA,NA,NA,NA,NA,NA,NA,0.00,NA,NA,NA
2025-12-29 10:00:00,149.95,331.12,21.58,72.11,55.91,NA,NA,1.45,13.50,NA,NA,NA,NA,NA,NA,NA,NA,NA,NA,NA,0.00,NA,NA,NA
2025-12-29 11:00:00,159.80,374.72,16.63,74.47,53.13,NA,NA,1.39,21.66,NA,NA,NA,NA,NA,NA,NA,NA,NA,NA,NA,0.00,NA,NA,NA
2025-12-29 12:00:00,172.18,351.90,15.16,72.07,50.66,NA,NA,1.39,26.10,NA,NA,NA,NA,NA,NA,NA,NA,NA,NA,NA,0.00,NA,NA,NA
2025-12-29 13:00:00,186.82,319.38,12.41,81.60,53.49,NA,NA,1.36,42.17,NA,NA,NA,NA,NA,NA,NA,NA,NA,NA,NA,0.00,NA,NA,NA
2025-12-29 14:00:00,174.40,332.08,6.89,79.01,47.62,NA,NA,1.24,52.40,NA,NA,NA,NA,NA,NA,NA,NA,NA,NA,NA,0.00,NA,NA,NA
2025-12-29 15:00:00,143.98,295.95,4.99,63.38,37.77,NA,NA,1.00,54.58,NA,NA,NA,NA,NA,NA,NA,NA,NA,NA,NA,0.00,NA,NA,NA
2025-12-29 16:00:00,123.98,248.08,4.71,60.47,35.99,NA,NA,0.96,44.77,NA,NA,NA,NA,NA,NA,NA,NA,NA,NA,NA,0.00,NA,NA,NA
2025-12-29 17:00:00,125.42,249.02,6.42,70.52,42.74,NA,NA,1.14,25.57,NA,NA,NA,NA,NA,NA,NA,NA,NA,NA,NA,0.00,NA,NA,NA
2025-12-29 18:00:00,170.58,315.92,46.47,95.30,88.45,NA,NA,1.48,8.92,NA,NA,NA,NA,NA,NA,NA,NA,NA,NA,NA,0.00,NA,NA,NA
2025-12-29 19:00:00,166.28,360.08,114.16,81.41,136.15,NA,NA,1.98,10.09,NA,NA,NA,NA,NA,NA,NA,NA,NA,NA,NA,0.00,NA,NA,NA
2025-12-29 20:00:00,195.68,424.65,125.91,77.50,143.56,NA,NA,2.21,10.96,NA,NA,NA,NA,NA,NA,NA,NA,NA,NA,NA,0.00,NA,NA,NA
2025-12-29 21:00:00,223.90,518.30,111.42,61.18,123.12,NA,NA,2.58,11.76,NA,NA,NA,NA,NA,NA,NA,NA,NA,NA,NA,0.00,NA,NA,NA
2025-12-29 22:00:00,214.42,430.72,79.21,50.39,91.19,NA,NA,2.37,10.51,NA,NA,NA,NA,NA,NA,NA,NA,NA,NA,NA,0.00,NA,NA,NA
2025-12-29 23:00:00,184.05,297.27,58.94,48.02,73.46,NA,NA,2.18,10.22,NA,NA,NA,NA,NA,NA,NA,NA,NA,NA,NA,0.00,NA,NA,NA
2025-12-30 00:00:00,131.40,207.55,59.80,46.18,73.17,NA,NA,1.95,8.91,NA,NA,NA,NA,NA,NA,NA,NA,NA,NA,NA,0.00,NA,NA,NA
2025-12-30 01:00:00,107.57,172.38,48.69,45.29,63.67,NA,NA,1.67,8.19,NA,NA,NA,NA,NA,NA,NA,NA,NA,NA,NA,0.00,NA,NA,NA
2025-12-30 02:00:00,113.18,203.32,61.01,51.34,76.93,NA,NA,1.84,9.52,NA,NA,NA,NA,NA,NA,NA,NA,NA,NA,NA,0.00,NA,NA,NA
2025-12-30 03:00:00,161.10,343.88,78.41,78.84,105.67,NA,NA,2.33,10.62,NA,NA,NA,NA,NA,NA,NA,NA,NA,NA,NA,0.00,NA,NA,NA
2025-12-30 04:00:00,159.28,353.78,62.51,78.72,92.70,NA,NA,2.26,9.87,NA,NA,NA,NA,NA,NA,NA,NA,NA,NA,NA,0.00,NA,NA,NA
2025-12-30 05:00:00,154.48,317.20,58.28,80.32,90.11,NA,NA,2.24,9.73,NA,NA,NA,NA,NA,NA,NA,NA,NA,NA,NA,0.00,NA,NA,NA
2025-12-30 06:00:00,191.90,357.32,64.32,81.69,95.76,NA,NA,2.08,9.58,NA,NA,NA,NA,NA,NA,NA,NA,NA,NA,NA,0.00,NA,NA,NA
2025-12-30 07:00:00,174.48,341.00,73.62,80.55,102.70,NA,NA,2.11,9.40,NA,NA,NA,NA,NA,NA,NA,NA,NA,NA,NA,0.00,NA,NA,NA
2025-12-30 08:00:00,157.82,321.27,50.67,68.22,77.46,NA,NA,1.83,9.17,NA,NA,NA,NA,NA,NA,NA,NA,NA,NA,NA,0.00,NA,NA,NA
2025-12-30 09:00:00,142.18,326.60,43.99,64.71,70.18,NA,NA,1.59,9.46,NA,NA,NA,NA,NA,NA,NA,NA,NA,NA,NA,0.00,NA,NA,NA
2025-12-30 10:00:00,169.38,344.20,47.63,73.27,77.68,NA,NA,1.62,11.10,NA,NA,NA,NA,NA,NA,NA,NA,NA,NA,NA,0.00,NA,NA,NA
2025-12-30 11:00:00,185.08,338.78,27.59,75.47,62.57,NA,NA,1.60,20.15,NA,NA,NA,NA,NA,NA,NA,NA,NA,NA,NA,0.00,NA,NA,NA
2025-12-30 12:00:00,187.02,355.50,23.81,77.34,60.49,NA,NA,1.44,23.14,NA,NA,NA,NA,NA,NA,NA,NA,NA,NA,NA,0.00,NA,NA,NA
2025-12-30 13:00:00,156.88,277.38,17.95,70.26,51.96,NA,NA,1.30,33.16,NA,NA,NA,NA,NA,NA,NA,NA,NA,NA,NA,0.00,NA,NA,NA
2025-12-30 14:00:00,121.32,214.52,12.84,65.74,45.41,NA,NA,1.08,40.47,NA,NA,NA,NA,NA,NA,NA,NA,NA,NA,NA,0.00,NA,NA,NA
2025-12-30 15:00:00,64.92,146.10,10.71,59.37,40.29,NA,NA,0.87,36.58,NA,NA,NA,NA,NA,NA,NA,NA,NA,NA,NA,0.00,NA,NA,NA
2025-12-30 16:00:00,49.42,151.68,10.58,64.35,42.83,NA,NA,0.83,31.85,NA,NA,NA,NA,NA,NA,NA,NA,NA,NA,NA,0.00,NA,NA,NA
2025-12-30 17:00:00,82.78,171.52,26.52,91.32,70.13,NA,NA,1.12,12.07,NA,NA,NA,NA,NA,NA,NA,NA,NA,NA,NA,0.00,NA,NA,NA
2025-12-30 18:00:00,121.98,237.82,63.09,92.76,100.67,NA,NA,1.51,10.96,NA,NA,NA,NA,NA,NA,NA,NA,NA,NA,NA,0.00,NA,NA,NA
2025-12-30 19:00:00,125.95,282.15,137.44,97.35,163.56,NA,NA,2.07,9.93,NA,NA,NA,NA,NA,NA,NA,NA,NA,NA,NA,0.00,NA,NA,NA
2025-12-30 20:00:00,178.78,366.45,184.74,104.34,205.69,NA,NA,3.07,13.05,NA,NA,NA,NA,NA,NA,NA,NA,NA,NA,NA,0.00,NA,NA,NA
2025-12-30 21:00:00,237.85,500.50,245.74,98.93,252.46,NA,NA,4.04,14.38,NA,NA,NA,NA,NA,NA,NA,NA,NA,NA,NA,0.00,NA,NA,NA
2025-12-30 22:00:00,222.90,534.30,338.26,93.19,324.57,NA,NA,4.43,12.13,NA,NA,NA,NA,NA,NA,NA,NA,NA,NA,NA,0.00,NA,NA,NA
2025-12-30 23:00:00,216.60,530.30,413.06,83.56,380.32,NA,NA,4.93,11.62,NA,NA,NA,NA,NA,NA,NA,NA,NA,NA,NA,0.00,NA,NA,NA
2025-12-31 00:00:00,259.65,596.40,444.62,82.07,405.10,NA,NA,5.12,11.96,NA,NA,NA,NA,NA,NA,NA,NA,NA,NA,NA,0.00,NA,NA,NA
2025-12-31 01:00:00,257.65,615.70,343.59,72.00,317.64,NA,NA,5.25,11.93,NA,NA,NA,NA,NA,NA,NA,NA,NA,NA,NA,0.00,NA,NA,NA
2025-12-31 02:00:00,261.55,608.08,353.75,61.00,320.02,NA,NA,4.90,10.45,NA,NA,NA,NA,NA,NA,NA,NA,NA,NA,NA,0.00,NA,NA,NA
2025-12-31 03:00:00,305.15,595.28,169.67,71.97,176.18,NA,NA,3.56,9.59,NA,NA,NA,NA,NA,NA,NA,NA,NA,NA,NA,0.00,NA,NA,NA
2025-12-31 04:00:00,313.48,628.67,91.48,69.23,111.19,NA,NA,2.97,9.50,NA,NA,NA,NA,NA,NA,NA,NA,NA,NA,NA,0.00,NA,NA,NA
2025-12-31 05:00:00,296.48,618.95,96.79,66.82,114.23,NA,NA,2.98,9.48,NA,NA,NA,NA,NA,NA,NA,NA,NA,NA,NA,0.00,NA,NA,NA
2025-12-31 06:00:00,265.85,526.62,80.64,59.76,97.32,NA,NA,2.63,9.08,NA,NA,NA,NA,NA,NA,NA,NA,NA,NA,NA,0.00,NA,NA,NA
2025-12-31 07:00:00,196.65,299.27,53.02,45.97,67.55,NA,NA,2.00,8.51,NA,NA,NA,NA,NA,NA,NA,NA,NA,NA,NA,0.00,NA,NA,NA
2025-12-31 08:00:00,99.45,203.65,39.66,44.01,55.65,NA,NA,1.61,10.10,NA,NA,NA,NA,NA,NA,NA,NA,NA,NA,NA,0.00,NA,NA,NA
2025-12-31 09:00:00,104.15,211.25,34.58,43.73,51.38,NA,NA,1.53,11.70,NA,NA,NA,NA,NA,NA,NA,NA,NA,NA,NA,0.00,NA,NA,NA
2025-12-31 10:00:00,115.40,214.42,34.85,46.39,53.01,NA,NA,1.62,12.80,NA,NA,NA,NA,NA,NA,NA,NA,NA,NA,NA,0.00,NA,NA,NA
2025-12-31 11:00:00,122.50,226.88,33.99,49.73,54.08,NA,NA,1.66,13.00,NA,NA,NA,NA,NA,NA,NA,NA,NA,NA,NA,0.00,NA,NA,NA
2025-12-31 12:00:00,120.45,228.75,30.59,49.76,51.34,NA,NA,1.59,14.80,NA,NA,NA,NA,NA,NA,NA,NA,NA,NA,NA,0.00,NA,NA,NA
2025-12-31 13:00:00,126.30,244.65,27.43,48.44,48.07,NA,NA,1.57,15.50,NA,NA,NA,NA,NA,NA,NA,NA,NA,NA,NA,0.00,NA,NA,NA
2025-12-31 14:00:00,144.48,250.42,25.90,50.00,47.66,NA,NA,1.59,16.20,NA,NA,NA,NA,NA,NA,NA,NA,NA,NA,NA,0.00,NA,NA,NA
2025-12-31 15:00:00,145.10,248.25,22.61,51.33,45.69,NA,NA,1.42,17.45,NA,NA,NA,NA,NA,NA,NA,NA,NA,NA,NA,0.00,NA,NA,NA
2025-12-31 16:00:00,145.88,269.12,21.62,52.12,45.29,NA,NA,1.45,15.56,NA,NA,NA,NA,NA,NA,NA,NA,NA,NA,NA,0.00,NA,NA,NA
2025-12-31 17:00:00,148.70,313.70,18.51,49.35,41.30,NA,NA,1.43,14.33,NA,NA,NA,NA,NA,NA,NA,NA,NA,NA,NA,0.00,NA,NA,NA
2025-12-31 18:00:00,183.27,355.82,26.55,59.51,53.25,NA,NA,1.70,11.66,NA,NA,NA,NA,NA,NA,NA,NA,NA,NA,NA,0.00,NA,NA,NA
2025-12-31 19:00:00,203.18,383.80,20.86,54.00,45.68,NA,NA,1.81,12.06,NA,NA,NA,NA,NA,NA,NA,NA,NA,NA,NA,0.00,NA,NA,NA
2025-12-31 20:00:00,196.92,387.35,21.29,52.40,45.19,NA,NA,1.77,11.15,NA,NA,NA,NA,NA,NA,NA,NA,NA,NA,NA,0.00,NA,NA,NA
2025-12-31 21:00:00,196.25,431.40,27.31,53.04,50.41,NA,NA,1.98,10.83,NA,NA,NA,NA,NA,NA,NA,NA,NA,NA,NA,0.00,NA,NA,NA
2025-12-31 22:00:00,202.65,400.10,16.57,48.86,39.46,NA,NA,1.73,11.50,NA,NA,NA,NA,NA,NA,NA,NA,NA,NA,NA,0.00,NA,NA,NA
2025-12-31 23:00:00,229.35,405.67,16.71,47.35,38.78,NA,NA,1.58,10.88,NA,NA,NA,NA,NA,NA,NA,NA,NA,NA,NA,0.00,NA,NA,NA
