Timestamp,PM2.5 (µg/m³),PM10 (µg/m³),NO (µg/m³),NO2 (µg/m³),NOx (ppb),NH3 (µg/m³),SO2 (µg/m³),CO (mg/m³),Ozone (µg/m³),Benzene (µg/m³),Toluene (µg/m³),Xylene (µg/m³),O Xylene (µg/m³),Eth-Benzene (µg/m³),MP-Xylene (µg/m³),AT (°C),RH (%),WS (m/s),WD (deg),RF (mm),TOT-RF (mm),SR (W/mt2),BP (mmHg),VWS (m/s)
2025-01-01 00:00:00,200.41,424.39,137.17,NA,98.82,NA,NA,1.51,2.75,0.00,0.00,0.00,NA,NA,NA,NA,NA,NA,NA,NA,0.00,NA,NA,NA
2025-01-01 01:00:00,253.74,427.31,153.96,NA,108.86,NA,NA,1.53,4.49,0.00,0.00,0.00,NA,NA,NA,NA,NA,NA,NA,NA,0.00,NA,NA,NA
2025-01-01 02:00:00,241.08,423.43,157.01,NA,111.50,NA,NA,1.52,3.99,0.00,0.00,0.00,NA,NA,NA,NA,NA,NA,NA,NA,0.00,NA,NA,NA
2025-01-01 03:00:00,153.84,391.40,123.85,NA,91.58,NA,NA,1.09,2.27,0.00,0.00,0.00,NA,NA,NA,NA,NA,NA,NA,NA,0.00,NA,NA,NA
2025-01-01 04:00:00,86.06,289.40,83.12,1.86,66.96,NA,NA,0.74,2.64,0.00,0.00,0.00,NA,NA,NA,NA,NA,NA,NA,NA,0.00,NA,NA,NA
2025-01-01 05:00:00,83.68,252.03,60.15,7.61,52.92,NA,NA,0.63,3.33,0.00,0.00,0.00,NA,NA,NA,NA,NA,NA,NA,NA,0.00,NA,NA,NA
2025-01-01 06:00:00,98.14,265.01,45.55,10.77,42.74,NA,NA,0.58,5.88,0.00,0.00,0.00,NA,NA,NA,NA,NA,NA,NA,NA,0.00,NA,NA,NA
2025-01-01 07:00:00,104.24,237.80,31.37,16.23,34.12,NA,NA,0.52,4.42,0.00,0.00,0.00,NA,NA,NA,NA,NA,NA,NA,NA,0.00,NA,NA,NA
2025-01-01 08:00:00,112.51,204.62,22.62,18.13,28.02,NA,NA,0.46,8.18,0.00,0.00,0.00,NA,NA,NA,NA,NA,NA,NA,NA,0.00,NA,NA,NA
2025-01-01 09:00:00,120.15,185.38,16.17,20.80,24.20,NA,NA,0.45,11.62,0.00,0.00,0.00,NA,NA,NA,NA,NA,NA,NA,NA,0.00,NA,NA,NA
2025-01-01 10:00:00,127.95,225.65,11.01,24.01,21.72,NA,NA,0.47,17.70,0.00,0.00,0.00,NA,NA,NA,NA,NA,NA,NA,NA,0.00,NA,NA,NA
2025-01-01 11:00:00,129.20,253.35,7.06,22.78,17.85,NA,NA,0.47,21.44,0.00,0.00,0.00,NA,NA,NA,NA,NA,NA,NA,NA,0.00,NA,NA,NA
2025-01-01 12:00:00,116.89,234.02,4.63,23.47,16.24,NA,NA,0.42,26.31,0.00,0.00,0.00,NA,NA,NA,NA,NA,NA,NA,NA,0.00,NA,NA,NA
2025-01-01 13:00:00,132.97,241.31,5.43,24.37,17.37,NA,NA,0.45,27.52,0.00,0.00,0.00,NA,NA,NA,NA,NA,NA,NA,NA,0.00,NA,NA,NA
2025-01-01 14:00:00,137.30,268.57,5.14,24.46,17.19,NA,NA,0.46,32.07,0.00,0.00,0.00,NA,NA,NA,NA,NA,NA,NA,NA,0.00,NA,NA,NA
2025-01-01 15:00:00,170.39,288.31,5.32,24.16,17.17,NA,NA,0.49,32.00,0.00,0.00,0.00,NA,NA,NA,NA,NA,NA,NA,NA,0.00,NA,NA,NA
2025-01-01 16:00:00,156.21,273.63,4.49,27.40,18.22,NA,NA,0.48,22.38,0.00,0.00,0.00,NA,NA,NA,NA,NA,NA,NA,NA,0.00,NA,NA,NA
2025-01-01 17:00:00,153.41,286.01,5.55,30.19,20.58,NA,NA,0.54,8.47,0.00,0.00,0.00,NA,NA,NA,NA,NA,NA,NA,NA,0.00,NA,NA,NA
2025-01-01 18:00:00,132.28,281.95,13.00,27.56,25.24,NA,NA,0.62,2.41,0.00,0.00,0.00,NA,NA,NA,NA,NA,NA,NA,NA,0.00,NA,NA,NA
2025-01-01 19:00:00,120.80,246.85,23.50,20.34,29.96,NA,NA,0.67,3.55,0.00,0.00,0.00,NA,NA,NA,NA,NA,NA,NA,NA,0.00,NA,NA,NA
2025-01-01 20:00:00,104.78,236.14,43.53,12.41,42.01,NA,NA,0.81,1.62,0.00,0.00,0.00,NA,NA,NA,NA,NA,NA,NA,NA,0.00,NA,NA,NA
2025-01-01 21:00:00,109.78,234.11,55.25,7.66,48.99,NA,NA,0.86,1.75,0.00,0.00,0.00,NA,NA,NA,NA,NA,NA,NA,NA,0.00,NA,NA,NA
2025-01-01 22:00:00,144.49,282.50,59.97,4.52,51.17,NA,NA,0.86,2.17,0.00,0.00,0.00,NA,NA,NA,NA,NA,NA,NA,NA,0.00,NA,NA,NA
2025-01-01 23:00:00,144.80,260.81,55.21,6.15,48.14,NA,NA,0.80,3.05,0.00,0.00,0.00,NA,NA,NA,NA,NA,NA,NA,NA,0.00,NA,NA,NA
2025-01-02 00:00:00,127.45,258.18,44.05,10.67,41.46,NA,NA,0.73,4.05,0.00,0.00,0.00,NA,NA,NA,NA,NA,NA,NA,NA,0.00,NA,NA,NA
2025-01-02 01:00:00,86.69,212.37,27.99,15.13,30.79,NA,NA,0.58,4.67,0.00,0.00,0.00,NA,NA,NA,NA,NA,NA,NA,NA,0.00,NA,NA,NA
2025-01-02 02:00:00,94.86,219.50,19.17,17.36,24.81,NA,NA,0.54,7.49,0.00,0.00,0.00,NA,NA,NA,NA,NA,NA,NA,NA,0.00,NA,NA,NA
2025-01-02 03:00:00,94.23,223.16,11.86,18.77,19.62,NA,NA,0.50,11.40,0.00,0.00,0.00,NA,NA,NA,NA,NA,NA,NA,NA,0.00,NA,NA,NA
2025-01-02 04:00:00,95.13,223.40,7.94,18.81,16.46,NA,NA,0.50,13.97,0.00,0.00,0.00,NA,NA,NA,NA,NA,NA,NA,NA,0.00,NA,NA,NA
2025-01-02 05:00:00,80.97,251.20,5.03,20.82,15.16,NA,NA,0.52,9.53,0.00,0.00,0.00,NA,NA,NA,NA,NA,NA,NA,NA,0.00,NA,NA,NA
2025-01-02 06:00:00,96.05,239.37,4.30,21.41,14.88,NA,NA,0.48,9.18,0.00,0.00,0.00,NA,NA,NA,NA,NA,NA,NA,NA,0.00,NA,NA,NA
2025-01-02 07:00:00,90.52,201.44,4.55,21.00,14.87,NA,NA,0.47,8.25,0.00,0.00,0.00,NA,NA,NA,NA,NA,NA,NA,NA,0.00,NA,NA,NA
2025-01-02 08:00:00,94.74,200.08,5.81,22.27,16.58,NA,NA,0.52,7.48,0.00,0.00,0.00,NA,NA,NA,NA,NA,NA,NA,NA,0.00,NA,NA,NA
2025-01-02 09:00:00,124.62,251.59,8.02,23.10,18.81,NA,NA,0.58,6.18,0.00,0.00,0.00,NA,NA,NA,NA,NA,NA,NA,NA,0.00,NA,NA,NA
2025-01-02 10:00:00,144.03,282.13,8.32,25.21,20.17,NA,NA,0.58,10.89,0.00,0.00,0.00,NA,NA,NA,NA,NA,NA,NA,NA,0.00,NA,NA,NA
2025-01-02 11:00:00,171.58,245.90,7.62,23.91,18.90,NA,NA,0.61,18.07,0.00,0.00,0.00,NA,NA,NA,NA,NA,NA,NA,NA,0.00,NA,NA,NA
2025-01-02 12:00:00,166.82,262.14,8.26,33.41,24.48,NA,NA,0.64,24.22,0.00,0.00,0.00,NA,NA,NA,NA,NA,NA,NA,NA,0.00,NA,NA,NA
2025-01-02 13:00:00,152.12,269.63,7.98,31.21,23.09,NA,NA,0.65,29.82,0.00,0.00,0.00,NA,NA,NA,NA,NA,NA,NA,NA,0.00,NA,NA,NA
2025-01-02 14:00:00,121.20,243.39,7.23,32.86,23.36,NA,NA,0.67,32.80,0.00,0.00,0.00,NA,NA,NA,NA,NA,NA,NA,NA,0.00,NA,NA,NA
2025-01-02 15:00:00,152.45,277.37,6.82,34.15,23.70,NA,NA,0.69,32.73,0.00,0.00,0.00,NA,NA,NA,NA,NA,NA,NA,NA,0.00,NA,NA,NA
2025-01-02 16:00:00,144.31,285.42,7.63,37.83,26.32,NA,NA,0.70,18.80,0.00,0.00,0.00,NA,NA,NA,NA,NA,NA,NA,NA,0.00,NA,NA,NA
2025-01-02 17:00:00,182.21,329.21,12.87,38.63,31.03,NA,NA,0.78,4.05,0.00,0.00,0.00,NA,NA,NA,NA,NA,NA,NA,NA,0.00,NA,NA,NA
2025-01-02 18:00:00,161.01,289.59,37.63,25.67,44.31,NA,NA,0.99,3.73,0.00,0.00,0.00,NA,NA,NA,NA,NA,NA,NA,NA,0.00,NA,NA,NA
2025-01-02 19:00:00,131.81,269.80,80.32,8.02,69.61,NA,NA,1.20,1.68,0.00,0.00,0.00,NA,NA,NA,NA,NA,NA,NA,NA,0.00,NA,NA,NA
2025-01-02 20:00:00,152.92,350.88,97.43,4.28,79.63,NA,NA,1.32,2.59,0.00,0.00,0.00,NA,NA,NA,NA,NA,NA,NA,NA,0.00,NA,NA,NA
2025-01-02 21:00:00,174.81,358.76,131.67,NA,99.60,NA,NA,1.48,2.37,0.00,0.00,0.00,NA,NA,NA,NA,NA,NA,NA,NA,0.00,NA,NA,NA
2025-01-02 22:00:00,177.18,354.88,133.43,NA,101.32,NA,NA,1.38,3.45,0.00,0.00,0.00,NA,NA,NA,NA,NA,NA,NA,NA,0.00,NA,NA,NA
2025-01-02 23:00:00,177.96,322.53,107.00,NA,84.11,NA,NA,1.10,3.31,0.00,0.00,0.00,NA,NA,NA,NA,NA,NA,NA,NA,0.00,NA,NA,NA
2025-01-03 00:00:00,120.70,237.31,89.24,0.68,72.44,NA,NA,1.04,1.39,0.00,0.00,0.00,NA,NA,NA,NA,NA,NA,NA,NA,0.00,NA,NA,NA
2025-01-03 01:00:00,151.48,259.58,88.90,0.45,71.89,NA,NA,1.05,2.49,0.00,0.00,0.00,NA,NA,NA,NA,NA,NA,NA,NA,0.00,NA,NA,NA
2025-01-03 02:00:00,147.66,251.93,92.77,NA,73.21,NA,NA,1.10,2.49,0.00,0.00,0.00,NA,NA,NA,NA,NA,NA,NA,NA,0.00,NA,NA,NA
2025-01-03 03:00:00,146.61,256.44,101.11,NA,77.80,NA,NA,1.15,4.12,0.00,0.00,0.00,NA,NA,NA,NA,NA,NA,NA,NA,0.00,NA,NA,NA
2025-01-03 04:00:00,122.73,260.68,105.02,NA,80.14,NA,NA,1.13,1.36,0.00,0.00,0.00,NA,NA,NA,NA,NA,NA,NA,NA,0.00,NA,NA,NA
2025-01-03 05:00:00,126.87,265.73,105.72,NA,80.58,NA,NA,1.07,3.05,0.00,0.00,0.00,NA,NA,NA,NA,NA,NA,NA,NA,0.00,NA,NA,NA
2025-01-03 06:00:00,131.37,258.06,101.91,NA,79.21,NA,NA,1.06,3.72,0.00,0.00,0.00,NA,NA,NA,NA,NA,NA,NA,NA,0.00,NA,NA,NA
2025-01-03 07:00:00,117.94,289.38,80.97,5.76,68.65,NA,NA,0.96,4.06,0.00,0.00,0.00,NA,NA,NA,NA,NA,NA,NA,NA,0.00,NA,NA,NA
2025-01-03 08:00:00,150.12,301.08,74.17,7.56,64.32,NA,NA,0.99,3.06,0.00,0.00,0.00,NA,NA,NA,NA,NA,NA,NA,NA,0.00,NA,NA,NA
2025-01-03 09:00:00,115.37,272.13,66.29,12.92,60.76,NA,NA,1.00,2.81,0.00,0.00,0.00,NA,NA,NA,NA,NA,NA,NA,NA,0.00,NA,NA,NA
2025-01-03 10:00:00,137.43,370.83,63.38,19.27,61.78,NA,NA,1.05,3.70,0.00,0.00,0.00,NA,NA,NA,NA,NA,NA,NA,NA,0.00,NA,NA,NA
2025-01-03 11:00:00,163.77,482.71,59.46,31.31,65.00,NA,NA,1.11,7.13,0.00,0.00,0.00,NA,NA,NA,NA,NA,NA,NA,NA,0.00,NA,NA,NA
2025-01-03 12:00:00,280.21,548.63,33.13,63.28,60.58,NA,NA,1.16,14.07,0.00,0.00,0.00,NA,NA,NA,NA,NA,NA,NA,NA,0.00,NA,NA,NA
2025-01-03 13:00:00,335.05,602.81,14.77,72.05,50.32,NA,NA,1.26,33.44,0.00,0.00,0.00,NA,NA,NA,NA,NA,NA,NA,NA,0.00,NA,NA,NA
2025-01-03 14:00:00,401.98,675.81,29.14,47.06,48.71,NA,NA,1.18,50.62,0.00,0.00,0.00,NA,NA,NA,NA,NA,NA,NA,NA,0.00,NA,NA,NA
2025-01-03 15:00:00,222.59,431.74,18.07,33.36,32.43,NA,NA,0.80,71.60,0.00,0.00,0.00,NA,NA,NA,NA,NA,NA,NA,NA,0.00,NA,NA,NA
2025-01-03 16:00:00,187.11,347.38,18.51,35.32,33.85,NA,NA,0.83,92.01,0.00,0.00,0.00,NA,NA,NA,NA,NA,NA,NA,NA,0.00,NA,NA,NA
2025-01-03 17:00:00,185.02,318.84,27.57,41.31,44.41,NA,NA,1.05,9.60,0.00,0.00,0.00,NA,NA,NA,NA,NA,NA,NA,NA,0.00,NA,NA,NA
2025-01-03 18:00:00,153.25,315.67,61.80,24.49,63.30,NA,NA,1.33,2.21,0.00,0.00,0.00,NA,NA,NA,NA,NA,NA,NA,NA,0.00,NA,NA,NA
2025-01-03 19:00:00,154.14,318.94,107.58,8.75,87.88,NA,NA,1.53,2.76,0.00,0.00,0.00,NA,NA,NA,NA,NA,NA,NA,NA,0.00,NA,NA,NA
2025-01-03 20:00:00,157.47,359.98,153.81,NA,114.21,NA,NA,1.68,3.22,0.00,0.00,0.00,NA,NA,NA,NA,NA,NA,NA,NA,0.00,NA,NA,NA
2025-01-03 21:00:00,169.50,330.93,197.81,NA,138.63,NA,NA,1.87,4.77,0.00,0.00,0.00,NA,NA,NA,NA,NA,NA,NA,NA,0.00,NA,NA,NA
2025-01-03 22:00:00,174.56,359.73,246.32,NA,168.18,NA,NA,2.11,2.86,0.00,0.00,0.00,NA,NA,NA,NA,NA,NA,NA,NA,0.00,NA,NA,NA
2025-01-03 23:00:00,244.06,426.89,273.61,NA,184.86,NA,NA,2.22,4.14,0.00,0.00,0.00,NA,NA,NA,NA,NA,NA,NA,NA,0.00,NA,NA,NA
2025-01-04 00:00:00,261.65,446.59,272.05,NA,185.24,NA,NA,2.09,5.92,0.00,0.00,0.00,NA,NA,NA,NA,NA,NA,NA,NA,0.00,NA,NA,NA
2025-01-04 01:00:00,194.82,287.56,224.12,NA,155.30,NA,NA,1.89,7.30,0.00,0.00,0.00,NA,NA,NA,NA,NA,NA,NA,NA,0.00,NA,NA,NA
2025-01-04 02:00:00,194.21,262.73,204.27,NA,142.34,NA,NA,1.99,2.79,0.00,0.00,0.00,NA,NA,NA,NA,NA,NA,NA,NA,0.00,NA,NA,NA
2025-01-04 03:00:00,163.95,238.32,186.72,NA,130.84,NA,NA,2.00,5.01,0.00,0.00,0.00,NA,NA,NA,NA,NA,NA,NA,NA,0.00,NA,NA,NA
2025-01-04 04:00:00,180.67,327.88,182.06,NA,128.52,NA,NA,1.98,5.05,0.00,0.00,0.00,NA,NA,NA,NA,NA,NA,NA,NA,0.00,NA,NA,NA
2025-01-04 05:00:00,150.75,256.94,160.05,NA,114.84,NA,NA,1.79,4.84,0.00,0.00,0.00,NA,NA,NA,NA,NA,NA,NA,NA,0.00,NA,NA,NA
2025-01-04 06:00:00,137.86,205.64,139.10,NA,101.73,NA,NA,1.54,5.11,0.00,0.00,0.00,NA,NA,NA,NA,NA,NA,NA,NA,0.00,NA,NA,NA
2025-01-04 07:00:00,103.92,178.29,129.99,NA,96.85,NA,NA,1.47,3.42,0.00,0.00,0.00,NA,NA,NA,NA,NA,NA,NA,NA,0.00,NA,NA,NA
2025-01-04 08:00:00,121.37,192.19,124.79,NA,94.11,NA,NA,1.44,4.49,0.00,0.00,0.00,NA,NA,NA,NA,NA,NA,NA,NA,0.00,NA,NA,NA
2025-01-04 09:00:00,151.71,298.89,120.16,0.62,94.47,NA,NA,1.63,7.68,0.00,0.00,0.00,NA,NA,NA,NA,NA,NA,NA,NA,0.00,NA,NA,NA
2025-01-04 10:00:00,208.39,447.25,99.57,13.66,88.18,NA,NA,1.82,15.90,0.00,0.00,0.00,NA,NA,NA,NA,NA,NA,NA,NA,0.00,NA,NA,NA
2025-01-04 11:00:00,211.79,503.99,35.60,91.72,77.71,NA,NA,1.56,19.67,0.00,0.00,0.00,NA,NA,NA,NA,NA,NA,NA,NA,0.00,NA,NA,NA
2025-01-04 12:00:00,313.40,521.02,23.70,128.50,87.60,NA,NA,1.45,36.01,0.00,0.00,0.00,NA,NA,NA,NA,NA,NA,NA,NA,0.00,NA,NA,NA
2025-01-04 13:00:00,359.52,538.24,20.92,96.32,68.23,NA,NA,1.39,75.08,0.00,0.00,0.00,NA,NA,NA,NA,NA,NA,NA,NA,0.00,NA,NA,NA
2025-01-04 14:00:00,310.68,545.52,20.99,90.00,64.93,NA,NA,1.33,69.91,0.00,0.00,0.00,NA,NA,NA,NA,NA,NA,NA,NA,0.00,NA,NA,NA
2025-01-04 15:00:00,329.32,497.22,20.16,80.52,59.21,NA,NA,1.28,69.41,0.00,0.00,0.00,NA,NA,NA,NA,NA,NA,NA,NA,0.00,NA,NA,NA
2025-01-04 16:00:00,250.81,441.45,19.73,80.30,58.76,NA,NA,1.29,45.39,0.00,0.00,0.00,NA,NA,NA,NA,NA,NA,NA,NA,0.00,NA,NA,NA
2025-01-04 17:00:00,221.61,384.23,20.17,79.01,58.41,NA,NA,1.27,17.91,0.00,0.00,0.00,NA,NA,NA,NA,NA,NA,NA,NA,0.00,NA,NA,NA
2025-01-04 18:00:00,197.53,337.23,21.68,72.51,56.19,NA,NA,1.26,7.47,0.00,0.00,0.00,NA,NA,NA,NA,NA,NA,NA,NA,0.00,NA,NA,NA
2025-01-04 19:00:00,214.04,350.77,22.56,65.92,53.40,NA,NA,1.18,7.63,0.00,0.00,0.00,NA,NA,NA,NA,NA,NA,NA,NA,0.00,NA,NA,NA
2025-01-04 20:00:00,198.99,336.79,24.06,68.62,56.07,NA,NA,1.16,3.04,0.00,0.00,0.00,NA,NA,NA,NA,NA,NA,NA,NA,0.00,NA,NA,NA
2025-01-04 21:00:00,204.18,362.61,26.80,68.68,58.32,NA,NA,1.09,4.08,0.00,0.00,0.00,NA,NA,NA,NA,NA,NA,NA,NA,0.00,NA,NA,NA
2025-01-04 22:00:00,197.72,411.91,24.83,66.01,55.30,NA,NA,1.03,3.83,0.00,0.00,0.00,NA,NA,NA,NA,NA,NA,NA,NA,0.00,NA,NA,NA
2025-01-04 23:00:00,193.11,448.58,23.23,63.45,52.63,NA,NA,0.95,6.49,0.00,0.00,0.00,NA,NA,NA,NA,NA,NA,NA,NA,0.00,NA,NA,NA
2025-01-05 00:00:00,201.21,482.09,22.42,59.99,50.13,NA,NA,0.91,3.45,0.00,0.00,0.00,NA,NA,NA,NA,NA,NA,NA,NA,0.00,NA,NA,NA
2025-01-05 01:00:00,160.28,348.38,20.84,58.69,48.16,NA,NA,0.81,4.26,0.00,0.00,0.00,NA,NA,NA,NA,NA,NA,NA,NA,0.00,NA,NA,NA
2025-01-05 02:00:00,127.94,265.94,20.87,55.69,46.59,NA,NA,0.75,4.52,0.00,0.00,0.00,NA,NA,NA,NA,NA,NA,NA,NA,0.00,NA,NA,NA
2025-01-05 03:00:00,101.80,199.40,20.32,51.98,44.17,NA,NA,0.77,6.34,0.00,0.00,0.00,NA,NA,NA,NA,NA,NA,NA,NA,0.00,NA,NA,NA
2025-01-05 04:00:00,102.91,244.24,21.24,53.13,45.53,NA,NA,0.78,5.16,0.00,0.00,0.00,NA,NA,NA,NA,NA,NA,NA,NA,0.00,NA,NA,NA
2025-01-05 05:00:00,81.62,220.85,21.78,55.61,47.28,NA,NA,0.76,1.76,0.00,0.00,0.00,NA,NA,NA,NA,NA,NA,NA,NA,0.00,NA,NA,NA
2025-01-05 06:00:00,96.15,238.61,22.35,54.75,47.29,NA,NA,0.73,3.08,0.00,0.00,0.00,NA,NA,NA,NA,NA,NA,NA,NA,0.00,NA,NA,NA
2025-01-05 07:00:00,119.79,273.63,24.55,54.83,49.13,NA,NA,0.72,3.54,0.00,0.00,0.00,NA,NA,NA,NA,NA,NA,NA,NA,0.00,NA,NA,NA
2025-01-05 08:00:00,105.16,281.12,26.73,52.80,49.81,NA,NA,0.72,6.83,0.00,0.00,0.00,NA,NA,NA,NA,NA,NA,NA,NA,0.00,NA,NA,NA
2025-01-05 09:00:00,102.31,190.99,25.29,52.12,48.29,NA,NA,0.69,4.65,0.00,0.00,0.00,NA,NA,NA,NA,NA,NA,NA,NA,0.00,NA,NA,NA
2025-01-05 10:00:00,92.22,121.84,24.67,51.62,47.51,NA,NA,0.63,9.63,0.00,0.00,0.00,NA,NA,NA,NA,NA,NA,NA,NA,0.00,NA,NA,NA
2025-01-05 11:00:00,108.03,149.82,24.33,52.35,47.63,NA,NA,0.65,13.94,0.00,0.00,0.00,NA,NA,NA,NA,NA,NA,NA,NA,0.00,NA,NA,NA
2025-01-05 12:00:00,121.24,178.52,23.20,54.40,47.80,NA,NA,0.61,21.76,0.00,0.00,0.00,NA,NA,NA,NA,NA,NA,NA,NA,0.00,NA,NA,NA
2025-01-05 13:00:00,125.36,231.27,22.30,56.51,48.19,NA,NA,0.63,28.25,0.00,0.00,0.00,NA,NA,NA,NA,NA,NA,NA,NA,0.00,NA,NA,NA
2025-01-05 14:00:00,152.37,291.98,21.67,56.85,47.85,NA,NA,0.58,31.35,0.00,0.00,0.00,NA,NA,NA,NA,NA,NA,NA,NA,0.00,NA,NA,NA
2025-01-05 15:00:00,114.20,209.11,20.30,54.39,45.44,NA,NA,0.55,35.66,0.00,0.00,0.00,NA,NA,NA,NA,NA,NA,NA,NA,0.00,NA,NA,NA
2025-01-05 16:00:00,132.02,223.50,20.90,59.46,48.62,NA,NA,0.57,25.29,0.00,0.00,0.00,NA,NA,NA,NA,NA,NA,NA,NA,0.00,NA,NA,NA
2025-01-05 17:00:00,134.83,276.69,20.59,66.82,52.29,NA,NA,0.66,10.18,0.00,0.00,0.00,NA,NA,NA,NA,NA,NA,NA,NA,0.00,NA,NA,NA
2025-01-05 18:00:00,179.76,343.06,27.05,71.79,60.20,NA,NA,0.74,4.02,0.00,0.00,0.00,NA,NA,NA,NA,NA,NA,NA,NA,0.00,NA,NA,NA
2025-01-05 19:00:00,184.38,342.56,40.85,72.62,71.85,NA,NA,0.95,4.35,0.00,0.00,0.00,NA,NA,NA,NA,NA,NA,NA,NA,0.00,NA,NA,NA
2025-01-05 20:00:00,185.85,363.91,40.51,69.40,69.85,NA,NA,0.94,6.12,0.00,0.00,0.00,NA,NA,NA,NA,NA,NA,NA,NA,0.00,NA,NA,NA
2025-01-05 21:00:00,180.77,352.90,40.46,68.14,69.13,NA,NA,1.00,3.04,0.00,0.00,0.00,NA,NA,NA,NA,NA,NA,NA,NA,0.00,NA,NA,NA
2025-01-05 22:00:00,140.27,283.35,33.94,62.28,60.71,NA,NA,0.85,2.78,0.00,0.00,0.00,NA,NA,NA,NA,NA,NA,NA,NA,0.00,NA,NA,NA
2025-01-05 23:00:00,121.30,249.36,37.77,59.27,62.24,NA,NA,0.86,3.15,0.00,0.00,0.00,NA,NA,NA,NA,NA,NA,NA,NA,0.00,NA,NA,NA
2025-01-06 00:00:00,141.14,251.06,51.79,60.40,74.25,NA,NA,0.87,3.05,0.00,0.00,0.00,NA,NA,NA,NA,NA,NA,NA,NA,0.00,NA,NA,NA
2025-01-06 01:00:00,154.97,255.50,66.71,66.29,89.53,NA,NA,0.96,5.70,0.00,0.00,0.00,NA,NA,NA,NA,NA,NA,NA,NA,0.00,NA,NA,NA
2025-01-06 02:00:00,140.75,240.28,72.03,69.33,95.44,NA,NA,0.94,2.67,0.00,0.00,0.00,NA,NA,NA,NA,NA,NA,NA,NA,0.00,NA,NA,NA
2025-01-06 03:00:00,121.81,220.44,58.46,67.65,83.49,NA,NA,0.83,4.96,0.00,0.00,0.00,NA,NA,NA,NA,NA,NA,NA,NA,0.00,NA,NA,NA
2025-01-06 04:00:00,90.29,214.61,43.58,62.35,68.58,NA,NA,0.69,4.61,0.00,0.00,0.00,NA,NA,NA,NA,NA,NA,NA,NA,0.00,NA,NA,NA
2025-01-06 05:00:00,88.65,236.53,36.31,56.97,59.82,NA,NA,0.65,7.19,0.00,0.00,0.00,NA,NA,NA,NA,NA,NA,NA,NA,0.00,NA,NA,NA
2025-01-06 06:00:00,71.23,200.58,30.29,56.79,54.82,NA,NA,0.63,4.17,0.00,0.00,0.00,NA,NA,NA,NA,NA,NA,NA,NA,0.00,NA,NA,NA
2025-01-06 07:00:00,70.85,168.56,28.61,57.86,54.04,NA,NA,0.63,4.45,0.00,0.00,0.00,NA,NA,NA,NA,NA,NA,NA,NA,0.00,NA,NA,NA
2025-01-06 08:00:00,97.75,217.16,33.67,66.96,63.00,NA,NA,0.66,11.01,0.00,0.00,0.00,NA,NA,NA,NA,NA,NA,NA,NA,0.00,NA,NA,NA
2025-01-06 09:00:00,188.85,352.59,34.17,69.56,64.77,NA,NA,0.70,13.81,0.00,0.00,0.00,NA,NA,NA,NA,NA,NA,NA,NA,0.00,NA,NA,NA
2025-01-06 10:00:00,200.94,327.74,29.26,80.07,66.38,NA,NA,0.69,13.00,0.00,0.00,0.00,NA,NA,NA,NA,NA,NA,NA,NA,0.00,NA,NA,NA
2025-01-06 11:00:00,176.32,285.88,25.01,71.63,58.43,NA,NA,0.63,17.09,0.00,0.00,0.00,NA,NA,NA,NA,NA,NA,NA,NA,0.00,NA,NA,NA
2025-01-06 12:00:00,165.10,310.99,24.56,67.11,55.66,NA,NA,0.63,20.74,0.00,0.00,0.00,NA,NA,NA,NA,NA,NA,NA,NA,0.00,NA,NA,NA
2025-01-06 13:00:00,154.27,288.56,23.09,67.56,54.71,NA,NA,0.68,29.64,0.00,0.00,0.00,NA,NA,NA,NA,NA,NA,NA,NA,0.00,NA,NA,NA
2025-01-06 14:00:00,145.23,257.78,21.48,59.82,49.27,NA,NA,0.66,35.93,0.00,0.00,0.00,NA,NA,NA,NA,NA,NA,NA,NA,0.00,NA,NA,NA
2025-01-06 15:00:00,104.20,177.23,20.47,56.98,46.95,NA,NA,0.64,28.39,0.00,0.00,0.00,NA,NA,NA,NA,NA,NA,NA,NA,0.00,NA,NA,NA
2025-01-06 16:00:00,132.36,195.64,20.01,56.19,46.15,NA,NA,0.63,25.15,0.00,0.00,0.00,NA,NA,NA,NA,NA,NA,NA,NA,0.00,NA,NA,NA
2025-01-06 17:00:00,128.67,219.91,20.53,60.65,48.96,NA,NA,0.67,13.39,0.00,0.00,0.00,NA,NA,NA,NA,NA,NA,NA,NA,0.00,NA,NA,NA
2025-01-06 18:00:00,124.46,232.08,20.91,58.52,48.12,NA,NA,0.65,17.72,0.00,0.00,0.00,NA,NA,NA,NA,NA,NA,NA,NA,0.00,NA,NA,NA
2025-01-06 19:00:00,126.36,223.88,20.27,55.85,46.19,NA,NA,0.66,16.89,0.00,0.00,0.00,NA,NA,NA,NA,NA,NA,NA,NA,0.00,NA,NA,NA
2025-01-06 20:00:00,111.37,206.63,19.20,52.34,43.45,NA,NA,0.61,25.82,0.00,0.00,0.00,NA,NA,NA,NA,NA,NA,NA,NA,0.00,NA,NA,NA
2025-01-06 21:00:00,127.85,262.07,19.05,52.03,43.17,NA,NA,0.61,22.49,0.00,0.00,0.00,NA,NA,NA,NA,NA,NA,NA,NA,0.00,NA,NA,NA
2025-01-06 22:00:00,127.16,251.75,19.11,48.84,41.51,NA,NA,0.55,23.70,0.00,0.00,0.00,NA,NA,NA,NA,NA,NA,NA,NA,0.00,NA,NA,NA
2025-01-06 23:00:00,126.06,218.55,19.17,45.72,39.90,NA,NA,0.55,25.85,0.00,0.00,0.00,NA,NA,NA,NA,NA,NA,NA,NA,0.00,NA,NA,NA
2025-01-07 00:00:00,106.80,191.82,18.63,45.16,39.17,NA,NA,0.53,22.43,0.00,0.00,0.00,NA,NA,NA,NA,NA,NA,NA,NA,0.00,NA,NA,NA
2025-01-07 01:00:00,101.07,181.55,18.78,43.75,38.53,NA,NA,0.48,24.55,0.00,0.00,0.00,NA,NA,NA,NA,NA,NA,NA,NA,0.00,NA,NA,NA
2025-01-07 02:00:00,91.82,161.38,18.80,44.12,38.75,NA,NA,0.49,20.84,0.00,0.00,0.00,NA,NA,NA,NA,NA,NA,NA,NA,0.00,NA,NA,NA
2025-01-07 03:00:00,84.11,165.51,19.06,44.54,39.18,NA,NA,0.48,19.69,0.00,0.00,0.00,NA,NA,NA,NA,NA,NA,NA,NA,0.00,NA,NA,NA
2025-01-07 04:00:00,71.49,154.79,18.97,42.28,37.91,NA,NA,0.50,24.04,0.00,0.00,0.00,NA,NA,NA,NA,NA,NA,NA,NA,0.00,NA,NA,NA
2025-01-07 05:00:00,78.82,185.23,18.37,42.35,37.46,NA,NA,0.44,29.00,0.00,0.00,0.00,NA,NA,NA,NA,NA,NA,NA,NA,0.00,NA,NA,NA
2025-01-07 06:00:00,73.09,182.09,18.61,42.48,37.72,NA,NA,0.42,27.26,0.00,0.00,0.00,NA,NA,NA,NA,NA,NA,NA,NA,0.00,NA,NA,NA
2025-01-07 07:00:00,76.43,193.72,18.75,43.79,38.54,NA,NA,0.45,27.06,0.00,0.00,0.00,NA,NA,NA,NA,NA,NA,NA,NA,0.00,NA,NA,NA
2025-01-07 08:00:00,109.58,212.59,19.01,45.41,39.61,NA,NA,0.48,31.50,0.00,0.00,0.00,NA,NA,NA,NA,NA,NA,NA,NA,0.00,NA,NA,NA
2025-01-07 09:00:00,99.08,188.77,18.69,47.77,40.61,NA,NA,0.48,27.37,0.00,0.00,0.00,NA,NA,NA,NA,NA,NA,NA,NA,0.00,NA,NA,NA
2025-01-07 10:00:00,117.55,227.07,19.12,48.18,41.17,NA,NA,0.47,28.16,0.00,0.00,0.00,NA,NA,NA,NA,NA,NA,NA,NA,0.00,NA,NA,NA
2025-01-07 11:00:00,147.72,284.80,19.47,48.98,41.88,NA,NA,0.47,28.35,0.00,0.00,0.00,NA,NA,NA,NA,NA,NA,NA,NA,0.00,NA,NA,NA
2025-01-07 12:00:00,170.44,275.54,19.49,48.97,41.89,NA,NA,0.46,34.80,0.00,0.00,0.00,NA,NA,NA,NA,NA,NA,NA,NA,0.00,NA,NA,NA
2025-01-07 13:00:00,131.30,231.11,18.73,49.24,41.42,NA,NA,0.44,33.19,0.00,0.00,0.00,NA,NA,NA,NA,NA,NA,NA,NA,0.00,NA,NA,NA
2025-01-07 14:00:00,119.73,226.74,18.87,48.13,40.95,NA,NA,0.42,40.41,0.00,0.00,0.00,NA,NA,NA,NA,NA,NA,NA,NA,0.00,NA,NA,NA
2025-01-07 15:00:00,133.22,283.13,18.89,49.71,41.80,NA,NA,0.45,45.30,0.00,0.00,0.00,NA,NA,NA,NA,NA,NA,NA,NA,0.00,NA,NA,NA
2025-01-07 16:00:00,145.78,290.28,19.31,53.76,44.29,NA,NA,0.46,35.50,0.00,0.00,0.00,NA,NA,NA,NA,NA,NA,NA,NA,0.00,NA,NA,NA
2025-01-07 17:00:00,140.70,275.75,21.04,59.27,48.62,NA,NA,0.56,11.99,0.00,0.00,0.00,NA,NA,NA,NA,NA,NA,NA,NA,0.00,NA,NA,NA
2025-01-07 18:00:00,129.43,277.10,39.38,67.83,68.06,NA,NA,0.73,1.94,0.00,0.00,0.00,NA,NA,NA,NA,NA,NA,NA,NA,0.00,NA,NA,NA
2025-01-07 19:00:00,136.44,300.01,64.04,73.27,91.01,NA,NA,0.91,3.27,0.00,0.00,0.00,NA,NA,NA,NA,NA,NA,NA,NA,0.00,NA,NA,NA
2025-01-07 20:00:00,129.47,285.23,79.80,77.87,106.28,NA,NA,0.92,3.26,0.00,0.00,0.00,NA,NA,NA,NA,NA,NA,NA,NA,0.00,NA,NA,NA
2025-01-07 21:00:00,141.83,300.89,109.01,85.16,133.88,NA,NA,1.04,5.39,0.00,0.00,0.00,NA,NA,NA,NA,NA,NA,NA,NA,0.00,NA,NA,NA
2025-01-07 22:00:00,130.11,302.06,125.41,92.18,150.97,NA,NA,1.13,2.58,0.00,0.00,0.00,NA,NA,NA,NA,NA,NA,NA,NA,0.00,NA,NA,NA
2025-01-07 23:00:00,161.54,325.32,129.24,92.68,154.37,NA,NA,1.17,3.65,0.00,0.00,0.00,NA,NA,NA,NA,NA,NA,NA,NA,0.00,NA,NA,NA
2025-01-08 00:00:00,184.18,358.35,134.55,94.10,159.44,NA,NA,1.21,5.43,0.00,0.00,0.00,NA,NA,NA,NA,NA,NA,NA,NA,0.00,NA,NA,NA
2025-01-08 01:00:00,199.68,336.34,113.81,89.73,140.29,NA,NA,1.02,7.30,0.00,0.00,0.00,NA,NA,NA,NA,NA,NA,NA,NA,0.00,NA,NA,NA
2025-01-08 02:00:00,150.09,237.74,85.31,78.95,111.40,NA,NA,0.82,3.56,0.00,0.00,0.00,NA,NA,NA,NA,NA,NA,NA,NA,0.00,NA,NA,NA
2025-01-08 03:00:00,84.61,162.85,60.06,66.05,83.99,NA,NA,0.59,11.51,0.00,0.00,0.00,NA,NA,NA,NA,NA,NA,NA,NA,0.00,NA,NA,NA
2025-01-08 04:00:00,74.57,159.99,44.97,61.05,69.05,NA,NA,0.54,11.55,0.00,0.00,0.00,NA,NA,NA,NA,NA,NA,NA,NA,0.00,NA,NA,NA
2025-01-08 05:00:00,96.71,209.55,34.47,58.95,59.39,NA,NA,0.52,9.22,0.00,0.00,0.00,NA,NA,NA,NA,NA,NA,NA,NA,0.00,NA,NA,NA
2025-01-08 06:00:00,113.62,222.94,30.80,58.60,56.21,NA,NA,0.50,5.58,0.00,0.00,0.00,NA,NA,NA,NA,NA,NA,NA,NA,0.00,NA,NA,NA
2025-01-08 07:00:00,82.47,185.98,32.04,61.05,58.52,NA,NA,0.52,3.34,0.00,0.00,0.00,NA,NA,NA,NA,NA,NA,NA,NA,0.00,NA,NA,NA
2025-01-08 08:00:00,74.00,145.02,31.08,61.06,57.76,NA,NA,0.45,10.54,0.00,0.00,0.00,NA,NA,NA,NA,NA,NA,NA,NA,0.00,NA,NA,NA
2025-01-08 09:00:00,74.46,133.52,26.67,62.17,54.75,NA,NA,0.43,17.30,0.00,0.00,0.00,NA,NA,NA,NA,NA,NA,NA,NA,0.00,NA,NA,NA
2025-01-08 10:00:00,108.99,179.63,22.83,62.51,51.81,NA,NA,0.42,37.04,0.00,0.00,0.00,NA,NA,NA,NA,NA,NA,NA,NA,0.00,NA,NA,NA
2025-01-08 11:00:00,80.82,174.84,18.93,56.57,45.49,NA,NA,0.36,51.27,0.00,0.00,0.00,NA,NA,NA,NA,NA,NA,NA,NA,0.00,NA,NA,NA
2025-01-08 12:00:00,65.47,148.69,18.44,50.48,41.85,NA,NA,0.31,60.58,0.00,0.00,0.00,NA,NA,NA,NA,NA,NA,NA,NA,0.00,NA,NA,NA
2025-01-08 13:00:00,64.29,150.55,18.16,48.21,40.41,NA,NA,0.29,75.52,0.00,0.00,0.00,NA,NA,NA,NA,NA,NA,NA,NA,0.00,NA,NA,NA
2025-01-08 14:00:00,73.68,157.82,18.05,48.15,40.29,NA,NA,0.28,78.94,0.00,0.00,0.00,NA,NA,NA,NA,NA,NA,NA,NA,0.00,NA,NA,NA
2025-01-08 15:00:00,66.51,155.08,18.46,46.86,39.93,NA,NA,0.27,84.45,0.00,0.00,0.00,NA,NA,NA,NA,NA,NA,NA,NA,0.00,NA,NA,NA
2025-01-08 16:00:00,38.59,135.95,17.84,51.22,41.75,NA,NA,0.28,72.17,0.00,0.00,0.00,NA,NA,NA,NA,NA,NA,NA,NA,0.00,NA,NA,NA
2025-01-08 17:00:00,49.61,134.69,19.00,72.06,53.74,NA,NA,0.37,27.12,0.00,0.00,0.00,NA,NA,NA,NA,NA,NA,NA,NA,0.00,NA,NA,NA
2025-01-08 18:00:00,57.74,157.17,47.91,94.81,89.29,NA,NA,0.67,5.25,0.00,0.00,0.00,NA,NA,NA,NA,NA,NA,NA,NA,0.00,NA,NA,NA
2025-01-08 19:00:00,77.43,190.65,102.45,109.47,141.47,NA,NA,0.95,5.46,0.00,0.00,0.00,NA,NA,NA,NA,NA,NA,NA,NA,0.00,NA,NA,NA
2025-01-08 20:00:00,69.40,189.29,155.60,126.37,193.67,NA,NA,1.25,4.25,0.00,0.00,0.00,NA,NA,NA,NA,NA,NA,NA,NA,0.00,NA,NA,NA
2025-01-08 21:00:00,117.89,239.21,172.08,130.28,209.17,NA,NA,1.32,6.63,0.00,0.00,0.00,NA,NA,NA,NA,NA,NA,NA,NA,0.00,NA,NA,NA
2025-01-08 22:00:00,183.70,331.66,191.96,133.32,226.96,NA,NA,1.41,5.71,0.00,0.00,0.00,NA,NA,NA,NA,NA,NA,NA,NA,0.00,NA,NA,NA
2025-01-08 23:00:00,194.37,306.64,193.45,130.41,226.64,NA,NA,1.48,7.23,0.00,0.00,0.00,NA,NA,NA,NA,NA,NA,NA,NA,0.00,NA,NA,NA
2025-01-09 00:00:00,188.28,310.62,199.53,126.88,229.68,NA,NA,1.53,4.43,0.00,0.00,0.00,NA,NA,NA,NA,NA,NA,NA,NA,0.00,NA,NA,NA
2025-01-09 01:00:00,178.02,304.44,229.71,137.66,259.95,NA,NA,1.54,2.64,0.00,0.00,0.00,NA,NA,NA,NA,NA,NA,NA,NA,0.00,NA,NA,NA
2025-01-09 02:00:00,175.56,285.03,237.73,141.65,268.61,NA,NA,1.47,3.57,0.00,0.00,0.00,NA,NA,NA,NA,NA,NA,NA,NA,0.00,NA,NA,NA
2025-01-09 03:00:00,157.51,248.33,228.51,138.25,259.35,NA,NA,1.32,3.92,0.00,0.00,0.00,NA,NA,NA,NA,NA,NA,NA,NA,0.00,NA,NA,NA
2025-01-09 04:00:00,147.13,278.27,216.63,129.31,244.93,NA,NA,1.23,6.93,0.00,0.00,0.00,NA,NA,NA,NA,NA,NA,NA,NA,0.00,NA,NA,NA
2025-01-09 05:00:00,106.10,214.87,196.43,122.83,225.05,NA,NA,1.11,1.70,0.00,0.00,0.00,NA,NA,NA,NA,NA,NA,NA,NA,0.00,NA,NA,NA
2025-01-09 06:00:00,112.86,215.77,189.70,119.45,217.77,NA,NA,1.10,3.81,0.00,0.00,0.00,NA,NA,NA,NA,NA,NA,NA,NA,0.00,NA,NA,NA
2025-01-09 07:00:00,130.22,205.87,184.61,116.51,212.07,NA,NA,1.03,4.56,0.00,0.00,0.00,NA,NA,NA,NA,NA,NA,NA,NA,0.00,NA,NA,NA
2025-01-09 08:00:00,143.71,225.77,193.82,123.07,223.00,NA,NA,1.08,13.59,0.00,0.00,0.00,NA,NA,NA,NA,NA,NA,NA,NA,0.00,NA,NA,NA
2025-01-09 09:00:00,170.90,320.34,173.42,156.31,224.15,NA,NA,1.12,6.31,0.00,0.00,0.00,NA,NA,NA,NA,NA,NA,NA,NA,0.00,NA,NA,NA
2025-01-09 10:00:00,173.80,342.93,135.20,163.91,197.19,NA,NA,0.94,12.21,0.00,0.00,0.00,NA,NA,NA,NA,NA,NA,NA,NA,0.00,NA,NA,NA
2025-01-09 11:00:00,155.52,327.14,32.75,122.07,91.68,NA,NA,0.60,42.40,0.00,0.00,0.00,NA,NA,NA,NA,NA,NA,NA,NA,0.00,NA,NA,NA
2025-01-09 12:00:00,165.98,339.94,21.48,98.36,69.79,NA,NA,0.62,78.03,0.00,0.00,0.00,NA,NA,NA,NA,NA,NA,NA,NA,0.00,NA,NA,NA
2025-01-09 13:00:00,234.25,419.36,19.38,88.54,62.86,NA,NA,0.73,107.51,0.00,0.00,0.00,NA,NA,NA,NA,NA,NA,NA,NA,0.00,NA,NA,NA
2025-01-09 14:00:00,296.17,525.55,19.24,83.39,60.00,NA,NA,0.72,80.49,0.00,0.00,0.00,NA,NA,NA,NA,NA,NA,NA,NA,0.00,NA,NA,NA
2025-01-09 15:00:00,247.42,486.87,19.37,83.43,60.12,NA,NA,0.69,66.09,0.00,0.00,0.00,NA,NA,NA,NA,NA,NA,NA,NA,0.00,NA,NA,NA
2025-01-09 16:00:00,208.85,468.99,19.41,82.45,59.64,NA,NA,0.70,45.35,0.00,0.00,0.00,NA,NA,NA,NA,NA,NA,NA,NA,0.00,NA,NA,NA
2025-01-09 17:00:00,227.73,404.26,23.96,92.73,68.78,NA,NA,0.80,16.22,0.00,0.00,0.00,NA,NA,NA,NA,NA,NA,NA,NA,0.00,NA,NA,NA
2025-01-09 18:00:00,250.70,488.84,68.76,108.86,113.72,NA,NA,1.25,8.76,0.00,0.00,0.00,NA,NA,NA,NA,NA,NA,NA,NA,0.00,NA,NA,NA
2025-01-09 19:00:00,220.93,420.17,114.31,116.89,155.08,NA,NA,1.41,3.48,0.00,0.00,0.00,NA,NA,NA,NA,NA,NA,NA,NA,0.00,NA,NA,NA
2025-01-09 20:00:00,185.22,397.27,149.30,124.50,187.51,NA,NA,1.59,4.77,0.00,0.00,0.00,NA,NA,NA,NA,NA,NA,NA,NA,0.00,NA,NA,NA
2025-01-09 21:00:00,219.09,445.68,210.50,140.84,246.01,NA,NA,1.89,5.14,0.00,0.00,0.00,NA,NA,NA,NA,NA,NA,NA,NA,0.00,NA,NA,NA
2025-01-09 22:00:00,282.66,483.20,240.25,150.02,275.10,NA,NA,2.03,6.16,0.00,0.00,0.00,NA,NA,NA,NA,NA,NA,NA,NA,0.00,NA,NA,NA
2025-01-09 23:00:00,279.51,493.02,265.22,153.61,297.30,NA,NA,2.10,7.22,0.00,0.00,0.00,NA,NA,NA,NA,NA,NA,NA,NA,0.00,NA,NA,NA
2025-01-10 00:00:00,282.92,497.03,288.29,164.37,321.80,NA,NA,2.31,4.29,0.00,0.00,0.00,NA,NA,NA,NA,NA,NA,NA,NA,0.00,NA,NA,NA
2025-01-10 01:00:00,338.44,517.13,300.50,164.83,331.96,NA,NA,2.34,5.62,0.00,0.00,0.00,NA,NA,NA,NA,NA,NA,NA,NA,0.00,NA,NA,NA
2025-01-10 02:00:00,302.13,477.25,314.45,168.42,345.23,NA,NA,2.30,6.65,0.00,0.00,0.00,NA,NA,NA,NA,NA,NA,NA,NA,0.00,NA,NA,NA
2025-01-10 03:00:00,282.55,483.68,321.32,169.86,351.59,NA,NA,2.27,9.85,0.00,0.00,0.00,NA,NA,NA,NA,NA,NA,NA,NA,0.00,NA,NA,NA
2025-01-10 04:00:00,282.06,409.92,310.47,163.97,339.67,NA,NA,2.14,4.20,0.00,0.00,0.00,NA,NA,NA,NA,NA,NA,NA,NA,0.00,NA,NA,NA
2025-01-10 05:00:00,212.66,390.61,222.41,138.36,254.58,NA,NA,1.44,9.00,0.00,0.00,0.00,NA,NA,NA,NA,NA,NA,NA,NA,0.00,NA,NA,NA
2025-01-10 06:00:00,107.99,248.68,149.69,113.39,182.08,NA,NA,1.03,6.87,0.00,0.00,0.00,NA,NA,NA,NA,NA,NA,NA,NA,0.00,NA,NA,NA
2025-01-10 07:00:00,96.77,243.39,111.50,98.13,142.88,NA,NA,0.87,10.67,0.00,0.00,0.00,NA,NA,NA,NA,NA,NA,NA,NA,0.00,NA,NA,NA
2025-01-10 08:00:00,121.96,316.39,88.96,90.77,120.65,NA,NA,0.91,6.84,0.00,0.00,0.00,NA,NA,NA,NA,NA,NA,NA,NA,0.00,NA,NA,NA
2025-01-10 09:00:00,104.96,301.68,73.26,88.17,106.47,NA,NA,0.85,6.07,0.00,0.00,0.00,NA,NA,NA,NA,NA,NA,NA,NA,0.00,NA,NA,NA
2025-01-10 10:00:00,144.70,301.84,61.19,85.32,95.15,NA,NA,0.81,9.24,0.00,0.00,0.00,NA,NA,NA,NA,NA,NA,NA,NA,0.00,NA,NA,NA
2025-01-10 11:00:00,162.20,290.22,47.49,79.42,80.87,NA,NA,0.71,13.44,0.00,0.00,0.00,NA,NA,NA,NA,NA,NA,NA,NA,0.00,NA,NA,NA
2025-01-10 12:00:00,177.47,282.57,37.62,80.82,73.59,NA,NA,0.68,25.02,0.00,0.00,0.00,NA,NA,NA,NA,NA,NA,NA,NA,0.00,NA,NA,NA
2025-01-10 13:00:00,148.12,252.69,24.76,76.45,60.82,NA,NA,0.62,29.47,0.00,0.00,0.00,NA,NA,NA,NA,NA,NA,NA,NA,0.00,NA,NA,NA
2025-01-10 14:00:00,148.39,266.41,20.21,68.40,52.82,NA,NA,0.57,37.74,0.00,0.00,0.00,NA,NA,NA,NA,NA,NA,NA,NA,0.00,NA,NA,NA
2025-01-10 15:00:00,148.57,304.34,20.31,66.63,51.94,NA,NA,0.56,38.06,0.00,0.00,0.00,NA,NA,NA,NA,NA,NA,NA,NA,0.00,NA,NA,NA
2025-01-10 16:00:00,165.04,284.66,19.86,73.39,55.18,NA,NA,0.57,32.69,0.00,0.00,0.00,NA,NA,NA,NA,NA,NA,NA,NA,0.00,NA,NA,NA
2025-01-10 17:00:00,171.92,261.11,20.51,76.05,57.12,NA,NA,0.64,9.89,0.00,0.00,0.00,NA,NA,NA,NA,NA,NA,NA,NA,0.00,NA,NA,NA
2025-01-10 18:00:00,157.46,303.96,33.41,76.72,67.93,NA,NA,0.80,2.69,0.00,0.00,0.00,NA,NA,NA,NA,NA,NA,NA,NA,0.00,NA,NA,NA
2025-01-10 19:00:00,202.14,381.51,61.80,84.94,95.41,NA,NA,1.10,4.29,0.00,0.00,0.00,NA,NA,NA,NA,NA,NA,NA,NA,0.00,NA,NA,NA
2025-01-10 20:00:00,202.05,383.15,88.05,93.64,121.35,NA,NA,1.22,4.19,0.00,0.00,0.00,NA,NA,NA,NA,NA,NA,NA,NA,0.00,NA,NA,NA
2025-01-10 21:00:00,240.04,444.68,123.27,104.11,155.55,NA,NA,1.36,5.74,0.00,0.00,0.00,NA,NA,NA,NA,NA,NA,NA,NA,0.00,NA,NA,NA
2025-01-10 22:00:00,223.47,378.80,140.78,105.48,170.58,NA,NA,1.45,2.90,0.00,0.00,0.00,NA,NA,NA,NA,NA,NA,NA,NA,0.00,NA,NA,NA
2025-01-10 23:00:00,226.27,422.24,123.77,101.90,154.88,NA,NA,1.36,5.48,0.00,0.00,0.00,NA,NA,NA,NA,NA,NA,NA,NA,0.00,NA,NA,NA
2025-01-11 00:00:00,195.07,376.14,81.78,89.75,114.28,NA,NA,0.96,5.55,0.00,0.00,0.00,NA,NA,NA,NA,NA,NA,NA,NA,0.00,NA,NA,NA
2025-01-11 01:00:00,158.52,260.93,60.03,82.00,92.44,NA,NA,0.82,7.38,0.00,0.00,0.00,NA,NA,NA,NA,NA,NA,NA,NA,0.00,NA,NA,NA
2025-01-11 02:00:00,125.00,251.54,46.42,72.58,76.37,NA,NA,0.73,6.62,0.00,0.00,0.00,NA,NA,NA,NA,NA,NA,NA,NA,0.00,NA,NA,NA
2025-01-11 03:00:00,91.95,201.61,35.26,70.73,66.30,NA,NA,0.66,7.16,0.00,0.00,0.00,NA,NA,NA,NA,NA,NA,NA,NA,0.00,NA,NA,NA
2025-01-11 04:00:00,87.40,176.02,27.22,57.63,52.80,NA,NA,0.57,17.39,0.00,0.00,0.00,NA,NA,NA,NA,NA,NA,NA,NA,0.00,NA,NA,NA
2025-01-11 05:00:00,77.21,173.73,21.69,54.65,46.71,NA,NA,0.54,17.49,0.00,0.00,0.00,NA,NA,NA,NA,NA,NA,NA,NA,0.00,NA,NA,NA
2025-01-11 06:00:00,85.67,161.61,19.96,55.91,45.96,NA,NA,0.54,17.32,0.00,0.00,0.00,NA,NA,NA,NA,NA,NA,NA,NA,0.00,NA,NA,NA
2025-01-11 07:00:00,55.89,140.09,18.61,54.37,44.06,NA,NA,0.54,18.13,0.00,0.00,0.00,NA,NA,NA,NA,NA,NA,NA,NA,0.00,NA,NA,NA
2025-01-11 08:00:00,86.67,150.31,19.44,57.02,46.13,NA,NA,0.55,16.06,0.00,0.00,0.00,NA,NA,NA,NA,NA,NA,NA,NA,0.00,NA,NA,NA
2025-01-11 09:00:00,99.78,199.67,20.80,63.55,50.71,NA,NA,0.55,15.68,0.00,0.00,0.00,NA,NA,NA,NA,NA,NA,NA,NA,0.00,NA,NA,NA
2025-01-11 10:00:00,121.21,221.22,23.02,66.64,54.16,NA,NA,0.59,20.09,0.00,0.00,0.00,NA,NA,NA,NA,NA,NA,NA,NA,0.00,NA,NA,NA
2025-01-11 11:00:00,148.93,241.57,21.36,66.79,52.90,NA,NA,0.58,26.24,0.00,0.00,0.00,NA,NA,NA,NA,NA,NA,NA,NA,0.00,NA,NA,NA
2025-01-11 12:00:00,136.44,213.81,19.75,57.80,46.81,NA,NA,0.53,40.65,0.00,0.00,0.00,NA,NA,NA,NA,NA,NA,NA,NA,0.00,NA,NA,NA
2025-01-11 13:00:00,135.69,208.50,19.00,57.63,46.10,NA,NA,0.54,52.23,0.00,0.00,0.00,NA,NA,NA,NA,NA,NA,NA,NA,0.00,NA,NA,NA
2025-01-11 14:00:00,129.06,229.33,18.65,55.43,44.65,NA,NA,0.53,59.85,0.00,0.00,0.00,NA,NA,NA,NA,NA,NA,NA,NA,0.00,NA,NA,NA
2025-01-11 15:00:00,143.57,270.29,18.73,56.17,45.11,NA,NA,0.54,46.22,0.00,0.00,0.00,NA,NA,NA,NA,NA,NA,NA,NA,0.00,NA,NA,NA
2025-01-11 16:00:00,118.53,230.99,19.21,70.98,53.36,NA,NA,0.58,19.01,0.00,0.00,0.00,NA,NA,NA,NA,NA,NA,NA,NA,0.00,NA,NA,NA
2025-01-11 17:00:00,138.91,250.21,22.68,77.30,59.56,NA,NA,0.66,5.83,0.00,0.00,0.00,NA,NA,NA,NA,NA,NA,NA,NA,0.00,NA,NA,NA
2025-01-11 18:00:00,157.10,234.75,20.00,68.76,52.83,NA,NA,0.56,17.16,0.00,0.00,0.00,NA,NA,NA,NA,NA,NA,NA,NA,0.00,NA,NA,NA
2025-01-11 19:00:00,114.29,188.38,20.99,74.25,56.55,NA,NA,0.58,13.02,0.00,0.00,0.00,NA,NA,NA,NA,NA,NA,NA,NA,0.00,NA,NA,NA
2025-01-11 20:00:00,84.09,140.36,20.22,79.01,58.47,NA,NA,0.62,9.08,0.00,0.00,0.00,NA,NA,NA,NA,NA,NA,NA,NA,0.00,NA,NA,NA
2025-01-11 21:00:00,75.68,123.76,20.14,73.20,55.31,NA,NA,0.57,8.67,0.00,0.00,0.00,NA,NA,NA,NA,NA,NA,NA,NA,0.00,NA,NA,NA
2025-01-11 22:00:00,75.75,111.08,25.85,67.91,57.11,NA,NA,0.58,3.77,0.00,0.00,0.00,NA,NA,NA,NA,NA,NA,NA,NA,0.00,NA,NA,NA
2025-01-11 23:00:00,78.58,111.10,40.68,72.55,71.65,NA,NA,0.64,5.61,0.00,0.00,0.00,NA,NA,NA,NA,NA,NA,NA,NA,0.00,NA,NA,NA
2025-01-12 00:00:00,66.25,124.34,53.54,78.00,85.00,NA,NA,0.70,1.98,0.00,0.00,0.00,NA,NA,NA,NA,NA,NA,NA,NA,0.00,NA,NA,NA
2025-01-12 01:00:00,76.64,139.60,65.08,77.01,93.86,NA,NA,0.71,2.94,0.00,0.00,0.00,NA,NA,NA,NA,NA,NA,NA,NA,0.00,NA,NA,NA
2025-01-12 02:00:00,91.90,132.99,70.68,78.61,99.28,NA,NA,0.74,4.00,0.00,0.00,0.00,NA,NA,NA,NA,NA,NA,NA,NA,0.00,NA,NA,NA
2025-01-12 03:00:00,90.38,139.88,77.89,77.08,104.31,NA,NA,0.78,2.95,0.00,0.00,0.00,NA,NA,NA,NA,NA,NA,NA,NA,0.00,NA,NA,NA
2025-01-12 04:00:00,100.80,143.18,90.61,77.01,114.61,NA,NA,0.86,5.48,0.00,0.00,0.00,NA,NA,NA,NA,NA,NA,NA,NA,0.00,NA,NA,NA
2025-01-12 05:00:00,74.42,125.19,98.47,80.52,122.87,NA,NA,0.90,2.37,0.00,0.00,0.00,NA,NA,NA,NA,NA,NA,NA,NA,0.00,NA,NA,NA
2025-01-12 06:00:00,98.54,148.13,117.02,86.98,141.37,NA,NA,0.97,5.70,0.00,0.00,0.00,NA,NA,NA,NA,NA,NA,NA,NA,0.00,NA,NA,NA
2025-01-12 07:00:00,102.44,182.93,137.46,97.71,163.72,NA,NA,1.00,4.70,0.00,0.00,0.00,NA,NA,NA,NA,NA,NA,NA,NA,0.00,NA,NA,NA
2025-01-12 08:00:00,103.78,206.48,148.33,105.38,176.62,NA,NA,0.99,6.46,0.00,0.00,0.00,NA,NA,NA,NA,NA,NA,NA,NA,0.00,NA,NA,NA
2025-01-12 09:00:00,104.59,202.86,146.00,110.96,177.75,NA,NA,1.01,3.77,0.00,0.00,0.00,NA,NA,NA,NA,NA,NA,NA,NA,0.00,NA,NA,NA
2025-01-12 10:00:00,87.73,194.00,104.54,107.90,142.44,NA,NA,0.83,6.46,0.00,0.00,0.00,NA,NA,NA,NA,NA,NA,NA,NA,0.00,NA,NA,NA
2025-01-12 11:00:00,129.75,198.29,76.00,92.79,111.16,NA,NA,0.67,15.17,0.00,0.00,0.00,NA,NA,NA,NA,NA,NA,NA,NA,0.00,NA,NA,NA
2025-01-12 12:00:00,142.76,221.21,63.80,99.19,104.66,NA,NA,0.63,19.21,0.00,0.00,0.00,NA,NA,NA,NA,NA,NA,NA,NA,0.00,NA,NA,NA
2025-01-12 13:00:00,128.01,199.32,47.60,73.66,77.91,NA,NA,0.57,44.53,0.00,0.00,0.00,NA,NA,NA,NA,NA,NA,NA,NA,0.00,NA,NA,NA
2025-01-12 14:00:00,88.18,150.74,33.30,68.43,63.49,NA,NA,0.53,45.78,0.00,0.00,0.00,NA,NA,NA,NA,NA,NA,NA,NA,0.00,NA,NA,NA
2025-01-12 15:00:00,107.33,167.42,25.49,60.74,53.04,NA,NA,0.48,48.23,0.00,0.00,0.00,NA,NA,NA,NA,NA,NA,NA,NA,0.00,NA,NA,NA
2025-01-12 16:00:00,104.51,175.98,21.26,62.89,50.73,NA,NA,0.47,43.01,0.00,0.00,0.00,NA,NA,NA,NA,NA,NA,NA,NA,0.00,NA,NA,NA
2025-01-12 17:00:00,112.39,187.85,20.21,60.94,48.84,NA,NA,0.48,34.19,0.00,0.00,0.00,NA,NA,NA,NA,NA,NA,NA,NA,0.00,NA,NA,NA
2025-01-12 18:00:00,80.41,170.96,19.33,61.84,48.61,NA,NA,0.49,19.93,0.00,0.00,0.00,NA,NA,NA,NA,NA,NA,NA,NA,0.00,NA,NA,NA
2025-01-12 19:00:00,90.34,173.89,20.08,64.46,50.60,NA,NA,0.53,6.33,0.00,0.00,0.00,NA,NA,NA,NA,NA,NA,NA,NA,0.00,NA,NA,NA
2025-01-12 20:00:00,126.86,181.51,33.77,67.86,63.52,NA,NA,0.62,2.87,0.00,0.00,0.00,NA,NA,NA,NA,NA,NA,NA,NA,0.00,NA,NA,NA
2025-01-12 21:00:00,127.30,206.25,38.51,72.27,69.76,NA,NA,0.69,4.28,0.00,0.00,0.00,NA,NA,NA,NA,NA,NA,NA,NA,0.00,NA,NA,NA
2025-01-12 22:00:00,123.05,220.54,42.06,65.30,68.92,NA,NA,0.75,2.62,0.00,0.00,0.00,NA,NA,NA,NA,NA,NA,NA,NA,0.00,NA,NA,NA
2025-01-12 23:00:00,98.06,225.89,44.41,66.96,71.73,NA,NA,0.75,3.80,0.00,0.00,0.00,NA,NA,NA,NA,NA,NA,NA,NA,0.00,NA,NA,NA
2025-01-13 00:00:00,119.79,253.25,47.88,68.70,75.46,NA,NA,0.69,4.53,0.00,0.00,0.00,NA,NA,NA,NA,NA,NA,NA,NA,0.00,NA,NA,NA
2025-01-13 01:00:00,131.17,233.60,41.43,66.44,69.05,NA,NA,0.56,3.53,0.00,0.00,0.00,NA,NA,NA,NA,NA,NA,NA,NA,0.00,NA,NA,NA
2025-01-13 02:00:00,108.82,182.75,33.39,58.86,58.47,NA,NA,0.48,5.38,0.00,0.00,0.00,NA,NA,NA,NA,NA,NA,NA,NA,0.00,NA,NA,NA
2025-01-13 03:00:00,61.76,132.72,28.13,53.85,51.52,NA,NA,0.40,3.80,0.00,0.00,0.00,NA,NA,NA,NA,NA,NA,NA,NA,0.00,NA,NA,NA
2025-01-13 04:00:00,58.57,105.24,25.13,52.62,48.42,NA,NA,0.36,5.48,0.00,0.00,0.00,NA,NA,NA,NA,NA,NA,NA,NA,0.00,NA,NA,NA
2025-01-13 05:00:00,59.81,108.82,23.21,49.80,45.36,NA,NA,0.34,9.59,0.00,0.00,0.00,NA,NA,NA,NA,NA,NA,NA,NA,0.00,NA,NA,NA
2025-01-13 06:00:00,57.48,99.66,21.79,50.60,44.63,NA,NA,0.33,12.37,0.00,0.00,0.00,NA,NA,NA,NA,NA,NA,NA,NA,0.00,NA,NA,NA
2025-01-13 07:00:00,39.44,101.25,20.95,51.98,44.68,NA,NA,0.35,8.63,0.00,0.00,0.00,NA,NA,NA,NA,NA,NA,NA,NA,0.00,NA,NA,NA
2025-01-13 08:00:00,34.76,111.39,22.17,55.07,47.31,NA,NA,0.34,7.69,0.00,0.00,0.00,NA,NA,NA,NA,NA,NA,NA,NA,0.00,NA,NA,NA
2025-01-13 09:00:00,58.38,141.56,25.56,59.10,52.21,NA,NA,0.37,8.88,0.00,0.00,0.00,NA,NA,NA,NA,NA,NA,NA,NA,0.00,NA,NA,NA
2025-01-13 10:00:00,85.13,153.74,27.09,59.14,53.48,NA,NA,0.40,14.10,0.00,0.00,0.00,NA,NA,NA,NA,NA,NA,NA,NA,0.00,NA,NA,NA
2025-01-13 11:00:00,84.15,138.02,25.43,61.52,53.41,NA,NA,0.43,18.52,0.00,0.00,0.00,NA,NA,NA,NA,NA,NA,NA,NA,0.00,NA,NA,NA
2025-01-13 12:00:00,51.59,113.43,20.21,60.97,48.86,NA,NA,0.39,32.45,0.00,0.00,0.00,NA,NA,NA,NA,NA,NA,NA,NA,0.00,NA,NA,NA
2025-01-13 13:00:00,70.64,123.64,19.53,60.58,48.10,NA,NA,0.38,42.97,0.00,0.00,0.00,NA,NA,NA,NA,NA,NA,NA,NA,0.00,NA,NA,NA
2025-01-13 14:00:00,82.97,159.99,19.27,64.23,49.82,NA,NA,0.40,51.51,0.00,0.00,0.00,NA,NA,NA,NA,NA,NA,NA,NA,0.00,NA,NA,NA
2025-01-13 15:00:00,118.23,196.03,19.63,61.30,48.57,NA,NA,0.41,40.04,0.00,0.00,0.00,NA,NA,NA,NA,NA,NA,NA,NA,0.00,NA,NA,NA
2025-01-13 16:00:00,90.51,161.64,18.95,61.21,47.95,NA,NA,0.44,35.46,0.00,0.00,0.00,NA,NA,NA,NA,NA,NA,NA,NA,0.00,NA,NA,NA
2025-01-13 17:00:00,91.24,169.64,19.58,70.79,53.57,NA,NA,0.49,19.35,0.00,0.00,0.00,NA,NA,NA,NA,NA,NA,NA,NA,0.00,NA,NA,NA
2025-01-13 18:00:00,91.53,165.81,22.70,80.57,61.31,NA,NA,0.58,4.84,0.00,0.00,0.00,NA,NA,NA,NA,NA,NA,NA,NA,0.00,NA,NA,NA
2025-01-13 19:00:00,80.98,147.80,20.81,71.26,54.83,NA,NA,0.57,9.87,0.00,0.00,0.00,NA,NA,NA,NA,NA,NA,NA,NA,0.00,NA,NA,NA
2025-01-13 20:00:00,91.84,185.66,20.40,64.26,50.77,NA,NA,0.53,14.66,0.00,0.00,0.00,NA,NA,NA,NA,NA,NA,NA,NA,0.00,NA,NA,NA
2025-01-13 21:00:00,95.97,171.32,20.48,63.37,50.36,NA,NA,0.55,8.42,0.00,0.00,0.00,NA,NA,NA,NA,NA,NA,NA,NA,0.00,NA,NA,NA
2025-01-13 22:00:00,86.97,158.98,25.57,66.82,56.32,NA,NA,0.66,1.31,0.00,0.00,0.00,NA,NA,NA,NA,NA,NA,NA,NA,0.00,NA,NA,NA
2025-01-13 23:00:00,138.52,222.70,34.34,67.54,63.84,NA,NA,0.78,4.81,0.00,0.00,0.00,NA,NA,NA,NA,NA,NA,NA,NA,0.00,NA,NA,NA
2025-01-14 00:00:00,151.41,214.23,31.25,64.19,59.56,NA,NA,0.67,4.06,0.00,0.00,0.00,NA,NA,NA,NA,NA,NA,NA,NA,0.00,NA,NA,NA
2025-01-14 01:00:00,95.95,146.44,25.83,60.39,53.13,NA,NA,0.53,2.40,0.00,0.00,0.00,NA,NA,NA,NA,NA,NA,NA,NA,0.00,NA,NA,NA
2025-01-14 02:00:00,81.25,136.10,24.10,57.20,50.02,NA,NA,0.48,6.42,0.00,0.00,0.00,NA,NA,NA,NA,NA,NA,NA,NA,0.00,NA,NA,NA
2025-01-14 03:00:00,85.70,136.51,22.25,51.44,45.45,NA,NA,0.47,9.76,0.00,0.00,0.00,NA,NA,NA,NA,NA,NA,NA,NA,0.00,NA,NA,NA
2025-01-14 04:00:00,66.83,125.65,20.26,51.60,43.91,NA,NA,0.42,9.10,0.00,0.00,0.00,NA,NA,NA,NA,NA,NA,NA,NA,0.00,NA,NA,NA
2025-01-14 05:00:00,75.86,137.64,20.24,51.10,43.64,NA,NA,0.43,12.81,0.00,0.00,0.00,NA,NA,NA,NA,NA,NA,NA,NA,0.00,NA,NA,NA
2025-01-14 06:00:00,75.30,138.40,19.64,52.43,43.86,NA,NA,0.44,11.22,0.00,0.00,0.00,NA,NA,NA,NA,NA,NA,NA,NA,0.00,NA,NA,NA
2025-01-14 07:00:00,55.64,123.95,19.35,53.75,44.32,NA,NA,0.43,12.99,0.00,0.00,0.00,NA,NA,NA,NA,NA,NA,NA,NA,0.00,NA,NA,NA
2025-01-14 08:00:00,78.65,174.11,21.25,54.33,46.17,NA,NA,0.45,16.24,0.00,0.00,0.00,NA,NA,NA,NA,NA,NA,NA,NA,0.00,NA,NA,NA
2025-01-14 09:00:00,72.93,164.92,22.23,56.72,48.24,NA,NA,0.47,16.04,0.00,0.00,0.00,NA,NA,NA,NA,NA,NA,NA,NA,0.00,NA,NA,NA
2025-01-14 10:00:00,82.65,159.26,22.00,55.31,47.30,NA,NA,0.46,24.68,0.00,0.00,0.00,NA,NA,NA,NA,NA,NA,NA,NA,0.00,NA,NA,NA
2025-01-14 11:00:00,112.21,187.83,21.56,62.88,50.98,NA,NA,0.49,41.02,0.00,0.00,0.00,NA,NA,NA,NA,NA,NA,NA,NA,0.00,NA,NA,NA
2025-01-14 12:00:00,125.30,194.73,19.37,57.82,46.50,NA,NA,0.49,63.72,0.00,0.00,0.00,NA,NA,NA,NA,NA,NA,NA,NA,0.00,NA,NA,NA
2025-01-14 13:00:00,129.23,210.06,18.39,55.82,44.66,NA,NA,0.49,86.74,0.00,0.00,0.00,NA,NA,NA,NA,NA,NA,NA,NA,0.00,NA,NA,NA
2025-01-14 14:00:00,135.55,252.53,18.32,61.71,47.72,NA,NA,0.49,100.65,0.00,0.00,0.00,NA,NA,NA,NA,NA,NA,NA,NA,0.00,NA,NA,NA
2025-01-14 15:00:00,107.85,216.49,17.73,60.13,46.41,NA,NA,0.48,102.06,0.00,0.00,0.00,NA,NA,NA,NA,NA,NA,NA,NA,0.00,NA,NA,NA
2025-01-14 16:00:00,100.74,206.93,18.42,60.36,47.08,NA,NA,0.47,83.17,0.00,0.00,0.00,NA,NA,NA,NA,NA,NA,NA,NA,0.00,NA,NA,NA
2025-01-14 17:00:00,119.24,234.97,19.61,77.34,57.06,NA,NA,0.58,32.34,0.00,0.00,0.00,NA,NA,NA,NA,NA,NA,NA,NA,0.00,NA,NA,NA
2025-01-14 18:00:00,102.65,233.89,53.04,105.70,99.30,NA,NA,0.83,1.44,0.00,0.00,0.00,NA,NA,NA,NA,NA,NA,NA,NA,0.00,NA,NA,NA
2025-01-14 19:00:00,100.59,229.41,99.01,111.84,139.91,NA,NA,1.00,3.20,0.00,0.00,0.00,NA,NA,NA,NA,NA,NA,NA,NA,0.00,NA,NA,NA
2025-01-14 20:00:00,126.98,259.56,157.11,123.52,193.37,NA,NA,1.27,3.42,0.00,0.00,0.00,NA,NA,NA,NA,NA,NA,NA,NA,0.00,NA,NA,NA
2025-01-14 21:00:00,142.02,270.78,173.19,125.99,207.82,NA,NA,1.29,3.09,0.00,0.00,0.00,NA,NA,NA,NA,NA,NA,NA,NA,0.00,NA,NA,NA
2025-01-14 22:00:00,166.89,307.75,186.56,125.21,218.23,NA,NA,1.39,3.30,0.00,0.00,0.00,NA,NA,NA,NA,NA,NA,NA,NA,0.00,NA,NA,NA
2025-01-14 23:00:00,202.08,360.81,219.64,135.22,250.44,NA,NA,1.59,4.71,0.00,0.00,0.00,NA,NA,NA,NA,NA,NA,NA,NA,0.00,NA,NA,NA
2025-01-15 00:00:00,169.20,351.01,245.09,141.51,274.51,NA,NA,1.70,2.31,0.00,0.00,0.00,NA,NA,NA,NA,NA,NA,NA,NA,0.00,NA,NA,NA
2025-01-15 01:00:00,217.97,372.17,263.73,149.72,294.01,NA,NA,1.78,4.42,0.00,0.00,0.00,NA,NA,NA,NA,NA,NA,NA,NA,0.00,NA,NA,NA
2025-01-15 02:00:00,243.42,379.27,288.46,157.06,318.05,NA,NA,1.88,3.92,0.00,0.00,0.00,NA,NA,NA,NA,NA,NA,NA,NA,0.00,NA,NA,NA
2025-01-15 03:00:00,206.71,398.77,299.49,164.62,331.02,NA,NA,1.91,3.07,0.00,0.00,0.00,NA,NA,NA,NA,NA,NA,NA,NA,0.00,NA,NA,NA
2025-01-15 04:00:00,213.28,388.52,312.93,173.76,346.84,NA,NA,1.90,5.10,0.00,0.00,0.00,NA,NA,NA,NA,NA,NA,NA,NA,0.00,NA,NA,NA
2025-01-15 05:00:00,249.11,388.82,320.28,172.50,352.15,NA,NA,1.96,3.48,0.00,0.00,0.00,NA,NA,NA,NA,NA,NA,NA,NA,0.00,NA,NA,NA
2025-01-15 06:00:00,225.75,377.01,323.60,176.17,356.78,NA,NA,1.93,3.04,0.00,0.00,0.00,NA,NA,NA,NA,NA,NA,NA,NA,0.00,NA,NA,NA
2025-01-15 07:00:00,216.15,333.70,333.95,178.96,366.65,NA,NA,1.97,8.08,0.00,0.00,0.00,NA,NA,NA,NA,NA,NA,NA,NA,0.00,NA,NA,NA
2025-01-15 08:00:00,203.39,385.04,280.65,164.13,315.64,NA,NA,1.72,7.46,0.00,0.00,0.00,NA,NA,NA,NA,NA,NA,NA,NA,0.00,NA,NA,NA
2025-01-15 09:00:00,137.30,335.93,213.24,144.42,250.22,NA,NA,1.38,5.60,0.00,0.00,0.00,NA,NA,NA,NA,NA,NA,NA,NA,0.00,NA,NA,NA
2025-01-15 10:00:00,195.90,338.61,175.18,135.29,214.43,NA,NA,1.26,5.66,0.00,0.00,0.00,NA,NA,NA,NA,NA,NA,NA,NA,0.00,NA,NA,NA
2025-01-15 11:00:00,192.78,402.09,135.92,120.00,174.38,NA,NA,1.13,4.71,0.00,0.00,0.00,NA,NA,NA,NA,NA,NA,NA,NA,0.00,NA,NA,NA
2025-01-15 12:00:00,170.60,365.56,105.69,115.13,147.19,NA,NA,1.02,10.72,0.00,0.00,0.00,NA,NA,NA,NA,NA,NA,NA,NA,0.00,NA,NA,NA
2025-01-15 13:00:00,208.32,375.76,84.91,109.89,127.51,NA,NA,0.93,18.67,0.00,0.00,0.00,NA,NA,NA,NA,NA,NA,NA,NA,0.00,NA,NA,NA
2025-01-15 14:00:00,175.78,295.17,64.50,96.29,103.68,NA,NA,0.83,28.27,0.00,0.00,0.00,NA,NA,NA,NA,NA,NA,NA,NA,0.00,NA,NA,NA
2025-01-15 15:00:00,181.49,267.17,48.41,89.77,87.12,NA,NA,0.76,33.88,0.00,0.00,0.00,NA,NA,NA,NA,NA,NA,NA,NA,0.00,NA,NA,NA
2025-01-15 16:00:00,160.70,227.86,39.42,77.96,73.54,NA,NA,0.71,26.05,0.00,0.00,0.00,NA,NA,NA,NA,NA,NA,NA,NA,0.00,NA,NA,NA
2025-01-15 17:00:00,141.45,243.73,33.39,80.41,69.92,NA,NA,0.74,9.60,0.00,0.00,0.00,NA,NA,NA,NA,NA,NA,NA,NA,0.00,NA,NA,NA
2025-01-15 18:00:00,142.90,247.71,30.50,78.20,66.39,NA,NA,0.73,7.07,0.00,0.00,0.00,NA,NA,NA,NA,NA,NA,NA,NA,0.00,NA,NA,NA
2025-01-15 19:00:00,130.01,233.04,30.44,76.90,65.65,NA,NA,0.75,6.19,0.00,0.00,0.00,NA,NA,NA,NA,NA,NA,NA,NA,0.00,NA,NA,NA
2025-01-15 20:00:00,145.06,235.59,28.72,77.23,64.44,NA,NA,0.77,4.58,0.00,0.00,0.00,NA,NA,NA,NA,NA,NA,NA,NA,0.00,NA,NA,NA
2025-01-15 21:00:00,158.63,291.33,25.70,67.81,56.97,NA,NA,0.70,6.91,0.00,0.00,0.00,NA,NA,NA,NA,NA,NA,NA,NA,0.00,NA,NA,NA
2025-01-15 22:00:00,172.86,244.49,25.07,63.64,54.23,NA,NA,0.69,7.87,0.00,0.00,0.00,NA,NA,NA,NA,NA,NA,NA,NA,0.00,NA,NA,NA
2025-01-15 23:00:00,117.04,166.20,21.37,56.80,47.60,NA,NA,0.59,9.88,0.00,0.00,0.00,NA,NA,NA,NA,NA,NA,NA,NA,0.00,NA,NA,NA
2025-01-16 00:00:00,106.68,158.15,24.53,59.15,51.39,NA,NA,0.60,4.54,0.00,0.00,0.00,NA,NA,NA,NA,NA,NA,NA,NA,0.00,NA,NA,NA
2025-01-16 01:00:00,138.81,203.98,29.95,61.06,56.84,NA,NA,0.63,4.87,0.00,0.00,0.00,NA,NA,NA,NA,NA,NA,NA,NA,0.00,NA,NA,NA
2025-01-16 02:00:00,112.69,183.95,33.46,65.51,62.04,NA,NA,0.63,2.34,0.00,0.00,0.00,NA,NA,NA,NA,NA,NA,NA,NA,0.00,NA,NA,NA
2025-01-16 03:00:00,118.46,183.78,31.68,63.95,59.78,NA,NA,0.60,3.37,0.00,0.00,0.00,NA,NA,NA,NA,NA,NA,NA,NA,0.00,NA,NA,NA
2025-01-16 04:00:00,116.65,174.92,30.11,59.48,56.12,NA,NA,0.55,4.11,0.00,0.00,0.00,NA,NA,NA,NA,NA,NA,NA,NA,0.00,NA,NA,NA
2025-01-16 05:00:00,76.19,120.66,24.56,57.92,50.78,NA,NA,0.46,7.52,0.00,0.00,0.00,NA,NA,NA,NA,NA,NA,NA,NA,0.00,NA,NA,NA
2025-01-16 06:00:00,70.35,139.38,25.47,63.65,54.56,NA,NA,0.46,4.18,0.00,0.00,0.00,NA,NA,NA,NA,NA,NA,NA,NA,0.00,NA,NA,NA
2025-01-16 07:00:00,72.73,141.00,34.07,66.51,63.05,NA,NA,0.51,3.72,0.00,0.00,0.00,NA,NA,NA,NA,NA,NA,NA,NA,0.00,NA,NA,NA
2025-01-16 08:00:00,58.80,120.09,47.14,75.23,78.33,NA,NA,0.56,4.32,0.00,0.00,0.00,NA,NA,NA,NA,NA,NA,NA,NA,0.00,NA,NA,NA
2025-01-16 09:00:00,93.40,160.80,47.17,78.16,79.93,NA,NA,0.60,6.06,0.00,0.00,0.00,NA,NA,NA,NA,NA,NA,NA,NA,0.00,NA,NA,NA
2025-01-16 10:00:00,119.98,167.98,37.45,74.83,70.28,NA,NA,0.55,9.28,0.00,0.00,0.00,NA,NA,NA,NA,NA,NA,NA,NA,0.00,NA,NA,NA
2025-01-16 11:00:00,101.60,117.01,23.41,83.39,63.39,NA,NA,0.46,16.06,0.00,0.00,0.00,NA,NA,NA,NA,NA,NA,NA,NA,0.00,NA,NA,NA
2025-01-16 12:00:00,103.97,154.44,22.46,85.85,63.92,NA,NA,0.43,25.63,0.00,0.00,0.00,NA,NA,NA,NA,NA,NA,NA,NA,0.00,NA,NA,NA
2025-01-16 13:00:00,78.47,156.01,19.88,73.91,55.47,NA,NA,0.44,106.15,0.00,0.00,0.00,NA,NA,NA,NA,NA,NA,NA,NA,0.00,NA,NA,NA
2025-01-16 14:00:00,65.58,128.55,18.14,55.56,44.30,NA,NA,0.36,107.04,0.00,0.00,0.00,NA,NA,NA,NA,NA,NA,NA,NA,0.00,NA,NA,NA
2025-01-16 15:00:00,58.56,136.54,18.35,56.75,45.10,NA,NA,0.35,52.36,0.00,0.00,0.00,NA,NA,NA,NA,NA,NA,NA,NA,0.00,NA,NA,NA
2025-01-16 16:00:00,82.42,179.54,18.20,56.05,44.60,NA,NA,0.35,48.69,0.00,0.00,0.00,NA,NA,NA,NA,NA,NA,NA,NA,0.00,NA,NA,NA
2025-01-16 17:00:00,101.08,146.05,45.18,92.94,86.10,NA,NA,0.59,18.05,0.00,0.00,0.00,NA,NA,NA,NA,NA,NA,NA,NA,0.00,NA,NA,NA
2025-01-16 18:00:00,88.21,163.36,70.15,96.91,108.58,NA,NA,0.74,11.42,0.00,0.00,0.00,NA,NA,NA,NA,NA,NA,NA,NA,0.00,NA,NA,NA
2025-01-16 19:00:00,87.85,168.62,130.46,112.11,165.58,NA,NA,1.03,10.14,0.00,0.00,0.00,NA,NA,NA,NA,NA,NA,NA,NA,0.00,NA,NA,NA
2025-01-16 20:00:00,97.99,201.84,177.87,126.32,211.74,NA,NA,1.30,12.31,0.00,0.00,0.00,NA,NA,NA,NA,NA,NA,NA,NA,0.00,NA,NA,NA
2025-01-16 21:00:00,147.42,270.55,205.53,136.92,239.95,NA,NA,1.48,12.62,0.00,0.00,0.00,NA,NA,NA,NA,NA,NA,NA,NA,0.00,NA,NA,NA
2025-01-16 22:00:00,175.99,331.86,195.69,134.49,230.65,NA,NA,1.56,12.25,0.00,0.00,0.00,NA,NA,NA,NA,NA,NA,NA,NA,0.00,NA,NA,NA
2025-01-16 23:00:00,180.71,326.19,179.73,130.83,215.70,NA,NA,1.53,12.03,0.00,0.00,0.00,NA,NA,NA,NA,NA,NA,NA,NA,0.00,NA,NA,NA
2025-01-17 00:00:00,208.49,346.61,160.67,116.55,192.67,NA,NA,1.41,13.33,0.00,0.00,0.00,NA,NA,NA,NA,NA,NA,NA,NA,0.00,NA,NA,NA
2025-01-17 01:00:00,191.40,294.62,144.44,105.92,173.79,NA,NA,1.24,10.87,0.00,0.00,0.00,NA,NA,NA,NA,NA,NA,NA,NA,0.00,NA,NA,NA
2025-01-17 02:00:00,144.37,233.35,122.28,96.91,150.99,NA,NA,1.06,11.73,0.00,0.00,0.00,NA,NA,NA,NA,NA,NA,NA,NA,0.00,NA,NA,NA
2025-01-17 03:00:00,137.68,236.14,99.44,88.38,127.89,NA,NA,0.86,14.66,0.00,0.00,0.00,NA,NA,NA,NA,NA,NA,NA,NA,0.00,NA,NA,NA
2025-01-17 04:00:00,92.35,203.22,73.96,80.22,102.83,NA,NA,0.73,11.10,0.00,0.00,0.00,NA,NA,NA,NA,NA,NA,NA,NA,0.00,NA,NA,NA
2025-01-17 05:00:00,66.28,156.05,58.71,73.16,86.66,NA,NA,0.61,13.95,0.00,0.00,0.00,NA,NA,NA,NA,NA,NA,NA,NA,0.00,NA,NA,NA
2025-01-17 06:00:00,64.93,141.18,48.35,64.09,73.42,NA,NA,0.57,17.90,0.00,0.00,0.00,NA,NA,NA,NA,NA,NA,NA,NA,0.00,NA,NA,NA
2025-01-17 07:00:00,51.71,122.77,38.94,62.70,65.02,NA,NA,0.56,17.73,0.00,0.00,0.00,NA,NA,NA,NA,NA,NA,NA,NA,0.00,NA,NA,NA
2025-01-17 08:00:00,61.05,137.42,33.00,60.41,58.97,NA,NA,0.53,19.50,0.00,0.00,0.00,NA,NA,NA,NA,NA,NA,NA,NA,0.00,NA,NA,NA
2025-01-17 09:00:00,79.49,175.98,31.53,62.96,59.14,NA,NA,0.54,22.70,0.00,0.00,0.00,NA,NA,NA,NA,NA,NA,NA,NA,0.00,NA,NA,NA
2025-01-17 10:00:00,92.83,200.10,26.78,64.96,56.33,NA,NA,0.53,29.88,0.00,0.00,0.00,NA,NA,NA,NA,NA,NA,NA,NA,0.00,NA,NA,NA
2025-01-17 11:00:00,136.92,206.80,22.83,65.45,53.38,NA,NA,0.48,38.48,0.00,0.00,0.00,NA,NA,NA,NA,NA,NA,NA,NA,0.00,NA,NA,NA
2025-01-17 12:00:00,138.82,205.75,20.05,58.51,47.42,NA,NA,0.47,53.58,0.00,0.00,0.00,NA,NA,NA,NA,NA,NA,NA,NA,0.00,NA,NA,NA
2025-01-17 13:00:00,86.74,151.24,19.94,57.41,46.75,NA,NA,0.38,47.03,0.00,0.00,0.00,NA,NA,NA,NA,NA,NA,NA,NA,0.00,NA,NA,NA
2025-01-17 14:00:00,84.73,136.78,19.51,55.02,45.13,NA,NA,0.29,49.44,0.00,0.00,0.00,NA,NA,NA,NA,NA,NA,NA,NA,0.00,NA,NA,NA
2025-01-17 15:00:00,87.71,141.28,18.22,54.09,43.57,NA,NA,0.31,48.14,0.00,0.00,0.00,NA,NA,NA,NA,NA,NA,NA,NA,0.00,NA,NA,NA
2025-01-17 16:00:00,72.60,138.62,18.48,55.99,44.81,NA,NA,0.32,43.34,0.00,0.00,0.00,NA,NA,NA,NA,NA,NA,NA,NA,0.00,NA,NA,NA
2025-01-17 17:00:00,88.64,184.54,18.95,61.82,48.28,NA,NA,0.36,23.64,0.00,0.00,0.00,NA,NA,NA,NA,NA,NA,NA,NA,0.00,NA,NA,NA
2025-01-17 18:00:00,89.66,166.12,19.58,65.21,50.61,NA,NA,0.37,13.05,0.00,0.00,0.00,NA,NA,NA,NA,NA,NA,NA,NA,0.00,NA,NA,NA
2025-01-17 19:00:00,81.54,168.66,23.11,68.16,55.03,NA,NA,0.37,3.79,0.00,0.00,0.00,NA,NA,NA,NA,NA,NA,NA,NA,0.00,NA,NA,NA
2025-01-17 20:00:00,99.76,204.93,30.16,65.89,59.58,NA,NA,0.43,7.08,0.00,0.00,0.00,NA,NA,NA,NA,NA,NA,NA,NA,0.00,NA,NA,NA
2025-01-17 21:00:00,121.79,199.43,23.26,64.54,53.23,NA,NA,0.41,6.04,0.00,0.00,0.00,NA,NA,NA,NA,NA,NA,NA,NA,0.00,NA,NA,NA
2025-01-17 22:00:00,86.50,199.53,21.02,61.38,49.75,NA,NA,0.36,8.88,0.00,0.00,0.00,NA,NA,NA,NA,NA,NA,NA,NA,0.00,NA,NA,NA
2025-01-17 23:00:00,91.94,185.70,20.51,55.99,46.45,NA,NA,0.32,12.10,0.00,0.00,0.00,NA,NA,NA,NA,NA,NA,NA,NA,0.00,NA,NA,NA
2025-01-18 00:00:00,94.31,164.00,19.21,53.56,44.11,NA,NA,0.30,14.13,0.00,0.00,0.00,NA,NA,NA,NA,NA,NA,NA,NA,0.00,NA,NA,NA
2025-01-18 01:00:00,96.37,177.10,18.58,52.80,43.19,NA,NA,0.30,14.21,0.00,0.00,0.00,NA,NA,NA,NA,NA,NA,NA,NA,0.00,NA,NA,NA
2025-01-18 02:00:00,109.73,184.66,19.15,47.67,40.93,NA,NA,0.27,16.45,0.00,0.00,0.00,NA,NA,NA,NA,NA,NA,NA,NA,0.00,NA,NA,NA
2025-01-18 03:00:00,97.97,150.04,18.32,47.71,40.28,NA,NA,0.26,17.15,0.00,0.00,0.00,NA,NA,NA,NA,NA,NA,NA,NA,0.00,NA,NA,NA
2025-01-18 04:00:00,65.83,143.48,17.06,47.79,39.29,NA,NA,0.24,19.70,0.00,0.00,0.00,NA,NA,NA,NA,NA,NA,NA,NA,0.00,NA,NA,NA
2025-01-18 05:00:00,83.66,146.96,18.02,45.86,39.06,NA,NA,0.23,19.80,0.00,0.00,0.00,NA,NA,NA,NA,NA,NA,NA,NA,0.00,NA,NA,NA
2025-01-18 06:00:00,75.48,140.52,17.60,45.77,38.65,NA,NA,0.20,17.30,0.00,0.00,0.00,NA,NA,NA,NA,NA,NA,NA,NA,0.00,NA,NA,NA
2025-01-18 07:00:00,68.44,152.14,18.69,48.12,40.78,NA,NA,0.20,15.08,0.00,0.00,0.00,NA,NA,NA,NA,NA,NA,NA,NA,0.00,NA,NA,NA
2025-01-18 08:00:00,75.12,141.36,18.11,54.02,43.44,NA,NA,0.20,16.18,0.00,0.00,0.00,NA,NA,NA,NA,NA,NA,NA,NA,0.00,NA,NA,NA
2025-01-18 09:00:00,64.55,108.01,20.95,52.33,44.86,NA,NA,0.19,16.24,0.00,0.00,0.00,NA,NA,NA,NA,NA,NA,NA,NA,0.00,NA,NA,NA
2025-01-18 10:00:00,68.93,133.65,22.77,59.08,49.94,NA,NA,0.19,19.53,0.00,0.00,0.00,NA,NA,NA,NA,NA,NA,NA,NA,0.00,NA,NA,NA
2025-01-18 11:00:00,96.81,172.14,26.07,66.64,56.63,NA,NA,0.25,29.10,0.00,0.00,0.00,NA,NA,NA,NA,NA,NA,NA,NA,0.00,NA,NA,NA
2025-01-18 12:00:00,92.28,165.50,23.98,72.72,58.17,NA,NA,0.23,44.06,0.00,0.00,0.00,NA,NA,NA,NA,NA,NA,NA,NA,0.00,NA,NA,NA
2025-01-18 13:00:00,148.80,252.51,19.96,69.30,53.08,NA,NA,0.30,85.84,0.00,0.00,0.00,NA,NA,NA,NA,NA,NA,NA,NA,0.00,NA,NA,NA
2025-01-18 14:00:00,166.81,333.96,18.91,66.72,50.86,NA,NA,0.33,87.54,0.00,0.00,0.00,NA,NA,NA,NA,NA,NA,NA,NA,0.00,NA,NA,NA
2025-01-18 15:00:00,139.95,265.00,19.38,65.18,50.41,NA,NA,0.30,67.95,0.00,0.00,0.00,NA,NA,NA,NA,NA,NA,NA,NA,0.00,NA,NA,NA
2025-01-18 16:00:00,165.41,295.52,17.87,75.30,54.58,NA,NA,0.34,52.31,0.00,0.00,0.00,NA,NA,NA,NA,NA,NA,NA,NA,0.00,NA,NA,NA
2025-01-18 17:00:00,160.84,322.09,18.99,81.76,58.92,NA,NA,0.38,31.35,0.00,0.00,0.00,NA,NA,NA,NA,NA,NA,NA,NA,0.00,NA,NA,NA
2025-01-18 18:00:00,136.99,267.36,27.11,92.83,71.37,NA,NA,0.47,6.75,0.00,0.00,0.00,NA,NA,NA,NA,NA,NA,NA,NA,0.00,NA,NA,NA
2025-01-18 19:00:00,154.94,269.85,65.52,99.86,106.38,NA,NA,0.71,5.01,0.00,0.00,0.00,NA,NA,NA,NA,NA,NA,NA,NA,0.00,NA,NA,NA
2025-01-18 20:00:00,154.35,302.54,87.49,104.80,126.85,NA,NA,0.85,6.16,0.00,0.00,0.00,NA,NA,NA,NA,NA,NA,NA,NA,0.00,NA,NA,NA
2025-01-18 21:00:00,122.15,263.37,124.54,113.20,161.43,NA,NA,0.96,2.58,0.00,0.00,0.00,NA,NA,NA,NA,NA,NA,NA,NA,0.00,NA,NA,NA
2025-01-18 22:00:00,135.26,269.26,160.36,118.81,193.52,NA,NA,1.09,5.96,0.00,0.00,0.00,NA,NA,NA,NA,NA,NA,NA,NA,0.00,NA,NA,NA
2025-01-18 23:00:00,153.42,301.92,188.10,125.19,219.51,NA,NA,1.27,6.08,0.00,0.00,0.00,NA,NA,NA,NA,NA,NA,NA,NA,0.00,NA,NA,NA
2025-01-19 00:00:00,159.35,313.79,215.85,129.79,244.50,NA,NA,1.36,4.74,0.00,0.00,0.00,NA,NA,NA,NA,NA,NA,NA,NA,0.00,NA,NA,NA
2025-01-19 01:00:00,198.91,350.07,225.21,133.78,254.24,NA,NA,1.44,6.86,0.00,0.00,0.00,NA,NA,NA,NA,NA,NA,NA,NA,0.00,NA,NA,NA
2025-01-19 02:00:00,190.72,325.75,229.26,135.30,258.37,NA,NA,1.48,5.74,0.00,0.00,0.00,NA,NA,NA,NA,NA,NA,NA,NA,0.00,NA,NA,NA
2025-01-19 03:00:00,169.58,295.58,233.12,139.92,263.94,NA,NA,1.47,4.91,0.00,0.00,0.00,NA,NA,NA,NA,NA,NA,NA,NA,0.00,NA,NA,NA
2025-01-19 04:00:00,171.29,320.90,248.41,141.63,277.27,NA,NA,1.57,6.04,0.00,0.00,0.00,NA,NA,NA,NA,NA,NA,NA,NA,0.00,NA,NA,NA
2025-01-19 05:00:00,167.43,300.20,262.41,147.00,291.53,NA,NA,1.51,5.36,0.00,0.00,0.00,NA,NA,NA,NA,NA,NA,NA,NA,0.00,NA,NA,NA
2025-01-19 06:00:00,161.64,249.51,266.97,143.11,293.19,NA,NA,1.53,5.03,0.00,0.00,0.00,NA,NA,NA,NA,NA,NA,NA,NA,0.00,NA,NA,NA
2025-01-19 07:00:00,184.35,299.40,271.16,143.74,296.91,NA,NA,1.55,10.27,0.00,0.00,0.00,NA,NA,NA,NA,NA,NA,NA,NA,0.00,NA,NA,NA
2025-01-19 08:00:00,175.66,286.14,260.82,147.10,290.36,NA,NA,1.54,10.90,0.00,0.00,0.00,NA,NA,NA,NA,NA,NA,NA,NA,0.00,NA,NA,NA
2025-01-19 09:00:00,231.82,401.43,177.62,167.97,233.82,NA,NA,1.20,21.55,0.00,0.00,0.00,NA,NA,NA,NA,NA,NA,NA,NA,0.00,NA,NA,NA
2025-01-19 10:00:00,341.90,536.05,129.97,167.82,195.00,NA,NA,1.03,21.00,0.00,0.00,0.00,NA,NA,NA,NA,NA,NA,NA,NA,0.00,NA,NA,NA
2025-01-19 11:00:00,344.57,467.56,101.46,158.37,166.77,NA,NA,0.91,45.58,0.00,0.00,0.00,NA,NA,NA,NA,NA,NA,NA,NA,0.00,NA,NA,NA
2025-01-19 12:00:00,239.15,374.72,78.29,116.84,125.82,NA,NA,0.75,68.01,0.00,0.00,0.00,NA,NA,NA,NA,NA,NA,NA,NA,0.00,NA,NA,NA
2025-01-19 13:00:00,125.00,240.29,60.71,96.99,100.98,NA,NA,0.63,88.72,0.00,0.00,0.00,NA,NA,NA,NA,NA,NA,NA,NA,0.00,NA,NA,NA
2025-01-19 14:00:00,73.65,156.01,46.94,75.77,78.45,NA,NA,0.52,90.88,0.00,0.00,0.00,NA,NA,NA,NA,NA,NA,NA,NA,0.00,NA,NA,NA
2025-01-19 15:00:00,71.24,158.12,37.69,67.92,66.76,NA,NA,0.46,90.56,0.00,0.00,0.00,NA,NA,NA,NA,NA,NA,NA,NA,0.00,NA,NA,NA
2025-01-19 16:00:00,114.60,189.24,31.74,70.61,63.37,NA,NA,0.47,72.44,0.00,0.00,0.00,NA,NA,NA,NA,NA,NA,NA,NA,0.00,NA,NA,NA
2025-01-19 17:00:00,101.21,186.80,37.11,101.10,83.90,NA,NA,0.55,19.39,0.00,0.00,0.00,NA,NA,NA,NA,NA,NA,NA,NA,0.00,NA,NA,NA
2025-01-19 18:00:00,112.97,216.76,64.75,119.66,116.27,NA,NA,0.70,4.46,0.00,0.00,0.00,NA,NA,NA,NA,NA,NA,NA,NA,0.00,NA,NA,NA
2025-01-19 19:00:00,121.59,234.27,89.49,115.24,134.04,NA,NA,0.84,5.32,0.00,0.00,0.00,NA,NA,NA,NA,NA,NA,NA,NA,0.00,NA,NA,NA
2025-01-19 20:00:00,106.39,216.24,95.51,110.88,136.64,NA,NA,0.87,4.23,0.00,0.00,0.00,NA,NA,NA,NA,NA,NA,NA,NA,0.00,NA,NA,NA
2025-01-19 21:00:00,134.60,290.93,146.28,121.23,183.33,NA,NA,1.14,5.67,0.00,0.00,0.00,NA,NA,NA,NA,NA,NA,NA,NA,0.00,NA,NA,NA
2025-01-19 22:00:00,173.64,321.49,166.32,119.34,198.66,NA,NA,1.26,6.37,0.00,0.00,0.00,NA,NA,NA,NA,NA,NA,NA,NA,0.00,NA,NA,NA
2025-01-19 23:00:00,174.18,327.49,171.96,122.72,205.10,NA,NA,1.30,3.37,0.00,0.00,0.00,NA,NA,NA,NA,NA,NA,NA,NA,0.00,NA,NA,NA
2025-01-20 00:00:00,212.33,346.98,158.68,115.36,190.37,NA,NA,1.36,5.95,0.00,0.00,0.00,NA,NA,NA,NA,NA,NA,NA,NA,0.00,NA,NA,NA
2025-01-20 01:00:00,248.51,391.72,122.75,103.75,155.05,NA,NA,1.08,6.10,0.00,0.00,0.00,NA,NA,NA,NA,NA,NA,NA,NA,0.00,NA,NA,NA
2025-01-20 02:00:00,119.90,222.07,81.47,83.30,110.60,NA,NA,0.70,2.95,0.00,0.00,0.00,NA,NA,NA,NA,NA,NA,NA,NA,0.00,NA,NA,NA
2025-01-20 03:00:00,103.81,175.71,68.86,76.41,96.64,NA,NA,0.62,4.40,0.00,0.00,0.00,NA,NA,NA,NA,NA,NA,NA,NA,0.00,NA,NA,NA
2025-01-20 04:00:00,105.77,193.43,79.55,75.50,104.81,NA,NA,0.58,5.66,0.00,0.00,0.00,NA,NA,NA,NA,NA,NA,NA,NA,0.00,NA,NA,NA
2025-01-20 05:00:00,81.68,176.37,65.14,77.27,94.12,NA,NA,0.49,3.56,0.00,0.00,0.00,NA,NA,NA,NA,NA,NA,NA,NA,0.00,NA,NA,NA
2025-01-20 06:00:00,90.30,183.73,50.81,69.88,78.49,NA,NA,0.43,4.97,0.00,0.00,0.00,NA,NA,NA,NA,NA,NA,NA,NA,0.00,NA,NA,NA
2025-01-20 07:00:00,93.51,177.61,52.94,66.13,78.20,NA,NA,0.43,5.53,0.00,0.00,0.00,NA,NA,NA,NA,NA,NA,NA,NA,0.00,NA,NA,NA
2025-01-20 08:00:00,72.82,161.44,52.62,77.11,83.80,NA,NA,0.40,7.88,0.00,0.00,0.00,NA,NA,NA,NA,NA,NA,NA,NA,0.00,NA,NA,NA
2025-01-20 09:00:00,116.47,186.68,40.72,85.92,78.85,NA,NA,0.39,14.33,0.00,0.00,0.00,NA,NA,NA,NA,NA,NA,NA,NA,0.00,NA,NA,NA
2025-01-20 10:00:00,119.23,207.30,30.88,76.05,65.55,NA,NA,0.33,32.50,0.00,0.00,0.00,NA,NA,NA,NA,NA,NA,NA,NA,0.00,NA,NA,NA
2025-01-20 11:00:00,76.47,165.54,22.51,64.63,52.69,NA,NA,0.25,56.96,0.00,0.00,0.00,NA,NA,NA,NA,NA,NA,NA,NA,0.00,NA,NA,NA
2025-01-20 12:00:00,75.07,161.24,18.09,54.62,43.75,NA,NA,0.22,68.06,0.00,0.00,0.00,NA,NA,NA,NA,NA,NA,NA,NA,0.00,NA,NA,NA
2025-01-20 13:00:00,75.22,149.12,17.51,52.01,41.91,NA,NA,0.20,76.87,0.00,0.00,0.00,NA,NA,NA,NA,NA,NA,NA,NA,0.00,NA,NA,NA
2025-01-20 14:00:00,81.78,171.74,17.87,50.70,41.49,NA,NA,0.20,81.68,0.00,0.00,0.00,NA,NA,NA,NA,NA,NA,NA,NA,0.00,NA,NA,NA
2025-01-20 15:00:00,93.10,192.57,17.41,52.57,42.12,NA,NA,0.15,74.45,0.00,0.00,0.00,NA,NA,NA,NA,NA,NA,NA,NA,0.00,NA,NA,NA
2025-01-20 16:00:00,104.69,198.72,16.83,57.42,44.23,NA,NA,0.19,51.57,0.00,0.00,0.00,NA,NA,NA,NA,NA,NA,NA,NA,0.00,NA,NA,NA
2025-01-20 17:00:00,101.85,212.24,17.80,71.87,52.71,NA,NA,0.25,29.83,0.00,0.00,0.00,NA,NA,NA,NA,NA,NA,NA,NA,0.00,NA,NA,NA
2025-01-20 18:00:00,113.72,211.97,19.42,93.22,65.37,NA,NA,0.38,8.20,0.00,0.00,0.00,NA,NA,NA,NA,NA,NA,NA,NA,0.00,NA,NA,NA
2025-01-20 19:00:00,121.81,208.09,33.50,95.78,78.16,NA,NA,0.47,3.89,0.00,0.00,0.00,NA,NA,NA,NA,NA,NA,NA,NA,0.00,NA,NA,NA
2025-01-20 20:00:00,122.12,253.79,30.41,90.50,72.87,NA,NA,0.53,5.03,0.00,0.00,0.00,NA,NA,NA,NA,NA,NA,NA,NA,0.00,NA,NA,NA
2025-01-20 21:00:00,137.52,254.27,26.67,82.45,65.53,NA,NA,0.52,7.05,0.00,0.00,0.00,NA,NA,NA,NA,NA,NA,NA,NA,0.00,NA,NA,NA
2025-01-20 22:00:00,122.74,228.31,29.01,77.80,65.00,NA,NA,0.53,3.30,0.00,0.00,0.00,NA,NA,NA,NA,NA,NA,NA,NA,0.00,NA,NA,NA
2025-01-20 23:00:00,110.86,196.29,22.76,71.24,56.36,NA,NA,0.43,5.93,0.00,0.00,0.00,NA,NA,NA,NA,NA,NA,NA,NA,0.00,NA,NA,NA
2025-01-21 00:00:00,100.02,192.25,22.09,63.88,51.95,NA,NA,0.40,11.49,0.00,0.00,0.00,NA,NA,NA,NA,NA,NA,NA,NA,0.00,NA,NA,NA
2025-01-21 01:00:00,107.05,202.95,21.46,53.98,46.18,NA,NA,0.34,9.17,0.00,0.00,0.00,NA,NA,NA,NA,NA,NA,NA,NA,0.00,NA,NA,NA
2025-01-21 02:00:00,105.97,180.03,18.23,55.16,44.15,NA,NA,0.30,8.75,0.00,0.00,0.00,NA,NA,NA,NA,NA,NA,NA,NA,0.00,NA,NA,NA
2025-01-21 03:00:00,107.76,181.02,19.13,54.41,44.48,NA,NA,0.28,9.51,0.00,0.00,0.00,NA,NA,NA,NA,NA,NA,NA,NA,0.00,NA,NA,NA
2025-01-21 04:00:00,75.96,155.13,19.01,52.83,43.56,NA,NA,0.27,10.52,0.00,0.00,0.00,NA,NA,NA,NA,NA,NA,NA,NA,0.00,NA,NA,NA
2025-01-21 05:00:00,90.79,156.23,18.25,54.71,43.93,NA,NA,0.24,8.09,0.00,0.00,0.00,NA,NA,NA,NA,NA,NA,NA,NA,0.00,NA,NA,NA
2025-01-21 06:00:00,93.02,173.52,19.00,55.21,44.81,NA,NA,0.22,7.91,0.00,0.00,0.00,NA,NA,NA,NA,NA,NA,NA,NA,0.00,NA,NA,NA
2025-01-21 07:00:00,75.32,159.68,19.15,61.87,48.48,NA,NA,0.21,9.86,0.00,0.00,0.00,NA,NA,NA,NA,NA,NA,NA,NA,0.00,NA,NA,NA
2025-01-21 08:00:00,74.00,170.42,22.51,64.94,52.84,NA,NA,0.21,17.46,0.00,0.00,0.00,NA,NA,NA,NA,NA,NA,NA,NA,0.00,NA,NA,NA
2025-01-21 09:00:00,92.23,187.15,23.03,66.18,53.93,NA,NA,0.26,20.53,0.00,0.00,0.00,NA,NA,NA,NA,NA,NA,NA,NA,0.00,NA,NA,NA
2025-01-21 10:00:00,78.70,192.84,20.06,63.16,49.91,NA,NA,0.23,44.61,0.00,0.00,0.00,NA,NA,NA,NA,NA,NA,NA,NA,0.00,NA,NA,NA
2025-01-21 11:00:00,79.11,196.56,18.63,57.46,45.71,NA,NA,0.17,59.23,0.00,0.00,0.00,NA,NA,NA,NA,NA,NA,NA,NA,0.00,NA,NA,NA
2025-01-21 12:00:00,96.36,184.61,18.75,53.59,43.76,NA,NA,0.16,69.52,0.00,0.00,0.00,NA,NA,NA,NA,NA,NA,NA,NA,0.00,NA,NA,NA
2025-01-21 13:00:00,92.32,180.10,17.96,54.39,43.54,NA,NA,0.19,85.71,0.00,0.00,0.00,NA,NA,NA,NA,NA,NA,NA,NA,0.00,NA,NA,NA
2025-01-21 14:00:00,87.53,201.03,17.13,52.44,41.83,NA,NA,0.16,83.36,0.00,0.00,0.00,NA,NA,NA,NA,NA,NA,NA,NA,0.00,NA,NA,NA
2025-01-21 15:00:00,79.74,153.77,17.14,52.60,41.92,NA,NA,0.15,86.59,0.00,0.00,0.00,NA,NA,NA,NA,NA,NA,NA,NA,0.00,NA,NA,NA
2025-01-21 16:00:00,75.20,168.98,17.71,56.95,44.68,NA,NA,0.17,82.07,0.00,0.00,0.00,NA,NA,NA,NA,NA,NA,NA,NA,0.00,NA,NA,NA
2025-01-21 17:00:00,87.54,233.91,18.43,72.18,53.37,NA,NA,0.22,51.27,0.00,0.00,0.00,NA,NA,NA,NA,NA,NA,NA,NA,0.00,NA,NA,NA
2025-01-21 18:00:00,87.55,187.65,25.76,99.70,73.93,NA,NA,0.37,13.23,0.00,0.00,0.00,NA,NA,NA,NA,NA,NA,NA,NA,0.00,NA,NA,NA
2025-01-21 19:00:00,85.08,199.41,53.15,117.13,105.51,NA,NA,0.54,4.69,0.00,0.00,0.00,NA,NA,NA,NA,NA,NA,NA,NA,0.00,NA,NA,NA
2025-01-21 20:00:00,106.51,228.04,70.64,113.38,117.72,NA,NA,0.63,4.82,0.00,0.00,0.00,NA,NA,NA,NA,NA,NA,NA,NA,0.00,NA,NA,NA
2025-01-21 21:00:00,116.42,249.46,70.26,107.82,114.49,NA,NA,0.68,4.02,0.00,0.00,0.00,NA,NA,NA,NA,NA,NA,NA,NA,0.00,NA,NA,NA
2025-01-21 22:00:00,117.19,236.18,51.37,94.38,91.98,NA,NA,0.56,4.83,0.00,0.00,0.00,NA,NA,NA,NA,NA,NA,NA,NA,0.00,NA,NA,NA
2025-01-21 23:00:00,138.94,223.66,46.54,81.13,81.00,NA,NA,0.52,4.55,0.00,0.00,0.00,NA,NA,NA,NA,NA,NA,NA,NA,0.00,NA,NA,NA
2025-01-22 00:00:00,125.43,214.91,47.36,73.58,77.63,NA,NA,0.49,3.87,0.00,0.00,0.00,NA,NA,NA,NA,NA,NA,NA,NA,0.00,NA,NA,NA
2025-01-22 01:00:00,118.93,196.80,63.90,76.64,92.71,NA,NA,0.47,4.61,0.00,0.00,0.00,NA,NA,NA,NA,NA,NA,NA,NA,0.00,NA,NA,NA
2025-01-22 02:00:00,114.27,186.49,59.10,72.65,86.70,NA,NA,0.41,5.18,0.00,0.00,0.00,NA,NA,NA,NA,NA,NA,NA,NA,0.00,NA,NA,NA
2025-01-22 03:00:00,77.75,142.16,50.02,71.42,78.68,NA,NA,0.31,3.37,0.00,0.00,0.00,NA,NA,NA,NA,NA,NA,NA,NA,0.00,NA,NA,NA
2025-01-22 04:00:00,72.30,133.81,49.81,66.67,75.97,NA,NA,0.27,5.45,0.00,0.00,0.00,NA,NA,NA,NA,NA,NA,NA,NA,0.00,NA,NA,NA
2025-01-22 05:00:00,89.57,140.57,47.94,66.03,74.11,NA,NA,0.25,5.10,0.00,0.00,0.00,NA,NA,NA,NA,NA,NA,NA,NA,0.00,NA,NA,NA
2025-01-22 06:00:00,69.12,108.19,49.48,66.99,75.86,NA,NA,0.22,4.18,0.00,0.00,0.00,NA,NA,NA,NA,NA,NA,NA,NA,0.00,NA,NA,NA
2025-01-22 07:00:00,73.38,154.54,42.45,66.64,69.97,NA,NA,0.22,6.99,0.00,0.00,0.00,NA,NA,NA,NA,NA,NA,NA,NA,0.00,NA,NA,NA
2025-01-22 08:00:00,69.66,163.70,46.39,71.56,75.77,NA,NA,0.28,10.73,0.00,0.00,0.00,NA,NA,NA,NA,NA,NA,NA,NA,0.00,NA,NA,NA
2025-01-22 09:00:00,48.77,153.56,39.93,82.15,76.17,NA,NA,0.31,14.04,0.00,0.00,0.00,NA,NA,NA,NA,NA,NA,NA,NA,0.00,NA,NA,NA
2025-01-22 10:00:00,79.10,185.44,28.16,81.23,66.12,NA,NA,0.45,30.91,0.00,0.00,0.00,NA,NA,NA,NA,NA,NA,NA,NA,0.00,NA,NA,NA
2025-01-22 11:00:00,73.95,183.06,23.72,61.56,52.03,NA,NA,0.33,55.90,0.00,0.00,0.00,NA,NA,NA,NA,NA,NA,NA,NA,0.00,NA,NA,NA
2025-01-22 12:00:00,83.03,228.95,36.02,112.59,89.17,NA,NA,0.29,71.42,0.00,0.00,0.00,NA,NA,NA,NA,NA,NA,NA,NA,0.00,NA,NA,NA
2025-01-22 13:00:00,100.11,180.08,27.29,87.09,68.53,NA,NA,0.21,78.66,0.00,0.00,0.00,NA,NA,NA,NA,NA,NA,NA,NA,0.00,NA,NA,NA
2025-01-22 14:00:00,75.73,129.34,23.50,82.98,63.24,NA,NA,0.26,81.48,0.00,0.00,0.00,NA,NA,NA,NA,NA,NA,NA,NA,0.00,NA,NA,NA
2025-01-22 15:00:00,96.52,159.44,22.05,85.42,63.37,NA,NA,0.26,86.73,0.00,0.00,0.00,NA,NA,NA,NA,NA,NA,NA,NA,0.00,NA,NA,NA
2025-01-22 16:00:00,123.00,183.70,21.04,87.22,63.50,NA,NA,0.29,66.77,0.00,0.00,0.00,NA,NA,NA,NA,NA,NA,NA,NA,0.00,NA,NA,NA
2025-01-22 17:00:00,48.92,116.71,28.00,152.83,104.02,NA,NA,0.37,19.17,0.00,0.00,0.00,NA,NA,NA,NA,NA,NA,NA,NA,0.00,NA,NA,NA
2025-01-22 18:00:00,54.89,128.13,77.53,174.59,155.86,NA,NA,0.56,6.56,0.00,0.00,0.00,NA,NA,NA,NA,NA,NA,NA,NA,0.00,NA,NA,NA
2025-01-22 19:00:00,48.78,140.95,97.41,178.37,174.06,NA,NA,0.61,5.10,0.00,0.00,0.00,NA,NA,NA,NA,NA,NA,NA,NA,0.00,NA,NA,NA
2025-01-22 20:00:00,67.69,182.10,161.77,186.91,230.92,NA,NA,0.80,5.35,0.00,0.00,0.00,NA,NA,NA,NA,NA,NA,NA,NA,0.00,NA,NA,NA
2025-01-22 21:00:00,94.66,200.51,237.55,200.47,299.76,NA,NA,1.06,5.52,0.00,0.00,0.00,NA,NA,NA,NA,NA,NA,NA,NA,0.00,NA,NA,NA
2025-01-22 22:00:00,95.48,222.12,250.02,209.37,314.67,NA,NA,1.18,4.71,0.00,0.00,0.00,NA,NA,NA,NA,NA,NA,NA,NA,0.00,NA,NA,NA
2025-01-22 23:00:00,127.57,269.04,224.91,197.49,287.91,NA,NA,1.18,6.36,0.00,0.00,0.00,NA,NA,NA,NA,NA,NA,NA,NA,0.00,NA,NA,NA
2025-01-23 00:00:00,162.48,294.49,174.22,179.42,237.11,NA,NA,1.05,5.66,0.00,0.00,0.00,NA,NA,NA,NA,NA,NA,NA,NA,0.00,NA,NA,NA
2025-01-23 01:00:00,112.83,182.49,145.59,158.88,202.88,NA,NA,0.84,3.47,0.00,0.00,0.00,NA,NA,NA,NA,NA,NA,NA,NA,0.00,NA,NA,NA
2025-01-23 02:00:00,89.87,132.04,140.92,139.18,188.60,NA,NA,0.84,4.81,0.00,0.00,0.00,NA,NA,NA,NA,NA,NA,NA,NA,0.00,NA,NA,NA
2025-01-23 03:00:00,87.53,123.11,161.77,142.13,207.16,NA,NA,0.87,3.30,0.00,0.00,0.00,NA,NA,NA,NA,NA,NA,NA,NA,0.00,NA,NA,NA
2025-01-23 04:00:00,75.35,120.84,156.23,130.23,196.29,NA,NA,0.83,4.32,0.00,0.00,0.00,NA,NA,NA,NA,NA,NA,NA,NA,0.00,NA,NA,NA
2025-01-23 05:00:00,98.90,145.23,195.03,141.80,233.94,NA,NA,0.87,5.33,0.00,0.00,0.00,NA,NA,NA,NA,NA,NA,NA,NA,0.00,NA,NA,NA
2025-01-23 06:00:00,99.09,161.37,179.15,140.73,220.53,NA,NA,0.84,4.75,0.00,0.00,0.00,NA,NA,NA,NA,NA,NA,NA,NA,0.00,NA,NA,NA
2025-01-23 07:00:00,89.65,181.12,214.21,148.67,253.22,NA,NA,0.84,5.58,0.00,0.00,0.00,NA,NA,NA,NA,NA,NA,NA,NA,0.00,NA,NA,NA
2025-01-23 08:00:00,102.10,198.81,200.71,158.06,247.27,NA,NA,0.84,9.06,0.00,0.00,0.00,NA,NA,NA,NA,NA,NA,NA,NA,0.00,NA,NA,NA
2025-01-23 09:00:00,113.82,242.44,154.36,181.34,221.88,NA,NA,0.70,8.04,0.00,0.00,0.00,NA,NA,NA,NA,NA,NA,NA,NA,0.00,NA,NA,NA
2025-01-23 10:00:00,81.80,201.74,45.59,173.12,129.12,NA,NA,0.44,21.53,0.00,0.00,0.00,NA,NA,NA,NA,NA,NA,NA,NA,0.00,NA,NA,NA
2025-01-23 11:00:00,122.38,207.46,22.70,117.83,81.15,NA,NA,0.35,53.78,0.00,0.00,0.00,NA,NA,NA,NA,NA,NA,NA,NA,0.00,NA,NA,NA
2025-01-23 12:00:00,81.39,183.87,20.01,82.75,60.32,NA,NA,0.27,67.75,0.00,0.00,0.00,NA,NA,NA,NA,NA,NA,NA,NA,0.00,NA,NA,NA
2025-01-23 13:00:00,41.68,107.06,19.33,69.70,52.81,NA,NA,0.22,64.71,0.00,0.00,0.00,NA,NA,NA,NA,NA,NA,NA,NA,0.00,NA,NA,NA
2025-01-23 14:00:00,41.51,99.55,20.10,62.98,49.86,NA,NA,0.19,67.59,0.00,0.00,0.00,NA,NA,NA,NA,NA,NA,NA,NA,0.00,NA,NA,NA
2025-01-23 15:00:00,31.12,79.95,18.86,61.09,47.84,NA,NA,0.19,71.35,0.00,0.00,0.00,NA,NA,NA,NA,NA,NA,NA,NA,0.00,NA,NA,NA
2025-01-23 16:00:00,31.56,84.57,18.94,62.60,48.70,NA,NA,0.18,65.81,0.00,0.00,0.00,NA,NA,NA,NA,NA,NA,NA,NA,0.00,NA,NA,NA
2025-01-23 17:00:00,43.98,81.57,18.72,80.35,57.94,NA,NA,0.20,50.03,0.00,0.00,0.00,NA,NA,NA,NA,NA,NA,NA,NA,0.00,NA,NA,NA
2025-01-23 18:00:00,36.58,91.26,57.32,163.83,133.75,NA,NA,0.40,6.97,0.00,0.00,0.00,NA,NA,NA,NA,NA,NA,NA,NA,0.00,NA,NA,NA
2025-01-23 19:00:00,48.81,135.70,74.03,167.90,149.49,NA,NA,0.46,6.18,0.00,0.00,0.00,NA,NA,NA,NA,NA,NA,NA,NA,0.00,NA,NA,NA
2025-01-23 20:00:00,73.83,177.92,100.63,164.04,169.09,NA,NA,0.62,6.39,0.00,0.00,0.00,NA,NA,NA,NA,NA,NA,NA,NA,0.00,NA,NA,NA
2025-01-23 21:00:00,73.63,197.64,92.92,153.31,157.06,NA,NA,0.61,4.07,0.00,0.00,0.00,NA,NA,NA,NA,NA,NA,NA,NA,0.00,NA,NA,NA
2025-01-23 22:00:00,78.17,182.51,66.54,134.70,125.73,NA,NA,0.53,5.06,0.00,0.00,0.00,NA,NA,NA,NA,NA,NA,NA,NA,0.00,NA,NA,NA
2025-01-23 23:00:00,71.66,152.84,50.52,113.63,101.51,NA,NA,0.44,5.07,0.00,0.00,0.00,NA,NA,NA,NA,NA,NA,NA,NA,0.00,NA,NA,NA
2025-01-24 00:00:00,55.90,113.79,45.50,105.45,93.08,NA,NA,0.41,3.81,0.00,0.00,0.00,NA,NA,NA,NA,NA,NA,NA,NA,0.00,NA,NA,NA
2025-01-24 01:00:00,77.48,134.02,39.90,99.37,85.31,NA,NA,0.36,5.46,0.00,0.00,0.00,NA,NA,NA,NA,NA,NA,NA,NA,0.00,NA,NA,NA
2025-01-24 02:00:00,81.56,134.74,38.17,91.83,79.86,NA,NA,0.34,4.54,0.00,0.00,0.00,NA,NA,NA,NA,NA,NA,NA,NA,0.00,NA,NA,NA
2025-01-24 03:00:00,55.84,104.16,30.07,86.47,70.45,NA,NA,0.29,4.78,0.00,0.00,0.00,NA,NA,NA,NA,NA,NA,NA,NA,0.00,NA,NA,NA
2025-01-24 04:00:00,56.51,105.32,29.51,88.59,71.11,NA,NA,0.23,7.22,0.00,0.00,0.00,NA,NA,NA,NA,NA,NA,NA,NA,0.00,NA,NA,NA
2025-01-24 05:00:00,78.55,128.28,27.46,87.51,68.87,NA,NA,0.24,5.14,0.00,0.00,0.00,NA,NA,NA,NA,NA,NA,NA,NA,0.00,NA,NA,NA
2025-01-24 06:00:00,58.73,109.03,23.96,88.00,66.30,NA,NA,0.22,4.33,0.00,0.00,0.00,NA,NA,NA,NA,NA,NA,NA,NA,0.00,NA,NA,NA
2025-01-24 07:00:00,69.06,120.83,28.55,91.60,71.92,NA,NA,0.23,4.15,0.00,0.00,0.00,NA,NA,NA,NA,NA,NA,NA,NA,0.00,NA,NA,NA
2025-01-24 08:00:00,64.13,124.31,31.07,96.73,76.70,NA,NA,0.24,5.10,0.00,0.00,0.00,NA,NA,NA,NA,NA,NA,NA,NA,0.00,NA,NA,NA
2025-01-24 09:00:00,51.61,167.12,30.13,96.99,76.09,NA,NA,0.26,3.28,0.00,0.00,0.00,NA,NA,NA,NA,NA,NA,NA,NA,0.00,NA,NA,NA
2025-01-24 10:00:00,76.02,197.83,24.61,93.09,69.53,NA,NA,0.25,4.70,0.00,0.00,0.00,NA,NA,NA,NA,NA,NA,NA,NA,0.00,NA,NA,NA
2025-01-24 11:00:00,62.01,161.96,20.16,71.32,54.34,NA,NA,0.20,17.77,0.00,0.00,0.00,NA,NA,NA,NA,NA,NA,NA,NA,0.00,NA,NA,NA
2025-01-24 12:00:00,45.58,147.89,18.42,69.18,51.76,NA,NA,0.19,15.91,0.00,0.00,0.00,NA,NA,NA,NA,NA,NA,NA,NA,0.00,NA,NA,NA
2025-01-24 13:00:00,43.98,123.20,16.65,65.32,48.29,NA,NA,0.12,19.33,0.00,0.00,0.00,NA,NA,NA,NA,NA,NA,NA,NA,0.00,NA,NA,NA
2025-01-24 14:00:00,31.24,104.98,16.03,60.11,44.99,NA,NA,0.12,29.54,0.00,0.00,0.00,NA,NA,NA,NA,NA,NA,NA,NA,0.00,NA,NA,NA
2025-01-24 15:00:00,28.97,104.41,18.04,55.87,44.41,NA,NA,0.08,29.85,0.00,0.00,0.00,NA,NA,NA,NA,NA,NA,NA,NA,0.00,NA,NA,NA
2025-01-24 16:00:00,27.47,94.73,16.16,59.11,44.56,NA,NA,0.08,19.40,0.00,0.00,0.00,NA,NA,NA,NA,NA,NA,NA,NA,0.00,NA,NA,NA
2025-01-24 17:00:00,44.10,101.43,17.47,76.70,54.98,NA,NA,0.14,16.34,0.00,0.00,0.00,NA,NA,NA,NA,NA,NA,NA,NA,0.00,NA,NA,NA
2025-01-24 18:00:00,53.42,115.33,26.61,140.18,96.19,NA,NA,0.26,12.05,0.00,0.00,0.00,NA,NA,NA,NA,NA,NA,NA,NA,0.00,NA,NA,NA
2025-01-24 19:00:00,65.29,151.35,70.74,170.29,148.09,NA,NA,0.41,8.17,0.00,0.00,0.00,NA,NA,NA,NA,NA,NA,NA,NA,0.00,NA,NA,NA
2025-01-24 20:00:00,70.20,162.30,60.48,165.15,137.04,NA,NA,0.42,7.79,0.00,0.00,0.00,NA,NA,NA,NA,NA,NA,NA,NA,0.00,NA,NA,NA
2025-01-24 21:00:00,97.12,193.42,39.49,148.65,111.17,NA,NA,0.42,10.59,0.00,0.00,0.00,NA,NA,NA,NA,NA,NA,NA,NA,0.00,NA,NA,NA
2025-01-24 22:00:00,109.74,226.29,57.82,152.49,128.13,NA,NA,0.51,9.15,0.00,0.00,0.00,NA,NA,NA,NA,NA,NA,NA,NA,0.00,NA,NA,NA
2025-01-24 23:00:00,88.64,210.97,44.52,135.92,108.48,NA,NA,0.42,8.40,0.00,0.00,0.00,NA,NA,NA,NA,NA,NA,NA,NA,0.00,NA,NA,NA
2025-01-25 00:00:00,82.14,168.73,31.35,122.88,90.84,NA,NA,0.36,9.90,0.00,0.00,0.00,NA,NA,NA,NA,NA,NA,NA,NA,0.00,NA,NA,NA
2025-01-25 01:00:00,88.31,159.74,24.13,103.06,74.44,NA,NA,0.30,11.61,0.00,0.00,0.00,NA,NA,NA,NA,NA,NA,NA,NA,0.00,NA,NA,NA
2025-01-25 02:00:00,64.69,122.69,19.37,99.11,68.47,NA,NA,0.27,6.40,0.00,0.00,0.00,NA,NA,NA,NA,NA,NA,NA,NA,0.00,NA,NA,NA
2025-01-25 03:00:00,68.94,120.67,20.47,85.16,61.94,NA,NA,0.25,11.75,0.00,0.00,0.00,NA,NA,NA,NA,NA,NA,NA,NA,0.00,NA,NA,NA
2025-01-25 04:00:00,64.28,117.85,19.52,81.01,58.96,NA,NA,0.24,9.68,0.00,0.00,0.00,NA,NA,NA,NA,NA,NA,NA,NA,0.00,NA,NA,NA
2025-01-25 05:00:00,37.99,86.66,17.30,80.16,56.73,NA,NA,0.22,6.92,0.00,0.00,0.00,NA,NA,NA,NA,NA,NA,NA,NA,0.00,NA,NA,NA
2025-01-25 06:00:00,47.38,94.39,17.28,75.19,54.05,NA,NA,0.19,11.20,0.00,0.00,0.00,NA,NA,NA,NA,NA,NA,NA,NA,0.00,NA,NA,NA
2025-01-25 07:00:00,49.80,104.49,19.89,69.24,53.00,NA,NA,0.21,10.30,0.00,0.00,0.00,NA,NA,NA,NA,NA,NA,NA,NA,0.00,NA,NA,NA
2025-01-25 08:00:00,32.20,83.64,21.95,80.93,60.84,NA,NA,0.20,7.53,0.00,0.00,0.00,NA,NA,NA,NA,NA,NA,NA,NA,0.00,NA,NA,NA
2025-01-25 09:00:00,39.04,149.73,20.83,72.31,55.38,NA,NA,0.19,12.42,0.00,0.00,0.00,NA,NA,NA,NA,NA,NA,NA,NA,0.00,NA,NA,NA
2025-01-25 10:00:00,50.81,146.79,20.22,66.81,51.97,NA,NA,0.18,17.86,0.00,0.00,0.00,NA,NA,NA,NA,NA,NA,NA,NA,0.00,NA,NA,NA
2025-01-25 11:00:00,29.30,134.30,18.90,68.29,51.70,NA,NA,0.20,22.80,0.00,0.00,0.00,NA,NA,NA,NA,NA,NA,NA,NA,0.00,NA,NA,NA
2025-01-25 12:00:00,35.47,145.78,18.23,63.90,48.82,NA,NA,0.18,20.71,0.00,0.00,0.00,NA,NA,NA,NA,NA,NA,NA,NA,0.00,NA,NA,NA
2025-01-25 13:00:00,40.03,122.46,19.06,61.90,48.43,NA,NA,0.17,21.10,0.00,0.00,0.00,NA,NA,NA,NA,NA,NA,NA,NA,0.00,NA,NA,NA
2025-01-25 14:00:00,36.12,129.90,18.97,59.77,47.24,NA,NA,0.15,29.78,0.00,0.00,0.00,NA,NA,NA,NA,NA,NA,NA,NA,0.00,NA,NA,NA
2025-01-25 15:00:00,37.39,117.32,18.19,63.26,48.41,NA,NA,0.17,17.82,0.00,0.00,0.00,NA,NA,NA,NA,NA,NA,NA,NA,0.00,NA,NA,NA
2025-01-25 16:00:00,42.10,116.50,16.34,67.34,49.10,NA,NA,0.17,26.45,0.00,0.00,0.00,NA,NA,NA,NA,NA,NA,NA,NA,0.00,NA,NA,NA
2025-01-25 17:00:00,40.89,139.77,18.08,83.60,59.17,NA,NA,0.19,19.66,0.00,0.00,0.00,NA,NA,NA,NA,NA,NA,NA,NA,0.00,NA,NA,NA
2025-01-25 18:00:00,41.46,130.94,27.14,130.78,91.62,NA,NA,0.28,12.14,0.00,0.00,0.00,NA,NA,NA,NA,NA,NA,NA,NA,0.00,NA,NA,NA
2025-01-25 19:00:00,46.42,134.05,74.29,176.94,154.55,NA,NA,0.43,9.54,0.00,0.00,0.00,NA,NA,NA,NA,NA,NA,NA,NA,0.00,NA,NA,NA
2025-01-25 20:00:00,45.01,150.18,104.01,184.38,182.68,NA,NA,0.50,7.57,0.00,0.00,0.00,NA,NA,NA,NA,NA,NA,NA,NA,0.00,NA,NA,NA
2025-01-25 21:00:00,82.91,181.80,96.61,174.76,171.47,NA,NA,0.49,12.46,0.00,0.00,0.00,NA,NA,NA,NA,NA,NA,NA,NA,0.00,NA,NA,NA
2025-01-25 22:00:00,91.40,139.34,75.89,162.84,148.25,NA,NA,0.47,9.05,0.00,0.00,0.00,NA,NA,NA,NA,NA,NA,NA,NA,0.00,NA,NA,NA
2025-01-25 23:00:00,64.62,136.55,62.10,143.45,126.80,NA,NA,0.43,7.09,0.00,0.00,0.00,NA,NA,NA,NA,NA,NA,NA,NA,0.00,NA,NA,NA
2025-01-26 00:00:00,71.47,155.93,50.56,126.40,108.32,NA,NA,0.39,14.00,0.00,0.00,0.00,NA,NA,NA,NA,NA,NA,NA,NA,0.00,NA,NA,NA
2025-01-26 01:00:00,61.54,111.45,34.42,114.20,88.71,NA,NA,0.36,5.70,0.00,0.00,0.00,NA,NA,NA,NA,NA,NA,NA,NA,0.00,NA,NA,NA
2025-01-26 02:00:00,63.54,108.36,29.33,107.34,80.94,NA,NA,0.30,9.34,0.00,0.00,0.00,NA,NA,NA,NA,NA,NA,NA,NA,0.00,NA,NA,NA
2025-01-26 03:00:00,70.15,121.94,24.86,93.73,70.09,NA,NA,0.29,10.68,0.00,0.00,0.00,NA,NA,NA,NA,NA,NA,NA,NA,0.00,NA,NA,NA
2025-01-26 04:00:00,57.57,98.31,23.26,92.26,67.99,NA,NA,0.26,6.84,0.00,0.00,0.00,NA,NA,NA,NA,NA,NA,NA,NA,0.00,NA,NA,NA
2025-01-26 05:00:00,54.98,104.05,34.93,103.23,83.31,NA,NA,0.23,9.94,0.00,0.00,0.00,NA,NA,NA,NA,NA,NA,NA,NA,0.00,NA,NA,NA
2025-01-26 06:00:00,67.42,114.98,47.48,115.42,100.03,NA,NA,0.27,10.13,0.00,0.00,0.00,NA,NA,NA,NA,NA,NA,NA,NA,0.00,NA,NA,NA
2025-01-26 07:00:00,45.72,90.95,78.15,128.15,131.71,NA,NA,0.28,7.84,0.00,0.00,0.00,NA,NA,NA,NA,NA,NA,NA,NA,0.00,NA,NA,NA
2025-01-26 08:00:00,40.98,115.95,43.53,106.63,92.05,NA,NA,0.23,10.57,0.00,0.00,0.00,NA,NA,NA,NA,NA,NA,NA,NA,0.00,NA,NA,NA
2025-01-26 09:00:00,54.22,144.91,28.86,99.53,76.40,NA,NA,0.22,12.97,0.00,0.00,0.00,NA,NA,NA,NA,NA,NA,NA,NA,0.00,NA,NA,NA
2025-01-26 10:00:00,54.05,161.23,22.74,80.92,61.52,NA,NA,0.25,15.09,0.00,0.00,0.00,NA,NA,NA,NA,NA,NA,NA,NA,0.00,NA,NA,NA
2025-01-26 11:00:00,61.02,179.16,18.88,68.20,51.64,NA,NA,0.19,21.10,0.00,0.00,0.00,NA,NA,NA,NA,NA,NA,NA,NA,0.00,NA,NA,NA
2025-01-26 12:00:00,66.87,182.21,18.85,62.68,48.65,NA,NA,0.18,21.48,0.00,0.00,0.00,NA,NA,NA,NA,NA,NA,NA,NA,0.00,NA,NA,NA
2025-01-26 13:00:00,32.28,114.39,18.16,61.66,47.57,NA,NA,0.14,27.03,0.00,0.00,0.00,NA,NA,NA,NA,NA,NA,NA,NA,0.00,NA,NA,NA
2025-01-26 14:00:00,48.03,126.90,17.50,64.35,48.47,NA,NA,0.15,22.22,0.00,0.00,0.00,NA,NA,NA,NA,NA,NA,NA,NA,0.00,NA,NA,NA
2025-01-26 15:00:00,47.80,145.77,18.44,61.11,47.50,NA,NA,0.16,24.07,0.00,0.00,0.00,NA,NA,NA,NA,NA,NA,NA,NA,0.00,NA,NA,NA
2025-01-26 16:00:00,36.08,124.91,17.97,69.19,51.42,NA,NA,0.16,28.11,0.00,0.00,0.00,NA,NA,NA,NA,NA,NA,NA,NA,0.00,NA,NA,NA
2025-01-26 17:00:00,48.62,139.85,17.65,90.67,62.61,NA,NA,0.15,18.12,0.00,0.00,0.00,NA,NA,NA,NA,NA,NA,NA,NA,0.00,NA,NA,NA
2025-01-26 18:00:00,47.58,121.83,44.89,165.05,124.33,NA,NA,0.31,11.14,0.00,0.00,0.00,NA,NA,NA,NA,NA,NA,NA,NA,0.00,NA,NA,NA
2025-01-26 19:00:00,34.31,115.28,103.79,188.96,184.96,NA,NA,0.45,6.40,0.00,0.00,0.00,NA,NA,NA,NA,NA,NA,NA,NA,0.00,NA,NA,NA
2025-01-26 20:00:00,77.94,155.68,153.08,198.42,230.01,NA,NA,0.58,10.49,0.00,0.00,0.00,NA,NA,NA,NA,NA,NA,NA,NA,0.00,NA,NA,NA
2025-01-26 21:00:00,109.10,174.62,161.07,193.12,233.66,NA,NA,0.65,9.00,0.00,0.00,0.00,NA,NA,NA,NA,NA,NA,NA,NA,0.00,NA,NA,NA
2025-01-26 22:00:00,106.85,207.12,155.11,191.07,227.76,NA,NA,0.63,8.62,0.00,0.00,0.00,NA,NA,NA,NA,NA,NA,NA,NA,0.00,NA,NA,NA
2025-01-26 23:00:00,112.58,209.99,169.68,194.81,241.54,NA,NA,0.62,11.65,0.00,0.00,0.00,NA,NA,NA,NA,NA,NA,NA,NA,0.00,NA,NA,NA
2025-01-27 00:00:00,106.27,194.39,150.65,181.81,219.16,NA,NA,0.53,9.39,0.00,0.00,0.00,NA,NA,NA,NA,NA,NA,NA,NA,0.00,NA,NA,NA
2025-01-27 01:00:00,96.00,168.79,137.52,157.81,195.71,NA,NA,0.52,7.82,0.00,0.00,0.00,NA,NA,NA,NA,NA,NA,NA,NA,0.00,NA,NA,NA
2025-01-27 02:00:00,109.27,174.87,123.93,137.56,173.90,NA,NA,0.50,14.70,0.00,0.00,0.00,NA,NA,NA,NA,NA,NA,NA,NA,0.00,NA,NA,NA
2025-01-27 03:00:00,100.29,168.92,119.05,132.08,167.04,NA,NA,0.51,7.53,0.00,0.00,0.00,NA,NA,NA,NA,NA,NA,NA,NA,0.00,NA,NA,NA
2025-01-27 04:00:00,93.88,160.28,105.92,126.39,153.34,NA,NA,0.43,8.11,0.00,0.00,0.00,NA,NA,NA,NA,NA,NA,NA,NA,0.00,NA,NA,NA
2025-01-27 05:00:00,97.58,157.72,107.78,122.13,152.59,NA,NA,0.39,14.52,0.00,0.00,0.00,NA,NA,NA,NA,NA,NA,NA,NA,0.00,NA,NA,NA
2025-01-27 06:00:00,83.23,164.68,108.88,128.11,156.69,NA,NA,0.41,8.71,0.00,0.00,0.00,NA,NA,NA,NA,NA,NA,NA,NA,0.00,NA,NA,NA
2025-01-27 07:00:00,76.64,166.86,128.78,140.73,179.62,NA,NA,0.42,10.43,0.00,0.00,0.00,NA,NA,NA,NA,NA,NA,NA,NA,0.00,NA,NA,NA
2025-01-27 08:00:00,82.87,182.20,102.13,150.58,163.03,NA,NA,0.40,12.42,0.00,0.00,0.00,NA,NA,NA,NA,NA,NA,NA,NA,0.00,NA,NA,NA
2025-01-27 09:00:00,56.22,158.41,62.57,147.21,129.15,NA,NA,0.30,12.63,0.00,0.00,0.00,NA,NA,NA,NA,NA,NA,NA,NA,0.00,NA,NA,NA
2025-01-27 10:00:00,72.58,196.17,30.52,139.45,98.93,NA,NA,0.25,42.92,0.00,0.00,0.00,NA,NA,NA,NA,NA,NA,NA,NA,0.00,NA,NA,NA
2025-01-27 11:00:00,77.49,213.25,22.58,91.37,66.94,NA,NA,0.21,66.52,0.00,0.00,0.00,NA,NA,NA,NA,NA,NA,NA,NA,0.00,NA,NA,NA
2025-01-27 12:00:00,87.92,225.60,19.05,82.17,59.18,NA,NA,0.18,81.88,0.00,0.00,0.00,NA,NA,NA,NA,NA,NA,NA,NA,0.00,NA,NA,NA
2025-01-27 13:00:00,70.92,193.07,18.25,75.22,54.85,NA,NA,0.13,88.29,0.00,0.00,0.00,NA,NA,NA,NA,NA,NA,NA,NA,0.00,NA,NA,NA
2025-01-27 14:00:00,73.87,180.04,18.08,72.25,53.12,NA,NA,0.10,85.39,0.00,0.00,0.00,NA,NA,NA,NA,NA,NA,NA,NA,0.00,NA,NA,NA
2025-01-27 15:00:00,50.29,139.19,17.48,72.03,52.50,NA,NA,0.09,84.72,0.00,0.00,0.00,NA,NA,NA,NA,NA,NA,NA,NA,0.00,NA,NA,NA
2025-01-27 16:00:00,54.21,150.44,17.83,79.68,56.89,NA,NA,0.09,80.02,0.00,0.00,0.00,NA,NA,NA,NA,NA,NA,NA,NA,0.00,NA,NA,NA
2025-01-27 17:00:00,78.23,183.17,17.99,100.78,68.26,NA,NA,0.14,60.78,0.00,0.00,0.00,NA,NA,NA,NA,NA,NA,NA,NA,0.00,NA,NA,NA
2025-01-27 18:00:00,58.50,165.04,28.87,180.27,119.46,NA,NA,0.29,11.91,0.00,0.00,0.00,NA,NA,NA,NA,NA,NA,NA,NA,0.00,NA,NA,NA
2025-01-27 19:00:00,74.85,175.94,67.30,200.36,161.33,NA,NA,0.39,5.84,0.00,0.00,0.00,NA,NA,NA,NA,NA,NA,NA,NA,0.00,NA,NA,NA
2025-01-27 20:00:00,86.33,190.86,94.56,195.72,181.04,NA,NA,0.49,5.36,0.00,0.00,0.00,NA,NA,NA,NA,NA,NA,NA,NA,0.00,NA,NA,NA
2025-01-27 21:00:00,77.02,183.60,113.98,190.95,194.15,NA,NA,0.53,3.97,0.00,0.00,0.00,NA,NA,NA,NA,NA,NA,NA,NA,0.00,NA,NA,NA
2025-01-27 22:00:00,98.59,202.14,82.12,171.26,157.78,NA,NA,0.46,4.93,0.00,0.00,0.00,NA,NA,NA,NA,NA,NA,NA,NA,0.00,NA,NA,NA
2025-01-27 23:00:00,100.21,213.67,82.29,158.52,151.27,NA,NA,0.53,4.32,0.00,0.00,0.00,NA,NA,NA,NA,NA,NA,NA,NA,0.00,NA,NA,NA
2025-01-28 00:00:00,86.68,185.79,83.78,152.10,149.00,NA,NA,0.54,4.03,0.00,0.00,0.00,NA,NA,NA,NA,NA,NA,NA,NA,0.00,NA,NA,NA
2025-01-28 01:00:00,114.39,210.39,74.21,133.91,131.55,NA,NA,0.46,5.66,0.00,0.00,0.00,NA,NA,NA,NA,NA,NA,NA,NA,0.00,NA,NA,NA
2025-01-28 02:00:00,103.48,168.09,80.54,130.83,135.07,NA,NA,0.42,4.02,0.00,0.00,0.00,NA,NA,NA,NA,NA,NA,NA,NA,0.00,NA,NA,NA
2025-01-28 03:00:00,73.38,138.09,69.51,120.27,120.44,NA,NA,0.33,3.18,0.00,0.00,0.00,NA,NA,NA,NA,NA,NA,NA,NA,0.00,NA,NA,NA
2025-01-28 04:00:00,85.64,138.19,51.09,106.77,98.29,NA,NA,0.25,6.54,0.00,0.00,0.00,NA,NA,NA,NA,NA,NA,NA,NA,0.00,NA,NA,NA
2025-01-28 05:00:00,74.93,113.95,42.40,103.16,89.34,NA,NA,0.25,3.70,0.00,0.00,0.00,NA,NA,NA,NA,NA,NA,NA,NA,0.00,NA,NA,NA
2025-01-28 06:00:00,57.65,91.34,33.03,99.56,79.80,NA,NA,0.20,4.55,0.00,0.00,0.00,NA,NA,NA,NA,NA,NA,NA,NA,0.00,NA,NA,NA
2025-01-28 07:00:00,76.89,123.43,44.55,102.81,90.94,NA,NA,0.24,8.77,0.00,0.00,0.00,NA,NA,NA,NA,NA,NA,NA,NA,0.00,NA,NA,NA
2025-01-28 08:00:00,73.02,160.72,74.85,140.89,135.85,NA,NA,0.34,9.68,0.00,0.00,0.00,NA,NA,NA,NA,NA,NA,NA,NA,0.00,NA,NA,NA
2025-01-28 09:00:00,64.92,212.48,44.60,149.70,115.88,NA,NA,0.29,18.70,0.00,0.00,0.00,NA,NA,NA,NA,NA,NA,NA,NA,0.00,NA,NA,NA
2025-01-28 10:00:00,93.41,245.49,31.17,152.86,106.64,NA,NA,0.27,40.48,0.00,0.00,0.00,NA,NA,NA,NA,NA,NA,NA,NA,0.00,NA,NA,NA
2025-01-28 11:00:00,88.95,218.67,22.22,110.49,76.77,NA,NA,0.20,58.68,0.00,0.00,0.00,NA,NA,NA,NA,NA,NA,NA,NA,0.00,NA,NA,NA
2025-01-28 12:00:00,79.59,251.11,18.54,95.24,65.72,NA,NA,0.11,84.86,0.00,0.00,0.00,NA,NA,NA,NA,NA,NA,NA,NA,0.00,NA,NA,NA
2025-01-28 13:00:00,109.47,234.25,18.55,89.04,62.44,NA,NA,0.13,103.19,0.00,0.00,0.00,NA,NA,NA,NA,NA,NA,NA,NA,0.00,NA,NA,NA
2025-01-28 14:00:00,76.46,195.35,17.60,79.18,56.42,NA,NA,0.11,96.76,0.00,0.00,0.00,NA,NA,NA,NA,NA,NA,NA,NA,0.00,NA,NA,NA
2025-01-28 15:00:00,57.89,153.84,17.46,71.00,51.95,NA,NA,0.06,99.90,0.00,0.00,0.00,NA,NA,NA,NA,NA,NA,NA,NA,0.00,NA,NA,NA
2025-01-28 16:00:00,66.38,139.61,18.01,74.44,54.25,NA,NA,0.07,92.14,0.00,0.00,0.00,NA,NA,NA,NA,NA,NA,NA,NA,0.00,NA,NA,NA
2025-01-28 17:00:00,64.05,168.41,19.01,130.78,85.16,NA,NA,0.18,51.96,0.00,0.00,0.00,NA,NA,NA,NA,NA,NA,NA,NA,0.00,NA,NA,NA
2025-01-28 18:00:00,70.37,192.82,102.18,236.84,209.24,NA,NA,0.48,7.75,0.00,0.00,0.00,NA,NA,NA,NA,NA,NA,NA,NA,0.00,NA,NA,NA
2025-01-28 19:00:00,80.10,208.91,133.21,241.19,236.60,NA,NA,0.59,7.77,0.00,0.00,0.00,NA,NA,NA,NA,NA,NA,NA,NA,0.00,NA,NA,NA
2025-01-28 20:00:00,70.43,199.06,197.53,253.70,295.66,NA,NA,0.73,4.36,0.00,0.00,0.00,NA,NA,NA,NA,NA,NA,NA,NA,0.00,NA,NA,NA
2025-01-28 21:00:00,90.39,227.40,292.75,266.18,379.82,NA,NA,0.94,4.67,0.00,0.00,0.00,NA,NA,NA,NA,NA,NA,NA,NA,0.00,NA,NA,NA
2025-01-28 22:00:00,121.42,268.36,421.35,291.19,489.04,NA,NA,1.23,6.08,0.00,0.00,0.00,NA,NA,NA,NA,NA,NA,NA,NA,0.00,NA,NA,NA
2025-01-28 23:00:00,131.91,343.69,451.10,295.79,NA,NA,NA,1.44,3.84,0.00,0.00,0.00,NA,NA,NA,NA,NA,NA,NA,NA,0.00,NA,NA,NA
2025-01-29 00:00:00,180.10,368.58,482.65,303.87,NA,NA,NA,1.51,5.51,0.00,0.00,0.00,NA,NA,NA,NA,NA,NA,NA,NA,0.00,NA,NA,NA
2025-01-29 01:00:00,188.82,333.26,NA,311.60,NA,NA,NA,1.53,5.40,0.00,0.00,0.00,NA,NA,NA,NA,NA,NA,NA,NA,0.00,NA,NA,NA
2025-01-29 02:00:00,153.98,297.58,NA,307.92,NA,NA,NA,1.59,4.83,0.00,0.00,0.00,NA,NA,NA,NA,NA,NA,NA,NA,0.00,NA,NA,NA
2025-01-29 03:00:00,167.88,287.15,NA,302.14,NA,NA,NA,1.61,6.02,0.00,0.00,0.00,NA,NA,NA,NA,NA,NA,NA,NA,0.00,NA,NA,NA
2025-01-29 04:00:00,168.44,316.73,NA,293.31,NA,NA,NA,1.62,5.70,0.00,0.00,0.00,NA,NA,NA,NA,NA,NA,NA,NA,0.00,NA,NA,NA
2025-01-29 05:00:00,145.23,275.81,NA,289.71,NA,NA,NA,1.60,5.59,0.00,0.00,0.00,NA,NA,NA,NA,NA,NA,NA,NA,0.00,NA,NA,NA
2025-01-29 06:00:00,172.93,280.48,NA,290.44,NA,NA,NA,1.62,8.19,0.00,0.00,0.00,NA,NA,NA,NA,NA,NA,NA,NA,0.00,NA,NA,NA
2025-01-29 07:00:00,203.49,319.40,NA,287.85,NA,NA,NA,1.60,7.90,0.00,0.00,0.00,NA,NA,NA,NA,NA,NA,NA,NA,0.00,NA,NA,NA
2025-01-29 08:00:00,180.48,295.29,NA,317.09,NA,NA,NA,1.68,11.79,0.00,0.00,0.00,NA,NA,NA,NA,NA,NA,NA,NA,0.00,NA,NA,NA
2025-01-29 09:00:00,253.06,467.82,322.20,334.90,407.69,NA,NA,1.39,13.62,0.00,0.00,0.00,NA,NA,NA,NA,NA,NA,NA,NA,0.00,NA,NA,NA
2025-01-29 10:00:00,287.00,584.79,209.47,266.20,311.78,NA,NA,0.95,28.99,0.00,0.00,0.00,NA,NA,NA,NA,NA,NA,NA,NA,0.00,NA,NA,NA
2025-01-29 11:00:00,247.34,463.35,136.91,218.53,227.41,NA,NA,0.74,66.22,0.00,0.00,0.00,NA,NA,NA,NA,NA,NA,NA,NA,0.00,NA,NA,NA
2025-01-29 12:00:00,201.13,397.57,87.91,170.75,162.21,NA,NA,0.58,90.92,0.00,0.00,0.00,NA,NA,NA,NA,NA,NA,NA,NA,0.00,NA,NA,NA
2025-01-29 13:00:00,136.45,302.73,54.05,138.66,117.64,NA,NA,0.49,101.34,0.00,0.00,0.00,NA,NA,NA,NA,NA,NA,NA,NA,0.00,NA,NA,NA
2025-01-29 14:00:00,103.05,234.96,31.25,114.93,86.51,NA,NA,0.39,108.63,0.00,0.00,0.00,NA,NA,NA,NA,NA,NA,NA,NA,0.00,NA,NA,NA
2025-01-29 15:00:00,102.69,263.47,20.64,95.60,67.61,NA,NA,0.33,105.49,0.00,0.00,0.00,NA,NA,NA,NA,NA,NA,NA,NA,0.00,NA,NA,NA
2025-01-29 16:00:00,93.86,230.53,18.18,88.62,61.92,NA,NA,0.33,100.76,0.00,0.00,0.00,NA,NA,NA,NA,NA,NA,NA,NA,0.00,NA,NA,NA
2025-01-29 17:00:00,101.49,232.57,18.50,117.22,77.45,NA,NA,0.37,60.58,0.00,0.00,0.00,NA,NA,NA,NA,NA,NA,NA,NA,0.00,NA,NA,NA
2025-01-29 18:00:00,142.64,287.56,20.27,180.75,112.70,NA,NA,0.49,18.62,0.00,0.00,0.00,NA,NA,NA,NA,NA,NA,NA,NA,0.00,NA,NA,NA
2025-01-29 19:00:00,165.99,328.79,31.67,213.06,139.11,NA,NA,0.63,5.60,0.00,0.00,0.00,NA,NA,NA,NA,NA,NA,NA,NA,0.00,NA,NA,NA
2025-01-29 20:00:00,165.43,331.08,121.97,224.94,218.88,NA,NA,0.88,5.19,0.00,0.00,0.00,NA,NA,NA,NA,NA,NA,NA,NA,0.00,NA,NA,NA
2025-01-29 21:00:00,186.80,373.95,154.74,215.91,240.62,NA,NA,1.06,7.04,0.00,0.00,0.00,NA,NA,NA,NA,NA,NA,NA,NA,0.00,NA,NA,NA
2025-01-29 22:00:00,170.57,371.44,130.95,177.52,200.82,NA,NA,1.00,3.64,0.00,0.00,0.00,NA,NA,NA,NA,NA,NA,NA,NA,0.00,NA,NA,NA
2025-01-29 23:00:00,173.71,329.31,154.16,171.60,216.73,NA,NA,1.02,4.68,0.00,0.00,0.00,NA,NA,NA,NA,NA,NA,NA,NA,0.00,NA,NA,NA
2025-01-30 00:00:00,215.08,322.54,224.15,179.96,277.94,NA,NA,1.11,6.20,0.00,0.00,0.00,NA,NA,NA,NA,NA,NA,NA,NA,0.00,NA,NA,NA
2025-01-30 01:00:00,202.54,320.55,220.81,173.15,271.66,NA,NA,1.11,4.15,0.00,0.00,0.00,NA,NA,NA,NA,NA,NA,NA,NA,0.00,NA,NA,NA
2025-01-30 02:00:00,187.09,315.30,221.52,170.90,270.97,NA,NA,1.00,5.12,0.00,0.00,0.00,NA,NA,NA,NA,NA,NA,NA,NA,0.00,NA,NA,NA
2025-01-30 03:00:00,184.17,289.27,183.24,153.37,230.52,NA,NA,0.85,6.34,0.00,0.00,0.00,NA,NA,NA,NA,NA,NA,NA,NA,0.00,NA,NA,NA
2025-01-30 04:00:00,144.54,290.85,166.22,148.87,214.31,NA,NA,0.76,3.74,0.00,0.00,0.00,NA,NA,NA,NA,NA,NA,NA,NA,0.00,NA,NA,NA
2025-01-30 05:00:00,146.44,261.98,142.69,137.48,189.12,NA,NA,0.67,4.98,0.00,0.00,0.00,NA,NA,NA,NA,NA,NA,NA,NA,0.00,NA,NA,NA
2025-01-30 06:00:00,140.18,248.50,152.56,132.09,194.34,NA,NA,0.65,6.20,0.00,0.00,0.00,NA,NA,NA,NA,NA,NA,NA,NA,0.00,NA,NA,NA
2025-01-30 07:00:00,168.73,260.31,197.75,148.70,239.91,NA,NA,0.73,5.33,0.00,0.00,0.00,NA,NA,NA,NA,NA,NA,NA,NA,0.00,NA,NA,NA
2025-01-30 08:00:00,193.46,340.61,187.54,173.02,244.48,NA,NA,0.78,9.34,0.00,0.00,0.00,NA,NA,NA,NA,NA,NA,NA,NA,0.00,NA,NA,NA
2025-01-30 09:00:00,185.81,400.62,95.53,170.01,168.04,NA,NA,0.61,21.87,0.00,0.00,0.00,NA,NA,NA,NA,NA,NA,NA,NA,0.00,NA,NA,NA
2025-01-30 10:00:00,124.51,356.32,62.12,153.50,132.17,NA,NA,0.48,43.10,0.00,0.00,0.00,NA,NA,NA,NA,NA,NA,NA,NA,0.00,NA,NA,NA
2025-01-30 11:00:00,137.80,316.04,41.23,140.69,108.28,NA,NA,0.39,70.63,0.00,0.00,0.00,NA,NA,NA,NA,NA,NA,NA,NA,0.00,NA,NA,NA
2025-01-30 12:00:00,141.44,279.24,27.53,108.95,80.31,NA,NA,0.34,80.57,0.00,0.00,0.00,NA,NA,NA,NA,NA,NA,NA,NA,0.00,NA,NA,NA
2025-01-30 13:00:00,116.70,231.77,19.34,84.51,60.68,NA,NA,0.26,96.60,0.00,0.00,0.00,NA,NA,NA,NA,NA,NA,NA,NA,0.00,NA,NA,NA
2025-01-30 14:00:00,118.25,238.57,18.68,87.43,61.69,NA,NA,0.25,94.69,0.00,0.00,0.00,NA,NA,NA,NA,NA,NA,NA,NA,0.00,NA,NA,NA
2025-01-30 15:00:00,107.88,228.17,19.06,89.26,62.98,NA,NA,0.25,86.16,0.00,0.00,0.00,NA,NA,NA,NA,NA,NA,NA,NA,0.00,NA,NA,NA
2025-01-30 16:00:00,85.55,212.88,18.42,96.09,66.10,NA,NA,0.23,70.93,0.00,0.00,0.00,NA,NA,NA,NA,NA,NA,NA,NA,0.00,NA,NA,NA
2025-01-30 17:00:00,99.16,210.92,18.76,119.07,78.62,NA,NA,0.24,41.17,0.00,0.00,0.00,NA,NA,NA,NA,NA,NA,NA,NA,0.00,NA,NA,NA
2025-01-30 18:00:00,106.03,230.01,33.14,179.01,122.21,NA,NA,0.42,6.31,0.00,0.00,0.00,NA,NA,NA,NA,NA,NA,NA,NA,0.00,NA,NA,NA
2025-01-30 19:00:00,91.07,243.32,70.93,184.91,156.05,NA,NA,0.60,4.58,0.00,0.00,0.00,NA,NA,NA,NA,NA,NA,NA,NA,0.00,NA,NA,NA
2025-01-30 20:00:00,106.85,247.13,171.59,202.60,247.36,NA,NA,0.89,6.13,0.00,0.00,0.00,NA,NA,NA,NA,NA,NA,NA,NA,0.00,NA,NA,NA
2025-01-30 21:00:00,123.02,294.00,191.02,196.42,259.77,NA,NA,1.05,3.96,0.00,0.00,0.00,NA,NA,NA,NA,NA,NA,NA,NA,0.00,NA,NA,NA
2025-01-30 22:00:00,160.08,297.71,185.36,176.77,244.73,NA,NA,1.04,4.53,0.00,0.00,0.00,NA,NA,NA,NA,NA,NA,NA,NA,0.00,NA,NA,NA
2025-01-30 23:00:00,153.96,278.20,273.25,195.64,326.26,NA,NA,1.19,6.28,0.00,0.00,0.00,NA,NA,NA,NA,NA,NA,NA,NA,0.00,NA,NA,NA
2025-01-31 00:00:00,172.87,312.49,308.62,204.80,359.82,NA,NA,1.34,4.04,0.00,0.00,0.00,NA,NA,NA,NA,NA,NA,NA,NA,0.00,NA,NA,NA
2025-01-31 01:00:00,187.10,311.57,326.66,201.72,372.88,NA,NA,1.31,4.89,0.00,0.00,0.00,NA,NA,NA,NA,NA,NA,NA,NA,0.00,NA,NA,NA
2025-01-31 02:00:00,171.26,278.62,354.63,202.52,396.05,NA,NA,1.34,6.91,0.00,0.00,0.00,NA,NA,NA,NA,NA,NA,NA,NA,0.00,NA,NA,NA
2025-01-31 03:00:00,151.66,245.39,388.84,214.23,430.08,NA,NA,1.35,4.32,0.00,0.00,0.00,NA,NA,NA,NA,NA,NA,NA,NA,0.00,NA,NA,NA
2025-01-31 04:00:00,146.03,268.91,390.81,213.63,431.37,NA,NA,1.31,5.15,0.00,0.00,0.00,NA,NA,NA,NA,NA,NA,NA,NA,0.00,NA,NA,NA
2025-01-31 05:00:00,147.09,250.49,396.92,209.86,434.33,NA,NA,1.29,7.02,0.00,0.00,0.00,NA,NA,NA,NA,NA,NA,NA,NA,0.00,NA,NA,NA
2025-01-31 06:00:00,131.25,224.85,411.80,216.39,449.87,NA,NA,1.33,4.62,0.00,0.00,0.00,NA,NA,NA,NA,NA,NA,NA,NA,0.00,NA,NA,NA
2025-01-31 07:00:00,168.64,220.16,427.24,225.78,467.43,NA,NA,1.29,7.17,0.00,0.00,0.00,NA,NA,NA,NA,NA,NA,NA,NA,0.00,NA,NA,NA
2025-01-31 08:00:00,178.11,274.92,417.65,230.75,462.31,NA,NA,1.28,11.93,0.00,0.00,0.00,NA,NA,NA,NA,NA,NA,NA,NA,0.00,NA,NA,NA
2025-01-31 09:00:00,147.15,327.47,240.12,212.19,308.05,NA,NA,0.98,11.86,0.00,0.00,0.00,NA,NA,NA,NA,NA,NA,NA,NA,0.00,NA,NA,NA
2025-01-31 10:00:00,177.46,341.96,156.05,194.85,230.48,NA,NA,0.74,26.18,0.00,0.00,0.00,NA,NA,NA,NA,NA,NA,NA,NA,0.00,NA,NA,NA
2025-01-31 11:00:00,126.45,276.99,74.95,173.47,153.23,NA,NA,0.51,61.27,0.00,0.00,0.00,NA,NA,NA,NA,NA,NA,NA,NA,0.00,NA,NA,NA
2025-01-31 12:00:00,87.43,217.77,18.54,99.13,67.80,NA,NA,0.25,82.15,0.00,0.00,0.00,NA,NA,NA,NA,NA,NA,NA,NA,0.00,NA,NA,NA
2025-01-31 13:00:00,98.35,181.93,18.15,82.83,58.82,NA,NA,0.19,95.40,0.00,0.00,0.00,NA,NA,NA,NA,NA,NA,NA,NA,0.00,NA,NA,NA
2025-01-31 14:00:00,129.21,210.37,18.96,90.76,63.69,NA,NA,0.24,111.49,0.00,0.00,0.00,NA,NA,NA,NA,NA,NA,NA,NA,0.00,NA,NA,NA
2025-01-31 15:00:00,118.07,212.56,17.59,102.03,68.58,NA,NA,0.25,108.84,0.00,0.00,0.00,NA,NA,NA,NA,NA,NA,NA,NA,0.00,NA,NA,NA
2025-01-31 16:00:00,110.37,247.40,18.13,113.21,74.95,NA,NA,0.28,74.17,0.00,0.00,0.00,NA,NA,NA,NA,NA,NA,NA,NA,0.00,NA,NA,NA
2025-01-31 17:00:00,154.78,302.42,20.47,154.98,99.06,NA,NA,0.43,36.94,0.00,0.00,0.00,NA,NA,NA,NA,NA,NA,NA,NA,0.00,NA,NA,NA
2025-01-31 18:00:00,133.32,293.01,65.63,225.60,173.33,NA,NA,0.64,6.42,0.00,0.00,0.00,NA,NA,NA,NA,NA,NA,NA,NA,0.00,NA,NA,NA
2025-01-31 19:00:00,139.42,327.11,97.43,209.07,190.39,NA,NA,0.76,5.74,0.00,0.00,0.00,NA,NA,NA,NA,NA,NA,NA,NA,0.00,NA,NA,NA
2025-01-31 20:00:00,150.25,338.84,169.55,208.47,248.67,NA,NA,1.01,5.15,0.00,0.00,0.00,NA,NA,NA,NA,NA,NA,NA,NA,0.00,NA,NA,NA
2025-01-31 21:00:00,162.71,301.95,206.46,199.19,273.78,NA,NA,1.05,5.07,0.00,0.00,0.00,NA,NA,NA,NA,NA,NA,NA,NA,0.00,NA,NA,NA
2025-01-31 22:00:00,174.70,340.68,239.65,190.42,296.11,NA,NA,1.16,5.92,0.00,0.00,0.00,NA,NA,NA,NA,NA,NA,NA,NA,0.00,NA,NA,NA
2025-01-31 23:00:00,172.39,320.24,225.69,172.85,275.44,NA,NA,1.21,4.53,0.00,0.00,0.00,NA,NA,NA,NA,NA,NA,NA,NA,0.00,NA,NA,NA
2025-02-01 00:00:00,157.49,301.70,241.17,168.51,285.67,NA,NA,1.16,4.52,0.00,0.00,0.00,NA,NA,NA,NA,NA,NA,NA,NA,0.00,NA,NA,NA
2025-02-01 01:00:00,186.28,296.34,289.07,179.35,330.36,NA,NA,1.22,6.23,0.00,0.00,0.00,NA,NA,NA,NA,NA,NA,NA,NA,0.00,NA,NA,NA
2025-02-01 02:00:00,168.75,269.81,308.64,190.09,352.06,NA,NA,1.24,4.04,0.00,0.00,0.00,NA,NA,NA,NA,NA,NA,NA,NA,0.00,NA,NA,NA
2025-02-01 03:00:00,150.58,259.09,257.67,173.13,301.61,NA,NA,1.12,5.10,0.00,0.00,0.00,NA,NA,NA,NA,NA,NA,NA,NA,0.00,NA,NA,NA
2025-02-01 04:00:00,161.57,295.65,229.99,157.25,270.67,NA,NA,1.03,6.89,0.00,0.00,0.00,NA,NA,NA,NA,NA,NA,NA,NA,0.00,NA,NA,NA
2025-02-01 05:00:00,144.72,254.22,181.92,138.71,221.71,NA,NA,0.89,4.70,0.00,0.00,0.00,NA,NA,NA,NA,NA,NA,NA,NA,0.00,NA,NA,NA
2025-02-01 06:00:00,120.04,212.51,170.21,132.56,208.87,NA,NA,0.82,5.15,0.00,0.00,0.00,NA,NA,NA,NA,NA,NA,NA,NA,0.00,NA,NA,NA
2025-02-01 07:00:00,155.68,224.63,191.67,139.85,230.19,NA,NA,0.84,7.99,0.00,0.00,0.00,NA,NA,NA,NA,NA,NA,NA,NA,0.00,NA,NA,NA
2025-02-01 08:00:00,142.77,241.03,216.51,158.28,260.20,NA,NA,0.92,7.52,0.00,0.00,0.00,NA,NA,NA,NA,NA,NA,NA,NA,0.00,NA,NA,NA
2025-02-01 09:00:00,134.82,250.94,164.88,185.79,232.91,NA,NA,0.93,7.47,0.00,0.00,0.00,NA,NA,NA,NA,NA,NA,NA,NA,0.00,NA,NA,NA
2025-02-01 10:00:00,220.59,360.38,119.94,245.60,228.17,NA,NA,0.92,11.01,0.00,0.00,0.00,NA,NA,NA,NA,NA,NA,NA,NA,0.00,NA,NA,NA
2025-02-01 11:00:00,207.29,400.71,84.35,238.87,195.68,NA,NA,0.86,19.86,0.00,0.00,0.00,NA,NA,NA,NA,NA,NA,NA,NA,0.00,NA,NA,NA
2025-02-01 12:00:00,218.39,358.17,51.04,174.22,134.21,NA,NA,0.59,61.41,0.00,0.00,0.00,NA,NA,NA,NA,NA,NA,NA,NA,0.00,NA,NA,NA
2025-02-01 13:00:00,159.51,243.13,32.27,102.91,80.99,NA,NA,0.44,78.31,0.00,0.00,0.00,NA,NA,NA,NA,NA,NA,NA,NA,0.00,NA,NA,NA
2025-02-01 14:00:00,79.26,157.92,20.98,83.61,61.55,NA,NA,0.29,81.75,0.00,0.00,0.00,NA,NA,NA,NA,NA,NA,NA,NA,0.00,NA,NA,NA
2025-02-01 15:00:00,88.30,183.11,18.10,80.76,57.68,NA,NA,0.13,85.57,0.00,0.00,0.00,NA,NA,NA,NA,NA,NA,NA,NA,0.00,NA,NA,NA
2025-02-01 16:00:00,116.64,229.33,18.87,106.87,72.18,NA,NA,0.25,87.37,0.00,0.00,0.00,NA,NA,NA,NA,NA,NA,NA,NA,0.00,NA,NA,NA
2025-02-01 17:00:00,138.36,288.52,32.30,157.56,109.97,NA,NA,0.38,29.64,0.00,0.00,0.00,NA,NA,NA,NA,NA,NA,NA,NA,0.00,NA,NA,NA
2025-02-01 18:00:00,117.70,255.52,87.72,206.46,181.10,NA,NA,0.60,5.80,0.00,0.00,0.00,NA,NA,NA,NA,NA,NA,NA,NA,0.00,NA,NA,NA
2025-02-01 19:00:00,118.83,273.37,163.77,221.47,250.81,NA,NA,0.79,6.49,0.00,0.00,0.00,NA,NA,NA,NA,NA,NA,NA,NA,0.00,NA,NA,NA
2025-02-01 20:00:00,135.97,293.48,226.89,236.70,310.31,NA,NA,1.04,4.68,0.00,0.00,0.00,NA,NA,NA,NA,NA,NA,NA,NA,0.00,NA,NA,NA
2025-02-01 21:00:00,160.10,304.14,234.44,228.17,312.06,NA,NA,1.14,6.31,0.00,0.00,0.00,NA,NA,NA,NA,NA,NA,NA,NA,0.00,NA,NA,NA
2025-02-01 22:00:00,182.99,368.88,181.82,182.96,245.19,NA,NA,1.04,5.95,0.00,0.00,0.00,NA,NA,NA,NA,NA,NA,NA,NA,0.00,NA,NA,NA
2025-02-01 23:00:00,140.67,300.03,131.66,150.27,187.05,NA,NA,0.83,4.13,0.00,0.00,0.00,NA,NA,NA,NA,NA,NA,NA,NA,0.00,NA,NA,NA
2025-02-02 00:00:00,122.52,240.34,77.84,128.77,131.81,NA,NA,0.59,4.88,0.00,0.00,0.00,NA,NA,NA,NA,NA,NA,NA,NA,0.00,NA,NA,NA
2025-02-02 01:00:00,134.54,217.22,95.05,124.16,143.30,NA,NA,0.55,4.65,0.00,0.00,0.00,NA,NA,NA,NA,NA,NA,NA,NA,0.00,NA,NA,NA
2025-02-02 02:00:00,109.05,199.36,89.78,116.54,134.98,NA,NA,0.58,4.16,0.00,0.00,0.00,NA,NA,NA,NA,NA,NA,NA,NA,0.00,NA,NA,NA
2025-02-02 03:00:00,122.74,203.08,95.84,115.50,139.35,NA,NA,0.54,5.79,0.00,0.00,0.00,NA,NA,NA,NA,NA,NA,NA,NA,0.00,NA,NA,NA
2025-02-02 04:00:00,121.51,205.44,96.22,108.15,135.78,NA,NA,0.54,4.86,0.00,0.00,0.00,NA,NA,NA,NA,NA,NA,NA,NA,0.00,NA,NA,NA
2025-02-02 05:00:00,99.94,227.65,67.36,103.38,109.79,NA,NA,0.43,5.06,0.00,0.00,0.00,NA,NA,NA,NA,NA,NA,NA,NA,0.00,NA,NA,NA
2025-02-02 06:00:00,96.97,211.90,51.39,97.56,93.70,NA,NA,0.37,5.81,0.00,0.00,0.00,NA,NA,NA,NA,NA,NA,NA,NA,0.00,NA,NA,NA
2025-02-02 07:00:00,88.59,206.91,42.62,91.69,83.43,NA,NA,0.34,5.33,0.00,0.00,0.00,NA,NA,NA,NA,NA,NA,NA,NA,0.00,NA,NA,NA
2025-02-02 08:00:00,68.38,184.21,35.81,87.65,75.74,NA,NA,0.30,7.32,0.00,0.00,0.00,NA,NA,NA,NA,NA,NA,NA,NA,0.00,NA,NA,NA
2025-02-02 09:00:00,92.77,214.10,35.86,91.04,77.58,NA,NA,0.33,12.03,0.00,0.00,0.00,NA,NA,NA,NA,NA,NA,NA,NA,0.00,NA,NA,NA
2025-02-02 10:00:00,151.02,288.84,32.61,95.67,77.40,NA,NA,0.35,11.64,0.00,0.00,0.00,NA,NA,NA,NA,NA,NA,NA,NA,0.00,NA,NA,NA
2025-02-02 11:00:00,190.96,298.20,28.40,107.00,80.01,NA,NA,0.34,21.16,0.00,0.00,0.00,NA,NA,NA,NA,NA,NA,NA,NA,0.00,NA,NA,NA
2025-02-02 12:00:00,167.13,296.26,22.30,83.08,62.33,NA,NA,0.31,39.04,0.00,0.00,0.00,NA,NA,NA,NA,NA,NA,NA,NA,0.00,NA,NA,NA
2025-02-02 13:00:00,143.61,283.55,20.26,83.17,60.71,NA,NA,0.26,52.04,0.00,0.00,0.00,NA,NA,NA,NA,NA,NA,NA,NA,0.00,NA,NA,NA
2025-02-02 14:00:00,126.60,263.10,18.81,77.95,56.76,NA,NA,0.23,62.08,0.00,0.00,0.00,NA,NA,NA,NA,NA,NA,NA,NA,0.00,NA,NA,NA
2025-02-02 15:00:00,142.19,265.46,18.91,75.22,55.39,NA,NA,0.22,67.37,0.00,0.00,0.00,NA,NA,NA,NA,NA,NA,NA,NA,0.00,NA,NA,NA
2025-02-02 16:00:00,146.92,233.77,18.17,78.75,56.66,NA,NA,0.21,61.17,0.00,0.00,0.00,NA,NA,NA,NA,NA,NA,NA,NA,0.00,NA,NA,NA
2025-02-02 17:00:00,162.34,269.36,18.13,91.73,63.52,NA,NA,0.23,44.68,0.00,0.00,0.00,NA,NA,NA,NA,NA,NA,NA,NA,0.00,NA,NA,NA
2025-02-02 18:00:00,156.25,262.11,18.91,110.46,74.12,NA,NA,0.26,22.38,0.00,0.00,0.00,NA,NA,NA,NA,NA,NA,NA,NA,0.00,NA,NA,NA
2025-02-02 19:00:00,117.39,218.80,19.78,120.00,79.90,NA,NA,0.33,7.36,0.00,0.00,0.00,NA,NA,NA,NA,NA,NA,NA,NA,0.00,NA,NA,NA
2025-02-02 20:00:00,98.37,216.86,25.37,125.09,87.16,NA,NA,0.37,6.08,0.00,0.00,0.00,NA,NA,NA,NA,NA,NA,NA,NA,0.00,NA,NA,NA
2025-02-02 21:00:00,109.04,252.52,27.60,116.37,84.32,NA,NA,0.43,6.91,0.00,0.00,0.00,NA,NA,NA,NA,NA,NA,NA,NA,0.00,NA,NA,NA
2025-02-02 22:00:00,98.93,245.03,27.10,116.65,84.09,NA,NA,0.45,3.52,0.00,0.00,0.00,NA,NA,NA,NA,NA,NA,NA,NA,0.00,NA,NA,NA
2025-02-02 23:00:00,97.55,224.15,31.32,108.44,83.13,NA,NA,0.42,4.48,0.00,0.00,0.00,NA,NA,NA,NA,NA,NA,NA,NA,0.00,NA,NA,NA
2025-02-03 00:00:00,115.50,215.25,39.64,105.03,88.12,NA,NA,0.40,5.79,0.00,0.00,0.00,NA,NA,NA,NA,NA,NA,NA,NA,0.00,NA,NA,NA
2025-02-03 01:00:00,98.48,192.20,26.57,96.37,72.86,NA,NA,0.36,4.14,0.00,0.00,0.00,NA,NA,NA,NA,NA,NA,NA,NA,0.00,NA,NA,NA
2025-02-03 02:00:00,99.04,180.46,23.04,89.43,66.30,NA,NA,0.33,5.61,0.00,0.00,0.00,NA,NA,NA,NA,NA,NA,NA,NA,0.00,NA,NA,NA
2025-02-03 03:00:00,95.96,168.96,24.17,81.64,63.08,NA,NA,0.31,5.69,0.00,0.00,0.00,NA,NA,NA,NA,NA,NA,NA,NA,0.00,NA,NA,NA
2025-02-03 04:00:00,75.71,147.47,24.55,79.89,62.45,NA,NA,0.29,4.55,0.00,0.00,0.00,NA,NA,NA,NA,NA,NA,NA,NA,0.00,NA,NA,NA
2025-02-03 05:00:00,90.90,172.80,25.81,86.39,66.93,NA,NA,0.27,6.77,0.00,0.00,0.00,NA,NA,NA,NA,NA,NA,NA,NA,0.00,NA,NA,NA
2025-02-03 06:00:00,88.14,234.39,24.00,88.07,66.36,NA,NA,0.28,5.94,0.00,0.00,0.00,NA,NA,NA,NA,NA,NA,NA,NA,0.00,NA,NA,NA
2025-02-03 07:00:00,58.75,171.19,32.23,90.79,74.48,NA,NA,0.28,4.09,0.00,0.00,0.00,NA,NA,NA,NA,NA,NA,NA,NA,0.00,NA,NA,NA
2025-02-03 08:00:00,70.01,163.48,38.15,95.03,81.56,NA,NA,0.31,9.54,0.00,0.00,0.00,NA,NA,NA,NA,NA,NA,NA,NA,0.00,NA,NA,NA
2025-02-03 09:00:00,90.78,200.98,42.72,113.25,94.97,NA,NA,0.35,12.03,0.00,0.00,0.00,NA,NA,NA,NA,NA,NA,NA,NA,0.00,NA,NA,NA
2025-02-03 10:00:00,108.16,220.87,30.79,120.32,89.03,NA,NA,0.32,20.68,0.00,0.00,0.00,NA,NA,NA,NA,NA,NA,NA,NA,0.00,NA,NA,NA
2025-02-03 11:00:00,88.37,243.61,23.17,118.11,81.68,NA,NA,0.25,47.15,0.00,0.00,0.00,NA,NA,NA,NA,NA,NA,NA,NA,0.00,NA,NA,NA
2025-02-03 12:00:00,93.71,180.09,18.76,80.05,57.83,NA,NA,0.18,75.40,0.00,0.00,0.00,NA,NA,NA,NA,NA,NA,NA,NA,0.00,NA,NA,NA
2025-02-03 13:00:00,74.94,145.97,17.82,67.48,50.38,NA,NA,0.10,81.41,0.00,0.00,0.00,NA,NA,NA,NA,NA,NA,NA,NA,0.00,NA,NA,NA
2025-02-03 14:00:00,57.24,150.59,18.02,62.97,48.15,NA,NA,0.07,87.85,0.00,0.00,0.00,NA,NA,NA,NA,NA,NA,NA,NA,0.00,NA,NA,NA
2025-02-03 15:00:00,61.87,136.16,17.86,64.02,48.57,NA,NA,0.07,87.35,0.00,0.00,0.00,NA,NA,NA,NA,NA,NA,NA,NA,0.00,NA,NA,NA
2025-02-03 16:00:00,54.08,135.01,17.47,70.49,51.70,NA,NA,0.07,79.69,0.00,0.00,0.00,NA,NA,NA,NA,NA,NA,NA,NA,0.00,NA,NA,NA
2025-02-03 17:00:00,63.90,160.30,18.29,95.06,65.42,NA,NA,0.11,54.13,0.00,0.00,0.00,NA,NA,NA,NA,NA,NA,NA,NA,0.00,NA,NA,NA
2025-02-03 18:00:00,62.82,156.77,41.69,175.52,127.18,NA,NA,0.32,7.82,0.00,0.00,0.00,NA,NA,NA,NA,NA,NA,NA,NA,0.00,NA,NA,NA
2025-02-03 19:00:00,52.06,164.01,101.25,199.18,188.18,NA,NA,0.47,6.26,0.00,0.00,0.00,NA,NA,NA,NA,NA,NA,NA,NA,0.00,NA,NA,NA
2025-02-03 20:00:00,61.41,185.26,168.66,219.06,253.58,NA,NA,0.63,6.86,0.00,0.00,0.00,NA,NA,NA,NA,NA,NA,NA,NA,0.00,NA,NA,NA
2025-02-03 21:00:00,69.79,186.76,213.76,233.31,297.86,NA,NA,0.81,5.30,0.00,0.00,0.00,NA,NA,NA,NA,NA,NA,NA,NA,0.00,NA,NA,NA
2025-02-03 22:00:00,99.57,222.87,244.19,235.14,323.56,NA,NA,0.95,6.33,0.00,0.00,0.00,NA,NA,NA,NA,NA,NA,NA,NA,0.00,NA,NA,NA
2025-02-03 23:00:00,115.49,270.55,287.15,233.60,357.67,NA,NA,1.05,7.00,0.00,0.00,0.00,NA,NA,NA,NA,NA,NA,NA,NA,0.00,NA,NA,NA
2025-02-04 00:00:00,104.56,256.56,296.27,237.63,367.27,NA,NA,1.07,4.50,0.00,0.00,0.00,NA,NA,NA,NA,NA,NA,NA,NA,0.00,NA,NA,NA
2025-02-04 01:00:00,120.67,258.04,306.60,230.96,372.14,NA,NA,1.05,5.63,0.00,0.00,0.00,NA,NA,NA,NA,NA,NA,NA,NA,0.00,NA,NA,NA
2025-02-04 02:00:00,131.30,256.27,283.45,218.59,346.76,NA,NA,0.97,6.36,0.00,0.00,0.00,NA,NA,NA,NA,NA,NA,NA,NA,0.00,NA,NA,NA
2025-02-04 03:00:00,109.05,242.10,262.07,199.43,319.18,NA,NA,0.92,4.44,0.00,0.00,0.00,NA,NA,NA,NA,NA,NA,NA,NA,0.00,NA,NA,NA
2025-02-04 04:00:00,101.23,214.15,226.87,176.27,278.24,NA,NA,0.79,4.97,0.00,0.00,0.00,NA,NA,NA,NA,NA,NA,NA,NA,0.00,NA,NA,NA
2025-02-04 05:00:00,96.74,196.20,178.61,168.49,234.91,NA,NA,0.64,5.87,0.00,0.00,0.00,NA,NA,NA,NA,NA,NA,NA,NA,0.00,NA,NA,NA
2025-02-04 06:00:00,79.19,165.93,131.38,149.49,186.34,NA,NA,0.55,4.47,0.00,0.00,0.00,NA,NA,NA,NA,NA,NA,NA,NA,0.00,NA,NA,NA
2025-02-04 07:00:00,78.13,144.89,125.50,146.26,179.85,NA,NA,0.49,5.31,0.00,0.00,0.00,NA,NA,NA,NA,NA,NA,NA,NA,0.00,NA,NA,NA
2025-02-04 08:00:00,95.88,177.40,103.66,149.27,163.70,NA,NA,0.46,6.71,0.00,0.00,0.00,NA,NA,NA,NA,NA,NA,NA,NA,0.00,NA,NA,NA
2025-02-04 09:00:00,83.69,171.49,82.86,171.22,158.49,NA,NA,0.49,8.58,0.00,0.00,0.00,NA,NA,NA,NA,NA,NA,NA,NA,0.00,NA,NA,NA
2025-02-04 10:00:00,128.07,243.27,44.51,187.30,135.84,NA,NA,0.46,23.44,0.00,0.00,0.00,NA,NA,NA,NA,NA,NA,NA,NA,0.00,NA,NA,NA
2025-02-04 11:00:00,161.47,323.22,30.41,144.26,101.49,NA,NA,0.40,52.94,0.00,0.00,0.00,NA,NA,NA,NA,NA,NA,NA,NA,0.00,NA,NA,NA
2025-02-04 12:00:00,99.18,246.24,21.85,119.50,81.33,NA,NA,0.27,70.69,0.00,0.00,0.00,NA,NA,NA,NA,NA,NA,NA,NA,0.00,NA,NA,NA
2025-02-04 13:00:00,92.70,204.87,19.49,120.45,79.93,NA,NA,0.17,73.90,0.00,0.00,0.00,NA,NA,NA,NA,NA,NA,NA,NA,0.00,NA,NA,NA
2025-02-04 14:00:00,89.69,228.63,20.42,113.69,77.08,NA,NA,0.20,57.81,0.00,0.00,0.00,NA,NA,NA,NA,NA,NA,NA,NA,0.00,NA,NA,NA
2025-02-04 15:00:00,74.18,208.59,20.19,119.23,79.82,NA,NA,0.27,61.30,0.00,0.00,0.00,NA,NA,NA,NA,NA,NA,NA,NA,0.00,NA,NA,NA
2025-02-04 16:00:00,137.56,303.01,21.26,158.25,101.45,NA,NA,0.39,38.79,0.00,0.00,0.00,NA,NA,NA,NA,NA,NA,NA,NA,0.00,NA,NA,NA
2025-02-04 17:00:00,139.70,289.23,52.50,195.91,146.81,NA,NA,0.58,8.33,0.00,0.00,0.00,NA,NA,NA,NA,NA,NA,NA,NA,0.00,NA,NA,NA
2025-02-04 18:00:00,134.24,322.54,97.81,223.86,198.57,NA,NA,0.81,5.66,0.00,0.00,0.00,NA,NA,NA,NA,NA,NA,NA,NA,0.00,NA,NA,NA
2025-02-04 19:00:00,175.00,323.67,123.76,219.38,217.24,NA,NA,0.91,6.54,0.00,0.00,0.00,NA,NA,NA,NA,NA,NA,NA,NA,0.00,NA,NA,NA
2025-02-04 20:00:00,167.23,363.16,135.26,221.60,227.88,NA,NA,0.97,4.85,0.00,0.00,0.00,NA,NA,NA,NA,NA,NA,NA,NA,0.00,NA,NA,NA
2025-02-04 21:00:00,165.62,400.88,144.89,220.03,234.81,NA,NA,1.06,5.92,0.00,0.00,0.00,NA,NA,NA,NA,NA,NA,NA,NA,0.00,NA,NA,NA
2025-02-04 22:00:00,176.99,407.59,113.56,195.64,196.45,NA,NA,1.00,7.03,0.00,0.00,0.00,NA,NA,NA,NA,NA,NA,NA,NA,0.00,NA,NA,NA
2025-02-04 23:00:00,155.57,349.36,79.02,151.47,144.83,NA,NA,0.75,3.99,0.00,0.00,0.00,NA,NA,NA,NA,NA,NA,NA,NA,0.00,NA,NA,NA
2025-02-05 00:00:00,136.48,282.78,65.51,132.57,123.82,NA,NA,0.57,4.84,0.00,0.00,0.00,NA,NA,NA,NA,NA,NA,NA,NA,0.00,NA,NA,NA
2025-02-05 01:00:00,147.15,261.66,46.35,111.73,97.13,NA,NA,0.47,6.15,0.00,0.00,0.00,NA,NA,NA,NA,NA,NA,NA,NA,0.00,NA,NA,NA
2025-02-05 02:00:00,115.09,206.79,36.23,99.15,82.21,NA,NA,0.41,6.35,0.00,0.00,0.00,NA,NA,NA,NA,NA,NA,NA,NA,0.00,NA,NA,NA
2025-02-05 03:00:00,90.36,176.51,30.46,90.79,73.06,NA,NA,0.33,6.12,0.00,0.00,0.00,NA,NA,NA,NA,NA,NA,NA,NA,0.00,NA,NA,NA
2025-02-05 04:00:00,99.37,163.81,27.18,88.26,69.05,NA,NA,0.28,7.35,0.00,0.00,0.00,NA,NA,NA,NA,NA,NA,NA,NA,0.00,NA,NA,NA
2025-02-05 05:00:00,76.27,169.08,25.54,88.31,67.74,NA,NA,0.28,3.82,0.00,0.00,0.00,NA,NA,NA,NA,NA,NA,NA,NA,0.00,NA,NA,NA
2025-02-05 06:00:00,71.89,157.81,26.31,90.24,69.38,NA,NA,0.27,4.70,0.00,0.00,0.00,NA,NA,NA,NA,NA,NA,NA,NA,0.00,NA,NA,NA
2025-02-05 07:00:00,82.89,151.01,41.51,91.72,82.52,NA,NA,0.27,7.17,0.00,0.00,0.00,NA,NA,NA,NA,NA,NA,NA,NA,0.00,NA,NA,NA
2025-02-05 08:00:00,64.01,146.84,38.57,103.02,86.18,NA,NA,0.26,11.19,0.00,0.00,0.00,NA,NA,NA,NA,NA,NA,NA,NA,0.00,NA,NA,NA
2025-02-05 09:00:00,70.40,147.60,24.90,95.01,70.79,NA,NA,0.23,26.19,0.00,0.00,0.00,NA,NA,NA,NA,NA,NA,NA,NA,0.00,NA,NA,NA
2025-02-05 10:00:00,88.30,171.02,21.15,84.37,62.08,NA,NA,0.19,49.24,0.00,0.00,0.00,NA,NA,NA,NA,NA,NA,NA,NA,0.00,NA,NA,NA
2025-02-05 11:00:00,79.42,183.15,18.80,73.38,54.32,NA,NA,0.16,63.32,0.00,0.00,0.00,NA,NA,NA,NA,NA,NA,NA,NA,0.00,NA,NA,NA
2025-02-05 12:00:00,86.33,184.02,17.83,63.72,48.40,NA,NA,0.10,70.82,0.00,0.00,0.00,NA,NA,NA,NA,NA,NA,NA,NA,0.00,NA,NA,NA
2025-02-05 13:00:00,71.18,139.52,18.03,55.97,44.43,NA,NA,0.08,73.43,0.00,0.00,0.00,NA,NA,NA,NA,NA,NA,NA,NA,0.00,NA,NA,NA
2025-02-05 14:00:00,40.68,107.65,17.30,54.95,43.30,NA,NA,0.05,77.01,0.00,0.00,0.00,NA,NA,NA,NA,NA,NA,NA,NA,0.00,NA,NA,NA
2025-02-05 15:00:00,44.95,118.57,17.39,55.09,43.44,NA,NA,0.04,73.08,0.00,0.00,0.00,NA,NA,NA,NA,NA,NA,NA,NA,0.00,NA,NA,NA
2025-02-05 16:00:00,47.45,93.73,17.70,54.85,43.57,NA,NA,0.01,73.57,0.00,0.00,0.00,NA,NA,NA,NA,NA,NA,NA,NA,0.00,NA,NA,NA
2025-02-05 17:00:00,26.21,69.92,17.16,64.74,48.38,NA,NA,0.03,67.94,0.00,0.00,0.00,NA,NA,NA,NA,NA,NA,NA,NA,0.00,NA,NA,NA
2025-02-05 18:00:00,42.41,80.45,19.76,112.53,75.90,NA,NA,0.07,30.84,0.00,0.00,0.00,NA,NA,NA,NA,NA,NA,NA,NA,0.00,NA,NA,NA
2025-02-05 19:00:00,56.84,106.69,38.60,141.08,106.36,NA,NA,0.21,14.24,0.00,0.00,0.00,NA,NA,NA,NA,NA,NA,NA,NA,0.00,NA,NA,NA
2025-02-05 20:00:00,51.26,147.11,58.21,167.06,136.20,NA,NA,0.33,5.93,0.00,0.00,0.00,NA,NA,NA,NA,NA,NA,NA,NA,0.00,NA,NA,NA
2025-02-05 21:00:00,82.64,174.50,55.98,160.84,131.05,NA,NA,0.38,6.11,0.00,0.00,0.00,NA,NA,NA,NA,NA,NA,NA,NA,0.00,NA,NA,NA
2025-02-05 22:00:00,88.33,187.82,63.47,157.84,135.56,NA,NA,0.46,6.24,0.00,0.00,0.00,NA,NA,NA,NA,NA,NA,NA,NA,0.00,NA,NA,NA
2025-02-05 23:00:00,101.54,217.13,32.99,148.79,106.00,NA,NA,0.41,6.66,0.00,0.00,0.00,NA,NA,NA,NA,NA,NA,NA,NA,0.00,NA,NA,NA
2025-02-06 00:00:00,103.99,218.74,31.21,140.75,100.25,NA,NA,0.37,7.90,0.00,0.00,0.00,NA,NA,NA,NA,NA,NA,NA,NA,0.00,NA,NA,NA
2025-02-06 01:00:00,105.81,194.36,22.71,107.53,75.67,NA,NA,0.29,12.86,0.00,0.00,0.00,NA,NA,NA,NA,NA,NA,NA,NA,0.00,NA,NA,NA
2025-02-06 02:00:00,74.77,145.81,19.53,97.70,67.85,NA,NA,0.24,11.53,0.00,0.00,0.00,NA,NA,NA,NA,NA,NA,NA,NA,0.00,NA,NA,NA
2025-02-06 03:00:00,86.12,151.07,19.06,89.12,62.90,NA,NA,0.19,14.27,0.00,0.00,0.00,NA,NA,NA,NA,NA,NA,NA,NA,0.00,NA,NA,NA
2025-02-06 04:00:00,83.20,145.94,18.79,82.93,59.39,NA,NA,0.18,13.41,0.00,0.00,0.00,NA,NA,NA,NA,NA,NA,NA,NA,0.00,NA,NA,NA
2025-02-06 05:00:00,74.04,132.71,18.90,89.21,62.80,NA,NA,0.18,9.12,0.00,0.00,0.00,NA,NA,NA,NA,NA,NA,NA,NA,0.00,NA,NA,NA
2025-02-06 06:00:00,80.62,140.11,20.58,97.48,68.59,NA,NA,0.18,11.27,0.00,0.00,0.00,NA,NA,NA,NA,NA,NA,NA,NA,0.00,NA,NA,NA
2025-02-06 07:00:00,69.33,172.71,29.59,116.95,86.22,NA,NA,0.23,8.73,0.00,0.00,0.00,NA,NA,NA,NA,NA,NA,NA,NA,0.00,NA,NA,NA
2025-02-06 08:00:00,73.73,193.77,32.34,125.56,93.12,NA,NA,0.24,20.60,0.00,0.00,0.00,NA,NA,NA,NA,NA,NA,NA,NA,0.00,NA,NA,NA
2025-02-06 09:00:00,76.24,213.44,21.68,110.91,76.62,NA,NA,0.20,44.84,0.00,0.00,0.00,NA,NA,NA,NA,NA,NA,NA,NA,0.00,NA,NA,NA
2025-02-06 10:00:00,67.77,186.11,20.00,94.17,66.36,NA,NA,0.15,58.17,0.00,0.00,0.00,NA,NA,NA,NA,NA,NA,NA,NA,0.00,NA,NA,NA
2025-02-06 11:00:00,67.08,168.26,18.57,73.83,54.37,NA,NA,0.10,64.99,0.00,0.00,0.00,NA,NA,NA,NA,NA,NA,NA,NA,0.00,NA,NA,NA
2025-02-06 12:00:00,56.43,169.23,18.62,59.19,46.63,NA,NA,0.03,59.25,0.00,0.00,0.00,NA,NA,NA,NA,NA,NA,NA,NA,0.00,NA,NA,NA
2025-02-06 13:00:00,34.33,130.10,17.79,56.80,44.68,NA,NA,0.02,68.47,0.00,0.00,0.00,NA,NA,NA,NA,NA,NA,NA,NA,0.00,NA,NA,NA
2025-02-06 14:00:00,40.73,140.37,17.61,57.82,45.07,NA,NA,0.01,72.86,0.00,0.00,0.00,NA,NA,NA,NA,NA,NA,NA,NA,0.00,NA,NA,NA
2025-02-06 15:00:00,56.70,154.22,17.98,57.25,45.07,NA,NA,0.02,74.19,0.00,0.00,0.00,NA,NA,NA,NA,NA,NA,NA,NA,0.00,NA,NA,NA
2025-02-06 16:00:00,34.87,119.77,17.39,60.73,46.44,NA,NA,0.01,73.95,0.00,0.00,0.00,NA,NA,NA,NA,NA,NA,NA,NA,0.00,NA,NA,NA
2025-02-06 17:00:00,49.99,121.13,17.30,69.96,51.27,NA,NA,0.02,67.05,0.00,0.00,0.00,NA,NA,NA,NA,NA,NA,NA,NA,0.00,NA,NA,NA
2025-02-06 18:00:00,50.70,120.03,18.09,103.95,69.98,NA,NA,0.06,42.43,0.00,0.00,0.00,NA,NA,NA,NA,NA,NA,NA,NA,0.00,NA,NA,NA
2025-02-06 19:00:00,47.40,132.82,23.85,151.19,99.80,NA,NA,0.15,12.61,0.00,0.00,0.00,NA,NA,NA,NA,NA,NA,NA,NA,0.00,NA,NA,NA
2025-02-06 20:00:00,64.57,161.21,19.09,132.72,86.13,NA,NA,0.16,17.61,0.00,0.00,0.00,NA,NA,NA,NA,NA,NA,NA,NA,0.00,NA,NA,NA
2025-02-06 21:00:00,78.00,184.66,18.54,102.98,69.86,NA,NA,0.17,30.02,0.00,0.00,0.00,NA,NA,NA,NA,NA,NA,NA,NA,0.00,NA,NA,NA
2025-02-06 22:00:00,56.88,144.98,17.51,95.65,65.12,NA,NA,0.11,34.00,0.00,0.00,0.00,NA,NA,NA,NA,NA,NA,NA,NA,0.00,NA,NA,NA
2025-02-06 23:00:00,66.69,146.86,17.47,87.36,60.67,NA,NA,0.07,37.59,0.00,0.00,0.00,NA,NA,NA,NA,NA,NA,NA,NA,0.00,NA,NA,NA
2025-02-07 00:00:00,66.24,146.14,17.90,87.49,61.09,NA,NA,0.12,39.19,0.00,0.00,0.00,NA,NA,NA,NA,NA,NA,NA,NA,0.00,NA,NA,NA
2025-02-07 01:00:00,78.98,162.47,17.30,84.26,58.89,NA,NA,0.08,34.09,0.00,0.00,0.00,NA,NA,NA,NA,NA,NA,NA,NA,0.00,NA,NA,NA
2025-02-07 02:00:00,80.51,153.07,17.32,74.58,53.76,NA,NA,0.07,39.06,0.00,0.00,0.00,NA,NA,NA,NA,NA,NA,NA,NA,0.00,NA,NA,NA
2025-02-07 03:00:00,93.42,166.50,17.83,76.06,54.95,NA,NA,0.08,33.24,0.00,0.00,0.00,NA,NA,NA,NA,NA,NA,NA,NA,0.00,NA,NA,NA
2025-02-07 04:00:00,77.10,140.07,17.15,73.66,53.12,NA,NA,0.08,32.79,0.00,0.00,0.00,NA,NA,NA,NA,NA,NA,NA,NA,0.00,NA,NA,NA
2025-02-07 05:00:00,73.90,140.72,17.35,75.55,54.29,NA,NA,0.07,31.92,0.00,0.00,0.00,NA,NA,NA,NA,NA,NA,NA,NA,0.00,NA,NA,NA
2025-02-07 06:00:00,72.97,126.65,17.70,81.47,57.73,NA,NA,0.07,27.78,0.00,0.00,0.00,NA,NA,NA,NA,NA,NA,NA,NA,0.00,NA,NA,NA
2025-02-07 07:00:00,59.82,138.49,18.96,97.39,67.21,NA,NA,0.11,19.41,0.00,0.00,0.00,NA,NA,NA,NA,NA,NA,NA,NA,0.00,NA,NA,NA
2025-02-07 08:00:00,62.07,165.77,19.59,86.62,62.00,NA,NA,0.11,35.41,0.00,0.00,0.00,NA,NA,NA,NA,NA,NA,NA,NA,0.00,NA,NA,NA
2025-02-07 09:00:00,54.90,165.13,20.44,81.43,59.93,NA,NA,0.11,42.17,0.00,0.00,0.00,NA,NA,NA,NA,NA,NA,NA,NA,0.00,NA,NA,NA
2025-02-07 10:00:00,49.31,169.82,19.02,74.96,55.33,NA,NA,0.07,54.02,0.00,0.00,0.00,NA,NA,NA,NA,NA,NA,NA,NA,0.00,NA,NA,NA
2025-02-07 11:00:00,55.40,170.70,18.95,67.49,51.31,NA,NA,0.16,62.00,0.00,0.00,0.00,NA,NA,NA,NA,NA,NA,NA,NA,0.00,NA,NA,NA
2025-02-07 12:00:00,35.62,144.62,17.82,60.59,46.72,NA,NA,0.15,65.26,0.00,0.00,0.00,NA,NA,NA,NA,NA,NA,NA,NA,0.00,NA,NA,NA
2025-02-07 13:00:00,29.21,132.68,18.28,59.07,46.28,NA,NA,0.11,70.97,0.00,0.00,0.00,NA,NA,NA,NA,NA,NA,NA,NA,0.00,NA,NA,NA
2025-02-07 14:00:00,41.52,161.72,18.88,60.02,47.28,NA,NA,0.10,78.47,0.00,0.00,0.00,NA,NA,NA,NA,NA,NA,NA,NA,0.00,NA,NA,NA
2025-02-07 15:00:00,29.39,133.91,17.66,63.21,47.98,NA,NA,0.11,75.33,0.00,0.00,0.00,NA,NA,NA,NA,NA,NA,NA,NA,0.00,NA,NA,NA
2025-02-07 16:00:00,33.26,124.99,18.93,70.19,52.72,NA,NA,0.16,73.75,0.00,0.00,0.00,NA,NA,NA,NA,NA,NA,NA,NA,0.00,NA,NA,NA
2025-02-07 17:00:00,37.22,129.25,18.97,77.08,56.42,NA,NA,0.21,69.43,0.00,0.00,0.00,NA,NA,NA,NA,NA,NA,NA,NA,0.00,NA,NA,NA
2025-02-07 18:00:00,29.67,100.46,17.43,106.80,70.97,NA,NA,0.27,44.33,0.00,0.00,0.00,NA,NA,NA,NA,NA,NA,NA,NA,0.00,NA,NA,NA
2025-02-07 19:00:00,39.42,113.31,21.65,144.59,94.48,NA,NA,0.36,19.07,0.00,0.00,0.00,NA,NA,NA,NA,NA,NA,NA,NA,0.00,NA,NA,NA
2025-02-07 20:00:00,66.46,139.08,25.97,167.80,110.38,NA,NA,0.44,10.67,0.00,0.00,0.00,NA,NA,NA,NA,NA,NA,NA,NA,0.00,NA,NA,NA
2025-02-07 21:00:00,49.39,136.03,19.27,149.21,95.04,NA,NA,0.41,12.97,0.00,0.00,0.00,NA,NA,NA,NA,NA,NA,NA,NA,0.00,NA,NA,NA
2025-02-07 22:00:00,49.68,134.20,19.43,143.75,92.26,NA,NA,0.42,10.79,0.00,0.00,0.00,NA,NA,NA,NA,NA,NA,NA,NA,0.00,NA,NA,NA
2025-02-07 23:00:00,71.75,147.43,21.92,139.77,92.17,NA,NA,0.42,11.10,0.00,0.00,0.00,NA,NA,NA,NA,NA,NA,NA,NA,0.00,NA,NA,NA
2025-02-08 00:00:00,55.50,143.76,19.41,131.35,85.65,NA,NA,0.39,12.00,0.00,0.00,0.00,NA,NA,NA,NA,NA,NA,NA,NA,0.00,NA,NA,NA
2025-02-08 01:00:00,81.67,183.49,22.35,145.33,95.48,NA,NA,0.39,7.55,0.00,0.00,0.00,NA,NA,NA,NA,NA,NA,NA,NA,0.00,NA,NA,NA
2025-02-08 02:00:00,82.10,163.61,18.60,112.94,75.21,NA,NA,0.34,20.17,0.00,0.00,0.00,NA,NA,NA,NA,NA,NA,NA,NA,0.00,NA,NA,NA
2025-02-08 03:00:00,53.19,119.50,17.45,94.82,64.63,NA,NA,0.32,24.32,0.00,0.00,0.00,NA,NA,NA,NA,NA,NA,NA,NA,0.00,NA,NA,NA
2025-02-08 04:00:00,63.28,137.47,17.52,86.93,60.48,NA,NA,0.29,29.83,0.00,0.00,0.00,NA,NA,NA,NA,NA,NA,NA,NA,0.00,NA,NA,NA
2025-02-08 05:00:00,72.66,145.52,17.68,90.35,62.42,NA,NA,0.31,25.79,0.00,0.00,0.00,NA,NA,NA,NA,NA,NA,NA,NA,0.00,NA,NA,NA
2025-02-08 06:00:00,53.51,121.92,17.84,105.09,70.39,NA,NA,0.33,15.79,0.00,0.00,0.00,NA,NA,NA,NA,NA,NA,NA,NA,0.00,NA,NA,NA
2025-02-08 07:00:00,66.84,157.85,20.09,104.98,72.18,NA,NA,0.32,16.57,0.00,0.00,0.00,NA,NA,NA,NA,NA,NA,NA,NA,0.00,NA,NA,NA
2025-02-08 08:00:00,53.07,154.95,22.89,93.61,68.40,NA,NA,0.34,26.09,0.00,0.00,0.00,NA,NA,NA,NA,NA,NA,NA,NA,0.00,NA,NA,NA
2025-02-08 09:00:00,45.43,166.63,21.21,89.69,64.95,NA,NA,0.36,38.45,0.00,0.00,0.00,NA,NA,NA,NA,NA,NA,NA,NA,0.00,NA,NA,NA
2025-02-08 10:00:00,58.50,194.69,19.56,78.60,57.71,NA,NA,0.33,59.76,0.00,0.00,0.00,NA,NA,NA,NA,NA,NA,NA,NA,0.00,NA,NA,NA
2025-02-08 11:00:00,70.89,214.65,18.79,73.45,54.35,NA,NA,0.31,73.53,0.00,0.00,0.00,NA,NA,NA,NA,NA,NA,NA,NA,0.00,NA,NA,NA
2025-02-08 12:00:00,49.12,160.93,18.28,67.89,50.97,NA,NA,0.28,76.64,0.00,0.00,0.00,NA,NA,NA,NA,NA,NA,NA,NA,0.00,NA,NA,NA
2025-02-08 13:00:00,52.25,164.23,19.10,64.67,49.93,NA,NA,0.27,82.48,0.00,0.00,0.00,NA,NA,NA,NA,NA,NA,NA,NA,0.00,NA,NA,NA
2025-02-08 14:00:00,43.31,127.65,23.28,66.91,54.51,NA,NA,0.26,77.49,0.00,0.00,0.00,NA,NA,NA,NA,NA,NA,NA,NA,0.00,NA,NA,NA
2025-02-08 15:00:00,25.19,110.76,25.88,70.49,58.53,NA,NA,0.25,76.83,0.00,0.00,0.00,NA,NA,NA,NA,NA,NA,NA,NA,0.00,NA,NA,NA
2025-02-08 16:00:00,41.89,120.45,25.75,74.01,60.31,NA,NA,0.24,76.43,0.00,0.00,0.00,NA,NA,NA,NA,NA,NA,NA,NA,0.00,NA,NA,NA
2025-02-08 17:00:00,61.09,112.92,24.39,89.37,67.36,NA,NA,0.25,59.66,0.00,0.00,0.00,NA,NA,NA,NA,NA,NA,NA,NA,0.00,NA,NA,NA
2025-02-08 18:00:00,45.93,105.47,41.29,166.40,122.04,NA,NA,0.35,15.92,0.00,0.00,0.00,NA,NA,NA,NA,NA,NA,NA,NA,0.00,NA,NA,NA
2025-02-08 19:00:00,54.21,127.01,103.77,204.27,192.85,NA,NA,0.49,8.58,0.00,0.00,0.00,NA,NA,NA,NA,NA,NA,NA,NA,0.00,NA,NA,NA
2025-02-08 20:00:00,53.22,156.78,172.34,239.21,267.38,NA,NA,0.69,5.01,0.00,0.00,0.00,NA,NA,NA,NA,NA,NA,NA,NA,0.00,NA,NA,NA
2025-02-08 21:00:00,57.96,155.17,145.96,221.93,236.69,NA,NA,0.69,5.57,0.00,0.00,0.00,NA,NA,NA,NA,NA,NA,NA,NA,0.00,NA,NA,NA
2025-02-08 22:00:00,79.55,177.85,128.81,208.17,215.52,NA,NA,0.67,6.41,0.00,0.00,0.00,NA,NA,NA,NA,NA,NA,NA,NA,0.00,NA,NA,NA
2025-02-08 23:00:00,78.37,173.22,138.75,203.94,221.23,NA,NA,0.71,3.74,0.00,0.00,0.00,NA,NA,NA,NA,NA,NA,NA,NA,0.00,NA,NA,NA
2025-02-09 00:00:00,79.33,177.59,135.39,193.62,213.10,NA,NA,0.76,5.27,0.00,0.00,0.00,NA,NA,NA,NA,NA,NA,NA,NA,0.00,NA,NA,NA
2025-02-09 01:00:00,110.77,205.30,149.34,180.60,217.47,NA,NA,0.76,6.21,0.00,0.00,0.00,NA,NA,NA,NA,NA,NA,NA,NA,0.00,NA,NA,NA
2025-02-09 02:00:00,97.90,196.11,149.55,173.87,214.03,NA,NA,0.72,3.74,0.00,0.00,0.00,NA,NA,NA,NA,NA,NA,NA,NA,0.00,NA,NA,NA
2025-02-09 03:00:00,98.49,195.07,151.78,168.79,213.23,NA,NA,0.67,4.38,0.00,0.00,0.00,NA,NA,NA,NA,NA,NA,NA,NA,0.00,NA,NA,NA
2025-02-09 04:00:00,107.13,170.17,135.41,150.58,190.19,NA,NA,0.60,6.04,0.00,0.00,0.00,NA,NA,NA,NA,NA,NA,NA,NA,0.00,NA,NA,NA
2025-02-09 05:00:00,78.99,146.78,106.38,138.02,159.95,NA,NA,0.51,3.81,0.00,0.00,0.00,NA,NA,NA,NA,NA,NA,NA,NA,0.00,NA,NA,NA
2025-02-09 06:00:00,77.44,154.63,106.38,130.01,155.61,NA,NA,0.49,4.37,0.00,0.00,0.00,NA,NA,NA,NA,NA,NA,NA,NA,0.00,NA,NA,NA
2025-02-09 07:00:00,76.89,151.07,122.31,132.20,169.72,NA,NA,0.49,8.14,0.00,0.00,0.00,NA,NA,NA,NA,NA,NA,NA,NA,0.00,NA,NA,NA
2025-02-09 08:00:00,49.18,131.11,128.31,170.27,194.94,NA,NA,0.52,11.33,0.00,0.00,0.00,NA,NA,NA,NA,NA,NA,NA,NA,0.00,NA,NA,NA
2025-02-09 09:00:00,51.42,154.66,75.68,158.19,145.72,NA,NA,0.42,25.12,0.00,0.00,0.00,NA,NA,NA,NA,NA,NA,NA,NA,0.00,NA,NA,NA
2025-02-09 10:00:00,77.84,169.47,58.85,143.93,124.43,NA,NA,0.37,48.67,0.00,0.00,0.00,NA,NA,NA,NA,NA,NA,NA,NA,0.00,NA,NA,NA
2025-02-09 11:00:00,61.58,153.06,48.51,120.10,103.33,NA,NA,0.36,64.28,0.00,0.00,0.00,NA,NA,NA,NA,NA,NA,NA,NA,0.00,NA,NA,NA
2025-02-09 12:00:00,66.26,180.21,44.61,107.51,93.46,NA,NA,0.33,91.74,0.00,0.00,0.00,NA,NA,NA,NA,NA,NA,NA,NA,0.00,NA,NA,NA
2025-02-09 13:00:00,86.73,179.06,38.37,89.53,78.83,NA,NA,0.32,105.39,0.00,0.00,0.00,NA,NA,NA,NA,NA,NA,NA,NA,0.00,NA,NA,NA
2025-02-09 14:00:00,50.99,138.78,26.89,80.08,64.47,NA,NA,0.27,100.59,0.00,0.00,0.00,NA,NA,NA,NA,NA,NA,NA,NA,0.00,NA,NA,NA
2025-02-09 15:00:00,65.19,133.02,23.01,73.61,57.86,NA,NA,0.24,97.10,0.00,0.00,0.00,NA,NA,NA,NA,NA,NA,NA,NA,0.00,NA,NA,NA
2025-02-09 16:00:00,63.87,136.93,21.89,79.77,60.23,NA,NA,0.28,94.49,0.00,0.00,0.00,NA,NA,NA,NA,NA,NA,NA,NA,0.00,NA,NA,NA
2025-02-09 17:00:00,54.43,133.59,22.14,114.60,78.92,NA,NA,0.30,64.42,0.00,0.00,0.00,NA,NA,NA,NA,NA,NA,NA,NA,0.00,NA,NA,NA
2025-02-09 18:00:00,64.84,150.09,78.71,237.83,190.34,NA,NA,0.54,10.12,0.00,0.00,0.00,NA,NA,NA,NA,NA,NA,NA,NA,0.00,NA,NA,NA
2025-02-09 19:00:00,74.02,219.19,145.15,257.82,255.14,NA,NA,0.73,5.63,0.00,0.00,0.00,NA,NA,NA,NA,NA,NA,NA,NA,0.00,NA,NA,NA
2025-02-09 20:00:00,62.79,204.07,168.88,258.62,274.80,NA,NA,0.82,5.35,0.00,0.00,0.00,NA,NA,NA,NA,NA,NA,NA,NA,0.00,NA,NA,NA
2025-02-09 21:00:00,92.01,228.55,195.83,265.04,300.24,NA,NA,0.94,6.24,0.00,0.00,0.00,NA,NA,NA,NA,NA,NA,NA,NA,0.00,NA,NA,NA
2025-02-09 22:00:00,103.55,267.11,195.24,247.16,290.16,NA,NA,1.04,5.00,0.00,0.00,0.00,NA,NA,NA,NA,NA,NA,NA,NA,0.00,NA,NA,NA
2025-02-09 23:00:00,95.56,253.51,236.42,243.10,321.46,NA,NA,1.13,4.58,0.00,0.00,0.00,NA,NA,NA,NA,NA,NA,NA,NA,0.00,NA,NA,NA
2025-02-10 00:00:00,117.46,241.10,253.30,234.08,330.44,NA,NA,1.20,7.19,0.00,0.00,0.00,NA,NA,NA,NA,NA,NA,NA,NA,0.00,NA,NA,NA
2025-02-10 01:00:00,143.58,258.38,284.16,229.17,352.89,NA,NA,1.31,4.76,0.00,0.00,0.00,NA,NA,NA,NA,NA,NA,NA,NA,0.00,NA,NA,NA
2025-02-10 02:00:00,128.78,235.15,342.07,237.51,404.38,NA,NA,1.40,5.48,0.00,0.00,0.00,NA,NA,NA,NA,NA,NA,NA,NA,0.00,NA,NA,NA
2025-02-10 03:00:00,139.37,253.24,330.27,243.96,398.35,NA,NA,1.36,6.51,0.00,0.00,0.00,NA,NA,NA,NA,NA,NA,NA,NA,0.00,NA,NA,NA
2025-02-10 04:00:00,130.42,239.69,268.78,224.15,337.79,NA,NA,1.19,3.69,0.00,0.00,0.00,NA,NA,NA,NA,NA,NA,NA,NA,0.00,NA,NA,NA
2025-02-10 05:00:00,109.81,231.38,246.64,205.62,309.94,NA,NA,1.10,4.45,0.00,0.00,0.00,NA,NA,NA,NA,NA,NA,NA,NA,0.00,NA,NA,NA
2025-02-10 06:00:00,121.05,207.38,243.54,192.02,300.11,NA,NA,1.05,5.58,0.00,0.00,0.00,NA,NA,NA,NA,NA,NA,NA,NA,0.00,NA,NA,NA
2025-02-10 07:00:00,102.37,205.66,265.57,193.01,318.55,NA,NA,1.08,5.78,0.00,0.00,0.00,NA,NA,NA,NA,NA,NA,NA,NA,0.00,NA,NA,NA
2025-02-10 08:00:00,110.79,204.12,276.41,246.17,355.74,NA,NA,1.07,10.24,0.00,0.00,0.00,NA,NA,NA,NA,NA,NA,NA,NA,0.00,NA,NA,NA
2025-02-10 09:00:00,161.48,308.70,151.34,268.44,265.90,NA,NA,0.81,11.65,0.00,0.00,0.00,NA,NA,NA,NA,NA,NA,NA,NA,0.00,NA,NA,NA
2025-02-10 10:00:00,107.53,250.26,95.62,221.26,195.49,NA,NA,0.62,33.71,0.00,0.00,0.00,NA,NA,NA,NA,NA,NA,NA,NA,0.00,NA,NA,NA
2025-02-10 11:00:00,75.55,181.88,61.00,163.75,136.75,NA,NA,0.48,50.68,0.00,0.00,0.00,NA,NA,NA,NA,NA,NA,NA,NA,0.00,NA,NA,NA
2025-02-10 12:00:00,73.58,168.25,33.38,123.28,92.73,NA,NA,0.35,68.89,0.00,0.00,0.00,NA,NA,NA,NA,NA,NA,NA,NA,0.00,NA,NA,NA
2025-02-10 13:00:00,51.90,136.04,26.05,90.88,69.53,NA,NA,0.29,84.59,0.00,0.00,0.00,NA,NA,NA,NA,NA,NA,NA,NA,0.00,NA,NA,NA
2025-02-10 14:00:00,48.86,144.03,26.54,81.44,64.89,NA,NA,0.22,93.33,0.00,0.00,0.00,NA,NA,NA,NA,NA,NA,NA,NA,0.00,NA,NA,NA
2025-02-10 15:00:00,67.32,156.36,25.28,95.05,71.11,NA,NA,0.22,89.73,0.00,0.00,0.00,NA,NA,NA,NA,NA,NA,NA,NA,0.00,NA,NA,NA
2025-02-10 16:00:00,57.35,152.70,26.72,106.36,78.30,NA,NA,0.28,83.42,0.00,0.00,0.00,NA,NA,NA,NA,NA,NA,NA,NA,0.00,NA,NA,NA
2025-02-10 17:00:00,70.83,173.82,43.21,179.29,130.71,NA,NA,0.40,38.69,0.00,0.00,0.00,NA,NA,NA,NA,NA,NA,NA,NA,0.00,NA,NA,NA
2025-02-10 18:00:00,99.70,232.47,108.45,257.84,225.44,NA,NA,0.73,7.78,0.00,0.00,0.00,NA,NA,NA,NA,NA,NA,NA,NA,0.00,NA,NA,NA
2025-02-10 19:00:00,50.11,184.85,195.53,290.50,313.62,NA,NA,0.90,4.86,0.00,0.00,0.00,NA,NA,NA,NA,NA,NA,NA,NA,0.00,NA,NA,NA
2025-02-10 20:00:00,50.33,197.41,244.95,300.73,359.12,NA,NA,0.99,4.53,0.00,0.00,0.00,NA,NA,NA,NA,NA,NA,NA,NA,0.00,NA,NA,NA
2025-02-10 21:00:00,87.44,223.70,276.36,287.90,377.93,NA,NA,1.13,6.30,0.00,0.00,0.00,NA,NA,NA,NA,NA,NA,NA,NA,0.00,NA,NA,NA
2025-02-10 22:00:00,81.28,206.70,383.22,316.81,480.07,NA,NA,1.36,4.82,0.00,0.00,0.00,NA,NA,NA,NA,NA,NA,NA,NA,0.00,NA,NA,NA
2025-02-10 23:00:00,110.09,235.54,405.34,300.30,483.26,NA,NA,1.44,5.99,0.00,0.00,0.00,NA,NA,NA,NA,NA,NA,NA,NA,0.00,NA,NA,NA
2025-02-11 00:00:00,118.50,254.30,435.31,294.12,495.63,NA,NA,1.50,5.55,0.00,0.00,0.00,NA,NA,NA,NA,NA,NA,NA,NA,0.00,NA,NA,NA
2025-02-11 01:00:00,122.10,254.96,444.33,286.69,NA,NA,NA,1.54,4.69,0.00,0.00,0.00,NA,NA,NA,NA,NA,NA,NA,NA,0.00,NA,NA,NA
2025-02-11 02:00:00,135.57,260.58,456.66,275.75,NA,NA,NA,1.58,5.98,0.00,0.00,0.00,NA,NA,NA,NA,NA,NA,NA,NA,0.00,NA,NA,NA
2025-02-11 03:00:00,138.42,251.60,477.95,284.57,NA,NA,NA,1.64,4.99,0.00,0.00,0.00,NA,NA,NA,NA,NA,NA,NA,NA,0.00,NA,NA,NA
2025-02-11 04:00:00,123.10,273.42,458.74,274.86,490.57,NA,NA,1.53,5.52,0.00,0.00,0.00,NA,NA,NA,NA,NA,NA,NA,NA,0.00,NA,NA,NA
2025-02-11 05:00:00,130.51,261.02,441.02,257.10,493.17,NA,NA,1.43,6.26,0.00,0.00,0.00,NA,NA,NA,NA,NA,NA,NA,NA,0.00,NA,NA,NA
2025-02-11 06:00:00,116.53,230.35,450.92,255.55,493.91,NA,NA,1.37,4.70,0.00,0.00,0.00,NA,NA,NA,NA,NA,NA,NA,NA,0.00,NA,NA,NA
2025-02-11 07:00:00,104.26,217.56,386.24,242.07,440.73,NA,NA,1.21,6.22,0.00,0.00,0.00,NA,NA,NA,NA,NA,NA,NA,NA,0.00,NA,NA,NA
2025-02-11 08:00:00,119.07,233.15,412.98,297.08,464.28,NA,NA,1.39,11.10,0.00,0.00,0.00,NA,NA,NA,NA,NA,NA,NA,NA,0.00,NA,NA,NA
2025-02-11 09:00:00,181.47,382.77,312.80,384.18,429.84,NA,NA,1.32,8.89,0.00,0.00,0.00,NA,NA,NA,NA,NA,NA,NA,NA,0.00,NA,NA,NA
2025-02-11 10:00:00,123.27,282.59,159.67,323.05,301.57,NA,NA,0.87,31.22,0.00,0.00,0.00,NA,NA,NA,NA,NA,NA,NA,NA,0.00,NA,NA,NA
2025-02-11 11:00:00,88.69,204.26,121.09,200.21,204.84,NA,NA,0.62,59.05,0.00,0.00,0.00,NA,NA,NA,NA,NA,NA,NA,NA,0.00,NA,NA,NA
2025-02-11 12:00:00,70.02,179.24,91.19,185.60,172.86,NA,NA,0.56,91.71,0.00,0.00,0.00,NA,NA,NA,NA,NA,NA,NA,NA,0.00,NA,NA,NA
2025-02-11 13:00:00,60.97,169.05,45.66,127.67,104.96,NA,NA,0.38,103.27,0.00,0.00,0.00,NA,NA,NA,NA,NA,NA,NA,NA,0.00,NA,NA,NA
2025-02-11 14:00:00,66.75,175.29,35.77,94.23,79.19,NA,NA,0.30,118.60,0.00,0.00,0.00,NA,NA,NA,NA,NA,NA,NA,NA,0.00,NA,NA,NA
2025-02-11 15:00:00,51.98,151.00,33.57,86.29,73.20,NA,NA,0.32,116.52,0.00,0.00,0.00,NA,NA,NA,NA,NA,NA,NA,NA,0.00,NA,NA,NA
2025-02-11 16:00:00,63.80,182.66,36.34,94.83,79.99,NA,NA,0.31,108.02,0.00,0.00,0.00,NA,NA,NA,NA,NA,NA,NA,NA,0.00,NA,NA,NA
2025-02-11 17:00:00,68.40,180.59,36.21,136.41,102.08,NA,NA,0.36,62.35,0.00,0.00,0.00,NA,NA,NA,NA,NA,NA,NA,NA,0.00,NA,NA,NA
2025-02-11 18:00:00,54.04,171.71,76.10,257.75,199.10,NA,NA,0.63,6.93,0.00,0.00,0.00,NA,NA,NA,NA,NA,NA,NA,NA,0.00,NA,NA,NA
2025-02-11 19:00:00,45.41,175.63,138.48,264.55,253.34,NA,NA,0.79,4.96,0.00,0.00,0.00,NA,NA,NA,NA,NA,NA,NA,NA,0.00,NA,NA,NA
2025-02-11 20:00:00,53.68,175.62,197.89,266.20,302.56,NA,NA,0.88,6.20,0.00,0.00,0.00,NA,NA,NA,NA,NA,NA,NA,NA,0.00,NA,NA,NA
2025-02-11 21:00:00,55.06,158.31,211.06,260.29,310.06,NA,NA,1.02,4.68,0.00,0.00,0.00,NA,NA,NA,NA,NA,NA,NA,NA,0.00,NA,NA,NA
2025-02-11 22:00:00,84.07,199.60,299.00,277.24,390.59,NA,NA,1.17,4.99,0.00,0.00,0.00,NA,NA,NA,NA,NA,NA,NA,NA,0.00,NA,NA,NA
2025-02-11 23:00:00,91.23,219.77,339.26,275.00,422.07,NA,NA,1.22,6.36,0.00,0.00,0.00,NA,NA,NA,NA,NA,NA,NA,NA,0.00,NA,NA,NA
2025-02-12 00:00:00,76.41,223.26,335.74,258.65,410.54,NA,NA,1.19,4.03,0.00,0.00,0.00,NA,NA,NA,NA,NA,NA,NA,NA,0.00,NA,NA,NA
2025-02-12 01:00:00,97.87,219.08,337.49,253.60,409.32,NA,NA,1.21,5.06,0.00,0.00,0.00,NA,NA,NA,NA,NA,NA,NA,NA,0.00,NA,NA,NA
2025-02-12 02:00:00,120.14,272.95,305.11,244.14,377.91,NA,NA,1.21,5.37,0.00,0.00,0.00,NA,NA,NA,NA,NA,NA,NA,NA,0.00,NA,NA,NA
2025-02-12 03:00:00,114.72,274.08,290.21,228.04,357.27,NA,NA,1.17,4.66,0.00,0.00,0.00,NA,NA,NA,NA,NA,NA,NA,NA,0.00,NA,NA,NA
2025-02-12 04:00:00,136.23,310.13,227.05,206.35,294.31,NA,NA,1.00,5.99,0.00,0.00,0.00,NA,NA,NA,NA,NA,NA,NA,NA,0.00,NA,NA,NA
2025-02-12 05:00:00,119.04,264.66,143.69,169.08,206.76,NA,NA,0.74,5.95,0.00,0.00,0.00,NA,NA,NA,NA,NA,NA,NA,NA,0.00,NA,NA,NA
2025-02-12 06:00:00,65.28,145.69,95.59,138.86,151.59,NA,NA,0.55,4.45,0.00,0.00,0.00,NA,NA,NA,NA,NA,NA,NA,NA,0.00,NA,NA,NA
2025-02-12 07:00:00,59.96,131.89,85.84,132.82,140.45,NA,NA,0.50,6.88,0.00,0.00,0.00,NA,NA,NA,NA,NA,NA,NA,NA,0.00,NA,NA,NA
2025-02-12 08:00:00,57.27,123.92,80.00,136.54,137.68,NA,NA,0.50,8.78,0.00,0.00,0.00,NA,NA,NA,NA,NA,NA,NA,NA,0.00,NA,NA,NA
2025-02-12 09:00:00,30.67,106.58,62.32,141.68,126.03,NA,NA,0.41,22.57,0.00,0.00,0.00,NA,NA,NA,NA,NA,NA,NA,NA,0.00,NA,NA,NA
2025-02-12 10:00:00,45.47,149.02,50.48,98.52,93.43,NA,NA,0.36,37.67,0.00,0.00,0.00,NA,NA,NA,NA,NA,NA,NA,NA,0.00,NA,NA,NA
2025-02-12 11:00:00,45.79,158.79,124.20,197.31,142.22,NA,NA,0.26,52.72,0.00,0.00,0.00,NA,NA,NA,NA,NA,NA,NA,NA,0.00,NA,NA,NA
2025-02-12 12:00:00,32.13,150.69,39.41,6.37,34.10,NA,NA,0.16,59.43,0.00,0.00,0.00,NA,NA,NA,NA,NA,NA,NA,NA,0.00,NA,NA,NA
2025-02-12 13:00:00,32.16,155.28,3.22,5.93,5.77,NA,NA,0.16,63.27,0.00,0.00,0.00,NA,NA,NA,NA,NA,NA,NA,NA,0.00,NA,NA,NA
2025-02-12 14:00:00,37.22,139.02,1.64,6.00,4.53,NA,NA,0.14,65.27,0.00,0.00,0.00,NA,NA,NA,NA,NA,NA,NA,NA,0.00,NA,NA,NA
2025-02-12 15:00:00,28.41,112.68,2.68,6.10,5.42,NA,NA,0.15,68.59,0.00,0.00,0.00,NA,NA,NA,NA,NA,NA,NA,NA,0.00,NA,NA,NA
2025-02-12 16:00:00,43.20,119.26,2.33,6.22,5.20,NA,NA,0.14,72.16,0.00,0.00,0.00,NA,NA,NA,NA,NA,NA,NA,NA,0.00,NA,NA,NA
2025-02-12 17:00:00,28.49,104.47,1.27,8.44,5.52,NA,NA,0.18,66.16,0.00,0.00,0.00,NA,NA,NA,NA,NA,NA,NA,NA,0.00,NA,NA,NA
2025-02-12 18:00:00,27.67,104.93,2.68,14.24,9.75,NA,NA,0.20,49.49,0.00,0.00,0.00,NA,NA,NA,NA,NA,NA,NA,NA,0.00,NA,NA,NA
2025-02-12 19:00:00,37.72,131.21,2.34,17.05,10.97,NA,NA,0.29,39.97,0.00,0.00,0.00,NA,NA,NA,NA,NA,NA,NA,NA,0.00,NA,NA,NA
2025-02-12 20:00:00,40.41,136.33,1.64,18.73,11.30,NA,NA,0.34,30.77,0.00,0.00,0.00,NA,NA,NA,NA,NA,NA,NA,NA,0.00,NA,NA,NA
2025-02-12 21:00:00,46.37,144.74,2.86,20.50,13.23,NA,NA,0.34,23.19,0.00,0.00,0.00,NA,NA,NA,NA,NA,NA,NA,NA,0.00,NA,NA,NA
2025-02-12 22:00:00,65.31,145.10,2.28,16.32,10.53,NA,NA,0.33,28.14,0.00,0.00,0.00,NA,NA,NA,NA,NA,NA,NA,NA,0.00,NA,NA,NA
2025-02-12 23:00:00,41.07,124.73,1.67,17.32,10.57,NA,NA,0.28,22.87,0.00,0.00,0.00,NA,NA,NA,NA,NA,NA,NA,NA,0.00,NA,NA,NA
2025-02-13 00:00:00,40.41,114.67,2.68,13.69,9.46,NA,NA,0.26,32.13,0.00,0.00,0.00,NA,NA,NA,NA,NA,NA,NA,NA,0.00,NA,NA,NA
2025-02-13 01:00:00,70.93,141.30,1.71,10.73,7.10,NA,NA,0.26,37.74,0.00,0.00,0.00,NA,NA,NA,NA,NA,NA,NA,NA,0.00,NA,NA,NA
2025-02-13 02:00:00,50.97,111.64,1.11,9.61,6.02,NA,NA,0.22,38.91,0.00,0.00,0.00,NA,NA,NA,NA,NA,NA,NA,NA,0.00,NA,NA,NA
2025-02-13 03:00:00,60.10,126.79,1.83,9.06,6.31,NA,NA,0.24,40.54,0.00,0.00,0.00,NA,NA,NA,NA,NA,NA,NA,NA,0.00,NA,NA,NA
2025-02-13 04:00:00,65.59,124.53,1.11,8.88,5.63,NA,NA,0.24,36.02,0.00,0.00,0.00,NA,NA,NA,NA,NA,NA,NA,NA,0.00,NA,NA,NA
2025-02-13 05:00:00,46.54,102.78,0.91,9.65,5.87,NA,NA,0.22,32.51,0.00,0.00,0.00,NA,NA,NA,NA,NA,NA,NA,NA,0.00,NA,NA,NA
2025-02-13 06:00:00,49.20,108.16,1.91,11.51,7.67,NA,NA,0.22,28.26,0.00,0.00,0.00,NA,NA,NA,NA,NA,NA,NA,NA,0.00,NA,NA,NA
2025-02-13 07:00:00,69.94,140.32,1.36,15.35,9.27,NA,NA,0.27,20.11,0.00,0.00,0.00,NA,NA,NA,NA,NA,NA,NA,NA,0.00,NA,NA,NA
2025-02-13 08:00:00,37.08,125.14,2.57,14.19,9.63,NA,NA,0.28,25.81,0.00,0.00,0.00,NA,NA,NA,NA,NA,NA,NA,NA,0.00,NA,NA,NA
2025-02-13 09:00:00,43.50,165.76,2.80,11.19,8.23,NA,NA,0.24,42.96,0.00,0.00,0.00,NA,NA,NA,NA,NA,NA,NA,NA,0.00,NA,NA,NA
2025-02-13 10:00:00,55.12,172.28,1.00,9.43,5.83,NA,NA,0.22,56.96,0.00,0.00,0.00,NA,NA,NA,NA,NA,NA,NA,NA,0.00,NA,NA,NA
2025-02-13 11:00:00,40.76,177.00,1.25,8.06,5.30,NA,NA,0.21,66.12,0.00,0.00,0.00,NA,NA,NA,NA,NA,NA,NA,NA,0.00,NA,NA,NA
2025-02-13 12:00:00,49.98,182.20,1.85,6.75,5.09,NA,NA,0.13,71.49,0.00,0.00,0.00,NA,NA,NA,NA,NA,NA,NA,NA,0.00,NA,NA,NA
2025-02-13 13:00:00,44.47,166.40,0.24,6.15,3.42,NA,NA,0.14,73.35,0.00,0.00,0.00,NA,NA,NA,NA,NA,NA,NA,NA,0.00,NA,NA,NA
2025-02-13 14:00:00,25.07,144.36,1.64,5.93,4.49,NA,NA,0.13,74.33,0.00,0.00,0.00,NA,NA,NA,NA,NA,NA,NA,NA,0.00,NA,NA,NA
2025-02-13 15:00:00,36.78,149.97,2.04,5.81,4.75,NA,NA,0.12,77.98,0.00,0.00,0.00,NA,NA,NA,NA,NA,NA,NA,NA,0.00,NA,NA,NA
2025-02-13 16:00:00,34.14,121.85,0.61,6.27,3.79,NA,NA,0.12,76.40,0.00,0.00,0.00,NA,NA,NA,NA,NA,NA,NA,NA,0.00,NA,NA,NA
2025-02-13 17:00:00,16.43,97.93,2.60,8.25,6.50,NA,NA,0.12,68.39,0.00,0.00,0.00,NA,NA,NA,NA,NA,NA,NA,NA,0.00,NA,NA,NA
2025-02-13 18:00:00,32.70,107.40,2.86,15.36,10.49,NA,NA,0.18,52.46,0.00,0.00,0.00,NA,NA,NA,NA,NA,NA,NA,NA,0.00,NA,NA,NA
2025-02-13 19:00:00,33.15,105.35,1.32,17.04,10.14,NA,NA,0.22,41.00,0.00,0.00,0.00,NA,NA,NA,NA,NA,NA,NA,NA,0.00,NA,NA,NA
2025-02-13 20:00:00,24.88,120.21,3.15,18.31,12.30,NA,NA,0.24,34.36,0.00,0.00,0.00,NA,NA,NA,NA,NA,NA,NA,NA,0.00,NA,NA,NA
2025-02-13 21:00:00,49.65,143.00,3.05,15.90,10.94,NA,NA,0.23,39.40,0.00,0.00,0.00,NA,NA,NA,NA,NA,NA,NA,NA,0.00,NA,NA,NA
2025-02-13 22:00:00,45.17,142.89,1.72,14.24,8.97,NA,NA,0.24,36.79,0.00,0.00,0.00,NA,NA,NA,NA,NA,NA,NA,NA,0.00,NA,NA,NA
2025-02-13 23:00:00,43.47,128.87,2.72,17.21,11.37,NA,NA,0.25,27.51,0.00,0.00,0.00,NA,NA,NA,NA,NA,NA,NA,NA,0.00,NA,NA,NA
2025-02-14 00:00:00,55.53,138.99,2.38,17.12,11.04,NA,NA,0.26,23.86,0.00,0.00,0.00,NA,NA,NA,NA,NA,NA,NA,NA,0.00,NA,NA,NA
2025-02-14 01:00:00,35.17,119.46,1.41,18.71,11.10,NA,NA,0.28,20.16,0.00,0.00,0.00,NA,NA,NA,NA,NA,NA,NA,NA,0.00,NA,NA,NA
2025-02-14 02:00:00,38.29,113.56,2.61,16.55,10.92,NA,NA,0.21,22.03,0.00,0.00,0.00,NA,NA,NA,NA,NA,NA,NA,NA,0.00,NA,NA,NA
2025-02-14 03:00:00,56.51,120.85,2.01,13.48,8.80,NA,NA,0.23,27.05,0.00,0.00,0.00,NA,NA,NA,NA,NA,NA,NA,NA,0.00,NA,NA,NA
2025-02-14 04:00:00,36.01,114.12,1.45,16.34,9.87,NA,NA,0.22,16.12,0.00,0.00,0.00,NA,NA,NA,NA,NA,NA,NA,NA,0.00,NA,NA,NA
2025-02-14 05:00:00,41.85,95.95,2.78,12.47,8.89,NA,NA,0.22,20.90,0.00,0.00,0.00,NA,NA,NA,NA,NA,NA,NA,NA,0.00,NA,NA,NA
2025-02-14 06:00:00,49.31,109.81,1.99,13.87,9.00,NA,NA,0.24,19.57,0.00,0.00,0.00,NA,NA,NA,NA,NA,NA,NA,NA,0.00,NA,NA,NA
2025-02-14 07:00:00,40.31,105.90,2.81,17.93,11.82,NA,NA,0.28,11.87,0.00,0.00,0.00,NA,NA,NA,NA,NA,NA,NA,NA,0.00,NA,NA,NA
2025-02-14 08:00:00,42.95,124.26,6.58,19.19,15.56,NA,NA,0.28,19.17,0.00,0.00,0.00,NA,NA,NA,NA,NA,NA,NA,NA,0.00,NA,NA,NA
2025-02-14 09:00:00,60.17,171.87,3.04,12.97,9.38,NA,NA,0.26,47.58,0.00,0.00,0.00,NA,NA,NA,NA,NA,NA,NA,NA,0.00,NA,NA,NA
2025-02-14 10:00:00,44.94,190.27,2.44,10.52,7.58,NA,NA,0.25,60.07,0.00,0.00,0.00,NA,NA,NA,NA,NA,NA,NA,NA,0.00,NA,NA,NA
2025-02-14 11:00:00,48.45,182.82,1.88,8.51,6.06,NA,NA,0.21,71.25,0.00,0.00,0.00,NA,NA,NA,NA,NA,NA,NA,NA,0.00,NA,NA,NA
2025-02-14 12:00:00,53.17,158.37,0.76,7.12,3.40,NA,NA,0.22,78.56,0.00,0.00,0.00,NA,NA,NA,NA,NA,NA,NA,NA,0.00,NA,NA,NA
2025-02-14 13:00:00,27.02,113.44,1.79,4.06,3.61,NA,NA,0.16,72.78,0.00,0.00,0.00,NA,NA,NA,NA,NA,NA,NA,NA,0.00,NA,NA,NA
2025-02-14 14:00:00,32.78,128.63,2.86,4.51,3.21,NA,NA,0.12,74.77,0.00,0.00,0.00,NA,NA,NA,NA,NA,NA,NA,NA,0.00,NA,NA,NA
2025-02-14 15:00:00,54.63,146.34,2.90,5.78,5.37,NA,NA,0.16,68.39,0.00,0.00,0.00,NA,NA,NA,NA,NA,NA,NA,NA,0.00,NA,NA,NA
2025-02-14 16:00:00,37.10,133.38,3.68,6.72,6.57,NA,NA,0.27,85.54,0.00,0.00,0.00,NA,NA,NA,NA,NA,NA,NA,NA,0.00,NA,NA,NA
2025-02-14 17:00:00,43.40,133.23,3.87,10.45,8.70,NA,NA,0.30,75.94,0.00,0.00,0.00,NA,NA,NA,NA,NA,NA,NA,NA,0.00,NA,NA,NA
2025-02-14 18:00:00,50.20,135.63,2.10,18.03,11.30,NA,NA,0.31,48.06,0.00,0.00,0.00,NA,NA,NA,NA,NA,NA,NA,NA,0.00,NA,NA,NA
2025-02-14 19:00:00,17.27,101.10,3.52,25.94,16.65,NA,NA,0.39,21.17,0.00,0.00,0.00,NA,NA,NA,NA,NA,NA,NA,NA,0.00,NA,NA,NA
2025-02-14 20:00:00,35.15,128.79,12.53,30.49,26.40,NA,NA,0.51,13.88,0.00,0.00,0.00,NA,NA,NA,NA,NA,NA,NA,NA,0.00,NA,NA,NA
2025-02-14 21:00:00,47.87,151.69,14.27,31.08,28.12,NA,NA,0.61,12.78,0.00,0.00,0.00,NA,NA,NA,NA,NA,NA,NA,NA,0.00,NA,NA,NA
2025-02-14 22:00:00,40.06,142.78,23.57,29.07,34.62,NA,NA,0.60,13.18,0.00,0.00,0.00,NA,NA,NA,NA,NA,NA,NA,NA,0.00,NA,NA,NA
2025-02-14 23:00:00,77.88,194.51,23.07,25.77,32.46,NA,NA,0.65,14.17,0.00,0.00,0.00,NA,NA,NA,NA,NA,NA,NA,NA,0.00,NA,NA,NA
2025-02-15 00:00:00,93.98,232.15,31.76,23.04,38.06,NA,NA,0.75,12.31,0.00,0.00,0.00,NA,NA,NA,NA,NA,NA,NA,NA,0.00,NA,NA,NA
2025-02-15 01:00:00,72.60,209.27,35.69,21.58,40.50,NA,NA,0.69,11.44,0.00,0.00,0.00,NA,NA,NA,NA,NA,NA,NA,NA,0.00,NA,NA,NA
2025-02-15 02:00:00,85.71,189.69,32.45,20.67,37.36,NA,NA,0.64,13.12,0.00,0.00,0.00,NA,NA,NA,NA,NA,NA,NA,NA,0.00,NA,NA,NA
2025-02-15 03:00:00,86.28,190.76,37.08,18.55,40.02,NA,NA,0.63,10.62,0.00,0.00,0.00,NA,NA,NA,NA,NA,NA,NA,NA,0.00,NA,NA,NA
2025-02-15 04:00:00,62.06,153.89,25.45,20.05,31.37,NA,NA,0.51,10.87,0.00,0.00,0.00,NA,NA,NA,NA,NA,NA,NA,NA,0.00,NA,NA,NA
2025-02-15 05:00:00,67.15,135.22,18.76,19.28,25.52,NA,NA,0.44,11.83,0.00,0.00,0.00,NA,NA,NA,NA,NA,NA,NA,NA,0.00,NA,NA,NA
2025-02-15 06:00:00,66.50,133.40,20.98,17.41,26.31,NA,NA,0.43,13.38,0.00,0.00,0.00,NA,NA,NA,NA,NA,NA,NA,NA,0.00,NA,NA,NA
2025-02-15 07:00:00,50.88,136.05,31.06,17.41,34.50,NA,NA,0.53,12.60,0.00,0.00,0.00,NA,NA,NA,NA,NA,NA,NA,NA,0.00,NA,NA,NA
2025-02-15 08:00:00,48.75,149.90,32.05,22.14,37.86,NA,NA,0.54,12.90,0.00,0.00,0.00,NA,NA,NA,NA,NA,NA,NA,NA,0.00,NA,NA,NA
2025-02-15 09:00:00,66.56,198.27,14.07,23.24,23.82,NA,NA,0.45,36.71,0.00,0.00,0.00,NA,NA,NA,NA,NA,NA,NA,NA,0.00,NA,NA,NA
2025-02-15 10:00:00,69.14,193.03,9.28,22.84,19.69,NA,NA,0.49,54.51,0.00,0.00,0.00,NA,NA,NA,NA,NA,NA,NA,NA,0.00,NA,NA,NA
2025-02-15 11:00:00,79.23,232.59,8.57,19.83,17.52,NA,NA,0.45,70.29,0.00,0.00,0.00,NA,NA,NA,NA,NA,NA,NA,NA,0.00,NA,NA,NA
2025-02-15 12:00:00,66.81,187.14,4.79,11.54,10.03,NA,NA,0.40,102.39,0.00,0.00,0.00,NA,NA,NA,NA,NA,NA,NA,NA,0.00,NA,NA,NA
2025-02-15 13:00:00,64.49,201.59,3.77,10.60,8.71,NA,NA,0.41,116.09,0.00,0.00,0.00,NA,NA,NA,NA,NA,NA,NA,NA,0.00,NA,NA,NA
2025-02-15 14:00:00,67.97,204.12,4.74,11.13,9.77,NA,NA,0.36,118.80,0.00,0.00,0.00,NA,NA,NA,NA,NA,NA,NA,NA,0.00,NA,NA,NA
2025-02-15 15:00:00,88.59,199.45,3.43,9.25,7.71,NA,NA,0.36,115.07,0.00,0.00,0.00,NA,NA,NA,NA,NA,NA,NA,NA,0.00,NA,NA,NA
2025-02-15 16:00:00,69.24,146.82,2.83,8.93,7.04,NA,NA,0.35,104.64,0.00,0.00,0.00,NA,NA,NA,NA,NA,NA,NA,NA,0.00,NA,NA,NA
2025-02-15 17:00:00,64.96,164.87,4.76,16.64,12.70,NA,NA,0.40,67.56,0.00,0.00,0.00,NA,NA,NA,NA,NA,NA,NA,NA,0.00,NA,NA,NA
2025-02-15 18:00:00,84.44,184.33,28.15,35.02,41.49,NA,NA,0.69,14.54,0.00,0.00,0.00,NA,NA,NA,NA,NA,NA,NA,NA,0.00,NA,NA,NA
2025-02-15 19:00:00,43.16,166.14,31.86,32.41,43.13,NA,NA,0.68,12.14,0.00,0.00,0.00,NA,NA,NA,NA,NA,NA,NA,NA,0.00,NA,NA,NA
2025-02-15 20:00:00,58.85,174.39,58.65,29.69,63.44,NA,NA,0.91,13.31,0.00,0.00,0.00,NA,NA,NA,NA,NA,NA,NA,NA,0.00,NA,NA,NA
2025-02-15 21:00:00,80.58,198.07,80.03,25.81,78.75,NA,NA,1.10,13.45,0.00,0.00,0.00,NA,NA,NA,NA,NA,NA,NA,NA,0.00,NA,NA,NA
2025-02-15 22:00:00,74.34,222.46,114.33,22.91,105.12,NA,NA,1.34,12.38,0.00,0.00,0.00,NA,NA,NA,NA,NA,NA,NA,NA,0.00,NA,NA,NA
2025-02-15 23:00:00,93.24,239.73,141.85,15.66,123.62,NA,NA,1.51,12.69,0.00,0.00,0.00,NA,NA,NA,NA,NA,NA,NA,NA,0.00,NA,NA,NA
2025-02-16 00:00:00,114.08,310.34,160.31,12.21,136.82,NA,NA,1.71,12.66,0.00,0.00,0.00,NA,NA,NA,NA,NA,NA,NA,NA,0.00,NA,NA,NA
2025-02-16 01:00:00,116.05,318.81,160.71,12.81,137.48,NA,NA,1.77,12.16,0.00,0.00,0.00,NA,NA,NA,NA,NA,NA,NA,NA,0.00,NA,NA,NA
2025-02-16 02:00:00,141.58,329.04,147.75,12.44,126.77,NA,NA,1.71,12.68,0.00,0.00,0.00,NA,NA,NA,NA,NA,NA,NA,NA,0.00,NA,NA,NA
2025-02-16 03:00:00,176.31,353.33,117.47,9.51,100.59,NA,NA,1.51,12.47,0.00,0.00,0.00,NA,NA,NA,NA,NA,NA,NA,NA,0.00,NA,NA,NA
2025-02-16 04:00:00,177.66,351.80,95.09,8.72,81.96,NA,NA,1.32,11.81,0.00,0.00,0.00,NA,NA,NA,NA,NA,NA,NA,NA,0.00,NA,NA,NA
2025-02-16 05:00:00,185.74,321.40,85.29,7.59,73.40,NA,NA,1.23,14.63,0.00,0.00,0.00,NA,NA,NA,NA,NA,NA,NA,NA,0.00,NA,NA,NA
2025-02-16 06:00:00,171.56,295.25,79.09,5.24,67.09,NA,NA,1.16,13.65,0.00,0.00,0.00,NA,NA,NA,NA,NA,NA,NA,NA,0.00,NA,NA,NA
2025-02-16 07:00:00,182.08,292.34,84.63,3.95,70.90,NA,NA,1.17,14.53,0.00,0.00,0.00,NA,NA,NA,NA,NA,NA,NA,NA,0.00,NA,NA,NA
2025-02-16 08:00:00,177.67,279.22,93.00,7.52,79.60,NA,NA,1.24,18.43,0.00,0.00,0.00,NA,NA,NA,NA,NA,NA,NA,NA,0.00,NA,NA,NA
2025-02-16 09:00:00,168.64,315.73,48.26,32.48,56.57,NA,NA,1.02,21.52,0.00,0.00,0.00,NA,NA,NA,NA,NA,NA,NA,NA,0.00,NA,NA,NA
2025-02-16 10:00:00,137.75,354.11,28.33,39.08,43.83,NA,NA,0.80,60.98,0.00,0.00,0.00,NA,NA,NA,NA,NA,NA,NA,NA,0.00,NA,NA,NA
2025-02-16 11:00:00,144.56,316.66,19.74,21.72,27.61,NA,NA,0.64,91.13,0.00,0.00,0.00,NA,NA,NA,NA,NA,NA,NA,NA,0.00,NA,NA,NA
2025-02-16 12:00:00,73.51,179.14,12.49,13.32,17.25,NA,NA,0.51,103.62,0.00,0.00,0.00,NA,NA,NA,NA,NA,NA,NA,NA,0.00,NA,NA,NA
2025-02-16 13:00:00,57.11,135.45,9.70,11.34,13.92,NA,NA,0.45,117.08,0.00,0.00,0.00,NA,NA,NA,NA,NA,NA,NA,NA,0.00,NA,NA,NA
2025-02-16 14:00:00,79.08,166.18,6.23,11.00,10.92,NA,NA,0.42,129.68,0.00,0.00,0.00,NA,NA,NA,NA,NA,NA,NA,NA,0.00,NA,NA,NA
2025-02-16 15:00:00,69.48,154.57,3.94,9.05,8.02,NA,NA,0.38,133.92,0.00,0.00,0.00,NA,NA,NA,NA,NA,NA,NA,NA,0.00,NA,NA,NA
2025-02-16 16:00:00,61.15,139.32,3.33,11.97,9.07,NA,NA,0.35,101.41,0.00,0.00,0.00,NA,NA,NA,NA,NA,NA,NA,NA,0.00,NA,NA,NA
2025-02-16 17:00:00,55.87,131.10,3.69,15.87,11.43,NA,NA,0.38,59.51,0.00,0.00,0.00,NA,NA,NA,NA,NA,NA,NA,NA,0.00,NA,NA,NA
2025-02-16 18:00:00,44.61,145.58,8.19,35.07,25.31,NA,NA,0.52,16.72,0.00,0.00,0.00,NA,NA,NA,NA,NA,NA,NA,NA,0.00,NA,NA,NA
2025-02-16 19:00:00,65.40,163.87,5.37,23.68,16.97,NA,NA,0.46,35.67,0.00,0.00,0.00,NA,NA,NA,NA,NA,NA,NA,NA,0.00,NA,NA,NA
2025-02-16 20:00:00,96.83,213.21,7.59,21.06,17.35,NA,NA,0.51,28.06,0.00,0.00,0.00,NA,NA,NA,NA,NA,NA,NA,NA,0.00,NA,NA,NA
2025-02-16 21:00:00,87.80,194.33,17.38,27.86,28.95,NA,NA,0.66,11.69,0.00,0.00,0.00,NA,NA,NA,NA,NA,NA,NA,NA,0.00,NA,NA,NA
2025-02-16 22:00:00,76.75,174.20,33.32,24.29,39.99,NA,NA,0.67,12.25,0.00,0.00,0.00,NA,NA,NA,NA,NA,NA,NA,NA,0.00,NA,NA,NA
2025-02-16 23:00:00,84.48,175.54,34.19,21.10,39.03,NA,NA,0.71,12.83,0.00,0.00,0.00,NA,NA,NA,NA,NA,NA,NA,NA,0.00,NA,NA,NA
2025-02-17 00:00:00,79.55,157.76,42.63,15.76,43.04,NA,NA,0.71,11.32,0.00,0.00,0.00,NA,NA,NA,NA,NA,NA,NA,NA,0.00,NA,NA,NA
2025-02-17 01:00:00,97.81,183.67,43.14,14.07,42.55,NA,NA,0.69,11.36,0.00,0.00,0.00,NA,NA,NA,NA,NA,NA,NA,NA,0.00,NA,NA,NA
2025-02-17 02:00:00,96.96,165.94,46.66,10.11,43.31,NA,NA,0.73,12.34,0.00,0.00,0.00,NA,NA,NA,NA,NA,NA,NA,NA,0.00,NA,NA,NA
2025-02-17 03:00:00,71.95,135.51,46.94,8.13,42.49,NA,NA,0.73,10.69,0.00,0.00,0.00,NA,NA,NA,NA,NA,NA,NA,NA,0.00,NA,NA,NA
2025-02-17 04:00:00,80.03,143.52,51.92,4.97,44.85,NA,NA,0.71,11.99,0.00,0.00,0.00,NA,NA,NA,NA,NA,NA,NA,NA,0.00,NA,NA,NA
2025-02-17 05:00:00,87.70,140.30,52.45,3.90,44.73,NA,NA,0.69,12.28,0.00,0.00,0.00,NA,NA,NA,NA,NA,NA,NA,NA,0.00,NA,NA,NA
2025-02-17 06:00:00,62.91,110.19,46.56,5.37,40.72,NA,NA,0.63,11.14,0.00,0.00,0.00,NA,NA,NA,NA,NA,NA,NA,NA,0.00,NA,NA,NA
2025-02-17 07:00:00,69.97,146.37,48.87,5.13,42.43,NA,NA,0.65,14.47,0.00,0.00,0.00,NA,NA,NA,NA,NA,NA,NA,NA,0.00,NA,NA,NA
2025-02-17 08:00:00,80.40,191.21,59.56,12.18,54.93,NA,NA,0.74,16.74,0.00,0.00,0.00,NA,NA,NA,NA,NA,NA,NA,NA,0.00,NA,NA,NA
2025-02-17 09:00:00,63.13,217.59,31.05,31.49,42.01,NA,NA,0.57,18.14,0.00,0.00,0.00,NA,NA,NA,NA,NA,NA,NA,NA,0.00,NA,NA,NA
2025-02-17 10:00:00,92.96,267.91,23.60,39.00,39.95,NA,NA,0.54,37.63,0.00,0.00,0.00,NA,NA,NA,NA,NA,NA,NA,NA,0.00,NA,NA,NA
2025-02-17 11:00:00,79.66,222.05,14.52,21.52,23.26,NA,NA,0.38,62.81,0.00,0.00,0.00,NA,NA,NA,NA,NA,NA,NA,NA,0.00,NA,NA,NA
2025-02-17 12:00:00,40.48,169.56,10.24,15.32,16.47,NA,NA,0.32,84.46,0.00,0.00,0.00,NA,NA,NA,NA,NA,NA,NA,NA,0.00,NA,NA,NA
2025-02-17 13:00:00,55.37,148.82,7.64,16.65,15.07,NA,NA,0.28,101.61,0.00,0.00,0.00,NA,NA,NA,NA,NA,NA,NA,NA,0.00,NA,NA,NA
2025-02-17 14:00:00,75.29,158.49,4.13,10.78,9.10,NA,NA,0.27,120.67,0.00,0.00,0.00,NA,NA,NA,NA,NA,NA,NA,NA,0.00,NA,NA,NA
2025-02-17 15:00:00,51.56,148.59,2.74,8.63,6.82,NA,NA,0.24,137.36,0.00,0.00,0.00,NA,NA,NA,NA,NA,NA,NA,NA,0.00,NA,NA,NA
2025-02-17 16:00:00,77.16,189.19,3.01,8.43,6.93,NA,NA,0.23,135.25,0.00,0.00,0.00,NA,NA,NA,NA,NA,NA,NA,NA,0.00,NA,NA,NA
2025-02-17 17:00:00,65.59,173.86,2.53,15.80,10.45,NA,NA,0.28,84.03,0.00,0.00,0.00,NA,NA,NA,NA,NA,NA,NA,NA,0.00,NA,NA,NA
2025-02-17 18:00:00,62.53,182.64,13.73,41.97,33.45,NA,NA,0.49,19.20,0.00,0.00,0.00,NA,NA,NA,NA,NA,NA,NA,NA,0.00,NA,NA,NA
2025-02-17 19:00:00,66.00,193.22,33.84,38.09,47.77,NA,NA,0.70,14.40,0.00,0.00,0.00,NA,NA,NA,NA,NA,NA,NA,NA,0.00,NA,NA,NA
2025-02-17 20:00:00,53.86,177.37,62.80,33.22,68.70,NA,NA,0.90,12.00,0.00,0.00,0.00,NA,NA,NA,NA,NA,NA,NA,NA,0.00,NA,NA,NA
2025-02-17 21:00:00,53.06,183.30,83.80,26.22,82.05,NA,NA,1.04,12.28,0.00,0.00,0.00,NA,NA,NA,NA,NA,NA,NA,NA,0.00,NA,NA,NA
2025-02-17 22:00:00,69.10,186.90,105.28,18.73,95.56,NA,NA,1.17,12.89,0.00,0.00,0.00,NA,NA,NA,NA,NA,NA,NA,NA,0.00,NA,NA,NA
2025-02-17 23:00:00,73.89,239.32,87.96,18.34,81.29,NA,NA,1.09,11.32,0.00,0.00,0.00,NA,NA,NA,NA,NA,NA,NA,NA,0.00,NA,NA,NA
2025-02-18 00:00:00,81.76,221.25,67.63,20.32,65.81,NA,NA,1.03,12.54,0.00,0.00,0.00,NA,NA,NA,NA,NA,NA,NA,NA,0.00,NA,NA,NA
2025-02-18 01:00:00,111.44,235.20,66.02,17.45,62.95,NA,NA,1.01,12.78,0.00,0.00,0.00,NA,NA,NA,NA,NA,NA,NA,NA,0.00,NA,NA,NA
2025-02-18 02:00:00,95.34,196.55,59.81,16.40,57.36,NA,NA,0.90,11.43,0.00,0.00,0.00,NA,NA,NA,NA,NA,NA,NA,NA,0.00,NA,NA,NA
2025-02-18 03:00:00,83.04,171.57,54.55,14.78,52.22,NA,NA,0.79,11.04,0.00,0.00,0.00,NA,NA,NA,NA,NA,NA,NA,NA,0.00,NA,NA,NA
2025-02-18 04:00:00,91.76,159.93,40.06,15.08,40.60,NA,NA,0.66,12.19,0.00,0.00,0.00,NA,NA,NA,NA,NA,NA,NA,NA,0.00,NA,NA,NA
2025-02-18 05:00:00,68.33,128.17,33.79,13.00,34.38,NA,NA,0.58,10.65,0.00,0.00,0.00,NA,NA,NA,NA,NA,NA,NA,NA,0.00,NA,NA,NA
2025-02-18 06:00:00,68.68,159.78,45.45,11.29,42.95,NA,NA,0.62,12.66,0.00,0.00,0.00,NA,NA,NA,NA,NA,NA,NA,NA,0.00,NA,NA,NA
2025-02-18 07:00:00,83.53,180.95,57.05,7.95,50.62,NA,NA,0.65,13.87,0.00,0.00,0.00,NA,NA,NA,NA,NA,NA,NA,NA,0.00,NA,NA,NA
2025-02-18 08:00:00,66.74,191.84,64.69,16.60,61.41,NA,NA,0.70,10.70,0.00,0.00,0.00,NA,NA,NA,NA,NA,NA,NA,NA,0.00,NA,NA,NA
2025-02-18 09:00:00,96.85,265.33,53.75,31.28,60.36,NA,NA,0.69,12.33,0.00,0.00,0.00,NA,NA,NA,NA,NA,NA,NA,NA,0.00,NA,NA,NA
2025-02-18 10:00:00,107.22,282.50,13.37,30.67,27.22,NA,NA,0.47,32.16,0.00,0.00,0.00,NA,NA,NA,NA,NA,NA,NA,NA,0.00,NA,NA,NA
2025-02-18 11:00:00,68.35,243.81,5.50,16.75,13.38,NA,NA,0.31,63.25,0.00,0.00,0.00,NA,NA,NA,NA,NA,NA,NA,NA,0.00,NA,NA,NA
2025-02-18 12:00:00,87.03,177.10,6.15,10.20,10.43,NA,NA,0.36,82.81,0.00,0.00,0.00,NA,NA,NA,NA,NA,NA,NA,NA,0.00,NA,NA,NA
2025-02-18 13:00:00,67.17,128.51,3.81,4.51,5.50,NA,NA,0.13,75.71,0.00,0.00,0.00,NA,NA,NA,NA,NA,NA,NA,NA,0.00,NA,NA,NA
2025-02-18 14:00:00,30.35,75.88,5.70,3.43,6.45,NA,NA,0.09,80.66,0.00,0.00,0.00,NA,NA,NA,NA,NA,NA,NA,NA,0.00,NA,NA,NA
2025-02-18 15:00:00,36.02,99.31,5.88,3.15,6.46,NA,NA,0.09,90.34,0.00,0.00,0.00,NA,NA,NA,NA,NA,NA,NA,NA,0.00,NA,NA,NA
2025-02-18 16:00:00,37.90,90.49,3.56,3.01,4.50,NA,NA,0.09,78.88,0.00,0.00,0.00,NA,NA,NA,NA,NA,NA,NA,NA,0.00,NA,NA,NA
2025-02-18 17:00:00,24.61,74.53,5.54,9.43,9.52,NA,NA,0.15,65.92,0.00,0.00,0.00,NA,NA,NA,NA,NA,NA,NA,NA,0.00,NA,NA,NA
2025-02-18 18:00:00,46.79,118.67,14.07,24.17,24.26,NA,NA,0.32,22.24,0.00,0.00,0.00,NA,NA,NA,NA,NA,NA,NA,NA,0.00,NA,NA,NA
2025-02-18 19:00:00,31.55,123.93,40.12,24.85,45.82,NA,NA,0.53,13.29,0.00,0.00,0.00,NA,NA,NA,NA,NA,NA,NA,NA,0.00,NA,NA,NA
2025-02-18 20:00:00,25.65,134.32,63.92,21.93,63.60,NA,NA,0.70,13.25,0.00,0.00,0.00,NA,NA,NA,NA,NA,NA,NA,NA,0.00,NA,NA,NA
2025-02-18 21:00:00,49.09,171.85,90.74,18.28,83.48,NA,NA,0.96,14.62,0.00,0.00,0.00,NA,NA,NA,NA,NA,NA,NA,NA,0.00,NA,NA,NA
2025-02-18 22:00:00,70.07,202.25,76.44,19.08,72.32,NA,NA,0.99,12.28,0.00,0.00,0.00,NA,NA,NA,NA,NA,NA,NA,NA,0.00,NA,NA,NA
2025-02-18 23:00:00,71.66,228.91,71.93,17.12,67.59,NA,NA,1.04,13.26,0.00,0.00,0.00,NA,NA,NA,NA,NA,NA,NA,NA,0.00,NA,NA,NA
2025-02-19 00:00:00,95.01,229.48,75.12,13.19,68.08,NA,NA,1.04,13.84,0.00,0.00,0.00,NA,NA,NA,NA,NA,NA,NA,NA,0.00,NA,NA,NA
2025-02-19 01:00:00,85.37,198.78,76.04,9.84,67.04,NA,NA,1.04,11.31,0.00,0.00,0.00,NA,NA,NA,NA,NA,NA,NA,NA,0.00,NA,NA,NA
2025-02-19 02:00:00,75.64,168.43,73.00,9.48,64.40,NA,NA,0.90,11.35,0.00,0.00,0.00,NA,NA,NA,NA,NA,NA,NA,NA,0.00,NA,NA,NA
2025-02-19 03:00:00,81.69,171.13,69.07,7.25,60.02,NA,NA,0.81,12.66,0.00,0.00,0.00,NA,NA,NA,NA,NA,NA,NA,NA,0.00,NA,NA,NA
2025-02-19 04:00:00,78.00,151.30,59.82,6.38,52.03,NA,NA,0.72,10.89,0.00,0.00,0.00,NA,NA,NA,NA,NA,NA,NA,NA,0.00,NA,NA,NA
2025-02-19 05:00:00,63.84,128.82,52.98,5.49,46.01,NA,NA,0.64,11.57,0.00,0.00,0.00,NA,NA,NA,NA,NA,NA,NA,NA,0.00,NA,NA,NA
2025-02-19 06:00:00,86.01,156.17,48.62,4.38,41.87,NA,NA,0.60,14.16,0.00,0.00,0.00,NA,NA,NA,NA,NA,NA,NA,NA,0.00,NA,NA,NA
2025-02-19 07:00:00,60.43,142.32,45.22,7.10,40.52,NA,NA,0.60,13.63,0.00,0.00,0.00,NA,NA,NA,NA,NA,NA,NA,NA,0.00,NA,NA,NA
2025-02-19 08:00:00,59.22,176.82,43.06,19.74,45.53,NA,NA,0.58,15.19,0.00,0.00,0.00,NA,NA,NA,NA,NA,NA,NA,NA,0.00,NA,NA,NA
2025-02-19 09:00:00,67.61,202.81,22.81,19.86,29.12,NA,NA,0.45,30.98,0.00,0.00,0.00,NA,NA,NA,NA,NA,NA,NA,NA,0.00,NA,NA,NA
2025-02-19 10:00:00,60.71,173.86,16.68,13.55,20.77,NA,NA,0.40,53.96,0.00,0.00,0.00,NA,NA,NA,NA,NA,NA,NA,NA,0.00,NA,NA,NA
2025-02-19 11:00:00,59.01,167.05,12.78,10.58,16.03,NA,NA,0.35,83.96,0.00,0.00,0.00,NA,NA,NA,NA,NA,NA,NA,NA,0.00,NA,NA,NA
2025-02-19 12:00:00,67.83,174.47,7.24,7.42,9.84,NA,NA,0.32,101.90,0.00,0.00,0.00,NA,NA,NA,NA,NA,NA,NA,NA,0.00,NA,NA,NA
2025-02-19 13:00:00,35.61,136.73,6.83,5.70,8.59,NA,NA,0.28,100.67,0.00,0.00,0.00,NA,NA,NA,NA,NA,NA,NA,NA,0.00,NA,NA,NA
2025-02-19 14:00:00,42.92,133.96,7.47,4.83,8.64,NA,NA,0.25,104.96,0.00,0.00,0.00,NA,NA,NA,NA,NA,NA,NA,NA,0.00,NA,NA,NA
2025-02-19 15:00:00,52.46,127.69,4.64,4.72,6.29,NA,NA,0.22,97.90,0.00,0.00,0.00,NA,NA,NA,NA,NA,NA,NA,NA,0.00,NA,NA,NA
2025-02-19 16:00:00,31.56,88.55,5.10,5.19,6.91,NA,NA,0.23,91.99,0.00,0.00,0.00,NA,NA,NA,NA,NA,NA,NA,NA,0.00,NA,NA,NA
2025-02-19 17:00:00,43.66,105.70,6.59,13.05,12.30,NA,NA,0.30,55.73,0.00,0.00,0.00,NA,NA,NA,NA,NA,NA,NA,NA,0.00,NA,NA,NA
2025-02-19 18:00:00,56.17,146.36,16.63,30.43,29.69,NA,NA,0.52,16.25,0.00,0.00,0.00,NA,NA,NA,NA,NA,NA,NA,NA,0.00,NA,NA,NA
2025-02-19 19:00:00,34.54,132.40,21.08,32.08,34.19,NA,NA,0.54,12.27,0.00,0.00,0.00,NA,NA,NA,NA,NA,NA,NA,NA,0.00,NA,NA,NA
2025-02-19 20:00:00,56.69,181.65,28.74,29.63,39.13,NA,NA,0.68,13.43,0.00,0.00,0.00,NA,NA,NA,NA,NA,NA,NA,NA,0.00,NA,NA,NA
2025-02-19 21:00:00,75.87,223.69,23.65,30.05,35.22,NA,NA,0.71,12.60,0.00,0.00,0.00,NA,NA,NA,NA,NA,NA,NA,NA,0.00,NA,NA,NA
2025-02-19 22:00:00,66.66,291.98,12.75,26.33,24.37,NA,NA,0.57,15.81,0.00,0.00,0.00,NA,NA,NA,NA,NA,NA,NA,NA,0.00,NA,NA,NA
2025-02-19 23:00:00,72.27,237.09,12.93,26.08,24.39,NA,NA,0.53,13.79,0.00,0.00,0.00,NA,NA,NA,NA,NA,NA,NA,NA,0.00,NA,NA,NA
2025-02-20 00:00:00,73.91,189.60,13.35,23.17,23.16,NA,NA,0.53,12.85,0.00,0.00,0.00,NA,NA,NA,NA,NA,NA,NA,NA,0.00,NA,NA,NA
2025-02-20 01:00:00,59.99,168.58,23.20,22.67,30.92,NA,NA,0.52,12.29,0.00,0.00,0.00,NA,NA,NA,NA,NA,NA,NA,NA,0.00,NA,NA,NA
2025-02-20 02:00:00,53.36,186.17,19.69,20.78,27.07,NA,NA,0.46,12.59,0.00,0.00,0.00,NA,NA,NA,NA,NA,NA,NA,NA,0.00,NA,NA,NA
2025-02-20 03:00:00,48.69,139.78,15.05,18.61,22.13,NA,NA,0.42,11.33,0.00,0.00,0.00,NA,NA,NA,NA,NA,NA,NA,NA,0.00,NA,NA,NA
2025-02-20 04:00:00,29.38,107.99,15.29,16.42,21.17,NA,NA,0.39,11.64,0.00,0.00,0.00,NA,NA,NA,NA,NA,NA,NA,NA,0.00,NA,NA,NA
2025-02-20 05:00:00,43.50,105.97,10.48,10.28,13.99,NA,NA,0.35,15.14,0.00,0.00,0.00,NA,NA,NA,NA,NA,NA,NA,NA,0.00,NA,NA,NA
2025-02-20 06:00:00,36.08,77.63,8.14,10.53,12.22,NA,NA,0.35,12.37,0.00,0.00,0.00,NA,NA,NA,NA,NA,NA,NA,NA,0.00,NA,NA,NA
2025-02-20 07:00:00,25.35,51.02,16.52,10.15,18.82,NA,NA,0.38,12.89,0.00,0.00,0.00,NA,NA,NA,NA,NA,NA,NA,NA,0.00,NA,NA,NA
2025-02-20 08:00:00,42.73,69.05,22.58,14.49,26.07,NA,NA,0.48,20.43,0.00,0.00,0.00,NA,NA,NA,NA,NA,NA,NA,NA,0.00,NA,NA,NA
2025-02-20 09:00:00,67.78,147.72,13.00,22.38,22.48,NA,NA,0.49,64.84,0.00,0.00,0.00,NA,NA,NA,NA,NA,NA,NA,NA,0.00,NA,NA,NA
2025-02-20 10:00:00,92.10,201.43,10.51,15.11,16.59,NA,NA,0.42,43.31,0.00,0.00,0.00,NA,NA,NA,NA,NA,NA,NA,NA,0.00,NA,NA,NA
2025-02-20 11:00:00,61.33,137.19,7.49,9.02,10.90,NA,NA,0.33,55.98,0.00,0.00,0.00,NA,NA,NA,NA,NA,NA,NA,NA,0.00,NA,NA,NA
2025-02-20 12:00:00,42.71,108.69,5.69,6.48,8.07,NA,NA,0.27,65.57,0.00,0.00,0.00,NA,NA,NA,NA,NA,NA,NA,NA,0.00,NA,NA,NA
2025-02-20 13:00:00,31.36,91.42,6.61,3.73,7.36,NA,NA,0.22,76.41,0.00,0.00,0.00,NA,NA,NA,NA,NA,NA,NA,NA,0.00,NA,NA,NA
2025-02-20 14:00:00,45.14,111.26,5.16,3.14,5.87,NA,NA,0.22,81.21,0.00,0.00,0.00,NA,NA,NA,NA,NA,NA,NA,NA,0.00,NA,NA,NA
2025-02-20 15:00:00,26.79,86.97,5.42,2.85,5.92,NA,NA,0.21,77.07,0.00,0.00,0.00,NA,NA,NA,NA,NA,NA,NA,NA,0.00,NA,NA,NA
2025-02-20 16:00:00,32.27,84.24,6.85,3.28,7.32,NA,NA,0.20,75.74,0.00,0.00,0.00,NA,NA,NA,NA,NA,NA,NA,NA,0.00,NA,NA,NA
2025-02-20 17:00:00,47.63,92.65,4.92,5.43,6.89,NA,NA,0.26,69.49,0.00,0.00,0.00,NA,NA,NA,NA,NA,NA,NA,NA,0.00,NA,NA,NA
2025-02-20 18:00:00,22.45,86.40,6.15,10.73,10.70,NA,NA,0.28,48.28,0.00,0.00,0.00,NA,NA,NA,NA,NA,NA,NA,NA,0.00,NA,NA,NA
2025-02-20 19:00:00,31.19,103.86,7.70,13.72,13.56,NA,NA,0.32,35.83,0.00,0.00,0.00,NA,NA,NA,NA,NA,NA,NA,NA,0.00,NA,NA,NA
2025-02-20 20:00:00,66.94,157.02,5.27,11.68,10.50,NA,NA,0.33,43.13,0.00,0.00,0.00,NA,NA,NA,NA,NA,NA,NA,NA,0.00,NA,NA,NA
2025-02-20 21:00:00,38.25,113.11,6.86,12.46,12.20,NA,NA,0.39,38.45,0.00,0.00,0.00,NA,NA,NA,NA,NA,NA,NA,NA,0.00,NA,NA,NA
2025-02-20 22:00:00,52.16,140.53,7.70,17.79,15.72,NA,NA,0.41,25.20,0.00,0.00,0.00,NA,NA,NA,NA,NA,NA,NA,NA,0.00,NA,NA,NA
2025-02-20 23:00:00,80.85,149.63,5.31,16.68,13.19,NA,NA,0.42,22.42,0.00,0.00,0.00,NA,NA,NA,NA,NA,NA,NA,NA,0.00,NA,NA,NA
2025-02-21 00:00:00,60.21,122.72,10.50,20.26,19.31,NA,NA,0.42,14.59,0.00,0.00,0.00,NA,NA,NA,NA,NA,NA,NA,NA,0.00,NA,NA,NA
2025-02-21 01:00:00,76.23,142.43,12.63,19.10,20.43,NA,NA,0.39,13.05,0.00,0.00,0.00,NA,NA,NA,NA,NA,NA,NA,NA,0.00,NA,NA,NA
2025-02-21 02:00:00,73.29,142.15,8.85,16.90,16.19,NA,NA,0.36,12.64,0.00,0.00,0.00,NA,NA,NA,NA,NA,NA,NA,NA,0.00,NA,NA,NA
2025-02-21 03:00:00,37.65,99.71,8.78,15.72,15.50,NA,NA,0.31,12.17,0.00,0.00,0.00,NA,NA,NA,NA,NA,NA,NA,NA,0.00,NA,NA,NA
2025-02-21 04:00:00,55.78,111.68,12.05,12.82,16.61,NA,NA,0.31,12.91,0.00,0.00,0.00,NA,NA,NA,NA,NA,NA,NA,NA,0.00,NA,NA,NA
2025-02-21 05:00:00,62.31,117.64,15.09,8.83,16.97,NA,NA,0.33,11.94,0.00,0.00,0.00,NA,NA,NA,NA,NA,NA,NA,NA,0.00,NA,NA,NA
2025-02-21 06:00:00,41.84,87.11,18.69,8.75,19.84,NA,NA,0.35,11.58,0.00,0.00,0.00,NA,NA,NA,NA,NA,NA,NA,NA,0.00,NA,NA,NA
2025-02-21 07:00:00,52.19,100.67,24.91,6.27,23.57,NA,NA,0.41,14.93,0.00,0.00,0.00,NA,NA,NA,NA,NA,NA,NA,NA,0.00,NA,NA,NA
2025-02-21 08:00:00,62.80,116.47,34.80,11.92,34.63,NA,NA,0.54,14.23,0.00,0.00,0.00,NA,NA,NA,NA,NA,NA,NA,NA,0.00,NA,NA,NA
2025-02-21 09:00:00,52.81,174.87,16.79,20.97,24.81,NA,NA,0.45,21.00,0.00,0.00,0.00,NA,NA,NA,NA,NA,NA,NA,NA,0.00,NA,NA,NA
2025-02-21 10:00:00,70.25,200.84,11.49,13.75,16.67,NA,NA,0.38,48.71,0.00,0.00,0.00,NA,NA,NA,NA,NA,NA,NA,NA,0.00,NA,NA,NA
2025-02-21 11:00:00,61.12,147.82,7.00,9.54,10.77,NA,NA,0.33,72.53,0.00,0.00,0.00,NA,NA,NA,NA,NA,NA,NA,NA,0.00,NA,NA,NA
2025-02-21 12:00:00,53.12,156.45,7.09,7.45,9.73,NA,NA,0.32,95.74,0.00,0.00,0.00,NA,NA,NA,NA,NA,NA,NA,NA,0.00,NA,NA,NA
2025-02-21 13:00:00,96.50,201.29,5.89,9.92,10.07,NA,NA,0.37,110.67,0.00,0.00,0.00,NA,NA,NA,NA,NA,NA,NA,NA,0.00,NA,NA,NA
2025-02-21 14:00:00,95.15,243.46,4.76,8.01,8.13,NA,NA,0.37,108.70,0.00,0.00,0.00,NA,NA,NA,NA,NA,NA,NA,NA,0.00,NA,NA,NA
2025-02-21 15:00:00,70.88,185.70,6.61,5.52,8.31,NA,NA,0.34,102.79,0.00,0.00,0.00,NA,NA,NA,NA,NA,NA,NA,NA,0.00,NA,NA,NA
2025-02-21 16:00:00,84.52,163.93,5.49,4.58,6.90,NA,NA,0.34,88.98,0.00,0.00,0.00,NA,NA,NA,NA,NA,NA,NA,NA,0.00,NA,NA,NA
2025-02-21 17:00:00,72.77,131.48,4.50,7.50,7.65,NA,NA,0.34,75.42,0.00,0.00,0.00,NA,NA,NA,NA,NA,NA,NA,NA,0.00,NA,NA,NA
2025-02-21 18:00:00,75.36,135.04,6.13,12.79,11.78,NA,NA,0.38,56.93,0.00,0.00,0.00,NA,NA,NA,NA,NA,NA,NA,NA,0.00,NA,NA,NA
2025-02-21 19:00:00,81.74,147.91,4.99,19.02,14.17,NA,NA,0.43,35.28,0.00,0.00,0.00,NA,NA,NA,NA,NA,NA,NA,NA,0.00,NA,NA,NA
2025-02-21 20:00:00,72.46,153.30,5.19,20.99,15.38,NA,NA,0.48,20.98,0.00,0.00,0.00,NA,NA,NA,NA,NA,NA,NA,NA,0.00,NA,NA,NA
2025-02-21 21:00:00,70.81,169.93,6.68,19.07,15.57,NA,NA,0.49,15.97,0.00,0.00,0.00,NA,NA,NA,NA,NA,NA,NA,NA,0.00,NA,NA,NA
2025-02-21 22:00:00,91.34,152.37,5.13,14.85,12.08,NA,NA,0.48,17.20,0.00,0.00,0.00,NA,NA,NA,NA,NA,NA,NA,NA,0.00,NA,NA,NA
2025-02-21 23:00:00,52.06,120.07,4.96,13.15,11.03,NA,NA,0.46,16.41,0.00,0.00,0.00,NA,NA,NA,NA,NA,NA,NA,NA,0.00,NA,NA,NA
2025-02-22 00:00:00,50.97,133.07,6.15,8.62,9.58,NA,NA,0.37,23.26,0.00,0.00,0.00,NA,NA,NA,NA,NA,NA,NA,NA,0.00,NA,NA,NA
2025-02-22 01:00:00,84.93,133.47,4.43,8.00,7.86,NA,NA,0.37,20.42,0.00,0.00,0.00,NA,NA,NA,NA,NA,NA,NA,NA,0.00,NA,NA,NA
2025-02-22 02:00:00,50.82,95.50,4.85,7.96,8.17,NA,NA,0.34,17.07,0.00,0.00,0.00,NA,NA,NA,NA,NA,NA,NA,NA,0.00,NA,NA,NA
2025-02-22 03:00:00,55.34,96.69,5.92,5.53,7.76,NA,NA,0.30,20.66,0.00,0.00,0.00,NA,NA,NA,NA,NA,NA,NA,NA,0.00,NA,NA,NA
2025-02-22 04:00:00,58.02,97.00,3.86,5.06,5.83,NA,NA,0.33,17.74,0.00,0.00,0.00,NA,NA,NA,NA,NA,NA,NA,NA,0.00,NA,NA,NA
2025-02-22 05:00:00,32.81,74.93,4.98,7.09,7.82,NA,NA,0.32,15.20,0.00,0.00,0.00,NA,NA,NA,NA,NA,NA,NA,NA,0.00,NA,NA,NA
2025-02-22 06:00:00,46.22,77.97,5.82,5.58,7.70,NA,NA,0.28,20.40,0.00,0.00,0.00,NA,NA,NA,NA,NA,NA,NA,NA,0.00,NA,NA,NA
2025-02-22 07:00:00,48.40,85.22,4.51,7.25,7.52,NA,NA,0.32,19.83,0.00,0.00,0.00,NA,NA,NA,NA,NA,NA,NA,NA,0.00,NA,NA,NA
2025-02-22 08:00:00,27.71,70.00,6.39,6.54,8.67,NA,NA,0.32,24.83,0.00,0.00,0.00,NA,NA,NA,NA,NA,NA,NA,NA,0.00,NA,NA,NA
2025-02-22 09:00:00,43.55,95.34,7.09,7.69,9.86,NA,NA,0.32,34.91,0.00,0.00,0.00,NA,NA,NA,NA,NA,NA,NA,NA,0.00,NA,NA,NA
2025-02-22 10:00:00,70.80,128.37,3.97,6.20,6.52,NA,NA,0.34,57.17,0.00,0.00,0.00,NA,NA,NA,NA,NA,NA,NA,NA,0.00,NA,NA,NA
2025-02-22 11:00:00,44.50,134.65,4.90,4.09,6.16,NA,NA,0.32,73.78,0.00,0.00,0.00,NA,NA,NA,NA,NA,NA,NA,NA,0.00,NA,NA,NA
2025-02-22 12:00:00,55.89,146.54,5.15,3.35,5.98,NA,NA,0.31,86.03,0.00,0.00,0.00,NA,NA,NA,NA,NA,NA,NA,NA,0.00,NA,NA,NA
2025-02-22 13:00:00,55.48,128.26,3.24,3.06,4.26,NA,NA,0.33,88.28,0.00,0.00,0.00,NA,NA,NA,NA,NA,NA,NA,NA,0.00,NA,NA,NA
2025-02-22 14:00:00,29.99,93.16,4.99,2.60,5.44,NA,NA,0.28,90.51,0.00,0.00,0.00,NA,NA,NA,NA,NA,NA,NA,NA,0.00,NA,NA,NA
2025-02-22 15:00:00,39.12,103.32,5.11,1.70,5.06,NA,NA,0.25,85.88,0.00,0.00,0.00,NA,NA,NA,NA,NA,NA,NA,NA,0.00,NA,NA,NA
2025-02-22 16:00:00,38.45,79.04,3.35,2.44,4.02,NA,NA,0.26,74.90,0.00,0.00,0.00,NA,NA,NA,NA,NA,NA,NA,NA,0.00,NA,NA,NA
2025-02-22 17:00:00,24.86,63.89,5.40,4.60,6.83,NA,NA,0.21,71.84,0.00,0.00,0.00,NA,NA,NA,NA,NA,NA,NA,NA,0.00,NA,NA,NA
2025-02-22 18:00:00,41.61,90.87,5.34,13.04,11.28,NA,NA,0.27,44.09,0.00,0.00,0.00,NA,NA,NA,NA,NA,NA,NA,NA,0.00,NA,NA,NA
2025-02-22 19:00:00,35.73,85.19,8.37,24.68,19.92,NA,NA,0.39,14.23,0.00,0.00,0.00,NA,NA,NA,NA,NA,NA,NA,NA,0.00,NA,NA,NA
2025-02-22 20:00:00,27.72,109.84,15.81,24.98,26.13,NA,NA,0.43,12.19,0.00,0.00,0.00,NA,NA,NA,NA,NA,NA,NA,NA,0.00,NA,NA,NA
2025-02-22 21:00:00,46.37,140.51,14.84,22.79,24.20,NA,NA,0.46,13.28,0.00,0.00,0.00,NA,NA,NA,NA,NA,NA,NA,NA,0.00,NA,NA,NA
2025-02-22 22:00:00,47.59,120.33,13.85,20.58,22.21,NA,NA,0.50,11.10,0.00,0.00,0.00,NA,NA,NA,NA,NA,NA,NA,NA,0.00,NA,NA,NA
2025-02-22 23:00:00,50.66,118.75,13.89,18.97,21.38,NA,NA,0.50,11.55,0.00,0.00,0.00,NA,NA,NA,NA,NA,NA,NA,NA,0.00,NA,NA,NA
2025-02-23 00:00:00,58.66,133.08,16.47,16.02,21.91,NA,NA,0.46,12.97,0.00,0.00,0.00,NA,NA,NA,NA,NA,NA,NA,NA,0.00,NA,NA,NA
2025-02-23 01:00:00,56.70,120.08,18.69,13.69,22.47,NA,NA,0.48,10.88,0.00,0.00,0.00,NA,NA,NA,NA,NA,NA,NA,NA,0.00,NA,NA,NA
2025-02-23 02:00:00,52.79,116.31,23.99,11.46,25.59,NA,NA,0.45,11.48,0.00,0.00,0.00,NA,NA,NA,NA,NA,NA,NA,NA,0.00,NA,NA,NA
2025-02-23 03:00:00,60.60,111.66,25.19,10.83,26.25,NA,NA,0.42,12.81,0.00,0.00,0.00,NA,NA,NA,NA,NA,NA,NA,NA,0.00,NA,NA,NA
2025-02-23 04:00:00,42.42,90.62,19.46,10.17,21.24,NA,NA,0.39,10.84,0.00,0.00,0.00,NA,NA,NA,NA,NA,NA,NA,NA,0.00,NA,NA,NA
2025-02-23 05:00:00,57.64,109.77,15.13,8.91,17.04,NA,NA,0.34,12.06,0.00,0.00,0.00,NA,NA,NA,NA,NA,NA,NA,NA,0.00,NA,NA,NA
2025-02-23 06:00:00,66.09,110.60,12.19,7.78,14.06,NA,NA,0.34,13.00,0.00,0.00,0.00,NA,NA,NA,NA,NA,NA,NA,NA,0.00,NA,NA,NA
2025-02-23 07:00:00,37.60,79.00,13.31,6.98,14.52,NA,NA,0.33,13.85,0.00,0.00,0.00,NA,NA,NA,NA,NA,NA,NA,NA,0.00,NA,NA,NA
2025-02-23 08:00:00,43.68,85.44,13.89,13.96,18.72,NA,NA,0.33,21.72,0.00,0.00,0.00,NA,NA,NA,NA,NA,NA,NA,NA,0.00,NA,NA,NA
2025-02-23 09:00:00,46.92,109.10,10.15,15.17,16.33,NA,NA,0.33,36.61,0.00,0.00,0.00,NA,NA,NA,NA,NA,NA,NA,NA,0.00,NA,NA,NA
2025-02-23 10:00:00,65.96,139.79,6.10,7.94,9.19,NA,NA,0.29,73.56,0.00,0.00,0.00,NA,NA,NA,NA,NA,NA,NA,NA,0.00,NA,NA,NA
2025-02-23 11:00:00,43.74,122.60,4.68,5.26,6.60,NA,NA,0.27,86.69,0.00,0.00,0.00,NA,NA,NA,NA,NA,NA,NA,NA,0.00,NA,NA,NA
2025-02-23 12:00:00,45.74,126.71,5.88,3.45,6.62,NA,NA,0.22,89.76,0.00,0.00,0.00,NA,NA,NA,NA,NA,NA,NA,NA,0.00,NA,NA,NA
2025-02-23 13:00:00,41.64,113.03,4.31,1.96,4.55,NA,NA,0.21,94.00,0.00,0.00,0.00,NA,NA,NA,NA,NA,NA,NA,NA,0.00,NA,NA,NA
2025-02-23 14:00:00,29.26,90.57,4.39,2.25,4.77,NA,NA,0.19,96.24,0.00,0.00,0.00,NA,NA,NA,NA,NA,NA,NA,NA,0.00,NA,NA,NA
2025-02-23 15:00:00,40.44,102.78,5.75,2.19,5.84,NA,NA,0.20,99.85,0.00,0.00,0.00,NA,NA,NA,NA,NA,NA,NA,NA,0.00,NA,NA,NA
2025-02-23 16:00:00,54.41,117.17,4.07,1.99,4.37,NA,NA,0.18,97.76,0.00,0.00,0.00,NA,NA,NA,NA,NA,NA,NA,NA,0.00,NA,NA,NA
2025-02-23 17:00:00,29.60,87.27,4.99,4.53,6.46,NA,NA,0.21,80.84,0.00,0.00,0.00,NA,NA,NA,NA,NA,NA,NA,NA,0.00,NA,NA,NA
2025-02-23 18:00:00,37.48,89.44,7.53,15.51,14.36,NA,NA,0.27,39.70,0.00,0.00,0.00,NA,NA,NA,NA,NA,NA,NA,NA,0.00,NA,NA,NA
2025-02-23 19:00:00,43.60,117.33,16.00,25.83,26.75,NA,NA,0.40,13.60,0.00,0.00,0.00,NA,NA,NA,NA,NA,NA,NA,NA,0.00,NA,NA,NA
2025-02-23 20:00:00,22.28,115.75,15.41,25.41,26.03,NA,NA,0.45,12.23,0.00,0.00,0.00,NA,NA,NA,NA,NA,NA,NA,NA,0.00,NA,NA,NA
2025-02-23 21:00:00,48.30,143.25,26.50,22.63,33.58,NA,NA,0.53,12.11,0.00,0.00,0.00,NA,NA,NA,NA,NA,NA,NA,NA,0.00,NA,NA,NA
2025-02-23 22:00:00,71.21,150.33,30.92,18.03,34.71,NA,NA,0.67,13.19,0.00,0.00,0.00,NA,NA,NA,NA,NA,NA,NA,NA,0.00,NA,NA,NA
2025-02-23 23:00:00,55.77,130.63,43.76,14.77,43.42,NA,NA,0.72,11.44,0.00,0.00,0.00,NA,NA,NA,NA,NA,NA,NA,NA,0.00,NA,NA,NA
2025-02-24 00:00:00,63.82,146.50,52.94,11.21,49.02,NA,NA,0.73,12.58,0.00,0.00,0.00,NA,NA,NA,NA,NA,NA,NA,NA,0.00,NA,NA,NA
2025-02-24 01:00:00,82.92,157.52,40.72,9.77,38.30,NA,NA,0.69,11.86,0.00,0.00,0.00,NA,NA,NA,NA,NA,NA,NA,NA,0.00,NA,NA,NA
2025-02-24 02:00:00,63.25,121.20,39.93,7.18,36.28,NA,NA,0.66,11.39,0.00,0.00,0.00,NA,NA,NA,NA,NA,NA,NA,NA,0.00,NA,NA,NA
2025-02-24 03:00:00,72.42,126.83,40.40,4.71,35.35,NA,NA,0.63,12.51,0.00,0.00,0.00,NA,NA,NA,NA,NA,NA,NA,NA,0.00,NA,NA,NA
2025-02-24 04:00:00,77.10,123.13,38.49,3.56,33.19,NA,NA,0.58,11.66,0.00,0.00,0.00,NA,NA,NA,NA,NA,NA,NA,NA,0.00,NA,NA,NA
2025-02-24 05:00:00,53.78,121.30,47.71,4.47,41.15,NA,NA,0.60,11.54,0.00,0.00,0.00,NA,NA,NA,NA,NA,NA,NA,NA,0.00,NA,NA,NA
2025-02-24 06:00:00,72.34,127.78,52.55,4.08,44.91,NA,NA,0.61,13.29,0.00,0.00,0.00,NA,NA,NA,NA,NA,NA,NA,NA,0.00,NA,NA,NA
2025-02-24 07:00:00,81.46,158.64,38.68,6.19,34.74,NA,NA,0.55,13.88,0.00,0.00,0.00,NA,NA,NA,NA,NA,NA,NA,NA,0.00,NA,NA,NA
2025-02-24 08:00:00,63.89,185.50,35.98,14.83,37.16,NA,NA,0.57,15.77,0.00,0.00,0.00,NA,NA,NA,NA,NA,NA,NA,NA,0.00,NA,NA,NA
2025-02-24 09:00:00,78.64,224.65,19.90,21.80,27.79,NA,NA,0.51,32.64,0.00,0.00,0.00,NA,NA,NA,NA,NA,NA,NA,NA,0.00,NA,NA,NA
2025-02-24 10:00:00,76.43,187.69,11.95,17.82,19.20,NA,NA,0.43,70.11,0.00,0.00,0.00,NA,NA,NA,NA,NA,NA,NA,NA,0.00,NA,NA,NA
2025-02-24 11:00:00,60.24,181.63,8.51,9.32,11.88,NA,NA,0.34,97.20,0.00,0.00,0.00,NA,NA,NA,NA,NA,NA,NA,NA,0.00,NA,NA,NA
2025-02-24 12:00:00,59.26,179.20,5.55,5.99,7.70,NA,NA,0.31,107.19,0.00,0.00,0.00,NA,NA,NA,NA,NA,NA,NA,NA,0.00,NA,NA,NA
2025-02-24 13:00:00,49.51,165.15,6.81,4.79,7.04,NA,NA,0.28,108.99,0.00,0.00,0.00,NA,NA,NA,NA,NA,NA,NA,NA,0.00,NA,NA,NA
2025-02-24 14:00:00,42.07,168.10,21.66,7.20,21.18,NA,NA,0.43,93.56,0.00,0.00,0.00,NA,NA,NA,NA,NA,NA,NA,NA,0.00,NA,NA,NA
2025-02-24 15:00:00,41.36,172.29,2.27,7.55,5.86,NA,NA,0.23,102.42,0.00,0.00,0.00,NA,NA,NA,NA,NA,NA,NA,NA,0.00,NA,NA,NA
2025-02-24 16:00:00,74.47,129.70,3.77,5.30,5.88,NA,NA,0.22,78.75,0.00,0.00,0.00,NA,NA,NA,NA,NA,NA,NA,NA,0.00,NA,NA,NA
2025-02-24 17:00:00,54.45,102.36,4.78,7.40,7.82,NA,NA,0.21,65.18,0.00,0.00,0.00,NA,NA,NA,NA,NA,NA,NA,NA,0.00,NA,NA,NA
2025-02-24 18:00:00,59.19,130.00,3.91,15.77,11.57,NA,NA,0.28,39.92,0.00,0.00,0.00,NA,NA,NA,NA,NA,NA,NA,NA,0.00,NA,NA,NA
2025-02-24 19:00:00,39.15,106.13,6.78,27.29,20.01,NA,NA,0.41,11.33,0.00,0.00,0.00,NA,NA,NA,NA,NA,NA,NA,NA,0.00,NA,NA,NA
2025-02-24 20:00:00,39.29,121.25,16.56,28.49,28.60,NA,NA,0.50,7.11,0.00,0.00,0.00,NA,NA,NA,NA,NA,NA,NA,NA,0.00,NA,NA,NA
2025-02-24 21:00:00,63.19,131.89,37.04,21.81,41.71,NA,NA,0.67,8.36,0.00,0.00,0.00,NA,NA,NA,NA,NA,NA,NA,NA,0.00,NA,NA,NA
2025-02-24 22:00:00,44.78,135.86,48.80,16.85,48.63,NA,NA,0.77,6.85,0.00,0.00,0.00,NA,NA,NA,NA,NA,NA,NA,NA,0.00,NA,NA,NA
2025-02-24 23:00:00,58.69,142.67,42.75,15.06,42.77,NA,NA,0.71,7.84,0.00,0.00,0.00,NA,NA,NA,NA,NA,NA,NA,NA,0.00,NA,NA,NA
2025-02-25 00:00:00,77.99,165.23,40.56,12.58,39.67,NA,NA,0.74,9.05,0.00,0.00,0.00,NA,NA,NA,NA,NA,NA,NA,NA,0.00,NA,NA,NA
2025-02-25 01:00:00,62.29,167.52,48.66,9.09,44.39,NA,NA,0.79,6.28,0.00,0.00,0.00,NA,NA,NA,NA,NA,NA,NA,NA,0.00,NA,NA,NA
2025-02-25 02:00:00,83.70,165.35,51.18,8.32,46.03,NA,NA,0.82,7.82,0.00,0.00,0.00,NA,NA,NA,NA,NA,NA,NA,NA,0.00,NA,NA,NA
2025-02-25 03:00:00,93.61,161.43,60.96,3.40,51.36,NA,NA,0.83,8.58,0.00,0.00,0.00,NA,NA,NA,NA,NA,NA,NA,NA,0.00,NA,NA,NA
2025-02-25 04:00:00,64.57,140.25,59.42,5.58,51.27,NA,NA,0.77,6.41,0.00,0.00,0.00,NA,NA,NA,NA,NA,NA,NA,NA,0.00,NA,NA,NA
2025-02-25 05:00:00,71.56,145.84,64.36,4.25,54.58,NA,NA,0.77,7.13,0.00,0.00,0.00,NA,NA,NA,NA,NA,NA,NA,NA,0.00,NA,NA,NA
2025-02-25 06:00:00,94.50,147.68,51.85,6.19,45.46,NA,NA,0.67,7.62,0.00,0.00,0.00,NA,NA,NA,NA,NA,NA,NA,NA,0.00,NA,NA,NA
2025-02-25 07:00:00,69.48,161.47,41.60,8.37,38.28,NA,NA,0.60,8.53,0.00,0.00,0.00,NA,NA,NA,NA,NA,NA,NA,NA,0.00,NA,NA,NA
2025-02-25 08:00:00,63.28,170.87,33.32,17.43,36.38,NA,NA,0.58,14.03,0.00,0.00,0.00,NA,NA,NA,NA,NA,NA,NA,NA,0.00,NA,NA,NA
2025-02-25 09:00:00,64.77,155.96,17.19,22.37,25.88,NA,NA,0.48,30.30,0.00,0.00,0.00,NA,NA,NA,NA,NA,NA,NA,NA,0.00,NA,NA,NA
2025-02-25 10:00:00,52.85,189.28,12.95,19.17,20.74,NA,NA,0.47,62.47,0.00,0.00,0.00,NA,NA,NA,NA,NA,NA,NA,NA,0.00,NA,NA,NA
2025-02-25 11:00:00,79.93,188.14,8.33,9.49,11.83,NA,NA,0.39,90.38,0.00,0.00,0.00,NA,NA,NA,NA,NA,NA,NA,NA,0.00,NA,NA,NA
2025-02-25 12:00:00,65.46,166.22,4.68,7.21,7.64,NA,NA,0.36,105.44,0.00,0.00,0.00,NA,NA,NA,NA,NA,NA,NA,NA,0.00,NA,NA,NA
2025-02-25 13:00:00,56.63,159.51,4.95,5.39,6.89,NA,NA,0.28,104.58,0.00,0.00,0.00,NA,NA,NA,NA,NA,NA,NA,NA,0.00,NA,NA,NA
2025-02-25 14:00:00,58.24,138.95,4.51,4.55,6.09,NA,NA,0.24,107.65,0.00,0.00,0.00,NA,NA,NA,NA,NA,NA,NA,NA,0.00,NA,NA,NA
2025-02-25 15:00:00,61.55,132.70,3.00,5.22,5.21,NA,NA,0.27,110.52,0.00,0.00,0.00,NA,NA,NA,NA,NA,NA,NA,NA,0.00,NA,NA,NA
2025-02-25 16:00:00,55.22,147.07,4.11,6.13,6.61,NA,NA,0.27,97.36,0.00,0.00,0.00,NA,NA,NA,NA,NA,NA,NA,NA,0.00,NA,NA,NA
2025-02-25 17:00:00,52.16,137.93,3.88,12.26,9.67,NA,NA,0.28,66.09,0.00,0.00,0.00,NA,NA,NA,NA,NA,NA,NA,NA,0.00,NA,NA,NA
2025-02-25 18:00:00,45.33,154.65,8.54,35.55,25.83,NA,NA,0.48,11.72,0.00,0.00,0.00,NA,NA,NA,NA,NA,NA,NA,NA,0.00,NA,NA,NA
2025-02-25 19:00:00,38.07,145.53,26.53,33.77,39.50,NA,NA,0.59,8.35,0.00,0.00,0.00,NA,NA,NA,NA,NA,NA,NA,NA,0.00,NA,NA,NA
2025-02-25 20:00:00,46.48,156.04,56.37,28.47,60.96,NA,NA,0.80,8.86,0.00,0.00,0.00,NA,NA,NA,NA,NA,NA,NA,NA,0.00,NA,NA,NA
2025-02-25 21:00:00,44.33,139.40,77.49,24.09,75.80,NA,NA,0.96,6.64,0.00,0.00,0.00,NA,NA,NA,NA,NA,NA,NA,NA,0.00,NA,NA,NA
2025-02-25 22:00:00,49.32,158.22,89.52,20.10,83.45,NA,NA,1.05,7.31,0.00,0.00,0.00,NA,NA,NA,NA,NA,NA,NA,NA,0.00,NA,NA,NA
2025-02-25 23:00:00,86.93,233.91,108.13,15.39,96.08,NA,NA,1.19,8.48,0.00,0.00,0.00,NA,NA,NA,NA,NA,NA,NA,NA,0.00,NA,NA,NA
2025-02-26 00:00:00,67.26,215.14,110.87,12.69,96.90,NA,NA,1.20,6.19,0.00,0.00,0.00,NA,NA,NA,NA,NA,NA,NA,NA,0.00,NA,NA,NA
2025-02-26 01:00:00,90.01,230.17,102.24,12.61,89.84,NA,NA,1.17,6.56,0.00,0.00,0.00,NA,NA,NA,NA,NA,NA,NA,NA,0.00,NA,NA,NA
2025-02-26 02:00:00,104.42,246.67,97.45,13.30,86.30,NA,NA,1.10,7.97,0.00,0.00,0.00,NA,NA,NA,NA,NA,NA,NA,NA,0.00,NA,NA,NA
2025-02-26 03:00:00,78.98,199.06,95.63,13.13,84.73,NA,NA,1.04,5.92,0.00,0.00,0.00,NA,NA,NA,NA,NA,NA,NA,NA,0.00,NA,NA,NA
2025-02-26 04:00:00,79.06,177.71,93.78,12.35,82.81,NA,NA,0.98,6.68,0.00,0.00,0.00,NA,NA,NA,NA,NA,NA,NA,NA,0.00,NA,NA,NA
2025-02-26 05:00:00,86.18,192.72,97.61,9.91,84.63,NA,NA,0.99,7.77,0.00,0.00,0.00,NA,NA,NA,NA,NA,NA,NA,NA,0.00,NA,NA,NA
2025-02-26 06:00:00,69.59,182.92,96.57,11.64,84.70,NA,NA,0.94,6.79,0.00,0.00,0.00,NA,NA,NA,NA,NA,NA,NA,NA,0.00,NA,NA,NA
2025-02-26 07:00:00,82.00,189.18,102.18,11.36,89.10,NA,NA,0.99,8.90,0.00,0.00,0.00,NA,NA,NA,NA,NA,NA,NA,NA,0.00,NA,NA,NA
2025-02-26 08:00:00,113.62,280.76,99.43,20.36,91.70,NA,NA,1.14,12.02,0.00,0.00,0.00,NA,NA,NA,NA,NA,NA,NA,NA,0.00,NA,NA,NA
2025-02-26 09:00:00,156.06,419.26,45.96,40.10,58.74,NA,NA,0.92,15.38,0.00,0.00,0.00,NA,NA,NA,NA,NA,NA,NA,NA,0.00,NA,NA,NA
2025-02-26 10:00:00,165.94,422.29,29.72,27.79,38.96,NA,NA,0.72,49.65,0.00,0.00,0.00,NA,NA,NA,NA,NA,NA,NA,NA,0.00,NA,NA,NA
2025-02-26 11:00:00,163.78,351.23,18.98,20.95,26.58,NA,NA,0.62,80.78,0.00,0.00,0.00,NA,NA,NA,NA,NA,NA,NA,NA,0.00,NA,NA,NA
2025-02-26 12:00:00,100.42,292.92,13.52,16.88,19.98,NA,NA,0.51,98.69,0.00,0.00,0.00,NA,NA,NA,NA,NA,NA,NA,NA,0.00,NA,NA,NA
2025-02-26 13:00:00,91.82,253.90,9.55,12.85,14.61,NA,NA,0.46,109.83,0.00,0.00,0.00,NA,NA,NA,NA,NA,NA,NA,NA,0.00,NA,NA,NA
2025-02-26 14:00:00,74.41,211.68,4.98,9.21,8.95,NA,NA,0.43,102.84,0.00,0.00,0.00,NA,NA,NA,NA,NA,NA,NA,NA,0.00,NA,NA,NA
2025-02-26 15:00:00,48.46,168.12,5.91,7.33,8.70,NA,NA,0.37,89.20,0.00,0.00,0.00,NA,NA,NA,NA,NA,NA,NA,NA,0.00,NA,NA,NA
2025-02-26 16:00:00,61.35,172.22,6.38,9.89,10.45,NA,NA,0.38,69.32,0.00,0.00,0.00,NA,NA,NA,NA,NA,NA,NA,NA,0.00,NA,NA,NA
2025-02-26 17:00:00,61.84,188.36,8.27,22.04,18.43,NA,NA,0.45,30.86,0.00,0.00,0.00,NA,NA,NA,NA,NA,NA,NA,NA,0.00,NA,NA,NA
2025-02-26 18:00:00,63.64,192.25,10.80,32.23,25.92,NA,NA,0.54,11.61,0.00,0.00,0.00,NA,NA,NA,NA,NA,NA,NA,NA,0.00,NA,NA,NA
2025-02-26 19:00:00,33.90,162.20,24.04,31.15,36.08,NA,NA,0.70,8.59,0.00,0.00,0.00,NA,NA,NA,NA,NA,NA,NA,NA,0.00,NA,NA,NA
2025-02-26 20:00:00,51.46,191.67,38.30,31.04,47.65,NA,NA,0.84,7.91,0.00,0.00,0.00,NA,NA,NA,NA,NA,NA,NA,NA,0.00,NA,NA,NA
2025-02-26 21:00:00,99.09,273.69,43.71,34.50,53.87,NA,NA,1.04,7.89,0.00,0.00,0.00,NA,NA,NA,NA,NA,NA,NA,NA,0.00,NA,NA,NA
2025-02-26 22:00:00,84.99,286.36,48.00,33.75,56.97,NA,NA,1.05,7.25,0.00,0.00,0.00,NA,NA,NA,NA,NA,NA,NA,NA,0.00,NA,NA,NA
2025-02-26 23:00:00,117.86,271.20,47.05,28.59,53.46,NA,NA,1.06,8.37,0.00,0.00,0.00,NA,NA,NA,NA,NA,NA,NA,NA,0.00,NA,NA,NA
2025-02-27 00:00:00,122.87,279.39,50.93,23.82,54.07,NA,NA,1.09,6.46,0.00,0.00,0.00,NA,NA,NA,NA,NA,NA,NA,NA,0.00,NA,NA,NA
2025-02-27 01:00:00,101.13,256.66,66.34,20.24,64.69,NA,NA,1.08,6.29,0.00,0.00,0.00,NA,NA,NA,NA,NA,NA,NA,NA,0.00,NA,NA,NA
2025-02-27 02:00:00,102.67,237.30,65.17,16.55,61.80,NA,NA,1.02,7.83,0.00,0.00,0.00,NA,NA,NA,NA,NA,NA,NA,NA,0.00,NA,NA,NA
2025-02-27 03:00:00,98.29,206.04,50.50,17.22,50.24,NA,NA,0.90,4.40,0.00,0.00,0.00,NA,NA,NA,NA,NA,NA,NA,NA,0.00,NA,NA,NA
2025-02-27 04:00:00,62.30,159.83,31.07,21.35,36.62,NA,NA,0.70,6.31,0.00,0.00,0.00,NA,NA,NA,NA,NA,NA,NA,NA,0.00,NA,NA,NA
2025-02-27 05:00:00,69.03,168.68,28.75,21.53,34.83,NA,NA,0.64,7.82,0.00,0.00,0.00,NA,NA,NA,NA,NA,NA,NA,NA,0.00,NA,NA,NA
2025-02-27 06:00:00,60.37,155.76,32.89,20.84,37.81,NA,NA,0.66,6.36,0.00,0.00,0.00,NA,NA,NA,NA,NA,NA,NA,NA,0.00,NA,NA,NA
2025-02-27 07:00:00,100.37,250.66,38.73,19.41,41.82,NA,NA,0.76,8.21,0.00,0.00,0.00,NA,NA,NA,NA,NA,NA,NA,NA,0.00,NA,NA,NA
2025-02-27 08:00:00,100.84,258.45,16.32,12.09,19.71,NA,NA,0.55,16.90,0.00,0.00,0.00,NA,NA,NA,NA,NA,NA,NA,NA,0.00,NA,NA,NA
2025-02-27 09:00:00,44.84,113.46,12.05,11.40,15.87,NA,NA,0.49,21.02,0.00,0.00,0.00,NA,NA,NA,NA,NA,NA,NA,NA,0.00,NA,NA,NA
2025-02-27 10:00:00,34.39,94.01,11.50,10.63,15.00,NA,NA,0.44,23.31,0.00,0.00,0.00,NA,NA,NA,NA,NA,NA,NA,NA,0.00,NA,NA,NA
2025-02-27 11:00:00,24.35,83.75,7.77,7.29,10.20,NA,NA,0.36,31.43,0.00,0.00,0.00,NA,NA,NA,NA,NA,NA,NA,NA,0.00,NA,NA,NA
2025-02-27 12:00:00,11.59,60.26,7.33,10.67,11.63,NA,NA,0.36,28.80,0.00,0.00,0.00,NA,NA,NA,NA,NA,NA,NA,NA,0.00,NA,NA,NA
2025-02-27 13:00:00,26.75,104.43,6.61,9.31,10.33,NA,NA,0.33,37.90,0.00,0.00,0.00,NA,NA,NA,NA,NA,NA,NA,NA,0.00,NA,NA,NA
2025-02-27 14:00:00,41.68,150.35,5.99,7.72,8.98,NA,NA,0.29,36.72,0.00,0.00,0.00,NA,NA,NA,NA,NA,NA,NA,NA,0.00,NA,NA,NA
2025-02-27 15:00:00,31.60,125.37,6.24,5.06,7.76,NA,NA,0.25,36.95,0.00,0.00,0.00,NA,NA,NA,NA,NA,NA,NA,NA,0.00,NA,NA,NA
2025-02-27 16:00:00,31.94,86.97,5.95,7.83,9.00,NA,NA,0.25,31.38,0.00,0.00,0.00,NA,NA,NA,NA,NA,NA,NA,NA,0.00,NA,NA,NA
2025-02-27 17:00:00,12.91,59.58,6.82,11.02,11.40,NA,NA,0.28,23.82,0.00,0.00,0.00,NA,NA,NA,NA,NA,NA,NA,NA,0.00,NA,NA,NA
2025-02-27 18:00:00,17.19,79.04,8.14,15.22,14.71,NA,NA,0.30,14.70,0.00,0.00,0.00,NA,NA,NA,NA,NA,NA,NA,NA,0.00,NA,NA,NA
2025-02-27 19:00:00,44.49,109.79,11.31,17.15,18.31,NA,NA,0.39,8.33,0.00,0.00,0.00,NA,NA,NA,NA,NA,NA,NA,NA,0.00,NA,NA,NA
2025-02-27 20:00:00,31.45,81.13,14.18,17.20,20.68,NA,NA,0.45,7.05,0.00,0.00,0.00,NA,NA,NA,NA,NA,NA,NA,NA,0.00,NA,NA,NA
2025-02-27 21:00:00,48.63,125.95,19.01,16.51,24.23,NA,NA,0.52,7.54,0.00,0.00,0.00,NA,NA,NA,NA,NA,NA,NA,NA,0.00,NA,NA,NA
2025-02-27 22:00:00,65.21,163.58,14.56,16.59,20.68,NA,NA,0.51,7.69,0.00,0.00,0.00,NA,NA,NA,NA,NA,NA,NA,NA,0.00,NA,NA,NA
2025-02-27 23:00:00,33.37,127.43,8.55,15.64,15.27,NA,NA,0.44,7.98,0.00,0.00,0.00,NA,NA,NA,NA,NA,NA,NA,NA,0.00,NA,NA,NA
2025-02-28 00:00:00,42.83,141.38,9.21,15.08,15.51,NA,NA,0.41,7.80,0.00,0.00,0.00,NA,NA,NA,NA,NA,NA,NA,NA,0.00,NA,NA,NA
2025-02-28 01:00:00,52.39,124.13,5.40,7.87,8.58,NA,NA,0.34,20.26,0.00,0.00,0.00,NA,NA,NA,NA,NA,NA,NA,NA,0.00,NA,NA,NA
2025-02-28 02:00:00,21.03,79.66,5.84,9.31,9.70,NA,NA,0.30,15.84,0.00,0.00,0.00,NA,NA,NA,NA,NA,NA,NA,NA,0.00,NA,NA,NA
2025-02-28 03:00:00,42.10,95.02,6.19,9.16,9.90,NA,NA,0.29,14.12,0.00,0.00,0.00,NA,NA,NA,NA,NA,NA,NA,NA,0.00,NA,NA,NA
2025-02-28 04:00:00,49.90,96.38,4.28,9.17,8.35,NA,NA,0.32,12.47,0.00,0.00,0.00,NA,NA,NA,NA,NA,NA,NA,NA,0.00,NA,NA,NA
2025-02-28 05:00:00,27.65,86.70,5.66,10.52,10.19,NA,NA,0.32,9.45,0.00,0.00,0.00,NA,NA,NA,NA,NA,NA,NA,NA,0.00,NA,NA,NA
2025-02-28 06:00:00,51.95,104.79,6.41,10.78,10.95,NA,NA,0.33,9.38,0.00,0.00,0.00,NA,NA,NA,NA,NA,NA,NA,NA,0.00,NA,NA,NA
2025-02-28 07:00:00,60.92,122.60,7.02,11.55,11.85,NA,NA,0.38,7.62,0.00,0.00,0.00,NA,NA,NA,NA,NA,NA,NA,NA,0.00,NA,NA,NA
2025-02-28 08:00:00,47.82,133.80,6.54,9.28,10.25,NA,NA,0.33,12.54,0.00,0.00,0.00,NA,NA,NA,NA,NA,NA,NA,NA,0.00,NA,NA,NA
2025-02-28 09:00:00,50.80,130.20,6.18,8.27,9.42,NA,NA,0.35,20.53,0.00,0.00,0.00,NA,NA,NA,NA,NA,NA,NA,NA,0.00,NA,NA,NA
2025-02-28 10:00:00,58.00,154.76,5.22,11.43,10.33,NA,NA,0.37,19.17,0.00,0.00,0.00,NA,NA,NA,NA,NA,NA,NA,NA,0.00,NA,NA,NA
2025-02-28 11:00:00,37.56,132.67,5.65,8.36,9.04,NA,NA,0.36,29.97,0.00,0.00,0.00,NA,NA,NA,NA,NA,NA,NA,NA,0.00,NA,NA,NA
2025-02-28 12:00:00,50.51,151.75,4.67,5.91,6.94,NA,NA,0.32,38.47,0.00,0.00,0.00,NA,NA,NA,NA,NA,NA,NA,NA,0.00,NA,NA,NA
2025-02-28 13:00:00,37.21,122.00,3.51,3.68,4.81,NA,NA,0.29,43.89,0.00,0.00,0.00,NA,NA,NA,NA,NA,NA,NA,NA,0.00,NA,NA,NA
2025-02-28 14:00:00,32.81,118.96,4.69,4.32,6.11,NA,NA,0.29,49.85,0.00,0.00,0.00,NA,NA,NA,NA,NA,NA,NA,NA,0.00,NA,NA,NA
2025-02-28 15:00:00,58.01,147.14,4.22,6.29,6.78,NA,NA,0.26,52.64,0.00,0.00,0.00,NA,NA,NA,NA,NA,NA,NA,NA,0.00,NA,NA,NA
2025-02-28 16:00:00,57.52,151.98,4.33,5.47,6.43,NA,NA,0.26,51.48,0.00,0.00,0.00,NA,NA,NA,NA,NA,NA,NA,NA,0.00,NA,NA,NA
2025-02-28 17:00:00,49.72,156.26,5.19,5.97,7.40,NA,NA,0.26,41.92,0.00,0.00,0.00,NA,NA,NA,NA,NA,NA,NA,NA,0.00,NA,NA,NA
2025-02-28 18:00:00,49.38,139.02,4.50,10.88,9.45,NA,NA,0.36,27.51,0.00,0.00,0.00,NA,NA,NA,NA,NA,NA,NA,NA,0.00,NA,NA,NA
2025-02-28 19:00:00,34.49,129.90,4.61,12.25,10.26,NA,NA,0.41,19.50,0.00,0.00,0.00,NA,NA,NA,NA,NA,NA,NA,NA,0.00,NA,NA,NA
2025-02-28 20:00:00,33.16,122.55,6.14,10.65,10.66,NA,NA,0.41,12.59,0.00,0.00,0.00,NA,NA,NA,NA,NA,NA,NA,NA,0.00,NA,NA,NA
2025-02-28 21:00:00,51.81,111.74,5.37,12.15,10.83,NA,NA,0.43,10.05,0.00,0.00,0.00,NA,NA,NA,NA,NA,NA,NA,NA,0.00,NA,NA,NA
2025-02-28 22:00:00,36.57,81.00,4.36,9.73,8.72,NA,NA,0.35,11.59,0.00,0.00,0.00,NA,NA,NA,NA,NA,NA,NA,NA,0.00,NA,NA,NA
2025-02-28 23:00:00,42.41,83.76,5.71,9.35,9.61,NA,NA,0.37,9.09,0.00,0.00,0.00,NA,NA,NA,NA,NA,NA,NA,NA,0.00,NA,NA,NA
2025-03-01 00:00:00,48.80,91.92,6.75,9.14,10.35,NA,NA,0.41,8.50,0.00,0.00,0.00,NA,NA,NA,NA,NA,NA,NA,NA,0.00,NA,NA,NA
2025-03-01 01:00:00,39.08,96.90,11.75,9.30,14.50,NA,NA,0.43,6.12,0.00,0.00,0.00,NA,NA,NA,NA,NA,NA,NA,NA,0.00,NA,NA,NA
2025-03-01 02:00:00,53.11,104.57,15.25,8.16,16.74,NA,NA,0.44,6.76,0.00,0.00,0.00,NA,NA,NA,NA,NA,NA,NA,NA,0.00,NA,NA,NA
2025-03-01 03:00:00,59.56,125.19,11.48,9.87,14.58,NA,NA,0.44,11.43,0.00,0.00,0.00,NA,NA,NA,NA,NA,NA,NA,NA,0.00,NA,NA,NA
2025-03-01 04:00:00,45.34,94.28,6.74,8.64,10.08,NA,NA,0.37,7.47,0.00,0.00,0.00,NA,NA,NA,NA,NA,NA,NA,NA,0.00,NA,NA,NA
2025-03-01 05:00:00,38.44,76.71,7.04,7.18,9.55,NA,NA,0.35,9.48,0.00,0.00,0.00,NA,NA,NA,NA,NA,NA,NA,NA,0.00,NA,NA,NA
2025-03-01 06:00:00,47.60,80.97,5.41,7.09,8.17,NA,NA,0.37,8.29,0.00,0.00,0.00,NA,NA,NA,NA,NA,NA,NA,NA,0.00,NA,NA,NA
2025-03-01 07:00:00,21.66,60.49,10.94,6.80,12.52,NA,NA,0.39,8.24,0.00,0.00,0.00,NA,NA,NA,NA,NA,NA,NA,NA,0.00,NA,NA,NA
2025-03-01 08:00:00,42.80,77.22,13.97,10.61,17.00,NA,NA,0.42,8.86,0.00,0.00,0.00,NA,NA,NA,NA,NA,NA,NA,NA,0.00,NA,NA,NA
2025-03-01 09:00:00,55.71,101.34,7.10,9.12,10.63,NA,NA,0.38,14.62,0.00,0.00,0.00,NA,NA,NA,NA,NA,NA,NA,NA,0.00,NA,NA,NA
2025-03-01 10:00:00,38.87,96.89,5.40,4.44,6.75,NA,NA,0.36,35.69,0.00,0.00,0.00,NA,NA,NA,NA,NA,NA,NA,NA,0.00,NA,NA,NA
2025-03-01 11:00:00,53.69,122.05,3.90,4.08,5.34,NA,NA,0.35,50.98,0.00,0.00,0.00,NA,NA,NA,NA,NA,NA,NA,NA,0.00,NA,NA,NA
2025-03-01 12:00:00,64.93,129.55,2.74,5.07,4.23,NA,NA,0.34,61.46,0.00,0.00,0.00,NA,NA,NA,NA,NA,NA,NA,NA,0.00,NA,NA,NA
2025-03-01 13:00:00,54.87,134.33,28.67,2.21,22.32,NA,NA,0.30,72.72,0.00,0.00,0.00,NA,NA,NA,NA,NA,NA,NA,NA,0.00,NA,NA,NA
2025-03-01 14:00:00,60.19,149.53,25.21,8.70,24.51,NA,NA,0.28,128.13,0.00,0.00,0.00,NA,NA,NA,NA,NA,NA,NA,NA,0.00,NA,NA,NA
2025-03-01 15:00:00,64.15,127.32,4.75,10.06,9.21,NA,NA,0.29,158.38,0.00,0.00,0.00,NA,NA,NA,NA,NA,NA,NA,NA,0.00,NA,NA,NA
2025-03-01 16:00:00,51.82,112.40,5.44,3.60,6.34,NA,NA,0.28,73.69,0.00,0.00,0.00,NA,NA,NA,NA,NA,NA,NA,NA,0.00,NA,NA,NA
2025-03-01 17:00:00,67.34,127.45,5.41,2.11,5.53,NA,NA,0.31,52.40,0.00,0.00,0.00,NA,NA,NA,NA,NA,NA,NA,NA,0.00,NA,NA,NA
2025-03-01 18:00:00,43.63,106.62,4.35,2.23,4.73,NA,NA,0.32,36.91,0.00,0.00,0.00,NA,NA,NA,NA,NA,NA,NA,NA,0.00,NA,NA,NA
2025-03-01 19:00:00,21.34,86.73,4.24,2.22,4.63,NA,NA,0.35,31.84,0.00,0.00,0.00,NA,NA,NA,NA,NA,NA,NA,NA,0.00,NA,NA,NA
2025-03-01 20:00:00,43.22,99.39,3.50,2.29,4.06,NA,NA,0.41,17.14,0.00,0.00,0.00,NA,NA,NA,NA,NA,NA,NA,NA,0.00,NA,NA,NA
2025-03-01 21:00:00,48.36,99.18,2.61,2.33,3.36,NA,NA,0.53,7.66,0.00,0.00,0.00,NA,NA,NA,NA,NA,NA,NA,NA,0.00,NA,NA,NA
2025-03-01 22:00:00,51.38,112.42,3.01,2.35,3.70,NA,NA,0.60,7.17,0.00,0.00,0.00,NA,NA,NA,NA,NA,NA,NA,NA,0.00,NA,NA,NA
2025-03-01 23:00:00,65.33,130.76,2.71,2.30,3.43,NA,NA,0.56,8.02,0.00,0.00,0.00,NA,NA,NA,NA,NA,NA,NA,NA,0.00,NA,NA,NA
2025-03-02 00:00:00,65.55,135.26,2.63,2.36,3.39,NA,NA,0.60,5.97,0.00,0.00,0.00,NA,NA,NA,NA,NA,NA,NA,NA,0.00,NA,NA,NA
2025-03-02 01:00:00,64.46,125.42,3.01,2.36,3.71,NA,NA,0.54,6.64,0.00,0.00,0.00,NA,NA,NA,NA,NA,NA,NA,NA,0.00,NA,NA,NA
2025-03-02 02:00:00,68.57,123.94,2.79,2.30,3.49,NA,NA,0.46,15.55,0.00,0.00,0.00,NA,NA,NA,NA,NA,NA,NA,NA,0.00,NA,NA,NA
2025-03-02 03:00:00,43.54,94.82,2.82,2.35,3.54,NA,NA,0.39,22.95,0.00,0.00,0.00,NA,NA,NA,NA,NA,NA,NA,NA,0.00,NA,NA,NA
2025-03-02 04:00:00,43.47,92.65,3.20,2.27,3.81,NA,NA,0.37,20.35,0.00,0.00,0.00,NA,NA,NA,NA,NA,NA,NA,NA,0.00,NA,NA,NA
2025-03-02 05:00:00,53.16,85.66,2.74,2.26,3.43,NA,NA,0.37,23.19,0.00,0.00,0.00,NA,NA,NA,NA,NA,NA,NA,NA,0.00,NA,NA,NA
2025-03-02 06:00:00,27.21,65.85,2.72,2.33,3.45,NA,NA,0.35,14.46,0.00,0.00,0.00,NA,NA,NA,NA,NA,NA,NA,NA,0.00,NA,NA,NA
2025-03-02 07:00:00,30.78,66.27,3.13,2.36,3.80,NA,NA,0.38,11.55,0.00,0.00,0.00,NA,NA,NA,NA,NA,NA,NA,NA,0.00,NA,NA,NA
2025-03-02 08:00:00,32.62,78.89,2.85,2.80,3.81,NA,NA,0.37,16.46,0.00,0.00,0.00,NA,NA,NA,NA,NA,NA,NA,NA,0.00,NA,NA,NA
2025-03-02 09:00:00,34.25,94.75,2.56,2.34,3.32,NA,NA,0.36,32.16,0.00,0.00,0.00,NA,NA,NA,NA,NA,NA,NA,NA,0.00,NA,NA,NA
2025-03-02 10:00:00,46.95,105.90,2.75,2.31,3.47,NA,NA,0.34,51.13,0.00,0.00,0.00,NA,NA,NA,NA,NA,NA,NA,NA,0.00,NA,NA,NA
2025-03-02 11:00:00,49.90,128.63,1.72,2.44,2.70,NA,NA,0.29,54.91,0.00,0.00,0.00,NA,NA,NA,NA,NA,NA,NA,NA,0.00,NA,NA,NA
2025-03-02 12:00:00,20.84,95.86,2.15,2.34,2.99,NA,NA,0.27,64.92,0.00,0.00,0.00,NA,NA,NA,NA,NA,NA,NA,NA,0.00,NA,NA,NA
2025-03-02 13:00:00,31.65,89.66,2.93,2.21,3.56,NA,NA,0.22,64.18,0.00,0.00,0.00,NA,NA,NA,NA,NA,NA,NA,NA,0.00,NA,NA,NA
2025-03-02 14:00:00,28.81,135.80,2.12,2.31,2.95,NA,NA,0.24,65.93,0.00,0.00,0.00,NA,NA,NA,NA,NA,NA,NA,NA,0.00,NA,NA,NA
2025-03-02 15:00:00,11.55,60.92,2.30,2.34,3.11,NA,NA,0.22,68.60,0.00,0.00,0.00,NA,NA,NA,NA,NA,NA,NA,NA,0.00,NA,NA,NA
2025-03-02 16:00:00,28.08,72.12,2.06,2.30,2.90,NA,NA,0.24,67.67,0.00,0.00,0.00,NA,NA,NA,NA,NA,NA,NA,NA,0.00,NA,NA,NA
2025-03-02 17:00:00,26.68,76.81,1.52,2.38,2.50,NA,NA,0.24,64.90,0.00,0.00,0.00,NA,NA,NA,NA,NA,NA,NA,NA,0.00,NA,NA,NA
2025-03-02 18:00:00,17.88,67.23,1.56,2.42,2.55,NA,NA,0.22,48.70,0.00,0.00,0.00,NA,NA,NA,NA,NA,NA,NA,NA,0.00,NA,NA,NA
2025-03-02 19:00:00,23.58,64.36,1.96,2.27,2.81,NA,NA,0.30,19.64,0.00,0.00,0.00,NA,NA,NA,NA,NA,NA,NA,NA,0.00,NA,NA,NA
2025-03-02 20:00:00,26.33,83.64,1.28,2.37,2.30,NA,NA,0.41,8.16,0.00,0.00,0.00,NA,NA,NA,NA,NA,NA,NA,NA,0.00,NA,NA,NA
2025-03-02 21:00:00,16.03,88.02,1.64,2.36,2.59,NA,NA,0.48,7.36,0.00,0.00,0.00,NA,NA,NA,NA,NA,NA,NA,NA,0.00,NA,NA,NA
2025-03-02 22:00:00,31.34,106.90,1.57,2.39,2.55,NA,NA,0.53,8.81,0.00,0.00,0.00,NA,NA,NA,NA,NA,NA,NA,NA,0.00,NA,NA,NA
2025-03-02 23:00:00,39.12,113.92,1.26,2.45,2.32,NA,NA,0.57,6.78,0.00,0.00,0.00,NA,NA,NA,NA,NA,NA,NA,NA,0.00,NA,NA,NA
2025-03-03 00:00:00,24.88,106.35,1.78,2.28,2.66,NA,NA,0.61,7.09,0.00,0.00,0.00,NA,NA,NA,NA,NA,NA,NA,NA,0.00,NA,NA,NA
2025-03-03 01:00:00,45.98,139.33,1.57,2.39,2.55,NA,NA,0.57,8.33,0.00,0.00,0.00,NA,NA,NA,NA,NA,NA,NA,NA,0.00,NA,NA,NA
2025-03-03 02:00:00,43.58,114.22,1.05,2.33,2.09,NA,NA,0.49,5.88,0.00,0.00,0.00,NA,NA,NA,NA,NA,NA,NA,NA,0.00,NA,NA,NA
2025-03-03 03:00:00,38.60,93.65,1.33,2.37,2.34,NA,NA,0.43,7.52,0.00,0.00,0.00,NA,NA,NA,NA,NA,NA,NA,NA,0.00,NA,NA,NA
2025-03-03 04:00:00,41.90,92.87,1.06,2.43,2.16,NA,NA,0.42,9.14,0.00,0.00,0.00,NA,NA,NA,NA,NA,NA,NA,NA,0.00,NA,NA,NA
2025-03-03 05:00:00,31.83,85.62,0.84,2.42,1.97,NA,NA,0.44,6.13,0.00,0.00,0.00,NA,NA,NA,NA,NA,NA,NA,NA,0.00,NA,NA,NA
2025-03-03 06:00:00,34.85,90.19,1.15,2.50,2.26,NA,NA,0.42,7.33,0.00,0.00,0.00,NA,NA,NA,NA,NA,NA,NA,NA,0.00,NA,NA,NA
2025-03-03 07:00:00,40.82,92.84,5.60,3.76,6.56,NA,NA,0.47,12.33,0.00,0.00,0.00,NA,NA,NA,NA,NA,NA,NA,NA,0.00,NA,NA,NA
2025-03-03 08:00:00,27.93,97.27,0.64,2.40,1.79,NA,NA,0.51,8.93,0.00,0.00,0.00,NA,NA,NA,NA,NA,NA,NA,NA,0.00,NA,NA,NA
2025-03-03 09:00:00,58.31,164.72,1.13,2.32,2.15,NA,NA,0.45,25.67,0.00,0.00,0.00,NA,NA,NA,NA,NA,NA,NA,NA,0.00,NA,NA,NA
2025-03-03 10:00:00,73.49,210.61,0.88,2.44,2.02,NA,NA,0.43,43.29,0.00,0.00,0.00,NA,NA,NA,NA,NA,NA,NA,NA,0.00,NA,NA,NA
2025-03-03 11:00:00,53.69,178.05,0.89,2.47,2.03,NA,NA,0.35,66.35,0.00,0.00,0.00,NA,NA,NA,NA,NA,NA,NA,NA,0.00,NA,NA,NA
2025-03-03 12:00:00,45.17,158.64,5.67,6.28,7.22,NA,NA,0.30,76.44,0.00,0.00,0.00,NA,NA,NA,NA,NA,NA,NA,NA,0.00,NA,NA,NA
2025-03-03 13:00:00,45.55,134.86,5.17,17.81,13.68,NA,NA,0.24,95.95,0.00,0.00,0.00,NA,NA,NA,NA,NA,NA,NA,NA,0.00,NA,NA,NA
2025-03-03 14:00:00,29.45,140.05,6.25,12.55,11.75,NA,NA,0.26,123.59,0.00,0.00,0.00,NA,NA,NA,NA,NA,NA,NA,NA,0.00,NA,NA,NA
2025-03-03 15:00:00,40.58,134.01,27.18,8.22,26.45,NA,NA,0.20,105.33,0.00,0.00,0.00,NA,NA,NA,NA,NA,NA,NA,NA,0.00,NA,NA,NA
2025-03-03 16:00:00,49.32,151.93,10.62,9.23,13.58,NA,NA,0.23,95.62,0.00,0.00,0.00,NA,NA,NA,NA,NA,NA,NA,NA,0.00,NA,NA,NA
2025-03-03 17:00:00,29.60,135.38,0.16,12.19,6.58,NA,NA,0.26,72.04,0.00,0.00,0.00,NA,NA,NA,NA,NA,NA,NA,NA,0.00,NA,NA,NA
2025-03-03 18:00:00,42.42,154.40,0.38,23.16,12.63,NA,NA,0.31,43.23,0.00,0.00,0.00,NA,NA,NA,NA,NA,NA,NA,NA,0.00,NA,NA,NA
2025-03-03 19:00:00,50.86,171.97,0.63,25.64,14.15,NA,NA,0.38,30.31,0.00,0.00,0.00,NA,NA,NA,NA,NA,NA,NA,NA,0.00,NA,NA,NA
2025-03-03 20:00:00,27.94,159.21,9.05,24.36,20.29,NA,NA,0.38,26.41,0.00,0.00,0.00,NA,NA,NA,NA,NA,NA,NA,NA,0.00,NA,NA,NA
2025-03-03 21:00:00,44.98,165.28,31.16,23.59,37.87,NA,NA,0.38,23.54,0.00,0.00,0.00,NA,NA,NA,NA,NA,NA,NA,NA,0.00,NA,NA,NA
2025-03-03 22:00:00,63.14,183.78,20.84,25.97,30.75,NA,NA,0.46,17.47,0.00,0.00,0.00,NA,NA,NA,NA,NA,NA,NA,NA,0.00,NA,NA,NA
2025-03-03 23:00:00,56.14,182.48,33.59,18.05,36.91,NA,NA,0.43,30.91,0.00,0.00,0.00,NA,NA,NA,NA,NA,NA,NA,NA,0.00,NA,NA,NA
2025-03-04 00:00:00,70.80,185.96,31.23,16.04,33.93,NA,NA,0.45,32.53,0.00,0.00,0.00,NA,NA,NA,NA,NA,NA,NA,NA,0.00,NA,NA,NA
2025-03-04 01:00:00,87.16,204.88,30.77,14.96,32.97,NA,NA,0.45,23.97,0.00,0.00,0.00,NA,NA,NA,NA,NA,NA,NA,NA,0.00,NA,NA,NA
2025-03-04 02:00:00,61.14,146.36,36.33,16.92,38.53,NA,NA,0.43,14.28,0.00,0.00,0.00,NA,NA,NA,NA,NA,NA,NA,NA,0.00,NA,NA,NA
2025-03-04 03:00:00,53.79,146.03,38.84,17.78,41.08,NA,NA,0.37,15.95,0.00,0.00,0.00,NA,NA,NA,NA,NA,NA,NA,NA,0.00,NA,NA,NA
2025-03-04 04:00:00,43.10,138.56,13.79,10.91,16.98,NA,NA,0.35,30.95,0.00,0.00,0.00,NA,NA,NA,NA,NA,NA,NA,NA,0.00,NA,NA,NA
2025-03-04 05:00:00,35.85,125.25,34.68,11.96,34.56,NA,NA,0.34,19.00,0.00,0.00,0.00,NA,NA,NA,NA,NA,NA,NA,NA,0.00,NA,NA,NA
2025-03-04 06:00:00,49.82,137.34,46.43,16.10,46.31,NA,NA,0.38,9.15,0.00,0.00,0.00,NA,NA,NA,NA,NA,NA,NA,NA,0.00,NA,NA,NA
2025-03-04 07:00:00,53.08,156.97,45.41,19.66,47.36,NA,NA,0.46,7.65,0.00,0.00,0.00,NA,NA,NA,NA,NA,NA,NA,NA,0.00,NA,NA,NA
2025-03-04 08:00:00,35.07,159.85,41.67,16.19,42.50,NA,NA,0.42,17.34,0.00,0.00,0.00,NA,NA,NA,NA,NA,NA,NA,NA,0.00,NA,NA,NA
2025-03-04 09:00:00,49.82,176.62,40.58,8.26,37.40,NA,NA,0.37,43.88,0.00,0.00,0.00,NA,NA,NA,NA,NA,NA,NA,NA,0.00,NA,NA,NA
2025-03-04 10:00:00,43.79,158.26,39.03,8.53,36.24,NA,NA,0.35,53.74,0.00,0.00,0.00,NA,NA,NA,NA,NA,NA,NA,NA,0.00,NA,NA,NA
2025-03-04 11:00:00,41.97,165.65,45.71,6.81,40.79,NA,NA,0.31,65.70,0.00,0.00,0.00,NA,NA,NA,NA,NA,NA,NA,NA,0.00,NA,NA,NA
2025-03-04 12:00:00,46.96,157.90,35.78,5.71,32.17,NA,NA,0.28,74.43,0.00,0.00,0.00,NA,NA,NA,NA,NA,NA,NA,NA,0.00,NA,NA,NA
2025-03-04 13:00:00,41.50,138.17,41.39,5.32,36.44,NA,NA,0.28,73.82,0.00,0.00,0.00,NA,NA,NA,NA,NA,NA,NA,NA,0.00,NA,NA,NA
2025-03-04 14:00:00,39.27,144.51,38.75,5.11,34.23,NA,NA,0.25,73.34,0.00,0.00,0.00,NA,NA,NA,NA,NA,NA,NA,NA,0.00,NA,NA,NA
2025-03-04 15:00:00,40.91,132.90,41.45,4.64,36.17,NA,NA,0.23,73.82,0.00,0.00,0.00,NA,NA,NA,NA,NA,NA,NA,NA,0.00,NA,NA,NA
2025-03-04 16:00:00,51.36,143.72,38.07,5.43,33.83,NA,NA,0.23,72.52,0.00,0.00,0.00,NA,NA,NA,NA,NA,NA,NA,NA,0.00,NA,NA,NA
2025-03-04 17:00:00,42.11,136.93,31.64,6.46,29.15,NA,NA,0.25,64.41,0.00,0.00,0.00,NA,NA,NA,NA,NA,NA,NA,NA,0.00,NA,NA,NA
2025-03-04 18:00:00,13.28,94.46,41.27,7.36,37.47,NA,NA,0.26,58.36,0.00,0.00,0.00,NA,NA,NA,NA,NA,NA,NA,NA,0.00,NA,NA,NA
2025-03-04 19:00:00,23.14,105.59,33.84,7.00,31.24,NA,NA,0.25,50.18,0.00,0.00,0.00,NA,NA,NA,NA,NA,NA,NA,NA,0.00,NA,NA,NA
2025-03-04 20:00:00,27.34,95.07,38.00,6.51,34.34,NA,NA,0.24,50.03,0.00,0.00,0.00,NA,NA,NA,NA,NA,NA,NA,NA,0.00,NA,NA,NA
2025-03-04 21:00:00,6.59,74.84,47.09,6.05,41.51,NA,NA,0.26,49.42,0.00,0.00,0.00,NA,NA,NA,NA,NA,NA,NA,NA,0.00,NA,NA,NA
2025-03-04 22:00:00,24.25,93.30,45.84,6.23,40.59,NA,NA,0.25,54.62,0.00,0.00,0.00,NA,NA,NA,NA,NA,NA,NA,NA,0.00,NA,NA,NA
2025-03-04 23:00:00,42.72,93.81,22.73,7.18,22.30,NA,NA,0.28,57.50,0.00,0.00,0.00,NA,NA,NA,NA,NA,NA,NA,NA,0.00,NA,NA,NA
2025-03-05 00:00:00,33.83,64.38,47.18,5.55,41.30,NA,NA,0.25,53.39,0.00,0.00,0.00,NA,NA,NA,NA,NA,NA,NA,NA,0.00,NA,NA,NA
2025-03-05 01:00:00,32.93,77.35,49.12,4.96,42.59,NA,NA,0.24,50.19,0.00,0.00,0.00,NA,NA,NA,NA,NA,NA,NA,NA,0.00,NA,NA,NA
2025-03-05 02:00:00,32.21,68.57,34.31,5.00,30.53,NA,NA,0.25,47.30,0.00,0.00,0.00,NA,NA,NA,NA,NA,NA,NA,NA,0.00,NA,NA,NA
2025-03-05 03:00:00,11.37,46.30,51.55,3.81,43.95,NA,NA,0.23,47.44,0.00,0.00,0.00,NA,NA,NA,NA,NA,NA,NA,NA,0.00,NA,NA,NA
2025-03-05 04:00:00,24.73,59.50,45.81,4.76,39.77,NA,NA,0.22,47.22,0.00,0.00,0.00,NA,NA,NA,NA,NA,NA,NA,NA,0.00,NA,NA,NA
2025-03-05 05:00:00,27.71,48.93,40.79,5.05,35.84,NA,NA,0.24,46.60,0.00,0.00,0.00,NA,NA,NA,NA,NA,NA,NA,NA,0.00,NA,NA,NA
2025-03-05 06:00:00,18.09,47.96,45.68,6.57,40.62,NA,NA,0.21,41.07,0.00,0.00,0.00,NA,NA,NA,NA,NA,NA,NA,NA,0.00,NA,NA,NA
2025-03-05 07:00:00,34.11,68.90,45.87,7.07,41.08,NA,NA,0.24,41.91,0.00,0.00,0.00,NA,NA,NA,NA,NA,NA,NA,NA,0.00,NA,NA,NA
2025-03-05 08:00:00,21.43,84.20,34.80,7.61,32.31,NA,NA,0.24,44.83,0.00,0.00,0.00,NA,NA,NA,NA,NA,NA,NA,NA,0.00,NA,NA,NA
2025-03-05 09:00:00,24.22,118.06,58.96,5.48,50.84,NA,NA,0.25,50.96,0.00,0.00,0.00,NA,NA,NA,NA,NA,NA,NA,NA,0.00,NA,NA,NA
2025-03-05 10:00:00,35.51,153.31,51.11,5.09,44.28,NA,NA,0.23,60.43,0.00,0.00,0.00,NA,NA,NA,NA,NA,NA,NA,NA,0.00,NA,NA,NA
2025-03-05 11:00:00,25.78,153.88,54.34,4.54,46.58,NA,NA,0.22,60.53,0.00,0.00,0.00,NA,NA,NA,NA,NA,NA,NA,NA,0.00,NA,NA,NA
2025-03-05 12:00:00,21.46,183.75,59.33,3.85,50.28,NA,NA,0.22,62.54,0.00,0.00,0.00,NA,NA,NA,NA,NA,NA,NA,NA,0.00,NA,NA,NA
2025-03-05 13:00:00,30.55,189.85,63.56,3.06,53.32,NA,NA,0.21,65.00,0.00,0.00,0.00,NA,NA,NA,NA,NA,NA,NA,NA,0.00,NA,NA,NA
2025-03-05 14:00:00,17.63,182.08,76.57,2.89,63.49,NA,NA,0.20,63.41,0.00,0.00,0.00,NA,NA,NA,NA,NA,NA,NA,NA,0.00,NA,NA,NA
2025-03-05 15:00:00,21.12,160.84,22.44,6.76,21.85,NA,NA,0.22,68.35,0.00,0.00,0.00,NA,NA,NA,NA,NA,NA,NA,NA,0.00,NA,NA,NA
2025-03-05 16:00:00,31.41,175.74,11.26,3.94,6.11,NA,NA,0.21,73.07,0.00,0.00,0.00,NA,NA,NA,NA,NA,NA,NA,NA,0.00,NA,NA,NA
2025-03-05 17:00:00,14.07,155.05,NA,2.79,0.00,NA,NA,0.23,66.98,0.00,0.00,0.00,NA,NA,NA,NA,NA,NA,NA,NA,0.00,NA,NA,NA
2025-03-05 18:00:00,18.02,116.49,9.13,5.27,11.44,NA,NA,0.25,58.67,0.00,0.00,0.00,NA,NA,NA,NA,NA,NA,NA,NA,0.00,NA,NA,NA
2025-03-05 19:00:00,28.76,112.87,12.67,16.94,19.32,NA,NA,0.29,50.49,0.00,0.00,0.00,NA,NA,NA,NA,NA,NA,NA,NA,0.00,NA,NA,NA
2025-03-05 20:00:00,10.41,91.36,10.76,12.97,15.65,NA,NA,0.28,54.41,0.00,0.00,0.00,NA,NA,NA,NA,NA,NA,NA,NA,0.00,NA,NA,NA
2025-03-05 21:00:00,15.68,93.17,10.51,11.36,14.58,NA,NA,0.28,57.29,0.00,0.00,0.00,NA,NA,NA,NA,NA,NA,NA,NA,0.00,NA,NA,NA
2025-03-05 22:00:00,30.72,105.53,9.97,11.19,14.05,NA,NA,0.30,55.41,0.00,0.00,0.00,NA,NA,NA,NA,NA,NA,NA,NA,0.00,NA,NA,NA
2025-03-05 23:00:00,18.25,88.17,9.50,11.65,13.92,NA,NA,0.29,50.69,0.00,0.00,0.00,NA,NA,NA,NA,NA,NA,NA,NA,0.00,NA,NA,NA
2025-03-06 00:00:00,26.83,99.03,9.39,13.13,14.62,NA,NA,0.30,45.32,0.00,0.00,0.00,NA,NA,NA,NA,NA,NA,NA,NA,0.00,NA,NA,NA
2025-03-06 01:00:00,47.74,116.27,9.38,12.86,14.47,NA,NA,0.31,45.40,0.00,0.00,0.00,NA,NA,NA,NA,NA,NA,NA,NA,0.00,NA,NA,NA
2025-03-06 02:00:00,29.18,101.45,8.96,12.09,13.72,NA,NA,0.30,44.76,0.00,0.00,0.00,NA,NA,NA,NA,NA,NA,NA,NA,0.00,NA,NA,NA
2025-03-06 03:00:00,43.41,113.56,8.89,11.52,13.36,NA,NA,0.29,44.11,0.00,0.00,0.00,NA,NA,NA,NA,NA,NA,NA,NA,0.00,NA,NA,NA
2025-03-06 04:00:00,54.27,123.07,8.96,12.21,13.78,NA,NA,0.33,37.93,0.00,0.00,0.00,NA,NA,NA,NA,NA,NA,NA,NA,0.00,NA,NA,NA
2025-03-06 05:00:00,29.78,99.93,8.60,12.92,13.87,NA,NA,0.30,36.35,0.00,0.00,0.00,NA,NA,NA,NA,NA,NA,NA,NA,0.00,NA,NA,NA
2025-03-06 06:00:00,35.21,110.24,8.67,11.98,13.42,NA,NA,0.30,47.14,0.00,0.00,0.00,NA,NA,NA,NA,NA,NA,NA,NA,0.00,NA,NA,NA
2025-03-06 07:00:00,42.16,115.84,9.09,14.48,15.09,NA,NA,0.32,41.68,0.00,0.00,0.00,NA,NA,NA,NA,NA,NA,NA,NA,0.00,NA,NA,NA
2025-03-06 08:00:00,21.51,113.08,9.14,13.58,14.66,NA,NA,0.32,48.49,0.00,0.00,0.00,NA,NA,NA,NA,NA,NA,NA,NA,0.00,NA,NA,NA
2025-03-06 09:00:00,41.78,159.52,8.84,10.97,13.02,NA,NA,0.32,67.18,0.00,0.00,0.00,NA,NA,NA,NA,NA,NA,NA,NA,0.00,NA,NA,NA
2025-03-06 10:00:00,50.10,195.65,8.77,10.51,12.73,NA,NA,0.33,70.79,0.00,0.00,0.00,NA,NA,NA,NA,NA,NA,NA,NA,0.00,NA,NA,NA
2025-03-06 11:00:00,30.84,171.67,8.55,9.67,12.09,NA,NA,0.29,74.30,0.00,0.00,0.00,NA,NA,NA,NA,NA,NA,NA,NA,0.00,NA,NA,NA
2025-03-06 12:00:00,44.26,160.88,8.74,10.19,12.52,NA,NA,0.28,83.33,0.00,0.00,0.00,NA,NA,NA,NA,NA,NA,NA,NA,0.00,NA,NA,NA
2025-03-06 13:00:00,27.98,121.26,8.43,8.98,11.63,NA,NA,0.27,77.79,0.00,0.00,0.00,NA,NA,NA,NA,NA,NA,NA,NA,0.00,NA,NA,NA
2025-03-06 14:00:00,16.16,97.26,8.49,8.37,11.35,NA,NA,0.25,73.52,0.00,0.00,0.00,NA,NA,NA,NA,NA,NA,NA,NA,0.00,NA,NA,NA
2025-03-06 15:00:00,25.45,92.01,8.73,8.27,11.50,NA,NA,0.26,73.67,0.00,0.00,0.00,NA,NA,NA,NA,NA,NA,NA,NA,0.00,NA,NA,NA
2025-03-06 16:00:00,17.92,77.10,8.40,8.73,11.48,NA,NA,0.26,69.51,0.00,0.00,0.00,NA,NA,NA,NA,NA,NA,NA,NA,0.00,NA,NA,NA
2025-03-06 17:00:00,16.08,76.76,8.56,13.20,13.99,NA,NA,0.25,61.60,0.00,0.00,0.00,NA,NA,NA,NA,NA,NA,NA,NA,0.00,NA,NA,NA
2025-03-06 18:00:00,25.77,83.59,8.84,22.59,19.20,NA,NA,0.29,43.76,0.00,0.00,0.00,NA,NA,NA,NA,NA,NA,NA,NA,0.00,NA,NA,NA
2025-03-06 19:00:00,17.95,63.14,27.54,32.51,39.63,NA,NA,0.48,11.89,0.00,0.00,0.00,NA,NA,NA,NA,NA,NA,NA,NA,0.00,NA,NA,NA
2025-03-06 20:00:00,14.65,103.93,53.03,32.22,60.22,NA,NA,0.67,8.85,0.00,0.00,0.00,NA,NA,NA,NA,NA,NA,NA,NA,0.00,NA,NA,NA
2025-03-06 21:00:00,39.02,142.19,77.17,28.83,78.08,NA,NA,0.84,10.47,0.00,0.00,0.00,NA,NA,NA,NA,NA,NA,NA,NA,0.00,NA,NA,NA
2025-03-06 22:00:00,29.57,153.99,84.24,29.10,83.96,NA,NA,0.89,6.95,0.00,0.00,0.00,NA,NA,NA,NA,NA,NA,NA,NA,0.00,NA,NA,NA
2025-03-06 23:00:00,41.21,151.50,75.87,30.50,77.92,NA,NA,0.89,7.39,0.00,0.00,0.00,NA,NA,NA,NA,NA,NA,NA,NA,0.00,NA,NA,NA
2025-03-07 00:00:00,67.78,181.57,78.97,27.44,78.79,NA,NA,0.97,10.70,0.00,0.00,0.00,NA,NA,NA,NA,NA,NA,NA,NA,0.00,NA,NA,NA
2025-03-07 01:00:00,61.60,191.07,91.62,23.30,86.88,NA,NA,1.04,7.72,0.00,0.00,0.00,NA,NA,NA,NA,NA,NA,NA,NA,0.00,NA,NA,NA
2025-03-07 02:00:00,75.40,181.27,85.93,21.94,81.55,NA,NA,1.02,7.54,0.00,0.00,0.00,NA,NA,NA,NA,NA,NA,NA,NA,0.00,NA,NA,NA
2025-03-07 03:00:00,84.16,190.76,78.63,18.97,74.02,NA,NA,0.97,8.99,0.00,0.00,0.00,NA,NA,NA,NA,NA,NA,NA,NA,0.00,NA,NA,NA
2025-03-07 04:00:00,58.69,143.98,72.18,19.22,68.91,NA,NA,0.92,5.90,0.00,0.00,0.00,NA,NA,NA,NA,NA,NA,NA,NA,0.00,NA,NA,NA
2025-03-07 05:00:00,70.35,146.90,71.52,19.22,68.36,NA,NA,0.89,7.46,0.00,0.00,0.00,NA,NA,NA,NA,NA,NA,NA,NA,0.00,NA,NA,NA
2025-03-07 06:00:00,95.09,173.55,76.75,19.42,72.72,NA,NA,0.92,8.90,0.00,0.00,0.00,NA,NA,NA,NA,NA,NA,NA,NA,0.00,NA,NA,NA
2025-03-07 07:00:00,67.05,207.90,80.70,24.71,78.75,NA,NA,0.90,9.67,0.00,0.00,0.00,NA,NA,NA,NA,NA,NA,NA,NA,0.00,NA,NA,NA
2025-03-07 08:00:00,110.71,265.19,49.48,36.80,59.85,NA,NA,0.81,11.21,0.00,0.00,0.00,NA,NA,NA,NA,NA,NA,NA,NA,0.00,NA,NA,NA
2025-03-07 09:00:00,113.55,238.85,27.18,29.95,38.04,NA,NA,0.65,39.66,0.00,0.00,0.00,NA,NA,NA,NA,NA,NA,NA,NA,0.00,NA,NA,NA
2025-03-07 10:00:00,55.87,166.67,17.61,23.31,26.73,NA,NA,0.53,69.70,0.00,0.00,0.00,NA,NA,NA,NA,NA,NA,NA,NA,0.00,NA,NA,NA
2025-03-07 11:00:00,47.24,174.57,11.97,20.78,20.79,NA,NA,0.49,90.72,0.00,0.00,0.00,NA,NA,NA,NA,NA,NA,NA,NA,0.00,NA,NA,NA
2025-03-07 12:00:00,71.14,196.78,9.21,18.18,17.16,NA,NA,0.48,100.98,0.00,0.00,0.00,NA,NA,NA,NA,NA,NA,NA,NA,0.00,NA,NA,NA
2025-03-07 13:00:00,30.77,134.45,8.22,14.87,14.59,NA,NA,0.41,94.55,0.00,0.00,0.00,NA,NA,NA,NA,NA,NA,NA,NA,0.00,NA,NA,NA
2025-03-07 14:00:00,31.41,119.21,8.42,13.05,13.79,NA,NA,0.31,85.83,0.00,0.00,0.00,NA,NA,NA,NA,NA,NA,NA,NA,0.00,NA,NA,NA
2025-03-07 15:00:00,31.33,79.46,8.23,11.64,12.89,NA,NA,0.33,77.99,0.00,0.00,0.00,NA,NA,NA,NA,NA,NA,NA,NA,0.00,NA,NA,NA
2025-03-07 16:00:00,26.76,59.52,8.02,12.39,13.11,NA,NA,0.31,77.76,0.00,0.00,0.00,NA,NA,NA,NA,NA,NA,NA,NA,0.00,NA,NA,NA
2025-03-07 17:00:00,32.57,75.15,8.14,14.02,14.07,NA,NA,0.30,71.38,0.00,0.00,0.00,NA,NA,NA,NA,NA,NA,NA,NA,0.00,NA,NA,NA
2025-03-07 18:00:00,32.23,69.46,8.21,20.63,17.65,NA,NA,0.34,46.86,0.00,0.00,0.00,NA,NA,NA,NA,NA,NA,NA,NA,0.00,NA,NA,NA
2025-03-07 19:00:00,22.04,66.69,19.07,31.48,32.28,NA,NA,0.46,18.34,0.00,0.00,0.00,NA,NA,NA,NA,NA,NA,NA,NA,0.00,NA,NA,NA
2025-03-07 20:00:00,41.06,119.49,37.93,36.05,50.01,NA,NA,0.66,10.35,0.00,0.00,0.00,NA,NA,NA,NA,NA,NA,NA,NA,0.00,NA,NA,NA
2025-03-07 21:00:00,40.25,140.83,46.42,34.55,56.11,NA,NA,0.78,7.38,0.00,0.00,0.00,NA,NA,NA,NA,NA,NA,NA,NA,0.00,NA,NA,NA
2025-03-07 22:00:00,47.22,177.68,60.44,31.09,65.68,NA,NA,0.89,7.96,0.00,0.00,0.00,NA,NA,NA,NA,NA,NA,NA,NA,0.00,NA,NA,NA
2025-03-07 23:00:00,65.79,185.55,78.04,27.06,77.84,NA,NA,1.04,9.06,0.00,0.00,0.00,NA,NA,NA,NA,NA,NA,NA,NA,0.00,NA,NA,NA
2025-03-08 00:00:00,65.44,180.45,84.03,23.33,80.72,NA,NA,1.05,6.04,0.00,0.00,0.00,NA,NA,NA,NA,NA,NA,NA,NA,0.00,NA,NA,NA
2025-03-08 01:00:00,71.49,182.25,57.03,27.65,61.06,NA,NA,0.86,6.57,0.00,0.00,0.00,NA,NA,NA,NA,NA,NA,NA,NA,0.00,NA,NA,NA
2025-03-08 02:00:00,84.98,181.85,28.34,29.47,38.71,NA,NA,0.66,8.45,0.00,0.00,0.00,NA,NA,NA,NA,NA,NA,NA,NA,0.00,NA,NA,NA
2025-03-08 03:00:00,68.88,143.52,19.66,29.64,31.75,NA,NA,0.58,7.92,0.00,0.00,0.00,NA,NA,NA,NA,NA,NA,NA,NA,0.00,NA,NA,NA
2025-03-08 04:00:00,59.91,119.86,15.75,29.56,28.52,NA,NA,0.54,10.53,0.00,0.00,0.00,NA,NA,NA,NA,NA,NA,NA,NA,0.00,NA,NA,NA
2025-03-08 05:00:00,65.51,118.61,12.70,22.70,22.40,NA,NA,0.49,16.46,0.00,0.00,0.00,NA,NA,NA,NA,NA,NA,NA,NA,0.00,NA,NA,NA
2025-03-08 06:00:00,42.06,81.70,10.66,22.62,20.70,NA,NA,0.48,12.78,0.00,0.00,0.00,NA,NA,NA,NA,NA,NA,NA,NA,0.00,NA,NA,NA
2025-03-08 07:00:00,48.15,109.70,14.02,25.47,24.95,NA,NA,0.50,11.42,0.00,0.00,0.00,NA,NA,NA,NA,NA,NA,NA,NA,0.00,NA,NA,NA
2025-03-08 08:00:00,58.72,158.92,10.26,23.65,20.92,NA,NA,0.48,34.12,0.00,0.00,0.00,NA,NA,NA,NA,NA,NA,NA,NA,0.00,NA,NA,NA
2025-03-08 09:00:00,44.59,158.68,8.68,17.53,16.37,NA,NA,0.44,61.16,0.00,0.00,0.00,NA,NA,NA,NA,NA,NA,NA,NA,0.00,NA,NA,NA
2025-03-08 10:00:00,47.57,176.18,8.12,14.67,14.40,NA,NA,0.40,78.65,0.00,0.00,0.00,NA,NA,NA,NA,NA,NA,NA,NA,0.00,NA,NA,NA
2025-03-08 11:00:00,68.93,255.13,8.07,12.81,13.38,NA,NA,0.34,71.32,0.00,0.00,0.00,NA,NA,NA,NA,NA,NA,NA,NA,0.00,NA,NA,NA
2025-03-08 12:00:00,23.84,100.10,8.02,12.17,12.99,NA,NA,0.31,79.67,0.00,0.00,0.00,NA,NA,NA,NA,NA,NA,NA,NA,0.00,NA,NA,NA
2025-03-08 13:00:00,37.89,99.38,8.50,11.35,12.95,NA,NA,0.28,81.48,0.00,0.00,0.00,NA,NA,NA,NA,NA,NA,NA,NA,0.00,NA,NA,NA
2025-03-08 14:00:00,41.29,97.00,8.32,10.73,12.47,NA,NA,0.27,84.21,0.00,0.00,0.00,NA,NA,NA,NA,NA,NA,NA,NA,0.00,NA,NA,NA
2025-03-08 15:00:00,11.13,71.28,8.10,11.10,12.49,NA,NA,0.28,79.91,0.00,0.00,0.00,NA,NA,NA,NA,NA,NA,NA,NA,0.00,NA,NA,NA
2025-03-08 16:00:00,29.68,95.80,8.49,12.10,13.34,NA,NA,0.25,80.98,0.00,0.00,0.00,NA,NA,NA,NA,NA,NA,NA,NA,0.00,NA,NA,NA
2025-03-08 17:00:00,45.87,114.76,8.34,14.61,14.55,NA,NA,0.29,77.11,0.00,0.00,0.00,NA,NA,NA,NA,NA,NA,NA,NA,0.00,NA,NA,NA
2025-03-08 18:00:00,26.07,92.44,8.15,19.33,16.91,NA,NA,0.31,56.37,0.00,0.00,0.00,NA,NA,NA,NA,NA,NA,NA,NA,0.00,NA,NA,NA
2025-03-08 19:00:00,47.07,94.17,11.98,33.00,27.29,NA,NA,0.45,17.77,0.00,0.00,0.00,NA,NA,NA,NA,NA,NA,NA,NA,0.00,NA,NA,NA
2025-03-08 20:00:00,42.52,111.20,29.11,33.75,41.61,NA,NA,0.66,8.24,0.00,0.00,0.00,NA,NA,NA,NA,NA,NA,NA,NA,0.00,NA,NA,NA
2025-03-08 21:00:00,31.58,109.93,43.74,32.24,52.71,NA,NA,0.75,7.49,0.00,0.00,0.00,NA,NA,NA,NA,NA,NA,NA,NA,0.00,NA,NA,NA
2025-03-08 22:00:00,56.36,134.32,50.96,31.09,57.96,NA,NA,0.81,8.34,0.00,0.00,0.00,NA,NA,NA,NA,NA,NA,NA,NA,0.00,NA,NA,NA
2025-03-08 23:00:00,72.28,164.08,69.70,26.97,71.00,NA,NA,0.96,7.02,0.00,0.00,0.00,NA,NA,NA,NA,NA,NA,NA,NA,0.00,NA,NA,NA
2025-03-09 00:00:00,58.76,183.19,87.41,23.01,83.30,NA,NA,1.04,6.66,0.00,0.00,0.00,NA,NA,NA,NA,NA,NA,NA,NA,0.00,NA,NA,NA
2025-03-09 01:00:00,88.24,205.16,75.35,26.79,75.52,NA,NA,1.06,8.73,0.00,0.00,0.00,NA,NA,NA,NA,NA,NA,NA,NA,0.00,NA,NA,NA
2025-03-09 02:00:00,103.26,220.99,62.40,28.24,65.75,NA,NA,1.01,5.71,0.00,0.00,0.00,NA,NA,NA,NA,NA,NA,NA,NA,0.00,NA,NA,NA
2025-03-09 03:00:00,92.16,191.92,69.45,24.53,69.50,NA,NA,1.06,6.45,0.00,0.00,0.00,NA,NA,NA,NA,NA,NA,NA,NA,0.00,NA,NA,NA
2025-03-09 04:00:00,102.75,192.04,73.22,20.32,70.34,NA,NA,1.09,7.62,0.00,0.00,0.00,NA,NA,NA,NA,NA,NA,NA,NA,0.00,NA,NA,NA
2025-03-09 05:00:00,87.42,180.75,75.44,18.39,71.12,NA,NA,1.13,5.85,0.00,0.00,0.00,NA,NA,NA,NA,NA,NA,NA,NA,0.00,NA,NA,NA
2025-03-09 06:00:00,89.39,196.28,82.03,16.38,75.39,NA,NA,1.13,7.48,0.00,0.00,0.00,NA,NA,NA,NA,NA,NA,NA,NA,0.00,NA,NA,NA
2025-03-09 07:00:00,103.40,206.06,102.93,13.10,90.63,NA,NA,1.21,11.36,0.00,0.00,0.00,NA,NA,NA,NA,NA,NA,NA,NA,0.00,NA,NA,NA
2025-03-09 08:00:00,88.07,220.85,82.07,33.79,84.74,NA,NA,1.17,5.85,0.00,0.00,0.00,NA,NA,NA,NA,NA,NA,NA,NA,0.00,NA,NA,NA
2025-03-09 09:00:00,121.23,281.96,30.25,34.57,43.00,NA,NA,0.72,42.88,0.00,0.00,0.00,NA,NA,NA,NA,NA,NA,NA,NA,0.00,NA,NA,NA
2025-03-09 10:00:00,127.72,237.62,20.52,23.06,28.96,NA,NA,0.60,75.61,0.00,0.00,0.00,NA,NA,NA,NA,NA,NA,NA,NA,0.00,NA,NA,NA
2025-03-09 11:00:00,70.71,155.44,14.32,18.69,21.60,NA,NA,0.53,82.49,0.00,0.00,0.00,NA,NA,NA,NA,NA,NA,NA,NA,0.00,NA,NA,NA
2025-03-09 12:00:00,62.55,137.80,10.42,17.90,18.00,NA,NA,0.46,92.06,0.00,0.00,0.00,NA,NA,NA,NA,NA,NA,NA,NA,0.00,NA,NA,NA
2025-03-09 13:00:00,76.91,144.06,8.62,14.72,14.84,NA,NA,0.45,101.79,0.00,0.00,0.00,NA,NA,NA,NA,NA,NA,NA,NA,0.00,NA,NA,NA
2025-03-09 14:00:00,51.59,116.47,8.00,13.30,13.58,NA,NA,0.39,105.12,0.00,0.00,0.00,NA,NA,NA,NA,NA,NA,NA,NA,0.00,NA,NA,NA
2025-03-09 15:00:00,57.61,126.06,8.06,13.38,13.67,NA,NA,0.37,98.94,0.00,0.00,0.00,NA,NA,NA,NA,NA,NA,NA,NA,0.00,NA,NA,NA
2025-03-09 16:00:00,65.03,145.09,8.18,13.60,13.88,NA,NA,0.35,95.13,0.00,0.00,0.00,NA,NA,NA,NA,NA,NA,NA,NA,0.00,NA,NA,NA
2025-03-09 17:00:00,41.69,122.59,8.06,17.38,15.79,NA,NA,0.36,75.39,0.00,0.00,0.00,NA,NA,NA,NA,NA,NA,NA,NA,0.00,NA,NA,NA
2025-03-09 18:00:00,58.37,150.14,8.35,27.72,21.53,NA,NA,0.45,40.96,0.00,0.00,0.00,NA,NA,NA,NA,NA,NA,NA,NA,0.00,NA,NA,NA
2025-03-09 19:00:00,68.73,178.02,8.68,35.32,25.84,NA,NA,0.53,20.62,0.00,0.00,0.00,NA,NA,NA,NA,NA,NA,NA,NA,0.00,NA,NA,NA
2025-03-09 20:00:00,57.36,175.62,20.93,40.40,38.49,NA,NA,0.66,8.08,0.00,0.00,0.00,NA,NA,NA,NA,NA,NA,NA,NA,0.00,NA,NA,NA
2025-03-09 21:00:00,67.42,190.14,26.62,36.56,41.09,NA,NA,0.72,6.95,0.00,0.00,0.00,NA,NA,NA,NA,NA,NA,NA,NA,0.00,NA,NA,NA
2025-03-09 22:00:00,86.05,192.55,31.76,35.06,44.46,NA,NA,0.81,7.74,0.00,0.00,0.00,NA,NA,NA,NA,NA,NA,NA,NA,0.00,NA,NA,NA
2025-03-09 23:00:00,66.98,199.53,39.87,34.17,50.58,NA,NA,0.87,6.96,0.00,0.00,0.00,NA,NA,NA,NA,NA,NA,NA,NA,0.00,NA,NA,NA
2025-03-10 00:00:00,115.71,227.45,40.11,32.99,50.16,NA,NA,0.85,7.32,0.00,0.00,0.00,NA,NA,NA,NA,NA,NA,NA,NA,0.00,NA,NA,NA
2025-03-10 01:00:00,108.53,192.37,31.79,30.93,42.31,NA,NA,0.76,6.52,0.00,0.00,0.00,NA,NA,NA,NA,NA,NA,NA,NA,0.00,NA,NA,NA
2025-03-10 02:00:00,68.20,148.37,25.80,28.93,36.36,NA,NA,0.72,6.68,0.00,0.00,0.00,NA,NA,NA,NA,NA,NA,NA,NA,0.00,NA,NA,NA
2025-03-10 03:00:00,93.67,177.91,25.43,26.79,34.94,NA,NA,0.72,8.18,0.00,0.00,0.00,NA,NA,NA,NA,NA,NA,NA,NA,0.00,NA,NA,NA
2025-03-10 04:00:00,99.29,177.01,24.39,26.21,33.77,NA,NA,0.71,6.82,0.00,0.00,0.00,NA,NA,NA,NA,NA,NA,NA,NA,0.00,NA,NA,NA
2025-03-10 05:00:00,78.23,143.09,19.96,26.42,30.28,NA,NA,0.67,6.90,0.00,0.00,0.00,NA,NA,NA,NA,NA,NA,NA,NA,0.00,NA,NA,NA
2025-03-10 06:00:00,95.45,172.35,18.38,25.45,28.47,NA,NA,0.69,9.72,0.00,0.00,0.00,NA,NA,NA,NA,NA,NA,NA,NA,0.00,NA,NA,NA
2025-03-10 07:00:00,96.11,204.64,18.94,30.30,31.52,NA,NA,0.71,8.04,0.00,0.00,0.00,NA,NA,NA,NA,NA,NA,NA,NA,0.00,NA,NA,NA
2025-03-10 08:00:00,110.67,262.62,10.66,26.43,22.74,NA,NA,0.67,23.07,0.00,0.00,0.00,NA,NA,NA,NA,NA,NA,NA,NA,0.00,NA,NA,NA
2025-03-10 09:00:00,115.09,259.13,9.44,22.14,19.45,NA,NA,0.63,45.55,0.00,0.00,0.00,NA,NA,NA,NA,NA,NA,NA,NA,0.00,NA,NA,NA
2025-03-10 10:00:00,118.70,271.41,8.74,20.92,18.24,NA,NA,0.60,62.64,0.00,0.00,0.00,NA,NA,NA,NA,NA,NA,NA,NA,0.00,NA,NA,NA
2025-03-10 11:00:00,109.57,223.61,8.11,17.50,15.90,NA,NA,0.48,78.53,0.00,0.00,0.00,NA,NA,NA,NA,NA,NA,NA,NA,0.00,NA,NA,NA
2025-03-10 12:00:00,95.68,200.02,8.10,15.30,14.72,NA,NA,0.19,85.39,0.00,0.00,0.00,NA,NA,NA,NA,NA,NA,NA,NA,0.00,NA,NA,NA
2025-03-10 13:00:00,90.93,172.56,8.26,14.22,14.27,NA,NA,0.50,91.34,0.00,0.00,0.00,NA,NA,NA,NA,NA,NA,NA,NA,0.00,NA,NA,NA
2025-03-10 14:00:00,74.54,152.19,9.21,12.66,14.22,NA,NA,0.54,93.17,0.00,0.00,0.00,NA,NA,NA,NA,NA,NA,NA,NA,0.00,NA,NA,NA
2025-03-10 15:00:00,85.70,142.71,9.56,12.53,14.44,NA,NA,0.47,95.72,0.00,0.00,0.00,NA,NA,NA,NA,NA,NA,NA,NA,0.00,NA,NA,NA
2025-03-10 16:00:00,76.10,164.88,9.91,13.14,15.05,NA,NA,0.40,92.60,0.00,0.00,0.00,NA,NA,NA,NA,NA,NA,NA,NA,0.00,NA,NA,NA
2025-03-10 17:00:00,90.95,195.60,12.06,17.74,19.23,NA,NA,0.32,75.51,0.00,0.00,0.00,NA,NA,NA,NA,NA,NA,NA,NA,0.00,NA,NA,NA
2025-03-10 18:00:00,99.86,214.15,13.68,23.04,23.38,NA,NA,0.43,55.69,0.00,0.00,0.00,NA,NA,NA,NA,NA,NA,NA,NA,0.00,NA,NA,NA
2025-03-10 19:00:00,72.21,177.34,18.28,36.38,34.19,NA,NA,0.63,19.33,0.00,0.00,0.00,NA,NA,NA,NA,NA,NA,NA,NA,0.00,NA,NA,NA
2025-03-10 20:00:00,69.19,194.39,34.69,41.57,50.31,NA,NA,0.84,8.77,0.00,0.00,0.00,NA,NA,NA,NA,NA,NA,NA,NA,0.00,NA,NA,NA
2025-03-10 21:00:00,49.29,189.34,37.38,38.69,50.97,NA,NA,0.91,6.83,0.00,0.00,0.00,NA,NA,NA,NA,NA,NA,NA,NA,0.00,NA,NA,NA
2025-03-10 22:00:00,94.81,221.74,48.37,37.22,59.12,NA,NA,1.07,7.40,0.00,0.00,0.00,NA,NA,NA,NA,NA,NA,NA,NA,0.00,NA,NA,NA
2025-03-10 23:00:00,119.83,244.48,50.73,35.14,59.94,NA,NA,1.19,7.57,0.00,0.00,0.00,NA,NA,NA,NA,NA,NA,NA,NA,0.00,NA,NA,NA
2025-03-11 00:00:00,109.07,249.47,51.78,31.80,59.01,NA,NA,1.21,7.18,0.00,0.00,0.00,NA,NA,NA,NA,NA,NA,NA,NA,0.00,NA,NA,NA
2025-03-11 01:00:00,140.21,265.66,52.64,27.98,57.68,NA,NA,1.25,8.14,0.00,0.00,0.00,NA,NA,NA,NA,NA,NA,NA,NA,0.00,NA,NA,NA
2025-03-11 02:00:00,130.69,250.40,52.95,24.37,56.01,NA,NA,1.33,7.00,0.00,0.00,0.00,NA,NA,NA,NA,NA,NA,NA,NA,0.00,NA,NA,NA
2025-03-11 03:00:00,106.64,218.31,55.39,23.98,57.79,NA,NA,1.27,6.81,0.00,0.00,0.00,NA,NA,NA,NA,NA,NA,NA,NA,0.00,NA,NA,NA
2025-03-11 04:00:00,116.69,206.50,57.74,20.32,57.74,NA,NA,1.25,9.13,0.00,0.00,0.00,NA,NA,NA,NA,NA,NA,NA,NA,0.00,NA,NA,NA
2025-03-11 05:00:00,113.42,215.92,61.60,19.51,60.45,NA,NA,1.25,6.87,0.00,0.00,0.00,NA,NA,NA,NA,NA,NA,NA,NA,0.00,NA,NA,NA
2025-03-11 06:00:00,99.76,195.52,58.39,17.49,56.78,NA,NA,1.23,7.75,0.00,0.00,0.00,NA,NA,NA,NA,NA,NA,NA,NA,0.00,NA,NA,NA
2025-03-11 07:00:00,108.05,196.92,64.80,18.66,62.60,NA,NA,1.29,12.77,0.00,0.00,0.00,NA,NA,NA,NA,NA,NA,NA,NA,0.00,NA,NA,NA
2025-03-11 08:00:00,113.54,232.89,29.96,42.07,46.77,NA,NA,1.11,14.44,0.00,0.00,0.00,NA,NA,NA,NA,NA,NA,NA,NA,0.00,NA,NA,NA
2025-03-11 09:00:00,130.07,283.40,18.20,32.71,32.21,NA,NA,0.94,48.11,0.00,0.00,0.00,NA,NA,NA,NA,NA,NA,NA,NA,0.00,NA,NA,NA
2025-03-11 10:00:00,126.13,258.62,13.71,24.64,24.26,NA,NA,0.83,79.04,0.00,0.00,0.00,NA,NA,NA,NA,NA,NA,NA,NA,0.00,NA,NA,NA
2025-03-11 11:00:00,85.66,214.44,10.19,23.93,21.02,NA,NA,0.80,106.24,0.00,0.00,0.00,NA,NA,NA,NA,NA,NA,NA,NA,0.00,NA,NA,NA
2025-03-11 12:00:00,89.38,212.73,9.58,21.35,19.15,NA,NA,0.74,134.99,0.00,0.00,0.00,NA,NA,NA,NA,NA,NA,NA,NA,0.00,NA,NA,NA
2025-03-11 13:00:00,78.99,183.90,9.32,16.83,16.53,NA,NA,0.66,141.99,0.00,0.00,0.00,NA,NA,NA,NA,NA,NA,NA,NA,0.00,NA,NA,NA
2025-03-11 14:00:00,65.14,197.96,9.94,16.26,16.73,NA,NA,0.60,146.75,0.00,0.00,0.00,NA,NA,NA,NA,NA,NA,NA,NA,0.00,NA,NA,NA
2025-03-11 15:00:00,89.26,213.94,17.35,16.84,23.05,NA,NA,0.55,156.00,0.00,0.00,0.00,NA,NA,NA,NA,NA,NA,NA,NA,0.00,NA,NA,NA
2025-03-11 16:00:00,139.36,297.11,27.34,17.40,31.49,NA,NA,0.48,100.68,0.00,0.00,0.00,NA,NA,NA,NA,NA,NA,NA,NA,0.00,NA,NA,NA
2025-03-11 17:00:00,80.74,168.81,16.91,20.10,24.45,NA,NA,0.58,94.31,0.00,0.00,0.00,NA,NA,NA,NA,NA,NA,NA,NA,0.00,NA,NA,NA
2025-03-11 18:00:00,52.51,150.98,12.23,34.67,28.38,NA,NA,0.69,38.50,0.00,0.00,0.00,NA,NA,NA,NA,NA,NA,NA,NA,0.00,NA,NA,NA
2025-03-11 19:00:00,21.18,125.02,35.19,46.65,53.39,NA,NA,1.00,8.98,0.00,0.00,0.00,NA,NA,NA,NA,NA,NA,NA,NA,0.00,NA,NA,NA
2025-03-11 20:00:00,30.75,166.55,39.76,44.81,56.17,NA,NA,1.10,8.40,0.00,0.00,0.00,NA,NA,NA,NA,NA,NA,NA,NA,0.00,NA,NA,NA
2025-03-11 21:00:00,72.39,199.47,39.28,42.11,54.33,NA,NA,1.10,10.17,0.00,0.00,0.00,NA,NA,NA,NA,NA,NA,NA,NA,0.00,NA,NA,NA
2025-03-11 22:00:00,76.66,188.74,40.27,37.43,52.64,NA,NA,1.18,7.00,0.00,0.00,0.00,NA,NA,NA,NA,NA,NA,NA,NA,0.00,NA,NA,NA
2025-03-11 23:00:00,82.31,196.70,50.34,32.44,58.17,NA,NA,1.20,7.54,0.00,0.00,0.00,NA,NA,NA,NA,NA,NA,NA,NA,0.00,NA,NA,NA
2025-03-12 00:00:00,104.21,236.68,39.24,31.26,48.55,NA,NA,1.12,8.34,0.00,0.00,0.00,NA,NA,NA,NA,NA,NA,NA,NA,0.00,NA,NA,NA
2025-03-12 01:00:00,93.67,201.05,24.77,32.54,37.46,NA,NA,1.04,5.30,0.00,0.00,0.00,NA,NA,NA,NA,NA,NA,NA,NA,0.00,NA,NA,NA
2025-03-12 02:00:00,116.49,218.95,19.77,30.17,32.13,NA,NA,0.95,6.38,0.00,0.00,0.00,NA,NA,NA,NA,NA,NA,NA,NA,0.00,NA,NA,NA
2025-03-12 03:00:00,137.23,230.24,17.70,26.04,28.24,NA,NA,0.90,7.66,0.00,0.00,0.00,NA,NA,NA,NA,NA,NA,NA,NA,0.00,NA,NA,NA
2025-03-12 04:00:00,103.14,190.40,16.79,22.76,25.76,NA,NA,0.85,5.70,0.00,0.00,0.00,NA,NA,NA,NA,NA,NA,NA,NA,0.00,NA,NA,NA
2025-03-12 05:00:00,103.05,202.96,15.96,20.99,24.14,NA,NA,0.82,6.87,0.00,0.00,0.00,NA,NA,NA,NA,NA,NA,NA,NA,0.00,NA,NA,NA
2025-03-12 06:00:00,120.43,222.11,19.21,18.88,25.66,NA,NA,0.83,7.83,0.00,0.00,0.00,NA,NA,NA,NA,NA,NA,NA,NA,0.00,NA,NA,NA
2025-03-12 07:00:00,77.12,170.51,22.64,21.33,29.75,NA,NA,0.84,8.31,0.00,0.00,0.00,NA,NA,NA,NA,NA,NA,NA,NA,0.00,NA,NA,NA
2025-03-12 08:00:00,82.39,181.06,15.50,29.31,28.20,NA,NA,0.77,13.63,0.00,0.00,0.00,NA,NA,NA,NA,NA,NA,NA,NA,0.00,NA,NA,NA
2025-03-12 09:00:00,98.34,193.26,10.90,25.41,22.39,NA,NA,0.71,38.14,0.00,0.00,0.00,NA,NA,NA,NA,NA,NA,NA,NA,0.00,NA,NA,NA
2025-03-12 10:00:00,33.99,147.62,9.62,16.48,16.59,NA,NA,0.63,67.06,0.00,0.00,0.00,NA,NA,NA,NA,NA,NA,NA,NA,0.00,NA,NA,NA
2025-03-12 11:00:00,76.18,168.53,9.64,14.47,15.54,NA,NA,0.59,90.87,0.00,0.00,0.00,NA,NA,NA,NA,NA,NA,NA,NA,0.00,NA,NA,NA
2025-03-12 12:00:00,92.07,201.96,8.78,14.49,14.85,NA,NA,0.58,100.82,0.00,0.00,0.00,NA,NA,NA,NA,NA,NA,NA,NA,0.00,NA,NA,NA
2025-03-12 13:00:00,56.39,138.20,9.17,12.47,14.09,NA,NA,0.51,92.04,0.00,0.00,0.00,NA,NA,NA,NA,NA,NA,NA,NA,0.00,NA,NA,NA
2025-03-12 14:00:00,50.18,136.55,9.45,11.33,13.71,NA,NA,0.47,86.05,0.00,0.00,0.00,NA,NA,NA,NA,NA,NA,NA,NA,0.00,NA,NA,NA
2025-03-12 15:00:00,52.32,123.10,8.73,11.76,13.36,NA,NA,0.46,82.39,0.00,0.00,0.00,NA,NA,NA,NA,NA,NA,NA,NA,0.00,NA,NA,NA
2025-03-12 16:00:00,35.68,102.60,9.24,12.09,13.94,NA,NA,0.46,75.78,0.00,0.00,0.00,NA,NA,NA,NA,NA,NA,NA,NA,0.00,NA,NA,NA
2025-03-12 17:00:00,41.66,92.93,9.53,15.33,15.90,NA,NA,0.47,64.75,0.00,0.00,0.00,NA,NA,NA,NA,NA,NA,NA,NA,0.00,NA,NA,NA
2025-03-12 18:00:00,45.58,117.86,8.97,22.80,19.42,NA,NA,0.54,41.76,0.00,0.00,0.00,NA,NA,NA,NA,NA,NA,NA,NA,0.00,NA,NA,NA
2025-03-12 19:00:00,32.82,115.51,9.98,30.74,24.45,NA,NA,0.60,20.01,0.00,0.00,0.00,NA,NA,NA,NA,NA,NA,NA,NA,0.00,NA,NA,NA
2025-03-12 20:00:00,49.84,131.50,18.08,35.20,33.42,NA,NA,0.71,8.98,0.00,0.00,0.00,NA,NA,NA,NA,NA,NA,NA,NA,0.00,NA,NA,NA
2025-03-12 21:00:00,54.45,150.07,18.24,34.08,32.96,NA,NA,0.80,6.37,0.00,0.00,0.00,NA,NA,NA,NA,NA,NA,NA,NA,0.00,NA,NA,NA
2025-03-12 22:00:00,54.98,164.36,20.13,34.76,34.86,NA,NA,0.85,6.74,0.00,0.00,0.00,NA,NA,NA,NA,NA,NA,NA,NA,0.00,NA,NA,NA
2025-03-12 23:00:00,68.73,159.90,16.83,33.80,31.66,NA,NA,0.78,7.85,0.00,0.00,0.00,NA,NA,NA,NA,NA,NA,NA,NA,0.00,NA,NA,NA
2025-03-13 00:00:00,63.66,145.23,15.43,32.12,29.63,NA,NA,0.71,7.36,0.00,0.00,0.00,NA,NA,NA,NA,NA,NA,NA,NA,0.00,NA,NA,NA
2025-03-13 01:00:00,70.49,163.07,11.50,28.72,24.63,NA,NA,0.68,8.38,0.00,0.00,0.00,NA,NA,NA,NA,NA,NA,NA,NA,0.00,NA,NA,NA
2025-03-13 02:00:00,74.20,156.81,10.71,26.84,22.99,NA,NA,0.64,9.37,0.00,0.00,0.00,NA,NA,NA,NA,NA,NA,NA,NA,0.00,NA,NA,NA
2025-03-13 03:00:00,55.42,117.87,9.53,25.72,21.43,NA,NA,0.62,9.19,0.00,0.00,0.00,NA,NA,NA,NA,NA,NA,NA,NA,0.00,NA,NA,NA
2025-03-13 04:00:00,51.45,109.47,11.17,21.46,20.50,NA,NA,0.58,15.06,0.00,0.00,0.00,NA,NA,NA,NA,NA,NA,NA,NA,0.00,NA,NA,NA
2025-03-13 05:00:00,74.93,131.11,9.71,22.67,19.95,NA,NA,0.59,11.85,0.00,0.00,0.00,NA,NA,NA,NA,NA,NA,NA,NA,0.00,NA,NA,NA
2025-03-13 06:00:00,64.72,129.04,12.99,26.31,24.56,NA,NA,0.62,6.60,0.00,0.00,0.00,NA,NA,NA,NA,NA,NA,NA,NA,0.00,NA,NA,NA
2025-03-13 07:00:00,73.12,152.85,14.00,26.17,25.29,NA,NA,0.66,9.25,0.00,0.00,0.00,NA,NA,NA,NA,NA,NA,NA,NA,0.00,NA,NA,NA
2025-03-13 08:00:00,121.61,246.23,12.98,24.86,23.79,NA,NA,0.70,19.56,0.00,0.00,0.00,NA,NA,NA,NA,NA,NA,NA,NA,0.00,NA,NA,NA
2025-03-13 09:00:00,83.26,196.03,10.59,21.10,19.82,NA,NA,0.70,29.84,0.00,0.00,0.00,NA,NA,NA,NA,NA,NA,NA,NA,0.00,NA,NA,NA
2025-03-13 10:00:00,79.87,233.61,11.31,24.88,22.43,NA,NA,0.68,39.94,0.00,0.00,0.00,NA,NA,NA,NA,NA,NA,NA,NA,0.00,NA,NA,NA
2025-03-13 11:00:00,75.31,203.74,10.85,26.73,23.04,NA,NA,0.68,61.12,0.00,0.00,0.00,NA,NA,NA,NA,NA,NA,NA,NA,0.00,NA,NA,NA
2025-03-13 12:00:00,63.03,231.34,9.98,22.99,20.35,NA,NA,0.65,85.32,0.00,0.00,0.00,NA,NA,NA,NA,NA,NA,NA,NA,0.00,NA,NA,NA
2025-03-13 13:00:00,49.76,192.65,9.94,15.76,16.46,NA,NA,0.53,100.71,0.00,0.00,0.00,NA,NA,NA,NA,NA,NA,NA,NA,0.00,NA,NA,NA
2025-03-13 14:00:00,69.47,188.86,9.32,14.27,15.16,NA,NA,0.52,118.88,0.00,0.00,0.00,NA,NA,NA,NA,NA,NA,NA,NA,0.00,NA,NA,NA
2025-03-13 15:00:00,71.37,190.87,9.23,14.38,15.15,NA,NA,0.49,121.99,0.00,0.00,0.00,NA,NA,NA,NA,NA,NA,NA,NA,0.00,NA,NA,NA
2025-03-13 16:00:00,73.62,170.24,9.48,14.76,15.56,NA,NA,0.49,87.54,0.00,0.00,0.00,NA,NA,NA,NA,NA,NA,NA,NA,0.00,NA,NA,NA
2025-03-13 17:00:00,58.13,155.88,9.64,24.58,20.90,NA,NA,0.57,43.65,0.00,0.00,0.00,NA,NA,NA,NA,NA,NA,NA,NA,0.00,NA,NA,NA
2025-03-13 18:00:00,53.28,148.76,10.75,38.56,29.24,NA,NA,0.71,16.84,0.00,0.00,0.00,NA,NA,NA,NA,NA,NA,NA,NA,0.00,NA,NA,NA
2025-03-13 19:00:00,76.28,188.40,12.17,38.87,30.57,NA,NA,0.80,10.40,0.00,0.00,0.00,NA,NA,NA,NA,NA,NA,NA,NA,0.00,NA,NA,NA
2025-03-13 20:00:00,68.86,179.57,9.63,23.20,20.18,NA,NA,0.67,36.04,0.00,0.00,0.00,NA,NA,NA,NA,NA,NA,NA,NA,0.00,NA,NA,NA
2025-03-13 21:00:00,61.70,170.18,9.62,22.68,19.88,NA,NA,0.64,27.20,0.00,0.00,0.00,NA,NA,NA,NA,NA,NA,NA,NA,0.00,NA,NA,NA
2025-03-13 22:00:00,75.25,160.93,10.91,27.86,23.68,NA,NA,0.71,12.72,0.00,0.00,0.00,NA,NA,NA,NA,NA,NA,NA,NA,0.00,NA,NA,NA
2025-03-13 23:00:00,58.46,134.37,12.79,29.95,26.33,NA,NA,0.73,7.46,0.00,0.00,0.00,NA,NA,NA,NA,NA,NA,NA,NA,0.00,NA,NA,NA
2025-03-14 00:00:00,54.88,136.94,14.81,29.48,27.72,NA,NA,0.89,9.35,0.00,0.00,0.00,NA,NA,NA,NA,NA,NA,NA,NA,0.00,NA,NA,NA
2025-03-14 01:00:00,97.81,172.43,23.12,28.17,33.77,NA,NA,0.90,8.72,0.00,0.00,0.00,NA,NA,NA,NA,NA,NA,NA,NA,0.00,NA,NA,NA
2025-03-14 02:00:00,99.32,155.47,26.43,26.34,35.50,NA,NA,0.97,6.88,0.00,0.00,0.00,NA,NA,NA,NA,NA,NA,NA,NA,0.00,NA,NA,NA
2025-03-14 03:00:00,88.24,159.16,26.38,24.62,34.54,NA,NA,1.01,7.58,0.00,0.00,0.00,NA,NA,NA,NA,NA,NA,NA,NA,0.00,NA,NA,NA
2025-03-14 04:00:00,116.26,169.37,28.27,22.48,34.94,NA,NA,1.04,7.98,0.00,0.00,0.00,NA,NA,NA,NA,NA,NA,NA,NA,0.00,NA,NA,NA
2025-03-14 05:00:00,96.67,154.04,33.57,20.56,38.23,NA,NA,1.05,5.48,0.00,0.00,0.00,NA,NA,NA,NA,NA,NA,NA,NA,0.00,NA,NA,NA
2025-03-14 06:00:00,99.76,159.29,35.80,19.12,39.27,NA,NA,1.12,8.28,0.00,0.00,0.00,NA,NA,NA,NA,NA,NA,NA,NA,0.00,NA,NA,NA
2025-03-14 07:00:00,114.69,200.17,32.23,21.17,37.46,NA,NA,1.11,9.34,0.00,0.00,0.00,NA,NA,NA,NA,NA,NA,NA,NA,0.00,NA,NA,NA
2025-03-14 08:00:00,104.34,223.72,21.71,33.80,35.65,NA,NA,0.98,12.60,0.00,0.00,0.00,NA,NA,NA,NA,NA,NA,NA,NA,0.00,NA,NA,NA
2025-03-14 09:00:00,88.62,196.32,13.20,21.97,22.43,NA,NA,0.76,46.08,0.00,0.00,0.00,NA,NA,NA,NA,NA,NA,NA,NA,0.00,NA,NA,NA
2025-03-14 10:00:00,75.71,152.92,10.82,16.74,17.71,NA,NA,0.66,75.96,0.00,0.00,0.00,NA,NA,NA,NA,NA,NA,NA,NA,0.00,NA,NA,NA
2025-03-14 11:00:00,88.56,101.26,9.23,11.79,13.77,NA,NA,0.55,82.10,0.00,0.00,0.00,NA,NA,NA,NA,NA,NA,NA,NA,0.00,NA,NA,NA
2025-03-14 12:00:00,78.60,83.48,9.35,10.26,13.06,NA,NA,0.50,82.37,0.00,0.00,0.00,NA,NA,NA,NA,NA,NA,NA,NA,0.00,NA,NA,NA
2025-03-14 13:00:00,79.03,76.72,8.94,9.50,12.32,NA,NA,0.47,82.01,0.00,0.00,0.00,NA,NA,NA,NA,NA,NA,NA,NA,0.00,NA,NA,NA
2025-03-14 14:00:00,68.43,82.37,8.85,9.77,12.39,NA,NA,0.45,81.60,0.00,0.00,0.00,NA,NA,NA,NA,NA,NA,NA,NA,0.00,NA,NA,NA
2025-03-14 15:00:00,59.59,86.61,9.45,10.49,13.26,NA,NA,0.44,67.52,0.00,0.00,0.00,NA,NA,NA,NA,NA,NA,NA,NA,0.00,NA,NA,NA
2025-03-14 16:00:00,39.50,87.23,9.13,12.79,14.22,NA,NA,0.44,74.30,0.00,0.00,0.00,NA,NA,NA,NA,NA,NA,NA,NA,0.00,NA,NA,NA
2025-03-14 17:00:00,42.51,92.50,9.24,17.47,16.80,NA,NA,0.49,57.09,0.00,0.00,0.00,NA,NA,NA,NA,NA,NA,NA,NA,0.00,NA,NA,NA
2025-03-14 18:00:00,45.90,89.71,9.56,12.45,14.40,NA,NA,0.45,64.44,0.00,0.00,0.00,NA,NA,NA,NA,NA,NA,NA,NA,0.00,NA,NA,NA
2025-03-14 19:00:00,38.39,66.21,9.08,13.77,14.71,NA,NA,0.48,56.12,0.00,0.00,0.00,NA,NA,NA,NA,NA,NA,NA,NA,0.00,NA,NA,NA
2025-03-14 20:00:00,30.12,70.01,9.19,17.92,17.00,NA,NA,0.51,42.70,0.00,0.00,0.00,NA,NA,NA,NA,NA,NA,NA,NA,0.00,NA,NA,NA
2025-03-14 21:00:00,40.05,82.23,9.78,20.37,18.78,NA,NA,0.51,27.75,0.00,0.00,0.00,NA,NA,NA,NA,NA,NA,NA,NA,0.00,NA,NA,NA
2025-03-14 22:00:00,41.47,86.12,9.03,20.52,18.26,NA,NA,0.53,25.79,0.00,0.00,0.00,NA,NA,NA,NA,NA,NA,NA,NA,0.00,NA,NA,NA
2025-03-14 23:00:00,21.03,59.56,9.31,17.88,17.08,NA,NA,0.50,24.98,0.00,0.00,0.00,NA,NA,NA,NA,NA,NA,NA,NA,0.00,NA,NA,NA
2025-03-15 00:00:00,44.72,85.38,10.06,18.56,18.05,NA,NA,0.54,21.53,0.00,0.00,0.00,NA,NA,NA,NA,NA,NA,NA,NA,0.00,NA,NA,NA
2025-03-15 01:00:00,50.38,108.98,8.39,10.62,12.48,NA,NA,0.45,40.63,0.00,0.00,0.00,NA,NA,NA,NA,NA,NA,NA,NA,0.00,NA,NA,NA
2025-03-15 02:00:00,18.52,56.97,8.60,9.75,12.18,NA,NA,0.38,45.46,0.00,0.00,0.00,NA,NA,NA,NA,NA,NA,NA,NA,0.00,NA,NA,NA
2025-03-15 03:00:00,21.48,37.66,8.99,9.46,12.34,NA,NA,0.38,46.28,0.00,0.00,0.00,NA,NA,NA,NA,NA,NA,NA,NA,0.00,NA,NA,NA
2025-03-15 04:00:00,23.19,42.78,7.93,9.42,11.46,NA,NA,0.37,41.82,0.00,0.00,0.00,NA,NA,NA,NA,NA,NA,NA,NA,0.00,NA,NA,NA
2025-03-15 05:00:00,4.73,18.16,8.57,9.90,12.23,NA,NA,0.38,43.93,0.00,0.00,0.00,NA,NA,NA,NA,NA,NA,NA,NA,0.00,NA,NA,NA
2025-03-15 06:00:00,18.15,39.46,8.91,10.21,12.67,NA,NA,0.37,44.86,0.00,0.00,0.00,NA,NA,NA,NA,NA,NA,NA,NA,0.00,NA,NA,NA
2025-03-15 07:00:00,14.59,31.86,7.96,10.54,12.08,NA,NA,0.38,41.39,0.00,0.00,0.00,NA,NA,NA,NA,NA,NA,NA,NA,0.00,NA,NA,NA
2025-03-15 08:00:00,2.58,20.22,8.92,11.36,13.29,NA,NA,0.40,43.07,0.00,0.00,0.00,NA,NA,NA,NA,NA,NA,NA,NA,0.00,NA,NA,NA
2025-03-15 09:00:00,21.83,51.65,9.29,11.07,13.44,NA,NA,0.39,49.84,0.00,0.00,0.00,NA,NA,NA,NA,NA,NA,NA,NA,0.00,NA,NA,NA
2025-03-15 10:00:00,29.70,66.03,8.26,10.71,12.41,NA,NA,0.36,57.82,0.00,0.00,0.00,NA,NA,NA,NA,NA,NA,NA,NA,0.00,NA,NA,NA
2025-03-15 11:00:00,22.08,81.47,9.05,11.46,13.46,NA,NA,0.39,65.98,0.00,0.00,0.00,NA,NA,NA,NA,NA,NA,NA,NA,0.00,NA,NA,NA
2025-03-15 12:00:00,29.43,87.11,9.13,10.68,13.11,NA,NA,0.39,70.79,0.00,0.00,0.00,NA,NA,NA,NA,NA,NA,NA,NA,0.00,NA,NA,NA
2025-03-15 13:00:00,32.71,89.43,8.62,11.18,12.95,NA,NA,0.40,70.16,0.00,0.00,0.00,NA,NA,NA,NA,NA,NA,NA,NA,0.00,NA,NA,NA
2025-03-15 14:00:00,26.31,75.22,9.16,9.95,12.74,NA,NA,0.39,78.63,0.00,0.00,0.00,NA,NA,NA,NA,NA,NA,NA,NA,0.00,NA,NA,NA
2025-03-15 15:00:00,41.15,91.38,9.09,10.41,12.92,NA,NA,0.39,79.34,0.00,0.00,0.00,NA,NA,NA,NA,NA,NA,NA,NA,0.00,NA,NA,NA
2025-03-15 16:00:00,42.56,96.56,8.77,10.89,12.92,NA,NA,0.42,78.31,0.00,0.00,0.00,NA,NA,NA,NA,NA,NA,NA,NA,0.00,NA,NA,NA
2025-03-15 17:00:00,34.34,88.30,9.25,11.06,13.40,NA,NA,0.41,72.26,0.00,0.00,0.00,NA,NA,NA,NA,NA,NA,NA,NA,0.00,NA,NA,NA
2025-03-15 18:00:00,49.50,95.17,9.18,14.50,15.17,NA,NA,0.48,51.95,0.00,0.00,0.00,NA,NA,NA,NA,NA,NA,NA,NA,0.00,NA,NA,NA
2025-03-15 19:00:00,27.84,107.68,19.03,30.97,31.95,NA,NA,0.64,12.62,0.00,0.00,0.00,NA,NA,NA,NA,NA,NA,NA,NA,0.00,NA,NA,NA
2025-03-15 20:00:00,21.03,84.08,9.70,14.19,15.44,NA,NA,0.49,36.77,0.00,0.00,0.00,NA,NA,NA,NA,NA,NA,NA,NA,0.00,NA,NA,NA
2025-03-15 21:00:00,26.87,66.79,9.14,15.79,15.83,NA,NA,0.49,32.34,0.00,0.00,0.00,NA,NA,NA,NA,NA,NA,NA,NA,0.00,NA,NA,NA
2025-03-15 22:00:00,16.41,50.76,8.90,14.92,15.17,NA,NA,0.46,31.96,0.00,0.00,0.00,NA,NA,NA,NA,NA,NA,NA,NA,0.00,NA,NA,NA
2025-03-15 23:00:00,20.56,52.90,9.45,15.12,15.73,NA,NA,0.41,27.14,0.00,0.00,0.00,NA,NA,NA,NA,NA,NA,NA,NA,0.00,NA,NA,NA
2025-03-16 00:00:00,33.43,51.81,8.84,14.90,15.11,NA,NA,0.42,25.47,0.00,0.00,0.00,NA,NA,NA,NA,NA,NA,NA,NA,0.00,NA,NA,NA
2025-03-16 01:00:00,20.76,55.03,9.25,19.84,18.07,NA,NA,0.44,12.44,0.00,0.00,0.00,NA,NA,NA,NA,NA,NA,NA,NA,0.00,NA,NA,NA
2025-03-16 02:00:00,57.72,130.49,9.44,19.15,17.86,NA,NA,0.45,11.31,0.00,0.00,0.00,NA,NA,NA,NA,NA,NA,NA,NA,0.00,NA,NA,NA
2025-03-16 03:00:00,86.31,134.34,8.67,18.40,16.84,NA,NA,0.47,10.64,0.00,0.00,0.00,NA,NA,NA,NA,NA,NA,NA,NA,0.00,NA,NA,NA
2025-03-16 04:00:00,38.67,74.25,10.50,18.98,18.63,NA,NA,0.46,7.24,0.00,0.00,0.00,NA,NA,NA,NA,NA,NA,NA,NA,0.00,NA,NA,NA
2025-03-16 05:00:00,39.24,81.55,13.88,19.14,21.46,NA,NA,0.48,6.84,0.00,0.00,0.00,NA,NA,NA,NA,NA,NA,NA,NA,0.00,NA,NA,NA
2025-03-16 06:00:00,48.18,81.11,12.95,18.55,20.39,NA,NA,0.47,7.63,0.00,0.00,0.00,NA,NA,NA,NA,NA,NA,NA,NA,0.00,NA,NA,NA
2025-03-16 07:00:00,27.56,71.10,13.43,19.32,21.20,NA,NA,0.49,8.12,0.00,0.00,0.00,NA,NA,NA,NA,NA,NA,NA,NA,0.00,NA,NA,NA
2025-03-16 08:00:00,55.72,114.07,11.37,16.32,17.92,NA,NA,0.48,18.36,0.00,0.00,0.00,NA,NA,NA,NA,NA,NA,NA,NA,0.00,NA,NA,NA
2025-03-16 09:00:00,61.14,117.13,9.55,16.24,16.40,NA,NA,0.47,34.86,0.00,0.00,0.00,NA,NA,NA,NA,NA,NA,NA,NA,0.00,NA,NA,NA
2025-03-16 10:00:00,33.70,97.33,9.67,15.97,16.36,NA,NA,0.47,53.30,0.00,0.00,0.00,NA,NA,NA,NA,NA,NA,NA,NA,0.00,NA,NA,NA
2025-03-16 11:00:00,48.23,122.26,9.60,13.99,15.25,NA,NA,0.43,74.19,0.00,0.00,0.00,NA,NA,NA,NA,NA,NA,NA,NA,0.00,NA,NA,NA
2025-03-16 12:00:00,42.46,110.93,8.71,11.79,13.36,NA,NA,0.41,77.97,0.00,0.00,0.00,NA,NA,NA,NA,NA,NA,NA,NA,0.00,NA,NA,NA
2025-03-16 13:00:00,19.58,67.46,9.13,10.73,13.13,NA,NA,0.41,89.62,0.00,0.00,0.00,NA,NA,NA,NA,NA,NA,NA,NA,0.00,NA,NA,NA
2025-03-16 14:00:00,40.68,85.44,9.37,9.47,12.65,NA,NA,0.36,84.39,0.00,0.00,0.00,NA,NA,NA,NA,NA,NA,NA,NA,0.00,NA,NA,NA
2025-03-16 15:00:00,35.48,83.10,8.76,9.55,12.20,NA,NA,0.36,77.99,0.00,0.00,0.00,NA,NA,NA,NA,NA,NA,NA,NA,0.00,NA,NA,NA
2025-03-16 16:00:00,16.47,70.29,9.31,9.56,12.66,NA,NA,0.37,72.34,0.00,0.00,0.00,NA,NA,NA,NA,NA,NA,NA,NA,0.00,NA,NA,NA
2025-03-16 17:00:00,24.40,66.96,9.46,10.75,13.41,NA,NA,0.36,65.26,0.00,0.00,0.00,NA,NA,NA,NA,NA,NA,NA,NA,0.00,NA,NA,NA
2025-03-16 18:00:00,24.16,59.76,8.95,15.48,15.51,NA,NA,0.40,47.83,0.00,0.00,0.00,NA,NA,NA,NA,NA,NA,NA,NA,0.00,NA,NA,NA
2025-03-16 19:00:00,11.95,65.96,9.60,23.35,20.22,NA,NA,0.44,22.23,0.00,0.00,0.00,NA,NA,NA,NA,NA,NA,NA,NA,0.00,NA,NA,NA
2025-03-16 20:00:00,26.27,75.60,9.82,24.08,20.80,NA,NA,0.48,18.74,0.00,0.00,0.00,NA,NA,NA,NA,NA,NA,NA,NA,0.00,NA,NA,NA
2025-03-16 21:00:00,17.16,67.53,9.05,21.61,18.85,NA,NA,0.49,20.52,0.00,0.00,0.00,NA,NA,NA,NA,NA,NA,NA,NA,0.00,NA,NA,NA
2025-03-16 22:00:00,32.25,80.32,9.53,19.38,18.06,NA,NA,0.48,24.15,0.00,0.00,0.00,NA,NA,NA,NA,NA,NA,NA,NA,0.00,NA,NA,NA
2025-03-16 23:00:00,33.72,88.97,9.32,15.10,15.61,NA,NA,0.47,33.63,0.00,0.00,0.00,NA,NA,NA,NA,NA,NA,NA,NA,0.00,NA,NA,NA
2025-03-17 00:00:00,24.87,70.04,8.74,17.12,16.21,NA,NA,0.50,21.66,0.00,0.00,0.00,NA,NA,NA,NA,NA,NA,NA,NA,0.00,NA,NA,NA
2025-03-17 01:00:00,35.46,67.89,9.14,16.15,16.03,NA,NA,0.46,21.85,0.00,0.00,0.00,NA,NA,NA,NA,NA,NA,NA,NA,0.00,NA,NA,NA
2025-03-17 02:00:00,46.50,77.96,8.76,18.13,16.76,NA,NA,0.48,15.36,0.00,0.00,0.00,NA,NA,NA,NA,NA,NA,NA,NA,0.00,NA,NA,NA
2025-03-17 03:00:00,36.07,67.30,8.20,16.47,15.42,NA,NA,0.45,16.51,0.00,0.00,0.00,NA,NA,NA,NA,NA,NA,NA,NA,0.00,NA,NA,NA
2025-03-17 04:00:00,45.80,77.43,8.98,16.95,16.31,NA,NA,0.43,15.82,0.00,0.00,0.00,NA,NA,NA,NA,NA,NA,NA,NA,0.00,NA,NA,NA
2025-03-17 05:00:00,58.10,105.20,8.67,21.22,18.34,NA,NA,0.47,11.02,0.00,0.00,0.00,NA,NA,NA,NA,NA,NA,NA,NA,0.00,NA,NA,NA
2025-03-17 06:00:00,55.37,109.19,12.07,20.64,20.78,NA,NA,0.50,7.14,0.00,0.00,0.00,NA,NA,NA,NA,NA,NA,NA,NA,0.00,NA,NA,NA
2025-03-17 07:00:00,49.57,109.64,19.88,22.88,28.34,NA,NA,0.54,8.34,0.00,0.00,0.00,NA,NA,NA,NA,NA,NA,NA,NA,0.00,NA,NA,NA
2025-03-17 08:00:00,80.45,153.91,11.42,18.88,19.34,NA,NA,0.53,22.20,0.00,0.00,0.00,NA,NA,NA,NA,NA,NA,NA,NA,0.00,NA,NA,NA
2025-03-17 09:00:00,43.61,107.45,9.15,13.48,14.61,NA,NA,0.44,45.55,0.00,0.00,0.00,NA,NA,NA,NA,NA,NA,NA,NA,0.00,NA,NA,NA
2025-03-17 10:00:00,15.95,71.73,9.16,11.97,13.81,NA,NA,0.36,63.63,0.00,0.00,0.00,NA,NA,NA,NA,NA,NA,NA,NA,0.00,NA,NA,NA
2025-03-17 11:00:00,45.72,107.33,8.60,10.92,12.81,NA,NA,0.37,75.15,0.00,0.00,0.00,NA,NA,NA,NA,NA,NA,NA,NA,0.00,NA,NA,NA
2025-03-17 12:00:00,41.22,100.56,8.85,10.32,12.68,NA,NA,0.38,78.68,0.00,0.00,0.00,NA,NA,NA,NA,NA,NA,NA,NA,0.00,NA,NA,NA
2025-03-17 13:00:00,44.26,95.78,9.30,10.11,12.94,NA,NA,0.35,78.64,0.00,0.00,0.00,NA,NA,NA,NA,NA,NA,NA,NA,0.00,NA,NA,NA
2025-03-17 14:00:00,44.99,107.69,8.77,9.51,12.19,NA,NA,0.33,78.18,0.00,0.00,0.00,NA,NA,NA,NA,NA,NA,NA,NA,0.00,NA,NA,NA
2025-03-17 15:00:00,32.30,80.50,9.12,10.18,12.82,NA,NA,0.33,80.25,0.00,0.00,0.00,NA,NA,NA,NA,NA,NA,NA,NA,0.00,NA,NA,NA
2025-03-17 16:00:00,43.38,95.15,9.38,10.86,13.41,NA,NA,0.31,74.18,0.00,0.00,0.00,NA,NA,NA,NA,NA,NA,NA,NA,0.00,NA,NA,NA
2025-03-17 17:00:00,48.95,82.11,8.81,11.38,13.22,NA,NA,0.32,71.33,0.00,0.00,0.00,NA,NA,NA,NA,NA,NA,NA,NA,0.00,NA,NA,NA
2025-03-17 18:00:00,26.66,69.85,9.00,15.11,15.35,NA,NA,0.37,55.08,0.00,0.00,0.00,NA,NA,NA,NA,NA,NA,NA,NA,0.00,NA,NA,NA
2025-03-17 19:00:00,24.49,69.37,9.31,22.06,19.30,NA,NA,0.44,30.59,0.00,0.00,0.00,NA,NA,NA,NA,NA,NA,NA,NA,0.00,NA,NA,NA
2025-03-17 20:00:00,32.31,76.59,9.48,29.55,23.42,NA,NA,0.49,10.98,0.00,0.00,0.00,NA,NA,NA,NA,NA,NA,NA,NA,0.00,NA,NA,NA
2025-03-17 21:00:00,27.68,76.41,11.85,31.25,26.25,NA,NA,0.56,7.23,0.00,0.00,0.00,NA,NA,NA,NA,NA,NA,NA,NA,0.00,NA,NA,NA
2025-03-17 22:00:00,35.58,91.09,15.84,29.21,28.41,NA,NA,0.61,7.81,0.00,0.00,0.00,NA,NA,NA,NA,NA,NA,NA,NA,0.00,NA,NA,NA
2025-03-17 23:00:00,43.49,91.99,13.12,27.40,25.24,NA,NA,0.60,6.64,0.00,0.00,0.00,NA,NA,NA,NA,NA,NA,NA,NA,0.00,NA,NA,NA
2025-03-18 00:00:00,32.72,88.48,16.62,25.81,27.24,NA,NA,0.60,6.58,0.00,0.00,0.00,NA,NA,NA,NA,NA,NA,NA,NA,0.00,NA,NA,NA
2025-03-18 01:00:00,49.44,94.27,15.41,24.13,25.37,NA,NA,0.61,7.61,0.00,0.00,0.00,NA,NA,NA,NA,NA,NA,NA,NA,0.00,NA,NA,NA
2025-03-18 02:00:00,42.70,92.53,13.32,24.01,23.60,NA,NA,0.61,6.10,0.00,0.00,0.00,NA,NA,NA,NA,NA,NA,NA,NA,0.00,NA,NA,NA
2025-03-18 03:00:00,38.85,82.61,14.39,22.13,23.47,NA,NA,0.58,6.60,0.00,0.00,0.00,NA,NA,NA,NA,NA,NA,NA,NA,0.00,NA,NA,NA
2025-03-18 04:00:00,52.06,107.68,10.48,21.12,19.76,NA,NA,0.53,9.65,0.00,0.00,0.00,NA,NA,NA,NA,NA,NA,NA,NA,0.00,NA,NA,NA
2025-03-18 05:00:00,51.70,110.66,8.03,17.63,15.90,NA,NA,0.52,13.93,0.00,0.00,0.00,NA,NA,NA,NA,NA,NA,NA,NA,0.00,NA,NA,NA
2025-03-18 06:00:00,49.70,116.45,8.55,19.18,17.15,NA,NA,0.52,12.41,0.00,0.00,0.00,NA,NA,NA,NA,NA,NA,NA,NA,0.00,NA,NA,NA
2025-03-18 07:00:00,55.22,100.58,10.14,20.59,19.19,NA,NA,0.55,14.84,0.00,0.00,0.00,NA,NA,NA,NA,NA,NA,NA,NA,0.00,NA,NA,NA
2025-03-18 08:00:00,48.22,97.71,8.82,18.17,16.84,NA,NA,0.50,35.14,0.00,0.00,0.00,NA,NA,NA,NA,NA,NA,NA,NA,0.00,NA,NA,NA
2025-03-18 09:00:00,56.94,120.41,8.82,13.65,14.43,NA,NA,0.46,60.88,0.00,0.00,0.00,NA,NA,NA,NA,NA,NA,NA,NA,0.00,NA,NA,NA
2025-03-18 10:00:00,60.73,178.71,8.22,11.87,13.00,NA,NA,0.45,77.31,0.00,0.00,0.00,NA,NA,NA,NA,NA,NA,NA,NA,0.00,NA,NA,NA
2025-03-18 11:00:00,48.33,187.61,32.29,6.44,29.45,NA,NA,0.41,82.19,0.00,0.00,0.00,NA,NA,NA,NA,NA,NA,NA,NA,0.00,NA,NA,NA
2025-03-18 12:00:00,37.01,169.57,20.86,5.68,19.63,NA,NA,0.39,80.04,0.00,0.00,0.00,NA,NA,NA,NA,NA,NA,NA,NA,0.00,NA,NA,NA
2025-03-18 13:00:00,70.54,138.08,6.13,7.30,8.87,NA,NA,0.29,83.84,0.00,0.00,0.00,NA,NA,NA,NA,NA,NA,NA,NA,0.00,NA,NA,NA
2025-03-18 14:00:00,52.74,119.57,5.55,9.32,9.46,NA,NA,0.59,78.73,0.00,0.00,0.00,NA,NA,NA,NA,NA,NA,NA,NA,0.00,NA,NA,NA
2025-03-18 15:00:00,52.39,111.33,6.15,8.31,9.42,NA,NA,0.36,98.55,0.00,0.00,0.00,NA,NA,NA,NA,NA,NA,NA,NA,0.00,NA,NA,NA
2025-03-18 16:00:00,42.72,92.82,5.61,8.34,8.99,NA,NA,0.33,74.47,0.00,0.00,0.00,NA,NA,NA,NA,NA,NA,NA,NA,0.00,NA,NA,NA
2025-03-18 17:00:00,22.37,76.25,5.08,9.72,9.30,NA,NA,0.35,66.09,0.00,0.00,0.00,NA,NA,NA,NA,NA,NA,NA,NA,0.00,NA,NA,NA
2025-03-18 18:00:00,29.69,77.74,4.85,16.14,12.52,NA,NA,0.44,44.20,0.00,0.00,0.00,NA,NA,NA,NA,NA,NA,NA,NA,0.00,NA,NA,NA
2025-03-18 19:00:00,23.31,69.12,4.99,25.88,17.82,NA,NA,0.51,19.90,0.00,0.00,0.00,NA,NA,NA,NA,NA,NA,NA,NA,0.00,NA,NA,NA
2025-03-18 20:00:00,12.92,71.84,18.85,30.70,31.65,NA,NA,0.66,6.81,0.00,0.00,0.00,NA,NA,NA,NA,NA,NA,NA,NA,0.00,NA,NA,NA
2025-03-18 21:00:00,32.79,116.52,21.35,29.61,33.11,NA,NA,0.77,7.41,0.00,0.00,0.00,NA,NA,NA,NA,NA,NA,NA,NA,0.00,NA,NA,NA
2025-03-18 22:00:00,53.93,139.27,18.00,29.11,30.12,NA,NA,0.83,7.27,0.00,0.00,0.00,NA,NA,NA,NA,NA,NA,NA,NA,0.00,NA,NA,NA
2025-03-18 23:00:00,34.53,134.49,13.01,28.73,25.86,NA,NA,0.76,6.47,0.00,0.00,0.00,NA,NA,NA,NA,NA,NA,NA,NA,0.00,NA,NA,NA
2025-03-19 00:00:00,58.28,129.53,14.01,27.13,25.82,NA,NA,0.78,7.30,0.00,0.00,0.00,NA,NA,NA,NA,NA,NA,NA,NA,0.00,NA,NA,NA
2025-03-19 01:00:00,66.23,135.18,14.70,26.17,25.87,NA,NA,0.80,6.27,0.00,0.00,0.00,NA,NA,NA,NA,NA,NA,NA,NA,0.00,NA,NA,NA
2025-03-19 02:00:00,49.10,109.74,15.68,24.09,25.56,NA,NA,0.73,6.27,0.00,0.00,0.00,NA,NA,NA,NA,NA,NA,NA,NA,0.00,NA,NA,NA
2025-03-19 03:00:00,65.20,115.98,15.10,23.00,24.52,NA,NA,0.72,6.96,0.00,0.00,0.00,NA,NA,NA,NA,NA,NA,NA,NA,0.00,NA,NA,NA
2025-03-19 04:00:00,80.26,145.72,15.07,22.26,24.09,NA,NA,0.75,5.55,0.00,0.00,0.00,NA,NA,NA,NA,NA,NA,NA,NA,0.00,NA,NA,NA
2025-03-19 05:00:00,80.49,168.18,17.42,19.37,24.46,NA,NA,0.70,5.91,0.00,0.00,0.00,NA,NA,NA,NA,NA,NA,NA,NA,0.00,NA,NA,NA
2025-03-19 06:00:00,78.98,170.74,27.39,15.97,30.75,NA,NA,0.75,7.59,0.00,0.00,0.00,NA,NA,NA,NA,NA,NA,NA,NA,0.00,NA,NA,NA
2025-03-19 07:00:00,67.31,155.21,36.18,21.54,40.86,NA,NA,0.80,8.44,0.00,0.00,0.00,NA,NA,NA,NA,NA,NA,NA,NA,0.00,NA,NA,NA
2025-03-19 08:00:00,59.08,187.19,16.95,27.59,28.49,NA,NA,0.67,21.09,0.00,0.00,0.00,NA,NA,NA,NA,NA,NA,NA,NA,0.00,NA,NA,NA
2025-03-19 09:00:00,45.32,146.26,8.26,19.36,17.02,NA,NA,0.61,49.05,0.00,0.00,0.00,NA,NA,NA,NA,NA,NA,NA,NA,0.00,NA,NA,NA
2025-03-19 10:00:00,44.48,137.85,4.68,13.30,10.88,NA,NA,0.53,73.85,0.00,0.00,0.00,NA,NA,NA,NA,NA,NA,NA,NA,0.00,NA,NA,NA
2025-03-19 11:00:00,37.56,123.03,4.50,11.31,9.68,NA,NA,0.48,90.21,0.00,0.00,0.00,NA,NA,NA,NA,NA,NA,NA,NA,0.00,NA,NA,NA
2025-03-19 12:00:00,67.84,181.36,4.32,10.68,9.19,NA,NA,0.51,102.04,0.00,0.00,0.00,NA,NA,NA,NA,NA,NA,NA,NA,0.00,NA,NA,NA
2025-03-19 13:00:00,40.22,112.44,3.91,9.12,8.03,NA,NA,0.40,87.31,0.00,0.00,0.00,NA,NA,NA,NA,NA,NA,NA,NA,0.00,NA,NA,NA
2025-03-19 14:00:00,20.00,125.69,4.51,8.15,8.00,NA,NA,0.38,80.78,0.00,0.00,0.00,NA,NA,NA,NA,NA,NA,NA,NA,0.00,NA,NA,NA
2025-03-19 15:00:00,35.24,97.56,4.25,7.93,7.68,NA,NA,0.37,72.56,0.00,0.00,0.00,NA,NA,NA,NA,NA,NA,NA,NA,0.00,NA,NA,NA
2025-03-19 16:00:00,23.63,72.50,3.83,8.12,7.43,NA,NA,0.35,67.86,0.00,0.00,0.00,NA,NA,NA,NA,NA,NA,NA,NA,0.00,NA,NA,NA
2025-03-19 17:00:00,37.28,75.79,4.01,10.23,8.70,NA,NA,0.41,65.17,0.00,0.00,0.00,NA,NA,NA,NA,NA,NA,NA,NA,0.00,NA,NA,NA
2025-03-19 18:00:00,45.41,99.27,4.29,24.09,16.29,NA,NA,0.52,29.44,0.00,0.00,0.00,NA,NA,NA,NA,NA,NA,NA,NA,0.00,NA,NA,NA
2025-03-19 19:00:00,26.10,106.45,9.50,33.46,25.52,NA,NA,0.64,6.82,0.00,0.00,0.00,NA,NA,NA,NA,NA,NA,NA,NA,0.00,NA,NA,NA
2025-03-19 20:00:00,41.77,150.46,11.53,32.41,26.61,NA,NA,0.73,7.41,0.00,0.00,0.00,NA,NA,NA,NA,NA,NA,NA,NA,0.00,NA,NA,NA
2025-03-19 21:00:00,56.27,190.39,19.64,29.89,31.87,NA,NA,0.89,8.31,0.00,0.00,0.00,NA,NA,NA,NA,NA,NA,NA,NA,0.00,NA,NA,NA
2025-03-19 22:00:00,62.56,169.06,24.90,28.37,35.32,NA,NA,0.98,7.17,0.00,0.00,0.00,NA,NA,NA,NA,NA,NA,NA,NA,0.00,NA,NA,NA
2025-03-19 23:00:00,55.08,155.81,34.05,25.88,41.44,NA,NA,0.98,6.34,0.00,0.00,0.00,NA,NA,NA,NA,NA,NA,NA,NA,0.00,NA,NA,NA
2025-03-20 00:00:00,54.75,136.83,27.73,26.09,36.43,NA,NA,0.92,6.61,0.00,0.00,0.00,NA,NA,NA,NA,NA,NA,NA,NA,0.00,NA,NA,NA
2025-03-20 01:00:00,38.14,116.70,23.71,24.98,32.56,NA,NA,0.92,5.73,0.00,0.00,0.00,NA,NA,NA,NA,NA,NA,NA,NA,0.00,NA,NA,NA
2025-03-20 02:00:00,53.55,119.13,26.48,22.14,33.30,NA,NA,0.87,6.24,0.00,0.00,0.00,NA,NA,NA,NA,NA,NA,NA,NA,0.00,NA,NA,NA
2025-03-20 03:00:00,54.80,119.64,32.17,18.13,35.80,NA,NA,0.95,6.56,0.00,0.00,0.00,NA,NA,NA,NA,NA,NA,NA,NA,0.00,NA,NA,NA
2025-03-20 04:00:00,43.16,104.23,31.80,17.08,34.93,NA,NA,0.95,6.09,0.00,0.00,0.00,NA,NA,NA,NA,NA,NA,NA,NA,0.00,NA,NA,NA
2025-03-20 05:00:00,58.06,116.15,39.18,15.64,40.17,NA,NA,0.93,6.57,0.00,0.00,0.00,NA,NA,NA,NA,NA,NA,NA,NA,0.00,NA,NA,NA
2025-03-20 06:00:00,61.18,129.90,43.42,15.13,43.35,NA,NA,0.94,6.69,0.00,0.00,0.00,NA,NA,NA,NA,NA,NA,NA,NA,0.00,NA,NA,NA
2025-03-20 07:00:00,44.05,108.76,47.34,20.62,49.45,NA,NA,0.91,8.80,0.00,0.00,0.00,NA,NA,NA,NA,NA,NA,NA,NA,0.00,NA,NA,NA
2025-03-20 08:00:00,69.82,154.51,29.46,33.99,42.05,NA,NA,0.90,10.87,0.00,0.00,0.00,NA,NA,NA,NA,NA,NA,NA,NA,0.00,NA,NA,NA
2025-03-20 09:00:00,103.79,253.32,14.53,33.01,29.39,NA,NA,0.77,32.67,0.00,0.00,0.00,NA,NA,NA,NA,NA,NA,NA,NA,0.00,NA,NA,NA
2025-03-20 10:00:00,43.32,174.22,8.63,17.39,16.27,NA,NA,0.56,62.81,0.00,0.00,0.00,NA,NA,NA,NA,NA,NA,NA,NA,0.00,NA,NA,NA
2025-03-20 11:00:00,44.54,121.38,4.49,12.38,10.24,NA,NA,0.37,77.48,0.00,0.00,0.00,NA,NA,NA,NA,NA,NA,NA,NA,0.00,NA,NA,NA
2025-03-20 12:00:00,50.48,123.40,3.95,11.07,9.10,NA,NA,0.38,89.99,0.00,0.00,0.00,NA,NA,NA,NA,NA,NA,NA,NA,0.00,NA,NA,NA
2025-03-20 13:00:00,43.56,105.22,4.42,9.11,8.45,NA,NA,0.33,77.12,0.00,0.00,0.00,NA,NA,NA,NA,NA,NA,NA,NA,0.00,NA,NA,NA
2025-03-20 14:00:00,29.27,94.96,4.44,8.33,8.04,NA,NA,0.29,69.39,0.00,0.00,0.00,NA,NA,NA,NA,NA,NA,NA,NA,0.00,NA,NA,NA
2025-03-20 15:00:00,20.63,71.12,3.91,8.32,7.61,NA,NA,0.30,66.21,0.00,0.00,0.00,NA,NA,NA,NA,NA,NA,NA,NA,0.00,NA,NA,NA
2025-03-20 16:00:00,17.58,78.13,4.37,8.69,8.18,NA,NA,0.32,63.35,0.00,0.00,0.00,NA,NA,NA,NA,NA,NA,NA,NA,0.00,NA,NA,NA
2025-03-20 17:00:00,30.89,92.32,4.32,11.14,9.43,NA,NA,0.30,57.32,0.00,0.00,0.00,NA,NA,NA,NA,NA,NA,NA,NA,0.00,NA,NA,NA
2025-03-20 18:00:00,23.75,77.80,3.91,16.07,11.72,NA,NA,0.37,38.15,0.00,0.00,0.00,NA,NA,NA,NA,NA,NA,NA,NA,0.00,NA,NA,NA
2025-03-20 19:00:00,12.26,77.92,7.70,24.74,19.40,NA,NA,0.47,16.30,0.00,0.00,0.00,NA,NA,NA,NA,NA,NA,NA,NA,0.00,NA,NA,NA
2025-03-20 20:00:00,23.53,95.52,14.59,29.10,27.35,NA,NA,0.60,8.89,0.00,0.00,0.00,NA,NA,NA,NA,NA,NA,NA,NA,0.00,NA,NA,NA
2025-03-20 21:00:00,18.57,103.41,9.63,29.49,23.52,NA,NA,0.65,6.68,0.00,0.00,0.00,NA,NA,NA,NA,NA,NA,NA,NA,0.00,NA,NA,NA
2025-03-20 22:00:00,32.72,131.00,10.22,27.93,23.17,NA,NA,0.70,6.96,0.00,0.00,0.00,NA,NA,NA,NA,NA,NA,NA,NA,0.00,NA,NA,NA
2025-03-20 23:00:00,55.49,151.79,17.16,26.22,27.89,NA,NA,0.75,7.80,0.00,0.00,0.00,NA,NA,NA,NA,NA,NA,NA,NA,0.00,NA,NA,NA
2025-03-21 00:00:00,42.60,126.69,18.57,26.25,29.06,NA,NA,0.76,6.06,0.00,0.00,0.00,NA,NA,NA,NA,NA,NA,NA,NA,0.00,NA,NA,NA
2025-03-21 01:00:00,44.35,119.40,9.83,26.68,22.19,NA,NA,0.67,5.86,0.00,0.00,0.00,NA,NA,NA,NA,NA,NA,NA,NA,0.00,NA,NA,NA
2025-03-21 02:00:00,55.03,106.39,6.97,24.96,18.95,NA,NA,0.62,7.03,0.00,0.00,0.00,NA,NA,NA,NA,NA,NA,NA,NA,0.00,NA,NA,NA
2025-03-21 03:00:00,38.91,89.50,4.33,23.02,15.77,NA,NA,0.53,6.39,0.00,0.00,0.00,NA,NA,NA,NA,NA,NA,NA,NA,0.00,NA,NA,NA
2025-03-21 04:00:00,47.91,100.45,3.88,19.63,13.60,NA,NA,0.53,10.27,0.00,0.00,0.00,NA,NA,NA,NA,NA,NA,NA,NA,0.00,NA,NA,NA
2025-03-21 05:00:00,86.17,162.91,3.48,18.16,12.49,NA,NA,0.59,11.37,0.00,0.00,0.00,NA,NA,NA,NA,NA,NA,NA,NA,0.00,NA,NA,NA
2025-03-21 06:00:00,78.94,163.25,4.04,17.30,12.48,NA,NA,0.55,8.80,0.00,0.00,0.00,NA,NA,NA,NA,NA,NA,NA,NA,0.00,NA,NA,NA
2025-03-21 07:00:00,66.05,148.42,7.77,19.21,16.53,NA,NA,0.59,10.36,0.00,0.00,0.00,NA,NA,NA,NA,NA,NA,NA,NA,0.00,NA,NA,NA
2025-03-21 08:00:00,72.08,182.99,6.23,20.52,15.99,NA,NA,0.62,25.23,0.00,0.00,0.00,NA,NA,NA,NA,NA,NA,NA,NA,0.00,NA,NA,NA
2025-03-21 09:00:00,32.54,166.42,4.39,15.74,11.94,NA,NA,0.51,48.73,0.00,0.00,0.00,NA,NA,NA,NA,NA,NA,NA,NA,0.00,NA,NA,NA
2025-03-21 10:00:00,46.32,171.21,4.52,19.43,14.01,NA,NA,0.47,63.27,0.00,0.00,0.00,NA,NA,NA,NA,NA,NA,NA,NA,0.00,NA,NA,NA
2025-03-21 11:00:00,50.26,145.32,3.45,15.51,11.05,NA,NA,0.44,73.15,0.00,0.00,0.00,NA,NA,NA,NA,NA,NA,NA,NA,0.00,NA,NA,NA
2025-03-21 12:00:00,32.95,144.56,3.97,11.37,9.28,NA,NA,0.42,72.72,0.00,0.00,0.00,NA,NA,NA,NA,NA,NA,NA,NA,0.00,NA,NA,NA
2025-03-21 13:00:00,33.49,113.79,4.60,10.15,9.14,NA,NA,0.28,68.95,0.00,0.00,0.00,NA,NA,NA,NA,NA,NA,NA,NA,0.00,NA,NA,NA
2025-03-21 14:00:00,30.53,96.23,3.95,9.05,8.03,NA,NA,0.29,68.90,0.00,0.00,0.00,NA,NA,NA,NA,NA,NA,NA,NA,0.00,NA,NA,NA
2025-03-21 15:00:00,24.55,84.74,4.05,8.61,7.88,NA,NA,0.25,64.19,0.00,0.00,0.00,NA,NA,NA,NA,NA,NA,NA,NA,0.00,NA,NA,NA
2025-03-21 16:00:00,24.28,94.15,4.29,9.31,8.44,NA,NA,0.26,64.58,0.00,0.00,0.00,NA,NA,NA,NA,NA,NA,NA,NA,0.00,NA,NA,NA
2025-03-21 17:00:00,30.63,86.31,3.83,11.07,9.00,NA,NA,0.28,65.58,0.00,0.00,0.00,NA,NA,NA,NA,NA,NA,NA,NA,0.00,NA,NA,NA
2025-03-21 18:00:00,19.22,79.01,4.08,15.91,11.78,NA,NA,0.31,50.99,0.00,0.00,0.00,NA,NA,NA,NA,NA,NA,NA,NA,0.00,NA,NA,NA
2025-03-21 19:00:00,9.81,75.87,5.19,27.94,19.07,NA,NA,0.46,23.10,0.00,0.00,0.00,NA,NA,NA,NA,NA,NA,NA,NA,0.00,NA,NA,NA
2025-03-21 20:00:00,14.49,97.43,15.61,35.31,31.47,NA,NA,0.62,6.62,0.00,0.00,0.00,NA,NA,NA,NA,NA,NA,NA,NA,0.00,NA,NA,NA
2025-03-21 21:00:00,28.20,115.59,13.50,35.13,29.67,NA,NA,0.64,6.94,0.00,0.00,0.00,NA,NA,NA,NA,NA,NA,NA,NA,0.00,NA,NA,NA
2025-03-21 22:00:00,39.86,117.41,14.39,32.72,29.09,NA,NA,0.70,8.03,0.00,0.00,0.00,NA,NA,NA,NA,NA,NA,NA,NA,0.00,NA,NA,NA
2025-03-21 23:00:00,36.05,106.72,22.49,30.74,34.63,NA,NA,0.81,6.09,0.00,0.00,0.00,NA,NA,NA,NA,NA,NA,NA,NA,0.00,NA,NA,NA
2025-03-22 00:00:00,40.05,98.32,25.14,29.09,35.92,NA,NA,0.83,6.46,0.00,0.00,0.00,NA,NA,NA,NA,NA,NA,NA,NA,0.00,NA,NA,NA
2025-03-22 01:00:00,52.48,112.56,20.37,28.77,31.86,NA,NA,0.79,7.35,0.00,0.00,0.00,NA,NA,NA,NA,NA,NA,NA,NA,0.00,NA,NA,NA
2025-03-22 02:00:00,45.21,110.04,21.89,26.78,32.03,NA,NA,0.80,5.76,0.00,0.00,0.00,NA,NA,NA,NA,NA,NA,NA,NA,0.00,NA,NA,NA
2025-03-22 03:00:00,45.78,107.42,32.00,24.90,39.25,NA,NA,0.81,6.01,0.00,0.00,0.00,NA,NA,NA,NA,NA,NA,NA,NA,0.00,NA,NA,NA
2025-03-22 04:00:00,62.57,147.06,35.36,25.89,42.51,NA,NA,0.79,6.98,0.00,0.00,0.00,NA,NA,NA,NA,NA,NA,NA,NA,0.00,NA,NA,NA
2025-03-22 05:00:00,67.08,163.64,32.84,27.94,41.58,NA,NA,0.71,5.16,0.00,0.00,0.00,NA,NA,NA,NA,NA,NA,NA,NA,0.00,NA,NA,NA
2025-03-22 06:00:00,63.97,155.07,27.32,28.47,37.35,NA,NA,0.72,6.20,0.00,0.00,0.00,NA,NA,NA,NA,NA,NA,NA,NA,0.00,NA,NA,NA
2025-03-22 07:00:00,62.51,134.24,18.91,28.66,30.64,NA,NA,0.70,9.60,0.00,0.00,0.00,NA,NA,NA,NA,NA,NA,NA,NA,0.00,NA,NA,NA
2025-03-22 08:00:00,32.96,129.09,8.22,21.43,18.09,NA,NA,0.62,30.81,0.00,0.00,0.00,NA,NA,NA,NA,NA,NA,NA,NA,0.00,NA,NA,NA
2025-03-22 09:00:00,54.42,150.97,5.85,17.08,13.84,NA,NA,0.53,51.56,0.00,0.00,0.00,NA,NA,NA,NA,NA,NA,NA,NA,0.00,NA,NA,NA
2025-03-22 10:00:00,55.07,129.93,3.99,14.26,10.84,NA,NA,0.49,68.47,0.00,0.00,0.00,NA,NA,NA,NA,NA,NA,NA,NA,0.00,NA,NA,NA
2025-03-22 11:00:00,36.44,119.72,3.44,11.29,8.80,NA,NA,0.47,81.49,0.00,0.00,0.00,NA,NA,NA,NA,NA,NA,NA,NA,0.00,NA,NA,NA
2025-03-22 12:00:00,39.84,130.18,3.97,9.67,8.37,NA,NA,0.43,86.68,0.00,0.00,0.00,NA,NA,NA,NA,NA,NA,NA,NA,0.00,NA,NA,NA
2025-03-22 13:00:00,57.38,122.47,3.36,9.37,7.72,NA,NA,0.44,83.85,0.00,0.00,0.00,NA,NA,NA,NA,NA,NA,NA,NA,0.00,NA,NA,NA
2025-03-22 14:00:00,32.78,91.42,3.67,9.26,7.91,NA,NA,0.38,79.58,0.00,0.00,0.00,NA,NA,NA,NA,NA,NA,NA,NA,0.00,NA,NA,NA
2025-03-22 15:00:00,30.04,98.87,4.03,8.35,7.72,NA,NA,0.37,78.44,0.00,0.00,0.00,NA,NA,NA,NA,NA,NA,NA,NA,0.00,NA,NA,NA
2025-03-22 16:00:00,36.67,103.62,3.25,8.67,7.26,NA,NA,0.36,77.82,0.00,0.00,0.00,NA,NA,NA,NA,NA,NA,NA,NA,0.00,NA,NA,NA
2025-03-22 17:00:00,27.74,83.99,3.48,9.46,7.86,NA,NA,0.36,74.33,0.00,0.00,0.00,NA,NA,NA,NA,NA,NA,NA,NA,0.00,NA,NA,NA
2025-03-22 18:00:00,39.59,99.31,3.71,13.96,10.44,NA,NA,0.37,62.33,0.00,0.00,0.00,NA,NA,NA,NA,NA,NA,NA,NA,0.00,NA,NA,NA
2025-03-22 19:00:00,45.08,104.10,3.00,26.89,16.74,NA,NA,0.46,30.97,0.00,0.00,0.00,NA,NA,NA,NA,NA,NA,NA,NA,0.00,NA,NA,NA
2025-03-22 20:00:00,38.93,112.84,9.63,38.85,28.48,NA,NA,0.61,7.79,0.00,0.00,0.00,NA,NA,NA,NA,NA,NA,NA,NA,0.00,NA,NA,NA
2025-03-22 21:00:00,52.31,134.97,25.14,34.41,38.72,NA,NA,0.82,7.70,0.00,0.00,0.00,NA,NA,NA,NA,NA,NA,NA,NA,0.00,NA,NA,NA
2025-03-22 22:00:00,53.07,137.78,41.79,30.26,50.07,NA,NA,0.96,6.26,0.00,0.00,0.00,NA,NA,NA,NA,NA,NA,NA,NA,0.00,NA,NA,NA
2025-03-22 23:00:00,48.90,132.15,37.81,30.33,46.87,NA,NA,1.01,6.69,0.00,0.00,0.00,NA,NA,NA,NA,NA,NA,NA,NA,0.00,NA,NA,NA
2025-03-23 00:00:00,77.86,183.90,34.60,29.70,43.95,NA,NA,1.04,6.79,0.00,0.00,0.00,NA,NA,NA,NA,NA,NA,NA,NA,0.00,NA,NA,NA
2025-03-23 01:00:00,84.44,219.60,18.16,31.56,31.56,NA,NA,0.82,6.07,0.00,0.00,0.00,NA,NA,NA,NA,NA,NA,NA,NA,0.00,NA,NA,NA
2025-03-23 02:00:00,65.69,159.35,23.69,29.52,34.96,NA,NA,0.83,6.12,0.00,0.00,0.00,NA,NA,NA,NA,NA,NA,NA,NA,0.00,NA,NA,NA
2025-03-23 03:00:00,67.48,139.19,24.64,27.93,34.88,NA,NA,0.74,7.16,0.00,0.00,0.00,NA,NA,NA,NA,NA,NA,NA,NA,0.00,NA,NA,NA
2025-03-23 04:00:00,56.32,119.68,26.56,26.41,35.64,NA,NA,0.73,5.32,0.00,0.00,0.00,NA,NA,NA,NA,NA,NA,NA,NA,0.00,NA,NA,NA
2025-03-23 05:00:00,47.01,125.31,35.42,25.93,42.58,NA,NA,0.75,5.71,0.00,0.00,0.00,NA,NA,NA,NA,NA,NA,NA,NA,0.00,NA,NA,NA
2025-03-23 06:00:00,61.57,139.93,38.62,22.26,43.24,NA,NA,0.81,7.67,0.00,0.00,0.00,NA,NA,NA,NA,NA,NA,NA,NA,0.00,NA,NA,NA
2025-03-23 07:00:00,47.16,123.68,48.06,23.19,51.41,NA,NA,0.88,7.02,0.00,0.00,0.00,NA,NA,NA,NA,NA,NA,NA,NA,0.00,NA,NA,NA
2025-03-23 08:00:00,53.27,170.39,23.04,34.06,36.88,NA,NA,0.77,12.76,0.00,0.00,0.00,NA,NA,NA,NA,NA,NA,NA,NA,0.00,NA,NA,NA
2025-03-23 09:00:00,77.71,215.50,9.28,23.54,20.08,NA,NA,0.61,50.39,0.00,0.00,0.00,NA,NA,NA,NA,NA,NA,NA,NA,0.00,NA,NA,NA
2025-03-23 10:00:00,61.56,164.45,5.17,15.64,12.53,NA,NA,0.53,75.11,0.00,0.00,0.00,NA,NA,NA,NA,NA,NA,NA,NA,0.00,NA,NA,NA
2025-03-23 11:00:00,53.17,121.55,4.37,11.32,9.57,NA,NA,0.45,83.11,0.00,0.00,0.00,NA,NA,NA,NA,NA,NA,NA,NA,0.00,NA,NA,NA
2025-03-23 12:00:00,47.37,113.56,3.64,9.88,8.22,NA,NA,0.43,89.00,0.00,0.00,0.00,NA,NA,NA,NA,NA,NA,NA,NA,0.00,NA,NA,NA
2025-03-23 13:00:00,41.68,85.41,3.40,9.47,7.80,NA,NA,0.39,94.90,0.00,0.00,0.00,NA,NA,NA,NA,NA,NA,NA,NA,0.00,NA,NA,NA
2025-03-23 14:00:00,43.18,166.93,3.98,9.57,8.33,NA,NA,0.34,99.02,0.00,0.00,0.00,NA,NA,NA,NA,NA,NA,NA,NA,0.00,NA,NA,NA
2025-03-23 15:00:00,58.02,129.70,3.42,10.97,8.62,NA,NA,0.39,120.57,0.00,0.00,0.00,NA,NA,NA,NA,NA,NA,NA,NA,0.00,NA,NA,NA
2025-03-23 16:00:00,44.38,113.59,3.18,11.37,8.64,NA,NA,0.35,113.29,0.00,0.00,0.00,NA,NA,NA,NA,NA,NA,NA,NA,0.00,NA,NA,NA
2025-03-23 17:00:00,54.69,114.58,3.34,12.91,9.58,NA,NA,0.36,96.68,0.00,0.00,0.00,NA,NA,NA,NA,NA,NA,NA,NA,0.00,NA,NA,NA
2025-03-23 18:00:00,54.91,121.19,4.77,32.33,21.05,NA,NA,0.46,48.09,0.00,0.00,0.00,NA,NA,NA,NA,NA,NA,NA,NA,0.00,NA,NA,NA
2025-03-23 19:00:00,28.30,132.05,11.94,48.54,35.53,NA,NA,0.63,7.14,0.00,0.00,0.00,NA,NA,NA,NA,NA,NA,NA,NA,0.00,NA,NA,NA
2025-03-23 20:00:00,36.03,123.79,13.14,46.15,35.19,NA,NA,0.67,7.92,0.00,0.00,0.00,NA,NA,NA,NA,NA,NA,NA,NA,0.00,NA,NA,NA
2025-03-23 21:00:00,58.11,171.48,30.61,42.44,47.48,NA,NA,0.93,8.07,0.00,0.00,0.00,NA,NA,NA,NA,NA,NA,NA,NA,0.00,NA,NA,NA
2025-03-23 22:00:00,61.80,157.52,25.36,35.61,39.56,NA,NA,0.94,6.51,0.00,0.00,0.00,NA,NA,NA,NA,NA,NA,NA,NA,0.00,NA,NA,NA
2025-03-23 23:00:00,72.53,198.45,26.86,33.78,39.80,NA,NA,0.96,6.76,0.00,0.00,0.00,NA,NA,NA,NA,NA,NA,NA,NA,0.00,NA,NA,NA
2025-03-24 00:00:00,93.86,224.73,36.89,27.91,44.83,NA,NA,1.02,6.85,0.00,0.00,0.00,NA,NA,NA,NA,NA,NA,NA,NA,0.00,NA,NA,NA
2025-03-24 01:00:00,92.40,181.78,55.75,22.40,57.23,NA,NA,1.15,6.05,0.00,0.00,0.00,NA,NA,NA,NA,NA,NA,NA,NA,0.00,NA,NA,NA
2025-03-24 02:00:00,93.95,177.77,46.63,21.13,49.16,NA,NA,1.09,6.51,0.00,0.00,0.00,NA,NA,NA,NA,NA,NA,NA,NA,0.00,NA,NA,NA
2025-03-24 03:00:00,98.20,168.97,42.34,21.65,45.94,NA,NA,1.08,6.61,0.00,0.00,0.00,NA,NA,NA,NA,NA,NA,NA,NA,0.00,NA,NA,NA
2025-03-24 04:00:00,85.64,146.88,44.47,21.24,47.46,NA,NA,1.02,6.17,0.00,0.00,0.00,NA,NA,NA,NA,NA,NA,NA,NA,0.00,NA,NA,NA
2025-03-24 05:00:00,92.70,152.60,44.38,18.86,46.11,NA,NA,1.01,7.39,0.00,0.00,0.00,NA,NA,NA,NA,NA,NA,NA,NA,0.00,NA,NA,NA
2025-03-24 06:00:00,92.08,148.17,47.63,19.57,49.12,NA,NA,1.05,7.23,0.00,0.00,0.00,NA,NA,NA,NA,NA,NA,NA,NA,0.00,NA,NA,NA
2025-03-24 07:00:00,65.34,159.25,65.97,20.66,64.61,NA,NA,1.15,8.61,0.00,0.00,0.00,NA,NA,NA,NA,NA,NA,NA,NA,0.00,NA,NA,NA
2025-03-24 08:00:00,95.31,228.50,40.94,37.63,53.35,NA,NA,1.12,13.71,0.00,0.00,0.00,NA,NA,NA,NA,NA,NA,NA,NA,0.00,NA,NA,NA
2025-03-24 09:00:00,111.07,263.02,11.00,18.94,19.03,NA,NA,0.73,56.23,0.00,0.00,0.00,NA,NA,NA,NA,NA,NA,NA,NA,0.00,NA,NA,NA
2025-03-24 10:00:00,72.73,152.53,7.80,13.23,13.38,NA,NA,0.58,75.01,0.00,0.00,0.00,NA,NA,NA,NA,NA,NA,NA,NA,0.00,NA,NA,NA
2025-03-24 11:00:00,74.96,118.38,4.00,10.43,8.81,NA,NA,0.45,82.16,0.00,0.00,0.00,NA,NA,NA,NA,NA,NA,NA,NA,0.00,NA,NA,NA
2025-03-24 12:00:00,54.75,141.75,3.41,8.71,7.40,NA,NA,0.42,86.29,0.00,0.00,0.00,NA,NA,NA,NA,NA,NA,NA,NA,0.00,NA,NA,NA
2025-03-24 13:00:00,49.62,128.31,3.94,8.98,7.98,NA,NA,0.36,101.74,0.00,0.00,0.00,NA,NA,NA,NA,NA,NA,NA,NA,0.00,NA,NA,NA
2025-03-24 14:00:00,58.22,125.79,4.18,6.75,6.99,NA,NA,0.38,116.40,0.00,0.00,0.00,NA,NA,NA,NA,NA,NA,NA,NA,0.00,NA,NA,NA
2025-03-24 15:00:00,39.48,106.15,4.31,4.56,5.93,NA,NA,0.33,100.41,0.00,0.00,0.00,NA,NA,NA,NA,NA,NA,NA,NA,0.00,NA,NA,NA
2025-03-24 16:00:00,32.30,77.96,4.39,4.66,6.05,NA,NA,0.32,98.07,0.00,0.00,0.00,NA,NA,NA,NA,NA,NA,NA,NA,0.00,NA,NA,NA
2025-03-24 17:00:00,46.70,92.54,5.16,5.08,6.89,NA,NA,0.34,85.79,0.00,0.00,0.00,NA,NA,NA,NA,NA,NA,NA,NA,0.00,NA,NA,NA
2025-03-24 18:00:00,43.52,131.72,15.31,9.42,17.44,NA,NA,0.58,39.45,0.00,0.00,0.00,NA,NA,NA,NA,NA,NA,NA,NA,0.00,NA,NA,NA
2025-03-24 19:00:00,45.92,140.88,20.17,13.55,23.61,NA,NA,0.74,8.13,0.00,0.00,0.00,NA,NA,NA,NA,NA,NA,NA,NA,0.00,NA,NA,NA
2025-03-24 20:00:00,60.19,166.03,16.75,11.68,19.83,NA,NA,0.80,12.99,0.00,0.00,0.00,NA,NA,NA,NA,NA,NA,NA,NA,0.00,NA,NA,NA
2025-03-24 21:00:00,64.64,171.62,20.78,11.29,22.90,NA,NA,0.90,6.99,0.00,0.00,0.00,NA,NA,NA,NA,NA,NA,NA,NA,0.00,NA,NA,NA
2025-03-24 22:00:00,82.05,181.44,21.03,10.36,22.61,NA,NA,0.86,7.22,0.00,0.00,0.00,NA,NA,NA,NA,NA,NA,NA,NA,0.00,NA,NA,NA
2025-03-24 23:00:00,93.08,189.27,21.38,9.75,22.57,NA,NA,1.00,7.49,0.00,0.00,0.00,NA,NA,NA,NA,NA,NA,NA,NA,0.00,NA,NA,NA
2025-03-25 00:00:00,77.97,180.81,24.70,9.59,25.18,NA,NA,1.07,6.76,0.00,0.00,0.00,NA,NA,NA,NA,NA,NA,NA,NA,0.00,NA,NA,NA
2025-03-25 01:00:00,107.26,213.02,23.78,12.81,26.16,NA,NA,1.06,6.52,0.00,0.00,0.00,NA,NA,NA,NA,NA,NA,NA,NA,0.00,NA,NA,NA
2025-03-25 02:00:00,112.34,202.76,20.26,11.53,22.61,NA,NA,1.09,7.83,0.00,0.00,0.00,NA,NA,NA,NA,NA,NA,NA,NA,0.00,NA,NA,NA
2025-03-25 03:00:00,90.34,171.27,21.05,11.10,23.01,NA,NA,1.05,6.28,0.00,0.00,0.00,NA,NA,NA,NA,NA,NA,NA,NA,0.00,NA,NA,NA
2025-03-25 04:00:00,102.75,177.33,22.66,9.86,23.67,NA,NA,1.08,7.15,0.00,0.00,0.00,NA,NA,NA,NA,NA,NA,NA,NA,0.00,NA,NA,NA
2025-03-25 05:00:00,102.59,166.53,20.53,9.12,21.54,NA,NA,1.12,7.89,0.00,0.00,0.00,NA,NA,NA,NA,NA,NA,NA,NA,0.00,NA,NA,NA
2025-03-25 06:00:00,91.43,199.97,24.62,8.34,24.44,NA,NA,1.20,8.32,0.00,0.00,0.00,NA,NA,NA,NA,NA,NA,NA,NA,0.00,NA,NA,NA
2025-03-25 07:00:00,98.01,226.90,34.16,7.93,31.98,NA,NA,1.31,10.02,0.00,0.00,0.00,NA,NA,NA,NA,NA,NA,NA,NA,0.00,NA,NA,NA
2025-03-25 08:00:00,112.46,286.43,18.11,12.36,21.33,NA,NA,1.06,18.33,0.00,0.00,0.00,NA,NA,NA,NA,NA,NA,NA,NA,0.00,NA,NA,NA
2025-03-25 09:00:00,128.15,285.61,7.63,9.80,11.41,NA,NA,0.81,70.74,0.00,0.00,0.00,NA,NA,NA,NA,NA,NA,NA,NA,0.00,NA,NA,NA
2025-03-25 10:00:00,121.57,282.04,6.56,8.62,9.92,NA,NA,0.79,102.29,0.00,0.00,0.00,NA,NA,NA,NA,NA,NA,NA,NA,0.00,NA,NA,NA
2025-03-25 11:00:00,98.00,240.75,4.77,7.02,7.61,NA,NA,0.60,108.47,0.00,0.00,0.00,NA,NA,NA,NA,NA,NA,NA,NA,0.00,NA,NA,NA
2025-03-25 12:00:00,55.74,150.58,4.96,6.28,7.37,NA,NA,0.48,108.05,0.00,0.00,0.00,NA,NA,NA,NA,NA,NA,NA,NA,0.00,NA,NA,NA
2025-03-25 13:00:00,45.21,115.66,4.65,5.60,6.76,NA,NA,0.42,106.76,0.00,0.00,0.00,NA,NA,NA,NA,NA,NA,NA,NA,0.00,NA,NA,NA
2025-03-25 14:00:00,37.61,114.98,3.49,5.53,5.77,NA,NA,0.40,99.72,0.00,0.00,0.00,NA,NA,NA,NA,NA,NA,NA,NA,0.00,NA,NA,NA
2025-03-25 15:00:00,31.38,140.96,4.11,5.50,6.27,NA,NA,0.39,105.84,0.00,0.00,0.00,NA,NA,NA,NA,NA,NA,NA,NA,0.00,NA,NA,NA
2025-03-25 16:00:00,42.08,144.30,4.09,5.60,6.30,NA,NA,0.39,97.79,0.00,0.00,0.00,NA,NA,NA,NA,NA,NA,NA,NA,0.00,NA,NA,NA
2025-03-25 17:00:00,49.62,148.10,3.93,7.46,7.16,NA,NA,0.42,87.29,0.00,0.00,0.00,NA,NA,NA,NA,NA,NA,NA,NA,0.00,NA,NA,NA
2025-03-25 18:00:00,43.71,136.06,5.26,10.20,9.70,NA,NA,0.52,48.75,0.00,0.00,0.00,NA,NA,NA,NA,NA,NA,NA,NA,0.00,NA,NA,NA
2025-03-25 19:00:00,52.52,145.31,8.87,13.84,14.57,NA,NA,0.77,15.69,0.00,0.00,0.00,NA,NA,NA,NA,NA,NA,NA,NA,0.00,NA,NA,NA
2025-03-25 20:00:00,47.29,175.99,10.79,14.36,16.41,NA,NA,0.90,6.91,0.00,0.00,0.00,NA,NA,NA,NA,NA,NA,NA,NA,0.00,NA,NA,NA
2025-03-25 21:00:00,71.20,200.86,11.86,13.87,17.01,NA,NA,0.97,8.12,0.00,0.00,0.00,NA,NA,NA,NA,NA,NA,NA,NA,0.00,NA,NA,NA
2025-03-25 22:00:00,98.66,216.93,17.95,12.92,21.47,NA,NA,1.17,8.16,0.00,0.00,0.00,NA,NA,NA,NA,NA,NA,NA,NA,0.00,NA,NA,NA
2025-03-25 23:00:00,91.50,199.31,19.31,13.27,22.75,NA,NA,1.22,6.33,0.00,0.00,0.00,NA,NA,NA,NA,NA,NA,NA,NA,0.00,NA,NA,NA
2025-03-26 00:00:00,80.18,180.06,23.34,12.14,25.43,NA,NA,1.22,6.67,0.00,0.00,0.00,NA,NA,NA,NA,NA,NA,NA,NA,0.00,NA,NA,NA
2025-03-26 01:00:00,98.77,212.70,21.53,11.29,23.51,NA,NA,1.24,7.36,0.00,0.00,0.00,NA,NA,NA,NA,NA,NA,NA,NA,0.00,NA,NA,NA
2025-03-26 02:00:00,93.21,191.66,23.19,10.73,24.56,NA,NA,1.26,5.88,0.00,0.00,0.00,NA,NA,NA,NA,NA,NA,NA,NA,0.00,NA,NA,NA
2025-03-26 03:00:00,105.39,216.76,24.89,10.58,25.87,NA,NA,1.28,6.40,0.00,0.00,0.00,NA,NA,NA,NA,NA,NA,NA,NA,0.00,NA,NA,NA
2025-03-26 04:00:00,117.69,241.63,22.59,9.95,23.66,NA,NA,1.26,7.31,0.00,0.00,0.00,NA,NA,NA,NA,NA,NA,NA,NA,0.00,NA,NA,NA
2025-03-26 05:00:00,98.17,215.45,25.52,8.97,25.51,NA,NA,1.28,6.23,0.00,0.00,0.00,NA,NA,NA,NA,NA,NA,NA,NA,0.00,NA,NA,NA
2025-03-26 06:00:00,107.64,234.47,26.65,9.34,26.64,NA,NA,1.26,6.86,0.00,0.00,0.00,NA,NA,NA,NA,NA,NA,NA,NA,0.00,NA,NA,NA
2025-03-26 07:00:00,111.46,267.15,27.53,9.86,27.62,NA,NA,1.35,8.54,0.00,0.00,0.00,NA,NA,NA,NA,NA,NA,NA,NA,0.00,NA,NA,NA
2025-03-26 08:00:00,109.36,289.06,19.99,14.20,23.82,NA,NA,1.15,16.49,0.00,0.00,0.00,NA,NA,NA,NA,NA,NA,NA,NA,0.00,NA,NA,NA
2025-03-26 09:00:00,127.44,290.21,9.45,11.73,13.93,NA,NA,0.86,57.70,0.00,0.00,0.00,NA,NA,NA,NA,NA,NA,NA,NA,0.00,NA,NA,NA
2025-03-26 10:00:00,99.20,229.07,4.63,8.05,8.05,NA,NA,0.65,73.19,0.00,0.00,0.00,NA,NA,NA,NA,NA,NA,NA,NA,0.00,NA,NA,NA
2025-03-26 11:00:00,44.94,133.04,4.10,5.80,6.42,NA,NA,0.47,70.46,0.00,0.00,0.00,NA,NA,NA,NA,NA,NA,NA,NA,0.00,NA,NA,NA
2025-03-26 12:00:00,50.91,142.11,4.26,5.50,6.39,NA,NA,0.42,85.14,0.00,0.00,0.00,NA,NA,NA,NA,NA,NA,NA,NA,0.00,NA,NA,NA
2025-03-26 13:00:00,51.58,135.17,3.34,5.66,5.73,NA,NA,0.43,106.79,0.00,0.00,0.00,NA,NA,NA,NA,NA,NA,NA,NA,0.00,NA,NA,NA
2025-03-26 14:00:00,50.49,139.84,3.62,5.02,5.61,NA,NA,0.38,88.19,0.00,0.00,0.00,NA,NA,NA,NA,NA,NA,NA,NA,0.00,NA,NA,NA
2025-03-26 15:00:00,36.65,119.83,3.86,4.86,5.72,NA,NA,0.33,79.37,0.00,0.00,0.00,NA,NA,NA,NA,NA,NA,NA,NA,0.00,NA,NA,NA
2025-03-26 16:00:00,42.14,109.88,3.02,5.32,5.29,NA,NA,0.36,78.72,0.00,0.00,0.00,NA,NA,NA,NA,NA,NA,NA,NA,0.00,NA,NA,NA
2025-03-26 17:00:00,33.37,111.08,3.92,6.93,6.87,NA,NA,0.36,64.23,0.00,0.00,0.00,NA,NA,NA,NA,NA,NA,NA,NA,0.00,NA,NA,NA
2025-03-26 18:00:00,44.73,127.17,9.35,13.09,14.56,NA,NA,0.66,17.48,0.00,0.00,0.00,NA,NA,NA,NA,NA,NA,NA,NA,0.00,NA,NA,NA
2025-03-26 19:00:00,36.22,173.23,16.98,14.90,21.73,NA,NA,1.02,6.71,0.00,0.00,0.00,NA,NA,NA,NA,NA,NA,NA,NA,0.00,NA,NA,NA
2025-03-26 20:00:00,26.66,152.83,18.88,14.28,22.95,NA,NA,1.01,6.86,0.00,0.00,0.00,NA,NA,NA,NA,NA,NA,NA,NA,0.00,NA,NA,NA
2025-03-26 21:00:00,52.89,178.10,26.04,13.40,28.30,NA,NA,1.31,8.04,0.00,0.00,0.00,NA,NA,NA,NA,NA,NA,NA,NA,0.00,NA,NA,NA
2025-03-26 22:00:00,68.37,217.11,23.74,13.18,26.31,NA,NA,1.31,9.61,0.00,0.00,0.00,NA,NA,NA,NA,NA,NA,NA,NA,0.00,NA,NA,NA
2025-03-26 23:00:00,72.20,215.87,44.77,10.38,41.92,NA,NA,1.61,8.75,0.00,0.00,0.00,NA,NA,NA,NA,NA,NA,NA,NA,0.00,NA,NA,NA
2025-03-27 00:00:00,70.87,219.76,45.09,9.11,41.51,NA,NA,1.67,8.75,0.00,0.00,0.00,NA,NA,NA,NA,NA,NA,NA,NA,0.00,NA,NA,NA
2025-03-27 01:00:00,90.82,241.25,44.21,8.99,40.72,NA,NA,1.84,7.82,0.00,0.00,0.00,NA,NA,NA,NA,NA,NA,NA,NA,0.00,NA,NA,NA
2025-03-27 02:00:00,91.76,261.32,47.80,8.63,43.46,NA,NA,1.97,8.11,0.00,0.00,0.00,NA,NA,NA,NA,NA,NA,NA,NA,0.00,NA,NA,NA
2025-03-27 03:00:00,104.45,283.49,45.05,8.34,41.07,NA,NA,1.95,8.37,0.00,0.00,0.00,NA,NA,NA,NA,NA,NA,NA,NA,0.00,NA,NA,NA
2025-03-27 04:00:00,92.71,245.96,39.13,8.97,36.59,NA,NA,1.92,7.05,0.00,0.00,0.00,NA,NA,NA,NA,NA,NA,NA,NA,0.00,NA,NA,NA
2025-03-27 05:00:00,104.67,257.48,41.10,8.46,37.92,NA,NA,1.86,7.75,0.00,0.00,0.00,NA,NA,NA,NA,NA,NA,NA,NA,0.00,NA,NA,NA
2025-03-27 06:00:00,112.87,268.85,39.56,8.86,36.88,NA,NA,1.84,8.53,0.00,0.00,0.00,NA,NA,NA,NA,NA,NA,NA,NA,0.00,NA,NA,NA
2025-03-27 07:00:00,95.81,270.32,37.90,10.07,36.17,NA,NA,1.72,7.57,0.00,0.00,0.00,NA,NA,NA,NA,NA,NA,NA,NA,0.00,NA,NA,NA
2025-03-27 08:00:00,84.62,276.45,12.53,13.54,17.40,NA,NA,0.94,10.78,0.00,0.00,0.00,NA,NA,NA,NA,NA,NA,NA,NA,0.00,NA,NA,NA
2025-03-27 09:00:00,68.85,271.21,6.73,8.96,10.24,NA,NA,0.70,38.05,0.00,0.00,0.00,NA,NA,NA,NA,NA,NA,NA,NA,0.00,NA,NA,NA
2025-03-27 10:00:00,56.40,327.87,4.91,7.97,8.24,NA,NA,0.60,54.43,0.00,0.00,0.00,NA,NA,NA,NA,NA,NA,NA,NA,0.00,NA,NA,NA
2025-03-27 11:00:00,58.48,258.56,4.45,6.60,7.13,NA,NA,0.51,61.33,0.00,0.00,0.00,NA,NA,NA,NA,NA,NA,NA,NA,0.00,NA,NA,NA
2025-03-27 12:00:00,51.88,253.61,3.65,5.68,5.99,NA,NA,0.45,59.20,0.00,0.00,0.00,NA,NA,NA,NA,NA,NA,NA,NA,0.00,NA,NA,NA
2025-03-27 13:00:00,33.96,193.89,3.86,5.33,5.98,NA,NA,0.42,68.84,0.00,0.00,0.00,NA,NA,NA,NA,NA,NA,NA,NA,0.00,NA,NA,NA
2025-03-27 14:00:00,38.27,234.58,4.11,4.96,5.98,NA,NA,0.37,65.36,0.00,0.00,0.00,NA,NA,NA,NA,NA,NA,NA,NA,0.00,NA,NA,NA
2025-03-27 15:00:00,48.67,222.39,3.48,5.11,5.54,NA,NA,0.38,66.27,0.00,0.00,0.00,NA,NA,NA,NA,NA,NA,NA,NA,0.00,NA,NA,NA
2025-03-27 16:00:00,27.49,173.97,4.17,4.61,5.84,NA,NA,0.36,63.56,0.00,0.00,0.00,NA,NA,NA,NA,NA,NA,NA,NA,0.00,NA,NA,NA
2025-03-27 17:00:00,36.24,144.83,5.34,5.45,7.24,NA,NA,0.37,54.93,0.00,0.00,0.00,NA,NA,NA,NA,NA,NA,NA,NA,0.00,NA,NA,NA
2025-03-27 18:00:00,40.64,158.66,5.70,8.25,9.02,NA,NA,0.48,28.67,0.00,0.00,0.00,NA,NA,NA,NA,NA,NA,NA,NA,0.00,NA,NA,NA
2025-03-27 19:00:00,25.30,158.40,14.63,10.78,17.63,NA,NA,0.75,7.34,0.00,0.00,0.00,NA,NA,NA,NA,NA,NA,NA,NA,0.00,NA,NA,NA
2025-03-27 20:00:00,33.68,160.76,16.70,10.42,19.12,NA,NA,0.87,7.08,0.00,0.00,0.00,NA,NA,NA,NA,NA,NA,NA,NA,0.00,NA,NA,NA
2025-03-27 21:00:00,39.50,160.33,20.91,9.65,22.14,NA,NA,1.06,7.18,0.00,0.00,0.00,NA,NA,NA,NA,NA,NA,NA,NA,0.00,NA,NA,NA
2025-03-27 22:00:00,32.37,161.16,32.02,8.12,30.34,NA,NA,1.18,6.42,0.00,0.00,0.00,NA,NA,NA,NA,NA,NA,NA,NA,0.00,NA,NA,NA
2025-03-27 23:00:00,49.39,184.45,28.40,8.86,27.80,NA,NA,1.16,6.98,0.00,0.00,0.00,NA,NA,NA,NA,NA,NA,NA,NA,0.00,NA,NA,NA
2025-03-28 00:00:00,61.01,209.73,26.27,8.65,25.96,NA,NA,1.26,6.47,0.00,0.00,0.00,NA,NA,NA,NA,NA,NA,NA,NA,0.00,NA,NA,NA
2025-03-28 01:00:00,65.14,229.87,16.67,9.72,18.72,NA,NA,0.95,4.87,0.00,0.00,0.00,NA,NA,NA,NA,NA,NA,NA,NA,0.00,NA,NA,NA
2025-03-28 02:00:00,133.07,338.51,7.60,10.00,11.50,NA,NA,0.77,6.36,0.00,0.00,0.00,NA,NA,NA,NA,NA,NA,NA,NA,0.00,NA,NA,NA
2025-03-28 03:00:00,112.55,297.17,3.81,7.18,6.92,NA,NA,0.60,21.51,0.00,0.00,0.00,NA,NA,NA,NA,NA,NA,NA,NA,0.00,NA,NA,NA
2025-03-28 04:00:00,29.07,236.46,4.47,5.15,6.38,NA,NA,0.47,42.01,0.00,0.00,0.00,NA,NA,NA,NA,NA,NA,NA,NA,0.00,NA,NA,NA
2025-03-28 05:00:00,23.88,171.33,4.50,5.24,6.45,NA,NA,0.44,41.71,0.00,0.00,0.00,NA,NA,NA,NA,NA,NA,NA,NA,0.00,NA,NA,NA
2025-03-28 06:00:00,24.99,167.85,3.82,5.39,5.97,NA,NA,0.44,35.88,0.00,0.00,0.00,NA,NA,NA,NA,NA,NA,NA,NA,0.00,NA,NA,NA
2025-03-28 07:00:00,15.62,191.45,4.63,6.21,7.07,NA,NA,0.45,31.80,0.00,0.00,0.00,NA,NA,NA,NA,NA,NA,NA,NA,0.00,NA,NA,NA
2025-03-28 08:00:00,48.02,246.79,4.56,5.94,6.87,NA,NA,0.46,39.27,0.00,0.00,0.00,NA,NA,NA,NA,NA,NA,NA,NA,0.00,NA,NA,NA
2025-03-28 09:00:00,38.79,255.13,3.47,5.46,5.72,NA,NA,0.39,52.34,0.00,0.00,0.00,NA,NA,NA,NA,NA,NA,NA,NA,0.00,NA,NA,NA
2025-03-28 10:00:00,38.48,238.90,4.00,5.16,5.99,NA,NA,0.36,64.50,0.00,0.00,0.00,NA,NA,NA,NA,NA,NA,NA,NA,0.00,NA,NA,NA
2025-03-28 11:00:00,42.01,205.32,3.54,4.73,5.40,NA,NA,0.34,67.12,0.00,0.00,0.00,NA,NA,NA,NA,NA,NA,NA,NA,0.00,NA,NA,NA
2025-03-28 12:00:00,26.66,176.96,3.19,4.71,5.10,NA,NA,0.33,77.53,0.00,0.00,0.00,NA,NA,NA,NA,NA,NA,NA,NA,0.00,NA,NA,NA
2025-03-28 13:00:00,31.05,186.90,3.88,4.55,5.57,NA,NA,0.31,74.90,0.00,0.00,0.00,NA,NA,NA,NA,NA,NA,NA,NA,0.00,NA,NA,NA
2025-03-28 14:00:00,35.19,209.63,3.67,4.69,5.48,NA,NA,0.30,78.55,0.00,0.00,0.00,NA,NA,NA,NA,NA,NA,NA,NA,0.00,NA,NA,NA
2025-03-28 15:00:00,25.17,173.62,3.40,4.55,5.19,NA,NA,0.28,73.03,0.00,0.00,0.00,NA,NA,NA,NA,NA,NA,NA,NA,0.00,NA,NA,NA
2025-03-28 16:00:00,18.14,194.01,3.81,4.62,5.56,NA,NA,0.27,73.80,0.00,0.00,0.00,NA,NA,NA,NA,NA,NA,NA,NA,0.00,NA,NA,NA
2025-03-28 17:00:00,35.21,184.78,3.35,5.15,5.46,NA,NA,0.32,73.99,0.00,0.00,0.00,NA,NA,NA,NA,NA,NA,NA,NA,0.00,NA,NA,NA
2025-03-28 18:00:00,25.59,169.83,3.40,5.45,5.66,NA,NA,0.31,73.36,0.00,0.00,0.00,NA,NA,NA,NA,NA,NA,NA,NA,0.00,NA,NA,NA
2025-03-28 19:00:00,24.32,197.78,4.06,5.42,6.18,NA,NA,0.32,61.74,0.00,0.00,0.00,NA,NA,NA,NA,NA,NA,NA,NA,0.00,NA,NA,NA
2025-03-28 20:00:00,20.77,218.42,3.32,5.27,5.51,NA,NA,0.34,58.02,0.00,0.00,0.00,NA,NA,NA,NA,NA,NA,NA,NA,0.00,NA,NA,NA
2025-03-28 21:00:00,8.50,189.87,3.35,5.36,5.58,NA,NA,0.31,54.50,0.00,0.00,0.00,NA,NA,NA,NA,NA,NA,NA,NA,0.00,NA,NA,NA
2025-03-28 22:00:00,16.50,174.79,3.85,5.16,5.88,NA,NA,0.29,53.63,0.00,0.00,0.00,NA,NA,NA,NA,NA,NA,NA,NA,0.00,NA,NA,NA
2025-03-28 23:00:00,15.82,149.24,2.88,5.16,5.08,NA,NA,0.30,55.29,0.00,0.00,0.00,NA,NA,NA,NA,NA,NA,NA,NA,0.00,NA,NA,NA
2025-03-29 00:00:00,9.12,121.66,3.10,5.17,5.27,NA,NA,0.28,56.61,0.00,0.00,0.00,NA,NA,NA,NA,NA,NA,NA,NA,0.00,NA,NA,NA
2025-03-29 01:00:00,28.23,107.56,3.21,4.86,5.19,NA,NA,0.29,60.11,0.00,0.00,0.00,NA,NA,NA,NA,NA,NA,NA,NA,0.00,NA,NA,NA
2025-03-29 02:00:00,28.71,104.30,2.52,4.65,4.52,NA,NA,0.31,60.59,0.00,0.00,0.00,NA,NA,NA,NA,NA,NA,NA,NA,0.00,NA,NA,NA
2025-03-29 03:00:00,16.27,81.93,2.54,4.78,4.61,NA,NA,0.29,54.47,0.00,0.00,0.00,NA,NA,NA,NA,NA,NA,NA,NA,0.00,NA,NA,NA
2025-03-29 04:00:00,22.98,84.26,2.83,4.90,4.91,NA,NA,0.30,52.40,0.00,0.00,0.00,NA,NA,NA,NA,NA,NA,NA,NA,0.00,NA,NA,NA
2025-03-29 05:00:00,31.92,81.52,2.43,5.10,4.69,NA,NA,0.32,48.12,0.00,0.00,0.00,NA,NA,NA,NA,NA,NA,NA,NA,0.00,NA,NA,NA
2025-03-29 06:00:00,18.21,74.45,2.55,5.80,5.16,NA,NA,0.33,40.81,0.00,0.00,0.00,NA,NA,NA,NA,NA,NA,NA,NA,0.00,NA,NA,NA
2025-03-29 07:00:00,34.67,101.94,2.93,5.89,5.51,NA,NA,0.35,41.83,0.00,0.00,0.00,NA,NA,NA,NA,NA,NA,NA,NA,0.00,NA,NA,NA
2025-03-29 08:00:00,42.05,127.94,2.54,5.63,5.06,NA,NA,0.39,46.52,0.00,0.00,0.00,NA,NA,NA,NA,NA,NA,NA,NA,0.00,NA,NA,NA
2025-03-29 09:00:00,44.61,135.63,3.01,5.37,5.30,NA,NA,0.38,58.41,0.00,0.00,0.00,NA,NA,NA,NA,NA,NA,NA,NA,0.00,NA,NA,NA
2025-03-29 10:00:00,60.17,166.31,4.67,5.15,6.54,NA,NA,0.34,70.14,0.00,0.00,0.00,NA,NA,NA,NA,NA,NA,NA,NA,0.00,NA,NA,NA
2025-03-29 11:00:00,31.22,167.51,11.34,3.85,7.52,NA,NA,0.54,70.98,0.00,0.00,0.00,NA,NA,NA,NA,NA,NA,NA,NA,0.00,NA,NA,NA
2025-03-29 12:00:00,18.31,169.39,5.60,9.70,9.71,NA,NA,0.34,75.34,0.00,0.00,0.00,NA,NA,NA,NA,NA,NA,NA,NA,0.00,NA,NA,NA
2025-03-29 13:00:00,26.05,177.90,4.84,10.45,9.49,NA,NA,0.32,75.13,0.00,0.00,0.00,NA,NA,NA,NA,NA,NA,NA,NA,0.00,NA,NA,NA
2025-03-29 14:00:00,23.87,166.97,4.10,10.01,8.65,NA,NA,0.67,74.91,0.00,0.00,0.00,NA,NA,NA,NA,NA,NA,NA,NA,0.00,NA,NA,NA
2025-03-29 15:00:00,17.27,138.44,3.89,10.00,8.48,NA,NA,0.27,70.52,0.00,0.00,0.00,NA,NA,NA,NA,NA,NA,NA,NA,0.00,NA,NA,NA
2025-03-29 16:00:00,15.53,134.77,3.87,10.00,8.18,NA,NA,0.41,70.99,0.00,0.00,0.00,NA,NA,NA,NA,NA,NA,NA,NA,0.00,NA,NA,NA
2025-03-29 17:00:00,19.48,113.94,3.80,10.91,8.89,NA,NA,0.28,72.89,0.00,0.00,0.00,NA,NA,NA,NA,NA,NA,NA,NA,0.00,NA,NA,NA
2025-03-29 18:00:00,19.38,114.21,4.28,11.14,9.40,NA,NA,0.28,63.16,0.00,0.00,0.00,NA,NA,NA,NA,NA,NA,NA,NA,0.00,NA,NA,NA
2025-03-29 19:00:00,23.71,105.19,3.97,10.64,8.89,NA,NA,0.31,53.65,0.00,0.00,0.00,NA,NA,NA,NA,NA,NA,NA,NA,0.00,NA,NA,NA
2025-03-29 20:00:00,11.43,100.46,3.48,11.40,8.90,NA,NA,0.37,45.29,0.00,0.00,0.00,NA,NA,NA,NA,NA,NA,NA,NA,0.00,NA,NA,NA
2025-03-29 21:00:00,23.54,117.79,3.80,11.46,9.19,NA,NA,0.37,46.15,0.00,0.00,0.00,NA,NA,NA,NA,NA,NA,NA,NA,0.00,NA,NA,NA
2025-03-29 22:00:00,33.96,113.55,3.40,11.35,8.80,NA,NA,0.39,43.74,0.00,0.00,0.00,NA,NA,NA,NA,NA,NA,NA,NA,0.00,NA,NA,NA
2025-03-29 23:00:00,16.69,98.06,3.16,11.41,8.64,NA,NA,0.39,42.57,0.00,0.00,0.00,NA,NA,NA,NA,NA,NA,NA,NA,0.00,NA,NA,NA
2025-03-30 00:00:00,35.59,105.37,3.57,11.44,8.99,NA,NA,0.41,44.06,0.00,0.00,0.00,NA,NA,NA,NA,NA,NA,NA,NA,0.00,NA,NA,NA
2025-03-30 01:00:00,50.60,116.54,2.83,11.25,8.28,NA,NA,0.43,45.70,0.00,0.00,0.00,NA,NA,NA,NA,NA,NA,NA,NA,0.00,NA,NA,NA
2025-03-30 02:00:00,35.09,105.63,2.42,11.32,7.99,NA,NA,0.39,49.51,0.00,0.00,0.00,NA,NA,NA,NA,NA,NA,NA,NA,0.00,NA,NA,NA
2025-03-30 03:00:00,46.43,113.15,2.87,10.97,8.17,NA,NA,0.36,45.68,0.00,0.00,0.00,NA,NA,NA,NA,NA,NA,NA,NA,0.00,NA,NA,NA
2025-03-30 04:00:00,50.13,105.47,2.46,10.90,7.80,NA,NA,0.40,37.47,0.00,0.00,0.00,NA,NA,NA,NA,NA,NA,NA,NA,0.00,NA,NA,NA
2025-03-30 05:00:00,26.48,86.49,2.30,11.33,7.90,NA,NA,0.48,30.41,0.00,0.00,0.00,NA,NA,NA,NA,NA,NA,NA,NA,0.00,NA,NA,NA
2025-03-30 06:00:00,37.80,90.31,2.68,11.63,8.36,NA,NA,0.44,34.94,0.00,0.00,0.00,NA,NA,NA,NA,NA,NA,NA,NA,0.00,NA,NA,NA
2025-03-30 07:00:00,37.86,107.09,2.32,11.43,7.97,NA,NA,0.51,43.51,0.00,0.00,0.00,NA,NA,NA,NA,NA,NA,NA,NA,0.00,NA,NA,NA
2025-03-30 08:00:00,26.76,92.38,2.47,11.11,7.92,NA,NA,0.40,55.41,0.00,0.00,0.00,NA,NA,NA,NA,NA,NA,NA,NA,0.00,NA,NA,NA
2025-03-30 09:00:00,41.55,116.38,3.21,10.84,8.37,NA,NA,0.34,62.47,0.00,0.00,0.00,NA,NA,NA,NA,NA,NA,NA,NA,0.00,NA,NA,NA
2025-03-30 10:00:00,35.93,132.79,2.61,10.66,7.79,NA,NA,0.34,67.41,0.00,0.00,0.00,NA,NA,NA,NA,NA,NA,NA,NA,0.00,NA,NA,NA
2025-03-30 11:00:00,14.48,108.32,3.32,10.64,8.36,NA,NA,0.37,70.30,0.00,0.00,0.00,NA,NA,NA,NA,NA,NA,NA,NA,0.00,NA,NA,NA
2025-03-30 12:00:00,66.00,103.78,3.84,10.54,8.73,NA,NA,0.35,76.27,0.00,0.00,0.00,NA,NA,NA,NA,NA,NA,NA,NA,0.00,NA,NA,NA
2025-03-30 13:00:00,55.90,93.99,3.30,10.61,6.79,NA,NA,0.26,77.17,0.00,0.00,0.00,NA,NA,NA,NA,NA,NA,NA,NA,0.00,NA,NA,NA
2025-03-30 14:00:00,17.43,84.73,3.80,10.48,5.38,NA,NA,0.21,81.49,0.00,0.00,0.00,NA,NA,NA,NA,NA,NA,NA,NA,0.00,NA,NA,NA
2025-03-30 15:00:00,30.74,100.55,4.05,10.25,8.00,NA,NA,0.36,79.97,0.00,0.00,0.00,NA,NA,NA,NA,NA,NA,NA,NA,0.00,NA,NA,NA
2025-03-30 16:00:00,23.61,83.18,3.47,10.34,8.32,NA,NA,0.36,76.91,0.00,0.00,0.00,NA,NA,NA,NA,NA,NA,NA,NA,0.00,NA,NA,NA
2025-03-30 17:00:00,21.87,76.30,3.72,10.13,8.41,NA,NA,0.36,75.35,0.00,0.00,0.00,NA,NA,NA,NA,NA,NA,NA,NA,0.00,NA,NA,NA
2025-03-30 18:00:00,46.15,91.34,3.81,10.57,8.72,NA,NA,0.35,66.01,0.00,0.00,0.00,NA,NA,NA,NA,NA,NA,NA,NA,0.00,NA,NA,NA
2025-03-30 19:00:00,14.17,101.90,3.21,12.07,9.03,NA,NA,0.38,40.81,0.00,0.00,0.00,NA,NA,NA,NA,NA,NA,NA,NA,0.00,NA,NA,NA
2025-03-30 20:00:00,12.51,89.00,3.66,13.75,10.29,NA,NA,0.59,11.34,0.00,0.00,0.00,NA,NA,NA,NA,NA,NA,NA,NA,0.00,NA,NA,NA
2025-03-30 21:00:00,29.75,102.13,3.54,16.06,11.42,NA,NA,0.63,8.66,0.00,0.00,0.00,NA,NA,NA,NA,NA,NA,NA,NA,0.00,NA,NA,NA
2025-03-30 22:00:00,24.29,111.45,2.72,18.64,12.13,NA,NA,0.75,6.69,0.00,0.00,0.00,NA,NA,NA,NA,NA,NA,NA,NA,0.00,NA,NA,NA
2025-03-30 23:00:00,37.18,122.22,3.29,20.05,13.34,NA,NA,0.76,6.60,0.00,0.00,0.00,NA,NA,NA,NA,NA,NA,NA,NA,0.00,NA,NA,NA
2025-03-31 00:00:00,53.21,171.66,3.09,19.80,10.74,NA,NA,0.57,8.24,0.00,0.00,0.00,NA,NA,NA,NA,NA,NA,NA,NA,0.00,NA,NA,NA
2025-03-31 01:00:00,45.33,135.10,2.29,18.66,11.79,NA,NA,0.63,6.05,0.00,0.00,0.00,NA,NA,NA,NA,NA,NA,NA,NA,0.00,NA,NA,NA
2025-03-31 02:00:00,66.69,126.16,2.56,16.51,10.86,NA,NA,0.57,10.06,0.00,0.00,0.00,NA,NA,NA,NA,NA,NA,NA,NA,0.00,NA,NA,NA
2025-03-31 03:00:00,76.18,131.54,2.51,14.25,9.62,NA,NA,0.62,12.88,0.00,0.00,0.00,NA,NA,NA,NA,NA,NA,NA,NA,0.00,NA,NA,NA
2025-03-31 04:00:00,62.56,115.10,2.23,14.10,9.31,NA,NA,0.51,7.57,0.00,0.00,0.00,NA,NA,NA,NA,NA,NA,NA,NA,0.00,NA,NA,NA
2025-03-31 05:00:00,77.09,143.28,2.60,14.79,9.99,NA,NA,0.57,6.39,0.00,0.00,0.00,NA,NA,NA,NA,NA,NA,NA,NA,0.00,NA,NA,NA
2025-03-31 06:00:00,138.10,213.76,2.44,14.68,9.79,NA,NA,0.54,9.17,0.00,0.00,0.00,NA,NA,NA,NA,NA,NA,NA,NA,0.00,NA,NA,NA
2025-03-31 07:00:00,91.90,204.63,2.33,14.28,9.49,NA,NA,0.49,19.25,0.00,0.00,0.00,NA,NA,NA,NA,NA,NA,NA,NA,0.00,NA,NA,NA
2025-03-31 08:00:00,82.69,217.36,3.02,13.41,9.59,NA,NA,0.66,41.11,0.00,0.00,0.00,NA,NA,NA,NA,NA,NA,NA,NA,0.00,NA,NA,NA
2025-03-31 09:00:00,86.90,224.55,2.67,12.80,8.98,NA,NA,0.58,63.89,0.00,0.00,0.00,NA,NA,NA,NA,NA,NA,NA,NA,0.00,NA,NA,NA
2025-03-31 10:00:00,61.98,177.87,3.13,12.52,9.20,NA,NA,0.50,84.99,0.00,0.00,0.00,NA,NA,NA,NA,NA,NA,NA,NA,0.00,NA,NA,NA
2025-03-31 11:00:00,90.72,141.10,3.48,11.98,9.20,NA,NA,0.45,96.31,0.00,0.00,0.00,NA,NA,NA,NA,NA,NA,NA,NA,0.00,NA,NA,NA
2025-03-31 12:00:00,78.50,114.73,2.75,11.49,8.37,NA,NA,0.45,85.04,0.00,0.00,0.00,NA,NA,NA,NA,NA,NA,NA,NA,0.00,NA,NA,NA
2025-03-31 13:00:00,33.96,94.74,3.07,10.75,8.21,NA,NA,0.34,78.66,0.00,0.00,0.00,NA,NA,NA,NA,NA,NA,NA,NA,0.00,NA,NA,NA
2025-03-31 14:00:00,22.73,72.49,3.44,10.16,8.20,NA,NA,0.27,73.81,0.00,0.00,0.00,NA,NA,NA,NA,NA,NA,NA,NA,0.00,NA,NA,NA
2025-03-31 15:00:00,24.35,71.26,2.82,10.25,7.74,NA,NA,0.22,72.52,0.00,0.00,0.00,NA,NA,NA,NA,NA,NA,NA,NA,0.00,NA,NA,NA
2025-03-31 16:00:00,12.07,52.49,3.09,9.60,7.61,NA,NA,0.23,66.35,0.00,0.00,0.00,NA,NA,NA,NA,NA,NA,NA,NA,0.00,NA,NA,NA
2025-03-31 17:00:00,19.47,63.71,3.27,9.65,7.70,NA,NA,0.19,63.71,0.00,0.00,0.00,NA,NA,NA,NA,NA,NA,NA,NA,0.00,NA,NA,NA
2025-03-31 18:00:00,32.05,75.22,2.55,10.77,7.79,NA,NA,0.25,52.43,0.00,0.00,0.00,NA,NA,NA,NA,NA,NA,NA,NA,0.00,NA,NA,NA
2025-03-31 19:00:00,7.04,61.37,3.14,12.29,9.09,NA,NA,0.34,33.06,0.00,0.00,0.00,NA,NA,NA,NA,NA,NA,NA,NA,0.00,NA,NA,NA
2025-03-31 20:00:00,17.73,86.76,3.30,13.24,9.72,NA,NA,0.41,22.48,0.00,0.00,0.00,NA,NA,NA,NA,NA,NA,NA,NA,0.00,NA,NA,NA
2025-03-31 21:00:00,25.60,86.48,2.38,13.42,9.08,NA,NA,0.46,20.17,0.00,0.00,0.00,NA,NA,NA,NA,NA,NA,NA,NA,0.00,NA,NA,NA
2025-03-31 22:00:00,24.88,96.12,2.71,13.61,9.45,NA,NA,0.47,17.78,0.00,0.00,0.00,NA,NA,NA,NA,NA,NA,NA,NA,0.00,NA,NA,NA
2025-03-31 23:00:00,33.51,102.24,2.81,13.54,9.46,NA,NA,0.43,17.65,0.00,0.00,0.00,NA,NA,NA,NA,NA,NA,NA,NA,0.00,NA,NA,NA
2025-04-01 00:00:00,NA,NA,NA,NA,NA,NA,NA,NA,NA,NA,NA,NA,NA,NA,NA,NA,NA,NA,NA,NA,0.00,NA,NA,NA
2025-04-01 01:00:00,NA,NA,NA,NA,NA,NA,NA,NA,NA,NA,NA,NA,NA,NA,NA,NA,NA,NA,NA,NA,0.00,NA,NA,NA
2025-04-01 02:00:00,NA,NA,NA,NA,NA,NA,NA,NA,NA,NA,NA,NA,NA,NA,NA,NA,NA,NA,NA,NA,0.00,NA,NA,NA
2025-04-01 03:00:00,NA,NA,NA,NA,NA,NA,NA,NA,NA,NA,NA,NA,NA,NA,NA,NA,NA,NA,NA,NA,0.00,NA,NA,NA
2025-04-01 04:00:00,NA,NA,NA,NA,NA,NA,NA,NA,NA,NA,NA,NA,NA,NA,NA,NA,NA,NA,NA,NA,0.00,NA,NA,NA
2025-04-01 05:00:00,NA,NA,NA,NA,NA,NA,NA,NA,NA,NA,NA,NA,NA,NA,NA,NA,NA,NA,NA,NA,0.00,NA,NA,NA
2025-04-01 06:00:00,NA,NA,NA,NA,NA,NA,NA,NA,NA,NA,NA,NA,NA,NA,NA,NA,NA,NA,NA,NA,0.00,NA,NA,NA
2025-04-01 07:00:00,NA,NA,NA,NA,NA,NA,NA,NA,NA,NA,NA,NA,NA,NA,NA,NA,NA,NA,NA,NA,0.00,NA,NA,NA
2025-04-01 08:00:00,NA,NA,NA,NA,NA,NA,NA,NA,NA,NA,NA,NA,NA,NA,NA,NA,NA,NA,NA,NA,0.00,NA,NA,NA
2025-04-01 09:00:00,NA,NA,NA,NA,NA,NA,NA,NA,NA,NA,NA,NA,NA,NA,NA,NA,NA,NA,NA,NA,0.00,NA,NA,NA
2025-04-01 10:00:00,NA,NA,NA,NA,NA,NA,NA,NA,NA,NA,NA,NA,NA,NA,NA,NA,NA,NA,NA,NA,0.00,NA,NA,NA
2025-04-01 11:00:00,NA,NA,NA,NA,NA,NA,NA,NA,NA,NA,NA,NA,NA,NA,NA,NA,NA,NA,NA,NA,0.00,NA,NA,NA
2025-04-01 12:00:00,NA,NA,NA,NA,NA,NA,NA,NA,NA,NA,NA,NA,NA,NA,NA,NA,NA,NA,NA,NA,0.00,NA,NA,NA
2025-04-01 13:00:00,NA,NA,10.49,0.30,NA,NA,NA,NA,NA,NA,NA,NA,NA,NA,NA,NA,NA,NA,NA,NA,0.00,NA,NA,NA
2025-04-01 14:00:00,NA,228.05,10.03,0.24,36.58,NA,NA,0.54,NA,NA,NA,NA,NA,NA,NA,NA,NA,NA,NA,NA,0.00,NA,NA,NA
2025-04-01 15:00:00,311.10,193.39,9.98,0.30,37.39,NA,NA,0.52,NA,NA,NA,NA,NA,NA,NA,NA,NA,NA,NA,NA,0.00,NA,NA,NA
2025-04-01 16:00:00,40.65,120.16,11.61,0.36,30.64,NA,NA,0.49,NA,NA,NA,NA,NA,NA,NA,NA,NA,NA,NA,NA,0.00,NA,NA,NA
2025-04-01 17:00:00,44.95,125.70,3.88,10.00,8.48,NA,NA,0.21,NA,NA,NA,NA,NA,NA,NA,NA,NA,NA,NA,NA,0.00,NA,NA,NA
2025-04-01 18:00:00,34.34,101.05,4.03,9.89,8.54,NA,NA,0.27,NA,NA,NA,NA,NA,NA,NA,NA,NA,NA,NA,NA,0.00,NA,NA,NA
2025-04-01 19:00:00,27.71,104.97,4.67,40.55,25.38,NA,NA,0.45,NA,NA,NA,NA,NA,NA,NA,NA,NA,NA,NA,NA,0.00,NA,NA,NA
2025-04-01 20:00:00,30.26,122.51,4.23,46.66,28.26,NA,NA,0.65,NA,NA,NA,NA,NA,NA,NA,NA,NA,NA,NA,NA,0.00,NA,NA,NA
2025-04-01 21:00:00,20.80,140.84,3.48,30.72,19.16,NA,NA,0.84,NA,NA,NA,NA,NA,NA,NA,NA,NA,NA,NA,NA,0.00,NA,NA,NA
2025-04-01 22:00:00,49.13,170.09,3.48,25.77,16.54,NA,NA,0.86,NA,NA,NA,NA,NA,NA,NA,NA,NA,NA,NA,NA,0.00,NA,NA,NA
2025-04-01 23:00:00,64.49,192.72,2.51,22.97,14.26,NA,NA,0.87,NA,NA,NA,NA,NA,NA,NA,NA,NA,NA,NA,NA,0.00,NA,NA,NA
2025-04-02 00:00:00,54.22,172.53,2.76,21.03,13.43,NA,NA,0.83,NA,NA,NA,NA,NA,NA,NA,NA,NA,NA,NA,NA,0.00,NA,NA,NA
2025-04-02 01:00:00,71.21,178.34,3.06,20.63,13.46,NA,NA,0.82,NA,NA,NA,NA,NA,NA,NA,NA,NA,NA,NA,NA,0.00,NA,NA,NA
2025-04-02 02:00:00,71.92,159.19,2.39,21.09,13.17,NA,NA,0.84,NA,NA,NA,NA,NA,NA,NA,NA,NA,NA,NA,NA,0.00,NA,NA,NA
2025-04-02 03:00:00,53.95,143.66,2.66,19.96,12.77,NA,NA,0.71,NA,NA,NA,NA,NA,NA,NA,NA,NA,NA,NA,NA,0.00,NA,NA,NA
2025-04-02 04:00:00,69.79,169.98,3.07,19.65,12.95,NA,NA,0.71,NA,NA,NA,NA,NA,NA,NA,NA,NA,NA,NA,NA,0.00,NA,NA,NA
2025-04-02 05:00:00,72.78,189.74,2.45,20.91,13.11,NA,NA,0.79,NA,NA,NA,NA,NA,NA,NA,NA,NA,NA,NA,NA,0.00,NA,NA,NA
2025-04-02 06:00:00,79.23,199.24,3.17,25.26,16.02,NA,NA,0.83,NA,NA,NA,NA,NA,NA,NA,NA,NA,NA,NA,NA,0.00,NA,NA,NA
2025-04-02 07:00:00,133.37,317.53,3.35,28.82,18.05,NA,NA,0.91,10.33,NA,NA,NA,NA,NA,NA,NA,NA,NA,NA,NA,0.00,NA,NA,NA
2025-04-02 08:00:00,159.05,361.01,2.63,25.94,15.93,NA,NA,0.83,15.92,NA,NA,NA,NA,NA,NA,NA,NA,NA,NA,NA,0.00,NA,NA,NA
2025-04-02 09:00:00,104.80,326.45,3.53,19.02,12.99,NA,NA,0.59,54.92,NA,NA,NA,NA,NA,NA,NA,NA,NA,NA,NA,0.00,NA,NA,NA
2025-04-02 10:00:00,100.86,312.73,3.89,18.53,13.02,NA,NA,0.52,84.75,NA,NA,NA,NA,NA,NA,NA,NA,NA,NA,NA,0.00,NA,NA,NA
2025-04-02 11:00:00,103.49,269.64,3.69,19.92,13.60,NA,NA,0.37,96.49,NA,NA,NA,NA,NA,NA,NA,NA,NA,NA,NA,0.00,NA,NA,NA
2025-04-02 12:00:00,79.54,189.24,4.22,13.72,10.73,NA,NA,0.26,94.90,NA,NA,NA,NA,NA,NA,NA,NA,NA,NA,NA,0.00,NA,NA,NA
2025-04-02 13:00:00,61.22,147.25,5.07,11.29,10.12,NA,NA,0.19,85.15,NA,NA,NA,NA,NA,NA,NA,NA,NA,NA,NA,0.00,NA,NA,NA
2025-04-02 14:00:00,54.78,147.97,5.83,11.68,10.95,NA,NA,0.19,84.51,NA,NA,NA,NA,NA,NA,NA,NA,NA,NA,NA,0.00,NA,NA,NA
2025-04-02 15:00:00,49.69,136.88,7.95,10.37,11.98,NA,NA,0.14,80.58,NA,NA,NA,NA,NA,NA,NA,NA,NA,NA,NA,0.00,NA,NA,NA
2025-04-02 16:00:00,44.78,131.77,10.04,15.10,16.19,NA,NA,0.14,113.66,NA,NA,NA,NA,NA,NA,NA,NA,NA,NA,NA,0.00,NA,NA,NA
2025-04-02 17:00:00,43.43,128.47,10.54,20.73,19.60,NA,NA,0.22,134.80,NA,NA,NA,NA,NA,NA,NA,NA,NA,NA,NA,0.00,NA,NA,NA
2025-04-02 18:00:00,29.45,109.34,7.77,21.85,17.94,NA,NA,0.34,84.03,NA,NA,NA,NA,NA,NA,NA,NA,NA,NA,NA,0.00,NA,NA,NA
2025-04-02 19:00:00,17.75,124.41,6.29,27.85,19.93,NA,NA,0.66,19.83,NA,NA,NA,NA,NA,NA,NA,NA,NA,NA,NA,0.00,NA,NA,NA
2025-04-02 20:00:00,6.22,148.19,6.23,38.13,25.35,NA,NA,1.08,14.04,NA,NA,NA,NA,NA,NA,NA,NA,NA,NA,NA,0.00,NA,NA,NA
2025-04-02 21:00:00,19.56,152.27,6.17,51.63,32.48,NA,NA,1.19,13.61,NA,NA,NA,NA,NA,NA,NA,NA,NA,NA,NA,0.00,NA,NA,NA
2025-04-02 22:00:00,41.21,147.52,5.58,58.97,35.90,NA,NA,1.17,13.54,NA,NA,NA,NA,NA,NA,NA,NA,NA,NA,NA,0.00,NA,NA,NA
2025-04-02 23:00:00,30.49,144.00,5.15,58.75,35.43,NA,NA,1.30,13.50,NA,NA,NA,NA,NA,NA,NA,NA,NA,NA,NA,0.00,NA,NA,NA
2025-04-03 00:00:00,52.02,168.64,5.33,60.96,36.76,NA,NA,1.30,14.03,NA,NA,NA,NA,NA,NA,NA,NA,NA,NA,NA,0.00,NA,NA,NA
2025-04-03 01:00:00,71.59,171.47,4.25,60.44,35.60,NA,NA,1.29,12.52,NA,NA,NA,NA,NA,NA,NA,NA,NA,NA,NA,0.00,NA,NA,NA
2025-04-03 02:00:00,52.06,150.62,4.00,54.52,32.26,NA,NA,1.15,14.15,NA,NA,NA,NA,NA,NA,NA,NA,NA,NA,NA,0.00,NA,NA,NA
2025-04-03 03:00:00,67.63,154.86,4.54,56.21,33.59,NA,NA,1.21,13.10,NA,NA,NA,NA,NA,NA,NA,NA,NA,NA,NA,0.00,NA,NA,NA
2025-04-03 04:00:00,72.85,168.98,3.40,56.03,32.57,NA,NA,1.11,13.24,NA,NA,NA,NA,NA,NA,NA,NA,NA,NA,NA,0.00,NA,NA,NA
2025-04-03 05:00:00,55.61,147.27,3.91,55.30,32.59,NA,NA,1.22,12.42,NA,NA,NA,NA,NA,NA,NA,NA,NA,NA,NA,0.00,NA,NA,NA
2025-04-03 06:00:00,88.50,182.41,4.56,53.05,31.93,NA,NA,1.15,14.92,NA,NA,NA,NA,NA,NA,NA,NA,NA,NA,NA,0.00,NA,NA,NA
2025-04-03 07:00:00,75.10,211.13,3.37,51.49,30.13,NA,NA,1.15,15.90,NA,NA,NA,NA,NA,NA,NA,NA,NA,NA,NA,0.00,NA,NA,NA
2025-04-03 08:00:00,66.82,259.07,4.21,46.62,28.22,NA,NA,1.10,24.78,NA,NA,NA,NA,NA,NA,NA,NA,NA,NA,NA,0.00,NA,NA,NA
2025-04-03 09:00:00,115.37,360.36,4.84,39.83,25.12,NA,NA,0.91,125.09,NA,NA,NA,NA,NA,NA,NA,NA,NA,NA,NA,0.00,NA,NA,NA
2025-04-03 10:00:00,104.52,328.20,4.54,31.68,20.54,NA,NA,0.67,161.13,NA,NA,NA,NA,NA,NA,NA,NA,NA,NA,NA,0.00,NA,NA,NA
2025-04-03 11:00:00,45.08,156.35,5.37,27.16,18.81,NA,NA,0.55,148.78,NA,NA,NA,NA,NA,NA,NA,NA,NA,NA,NA,0.00,NA,NA,NA
2025-04-03 12:00:00,46.49,121.67,5.67,26.33,18.61,NA,NA,0.47,169.80,NA,NA,NA,NA,NA,NA,NA,NA,NA,NA,NA,0.00,NA,NA,NA
2025-04-03 13:00:00,41.95,107.51,5.27,24.05,17.08,NA,NA,0.41,159.85,NA,NA,NA,NA,NA,NA,NA,NA,NA,NA,NA,0.00,NA,NA,NA
2025-04-03 14:00:00,25.37,83.61,5.66,22.04,16.33,NA,NA,0.38,146.11,NA,NA,NA,NA,NA,NA,NA,NA,NA,NA,NA,0.00,NA,NA,NA
2025-04-03 15:00:00,19.42,70.76,5.72,22.22,16.47,NA,NA,0.37,150.81,NA,NA,NA,NA,NA,NA,NA,NA,NA,NA,NA,0.00,NA,NA,NA
2025-04-03 16:00:00,28.35,88.61,5.08,21.40,15.52,NA,NA,0.34,148.52,NA,NA,NA,NA,NA,NA,NA,NA,NA,NA,NA,0.00,NA,NA,NA
2025-04-03 17:00:00,35.78,83.98,5.21,28.16,19.22,NA,NA,0.39,110.79,NA,NA,NA,NA,NA,NA,NA,NA,NA,NA,NA,0.00,NA,NA,NA
2025-04-03 18:00:00,43.21,105.10,5.07,31.54,20.90,NA,NA,0.67,29.08,NA,NA,NA,NA,NA,NA,NA,NA,NA,NA,NA,0.00,NA,NA,NA
2025-04-03 19:00:00,20.33,115.62,4.64,38.13,24.06,NA,NA,1.00,12.67,NA,NA,NA,NA,NA,NA,NA,NA,NA,NA,NA,0.00,NA,NA,NA
2025-04-03 20:00:00,22.67,142.63,5.21,52.91,32.38,NA,NA,1.37,13.71,NA,NA,NA,NA,NA,NA,NA,NA,NA,NA,NA,0.00,NA,NA,NA
2025-04-03 21:00:00,42.24,201.04,4.90,63.67,37.85,NA,NA,1.20,10.49,NA,NA,NA,NA,NA,NA,NA,NA,NA,NA,NA,0.00,NA,NA,NA
2025-04-03 22:00:00,38.40,191.40,4.11,52.97,31.52,NA,NA,0.99,13.49,NA,NA,NA,NA,NA,NA,NA,NA,NA,NA,NA,0.00,NA,NA,NA
2025-04-03 23:00:00,32.64,178.04,4.61,43.42,26.85,NA,NA,0.91,13.47,NA,NA,NA,NA,NA,NA,NA,NA,NA,NA,NA,0.00,NA,NA,NA
2025-04-04 00:00:00,50.06,193.73,4.14,42.43,25.94,NA,NA,0.98,15.49,NA,NA,NA,NA,NA,NA,NA,NA,NA,NA,NA,0.00,NA,NA,NA
2025-04-04 01:00:00,41.77,177.67,3.86,45.72,27.46,NA,NA,1.06,12.35,NA,NA,NA,NA,NA,NA,NA,NA,NA,NA,NA,0.00,NA,NA,NA
2025-04-04 02:00:00,47.57,186.35,4.46,47.25,28.76,NA,NA,1.03,12.53,NA,NA,NA,NA,NA,NA,NA,NA,NA,NA,NA,0.00,NA,NA,NA
2025-04-04 03:00:00,61.56,188.57,3.71,44.42,26.65,NA,NA,0.96,16.41,NA,NA,NA,NA,NA,NA,NA,NA,NA,NA,NA,0.00,NA,NA,NA
2025-04-04 04:00:00,50.68,164.80,3.74,43.76,26.32,NA,NA,0.92,10.49,NA,NA,NA,NA,NA,NA,NA,NA,NA,NA,NA,0.00,NA,NA,NA
2025-04-04 05:00:00,74.05,202.33,4.38,43.32,26.61,NA,NA,0.87,13.33,NA,NA,NA,NA,NA,NA,NA,NA,NA,NA,NA,0.00,NA,NA,NA
2025-04-04 06:00:00,80.00,204.54,3.66,43.65,26.19,NA,NA,0.95,16.34,NA,NA,NA,NA,NA,NA,NA,NA,NA,NA,NA,0.00,NA,NA,NA
2025-04-04 07:00:00,57.03,203.76,4.05,45.97,27.74,NA,NA,1.08,16.82,NA,NA,NA,NA,NA,NA,NA,NA,NA,NA,NA,0.00,NA,NA,NA
2025-04-04 08:00:00,83.77,260.88,4.77,45.26,27.95,NA,NA,0.99,26.27,NA,NA,NA,NA,NA,NA,NA,NA,NA,NA,NA,0.00,NA,NA,NA
2025-04-04 09:00:00,94.73,258.41,4.03,39.12,24.09,NA,NA,0.72,88.25,NA,NA,NA,NA,NA,NA,NA,NA,NA,NA,NA,0.00,NA,NA,NA
2025-04-04 10:00:00,61.36,206.24,4.89,34.85,22.52,NA,NA,0.61,155.07,NA,NA,NA,NA,NA,NA,NA,NA,NA,NA,NA,0.00,NA,NA,NA
2025-04-04 11:00:00,65.91,184.56,5.63,31.75,21.46,NA,NA,0.35,175.85,NA,NA,NA,NA,NA,NA,NA,NA,NA,NA,NA,0.00,NA,NA,NA
2025-04-04 12:00:00,53.89,151.57,6.07,28.31,20.00,NA,NA,0.29,192.87,NA,NA,NA,NA,NA,NA,NA,NA,NA,NA,NA,0.00,NA,NA,NA
2025-04-04 13:00:00,71.51,166.35,5.70,14.42,12.31,NA,NA,0.24,127.58,NA,NA,NA,NA,NA,NA,NA,NA,NA,NA,NA,0.00,NA,NA,NA
2025-04-04 14:00:00,67.53,154.10,5.59,11.75,10.79,NA,NA,0.22,94.58,NA,NA,NA,NA,NA,NA,NA,NA,NA,NA,NA,0.00,NA,NA,NA
2025-04-04 15:00:00,42.29,124.06,4.75,11.75,10.12,NA,NA,0.24,80.36,NA,NA,NA,NA,NA,NA,NA,NA,NA,NA,NA,0.00,NA,NA,NA
2025-04-04 16:00:00,20.12,95.65,4.57,10.61,9.36,NA,NA,0.19,74.15,NA,NA,NA,NA,NA,NA,NA,NA,NA,NA,NA,0.00,NA,NA,NA
2025-04-04 17:00:00,30.97,116.59,4.37,11.23,9.52,NA,NA,0.28,67.65,NA,NA,NA,NA,NA,NA,NA,NA,NA,NA,NA,0.00,NA,NA,NA
2025-04-04 18:00:00,31.82,119.54,3.87,12.39,9.73,NA,NA,0.32,52.82,NA,NA,NA,NA,NA,NA,NA,NA,NA,NA,NA,0.00,NA,NA,NA
2025-04-04 19:00:00,18.37,111.13,4.08,14.42,10.99,NA,NA,0.43,22.42,NA,NA,NA,NA,NA,NA,NA,NA,NA,NA,NA,0.00,NA,NA,NA
2025-04-04 20:00:00,33.61,145.70,4.15,16.27,12.03,NA,NA,0.51,12.87,NA,NA,NA,NA,NA,NA,NA,NA,NA,NA,NA,0.00,NA,NA,NA
2025-04-04 21:00:00,37.31,147.07,3.57,16.17,11.50,NA,NA,0.48,27.41,NA,NA,NA,NA,NA,NA,NA,NA,NA,NA,NA,0.00,NA,NA,NA
2025-04-04 22:00:00,33.43,127.21,3.81,14.37,10.74,NA,NA,0.41,43.63,NA,NA,NA,NA,NA,NA,NA,NA,NA,NA,NA,0.00,NA,NA,NA
2025-04-04 23:00:00,48.30,130.66,3.82,13.91,10.51,NA,NA,0.45,27.72,NA,NA,NA,NA,NA,NA,NA,NA,NA,NA,NA,0.00,NA,NA,NA
2025-04-05 00:00:00,38.28,115.93,3.29,13.76,9.99,NA,NA,0.41,30.33,NA,NA,NA,NA,NA,NA,NA,NA,NA,NA,NA,0.00,NA,NA,NA
2025-04-05 01:00:00,30.82,94.12,3.55,13.35,9.99,NA,NA,0.37,32.39,NA,NA,NA,NA,NA,NA,NA,NA,NA,NA,NA,0.00,NA,NA,NA
2025-04-05 02:00:00,39.28,99.72,3.33,13.14,9.70,NA,NA,0.37,29.86,NA,NA,NA,NA,NA,NA,NA,NA,NA,NA,NA,0.00,NA,NA,NA
2025-04-05 03:00:00,29.98,82.82,2.84,12.84,9.14,NA,NA,0.35,32.04,NA,NA,NA,NA,NA,NA,NA,NA,NA,NA,NA,0.00,NA,NA,NA
2025-04-05 04:00:00,29.06,86.26,3.32,12.53,9.37,NA,NA,0.35,29.92,NA,NA,NA,NA,NA,NA,NA,NA,NA,NA,NA,0.00,NA,NA,NA
2025-04-05 05:00:00,48.76,104.68,2.92,12.76,9.17,NA,NA,0.39,22.08,NA,NA,NA,NA,NA,NA,NA,NA,NA,NA,NA,0.00,NA,NA,NA
2025-04-05 06:00:00,48.29,117.44,2.64,13.81,9.49,NA,NA,0.41,15.67,NA,NA,NA,NA,NA,NA,NA,NA,NA,NA,NA,0.00,NA,NA,NA
2025-04-05 07:00:00,91.66,193.73,3.31,13.93,10.10,NA,NA,0.43,24.98,NA,NA,NA,NA,NA,NA,NA,NA,NA,NA,NA,0.00,NA,NA,NA
2025-04-05 08:00:00,91.15,196.22,2.98,13.52,9.61,NA,NA,0.43,44.99,NA,NA,NA,NA,NA,NA,NA,NA,NA,NA,NA,0.00,NA,NA,NA
2025-04-05 09:00:00,50.45,198.64,3.22,13.47,9.79,NA,NA,0.44,63.37,NA,NA,NA,NA,NA,NA,NA,NA,NA,NA,NA,0.00,NA,NA,NA
2025-04-05 10:00:00,63.48,207.09,3.92,12.96,10.08,NA,NA,0.42,84.41,NA,NA,NA,NA,NA,NA,NA,NA,NA,NA,NA,0.00,NA,NA,NA
2025-04-05 11:00:00,64.54,183.21,3.77,12.78,9.86,NA,NA,0.38,87.22,NA,NA,NA,NA,NA,NA,NA,NA,NA,NA,NA,0.00,NA,NA,NA
2025-04-05 12:00:00,24.86,137.02,3.93,11.50,9.31,NA,NA,0.32,92.69,NA,NA,NA,NA,NA,NA,NA,NA,NA,NA,NA,0.00,NA,NA,NA
2025-04-05 13:00:00,24.14,119.65,4.28,10.88,9.27,NA,NA,0.28,89.22,NA,NA,NA,NA,NA,NA,NA,NA,NA,NA,NA,0.00,NA,NA,NA
2025-04-05 14:00:00,27.24,121.33,3.98,11.05,9.12,NA,NA,0.29,83.00,NA,NA,NA,NA,NA,NA,NA,NA,NA,NA,NA,0.00,NA,NA,NA
2025-04-05 15:00:00,13.52,112.31,4.03,10.04,8.62,NA,NA,0.27,82.55,NA,NA,NA,NA,NA,NA,NA,NA,NA,NA,NA,0.00,NA,NA,NA
2025-04-05 16:00:00,34.40,136.95,4.16,10.00,8.70,NA,NA,0.29,79.78,NA,NA,NA,NA,NA,NA,NA,NA,NA,NA,NA,0.00,NA,NA,NA
2025-04-05 17:00:00,55.41,113.99,3.71,10.66,8.68,NA,NA,0.29,81.35,NA,NA,NA,NA,NA,NA,NA,NA,NA,NA,NA,0.00,NA,NA,NA
2025-04-05 18:00:00,26.81,89.35,3.87,10.86,8.93,NA,NA,0.34,65.64,NA,NA,NA,NA,NA,NA,NA,NA,NA,NA,NA,0.00,NA,NA,NA
2025-04-05 19:00:00,35.07,91.40,4.12,13.25,10.40,NA,NA,0.53,17.29,NA,NA,NA,NA,NA,NA,NA,NA,NA,NA,NA,0.00,NA,NA,NA
2025-04-05 20:00:00,33.33,124.39,3.51,18.46,12.68,NA,NA,0.78,6.52,NA,NA,NA,NA,NA,NA,NA,NA,NA,NA,NA,0.00,NA,NA,NA
2025-04-05 21:00:00,27.69,124.10,3.75,22.27,14.89,NA,NA,0.87,6.72,NA,NA,NA,NA,NA,NA,NA,NA,NA,NA,NA,0.00,NA,NA,NA
2025-04-05 22:00:00,47.56,146.64,3.97,24.75,16.39,NA,NA,1.02,7.37,NA,NA,NA,NA,NA,NA,NA,NA,NA,NA,NA,0.00,NA,NA,NA
2025-04-05 23:00:00,61.50,175.33,3.23,26.80,16.88,NA,NA,1.09,6.38,NA,NA,NA,NA,NA,NA,NA,NA,NA,NA,NA,0.00,NA,NA,NA
2025-04-06 00:00:00,52.85,176.49,3.57,26.64,17.07,NA,NA,1.10,6.66,NA,NA,NA,NA,NA,NA,NA,NA,NA,NA,NA,0.00,NA,NA,NA
2025-04-06 01:00:00,78.28,165.74,3.67,26.82,17.25,NA,NA,1.02,6.82,NA,NA,NA,NA,NA,NA,NA,NA,NA,NA,NA,0.00,NA,NA,NA
2025-04-06 02:00:00,66.96,147.50,2.68,25.58,15.78,NA,NA,0.97,5.30,NA,NA,NA,NA,NA,NA,NA,NA,NA,NA,NA,0.00,NA,NA,NA
2025-04-06 03:00:00,70.82,155.41,3.38,24.35,15.70,NA,NA,0.90,6.66,NA,NA,NA,NA,NA,NA,NA,NA,NA,NA,NA,0.00,NA,NA,NA
2025-04-06 04:00:00,96.06,185.19,3.46,24.08,15.62,NA,NA,0.88,6.87,NA,NA,NA,NA,NA,NA,NA,NA,NA,NA,NA,0.00,NA,NA,NA
2025-04-06 05:00:00,112.55,214.96,2.73,24.86,15.44,NA,NA,0.84,5.37,NA,NA,NA,NA,NA,NA,NA,NA,NA,NA,NA,0.00,NA,NA,NA
2025-04-06 06:00:00,105.49,240.09,3.63,25.04,16.27,NA,NA,0.84,6.31,NA,NA,NA,NA,NA,NA,NA,NA,NA,NA,NA,0.00,NA,NA,NA
2025-04-06 07:00:00,80.40,206.98,3.58,24.83,16.12,NA,NA,0.80,8.70,NA,NA,NA,NA,NA,NA,NA,NA,NA,NA,NA,0.00,NA,NA,NA
2025-04-06 08:00:00,42.35,171.24,3.02,22.90,14.64,NA,NA,0.70,20.04,NA,NA,NA,NA,NA,NA,NA,NA,NA,NA,NA,0.00,NA,NA,NA
2025-04-06 09:00:00,43.32,140.43,3.92,19.17,13.38,NA,NA,0.57,62.07,NA,NA,NA,NA,NA,NA,NA,NA,NA,NA,NA,0.00,NA,NA,NA
2025-04-06 10:00:00,85.67,125.52,3.86,15.46,11.36,NA,NA,0.51,92.65,NA,NA,NA,NA,NA,NA,NA,NA,NA,NA,NA,0.00,NA,NA,NA
2025-04-06 11:00:00,72.58,116.04,3.62,12.84,9.77,NA,NA,0.49,100.16,NA,NA,NA,NA,NA,NA,NA,NA,NA,NA,NA,0.00,NA,NA,NA
2025-04-06 12:00:00,63.19,149.82,4.08,11.76,9.57,NA,NA,0.47,106.66,NA,NA,NA,NA,NA,NA,NA,NA,NA,NA,NA,0.00,NA,NA,NA
2025-04-06 13:00:00,74.58,156.71,3.84,12.16,9.59,NA,NA,0.46,102.12,NA,NA,NA,NA,NA,NA,NA,NA,NA,NA,NA,0.00,NA,NA,NA
2025-04-06 14:00:00,42.78,100.85,3.82,11.05,8.98,NA,NA,0.40,91.39,NA,NA,NA,NA,NA,NA,NA,NA,NA,NA,NA,0.00,NA,NA,NA
2025-04-06 15:00:00,46.92,103.77,4.08,10.71,9.01,NA,NA,0.37,85.91,NA,NA,NA,NA,NA,NA,NA,NA,NA,NA,NA,0.00,NA,NA,NA
2025-04-06 16:00:00,49.94,94.57,3.89,11.61,9.34,NA,NA,0.37,82.25,NA,NA,NA,NA,NA,NA,NA,NA,NA,NA,NA,0.00,NA,NA,NA
2025-04-06 17:00:00,32.03,83.44,3.89,10.40,8.70,NA,NA,0.39,78.37,NA,NA,NA,NA,NA,NA,NA,NA,NA,NA,NA,0.00,NA,NA,NA
2025-04-06 18:00:00,42.45,98.95,4.11,11.70,9.57,NA,NA,0.46,41.07,NA,NA,NA,NA,NA,NA,NA,NA,NA,NA,NA,0.00,NA,NA,NA
2025-04-06 19:00:00,39.21,129.26,3.93,17.45,12.48,NA,NA,0.81,7.48,NA,NA,NA,NA,NA,NA,NA,NA,NA,NA,NA,0.00,NA,NA,NA
2025-04-06 20:00:00,24.77,136.23,4.03,23.96,16.02,NA,NA,1.00,6.39,NA,NA,NA,NA,NA,NA,NA,NA,NA,NA,NA,0.00,NA,NA,NA
2025-04-06 21:00:00,40.39,162.52,4.39,29.06,19.03,NA,NA,1.07,6.64,NA,NA,NA,NA,NA,NA,NA,NA,NA,NA,NA,0.00,NA,NA,NA
2025-04-06 22:00:00,57.44,148.64,3.95,31.42,19.93,NA,NA,1.15,6.67,NA,NA,NA,NA,NA,NA,NA,NA,NA,NA,NA,0.00,NA,NA,NA
2025-04-06 23:00:00,42.73,140.18,3.96,32.96,20.76,NA,NA,1.24,6.52,NA,NA,NA,NA,NA,NA,NA,NA,NA,NA,NA,0.00,NA,NA,NA
2025-04-07 00:00:00,55.08,147.85,4.37,35.30,22.33,NA,NA,1.47,6.56,NA,NA,NA,NA,NA,NA,NA,NA,NA,NA,NA,0.00,NA,NA,NA
2025-04-07 01:00:00,84.87,217.88,3.71,41.85,25.28,NA,NA,1.67,7.12,NA,NA,NA,NA,NA,NA,NA,NA,NA,NA,NA,0.00,NA,NA,NA
2025-04-07 02:00:00,68.34,224.71,3.76,45.80,27.42,NA,NA,1.88,6.57,NA,NA,NA,NA,NA,NA,NA,NA,NA,NA,NA,0.00,NA,NA,NA
2025-04-07 03:00:00,82.29,220.17,4.13,49.16,29.50,NA,NA,1.99,6.78,NA,NA,NA,NA,NA,NA,NA,NA,NA,NA,NA,0.00,NA,NA,NA
2025-04-07 04:00:00,85.24,207.52,3.26,52.58,30.62,NA,NA,2.03,6.55,NA,NA,NA,NA,NA,NA,NA,NA,NA,NA,NA,0.00,NA,NA,NA
2025-04-07 05:00:00,77.31,208.20,3.81,52.90,31.24,NA,NA,2.08,6.76,NA,NA,NA,NA,NA,NA,NA,NA,NA,NA,NA,0.00,NA,NA,NA
2025-04-07 06:00:00,87.68,224.23,4.27,53.72,32.05,NA,NA,2.04,8.01,NA,NA,NA,NA,NA,NA,NA,NA,NA,NA,NA,0.00,NA,NA,NA
2025-04-07 07:00:00,93.44,251.46,3.40,52.69,30.78,NA,NA,2.08,7.81,NA,NA,NA,NA,NA,NA,NA,NA,NA,NA,NA,0.00,NA,NA,NA
2025-04-07 08:00:00,148.32,357.92,3.76,42.12,25.47,NA,NA,1.36,21.57,NA,NA,NA,NA,NA,NA,NA,NA,NA,NA,NA,0.00,NA,NA,NA
2025-04-07 09:00:00,170.77,414.56,4.02,27.27,17.77,NA,NA,1.11,69.67,NA,NA,NA,NA,NA,NA,NA,NA,NA,NA,NA,0.00,NA,NA,NA
2025-04-07 10:00:00,165.57,327.64,3.42,19.24,13.02,NA,NA,0.96,91.67,NA,NA,NA,NA,NA,NA,NA,NA,NA,NA,NA,0.00,NA,NA,NA
2025-04-07 11:00:00,110.73,234.34,3.78,15.18,11.15,NA,NA,0.81,99.70,NA,NA,NA,NA,NA,NA,NA,NA,NA,NA,NA,0.00,NA,NA,NA
2025-04-07 12:00:00,56.69,175.17,3.98,14.72,11.06,NA,NA,0.65,97.27,NA,NA,NA,NA,NA,NA,NA,NA,NA,NA,NA,0.00,NA,NA,NA
2025-04-07 13:00:00,36.89,119.08,3.70,13.06,9.96,NA,NA,0.60,108.74,NA,NA,NA,NA,NA,NA,NA,NA,NA,NA,NA,0.00,NA,NA,NA
2025-04-07 14:00:00,36.61,131.58,4.01,12.69,10.01,NA,NA,0.54,121.31,NA,NA,NA,NA,NA,NA,NA,NA,NA,NA,NA,0.00,NA,NA,NA
2025-04-07 15:00:00,56.17,149.81,4.10,13.26,10.38,NA,NA,0.51,132.85,NA,NA,NA,NA,NA,NA,NA,NA,NA,NA,NA,0.00,NA,NA,NA
2025-04-07 16:00:00,52.35,142.02,3.98,12.29,9.77,NA,NA,0.51,147.12,NA,NA,NA,NA,NA,NA,NA,NA,NA,NA,NA,0.00,NA,NA,NA
2025-04-07 17:00:00,60.75,151.06,4.27,12.08,9.89,NA,NA,0.56,109.88,NA,NA,NA,NA,NA,NA,NA,NA,NA,NA,NA,0.00,NA,NA,NA
2025-04-07 18:00:00,56.28,148.25,4.10,14.64,11.12,NA,NA,0.76,35.53,NA,NA,NA,NA,NA,NA,NA,NA,NA,NA,NA,0.00,NA,NA,NA
2025-04-07 19:00:00,39.93,149.10,4.04,18.31,13.03,NA,NA,0.98,5.73,NA,NA,NA,NA,NA,NA,NA,NA,NA,NA,NA,0.00,NA,NA,NA
2025-04-07 20:00:00,44.66,176.94,4.44,20.98,14.77,NA,NA,1.13,6.51,NA,NA,NA,NA,NA,NA,NA,NA,NA,NA,NA,0.00,NA,NA,NA
2025-04-07 21:00:00,80.44,211.03,4.25,22.69,15.53,NA,NA,1.22,7.23,NA,NA,NA,NA,NA,NA,NA,NA,NA,NA,NA,0.00,NA,NA,NA
2025-04-07 22:00:00,92.45,218.56,3.96,25.63,16.86,NA,NA,1.36,6.52,NA,NA,NA,NA,NA,NA,NA,NA,NA,NA,NA,0.00,NA,NA,NA
2025-04-07 23:00:00,118.67,232.89,4.14,26.82,17.63,NA,NA,1.41,7.25,NA,NA,NA,NA,NA,NA,NA,NA,NA,NA,NA,0.00,NA,NA,NA
2025-04-08 00:00:00,113.33,262.59,3.74,27.47,17.65,NA,NA,1.46,7.51,NA,NA,NA,NA,NA,NA,NA,NA,NA,NA,NA,0.00,NA,NA,NA
2025-04-08 01:00:00,96.60,221.55,3.41,26.53,16.89,NA,NA,1.27,6.46,NA,NA,NA,NA,NA,NA,NA,NA,NA,NA,NA,0.00,NA,NA,NA
2025-04-08 02:00:00,96.40,192.89,3.73,23.57,15.57,NA,NA,1.18,6.24,NA,NA,NA,NA,NA,NA,NA,NA,NA,NA,NA,0.00,NA,NA,NA
2025-04-08 03:00:00,101.72,188.01,3.09,22.07,14.25,NA,NA,1.15,7.16,NA,NA,NA,NA,NA,NA,NA,NA,NA,NA,NA,0.00,NA,NA,NA
2025-04-08 04:00:00,86.46,198.15,3.27,20.29,13.45,NA,NA,0.92,7.73,NA,NA,NA,NA,NA,NA,NA,NA,NA,NA,NA,0.00,NA,NA,NA
2025-04-08 05:00:00,90.89,186.81,3.81,17.41,12.36,NA,NA,0.81,17.26,NA,NA,NA,NA,NA,NA,NA,NA,NA,NA,NA,0.00,NA,NA,NA
2025-04-08 06:00:00,92.53,207.68,3.21,15.77,10.99,NA,NA,0.83,24.90,NA,NA,NA,NA,NA,NA,NA,NA,NA,NA,NA,0.00,NA,NA,NA
2025-04-08 07:00:00,72.30,224.29,3.52,15.23,10.96,NA,NA,0.81,30.03,NA,NA,NA,NA,NA,NA,NA,NA,NA,NA,NA,0.00,NA,NA,NA
2025-04-08 08:00:00,87.60,252.75,3.97,15.07,11.24,NA,NA,0.75,49.81,NA,NA,NA,NA,NA,NA,NA,NA,NA,NA,NA,0.00,NA,NA,NA
2025-04-08 09:00:00,106.14,257.00,3.37,14.54,10.48,NA,NA,0.74,66.25,NA,NA,NA,NA,NA,NA,NA,NA,NA,NA,NA,0.00,NA,NA,NA
2025-04-08 10:00:00,98.25,270.03,3.78,19.02,13.19,NA,NA,0.63,83.19,NA,NA,NA,NA,NA,NA,NA,NA,NA,NA,NA,0.00,NA,NA,NA
2025-04-08 11:00:00,107.56,284.68,4.59,16.96,12.75,NA,NA,0.57,97.94,NA,NA,NA,NA,NA,NA,NA,NA,NA,NA,NA,0.00,NA,NA,NA
2025-04-08 12:00:00,95.36,259.51,4.55,13.71,10.99,NA,NA,0.50,108.98,NA,NA,NA,NA,NA,NA,NA,NA,NA,NA,NA,0.00,NA,NA,NA
2025-04-08 13:00:00,86.75,252.96,4.67,11.74,10.04,NA,NA,0.50,111.35,NA,NA,NA,NA,NA,NA,NA,NA,NA,NA,NA,0.00,NA,NA,NA
2025-04-08 14:00:00,86.80,239.94,4.61,11.67,9.95,NA,NA,0.49,113.43,NA,NA,NA,NA,NA,NA,NA,NA,NA,NA,NA,0.00,NA,NA,NA
2025-04-08 15:00:00,68.34,208.42,4.15,11.00,9.23,NA,NA,0.46,116.72,NA,NA,NA,NA,NA,NA,NA,NA,NA,NA,NA,0.00,NA,NA,NA
2025-04-08 16:00:00,57.69,179.71,4.24,10.58,9.08,NA,NA,0.44,116.49,NA,NA,NA,NA,NA,NA,NA,NA,NA,NA,NA,0.00,NA,NA,NA
2025-04-08 17:00:00,69.40,198.29,4.27,11.39,9.53,NA,NA,0.49,92.06,NA,NA,NA,NA,NA,NA,NA,NA,NA,NA,NA,0.00,NA,NA,NA
2025-04-08 18:00:00,72.68,193.89,4.02,12.29,9.81,NA,NA,0.66,48.23,NA,NA,NA,NA,NA,NA,NA,NA,NA,NA,NA,0.00,NA,NA,NA
2025-04-08 19:00:00,70.70,234.56,4.41,14.08,11.08,NA,NA,0.75,31.91,NA,NA,NA,NA,NA,NA,NA,NA,NA,NA,NA,0.00,NA,NA,NA
2025-04-08 20:00:00,102.44,256.93,4.19,14.90,11.34,NA,NA,0.81,23.36,NA,NA,NA,NA,NA,NA,NA,NA,NA,NA,NA,0.00,NA,NA,NA
2025-04-08 21:00:00,94.57,250.73,3.62,15.20,11.03,NA,NA,0.86,13.57,NA,NA,NA,NA,NA,NA,NA,NA,NA,NA,NA,0.00,NA,NA,NA
2025-04-08 22:00:00,94.49,242.47,3.96,15.67,11.56,NA,NA,0.97,8.31,NA,NA,NA,NA,NA,NA,NA,NA,NA,NA,NA,0.00,NA,NA,NA
2025-04-08 23:00:00,100.52,235.31,3.88,15.13,11.20,NA,NA,0.89,9.39,NA,NA,NA,NA,NA,NA,NA,NA,NA,NA,NA,0.00,NA,NA,NA
2025-04-09 00:00:00,89.71,207.16,3.51,14.85,10.75,NA,NA,0.73,32.23,NA,NA,NA,NA,NA,NA,NA,NA,NA,NA,NA,0.00,NA,NA,NA
2025-04-09 01:00:00,93.75,217.44,3.83,13.05,10.06,NA,NA,0.65,52.09,NA,NA,NA,NA,NA,NA,NA,NA,NA,NA,NA,0.00,NA,NA,NA
2025-04-09 02:00:00,110.20,234.50,3.44,12.09,9.23,NA,NA,0.69,41.81,NA,NA,NA,NA,NA,NA,NA,NA,NA,NA,NA,0.00,NA,NA,NA
2025-04-09 03:00:00,99.94,222.22,3.29,12.71,9.44,NA,NA,0.69,32.99,NA,NA,NA,NA,NA,NA,NA,NA,NA,NA,NA,0.00,NA,NA,NA
2025-04-09 04:00:00,90.38,202.37,3.82,12.38,9.69,NA,NA,0.62,40.94,NA,NA,NA,NA,NA,NA,NA,NA,NA,NA,NA,0.00,NA,NA,NA
2025-04-09 05:00:00,101.38,201.42,3.60,11.77,9.19,NA,NA,0.68,35.96,NA,NA,NA,NA,NA,NA,NA,NA,NA,NA,NA,0.00,NA,NA,NA
2025-04-09 06:00:00,84.84,213.67,3.59,12.73,9.69,NA,NA,0.70,24.75,NA,NA,NA,NA,NA,NA,NA,NA,NA,NA,NA,0.00,NA,NA,NA
2025-04-09 07:00:00,88.19,228.55,4.01,13.40,10.39,NA,NA,0.77,14.88,NA,NA,NA,NA,NA,NA,NA,NA,NA,NA,NA,0.00,NA,NA,NA
2025-04-09 08:00:00,109.22,303.35,3.69,13.80,10.34,NA,NA,0.81,34.85,NA,NA,NA,NA,NA,NA,NA,NA,NA,NA,NA,0.00,NA,NA,NA
2025-04-09 09:00:00,113.33,298.84,3.74,12.91,9.91,NA,NA,0.74,62.48,NA,NA,NA,NA,NA,NA,NA,NA,NA,NA,NA,0.00,NA,NA,NA
2025-04-09 10:00:00,115.50,294.92,4.07,12.12,9.75,NA,NA,0.68,85.86,NA,NA,NA,NA,NA,NA,NA,NA,NA,NA,NA,0.00,NA,NA,NA
2025-04-09 11:00:00,107.31,271.88,3.64,12.04,9.36,NA,NA,0.66,103.32,NA,NA,NA,NA,NA,NA,NA,NA,NA,NA,NA,0.00,NA,NA,NA
2025-04-09 12:00:00,88.27,251.35,3.80,11.26,9.08,NA,NA,0.59,108.63,NA,NA,NA,NA,NA,NA,NA,NA,NA,NA,NA,0.00,NA,NA,NA
2025-04-09 13:00:00,88.03,240.15,4.00,11.19,9.20,NA,NA,0.56,111.14,NA,NA,NA,NA,NA,NA,NA,NA,NA,NA,NA,0.00,NA,NA,NA
2025-04-09 14:00:00,91.63,231.50,3.72,11.32,9.05,NA,NA,0.59,110.70,NA,NA,NA,NA,NA,NA,NA,NA,NA,NA,NA,0.00,NA,NA,NA
2025-04-09 15:00:00,72.02,211.05,4.02,10.76,8.99,NA,NA,0.53,111.03,NA,NA,NA,NA,NA,NA,NA,NA,NA,NA,NA,0.00,NA,NA,NA
2025-04-09 16:00:00,79.51,216.41,4.28,10.75,9.20,NA,NA,0.55,112.94,NA,NA,NA,NA,NA,NA,NA,NA,NA,NA,NA,0.00,NA,NA,NA
2025-04-09 17:00:00,84.33,216.17,4.03,11.39,9.33,NA,NA,0.64,85.18,NA,NA,NA,NA,NA,NA,NA,NA,NA,NA,NA,0.00,NA,NA,NA
2025-04-09 18:00:00,72.43,207.94,4.33,12.44,10.14,NA,NA,0.81,43.89,NA,NA,NA,NA,NA,NA,NA,NA,NA,NA,NA,0.00,NA,NA,NA
2025-04-09 19:00:00,88.69,227.62,4.55,18.67,13.63,NA,NA,1.16,5.31,NA,NA,NA,NA,NA,NA,NA,NA,NA,NA,NA,0.00,NA,NA,NA
2025-04-09 20:00:00,94.77,258.67,3.87,21.69,14.69,NA,NA,1.22,6.34,NA,NA,NA,NA,NA,NA,NA,NA,NA,NA,NA,0.00,NA,NA,NA
2025-04-09 21:00:00,93.47,238.63,4.08,20.25,14.08,NA,NA,1.14,7.95,NA,NA,NA,NA,NA,NA,NA,NA,NA,NA,NA,0.00,NA,NA,NA
2025-04-09 22:00:00,106.61,245.64,4.28,19.57,13.89,NA,NA,1.20,6.13,NA,NA,NA,NA,NA,NA,NA,NA,NA,NA,NA,0.00,NA,NA,NA
2025-04-09 23:00:00,97.22,255.71,3.74,18.57,12.92,NA,NA,0.84,32.72,NA,NA,NA,NA,NA,NA,NA,NA,NA,NA,NA,0.00,NA,NA,NA
2025-04-10 00:00:00,47.85,242.33,4.12,14.33,10.97,NA,NA,0.71,44.57,NA,NA,NA,NA,NA,NA,NA,NA,NA,NA,NA,0.00,NA,NA,NA
2025-04-10 01:00:00,82.10,277.59,4.21,13.20,10.45,NA,NA,0.78,23.00,NA,NA,NA,NA,NA,NA,NA,NA,NA,NA,NA,0.00,NA,NA,NA
2025-04-10 02:00:00,79.22,209.29,3.58,13.35,10.01,NA,NA,0.76,15.29,NA,NA,NA,NA,NA,NA,NA,NA,NA,NA,NA,0.00,NA,NA,NA
2025-04-10 03:00:00,69.71,192.81,3.91,13.78,10.51,NA,NA,0.76,6.56,NA,NA,NA,NA,NA,NA,NA,NA,NA,NA,NA,0.00,NA,NA,NA
2025-04-10 04:00:00,78.79,178.71,3.96,14.76,11.07,NA,NA,0.81,6.17,NA,NA,NA,NA,NA,NA,NA,NA,NA,NA,NA,0.00,NA,NA,NA
2025-04-10 05:00:00,66.05,195.02,3.57,17.20,12.05,NA,NA,0.75,5.03,NA,NA,NA,NA,NA,NA,NA,NA,NA,NA,NA,0.00,NA,NA,NA
2025-04-10 06:00:00,66.86,249.50,3.97,15.65,11.55,NA,NA,0.65,10.86,NA,NA,NA,NA,NA,NA,NA,NA,NA,NA,NA,0.00,NA,NA,NA
2025-04-10 07:00:00,75.91,268.53,3.94,13.89,10.59,NA,NA,0.70,15.13,NA,NA,NA,NA,NA,NA,NA,NA,NA,NA,NA,0.00,NA,NA,NA
2025-04-10 08:00:00,73.13,321.23,3.71,13.48,10.18,NA,NA,0.72,33.98,NA,NA,NA,NA,NA,NA,NA,NA,NA,NA,NA,0.00,NA,NA,NA
2025-04-10 09:00:00,85.11,355.93,4.25,12.61,10.17,NA,NA,0.70,59.14,NA,NA,NA,NA,NA,NA,NA,NA,NA,NA,NA,0.00,NA,NA,NA
2025-04-10 10:00:00,91.46,338.30,4.21,12.65,10.15,NA,NA,0.67,87.62,NA,NA,NA,NA,NA,NA,NA,NA,NA,NA,NA,0.00,NA,NA,NA
2025-04-10 11:00:00,109.48,311.07,4.28,16.09,12.04,NA,NA,0.69,113.58,NA,NA,NA,NA,NA,NA,NA,NA,NA,NA,NA,0.00,NA,NA,NA
2025-04-10 12:00:00,95.51,282.94,6.26,27.79,19.89,NA,NA,0.56,219.53,NA,NA,NA,NA,NA,NA,NA,NA,NA,NA,NA,0.00,NA,NA,NA
2025-04-10 13:00:00,78.90,218.30,7.00,24.14,18.53,NA,NA,0.53,253.39,NA,NA,NA,NA,NA,NA,NA,NA,NA,NA,NA,0.00,NA,NA,NA
2025-04-10 14:00:00,96.91,242.06,11.23,22.16,20.92,NA,NA,0.46,262.09,NA,NA,NA,NA,NA,NA,NA,NA,NA,NA,NA,0.00,NA,NA,NA
2025-04-10 15:00:00,87.58,247.91,13.50,19.85,21.53,NA,NA,0.43,237.44,NA,NA,NA,NA,NA,NA,NA,NA,NA,NA,NA,0.00,NA,NA,NA
2025-04-10 16:00:00,81.19,204.65,12.31,23.76,22.64,NA,NA,0.42,168.56,NA,NA,NA,NA,NA,NA,NA,NA,NA,NA,NA,0.00,NA,NA,NA
2025-04-10 17:00:00,49.02,227.74,14.76,30.61,28.28,NA,NA,0.42,121.22,NA,NA,NA,NA,NA,NA,NA,NA,NA,NA,NA,0.00,NA,NA,NA
2025-04-10 18:00:00,76.80,710.51,14.03,30.50,27.63,NA,NA,0.40,122.59,NA,NA,NA,NA,NA,NA,NA,NA,NA,NA,NA,0.00,NA,NA,NA
2025-04-10 19:00:00,27.75,139.57,9.10,28.69,22.66,NA,NA,0.44,90.91,NA,NA,NA,NA,NA,NA,NA,NA,NA,NA,NA,0.00,NA,NA,NA
2025-04-10 20:00:00,1.28,29.28,7.32,21.64,17.46,NA,NA,0.60,43.46,NA,NA,NA,NA,NA,NA,NA,NA,NA,NA,NA,0.00,NA,NA,NA
2025-04-10 21:00:00,10.63,74.62,7.32,22.11,17.71,NA,NA,0.58,44.04,NA,NA,NA,NA,NA,NA,NA,NA,NA,NA,NA,0.00,NA,NA,NA
2025-04-10 22:00:00,20.39,114.84,4.74,20.83,14.94,NA,NA,0.56,76.69,NA,NA,NA,NA,NA,NA,NA,NA,NA,NA,NA,0.00,NA,NA,NA
2025-04-10 23:00:00,17.61,122.76,5.87,19.58,15.19,NA,NA,0.54,69.77,NA,NA,NA,NA,NA,NA,NA,NA,NA,NA,NA,0.00,NA,NA,NA
2025-04-11 00:00:00,27.96,130.80,6.40,20.00,15.84,NA,NA,0.53,80.53,NA,NA,NA,NA,NA,NA,NA,NA,NA,NA,NA,0.00,NA,NA,NA
2025-04-11 01:00:00,49.68,169.58,5.59,19.10,14.71,NA,NA,0.47,80.10,NA,NA,NA,NA,NA,NA,NA,NA,NA,NA,NA,0.00,NA,NA,NA
2025-04-11 02:00:00,21.60,148.17,5.73,18.38,14.44,NA,NA,0.48,82.52,NA,NA,NA,NA,NA,NA,NA,NA,NA,NA,NA,0.00,NA,NA,NA
2025-04-11 03:00:00,26.54,112.22,5.75,17.45,13.95,NA,NA,0.46,85.03,NA,NA,NA,NA,NA,NA,NA,NA,NA,NA,NA,0.00,NA,NA,NA
2025-04-11 04:00:00,34.70,84.78,4.92,19.32,14.28,NA,NA,0.49,73.33,NA,NA,NA,NA,NA,NA,NA,NA,NA,NA,NA,0.00,NA,NA,NA
2025-04-11 05:00:00,31.35,82.94,5.12,19.54,14.56,NA,NA,0.52,63.97,NA,NA,NA,NA,NA,NA,NA,NA,NA,NA,NA,0.00,NA,NA,NA
2025-04-11 06:00:00,48.21,105.19,5.17,18.40,13.99,NA,NA,0.57,48.83,NA,NA,NA,NA,NA,NA,NA,NA,NA,NA,NA,0.00,NA,NA,NA
2025-04-11 07:00:00,26.48,88.07,4.46,19.97,14.25,NA,NA,0.56,50.03,NA,NA,NA,NA,NA,NA,NA,NA,NA,NA,NA,0.00,NA,NA,NA
2025-04-11 08:00:00,23.07,72.50,4.96,18.95,14.12,NA,NA,0.54,71.20,NA,NA,NA,NA,NA,NA,NA,NA,NA,NA,NA,0.00,NA,NA,NA
2025-04-11 09:00:00,47.67,106.72,5.01,19.05,14.21,NA,NA,0.60,92.57,NA,NA,NA,NA,NA,NA,NA,NA,NA,NA,NA,0.00,NA,NA,NA
2025-04-11 10:00:00,52.88,155.29,4.64,19.47,14.13,NA,NA,0.59,116.72,NA,NA,NA,NA,NA,NA,NA,NA,NA,NA,NA,0.00,NA,NA,NA
2025-04-11 11:00:00,48.88,153.81,5.47,26.13,18.35,NA,NA,0.55,141.47,NA,NA,NA,NA,NA,NA,NA,NA,NA,NA,NA,0.00,NA,NA,NA
2025-04-11 12:00:00,57.66,168.23,6.18,22.68,17.08,NA,NA,0.47,155.62,NA,NA,NA,NA,NA,NA,NA,NA,NA,NA,NA,0.00,NA,NA,NA
2025-04-11 13:00:00,51.96,160.59,6.90,24.35,18.56,NA,NA,0.48,168.85,NA,NA,NA,NA,NA,NA,NA,NA,NA,NA,NA,0.00,NA,NA,NA
2025-04-11 14:00:00,57.50,162.54,9.57,22.47,19.74,NA,NA,0.48,181.26,NA,NA,NA,NA,NA,NA,NA,NA,NA,NA,NA,0.00,NA,NA,NA
2025-04-11 15:00:00,55.19,155.76,9.37,20.15,18.33,NA,NA,0.47,186.57,NA,NA,NA,NA,NA,NA,NA,NA,NA,NA,NA,0.00,NA,NA,NA
2025-04-11 16:00:00,47.60,144.22,8.29,21.41,18.12,NA,NA,0.48,177.40,NA,NA,NA,NA,NA,NA,NA,NA,NA,NA,NA,0.00,NA,NA,NA
2025-04-11 17:00:00,27.61,133.55,5.02,28.27,19.12,NA,NA,0.52,164.50,NA,NA,NA,NA,NA,NA,NA,NA,NA,NA,NA,0.00,NA,NA,NA
2025-04-11 18:00:00,41.06,239.00,2.84,33.14,19.94,NA,NA,0.53,127.89,NA,NA,NA,NA,NA,NA,NA,NA,NA,NA,NA,0.00,NA,NA,NA
2025-04-11 19:00:00,48.51,748.02,3.11,20.08,13.21,NA,NA,0.46,118.82,NA,NA,NA,NA,NA,NA,NA,NA,NA,NA,NA,0.00,NA,NA,NA
2025-04-11 20:00:00,2.63,136.64,3.27,17.67,12.06,NA,NA,0.46,97.28,NA,NA,NA,NA,NA,NA,NA,NA,NA,NA,NA,0.00,NA,NA,NA
2025-04-11 21:00:00,7.65,35.01,2.77,17.73,11.68,NA,NA,0.53,63.33,NA,NA,NA,NA,NA,NA,NA,NA,NA,NA,NA,0.00,NA,NA,NA
2025-04-11 22:00:00,6.01,31.09,2.69,19.36,12.49,NA,NA,0.59,49.50,NA,NA,NA,NA,NA,NA,NA,NA,NA,NA,NA,0.00,NA,NA,NA
2025-04-11 23:00:00,18.12,60.90,2.98,19.97,13.04,NA,NA,0.61,28.04,NA,NA,NA,NA,NA,NA,NA,NA,NA,NA,NA,0.00,NA,NA,NA
2025-04-12 00:00:00,29.64,73.56,2.70,21.44,13.60,NA,NA,0.67,15.55,NA,NA,NA,NA,NA,NA,NA,NA,NA,NA,NA,0.00,NA,NA,NA
2025-04-12 01:00:00,20.62,60.02,2.46,24.28,14.92,NA,NA,0.63,39.47,NA,NA,NA,NA,NA,NA,NA,NA,NA,NA,NA,0.00,NA,NA,NA
2025-04-12 02:00:00,22.73,48.68,2.51,20.89,13.15,NA,NA,0.57,59.09,NA,NA,NA,NA,NA,NA,NA,NA,NA,NA,NA,0.00,NA,NA,NA
2025-04-12 03:00:00,29.61,56.37,2.64,20.23,12.91,NA,NA,0.58,39.73,NA,NA,NA,NA,NA,NA,NA,NA,NA,NA,NA,0.00,NA,NA,NA
2025-04-12 04:00:00,20.59,59.24,2.39,20.86,13.04,NA,NA,0.59,44.16,NA,NA,NA,NA,NA,NA,NA,NA,NA,NA,NA,0.00,NA,NA,NA
2025-04-12 05:00:00,28.16,80.84,2.56,19.24,12.32,NA,NA,0.60,42.36,NA,NA,NA,NA,NA,NA,NA,NA,NA,NA,NA,0.00,NA,NA,NA
2025-04-12 06:00:00,36.25,82.28,2.64,19.72,12.63,NA,NA,0.68,28.28,NA,NA,NA,NA,NA,NA,NA,NA,NA,NA,NA,0.00,NA,NA,NA
2025-04-12 07:00:00,13.62,62.54,2.45,20.23,12.75,NA,NA,0.60,38.43,NA,NA,NA,NA,NA,NA,NA,NA,NA,NA,NA,0.00,NA,NA,NA
2025-04-12 08:00:00,25.33,81.27,2.56,19.30,12.34,NA,NA,0.58,68.48,NA,NA,NA,NA,NA,NA,NA,NA,NA,NA,NA,0.00,NA,NA,NA
2025-04-12 09:00:00,42.95,100.89,2.66,20.97,13.32,NA,NA,0.63,91.13,NA,NA,NA,NA,NA,NA,NA,NA,NA,NA,NA,0.00,NA,NA,NA
2025-04-12 10:00:00,36.49,106.73,2.71,26.05,16.06,NA,NA,0.55,112.64,NA,NA,NA,NA,NA,NA,NA,NA,NA,NA,NA,0.00,NA,NA,NA
2025-04-12 11:00:00,46.53,102.70,3.23,26.51,16.73,NA,NA,0.56,146.74,NA,NA,NA,NA,NA,NA,NA,NA,NA,NA,NA,0.00,NA,NA,NA
2025-04-12 12:00:00,55.53,131.34,5.25,30.19,20.33,NA,NA,0.60,178.67,NA,NA,NA,NA,NA,NA,NA,NA,NA,NA,NA,0.00,NA,NA,NA
2025-04-12 13:00:00,94.63,181.14,7.11,25.98,19.60,NA,NA,0.52,226.54,NA,NA,NA,NA,NA,NA,NA,NA,NA,NA,NA,0.00,NA,NA,NA
2025-04-12 14:00:00,82.84,181.87,7.46,23.37,18.50,NA,NA,0.54,233.18,NA,NA,NA,NA,NA,NA,NA,NA,NA,NA,NA,0.00,NA,NA,NA
2025-04-12 15:00:00,56.82,132.84,6.20,19.89,15.62,NA,NA,0.56,220.81,NA,NA,NA,NA,NA,NA,NA,NA,NA,NA,NA,0.00,NA,NA,NA
2025-04-12 16:00:00,32.14,110.25,5.08,18.03,13.72,NA,NA,0.55,204.79,NA,NA,NA,NA,NA,NA,NA,NA,NA,NA,NA,0.00,NA,NA,NA
2025-04-12 17:00:00,23.17,91.35,4.40,17.96,13.13,NA,NA,0.56,194.07,NA,NA,NA,NA,NA,NA,NA,NA,NA,NA,NA,0.00,NA,NA,NA
2025-04-12 18:00:00,33.36,104.14,3.65,18.84,12.98,NA,NA,0.63,138.03,NA,NA,NA,NA,NA,NA,NA,NA,NA,NA,NA,0.00,NA,NA,NA
2025-04-12 19:00:00,32.48,103.15,2.80,19.36,12.57,NA,NA,0.69,123.41,NA,NA,NA,NA,NA,NA,NA,NA,NA,NA,NA,0.00,NA,NA,NA
2025-04-12 20:00:00,35.62,103.19,3.19,19.26,12.84,NA,NA,0.75,112.38,NA,NA,NA,NA,NA,NA,NA,NA,NA,NA,NA,0.00,NA,NA,NA
2025-04-12 21:00:00,49.36,117.86,2.91,19.88,12.94,NA,NA,0.76,81.43,NA,NA,NA,NA,NA,NA,NA,NA,NA,NA,NA,0.00,NA,NA,NA
2025-04-12 22:00:00,31.90,95.14,2.63,19.66,12.60,NA,NA,0.68,76.39,NA,NA,NA,NA,NA,NA,NA,NA,NA,NA,NA,0.00,NA,NA,NA
2025-04-12 23:00:00,25.65,72.70,3.15,18.18,12.23,NA,NA,0.67,82.41,NA,NA,NA,NA,NA,NA,NA,NA,NA,NA,NA,0.00,NA,NA,NA
2025-04-13 00:00:00,16.95,52.57,2.80,19.06,12.42,NA,NA,0.72,31.12,NA,NA,NA,NA,NA,NA,NA,NA,NA,NA,NA,0.00,NA,NA,NA
2025-04-13 01:00:00,24.97,67.68,2.34,21.76,13.48,NA,NA,0.75,17.22,NA,NA,NA,NA,NA,NA,NA,NA,NA,NA,NA,0.00,NA,NA,NA
2025-04-13 02:00:00,37.85,82.40,2.68,21.05,13.38,NA,NA,0.75,16.78,NA,NA,NA,NA,NA,NA,NA,NA,NA,NA,NA,0.00,NA,NA,NA
2025-04-13 03:00:00,42.94,99.92,2.50,20.34,12.85,NA,NA,0.72,30.50,NA,NA,NA,NA,NA,NA,NA,NA,NA,NA,NA,0.00,NA,NA,NA
2025-04-13 04:00:00,25.90,87.39,2.29,22.47,13.82,NA,NA,0.75,13.77,NA,NA,NA,NA,NA,NA,NA,NA,NA,NA,NA,0.00,NA,NA,NA
2025-04-13 05:00:00,44.33,89.32,2.71,22.57,14.21,NA,NA,0.75,13.41,NA,NA,NA,NA,NA,NA,NA,NA,NA,NA,NA,0.00,NA,NA,NA
2025-04-13 06:00:00,48.73,95.67,2.48,22.73,14.11,NA,NA,0.81,16.20,NA,NA,NA,NA,NA,NA,NA,NA,NA,NA,NA,0.00,NA,NA,NA
2025-04-13 07:00:00,17.82,70.50,2.40,22.88,14.12,NA,NA,0.79,14.44,NA,NA,NA,NA,NA,NA,NA,NA,NA,NA,NA,0.00,NA,NA,NA
2025-04-13 08:00:00,49.81,132.59,2.93,23.96,15.13,NA,NA,0.88,33.42,NA,NA,NA,NA,NA,NA,NA,NA,NA,NA,NA,0.00,NA,NA,NA
2025-04-13 09:00:00,71.74,159.67,2.58,25.54,15.68,NA,NA,0.83,88.29,NA,NA,NA,NA,NA,NA,NA,NA,NA,NA,NA,0.00,NA,NA,NA
2025-04-13 10:00:00,61.85,162.94,3.17,23.59,15.12,NA,NA,0.78,143.35,NA,NA,NA,NA,NA,NA,NA,NA,NA,NA,NA,0.00,NA,NA,NA
2025-04-13 11:00:00,57.52,181.40,3.56,20.65,13.88,NA,NA,0.70,189.18,NA,NA,NA,NA,NA,NA,NA,NA,NA,NA,NA,0.00,NA,NA,NA
2025-04-13 12:00:00,53.70,133.54,2.76,19.67,12.71,NA,NA,0.68,206.21,NA,NA,NA,NA,NA,NA,NA,NA,NA,NA,NA,0.00,NA,NA,NA
2025-04-13 13:00:00,36.63,105.81,3.42,18.90,12.83,NA,NA,0.62,208.78,NA,NA,NA,NA,NA,NA,NA,NA,NA,NA,NA,0.00,NA,NA,NA
2025-04-13 14:00:00,50.92,114.47,3.60,18.53,12.78,NA,NA,0.64,236.68,NA,NA,NA,NA,NA,NA,NA,NA,NA,NA,NA,0.00,NA,NA,NA
2025-04-13 15:00:00,55.89,122.86,2.79,18.37,12.04,NA,NA,0.65,259.33,NA,NA,NA,NA,NA,NA,NA,NA,NA,NA,NA,0.00,NA,NA,NA
2025-04-13 16:00:00,43.85,119.38,3.39,17.60,12.12,NA,NA,0.63,257.92,NA,NA,NA,NA,NA,NA,NA,NA,NA,NA,NA,0.00,NA,NA,NA
2025-04-13 17:00:00,68.76,122.71,3.25,17.91,12.17,NA,NA,0.66,190.39,NA,NA,NA,NA,NA,NA,NA,NA,NA,NA,NA,0.00,NA,NA,NA
2025-04-13 18:00:00,57.29,119.12,2.47,20.04,12.66,NA,NA,0.78,91.84,NA,NA,NA,NA,NA,NA,NA,NA,NA,NA,NA,0.00,NA,NA,NA
2025-04-13 19:00:00,44.79,112.33,2.87,21.99,14.03,NA,NA,0.85,45.95,NA,NA,NA,NA,NA,NA,NA,NA,NA,NA,NA,0.00,NA,NA,NA
2025-04-13 20:00:00,49.27,136.34,3.02,27.58,17.12,NA,NA,1.15,14.81,NA,NA,NA,NA,NA,NA,NA,NA,NA,NA,NA,0.00,NA,NA,NA
2025-04-13 21:00:00,49.07,125.86,2.61,33.16,19.77,NA,NA,1.25,14.85,NA,NA,NA,NA,NA,NA,NA,NA,NA,NA,NA,0.00,NA,NA,NA
2025-04-13 22:00:00,56.38,147.33,3.01,35.59,21.38,NA,NA,1.42,21.62,NA,NA,NA,NA,NA,NA,NA,NA,NA,NA,NA,0.00,NA,NA,NA
2025-04-13 23:00:00,83.31,194.66,3.03,37.69,22.51,NA,NA,1.50,21.86,NA,NA,NA,NA,NA,NA,NA,NA,NA,NA,NA,0.00,NA,NA,NA
2025-04-14 00:00:00,83.00,194.99,2.55,39.75,23.22,NA,NA,1.49,16.04,NA,NA,NA,NA,NA,NA,NA,NA,NA,NA,NA,0.00,NA,NA,NA
2025-04-14 01:00:00,84.37,189.08,2.76,37.28,22.08,NA,NA,1.44,14.28,NA,NA,NA,NA,NA,NA,NA,NA,NA,NA,NA,0.00,NA,NA,NA
2025-04-14 02:00:00,86.09,192.48,2.88,37.40,22.23,NA,NA,1.69,16.04,NA,NA,NA,NA,NA,NA,NA,NA,NA,NA,NA,0.00,NA,NA,NA
2025-04-14 03:00:00,73.26,190.87,2.57,37.85,22.23,NA,NA,1.53,16.09,NA,NA,NA,NA,NA,NA,NA,NA,NA,NA,NA,0.00,NA,NA,NA
2025-04-14 04:00:00,82.28,188.54,2.82,36.66,21.79,NA,NA,1.53,15.56,NA,NA,NA,NA,NA,NA,NA,NA,NA,NA,NA,0.00,NA,NA,NA
2025-04-14 05:00:00,97.16,215.55,2.84,33.68,20.22,NA,NA,1.52,17.05,NA,NA,NA,NA,NA,NA,NA,NA,NA,NA,NA,0.00,NA,NA,NA
2025-04-14 06:00:00,83.26,208.00,2.54,30.08,18.07,NA,NA,1.33,16.44,NA,NA,NA,NA,NA,NA,NA,NA,NA,NA,NA,0.00,NA,NA,NA
2025-04-14 07:00:00,68.57,174.69,2.94,24.40,15.37,NA,NA,1.11,37.86,NA,NA,NA,NA,NA,NA,NA,NA,NA,NA,NA,0.00,NA,NA,NA
2025-04-14 08:00:00,63.13,180.00,2.80,21.13,13.51,NA,NA,1.07,56.02,NA,NA,NA,NA,NA,NA,NA,NA,NA,NA,NA,0.00,NA,NA,NA
2025-04-14 09:00:00,39.03,173.55,2.87,20.74,13.37,NA,NA,1.01,83.89,NA,NA,NA,NA,NA,NA,NA,NA,NA,NA,NA,0.00,NA,NA,NA
2025-04-14 10:00:00,51.58,178.59,3.54,19.84,13.43,NA,NA,0.93,129.93,NA,NA,NA,NA,NA,NA,NA,NA,NA,NA,NA,0.00,NA,NA,NA
2025-04-14 11:00:00,52.52,191.02,3.41,23.62,15.33,NA,NA,0.73,178.62,NA,NA,NA,NA,NA,NA,NA,NA,NA,NA,NA,0.00,NA,NA,NA
2025-04-14 12:00:00,51.76,171.11,3.87,20.94,14.28,NA,NA,0.63,199.05,NA,NA,NA,NA,NA,NA,NA,NA,NA,NA,NA,0.00,NA,NA,NA
2025-04-14 13:00:00,56.66,134.08,3.82,16.70,11.99,NA,NA,0.55,183.87,NA,NA,NA,NA,NA,NA,NA,NA,NA,NA,NA,0.00,NA,NA,NA
2025-04-14 14:00:00,49.32,120.14,3.05,15.80,10.88,NA,NA,0.58,186.87,NA,NA,NA,NA,NA,NA,NA,NA,NA,NA,NA,0.00,NA,NA,NA
2025-04-14 15:00:00,41.31,102.19,3.50,15.89,11.30,NA,NA,0.52,181.28,NA,NA,NA,NA,NA,NA,NA,NA,NA,NA,NA,0.00,NA,NA,NA
2025-04-14 16:00:00,37.13,90.84,3.88,15.70,11.51,NA,NA,0.50,182.33,NA,NA,NA,NA,NA,NA,NA,NA,NA,NA,NA,0.00,NA,NA,NA
2025-04-14 17:00:00,72.23,192.69,4.15,17.07,12.45,NA,NA,0.53,137.34,NA,NA,NA,NA,NA,NA,NA,NA,NA,NA,NA,0.00,NA,NA,NA
2025-04-14 18:00:00,47.69,112.70,4.11,16.62,12.19,NA,NA,0.59,136.96,NA,NA,NA,NA,NA,NA,NA,NA,NA,NA,NA,0.00,NA,NA,NA
2025-04-14 19:00:00,35.06,132.00,3.52,17.62,12.24,NA,NA,0.70,91.79,NA,NA,NA,NA,NA,NA,NA,NA,NA,NA,NA,0.00,NA,NA,NA
2025-04-14 20:00:00,33.24,136.15,2.42,18.84,11.98,NA,NA,0.75,105.32,NA,NA,NA,NA,NA,NA,NA,NA,NA,NA,NA,0.00,NA,NA,NA
2025-04-14 21:00:00,28.74,154.06,2.55,17.91,11.60,NA,NA,0.77,107.05,NA,NA,NA,NA,NA,NA,NA,NA,NA,NA,NA,0.00,NA,NA,NA
2025-04-14 22:00:00,47.01,168.27,2.72,17.25,11.38,NA,NA,0.79,92.23,NA,NA,NA,NA,NA,NA,NA,NA,NA,NA,NA,0.00,NA,NA,NA
2025-04-14 23:00:00,48.90,156.93,2.34,17.90,11.43,NA,NA,0.82,75.97,NA,NA,NA,NA,NA,NA,NA,NA,NA,NA,NA,0.00,NA,NA,NA
2025-04-15 00:00:00,51.46,165.90,2.46,17.81,11.47,NA,NA,0.87,43.20,NA,NA,NA,NA,NA,NA,NA,NA,NA,NA,NA,0.00,NA,NA,NA
2025-04-15 01:00:00,82.76,192.52,2.49,18.03,11.61,NA,NA,0.84,53.47,NA,NA,NA,NA,NA,NA,NA,NA,NA,NA,NA,0.00,NA,NA,NA
2025-04-15 02:00:00,65.52,168.32,2.38,18.96,12.02,NA,NA,0.84,69.63,NA,NA,NA,NA,NA,NA,NA,NA,NA,NA,NA,0.00,NA,NA,NA
2025-04-15 03:00:00,70.52,183.97,2.33,18.36,11.66,NA,NA,0.86,58.66,NA,NA,NA,NA,NA,NA,NA,NA,NA,NA,NA,0.00,NA,NA,NA
2025-04-15 04:00:00,77.57,182.14,2.47,17.64,11.39,NA,NA,0.86,66.32,NA,NA,NA,NA,NA,NA,NA,NA,NA,NA,NA,0.00,NA,NA,NA
2025-04-15 05:00:00,68.65,154.03,2.35,18.45,11.72,NA,NA,0.86,63.63,NA,NA,NA,NA,NA,NA,NA,NA,NA,NA,NA,0.00,NA,NA,NA
2025-04-15 06:00:00,64.91,166.28,2.41,17.82,11.43,NA,NA,0.90,60.35,NA,NA,NA,NA,NA,NA,NA,NA,NA,NA,NA,0.00,NA,NA,NA
2025-04-15 07:00:00,60.59,169.69,2.50,17.27,11.22,NA,NA,0.90,101.71,NA,NA,NA,NA,NA,NA,NA,NA,NA,NA,NA,0.00,NA,NA,NA
2025-04-15 08:00:00,58.78,155.60,2.41,17.69,11.37,NA,NA,0.90,122.46,NA,NA,NA,NA,NA,NA,NA,NA,NA,NA,NA,0.00,NA,NA,NA
2025-04-15 09:00:00,62.29,170.22,2.75,17.06,11.31,NA,NA,0.86,144.58,NA,NA,NA,NA,NA,NA,NA,NA,NA,NA,NA,0.00,NA,NA,NA
2025-04-15 10:00:00,60.05,164.95,2.75,17.64,11.62,NA,NA,0.80,95.95,NA,NA,NA,NA,NA,NA,NA,NA,NA,NA,NA,0.00,NA,NA,NA
2025-04-15 11:00:00,27.63,115.83,2.70,17.01,11.24,NA,NA,0.76,12.27,NA,NA,NA,NA,NA,NA,NA,NA,NA,NA,NA,0.00,NA,NA,NA
2025-04-15 12:00:00,33.31,105.76,3.07,16.21,11.12,NA,NA,0.71,19.37,NA,NA,NA,NA,NA,NA,NA,NA,NA,NA,NA,0.00,NA,NA,NA
2025-04-15 13:00:00,56.06,118.39,2.70,16.67,11.06,NA,NA,0.75,12.37,NA,NA,NA,NA,NA,NA,NA,NA,NA,NA,NA,0.00,NA,NA,NA
2025-04-15 14:00:00,41.51,104.84,2.52,16.54,10.85,NA,NA,0.71,12.81,NA,NA,NA,NA,NA,NA,NA,NA,NA,NA,NA,0.00,NA,NA,NA
2025-04-15 15:00:00,51.07,113.58,2.83,16.40,11.03,NA,NA,0.70,11.65,NA,NA,NA,NA,NA,NA,NA,NA,NA,NA,NA,0.00,NA,NA,NA
2025-04-15 16:00:00,53.51,117.13,2.55,16.39,10.79,NA,NA,0.66,11.10,NA,NA,NA,NA,NA,NA,NA,NA,NA,NA,NA,0.00,NA,NA,NA
2025-04-15 17:00:00,44.61,115.71,2.56,16.05,10.62,NA,NA,0.73,12.00,NA,NA,NA,NA,NA,NA,NA,NA,NA,NA,NA,0.00,NA,NA,NA
2025-04-15 18:00:00,48.16,125.33,2.87,16.72,11.23,NA,NA,0.83,12.07,NA,NA,NA,NA,NA,NA,NA,NA,NA,NA,NA,0.00,NA,NA,NA
2025-04-15 19:00:00,57.91,135.08,2.58,18.84,12.12,NA,NA,0.89,12.26,NA,NA,NA,NA,NA,NA,NA,NA,NA,NA,NA,0.00,NA,NA,NA
2025-04-15 20:00:00,40.94,154.09,2.45,21.64,13.50,NA,NA,1.10,13.62,NA,NA,NA,NA,NA,NA,NA,NA,NA,NA,NA,0.00,NA,NA,NA
2025-04-15 21:00:00,61.90,189.18,2.63,24.26,15.04,NA,NA,1.13,14.45,NA,NA,NA,NA,NA,NA,NA,NA,NA,NA,NA,0.00,NA,NA,NA
2025-04-15 22:00:00,63.58,182.05,2.46,25.06,15.33,NA,NA,1.22,11.94,NA,NA,NA,NA,NA,NA,NA,NA,NA,NA,NA,0.00,NA,NA,NA
2025-04-15 23:00:00,58.28,212.73,2.49,26.51,16.12,NA,NA,1.29,11.37,NA,NA,NA,NA,NA,NA,NA,NA,NA,NA,NA,0.00,NA,NA,NA
2025-04-16 00:00:00,72.39,192.64,2.58,26.52,16.21,NA,NA,1.21,12.13,NA,NA,NA,NA,NA,NA,NA,NA,NA,NA,NA,0.00,NA,NA,NA
2025-04-16 01:00:00,80.69,175.28,2.55,26.16,15.99,NA,NA,1.24,10.87,NA,NA,NA,NA,NA,NA,NA,NA,NA,NA,NA,0.00,NA,NA,NA
2025-04-16 02:00:00,62.03,173.08,2.48,26.59,16.17,NA,NA,1.21,12.06,NA,NA,NA,NA,NA,NA,NA,NA,NA,NA,NA,0.00,NA,NA,NA
2025-04-16 03:00:00,77.00,182.01,2.45,26.51,16.09,NA,NA,1.17,11.94,NA,NA,NA,NA,NA,NA,NA,NA,NA,NA,NA,0.00,NA,NA,NA
2025-04-16 04:00:00,77.28,178.53,2.52,26.17,15.97,NA,NA,1.18,11.07,NA,NA,NA,NA,NA,NA,NA,NA,NA,NA,NA,0.00,NA,NA,NA
2025-04-16 05:00:00,76.77,178.80,2.39,24.18,14.81,NA,NA,1.08,12.18,NA,NA,NA,NA,NA,NA,NA,NA,NA,NA,NA,0.00,NA,NA,NA
2025-04-16 06:00:00,95.85,210.63,2.45,21.39,13.37,NA,NA,1.07,12.58,NA,NA,NA,NA,NA,NA,NA,NA,NA,NA,NA,0.00,NA,NA,NA
2025-04-16 07:00:00,115.23,247.60,2.49,20.24,12.79,NA,NA,1.18,14.81,NA,NA,NA,NA,NA,NA,NA,NA,NA,NA,NA,0.00,NA,NA,NA
2025-04-16 08:00:00,78.49,201.91,2.47,19.35,12.30,NA,NA,1.03,12.59,NA,NA,NA,NA,NA,NA,NA,NA,NA,NA,NA,0.00,NA,NA,NA
2025-04-16 09:00:00,40.35,135.83,2.81,17.75,11.73,NA,NA,0.89,12.01,NA,NA,NA,NA,NA,NA,NA,NA,NA,NA,NA,0.00,NA,NA,NA
2025-04-16 10:00:00,53.99,149.82,2.53,17.17,11.19,NA,NA,0.87,11.89,NA,NA,NA,NA,NA,NA,NA,NA,NA,NA,NA,0.00,NA,NA,NA
2025-04-16 11:00:00,51.86,177.37,3.10,16.57,11.33,NA,NA,0.86,12.97,NA,NA,NA,NA,NA,NA,NA,NA,NA,NA,NA,0.00,NA,NA,NA
2025-04-16 12:00:00,86.15,190.43,2.90,17.38,11.60,NA,NA,0.84,19.00,NA,NA,NA,NA,NA,NA,NA,NA,NA,NA,NA,0.00,NA,NA,NA
2025-04-16 13:00:00,68.81,158.36,2.55,17.14,11.19,NA,NA,0.80,12.74,NA,NA,NA,NA,NA,NA,NA,NA,NA,NA,NA,0.00,NA,NA,NA
2025-04-16 14:00:00,75.17,162.47,3.02,16.75,11.36,NA,NA,0.78,13.62,NA,NA,NA,NA,NA,NA,NA,NA,NA,NA,NA,0.00,NA,NA,NA
2025-04-16 15:00:00,76.01,178.15,2.39,11.57,8.10,NA,NA,0.68,8.42,NA,NA,NA,NA,NA,NA,NA,NA,NA,NA,NA,0.00,NA,NA,NA
2025-04-16 16:00:00,67.97,168.07,2.20,8.90,6.52,NA,NA,0.65,6.11,NA,NA,NA,NA,NA,NA,NA,NA,NA,NA,NA,0.00,NA,NA,NA
2025-04-16 17:00:00,68.32,167.97,2.51,8.84,6.74,NA,NA,0.65,6.85,NA,NA,NA,NA,NA,NA,NA,NA,NA,NA,NA,0.00,NA,NA,NA
2025-04-16 18:00:00,75.35,160.40,2.32,9.30,6.83,NA,NA,0.72,6.29,NA,NA,NA,NA,NA,NA,NA,NA,NA,NA,NA,0.00,NA,NA,NA
2025-04-16 19:00:00,62.26,160.99,2.09,10.39,7.23,NA,NA,0.88,6.28,NA,NA,NA,NA,NA,NA,NA,NA,NA,NA,NA,0.00,NA,NA,NA
2025-04-16 20:00:00,64.87,208.53,2.42,11.39,8.02,NA,NA,0.96,6.50,NA,NA,NA,NA,NA,NA,NA,NA,NA,NA,NA,0.00,NA,NA,NA
2025-04-16 21:00:00,73.56,220.77,2.20,11.45,7.88,NA,NA,0.87,6.14,NA,NA,NA,NA,NA,NA,NA,NA,NA,NA,NA,0.00,NA,NA,NA
2025-04-16 22:00:00,59.23,203.12,1.98,11.31,7.63,NA,NA,0.88,5.65,NA,NA,NA,NA,NA,NA,NA,NA,NA,NA,NA,0.00,NA,NA,NA
2025-04-16 23:00:00,57.78,191.02,2.21,10.40,7.33,NA,NA,0.86,6.13,NA,NA,NA,NA,NA,NA,NA,NA,NA,NA,NA,0.00,NA,NA,NA
2025-04-17 00:00:00,70.49,193.45,2.10,10.08,7.07,NA,NA,0.81,5.94,NA,NA,NA,NA,NA,NA,NA,NA,NA,NA,NA,0.00,NA,NA,NA
2025-04-17 01:00:00,69.09,180.25,1.92,10.60,7.20,NA,NA,0.86,5.84,NA,NA,NA,NA,NA,NA,NA,NA,NA,NA,NA,0.00,NA,NA,NA
2025-04-17 02:00:00,68.55,185.14,1.96,10.27,7.06,NA,NA,0.83,5.71,NA,NA,NA,NA,NA,NA,NA,NA,NA,NA,NA,0.00,NA,NA,NA
2025-04-17 03:00:00,73.93,190.26,2.02,10.07,7.00,NA,NA,0.81,8.02,NA,NA,NA,NA,NA,NA,NA,NA,NA,NA,NA,0.00,NA,NA,NA
2025-04-17 04:00:00,81.43,213.58,1.89,10.36,7.05,NA,NA,0.86,5.79,NA,NA,NA,NA,NA,NA,NA,NA,NA,NA,NA,0.00,NA,NA,NA
2025-04-17 05:00:00,97.87,262.68,2.03,9.47,6.69,NA,NA,0.76,5.99,NA,NA,NA,NA,NA,NA,NA,NA,NA,NA,NA,0.00,NA,NA,NA
2025-04-17 06:00:00,52.52,165.25,2.01,9.25,6.55,NA,NA,0.74,5.60,NA,NA,NA,NA,NA,NA,NA,NA,NA,NA,NA,0.00,NA,NA,NA
2025-04-17 07:00:00,27.66,144.45,1.97,9.73,6.77,NA,NA,0.74,5.71,NA,NA,NA,NA,NA,NA,NA,NA,NA,NA,NA,0.00,NA,NA,NA
2025-04-17 08:00:00,46.91,167.41,2.15,9.82,6.97,NA,NA,0.76,6.33,NA,NA,NA,NA,NA,NA,NA,NA,NA,NA,NA,0.00,NA,NA,NA
2025-04-17 09:00:00,45.68,162.16,2.01,9.31,6.59,NA,NA,0.74,8.67,NA,NA,NA,NA,NA,NA,NA,NA,NA,NA,NA,0.00,NA,NA,NA
2025-04-17 10:00:00,45.08,173.47,2.37,8.79,6.60,NA,NA,0.68,5.65,NA,NA,NA,NA,NA,NA,NA,NA,NA,NA,NA,0.00,NA,NA,NA
2025-04-17 11:00:00,57.99,167.12,2.89,10.32,7.84,NA,NA,0.63,5.94,NA,NA,NA,NA,NA,NA,NA,NA,NA,NA,NA,0.00,NA,NA,NA
2025-04-17 12:00:00,67.98,174.46,3.13,10.64,8.21,NA,NA,0.60,62.72,NA,NA,NA,NA,NA,NA,NA,NA,NA,NA,NA,0.00,NA,NA,NA
2025-04-17 13:00:00,61.83,150.40,3.65,8.64,7.56,NA,NA,0.56,99.63,NA,NA,NA,NA,NA,NA,NA,NA,NA,NA,NA,0.00,NA,NA,NA
2025-04-17 14:00:00,66.81,139.51,3.73,10.79,8.77,NA,NA,0.60,108.01,NA,NA,NA,NA,NA,NA,NA,NA,NA,NA,NA,0.00,NA,NA,NA
2025-04-17 15:00:00,69.57,152.99,3.79,11.29,9.09,NA,NA,0.58,117.83,NA,NA,NA,NA,NA,NA,NA,NA,NA,NA,NA,0.00,NA,NA,NA
2025-04-17 16:00:00,68.99,151.52,4.20,14.97,11.38,NA,NA,0.67,122.83,NA,NA,NA,NA,NA,NA,NA,NA,NA,NA,NA,0.00,NA,NA,NA
2025-04-17 17:00:00,72.48,151.74,4.03,10.48,8.85,NA,NA,0.70,107.34,NA,NA,NA,NA,NA,NA,NA,NA,NA,NA,NA,0.00,NA,NA,NA
2025-04-17 18:00:00,63.59,170.71,3.62,16.71,11.83,NA,NA,0.79,63.10,NA,NA,NA,NA,NA,NA,NA,NA,NA,NA,NA,0.00,NA,NA,NA
2025-04-17 19:00:00,55.38,165.23,2.73,13.86,9.59,NA,NA,1.03,26.34,NA,NA,NA,NA,NA,NA,NA,NA,NA,NA,NA,0.00,NA,NA,NA
2025-04-17 20:00:00,64.85,196.31,2.50,14.82,9.92,NA,NA,1.23,6.04,NA,NA,NA,NA,NA,NA,NA,NA,NA,NA,NA,0.00,NA,NA,NA
2025-04-17 21:00:00,89.98,224.45,2.67,15.48,10.41,NA,NA,1.28,6.26,NA,NA,NA,NA,NA,NA,NA,NA,NA,NA,NA,0.00,NA,NA,NA
2025-04-17 22:00:00,101.45,245.45,2.16,17.22,10.91,NA,NA,1.45,6.68,NA,NA,NA,NA,NA,NA,NA,NA,NA,NA,NA,0.00,NA,NA,NA
2025-04-17 23:00:00,75.55,243.87,2.30,16.25,10.52,NA,NA,1.22,20.66,NA,NA,NA,NA,NA,NA,NA,NA,NA,NA,NA,0.00,NA,NA,NA
2025-04-18 00:00:00,82.13,261.08,2.45,11.87,8.31,NA,NA,1.00,38.85,NA,NA,NA,NA,NA,NA,NA,NA,NA,NA,NA,0.00,NA,NA,NA
2025-04-18 01:00:00,71.55,231.41,1.88,10.00,6.85,NA,NA,0.92,44.01,NA,NA,NA,NA,NA,NA,NA,NA,NA,NA,NA,0.00,NA,NA,NA
2025-04-18 02:00:00,46.58,180.44,1.84,9.28,6.44,NA,NA,0.88,43.37,NA,NA,NA,NA,NA,NA,NA,NA,NA,NA,NA,0.00,NA,NA,NA
2025-04-18 03:00:00,59.81,171.46,2.05,8.73,6.31,NA,NA,0.83,43.33,NA,NA,NA,NA,NA,NA,NA,NA,NA,NA,NA,0.00,NA,NA,NA
2025-04-18 04:00:00,54.63,147.46,1.86,8.70,6.14,NA,NA,0.82,45.72,NA,NA,NA,NA,NA,NA,NA,NA,NA,NA,NA,0.00,NA,NA,NA
2025-04-18 05:00:00,45.48,133.94,1.98,8.58,6.17,NA,NA,0.76,40.79,NA,NA,NA,NA,NA,NA,NA,NA,NA,NA,NA,0.00,NA,NA,NA
2025-04-18 06:00:00,54.31,148.26,2.14,8.38,6.20,NA,NA,0.77,35.28,NA,NA,NA,NA,NA,NA,NA,NA,NA,NA,NA,0.00,NA,NA,NA
2025-04-18 07:00:00,57.85,156.37,1.88,8.76,6.18,NA,NA,0.82,40.82,NA,NA,NA,NA,NA,NA,NA,NA,NA,NA,NA,0.00,NA,NA,NA
2025-04-18 08:00:00,60.39,182.38,2.11,8.55,6.26,NA,NA,0.77,54.74,NA,NA,NA,NA,NA,NA,NA,NA,NA,NA,NA,0.00,NA,NA,NA
2025-04-18 09:00:00,73.23,187.82,2.40,8.35,6.39,NA,NA,0.75,66.22,NA,NA,NA,NA,NA,NA,NA,NA,NA,NA,NA,0.00,NA,NA,NA
2025-04-18 10:00:00,70.86,192.49,2.05,8.41,6.14,NA,NA,0.73,80.96,NA,NA,NA,NA,NA,NA,NA,NA,NA,NA,NA,0.00,NA,NA,NA
2025-04-18 11:00:00,81.87,199.24,2.73,8.34,6.65,NA,NA,0.73,103.87,NA,NA,NA,NA,NA,NA,NA,NA,NA,NA,NA,0.00,NA,NA,NA
2025-04-18 12:00:00,87.34,226.73,2.75,8.68,6.85,NA,NA,0.71,105.39,NA,NA,NA,NA,NA,NA,NA,NA,NA,NA,NA,0.00,NA,NA,NA
2025-04-18 13:00:00,83.48,202.72,2.40,8.72,6.60,NA,NA,0.68,111.50,NA,NA,NA,NA,NA,NA,NA,NA,NA,NA,NA,0.00,NA,NA,NA
2025-04-18 14:00:00,87.11,201.25,2.58,8.68,6.72,NA,NA,0.66,119.13,NA,NA,NA,NA,NA,NA,NA,NA,NA,NA,NA,0.00,NA,NA,NA
2025-04-18 15:00:00,84.84,202.49,2.16,8.79,6.43,NA,NA,0.65,120.04,NA,NA,NA,NA,NA,NA,NA,NA,NA,NA,NA,0.00,NA,NA,NA
2025-04-18 16:00:00,68.54,186.27,2.16,8.57,6.32,NA,NA,0.66,116.50,NA,NA,NA,NA,NA,NA,NA,NA,NA,NA,NA,0.00,NA,NA,NA
2025-04-18 17:00:00,76.69,202.39,2.54,8.49,6.58,NA,NA,0.67,104.65,NA,NA,NA,NA,NA,NA,NA,NA,NA,NA,NA,0.00,NA,NA,NA
2025-04-18 18:00:00,77.85,215.12,2.37,9.36,6.91,NA,NA,0.72,76.71,NA,NA,NA,NA,NA,NA,NA,NA,NA,NA,NA,0.00,NA,NA,NA
2025-04-18 19:00:00,76.51,220.43,2.29,10.20,7.29,NA,NA,0.77,64.85,NA,NA,NA,NA,NA,NA,NA,NA,NA,NA,NA,0.00,NA,NA,NA
2025-04-18 20:00:00,75.02,267.28,2.77,9.79,7.46,NA,NA,0.77,76.36,NA,NA,NA,NA,NA,NA,NA,NA,NA,NA,NA,0.00,NA,NA,NA
2025-04-18 21:00:00,77.75,367.27,2.35,9.28,6.84,NA,NA,0.74,63.23,NA,NA,NA,NA,NA,NA,NA,NA,NA,NA,NA,0.00,NA,NA,NA
2025-04-18 22:00:00,45.92,292.73,2.25,8.61,6.41,NA,NA,0.67,71.76,NA,NA,NA,NA,NA,NA,NA,NA,NA,NA,NA,0.00,NA,NA,NA
2025-04-18 23:00:00,28.50,64.37,2.74,8.30,6.64,NA,NA,0.65,55.49,NA,NA,NA,NA,NA,NA,NA,NA,NA,NA,NA,0.00,NA,NA,NA
2025-04-19 00:00:00,37.24,55.71,2.29,8.49,6.37,NA,NA,0.65,42.16,NA,NA,NA,NA,NA,NA,NA,NA,NA,NA,NA,0.00,NA,NA,NA
2025-04-19 01:00:00,31.80,59.42,1.93,9.34,6.54,NA,NA,0.62,43.48,NA,NA,NA,NA,NA,NA,NA,NA,NA,NA,NA,0.00,NA,NA,NA
2025-04-19 02:00:00,25.66,61.22,2.13,8.57,6.29,NA,NA,0.63,51.10,NA,NA,NA,NA,NA,NA,NA,NA,NA,NA,NA,0.00,NA,NA,NA
2025-04-19 03:00:00,31.58,58.78,1.94,8.22,5.95,NA,NA,0.65,53.71,NA,NA,NA,NA,NA,NA,NA,NA,NA,NA,NA,0.00,NA,NA,NA
2025-04-19 04:00:00,17.68,59.96,1.82,8.19,5.84,NA,NA,0.63,50.41,NA,NA,NA,NA,NA,NA,NA,NA,NA,NA,NA,0.00,NA,NA,NA
2025-04-19 05:00:00,45.28,88.22,2.04,8.05,5.94,NA,NA,0.62,55.12,NA,NA,NA,NA,NA,NA,NA,NA,NA,NA,NA,0.00,NA,NA,NA
2025-04-19 06:00:00,53.75,107.45,1.90,8.20,5.90,NA,NA,0.66,49.40,NA,NA,NA,NA,NA,NA,NA,NA,NA,NA,NA,0.00,NA,NA,NA
2025-04-19 07:00:00,47.69,118.12,1.89,8.31,5.96,NA,NA,0.71,47.41,NA,NA,NA,NA,NA,NA,NA,NA,NA,NA,NA,0.00,NA,NA,NA
2025-04-19 08:00:00,68.15,160.62,2.17,7.89,5.96,NA,NA,0.69,55.94,NA,NA,NA,NA,NA,NA,NA,NA,NA,NA,NA,0.00,NA,NA,NA
2025-04-19 09:00:00,69.49,177.18,1.91,7.91,5.76,NA,NA,0.70,63.49,NA,NA,NA,NA,NA,NA,NA,NA,NA,NA,NA,0.00,NA,NA,NA
2025-04-19 10:00:00,60.55,183.48,2.34,8.53,6.44,NA,NA,0.70,70.06,NA,NA,NA,NA,NA,NA,NA,NA,NA,NA,NA,0.00,NA,NA,NA
2025-04-19 11:00:00,79.90,233.30,3.25,9.49,7.69,NA,NA,0.65,77.10,NA,NA,NA,NA,NA,NA,NA,NA,NA,NA,NA,0.00,NA,NA,NA
2025-04-19 12:00:00,84.58,244.07,3.35,9.32,7.68,NA,NA,0.65,83.38,NA,NA,NA,NA,NA,NA,NA,NA,NA,NA,NA,0.00,NA,NA,NA
2025-04-19 13:00:00,73.65,259.93,4.30,9.08,8.32,NA,NA,0.58,86.24,NA,NA,NA,NA,NA,NA,NA,NA,NA,NA,NA,0.00,NA,NA,NA
2025-04-19 14:00:00,86.01,274.04,4.96,8.88,8.75,NA,NA,0.56,91.79,NA,NA,NA,NA,NA,NA,NA,NA,NA,NA,NA,0.00,NA,NA,NA
2025-04-19 15:00:00,84.29,257.85,5.46,9.31,9.40,NA,NA,0.57,100.11,NA,NA,NA,NA,NA,NA,NA,NA,NA,NA,NA,0.00,NA,NA,NA
2025-04-19 16:00:00,72.29,235.40,5.91,9.78,10.01,NA,NA,0.60,94.65,NA,NA,NA,NA,NA,NA,NA,NA,NA,NA,NA,0.00,NA,NA,NA
2025-04-19 17:00:00,68.84,230.93,7.32,11.23,11.93,NA,NA,0.62,89.98,NA,NA,NA,NA,NA,NA,NA,NA,NA,NA,NA,0.00,NA,NA,NA
2025-04-19 18:00:00,72.63,221.76,7.11,13.12,12.76,NA,NA,0.61,80.09,NA,NA,NA,NA,NA,NA,NA,NA,NA,NA,NA,0.00,NA,NA,NA
2025-04-19 19:00:00,44.71,145.88,5.23,9.77,9.45,NA,NA,0.59,75.16,NA,NA,NA,NA,NA,NA,NA,NA,NA,NA,NA,0.00,NA,NA,NA
2025-04-19 20:00:00,31.91,123.00,3.94,8.47,7.71,NA,NA,0.64,67.31,NA,NA,NA,NA,NA,NA,NA,NA,NA,NA,NA,0.00,NA,NA,NA
2025-04-19 21:00:00,22.91,114.40,3.96,8.04,7.50,NA,NA,0.67,61.01,NA,NA,NA,NA,NA,NA,NA,NA,NA,NA,NA,0.00,NA,NA,NA
2025-04-19 22:00:00,22.59,93.85,3.63,8.14,7.28,NA,NA,0.67,61.52,NA,NA,NA,NA,NA,NA,NA,NA,NA,NA,NA,0.00,NA,NA,NA
2025-04-19 23:00:00,25.57,103.40,3.16,8.02,6.84,NA,NA,0.67,57.89,NA,NA,NA,NA,NA,NA,NA,NA,NA,NA,NA,0.00,NA,NA,NA
2025-04-20 00:00:00,18.33,97.73,2.50,8.31,6.45,NA,NA,0.67,53.33,NA,NA,NA,NA,NA,NA,NA,NA,NA,NA,NA,0.00,NA,NA,NA
2025-04-20 01:00:00,26.55,108.26,2.57,7.92,6.30,NA,NA,0.66,54.53,NA,NA,NA,NA,NA,NA,NA,NA,NA,NA,NA,0.00,NA,NA,NA
2025-04-20 02:00:00,38.15,94.93,2.24,7.78,5.96,NA,NA,0.64,52.72,NA,NA,NA,NA,NA,NA,NA,NA,NA,NA,NA,0.00,NA,NA,NA
2025-04-20 03:00:00,21.49,73.78,1.94,8.10,5.88,NA,NA,0.67,46.54,NA,NA,NA,NA,NA,NA,NA,NA,NA,NA,NA,0.00,NA,NA,NA
2025-04-20 04:00:00,33.14,87.92,2.33,7.77,6.02,NA,NA,0.67,44.70,NA,NA,NA,NA,NA,NA,NA,NA,NA,NA,NA,0.00,NA,NA,NA
2025-04-20 05:00:00,41.25,92.30,2.05,7.66,5.74,NA,NA,0.67,42.68,NA,NA,NA,NA,NA,NA,NA,NA,NA,NA,NA,0.00,NA,NA,NA
2025-04-20 06:00:00,25.98,75.09,1.99,7.82,5.78,NA,NA,0.69,37.41,NA,NA,NA,NA,NA,NA,NA,NA,NA,NA,NA,0.00,NA,NA,NA
2025-04-20 07:00:00,36.74,93.86,2.40,7.82,6.11,NA,NA,0.67,41.13,NA,NA,NA,NA,NA,NA,NA,NA,NA,NA,NA,0.00,NA,NA,NA
2025-04-20 08:00:00,44.50,114.94,2.01,7.84,5.81,NA,NA,0.66,49.68,NA,NA,NA,NA,NA,NA,NA,NA,NA,NA,NA,0.00,NA,NA,NA
2025-04-20 09:00:00,48.79,129.60,2.30,7.87,6.05,NA,NA,0.69,61.23,NA,NA,NA,NA,NA,NA,NA,NA,NA,NA,NA,0.00,NA,NA,NA
2025-04-20 10:00:00,64.27,183.52,2.79,8.03,6.54,NA,NA,0.71,77.89,NA,NA,NA,NA,NA,NA,NA,NA,NA,NA,NA,0.00,NA,NA,NA
2025-04-20 11:00:00,78.38,214.10,2.29,8.34,6.30,NA,NA,0.71,92.02,NA,NA,NA,NA,NA,NA,NA,NA,NA,NA,NA,0.00,NA,NA,NA
2025-04-20 12:00:00,68.44,219.34,2.75,8.27,6.63,NA,NA,0.70,93.53,NA,NA,NA,NA,NA,NA,NA,NA,NA,NA,NA,0.00,NA,NA,NA
2025-04-20 13:00:00,73.95,231.96,2.91,8.27,6.77,NA,NA,0.65,99.99,NA,NA,NA,NA,NA,NA,NA,NA,NA,NA,NA,0.00,NA,NA,NA
2025-04-20 14:00:00,76.57,244.18,2.36,8.31,6.34,NA,NA,0.67,98.27,NA,NA,NA,NA,NA,NA,NA,NA,NA,NA,NA,0.00,NA,NA,NA
2025-04-20 15:00:00,48.25,190.11,2.84,8.00,6.57,NA,NA,0.62,95.87,NA,NA,NA,NA,NA,NA,NA,NA,NA,NA,NA,0.00,NA,NA,NA
2025-04-20 16:00:00,58.08,189.48,3.06,7.81,6.64,NA,NA,0.62,94.09,NA,NA,NA,NA,NA,NA,NA,NA,NA,NA,NA,0.00,NA,NA,NA
2025-04-20 17:00:00,59.89,186.17,2.46,8.19,6.35,NA,NA,0.62,85.85,NA,NA,NA,NA,NA,NA,NA,NA,NA,NA,NA,0.00,NA,NA,NA
2025-04-20 18:00:00,51.05,183.74,2.91,8.23,6.75,NA,NA,0.64,71.69,NA,NA,NA,NA,NA,NA,NA,NA,NA,NA,NA,0.00,NA,NA,NA
2025-04-20 19:00:00,72.02,184.35,2.92,8.66,6.98,NA,NA,0.69,66.82,NA,NA,NA,NA,NA,NA,NA,NA,NA,NA,NA,0.00,NA,NA,NA
2025-04-20 20:00:00,67.28,184.09,2.01,9.20,6.53,NA,NA,0.73,57.05,NA,NA,NA,NA,NA,NA,NA,NA,NA,NA,NA,0.00,NA,NA,NA
2025-04-20 21:00:00,67.21,186.70,2.49,8.80,6.70,NA,NA,0.75,46.08,NA,NA,NA,NA,NA,NA,NA,NA,NA,NA,NA,0.00,NA,NA,NA
2025-04-20 22:00:00,88.37,199.79,2.64,9.50,7.20,NA,NA,0.89,12.54,NA,NA,NA,NA,NA,NA,NA,NA,NA,NA,NA,0.00,NA,NA,NA
2025-04-20 23:00:00,85.05,194.38,2.01,10.60,7.27,NA,NA,0.95,7.64,NA,NA,NA,NA,NA,NA,NA,NA,NA,NA,NA,0.00,NA,NA,NA
2025-04-21 00:00:00,84.23,190.44,2.49,10.82,7.78,NA,NA,0.99,5.43,NA,NA,NA,NA,NA,NA,NA,NA,NA,NA,NA,0.00,NA,NA,NA
2025-04-21 01:00:00,99.73,221.86,2.41,11.05,7.84,NA,NA,0.95,6.05,NA,NA,NA,NA,NA,NA,NA,NA,NA,NA,NA,0.00,NA,NA,NA
2025-04-21 02:00:00,82.69,214.12,1.92,10.95,7.39,NA,NA,0.95,9.67,NA,NA,NA,NA,NA,NA,NA,NA,NA,NA,NA,0.00,NA,NA,NA
2025-04-21 03:00:00,78.58,198.78,2.33,9.77,7.09,NA,NA,0.87,25.69,NA,NA,NA,NA,NA,NA,NA,NA,NA,NA,NA,0.00,NA,NA,NA
2025-04-21 04:00:00,91.66,206.09,2.28,9.14,6.72,NA,NA,0.86,25.96,NA,NA,NA,NA,NA,NA,NA,NA,NA,NA,NA,0.00,NA,NA,NA
2025-04-21 05:00:00,80.93,204.88,2.03,9.69,6.81,NA,NA,0.88,22.02,NA,NA,NA,NA,NA,NA,NA,NA,NA,NA,NA,0.00,NA,NA,NA
2025-04-21 06:00:00,79.31,190.65,2.57,9.16,6.96,NA,NA,0.86,19.52,NA,NA,NA,NA,NA,NA,NA,NA,NA,NA,NA,0.00,NA,NA,NA
2025-04-21 07:00:00,89.03,201.89,2.38,8.69,6.56,NA,NA,0.87,26.64,NA,NA,NA,NA,NA,NA,NA,NA,NA,NA,NA,0.00,NA,NA,NA
2025-04-21 08:00:00,72.75,225.89,2.20,8.76,6.45,NA,NA,0.87,47.49,NA,NA,NA,NA,NA,NA,NA,NA,NA,NA,NA,0.00,NA,NA,NA
2025-04-21 09:00:00,94.50,269.61,2.82,8.70,6.93,NA,NA,0.81,64.58,NA,NA,NA,NA,NA,NA,NA,NA,NA,NA,NA,0.00,NA,NA,NA
2025-04-21 10:00:00,86.44,342.53,2.63,9.66,7.28,NA,NA,0.76,74.91,NA,NA,NA,NA,NA,NA,NA,NA,NA,NA,NA,0.00,NA,NA,NA
2025-04-21 11:00:00,61.21,336.46,2.79,14.97,10.23,NA,NA,0.64,87.29,NA,NA,NA,NA,NA,NA,NA,NA,NA,NA,NA,0.00,NA,NA,NA
2025-04-21 12:00:00,74.55,384.58,3.30,12.01,9.08,NA,NA,0.57,88.80,NA,NA,NA,NA,NA,NA,NA,NA,NA,NA,NA,0.00,NA,NA,NA
2025-04-21 13:00:00,21.44,319.62,3.12,11.17,8.48,NA,NA,0.52,87.17,NA,NA,NA,NA,NA,NA,NA,NA,NA,NA,NA,0.00,NA,NA,NA
2025-04-21 14:00:00,NA,274.40,2.51,9.05,6.85,NA,NA,0.54,92.40,NA,NA,NA,NA,NA,NA,NA,NA,NA,NA,NA,0.00,NA,NA,NA
2025-04-21 15:00:00,84.08,279.79,1.96,8.64,6.19,NA,NA,0.54,72.64,NA,NA,NA,NA,NA,NA,NA,NA,NA,NA,NA,0.00,NA,NA,NA
2025-04-21 16:00:00,83.55,248.78,1.89,10.71,7.23,NA,NA,0.64,116.00,NA,NA,NA,NA,NA,NA,NA,NA,NA,NA,NA,0.00,NA,NA,NA
2025-04-21 17:00:00,62.74,210.37,2.06,13.19,8.69,NA,NA,0.57,83.90,NA,NA,NA,NA,NA,NA,NA,NA,NA,NA,NA,0.00,NA,NA,NA
2025-04-21 18:00:00,51.72,183.20,1.87,10.94,7.34,NA,NA,0.66,55.88,NA,NA,NA,NA,NA,NA,NA,NA,NA,NA,NA,0.00,NA,NA,NA
2025-04-21 19:00:00,32.57,157.18,1.82,11.29,7.49,NA,NA,0.79,24.37,NA,NA,NA,NA,NA,NA,NA,NA,NA,NA,NA,0.00,NA,NA,NA
2025-04-21 20:00:00,22.13,139.74,1.98,14.27,9.20,NA,NA,0.93,14.97,NA,NA,NA,NA,NA,NA,NA,NA,NA,NA,NA,0.00,NA,NA,NA
2025-04-21 21:00:00,31.38,117.55,1.93,15.91,10.04,NA,NA,0.92,13.68,NA,NA,NA,NA,NA,NA,NA,NA,NA,NA,NA,0.00,NA,NA,NA
2025-04-21 22:00:00,48.25,171.36,1.89,14.28,9.13,NA,NA,0.94,16.78,NA,NA,NA,NA,NA,NA,NA,NA,NA,NA,NA,0.00,NA,NA,NA
2025-04-21 23:00:00,57.20,186.48,1.92,13.65,8.82,NA,NA,0.94,16.88,NA,NA,NA,NA,NA,NA,NA,NA,NA,NA,NA,0.00,NA,NA,NA
2025-04-22 00:00:00,65.31,179.04,1.92,13.36,8.67,NA,NA,0.98,16.39,NA,NA,NA,NA,NA,NA,NA,NA,NA,NA,NA,0.00,NA,NA,NA
2025-04-22 01:00:00,71.39,189.58,1.93,14.01,9.02,NA,NA,1.02,15.78,NA,NA,NA,NA,NA,NA,NA,NA,NA,NA,NA,0.00,NA,NA,NA
2025-04-22 02:00:00,61.98,177.20,1.88,14.21,9.09,NA,NA,0.98,14.86,NA,NA,NA,NA,NA,NA,NA,NA,NA,NA,NA,0.00,NA,NA,NA
2025-04-22 03:00:00,64.72,182.16,1.90,14.25,9.13,NA,NA,1.01,15.57,NA,NA,NA,NA,NA,NA,NA,NA,NA,NA,NA,0.00,NA,NA,NA
2025-04-22 04:00:00,70.66,179.20,1.93,14.30,9.17,NA,NA,1.00,13.90,NA,NA,NA,NA,NA,NA,NA,NA,NA,NA,NA,0.00,NA,NA,NA
2025-04-22 05:00:00,74.45,179.20,1.93,14.33,9.19,NA,NA,0.99,14.58,NA,NA,NA,NA,NA,NA,NA,NA,NA,NA,NA,0.00,NA,NA,NA
2025-04-22 06:00:00,68.17,186.49,1.93,14.93,9.51,NA,NA,1.01,16.57,NA,NA,NA,NA,NA,NA,NA,NA,NA,NA,NA,0.00,NA,NA,NA
2025-04-22 07:00:00,45.98,175.98,1.93,15.66,9.90,NA,NA,0.96,15.54,NA,NA,NA,NA,NA,NA,NA,NA,NA,NA,NA,0.00,NA,NA,NA
2025-04-22 08:00:00,61.28,241.28,1.88,15.14,9.58,NA,NA,0.97,36.02,NA,NA,NA,NA,NA,NA,NA,NA,NA,NA,NA,0.00,NA,NA,NA
2025-04-22 09:00:00,70.65,269.91,1.90,13.75,8.86,NA,NA,0.93,66.11,NA,NA,NA,NA,NA,NA,NA,NA,NA,NA,NA,0.00,NA,NA,NA
2025-04-22 10:00:00,74.72,264.05,1.80,12.58,8.15,NA,NA,0.89,92.80,NA,NA,NA,NA,NA,NA,NA,NA,NA,NA,NA,0.00,NA,NA,NA
2025-04-22 11:00:00,65.35,255.23,1.84,10.92,7.30,NA,NA,0.79,104.66,NA,NA,NA,NA,NA,NA,NA,NA,NA,NA,NA,0.00,NA,NA,NA
2025-04-22 12:00:00,60.69,225.63,1.86,10.00,6.84,NA,NA,0.74,104.91,NA,NA,NA,NA,NA,NA,NA,NA,NA,NA,NA,0.00,NA,NA,NA
2025-04-22 13:00:00,46.73,217.36,1.87,9.67,6.66,NA,NA,0.71,102.84,NA,NA,NA,NA,NA,NA,NA,NA,NA,NA,NA,0.00,NA,NA,NA
2025-04-22 14:00:00,48.93,189.49,1.86,9.30,6.45,NA,NA,0.71,105.16,NA,NA,NA,NA,NA,NA,NA,NA,NA,NA,NA,0.00,NA,NA,NA
2025-04-22 15:00:00,45.95,191.52,1.83,8.98,6.26,NA,NA,0.67,110.85,NA,NA,NA,NA,NA,NA,NA,NA,NA,NA,NA,0.00,NA,NA,NA
2025-04-22 16:00:00,58.40,194.37,1.85,8.75,6.16,NA,NA,0.67,105.36,NA,NA,NA,NA,NA,NA,NA,NA,NA,NA,NA,0.00,NA,NA,NA
2025-04-22 17:00:00,54.28,168.34,1.86,8.81,6.20,NA,NA,0.69,95.01,NA,NA,NA,NA,NA,NA,NA,NA,NA,NA,NA,0.00,NA,NA,NA
2025-04-22 18:00:00,49.18,164.74,1.88,9.27,6.46,NA,NA,0.76,67.16,NA,NA,NA,NA,NA,NA,NA,NA,NA,NA,NA,0.00,NA,NA,NA
2025-04-22 19:00:00,34.95,166.09,1.91,10.98,7.40,NA,NA,0.88,21.56,NA,NA,NA,NA,NA,NA,NA,NA,NA,NA,NA,0.00,NA,NA,NA
2025-04-22 20:00:00,28.22,154.58,2.05,14.96,9.63,NA,NA,1.09,15.77,NA,NA,NA,NA,NA,NA,NA,NA,NA,NA,NA,0.00,NA,NA,NA
2025-04-22 21:00:00,25.77,149.35,2.02,18.73,11.60,NA,NA,1.20,15.25,NA,NA,NA,NA,NA,NA,NA,NA,NA,NA,NA,0.00,NA,NA,NA
2025-04-22 22:00:00,48.07,163.43,2.03,20.42,12.52,NA,NA,1.25,14.32,NA,NA,NA,NA,NA,NA,NA,NA,NA,NA,NA,0.00,NA,NA,NA
2025-04-22 23:00:00,54.45,180.59,1.98,19.49,11.98,NA,NA,1.23,14.91,NA,NA,NA,NA,NA,NA,NA,NA,NA,NA,NA,0.00,NA,NA,NA
2025-04-23 00:00:00,55.01,189.39,1.96,18.24,11.29,NA,NA,1.18,13.34,NA,NA,NA,NA,NA,NA,NA,NA,NA,NA,NA,0.00,NA,NA,NA
2025-04-23 01:00:00,61.80,184.00,1.92,14.79,9.43,NA,NA,1.02,33.34,NA,NA,NA,NA,NA,NA,NA,NA,NA,NA,NA,0.00,NA,NA,NA
2025-04-23 02:00:00,54.04,163.03,1.89,11.87,7.85,NA,NA,0.96,39.18,NA,NA,NA,NA,NA,NA,NA,NA,NA,NA,NA,0.00,NA,NA,NA
2025-04-23 03:00:00,59.39,146.04,1.88,10.56,7.15,NA,NA,0.96,26.84,NA,NA,NA,NA,NA,NA,NA,NA,NA,NA,NA,0.00,NA,NA,NA
2025-04-23 04:00:00,58.91,154.59,1.89,10.64,7.20,NA,NA,0.97,18.24,NA,NA,NA,NA,NA,NA,NA,NA,NA,NA,NA,0.00,NA,NA,NA
2025-04-23 05:00:00,59.58,155.64,1.89,11.32,7.56,NA,NA,0.96,14.29,NA,NA,NA,NA,NA,NA,NA,NA,NA,NA,NA,0.00,NA,NA,NA
2025-04-23 06:00:00,85.96,203.66,1.94,13.67,8.85,NA,NA,1.01,15.81,NA,NA,NA,NA,NA,NA,NA,NA,NA,NA,NA,0.00,NA,NA,NA
2025-04-23 07:00:00,118.90,272.25,1.94,14.87,9.49,NA,NA,1.01,19.59,NA,NA,NA,NA,NA,NA,NA,NA,NA,NA,NA,0.00,NA,NA,NA
2025-04-23 08:00:00,88.78,250.87,1.90,13.96,8.97,NA,NA,0.94,45.94,NA,NA,NA,NA,NA,NA,NA,NA,NA,NA,NA,0.00,NA,NA,NA
2025-04-23 09:00:00,96.30,223.27,1.93,12.06,7.99,NA,NA,0.90,84.15,NA,NA,NA,NA,NA,NA,NA,NA,NA,NA,NA,0.00,NA,NA,NA
2025-04-23 10:00:00,75.26,210.97,1.89,10.90,7.34,NA,NA,0.85,107.62,NA,NA,NA,NA,NA,NA,NA,NA,NA,NA,NA,0.00,NA,NA,NA
2025-04-23 11:00:00,69.31,217.37,1.91,10.25,7.01,NA,NA,0.81,120.97,NA,NA,NA,NA,NA,NA,NA,NA,NA,NA,NA,0.00,NA,NA,NA
2025-04-23 12:00:00,55.87,218.90,1.87,9.95,6.82,NA,NA,0.77,114.93,NA,NA,NA,NA,NA,NA,NA,NA,NA,NA,NA,0.00,NA,NA,NA
2025-04-23 13:00:00,83.92,200.29,1.89,8.55,6.08,NA,NA,0.64,112.58,NA,NA,NA,NA,NA,NA,NA,NA,NA,NA,NA,0.00,NA,NA,NA
2025-04-23 14:00:00,68.21,201.67,2.60,9.24,7.03,NA,NA,0.59,121.79,NA,NA,NA,NA,NA,NA,NA,NA,NA,NA,NA,0.00,NA,NA,NA
2025-04-23 15:00:00,90.33,241.13,3.49,9.87,8.09,NA,NA,0.58,124.13,NA,NA,NA,NA,NA,NA,NA,NA,NA,NA,NA,0.00,NA,NA,NA
2025-04-23 16:00:00,78.59,205.45,3.33,10.29,8.18,NA,NA,0.56,125.00,NA,NA,NA,NA,NA,NA,NA,NA,NA,NA,NA,0.00,NA,NA,NA
2025-04-23 17:00:00,58.98,166.06,2.08,11.07,7.58,NA,NA,0.63,121.91,NA,NA,NA,NA,NA,NA,NA,NA,NA,NA,NA,0.00,NA,NA,NA
2025-04-23 18:00:00,45.77,148.96,1.77,10.33,6.93,NA,NA,0.67,88.42,NA,NA,NA,NA,NA,NA,NA,NA,NA,NA,NA,0.00,NA,NA,NA
2025-04-23 19:00:00,32.89,118.77,1.78,10.68,7.13,NA,NA,0.81,45.01,NA,NA,NA,NA,NA,NA,NA,NA,NA,NA,NA,0.00,NA,NA,NA
2025-04-23 20:00:00,24.55,125.51,1.79,12.19,7.94,NA,NA,0.91,18.87,NA,NA,NA,NA,NA,NA,NA,NA,NA,NA,NA,0.00,NA,NA,NA
2025-04-23 21:00:00,34.13,119.86,1.87,14.78,9.38,NA,NA,1.06,16.64,NA,NA,NA,NA,NA,NA,NA,NA,NA,NA,NA,0.00,NA,NA,NA
2025-04-23 22:00:00,37.74,148.86,1.90,17.83,11.02,NA,NA,1.15,15.40,NA,NA,NA,NA,NA,NA,NA,NA,NA,NA,NA,0.00,NA,NA,NA
2025-04-23 23:00:00,61.84,172.94,1.88,19.61,11.95,NA,NA,1.23,14.82,NA,NA,NA,NA,NA,NA,NA,NA,NA,NA,NA,0.00,NA,NA,NA
2025-04-24 00:00:00,88.36,210.91,1.91,20.98,12.71,NA,NA,1.25,14.88,NA,NA,NA,NA,NA,NA,NA,NA,NA,NA,NA,0.00,NA,NA,NA
2025-04-24 01:00:00,133.66,262.56,1.91,19.66,12.01,NA,NA,1.29,16.36,NA,NA,NA,NA,NA,NA,NA,NA,NA,NA,NA,0.00,NA,NA,NA
2025-04-24 02:00:00,132.48,266.68,1.93,19.61,12.00,NA,NA,1.32,15.30,NA,NA,NA,NA,NA,NA,NA,NA,NA,NA,NA,0.00,NA,NA,NA
2025-04-24 03:00:00,128.84,260.94,1.93,19.77,12.09,NA,NA,1.31,13.79,NA,NA,NA,NA,NA,NA,NA,NA,NA,NA,NA,0.00,NA,NA,NA
2025-04-24 04:00:00,146.28,240.43,1.91,19.29,11.81,NA,NA,1.27,13.69,NA,NA,NA,NA,NA,NA,NA,NA,NA,NA,NA,0.00,NA,NA,NA
2025-04-24 05:00:00,110.32,225.49,1.91,18.02,11.14,NA,NA,1.19,15.74,NA,NA,NA,NA,NA,NA,NA,NA,NA,NA,NA,0.00,NA,NA,NA
2025-04-24 06:00:00,96.23,209.10,1.94,18.02,11.16,NA,NA,1.20,17.32,NA,NA,NA,NA,NA,NA,NA,NA,NA,NA,NA,0.00,NA,NA,NA
2025-04-24 07:00:00,84.27,195.76,1.94,19.38,11.89,NA,NA,1.23,14.18,NA,NA,NA,NA,NA,NA,NA,NA,NA,NA,NA,0.00,NA,NA,NA
2025-04-24 08:00:00,93.04,219.41,1.89,18.02,11.12,NA,NA,1.05,49.67,NA,NA,NA,NA,NA,NA,NA,NA,NA,NA,NA,0.00,NA,NA,NA
2025-04-24 09:00:00,66.44,205.43,1.85,14.26,9.08,NA,NA,0.96,64.45,NA,NA,NA,NA,NA,NA,NA,NA,NA,NA,NA,0.00,NA,NA,NA
2025-04-24 10:00:00,92.25,235.01,1.81,13.26,8.52,NA,NA,0.94,99.56,NA,NA,NA,NA,NA,NA,NA,NA,NA,NA,NA,0.00,NA,NA,NA
2025-04-24 11:00:00,77.06,193.87,1.86,11.90,7.84,NA,NA,0.87,119.98,NA,NA,NA,NA,NA,NA,NA,NA,NA,NA,NA,0.00,NA,NA,NA
2025-04-24 12:00:00,65.71,186.98,1.85,11.40,7.57,NA,NA,0.83,149.12,NA,NA,NA,NA,NA,NA,NA,NA,NA,NA,NA,0.00,NA,NA,NA
2025-04-24 13:00:00,61.86,170.34,1.86,10.84,7.28,NA,NA,0.79,131.43,NA,NA,NA,NA,NA,NA,NA,NA,NA,NA,NA,0.00,NA,NA,NA
2025-04-24 14:00:00,64.51,159.47,1.81,10.16,6.87,NA,NA,0.74,127.18,NA,NA,NA,NA,NA,NA,NA,NA,NA,NA,NA,0.00,NA,NA,NA
2025-04-24 15:00:00,53.50,152.91,1.81,9.75,6.66,NA,NA,0.72,112.59,NA,NA,NA,NA,NA,NA,NA,NA,NA,NA,NA,0.00,NA,NA,NA
2025-04-24 16:00:00,43.80,131.43,1.82,9.58,6.57,NA,NA,0.71,106.41,NA,NA,NA,NA,NA,NA,NA,NA,NA,NA,NA,0.00,NA,NA,NA
2025-04-24 17:00:00,46.46,122.44,1.84,9.68,6.65,NA,NA,0.70,86.58,NA,NA,NA,NA,NA,NA,NA,NA,NA,NA,NA,0.00,NA,NA,NA
2025-04-24 18:00:00,52.01,124.18,1.87,10.71,7.22,NA,NA,0.81,48.34,NA,NA,NA,NA,NA,NA,NA,NA,NA,NA,NA,0.00,NA,NA,NA
2025-04-24 19:00:00,35.58,121.85,1.98,14.51,9.32,NA,NA,1.05,16.28,NA,NA,NA,NA,NA,NA,NA,NA,NA,NA,NA,0.00,NA,NA,NA
2025-04-24 20:00:00,33.26,124.99,2.11,22.08,13.46,NA,NA,1.26,16.40,NA,NA,NA,NA,NA,NA,NA,NA,NA,NA,NA,0.00,NA,NA,NA
2025-04-24 21:00:00,29.98,135.80,2.24,29.11,17.31,NA,NA,1.52,15.05,NA,NA,NA,NA,NA,NA,NA,NA,NA,NA,NA,0.00,NA,NA,NA
2025-04-24 22:00:00,49.10,185.37,2.65,39.34,23.08,NA,NA,1.87,14.97,NA,NA,NA,NA,NA,NA,NA,NA,NA,NA,NA,0.00,NA,NA,NA
2025-04-24 23:00:00,51.21,209.23,2.68,45.38,26.32,NA,NA,1.91,14.66,NA,NA,NA,NA,NA,NA,NA,NA,NA,NA,NA,0.00,NA,NA,NA
2025-04-25 00:00:00,77.48,259.50,2.64,47.32,27.32,NA,NA,1.97,15.01,NA,NA,NA,NA,NA,NA,NA,NA,NA,NA,NA,0.00,NA,NA,NA
2025-04-25 01:00:00,76.84,281.22,2.65,48.99,28.21,NA,NA,2.04,14.82,NA,NA,NA,NA,NA,NA,NA,NA,NA,NA,NA,0.00,NA,NA,NA
2025-04-25 02:00:00,79.87,230.08,2.54,48.32,27.77,NA,NA,2.04,14.46,NA,NA,NA,NA,NA,NA,NA,NA,NA,NA,NA,0.00,NA,NA,NA
2025-04-25 03:00:00,69.54,208.42,2.53,46.47,26.78,NA,NA,2.00,14.24,NA,NA,NA,NA,NA,NA,NA,NA,NA,NA,NA,0.00,NA,NA,NA
2025-04-25 04:00:00,73.42,218.36,2.40,44.18,25.45,NA,NA,1.89,14.00,NA,NA,NA,NA,NA,NA,NA,NA,NA,NA,NA,0.00,NA,NA,NA
2025-04-25 05:00:00,75.17,211.43,2.32,40.75,23.56,NA,NA,1.85,15.63,NA,NA,NA,NA,NA,NA,NA,NA,NA,NA,NA,0.00,NA,NA,NA
2025-04-25 06:00:00,74.82,197.49,2.25,37.64,21.85,NA,NA,1.77,14.94,NA,NA,NA,NA,NA,NA,NA,NA,NA,NA,NA,0.00,NA,NA,NA
2025-04-25 07:00:00,76.40,214.74,2.15,33.28,19.45,NA,NA,1.64,14.85,NA,NA,NA,NA,NA,NA,NA,NA,NA,NA,NA,0.00,NA,NA,NA
2025-04-25 08:00:00,91.91,265.45,2.01,26.15,15.54,NA,NA,1.36,40.09,NA,NA,NA,NA,NA,NA,NA,NA,NA,NA,NA,0.00,NA,NA,NA
2025-04-25 09:00:00,102.49,304.72,1.91,19.59,11.98,NA,NA,1.29,90.30,NA,NA,NA,NA,NA,NA,NA,NA,NA,NA,NA,0.00,NA,NA,NA
2025-04-25 10:00:00,148.06,387.53,1.82,16.32,10.16,NA,NA,1.19,143.03,NA,NA,NA,NA,NA,NA,NA,NA,NA,NA,NA,0.00,NA,NA,NA
2025-04-25 11:00:00,140.81,357.21,2.00,13.71,8.92,NA,NA,1.09,146.81,NA,NA,NA,NA,NA,NA,NA,NA,NA,NA,NA,0.00,NA,NA,NA
2025-04-25 12:00:00,110.61,298.29,1.90,12.85,8.38,NA,NA,0.94,142.64,NA,NA,NA,NA,NA,NA,NA,NA,NA,NA,NA,0.00,NA,NA,NA
2025-04-25 13:00:00,81.29,212.05,1.91,11.91,7.89,NA,NA,0.87,134.89,NA,NA,NA,NA,NA,NA,NA,NA,NA,NA,NA,0.00,NA,NA,NA
2025-04-25 14:00:00,63.90,155.92,1.94,11.10,7.48,NA,NA,0.78,130.50,NA,NA,NA,NA,NA,NA,NA,NA,NA,NA,NA,0.00,NA,NA,NA
2025-04-25 15:00:00,53.84,134.00,1.98,10.43,7.15,NA,NA,0.78,129.19,NA,NA,NA,NA,NA,NA,NA,NA,NA,NA,NA,0.00,NA,NA,NA
2025-04-25 16:00:00,51.42,131.93,1.91,10.13,6.94,NA,NA,0.75,126.56,NA,NA,NA,NA,NA,NA,NA,NA,NA,NA,NA,0.00,NA,NA,NA
2025-04-25 17:00:00,65.90,167.90,1.90,10.49,7.13,NA,NA,0.80,91.30,NA,NA,NA,NA,NA,NA,NA,NA,NA,NA,NA,0.00,NA,NA,NA
2025-04-25 18:00:00,72.36,182.43,1.94,12.58,8.27,NA,NA,0.92,33.51,NA,NA,NA,NA,NA,NA,NA,NA,NA,NA,NA,0.00,NA,NA,NA
2025-04-25 19:00:00,66.16,160.82,2.02,15.56,9.92,NA,NA,1.17,16.22,NA,NA,NA,NA,NA,NA,NA,NA,NA,NA,NA,0.00,NA,NA,NA
2025-04-25 20:00:00,56.11,176.70,2.11,20.08,12.40,NA,NA,1.33,15.41,NA,NA,NA,NA,NA,NA,NA,NA,NA,NA,NA,0.00,NA,NA,NA
2025-04-25 21:00:00,51.75,169.22,2.23,24.81,15.01,NA,NA,1.56,14.51,NA,NA,NA,NA,NA,NA,NA,NA,NA,NA,NA,0.00,NA,NA,NA
2025-04-25 22:00:00,63.17,197.36,2.24,27.57,16.48,NA,NA,1.61,15.77,NA,NA,NA,NA,NA,NA,NA,NA,NA,NA,NA,0.00,NA,NA,NA
2025-04-25 23:00:00,70.47,214.69,2.33,30.03,17.87,NA,NA,1.75,15.27,NA,NA,NA,NA,NA,NA,NA,NA,NA,NA,NA,0.00,NA,NA,NA
2025-04-26 00:00:00,70.65,211.83,2.30,32.01,18.89,NA,NA,1.76,15.10,NA,NA,NA,NA,NA,NA,NA,NA,NA,NA,NA,0.00,NA,NA,NA
2025-04-26 01:00:00,91.83,302.15,2.42,37.14,21.72,NA,NA,1.92,15.14,NA,NA,NA,NA,NA,NA,NA,NA,NA,NA,NA,0.00,NA,NA,NA
2025-04-26 02:00:00,92.69,264.47,2.49,39.08,22.81,NA,NA,2.01,14.41,NA,NA,NA,NA,NA,NA,NA,NA,NA,NA,NA,0.00,NA,NA,NA
2025-04-26 03:00:00,95.58,239.68,2.55,40.22,23.47,NA,NA,2.05,15.01,NA,NA,NA,NA,NA,NA,NA,NA,NA,NA,NA,0.00,NA,NA,NA
2025-04-26 04:00:00,89.70,284.50,2.68,43.52,25.33,NA,NA,2.00,14.58,NA,NA,NA,NA,NA,NA,NA,NA,NA,NA,NA,0.00,NA,NA,NA
2025-04-26 05:00:00,93.08,339.69,2.60,45.12,26.12,NA,NA,1.97,14.80,NA,NA,NA,NA,NA,NA,NA,NA,NA,NA,NA,0.00,NA,NA,NA
2025-04-26 06:00:00,111.01,262.63,2.62,46.03,26.61,NA,NA,1.96,15.33,NA,NA,NA,NA,NA,NA,NA,NA,NA,NA,NA,0.00,NA,NA,NA
2025-04-26 07:00:00,101.55,279.41,2.57,45.56,26.32,NA,NA,1.96,15.75,NA,NA,NA,NA,NA,NA,NA,NA,NA,NA,NA,0.00,NA,NA,NA
2025-04-26 08:00:00,147.26,357.10,2.32,42.80,24.66,NA,NA,1.71,19.71,NA,NA,NA,NA,NA,NA,NA,NA,NA,NA,NA,0.00,NA,NA,NA
2025-04-26 09:00:00,188.28,382.06,2.07,31.56,18.47,NA,NA,1.51,99.88,NA,NA,NA,NA,NA,NA,NA,NA,NA,NA,NA,0.00,NA,NA,NA
2025-04-26 10:00:00,159.66,382.68,1.97,21.85,13.23,NA,NA,1.29,148.86,NA,NA,NA,NA,NA,NA,NA,NA,NA,NA,NA,0.00,NA,NA,NA
2025-04-26 11:00:00,98.60,229.34,1.97,17.01,10.64,NA,NA,1.10,154.06,NA,NA,NA,NA,NA,NA,NA,NA,NA,NA,NA,0.00,NA,NA,NA
2025-04-26 12:00:00,56.93,155.84,1.93,14.02,9.02,NA,NA,0.98,133.40,NA,NA,NA,NA,NA,NA,NA,NA,NA,NA,NA,0.00,NA,NA,NA
2025-04-26 13:00:00,47.39,125.39,1.97,12.12,8.05,NA,NA,0.84,139.65,NA,NA,NA,NA,NA,NA,NA,NA,NA,NA,NA,0.00,NA,NA,NA
2025-04-26 14:00:00,52.09,119.60,1.93,11.73,7.81,NA,NA,0.89,131.76,NA,NA,NA,NA,NA,NA,NA,NA,NA,NA,NA,0.00,NA,NA,NA
2025-04-26 15:00:00,48.38,124.00,1.98,11.35,7.65,NA,NA,0.86,92.32,NA,NA,NA,NA,NA,NA,NA,NA,NA,NA,NA,0.00,NA,NA,NA
2025-04-26 16:00:00,45.67,183.20,1.93,11.33,7.59,NA,NA,0.83,74.51,NA,NA,NA,NA,NA,NA,NA,NA,NA,NA,NA,0.00,NA,NA,NA
2025-04-26 17:00:00,41.00,555.39,1.98,10.72,7.31,NA,NA,0.75,92.94,NA,NA,NA,NA,NA,NA,NA,NA,NA,NA,NA,0.00,NA,NA,NA
2025-04-26 18:00:00,32.63,234.84,1.97,10.98,7.44,NA,NA,0.75,63.26,NA,NA,NA,NA,NA,NA,NA,NA,NA,NA,NA,0.00,NA,NA,NA
2025-04-26 19:00:00,39.11,195.20,1.95,12.23,8.09,NA,NA,0.85,19.35,NA,NA,NA,NA,NA,NA,NA,NA,NA,NA,NA,0.00,NA,NA,NA
2025-04-26 20:00:00,40.71,194.31,2.01,14.22,9.20,NA,NA,1.01,15.35,NA,NA,NA,NA,NA,NA,NA,NA,NA,NA,NA,0.00,NA,NA,NA
2025-04-26 21:00:00,37.70,208.07,2.07,17.67,11.08,NA,NA,1.12,16.21,NA,NA,NA,NA,NA,NA,NA,NA,NA,NA,NA,0.00,NA,NA,NA
2025-04-26 22:00:00,47.40,223.58,2.11,22.00,13.42,NA,NA,1.08,11.57,NA,NA,NA,NA,NA,NA,NA,NA,NA,NA,NA,0.00,NA,NA,NA
2025-04-26 23:00:00,33.36,184.73,2.02,18.24,11.34,NA,NA,0.91,32.16,NA,NA,NA,NA,NA,NA,NA,NA,NA,NA,NA,0.00,NA,NA,NA
2025-04-27 00:00:00,36.19,133.73,1.93,14.52,9.29,NA,NA,0.87,30.66,NA,NA,NA,NA,NA,NA,NA,NA,NA,NA,NA,0.00,NA,NA,NA
2025-04-27 01:00:00,40.24,121.18,1.97,13.29,8.67,NA,NA,0.88,19.90,NA,NA,NA,NA,NA,NA,NA,NA,NA,NA,NA,0.00,NA,NA,NA
2025-04-27 02:00:00,35.92,118.40,1.99,13.40,8.75,NA,NA,0.87,14.73,NA,NA,NA,NA,NA,NA,NA,NA,NA,NA,NA,0.00,NA,NA,NA
2025-04-27 03:00:00,40.08,133.41,2.01,13.74,8.94,NA,NA,0.87,15.11,NA,NA,NA,NA,NA,NA,NA,NA,NA,NA,NA,0.00,NA,NA,NA
2025-04-27 04:00:00,188.48,175.54,2.00,14.57,9.37,NA,NA,0.89,14.67,NA,NA,NA,NA,NA,NA,NA,NA,NA,NA,NA,0.00,NA,NA,NA
2025-04-27 05:00:00,101.57,213.95,1.97,13.43,8.74,NA,NA,0.85,19.03,NA,NA,NA,NA,NA,NA,NA,NA,NA,NA,NA,0.00,NA,NA,NA
2025-04-27 06:00:00,93.07,300.54,1.95,13.08,8.54,NA,NA,0.89,18.34,NA,NA,NA,NA,NA,NA,NA,NA,NA,NA,NA,0.00,NA,NA,NA
2025-04-27 07:00:00,94.64,368.70,2.01,12.89,8.49,NA,NA,0.88,21.24,NA,NA,NA,NA,NA,NA,NA,NA,NA,NA,NA,0.00,NA,NA,NA
2025-04-27 08:00:00,103.32,331.51,1.94,12.86,8.42,NA,NA,0.89,26.84,NA,NA,NA,NA,NA,NA,NA,NA,NA,NA,NA,0.00,NA,NA,NA
2025-04-27 09:00:00,89.01,369.59,2.53,13.13,9.04,NA,NA,0.82,62.11,NA,NA,NA,NA,NA,NA,NA,NA,NA,NA,NA,0.00,NA,NA,NA
2025-04-27 10:00:00,119.88,443.59,4.38,13.35,10.66,NA,NA,0.73,86.06,NA,NA,NA,NA,NA,NA,NA,NA,NA,NA,NA,0.00,NA,NA,NA
2025-04-27 11:00:00,151.44,429.29,12.12,13.12,16.83,NA,NA,0.68,110.00,NA,NA,NA,NA,NA,NA,NA,NA,NA,NA,NA,0.00,NA,NA,NA
2025-04-27 12:00:00,150.04,414.80,28.08,12.51,29.48,NA,NA,0.55,126.09,NA,NA,NA,NA,NA,NA,NA,NA,NA,NA,NA,0.00,NA,NA,NA
2025-04-27 13:00:00,162.64,387.87,45.66,11.67,43.33,NA,NA,0.40,126.99,NA,NA,NA,NA,NA,NA,NA,NA,NA,NA,NA,0.00,NA,NA,NA
2025-04-27 14:00:00,158.09,327.03,66.90,10.23,59.84,NA,NA,2.77,124.86,NA,NA,NA,NA,NA,NA,NA,NA,NA,NA,NA,0.00,NA,NA,NA
2025-04-27 15:00:00,165.05,280.91,92.05,9.56,79.92,NA,NA,1.63,130.88,NA,NA,NA,NA,NA,NA,NA,NA,NA,NA,NA,0.00,NA,NA,NA
2025-04-27 16:00:00,160.20,264.85,123.13,8.00,104.36,NA,NA,2.76,102.50,NA,NA,NA,NA,NA,NA,NA,NA,NA,NA,NA,0.00,NA,NA,NA
2025-04-27 17:00:00,147.87,230.18,152.12,6.96,127.38,NA,NA,4.57,80.53,NA,NA,NA,NA,NA,NA,NA,NA,NA,NA,NA,0.00,NA,NA,NA
2025-04-27 18:00:00,137.27,246.68,167.04,8.26,140.20,NA,NA,NA,36.02,NA,NA,NA,NA,NA,NA,NA,NA,NA,NA,NA,0.00,NA,NA,NA
2025-04-27 19:00:00,102.01,227.55,157.26,17.57,137.20,NA,NA,2.00,16.56,NA,NA,NA,NA,NA,NA,NA,NA,NA,NA,NA,0.00,NA,NA,NA
2025-04-27 20:00:00,74.06,218.36,139.51,28.27,128.46,NA,NA,2.14,14.90,NA,NA,NA,NA,NA,NA,NA,NA,NA,NA,NA,0.00,NA,NA,NA
2025-04-27 21:00:00,78.22,252.45,121.99,32.67,116.56,NA,NA,2.35,15.86,NA,NA,NA,NA,NA,NA,NA,NA,NA,NA,NA,0.00,NA,NA,NA
2025-04-27 22:00:00,95.10,277.59,108.64,26.27,102.30,NA,NA,2.01,18.76,NA,NA,NA,NA,NA,NA,NA,NA,NA,NA,NA,0.00,NA,NA,NA
2025-04-27 23:00:00,106.92,251.02,98.89,22.16,92.19,NA,NA,4.16,29.12,NA,NA,NA,NA,NA,NA,NA,NA,NA,NA,NA,0.00,NA,NA,NA
2025-04-28 00:00:00,101.58,200.49,93.07,18.73,85.63,NA,NA,3.00,29.03,NA,NA,NA,NA,NA,NA,NA,NA,NA,NA,NA,0.00,NA,NA,NA
2025-04-28 01:00:00,93.34,202.81,88.29,19.08,81.93,NA,NA,5.41,18.78,NA,NA,NA,NA,NA,NA,NA,NA,NA,NA,NA,0.00,NA,NA,NA
2025-04-28 02:00:00,78.34,174.99,83.86,19.89,78.76,NA,NA,3.78,17.17,NA,NA,NA,NA,NA,NA,NA,NA,NA,NA,NA,0.00,NA,NA,NA
2025-04-28 03:00:00,68.32,162.72,79.73,20.99,75.98,NA,NA,2.29,16.07,NA,NA,NA,NA,NA,NA,NA,NA,NA,NA,NA,0.00,NA,NA,NA
2025-04-28 04:00:00,78.31,162.77,76.50,22.38,74.10,NA,NA,1.90,16.97,NA,NA,NA,NA,NA,NA,NA,NA,NA,NA,NA,0.00,NA,NA,NA
2025-04-28 05:00:00,78.71,169.24,74.15,23.68,72.88,NA,NA,2.39,16.27,NA,NA,NA,NA,NA,NA,NA,NA,NA,NA,NA,0.00,NA,NA,NA
2025-04-28 06:00:00,66.04,202.91,72.28,25.97,72.58,NA,NA,1.11,16.55,NA,NA,NA,NA,NA,NA,NA,NA,NA,NA,NA,0.00,NA,NA,NA
2025-04-28 07:00:00,89.95,246.25,69.00,25.84,69.84,NA,NA,2.80,25.54,NA,NA,NA,NA,NA,NA,NA,NA,NA,NA,NA,0.00,NA,NA,NA
2025-04-28 08:00:00,137.60,295.46,71.19,22.17,69.67,NA,NA,2.05,45.84,NA,NA,NA,NA,NA,NA,NA,NA,NA,NA,NA,0.00,NA,NA,NA
2025-04-28 09:00:00,134.63,339.24,80.90,18.30,75.50,NA,NA,2.53,66.79,NA,NA,NA,NA,NA,NA,NA,NA,NA,NA,NA,0.00,NA,NA,NA
2025-04-28 10:00:00,164.61,440.15,98.24,16.00,88.38,NA,NA,1.61,78.61,NA,NA,NA,NA,NA,NA,NA,NA,NA,NA,NA,0.00,NA,NA,NA
2025-04-28 11:00:00,173.07,426.67,118.68,14.60,104.25,NA,NA,1.58,84.47,NA,NA,NA,NA,NA,NA,NA,NA,NA,NA,NA,0.00,NA,NA,NA
2025-04-28 12:00:00,170.81,370.38,131.71,12.56,113.76,NA,NA,1.33,22.85,NA,NA,NA,NA,NA,NA,NA,NA,NA,NA,NA,0.00,NA,NA,NA
2025-04-28 13:00:00,146.43,255.70,186.29,5.13,173.27,NA,NA,0.40,143.66,NA,NA,NA,NA,NA,NA,NA,NA,NA,NA,NA,0.00,NA,NA,NA
2025-04-28 14:00:00,37.13,NA,34.15,13.21,34.79,NA,NA,0.37,142.98,NA,NA,NA,NA,NA,NA,NA,NA,NA,NA,NA,0.00,NA,NA,NA
2025-04-28 15:00:00,41.85,NA,17.30,13.30,21.14,NA,NA,1.04,146.60,NA,NA,NA,NA,NA,NA,NA,NA,NA,NA,NA,0.00,NA,NA,NA
2025-04-28 16:00:00,33.23,70.24,10.48,14.70,16.34,NA,NA,0.13,143.00,NA,NA,NA,NA,NA,NA,NA,NA,NA,NA,NA,0.00,NA,NA,NA
2025-04-28 17:00:00,36.97,172.20,6.72,18.99,15.56,NA,NA,4.86,125.23,NA,NA,NA,NA,NA,NA,NA,NA,NA,NA,NA,0.00,NA,NA,NA
2025-04-28 18:00:00,41.50,173.68,4.66,20.83,14.86,NA,NA,1.11,99.06,NA,NA,NA,NA,NA,NA,NA,NA,NA,NA,NA,0.00,NA,NA,NA
2025-04-28 19:00:00,29.14,175.72,2.94,14.12,9.89,NA,NA,1.20,78.24,NA,NA,NA,NA,NA,NA,NA,NA,NA,NA,NA,0.00,NA,NA,NA
2025-04-28 20:00:00,35.83,169.06,2.22,11.40,7.87,NA,NA,1.28,55.43,NA,NA,NA,NA,NA,NA,NA,NA,NA,NA,NA,0.00,NA,NA,NA
2025-04-28 21:00:00,20.61,170.39,2.13,11.27,7.73,NA,NA,1.91,68.90,NA,NA,NA,NA,NA,NA,NA,NA,NA,NA,NA,0.00,NA,NA,NA
2025-04-28 22:00:00,16.11,150.23,2.00,11.02,7.49,NA,NA,2.09,76.25,NA,NA,NA,NA,NA,NA,NA,NA,NA,NA,NA,0.00,NA,NA,NA
2025-04-28 23:00:00,31.47,180.33,2.42,11.26,7.95,NA,NA,1.91,66.10,NA,NA,NA,NA,NA,NA,NA,NA,NA,NA,NA,0.00,NA,NA,NA
2025-04-29 00:00:00,47.64,202.52,3.64,10.67,8.64,NA,NA,1.99,68.25,NA,NA,NA,NA,NA,NA,NA,NA,NA,NA,NA,0.00,NA,NA,NA
2025-04-29 01:00:00,50.22,191.81,2.69,11.27,8.18,NA,NA,1.88,66.70,NA,NA,NA,NA,NA,NA,NA,NA,NA,NA,NA,0.00,NA,NA,NA
2025-04-29 02:00:00,51.39,208.68,1.89,10.60,7.17,NA,NA,2.10,71.14,NA,NA,NA,NA,NA,NA,NA,NA,NA,NA,NA,0.00,NA,NA,NA
2025-04-29 03:00:00,49.78,191.11,1.85,10.93,7.32,NA,NA,2.07,64.34,NA,NA,NA,NA,NA,NA,NA,NA,NA,NA,NA,0.00,NA,NA,NA
2025-04-29 04:00:00,56.39,174.32,1.93,10.43,7.12,NA,NA,2.06,61.47,NA,NA,NA,NA,NA,NA,NA,NA,NA,NA,NA,0.00,NA,NA,NA
2025-04-29 05:00:00,57.06,171.77,1.85,10.12,6.89,NA,NA,2.04,54.26,NA,NA,NA,NA,NA,NA,NA,NA,NA,NA,NA,0.00,NA,NA,NA
2025-04-29 06:00:00,48.57,160.01,1.88,10.66,7.20,NA,NA,2.20,57.77,NA,NA,NA,NA,NA,NA,NA,NA,NA,NA,NA,0.00,NA,NA,NA
2025-04-29 07:00:00,42.89,152.93,1.88,10.52,7.12,NA,NA,2.11,57.59,NA,NA,NA,NA,NA,NA,NA,NA,NA,NA,NA,0.00,NA,NA,NA
2025-04-29 08:00:00,44.34,164.39,1.85,10.25,6.96,NA,NA,2.29,63.55,NA,NA,NA,NA,NA,NA,NA,NA,NA,NA,NA,0.00,NA,NA,NA
2025-04-29 09:00:00,63.07,221.89,1.88,9.90,6.80,NA,NA,2.00,73.24,NA,NA,NA,NA,NA,NA,NA,NA,NA,NA,NA,0.00,NA,NA,NA
2025-04-29 10:00:00,60.54,206.74,1.82,9.52,6.55,NA,NA,2.17,88.95,NA,NA,NA,NA,NA,NA,NA,NA,NA,NA,NA,0.00,NA,NA,NA
2025-04-29 11:00:00,53.42,234.74,1.89,9.54,6.61,NA,NA,2.30,98.28,NA,NA,NA,NA,NA,NA,NA,NA,NA,NA,NA,0.00,NA,NA,NA
2025-04-29 12:00:00,48.41,205.27,1.94,10.36,7.09,NA,NA,2.31,104.47,NA,NA,NA,NA,NA,NA,NA,NA,NA,NA,NA,0.00,NA,NA,NA
2025-04-29 13:00:00,65.39,206.80,2.04,10.65,7.33,NA,NA,1.16,113.25,NA,NA,NA,NA,NA,NA,NA,NA,NA,NA,NA,0.00,NA,NA,NA
2025-04-29 14:00:00,75.89,223.79,2.07,10.34,7.18,NA,NA,0.54,117.54,NA,NA,NA,NA,NA,NA,NA,NA,NA,NA,NA,0.00,NA,NA,NA
2025-04-29 15:00:00,NA,NA,NA,NA,NA,NA,NA,NA,NA,NA,NA,NA,NA,NA,NA,NA,NA,NA,NA,NA,0.00,NA,NA,NA
2025-04-29 16:00:00,NA,NA,NA,NA,NA,NA,NA,NA,NA,NA,NA,NA,NA,NA,NA,NA,NA,NA,NA,NA,0.00,NA,NA,NA
2025-04-29 17:00:00,NA,NA,NA,NA,NA,NA,NA,NA,NA,NA,NA,NA,NA,NA,NA,NA,NA,NA,NA,NA,0.00,NA,NA,NA
2025-04-29 18:00:00,NA,NA,NA,NA,NA,NA,NA,NA,NA,NA,NA,NA,NA,NA,NA,NA,NA,NA,NA,NA,0.00,NA,NA,NA
2025-04-29 19:00:00,NA,NA,NA,NA,NA,NA,NA,NA,NA,NA,NA,NA,NA,NA,NA,NA,NA,NA,NA,NA,0.00,NA,NA,NA
2025-04-29 20:00:00,NA,NA,NA,NA,NA,NA,NA,NA,NA,NA,NA,NA,NA,NA,NA,NA,NA,NA,NA,NA,0.00,NA,NA,NA
2025-04-29 21:00:00,NA,NA,NA,NA,NA,NA,NA,NA,NA,NA,NA,NA,NA,NA,NA,NA,NA,NA,NA,NA,0.00,NA,NA,NA
2025-04-29 22:00:00,NA,NA,NA,NA,NA,NA,NA,NA,NA,NA,NA,NA,NA,NA,NA,NA,NA,NA,NA,NA,0.00,NA,NA,NA
2025-04-29 23:00:00,NA,NA,NA,NA,NA,NA,NA,NA,NA,NA,NA,NA,NA,NA,NA,NA,NA,NA,NA,NA,0.00,NA,NA,NA
2025-04-30 00:00:00,NA,NA,NA,NA,NA,NA,NA,NA,NA,NA,NA,NA,NA,NA,NA,NA,NA,NA,NA,NA,0.00,NA,NA,NA
2025-04-30 01:00:00,NA,NA,NA,NA,NA,NA,NA,NA,NA,NA,NA,NA,NA,NA,NA,NA,NA,NA,NA,NA,0.00,NA,NA,NA
2025-04-30 02:00:00,NA,NA,NA,NA,NA,NA,NA,NA,NA,NA,NA,NA,NA,NA,NA,NA,NA,NA,NA,NA,0.00,NA,NA,NA
2025-04-30 03:00:00,NA,NA,NA,NA,NA,NA,NA,NA,NA,NA,NA,NA,NA,NA,NA,NA,NA,NA,NA,NA,0.00,NA,NA,NA
2025-04-30 04:00:00,NA,NA,NA,NA,NA,NA,NA,NA,NA,NA,NA,NA,NA,NA,NA,NA,NA,NA,NA,NA,0.00,NA,NA,NA
2025-04-30 05:00:00,NA,NA,NA,NA,NA,NA,NA,NA,NA,NA,NA,NA,NA,NA,NA,NA,NA,NA,NA,NA,0.00,NA,NA,NA
2025-04-30 06:00:00,NA,NA,NA,NA,NA,NA,NA,NA,NA,NA,NA,NA,NA,NA,NA,NA,NA,NA,NA,NA,0.00,NA,NA,NA
2025-04-30 07:00:00,NA,NA,NA,NA,NA,NA,NA,NA,NA,NA,NA,NA,NA,NA,NA,NA,NA,NA,NA,NA,0.00,NA,NA,NA
2025-04-30 08:00:00,NA,NA,NA,NA,NA,NA,NA,NA,NA,NA,NA,NA,NA,NA,NA,NA,NA,NA,NA,NA,0.00,NA,NA,NA
2025-04-30 09:00:00,NA,NA,NA,NA,NA,NA,NA,NA,NA,NA,NA,NA,NA,NA,NA,NA,NA,NA,NA,NA,0.00,NA,NA,NA
2025-04-30 10:00:00,NA,NA,NA,NA,NA,NA,NA,NA,NA,NA,NA,NA,NA,NA,NA,NA,NA,NA,NA,NA,0.00,NA,NA,NA
2025-04-30 11:00:00,NA,NA,NA,NA,NA,NA,NA,NA,NA,NA,NA,NA,NA,NA,NA,NA,NA,NA,NA,NA,0.00,NA,NA,NA
2025-04-30 12:00:00,NA,NA,NA,NA,NA,NA,NA,NA,NA,NA,NA,NA,NA,NA,NA,NA,NA,NA,NA,NA,0.00,NA,NA,NA
2025-04-30 13:00:00,72.71,180.67,2.05,8.43,6.16,NA,NA,0.19,114.59,NA,NA,NA,NA,NA,NA,NA,NA,NA,NA,NA,0.00,NA,NA,NA
2025-04-30 14:00:00,76.63,181.53,2.12,8.75,6.38,NA,NA,0.33,117.31,NA,NA,NA,NA,NA,NA,NA,NA,NA,NA,NA,0.00,NA,NA,NA
2025-04-30 15:00:00,76.32,182.95,2.52,11.06,7.93,NA,NA,NA,120.01,NA,NA,NA,NA,NA,NA,NA,NA,NA,NA,NA,0.00,NA,NA,NA
2025-04-30 16:00:00,80.07,187.55,2.76,13.58,9.46,NA,NA,NA,122.09,NA,NA,NA,NA,NA,NA,NA,NA,NA,NA,NA,0.00,NA,NA,NA
2025-04-30 17:00:00,78.86,193.81,2.77,15.39,10.44,NA,NA,NA,118.57,NA,NA,NA,NA,NA,NA,NA,NA,NA,NA,NA,0.00,NA,NA,NA
2025-04-30 18:00:00,62.84,177.87,2.97,22.15,14.20,NA,NA,NA,98.07,NA,NA,NA,NA,NA,NA,NA,NA,NA,NA,NA,0.00,NA,NA,NA
2025-04-30 19:00:00,54.72,163.42,3.09,26.93,16.84,NA,NA,NA,76.45,NA,NA,NA,NA,NA,NA,NA,NA,NA,NA,NA,0.00,NA,NA,NA
2025-04-30 20:00:00,50.86,163.04,2.96,21.84,14.02,NA,NA,NA,87.39,NA,NA,NA,NA,NA,NA,NA,NA,NA,NA,NA,0.00,NA,NA,NA
2025-04-30 21:00:00,47.50,156.45,3.14,20.71,13.57,NA,NA,NA,82.00,NA,NA,NA,NA,NA,NA,NA,NA,NA,NA,NA,0.00,NA,NA,NA
2025-04-30 22:00:00,44.25,135.25,2.85,16.78,11.25,NA,NA,NA,85.05,NA,NA,NA,NA,NA,NA,NA,NA,NA,NA,NA,0.00,NA,NA,NA
2025-04-30 23:00:00,54.03,155.89,2.88,16.83,11.30,NA,NA,NA,77.13,NA,NA,NA,NA,NA,NA,NA,NA,NA,NA,NA,0.00,NA,NA,NA
2025-05-01 00:00:00,62.47,177.24,2.98,19.37,12.73,NA,NA,NA,69.20,NA,NA,NA,NA,NA,NA,NA,NA,NA,NA,NA,0.00,NA,NA,NA
2025-05-01 01:00:00,75.40,175.26,3.00,17.43,11.70,NA,NA,NA,72.16,NA,NA,NA,NA,NA,NA,NA,NA,NA,NA,NA,0.00,NA,NA,NA
2025-05-01 02:00:00,73.55,174.24,2.99,17.40,11.68,NA,NA,NA,70.82,NA,NA,NA,NA,NA,NA,NA,NA,NA,NA,NA,0.00,NA,NA,NA
2025-05-01 03:00:00,67.21,175.05,3.00,14.82,10.32,NA,NA,NA,71.66,NA,NA,NA,NA,NA,NA,NA,NA,NA,NA,NA,0.00,NA,NA,NA
2025-05-01 04:00:00,74.02,189.35,3.00,16.20,11.06,NA,NA,NA,66.87,NA,NA,NA,NA,NA,NA,NA,NA,NA,NA,NA,0.00,NA,NA,NA
2025-05-01 05:00:00,74.46,195.02,3.19,17.25,11.76,NA,NA,NA,61.14,NA,NA,NA,NA,NA,NA,NA,NA,NA,NA,NA,0.00,NA,NA,NA
2025-05-01 06:00:00,70.82,185.51,3.33,18.98,12.80,NA,NA,NA,61.08,NA,NA,NA,NA,NA,NA,NA,NA,NA,NA,NA,0.00,NA,NA,NA
2025-05-01 07:00:00,60.91,223.20,3.60,19.40,13.25,NA,NA,NA,61.50,NA,NA,NA,NA,NA,NA,NA,NA,NA,NA,NA,0.00,NA,NA,NA
2025-05-01 08:00:00,75.01,209.57,3.29,16.13,11.25,NA,NA,NA,70.20,NA,NA,NA,NA,NA,NA,NA,NA,NA,NA,NA,0.00,NA,NA,NA
2025-05-01 09:00:00,73.56,215.93,3.12,15.88,10.98,NA,NA,NA,84.46,NA,NA,NA,NA,NA,NA,NA,NA,NA,NA,NA,0.00,NA,NA,NA
2025-05-01 10:00:00,97.56,228.09,3.00,13.83,9.80,NA,NA,NA,100.72,NA,NA,NA,NA,NA,NA,NA,NA,NA,NA,NA,0.00,NA,NA,NA
2025-05-01 11:00:00,110.90,235.51,2.94,12.71,9.15,NA,NA,0.94,118.43,NA,NA,NA,NA,NA,NA,NA,NA,NA,NA,NA,0.00,NA,NA,NA
2025-05-01 12:00:00,97.96,216.16,2.92,12.14,8.83,NA,NA,1.27,121.12,NA,NA,NA,NA,NA,NA,NA,NA,NA,NA,NA,0.00,NA,NA,NA
2025-05-01 13:00:00,90.63,201.63,2.86,11.63,8.51,NA,NA,1.08,118.06,NA,NA,NA,NA,NA,NA,NA,NA,NA,NA,NA,0.00,NA,NA,NA
2025-05-01 14:00:00,124.13,181.40,2.85,12.08,8.74,NA,NA,1.12,117.47,NA,NA,NA,NA,NA,NA,NA,NA,NA,NA,NA,0.00,NA,NA,NA
2025-05-01 15:00:00,90.66,187.72,2.83,11.58,8.46,NA,NA,1.10,119.93,NA,NA,NA,NA,NA,NA,NA,NA,NA,NA,NA,0.00,NA,NA,NA
2025-05-01 16:00:00,123.44,169.18,2.82,12.07,8.72,NA,NA,1.11,116.99,NA,NA,NA,NA,NA,NA,NA,NA,NA,NA,NA,0.00,NA,NA,NA
2025-05-01 17:00:00,89.04,167.86,3.59,25.95,9.72,NA,NA,1.27,221.57,NA,NA,NA,NA,NA,NA,NA,NA,NA,NA,NA,0.00,NA,NA,NA
2025-05-01 18:00:00,68.85,174.62,3.59,36.21,12.62,NA,NA,1.36,194.04,NA,NA,NA,NA,NA,NA,NA,NA,NA,NA,NA,0.00,NA,NA,NA
2025-05-01 19:00:00,74.68,181.39,3.52,38.01,13.08,NA,NA,1.41,178.17,NA,NA,NA,NA,NA,NA,NA,NA,NA,NA,NA,0.00,NA,NA,NA
2025-05-01 20:00:00,66.10,187.02,3.51,45.77,15.27,NA,NA,1.38,155.35,NA,NA,NA,NA,NA,NA,NA,NA,NA,NA,NA,0.00,NA,NA,NA
2025-05-01 21:00:00,55.66,155.74,3.29,37.67,14.28,NA,NA,1.36,135.05,NA,NA,NA,NA,NA,NA,NA,NA,NA,NA,NA,0.00,NA,NA,NA
2025-05-01 22:00:00,50.72,147.74,2.71,16.90,11.20,NA,NA,1.21,81.65,NA,NA,NA,NA,NA,NA,NA,NA,NA,NA,NA,0.00,NA,NA,NA
2025-05-01 23:00:00,50.28,155.48,2.68,15.82,10.60,NA,NA,1.22,75.28,NA,NA,NA,NA,NA,NA,NA,NA,NA,NA,NA,0.00,NA,NA,NA
2025-05-02 00:00:00,62.58,170.05,2.74,15.63,10.54,NA,NA,1.26,73.28,NA,NA,NA,NA,NA,NA,NA,NA,NA,NA,NA,0.00,NA,NA,NA
2025-05-02 01:00:00,72.74,212.08,2.82,15.15,10.35,NA,NA,1.29,64.77,NA,NA,NA,NA,NA,NA,NA,NA,NA,NA,NA,0.00,NA,NA,NA
2025-05-02 02:00:00,86.13,359.01,3.04,17.85,11.96,NA,NA,1.31,51.18,NA,NA,NA,NA,NA,NA,NA,NA,NA,NA,NA,0.00,NA,NA,NA
2025-05-02 03:00:00,77.66,231.95,2.98,18.06,12.02,NA,NA,1.30,55.14,NA,NA,NA,NA,NA,NA,NA,NA,NA,NA,NA,0.00,NA,NA,NA
2025-05-02 04:00:00,64.40,173.83,2.76,15.31,10.39,NA,NA,1.26,65.15,NA,NA,NA,NA,NA,NA,NA,NA,NA,NA,NA,0.00,NA,NA,NA
2025-05-02 05:00:00,55.78,184.63,2.74,11.39,8.28,NA,NA,1.23,63.68,NA,NA,NA,NA,NA,NA,NA,NA,NA,NA,NA,0.00,NA,NA,NA
2025-05-02 06:00:00,21.49,98.46,2.90,9.57,7.45,NA,NA,1.20,56.19,NA,NA,NA,NA,NA,NA,NA,NA,NA,NA,NA,0.00,NA,NA,NA
2025-05-02 07:00:00,16.73,42.86,2.84,11.28,8.31,NA,NA,1.21,56.48,NA,NA,NA,NA,NA,NA,NA,NA,NA,NA,NA,0.00,NA,NA,NA
2025-05-02 08:00:00,13.22,28.67,2.96,13.28,9.48,NA,NA,1.24,55.53,NA,NA,NA,NA,NA,NA,NA,NA,NA,NA,NA,0.00,NA,NA,NA
2025-05-02 09:00:00,19.84,27.67,3.36,16.47,11.50,NA,NA,1.29,47.63,NA,NA,NA,NA,NA,NA,NA,NA,NA,NA,NA,0.00,NA,NA,NA
2025-05-02 10:00:00,20.47,33.50,3.84,21.71,14.68,NA,NA,1.34,38.07,NA,NA,NA,NA,NA,NA,NA,NA,NA,NA,NA,0.00,NA,NA,NA
2025-05-02 11:00:00,32.79,44.09,3.40,17.50,12.08,NA,NA,1.34,58.40,NA,NA,NA,NA,NA,NA,NA,NA,NA,NA,NA,0.00,NA,NA,NA
2025-05-02 12:00:00,18.66,42.22,3.50,16.21,11.47,NA,NA,1.29,71.22,NA,NA,NA,NA,NA,NA,NA,NA,NA,NA,NA,0.00,NA,NA,NA
2025-05-02 13:00:00,41.66,74.51,3.38,16.71,11.64,NA,NA,NA,78.84,NA,NA,NA,NA,NA,NA,NA,NA,NA,NA,NA,0.00,NA,NA,NA
2025-05-02 14:00:00,39.42,84.01,3.98,17.97,12.80,NA,NA,0.16,77.33,NA,NA,NA,NA,NA,NA,NA,NA,NA,NA,NA,0.00,NA,NA,NA
2025-05-02 15:00:00,63.68,111.73,6.18,18.56,14.90,NA,NA,0.12,88.02,NA,NA,NA,NA,NA,NA,NA,NA,NA,NA,NA,0.00,NA,NA,NA
2025-05-02 16:00:00,71.76,113.84,5.69,16.31,13.30,NA,NA,0.17,93.62,NA,NA,NA,NA,NA,NA,NA,NA,NA,NA,NA,0.00,NA,NA,NA
2025-05-02 17:00:00,40.67,78.23,5.44,19.94,15.02,NA,NA,0.20,77.71,NA,NA,NA,NA,NA,NA,NA,NA,NA,NA,NA,0.00,NA,NA,NA
2025-05-02 18:00:00,15.38,47.31,4.48,22.73,15.73,NA,NA,0.26,51.12,NA,NA,NA,NA,NA,NA,NA,NA,NA,NA,NA,0.00,NA,NA,NA
2025-05-02 19:00:00,14.52,58.64,7.13,36.08,24.99,NA,NA,0.42,21.80,NA,NA,NA,NA,NA,NA,NA,NA,NA,NA,NA,0.00,NA,NA,NA
2025-05-02 20:00:00,15.70,84.25,24.97,38.27,40.66,NA,NA,0.60,13.84,NA,NA,NA,NA,NA,NA,NA,NA,NA,NA,NA,0.00,NA,NA,NA
2025-05-02 21:00:00,26.98,96.99,19.59,37.56,35.90,NA,NA,0.66,13.12,NA,NA,NA,NA,NA,NA,NA,NA,NA,NA,NA,0.00,NA,NA,NA
2025-05-02 22:00:00,37.94,112.47,27.36,35.11,40.92,NA,NA,0.79,14.35,NA,NA,NA,NA,NA,NA,NA,NA,NA,NA,NA,0.00,NA,NA,NA
2025-05-02 23:00:00,43.70,135.03,36.40,34.50,47.95,NA,NA,0.92,13.88,NA,NA,NA,NA,NA,NA,NA,NA,NA,NA,NA,0.00,NA,NA,NA
2025-05-03 00:00:00,56.43,149.50,52.95,30.85,59.46,NA,NA,1.01,14.56,NA,NA,NA,NA,NA,NA,NA,NA,NA,NA,NA,0.00,NA,NA,NA
2025-05-03 01:00:00,72.60,178.02,52.58,28.78,58.06,NA,NA,1.02,14.38,NA,NA,NA,NA,NA,NA,NA,NA,NA,NA,NA,0.00,NA,NA,NA
2025-05-03 02:00:00,64.80,151.63,38.76,29.90,47.42,NA,NA,0.87,18.21,NA,NA,NA,NA,NA,NA,NA,NA,NA,NA,NA,0.00,NA,NA,NA
2025-05-03 03:00:00,69.21,144.32,21.60,27.02,31.93,NA,NA,0.79,16.78,NA,NA,NA,NA,NA,NA,NA,NA,NA,NA,NA,0.00,NA,NA,NA
2025-05-03 04:00:00,70.59,131.71,15.37,24.81,25.69,NA,NA,0.72,16.53,NA,NA,NA,NA,NA,NA,NA,NA,NA,NA,NA,0.00,NA,NA,NA
2025-05-03 05:00:00,73.40,136.50,11.27,19.92,19.76,NA,NA,0.70,16.14,NA,NA,NA,NA,NA,NA,NA,NA,NA,NA,NA,0.00,NA,NA,NA
2025-05-03 06:00:00,56.38,111.70,15.38,21.90,24.15,NA,NA,0.75,19.01,NA,NA,NA,NA,NA,NA,NA,NA,NA,NA,NA,0.00,NA,NA,NA
2025-05-03 07:00:00,80.15,148.94,7.55,29.84,22.01,NA,NA,0.70,17.33,NA,NA,NA,NA,NA,NA,NA,NA,NA,NA,NA,0.00,NA,NA,NA
2025-05-03 08:00:00,90.16,194.87,5.50,27.78,19.25,NA,NA,0.67,24.95,NA,NA,NA,NA,NA,NA,NA,NA,NA,NA,NA,0.00,NA,NA,NA
2025-05-03 09:00:00,69.88,168.30,5.60,33.50,22.37,NA,NA,0.57,46.92,NA,NA,NA,NA,NA,NA,NA,NA,NA,NA,NA,0.00,NA,NA,NA
2025-05-03 10:00:00,73.55,163.96,3.98,20.44,14.11,NA,NA,0.57,65.80,NA,NA,NA,NA,NA,NA,NA,NA,NA,NA,NA,0.00,NA,NA,NA
2025-05-03 11:00:00,72.82,178.26,4.09,22.36,15.22,NA,NA,0.61,84.61,NA,NA,NA,NA,NA,NA,NA,NA,NA,NA,NA,0.00,NA,NA,NA
2025-05-03 12:00:00,73.94,189.01,3.62,19.81,13.47,NA,NA,0.55,88.23,NA,NA,NA,NA,NA,NA,NA,NA,NA,NA,NA,0.00,NA,NA,NA
2025-05-03 13:00:00,22.55,122.86,3.24,15.14,10.69,NA,NA,0.48,92.87,NA,NA,NA,NA,NA,NA,NA,NA,NA,NA,NA,0.00,NA,NA,NA
2025-05-03 14:00:00,49.41,116.60,3.20,15.83,11.03,NA,NA,0.46,108.79,NA,NA,NA,NA,NA,NA,NA,NA,NA,NA,NA,0.00,NA,NA,NA
2025-05-03 15:00:00,53.08,138.21,3.37,18.21,12.42,NA,NA,0.46,114.85,NA,NA,NA,NA,NA,NA,NA,NA,NA,NA,NA,0.00,NA,NA,NA
2025-05-03 16:00:00,53.02,138.98,3.29,18.88,12.72,NA,NA,0.47,97.55,NA,NA,NA,NA,NA,NA,NA,NA,NA,NA,NA,0.00,NA,NA,NA
2025-05-03 17:00:00,51.52,128.55,3.42,21.66,14.30,NA,NA,0.51,64.11,NA,NA,NA,NA,NA,NA,NA,NA,NA,NA,NA,0.00,NA,NA,NA
2025-05-03 18:00:00,41.94,134.83,3.57,30.14,18.93,NA,NA,0.55,45.20,NA,NA,NA,NA,NA,NA,NA,NA,NA,NA,NA,0.00,NA,NA,NA
2025-05-03 19:00:00,42.95,141.38,3.72,38.91,23.72,NA,NA,0.64,35.96,NA,NA,NA,NA,NA,NA,NA,NA,NA,NA,NA,0.00,NA,NA,NA
2025-05-03 20:00:00,60.60,207.50,3.62,37.25,22.76,NA,NA,0.70,53.27,NA,NA,NA,NA,NA,NA,NA,NA,NA,NA,NA,0.00,NA,NA,NA
2025-05-03 21:00:00,93.26,213.76,3.53,26.80,17.12,NA,NA,0.66,61.19,NA,NA,NA,NA,NA,NA,NA,NA,NA,NA,NA,0.00,NA,NA,NA
2025-05-03 22:00:00,85.14,183.24,4.03,27.26,17.79,NA,NA,0.70,34.62,NA,NA,NA,NA,NA,NA,NA,NA,NA,NA,NA,0.00,NA,NA,NA
2025-05-03 23:00:00,78.87,170.54,4.32,39.00,24.26,NA,NA,0.75,18.96,NA,NA,NA,NA,NA,NA,NA,NA,NA,NA,NA,0.00,NA,NA,NA
2025-05-04 00:00:00,76.12,160.51,6.87,35.32,24.36,NA,NA,0.79,16.04,NA,NA,NA,NA,NA,NA,NA,NA,NA,NA,NA,0.00,NA,NA,NA
2025-05-04 01:00:00,86.90,172.73,12.41,40.09,31.42,NA,NA,0.81,14.41,NA,NA,NA,NA,NA,NA,NA,NA,NA,NA,NA,0.00,NA,NA,NA
2025-05-04 02:00:00,83.92,159.46,11.82,41.48,31.67,NA,NA,0.81,14.88,NA,NA,NA,NA,NA,NA,NA,NA,NA,NA,NA,0.00,NA,NA,NA
2025-05-04 03:00:00,85.81,172.76,18.96,41.12,37.30,NA,NA,0.84,14.08,NA,NA,NA,NA,NA,NA,NA,NA,NA,NA,NA,0.00,NA,NA,NA
2025-05-04 04:00:00,77.30,173.20,20.31,41.03,38.33,NA,NA,0.92,15.58,NA,NA,NA,NA,NA,NA,NA,NA,NA,NA,NA,0.00,NA,NA,NA
2025-05-04 05:00:00,97.72,202.75,22.87,35.08,37.26,NA,NA,0.96,15.45,NA,NA,NA,NA,NA,NA,NA,NA,NA,NA,NA,0.00,NA,NA,NA
2025-05-04 06:00:00,117.69,235.93,24.16,36.42,39.01,NA,NA,0.96,19.16,NA,NA,NA,NA,NA,NA,NA,NA,NA,NA,NA,0.00,NA,NA,NA
2025-05-04 07:00:00,137.80,267.01,10.78,43.19,31.74,NA,NA,0.95,18.00,NA,NA,NA,NA,NA,NA,NA,NA,NA,NA,NA,0.00,NA,NA,NA
2025-05-04 08:00:00,141.80,269.03,6.95,42.38,28.19,NA,NA,0.92,37.65,NA,NA,NA,NA,NA,NA,NA,NA,NA,NA,NA,0.00,NA,NA,NA
2025-05-04 09:00:00,73.35,209.21,4.28,27.85,18.30,NA,NA,0.74,66.43,NA,NA,NA,NA,NA,NA,NA,NA,NA,NA,NA,0.00,NA,NA,NA
2025-05-04 10:00:00,75.30,222.24,3.77,24.33,16.01,NA,NA,0.74,96.43,NA,NA,NA,NA,NA,NA,NA,NA,NA,NA,NA,0.00,NA,NA,NA
2025-05-04 11:00:00,142.84,287.06,3.45,24.21,15.68,NA,NA,0.77,127.54,NA,NA,NA,NA,NA,NA,NA,NA,NA,NA,NA,0.00,NA,NA,NA
2025-05-04 12:00:00,86.02,179.11,3.30,17.13,11.80,NA,NA,0.62,113.99,NA,NA,NA,NA,NA,NA,NA,NA,NA,NA,NA,0.00,NA,NA,NA
2025-05-04 13:00:00,47.79,101.55,3.10,15.98,11.01,NA,NA,0.62,140.67,NA,NA,NA,NA,NA,NA,NA,NA,NA,NA,NA,0.00,NA,NA,NA
2025-05-04 14:00:00,54.25,125.92,3.20,14.57,10.35,NA,NA,0.58,117.45,NA,NA,NA,NA,NA,NA,NA,NA,NA,NA,NA,0.00,NA,NA,NA
2025-05-04 15:00:00,32.45,100.09,3.47,10.45,8.38,NA,NA,0.56,101.14,NA,NA,NA,NA,NA,NA,NA,NA,NA,NA,NA,0.00,NA,NA,NA
2025-05-04 16:00:00,43.74,107.70,3.27,4.81,5.22,NA,NA,0.60,113.58,NA,NA,NA,NA,NA,NA,NA,NA,NA,NA,NA,0.00,NA,NA,NA
2025-05-04 17:00:00,49.11,127.30,2.54,4.84,4.64,NA,NA,0.52,111.20,NA,NA,NA,NA,NA,NA,NA,NA,NA,NA,NA,0.00,NA,NA,NA
2025-05-04 18:00:00,42.43,125.50,2.52,4.85,4.63,NA,NA,0.57,85.42,NA,NA,NA,NA,NA,NA,NA,NA,NA,NA,NA,0.00,NA,NA,NA
2025-05-04 19:00:00,34.10,134.68,2.58,4.76,4.64,NA,NA,0.77,62.31,NA,NA,NA,NA,NA,NA,NA,NA,NA,NA,NA,0.00,NA,NA,NA
2025-05-04 20:00:00,40.88,128.72,2.68,4.88,4.78,NA,NA,0.68,37.78,NA,NA,NA,NA,NA,NA,NA,NA,NA,NA,NA,0.00,NA,NA,NA
2025-05-04 21:00:00,53.96,176.80,2.89,4.78,4.89,NA,NA,0.57,70.54,NA,NA,NA,NA,NA,NA,NA,NA,NA,NA,NA,0.00,NA,NA,NA
2025-05-04 22:00:00,47.02,138.75,2.68,4.85,4.76,NA,NA,0.57,62.91,NA,NA,NA,NA,NA,NA,NA,NA,NA,NA,NA,0.00,NA,NA,NA
2025-05-04 23:00:00,57.34,140.98,2.49,4.76,4.55,NA,NA,0.57,57.45,NA,NA,NA,NA,NA,NA,NA,NA,NA,NA,NA,0.00,NA,NA,NA
2025-05-05 00:00:00,58.92,155.14,2.47,4.80,4.56,NA,NA,0.55,61.30,NA,NA,NA,NA,NA,NA,NA,NA,NA,NA,NA,0.00,NA,NA,NA
2025-05-05 01:00:00,50.66,NA,2.68,4.79,4.73,NA,NA,0.53,70.24,NA,NA,NA,NA,NA,NA,NA,NA,NA,NA,NA,0.00,NA,NA,NA
2025-05-05 02:00:00,40.71,NA,2.68,4.86,4.77,NA,NA,0.52,68.98,NA,NA,NA,NA,NA,NA,NA,NA,NA,NA,NA,0.00,NA,NA,NA
2025-05-05 03:00:00,32.84,NA,2.58,4.88,4.69,NA,NA,0.50,70.42,NA,NA,NA,NA,NA,NA,NA,NA,NA,NA,NA,0.00,NA,NA,NA
2025-05-05 04:00:00,26.28,NA,2.56,4.80,4.63,NA,NA,0.49,66.32,NA,NA,NA,NA,NA,NA,NA,NA,NA,NA,NA,0.00,NA,NA,NA
2025-05-05 05:00:00,29.06,NA,2.53,4.80,4.60,NA,NA,0.50,57.70,NA,NA,NA,NA,NA,NA,NA,NA,NA,NA,NA,0.00,NA,NA,NA
2025-05-05 06:00:00,26.42,NA,2.45,4.76,4.52,NA,NA,0.51,45.34,NA,NA,NA,NA,NA,NA,NA,NA,NA,NA,NA,0.00,NA,NA,NA
2025-05-05 07:00:00,26.90,NA,2.46,4.78,4.54,NA,NA,0.54,60.17,NA,NA,NA,NA,NA,NA,NA,NA,NA,NA,NA,0.00,NA,NA,NA
2025-05-05 08:00:00,25.20,NA,2.41,4.86,4.54,NA,NA,0.55,65.77,NA,NA,NA,NA,NA,NA,NA,NA,NA,NA,NA,0.00,NA,NA,NA
2025-05-05 09:00:00,44.06,NA,2.39,4.90,4.56,NA,NA,0.57,70.51,NA,NA,NA,NA,NA,NA,NA,NA,NA,NA,NA,0.00,NA,NA,NA
2025-05-05 10:00:00,29.44,NA,2.72,4.84,4.78,NA,NA,0.54,80.38,NA,NA,NA,NA,NA,NA,NA,NA,NA,NA,NA,0.00,NA,NA,NA
2025-05-05 11:00:00,37.97,187.69,6.62,50.93,33.64,NA,NA,0.52,85.58,NA,NA,NA,NA,NA,NA,NA,NA,NA,NA,NA,0.00,NA,NA,NA
2025-05-05 12:00:00,52.17,155.48,4.92,18.52,13.85,NA,NA,0.50,90.22,NA,NA,NA,NA,NA,NA,NA,NA,NA,NA,NA,0.00,NA,NA,NA
2025-05-05 13:00:00,57.61,133.68,5.43,18.50,14.25,NA,NA,0.51,89.92,NA,NA,NA,NA,NA,NA,NA,NA,NA,NA,NA,0.00,NA,NA,NA
2025-05-05 14:00:00,43.56,114.32,6.03,23.15,17.22,NA,NA,0.54,85.83,NA,NA,NA,NA,NA,NA,NA,NA,NA,NA,NA,0.00,NA,NA,NA
2025-05-05 15:00:00,84.56,164.03,6.39,22.89,17.37,NA,NA,0.54,86.34,NA,NA,NA,NA,NA,NA,NA,NA,NA,NA,NA,0.00,NA,NA,NA
2025-05-05 16:00:00,39.74,98.56,6.12,22.92,17.17,NA,NA,0.54,77.09,NA,NA,NA,NA,NA,NA,NA,NA,NA,NA,NA,0.00,NA,NA,NA
2025-05-05 17:00:00,29.66,76.30,5.84,27.03,19.13,NA,NA,0.56,80.05,NA,NA,NA,NA,NA,NA,NA,NA,NA,NA,NA,0.00,NA,NA,NA
2025-05-05 18:00:00,41.48,120.24,5.60,27.64,19.26,NA,NA,0.60,74.85,NA,NA,NA,NA,NA,NA,NA,NA,NA,NA,NA,0.00,NA,NA,NA
2025-05-05 19:00:00,40.61,112.78,3.84,32.01,20.15,NA,NA,0.66,53.06,NA,NA,NA,NA,NA,NA,NA,NA,NA,NA,NA,0.00,NA,NA,NA
2025-05-05 20:00:00,30.15,116.84,3.20,33.34,20.34,NA,NA,0.68,40.23,NA,NA,NA,NA,NA,NA,NA,NA,NA,NA,NA,0.00,NA,NA,NA
2025-05-05 21:00:00,34.55,117.88,3.36,33.48,20.53,NA,NA,0.72,31.05,NA,NA,NA,NA,NA,NA,NA,NA,NA,NA,NA,0.00,NA,NA,NA
2025-05-05 22:00:00,48.77,137.42,3.88,34.34,21.42,NA,NA,0.78,24.66,NA,NA,NA,NA,NA,NA,NA,NA,NA,NA,NA,0.00,NA,NA,NA
2025-05-05 23:00:00,55.92,150.66,3.98,31.36,19.92,NA,NA,0.80,21.53,NA,NA,NA,NA,NA,NA,NA,NA,NA,NA,NA,0.00,NA,NA,NA
2025-05-06 00:00:00,70.16,160.07,3.68,31.01,19.49,NA,NA,0.76,22.10,NA,NA,NA,NA,NA,NA,NA,NA,NA,NA,NA,0.00,NA,NA,NA
2025-05-06 01:00:00,68.00,133.50,3.42,21.76,14.36,NA,NA,0.68,38.03,NA,NA,NA,NA,NA,NA,NA,NA,NA,NA,NA,0.00,NA,NA,NA
2025-05-06 02:00:00,81.84,161.67,3.09,17.39,11.76,NA,NA,0.71,39.10,NA,NA,NA,NA,NA,NA,NA,NA,NA,NA,NA,0.00,NA,NA,NA
2025-05-06 03:00:00,71.99,136.11,3.11,17.18,11.67,NA,NA,0.67,35.91,NA,NA,NA,NA,NA,NA,NA,NA,NA,NA,NA,0.00,NA,NA,NA
2025-05-06 04:00:00,55.50,93.12,3.10,19.24,12.75,NA,NA,0.68,24.80,NA,NA,NA,NA,NA,NA,NA,NA,NA,NA,NA,0.00,NA,NA,NA
2025-05-06 05:00:00,25.54,62.93,4.04,28.81,18.61,NA,NA,0.67,18.29,NA,NA,NA,NA,NA,NA,NA,NA,NA,NA,NA,0.00,NA,NA,NA
2025-05-06 06:00:00,33.51,85.32,5.88,29.01,20.21,NA,NA,0.69,18.40,NA,NA,NA,NA,NA,NA,NA,NA,NA,NA,NA,0.00,NA,NA,NA
2025-05-06 07:00:00,48.80,107.93,6.37,27.61,19.86,NA,NA,0.72,26.41,NA,NA,NA,NA,NA,NA,NA,NA,NA,NA,NA,0.00,NA,NA,NA
2025-05-06 08:00:00,50.04,138.86,4.60,21.34,15.08,NA,NA,0.68,49.44,NA,NA,NA,NA,NA,NA,NA,NA,NA,NA,NA,0.00,NA,NA,NA
2025-05-06 09:00:00,45.24,154.02,3.73,20.64,14.01,NA,NA,0.66,70.79,NA,NA,NA,NA,NA,NA,NA,NA,NA,NA,NA,0.00,NA,NA,NA
2025-05-06 10:00:00,41.37,146.86,3.20,19.54,13.00,NA,NA,0.67,95.14,NA,NA,NA,NA,NA,NA,NA,NA,NA,NA,NA,0.00,NA,NA,NA
2025-05-06 11:00:00,44.26,139.43,2.83,15.18,10.38,NA,NA,0.62,100.14,NA,NA,NA,NA,NA,NA,NA,NA,NA,NA,NA,0.00,NA,NA,NA
2025-05-06 12:00:00,18.22,97.25,2.62,13.38,9.25,NA,NA,0.57,105.70,NA,NA,NA,NA,NA,NA,NA,NA,NA,NA,NA,0.00,NA,NA,NA
2025-05-06 13:00:00,35.33,102.45,2.66,13.36,9.27,NA,NA,0.54,108.04,NA,NA,NA,NA,NA,NA,NA,NA,NA,NA,NA,0.00,NA,NA,NA
2025-05-06 14:00:00,32.54,94.10,3.00,12.94,9.32,NA,NA,0.55,111.75,NA,NA,NA,NA,NA,NA,NA,NA,NA,NA,NA,0.00,NA,NA,NA
2025-05-06 15:00:00,40.08,98.62,2.79,12.38,8.85,NA,NA,0.56,109.98,NA,NA,NA,NA,NA,NA,NA,NA,NA,NA,NA,0.00,NA,NA,NA
2025-05-06 16:00:00,35.94,96.46,2.75,12.40,8.83,NA,NA,0.57,104.97,NA,NA,NA,NA,NA,NA,NA,NA,NA,NA,NA,0.00,NA,NA,NA
2025-05-06 17:00:00,39.45,87.54,2.78,14.99,10.23,NA,NA,0.57,103.28,NA,NA,NA,NA,NA,NA,NA,NA,NA,NA,NA,0.00,NA,NA,NA
2025-05-06 18:00:00,46.68,104.86,2.95,23.00,14.64,NA,NA,0.62,92.02,NA,NA,NA,NA,NA,NA,NA,NA,NA,NA,NA,0.00,NA,NA,NA
2025-05-06 19:00:00,39.75,109.16,2.84,24.57,15.38,NA,NA,0.66,72.38,NA,NA,NA,NA,NA,NA,NA,NA,NA,NA,NA,0.00,NA,NA,NA
2025-05-06 20:00:00,44.50,116.76,3.00,34.86,20.98,NA,NA,0.74,40.95,NA,NA,NA,NA,NA,NA,NA,NA,NA,NA,NA,0.00,NA,NA,NA
2025-05-06 21:00:00,51.54,132.76,6.34,46.04,29.66,NA,NA,0.82,21.02,NA,NA,NA,NA,NA,NA,NA,NA,NA,NA,NA,0.00,NA,NA,NA
2025-05-06 22:00:00,60.74,149.88,10.08,44.86,32.05,NA,NA,0.94,14.37,NA,NA,NA,NA,NA,NA,NA,NA,NA,NA,NA,0.00,NA,NA,NA
2025-05-06 23:00:00,55.48,148.38,3.41,21.65,14.28,NA,NA,0.73,55.08,NA,NA,NA,NA,NA,NA,NA,NA,NA,NA,NA,0.00,NA,NA,NA
2025-05-07 00:00:00,50.99,124.06,3.44,16.36,11.49,NA,NA,0.69,58.40,NA,NA,NA,NA,NA,NA,NA,NA,NA,NA,NA,0.00,NA,NA,NA
2025-05-07 01:00:00,56.11,113.86,3.34,15.82,11.14,NA,NA,0.70,52.98,NA,NA,NA,NA,NA,NA,NA,NA,NA,NA,NA,0.00,NA,NA,NA
2025-05-07 02:00:00,68.62,129.57,3.48,19.75,13.33,NA,NA,0.71,40.53,NA,NA,NA,NA,NA,NA,NA,NA,NA,NA,NA,0.00,NA,NA,NA
2025-05-07 03:00:00,57.04,111.32,3.20,19.92,13.20,NA,NA,0.70,42.12,NA,NA,NA,NA,NA,NA,NA,NA,NA,NA,NA,0.00,NA,NA,NA
2025-05-07 04:00:00,52.56,117.89,3.36,17.65,12.12,NA,NA,0.68,48.47,NA,NA,NA,NA,NA,NA,NA,NA,NA,NA,NA,0.00,NA,NA,NA
2025-05-07 05:00:00,65.36,115.69,3.62,17.27,12.13,NA,NA,0.69,48.12,NA,NA,NA,NA,NA,NA,NA,NA,NA,NA,NA,0.00,NA,NA,NA
2025-05-07 06:00:00,46.52,111.89,3.70,18.62,12.92,NA,NA,0.70,48.09,NA,NA,NA,NA,NA,NA,NA,NA,NA,NA,NA,0.00,NA,NA,NA
2025-05-07 07:00:00,55.16,113.39,3.66,17.77,12.43,NA,NA,0.70,52.74,NA,NA,NA,NA,NA,NA,NA,NA,NA,NA,NA,0.00,NA,NA,NA
2025-05-07 08:00:00,48.91,105.45,3.68,16.73,11.89,NA,NA,0.71,60.55,NA,NA,NA,NA,NA,NA,NA,NA,NA,NA,NA,0.00,NA,NA,NA
2025-05-07 09:00:00,54.52,132.20,3.90,17.59,12.52,NA,NA,0.72,68.68,NA,NA,NA,NA,NA,NA,NA,NA,NA,NA,NA,0.00,NA,NA,NA
2025-05-07 10:00:00,55.15,155.29,3.50,16.66,11.71,NA,NA,0.72,95.67,NA,NA,NA,NA,NA,NA,NA,NA,NA,NA,NA,0.00,NA,NA,NA
2025-05-07 11:00:00,67.19,154.79,3.06,14.47,10.18,NA,NA,0.68,112.52,NA,NA,NA,NA,NA,NA,NA,NA,NA,NA,NA,0.00,NA,NA,NA
2025-05-07 12:00:00,57.80,132.64,4.89,13.58,11.19,NA,NA,0.62,124.47,NA,NA,NA,NA,NA,NA,NA,NA,NA,NA,NA,0.00,NA,NA,NA
2025-05-07 13:00:00,58.17,128.05,5.28,13.01,11.21,NA,NA,0.62,121.02,NA,NA,NA,NA,NA,NA,NA,NA,NA,NA,NA,0.00,NA,NA,NA
2025-05-07 14:00:00,39.01,118.82,4.77,12.49,10.52,NA,NA,0.60,111.78,NA,NA,NA,NA,NA,NA,NA,NA,NA,NA,NA,0.00,NA,NA,NA
2025-05-07 15:00:00,44.98,120.24,3.88,15.21,11.24,NA,NA,0.64,106.99,NA,NA,NA,NA,NA,NA,NA,NA,NA,NA,NA,0.00,NA,NA,NA
2025-05-07 16:00:00,51.50,128.07,3.18,17.81,12.06,NA,NA,0.68,92.22,NA,NA,NA,NA,NA,NA,NA,NA,NA,NA,NA,0.00,NA,NA,NA
2025-05-07 17:00:00,39.40,121.83,3.25,15.76,11.02,NA,NA,0.66,84.91,NA,NA,NA,NA,NA,NA,NA,NA,NA,NA,NA,0.00,NA,NA,NA
2025-05-07 18:00:00,28.12,87.80,3.00,18.52,12.30,NA,NA,0.68,78.54,NA,NA,NA,NA,NA,NA,NA,NA,NA,NA,NA,0.00,NA,NA,NA
2025-05-07 19:00:00,33.68,81.78,3.26,27.14,17.09,NA,NA,0.72,48.51,NA,NA,NA,NA,NA,NA,NA,NA,NA,NA,NA,0.00,NA,NA,NA
2025-05-07 20:00:00,45.59,95.02,12.72,46.86,35.29,NA,NA,0.92,19.57,NA,NA,NA,NA,NA,NA,NA,NA,NA,NA,NA,0.00,NA,NA,NA
2025-05-07 21:00:00,56.38,114.69,18.63,47.16,40.24,NA,NA,1.05,18.49,NA,NA,NA,NA,NA,NA,NA,NA,NA,NA,NA,0.00,NA,NA,NA
2025-05-07 22:00:00,51.36,122.39,22.81,46.62,43.34,NA,NA,1.15,14.76,NA,NA,NA,NA,NA,NA,NA,NA,NA,NA,NA,0.00,NA,NA,NA
2025-05-07 23:00:00,63.54,130.20,22.92,44.00,42.04,NA,NA,1.19,13.25,NA,NA,NA,NA,NA,NA,NA,NA,NA,NA,NA,0.00,NA,NA,NA
2025-05-08 00:00:00,68.34,149.92,26.52,40.06,42.86,NA,NA,1.17,15.68,NA,NA,NA,NA,NA,NA,NA,NA,NA,NA,NA,0.00,NA,NA,NA
2025-05-08 01:00:00,82.12,159.01,37.38,38.64,50.95,NA,NA,1.23,17.04,NA,NA,NA,NA,NA,NA,NA,NA,NA,NA,NA,0.00,NA,NA,NA
2025-05-08 02:00:00,76.49,164.65,45.54,38.22,57.36,NA,NA,1.23,23.52,NA,NA,NA,NA,NA,NA,NA,NA,NA,NA,NA,0.00,NA,NA,NA
2025-05-08 03:00:00,86.72,174.08,38.20,36.01,50.20,NA,NA,1.17,22.19,NA,NA,NA,NA,NA,NA,NA,NA,NA,NA,NA,0.00,NA,NA,NA
2025-05-08 04:00:00,85.97,170.92,29.28,35.80,42.83,NA,NA,1.09,18.16,NA,NA,NA,NA,NA,NA,NA,NA,NA,NA,NA,0.00,NA,NA,NA
2025-05-08 05:00:00,97.78,164.59,14.20,35.41,30.38,NA,NA,1.00,15.87,NA,NA,NA,NA,NA,NA,NA,NA,NA,NA,NA,0.00,NA,NA,NA
2025-05-08 06:00:00,107.22,177.61,14.82,33.68,29.96,NA,NA,0.99,14.99,NA,NA,NA,NA,NA,NA,NA,NA,NA,NA,NA,0.00,NA,NA,NA
2025-05-08 07:00:00,153.24,276.72,9.13,33.68,25.34,NA,NA,0.99,19.05,NA,NA,NA,NA,NA,NA,NA,NA,NA,NA,NA,0.00,NA,NA,NA
2025-05-08 08:00:00,112.26,239.74,6.34,30.52,21.38,NA,NA,0.95,31.26,NA,NA,NA,NA,NA,NA,NA,NA,NA,NA,NA,0.00,NA,NA,NA
2025-05-08 09:00:00,66.32,170.32,4.81,25.40,17.42,NA,NA,0.90,59.64,NA,NA,NA,NA,NA,NA,NA,NA,NA,NA,NA,0.00,NA,NA,NA
2025-05-08 10:00:00,50.34,146.70,3.54,17.68,12.28,NA,NA,0.79,93.57,NA,NA,NA,NA,NA,NA,NA,NA,NA,NA,NA,0.00,NA,NA,NA
2025-05-08 11:00:00,59.65,132.84,4.32,15.36,11.68,NA,NA,0.65,97.34,NA,NA,NA,NA,NA,NA,NA,NA,NA,NA,NA,0.00,NA,NA,NA
2025-05-08 12:00:00,72.46,148.02,5.77,13.96,12.12,NA,NA,0.60,NA,NA,NA,NA,NA,NA,NA,NA,NA,NA,NA,NA,0.00,NA,NA,NA
2025-05-08 13:00:00,114.77,194.95,6.10,14.30,12.57,NA,NA,0.64,NA,NA,NA,NA,NA,NA,NA,NA,NA,NA,NA,NA,0.00,NA,NA,NA
2025-05-08 14:00:00,84.49,142.28,5.45,13.11,11.40,NA,NA,0.55,93.88,NA,NA,NA,NA,NA,NA,NA,NA,NA,NA,NA,0.00,NA,NA,NA
2025-05-08 15:00:00,53.36,103.28,6.42,12.40,11.81,NA,NA,0.53,92.96,NA,NA,NA,NA,NA,NA,NA,NA,NA,NA,NA,0.00,NA,NA,NA
2025-05-08 16:00:00,53.67,100.14,6.77,14.01,12.96,NA,NA,0.52,108.16,NA,NA,NA,NA,NA,NA,NA,NA,NA,NA,NA,0.00,NA,NA,NA
2025-05-08 17:00:00,62.58,133.37,8.09,16.17,15.18,NA,NA,0.60,106.33,NA,NA,NA,NA,NA,NA,NA,NA,NA,NA,NA,0.00,NA,NA,NA
2025-05-08 18:00:00,48.03,109.97,6.32,20.42,16.00,NA,NA,0.66,88.69,NA,NA,NA,NA,NA,NA,NA,NA,NA,NA,NA,0.00,NA,NA,NA
2025-05-08 19:00:00,18.74,66.11,5.23,29.58,19.98,NA,NA,0.76,58.94,NA,NA,NA,NA,NA,NA,NA,NA,NA,NA,NA,0.00,NA,NA,NA
2025-05-08 20:00:00,22.49,99.66,5.87,47.23,29.90,NA,NA,0.97,29.85,NA,NA,NA,NA,NA,NA,NA,NA,NA,NA,NA,0.00,NA,NA,NA
2025-05-08 21:00:00,46.49,138.79,14.26,47.96,37.10,NA,NA,1.06,27.11,NA,NA,NA,NA,NA,NA,NA,NA,NA,NA,NA,0.00,NA,NA,NA
2025-05-08 22:00:00,65.10,189.55,18.87,47.54,40.63,NA,NA,1.16,24.90,NA,NA,NA,NA,NA,NA,NA,NA,NA,NA,NA,0.00,NA,NA,NA
2025-05-08 23:00:00,83.46,216.63,17.44,44.26,37.72,NA,NA,1.23,25.13,NA,NA,NA,NA,NA,NA,NA,NA,NA,NA,NA,0.00,NA,NA,NA
2025-05-09 00:00:00,104.02,250.31,11.27,40.41,30.66,NA,NA,1.11,26.25,NA,NA,NA,NA,NA,NA,NA,NA,NA,NA,NA,0.00,NA,NA,NA
2025-05-09 01:00:00,119.21,230.14,4.60,32.28,20.91,NA,NA,0.93,30.30,NA,NA,NA,NA,NA,NA,NA,NA,NA,NA,NA,0.00,NA,NA,NA
2025-05-09 02:00:00,77.48,147.16,4.67,31.34,20.46,NA,NA,0.87,29.90,NA,NA,NA,NA,NA,NA,NA,NA,NA,NA,NA,0.00,NA,NA,NA
2025-05-09 03:00:00,63.30,128.77,4.87,29.88,19.86,NA,NA,0.85,26.48,NA,NA,NA,NA,NA,NA,NA,NA,NA,NA,NA,0.00,NA,NA,NA
2025-05-09 04:00:00,65.83,117.53,7.31,31.85,22.88,NA,NA,0.85,26.21,NA,NA,NA,NA,NA,NA,NA,NA,NA,NA,NA,0.00,NA,NA,NA
2025-05-09 05:00:00,66.59,132.15,7.17,29.65,21.60,NA,NA,0.86,25.60,NA,NA,NA,NA,NA,NA,NA,NA,NA,NA,NA,0.00,NA,NA,NA
2025-05-09 06:00:00,68.84,142.28,12.64,29.03,25.72,NA,NA,0.89,26.11,NA,NA,NA,NA,NA,NA,NA,NA,NA,NA,NA,0.00,NA,NA,NA
2025-05-09 07:00:00,78.04,196.43,9.65,28.55,23.03,NA,NA,0.91,28.64,NA,NA,NA,NA,NA,NA,NA,NA,NA,NA,NA,0.00,NA,NA,NA
2025-05-09 08:00:00,71.49,186.54,4.19,19.99,14.04,NA,NA,0.85,56.55,NA,NA,NA,NA,NA,NA,NA,NA,NA,NA,NA,0.00,NA,NA,NA
2025-05-09 09:00:00,79.32,170.11,3.03,16.46,11.21,NA,NA,0.85,77.51,NA,NA,NA,NA,NA,NA,NA,NA,NA,NA,NA,0.00,NA,NA,NA
2025-05-09 10:00:00,52.06,121.88,3.07,17.98,12.06,NA,NA,0.84,84.58,NA,NA,NA,NA,NA,NA,NA,NA,NA,NA,NA,0.00,NA,NA,NA
2025-05-09 11:00:00,45.21,134.28,3.00,16.02,10.96,NA,NA,0.80,103.57,NA,NA,NA,NA,NA,NA,NA,NA,NA,NA,NA,0.00,NA,NA,NA
2025-05-09 12:00:00,28.70,81.86,2.66,12.71,8.93,NA,NA,0.66,96.80,NA,NA,NA,NA,NA,NA,NA,NA,NA,NA,NA,0.00,NA,NA,NA
2025-05-09 13:00:00,35.17,82.33,4.04,11.65,9.48,NA,NA,0.58,99.61,NA,NA,NA,NA,NA,NA,NA,NA,NA,NA,NA,0.00,NA,NA,NA
2025-05-09 14:00:00,33.07,78.33,3.78,11.54,9.21,NA,NA,0.58,97.03,NA,NA,NA,NA,NA,NA,NA,NA,NA,NA,NA,0.00,NA,NA,NA
2025-05-09 15:00:00,30.91,78.97,3.36,12.42,9.34,NA,NA,0.60,96.20,NA,NA,NA,NA,NA,NA,NA,NA,NA,NA,NA,0.00,NA,NA,NA
2025-05-09 16:00:00,43.76,87.30,2.56,14.09,9.57,NA,NA,0.63,94.06,NA,NA,NA,NA,NA,NA,NA,NA,NA,NA,NA,0.00,NA,NA,NA
2025-05-09 17:00:00,47.87,101.06,3.06,16.32,11.17,NA,NA,0.64,82.10,NA,NA,NA,NA,NA,NA,NA,NA,NA,NA,NA,0.00,NA,NA,NA
2025-05-09 18:00:00,36.83,92.58,2.63,19.92,12.73,NA,NA,0.67,68.26,NA,NA,NA,NA,NA,NA,NA,NA,NA,NA,NA,0.00,NA,NA,NA
2025-05-09 19:00:00,35.51,88.22,2.99,32.78,19.87,NA,NA,0.78,47.83,NA,NA,NA,NA,NA,NA,NA,NA,NA,NA,NA,0.00,NA,NA,NA
2025-05-09 20:00:00,35.62,106.37,9.90,45.79,32.40,NA,NA,0.94,25.93,NA,NA,NA,NA,NA,NA,NA,NA,NA,NA,NA,0.00,NA,NA,NA
2025-05-09 21:00:00,50.62,122.91,18.08,46.63,39.50,NA,NA,1.02,25.20,NA,NA,NA,NA,NA,NA,NA,NA,NA,NA,NA,0.00,NA,NA,NA
2025-05-09 22:00:00,37.36,105.66,26.30,47.24,46.51,NA,NA,1.12,25.09,NA,NA,NA,NA,NA,NA,NA,NA,NA,NA,NA,0.00,NA,NA,NA
2025-05-09 23:00:00,50.79,137.48,31.46,44.80,49.41,NA,NA,1.18,25.43,NA,NA,NA,NA,NA,NA,NA,NA,NA,NA,NA,0.00,NA,NA,NA
2025-05-10 00:00:00,60.74,176.13,38.45,43.81,54.57,NA,NA,1.19,24.92,NA,NA,NA,NA,NA,NA,NA,NA,NA,NA,NA,0.00,NA,NA,NA
2025-05-10 01:00:00,76.35,180.15,35.31,42.30,51.20,NA,NA,1.15,24.94,NA,NA,NA,NA,NA,NA,NA,NA,NA,NA,NA,0.00,NA,NA,NA
2025-05-10 02:00:00,76.36,155.05,35.34,40.36,50.19,NA,NA,1.16,25.46,NA,NA,NA,NA,NA,NA,NA,NA,NA,NA,NA,0.00,NA,NA,NA
2025-05-10 03:00:00,82.78,164.31,22.15,39.42,38.98,NA,NA,1.08,24.06,NA,NA,NA,NA,NA,NA,NA,NA,NA,NA,NA,0.00,NA,NA,NA
2025-05-10 04:00:00,96.84,167.68,13.77,37.04,30.89,NA,NA,1.01,25.46,NA,NA,NA,NA,NA,NA,NA,NA,NA,NA,NA,0.00,NA,NA,NA
2025-05-10 05:00:00,95.84,167.00,10.57,35.82,27.65,NA,NA,1.00,24.74,NA,NA,NA,NA,NA,NA,NA,NA,NA,NA,NA,0.00,NA,NA,NA
2025-05-10 06:00:00,110.46,196.30,16.53,35.61,32.38,NA,NA,1.08,27.42,NA,NA,NA,NA,NA,NA,NA,NA,NA,NA,NA,0.00,NA,NA,NA
2025-05-10 07:00:00,132.92,257.20,23.69,45.60,43.51,NA,NA,1.10,25.59,NA,NA,NA,NA,NA,NA,NA,NA,NA,NA,NA,0.00,NA,NA,NA
2025-05-10 08:00:00,151.44,293.13,8.02,44.81,30.35,NA,NA,1.00,49.08,NA,NA,NA,NA,NA,NA,NA,NA,NA,NA,NA,0.00,NA,NA,NA
2025-05-10 09:00:00,99.06,214.39,4.24,35.22,22.17,NA,NA,0.94,88.69,NA,NA,NA,NA,NA,NA,NA,NA,NA,NA,NA,0.00,NA,NA,NA
2025-05-10 10:00:00,46.39,115.35,2.98,21.24,13.72,NA,NA,0.80,119.02,NA,NA,NA,NA,NA,NA,NA,NA,NA,NA,NA,0.00,NA,NA,NA
2025-05-10 11:00:00,67.27,128.68,2.91,15.41,10.56,NA,NA,0.74,128.69,NA,NA,NA,NA,NA,NA,NA,NA,NA,NA,NA,0.00,NA,NA,NA
2025-05-10 12:00:00,84.12,169.43,2.70,14.17,9.73,NA,NA,0.72,88.66,NA,NA,NA,NA,NA,NA,NA,NA,NA,NA,NA,0.00,NA,NA,NA
2025-05-10 13:00:00,51.14,212.31,3.78,20.98,14.24,NA,NA,0.74,67.87,NA,NA,NA,NA,NA,NA,NA,NA,NA,NA,NA,0.00,NA,NA,NA
2025-05-10 14:00:00,31.64,75.79,3.64,22.33,14.84,NA,NA,0.74,86.23,NA,NA,NA,NA,NA,NA,NA,NA,NA,NA,NA,0.00,NA,NA,NA
2025-05-10 15:00:00,83.90,152.81,3.34,17.97,12.28,NA,NA,0.73,86.15,NA,NA,NA,NA,NA,NA,NA,NA,NA,NA,NA,0.00,NA,NA,NA
2025-05-10 16:00:00,43.81,92.19,3.15,20.11,13.26,NA,NA,0.75,88.56,NA,NA,NA,NA,NA,NA,NA,NA,NA,NA,NA,0.00,NA,NA,NA
2025-05-10 17:00:00,35.81,78.71,2.94,21.20,13.66,NA,NA,0.75,94.32,NA,NA,NA,NA,NA,NA,NA,NA,NA,NA,NA,0.00,NA,NA,NA
2025-05-10 18:00:00,50.94,100.45,3.04,22.53,14.46,NA,NA,0.77,75.81,NA,NA,NA,NA,NA,NA,NA,NA,NA,NA,NA,0.00,NA,NA,NA
2025-05-10 19:00:00,75.45,131.82,4.73,39.64,24.94,NA,NA,0.99,38.88,NA,NA,NA,NA,NA,NA,NA,NA,NA,NA,NA,0.00,NA,NA,NA
2025-05-10 20:00:00,51.10,117.90,3.44,30.26,18.88,NA,NA,0.86,58.80,NA,NA,NA,NA,NA,NA,NA,NA,NA,NA,NA,0.00,NA,NA,NA
2025-05-10 21:00:00,57.89,110.21,3.37,23.10,15.03,NA,NA,0.82,53.87,NA,NA,NA,NA,NA,NA,NA,NA,NA,NA,NA,0.00,NA,NA,NA
2025-05-10 22:00:00,67.89,135.44,4.14,29.66,19.14,NA,NA,0.90,30.45,NA,NA,NA,NA,NA,NA,NA,NA,NA,NA,NA,0.00,NA,NA,NA
2025-05-10 23:00:00,68.41,125.92,6.98,32.24,22.83,NA,NA,0.96,25.02,NA,NA,NA,NA,NA,NA,NA,NA,NA,NA,NA,0.00,NA,NA,NA
2025-05-11 00:00:00,63.18,127.92,10.91,34.21,27.07,NA,NA,0.99,24.44,NA,NA,NA,NA,NA,NA,NA,NA,NA,NA,NA,0.00,NA,NA,NA
2025-05-11 01:00:00,68.27,128.80,13.42,33.31,28.63,NA,NA,1.00,25.58,NA,NA,NA,NA,NA,NA,NA,NA,NA,NA,NA,0.00,NA,NA,NA
2025-05-11 02:00:00,65.04,125.02,13.90,29.94,27.22,NA,NA,1.00,24.51,NA,NA,NA,NA,NA,NA,NA,NA,NA,NA,NA,0.00,NA,NA,NA
2025-05-11 03:00:00,66.04,116.01,16.69,28.86,28.93,NA,NA,1.01,25.06,NA,NA,NA,NA,NA,NA,NA,NA,NA,NA,NA,0.00,NA,NA,NA
2025-05-11 04:00:00,69.54,122.33,15.16,29.07,27.77,NA,NA,0.98,24.91,NA,NA,NA,NA,NA,NA,NA,NA,NA,NA,NA,0.00,NA,NA,NA
2025-05-11 05:00:00,54.01,108.31,4.58,26.76,17.95,NA,NA,0.91,25.25,NA,NA,NA,NA,NA,NA,NA,NA,NA,NA,NA,0.00,NA,NA,NA
2025-05-11 06:00:00,41.50,89.41,6.52,24.69,18.44,NA,NA,0.90,27.79,NA,NA,NA,NA,NA,NA,NA,NA,NA,NA,NA,0.00,NA,NA,NA
2025-05-11 07:00:00,53.35,97.61,6.99,29.58,21.42,NA,NA,0.90,32.63,NA,NA,NA,NA,NA,NA,NA,NA,NA,NA,NA,0.00,NA,NA,NA
2025-05-11 08:00:00,67.87,133.74,4.33,22.72,15.61,NA,NA,0.90,59.50,NA,NA,NA,NA,NA,NA,NA,NA,NA,NA,NA,0.00,NA,NA,NA
2025-05-11 09:00:00,75.29,162.56,3.39,19.71,13.24,NA,NA,0.85,92.54,NA,NA,NA,NA,NA,NA,NA,NA,NA,NA,NA,0.00,NA,NA,NA
2025-05-11 10:00:00,54.74,138.15,3.01,16.00,10.96,NA,NA,0.80,112.57,NA,NA,NA,NA,NA,NA,NA,NA,NA,NA,NA,0.00,NA,NA,NA
2025-05-11 11:00:00,55.50,113.72,2.58,15.92,10.56,NA,NA,0.77,124.21,NA,NA,NA,NA,NA,NA,NA,NA,NA,NA,NA,0.00,NA,NA,NA
2025-05-11 12:00:00,45.47,97.75,2.42,15.00,9.94,NA,NA,0.73,126.22,NA,NA,NA,NA,NA,NA,NA,NA,NA,NA,NA,0.00,NA,NA,NA
2025-05-11 13:00:00,43.70,85.30,2.75,13.86,9.60,NA,NA,0.68,117.75,NA,NA,NA,NA,NA,NA,NA,NA,NA,NA,NA,0.00,NA,NA,NA
2025-05-11 14:00:00,36.23,67.62,4.08,13.30,10.39,NA,NA,0.67,120.44,NA,NA,NA,NA,NA,NA,NA,NA,NA,NA,NA,0.00,NA,NA,NA
2025-05-11 15:00:00,41.62,101.72,4.02,12.96,10.16,NA,NA,0.67,123.39,NA,NA,NA,NA,NA,NA,NA,NA,NA,NA,NA,0.00,NA,NA,NA
2025-05-11 16:00:00,44.43,75.15,3.88,13.22,10.19,NA,NA,0.65,113.66,NA,NA,NA,NA,NA,NA,NA,NA,NA,NA,NA,0.00,NA,NA,NA
2025-05-11 17:00:00,42.80,89.42,3.48,15.37,11.00,NA,NA,0.66,107.47,NA,NA,NA,NA,NA,NA,NA,NA,NA,NA,NA,0.00,NA,NA,NA
2025-05-11 18:00:00,58.20,115.70,4.03,26.83,17.55,NA,NA,0.75,78.95,NA,NA,NA,NA,NA,NA,NA,NA,NA,NA,NA,0.00,NA,NA,NA
2025-05-11 19:00:00,57.64,105.33,6.02,51.42,32.24,NA,NA,0.94,32.85,NA,NA,NA,NA,NA,NA,NA,NA,NA,NA,NA,0.00,NA,NA,NA
2025-05-11 20:00:00,43.74,259.17,2.92,18.57,12.25,NA,NA,0.75,86.96,NA,NA,NA,NA,NA,NA,NA,NA,NA,NA,NA,0.00,NA,NA,NA
2025-05-11 21:00:00,34.45,309.16,2.50,13.75,9.35,NA,NA,0.69,96.52,NA,NA,NA,NA,NA,NA,NA,NA,NA,NA,NA,0.00,NA,NA,NA
2025-05-11 22:00:00,29.06,93.50,2.27,13.42,8.98,NA,NA,0.68,96.19,NA,NA,NA,NA,NA,NA,NA,NA,NA,NA,NA,0.00,NA,NA,NA
2025-05-11 23:00:00,21.42,99.12,2.31,14.52,9.60,NA,NA,0.65,90.94,NA,NA,NA,NA,NA,NA,NA,NA,NA,NA,NA,0.00,NA,NA,NA
2025-05-12 00:00:00,19.96,58.41,2.47,20.56,12.94,NA,NA,0.65,74.85,NA,NA,NA,NA,NA,NA,NA,NA,NA,NA,NA,0.00,NA,NA,NA
2025-05-12 01:00:00,20.31,62.02,2.69,16.68,11.06,NA,NA,0.64,78.86,NA,NA,NA,NA,NA,NA,NA,NA,NA,NA,NA,0.00,NA,NA,NA
2025-05-12 02:00:00,40.63,80.99,2.45,13.86,9.36,NA,NA,0.64,76.04,NA,NA,NA,NA,NA,NA,NA,NA,NA,NA,NA,0.00,NA,NA,NA
2025-05-12 03:00:00,40.48,101.20,2.23,13.18,8.83,NA,NA,0.66,77.25,NA,NA,NA,NA,NA,NA,NA,NA,NA,NA,NA,0.00,NA,NA,NA
2025-05-12 04:00:00,41.90,89.38,2.76,17.72,11.67,NA,NA,0.67,60.04,NA,NA,NA,NA,NA,NA,NA,NA,NA,NA,NA,0.00,NA,NA,NA
2025-05-12 05:00:00,46.76,87.59,3.58,26.15,16.83,NA,NA,0.72,37.64,NA,NA,NA,NA,NA,NA,NA,NA,NA,NA,NA,0.00,NA,NA,NA
2025-05-12 06:00:00,40.51,84.86,5.44,30.14,20.45,NA,NA,0.73,31.44,NA,NA,NA,NA,NA,NA,NA,NA,NA,NA,NA,0.00,NA,NA,NA
2025-05-12 07:00:00,44.72,110.06,6.34,30.66,21.46,NA,NA,0.79,35.60,NA,NA,NA,NA,NA,NA,NA,NA,NA,NA,NA,0.00,NA,NA,NA
2025-05-12 08:00:00,31.26,106.46,6.73,35.36,24.28,NA,NA,0.78,50.84,NA,NA,NA,NA,NA,NA,NA,NA,NA,NA,NA,0.00,NA,NA,NA
2025-05-12 09:00:00,52.52,138.25,3.29,25.72,16.36,NA,NA,0.78,94.77,NA,NA,NA,NA,NA,NA,NA,NA,NA,NA,NA,0.00,NA,NA,NA
2025-05-12 10:00:00,64.08,220.63,2.52,17.62,11.42,NA,NA,0.75,114.25,NA,NA,NA,NA,NA,NA,NA,NA,NA,NA,NA,0.00,NA,NA,NA
2025-05-12 11:00:00,56.17,147.99,2.28,14.65,9.65,NA,NA,0.70,127.61,NA,NA,NA,NA,NA,NA,NA,NA,NA,NA,NA,0.00,NA,NA,NA
2025-05-12 12:00:00,53.21,131.37,3.16,13.10,9.52,NA,NA,0.68,121.18,NA,NA,NA,NA,NA,NA,NA,NA,NA,NA,NA,0.00,NA,NA,NA
2025-05-12 13:00:00,32.20,117.51,3.41,11.76,9.03,NA,NA,0.64,112.12,NA,NA,NA,NA,NA,NA,NA,NA,NA,NA,NA,0.00,NA,NA,NA
2025-05-12 14:00:00,42.76,119.85,4.59,11.97,10.10,NA,NA,0.62,122.96,NA,NA,NA,NA,NA,NA,NA,NA,NA,NA,NA,0.00,NA,NA,NA
2025-05-12 15:00:00,62.67,NA,5.64,11.98,10.96,NA,NA,0.62,126.40,NA,NA,NA,NA,NA,NA,NA,NA,NA,NA,NA,0.00,NA,NA,NA
2025-05-12 16:00:00,76.21,161.51,5.77,12.98,11.60,NA,NA,0.62,124.43,NA,NA,NA,NA,NA,NA,NA,NA,NA,NA,NA,0.00,NA,NA,NA
2025-05-12 17:00:00,68.24,168.06,6.09,16.42,13.68,NA,NA,0.67,110.34,NA,NA,NA,NA,NA,NA,NA,NA,NA,NA,NA,0.00,NA,NA,NA
2025-05-12 18:00:00,53.84,135.78,5.62,22.30,16.43,NA,NA,0.74,94.24,NA,NA,NA,NA,NA,NA,NA,NA,NA,NA,NA,0.00,NA,NA,NA
2025-05-12 19:00:00,31.61,116.42,4.89,32.30,21.16,NA,NA,0.86,64.44,NA,NA,NA,NA,NA,NA,NA,NA,NA,NA,NA,0.00,NA,NA,NA
2025-05-12 20:00:00,25.32,103.23,4.98,46.14,28.59,NA,NA,0.99,35.38,NA,NA,NA,NA,NA,NA,NA,NA,NA,NA,NA,0.00,NA,NA,NA
2025-05-12 21:00:00,42.48,124.30,18.72,50.26,41.95,NA,NA,1.12,23.58,NA,NA,NA,NA,NA,NA,NA,NA,NA,NA,NA,0.00,NA,NA,NA
2025-05-12 22:00:00,30.38,175.43,2.34,25.19,15.30,NA,NA,0.77,58.56,NA,NA,NA,NA,NA,NA,NA,NA,NA,NA,NA,0.00,NA,NA,NA
2025-05-12 23:00:00,15.32,105.62,2.14,18.87,11.78,NA,NA,0.71,65.34,NA,NA,NA,NA,NA,NA,NA,NA,NA,NA,NA,0.00,NA,NA,NA
2025-05-13 00:00:00,15.26,89.15,2.11,15.74,10.08,NA,NA,0.69,69.03,NA,NA,NA,NA,NA,NA,NA,NA,NA,NA,NA,0.00,NA,NA,NA
2025-05-13 01:00:00,21.98,98.77,2.20,19.00,11.90,NA,NA,0.71,50.48,NA,NA,NA,NA,NA,NA,NA,NA,NA,NA,NA,0.00,NA,NA,NA
2025-05-13 02:00:00,25.28,104.33,2.23,21.24,13.11,NA,NA,0.68,50.82,NA,NA,NA,NA,NA,NA,NA,NA,NA,NA,NA,0.00,NA,NA,NA
2025-05-13 03:00:00,7.60,76.49,1.98,14.71,9.44,NA,NA,0.64,73.01,NA,NA,NA,NA,NA,NA,NA,NA,NA,NA,NA,0.00,NA,NA,NA
2025-05-13 04:00:00,16.69,61.50,2.11,18.16,11.38,NA,NA,0.65,63.06,NA,NA,NA,NA,NA,NA,NA,NA,NA,NA,NA,0.00,NA,NA,NA
2025-05-13 05:00:00,16.85,55.94,2.12,16.94,10.74,NA,NA,0.63,65.81,NA,NA,NA,NA,NA,NA,NA,NA,NA,NA,NA,0.00,NA,NA,NA
2025-05-13 06:00:00,18.97,61.32,2.34,16.51,10.68,NA,NA,0.65,60.16,NA,NA,NA,NA,NA,NA,NA,NA,NA,NA,NA,0.00,NA,NA,NA
2025-05-13 07:00:00,2.28,40.98,3.13,19.13,12.72,NA,NA,0.68,52.34,NA,NA,NA,NA,NA,NA,NA,NA,NA,NA,NA,0.00,NA,NA,NA
2025-05-13 08:00:00,19.62,89.47,2.79,17.81,11.74,NA,NA,0.69,68.63,NA,NA,NA,NA,NA,NA,NA,NA,NA,NA,NA,0.00,NA,NA,NA
2025-05-13 09:00:00,38.19,125.76,2.56,15.71,10.44,NA,NA,0.69,84.76,NA,NA,NA,NA,NA,NA,NA,NA,NA,NA,NA,0.00,NA,NA,NA
2025-05-13 10:00:00,43.93,129.81,2.28,13.05,8.80,NA,NA,0.67,90.02,NA,NA,NA,NA,NA,NA,NA,NA,NA,NA,NA,0.00,NA,NA,NA
2025-05-13 11:00:00,26.85,109.92,2.13,11.64,7.93,NA,NA,0.66,97.44,NA,NA,NA,NA,NA,NA,NA,NA,NA,NA,NA,0.00,NA,NA,NA
2025-05-13 12:00:00,24.64,132.30,2.10,11.47,7.80,NA,NA,0.68,98.36,NA,NA,NA,NA,NA,NA,NA,NA,NA,NA,NA,0.00,NA,NA,NA
2025-05-13 13:00:00,32.24,136.70,2.11,11.38,7.77,NA,NA,0.66,100.59,NA,NA,NA,NA,NA,NA,NA,NA,NA,NA,NA,0.00,NA,NA,NA
2025-05-13 14:00:00,38.11,175.10,2.14,11.08,7.64,NA,NA,0.62,100.75,NA,NA,NA,NA,NA,NA,NA,NA,NA,NA,NA,0.00,NA,NA,NA
2025-05-13 15:00:00,37.76,176.03,2.24,11.40,7.88,NA,NA,0.62,96.25,NA,NA,NA,NA,NA,NA,NA,NA,NA,NA,NA,0.00,NA,NA,NA
2025-05-13 16:00:00,58.82,227.65,2.22,16.12,10.38,NA,NA,0.64,83.88,NA,NA,NA,NA,NA,NA,NA,NA,NA,NA,NA,0.00,NA,NA,NA
2025-05-13 17:00:00,21.58,113.27,2.22,17.70,11.22,NA,NA,0.66,74.01,NA,NA,NA,NA,NA,NA,NA,NA,NA,NA,NA,0.00,NA,NA,NA
2025-05-13 18:00:00,20.84,110.86,2.74,32.23,19.37,NA,NA,0.76,42.31,NA,NA,NA,NA,NA,NA,NA,NA,NA,NA,NA,0.00,NA,NA,NA
2025-05-13 19:00:00,27.98,85.82,3.88,40.43,24.66,NA,NA,0.85,31.10,NA,NA,NA,NA,NA,NA,NA,NA,NA,NA,NA,0.00,NA,NA,NA
2025-05-13 20:00:00,9.15,77.32,3.12,33.92,20.58,NA,NA,0.81,40.00,NA,NA,NA,NA,NA,NA,NA,NA,NA,NA,NA,0.00,NA,NA,NA
2025-05-13 21:00:00,19.52,79.20,2.30,18.74,11.84,NA,NA,0.70,66.94,NA,NA,NA,NA,NA,NA,NA,NA,NA,NA,NA,0.00,NA,NA,NA
2025-05-13 22:00:00,26.38,83.16,2.34,21.98,13.59,NA,NA,0.70,55.30,NA,NA,NA,NA,NA,NA,NA,NA,NA,NA,NA,0.00,NA,NA,NA
2025-05-13 23:00:00,32.11,94.28,2.35,24.85,15.13,NA,NA,0.71,43.94,NA,NA,NA,NA,NA,NA,NA,NA,NA,NA,NA,0.00,NA,NA,NA
2025-05-14 00:00:00,8.97,85.00,2.96,32.92,19.91,NA,NA,0.73,29.91,NA,NA,NA,NA,NA,NA,NA,NA,NA,NA,NA,0.00,NA,NA,NA
2025-05-14 01:00:00,25.08,93.51,3.67,34.94,21.57,NA,NA,0.73,28.43,NA,NA,NA,NA,NA,NA,NA,NA,NA,NA,NA,0.00,NA,NA,NA
2025-05-14 02:00:00,25.64,85.81,2.28,22.85,14.01,NA,NA,0.66,47.05,NA,NA,NA,NA,NA,NA,NA,NA,NA,NA,NA,0.00,NA,NA,NA
2025-05-14 03:00:00,34.26,84.64,2.40,21.44,13.35,NA,NA,0.67,42.35,NA,NA,NA,NA,NA,NA,NA,NA,NA,NA,NA,0.00,NA,NA,NA
2025-05-14 04:00:00,15.69,65.52,2.53,22.16,13.85,NA,NA,0.70,33.48,NA,NA,NA,NA,NA,NA,NA,NA,NA,NA,NA,0.00,NA,NA,NA
2025-05-14 05:00:00,27.05,92.33,4.63,25.97,17.59,NA,NA,0.69,26.50,NA,NA,NA,NA,NA,NA,NA,NA,NA,NA,NA,0.00,NA,NA,NA
2025-05-14 06:00:00,32.62,96.02,8.59,25.86,20.75,NA,NA,0.77,27.36,NA,NA,NA,NA,NA,NA,NA,NA,NA,NA,NA,0.00,NA,NA,NA
2025-05-14 07:00:00,30.73,108.90,8.26,27.07,21.12,NA,NA,0.75,31.15,NA,NA,NA,NA,NA,NA,NA,NA,NA,NA,NA,0.00,NA,NA,NA
2025-05-14 08:00:00,52.97,149.16,4.19,24.08,16.21,NA,NA,0.74,54.32,NA,NA,NA,NA,NA,NA,NA,NA,NA,NA,NA,0.00,NA,NA,NA
2025-05-14 09:00:00,43.44,138.20,2.98,19.42,12.76,NA,NA,0.73,77.18,NA,NA,NA,NA,NA,NA,NA,NA,NA,NA,NA,0.00,NA,NA,NA
2025-05-14 10:00:00,33.97,142.56,2.61,18.39,11.91,NA,NA,0.69,85.52,NA,NA,NA,NA,NA,NA,NA,NA,NA,NA,NA,0.00,NA,NA,NA
2025-05-14 11:00:00,47.68,150.64,3.40,16.51,11.55,NA,NA,0.64,100.62,NA,NA,NA,NA,NA,NA,NA,NA,NA,NA,NA,0.00,NA,NA,NA
2025-05-14 12:00:00,91.04,210.03,4.54,12.66,10.42,NA,NA,0.66,104.67,NA,NA,NA,NA,NA,NA,NA,NA,NA,NA,NA,0.00,NA,NA,NA
2025-05-14 13:00:00,53.42,182.80,5.41,12.57,11.08,NA,NA,0.60,105.25,NA,NA,NA,NA,NA,NA,NA,NA,NA,NA,NA,0.00,NA,NA,NA
2025-05-14 14:00:00,61.98,208.55,5.70,11.22,10.60,NA,NA,0.55,98.43,NA,NA,NA,NA,NA,NA,NA,NA,NA,NA,NA,0.00,NA,NA,NA
2025-05-14 15:00:00,60.63,176.67,5.70,12.08,11.06,NA,NA,0.55,101.03,NA,NA,NA,NA,NA,NA,NA,NA,NA,NA,NA,0.00,NA,NA,NA
2025-05-14 16:00:00,NA,132.26,5.74,12.05,11.08,NA,NA,0.52,108.26,NA,NA,NA,NA,NA,NA,NA,NA,NA,NA,NA,0.00,NA,NA,NA
2025-05-14 17:00:00,56.97,112.97,6.60,18.06,14.97,NA,NA,0.58,101.85,NA,NA,NA,NA,NA,NA,NA,NA,NA,NA,NA,0.00,NA,NA,NA
2025-05-14 18:00:00,49.69,137.05,9.33,40.59,29.19,NA,NA,0.77,62.34,NA,NA,NA,NA,NA,NA,NA,NA,NA,NA,NA,0.00,NA,NA,NA
2025-05-14 19:00:00,NA,117.71,7.83,51.37,33.69,NA,NA,0.90,38.41,NA,NA,NA,NA,NA,NA,NA,NA,NA,NA,NA,0.00,NA,NA,NA
2025-05-14 20:00:00,NA,96.31,28.25,54.90,52.17,NA,NA,1.17,25.09,NA,NA,NA,NA,NA,NA,NA,NA,NA,NA,NA,0.00,NA,NA,NA
2025-05-14 21:00:00,NA,124.87,28.59,54.05,52.00,NA,NA,1.20,25.31,NA,NA,NA,NA,NA,NA,NA,NA,NA,NA,NA,0.00,NA,NA,NA
2025-05-14 22:00:00,56.74,342.08,3.70,25.28,16.45,NA,NA,0.81,59.15,NA,NA,NA,NA,NA,NA,NA,NA,NA,NA,NA,0.00,NA,NA,NA
2025-05-14 23:00:00,237.49,NA,2.29,18.70,11.80,NA,NA,0.70,66.80,NA,NA,NA,NA,NA,NA,NA,NA,NA,NA,NA,0.00,NA,NA,NA
2025-05-15 00:00:00,327.62,NA,2.37,18.52,11.78,NA,NA,0.69,59.00,NA,NA,NA,NA,NA,NA,NA,NA,NA,NA,NA,0.00,NA,NA,NA
2025-05-15 01:00:00,334.81,NA,2.30,20.52,12.78,NA,NA,0.70,46.08,NA,NA,NA,NA,NA,NA,NA,NA,NA,NA,NA,0.00,NA,NA,NA
2025-05-15 02:00:00,345.16,NA,2.34,22.96,14.11,NA,NA,0.69,39.48,NA,NA,NA,NA,NA,NA,NA,NA,NA,NA,NA,0.00,NA,NA,NA
2025-05-15 03:00:00,367.20,NA,2.53,22.91,14.25,NA,NA,0.67,38.76,NA,NA,NA,NA,NA,NA,NA,NA,NA,NA,NA,0.00,NA,NA,NA
2025-05-15 04:00:00,330.98,NA,3.05,25.84,16.22,NA,NA,0.69,31.44,NA,NA,NA,NA,NA,NA,NA,NA,NA,NA,NA,0.00,NA,NA,NA
2025-05-15 05:00:00,302.12,NA,3.49,23.41,15.29,NA,NA,0.68,32.39,NA,NA,NA,NA,NA,NA,NA,NA,NA,NA,NA,0.00,NA,NA,NA
2025-05-15 06:00:00,277.65,NA,8.54,27.92,21.79,NA,NA,0.73,27.68,NA,NA,NA,NA,NA,NA,NA,NA,NA,NA,NA,0.00,NA,NA,NA
2025-05-15 07:00:00,292.31,NA,7.15,27.39,20.39,NA,NA,0.74,30.58,NA,NA,NA,NA,NA,NA,NA,NA,NA,NA,NA,0.00,NA,NA,NA
2025-05-15 08:00:00,313.68,NA,3.66,22.41,14.90,NA,NA,0.75,52.25,NA,NA,NA,NA,NA,NA,NA,NA,NA,NA,NA,0.00,NA,NA,NA
2025-05-15 09:00:00,254.50,NA,3.20,20.56,13.54,NA,NA,0.74,68.38,NA,NA,NA,NA,NA,NA,NA,NA,NA,NA,NA,0.00,NA,NA,NA
2025-05-15 10:00:00,149.60,811.10,2.52,16.04,10.58,NA,NA,0.69,86.57,NA,NA,NA,NA,NA,NA,NA,NA,NA,NA,NA,0.00,NA,NA,NA
2025-05-15 11:00:00,100.42,559.05,3.96,14.11,10.72,NA,NA,0.58,95.66,NA,NA,NA,NA,NA,NA,NA,NA,NA,NA,NA,0.00,NA,NA,NA
2025-05-15 12:00:00,74.44,341.44,5.21,11.80,10.52,NA,NA,0.58,104.61,NA,NA,NA,NA,NA,NA,NA,NA,NA,NA,NA,0.00,NA,NA,NA
2025-05-15 13:00:00,66.11,277.37,3.71,12.16,9.49,NA,NA,0.60,110.81,NA,NA,NA,NA,NA,NA,NA,NA,NA,NA,NA,0.00,NA,NA,NA
2025-05-15 14:00:00,42.55,281.01,3.21,12.94,9.49,NA,NA,0.60,117.58,NA,NA,NA,NA,NA,NA,NA,NA,NA,NA,NA,0.00,NA,NA,NA
2025-05-15 15:00:00,57.85,295.81,3.33,12.53,9.37,NA,NA,0.63,125.52,NA,NA,NA,NA,NA,NA,NA,NA,NA,NA,NA,0.00,NA,NA,NA
2025-05-15 16:00:00,54.98,292.69,2.54,13.70,9.35,NA,NA,0.65,117.13,NA,NA,NA,NA,NA,NA,NA,NA,NA,NA,NA,0.00,NA,NA,NA
2025-05-15 17:00:00,46.24,200.97,2.38,19.20,12.15,NA,NA,0.66,90.63,NA,NA,NA,NA,NA,NA,NA,NA,NA,NA,NA,0.00,NA,NA,NA
2025-05-15 18:00:00,50.06,183.55,3.27,35.01,21.28,NA,NA,0.80,64.83,NA,NA,NA,NA,NA,NA,NA,NA,NA,NA,NA,0.00,NA,NA,NA
2025-05-15 19:00:00,39.61,167.33,6.02,52.06,32.58,NA,NA,0.95,37.36,NA,NA,NA,NA,NA,NA,NA,NA,NA,NA,NA,0.00,NA,NA,NA
2025-05-15 20:00:00,34.55,181.36,14.19,57.50,42.12,NA,NA,1.06,24.21,NA,NA,NA,NA,NA,NA,NA,NA,NA,NA,NA,0.00,NA,NA,NA
2025-05-15 21:00:00,43.92,191.87,20.09,54.54,45.34,NA,NA,1.11,24.92,NA,NA,NA,NA,NA,NA,NA,NA,NA,NA,NA,0.00,NA,NA,NA
2025-05-15 22:00:00,52.73,207.54,26.98,51.40,49.28,NA,NA,1.20,26.00,NA,NA,NA,NA,NA,NA,NA,NA,NA,NA,NA,0.00,NA,NA,NA
2025-05-15 23:00:00,51.42,223.54,35.54,50.57,55.79,NA,NA,1.25,25.32,NA,NA,NA,NA,NA,NA,NA,NA,NA,NA,NA,0.00,NA,NA,NA
2025-05-16 00:00:00,64.39,260.32,48.29,48.78,65.21,NA,NA,1.31,25.36,NA,NA,NA,NA,NA,NA,NA,NA,NA,NA,NA,0.00,NA,NA,NA
2025-05-16 01:00:00,75.96,265.91,57.58,47.24,71.94,NA,NA,1.35,25.28,NA,NA,NA,NA,NA,NA,NA,NA,NA,NA,NA,0.00,NA,NA,NA
2025-05-16 02:00:00,80.80,264.72,49.50,47.13,65.30,NA,NA,1.26,23.24,NA,NA,NA,NA,NA,NA,NA,NA,NA,NA,NA,0.00,NA,NA,NA
2025-05-16 03:00:00,99.02,344.38,26.47,45.96,45.96,NA,NA,1.15,25.08,NA,NA,NA,NA,NA,NA,NA,NA,NA,NA,NA,0.00,NA,NA,NA
2025-05-16 04:00:00,121.25,339.95,9.14,39.48,28.43,NA,NA,1.07,26.62,NA,NA,NA,NA,NA,NA,NA,NA,NA,NA,NA,0.00,NA,NA,NA
2025-05-16 05:00:00,114.24,330.12,8.18,37.39,26.54,NA,NA,1.05,26.72,NA,NA,NA,NA,NA,NA,NA,NA,NA,NA,NA,0.00,NA,NA,NA
2025-05-16 06:00:00,105.00,275.83,8.60,34.80,25.50,NA,NA,1.03,28.36,NA,NA,NA,NA,NA,NA,NA,NA,NA,NA,NA,0.00,NA,NA,NA
2025-05-16 07:00:00,76.12,270.41,7.54,36.93,25.77,NA,NA,1.05,37.40,NA,NA,NA,NA,NA,NA,NA,NA,NA,NA,NA,0.00,NA,NA,NA
2025-05-16 08:00:00,104.27,397.97,4.32,33.56,21.36,NA,NA,1.06,77.03,NA,NA,NA,NA,NA,NA,NA,NA,NA,NA,NA,0.00,NA,NA,NA
2025-05-16 09:00:00,87.85,360.92,2.97,24.46,15.43,NA,NA,0.86,100.76,NA,NA,NA,NA,NA,NA,NA,NA,NA,NA,NA,0.00,NA,NA,NA
2025-05-16 10:00:00,41.98,234.45,2.64,15.73,10.51,NA,NA,0.74,97.32,NA,NA,NA,NA,NA,NA,NA,NA,NA,NA,NA,0.00,NA,NA,NA
2025-05-16 11:00:00,43.17,206.38,3.08,14.03,9.97,NA,NA,0.62,101.58,NA,NA,NA,NA,NA,NA,NA,NA,NA,NA,NA,0.00,NA,NA,NA
2025-05-16 12:00:00,49.98,216.03,5.05,14.08,11.59,NA,NA,0.59,112.71,NA,NA,NA,NA,NA,NA,NA,NA,NA,NA,NA,0.00,NA,NA,NA
2025-05-16 13:00:00,76.30,251.89,6.17,12.49,11.66,NA,NA,0.56,113.05,NA,NA,NA,NA,NA,NA,NA,NA,NA,NA,NA,0.00,NA,NA,NA
2025-05-16 14:00:00,84.30,238.12,7.97,16.25,15.12,NA,NA,0.62,146.19,NA,NA,NA,NA,NA,NA,NA,NA,NA,NA,NA,0.00,NA,NA,NA
2025-05-16 15:00:00,116.86,381.01,7.67,27.31,20.76,NA,NA,0.74,158.94,NA,NA,NA,NA,NA,NA,NA,NA,NA,NA,NA,0.00,NA,NA,NA
2025-05-16 16:00:00,77.05,269.51,11.16,24.94,22.34,NA,NA,0.67,126.24,NA,NA,NA,NA,NA,NA,NA,NA,NA,NA,NA,0.00,NA,NA,NA
2025-05-16 17:00:00,73.01,232.44,11.64,19.60,19.89,NA,NA,0.64,94.49,NA,NA,NA,NA,NA,NA,NA,NA,NA,NA,NA,0.00,NA,NA,NA
2025-05-16 18:00:00,19.51,76.06,8.64,24.00,19.79,NA,NA,0.68,85.12,NA,NA,NA,NA,NA,NA,NA,NA,NA,NA,NA,0.00,NA,NA,NA
2025-05-16 19:00:00,20.91,91.75,5.58,38.78,25.16,NA,NA,0.84,48.13,NA,NA,NA,NA,NA,NA,NA,NA,NA,NA,NA,0.00,NA,NA,NA
2025-05-16 20:00:00,4.76,100.00,5.72,45.26,28.72,NA,NA,0.94,33.78,NA,NA,NA,NA,NA,NA,NA,NA,NA,NA,NA,0.00,NA,NA,NA
2025-05-16 21:00:00,22.29,135.26,5.98,45.89,29.27,NA,NA,1.02,25.95,NA,NA,NA,NA,NA,NA,NA,NA,NA,NA,NA,0.00,NA,NA,NA
2025-05-16 22:00:00,18.58,104.18,3.90,40.47,24.70,NA,NA,0.95,33.62,NA,NA,NA,NA,NA,NA,NA,NA,NA,NA,NA,0.00,NA,NA,NA
2025-05-16 23:00:00,20.96,94.66,5.12,42.24,26.62,NA,NA,0.95,26.90,NA,NA,NA,NA,NA,NA,NA,NA,NA,NA,NA,0.00,NA,NA,NA
2025-05-17 00:00:00,34.14,102.41,5.76,37.72,24.75,NA,NA,0.88,29.22,NA,NA,NA,NA,NA,NA,NA,NA,NA,NA,NA,0.00,NA,NA,NA
2025-05-17 01:00:00,39.30,90.49,3.12,35.62,21.49,NA,NA,0.86,28.90,NA,NA,NA,NA,NA,NA,NA,NA,NA,NA,NA,0.00,NA,NA,NA
2025-05-17 02:00:00,30.28,91.53,2.95,35.08,21.06,NA,NA,0.80,27.95,NA,NA,NA,NA,NA,NA,NA,NA,NA,NA,NA,0.00,NA,NA,NA
2025-05-17 03:00:00,17.06,67.16,3.66,32.54,20.29,NA,NA,0.78,34.10,NA,NA,NA,NA,NA,NA,NA,NA,NA,NA,NA,0.00,NA,NA,NA
2025-05-17 04:00:00,24.97,73.59,2.76,27.21,16.71,NA,NA,0.74,37.85,NA,NA,NA,NA,NA,NA,NA,NA,NA,NA,NA,0.00,NA,NA,NA
2025-05-17 05:00:00,25.22,90.68,2.57,18.76,12.08,NA,NA,0.68,54.49,NA,NA,NA,NA,NA,NA,NA,NA,NA,NA,NA,0.00,NA,NA,NA
2025-05-17 06:00:00,32.86,120.64,6.75,30.01,21.44,NA,NA,0.75,33.77,NA,NA,NA,NA,NA,NA,NA,NA,NA,NA,NA,0.00,NA,NA,NA
2025-05-17 07:00:00,28.99,136.78,4.48,26.18,17.56,NA,NA,0.76,33.38,NA,NA,NA,NA,NA,NA,NA,NA,NA,NA,NA,0.00,NA,NA,NA
2025-05-17 08:00:00,29.91,147.76,8.27,32.02,23.76,NA,NA,0.84,37.46,NA,NA,NA,NA,NA,NA,NA,NA,NA,NA,NA,0.00,NA,NA,NA
2025-05-17 09:00:00,46.76,175.33,3.67,21.85,14.60,NA,NA,0.77,69.44,NA,NA,NA,NA,NA,NA,NA,NA,NA,NA,NA,0.00,NA,NA,NA
2025-05-17 10:00:00,50.72,175.06,2.62,14.39,9.78,NA,NA,0.71,94.78,NA,NA,NA,NA,NA,NA,NA,NA,NA,NA,NA,0.00,NA,NA,NA
2025-05-17 11:00:00,33.71,160.70,2.37,14.08,9.42,NA,NA,0.71,115.93,NA,NA,NA,NA,NA,NA,NA,NA,NA,NA,NA,0.00,NA,NA,NA
2025-05-17 12:00:00,42.87,172.80,2.36,13.28,8.98,NA,NA,0.71,126.60,NA,NA,NA,NA,NA,NA,NA,NA,NA,NA,NA,0.00,NA,NA,NA
2025-05-17 13:00:00,43.43,181.29,2.30,13.62,9.11,NA,NA,0.71,135.91,NA,NA,NA,NA,NA,NA,NA,NA,NA,NA,NA,0.00,NA,NA,NA
2025-05-17 14:00:00,46.09,191.39,2.40,12.98,8.86,NA,NA,0.70,117.96,NA,NA,NA,NA,NA,NA,NA,NA,NA,NA,NA,0.00,NA,NA,NA
2025-05-17 15:00:00,58.36,255.79,2.65,14.36,9.79,NA,NA,0.68,97.60,NA,NA,NA,NA,NA,NA,NA,NA,NA,NA,NA,0.00,NA,NA,NA
2025-05-17 16:00:00,17.94,72.42,3.01,19.04,12.58,NA,NA,0.71,78.50,NA,NA,NA,NA,NA,NA,NA,NA,NA,NA,NA,0.00,NA,NA,NA
2025-05-17 17:00:00,19.55,113.06,2.65,22.96,14.37,NA,NA,0.72,76.77,NA,NA,NA,NA,NA,NA,NA,NA,NA,NA,NA,0.00,NA,NA,NA
2025-05-17 18:00:00,35.42,134.86,2.36,19.02,12.04,NA,NA,0.72,86.00,NA,NA,NA,NA,NA,NA,NA,NA,NA,NA,NA,0.00,NA,NA,NA
2025-05-17 19:00:00,34.14,163.66,2.61,22.58,14.13,NA,NA,0.76,61.75,NA,NA,NA,NA,NA,NA,NA,NA,NA,NA,NA,0.00,NA,NA,NA
2025-05-17 20:00:00,12.73,89.43,2.41,16.74,10.86,NA,NA,0.72,74.41,NA,NA,NA,NA,NA,NA,NA,NA,NA,NA,NA,0.00,NA,NA,NA
2025-05-17 21:00:00,21.62,88.51,2.58,16.53,10.89,NA,NA,0.71,71.08,NA,NA,NA,NA,NA,NA,NA,NA,NA,NA,NA,0.00,NA,NA,NA
2025-05-17 22:00:00,26.46,93.41,2.59,16.34,10.80,NA,NA,0.70,68.17,NA,NA,NA,NA,NA,NA,NA,NA,NA,NA,NA,0.00,NA,NA,NA
2025-05-17 23:00:00,30.62,99.88,2.56,19.13,12.26,NA,NA,0.70,60.74,NA,NA,NA,NA,NA,NA,NA,NA,NA,NA,NA,0.00,NA,NA,NA
2025-05-18 00:00:00,14.22,68.03,2.72,23.46,14.68,NA,NA,0.72,42.04,NA,NA,NA,NA,NA,NA,NA,NA,NA,NA,NA,0.00,NA,NA,NA
2025-05-18 01:00:00,28.73,70.46,2.62,17.16,11.26,NA,NA,0.68,57.27,NA,NA,NA,NA,NA,NA,NA,NA,NA,NA,NA,0.00,NA,NA,NA
2025-05-18 02:00:00,25.52,66.47,2.63,18.38,11.92,NA,NA,0.67,50.80,NA,NA,NA,NA,NA,NA,NA,NA,NA,NA,NA,0.00,NA,NA,NA
2025-05-18 03:00:00,28.38,70.29,2.67,17.16,11.30,NA,NA,0.67,52.03,NA,NA,NA,NA,NA,NA,NA,NA,NA,NA,NA,0.00,NA,NA,NA
2025-05-18 04:00:00,15.93,65.82,3.06,24.86,15.72,NA,NA,0.69,33.31,NA,NA,NA,NA,NA,NA,NA,NA,NA,NA,NA,0.00,NA,NA,NA
2025-05-18 05:00:00,26.83,83.08,6.45,28.11,20.21,NA,NA,0.74,26.56,NA,NA,NA,NA,NA,NA,NA,NA,NA,NA,NA,0.00,NA,NA,NA
2025-05-18 06:00:00,48.48,134.94,11.26,28.47,24.30,NA,NA,0.81,27.06,NA,NA,NA,NA,NA,NA,NA,NA,NA,NA,NA,0.00,NA,NA,NA
2025-05-18 07:00:00,69.41,181.68,7.66,27.76,20.99,NA,NA,0.82,34.20,NA,NA,NA,NA,NA,NA,NA,NA,NA,NA,NA,0.00,NA,NA,NA
2025-05-18 08:00:00,75.42,202.02,6.02,27.95,19.76,NA,NA,0.83,55.11,NA,NA,NA,NA,NA,NA,NA,NA,NA,NA,NA,0.00,NA,NA,NA
2025-05-18 09:00:00,62.45,197.35,4.11,23.72,15.96,NA,NA,0.81,85.13,NA,NA,NA,NA,NA,NA,NA,NA,NA,NA,NA,0.00,NA,NA,NA
2025-05-18 10:00:00,42.69,173.80,3.04,17.94,12.01,NA,NA,0.77,105.30,NA,NA,NA,NA,NA,NA,NA,NA,NA,NA,NA,0.00,NA,NA,NA
2025-05-18 11:00:00,38.00,168.70,2.67,12.80,8.98,NA,NA,0.72,102.99,NA,NA,NA,NA,NA,NA,NA,NA,NA,NA,NA,0.00,NA,NA,NA
2025-05-18 12:00:00,42.14,352.85,2.88,12.00,8.72,NA,NA,0.69,115.43,NA,NA,NA,NA,NA,NA,NA,NA,NA,NA,NA,0.00,NA,NA,NA
2025-05-18 13:00:00,42.29,200.09,2.69,11.58,8.35,NA,NA,0.67,115.43,NA,NA,NA,NA,NA,NA,NA,NA,NA,NA,NA,0.00,NA,NA,NA
2025-05-18 14:00:00,44.40,196.78,2.51,12.48,8.68,NA,NA,0.70,134.44,NA,NA,NA,NA,NA,NA,NA,NA,NA,NA,NA,0.00,NA,NA,NA
2025-05-18 15:00:00,62.92,225.78,2.58,15.15,10.15,NA,NA,0.74,156.36,NA,NA,NA,NA,NA,NA,NA,NA,NA,NA,NA,0.00,NA,NA,NA
2025-05-18 16:00:00,72.84,234.38,2.65,15.24,10.26,NA,NA,0.75,158.27,NA,NA,NA,NA,NA,NA,NA,NA,NA,NA,NA,0.00,NA,NA,NA
2025-05-18 17:00:00,57.29,231.14,3.62,18.72,12.91,NA,NA,0.77,144.61,NA,NA,NA,NA,NA,NA,NA,NA,NA,NA,NA,0.00,NA,NA,NA
2025-05-18 18:00:00,63.94,228.92,3.11,22.79,14.65,NA,NA,0.81,118.34,NA,NA,NA,NA,NA,NA,NA,NA,NA,NA,NA,0.00,NA,NA,NA
2025-05-18 19:00:00,54.09,204.16,2.76,32.91,19.76,NA,NA,0.91,70.81,NA,NA,NA,NA,NA,NA,NA,NA,NA,NA,NA,0.00,NA,NA,NA
2025-05-18 20:00:00,52.98,235.60,5.36,44.38,27.97,NA,NA,0.98,49.61,NA,NA,NA,NA,NA,NA,NA,NA,NA,NA,NA,0.00,NA,NA,NA
2025-05-18 21:00:00,68.49,248.66,3.70,34.95,21.59,NA,NA,0.96,61.96,NA,NA,NA,NA,NA,NA,NA,NA,NA,NA,NA,0.00,NA,NA,NA
2025-05-18 22:00:00,70.82,224.04,3.37,24.18,15.60,NA,NA,0.87,77.97,NA,NA,NA,NA,NA,NA,NA,NA,NA,NA,NA,0.00,NA,NA,NA
2025-05-18 23:00:00,66.38,211.01,3.55,23.66,15.47,NA,NA,0.86,69.47,NA,NA,NA,NA,NA,NA,NA,NA,NA,NA,NA,0.00,NA,NA,NA
2025-05-19 00:00:00,77.96,225.55,3.59,21.99,14.61,NA,NA,0.85,62.83,NA,NA,NA,NA,NA,NA,NA,NA,NA,NA,NA,0.00,NA,NA,NA
2025-05-19 01:00:00,77.95,222.41,3.46,20.38,13.66,NA,NA,0.82,56.70,NA,NA,NA,NA,NA,NA,NA,NA,NA,NA,NA,0.00,NA,NA,NA
2025-05-19 02:00:00,67.88,184.23,3.42,19.32,13.06,NA,NA,0.80,58.02,NA,NA,NA,NA,NA,NA,NA,NA,NA,NA,NA,0.00,NA,NA,NA
2025-05-19 03:00:00,65.82,172.70,3.44,17.58,12.15,NA,NA,0.79,50.64,NA,NA,NA,NA,NA,NA,NA,NA,NA,NA,NA,0.00,NA,NA,NA
2025-05-19 04:00:00,69.06,161.25,3.38,15.58,11.03,NA,NA,0.78,54.95,NA,NA,NA,NA,NA,NA,NA,NA,NA,NA,NA,0.00,NA,NA,NA
2025-05-19 05:00:00,64.61,162.61,3.24,15.54,10.90,NA,NA,0.80,50.96,NA,NA,NA,NA,NA,NA,NA,NA,NA,NA,NA,0.00,NA,NA,NA
2025-05-19 06:00:00,58.27,170.53,3.55,15.42,11.08,NA,NA,0.80,48.96,NA,NA,NA,NA,NA,NA,NA,NA,NA,NA,NA,0.00,NA,NA,NA
2025-05-19 07:00:00,52.75,171.54,3.73,16.14,11.62,NA,NA,0.79,51.87,NA,NA,NA,NA,NA,NA,NA,NA,NA,NA,NA,0.00,NA,NA,NA
2025-05-19 08:00:00,58.47,165.67,3.78,16.11,11.64,NA,NA,0.80,58.35,NA,NA,NA,NA,NA,NA,NA,NA,NA,NA,NA,0.00,NA,NA,NA
2025-05-19 09:00:00,58.86,171.76,3.81,16.30,11.76,NA,NA,0.80,71.43,NA,NA,NA,NA,NA,NA,NA,NA,NA,NA,NA,0.00,NA,NA,NA
2025-05-19 10:00:00,55.46,186.44,3.46,16.97,11.84,NA,NA,0.83,94.72,NA,NA,NA,NA,NA,NA,NA,NA,NA,NA,NA,0.00,NA,NA,NA
2025-05-19 11:00:00,57.80,193.83,3.16,20.25,13.34,NA,NA,0.85,119.95,NA,NA,NA,NA,NA,NA,NA,NA,NA,NA,NA,0.00,NA,NA,NA
2025-05-19 12:00:00,56.38,219.90,2.94,17.21,11.54,NA,NA,0.84,144.50,NA,NA,NA,NA,NA,NA,NA,NA,NA,NA,NA,0.00,NA,NA,NA
2025-05-19 13:00:00,63.26,227.39,3.02,24.54,15.51,NA,NA,0.84,160.28,NA,NA,NA,NA,NA,NA,NA,NA,NA,NA,NA,0.00,NA,NA,NA
2025-05-19 14:00:00,68.39,226.00,3.06,21.36,13.86,NA,NA,0.81,164.46,NA,NA,NA,NA,NA,NA,NA,NA,NA,NA,NA,0.00,NA,NA,NA
2025-05-19 15:00:00,65.32,240.52,2.86,21.50,13.76,NA,NA,0.80,164.88,NA,NA,NA,NA,NA,NA,NA,NA,NA,NA,NA,0.00,NA,NA,NA
2025-05-19 16:00:00,91.29,263.08,2.99,20.83,13.51,NA,NA,0.79,152.40,NA,NA,NA,NA,NA,NA,NA,NA,NA,NA,NA,0.00,NA,NA,NA
2025-05-19 17:00:00,85.91,249.39,3.78,18.77,13.06,NA,NA,0.78,116.41,NA,NA,NA,NA,NA,NA,NA,NA,NA,NA,NA,0.00,NA,NA,NA
2025-05-19 18:00:00,80.84,232.21,2.94,19.96,13.01,NA,NA,0.80,104.91,NA,NA,NA,NA,NA,NA,NA,NA,NA,NA,NA,0.00,NA,NA,NA
2025-05-19 19:00:00,63.41,219.90,2.88,26.42,16.40,NA,NA,0.88,79.84,NA,NA,NA,NA,NA,NA,NA,NA,NA,NA,NA,0.00,NA,NA,NA
2025-05-19 20:00:00,66.60,219.01,3.26,38.42,23.09,NA,NA,1.00,39.86,NA,NA,NA,NA,NA,NA,NA,NA,NA,NA,NA,0.00,NA,NA,NA
2025-05-19 21:00:00,68.27,226.86,3.67,39.83,24.18,NA,NA,1.09,32.41,NA,NA,NA,NA,NA,NA,NA,NA,NA,NA,NA,0.00,NA,NA,NA
2025-05-19 22:00:00,70.58,259.48,3.34,28.90,18.08,NA,NA,0.94,56.78,NA,NA,NA,NA,NA,NA,NA,NA,NA,NA,NA,0.00,NA,NA,NA
2025-05-19 23:00:00,64.86,219.31,3.07,21.57,13.98,NA,NA,0.87,70.61,NA,NA,NA,NA,NA,NA,NA,NA,NA,NA,NA,0.00,NA,NA,NA
2025-05-20 00:00:00,58.16,214.38,3.10,24.39,15.49,NA,NA,0.87,55.84,NA,NA,NA,NA,NA,NA,NA,NA,NA,NA,NA,0.00,NA,NA,NA
2025-05-20 01:00:00,69.37,224.94,3.11,21.01,13.70,NA,NA,0.86,59.53,NA,NA,NA,NA,NA,NA,NA,NA,NA,NA,NA,0.00,NA,NA,NA
2025-05-20 02:00:00,79.74,246.24,3.42,23.98,15.53,NA,NA,0.88,48.62,NA,NA,NA,NA,NA,NA,NA,NA,NA,NA,NA,0.00,NA,NA,NA
2025-05-20 03:00:00,64.79,217.31,3.06,18.20,12.16,NA,NA,0.84,58.03,NA,NA,NA,NA,NA,NA,NA,NA,NA,NA,NA,0.00,NA,NA,NA
2025-05-20 04:00:00,61.99,188.78,2.98,16.89,11.40,NA,NA,0.78,64.64,NA,NA,NA,NA,NA,NA,NA,NA,NA,NA,NA,0.00,NA,NA,NA
2025-05-20 05:00:00,56.28,189.12,2.98,14.35,10.06,NA,NA,0.78,60.08,NA,NA,NA,NA,NA,NA,NA,NA,NA,NA,NA,0.00,NA,NA,NA
2025-05-20 06:00:00,57.36,168.88,3.27,17.45,11.94,NA,NA,0.78,47.34,NA,NA,NA,NA,NA,NA,NA,NA,NA,NA,NA,0.00,NA,NA,NA
2025-05-20 07:00:00,31.76,129.62,3.46,16.99,11.85,NA,NA,0.77,49.40,NA,NA,NA,NA,NA,NA,NA,NA,NA,NA,NA,0.00,NA,NA,NA
2025-05-20 08:00:00,38.66,127.66,3.51,16.15,11.44,NA,NA,0.77,56.11,NA,NA,NA,NA,NA,NA,NA,NA,NA,NA,NA,0.00,NA,NA,NA
2025-05-20 09:00:00,47.76,143.71,3.49,15.95,11.32,NA,NA,0.79,69.69,NA,NA,NA,NA,NA,NA,NA,NA,NA,NA,NA,0.00,NA,NA,NA
2025-05-20 10:00:00,51.92,153.38,3.36,17.74,12.17,NA,NA,0.79,81.24,NA,NA,NA,NA,NA,NA,NA,NA,NA,NA,NA,0.00,NA,NA,NA
2025-05-20 11:00:00,52.79,163.68,3.26,17.60,12.01,NA,NA,0.80,104.60,NA,NA,NA,NA,NA,NA,NA,NA,NA,NA,NA,0.00,NA,NA,NA
2025-05-20 12:00:00,59.76,188.69,2.98,15.94,10.90,NA,NA,0.81,132.42,NA,NA,NA,NA,NA,NA,NA,NA,NA,NA,NA,0.00,NA,NA,NA
2025-05-20 13:00:00,59.32,199.06,2.82,15.18,10.36,NA,NA,0.82,152.22,NA,NA,NA,NA,NA,NA,NA,NA,NA,NA,NA,0.00,NA,NA,NA
2025-05-20 14:00:00,61.81,207.76,2.72,14.64,9.99,NA,NA,0.81,167.90,NA,NA,NA,NA,NA,NA,NA,NA,NA,NA,NA,0.00,NA,NA,NA
2025-05-20 15:00:00,63.90,244.63,3.01,14.21,10.00,NA,NA,0.81,155.01,NA,NA,NA,NA,NA,NA,NA,NA,NA,NA,NA,0.00,NA,NA,NA
2025-05-20 16:00:00,61.18,284.30,3.24,15.31,10.78,NA,NA,0.83,150.24,NA,NA,NA,NA,NA,NA,NA,NA,NA,NA,NA,0.00,NA,NA,NA
2025-05-20 17:00:00,67.80,292.75,2.90,15.93,10.82,NA,NA,0.84,147.00,NA,NA,NA,NA,NA,NA,NA,NA,NA,NA,NA,0.00,NA,NA,NA
2025-05-20 18:00:00,84.99,270.52,2.82,19.71,12.77,NA,NA,0.88,113.50,NA,NA,NA,NA,NA,NA,NA,NA,NA,NA,NA,0.00,NA,NA,NA
2025-05-20 19:00:00,81.36,257.80,3.05,28.83,17.82,NA,NA,1.03,68.85,NA,NA,NA,NA,NA,NA,NA,NA,NA,NA,NA,0.00,NA,NA,NA
2025-05-20 20:00:00,67.08,240.00,3.09,30.14,18.54,NA,NA,1.12,47.48,NA,NA,NA,NA,NA,NA,NA,NA,NA,NA,NA,0.00,NA,NA,NA
2025-05-20 21:00:00,68.12,259.65,3.03,20.31,13.26,NA,NA,1.01,60.72,NA,NA,NA,NA,NA,NA,NA,NA,NA,NA,NA,0.00,NA,NA,NA
2025-05-20 22:00:00,77.21,251.43,2.92,16.48,11.13,NA,NA,0.93,62.83,NA,NA,NA,NA,NA,NA,NA,NA,NA,NA,NA,0.00,NA,NA,NA
2025-05-20 23:00:00,59.80,221.44,2.95,14.10,9.90,NA,NA,0.88,72.90,NA,NA,NA,NA,NA,NA,NA,NA,NA,NA,NA,0.00,NA,NA,NA
2025-05-21 00:00:00,53.62,196.01,2.82,17.22,11.45,NA,NA,0.84,69.23,NA,NA,NA,NA,NA,NA,NA,NA,NA,NA,NA,0.00,NA,NA,NA
2025-05-21 01:00:00,63.12,193.44,2.85,14.67,10.12,NA,NA,0.81,63.30,NA,NA,NA,NA,NA,NA,NA,NA,NA,NA,NA,0.00,NA,NA,NA
2025-05-21 02:00:00,65.36,195.06,3.14,18.66,12.48,NA,NA,0.83,40.72,NA,NA,NA,NA,NA,NA,NA,NA,NA,NA,NA,0.00,NA,NA,NA
2025-05-21 03:00:00,59.34,202.83,3.03,15.16,10.53,NA,NA,0.82,42.98,NA,NA,NA,NA,NA,NA,NA,NA,NA,NA,NA,0.00,NA,NA,NA
2025-05-21 04:00:00,66.47,207.19,3.04,13.43,9.62,NA,NA,0.80,41.25,NA,NA,NA,NA,NA,NA,NA,NA,NA,NA,NA,0.00,NA,NA,NA
2025-05-21 05:00:00,60.61,207.57,3.06,13.54,9.70,NA,NA,0.83,42.29,NA,NA,NA,NA,NA,NA,NA,NA,NA,NA,NA,0.00,NA,NA,NA
2025-05-21 06:00:00,68.57,213.06,3.10,12.02,8.92,NA,NA,0.82,46.41,NA,NA,NA,NA,NA,NA,NA,NA,NA,NA,NA,0.00,NA,NA,NA
2025-05-21 07:00:00,50.88,170.81,3.15,12.50,9.21,NA,NA,0.80,49.45,NA,NA,NA,NA,NA,NA,NA,NA,NA,NA,NA,0.00,NA,NA,NA
2025-05-21 08:00:00,48.54,155.10,3.37,13.31,9.82,NA,NA,0.77,58.65,NA,NA,NA,NA,NA,NA,NA,NA,NA,NA,NA,0.00,NA,NA,NA
2025-05-21 09:00:00,46.66,164.25,3.23,13.13,9.61,NA,NA,0.78,74.15,NA,NA,NA,NA,NA,NA,NA,NA,NA,NA,NA,0.00,NA,NA,NA
2025-05-21 10:00:00,47.86,154.42,3.12,13.06,9.49,NA,NA,0.79,83.09,NA,NA,NA,NA,NA,NA,NA,NA,NA,NA,NA,0.00,NA,NA,NA
2025-05-21 11:00:00,45.72,140.82,2.99,12.65,9.17,NA,NA,0.77,104.02,NA,NA,NA,NA,NA,NA,NA,NA,NA,NA,NA,0.00,NA,NA,NA
2025-05-21 12:00:00,65.68,199.79,7.45,14.02,13.53,NA,NA,0.77,116.74,NA,NA,NA,NA,NA,NA,NA,NA,NA,NA,NA,0.00,NA,NA,NA
2025-05-21 13:00:00,68.70,221.52,15.75,13.87,20.20,NA,NA,0.75,136.36,NA,NA,NA,NA,NA,NA,NA,NA,NA,NA,NA,0.00,NA,NA,NA
2025-05-21 14:00:00,66.45,224.49,23.52,16.12,27.70,NA,NA,0.74,NA,NA,NA,NA,NA,NA,NA,NA,NA,NA,NA,NA,0.00,NA,NA,NA
2025-05-21 15:00:00,81.67,232.06,25.16,28.83,35.81,NA,NA,0.73,152.30,NA,NA,NA,NA,NA,NA,NA,NA,NA,NA,NA,0.00,NA,NA,NA
2025-05-21 16:00:00,81.92,241.94,28.36,48.92,49.09,NA,NA,0.70,153.58,NA,NA,NA,NA,NA,NA,NA,NA,NA,NA,NA,0.00,NA,NA,NA
2025-05-21 17:00:00,95.34,243.23,19.84,72.07,54.46,NA,NA,0.70,143.14,NA,NA,NA,NA,NA,NA,NA,NA,NA,NA,NA,0.00,NA,NA,NA
2025-05-21 18:00:00,69.98,224.87,12.68,52.68,38.31,NA,NA,0.76,115.28,NA,NA,NA,NA,NA,NA,NA,NA,NA,NA,NA,0.00,NA,NA,NA
2025-05-21 19:00:00,54.80,201.16,10.34,28.62,23.62,NA,NA,0.78,100.49,NA,NA,NA,NA,NA,NA,NA,NA,NA,NA,NA,0.00,NA,NA,NA
2025-05-21 20:00:00,64.24,559.60,6.46,23.66,17.83,NA,NA,0.68,73.90,NA,NA,NA,NA,NA,NA,NA,NA,NA,NA,NA,0.00,NA,NA,NA
2025-05-21 21:00:00,26.69,318.80,5.34,20.60,15.30,NA,NA,0.69,48.39,NA,NA,NA,NA,NA,NA,NA,NA,NA,NA,NA,0.00,NA,NA,NA
2025-05-21 22:00:00,NA,9.46,5.09,24.90,17.38,NA,NA,0.68,49.25,NA,NA,NA,NA,NA,NA,NA,NA,NA,NA,NA,0.00,NA,NA,NA
2025-05-21 23:00:00,5.46,19.24,4.57,20.79,14.78,NA,NA,0.66,60.51,NA,NA,NA,NA,NA,NA,NA,NA,NA,NA,NA,0.00,NA,NA,NA
2025-05-22 00:00:00,12.56,39.78,4.29,19.92,14.08,NA,NA,0.65,61.62,NA,NA,NA,NA,NA,NA,NA,NA,NA,NA,NA,0.00,NA,NA,NA
2025-05-22 01:00:00,15.37,45.66,4.06,14.56,11.05,NA,NA,0.62,65.49,NA,NA,NA,NA,NA,NA,NA,NA,NA,NA,NA,0.00,NA,NA,NA
2025-05-22 02:00:00,5.79,25.14,3.85,12.79,9.93,NA,NA,0.62,66.38,NA,NA,NA,NA,NA,NA,NA,NA,NA,NA,NA,0.00,NA,NA,NA
2025-05-22 03:00:00,19.23,42.06,3.78,15.75,11.45,NA,NA,0.62,57.00,NA,NA,NA,NA,NA,NA,NA,NA,NA,NA,NA,0.00,NA,NA,NA
2025-05-22 04:00:00,33.39,70.38,3.97,17.41,12.49,NA,NA,0.65,48.77,NA,NA,NA,NA,NA,NA,NA,NA,NA,NA,NA,0.00,NA,NA,NA
2025-05-22 05:00:00,31.05,63.62,3.92,17.66,12.58,NA,NA,0.64,47.13,NA,NA,NA,NA,NA,NA,NA,NA,NA,NA,NA,0.00,NA,NA,NA
2025-05-22 06:00:00,7.63,21.09,4.04,19.02,13.41,NA,NA,0.64,48.17,NA,NA,NA,NA,NA,NA,NA,NA,NA,NA,NA,0.00,NA,NA,NA
2025-05-22 07:00:00,13.87,42.06,4.44,16.29,12.28,NA,NA,0.66,53.07,NA,NA,NA,NA,NA,NA,NA,NA,NA,NA,NA,0.00,NA,NA,NA
2025-05-22 08:00:00,23.70,61.79,4.46,15.68,11.97,NA,NA,0.65,59.28,NA,NA,NA,NA,NA,NA,NA,NA,NA,NA,NA,0.00,NA,NA,NA
2025-05-22 09:00:00,25.67,66.96,4.34,15.83,11.95,NA,NA,0.64,65.93,NA,NA,NA,NA,NA,NA,NA,NA,NA,NA,NA,0.00,NA,NA,NA
2025-05-22 10:00:00,15.96,55.71,3.84,14.72,10.95,NA,NA,0.64,77.52,NA,NA,NA,NA,NA,NA,NA,NA,NA,NA,NA,0.00,NA,NA,NA
2025-05-22 11:00:00,12.19,60.69,3.46,14.21,10.37,NA,NA,0.62,84.85,NA,NA,NA,NA,NA,NA,NA,NA,NA,NA,NA,0.00,NA,NA,NA
2025-05-22 12:00:00,26.16,64.05,3.20,14.82,10.48,NA,NA,0.62,94.61,NA,NA,NA,NA,NA,NA,NA,NA,NA,NA,NA,0.00,NA,NA,NA
2025-05-22 13:00:00,37.72,85.41,NA,NA,NA,NA,NA,0.60,98.40,NA,NA,NA,NA,NA,NA,NA,NA,NA,NA,NA,0.00,NA,NA,NA
2025-05-22 14:00:00,38.08,87.16,3.80,7.45,7.05,NA,NA,0.58,104.40,NA,NA,NA,NA,NA,NA,NA,NA,NA,NA,NA,0.00,NA,NA,NA
2025-05-22 15:00:00,29.28,114.06,4.40,7.13,7.37,NA,NA,0.27,105.88,NA,NA,NA,NA,NA,NA,NA,NA,NA,NA,NA,0.00,NA,NA,NA
2025-05-22 16:00:00,40.41,101.30,4.69,7.39,7.75,NA,NA,0.29,NA,NA,NA,NA,NA,NA,NA,NA,NA,NA,NA,NA,0.00,NA,NA,NA
2025-05-22 17:00:00,40.94,72.99,5.32,9.88,9.58,NA,NA,0.26,84.14,NA,NA,NA,NA,NA,NA,NA,NA,NA,NA,NA,0.00,NA,NA,NA
2025-05-22 18:00:00,53.90,97.36,4.69,12.19,10.30,NA,NA,0.31,75.57,NA,NA,NA,NA,NA,NA,NA,NA,NA,NA,NA,0.00,NA,NA,NA
2025-05-22 19:00:00,24.91,76.21,4.05,15.87,11.74,NA,NA,0.36,61.65,NA,NA,NA,NA,NA,NA,NA,NA,NA,NA,NA,0.00,NA,NA,NA
2025-05-22 20:00:00,33.94,86.20,4.10,15.13,11.38,NA,NA,0.37,53.09,NA,NA,NA,NA,NA,NA,NA,NA,NA,NA,NA,0.00,NA,NA,NA
2025-05-22 21:00:00,38.22,85.14,3.81,15.86,11.54,NA,NA,0.39,40.28,NA,NA,NA,NA,NA,NA,NA,NA,NA,NA,NA,0.00,NA,NA,NA
2025-05-22 22:00:00,42.84,93.84,3.22,13.54,9.82,NA,NA,0.41,44.86,NA,NA,NA,NA,NA,NA,NA,NA,NA,NA,NA,0.00,NA,NA,NA
2025-05-22 23:00:00,15.92,69.42,2.81,12.45,8.90,NA,NA,0.36,42.19,NA,NA,NA,NA,NA,NA,NA,NA,NA,NA,NA,0.00,NA,NA,NA
2025-05-23 00:00:00,24.68,74.54,2.84,11.92,8.65,NA,NA,0.36,37.68,NA,NA,NA,NA,NA,NA,NA,NA,NA,NA,NA,0.00,NA,NA,NA
2025-05-23 01:00:00,40.67,92.68,2.94,11.08,8.28,NA,NA,0.36,37.52,NA,NA,NA,NA,NA,NA,NA,NA,NA,NA,NA,0.00,NA,NA,NA
2025-05-23 02:00:00,48.64,88.15,2.84,10.70,8.00,NA,NA,0.35,37.15,NA,NA,NA,NA,NA,NA,NA,NA,NA,NA,NA,0.00,NA,NA,NA
2025-05-23 03:00:00,42.15,81.27,2.60,8.89,6.84,NA,NA,0.34,41.72,NA,NA,NA,NA,NA,NA,NA,NA,NA,NA,NA,0.00,NA,NA,NA
2025-05-23 04:00:00,31.48,80.67,2.82,10.34,7.79,NA,NA,0.34,33.47,NA,NA,NA,NA,NA,NA,NA,NA,NA,NA,NA,0.00,NA,NA,NA
2025-05-23 05:00:00,39.76,65.63,3.14,11.00,8.41,NA,NA,0.33,33.58,NA,NA,NA,NA,NA,NA,NA,NA,NA,NA,NA,0.00,NA,NA,NA
2025-05-23 06:00:00,33.50,78.38,3.57,10.50,8.49,NA,NA,0.36,28.46,NA,NA,NA,NA,NA,NA,NA,NA,NA,NA,NA,0.00,NA,NA,NA
2025-05-23 07:00:00,48.44,98.83,3.64,10.90,8.76,NA,NA,0.38,29.16,NA,NA,NA,NA,NA,NA,NA,NA,NA,NA,NA,0.00,NA,NA,NA
2025-05-23 08:00:00,27.82,86.92,3.38,8.46,7.25,NA,NA,0.35,46.56,NA,NA,NA,NA,NA,NA,NA,NA,NA,NA,NA,0.00,NA,NA,NA
2025-05-23 09:00:00,36.81,81.35,3.75,9.26,7.97,NA,NA,0.34,56.00,NA,NA,NA,NA,NA,NA,NA,NA,NA,NA,NA,0.00,NA,NA,NA
2025-05-23 10:00:00,37.63,83.77,3.50,7.89,7.04,NA,NA,0.34,70.04,NA,NA,NA,NA,NA,NA,NA,NA,NA,NA,NA,0.00,NA,NA,NA
2025-05-23 11:00:00,35.96,79.54,3.08,7.14,6.30,NA,NA,0.30,74.02,NA,NA,NA,NA,NA,NA,NA,NA,NA,NA,NA,0.00,NA,NA,NA
2025-05-23 12:00:00,24.53,73.26,3.36,6.41,6.14,NA,NA,0.28,134.52,NA,NA,NA,NA,NA,NA,NA,NA,NA,NA,NA,0.00,NA,NA,NA
2025-05-23 13:00:00,28.96,76.84,3.78,6.04,6.28,NA,NA,0.26,272.63,NA,NA,NA,NA,NA,NA,NA,NA,NA,NA,NA,0.00,NA,NA,NA
2025-05-23 14:00:00,37.02,84.75,3.18,6.17,5.87,NA,NA,0.27,362.72,NA,NA,NA,NA,NA,NA,NA,NA,NA,NA,NA,0.00,NA,NA,NA
2025-05-23 15:00:00,40.98,96.97,2.58,6.14,5.36,NA,NA,0.28,447.30,NA,NA,NA,NA,NA,NA,NA,NA,NA,NA,NA,0.00,NA,NA,NA
2025-05-23 16:00:00,28.52,85.26,2.23,6.51,5.28,NA,NA,0.28,487.34,NA,NA,NA,NA,NA,NA,NA,NA,NA,NA,NA,0.00,NA,NA,NA
2025-05-23 17:00:00,30.39,88.09,2.20,7.03,5.52,NA,NA,0.28,NA,NA,NA,NA,NA,NA,NA,NA,NA,NA,NA,NA,0.00,NA,NA,NA
2025-05-23 18:00:00,34.02,96.55,2.34,8.83,6.60,NA,NA,0.32,NA,NA,NA,NA,NA,NA,NA,NA,NA,NA,NA,NA,0.00,NA,NA,NA
2025-05-23 19:00:00,43.30,109.15,2.64,18.02,11.73,NA,NA,0.40,NA,NA,NA,NA,NA,NA,NA,NA,NA,NA,NA,NA,0.00,NA,NA,NA
2025-05-23 20:00:00,35.14,126.96,2.65,17.77,11.61,NA,NA,0.48,NA,NA,NA,NA,NA,NA,NA,NA,NA,NA,NA,NA,0.00,NA,NA,NA
2025-05-23 21:00:00,33.89,107.13,2.87,16.95,11.34,NA,NA,0.43,NA,NA,NA,NA,NA,NA,NA,NA,NA,NA,NA,NA,0.00,NA,NA,NA
2025-05-23 22:00:00,35.03,96.02,2.81,14.18,9.83,NA,NA,0.43,319.48,NA,NA,NA,NA,NA,NA,NA,NA,NA,NA,NA,0.00,NA,NA,NA
2025-05-23 23:00:00,52.79,135.25,3.19,19.53,12.97,NA,NA,0.46,NA,NA,NA,NA,NA,NA,NA,NA,NA,NA,NA,NA,0.00,NA,NA,NA
2025-05-24 00:00:00,46.70,143.41,2.62,15.12,10.17,NA,NA,0.40,NA,NA,NA,NA,NA,NA,NA,NA,NA,NA,NA,NA,0.00,NA,NA,NA
2025-05-24 01:00:00,38.97,102.24,2.28,12.65,8.58,NA,NA,0.37,NA,NA,NA,NA,NA,NA,NA,NA,NA,NA,NA,NA,0.00,NA,NA,NA
2025-05-24 02:00:00,46.50,114.24,2.93,14.48,10.09,NA,NA,0.39,NA,NA,NA,NA,NA,NA,NA,NA,NA,NA,NA,NA,0.00,NA,NA,NA
2025-05-24 03:00:00,61.16,134.43,2.76,9.91,7.52,NA,NA,0.39,NA,NA,NA,NA,NA,NA,NA,NA,NA,NA,NA,NA,0.00,NA,NA,NA
2025-05-24 04:00:00,60.70,122.09,2.81,10.58,7.92,NA,NA,0.38,NA,NA,NA,NA,NA,NA,NA,NA,NA,NA,NA,NA,0.00,NA,NA,NA
2025-05-24 05:00:00,44.58,107.30,2.60,8.07,6.40,NA,NA,0.36,NA,NA,NA,NA,NA,NA,NA,NA,NA,NA,NA,NA,0.00,NA,NA,NA
2025-05-24 06:00:00,47.03,97.99,2.85,9.30,7.26,NA,NA,0.36,NA,NA,NA,NA,NA,NA,NA,NA,NA,NA,NA,NA,0.00,NA,NA,NA
2025-05-24 07:00:00,46.35,99.97,3.07,9.00,7.28,NA,NA,0.36,NA,NA,NA,NA,NA,NA,NA,NA,NA,NA,NA,NA,0.00,NA,NA,NA
2025-05-24 08:00:00,52.30,116.11,3.05,8.24,6.86,NA,NA,0.36,NA,NA,NA,NA,NA,NA,NA,NA,NA,NA,NA,NA,0.00,NA,NA,NA
2025-05-24 09:00:00,33.62,96.95,2.61,7.70,6.22,NA,NA,0.34,NA,NA,NA,NA,NA,NA,NA,NA,NA,NA,NA,NA,0.00,NA,NA,NA
2025-05-24 10:00:00,35.46,112.02,2.54,6.35,5.44,NA,NA,0.33,NA,NA,NA,NA,NA,NA,NA,NA,NA,NA,NA,NA,0.00,NA,NA,NA
2025-05-24 11:00:00,50.84,125.62,2.52,5.78,5.12,NA,NA,0.31,NA,NA,NA,NA,NA,NA,NA,NA,NA,NA,NA,NA,0.00,NA,NA,NA
2025-05-24 12:00:00,45.46,130.26,3.42,5.91,5.93,NA,NA,0.32,NA,NA,NA,NA,NA,NA,NA,NA,NA,NA,NA,NA,0.00,NA,NA,NA
2025-05-24 13:00:00,52.04,141.27,5.02,5.92,7.22,NA,NA,0.29,NA,NA,NA,NA,NA,NA,NA,NA,NA,NA,NA,NA,0.00,NA,NA,NA
2025-05-24 14:00:00,62.85,152.61,4.76,5.40,6.74,NA,NA,0.28,NA,NA,NA,NA,NA,NA,NA,NA,NA,NA,NA,NA,0.00,NA,NA,NA
2025-05-24 15:00:00,52.35,136.19,4.77,5.39,6.75,NA,NA,0.28,NA,NA,NA,NA,NA,NA,NA,NA,NA,NA,NA,NA,0.00,NA,NA,NA
2025-05-24 16:00:00,50.14,128.69,5.76,6.61,8.21,NA,NA,0.28,NA,NA,NA,NA,NA,NA,NA,NA,NA,NA,NA,NA,0.00,NA,NA,NA
2025-05-24 17:00:00,62.34,153.14,6.50,6.80,8.90,NA,NA,0.25,NA,NA,NA,NA,NA,NA,NA,NA,NA,NA,NA,NA,0.00,NA,NA,NA
2025-05-24 18:00:00,65.15,163.87,7.89,6.79,10.02,NA,NA,0.24,NA,NA,NA,NA,NA,NA,NA,NA,NA,NA,NA,NA,0.00,NA,NA,NA
2025-05-24 19:00:00,67.82,157.51,11.05,10.06,14.33,NA,NA,0.30,95.89,NA,NA,NA,NA,NA,NA,NA,NA,NA,NA,NA,0.00,NA,NA,NA
2025-05-24 20:00:00,53.71,147.49,6.32,14.25,12.72,NA,NA,0.38,78.95,NA,NA,NA,NA,NA,NA,NA,NA,NA,NA,NA,0.00,NA,NA,NA
2025-05-24 21:00:00,54.79,135.45,5.48,15.70,12.81,NA,NA,0.42,67.24,NA,NA,NA,NA,NA,NA,NA,NA,NA,NA,NA,0.00,NA,NA,NA
2025-05-24 22:00:00,33.18,119.94,4.44,14.34,11.24,NA,NA,0.38,70.75,NA,NA,NA,NA,NA,NA,NA,NA,NA,NA,NA,0.00,NA,NA,NA
2025-05-24 23:00:00,39.65,129.73,4.04,10.84,9.05,NA,NA,0.32,86.79,NA,NA,NA,NA,NA,NA,NA,NA,NA,NA,NA,0.00,NA,NA,NA
2025-05-25 00:00:00,48.83,138.95,3.68,9.88,8.25,NA,NA,0.30,87.15,NA,NA,NA,NA,NA,NA,NA,NA,NA,NA,NA,0.00,NA,NA,NA
2025-05-25 01:00:00,51.74,230.85,2.90,5.05,5.05,NA,NA,0.25,98.72,NA,NA,NA,NA,NA,NA,NA,NA,NA,NA,NA,0.00,NA,NA,NA
2025-05-25 02:00:00,21.03,141.35,2.01,2.76,3.10,NA,NA,0.20,95.86,NA,NA,NA,NA,NA,NA,NA,NA,NA,NA,NA,0.00,NA,NA,NA
2025-05-25 03:00:00,1.88,NA,2.26,3.53,3.72,NA,NA,0.18,92.30,NA,NA,NA,NA,NA,NA,NA,NA,NA,NA,NA,0.00,NA,NA,NA
2025-05-25 04:00:00,5.83,6.27,2.57,5.34,4.93,NA,NA,0.19,79.81,NA,NA,NA,NA,NA,NA,NA,NA,NA,NA,NA,0.00,NA,NA,NA
2025-05-25 05:00:00,6.82,16.42,2.66,8.82,6.85,NA,NA,0.21,73.41,NA,NA,NA,NA,NA,NA,NA,NA,NA,NA,NA,0.00,NA,NA,NA
2025-05-25 06:00:00,13.72,17.03,2.19,8.82,6.47,NA,NA,0.23,66.14,NA,NA,NA,NA,NA,NA,NA,NA,NA,NA,NA,0.00,NA,NA,NA
2025-05-25 07:00:00,5.72,5.49,2.80,9.45,7.31,NA,NA,0.23,52.22,NA,NA,NA,NA,NA,NA,NA,NA,NA,NA,NA,0.00,NA,NA,NA
2025-05-25 08:00:00,10.54,25.31,3.68,11.64,9.18,NA,NA,0.26,53.05,NA,NA,NA,NA,NA,NA,NA,NA,NA,NA,NA,0.00,NA,NA,NA
2025-05-25 09:00:00,20.08,30.10,3.81,11.52,9.23,NA,NA,0.25,71.53,NA,NA,NA,NA,NA,NA,NA,NA,NA,NA,NA,0.00,NA,NA,NA
2025-05-25 10:00:00,24.50,51.78,2.70,9.78,7.40,NA,NA,0.27,108.99,NA,NA,NA,NA,NA,NA,NA,NA,NA,NA,NA,0.00,NA,NA,NA
2025-05-25 11:00:00,21.39,53.00,2.56,9.88,7.34,NA,NA,0.24,118.14,NA,NA,NA,NA,NA,NA,NA,NA,NA,NA,NA,0.00,NA,NA,NA
2025-05-25 12:00:00,22.38,45.40,2.86,10.16,7.72,NA,NA,0.23,109.94,NA,NA,NA,NA,NA,NA,NA,NA,NA,NA,NA,0.00,NA,NA,NA
2025-05-25 13:00:00,29.68,65.74,2.73,7.44,6.18,NA,NA,0.24,112.71,NA,NA,NA,NA,NA,NA,NA,NA,NA,NA,NA,0.00,NA,NA,NA
2025-05-25 14:00:00,24.72,44.83,2.49,7.07,5.78,NA,NA,0.23,112.03,NA,NA,NA,NA,NA,NA,NA,NA,NA,NA,NA,0.00,NA,NA,NA
2025-05-25 15:00:00,13.75,45.94,2.31,6.60,5.38,NA,NA,0.24,113.69,NA,NA,NA,NA,NA,NA,NA,NA,NA,NA,NA,0.00,NA,NA,NA
2025-05-25 16:00:00,22.45,62.60,2.58,6.68,5.65,NA,NA,0.23,110.65,NA,NA,NA,NA,NA,NA,NA,NA,NA,NA,NA,0.00,NA,NA,NA
2025-05-25 17:00:00,25.67,50.25,2.78,7.00,5.98,NA,NA,0.23,103.85,NA,NA,NA,NA,NA,NA,NA,NA,NA,NA,NA,0.00,NA,NA,NA
2025-05-25 18:00:00,39.94,68.08,2.56,8.29,6.50,NA,NA,0.28,89.65,NA,NA,NA,NA,NA,NA,NA,NA,NA,NA,NA,0.00,NA,NA,NA
2025-05-25 19:00:00,24.34,61.07,2.54,12.51,8.73,NA,NA,0.32,55.26,NA,NA,NA,NA,NA,NA,NA,NA,NA,NA,NA,0.00,NA,NA,NA
2025-05-25 20:00:00,28.63,95.10,3.54,16.46,11.64,NA,NA,0.40,34.35,NA,NA,NA,NA,NA,NA,NA,NA,NA,NA,NA,0.00,NA,NA,NA
2025-05-25 21:00:00,39.06,104.01,4.16,18.88,13.42,NA,NA,0.43,23.44,NA,NA,NA,NA,NA,NA,NA,NA,NA,NA,NA,0.00,NA,NA,NA
2025-05-25 22:00:00,54.16,119.60,7.64,20.95,17.36,NA,NA,0.49,12.07,NA,NA,NA,NA,NA,NA,NA,NA,NA,NA,NA,0.00,NA,NA,NA
2025-05-25 23:00:00,52.05,111.07,7.78,20.06,17.00,NA,NA,0.57,8.11,NA,NA,NA,NA,NA,NA,NA,NA,NA,NA,NA,0.00,NA,NA,NA
2025-05-26 00:00:00,41.24,114.65,10.40,19.35,18.75,NA,NA,0.57,8.21,NA,NA,NA,NA,NA,NA,NA,NA,NA,NA,NA,0.00,NA,NA,NA
2025-05-26 01:00:00,86.34,168.57,4.66,16.14,12.38,NA,NA,0.48,12.56,NA,NA,NA,NA,NA,NA,NA,NA,NA,NA,NA,0.00,NA,NA,NA
2025-05-26 02:00:00,57.96,110.27,4.02,13.51,10.46,NA,NA,0.40,16.46,NA,NA,NA,NA,NA,NA,NA,NA,NA,NA,NA,0.00,NA,NA,NA
2025-05-26 03:00:00,62.22,116.58,3.71,14.35,10.65,NA,NA,0.43,11.19,NA,NA,NA,NA,NA,NA,NA,NA,NA,NA,NA,0.00,NA,NA,NA
2025-05-26 04:00:00,35.75,86.28,3.99,14.37,10.89,NA,NA,0.39,8.79,NA,NA,NA,NA,NA,NA,NA,NA,NA,NA,NA,0.00,NA,NA,NA
2025-05-26 05:00:00,39.26,85.32,5.39,16.06,12.93,NA,NA,0.37,9.90,NA,NA,NA,NA,NA,NA,NA,NA,NA,NA,NA,0.00,NA,NA,NA
2025-05-26 06:00:00,44.84,93.57,9.16,20.18,18.18,NA,NA,0.38,11.45,NA,NA,NA,NA,NA,NA,NA,NA,NA,NA,NA,0.00,NA,NA,NA
2025-05-26 07:00:00,48.05,97.26,4.82,14.87,11.82,NA,NA,0.36,22.04,NA,NA,NA,NA,NA,NA,NA,NA,NA,NA,NA,0.00,NA,NA,NA
2025-05-26 08:00:00,27.25,66.26,3.32,10.92,8.51,NA,NA,0.32,38.08,NA,NA,NA,NA,NA,NA,NA,NA,NA,NA,NA,0.00,NA,NA,NA
2025-05-26 09:00:00,30.10,77.32,3.28,8.55,7.22,NA,NA,0.28,64.96,NA,NA,NA,NA,NA,NA,NA,NA,NA,NA,NA,0.00,NA,NA,NA
2025-05-26 10:00:00,34.20,68.17,3.36,7.62,6.78,NA,NA,0.24,85.12,NA,NA,NA,NA,NA,NA,NA,NA,NA,NA,NA,0.00,NA,NA,NA
2025-05-26 11:00:00,25.92,66.83,2.91,7.34,6.27,NA,NA,0.24,98.05,NA,NA,NA,NA,NA,NA,NA,NA,NA,NA,NA,0.00,NA,NA,NA
2025-05-26 12:00:00,21.80,58.31,2.50,8.00,6.29,NA,NA,0.24,91.78,NA,NA,NA,NA,NA,NA,NA,NA,NA,NA,NA,0.00,NA,NA,NA
2025-05-26 13:00:00,21.12,57.17,4.79,7.56,7.92,NA,NA,0.22,105.60,NA,NA,NA,NA,NA,NA,NA,NA,NA,NA,NA,0.00,NA,NA,NA
2025-05-26 14:00:00,26.05,71.42,3.67,6.45,6.41,NA,NA,0.20,118.82,NA,NA,NA,NA,NA,NA,NA,NA,NA,NA,NA,0.00,NA,NA,NA
2025-05-26 15:00:00,31.36,73.94,2.85,6.79,5.92,NA,NA,0.22,123.61,NA,NA,NA,NA,NA,NA,NA,NA,NA,NA,NA,0.00,NA,NA,NA
2025-05-26 16:00:00,31.09,70.39,2.60,6.38,5.51,NA,NA,0.22,122.26,NA,NA,NA,NA,NA,NA,NA,NA,NA,NA,NA,0.00,NA,NA,NA
2025-05-26 17:00:00,25.76,67.78,2.49,7.78,6.16,NA,NA,0.24,123.91,NA,NA,NA,NA,NA,NA,NA,NA,NA,NA,NA,0.00,NA,NA,NA
2025-05-26 18:00:00,40.47,91.48,2.61,9.86,7.36,NA,NA,0.27,99.00,NA,NA,NA,NA,NA,NA,NA,NA,NA,NA,NA,0.00,NA,NA,NA
2025-05-26 19:00:00,42.00,88.22,2.73,13.05,9.16,NA,NA,0.32,74.84,NA,NA,NA,NA,NA,NA,NA,NA,NA,NA,NA,0.00,NA,NA,NA
2025-05-26 20:00:00,41.31,104.03,2.87,19.13,12.52,NA,NA,0.46,37.64,NA,NA,NA,NA,NA,NA,NA,NA,NA,NA,NA,0.00,NA,NA,NA
2025-05-26 21:00:00,31.68,101.61,3.13,20.00,13.18,NA,NA,0.54,28.16,NA,NA,NA,NA,NA,NA,NA,NA,NA,NA,NA,0.00,NA,NA,NA
2025-05-26 22:00:00,47.20,108.98,3.56,19.61,13.32,NA,NA,0.55,19.06,NA,NA,NA,NA,NA,NA,NA,NA,NA,NA,NA,0.00,NA,NA,NA
2025-05-26 23:00:00,43.38,117.36,3.45,16.34,11.49,NA,NA,0.50,21.28,NA,NA,NA,NA,NA,NA,NA,NA,NA,NA,NA,0.00,NA,NA,NA
2025-05-27 00:00:00,52.20,117.86,3.13,14.41,10.21,NA,NA,0.41,28.65,NA,NA,NA,NA,NA,NA,NA,NA,NA,NA,NA,0.00,NA,NA,NA
2025-05-27 01:00:00,37.36,85.08,2.89,13.20,9.37,NA,NA,0.37,30.30,NA,NA,NA,NA,NA,NA,NA,NA,NA,NA,NA,0.00,NA,NA,NA
2025-05-27 02:00:00,37.20,76.98,3.03,10.78,8.20,NA,NA,0.33,31.30,NA,NA,NA,NA,NA,NA,NA,NA,NA,NA,NA,0.00,NA,NA,NA
2025-05-27 03:00:00,42.15,78.70,3.04,9.94,7.76,NA,NA,0.32,31.84,NA,NA,NA,NA,NA,NA,NA,NA,NA,NA,NA,0.00,NA,NA,NA
2025-05-27 04:00:00,46.41,73.26,3.06,10.08,7.86,NA,NA,0.31,24.92,NA,NA,NA,NA,NA,NA,NA,NA,NA,NA,NA,0.00,NA,NA,NA
2025-05-27 05:00:00,26.88,65.34,3.99,12.83,10.07,NA,NA,0.35,10.04,NA,NA,NA,NA,NA,NA,NA,NA,NA,NA,NA,0.00,NA,NA,NA
2025-05-27 06:00:00,34.05,61.43,8.70,12.26,13.59,NA,NA,0.37,16.87,NA,NA,NA,NA,NA,NA,NA,NA,NA,NA,NA,0.00,NA,NA,NA
2025-05-27 07:00:00,34.83,81.74,3.98,14.08,10.72,NA,NA,0.32,58.47,NA,NA,NA,NA,NA,NA,NA,NA,NA,NA,NA,0.00,NA,NA,NA
2025-05-27 08:00:00,48.88,102.39,3.64,12.20,9.44,NA,NA,0.30,93.45,NA,NA,NA,NA,NA,NA,NA,NA,NA,NA,NA,0.00,NA,NA,NA
2025-05-27 09:00:00,42.35,91.44,3.23,13.87,10.01,NA,NA,0.28,109.00,NA,NA,NA,NA,NA,NA,NA,NA,NA,NA,NA,0.00,NA,NA,NA
2025-05-27 10:00:00,22.68,73.51,2.88,12.28,8.87,NA,NA,0.24,122.20,NA,NA,NA,NA,NA,NA,NA,NA,NA,NA,NA,0.00,NA,NA,NA
2025-05-27 11:00:00,33.69,85.64,2.51,7.22,5.89,NA,NA,0.22,126.12,NA,NA,NA,NA,NA,NA,NA,NA,NA,NA,NA,0.00,NA,NA,NA
2025-05-27 12:00:00,35.76,67.77,3.86,6.46,6.57,NA,NA,0.18,118.80,NA,NA,NA,NA,NA,NA,NA,NA,NA,NA,NA,0.00,NA,NA,NA
2025-05-27 13:00:00,51.15,98.55,3.76,5.94,6.22,NA,NA,0.18,127.38,NA,NA,NA,NA,NA,NA,NA,NA,NA,NA,NA,0.00,NA,NA,NA
2025-05-27 14:00:00,49.83,92.53,4.24,6.41,6.86,NA,NA,0.16,142.29,NA,NA,NA,NA,NA,NA,NA,NA,NA,NA,NA,0.00,NA,NA,NA
2025-05-27 15:00:00,51.70,99.06,5.66,6.51,8.06,NA,NA,0.14,150.48,NA,NA,NA,NA,NA,NA,NA,NA,NA,NA,NA,0.00,NA,NA,NA
2025-05-27 16:00:00,59.14,109.05,6.36,6.08,8.41,NA,NA,0.15,166.95,NA,NA,NA,NA,NA,NA,NA,NA,NA,NA,NA,0.00,NA,NA,NA
2025-05-27 17:00:00,71.61,117.97,7.24,7.38,9.81,NA,NA,0.16,152.14,NA,NA,NA,NA,NA,NA,NA,NA,NA,NA,NA,0.00,NA,NA,NA
2025-05-27 18:00:00,60.85,113.73,7.05,13.60,12.96,NA,NA,0.26,107.96,NA,NA,NA,NA,NA,NA,NA,NA,NA,NA,NA,0.00,NA,NA,NA
2025-05-27 19:00:00,48.80,73.92,5.88,24.67,17.90,NA,NA,0.47,48.92,NA,NA,NA,NA,NA,NA,NA,NA,NA,NA,NA,0.00,NA,NA,NA
2025-05-27 20:00:00,26.86,98.68,4.15,22.38,15.28,NA,NA,0.52,42.82,NA,NA,NA,NA,NA,NA,NA,NA,NA,NA,NA,0.00,NA,NA,NA
2025-05-27 21:00:00,32.11,117.38,3.02,19.19,12.66,NA,NA,0.52,35.73,NA,NA,NA,NA,NA,NA,NA,NA,NA,NA,NA,0.00,NA,NA,NA
2025-05-27 22:00:00,40.00,109.59,4.11,19.27,13.59,NA,NA,0.59,12.98,NA,NA,NA,NA,NA,NA,NA,NA,NA,NA,NA,0.00,NA,NA,NA
2025-05-27 23:00:00,48.52,130.47,6.47,19.56,15.66,NA,NA,0.63,7.88,NA,NA,NA,NA,NA,NA,NA,NA,NA,NA,NA,0.00,NA,NA,NA
2025-05-28 00:00:00,69.05,147.54,11.90,17.79,19.14,NA,NA,0.65,8.46,NA,NA,NA,NA,NA,NA,NA,NA,NA,NA,NA,0.00,NA,NA,NA
2025-05-28 01:00:00,70.34,177.28,14.13,16.93,20.50,NA,NA,0.63,10.48,NA,NA,NA,NA,NA,NA,NA,NA,NA,NA,NA,0.00,NA,NA,NA
2025-05-28 02:00:00,72.87,170.46,16.44,16.49,22.14,NA,NA,0.67,8.50,NA,NA,NA,NA,NA,NA,NA,NA,NA,NA,NA,0.00,NA,NA,NA
2025-05-28 03:00:00,48.30,116.84,5.18,17.58,13.56,NA,NA,0.53,10.50,NA,NA,NA,NA,NA,NA,NA,NA,NA,NA,NA,0.00,NA,NA,NA
2025-05-28 04:00:00,57.72,111.08,3.46,15.69,11.17,NA,NA,0.40,15.12,NA,NA,NA,NA,NA,NA,NA,NA,NA,NA,NA,0.00,NA,NA,NA
2025-05-28 05:00:00,48.03,101.52,3.51,14.72,10.68,NA,NA,0.38,19.54,NA,NA,NA,NA,NA,NA,NA,NA,NA,NA,NA,0.00,NA,NA,NA
2025-05-28 06:00:00,56.64,100.63,6.28,14.21,12.67,NA,NA,0.42,14.30,NA,NA,NA,NA,NA,NA,NA,NA,NA,NA,NA,0.00,NA,NA,NA
2025-05-28 07:00:00,28.31,83.59,3.94,11.45,9.30,NA,NA,0.38,36.66,NA,NA,NA,NA,NA,NA,NA,NA,NA,NA,NA,0.00,NA,NA,NA
2025-05-28 08:00:00,24.58,89.02,3.56,9.18,7.78,NA,NA,0.32,67.22,NA,NA,NA,NA,NA,NA,NA,NA,NA,NA,NA,0.00,NA,NA,NA
2025-05-28 09:00:00,36.42,96.12,3.31,7.54,6.70,NA,NA,0.30,78.71,NA,NA,NA,NA,NA,NA,NA,NA,NA,NA,NA,0.00,NA,NA,NA
2025-05-28 10:00:00,27.93,97.15,3.25,10.48,8.22,NA,NA,0.29,95.12,NA,NA,NA,NA,NA,NA,NA,NA,NA,NA,NA,0.00,NA,NA,NA
2025-05-28 11:00:00,29.15,81.59,4.25,7.68,7.54,NA,NA,0.21,109.40,NA,NA,NA,NA,NA,NA,NA,NA,NA,NA,NA,0.00,NA,NA,NA
2025-05-28 12:00:00,43.08,92.89,6.01,8.93,9.64,NA,NA,0.20,121.94,NA,NA,NA,NA,NA,NA,NA,NA,NA,NA,NA,0.00,NA,NA,NA
2025-05-28 13:00:00,52.01,105.30,6.79,12.90,12.39,NA,NA,0.22,143.00,NA,NA,NA,NA,NA,NA,NA,NA,NA,NA,NA,0.00,NA,NA,NA
2025-05-28 14:00:00,42.94,102.59,12.42,20.55,21.02,NA,NA,0.23,157.37,NA,NA,NA,NA,NA,NA,NA,NA,NA,NA,NA,0.00,NA,NA,NA
2025-05-28 15:00:00,63.50,132.92,10.59,28.81,23.93,NA,NA,0.22,177.57,NA,NA,NA,NA,NA,NA,NA,NA,NA,NA,NA,0.00,NA,NA,NA
2025-05-28 16:00:00,60.20,128.54,9.76,7.57,11.97,NA,NA,0.16,75.86,NA,NA,NA,NA,NA,NA,NA,NA,NA,NA,NA,0.00,NA,NA,NA
2025-05-28 17:00:00,76.37,139.27,13.75,9.03,15.98,NA,NA,0.20,154.27,NA,NA,NA,NA,NA,NA,NA,NA,NA,NA,NA,0.00,NA,NA,NA
2025-05-28 18:00:00,86.52,152.74,15.21,14.97,20.32,NA,NA,0.31,119.44,NA,NA,NA,NA,NA,NA,NA,NA,NA,NA,NA,0.00,NA,NA,NA
2025-05-28 19:00:00,96.71,159.51,8.40,22.12,18.59,NA,NA,0.45,68.63,NA,NA,NA,NA,NA,NA,NA,NA,NA,NA,NA,0.00,NA,NA,NA
2025-05-28 20:00:00,56.40,106.43,6.00,20.70,15.88,NA,NA,0.48,64.52,NA,NA,NA,NA,NA,NA,NA,NA,NA,NA,NA,0.00,NA,NA,NA
2025-05-28 21:00:00,53.06,125.60,4.40,26.59,17.72,NA,NA,0.68,20.10,NA,NA,NA,NA,NA,NA,NA,NA,NA,NA,NA,0.00,NA,NA,NA
2025-05-28 22:00:00,64.71,149.85,3.82,23.03,15.35,NA,NA,0.63,30.33,NA,NA,NA,NA,NA,NA,NA,NA,NA,NA,NA,0.00,NA,NA,NA
2025-05-28 23:00:00,53.01,155.31,3.62,18.48,12.77,NA,NA,0.39,59.74,NA,NA,NA,NA,NA,NA,NA,NA,NA,NA,NA,0.00,NA,NA,NA
2025-05-29 00:00:00,42.51,126.17,3.24,11.56,8.79,NA,NA,0.29,63.26,NA,NA,NA,NA,NA,NA,NA,NA,NA,NA,NA,0.00,NA,NA,NA
2025-05-29 01:00:00,55.03,124.82,3.24,12.02,9.03,NA,NA,0.28,49.08,NA,NA,NA,NA,NA,NA,NA,NA,NA,NA,NA,0.00,NA,NA,NA
2025-05-29 02:00:00,58.48,132.89,3.12,11.63,8.73,NA,NA,0.30,40.14,NA,NA,NA,NA,NA,NA,NA,NA,NA,NA,NA,0.00,NA,NA,NA
2025-05-29 03:00:00,68.59,155.51,3.17,10.62,8.23,NA,NA,0.30,36.57,NA,NA,NA,NA,NA,NA,NA,NA,NA,NA,NA,0.00,NA,NA,NA
2025-05-29 04:00:00,67.29,134.80,2.96,9.08,7.23,NA,NA,0.30,37.15,NA,NA,NA,NA,NA,NA,NA,NA,NA,NA,NA,0.00,NA,NA,NA
2025-05-29 05:00:00,53.98,94.04,3.26,10.76,8.38,NA,NA,0.31,30.95,NA,NA,NA,NA,NA,NA,NA,NA,NA,NA,NA,0.00,NA,NA,NA
2025-05-29 06:00:00,56.81,107.37,5.00,11.25,10.05,NA,NA,0.35,12.80,NA,NA,NA,NA,NA,NA,NA,NA,NA,NA,NA,0.00,NA,NA,NA
2025-05-29 07:00:00,33.55,91.56,3.55,8.31,7.31,NA,NA,0.29,46.17,NA,NA,NA,NA,NA,NA,NA,NA,NA,NA,NA,0.00,NA,NA,NA
2025-05-29 08:00:00,42.36,93.92,3.16,7.68,6.66,NA,NA,0.27,62.94,NA,NA,NA,NA,NA,NA,NA,NA,NA,NA,NA,0.00,NA,NA,NA
2025-05-29 09:00:00,39.90,98.70,3.05,6.39,5.88,NA,NA,0.26,82.02,NA,NA,NA,NA,NA,NA,NA,NA,NA,NA,NA,0.00,NA,NA,NA
2025-05-29 10:00:00,34.42,105.19,2.99,5.56,5.39,NA,NA,0.24,91.07,NA,NA,NA,NA,NA,NA,NA,NA,NA,NA,NA,0.00,NA,NA,NA
2025-05-29 11:00:00,27.55,100.35,2.77,5.18,5.01,NA,NA,0.23,121.84,NA,NA,NA,NA,NA,NA,NA,NA,NA,NA,NA,0.00,NA,NA,NA
2025-05-29 12:00:00,47.79,117.23,3.27,6.75,6.25,NA,NA,0.22,131.11,NA,NA,NA,NA,NA,NA,NA,NA,NA,NA,NA,0.00,NA,NA,NA
2025-05-29 13:00:00,53.31,124.25,2.90,8.34,6.79,NA,NA,0.24,150.81,NA,NA,NA,NA,NA,NA,NA,NA,NA,NA,NA,0.00,NA,NA,NA
2025-05-29 14:00:00,57.03,140.29,2.52,7.98,6.30,NA,NA,0.25,198.12,NA,NA,NA,NA,NA,NA,NA,NA,NA,NA,NA,0.00,NA,NA,NA
2025-05-29 15:00:00,60.28,173.85,2.65,7.59,6.19,NA,NA,0.24,197.82,NA,NA,NA,NA,NA,NA,NA,NA,NA,NA,NA,0.00,NA,NA,NA
2025-05-29 16:00:00,69.11,192.95,2.94,8.98,7.16,NA,NA,0.28,137.56,NA,NA,NA,NA,NA,NA,NA,NA,NA,NA,NA,0.00,NA,NA,NA
2025-05-29 17:00:00,53.89,228.92,2.76,8.14,6.57,NA,NA,0.24,114.04,NA,NA,NA,NA,NA,NA,NA,NA,NA,NA,NA,0.00,NA,NA,NA
2025-05-29 18:00:00,30.73,184.61,2.84,11.16,8.25,NA,NA,0.23,110.93,NA,NA,NA,NA,NA,NA,NA,NA,NA,NA,NA,0.00,NA,NA,NA
2025-05-29 19:00:00,33.50,95.20,2.85,17.16,11.45,NA,NA,0.33,63.16,NA,NA,NA,NA,NA,NA,NA,NA,NA,NA,NA,0.00,NA,NA,NA
2025-05-29 20:00:00,51.71,159.00,2.72,22.15,14.00,NA,NA,0.30,75.28,NA,NA,NA,NA,NA,NA,NA,NA,NA,NA,NA,0.00,NA,NA,NA
2025-05-29 21:00:00,39.53,114.52,2.54,30.89,18.50,NA,NA,0.32,70.81,NA,NA,NA,NA,NA,NA,NA,NA,NA,NA,NA,0.00,NA,NA,NA
2025-05-29 22:00:00,42.94,107.22,2.33,13.34,8.99,NA,NA,0.26,73.18,NA,NA,NA,NA,NA,NA,NA,NA,NA,NA,NA,0.00,NA,NA,NA
2025-05-29 23:00:00,41.08,99.28,2.43,14.10,9.48,NA,NA,0.25,59.90,NA,NA,NA,NA,NA,NA,NA,NA,NA,NA,NA,0.00,NA,NA,NA
2025-05-30 00:00:00,40.88,94.52,2.65,20.22,12.91,NA,NA,0.30,30.85,NA,NA,NA,NA,NA,NA,NA,NA,NA,NA,NA,0.00,NA,NA,NA
2025-05-30 01:00:00,44.86,95.50,2.70,22.46,14.14,NA,NA,0.34,16.59,NA,NA,NA,NA,NA,NA,NA,NA,NA,NA,NA,0.00,NA,NA,NA
2025-05-30 02:00:00,41.24,88.29,8.45,23.92,19.60,NA,NA,0.34,11.34,NA,NA,NA,NA,NA,NA,NA,NA,NA,NA,NA,0.00,NA,NA,NA
2025-05-30 03:00:00,53.36,136.28,4.86,23.78,16.60,NA,NA,0.32,13.60,NA,NA,NA,NA,NA,NA,NA,NA,NA,NA,NA,0.00,NA,NA,NA
2025-05-30 04:00:00,75.65,152.12,4.56,19.22,13.94,NA,NA,0.31,17.30,NA,NA,NA,NA,NA,NA,NA,NA,NA,NA,NA,0.00,NA,NA,NA
2025-05-30 05:00:00,70.08,145.79,7.14,19.70,16.29,NA,NA,0.33,11.00,NA,NA,NA,NA,NA,NA,NA,NA,NA,NA,NA,0.00,NA,NA,NA
2025-05-30 06:00:00,59.24,137.09,7.05,20.29,16.52,NA,NA,0.33,13.53,NA,NA,NA,NA,NA,NA,NA,NA,NA,NA,NA,0.00,NA,NA,NA
2025-05-30 07:00:00,59.42,132.53,5.46,18.54,14.29,NA,NA,0.32,21.74,NA,NA,NA,NA,NA,NA,NA,NA,NA,NA,NA,0.00,NA,NA,NA
2025-05-30 08:00:00,52.43,135.55,6.71,19.82,16.01,NA,NA,0.38,28.64,NA,NA,NA,NA,NA,NA,NA,NA,NA,NA,NA,0.00,NA,NA,NA
2025-05-30 09:00:00,63.32,175.70,5.04,17.93,13.63,NA,NA,0.34,60.51,NA,NA,NA,NA,NA,NA,NA,NA,NA,NA,NA,0.00,NA,NA,NA
2025-05-30 10:00:00,66.83,214.70,2.89,9.23,7.26,NA,NA,0.25,89.75,NA,NA,NA,NA,NA,NA,NA,NA,NA,NA,NA,0.00,NA,NA,NA
2025-05-30 11:00:00,60.18,260.23,2.52,8.39,6.52,NA,NA,0.21,100.06,NA,NA,NA,NA,NA,NA,NA,NA,NA,NA,NA,0.00,NA,NA,NA
2025-05-30 12:00:00,67.36,281.36,2.41,8.54,6.50,NA,NA,0.18,106.08,NA,NA,NA,NA,NA,NA,NA,NA,NA,NA,NA,0.00,NA,NA,NA
2025-05-30 13:00:00,40.38,173.67,2.45,10.41,7.52,NA,NA,0.16,102.80,NA,NA,NA,NA,NA,NA,NA,NA,NA,NA,NA,0.00,NA,NA,NA
2025-05-30 14:00:00,38.76,146.30,2.68,11.68,8.40,NA,NA,0.20,92.51,NA,NA,NA,NA,NA,NA,NA,NA,NA,NA,NA,0.00,NA,NA,NA
2025-05-30 15:00:00,41.68,134.66,2.51,11.20,8.00,NA,NA,0.22,123.46,NA,NA,NA,NA,NA,NA,NA,NA,NA,NA,NA,0.00,NA,NA,NA
2025-05-30 16:00:00,45.28,140.28,2.29,10.93,7.68,NA,NA,0.22,133.00,NA,NA,NA,NA,NA,NA,NA,NA,NA,NA,NA,0.00,NA,NA,NA
2025-05-30 17:00:00,52.85,141.67,2.32,14.36,9.52,NA,NA,0.27,110.21,NA,NA,NA,NA,NA,NA,NA,NA,NA,NA,NA,0.00,NA,NA,NA
2025-05-30 18:00:00,48.31,156.85,2.37,22.40,13.85,NA,NA,0.36,86.63,NA,NA,NA,NA,NA,NA,NA,NA,NA,NA,NA,0.00,NA,NA,NA
2025-05-30 19:00:00,51.80,147.06,3.78,38.24,23.42,NA,NA,0.54,32.91,NA,NA,NA,NA,NA,NA,NA,NA,NA,NA,NA,0.00,NA,NA,NA
2025-05-30 20:00:00,48.93,162.04,6.60,45.02,29.32,NA,NA,0.66,11.76,NA,NA,NA,NA,NA,NA,NA,NA,NA,NA,NA,0.00,NA,NA,NA
2025-05-30 21:00:00,51.94,159.23,13.68,45.26,35.20,NA,NA,0.76,9.43,NA,NA,NA,NA,NA,NA,NA,NA,NA,NA,NA,0.00,NA,NA,NA
2025-05-30 22:00:00,65.43,170.82,14.00,45.03,35.34,NA,NA,0.79,10.85,NA,NA,NA,NA,NA,NA,NA,NA,NA,NA,NA,0.00,NA,NA,NA
2025-05-30 23:00:00,58.00,164.56,15.98,42.20,35.44,NA,NA,0.85,9.61,NA,NA,NA,NA,NA,NA,NA,NA,NA,NA,NA,0.00,NA,NA,NA
2025-05-31 00:00:00,71.24,181.13,31.70,35.75,44.80,NA,NA,0.94,9.68,NA,NA,NA,NA,NA,NA,NA,NA,NA,NA,NA,0.00,NA,NA,NA
2025-05-31 01:00:00,76.98,186.46,35.40,29.65,44.54,NA,NA,0.92,9.47,NA,NA,NA,NA,NA,NA,NA,NA,NA,NA,NA,0.00,NA,NA,NA
2025-05-31 02:00:00,71.58,161.90,29.78,23.16,36.53,NA,NA,0.85,9.82,NA,NA,NA,NA,NA,NA,NA,NA,NA,NA,NA,0.00,NA,NA,NA
2025-05-31 03:00:00,62.54,145.91,35.30,22.72,40.79,NA,NA,0.91,10.62,NA,NA,NA,NA,NA,NA,NA,NA,NA,NA,NA,0.00,NA,NA,NA
2025-05-31 04:00:00,65.98,157.59,38.70,19.66,41.92,NA,NA,0.96,9.36,NA,NA,NA,NA,NA,NA,NA,NA,NA,NA,NA,0.00,NA,NA,NA
2025-05-31 05:00:00,65.77,160.81,49.21,17.53,49.35,NA,NA,0.98,10.62,NA,NA,NA,NA,NA,NA,NA,NA,NA,NA,NA,0.00,NA,NA,NA
2025-05-31 06:00:00,67.60,183.55,55.32,14.22,52.53,NA,NA,1.02,12.99,NA,NA,NA,NA,NA,NA,NA,NA,NA,NA,NA,0.00,NA,NA,NA
2025-05-31 07:00:00,67.66,223.91,20.73,20.94,27.98,NA,NA,0.86,16.12,NA,NA,NA,NA,NA,NA,NA,NA,NA,NA,NA,0.00,NA,NA,NA
2025-05-31 08:00:00,88.94,321.38,5.92,26.44,18.88,NA,NA,0.58,70.49,NA,NA,NA,NA,NA,NA,NA,NA,NA,NA,NA,0.00,NA,NA,NA
2025-05-31 09:00:00,67.21,241.81,4.39,34.84,22.10,NA,NA,0.38,119.99,NA,NA,NA,NA,NA,NA,NA,NA,NA,NA,NA,0.00,NA,NA,NA
2025-05-31 10:00:00,60.32,229.00,2.76,11.36,8.28,NA,NA,0.29,154.05,NA,NA,NA,NA,NA,NA,NA,NA,NA,NA,NA,0.00,NA,NA,NA
2025-05-31 11:00:00,56.60,213.16,2.62,10.12,7.51,NA,NA,0.15,172.33,NA,NA,NA,NA,NA,NA,NA,NA,NA,NA,NA,0.00,NA,NA,NA
2025-05-31 12:00:00,65.05,217.46,2.82,10.02,7.62,NA,NA,NA,205.09,NA,NA,NA,NA,NA,NA,NA,NA,NA,NA,NA,0.00,NA,NA,NA
2025-05-31 13:00:00,57.88,210.50,3.64,9.18,7.85,NA,NA,NA,226.69,NA,NA,NA,NA,NA,NA,NA,NA,NA,NA,NA,0.00,NA,NA,NA
2025-05-31 14:00:00,72.38,227.55,4.58,8.23,8.10,NA,NA,NA,227.86,NA,NA,NA,NA,NA,NA,NA,NA,NA,NA,NA,0.00,NA,NA,NA
2025-05-31 15:00:00,67.60,241.58,5.07,10.50,9.70,NA,NA,NA,246.27,NA,NA,NA,NA,NA,NA,NA,NA,NA,NA,NA,0.00,NA,NA,NA
2025-05-31 16:00:00,101.98,288.02,6.07,10.27,10.39,NA,NA,NA,134.20,NA,NA,NA,NA,NA,NA,NA,NA,NA,NA,NA,0.00,NA,NA,NA
2025-05-31 17:00:00,70.80,295.92,6.22,8.90,9.79,NA,NA,NA,92.06,NA,NA,NA,NA,NA,NA,NA,NA,NA,NA,NA,0.00,NA,NA,NA
2025-05-31 18:00:00,33.20,142.04,5.54,18.89,14.54,NA,NA,NA,69.17,NA,NA,NA,NA,NA,NA,NA,NA,NA,NA,NA,0.00,NA,NA,NA
2025-05-31 19:00:00,34.67,144.96,5.42,27.73,19.16,NA,NA,NA,37.57,NA,NA,NA,NA,NA,NA,NA,NA,NA,NA,NA,0.00,NA,NA,NA
2025-05-31 20:00:00,40.57,155.14,6.01,34.28,23.12,NA,NA,NA,14.31,NA,NA,NA,NA,NA,NA,NA,NA,NA,NA,NA,0.00,NA,NA,NA
2025-05-31 21:00:00,35.33,164.78,6.68,33.55,23.28,NA,NA,NA,9.49,NA,NA,NA,NA,NA,NA,NA,NA,NA,NA,NA,0.00,NA,NA,NA
2025-05-31 22:00:00,41.48,170.05,15.57,34.38,30.95,NA,NA,NA,8.36,NA,NA,NA,NA,NA,NA,NA,NA,NA,NA,NA,0.00,NA,NA,NA
2025-05-31 23:00:00,38.08,172.32,4.60,21.58,15.22,NA,NA,NA,43.01,NA,NA,NA,NA,NA,NA,NA,NA,NA,NA,NA,0.00,NA,NA,NA
2025-06-01 00:00:00,32.70,153.83,1.91,15.12,9.60,NA,NA,NA,52.69,NA,NA,NA,NA,NA,NA,NA,NA,NA,NA,NA,0.00,NA,NA,NA
2025-06-01 01:00:00,33.50,151.12,2.02,17.86,11.14,NA,NA,NA,32.66,NA,NA,NA,NA,NA,NA,NA,NA,NA,NA,NA,0.00,NA,NA,NA
2025-06-01 02:00:00,41.98,160.08,2.79,23.52,14.77,NA,NA,NA,16.18,NA,NA,NA,NA,NA,NA,NA,NA,NA,NA,NA,0.00,NA,NA,NA
2025-06-01 03:00:00,44.65,172.71,2.31,19.04,12.01,NA,NA,NA,28.85,NA,NA,NA,NA,NA,NA,NA,NA,NA,NA,NA,0.00,NA,NA,NA
2025-06-01 04:00:00,41.06,147.74,2.34,18.63,11.81,NA,NA,NA,23.62,NA,NA,NA,NA,NA,NA,NA,NA,NA,NA,NA,0.00,NA,NA,NA
2025-06-01 05:00:00,33.68,110.09,1.94,9.46,6.60,NA,NA,NA,60.09,NA,NA,NA,NA,NA,NA,NA,NA,NA,NA,NA,0.00,NA,NA,NA
2025-06-01 06:00:00,30.79,103.44,1.93,7.95,5.80,NA,NA,NA,65.77,NA,NA,NA,NA,NA,NA,NA,NA,NA,NA,NA,0.00,NA,NA,NA
2025-06-01 07:00:00,37.10,101.11,2.19,10.01,7.10,NA,NA,NA,55.19,NA,NA,NA,NA,NA,NA,NA,NA,NA,NA,NA,0.00,NA,NA,NA
2025-06-01 08:00:00,29.24,123.48,2.36,9.04,6.72,NA,NA,NA,65.66,NA,NA,NA,NA,NA,NA,NA,NA,NA,NA,NA,0.00,NA,NA,NA
2025-06-01 09:00:00,46.00,176.03,2.28,9.11,6.71,NA,NA,NA,73.34,NA,NA,NA,NA,NA,NA,NA,NA,NA,NA,NA,0.00,NA,NA,NA
2025-06-01 10:00:00,44.87,182.56,2.18,6.84,5.41,NA,NA,NA,92.00,NA,NA,NA,NA,NA,NA,NA,NA,NA,NA,NA,0.00,NA,NA,NA
2025-06-01 11:00:00,41.16,183.71,1.95,6.33,4.96,NA,NA,NA,115.52,NA,NA,NA,NA,NA,NA,NA,NA,NA,NA,NA,0.00,NA,NA,NA
2025-06-01 12:00:00,49.02,224.11,2.04,6.43,5.08,NA,NA,NA,109.31,NA,NA,NA,NA,NA,NA,NA,NA,NA,NA,NA,0.00,NA,NA,NA
2025-06-01 13:00:00,48.88,257.69,1.93,6.09,4.81,NA,NA,NA,113.94,NA,NA,NA,NA,NA,NA,NA,NA,NA,NA,NA,0.00,NA,NA,NA
2025-06-01 14:00:00,53.07,281.98,1.94,5.38,4.44,NA,NA,NA,118.03,NA,NA,NA,NA,NA,NA,NA,NA,NA,NA,NA,0.00,NA,NA,NA
2025-06-01 15:00:00,52.02,338.61,1.85,4.61,3.96,NA,NA,NA,98.91,NA,NA,NA,NA,NA,NA,NA,NA,NA,NA,NA,0.00,NA,NA,NA
2025-06-01 16:00:00,65.04,385.82,1.80,5.48,4.38,NA,NA,NA,88.08,NA,NA,NA,NA,NA,NA,NA,NA,NA,NA,NA,0.00,NA,NA,NA
2025-06-01 17:00:00,70.98,563.18,1.88,5.26,4.33,NA,NA,NA,65.85,NA,NA,NA,NA,NA,NA,NA,NA,NA,NA,NA,0.00,NA,NA,NA
2025-06-01 18:00:00,6.90,60.72,2.17,9.98,7.06,NA,NA,NA,31.71,NA,NA,NA,NA,NA,NA,NA,NA,NA,NA,NA,0.00,NA,NA,NA
2025-06-01 19:00:00,12.87,49.10,2.28,14.13,9.37,NA,NA,NA,21.52,NA,NA,NA,NA,NA,NA,NA,NA,NA,NA,NA,0.00,NA,NA,NA
2025-06-01 20:00:00,25.97,86.78,2.63,17.99,11.71,NA,NA,NA,16.32,NA,NA,NA,NA,NA,NA,NA,NA,NA,NA,NA,0.00,NA,NA,NA
2025-06-01 21:00:00,25.88,101.68,2.38,17.74,11.37,NA,NA,NA,13.51,NA,NA,NA,NA,NA,NA,NA,NA,NA,NA,NA,0.00,NA,NA,NA
2025-06-01 22:00:00,26.04,105.39,2.67,18.82,12.19,NA,NA,NA,15.28,NA,NA,NA,NA,NA,NA,NA,NA,NA,NA,NA,0.00,NA,NA,NA
2025-06-01 23:00:00,32.58,116.28,4.94,19.25,14.25,NA,NA,NA,10.71,NA,NA,NA,NA,NA,NA,NA,NA,NA,NA,NA,0.00,NA,NA,NA
2025-06-02 00:00:00,23.94,84.75,2.04,10.21,7.09,NA,NA,NA,69.27,NA,NA,NA,NA,NA,NA,NA,NA,NA,NA,NA,0.00,NA,NA,NA
2025-06-02 01:00:00,26.20,81.65,1.80,6.75,5.05,NA,NA,NA,69.35,NA,NA,NA,NA,NA,NA,NA,NA,NA,NA,NA,0.00,NA,NA,NA
2025-06-02 02:00:00,29.25,68.31,1.89,8.60,6.11,NA,NA,NA,40.88,NA,NA,NA,NA,NA,NA,NA,NA,NA,NA,NA,0.00,NA,NA,NA
2025-06-02 03:00:00,29.48,69.92,1.93,11.08,7.47,NA,NA,NA,25.64,NA,NA,NA,NA,NA,NA,NA,NA,NA,NA,NA,0.00,NA,NA,NA
2025-06-02 04:00:00,23.50,81.86,2.26,13.68,9.11,NA,NA,NA,13.67,NA,NA,NA,NA,NA,NA,NA,NA,NA,NA,NA,0.00,NA,NA,NA
2025-06-02 05:00:00,23.65,71.57,2.84,12.93,9.18,NA,NA,NA,13.72,NA,NA,NA,NA,NA,NA,NA,NA,NA,NA,NA,0.00,NA,NA,NA
2025-06-02 06:00:00,19.26,60.95,7.67,13.73,13.54,NA,NA,NA,10.66,NA,NA,NA,NA,NA,NA,NA,NA,NA,NA,NA,0.00,NA,NA,NA
2025-06-02 07:00:00,23.81,72.26,7.44,17.90,15.57,NA,NA,NA,16.08,NA,NA,NA,NA,NA,NA,NA,NA,NA,NA,NA,0.00,NA,NA,NA
2025-06-02 08:00:00,30.36,114.00,3.52,14.66,10.66,NA,NA,NA,56.57,NA,NA,NA,NA,NA,NA,NA,NA,NA,NA,NA,0.00,NA,NA,NA
2025-06-02 09:00:00,76.28,166.66,2.50,11.87,8.35,NA,NA,NA,92.36,NA,NA,NA,NA,NA,NA,NA,NA,NA,NA,NA,0.00,NA,NA,NA
2025-06-02 10:00:00,65.66,160.36,2.15,9.31,6.70,NA,NA,NA,116.42,NA,NA,NA,NA,NA,NA,NA,NA,NA,NA,NA,0.00,NA,NA,NA
2025-06-02 11:00:00,45.34,147.94,2.00,7.79,5.77,NA,NA,NA,144.02,NA,NA,NA,NA,NA,NA,NA,NA,NA,NA,NA,0.00,NA,NA,NA
2025-06-02 12:00:00,49.48,140.05,1.95,7.65,5.66,NA,NA,NA,154.42,NA,NA,NA,NA,NA,NA,NA,NA,NA,NA,NA,0.00,NA,NA,NA
2025-06-02 13:00:00,51.06,173.81,2.26,7.68,5.92,NA,NA,NA,171.40,NA,NA,NA,NA,NA,NA,NA,NA,NA,NA,NA,0.00,NA,NA,NA
2025-06-02 14:00:00,70.94,196.94,2.72,8.84,6.91,NA,NA,NA,179.42,NA,NA,NA,NA,NA,NA,NA,NA,NA,NA,NA,0.00,NA,NA,NA
2025-06-02 15:00:00,78.84,208.80,4.50,8.24,8.04,NA,NA,NA,154.20,NA,NA,NA,NA,NA,NA,NA,NA,NA,NA,NA,0.00,NA,NA,NA
2025-06-02 16:00:00,74.51,203.63,5.48,10.48,10.04,NA,NA,0.18,119.17,NA,NA,NA,NA,NA,NA,NA,NA,NA,NA,NA,0.00,NA,NA,NA
2025-06-02 17:00:00,69.10,223.29,4.94,10.59,9.64,NA,NA,0.24,97.30,NA,NA,NA,NA,NA,NA,NA,NA,NA,NA,NA,0.00,NA,NA,NA
2025-06-02 18:00:00,25.86,148.74,3.90,12.45,9.79,NA,NA,0.28,71.46,NA,NA,NA,NA,NA,NA,NA,NA,NA,NA,NA,0.00,NA,NA,NA
2025-06-02 19:00:00,19.07,139.50,2.51,19.16,12.24,NA,NA,NA,49.77,NA,NA,NA,NA,NA,NA,NA,NA,NA,NA,NA,0.00,NA,NA,NA
2025-06-02 20:00:00,5.53,96.96,1.84,17.61,10.87,NA,NA,NA,56.05,NA,NA,NA,NA,NA,NA,NA,NA,NA,NA,NA,0.00,NA,NA,NA
2025-06-02 21:00:00,21.30,127.63,1.80,15.77,9.86,NA,NA,0.20,51.26,NA,NA,NA,NA,NA,NA,NA,NA,NA,NA,NA,0.00,NA,NA,NA
2025-06-02 22:00:00,30.70,112.04,1.92,17.60,10.93,NA,NA,0.48,31.90,NA,NA,NA,NA,NA,NA,NA,NA,NA,NA,NA,0.00,NA,NA,NA
2025-06-02 23:00:00,30.82,109.90,1.95,19.52,11.98,NA,NA,0.56,22.18,NA,NA,NA,NA,NA,NA,NA,NA,NA,NA,NA,0.00,NA,NA,NA
2025-06-03 00:00:00,21.53,101.56,2.07,20.10,12.37,NA,NA,0.52,18.71,NA,NA,NA,NA,NA,NA,NA,NA,NA,NA,NA,0.00,NA,NA,NA
2025-06-03 01:00:00,41.68,109.11,2.36,19.32,12.19,NA,NA,0.52,12.47,NA,NA,NA,NA,NA,NA,NA,NA,NA,NA,NA,0.00,NA,NA,NA
2025-06-03 02:00:00,38.01,90.28,4.14,20.70,14.38,NA,NA,0.49,9.53,NA,NA,NA,NA,NA,NA,NA,NA,NA,NA,NA,0.00,NA,NA,NA
2025-06-03 03:00:00,27.55,97.92,5.55,20.46,15.40,NA,NA,0.51,8.43,NA,NA,NA,NA,NA,NA,NA,NA,NA,NA,NA,0.00,NA,NA,NA
2025-06-03 04:00:00,25.30,88.87,5.02,22.17,15.88,NA,NA,0.44,8.32,NA,NA,NA,NA,NA,NA,NA,NA,NA,NA,NA,0.00,NA,NA,NA
2025-06-03 05:00:00,51.70,142.16,1.96,10.03,6.92,NA,NA,0.33,53.84,NA,NA,NA,NA,NA,NA,NA,NA,NA,NA,NA,0.00,NA,NA,NA
2025-06-03 06:00:00,26.87,153.09,1.85,6.68,5.06,NA,NA,0.28,90.22,NA,NA,NA,NA,NA,NA,NA,NA,NA,NA,NA,0.00,NA,NA,NA
2025-06-03 07:00:00,20.56,103.12,1.96,7.87,5.79,NA,NA,0.31,86.78,NA,NA,NA,NA,NA,NA,NA,NA,NA,NA,NA,0.00,NA,NA,NA
2025-06-03 08:00:00,8.48,78.27,2.06,9.23,6.59,NA,NA,0.24,92.12,NA,NA,NA,NA,NA,NA,NA,NA,NA,NA,NA,0.00,NA,NA,NA
2025-06-03 09:00:00,43.96,138.24,2.32,11.72,8.12,NA,NA,0.28,106.74,NA,NA,NA,NA,NA,NA,NA,NA,NA,NA,NA,0.00,NA,NA,NA
2025-06-03 10:00:00,42.26,157.50,2.22,13.50,8.99,NA,NA,0.38,129.23,NA,NA,NA,NA,NA,NA,NA,NA,NA,NA,NA,0.00,NA,NA,NA
2025-06-03 11:00:00,48.46,164.82,1.92,11.04,7.43,NA,NA,0.36,139.82,NA,NA,NA,NA,NA,NA,NA,NA,NA,NA,NA,0.00,NA,NA,NA
2025-06-03 12:00:00,53.78,NA,1.87,10.58,7.14,NA,NA,0.33,149.13,NA,NA,NA,NA,NA,NA,NA,NA,NA,NA,NA,0.00,NA,NA,NA
2025-06-03 13:00:00,39.78,136.24,2.19,10.31,7.26,NA,NA,0.24,149.52,NA,NA,NA,NA,NA,NA,NA,NA,NA,NA,NA,0.00,NA,NA,NA
2025-06-03 14:00:00,47.41,113.60,2.16,9.70,6.92,NA,NA,0.25,116.50,NA,NA,NA,NA,NA,NA,NA,NA,NA,NA,NA,0.00,NA,NA,NA
2025-06-03 15:00:00,26.14,100.84,2.01,8.64,6.24,NA,NA,0.28,107.68,NA,NA,NA,NA,NA,NA,NA,NA,NA,NA,NA,0.00,NA,NA,NA
2025-06-03 16:00:00,20.31,92.00,1.94,7.33,5.48,NA,NA,0.26,111.48,NA,NA,NA,NA,NA,NA,NA,NA,NA,NA,NA,0.00,NA,NA,NA
2025-06-03 17:00:00,28.20,90.94,1.86,8.95,6.27,NA,NA,0.28,110.46,NA,NA,NA,NA,NA,NA,NA,NA,NA,NA,NA,0.00,NA,NA,NA
2025-06-03 18:00:00,34.17,100.54,1.95,16.10,10.15,NA,NA,0.37,78.79,NA,NA,NA,NA,NA,NA,NA,NA,NA,NA,NA,0.00,NA,NA,NA
2025-06-03 19:00:00,106.45,161.57,2.04,22.51,13.64,NA,NA,0.51,39.17,NA,NA,NA,NA,NA,NA,NA,NA,NA,NA,NA,0.00,NA,NA,NA
2025-06-03 20:00:00,8.82,99.26,2.34,31.08,18.44,NA,NA,0.63,16.38,NA,NA,NA,NA,NA,NA,NA,NA,NA,NA,NA,0.00,NA,NA,NA
2025-06-03 21:00:00,18.98,114.46,7.74,32.23,23.44,NA,NA,0.77,10.27,NA,NA,NA,NA,NA,NA,NA,NA,NA,NA,NA,0.00,NA,NA,NA
2025-06-03 22:00:00,30.07,127.50,14.19,33.26,29.23,NA,NA,0.82,8.65,NA,NA,NA,NA,NA,NA,NA,NA,NA,NA,NA,0.00,NA,NA,NA
2025-06-03 23:00:00,53.11,181.28,2.91,19.38,12.66,NA,NA,0.52,52.70,NA,NA,NA,NA,NA,NA,NA,NA,NA,NA,NA,0.00,NA,NA,NA
2025-06-04 00:00:00,62.08,197.26,1.96,14.66,9.39,NA,NA,0.44,56.08,NA,NA,NA,NA,NA,NA,NA,NA,NA,NA,NA,0.00,NA,NA,NA
2025-06-04 01:00:00,50.52,268.37,1.91,11.38,7.60,NA,NA,0.38,47.00,NA,NA,NA,NA,NA,NA,NA,NA,NA,NA,NA,0.00,NA,NA,NA
2025-06-04 02:00:00,41.14,359.89,1.99,13.20,8.64,NA,NA,0.36,34.07,NA,NA,NA,NA,NA,NA,NA,NA,NA,NA,NA,0.00,NA,NA,NA
2025-06-04 03:00:00,46.00,289.92,2.18,14.52,9.50,NA,NA,0.40,30.79,NA,NA,NA,NA,NA,NA,NA,NA,NA,NA,NA,0.00,NA,NA,NA
2025-06-04 04:00:00,58.85,153.40,2.29,11.95,8.22,NA,NA,0.41,36.81,NA,NA,NA,NA,NA,NA,NA,NA,NA,NA,NA,0.00,NA,NA,NA
2025-06-04 05:00:00,54.66,126.77,2.56,13.69,9.36,NA,NA,0.44,26.51,NA,NA,NA,NA,NA,NA,NA,NA,NA,NA,NA,0.00,NA,NA,NA
2025-06-04 06:00:00,50.88,127.64,3.71,17.67,12.42,NA,NA,0.43,21.98,NA,NA,NA,NA,NA,NA,NA,NA,NA,NA,NA,0.00,NA,NA,NA
2025-06-04 07:00:00,51.07,122.64,2.55,12.02,8.47,NA,NA,0.40,53.19,NA,NA,NA,NA,NA,NA,NA,NA,NA,NA,NA,0.00,NA,NA,NA
2025-06-04 08:00:00,51.55,121.90,2.35,11.22,7.88,NA,NA,0.41,67.77,NA,NA,NA,NA,NA,NA,NA,NA,NA,NA,NA,0.00,NA,NA,NA
2025-06-04 09:00:00,59.49,138.34,2.51,13.22,9.07,NA,NA,0.43,80.87,NA,NA,NA,NA,NA,NA,NA,NA,NA,NA,NA,0.00,NA,NA,NA
2025-06-04 10:00:00,49.78,142.39,2.51,13.86,9.42,NA,NA,0.43,100.84,NA,NA,NA,NA,NA,NA,NA,NA,NA,NA,NA,0.00,NA,NA,NA
2025-06-04 11:00:00,52.84,165.51,2.17,14.05,9.24,NA,NA,0.47,146.48,NA,NA,NA,NA,NA,NA,NA,NA,NA,NA,NA,0.00,NA,NA,NA
2025-06-04 12:00:00,68.79,210.34,1.98,13.31,8.70,NA,NA,0.45,193.19,NA,NA,NA,NA,NA,NA,NA,NA,NA,NA,NA,0.00,NA,NA,NA
2025-06-04 13:00:00,51.61,175.53,1.83,8.70,6.11,NA,NA,0.29,167.22,NA,NA,NA,NA,NA,NA,NA,NA,NA,NA,NA,0.00,NA,NA,NA
2025-06-04 14:00:00,33.48,157.74,1.99,6.38,5.01,NA,NA,0.29,143.58,NA,NA,NA,NA,NA,NA,NA,NA,NA,NA,NA,0.00,NA,NA,NA
2025-06-04 15:00:00,29.57,126.20,1.83,5.63,4.48,NA,NA,0.27,138.92,NA,NA,NA,NA,NA,NA,NA,NA,NA,NA,NA,0.00,NA,NA,NA
2025-06-04 16:00:00,26.34,121.22,1.85,6.25,4.82,NA,NA,0.27,134.29,NA,NA,NA,NA,NA,NA,NA,NA,NA,NA,NA,0.00,NA,NA,NA
2025-06-04 17:00:00,29.19,96.78,1.85,7.32,5.40,NA,NA,0.24,113.60,NA,NA,NA,NA,NA,NA,NA,NA,NA,NA,NA,0.00,NA,NA,NA
2025-06-04 18:00:00,20.66,87.40,1.82,9.19,6.37,NA,NA,0.27,103.35,NA,NA,NA,NA,NA,NA,NA,NA,NA,NA,NA,0.00,NA,NA,NA
2025-06-04 19:00:00,33.02,130.26,1.83,9.23,6.40,NA,NA,0.28,74.12,NA,NA,NA,NA,NA,NA,NA,NA,NA,NA,NA,0.00,NA,NA,NA
2025-06-04 20:00:00,23.40,142.58,1.85,11.82,7.79,NA,NA,0.30,55.92,NA,NA,NA,NA,NA,NA,NA,NA,NA,NA,NA,0.00,NA,NA,NA
2025-06-04 21:00:00,34.90,138.16,1.87,13.61,8.75,NA,NA,0.34,49.84,NA,NA,NA,NA,NA,NA,NA,NA,NA,NA,NA,0.00,NA,NA,NA
2025-06-04 22:00:00,29.23,133.09,1.96,20.88,12.71,NA,NA,0.48,26.12,NA,NA,NA,NA,NA,NA,NA,NA,NA,NA,NA,0.00,NA,NA,NA
2025-06-04 23:00:00,47.26,136.52,3.62,26.63,17.11,NA,NA,0.57,12.85,NA,NA,NA,NA,NA,NA,NA,NA,NA,NA,NA,0.00,NA,NA,NA
2025-06-05 00:00:00,47.66,137.74,5.22,28.46,19.39,NA,NA,0.59,10.26,NA,NA,NA,NA,NA,NA,NA,NA,NA,NA,NA,0.00,NA,NA,NA
2025-06-05 01:00:00,53.54,147.60,2.95,21.00,13.56,NA,NA,0.43,18.20,NA,NA,NA,NA,NA,NA,NA,NA,NA,NA,NA,0.00,NA,NA,NA
2025-06-05 02:00:00,43.65,134.68,2.00,12.10,8.06,NA,NA,0.34,39.63,NA,NA,NA,NA,NA,NA,NA,NA,NA,NA,NA,0.00,NA,NA,NA
2025-06-05 03:00:00,32.82,107.78,1.88,10.08,6.90,NA,NA,0.31,40.57,NA,NA,NA,NA,NA,NA,NA,NA,NA,NA,NA,0.00,NA,NA,NA
2025-06-05 04:00:00,34.22,104.66,1.94,12.42,8.19,NA,NA,0.30,27.24,NA,NA,NA,NA,NA,NA,NA,NA,NA,NA,NA,0.00,NA,NA,NA
2025-06-05 05:00:00,34.89,103.74,2.22,14.94,9.75,NA,NA,0.31,15.97,NA,NA,NA,NA,NA,NA,NA,NA,NA,NA,NA,0.00,NA,NA,NA
2025-06-05 06:00:00,41.68,126.56,3.86,14.69,10.95,NA,NA,0.34,16.96,NA,NA,NA,NA,NA,NA,NA,NA,NA,NA,NA,0.00,NA,NA,NA
2025-06-05 07:00:00,31.72,136.91,4.24,15.77,11.84,NA,NA,0.36,28.37,NA,NA,NA,NA,NA,NA,NA,NA,NA,NA,NA,0.00,NA,NA,NA
2025-06-05 08:00:00,62.28,162.19,3.24,13.89,10.02,NA,NA,0.34,52.22,NA,NA,NA,NA,NA,NA,NA,NA,NA,NA,NA,0.00,NA,NA,NA
2025-06-05 09:00:00,23.22,116.56,2.40,9.20,6.84,NA,NA,0.28,82.75,NA,NA,NA,NA,NA,NA,NA,NA,NA,NA,NA,0.00,NA,NA,NA
2025-06-05 10:00:00,20.42,81.15,1.92,6.68,5.12,NA,NA,0.24,114.77,NA,NA,NA,NA,NA,NA,NA,NA,NA,NA,NA,0.00,NA,NA,NA
2025-06-05 11:00:00,47.23,134.37,2.02,9.84,6.88,NA,NA,0.34,163.55,NA,NA,NA,NA,NA,NA,NA,NA,NA,NA,NA,0.00,NA,NA,NA
2025-06-05 12:00:00,42.78,151.36,1.90,9.22,6.44,NA,NA,0.34,199.56,NA,NA,NA,NA,NA,NA,NA,NA,NA,NA,NA,0.00,NA,NA,NA
2025-06-05 13:00:00,49.55,170.38,2.10,10.06,7.06,NA,NA,0.32,235.40,NA,NA,NA,NA,NA,NA,NA,NA,NA,NA,NA,0.00,NA,NA,NA
2025-06-05 14:00:00,68.66,195.34,2.48,9.66,7.16,NA,NA,0.28,251.39,NA,NA,NA,NA,NA,NA,NA,NA,NA,NA,NA,0.00,NA,NA,NA
2025-06-05 15:00:00,70.40,194.01,3.35,7.26,6.58,NA,NA,0.18,204.11,NA,NA,NA,NA,NA,NA,NA,NA,NA,NA,NA,0.00,NA,NA,NA
2025-06-05 16:00:00,58.31,195.66,3.82,8.46,7.60,NA,NA,0.32,194.40,NA,NA,NA,NA,NA,NA,NA,NA,NA,NA,NA,0.00,NA,NA,NA
2025-06-05 17:00:00,70.26,151.80,3.40,8.52,7.30,NA,NA,0.33,165.80,NA,NA,NA,NA,NA,NA,NA,NA,NA,NA,NA,0.00,NA,NA,NA
2025-06-05 18:00:00,37.68,130.70,2.68,13.49,9.35,NA,NA,0.40,99.05,NA,NA,NA,NA,NA,NA,NA,NA,NA,NA,NA,0.00,NA,NA,NA
2025-06-05 19:00:00,23.40,109.92,1.93,14.55,9.31,NA,NA,0.36,73.59,NA,NA,NA,NA,NA,NA,NA,NA,NA,NA,NA,0.00,NA,NA,NA
2025-06-05 20:00:00,9.26,95.47,1.53,9.33,6.21,NA,NA,0.32,76.09,NA,NA,NA,NA,NA,NA,NA,NA,NA,NA,NA,0.00,NA,NA,NA
2025-06-05 21:00:00,19.80,89.63,1.53,12.17,7.72,NA,NA,0.32,61.00,NA,NA,NA,NA,NA,NA,NA,NA,NA,NA,NA,0.00,NA,NA,NA
2025-06-05 22:00:00,25.48,87.80,1.69,16.99,10.41,NA,NA,0.37,36.78,NA,NA,NA,NA,NA,NA,NA,NA,NA,NA,NA,0.00,NA,NA,NA
2025-06-05 23:00:00,25.59,103.13,1.78,19.81,11.98,NA,NA,0.41,23.56,NA,NA,NA,NA,NA,NA,NA,NA,NA,NA,NA,0.00,NA,NA,NA
2025-06-06 00:00:00,17.05,97.38,5.63,24.01,17.35,NA,NA,0.44,10.23,NA,NA,NA,NA,NA,NA,NA,NA,NA,NA,NA,0.00,NA,NA,NA
2025-06-06 01:00:00,32.03,95.72,5.13,25.44,17.71,NA,NA,0.45,7.95,NA,NA,NA,NA,NA,NA,NA,NA,NA,NA,NA,0.00,NA,NA,NA
2025-06-06 02:00:00,28.84,96.53,2.34,23.54,14.42,NA,NA,0.39,15.01,NA,NA,NA,NA,NA,NA,NA,NA,NA,NA,NA,0.00,NA,NA,NA
2025-06-06 03:00:00,29.12,100.69,1.88,18.12,11.16,NA,NA,0.35,20.76,NA,NA,NA,NA,NA,NA,NA,NA,NA,NA,NA,0.00,NA,NA,NA
2025-06-06 04:00:00,28.14,90.93,2.36,16.74,10.82,NA,NA,0.34,17.19,NA,NA,NA,NA,NA,NA,NA,NA,NA,NA,NA,0.00,NA,NA,NA
2025-06-06 05:00:00,33.11,87.52,6.85,21.18,16.84,NA,NA,0.36,8.27,NA,NA,NA,NA,NA,NA,NA,NA,NA,NA,NA,0.00,NA,NA,NA
2025-06-06 06:00:00,24.93,93.58,8.02,21.34,17.87,NA,NA,0.38,12.26,NA,NA,NA,NA,NA,NA,NA,NA,NA,NA,NA,0.00,NA,NA,NA
2025-06-06 07:00:00,25.60,162.12,6.15,20.47,15.87,NA,NA,0.37,27.78,NA,NA,NA,NA,NA,NA,NA,NA,NA,NA,NA,0.00,NA,NA,NA
2025-06-06 08:00:00,25.66,106.94,2.71,14.88,10.12,NA,NA,0.32,67.77,NA,NA,NA,NA,NA,NA,NA,NA,NA,NA,NA,0.00,NA,NA,NA
2025-06-06 09:00:00,34.24,119.45,2.34,13.80,9.24,NA,NA,0.32,92.64,NA,NA,NA,NA,NA,NA,NA,NA,NA,NA,NA,0.00,NA,NA,NA
2025-06-06 10:00:00,29.64,131.02,1.90,9.86,6.78,NA,NA,0.28,115.23,NA,NA,NA,NA,NA,NA,NA,NA,NA,NA,NA,0.00,NA,NA,NA
2025-06-06 11:00:00,42.72,140.49,1.64,6.73,4.91,NA,NA,0.28,157.74,NA,NA,NA,NA,NA,NA,NA,NA,NA,NA,NA,0.00,NA,NA,NA
2025-06-06 12:00:00,41.55,155.51,1.58,6.03,4.49,NA,NA,0.25,159.82,NA,NA,NA,NA,NA,NA,NA,NA,NA,NA,NA,0.00,NA,NA,NA
2025-06-06 13:00:00,38.64,146.94,1.67,5.44,4.25,NA,NA,0.28,141.89,NA,NA,NA,NA,NA,NA,NA,NA,NA,NA,NA,0.00,NA,NA,NA
2025-06-06 14:00:00,25.37,139.41,1.53,5.93,4.40,NA,NA,0.29,175.48,NA,NA,NA,NA,NA,NA,NA,NA,NA,NA,NA,0.00,NA,NA,NA
2025-06-06 15:00:00,36.84,157.92,1.56,5.66,4.28,NA,NA,0.27,164.71,NA,NA,NA,NA,NA,NA,NA,NA,NA,NA,NA,0.00,NA,NA,NA
2025-06-06 16:00:00,42.06,159.79,1.48,4.91,3.82,NA,NA,0.22,156.94,NA,NA,NA,NA,NA,NA,NA,NA,NA,NA,NA,0.00,NA,NA,NA
2025-06-06 17:00:00,50.90,160.45,1.55,10.25,6.71,NA,NA,0.32,137.74,NA,NA,NA,NA,NA,NA,NA,NA,NA,NA,NA,0.00,NA,NA,NA
2025-06-06 18:00:00,41.96,178.25,1.66,15.19,9.43,NA,NA,0.40,143.24,NA,NA,NA,NA,NA,NA,NA,NA,NA,NA,NA,0.00,NA,NA,NA
2025-06-06 19:00:00,39.90,148.09,1.65,17.51,10.66,NA,NA,0.42,93.19,NA,NA,NA,NA,NA,NA,NA,NA,NA,NA,NA,0.00,NA,NA,NA
2025-06-06 20:00:00,47.65,132.36,2.97,30.22,18.50,NA,NA,0.52,45.15,NA,NA,NA,NA,NA,NA,NA,NA,NA,NA,NA,0.00,NA,NA,NA
2025-06-06 21:00:00,44.18,133.85,5.61,39.07,25.34,NA,NA,0.69,11.46,NA,NA,NA,NA,NA,NA,NA,NA,NA,NA,NA,0.00,NA,NA,NA
2025-06-06 22:00:00,56.19,155.76,8.03,38.33,26.92,NA,NA,0.75,10.56,NA,NA,NA,NA,NA,NA,NA,NA,NA,NA,NA,0.00,NA,NA,NA
2025-06-06 23:00:00,56.29,178.52,13.95,37.90,31.51,NA,NA,0.90,10.32,NA,NA,NA,NA,NA,NA,NA,NA,NA,NA,NA,0.00,NA,NA,NA
2025-06-07 00:00:00,66.39,201.88,17.33,37.91,34.25,NA,NA,0.96,9.83,NA,NA,NA,NA,NA,NA,NA,NA,NA,NA,NA,0.00,NA,NA,NA
2025-06-07 01:00:00,70.70,189.80,15.56,35.86,31.73,NA,NA,0.93,8.93,NA,NA,NA,NA,NA,NA,NA,NA,NA,NA,NA,0.00,NA,NA,NA
2025-06-07 02:00:00,69.45,196.37,13.61,33.75,29.01,NA,NA,0.82,9.37,NA,NA,NA,NA,NA,NA,NA,NA,NA,NA,NA,0.00,NA,NA,NA
2025-06-07 03:00:00,71.78,175.52,5.46,29.06,19.90,NA,NA,0.71,9.22,NA,NA,NA,NA,NA,NA,NA,NA,NA,NA,NA,0.00,NA,NA,NA
2025-06-07 04:00:00,73.42,168.37,2.25,16.74,10.73,NA,NA,0.55,26.06,NA,NA,NA,NA,NA,NA,NA,NA,NA,NA,NA,0.00,NA,NA,NA
2025-06-07 05:00:00,64.80,157.65,1.82,12.26,8.00,NA,NA,0.52,35.78,NA,NA,NA,NA,NA,NA,NA,NA,NA,NA,NA,0.00,NA,NA,NA
2025-06-07 06:00:00,52.51,152.05,2.82,17.44,11.57,NA,NA,0.58,23.89,NA,NA,NA,NA,NA,NA,NA,NA,NA,NA,NA,0.00,NA,NA,NA
2025-06-07 07:00:00,41.42,153.56,2.89,15.32,10.50,NA,NA,0.55,36.52,NA,NA,NA,NA,NA,NA,NA,NA,NA,NA,NA,0.00,NA,NA,NA
2025-06-07 08:00:00,35.87,157.50,2.05,9.10,6.50,NA,NA,0.39,75.20,NA,NA,NA,NA,NA,NA,NA,NA,NA,NA,NA,0.00,NA,NA,NA
2025-06-07 09:00:00,37.70,143.42,1.90,7.81,5.70,NA,NA,0.33,100.12,NA,NA,NA,NA,NA,NA,NA,NA,NA,NA,NA,0.00,NA,NA,NA
2025-06-07 10:00:00,36.51,136.60,1.76,5.01,4.09,NA,NA,0.31,134.24,NA,NA,NA,NA,NA,NA,NA,NA,NA,NA,NA,0.00,NA,NA,NA
2025-06-07 11:00:00,38.49,135.04,1.60,5.06,4.00,NA,NA,0.30,162.15,NA,NA,NA,NA,NA,NA,NA,NA,NA,NA,NA,0.00,NA,NA,NA
2025-06-07 12:00:00,45.22,134.83,1.67,5.70,4.39,NA,NA,0.31,185.04,NA,NA,NA,NA,NA,NA,NA,NA,NA,NA,NA,0.00,NA,NA,NA
2025-06-07 13:00:00,46.76,140.83,1.66,5.90,4.49,NA,NA,0.28,189.77,NA,NA,NA,NA,NA,NA,NA,NA,NA,NA,NA,0.00,NA,NA,NA
2025-06-07 14:00:00,54.83,155.03,2.06,6.39,5.07,NA,NA,0.28,196.60,NA,NA,NA,NA,NA,NA,NA,NA,NA,NA,NA,0.00,NA,NA,NA
2025-06-07 15:00:00,57.50,162.68,1.94,6.65,5.11,NA,NA,0.30,204.50,NA,NA,NA,NA,NA,NA,NA,NA,NA,NA,NA,0.00,NA,NA,NA
2025-06-07 16:00:00,58.90,162.94,1.70,7.23,5.23,NA,NA,0.31,205.33,NA,NA,NA,NA,NA,NA,NA,NA,NA,NA,NA,0.00,NA,NA,NA
2025-06-07 17:00:00,59.08,171.12,1.73,10.80,7.15,NA,NA,0.30,172.83,NA,NA,NA,NA,NA,NA,NA,NA,NA,NA,NA,0.00,NA,NA,NA
2025-06-07 18:00:00,52.33,169.74,1.97,14.68,9.41,NA,NA,0.34,141.86,NA,NA,NA,NA,NA,NA,NA,NA,NA,NA,NA,0.00,NA,NA,NA
2025-06-07 19:00:00,59.41,163.51,1.94,23.77,14.22,NA,NA,0.50,83.46,NA,NA,NA,NA,NA,NA,NA,NA,NA,NA,NA,0.00,NA,NA,NA
2025-06-07 20:00:00,58.28,165.86,6.16,41.87,27.28,NA,NA,0.75,19.97,NA,NA,NA,NA,NA,NA,NA,NA,NA,NA,NA,0.00,NA,NA,NA
2025-06-07 21:00:00,61.76,198.26,8.07,40.95,28.35,NA,NA,0.85,9.95,NA,NA,NA,NA,NA,NA,NA,NA,NA,NA,NA,0.00,NA,NA,NA
2025-06-07 22:00:00,74.80,197.63,5.71,39.62,25.72,NA,NA,0.94,9.41,NA,NA,NA,NA,NA,NA,NA,NA,NA,NA,NA,0.00,NA,NA,NA
2025-06-07 23:00:00,73.38,205.64,6.22,36.55,24.50,NA,NA,0.92,10.54,NA,NA,NA,NA,NA,NA,NA,NA,NA,NA,NA,0.00,NA,NA,NA
2025-06-08 00:00:00,74.79,188.62,3.85,31.27,19.76,NA,NA,0.81,12.60,NA,NA,NA,NA,NA,NA,NA,NA,NA,NA,NA,0.00,NA,NA,NA
2025-06-08 01:00:00,80.06,196.31,2.95,27.22,16.88,NA,NA,0.76,14.70,NA,NA,NA,NA,NA,NA,NA,NA,NA,NA,NA,0.00,NA,NA,NA
2025-06-08 02:00:00,76.12,181.40,2.54,22.03,13.78,NA,NA,0.70,21.21,NA,NA,NA,NA,NA,NA,NA,NA,NA,NA,NA,0.00,NA,NA,NA
2025-06-08 03:00:00,69.73,153.08,2.43,18.88,12.02,NA,NA,0.61,25.46,NA,NA,NA,NA,NA,NA,NA,NA,NA,NA,NA,0.00,NA,NA,NA
2025-06-08 04:00:00,61.95,136.41,2.26,15.37,10.01,NA,NA,0.53,34.57,NA,NA,NA,NA,NA,NA,NA,NA,NA,NA,NA,0.00,NA,NA,NA
2025-06-08 05:00:00,50.75,130.44,2.00,9.23,6.54,NA,NA,0.48,65.87,NA,NA,NA,NA,NA,NA,NA,NA,NA,NA,NA,0.00,NA,NA,NA
2025-06-08 06:00:00,46.36,139.92,2.60,13.60,9.35,NA,NA,0.52,42.84,NA,NA,NA,NA,NA,NA,NA,NA,NA,NA,NA,0.00,NA,NA,NA
2025-06-08 07:00:00,40.77,147.43,2.51,11.82,8.33,NA,NA,0.51,51.49,NA,NA,NA,NA,NA,NA,NA,NA,NA,NA,NA,0.00,NA,NA,NA
2025-06-08 08:00:00,47.25,158.60,2.26,9.22,6.74,NA,NA,0.46,82.40,NA,NA,NA,NA,NA,NA,NA,NA,NA,NA,NA,0.00,NA,NA,NA
2025-06-08 09:00:00,66.68,160.55,2.00,7.90,5.83,NA,NA,0.42,118.84,NA,NA,NA,NA,NA,NA,NA,NA,NA,NA,NA,0.00,NA,NA,NA
2025-06-08 10:00:00,149.20,168.81,1.95,8.38,6.05,NA,NA,0.38,163.80,NA,NA,NA,NA,NA,NA,NA,NA,NA,NA,NA,0.00,NA,NA,NA
2025-06-08 11:00:00,60.08,178.94,1.77,7.76,5.56,NA,NA,0.35,192.16,NA,NA,NA,NA,NA,NA,NA,NA,NA,NA,NA,0.00,NA,NA,NA
2025-06-08 12:00:00,52.36,165.32,1.72,5.77,4.47,NA,NA,0.31,180.66,NA,NA,NA,NA,NA,NA,NA,NA,NA,NA,NA,0.00,NA,NA,NA
2025-06-08 13:00:00,53.97,171.20,1.70,5.16,4.12,NA,NA,0.32,175.73,NA,NA,NA,NA,NA,NA,NA,NA,NA,NA,NA,0.00,NA,NA,NA
2025-06-08 14:00:00,51.73,171.92,2.22,4.96,4.45,NA,NA,0.25,169.09,NA,NA,NA,NA,NA,NA,NA,NA,NA,NA,NA,0.00,NA,NA,NA
2025-06-08 15:00:00,64.02,182.47,1.74,4.72,3.92,NA,NA,0.24,164.33,NA,NA,NA,NA,NA,NA,NA,NA,NA,NA,NA,0.00,NA,NA,NA
2025-06-08 16:00:00,56.99,171.10,1.68,5.40,4.24,NA,NA,0.24,154.25,NA,NA,NA,NA,NA,NA,NA,NA,NA,NA,NA,0.00,NA,NA,NA
2025-06-08 17:00:00,54.32,172.83,1.65,6.41,4.75,NA,NA,0.24,139.86,NA,NA,NA,NA,NA,NA,NA,NA,NA,NA,NA,0.00,NA,NA,NA
2025-06-08 18:00:00,55.14,176.31,2.00,12.91,8.49,NA,NA,0.28,113.42,NA,NA,NA,NA,NA,NA,NA,NA,NA,NA,NA,0.00,NA,NA,NA
2025-06-08 19:00:00,53.31,161.56,4.23,35.28,22.20,NA,NA,0.60,39.88,NA,NA,NA,NA,NA,NA,NA,NA,NA,NA,NA,0.00,NA,NA,NA
2025-06-08 20:00:00,47.04,191.34,4.02,46.97,28.25,NA,NA,0.85,14.21,NA,NA,NA,NA,NA,NA,NA,NA,NA,NA,NA,0.00,NA,NA,NA
2025-06-08 21:00:00,64.78,231.22,9.67,45.58,32.11,NA,NA,1.03,10.26,NA,NA,NA,NA,NA,NA,NA,NA,NA,NA,NA,0.00,NA,NA,NA
2025-06-08 22:00:00,69.96,234.98,18.65,39.96,36.42,NA,NA,1.06,7.75,NA,NA,NA,NA,NA,NA,NA,NA,NA,NA,NA,0.00,NA,NA,NA
2025-06-08 23:00:00,68.94,224.38,13.00,40.07,31.88,NA,NA,1.06,7.68,NA,NA,NA,NA,NA,NA,NA,NA,NA,NA,NA,0.00,NA,NA,NA
2025-06-09 00:00:00,76.32,223.18,9.46,39.10,28.49,NA,NA,1.07,8.76,NA,NA,NA,NA,NA,NA,NA,NA,NA,NA,NA,0.00,NA,NA,NA
2025-06-09 01:00:00,78.73,206.74,19.30,35.19,34.41,NA,NA,1.10,8.19,NA,NA,NA,NA,NA,NA,NA,NA,NA,NA,NA,0.00,NA,NA,NA
2025-06-09 02:00:00,78.52,226.71,26.17,29.62,37.03,NA,NA,1.12,6.64,NA,NA,NA,NA,NA,NA,NA,NA,NA,NA,NA,0.00,NA,NA,NA
2025-06-09 03:00:00,73.09,200.36,26.02,23.98,33.91,NA,NA,1.06,7.64,NA,NA,NA,NA,NA,NA,NA,NA,NA,NA,NA,0.00,NA,NA,NA
2025-06-09 04:00:00,69.30,192.59,24.31,26.87,34.06,NA,NA,0.91,7.08,NA,NA,NA,NA,NA,NA,NA,NA,NA,NA,NA,0.00,NA,NA,NA
2025-06-09 05:00:00,66.48,193.40,24.85,32.63,37.56,NA,NA,0.76,8.04,NA,NA,NA,NA,NA,NA,NA,NA,NA,NA,NA,0.00,NA,NA,NA
2025-06-09 06:00:00,59.18,187.99,12.78,30.78,26.76,NA,NA,0.66,10.51,NA,NA,NA,NA,NA,NA,NA,NA,NA,NA,NA,0.00,NA,NA,NA
2025-06-09 07:00:00,41.60,189.73,5.58,30.07,20.53,NA,NA,0.55,32.86,NA,NA,NA,NA,NA,NA,NA,NA,NA,NA,NA,0.00,NA,NA,NA
2025-06-09 08:00:00,52.47,217.85,3.30,24.23,15.57,NA,NA,0.50,74.52,NA,NA,NA,NA,NA,NA,NA,NA,NA,NA,NA,0.00,NA,NA,NA
2025-06-09 09:00:00,59.22,248.58,2.37,13.05,8.87,NA,NA,0.48,119.88,NA,NA,NA,NA,NA,NA,NA,NA,NA,NA,NA,0.00,NA,NA,NA
2025-06-09 10:00:00,51.93,253.08,2.01,10.06,6.98,NA,NA,0.46,147.32,NA,NA,NA,NA,NA,NA,NA,NA,NA,NA,NA,0.00,NA,NA,NA
2025-06-09 11:00:00,47.04,238.08,2.02,7.78,5.78,NA,NA,0.35,150.23,NA,NA,NA,NA,NA,NA,NA,NA,NA,NA,NA,0.00,NA,NA,NA
2025-06-09 12:00:00,44.70,208.22,2.16,6.30,5.10,NA,NA,0.31,147.74,NA,NA,NA,NA,NA,NA,NA,NA,NA,NA,NA,0.00,NA,NA,NA
2025-06-09 13:00:00,43.22,183.88,1.98,5.90,4.75,NA,NA,0.29,144.38,NA,NA,NA,NA,NA,NA,NA,NA,NA,NA,NA,0.00,NA,NA,NA
2025-06-09 14:00:00,37.68,174.04,1.82,5.66,4.49,NA,NA,0.26,144.33,NA,NA,NA,NA,NA,NA,NA,NA,NA,NA,NA,0.00,NA,NA,NA
2025-06-09 15:00:00,43.41,180.26,2.27,5.14,4.58,NA,NA,0.21,142.17,NA,NA,NA,NA,NA,NA,NA,NA,NA,NA,NA,0.00,NA,NA,NA
2025-06-09 16:00:00,46.12,196.56,2.52,6.08,5.28,NA,NA,0.18,134.16,NA,NA,NA,NA,NA,NA,NA,NA,NA,NA,NA,0.00,NA,NA,NA
2025-06-09 17:00:00,39.18,181.50,2.38,8.31,6.36,NA,NA,0.20,126.79,NA,NA,NA,NA,NA,NA,NA,NA,NA,NA,NA,0.00,NA,NA,NA
2025-06-09 18:00:00,36.16,176.76,1.90,13.73,8.85,NA,NA,0.28,96.07,NA,NA,NA,NA,NA,NA,NA,NA,NA,NA,NA,0.00,NA,NA,NA
2025-06-09 19:00:00,31.67,166.41,1.91,21.74,13.12,NA,NA,0.32,52.22,NA,NA,NA,NA,NA,NA,NA,NA,NA,NA,NA,0.00,NA,NA,NA
2025-06-09 20:00:00,29.26,158.02,2.08,28.90,17.07,NA,NA,0.37,24.68,NA,NA,NA,NA,NA,NA,NA,NA,NA,NA,NA,0.00,NA,NA,NA
2025-06-09 21:00:00,33.26,174.90,2.80,28.94,17.66,NA,NA,0.48,17.00,NA,NA,NA,NA,NA,NA,NA,NA,NA,NA,NA,0.00,NA,NA,NA
2025-06-09 22:00:00,35.37,191.23,6.44,31.31,21.90,NA,NA,0.58,10.02,NA,NA,NA,NA,NA,NA,NA,NA,NA,NA,NA,0.00,NA,NA,NA
2025-06-09 23:00:00,38.64,201.67,7.89,30.58,22.68,NA,NA,0.61,9.13,NA,NA,NA,NA,NA,NA,NA,NA,NA,NA,NA,0.00,NA,NA,NA
2025-06-10 00:00:00,44.10,242.61,7.35,28.59,21.19,NA,NA,0.57,9.64,NA,NA,NA,NA,NA,NA,NA,NA,NA,NA,NA,0.00,NA,NA,NA
2025-06-10 01:00:00,52.24,247.53,16.50,27.17,27.87,NA,NA,0.53,8.92,NA,NA,NA,NA,NA,NA,NA,NA,NA,NA,NA,0.00,NA,NA,NA
2025-06-10 02:00:00,49.32,249.18,7.78,26.56,20.46,NA,NA,0.41,8.40,NA,NA,NA,NA,NA,NA,NA,NA,NA,NA,NA,0.00,NA,NA,NA
2025-06-10 03:00:00,42.24,208.41,11.04,24.99,22.27,NA,NA,0.36,8.82,NA,NA,NA,NA,NA,NA,NA,NA,NA,NA,NA,0.00,NA,NA,NA
2025-06-10 04:00:00,34.18,193.49,13.72,25.66,24.80,NA,NA,0.36,8.62,NA,NA,NA,NA,NA,NA,NA,NA,NA,NA,NA,0.00,NA,NA,NA
2025-06-10 05:00:00,25.30,177.82,8.10,22.36,18.47,NA,NA,0.30,10.23,NA,NA,NA,NA,NA,NA,NA,NA,NA,NA,NA,0.00,NA,NA,NA
2025-06-10 06:00:00,20.92,156.12,4.16,15.52,11.64,NA,NA,0.30,18.82,NA,NA,NA,NA,NA,NA,NA,NA,NA,NA,NA,0.00,NA,NA,NA
2025-06-10 07:00:00,25.70,169.08,5.48,16.46,13.22,NA,NA,0.34,21.17,NA,NA,NA,NA,NA,NA,NA,NA,NA,NA,NA,0.00,NA,NA,NA
2025-06-10 08:00:00,49.84,235.68,3.52,16.43,11.60,NA,NA,0.34,59.62,NA,NA,NA,NA,NA,NA,NA,NA,NA,NA,NA,0.00,NA,NA,NA
2025-06-10 09:00:00,41.75,233.72,2.10,8.98,6.48,NA,NA,0.26,92.62,NA,NA,NA,NA,NA,NA,NA,NA,NA,NA,NA,0.00,NA,NA,NA
2025-06-10 10:00:00,35.03,223.51,1.90,6.90,5.22,NA,NA,0.29,107.56,NA,NA,NA,NA,NA,NA,NA,NA,NA,NA,NA,0.00,NA,NA,NA
2025-06-10 11:00:00,31.62,214.43,1.83,6.46,4.93,NA,NA,0.28,115.64,NA,NA,NA,NA,NA,NA,NA,NA,NA,NA,NA,0.00,NA,NA,NA
2025-06-10 12:00:00,38.44,205.68,1.74,6.16,4.70,NA,NA,0.24,118.04,NA,NA,NA,NA,NA,NA,NA,NA,NA,NA,NA,0.00,NA,NA,NA
2025-06-10 13:00:00,39.11,192.45,1.70,5.36,4.24,NA,NA,0.18,118.11,NA,NA,NA,NA,NA,NA,NA,NA,NA,NA,NA,0.00,NA,NA,NA
2025-06-10 14:00:00,36.49,175.40,1.72,4.68,3.88,NA,NA,0.15,117.60,NA,NA,NA,NA,NA,NA,NA,NA,NA,NA,NA,0.00,NA,NA,NA
2025-06-10 15:00:00,41.24,165.75,1.71,4.58,3.83,NA,NA,0.13,116.86,NA,NA,NA,NA,NA,NA,NA,NA,NA,NA,NA,0.00,NA,NA,NA
2025-06-10 16:00:00,33.04,147.64,1.84,5.18,4.26,NA,NA,0.12,111.53,NA,NA,NA,NA,NA,NA,NA,NA,NA,NA,NA,0.00,NA,NA,NA
2025-06-10 17:00:00,31.43,160.46,2.21,7.26,5.67,NA,NA,0.12,101.46,NA,NA,NA,NA,NA,NA,NA,NA,NA,NA,NA,0.00,NA,NA,NA
2025-06-10 18:00:00,36.48,181.13,2.20,17.55,11.13,NA,NA,0.26,73.11,NA,NA,NA,NA,NA,NA,NA,NA,NA,NA,NA,0.00,NA,NA,NA
2025-06-10 19:00:00,27.60,179.52,4.08,36.07,22.51,NA,NA,0.50,20.68,NA,NA,NA,NA,NA,NA,NA,NA,NA,NA,NA,0.00,NA,NA,NA
2025-06-10 20:00:00,18.94,165.16,16.18,37.47,33.09,NA,NA,0.68,9.05,NA,NA,NA,NA,NA,NA,NA,NA,NA,NA,NA,0.00,NA,NA,NA
2025-06-10 21:00:00,23.91,180.99,28.84,33.64,41.34,NA,NA,0.82,8.01,NA,NA,NA,NA,NA,NA,NA,NA,NA,NA,NA,0.00,NA,NA,NA
2025-06-10 22:00:00,25.49,198.70,45.30,30.13,52.86,NA,NA,1.21,9.54,NA,NA,NA,NA,NA,NA,NA,NA,NA,NA,NA,0.00,NA,NA,NA
2025-06-10 23:00:00,47.92,245.56,60.72,26.53,63.47,NA,NA,1.34,8.82,NA,NA,NA,NA,NA,NA,NA,NA,NA,NA,NA,0.00,NA,NA,NA
2025-06-11 00:00:00,50.08,224.39,72.60,22.70,71.11,NA,NA,1.33,8.47,NA,NA,NA,NA,NA,NA,NA,NA,NA,NA,NA,0.00,NA,NA,NA
2025-06-11 01:00:00,54.98,234.94,82.02,19.77,77.21,NA,NA,1.37,8.96,NA,NA,NA,NA,NA,NA,NA,NA,NA,NA,NA,0.00,NA,NA,NA
2025-06-11 02:00:00,58.65,250.17,83.12,18.26,77.28,NA,NA,1.30,9.40,NA,NA,NA,NA,NA,NA,NA,NA,NA,NA,NA,0.00,NA,NA,NA
2025-06-11 03:00:00,74.76,278.88,36.80,26.13,43.80,NA,NA,0.93,10.16,NA,NA,NA,NA,NA,NA,NA,NA,NA,NA,NA,0.00,NA,NA,NA
2025-06-11 04:00:00,83.96,284.80,38.03,24.29,43.85,NA,NA,0.92,9.63,NA,NA,NA,NA,NA,NA,NA,NA,NA,NA,NA,0.00,NA,NA,NA
2025-06-11 05:00:00,74.97,229.11,29.36,22.66,35.91,NA,NA,0.84,9.06,NA,NA,NA,NA,NA,NA,NA,NA,NA,NA,NA,0.00,NA,NA,NA
2025-06-11 06:00:00,54.52,196.28,19.57,24.06,28.71,NA,NA,0.63,10.35,NA,NA,NA,NA,NA,NA,NA,NA,NA,NA,NA,0.00,NA,NA,NA
2025-06-11 07:00:00,23.25,143.09,12.78,18.94,20.46,NA,NA,0.43,18.23,NA,NA,NA,NA,NA,NA,NA,NA,NA,NA,NA,0.00,NA,NA,NA
2025-06-11 08:00:00,24.79,135.34,5.61,12.32,11.11,NA,NA,0.34,45.74,NA,NA,NA,NA,NA,NA,NA,NA,NA,NA,NA,0.00,NA,NA,NA
2025-06-11 09:00:00,33.01,178.93,3.31,9.18,7.57,NA,NA,0.31,74.15,NA,NA,NA,NA,NA,NA,NA,NA,NA,NA,NA,0.00,NA,NA,NA
2025-06-11 10:00:00,36.67,202.96,2.21,8.08,6.09,NA,NA,0.29,98.94,NA,NA,NA,NA,NA,NA,NA,NA,NA,NA,NA,0.00,NA,NA,NA
2025-06-11 11:00:00,31.79,207.96,1.92,7.42,5.51,NA,NA,0.30,116.69,NA,NA,NA,NA,NA,NA,NA,NA,NA,NA,NA,0.00,NA,NA,NA
2025-06-11 12:00:00,38.24,203.39,1.88,7.42,5.47,NA,NA,0.31,135.70,NA,NA,NA,NA,NA,NA,NA,NA,NA,NA,NA,0.00,NA,NA,NA
2025-06-11 13:00:00,36.41,218.02,1.80,8.31,5.88,NA,NA,0.30,173.52,NA,NA,NA,NA,NA,NA,NA,NA,NA,NA,NA,0.00,NA,NA,NA
2025-06-11 14:00:00,49.38,223.88,1.77,8.46,5.93,NA,NA,0.27,190.42,NA,NA,NA,NA,NA,NA,NA,NA,NA,NA,NA,0.00,NA,NA,NA
2025-06-11 15:00:00,58.12,244.42,1.78,7.41,5.39,NA,NA,0.25,191.05,NA,NA,NA,NA,NA,NA,NA,NA,NA,NA,NA,0.00,NA,NA,NA
2025-06-11 16:00:00,61.70,254.28,1.82,11.93,7.82,NA,NA,0.27,190.54,NA,NA,NA,NA,NA,NA,NA,NA,NA,NA,NA,0.00,NA,NA,NA
2025-06-11 17:00:00,62.24,255.40,1.92,13.55,8.77,NA,NA,0.32,166.10,NA,NA,NA,NA,NA,NA,NA,NA,NA,NA,NA,0.00,NA,NA,NA
2025-06-11 18:00:00,56.55,254.09,2.42,22.02,13.68,NA,NA,0.46,109.34,NA,NA,NA,NA,NA,NA,NA,NA,NA,NA,NA,0.00,NA,NA,NA
2025-06-11 19:00:00,49.69,243.06,2.99,38.96,23.15,NA,NA,0.63,49.11,NA,NA,NA,NA,NA,NA,NA,NA,NA,NA,NA,0.00,NA,NA,NA
2025-06-11 20:00:00,72.52,291.50,2.60,15.83,10.53,NA,NA,0.52,88.18,NA,NA,NA,NA,NA,NA,NA,NA,NA,NA,NA,0.00,NA,NA,NA
2025-06-11 21:00:00,60.41,240.35,2.62,9.50,7.18,NA,NA,0.49,90.86,NA,NA,NA,NA,NA,NA,NA,NA,NA,NA,NA,0.00,NA,NA,NA
2025-06-11 22:00:00,55.96,201.88,2.79,8.61,6.85,NA,NA,0.47,84.80,NA,NA,NA,NA,NA,NA,NA,NA,NA,NA,NA,0.00,NA,NA,NA
2025-06-11 23:00:00,57.53,166.65,2.77,8.50,6.78,NA,NA,0.42,73.15,NA,NA,NA,NA,NA,NA,NA,NA,NA,NA,NA,0.00,NA,NA,NA
2025-06-12 00:00:00,59.78,149.52,2.88,10.35,7.84,NA,NA,0.44,53.32,NA,NA,NA,NA,NA,NA,NA,NA,NA,NA,NA,0.00,NA,NA,NA
2025-06-12 01:00:00,63.35,152.59,2.67,8.61,6.76,NA,NA,0.40,73.26,NA,NA,NA,NA,NA,NA,NA,NA,NA,NA,NA,0.00,NA,NA,NA
2025-06-12 02:00:00,49.90,135.10,2.63,9.10,6.98,NA,NA,0.39,64.75,NA,NA,NA,NA,NA,NA,NA,NA,NA,NA,NA,0.00,NA,NA,NA
2025-06-12 03:00:00,50.77,133.93,2.57,9.88,7.34,NA,NA,0.39,57.85,NA,NA,NA,NA,NA,NA,NA,NA,NA,NA,NA,0.00,NA,NA,NA
2025-06-12 04:00:00,45.23,136.62,2.56,8.50,6.60,NA,NA,0.38,57.70,NA,NA,NA,NA,NA,NA,NA,NA,NA,NA,NA,0.00,NA,NA,NA
2025-06-12 05:00:00,57.72,142.00,2.69,9.91,7.46,NA,NA,0.39,46.72,NA,NA,NA,NA,NA,NA,NA,NA,NA,NA,NA,0.00,NA,NA,NA
2025-06-12 06:00:00,55.41,147.92,2.73,10.83,7.98,NA,NA,0.38,48.41,NA,NA,NA,NA,NA,NA,NA,NA,NA,NA,NA,0.00,NA,NA,NA
2025-06-12 07:00:00,54.08,151.50,2.76,9.51,7.31,NA,NA,0.40,50.61,NA,NA,NA,NA,NA,NA,NA,NA,NA,NA,NA,0.00,NA,NA,NA
2025-06-12 08:00:00,53.04,162.28,2.91,9.56,7.46,NA,NA,0.44,64.55,NA,NA,NA,NA,NA,NA,NA,NA,NA,NA,NA,0.00,NA,NA,NA
2025-06-12 09:00:00,62.70,181.48,2.69,9.10,7.03,NA,NA,0.46,88.36,NA,NA,NA,NA,NA,NA,NA,NA,NA,NA,NA,0.00,NA,NA,NA
2025-06-12 10:00:00,66.40,189.66,2.58,8.92,6.84,NA,NA,0.45,106.81,NA,NA,NA,NA,NA,NA,NA,NA,NA,NA,NA,0.00,NA,NA,NA
2025-06-12 11:00:00,62.00,189.45,2.65,8.15,6.50,NA,NA,0.40,110.46,NA,NA,NA,NA,NA,NA,NA,NA,NA,NA,NA,0.00,NA,NA,NA
2025-06-12 12:00:00,62.24,203.61,4.23,9.22,8.34,NA,NA,0.34,143.55,NA,NA,NA,NA,NA,NA,NA,NA,NA,NA,NA,0.00,NA,NA,NA
2025-06-12 13:00:00,NA,NA,NA,NA,NA,NA,NA,NA,NA,NA,NA,NA,NA,NA,NA,NA,NA,NA,NA,NA,0.00,NA,NA,NA
2025-06-12 14:00:00,71.18,225.19,4.99,6.39,8.89,NA,NA,0.17,10.89,NA,NA,NA,NA,NA,NA,NA,NA,NA,NA,NA,0.00,NA,NA,NA
2025-06-12 15:00:00,61.30,191.20,3.94,NA,8.94,NA,NA,0.04,11.24,NA,NA,NA,NA,NA,NA,NA,NA,NA,NA,NA,0.00,NA,NA,NA
2025-06-12 16:00:00,61.89,201.65,4.09,NA,12.41,NA,NA,0.08,17.80,NA,NA,NA,NA,NA,NA,NA,NA,NA,NA,NA,0.00,NA,NA,NA
2025-06-12 17:00:00,69.31,198.43,5.68,NA,10.58,NA,NA,0.20,11.68,NA,NA,NA,NA,NA,NA,NA,NA,NA,NA,NA,0.00,NA,NA,NA
2025-06-12 18:00:00,51.84,189.73,9.54,NA,13.11,NA,NA,0.37,10.50,NA,NA,NA,NA,NA,NA,NA,NA,NA,NA,NA,0.00,NA,NA,NA
2025-06-12 19:00:00,48.50,188.64,10.82,NA,12.75,NA,NA,0.48,7.76,NA,NA,NA,NA,NA,NA,NA,NA,NA,NA,NA,0.00,NA,NA,NA
2025-06-12 20:00:00,39.05,188.30,11.48,NA,13.59,NA,NA,0.54,8.34,NA,NA,NA,NA,NA,NA,NA,NA,NA,NA,NA,0.00,NA,NA,NA
2025-06-12 21:00:00,51.03,180.40,12.80,NA,13.99,NA,NA,0.56,7.01,NA,NA,NA,NA,NA,NA,NA,NA,NA,NA,NA,0.00,NA,NA,NA
2025-06-12 22:00:00,45.88,177.95,9.68,NA,10.80,NA,NA,0.53,5.72,NA,NA,NA,NA,NA,NA,NA,NA,NA,NA,NA,0.00,NA,NA,NA
2025-06-12 23:00:00,50.98,174.74,7.76,NA,8.84,NA,NA,0.47,4.96,NA,NA,NA,NA,NA,NA,NA,NA,NA,NA,NA,0.00,NA,NA,NA
2025-06-13 00:00:00,54.22,193.47,10.08,NA,10.57,NA,NA,0.46,4.64,NA,NA,NA,NA,NA,NA,NA,NA,NA,NA,NA,0.00,NA,NA,NA
2025-06-13 01:00:00,61.20,161.88,6.26,NA,6.98,NA,NA,0.42,3.72,NA,NA,NA,NA,NA,NA,NA,NA,NA,NA,NA,0.00,NA,NA,NA
2025-06-13 02:00:00,43.60,130.05,5.62,NA,6.55,NA,NA,0.38,3.88,NA,NA,NA,NA,NA,NA,NA,NA,NA,NA,NA,0.00,NA,NA,NA
2025-06-13 03:00:00,40.50,125.54,6.08,NA,6.94,NA,NA,0.37,3.91,NA,NA,NA,NA,NA,NA,NA,NA,NA,NA,NA,0.00,NA,NA,NA
2025-06-13 04:00:00,48.06,132.38,6.58,NA,7.33,NA,NA,0.36,3.89,NA,NA,NA,NA,NA,NA,NA,NA,NA,NA,NA,0.00,NA,NA,NA
2025-06-13 05:00:00,51.65,140.64,5.78,NA,6.52,NA,NA,0.37,3.56,NA,NA,NA,NA,NA,NA,NA,NA,NA,NA,NA,0.00,NA,NA,NA
2025-06-13 06:00:00,49.78,150.03,6.86,NA,7.86,NA,NA,0.42,4.46,NA,NA,NA,NA,NA,NA,NA,NA,NA,NA,NA,0.00,NA,NA,NA
2025-06-13 07:00:00,50.59,162.12,5.88,NA,7.17,NA,NA,0.45,4.69,NA,NA,NA,NA,NA,NA,NA,NA,NA,NA,NA,0.00,NA,NA,NA
2025-06-13 08:00:00,51.81,180.19,5.98,NA,7.18,NA,NA,0.46,4.54,NA,NA,NA,NA,NA,NA,NA,NA,NA,NA,NA,0.00,NA,NA,NA
2025-06-13 09:00:00,58.12,182.41,4.86,NA,6.20,NA,NA,0.44,4.41,NA,NA,NA,NA,NA,NA,NA,NA,NA,NA,NA,0.00,NA,NA,NA
2025-06-13 10:00:00,46.36,165.95,5.47,NA,6.31,NA,NA,0.46,3.66,NA,NA,NA,NA,NA,NA,NA,NA,NA,NA,NA,0.00,NA,NA,NA
2025-06-13 11:00:00,48.89,154.80,5.22,NA,7.04,NA,NA,0.37,5.48,NA,NA,NA,NA,NA,NA,NA,NA,NA,NA,NA,0.00,NA,NA,NA
2025-06-13 12:00:00,57.30,184.65,6.96,NA,8.57,NA,NA,0.40,5.70,NA,NA,NA,NA,NA,NA,NA,NA,NA,NA,NA,0.00,NA,NA,NA
2025-06-13 13:00:00,82.59,377.04,7.85,NA,12.46,NA,NA,0.49,11.92,NA,NA,NA,NA,NA,NA,NA,NA,NA,NA,NA,0.00,NA,NA,NA
2025-06-13 14:00:00,52.60,243.21,7.43,NA,11.80,NA,NA,0.36,11.28,NA,NA,NA,NA,NA,NA,NA,NA,NA,NA,NA,0.00,NA,NA,NA
2025-06-13 15:00:00,41.70,166.83,8.21,NA,12.90,NA,NA,0.20,12.20,NA,NA,NA,NA,NA,NA,NA,NA,NA,NA,NA,0.00,NA,NA,NA
2025-06-13 16:00:00,52.75,158.02,5.83,NA,11.08,NA,NA,0.12,12.42,NA,NA,NA,NA,NA,NA,NA,NA,NA,NA,NA,0.00,NA,NA,NA
2025-06-13 17:00:00,61.66,152.46,4.88,NA,12.63,NA,NA,0.10,16.98,NA,NA,NA,NA,NA,NA,NA,NA,NA,NA,NA,0.00,NA,NA,NA
2025-06-13 18:00:00,51.22,122.96,6.23,NA,16.61,NA,NA,0.12,22.63,NA,NA,NA,NA,NA,NA,NA,NA,NA,NA,NA,0.00,NA,NA,NA
2025-06-13 19:00:00,43.69,91.34,6.62,NA,12.98,NA,NA,0.29,14.88,NA,NA,NA,NA,NA,NA,NA,NA,NA,NA,NA,0.00,NA,NA,NA
2025-06-13 20:00:00,24.31,77.33,7.66,NA,10.54,NA,NA,0.36,8.44,NA,NA,NA,NA,NA,NA,NA,NA,NA,NA,NA,0.00,NA,NA,NA
2025-06-13 21:00:00,16.31,89.92,6.94,NA,9.95,NA,NA,0.38,8.44,NA,NA,NA,NA,NA,NA,NA,NA,NA,NA,NA,0.00,NA,NA,NA
2025-06-13 22:00:00,16.02,82.21,7.42,NA,9.81,NA,NA,0.42,7.40,NA,NA,NA,NA,NA,NA,NA,NA,NA,NA,NA,0.00,NA,NA,NA
2025-06-13 23:00:00,15.58,103.27,8.51,NA,10.41,NA,NA,0.44,6.85,NA,NA,NA,NA,NA,NA,NA,NA,NA,NA,NA,0.00,NA,NA,NA
2025-06-14 00:00:00,26.00,115.76,9.27,NA,10.88,NA,NA,0.42,6.55,NA,NA,NA,NA,NA,NA,NA,NA,NA,NA,NA,0.00,NA,NA,NA
2025-06-14 01:00:00,34.18,138.89,8.48,NA,9.89,NA,NA,0.44,5.88,NA,NA,NA,NA,NA,NA,NA,NA,NA,NA,NA,0.00,NA,NA,NA
2025-06-14 02:00:00,46.75,125.20,9.14,NA,10.48,NA,NA,0.45,5.98,NA,NA,NA,NA,NA,NA,NA,NA,NA,NA,NA,0.00,NA,NA,NA
2025-06-14 03:00:00,47.03,136.41,8.02,NA,9.43,NA,NA,0.44,5.71,NA,NA,NA,NA,NA,NA,NA,NA,NA,NA,NA,0.00,NA,NA,NA
2025-06-14 04:00:00,52.37,138.70,7.03,NA,8.16,NA,NA,0.42,4.80,NA,NA,NA,NA,NA,NA,NA,NA,NA,NA,NA,0.00,NA,NA,NA
2025-06-14 05:00:00,43.84,123.66,6.47,NA,7.84,NA,NA,0.43,5.06,NA,NA,NA,NA,NA,NA,NA,NA,NA,NA,NA,0.00,NA,NA,NA
2025-06-14 06:00:00,38.20,108.80,9.52,NA,11.50,NA,NA,0.42,7.38,NA,NA,NA,NA,NA,NA,NA,NA,NA,NA,NA,0.00,NA,NA,NA
2025-06-14 07:00:00,35.37,103.64,11.21,NA,13.37,NA,NA,0.43,8.35,NA,NA,NA,NA,NA,NA,NA,NA,NA,NA,NA,0.00,NA,NA,NA
2025-06-14 08:00:00,42.70,114.94,7.90,NA,9.11,NA,NA,0.41,5.27,NA,NA,NA,NA,NA,NA,NA,NA,NA,NA,NA,0.00,NA,NA,NA
2025-06-14 09:00:00,37.45,122.99,5.56,NA,6.90,NA,NA,0.44,4.68,NA,NA,NA,NA,NA,NA,NA,NA,NA,NA,NA,0.00,NA,NA,NA
2025-06-14 10:00:00,36.50,129.38,5.78,NA,7.15,NA,NA,0.43,4.80,NA,NA,NA,NA,NA,NA,NA,NA,NA,NA,NA,0.00,NA,NA,NA
2025-06-14 11:00:00,49.74,152.41,7.42,NA,11.92,NA,NA,0.34,11.52,NA,NA,NA,NA,NA,NA,NA,NA,NA,NA,NA,0.00,NA,NA,NA
2025-06-14 12:00:00,67.02,178.61,6.88,NA,15.14,NA,NA,0.28,18.69,NA,NA,NA,NA,NA,NA,NA,NA,NA,NA,NA,0.00,NA,NA,NA
2025-06-14 13:00:00,77.08,181.26,5.47,NA,15.30,NA,NA,0.20,21.28,NA,NA,NA,NA,NA,NA,NA,NA,NA,NA,NA,0.00,NA,NA,NA
2025-06-14 14:00:00,77.17,167.91,3.39,NA,13.13,NA,NA,0.16,20.34,NA,NA,NA,NA,NA,NA,NA,NA,NA,NA,NA,0.00,NA,NA,NA
2025-06-14 15:00:00,76.98,180.26,3.37,NA,13.92,NA,NA,0.12,21.92,NA,NA,NA,NA,NA,NA,NA,NA,NA,NA,NA,0.00,NA,NA,NA
2025-06-14 16:00:00,72.50,179.44,3.87,NA,12.92,NA,NA,0.14,19.16,NA,NA,NA,NA,NA,NA,NA,NA,NA,NA,NA,0.00,NA,NA,NA
2025-06-14 17:00:00,65.66,155.55,4.25,NA,10.63,NA,NA,0.17,14.08,NA,NA,NA,NA,NA,NA,NA,NA,NA,NA,NA,0.00,NA,NA,NA
2025-06-14 18:00:00,56.65,154.40,6.79,NA,11.50,NA,NA,0.27,11.72,NA,NA,NA,NA,NA,NA,NA,NA,NA,NA,NA,0.00,NA,NA,NA
2025-06-14 19:00:00,47.92,162.68,9.15,NA,12.03,NA,NA,0.38,9.00,NA,NA,NA,NA,NA,NA,NA,NA,NA,NA,NA,0.00,NA,NA,NA
2025-06-14 20:00:00,43.87,161.46,8.62,NA,11.06,NA,NA,0.47,7.94,NA,NA,NA,NA,NA,NA,NA,NA,NA,NA,NA,0.00,NA,NA,NA
2025-06-14 21:00:00,35.79,136.16,6.24,NA,8.14,NA,NA,0.48,5.99,NA,NA,NA,NA,NA,NA,NA,NA,NA,NA,NA,0.00,NA,NA,NA
2025-06-14 22:00:00,42.95,140.68,8.16,NA,9.92,NA,NA,0.50,6.45,NA,NA,NA,NA,NA,NA,NA,NA,NA,NA,NA,0.00,NA,NA,NA
2025-06-14 23:00:00,52.62,175.88,11.06,NA,12.03,NA,NA,0.50,5.95,NA,NA,NA,NA,NA,NA,NA,NA,NA,NA,NA,0.00,NA,NA,NA
2025-06-15 00:00:00,53.70,183.05,7.48,NA,8.64,NA,NA,0.42,5.01,NA,NA,NA,NA,NA,NA,NA,NA,NA,NA,NA,0.00,NA,NA,NA
2025-06-15 01:00:00,56.68,140.48,5.59,NA,6.86,NA,NA,0.40,4.55,NA,NA,NA,NA,NA,NA,NA,NA,NA,NA,NA,0.00,NA,NA,NA
2025-06-15 02:00:00,53.48,129.94,5.97,NA,7.19,NA,NA,0.40,4.57,NA,NA,NA,NA,NA,NA,NA,NA,NA,NA,NA,0.00,NA,NA,NA
2025-06-15 03:00:00,42.36,109.41,4.83,NA,6.20,NA,NA,0.33,4.46,NA,NA,NA,NA,NA,NA,NA,NA,NA,NA,NA,0.00,NA,NA,NA
2025-06-15 04:00:00,37.07,228.89,4.09,NA,5.53,NA,NA,0.23,4.32,NA,NA,NA,NA,NA,NA,NA,NA,NA,NA,NA,0.00,NA,NA,NA
2025-06-15 05:00:00,5.00,52.80,7.62,NA,8.30,NA,NA,0.25,4.12,NA,NA,NA,NA,NA,NA,NA,NA,NA,NA,NA,0.00,NA,NA,NA
2025-06-15 06:00:00,12.74,20.70,8.99,NA,9.56,NA,NA,0.30,4.40,NA,NA,NA,NA,NA,NA,NA,NA,NA,NA,NA,0.00,NA,NA,NA
2025-06-15 07:00:00,6.86,43.01,7.50,NA,9.25,NA,NA,0.38,6.17,NA,NA,NA,NA,NA,NA,NA,NA,NA,NA,NA,0.00,NA,NA,NA
2025-06-15 08:00:00,28.46,88.75,5.09,NA,6.81,NA,NA,0.33,5.22,NA,NA,NA,NA,NA,NA,NA,NA,NA,NA,NA,0.00,NA,NA,NA
2025-06-15 09:00:00,59.79,142.82,4.92,NA,6.20,NA,NA,0.35,4.31,NA,NA,NA,NA,NA,NA,NA,NA,NA,NA,NA,0.00,NA,NA,NA
2025-06-15 10:00:00,34.83,104.65,5.45,NA,6.72,NA,NA,0.34,4.49,NA,NA,NA,NA,NA,NA,NA,NA,NA,NA,NA,0.00,NA,NA,NA
2025-06-15 11:00:00,47.21,109.59,6.66,NA,7.61,NA,NA,0.37,4.30,NA,NA,NA,NA,NA,NA,NA,NA,NA,NA,NA,0.00,NA,NA,NA
2025-06-15 12:00:00,44.98,120.30,5.42,NA,6.83,NA,NA,0.34,4.76,NA,NA,NA,NA,NA,NA,NA,NA,NA,NA,NA,0.00,NA,NA,NA
2025-06-15 13:00:00,53.76,201.49,4.88,NA,6.40,NA,NA,0.30,4.76,NA,NA,NA,NA,NA,NA,NA,NA,NA,NA,NA,0.00,NA,NA,NA
2025-06-15 14:00:00,23.12,194.65,4.78,NA,5.75,NA,NA,0.29,3.66,NA,NA,NA,NA,NA,NA,NA,NA,NA,NA,NA,0.00,NA,NA,NA
2025-06-15 15:00:00,17.94,116.15,4.48,NA,5.40,NA,NA,0.30,3.45,NA,NA,NA,NA,NA,NA,NA,NA,NA,NA,NA,0.00,NA,NA,NA
2025-06-15 16:00:00,16.23,76.71,6.61,NA,7.15,NA,NA,0.30,3.48,NA,NA,NA,NA,NA,NA,NA,NA,NA,NA,NA,0.00,NA,NA,NA
2025-06-15 17:00:00,20.15,70.34,7.42,NA,7.96,NA,NA,0.29,3.79,NA,NA,NA,NA,NA,NA,NA,NA,NA,NA,NA,0.00,NA,NA,NA
2025-06-15 18:00:00,21.21,88.99,6.06,NA,6.68,NA,NA,0.34,3.43,NA,NA,NA,NA,NA,NA,NA,NA,NA,NA,NA,0.00,NA,NA,NA
2025-06-15 19:00:00,26.06,81.28,7.87,NA,8.14,NA,NA,0.38,3.40,NA,NA,NA,NA,NA,NA,NA,NA,NA,NA,NA,0.00,NA,NA,NA
2025-06-15 20:00:00,34.39,88.94,13.33,NA,12.80,NA,NA,0.46,3.86,NA,NA,NA,NA,NA,NA,NA,NA,NA,NA,NA,0.00,NA,NA,NA
2025-06-15 21:00:00,26.73,93.54,15.25,NA,14.66,NA,NA,0.53,4.43,NA,NA,NA,NA,NA,NA,NA,NA,NA,NA,NA,0.00,NA,NA,NA
2025-06-15 22:00:00,19.88,86.28,13.85,NA,13.44,NA,NA,0.55,4.26,NA,NA,NA,NA,NA,NA,NA,NA,NA,NA,NA,0.00,NA,NA,NA
2025-06-15 23:00:00,30.80,87.64,13.56,NA,13.50,NA,NA,0.54,4.85,NA,NA,NA,NA,NA,NA,NA,NA,NA,NA,NA,0.00,NA,NA,NA
2025-06-16 00:00:00,32.22,100.89,16.27,NA,16.90,NA,NA,0.60,7.21,NA,NA,NA,NA,NA,NA,NA,NA,NA,NA,NA,0.00,NA,NA,NA
2025-06-16 01:00:00,39.70,108.43,12.92,NA,12.71,NA,NA,0.54,4.32,NA,NA,NA,NA,NA,NA,NA,NA,NA,NA,NA,0.00,NA,NA,NA
2025-06-16 02:00:00,33.12,88.20,9.44,NA,9.75,NA,NA,0.45,4.08,NA,NA,NA,NA,NA,NA,NA,NA,NA,NA,NA,0.00,NA,NA,NA
2025-06-16 03:00:00,40.70,94.34,8.11,NA,8.53,NA,NA,0.41,3.79,NA,NA,NA,NA,NA,NA,NA,NA,NA,NA,NA,0.00,NA,NA,NA
2025-06-16 04:00:00,42.97,88.80,10.90,NA,11.00,NA,NA,0.43,4.20,NA,NA,NA,NA,NA,NA,NA,NA,NA,NA,NA,0.00,NA,NA,NA
2025-06-16 05:00:00,34.28,77.37,11.20,NA,11.64,NA,NA,0.43,4.96,NA,NA,NA,NA,NA,NA,NA,NA,NA,NA,NA,0.00,NA,NA,NA
2025-06-16 06:00:00,28.24,67.75,9.73,NA,10.59,NA,NA,0.39,5.25,NA,NA,NA,NA,NA,NA,NA,NA,NA,NA,NA,0.00,NA,NA,NA
2025-06-16 07:00:00,33.58,90.23,6.08,NA,7.03,NA,NA,0.40,4.09,NA,NA,NA,NA,NA,NA,NA,NA,NA,NA,NA,0.00,NA,NA,NA
2025-06-16 08:00:00,51.06,94.74,6.08,NA,7.04,NA,NA,0.41,4.11,NA,NA,NA,NA,NA,NA,NA,NA,NA,NA,NA,0.00,NA,NA,NA
2025-06-16 09:00:00,32.12,85.18,6.43,NA,7.19,NA,NA,0.38,3.84,NA,NA,NA,NA,NA,NA,NA,NA,NA,NA,NA,0.00,NA,NA,NA
2025-06-16 10:00:00,31.61,69.84,5.80,NA,6.65,NA,NA,0.36,3.80,NA,NA,NA,NA,NA,NA,NA,NA,NA,NA,NA,0.00,NA,NA,NA
2025-06-16 11:00:00,27.54,65.70,5.94,NA,6.90,NA,NA,0.33,4.04,NA,NA,NA,NA,NA,NA,NA,NA,NA,NA,NA,0.00,NA,NA,NA
2025-06-16 12:00:00,44.21,101.59,7.82,NA,9.92,NA,NA,0.29,6.97,NA,NA,NA,NA,NA,NA,NA,NA,NA,NA,NA,0.00,NA,NA,NA
2025-06-16 13:00:00,43.40,91.08,10.17,NA,12.51,NA,NA,0.26,8.30,NA,NA,NA,NA,NA,NA,NA,NA,NA,NA,NA,0.00,NA,NA,NA
2025-06-16 14:00:00,34.46,78.80,6.60,NA,9.23,NA,NA,0.26,7.57,NA,NA,NA,NA,NA,NA,NA,NA,NA,NA,NA,0.00,NA,NA,NA
2025-06-16 15:00:00,23.13,71.41,5.63,NA,8.58,NA,NA,0.27,7.86,NA,NA,NA,NA,NA,NA,NA,NA,NA,NA,NA,0.00,NA,NA,NA
2025-06-16 16:00:00,33.91,73.64,4.24,NA,7.22,NA,NA,0.25,7.38,NA,NA,NA,NA,NA,NA,NA,NA,NA,NA,NA,0.00,NA,NA,NA
2025-06-16 17:00:00,32.55,79.34,4.58,NA,7.11,NA,NA,0.24,6.65,NA,NA,NA,NA,NA,NA,NA,NA,NA,NA,NA,0.00,NA,NA,NA
2025-06-16 18:00:00,31.98,72.65,6.23,NA,7.93,NA,NA,0.32,5.62,NA,NA,NA,NA,NA,NA,NA,NA,NA,NA,NA,0.00,NA,NA,NA
2025-06-16 19:00:00,21.32,67.20,10.75,NA,10.88,NA,NA,0.41,4.18,NA,NA,NA,NA,NA,NA,NA,NA,NA,NA,NA,0.00,NA,NA,NA
2025-06-16 20:00:00,22.14,70.22,13.64,NA,12.93,NA,NA,0.49,3.60,NA,NA,NA,NA,NA,NA,NA,NA,NA,NA,NA,0.00,NA,NA,NA
2025-06-16 21:00:00,26.44,85.47,9.67,NA,9.64,NA,NA,0.45,3.48,NA,NA,NA,NA,NA,NA,NA,NA,NA,NA,NA,0.00,NA,NA,NA
2025-06-16 22:00:00,26.46,75.51,9.39,NA,9.52,NA,NA,0.42,3.70,NA,NA,NA,NA,NA,NA,NA,NA,NA,NA,NA,0.00,NA,NA,NA
2025-06-16 23:00:00,17.44,64.06,7.77,NA,8.06,NA,NA,0.38,3.42,NA,NA,NA,NA,NA,NA,NA,NA,NA,NA,NA,0.00,NA,NA,NA
2025-06-17 00:00:00,23.77,71.40,6.26,NA,6.72,NA,NA,0.38,3.21,NA,NA,NA,NA,NA,NA,NA,NA,NA,NA,NA,0.00,NA,NA,NA
2025-06-17 01:00:00,33.62,70.43,4.39,NA,5.18,NA,NA,0.38,3.16,NA,NA,NA,NA,NA,NA,NA,NA,NA,NA,NA,0.00,NA,NA,NA
2025-06-17 02:00:00,23.66,46.13,3.25,NA,4.11,NA,NA,0.36,2.88,NA,NA,NA,NA,NA,NA,NA,NA,NA,NA,NA,0.00,NA,NA,NA
2025-06-17 03:00:00,22.52,47.61,3.01,NA,3.93,NA,NA,0.34,2.89,NA,NA,NA,NA,NA,NA,NA,NA,NA,NA,NA,0.00,NA,NA,NA
2025-06-17 04:00:00,25.74,45.47,3.46,NA,4.34,NA,NA,0.35,3.00,NA,NA,NA,NA,NA,NA,NA,NA,NA,NA,NA,0.00,NA,NA,NA
2025-06-17 05:00:00,28.93,53.87,3.18,NA,4.07,NA,NA,0.36,2.92,NA,NA,NA,NA,NA,NA,NA,NA,NA,NA,NA,0.00,NA,NA,NA
2025-06-17 06:00:00,21.70,43.82,4.17,NA,4.90,NA,NA,0.36,2.96,NA,NA,NA,NA,NA,NA,NA,NA,NA,NA,NA,0.00,NA,NA,NA
2025-06-17 07:00:00,24.02,53.05,5.01,NA,5.89,NA,NA,0.37,3.55,NA,NA,NA,NA,NA,NA,NA,NA,NA,NA,NA,0.00,NA,NA,NA
2025-06-17 08:00:00,27.33,61.71,5.04,NA,5.88,NA,NA,0.37,3.50,NA,NA,NA,NA,NA,NA,NA,NA,NA,NA,NA,0.00,NA,NA,NA
2025-06-17 09:00:00,42.82,81.84,4.77,NA,5.65,NA,NA,0.36,3.47,NA,NA,NA,NA,NA,NA,NA,NA,NA,NA,NA,0.00,NA,NA,NA
2025-06-17 10:00:00,32.26,74.17,5.52,NA,6.26,NA,NA,0.40,3.46,NA,NA,NA,NA,NA,NA,NA,NA,NA,NA,NA,0.00,NA,NA,NA
2025-06-17 11:00:00,49.16,97.24,5.25,NA,5.88,NA,NA,0.44,3.17,NA,NA,NA,NA,NA,NA,NA,NA,NA,NA,NA,0.00,NA,NA,NA
2025-06-17 12:00:00,57.94,126.11,4.76,NA,5.33,NA,NA,0.45,2.86,NA,NA,NA,NA,NA,NA,NA,NA,NA,NA,NA,0.00,NA,NA,NA
2025-06-17 13:00:00,61.25,131.07,5.25,NA,5.88,NA,NA,0.39,3.16,NA,NA,NA,NA,NA,NA,NA,NA,NA,NA,NA,0.00,NA,NA,NA
2025-06-17 14:00:00,59.66,153.00,5.17,NA,5.74,NA,NA,0.44,3.02,NA,NA,NA,NA,NA,NA,NA,NA,NA,NA,NA,0.00,NA,NA,NA
2025-06-17 15:00:00,42.50,170.13,4.52,NA,5.19,NA,NA,0.40,2.98,NA,NA,NA,NA,NA,NA,NA,NA,NA,NA,NA,0.00,NA,NA,NA
2025-06-17 16:00:00,8.06,22.55,4.01,NA,4.73,NA,NA,0.38,2.88,NA,NA,NA,NA,NA,NA,NA,NA,NA,NA,NA,0.00,NA,NA,NA
2025-06-17 17:00:00,2.74,17.11,4.87,NA,5.56,NA,NA,0.41,3.14,NA,NA,NA,NA,NA,NA,NA,NA,NA,NA,NA,0.00,NA,NA,NA
2025-06-17 18:00:00,11.82,44.53,6.06,NA,6.51,NA,NA,0.45,3.09,NA,NA,NA,NA,NA,NA,NA,NA,NA,NA,NA,0.00,NA,NA,NA
2025-06-17 19:00:00,6.73,151.08,4.40,NA,5.00,NA,NA,0.40,2.78,NA,NA,NA,NA,NA,NA,NA,NA,NA,NA,NA,0.00,NA,NA,NA
2025-06-17 20:00:00,4.18,12.62,4.97,NA,5.51,NA,NA,0.42,2.85,NA,NA,NA,NA,NA,NA,NA,NA,NA,NA,NA,0.00,NA,NA,NA
2025-06-17 21:00:00,6.84,14.93,5.00,NA,5.53,NA,NA,0.44,2.87,NA,NA,NA,NA,NA,NA,NA,NA,NA,NA,NA,0.00,NA,NA,NA
2025-06-17 22:00:00,5.68,20.16,4.63,NA,5.27,NA,NA,0.43,2.95,NA,NA,NA,NA,NA,NA,NA,NA,NA,NA,NA,0.00,NA,NA,NA
2025-06-17 23:00:00,14.41,20.67,6.12,NA,6.46,NA,NA,0.46,2.91,NA,NA,NA,NA,NA,NA,NA,NA,NA,NA,NA,0.00,NA,NA,NA
2025-06-18 00:00:00,22.38,32.24,7.92,NA,8.11,NA,NA,0.45,3.29,NA,NA,NA,NA,NA,NA,NA,NA,NA,NA,NA,0.00,NA,NA,NA
2025-06-18 01:00:00,28.69,49.69,8.02,NA,9.16,NA,NA,0.51,5.19,NA,NA,NA,NA,NA,NA,NA,NA,NA,NA,NA,0.00,NA,NA,NA
2025-06-18 02:00:00,20.29,39.44,5.04,NA,5.77,NA,NA,0.42,3.28,NA,NA,NA,NA,NA,NA,NA,NA,NA,NA,NA,0.00,NA,NA,NA
2025-06-18 03:00:00,18.18,30.17,3.60,NA,4.55,NA,NA,0.38,3.17,NA,NA,NA,NA,NA,NA,NA,NA,NA,NA,NA,0.00,NA,NA,NA
2025-06-18 04:00:00,16.79,34.27,3.71,NA,4.68,NA,NA,0.38,3.25,NA,NA,NA,NA,NA,NA,NA,NA,NA,NA,NA,0.00,NA,NA,NA
2025-06-18 05:00:00,19.93,45.56,4.00,NA,4.89,NA,NA,0.40,3.22,NA,NA,NA,NA,NA,NA,NA,NA,NA,NA,NA,0.00,NA,NA,NA
2025-06-18 06:00:00,24.16,54.17,3.53,NA,4.58,NA,NA,0.41,3.35,NA,NA,NA,NA,NA,NA,NA,NA,NA,NA,NA,0.00,NA,NA,NA
2025-06-18 07:00:00,21.12,44.98,3.80,NA,5.00,NA,NA,0.40,3.73,NA,NA,NA,NA,NA,NA,NA,NA,NA,NA,NA,0.00,NA,NA,NA
2025-06-18 08:00:00,29.11,48.79,3.76,NA,5.13,NA,NA,0.41,4.07,NA,NA,NA,NA,NA,NA,NA,NA,NA,NA,NA,0.00,NA,NA,NA
2025-06-18 09:00:00,31.86,65.63,4.81,NA,6.18,NA,NA,0.44,4.45,NA,NA,NA,NA,NA,NA,NA,NA,NA,NA,NA,0.00,NA,NA,NA
2025-06-18 10:00:00,32.08,76.17,5.63,NA,6.62,NA,NA,0.46,4.01,NA,NA,NA,NA,NA,NA,NA,NA,NA,NA,NA,0.00,NA,NA,NA
2025-06-18 11:00:00,46.15,95.28,6.02,NA,6.84,NA,NA,0.48,3.83,NA,NA,NA,NA,NA,NA,NA,NA,NA,NA,NA,0.00,NA,NA,NA
2025-06-18 12:00:00,42.10,93.76,5.66,NA,6.43,NA,NA,0.48,3.58,NA,NA,NA,NA,NA,NA,NA,NA,NA,NA,NA,0.00,NA,NA,NA
2025-06-18 13:00:00,37.94,81.78,5.66,NA,6.32,NA,NA,0.46,3.35,NA,NA,NA,NA,NA,NA,NA,NA,NA,NA,NA,0.00,NA,NA,NA
2025-06-18 14:00:00,46.82,83.77,5.25,NA,5.87,NA,NA,0.44,3.14,NA,NA,NA,NA,NA,NA,NA,NA,NA,NA,NA,0.00,NA,NA,NA
2025-06-18 15:00:00,40.13,92.83,5.44,NA,5.84,NA,NA,0.42,2.77,NA,NA,NA,NA,NA,NA,NA,NA,NA,NA,NA,0.00,NA,NA,NA
2025-06-18 16:00:00,43.42,72.17,5.20,NA,5.80,NA,NA,0.42,3.10,NA,NA,NA,NA,NA,NA,NA,NA,NA,NA,NA,0.00,NA,NA,NA
2025-06-18 17:00:00,34.15,81.41,4.62,NA,5.34,NA,NA,0.40,3.11,NA,NA,NA,NA,NA,NA,NA,NA,NA,NA,NA,0.00,NA,NA,NA
2025-06-18 18:00:00,39.29,87.30,5.80,NA,6.34,NA,NA,0.46,3.18,NA,NA,NA,NA,NA,NA,NA,NA,NA,NA,NA,0.00,NA,NA,NA
2025-06-18 19:00:00,33.89,83.08,6.70,NA,7.03,NA,NA,0.49,3.11,NA,NA,NA,NA,NA,NA,NA,NA,NA,NA,NA,0.00,NA,NA,NA
2025-06-18 20:00:00,25.24,62.44,6.58,NA,6.94,NA,NA,0.50,3.11,NA,NA,NA,NA,NA,NA,NA,NA,NA,NA,NA,0.00,NA,NA,NA
2025-06-18 21:00:00,25.20,78.04,6.87,NA,7.18,NA,NA,0.54,3.12,NA,NA,NA,NA,NA,NA,NA,NA,NA,NA,NA,0.00,NA,NA,NA
2025-06-18 22:00:00,33.89,79.59,5.37,NA,5.90,NA,NA,0.48,3.01,NA,NA,NA,NA,NA,NA,NA,NA,NA,NA,NA,0.00,NA,NA,NA
2025-06-18 23:00:00,13.67,37.31,5.70,NA,6.26,NA,NA,0.43,3.19,NA,NA,NA,NA,NA,NA,NA,NA,NA,NA,NA,0.00,NA,NA,NA
2025-06-19 00:00:00,14.28,45.69,7.43,NA,7.97,NA,NA,0.44,3.76,NA,NA,NA,NA,NA,NA,NA,NA,NA,NA,NA,0.00,NA,NA,NA
2025-06-19 01:00:00,30.02,65.77,9.46,NA,13.97,NA,NA,0.54,12.30,NA,NA,NA,NA,NA,NA,NA,NA,NA,NA,NA,0.00,NA,NA,NA
2025-06-19 02:00:00,37.51,108.46,9.12,NA,10.76,NA,NA,0.52,6.56,NA,NA,NA,NA,NA,NA,NA,NA,NA,NA,NA,0.00,NA,NA,NA
2025-06-19 03:00:00,40.48,86.66,5.12,NA,5.96,NA,NA,0.44,3.52,NA,NA,NA,NA,NA,NA,NA,NA,NA,NA,NA,0.00,NA,NA,NA
2025-06-19 04:00:00,30.44,55.91,4.10,NA,5.05,NA,NA,0.42,3.36,NA,NA,NA,NA,NA,NA,NA,NA,NA,NA,NA,0.00,NA,NA,NA
2025-06-19 05:00:00,26.64,51.28,4.02,NA,4.90,NA,NA,0.43,3.19,NA,NA,NA,NA,NA,NA,NA,NA,NA,NA,NA,0.00,NA,NA,NA
2025-06-19 06:00:00,23.32,44.18,4.13,NA,5.11,NA,NA,0.42,3.44,NA,NA,NA,NA,NA,NA,NA,NA,NA,NA,NA,0.00,NA,NA,NA
2025-06-19 07:00:00,17.44,33.52,4.50,NA,5.75,NA,NA,0.41,4.09,NA,NA,NA,NA,NA,NA,NA,NA,NA,NA,NA,0.00,NA,NA,NA
2025-06-19 08:00:00,34.60,68.34,4.59,NA,5.85,NA,NA,0.41,4.16,NA,NA,NA,NA,NA,NA,NA,NA,NA,NA,NA,0.00,NA,NA,NA
2025-06-19 09:00:00,32.90,70.36,4.34,NA,5.80,NA,NA,0.42,4.47,NA,NA,NA,NA,NA,NA,NA,NA,NA,NA,NA,0.00,NA,NA,NA
2025-06-19 10:00:00,14.24,41.36,3.84,NA,5.20,NA,NA,0.41,4.08,NA,NA,NA,NA,NA,NA,NA,NA,NA,NA,NA,0.00,NA,NA,NA
2025-06-19 11:00:00,13.88,35.48,3.61,NA,4.74,NA,NA,0.35,3.54,NA,NA,NA,NA,NA,NA,NA,NA,NA,NA,NA,0.00,NA,NA,NA
2025-06-19 12:00:00,17.67,34.43,4.96,NA,6.45,NA,NA,0.33,4.74,NA,NA,NA,NA,NA,NA,NA,NA,NA,NA,NA,0.00,NA,NA,NA
2025-06-19 13:00:00,20.94,48.47,4.20,NA,5.54,NA,NA,0.34,4.19,NA,NA,NA,NA,NA,NA,NA,NA,NA,NA,NA,0.00,NA,NA,NA
2025-06-19 14:00:00,8.42,30.08,4.38,NA,5.47,NA,NA,0.36,3.74,NA,NA,NA,NA,NA,NA,NA,NA,NA,NA,NA,0.00,NA,NA,NA
2025-06-19 15:00:00,14.59,40.30,4.54,NA,5.44,NA,NA,0.38,3.42,NA,NA,NA,NA,NA,NA,NA,NA,NA,NA,NA,0.00,NA,NA,NA
2025-06-19 16:00:00,16.70,46.24,4.28,NA,5.19,NA,NA,0.34,3.36,NA,NA,NA,NA,NA,NA,NA,NA,NA,NA,NA,0.00,NA,NA,NA
2025-06-19 17:00:00,21.16,54.81,4.35,NA,5.31,NA,NA,0.32,3.48,NA,NA,NA,NA,NA,NA,NA,NA,NA,NA,NA,0.00,NA,NA,NA
2025-06-19 18:00:00,27.48,76.25,5.14,NA,5.89,NA,NA,0.39,3.35,NA,NA,NA,NA,NA,NA,NA,NA,NA,NA,NA,0.00,NA,NA,NA
2025-06-19 19:00:00,19.92,68.85,5.78,NA,6.26,NA,NA,0.41,3.07,NA,NA,NA,NA,NA,NA,NA,NA,NA,NA,NA,0.00,NA,NA,NA
2025-06-19 20:00:00,22.97,67.96,6.78,NA,7.15,NA,NA,0.41,3.20,NA,NA,NA,NA,NA,NA,NA,NA,NA,NA,NA,0.00,NA,NA,NA
2025-06-19 21:00:00,19.66,76.96,6.18,NA,6.64,NA,NA,0.42,3.16,NA,NA,NA,NA,NA,NA,NA,NA,NA,NA,NA,0.00,NA,NA,NA
2025-06-19 22:00:00,26.42,88.51,5.82,NA,6.34,NA,NA,0.43,3.14,NA,NA,NA,NA,NA,NA,NA,NA,NA,NA,NA,0.00,NA,NA,NA
2025-06-19 23:00:00,25.88,88.43,5.35,NA,5.95,NA,NA,0.39,3.13,NA,NA,NA,NA,NA,NA,NA,NA,NA,NA,NA,0.00,NA,NA,NA
2025-06-20 00:00:00,21.79,57.63,4.68,NA,5.41,NA,NA,0.36,3.16,NA,NA,NA,NA,NA,NA,NA,NA,NA,NA,NA,0.00,NA,NA,NA
2025-06-20 01:00:00,26.20,48.60,4.09,NA,4.90,NA,NA,0.37,3.08,NA,NA,NA,NA,NA,NA,NA,NA,NA,NA,NA,0.00,NA,NA,NA
2025-06-20 02:00:00,12.46,33.47,3.41,NA,4.36,NA,NA,0.36,3.10,NA,NA,NA,NA,NA,NA,NA,NA,NA,NA,NA,0.00,NA,NA,NA
2025-06-20 03:00:00,15.49,29.71,2.70,NA,3.79,NA,NA,0.36,3.12,NA,NA,NA,NA,NA,NA,NA,NA,NA,NA,NA,0.00,NA,NA,NA
2025-06-20 04:00:00,17.82,35.42,2.54,NA,3.65,NA,NA,0.36,3.11,NA,NA,NA,NA,NA,NA,NA,NA,NA,NA,NA,0.00,NA,NA,NA
2025-06-20 05:00:00,18.23,36.00,3.42,NA,4.60,NA,NA,0.38,3.56,NA,NA,NA,NA,NA,NA,NA,NA,NA,NA,NA,0.00,NA,NA,NA
2025-06-20 06:00:00,10.30,29.06,3.38,NA,4.61,NA,NA,0.36,3.65,NA,NA,NA,NA,NA,NA,NA,NA,NA,NA,NA,0.00,NA,NA,NA
2025-06-20 07:00:00,7.32,24.20,3.01,NA,4.41,NA,NA,0.37,3.84,NA,NA,NA,NA,NA,NA,NA,NA,NA,NA,NA,0.00,NA,NA,NA
2025-06-20 08:00:00,18.68,35.06,2.98,NA,4.38,NA,NA,0.38,3.84,NA,NA,NA,NA,NA,NA,NA,NA,NA,NA,NA,0.00,NA,NA,NA
2025-06-20 09:00:00,29.40,83.80,3.70,NA,4.98,NA,NA,0.44,3.87,NA,NA,NA,NA,NA,NA,NA,NA,NA,NA,NA,0.00,NA,NA,NA
2025-06-20 10:00:00,43.54,82.13,3.88,NA,5.08,NA,NA,0.44,3.78,NA,NA,NA,NA,NA,NA,NA,NA,NA,NA,NA,0.00,NA,NA,NA
2025-06-20 11:00:00,38.04,76.88,3.49,NA,4.64,NA,NA,0.38,3.53,NA,NA,NA,NA,NA,NA,NA,NA,NA,NA,NA,0.00,NA,NA,NA
2025-06-20 12:00:00,31.69,58.90,3.34,NA,6.09,NA,NA,0.29,6.61,NA,NA,NA,NA,NA,NA,NA,NA,NA,NA,NA,0.00,NA,NA,NA
2025-06-20 13:00:00,43.36,97.70,3.92,NA,9.59,NA,NA,0.23,12.56,NA,NA,NA,NA,NA,NA,NA,NA,NA,NA,NA,0.00,NA,NA,NA
2025-06-20 14:00:00,50.64,92.36,3.95,NA,7.51,NA,NA,0.29,8.42,NA,NA,NA,NA,NA,NA,NA,NA,NA,NA,NA,0.00,NA,NA,NA
2025-06-20 15:00:00,4.31,58.22,4.40,NA,8.77,NA,NA,0.21,10.17,NA,NA,NA,NA,NA,NA,NA,NA,NA,NA,NA,0.00,NA,NA,NA
2025-06-20 16:00:00,NA,66.08,3.87,NA,7.24,NA,NA,0.25,8.02,NA,NA,NA,NA,NA,NA,NA,NA,NA,NA,NA,0.00,NA,NA,NA
2025-06-20 17:00:00,NA,48.73,4.36,NA,6.45,NA,NA,0.34,5.68,NA,NA,NA,NA,NA,NA,NA,NA,NA,NA,NA,0.00,NA,NA,NA
2025-06-20 18:00:00,NA,59.40,4.83,NA,5.81,NA,NA,0.43,3.69,NA,NA,NA,NA,NA,NA,NA,NA,NA,NA,NA,0.00,NA,NA,NA
2025-06-20 19:00:00,NA,57.92,5.72,NA,6.37,NA,NA,0.46,3.37,NA,NA,NA,NA,NA,NA,NA,NA,NA,NA,NA,0.00,NA,NA,NA
2025-06-20 20:00:00,NA,69.19,6.22,NA,6.80,NA,NA,0.48,3.43,NA,NA,NA,NA,NA,NA,NA,NA,NA,NA,NA,0.00,NA,NA,NA
2025-06-20 21:00:00,NA,67.49,5.61,NA,6.30,NA,NA,0.48,3.41,NA,NA,NA,NA,NA,NA,NA,NA,NA,NA,NA,0.00,NA,NA,NA
2025-06-20 22:00:00,NA,55.67,4.71,NA,5.47,NA,NA,0.48,3.22,NA,NA,NA,NA,NA,NA,NA,NA,NA,NA,NA,0.00,NA,NA,NA
2025-06-20 23:00:00,NA,56.10,3.60,NA,4.59,NA,NA,0.45,3.27,NA,NA,NA,NA,NA,NA,NA,NA,NA,NA,NA,0.00,NA,NA,NA
2025-06-21 00:00:00,NA,55.95,2.93,NA,3.99,NA,NA,0.44,3.16,NA,NA,NA,NA,NA,NA,NA,NA,NA,NA,NA,0.00,NA,NA,NA
2025-06-21 01:00:00,NA,67.50,3.55,NA,4.58,NA,NA,0.45,3.31,NA,NA,NA,NA,NA,NA,NA,NA,NA,NA,NA,0.00,NA,NA,NA
2025-06-21 02:00:00,NA,81.32,3.55,NA,4.62,NA,NA,0.44,3.40,NA,NA,NA,NA,NA,NA,NA,NA,NA,NA,NA,0.00,NA,NA,NA
2025-06-21 03:00:00,NA,62.69,2.75,NA,3.88,NA,NA,0.42,3.22,NA,NA,NA,NA,NA,NA,NA,NA,NA,NA,NA,0.00,NA,NA,NA
2025-06-21 04:00:00,NA,58.03,2.97,NA,4.04,NA,NA,0.42,3.18,NA,NA,NA,NA,NA,NA,NA,NA,NA,NA,NA,0.00,NA,NA,NA
2025-06-21 05:00:00,NA,63.02,3.87,NA,4.85,NA,NA,0.43,3.34,NA,NA,NA,NA,NA,NA,NA,NA,NA,NA,NA,0.00,NA,NA,NA
2025-06-21 06:00:00,NA,56.98,3.67,NA,4.90,NA,NA,0.42,3.75,NA,NA,NA,NA,NA,NA,NA,NA,NA,NA,NA,0.00,NA,NA,NA
2025-06-21 07:00:00,NA,41.62,3.51,NA,4.97,NA,NA,0.40,4.14,NA,NA,NA,NA,NA,NA,NA,NA,NA,NA,NA,0.00,NA,NA,NA
2025-06-21 08:00:00,NA,39.82,2.88,NA,4.41,NA,NA,0.41,4.05,NA,NA,NA,NA,NA,NA,NA,NA,NA,NA,NA,0.00,NA,NA,NA
2025-06-21 09:00:00,1.10,53.58,3.18,NA,4.52,NA,NA,0.40,3.80,NA,NA,NA,NA,NA,NA,NA,NA,NA,NA,NA,0.00,NA,NA,NA
2025-06-21 10:00:00,26.56,54.08,3.49,NA,4.58,NA,NA,0.42,3.42,NA,NA,NA,NA,NA,NA,NA,NA,NA,NA,NA,0.00,NA,NA,NA
2025-06-21 11:00:00,NA,NA,3.92,NA,5.00,NA,NA,0.40,3.56,NA,NA,NA,NA,NA,NA,NA,NA,NA,NA,NA,0.00,NA,NA,NA
2025-06-21 12:00:00,51.74,67.10,5.01,NA,8.65,NA,NA,0.22,8.96,NA,NA,NA,NA,NA,NA,NA,NA,NA,NA,NA,0.00,NA,NA,NA
2025-06-21 13:00:00,63.95,93.11,4.69,NA,11.91,NA,NA,0.07,15.88,NA,NA,NA,NA,NA,NA,NA,NA,NA,NA,NA,0.00,NA,NA,NA
2025-06-21 14:00:00,77.94,96.68,3.40,NA,9.80,NA,NA,0.19,13.80,NA,NA,NA,NA,NA,NA,NA,NA,NA,NA,NA,0.00,NA,NA,NA
2025-06-21 15:00:00,44.54,69.78,3.92,NA,7.47,NA,NA,0.30,8.40,NA,NA,NA,NA,NA,NA,NA,NA,NA,NA,NA,0.00,NA,NA,NA
2025-06-21 16:00:00,32.37,60.69,3.99,NA,7.04,NA,NA,0.38,7.45,NA,NA,NA,NA,NA,NA,NA,NA,NA,NA,NA,0.00,NA,NA,NA
2025-06-21 17:00:00,3.30,2.97,4.06,NA,6.78,NA,NA,0.38,6.82,NA,NA,NA,NA,NA,NA,NA,NA,NA,NA,NA,0.00,NA,NA,NA
2025-06-21 18:00:00,15.81,45.60,7.05,NA,8.65,NA,NA,0.54,5.71,NA,NA,NA,NA,NA,NA,NA,NA,NA,NA,NA,0.00,NA,NA,NA
2025-06-21 19:00:00,17.92,64.28,6.78,NA,7.50,NA,NA,0.58,3.89,NA,NA,NA,NA,NA,NA,NA,NA,NA,NA,NA,0.00,NA,NA,NA
2025-06-21 20:00:00,20.15,58.57,9.66,NA,9.65,NA,NA,0.72,3.53,NA,NA,NA,NA,NA,NA,NA,NA,NA,NA,NA,0.00,NA,NA,NA
2025-06-21 21:00:00,30.93,69.97,9.49,NA,9.58,NA,NA,0.77,3.66,NA,NA,NA,NA,NA,NA,NA,NA,NA,NA,NA,0.00,NA,NA,NA
2025-06-21 22:00:00,24.42,64.30,7.90,NA,8.26,NA,NA,0.72,3.60,NA,NA,NA,NA,NA,NA,NA,NA,NA,NA,NA,0.00,NA,NA,NA
2025-06-21 23:00:00,27.67,64.13,7.98,NA,8.34,NA,NA,0.68,3.62,NA,NA,NA,NA,NA,NA,NA,NA,NA,NA,NA,0.00,NA,NA,NA
2025-06-22 00:00:00,36.27,80.15,7.81,NA,8.26,NA,NA,0.65,3.75,NA,NA,NA,NA,NA,NA,NA,NA,NA,NA,NA,0.00,NA,NA,NA
2025-06-22 01:00:00,34.11,76.74,5.38,NA,6.17,NA,NA,0.56,3.52,NA,NA,NA,NA,NA,NA,NA,NA,NA,NA,NA,0.00,NA,NA,NA
2025-06-22 02:00:00,34.32,84.26,5.24,NA,6.05,NA,NA,0.57,3.52,NA,NA,NA,NA,NA,NA,NA,NA,NA,NA,NA,0.00,NA,NA,NA
2025-06-22 03:00:00,43.31,74.66,5.66,NA,6.36,NA,NA,0.55,3.45,NA,NA,NA,NA,NA,NA,NA,NA,NA,NA,NA,0.00,NA,NA,NA
2025-06-22 04:00:00,31.06,61.35,4.92,NA,5.70,NA,NA,0.50,3.34,NA,NA,NA,NA,NA,NA,NA,NA,NA,NA,NA,0.00,NA,NA,NA
2025-06-22 05:00:00,20.05,39.10,4.68,NA,5.49,NA,NA,0.48,3.31,NA,NA,NA,NA,NA,NA,NA,NA,NA,NA,NA,0.00,NA,NA,NA
2025-06-22 06:00:00,16.30,42.69,5.56,NA,6.94,NA,NA,0.50,4.74,NA,NA,NA,NA,NA,NA,NA,NA,NA,NA,NA,0.00,NA,NA,NA
2025-06-22 07:00:00,10.56,37.33,4.96,NA,6.47,NA,NA,0.48,4.78,NA,NA,NA,NA,NA,NA,NA,NA,NA,NA,NA,0.00,NA,NA,NA
2025-06-22 08:00:00,20.24,48.72,3.98,NA,5.31,NA,NA,0.45,4.07,NA,NA,NA,NA,NA,NA,NA,NA,NA,NA,NA,0.00,NA,NA,NA
2025-06-22 09:00:00,16.47,43.72,2.63,NA,4.00,NA,NA,0.41,3.65,NA,NA,NA,NA,NA,NA,NA,NA,NA,NA,NA,0.00,NA,NA,NA
2025-06-22 10:00:00,20.24,48.35,3.40,NA,4.60,NA,NA,0.44,3.59,NA,NA,NA,NA,NA,NA,NA,NA,NA,NA,NA,0.00,NA,NA,NA
2025-06-22 11:00:00,16.25,36.80,3.71,NA,4.83,NA,NA,0.46,3.56,NA,NA,NA,NA,NA,NA,NA,NA,NA,NA,NA,0.00,NA,NA,NA
2025-06-22 12:00:00,24.64,57.61,3.88,NA,4.88,NA,NA,0.44,3.38,NA,NA,NA,NA,NA,NA,NA,NA,NA,NA,NA,0.00,NA,NA,NA
2025-06-22 13:00:00,21.72,59.65,4.23,NA,5.17,NA,NA,0.44,3.39,NA,NA,NA,NA,NA,NA,NA,NA,NA,NA,NA,0.00,NA,NA,NA
2025-06-22 14:00:00,33.81,87.80,4.92,NA,5.62,NA,NA,0.49,3.19,NA,NA,NA,NA,NA,NA,NA,NA,NA,NA,NA,0.00,NA,NA,NA
2025-06-22 15:00:00,35.22,99.75,4.77,NA,5.56,NA,NA,0.50,3.28,NA,NA,NA,NA,NA,NA,NA,NA,NA,NA,NA,0.00,NA,NA,NA
2025-06-22 16:00:00,49.63,124.23,4.49,NA,5.38,NA,NA,0.50,3.39,NA,NA,NA,NA,NA,NA,NA,NA,NA,NA,NA,0.00,NA,NA,NA
2025-06-22 17:00:00,27.98,97.26,4.30,NA,5.33,NA,NA,0.47,3.58,NA,NA,NA,NA,NA,NA,NA,NA,NA,NA,NA,0.00,NA,NA,NA
2025-06-22 18:00:00,34.26,100.02,4.99,NA,5.76,NA,NA,0.50,3.36,NA,NA,NA,NA,NA,NA,NA,NA,NA,NA,NA,0.00,NA,NA,NA
2025-06-22 19:00:00,32.04,84.95,5.27,NA,5.93,NA,NA,0.52,3.22,NA,NA,NA,NA,NA,NA,NA,NA,NA,NA,NA,0.00,NA,NA,NA
2025-06-22 20:00:00,29.59,73.95,6.05,NA,6.55,NA,NA,0.49,3.20,NA,NA,NA,NA,NA,NA,NA,NA,NA,NA,NA,0.00,NA,NA,NA
2025-06-22 21:00:00,25.18,80.59,5.85,NA,6.55,NA,NA,0.51,3.52,NA,NA,NA,NA,NA,NA,NA,NA,NA,NA,NA,0.00,NA,NA,NA
2025-06-22 22:00:00,27.43,81.23,5.72,NA,6.43,NA,NA,0.52,3.49,NA,NA,NA,NA,NA,NA,NA,NA,NA,NA,NA,0.00,NA,NA,NA
2025-06-22 23:00:00,26.50,81.50,5.72,NA,6.42,NA,NA,0.51,3.45,NA,NA,NA,NA,NA,NA,NA,NA,NA,NA,NA,0.00,NA,NA,NA
2025-06-23 00:00:00,37.02,75.98,5.55,NA,6.31,NA,NA,0.49,3.53,NA,NA,NA,NA,NA,NA,NA,NA,NA,NA,NA,0.00,NA,NA,NA
2025-06-23 01:00:00,27.65,65.28,3.60,NA,4.58,NA,NA,0.46,3.24,NA,NA,NA,NA,NA,NA,NA,NA,NA,NA,NA,0.00,NA,NA,NA
2025-06-23 02:00:00,35.03,64.77,4.86,NA,5.64,NA,NA,0.49,3.30,NA,NA,NA,NA,NA,NA,NA,NA,NA,NA,NA,0.00,NA,NA,NA
2025-06-23 03:00:00,35.06,66.41,5.13,NA,5.98,NA,NA,0.49,3.56,NA,NA,NA,NA,NA,NA,NA,NA,NA,NA,NA,0.00,NA,NA,NA
2025-06-23 04:00:00,33.85,59.89,3.94,NA,4.94,NA,NA,0.47,3.40,NA,NA,NA,NA,NA,NA,NA,NA,NA,NA,NA,0.00,NA,NA,NA
2025-06-23 05:00:00,32.01,72.29,4.08,NA,5.03,NA,NA,0.48,3.34,NA,NA,NA,NA,NA,NA,NA,NA,NA,NA,NA,0.00,NA,NA,NA
2025-06-23 06:00:00,35.85,77.01,4.14,NA,5.39,NA,NA,0.50,3.97,NA,NA,NA,NA,NA,NA,NA,NA,NA,NA,NA,0.00,NA,NA,NA
2025-06-23 07:00:00,40.36,82.78,4.46,NA,6.06,NA,NA,0.52,4.76,NA,NA,NA,NA,NA,NA,NA,NA,NA,NA,NA,0.00,NA,NA,NA
2025-06-23 08:00:00,41.19,92.35,4.01,NA,5.36,NA,NA,0.50,4.13,NA,NA,NA,NA,NA,NA,NA,NA,NA,NA,NA,0.00,NA,NA,NA
2025-06-23 09:00:00,36.76,92.20,4.54,NA,5.69,NA,NA,0.51,3.93,NA,NA,NA,NA,NA,NA,NA,NA,NA,NA,NA,0.00,NA,NA,NA
2025-06-23 10:00:00,40.83,108.83,5.40,NA,6.36,NA,NA,0.55,3.87,NA,NA,NA,NA,NA,NA,NA,NA,NA,NA,NA,0.00,NA,NA,NA
2025-06-23 11:00:00,36.50,95.90,4.18,NA,5.14,NA,NA,0.52,3.39,NA,NA,NA,NA,NA,NA,NA,NA,NA,NA,NA,0.00,NA,NA,NA
2025-06-23 12:00:00,54.63,127.06,4.62,NA,5.45,NA,NA,0.51,3.32,NA,NA,NA,NA,NA,NA,NA,NA,NA,NA,NA,0.00,NA,NA,NA
2025-06-23 13:00:00,69.22,132.73,4.31,NA,5.34,NA,NA,0.54,3.60,NA,NA,NA,NA,NA,NA,NA,NA,NA,NA,NA,0.00,NA,NA,NA
2025-06-23 14:00:00,21.38,72.68,4.32,NA,5.28,NA,NA,0.54,3.47,NA,NA,NA,NA,NA,NA,NA,NA,NA,NA,NA,0.00,NA,NA,NA
2025-06-23 15:00:00,32.46,99.22,4.20,NA,5.08,NA,NA,0.54,3.26,NA,NA,NA,NA,NA,NA,NA,NA,NA,NA,NA,0.00,NA,NA,NA
2025-06-23 16:00:00,37.34,97.90,4.78,NA,5.69,NA,NA,0.48,3.52,NA,NA,NA,NA,NA,NA,NA,NA,NA,NA,NA,0.00,NA,NA,NA
2025-06-23 17:00:00,27.01,79.47,3.84,NA,4.81,NA,NA,0.47,3.32,NA,NA,NA,NA,NA,NA,NA,NA,NA,NA,NA,0.00,NA,NA,NA
2025-06-23 18:00:00,25.58,67.95,4.04,NA,4.93,NA,NA,0.48,3.22,NA,NA,NA,NA,NA,NA,NA,NA,NA,NA,NA,0.00,NA,NA,NA
2025-06-23 19:00:00,17.98,61.42,4.19,NA,4.96,NA,NA,0.47,3.03,NA,NA,NA,NA,NA,NA,NA,NA,NA,NA,NA,0.00,NA,NA,NA
2025-06-23 20:00:00,15.69,59.38,5.30,NA,5.88,NA,NA,0.46,3.08,NA,NA,NA,NA,NA,NA,NA,NA,NA,NA,NA,0.00,NA,NA,NA
2025-06-23 21:00:00,14.41,56.49,8.44,NA,8.51,NA,NA,0.53,3.23,NA,NA,NA,NA,NA,NA,NA,NA,NA,NA,NA,0.00,NA,NA,NA
2025-06-23 22:00:00,19.01,64.65,10.12,NA,9.99,NA,NA,0.58,3.44,NA,NA,NA,NA,NA,NA,NA,NA,NA,NA,NA,0.00,NA,NA,NA
2025-06-23 23:00:00,25.02,69.99,10.50,NA,11.33,NA,NA,0.60,5.47,NA,NA,NA,NA,NA,NA,NA,NA,NA,NA,NA,0.00,NA,NA,NA
2025-06-24 00:00:00,22.64,66.24,4.73,NA,5.56,NA,NA,0.48,3.36,NA,NA,NA,NA,NA,NA,NA,NA,NA,NA,NA,0.00,NA,NA,NA
2025-06-24 01:00:00,23.06,61.90,4.58,NA,5.37,NA,NA,0.49,3.22,NA,NA,NA,NA,NA,NA,NA,NA,NA,NA,NA,0.00,NA,NA,NA
2025-06-24 02:00:00,28.99,63.70,4.38,NA,5.29,NA,NA,0.48,3.38,NA,NA,NA,NA,NA,NA,NA,NA,NA,NA,NA,0.00,NA,NA,NA
2025-06-24 03:00:00,33.20,66.39,4.02,NA,4.96,NA,NA,0.47,3.31,NA,NA,NA,NA,NA,NA,NA,NA,NA,NA,NA,0.00,NA,NA,NA
2025-06-24 04:00:00,37.81,61.82,3.29,NA,4.36,NA,NA,0.47,3.29,NA,NA,NA,NA,NA,NA,NA,NA,NA,NA,NA,0.00,NA,NA,NA
2025-06-24 05:00:00,21.16,48.65,2.86,NA,4.02,NA,NA,0.47,3.31,NA,NA,NA,NA,NA,NA,NA,NA,NA,NA,NA,0.00,NA,NA,NA
2025-06-24 06:00:00,34.32,61.04,3.56,NA,4.78,NA,NA,0.50,3.70,NA,NA,NA,NA,NA,NA,NA,NA,NA,NA,NA,0.00,NA,NA,NA
2025-06-24 07:00:00,38.69,78.23,3.74,NA,5.36,NA,NA,0.50,4.54,NA,NA,NA,NA,NA,NA,NA,NA,NA,NA,NA,0.00,NA,NA,NA
2025-06-24 08:00:00,29.30,79.73,3.60,NA,5.04,NA,NA,0.50,4.14,NA,NA,NA,NA,NA,NA,NA,NA,NA,NA,NA,0.00,NA,NA,NA
2025-06-24 09:00:00,23.84,61.32,3.18,NA,4.44,NA,NA,0.49,3.63,NA,NA,NA,NA,NA,NA,NA,NA,NA,NA,NA,0.00,NA,NA,NA
2025-06-24 10:00:00,24.59,55.48,3.45,NA,4.63,NA,NA,0.50,3.58,NA,NA,NA,NA,NA,NA,NA,NA,NA,NA,NA,0.00,NA,NA,NA
2025-06-24 11:00:00,16.30,58.46,3.60,NA,4.61,NA,NA,0.50,3.29,NA,NA,NA,NA,NA,NA,NA,NA,NA,NA,NA,0.00,NA,NA,NA
2025-06-24 12:00:00,18.78,77.74,4.18,NA,6.84,NA,NA,0.40,6.74,NA,NA,NA,NA,NA,NA,NA,NA,NA,NA,NA,0.00,NA,NA,NA
2025-06-24 13:00:00,36.71,97.16,5.33,NA,10.04,NA,NA,0.31,11.20,NA,NA,NA,NA,NA,NA,NA,NA,NA,NA,NA,0.00,NA,NA,NA
2025-06-24 14:00:00,54.22,101.02,6.23,NA,7.86,NA,NA,0.29,5.52,NA,NA,NA,NA,NA,NA,NA,NA,NA,NA,NA,0.00,NA,NA,NA
2025-06-24 15:00:00,51.76,137.64,9.29,NA,10.44,NA,NA,0.35,5.66,NA,NA,NA,NA,NA,NA,NA,NA,NA,NA,NA,0.00,NA,NA,NA
2025-06-24 16:00:00,60.82,123.47,7.03,NA,9.08,NA,NA,0.33,6.60,NA,NA,NA,NA,NA,NA,NA,NA,NA,NA,NA,0.00,NA,NA,NA
2025-06-24 17:00:00,53.47,108.86,8.28,NA,9.09,NA,NA,0.38,4.62,NA,NA,NA,NA,NA,NA,NA,NA,NA,NA,NA,0.00,NA,NA,NA
2025-06-24 18:00:00,36.81,88.30,6.20,NA,6.74,NA,NA,0.35,3.35,NA,NA,NA,NA,NA,NA,NA,NA,NA,NA,NA,0.00,NA,NA,NA
2025-06-24 19:00:00,26.68,58.90,7.64,NA,7.56,NA,NA,0.37,2.65,NA,NA,NA,NA,NA,NA,NA,NA,NA,NA,NA,0.00,NA,NA,NA
2025-06-24 20:00:00,25.58,70.48,11.52,NA,10.84,NA,NA,0.50,2.89,NA,NA,NA,NA,NA,NA,NA,NA,NA,NA,NA,0.00,NA,NA,NA
2025-06-24 21:00:00,26.84,86.80,9.68,NA,9.06,NA,NA,0.46,2.34,NA,NA,NA,NA,NA,NA,NA,NA,NA,NA,NA,0.00,NA,NA,NA
2025-06-24 22:00:00,27.86,84.50,7.59,NA,7.10,NA,NA,0.42,1.83,NA,NA,NA,NA,NA,NA,NA,NA,NA,NA,NA,0.00,NA,NA,NA
2025-06-24 23:00:00,33.36,85.67,7.64,NA,7.09,NA,NA,0.43,1.72,NA,NA,NA,NA,NA,NA,NA,NA,NA,NA,NA,0.00,NA,NA,NA
2025-06-25 00:00:00,34.15,90.51,9.31,NA,8.42,NA,NA,0.47,1.65,NA,NA,NA,NA,NA,NA,NA,NA,NA,NA,NA,0.00,NA,NA,NA
2025-06-25 01:00:00,42.34,109.64,9.43,NA,8.90,NA,NA,0.44,2.42,NA,NA,NA,NA,NA,NA,NA,NA,NA,NA,NA,0.00,NA,NA,NA
2025-06-25 02:00:00,48.07,118.66,5.94,NA,5.68,NA,NA,0.38,1.67,NA,NA,NA,NA,NA,NA,NA,NA,NA,NA,NA,0.00,NA,NA,NA
2025-06-25 03:00:00,48.94,103.35,5.09,NA,5.01,NA,NA,0.37,1.71,NA,NA,NA,NA,NA,NA,NA,NA,NA,NA,NA,0.00,NA,NA,NA
2025-06-25 04:00:00,46.58,95.11,5.11,NA,4.70,NA,NA,0.39,1.08,NA,NA,NA,NA,NA,NA,NA,NA,NA,NA,NA,0.00,NA,NA,NA
2025-06-25 05:00:00,48.56,95.38,4.59,NA,4.40,NA,NA,0.37,1.32,NA,NA,NA,NA,NA,NA,NA,NA,NA,NA,NA,0.00,NA,NA,NA
2025-06-25 06:00:00,52.05,101.64,4.88,NA,5.04,NA,NA,0.40,2.09,NA,NA,NA,NA,NA,NA,NA,NA,NA,NA,NA,0.00,NA,NA,NA
2025-06-25 07:00:00,62.02,123.45,4.86,NA,5.18,NA,NA,0.42,2.42,NA,NA,NA,NA,NA,NA,NA,NA,NA,NA,NA,0.00,NA,NA,NA
2025-06-25 08:00:00,60.75,119.56,4.46,NA,4.50,NA,NA,0.44,1.72,NA,NA,NA,NA,NA,NA,NA,NA,NA,NA,NA,0.00,NA,NA,NA
2025-06-25 09:00:00,39.21,107.23,4.52,NA,4.44,NA,NA,0.41,1.49,NA,NA,NA,NA,NA,NA,NA,NA,NA,NA,NA,0.00,NA,NA,NA
2025-06-25 10:00:00,37.11,101.42,4.31,NA,4.42,NA,NA,0.38,1.81,NA,NA,NA,NA,NA,NA,NA,NA,NA,NA,NA,0.00,NA,NA,NA
2025-06-25 11:00:00,43.99,117.53,5.22,NA,5.10,NA,NA,0.42,1.68,NA,NA,NA,NA,NA,NA,NA,NA,NA,NA,NA,0.00,NA,NA,NA
2025-06-25 12:00:00,37.16,107.10,4.47,NA,4.16,NA,NA,0.38,1.03,NA,NA,NA,NA,NA,NA,NA,NA,NA,NA,NA,0.00,NA,NA,NA
2025-06-25 13:00:00,27.78,78.82,3.67,NA,3.15,NA,NA,0.41,0.37,NA,NA,NA,NA,NA,NA,NA,NA,NA,NA,NA,0.00,NA,NA,NA
2025-06-25 14:00:00,41.93,106.17,4.82,NA,4.01,NA,NA,0.43,0.20,NA,NA,NA,NA,NA,NA,NA,NA,NA,NA,NA,0.00,NA,NA,NA
2025-06-25 15:00:00,41.80,104.30,4.96,NA,4.33,NA,NA,0.40,0.59,NA,NA,NA,NA,NA,NA,NA,NA,NA,NA,NA,0.00,NA,NA,NA
2025-06-25 16:00:00,32.69,89.41,3.78,NA,3.07,NA,NA,0.39,0.11,NA,NA,NA,NA,NA,NA,NA,NA,NA,NA,NA,0.00,NA,NA,NA
2025-06-25 17:00:00,27.04,90.46,4.16,NA,3.10,NA,NA,0.41,NA,NA,NA,NA,NA,NA,NA,NA,NA,NA,NA,NA,0.00,NA,NA,NA
2025-06-25 18:00:00,45.17,107.65,6.24,NA,4.87,NA,NA,0.46,0.03,NA,NA,NA,NA,NA,NA,NA,NA,NA,NA,NA,0.00,NA,NA,NA
2025-06-25 19:00:00,32.60,100.52,6.69,NA,5.12,NA,NA,0.48,NA,NA,NA,NA,NA,NA,NA,NA,NA,NA,NA,NA,0.00,NA,NA,NA
2025-06-25 20:00:00,26.43,95.20,6.70,NA,5.18,NA,NA,0.48,NA,NA,NA,NA,NA,NA,NA,NA,NA,NA,NA,NA,0.00,NA,NA,NA
2025-06-25 21:00:00,29.04,83.89,5.30,NA,4.02,NA,NA,0.46,NA,NA,NA,NA,NA,NA,NA,NA,NA,NA,NA,NA,0.00,NA,NA,NA
2025-06-25 22:00:00,32.22,85.65,4.27,NA,3.18,NA,NA,0.44,NA,NA,NA,NA,NA,NA,NA,NA,NA,NA,NA,NA,0.00,NA,NA,NA
2025-06-25 23:00:00,36.18,89.93,3.53,NA,2.52,NA,NA,0.41,NA,NA,NA,NA,NA,NA,NA,NA,NA,NA,NA,NA,0.00,NA,NA,NA
2025-06-26 00:00:00,28.48,75.99,3.36,NA,2.36,NA,NA,0.39,NA,NA,NA,NA,NA,NA,NA,NA,NA,NA,NA,NA,0.00,NA,NA,NA
2025-06-26 01:00:00,37.95,69.67,3.04,NA,2.19,NA,NA,0.40,NA,NA,NA,NA,NA,NA,NA,NA,NA,NA,NA,NA,0.00,NA,NA,NA
2025-06-26 02:00:00,40.33,79.18,3.22,NA,2.22,NA,NA,0.42,NA,NA,NA,NA,NA,NA,NA,NA,NA,NA,NA,NA,0.00,NA,NA,NA
2025-06-26 03:00:00,52.60,94.34,2.83,NA,1.87,NA,NA,0.40,NA,NA,NA,NA,NA,NA,NA,NA,NA,NA,NA,NA,0.00,NA,NA,NA
2025-06-26 04:00:00,35.01,76.96,3.25,NA,2.34,NA,NA,0.41,NA,NA,NA,NA,NA,NA,NA,NA,NA,NA,NA,NA,0.00,NA,NA,NA
2025-06-26 05:00:00,39.17,84.20,3.52,NA,2.62,NA,NA,0.40,NA,NA,NA,NA,NA,NA,NA,NA,NA,NA,NA,NA,0.00,NA,NA,NA
2025-06-26 06:00:00,29.44,67.42,3.59,NA,2.72,NA,NA,0.42,NA,NA,NA,NA,NA,NA,NA,NA,NA,NA,NA,NA,0.00,NA,NA,NA
2025-06-26 07:00:00,33.32,73.68,3.31,NA,2.60,NA,NA,0.38,0.01,NA,NA,NA,NA,NA,NA,NA,NA,NA,NA,NA,0.00,NA,NA,NA
2025-06-26 08:00:00,25.60,58.97,3.53,NA,3.01,NA,NA,0.40,0.30,NA,NA,NA,NA,NA,NA,NA,NA,NA,NA,NA,0.00,NA,NA,NA
2025-06-26 09:00:00,9.37,51.89,3.30,NA,2.76,NA,NA,0.40,0.16,NA,NA,NA,NA,NA,NA,NA,NA,NA,NA,NA,0.00,NA,NA,NA
2025-06-26 10:00:00,11.53,51.52,2.76,NA,2.13,NA,NA,0.38,0.02,NA,NA,NA,NA,NA,NA,NA,NA,NA,NA,NA,0.00,NA,NA,NA
2025-06-26 11:00:00,17.37,57.30,3.11,NA,2.58,NA,NA,0.34,0.25,NA,NA,NA,NA,NA,NA,NA,NA,NA,NA,NA,0.00,NA,NA,NA
2025-06-26 12:00:00,26.58,66.09,4.26,NA,5.67,NA,NA,0.30,4.31,NA,NA,NA,NA,NA,NA,NA,NA,NA,NA,NA,0.00,NA,NA,NA
2025-06-26 13:00:00,22.27,80.47,4.62,NA,10.30,NA,NA,0.19,12.84,NA,NA,NA,NA,NA,NA,NA,NA,NA,NA,NA,0.00,NA,NA,NA
2025-06-26 14:00:00,37.20,82.21,5.67,NA,13.74,NA,NA,0.14,17.89,NA,NA,NA,NA,NA,NA,NA,NA,NA,NA,NA,0.00,NA,NA,NA
2025-06-26 15:00:00,47.42,103.76,5.81,NA,11.47,NA,NA,0.15,13.22,NA,NA,NA,NA,NA,NA,NA,NA,NA,NA,NA,0.00,NA,NA,NA
2025-06-26 16:00:00,34.03,71.90,4.11,NA,9.33,NA,NA,0.18,11.73,NA,NA,NA,NA,NA,NA,NA,NA,NA,NA,NA,0.00,NA,NA,NA
2025-06-26 17:00:00,22.00,55.73,4.62,NA,8.52,NA,NA,0.27,9.34,NA,NA,NA,NA,NA,NA,NA,NA,NA,NA,NA,0.00,NA,NA,NA
2025-06-26 18:00:00,5.76,54.84,5.18,NA,8.12,NA,NA,0.34,7.66,NA,NA,NA,NA,NA,NA,NA,NA,NA,NA,NA,0.00,NA,NA,NA
2025-06-26 19:00:00,8.13,45.50,6.48,NA,8.61,NA,NA,0.36,6.54,NA,NA,NA,NA,NA,NA,NA,NA,NA,NA,NA,0.00,NA,NA,NA
2025-06-26 20:00:00,3.98,52.90,6.46,NA,8.01,NA,NA,0.41,5.39,NA,NA,NA,NA,NA,NA,NA,NA,NA,NA,NA,0.00,NA,NA,NA
2025-06-26 21:00:00,5.88,54.44,7.02,NA,7.93,NA,NA,0.45,4.36,NA,NA,NA,NA,NA,NA,NA,NA,NA,NA,NA,0.00,NA,NA,NA
2025-06-26 22:00:00,14.62,83.58,7.83,NA,8.31,NA,NA,0.46,3.81,NA,NA,NA,NA,NA,NA,NA,NA,NA,NA,NA,0.00,NA,NA,NA
2025-06-26 23:00:00,25.07,88.24,7.15,NA,7.72,NA,NA,0.44,3.73,NA,NA,NA,NA,NA,NA,NA,NA,NA,NA,NA,0.00,NA,NA,NA
2025-06-27 00:00:00,19.14,95.06,5.92,NA,6.63,NA,NA,0.41,3.57,NA,NA,NA,NA,NA,NA,NA,NA,NA,NA,NA,0.00,NA,NA,NA
2025-06-27 01:00:00,14.89,67.19,4.60,NA,5.57,NA,NA,0.39,3.59,NA,NA,NA,NA,NA,NA,NA,NA,NA,NA,NA,0.00,NA,NA,NA
2025-06-27 02:00:00,21.25,63.61,4.45,NA,5.47,NA,NA,0.39,3.63,NA,NA,NA,NA,NA,NA,NA,NA,NA,NA,NA,0.00,NA,NA,NA
2025-06-27 03:00:00,22.64,45.98,3.68,NA,4.79,NA,NA,0.36,3.52,NA,NA,NA,NA,NA,NA,NA,NA,NA,NA,NA,0.00,NA,NA,NA
2025-06-27 04:00:00,12.44,36.07,3.43,NA,4.58,NA,NA,0.35,3.50,NA,NA,NA,NA,NA,NA,NA,NA,NA,NA,NA,0.00,NA,NA,NA
2025-06-27 05:00:00,14.58,42.02,4.14,NA,5.25,NA,NA,0.36,3.68,NA,NA,NA,NA,NA,NA,NA,NA,NA,NA,NA,0.00,NA,NA,NA
2025-06-27 06:00:00,15.67,44.55,4.95,NA,6.17,NA,NA,0.37,4.20,NA,NA,NA,NA,NA,NA,NA,NA,NA,NA,NA,0.00,NA,NA,NA
2025-06-27 07:00:00,13.53,42.55,4.67,NA,6.19,NA,NA,0.36,4.69,NA,NA,NA,NA,NA,NA,NA,NA,NA,NA,NA,0.00,NA,NA,NA
2025-06-27 08:00:00,13.85,57.90,3.90,NA,5.27,NA,NA,0.38,4.12,NA,NA,NA,NA,NA,NA,NA,NA,NA,NA,NA,0.00,NA,NA,NA
2025-06-27 09:00:00,19.57,61.69,4.01,NA,5.23,NA,NA,0.38,3.86,NA,NA,NA,NA,NA,NA,NA,NA,NA,NA,NA,0.00,NA,NA,NA
2025-06-27 10:00:00,13.47,51.85,4.35,NA,5.48,NA,NA,0.38,3.81,NA,NA,NA,NA,NA,NA,NA,NA,NA,NA,NA,0.00,NA,NA,NA
2025-06-27 11:00:00,12.80,49.99,4.19,NA,5.51,NA,NA,0.34,4.12,NA,NA,NA,NA,NA,NA,NA,NA,NA,NA,NA,0.00,NA,NA,NA
2025-06-27 12:00:00,22.24,63.11,3.45,NA,4.70,NA,NA,0.37,3.72,NA,NA,NA,NA,NA,NA,NA,NA,NA,NA,NA,0.00,NA,NA,NA
2025-06-27 13:00:00,20.34,58.82,4.17,NA,5.20,NA,NA,0.36,3.54,NA,NA,NA,NA,NA,NA,NA,NA,NA,NA,NA,0.00,NA,NA,NA
2025-06-27 14:00:00,16.38,64.40,6.80,NA,7.40,NA,NA,0.35,3.69,NA,NA,NA,NA,NA,NA,NA,NA,NA,NA,NA,0.00,NA,NA,NA
2025-06-27 15:00:00,22.13,63.51,4.92,NA,6.28,NA,NA,0.30,4.48,NA,NA,NA,NA,NA,NA,NA,NA,NA,NA,NA,0.00,NA,NA,NA
2025-06-27 16:00:00,23.38,67.82,4.20,NA,5.62,NA,NA,0.32,4.30,NA,NA,NA,NA,NA,NA,NA,NA,NA,NA,NA,0.00,NA,NA,NA
2025-06-27 17:00:00,21.87,68.83,5.06,NA,6.07,NA,NA,0.35,3.84,NA,NA,NA,NA,NA,NA,NA,NA,NA,NA,NA,0.00,NA,NA,NA
2025-06-27 18:00:00,20.91,67.66,5.80,NA,6.52,NA,NA,0.40,3.53,NA,NA,NA,NA,NA,NA,NA,NA,NA,NA,NA,0.00,NA,NA,NA
2025-06-27 19:00:00,20.68,77.16,6.36,NA,7.16,NA,NA,0.40,3.89,NA,NA,NA,NA,NA,NA,NA,NA,NA,NA,NA,0.00,NA,NA,NA
2025-06-27 20:00:00,17.55,71.64,6.95,NA,7.48,NA,NA,0.44,3.59,NA,NA,NA,NA,NA,NA,NA,NA,NA,NA,NA,0.00,NA,NA,NA
2025-06-27 21:00:00,16.80,74.05,7.26,NA,7.59,NA,NA,0.46,3.30,NA,NA,NA,NA,NA,NA,NA,NA,NA,NA,NA,0.00,NA,NA,NA
2025-06-27 22:00:00,24.38,89.30,5.44,NA,6.07,NA,NA,0.41,3.24,NA,NA,NA,NA,NA,NA,NA,NA,NA,NA,NA,0.00,NA,NA,NA
2025-06-27 23:00:00,13.04,50.02,4.67,NA,5.48,NA,NA,0.36,3.30,NA,NA,NA,NA,NA,NA,NA,NA,NA,NA,NA,0.00,NA,NA,NA
2025-06-28 00:00:00,6.47,42.39,6.96,NA,7.40,NA,NA,0.40,3.42,NA,NA,NA,NA,NA,NA,NA,NA,NA,NA,NA,0.00,NA,NA,NA
2025-06-28 01:00:00,21.20,46.46,9.94,NA,10.33,NA,NA,0.44,4.40,NA,NA,NA,NA,NA,NA,NA,NA,NA,NA,NA,0.00,NA,NA,NA
2025-06-28 02:00:00,21.73,49.84,10.55,NA,13.63,NA,NA,0.46,9.90,NA,NA,NA,NA,NA,NA,NA,NA,NA,NA,NA,0.00,NA,NA,NA
2025-06-28 03:00:00,14.14,57.25,9.05,NA,10.33,NA,NA,0.42,5.82,NA,NA,NA,NA,NA,NA,NA,NA,NA,NA,NA,0.00,NA,NA,NA
2025-06-28 04:00:00,11.44,77.04,7.18,NA,7.66,NA,NA,0.41,3.56,NA,NA,NA,NA,NA,NA,NA,NA,NA,NA,NA,0.00,NA,NA,NA
2025-06-28 05:00:00,19.82,59.96,7.22,NA,7.79,NA,NA,0.41,3.78,NA,NA,NA,NA,NA,NA,NA,NA,NA,NA,NA,0.00,NA,NA,NA
2025-06-28 06:00:00,19.06,72.56,8.05,NA,9.98,NA,NA,0.45,6.74,NA,NA,NA,NA,NA,NA,NA,NA,NA,NA,NA,0.00,NA,NA,NA
2025-06-28 07:00:00,28.74,91.12,6.22,NA,7.55,NA,NA,0.44,4.89,NA,NA,NA,NA,NA,NA,NA,NA,NA,NA,NA,0.00,NA,NA,NA
2025-06-28 08:00:00,20.29,71.90,5.01,NA,6.23,NA,NA,0.44,4.22,NA,NA,NA,NA,NA,NA,NA,NA,NA,NA,NA,0.00,NA,NA,NA
2025-06-28 09:00:00,29.21,90.56,4.80,NA,5.84,NA,NA,0.46,3.79,NA,NA,NA,NA,NA,NA,NA,NA,NA,NA,NA,0.00,NA,NA,NA
2025-06-28 10:00:00,51.31,129.19,5.78,NA,6.67,NA,NA,0.53,3.86,NA,NA,NA,NA,NA,NA,NA,NA,NA,NA,NA,0.00,NA,NA,NA
2025-06-28 11:00:00,39.28,148.32,4.54,NA,5.60,NA,NA,0.47,3.74,NA,NA,NA,NA,NA,NA,NA,NA,NA,NA,NA,0.00,NA,NA,NA
2025-06-28 12:00:00,42.91,97.22,5.26,NA,6.06,NA,NA,0.54,3.50,NA,NA,NA,NA,NA,NA,NA,NA,NA,NA,NA,0.00,NA,NA,NA
2025-06-28 13:00:00,40.75,127.48,5.83,NA,7.47,NA,NA,0.46,5.34,NA,NA,NA,NA,NA,NA,NA,NA,NA,NA,NA,0.00,NA,NA,NA
2025-06-28 14:00:00,34.72,108.16,5.48,NA,9.06,NA,NA,0.37,9.01,NA,NA,NA,NA,NA,NA,NA,NA,NA,NA,NA,0.00,NA,NA,NA
2025-06-28 15:00:00,43.30,133.88,3.74,NA,6.44,NA,NA,0.34,6.66,NA,NA,NA,NA,NA,NA,NA,NA,NA,NA,NA,0.00,NA,NA,NA
2025-06-28 16:00:00,10.86,36.74,5.38,NA,7.42,NA,NA,0.37,5.96,NA,NA,NA,NA,NA,NA,NA,NA,NA,NA,NA,0.00,NA,NA,NA
2025-06-28 17:00:00,2.93,17.26,7.05,NA,7.91,NA,NA,0.43,4.27,NA,NA,NA,NA,NA,NA,NA,NA,NA,NA,NA,0.00,NA,NA,NA
2025-06-28 18:00:00,10.67,37.38,9.70,NA,9.92,NA,NA,0.49,3.98,NA,NA,NA,NA,NA,NA,NA,NA,NA,NA,NA,0.00,NA,NA,NA
2025-06-28 19:00:00,15.05,51.34,10.50,NA,10.40,NA,NA,0.57,3.66,NA,NA,NA,NA,NA,NA,NA,NA,NA,NA,NA,0.00,NA,NA,NA
2025-06-28 20:00:00,10.84,45.69,8.36,NA,8.52,NA,NA,0.56,3.39,NA,NA,NA,NA,NA,NA,NA,NA,NA,NA,NA,0.00,NA,NA,NA
2025-06-28 21:00:00,18.77,56.20,5.46,NA,6.10,NA,NA,0.48,3.26,NA,NA,NA,NA,NA,NA,NA,NA,NA,NA,NA,0.00,NA,NA,NA
2025-06-28 22:00:00,14.11,36.36,5.04,NA,5.72,NA,NA,0.42,3.19,NA,NA,NA,NA,NA,NA,NA,NA,NA,NA,NA,0.00,NA,NA,NA
2025-06-28 23:00:00,9.64,29.34,4.87,NA,5.57,NA,NA,0.42,3.16,NA,NA,NA,NA,NA,NA,NA,NA,NA,NA,NA,0.00,NA,NA,NA
2025-06-29 00:00:00,10.74,30.38,5.19,NA,5.80,NA,NA,0.40,3.10,NA,NA,NA,NA,NA,NA,NA,NA,NA,NA,NA,0.00,NA,NA,NA
2025-06-29 01:00:00,23.60,45.57,5.00,NA,5.67,NA,NA,0.40,3.15,NA,NA,NA,NA,NA,NA,NA,NA,NA,NA,NA,0.00,NA,NA,NA
2025-06-29 02:00:00,36.53,64.47,6.23,NA,6.79,NA,NA,0.41,3.37,NA,NA,NA,NA,NA,NA,NA,NA,NA,NA,NA,0.00,NA,NA,NA
2025-06-29 03:00:00,27.84,64.34,4.96,NA,5.66,NA,NA,0.42,3.19,NA,NA,NA,NA,NA,NA,NA,NA,NA,NA,NA,0.00,NA,NA,NA
2025-06-29 04:00:00,31.47,63.59,4.81,NA,5.52,NA,NA,0.43,3.15,NA,NA,NA,NA,NA,NA,NA,NA,NA,NA,NA,0.00,NA,NA,NA
2025-06-29 05:00:00,23.31,64.12,4.84,NA,5.64,NA,NA,0.44,3.34,NA,NA,NA,NA,NA,NA,NA,NA,NA,NA,NA,0.00,NA,NA,NA
2025-06-29 06:00:00,42.20,72.19,4.75,NA,5.92,NA,NA,0.44,4.04,NA,NA,NA,NA,NA,NA,NA,NA,NA,NA,NA,0.00,NA,NA,NA
2025-06-29 07:00:00,20.08,59.03,4.46,NA,5.88,NA,NA,0.45,4.39,NA,NA,NA,NA,NA,NA,NA,NA,NA,NA,NA,0.00,NA,NA,NA
2025-06-29 08:00:00,25.21,58.82,5.02,NA,6.41,NA,NA,0.46,4.57,NA,NA,NA,NA,NA,NA,NA,NA,NA,NA,NA,0.00,NA,NA,NA
2025-06-29 09:00:00,19.06,66.79,6.69,NA,7.74,NA,NA,0.46,4.49,NA,NA,NA,NA,NA,NA,NA,NA,NA,NA,NA,0.00,NA,NA,NA
2025-06-29 10:00:00,30.38,86.82,7.06,NA,7.95,NA,NA,0.46,4.34,NA,NA,NA,NA,NA,NA,NA,NA,NA,NA,NA,0.00,NA,NA,NA
2025-06-29 11:00:00,49.04,133.80,6.38,NA,7.60,NA,NA,0.52,4.74,NA,NA,NA,NA,NA,NA,NA,NA,NA,NA,NA,0.00,NA,NA,NA
2025-06-29 12:00:00,50.02,103.82,6.14,NA,7.16,NA,NA,0.50,4.26,NA,NA,NA,NA,NA,NA,NA,NA,NA,NA,NA,0.00,NA,NA,NA
2025-06-29 13:00:00,31.12,93.51,6.95,NA,7.75,NA,NA,0.53,4.12,NA,NA,NA,NA,NA,NA,NA,NA,NA,NA,NA,0.00,NA,NA,NA
2025-06-29 14:00:00,28.40,97.34,6.03,NA,7.20,NA,NA,0.47,4.49,NA,NA,NA,NA,NA,NA,NA,NA,NA,NA,NA,0.00,NA,NA,NA
2025-06-29 15:00:00,17.63,71.54,6.83,NA,7.92,NA,NA,0.47,4.65,NA,NA,NA,NA,NA,NA,NA,NA,NA,NA,NA,0.00,NA,NA,NA
2025-06-29 16:00:00,13.79,59.23,6.33,NA,7.09,NA,NA,0.47,3.80,NA,NA,NA,NA,NA,NA,NA,NA,NA,NA,NA,0.00,NA,NA,NA
2025-06-29 17:00:00,28.60,84.42,6.78,NA,7.31,NA,NA,0.47,3.51,NA,NA,NA,NA,NA,NA,NA,NA,NA,NA,NA,0.00,NA,NA,NA
2025-06-29 18:00:00,23.24,50.59,7.03,NA,7.69,NA,NA,0.47,3.87,NA,NA,NA,NA,NA,NA,NA,NA,NA,NA,NA,0.00,NA,NA,NA
2025-06-29 19:00:00,5.08,19.32,6.33,NA,6.88,NA,NA,0.47,3.39,NA,NA,NA,NA,NA,NA,NA,NA,NA,NA,NA,0.00,NA,NA,NA
2025-06-29 20:00:00,9.54,25.26,7.18,NA,7.61,NA,NA,0.53,3.47,NA,NA,NA,NA,NA,NA,NA,NA,NA,NA,NA,0.00,NA,NA,NA
2025-06-29 21:00:00,10.68,30.71,7.17,NA,7.67,NA,NA,0.55,3.61,NA,NA,NA,NA,NA,NA,NA,NA,NA,NA,NA,0.00,NA,NA,NA
2025-06-29 22:00:00,27.32,48.08,7.70,NA,8.75,NA,NA,0.56,4.88,NA,NA,NA,NA,NA,NA,NA,NA,NA,NA,NA,0.00,NA,NA,NA
2025-06-29 23:00:00,16.05,39.07,5.45,NA,6.38,NA,NA,0.50,3.82,NA,NA,NA,NA,NA,NA,NA,NA,NA,NA,NA,0.00,NA,NA,NA
2025-06-30 00:00:00,9.56,30.78,5.83,NA,7.72,NA,NA,0.47,5.84,NA,NA,NA,NA,NA,NA,NA,NA,NA,NA,NA,0.00,NA,NA,NA
2025-06-30 01:00:00,26.40,43.25,5.78,NA,6.89,NA,NA,0.43,4.28,NA,NA,NA,NA,NA,NA,NA,NA,NA,NA,NA,0.00,NA,NA,NA
2025-06-30 02:00:00,24.98,41.98,4.99,NA,6.11,NA,NA,0.42,4.03,NA,NA,NA,NA,NA,NA,NA,NA,NA,NA,NA,0.00,NA,NA,NA
2025-06-30 03:00:00,15.46,33.82,4.94,NA,6.64,NA,NA,0.43,5.14,NA,NA,NA,NA,NA,NA,NA,NA,NA,NA,NA,0.00,NA,NA,NA
2025-06-30 04:00:00,6.54,14.00,5.97,NA,8.73,NA,NA,0.40,7.59,NA,NA,NA,NA,NA,NA,NA,NA,NA,NA,NA,0.00,NA,NA,NA
2025-06-30 05:00:00,13.95,16.95,5.60,NA,7.01,NA,NA,0.42,4.80,NA,NA,NA,NA,NA,NA,NA,NA,NA,NA,NA,0.00,NA,NA,NA
2025-06-30 06:00:00,15.40,26.74,5.59,NA,6.53,NA,NA,0.42,3.89,NA,NA,NA,NA,NA,NA,NA,NA,NA,NA,NA,0.00,NA,NA,NA
2025-06-30 07:00:00,6.96,12.78,5.03,NA,6.25,NA,NA,0.40,4.24,NA,NA,NA,NA,NA,NA,NA,NA,NA,NA,NA,0.00,NA,NA,NA
2025-06-30 08:00:00,7.79,16.65,6.06,NA,7.48,NA,NA,0.41,5.01,NA,NA,NA,NA,NA,NA,NA,NA,NA,NA,NA,0.00,NA,NA,NA
2025-06-30 09:00:00,12.26,24.70,8.30,NA,9.44,NA,NA,0.48,5.28,NA,NA,NA,NA,NA,NA,NA,NA,NA,NA,NA,0.00,NA,NA,NA
2025-06-30 10:00:00,14.54,48.22,9.34,NA,10.66,NA,NA,0.53,6.00,NA,NA,NA,NA,NA,NA,NA,NA,NA,NA,NA,0.00,NA,NA,NA
2025-06-30 11:00:00,23.01,62.50,11.22,NA,12.93,NA,NA,0.62,7.45,NA,NA,NA,NA,NA,NA,NA,NA,NA,NA,NA,0.00,NA,NA,NA
2025-06-30 12:00:00,28.74,80.20,14.32,NA,16.46,NA,NA,0.64,9.42,NA,NA,NA,NA,NA,NA,NA,NA,NA,NA,NA,0.00,NA,NA,NA
2025-06-30 13:00:00,31.47,80.07,8.49,NA,13.72,NA,NA,0.49,13.36,NA,NA,NA,NA,NA,NA,NA,NA,NA,NA,NA,0.00,NA,NA,NA
2025-06-30 14:00:00,41.10,101.55,8.50,NA,17.19,NA,NA,0.47,20.16,NA,NA,NA,NA,NA,NA,NA,NA,NA,NA,NA,0.00,NA,NA,NA
2025-06-30 15:00:00,39.14,95.64,8.04,NA,17.34,NA,NA,0.46,21.18,NA,NA,NA,NA,NA,NA,NA,NA,NA,NA,NA,0.00,NA,NA,NA
2025-06-30 16:00:00,29.75,89.26,7.27,NA,13.44,NA,NA,0.51,14.77,NA,NA,NA,NA,NA,NA,NA,NA,NA,NA,NA,0.00,NA,NA,NA
2025-06-30 17:00:00,23.27,64.82,8.65,NA,13.02,NA,NA,0.55,11.73,NA,NA,NA,NA,NA,NA,NA,NA,NA,NA,NA,0.00,NA,NA,NA
2025-06-30 18:00:00,30.02,93.18,9.14,NA,12.56,NA,NA,0.58,10.07,NA,NA,NA,NA,NA,NA,NA,NA,NA,NA,NA,0.00,NA,NA,NA
2025-06-30 19:00:00,22.94,85.70,6.33,NA,9.60,NA,NA,0.55,8.72,NA,NA,NA,NA,NA,NA,NA,NA,NA,NA,NA,0.00,NA,NA,NA
2025-06-30 20:00:00,15.57,69.40,6.93,NA,9.78,NA,NA,0.58,8.12,NA,NA,NA,NA,NA,NA,NA,NA,NA,NA,NA,0.00,NA,NA,NA
2025-06-30 21:00:00,15.90,56.39,6.13,NA,8.60,NA,NA,0.56,7.10,NA,NA,NA,NA,NA,NA,NA,NA,NA,NA,NA,0.00,NA,NA,NA
2025-06-30 22:00:00,11.16,42.56,6.80,NA,11.58,NA,NA,0.58,11.86,NA,NA,NA,NA,NA,NA,NA,NA,NA,NA,NA,0.00,NA,NA,NA
2025-06-30 23:00:00,18.19,58.13,8.12,NA,14.88,NA,NA,0.61,16.22,NA,NA,NA,NA,NA,NA,NA,NA,NA,NA,NA,0.00,NA,NA,NA
2025-07-01 00:00:00,23.91,67.59,11.00,NA,17.77,NA,NA,0.71,17.31,NA,NA,NA,NA,NA,NA,NA,NA,NA,NA,NA,0.00,NA,NA,NA
2025-07-01 01:00:00,31.93,70.90,9.44,NA,16.43,NA,NA,0.64,17.16,NA,NA,NA,NA,NA,NA,NA,NA,NA,NA,NA,0.00,NA,NA,NA
2025-07-01 02:00:00,32.96,64.40,7.48,NA,11.04,NA,NA,0.59,9.72,NA,NA,NA,NA,NA,NA,NA,NA,NA,NA,NA,0.00,NA,NA,NA
2025-07-01 03:00:00,41.92,83.75,5.94,NA,8.38,NA,NA,0.50,6.95,NA,NA,NA,NA,NA,NA,NA,NA,NA,NA,NA,0.00,NA,NA,NA
2025-07-01 04:00:00,24.98,37.89,3.87,NA,6.29,NA,NA,0.42,6.16,NA,NA,NA,NA,NA,NA,NA,NA,NA,NA,NA,0.00,NA,NA,NA
2025-07-01 05:00:00,10.20,25.18,3.62,NA,5.83,NA,NA,0.42,5.67,NA,NA,NA,NA,NA,NA,NA,NA,NA,NA,NA,0.00,NA,NA,NA
2025-07-01 06:00:00,11.00,17.23,3.88,NA,6.54,NA,NA,0.42,6.64,NA,NA,NA,NA,NA,NA,NA,NA,NA,NA,NA,0.00,NA,NA,NA
2025-07-01 07:00:00,9.31,32.71,4.76,NA,7.32,NA,NA,0.44,6.78,NA,NA,NA,NA,NA,NA,NA,NA,NA,NA,NA,0.00,NA,NA,NA
2025-07-01 08:00:00,10.86,29.84,4.20,NA,6.93,NA,NA,0.44,6.89,NA,NA,NA,NA,NA,NA,NA,NA,NA,NA,NA,0.00,NA,NA,NA
2025-07-01 09:00:00,15.06,30.11,4.02,NA,7.96,NA,NA,0.40,9.19,NA,NA,NA,NA,NA,NA,NA,NA,NA,NA,NA,0.00,NA,NA,NA
2025-07-01 10:00:00,21.07,58.63,5.00,NA,22.21,NA,NA,0.29,35.54,NA,NA,NA,NA,NA,NA,NA,NA,NA,NA,NA,0.00,NA,NA,NA
2025-07-01 11:00:00,49.40,94.68,12.68,NA,40.58,NA,NA,0.16,59.31,NA,NA,NA,NA,NA,NA,NA,NA,NA,NA,NA,0.00,NA,NA,NA
2025-07-01 12:00:00,71.65,125.32,37.22,NA,77.59,NA,NA,0.10,92.79,NA,NA,NA,NA,NA,NA,NA,NA,NA,NA,NA,0.00,NA,NA,NA
2025-07-01 13:00:00,84.82,142.40,14.04,NA,59.97,NA,NA,0.00,95.18,NA,NA,NA,NA,NA,NA,NA,NA,NA,NA,NA,0.00,NA,NA,NA
2025-07-01 14:00:00,52.43,73.52,4.97,NA,30.20,NA,NA,0.16,51.28,NA,NA,NA,NA,NA,NA,NA,NA,NA,NA,NA,0.00,NA,NA,NA
2025-07-01 15:00:00,9.78,14.13,3.68,NA,18.53,NA,NA,0.22,30.46,NA,NA,NA,NA,NA,NA,NA,NA,NA,NA,NA,0.00,NA,NA,NA
2025-07-01 16:00:00,0.59,12.61,4.32,NA,15.47,NA,NA,0.27,23.44,NA,NA,NA,NA,NA,NA,NA,NA,NA,NA,NA,0.00,NA,NA,NA
2025-07-01 17:00:00,0.01,17.83,4.52,NA,13.33,NA,NA,0.32,18.92,NA,NA,NA,NA,NA,NA,NA,NA,NA,NA,NA,0.00,NA,NA,NA
2025-07-01 18:00:00,1.56,26.00,5.68,NA,12.12,NA,NA,0.40,14.70,NA,NA,NA,NA,NA,NA,NA,NA,NA,NA,NA,0.00,NA,NA,NA
2025-07-01 19:00:00,2.81,41.34,5.70,NA,12.17,NA,NA,0.45,14.77,NA,NA,NA,NA,NA,NA,NA,NA,NA,NA,NA,0.00,NA,NA,NA
2025-07-01 20:00:00,5.90,45.17,6.02,NA,12.09,NA,NA,0.50,14.12,NA,NA,NA,NA,NA,NA,NA,NA,NA,NA,NA,0.00,NA,NA,NA
2025-07-01 21:00:00,6.92,57.36,7.00,NA,12.83,NA,NA,0.56,14.02,NA,NA,NA,NA,NA,NA,NA,NA,NA,NA,NA,0.00,NA,NA,NA
2025-07-01 22:00:00,20.14,70.68,7.44,NA,13.15,NA,NA,0.60,13.92,NA,NA,NA,NA,NA,NA,NA,NA,NA,NA,NA,0.00,NA,NA,NA
2025-07-01 23:00:00,10.50,56.01,6.54,NA,12.09,NA,NA,0.55,13.27,NA,NA,NA,NA,NA,NA,NA,NA,NA,NA,NA,0.00,NA,NA,NA
2025-07-02 00:00:00,6.81,56.64,6.72,NA,15.68,NA,NA,0.59,20.02,NA,NA,NA,NA,NA,NA,NA,NA,NA,NA,NA,0.00,NA,NA,NA
2025-07-02 01:00:00,28.93,77.37,5.73,NA,18.58,NA,NA,0.62,27.28,NA,NA,NA,NA,NA,NA,NA,NA,NA,NA,NA,0.00,NA,NA,NA
2025-07-02 02:00:00,34.28,88.34,5.59,NA,17.69,NA,NA,0.60,25.76,NA,NA,NA,NA,NA,NA,NA,NA,NA,NA,NA,0.00,NA,NA,NA
2025-07-02 03:00:00,29.20,71.81,5.46,NA,17.62,NA,NA,0.58,25.84,NA,NA,NA,NA,NA,NA,NA,NA,NA,NA,NA,0.00,NA,NA,NA
2025-07-02 04:00:00,23.08,66.95,5.43,NA,18.55,NA,NA,0.56,27.72,NA,NA,NA,NA,NA,NA,NA,NA,NA,NA,NA,0.00,NA,NA,NA
2025-07-02 05:00:00,23.17,65.90,5.11,NA,19.70,NA,NA,0.57,30.47,NA,NA,NA,NA,NA,NA,NA,NA,NA,NA,NA,0.00,NA,NA,NA
2025-07-02 06:00:00,32.93,66.34,6.21,NA,13.69,NA,NA,0.53,16.94,NA,NA,NA,NA,NA,NA,NA,NA,NA,NA,NA,0.00,NA,NA,NA
2025-07-02 07:00:00,6.51,31.71,4.43,NA,10.04,NA,NA,0.46,12.62,NA,NA,NA,NA,NA,NA,NA,NA,NA,NA,NA,0.00,NA,NA,NA
2025-07-02 08:00:00,13.79,54.87,4.45,NA,9.81,NA,NA,0.45,12.13,NA,NA,NA,NA,NA,NA,NA,NA,NA,NA,NA,0.00,NA,NA,NA
2025-07-02 09:00:00,14.04,49.54,4.50,NA,9.36,NA,NA,0.43,11.20,NA,NA,NA,NA,NA,NA,NA,NA,NA,NA,NA,0.00,NA,NA,NA
2025-07-02 10:00:00,21.98,54.70,4.19,NA,9.31,NA,NA,0.40,11.58,NA,NA,NA,NA,NA,NA,NA,NA,NA,NA,NA,0.00,NA,NA,NA
2025-07-02 11:00:00,13.68,46.55,3.22,NA,7.87,NA,NA,0.40,10.31,NA,NA,NA,NA,NA,NA,NA,NA,NA,NA,NA,0.00,NA,NA,NA
2025-07-02 12:00:00,12.23,32.70,2.97,NA,8.43,NA,NA,0.36,11.79,NA,NA,NA,NA,NA,NA,NA,NA,NA,NA,NA,0.00,NA,NA,NA
2025-07-02 13:00:00,12.51,53.99,2.73,NA,14.73,NA,NA,0.25,24.51,NA,NA,NA,NA,NA,NA,NA,NA,NA,NA,NA,0.00,NA,NA,NA
2025-07-02 14:00:00,41.32,90.61,4.18,NA,18.34,NA,NA,0.24,29.29,NA,NA,NA,NA,NA,NA,NA,NA,NA,NA,NA,0.00,NA,NA,NA
2025-07-02 15:00:00,35.37,69.06,7.93,NA,26.39,NA,NA,0.17,39.08,NA,NA,NA,NA,NA,NA,NA,NA,NA,NA,NA,0.00,NA,NA,NA
2025-07-02 16:00:00,38.06,77.10,9.05,NA,29.68,NA,NA,0.08,43.76,NA,NA,NA,NA,NA,NA,NA,NA,NA,NA,NA,0.00,NA,NA,NA
2025-07-02 17:00:00,41.07,89.22,16.09,NA,28.45,NA,NA,0.17,30.15,NA,NA,NA,NA,NA,NA,NA,NA,NA,NA,NA,0.00,NA,NA,NA
2025-07-02 18:00:00,28.69,50.25,12.09,NA,17.90,NA,NA,0.32,15.83,NA,NA,NA,NA,NA,NA,NA,NA,NA,NA,NA,0.00,NA,NA,NA
2025-07-02 19:00:00,7.71,46.44,9.59,NA,13.23,NA,NA,0.49,10.66,NA,NA,NA,NA,NA,NA,NA,NA,NA,NA,NA,0.00,NA,NA,NA
2025-07-02 20:00:00,3.42,29.59,8.92,NA,11.88,NA,NA,0.56,9.07,NA,NA,NA,NA,NA,NA,NA,NA,NA,NA,NA,0.00,NA,NA,NA
2025-07-02 21:00:00,1.66,52.42,8.26,NA,11.35,NA,NA,0.56,9.09,NA,NA,NA,NA,NA,NA,NA,NA,NA,NA,NA,0.00,NA,NA,NA
2025-07-02 22:00:00,14.06,71.00,6.90,NA,10.15,NA,NA,0.49,8.89,NA,NA,NA,NA,NA,NA,NA,NA,NA,NA,NA,0.00,NA,NA,NA
2025-07-02 23:00:00,9.25,52.72,5.93,NA,9.28,NA,NA,0.46,8.75,NA,NA,NA,NA,NA,NA,NA,NA,NA,NA,NA,0.00,NA,NA,NA
2025-07-03 00:00:00,10.43,58.72,5.67,NA,9.10,NA,NA,0.44,8.82,NA,NA,NA,NA,NA,NA,NA,NA,NA,NA,NA,0.00,NA,NA,NA
2025-07-03 01:00:00,17.65,68.24,4.59,NA,8.21,NA,NA,0.42,8.78,NA,NA,NA,NA,NA,NA,NA,NA,NA,NA,NA,0.00,NA,NA,NA
2025-07-03 02:00:00,31.85,65.84,4.87,NA,8.31,NA,NA,0.43,8.52,NA,NA,NA,NA,NA,NA,NA,NA,NA,NA,NA,0.00,NA,NA,NA
2025-07-03 03:00:00,21.19,66.72,4.47,NA,7.79,NA,NA,0.42,8.14,NA,NA,NA,NA,NA,NA,NA,NA,NA,NA,NA,0.00,NA,NA,NA
2025-07-03 04:00:00,19.85,50.40,4.16,NA,8.00,NA,NA,0.40,9.05,NA,NA,NA,NA,NA,NA,NA,NA,NA,NA,NA,0.00,NA,NA,NA
2025-07-03 05:00:00,18.94,45.55,3.99,NA,7.98,NA,NA,0.38,9.28,NA,NA,NA,NA,NA,NA,NA,NA,NA,NA,NA,0.00,NA,NA,NA
2025-07-03 06:00:00,16.58,34.78,3.54,NA,7.22,NA,NA,0.38,8.51,NA,NA,NA,NA,NA,NA,NA,NA,NA,NA,NA,0.00,NA,NA,NA
2025-07-03 07:00:00,7.50,25.14,3.79,NA,7.68,NA,NA,0.40,9.02,NA,NA,NA,NA,NA,NA,NA,NA,NA,NA,NA,0.00,NA,NA,NA
2025-07-03 08:00:00,15.74,48.12,3.93,NA,7.97,NA,NA,0.42,9.36,NA,NA,NA,NA,NA,NA,NA,NA,NA,NA,NA,0.00,NA,NA,NA
2025-07-03 09:00:00,22.48,58.66,3.84,NA,7.68,NA,NA,0.41,8.95,NA,NA,NA,NA,NA,NA,NA,NA,NA,NA,NA,0.00,NA,NA,NA
2025-07-03 10:00:00,23.16,74.26,3.97,NA,8.56,NA,NA,0.40,10.44,NA,NA,NA,NA,NA,NA,NA,NA,NA,NA,NA,0.00,NA,NA,NA
2025-07-03 11:00:00,19.90,54.18,3.53,NA,8.13,NA,NA,0.42,10.31,NA,NA,NA,NA,NA,NA,NA,NA,NA,NA,NA,0.00,NA,NA,NA
2025-07-03 12:00:00,21.44,59.11,3.22,NA,6.29,NA,NA,0.43,7.20,NA,NA,NA,NA,NA,NA,NA,NA,NA,NA,NA,0.00,NA,NA,NA
2025-07-03 13:00:00,15.33,51.48,3.10,NA,6.43,NA,NA,0.39,7.66,NA,NA,NA,NA,NA,NA,NA,NA,NA,NA,NA,0.00,NA,NA,NA
2025-07-03 14:00:00,14.86,50.56,2.98,NA,6.83,NA,NA,0.36,8.64,NA,NA,NA,NA,NA,NA,NA,NA,NA,NA,NA,0.00,NA,NA,NA
2025-07-03 15:00:00,22.36,59.04,3.13,NA,7.29,NA,NA,0.40,9.29,NA,NA,NA,NA,NA,NA,NA,NA,NA,NA,NA,0.00,NA,NA,NA
2025-07-03 16:00:00,31.08,68.30,3.74,NA,7.47,NA,NA,0.42,8.70,NA,NA,NA,NA,NA,NA,NA,NA,NA,NA,NA,0.00,NA,NA,NA
2025-07-03 17:00:00,13.86,46.51,3.87,NA,7.88,NA,NA,0.40,9.28,NA,NA,NA,NA,NA,NA,NA,NA,NA,NA,NA,0.00,NA,NA,NA
2025-07-03 18:00:00,9.52,40.04,4.22,NA,8.17,NA,NA,0.41,9.29,NA,NA,NA,NA,NA,NA,NA,NA,NA,NA,NA,0.00,NA,NA,NA
2025-07-03 19:00:00,29.32,78.40,4.70,NA,8.09,NA,NA,0.46,8.37,NA,NA,NA,NA,NA,NA,NA,NA,NA,NA,NA,0.00,NA,NA,NA
2025-07-03 20:00:00,26.42,84.01,5.77,NA,9.18,NA,NA,0.51,8.80,NA,NA,NA,NA,NA,NA,NA,NA,NA,NA,NA,0.00,NA,NA,NA
2025-07-03 21:00:00,27.12,83.48,5.65,NA,9.57,NA,NA,0.50,9.75,NA,NA,NA,NA,NA,NA,NA,NA,NA,NA,NA,0.00,NA,NA,NA
2025-07-03 22:00:00,26.82,111.26,4.96,NA,9.17,NA,NA,0.49,10.08,NA,NA,NA,NA,NA,NA,NA,NA,NA,NA,NA,0.00,NA,NA,NA
2025-07-03 23:00:00,29.40,90.57,5.49,NA,9.82,NA,NA,0.49,10.50,NA,NA,NA,NA,NA,NA,NA,NA,NA,NA,NA,0.00,NA,NA,NA
2025-07-04 00:00:00,20.61,80.81,4.59,NA,8.88,NA,NA,0.45,10.09,NA,NA,NA,NA,NA,NA,NA,NA,NA,NA,NA,0.00,NA,NA,NA
2025-07-04 01:00:00,22.42,68.18,3.61,NA,8.09,NA,NA,0.42,10.09,NA,NA,NA,NA,NA,NA,NA,NA,NA,NA,NA,0.00,NA,NA,NA
2025-07-04 02:00:00,25.95,48.01,3.40,NA,7.17,NA,NA,0.44,8.63,NA,NA,NA,NA,NA,NA,NA,NA,NA,NA,NA,0.00,NA,NA,NA
2025-07-04 03:00:00,21.33,NA,3.72,NA,7.72,NA,NA,0.48,9.21,NA,NA,NA,NA,NA,NA,NA,NA,NA,NA,NA,0.00,NA,NA,NA
2025-07-04 04:00:00,20.10,NA,3.77,NA,7.49,NA,NA,0.49,8.67,NA,NA,NA,NA,NA,NA,NA,NA,NA,NA,NA,0.00,NA,NA,NA
2025-07-04 05:00:00,22.86,NA,4.39,NA,7.67,NA,NA,0.50,8.03,NA,NA,NA,NA,NA,NA,NA,NA,NA,NA,NA,0.00,NA,NA,NA
2025-07-04 06:00:00,17.30,NA,5.00,NA,8.69,NA,NA,0.52,9.07,NA,NA,NA,NA,NA,NA,NA,NA,NA,NA,NA,0.00,NA,NA,NA
2025-07-04 07:00:00,4.72,NA,4.16,NA,8.49,NA,NA,0.52,10.00,NA,NA,NA,NA,NA,NA,NA,NA,NA,NA,NA,0.00,NA,NA,NA
2025-07-04 08:00:00,7.43,NA,4.30,NA,7.73,NA,NA,0.52,8.29,NA,NA,NA,NA,NA,NA,NA,NA,NA,NA,NA,0.00,NA,NA,NA
2025-07-04 09:00:00,21.88,NA,3.68,NA,6.97,NA,NA,0.52,7.80,NA,NA,NA,NA,NA,NA,NA,NA,NA,NA,NA,0.00,NA,NA,NA
2025-07-04 10:00:00,20.72,NA,4.08,NA,7.31,NA,NA,0.54,7.83,NA,NA,NA,NA,NA,NA,NA,NA,NA,NA,NA,0.00,NA,NA,NA
2025-07-04 11:00:00,20.54,NA,3.59,NA,9.05,NA,NA,0.40,12.02,NA,NA,NA,NA,NA,NA,NA,NA,NA,NA,NA,0.00,NA,NA,NA
2025-07-04 12:00:00,31.14,NA,3.26,NA,8.77,NA,NA,0.39,11.99,NA,NA,NA,NA,NA,NA,NA,NA,NA,NA,NA,0.00,NA,NA,NA
2025-07-04 13:00:00,33.80,NA,3.39,NA,8.27,NA,NA,0.41,10.81,NA,NA,NA,NA,NA,NA,NA,NA,NA,NA,NA,0.00,NA,NA,NA
2025-07-04 14:00:00,30.00,NA,3.76,NA,8.08,NA,NA,0.45,9.84,NA,NA,NA,NA,NA,NA,NA,NA,NA,NA,NA,0.00,NA,NA,NA
2025-07-04 15:00:00,26.32,NA,4.19,NA,7.70,NA,NA,0.48,8.43,NA,NA,NA,NA,NA,NA,NA,NA,NA,NA,NA,0.00,NA,NA,NA
2025-07-04 16:00:00,5.70,NA,5.01,NA,8.46,NA,NA,0.50,8.60,NA,NA,NA,NA,NA,NA,NA,NA,NA,NA,NA,0.00,NA,NA,NA
2025-07-04 17:00:00,19.85,NA,7.12,NA,10.43,NA,NA,0.54,9.08,NA,NA,NA,NA,NA,NA,NA,NA,NA,NA,NA,0.00,NA,NA,NA
2025-07-04 18:00:00,11.68,NA,8.77,NA,11.84,NA,NA,0.59,9.23,NA,NA,NA,NA,NA,NA,NA,NA,NA,NA,NA,0.00,NA,NA,NA
2025-07-04 19:00:00,25.71,NA,7.98,NA,11.32,NA,NA,0.56,9.48,NA,NA,NA,NA,NA,NA,NA,NA,NA,NA,NA,0.00,NA,NA,NA
2025-07-04 20:00:00,17.16,66.31,8.39,NA,11.89,NA,NA,0.58,9.94,NA,NA,NA,NA,NA,NA,NA,NA,NA,NA,NA,0.00,NA,NA,NA
2025-07-04 21:00:00,25.52,71.39,10.30,NA,13.43,NA,NA,0.62,9.91,NA,NA,NA,NA,NA,NA,NA,NA,NA,NA,NA,0.00,NA,NA,NA
2025-07-04 22:00:00,23.18,81.42,10.14,NA,13.76,NA,NA,0.68,10.80,NA,NA,NA,NA,NA,NA,NA,NA,NA,NA,NA,0.00,NA,NA,NA
2025-07-04 23:00:00,13.82,73.19,9.23,NA,12.96,NA,NA,0.59,10.70,NA,NA,NA,NA,NA,NA,NA,NA,NA,NA,NA,0.00,NA,NA,NA
2025-07-05 00:00:00,27.03,75.80,9.35,NA,13.16,NA,NA,0.62,10.89,NA,NA,NA,NA,NA,NA,NA,NA,NA,NA,NA,0.00,NA,NA,NA
2025-07-05 01:00:00,38.12,99.01,10.12,NA,13.49,NA,NA,0.60,10.32,NA,NA,NA,NA,NA,NA,NA,NA,NA,NA,NA,0.00,NA,NA,NA
2025-07-05 02:00:00,32.21,90.69,7.96,NA,11.90,NA,NA,0.55,10.64,NA,NA,NA,NA,NA,NA,NA,NA,NA,NA,NA,0.00,NA,NA,NA
2025-07-05 03:00:00,37.21,98.09,8.08,NA,12.38,NA,NA,0.57,11.41,NA,NA,NA,NA,NA,NA,NA,NA,NA,NA,NA,0.00,NA,NA,NA
2025-07-05 04:00:00,33.78,76.04,7.51,NA,12.07,NA,NA,0.55,11.70,NA,NA,NA,NA,NA,NA,NA,NA,NA,NA,NA,0.00,NA,NA,NA
2025-07-05 05:00:00,33.08,74.85,6.24,NA,10.36,NA,NA,0.55,10.37,NA,NA,NA,NA,NA,NA,NA,NA,NA,NA,NA,0.00,NA,NA,NA
2025-07-05 06:00:00,11.14,31.16,4.12,NA,8.84,NA,NA,0.50,10.75,NA,NA,NA,NA,NA,NA,NA,NA,NA,NA,NA,0.00,NA,NA,NA
2025-07-05 07:00:00,16.04,44.59,4.35,NA,9.15,NA,NA,0.50,11.00,NA,NA,NA,NA,NA,NA,NA,NA,NA,NA,NA,0.00,NA,NA,NA
2025-07-05 08:00:00,23.68,56.25,4.61,NA,9.44,NA,NA,0.52,11.18,NA,NA,NA,NA,NA,NA,NA,NA,NA,NA,NA,0.00,NA,NA,NA
2025-07-05 09:00:00,30.13,74.19,5.04,NA,9.61,NA,NA,0.54,10.80,NA,NA,NA,NA,NA,NA,NA,NA,NA,NA,NA,0.00,NA,NA,NA
2025-07-05 10:00:00,24.95,79.10,5.57,NA,9.79,NA,NA,0.56,10.30,NA,NA,NA,NA,NA,NA,NA,NA,NA,NA,NA,0.00,NA,NA,NA
2025-07-05 11:00:00,16.75,61.22,4.65,NA,8.44,NA,NA,0.52,9.14,NA,NA,NA,NA,NA,NA,NA,NA,NA,NA,NA,0.00,NA,NA,NA
2025-07-05 12:00:00,16.18,69.13,4.64,NA,8.29,NA,NA,0.52,8.86,NA,NA,NA,NA,NA,NA,NA,NA,NA,NA,NA,0.00,NA,NA,NA
2025-07-05 13:00:00,24.61,60.86,4.98,NA,8.62,NA,NA,0.49,8.96,NA,NA,NA,NA,NA,NA,NA,NA,NA,NA,NA,0.00,NA,NA,NA
2025-07-05 14:00:00,21.14,68.67,6.00,NA,9.28,NA,NA,0.52,8.64,NA,NA,NA,NA,NA,NA,NA,NA,NA,NA,NA,0.00,NA,NA,NA
2025-07-05 15:00:00,26.84,70.60,5.38,NA,8.41,NA,NA,0.55,7.91,NA,NA,NA,NA,NA,NA,NA,NA,NA,NA,NA,0.00,NA,NA,NA
2025-07-05 16:00:00,30.59,95.90,4.98,NA,8.09,NA,NA,0.54,7.92,NA,NA,NA,NA,NA,NA,NA,NA,NA,NA,NA,0.00,NA,NA,NA
2025-07-05 17:00:00,30.86,81.44,5.08,NA,8.46,NA,NA,0.53,8.48,NA,NA,NA,NA,NA,NA,NA,NA,NA,NA,NA,0.00,NA,NA,NA
2025-07-05 18:00:00,25.98,74.83,6.43,NA,9.30,NA,NA,0.58,7.99,NA,NA,NA,NA,NA,NA,NA,NA,NA,NA,NA,0.00,NA,NA,NA
2025-07-05 19:00:00,29.40,89.23,9.52,NA,11.79,NA,NA,0.67,7.92,NA,NA,NA,NA,NA,NA,NA,NA,NA,NA,NA,0.00,NA,NA,NA
2025-07-05 20:00:00,36.16,101.38,10.98,NA,14.04,NA,NA,0.76,10.03,NA,NA,NA,NA,NA,NA,NA,NA,NA,NA,NA,0.00,NA,NA,NA
2025-07-05 21:00:00,23.51,79.20,6.16,NA,8.98,NA,NA,0.60,7.78,NA,NA,NA,NA,NA,NA,NA,NA,NA,NA,NA,0.00,NA,NA,NA
2025-07-05 22:00:00,13.92,67.19,5.34,NA,8.26,NA,NA,0.58,7.68,NA,NA,NA,NA,NA,NA,NA,NA,NA,NA,NA,0.00,NA,NA,NA
2025-07-05 23:00:00,28.46,67.70,5.38,NA,8.23,NA,NA,0.56,7.54,NA,NA,NA,NA,NA,NA,NA,NA,NA,NA,NA,0.00,NA,NA,NA
2025-07-06 00:00:00,17.84,58.24,6.68,NA,9.24,NA,NA,0.57,7.46,NA,NA,NA,NA,NA,NA,NA,NA,NA,NA,NA,0.00,NA,NA,NA
2025-07-06 01:00:00,25.75,69.85,6.18,NA,8.74,NA,NA,0.57,7.28,NA,NA,NA,NA,NA,NA,NA,NA,NA,NA,NA,0.00,NA,NA,NA
2025-07-06 02:00:00,18.05,50.00,4.38,NA,7.32,NA,NA,0.53,7.37,NA,NA,NA,NA,NA,NA,NA,NA,NA,NA,NA,0.00,NA,NA,NA
2025-07-06 03:00:00,21.94,43.06,3.68,NA,6.70,NA,NA,0.52,7.27,NA,NA,NA,NA,NA,NA,NA,NA,NA,NA,NA,0.00,NA,NA,NA
2025-07-06 04:00:00,25.95,45.90,3.74,NA,6.71,NA,NA,0.51,7.20,NA,NA,NA,NA,NA,NA,NA,NA,NA,NA,NA,0.00,NA,NA,NA
2025-07-06 05:00:00,23.54,48.13,3.74,NA,6.54,NA,NA,0.51,6.86,NA,NA,NA,NA,NA,NA,NA,NA,NA,NA,NA,0.00,NA,NA,NA
2025-07-06 06:00:00,22.24,40.97,4.72,NA,7.66,NA,NA,0.52,7.49,NA,NA,NA,NA,NA,NA,NA,NA,NA,NA,NA,0.00,NA,NA,NA
2025-07-06 07:00:00,12.10,41.37,5.63,NA,8.72,NA,NA,0.52,8.11,NA,NA,NA,NA,NA,NA,NA,NA,NA,NA,NA,0.00,NA,NA,NA
2025-07-06 08:00:00,13.86,37.92,6.15,NA,9.37,NA,NA,0.52,8.56,NA,NA,NA,NA,NA,NA,NA,NA,NA,NA,NA,0.00,NA,NA,NA
2025-07-06 09:00:00,18.08,44.80,5.40,NA,8.48,NA,NA,0.54,8.02,NA,NA,NA,NA,NA,NA,NA,NA,NA,NA,NA,0.00,NA,NA,NA
2025-07-06 10:00:00,17.80,24.67,4.52,NA,7.64,NA,NA,0.54,7.77,NA,NA,NA,NA,NA,NA,NA,NA,NA,NA,NA,0.00,NA,NA,NA
2025-07-06 11:00:00,10.70,32.75,4.03,NA,6.72,NA,NA,0.52,6.76,NA,NA,NA,NA,NA,NA,NA,NA,NA,NA,NA,0.00,NA,NA,NA
2025-07-06 12:00:00,16.98,55.66,4.29,NA,7.00,NA,NA,0.52,6.87,NA,NA,NA,NA,NA,NA,NA,NA,NA,NA,NA,0.00,NA,NA,NA
2025-07-06 13:00:00,23.34,66.57,4.81,NA,7.52,NA,NA,0.50,7.06,NA,NA,NA,NA,NA,NA,NA,NA,NA,NA,NA,0.00,NA,NA,NA
2025-07-06 14:00:00,30.65,85.45,4.82,NA,7.30,NA,NA,0.54,6.62,NA,NA,NA,NA,NA,NA,NA,NA,NA,NA,NA,0.00,NA,NA,NA
2025-07-06 15:00:00,25.46,67.16,6.61,NA,8.95,NA,NA,0.59,7.02,NA,NA,NA,NA,NA,NA,NA,NA,NA,NA,NA,0.00,NA,NA,NA
2025-07-06 16:00:00,24.34,72.27,6.66,NA,9.10,NA,NA,0.58,7.22,NA,NA,NA,NA,NA,NA,NA,NA,NA,NA,NA,0.00,NA,NA,NA
2025-07-06 17:00:00,33.36,83.21,7.63,NA,9.97,NA,NA,0.62,7.38,NA,NA,NA,NA,NA,NA,NA,NA,NA,NA,NA,0.00,NA,NA,NA
2025-07-06 18:00:00,38.82,105.49,8.11,NA,10.20,NA,NA,0.67,7.08,NA,NA,NA,NA,NA,NA,NA,NA,NA,NA,NA,0.00,NA,NA,NA
2025-07-06 19:00:00,38.40,112.95,9.93,NA,11.71,NA,NA,0.71,7.12,NA,NA,NA,NA,NA,NA,NA,NA,NA,NA,NA,0.00,NA,NA,NA
2025-07-06 20:00:00,40.74,116.53,10.02,NA,11.80,NA,NA,0.78,7.14,NA,NA,NA,NA,NA,NA,NA,NA,NA,NA,NA,0.00,NA,NA,NA
2025-07-06 21:00:00,45.71,136.41,8.25,NA,10.26,NA,NA,0.76,6.98,NA,NA,NA,NA,NA,NA,NA,NA,NA,NA,NA,0.00,NA,NA,NA
2025-07-06 22:00:00,40.22,124.95,8.74,NA,10.78,NA,NA,0.76,7.20,NA,NA,NA,NA,NA,NA,NA,NA,NA,NA,NA,0.00,NA,NA,NA
2025-07-06 23:00:00,44.30,128.12,6.98,NA,9.32,NA,NA,0.68,7.16,NA,NA,NA,NA,NA,NA,NA,NA,NA,NA,NA,0.00,NA,NA,NA
2025-07-07 00:00:00,48.72,116.66,6.13,NA,8.57,NA,NA,0.62,7.02,NA,NA,NA,NA,NA,NA,NA,NA,NA,NA,NA,0.00,NA,NA,NA
2025-07-07 01:00:00,14.77,54.04,3.42,NA,6.21,NA,NA,0.53,6.72,NA,NA,NA,NA,NA,NA,NA,NA,NA,NA,NA,0.00,NA,NA,NA
2025-07-07 02:00:00,12.12,19.48,3.51,NA,6.43,NA,NA,0.51,7.01,NA,NA,NA,NA,NA,NA,NA,NA,NA,NA,NA,0.00,NA,NA,NA
2025-07-07 03:00:00,2.55,8.42,3.52,NA,6.43,NA,NA,0.49,7.00,NA,NA,NA,NA,NA,NA,NA,NA,NA,NA,NA,0.00,NA,NA,NA
2025-07-07 04:00:00,2.39,8.02,3.93,NA,6.63,NA,NA,0.48,6.73,NA,NA,NA,NA,NA,NA,NA,NA,NA,NA,NA,0.00,NA,NA,NA
2025-07-07 05:00:00,0.50,11.10,4.40,NA,6.98,NA,NA,0.48,6.68,NA,NA,NA,NA,NA,NA,NA,NA,NA,NA,NA,0.00,NA,NA,NA
2025-07-07 06:00:00,3.02,9.59,3.03,NA,6.02,NA,NA,0.47,6.96,NA,NA,NA,NA,NA,NA,NA,NA,NA,NA,NA,0.00,NA,NA,NA
2025-07-07 07:00:00,8.82,13.47,5.39,NA,7.98,NA,NA,0.50,7.05,NA,NA,NA,NA,NA,NA,NA,NA,NA,NA,NA,0.00,NA,NA,NA
2025-07-07 08:00:00,9.47,20.04,6.65,NA,9.30,NA,NA,0.58,7.63,NA,NA,NA,NA,NA,NA,NA,NA,NA,NA,NA,0.00,NA,NA,NA
2025-07-07 09:00:00,6.87,14.26,6.18,NA,9.09,NA,NA,0.62,7.97,NA,NA,NA,NA,NA,NA,NA,NA,NA,NA,NA,0.00,NA,NA,NA
2025-07-07 10:00:00,10.14,25.33,6.22,NA,9.33,NA,NA,0.62,8.37,NA,NA,NA,NA,NA,NA,NA,NA,NA,NA,NA,0.00,NA,NA,NA
2025-07-07 11:00:00,13.05,34.90,6.52,NA,9.46,NA,NA,0.62,8.15,NA,NA,NA,NA,NA,NA,NA,NA,NA,NA,NA,0.00,NA,NA,NA
2025-07-07 12:00:00,11.13,21.01,4.18,NA,7.08,NA,NA,0.54,7.20,NA,NA,NA,NA,NA,NA,NA,NA,NA,NA,NA,0.00,NA,NA,NA
2025-07-07 13:00:00,10.97,28.82,3.97,NA,6.63,NA,NA,0.55,6.68,NA,NA,NA,NA,NA,NA,NA,NA,NA,NA,NA,0.00,NA,NA,NA
2025-07-07 14:00:00,11.85,35.33,3.76,NA,6.23,NA,NA,0.54,6.22,NA,NA,NA,NA,NA,NA,NA,NA,NA,NA,NA,0.00,NA,NA,NA
2025-07-07 15:00:00,12.25,29.34,3.15,NA,5.49,NA,NA,0.53,5.74,NA,NA,NA,NA,NA,NA,NA,NA,NA,NA,NA,0.00,NA,NA,NA
2025-07-07 16:00:00,22.07,49.74,4.96,NA,7.35,NA,NA,0.57,6.50,NA,NA,NA,NA,NA,NA,NA,NA,NA,NA,NA,0.00,NA,NA,NA
2025-07-07 17:00:00,28.22,87.90,6.26,NA,8.32,NA,NA,0.62,6.32,NA,NA,NA,NA,NA,NA,NA,NA,NA,NA,NA,0.00,NA,NA,NA
2025-07-07 18:00:00,20.94,60.71,6.08,NA,8.09,NA,NA,0.60,6.17,NA,NA,NA,NA,NA,NA,NA,NA,NA,NA,NA,0.00,NA,NA,NA
2025-07-07 19:00:00,21.26,63.16,6.60,NA,8.52,NA,NA,0.60,6.18,NA,NA,NA,NA,NA,NA,NA,NA,NA,NA,NA,0.00,NA,NA,NA
2025-07-07 20:00:00,19.15,57.54,8.53,NA,10.06,NA,NA,0.67,6.13,NA,NA,NA,NA,NA,NA,NA,NA,NA,NA,NA,0.00,NA,NA,NA
2025-07-07 21:00:00,14.94,52.86,9.61,NA,11.23,NA,NA,0.73,6.71,NA,NA,NA,NA,NA,NA,NA,NA,NA,NA,NA,0.00,NA,NA,NA
2025-07-07 22:00:00,19.34,57.60,11.54,NA,15.49,NA,NA,0.85,11.98,NA,NA,NA,NA,NA,NA,NA,NA,NA,NA,NA,0.00,NA,NA,NA
2025-07-07 23:00:00,20.17,58.08,12.14,NA,15.62,NA,NA,0.87,11.26,NA,NA,NA,NA,NA,NA,NA,NA,NA,NA,NA,0.00,NA,NA,NA
2025-07-08 00:00:00,26.38,75.34,9.70,NA,19.70,NA,NA,0.96,23.15,NA,NA,NA,NA,NA,NA,NA,NA,NA,NA,NA,0.00,NA,NA,NA
2025-07-08 01:00:00,18.86,68.71,8.29,NA,18.12,NA,NA,0.94,22.31,NA,NA,NA,NA,NA,NA,NA,NA,NA,NA,NA,0.00,NA,NA,NA
2025-07-08 02:00:00,22.46,68.50,7.80,NA,16.69,NA,NA,0.92,20.28,NA,NA,NA,NA,NA,NA,NA,NA,NA,NA,NA,0.00,NA,NA,NA
2025-07-08 03:00:00,28.02,68.16,6.80,NA,16.26,NA,NA,0.90,21.02,NA,NA,NA,NA,NA,NA,NA,NA,NA,NA,NA,0.00,NA,NA,NA
2025-07-08 04:00:00,27.24,63.36,6.62,NA,18.36,NA,NA,0.86,25.42,NA,NA,NA,NA,NA,NA,NA,NA,NA,NA,NA,0.00,NA,NA,NA
2025-07-08 05:00:00,19.38,69.90,6.16,NA,17.51,NA,NA,0.83,24.50,NA,NA,NA,NA,NA,NA,NA,NA,NA,NA,NA,0.00,NA,NA,NA
2025-07-08 06:00:00,21.04,78.27,6.00,NA,14.10,NA,NA,0.79,18.08,NA,NA,NA,NA,NA,NA,NA,NA,NA,NA,NA,0.00,NA,NA,NA
2025-07-08 07:00:00,30.36,68.93,6.25,NA,9.93,NA,NA,0.74,9.49,NA,NA,NA,NA,NA,NA,NA,NA,NA,NA,NA,0.00,NA,NA,NA
2025-07-08 08:00:00,21.75,74.88,6.90,NA,9.80,NA,NA,0.68,8.21,NA,NA,NA,NA,NA,NA,NA,NA,NA,NA,NA,0.00,NA,NA,NA
2025-07-08 09:00:00,20.66,78.56,6.84,NA,9.39,NA,NA,0.65,7.52,NA,NA,NA,NA,NA,NA,NA,NA,NA,NA,NA,0.00,NA,NA,NA
2025-07-08 10:00:00,22.14,76.22,4.12,NA,6.55,NA,NA,0.60,6.27,NA,NA,NA,NA,NA,NA,NA,NA,NA,NA,NA,0.00,NA,NA,NA
2025-07-08 11:00:00,23.56,80.49,3.87,NA,6.25,NA,NA,0.58,6.08,NA,NA,NA,NA,NA,NA,NA,NA,NA,NA,NA,0.00,NA,NA,NA
2025-07-08 12:00:00,25.08,77.25,3.74,NA,6.36,NA,NA,0.56,6.51,NA,NA,NA,NA,NA,NA,NA,NA,NA,NA,NA,0.00,NA,NA,NA
2025-07-08 13:00:00,15.25,59.76,3.42,NA,5.91,NA,NA,0.54,6.14,NA,NA,NA,NA,NA,NA,NA,NA,NA,NA,NA,0.00,NA,NA,NA
2025-07-08 14:00:00,15.17,67.46,3.45,NA,5.72,NA,NA,0.56,5.72,NA,NA,NA,NA,NA,NA,NA,NA,NA,NA,NA,0.00,NA,NA,NA
2025-07-08 15:00:00,24.62,63.25,3.39,NA,5.69,NA,NA,0.56,5.75,NA,NA,NA,NA,NA,NA,NA,NA,NA,NA,NA,0.00,NA,NA,NA
2025-07-08 16:00:00,NA,NA,NA,NA,NA,NA,NA,NA,NA,NA,NA,NA,NA,NA,NA,NA,NA,NA,NA,NA,0.00,NA,NA,NA
2025-07-08 17:00:00,NA,NA,NA,NA,NA,NA,NA,NA,NA,NA,NA,NA,NA,NA,NA,NA,NA,NA,NA,NA,0.00,NA,NA,NA
2025-07-08 18:00:00,NA,NA,NA,NA,NA,NA,NA,NA,NA,NA,NA,NA,NA,NA,NA,NA,NA,NA,NA,NA,0.00,NA,NA,NA
2025-07-08 19:00:00,NA,NA,NA,NA,NA,NA,NA,NA,NA,NA,NA,NA,NA,NA,NA,NA,NA,NA,NA,NA,0.00,NA,NA,NA
2025-07-08 20:00:00,NA,NA,NA,NA,NA,NA,NA,NA,NA,NA,NA,NA,NA,NA,NA,NA,NA,NA,NA,NA,0.00,NA,NA,NA
2025-07-08 21:00:00,NA,NA,NA,NA,NA,NA,NA,NA,NA,NA,NA,NA,NA,NA,NA,NA,NA,NA,NA,NA,0.00,NA,NA,NA
2025-07-08 22:00:00,NA,NA,NA,NA,NA,NA,NA,NA,NA,NA,NA,NA,NA,NA,NA,NA,NA,NA,NA,NA,0.00,NA,NA,NA
2025-07-08 23:00:00,NA,NA,NA,NA,NA,NA,NA,NA,NA,NA,NA,NA,NA,NA,NA,NA,NA,NA,NA,NA,0.00,NA,NA,NA
2025-07-09 00:00:00,NA,NA,NA,NA,NA,NA,NA,NA,NA,NA,NA,NA,NA,NA,NA,NA,NA,NA,NA,NA,0.00,NA,NA,NA
2025-07-09 01:00:00,NA,NA,NA,NA,NA,NA,NA,NA,NA,NA,NA,NA,NA,NA,NA,NA,NA,NA,NA,NA,0.00,NA,NA,NA
2025-07-09 02:00:00,NA,NA,NA,NA,NA,NA,NA,NA,NA,NA,NA,NA,NA,NA,NA,NA,NA,NA,NA,NA,0.00,NA,NA,NA
2025-07-09 03:00:00,NA,NA,NA,NA,NA,NA,NA,NA,NA,NA,NA,NA,NA,NA,NA,NA,NA,NA,NA,NA,0.00,NA,NA,NA
2025-07-09 04:00:00,NA,NA,NA,NA,NA,NA,NA,NA,NA,NA,NA,NA,NA,NA,NA,NA,NA,NA,NA,NA,0.00,NA,NA,NA
2025-07-09 05:00:00,NA,NA,NA,NA,NA,NA,NA,NA,NA,NA,NA,NA,NA,NA,NA,NA,NA,NA,NA,NA,0.00,NA,NA,NA
2025-07-09 06:00:00,NA,NA,NA,NA,NA,NA,NA,NA,NA,NA,NA,NA,NA,NA,NA,NA,NA,NA,NA,NA,0.00,NA,NA,NA
2025-07-09 07:00:00,NA,NA,NA,NA,NA,NA,NA,NA,NA,NA,NA,NA,NA,NA,NA,NA,NA,NA,NA,NA,0.00,NA,NA,NA
2025-07-09 08:00:00,NA,NA,NA,NA,NA,NA,NA,NA,NA,NA,NA,NA,NA,NA,NA,NA,NA,NA,NA,NA,0.00,NA,NA,NA
2025-07-09 09:00:00,NA,NA,NA,NA,NA,NA,NA,NA,NA,NA,NA,NA,NA,NA,NA,NA,NA,NA,NA,NA,0.00,NA,NA,NA
2025-07-09 10:00:00,NA,NA,NA,NA,NA,NA,NA,NA,NA,NA,NA,NA,NA,NA,NA,NA,NA,NA,NA,NA,0.00,NA,NA,NA
2025-07-09 11:00:00,NA,NA,NA,NA,NA,NA,NA,NA,NA,NA,NA,NA,NA,NA,NA,NA,NA,NA,NA,NA,0.00,NA,NA,NA
2025-07-09 12:00:00,NA,NA,NA,NA,NA,NA,NA,NA,NA,NA,NA,NA,NA,NA,NA,NA,NA,NA,NA,NA,0.00,NA,NA,NA
2025-07-09 13:00:00,NA,NA,NA,NA,NA,NA,NA,NA,NA,NA,NA,NA,NA,NA,NA,NA,NA,NA,NA,NA,0.00,NA,NA,NA
2025-07-09 14:00:00,NA,NA,NA,NA,NA,NA,NA,NA,NA,NA,NA,NA,NA,NA,NA,NA,NA,NA,NA,NA,0.00,NA,NA,NA
2025-07-09 15:00:00,NA,NA,NA,NA,NA,NA,NA,NA,NA,NA,NA,NA,NA,NA,NA,NA,NA,NA,NA,NA,0.00,NA,NA,NA
2025-07-09 16:00:00,NA,NA,NA,NA,NA,NA,NA,NA,NA,NA,NA,NA,NA,NA,NA,NA,NA,NA,NA,NA,0.00,NA,NA,NA
2025-07-09 17:00:00,NA,NA,NA,NA,NA,NA,NA,NA,NA,NA,NA,NA,NA,NA,NA,NA,NA,NA,NA,NA,0.00,NA,NA,NA
2025-07-09 18:00:00,NA,NA,NA,NA,NA,NA,NA,NA,NA,NA,NA,NA,NA,NA,NA,NA,NA,NA,NA,NA,0.00,NA,NA,NA
2025-07-09 19:00:00,NA,NA,NA,NA,NA,NA,NA,NA,NA,NA,NA,NA,NA,NA,NA,NA,NA,NA,NA,NA,0.00,NA,NA,NA
2025-07-09 20:00:00,NA,NA,NA,NA,NA,NA,NA,NA,NA,NA,NA,NA,NA,NA,NA,NA,NA,NA,NA,NA,0.00,NA,NA,NA
2025-07-09 21:00:00,NA,NA,NA,NA,NA,NA,NA,NA,NA,NA,NA,NA,NA,NA,NA,NA,NA,NA,NA,NA,0.00,NA,NA,NA
2025-07-09 22:00:00,NA,NA,NA,NA,NA,NA,NA,NA,NA,NA,NA,NA,NA,NA,NA,NA,NA,NA,NA,NA,0.00,NA,NA,NA
2025-07-09 23:00:00,NA,NA,NA,NA,NA,NA,NA,NA,NA,NA,NA,NA,NA,NA,NA,NA,NA,NA,NA,NA,0.00,NA,NA,NA
2025-07-10 00:00:00,NA,NA,NA,NA,NA,NA,NA,NA,NA,NA,NA,NA,NA,NA,NA,NA,NA,NA,NA,NA,0.00,NA,NA,NA
2025-07-10 01:00:00,NA,NA,NA,NA,NA,NA,NA,NA,NA,NA,NA,NA,NA,NA,NA,NA,NA,NA,NA,NA,0.00,NA,NA,NA
2025-07-10 02:00:00,NA,NA,NA,NA,NA,NA,NA,NA,NA,NA,NA,NA,NA,NA,NA,NA,NA,NA,NA,NA,0.00,NA,NA,NA
2025-07-10 03:00:00,NA,NA,NA,NA,NA,NA,NA,NA,NA,NA,NA,NA,NA,NA,NA,NA,NA,NA,NA,NA,0.00,NA,NA,NA
2025-07-10 04:00:00,NA,NA,NA,NA,NA,NA,NA,NA,NA,NA,NA,NA,NA,NA,NA,NA,NA,NA,NA,NA,0.00,NA,NA,NA
2025-07-10 05:00:00,NA,NA,NA,NA,NA,NA,NA,NA,NA,NA,NA,NA,NA,NA,NA,NA,NA,NA,NA,NA,0.00,NA,NA,NA
2025-07-10 06:00:00,NA,NA,NA,NA,NA,NA,NA,NA,NA,NA,NA,NA,NA,NA,NA,NA,NA,NA,NA,NA,0.00,NA,NA,NA
2025-07-10 07:00:00,NA,NA,NA,NA,NA,NA,NA,NA,NA,NA,NA,NA,NA,NA,NA,NA,NA,NA,NA,NA,0.00,NA,NA,NA
2025-07-10 08:00:00,NA,NA,NA,NA,NA,NA,NA,NA,NA,NA,NA,NA,NA,NA,NA,NA,NA,NA,NA,NA,0.00,NA,NA,NA
2025-07-10 09:00:00,NA,NA,NA,NA,NA,NA,NA,NA,NA,NA,NA,NA,NA,NA,NA,NA,NA,NA,NA,NA,0.00,NA,NA,NA
2025-07-10 10:00:00,NA,NA,NA,NA,NA,NA,NA,NA,NA,NA,NA,NA,NA,NA,NA,NA,NA,NA,NA,NA,0.00,NA,NA,NA
2025-07-10 11:00:00,NA,NA,NA,NA,NA,NA,NA,NA,NA,NA,NA,NA,NA,NA,NA,NA,NA,NA,NA,NA,0.00,NA,NA,NA
2025-07-10 12:00:00,NA,NA,NA,NA,NA,NA,NA,NA,NA,NA,NA,NA,NA,NA,NA,NA,NA,NA,NA,NA,0.00,NA,NA,NA
2025-07-10 13:00:00,NA,NA,NA,NA,NA,NA,NA,NA,NA,NA,NA,NA,NA,NA,NA,NA,NA,NA,NA,NA,0.00,NA,NA,NA
2025-07-10 14:00:00,NA,NA,NA,NA,NA,NA,NA,NA,NA,NA,NA,NA,NA,NA,NA,NA,NA,NA,NA,NA,0.00,NA,NA,NA
2025-07-10 15:00:00,NA,NA,NA,NA,NA,NA,NA,NA,NA,NA,NA,NA,NA,NA,NA,NA,NA,NA,NA,NA,0.00,NA,NA,NA
2025-07-10 16:00:00,NA,NA,NA,NA,NA,NA,NA,NA,NA,NA,NA,NA,NA,NA,NA,NA,NA,NA,NA,NA,0.00,NA,NA,NA
2025-07-10 17:00:00,NA,NA,NA,NA,NA,NA,NA,NA,NA,NA,NA,NA,NA,NA,NA,NA,NA,NA,NA,NA,0.00,NA,NA,NA
2025-07-10 18:00:00,NA,NA,NA,NA,NA,NA,NA,NA,NA,NA,NA,NA,NA,NA,NA,NA,NA,NA,NA,NA,0.00,NA,NA,NA
2025-07-10 19:00:00,NA,NA,NA,NA,NA,NA,NA,NA,NA,NA,NA,NA,NA,NA,NA,NA,NA,NA,NA,NA,0.00,NA,NA,NA
2025-07-10 20:00:00,NA,NA,NA,NA,NA,NA,NA,NA,NA,NA,NA,NA,NA,NA,NA,NA,NA,NA,NA,NA,0.00,NA,NA,NA
2025-07-10 21:00:00,NA,NA,NA,NA,NA,NA,NA,NA,NA,NA,NA,NA,NA,NA,NA,NA,NA,NA,NA,NA,0.00,NA,NA,NA
2025-07-10 22:00:00,NA,NA,NA,NA,NA,NA,NA,NA,NA,NA,NA,NA,NA,NA,NA,NA,NA,NA,NA,NA,0.00,NA,NA,NA
2025-07-10 23:00:00,NA,NA,NA,NA,NA,NA,NA,NA,NA,NA,NA,NA,NA,NA,NA,NA,NA,NA,NA,NA,0.00,NA,NA,NA
2025-07-11 00:00:00,NA,NA,NA,NA,NA,NA,NA,NA,NA,NA,NA,NA,NA,NA,NA,NA,NA,NA,NA,NA,0.00,NA,NA,NA
2025-07-11 01:00:00,NA,NA,NA,NA,NA,NA,NA,NA,NA,NA,NA,NA,NA,NA,NA,NA,NA,NA,NA,NA,0.00,NA,NA,NA
2025-07-11 02:00:00,NA,NA,NA,NA,NA,NA,NA,NA,NA,NA,NA,NA,NA,NA,NA,NA,NA,NA,NA,NA,0.00,NA,NA,NA
2025-07-11 03:00:00,NA,NA,NA,NA,NA,NA,NA,NA,NA,NA,NA,NA,NA,NA,NA,NA,NA,NA,NA,NA,0.00,NA,NA,NA
2025-07-11 04:00:00,NA,NA,NA,NA,NA,NA,NA,NA,NA,NA,NA,NA,NA,NA,NA,NA,NA,NA,NA,NA,0.00,NA,NA,NA
2025-07-11 05:00:00,NA,NA,NA,NA,NA,NA,NA,NA,NA,NA,NA,NA,NA,NA,NA,NA,NA,NA,NA,NA,0.00,NA,NA,NA
2025-07-11 06:00:00,NA,NA,NA,NA,NA,NA,NA,NA,NA,NA,NA,NA,NA,NA,NA,NA,NA,NA,NA,NA,0.00,NA,NA,NA
2025-07-11 07:00:00,NA,NA,NA,NA,NA,NA,NA,NA,NA,NA,NA,NA,NA,NA,NA,NA,NA,NA,NA,NA,0.00,NA,NA,NA
2025-07-11 08:00:00,NA,NA,NA,NA,NA,NA,NA,NA,NA,NA,NA,NA,NA,NA,NA,NA,NA,NA,NA,NA,0.00,NA,NA,NA
2025-07-11 09:00:00,NA,NA,NA,NA,NA,NA,NA,NA,NA,NA,NA,NA,NA,NA,NA,NA,NA,NA,NA,NA,0.00,NA,NA,NA
2025-07-11 10:00:00,NA,NA,NA,NA,NA,NA,NA,NA,NA,NA,NA,NA,NA,NA,NA,NA,NA,NA,NA,NA,0.00,NA,NA,NA
2025-07-11 11:00:00,NA,NA,NA,NA,NA,NA,NA,NA,NA,NA,NA,NA,NA,NA,NA,NA,NA,NA,NA,NA,0.00,NA,NA,NA
2025-07-11 12:00:00,NA,NA,NA,NA,NA,NA,NA,NA,NA,NA,NA,NA,NA,NA,NA,NA,NA,NA,NA,NA,0.00,NA,NA,NA
2025-07-11 13:00:00,NA,NA,NA,NA,NA,NA,NA,NA,NA,NA,NA,NA,NA,NA,NA,NA,NA,NA,NA,NA,0.00,NA,NA,NA
2025-07-11 14:00:00,NA,NA,NA,NA,NA,NA,NA,NA,NA,NA,NA,NA,NA,NA,NA,NA,NA,NA,NA,NA,0.00,NA,NA,NA
2025-07-11 15:00:00,NA,NA,NA,NA,NA,NA,NA,NA,NA,NA,NA,NA,NA,NA,NA,NA,NA,NA,NA,NA,0.00,NA,NA,NA
2025-07-11 16:00:00,NA,NA,NA,NA,NA,NA,NA,NA,NA,NA,NA,NA,NA,NA,NA,NA,NA,NA,NA,NA,0.00,NA,NA,NA
2025-07-11 17:00:00,NA,NA,NA,NA,NA,NA,NA,NA,NA,NA,NA,NA,NA,NA,NA,NA,NA,NA,NA,NA,0.00,NA,NA,NA
2025-07-11 18:00:00,NA,NA,NA,NA,NA,NA,NA,NA,NA,NA,NA,NA,NA,NA,NA,NA,NA,NA,NA,NA,0.00,NA,NA,NA
2025-07-11 19:00:00,NA,NA,NA,NA,NA,NA,NA,NA,NA,NA,NA,NA,NA,NA,NA,NA,NA,NA,NA,NA,0.00,NA,NA,NA
2025-07-11 20:00:00,NA,NA,NA,NA,NA,NA,NA,NA,NA,NA,NA,NA,NA,NA,NA,NA,NA,NA,NA,NA,0.00,NA,NA,NA
2025-07-11 21:00:00,NA,NA,NA,NA,NA,NA,NA,NA,NA,NA,NA,NA,NA,NA,NA,NA,NA,NA,NA,NA,0.00,NA,NA,NA
2025-07-11 22:00:00,NA,NA,NA,NA,NA,NA,NA,NA,NA,NA,NA,NA,NA,NA,NA,NA,NA,NA,NA,NA,0.00,NA,NA,NA
2025-07-11 23:00:00,NA,NA,NA,NA,NA,NA,NA,NA,NA,NA,NA,NA,NA,NA,NA,NA,NA,NA,NA,NA,0.00,NA,NA,NA
2025-07-12 00:00:00,NA,NA,NA,NA,NA,NA,NA,NA,NA,NA,NA,NA,NA,NA,NA,NA,NA,NA,NA,NA,0.00,NA,NA,NA
2025-07-12 01:00:00,NA,NA,NA,NA,NA,NA,NA,NA,NA,NA,NA,NA,NA,NA,NA,NA,NA,NA,NA,NA,0.00,NA,NA,NA
2025-07-12 02:00:00,NA,NA,NA,NA,NA,NA,NA,NA,NA,NA,NA,NA,NA,NA,NA,NA,NA,NA,NA,NA,0.00,NA,NA,NA
2025-07-12 03:00:00,NA,NA,NA,NA,NA,NA,NA,NA,NA,NA,NA,NA,NA,NA,NA,NA,NA,NA,NA,NA,0.00,NA,NA,NA
2025-07-12 04:00:00,NA,NA,NA,NA,NA,NA,NA,NA,NA,NA,NA,NA,NA,NA,NA,NA,NA,NA,NA,NA,0.00,NA,NA,NA
2025-07-12 05:00:00,NA,NA,NA,NA,NA,NA,NA,NA,NA,NA,NA,NA,NA,NA,NA,NA,NA,NA,NA,NA,0.00,NA,NA,NA
2025-07-12 06:00:00,NA,NA,NA,NA,NA,NA,NA,NA,NA,NA,NA,NA,NA,NA,NA,NA,NA,NA,NA,NA,0.00,NA,NA,NA
2025-07-12 07:00:00,NA,NA,NA,NA,NA,NA,NA,NA,NA,NA,NA,NA,NA,NA,NA,NA,NA,NA,NA,NA,0.00,NA,NA,NA
2025-07-12 08:00:00,NA,NA,NA,NA,NA,NA,NA,NA,NA,NA,NA,NA,NA,NA,NA,NA,NA,NA,NA,NA,0.00,NA,NA,NA
2025-07-12 09:00:00,NA,NA,NA,NA,NA,NA,NA,NA,NA,NA,NA,NA,NA,NA,NA,NA,NA,NA,NA,NA,0.00,NA,NA,NA
2025-07-12 10:00:00,NA,NA,NA,NA,NA,NA,NA,NA,NA,NA,NA,NA,NA,NA,NA,NA,NA,NA,NA,NA,0.00,NA,NA,NA
2025-07-12 11:00:00,31.12,80.78,4.09,NA,7.74,NA,NA,0.72,8.66,NA,NA,NA,NA,NA,NA,NA,NA,NA,NA,NA,0.00,NA,NA,NA
2025-07-12 12:00:00,25.74,69.56,4.30,NA,9.07,NA,NA,0.68,10.93,NA,NA,NA,NA,NA,NA,NA,NA,NA,NA,NA,0.00,NA,NA,NA
2025-07-12 13:00:00,33.28,82.44,4.89,NA,14.91,NA,NA,0.65,21.45,NA,NA,NA,NA,NA,NA,NA,NA,NA,NA,NA,0.00,NA,NA,NA
2025-07-12 14:00:00,58.18,144.14,4.96,NA,13.91,NA,NA,3.21,19.36,NA,NA,NA,NA,NA,NA,NA,NA,NA,NA,NA,0.00,NA,NA,NA
2025-07-12 15:00:00,33.23,98.07,3.69,NA,17.36,NA,NA,0.79,28.14,NA,NA,NA,NA,NA,NA,NA,NA,NA,NA,NA,0.00,NA,NA,NA
2025-07-12 16:00:00,48.79,97.72,4.46,NA,14.57,NA,NA,0.61,21.44,NA,NA,NA,NA,NA,NA,NA,NA,NA,NA,NA,0.00,NA,NA,NA
2025-07-12 17:00:00,28.06,81.01,5.97,NA,20.10,NA,NA,0.43,29.88,NA,NA,NA,NA,NA,NA,NA,NA,NA,NA,NA,0.00,NA,NA,NA
2025-07-12 18:00:00,27.26,42.06,8.25,NA,18.31,NA,NA,1.66,22.75,NA,NA,NA,NA,NA,NA,NA,NA,NA,NA,NA,0.00,NA,NA,NA
2025-07-12 19:00:00,14.75,33.08,8.55,NA,16.22,NA,NA,1.84,18.16,NA,NA,NA,NA,NA,NA,NA,NA,NA,NA,NA,0.00,NA,NA,NA
2025-07-12 20:00:00,10.02,19.64,4.93,NA,11.23,NA,NA,1.71,14.15,NA,NA,NA,NA,NA,NA,NA,NA,NA,NA,NA,0.00,NA,NA,NA
2025-07-12 21:00:00,5.89,14.92,5.06,NA,11.17,NA,NA,1.84,13.82,NA,NA,NA,NA,NA,NA,NA,NA,NA,NA,NA,0.00,NA,NA,NA
2025-07-12 22:00:00,15.04,46.55,6.58,NA,11.67,NA,NA,1.95,12.38,NA,NA,NA,NA,NA,NA,NA,NA,NA,NA,NA,0.00,NA,NA,NA
2025-07-12 23:00:00,13.10,47.35,6.88,NA,13.59,NA,NA,1.95,15.68,NA,NA,NA,NA,NA,NA,NA,NA,NA,NA,NA,0.00,NA,NA,NA
2025-07-13 00:00:00,21.54,52.97,6.46,NA,16.00,NA,NA,1.95,21.06,NA,NA,NA,NA,NA,NA,NA,NA,NA,NA,NA,0.00,NA,NA,NA
2025-07-13 01:00:00,28.70,68.59,4.97,NA,16.95,NA,NA,1.92,25.30,NA,NA,NA,NA,NA,NA,NA,NA,NA,NA,NA,0.00,NA,NA,NA
2025-07-13 02:00:00,33.83,58.56,5.16,NA,15.86,NA,NA,1.96,22.86,NA,NA,NA,NA,NA,NA,NA,NA,NA,NA,NA,0.00,NA,NA,NA
2025-07-13 03:00:00,15.84,53.32,4.80,NA,14.52,NA,NA,2.02,20.80,NA,NA,NA,NA,NA,NA,NA,NA,NA,NA,NA,0.00,NA,NA,NA
2025-07-13 04:00:00,20.50,56.42,4.22,NA,14.02,NA,NA,1.94,20.76,NA,NA,NA,NA,NA,NA,NA,NA,NA,NA,NA,0.00,NA,NA,NA
2025-07-13 05:00:00,25.33,70.06,4.64,NA,14.20,NA,NA,1.92,20.42,NA,NA,NA,NA,NA,NA,NA,NA,NA,NA,NA,0.00,NA,NA,NA
2025-07-13 06:00:00,46.34,96.71,4.71,NA,13.10,NA,NA,1.88,18.18,NA,NA,NA,NA,NA,NA,NA,NA,NA,NA,NA,0.00,NA,NA,NA
2025-07-13 07:00:00,37.79,76.87,5.86,NA,13.25,NA,NA,1.82,16.63,NA,NA,NA,NA,NA,NA,NA,NA,NA,NA,NA,0.00,NA,NA,NA
2025-07-13 08:00:00,13.02,75.67,3.92,NA,10.62,NA,NA,1.64,14.58,NA,NA,NA,NA,NA,NA,NA,NA,NA,NA,NA,0.00,NA,NA,NA
2025-07-13 09:00:00,19.34,52.41,3.26,NA,9.90,NA,NA,1.58,14.20,NA,NA,NA,NA,NA,NA,NA,NA,NA,NA,NA,0.00,NA,NA,NA
2025-07-13 10:00:00,20.05,47.82,3.91,NA,9.59,NA,NA,1.53,12.54,NA,NA,NA,NA,NA,NA,NA,NA,NA,NA,NA,0.00,NA,NA,NA
2025-07-13 11:00:00,34.64,86.92,3.62,NA,9.69,NA,NA,1.50,13.23,NA,NA,NA,NA,NA,NA,NA,NA,NA,NA,NA,0.00,NA,NA,NA
2025-07-13 12:00:00,1.40,5.29,3.62,NA,9.59,NA,NA,1.48,13.02,NA,NA,NA,NA,NA,NA,NA,NA,NA,NA,NA,0.00,NA,NA,NA
2025-07-13 13:00:00,24.95,57.13,4.21,NA,9.43,NA,NA,1.46,11.77,NA,NA,NA,NA,NA,NA,NA,NA,NA,NA,NA,0.00,NA,NA,NA
2025-07-13 14:00:00,42.79,93.79,4.67,NA,9.70,NA,NA,1.46,11.55,NA,NA,NA,NA,NA,NA,NA,NA,NA,NA,NA,0.00,NA,NA,NA
2025-07-13 15:00:00,24.10,76.68,4.65,NA,9.40,NA,NA,1.45,11.01,NA,NA,NA,NA,NA,NA,NA,NA,NA,NA,NA,0.00,NA,NA,NA
2025-07-13 16:00:00,11.64,62.76,3.61,NA,8.41,NA,NA,1.43,10.73,NA,NA,NA,NA,NA,NA,NA,NA,NA,NA,NA,0.00,NA,NA,NA
2025-07-13 17:00:00,15.43,61.93,4.18,NA,8.75,NA,NA,1.39,10.50,NA,NA,NA,NA,NA,NA,NA,NA,NA,NA,NA,0.00,NA,NA,NA
2025-07-13 18:00:00,24.21,75.15,4.07,NA,9.25,NA,NA,1.37,11.64,NA,NA,NA,NA,NA,NA,NA,NA,NA,NA,NA,0.00,NA,NA,NA
2025-07-13 19:00:00,9.18,61.59,3.10,NA,8.48,NA,NA,1.36,11.68,NA,NA,NA,NA,NA,NA,NA,NA,NA,NA,NA,0.00,NA,NA,NA
2025-07-13 20:00:00,12.26,14.58,3.97,NA,9.14,NA,NA,1.36,11.60,NA,NA,NA,NA,NA,NA,NA,NA,NA,NA,NA,0.00,NA,NA,NA
2025-07-13 21:00:00,3.78,12.91,5.68,NA,10.84,NA,NA,1.37,12.19,NA,NA,NA,NA,NA,NA,NA,NA,NA,NA,NA,0.00,NA,NA,NA
2025-07-13 22:00:00,17.00,31.29,5.68,NA,10.40,NA,NA,1.40,11.34,NA,NA,NA,NA,NA,NA,NA,NA,NA,NA,NA,0.00,NA,NA,NA
2025-07-13 23:00:00,4.52,22.34,5.51,NA,11.81,NA,NA,1.42,14.38,NA,NA,NA,NA,NA,NA,NA,NA,NA,NA,NA,0.00,NA,NA,NA
2025-07-14 00:00:00,18.71,36.64,5.16,NA,11.95,NA,NA,1.44,15.20,NA,NA,NA,NA,NA,NA,NA,NA,NA,NA,NA,0.00,NA,NA,NA
2025-07-14 01:00:00,26.24,60.00,4.96,NA,12.79,NA,NA,1.48,17.18,NA,NA,NA,NA,NA,NA,NA,NA,NA,NA,NA,0.00,NA,NA,NA
2025-07-14 02:00:00,24.51,55.58,4.77,NA,9.38,NA,NA,1.48,10.78,NA,NA,NA,NA,NA,NA,NA,NA,NA,NA,NA,0.00,NA,NA,NA
2025-07-14 03:00:00,9.63,25.03,3.54,NA,8.78,NA,NA,1.45,11.57,NA,NA,NA,NA,NA,NA,NA,NA,NA,NA,NA,0.00,NA,NA,NA
2025-07-14 04:00:00,10.07,32.35,4.28,NA,9.56,NA,NA,1.42,11.93,NA,NA,NA,NA,NA,NA,NA,NA,NA,NA,NA,0.00,NA,NA,NA
2025-07-14 05:00:00,15.00,31.68,5.07,NA,10.22,NA,NA,1.40,11.96,NA,NA,NA,NA,NA,NA,NA,NA,NA,NA,NA,0.00,NA,NA,NA
2025-07-14 06:00:00,24.45,38.35,3.76,NA,8.46,NA,NA,1.37,10.59,NA,NA,NA,NA,NA,NA,NA,NA,NA,NA,NA,0.00,NA,NA,NA
2025-07-14 07:00:00,14.35,41.65,2.90,NA,8.21,NA,NA,1.35,11.46,NA,NA,NA,NA,NA,NA,NA,NA,NA,NA,NA,0.00,NA,NA,NA
2025-07-14 08:00:00,26.58,42.06,3.32,NA,9.03,NA,NA,1.32,12.41,NA,NA,NA,NA,NA,NA,NA,NA,NA,NA,NA,0.00,NA,NA,NA
2025-07-14 09:00:00,11.84,30.77,3.08,NA,8.64,NA,NA,1.30,12.02,NA,NA,NA,NA,NA,NA,NA,NA,NA,NA,NA,0.00,NA,NA,NA
2025-07-14 10:00:00,21.54,33.75,3.03,NA,8.22,NA,NA,1.28,11.28,NA,NA,NA,NA,NA,NA,NA,NA,NA,NA,NA,0.00,NA,NA,NA
2025-07-14 11:00:00,14.34,34.67,2.68,NA,8.17,NA,NA,1.27,11.75,NA,NA,NA,NA,NA,NA,NA,NA,NA,NA,NA,0.00,NA,NA,NA
2025-07-14 12:00:00,13.37,42.58,2.94,NA,8.15,NA,NA,1.25,11.28,NA,NA,NA,NA,NA,NA,NA,NA,NA,NA,NA,0.00,NA,NA,NA
2025-07-14 13:00:00,21.95,48.27,2.78,NA,7.78,NA,NA,1.25,10.82,NA,NA,NA,NA,NA,NA,NA,NA,NA,NA,NA,0.00,NA,NA,NA
2025-07-14 14:00:00,19.08,32.74,2.79,NA,7.77,NA,NA,1.24,10.78,NA,NA,NA,NA,NA,NA,NA,NA,NA,NA,NA,0.00,NA,NA,NA
2025-07-14 15:00:00,6.16,37.32,2.79,NA,7.55,NA,NA,1.23,10.36,NA,NA,NA,NA,NA,NA,NA,NA,NA,NA,NA,0.00,NA,NA,NA
2025-07-14 16:00:00,10.68,43.48,2.94,NA,7.29,NA,NA,1.21,9.61,NA,NA,NA,NA,NA,NA,NA,NA,NA,NA,NA,0.00,NA,NA,NA
2025-07-14 17:00:00,18.02,47.10,2.91,NA,7.61,NA,NA,1.21,10.28,NA,NA,NA,NA,NA,NA,NA,NA,NA,NA,NA,0.00,NA,NA,NA
2025-07-14 18:00:00,17.22,54.17,3.12,NA,7.85,NA,NA,1.24,10.42,NA,NA,NA,NA,NA,NA,NA,NA,NA,NA,NA,0.00,NA,NA,NA
2025-07-14 19:00:00,12.94,27.60,3.96,NA,8.66,NA,NA,1.25,10.66,NA,NA,NA,NA,NA,NA,NA,NA,NA,NA,NA,0.00,NA,NA,NA
2025-07-14 20:00:00,6.08,11.26,4.56,NA,9.46,NA,NA,1.25,11.28,NA,NA,NA,NA,NA,NA,NA,NA,NA,NA,NA,0.00,NA,NA,NA
2025-07-14 21:00:00,11.98,18.07,3.72,NA,8.46,NA,NA,1.26,10.68,NA,NA,NA,NA,NA,NA,NA,NA,NA,NA,NA,0.00,NA,NA,NA
2025-07-14 22:00:00,14.23,20.29,3.61,NA,8.26,NA,NA,1.28,10.43,NA,NA,NA,NA,NA,NA,NA,NA,NA,NA,NA,0.00,NA,NA,NA
2025-07-14 23:00:00,4.93,20.04,3.02,NA,8.67,NA,NA,1.28,12.17,NA,NA,NA,NA,NA,NA,NA,NA,NA,NA,NA,0.00,NA,NA,NA
2025-07-15 00:00:00,8.41,24.09,3.54,NA,8.93,NA,NA,1.25,11.88,NA,NA,NA,NA,NA,NA,NA,NA,NA,NA,NA,0.00,NA,NA,NA
2025-07-15 01:00:00,19.36,28.95,3.16,NA,7.78,NA,NA,1.23,10.22,NA,NA,NA,NA,NA,NA,NA,NA,NA,NA,NA,0.00,NA,NA,NA
2025-07-15 02:00:00,9.48,20.35,3.05,NA,7.73,NA,NA,1.22,10.29,NA,NA,NA,NA,NA,NA,NA,NA,NA,NA,NA,0.00,NA,NA,NA
2025-07-15 03:00:00,9.07,14.40,2.44,NA,7.88,NA,NA,1.22,11.56,NA,NA,NA,NA,NA,NA,NA,NA,NA,NA,NA,0.00,NA,NA,NA
2025-07-15 04:00:00,11.14,25.58,2.36,NA,7.83,NA,NA,1.19,11.60,NA,NA,NA,NA,NA,NA,NA,NA,NA,NA,NA,0.00,NA,NA,NA
2025-07-15 05:00:00,16.07,34.47,2.59,NA,7.90,NA,NA,1.18,11.37,NA,NA,NA,NA,NA,NA,NA,NA,NA,NA,NA,0.00,NA,NA,NA
2025-07-15 06:00:00,16.09,25.73,3.12,NA,8.30,NA,NA,1.17,11.29,NA,NA,NA,NA,NA,NA,NA,NA,NA,NA,NA,0.00,NA,NA,NA
2025-07-15 07:00:00,6.32,23.02,2.91,NA,8.66,NA,NA,1.17,12.32,NA,NA,NA,NA,NA,NA,NA,NA,NA,NA,NA,0.00,NA,NA,NA
2025-07-15 08:00:00,9.56,21.06,2.80,NA,8.70,NA,NA,1.17,12.60,NA,NA,NA,NA,NA,NA,NA,NA,NA,NA,NA,0.00,NA,NA,NA
2025-07-15 09:00:00,16.18,34.15,2.98,NA,8.21,NA,NA,1.16,11.34,NA,NA,NA,NA,NA,NA,NA,NA,NA,NA,NA,0.00,NA,NA,NA
2025-07-15 10:00:00,5.59,20.96,2.52,NA,7.95,NA,NA,1.16,11.57,NA,NA,NA,NA,NA,NA,NA,NA,NA,NA,NA,0.00,NA,NA,NA
2025-07-15 11:00:00,10.55,33.07,2.52,NA,7.96,NA,NA,1.14,11.59,NA,NA,NA,NA,NA,NA,NA,NA,NA,NA,NA,0.00,NA,NA,NA
2025-07-15 12:00:00,20.84,47.07,2.37,NA,7.84,NA,NA,1.12,11.59,NA,NA,NA,NA,NA,NA,NA,NA,NA,NA,NA,0.00,NA,NA,NA
2025-07-15 13:00:00,15.98,40.02,2.20,NA,11.14,NA,NA,0.96,18.33,NA,NA,NA,NA,NA,NA,NA,NA,NA,NA,NA,0.00,NA,NA,NA
2025-07-15 14:00:00,16.95,38.14,2.20,NA,12.99,NA,NA,1.01,21.95,NA,NA,NA,NA,NA,NA,NA,NA,NA,NA,NA,0.00,NA,NA,NA
2025-07-15 15:00:00,29.54,58.12,2.31,NA,12.37,NA,NA,0.16,20.57,NA,NA,NA,NA,NA,NA,NA,NA,NA,NA,NA,0.00,NA,NA,NA
2025-07-15 16:00:00,29.01,42.02,2.80,NA,14.24,NA,NA,0.97,23.44,NA,NA,NA,NA,NA,NA,NA,NA,NA,NA,NA,0.00,NA,NA,NA
2025-07-15 17:00:00,23.01,56.33,2.92,NA,11.59,NA,NA,0.54,18.07,NA,NA,NA,NA,NA,NA,NA,NA,NA,NA,NA,0.00,NA,NA,NA
2025-07-15 18:00:00,16.98,51.06,3.60,NA,8.57,NA,NA,0.00,11.08,NA,NA,NA,NA,NA,NA,NA,NA,NA,NA,NA,0.00,NA,NA,NA
2025-07-15 19:00:00,3.10,45.54,4.81,NA,8.90,NA,NA,0.00,9.77,NA,NA,NA,NA,NA,NA,NA,NA,NA,NA,NA,0.00,NA,NA,NA
2025-07-15 20:00:00,6.82,42.75,4.27,NA,8.49,NA,NA,0.17,9.84,NA,NA,NA,NA,NA,NA,NA,NA,NA,NA,NA,0.00,NA,NA,NA
2025-07-15 21:00:00,10.82,41.44,3.86,NA,8.07,NA,NA,0.02,9.66,NA,NA,NA,NA,NA,NA,NA,NA,NA,NA,NA,0.00,NA,NA,NA
2025-07-15 22:00:00,4.68,22.39,3.42,NA,8.07,NA,NA,0.12,10.39,NA,NA,NA,NA,NA,NA,NA,NA,NA,NA,NA,0.00,NA,NA,NA
2025-07-15 23:00:00,9.80,37.46,3.59,NA,8.15,NA,NA,0.32,10.26,NA,NA,NA,NA,NA,NA,NA,NA,NA,NA,NA,0.00,NA,NA,NA
2025-07-16 00:00:00,13.64,29.41,3.86,NA,8.28,NA,NA,0.14,10.08,NA,NA,NA,NA,NA,NA,NA,NA,NA,NA,NA,0.00,NA,NA,NA
2025-07-16 01:00:00,25.66,49.66,3.86,NA,7.90,NA,NA,0.27,9.33,NA,NA,NA,NA,NA,NA,NA,NA,NA,NA,NA,0.00,NA,NA,NA
2025-07-16 02:00:00,13.34,34.04,3.60,NA,8.24,NA,NA,0.26,10.41,NA,NA,NA,NA,NA,NA,NA,NA,NA,NA,NA,0.00,NA,NA,NA
2025-07-16 03:00:00,15.33,41.16,3.62,NA,8.11,NA,NA,0.12,10.12,NA,NA,NA,NA,NA,NA,NA,NA,NA,NA,NA,0.00,NA,NA,NA
2025-07-16 04:00:00,22.16,51.62,3.53,NA,8.04,NA,NA,0.03,10.13,NA,NA,NA,NA,NA,NA,NA,NA,NA,NA,NA,0.00,NA,NA,NA
2025-07-16 05:00:00,23.18,56.63,4.24,NA,8.90,NA,NA,0.02,10.67,NA,NA,NA,NA,NA,NA,NA,NA,NA,NA,NA,0.00,NA,NA,NA
2025-07-16 06:00:00,22.75,48.40,4.46,NA,9.96,NA,NA,0.39,12.42,NA,NA,NA,NA,NA,NA,NA,NA,NA,NA,NA,0.00,NA,NA,NA
2025-07-16 07:00:00,17.61,48.78,3.63,NA,9.01,NA,NA,0.48,11.87,NA,NA,NA,NA,NA,NA,NA,NA,NA,NA,NA,0.00,NA,NA,NA
2025-07-16 08:00:00,18.14,52.23,3.63,NA,8.68,NA,NA,0.68,11.22,NA,NA,NA,NA,NA,NA,NA,NA,NA,NA,NA,0.00,NA,NA,NA
2025-07-16 09:00:00,31.23,81.13,3.57,NA,8.22,NA,NA,0.99,10.42,NA,NA,NA,NA,NA,NA,NA,NA,NA,NA,NA,0.00,NA,NA,NA
2025-07-16 10:00:00,11.90,51.69,3.23,NA,7.58,NA,NA,0.92,9.72,NA,NA,NA,NA,NA,NA,NA,NA,NA,NA,NA,0.00,NA,NA,NA
2025-07-16 11:00:00,23.24,67.68,2.92,NA,7.17,NA,NA,0.91,9.40,NA,NA,NA,NA,NA,NA,NA,NA,NA,NA,NA,0.00,NA,NA,NA
2025-07-16 12:00:00,23.42,65.31,2.97,NA,7.55,NA,NA,0.91,10.07,NA,NA,NA,NA,NA,NA,NA,NA,NA,NA,NA,0.00,NA,NA,NA
2025-07-16 13:00:00,28.13,80.16,2.33,NA,8.58,NA,NA,0.83,13.09,NA,NA,NA,NA,NA,NA,NA,NA,NA,NA,NA,0.00,NA,NA,NA
2025-07-16 14:00:00,36.12,26.84,3.01,NA,17.21,NA,NA,0.69,28.96,NA,NA,NA,NA,NA,NA,NA,NA,NA,NA,NA,0.00,NA,NA,NA
2025-07-16 15:00:00,21.99,56.54,6.48,NA,33.79,NA,NA,0.35,55.64,NA,NA,NA,NA,NA,NA,NA,NA,NA,NA,NA,0.00,NA,NA,NA
2025-07-16 16:00:00,38.09,83.73,5.83,NA,23.96,NA,NA,0.34,37.68,NA,NA,NA,NA,NA,NA,NA,NA,NA,NA,NA,0.00,NA,NA,NA
2025-07-16 17:00:00,45.52,79.13,6.38,NA,17.16,NA,NA,0.45,23.46,NA,NA,NA,NA,NA,NA,NA,NA,NA,NA,NA,0.00,NA,NA,NA
2025-07-16 18:00:00,9.61,55.68,6.89,NA,14.27,NA,NA,0.51,17.00,NA,NA,NA,NA,NA,NA,NA,NA,NA,NA,NA,0.00,NA,NA,NA
2025-07-16 19:00:00,8.91,41.89,9.22,NA,13.78,NA,NA,0.59,12.32,NA,NA,NA,NA,NA,NA,NA,NA,NA,NA,NA,0.00,NA,NA,NA
2025-07-16 20:00:00,16.20,62.07,10.12,NA,13.83,NA,NA,0.66,10.99,NA,NA,NA,NA,NA,NA,NA,NA,NA,NA,NA,0.00,NA,NA,NA
2025-07-16 21:00:00,17.56,69.11,8.73,NA,12.14,NA,NA,0.70,9.87,NA,NA,NA,NA,NA,NA,NA,NA,NA,NA,NA,0.00,NA,NA,NA
2025-07-16 22:00:00,13.60,64.66,7.98,NA,11.11,NA,NA,0.66,9.06,NA,NA,NA,NA,NA,NA,NA,NA,NA,NA,NA,0.00,NA,NA,NA
2025-07-16 23:00:00,19.17,57.42,7.01,NA,10.58,NA,NA,0.61,9.57,NA,NA,NA,NA,NA,NA,NA,NA,NA,NA,NA,0.00,NA,NA,NA
2025-07-17 00:00:00,9.46,61.52,7.60,NA,11.21,NA,NA,0.56,9.86,NA,NA,NA,NA,NA,NA,NA,NA,NA,NA,NA,0.00,NA,NA,NA
2025-07-17 01:00:00,26.69,68.13,7.82,NA,11.21,NA,NA,0.55,9.51,NA,NA,NA,NA,NA,NA,NA,NA,NA,NA,NA,0.00,NA,NA,NA
2025-07-17 02:00:00,24.28,68.95,7.21,NA,10.47,NA,NA,0.51,9.04,NA,NA,NA,NA,NA,NA,NA,NA,NA,NA,NA,0.00,NA,NA,NA
2025-07-17 03:00:00,20.64,58.86,6.72,NA,10.08,NA,NA,0.48,9.04,NA,NA,NA,NA,NA,NA,NA,NA,NA,NA,NA,0.00,NA,NA,NA
2025-07-17 04:00:00,15.57,40.66,4.53,NA,8.00,NA,NA,0.40,8.47,NA,NA,NA,NA,NA,NA,NA,NA,NA,NA,NA,0.00,NA,NA,NA
2025-07-17 05:00:00,4.95,12.46,5.41,NA,8.50,NA,NA,0.39,8.03,NA,NA,NA,NA,NA,NA,NA,NA,NA,NA,NA,0.00,NA,NA,NA
2025-07-17 06:00:00,2.64,8.89,5.91,NA,9.20,NA,NA,0.40,8.61,NA,NA,NA,NA,NA,NA,NA,NA,NA,NA,NA,0.00,NA,NA,NA
2025-07-17 07:00:00,3.32,21.60,6.55,NA,9.88,NA,NA,0.43,8.93,NA,NA,NA,NA,NA,NA,NA,NA,NA,NA,NA,0.00,NA,NA,NA
2025-07-17 08:00:00,7.47,29.48,6.37,NA,9.64,NA,NA,0.44,8.75,NA,NA,NA,NA,NA,NA,NA,NA,NA,NA,NA,0.00,NA,NA,NA
2025-07-17 09:00:00,17.99,35.94,6.34,NA,9.94,NA,NA,0.45,9.39,NA,NA,NA,NA,NA,NA,NA,NA,NA,NA,NA,0.00,NA,NA,NA
2025-07-17 10:00:00,11.38,39.28,6.15,NA,10.12,NA,NA,0.44,10.05,NA,NA,NA,NA,NA,NA,NA,NA,NA,NA,NA,0.00,NA,NA,NA
2025-07-17 11:00:00,14.97,59.41,5.39,NA,8.70,NA,NA,0.43,8.45,NA,NA,NA,NA,NA,NA,NA,NA,NA,NA,NA,0.00,NA,NA,NA
2025-07-17 12:00:00,20.36,43.78,4.79,NA,8.17,NA,NA,0.41,8.37,NA,NA,NA,NA,NA,NA,NA,NA,NA,NA,NA,0.00,NA,NA,NA
2025-07-17 13:00:00,19.95,43.14,4.77,NA,8.11,NA,NA,0.40,8.30,NA,NA,NA,NA,NA,NA,NA,NA,NA,NA,NA,0.00,NA,NA,NA
2025-07-17 14:00:00,18.62,52.16,4.99,NA,8.23,NA,NA,0.41,8.19,NA,NA,NA,NA,NA,NA,NA,NA,NA,NA,NA,0.00,NA,NA,NA
2025-07-17 15:00:00,22.95,58.56,4.83,NA,7.76,NA,NA,0.40,7.52,NA,NA,NA,NA,NA,NA,NA,NA,NA,NA,NA,0.00,NA,NA,NA
2025-07-17 16:00:00,27.57,74.48,5.04,NA,8.24,NA,NA,0.42,8.11,NA,NA,NA,NA,NA,NA,NA,NA,NA,NA,NA,0.00,NA,NA,NA
2025-07-17 17:00:00,20.90,55.82,5.03,NA,8.03,NA,NA,0.40,7.71,NA,NA,NA,NA,NA,NA,NA,NA,NA,NA,NA,0.00,NA,NA,NA
2025-07-17 18:00:00,19.09,65.08,5.98,NA,8.59,NA,NA,0.43,7.30,NA,NA,NA,NA,NA,NA,NA,NA,NA,NA,NA,0.00,NA,NA,NA
2025-07-17 19:00:00,19.20,47.84,8.05,NA,10.16,NA,NA,0.53,7.08,NA,NA,NA,NA,NA,NA,NA,NA,NA,NA,NA,0.00,NA,NA,NA
2025-07-17 20:00:00,22.50,69.18,8.88,NA,11.91,NA,NA,0.65,9.20,NA,NA,NA,NA,NA,NA,NA,NA,NA,NA,NA,0.00,NA,NA,NA
2025-07-17 21:00:00,11.62,47.71,4.93,NA,7.08,NA,NA,0.47,6.02,NA,NA,NA,NA,NA,NA,NA,NA,NA,NA,NA,0.00,NA,NA,NA
2025-07-17 22:00:00,5.66,26.35,5.95,NA,8.36,NA,NA,0.47,6.90,NA,NA,NA,NA,NA,NA,NA,NA,NA,NA,NA,0.00,NA,NA,NA
2025-07-17 23:00:00,7.40,13.69,6.51,NA,10.02,NA,NA,0.48,9.27,NA,NA,NA,NA,NA,NA,NA,NA,NA,NA,NA,0.00,NA,NA,NA
2025-07-18 00:00:00,2.94,9.80,6.99,NA,11.11,NA,NA,0.55,10.64,NA,NA,NA,NA,NA,NA,NA,NA,NA,NA,NA,0.00,NA,NA,NA
2025-07-18 01:00:00,9.33,22.71,7.66,NA,13.12,NA,NA,0.64,13.50,NA,NA,NA,NA,NA,NA,NA,NA,NA,NA,NA,0.00,NA,NA,NA
2025-07-18 02:00:00,19.24,40.83,6.44,NA,9.92,NA,NA,0.52,9.19,NA,NA,NA,NA,NA,NA,NA,NA,NA,NA,NA,0.00,NA,NA,NA
2025-07-18 03:00:00,13.93,32.36,5.06,NA,8.39,NA,NA,0.48,8.39,NA,NA,NA,NA,NA,NA,NA,NA,NA,NA,NA,0.00,NA,NA,NA
2025-07-18 04:00:00,13.38,33.88,4.99,NA,7.60,NA,NA,0.49,6.94,NA,NA,NA,NA,NA,NA,NA,NA,NA,NA,NA,0.00,NA,NA,NA
2025-07-18 05:00:00,11.36,30.82,5.07,NA,7.84,NA,NA,0.48,7.30,NA,NA,NA,NA,NA,NA,NA,NA,NA,NA,NA,0.00,NA,NA,NA
2025-07-18 06:00:00,14.36,32.36,5.19,NA,8.91,NA,NA,0.49,9.20,NA,NA,NA,NA,NA,NA,NA,NA,NA,NA,NA,0.00,NA,NA,NA
2025-07-18 07:00:00,8.44,34.47,4.96,NA,8.49,NA,NA,0.49,8.74,NA,NA,NA,NA,NA,NA,NA,NA,NA,NA,NA,0.00,NA,NA,NA
2025-07-18 08:00:00,23.86,47.22,4.66,NA,7.70,NA,NA,0.49,7.66,NA,NA,NA,NA,NA,NA,NA,NA,NA,NA,NA,0.00,NA,NA,NA
2025-07-18 09:00:00,14.27,49.09,4.71,NA,7.14,NA,NA,0.48,6.49,NA,NA,NA,NA,NA,NA,NA,NA,NA,NA,NA,0.00,NA,NA,NA
2025-07-18 10:00:00,25.84,60.38,4.52,NA,6.61,NA,NA,0.47,5.77,NA,NA,NA,NA,NA,NA,NA,NA,NA,NA,NA,0.00,NA,NA,NA
2025-07-18 11:00:00,20.78,60.63,4.44,NA,6.40,NA,NA,0.46,5.46,NA,NA,NA,NA,NA,NA,NA,NA,NA,NA,NA,0.00,NA,NA,NA
2025-07-18 12:00:00,28.87,71.63,4.49,NA,7.63,NA,NA,0.44,7.80,NA,NA,NA,NA,NA,NA,NA,NA,NA,NA,NA,0.00,NA,NA,NA
2025-07-18 13:00:00,29.52,68.71,4.52,NA,6.56,NA,NA,0.46,5.64,NA,NA,NA,NA,NA,NA,NA,NA,NA,NA,NA,0.00,NA,NA,NA
2025-07-18 14:00:00,34.25,90.47,5.13,NA,6.82,NA,NA,0.48,5.20,NA,NA,NA,NA,NA,NA,NA,NA,NA,NA,NA,0.00,NA,NA,NA
2025-07-18 15:00:00,34.34,59.45,5.57,NA,7.30,NA,NA,0.49,5.43,NA,NA,NA,NA,NA,NA,NA,NA,NA,NA,NA,0.00,NA,NA,NA
2025-07-18 16:00:00,14.71,34.24,6.22,NA,8.23,NA,NA,0.51,6.22,NA,NA,NA,NA,NA,NA,NA,NA,NA,NA,NA,0.00,NA,NA,NA
2025-07-18 17:00:00,19.16,35.23,6.88,NA,8.68,NA,NA,0.52,6.06,NA,NA,NA,NA,NA,NA,NA,NA,NA,NA,NA,0.00,NA,NA,NA
2025-07-18 18:00:00,8.43,33.14,7.28,NA,8.60,NA,NA,0.55,5.26,NA,NA,NA,NA,NA,NA,NA,NA,NA,NA,NA,0.00,NA,NA,NA
2025-07-18 19:00:00,15.91,37.65,6.94,NA,8.17,NA,NA,0.54,4.96,NA,NA,NA,NA,NA,NA,NA,NA,NA,NA,NA,0.00,NA,NA,NA
2025-07-18 20:00:00,18.95,41.61,6.81,NA,7.71,NA,NA,0.54,4.26,NA,NA,NA,NA,NA,NA,NA,NA,NA,NA,NA,0.00,NA,NA,NA
2025-07-18 21:00:00,8.66,39.64,6.88,NA,8.25,NA,NA,0.53,5.20,NA,NA,NA,NA,NA,NA,NA,NA,NA,NA,NA,0.00,NA,NA,NA
2025-07-18 22:00:00,11.00,36.74,5.46,NA,7.42,NA,NA,0.51,5.84,NA,NA,NA,NA,NA,NA,NA,NA,NA,NA,NA,0.00,NA,NA,NA
2025-07-18 23:00:00,19.51,54.74,4.91,NA,6.72,NA,NA,0.49,5.34,NA,NA,NA,NA,NA,NA,NA,NA,NA,NA,NA,0.00,NA,NA,NA
2025-07-19 00:00:00,12.50,42.99,4.68,NA,6.33,NA,NA,0.48,4.95,NA,NA,NA,NA,NA,NA,NA,NA,NA,NA,NA,0.00,NA,NA,NA
2025-07-19 01:00:00,12.53,35.28,4.18,NA,8.11,NA,NA,0.45,9.23,NA,NA,NA,NA,NA,NA,NA,NA,NA,NA,NA,0.00,NA,NA,NA
2025-07-19 02:00:00,11.73,33.29,3.57,NA,10.36,NA,NA,0.44,14.62,NA,NA,NA,NA,NA,NA,NA,NA,NA,NA,NA,0.00,NA,NA,NA
2025-07-19 03:00:00,11.50,29.36,3.92,NA,10.18,NA,NA,0.44,13.70,NA,NA,NA,NA,NA,NA,NA,NA,NA,NA,NA,0.00,NA,NA,NA
2025-07-19 04:00:00,22.49,30.35,4.19,NA,8.96,NA,NA,0.44,10.89,NA,NA,NA,NA,NA,NA,NA,NA,NA,NA,NA,0.00,NA,NA,NA
2025-07-19 05:00:00,10.78,28.72,3.98,NA,9.75,NA,NA,0.44,12.77,NA,NA,NA,NA,NA,NA,NA,NA,NA,NA,NA,0.00,NA,NA,NA
2025-07-19 06:00:00,11.30,27.94,3.88,NA,8.85,NA,NA,0.44,11.17,NA,NA,NA,NA,NA,NA,NA,NA,NA,NA,NA,0.00,NA,NA,NA
2025-07-19 07:00:00,13.20,33.58,4.08,NA,8.70,NA,NA,0.45,10.56,NA,NA,NA,NA,NA,NA,NA,NA,NA,NA,NA,0.00,NA,NA,NA
2025-07-19 08:00:00,14.31,31.09,4.24,NA,7.62,NA,NA,0.46,8.16,NA,NA,NA,NA,NA,NA,NA,NA,NA,NA,NA,0.00,NA,NA,NA
2025-07-19 09:00:00,12.21,33.92,4.23,NA,7.34,NA,NA,0.46,7.64,NA,NA,NA,NA,NA,NA,NA,NA,NA,NA,NA,0.00,NA,NA,NA
2025-07-19 10:00:00,17.27,46.60,4.33,NA,7.33,NA,NA,0.48,7.46,NA,NA,NA,NA,NA,NA,NA,NA,NA,NA,NA,0.00,NA,NA,NA
2025-07-19 11:00:00,13.58,39.51,4.20,NA,7.20,NA,NA,0.47,7.43,NA,NA,NA,NA,NA,NA,NA,NA,NA,NA,NA,0.00,NA,NA,NA
2025-07-19 12:00:00,14.66,51.08,4.24,NA,7.15,NA,NA,0.46,7.25,NA,NA,NA,NA,NA,NA,NA,NA,NA,NA,NA,0.00,NA,NA,NA
2025-07-19 13:00:00,10.83,30.20,4.23,NA,6.87,NA,NA,0.48,6.72,NA,NA,NA,NA,NA,NA,NA,NA,NA,NA,NA,0.00,NA,NA,NA
2025-07-19 14:00:00,20.47,53.98,4.13,NA,6.80,NA,NA,0.48,6.74,NA,NA,NA,NA,NA,NA,NA,NA,NA,NA,NA,0.00,NA,NA,NA
2025-07-19 15:00:00,15.47,40.56,3.99,NA,8.11,NA,NA,0.48,9.54,NA,NA,NA,NA,NA,NA,NA,NA,NA,NA,NA,0.00,NA,NA,NA
2025-07-19 16:00:00,11.91,41.95,3.84,NA,8.98,NA,NA,0.46,11.50,NA,NA,NA,NA,NA,NA,NA,NA,NA,NA,NA,0.00,NA,NA,NA
2025-07-19 17:00:00,25.19,57.06,4.14,NA,7.20,NA,NA,0.50,7.50,NA,NA,NA,NA,NA,NA,NA,NA,NA,NA,NA,0.00,NA,NA,NA
2025-07-19 18:00:00,23.29,70.54,4.35,NA,7.10,NA,NA,0.52,6.98,NA,NA,NA,NA,NA,NA,NA,NA,NA,NA,NA,0.00,NA,NA,NA
2025-07-19 19:00:00,20.91,64.63,5.47,NA,8.00,NA,NA,0.57,6.97,NA,NA,NA,NA,NA,NA,NA,NA,NA,NA,NA,0.00,NA,NA,NA
2025-07-19 20:00:00,17.59,58.95,6.08,NA,7.99,NA,NA,0.63,5.96,NA,NA,NA,NA,NA,NA,NA,NA,NA,NA,NA,0.00,NA,NA,NA
2025-07-19 21:00:00,20.27,74.55,6.45,NA,8.58,NA,NA,0.76,6.53,NA,NA,NA,NA,NA,NA,NA,NA,NA,NA,NA,0.00,NA,NA,NA
2025-07-19 22:00:00,31.38,104.04,6.13,NA,9.19,NA,NA,0.77,8.24,NA,NA,NA,NA,NA,NA,NA,NA,NA,NA,NA,0.00,NA,NA,NA
2025-07-19 23:00:00,34.84,113.38,6.06,NA,9.26,NA,NA,0.73,8.49,NA,NA,NA,NA,NA,NA,NA,NA,NA,NA,NA,0.00,NA,NA,NA
2025-07-20 00:00:00,22.51,100.49,5.32,NA,8.06,NA,NA,0.67,7.32,NA,NA,NA,NA,NA,NA,NA,NA,NA,NA,NA,0.00,NA,NA,NA
2025-07-20 01:00:00,33.13,78.71,4.46,NA,7.04,NA,NA,0.59,6.70,NA,NA,NA,NA,NA,NA,NA,NA,NA,NA,NA,0.00,NA,NA,NA
2025-07-20 02:00:00,24.10,64.15,4.66,NA,7.05,NA,NA,0.55,6.39,NA,NA,NA,NA,NA,NA,NA,NA,NA,NA,NA,0.00,NA,NA,NA
2025-07-20 03:00:00,16.33,50.88,4.90,NA,7.17,NA,NA,0.55,6.24,NA,NA,NA,NA,NA,NA,NA,NA,NA,NA,NA,0.00,NA,NA,NA
2025-07-20 04:00:00,11.30,42.38,5.44,NA,7.76,NA,NA,0.56,6.53,NA,NA,NA,NA,NA,NA,NA,NA,NA,NA,NA,0.00,NA,NA,NA
2025-07-20 05:00:00,14.89,39.60,5.35,NA,8.28,NA,NA,0.53,7.71,NA,NA,NA,NA,NA,NA,NA,NA,NA,NA,NA,0.00,NA,NA,NA
2025-07-20 06:00:00,17.34,43.73,4.78,NA,7.92,NA,NA,0.53,7.90,NA,NA,NA,NA,NA,NA,NA,NA,NA,NA,NA,0.00,NA,NA,NA
2025-07-20 07:00:00,9.18,35.27,4.70,NA,7.28,NA,NA,0.53,6.77,NA,NA,NA,NA,NA,NA,NA,NA,NA,NA,NA,0.00,NA,NA,NA
2025-07-20 08:00:00,8.92,36.20,4.64,NA,6.87,NA,NA,0.52,6.07,NA,NA,NA,NA,NA,NA,NA,NA,NA,NA,NA,0.00,NA,NA,NA
2025-07-20 09:00:00,14.87,56.86,4.53,NA,6.58,NA,NA,0.51,5.69,NA,NA,NA,NA,NA,NA,NA,NA,NA,NA,NA,0.00,NA,NA,NA
2025-07-20 10:00:00,17.38,67.25,4.13,NA,5.97,NA,NA,0.50,5.12,NA,NA,NA,NA,NA,NA,NA,NA,NA,NA,NA,0.00,NA,NA,NA
2025-07-20 11:00:00,21.52,75.21,4.11,NA,6.73,NA,NA,0.50,6.64,NA,NA,NA,NA,NA,NA,NA,NA,NA,NA,NA,0.00,NA,NA,NA
2025-07-20 12:00:00,26.18,72.73,4.18,NA,6.22,NA,NA,0.49,5.53,NA,NA,NA,NA,NA,NA,NA,NA,NA,NA,NA,0.00,NA,NA,NA
2025-07-20 13:00:00,24.45,62.90,4.02,NA,5.73,NA,NA,0.50,4.83,NA,NA,NA,NA,NA,NA,NA,NA,NA,NA,NA,0.00,NA,NA,NA
2025-07-20 14:00:00,10.10,40.47,3.78,NA,5.42,NA,NA,0.49,4.58,NA,NA,NA,NA,NA,NA,NA,NA,NA,NA,NA,0.00,NA,NA,NA
2025-07-20 15:00:00,15.86,40.35,3.69,NA,6.18,NA,NA,0.48,6.25,NA,NA,NA,NA,NA,NA,NA,NA,NA,NA,NA,0.00,NA,NA,NA
2025-07-20 16:00:00,15.93,44.93,3.88,NA,6.05,NA,NA,0.46,5.66,NA,NA,NA,NA,NA,NA,NA,NA,NA,NA,NA,0.00,NA,NA,NA
2025-07-20 17:00:00,17.15,41.88,3.90,NA,5.64,NA,NA,0.47,4.86,NA,NA,NA,NA,NA,NA,NA,NA,NA,NA,NA,0.00,NA,NA,NA
2025-07-20 18:00:00,18.17,57.56,4.07,NA,5.75,NA,NA,0.50,4.79,NA,NA,NA,NA,NA,NA,NA,NA,NA,NA,NA,0.00,NA,NA,NA
2025-07-20 19:00:00,23.00,61.60,4.71,NA,6.15,NA,NA,0.55,4.54,NA,NA,NA,NA,NA,NA,NA,NA,NA,NA,NA,0.00,NA,NA,NA
2025-07-20 20:00:00,20.63,71.10,4.88,NA,6.89,NA,NA,0.58,5.73,NA,NA,NA,NA,NA,NA,NA,NA,NA,NA,NA,0.00,NA,NA,NA
2025-07-20 21:00:00,20.04,82.21,4.71,NA,6.60,NA,NA,0.59,5.43,NA,NA,NA,NA,NA,NA,NA,NA,NA,NA,NA,0.00,NA,NA,NA
2025-07-20 22:00:00,18.43,66.95,4.49,NA,6.41,NA,NA,0.57,5.40,NA,NA,NA,NA,NA,NA,NA,NA,NA,NA,NA,0.00,NA,NA,NA
2025-07-20 23:00:00,19.51,75.90,4.37,NA,6.42,NA,NA,0.53,5.62,NA,NA,NA,NA,NA,NA,NA,NA,NA,NA,NA,0.00,NA,NA,NA
2025-07-21 00:00:00,20.22,72.32,4.40,NA,6.40,NA,NA,0.52,5.53,NA,NA,NA,NA,NA,NA,NA,NA,NA,NA,NA,0.00,NA,NA,NA
2025-07-21 01:00:00,28.29,77.76,4.43,NA,6.27,NA,NA,0.52,5.23,NA,NA,NA,NA,NA,NA,NA,NA,NA,NA,NA,0.00,NA,NA,NA
2025-07-21 02:00:00,28.36,69.02,4.23,NA,5.96,NA,NA,0.51,4.93,NA,NA,NA,NA,NA,NA,NA,NA,NA,NA,NA,0.00,NA,NA,NA
2025-07-21 03:00:00,21.10,68.26,4.15,NA,5.54,NA,NA,0.52,4.24,NA,NA,NA,NA,NA,NA,NA,NA,NA,NA,NA,0.00,NA,NA,NA
2025-07-21 04:00:00,15.68,51.57,4.20,NA,5.72,NA,NA,0.49,4.53,NA,NA,NA,NA,NA,NA,NA,NA,NA,NA,NA,0.00,NA,NA,NA
2025-07-21 05:00:00,16.24,53.69,4.26,NA,5.64,NA,NA,0.49,4.27,NA,NA,NA,NA,NA,NA,NA,NA,NA,NA,NA,0.00,NA,NA,NA
2025-07-21 06:00:00,19.73,61.52,4.48,NA,5.95,NA,NA,0.52,4.53,NA,NA,NA,NA,NA,NA,NA,NA,NA,NA,NA,0.00,NA,NA,NA
2025-07-21 07:00:00,24.72,67.26,4.51,NA,5.89,NA,NA,0.55,4.37,NA,NA,NA,NA,NA,NA,NA,NA,NA,NA,NA,0.00,NA,NA,NA
2025-07-21 08:00:00,20.11,65.20,5.08,NA,6.37,NA,NA,0.57,4.39,NA,NA,NA,NA,NA,NA,NA,NA,NA,NA,NA,0.00,NA,NA,NA
2025-07-21 09:00:00,23.17,88.34,5.57,NA,7.00,NA,NA,0.62,4.84,NA,NA,NA,NA,NA,NA,NA,NA,NA,NA,NA,0.00,NA,NA,NA
2025-07-21 10:00:00,33.42,118.28,6.17,NA,7.55,NA,NA,0.68,4.97,NA,NA,NA,NA,NA,NA,NA,NA,NA,NA,NA,0.00,NA,NA,NA
2025-07-21 11:00:00,52.07,160.03,5.88,NA,7.30,NA,NA,0.70,4.93,NA,NA,NA,NA,NA,NA,NA,NA,NA,NA,NA,0.00,NA,NA,NA
2025-07-21 12:00:00,48.80,153.50,6.30,NA,10.18,NA,NA,0.62,9.80,NA,NA,NA,NA,NA,NA,NA,NA,NA,NA,NA,0.00,NA,NA,NA
2025-07-21 13:00:00,39.67,131.84,NA,NA,NA,NA,NA,0.55,NA,NA,NA,NA,NA,NA,NA,NA,NA,NA,NA,NA,0.00,NA,NA,NA
2025-07-21 14:00:00,32.62,93.15,NA,NA,NA,NA,NA,0.51,NA,NA,NA,NA,NA,NA,NA,NA,NA,NA,NA,NA,0.00,NA,NA,NA
2025-07-21 15:00:00,38.99,102.95,NA,NA,NA,NA,NA,0.45,NA,NA,NA,NA,NA,NA,NA,NA,NA,NA,NA,NA,0.00,NA,NA,NA
2025-07-21 16:00:00,35.10,83.02,11.33,NA,14.36,NA,NA,0.29,13.10,NA,NA,NA,NA,NA,NA,NA,NA,NA,NA,NA,0.00,NA,NA,NA
2025-07-21 17:00:00,40.09,75.79,5.70,NA,9.42,NA,NA,0.24,9.39,NA,NA,NA,NA,NA,NA,NA,NA,NA,NA,NA,0.00,NA,NA,NA
2025-07-21 18:00:00,22.66,46.23,6.24,NA,8.47,NA,NA,0.32,6.66,NA,NA,NA,NA,NA,NA,NA,NA,NA,NA,NA,0.00,NA,NA,NA
2025-07-21 19:00:00,10.80,30.82,7.82,NA,8.23,NA,NA,0.46,3.68,NA,NA,NA,NA,NA,NA,NA,NA,NA,NA,NA,0.00,NA,NA,NA
2025-07-21 20:00:00,2.79,15.36,10.40,NA,11.00,NA,NA,0.54,4.98,NA,NA,NA,NA,NA,NA,NA,NA,NA,NA,NA,0.00,NA,NA,NA
2025-07-21 21:00:00,14.07,56.44,10.01,NA,13.47,NA,NA,0.66,10.43,NA,NA,NA,NA,NA,NA,NA,NA,NA,NA,NA,0.00,NA,NA,NA
2025-07-21 22:00:00,27.37,64.44,8.68,NA,16.87,NA,NA,0.82,19.22,NA,NA,NA,NA,NA,NA,NA,NA,NA,NA,NA,0.00,NA,NA,NA
2025-07-21 23:00:00,29.00,67.34,8.12,NA,20.53,NA,NA,0.96,27.30,NA,NA,NA,NA,NA,NA,NA,NA,NA,NA,NA,0.00,NA,NA,NA
2025-07-22 00:00:00,28.57,63.45,7.01,NA,20.10,NA,NA,0.95,28.25,NA,NA,NA,NA,NA,NA,NA,NA,NA,NA,NA,0.00,NA,NA,NA
2025-07-22 01:00:00,41.18,88.94,0.67,NA,1.37,NA,NA,0.74,3.45,NA,NA,NA,NA,NA,NA,NA,NA,NA,NA,NA,0.00,NA,NA,NA
2025-07-22 02:00:00,52.11,112.42,NA,NA,10.38,NA,NA,0.51,22.08,NA,NA,NA,NA,NA,NA,NA,NA,NA,NA,NA,0.00,NA,NA,NA
2025-07-22 03:00:00,42.37,114.16,NA,NA,15.80,NA,NA,0.88,33.26,NA,NA,NA,NA,NA,NA,NA,NA,NA,NA,NA,0.00,NA,NA,NA
2025-07-22 04:00:00,29.34,71.28,NA,NA,13.60,NA,NA,0.84,28.72,NA,NA,NA,NA,NA,NA,NA,NA,NA,NA,NA,0.00,NA,NA,NA
2025-07-22 05:00:00,27.28,71.38,NA,NA,14.34,NA,NA,0.80,30.11,NA,NA,NA,NA,NA,NA,NA,NA,NA,NA,NA,0.00,NA,NA,NA
2025-07-22 06:00:00,33.83,78.16,NA,NA,17.84,NA,NA,0.82,37.70,NA,NA,NA,NA,NA,NA,NA,NA,NA,NA,NA,0.00,NA,NA,NA
2025-07-22 07:00:00,29.47,65.90,NA,NA,15.63,NA,NA,0.84,33.08,NA,NA,NA,NA,NA,NA,NA,NA,NA,NA,NA,0.00,NA,NA,NA
2025-07-22 08:00:00,17.25,57.65,NA,NA,13.63,NA,NA,0.75,28.71,NA,NA,NA,NA,NA,NA,NA,NA,NA,NA,NA,0.00,NA,NA,NA
2025-07-22 09:00:00,22.64,64.00,NA,NA,11.54,NA,NA,0.75,24.34,NA,NA,NA,NA,NA,NA,NA,NA,NA,NA,NA,0.00,NA,NA,NA
2025-07-22 10:00:00,34.42,88.23,8.76,NA,10.50,NA,NA,0.64,13.44,NA,NA,NA,NA,NA,NA,NA,NA,NA,NA,NA,0.00,NA,NA,NA
2025-07-22 11:00:00,13.84,25.55,6.80,NA,8.00,NA,NA,0.54,4.84,NA,NA,NA,NA,NA,NA,NA,NA,NA,NA,NA,0.00,NA,NA,NA
2025-07-22 12:00:00,8.32,19.68,6.01,NA,6.74,NA,NA,0.55,3.64,NA,NA,NA,NA,NA,NA,NA,NA,NA,NA,NA,0.00,NA,NA,NA
2025-07-22 13:00:00,13.70,33.13,5.87,NA,6.38,NA,NA,0.49,3.15,NA,NA,NA,NA,NA,NA,NA,NA,NA,NA,NA,0.00,NA,NA,NA
2025-07-22 14:00:00,11.56,21.14,6.45,NA,7.42,NA,NA,0.52,4.27,NA,NA,NA,NA,NA,NA,NA,NA,NA,NA,NA,0.00,NA,NA,NA
2025-07-22 15:00:00,0.72,8.42,6.76,NA,7.43,NA,NA,0.55,3.78,NA,NA,NA,NA,NA,NA,NA,NA,NA,NA,NA,0.00,NA,NA,NA
2025-07-22 16:00:00,17.95,45.40,5.90,NA,6.09,NA,NA,0.54,2.53,NA,NA,NA,NA,NA,NA,NA,NA,NA,NA,NA,0.00,NA,NA,NA
2025-07-22 17:00:00,15.54,49.46,5.43,NA,5.53,NA,NA,0.55,2.20,NA,NA,NA,NA,NA,NA,NA,NA,NA,NA,NA,0.00,NA,NA,NA
2025-07-22 18:00:00,29.07,79.31,6.16,NA,5.97,NA,NA,0.60,1.88,NA,NA,NA,NA,NA,NA,NA,NA,NA,NA,NA,0.00,NA,NA,NA
2025-07-22 19:00:00,34.20,96.14,8.04,NA,7.39,NA,NA,0.69,1.67,NA,NA,NA,NA,NA,NA,NA,NA,NA,NA,NA,0.00,NA,NA,NA
2025-07-22 20:00:00,19.16,76.12,6.79,NA,6.13,NA,NA,0.64,1.20,NA,NA,NA,NA,NA,NA,NA,NA,NA,NA,NA,0.00,NA,NA,NA
2025-07-22 21:00:00,24.13,74.52,8.16,NA,7.45,NA,NA,0.62,1.60,NA,NA,NA,NA,NA,NA,NA,NA,NA,NA,NA,0.00,NA,NA,NA
2025-07-22 22:00:00,14.80,67.39,6.72,NA,6.17,NA,NA,0.57,1.40,NA,NA,NA,NA,NA,NA,NA,NA,NA,NA,NA,0.00,NA,NA,NA
2025-07-22 23:00:00,7.40,34.58,6.74,NA,6.14,NA,NA,0.52,1.30,NA,NA,NA,NA,NA,NA,NA,NA,NA,NA,NA,0.00,NA,NA,NA
2025-07-23 00:00:00,NA,13.12,8.53,NA,8.09,NA,NA,0.52,2.26,NA,NA,NA,NA,NA,NA,NA,NA,NA,NA,NA,0.00,NA,NA,NA
2025-07-23 01:00:00,12.26,41.21,7.56,NA,9.41,NA,NA,0.54,6.38,NA,NA,NA,NA,NA,NA,NA,NA,NA,NA,NA,0.00,NA,NA,NA
2025-07-23 02:00:00,12.88,47.41,5.80,NA,10.64,NA,NA,0.55,11.62,NA,NA,NA,NA,NA,NA,NA,NA,NA,NA,NA,0.00,NA,NA,NA
2025-07-23 03:00:00,7.18,26.74,5.06,NA,10.21,NA,NA,0.60,11.95,NA,NA,NA,NA,NA,NA,NA,NA,NA,NA,NA,0.00,NA,NA,NA
2025-07-23 04:00:00,6.07,33.73,4.20,NA,9.65,NA,NA,0.55,12.22,NA,NA,NA,NA,NA,NA,NA,NA,NA,NA,NA,0.00,NA,NA,NA
2025-07-23 05:00:00,14.56,35.96,3.88,NA,10.24,NA,NA,0.54,13.90,NA,NA,NA,NA,NA,NA,NA,NA,NA,NA,NA,0.00,NA,NA,NA
2025-07-23 06:00:00,17.15,43.30,3.60,NA,12.67,NA,NA,0.59,19.11,NA,NA,NA,NA,NA,NA,NA,NA,NA,NA,NA,0.00,NA,NA,NA
2025-07-23 07:00:00,12.20,50.23,5.07,NA,14.00,NA,NA,0.65,19.34,NA,NA,NA,NA,NA,NA,NA,NA,NA,NA,NA,0.00,NA,NA,NA
2025-07-23 08:00:00,15.26,68.24,4.36,NA,5.13,NA,NA,0.49,3.11,NA,NA,NA,NA,NA,NA,NA,NA,NA,NA,NA,0.00,NA,NA,NA
2025-07-23 09:00:00,16.87,26.74,4.34,NA,4.43,NA,NA,0.48,1.75,NA,NA,NA,NA,NA,NA,NA,NA,NA,NA,NA,0.00,NA,NA,NA
2025-07-23 10:00:00,13.25,28.88,5.88,NA,9.27,NA,NA,0.65,8.80,NA,NA,NA,NA,NA,NA,NA,NA,NA,NA,NA,0.00,NA,NA,NA
2025-07-23 11:00:00,12.51,41.86,5.70,NA,7.24,NA,NA,0.71,5.10,NA,NA,NA,NA,NA,NA,NA,NA,NA,NA,NA,0.00,NA,NA,NA
2025-07-23 12:00:00,16.84,32.38,5.30,NA,6.18,NA,NA,0.58,3.64,NA,NA,NA,NA,NA,NA,NA,NA,NA,NA,NA,0.00,NA,NA,NA
2025-07-23 13:00:00,21.14,53.71,7.18,NA,8.76,NA,NA,0.57,5.74,NA,NA,NA,NA,NA,NA,NA,NA,NA,NA,NA,0.00,NA,NA,NA
2025-07-23 14:00:00,39.76,115.56,9.74,NA,9.44,NA,NA,1.04,2.99,NA,NA,NA,NA,NA,NA,NA,NA,NA,NA,NA,0.00,NA,NA,NA
2025-07-23 15:00:00,37.84,117.39,NA,NA,NA,NA,NA,0.78,NA,NA,NA,NA,NA,NA,NA,NA,NA,NA,NA,NA,0.00,NA,NA,NA
2025-07-23 16:00:00,19.64,57.91,NA,NA,NA,NA,NA,0.72,NA,NA,NA,NA,NA,NA,NA,NA,NA,NA,NA,NA,0.00,NA,NA,NA
2025-07-23 17:00:00,39.25,93.11,4.92,NA,28.44,NA,NA,0.80,47.31,NA,NA,NA,NA,NA,NA,NA,NA,NA,NA,NA,0.00,NA,NA,NA
2025-07-23 18:00:00,39.72,84.24,6.80,NA,10.82,NA,NA,0.92,17.47,NA,NA,NA,NA,NA,NA,NA,NA,NA,NA,NA,0.00,NA,NA,NA
2025-07-23 19:00:00,11.80,75.71,5.58,NA,10.82,NA,NA,0.86,12.59,NA,NA,NA,NA,NA,NA,NA,NA,NA,NA,NA,0.00,NA,NA,NA
2025-07-23 20:00:00,11.44,57.64,8.30,NA,NA,NA,NA,0.90,NA,NA,NA,NA,NA,NA,NA,NA,NA,NA,NA,NA,0.00,NA,NA,NA
2025-07-23 21:00:00,14.15,52.34,8.16,NA,NA,NA,NA,0.92,NA,NA,NA,NA,NA,NA,NA,NA,NA,NA,NA,NA,0.00,NA,NA,NA
2025-07-23 22:00:00,21.62,71.61,6.83,NA,NA,NA,NA,0.95,NA,NA,NA,NA,NA,NA,NA,NA,NA,NA,NA,NA,0.00,NA,NA,NA
2025-07-23 23:00:00,14.00,70.91,5.02,NA,33.33,NA,NA,0.91,57.34,NA,NA,NA,NA,NA,NA,NA,NA,NA,NA,NA,0.00,NA,NA,NA
2025-07-24 00:00:00,11.98,67.69,5.31,NA,25.09,NA,NA,0.91,40.71,NA,NA,NA,NA,NA,NA,NA,NA,NA,NA,NA,0.00,NA,NA,NA
2025-07-24 01:00:00,23.41,76.06,5.48,NA,27.08,NA,NA,0.94,70.14,NA,NA,NA,NA,NA,NA,NA,NA,NA,NA,NA,0.00,NA,NA,NA
2025-07-24 02:00:00,22.78,72.43,5.60,NA,8.66,NA,NA,0.82,8.51,NA,NA,NA,NA,NA,NA,NA,NA,NA,NA,NA,0.00,NA,NA,NA
2025-07-24 03:00:00,7.16,34.99,4.12,NA,19.98,NA,NA,0.68,32.61,NA,NA,NA,NA,NA,NA,NA,NA,NA,NA,NA,0.00,NA,NA,NA
2025-07-24 04:00:00,7.18,15.34,2.62,NA,48.39,NA,NA,0.66,90.68,NA,NA,NA,NA,NA,NA,NA,NA,NA,NA,NA,0.00,NA,NA,NA
2025-07-24 05:00:00,10.60,19.91,6.86,NA,NA,NA,NA,0.65,NA,NA,NA,NA,NA,NA,NA,NA,NA,NA,NA,NA,0.00,NA,NA,NA
2025-07-24 06:00:00,13.14,30.48,7.08,NA,NA,NA,NA,0.63,NA,NA,NA,NA,NA,NA,NA,NA,NA,NA,NA,NA,0.00,NA,NA,NA
2025-07-24 07:00:00,7.20,31.86,7.06,NA,NA,NA,NA,0.69,NA,NA,NA,NA,NA,NA,NA,NA,NA,NA,NA,NA,0.00,NA,NA,NA
2025-07-24 08:00:00,15.62,78.77,5.81,NA,106.87,NA,NA,0.83,204.93,NA,NA,NA,NA,NA,NA,NA,NA,NA,NA,NA,0.00,NA,NA,NA
2025-07-24 09:00:00,23.44,70.32,1.87,NA,124.66,NA,NA,1.04,242.57,NA,NA,NA,NA,NA,NA,NA,NA,NA,NA,NA,0.00,NA,NA,NA
2025-07-24 10:00:00,28.87,98.52,NA,NA,203.11,NA,NA,0.80,400.85,NA,NA,NA,NA,NA,NA,NA,NA,NA,NA,NA,0.00,NA,NA,NA
2025-07-24 11:00:00,22.33,92.18,NA,NA,NA,NA,NA,0.94,NA,NA,NA,NA,NA,NA,NA,NA,NA,NA,NA,NA,0.00,NA,NA,NA
2025-07-24 12:00:00,35.10,111.80,NA,NA,NA,NA,NA,1.12,NA,NA,NA,NA,NA,NA,NA,NA,NA,NA,NA,NA,0.00,NA,NA,NA
2025-07-24 13:00:00,30.72,92.69,NA,NA,NA,NA,NA,1.39,NA,NA,NA,NA,NA,NA,NA,NA,NA,NA,NA,NA,0.00,NA,NA,NA
2025-07-24 14:00:00,29.64,110.28,NA,NA,NA,NA,NA,1.41,NA,NA,NA,NA,NA,NA,NA,NA,NA,NA,NA,NA,0.00,NA,NA,NA
2025-07-24 15:00:00,22.73,90.26,7.62,NA,12.19,NA,NA,1.74,11.80,NA,NA,NA,NA,NA,NA,NA,NA,NA,NA,NA,0.00,NA,NA,NA
2025-07-24 16:00:00,44.80,139.94,7.73,NA,15.28,NA,NA,2.08,17.62,NA,NA,NA,NA,NA,NA,NA,NA,NA,NA,NA,0.00,NA,NA,NA
2025-07-24 17:00:00,44.79,127.79,8.01,NA,17.04,NA,NA,2.07,20.64,NA,NA,NA,NA,NA,NA,NA,NA,NA,NA,NA,0.00,NA,NA,NA
2025-07-24 18:00:00,36.04,122.34,5.43,NA,219.29,NA,NA,2.06,432.04,NA,NA,NA,NA,NA,NA,NA,NA,NA,NA,NA,0.00,NA,NA,NA
2025-07-24 19:00:00,26.78,109.48,NA,NA,334.18,NA,NA,1.76,NA,NA,NA,NA,NA,NA,NA,NA,NA,NA,NA,NA,0.00,NA,NA,NA
2025-07-24 20:00:00,21.86,102.02,NA,NA,353.92,NA,NA,1.48,NA,NA,NA,NA,NA,NA,NA,NA,NA,NA,NA,NA,0.00,NA,NA,NA
2025-07-24 21:00:00,26.98,109.60,NA,NA,NA,NA,NA,1.52,NA,NA,NA,NA,NA,NA,NA,NA,NA,NA,NA,NA,0.00,NA,NA,NA
2025-07-24 22:00:00,28.58,121.96,NA,NA,NA,NA,NA,1.44,NA,NA,NA,NA,NA,NA,NA,NA,NA,NA,NA,NA,0.00,NA,NA,NA
2025-07-24 23:00:00,26.73,111.07,NA,NA,NA,NA,NA,0.83,NA,NA,NA,NA,NA,NA,NA,NA,NA,NA,NA,NA,0.00,NA,NA,NA
2025-07-25 00:00:00,26.32,132.16,NA,NA,NA,NA,NA,0.37,NA,NA,NA,NA,NA,NA,NA,NA,NA,NA,NA,NA,0.00,NA,NA,NA
2025-07-25 01:00:00,39.30,132.89,NA,NA,NA,NA,NA,0.22,NA,NA,NA,NA,NA,NA,NA,NA,NA,NA,NA,NA,0.00,NA,NA,NA
2025-07-25 02:00:00,42.86,119.75,NA,NA,NA,NA,NA,1.66,NA,NA,NA,NA,NA,NA,NA,NA,NA,NA,NA,NA,0.00,NA,NA,NA
2025-07-25 03:00:00,21.07,101.77,NA,NA,NA,NA,NA,1.56,NA,NA,NA,NA,NA,NA,NA,NA,NA,NA,NA,NA,0.00,NA,NA,NA
2025-07-25 04:00:00,28.55,89.30,NA,NA,NA,NA,NA,1.59,NA,NA,NA,NA,NA,NA,NA,NA,NA,NA,NA,NA,0.00,NA,NA,NA
2025-07-25 05:00:00,32.81,101.56,8.48,NA,12.32,NA,NA,1.79,10.66,NA,NA,NA,NA,NA,NA,NA,NA,NA,NA,NA,0.00,NA,NA,NA
2025-07-25 06:00:00,32.87,101.39,8.46,NA,13.73,NA,NA,1.92,13.44,NA,NA,NA,NA,NA,NA,NA,NA,NA,NA,NA,0.00,NA,NA,NA
2025-07-25 07:00:00,19.02,67.19,8.34,NA,13.46,NA,NA,1.50,13.09,NA,NA,NA,NA,NA,NA,NA,NA,NA,NA,NA,0.00,NA,NA,NA
2025-07-25 08:00:00,22.06,75.27,8.26,NA,13.04,NA,NA,0.97,12.39,NA,NA,NA,NA,NA,NA,NA,NA,NA,NA,NA,0.00,NA,NA,NA
2025-07-25 09:00:00,22.67,98.43,8.42,NA,12.64,NA,NA,0.78,11.35,NA,NA,NA,NA,NA,NA,NA,NA,NA,NA,NA,0.00,NA,NA,NA
2025-07-25 10:00:00,31.46,107.68,8.41,NA,12.24,NA,NA,0.33,10.60,NA,NA,NA,NA,NA,NA,NA,NA,NA,NA,NA,0.00,NA,NA,NA
2025-07-25 11:00:00,25.93,110.98,8.37,NA,11.86,NA,NA,0.32,9.92,NA,NA,NA,NA,NA,NA,NA,NA,NA,NA,NA,0.00,NA,NA,NA
2025-07-25 12:00:00,27.55,98.00,8.33,NA,11.73,NA,NA,0.32,9.70,NA,NA,NA,NA,NA,NA,NA,NA,NA,NA,NA,0.00,NA,NA,NA
2025-07-25 13:00:00,18.70,89.26,8.33,NA,12.30,NA,NA,0.30,10.83,NA,NA,NA,NA,NA,NA,NA,NA,NA,NA,NA,0.00,NA,NA,NA
2025-07-25 14:00:00,25.93,102.01,8.25,NA,13.57,NA,NA,0.28,13.45,NA,NA,NA,NA,NA,NA,NA,NA,NA,NA,NA,0.00,NA,NA,NA
2025-07-25 15:00:00,25.44,101.87,8.22,NA,13.06,NA,NA,0.30,12.49,NA,NA,NA,NA,NA,NA,NA,NA,NA,NA,NA,0.00,NA,NA,NA
2025-07-25 16:00:00,30.23,93.23,8.40,NA,13.38,NA,NA,0.32,12.84,NA,NA,NA,NA,NA,NA,NA,NA,NA,NA,NA,0.00,NA,NA,NA
2025-07-25 17:00:00,23.90,85.18,8.29,NA,11.92,NA,NA,0.32,10.14,NA,NA,NA,NA,NA,NA,NA,NA,NA,NA,NA,0.00,NA,NA,NA
2025-07-25 18:00:00,30.80,98.29,8.53,NA,10.84,NA,NA,0.34,7.66,NA,NA,NA,NA,NA,NA,NA,NA,NA,NA,NA,0.00,NA,NA,NA
2025-07-25 19:00:00,19.45,93.15,8.47,NA,10.65,NA,NA,0.36,7.37,NA,NA,NA,NA,NA,NA,NA,NA,NA,NA,NA,0.00,NA,NA,NA
2025-07-25 20:00:00,11.76,41.06,8.40,NA,10.52,NA,NA,0.35,7.22,NA,NA,NA,NA,NA,NA,NA,NA,NA,NA,NA,0.00,NA,NA,NA
2025-07-25 21:00:00,24.72,59.04,8.38,NA,12.72,NA,NA,0.42,11.58,NA,NA,NA,NA,NA,NA,NA,NA,NA,NA,NA,0.00,NA,NA,NA
2025-07-25 22:00:00,11.97,63.74,8.48,NA,11.34,NA,NA,0.49,8.72,NA,NA,NA,NA,NA,NA,NA,NA,NA,NA,NA,0.00,NA,NA,NA
2025-07-25 23:00:00,19.41,64.85,8.54,NA,12.34,NA,NA,0.62,10.59,NA,NA,NA,NA,NA,NA,NA,NA,NA,NA,NA,0.00,NA,NA,NA
2025-07-26 00:00:00,28.41,87.21,8.32,NA,13.58,NA,NA,0.56,13.35,NA,NA,NA,NA,NA,NA,NA,NA,NA,NA,NA,0.00,NA,NA,NA
2025-07-26 01:00:00,28.45,65.46,8.19,NA,14.71,NA,NA,0.34,15.76,NA,NA,NA,NA,NA,NA,NA,NA,NA,NA,NA,0.00,NA,NA,NA
2025-07-26 02:00:00,9.96,38.77,8.29,NA,13.24,NA,NA,0.33,12.76,NA,NA,NA,NA,NA,NA,NA,NA,NA,NA,NA,0.00,NA,NA,NA
2025-07-26 03:00:00,11.18,27.01,8.38,NA,12.69,NA,NA,0.32,11.53,NA,NA,NA,NA,NA,NA,NA,NA,NA,NA,NA,0.00,NA,NA,NA
2025-07-26 04:00:00,12.43,34.70,8.32,NA,14.23,NA,NA,0.32,14.64,NA,NA,NA,NA,NA,NA,NA,NA,NA,NA,NA,0.00,NA,NA,NA
2025-07-26 05:00:00,15.65,28.06,8.23,NA,13.58,NA,NA,0.33,13.50,NA,NA,NA,NA,NA,NA,NA,NA,NA,NA,NA,0.00,NA,NA,NA
2025-07-26 06:00:00,6.61,23.62,8.23,NA,14.44,NA,NA,0.32,15.19,NA,NA,NA,NA,NA,NA,NA,NA,NA,NA,NA,0.00,NA,NA,NA
2025-07-26 07:00:00,13.06,26.94,8.25,NA,15.30,NA,NA,0.34,16.85,NA,NA,NA,NA,NA,NA,NA,NA,NA,NA,NA,0.00,NA,NA,NA
2025-07-26 08:00:00,16.66,42.40,8.36,NA,12.30,NA,NA,0.35,10.79,NA,NA,NA,NA,NA,NA,NA,NA,NA,NA,NA,0.00,NA,NA,NA
2025-07-26 09:00:00,28.02,56.88,8.36,NA,12.48,NA,NA,0.36,11.14,NA,NA,NA,NA,NA,NA,NA,NA,NA,NA,NA,0.00,NA,NA,NA
2025-07-26 10:00:00,19.06,50.46,8.39,NA,12.04,NA,NA,0.39,10.23,NA,NA,NA,NA,NA,NA,NA,NA,NA,NA,NA,0.00,NA,NA,NA
2025-07-26 11:00:00,34.68,85.89,8.20,NA,12.65,NA,NA,0.37,11.75,NA,NA,NA,NA,NA,NA,NA,NA,NA,NA,NA,0.00,NA,NA,NA
2025-07-26 12:00:00,33.78,74.09,NA,NA,NA,NA,NA,0.32,NA,NA,NA,NA,NA,NA,NA,NA,NA,NA,NA,NA,0.00,NA,NA,NA
2025-07-26 13:00:00,38.90,88.70,NA,NA,NA,NA,NA,0.36,NA,NA,NA,NA,NA,NA,NA,NA,NA,NA,NA,NA,0.00,NA,NA,NA
2025-07-26 14:00:00,30.42,92.29,NA,NA,NA,NA,NA,0.37,NA,NA,NA,NA,NA,NA,NA,NA,NA,NA,NA,NA,0.00,NA,NA,NA
2025-07-26 15:00:00,NA,86.25,NA,NA,NA,NA,NA,0.24,NA,NA,NA,NA,NA,NA,NA,NA,NA,NA,NA,NA,0.00,NA,NA,NA
2025-07-26 16:00:00,NA,46.69,NA,NA,NA,NA,NA,0.19,NA,NA,NA,NA,NA,NA,NA,NA,NA,NA,NA,NA,0.00,NA,NA,NA
2025-07-26 17:00:00,44.48,75.28,NA,NA,NA,NA,NA,0.24,NA,NA,NA,NA,NA,NA,NA,NA,NA,NA,NA,NA,0.00,NA,NA,NA
2025-07-26 18:00:00,29.80,67.71,5.67,NA,19.42,NA,NA,0.20,29.03,NA,NA,NA,NA,NA,NA,NA,NA,NA,NA,NA,0.00,NA,NA,NA
2025-07-26 19:00:00,33.03,73.07,6.82,NA,10.54,NA,NA,0.32,9.81,NA,NA,NA,NA,NA,NA,NA,NA,NA,NA,NA,0.00,NA,NA,NA
2025-07-26 20:00:00,28.63,73.10,6.89,NA,8.30,NA,NA,0.39,12.16,NA,NA,NA,NA,NA,NA,NA,NA,NA,NA,NA,0.00,NA,NA,NA
2025-07-26 21:00:00,18.21,66.33,7.91,NA,42.74,NA,NA,0.45,71.51,NA,NA,NA,NA,NA,NA,NA,NA,NA,NA,NA,0.00,NA,NA,NA
2025-07-26 22:00:00,10.43,64.28,8.67,NA,47.70,NA,NA,0.47,79.68,NA,NA,NA,NA,NA,NA,NA,NA,NA,NA,NA,0.00,NA,NA,NA
2025-07-26 23:00:00,15.52,54.94,10.39,NA,115.02,NA,NA,0.48,214.62,NA,NA,NA,NA,NA,NA,NA,NA,NA,NA,NA,0.00,NA,NA,NA
2025-07-27 00:00:00,12.16,64.23,12.21,NA,77.22,NA,NA,0.52,131.88,NA,NA,NA,NA,NA,NA,NA,NA,NA,NA,NA,0.00,NA,NA,NA
2025-07-27 01:00:00,16.80,63.96,3.41,NA,121.43,NA,NA,0.55,232.55,NA,NA,NA,NA,NA,NA,NA,NA,NA,NA,NA,0.00,NA,NA,NA
2025-07-27 02:00:00,17.24,62.01,NA,NA,248.94,NA,NA,0.52,497.42,NA,NA,NA,NA,NA,NA,NA,NA,NA,NA,NA,0.00,NA,NA,NA
2025-07-27 03:00:00,26.75,65.32,4.63,NA,195.11,NA,NA,0.50,379.90,NA,NA,NA,NA,NA,NA,NA,NA,NA,NA,NA,0.00,NA,NA,NA
2025-07-27 04:00:00,28.74,63.66,7.15,NA,NA,NA,NA,0.45,NA,NA,NA,NA,NA,NA,NA,NA,NA,NA,NA,NA,0.00,NA,NA,NA
2025-07-27 05:00:00,15.14,70.65,5.42,NA,15.02,NA,NA,0.38,22.31,NA,NA,NA,NA,NA,NA,NA,NA,NA,NA,NA,0.00,NA,NA,NA
2025-07-27 06:00:00,3.90,27.81,3.33,NA,10.71,NA,NA,0.33,16.18,NA,NA,NA,NA,NA,NA,NA,NA,NA,NA,NA,0.00,NA,NA,NA
2025-07-27 07:00:00,10.54,39.62,2.27,NA,6.05,NA,NA,0.31,8.24,NA,NA,NA,NA,NA,NA,NA,NA,NA,NA,NA,0.00,NA,NA,NA
2025-07-27 08:00:00,13.25,27.82,2.47,NA,16.93,NA,NA,0.30,32.58,NA,NA,NA,NA,NA,NA,NA,NA,NA,NA,NA,0.00,NA,NA,NA
2025-07-27 09:00:00,13.18,30.72,1.68,NA,13.40,NA,NA,0.32,32.51,NA,NA,NA,NA,NA,NA,NA,NA,NA,NA,NA,0.00,NA,NA,NA
2025-07-27 10:00:00,3.35,22.47,0.88,NA,57.61,NA,NA,0.29,113.46,NA,NA,NA,NA,NA,NA,NA,NA,NA,NA,NA,0.00,NA,NA,NA
2025-07-27 11:00:00,14.90,47.60,0.58,NA,61.78,NA,NA,0.30,121.46,NA,NA,NA,NA,NA,NA,NA,NA,NA,NA,NA,0.00,NA,NA,NA
2025-07-27 12:00:00,13.33,39.27,1.04,NA,99.36,NA,NA,0.30,194.86,NA,NA,NA,NA,NA,NA,NA,NA,NA,NA,NA,0.00,NA,NA,NA
2025-07-27 13:00:00,24.70,58.50,1.65,NA,48.08,NA,NA,0.31,93.28,NA,NA,NA,NA,NA,NA,NA,NA,NA,NA,NA,0.00,NA,NA,NA
2025-07-27 14:00:00,19.02,60.52,0.95,NA,32.64,NA,NA,0.32,63.05,NA,NA,NA,NA,NA,NA,NA,NA,NA,NA,NA,0.00,NA,NA,NA
2025-07-27 15:00:00,19.22,45.96,2.47,NA,12.54,NA,NA,0.32,21.01,NA,NA,NA,NA,NA,NA,NA,NA,NA,NA,NA,0.00,NA,NA,NA
2025-07-27 16:00:00,11.55,38.81,3.83,NA,3.49,NA,NA,0.31,2.44,NA,NA,NA,NA,NA,NA,NA,NA,NA,NA,NA,0.00,NA,NA,NA
2025-07-27 17:00:00,13.58,43.90,4.49,NA,NA,NA,NA,0.30,NA,NA,NA,NA,NA,NA,NA,NA,NA,NA,NA,NA,0.00,NA,NA,NA
2025-07-27 18:00:00,22.43,70.84,7.42,NA,NA,NA,NA,0.32,NA,NA,NA,NA,NA,NA,NA,NA,NA,NA,NA,NA,0.00,NA,NA,NA
2025-07-27 19:00:00,25.39,65.76,9.05,NA,72.24,NA,NA,0.36,147.42,NA,NA,NA,NA,NA,NA,NA,NA,NA,NA,NA,0.00,NA,NA,NA
2025-07-27 20:00:00,NA,NA,NA,NA,NA,NA,NA,NA,NA,NA,NA,NA,NA,NA,NA,NA,NA,NA,NA,NA,0.00,NA,NA,NA
2025-07-27 21:00:00,NA,NA,NA,NA,NA,NA,NA,NA,NA,NA,NA,NA,NA,NA,NA,NA,NA,NA,NA,NA,0.00,NA,NA,NA
2025-07-27 22:00:00,NA,NA,NA,NA,NA,NA,NA,NA,NA,NA,NA,NA,NA,NA,NA,NA,NA,NA,NA,NA,0.00,NA,NA,NA
2025-07-27 23:00:00,NA,NA,NA,NA,NA,NA,NA,NA,NA,NA,NA,NA,NA,NA,NA,NA,NA,NA,NA,NA,0.00,NA,NA,NA
2025-07-28 00:00:00,NA,NA,NA,NA,NA,NA,NA,NA,NA,NA,NA,NA,NA,NA,NA,NA,NA,NA,NA,NA,0.00,NA,NA,NA
2025-07-28 01:00:00,NA,NA,NA,NA,NA,NA,NA,NA,NA,NA,NA,NA,NA,NA,NA,NA,NA,NA,NA,NA,0.00,NA,NA,NA
2025-07-28 02:00:00,NA,NA,NA,NA,NA,NA,NA,NA,NA,NA,NA,NA,NA,NA,NA,NA,NA,NA,NA,NA,0.00,NA,NA,NA
2025-07-28 03:00:00,NA,NA,NA,NA,NA,NA,NA,NA,NA,NA,NA,NA,NA,NA,NA,NA,NA,NA,NA,NA,0.00,NA,NA,NA
2025-07-28 04:00:00,NA,NA,NA,NA,NA,NA,NA,NA,NA,NA,NA,NA,NA,NA,NA,NA,NA,NA,NA,NA,0.00,NA,NA,NA
2025-07-28 05:00:00,NA,NA,NA,NA,NA,NA,NA,NA,NA,NA,NA,NA,NA,NA,NA,NA,NA,NA,NA,NA,0.00,NA,NA,NA
2025-07-28 06:00:00,NA,NA,NA,NA,NA,NA,NA,NA,NA,NA,NA,NA,NA,NA,NA,NA,NA,NA,NA,NA,0.00,NA,NA,NA
2025-07-28 07:00:00,NA,NA,NA,NA,NA,NA,NA,NA,NA,NA,NA,NA,NA,NA,NA,NA,NA,NA,NA,NA,0.00,NA,NA,NA
2025-07-28 08:00:00,NA,NA,NA,NA,NA,NA,NA,NA,NA,NA,NA,NA,NA,NA,NA,NA,NA,NA,NA,NA,0.00,NA,NA,NA
2025-07-28 09:00:00,NA,NA,NA,NA,NA,NA,NA,NA,NA,NA,NA,NA,NA,NA,NA,NA,NA,NA,NA,NA,0.00,NA,NA,NA
2025-07-28 10:00:00,NA,NA,NA,NA,NA,NA,NA,NA,NA,NA,NA,NA,NA,NA,NA,NA,NA,NA,NA,NA,0.00,NA,NA,NA
2025-07-28 11:00:00,NA,NA,NA,NA,NA,NA,NA,NA,NA,NA,NA,NA,NA,NA,NA,NA,NA,NA,NA,NA,0.00,NA,NA,NA
2025-07-28 12:00:00,NA,NA,NA,NA,NA,NA,NA,NA,NA,NA,NA,NA,NA,NA,NA,NA,NA,NA,NA,NA,0.00,NA,NA,NA
2025-07-28 13:00:00,NA,NA,NA,NA,NA,NA,NA,NA,NA,NA,NA,NA,NA,NA,NA,NA,NA,NA,NA,NA,0.00,NA,NA,NA
2025-07-28 14:00:00,NA,NA,NA,NA,NA,NA,NA,NA,NA,NA,NA,NA,NA,NA,NA,NA,NA,NA,NA,NA,0.00,NA,NA,NA
2025-07-28 15:00:00,NA,NA,NA,NA,NA,NA,NA,NA,NA,NA,NA,NA,NA,NA,NA,NA,NA,NA,NA,NA,0.00,NA,NA,NA
2025-07-28 16:00:00,NA,NA,NA,NA,NA,NA,NA,NA,NA,NA,NA,NA,NA,NA,NA,NA,NA,NA,NA,NA,0.00,NA,NA,NA
2025-07-28 17:00:00,NA,NA,NA,NA,NA,NA,NA,NA,NA,NA,NA,NA,NA,NA,NA,NA,NA,NA,NA,NA,0.00,NA,NA,NA
2025-07-28 18:00:00,NA,NA,NA,NA,NA,NA,NA,NA,NA,NA,NA,NA,NA,NA,NA,NA,NA,NA,NA,NA,0.00,NA,NA,NA
2025-07-28 19:00:00,NA,NA,NA,NA,NA,NA,NA,NA,NA,NA,NA,NA,NA,NA,NA,NA,NA,NA,NA,NA,0.00,NA,NA,NA
2025-07-28 20:00:00,NA,NA,NA,NA,NA,NA,NA,NA,NA,NA,NA,NA,NA,NA,NA,NA,NA,NA,NA,NA,0.00,NA,NA,NA
2025-07-28 21:00:00,NA,NA,NA,NA,NA,NA,NA,NA,NA,NA,NA,NA,NA,NA,NA,NA,NA,NA,NA,NA,0.00,NA,NA,NA
2025-07-28 22:00:00,NA,NA,NA,NA,NA,NA,NA,NA,NA,NA,NA,NA,NA,NA,NA,NA,NA,NA,NA,NA,0.00,NA,NA,NA
2025-07-28 23:00:00,NA,NA,NA,NA,NA,NA,NA,NA,NA,NA,NA,NA,NA,NA,NA,NA,NA,NA,NA,NA,0.00,NA,NA,NA
2025-07-29 00:00:00,NA,NA,NA,NA,NA,NA,NA,NA,NA,NA,NA,NA,NA,NA,NA,NA,NA,NA,NA,NA,0.00,NA,NA,NA
2025-07-29 01:00:00,NA,NA,NA,NA,NA,NA,NA,NA,NA,NA,NA,NA,NA,NA,NA,NA,NA,NA,NA,NA,0.00,NA,NA,NA
2025-07-29 02:00:00,NA,NA,NA,NA,NA,NA,NA,NA,NA,NA,NA,NA,NA,NA,NA,NA,NA,NA,NA,NA,0.00,NA,NA,NA
2025-07-29 03:00:00,NA,NA,NA,NA,NA,NA,NA,NA,NA,NA,NA,NA,NA,NA,NA,NA,NA,NA,NA,NA,0.00,NA,NA,NA
2025-07-29 04:00:00,NA,NA,NA,NA,NA,NA,NA,NA,NA,NA,NA,NA,NA,NA,NA,NA,NA,NA,NA,NA,0.00,NA,NA,NA
2025-07-29 05:00:00,NA,NA,NA,NA,NA,NA,NA,NA,NA,NA,NA,NA,NA,NA,NA,NA,NA,NA,NA,NA,0.00,NA,NA,NA
2025-07-29 06:00:00,NA,NA,NA,NA,NA,NA,NA,NA,NA,NA,NA,NA,NA,NA,NA,NA,NA,NA,NA,NA,0.00,NA,NA,NA
2025-07-29 07:00:00,NA,NA,NA,NA,NA,NA,NA,NA,NA,NA,NA,NA,NA,NA,NA,NA,NA,NA,NA,NA,0.00,NA,NA,NA
2025-07-29 08:00:00,NA,NA,NA,NA,NA,NA,NA,NA,NA,NA,NA,NA,NA,NA,NA,NA,NA,NA,NA,NA,0.00,NA,NA,NA
2025-07-29 09:00:00,NA,NA,NA,NA,NA,NA,NA,NA,NA,NA,NA,NA,NA,NA,NA,NA,NA,NA,NA,NA,0.00,NA,NA,NA
2025-07-29 10:00:00,NA,NA,NA,NA,NA,NA,NA,NA,NA,NA,NA,NA,NA,NA,NA,NA,NA,NA,NA,NA,0.00,NA,NA,NA
2025-07-29 11:00:00,NA,NA,NA,NA,NA,NA,NA,NA,NA,NA,NA,NA,NA,NA,NA,NA,NA,NA,NA,NA,0.00,NA,NA,NA
2025-07-29 12:00:00,NA,NA,NA,NA,NA,NA,NA,NA,NA,NA,NA,NA,NA,NA,NA,NA,NA,NA,NA,NA,0.00,NA,NA,NA
2025-07-29 13:00:00,NA,NA,NA,NA,NA,NA,NA,NA,NA,NA,NA,NA,NA,NA,NA,NA,NA,NA,NA,NA,0.00,NA,NA,NA
2025-07-29 14:00:00,NA,NA,NA,NA,NA,NA,NA,NA,NA,NA,NA,NA,NA,NA,NA,NA,NA,NA,NA,NA,0.00,NA,NA,NA
2025-07-29 15:00:00,NA,NA,NA,NA,NA,NA,NA,NA,NA,NA,NA,NA,NA,NA,NA,NA,NA,NA,NA,NA,0.00,NA,NA,NA
2025-07-29 16:00:00,NA,NA,NA,NA,NA,NA,NA,NA,NA,NA,NA,NA,NA,NA,NA,NA,NA,NA,NA,NA,0.00,NA,NA,NA
2025-07-29 17:00:00,NA,NA,NA,NA,NA,NA,NA,NA,NA,NA,NA,NA,NA,NA,NA,NA,NA,NA,NA,NA,0.00,NA,NA,NA
2025-07-29 18:00:00,NA,NA,NA,NA,NA,NA,NA,NA,NA,NA,NA,NA,NA,NA,NA,NA,NA,NA,NA,NA,0.00,NA,NA,NA
2025-07-29 19:00:00,NA,NA,NA,NA,NA,NA,NA,NA,NA,NA,NA,NA,NA,NA,NA,NA,NA,NA,NA,NA,0.00,NA,NA,NA
2025-07-29 20:00:00,NA,NA,NA,NA,NA,NA,NA,NA,NA,NA,NA,NA,NA,NA,NA,NA,NA,NA,NA,NA,0.00,NA,NA,NA
2025-07-29 21:00:00,NA,NA,NA,NA,NA,NA,NA,NA,NA,NA,NA,NA,NA,NA,NA,NA,NA,NA,NA,NA,0.00,NA,NA,NA
2025-07-29 22:00:00,NA,NA,NA,NA,NA,NA,NA,NA,NA,NA,NA,NA,NA,NA,NA,NA,NA,NA,NA,NA,0.00,NA,NA,NA
2025-07-29 23:00:00,NA,NA,NA,NA,NA,NA,NA,NA,NA,NA,NA,NA,NA,NA,NA,NA,NA,NA,NA,NA,0.00,NA,NA,NA
2025-07-30 00:00:00,NA,NA,NA,NA,NA,NA,NA,NA,NA,NA,NA,NA,NA,NA,NA,NA,NA,NA,NA,NA,0.00,NA,NA,NA
2025-07-30 01:00:00,NA,NA,NA,NA,NA,NA,NA,NA,NA,NA,NA,NA,NA,NA,NA,NA,NA,NA,NA,NA,0.00,NA,NA,NA
2025-07-30 02:00:00,NA,NA,NA,NA,NA,NA,NA,NA,NA,NA,NA,NA,NA,NA,NA,NA,NA,NA,NA,NA,0.00,NA,NA,NA
2025-07-30 03:00:00,NA,NA,NA,NA,NA,NA,NA,NA,NA,NA,NA,NA,NA,NA,NA,NA,NA,NA,NA,NA,0.00,NA,NA,NA
2025-07-30 04:00:00,NA,NA,NA,NA,NA,NA,NA,NA,NA,NA,NA,NA,NA,NA,NA,NA,NA,NA,NA,NA,0.00,NA,NA,NA
2025-07-30 05:00:00,NA,NA,NA,NA,NA,NA,NA,NA,NA,NA,NA,NA,NA,NA,NA,NA,NA,NA,NA,NA,0.00,NA,NA,NA
2025-07-30 06:00:00,NA,NA,NA,NA,NA,NA,NA,NA,NA,NA,NA,NA,NA,NA,NA,NA,NA,NA,NA,NA,0.00,NA,NA,NA
2025-07-30 07:00:00,NA,NA,NA,NA,NA,NA,NA,NA,NA,NA,NA,NA,NA,NA,NA,NA,NA,NA,NA,NA,0.00,NA,NA,NA
2025-07-30 08:00:00,NA,NA,NA,NA,NA,NA,NA,NA,NA,NA,NA,NA,NA,NA,NA,NA,NA,NA,NA,NA,0.00,NA,NA,NA
2025-07-30 09:00:00,NA,NA,NA,NA,NA,NA,NA,NA,NA,NA,NA,NA,NA,NA,NA,NA,NA,NA,NA,NA,0.00,NA,NA,NA
2025-07-30 10:00:00,NA,NA,NA,NA,NA,NA,NA,NA,NA,NA,NA,NA,NA,NA,NA,NA,NA,NA,NA,NA,0.00,NA,NA,NA
2025-07-30 11:00:00,NA,NA,NA,NA,NA,NA,NA,NA,NA,NA,NA,NA,NA,NA,NA,NA,NA,NA,NA,NA,0.00,NA,NA,NA
2025-07-30 12:00:00,NA,NA,NA,NA,NA,NA,NA,NA,NA,NA,NA,NA,NA,NA,NA,NA,NA,NA,NA,NA,0.00,NA,NA,NA
2025-07-30 13:00:00,NA,NA,NA,NA,NA,NA,NA,NA,NA,NA,NA,NA,NA,NA,NA,NA,NA,NA,NA,NA,0.00,NA,NA,NA
2025-07-30 14:00:00,NA,NA,NA,NA,NA,NA,NA,NA,NA,NA,NA,NA,NA,NA,NA,NA,NA,NA,NA,NA,0.00,NA,NA,NA
2025-07-30 15:00:00,NA,NA,NA,NA,NA,NA,NA,NA,NA,NA,NA,NA,NA,NA,NA,NA,NA,NA,NA,NA,0.00,NA,NA,NA
2025-07-30 16:00:00,NA,NA,NA,NA,NA,NA,NA,NA,NA,NA,NA,NA,NA,NA,NA,NA,NA,NA,NA,NA,0.00,NA,NA,NA
2025-07-30 17:00:00,NA,NA,NA,NA,NA,NA,NA,NA,NA,NA,NA,NA,NA,NA,NA,NA,NA,NA,NA,NA,0.00,NA,NA,NA
2025-07-30 18:00:00,NA,NA,NA,NA,NA,NA,NA,NA,NA,NA,NA,NA,NA,NA,NA,NA,NA,NA,NA,NA,0.00,NA,NA,NA
2025-07-30 19:00:00,NA,NA,NA,NA,NA,NA,NA,NA,NA,NA,NA,NA,NA,NA,NA,NA,NA,NA,NA,NA,0.00,NA,NA,NA
2025-07-30 20:00:00,NA,NA,NA,NA,NA,NA,NA,NA,NA,NA,NA,NA,NA,NA,NA,NA,NA,NA,NA,NA,0.00,NA,NA,NA
2025-07-30 21:00:00,NA,NA,NA,NA,NA,NA,NA,NA,NA,NA,NA,NA,NA,NA,NA,NA,NA,NA,NA,NA,0.00,NA,NA,NA
2025-07-30 22:00:00,NA,NA,NA,NA,NA,NA,NA,NA,NA,NA,NA,NA,NA,NA,NA,NA,NA,NA,NA,NA,0.00,NA,NA,NA
2025-07-30 23:00:00,NA,NA,NA,NA,NA,NA,NA,NA,NA,NA,NA,NA,NA,NA,NA,NA,NA,NA,NA,NA,0.00,NA,NA,NA
2025-07-31 00:00:00,NA,NA,NA,NA,NA,NA,NA,NA,NA,NA,NA,NA,NA,NA,NA,NA,NA,NA,NA,NA,0.00,NA,NA,NA
2025-07-31 01:00:00,NA,NA,NA,NA,NA,NA,NA,NA,NA,NA,NA,NA,NA,NA,NA,NA,NA,NA,NA,NA,0.00,NA,NA,NA
2025-07-31 02:00:00,NA,NA,NA,NA,NA,NA,NA,NA,NA,NA,NA,NA,NA,NA,NA,NA,NA,NA,NA,NA,0.00,NA,NA,NA
2025-07-31 03:00:00,NA,NA,NA,NA,NA,NA,NA,NA,NA,NA,NA,NA,NA,NA,NA,NA,NA,NA,NA,NA,0.00,NA,NA,NA
2025-07-31 04:00:00,NA,NA,NA,NA,NA,NA,NA,NA,NA,NA,NA,NA,NA,NA,NA,NA,NA,NA,NA,NA,0.00,NA,NA,NA
2025-07-31 05:00:00,NA,NA,NA,NA,NA,NA,NA,NA,NA,NA,NA,NA,NA,NA,NA,NA,NA,NA,NA,NA,0.00,NA,NA,NA
2025-07-31 06:00:00,NA,NA,NA,NA,NA,NA,NA,NA,NA,NA,NA,NA,NA,NA,NA,NA,NA,NA,NA,NA,0.00,NA,NA,NA
2025-07-31 07:00:00,NA,NA,NA,NA,NA,NA,NA,NA,NA,NA,NA,NA,NA,NA,NA,NA,NA,NA,NA,NA,0.00,NA,NA,NA
2025-07-31 08:00:00,NA,NA,NA,NA,NA,NA,NA,NA,NA,NA,NA,NA,NA,NA,NA,NA,NA,NA,NA,NA,0.00,NA,NA,NA
2025-07-31 09:00:00,NA,NA,NA,NA,NA,NA,NA,NA,NA,NA,NA,NA,NA,NA,NA,NA,NA,NA,NA,NA,0.00,NA,NA,NA
2025-07-31 10:00:00,NA,NA,NA,NA,NA,NA,NA,NA,NA,NA,NA,NA,NA,NA,NA,NA,NA,NA,NA,NA,0.00,NA,NA,NA
2025-07-31 11:00:00,NA,NA,NA,NA,NA,NA,NA,NA,NA,NA,NA,NA,NA,NA,NA,NA,NA,NA,NA,NA,0.00,NA,NA,NA
2025-07-31 12:00:00,NA,NA,NA,NA,NA,NA,NA,NA,NA,NA,NA,NA,NA,NA,NA,NA,NA,NA,NA,NA,0.00,NA,NA,NA
2025-07-31 13:00:00,NA,NA,NA,NA,NA,NA,NA,NA,NA,NA,NA,NA,NA,NA,NA,NA,NA,NA,NA,NA,0.00,NA,NA,NA
2025-07-31 14:00:00,NA,NA,NA,NA,NA,NA,NA,NA,NA,NA,NA,NA,NA,NA,NA,NA,NA,NA,NA,NA,0.00,NA,NA,NA
2025-07-31 15:00:00,NA,NA,NA,NA,NA,NA,NA,NA,NA,NA,NA,NA,NA,NA,NA,NA,NA,NA,NA,NA,0.00,NA,NA,NA
2025-07-31 16:00:00,NA,NA,NA,NA,NA,NA,NA,NA,NA,NA,NA,NA,NA,NA,NA,NA,NA,NA,NA,NA,0.00,NA,NA,NA
2025-07-31 17:00:00,NA,NA,NA,NA,NA,NA,NA,NA,NA,NA,NA,NA,NA,NA,NA,NA,NA,NA,NA,NA,0.00,NA,NA,NA
2025-07-31 18:00:00,NA,NA,NA,NA,NA,NA,NA,NA,NA,NA,NA,NA,NA,NA,NA,NA,NA,NA,NA,NA,0.00,NA,NA,NA
2025-07-31 19:00:00,NA,NA,NA,NA,NA,NA,NA,NA,NA,NA,NA,NA,NA,NA,NA,NA,NA,NA,NA,NA,0.00,NA,NA,NA
2025-07-31 20:00:00,NA,NA,NA,NA,NA,NA,NA,NA,NA,NA,NA,NA,NA,NA,NA,NA,NA,NA,NA,NA,0.00,NA,NA,NA
2025-07-31 21:00:00,NA,NA,NA,NA,NA,NA,NA,NA,NA,NA,NA,NA,NA,NA,NA,NA,NA,NA,NA,NA,0.00,NA,NA,NA
2025-07-31 22:00:00,NA,NA,NA,NA,NA,NA,NA,NA,NA,NA,NA,NA,NA,NA,NA,NA,NA,NA,NA,NA,0.00,NA,NA,NA
2025-07-31 23:00:00,NA,NA,NA,NA,NA,NA,NA,NA,NA,NA,NA,NA,NA,NA,NA,NA,NA,NA,NA,NA,0.00,NA,NA,NA
2025-08-01 00:00:00,NA,NA,NA,NA,NA,NA,NA,NA,NA,NA,NA,NA,NA,NA,NA,NA,NA,NA,NA,NA,0.00,NA,NA,NA
2025-08-01 01:00:00,NA,NA,NA,NA,NA,NA,NA,NA,NA,NA,NA,NA,NA,NA,NA,NA,NA,NA,NA,NA,0.00,NA,NA,NA
2025-08-01 02:00:00,NA,NA,NA,NA,NA,NA,NA,NA,NA,NA,NA,NA,NA,NA,NA,NA,NA,NA,NA,NA,0.00,NA,NA,NA
2025-08-01 03:00:00,NA,NA,NA,NA,NA,NA,NA,NA,NA,NA,NA,NA,NA,NA,NA,NA,NA,NA,NA,NA,0.00,NA,NA,NA
2025-08-01 04:00:00,NA,NA,NA,NA,NA,NA,NA,NA,NA,NA,NA,NA,NA,NA,NA,NA,NA,NA,NA,NA,0.00,NA,NA,NA
2025-08-01 05:00:00,NA,NA,NA,NA,NA,NA,NA,NA,NA,NA,NA,NA,NA,NA,NA,NA,NA,NA,NA,NA,0.00,NA,NA,NA
2025-08-01 06:00:00,NA,NA,NA,NA,NA,NA,NA,NA,NA,NA,NA,NA,NA,NA,NA,NA,NA,NA,NA,NA,0.00,NA,NA,NA
2025-08-01 07:00:00,NA,NA,NA,NA,NA,NA,NA,NA,NA,NA,NA,NA,NA,NA,NA,NA,NA,NA,NA,NA,0.00,NA,NA,NA
2025-08-01 08:00:00,NA,NA,NA,NA,NA,NA,NA,NA,NA,NA,NA,NA,NA,NA,NA,NA,NA,NA,NA,NA,0.00,NA,NA,NA
2025-08-01 09:00:00,NA,NA,NA,NA,NA,NA,NA,NA,NA,NA,NA,NA,NA,NA,NA,NA,NA,NA,NA,NA,0.00,NA,NA,NA
2025-08-01 10:00:00,NA,NA,NA,NA,NA,NA,NA,NA,NA,NA,NA,NA,NA,NA,NA,NA,NA,NA,NA,NA,0.00,NA,NA,NA
2025-08-01 11:00:00,NA,NA,NA,NA,NA,NA,NA,NA,NA,NA,NA,NA,NA,NA,NA,NA,NA,NA,NA,NA,0.00,NA,NA,NA
2025-08-01 12:00:00,NA,NA,NA,NA,NA,NA,NA,NA,NA,NA,NA,NA,NA,NA,NA,NA,NA,NA,NA,NA,0.00,NA,NA,NA
2025-08-01 13:00:00,NA,NA,NA,NA,NA,NA,NA,NA,NA,NA,NA,NA,NA,NA,NA,NA,NA,NA,NA,NA,0.00,NA,NA,NA
2025-08-01 14:00:00,NA,NA,NA,NA,NA,NA,NA,NA,NA,NA,NA,NA,NA,NA,NA,NA,NA,NA,NA,NA,0.00,NA,NA,NA
2025-08-01 15:00:00,NA,NA,NA,NA,NA,NA,NA,NA,NA,NA,NA,NA,NA,NA,NA,NA,NA,NA,NA,NA,0.00,NA,NA,NA
2025-08-01 16:00:00,NA,NA,NA,NA,NA,NA,NA,NA,NA,NA,NA,NA,NA,NA,NA,NA,NA,NA,NA,NA,0.00,NA,NA,NA
2025-08-01 17:00:00,NA,NA,NA,NA,NA,NA,NA,NA,NA,NA,NA,NA,NA,NA,NA,NA,NA,NA,NA,NA,0.00,NA,NA,NA
2025-08-01 18:00:00,NA,NA,NA,NA,NA,NA,NA,NA,NA,NA,NA,NA,NA,NA,NA,NA,NA,NA,NA,NA,0.00,NA,NA,NA
2025-08-01 19:00:00,NA,NA,NA,NA,NA,NA,NA,NA,NA,NA,NA,NA,NA,NA,NA,NA,NA,NA,NA,NA,0.00,NA,NA,NA
2025-08-01 20:00:00,NA,NA,NA,NA,NA,NA,NA,NA,NA,NA,NA,NA,NA,NA,NA,NA,NA,NA,NA,NA,0.00,NA,NA,NA
2025-08-01 21:00:00,NA,NA,NA,NA,NA,NA,NA,NA,NA,NA,NA,NA,NA,NA,NA,NA,NA,NA,NA,NA,0.00,NA,NA,NA
2025-08-01 22:00:00,NA,NA,NA,NA,NA,NA,NA,NA,NA,NA,NA,NA,NA,NA,NA,NA,NA,NA,NA,NA,0.00,NA,NA,NA
2025-08-01 23:00:00,NA,NA,NA,NA,NA,NA,NA,NA,NA,NA,NA,NA,NA,NA,NA,NA,NA,NA,NA,NA,0.00,NA,NA,NA
2025-08-02 00:00:00,NA,NA,NA,NA,NA,NA,NA,NA,NA,NA,NA,NA,NA,NA,NA,NA,NA,NA,NA,NA,0.00,NA,NA,NA
2025-08-02 01:00:00,NA,NA,NA,NA,NA,NA,NA,NA,NA,NA,NA,NA,NA,NA,NA,NA,NA,NA,NA,NA,0.00,NA,NA,NA
2025-08-02 02:00:00,NA,NA,NA,NA,NA,NA,NA,NA,NA,NA,NA,NA,NA,NA,NA,NA,NA,NA,NA,NA,0.00,NA,NA,NA
2025-08-02 03:00:00,NA,NA,NA,NA,NA,NA,NA,NA,NA,NA,NA,NA,NA,NA,NA,NA,NA,NA,NA,NA,0.00,NA,NA,NA
2025-08-02 04:00:00,NA,NA,NA,NA,NA,NA,NA,NA,NA,NA,NA,NA,NA,NA,NA,NA,NA,NA,NA,NA,0.00,NA,NA,NA
2025-08-02 05:00:00,NA,NA,NA,NA,NA,NA,NA,NA,NA,NA,NA,NA,NA,NA,NA,NA,NA,NA,NA,NA,0.00,NA,NA,NA
2025-08-02 06:00:00,NA,NA,NA,NA,NA,NA,NA,NA,NA,NA,NA,NA,NA,NA,NA,NA,NA,NA,NA,NA,0.00,NA,NA,NA
2025-08-02 07:00:00,NA,NA,NA,NA,NA,NA,NA,NA,NA,NA,NA,NA,NA,NA,NA,NA,NA,NA,NA,NA,0.00,NA,NA,NA
2025-08-02 08:00:00,NA,NA,NA,NA,NA,NA,NA,NA,NA,NA,NA,NA,NA,NA,NA,NA,NA,NA,NA,NA,0.00,NA,NA,NA
2025-08-02 09:00:00,NA,NA,NA,NA,NA,NA,NA,NA,NA,NA,NA,NA,NA,NA,NA,NA,NA,NA,NA,NA,0.00,NA,NA,NA
2025-08-02 10:00:00,NA,NA,NA,NA,NA,NA,NA,NA,NA,NA,NA,NA,NA,NA,NA,NA,NA,NA,NA,NA,0.00,NA,NA,NA
2025-08-02 11:00:00,NA,NA,NA,NA,NA,NA,NA,NA,NA,NA,NA,NA,NA,NA,NA,NA,NA,NA,NA,NA,0.00,NA,NA,NA
2025-08-02 12:00:00,NA,NA,NA,NA,NA,NA,NA,NA,NA,NA,NA,NA,NA,NA,NA,NA,NA,NA,NA,NA,0.00,NA,NA,NA
2025-08-02 13:00:00,NA,NA,NA,NA,NA,NA,NA,NA,NA,NA,NA,NA,NA,NA,NA,NA,NA,NA,NA,NA,0.00,NA,NA,NA
2025-08-02 14:00:00,NA,NA,NA,NA,NA,NA,NA,NA,NA,NA,NA,NA,NA,NA,NA,NA,NA,NA,NA,NA,0.00,NA,NA,NA
2025-08-02 15:00:00,NA,NA,NA,NA,NA,NA,NA,NA,NA,NA,NA,NA,NA,NA,NA,NA,NA,NA,NA,NA,0.00,NA,NA,NA
2025-08-02 16:00:00,NA,NA,NA,NA,NA,NA,NA,NA,NA,NA,NA,NA,NA,NA,NA,NA,NA,NA,NA,NA,0.00,NA,NA,NA
2025-08-02 17:00:00,NA,NA,NA,NA,NA,NA,NA,NA,NA,NA,NA,NA,NA,NA,NA,NA,NA,NA,NA,NA,0.00,NA,NA,NA
2025-08-02 18:00:00,NA,NA,NA,NA,NA,NA,NA,NA,NA,NA,NA,NA,NA,NA,NA,NA,NA,NA,NA,NA,0.00,NA,NA,NA
2025-08-02 19:00:00,NA,NA,NA,NA,NA,NA,NA,NA,NA,NA,NA,NA,NA,NA,NA,NA,NA,NA,NA,NA,0.00,NA,NA,NA
2025-08-02 20:00:00,NA,NA,NA,NA,NA,NA,NA,NA,NA,NA,NA,NA,NA,NA,NA,NA,NA,NA,NA,NA,0.00,NA,NA,NA
2025-08-02 21:00:00,NA,NA,NA,NA,NA,NA,NA,NA,NA,NA,NA,NA,NA,NA,NA,NA,NA,NA,NA,NA,0.00,NA,NA,NA
2025-08-02 22:00:00,NA,NA,NA,NA,NA,NA,NA,NA,NA,NA,NA,NA,NA,NA,NA,NA,NA,NA,NA,NA,0.00,NA,NA,NA
2025-08-02 23:00:00,NA,NA,NA,NA,NA,NA,NA,NA,NA,NA,NA,NA,NA,NA,NA,NA,NA,NA,NA,NA,0.00,NA,NA,NA
2025-08-03 00:00:00,NA,NA,NA,NA,NA,NA,NA,NA,NA,NA,NA,NA,NA,NA,NA,NA,NA,NA,NA,NA,0.00,NA,NA,NA
2025-08-03 01:00:00,NA,NA,NA,NA,NA,NA,NA,NA,NA,NA,NA,NA,NA,NA,NA,NA,NA,NA,NA,NA,0.00,NA,NA,NA
2025-08-03 02:00:00,NA,NA,NA,NA,NA,NA,NA,NA,NA,NA,NA,NA,NA,NA,NA,NA,NA,NA,NA,NA,0.00,NA,NA,NA
2025-08-03 03:00:00,NA,NA,NA,NA,NA,NA,NA,NA,NA,NA,NA,NA,NA,NA,NA,NA,NA,NA,NA,NA,0.00,NA,NA,NA
2025-08-03 04:00:00,NA,NA,NA,NA,NA,NA,NA,NA,NA,NA,NA,NA,NA,NA,NA,NA,NA,NA,NA,NA,0.00,NA,NA,NA
2025-08-03 05:00:00,NA,NA,NA,NA,NA,NA,NA,NA,NA,NA,NA,NA,NA,NA,NA,NA,NA,NA,NA,NA,0.00,NA,NA,NA
2025-08-03 06:00:00,NA,NA,NA,NA,NA,NA,NA,NA,NA,NA,NA,NA,NA,NA,NA,NA,NA,NA,NA,NA,0.00,NA,NA,NA
2025-08-03 07:00:00,NA,NA,NA,NA,NA,NA,NA,NA,NA,NA,NA,NA,NA,NA,NA,NA,NA,NA,NA,NA,0.00,NA,NA,NA
2025-08-03 08:00:00,NA,NA,NA,NA,NA,NA,NA,NA,NA,NA,NA,NA,NA,NA,NA,NA,NA,NA,NA,NA,0.00,NA,NA,NA
2025-08-03 09:00:00,NA,NA,NA,NA,NA,NA,NA,NA,NA,NA,NA,NA,NA,NA,NA,NA,NA,NA,NA,NA,0.00,NA,NA,NA
2025-08-03 10:00:00,NA,NA,NA,NA,NA,NA,NA,NA,NA,NA,NA,NA,NA,NA,NA,NA,NA,NA,NA,NA,0.00,NA,NA,NA
2025-08-03 11:00:00,NA,NA,NA,NA,NA,NA,NA,NA,NA,NA,NA,NA,NA,NA,NA,NA,NA,NA,NA,NA,0.00,NA,NA,NA
2025-08-03 12:00:00,NA,NA,NA,NA,NA,NA,NA,NA,NA,NA,NA,NA,NA,NA,NA,NA,NA,NA,NA,NA,0.00,NA,NA,NA
2025-08-03 13:00:00,NA,NA,NA,NA,NA,NA,NA,NA,NA,NA,NA,NA,NA,NA,NA,NA,NA,NA,NA,NA,0.00,NA,NA,NA
2025-08-03 14:00:00,NA,NA,NA,NA,NA,NA,NA,NA,NA,NA,NA,NA,NA,NA,NA,NA,NA,NA,NA,NA,0.00,NA,NA,NA
2025-08-03 15:00:00,NA,NA,NA,NA,NA,NA,NA,NA,NA,NA,NA,NA,NA,NA,NA,NA,NA,NA,NA,NA,0.00,NA,NA,NA
2025-08-03 16:00:00,NA,NA,NA,NA,NA,NA,NA,NA,NA,NA,NA,NA,NA,NA,NA,NA,NA,NA,NA,NA,0.00,NA,NA,NA
2025-08-03 17:00:00,NA,NA,NA,NA,NA,NA,NA,NA,NA,NA,NA,NA,NA,NA,NA,NA,NA,NA,NA,NA,0.00,NA,NA,NA
2025-08-03 18:00:00,NA,NA,NA,NA,NA,NA,NA,NA,NA,NA,NA,NA,NA,NA,NA,NA,NA,NA,NA,NA,0.00,NA,NA,NA
2025-08-03 19:00:00,NA,NA,NA,NA,NA,NA,NA,NA,NA,NA,NA,NA,NA,NA,NA,NA,NA,NA,NA,NA,0.00,NA,NA,NA
2025-08-03 20:00:00,NA,NA,NA,NA,NA,NA,NA,NA,NA,NA,NA,NA,NA,NA,NA,NA,NA,NA,NA,NA,0.00,NA,NA,NA
2025-08-03 21:00:00,NA,NA,NA,NA,NA,NA,NA,NA,NA,NA,NA,NA,NA,NA,NA,NA,NA,NA,NA,NA,0.00,NA,NA,NA
2025-08-03 22:00:00,NA,NA,NA,NA,NA,NA,NA,NA,NA,NA,NA,NA,NA,NA,NA,NA,NA,NA,NA,NA,0.00,NA,NA,NA
2025-08-03 23:00:00,NA,NA,NA,NA,NA,NA,NA,NA,NA,NA,NA,NA,NA,NA,NA,NA,NA,NA,NA,NA,0.00,NA,NA,NA
2025-08-04 00:00:00,NA,NA,NA,NA,NA,NA,NA,NA,NA,NA,NA,NA,NA,NA,NA,NA,NA,NA,NA,NA,0.00,NA,NA,NA
2025-08-04 01:00:00,NA,NA,NA,NA,NA,NA,NA,NA,NA,NA,NA,NA,NA,NA,NA,NA,NA,NA,NA,NA,0.00,NA,NA,NA
2025-08-04 02:00:00,NA,NA,NA,NA,NA,NA,NA,NA,NA,NA,NA,NA,NA,NA,NA,NA,NA,NA,NA,NA,0.00,NA,NA,NA
2025-08-04 03:00:00,NA,NA,NA,NA,NA,NA,NA,NA,NA,NA,NA,NA,NA,NA,NA,NA,NA,NA,NA,NA,0.00,NA,NA,NA
2025-08-04 04:00:00,NA,NA,NA,NA,NA,NA,NA,NA,NA,NA,NA,NA,NA,NA,NA,NA,NA,NA,NA,NA,0.00,NA,NA,NA
2025-08-04 05:00:00,NA,NA,NA,NA,NA,NA,NA,NA,NA,NA,NA,NA,NA,NA,NA,NA,NA,NA,NA,NA,0.00,NA,NA,NA
2025-08-04 06:00:00,NA,NA,NA,NA,NA,NA,NA,NA,NA,NA,NA,NA,NA,NA,NA,NA,NA,NA,NA,NA,0.00,NA,NA,NA
2025-08-04 07:00:00,NA,NA,NA,NA,NA,NA,NA,NA,NA,NA,NA,NA,NA,NA,NA,NA,NA,NA,NA,NA,0.00,NA,NA,NA
2025-08-04 08:00:00,NA,NA,NA,NA,NA,NA,NA,NA,NA,NA,NA,NA,NA,NA,NA,NA,NA,NA,NA,NA,0.00,NA,NA,NA
2025-08-04 09:00:00,NA,NA,NA,NA,NA,NA,NA,NA,NA,NA,NA,NA,NA,NA,NA,NA,NA,NA,NA,NA,0.00,NA,NA,NA
2025-08-04 10:00:00,NA,NA,NA,NA,NA,NA,NA,NA,NA,NA,NA,NA,NA,NA,NA,NA,NA,NA,NA,NA,0.00,NA,NA,NA
2025-08-04 11:00:00,NA,NA,NA,NA,NA,NA,NA,NA,NA,NA,NA,NA,NA,NA,NA,NA,NA,NA,NA,NA,0.00,NA,NA,NA
2025-08-04 12:00:00,NA,NA,NA,NA,NA,NA,NA,NA,NA,NA,NA,NA,NA,NA,NA,NA,NA,NA,NA,NA,0.00,NA,NA,NA
2025-08-04 13:00:00,NA,NA,NA,NA,NA,NA,NA,NA,NA,NA,NA,NA,NA,NA,NA,NA,NA,NA,NA,NA,0.00,NA,NA,NA
2025-08-04 14:00:00,NA,NA,NA,NA,NA,NA,NA,NA,NA,NA,NA,NA,NA,NA,NA,NA,NA,NA,NA,NA,0.00,NA,NA,NA
2025-08-04 15:00:00,NA,NA,NA,NA,NA,NA,NA,NA,NA,NA,NA,NA,NA,NA,NA,NA,NA,NA,NA,NA,0.00,NA,NA,NA
2025-08-04 16:00:00,NA,NA,NA,NA,NA,NA,NA,NA,NA,NA,NA,NA,NA,NA,NA,NA,NA,NA,NA,NA,0.00,NA,NA,NA
2025-08-04 17:00:00,NA,NA,NA,NA,NA,NA,NA,NA,NA,NA,NA,NA,NA,NA,NA,NA,NA,NA,NA,NA,0.00,NA,NA,NA
2025-08-04 18:00:00,NA,NA,NA,NA,NA,NA,NA,NA,NA,NA,NA,NA,NA,NA,NA,NA,NA,NA,NA,NA,0.00,NA,NA,NA
2025-08-04 19:00:00,NA,NA,NA,NA,NA,NA,NA,NA,NA,NA,NA,NA,NA,NA,NA,NA,NA,NA,NA,NA,0.00,NA,NA,NA
2025-08-04 20:00:00,NA,NA,NA,NA,NA,NA,NA,NA,NA,NA,NA,NA,NA,NA,NA,NA,NA,NA,NA,NA,0.00,NA,NA,NA
2025-08-04 21:00:00,NA,NA,NA,NA,NA,NA,NA,NA,NA,NA,NA,NA,NA,NA,NA,NA,NA,NA,NA,NA,0.00,NA,NA,NA
2025-08-04 22:00:00,NA,NA,NA,NA,NA,NA,NA,NA,NA,NA,NA,NA,NA,NA,NA,NA,NA,NA,NA,NA,0.00,NA,NA,NA
2025-08-04 23:00:00,NA,NA,NA,NA,NA,NA,NA,NA,NA,NA,NA,NA,NA,NA,NA,NA,NA,NA,NA,NA,0.00,NA,NA,NA
2025-08-05 00:00:00,NA,NA,NA,NA,NA,NA,NA,NA,NA,NA,NA,NA,NA,NA,NA,NA,NA,NA,NA,NA,0.00,NA,NA,NA
2025-08-05 01:00:00,NA,NA,NA,NA,NA,NA,NA,NA,NA,NA,NA,NA,NA,NA,NA,NA,NA,NA,NA,NA,0.00,NA,NA,NA
2025-08-05 02:00:00,NA,NA,NA,NA,NA,NA,NA,NA,NA,NA,NA,NA,NA,NA,NA,NA,NA,NA,NA,NA,0.00,NA,NA,NA
2025-08-05 03:00:00,NA,NA,NA,NA,NA,NA,NA,NA,NA,NA,NA,NA,NA,NA,NA,NA,NA,NA,NA,NA,0.00,NA,NA,NA
2025-08-05 04:00:00,NA,NA,NA,NA,NA,NA,NA,NA,NA,NA,NA,NA,NA,NA,NA,NA,NA,NA,NA,NA,0.00,NA,NA,NA
2025-08-05 05:00:00,NA,NA,NA,NA,NA,NA,NA,NA,NA,NA,NA,NA,NA,NA,NA,NA,NA,NA,NA,NA,0.00,NA,NA,NA
2025-08-05 06:00:00,NA,NA,NA,NA,NA,NA,NA,NA,NA,NA,NA,NA,NA,NA,NA,NA,NA,NA,NA,NA,0.00,NA,NA,NA
2025-08-05 07:00:00,NA,NA,NA,NA,NA,NA,NA,NA,NA,NA,NA,NA,NA,NA,NA,NA,NA,NA,NA,NA,0.00,NA,NA,NA
2025-08-05 08:00:00,NA,NA,NA,NA,NA,NA,NA,NA,NA,NA,NA,NA,NA,NA,NA,NA,NA,NA,NA,NA,0.00,NA,NA,NA
2025-08-05 09:00:00,NA,NA,NA,NA,NA,NA,NA,NA,NA,NA,NA,NA,NA,NA,NA,NA,NA,NA,NA,NA,0.00,NA,NA,NA
2025-08-05 10:00:00,NA,NA,NA,NA,NA,NA,NA,NA,NA,NA,NA,NA,NA,NA,NA,NA,NA,NA,NA,NA,0.00,NA,NA,NA
2025-08-05 11:00:00,NA,NA,NA,NA,NA,NA,NA,NA,NA,NA,NA,NA,NA,NA,NA,NA,NA,NA,NA,NA,0.00,NA,NA,NA
2025-08-05 12:00:00,NA,NA,NA,NA,NA,NA,NA,NA,NA,NA,NA,NA,NA,NA,NA,NA,NA,NA,NA,NA,0.00,NA,NA,NA
2025-08-05 13:00:00,NA,NA,NA,NA,NA,NA,NA,NA,NA,NA,NA,NA,NA,NA,NA,NA,NA,NA,NA,NA,0.00,NA,NA,NA
2025-08-05 14:00:00,NA,NA,NA,NA,NA,NA,NA,NA,NA,NA,NA,NA,NA,NA,NA,NA,NA,NA,NA,NA,0.00,NA,NA,NA
2025-08-05 15:00:00,NA,NA,NA,NA,NA,NA,NA,NA,NA,NA,NA,NA,NA,NA,NA,NA,NA,NA,NA,NA,0.00,NA,NA,NA
2025-08-05 16:00:00,NA,NA,NA,NA,NA,NA,NA,NA,NA,NA,NA,NA,NA,NA,NA,NA,NA,NA,NA,NA,0.00,NA,NA,NA
2025-08-05 17:00:00,NA,NA,NA,NA,NA,NA,NA,NA,NA,NA,NA,NA,NA,NA,NA,NA,NA,NA,NA,NA,0.00,NA,NA,NA
2025-08-05 18:00:00,NA,NA,NA,NA,NA,NA,NA,NA,NA,NA,NA,NA,NA,NA,NA,NA,NA,NA,NA,NA,0.00,NA,NA,NA
2025-08-05 19:00:00,NA,NA,NA,NA,NA,NA,NA,NA,NA,NA,NA,NA,NA,NA,NA,NA,NA,NA,NA,NA,0.00,NA,NA,NA
2025-08-05 20:00:00,NA,NA,NA,NA,NA,NA,NA,NA,NA,NA,NA,NA,NA,NA,NA,NA,NA,NA,NA,NA,0.00,NA,NA,NA
2025-08-05 21:00:00,NA,NA,NA,NA,NA,NA,NA,NA,NA,NA,NA,NA,NA,NA,NA,NA,NA,NA,NA,NA,0.00,NA,NA,NA
2025-08-05 22:00:00,NA,NA,NA,NA,NA,NA,NA,NA,NA,NA,NA,NA,NA,NA,NA,NA,NA,NA,NA,NA,0.00,NA,NA,NA
2025-08-05 23:00:00,NA,NA,NA,NA,NA,NA,NA,NA,NA,NA,NA,NA,NA,NA,NA,NA,NA,NA,NA,NA,0.00,NA,NA,NA
2025-08-06 00:00:00,NA,NA,NA,NA,NA,NA,NA,NA,NA,NA,NA,NA,NA,NA,NA,NA,NA,NA,NA,NA,0.00,NA,NA,NA
2025-08-06 01:00:00,NA,NA,NA,NA,NA,NA,NA,NA,NA,NA,NA,NA,NA,NA,NA,NA,NA,NA,NA,NA,0.00,NA,NA,NA
2025-08-06 02:00:00,NA,NA,NA,NA,NA,NA,NA,NA,NA,NA,NA,NA,NA,NA,NA,NA,NA,NA,NA,NA,0.00,NA,NA,NA
2025-08-06 03:00:00,NA,NA,NA,NA,NA,NA,NA,NA,NA,NA,NA,NA,NA,NA,NA,NA,NA,NA,NA,NA,0.00,NA,NA,NA
2025-08-06 04:00:00,NA,NA,NA,NA,NA,NA,NA,NA,NA,NA,NA,NA,NA,NA,NA,NA,NA,NA,NA,NA,0.00,NA,NA,NA
2025-08-06 05:00:00,NA,NA,NA,NA,NA,NA,NA,NA,NA,NA,NA,NA,NA,NA,NA,NA,NA,NA,NA,NA,0.00,NA,NA,NA
2025-08-06 06:00:00,NA,NA,NA,NA,NA,NA,NA,NA,NA,NA,NA,NA,NA,NA,NA,NA,NA,NA,NA,NA,0.00,NA,NA,NA
2025-08-06 07:00:00,NA,NA,NA,NA,NA,NA,NA,NA,NA,NA,NA,NA,NA,NA,NA,NA,NA,NA,NA,NA,0.00,NA,NA,NA
2025-08-06 08:00:00,NA,NA,NA,NA,NA,NA,NA,NA,NA,NA,NA,NA,NA,NA,NA,NA,NA,NA,NA,NA,0.00,NA,NA,NA
2025-08-06 09:00:00,NA,NA,NA,NA,NA,NA,NA,NA,NA,NA,NA,NA,NA,NA,NA,NA,NA,NA,NA,NA,0.00,NA,NA,NA
2025-08-06 10:00:00,NA,NA,NA,NA,NA,NA,NA,NA,NA,NA,NA,NA,NA,NA,NA,NA,NA,NA,NA,NA,0.00,NA,NA,NA
2025-08-06 11:00:00,NA,NA,NA,NA,NA,NA,NA,NA,NA,NA,NA,NA,NA,NA,NA,NA,NA,NA,NA,NA,0.00,NA,NA,NA
2025-08-06 12:00:00,NA,NA,NA,NA,NA,NA,NA,NA,NA,NA,NA,NA,NA,NA,NA,NA,NA,NA,NA,NA,0.00,NA,NA,NA
2025-08-06 13:00:00,NA,NA,NA,NA,NA,NA,NA,NA,NA,NA,NA,NA,NA,NA,NA,NA,NA,NA,NA,NA,0.00,NA,NA,NA
2025-08-06 14:00:00,NA,NA,NA,NA,NA,NA,NA,NA,NA,NA,NA,NA,NA,NA,NA,NA,NA,NA,NA,NA,0.00,NA,NA,NA
2025-08-06 15:00:00,NA,NA,NA,NA,NA,NA,NA,NA,NA,NA,NA,NA,NA,NA,NA,NA,NA,NA,NA,NA,0.00,NA,NA,NA
2025-08-06 16:00:00,NA,NA,NA,NA,NA,NA,NA,NA,NA,NA,NA,NA,NA,NA,NA,NA,NA,NA,NA,NA,0.00,NA,NA,NA
2025-08-06 17:00:00,NA,NA,NA,NA,NA,NA,NA,NA,NA,NA,NA,NA,NA,NA,NA,NA,NA,NA,NA,NA,0.00,NA,NA,NA
2025-08-06 18:00:00,NA,NA,NA,NA,NA,NA,NA,NA,NA,NA,NA,NA,NA,NA,NA,NA,NA,NA,NA,NA,0.00,NA,NA,NA
2025-08-06 19:00:00,NA,NA,NA,NA,NA,NA,NA,NA,NA,NA,NA,NA,NA,NA,NA,NA,NA,NA,NA,NA,0.00,NA,NA,NA
2025-08-06 20:00:00,NA,NA,NA,NA,NA,NA,NA,NA,NA,NA,NA,NA,NA,NA,NA,NA,NA,NA,NA,NA,0.00,NA,NA,NA
2025-08-06 21:00:00,NA,NA,NA,NA,NA,NA,NA,NA,NA,NA,NA,NA,NA,NA,NA,NA,NA,NA,NA,NA,0.00,NA,NA,NA
2025-08-06 22:00:00,NA,NA,NA,NA,NA,NA,NA,NA,NA,NA,NA,NA,NA,NA,NA,NA,NA,NA,NA,NA,0.00,NA,NA,NA
2025-08-06 23:00:00,NA,NA,NA,NA,NA,NA,NA,NA,NA,NA,NA,NA,NA,NA,NA,NA,NA,NA,NA,NA,0.00,NA,NA,NA
2025-08-07 00:00:00,NA,NA,NA,NA,NA,NA,NA,NA,NA,NA,NA,NA,NA,NA,NA,NA,NA,NA,NA,NA,0.00,NA,NA,NA
2025-08-07 01:00:00,NA,NA,NA,NA,NA,NA,NA,NA,NA,NA,NA,NA,NA,NA,NA,NA,NA,NA,NA,NA,0.00,NA,NA,NA
2025-08-07 02:00:00,NA,NA,NA,NA,NA,NA,NA,NA,NA,NA,NA,NA,NA,NA,NA,NA,NA,NA,NA,NA,0.00,NA,NA,NA
2025-08-07 03:00:00,NA,NA,NA,NA,NA,NA,NA,NA,NA,NA,NA,NA,NA,NA,NA,NA,NA,NA,NA,NA,0.00,NA,NA,NA
2025-08-07 04:00:00,NA,NA,NA,NA,NA,NA,NA,NA,NA,NA,NA,NA,NA,NA,NA,NA,NA,NA,NA,NA,0.00,NA,NA,NA
2025-08-07 05:00:00,NA,NA,NA,NA,NA,NA,NA,NA,NA,NA,NA,NA,NA,NA,NA,NA,NA,NA,NA,NA,0.00,NA,NA,NA
2025-08-07 06:00:00,NA,NA,NA,NA,NA,NA,NA,NA,NA,NA,NA,NA,NA,NA,NA,NA,NA,NA,NA,NA,0.00,NA,NA,NA
2025-08-07 07:00:00,NA,NA,NA,NA,NA,NA,NA,NA,NA,NA,NA,NA,NA,NA,NA,NA,NA,NA,NA,NA,0.00,NA,NA,NA
2025-08-07 08:00:00,NA,NA,NA,NA,NA,NA,NA,NA,NA,NA,NA,NA,NA,NA,NA,NA,NA,NA,NA,NA,0.00,NA,NA,NA
2025-08-07 09:00:00,NA,NA,NA,NA,NA,NA,NA,NA,NA,NA,NA,NA,NA,NA,NA,NA,NA,NA,NA,NA,0.00,NA,NA,NA
2025-08-07 10:00:00,NA,NA,NA,NA,NA,NA,NA,NA,NA,NA,NA,NA,NA,NA,NA,NA,NA,NA,NA,NA,0.00,NA,NA,NA
2025-08-07 11:00:00,NA,NA,NA,NA,NA,NA,NA,NA,NA,NA,NA,NA,NA,NA,NA,NA,NA,NA,NA,NA,0.00,NA,NA,NA
2025-08-07 12:00:00,NA,NA,NA,NA,NA,NA,NA,NA,NA,NA,NA,NA,NA,NA,NA,NA,NA,NA,NA,NA,0.00,NA,NA,NA
2025-08-07 13:00:00,NA,NA,NA,NA,NA,NA,NA,NA,NA,NA,NA,NA,NA,NA,NA,NA,NA,NA,NA,NA,0.00,NA,NA,NA
2025-08-07 14:00:00,NA,NA,NA,NA,NA,NA,NA,NA,NA,NA,NA,NA,NA,NA,NA,NA,NA,NA,NA,NA,0.00,NA,NA,NA
2025-08-07 15:00:00,NA,NA,NA,NA,NA,NA,NA,NA,NA,NA,NA,NA,NA,NA,NA,NA,NA,NA,NA,NA,0.00,NA,NA,NA
2025-08-07 16:00:00,NA,NA,NA,NA,NA,NA,NA,NA,NA,NA,NA,NA,NA,NA,NA,NA,NA,NA,NA,NA,0.00,NA,NA,NA
2025-08-07 17:00:00,NA,NA,NA,NA,NA,NA,NA,NA,NA,NA,NA,NA,NA,NA,NA,NA,NA,NA,NA,NA,0.00,NA,NA,NA
2025-08-07 18:00:00,NA,NA,NA,NA,NA,NA,NA,NA,NA,NA,NA,NA,NA,NA,NA,NA,NA,NA,NA,NA,0.00,NA,NA,NA
2025-08-07 19:00:00,NA,NA,NA,NA,NA,NA,NA,NA,NA,NA,NA,NA,NA,NA,NA,NA,NA,NA,NA,NA,0.00,NA,NA,NA
2025-08-07 20:00:00,NA,NA,NA,NA,NA,NA,NA,NA,NA,NA,NA,NA,NA,NA,NA,NA,NA,NA,NA,NA,0.00,NA,NA,NA
2025-08-07 21:00:00,NA,NA,NA,NA,NA,NA,NA,NA,NA,NA,NA,NA,NA,NA,NA,NA,NA,NA,NA,NA,0.00,NA,NA,NA
2025-08-07 22:00:00,NA,NA,NA,NA,NA,NA,NA,NA,NA,NA,NA,NA,NA,NA,NA,NA,NA,NA,NA,NA,0.00,NA,NA,NA
2025-08-07 23:00:00,NA,NA,NA,NA,NA,NA,NA,NA,NA,NA,NA,NA,NA,NA,NA,NA,NA,NA,NA,NA,0.00,NA,NA,NA
2025-08-08 00:00:00,NA,NA,NA,NA,NA,NA,NA,NA,NA,NA,NA,NA,NA,NA,NA,NA,NA,NA,NA,NA,0.00,NA,NA,NA
2025-08-08 01:00:00,NA,NA,NA,NA,NA,NA,NA,NA,NA,NA,NA,NA,NA,NA,NA,NA,NA,NA,NA,NA,0.00,NA,NA,NA
2025-08-08 02:00:00,NA,NA,NA,NA,NA,NA,NA,NA,NA,NA,NA,NA,NA,NA,NA,NA,NA,NA,NA,NA,0.00,NA,NA,NA
2025-08-08 03:00:00,NA,NA,NA,NA,NA,NA,NA,NA,NA,NA,NA,NA,NA,NA,NA,NA,NA,NA,NA,NA,0.00,NA,NA,NA
2025-08-08 04:00:00,NA,NA,NA,NA,NA,NA,NA,NA,NA,NA,NA,NA,NA,NA,NA,NA,NA,NA,NA,NA,0.00,NA,NA,NA
2025-08-08 05:00:00,NA,NA,NA,NA,NA,NA,NA,NA,NA,NA,NA,NA,NA,NA,NA,NA,NA,NA,NA,NA,0.00,NA,NA,NA
2025-08-08 06:00:00,NA,NA,NA,NA,NA,NA,NA,NA,NA,NA,NA,NA,NA,NA,NA,NA,NA,NA,NA,NA,0.00,NA,NA,NA
2025-08-08 07:00:00,NA,NA,NA,NA,NA,NA,NA,NA,NA,NA,NA,NA,NA,NA,NA,NA,NA,NA,NA,NA,0.00,NA,NA,NA
2025-08-08 08:00:00,NA,NA,NA,NA,NA,NA,NA,NA,NA,NA,NA,NA,NA,NA,NA,NA,NA,NA,NA,NA,0.00,NA,NA,NA
2025-08-08 09:00:00,NA,NA,NA,NA,NA,NA,NA,NA,NA,NA,NA,NA,NA,NA,NA,NA,NA,NA,NA,NA,0.00,NA,NA,NA
2025-08-08 10:00:00,NA,NA,NA,NA,NA,NA,NA,NA,NA,NA,NA,NA,NA,NA,NA,NA,NA,NA,NA,NA,0.00,NA,NA,NA
2025-08-08 11:00:00,NA,NA,NA,NA,NA,NA,NA,NA,NA,NA,NA,NA,NA,NA,NA,NA,NA,NA,NA,NA,0.00,NA,NA,NA
2025-08-08 12:00:00,NA,NA,NA,NA,NA,NA,NA,NA,NA,NA,NA,NA,NA,NA,NA,NA,NA,NA,NA,NA,0.00,NA,NA,NA
2025-08-08 13:00:00,NA,NA,NA,NA,NA,NA,NA,NA,NA,NA,NA,NA,NA,NA,NA,NA,NA,NA,NA,NA,0.00,NA,NA,NA
2025-08-08 14:00:00,NA,NA,NA,NA,NA,NA,NA,NA,NA,NA,NA,NA,NA,NA,NA,NA,NA,NA,NA,NA,0.00,NA,NA,NA
2025-08-08 15:00:00,NA,NA,NA,NA,NA,NA,NA,NA,NA,NA,NA,NA,NA,NA,NA,NA,NA,NA,NA,NA,0.00,NA,NA,NA
2025-08-08 16:00:00,NA,NA,NA,NA,NA,NA,NA,NA,NA,NA,NA,NA,NA,NA,NA,NA,NA,NA,NA,NA,0.00,NA,NA,NA
2025-08-08 17:00:00,NA,NA,NA,NA,NA,NA,NA,NA,NA,NA,NA,NA,NA,NA,NA,NA,NA,NA,NA,NA,0.00,NA,NA,NA
2025-08-08 18:00:00,NA,NA,NA,NA,NA,NA,NA,NA,NA,NA,NA,NA,NA,NA,NA,NA,NA,NA,NA,NA,0.00,NA,NA,NA
2025-08-08 19:00:00,NA,NA,NA,NA,NA,NA,NA,NA,NA,NA,NA,NA,NA,NA,NA,NA,NA,NA,NA,NA,0.00,NA,NA,NA
2025-08-08 20:00:00,NA,NA,NA,NA,NA,NA,NA,NA,NA,NA,NA,NA,NA,NA,NA,NA,NA,NA,NA,NA,0.00,NA,NA,NA
2025-08-08 21:00:00,NA,NA,NA,NA,NA,NA,NA,NA,NA,NA,NA,NA,NA,NA,NA,NA,NA,NA,NA,NA,0.00,NA,NA,NA
2025-08-08 22:00:00,NA,NA,NA,NA,NA,NA,NA,NA,NA,NA,NA,NA,NA,NA,NA,NA,NA,NA,NA,NA,0.00,NA,NA,NA
2025-08-08 23:00:00,NA,NA,NA,NA,NA,NA,NA,NA,NA,NA,NA,NA,NA,NA,NA,NA,NA,NA,NA,NA,0.00,NA,NA,NA
2025-08-09 00:00:00,NA,NA,NA,NA,NA,NA,NA,NA,NA,NA,NA,NA,NA,NA,NA,NA,NA,NA,NA,NA,0.00,NA,NA,NA
2025-08-09 01:00:00,NA,NA,NA,NA,NA,NA,NA,NA,NA,NA,NA,NA,NA,NA,NA,NA,NA,NA,NA,NA,0.00,NA,NA,NA
2025-08-09 02:00:00,NA,NA,NA,NA,NA,NA,NA,NA,NA,NA,NA,NA,NA,NA,NA,NA,NA,NA,NA,NA,0.00,NA,NA,NA
2025-08-09 03:00:00,NA,NA,NA,NA,NA,NA,NA,NA,NA,NA,NA,NA,NA,NA,NA,NA,NA,NA,NA,NA,0.00,NA,NA,NA
2025-08-09 04:00:00,NA,NA,NA,NA,NA,NA,NA,NA,NA,NA,NA,NA,NA,NA,NA,NA,NA,NA,NA,NA,0.00,NA,NA,NA
2025-08-09 05:00:00,NA,NA,NA,NA,NA,NA,NA,NA,NA,NA,NA,NA,NA,NA,NA,NA,NA,NA,NA,NA,0.00,NA,NA,NA
2025-08-09 06:00:00,NA,NA,NA,NA,NA,NA,NA,NA,NA,NA,NA,NA,NA,NA,NA,NA,NA,NA,NA,NA,0.00,NA,NA,NA
2025-08-09 07:00:00,NA,NA,NA,NA,NA,NA,NA,NA,NA,NA,NA,NA,NA,NA,NA,NA,NA,NA,NA,NA,0.00,NA,NA,NA
2025-08-09 08:00:00,NA,NA,NA,NA,NA,NA,NA,NA,NA,NA,NA,NA,NA,NA,NA,NA,NA,NA,NA,NA,0.00,NA,NA,NA
2025-08-09 09:00:00,NA,NA,NA,NA,NA,NA,NA,NA,NA,NA,NA,NA,NA,NA,NA,NA,NA,NA,NA,NA,0.00,NA,NA,NA
2025-08-09 10:00:00,NA,NA,NA,NA,NA,NA,NA,NA,NA,NA,NA,NA,NA,NA,NA,NA,NA,NA,NA,NA,0.00,NA,NA,NA
2025-08-09 11:00:00,NA,NA,NA,NA,NA,NA,NA,NA,NA,NA,NA,NA,NA,NA,NA,NA,NA,NA,NA,NA,0.00,NA,NA,NA
2025-08-09 12:00:00,NA,NA,NA,NA,NA,NA,NA,NA,NA,NA,NA,NA,NA,NA,NA,NA,NA,NA,NA,NA,0.00,NA,NA,NA
2025-08-09 13:00:00,NA,NA,NA,NA,NA,NA,NA,NA,NA,NA,NA,NA,NA,NA,NA,NA,NA,NA,NA,NA,0.00,NA,NA,NA
2025-08-09 14:00:00,NA,NA,NA,NA,NA,NA,NA,NA,NA,NA,NA,NA,NA,NA,NA,NA,NA,NA,NA,NA,0.00,NA,NA,NA
2025-08-09 15:00:00,NA,NA,NA,NA,NA,NA,NA,NA,NA,NA,NA,NA,NA,NA,NA,NA,NA,NA,NA,NA,0.00,NA,NA,NA
2025-08-09 16:00:00,NA,NA,NA,NA,NA,NA,NA,NA,NA,NA,NA,NA,NA,NA,NA,NA,NA,NA,NA,NA,0.00,NA,NA,NA
2025-08-09 17:00:00,NA,NA,NA,NA,NA,NA,NA,NA,NA,NA,NA,NA,NA,NA,NA,NA,NA,NA,NA,NA,0.00,NA,NA,NA
2025-08-09 18:00:00,NA,NA,NA,NA,NA,NA,NA,NA,NA,NA,NA,NA,NA,NA,NA,NA,NA,NA,NA,NA,0.00,NA,NA,NA
2025-08-09 19:00:00,NA,NA,NA,NA,NA,NA,NA,NA,NA,NA,NA,NA,NA,NA,NA,NA,NA,NA,NA,NA,0.00,NA,NA,NA
2025-08-09 20:00:00,NA,NA,NA,NA,NA,NA,NA,NA,NA,NA,NA,NA,NA,NA,NA,NA,NA,NA,NA,NA,0.00,NA,NA,NA
2025-08-09 21:00:00,NA,NA,NA,NA,NA,NA,NA,NA,NA,NA,NA,NA,NA,NA,NA,NA,NA,NA,NA,NA,0.00,NA,NA,NA
2025-08-09 22:00:00,NA,NA,NA,NA,NA,NA,NA,NA,NA,NA,NA,NA,NA,NA,NA,NA,NA,NA,NA,NA,0.00,NA,NA,NA
2025-08-09 23:00:00,NA,NA,NA,NA,NA,NA,NA,NA,NA,NA,NA,NA,NA,NA,NA,NA,NA,NA,NA,NA,0.00,NA,NA,NA
2025-08-10 00:00:00,NA,NA,NA,NA,NA,NA,NA,NA,NA,NA,NA,NA,NA,NA,NA,NA,NA,NA,NA,NA,0.00,NA,NA,NA
2025-08-10 01:00:00,NA,NA,NA,NA,NA,NA,NA,NA,NA,NA,NA,NA,NA,NA,NA,NA,NA,NA,NA,NA,0.00,NA,NA,NA
2025-08-10 02:00:00,NA,NA,NA,NA,NA,NA,NA,NA,NA,NA,NA,NA,NA,NA,NA,NA,NA,NA,NA,NA,0.00,NA,NA,NA
2025-08-10 03:00:00,NA,NA,NA,NA,NA,NA,NA,NA,NA,NA,NA,NA,NA,NA,NA,NA,NA,NA,NA,NA,0.00,NA,NA,NA
2025-08-10 04:00:00,NA,NA,NA,NA,NA,NA,NA,NA,NA,NA,NA,NA,NA,NA,NA,NA,NA,NA,NA,NA,0.00,NA,NA,NA
2025-08-10 05:00:00,NA,NA,NA,NA,NA,NA,NA,NA,NA,NA,NA,NA,NA,NA,NA,NA,NA,NA,NA,NA,0.00,NA,NA,NA
2025-08-10 06:00:00,NA,NA,NA,NA,NA,NA,NA,NA,NA,NA,NA,NA,NA,NA,NA,NA,NA,NA,NA,NA,0.00,NA,NA,NA
2025-08-10 07:00:00,NA,NA,NA,NA,NA,NA,NA,NA,NA,NA,NA,NA,NA,NA,NA,NA,NA,NA,NA,NA,0.00,NA,NA,NA
2025-08-10 08:00:00,NA,NA,NA,NA,NA,NA,NA,NA,NA,NA,NA,NA,NA,NA,NA,NA,NA,NA,NA,NA,0.00,NA,NA,NA
2025-08-10 09:00:00,NA,NA,NA,NA,NA,NA,NA,NA,NA,NA,NA,NA,NA,NA,NA,NA,NA,NA,NA,NA,0.00,NA,NA,NA
2025-08-10 10:00:00,NA,NA,NA,NA,NA,NA,NA,NA,NA,NA,NA,NA,NA,NA,NA,NA,NA,NA,NA,NA,0.00,NA,NA,NA
2025-08-10 11:00:00,NA,NA,NA,NA,NA,NA,NA,NA,NA,NA,NA,NA,NA,NA,NA,NA,NA,NA,NA,NA,0.00,NA,NA,NA
2025-08-10 12:00:00,NA,NA,NA,NA,NA,NA,NA,NA,NA,NA,NA,NA,NA,NA,NA,NA,NA,NA,NA,NA,0.00,NA,NA,NA
2025-08-10 13:00:00,NA,NA,NA,NA,NA,NA,NA,NA,NA,NA,NA,NA,NA,NA,NA,NA,NA,NA,NA,NA,0.00,NA,NA,NA
2025-08-10 14:00:00,NA,NA,NA,NA,NA,NA,NA,NA,NA,NA,NA,NA,NA,NA,NA,NA,NA,NA,NA,NA,0.00,NA,NA,NA
2025-08-10 15:00:00,NA,NA,NA,NA,NA,NA,NA,NA,NA,NA,NA,NA,NA,NA,NA,NA,NA,NA,NA,NA,0.00,NA,NA,NA
2025-08-10 16:00:00,NA,NA,NA,NA,NA,NA,NA,NA,NA,NA,NA,NA,NA,NA,NA,NA,NA,NA,NA,NA,0.00,NA,NA,NA
2025-08-10 17:00:00,NA,NA,NA,NA,NA,NA,NA,NA,NA,NA,NA,NA,NA,NA,NA,NA,NA,NA,NA,NA,0.00,NA,NA,NA
2025-08-10 18:00:00,NA,NA,NA,NA,NA,NA,NA,NA,NA,NA,NA,NA,NA,NA,NA,NA,NA,NA,NA,NA,0.00,NA,NA,NA
2025-08-10 19:00:00,NA,NA,NA,NA,NA,NA,NA,NA,NA,NA,NA,NA,NA,NA,NA,NA,NA,NA,NA,NA,0.00,NA,NA,NA
2025-08-10 20:00:00,NA,NA,NA,NA,NA,NA,NA,NA,NA,NA,NA,NA,NA,NA,NA,NA,NA,NA,NA,NA,0.00,NA,NA,NA
2025-08-10 21:00:00,NA,NA,NA,NA,NA,NA,NA,NA,NA,NA,NA,NA,NA,NA,NA,NA,NA,NA,NA,NA,0.00,NA,NA,NA
2025-08-10 22:00:00,NA,NA,NA,NA,NA,NA,NA,NA,NA,NA,NA,NA,NA,NA,NA,NA,NA,NA,NA,NA,0.00,NA,NA,NA
2025-08-10 23:00:00,NA,NA,NA,NA,NA,NA,NA,NA,NA,NA,NA,NA,NA,NA,NA,NA,NA,NA,NA,NA,0.00,NA,NA,NA
2025-08-11 00:00:00,NA,NA,NA,NA,NA,NA,NA,NA,NA,NA,NA,NA,NA,NA,NA,NA,NA,NA,NA,NA,0.00,NA,NA,NA
2025-08-11 01:00:00,NA,NA,NA,NA,NA,NA,NA,NA,NA,NA,NA,NA,NA,NA,NA,NA,NA,NA,NA,NA,0.00,NA,NA,NA
2025-08-11 02:00:00,NA,NA,NA,NA,NA,NA,NA,NA,NA,NA,NA,NA,NA,NA,NA,NA,NA,NA,NA,NA,0.00,NA,NA,NA
2025-08-11 03:00:00,NA,NA,NA,NA,NA,NA,NA,NA,NA,NA,NA,NA,NA,NA,NA,NA,NA,NA,NA,NA,0.00,NA,NA,NA
2025-08-11 04:00:00,NA,NA,NA,NA,NA,NA,NA,NA,NA,NA,NA,NA,NA,NA,NA,NA,NA,NA,NA,NA,0.00,NA,NA,NA
2025-08-11 05:00:00,NA,NA,NA,NA,NA,NA,NA,NA,NA,NA,NA,NA,NA,NA,NA,NA,NA,NA,NA,NA,0.00,NA,NA,NA
2025-08-11 06:00:00,NA,NA,NA,NA,NA,NA,NA,NA,NA,NA,NA,NA,NA,NA,NA,NA,NA,NA,NA,NA,0.00,NA,NA,NA
2025-08-11 07:00:00,NA,NA,NA,NA,NA,NA,NA,NA,NA,NA,NA,NA,NA,NA,NA,NA,NA,NA,NA,NA,0.00,NA,NA,NA
2025-08-11 08:00:00,NA,NA,NA,NA,NA,NA,NA,NA,NA,NA,NA,NA,NA,NA,NA,NA,NA,NA,NA,NA,0.00,NA,NA,NA
2025-08-11 09:00:00,NA,NA,NA,NA,NA,NA,NA,NA,NA,NA,NA,NA,NA,NA,NA,NA,NA,NA,NA,NA,0.00,NA,NA,NA
2025-08-11 10:00:00,NA,NA,NA,NA,NA,NA,NA,NA,NA,NA,NA,NA,NA,NA,NA,NA,NA,NA,NA,NA,0.00,NA,NA,NA
2025-08-11 11:00:00,NA,NA,NA,NA,NA,NA,NA,NA,NA,NA,NA,NA,NA,NA,NA,NA,NA,NA,NA,NA,0.00,NA,NA,NA
2025-08-11 12:00:00,NA,NA,NA,NA,NA,NA,NA,NA,NA,NA,NA,NA,NA,NA,NA,NA,NA,NA,NA,NA,0.00,NA,NA,NA
2025-08-11 13:00:00,NA,NA,NA,NA,NA,NA,NA,NA,NA,NA,NA,NA,NA,NA,NA,NA,NA,NA,NA,NA,0.00,NA,NA,NA
2025-08-11 14:00:00,NA,NA,NA,NA,NA,NA,NA,NA,NA,NA,NA,NA,NA,NA,NA,NA,NA,NA,NA,NA,0.00,NA,NA,NA
2025-08-11 15:00:00,NA,NA,NA,NA,NA,NA,NA,NA,NA,NA,NA,NA,NA,NA,NA,NA,NA,NA,NA,NA,0.00,NA,NA,NA
2025-08-11 16:00:00,NA,NA,NA,NA,NA,NA,NA,NA,NA,NA,NA,NA,NA,NA,NA,NA,NA,NA,NA,NA,0.00,NA,NA,NA
2025-08-11 17:00:00,NA,NA,NA,NA,NA,NA,NA,NA,NA,NA,NA,NA,NA,NA,NA,NA,NA,NA,NA,NA,0.00,NA,NA,NA
2025-08-11 18:00:00,NA,NA,NA,NA,NA,NA,NA,NA,NA,NA,NA,NA,NA,NA,NA,NA,NA,NA,NA,NA,0.00,NA,NA,NA
2025-08-11 19:00:00,NA,NA,NA,NA,NA,NA,NA,NA,NA,NA,NA,NA,NA,NA,NA,NA,NA,NA,NA,NA,0.00,NA,NA,NA
2025-08-11 20:00:00,NA,NA,NA,NA,NA,NA,NA,NA,NA,NA,NA,NA,NA,NA,NA,NA,NA,NA,NA,NA,0.00,NA,NA,NA
2025-08-11 21:00:00,NA,NA,NA,NA,NA,NA,NA,NA,NA,NA,NA,NA,NA,NA,NA,NA,NA,NA,NA,NA,0.00,NA,NA,NA
2025-08-11 22:00:00,NA,NA,NA,NA,NA,NA,NA,NA,NA,NA,NA,NA,NA,NA,NA,NA,NA,NA,NA,NA,0.00,NA,NA,NA
2025-08-11 23:00:00,NA,NA,NA,NA,NA,NA,NA,NA,NA,NA,NA,NA,NA,NA,NA,NA,NA,NA,NA,NA,0.00,NA,NA,NA
2025-08-12 00:00:00,NA,NA,NA,NA,NA,NA,NA,NA,NA,NA,NA,NA,NA,NA,NA,NA,NA,NA,NA,NA,0.00,NA,NA,NA
2025-08-12 01:00:00,NA,NA,NA,NA,NA,NA,NA,NA,NA,NA,NA,NA,NA,NA,NA,NA,NA,NA,NA,NA,0.00,NA,NA,NA
2025-08-12 02:00:00,NA,NA,NA,NA,NA,NA,NA,NA,NA,NA,NA,NA,NA,NA,NA,NA,NA,NA,NA,NA,0.00,NA,NA,NA
2025-08-12 03:00:00,NA,NA,NA,NA,NA,NA,NA,NA,NA,NA,NA,NA,NA,NA,NA,NA,NA,NA,NA,NA,0.00,NA,NA,NA
2025-08-12 04:00:00,NA,NA,NA,NA,NA,NA,NA,NA,NA,NA,NA,NA,NA,NA,NA,NA,NA,NA,NA,NA,0.00,NA,NA,NA
2025-08-12 05:00:00,NA,NA,NA,NA,NA,NA,NA,NA,NA,NA,NA,NA,NA,NA,NA,NA,NA,NA,NA,NA,0.00,NA,NA,NA
2025-08-12 06:00:00,NA,NA,NA,NA,NA,NA,NA,NA,NA,NA,NA,NA,NA,NA,NA,NA,NA,NA,NA,NA,0.00,NA,NA,NA
2025-08-12 07:00:00,NA,NA,NA,NA,NA,NA,NA,NA,NA,NA,NA,NA,NA,NA,NA,NA,NA,NA,NA,NA,0.00,NA,NA,NA
2025-08-12 08:00:00,NA,NA,NA,NA,NA,NA,NA,NA,NA,NA,NA,NA,NA,NA,NA,NA,NA,NA,NA,NA,0.00,NA,NA,NA
2025-08-12 09:00:00,NA,NA,NA,NA,NA,NA,NA,NA,NA,NA,NA,NA,NA,NA,NA,NA,NA,NA,NA,NA,0.00,NA,NA,NA
2025-08-12 10:00:00,NA,NA,NA,NA,NA,NA,NA,NA,NA,NA,NA,NA,NA,NA,NA,NA,NA,NA,NA,NA,0.00,NA,NA,NA
2025-08-12 11:00:00,NA,NA,NA,NA,NA,NA,NA,NA,NA,NA,NA,NA,NA,NA,NA,NA,NA,NA,NA,NA,0.00,NA,NA,NA
2025-08-12 12:00:00,NA,NA,NA,NA,NA,NA,NA,NA,NA,NA,NA,NA,NA,NA,NA,NA,NA,NA,NA,NA,0.00,NA,NA,NA
2025-08-12 13:00:00,NA,NA,NA,NA,NA,NA,NA,NA,NA,NA,NA,NA,NA,NA,NA,NA,NA,NA,NA,NA,0.00,NA,NA,NA
2025-08-12 14:00:00,NA,NA,NA,NA,NA,NA,NA,NA,NA,NA,NA,NA,NA,NA,NA,NA,NA,NA,NA,NA,0.00,NA,NA,NA
2025-08-12 15:00:00,NA,NA,NA,NA,NA,NA,NA,NA,NA,NA,NA,NA,NA,NA,NA,NA,NA,NA,NA,NA,0.00,NA,NA,NA
2025-08-12 16:00:00,NA,NA,NA,NA,NA,NA,NA,NA,NA,NA,NA,NA,NA,NA,NA,NA,NA,NA,NA,NA,0.00,NA,NA,NA
2025-08-12 17:00:00,NA,NA,NA,NA,NA,NA,NA,NA,NA,NA,NA,NA,NA,NA,NA,NA,NA,NA,NA,NA,0.00,NA,NA,NA
2025-08-12 18:00:00,NA,NA,NA,NA,NA,NA,NA,NA,NA,NA,NA,NA,NA,NA,NA,NA,NA,NA,NA,NA,0.00,NA,NA,NA
2025-08-12 19:00:00,NA,NA,NA,NA,NA,NA,NA,NA,NA,NA,NA,NA,NA,NA,NA,NA,NA,NA,NA,NA,0.00,NA,NA,NA
2025-08-12 20:00:00,NA,NA,NA,NA,NA,NA,NA,NA,NA,NA,NA,NA,NA,NA,NA,NA,NA,NA,NA,NA,0.00,NA,NA,NA
2025-08-12 21:00:00,NA,NA,NA,NA,NA,NA,NA,NA,NA,NA,NA,NA,NA,NA,NA,NA,NA,NA,NA,NA,0.00,NA,NA,NA
2025-08-12 22:00:00,NA,NA,NA,NA,NA,NA,NA,NA,NA,NA,NA,NA,NA,NA,NA,NA,NA,NA,NA,NA,0.00,NA,NA,NA
2025-08-12 23:00:00,NA,NA,NA,NA,NA,NA,NA,NA,NA,NA,NA,NA,NA,NA,NA,NA,NA,NA,NA,NA,0.00,NA,NA,NA
2025-08-13 00:00:00,NA,NA,NA,NA,NA,NA,NA,NA,NA,NA,NA,NA,NA,NA,NA,NA,NA,NA,NA,NA,0.00,NA,NA,NA
2025-08-13 01:00:00,NA,NA,NA,NA,NA,NA,NA,NA,NA,NA,NA,NA,NA,NA,NA,NA,NA,NA,NA,NA,0.00,NA,NA,NA
2025-08-13 02:00:00,NA,NA,NA,NA,NA,NA,NA,NA,NA,NA,NA,NA,NA,NA,NA,NA,NA,NA,NA,NA,0.00,NA,NA,NA
2025-08-13 03:00:00,NA,NA,NA,NA,NA,NA,NA,NA,NA,NA,NA,NA,NA,NA,NA,NA,NA,NA,NA,NA,0.00,NA,NA,NA
2025-08-13 04:00:00,NA,NA,NA,NA,NA,NA,NA,NA,NA,NA,NA,NA,NA,NA,NA,NA,NA,NA,NA,NA,0.00,NA,NA,NA
2025-08-13 05:00:00,NA,NA,NA,NA,NA,NA,NA,NA,NA,NA,NA,NA,NA,NA,NA,NA,NA,NA,NA,NA,0.00,NA,NA,NA
2025-08-13 06:00:00,NA,NA,NA,NA,NA,NA,NA,NA,NA,NA,NA,NA,NA,NA,NA,NA,NA,NA,NA,NA,0.00,NA,NA,NA
2025-08-13 07:00:00,NA,NA,NA,NA,NA,NA,NA,NA,NA,NA,NA,NA,NA,NA,NA,NA,NA,NA,NA,NA,0.00,NA,NA,NA
2025-08-13 08:00:00,NA,NA,NA,NA,NA,NA,NA,NA,NA,NA,NA,NA,NA,NA,NA,NA,NA,NA,NA,NA,0.00,NA,NA,NA
2025-08-13 09:00:00,NA,NA,NA,NA,NA,NA,NA,NA,NA,NA,NA,NA,NA,NA,NA,NA,NA,NA,NA,NA,0.00,NA,NA,NA
2025-08-13 10:00:00,NA,NA,NA,NA,NA,NA,NA,NA,NA,NA,NA,NA,NA,NA,NA,NA,NA,NA,NA,NA,0.00,NA,NA,NA
2025-08-13 11:00:00,NA,NA,NA,NA,NA,NA,NA,NA,NA,NA,NA,NA,NA,NA,NA,NA,NA,NA,NA,NA,0.00,NA,NA,NA
2025-08-13 12:00:00,NA,NA,NA,NA,NA,NA,NA,NA,NA,NA,NA,NA,NA,NA,NA,NA,NA,NA,NA,NA,0.00,NA,NA,NA
2025-08-13 13:00:00,NA,NA,NA,NA,NA,NA,NA,NA,NA,NA,NA,NA,NA,NA,NA,NA,NA,NA,NA,NA,0.00,NA,NA,NA
2025-08-13 14:00:00,NA,NA,NA,NA,NA,NA,NA,NA,NA,NA,NA,NA,NA,NA,NA,NA,NA,NA,NA,NA,0.00,NA,NA,NA
2025-08-13 15:00:00,NA,NA,NA,NA,NA,NA,NA,NA,NA,NA,NA,NA,NA,NA,NA,NA,NA,NA,NA,NA,0.00,NA,NA,NA
2025-08-13 16:00:00,NA,NA,NA,NA,NA,NA,NA,NA,NA,NA,NA,NA,NA,NA,NA,NA,NA,NA,NA,NA,0.00,NA,NA,NA
2025-08-13 17:00:00,NA,NA,NA,NA,NA,NA,NA,NA,NA,NA,NA,NA,NA,NA,NA,NA,NA,NA,NA,NA,0.00,NA,NA,NA
2025-08-13 18:00:00,NA,NA,NA,NA,NA,NA,NA,NA,NA,NA,NA,NA,NA,NA,NA,NA,NA,NA,NA,NA,0.00,NA,NA,NA
2025-08-13 19:00:00,NA,NA,NA,NA,NA,NA,NA,NA,NA,NA,NA,NA,NA,NA,NA,NA,NA,NA,NA,NA,0.00,NA,NA,NA
2025-08-13 20:00:00,NA,NA,NA,NA,NA,NA,NA,NA,NA,NA,NA,NA,NA,NA,NA,NA,NA,NA,NA,NA,0.00,NA,NA,NA
2025-08-13 21:00:00,NA,NA,NA,NA,NA,NA,NA,NA,NA,NA,NA,NA,NA,NA,NA,NA,NA,NA,NA,NA,0.00,NA,NA,NA
2025-08-13 22:00:00,NA,NA,NA,NA,NA,NA,NA,NA,NA,NA,NA,NA,NA,NA,NA,NA,NA,NA,NA,NA,0.00,NA,NA,NA
2025-08-13 23:00:00,NA,NA,NA,NA,NA,NA,NA,NA,NA,NA,NA,NA,NA,NA,NA,NA,NA,NA,NA,NA,0.00,NA,NA,NA
2025-08-14 00:00:00,NA,NA,NA,NA,NA,NA,NA,NA,NA,NA,NA,NA,NA,NA,NA,NA,NA,NA,NA,NA,0.00,NA,NA,NA
2025-08-14 01:00:00,NA,NA,NA,NA,NA,NA,NA,NA,NA,NA,NA,NA,NA,NA,NA,NA,NA,NA,NA,NA,0.00,NA,NA,NA
2025-08-14 02:00:00,NA,NA,NA,NA,NA,NA,NA,NA,NA,NA,NA,NA,NA,NA,NA,NA,NA,NA,NA,NA,0.00,NA,NA,NA
2025-08-14 03:00:00,NA,NA,NA,NA,NA,NA,NA,NA,NA,NA,NA,NA,NA,NA,NA,NA,NA,NA,NA,NA,0.00,NA,NA,NA
2025-08-14 04:00:00,NA,NA,NA,NA,NA,NA,NA,NA,NA,NA,NA,NA,NA,NA,NA,NA,NA,NA,NA,NA,0.00,NA,NA,NA
2025-08-14 05:00:00,NA,NA,NA,NA,NA,NA,NA,NA,NA,NA,NA,NA,NA,NA,NA,NA,NA,NA,NA,NA,0.00,NA,NA,NA
2025-08-14 06:00:00,NA,NA,NA,NA,NA,NA,NA,NA,NA,NA,NA,NA,NA,NA,NA,NA,NA,NA,NA,NA,0.00,NA,NA,NA
2025-08-14 07:00:00,NA,NA,NA,NA,NA,NA,NA,NA,NA,NA,NA,NA,NA,NA,NA,NA,NA,NA,NA,NA,0.00,NA,NA,NA
2025-08-14 08:00:00,NA,NA,NA,NA,NA,NA,NA,NA,NA,NA,NA,NA,NA,NA,NA,NA,NA,NA,NA,NA,0.00,NA,NA,NA
2025-08-14 09:00:00,NA,NA,NA,NA,NA,NA,NA,NA,NA,NA,NA,NA,NA,NA,NA,NA,NA,NA,NA,NA,0.00,NA,NA,NA
2025-08-14 10:00:00,NA,NA,NA,NA,NA,NA,NA,NA,NA,NA,NA,NA,NA,NA,NA,NA,NA,NA,NA,NA,0.00,NA,NA,NA
2025-08-14 11:00:00,NA,NA,NA,NA,NA,NA,NA,NA,NA,NA,NA,NA,NA,NA,NA,NA,NA,NA,NA,NA,0.00,NA,NA,NA
2025-08-14 12:00:00,NA,NA,NA,NA,NA,NA,NA,NA,NA,NA,NA,NA,NA,NA,NA,NA,NA,NA,NA,NA,0.00,NA,NA,NA
2025-08-14 13:00:00,NA,NA,NA,NA,NA,NA,NA,NA,NA,NA,NA,NA,NA,NA,NA,NA,NA,NA,NA,NA,0.00,NA,NA,NA
2025-08-14 14:00:00,NA,NA,NA,NA,NA,NA,NA,NA,NA,NA,NA,NA,NA,NA,NA,NA,NA,NA,NA,NA,0.00,NA,NA,NA
2025-08-14 15:00:00,NA,NA,NA,NA,NA,NA,NA,NA,NA,NA,NA,NA,NA,NA,NA,NA,NA,NA,NA,NA,0.00,NA,NA,NA
2025-08-14 16:00:00,NA,NA,NA,NA,NA,NA,NA,NA,NA,NA,NA,NA,NA,NA,NA,NA,NA,NA,NA,NA,0.00,NA,NA,NA
2025-08-14 17:00:00,NA,NA,NA,NA,NA,NA,NA,NA,NA,NA,NA,NA,NA,NA,NA,NA,NA,NA,NA,NA,0.00,NA,NA,NA
2025-08-14 18:00:00,NA,NA,NA,NA,NA,NA,NA,NA,NA,NA,NA,NA,NA,NA,NA,NA,NA,NA,NA,NA,0.00,NA,NA,NA
2025-08-14 19:00:00,NA,NA,NA,NA,NA,NA,NA,NA,NA,NA,NA,NA,NA,NA,NA,NA,NA,NA,NA,NA,0.00,NA,NA,NA
2025-08-14 20:00:00,NA,NA,NA,NA,NA,NA,NA,NA,NA,NA,NA,NA,NA,NA,NA,NA,NA,NA,NA,NA,0.00,NA,NA,NA
2025-08-14 21:00:00,NA,NA,NA,NA,NA,NA,NA,NA,NA,NA,NA,NA,NA,NA,NA,NA,NA,NA,NA,NA,0.00,NA,NA,NA
2025-08-14 22:00:00,NA,NA,NA,NA,NA,NA,NA,NA,NA,NA,NA,NA,NA,NA,NA,NA,NA,NA,NA,NA,0.00,NA,NA,NA
2025-08-14 23:00:00,NA,NA,NA,NA,NA,NA,NA,NA,NA,NA,NA,NA,NA,NA,NA,NA,NA,NA,NA,NA,0.00,NA,NA,NA
2025-08-15 00:00:00,NA,NA,NA,NA,NA,NA,NA,NA,NA,NA,NA,NA,NA,NA,NA,NA,NA,NA,NA,NA,0.00,NA,NA,NA
2025-08-15 01:00:00,NA,NA,NA,NA,NA,NA,NA,NA,NA,NA,NA,NA,NA,NA,NA,NA,NA,NA,NA,NA,0.00,NA,NA,NA
2025-08-15 02:00:00,NA,NA,NA,NA,NA,NA,NA,NA,NA,NA,NA,NA,NA,NA,NA,NA,NA,NA,NA,NA,0.00,NA,NA,NA
2025-08-15 03:00:00,NA,NA,NA,NA,NA,NA,NA,NA,NA,NA,NA,NA,NA,NA,NA,NA,NA,NA,NA,NA,0.00,NA,NA,NA
2025-08-15 04:00:00,NA,NA,NA,NA,NA,NA,NA,NA,NA,NA,NA,NA,NA,NA,NA,NA,NA,NA,NA,NA,0.00,NA,NA,NA
2025-08-15 05:00:00,NA,NA,NA,NA,NA,NA,NA,NA,NA,NA,NA,NA,NA,NA,NA,NA,NA,NA,NA,NA,0.00,NA,NA,NA
2025-08-15 06:00:00,NA,NA,NA,NA,NA,NA,NA,NA,NA,NA,NA,NA,NA,NA,NA,NA,NA,NA,NA,NA,0.00,NA,NA,NA
2025-08-15 07:00:00,NA,NA,NA,NA,NA,NA,NA,NA,NA,NA,NA,NA,NA,NA,NA,NA,NA,NA,NA,NA,0.00,NA,NA,NA
2025-08-15 08:00:00,NA,NA,NA,NA,NA,NA,NA,NA,NA,NA,NA,NA,NA,NA,NA,NA,NA,NA,NA,NA,0.00,NA,NA,NA
2025-08-15 09:00:00,NA,NA,NA,NA,NA,NA,NA,NA,NA,NA,NA,NA,NA,NA,NA,NA,NA,NA,NA,NA,0.00,NA,NA,NA
2025-08-15 10:00:00,NA,NA,NA,NA,NA,NA,NA,NA,NA,NA,NA,NA,NA,NA,NA,NA,NA,NA,NA,NA,0.00,NA,NA,NA
2025-08-15 11:00:00,NA,NA,NA,NA,NA,NA,NA,NA,NA,NA,NA,NA,NA,NA,NA,NA,NA,NA,NA,NA,0.00,NA,NA,NA
2025-08-15 12:00:00,NA,NA,NA,NA,NA,NA,NA,NA,NA,NA,NA,NA,NA,NA,NA,NA,NA,NA,NA,NA,0.00,NA,NA,NA
2025-08-15 13:00:00,NA,NA,NA,NA,NA,NA,NA,NA,NA,NA,NA,NA,NA,NA,NA,NA,NA,NA,NA,NA,0.00,NA,NA,NA
2025-08-15 14:00:00,NA,NA,NA,NA,NA,NA,NA,NA,NA,NA,NA,NA,NA,NA,NA,NA,NA,NA,NA,NA,0.00,NA,NA,NA
2025-08-15 15:00:00,NA,NA,NA,NA,NA,NA,NA,NA,NA,NA,NA,NA,NA,NA,NA,NA,NA,NA,NA,NA,0.00,NA,NA,NA
2025-08-15 16:00:00,NA,NA,NA,NA,NA,NA,NA,NA,NA,NA,NA,NA,NA,NA,NA,NA,NA,NA,NA,NA,0.00,NA,NA,NA
2025-08-15 17:00:00,NA,NA,NA,NA,NA,NA,NA,NA,NA,NA,NA,NA,NA,NA,NA,NA,NA,NA,NA,NA,0.00,NA,NA,NA
2025-08-15 18:00:00,NA,NA,NA,NA,NA,NA,NA,NA,NA,NA,NA,NA,NA,NA,NA,NA,NA,NA,NA,NA,0.00,NA,NA,NA
2025-08-15 19:00:00,NA,NA,NA,NA,NA,NA,NA,NA,NA,NA,NA,NA,NA,NA,NA,NA,NA,NA,NA,NA,0.00,NA,NA,NA
2025-08-15 20:00:00,NA,NA,NA,NA,NA,NA,NA,NA,NA,NA,NA,NA,NA,NA,NA,NA,NA,NA,NA,NA,0.00,NA,NA,NA
2025-08-15 21:00:00,NA,NA,NA,NA,NA,NA,NA,NA,NA,NA,NA,NA,NA,NA,NA,NA,NA,NA,NA,NA,0.00,NA,NA,NA
2025-08-15 22:00:00,NA,NA,NA,NA,NA,NA,NA,NA,NA,NA,NA,NA,NA,NA,NA,NA,NA,NA,NA,NA,0.00,NA,NA,NA
2025-08-15 23:00:00,NA,NA,NA,NA,NA,NA,NA,NA,NA,NA,NA,NA,NA,NA,NA,NA,NA,NA,NA,NA,0.00,NA,NA,NA
2025-08-16 00:00:00,NA,NA,NA,NA,NA,NA,NA,NA,NA,NA,NA,NA,NA,NA,NA,NA,NA,NA,NA,NA,0.00,NA,NA,NA
2025-08-16 01:00:00,NA,NA,NA,NA,NA,NA,NA,NA,NA,NA,NA,NA,NA,NA,NA,NA,NA,NA,NA,NA,0.00,NA,NA,NA
2025-08-16 02:00:00,NA,NA,NA,NA,NA,NA,NA,NA,NA,NA,NA,NA,NA,NA,NA,NA,NA,NA,NA,NA,0.00,NA,NA,NA
2025-08-16 03:00:00,NA,NA,NA,NA,NA,NA,NA,NA,NA,NA,NA,NA,NA,NA,NA,NA,NA,NA,NA,NA,0.00,NA,NA,NA
2025-08-16 04:00:00,NA,NA,NA,NA,NA,NA,NA,NA,NA,NA,NA,NA,NA,NA,NA,NA,NA,NA,NA,NA,0.00,NA,NA,NA
2025-08-16 05:00:00,NA,NA,NA,NA,NA,NA,NA,NA,NA,NA,NA,NA,NA,NA,NA,NA,NA,NA,NA,NA,0.00,NA,NA,NA
2025-08-16 06:00:00,NA,NA,NA,NA,NA,NA,NA,NA,NA,NA,NA,NA,NA,NA,NA,NA,NA,NA,NA,NA,0.00,NA,NA,NA
2025-08-16 07:00:00,NA,NA,NA,NA,NA,NA,NA,NA,NA,NA,NA,NA,NA,NA,NA,NA,NA,NA,NA,NA,0.00,NA,NA,NA
2025-08-16 08:00:00,NA,NA,NA,NA,NA,NA,NA,NA,NA,NA,NA,NA,NA,NA,NA,NA,NA,NA,NA,NA,0.00,NA,NA,NA
2025-08-16 09:00:00,NA,NA,NA,NA,NA,NA,NA,NA,NA,NA,NA,NA,NA,NA,NA,NA,NA,NA,NA,NA,0.00,NA,NA,NA
2025-08-16 10:00:00,NA,NA,NA,NA,NA,NA,NA,NA,NA,NA,NA,NA,NA,NA,NA,NA,NA,NA,NA,NA,0.00,NA,NA,NA
2025-08-16 11:00:00,NA,NA,NA,NA,NA,NA,NA,NA,NA,NA,NA,NA,NA,NA,NA,NA,NA,NA,NA,NA,0.00,NA,NA,NA
2025-08-16 12:00:00,NA,NA,NA,NA,NA,NA,NA,NA,NA,NA,NA,NA,NA,NA,NA,NA,NA,NA,NA,NA,0.00,NA,NA,NA
2025-08-16 13:00:00,NA,NA,NA,NA,NA,NA,NA,NA,NA,NA,NA,NA,NA,NA,NA,NA,NA,NA,NA,NA,0.00,NA,NA,NA
2025-08-16 14:00:00,NA,NA,NA,NA,NA,NA,NA,NA,NA,NA,NA,NA,NA,NA,NA,NA,NA,NA,NA,NA,0.00,NA,NA,NA
2025-08-16 15:00:00,NA,NA,NA,NA,NA,NA,NA,NA,NA,NA,NA,NA,NA,NA,NA,NA,NA,NA,NA,NA,0.00,NA,NA,NA
2025-08-16 16:00:00,NA,NA,NA,NA,NA,NA,NA,NA,NA,NA,NA,NA,NA,NA,NA,NA,NA,NA,NA,NA,0.00,NA,NA,NA
2025-08-16 17:00:00,NA,NA,NA,NA,NA,NA,NA,NA,NA,NA,NA,NA,NA,NA,NA,NA,NA,NA,NA,NA,0.00,NA,NA,NA
2025-08-16 18:00:00,NA,NA,NA,NA,NA,NA,NA,NA,NA,NA,NA,NA,NA,NA,NA,NA,NA,NA,NA,NA,0.00,NA,NA,NA
2025-08-16 19:00:00,NA,NA,NA,NA,NA,NA,NA,NA,NA,NA,NA,NA,NA,NA,NA,NA,NA,NA,NA,NA,0.00,NA,NA,NA
2025-08-16 20:00:00,NA,NA,NA,NA,NA,NA,NA,NA,NA,NA,NA,NA,NA,NA,NA,NA,NA,NA,NA,NA,0.00,NA,NA,NA
2025-08-16 21:00:00,NA,NA,NA,NA,NA,NA,NA,NA,NA,NA,NA,NA,NA,NA,NA,NA,NA,NA,NA,NA,0.00,NA,NA,NA
2025-08-16 22:00:00,NA,NA,NA,NA,NA,NA,NA,NA,NA,NA,NA,NA,NA,NA,NA,NA,NA,NA,NA,NA,0.00,NA,NA,NA
2025-08-16 23:00:00,NA,NA,NA,NA,NA,NA,NA,NA,NA,NA,NA,NA,NA,NA,NA,NA,NA,NA,NA,NA,0.00,NA,NA,NA
2025-08-17 00:00:00,NA,NA,NA,NA,NA,NA,NA,NA,NA,NA,NA,NA,NA,NA,NA,NA,NA,NA,NA,NA,0.00,NA,NA,NA
2025-08-17 01:00:00,NA,NA,NA,NA,NA,NA,NA,NA,NA,NA,NA,NA,NA,NA,NA,NA,NA,NA,NA,NA,0.00,NA,NA,NA
2025-08-17 02:00:00,NA,NA,NA,NA,NA,NA,NA,NA,NA,NA,NA,NA,NA,NA,NA,NA,NA,NA,NA,NA,0.00,NA,NA,NA
2025-08-17 03:00:00,NA,NA,NA,NA,NA,NA,NA,NA,NA,NA,NA,NA,NA,NA,NA,NA,NA,NA,NA,NA,0.00,NA,NA,NA
2025-08-17 04:00:00,NA,NA,NA,NA,NA,NA,NA,NA,NA,NA,NA,NA,NA,NA,NA,NA,NA,NA,NA,NA,0.00,NA,NA,NA
2025-08-17 05:00:00,NA,NA,NA,NA,NA,NA,NA,NA,NA,NA,NA,NA,NA,NA,NA,NA,NA,NA,NA,NA,0.00,NA,NA,NA
2025-08-17 06:00:00,NA,NA,NA,NA,NA,NA,NA,NA,NA,NA,NA,NA,NA,NA,NA,NA,NA,NA,NA,NA,0.00,NA,NA,NA
2025-08-17 07:00:00,NA,NA,NA,NA,NA,NA,NA,NA,NA,NA,NA,NA,NA,NA,NA,NA,NA,NA,NA,NA,0.00,NA,NA,NA
2025-08-17 08:00:00,NA,NA,NA,NA,NA,NA,NA,NA,NA,NA,NA,NA,NA,NA,NA,NA,NA,NA,NA,NA,0.00,NA,NA,NA
2025-08-17 09:00:00,NA,NA,NA,NA,NA,NA,NA,NA,NA,NA,NA,NA,NA,NA,NA,NA,NA,NA,NA,NA,0.00,NA,NA,NA
2025-08-17 10:00:00,NA,NA,NA,NA,NA,NA,NA,NA,NA,NA,NA,NA,NA,NA,NA,NA,NA,NA,NA,NA,0.00,NA,NA,NA
2025-08-17 11:00:00,NA,NA,NA,NA,NA,NA,NA,NA,NA,NA,NA,NA,NA,NA,NA,NA,NA,NA,NA,NA,0.00,NA,NA,NA
2025-08-17 12:00:00,NA,NA,NA,NA,NA,NA,NA,NA,NA,NA,NA,NA,NA,NA,NA,NA,NA,NA,NA,NA,0.00,NA,NA,NA
2025-08-17 13:00:00,NA,NA,NA,NA,NA,NA,NA,NA,NA,NA,NA,NA,NA,NA,NA,NA,NA,NA,NA,NA,0.00,NA,NA,NA
2025-08-17 14:00:00,NA,NA,NA,NA,NA,NA,NA,NA,NA,NA,NA,NA,NA,NA,NA,NA,NA,NA,NA,NA,0.00,NA,NA,NA
2025-08-17 15:00:00,NA,NA,NA,NA,NA,NA,NA,NA,NA,NA,NA,NA,NA,NA,NA,NA,NA,NA,NA,NA,0.00,NA,NA,NA
2025-08-17 16:00:00,NA,NA,NA,NA,NA,NA,NA,NA,NA,NA,NA,NA,NA,NA,NA,NA,NA,NA,NA,NA,0.00,NA,NA,NA
2025-08-17 17:00:00,NA,NA,NA,NA,NA,NA,NA,NA,NA,NA,NA,NA,NA,NA,NA,NA,NA,NA,NA,NA,0.00,NA,NA,NA
2025-08-17 18:00:00,NA,NA,NA,NA,NA,NA,NA,NA,NA,NA,NA,NA,NA,NA,NA,NA,NA,NA,NA,NA,0.00,NA,NA,NA
2025-08-17 19:00:00,NA,NA,NA,NA,NA,NA,NA,NA,NA,NA,NA,NA,NA,NA,NA,NA,NA,NA,NA,NA,0.00,NA,NA,NA
2025-08-17 20:00:00,NA,NA,NA,NA,NA,NA,NA,NA,NA,NA,NA,NA,NA,NA,NA,NA,NA,NA,NA,NA,0.00,NA,NA,NA
2025-08-17 21:00:00,NA,NA,NA,NA,NA,NA,NA,NA,NA,NA,NA,NA,NA,NA,NA,NA,NA,NA,NA,NA,0.00,NA,NA,NA
2025-08-17 22:00:00,NA,NA,NA,NA,NA,NA,NA,NA,NA,NA,NA,NA,NA,NA,NA,NA,NA,NA,NA,NA,0.00,NA,NA,NA
2025-08-17 23:00:00,NA,NA,NA,NA,NA,NA,NA,NA,NA,NA,NA,NA,NA,NA,NA,NA,NA,NA,NA,NA,0.00,NA,NA,NA
2025-08-18 00:00:00,NA,NA,NA,NA,NA,NA,NA,NA,NA,NA,NA,NA,NA,NA,NA,NA,NA,NA,NA,NA,0.00,NA,NA,NA
2025-08-18 01:00:00,NA,NA,NA,NA,NA,NA,NA,NA,NA,NA,NA,NA,NA,NA,NA,NA,NA,NA,NA,NA,0.00,NA,NA,NA
2025-08-18 02:00:00,NA,NA,NA,NA,NA,NA,NA,NA,NA,NA,NA,NA,NA,NA,NA,NA,NA,NA,NA,NA,0.00,NA,NA,NA
2025-08-18 03:00:00,NA,NA,NA,NA,NA,NA,NA,NA,NA,NA,NA,NA,NA,NA,NA,NA,NA,NA,NA,NA,0.00,NA,NA,NA
2025-08-18 04:00:00,NA,NA,NA,NA,NA,NA,NA,NA,NA,NA,NA,NA,NA,NA,NA,NA,NA,NA,NA,NA,0.00,NA,NA,NA
2025-08-18 05:00:00,NA,NA,NA,NA,NA,NA,NA,NA,NA,NA,NA,NA,NA,NA,NA,NA,NA,NA,NA,NA,0.00,NA,NA,NA
2025-08-18 06:00:00,NA,NA,NA,NA,NA,NA,NA,NA,NA,NA,NA,NA,NA,NA,NA,NA,NA,NA,NA,NA,0.00,NA,NA,NA
2025-08-18 07:00:00,NA,NA,NA,NA,NA,NA,NA,NA,NA,NA,NA,NA,NA,NA,NA,NA,NA,NA,NA,NA,0.00,NA,NA,NA
2025-08-18 08:00:00,NA,NA,NA,NA,NA,NA,NA,NA,NA,NA,NA,NA,NA,NA,NA,NA,NA,NA,NA,NA,0.00,NA,NA,NA
2025-08-18 09:00:00,NA,NA,NA,NA,NA,NA,NA,NA,NA,NA,NA,NA,NA,NA,NA,NA,NA,NA,NA,NA,0.00,NA,NA,NA
2025-08-18 10:00:00,NA,NA,NA,NA,NA,NA,NA,NA,NA,NA,NA,NA,NA,NA,NA,NA,NA,NA,NA,NA,0.00,NA,NA,NA
2025-08-18 11:00:00,NA,NA,NA,NA,NA,NA,NA,NA,NA,NA,NA,NA,NA,NA,NA,NA,NA,NA,NA,NA,0.00,NA,NA,NA
2025-08-18 12:00:00,NA,NA,NA,NA,NA,NA,NA,NA,NA,NA,NA,NA,NA,NA,NA,NA,NA,NA,NA,NA,0.00,NA,NA,NA
2025-08-18 13:00:00,NA,NA,NA,NA,NA,NA,NA,NA,NA,NA,NA,NA,NA,NA,NA,NA,NA,NA,NA,NA,0.00,NA,NA,NA
2025-08-18 14:00:00,NA,NA,NA,NA,NA,NA,NA,NA,NA,NA,NA,NA,NA,NA,NA,NA,NA,NA,NA,NA,0.00,NA,NA,NA
2025-08-18 15:00:00,NA,NA,NA,NA,NA,NA,NA,NA,NA,NA,NA,NA,NA,NA,NA,NA,NA,NA,NA,NA,0.00,NA,NA,NA
2025-08-18 16:00:00,NA,NA,NA,NA,NA,NA,NA,NA,NA,NA,NA,NA,NA,NA,NA,NA,NA,NA,NA,NA,0.00,NA,NA,NA
2025-08-18 17:00:00,NA,NA,NA,NA,NA,NA,NA,NA,NA,NA,NA,NA,NA,NA,NA,NA,NA,NA,NA,NA,0.00,NA,NA,NA
2025-08-18 18:00:00,NA,NA,NA,NA,NA,NA,NA,NA,NA,NA,NA,NA,NA,NA,NA,NA,NA,NA,NA,NA,0.00,NA,NA,NA
2025-08-18 19:00:00,NA,NA,NA,NA,NA,NA,NA,NA,NA,NA,NA,NA,NA,NA,NA,NA,NA,NA,NA,NA,0.00,NA,NA,NA
2025-08-18 20:00:00,NA,NA,NA,NA,NA,NA,NA,NA,NA,NA,NA,NA,NA,NA,NA,NA,NA,NA,NA,NA,0.00,NA,NA,NA
2025-08-18 21:00:00,NA,NA,NA,NA,NA,NA,NA,NA,NA,NA,NA,NA,NA,NA,NA,NA,NA,NA,NA,NA,0.00,NA,NA,NA
2025-08-18 22:00:00,NA,NA,NA,NA,NA,NA,NA,NA,NA,NA,NA,NA,NA,NA,NA,NA,NA,NA,NA,NA,0.00,NA,NA,NA
2025-08-18 23:00:00,NA,NA,NA,NA,NA,NA,NA,NA,NA,NA,NA,NA,NA,NA,NA,NA,NA,NA,NA,NA,0.00,NA,NA,NA
2025-08-19 00:00:00,NA,NA,NA,NA,NA,NA,NA,NA,NA,NA,NA,NA,NA,NA,NA,NA,NA,NA,NA,NA,0.00,NA,NA,NA
2025-08-19 01:00:00,NA,NA,NA,NA,NA,NA,NA,NA,NA,NA,NA,NA,NA,NA,NA,NA,NA,NA,NA,NA,0.00,NA,NA,NA
2025-08-19 02:00:00,NA,NA,NA,NA,NA,NA,NA,NA,NA,NA,NA,NA,NA,NA,NA,NA,NA,NA,NA,NA,0.00,NA,NA,NA
2025-08-19 03:00:00,NA,NA,NA,NA,NA,NA,NA,NA,NA,NA,NA,NA,NA,NA,NA,NA,NA,NA,NA,NA,0.00,NA,NA,NA
2025-08-19 04:00:00,NA,NA,NA,NA,NA,NA,NA,NA,NA,NA,NA,NA,NA,NA,NA,NA,NA,NA,NA,NA,0.00,NA,NA,NA
2025-08-19 05:00:00,NA,NA,NA,NA,NA,NA,NA,NA,NA,NA,NA,NA,NA,NA,NA,NA,NA,NA,NA,NA,0.00,NA,NA,NA
2025-08-19 06:00:00,NA,NA,NA,NA,NA,NA,NA,NA,NA,NA,NA,NA,NA,NA,NA,NA,NA,NA,NA,NA,0.00,NA,NA,NA
2025-08-19 07:00:00,NA,NA,NA,NA,NA,NA,NA,NA,NA,NA,NA,NA,NA,NA,NA,NA,NA,NA,NA,NA,0.00,NA,NA,NA
2025-08-19 08:00:00,NA,NA,NA,NA,NA,NA,NA,NA,NA,NA,NA,NA,NA,NA,NA,NA,NA,NA,NA,NA,0.00,NA,NA,NA
2025-08-19 09:00:00,NA,NA,NA,NA,NA,NA,NA,NA,NA,NA,NA,NA,NA,NA,NA,NA,NA,NA,NA,NA,0.00,NA,NA,NA
2025-08-19 10:00:00,NA,NA,NA,NA,NA,NA,NA,NA,NA,NA,NA,NA,NA,NA,NA,NA,NA,NA,NA,NA,0.00,NA,NA,NA
2025-08-19 11:00:00,NA,NA,NA,NA,NA,NA,NA,NA,NA,NA,NA,NA,NA,NA,NA,NA,NA,NA,NA,NA,0.00,NA,NA,NA
2025-08-19 12:00:00,NA,NA,NA,NA,NA,NA,NA,NA,NA,NA,NA,NA,NA,NA,NA,NA,NA,NA,NA,NA,0.00,NA,NA,NA
2025-08-19 13:00:00,NA,NA,NA,NA,NA,NA,NA,NA,NA,NA,NA,NA,NA,NA,NA,NA,NA,NA,NA,NA,0.00,NA,NA,NA
2025-08-19 14:00:00,NA,NA,NA,NA,NA,NA,NA,NA,NA,NA,NA,NA,NA,NA,NA,NA,NA,NA,NA,NA,0.00,NA,NA,NA
2025-08-19 15:00:00,NA,NA,NA,NA,NA,NA,NA,NA,NA,NA,NA,NA,NA,NA,NA,NA,NA,NA,NA,NA,0.00,NA,NA,NA
2025-08-19 16:00:00,NA,NA,NA,NA,NA,NA,NA,NA,NA,NA,NA,NA,NA,NA,NA,NA,NA,NA,NA,NA,0.00,NA,NA,NA
2025-08-19 17:00:00,NA,NA,NA,NA,NA,NA,NA,NA,NA,NA,NA,NA,NA,NA,NA,NA,NA,NA,NA,NA,0.00,NA,NA,NA
2025-08-19 18:00:00,NA,NA,NA,NA,NA,NA,NA,NA,NA,NA,NA,NA,NA,NA,NA,NA,NA,NA,NA,NA,0.00,NA,NA,NA
2025-08-19 19:00:00,NA,NA,NA,NA,NA,NA,NA,NA,NA,NA,NA,NA,NA,NA,NA,NA,NA,NA,NA,NA,0.00,NA,NA,NA
2025-08-19 20:00:00,NA,NA,NA,NA,NA,NA,NA,NA,NA,NA,NA,NA,NA,NA,NA,NA,NA,NA,NA,NA,0.00,NA,NA,NA
2025-08-19 21:00:00,NA,NA,NA,NA,NA,NA,NA,NA,NA,NA,NA,NA,NA,NA,NA,NA,NA,NA,NA,NA,0.00,NA,NA,NA
2025-08-19 22:00:00,NA,NA,NA,NA,NA,NA,NA,NA,NA,NA,NA,NA,NA,NA,NA,NA,NA,NA,NA,NA,0.00,NA,NA,NA
2025-08-19 23:00:00,NA,NA,NA,NA,NA,NA,NA,NA,NA,NA,NA,NA,NA,NA,NA,NA,NA,NA,NA,NA,0.00,NA,NA,NA
2025-08-20 00:00:00,NA,NA,NA,NA,NA,NA,NA,NA,NA,NA,NA,NA,NA,NA,NA,NA,NA,NA,NA,NA,0.00,NA,NA,NA
2025-08-20 01:00:00,NA,NA,NA,NA,NA,NA,NA,NA,NA,NA,NA,NA,NA,NA,NA,NA,NA,NA,NA,NA,0.00,NA,NA,NA
2025-08-20 02:00:00,NA,NA,NA,NA,NA,NA,NA,NA,NA,NA,NA,NA,NA,NA,NA,NA,NA,NA,NA,NA,0.00,NA,NA,NA
2025-08-20 03:00:00,NA,NA,NA,NA,NA,NA,NA,NA,NA,NA,NA,NA,NA,NA,NA,NA,NA,NA,NA,NA,0.00,NA,NA,NA
2025-08-20 04:00:00,NA,NA,NA,NA,NA,NA,NA,NA,NA,NA,NA,NA,NA,NA,NA,NA,NA,NA,NA,NA,0.00,NA,NA,NA
2025-08-20 05:00:00,NA,NA,NA,NA,NA,NA,NA,NA,NA,NA,NA,NA,NA,NA,NA,NA,NA,NA,NA,NA,0.00,NA,NA,NA
2025-08-20 06:00:00,NA,NA,NA,NA,NA,NA,NA,NA,NA,NA,NA,NA,NA,NA,NA,NA,NA,NA,NA,NA,0.00,NA,NA,NA
2025-08-20 07:00:00,NA,NA,NA,NA,NA,NA,NA,NA,NA,NA,NA,NA,NA,NA,NA,NA,NA,NA,NA,NA,0.00,NA,NA,NA
2025-08-20 08:00:00,NA,NA,NA,NA,NA,NA,NA,NA,NA,NA,NA,NA,NA,NA,NA,NA,NA,NA,NA,NA,0.00,NA,NA,NA
2025-08-20 09:00:00,NA,NA,NA,NA,NA,NA,NA,NA,NA,NA,NA,NA,NA,NA,NA,NA,NA,NA,NA,NA,0.00,NA,NA,NA
2025-08-20 10:00:00,NA,NA,NA,NA,NA,NA,NA,NA,NA,NA,NA,NA,NA,NA,NA,NA,NA,NA,NA,NA,0.00,NA,NA,NA
2025-08-20 11:00:00,NA,NA,NA,NA,NA,NA,NA,NA,NA,NA,NA,NA,NA,NA,NA,NA,NA,NA,NA,NA,0.00,NA,NA,NA
2025-08-20 12:00:00,NA,NA,NA,NA,NA,NA,NA,NA,NA,NA,NA,NA,NA,NA,NA,NA,NA,NA,NA,NA,0.00,NA,NA,NA
2025-08-20 13:00:00,NA,NA,NA,NA,NA,NA,NA,NA,NA,NA,NA,NA,NA,NA,NA,NA,NA,NA,NA,NA,0.00,NA,NA,NA
2025-08-20 14:00:00,NA,NA,NA,NA,NA,NA,NA,NA,NA,NA,NA,NA,NA,NA,NA,NA,NA,NA,NA,NA,0.00,NA,NA,NA
2025-08-20 15:00:00,NA,NA,NA,NA,NA,NA,NA,NA,NA,NA,NA,NA,NA,NA,NA,NA,NA,NA,NA,NA,0.00,NA,NA,NA
2025-08-20 16:00:00,NA,NA,NA,NA,NA,NA,NA,NA,NA,NA,NA,NA,NA,NA,NA,NA,NA,NA,NA,NA,0.00,NA,NA,NA
2025-08-20 17:00:00,NA,NA,NA,NA,NA,NA,NA,NA,NA,NA,NA,NA,NA,NA,NA,NA,NA,NA,NA,NA,0.00,NA,NA,NA
2025-08-20 18:00:00,NA,NA,NA,NA,NA,NA,NA,NA,NA,NA,NA,NA,NA,NA,NA,NA,NA,NA,NA,NA,0.00,NA,NA,NA
2025-08-20 19:00:00,NA,NA,NA,NA,NA,NA,NA,NA,NA,NA,NA,NA,NA,NA,NA,NA,NA,NA,NA,NA,0.00,NA,NA,NA
2025-08-20 20:00:00,NA,NA,NA,NA,NA,NA,NA,NA,NA,NA,NA,NA,NA,NA,NA,NA,NA,NA,NA,NA,0.00,NA,NA,NA
2025-08-20 21:00:00,NA,NA,NA,NA,NA,NA,NA,NA,NA,NA,NA,NA,NA,NA,NA,NA,NA,NA,NA,NA,0.00,NA,NA,NA
2025-08-20 22:00:00,NA,NA,NA,NA,NA,NA,NA,NA,NA,NA,NA,NA,NA,NA,NA,NA,NA,NA,NA,NA,0.00,NA,NA,NA
2025-08-20 23:00:00,NA,NA,NA,NA,NA,NA,NA,NA,NA,NA,NA,NA,NA,NA,NA,NA,NA,NA,NA,NA,0.00,NA,NA,NA
2025-08-21 00:00:00,NA,NA,NA,NA,NA,NA,NA,NA,NA,NA,NA,NA,NA,NA,NA,NA,NA,NA,NA,NA,0.00,NA,NA,NA
2025-08-21 01:00:00,NA,NA,NA,NA,NA,NA,NA,NA,NA,NA,NA,NA,NA,NA,NA,NA,NA,NA,NA,NA,0.00,NA,NA,NA
2025-08-21 02:00:00,NA,NA,NA,NA,NA,NA,NA,NA,NA,NA,NA,NA,NA,NA,NA,NA,NA,NA,NA,NA,0.00,NA,NA,NA
2025-08-21 03:00:00,NA,NA,NA,NA,NA,NA,NA,NA,NA,NA,NA,NA,NA,NA,NA,NA,NA,NA,NA,NA,0.00,NA,NA,NA
2025-08-21 04:00:00,NA,NA,NA,NA,NA,NA,NA,NA,NA,NA,NA,NA,NA,NA,NA,NA,NA,NA,NA,NA,0.00,NA,NA,NA
2025-08-21 05:00:00,NA,NA,NA,NA,NA,NA,NA,NA,NA,NA,NA,NA,NA,NA,NA,NA,NA,NA,NA,NA,0.00,NA,NA,NA
2025-08-21 06:00:00,NA,NA,NA,NA,NA,NA,NA,NA,NA,NA,NA,NA,NA,NA,NA,NA,NA,NA,NA,NA,0.00,NA,NA,NA
2025-08-21 07:00:00,NA,NA,NA,NA,NA,NA,NA,NA,NA,NA,NA,NA,NA,NA,NA,NA,NA,NA,NA,NA,0.00,NA,NA,NA
2025-08-21 08:00:00,NA,NA,NA,NA,NA,NA,NA,NA,NA,NA,NA,NA,NA,NA,NA,NA,NA,NA,NA,NA,0.00,NA,NA,NA
2025-08-21 09:00:00,NA,NA,NA,NA,NA,NA,NA,NA,NA,NA,NA,NA,NA,NA,NA,NA,NA,NA,NA,NA,0.00,NA,NA,NA
2025-08-21 10:00:00,NA,NA,NA,NA,NA,NA,NA,NA,NA,NA,NA,NA,NA,NA,NA,NA,NA,NA,NA,NA,0.00,NA,NA,NA
2025-08-21 11:00:00,NA,NA,NA,NA,NA,NA,NA,NA,NA,NA,NA,NA,NA,NA,NA,NA,NA,NA,NA,NA,0.00,NA,NA,NA
2025-08-21 12:00:00,NA,NA,NA,NA,NA,NA,NA,NA,NA,NA,NA,NA,NA,NA,NA,NA,NA,NA,NA,NA,0.00,NA,NA,NA
2025-08-21 13:00:00,NA,NA,NA,NA,NA,NA,NA,NA,NA,NA,NA,NA,NA,NA,NA,NA,NA,NA,NA,NA,0.00,NA,NA,NA
2025-08-21 14:00:00,NA,NA,NA,NA,NA,NA,NA,NA,NA,NA,NA,NA,NA,NA,NA,NA,NA,NA,NA,NA,0.00,NA,NA,NA
2025-08-21 15:00:00,NA,NA,NA,NA,NA,NA,NA,NA,NA,NA,NA,NA,NA,NA,NA,NA,NA,NA,NA,NA,0.00,NA,NA,NA
2025-08-21 16:00:00,NA,NA,NA,NA,NA,NA,NA,NA,NA,NA,NA,NA,NA,NA,NA,NA,NA,NA,NA,NA,0.00,NA,NA,NA
2025-08-21 17:00:00,NA,NA,NA,NA,NA,NA,NA,NA,NA,NA,NA,NA,NA,NA,NA,NA,NA,NA,NA,NA,0.00,NA,NA,NA
2025-08-21 18:00:00,NA,NA,NA,NA,NA,NA,NA,NA,NA,NA,NA,NA,NA,NA,NA,NA,NA,NA,NA,NA,0.00,NA,NA,NA
2025-08-21 19:00:00,NA,NA,NA,NA,NA,NA,NA,NA,NA,NA,NA,NA,NA,NA,NA,NA,NA,NA,NA,NA,0.00,NA,NA,NA
2025-08-21 20:00:00,NA,NA,NA,NA,NA,NA,NA,NA,NA,NA,NA,NA,NA,NA,NA,NA,NA,NA,NA,NA,0.00,NA,NA,NA
2025-08-21 21:00:00,NA,NA,NA,NA,NA,NA,NA,NA,NA,NA,NA,NA,NA,NA,NA,NA,NA,NA,NA,NA,0.00,NA,NA,NA
2025-08-21 22:00:00,NA,NA,NA,NA,NA,NA,NA,NA,NA,NA,NA,NA,NA,NA,NA,NA,NA,NA,NA,NA,0.00,NA,NA,NA
2025-08-21 23:00:00,NA,NA,NA,NA,NA,NA,NA,NA,NA,NA,NA,NA,NA,NA,NA,NA,NA,NA,NA,NA,0.00,NA,NA,NA
2025-08-22 00:00:00,NA,NA,NA,NA,NA,NA,NA,NA,NA,NA,NA,NA,NA,NA,NA,NA,NA,NA,NA,NA,0.00,NA,NA,NA
2025-08-22 01:00:00,NA,NA,NA,NA,NA,NA,NA,NA,NA,NA,NA,NA,NA,NA,NA,NA,NA,NA,NA,NA,0.00,NA,NA,NA
2025-08-22 02:00:00,NA,NA,NA,NA,NA,NA,NA,NA,NA,NA,NA,NA,NA,NA,NA,NA,NA,NA,NA,NA,0.00,NA,NA,NA
2025-08-22 03:00:00,NA,NA,NA,NA,NA,NA,NA,NA,NA,NA,NA,NA,NA,NA,NA,NA,NA,NA,NA,NA,0.00,NA,NA,NA
2025-08-22 04:00:00,NA,NA,NA,NA,NA,NA,NA,NA,NA,NA,NA,NA,NA,NA,NA,NA,NA,NA,NA,NA,0.00,NA,NA,NA
2025-08-22 05:00:00,NA,NA,NA,NA,NA,NA,NA,NA,NA,NA,NA,NA,NA,NA,NA,NA,NA,NA,NA,NA,0.00,NA,NA,NA
2025-08-22 06:00:00,NA,NA,NA,NA,NA,NA,NA,NA,NA,NA,NA,NA,NA,NA,NA,NA,NA,NA,NA,NA,0.00,NA,NA,NA
2025-08-22 07:00:00,NA,NA,NA,NA,NA,NA,NA,NA,NA,NA,NA,NA,NA,NA,NA,NA,NA,NA,NA,NA,0.00,NA,NA,NA
2025-08-22 08:00:00,NA,NA,NA,NA,NA,NA,NA,NA,NA,NA,NA,NA,NA,NA,NA,NA,NA,NA,NA,NA,0.00,NA,NA,NA
2025-08-22 09:00:00,NA,NA,NA,NA,NA,NA,NA,NA,NA,NA,NA,NA,NA,NA,NA,NA,NA,NA,NA,NA,0.00,NA,NA,NA
2025-08-22 10:00:00,NA,NA,NA,NA,NA,NA,NA,NA,NA,NA,NA,NA,NA,NA,NA,NA,NA,NA,NA,NA,0.00,NA,NA,NA
2025-08-22 11:00:00,NA,NA,NA,NA,NA,NA,NA,NA,NA,NA,NA,NA,NA,NA,NA,NA,NA,NA,NA,NA,0.00,NA,NA,NA
2025-08-22 12:00:00,NA,NA,NA,NA,NA,NA,NA,NA,NA,NA,NA,NA,NA,NA,NA,NA,NA,NA,NA,NA,0.00,NA,NA,NA
2025-08-22 13:00:00,NA,NA,NA,NA,NA,NA,NA,NA,NA,NA,NA,NA,NA,NA,NA,NA,NA,NA,NA,NA,0.00,NA,NA,NA
2025-08-22 14:00:00,NA,NA,NA,NA,NA,NA,NA,NA,NA,NA,NA,NA,NA,NA,NA,NA,NA,NA,NA,NA,0.00,NA,NA,NA
2025-08-22 15:00:00,NA,NA,NA,NA,NA,NA,NA,NA,NA,NA,NA,NA,NA,NA,NA,NA,NA,NA,NA,NA,0.00,NA,NA,NA
2025-08-22 16:00:00,NA,NA,NA,NA,NA,NA,NA,NA,NA,NA,NA,NA,NA,NA,NA,NA,NA,NA,NA,NA,0.00,NA,NA,NA
2025-08-22 17:00:00,NA,NA,NA,NA,NA,NA,NA,NA,NA,NA,NA,NA,NA,NA,NA,NA,NA,NA,NA,NA,0.00,NA,NA,NA
2025-08-22 18:00:00,NA,NA,NA,NA,NA,NA,NA,NA,NA,NA,NA,NA,NA,NA,NA,NA,NA,NA,NA,NA,0.00,NA,NA,NA
2025-08-22 19:00:00,NA,NA,NA,NA,NA,NA,NA,NA,NA,NA,NA,NA,NA,NA,NA,NA,NA,NA,NA,NA,0.00,NA,NA,NA
2025-08-22 20:00:00,NA,NA,NA,NA,NA,NA,NA,NA,NA,NA,NA,NA,NA,NA,NA,NA,NA,NA,NA,NA,0.00,NA,NA,NA
2025-08-22 21:00:00,NA,NA,NA,NA,NA,NA,NA,NA,NA,NA,NA,NA,NA,NA,NA,NA,NA,NA,NA,NA,0.00,NA,NA,NA
2025-08-22 22:00:00,NA,NA,NA,NA,NA,NA,NA,NA,NA,NA,NA,NA,NA,NA,NA,NA,NA,NA,NA,NA,0.00,NA,NA,NA
2025-08-22 23:00:00,NA,NA,NA,NA,NA,NA,NA,NA,NA,NA,NA,NA,NA,NA,NA,NA,NA,NA,NA,NA,0.00,NA,NA,NA
2025-08-23 00:00:00,NA,NA,NA,NA,NA,NA,NA,NA,NA,NA,NA,NA,NA,NA,NA,NA,NA,NA,NA,NA,0.00,NA,NA,NA
2025-08-23 01:00:00,NA,NA,NA,NA,NA,NA,NA,NA,NA,NA,NA,NA,NA,NA,NA,NA,NA,NA,NA,NA,0.00,NA,NA,NA
2025-08-23 02:00:00,NA,NA,NA,NA,NA,NA,NA,NA,NA,NA,NA,NA,NA,NA,NA,NA,NA,NA,NA,NA,0.00,NA,NA,NA
2025-08-23 03:00:00,NA,NA,NA,NA,NA,NA,NA,NA,NA,NA,NA,NA,NA,NA,NA,NA,NA,NA,NA,NA,0.00,NA,NA,NA
2025-08-23 04:00:00,NA,NA,NA,NA,NA,NA,NA,NA,NA,NA,NA,NA,NA,NA,NA,NA,NA,NA,NA,NA,0.00,NA,NA,NA
2025-08-23 05:00:00,NA,NA,NA,NA,NA,NA,NA,NA,NA,NA,NA,NA,NA,NA,NA,NA,NA,NA,NA,NA,0.00,NA,NA,NA
2025-08-23 06:00:00,NA,NA,NA,NA,NA,NA,NA,NA,NA,NA,NA,NA,NA,NA,NA,NA,NA,NA,NA,NA,0.00,NA,NA,NA
2025-08-23 07:00:00,NA,NA,NA,NA,NA,NA,NA,NA,NA,NA,NA,NA,NA,NA,NA,NA,NA,NA,NA,NA,0.00,NA,NA,NA
2025-08-23 08:00:00,NA,NA,NA,NA,NA,NA,NA,NA,NA,NA,NA,NA,NA,NA,NA,NA,NA,NA,NA,NA,0.00,NA,NA,NA
2025-08-23 09:00:00,NA,NA,NA,NA,NA,NA,NA,NA,NA,NA,NA,NA,NA,NA,NA,NA,NA,NA,NA,NA,0.00,NA,NA,NA
2025-08-23 10:00:00,NA,NA,NA,NA,NA,NA,NA,NA,NA,NA,NA,NA,NA,NA,NA,NA,NA,NA,NA,NA,0.00,NA,NA,NA
2025-08-23 11:00:00,NA,NA,NA,NA,NA,NA,NA,NA,NA,NA,NA,NA,NA,NA,NA,NA,NA,NA,NA,NA,0.00,NA,NA,NA
2025-08-23 12:00:00,NA,NA,NA,NA,NA,NA,NA,NA,NA,NA,NA,NA,NA,NA,NA,NA,NA,NA,NA,NA,0.00,NA,NA,NA
2025-08-23 13:00:00,NA,NA,NA,NA,NA,NA,NA,NA,NA,NA,NA,NA,NA,NA,NA,NA,NA,NA,NA,NA,0.00,NA,NA,NA
2025-08-23 14:00:00,NA,NA,NA,NA,NA,NA,NA,NA,NA,NA,NA,NA,NA,NA,NA,NA,NA,NA,NA,NA,0.00,NA,NA,NA
2025-08-23 15:00:00,NA,NA,NA,NA,NA,NA,NA,NA,NA,NA,NA,NA,NA,NA,NA,NA,NA,NA,NA,NA,0.00,NA,NA,NA
2025-08-23 16:00:00,NA,NA,NA,NA,NA,NA,NA,NA,NA,NA,NA,NA,NA,NA,NA,NA,NA,NA,NA,NA,0.00,NA,NA,NA
2025-08-23 17:00:00,NA,NA,NA,NA,NA,NA,NA,NA,NA,NA,NA,NA,NA,NA,NA,NA,NA,NA,NA,NA,0.00,NA,NA,NA
2025-08-23 18:00:00,NA,NA,NA,NA,NA,NA,NA,NA,NA,NA,NA,NA,NA,NA,NA,NA,NA,NA,NA,NA,0.00,NA,NA,NA
2025-08-23 19:00:00,NA,NA,NA,NA,NA,NA,NA,NA,NA,NA,NA,NA,NA,NA,NA,NA,NA,NA,NA,NA,0.00,NA,NA,NA
2025-08-23 20:00:00,NA,NA,NA,NA,NA,NA,NA,NA,NA,NA,NA,NA,NA,NA,NA,NA,NA,NA,NA,NA,0.00,NA,NA,NA
2025-08-23 21:00:00,NA,NA,NA,NA,NA,NA,NA,NA,NA,NA,NA,NA,NA,NA,NA,NA,NA,NA,NA,NA,0.00,NA,NA,NA
2025-08-23 22:00:00,NA,NA,NA,NA,NA,NA,NA,NA,NA,NA,NA,NA,NA,NA,NA,NA,NA,NA,NA,NA,0.00,NA,NA,NA
2025-08-23 23:00:00,NA,NA,NA,NA,NA,NA,NA,NA,NA,NA,NA,NA,NA,NA,NA,NA,NA,NA,NA,NA,0.00,NA,NA,NA
2025-08-24 00:00:00,NA,NA,NA,NA,NA,NA,NA,NA,NA,NA,NA,NA,NA,NA,NA,NA,NA,NA,NA,NA,0.00,NA,NA,NA
2025-08-24 01:00:00,NA,NA,NA,NA,NA,NA,NA,NA,NA,NA,NA,NA,NA,NA,NA,NA,NA,NA,NA,NA,0.00,NA,NA,NA
2025-08-24 02:00:00,NA,NA,NA,NA,NA,NA,NA,NA,NA,NA,NA,NA,NA,NA,NA,NA,NA,NA,NA,NA,0.00,NA,NA,NA
2025-08-24 03:00:00,NA,NA,NA,NA,NA,NA,NA,NA,NA,NA,NA,NA,NA,NA,NA,NA,NA,NA,NA,NA,0.00,NA,NA,NA
2025-08-24 04:00:00,NA,NA,NA,NA,NA,NA,NA,NA,NA,NA,NA,NA,NA,NA,NA,NA,NA,NA,NA,NA,0.00,NA,NA,NA
2025-08-24 05:00:00,NA,NA,NA,NA,NA,NA,NA,NA,NA,NA,NA,NA,NA,NA,NA,NA,NA,NA,NA,NA,0.00,NA,NA,NA
2025-08-24 06:00:00,NA,NA,NA,NA,NA,NA,NA,NA,NA,NA,NA,NA,NA,NA,NA,NA,NA,NA,NA,NA,0.00,NA,NA,NA
2025-08-24 07:00:00,NA,NA,NA,NA,NA,NA,NA,NA,NA,NA,NA,NA,NA,NA,NA,NA,NA,NA,NA,NA,0.00,NA,NA,NA
2025-08-24 08:00:00,NA,NA,NA,NA,NA,NA,NA,NA,NA,NA,NA,NA,NA,NA,NA,NA,NA,NA,NA,NA,0.00,NA,NA,NA
2025-08-24 09:00:00,NA,NA,NA,NA,NA,NA,NA,NA,NA,NA,NA,NA,NA,NA,NA,NA,NA,NA,NA,NA,0.00,NA,NA,NA
2025-08-24 10:00:00,NA,NA,NA,NA,NA,NA,NA,NA,NA,NA,NA,NA,NA,NA,NA,NA,NA,NA,NA,NA,0.00,NA,NA,NA
2025-08-24 11:00:00,NA,NA,NA,NA,NA,NA,NA,NA,NA,NA,NA,NA,NA,NA,NA,NA,NA,NA,NA,NA,0.00,NA,NA,NA
2025-08-24 12:00:00,NA,NA,NA,NA,NA,NA,NA,NA,NA,NA,NA,NA,NA,NA,NA,NA,NA,NA,NA,NA,0.00,NA,NA,NA
2025-08-24 13:00:00,NA,NA,NA,NA,NA,NA,NA,NA,NA,NA,NA,NA,NA,NA,NA,NA,NA,NA,NA,NA,0.00,NA,NA,NA
2025-08-24 14:00:00,NA,NA,NA,NA,NA,NA,NA,NA,NA,NA,NA,NA,NA,NA,NA,NA,NA,NA,NA,NA,0.00,NA,NA,NA
2025-08-24 15:00:00,NA,NA,NA,NA,NA,NA,NA,NA,NA,NA,NA,NA,NA,NA,NA,NA,NA,NA,NA,NA,0.00,NA,NA,NA
2025-08-24 16:00:00,NA,NA,NA,NA,NA,NA,NA,NA,NA,NA,NA,NA,NA,NA,NA,NA,NA,NA,NA,NA,0.00,NA,NA,NA
2025-08-24 17:00:00,NA,NA,NA,NA,NA,NA,NA,NA,NA,NA,NA,NA,NA,NA,NA,NA,NA,NA,NA,NA,0.00,NA,NA,NA
2025-08-24 18:00:00,NA,NA,NA,NA,NA,NA,NA,NA,NA,NA,NA,NA,NA,NA,NA,NA,NA,NA,NA,NA,0.00,NA,NA,NA
2025-08-24 19:00:00,NA,NA,NA,NA,NA,NA,NA,NA,NA,NA,NA,NA,NA,NA,NA,NA,NA,NA,NA,NA,0.00,NA,NA,NA
2025-08-24 20:00:00,NA,NA,NA,NA,NA,NA,NA,NA,NA,NA,NA,NA,NA,NA,NA,NA,NA,NA,NA,NA,0.00,NA,NA,NA
2025-08-24 21:00:00,NA,NA,NA,NA,NA,NA,NA,NA,NA,NA,NA,NA,NA,NA,NA,NA,NA,NA,NA,NA,0.00,NA,NA,NA
2025-08-24 22:00:00,NA,NA,NA,NA,NA,NA,NA,NA,NA,NA,NA,NA,NA,NA,NA,NA,NA,NA,NA,NA,0.00,NA,NA,NA
2025-08-24 23:00:00,NA,NA,NA,NA,NA,NA,NA,NA,NA,NA,NA,NA,NA,NA,NA,NA,NA,NA,NA,NA,0.00,NA,NA,NA
2025-08-25 00:00:00,NA,NA,NA,NA,NA,NA,NA,NA,NA,NA,NA,NA,NA,NA,NA,NA,NA,NA,NA,NA,0.00,NA,NA,NA
2025-08-25 01:00:00,NA,NA,NA,NA,NA,NA,NA,NA,NA,NA,NA,NA,NA,NA,NA,NA,NA,NA,NA,NA,0.00,NA,NA,NA
2025-08-25 02:00:00,NA,NA,NA,NA,NA,NA,NA,NA,NA,NA,NA,NA,NA,NA,NA,NA,NA,NA,NA,NA,0.00,NA,NA,NA
2025-08-25 03:00:00,NA,NA,NA,NA,NA,NA,NA,NA,NA,NA,NA,NA,NA,NA,NA,NA,NA,NA,NA,NA,0.00,NA,NA,NA
2025-08-25 04:00:00,NA,NA,NA,NA,NA,NA,NA,NA,NA,NA,NA,NA,NA,NA,NA,NA,NA,NA,NA,NA,0.00,NA,NA,NA
2025-08-25 05:00:00,NA,NA,NA,NA,NA,NA,NA,NA,NA,NA,NA,NA,NA,NA,NA,NA,NA,NA,NA,NA,0.00,NA,NA,NA
2025-08-25 06:00:00,NA,NA,NA,NA,NA,NA,NA,NA,NA,NA,NA,NA,NA,NA,NA,NA,NA,NA,NA,NA,0.00,NA,NA,NA
2025-08-25 07:00:00,NA,NA,NA,NA,NA,NA,NA,NA,NA,NA,NA,NA,NA,NA,NA,NA,NA,NA,NA,NA,0.00,NA,NA,NA
2025-08-25 08:00:00,NA,NA,NA,NA,NA,NA,NA,NA,NA,NA,NA,NA,NA,NA,NA,NA,NA,NA,NA,NA,0.00,NA,NA,NA
2025-08-25 09:00:00,NA,NA,NA,NA,NA,NA,NA,NA,NA,NA,NA,NA,NA,NA,NA,NA,NA,NA,NA,NA,0.00,NA,NA,NA
2025-08-25 10:00:00,NA,NA,NA,NA,NA,NA,NA,NA,NA,NA,NA,NA,NA,NA,NA,NA,NA,NA,NA,NA,0.00,NA,NA,NA
2025-08-25 11:00:00,NA,NA,NA,NA,NA,NA,NA,NA,NA,NA,NA,NA,NA,NA,NA,NA,NA,NA,NA,NA,0.00,NA,NA,NA
2025-08-25 12:00:00,NA,NA,NA,NA,NA,NA,NA,NA,NA,NA,NA,NA,NA,NA,NA,NA,NA,NA,NA,NA,0.00,NA,NA,NA
2025-08-25 13:00:00,NA,NA,NA,NA,NA,NA,NA,NA,NA,NA,NA,NA,NA,NA,NA,NA,NA,NA,NA,NA,0.00,NA,NA,NA
2025-08-25 14:00:00,NA,NA,NA,NA,NA,NA,NA,NA,NA,NA,NA,NA,NA,NA,NA,NA,NA,NA,NA,NA,0.00,NA,NA,NA
2025-08-25 15:00:00,NA,NA,NA,NA,NA,NA,NA,NA,NA,NA,NA,NA,NA,NA,NA,NA,NA,NA,NA,NA,0.00,NA,NA,NA
2025-08-25 16:00:00,NA,NA,NA,NA,NA,NA,NA,NA,NA,NA,NA,NA,NA,NA,NA,NA,NA,NA,NA,NA,0.00,NA,NA,NA
2025-08-25 17:00:00,NA,NA,NA,NA,NA,NA,NA,NA,NA,NA,NA,NA,NA,NA,NA,NA,NA,NA,NA,NA,0.00,NA,NA,NA
2025-08-25 18:00:00,NA,NA,NA,NA,NA,NA,NA,NA,NA,NA,NA,NA,NA,NA,NA,NA,NA,NA,NA,NA,0.00,NA,NA,NA
2025-08-25 19:00:00,NA,NA,NA,NA,NA,NA,NA,NA,NA,NA,NA,NA,NA,NA,NA,NA,NA,NA,NA,NA,0.00,NA,NA,NA
2025-08-25 20:00:00,NA,NA,NA,NA,NA,NA,NA,NA,NA,NA,NA,NA,NA,NA,NA,NA,NA,NA,NA,NA,0.00,NA,NA,NA
2025-08-25 21:00:00,NA,NA,NA,NA,NA,NA,NA,NA,NA,NA,NA,NA,NA,NA,NA,NA,NA,NA,NA,NA,0.00,NA,NA,NA
2025-08-25 22:00:00,NA,NA,NA,NA,NA,NA,NA,NA,NA,NA,NA,NA,NA,NA,NA,NA,NA,NA,NA,NA,0.00,NA,NA,NA
2025-08-25 23:00:00,NA,NA,NA,NA,NA,NA,NA,NA,NA,NA,NA,NA,NA,NA,NA,NA,NA,NA,NA,NA,0.00,NA,NA,NA
2025-08-26 00:00:00,NA,NA,NA,NA,NA,NA,NA,NA,NA,NA,NA,NA,NA,NA,NA,NA,NA,NA,NA,NA,0.00,NA,NA,NA
2025-08-26 01:00:00,NA,NA,NA,NA,NA,NA,NA,NA,NA,NA,NA,NA,NA,NA,NA,NA,NA,NA,NA,NA,0.00,NA,NA,NA
2025-08-26 02:00:00,NA,NA,NA,NA,NA,NA,NA,NA,NA,NA,NA,NA,NA,NA,NA,NA,NA,NA,NA,NA,0.00,NA,NA,NA
2025-08-26 03:00:00,NA,NA,NA,NA,NA,NA,NA,NA,NA,NA,NA,NA,NA,NA,NA,NA,NA,NA,NA,NA,0.00,NA,NA,NA
2025-08-26 04:00:00,NA,NA,NA,NA,NA,NA,NA,NA,NA,NA,NA,NA,NA,NA,NA,NA,NA,NA,NA,NA,0.00,NA,NA,NA
2025-08-26 05:00:00,NA,NA,NA,NA,NA,NA,NA,NA,NA,NA,NA,NA,NA,NA,NA,NA,NA,NA,NA,NA,0.00,NA,NA,NA
2025-08-26 06:00:00,NA,NA,NA,NA,NA,NA,NA,NA,NA,NA,NA,NA,NA,NA,NA,NA,NA,NA,NA,NA,0.00,NA,NA,NA
2025-08-26 07:00:00,NA,NA,NA,NA,NA,NA,NA,NA,NA,NA,NA,NA,NA,NA,NA,NA,NA,NA,NA,NA,0.00,NA,NA,NA
2025-08-26 08:00:00,NA,NA,NA,NA,NA,NA,NA,NA,NA,NA,NA,NA,NA,NA,NA,NA,NA,NA,NA,NA,0.00,NA,NA,NA
2025-08-26 09:00:00,NA,NA,NA,NA,NA,NA,NA,NA,NA,NA,NA,NA,NA,NA,NA,NA,NA,NA,NA,NA,0.00,NA,NA,NA
2025-08-26 10:00:00,NA,NA,NA,NA,NA,NA,NA,NA,NA,NA,NA,NA,NA,NA,NA,NA,NA,NA,NA,NA,0.00,NA,NA,NA
2025-08-26 11:00:00,NA,NA,NA,NA,NA,NA,NA,NA,NA,NA,NA,NA,NA,NA,NA,NA,NA,NA,NA,NA,0.00,NA,NA,NA
2025-08-26 12:00:00,NA,NA,NA,NA,NA,NA,NA,NA,NA,NA,NA,NA,NA,NA,NA,NA,NA,NA,NA,NA,0.00,NA,NA,NA
2025-08-26 13:00:00,NA,NA,NA,NA,NA,NA,NA,NA,NA,NA,NA,NA,NA,NA,NA,NA,NA,NA,NA,NA,0.00,NA,NA,NA
2025-08-26 14:00:00,NA,NA,NA,NA,NA,NA,NA,NA,NA,NA,NA,NA,NA,NA,NA,NA,NA,NA,NA,NA,0.00,NA,NA,NA
2025-08-26 15:00:00,NA,NA,NA,NA,NA,NA,NA,NA,NA,NA,NA,NA,NA,NA,NA,NA,NA,NA,NA,NA,0.00,NA,NA,NA
2025-08-26 16:00:00,NA,NA,NA,NA,NA,NA,NA,NA,NA,NA,NA,NA,NA,NA,NA,NA,NA,NA,NA,NA,0.00,NA,NA,NA
2025-08-26 17:00:00,NA,NA,NA,NA,NA,NA,NA,NA,NA,NA,NA,NA,NA,NA,NA,NA,NA,NA,NA,NA,0.00,NA,NA,NA
2025-08-26 18:00:00,NA,NA,NA,NA,NA,NA,NA,NA,NA,NA,NA,NA,NA,NA,NA,NA,NA,NA,NA,NA,0.00,NA,NA,NA
2025-08-26 19:00:00,NA,NA,NA,NA,NA,NA,NA,NA,NA,NA,NA,NA,NA,NA,NA,NA,NA,NA,NA,NA,0.00,NA,NA,NA
2025-08-26 20:00:00,NA,NA,NA,NA,NA,NA,NA,NA,NA,NA,NA,NA,NA,NA,NA,NA,NA,NA,NA,NA,0.00,NA,NA,NA
2025-08-26 21:00:00,NA,NA,NA,NA,NA,NA,NA,NA,NA,NA,NA,NA,NA,NA,NA,NA,NA,NA,NA,NA,0.00,NA,NA,NA
2025-08-26 22:00:00,NA,NA,NA,NA,NA,NA,NA,NA,NA,NA,NA,NA,NA,NA,NA,NA,NA,NA,NA,NA,0.00,NA,NA,NA
2025-08-26 23:00:00,NA,NA,NA,NA,NA,NA,NA,NA,NA,NA,NA,NA,NA,NA,NA,NA,NA,NA,NA,NA,0.00,NA,NA,NA
2025-08-27 00:00:00,NA,NA,NA,NA,NA,NA,NA,NA,NA,NA,NA,NA,NA,NA,NA,NA,NA,NA,NA,NA,0.00,NA,NA,NA
2025-08-27 01:00:00,NA,NA,NA,NA,NA,NA,NA,NA,NA,NA,NA,NA,NA,NA,NA,NA,NA,NA,NA,NA,0.00,NA,NA,NA
2025-08-27 02:00:00,NA,NA,NA,NA,NA,NA,NA,NA,NA,NA,NA,NA,NA,NA,NA,NA,NA,NA,NA,NA,0.00,NA,NA,NA
2025-08-27 03:00:00,NA,NA,NA,NA,NA,NA,NA,NA,NA,NA,NA,NA,NA,NA,NA,NA,NA,NA,NA,NA,0.00,NA,NA,NA
2025-08-27 04:00:00,NA,NA,NA,NA,NA,NA,NA,NA,NA,NA,NA,NA,NA,NA,NA,NA,NA,NA,NA,NA,0.00,NA,NA,NA
2025-08-27 05:00:00,NA,NA,NA,NA,NA,NA,NA,NA,NA,NA,NA,NA,NA,NA,NA,NA,NA,NA,NA,NA,0.00,NA,NA,NA
2025-08-27 06:00:00,NA,NA,NA,NA,NA,NA,NA,NA,NA,NA,NA,NA,NA,NA,NA,NA,NA,NA,NA,NA,0.00,NA,NA,NA
2025-08-27 07:00:00,NA,NA,NA,NA,NA,NA,NA,NA,NA,NA,NA,NA,NA,NA,NA,NA,NA,NA,NA,NA,0.00,NA,NA,NA
2025-08-27 08:00:00,NA,NA,NA,NA,NA,NA,NA,NA,NA,NA,NA,NA,NA,NA,NA,NA,NA,NA,NA,NA,0.00,NA,NA,NA
2025-08-27 09:00:00,NA,NA,NA,NA,NA,NA,NA,NA,NA,NA,NA,NA,NA,NA,NA,NA,NA,NA,NA,NA,0.00,NA,NA,NA
2025-08-27 10:00:00,NA,NA,NA,NA,NA,NA,NA,NA,NA,NA,NA,NA,NA,NA,NA,NA,NA,NA,NA,NA,0.00,NA,NA,NA
2025-08-27 11:00:00,NA,NA,NA,NA,NA,NA,NA,NA,NA,NA,NA,NA,NA,NA,NA,NA,NA,NA,NA,NA,0.00,NA,NA,NA
2025-08-27 12:00:00,NA,NA,NA,NA,NA,NA,NA,NA,NA,NA,NA,NA,NA,NA,NA,NA,NA,NA,NA,NA,0.00,NA,NA,NA
2025-08-27 13:00:00,NA,NA,NA,NA,NA,NA,NA,NA,NA,NA,NA,NA,NA,NA,NA,NA,NA,NA,NA,NA,0.00,NA,NA,NA
2025-08-27 14:00:00,NA,NA,NA,NA,NA,NA,NA,NA,NA,NA,NA,NA,NA,NA,NA,NA,NA,NA,NA,NA,0.00,NA,NA,NA
2025-08-27 15:00:00,NA,NA,NA,NA,NA,NA,NA,NA,NA,NA,NA,NA,NA,NA,NA,NA,NA,NA,NA,NA,0.00,NA,NA,NA
2025-08-27 16:00:00,NA,NA,NA,NA,NA,NA,NA,NA,NA,NA,NA,NA,NA,NA,NA,NA,NA,NA,NA,NA,0.00,NA,NA,NA
2025-08-27 17:00:00,NA,NA,NA,NA,NA,NA,NA,NA,NA,NA,NA,NA,NA,NA,NA,NA,NA,NA,NA,NA,0.00,NA,NA,NA
2025-08-27 18:00:00,NA,NA,NA,NA,NA,NA,NA,NA,NA,NA,NA,NA,NA,NA,NA,NA,NA,NA,NA,NA,0.00,NA,NA,NA
2025-08-27 19:00:00,NA,NA,NA,NA,NA,NA,NA,NA,NA,NA,NA,NA,NA,NA,NA,NA,NA,NA,NA,NA,0.00,NA,NA,NA
2025-08-27 20:00:00,NA,NA,NA,NA,NA,NA,NA,NA,NA,NA,NA,NA,NA,NA,NA,NA,NA,NA,NA,NA,0.00,NA,NA,NA
2025-08-27 21:00:00,NA,NA,NA,NA,NA,NA,NA,NA,NA,NA,NA,NA,NA,NA,NA,NA,NA,NA,NA,NA,0.00,NA,NA,NA
2025-08-27 22:00:00,NA,NA,NA,NA,NA,NA,NA,NA,NA,NA,NA,NA,NA,NA,NA,NA,NA,NA,NA,NA,0.00,NA,NA,NA
2025-08-27 23:00:00,NA,NA,NA,NA,NA,NA,NA,NA,NA,NA,NA,NA,NA,NA,NA,NA,NA,NA,NA,NA,0.00,NA,NA,NA
2025-08-28 00:00:00,NA,NA,NA,NA,NA,NA,NA,NA,NA,NA,NA,NA,NA,NA,NA,NA,NA,NA,NA,NA,0.00,NA,NA,NA
2025-08-28 01:00:00,NA,NA,NA,NA,NA,NA,NA,NA,NA,NA,NA,NA,NA,NA,NA,NA,NA,NA,NA,NA,0.00,NA,NA,NA
2025-08-28 02:00:00,NA,NA,NA,NA,NA,NA,NA,NA,NA,NA,NA,NA,NA,NA,NA,NA,NA,NA,NA,NA,0.00,NA,NA,NA
2025-08-28 03:00:00,NA,NA,NA,NA,NA,NA,NA,NA,NA,NA,NA,NA,NA,NA,NA,NA,NA,NA,NA,NA,0.00,NA,NA,NA
2025-08-28 04:00:00,NA,NA,NA,NA,NA,NA,NA,NA,NA,NA,NA,NA,NA,NA,NA,NA,NA,NA,NA,NA,0.00,NA,NA,NA
2025-08-28 05:00:00,NA,NA,NA,NA,NA,NA,NA,NA,NA,NA,NA,NA,NA,NA,NA,NA,NA,NA,NA,NA,0.00,NA,NA,NA
2025-08-28 06:00:00,NA,NA,NA,NA,NA,NA,NA,NA,NA,NA,NA,NA,NA,NA,NA,NA,NA,NA,NA,NA,0.00,NA,NA,NA
2025-08-28 07:00:00,NA,NA,NA,NA,NA,NA,NA,NA,NA,NA,NA,NA,NA,NA,NA,NA,NA,NA,NA,NA,0.00,NA,NA,NA
2025-08-28 08:00:00,NA,NA,NA,NA,NA,NA,NA,NA,NA,NA,NA,NA,NA,NA,NA,NA,NA,NA,NA,NA,0.00,NA,NA,NA
2025-08-28 09:00:00,NA,NA,NA,NA,NA,NA,NA,NA,NA,NA,NA,NA,NA,NA,NA,NA,NA,NA,NA,NA,0.00,NA,NA,NA
2025-08-28 10:00:00,NA,NA,NA,NA,NA,NA,NA,NA,NA,NA,NA,NA,NA,NA,NA,NA,NA,NA,NA,NA,0.00,NA,NA,NA
2025-08-28 11:00:00,NA,NA,NA,NA,NA,NA,NA,NA,NA,NA,NA,NA,NA,NA,NA,NA,NA,NA,NA,NA,0.00,NA,NA,NA
2025-08-28 12:00:00,NA,NA,NA,NA,NA,NA,NA,NA,NA,NA,NA,NA,NA,NA,NA,NA,NA,NA,NA,NA,0.00,NA,NA,NA
2025-08-28 13:00:00,NA,NA,NA,NA,NA,NA,NA,NA,NA,NA,NA,NA,NA,NA,NA,NA,NA,NA,NA,NA,0.00,NA,NA,NA
2025-08-28 14:00:00,NA,NA,NA,NA,NA,NA,NA,NA,NA,NA,NA,NA,NA,NA,NA,NA,NA,NA,NA,NA,0.00,NA,NA,NA
2025-08-28 15:00:00,NA,NA,NA,NA,NA,NA,NA,NA,NA,NA,NA,NA,NA,NA,NA,NA,NA,NA,NA,NA,0.00,NA,NA,NA
2025-08-28 16:00:00,NA,NA,NA,NA,NA,NA,NA,NA,NA,NA,NA,NA,NA,NA,NA,NA,NA,NA,NA,NA,0.00,NA,NA,NA
2025-08-28 17:00:00,NA,NA,NA,NA,NA,NA,NA,NA,NA,NA,NA,NA,NA,NA,NA,NA,NA,NA,NA,NA,0.00,NA,NA,NA
2025-08-28 18:00:00,NA,NA,NA,NA,NA,NA,NA,NA,NA,NA,NA,NA,NA,NA,NA,NA,NA,NA,NA,NA,0.00,NA,NA,NA
2025-08-28 19:00:00,NA,NA,NA,NA,NA,NA,NA,NA,NA,NA,NA,NA,NA,NA,NA,NA,NA,NA,NA,NA,0.00,NA,NA,NA
2025-08-28 20:00:00,NA,NA,NA,NA,NA,NA,NA,NA,NA,NA,NA,NA,NA,NA,NA,NA,NA,NA,NA,NA,0.00,NA,NA,NA
2025-08-28 21:00:00,NA,NA,NA,NA,NA,NA,NA,NA,NA,NA,NA,NA,NA,NA,NA,NA,NA,NA,NA,NA,0.00,NA,NA,NA
2025-08-28 22:00:00,NA,NA,NA,NA,NA,NA,NA,NA,NA,NA,NA,NA,NA,NA,NA,NA,NA,NA,NA,NA,0.00,NA,NA,NA
2025-08-28 23:00:00,NA,NA,NA,NA,NA,NA,NA,NA,NA,NA,NA,NA,NA,NA,NA,NA,NA,NA,NA,NA,0.00,NA,NA,NA
2025-08-29 00:00:00,NA,NA,NA,NA,NA,NA,NA,NA,NA,NA,NA,NA,NA,NA,NA,NA,NA,NA,NA,NA,0.00,NA,NA,NA
2025-08-29 01:00:00,NA,NA,NA,NA,NA,NA,NA,NA,NA,NA,NA,NA,NA,NA,NA,NA,NA,NA,NA,NA,0.00,NA,NA,NA
2025-08-29 02:00:00,NA,NA,NA,NA,NA,NA,NA,NA,NA,NA,NA,NA,NA,NA,NA,NA,NA,NA,NA,NA,0.00,NA,NA,NA
2025-08-29 03:00:00,NA,NA,NA,NA,NA,NA,NA,NA,NA,NA,NA,NA,NA,NA,NA,NA,NA,NA,NA,NA,0.00,NA,NA,NA
2025-08-29 04:00:00,NA,NA,NA,NA,NA,NA,NA,NA,NA,NA,NA,NA,NA,NA,NA,NA,NA,NA,NA,NA,0.00,NA,NA,NA
2025-08-29 05:00:00,NA,NA,NA,NA,NA,NA,NA,NA,NA,NA,NA,NA,NA,NA,NA,NA,NA,NA,NA,NA,0.00,NA,NA,NA
2025-08-29 06:00:00,NA,NA,NA,NA,NA,NA,NA,NA,NA,NA,NA,NA,NA,NA,NA,NA,NA,NA,NA,NA,0.00,NA,NA,NA
2025-08-29 07:00:00,NA,NA,NA,NA,NA,NA,NA,NA,NA,NA,NA,NA,NA,NA,NA,NA,NA,NA,NA,NA,0.00,NA,NA,NA
2025-08-29 08:00:00,NA,NA,NA,NA,NA,NA,NA,NA,NA,NA,NA,NA,NA,NA,NA,NA,NA,NA,NA,NA,0.00,NA,NA,NA
2025-08-29 09:00:00,NA,NA,NA,NA,NA,NA,NA,NA,NA,NA,NA,NA,NA,NA,NA,NA,NA,NA,NA,NA,0.00,NA,NA,NA
2025-08-29 10:00:00,NA,NA,NA,NA,NA,NA,NA,NA,NA,NA,NA,NA,NA,NA,NA,NA,NA,NA,NA,NA,0.00,NA,NA,NA
2025-08-29 11:00:00,NA,NA,NA,NA,NA,NA,NA,NA,NA,NA,NA,NA,NA,NA,NA,NA,NA,NA,NA,NA,0.00,NA,NA,NA
2025-08-29 12:00:00,NA,NA,NA,NA,NA,NA,NA,NA,NA,NA,NA,NA,NA,NA,NA,NA,NA,NA,NA,NA,0.00,NA,NA,NA
2025-08-29 13:00:00,NA,NA,NA,NA,NA,NA,NA,NA,NA,NA,NA,NA,NA,NA,NA,NA,NA,NA,NA,NA,0.00,NA,NA,NA
2025-08-29 14:00:00,NA,NA,NA,NA,NA,NA,NA,NA,NA,NA,NA,NA,NA,NA,NA,NA,NA,NA,NA,NA,0.00,NA,NA,NA
2025-08-29 15:00:00,NA,NA,NA,NA,NA,NA,NA,NA,NA,NA,NA,NA,NA,NA,NA,NA,NA,NA,NA,NA,0.00,NA,NA,NA
2025-08-29 16:00:00,NA,NA,NA,NA,NA,NA,NA,NA,NA,NA,NA,NA,NA,NA,NA,NA,NA,NA,NA,NA,0.00,NA,NA,NA
2025-08-29 17:00:00,NA,NA,NA,NA,NA,NA,NA,NA,NA,NA,NA,NA,NA,NA,NA,NA,NA,NA,NA,NA,0.00,NA,NA,NA
2025-08-29 18:00:00,NA,NA,NA,NA,NA,NA,NA,NA,NA,NA,NA,NA,NA,NA,NA,NA,NA,NA,NA,NA,0.00,NA,NA,NA
2025-08-29 19:00:00,NA,NA,NA,NA,NA,NA,NA,NA,NA,NA,NA,NA,NA,NA,NA,NA,NA,NA,NA,NA,0.00,NA,NA,NA
2025-08-29 20:00:00,NA,NA,NA,NA,NA,NA,NA,NA,NA,NA,NA,NA,NA,NA,NA,NA,NA,NA,NA,NA,0.00,NA,NA,NA
2025-08-29 21:00:00,NA,NA,NA,NA,NA,NA,NA,NA,NA,NA,NA,NA,NA,NA,NA,NA,NA,NA,NA,NA,0.00,NA,NA,NA
2025-08-29 22:00:00,NA,NA,NA,NA,NA,NA,NA,NA,NA,NA,NA,NA,NA,NA,NA,NA,NA,NA,NA,NA,0.00,NA,NA,NA
2025-08-29 23:00:00,NA,NA,NA,NA,NA,NA,NA,NA,NA,NA,NA,NA,NA,NA,NA,NA,NA,NA,NA,NA,0.00,NA,NA,NA
2025-08-30 00:00:00,NA,NA,NA,NA,NA,NA,NA,NA,NA,NA,NA,NA,NA,NA,NA,NA,NA,NA,NA,NA,0.00,NA,NA,NA
2025-08-30 01:00:00,NA,NA,NA,NA,NA,NA,NA,NA,NA,NA,NA,NA,NA,NA,NA,NA,NA,NA,NA,NA,0.00,NA,NA,NA
2025-08-30 02:00:00,NA,NA,NA,NA,NA,NA,NA,NA,NA,NA,NA,NA,NA,NA,NA,NA,NA,NA,NA,NA,0.00,NA,NA,NA
2025-08-30 03:00:00,NA,NA,NA,NA,NA,NA,NA,NA,NA,NA,NA,NA,NA,NA,NA,NA,NA,NA,NA,NA,0.00,NA,NA,NA
2025-08-30 04:00:00,NA,NA,NA,NA,NA,NA,NA,NA,NA,NA,NA,NA,NA,NA,NA,NA,NA,NA,NA,NA,0.00,NA,NA,NA
2025-08-30 05:00:00,NA,NA,NA,NA,NA,NA,NA,NA,NA,NA,NA,NA,NA,NA,NA,NA,NA,NA,NA,NA,0.00,NA,NA,NA
2025-08-30 06:00:00,NA,NA,NA,NA,NA,NA,NA,NA,NA,NA,NA,NA,NA,NA,NA,NA,NA,NA,NA,NA,0.00,NA,NA,NA
2025-08-30 07:00:00,NA,NA,NA,NA,NA,NA,NA,NA,NA,NA,NA,NA,NA,NA,NA,NA,NA,NA,NA,NA,0.00,NA,NA,NA
2025-08-30 08:00:00,NA,NA,NA,NA,NA,NA,NA,NA,NA,NA,NA,NA,NA,NA,NA,NA,NA,NA,NA,NA,0.00,NA,NA,NA
2025-08-30 09:00:00,NA,NA,NA,NA,NA,NA,NA,NA,NA,NA,NA,NA,NA,NA,NA,NA,NA,NA,NA,NA,0.00,NA,NA,NA
2025-08-30 10:00:00,NA,NA,NA,NA,NA,NA,NA,NA,NA,NA,NA,NA,NA,NA,NA,NA,NA,NA,NA,NA,0.00,NA,NA,NA
2025-08-30 11:00:00,NA,NA,NA,NA,NA,NA,NA,NA,NA,NA,NA,NA,NA,NA,NA,NA,NA,NA,NA,NA,0.00,NA,NA,NA
2025-08-30 12:00:00,NA,NA,NA,NA,NA,NA,NA,NA,NA,NA,NA,NA,NA,NA,NA,NA,NA,NA,NA,NA,0.00,NA,NA,NA
2025-08-30 13:00:00,NA,NA,NA,NA,NA,NA,NA,NA,NA,NA,NA,NA,NA,NA,NA,NA,NA,NA,NA,NA,0.00,NA,NA,NA
2025-08-30 14:00:00,NA,NA,NA,NA,NA,NA,NA,NA,NA,NA,NA,NA,NA,NA,NA,NA,NA,NA,NA,NA,0.00,NA,NA,NA
2025-08-30 15:00:00,NA,NA,NA,NA,NA,NA,NA,NA,NA,NA,NA,NA,NA,NA,NA,NA,NA,NA,NA,NA,0.00,NA,NA,NA
2025-08-30 16:00:00,NA,NA,NA,NA,NA,NA,NA,NA,NA,NA,NA,NA,NA,NA,NA,NA,NA,NA,NA,NA,0.00,NA,NA,NA
2025-08-30 17:00:00,NA,NA,NA,NA,NA,NA,NA,NA,NA,NA,NA,NA,NA,NA,NA,NA,NA,NA,NA,NA,0.00,NA,NA,NA
2025-08-30 18:00:00,NA,NA,NA,NA,NA,NA,NA,NA,NA,NA,NA,NA,NA,NA,NA,NA,NA,NA,NA,NA,0.00,NA,NA,NA
2025-08-30 19:00:00,NA,NA,NA,NA,NA,NA,NA,NA,NA,NA,NA,NA,NA,NA,NA,NA,NA,NA,NA,NA,0.00,NA,NA,NA
2025-08-30 20:00:00,NA,NA,NA,NA,NA,NA,NA,NA,NA,NA,NA,NA,NA,NA,NA,NA,NA,NA,NA,NA,0.00,NA,NA,NA
2025-08-30 21:00:00,NA,NA,NA,NA,NA,NA,NA,NA,NA,NA,NA,NA,NA,NA,NA,NA,NA,NA,NA,NA,0.00,NA,NA,NA
2025-08-30 22:00:00,NA,NA,NA,NA,NA,NA,NA,NA,NA,NA,NA,NA,NA,NA,NA,NA,NA,NA,NA,NA,0.00,NA,NA,NA
2025-08-30 23:00:00,NA,NA,NA,NA,NA,NA,NA,NA,NA,NA,NA,NA,NA,NA,NA,NA,NA,NA,NA,NA,0.00,NA,NA,NA
2025-08-31 00:00:00,NA,NA,NA,NA,NA,NA,NA,NA,NA,NA,NA,NA,NA,NA,NA,NA,NA,NA,NA,NA,0.00,NA,NA,NA
2025-08-31 01:00:00,NA,NA,NA,NA,NA,NA,NA,NA,NA,NA,NA,NA,NA,NA,NA,NA,NA,NA,NA,NA,0.00,NA,NA,NA
2025-08-31 02:00:00,NA,NA,NA,NA,NA,NA,NA,NA,NA,NA,NA,NA,NA,NA,NA,NA,NA,NA,NA,NA,0.00,NA,NA,NA
2025-08-31 03:00:00,NA,NA,NA,NA,NA,NA,NA,NA,NA,NA,NA,NA,NA,NA,NA,NA,NA,NA,NA,NA,0.00,NA,NA,NA
2025-08-31 04:00:00,NA,NA,NA,NA,NA,NA,NA,NA,NA,NA,NA,NA,NA,NA,NA,NA,NA,NA,NA,NA,0.00,NA,NA,NA
2025-08-31 05:00:00,NA,NA,NA,NA,NA,NA,NA,NA,NA,NA,NA,NA,NA,NA,NA,NA,NA,NA,NA,NA,0.00,NA,NA,NA
2025-08-31 06:00:00,NA,NA,NA,NA,NA,NA,NA,NA,NA,NA,NA,NA,NA,NA,NA,NA,NA,NA,NA,NA,0.00,NA,NA,NA
2025-08-31 07:00:00,NA,NA,NA,NA,NA,NA,NA,NA,NA,NA,NA,NA,NA,NA,NA,NA,NA,NA,NA,NA,0.00,NA,NA,NA
2025-08-31 08:00:00,NA,NA,NA,NA,NA,NA,NA,NA,NA,NA,NA,NA,NA,NA,NA,NA,NA,NA,NA,NA,0.00,NA,NA,NA
2025-08-31 09:00:00,NA,NA,NA,NA,NA,NA,NA,NA,NA,NA,NA,NA,NA,NA,NA,NA,NA,NA,NA,NA,0.00,NA,NA,NA
2025-08-31 10:00:00,NA,NA,NA,NA,NA,NA,NA,NA,NA,NA,NA,NA,NA,NA,NA,NA,NA,NA,NA,NA,0.00,NA,NA,NA
2025-08-31 11:00:00,NA,NA,NA,NA,NA,NA,NA,NA,NA,NA,NA,NA,NA,NA,NA,NA,NA,NA,NA,NA,0.00,NA,NA,NA
2025-08-31 12:00:00,NA,NA,NA,NA,NA,NA,NA,NA,NA,NA,NA,NA,NA,NA,NA,NA,NA,NA,NA,NA,0.00,NA,NA,NA
2025-08-31 13:00:00,NA,NA,NA,NA,NA,NA,NA,NA,NA,NA,NA,NA,NA,NA,NA,NA,NA,NA,NA,NA,0.00,NA,NA,NA
2025-08-31 14:00:00,NA,NA,NA,NA,NA,NA,NA,NA,NA,NA,NA,NA,NA,NA,NA,NA,NA,NA,NA,NA,0.00,NA,NA,NA
2025-08-31 15:00:00,NA,NA,NA,NA,NA,NA,NA,NA,NA,NA,NA,NA,NA,NA,NA,NA,NA,NA,NA,NA,0.00,NA,NA,NA
2025-08-31 16:00:00,NA,NA,NA,NA,NA,NA,NA,NA,NA,NA,NA,NA,NA,NA,NA,NA,NA,NA,NA,NA,0.00,NA,NA,NA
2025-08-31 17:00:00,NA,NA,NA,NA,NA,NA,NA,NA,NA,NA,NA,NA,NA,NA,NA,NA,NA,NA,NA,NA,0.00,NA,NA,NA
2025-08-31 18:00:00,NA,NA,NA,NA,NA,NA,NA,NA,NA,NA,NA,NA,NA,NA,NA,NA,NA,NA,NA,NA,0.00,NA,NA,NA
2025-08-31 19:00:00,NA,NA,NA,NA,NA,NA,NA,NA,NA,NA,NA,NA,NA,NA,NA,NA,NA,NA,NA,NA,0.00,NA,NA,NA
2025-08-31 20:00:00,NA,NA,NA,NA,NA,NA,NA,NA,NA,NA,NA,NA,NA,NA,NA,NA,NA,NA,NA,NA,0.00,NA,NA,NA
2025-08-31 21:00:00,NA,NA,NA,NA,NA,NA,NA,NA,NA,NA,NA,NA,NA,NA,NA,NA,NA,NA,NA,NA,0.00,NA,NA,NA
2025-08-31 22:00:00,NA,NA,NA,NA,NA,NA,NA,NA,NA,NA,NA,NA,NA,NA,NA,NA,NA,NA,NA,NA,0.00,NA,NA,NA
2025-08-31 23:00:00,NA,NA,NA,NA,NA,NA,NA,NA,NA,NA,NA,NA,NA,NA,NA,NA,NA,NA,NA,NA,0.00,NA,NA,NA
2025-09-01 00:00:00,NA,NA,NA,NA,NA,NA,NA,NA,NA,NA,NA,NA,NA,NA,NA,NA,NA,NA,NA,NA,0.00,NA,NA,NA
2025-09-01 01:00:00,NA,NA,NA,NA,NA,NA,NA,NA,NA,NA,NA,NA,NA,NA,NA,NA,NA,NA,NA,NA,0.00,NA,NA,NA
2025-09-01 02:00:00,NA,NA,NA,NA,NA,NA,NA,NA,NA,NA,NA,NA,NA,NA,NA,NA,NA,NA,NA,NA,0.00,NA,NA,NA
2025-09-01 03:00:00,NA,NA,NA,NA,NA,NA,NA,NA,NA,NA,NA,NA,NA,NA,NA,NA,NA,NA,NA,NA,0.00,NA,NA,NA
2025-09-01 04:00:00,NA,NA,NA,NA,NA,NA,NA,NA,NA,NA,NA,NA,NA,NA,NA,NA,NA,NA,NA,NA,0.00,NA,NA,NA
2025-09-01 05:00:00,NA,NA,NA,NA,NA,NA,NA,NA,NA,NA,NA,NA,NA,NA,NA,NA,NA,NA,NA,NA,0.00,NA,NA,NA
2025-09-01 06:00:00,NA,NA,NA,NA,NA,NA,NA,NA,NA,NA,NA,NA,NA,NA,NA,NA,NA,NA,NA,NA,0.00,NA,NA,NA
2025-09-01 07:00:00,NA,NA,NA,NA,NA,NA,NA,NA,NA,NA,NA,NA,NA,NA,NA,NA,NA,NA,NA,NA,0.00,NA,NA,NA
2025-09-01 08:00:00,NA,NA,NA,NA,NA,NA,NA,NA,NA,NA,NA,NA,NA,NA,NA,NA,NA,NA,NA,NA,0.00,NA,NA,NA
2025-09-01 09:00:00,NA,NA,NA,NA,NA,NA,NA,NA,NA,NA,NA,NA,NA,NA,NA,NA,NA,NA,NA,NA,0.00,NA,NA,NA
2025-09-01 10:00:00,NA,NA,NA,NA,NA,NA,NA,NA,NA,NA,NA,NA,NA,NA,NA,NA,NA,NA,NA,NA,0.00,NA,NA,NA
2025-09-01 11:00:00,NA,NA,NA,NA,NA,NA,NA,NA,NA,NA,NA,NA,NA,NA,NA,NA,NA,NA,NA,NA,0.00,NA,NA,NA
2025-09-01 12:00:00,NA,NA,NA,NA,NA,NA,NA,NA,NA,NA,NA,NA,NA,NA,NA,NA,NA,NA,NA,NA,0.00,NA,NA,NA
2025-09-01 13:00:00,NA,NA,NA,NA,NA,NA,NA,NA,NA,NA,NA,NA,NA,NA,NA,NA,NA,NA,NA,NA,0.00,NA,NA,NA
2025-09-01 14:00:00,NA,NA,NA,NA,NA,NA,NA,NA,NA,NA,NA,NA,NA,NA,NA,NA,NA,NA,NA,NA,0.00,NA,NA,NA
2025-09-01 15:00:00,NA,NA,NA,NA,NA,NA,NA,NA,NA,NA,NA,NA,NA,NA,NA,NA,NA,NA,NA,NA,0.00,NA,NA,NA
2025-09-01 16:00:00,NA,NA,NA,NA,NA,NA,NA,NA,NA,NA,NA,NA,NA,NA,NA,NA,NA,NA,NA,NA,0.00,NA,NA,NA
2025-09-01 17:00:00,NA,NA,NA,NA,NA,NA,NA,NA,NA,NA,NA,NA,NA,NA,NA,NA,NA,NA,NA,NA,0.00,NA,NA,NA
2025-09-01 18:00:00,NA,NA,NA,NA,NA,NA,NA,NA,NA,NA,NA,NA,NA,NA,NA,NA,NA,NA,NA,NA,0.00,NA,NA,NA
2025-09-01 19:00:00,NA,NA,NA,NA,NA,NA,NA,NA,NA,NA,NA,NA,NA,NA,NA,NA,NA,NA,NA,NA,0.00,NA,NA,NA
2025-09-01 20:00:00,NA,NA,NA,NA,NA,NA,NA,NA,NA,NA,NA,NA,NA,NA,NA,NA,NA,NA,NA,NA,0.00,NA,NA,NA
2025-09-01 21:00:00,NA,NA,NA,NA,NA,NA,NA,NA,NA,NA,NA,NA,NA,NA,NA,NA,NA,NA,NA,NA,0.00,NA,NA,NA
2025-09-01 22:00:00,NA,NA,NA,NA,NA,NA,NA,NA,NA,NA,NA,NA,NA,NA,NA,NA,NA,NA,NA,NA,0.00,NA,NA,NA
2025-09-01 23:00:00,NA,NA,NA,NA,NA,NA,NA,NA,NA,NA,NA,NA,NA,NA,NA,NA,NA,NA,NA,NA,0.00,NA,NA,NA
2025-09-02 00:00:00,NA,NA,NA,NA,NA,NA,NA,NA,NA,NA,NA,NA,NA,NA,NA,NA,NA,NA,NA,NA,0.00,NA,NA,NA
2025-09-02 01:00:00,NA,NA,NA,NA,NA,NA,NA,NA,NA,NA,NA,NA,NA,NA,NA,NA,NA,NA,NA,NA,0.00,NA,NA,NA
2025-09-02 02:00:00,NA,NA,NA,NA,NA,NA,NA,NA,NA,NA,NA,NA,NA,NA,NA,NA,NA,NA,NA,NA,0.00,NA,NA,NA
2025-09-02 03:00:00,NA,NA,NA,NA,NA,NA,NA,NA,NA,NA,NA,NA,NA,NA,NA,NA,NA,NA,NA,NA,0.00,NA,NA,NA
2025-09-02 04:00:00,NA,NA,NA,NA,NA,NA,NA,NA,NA,NA,NA,NA,NA,NA,NA,NA,NA,NA,NA,NA,0.00,NA,NA,NA
2025-09-02 05:00:00,NA,NA,NA,NA,NA,NA,NA,NA,NA,NA,NA,NA,NA,NA,NA,NA,NA,NA,NA,NA,0.00,NA,NA,NA
2025-09-02 06:00:00,NA,NA,NA,NA,NA,NA,NA,NA,NA,NA,NA,NA,NA,NA,NA,NA,NA,NA,NA,NA,0.00,NA,NA,NA
2025-09-02 07:00:00,NA,NA,NA,NA,NA,NA,NA,NA,NA,NA,NA,NA,NA,NA,NA,NA,NA,NA,NA,NA,0.00,NA,NA,NA
2025-09-02 08:00:00,NA,NA,NA,NA,NA,NA,NA,NA,NA,NA,NA,NA,NA,NA,NA,NA,NA,NA,NA,NA,0.00,NA,NA,NA
2025-09-02 09:00:00,NA,NA,NA,NA,NA,NA,NA,NA,NA,NA,NA,NA,NA,NA,NA,NA,NA,NA,NA,NA,0.00,NA,NA,NA
2025-09-02 10:00:00,NA,NA,NA,NA,NA,NA,NA,NA,NA,NA,NA,NA,NA,NA,NA,NA,NA,NA,NA,NA,0.00,NA,NA,NA
2025-09-02 11:00:00,NA,NA,NA,NA,NA,NA,NA,NA,NA,NA,NA,NA,NA,NA,NA,NA,NA,NA,NA,NA,0.00,NA,NA,NA
2025-09-02 12:00:00,NA,NA,NA,NA,NA,NA,NA,NA,NA,NA,NA,NA,NA,NA,NA,NA,NA,NA,NA,NA,0.00,NA,NA,NA
2025-09-02 13:00:00,NA,NA,NA,NA,NA,NA,NA,NA,NA,NA,NA,NA,NA,NA,NA,NA,NA,NA,NA,NA,0.00,NA,NA,NA
2025-09-02 14:00:00,NA,NA,NA,NA,NA,NA,NA,NA,NA,NA,NA,NA,NA,NA,NA,NA,NA,NA,NA,NA,0.00,NA,NA,NA
2025-09-02 15:00:00,NA,NA,NA,NA,NA,NA,NA,NA,NA,NA,NA,NA,NA,NA,NA,NA,NA,NA,NA,NA,0.00,NA,NA,NA
2025-09-02 16:00:00,NA,NA,NA,NA,NA,NA,NA,NA,NA,NA,NA,NA,NA,NA,NA,NA,NA,NA,NA,NA,0.00,NA,NA,NA
2025-09-02 17:00:00,NA,NA,NA,NA,NA,NA,NA,NA,NA,NA,NA,NA,NA,NA,NA,NA,NA,NA,NA,NA,0.00,NA,NA,NA
2025-09-02 18:00:00,NA,NA,NA,NA,NA,NA,NA,NA,NA,NA,NA,NA,NA,NA,NA,NA,NA,NA,NA,NA,0.00,NA,NA,NA
2025-09-02 19:00:00,NA,NA,NA,NA,NA,NA,NA,NA,NA,NA,NA,NA,NA,NA,NA,NA,NA,NA,NA,NA,0.00,NA,NA,NA
2025-09-02 20:00:00,NA,NA,NA,NA,NA,NA,NA,NA,NA,NA,NA,NA,NA,NA,NA,NA,NA,NA,NA,NA,0.00,NA,NA,NA
2025-09-02 21:00:00,NA,NA,NA,NA,NA,NA,NA,NA,NA,NA,NA,NA,NA,NA,NA,NA,NA,NA,NA,NA,0.00,NA,NA,NA
2025-09-02 22:00:00,NA,NA,NA,NA,NA,NA,NA,NA,NA,NA,NA,NA,NA,NA,NA,NA,NA,NA,NA,NA,0.00,NA,NA,NA
2025-09-02 23:00:00,NA,NA,NA,NA,NA,NA,NA,NA,NA,NA,NA,NA,NA,NA,NA,NA,NA,NA,NA,NA,0.00,NA,NA,NA
2025-09-03 00:00:00,NA,NA,NA,NA,NA,NA,NA,NA,NA,NA,NA,NA,NA,NA,NA,NA,NA,NA,NA,NA,0.00,NA,NA,NA
2025-09-03 01:00:00,NA,NA,NA,NA,NA,NA,NA,NA,NA,NA,NA,NA,NA,NA,NA,NA,NA,NA,NA,NA,0.00,NA,NA,NA
2025-09-03 02:00:00,NA,NA,NA,NA,NA,NA,NA,NA,NA,NA,NA,NA,NA,NA,NA,NA,NA,NA,NA,NA,0.00,NA,NA,NA
2025-09-03 03:00:00,NA,NA,NA,NA,NA,NA,NA,NA,NA,NA,NA,NA,NA,NA,NA,NA,NA,NA,NA,NA,0.00,NA,NA,NA
2025-09-03 04:00:00,NA,NA,NA,NA,NA,NA,NA,NA,NA,NA,NA,NA,NA,NA,NA,NA,NA,NA,NA,NA,0.00,NA,NA,NA
2025-09-03 05:00:00,NA,NA,NA,NA,NA,NA,NA,NA,NA,NA,NA,NA,NA,NA,NA,NA,NA,NA,NA,NA,0.00,NA,NA,NA
2025-09-03 06:00:00,NA,NA,NA,NA,NA,NA,NA,NA,NA,NA,NA,NA,NA,NA,NA,NA,NA,NA,NA,NA,0.00,NA,NA,NA
2025-09-03 07:00:00,NA,NA,NA,NA,NA,NA,NA,NA,NA,NA,NA,NA,NA,NA,NA,NA,NA,NA,NA,NA,0.00,NA,NA,NA
2025-09-03 08:00:00,NA,NA,NA,NA,NA,NA,NA,NA,NA,NA,NA,NA,NA,NA,NA,NA,NA,NA,NA,NA,0.00,NA,NA,NA
2025-09-03 09:00:00,NA,NA,NA,NA,NA,NA,NA,NA,NA,NA,NA,NA,NA,NA,NA,NA,NA,NA,NA,NA,0.00,NA,NA,NA
2025-09-03 10:00:00,NA,NA,NA,NA,NA,NA,NA,NA,NA,NA,NA,NA,NA,NA,NA,NA,NA,NA,NA,NA,0.00,NA,NA,NA
2025-09-03 11:00:00,NA,NA,NA,NA,NA,NA,NA,NA,NA,NA,NA,NA,NA,NA,NA,NA,NA,NA,NA,NA,0.00,NA,NA,NA
2025-09-03 12:00:00,NA,NA,NA,NA,NA,NA,NA,NA,NA,NA,NA,NA,NA,NA,NA,NA,NA,NA,NA,NA,0.00,NA,NA,NA
2025-09-03 13:00:00,NA,NA,NA,NA,NA,NA,NA,NA,NA,NA,NA,NA,NA,NA,NA,NA,NA,NA,NA,NA,0.00,NA,NA,NA
2025-09-03 14:00:00,NA,NA,NA,NA,NA,NA,NA,NA,NA,NA,NA,NA,NA,NA,NA,NA,NA,NA,NA,NA,0.00,NA,NA,NA
2025-09-03 15:00:00,NA,NA,NA,NA,NA,NA,NA,NA,NA,NA,NA,NA,NA,NA,NA,NA,NA,NA,NA,NA,0.00,NA,NA,NA
2025-09-03 16:00:00,NA,NA,NA,NA,NA,NA,NA,NA,NA,NA,NA,NA,NA,NA,NA,NA,NA,NA,NA,NA,0.00,NA,NA,NA
2025-09-03 17:00:00,NA,NA,NA,NA,NA,NA,NA,NA,NA,NA,NA,NA,NA,NA,NA,NA,NA,NA,NA,NA,0.00,NA,NA,NA
2025-09-03 18:00:00,NA,NA,NA,NA,NA,NA,NA,NA,NA,NA,NA,NA,NA,NA,NA,NA,NA,NA,NA,NA,0.00,NA,NA,NA
2025-09-03 19:00:00,NA,NA,NA,NA,NA,NA,NA,NA,NA,NA,NA,NA,NA,NA,NA,NA,NA,NA,NA,NA,0.00,NA,NA,NA
2025-09-03 20:00:00,NA,NA,NA,NA,NA,NA,NA,NA,NA,NA,NA,NA,NA,NA,NA,NA,NA,NA,NA,NA,0.00,NA,NA,NA
2025-09-03 21:00:00,NA,NA,NA,NA,NA,NA,NA,NA,NA,NA,NA,NA,NA,NA,NA,NA,NA,NA,NA,NA,0.00,NA,NA,NA
2025-09-03 22:00:00,NA,NA,NA,NA,NA,NA,NA,NA,NA,NA,NA,NA,NA,NA,NA,NA,NA,NA,NA,NA,0.00,NA,NA,NA
2025-09-03 23:00:00,NA,NA,NA,NA,NA,NA,NA,NA,NA,NA,NA,NA,NA,NA,NA,NA,NA,NA,NA,NA,0.00,NA,NA,NA
2025-09-04 00:00:00,NA,NA,NA,NA,NA,NA,NA,NA,NA,NA,NA,NA,NA,NA,NA,NA,NA,NA,NA,NA,0.00,NA,NA,NA
2025-09-04 01:00:00,NA,NA,NA,NA,NA,NA,NA,NA,NA,NA,NA,NA,NA,NA,NA,NA,NA,NA,NA,NA,0.00,NA,NA,NA
2025-09-04 02:00:00,NA,NA,NA,NA,NA,NA,NA,NA,NA,NA,NA,NA,NA,NA,NA,NA,NA,NA,NA,NA,0.00,NA,NA,NA
2025-09-04 03:00:00,NA,NA,NA,NA,NA,NA,NA,NA,NA,NA,NA,NA,NA,NA,NA,NA,NA,NA,NA,NA,0.00,NA,NA,NA
2025-09-04 04:00:00,NA,NA,NA,NA,NA,NA,NA,NA,NA,NA,NA,NA,NA,NA,NA,NA,NA,NA,NA,NA,0.00,NA,NA,NA
2025-09-04 05:00:00,NA,NA,NA,NA,NA,NA,NA,NA,NA,NA,NA,NA,NA,NA,NA,NA,NA,NA,NA,NA,0.00,NA,NA,NA
2025-09-04 06:00:00,NA,NA,NA,NA,NA,NA,NA,NA,NA,NA,NA,NA,NA,NA,NA,NA,NA,NA,NA,NA,0.00,NA,NA,NA
2025-09-04 07:00:00,NA,NA,NA,NA,NA,NA,NA,NA,NA,NA,NA,NA,NA,NA,NA,NA,NA,NA,NA,NA,0.00,NA,NA,NA
2025-09-04 08:00:00,NA,NA,NA,NA,NA,NA,NA,NA,NA,NA,NA,NA,NA,NA,NA,NA,NA,NA,NA,NA,0.00,NA,NA,NA
2025-09-04 09:00:00,NA,NA,NA,NA,NA,NA,NA,NA,NA,NA,NA,NA,NA,NA,NA,NA,NA,NA,NA,NA,0.00,NA,NA,NA
2025-09-04 10:00:00,NA,NA,NA,NA,NA,NA,NA,NA,NA,NA,NA,NA,NA,NA,NA,NA,NA,NA,NA,NA,0.00,NA,NA,NA
2025-09-04 11:00:00,NA,NA,NA,NA,NA,NA,NA,NA,NA,NA,NA,NA,NA,NA,NA,NA,NA,NA,NA,NA,0.00,NA,NA,NA
2025-09-04 12:00:00,NA,NA,NA,NA,NA,NA,NA,NA,NA,NA,NA,NA,NA,NA,NA,NA,NA,NA,NA,NA,0.00,NA,NA,NA
2025-09-04 13:00:00,NA,NA,NA,NA,NA,NA,NA,NA,NA,NA,NA,NA,NA,NA,NA,NA,NA,NA,NA,NA,0.00,NA,NA,NA
2025-09-04 14:00:00,NA,NA,NA,NA,NA,NA,NA,NA,NA,NA,NA,NA,NA,NA,NA,NA,NA,NA,NA,NA,0.00,NA,NA,NA
2025-09-04 15:00:00,NA,NA,NA,NA,NA,NA,NA,NA,NA,NA,NA,NA,NA,NA,NA,NA,NA,NA,NA,NA,0.00,NA,NA,NA
2025-09-04 16:00:00,NA,NA,NA,NA,NA,NA,NA,NA,NA,NA,NA,NA,NA,NA,NA,NA,NA,NA,NA,NA,0.00,NA,NA,NA
2025-09-04 17:00:00,NA,NA,NA,NA,NA,NA,NA,NA,NA,NA,NA,NA,NA,NA,NA,NA,NA,NA,NA,NA,0.00,NA,NA,NA
2025-09-04 18:00:00,NA,NA,NA,NA,NA,NA,NA,NA,NA,NA,NA,NA,NA,NA,NA,NA,NA,NA,NA,NA,0.00,NA,NA,NA
2025-09-04 19:00:00,NA,NA,NA,NA,NA,NA,NA,NA,NA,NA,NA,NA,NA,NA,NA,NA,NA,NA,NA,NA,0.00,NA,NA,NA
2025-09-04 20:00:00,NA,NA,NA,NA,NA,NA,NA,NA,NA,NA,NA,NA,NA,NA,NA,NA,NA,NA,NA,NA,0.00,NA,NA,NA
2025-09-04 21:00:00,NA,NA,NA,NA,NA,NA,NA,NA,NA,NA,NA,NA,NA,NA,NA,NA,NA,NA,NA,NA,0.00,NA,NA,NA
2025-09-04 22:00:00,NA,NA,NA,NA,NA,NA,NA,NA,NA,NA,NA,NA,NA,NA,NA,NA,NA,NA,NA,NA,0.00,NA,NA,NA
2025-09-04 23:00:00,NA,NA,NA,NA,NA,NA,NA,NA,NA,NA,NA,NA,NA,NA,NA,NA,NA,NA,NA,NA,0.00,NA,NA,NA
2025-09-05 00:00:00,NA,NA,NA,NA,NA,NA,NA,NA,NA,NA,NA,NA,NA,NA,NA,NA,NA,NA,NA,NA,0.00,NA,NA,NA
2025-09-05 01:00:00,NA,NA,NA,NA,NA,NA,NA,NA,NA,NA,NA,NA,NA,NA,NA,NA,NA,NA,NA,NA,0.00,NA,NA,NA
2025-09-05 02:00:00,NA,NA,NA,NA,NA,NA,NA,NA,NA,NA,NA,NA,NA,NA,NA,NA,NA,NA,NA,NA,0.00,NA,NA,NA
2025-09-05 03:00:00,NA,NA,NA,NA,NA,NA,NA,NA,NA,NA,NA,NA,NA,NA,NA,NA,NA,NA,NA,NA,0.00,NA,NA,NA
2025-09-05 04:00:00,NA,NA,NA,NA,NA,NA,NA,NA,NA,NA,NA,NA,NA,NA,NA,NA,NA,NA,NA,NA,0.00,NA,NA,NA
2025-09-05 05:00:00,NA,NA,NA,NA,NA,NA,NA,NA,NA,NA,NA,NA,NA,NA,NA,NA,NA,NA,NA,NA,0.00,NA,NA,NA
2025-09-05 06:00:00,NA,NA,NA,NA,NA,NA,NA,NA,NA,NA,NA,NA,NA,NA,NA,NA,NA,NA,NA,NA,0.00,NA,NA,NA
2025-09-05 07:00:00,NA,NA,NA,NA,NA,NA,NA,NA,NA,NA,NA,NA,NA,NA,NA,NA,NA,NA,NA,NA,0.00,NA,NA,NA
2025-09-05 08:00:00,NA,NA,NA,NA,NA,NA,NA,NA,NA,NA,NA,NA,NA,NA,NA,NA,NA,NA,NA,NA,0.00,NA,NA,NA
2025-09-05 09:00:00,NA,NA,NA,NA,NA,NA,NA,NA,NA,NA,NA,NA,NA,NA,NA,NA,NA,NA,NA,NA,0.00,NA,NA,NA
2025-09-05 10:00:00,NA,NA,NA,NA,NA,NA,NA,NA,NA,NA,NA,NA,NA,NA,NA,NA,NA,NA,NA,NA,0.00,NA,NA,NA
2025-09-05 11:00:00,NA,NA,NA,NA,NA,NA,NA,NA,NA,NA,NA,NA,NA,NA,NA,NA,NA,NA,NA,NA,0.00,NA,NA,NA
2025-09-05 12:00:00,NA,NA,NA,NA,NA,NA,NA,NA,NA,NA,NA,NA,NA,NA,NA,NA,NA,NA,NA,NA,0.00,NA,NA,NA
2025-09-05 13:00:00,NA,NA,NA,NA,NA,NA,NA,NA,NA,NA,NA,NA,NA,NA,NA,NA,NA,NA,NA,NA,0.00,NA,NA,NA
2025-09-05 14:00:00,NA,NA,NA,NA,NA,NA,NA,NA,NA,NA,NA,NA,NA,NA,NA,NA,NA,NA,NA,NA,0.00,NA,NA,NA
2025-09-05 15:00:00,NA,NA,NA,NA,NA,NA,NA,NA,NA,NA,NA,NA,NA,NA,NA,NA,NA,NA,NA,NA,0.00,NA,NA,NA
2025-09-05 16:00:00,NA,NA,NA,NA,NA,NA,NA,NA,NA,NA,NA,NA,NA,NA,NA,NA,NA,NA,NA,NA,0.00,NA,NA,NA
2025-09-05 17:00:00,NA,NA,NA,NA,NA,NA,NA,NA,NA,NA,NA,NA,NA,NA,NA,NA,NA,NA,NA,NA,0.00,NA,NA,NA
2025-09-05 18:00:00,NA,NA,NA,NA,NA,NA,NA,NA,NA,NA,NA,NA,NA,NA,NA,NA,NA,NA,NA,NA,0.00,NA,NA,NA
2025-09-05 19:00:00,NA,NA,NA,NA,NA,NA,NA,NA,NA,NA,NA,NA,NA,NA,NA,NA,NA,NA,NA,NA,0.00,NA,NA,NA
2025-09-05 20:00:00,NA,NA,NA,NA,NA,NA,NA,NA,NA,NA,NA,NA,NA,NA,NA,NA,NA,NA,NA,NA,0.00,NA,NA,NA
2025-09-05 21:00:00,NA,NA,NA,NA,NA,NA,NA,NA,NA,NA,NA,NA,NA,NA,NA,NA,NA,NA,NA,NA,0.00,NA,NA,NA
2025-09-05 22:00:00,NA,NA,NA,NA,NA,NA,NA,NA,NA,NA,NA,NA,NA,NA,NA,NA,NA,NA,NA,NA,0.00,NA,NA,NA
2025-09-05 23:00:00,NA,NA,NA,NA,NA,NA,NA,NA,NA,NA,NA,NA,NA,NA,NA,NA,NA,NA,NA,NA,0.00,NA,NA,NA
2025-09-06 00:00:00,NA,NA,NA,NA,NA,NA,NA,NA,NA,NA,NA,NA,NA,NA,NA,NA,NA,NA,NA,NA,0.00,NA,NA,NA
2025-09-06 01:00:00,NA,NA,NA,NA,NA,NA,NA,NA,NA,NA,NA,NA,NA,NA,NA,NA,NA,NA,NA,NA,0.00,NA,NA,NA
2025-09-06 02:00:00,NA,NA,NA,NA,NA,NA,NA,NA,NA,NA,NA,NA,NA,NA,NA,NA,NA,NA,NA,NA,0.00,NA,NA,NA
2025-09-06 03:00:00,NA,NA,NA,NA,NA,NA,NA,NA,NA,NA,NA,NA,NA,NA,NA,NA,NA,NA,NA,NA,0.00,NA,NA,NA
2025-09-06 04:00:00,NA,NA,NA,NA,NA,NA,NA,NA,NA,NA,NA,NA,NA,NA,NA,NA,NA,NA,NA,NA,0.00,NA,NA,NA
2025-09-06 05:00:00,NA,NA,NA,NA,NA,NA,NA,NA,NA,NA,NA,NA,NA,NA,NA,NA,NA,NA,NA,NA,0.00,NA,NA,NA
2025-09-06 06:00:00,NA,NA,NA,NA,NA,NA,NA,NA,NA,NA,NA,NA,NA,NA,NA,NA,NA,NA,NA,NA,0.00,NA,NA,NA
2025-09-06 07:00:00,NA,NA,NA,NA,NA,NA,NA,NA,NA,NA,NA,NA,NA,NA,NA,NA,NA,NA,NA,NA,0.00,NA,NA,NA
2025-09-06 08:00:00,NA,NA,NA,NA,NA,NA,NA,NA,NA,NA,NA,NA,NA,NA,NA,NA,NA,NA,NA,NA,0.00,NA,NA,NA
2025-09-06 09:00:00,NA,NA,NA,NA,NA,NA,NA,NA,NA,NA,NA,NA,NA,NA,NA,NA,NA,NA,NA,NA,0.00,NA,NA,NA
2025-09-06 10:00:00,NA,NA,NA,NA,NA,NA,NA,NA,NA,NA,NA,NA,NA,NA,NA,NA,NA,NA,NA,NA,0.00,NA,NA,NA
2025-09-06 11:00:00,NA,NA,NA,NA,NA,NA,NA,NA,NA,NA,NA,NA,NA,NA,NA,NA,NA,NA,NA,NA,0.00,NA,NA,NA
2025-09-06 12:00:00,NA,NA,NA,NA,NA,NA,NA,NA,NA,NA,NA,NA,NA,NA,NA,NA,NA,NA,NA,NA,0.00,NA,NA,NA
2025-09-06 13:00:00,NA,NA,NA,NA,NA,NA,NA,NA,NA,NA,NA,NA,NA,NA,NA,NA,NA,NA,NA,NA,0.00,NA,NA,NA
2025-09-06 14:00:00,NA,NA,NA,NA,NA,NA,NA,NA,NA,NA,NA,NA,NA,NA,NA,NA,NA,NA,NA,NA,0.00,NA,NA,NA
2025-09-06 15:00:00,NA,NA,NA,NA,NA,NA,NA,NA,NA,NA,NA,NA,NA,NA,NA,NA,NA,NA,NA,NA,0.00,NA,NA,NA
2025-09-06 16:00:00,NA,NA,NA,NA,NA,NA,NA,NA,NA,NA,NA,NA,NA,NA,NA,NA,NA,NA,NA,NA,0.00,NA,NA,NA
2025-09-06 17:00:00,NA,NA,NA,NA,NA,NA,NA,NA,NA,NA,NA,NA,NA,NA,NA,NA,NA,NA,NA,NA,0.00,NA,NA,NA
2025-09-06 18:00:00,NA,NA,NA,NA,NA,NA,NA,NA,NA,NA,NA,NA,NA,NA,NA,NA,NA,NA,NA,NA,0.00,NA,NA,NA
2025-09-06 19:00:00,NA,NA,NA,NA,NA,NA,NA,NA,NA,NA,NA,NA,NA,NA,NA,NA,NA,NA,NA,NA,0.00,NA,NA,NA
2025-09-06 20:00:00,NA,NA,NA,NA,NA,NA,NA,NA,NA,NA,NA,NA,NA,NA,NA,NA,NA,NA,NA,NA,0.00,NA,NA,NA
2025-09-06 21:00:00,NA,NA,NA,NA,NA,NA,NA,NA,NA,NA,NA,NA,NA,NA,NA,NA,NA,NA,NA,NA,0.00,NA,NA,NA
2025-09-06 22:00:00,NA,NA,NA,NA,NA,NA,NA,NA,NA,NA,NA,NA,NA,NA,NA,NA,NA,NA,NA,NA,0.00,NA,NA,NA
2025-09-06 23:00:00,NA,NA,NA,NA,NA,NA,NA,NA,NA,NA,NA,NA,NA,NA,NA,NA,NA,NA,NA,NA,0.00,NA,NA,NA
2025-09-07 00:00:00,NA,NA,NA,NA,NA,NA,NA,NA,NA,NA,NA,NA,NA,NA,NA,NA,NA,NA,NA,NA,0.00,NA,NA,NA
2025-09-07 01:00:00,NA,NA,NA,NA,NA,NA,NA,NA,NA,NA,NA,NA,NA,NA,NA,NA,NA,NA,NA,NA,0.00,NA,NA,NA
2025-09-07 02:00:00,NA,NA,NA,NA,NA,NA,NA,NA,NA,NA,NA,NA,NA,NA,NA,NA,NA,NA,NA,NA,0.00,NA,NA,NA
2025-09-07 03:00:00,NA,NA,NA,NA,NA,NA,NA,NA,NA,NA,NA,NA,NA,NA,NA,NA,NA,NA,NA,NA,0.00,NA,NA,NA
2025-09-07 04:00:00,NA,NA,NA,NA,NA,NA,NA,NA,NA,NA,NA,NA,NA,NA,NA,NA,NA,NA,NA,NA,0.00,NA,NA,NA
2025-09-07 05:00:00,NA,NA,NA,NA,NA,NA,NA,NA,NA,NA,NA,NA,NA,NA,NA,NA,NA,NA,NA,NA,0.00,NA,NA,NA
2025-09-07 06:00:00,NA,NA,NA,NA,NA,NA,NA,NA,NA,NA,NA,NA,NA,NA,NA,NA,NA,NA,NA,NA,0.00,NA,NA,NA
2025-09-07 07:00:00,NA,NA,NA,NA,NA,NA,NA,NA,NA,NA,NA,NA,NA,NA,NA,NA,NA,NA,NA,NA,0.00,NA,NA,NA
2025-09-07 08:00:00,NA,NA,NA,NA,NA,NA,NA,NA,NA,NA,NA,NA,NA,NA,NA,NA,NA,NA,NA,NA,0.00,NA,NA,NA
2025-09-07 09:00:00,NA,NA,NA,NA,NA,NA,NA,NA,NA,NA,NA,NA,NA,NA,NA,NA,NA,NA,NA,NA,0.00,NA,NA,NA
2025-09-07 10:00:00,NA,NA,NA,NA,NA,NA,NA,NA,NA,NA,NA,NA,NA,NA,NA,NA,NA,NA,NA,NA,0.00,NA,NA,NA
2025-09-07 11:00:00,NA,NA,NA,NA,NA,NA,NA,NA,NA,NA,NA,NA,NA,NA,NA,NA,NA,NA,NA,NA,0.00,NA,NA,NA
2025-09-07 12:00:00,NA,NA,NA,NA,NA,NA,NA,NA,NA,NA,NA,NA,NA,NA,NA,NA,NA,NA,NA,NA,0.00,NA,NA,NA
2025-09-07 13:00:00,NA,NA,NA,NA,NA,NA,NA,NA,NA,NA,NA,NA,NA,NA,NA,NA,NA,NA,NA,NA,0.00,NA,NA,NA
2025-09-07 14:00:00,NA,NA,NA,NA,NA,NA,NA,NA,NA,NA,NA,NA,NA,NA,NA,NA,NA,NA,NA,NA,0.00,NA,NA,NA
2025-09-07 15:00:00,NA,NA,NA,NA,NA,NA,NA,NA,NA,NA,NA,NA,NA,NA,NA,NA,NA,NA,NA,NA,0.00,NA,NA,NA
2025-09-07 16:00:00,NA,NA,NA,NA,NA,NA,NA,NA,NA,NA,NA,NA,NA,NA,NA,NA,NA,NA,NA,NA,0.00,NA,NA,NA
2025-09-07 17:00:00,NA,NA,NA,NA,NA,NA,NA,NA,NA,NA,NA,NA,NA,NA,NA,NA,NA,NA,NA,NA,0.00,NA,NA,NA
2025-09-07 18:00:00,NA,NA,NA,NA,NA,NA,NA,NA,NA,NA,NA,NA,NA,NA,NA,NA,NA,NA,NA,NA,0.00,NA,NA,NA
2025-09-07 19:00:00,NA,NA,NA,NA,NA,NA,NA,NA,NA,NA,NA,NA,NA,NA,NA,NA,NA,NA,NA,NA,0.00,NA,NA,NA
2025-09-07 20:00:00,NA,NA,NA,NA,NA,NA,NA,NA,NA,NA,NA,NA,NA,NA,NA,NA,NA,NA,NA,NA,0.00,NA,NA,NA
2025-09-07 21:00:00,NA,NA,NA,NA,NA,NA,NA,NA,NA,NA,NA,NA,NA,NA,NA,NA,NA,NA,NA,NA,0.00,NA,NA,NA
2025-09-07 22:00:00,NA,NA,NA,NA,NA,NA,NA,NA,NA,NA,NA,NA,NA,NA,NA,NA,NA,NA,NA,NA,0.00,NA,NA,NA
2025-09-07 23:00:00,NA,NA,NA,NA,NA,NA,NA,NA,NA,NA,NA,NA,NA,NA,NA,NA,NA,NA,NA,NA,0.00,NA,NA,NA
2025-09-08 00:00:00,NA,NA,NA,NA,NA,NA,NA,NA,NA,NA,NA,NA,NA,NA,NA,NA,NA,NA,NA,NA,0.00,NA,NA,NA
2025-09-08 01:00:00,NA,NA,NA,NA,NA,NA,NA,NA,NA,NA,NA,NA,NA,NA,NA,NA,NA,NA,NA,NA,0.00,NA,NA,NA
2025-09-08 02:00:00,NA,NA,NA,NA,NA,NA,NA,NA,NA,NA,NA,NA,NA,NA,NA,NA,NA,NA,NA,NA,0.00,NA,NA,NA
2025-09-08 03:00:00,NA,NA,NA,NA,NA,NA,NA,NA,NA,NA,NA,NA,NA,NA,NA,NA,NA,NA,NA,NA,0.00,NA,NA,NA
2025-09-08 04:00:00,NA,NA,NA,NA,NA,NA,NA,NA,NA,NA,NA,NA,NA,NA,NA,NA,NA,NA,NA,NA,0.00,NA,NA,NA
2025-09-08 05:00:00,NA,NA,NA,NA,NA,NA,NA,NA,NA,NA,NA,NA,NA,NA,NA,NA,NA,NA,NA,NA,0.00,NA,NA,NA
2025-09-08 06:00:00,NA,NA,NA,NA,NA,NA,NA,NA,NA,NA,NA,NA,NA,NA,NA,NA,NA,NA,NA,NA,0.00,NA,NA,NA
2025-09-08 07:00:00,NA,NA,NA,NA,NA,NA,NA,NA,NA,NA,NA,NA,NA,NA,NA,NA,NA,NA,NA,NA,0.00,NA,NA,NA
2025-09-08 08:00:00,NA,NA,NA,NA,NA,NA,NA,NA,NA,NA,NA,NA,NA,NA,NA,NA,NA,NA,NA,NA,0.00,NA,NA,NA
2025-09-08 09:00:00,NA,NA,NA,NA,NA,NA,NA,NA,NA,NA,NA,NA,NA,NA,NA,NA,NA,NA,NA,NA,0.00,NA,NA,NA
2025-09-08 10:00:00,NA,NA,NA,NA,NA,NA,NA,NA,NA,NA,NA,NA,NA,NA,NA,NA,NA,NA,NA,NA,0.00,NA,NA,NA
2025-09-08 11:00:00,NA,NA,NA,NA,NA,NA,NA,NA,NA,NA,NA,NA,NA,NA,NA,NA,NA,NA,NA,NA,0.00,NA,NA,NA
2025-09-08 12:00:00,NA,NA,NA,NA,NA,NA,NA,NA,NA,NA,NA,NA,NA,NA,NA,NA,NA,NA,NA,NA,0.00,NA,NA,NA
2025-09-08 13:00:00,NA,NA,NA,NA,NA,NA,NA,NA,NA,NA,NA,NA,NA,NA,NA,NA,NA,NA,NA,NA,0.00,NA,NA,NA
2025-09-08 14:00:00,NA,NA,NA,NA,NA,NA,NA,NA,NA,NA,NA,NA,NA,NA,NA,NA,NA,NA,NA,NA,0.00,NA,NA,NA
2025-09-08 15:00:00,NA,NA,NA,NA,NA,NA,NA,NA,NA,NA,NA,NA,NA,NA,NA,NA,NA,NA,NA,NA,0.00,NA,NA,NA
2025-09-08 16:00:00,NA,NA,NA,NA,NA,NA,NA,NA,NA,NA,NA,NA,NA,NA,NA,NA,NA,NA,NA,NA,0.00,NA,NA,NA
2025-09-08 17:00:00,NA,NA,NA,NA,NA,NA,NA,NA,NA,NA,NA,NA,NA,NA,NA,NA,NA,NA,NA,NA,0.00,NA,NA,NA
2025-09-08 18:00:00,NA,NA,NA,NA,NA,NA,NA,NA,NA,NA,NA,NA,NA,NA,NA,NA,NA,NA,NA,NA,0.00,NA,NA,NA
2025-09-08 19:00:00,NA,NA,NA,NA,NA,NA,NA,NA,NA,NA,NA,NA,NA,NA,NA,NA,NA,NA,NA,NA,0.00,NA,NA,NA
2025-09-08 20:00:00,NA,NA,NA,NA,NA,NA,NA,NA,NA,NA,NA,NA,NA,NA,NA,NA,NA,NA,NA,NA,0.00,NA,NA,NA
2025-09-08 21:00:00,NA,NA,NA,NA,NA,NA,NA,NA,NA,NA,NA,NA,NA,NA,NA,NA,NA,NA,NA,NA,0.00,NA,NA,NA
2025-09-08 22:00:00,NA,NA,NA,NA,NA,NA,NA,NA,NA,NA,NA,NA,NA,NA,NA,NA,NA,NA,NA,NA,0.00,NA,NA,NA
2025-09-08 23:00:00,NA,NA,NA,NA,NA,NA,NA,NA,NA,NA,NA,NA,NA,NA,NA,NA,NA,NA,NA,NA,0.00,NA,NA,NA
2025-09-09 00:00:00,NA,NA,NA,NA,NA,NA,NA,NA,NA,NA,NA,NA,NA,NA,NA,NA,NA,NA,NA,NA,0.00,NA,NA,NA
2025-09-09 01:00:00,NA,NA,NA,NA,NA,NA,NA,NA,NA,NA,NA,NA,NA,NA,NA,NA,NA,NA,NA,NA,0.00,NA,NA,NA
2025-09-09 02:00:00,NA,NA,NA,NA,NA,NA,NA,NA,NA,NA,NA,NA,NA,NA,NA,NA,NA,NA,NA,NA,0.00,NA,NA,NA
2025-09-09 03:00:00,NA,NA,NA,NA,NA,NA,NA,NA,NA,NA,NA,NA,NA,NA,NA,NA,NA,NA,NA,NA,0.00,NA,NA,NA
2025-09-09 04:00:00,NA,NA,NA,NA,NA,NA,NA,NA,NA,NA,NA,NA,NA,NA,NA,NA,NA,NA,NA,NA,0.00,NA,NA,NA
2025-09-09 05:00:00,NA,NA,NA,NA,NA,NA,NA,NA,NA,NA,NA,NA,NA,NA,NA,NA,NA,NA,NA,NA,0.00,NA,NA,NA
2025-09-09 06:00:00,NA,NA,NA,NA,NA,NA,NA,NA,NA,NA,NA,NA,NA,NA,NA,NA,NA,NA,NA,NA,0.00,NA,NA,NA
2025-09-09 07:00:00,NA,NA,NA,NA,NA,NA,NA,NA,NA,NA,NA,NA,NA,NA,NA,NA,NA,NA,NA,NA,0.00,NA,NA,NA
2025-09-09 08:00:00,NA,NA,NA,NA,NA,NA,NA,NA,NA,NA,NA,NA,NA,NA,NA,NA,NA,NA,NA,NA,0.00,NA,NA,NA
2025-09-09 09:00:00,NA,NA,NA,NA,NA,NA,NA,NA,NA,NA,NA,NA,NA,NA,NA,NA,NA,NA,NA,NA,0.00,NA,NA,NA
2025-09-09 10:00:00,NA,NA,NA,NA,NA,NA,NA,NA,NA,NA,NA,NA,NA,NA,NA,NA,NA,NA,NA,NA,0.00,NA,NA,NA
2025-09-09 11:00:00,NA,NA,NA,NA,NA,NA,NA,NA,NA,NA,NA,NA,NA,NA,NA,NA,NA,NA,NA,NA,0.00,NA,NA,NA
2025-09-09 12:00:00,NA,NA,NA,NA,NA,NA,NA,NA,NA,NA,NA,NA,NA,NA,NA,NA,NA,NA,NA,NA,0.00,NA,NA,NA
2025-09-09 13:00:00,NA,NA,NA,NA,NA,NA,NA,NA,NA,NA,NA,NA,NA,NA,NA,NA,NA,NA,NA,NA,0.00,NA,NA,NA
2025-09-09 14:00:00,NA,NA,NA,NA,NA,NA,NA,NA,NA,NA,NA,NA,NA,NA,NA,NA,NA,NA,NA,NA,0.00,NA,NA,NA
2025-09-09 15:00:00,NA,NA,NA,NA,NA,NA,NA,NA,NA,NA,NA,NA,NA,NA,NA,NA,NA,NA,NA,NA,0.00,NA,NA,NA
2025-09-09 16:00:00,NA,NA,NA,NA,NA,NA,NA,NA,NA,NA,NA,NA,NA,NA,NA,NA,NA,NA,NA,NA,0.00,NA,NA,NA
2025-09-09 17:00:00,NA,NA,NA,NA,NA,NA,NA,NA,NA,NA,NA,NA,NA,NA,NA,NA,NA,NA,NA,NA,0.00,NA,NA,NA
2025-09-09 18:00:00,NA,NA,NA,NA,NA,NA,NA,NA,NA,NA,NA,NA,NA,NA,NA,NA,NA,NA,NA,NA,0.00,NA,NA,NA
2025-09-09 19:00:00,NA,NA,NA,NA,NA,NA,NA,NA,NA,NA,NA,NA,NA,NA,NA,NA,NA,NA,NA,NA,0.00,NA,NA,NA
2025-09-09 20:00:00,NA,NA,NA,NA,NA,NA,NA,NA,NA,NA,NA,NA,NA,NA,NA,NA,NA,NA,NA,NA,0.00,NA,NA,NA
2025-09-09 21:00:00,NA,NA,NA,NA,NA,NA,NA,NA,NA,NA,NA,NA,NA,NA,NA,NA,NA,NA,NA,NA,0.00,NA,NA,NA
2025-09-09 22:00:00,NA,NA,NA,NA,NA,NA,NA,NA,NA,NA,NA,NA,NA,NA,NA,NA,NA,NA,NA,NA,0.00,NA,NA,NA
2025-09-09 23:00:00,NA,NA,NA,NA,NA,NA,NA,NA,NA,NA,NA,NA,NA,NA,NA,NA,NA,NA,NA,NA,0.00,NA,NA,NA
2025-09-10 00:00:00,NA,NA,NA,NA,NA,NA,NA,NA,NA,NA,NA,NA,NA,NA,NA,NA,NA,NA,NA,NA,0.00,NA,NA,NA
2025-09-10 01:00:00,NA,NA,NA,NA,NA,NA,NA,NA,NA,NA,NA,NA,NA,NA,NA,NA,NA,NA,NA,NA,0.00,NA,NA,NA
2025-09-10 02:00:00,NA,NA,NA,NA,NA,NA,NA,NA,NA,NA,NA,NA,NA,NA,NA,NA,NA,NA,NA,NA,0.00,NA,NA,NA
2025-09-10 03:00:00,NA,NA,NA,NA,NA,NA,NA,NA,NA,NA,NA,NA,NA,NA,NA,NA,NA,NA,NA,NA,0.00,NA,NA,NA
2025-09-10 04:00:00,NA,NA,NA,NA,NA,NA,NA,NA,NA,NA,NA,NA,NA,NA,NA,NA,NA,NA,NA,NA,0.00,NA,NA,NA
2025-09-10 05:00:00,NA,NA,NA,NA,NA,NA,NA,NA,NA,NA,NA,NA,NA,NA,NA,NA,NA,NA,NA,NA,0.00,NA,NA,NA
2025-09-10 06:00:00,NA,NA,NA,NA,NA,NA,NA,NA,NA,NA,NA,NA,NA,NA,NA,NA,NA,NA,NA,NA,0.00,NA,NA,NA
2025-09-10 07:00:00,NA,NA,NA,NA,NA,NA,NA,NA,NA,NA,NA,NA,NA,NA,NA,NA,NA,NA,NA,NA,0.00,NA,NA,NA
2025-09-10 08:00:00,NA,NA,NA,NA,NA,NA,NA,NA,NA,NA,NA,NA,NA,NA,NA,NA,NA,NA,NA,NA,0.00,NA,NA,NA
2025-09-10 09:00:00,NA,NA,NA,NA,NA,NA,NA,NA,NA,NA,NA,NA,NA,NA,NA,NA,NA,NA,NA,NA,0.00,NA,NA,NA
2025-09-10 10:00:00,NA,NA,NA,NA,NA,NA,NA,NA,NA,NA,NA,NA,NA,NA,NA,NA,NA,NA,NA,NA,0.00,NA,NA,NA
2025-09-10 11:00:00,NA,NA,NA,NA,NA,NA,NA,NA,NA,NA,NA,NA,NA,NA,NA,NA,NA,NA,NA,NA,0.00,NA,NA,NA
2025-09-10 12:00:00,NA,NA,NA,NA,NA,NA,NA,NA,NA,NA,NA,NA,NA,NA,NA,NA,NA,NA,NA,NA,0.00,NA,NA,NA
2025-09-10 13:00:00,NA,NA,NA,NA,NA,NA,NA,NA,NA,NA,NA,NA,NA,NA,NA,NA,NA,NA,NA,NA,0.00,NA,NA,NA
2025-09-10 14:00:00,NA,NA,NA,NA,NA,NA,NA,NA,NA,NA,NA,NA,NA,NA,NA,NA,NA,NA,NA,NA,0.00,NA,NA,NA
2025-09-10 15:00:00,NA,NA,NA,NA,NA,NA,NA,NA,NA,NA,NA,NA,NA,NA,NA,NA,NA,NA,NA,NA,0.00,NA,NA,NA
2025-09-10 16:00:00,NA,NA,NA,NA,NA,NA,NA,NA,NA,NA,NA,NA,NA,NA,NA,NA,NA,NA,NA,NA,0.00,NA,NA,NA
2025-09-10 17:00:00,NA,NA,NA,NA,NA,NA,NA,NA,NA,NA,NA,NA,NA,NA,NA,NA,NA,NA,NA,NA,0.00,NA,NA,NA
2025-09-10 18:00:00,NA,NA,NA,NA,NA,NA,NA,NA,NA,NA,NA,NA,NA,NA,NA,NA,NA,NA,NA,NA,0.00,NA,NA,NA
2025-09-10 19:00:00,NA,NA,NA,NA,NA,NA,NA,NA,NA,NA,NA,NA,NA,NA,NA,NA,NA,NA,NA,NA,0.00,NA,NA,NA
2025-09-10 20:00:00,NA,NA,NA,NA,NA,NA,NA,NA,NA,NA,NA,NA,NA,NA,NA,NA,NA,NA,NA,NA,0.00,NA,NA,NA
2025-09-10 21:00:00,NA,NA,NA,NA,NA,NA,NA,NA,NA,NA,NA,NA,NA,NA,NA,NA,NA,NA,NA,NA,0.00,NA,NA,NA
2025-09-10 22:00:00,NA,NA,NA,NA,NA,NA,NA,NA,NA,NA,NA,NA,NA,NA,NA,NA,NA,NA,NA,NA,0.00,NA,NA,NA
2025-09-10 23:00:00,NA,NA,NA,NA,NA,NA,NA,NA,NA,NA,NA,NA,NA,NA,NA,NA,NA,NA,NA,NA,0.00,NA,NA,NA
2025-09-11 00:00:00,NA,NA,NA,NA,NA,NA,NA,NA,NA,NA,NA,NA,NA,NA,NA,NA,NA,NA,NA,NA,0.00,NA,NA,NA
2025-09-11 01:00:00,NA,NA,NA,NA,NA,NA,NA,NA,NA,NA,NA,NA,NA,NA,NA,NA,NA,NA,NA,NA,0.00,NA,NA,NA
2025-09-11 02:00:00,NA,NA,NA,NA,NA,NA,NA,NA,NA,NA,NA,NA,NA,NA,NA,NA,NA,NA,NA,NA,0.00,NA,NA,NA
2025-09-11 03:00:00,NA,NA,NA,NA,NA,NA,NA,NA,NA,NA,NA,NA,NA,NA,NA,NA,NA,NA,NA,NA,0.00,NA,NA,NA
2025-09-11 04:00:00,NA,NA,NA,NA,NA,NA,NA,NA,NA,NA,NA,NA,NA,NA,NA,NA,NA,NA,NA,NA,0.00,NA,NA,NA
2025-09-11 05:00:00,NA,NA,NA,NA,NA,NA,NA,NA,NA,NA,NA,NA,NA,NA,NA,NA,NA,NA,NA,NA,0.00,NA,NA,NA
2025-09-11 06:00:00,NA,NA,NA,NA,NA,NA,NA,NA,NA,NA,NA,NA,NA,NA,NA,NA,NA,NA,NA,NA,0.00,NA,NA,NA
2025-09-11 07:00:00,NA,NA,NA,NA,NA,NA,NA,NA,NA,NA,NA,NA,NA,NA,NA,NA,NA,NA,NA,NA,0.00,NA,NA,NA
2025-09-11 08:00:00,NA,NA,NA,NA,NA,NA,NA,NA,NA,NA,NA,NA,NA,NA,NA,NA,NA,NA,NA,NA,0.00,NA,NA,NA
2025-09-11 09:00:00,NA,NA,NA,NA,NA,NA,NA,NA,NA,NA,NA,NA,NA,NA,NA,NA,NA,NA,NA,NA,0.00,NA,NA,NA
2025-09-11 10:00:00,NA,NA,NA,NA,NA,NA,NA,NA,NA,NA,NA,NA,NA,NA,NA,NA,NA,NA,NA,NA,0.00,NA,NA,NA
2025-09-11 11:00:00,NA,NA,NA,NA,NA,NA,NA,NA,NA,NA,NA,NA,NA,NA,NA,NA,NA,NA,NA,NA,0.00,NA,NA,NA
2025-09-11 12:00:00,NA,NA,NA,NA,NA,NA,NA,NA,NA,NA,NA,NA,NA,NA,NA,NA,NA,NA,NA,NA,0.00,NA,NA,NA
2025-09-11 13:00:00,NA,NA,NA,NA,NA,NA,NA,NA,NA,NA,NA,NA,NA,NA,NA,NA,NA,NA,NA,NA,0.00,NA,NA,NA
2025-09-11 14:00:00,NA,NA,NA,NA,NA,NA,NA,NA,NA,NA,NA,NA,NA,NA,NA,NA,NA,NA,NA,NA,0.00,NA,NA,NA
2025-09-11 15:00:00,NA,NA,NA,NA,NA,NA,NA,NA,NA,NA,NA,NA,NA,NA,NA,NA,NA,NA,NA,NA,0.00,NA,NA,NA
2025-09-11 16:00:00,NA,NA,NA,NA,NA,NA,NA,NA,NA,NA,NA,NA,NA,NA,NA,NA,NA,NA,NA,NA,0.00,NA,NA,NA
2025-09-11 17:00:00,NA,NA,NA,NA,NA,NA,NA,NA,NA,NA,NA,NA,NA,NA,NA,NA,NA,NA,NA,NA,0.00,NA,NA,NA
2025-09-11 18:00:00,NA,NA,NA,NA,NA,NA,NA,NA,NA,NA,NA,NA,NA,NA,NA,NA,NA,NA,NA,NA,0.00,NA,NA,NA
2025-09-11 19:00:00,NA,NA,NA,NA,NA,NA,NA,NA,NA,NA,NA,NA,NA,NA,NA,NA,NA,NA,NA,NA,0.00,NA,NA,NA
2025-09-11 20:00:00,NA,NA,NA,NA,NA,NA,NA,NA,NA,NA,NA,NA,NA,NA,NA,NA,NA,NA,NA,NA,0.00,NA,NA,NA
2025-09-11 21:00:00,NA,NA,NA,NA,NA,NA,NA,NA,NA,NA,NA,NA,NA,NA,NA,NA,NA,NA,NA,NA,0.00,NA,NA,NA
2025-09-11 22:00:00,NA,NA,NA,NA,NA,NA,NA,NA,NA,NA,NA,NA,NA,NA,NA,NA,NA,NA,NA,NA,0.00,NA,NA,NA
2025-09-11 23:00:00,NA,NA,NA,NA,NA,NA,NA,NA,NA,NA,NA,NA,NA,NA,NA,NA,NA,NA,NA,NA,0.00,NA,NA,NA
2025-09-12 00:00:00,NA,NA,NA,NA,NA,NA,NA,NA,NA,NA,NA,NA,NA,NA,NA,NA,NA,NA,NA,NA,0.00,NA,NA,NA
2025-09-12 01:00:00,NA,NA,NA,NA,NA,NA,NA,NA,NA,NA,NA,NA,NA,NA,NA,NA,NA,NA,NA,NA,0.00,NA,NA,NA
2025-09-12 02:00:00,NA,NA,NA,NA,NA,NA,NA,NA,NA,NA,NA,NA,NA,NA,NA,NA,NA,NA,NA,NA,0.00,NA,NA,NA
2025-09-12 03:00:00,NA,NA,NA,NA,NA,NA,NA,NA,NA,NA,NA,NA,NA,NA,NA,NA,NA,NA,NA,NA,0.00,NA,NA,NA
2025-09-12 04:00:00,NA,NA,NA,NA,NA,NA,NA,NA,NA,NA,NA,NA,NA,NA,NA,NA,NA,NA,NA,NA,0.00,NA,NA,NA
2025-09-12 05:00:00,NA,NA,NA,NA,NA,NA,NA,NA,NA,NA,NA,NA,NA,NA,NA,NA,NA,NA,NA,NA,0.00,NA,NA,NA
2025-09-12 06:00:00,NA,NA,NA,NA,NA,NA,NA,NA,NA,NA,NA,NA,NA,NA,NA,NA,NA,NA,NA,NA,0.00,NA,NA,NA
2025-09-12 07:00:00,NA,NA,NA,NA,NA,NA,NA,NA,NA,NA,NA,NA,NA,NA,NA,NA,NA,NA,NA,NA,0.00,NA,NA,NA
2025-09-12 08:00:00,NA,NA,NA,NA,NA,NA,NA,NA,NA,NA,NA,NA,NA,NA,NA,NA,NA,NA,NA,NA,0.00,NA,NA,NA
2025-09-12 09:00:00,NA,NA,NA,NA,NA,NA,NA,NA,NA,NA,NA,NA,NA,NA,NA,NA,NA,NA,NA,NA,0.00,NA,NA,NA
2025-09-12 10:00:00,NA,NA,NA,NA,NA,NA,NA,NA,NA,NA,NA,NA,NA,NA,NA,NA,NA,NA,NA,NA,0.00,NA,NA,NA
2025-09-12 11:00:00,NA,NA,NA,NA,NA,NA,NA,NA,NA,NA,NA,NA,NA,NA,NA,NA,NA,NA,NA,NA,0.00,NA,NA,NA
2025-09-12 12:00:00,NA,NA,NA,NA,NA,NA,NA,NA,NA,NA,NA,NA,NA,NA,NA,NA,NA,NA,NA,NA,0.00,NA,NA,NA
2025-09-12 13:00:00,NA,NA,NA,NA,NA,NA,NA,NA,NA,NA,NA,NA,NA,NA,NA,NA,NA,NA,NA,NA,0.00,NA,NA,NA
2025-09-12 14:00:00,NA,NA,NA,NA,NA,NA,NA,NA,NA,NA,NA,NA,NA,NA,NA,NA,NA,NA,NA,NA,0.00,NA,NA,NA
2025-09-12 15:00:00,NA,NA,NA,NA,NA,NA,NA,NA,NA,NA,NA,NA,NA,NA,NA,NA,NA,NA,NA,NA,0.00,NA,NA,NA
2025-09-12 16:00:00,NA,NA,NA,NA,NA,NA,NA,NA,NA,NA,NA,NA,NA,NA,NA,NA,NA,NA,NA,NA,0.00,NA,NA,NA
2025-09-12 17:00:00,NA,NA,NA,NA,NA,NA,NA,NA,NA,NA,NA,NA,NA,NA,NA,NA,NA,NA,NA,NA,0.00,NA,NA,NA
2025-09-12 18:00:00,NA,NA,NA,NA,NA,NA,NA,NA,NA,NA,NA,NA,NA,NA,NA,NA,NA,NA,NA,NA,0.00,NA,NA,NA
2025-09-12 19:00:00,NA,NA,NA,NA,NA,NA,NA,NA,NA,NA,NA,NA,NA,NA,NA,NA,NA,NA,NA,NA,0.00,NA,NA,NA
2025-09-12 20:00:00,NA,NA,NA,NA,NA,NA,NA,NA,NA,NA,NA,NA,NA,NA,NA,NA,NA,NA,NA,NA,0.00,NA,NA,NA
2025-09-12 21:00:00,NA,NA,NA,NA,NA,NA,NA,NA,NA,NA,NA,NA,NA,NA,NA,NA,NA,NA,NA,NA,0.00,NA,NA,NA
2025-09-12 22:00:00,NA,NA,NA,NA,NA,NA,NA,NA,NA,NA,NA,NA,NA,NA,NA,NA,NA,NA,NA,NA,0.00,NA,NA,NA
2025-09-12 23:00:00,NA,NA,NA,NA,NA,NA,NA,NA,NA,NA,NA,NA,NA,NA,NA,NA,NA,NA,NA,NA,0.00,NA,NA,NA
2025-09-13 00:00:00,NA,NA,NA,NA,NA,NA,NA,NA,NA,NA,NA,NA,NA,NA,NA,NA,NA,NA,NA,NA,0.00,NA,NA,NA
2025-09-13 01:00:00,NA,NA,NA,NA,NA,NA,NA,NA,NA,NA,NA,NA,NA,NA,NA,NA,NA,NA,NA,NA,0.00,NA,NA,NA
2025-09-13 02:00:00,NA,NA,NA,NA,NA,NA,NA,NA,NA,NA,NA,NA,NA,NA,NA,NA,NA,NA,NA,NA,0.00,NA,NA,NA
2025-09-13 03:00:00,NA,NA,NA,NA,NA,NA,NA,NA,NA,NA,NA,NA,NA,NA,NA,NA,NA,NA,NA,NA,0.00,NA,NA,NA
2025-09-13 04:00:00,NA,NA,NA,NA,NA,NA,NA,NA,NA,NA,NA,NA,NA,NA,NA,NA,NA,NA,NA,NA,0.00,NA,NA,NA
2025-09-13 05:00:00,NA,NA,NA,NA,NA,NA,NA,NA,NA,NA,NA,NA,NA,NA,NA,NA,NA,NA,NA,NA,0.00,NA,NA,NA
2025-09-13 06:00:00,NA,NA,NA,NA,NA,NA,NA,NA,NA,NA,NA,NA,NA,NA,NA,NA,NA,NA,NA,NA,0.00,NA,NA,NA
2025-09-13 07:00:00,NA,NA,NA,NA,NA,NA,NA,NA,NA,NA,NA,NA,NA,NA,NA,NA,NA,NA,NA,NA,0.00,NA,NA,NA
2025-09-13 08:00:00,NA,NA,NA,NA,NA,NA,NA,NA,NA,NA,NA,NA,NA,NA,NA,NA,NA,NA,NA,NA,0.00,NA,NA,NA
2025-09-13 09:00:00,NA,NA,NA,NA,NA,NA,NA,NA,NA,NA,NA,NA,NA,NA,NA,NA,NA,NA,NA,NA,0.00,NA,NA,NA
2025-09-13 10:00:00,NA,NA,NA,NA,NA,NA,NA,NA,NA,NA,NA,NA,NA,NA,NA,NA,NA,NA,NA,NA,0.00,NA,NA,NA
2025-09-13 11:00:00,NA,NA,NA,NA,NA,NA,NA,NA,NA,NA,NA,NA,NA,NA,NA,NA,NA,NA,NA,NA,0.00,NA,NA,NA
2025-09-13 12:00:00,NA,NA,NA,NA,NA,NA,NA,NA,NA,NA,NA,NA,NA,NA,NA,NA,NA,NA,NA,NA,0.00,NA,NA,NA
2025-09-13 13:00:00,NA,NA,NA,NA,NA,NA,NA,NA,NA,NA,NA,NA,NA,NA,NA,NA,NA,NA,NA,NA,0.00,NA,NA,NA
2025-09-13 14:00:00,NA,NA,NA,NA,NA,NA,NA,NA,NA,NA,NA,NA,NA,NA,NA,NA,NA,NA,NA,NA,0.00,NA,NA,NA
2025-09-13 15:00:00,NA,NA,NA,NA,NA,NA,NA,NA,NA,NA,NA,NA,NA,NA,NA,NA,NA,NA,NA,NA,0.00,NA,NA,NA
2025-09-13 16:00:00,NA,NA,NA,NA,NA,NA,NA,NA,NA,NA,NA,NA,NA,NA,NA,NA,NA,NA,NA,NA,0.00,NA,NA,NA
2025-09-13 17:00:00,NA,NA,NA,NA,NA,NA,NA,NA,NA,NA,NA,NA,NA,NA,NA,NA,NA,NA,NA,NA,0.00,NA,NA,NA
2025-09-13 18:00:00,NA,NA,NA,NA,NA,NA,NA,NA,NA,NA,NA,NA,NA,NA,NA,NA,NA,NA,NA,NA,0.00,NA,NA,NA
2025-09-13 19:00:00,NA,NA,NA,NA,NA,NA,NA,NA,NA,NA,NA,NA,NA,NA,NA,NA,NA,NA,NA,NA,0.00,NA,NA,NA
2025-09-13 20:00:00,NA,NA,NA,NA,NA,NA,NA,NA,NA,NA,NA,NA,NA,NA,NA,NA,NA,NA,NA,NA,0.00,NA,NA,NA
2025-09-13 21:00:00,NA,NA,NA,NA,NA,NA,NA,NA,NA,NA,NA,NA,NA,NA,NA,NA,NA,NA,NA,NA,0.00,NA,NA,NA
2025-09-13 22:00:00,NA,NA,NA,NA,NA,NA,NA,NA,NA,NA,NA,NA,NA,NA,NA,NA,NA,NA,NA,NA,0.00,NA,NA,NA
2025-09-13 23:00:00,NA,NA,NA,NA,NA,NA,NA,NA,NA,NA,NA,NA,NA,NA,NA,NA,NA,NA,NA,NA,0.00,NA,NA,NA
2025-09-14 00:00:00,NA,NA,NA,NA,NA,NA,NA,NA,NA,NA,NA,NA,NA,NA,NA,NA,NA,NA,NA,NA,0.00,NA,NA,NA
2025-09-14 01:00:00,NA,NA,NA,NA,NA,NA,NA,NA,NA,NA,NA,NA,NA,NA,NA,NA,NA,NA,NA,NA,0.00,NA,NA,NA
2025-09-14 02:00:00,NA,NA,NA,NA,NA,NA,NA,NA,NA,NA,NA,NA,NA,NA,NA,NA,NA,NA,NA,NA,0.00,NA,NA,NA
2025-09-14 03:00:00,NA,NA,NA,NA,NA,NA,NA,NA,NA,NA,NA,NA,NA,NA,NA,NA,NA,NA,NA,NA,0.00,NA,NA,NA
2025-09-14 04:00:00,NA,NA,NA,NA,NA,NA,NA,NA,NA,NA,NA,NA,NA,NA,NA,NA,NA,NA,NA,NA,0.00,NA,NA,NA
2025-09-14 05:00:00,NA,NA,NA,NA,NA,NA,NA,NA,NA,NA,NA,NA,NA,NA,NA,NA,NA,NA,NA,NA,0.00,NA,NA,NA
2025-09-14 06:00:00,NA,NA,NA,NA,NA,NA,NA,NA,NA,NA,NA,NA,NA,NA,NA,NA,NA,NA,NA,NA,0.00,NA,NA,NA
2025-09-14 07:00:00,NA,NA,NA,NA,NA,NA,NA,NA,NA,NA,NA,NA,NA,NA,NA,NA,NA,NA,NA,NA,0.00,NA,NA,NA
2025-09-14 08:00:00,NA,NA,NA,NA,NA,NA,NA,NA,NA,NA,NA,NA,NA,NA,NA,NA,NA,NA,NA,NA,0.00,NA,NA,NA
2025-09-14 09:00:00,NA,NA,NA,NA,NA,NA,NA,NA,NA,NA,NA,NA,NA,NA,NA,NA,NA,NA,NA,NA,0.00,NA,NA,NA
2025-09-14 10:00:00,NA,NA,NA,NA,NA,NA,NA,NA,NA,NA,NA,NA,NA,NA,NA,NA,NA,NA,NA,NA,0.00,NA,NA,NA
2025-09-14 11:00:00,NA,NA,NA,NA,NA,NA,NA,NA,NA,NA,NA,NA,NA,NA,NA,NA,NA,NA,NA,NA,0.00,NA,NA,NA
2025-09-14 12:00:00,NA,NA,NA,NA,NA,NA,NA,NA,NA,NA,NA,NA,NA,NA,NA,NA,NA,NA,NA,NA,0.00,NA,NA,NA
2025-09-14 13:00:00,NA,NA,NA,NA,NA,NA,NA,NA,NA,NA,NA,NA,NA,NA,NA,NA,NA,NA,NA,NA,0.00,NA,NA,NA
2025-09-14 14:00:00,NA,NA,NA,NA,NA,NA,NA,NA,NA,NA,NA,NA,NA,NA,NA,NA,NA,NA,NA,NA,0.00,NA,NA,NA
2025-09-14 15:00:00,NA,NA,NA,NA,NA,NA,NA,NA,NA,NA,NA,NA,NA,NA,NA,NA,NA,NA,NA,NA,0.00,NA,NA,NA
2025-09-14 16:00:00,NA,NA,NA,NA,NA,NA,NA,NA,NA,NA,NA,NA,NA,NA,NA,NA,NA,NA,NA,NA,0.00,NA,NA,NA
2025-09-14 17:00:00,NA,NA,NA,NA,NA,NA,NA,NA,NA,NA,NA,NA,NA,NA,NA,NA,NA,NA,NA,NA,0.00,NA,NA,NA
2025-09-14 18:00:00,NA,NA,NA,NA,NA,NA,NA,NA,NA,NA,NA,NA,NA,NA,NA,NA,NA,NA,NA,NA,0.00,NA,NA,NA
2025-09-14 19:00:00,NA,NA,NA,NA,NA,NA,NA,NA,NA,NA,NA,NA,NA,NA,NA,NA,NA,NA,NA,NA,0.00,NA,NA,NA
2025-09-14 20:00:00,NA,NA,NA,NA,NA,NA,NA,NA,NA,NA,NA,NA,NA,NA,NA,NA,NA,NA,NA,NA,0.00,NA,NA,NA
2025-09-14 21:00:00,NA,NA,NA,NA,NA,NA,NA,NA,NA,NA,NA,NA,NA,NA,NA,NA,NA,NA,NA,NA,0.00,NA,NA,NA
2025-09-14 22:00:00,NA,NA,NA,NA,NA,NA,NA,NA,NA,NA,NA,NA,NA,NA,NA,NA,NA,NA,NA,NA,0.00,NA,NA,NA
2025-09-14 23:00:00,NA,NA,NA,NA,NA,NA,NA,NA,NA,NA,NA,NA,NA,NA,NA,NA,NA,NA,NA,NA,0.00,NA,NA,NA
2025-09-15 00:00:00,NA,NA,NA,NA,NA,NA,NA,NA,NA,NA,NA,NA,NA,NA,NA,NA,NA,NA,NA,NA,0.00,NA,NA,NA
2025-09-15 01:00:00,NA,NA,NA,NA,NA,NA,NA,NA,NA,NA,NA,NA,NA,NA,NA,NA,NA,NA,NA,NA,0.00,NA,NA,NA
2025-09-15 02:00:00,NA,NA,NA,NA,NA,NA,NA,NA,NA,NA,NA,NA,NA,NA,NA,NA,NA,NA,NA,NA,0.00,NA,NA,NA
2025-09-15 03:00:00,NA,NA,NA,NA,NA,NA,NA,NA,NA,NA,NA,NA,NA,NA,NA,NA,NA,NA,NA,NA,0.00,NA,NA,NA
2025-09-15 04:00:00,NA,NA,NA,NA,NA,NA,NA,NA,NA,NA,NA,NA,NA,NA,NA,NA,NA,NA,NA,NA,0.00,NA,NA,NA
2025-09-15 05:00:00,NA,NA,NA,NA,NA,NA,NA,NA,NA,NA,NA,NA,NA,NA,NA,NA,NA,NA,NA,NA,0.00,NA,NA,NA
2025-09-15 06:00:00,NA,NA,NA,NA,NA,NA,NA,NA,NA,NA,NA,NA,NA,NA,NA,NA,NA,NA,NA,NA,0.00,NA,NA,NA
2025-09-15 07:00:00,NA,NA,NA,NA,NA,NA,NA,NA,NA,NA,NA,NA,NA,NA,NA,NA,NA,NA,NA,NA,0.00,NA,NA,NA
2025-09-15 08:00:00,NA,NA,NA,NA,NA,NA,NA,NA,NA,NA,NA,NA,NA,NA,NA,NA,NA,NA,NA,NA,0.00,NA,NA,NA
2025-09-15 09:00:00,NA,NA,NA,NA,NA,NA,NA,NA,NA,NA,NA,NA,NA,NA,NA,NA,NA,NA,NA,NA,0.00,NA,NA,NA
2025-09-15 10:00:00,NA,NA,NA,NA,NA,NA,NA,NA,NA,NA,NA,NA,NA,NA,NA,NA,NA,NA,NA,NA,0.00,NA,NA,NA
2025-09-15 11:00:00,NA,NA,NA,NA,NA,NA,NA,NA,NA,NA,NA,NA,NA,NA,NA,NA,NA,NA,NA,NA,0.00,NA,NA,NA
2025-09-15 12:00:00,NA,NA,NA,NA,NA,NA,NA,NA,NA,NA,NA,NA,NA,NA,NA,NA,NA,NA,NA,NA,0.00,NA,NA,NA
2025-09-15 13:00:00,NA,NA,NA,NA,NA,NA,NA,NA,NA,NA,NA,NA,NA,NA,NA,NA,NA,NA,NA,NA,0.00,NA,NA,NA
2025-09-15 14:00:00,NA,NA,NA,NA,NA,NA,NA,NA,NA,NA,NA,NA,NA,NA,NA,NA,NA,NA,NA,NA,0.00,NA,NA,NA
2025-09-15 15:00:00,NA,NA,NA,NA,NA,NA,NA,NA,NA,NA,NA,NA,NA,NA,NA,NA,NA,NA,NA,NA,0.00,NA,NA,NA
2025-09-15 16:00:00,NA,NA,NA,NA,NA,NA,NA,NA,NA,NA,NA,NA,NA,NA,NA,NA,NA,NA,NA,NA,0.00,NA,NA,NA
2025-09-15 17:00:00,NA,NA,NA,NA,NA,NA,NA,NA,NA,NA,NA,NA,NA,NA,NA,NA,NA,NA,NA,NA,0.00,NA,NA,NA
2025-09-15 18:00:00,NA,NA,NA,NA,NA,NA,NA,NA,NA,NA,NA,NA,NA,NA,NA,NA,NA,NA,NA,NA,0.00,NA,NA,NA
2025-09-15 19:00:00,NA,NA,NA,NA,NA,NA,NA,NA,NA,NA,NA,NA,NA,NA,NA,NA,NA,NA,NA,NA,0.00,NA,NA,NA
2025-09-15 20:00:00,NA,NA,NA,NA,NA,NA,NA,NA,NA,NA,NA,NA,NA,NA,NA,NA,NA,NA,NA,NA,0.00,NA,NA,NA
2025-09-15 21:00:00,NA,NA,NA,NA,NA,NA,NA,NA,NA,NA,NA,NA,NA,NA,NA,NA,NA,NA,NA,NA,0.00,NA,NA,NA
2025-09-15 22:00:00,NA,NA,NA,NA,NA,NA,NA,NA,NA,NA,NA,NA,NA,NA,NA,NA,NA,NA,NA,NA,0.00,NA,NA,NA
2025-09-15 23:00:00,NA,NA,NA,NA,NA,NA,NA,NA,NA,NA,NA,NA,NA,NA,NA,NA,NA,NA,NA,NA,0.00,NA,NA,NA
2025-09-16 00:00:00,NA,NA,NA,NA,NA,NA,NA,NA,NA,NA,NA,NA,NA,NA,NA,NA,NA,NA,NA,NA,0.00,NA,NA,NA
2025-09-16 01:00:00,NA,NA,NA,NA,NA,NA,NA,NA,NA,NA,NA,NA,NA,NA,NA,NA,NA,NA,NA,NA,0.00,NA,NA,NA
2025-09-16 02:00:00,NA,NA,NA,NA,NA,NA,NA,NA,NA,NA,NA,NA,NA,NA,NA,NA,NA,NA,NA,NA,0.00,NA,NA,NA
2025-09-16 03:00:00,NA,NA,NA,NA,NA,NA,NA,NA,NA,NA,NA,NA,NA,NA,NA,NA,NA,NA,NA,NA,0.00,NA,NA,NA
2025-09-16 04:00:00,NA,NA,NA,NA,NA,NA,NA,NA,NA,NA,NA,NA,NA,NA,NA,NA,NA,NA,NA,NA,0.00,NA,NA,NA
2025-09-16 05:00:00,NA,NA,NA,NA,NA,NA,NA,NA,NA,NA,NA,NA,NA,NA,NA,NA,NA,NA,NA,NA,0.00,NA,NA,NA
2025-09-16 06:00:00,NA,NA,NA,NA,NA,NA,NA,NA,NA,NA,NA,NA,NA,NA,NA,NA,NA,NA,NA,NA,0.00,NA,NA,NA
2025-09-16 07:00:00,NA,NA,NA,NA,NA,NA,NA,NA,NA,NA,NA,NA,NA,NA,NA,NA,NA,NA,NA,NA,0.00,NA,NA,NA
2025-09-16 08:00:00,NA,NA,NA,NA,NA,NA,NA,NA,NA,NA,NA,NA,NA,NA,NA,NA,NA,NA,NA,NA,0.00,NA,NA,NA
2025-09-16 09:00:00,NA,NA,NA,NA,NA,NA,NA,NA,NA,NA,NA,NA,NA,NA,NA,NA,NA,NA,NA,NA,0.00,NA,NA,NA
2025-09-16 10:00:00,NA,NA,NA,NA,NA,NA,NA,NA,NA,NA,NA,NA,NA,NA,NA,NA,NA,NA,NA,NA,0.00,NA,NA,NA
2025-09-16 11:00:00,NA,NA,NA,NA,NA,NA,NA,NA,NA,NA,NA,NA,NA,NA,NA,NA,NA,NA,NA,NA,0.00,NA,NA,NA
2025-09-16 12:00:00,NA,NA,NA,NA,NA,NA,NA,NA,NA,NA,NA,NA,NA,NA,NA,NA,NA,NA,NA,NA,0.00,NA,NA,NA
2025-09-16 13:00:00,NA,NA,NA,NA,NA,NA,NA,NA,NA,NA,NA,NA,NA,NA,NA,NA,NA,NA,NA,NA,0.00,NA,NA,NA
2025-09-16 14:00:00,NA,NA,NA,NA,NA,NA,NA,NA,NA,NA,NA,NA,NA,NA,NA,NA,NA,NA,NA,NA,0.00,NA,NA,NA
2025-09-16 15:00:00,NA,NA,NA,NA,NA,NA,NA,NA,NA,NA,NA,NA,NA,NA,NA,NA,NA,NA,NA,NA,0.00,NA,NA,NA
2025-09-16 16:00:00,NA,NA,NA,NA,NA,NA,NA,NA,NA,NA,NA,NA,NA,NA,NA,NA,NA,NA,NA,NA,0.00,NA,NA,NA
2025-09-16 17:00:00,NA,NA,NA,NA,NA,NA,NA,NA,NA,NA,NA,NA,NA,NA,NA,NA,NA,NA,NA,NA,0.00,NA,NA,NA
2025-09-16 18:00:00,NA,NA,NA,NA,NA,NA,NA,NA,NA,NA,NA,NA,NA,NA,NA,NA,NA,NA,NA,NA,0.00,NA,NA,NA
2025-09-16 19:00:00,NA,NA,NA,NA,NA,NA,NA,NA,NA,NA,NA,NA,NA,NA,NA,NA,NA,NA,NA,NA,0.00,NA,NA,NA
2025-09-16 20:00:00,NA,NA,NA,NA,NA,NA,NA,NA,NA,NA,NA,NA,NA,NA,NA,NA,NA,NA,NA,NA,0.00,NA,NA,NA
2025-09-16 21:00:00,NA,NA,NA,NA,NA,NA,NA,NA,NA,NA,NA,NA,NA,NA,NA,NA,NA,NA,NA,NA,0.00,NA,NA,NA
2025-09-16 22:00:00,NA,NA,NA,NA,NA,NA,NA,NA,NA,NA,NA,NA,NA,NA,NA,NA,NA,NA,NA,NA,0.00,NA,NA,NA
2025-09-16 23:00:00,NA,NA,NA,NA,NA,NA,NA,NA,NA,NA,NA,NA,NA,NA,NA,NA,NA,NA,NA,NA,0.00,NA,NA,NA
2025-09-17 00:00:00,NA,NA,NA,NA,NA,NA,NA,NA,NA,NA,NA,NA,NA,NA,NA,NA,NA,NA,NA,NA,0.00,NA,NA,NA
2025-09-17 01:00:00,NA,NA,NA,NA,NA,NA,NA,NA,NA,NA,NA,NA,NA,NA,NA,NA,NA,NA,NA,NA,0.00,NA,NA,NA
2025-09-17 02:00:00,NA,NA,NA,NA,NA,NA,NA,NA,NA,NA,NA,NA,NA,NA,NA,NA,NA,NA,NA,NA,0.00,NA,NA,NA
2025-09-17 03:00:00,NA,NA,NA,NA,NA,NA,NA,NA,NA,NA,NA,NA,NA,NA,NA,NA,NA,NA,NA,NA,0.00,NA,NA,NA
2025-09-17 04:00:00,NA,NA,NA,NA,NA,NA,NA,NA,NA,NA,NA,NA,NA,NA,NA,NA,NA,NA,NA,NA,0.00,NA,NA,NA
2025-09-17 05:00:00,NA,NA,NA,NA,NA,NA,NA,NA,NA,NA,NA,NA,NA,NA,NA,NA,NA,NA,NA,NA,0.00,NA,NA,NA
2025-09-17 06:00:00,NA,NA,NA,NA,NA,NA,NA,NA,NA,NA,NA,NA,NA,NA,NA,NA,NA,NA,NA,NA,0.00,NA,NA,NA
2025-09-17 07:00:00,NA,NA,NA,NA,NA,NA,NA,NA,NA,NA,NA,NA,NA,NA,NA,NA,NA,NA,NA,NA,0.00,NA,NA,NA
2025-09-17 08:00:00,NA,NA,NA,NA,NA,NA,NA,NA,NA,NA,NA,NA,NA,NA,NA,NA,NA,NA,NA,NA,0.00,NA,NA,NA
2025-09-17 09:00:00,NA,NA,NA,NA,NA,NA,NA,NA,NA,NA,NA,NA,NA,NA,NA,NA,NA,NA,NA,NA,0.00,NA,NA,NA
2025-09-17 10:00:00,NA,NA,NA,NA,NA,NA,NA,NA,NA,NA,NA,NA,NA,NA,NA,NA,NA,NA,NA,NA,0.00,NA,NA,NA
2025-09-17 11:00:00,NA,NA,NA,NA,NA,NA,NA,NA,NA,NA,NA,NA,NA,NA,NA,NA,NA,NA,NA,NA,0.00,NA,NA,NA
2025-09-17 12:00:00,NA,NA,NA,NA,NA,NA,NA,NA,NA,NA,NA,NA,NA,NA,NA,NA,NA,NA,NA,NA,0.00,NA,NA,NA
2025-09-17 13:00:00,NA,NA,NA,NA,NA,NA,NA,NA,NA,NA,NA,NA,NA,NA,NA,NA,NA,NA,NA,NA,0.00,NA,NA,NA
2025-09-17 14:00:00,NA,NA,NA,NA,NA,NA,NA,NA,NA,NA,NA,NA,NA,NA,NA,NA,NA,NA,NA,NA,0.00,NA,NA,NA
2025-09-17 15:00:00,NA,NA,NA,NA,NA,NA,NA,NA,NA,NA,NA,NA,NA,NA,NA,NA,NA,NA,NA,NA,0.00,NA,NA,NA
2025-09-17 16:00:00,NA,NA,NA,NA,NA,NA,NA,NA,NA,NA,NA,NA,NA,NA,NA,NA,NA,NA,NA,NA,0.00,NA,NA,NA
2025-09-17 17:00:00,NA,NA,NA,NA,NA,NA,NA,NA,NA,NA,NA,NA,NA,NA,NA,NA,NA,NA,NA,NA,0.00,NA,NA,NA
2025-09-17 18:00:00,NA,NA,NA,NA,NA,NA,NA,NA,NA,NA,NA,NA,NA,NA,NA,NA,NA,NA,NA,NA,0.00,NA,NA,NA
2025-09-17 19:00:00,NA,NA,NA,NA,NA,NA,NA,NA,NA,NA,NA,NA,NA,NA,NA,NA,NA,NA,NA,NA,0.00,NA,NA,NA
2025-09-17 20:00:00,NA,NA,NA,NA,NA,NA,NA,NA,NA,NA,NA,NA,NA,NA,NA,NA,NA,NA,NA,NA,0.00,NA,NA,NA
2025-09-17 21:00:00,NA,NA,NA,NA,NA,NA,NA,NA,NA,NA,NA,NA,NA,NA,NA,NA,NA,NA,NA,NA,0.00,NA,NA,NA
2025-09-17 22:00:00,NA,NA,NA,NA,NA,NA,NA,NA,NA,NA,NA,NA,NA,NA,NA,NA,NA,NA,NA,NA,0.00,NA,NA,NA
2025-09-17 23:00:00,NA,NA,NA,NA,NA,NA,NA,NA,NA,NA,NA,NA,NA,NA,NA,NA,NA,NA,NA,NA,0.00,NA,NA,NA
2025-09-18 00:00:00,NA,NA,NA,NA,NA,NA,NA,NA,NA,NA,NA,NA,NA,NA,NA,NA,NA,NA,NA,NA,0.00,NA,NA,NA
2025-09-18 01:00:00,NA,NA,NA,NA,NA,NA,NA,NA,NA,NA,NA,NA,NA,NA,NA,NA,NA,NA,NA,NA,0.00,NA,NA,NA
2025-09-18 02:00:00,NA,NA,NA,NA,NA,NA,NA,NA,NA,NA,NA,NA,NA,NA,NA,NA,NA,NA,NA,NA,0.00,NA,NA,NA
2025-09-18 03:00:00,NA,NA,NA,NA,NA,NA,NA,NA,NA,NA,NA,NA,NA,NA,NA,NA,NA,NA,NA,NA,0.00,NA,NA,NA
2025-09-18 04:00:00,NA,NA,NA,NA,NA,NA,NA,NA,NA,NA,NA,NA,NA,NA,NA,NA,NA,NA,NA,NA,0.00,NA,NA,NA
2025-09-18 05:00:00,NA,NA,NA,NA,NA,NA,NA,NA,NA,NA,NA,NA,NA,NA,NA,NA,NA,NA,NA,NA,0.00,NA,NA,NA
2025-09-18 06:00:00,NA,NA,NA,NA,NA,NA,NA,NA,NA,NA,NA,NA,NA,NA,NA,NA,NA,NA,NA,NA,0.00,NA,NA,NA
2025-09-18 07:00:00,NA,NA,NA,NA,NA,NA,NA,NA,NA,NA,NA,NA,NA,NA,NA,NA,NA,NA,NA,NA,0.00,NA,NA,NA
2025-09-18 08:00:00,NA,NA,NA,NA,NA,NA,NA,NA,NA,NA,NA,NA,NA,NA,NA,NA,NA,NA,NA,NA,0.00,NA,NA,NA
2025-09-18 09:00:00,NA,NA,NA,NA,NA,NA,NA,NA,NA,NA,NA,NA,NA,NA,NA,NA,NA,NA,NA,NA,0.00,NA,NA,NA
2025-09-18 10:00:00,NA,NA,NA,NA,NA,NA,NA,NA,NA,NA,NA,NA,NA,NA,NA,NA,NA,NA,NA,NA,0.00,NA,NA,NA
2025-09-18 11:00:00,NA,NA,NA,NA,NA,NA,NA,NA,NA,NA,NA,NA,NA,NA,NA,NA,NA,NA,NA,NA,0.00,NA,NA,NA
2025-09-18 12:00:00,NA,NA,NA,NA,NA,NA,NA,NA,NA,NA,NA,NA,NA,NA,NA,NA,NA,NA,NA,NA,0.00,NA,NA,NA
2025-09-18 13:00:00,NA,NA,NA,NA,NA,NA,NA,NA,NA,NA,NA,NA,NA,NA,NA,NA,NA,NA,NA,NA,0.00,NA,NA,NA
2025-09-18 14:00:00,NA,NA,NA,NA,NA,NA,NA,NA,NA,NA,NA,NA,NA,NA,NA,NA,NA,NA,NA,NA,0.00,NA,NA,NA
2025-09-18 15:00:00,NA,NA,NA,NA,NA,NA,NA,NA,NA,NA,NA,NA,NA,NA,NA,NA,NA,NA,NA,NA,0.00,NA,NA,NA
2025-09-18 16:00:00,NA,NA,NA,NA,NA,NA,NA,NA,NA,NA,NA,NA,NA,NA,NA,NA,NA,NA,NA,NA,0.00,NA,NA,NA
2025-09-18 17:00:00,NA,NA,NA,NA,NA,NA,NA,NA,NA,NA,NA,NA,NA,NA,NA,NA,NA,NA,NA,NA,0.00,NA,NA,NA
2025-09-18 18:00:00,NA,NA,NA,NA,NA,NA,NA,NA,NA,NA,NA,NA,NA,NA,NA,NA,NA,NA,NA,NA,0.00,NA,NA,NA
2025-09-18 19:00:00,NA,NA,NA,NA,NA,NA,NA,NA,NA,NA,NA,NA,NA,NA,NA,NA,NA,NA,NA,NA,0.00,NA,NA,NA
2025-09-18 20:00:00,NA,NA,NA,NA,NA,NA,NA,NA,NA,NA,NA,NA,NA,NA,NA,NA,NA,NA,NA,NA,0.00,NA,NA,NA
2025-09-18 21:00:00,NA,NA,NA,NA,NA,NA,NA,NA,NA,NA,NA,NA,NA,NA,NA,NA,NA,NA,NA,NA,0.00,NA,NA,NA
2025-09-18 22:00:00,NA,NA,NA,NA,NA,NA,NA,NA,NA,NA,NA,NA,NA,NA,NA,NA,NA,NA,NA,NA,0.00,NA,NA,NA
2025-09-18 23:00:00,NA,NA,NA,NA,NA,NA,NA,NA,NA,NA,NA,NA,NA,NA,NA,NA,NA,NA,NA,NA,0.00,NA,NA,NA
2025-09-19 00:00:00,NA,NA,NA,NA,NA,NA,NA,NA,NA,NA,NA,NA,NA,NA,NA,NA,NA,NA,NA,NA,0.00,NA,NA,NA
2025-09-19 01:00:00,NA,NA,NA,NA,NA,NA,NA,NA,NA,NA,NA,NA,NA,NA,NA,NA,NA,NA,NA,NA,0.00,NA,NA,NA
2025-09-19 02:00:00,NA,NA,NA,NA,NA,NA,NA,NA,NA,NA,NA,NA,NA,NA,NA,NA,NA,NA,NA,NA,0.00,NA,NA,NA
2025-09-19 03:00:00,NA,NA,NA,NA,NA,NA,NA,NA,NA,NA,NA,NA,NA,NA,NA,NA,NA,NA,NA,NA,0.00,NA,NA,NA
2025-09-19 04:00:00,NA,NA,NA,NA,NA,NA,NA,NA,NA,NA,NA,NA,NA,NA,NA,NA,NA,NA,NA,NA,0.00,NA,NA,NA
2025-09-19 05:00:00,NA,NA,NA,NA,NA,NA,NA,NA,NA,NA,NA,NA,NA,NA,NA,NA,NA,NA,NA,NA,0.00,NA,NA,NA
2025-09-19 06:00:00,NA,NA,NA,NA,NA,NA,NA,NA,NA,NA,NA,NA,NA,NA,NA,NA,NA,NA,NA,NA,0.00,NA,NA,NA
2025-09-19 07:00:00,NA,NA,NA,NA,NA,NA,NA,NA,NA,NA,NA,NA,NA,NA,NA,NA,NA,NA,NA,NA,0.00,NA,NA,NA
2025-09-19 08:00:00,NA,NA,NA,NA,NA,NA,NA,NA,NA,NA,NA,NA,NA,NA,NA,NA,NA,NA,NA,NA,0.00,NA,NA,NA
2025-09-19 09:00:00,NA,NA,NA,NA,NA,NA,NA,NA,NA,NA,NA,NA,NA,NA,NA,NA,NA,NA,NA,NA,0.00,NA,NA,NA
2025-09-19 10:00:00,NA,NA,NA,NA,NA,NA,NA,NA,NA,NA,NA,NA,NA,NA,NA,NA,NA,NA,NA,NA,0.00,NA,NA,NA
2025-09-19 11:00:00,NA,NA,NA,NA,NA,NA,NA,NA,NA,NA,NA,NA,NA,NA,NA,NA,NA,NA,NA,NA,0.00,NA,NA,NA
2025-09-19 12:00:00,NA,NA,NA,NA,NA,NA,NA,NA,NA,NA,NA,NA,NA,NA,NA,NA,NA,NA,NA,NA,0.00,NA,NA,NA
2025-09-19 13:00:00,NA,NA,NA,NA,NA,NA,NA,NA,NA,NA,NA,NA,NA,NA,NA,NA,NA,NA,NA,NA,0.00,NA,NA,NA
2025-09-19 14:00:00,NA,NA,NA,NA,NA,NA,NA,NA,NA,NA,NA,NA,NA,NA,NA,NA,NA,NA,NA,NA,0.00,NA,NA,NA
2025-09-19 15:00:00,NA,NA,NA,NA,NA,NA,NA,NA,NA,NA,NA,NA,NA,NA,NA,NA,NA,NA,NA,NA,0.00,NA,NA,NA
2025-09-19 16:00:00,NA,NA,NA,NA,NA,NA,NA,NA,NA,NA,NA,NA,NA,NA,NA,NA,NA,NA,NA,NA,0.00,NA,NA,NA
2025-09-19 17:00:00,NA,NA,NA,NA,NA,NA,NA,NA,NA,NA,NA,NA,NA,NA,NA,NA,NA,NA,NA,NA,0.00,NA,NA,NA
2025-09-19 18:00:00,NA,NA,NA,NA,NA,NA,NA,NA,NA,NA,NA,NA,NA,NA,NA,NA,NA,NA,NA,NA,0.00,NA,NA,NA
2025-09-19 19:00:00,NA,NA,NA,NA,NA,NA,NA,NA,NA,NA,NA,NA,NA,NA,NA,NA,NA,NA,NA,NA,0.00,NA,NA,NA
2025-09-19 20:00:00,NA,NA,NA,NA,NA,NA,NA,NA,NA,NA,NA,NA,NA,NA,NA,NA,NA,NA,NA,NA,0.00,NA,NA,NA
2025-09-19 21:00:00,NA,NA,NA,NA,NA,NA,NA,NA,NA,NA,NA,NA,NA,NA,NA,NA,NA,NA,NA,NA,0.00,NA,NA,NA
2025-09-19 22:00:00,NA,NA,NA,NA,NA,NA,NA,NA,NA,NA,NA,NA,NA,NA,NA,NA,NA,NA,NA,NA,0.00,NA,NA,NA
2025-09-19 23:00:00,NA,NA,NA,NA,NA,NA,NA,NA,NA,NA,NA,NA,NA,NA,NA,NA,NA,NA,NA,NA,0.00,NA,NA,NA
2025-09-20 00:00:00,NA,NA,NA,NA,NA,NA,NA,NA,NA,NA,NA,NA,NA,NA,NA,NA,NA,NA,NA,NA,0.00,NA,NA,NA
2025-09-20 01:00:00,NA,NA,NA,NA,NA,NA,NA,NA,NA,NA,NA,NA,NA,NA,NA,NA,NA,NA,NA,NA,0.00,NA,NA,NA
2025-09-20 02:00:00,NA,NA,NA,NA,NA,NA,NA,NA,NA,NA,NA,NA,NA,NA,NA,NA,NA,NA,NA,NA,0.00,NA,NA,NA
2025-09-20 03:00:00,NA,NA,NA,NA,NA,NA,NA,NA,NA,NA,NA,NA,NA,NA,NA,NA,NA,NA,NA,NA,0.00,NA,NA,NA
2025-09-20 04:00:00,NA,NA,NA,NA,NA,NA,NA,NA,NA,NA,NA,NA,NA,NA,NA,NA,NA,NA,NA,NA,0.00,NA,NA,NA
2025-09-20 05:00:00,NA,NA,NA,NA,NA,NA,NA,NA,NA,NA,NA,NA,NA,NA,NA,NA,NA,NA,NA,NA,0.00,NA,NA,NA
2025-09-20 06:00:00,NA,NA,NA,NA,NA,NA,NA,NA,NA,NA,NA,NA,NA,NA,NA,NA,NA,NA,NA,NA,0.00,NA,NA,NA
2025-09-20 07:00:00,NA,NA,NA,NA,NA,NA,NA,NA,NA,NA,NA,NA,NA,NA,NA,NA,NA,NA,NA,NA,0.00,NA,NA,NA
2025-09-20 08:00:00,NA,NA,NA,NA,NA,NA,NA,NA,NA,NA,NA,NA,NA,NA,NA,NA,NA,NA,NA,NA,0.00,NA,NA,NA
2025-09-20 09:00:00,NA,NA,NA,NA,NA,NA,NA,NA,NA,NA,NA,NA,NA,NA,NA,NA,NA,NA,NA,NA,0.00,NA,NA,NA
2025-09-20 10:00:00,NA,NA,NA,NA,NA,NA,NA,NA,NA,NA,NA,NA,NA,NA,NA,NA,NA,NA,NA,NA,0.00,NA,NA,NA
2025-09-20 11:00:00,NA,NA,NA,NA,NA,NA,NA,NA,NA,NA,NA,NA,NA,NA,NA,NA,NA,NA,NA,NA,0.00,NA,NA,NA
2025-09-20 12:00:00,NA,NA,NA,NA,NA,NA,NA,NA,NA,NA,NA,NA,NA,NA,NA,NA,NA,NA,NA,NA,0.00,NA,NA,NA
2025-09-20 13:00:00,NA,NA,NA,NA,NA,NA,NA,NA,NA,NA,NA,NA,NA,NA,NA,NA,NA,NA,NA,NA,0.00,NA,NA,NA
2025-09-20 14:00:00,NA,NA,NA,NA,NA,NA,NA,NA,NA,NA,NA,NA,NA,NA,NA,NA,NA,NA,NA,NA,0.00,NA,NA,NA
2025-09-20 15:00:00,NA,NA,NA,NA,NA,NA,NA,NA,NA,NA,NA,NA,NA,NA,NA,NA,NA,NA,NA,NA,0.00,NA,NA,NA
2025-09-20 16:00:00,NA,NA,NA,NA,NA,NA,NA,NA,NA,NA,NA,NA,NA,NA,NA,NA,NA,NA,NA,NA,0.00,NA,NA,NA
2025-09-20 17:00:00,NA,NA,NA,NA,NA,NA,NA,NA,NA,NA,NA,NA,NA,NA,NA,NA,NA,NA,NA,NA,0.00,NA,NA,NA
2025-09-20 18:00:00,NA,NA,NA,NA,NA,NA,NA,NA,NA,NA,NA,NA,NA,NA,NA,NA,NA,NA,NA,NA,0.00,NA,NA,NA
2025-09-20 19:00:00,NA,NA,NA,NA,NA,NA,NA,NA,NA,NA,NA,NA,NA,NA,NA,NA,NA,NA,NA,NA,0.00,NA,NA,NA
2025-09-20 20:00:00,NA,NA,NA,NA,NA,NA,NA,NA,NA,NA,NA,NA,NA,NA,NA,NA,NA,NA,NA,NA,0.00,NA,NA,NA
2025-09-20 21:00:00,NA,NA,NA,NA,NA,NA,NA,NA,NA,NA,NA,NA,NA,NA,NA,NA,NA,NA,NA,NA,0.00,NA,NA,NA
2025-09-20 22:00:00,NA,NA,NA,NA,NA,NA,NA,NA,NA,NA,NA,NA,NA,NA,NA,NA,NA,NA,NA,NA,0.00,NA,NA,NA
2025-09-20 23:00:00,NA,NA,NA,NA,NA,NA,NA,NA,NA,NA,NA,NA,NA,NA,NA,NA,NA,NA,NA,NA,0.00,NA,NA,NA
2025-09-21 00:00:00,NA,NA,NA,NA,NA,NA,NA,NA,NA,NA,NA,NA,NA,NA,NA,NA,NA,NA,NA,NA,0.00,NA,NA,NA
2025-09-21 01:00:00,NA,NA,NA,NA,NA,NA,NA,NA,NA,NA,NA,NA,NA,NA,NA,NA,NA,NA,NA,NA,0.00,NA,NA,NA
2025-09-21 02:00:00,NA,NA,NA,NA,NA,NA,NA,NA,NA,NA,NA,NA,NA,NA,NA,NA,NA,NA,NA,NA,0.00,NA,NA,NA
2025-09-21 03:00:00,NA,NA,NA,NA,NA,NA,NA,NA,NA,NA,NA,NA,NA,NA,NA,NA,NA,NA,NA,NA,0.00,NA,NA,NA
2025-09-21 04:00:00,NA,NA,NA,NA,NA,NA,NA,NA,NA,NA,NA,NA,NA,NA,NA,NA,NA,NA,NA,NA,0.00,NA,NA,NA
2025-09-21 05:00:00,NA,NA,NA,NA,NA,NA,NA,NA,NA,NA,NA,NA,NA,NA,NA,NA,NA,NA,NA,NA,0.00,NA,NA,NA
2025-09-21 06:00:00,NA,NA,NA,NA,NA,NA,NA,NA,NA,NA,NA,NA,NA,NA,NA,NA,NA,NA,NA,NA,0.00,NA,NA,NA
2025-09-21 07:00:00,NA,NA,NA,NA,NA,NA,NA,NA,NA,NA,NA,NA,NA,NA,NA,NA,NA,NA,NA,NA,0.00,NA,NA,NA
2025-09-21 08:00:00,NA,NA,NA,NA,NA,NA,NA,NA,NA,NA,NA,NA,NA,NA,NA,NA,NA,NA,NA,NA,0.00,NA,NA,NA
2025-09-21 09:00:00,NA,NA,NA,NA,NA,NA,NA,NA,NA,NA,NA,NA,NA,NA,NA,NA,NA,NA,NA,NA,0.00,NA,NA,NA
2025-09-21 10:00:00,NA,NA,NA,NA,NA,NA,NA,NA,NA,NA,NA,NA,NA,NA,NA,NA,NA,NA,NA,NA,0.00,NA,NA,NA
2025-09-21 11:00:00,NA,NA,NA,NA,NA,NA,NA,NA,NA,NA,NA,NA,NA,NA,NA,NA,NA,NA,NA,NA,0.00,NA,NA,NA
2025-09-21 12:00:00,NA,NA,NA,NA,NA,NA,NA,NA,NA,NA,NA,NA,NA,NA,NA,NA,NA,NA,NA,NA,0.00,NA,NA,NA
2025-09-21 13:00:00,NA,NA,NA,NA,NA,NA,NA,NA,NA,NA,NA,NA,NA,NA,NA,NA,NA,NA,NA,NA,0.00,NA,NA,NA
2025-09-21 14:00:00,NA,NA,NA,NA,NA,NA,NA,NA,NA,NA,NA,NA,NA,NA,NA,NA,NA,NA,NA,NA,0.00,NA,NA,NA
2025-09-21 15:00:00,NA,NA,NA,NA,NA,NA,NA,NA,NA,NA,NA,NA,NA,NA,NA,NA,NA,NA,NA,NA,0.00,NA,NA,NA
2025-09-21 16:00:00,NA,NA,NA,NA,NA,NA,NA,NA,NA,NA,NA,NA,NA,NA,NA,NA,NA,NA,NA,NA,0.00,NA,NA,NA
2025-09-21 17:00:00,NA,NA,NA,NA,NA,NA,NA,NA,NA,NA,NA,NA,NA,NA,NA,NA,NA,NA,NA,NA,0.00,NA,NA,NA
2025-09-21 18:00:00,NA,NA,NA,NA,NA,NA,NA,NA,NA,NA,NA,NA,NA,NA,NA,NA,NA,NA,NA,NA,0.00,NA,NA,NA
2025-09-21 19:00:00,NA,NA,NA,NA,NA,NA,NA,NA,NA,NA,NA,NA,NA,NA,NA,NA,NA,NA,NA,NA,0.00,NA,NA,NA
2025-09-21 20:00:00,NA,NA,NA,NA,NA,NA,NA,NA,NA,NA,NA,NA,NA,NA,NA,NA,NA,NA,NA,NA,0.00,NA,NA,NA
2025-09-21 21:00:00,NA,NA,NA,NA,NA,NA,NA,NA,NA,NA,NA,NA,NA,NA,NA,NA,NA,NA,NA,NA,0.00,NA,NA,NA
2025-09-21 22:00:00,NA,NA,NA,NA,NA,NA,NA,NA,NA,NA,NA,NA,NA,NA,NA,NA,NA,NA,NA,NA,0.00,NA,NA,NA
2025-09-21 23:00:00,NA,NA,NA,NA,NA,NA,NA,NA,NA,NA,NA,NA,NA,NA,NA,NA,NA,NA,NA,NA,0.00,NA,NA,NA
2025-09-22 00:00:00,NA,NA,NA,NA,NA,NA,NA,NA,NA,NA,NA,NA,NA,NA,NA,NA,NA,NA,NA,NA,0.00,NA,NA,NA
2025-09-22 01:00:00,NA,NA,NA,NA,NA,NA,NA,NA,NA,NA,NA,NA,NA,NA,NA,NA,NA,NA,NA,NA,0.00,NA,NA,NA
2025-09-22 02:00:00,NA,NA,NA,NA,NA,NA,NA,NA,NA,NA,NA,NA,NA,NA,NA,NA,NA,NA,NA,NA,0.00,NA,NA,NA
2025-09-22 03:00:00,NA,NA,NA,NA,NA,NA,NA,NA,NA,NA,NA,NA,NA,NA,NA,NA,NA,NA,NA,NA,0.00,NA,NA,NA
2025-09-22 04:00:00,NA,NA,NA,NA,NA,NA,NA,NA,NA,NA,NA,NA,NA,NA,NA,NA,NA,NA,NA,NA,0.00,NA,NA,NA
2025-09-22 05:00:00,NA,NA,NA,NA,NA,NA,NA,NA,NA,NA,NA,NA,NA,NA,NA,NA,NA,NA,NA,NA,0.00,NA,NA,NA
2025-09-22 06:00:00,NA,NA,NA,NA,NA,NA,NA,NA,NA,NA,NA,NA,NA,NA,NA,NA,NA,NA,NA,NA,0.00,NA,NA,NA
2025-09-22 07:00:00,NA,NA,NA,NA,NA,NA,NA,NA,NA,NA,NA,NA,NA,NA,NA,NA,NA,NA,NA,NA,0.00,NA,NA,NA
2025-09-22 08:00:00,NA,NA,NA,NA,NA,NA,NA,NA,NA,NA,NA,NA,NA,NA,NA,NA,NA,NA,NA,NA,0.00,NA,NA,NA
2025-09-22 09:00:00,NA,NA,NA,NA,NA,NA,NA,NA,NA,NA,NA,NA,NA,NA,NA,NA,NA,NA,NA,NA,0.00,NA,NA,NA
2025-09-22 10:00:00,NA,NA,NA,NA,NA,NA,NA,NA,NA,NA,NA,NA,NA,NA,NA,NA,NA,NA,NA,NA,0.00,NA,NA,NA
2025-09-22 11:00:00,NA,NA,NA,NA,NA,NA,NA,NA,NA,NA,NA,NA,NA,NA,NA,NA,NA,NA,NA,NA,0.00,NA,NA,NA
2025-09-22 12:00:00,NA,NA,NA,NA,NA,NA,NA,NA,NA,NA,NA,NA,NA,NA,NA,NA,NA,NA,NA,NA,0.00,NA,NA,NA
2025-09-22 13:00:00,NA,NA,NA,NA,NA,NA,NA,NA,NA,NA,NA,NA,NA,NA,NA,NA,NA,NA,NA,NA,0.00,NA,NA,NA
2025-09-22 14:00:00,NA,NA,NA,NA,NA,NA,NA,NA,NA,NA,NA,NA,NA,NA,NA,NA,NA,NA,NA,NA,0.00,NA,NA,NA
2025-09-22 15:00:00,NA,NA,NA,NA,NA,NA,NA,NA,NA,NA,NA,NA,NA,NA,NA,NA,NA,NA,NA,NA,0.00,NA,NA,NA
2025-09-22 16:00:00,NA,NA,NA,NA,NA,NA,NA,NA,NA,NA,NA,NA,NA,NA,NA,NA,NA,NA,NA,NA,0.00,NA,NA,NA
2025-09-22 17:00:00,NA,NA,NA,NA,NA,NA,NA,NA,NA,NA,NA,NA,NA,NA,NA,NA,NA,NA,NA,NA,0.00,NA,NA,NA
2025-09-22 18:00:00,NA,NA,NA,NA,NA,NA,NA,NA,NA,NA,NA,NA,NA,NA,NA,NA,NA,NA,NA,NA,0.00,NA,NA,NA
2025-09-22 19:00:00,NA,NA,NA,NA,NA,NA,NA,NA,NA,NA,NA,NA,NA,NA,NA,NA,NA,NA,NA,NA,0.00,NA,NA,NA
2025-09-22 20:00:00,NA,NA,NA,NA,NA,NA,NA,NA,NA,NA,NA,NA,NA,NA,NA,NA,NA,NA,NA,NA,0.00,NA,NA,NA
2025-09-22 21:00:00,NA,NA,NA,NA,NA,NA,NA,NA,NA,NA,NA,NA,NA,NA,NA,NA,NA,NA,NA,NA,0.00,NA,NA,NA
2025-09-22 22:00:00,NA,NA,NA,NA,NA,NA,NA,NA,NA,NA,NA,NA,NA,NA,NA,NA,NA,NA,NA,NA,0.00,NA,NA,NA
2025-09-22 23:00:00,NA,NA,NA,NA,NA,NA,NA,NA,NA,NA,NA,NA,NA,NA,NA,NA,NA,NA,NA,NA,0.00,NA,NA,NA
2025-09-23 00:00:00,NA,NA,NA,NA,NA,NA,NA,NA,NA,NA,NA,NA,NA,NA,NA,NA,NA,NA,NA,NA,0.00,NA,NA,NA
2025-09-23 01:00:00,NA,NA,NA,NA,NA,NA,NA,NA,NA,NA,NA,NA,NA,NA,NA,NA,NA,NA,NA,NA,0.00,NA,NA,NA
2025-09-23 02:00:00,NA,NA,NA,NA,NA,NA,NA,NA,NA,NA,NA,NA,NA,NA,NA,NA,NA,NA,NA,NA,0.00,NA,NA,NA
2025-09-23 03:00:00,NA,NA,NA,NA,NA,NA,NA,NA,NA,NA,NA,NA,NA,NA,NA,NA,NA,NA,NA,NA,0.00,NA,NA,NA
2025-09-23 04:00:00,NA,NA,NA,NA,NA,NA,NA,NA,NA,NA,NA,NA,NA,NA,NA,NA,NA,NA,NA,NA,0.00,NA,NA,NA
2025-09-23 05:00:00,NA,NA,NA,NA,NA,NA,NA,NA,NA,NA,NA,NA,NA,NA,NA,NA,NA,NA,NA,NA,0.00,NA,NA,NA
2025-09-23 06:00:00,NA,NA,NA,NA,NA,NA,NA,NA,NA,NA,NA,NA,NA,NA,NA,NA,NA,NA,NA,NA,0.00,NA,NA,NA
2025-09-23 07:00:00,NA,NA,NA,NA,NA,NA,NA,NA,NA,NA,NA,NA,NA,NA,NA,NA,NA,NA,NA,NA,0.00,NA,NA,NA
2025-09-23 08:00:00,NA,NA,NA,NA,NA,NA,NA,NA,NA,NA,NA,NA,NA,NA,NA,NA,NA,NA,NA,NA,0.00,NA,NA,NA
2025-09-23 09:00:00,NA,NA,NA,NA,NA,NA,NA,NA,NA,NA,NA,NA,NA,NA,NA,NA,NA,NA,NA,NA,0.00,NA,NA,NA
2025-09-23 10:00:00,NA,NA,NA,NA,NA,NA,NA,NA,NA,NA,NA,NA,NA,NA,NA,NA,NA,NA,NA,NA,0.00,NA,NA,NA
2025-09-23 11:00:00,NA,NA,NA,NA,NA,NA,NA,NA,NA,NA,NA,NA,NA,NA,NA,NA,NA,NA,NA,NA,0.00,NA,NA,NA
2025-09-23 12:00:00,NA,NA,NA,NA,NA,NA,NA,NA,NA,NA,NA,NA,NA,NA,NA,NA,NA,NA,NA,NA,0.00,NA,NA,NA
2025-09-23 13:00:00,NA,NA,NA,NA,NA,NA,NA,NA,NA,NA,NA,NA,NA,NA,NA,NA,NA,NA,NA,NA,0.00,NA,NA,NA
2025-09-23 14:00:00,NA,NA,NA,NA,NA,NA,NA,NA,NA,NA,NA,NA,NA,NA,NA,NA,NA,NA,NA,NA,0.00,NA,NA,NA
2025-09-23 15:00:00,NA,NA,NA,NA,NA,NA,NA,NA,NA,NA,NA,NA,NA,NA,NA,NA,NA,NA,NA,NA,0.00,NA,NA,NA
2025-09-23 16:00:00,NA,NA,NA,NA,NA,NA,NA,NA,NA,NA,NA,NA,NA,NA,NA,NA,NA,NA,NA,NA,0.00,NA,NA,NA
2025-09-23 17:00:00,NA,NA,NA,NA,NA,NA,NA,NA,NA,NA,NA,NA,NA,NA,NA,NA,NA,NA,NA,NA,0.00,NA,NA,NA
2025-09-23 18:00:00,NA,NA,NA,NA,NA,NA,NA,NA,NA,NA,NA,NA,NA,NA,NA,NA,NA,NA,NA,NA,0.00,NA,NA,NA
2025-09-23 19:00:00,NA,NA,NA,NA,NA,NA,NA,NA,NA,NA,NA,NA,NA,NA,NA,NA,NA,NA,NA,NA,0.00,NA,NA,NA
2025-09-23 20:00:00,NA,NA,NA,NA,NA,NA,NA,NA,NA,NA,NA,NA,NA,NA,NA,NA,NA,NA,NA,NA,0.00,NA,NA,NA
2025-09-23 21:00:00,NA,NA,NA,NA,NA,NA,NA,NA,NA,NA,NA,NA,NA,NA,NA,NA,NA,NA,NA,NA,0.00,NA,NA,NA
2025-09-23 22:00:00,NA,NA,NA,NA,NA,NA,NA,NA,NA,NA,NA,NA,NA,NA,NA,NA,NA,NA,NA,NA,0.00,NA,NA,NA
2025-09-23 23:00:00,NA,NA,NA,NA,NA,NA,NA,NA,NA,NA,NA,NA,NA,NA,NA,NA,NA,NA,NA,NA,0.00,NA,NA,NA
2025-09-24 00:00:00,NA,NA,NA,NA,NA,NA,NA,NA,NA,NA,NA,NA,NA,NA,NA,NA,NA,NA,NA,NA,0.00,NA,NA,NA
2025-09-24 01:00:00,NA,NA,NA,NA,NA,NA,NA,NA,NA,NA,NA,NA,NA,NA,NA,NA,NA,NA,NA,NA,0.00,NA,NA,NA
2025-09-24 02:00:00,NA,NA,NA,NA,NA,NA,NA,NA,NA,NA,NA,NA,NA,NA,NA,NA,NA,NA,NA,NA,0.00,NA,NA,NA
2025-09-24 03:00:00,NA,NA,NA,NA,NA,NA,NA,NA,NA,NA,NA,NA,NA,NA,NA,NA,NA,NA,NA,NA,0.00,NA,NA,NA
2025-09-24 04:00:00,NA,NA,NA,NA,NA,NA,NA,NA,NA,NA,NA,NA,NA,NA,NA,NA,NA,NA,NA,NA,0.00,NA,NA,NA
2025-09-24 05:00:00,NA,NA,NA,NA,NA,NA,NA,NA,NA,NA,NA,NA,NA,NA,NA,NA,NA,NA,NA,NA,0.00,NA,NA,NA
2025-09-24 06:00:00,NA,NA,NA,NA,NA,NA,NA,NA,NA,NA,NA,NA,NA,NA,NA,NA,NA,NA,NA,NA,0.00,NA,NA,NA
2025-09-24 07:00:00,NA,NA,NA,NA,NA,NA,NA,NA,NA,NA,NA,NA,NA,NA,NA,NA,NA,NA,NA,NA,0.00,NA,NA,NA
2025-09-24 08:00:00,NA,NA,NA,NA,NA,NA,NA,NA,NA,NA,NA,NA,NA,NA,NA,NA,NA,NA,NA,NA,0.00,NA,NA,NA
2025-09-24 09:00:00,NA,NA,NA,NA,NA,NA,NA,NA,NA,NA,NA,NA,NA,NA,NA,NA,NA,NA,NA,NA,0.00,NA,NA,NA
2025-09-24 10:00:00,NA,NA,NA,NA,NA,NA,NA,NA,NA,NA,NA,NA,NA,NA,NA,NA,NA,NA,NA,NA,0.00,NA,NA,NA
2025-09-24 11:00:00,NA,NA,NA,NA,NA,NA,NA,NA,NA,NA,NA,NA,NA,NA,NA,NA,NA,NA,NA,NA,0.00,NA,NA,NA
2025-09-24 12:00:00,NA,NA,NA,NA,NA,NA,NA,NA,NA,NA,NA,NA,NA,NA,NA,NA,NA,NA,NA,NA,0.00,NA,NA,NA
2025-09-24 13:00:00,NA,NA,NA,NA,NA,NA,NA,NA,NA,NA,NA,NA,NA,NA,NA,NA,NA,NA,NA,NA,0.00,NA,NA,NA
2025-09-24 14:00:00,NA,NA,NA,NA,NA,NA,NA,NA,NA,NA,NA,NA,NA,NA,NA,NA,NA,NA,NA,NA,0.00,NA,NA,NA
2025-09-24 15:00:00,NA,NA,NA,NA,NA,NA,NA,NA,NA,NA,NA,NA,NA,NA,NA,NA,NA,NA,NA,NA,0.00,NA,NA,NA
2025-09-24 16:00:00,NA,NA,NA,NA,NA,NA,NA,NA,NA,NA,NA,NA,NA,NA,NA,NA,NA,NA,NA,NA,0.00,NA,NA,NA
2025-09-24 17:00:00,NA,NA,NA,NA,NA,NA,NA,NA,NA,NA,NA,NA,NA,NA,NA,NA,NA,NA,NA,NA,0.00,NA,NA,NA
2025-09-24 18:00:00,NA,NA,NA,NA,NA,NA,NA,NA,NA,NA,NA,NA,NA,NA,NA,NA,NA,NA,NA,NA,0.00,NA,NA,NA
2025-09-24 19:00:00,NA,NA,NA,NA,NA,NA,NA,NA,NA,NA,NA,NA,NA,NA,NA,NA,NA,NA,NA,NA,0.00,NA,NA,NA
2025-09-24 20:00:00,NA,NA,NA,NA,NA,NA,NA,NA,NA,NA,NA,NA,NA,NA,NA,NA,NA,NA,NA,NA,0.00,NA,NA,NA
2025-09-24 21:00:00,NA,NA,NA,NA,NA,NA,NA,NA,NA,NA,NA,NA,NA,NA,NA,NA,NA,NA,NA,NA,0.00,NA,NA,NA
2025-09-24 22:00:00,NA,NA,NA,NA,NA,NA,NA,NA,NA,NA,NA,NA,NA,NA,NA,NA,NA,NA,NA,NA,0.00,NA,NA,NA
2025-09-24 23:00:00,NA,NA,NA,NA,NA,NA,NA,NA,NA,NA,NA,NA,NA,NA,NA,NA,NA,NA,NA,NA,0.00,NA,NA,NA
2025-09-25 00:00:00,NA,NA,NA,NA,NA,NA,NA,NA,NA,NA,NA,NA,NA,NA,NA,NA,NA,NA,NA,NA,0.00,NA,NA,NA
2025-09-25 01:00:00,NA,NA,NA,NA,NA,NA,NA,NA,NA,NA,NA,NA,NA,NA,NA,NA,NA,NA,NA,NA,0.00,NA,NA,NA
2025-09-25 02:00:00,NA,NA,NA,NA,NA,NA,NA,NA,NA,NA,NA,NA,NA,NA,NA,NA,NA,NA,NA,NA,0.00,NA,NA,NA
2025-09-25 03:00:00,NA,NA,NA,NA,NA,NA,NA,NA,NA,NA,NA,NA,NA,NA,NA,NA,NA,NA,NA,NA,0.00,NA,NA,NA
2025-09-25 04:00:00,NA,NA,NA,NA,NA,NA,NA,NA,NA,NA,NA,NA,NA,NA,NA,NA,NA,NA,NA,NA,0.00,NA,NA,NA
2025-09-25 05:00:00,NA,NA,NA,NA,NA,NA,NA,NA,NA,NA,NA,NA,NA,NA,NA,NA,NA,NA,NA,NA,0.00,NA,NA,NA
2025-09-25 06:00:00,NA,NA,NA,NA,NA,NA,NA,NA,NA,NA,NA,NA,NA,NA,NA,NA,NA,NA,NA,NA,0.00,NA,NA,NA
2025-09-25 07:00:00,NA,NA,NA,NA,NA,NA,NA,NA,NA,NA,NA,NA,NA,NA,NA,NA,NA,NA,NA,NA,0.00,NA,NA,NA
2025-09-25 08:00:00,NA,NA,NA,NA,NA,NA,NA,NA,NA,NA,NA,NA,NA,NA,NA,NA,NA,NA,NA,NA,0.00,NA,NA,NA
2025-09-25 09:00:00,NA,NA,NA,NA,NA,NA,NA,NA,NA,NA,NA,NA,NA,NA,NA,NA,NA,NA,NA,NA,0.00,NA,NA,NA
2025-09-25 10:00:00,NA,NA,NA,NA,NA,NA,NA,NA,NA,NA,NA,NA,NA,NA,NA,NA,NA,NA,NA,NA,0.00,NA,NA,NA
2025-09-25 11:00:00,NA,NA,NA,NA,NA,NA,NA,NA,NA,NA,NA,NA,NA,NA,NA,NA,NA,NA,NA,NA,0.00,NA,NA,NA
2025-09-25 12:00:00,NA,NA,NA,NA,NA,NA,NA,NA,NA,NA,NA,NA,NA,NA,NA,NA,NA,NA,NA,NA,0.00,NA,NA,NA
2025-09-25 13:00:00,NA,NA,NA,NA,NA,NA,NA,NA,NA,NA,NA,NA,NA,NA,NA,NA,NA,NA,NA,NA,0.00,NA,NA,NA
2025-09-25 14:00:00,NA,NA,NA,NA,NA,NA,NA,NA,NA,NA,NA,NA,NA,NA,NA,NA,NA,NA,NA,NA,0.00,NA,NA,NA
2025-09-25 15:00:00,NA,NA,NA,NA,NA,NA,NA,NA,NA,NA,NA,NA,NA,NA,NA,NA,NA,NA,NA,NA,0.00,NA,NA,NA
2025-09-25 16:00:00,NA,NA,NA,NA,NA,NA,NA,NA,NA,NA,NA,NA,NA,NA,NA,NA,NA,NA,NA,NA,0.00,NA,NA,NA
2025-09-25 17:00:00,NA,NA,NA,NA,NA,NA,NA,NA,NA,NA,NA,NA,NA,NA,NA,NA,NA,NA,NA,NA,0.00,NA,NA,NA
2025-09-25 18:00:00,NA,NA,NA,NA,NA,NA,NA,NA,NA,NA,NA,NA,NA,NA,NA,NA,NA,NA,NA,NA,0.00,NA,NA,NA
2025-09-25 19:00:00,NA,NA,NA,NA,NA,NA,NA,NA,NA,NA,NA,NA,NA,NA,NA,NA,NA,NA,NA,NA,0.00,NA,NA,NA
2025-09-25 20:00:00,NA,NA,NA,NA,NA,NA,NA,NA,NA,NA,NA,NA,NA,NA,NA,NA,NA,NA,NA,NA,0.00,NA,NA,NA
2025-09-25 21:00:00,NA,NA,NA,NA,NA,NA,NA,NA,NA,NA,NA,NA,NA,NA,NA,NA,NA,NA,NA,NA,0.00,NA,NA,NA
2025-09-25 22:00:00,NA,NA,NA,NA,NA,NA,NA,NA,NA,NA,NA,NA,NA,NA,NA,NA,NA,NA,NA,NA,0.00,NA,NA,NA
2025-09-25 23:00:00,NA,NA,NA,NA,NA,NA,NA,NA,NA,NA,NA,NA,NA,NA,NA,NA,NA,NA,NA,NA,0.00,NA,NA,NA
2025-09-26 00:00:00,NA,NA,NA,NA,NA,NA,NA,NA,NA,NA,NA,NA,NA,NA,NA,NA,NA,NA,NA,NA,0.00,NA,NA,NA
2025-09-26 01:00:00,NA,NA,NA,NA,NA,NA,NA,NA,NA,NA,NA,NA,NA,NA,NA,NA,NA,NA,NA,NA,0.00,NA,NA,NA
2025-09-26 02:00:00,NA,NA,NA,NA,NA,NA,NA,NA,NA,NA,NA,NA,NA,NA,NA,NA,NA,NA,NA,NA,0.00,NA,NA,NA
2025-09-26 03:00:00,NA,NA,NA,NA,NA,NA,NA,NA,NA,NA,NA,NA,NA,NA,NA,NA,NA,NA,NA,NA,0.00,NA,NA,NA
2025-09-26 04:00:00,NA,NA,NA,NA,NA,NA,NA,NA,NA,NA,NA,NA,NA,NA,NA,NA,NA,NA,NA,NA,0.00,NA,NA,NA
2025-09-26 05:00:00,NA,NA,NA,NA,NA,NA,NA,NA,NA,NA,NA,NA,NA,NA,NA,NA,NA,NA,NA,NA,0.00,NA,NA,NA
2025-09-26 06:00:00,NA,NA,NA,NA,NA,NA,NA,NA,NA,NA,NA,NA,NA,NA,NA,NA,NA,NA,NA,NA,0.00,NA,NA,NA
2025-09-26 07:00:00,NA,NA,NA,NA,NA,NA,NA,NA,NA,NA,NA,NA,NA,NA,NA,NA,NA,NA,NA,NA,0.00,NA,NA,NA
2025-09-26 08:00:00,NA,NA,NA,NA,NA,NA,NA,NA,NA,NA,NA,NA,NA,NA,NA,NA,NA,NA,NA,NA,0.00,NA,NA,NA
2025-09-26 09:00:00,NA,NA,NA,NA,NA,NA,NA,NA,NA,NA,NA,NA,NA,NA,NA,NA,NA,NA,NA,NA,0.00,NA,NA,NA
2025-09-26 10:00:00,31.04,126.60,6.72,72.57,6.19,NA,NA,1.22,1.42,NA,NA,NA,NA,NA,NA,NA,NA,NA,NA,NA,0.00,NA,NA,NA
2025-09-26 11:00:00,37.72,107.79,6.78,44.34,6.42,NA,NA,1.11,1.78,NA,NA,NA,NA,NA,NA,NA,NA,NA,NA,NA,0.00,NA,NA,NA
2025-09-26 12:00:00,41.76,118.77,3.72,40.92,5.59,NA,NA,1.06,5.02,NA,NA,NA,NA,NA,NA,NA,NA,NA,NA,NA,0.00,NA,NA,NA
2025-09-26 13:00:00,37.67,116.37,3.37,15.59,6.19,NA,NA,0.26,6.75,NA,NA,NA,NA,NA,NA,NA,NA,NA,NA,NA,0.00,NA,NA,NA
2025-09-26 14:00:00,53.58,137.22,5.14,NA,8.56,NA,NA,0.26,8.58,NA,NA,NA,NA,NA,NA,NA,NA,NA,NA,NA,0.00,NA,NA,NA
2025-09-26 15:00:00,61.43,138.81,6.24,82.59,10.52,NA,NA,0.21,10.66,NA,NA,NA,NA,NA,NA,NA,NA,NA,NA,NA,0.00,NA,NA,NA
2025-09-26 16:00:00,67.94,149.26,6.05,84.70,11.23,NA,NA,0.19,12.38,NA,NA,NA,NA,NA,NA,NA,NA,NA,NA,NA,0.00,NA,NA,NA
2025-09-26 17:00:00,72.48,NA,1.45,62.36,7.76,NA,NA,0.12,12.90,NA,NA,NA,NA,NA,NA,NA,NA,NA,NA,NA,0.00,NA,NA,NA
2025-09-26 18:00:00,48.87,NA,0.47,40.28,5.05,NA,NA,0.25,9.14,NA,NA,NA,NA,NA,NA,NA,NA,NA,NA,NA,0.00,NA,NA,NA
2025-09-26 19:00:00,15.48,NA,2.90,11.13,5.36,NA,NA,0.53,5.88,NA,NA,NA,NA,NA,NA,NA,NA,NA,NA,NA,0.00,NA,NA,NA
2025-09-26 20:00:00,15.24,NA,10.44,11.82,13.98,NA,NA,0.74,10.78,NA,NA,NA,NA,NA,NA,NA,NA,NA,NA,NA,0.00,NA,NA,NA
2025-09-26 21:00:00,10.38,NA,15.05,14.08,21.88,NA,NA,0.85,18.90,NA,NA,NA,NA,NA,NA,NA,NA,NA,NA,NA,0.00,NA,NA,NA
2025-09-26 22:00:00,16.60,NA,15.95,19.85,18.34,NA,NA,0.76,10.53,NA,NA,NA,NA,NA,NA,NA,NA,NA,NA,NA,0.00,NA,NA,NA
2025-09-26 23:00:00,17.47,NA,13.45,27.97,15.55,NA,NA,0.71,9.06,NA,NA,NA,NA,NA,NA,NA,NA,NA,NA,NA,0.00,NA,NA,NA
2025-09-27 00:00:00,30.44,NA,11.50,17.14,12.66,NA,NA,0.68,6.48,NA,NA,NA,NA,NA,NA,NA,NA,NA,NA,NA,0.00,NA,NA,NA
2025-09-27 01:00:00,25.61,NA,12.41,21.27,14.28,NA,NA,0.68,8.20,NA,NA,NA,NA,NA,NA,NA,NA,NA,NA,NA,0.00,NA,NA,NA
2025-09-27 02:00:00,41.63,NA,10.66,20.53,16.75,NA,NA,0.69,15.84,NA,NA,NA,NA,NA,NA,NA,NA,NA,NA,NA,0.00,NA,NA,NA
2025-09-27 03:00:00,38.26,NA,9.71,25.79,16.47,NA,NA,0.67,16.80,NA,NA,NA,NA,NA,NA,NA,NA,NA,NA,NA,0.00,NA,NA,NA
2025-09-27 04:00:00,38.93,NA,8.49,21.79,14.66,NA,NA,0.64,15.20,NA,NA,NA,NA,NA,NA,NA,NA,NA,NA,NA,0.00,NA,NA,NA
2025-09-27 05:00:00,29.73,NA,8.06,18.65,16.35,NA,NA,0.66,19.22,NA,NA,NA,NA,NA,NA,NA,NA,NA,NA,NA,0.00,NA,NA,NA
2025-09-27 06:00:00,37.27,84.37,7.84,27.50,17.40,NA,NA,0.64,21.61,NA,NA,NA,NA,NA,NA,NA,NA,NA,NA,NA,0.00,NA,NA,NA
2025-09-27 07:00:00,36.61,78.58,7.83,23.31,13.12,NA,NA,0.73,13.25,NA,NA,NA,NA,NA,NA,NA,NA,NA,NA,NA,0.00,NA,NA,NA
2025-09-27 08:00:00,51.83,NA,8.76,44.08,10.70,NA,NA,0.73,7.02,NA,NA,NA,NA,NA,NA,NA,NA,NA,NA,NA,0.00,NA,NA,NA
2025-09-27 09:00:00,52.93,NA,10.25,63.70,10.76,NA,NA,0.77,4.76,NA,NA,NA,NA,NA,NA,NA,NA,NA,NA,NA,0.00,NA,NA,NA
2025-09-27 10:00:00,74.54,NA,11.09,79.54,10.70,NA,NA,0.72,3.31,NA,NA,NA,NA,NA,NA,NA,NA,NA,NA,NA,0.00,NA,NA,NA
2025-09-27 11:00:00,73.58,NA,11.02,93.07,10.28,NA,NA,0.70,2.58,NA,NA,NA,NA,NA,NA,NA,NA,NA,NA,NA,0.00,NA,NA,NA
2025-09-27 12:00:00,71.17,NA,9.04,99.77,8.17,NA,NA,0.67,1.60,NA,NA,NA,NA,NA,NA,NA,NA,NA,NA,NA,0.00,NA,NA,NA
2025-09-27 13:00:00,77.97,NA,5.57,100.57,5.14,NA,NA,0.62,1.21,NA,NA,NA,NA,NA,NA,NA,NA,NA,NA,NA,0.00,NA,NA,NA
2025-09-27 14:00:00,70.46,NA,1.04,98.38,1.25,NA,NA,0.60,0.79,NA,NA,NA,NA,NA,NA,NA,NA,NA,NA,NA,0.00,NA,NA,NA
2025-09-27 15:00:00,68.49,NA,3.11,94.24,3.07,NA,NA,0.60,1.05,NA,NA,NA,NA,NA,NA,NA,NA,NA,NA,NA,0.00,NA,NA,NA
2025-09-27 16:00:00,74.28,NA,5.73,77.48,5.36,NA,NA,0.64,1.36,NA,NA,NA,NA,NA,NA,NA,NA,NA,NA,NA,0.00,NA,NA,NA
2025-09-27 17:00:00,75.68,NA,11.44,61.29,10.28,NA,NA,0.85,1.91,NA,NA,NA,NA,NA,NA,NA,NA,NA,NA,NA,0.00,NA,NA,NA
2025-09-27 18:00:00,94.11,NA,18.73,42.67,16.32,NA,NA,0.96,2.16,NA,NA,NA,NA,NA,NA,NA,NA,NA,NA,NA,0.00,NA,NA,NA
2025-09-27 19:00:00,75.14,NA,21.72,31.68,19.20,NA,NA,1.09,3.03,NA,NA,NA,NA,NA,NA,NA,NA,NA,NA,NA,0.00,NA,NA,NA
2025-09-27 20:00:00,66.99,NA,20.60,27.03,18.34,NA,NA,1.11,3.12,NA,NA,NA,NA,NA,NA,NA,NA,NA,NA,NA,0.00,NA,NA,NA
2025-09-27 21:00:00,65.15,NA,16.85,31.78,15.18,NA,NA,1.11,2.90,NA,NA,NA,NA,NA,NA,NA,NA,NA,NA,NA,0.00,NA,NA,NA
2025-09-27 22:00:00,80.21,NA,15.71,27.25,15.07,NA,NA,1.13,4.50,NA,NA,NA,NA,NA,NA,NA,NA,NA,NA,NA,0.00,NA,NA,NA
2025-09-27 23:00:00,90.33,NA,14.34,26.91,21.18,NA,NA,1.31,18.66,NA,NA,NA,NA,NA,NA,NA,NA,NA,NA,NA,0.00,NA,NA,NA
2025-09-28 00:00:00,77.61,NA,12.60,17.56,16.14,NA,NA,1.11,11.55,NA,NA,NA,NA,NA,NA,NA,NA,NA,NA,NA,0.00,NA,NA,NA
2025-09-28 01:00:00,63.69,NA,11.20,20.77,20.64,NA,NA,1.04,22.61,NA,NA,NA,NA,NA,NA,NA,NA,NA,NA,NA,0.00,NA,NA,NA
2025-09-28 02:00:00,62.13,NA,9.66,26.08,19.18,NA,NA,0.92,22.18,NA,NA,NA,NA,NA,NA,NA,NA,NA,NA,NA,0.00,NA,NA,NA
2025-09-28 03:00:00,25.02,NA,8.55,21.64,10.42,NA,NA,0.64,6.78,NA,NA,NA,NA,NA,NA,NA,NA,NA,NA,NA,0.00,NA,NA,NA
2025-09-28 04:00:00,24.14,NA,4.46,26.57,5.11,NA,NA,0.76,2.90,NA,NA,NA,NA,NA,NA,NA,NA,NA,NA,NA,0.00,NA,NA,NA
2025-09-28 05:00:00,20.83,NA,4.99,29.01,5.67,NA,NA,0.72,3.16,NA,NA,NA,NA,NA,NA,NA,NA,NA,NA,NA,0.00,NA,NA,NA
2025-09-28 06:00:00,18.57,NA,6.09,29.58,7.55,NA,NA,0.73,5.09,NA,NA,NA,NA,NA,NA,NA,NA,NA,NA,NA,0.00,NA,NA,NA
2025-09-28 07:00:00,21.67,NA,6.29,30.50,8.56,NA,NA,0.72,6.75,NA,NA,NA,NA,NA,NA,NA,NA,NA,NA,NA,0.00,NA,NA,NA
2025-09-28 08:00:00,30.38,NA,5.16,41.59,6.70,NA,NA,0.68,4.90,NA,NA,NA,NA,NA,NA,NA,NA,NA,NA,NA,0.00,NA,NA,NA
2025-09-28 09:00:00,33.53,NA,5.03,47.69,5.76,NA,NA,0.62,3.28,NA,NA,NA,NA,NA,NA,NA,NA,NA,NA,NA,0.00,NA,NA,NA
2025-09-28 10:00:00,27.13,NA,5.50,55.43,5.93,NA,NA,0.61,2.88,NA,NA,NA,NA,NA,NA,NA,NA,NA,NA,NA,0.00,NA,NA,NA
2025-09-28 11:00:00,30.86,NA,6.28,53.28,5.90,NA,NA,0.54,1.57,NA,NA,NA,NA,NA,NA,NA,NA,NA,NA,NA,0.00,NA,NA,NA
2025-09-28 12:00:00,30.86,155.98,4.22,47.05,4.03,NA,NA,0.29,1.18,NA,NA,NA,NA,NA,NA,NA,NA,NA,NA,NA,0.00,NA,NA,NA
2025-09-28 13:00:00,45.78,183.37,4.92,70.54,6.38,NA,NA,0.26,4.65,NA,NA,NA,NA,NA,NA,NA,NA,NA,NA,NA,0.00,NA,NA,NA
2025-09-28 14:00:00,21.87,121.23,4.88,73.65,12.95,NA,NA,0.27,17.59,NA,NA,NA,NA,NA,NA,NA,NA,NA,NA,NA,0.00,NA,NA,NA
2025-09-28 15:00:00,23.80,97.87,5.70,79.00,10.45,NA,NA,0.30,11.39,NA,NA,NA,NA,NA,NA,NA,NA,NA,NA,NA,0.00,NA,NA,NA
2025-09-28 16:00:00,31.34,95.84,7.48,85.19,22.14,NA,NA,0.33,31.50,NA,NA,NA,NA,NA,NA,NA,NA,NA,NA,NA,0.00,NA,NA,NA
2025-09-28 17:00:00,32.72,93.76,10.46,69.77,28.58,NA,NA,0.38,39.36,NA,NA,NA,NA,NA,NA,NA,NA,NA,NA,NA,0.00,NA,NA,NA
2025-09-28 18:00:00,19.96,81.84,11.64,49.66,31.00,NA,NA,0.46,42.18,NA,NA,NA,NA,NA,NA,NA,NA,NA,NA,NA,0.00,NA,NA,NA
2025-09-28 19:00:00,23.42,87.85,18.39,19.71,46.03,NA,NA,0.62,60.88,NA,NA,NA,NA,NA,NA,NA,NA,NA,NA,NA,0.00,NA,NA,NA
2025-09-28 20:00:00,23.30,88.48,18.19,5.33,32.77,NA,NA,0.83,35.26,NA,NA,NA,NA,NA,NA,NA,NA,NA,NA,NA,0.00,NA,NA,NA
2025-09-28 21:00:00,26.26,91.85,11.70,12.35,13.57,NA,NA,0.72,7.96,NA,NA,NA,NA,NA,NA,NA,NA,NA,NA,NA,0.00,NA,NA,NA
2025-09-28 22:00:00,32.82,107.18,13.54,18.14,15.29,NA,NA,0.73,8.40,NA,NA,NA,NA,NA,NA,NA,NA,NA,NA,NA,0.00,NA,NA,NA
2025-09-28 23:00:00,38.84,106.13,12.30,17.40,16.01,NA,NA,0.78,11.79,NA,NA,NA,NA,NA,NA,NA,NA,NA,NA,NA,0.00,NA,NA,NA
2025-09-29 00:00:00,49.56,88.58,14.74,19.98,29.89,NA,NA,0.76,35.10,NA,NA,NA,NA,NA,NA,NA,NA,NA,NA,NA,0.00,NA,NA,NA
2025-09-29 01:00:00,56.02,143.74,15.11,12.86,34.31,NA,NA,0.66,43.16,NA,NA,NA,NA,NA,NA,NA,NA,NA,NA,NA,0.00,NA,NA,NA
2025-09-29 02:00:00,37.25,107.52,12.01,16.52,25.82,NA,NA,0.62,31.46,NA,NA,NA,NA,NA,NA,NA,NA,NA,NA,NA,0.00,NA,NA,NA
2025-09-29 03:00:00,37.85,94.22,8.22,32.04,11.84,NA,NA,0.59,10.10,NA,NA,NA,NA,NA,NA,NA,NA,NA,NA,NA,0.00,NA,NA,NA
2025-09-29 04:00:00,32.38,73.26,8.58,43.75,18.48,NA,NA,0.56,22.54,NA,NA,NA,NA,NA,NA,NA,NA,NA,NA,NA,0.00,NA,NA,NA
2025-09-29 05:00:00,41.68,78.13,7.57,14.18,17.31,NA,NA,0.57,21.86,NA,NA,NA,NA,NA,NA,NA,NA,NA,NA,NA,0.00,NA,NA,NA
2025-09-29 06:00:00,40.80,81.46,6.48,28.80,10.62,NA,NA,0.58,10.48,NA,NA,NA,NA,NA,NA,NA,NA,NA,NA,NA,0.00,NA,NA,NA
2025-09-29 07:00:00,41.33,88.93,16.27,29.15,108.42,NA,NA,0.60,186.50,NA,NA,NA,NA,NA,NA,NA,NA,NA,NA,NA,0.00,NA,NA,NA
2025-09-29 08:00:00,27.62,75.58,28.88,56.44,243.97,NA,NA,0.55,432.12,NA,NA,NA,NA,NA,NA,NA,NA,NA,NA,NA,0.00,NA,NA,NA
2025-09-29 09:00:00,33.62,69.67,75.56,69.28,311.41,NA,NA,0.52,NA,NA,NA,NA,NA,NA,NA,NA,NA,NA,NA,NA,0.00,NA,NA,NA
2025-09-29 10:00:00,31.72,75.25,65.49,83.99,NA,NA,NA,0.51,NA,NA,NA,NA,NA,NA,NA,NA,NA,NA,NA,NA,0.00,NA,NA,NA
2025-09-29 11:00:00,29.92,79.18,54.94,NA,448.02,NA,NA,0.48,NA,NA,NA,NA,NA,NA,NA,NA,NA,NA,NA,NA,0.00,NA,NA,NA
2025-09-29 12:00:00,32.95,87.26,46.10,NA,393.82,NA,NA,0.42,NA,NA,NA,NA,NA,NA,NA,NA,NA,NA,NA,NA,0.00,NA,NA,NA
2025-09-29 13:00:00,40.94,89.90,35.01,NA,300.40,NA,NA,0.36,NA,NA,NA,NA,NA,NA,NA,NA,NA,NA,NA,NA,0.00,NA,NA,NA
2025-09-29 14:00:00,40.57,84.21,35.28,NA,337.14,NA,NA,0.40,NA,NA,NA,NA,NA,NA,NA,NA,NA,NA,NA,NA,0.00,NA,NA,NA
2025-09-29 15:00:00,36.64,91.95,81.81,NA,NA,NA,NA,0.41,NA,NA,NA,NA,NA,NA,NA,NA,NA,NA,NA,NA,0.00,NA,NA,NA
2025-09-29 16:00:00,44.62,86.42,NA,77.34,NA,NA,NA,0.46,NA,NA,NA,NA,NA,NA,NA,NA,NA,NA,NA,NA,0.00,NA,NA,NA
2025-09-29 17:00:00,30.11,87.91,4.81,62.93,24.53,NA,NA,0.45,40.70,NA,NA,NA,NA,NA,NA,NA,NA,NA,NA,NA,0.00,NA,NA,NA
2025-09-29 18:00:00,40.14,100.45,12.72,41.67,19.04,NA,NA,0.53,17.05,NA,NA,NA,NA,NA,NA,NA,NA,NA,NA,NA,0.00,NA,NA,NA
2025-09-29 19:00:00,41.23,109.63,17.52,17.59,28.16,NA,NA,0.82,27.28,NA,NA,NA,NA,NA,NA,NA,NA,NA,NA,NA,0.00,NA,NA,NA
2025-09-29 20:00:00,22.35,92.99,19.09,6.20,38.95,NA,NA,1.00,45.91,NA,NA,NA,NA,NA,NA,NA,NA,NA,NA,NA,0.00,NA,NA,NA
2025-09-29 21:00:00,33.46,90.49,18.24,17.41,42.94,NA,NA,1.12,55.09,NA,NA,NA,NA,NA,NA,NA,NA,NA,NA,NA,0.00,NA,NA,NA
2025-09-29 22:00:00,36.75,102.41,16.25,19.88,44.37,NA,NA,1.29,61.06,NA,NA,NA,NA,NA,NA,NA,NA,NA,NA,NA,0.00,NA,NA,NA
2025-09-29 23:00:00,42.02,107.40,16.18,15.04,36.32,NA,NA,1.19,45.42,NA,NA,NA,NA,NA,NA,NA,NA,NA,NA,NA,0.00,NA,NA,NA
2025-09-30 00:00:00,24.68,86.10,14.42,9.38,35.87,NA,NA,1.02,47.31,NA,NA,NA,NA,NA,NA,NA,NA,NA,NA,NA,0.00,NA,NA,NA
2025-09-30 01:00:00,45.08,103.54,13.93,13.64,37.67,NA,NA,1.02,51.64,NA,NA,NA,NA,NA,NA,NA,NA,NA,NA,NA,0.00,NA,NA,NA
2025-09-30 02:00:00,51.36,100.88,13.10,14.58,35.36,NA,NA,0.94,48.45,NA,NA,NA,NA,NA,NA,NA,NA,NA,NA,NA,0.00,NA,NA,NA
2025-09-30 03:00:00,46.30,91.54,9.54,12.71,22.74,NA,NA,0.73,29.37,NA,NA,NA,NA,NA,NA,NA,NA,NA,NA,NA,0.00,NA,NA,NA
2025-09-30 04:00:00,50.32,91.72,10.24,16.90,24.80,NA,NA,0.70,32.30,NA,NA,NA,NA,NA,NA,NA,NA,NA,NA,NA,0.00,NA,NA,NA
2025-09-30 05:00:00,45.11,84.29,10.34,6.68,24.96,NA,NA,0.71,32.43,NA,NA,NA,NA,NA,NA,NA,NA,NA,NA,NA,0.00,NA,NA,NA
2025-09-30 06:00:00,48.42,76.03,4.52,18.83,17.56,NA,NA,0.71,27.22,NA,NA,NA,NA,NA,NA,NA,NA,NA,NA,NA,0.00,NA,NA,NA
2025-09-30 07:00:00,42.96,79.03,1.70,24.52,13.37,NA,NA,0.75,23.48,NA,NA,NA,NA,NA,NA,NA,NA,NA,NA,NA,0.00,NA,NA,NA
2025-09-30 08:00:00,43.70,92.66,2.12,30.48,17.69,NA,NA,0.71,31.29,NA,NA,NA,NA,NA,NA,NA,NA,NA,NA,NA,0.00,NA,NA,NA
2025-09-30 09:00:00,57.45,121.18,2.10,59.22,17.87,NA,NA,0.70,31.66,NA,NA,NA,NA,NA,NA,NA,NA,NA,NA,NA,0.00,NA,NA,NA
2025-09-30 10:00:00,41.23,111.28,3.54,59.04,21.91,NA,NA,0.63,37.31,NA,NA,NA,NA,NA,NA,NA,NA,NA,NA,NA,0.00,NA,NA,NA
2025-09-30 11:00:00,73.43,230.99,10.18,39.26,30.10,NA,NA,0.42,42.77,NA,NA,NA,NA,NA,NA,NA,NA,NA,NA,NA,0.00,NA,NA,NA
2025-09-30 12:00:00,23.57,58.37,9.80,32.46,23.08,NA,NA,0.44,29.62,NA,NA,NA,NA,NA,NA,NA,NA,NA,NA,NA,0.00,NA,NA,NA
2025-09-30 13:00:00,7.47,15.74,8.86,24.03,16.44,NA,NA,0.45,18.10,NA,NA,NA,NA,NA,NA,NA,NA,NA,NA,NA,0.00,NA,NA,NA
2025-09-30 14:00:00,9.48,31.53,NA,19.20,NA,NA,NA,0.46,NA,NA,NA,NA,NA,NA,NA,NA,NA,NA,NA,NA,0.00,NA,NA,NA
2025-09-30 15:00:00,22.74,41.48,NA,15.34,NA,NA,NA,0.52,NA,NA,NA,NA,NA,NA,NA,NA,NA,NA,NA,NA,0.00,NA,NA,NA
2025-09-30 16:00:00,31.38,53.35,NA,13.96,NA,NA,NA,0.58,NA,NA,NA,NA,NA,NA,NA,NA,NA,NA,NA,NA,0.00,NA,NA,NA
2025-09-30 17:00:00,29.30,54.50,19.66,19.79,30.06,NA,NA,0.76,27.62,NA,NA,NA,NA,NA,NA,NA,NA,NA,NA,NA,0.00,NA,NA,NA
2025-09-30 18:00:00,23.58,61.06,17.70,20.31,22.79,NA,NA,0.69,16.55,NA,NA,NA,NA,NA,NA,NA,NA,NA,NA,NA,0.00,NA,NA,NA
2025-09-30 19:00:00,30.70,68.54,12.36,25.62,17.23,NA,NA,0.69,15.29,NA,NA,NA,NA,NA,NA,NA,NA,NA,NA,NA,0.00,NA,NA,NA
2025-09-30 20:00:00,49.58,88.18,13.29,28.90,9.07,NA,NA,0.67,2.17,NA,NA,NA,NA,NA,NA,NA,NA,NA,NA,NA,0.00,NA,NA,NA
2025-09-30 21:00:00,40.17,58.41,11.51,31.11,7.80,NA,NA,0.58,2.16,NA,NA,NA,NA,NA,NA,NA,NA,NA,NA,NA,0.00,NA,NA,NA
2025-09-30 22:00:00,12.22,39.92,7.85,33.22,6.04,NA,NA,0.48,4.07,NA,NA,NA,NA,NA,NA,NA,NA,NA,NA,NA,0.00,NA,NA,NA
2025-09-30 23:00:00,12.40,26.66,9.80,34.44,9.50,NA,NA,0.52,4.08,NA,NA,NA,NA,NA,NA,NA,NA,NA,NA,NA,0.00,NA,NA,NA
2025-10-01 00:00:00,11.72,23.42,7.74,36.10,12.13,NA,NA,0.53,11.45,NA,NA,NA,NA,NA,NA,NA,NA,NA,NA,NA,0.00,NA,NA,NA
2025-10-01 01:00:00,9.56,21.85,10.44,22.79,15.14,NA,NA,0.54,13.05,NA,NA,NA,NA,NA,NA,NA,NA,NA,NA,NA,0.00,NA,NA,NA
2025-10-01 02:00:00,14.38,28.74,9.19,24.70,14.32,NA,NA,0.55,13.43,NA,NA,NA,NA,NA,NA,NA,NA,NA,NA,NA,0.00,NA,NA,NA
2025-10-01 03:00:00,10.93,26.30,9.20,31.34,14.88,NA,NA,0.55,14.48,NA,NA,NA,NA,NA,NA,NA,NA,NA,NA,NA,0.00,NA,NA,NA
2025-10-01 04:00:00,17.76,26.01,8.42,28.30,16.52,NA,NA,0.59,18.96,NA,NA,NA,NA,NA,NA,NA,NA,NA,NA,NA,0.00,NA,NA,NA
2025-10-01 05:00:00,8.47,22.73,9.63,32.05,20.91,NA,NA,0.61,25.63,NA,NA,NA,NA,NA,NA,NA,NA,NA,NA,NA,0.00,NA,NA,NA
2025-10-01 06:00:00,16.54,40.60,7.62,28.82,25.00,NA,NA,0.66,36.85,NA,NA,NA,NA,NA,NA,NA,NA,NA,NA,NA,0.00,NA,NA,NA
2025-10-01 07:00:00,63.86,84.34,8.59,25.13,24.31,NA,NA,0.74,33.97,NA,NA,NA,NA,NA,NA,NA,NA,NA,NA,NA,0.00,NA,NA,NA
2025-10-01 08:00:00,76.21,119.02,9.91,33.40,19.53,NA,NA,0.70,22.51,NA,NA,NA,NA,NA,NA,NA,NA,NA,NA,NA,0.00,NA,NA,NA
2025-10-01 09:00:00,62.47,92.97,12.27,46.48,17.49,NA,NA,0.66,14.81,NA,NA,NA,NA,NA,NA,NA,NA,NA,NA,NA,0.00,NA,NA,NA
2025-10-01 10:00:00,52.55,94.03,24.20,58.13,22.41,NA,NA,0.61,6.03,NA,NA,NA,NA,NA,NA,NA,NA,NA,NA,NA,0.00,NA,NA,NA
2025-10-01 11:00:00,40.29,73.16,4.70,NA,11.14,NA,NA,0.50,14.35,NA,NA,NA,NA,NA,NA,NA,NA,NA,NA,NA,0.00,NA,NA,NA
2025-10-01 12:00:00,52.78,95.07,8.09,NA,14.43,NA,NA,0.48,15.40,NA,NA,NA,NA,NA,NA,NA,NA,NA,NA,NA,0.00,NA,NA,NA
2025-10-01 13:00:00,60.31,102.24,11.84,NA,19.24,NA,NA,0.41,18.85,NA,NA,NA,NA,NA,NA,NA,NA,NA,NA,NA,0.00,NA,NA,NA
2025-10-01 14:00:00,82.40,140.42,13.25,NA,21.70,NA,NA,0.41,21.42,NA,NA,NA,NA,NA,NA,NA,NA,NA,NA,NA,0.00,NA,NA,NA
2025-10-01 15:00:00,89.41,135.67,12.91,NA,20.69,NA,NA,0.50,19.98,NA,NA,NA,NA,NA,NA,NA,NA,NA,NA,NA,0.00,NA,NA,NA
2025-10-01 16:00:00,51.30,113.30,13.12,136.62,22.76,NA,NA,0.39,23.69,NA,NA,NA,NA,NA,NA,NA,NA,NA,NA,NA,0.00,NA,NA,NA
2025-10-01 17:00:00,71.29,127.25,13.34,75.34,29.26,NA,NA,0.38,36.08,NA,NA,NA,NA,NA,NA,NA,NA,NA,NA,NA,0.00,NA,NA,NA
2025-10-01 18:00:00,61.55,120.09,20.54,53.27,36.15,NA,NA,0.51,38.12,NA,NA,NA,NA,NA,NA,NA,NA,NA,NA,NA,0.00,NA,NA,NA
2025-10-01 19:00:00,63.42,103.90,28.69,296.26,41.84,NA,NA,0.78,36.22,NA,NA,NA,NA,NA,NA,NA,NA,NA,NA,NA,0.00,NA,NA,NA
2025-10-01 20:00:00,36.20,105.44,27.97,24.86,67.46,NA,NA,1.22,87.67,NA,NA,NA,NA,NA,NA,NA,NA,NA,NA,NA,0.00,NA,NA,NA
2025-10-01 21:00:00,43.33,123.31,24.82,5.39,56.09,NA,NA,1.33,70.39,NA,NA,NA,NA,NA,NA,NA,NA,NA,NA,NA,0.00,NA,NA,NA
2025-10-01 22:00:00,65.32,144.88,17.61,18.99,34.31,NA,NA,1.08,39.19,NA,NA,NA,NA,NA,NA,NA,NA,NA,NA,NA,0.00,NA,NA,NA
2025-10-01 23:00:00,31.99,79.15,12.75,32.16,25.10,NA,NA,0.76,28.89,NA,NA,NA,NA,NA,NA,NA,NA,NA,NA,NA,0.00,NA,NA,NA
2025-10-02 00:00:00,6.32,36.36,10.02,35.03,17.42,NA,NA,0.71,18.44,NA,NA,NA,NA,NA,NA,NA,NA,NA,NA,NA,0.00,NA,NA,NA
2025-10-02 01:00:00,7.43,29.36,8.92,31.38,11.65,NA,NA,0.59,10.01,NA,NA,NA,NA,NA,NA,NA,NA,NA,NA,NA,0.00,NA,NA,NA
2025-10-02 02:00:00,16.07,33.66,11.28,29.42,14.02,NA,NA,0.67,10.88,NA,NA,NA,NA,NA,NA,NA,NA,NA,NA,NA,0.00,NA,NA,NA
2025-10-02 03:00:00,6.79,22.79,7.56,14.82,12.08,NA,NA,0.65,15.86,NA,NA,NA,NA,NA,NA,NA,NA,NA,NA,NA,0.00,NA,NA,NA
2025-10-02 04:00:00,16.14,35.99,14.02,28.16,15.87,NA,NA,0.66,8.98,NA,NA,NA,NA,NA,NA,NA,NA,NA,NA,NA,0.00,NA,NA,NA
2025-10-02 05:00:00,20.03,34.84,13.59,19.46,21.97,NA,NA,0.67,22.93,NA,NA,NA,NA,NA,NA,NA,NA,NA,NA,NA,0.00,NA,NA,NA
2025-10-02 06:00:00,21.16,35.30,9.64,16.84,22.64,NA,NA,0.70,29.31,NA,NA,NA,NA,NA,NA,NA,NA,NA,NA,NA,0.00,NA,NA,NA
2025-10-02 07:00:00,16.52,38.39,11.00,14.94,24.85,NA,NA,0.75,31.81,NA,NA,NA,NA,NA,NA,NA,NA,NA,NA,NA,0.00,NA,NA,NA
2025-10-02 08:00:00,19.32,57.22,13.13,31.90,32.47,NA,NA,0.71,44.73,NA,NA,NA,NA,NA,NA,NA,NA,NA,NA,NA,0.00,NA,NA,NA
2025-10-02 09:00:00,41.13,97.69,15.52,47.31,30.18,NA,NA,0.76,39.39,NA,NA,NA,NA,NA,NA,NA,NA,NA,NA,NA,0.00,NA,NA,NA
2025-10-02 10:00:00,35.84,93.02,11.12,106.30,50.25,NA,NA,0.67,88.07,NA,NA,NA,NA,NA,NA,NA,NA,NA,NA,NA,0.00,NA,NA,NA
2025-10-02 11:00:00,56.58,124.43,8.03,160.30,26.28,NA,NA,0.70,46.58,NA,NA,NA,NA,NA,NA,NA,NA,NA,NA,NA,0.00,NA,NA,NA
2025-10-02 12:00:00,68.40,142.00,5.83,156.81,60.54,NA,NA,0.66,135.00,NA,NA,NA,NA,NA,NA,NA,NA,NA,NA,NA,0.00,NA,NA,NA
2025-10-02 13:00:00,60.16,115.79,10.59,149.96,23.43,NA,NA,0.63,32.46,NA,NA,NA,NA,NA,NA,NA,NA,NA,NA,NA,0.00,NA,NA,NA
2025-10-02 14:00:00,54.23,94.42,6.10,120.64,19.98,NA,NA,0.59,36.25,NA,NA,NA,NA,NA,NA,NA,NA,NA,NA,NA,0.00,NA,NA,NA
2025-10-02 15:00:00,48.27,91.25,7.53,106.40,25.35,NA,NA,0.59,46.37,NA,NA,NA,NA,NA,NA,NA,NA,NA,NA,NA,0.00,NA,NA,NA
2025-10-02 16:00:00,58.60,99.57,13.38,87.04,12.62,NA,NA,0.67,7.18,NA,NA,NA,NA,NA,NA,NA,NA,NA,NA,NA,0.00,NA,NA,NA
2025-10-02 17:00:00,50.16,80.21,15.86,71.01,15.89,NA,NA,0.71,6.99,NA,NA,NA,NA,NA,NA,NA,NA,NA,NA,NA,0.00,NA,NA,NA
2025-10-02 18:00:00,46.00,81.60,13.67,76.37,15.80,NA,NA,0.65,9.23,NA,NA,NA,NA,NA,NA,NA,NA,NA,NA,NA,0.00,NA,NA,NA
2025-10-02 19:00:00,13.03,22.50,11.18,62.50,14.76,NA,NA,0.61,11.11,NA,NA,NA,NA,NA,NA,NA,NA,NA,NA,NA,0.00,NA,NA,NA
2025-10-02 20:00:00,16.45,19.63,13.13,42.34,15.26,NA,NA,0.64,8.99,NA,NA,NA,NA,NA,NA,NA,NA,NA,NA,NA,0.00,NA,NA,NA
2025-10-02 21:00:00,24.34,38.55,15.94,23.17,18.17,NA,NA,0.75,10.22,NA,NA,NA,NA,NA,NA,NA,NA,NA,NA,NA,0.00,NA,NA,NA
2025-10-02 22:00:00,37.74,67.86,12.28,35.68,15.74,NA,NA,0.71,11.31,NA,NA,NA,NA,NA,NA,NA,NA,NA,NA,NA,0.00,NA,NA,NA
2025-10-02 23:00:00,32.36,61.13,10.22,21.83,15.07,NA,NA,0.65,13.25,NA,NA,NA,NA,NA,NA,NA,NA,NA,NA,NA,0.00,NA,NA,NA
2025-10-03 00:00:00,23.31,47.82,11.33,14.86,18.09,NA,NA,0.68,17.40,NA,NA,NA,NA,NA,NA,NA,NA,NA,NA,NA,0.00,NA,NA,NA
2025-10-03 01:00:00,22.95,44.27,10.52,22.46,20.26,NA,NA,0.72,22.95,NA,NA,NA,NA,NA,NA,NA,NA,NA,NA,NA,0.00,NA,NA,NA
2025-10-03 02:00:00,23.28,33.22,11.02,17.78,17.10,NA,NA,0.65,15.96,NA,NA,NA,NA,NA,NA,NA,NA,NA,NA,NA,0.00,NA,NA,NA
2025-10-03 03:00:00,26.30,59.59,11.02,17.48,17.73,NA,NA,0.62,17.19,NA,NA,NA,NA,NA,NA,NA,NA,NA,NA,NA,0.00,NA,NA,NA
2025-10-03 04:00:00,29.08,36.66,10.35,19.09,16.74,NA,NA,0.62,16.31,NA,NA,NA,NA,NA,NA,NA,NA,NA,NA,NA,0.00,NA,NA,NA
2025-10-03 05:00:00,30.56,51.29,9.26,19.65,16.72,NA,NA,0.63,18.01,NA,NA,NA,NA,NA,NA,NA,NA,NA,NA,NA,0.00,NA,NA,NA
2025-10-03 06:00:00,19.18,37.59,9.10,21.96,16.66,NA,NA,0.62,18.15,NA,NA,NA,NA,NA,NA,NA,NA,NA,NA,NA,0.00,NA,NA,NA
2025-10-03 07:00:00,20.58,41.24,9.63,24.46,19.50,NA,NA,0.64,22.87,NA,NA,NA,NA,NA,NA,NA,NA,NA,NA,NA,0.00,NA,NA,NA
2025-10-03 08:00:00,21.03,26.70,9.32,40.28,18.70,NA,NA,0.62,21.82,NA,NA,NA,NA,NA,NA,NA,NA,NA,NA,NA,0.00,NA,NA,NA
2025-10-03 09:00:00,26.63,42.04,10.26,62.43,17.81,NA,NA,0.62,18.56,NA,NA,NA,NA,NA,NA,NA,NA,NA,NA,NA,0.00,NA,NA,NA
2025-10-03 10:00:00,23.65,56.24,14.02,NA,20.58,NA,NA,0.59,17.99,NA,NA,NA,NA,NA,NA,NA,NA,NA,NA,NA,0.00,NA,NA,NA
2025-10-03 11:00:00,23.79,NA,12.86,NA,19.56,NA,NA,0.52,17.84,NA,NA,NA,NA,NA,NA,NA,NA,NA,NA,NA,0.00,NA,NA,NA
2025-10-03 12:00:00,37.60,NA,9.42,NA,16.55,NA,NA,0.51,17.43,NA,NA,NA,NA,NA,NA,NA,NA,NA,NA,NA,0.00,NA,NA,NA
2025-10-03 13:00:00,31.90,NA,10.01,NA,17.77,NA,NA,0.43,18.88,NA,NA,NA,NA,NA,NA,NA,NA,NA,NA,NA,0.00,NA,NA,NA
2025-10-03 14:00:00,42.06,132.64,9.77,115.70,18.90,NA,NA,0.35,21.47,NA,NA,NA,NA,NA,NA,NA,NA,NA,NA,NA,0.00,NA,NA,NA
2025-10-03 15:00:00,51.32,138.28,12.10,132.25,20.72,NA,NA,0.46,21.34,NA,NA,NA,NA,NA,NA,NA,NA,NA,NA,NA,0.00,NA,NA,NA
2025-10-03 16:00:00,39.26,92.94,12.49,115.70,19.03,NA,NA,0.52,17.40,NA,NA,NA,NA,NA,NA,NA,NA,NA,NA,NA,0.00,NA,NA,NA
2025-10-03 17:00:00,29.25,81.73,14.97,76.07,20.96,NA,NA,0.59,17.24,NA,NA,NA,NA,NA,NA,NA,NA,NA,NA,NA,0.00,NA,NA,NA
2025-10-03 18:00:00,19.79,62.82,20.58,40.28,25.00,NA,NA,0.74,16.21,NA,NA,NA,NA,NA,NA,NA,NA,NA,NA,NA,0.00,NA,NA,NA
2025-10-03 19:00:00,13.88,51.32,21.42,19.55,37.42,NA,NA,1.03,39.18,NA,NA,NA,NA,NA,NA,NA,NA,NA,NA,NA,0.00,NA,NA,NA
2025-10-03 20:00:00,16.42,72.88,16.14,74.52,46.84,NA,NA,1.20,66.06,NA,NA,NA,NA,NA,NA,NA,NA,NA,NA,NA,0.00,NA,NA,NA
2025-10-03 21:00:00,21.82,83.63,12.04,22.14,54.13,NA,NA,1.41,86.88,NA,NA,NA,NA,NA,NA,NA,NA,NA,NA,NA,0.00,NA,NA,NA
2025-10-03 22:00:00,33.86,87.56,7.90,29.02,65.18,NA,NA,1.60,115.15,NA,NA,NA,NA,NA,NA,NA,NA,NA,NA,NA,0.00,NA,NA,NA
2025-10-03 23:00:00,41.16,153.86,5.18,15.58,67.88,NA,NA,1.67,124.78,NA,NA,NA,NA,NA,NA,NA,NA,NA,NA,NA,0.00,NA,NA,NA
2025-10-04 00:00:00,34.62,129.09,1.98,14.79,76.32,NA,NA,1.77,146.44,NA,NA,NA,NA,NA,NA,NA,NA,NA,NA,NA,0.00,NA,NA,NA
2025-10-04 01:00:00,55.44,114.95,0.74,23.22,75.82,NA,NA,1.76,149.06,NA,NA,NA,NA,NA,NA,NA,NA,NA,NA,NA,0.00,NA,NA,NA
2025-10-04 02:00:00,47.26,108.87,0.30,19.98,76.22,NA,NA,1.73,152.80,NA,NA,NA,NA,NA,NA,NA,NA,NA,NA,NA,0.00,NA,NA,NA
2025-10-04 03:00:00,56.29,113.96,0.30,17.48,72.57,NA,NA,1.63,145.17,NA,NA,NA,NA,NA,NA,NA,NA,NA,NA,NA,0.00,NA,NA,NA
2025-10-04 04:00:00,55.55,112.96,1.63,21.99,57.41,NA,NA,1.43,109.96,NA,NA,NA,NA,NA,NA,NA,NA,NA,NA,NA,0.00,NA,NA,NA
2025-10-04 05:00:00,62.94,115.76,2.95,17.25,51.00,NA,NA,1.28,95.26,NA,NA,NA,NA,NA,NA,NA,NA,NA,NA,NA,0.00,NA,NA,NA
2025-10-04 06:00:00,54.74,103.78,4.06,17.96,43.43,NA,NA,1.14,78.71,NA,NA,NA,NA,NA,NA,NA,NA,NA,NA,NA,0.00,NA,NA,NA
2025-10-04 07:00:00,55.86,104.92,9.40,24.73,39.14,NA,NA,1.07,61.76,NA,NA,NA,NA,NA,NA,NA,NA,NA,NA,NA,0.00,NA,NA,NA
2025-10-04 08:00:00,82.54,149.02,14.71,53.08,31.34,NA,NA,0.99,37.99,NA,NA,NA,NA,NA,NA,NA,NA,NA,NA,NA,0.00,NA,NA,NA
2025-10-04 09:00:00,81.12,170.99,12.41,93.06,22.47,NA,NA,0.83,24.27,NA,NA,NA,NA,NA,NA,NA,NA,NA,NA,NA,0.00,NA,NA,NA
2025-10-04 10:00:00,43.14,109.52,11.94,121.02,19.62,NA,NA,0.77,19.44,NA,NA,NA,NA,NA,NA,NA,NA,NA,NA,NA,0.00,NA,NA,NA
2025-10-04 11:00:00,36.17,87.19,14.00,125.71,19.18,NA,NA,0.62,15.29,NA,NA,NA,NA,NA,NA,NA,NA,NA,NA,NA,0.00,NA,NA,NA
2025-10-04 12:00:00,52.15,120.32,18.86,142.50,22.57,NA,NA,0.39,14.20,NA,NA,NA,NA,NA,NA,NA,NA,NA,NA,NA,0.00,NA,NA,NA
2025-10-04 13:00:00,59.52,123.07,10.74,139.84,16.91,NA,NA,0.40,16.03,NA,NA,NA,NA,NA,NA,NA,NA,NA,NA,NA,0.00,NA,NA,NA
2025-10-04 14:00:00,58.88,109.22,10.80,137.46,17.11,NA,NA,0.47,16.34,NA,NA,NA,NA,NA,NA,NA,NA,NA,NA,NA,0.00,NA,NA,NA
2025-10-04 15:00:00,43.61,93.30,10.62,132.77,15.49,NA,NA,0.49,13.45,NA,NA,NA,NA,NA,NA,NA,NA,NA,NA,NA,0.00,NA,NA,NA
2025-10-04 16:00:00,43.85,96.02,11.58,120.14,16.41,NA,NA,0.50,13.71,NA,NA,NA,NA,NA,NA,NA,NA,NA,NA,NA,0.00,NA,NA,NA
2025-10-04 17:00:00,46.41,97.38,15.48,89.26,19.40,NA,NA,0.62,13.36,NA,NA,NA,NA,NA,NA,NA,NA,NA,NA,NA,0.00,NA,NA,NA
2025-10-04 18:00:00,52.65,106.56,18.06,60.74,21.22,NA,NA,0.71,12.80,NA,NA,NA,NA,NA,NA,NA,NA,NA,NA,NA,0.00,NA,NA,NA
2025-10-04 19:00:00,60.98,109.82,22.91,29.35,32.73,NA,NA,0.95,27.62,NA,NA,NA,NA,NA,NA,NA,NA,NA,NA,NA,0.00,NA,NA,NA
2025-10-04 20:00:00,60.40,120.59,25.42,17.02,41.55,NA,NA,1.16,40.90,NA,NA,NA,NA,NA,NA,NA,NA,NA,NA,NA,0.00,NA,NA,NA
2025-10-04 21:00:00,59.74,125.38,18.73,18.31,54.20,NA,NA,1.38,76.40,NA,NA,NA,NA,NA,NA,NA,NA,NA,NA,NA,0.00,NA,NA,NA
2025-10-04 22:00:00,75.39,139.47,22.05,17.62,41.17,NA,NA,1.32,45.58,NA,NA,NA,NA,NA,NA,NA,NA,NA,NA,NA,0.00,NA,NA,NA
2025-10-04 23:00:00,64.07,128.24,21.96,20.02,34.68,NA,NA,1.29,32.96,NA,NA,NA,NA,NA,NA,NA,NA,NA,NA,NA,0.00,NA,NA,NA
2025-10-05 00:00:00,69.64,142.65,19.00,15.39,42.77,NA,NA,1.34,53.54,NA,NA,NA,NA,NA,NA,NA,NA,NA,NA,NA,0.00,NA,NA,NA
2025-10-05 01:00:00,83.18,146.61,19.90,17.40,36.84,NA,NA,1.18,40.52,NA,NA,NA,NA,NA,NA,NA,NA,NA,NA,NA,0.00,NA,NA,NA
2025-10-05 02:00:00,69.34,134.24,17.13,16.03,40.43,NA,NA,1.10,51.94,NA,NA,NA,NA,NA,NA,NA,NA,NA,NA,NA,0.00,NA,NA,NA
2025-10-05 03:00:00,67.10,130.79,14.54,16.15,43.48,NA,NA,1.07,62.06,NA,NA,NA,NA,NA,NA,NA,NA,NA,NA,NA,0.00,NA,NA,NA
2025-10-05 04:00:00,70.77,127.64,16.27,15.20,34.83,NA,NA,0.97,42.36,NA,NA,NA,NA,NA,NA,NA,NA,NA,NA,NA,0.00,NA,NA,NA
2025-10-05 05:00:00,76.09,123.03,19.73,15.67,33.33,NA,NA,0.95,33.89,NA,NA,NA,NA,NA,NA,NA,NA,NA,NA,NA,0.00,NA,NA,NA
2025-10-05 06:00:00,64.53,127.13,21.31,16.82,32.97,NA,NA,0.89,30.66,NA,NA,NA,NA,NA,NA,NA,NA,NA,NA,NA,0.00,NA,NA,NA
2025-10-05 07:00:00,58.76,114.13,15.35,33.37,24.84,NA,NA,0.82,24.22,NA,NA,NA,NA,NA,NA,NA,NA,NA,NA,NA,0.00,NA,NA,NA
2025-10-05 08:00:00,41.23,88.82,12.45,60.78,19.69,NA,NA,0.73,18.74,NA,NA,NA,NA,NA,NA,NA,NA,NA,NA,NA,0.00,NA,NA,NA
2025-10-05 09:00:00,31.18,83.09,13.66,73.78,19.80,NA,NA,0.66,17.04,NA,NA,NA,NA,NA,NA,NA,NA,NA,NA,NA,0.00,NA,NA,NA
2025-10-05 10:00:00,26.89,77.55,10.65,86.04,15.66,NA,NA,0.61,13.72,NA,NA,NA,NA,NA,NA,NA,NA,NA,NA,NA,0.00,NA,NA,NA
2025-10-05 11:00:00,28.28,81.69,10.54,110.28,15.41,NA,NA,0.63,13.40,NA,NA,NA,NA,NA,NA,NA,NA,NA,NA,NA,0.00,NA,NA,NA
2025-10-05 12:00:00,67.27,139.32,11.71,156.29,16.20,NA,NA,0.68,13.10,NA,NA,NA,NA,NA,NA,NA,NA,NA,NA,NA,0.00,NA,NA,NA
2025-10-05 13:00:00,74.49,155.00,11.55,163.19,15.74,NA,NA,0.67,12.46,NA,NA,NA,NA,NA,NA,NA,NA,NA,NA,NA,0.00,NA,NA,NA
2025-10-05 14:00:00,67.68,149.02,11.25,169.70,14.91,NA,NA,0.62,11.30,NA,NA,NA,NA,NA,NA,NA,NA,NA,NA,NA,0.00,NA,NA,NA
2025-10-05 15:00:00,63.61,137.37,11.06,162.75,15.18,NA,NA,0.64,12.11,NA,NA,NA,NA,NA,NA,NA,NA,NA,NA,NA,0.00,NA,NA,NA
2025-10-05 16:00:00,54.49,138.75,12.37,120.17,16.29,NA,NA,0.64,12.21,NA,NA,NA,NA,NA,NA,NA,NA,NA,NA,NA,0.00,NA,NA,NA
2025-10-05 17:00:00,52.85,117.44,15.47,85.43,19.21,NA,NA,0.66,12.99,NA,NA,NA,NA,NA,NA,NA,NA,NA,NA,NA,0.00,NA,NA,NA
2025-10-05 18:00:00,53.86,101.03,24.82,39.06,28.30,NA,NA,0.83,15.91,NA,NA,NA,NA,NA,NA,NA,NA,NA,NA,NA,0.00,NA,NA,NA
2025-10-05 19:00:00,41.31,88.35,26.99,21.27,34.07,NA,NA,0.99,23.76,NA,NA,NA,NA,NA,NA,NA,NA,NA,NA,NA,0.00,NA,NA,NA
2025-10-05 20:00:00,48.75,103.71,20.92,17.64,48.32,NA,NA,1.28,61.32,NA,NA,NA,NA,NA,NA,NA,NA,NA,NA,NA,0.00,NA,NA,NA
2025-10-05 21:00:00,57.80,115.69,16.51,19.94,57.96,NA,NA,1.50,87.29,NA,NA,NA,NA,NA,NA,NA,NA,NA,NA,NA,0.00,NA,NA,NA
2025-10-05 22:00:00,68.48,148.09,7.86,15.46,72.78,NA,NA,1.82,130.10,NA,NA,NA,NA,NA,NA,NA,NA,NA,NA,NA,0.00,NA,NA,NA
2025-10-05 23:00:00,71.16,150.54,9.29,18.61,67.26,NA,NA,1.64,117.12,NA,NA,NA,NA,NA,NA,NA,NA,NA,NA,NA,0.00,NA,NA,NA
2025-10-06 00:00:00,53.49,127.96,11.87,61.89,22.33,NA,NA,0.77,24.86,NA,NA,NA,NA,NA,NA,NA,NA,NA,NA,NA,0.00,NA,NA,NA
2025-10-06 01:00:00,18.40,48.62,12.10,65.64,19.56,NA,NA,0.63,19.06,NA,NA,NA,NA,NA,NA,NA,NA,NA,NA,NA,0.00,NA,NA,NA
2025-10-06 02:00:00,8.43,23.78,10.56,52.48,16.92,NA,NA,0.62,16.34,NA,NA,NA,NA,NA,NA,NA,NA,NA,NA,NA,0.00,NA,NA,NA
2025-10-06 03:00:00,12.41,26.52,11.04,43.03,17.45,NA,NA,0.61,16.62,NA,NA,NA,NA,NA,NA,NA,NA,NA,NA,NA,0.00,NA,NA,NA
2025-10-06 04:00:00,13.55,24.97,10.82,25.16,17.48,NA,NA,0.62,17.02,NA,NA,NA,NA,NA,NA,NA,NA,NA,NA,NA,0.00,NA,NA,NA
2025-10-06 05:00:00,11.44,25.05,11.95,20.04,17.42,NA,NA,0.62,15.10,NA,NA,NA,NA,NA,NA,NA,NA,NA,NA,NA,0.00,NA,NA,NA
2025-10-06 06:00:00,15.85,28.18,11.91,16.84,22.04,NA,NA,0.67,24.20,NA,NA,NA,NA,NA,NA,NA,NA,NA,NA,NA,0.00,NA,NA,NA
2025-10-06 07:00:00,23.12,50.46,13.86,15.43,31.20,NA,NA,0.75,39.06,NA,NA,NA,NA,NA,NA,NA,NA,NA,NA,NA,0.00,NA,NA,NA
2025-10-06 08:00:00,14.49,53.07,14.53,23.28,26.66,NA,NA,0.76,29.12,NA,NA,NA,NA,NA,NA,NA,NA,NA,NA,NA,0.00,NA,NA,NA
2025-10-06 09:00:00,31.94,64.78,16.68,37.34,25.32,NA,NA,0.76,23.06,NA,NA,NA,NA,NA,NA,NA,NA,NA,NA,NA,0.00,NA,NA,NA
2025-10-06 10:00:00,35.71,77.44,20.34,42.74,27.32,NA,NA,0.83,21.16,NA,NA,NA,NA,NA,NA,NA,NA,NA,NA,NA,0.00,NA,NA,NA
2025-10-06 11:00:00,43.74,101.22,18.95,55.67,23.44,NA,NA,0.80,15.74,NA,NA,NA,NA,NA,NA,NA,NA,NA,NA,NA,0.00,NA,NA,NA
2025-10-06 12:00:00,35.40,127.83,19.34,48.76,21.91,NA,NA,0.82,12.15,NA,NA,NA,NA,NA,NA,NA,NA,NA,NA,NA,0.00,NA,NA,NA
2025-10-06 13:00:00,32.83,105.02,20.76,50.07,19.76,NA,NA,0.75,6.26,NA,NA,NA,NA,NA,NA,NA,NA,NA,NA,NA,0.00,NA,NA,NA
2025-10-06 14:00:00,23.69,58.61,15.67,48.74,16.26,NA,NA,0.70,7.55,NA,NA,NA,NA,NA,NA,NA,NA,NA,NA,NA,0.00,NA,NA,NA
2025-10-06 15:00:00,25.48,39.88,14.53,46.16,13.17,NA,NA,0.70,3.96,NA,NA,NA,NA,NA,NA,NA,NA,NA,NA,NA,0.00,NA,NA,NA
2025-10-06 16:00:00,16.95,39.18,19.32,52.37,9.53,NA,NA,0.64,0.55,NA,NA,NA,NA,NA,NA,NA,NA,NA,NA,NA,0.00,NA,NA,NA
2025-10-06 17:00:00,24.37,54.37,21.57,29.61,11.80,NA,NA,0.70,1.53,NA,NA,NA,NA,NA,NA,NA,NA,NA,NA,NA,0.00,NA,NA,NA
2025-10-06 18:00:00,28.45,62.17,25.83,19.30,18.58,NA,NA,0.85,1.11,NA,NA,NA,NA,NA,NA,NA,NA,NA,NA,NA,0.00,NA,NA,NA
2025-10-06 19:00:00,29.34,71.06,25.97,20.07,14.94,NA,NA,0.87,2.50,NA,NA,NA,NA,NA,NA,NA,NA,NA,NA,NA,0.00,NA,NA,NA
2025-10-06 20:00:00,32.63,63.44,20.92,21.55,5.98,NA,NA,0.81,NA,NA,NA,NA,NA,NA,NA,NA,NA,NA,NA,NA,0.00,NA,NA,NA
2025-10-06 21:00:00,32.88,71.68,23.72,15.83,18.02,NA,NA,0.80,4.13,NA,NA,NA,NA,NA,NA,NA,NA,NA,NA,NA,0.00,NA,NA,NA
2025-10-06 22:00:00,33.51,70.70,19.32,20.96,13.00,NA,NA,0.72,4.41,NA,NA,NA,NA,NA,NA,NA,NA,NA,NA,NA,0.00,NA,NA,NA
2025-10-06 23:00:00,19.32,38.95,14.96,40.08,6.47,NA,NA,0.67,1.09,NA,NA,NA,NA,NA,NA,NA,NA,NA,NA,NA,0.00,NA,NA,NA
2025-10-07 00:00:00,16.47,32.74,15.35,32.84,3.88,NA,NA,0.66,1.08,NA,NA,NA,NA,NA,NA,NA,NA,NA,NA,NA,0.00,NA,NA,NA
2025-10-07 01:00:00,26.74,50.42,16.89,25.52,1.66,NA,NA,0.67,0.01,NA,NA,NA,NA,NA,NA,NA,NA,NA,NA,NA,0.00,NA,NA,NA
2025-10-07 02:00:00,26.13,47.06,16.73,28.35,1.56,NA,NA,0.68,0.08,NA,NA,NA,NA,NA,NA,NA,NA,NA,NA,NA,0.00,NA,NA,NA
2025-10-07 03:00:00,13.05,30.91,17.81,19.36,3.45,NA,NA,0.68,0.15,NA,NA,NA,NA,NA,NA,NA,NA,NA,NA,NA,0.00,NA,NA,NA
2025-10-07 04:00:00,24.19,44.56,19.23,32.33,3.74,NA,NA,0.66,1.06,NA,NA,NA,NA,NA,NA,NA,NA,NA,NA,NA,0.00,NA,NA,NA
2025-10-07 05:00:00,15.05,24.39,14.93,32.90,4.13,NA,NA,0.64,0.48,NA,NA,NA,NA,NA,NA,NA,NA,NA,NA,NA,0.00,NA,NA,NA
2025-10-07 06:00:00,14.36,24.12,16.26,32.64,8.00,NA,NA,0.66,1.36,NA,NA,NA,NA,NA,NA,NA,NA,NA,NA,NA,0.00,NA,NA,NA
2025-10-07 07:00:00,8.88,18.10,14.18,37.41,8.26,NA,NA,0.66,3.18,NA,NA,NA,NA,NA,NA,NA,NA,NA,NA,NA,0.00,NA,NA,NA
2025-10-07 08:00:00,22.18,32.86,12.44,38.36,8.48,NA,NA,0.68,4.16,NA,NA,NA,NA,NA,NA,NA,NA,NA,NA,NA,0.00,NA,NA,NA
2025-10-07 09:00:00,10.02,15.09,14.45,58.57,14.42,NA,NA,0.67,7.82,NA,NA,NA,NA,NA,NA,NA,NA,NA,NA,NA,0.00,NA,NA,NA
2025-10-07 10:00:00,23.32,35.77,14.55,74.56,17.60,NA,NA,0.66,13.68,NA,NA,NA,NA,NA,NA,NA,NA,NA,NA,NA,0.00,NA,NA,NA
2025-10-07 11:00:00,23.25,40.03,20.16,96.98,8.24,NA,NA,0.63,12.15,NA,NA,NA,NA,NA,NA,NA,NA,NA,NA,NA,0.00,NA,NA,NA
2025-10-07 12:00:00,23.96,59.88,NA,124.06,NA,NA,NA,0.55,NA,NA,NA,NA,NA,NA,NA,NA,NA,NA,NA,NA,0.00,NA,NA,NA
2025-10-07 13:00:00,54.49,89.04,NA,106.97,NA,NA,NA,0.50,NA,NA,NA,NA,NA,NA,NA,NA,NA,NA,NA,NA,0.00,NA,NA,NA
2025-10-07 14:00:00,24.14,57.70,9.33,89.56,59.44,NA,NA,0.39,136.98,NA,NA,NA,NA,NA,NA,NA,NA,NA,NA,NA,0.00,NA,NA,NA
2025-10-07 15:00:00,41.32,81.86,18.37,101.95,245.76,NA,NA,0.46,421.09,NA,NA,NA,NA,NA,NA,NA,NA,NA,NA,NA,0.00,NA,NA,NA
2025-10-07 16:00:00,35.55,76.18,1.67,75.59,260.97,NA,NA,0.46,NA,NA,NA,NA,NA,NA,NA,NA,NA,NA,NA,NA,0.00,NA,NA,NA
2025-10-07 17:00:00,11.20,24.21,35.12,54.20,174.01,NA,NA,0.54,303.49,NA,NA,NA,NA,NA,NA,NA,NA,NA,NA,NA,0.00,NA,NA,NA
2025-10-07 18:00:00,NA,0.59,NA,42.95,NA,NA,NA,0.63,NA,NA,NA,NA,NA,NA,NA,NA,NA,NA,NA,NA,0.00,NA,NA,NA
2025-10-07 19:00:00,2.47,13.25,NA,26.87,NA,NA,NA,0.79,NA,NA,NA,NA,NA,NA,NA,NA,NA,NA,NA,NA,0.00,NA,NA,NA
2025-10-07 20:00:00,11.41,25.58,NA,15.36,NA,NA,NA,0.92,NA,NA,NA,NA,NA,NA,NA,NA,NA,NA,NA,NA,0.00,NA,NA,NA
2025-10-07 21:00:00,22.38,36.58,NA,17.26,NA,NA,NA,1.05,NA,NA,NA,NA,NA,NA,NA,NA,NA,NA,NA,NA,0.00,NA,NA,NA
2025-10-07 22:00:00,18.68,44.74,NA,15.42,NA,NA,NA,1.16,NA,NA,NA,NA,NA,NA,NA,NA,NA,NA,NA,NA,0.00,NA,NA,NA
2025-10-07 23:00:00,28.75,57.91,NA,15.54,NA,NA,NA,1.07,NA,NA,NA,NA,NA,NA,NA,NA,NA,NA,NA,NA,0.00,NA,NA,NA
2025-10-08 00:00:00,20.01,59.66,NA,11.71,NA,NA,NA,0.85,NA,NA,NA,NA,NA,NA,NA,NA,NA,NA,NA,NA,0.00,NA,NA,NA
2025-10-08 01:00:00,22.70,53.49,NA,12.80,NA,NA,NA,0.86,NA,NA,NA,NA,NA,NA,NA,NA,NA,NA,NA,NA,0.00,NA,NA,NA
2025-10-08 02:00:00,22.69,43.95,NA,15.65,NA,NA,NA,0.89,NA,NA,NA,NA,NA,NA,NA,NA,NA,NA,NA,NA,0.00,NA,NA,NA
2025-10-08 03:00:00,22.61,46.60,NA,14.83,NA,NA,NA,0.96,NA,NA,NA,NA,NA,NA,NA,NA,NA,NA,NA,NA,0.00,NA,NA,NA
2025-10-08 04:00:00,32.67,60.68,NA,16.27,NA,NA,NA,0.98,NA,NA,NA,NA,NA,NA,NA,NA,NA,NA,NA,NA,0.00,NA,NA,NA
2025-10-08 05:00:00,19.73,51.49,NA,14.32,NA,NA,NA,0.94,NA,NA,NA,NA,NA,NA,NA,NA,NA,NA,NA,NA,0.00,NA,NA,NA
2025-10-08 06:00:00,35.23,71.22,NA,13.99,NA,NA,NA,0.85,NA,NA,NA,NA,NA,NA,NA,NA,NA,NA,NA,NA,0.00,NA,NA,NA
2025-10-08 07:00:00,27.01,65.34,NA,22.87,NA,NA,NA,0.83,NA,NA,NA,NA,NA,NA,NA,NA,NA,NA,NA,NA,0.00,NA,NA,NA
2025-10-08 08:00:00,30.38,61.22,NA,25.14,NA,NA,NA,0.83,NA,NA,NA,NA,NA,NA,NA,NA,NA,NA,NA,NA,0.00,NA,NA,NA
2025-10-08 09:00:00,27.20,58.14,NA,43.41,NA,NA,NA,0.77,NA,NA,NA,NA,NA,NA,NA,NA,NA,NA,NA,NA,0.00,NA,NA,NA
2025-10-08 10:00:00,29.68,53.52,NA,57.62,NA,NA,NA,0.74,NA,NA,NA,NA,NA,NA,NA,NA,NA,NA,NA,NA,0.00,NA,NA,NA
2025-10-08 11:00:00,32.85,67.89,NA,71.38,NA,NA,NA,0.62,NA,NA,NA,NA,NA,NA,NA,NA,NA,NA,NA,NA,0.00,NA,NA,NA
2025-10-08 12:00:00,55.37,96.51,NA,75.54,NA,NA,NA,0.68,NA,NA,NA,NA,NA,NA,NA,NA,NA,NA,NA,NA,0.00,NA,NA,NA
2025-10-08 13:00:00,38.44,88.24,NA,86.67,NA,NA,NA,0.66,NA,NA,NA,NA,NA,NA,NA,NA,NA,NA,NA,NA,0.00,NA,NA,NA
2025-10-08 14:00:00,33.69,73.27,NA,95.30,NA,NA,NA,0.62,NA,NA,NA,NA,NA,NA,NA,NA,NA,NA,NA,NA,0.00,NA,NA,NA
2025-10-08 15:00:00,49.25,94.88,NA,NA,NA,NA,NA,0.52,110.88,NA,NA,NA,NA,NA,NA,NA,NA,NA,NA,NA,0.00,NA,NA,NA
2025-10-08 16:00:00,51.58,99.00,NA,NA,NA,NA,NA,0.58,107.63,NA,NA,NA,NA,NA,NA,NA,NA,NA,NA,NA,0.00,NA,NA,NA
2025-10-08 17:00:00,39.05,98.40,NA,NA,NA,NA,NA,NA,NA,NA,NA,NA,NA,NA,NA,NA,NA,NA,NA,NA,0.00,NA,NA,NA
2025-10-08 18:00:00,39.30,91.00,10.66,26.02,22.10,NA,NA,0.69,27.28,NA,NA,NA,NA,NA,NA,NA,NA,NA,NA,NA,0.00,NA,NA,NA
2025-10-08 19:00:00,38.75,82.95,17.87,27.36,29.04,NA,NA,0.86,17.52,NA,NA,NA,NA,NA,NA,NA,NA,NA,NA,NA,0.00,NA,NA,NA
2025-10-08 20:00:00,18.20,76.45,21.72,26.10,29.51,NA,NA,1.19,14.75,NA,NA,NA,NA,NA,NA,NA,NA,NA,NA,NA,0.00,NA,NA,NA
2025-10-08 21:00:00,25.08,82.15,30.44,20.90,35.86,NA,NA,1.18,14.33,NA,NA,NA,NA,NA,NA,NA,NA,NA,NA,NA,0.00,NA,NA,NA
2025-10-08 22:00:00,30.62,76.47,20.27,24.12,29.30,NA,NA,1.06,17.63,NA,NA,NA,NA,NA,NA,NA,NA,NA,NA,NA,0.00,NA,NA,NA
2025-10-08 23:00:00,25.30,77.05,18.83,21.32,26.65,NA,NA,0.94,16.24,NA,NA,NA,NA,NA,NA,NA,NA,NA,NA,NA,0.00,NA,NA,NA
2025-10-09 00:00:00,20.78,62.20,18.18,20.73,25.81,NA,NA,0.96,14.15,NA,NA,NA,NA,NA,NA,NA,NA,NA,NA,NA,0.00,NA,NA,NA
2025-10-09 01:00:00,34.62,87.42,19.78,18.70,26.02,NA,NA,0.94,13.78,NA,NA,NA,NA,NA,NA,NA,NA,NA,NA,NA,0.00,NA,NA,NA
2025-10-09 02:00:00,40.48,78.78,20.48,17.40,25.90,NA,NA,0.86,18.65,NA,NA,NA,NA,NA,NA,NA,NA,NA,NA,NA,0.00,NA,NA,NA
2025-10-09 03:00:00,34.10,66.50,18.95,16.10,23.98,NA,NA,0.82,17.19,NA,NA,NA,NA,NA,NA,NA,NA,NA,NA,NA,0.00,NA,NA,NA
2025-10-09 04:00:00,26.12,61.12,22.16,16.29,26.68,NA,NA,0.82,15.31,NA,NA,NA,NA,NA,NA,NA,NA,NA,NA,NA,0.00,NA,NA,NA
2025-10-09 05:00:00,32.42,66.15,20.15,16.04,24.91,NA,NA,0.84,17.49,NA,NA,NA,NA,NA,NA,NA,NA,NA,NA,NA,0.00,NA,NA,NA
2025-10-09 06:00:00,31.32,69.90,20.27,16.04,25.01,NA,NA,0.84,14.22,NA,NA,NA,NA,NA,NA,NA,NA,NA,NA,NA,0.00,NA,NA,NA
2025-10-09 07:00:00,27.88,77.20,23.21,16.06,27.42,NA,NA,0.82,19.75,NA,NA,NA,NA,NA,NA,NA,NA,NA,NA,NA,0.00,NA,NA,NA
2025-10-09 08:00:00,31.62,78.97,22.51,20.18,29.03,NA,NA,0.84,37.23,NA,NA,NA,NA,NA,NA,NA,NA,NA,NA,NA,0.00,NA,NA,NA
2025-10-09 09:00:00,38.78,101.02,23.78,17.95,28.88,NA,NA,0.82,66.90,NA,NA,NA,NA,NA,NA,NA,NA,NA,NA,NA,0.00,NA,NA,NA
2025-10-09 10:00:00,41.68,101.70,29.80,13.46,31.35,NA,NA,0.78,85.04,NA,NA,NA,NA,NA,NA,NA,NA,NA,NA,NA,0.00,NA,NA,NA
2025-10-09 11:00:00,38.90,87.72,NA,NA,NA,NA,NA,0.60,103.85,NA,NA,NA,NA,NA,NA,NA,NA,NA,NA,NA,0.00,NA,NA,NA
2025-10-09 12:00:00,46.85,91.95,NA,NA,NA,NA,NA,0.51,109.86,NA,NA,NA,NA,NA,NA,NA,NA,NA,NA,NA,0.00,NA,NA,NA
2025-10-09 13:00:00,59.10,119.72,NA,NA,NA,NA,NA,0.46,NA,NA,NA,NA,NA,NA,NA,NA,NA,NA,NA,NA,0.00,NA,NA,NA
2025-10-09 14:00:00,59.70,122.55,NA,NA,NA,NA,NA,NA,NA,NA,NA,NA,NA,NA,NA,NA,NA,NA,NA,NA,0.00,NA,NA,NA
2025-10-09 15:00:00,40.00,99.75,NA,NA,NA,NA,NA,0.46,99.33,NA,NA,NA,NA,NA,NA,NA,NA,NA,NA,NA,0.00,NA,NA,NA
2025-10-09 16:00:00,53.55,132.55,NA,NA,NA,NA,NA,0.47,91.72,NA,NA,NA,NA,NA,NA,NA,NA,NA,NA,NA,0.00,NA,NA,NA
2025-10-09 17:00:00,56.42,126.60,26.26,29.74,37.17,NA,NA,0.50,67.20,NA,NA,NA,NA,NA,NA,NA,NA,NA,NA,NA,0.00,NA,NA,NA
2025-10-09 18:00:00,33.78,100.40,15.58,34.47,31.00,NA,NA,0.61,35.43,NA,NA,NA,NA,NA,NA,NA,NA,NA,NA,NA,0.00,NA,NA,NA
2025-10-09 19:00:00,14.30,69.30,4.96,48.96,30.05,NA,NA,0.79,26.93,NA,NA,NA,NA,NA,NA,NA,NA,NA,NA,NA,0.00,NA,NA,NA
2025-10-09 20:00:00,13.77,99.50,1.49,49.47,24.08,NA,NA,0.90,25.38,NA,NA,NA,NA,NA,NA,NA,NA,NA,NA,NA,0.00,NA,NA,NA
2025-10-09 21:00:00,34.52,163.45,0.89,40.06,20.02,NA,NA,0.92,32.07,NA,NA,NA,NA,NA,NA,NA,NA,NA,NA,NA,0.00,NA,NA,NA
2025-10-09 22:00:00,53.42,220.85,NA,34.76,3.32,NA,NA,0.94,28.77,NA,NA,NA,NA,NA,NA,NA,NA,NA,NA,NA,0.00,NA,NA,NA
2025-10-09 23:00:00,57.82,211.45,NA,34.65,2.20,NA,NA,0.94,20.49,NA,NA,NA,NA,NA,NA,NA,NA,NA,NA,NA,0.00,NA,NA,NA
2025-10-10 00:00:00,57.45,204.32,0.01,32.42,0.54,NA,NA,0.90,19.19,NA,NA,NA,NA,NA,NA,NA,NA,NA,NA,NA,0.00,NA,NA,NA
2025-10-10 01:00:00,63.82,184.15,2.17,35.94,10.12,NA,NA,0.92,15.89,NA,NA,NA,NA,NA,NA,NA,NA,NA,NA,NA,0.00,NA,NA,NA
2025-10-10 02:00:00,51.10,161.75,2.46,34.91,15.32,NA,NA,0.86,16.11,NA,NA,NA,NA,NA,NA,NA,NA,NA,NA,NA,0.00,NA,NA,NA
2025-10-10 03:00:00,47.47,144.02,12.06,22.89,21.98,NA,NA,0.83,16.34,NA,NA,NA,NA,NA,NA,NA,NA,NA,NA,NA,0.00,NA,NA,NA
2025-10-10 04:00:00,57.18,131.40,42.82,7.79,38.96,NA,NA,0.84,16.30,NA,NA,NA,NA,NA,NA,NA,NA,NA,NA,NA,0.00,NA,NA,NA
2025-10-10 05:00:00,53.97,123.52,46.68,3.20,39.65,NA,NA,0.87,15.75,NA,NA,NA,NA,NA,NA,NA,NA,NA,NA,NA,0.00,NA,NA,NA
2025-10-10 06:00:00,48.50,112.75,51.89,2.53,43.48,NA,NA,0.89,17.40,NA,NA,NA,NA,NA,NA,NA,NA,NA,NA,NA,0.00,NA,NA,NA
2025-10-10 07:00:00,48.35,130.05,39.42,11.18,38.00,NA,NA,0.88,23.66,NA,NA,NA,NA,NA,NA,NA,NA,NA,NA,NA,0.00,NA,NA,NA
2025-10-10 08:00:00,50.40,182.08,30.18,17.17,33.67,NA,NA,0.85,46.03,NA,NA,NA,NA,NA,NA,NA,NA,NA,NA,NA,0.00,NA,NA,NA
2025-10-10 09:00:00,60.00,188.50,15.10,13.68,19.56,NA,NA,0.80,86.37,NA,NA,NA,NA,NA,NA,NA,NA,NA,NA,NA,0.00,NA,NA,NA
2025-10-10 10:00:00,60.58,198.22,14.76,5.76,15.06,NA,NA,0.77,116.26,NA,NA,NA,NA,NA,NA,NA,NA,NA,NA,NA,0.00,NA,NA,NA
2025-10-10 11:00:00,61.52,199.40,11.79,1.59,10.21,NA,NA,0.76,136.32,NA,NA,NA,NA,NA,NA,NA,NA,NA,NA,NA,0.00,NA,NA,NA
2025-10-10 12:00:00,67.15,205.00,NA,NA,NA,NA,NA,0.72,141.40,NA,NA,NA,NA,NA,NA,NA,NA,NA,NA,NA,0.00,NA,NA,NA
2025-10-10 13:00:00,64.20,205.25,NA,NA,NA,NA,NA,0.66,143.61,NA,NA,NA,NA,NA,NA,NA,NA,NA,NA,NA,0.00,NA,NA,NA
2025-10-10 14:00:00,66.85,194.90,10.48,7.36,12.40,NA,NA,0.63,143.73,NA,NA,NA,NA,NA,NA,NA,NA,NA,NA,NA,0.00,NA,NA,NA
2025-10-10 15:00:00,80.15,207.62,7.62,7.14,9.98,NA,NA,0.56,146.18,NA,NA,NA,NA,NA,NA,NA,NA,NA,NA,NA,0.00,NA,NA,NA
2025-10-10 16:00:00,88.48,204.02,NA,10.41,3.45,NA,NA,0.64,139.23,NA,NA,NA,NA,NA,NA,NA,NA,NA,NA,NA,0.00,NA,NA,NA
2025-10-10 17:00:00,66.70,185.77,NA,19.59,6.30,NA,NA,0.79,80.99,NA,NA,NA,NA,NA,NA,NA,NA,NA,NA,NA,0.00,NA,NA,NA
2025-10-10 18:00:00,61.95,164.40,NA,34.93,14.23,NA,NA,1.00,35.85,NA,NA,NA,NA,NA,NA,NA,NA,NA,NA,NA,0.00,NA,NA,NA
2025-10-10 19:00:00,50.55,154.92,2.93,40.30,23.59,NA,NA,1.20,15.05,NA,NA,NA,NA,NA,NA,NA,NA,NA,NA,NA,0.00,NA,NA,NA
2025-10-10 20:00:00,60.47,157.82,14.48,33.55,29.62,NA,NA,1.38,15.70,NA,NA,NA,NA,NA,NA,NA,NA,NA,NA,NA,0.00,NA,NA,NA
2025-10-10 21:00:00,58.50,151.00,27.47,27.32,36.86,NA,NA,1.52,17.56,NA,NA,NA,NA,NA,NA,NA,NA,NA,NA,NA,0.00,NA,NA,NA
2025-10-10 22:00:00,72.90,170.42,31.32,25.02,38.78,NA,NA,1.59,15.50,NA,NA,NA,NA,NA,NA,NA,NA,NA,NA,NA,0.00,NA,NA,NA
2025-10-10 23:00:00,73.47,158.35,36.00,19.68,39.74,NA,NA,1.59,16.02,NA,NA,NA,NA,NA,NA,NA,NA,NA,NA,NA,0.00,NA,NA,NA
2025-10-11 00:00:00,84.52,178.90,56.67,11.75,52.32,NA,NA,1.76,15.36,NA,NA,NA,NA,NA,NA,NA,NA,NA,NA,NA,0.00,NA,NA,NA
2025-10-11 01:00:00,83.62,189.35,75.39,7.78,65.42,NA,NA,1.84,15.58,NA,NA,NA,NA,NA,NA,NA,NA,NA,NA,NA,0.00,NA,NA,NA
2025-10-11 02:00:00,86.18,195.95,80.74,6.78,69.24,NA,NA,1.82,16.50,NA,NA,NA,NA,NA,NA,NA,NA,NA,NA,NA,0.00,NA,NA,NA
2025-10-11 03:00:00,89.70,187.52,85.91,6.14,73.12,NA,NA,1.81,14.65,NA,NA,NA,NA,NA,NA,NA,NA,NA,NA,NA,0.00,NA,NA,NA
2025-10-11 04:00:00,88.58,161.67,97.12,7.91,83.17,NA,NA,1.74,13.34,NA,NA,NA,NA,NA,NA,NA,NA,NA,NA,NA,0.00,NA,NA,NA
2025-10-11 05:00:00,82.98,162.35,77.33,9.90,68.13,NA,NA,1.45,13.70,NA,NA,NA,NA,NA,NA,NA,NA,NA,NA,NA,0.00,NA,NA,NA
2025-10-11 06:00:00,77.92,173.80,49.46,13.87,47.59,NA,NA,1.22,13.15,NA,NA,NA,NA,NA,NA,NA,NA,NA,NA,NA,0.00,NA,NA,NA
2025-10-11 07:00:00,72.08,157.10,37.33,14.73,38.18,NA,NA,1.14,21.32,NA,NA,NA,NA,NA,NA,NA,NA,NA,NA,NA,0.00,NA,NA,NA
2025-10-11 08:00:00,58.02,171.42,20.46,18.18,26.30,NA,NA,1.00,59.45,NA,NA,NA,NA,NA,NA,NA,NA,NA,NA,NA,0.00,NA,NA,NA
2025-10-11 09:00:00,58.97,176.80,12.74,16.24,19.00,NA,NA,0.96,89.34,NA,NA,NA,NA,NA,NA,NA,NA,NA,NA,NA,0.00,NA,NA,NA
2025-10-11 10:00:00,63.80,203.95,5.85,12.16,11.23,NA,NA,0.87,110.98,NA,NA,NA,NA,NA,NA,NA,NA,NA,NA,NA,0.00,NA,NA,NA
2025-10-11 11:00:00,56.60,202.85,4.92,10.09,9.36,NA,NA,0.83,120.06,NA,NA,NA,NA,NA,NA,NA,NA,NA,NA,NA,0.00,NA,NA,NA
2025-10-11 12:00:00,67.23,212.25,5.42,8.30,8.82,NA,NA,0.80,128.92,NA,NA,NA,NA,NA,NA,NA,NA,NA,NA,NA,0.00,NA,NA,NA
2025-10-11 13:00:00,57.35,178.82,5.08,7.27,7.99,NA,NA,0.77,134.43,NA,NA,NA,NA,NA,NA,NA,NA,NA,NA,NA,0.00,NA,NA,NA
2025-10-11 14:00:00,63.82,174.82,7.40,6.83,9.65,NA,NA,0.75,135.07,NA,NA,NA,NA,NA,NA,NA,NA,NA,NA,NA,0.00,NA,NA,NA
2025-10-11 15:00:00,58.10,160.57,11.59,7.21,13.26,NA,NA,0.74,123.52,NA,NA,NA,NA,NA,NA,NA,NA,NA,NA,NA,0.00,NA,NA,NA
2025-10-11 16:00:00,52.47,144.67,11.29,9.98,14.49,NA,NA,0.76,115.00,NA,NA,NA,NA,NA,NA,NA,NA,NA,NA,NA,0.00,NA,NA,NA
2025-10-11 17:00:00,58.15,151.32,17.07,14.41,21.54,NA,NA,0.80,74.26,NA,NA,NA,NA,NA,NA,NA,NA,NA,NA,NA,0.00,NA,NA,NA
2025-10-11 18:00:00,48.88,132.70,20.30,25.65,30.15,NA,NA,0.99,36.79,NA,NA,NA,NA,NA,NA,NA,NA,NA,NA,NA,0.00,NA,NA,NA
2025-10-11 19:00:00,56.35,144.98,26.76,31.66,38.60,NA,NA,1.06,20.06,NA,NA,NA,NA,NA,NA,NA,NA,NA,NA,NA,0.00,NA,NA,NA
2025-10-11 20:00:00,45.97,136.75,49.76,31.45,57.18,NA,NA,1.40,14.83,NA,NA,NA,NA,NA,NA,NA,NA,NA,NA,NA,0.00,NA,NA,NA
2025-10-11 21:00:00,62.95,167.52,65.55,28.08,68.22,NA,NA,1.58,14.90,NA,NA,NA,NA,NA,NA,NA,NA,NA,NA,NA,0.00,NA,NA,NA
2025-10-11 22:00:00,59.10,162.67,51.07,28.34,56.60,NA,NA,1.44,15.28,NA,NA,NA,NA,NA,NA,NA,NA,NA,NA,NA,0.00,NA,NA,NA
2025-10-11 23:00:00,65.15,168.70,41.46,27.16,48.15,NA,NA,1.36,17.32,NA,NA,NA,NA,NA,NA,NA,NA,NA,NA,NA,0.00,NA,NA,NA
2025-10-12 00:00:00,64.80,174.05,31.24,20.02,36.05,NA,NA,1.14,20.14,NA,NA,NA,NA,NA,NA,NA,NA,NA,NA,NA,0.00,NA,NA,NA
2025-10-12 01:00:00,64.23,140.20,27.11,15.22,30.14,NA,NA,1.05,20.15,NA,NA,NA,NA,NA,NA,NA,NA,NA,NA,NA,0.00,NA,NA,NA
2025-10-12 02:00:00,67.68,132.72,23.22,13.62,26.12,NA,NA,1.01,18.69,NA,NA,NA,NA,NA,NA,NA,NA,NA,NA,NA,0.00,NA,NA,NA
2025-10-12 03:00:00,60.18,121.48,23.59,11.28,25.18,NA,NA,0.96,25.84,NA,NA,NA,NA,NA,NA,NA,NA,NA,NA,NA,0.00,NA,NA,NA
2025-10-12 04:00:00,56.10,117.15,22.56,9.35,23.31,NA,NA,0.92,26.20,NA,NA,NA,NA,NA,NA,NA,NA,NA,NA,NA,0.00,NA,NA,NA
2025-10-12 05:00:00,62.58,122.18,17.30,10.86,19.84,NA,NA,0.92,29.35,NA,NA,NA,NA,NA,NA,NA,NA,NA,NA,NA,0.00,NA,NA,NA
2025-10-12 06:00:00,67.12,126.52,12.55,11.98,16.58,NA,NA,1.01,22.38,NA,NA,NA,NA,NA,NA,NA,NA,NA,NA,NA,0.00,NA,NA,NA
2025-10-12 07:00:00,53.90,103.52,21.89,13.90,25.19,NA,NA,0.99,26.63,NA,NA,NA,NA,NA,NA,NA,NA,NA,NA,NA,0.00,NA,NA,NA
2025-10-12 08:00:00,62.32,140.98,16.54,14.82,21.33,NA,NA,0.95,56.60,NA,NA,NA,NA,NA,NA,NA,NA,NA,NA,NA,0.00,NA,NA,NA
2025-10-12 09:00:00,78.72,219.02,7.72,13.12,13.26,NA,NA,0.92,95.37,NA,NA,NA,NA,NA,NA,NA,NA,NA,NA,NA,0.00,NA,NA,NA
2025-10-12 10:00:00,81.88,234.98,5.91,9.57,9.90,NA,NA,0.87,126.82,NA,NA,NA,NA,NA,NA,NA,NA,NA,NA,NA,0.00,NA,NA,NA
2025-10-12 11:00:00,78.53,236.75,3.22,8.64,7.21,NA,NA,0.84,144.27,NA,NA,NA,NA,NA,NA,NA,NA,NA,NA,NA,0.00,NA,NA,NA
2025-10-12 12:00:00,78.82,210.02,0.35,6.80,3.49,NA,NA,0.78,143.51,NA,NA,NA,NA,NA,NA,NA,NA,NA,NA,NA,0.00,NA,NA,NA
2025-10-12 13:00:00,63.28,176.12,3.32,5.68,5.72,NA,NA,0.74,133.87,NA,NA,NA,NA,NA,NA,NA,NA,NA,NA,NA,0.00,NA,NA,NA
2025-10-12 14:00:00,51.50,157.45,4.72,5.48,5.40,NA,NA,0.70,134.64,NA,NA,NA,NA,NA,NA,NA,NA,NA,NA,NA,0.00,NA,NA,NA
2025-10-12 15:00:00,50.78,141.02,NA,6.27,0.84,NA,NA,0.68,123.64,NA,NA,NA,NA,NA,NA,NA,NA,NA,NA,NA,0.00,NA,NA,NA
2025-10-12 16:00:00,44.85,131.85,0.01,8.90,0.89,NA,NA,0.69,109.66,NA,NA,NA,NA,NA,NA,NA,NA,NA,NA,NA,0.00,NA,NA,NA
2025-10-12 17:00:00,44.20,132.90,7.02,13.16,12.70,NA,NA,0.73,79.16,NA,NA,NA,NA,NA,NA,NA,NA,NA,NA,NA,0.00,NA,NA,NA
2025-10-12 18:00:00,37.47,119.60,4.04,30.95,19.75,NA,NA,0.89,36.11,NA,NA,NA,NA,NA,NA,NA,NA,NA,NA,NA,0.00,NA,NA,NA
2025-10-12 19:00:00,38.08,131.80,14.43,38.03,31.96,NA,NA,1.14,15.88,NA,NA,NA,NA,NA,NA,NA,NA,NA,NA,NA,0.00,NA,NA,NA
2025-10-12 20:00:00,49.25,151.62,14.99,36.77,31.74,NA,NA,1.23,16.10,NA,NA,NA,NA,NA,NA,NA,NA,NA,NA,NA,0.00,NA,NA,NA
2025-10-12 21:00:00,57.78,177.70,31.06,30.76,41.61,NA,NA,1.51,17.49,NA,NA,NA,NA,NA,NA,NA,NA,NA,NA,NA,0.00,NA,NA,NA
2025-10-12 22:00:00,69.70,191.30,34.14,27.32,42.28,NA,NA,1.61,14.16,NA,NA,NA,NA,NA,NA,NA,NA,NA,NA,NA,0.00,NA,NA,NA
2025-10-12 23:00:00,71.12,190.32,36.30,25.02,42.82,NA,NA,1.63,18.11,NA,NA,NA,NA,NA,NA,NA,NA,NA,NA,NA,0.00,NA,NA,NA
2025-10-13 00:00:00,79.20,195.22,29.34,22.80,35.99,NA,NA,1.60,17.07,NA,NA,NA,NA,NA,NA,NA,NA,NA,NA,NA,0.00,NA,NA,NA
2025-10-13 01:00:00,79.75,180.08,18.73,22.83,27.37,NA,NA,1.45,15.79,NA,NA,NA,NA,NA,NA,NA,NA,NA,NA,NA,0.00,NA,NA,NA
2025-10-13 02:00:00,66.82,139.22,14.53,19.94,22.42,NA,NA,1.35,17.77,NA,NA,NA,NA,NA,NA,NA,NA,NA,NA,NA,0.00,NA,NA,NA
2025-10-13 03:00:00,69.55,133.52,13.35,16.12,19.43,NA,NA,1.30,17.04,NA,NA,NA,NA,NA,NA,NA,NA,NA,NA,NA,0.00,NA,NA,NA
2025-10-13 04:00:00,68.80,130.52,18.23,14.70,22.64,NA,NA,1.21,17.52,NA,NA,NA,NA,NA,NA,NA,NA,NA,NA,NA,0.00,NA,NA,NA
2025-10-13 05:00:00,59.88,120.75,24.17,11.78,25.92,NA,NA,1.22,17.13,NA,NA,NA,NA,NA,NA,NA,NA,NA,NA,NA,0.00,NA,NA,NA
2025-10-13 06:00:00,63.78,114.22,29.57,10.22,29.47,NA,NA,1.24,15.44,NA,NA,NA,NA,NA,NA,NA,NA,NA,NA,NA,0.00,NA,NA,NA
2025-10-13 07:00:00,70.05,139.30,21.87,13.43,24.92,NA,NA,1.27,19.32,NA,NA,NA,NA,NA,NA,NA,NA,NA,NA,NA,0.00,NA,NA,NA
2025-10-13 08:00:00,92.55,225.85,5.45,20.90,15.55,NA,NA,1.22,35.48,NA,NA,NA,NA,NA,NA,NA,NA,NA,NA,NA,0.00,NA,NA,NA
2025-10-13 09:00:00,87.82,226.80,1.78,23.73,13.16,NA,NA,1.21,80.11,NA,NA,NA,NA,NA,NA,NA,NA,NA,NA,NA,0.00,NA,NA,NA
2025-10-13 10:00:00,86.30,247.55,0.01,17.66,7.90,NA,NA,1.12,121.14,NA,NA,NA,NA,NA,NA,NA,NA,NA,NA,NA,0.00,NA,NA,NA
2025-10-13 11:00:00,58.82,206.12,NA,10.98,1.61,NA,NA,0.98,142.60,NA,NA,NA,NA,NA,NA,NA,NA,NA,NA,NA,0.00,NA,NA,NA
2025-10-13 12:00:00,63.42,187.50,NA,8.18,0.81,NA,NA,0.94,155.50,NA,NA,NA,NA,NA,NA,NA,NA,NA,NA,NA,0.00,NA,NA,NA
2025-10-13 13:00:00,65.50,168.97,NA,7.52,0.00,NA,NA,0.89,156.30,NA,NA,NA,NA,NA,NA,NA,NA,NA,NA,NA,0.00,NA,NA,NA
2025-10-13 14:00:00,59.73,159.65,NA,7.47,0.00,NA,NA,0.88,159.64,NA,NA,NA,NA,NA,NA,NA,NA,NA,NA,NA,0.00,NA,NA,NA
2025-10-13 15:00:00,62.32,162.95,NA,7.72,0.25,NA,NA,0.87,160.39,NA,NA,NA,NA,NA,NA,NA,NA,NA,NA,NA,0.00,NA,NA,NA
2025-10-13 16:00:00,57.95,158.12,NA,9.42,2.57,NA,NA,0.88,129.14,NA,NA,NA,NA,NA,NA,NA,NA,NA,NA,NA,0.00,NA,NA,NA
2025-10-13 17:00:00,61.22,160.15,NA,23.27,8.46,NA,NA,1.00,80.92,NA,NA,NA,NA,NA,NA,NA,NA,NA,NA,NA,0.00,NA,NA,NA
2025-10-13 18:00:00,58.75,162.80,6.88,51.95,30.68,NA,NA,1.42,16.98,NA,NA,NA,NA,NA,NA,NA,NA,NA,NA,NA,0.00,NA,NA,NA
2025-10-13 19:00:00,52.30,160.85,16.54,47.40,38.66,NA,NA,1.57,16.37,NA,NA,NA,NA,NA,NA,NA,NA,NA,NA,NA,0.00,NA,NA,NA
2025-10-13 20:00:00,59.50,173.88,23.48,41.90,41.38,NA,NA,1.67,16.46,NA,NA,NA,NA,NA,NA,NA,NA,NA,NA,NA,0.00,NA,NA,NA
2025-10-13 21:00:00,57.98,171.62,31.89,36.52,45.36,NA,NA,1.60,16.19,NA,NA,NA,NA,NA,NA,NA,NA,NA,NA,NA,0.00,NA,NA,NA
2025-10-13 22:00:00,71.00,182.40,39.53,30.38,48.30,NA,NA,1.58,14.24,NA,NA,NA,NA,NA,NA,NA,NA,NA,NA,NA,0.00,NA,NA,NA
2025-10-13 23:00:00,81.28,197.90,37.92,27.13,45.27,NA,NA,1.78,16.37,NA,NA,NA,NA,NA,NA,NA,NA,NA,NA,NA,0.00,NA,NA,NA
2025-10-14 00:00:00,76.85,261.30,49.85,20.92,51.65,NA,NA,1.81,15.89,NA,NA,NA,NA,NA,NA,NA,NA,NA,NA,NA,0.00,NA,NA,NA
2025-10-14 01:00:00,89.65,197.20,52.94,17.75,52.48,NA,NA,1.85,16.00,NA,NA,NA,NA,NA,NA,NA,NA,NA,NA,NA,0.00,NA,NA,NA
2025-10-14 02:00:00,97.45,207.15,40.06,18.98,42.66,NA,NA,1.82,15.61,NA,NA,NA,NA,NA,NA,NA,NA,NA,NA,NA,0.00,NA,NA,NA
2025-10-14 03:00:00,109.22,182.90,29.08,19.86,34.20,NA,NA,1.68,17.17,NA,NA,NA,NA,NA,NA,NA,NA,NA,NA,NA,0.00,NA,NA,NA
2025-10-14 04:00:00,84.50,167.48,30.98,18.13,34.84,NA,NA,1.54,14.07,NA,NA,NA,NA,NA,NA,NA,NA,NA,NA,NA,0.00,NA,NA,NA
2025-10-14 05:00:00,82.35,152.88,28.24,18.02,32.55,NA,NA,1.44,15.07,NA,NA,NA,NA,NA,NA,NA,NA,NA,NA,NA,0.00,NA,NA,NA
2025-10-14 06:00:00,82.25,156.50,39.92,15.17,40.52,NA,NA,1.37,16.64,NA,NA,NA,NA,NA,NA,NA,NA,NA,NA,NA,0.00,NA,NA,NA
2025-10-14 07:00:00,70.05,145.90,21.97,16.13,26.44,NA,NA,1.40,18.17,NA,NA,NA,NA,NA,NA,NA,NA,NA,NA,NA,0.00,NA,NA,NA
2025-10-14 08:00:00,65.53,197.78,12.89,26.80,24.74,NA,NA,1.31,34.09,NA,NA,NA,NA,NA,NA,NA,NA,NA,NA,NA,0.00,NA,NA,NA
2025-10-14 09:00:00,86.38,232.58,2.42,34.66,20.40,NA,NA,1.28,81.22,NA,NA,NA,NA,NA,NA,NA,NA,NA,NA,NA,0.00,NA,NA,NA
2025-10-14 10:00:00,96.05,243.78,NA,18.79,7.94,NA,NA,1.18,126.41,NA,NA,NA,NA,NA,NA,NA,NA,NA,NA,NA,0.00,NA,NA,NA
2025-10-14 11:00:00,73.02,207.23,0.84,10.09,2.28,NA,NA,1.02,156.58,NA,NA,NA,NA,NA,NA,NA,NA,NA,NA,NA,0.00,NA,NA,NA
2025-10-14 12:00:00,59.97,173.77,NA,9.24,0.00,NA,NA,0.98,164.60,NA,NA,NA,NA,NA,NA,NA,NA,NA,NA,NA,0.00,NA,NA,NA
2025-10-14 13:00:00,52.28,153.02,NA,7.86,0.00,NA,NA,0.93,161.61,NA,NA,NA,NA,NA,NA,NA,NA,NA,NA,NA,0.00,NA,NA,NA
2025-10-14 14:00:00,61.58,160.88,NA,8.50,0.22,NA,NA,0.92,164.83,NA,NA,NA,NA,NA,NA,NA,NA,NA,NA,NA,0.00,NA,NA,NA
2025-10-14 15:00:00,61.95,166.42,NA,8.74,1.07,NA,NA,0.91,169.63,NA,NA,NA,NA,NA,NA,NA,NA,NA,NA,NA,0.00,NA,NA,NA
2025-10-14 16:00:00,59.22,156.28,NA,10.69,1.16,NA,NA,0.94,139.45,NA,NA,NA,NA,NA,NA,NA,NA,NA,NA,NA,0.00,NA,NA,NA
2025-10-14 17:00:00,60.82,149.62,NA,32.74,14.29,NA,NA,1.10,73.19,NA,NA,NA,NA,NA,NA,NA,NA,NA,NA,NA,0.00,NA,NA,NA
2025-10-14 18:00:00,55.55,165.05,6.65,57.01,35.56,NA,NA,1.47,18.54,NA,NA,NA,NA,NA,NA,NA,NA,NA,NA,NA,0.00,NA,NA,NA
2025-10-14 19:00:00,45.05,156.27,18.82,48.48,41.08,NA,NA,1.54,14.35,NA,NA,NA,NA,NA,NA,NA,NA,NA,NA,NA,0.00,NA,NA,NA
2025-10-14 20:00:00,44.85,152.43,30.73,40.79,46.68,NA,NA,1.66,15.57,NA,NA,NA,NA,NA,NA,NA,NA,NA,NA,NA,0.00,NA,NA,NA
2025-10-14 21:00:00,57.15,171.75,41.77,34.19,52.14,NA,NA,1.84,15.59,NA,NA,NA,NA,NA,NA,NA,NA,NA,NA,NA,0.00,NA,NA,NA
2025-10-14 22:00:00,67.62,179.15,64.00,25.68,65.70,NA,NA,2.09,15.77,NA,NA,NA,NA,NA,NA,NA,NA,NA,NA,NA,0.00,NA,NA,NA
2025-10-14 23:00:00,68.88,170.45,71.57,20.72,69.21,NA,NA,2.10,16.07,NA,NA,NA,NA,NA,NA,NA,NA,NA,NA,NA,0.00,NA,NA,NA
2025-10-15 00:00:00,66.03,165.62,69.01,18.84,66.12,NA,NA,2.02,14.21,NA,NA,NA,NA,NA,NA,NA,NA,NA,NA,NA,0.00,NA,NA,NA
2025-10-15 01:00:00,72.55,173.02,68.47,17.95,65.22,NA,NA,2.01,15.53,NA,NA,NA,NA,NA,NA,NA,NA,NA,NA,NA,0.00,NA,NA,NA
2025-10-15 02:00:00,79.72,163.23,61.69,16.97,59.18,NA,NA,2.00,16.48,NA,NA,NA,NA,NA,NA,NA,NA,NA,NA,NA,0.00,NA,NA,NA
2025-10-15 03:00:00,73.98,160.50,74.50,11.64,66.76,NA,NA,2.05,16.97,NA,NA,NA,NA,NA,NA,NA,NA,NA,NA,NA,0.00,NA,NA,NA
2025-10-15 04:00:00,93.90,189.85,74.22,10.11,65.72,NA,NA,2.03,15.41,NA,NA,NA,NA,NA,NA,NA,NA,NA,NA,NA,0.00,NA,NA,NA
2025-10-15 05:00:00,100.43,180.50,68.96,9.97,61.37,NA,NA,1.92,16.37,NA,NA,NA,NA,NA,NA,NA,NA,NA,NA,NA,0.00,NA,NA,NA
2025-10-15 06:00:00,81.07,161.05,74.03,8.68,64.81,NA,NA,1.90,15.98,NA,NA,NA,NA,NA,NA,NA,NA,NA,NA,NA,0.00,NA,NA,NA
2025-10-15 07:00:00,83.68,175.05,78.71,12.46,70.62,NA,NA,1.86,18.95,NA,NA,NA,NA,NA,NA,NA,NA,NA,NA,NA,0.00,NA,NA,NA
2025-10-15 08:00:00,87.58,213.92,55.32,33.68,62.89,NA,NA,1.85,23.16,NA,NA,NA,NA,NA,NA,NA,NA,NA,NA,NA,0.00,NA,NA,NA
2025-10-15 09:00:00,134.45,301.22,16.04,65.14,47.68,NA,NA,1.58,95.82,NA,NA,NA,NA,NA,NA,NA,NA,NA,NA,NA,0.00,NA,NA,NA
2025-10-15 10:00:00,144.25,291.48,15.32,30.71,28.79,NA,NA,0.99,136.31,NA,NA,NA,NA,NA,NA,NA,NA,NA,NA,NA,0.00,NA,NA,NA
2025-10-15 11:00:00,91.35,199.70,22.70,13.92,25.86,NA,NA,0.74,91.53,NA,NA,NA,NA,NA,NA,NA,NA,NA,NA,NA,0.00,NA,NA,NA
2025-10-15 12:00:00,77.40,164.32,21.86,9.74,22.94,NA,NA,0.67,NA,NA,NA,NA,NA,NA,NA,NA,NA,NA,NA,NA,0.00,NA,NA,NA
2025-10-15 13:00:00,85.35,177.35,9.90,8.65,12.65,NA,NA,0.71,NA,NA,NA,NA,NA,NA,NA,NA,NA,NA,NA,NA,0.00,NA,NA,NA
2025-10-15 14:00:00,63.40,164.58,5.78,9.01,9.49,NA,NA,0.80,NA,NA,NA,NA,NA,NA,NA,NA,NA,NA,NA,NA,0.00,NA,NA,NA
2025-10-15 15:00:00,59.25,157.05,2.28,9.93,7.14,NA,NA,0.83,183.60,NA,NA,NA,NA,NA,NA,NA,NA,NA,NA,NA,0.00,NA,NA,NA
2025-10-15 16:00:00,47.58,141.90,0.98,17.05,9.80,NA,NA,0.90,134.10,NA,NA,NA,NA,NA,NA,NA,NA,NA,NA,NA,0.00,NA,NA,NA
2025-10-15 17:00:00,55.68,140.22,5.29,44.43,27.94,NA,NA,1.16,54.67,NA,NA,NA,NA,NA,NA,NA,NA,NA,NA,NA,0.00,NA,NA,NA
2025-10-15 18:00:00,45.18,161.65,18.07,54.44,43.65,NA,NA,1.53,26.59,NA,NA,NA,NA,NA,NA,NA,NA,NA,NA,NA,0.00,NA,NA,NA
2025-10-15 19:00:00,46.08,171.42,55.22,48.32,70.60,NA,NA,1.94,25.99,NA,NA,NA,NA,NA,NA,NA,NA,NA,NA,NA,0.00,NA,NA,NA
2025-10-15 20:00:00,56.82,183.85,76.70,41.32,84.34,NA,NA,2.24,26.02,NA,NA,NA,NA,NA,NA,NA,NA,NA,NA,NA,0.00,NA,NA,NA
2025-10-15 21:00:00,71.05,194.20,75.60,33.94,79.52,NA,NA,2.29,25.93,NA,NA,NA,NA,NA,NA,NA,NA,NA,NA,NA,0.00,NA,NA,NA
2025-10-15 22:00:00,76.10,219.42,76.53,28.27,77.25,NA,NA,2.35,25.70,NA,NA,NA,NA,NA,NA,NA,NA,NA,NA,NA,0.00,NA,NA,NA
2025-10-15 23:00:00,89.40,223.27,104.50,20.90,96.07,NA,NA,2.55,25.30,NA,NA,NA,NA,NA,NA,NA,NA,NA,NA,NA,0.00,NA,NA,NA
2025-10-16 00:00:00,109.28,278.67,108.93,18.05,98.16,NA,NA,2.62,24.49,NA,NA,NA,NA,NA,NA,NA,NA,NA,NA,NA,0.00,NA,NA,NA
2025-10-16 01:00:00,94.50,229.00,106.11,15.07,94.28,NA,NA,2.56,25.48,NA,NA,NA,NA,NA,NA,NA,NA,NA,NA,NA,0.00,NA,NA,NA
2025-10-16 02:00:00,99.50,207.00,106.93,17.38,96.18,NA,NA,2.54,27.13,NA,NA,NA,NA,NA,NA,NA,NA,NA,NA,NA,0.00,NA,NA,NA
2025-10-16 03:00:00,95.25,203.90,113.08,13.44,99.08,NA,NA,2.46,24.85,NA,NA,NA,NA,NA,NA,NA,NA,NA,NA,NA,0.00,NA,NA,NA
2025-10-16 04:00:00,95.78,185.15,111.74,11.01,96.70,NA,NA,2.37,26.52,NA,NA,NA,NA,NA,NA,NA,NA,NA,NA,NA,0.00,NA,NA,NA
2025-10-16 05:00:00,85.08,186.15,102.28,9.62,88.28,NA,NA,2.19,26.22,NA,NA,NA,NA,NA,NA,NA,NA,NA,NA,NA,0.00,NA,NA,NA
2025-10-16 06:00:00,85.02,175.05,76.85,11.80,68.76,NA,NA,1.94,26.62,NA,NA,NA,NA,NA,NA,NA,NA,NA,NA,NA,0.00,NA,NA,NA
2025-10-16 07:00:00,85.90,172.30,61.17,14.47,57.42,NA,NA,1.84,25.53,NA,NA,NA,NA,NA,NA,NA,NA,NA,NA,NA,0.00,NA,NA,NA
2025-10-16 08:00:00,88.85,219.55,32.02,26.55,40.16,NA,NA,1.72,42.80,NA,NA,NA,NA,NA,NA,NA,NA,NA,NA,NA,0.00,NA,NA,NA
2025-10-16 09:00:00,114.28,224.80,15.59,37.81,32.79,NA,NA,1.61,85.27,NA,NA,NA,NA,NA,NA,NA,NA,NA,NA,NA,0.00,NA,NA,NA
2025-10-16 10:00:00,120.88,278.73,5.86,25.54,18.36,NA,NA,1.46,148.02,NA,NA,NA,NA,NA,NA,NA,NA,NA,NA,NA,0.00,NA,NA,NA
2025-10-16 11:00:00,96.92,251.35,1.07,14.82,8.65,NA,NA,1.23,153.41,NA,NA,NA,NA,NA,NA,NA,NA,NA,NA,NA,0.00,NA,NA,NA
2025-10-16 12:00:00,79.53,207.85,2.85,6.20,5.61,NA,NA,0.94,155.87,NA,NA,NA,NA,NA,NA,NA,NA,NA,NA,NA,0.00,NA,NA,NA
2025-10-16 13:00:00,87.20,197.52,1.40,4.96,3.78,NA,NA,0.93,160.39,NA,NA,NA,NA,NA,NA,NA,NA,NA,NA,NA,0.00,NA,NA,NA
2025-10-16 14:00:00,71.38,175.65,1.11,4.34,3.06,NA,NA,0.90,152.47,NA,NA,NA,NA,NA,NA,NA,NA,NA,NA,NA,0.00,NA,NA,NA
2025-10-16 15:00:00,69.90,170.28,1.67,5.35,3.70,NA,NA,0.91,154.34,NA,NA,NA,NA,NA,NA,NA,NA,NA,NA,NA,0.00,NA,NA,NA
2025-10-16 16:00:00,73.92,175.25,NA,8.20,3.04,NA,NA,0.93,130.32,NA,NA,NA,NA,NA,NA,NA,NA,NA,NA,NA,0.00,NA,NA,NA
2025-10-16 17:00:00,69.92,169.77,0.35,29.29,13.52,NA,NA,1.13,68.27,NA,NA,NA,NA,NA,NA,NA,NA,NA,NA,NA,0.00,NA,NA,NA
2025-10-16 18:00:00,64.03,182.30,16.71,53.41,42.00,NA,NA,1.60,21.04,NA,NA,NA,NA,NA,NA,NA,NA,NA,NA,NA,0.00,NA,NA,NA
2025-10-16 19:00:00,58.55,198.68,44.88,45.75,60.82,NA,NA,1.92,22.47,NA,NA,NA,NA,NA,NA,NA,NA,NA,NA,NA,0.00,NA,NA,NA
2025-10-16 20:00:00,71.72,201.10,67.47,35.82,73.90,NA,NA,2.20,21.00,NA,NA,NA,NA,NA,NA,NA,NA,NA,NA,NA,0.00,NA,NA,NA
2025-10-16 21:00:00,78.55,197.58,74.02,26.74,74.40,NA,NA,2.30,22.46,NA,NA,NA,NA,NA,NA,NA,NA,NA,NA,NA,0.00,NA,NA,NA
2025-10-16 22:00:00,84.02,193.72,85.82,19.30,80.04,NA,NA,2.47,20.50,NA,NA,NA,NA,NA,NA,NA,NA,NA,NA,NA,0.00,NA,NA,NA
2025-10-16 23:00:00,75.02,188.88,82.84,15.21,75.45,NA,NA,2.47,21.75,NA,NA,NA,NA,NA,NA,NA,NA,NA,NA,NA,0.00,NA,NA,NA
2025-10-17 00:00:00,94.28,206.42,93.65,12.07,82.56,NA,NA,2.53,21.32,NA,NA,NA,NA,NA,NA,NA,NA,NA,NA,NA,0.00,NA,NA,NA
2025-10-17 01:00:00,114.43,224.20,104.76,9.42,90.18,NA,NA,2.61,22.34,NA,NA,NA,NA,NA,NA,NA,NA,NA,NA,NA,0.00,NA,NA,NA
2025-10-17 02:00:00,119.45,232.12,104.56,7.82,89.17,NA,NA,2.64,21.38,NA,NA,NA,NA,NA,NA,NA,NA,NA,NA,NA,0.00,NA,NA,NA
2025-10-17 03:00:00,113.85,218.15,107.90,7.74,91.84,NA,NA,2.52,20.15,NA,NA,NA,NA,NA,NA,NA,NA,NA,NA,NA,0.00,NA,NA,NA
2025-10-17 04:00:00,109.90,227.10,103.46,6.66,87.66,NA,NA,2.43,21.73,NA,NA,NA,NA,NA,NA,NA,NA,NA,NA,NA,0.00,NA,NA,NA
2025-10-17 05:00:00,118.43,215.98,87.94,6.51,74.96,NA,NA,2.26,22.42,NA,NA,NA,NA,NA,NA,NA,NA,NA,NA,NA,0.00,NA,NA,NA
2025-10-17 06:00:00,108.68,195.12,60.31,9.41,54.04,NA,NA,1.99,21.03,NA,NA,NA,NA,NA,NA,NA,NA,NA,NA,NA,0.00,NA,NA,NA
2025-10-17 07:00:00,110.02,169.45,40.42,14.91,40.79,NA,NA,1.78,19.57,NA,NA,NA,NA,NA,NA,NA,NA,NA,NA,NA,0.00,NA,NA,NA
2025-10-17 08:00:00,90.38,180.32,21.05,24.56,30.18,NA,NA,1.55,43.74,NA,NA,NA,NA,NA,NA,NA,NA,NA,NA,NA,0.00,NA,NA,NA
2025-10-17 09:00:00,97.28,226.73,11.52,26.00,23.19,NA,NA,1.49,76.62,NA,NA,NA,NA,NA,NA,NA,NA,NA,NA,NA,0.00,NA,NA,NA
2025-10-17 10:00:00,108.60,275.90,5.62,20.21,15.32,NA,NA,1.30,114.39,NA,NA,NA,NA,NA,NA,NA,NA,NA,NA,NA,0.00,NA,NA,NA
2025-10-17 11:00:00,105.45,278.20,0.06,15.55,5.92,NA,NA,1.33,152.30,NA,NA,NA,NA,NA,NA,NA,NA,NA,NA,NA,0.00,NA,NA,NA
2025-10-17 12:00:00,93.92,275.85,NA,9.31,0.82,NA,NA,1.22,154.44,NA,NA,NA,NA,NA,NA,NA,NA,NA,NA,NA,0.00,NA,NA,NA
2025-10-17 13:00:00,88.75,221.12,NA,7.04,0.40,NA,NA,1.15,154.99,NA,NA,NA,NA,NA,NA,NA,NA,NA,NA,NA,0.00,NA,NA,NA
2025-10-17 14:00:00,94.72,223.80,NA,7.14,0.58,NA,NA,1.09,159.54,NA,NA,NA,NA,NA,NA,NA,NA,NA,NA,NA,0.00,NA,NA,NA
2025-10-17 15:00:00,95.60,217.92,NA,8.12,0.37,NA,NA,1.08,152.16,NA,NA,NA,NA,NA,NA,NA,NA,NA,NA,NA,0.00,NA,NA,NA
2025-10-17 16:00:00,84.00,198.35,NA,12.19,1.46,NA,NA,1.08,120.51,NA,NA,NA,NA,NA,NA,NA,NA,NA,NA,NA,0.00,NA,NA,NA
2025-10-17 17:00:00,93.08,202.10,NA,32.04,12.69,NA,NA,1.30,67.04,NA,NA,NA,NA,NA,NA,NA,NA,NA,NA,NA,0.00,NA,NA,NA
2025-10-17 18:00:00,81.62,195.32,6.52,50.28,27.43,NA,NA,1.57,25.17,NA,NA,NA,NA,NA,NA,NA,NA,NA,NA,NA,0.00,NA,NA,NA
2025-10-17 19:00:00,75.85,197.80,24.06,47.20,44.66,NA,NA,1.85,20.91,NA,NA,NA,NA,NA,NA,NA,NA,NA,NA,NA,0.00,NA,NA,NA
2025-10-17 20:00:00,82.22,217.85,56.02,39.26,66.42,NA,NA,2.20,21.16,NA,NA,NA,NA,NA,NA,NA,NA,NA,NA,NA,0.00,NA,NA,NA
2025-10-17 21:00:00,89.85,224.30,56.02,32.98,63.08,NA,NA,2.25,19.28,NA,NA,NA,NA,NA,NA,NA,NA,NA,NA,NA,0.00,NA,NA,NA
2025-10-17 22:00:00,99.78,235.45,59.32,28.89,63.60,NA,NA,2.26,20.08,NA,NA,NA,NA,NA,NA,NA,NA,NA,NA,NA,0.00,NA,NA,NA
2025-10-17 23:00:00,110.62,244.78,65.53,22.71,65.35,NA,NA,2.35,20.40,NA,NA,NA,NA,NA,NA,NA,NA,NA,NA,NA,0.00,NA,NA,NA
2025-10-18 00:00:00,114.82,237.75,74.94,18.64,70.84,NA,NA,2.48,20.59,NA,NA,NA,NA,NA,NA,NA,NA,NA,NA,NA,0.00,NA,NA,NA
2025-10-18 01:00:00,110.65,204.98,81.40,14.64,73.96,NA,NA,2.46,21.78,NA,NA,NA,NA,NA,NA,NA,NA,NA,NA,NA,0.00,NA,NA,NA
2025-10-18 02:00:00,111.55,208.88,89.14,12.25,78.98,NA,NA,2.39,20.20,NA,NA,NA,NA,NA,NA,NA,NA,NA,NA,NA,0.00,NA,NA,NA
2025-10-18 03:00:00,111.20,225.90,85.46,12.34,76.05,NA,NA,2.30,20.43,NA,NA,NA,NA,NA,NA,NA,NA,NA,NA,NA,0.00,NA,NA,NA
2025-10-18 04:00:00,105.40,198.00,59.52,14.20,55.94,NA,NA,2.02,20.73,NA,NA,NA,NA,NA,NA,NA,NA,NA,NA,NA,0.00,NA,NA,NA
2025-10-18 05:00:00,107.52,183.55,64.84,11.62,58.90,NA,NA,1.90,20.77,NA,NA,NA,NA,NA,NA,NA,NA,NA,NA,NA,0.00,NA,NA,NA
2025-10-18 06:00:00,116.28,182.80,57.04,11.51,52.50,NA,NA,1.78,20.68,NA,NA,NA,NA,NA,NA,NA,NA,NA,NA,NA,0.00,NA,NA,NA
2025-10-18 07:00:00,102.52,187.08,43.59,14.74,43.28,NA,NA,1.68,22.00,NA,NA,NA,NA,NA,NA,NA,NA,NA,NA,NA,0.00,NA,NA,NA
2025-10-18 08:00:00,100.38,236.80,25.11,20.58,31.36,NA,NA,1.58,33.50,NA,NA,NA,NA,NA,NA,NA,NA,NA,NA,NA,0.00,NA,NA,NA
2025-10-18 09:00:00,128.70,286.00,13.80,28.20,26.22,NA,NA,1.55,71.00,NA,NA,NA,NA,NA,NA,NA,NA,NA,NA,NA,0.00,NA,NA,NA
2025-10-18 10:00:00,144.48,321.08,9.44,28.18,22.67,NA,NA,1.34,123.80,NA,NA,NA,NA,NA,NA,NA,NA,NA,NA,NA,0.00,NA,NA,NA
2025-10-18 11:00:00,143.62,354.18,12.35,18.63,19.95,NA,NA,1.22,190.99,NA,NA,NA,NA,NA,NA,NA,NA,NA,NA,NA,0.00,NA,NA,NA
2025-10-18 12:00:00,119.65,309.25,17.90,10.23,20.00,NA,NA,1.04,207.29,NA,NA,NA,NA,NA,NA,NA,NA,NA,NA,NA,0.00,NA,NA,NA
2025-10-18 13:00:00,124.80,242.90,15.36,8.20,16.85,NA,NA,1.04,211.15,NA,NA,NA,NA,NA,NA,NA,NA,NA,NA,NA,0.00,NA,NA,NA
2025-10-18 14:00:00,91.30,203.95,9.70,7.69,11.98,NA,NA,1.04,213.68,NA,NA,NA,NA,NA,NA,NA,NA,NA,NA,NA,0.00,NA,NA,NA
2025-10-18 15:00:00,98.65,204.45,8.36,8.62,11.38,NA,NA,1.08,198.63,NA,NA,NA,NA,NA,NA,NA,NA,NA,NA,NA,0.00,NA,NA,NA
2025-10-18 16:00:00,89.20,183.22,9.13,11.92,13.77,NA,NA,1.13,163.07,NA,NA,NA,NA,NA,NA,NA,NA,NA,NA,NA,0.00,NA,NA,NA
2025-10-18 17:00:00,95.50,184.48,5.58,23.92,17.26,NA,NA,1.27,105.34,NA,NA,NA,NA,NA,NA,NA,NA,NA,NA,NA,0.00,NA,NA,NA
2025-10-18 18:00:00,92.22,212.75,14.74,44.91,35.87,NA,NA,1.60,38.40,NA,NA,NA,NA,NA,NA,NA,NA,NA,NA,NA,0.00,NA,NA,NA
2025-10-18 19:00:00,89.58,214.82,22.20,46.77,42.93,NA,NA,1.80,27.07,NA,NA,NA,NA,NA,NA,NA,NA,NA,NA,NA,0.00,NA,NA,NA
2025-10-18 20:00:00,85.78,220.40,27.38,39.29,43.16,NA,NA,1.87,28.84,NA,NA,NA,NA,NA,NA,NA,NA,NA,NA,NA,0.00,NA,NA,NA
2025-10-18 21:00:00,96.98,211.98,32.42,31.04,42.86,NA,NA,1.95,29.32,NA,NA,NA,NA,NA,NA,NA,NA,NA,NA,NA,0.00,NA,NA,NA
2025-10-18 22:00:00,107.40,227.12,45.24,23.15,49.09,NA,NA,2.12,29.50,NA,NA,NA,NA,NA,NA,NA,NA,NA,NA,NA,0.00,NA,NA,NA
2025-10-18 23:00:00,122.28,231.35,58.27,17.64,56.76,NA,NA,2.28,28.86,NA,NA,NA,NA,NA,NA,NA,NA,NA,NA,NA,0.00,NA,NA,NA
2025-10-19 00:00:00,127.28,227.82,73.90,13.77,67.41,NA,NA,2.34,28.56,NA,NA,NA,NA,NA,NA,NA,NA,NA,NA,NA,0.00,NA,NA,NA
2025-10-19 01:00:00,135.57,226.25,82.14,10.52,72.38,NA,NA,2.31,27.21,NA,NA,NA,NA,NA,NA,NA,NA,NA,NA,NA,0.00,NA,NA,NA
2025-10-19 02:00:00,150.22,245.85,90.74,6.36,77.16,NA,NA,2.39,27.92,NA,NA,NA,NA,NA,NA,NA,NA,NA,NA,NA,0.00,NA,NA,NA
2025-10-19 03:00:00,134.92,231.08,104.34,1.61,85.68,NA,NA,2.49,28.78,NA,NA,NA,NA,NA,NA,NA,NA,NA,NA,NA,0.00,NA,NA,NA
2025-10-19 04:00:00,148.22,231.23,117.42,0.01,95.06,NA,NA,2.55,26.71,NA,NA,NA,NA,NA,NA,NA,NA,NA,NA,NA,0.00,NA,NA,NA
2025-10-19 05:00:00,144.92,211.50,119.54,1.56,97.50,NA,NA,2.50,24.28,NA,NA,NA,NA,NA,NA,NA,NA,NA,NA,NA,0.00,NA,NA,NA
2025-10-19 06:00:00,136.60,204.45,115.83,2.45,95.47,NA,NA,2.47,24.69,NA,NA,NA,NA,NA,NA,NA,NA,NA,NA,NA,0.00,NA,NA,NA
2025-10-19 07:00:00,123.80,202.40,100.99,4.80,84.65,NA,NA,2.38,25.77,NA,NA,NA,NA,NA,NA,NA,NA,NA,NA,NA,0.00,NA,NA,NA
2025-10-19 08:00:00,113.80,232.92,48.03,23.15,51.36,NA,NA,1.93,37.38,NA,NA,NA,NA,NA,NA,NA,NA,NA,NA,NA,0.00,NA,NA,NA
2025-10-19 09:00:00,121.93,243.18,28.94,30.41,39.70,NA,NA,1.80,90.04,NA,NA,NA,NA,NA,NA,NA,NA,NA,NA,NA,0.00,NA,NA,NA
2025-10-19 10:00:00,168.95,286.27,20.96,33.65,34.94,NA,NA,1.73,163.05,NA,NA,NA,NA,NA,NA,NA,NA,NA,NA,NA,0.00,NA,NA,NA
2025-10-19 11:00:00,129.77,262.10,15.16,21.78,23.91,NA,NA,1.43,186.72,NA,NA,NA,NA,NA,NA,NA,NA,NA,NA,NA,0.00,NA,NA,NA
2025-10-19 12:00:00,95.42,188.65,13.96,15.81,19.76,NA,NA,1.05,206.97,NA,NA,NA,NA,NA,NA,NA,NA,NA,NA,NA,0.00,NA,NA,NA
2025-10-19 13:00:00,158.88,289.58,11.44,22.58,21.32,NA,NA,1.22,238.55,NA,NA,NA,NA,NA,NA,NA,NA,NA,NA,NA,0.00,NA,NA,NA
2025-10-19 14:00:00,139.25,270.70,12.59,20.20,20.98,NA,NA,1.17,211.18,NA,NA,NA,NA,NA,NA,NA,NA,NA,NA,NA,0.00,NA,NA,NA
2025-10-19 15:00:00,118.38,233.30,11.55,21.48,20.82,NA,NA,1.17,172.36,NA,NA,NA,NA,NA,NA,NA,NA,NA,NA,NA,0.00,NA,NA,NA
2025-10-19 16:00:00,111.85,230.88,7.52,23.91,18.84,NA,NA,1.19,141.18,NA,NA,NA,NA,NA,NA,NA,NA,NA,NA,NA,0.00,NA,NA,NA
2025-10-19 17:00:00,106.10,225.60,7.96,41.67,28.64,NA,NA,1.35,76.09,NA,NA,NA,NA,NA,NA,NA,NA,NA,NA,NA,0.00,NA,NA,NA
2025-10-19 18:00:00,96.40,221.25,18.77,56.86,45.50,NA,NA,1.65,26.75,NA,NA,NA,NA,NA,NA,NA,NA,NA,NA,NA,0.00,NA,NA,NA
2025-10-19 19:00:00,102.35,225.90,30.14,49.44,50.80,NA,NA,1.86,24.21,NA,NA,NA,NA,NA,NA,NA,NA,NA,NA,NA,0.00,NA,NA,NA
2025-10-19 20:00:00,115.20,245.95,33.58,44.82,51.13,NA,NA,1.98,23.26,NA,NA,NA,NA,NA,NA,NA,NA,NA,NA,NA,0.00,NA,NA,NA
2025-10-19 21:00:00,126.50,244.18,34.21,37.63,47.83,NA,NA,2.11,22.54,NA,NA,NA,NA,NA,NA,NA,NA,NA,NA,NA,0.00,NA,NA,NA
2025-10-19 22:00:00,162.15,255.18,34.06,30.45,43.88,NA,NA,2.19,20.95,NA,NA,NA,NA,NA,NA,NA,NA,NA,NA,NA,0.00,NA,NA,NA
2025-10-19 23:00:00,179.27,278.98,50.94,26.50,55.51,NA,NA,2.32,23.02,NA,NA,NA,NA,NA,NA,NA,NA,NA,NA,NA,0.00,NA,NA,NA
2025-10-20 00:00:00,183.22,297.30,49.86,26.39,54.58,NA,NA,2.28,21.78,NA,NA,NA,NA,NA,NA,NA,NA,NA,NA,NA,0.00,NA,NA,NA
2025-10-20 01:00:00,202.92,321.40,41.04,25.59,46.98,NA,NA,2.27,20.67,NA,NA,NA,NA,NA,NA,NA,NA,NA,NA,NA,0.00,NA,NA,NA
2025-10-20 02:00:00,224.55,303.88,44.93,21.67,48.06,NA,NA,2.29,19.36,NA,NA,NA,NA,NA,NA,NA,NA,NA,NA,NA,0.00,NA,NA,NA
2025-10-20 03:00:00,232.98,320.20,47.82,20.05,49.54,NA,NA,2.28,20.30,NA,NA,NA,NA,NA,NA,NA,NA,NA,NA,NA,0.00,NA,NA,NA
2025-10-20 04:00:00,229.62,347.12,46.31,16.90,46.65,NA,NA,2.22,20.76,NA,NA,NA,NA,NA,NA,NA,NA,NA,NA,NA,0.00,NA,NA,NA
2025-10-20 05:00:00,241.60,333.52,56.82,14.82,54.08,NA,NA,2.30,20.80,NA,NA,NA,NA,NA,NA,NA,NA,NA,NA,NA,0.00,NA,NA,NA
2025-10-20 06:00:00,246.42,315.98,56.41,16.11,54.43,NA,NA,2.28,22.02,NA,NA,NA,NA,NA,NA,NA,NA,NA,NA,NA,0.00,NA,NA,NA
2025-10-20 07:00:00,228.75,337.45,55.55,17.13,54.27,NA,NA,2.22,23.68,NA,NA,NA,NA,NA,NA,NA,NA,NA,NA,NA,0.00,NA,NA,NA
2025-10-20 08:00:00,207.62,359.50,41.78,31.59,50.76,NA,NA,2.26,28.04,NA,NA,NA,NA,NA,NA,NA,NA,NA,NA,NA,0.00,NA,NA,NA
2025-10-20 09:00:00,248.60,389.45,12.56,54.09,38.97,NA,NA,2.06,67.23,NA,NA,NA,NA,NA,NA,NA,NA,NA,NA,NA,0.00,NA,NA,NA
2025-10-20 10:00:00,204.23,364.80,2.45,42.30,22.59,NA,NA,1.38,133.66,NA,NA,NA,NA,NA,NA,NA,NA,NA,NA,NA,0.00,NA,NA,NA
2025-10-20 11:00:00,154.00,290.50,NA,27.29,9.65,NA,NA,1.51,162.06,NA,NA,NA,NA,NA,NA,NA,NA,NA,NA,NA,0.00,NA,NA,NA
2025-10-20 12:00:00,116.52,225.95,NA,19.68,5.45,NA,NA,1.30,166.90,NA,NA,NA,NA,NA,NA,NA,NA,NA,NA,NA,0.00,NA,NA,NA
2025-10-20 13:00:00,113.52,218.48,8.78,25.66,20.78,NA,NA,1.18,166.28,NA,NA,NA,NA,NA,NA,NA,NA,NA,NA,NA,0.00,NA,NA,NA
2025-10-20 14:00:00,105.95,199.92,7.77,26.43,20.38,NA,NA,1.06,156.71,NA,NA,NA,NA,NA,NA,NA,NA,NA,NA,NA,0.00,NA,NA,NA
2025-10-20 15:00:00,96.25,189.38,7.90,27.24,20.91,NA,NA,1.12,130.00,NA,NA,NA,NA,NA,NA,NA,NA,NA,NA,NA,0.00,NA,NA,NA
2025-10-20 16:00:00,95.62,177.90,7.25,32.84,23.36,NA,NA,1.18,88.80,NA,NA,NA,NA,NA,NA,NA,NA,NA,NA,NA,0.00,NA,NA,NA
2025-10-20 17:00:00,97.20,152.35,27.17,32.84,39.54,NA,NA,1.39,41.42,NA,NA,NA,NA,NA,NA,NA,NA,NA,NA,NA,0.00,NA,NA,NA
2025-10-20 18:00:00,103.13,NA,13.51,56.26,40.91,NA,NA,1.55,27.90,NA,NA,NA,NA,NA,NA,NA,NA,NA,NA,NA,0.00,NA,NA,NA
2025-10-20 19:00:00,90.70,111.40,15.16,54.39,41.26,NA,NA,1.61,21.10,NA,NA,NA,NA,NA,NA,NA,NA,NA,NA,NA,0.00,NA,NA,NA
2025-10-20 20:00:00,108.72,158.55,22.02,49.86,44.43,NA,NA,1.72,21.39,NA,NA,NA,NA,NA,NA,NA,NA,NA,NA,NA,0.00,NA,NA,NA
2025-10-20 21:00:00,173.30,242.08,32.31,44.96,50.19,NA,NA,1.88,18.91,NA,NA,NA,NA,NA,NA,NA,NA,NA,NA,NA,0.00,NA,NA,NA
2025-10-20 22:00:00,262.75,373.28,46.13,39.21,58.37,NA,NA,1.98,21.42,NA,NA,NA,NA,NA,NA,NA,NA,NA,NA,NA,0.00,NA,NA,NA
2025-10-20 23:00:00,536.38,703.90,64.03,37.76,72.16,NA,NA,2.07,19.60,NA,NA,NA,NA,NA,NA,NA,NA,NA,NA,NA,0.00,NA,NA,NA
2025-10-21 00:00:00,772.12,973.95,94.99,32.12,94.32,NA,NA,2.12,20.10,NA,NA,NA,NA,NA,NA,NA,NA,NA,NA,NA,0.00,NA,NA,NA
2025-10-21 01:00:00,921.10,NA,93.76,29.50,91.92,NA,NA,2.17,22.35,NA,NA,NA,NA,NA,NA,NA,NA,NA,NA,NA,0.00,NA,NA,NA
2025-10-21 02:00:00,NA,NA,89.88,29.09,88.54,NA,NA,2.17,23.23,NA,NA,NA,NA,NA,NA,NA,NA,NA,NA,NA,0.00,NA,NA,NA
2025-10-21 03:00:00,NA,NA,89.82,25.18,86.42,NA,NA,2.16,19.98,NA,NA,NA,NA,NA,NA,NA,NA,NA,NA,NA,0.00,NA,NA,NA
2025-10-21 04:00:00,NA,NA,100.28,22.40,93.44,NA,NA,2.13,22.65,NA,NA,NA,NA,NA,NA,NA,NA,NA,NA,NA,0.00,NA,NA,NA
2025-10-21 05:00:00,NA,NA,92.66,22.66,87.39,NA,NA,2.12,20.58,NA,NA,NA,NA,NA,NA,NA,NA,NA,NA,NA,0.00,NA,NA,NA
2025-10-21 06:00:00,NA,NA,90.59,22.17,85.44,NA,NA,2.12,17.48,NA,NA,NA,NA,NA,NA,NA,NA,NA,NA,NA,0.00,NA,NA,NA
2025-10-21 07:00:00,NA,NA,78.93,24.24,77.05,NA,NA,2.04,21.51,NA,NA,NA,NA,NA,NA,NA,NA,NA,NA,NA,0.00,NA,NA,NA
2025-10-21 08:00:00,759.43,782.05,39.86,35.88,51.47,NA,NA,1.77,25.13,NA,NA,NA,NA,NA,NA,NA,NA,NA,NA,NA,0.00,NA,NA,NA
2025-10-21 09:00:00,270.48,387.48,22.63,42.64,41.08,NA,NA,1.54,47.34,NA,NA,NA,NA,NA,NA,NA,NA,NA,NA,NA,0.00,NA,NA,NA
2025-10-21 10:00:00,185.50,323.10,14.33,34.10,29.78,NA,NA,1.39,75.76,NA,NA,NA,NA,NA,NA,NA,NA,NA,NA,NA,0.00,NA,NA,NA
2025-10-21 11:00:00,148.58,260.85,10.08,33.61,26.06,NA,NA,1.28,97.51,NA,NA,NA,NA,NA,NA,NA,NA,NA,NA,NA,0.00,NA,NA,NA
2025-10-21 12:00:00,122.80,233.37,8.59,27.92,21.84,NA,NA,1.19,110.62,NA,NA,NA,NA,NA,NA,NA,NA,NA,NA,NA,0.00,NA,NA,NA
2025-10-21 13:00:00,123.50,193.38,8.35,24.75,19.95,NA,NA,1.10,115.55,NA,NA,NA,NA,NA,NA,NA,NA,NA,NA,NA,0.00,NA,NA,NA
2025-10-21 14:00:00,99.22,165.10,7.70,23.44,18.73,NA,NA,1.05,118.19,NA,NA,NA,NA,NA,NA,NA,NA,NA,NA,NA,0.00,NA,NA,NA
2025-10-21 15:00:00,99.20,167.72,7.80,24.84,19.56,NA,NA,1.04,112.66,NA,NA,NA,NA,NA,NA,NA,NA,NA,NA,NA,0.00,NA,NA,NA
2025-10-21 16:00:00,107.42,181.62,8.30,29.68,22.54,NA,NA,1.10,83.36,NA,NA,NA,NA,NA,NA,NA,NA,NA,NA,NA,0.00,NA,NA,NA
2025-10-21 17:00:00,95.82,172.75,8.39,40.50,28.38,NA,NA,1.21,49.32,NA,NA,NA,NA,NA,NA,NA,NA,NA,NA,NA,0.00,NA,NA,NA
2025-10-21 18:00:00,94.28,156.50,23.51,57.14,49.51,NA,NA,1.49,22.46,NA,NA,NA,NA,NA,NA,NA,NA,NA,NA,NA,0.00,NA,NA,NA
2025-10-21 19:00:00,101.55,194.60,32.34,53.66,54.83,NA,NA,1.68,21.17,NA,NA,NA,NA,NA,NA,NA,NA,NA,NA,NA,0.00,NA,NA,NA
2025-10-21 20:00:00,94.10,177.88,43.56,50.90,62.50,NA,NA,1.78,20.18,NA,NA,NA,NA,NA,NA,NA,NA,NA,NA,NA,0.00,NA,NA,NA
2025-10-21 21:00:00,104.55,194.75,54.31,44.10,67.62,NA,NA,1.90,19.76,NA,NA,NA,NA,NA,NA,NA,NA,NA,NA,NA,0.00,NA,NA,NA
2025-10-21 22:00:00,161.65,232.45,67.24,37.23,74.47,NA,NA,2.06,20.78,NA,NA,NA,NA,NA,NA,NA,NA,NA,NA,NA,0.00,NA,NA,NA
2025-10-21 23:00:00,189.38,287.82,74.43,32.15,77.61,NA,NA,2.12,20.22,NA,NA,NA,NA,NA,NA,NA,NA,NA,NA,NA,0.00,NA,NA,NA
2025-10-22 00:00:00,188.35,278.68,70.42,33.10,74.86,NA,NA,2.11,19.51,NA,NA,NA,NA,NA,NA,NA,NA,NA,NA,NA,0.00,NA,NA,NA
2025-10-22 01:00:00,195.63,297.08,73.84,29.80,75.89,NA,NA,2.16,20.54,NA,NA,NA,NA,NA,NA,NA,NA,NA,NA,NA,0.00,NA,NA,NA
2025-10-22 02:00:00,234.25,297.30,69.17,30.08,72.23,NA,NA,2.14,21.10,NA,NA,NA,NA,NA,NA,NA,NA,NA,NA,NA,0.00,NA,NA,NA
2025-10-22 03:00:00,265.95,371.05,67.28,27.92,69.54,NA,NA,2.16,20.48,NA,NA,NA,NA,NA,NA,NA,NA,NA,NA,NA,0.00,NA,NA,NA
2025-10-22 04:00:00,273.95,367.78,65.83,24.91,66.77,NA,NA,2.14,20.10,NA,NA,NA,NA,NA,NA,NA,NA,NA,NA,NA,0.00,NA,NA,NA
2025-10-22 05:00:00,287.12,349.48,66.20,24.23,66.70,NA,NA,2.05,20.18,NA,NA,NA,NA,NA,NA,NA,NA,NA,NA,NA,0.00,NA,NA,NA
2025-10-22 06:00:00,277.67,355.88,65.59,23.09,65.61,NA,NA,2.02,21.48,NA,NA,NA,NA,NA,NA,NA,NA,NA,NA,NA,0.00,NA,NA,NA
2025-10-22 07:00:00,271.20,363.22,70.38,26.86,71.51,NA,NA,2.00,22.42,NA,NA,NA,NA,NA,NA,NA,NA,NA,NA,NA,0.00,NA,NA,NA
2025-10-22 08:00:00,246.88,384.80,53.12,43.22,66.17,NA,NA,1.98,23.68,NA,NA,NA,NA,NA,NA,NA,NA,NA,NA,NA,0.00,NA,NA,NA
2025-10-22 09:00:00,273.67,400.70,22.10,51.08,45.14,NA,NA,1.78,47.35,NA,NA,NA,NA,NA,NA,NA,NA,NA,NA,NA,0.00,NA,NA,NA
2025-10-22 10:00:00,273.73,432.05,13.12,38.56,31.18,NA,NA,1.65,78.85,NA,NA,NA,NA,NA,NA,NA,NA,NA,NA,NA,0.00,NA,NA,NA
2025-10-22 11:00:00,241.62,412.40,9.18,32.48,24.74,NA,NA,1.51,102.02,NA,NA,NA,NA,NA,NA,NA,NA,NA,NA,NA,0.00,NA,NA,NA
2025-10-22 12:00:00,212.63,370.10,6.64,29.09,20.88,NA,NA,1.40,120.68,NA,NA,NA,NA,NA,NA,NA,NA,NA,NA,NA,0.00,NA,NA,NA
2025-10-22 13:00:00,207.85,330.95,5.43,28.17,19.40,NA,NA,1.31,130.83,NA,NA,NA,NA,NA,NA,NA,NA,NA,NA,NA,0.00,NA,NA,NA
2025-10-22 14:00:00,159.57,261.10,5.62,27.26,19.08,NA,NA,1.23,128.08,NA,NA,NA,NA,NA,NA,NA,NA,NA,NA,NA,0.00,NA,NA,NA
2025-10-22 15:00:00,123.75,200.90,6.32,26.27,19.11,NA,NA,1.15,115.26,NA,NA,NA,NA,NA,NA,NA,NA,NA,NA,NA,0.00,NA,NA,NA
2025-10-22 16:00:00,102.70,173.20,5.88,30.94,21.24,NA,NA,1.14,89.25,NA,NA,NA,NA,NA,NA,NA,NA,NA,NA,NA,0.00,NA,NA,NA
2025-10-22 17:00:00,103.75,188.15,6.02,44.52,28.58,NA,NA,1.26,53.42,NA,NA,NA,NA,NA,NA,NA,NA,NA,NA,NA,0.00,NA,NA,NA
2025-10-22 18:00:00,100.45,189.50,8.03,61.59,39.30,NA,NA,1.49,22.51,NA,NA,NA,NA,NA,NA,NA,NA,NA,NA,NA,0.00,NA,NA,NA
2025-10-22 19:00:00,106.40,181.60,18.15,57.78,45.50,NA,NA,1.60,20.44,NA,NA,NA,NA,NA,NA,NA,NA,NA,NA,NA,0.00,NA,NA,NA
2025-10-22 20:00:00,109.15,179.30,29.35,54.20,52.70,NA,NA,1.74,17.49,NA,NA,NA,NA,NA,NA,NA,NA,NA,NA,NA,0.00,NA,NA,NA
2025-10-22 21:00:00,115.28,183.58,42.33,48.34,60.13,NA,NA,1.86,21.42,NA,NA,NA,NA,NA,NA,NA,NA,NA,NA,NA,0.00,NA,NA,NA
2025-10-22 22:00:00,138.90,221.85,44.98,44.51,60.24,NA,NA,1.93,21.53,NA,NA,NA,NA,NA,NA,NA,NA,NA,NA,NA,0.00,NA,NA,NA
2025-10-22 23:00:00,148.07,241.20,48.46,40.33,60.85,NA,NA,1.94,18.38,NA,NA,NA,NA,NA,NA,NA,NA,NA,NA,NA,0.00,NA,NA,NA
2025-10-23 00:00:00,173.18,266.70,44.56,38.11,56.50,NA,NA,1.93,19.36,NA,NA,NA,NA,NA,NA,NA,NA,NA,NA,NA,0.00,NA,NA,NA
2025-10-23 01:00:00,210.25,261.00,37.48,38.41,50.91,NA,NA,1.86,21.15,NA,NA,NA,NA,NA,NA,NA,NA,NA,NA,NA,0.00,NA,NA,NA
2025-10-23 02:00:00,183.22,277.32,34.72,35.45,47.09,NA,NA,1.81,23.49,NA,NA,NA,NA,NA,NA,NA,NA,NA,NA,NA,0.00,NA,NA,NA
2025-10-23 03:00:00,164.52,234.20,29.41,34.10,42.04,NA,NA,1.68,20.54,NA,NA,NA,NA,NA,NA,NA,NA,NA,NA,NA,0.00,NA,NA,NA
2025-10-23 04:00:00,149.50,220.95,22.46,33.44,36.05,NA,NA,1.57,19.05,NA,NA,NA,NA,NA,NA,NA,NA,NA,NA,NA,0.00,NA,NA,NA
2025-10-23 05:00:00,146.43,196.92,19.42,32.71,33.18,NA,NA,1.50,18.84,NA,NA,NA,NA,NA,NA,NA,NA,NA,NA,NA,0.00,NA,NA,NA
2025-10-23 06:00:00,150.90,214.00,19.64,31.86,32.92,NA,NA,1.46,20.12,NA,NA,NA,NA,NA,NA,NA,NA,NA,NA,NA,0.00,NA,NA,NA
2025-10-23 07:00:00,127.92,189.22,22.94,32.74,36.06,NA,NA,1.45,20.38,NA,NA,NA,NA,NA,NA,NA,NA,NA,NA,NA,0.00,NA,NA,NA
2025-10-23 08:00:00,115.08,189.65,18.37,38.84,35.59,NA,NA,1.43,26.68,NA,NA,NA,NA,NA,NA,NA,NA,NA,NA,NA,0.00,NA,NA,NA
2025-10-23 09:00:00,134.88,239.20,11.92,44.06,33.13,NA,NA,1.42,53.06,NA,NA,NA,NA,NA,NA,NA,NA,NA,NA,NA,0.00,NA,NA,NA
2025-10-23 10:00:00,131.80,266.75,7.03,37.49,24.59,NA,NA,1.41,88.52,NA,NA,NA,NA,NA,NA,NA,NA,NA,NA,NA,0.00,NA,NA,NA
2025-10-23 11:00:00,129.98,300.20,16.47,18.08,22.75,NA,NA,1.62,167.16,NA,NA,NA,NA,NA,NA,NA,NA,NA,NA,NA,0.00,NA,NA,NA
2025-10-23 12:00:00,118.72,230.20,18.56,15.43,23.29,NA,NA,1.38,195.85,NA,NA,NA,NA,NA,NA,NA,NA,NA,NA,NA,0.00,NA,NA,NA
2025-10-23 13:00:00,136.60,233.48,16.49,12.34,19.98,NA,NA,1.25,187.04,NA,NA,NA,NA,NA,NA,NA,NA,NA,NA,NA,0.00,NA,NA,NA
2025-10-23 14:00:00,110.98,198.42,18.20,10.31,20.28,NA,NA,1.25,171.28,NA,NA,NA,NA,NA,NA,NA,NA,NA,NA,NA,0.00,NA,NA,NA
2025-10-23 15:00:00,89.25,155.67,17.06,11.86,20.18,NA,NA,1.27,150.26,NA,NA,NA,NA,NA,NA,NA,NA,NA,NA,NA,0.00,NA,NA,NA
2025-10-23 16:00:00,75.22,134.35,16.66,17.10,22.64,NA,NA,1.30,109.81,NA,NA,NA,NA,NA,NA,NA,NA,NA,NA,NA,0.00,NA,NA,NA
2025-10-23 17:00:00,71.70,131.98,13.02,29.06,26.04,NA,NA,1.43,68.51,NA,NA,NA,NA,NA,NA,NA,NA,NA,NA,NA,0.00,NA,NA,NA
2025-10-23 18:00:00,50.00,143.90,28.67,41.34,45.30,NA,NA,1.70,32.42,NA,NA,NA,NA,NA,NA,NA,NA,NA,NA,NA,0.00,NA,NA,NA
2025-10-23 19:00:00,71.32,156.35,39.75,37.49,52.26,NA,NA,1.87,30.59,NA,NA,NA,NA,NA,NA,NA,NA,NA,NA,NA,0.00,NA,NA,NA
2025-10-23 20:00:00,61.22,164.88,54.32,32.07,61.23,NA,NA,1.99,32.09,NA,NA,NA,NA,NA,NA,NA,NA,NA,NA,NA,0.00,NA,NA,NA
2025-10-23 21:00:00,83.45,179.75,65.13,27.33,67.49,NA,NA,2.12,30.78,NA,NA,NA,NA,NA,NA,NA,NA,NA,NA,NA,0.00,NA,NA,NA
2025-10-23 22:00:00,94.92,165.88,66.81,23.77,66.96,NA,NA,2.19,32.44,NA,NA,NA,NA,NA,NA,NA,NA,NA,NA,NA,0.00,NA,NA,NA
2025-10-23 23:00:00,109.62,177.18,62.32,23.28,63.05,NA,NA,2.18,32.12,NA,NA,NA,NA,NA,NA,NA,NA,NA,NA,NA,0.00,NA,NA,NA
2025-10-24 00:00:00,113.35,199.00,72.84,17.38,68.47,NA,NA,2.21,30.86,NA,NA,NA,NA,NA,NA,NA,NA,NA,NA,NA,0.00,NA,NA,NA
2025-10-24 01:00:00,123.95,211.22,104.77,12.35,91.74,NA,NA,2.28,31.79,NA,NA,NA,NA,NA,NA,NA,NA,NA,NA,NA,0.00,NA,NA,NA
2025-10-24 02:00:00,138.75,249.25,108.59,12.81,95.10,NA,NA,2.38,30.84,NA,NA,NA,NA,NA,NA,NA,NA,NA,NA,NA,0.00,NA,NA,NA
2025-10-24 03:00:00,133.60,218.50,103.98,13.50,91.72,NA,NA,2.39,30.10,NA,NA,NA,NA,NA,NA,NA,NA,NA,NA,NA,0.00,NA,NA,NA
2025-10-24 04:00:00,143.20,222.98,106.52,12.26,93.13,NA,NA,2.34,30.18,NA,NA,NA,NA,NA,NA,NA,NA,NA,NA,NA,0.00,NA,NA,NA
2025-10-24 05:00:00,138.68,224.12,93.12,13.29,82.77,NA,NA,2.18,29.16,NA,NA,NA,NA,NA,NA,NA,NA,NA,NA,NA,0.00,NA,NA,NA
2025-10-24 06:00:00,123.22,190.62,60.74,18.14,59.03,NA,NA,1.98,28.59,NA,NA,NA,NA,NA,NA,NA,NA,NA,NA,NA,0.00,NA,NA,NA
2025-10-24 07:00:00,93.22,167.75,54.62,19.14,54.60,NA,NA,1.87,30.42,NA,NA,NA,NA,NA,NA,NA,NA,NA,NA,NA,0.00,NA,NA,NA
2025-10-24 08:00:00,90.72,156.30,41.49,27.25,48.23,NA,NA,1.82,44.52,NA,NA,NA,NA,NA,NA,NA,NA,NA,NA,NA,0.00,NA,NA,NA
2025-10-24 09:00:00,88.93,174.05,31.36,29.28,41.07,NA,NA,1.70,85.92,NA,NA,NA,NA,NA,NA,NA,NA,NA,NA,NA,0.00,NA,NA,NA
2025-10-24 10:00:00,112.30,231.35,25.22,24.99,33.80,NA,NA,1.68,123.51,NA,NA,NA,NA,NA,NA,NA,NA,NA,NA,NA,0.00,NA,NA,NA
2025-10-24 11:00:00,110.72,256.38,20.80,20.39,27.76,NA,NA,1.61,173.19,NA,NA,NA,NA,NA,NA,NA,NA,NA,NA,NA,0.00,NA,NA,NA
2025-10-24 12:00:00,103.55,236.92,17.17,16.04,22.50,NA,NA,1.52,184.88,NA,NA,NA,NA,NA,NA,NA,NA,NA,NA,NA,0.00,NA,NA,NA
2025-10-24 13:00:00,104.80,212.40,18.06,13.75,22.00,NA,NA,1.44,194.01,NA,NA,NA,NA,NA,NA,NA,NA,NA,NA,NA,0.00,NA,NA,NA
2025-10-24 14:00:00,93.07,203.50,18.26,11.58,21.00,NA,NA,1.38,189.82,NA,NA,NA,NA,NA,NA,NA,NA,NA,NA,NA,0.00,NA,NA,NA
2025-10-24 15:00:00,78.97,167.92,19.07,10.93,21.32,NA,NA,1.33,169.08,NA,NA,NA,NA,NA,NA,NA,NA,NA,NA,NA,0.00,NA,NA,NA
2025-10-24 16:00:00,73.15,144.48,14.34,13.45,18.81,NA,NA,1.35,131.53,NA,NA,NA,NA,NA,NA,NA,NA,NA,NA,NA,0.00,NA,NA,NA
2025-10-24 17:00:00,80.23,150.10,10.52,34.58,26.95,NA,NA,1.56,69.08,NA,NA,NA,NA,NA,NA,NA,NA,NA,NA,NA,0.00,NA,NA,NA
2025-10-24 18:00:00,64.45,158.33,32.57,46.30,51.11,NA,NA,1.91,35.82,NA,NA,NA,NA,NA,NA,NA,NA,NA,NA,NA,0.00,NA,NA,NA
2025-10-24 19:00:00,71.25,174.08,41.92,41.58,56.19,NA,NA,2.05,35.57,NA,NA,NA,NA,NA,NA,NA,NA,NA,NA,NA,0.00,NA,NA,NA
2025-10-24 20:00:00,78.82,135.52,62.26,31.88,67.58,NA,NA,2.33,32.24,NA,NA,NA,NA,NA,NA,NA,NA,NA,NA,NA,0.00,NA,NA,NA
2025-10-24 21:00:00,84.20,109.60,90.57,23.08,85.91,NA,NA,2.54,31.06,NA,NA,NA,NA,NA,NA,NA,NA,NA,NA,NA,0.00,NA,NA,NA
2025-10-24 22:00:00,99.40,176.50,111.50,22.16,102.44,NA,NA,2.74,30.82,NA,NA,NA,NA,NA,NA,NA,NA,NA,NA,NA,0.00,NA,NA,NA
2025-10-24 23:00:00,107.95,196.40,114.90,20.38,104.25,NA,NA,2.76,29.82,NA,NA,NA,NA,NA,NA,NA,NA,NA,NA,NA,0.00,NA,NA,NA
2025-10-25 00:00:00,107.50,186.05,120.20,17.84,107.21,NA,NA,2.79,28.28,NA,NA,NA,NA,NA,NA,NA,NA,NA,NA,NA,0.00,NA,NA,NA
2025-10-25 01:00:00,102.48,175.22,135.91,12.94,117.37,NA,NA,2.85,24.99,NA,NA,NA,NA,NA,NA,NA,NA,NA,NA,NA,0.00,NA,NA,NA
2025-10-25 02:00:00,97.45,166.55,142.94,11.37,122.26,NA,NA,2.86,26.82,NA,NA,NA,NA,NA,NA,NA,NA,NA,NA,NA,0.00,NA,NA,NA
2025-10-25 03:00:00,97.12,202.18,136.22,12.78,117.54,NA,NA,2.72,25.60,NA,NA,NA,NA,NA,NA,NA,NA,NA,NA,NA,0.00,NA,NA,NA
2025-10-25 04:00:00,97.48,185.05,136.20,11.32,116.74,NA,NA,2.68,27.82,NA,NA,NA,NA,NA,NA,NA,NA,NA,NA,NA,0.00,NA,NA,NA
2025-10-25 05:00:00,92.68,171.08,143.12,10.21,121.78,NA,NA,2.60,27.18,NA,NA,NA,NA,NA,NA,NA,NA,NA,NA,NA,0.00,NA,NA,NA
2025-10-25 06:00:00,103.60,179.02,123.38,11.87,106.62,NA,NA,2.44,27.54,NA,NA,NA,NA,NA,NA,NA,NA,NA,NA,NA,0.00,NA,NA,NA
2025-10-25 07:00:00,106.70,178.02,103.49,14.24,91.71,NA,NA,2.37,26.40,NA,NA,NA,NA,NA,NA,NA,NA,NA,NA,NA,0.00,NA,NA,NA
2025-10-25 08:00:00,111.60,187.85,84.90,24.82,82.22,NA,NA,2.33,30.62,NA,NA,NA,NA,NA,NA,NA,NA,NA,NA,NA,0.00,NA,NA,NA
2025-10-25 09:00:00,132.07,278.25,53.32,50.70,70.31,NA,NA,2.24,60.23,NA,NA,NA,NA,NA,NA,NA,NA,NA,NA,NA,0.00,NA,NA,NA
2025-10-25 10:00:00,146.17,305.62,35.58,63.38,62.64,NA,NA,2.20,115.22,NA,NA,NA,NA,NA,NA,NA,NA,NA,NA,NA,0.00,NA,NA,NA
2025-10-25 11:00:00,200.15,421.60,24.26,60.08,51.68,NA,NA,2.33,203.21,NA,NA,NA,NA,NA,NA,NA,NA,NA,NA,NA,0.00,NA,NA,NA
2025-10-25 12:00:00,227.95,460.33,15.01,40.48,33.74,NA,NA,2.11,235.39,NA,NA,NA,NA,NA,NA,NA,NA,NA,NA,NA,0.00,NA,NA,NA
2025-10-25 13:00:00,198.50,350.72,9.83,28.96,23.40,NA,NA,1.88,229.05,NA,NA,NA,NA,NA,NA,NA,NA,NA,NA,NA,0.00,NA,NA,NA
2025-10-25 14:00:00,116.32,202.95,8.81,18.57,17.04,NA,NA,1.66,191.33,NA,NA,NA,NA,NA,NA,NA,NA,NA,NA,NA,0.00,NA,NA,NA
2025-10-25 15:00:00,93.90,166.22,7.58,16.29,14.82,NA,NA,1.60,169.39,NA,NA,NA,NA,NA,NA,NA,NA,NA,NA,NA,0.00,NA,NA,NA
2025-10-25 16:00:00,100.70,165.10,9.04,28.64,22.58,NA,NA,1.63,105.76,NA,NA,NA,NA,NA,NA,NA,NA,NA,NA,NA,0.00,NA,NA,NA
2025-10-25 17:00:00,96.02,187.73,11.07,39.34,29.92,NA,NA,1.71,67.40,NA,NA,NA,NA,NA,NA,NA,NA,NA,NA,NA,0.00,NA,NA,NA
2025-10-25 18:00:00,93.50,183.20,15.90,51.04,40.09,NA,NA,1.91,30.88,NA,NA,NA,NA,NA,NA,NA,NA,NA,NA,NA,0.00,NA,NA,NA
2025-10-25 19:00:00,95.90,204.22,33.20,51.32,54.30,NA,NA,2.12,27.54,NA,NA,NA,NA,NA,NA,NA,NA,NA,NA,NA,0.00,NA,NA,NA
2025-10-25 20:00:00,101.18,195.25,48.28,46.39,63.93,NA,NA,2.30,26.66,NA,NA,NA,NA,NA,NA,NA,NA,NA,NA,NA,0.00,NA,NA,NA
2025-10-25 21:00:00,121.50,201.72,50.56,50.95,68.20,NA,NA,2.46,27.23,NA,NA,NA,NA,NA,NA,NA,NA,NA,NA,NA,0.00,NA,NA,NA
2025-10-25 22:00:00,130.35,220.38,58.57,40.62,69.22,NA,NA,2.48,28.39,NA,NA,NA,NA,NA,NA,NA,NA,NA,NA,NA,0.00,NA,NA,NA
2025-10-25 23:00:00,129.48,218.25,69.91,30.24,72.93,NA,NA,2.60,25.36,NA,NA,NA,NA,NA,NA,NA,NA,NA,NA,NA,0.00,NA,NA,NA
2025-10-26 00:00:00,120.02,223.23,102.07,21.43,94.40,NA,NA,2.86,24.81,NA,NA,NA,NA,NA,NA,NA,NA,NA,NA,NA,0.00,NA,NA,NA
2025-10-26 01:00:00,129.30,218.85,132.09,14.68,115.20,NA,NA,3.04,23.83,NA,NA,NA,NA,NA,NA,NA,NA,NA,NA,NA,0.00,NA,NA,NA
2025-10-26 02:00:00,125.62,231.08,135.03,8.79,114.46,NA,NA,3.10,25.61,NA,NA,NA,NA,NA,NA,NA,NA,NA,NA,NA,0.00,NA,NA,NA
2025-10-26 03:00:00,137.05,224.10,142.92,6.52,119.67,NA,NA,3.18,25.84,NA,NA,NA,NA,NA,NA,NA,NA,NA,NA,NA,0.00,NA,NA,NA
2025-10-26 04:00:00,133.52,210.88,143.60,6.26,120.08,NA,NA,3.19,28.60,NA,NA,NA,NA,NA,NA,NA,NA,NA,NA,NA,0.00,NA,NA,NA
2025-10-26 05:00:00,136.27,213.12,141.38,7.21,118.78,NA,NA,3.18,24.71,NA,NA,NA,NA,NA,NA,NA,NA,NA,NA,NA,0.00,NA,NA,NA
2025-10-26 06:00:00,137.05,201.45,143.04,5.10,119.01,NA,NA,3.15,24.27,NA,NA,NA,NA,NA,NA,NA,NA,NA,NA,NA,0.00,NA,NA,NA
2025-10-26 07:00:00,125.67,198.47,147.14,5.20,122.39,NA,NA,3.22,27.17,NA,NA,NA,NA,NA,NA,NA,NA,NA,NA,NA,0.00,NA,NA,NA
2025-10-26 08:00:00,120.92,231.95,117.84,22.64,107.82,NA,NA,3.10,28.90,NA,NA,NA,NA,NA,NA,NA,NA,NA,NA,NA,0.00,NA,NA,NA
2025-10-26 09:00:00,147.95,283.88,57.22,57.33,77.00,NA,NA,2.70,51.83,NA,NA,NA,NA,NA,NA,NA,NA,NA,NA,NA,0.00,NA,NA,NA
2025-10-26 10:00:00,169.32,279.00,39.23,56.52,61.95,NA,NA,2.30,101.48,NA,NA,NA,NA,NA,NA,NA,NA,NA,NA,NA,0.00,NA,NA,NA
2025-10-26 11:00:00,146.62,274.58,25.51,28.08,35.67,NA,NA,1.98,147.40,NA,NA,NA,NA,NA,NA,NA,NA,NA,NA,NA,0.00,NA,NA,NA
2025-10-26 12:00:00,74.82,162.22,18.24,15.48,23.06,NA,NA,1.69,145.86,NA,NA,NA,NA,NA,NA,NA,NA,NA,NA,NA,0.00,NA,NA,NA
2025-10-26 13:00:00,64.22,120.40,13.63,16.16,19.68,NA,NA,1.60,162.39,NA,NA,NA,NA,NA,NA,NA,NA,NA,NA,NA,0.00,NA,NA,NA
2025-10-26 14:00:00,89.60,159.62,10.61,17.69,18.03,NA,NA,1.56,189.39,NA,NA,NA,NA,NA,NA,NA,NA,NA,NA,NA,0.00,NA,NA,NA
2025-10-26 15:00:00,88.82,162.67,9.70,16.73,16.78,NA,NA,1.51,177.80,NA,NA,NA,NA,NA,NA,NA,NA,NA,NA,NA,0.00,NA,NA,NA
2025-10-26 16:00:00,93.08,166.52,9.38,26.92,21.94,NA,NA,1.55,122.29,NA,NA,NA,NA,NA,NA,NA,NA,NA,NA,NA,0.00,NA,NA,NA
2025-10-26 17:00:00,90.40,164.68,9.95,51.28,35.36,NA,NA,1.69,53.40,NA,NA,NA,NA,NA,NA,NA,NA,NA,NA,NA,0.00,NA,NA,NA
2025-10-26 18:00:00,80.72,158.78,17.35,62.39,47.29,NA,NA,1.89,26.13,NA,NA,NA,NA,NA,NA,NA,NA,NA,NA,NA,0.00,NA,NA,NA
2025-10-26 19:00:00,73.65,156.80,28.08,55.55,52.39,NA,NA,2.04,24.08,NA,NA,NA,NA,NA,NA,NA,NA,NA,NA,NA,0.00,NA,NA,NA
2025-10-26 20:00:00,86.78,168.82,40.74,47.16,58.22,NA,NA,2.18,27.11,NA,NA,NA,NA,NA,NA,NA,NA,NA,NA,NA,0.00,NA,NA,NA
2025-10-26 21:00:00,89.80,186.42,65.40,37.18,72.96,NA,NA,2.39,26.20,NA,NA,NA,NA,NA,NA,NA,NA,NA,NA,NA,0.00,NA,NA,NA
2025-10-26 22:00:00,96.15,193.92,71.63,34.50,76.59,NA,NA,2.50,23.94,NA,NA,NA,NA,NA,NA,NA,NA,NA,NA,NA,0.00,NA,NA,NA
2025-10-26 23:00:00,113.05,187.13,74.94,26.67,75.12,NA,NA,2.52,27.15,NA,NA,NA,NA,NA,NA,NA,NA,NA,NA,NA,0.00,NA,NA,NA
2025-10-27 00:00:00,107.30,188.23,100.27,19.08,91.68,NA,NA,2.67,23.40,NA,NA,NA,NA,NA,NA,NA,NA,NA,NA,NA,0.00,NA,NA,NA
2025-10-27 01:00:00,128.95,210.35,107.47,17.35,96.60,NA,NA,2.82,24.08,NA,NA,NA,NA,NA,NA,NA,NA,NA,NA,NA,0.00,NA,NA,NA
2025-10-27 02:00:00,115.18,207.48,109.98,16.31,98.10,NA,NA,2.86,24.54,NA,NA,NA,NA,NA,NA,NA,NA,NA,NA,NA,0.00,NA,NA,NA
2025-10-27 03:00:00,118.28,198.75,127.35,10.32,109.03,NA,NA,2.89,23.94,NA,NA,NA,NA,NA,NA,NA,NA,NA,NA,NA,0.00,NA,NA,NA
2025-10-27 04:00:00,116.90,196.40,125.30,11.18,107.82,NA,NA,2.90,25.52,NA,NA,NA,NA,NA,NA,NA,NA,NA,NA,NA,0.00,NA,NA,NA
2025-10-27 05:00:00,123.30,201.50,131.66,9.25,111.96,NA,NA,2.93,25.08,NA,NA,NA,NA,NA,NA,NA,NA,NA,NA,NA,0.00,NA,NA,NA
2025-10-27 06:00:00,126.83,194.88,135.64,7.04,114.02,NA,NA,2.89,24.92,NA,NA,NA,NA,NA,NA,NA,NA,NA,NA,NA,0.00,NA,NA,NA
2025-10-27 07:00:00,124.15,198.45,126.94,9.05,108.02,NA,NA,2.85,25.73,NA,NA,NA,NA,NA,NA,NA,NA,NA,NA,NA,0.00,NA,NA,NA
2025-10-27 08:00:00,135.55,222.88,96.56,25.08,91.82,NA,NA,2.73,27.46,NA,NA,NA,NA,NA,NA,NA,NA,NA,NA,NA,0.00,NA,NA,NA
2025-10-27 09:00:00,211.95,362.80,48.69,43.72,62.83,NA,NA,2.40,43.18,NA,NA,NA,NA,NA,NA,NA,NA,NA,NA,NA,0.00,NA,NA,NA
2025-10-27 10:00:00,175.20,358.70,33.21,47.04,52.02,NA,NA,2.20,71.72,NA,NA,NA,NA,NA,NA,NA,NA,NA,NA,NA,0.00,NA,NA,NA
2025-10-27 11:00:00,177.52,341.55,24.77,34.26,38.36,NA,NA,2.06,97.39,NA,NA,NA,NA,NA,NA,NA,NA,NA,NA,NA,0.00,NA,NA,NA
2025-10-27 12:00:00,154.52,282.45,18.16,31.82,31.68,NA,NA,2.00,106.24,NA,NA,NA,NA,NA,NA,NA,NA,NA,NA,NA,0.00,NA,NA,NA
2025-10-27 13:00:00,136.25,284.00,13.47,27.34,25.49,NA,NA,1.82,108.28,NA,NA,NA,NA,NA,NA,NA,NA,NA,NA,NA,0.00,NA,NA,NA
2025-10-27 14:00:00,130.85,268.55,10.51,25.28,21.99,NA,NA,1.72,98.79,NA,NA,NA,NA,NA,NA,NA,NA,NA,NA,NA,0.00,NA,NA,NA
2025-10-27 15:00:00,105.08,210.60,9.28,25.46,21.08,NA,NA,1.72,72.30,NA,NA,NA,NA,NA,NA,NA,NA,NA,NA,NA,0.00,NA,NA,NA
2025-10-27 16:00:00,104.10,233.58,8.74,25.93,20.90,NA,NA,1.68,62.01,NA,NA,NA,NA,NA,NA,NA,NA,NA,NA,NA,0.00,NA,NA,NA
2025-10-27 17:00:00,108.48,251.63,8.25,27.72,21.46,NA,NA,1.72,50.33,NA,NA,NA,NA,NA,NA,NA,NA,NA,NA,NA,0.00,NA,NA,NA
2025-10-27 18:00:00,127.92,294.92,7.80,23.72,18.96,NA,NA,1.68,59.93,NA,NA,NA,NA,NA,NA,NA,NA,NA,NA,NA,0.00,NA,NA,NA
2025-10-27 19:00:00,131.90,275.15,7.59,22.01,17.88,NA,NA,1.67,58.08,NA,NA,NA,NA,NA,NA,NA,NA,NA,NA,NA,0.00,NA,NA,NA
2025-10-27 20:00:00,154.18,256.32,6.20,16.99,14.08,NA,NA,1.62,68.74,NA,NA,NA,NA,NA,NA,NA,NA,NA,NA,NA,0.00,NA,NA,NA
2025-10-27 21:00:00,132.43,217.62,6.56,16.21,13.96,NA,NA,1.60,63.83,NA,NA,NA,NA,NA,NA,NA,NA,NA,NA,NA,0.00,NA,NA,NA
2025-10-27 22:00:00,130.12,208.10,6.96,19.80,16.19,NA,NA,1.62,50.24,NA,NA,NA,NA,NA,NA,NA,NA,NA,NA,NA,0.00,NA,NA,NA
2025-10-27 23:00:00,123.85,204.05,7.15,20.78,16.86,NA,NA,1.62,44.11,NA,NA,NA,NA,NA,NA,NA,NA,NA,NA,NA,0.00,NA,NA,NA
2025-10-28 00:00:00,112.25,201.08,7.58,24.19,19.03,NA,NA,1.63,27.96,NA,NA,NA,NA,NA,NA,NA,NA,NA,NA,NA,0.00,NA,NA,NA
2025-10-28 01:00:00,108.32,203.32,9.87,25.88,21.80,NA,NA,1.65,22.96,NA,NA,NA,NA,NA,NA,NA,NA,NA,NA,NA,0.00,NA,NA,NA
2025-10-28 02:00:00,135.48,199.00,11.98,27.56,24.40,NA,NA,1.66,24.52,NA,NA,NA,NA,NA,NA,NA,NA,NA,NA,NA,0.00,NA,NA,NA
2025-10-28 03:00:00,125.00,174.60,13.78,25.98,25.03,NA,NA,1.64,22.50,NA,NA,NA,NA,NA,NA,NA,NA,NA,NA,NA,0.00,NA,NA,NA
2025-10-28 04:00:00,107.50,155.88,18.31,24.00,27.66,NA,NA,1.67,24.91,NA,NA,NA,NA,NA,NA,NA,NA,NA,NA,NA,0.00,NA,NA,NA
2025-10-28 05:00:00,104.85,157.62,19.60,23.07,28.21,NA,NA,1.66,26.89,NA,NA,NA,NA,NA,NA,NA,NA,NA,NA,NA,0.00,NA,NA,NA
2025-10-28 06:00:00,143.40,238.27,21.57,24.90,30.78,NA,NA,1.66,23.88,NA,NA,NA,NA,NA,NA,NA,NA,NA,NA,NA,0.00,NA,NA,NA
2025-10-28 07:00:00,143.62,240.15,18.82,23.36,27.72,NA,NA,1.68,26.33,NA,NA,NA,NA,NA,NA,NA,NA,NA,NA,NA,0.00,NA,NA,NA
2025-10-28 08:00:00,135.98,246.60,16.36,26.34,27.31,NA,NA,1.74,27.74,NA,NA,NA,NA,NA,NA,NA,NA,NA,NA,NA,0.00,NA,NA,NA
2025-10-28 09:00:00,157.65,270.65,12.87,27.98,25.34,NA,NA,1.66,42.88,NA,NA,NA,NA,NA,NA,NA,NA,NA,NA,NA,0.00,NA,NA,NA
2025-10-28 10:00:00,180.95,303.27,9.27,24.99,20.82,NA,NA,1.68,68.63,NA,NA,NA,NA,NA,NA,NA,NA,NA,NA,NA,0.00,NA,NA,NA
2025-10-28 11:00:00,138.25,231.92,6.96,17.97,15.21,NA,NA,1.59,91.21,NA,NA,NA,NA,NA,NA,NA,NA,NA,NA,NA,0.00,NA,NA,NA
2025-10-28 12:00:00,107.43,204.95,6.57,18.27,15.06,NA,NA,1.56,98.48,NA,NA,NA,NA,NA,NA,NA,NA,NA,NA,NA,0.00,NA,NA,NA
2025-10-28 13:00:00,128.70,232.82,6.52,20.60,16.26,NA,NA,1.58,98.46,NA,NA,NA,NA,NA,NA,NA,NA,NA,NA,NA,0.00,NA,NA,NA
2025-10-28 14:00:00,129.98,234.72,6.54,22.34,17.20,NA,NA,1.52,88.10,NA,NA,NA,NA,NA,NA,NA,NA,NA,NA,NA,0.00,NA,NA,NA
2025-10-28 15:00:00,121.00,239.00,5.57,21.98,16.22,NA,NA,1.59,78.12,NA,NA,NA,NA,NA,NA,NA,NA,NA,NA,NA,0.00,NA,NA,NA
2025-10-28 16:00:00,117.25,228.12,5.64,23.84,17.26,NA,NA,1.59,62.90,NA,NA,NA,NA,NA,NA,NA,NA,NA,NA,NA,0.00,NA,NA,NA
2025-10-28 17:00:00,108.75,237.20,6.61,29.06,20.83,NA,NA,1.57,47.10,NA,NA,NA,NA,NA,NA,NA,NA,NA,NA,NA,0.00,NA,NA,NA
2025-10-28 18:00:00,115.22,242.48,8.29,41.46,28.80,NA,NA,1.78,29.12,NA,NA,NA,NA,NA,NA,NA,NA,NA,NA,NA,0.00,NA,NA,NA
2025-10-28 19:00:00,108.02,223.68,12.84,42.45,33.02,NA,NA,1.91,25.62,NA,NA,NA,NA,NA,NA,NA,NA,NA,NA,NA,0.00,NA,NA,NA
2025-10-28 20:00:00,113.30,244.37,14.36,37.88,31.82,NA,NA,1.91,23.60,NA,NA,NA,NA,NA,NA,NA,NA,NA,NA,NA,0.00,NA,NA,NA
2025-10-28 21:00:00,140.45,251.73,10.39,29.01,23.87,NA,NA,1.82,28.62,NA,NA,NA,NA,NA,NA,NA,NA,NA,NA,NA,0.00,NA,NA,NA
2025-10-28 22:00:00,136.73,221.58,9.32,26.17,21.50,NA,NA,1.82,24.71,NA,NA,NA,NA,NA,NA,NA,NA,NA,NA,NA,0.00,NA,NA,NA
2025-10-28 23:00:00,108.35,175.48,12.68,24.70,23.44,NA,NA,1.81,21.43,NA,NA,NA,NA,NA,NA,NA,NA,NA,NA,NA,0.00,NA,NA,NA
2025-10-29 00:00:00,91.45,151.48,20.12,22.92,28.55,NA,NA,1.76,21.24,NA,NA,NA,NA,NA,NA,NA,NA,NA,NA,NA,0.00,NA,NA,NA
2025-10-29 01:00:00,89.58,131.45,19.38,20.87,26.86,NA,NA,1.72,21.39,NA,NA,NA,NA,NA,NA,NA,NA,NA,NA,NA,0.00,NA,NA,NA
2025-10-29 02:00:00,81.42,146.28,23.30,18.10,28.57,NA,NA,1.72,21.16,NA,NA,NA,NA,NA,NA,NA,NA,NA,NA,NA,0.00,NA,NA,NA
2025-10-29 03:00:00,68.38,125.55,27.07,17.36,31.24,NA,NA,1.68,21.34,NA,NA,NA,NA,NA,NA,NA,NA,NA,NA,NA,0.00,NA,NA,NA
2025-10-29 04:00:00,74.15,134.35,33.22,15.37,35.18,NA,NA,1.66,20.44,NA,NA,NA,NA,NA,NA,NA,NA,NA,NA,NA,0.00,NA,NA,NA
2025-10-29 05:00:00,76.28,146.82,35.96,13.96,36.66,NA,NA,1.72,18.44,NA,NA,NA,NA,NA,NA,NA,NA,NA,NA,NA,0.00,NA,NA,NA
2025-10-29 06:00:00,78.62,149.98,40.21,11.86,39.01,NA,NA,1.74,20.43,NA,NA,NA,NA,NA,NA,NA,NA,NA,NA,NA,0.00,NA,NA,NA
2025-10-29 07:00:00,81.22,147.90,51.38,12.26,48.30,NA,NA,1.82,20.87,NA,NA,NA,NA,NA,NA,NA,NA,NA,NA,NA,0.00,NA,NA,NA
2025-10-29 08:00:00,121.65,216.73,36.33,25.61,43.15,NA,NA,1.82,21.76,NA,NA,NA,NA,NA,NA,NA,NA,NA,NA,NA,0.00,NA,NA,NA
2025-10-29 09:00:00,148.40,287.50,20.66,32.50,34.08,NA,NA,1.76,42.75,NA,NA,NA,NA,NA,NA,NA,NA,NA,NA,NA,0.00,NA,NA,NA
2025-10-29 10:00:00,122.65,250.12,13.64,23.25,23.46,NA,NA,1.69,79.50,NA,NA,NA,NA,NA,NA,NA,NA,NA,NA,NA,0.00,NA,NA,NA
2025-10-29 11:00:00,98.32,195.18,8.69,19.66,17.52,NA,NA,1.58,92.99,NA,NA,NA,NA,NA,NA,NA,NA,NA,NA,NA,0.00,NA,NA,NA
2025-10-29 12:00:00,94.22,183.85,7.35,16.68,14.85,NA,NA,1.56,102.27,NA,NA,NA,NA,NA,NA,NA,NA,NA,NA,NA,0.00,NA,NA,NA
2025-10-29 13:00:00,186.20,292.10,6.57,18.87,15.38,NA,NA,1.49,120.07,NA,NA,NA,NA,NA,NA,NA,NA,NA,NA,NA,0.00,NA,NA,NA
2025-10-29 14:00:00,188.10,322.10,6.14,19.65,15.44,NA,NA,1.07,166.93,NA,NA,NA,NA,NA,NA,NA,NA,NA,NA,NA,0.00,NA,NA,NA
2025-10-29 15:00:00,167.62,306.45,5.68,21.02,15.79,NA,NA,1.09,159.43,NA,NA,NA,NA,NA,NA,NA,NA,NA,NA,NA,0.00,NA,NA,NA
2025-10-29 16:00:00,165.00,313.98,6.18,26.82,19.29,NA,NA,1.17,108.66,NA,NA,NA,NA,NA,NA,NA,NA,NA,NA,NA,0.00,NA,NA,NA
2025-10-29 17:00:00,168.85,308.50,5.90,35.49,23.68,NA,NA,1.29,75.68,NA,NA,NA,NA,NA,NA,NA,NA,NA,NA,NA,0.00,NA,NA,NA
2025-10-29 18:00:00,167.85,286.62,15.68,51.39,40.08,NA,NA,1.60,38.35,NA,NA,NA,NA,NA,NA,NA,NA,NA,NA,NA,0.00,NA,NA,NA
2025-10-29 19:00:00,188.38,292.05,36.56,47.90,55.20,NA,NA,1.83,41.61,NA,NA,NA,NA,NA,NA,NA,NA,NA,NA,NA,0.00,NA,NA,NA
2025-10-29 20:00:00,184.02,297.80,47.35,41.73,60.70,NA,NA,1.93,35.90,NA,NA,NA,NA,NA,NA,NA,NA,NA,NA,NA,0.00,NA,NA,NA
2025-10-29 21:00:00,172.68,292.77,46.38,37.04,57.41,NA,NA,2.02,37.28,NA,NA,NA,NA,NA,NA,NA,NA,NA,NA,NA,0.00,NA,NA,NA
2025-10-29 22:00:00,166.18,281.08,57.20,31.20,63.10,NA,NA,2.07,37.55,NA,NA,NA,NA,NA,NA,NA,NA,NA,NA,NA,0.00,NA,NA,NA
2025-10-29 23:00:00,167.28,321.08,49.85,31.51,57.29,NA,NA,2.16,40.66,NA,NA,NA,NA,NA,NA,NA,NA,NA,NA,NA,0.00,NA,NA,NA
2025-10-30 00:00:00,202.52,315.12,55.44,26.97,59.41,NA,NA,2.24,39.60,NA,NA,NA,NA,NA,NA,NA,NA,NA,NA,NA,0.00,NA,NA,NA
2025-10-30 01:00:00,203.78,301.52,56.24,26.51,59.82,NA,NA,2.28,39.99,NA,NA,NA,NA,NA,NA,NA,NA,NA,NA,NA,0.00,NA,NA,NA
2025-10-30 02:00:00,191.80,324.48,66.70,20.81,65.29,NA,NA,2.36,39.30,NA,NA,NA,NA,NA,NA,NA,NA,NA,NA,NA,0.00,NA,NA,NA
2025-10-30 03:00:00,191.35,313.60,67.24,20.35,65.50,NA,NA,2.39,39.58,NA,NA,NA,NA,NA,NA,NA,NA,NA,NA,NA,0.00,NA,NA,NA
2025-10-30 04:00:00,194.55,303.23,72.60,17.44,68.30,NA,NA,2.39,40.66,NA,NA,NA,NA,NA,NA,NA,NA,NA,NA,NA,0.00,NA,NA,NA
2025-10-30 05:00:00,219.50,311.58,76.23,17.12,71.08,NA,NA,2.34,40.65,NA,NA,NA,NA,NA,NA,NA,NA,NA,NA,NA,0.00,NA,NA,NA
2025-10-30 06:00:00,216.88,318.70,70.55,18.00,66.93,NA,NA,2.32,44.37,NA,NA,NA,NA,NA,NA,NA,NA,NA,NA,NA,0.00,NA,NA,NA
2025-10-30 07:00:00,218.90,323.73,73.59,20.19,70.57,NA,NA,2.31,43.19,NA,NA,NA,NA,NA,NA,NA,NA,NA,NA,NA,0.00,NA,NA,NA
2025-10-30 08:00:00,234.52,395.20,59.31,33.50,66.03,NA,NA,2.25,46.68,NA,NA,NA,NA,NA,NA,NA,NA,NA,NA,NA,0.00,NA,NA,NA
2025-10-30 09:00:00,275.00,439.35,37.22,50.48,57.11,NA,NA,2.07,57.82,NA,NA,NA,NA,NA,NA,NA,NA,NA,NA,NA,0.00,NA,NA,NA
2025-10-30 10:00:00,281.18,457.55,27.34,50.49,49.08,NA,NA,1.95,78.91,NA,NA,NA,NA,NA,NA,NA,NA,NA,NA,NA,0.00,NA,NA,NA
2025-10-30 11:00:00,218.08,399.35,14.81,48.85,38.01,NA,NA,1.68,103.79,NA,NA,NA,NA,NA,NA,NA,NA,NA,NA,NA,0.00,NA,NA,NA
2025-10-30 12:00:00,145.72,301.38,13.49,27.70,25.70,NA,NA,NA,100.99,NA,NA,NA,NA,NA,NA,NA,NA,NA,NA,NA,0.00,NA,NA,NA
2025-10-30 13:00:00,102.45,192.72,18.77,25.30,28.72,NA,NA,0.36,92.39,NA,NA,NA,NA,NA,NA,NA,NA,NA,NA,NA,0.00,NA,NA,NA
2025-10-30 14:00:00,112.78,193.02,20.94,27.11,31.45,NA,NA,0.38,78.86,NA,NA,NA,NA,NA,NA,NA,NA,NA,NA,NA,0.00,NA,NA,NA
2025-10-30 15:00:00,114.95,202.75,18.93,31.59,32.20,NA,NA,0.42,79.48,NA,NA,NA,NA,NA,NA,NA,NA,NA,NA,NA,0.00,NA,NA,NA
2025-10-30 16:00:00,108.75,215.22,23.10,31.88,35.75,NA,NA,0.44,65.78,NA,NA,NA,NA,NA,NA,NA,NA,NA,NA,NA,0.00,NA,NA,NA
2025-10-30 17:00:00,102.35,207.00,32.41,28.40,41.44,NA,NA,0.52,45.28,NA,NA,NA,NA,NA,NA,NA,NA,NA,NA,NA,0.00,NA,NA,NA
2025-10-30 18:00:00,104.05,197.52,15.18,27.60,27.02,NA,NA,0.60,42.75,NA,NA,NA,NA,NA,NA,NA,NA,NA,NA,NA,0.00,NA,NA,NA
2025-10-30 19:00:00,76.12,146.90,14.79,27.56,26.69,NA,NA,0.69,36.16,NA,NA,NA,NA,NA,NA,NA,NA,NA,NA,NA,0.00,NA,NA,NA
2025-10-30 20:00:00,56.28,122.75,17.26,24.04,26.82,NA,NA,0.72,35.24,NA,NA,NA,NA,NA,NA,NA,NA,NA,NA,NA,0.00,NA,NA,NA
2025-10-30 21:00:00,63.47,129.93,31.04,21.12,36.46,NA,NA,0.86,37.23,NA,NA,NA,NA,NA,NA,NA,NA,NA,NA,NA,0.00,NA,NA,NA
2025-10-30 22:00:00,80.53,150.07,24.23,22.45,31.64,NA,NA,0.84,40.57,NA,NA,NA,NA,NA,NA,NA,NA,NA,NA,NA,0.00,NA,NA,NA
2025-10-30 23:00:00,78.43,142.75,13.34,21.36,22.21,NA,NA,0.69,40.32,NA,NA,NA,NA,NA,NA,NA,NA,NA,NA,NA,0.00,NA,NA,NA
2025-10-31 00:00:00,74.08,124.42,13.08,18.48,20.47,NA,NA,0.62,43.91,NA,NA,NA,NA,NA,NA,NA,NA,NA,NA,NA,0.00,NA,NA,NA
2025-10-31 01:00:00,77.70,116.90,12.09,15.16,17.89,NA,NA,0.57,42.61,NA,NA,NA,NA,NA,NA,NA,NA,NA,NA,NA,0.00,NA,NA,NA
2025-10-31 02:00:00,73.15,114.42,11.52,14.18,16.90,NA,NA,0.54,41.95,NA,NA,NA,NA,NA,NA,NA,NA,NA,NA,NA,0.00,NA,NA,NA
2025-10-31 03:00:00,76.40,112.10,10.96,12.60,15.62,NA,NA,0.52,43.88,NA,NA,NA,NA,NA,NA,NA,NA,NA,NA,NA,0.00,NA,NA,NA
2025-10-31 04:00:00,56.72,90.25,11.41,11.89,15.60,NA,NA,0.49,40.83,NA,NA,NA,NA,NA,NA,NA,NA,NA,NA,NA,0.00,NA,NA,NA
2025-10-31 05:00:00,59.42,88.25,12.97,11.89,16.88,NA,NA,0.48,34.71,NA,NA,NA,NA,NA,NA,NA,NA,NA,NA,NA,0.00,NA,NA,NA
2025-10-31 06:00:00,53.90,84.02,13.74,11.11,17.08,NA,NA,0.48,34.99,NA,NA,NA,NA,NA,NA,NA,NA,NA,NA,NA,0.00,NA,NA,NA
2025-10-31 07:00:00,44.62,71.92,22.30,10.20,23.56,NA,NA,0.53,36.22,NA,NA,NA,NA,NA,NA,NA,NA,NA,NA,NA,0.00,NA,NA,NA
2025-10-31 08:00:00,46.22,88.35,25.45,13.58,27.91,NA,NA,0.56,37.48,NA,NA,NA,NA,NA,NA,NA,NA,NA,NA,NA,0.00,NA,NA,NA
2025-10-31 09:00:00,72.20,136.25,17.31,21.75,25.64,NA,NA,0.53,53.04,NA,NA,NA,NA,NA,NA,NA,NA,NA,NA,NA,0.00,NA,NA,NA
2025-10-31 10:00:00,81.60,145.07,9.14,17.46,16.72,NA,NA,0.44,90.75,NA,NA,NA,NA,NA,NA,NA,NA,NA,NA,NA,0.00,NA,NA,NA
2025-10-31 11:00:00,68.75,140.25,8.93,16.43,16.00,NA,NA,0.36,112.75,NA,NA,NA,NA,NA,NA,NA,NA,NA,NA,NA,0.00,NA,NA,NA
2025-10-31 12:00:00,72.50,151.90,NA,NA,NA,NA,NA,0.54,NA,NA,NA,NA,NA,NA,NA,NA,NA,NA,NA,NA,0.00,NA,NA,NA
2025-10-31 13:00:00,44.20,114.30,146.59,9.03,115.68,NA,NA,0.43,163.05,NA,NA,NA,NA,NA,NA,NA,NA,NA,NA,NA,0.00,NA,NA,NA
2025-10-31 14:00:00,86.10,NA,27.04,13.46,29.15,NA,NA,0.41,171.24,NA,NA,NA,NA,NA,NA,NA,NA,NA,NA,NA,0.00,NA,NA,NA
2025-10-31 15:00:00,133.85,NA,22.06,13.40,25.06,NA,NA,0.32,161.47,NA,NA,NA,NA,NA,NA,NA,NA,NA,NA,NA,0.00,NA,NA,NA
2025-10-31 16:00:00,120.18,196.20,19.27,15.02,23.66,NA,NA,0.29,136.84,NA,NA,NA,NA,NA,NA,NA,NA,NA,NA,NA,0.00,NA,NA,NA
2025-10-31 17:00:00,103.17,125.93,18.00,27.25,29.14,NA,NA,0.38,76.00,NA,NA,NA,NA,NA,NA,NA,NA,NA,NA,NA,0.00,NA,NA,NA
2025-10-31 18:00:00,91.75,145.82,16.38,42.19,35.76,NA,NA,0.68,35.69,NA,NA,NA,NA,NA,NA,NA,NA,NA,NA,NA,0.00,NA,NA,NA
2025-10-31 19:00:00,71.70,115.52,31.24,37.36,45.28,NA,NA,0.81,34.57,NA,NA,NA,NA,NA,NA,NA,NA,NA,NA,NA,0.00,NA,NA,NA
2025-10-31 20:00:00,79.95,137.25,59.96,26.82,63.02,NA,NA,1.20,36.39,NA,NA,NA,NA,NA,NA,NA,NA,NA,NA,NA,0.00,NA,NA,NA
2025-10-31 21:00:00,77.75,159.75,78.49,19.96,74.43,NA,NA,1.32,36.40,NA,NA,NA,NA,NA,NA,NA,NA,NA,NA,NA,0.00,NA,NA,NA
2025-10-31 22:00:00,86.82,153.17,61.58,21.10,61.28,NA,NA,1.16,35.12,NA,NA,NA,NA,NA,NA,NA,NA,NA,NA,NA,0.00,NA,NA,NA
2025-10-31 23:00:00,90.60,170.70,64.06,18.34,61.83,NA,NA,1.14,36.27,NA,NA,NA,NA,NA,NA,NA,NA,NA,NA,NA,0.00,NA,NA,NA
2025-11-01 00:00:00,95.05,183.23,65.15,16.45,61.71,NA,NA,1.19,36.51,NA,NA,NA,NA,NA,NA,NA,NA,NA,NA,NA,0.00,NA,NA,NA
2025-11-01 01:00:00,97.22,168.10,61.74,18.52,60.05,NA,NA,1.07,35.48,NA,NA,NA,NA,NA,NA,NA,NA,NA,NA,NA,0.00,NA,NA,NA
2025-11-01 02:00:00,100.58,168.50,65.19,14.93,60.94,NA,NA,1.10,35.22,NA,NA,NA,NA,NA,NA,NA,NA,NA,NA,NA,0.00,NA,NA,NA
2025-11-01 03:00:00,97.35,161.38,67.08,12.54,61.21,NA,NA,1.06,35.33,NA,NA,NA,NA,NA,NA,NA,NA,NA,NA,NA,0.00,NA,NA,NA
2025-11-01 04:00:00,92.70,165.50,68.28,11.70,61.74,NA,NA,0.95,32.85,NA,NA,NA,NA,NA,NA,NA,NA,NA,NA,NA,0.00,NA,NA,NA
2025-11-01 05:00:00,75.30,157.85,62.76,12.00,57.40,NA,NA,0.90,32.21,NA,NA,NA,NA,NA,NA,NA,NA,NA,NA,NA,0.00,NA,NA,NA
2025-11-01 06:00:00,77.27,145.90,53.35,10.60,49.00,NA,NA,0.82,34.66,NA,NA,NA,NA,NA,NA,NA,NA,NA,NA,NA,0.00,NA,NA,NA
2025-11-01 07:00:00,83.75,146.88,39.99,12.14,38.97,NA,NA,0.75,34.11,NA,NA,NA,NA,NA,NA,NA,NA,NA,NA,NA,0.00,NA,NA,NA
2025-11-01 08:00:00,93.52,173.98,34.28,15.47,36.10,NA,NA,0.82,41.77,NA,NA,NA,NA,NA,NA,NA,NA,NA,NA,NA,0.00,NA,NA,NA
2025-11-01 09:00:00,180.42,309.58,26.28,25.80,35.09,NA,NA,0.88,66.76,NA,NA,NA,NA,NA,NA,NA,NA,NA,NA,NA,0.00,NA,NA,NA
2025-11-01 10:00:00,277.82,433.62,20.86,27.06,31.34,NA,NA,0.90,105.36,NA,NA,NA,NA,NA,NA,NA,NA,NA,NA,NA,0.00,NA,NA,NA
2025-11-01 11:00:00,288.58,452.80,14.03,22.44,23.34,NA,NA,0.83,149.07,NA,NA,NA,NA,NA,NA,NA,NA,NA,NA,NA,0.00,NA,NA,NA
2025-11-01 12:00:00,227.50,438.95,10.95,20.61,19.87,NA,NA,0.80,164.49,NA,NA,NA,NA,NA,NA,NA,NA,NA,NA,NA,0.00,NA,NA,NA
2025-11-01 13:00:00,245.70,436.52,8.66,19.38,17.35,NA,NA,0.77,157.21,NA,NA,NA,NA,NA,NA,NA,NA,NA,NA,NA,0.00,NA,NA,NA
2025-11-01 14:00:00,233.05,398.52,8.00,18.19,16.18,NA,NA,0.75,151.45,NA,NA,NA,NA,NA,NA,NA,NA,NA,NA,NA,0.00,NA,NA,NA
2025-11-01 15:00:00,242.20,412.30,12.71,19.54,20.73,NA,NA,0.78,123.01,NA,NA,NA,NA,NA,NA,NA,NA,NA,NA,NA,0.00,NA,NA,NA
2025-11-01 16:00:00,233.72,392.98,10.30,23.30,20.76,NA,NA,0.81,92.08,NA,NA,NA,NA,NA,NA,NA,NA,NA,NA,NA,0.00,NA,NA,NA
2025-11-01 17:00:00,277.27,408.22,9.41,30.58,23.92,NA,NA,0.92,60.82,NA,NA,NA,NA,NA,NA,NA,NA,NA,NA,NA,0.00,NA,NA,NA
2025-11-01 18:00:00,270.25,430.78,25.53,36.96,40.42,NA,NA,1.14,46.59,NA,NA,NA,NA,NA,NA,NA,NA,NA,NA,NA,0.00,NA,NA,NA
2025-11-01 19:00:00,268.70,428.20,22.62,34.43,36.71,NA,NA,1.21,47.78,NA,NA,NA,NA,NA,NA,NA,NA,NA,NA,NA,0.00,NA,NA,NA
2025-11-01 20:00:00,288.02,434.68,27.60,30.75,38.80,NA,NA,1.22,46.02,NA,NA,NA,NA,NA,NA,NA,NA,NA,NA,NA,0.00,NA,NA,NA
2025-11-01 21:00:00,275.30,410.22,30.58,30.89,41.30,NA,NA,1.23,44.98,NA,NA,NA,NA,NA,NA,NA,NA,NA,NA,NA,0.00,NA,NA,NA
2025-11-01 22:00:00,247.12,384.22,49.35,26.00,53.96,NA,NA,1.30,45.19,NA,NA,NA,NA,NA,NA,NA,NA,NA,NA,NA,0.00,NA,NA,NA
2025-11-01 23:00:00,210.10,340.62,45.66,25.72,50.80,NA,NA,1.29,42.35,NA,NA,NA,NA,NA,NA,NA,NA,NA,NA,NA,0.00,NA,NA,NA
2025-11-02 00:00:00,188.02,260.62,43.28,26.64,49.36,NA,NA,1.13,40.46,NA,NA,NA,NA,NA,NA,NA,NA,NA,NA,NA,0.00,NA,NA,NA
2025-11-02 01:00:00,176.90,248.03,41.84,25.76,47.71,NA,NA,1.08,41.61,NA,NA,NA,NA,NA,NA,NA,NA,NA,NA,NA,0.00,NA,NA,NA
2025-11-02 02:00:00,179.55,282.25,39.81,24.62,45.46,NA,NA,1.04,38.94,NA,NA,NA,NA,NA,NA,NA,NA,NA,NA,NA,0.00,NA,NA,NA
2025-11-02 03:00:00,153.52,245.85,39.66,21.40,43.64,NA,NA,0.97,37.19,NA,NA,NA,NA,NA,NA,NA,NA,NA,NA,NA,0.00,NA,NA,NA
2025-11-02 04:00:00,147.00,217.70,40.75,18.99,43.24,NA,NA,0.94,37.06,NA,NA,NA,NA,NA,NA,NA,NA,NA,NA,NA,0.00,NA,NA,NA
2025-11-02 05:00:00,173.82,257.23,44.38,17.26,45.27,NA,NA,0.93,40.56,NA,NA,NA,NA,NA,NA,NA,NA,NA,NA,NA,0.00,NA,NA,NA
2025-11-02 06:00:00,196.52,293.83,50.14,15.85,49.20,NA,NA,0.94,40.04,NA,NA,NA,NA,NA,NA,NA,NA,NA,NA,NA,0.00,NA,NA,NA
2025-11-02 07:00:00,178.08,263.82,53.65,17.00,52.67,NA,NA,0.90,43.12,NA,NA,NA,NA,NA,NA,NA,NA,NA,NA,NA,0.00,NA,NA,NA
2025-11-02 08:00:00,172.15,256.92,39.44,26.10,45.94,NA,NA,0.87,52.89,NA,NA,NA,NA,NA,NA,NA,NA,NA,NA,NA,0.00,NA,NA,NA
2025-11-02 09:00:00,229.05,378.65,21.62,24.05,30.36,NA,NA,0.82,94.42,NA,NA,NA,NA,NA,NA,NA,NA,NA,NA,NA,0.00,NA,NA,NA
2025-11-02 10:00:00,283.20,417.63,14.87,19.54,22.48,NA,NA,0.82,132.75,NA,NA,NA,NA,NA,NA,NA,NA,NA,NA,NA,0.00,NA,NA,NA
2025-11-02 11:00:00,250.10,406.20,11.07,18.39,18.78,NA,NA,0.76,162.01,NA,NA,NA,NA,NA,NA,NA,NA,NA,NA,NA,0.00,NA,NA,NA
2025-11-02 12:00:00,205.03,356.70,8.29,15.66,15.06,NA,NA,0.64,171.21,NA,NA,NA,NA,NA,NA,NA,NA,NA,NA,NA,0.00,NA,NA,NA
2025-11-02 13:00:00,160.78,257.78,6.59,12.50,12.01,NA,NA,0.55,161.88,NA,NA,NA,NA,NA,NA,NA,NA,NA,NA,NA,0.00,NA,NA,NA
2025-11-02 14:00:00,104.02,192.35,6.76,10.22,10.93,NA,NA,0.48,148.79,NA,NA,NA,NA,NA,NA,NA,NA,NA,NA,NA,0.00,NA,NA,NA
2025-11-02 15:00:00,90.20,175.28,7.13,11.11,11.70,NA,NA,0.44,146.90,NA,NA,NA,NA,NA,NA,NA,NA,NA,NA,NA,0.00,NA,NA,NA
2025-11-02 16:00:00,105.55,184.02,7.51,15.55,14.38,NA,NA,0.45,127.55,NA,NA,NA,NA,NA,NA,NA,NA,NA,NA,NA,0.00,NA,NA,NA
2025-11-02 17:00:00,114.57,208.02,7.65,24.49,19.25,NA,NA,0.52,91.40,NA,NA,NA,NA,NA,NA,NA,NA,NA,NA,NA,0.00,NA,NA,NA
2025-11-02 18:00:00,110.20,212.60,15.15,44.16,35.81,NA,NA,0.66,42.76,NA,NA,NA,NA,NA,NA,NA,NA,NA,NA,NA,0.00,NA,NA,NA
2025-11-02 19:00:00,107.20,214.80,25.78,37.92,41.14,NA,NA,0.76,41.88,NA,NA,NA,NA,NA,NA,NA,NA,NA,NA,NA,0.00,NA,NA,NA
2025-11-02 20:00:00,126.42,220.48,38.33,33.09,48.76,NA,NA,0.88,41.78,NA,NA,NA,NA,NA,NA,NA,NA,NA,NA,NA,0.00,NA,NA,NA
2025-11-02 21:00:00,139.57,231.32,32.73,32.68,43.99,NA,NA,0.98,40.90,NA,NA,NA,NA,NA,NA,NA,NA,NA,NA,NA,0.00,NA,NA,NA
2025-11-02 22:00:00,134.22,235.08,27.14,32.94,39.58,NA,NA,0.93,41.64,NA,NA,NA,NA,NA,NA,NA,NA,NA,NA,NA,0.00,NA,NA,NA
2025-11-02 23:00:00,136.42,241.45,25.07,32.06,37.44,NA,NA,0.89,39.70,NA,NA,NA,NA,NA,NA,NA,NA,NA,NA,NA,0.00,NA,NA,NA
2025-11-03 00:00:00,129.80,226.72,22.41,30.54,34.46,NA,NA,0.84,36.48,NA,NA,NA,NA,NA,NA,NA,NA,NA,NA,NA,0.00,NA,NA,NA
2025-11-03 01:00:00,123.40,195.12,18.63,30.31,31.27,NA,NA,0.79,38.58,NA,NA,NA,NA,NA,NA,NA,NA,NA,NA,NA,0.00,NA,NA,NA
2025-11-03 02:00:00,105.82,193.38,18.73,28.49,30.37,NA,NA,0.72,38.01,NA,NA,NA,NA,NA,NA,NA,NA,NA,NA,NA,0.00,NA,NA,NA
2025-11-03 03:00:00,131.55,205.85,19.54,27.91,30.73,NA,NA,0.68,36.33,NA,NA,NA,NA,NA,NA,NA,NA,NA,NA,NA,0.00,NA,NA,NA
2025-11-03 04:00:00,135.32,209.35,17.46,27.68,28.91,NA,NA,0.65,40.88,NA,NA,NA,NA,NA,NA,NA,NA,NA,NA,NA,0.00,NA,NA,NA
2025-11-03 05:00:00,126.75,198.98,12.86,23.26,22.82,NA,NA,0.60,49.28,NA,NA,NA,NA,NA,NA,NA,NA,NA,NA,NA,0.00,NA,NA,NA
2025-11-03 06:00:00,120.48,186.20,13.71,23.80,23.82,NA,NA,0.57,44.28,NA,NA,NA,NA,NA,NA,NA,NA,NA,NA,NA,0.00,NA,NA,NA
2025-11-03 07:00:00,104.07,205.58,26.55,27.69,36.32,NA,NA,0.60,38.10,NA,NA,NA,NA,NA,NA,NA,NA,NA,NA,NA,0.00,NA,NA,NA
2025-11-03 08:00:00,110.65,211.18,16.92,26.08,27.62,NA,NA,0.59,51.07,NA,NA,NA,NA,NA,NA,NA,NA,NA,NA,NA,0.00,NA,NA,NA
2025-11-03 09:00:00,112.60,234.77,13.52,20.20,21.74,NA,NA,0.58,74.63,NA,NA,NA,NA,NA,NA,NA,NA,NA,NA,NA,0.00,NA,NA,NA
2025-11-03 10:00:00,144.62,281.60,11.81,19.24,19.84,NA,NA,0.59,96.02,NA,NA,NA,NA,NA,NA,NA,NA,NA,NA,NA,0.00,NA,NA,NA
2025-11-03 11:00:00,191.02,333.05,8.32,21.40,18.14,NA,NA,0.60,120.00,NA,NA,NA,NA,NA,NA,NA,NA,NA,NA,NA,0.00,NA,NA,NA
2025-11-03 12:00:00,242.00,418.17,6.83,23.44,18.02,NA,NA,0.64,160.83,NA,NA,NA,NA,NA,NA,NA,NA,NA,NA,NA,0.00,NA,NA,NA
2025-11-03 13:00:00,215.77,371.15,10.62,17.85,18.13,NA,NA,0.41,170.94,NA,NA,NA,NA,NA,NA,NA,NA,NA,NA,NA,0.00,NA,NA,NA
2025-11-03 14:00:00,140.95,268.45,13.52,15.96,19.49,NA,NA,0.25,159.04,NA,NA,NA,NA,NA,NA,NA,NA,NA,NA,NA,0.00,NA,NA,NA
2025-11-03 15:00:00,112.42,221.45,13.77,16.12,19.76,NA,NA,0.24,143.72,NA,NA,NA,NA,NA,NA,NA,NA,NA,NA,NA,0.00,NA,NA,NA
2025-11-03 16:00:00,94.82,214.10,13.59,25.02,24.36,NA,NA,0.28,107.43,NA,NA,NA,NA,NA,NA,NA,NA,NA,NA,NA,0.00,NA,NA,NA
2025-11-03 17:00:00,80.20,184.27,13.42,38.86,31.58,NA,NA,0.49,59.39,NA,NA,NA,NA,NA,NA,NA,NA,NA,NA,NA,0.00,NA,NA,NA
2025-11-03 18:00:00,55.18,176.85,29.83,40.47,45.79,NA,NA,0.79,36.30,NA,NA,NA,NA,NA,NA,NA,NA,NA,NA,NA,0.00,NA,NA,NA
2025-11-03 19:00:00,58.30,175.65,49.63,33.72,58.30,NA,NA,0.98,38.31,NA,NA,NA,NA,NA,NA,NA,NA,NA,NA,NA,0.00,NA,NA,NA
2025-11-03 20:00:00,78.25,237.13,93.34,24.26,88.81,NA,NA,1.34,37.68,NA,NA,NA,NA,NA,NA,NA,NA,NA,NA,NA,0.00,NA,NA,NA
2025-11-03 21:00:00,93.78,224.88,129.08,14.73,112.79,NA,NA,1.55,38.50,NA,NA,NA,NA,NA,NA,NA,NA,NA,NA,NA,0.00,NA,NA,NA
2025-11-03 22:00:00,95.12,208.38,151.06,10.48,128.39,NA,NA,1.69,39.10,NA,NA,NA,NA,NA,NA,NA,NA,NA,NA,NA,0.00,NA,NA,NA
2025-11-03 23:00:00,109.35,217.15,148.28,7.85,124.74,NA,NA,1.70,37.19,NA,NA,NA,NA,NA,NA,NA,NA,NA,NA,NA,0.00,NA,NA,NA
2025-11-04 00:00:00,107.10,200.27,147.80,6.82,123.78,NA,NA,1.71,36.16,NA,NA,NA,NA,NA,NA,NA,NA,NA,NA,NA,0.00,NA,NA,NA
2025-11-04 01:00:00,110.62,213.85,135.24,7.82,114.11,NA,NA,1.64,38.03,NA,NA,NA,NA,NA,NA,NA,NA,NA,NA,NA,0.00,NA,NA,NA
2025-11-04 02:00:00,110.05,213.48,138.84,6.39,116.29,NA,NA,1.64,37.43,NA,NA,NA,NA,NA,NA,NA,NA,NA,NA,NA,0.00,NA,NA,NA
2025-11-04 03:00:00,111.20,209.50,152.88,5.52,127.24,NA,NA,1.70,34.20,NA,NA,NA,NA,NA,NA,NA,NA,NA,NA,NA,0.00,NA,NA,NA
2025-11-04 04:00:00,119.28,203.00,166.63,4.44,137.84,NA,NA,1.79,35.07,NA,NA,NA,NA,NA,NA,NA,NA,NA,NA,NA,0.00,NA,NA,NA
2025-11-04 05:00:00,129.77,208.70,175.53,2.81,144.20,NA,NA,1.77,31.28,NA,NA,NA,NA,NA,NA,NA,NA,NA,NA,NA,0.00,NA,NA,NA
2025-11-04 06:00:00,124.38,216.30,173.65,2.64,142.58,NA,NA,1.73,30.80,NA,NA,NA,NA,NA,NA,NA,NA,NA,NA,NA,0.00,NA,NA,NA
2025-11-04 07:00:00,122.90,228.52,176.10,2.28,144.40,NA,NA,1.74,30.53,NA,NA,NA,NA,NA,NA,NA,NA,NA,NA,NA,0.00,NA,NA,NA
2025-11-04 08:00:00,111.38,252.27,164.98,11.91,140.44,NA,NA,1.72,34.40,NA,NA,NA,NA,NA,NA,NA,NA,NA,NA,NA,0.00,NA,NA,NA
2025-11-04 09:00:00,164.85,389.60,89.34,37.54,92.57,NA,NA,1.32,50.10,NA,NA,NA,NA,NA,NA,NA,NA,NA,NA,NA,0.00,NA,NA,NA
2025-11-04 10:00:00,148.07,309.50,56.05,25.98,59.38,NA,NA,0.96,100.10,NA,NA,NA,NA,NA,NA,NA,NA,NA,NA,NA,0.00,NA,NA,NA
2025-11-04 11:00:00,105.57,231.48,41.45,20.75,44.73,NA,NA,0.87,121.28,NA,NA,NA,NA,NA,NA,NA,NA,NA,NA,NA,0.00,NA,NA,NA
2025-11-04 12:00:00,128.38,263.73,17.30,20.31,24.85,NA,NA,0.51,142.12,NA,NA,NA,NA,NA,NA,NA,NA,NA,NA,NA,0.00,NA,NA,NA
2025-11-04 13:00:00,112.48,204.05,15.88,16.14,21.50,NA,NA,0.36,150.93,NA,NA,NA,NA,NA,NA,NA,NA,NA,NA,NA,0.00,NA,NA,NA
2025-11-04 14:00:00,83.90,170.95,17.48,13.02,21.14,NA,NA,0.26,112.12,NA,NA,NA,NA,NA,NA,NA,NA,NA,NA,NA,0.00,NA,NA,NA
2025-11-04 15:00:00,77.40,164.88,20.12,11.79,22.63,NA,NA,0.23,108.70,NA,NA,NA,NA,NA,NA,NA,NA,NA,NA,NA,0.00,NA,NA,NA
2025-11-04 16:00:00,72.45,159.12,14.43,15.79,20.13,NA,NA,0.31,84.80,NA,NA,NA,NA,NA,NA,NA,NA,NA,NA,NA,0.00,NA,NA,NA
2025-11-04 17:00:00,54.82,128.30,14.20,20.62,22.52,NA,NA,0.37,56.22,NA,NA,NA,NA,NA,NA,NA,NA,NA,NA,NA,0.00,NA,NA,NA
2025-11-04 18:00:00,37.55,122.50,20.29,35.79,35.54,NA,NA,0.60,23.36,NA,NA,NA,NA,NA,NA,NA,NA,NA,NA,NA,0.00,NA,NA,NA
2025-11-04 19:00:00,49.05,165.58,22.27,35.28,36.87,NA,NA,0.68,25.99,NA,NA,NA,NA,NA,NA,NA,NA,NA,NA,NA,0.00,NA,NA,NA
2025-11-04 20:00:00,71.58,179.40,28.07,31.02,39.33,NA,NA,0.79,19.58,NA,NA,NA,NA,NA,NA,NA,NA,NA,NA,NA,0.00,NA,NA,NA
2025-11-04 21:00:00,84.10,196.68,30.99,29.04,40.66,NA,NA,0.88,15.84,NA,NA,NA,NA,NA,NA,NA,NA,NA,NA,NA,0.00,NA,NA,NA
2025-11-04 22:00:00,96.85,205.40,42.95,24.24,47.81,NA,NA,0.93,11.97,NA,NA,NA,NA,NA,NA,NA,NA,NA,NA,NA,0.00,NA,NA,NA
2025-11-04 23:00:00,115.58,204.77,39.76,24.02,45.11,NA,NA,0.92,12.52,NA,NA,NA,NA,NA,NA,NA,NA,NA,NA,NA,0.00,NA,NA,NA
2025-11-05 00:00:00,115.78,203.58,49.44,21.11,51.43,NA,NA,0.97,11.70,NA,NA,NA,NA,NA,NA,NA,NA,NA,NA,NA,0.00,NA,NA,NA
2025-11-05 01:00:00,107.95,192.05,56.66,18.45,55.88,NA,NA,0.97,10.95,NA,NA,NA,NA,NA,NA,NA,NA,NA,NA,NA,0.00,NA,NA,NA
2025-11-05 02:00:00,111.48,182.95,61.06,14.85,57.54,NA,NA,0.97,9.75,NA,NA,NA,NA,NA,NA,NA,NA,NA,NA,NA,0.00,NA,NA,NA
2025-11-05 03:00:00,99.58,163.85,58.43,13.31,54.58,NA,NA,0.94,10.40,NA,NA,NA,NA,NA,NA,NA,NA,NA,NA,NA,0.00,NA,NA,NA
2025-11-05 04:00:00,78.12,132.88,50.00,14.77,48.50,NA,NA,0.80,9.35,NA,NA,NA,NA,NA,NA,NA,NA,NA,NA,NA,0.00,NA,NA,NA
2025-11-05 05:00:00,89.52,152.43,40.83,14.17,40.72,NA,NA,0.74,9.83,NA,NA,NA,NA,NA,NA,NA,NA,NA,NA,NA,0.00,NA,NA,NA
2025-11-05 06:00:00,96.98,184.62,32.00,15.03,34.01,NA,NA,0.69,12.20,NA,NA,NA,NA,NA,NA,NA,NA,NA,NA,NA,0.00,NA,NA,NA
2025-11-05 07:00:00,87.38,165.58,37.95,12.51,37.51,NA,NA,0.76,12.63,NA,NA,NA,NA,NA,NA,NA,NA,NA,NA,NA,0.00,NA,NA,NA
2025-11-05 08:00:00,98.88,177.60,26.58,18.49,31.44,NA,NA,0.72,24.71,NA,NA,NA,NA,NA,NA,NA,NA,NA,NA,NA,0.00,NA,NA,NA
2025-11-05 09:00:00,98.78,152.75,19.88,19.08,26.32,NA,NA,0.62,49.77,NA,NA,NA,NA,NA,NA,NA,NA,NA,NA,NA,0.00,NA,NA,NA
2025-11-05 10:00:00,72.50,136.28,16.06,16.08,21.60,NA,NA,0.56,72.79,NA,NA,NA,NA,NA,NA,NA,NA,NA,NA,NA,0.00,NA,NA,NA
2025-11-05 11:00:00,58.70,128.32,14.76,15.32,20.15,NA,NA,0.54,105.04,NA,NA,NA,NA,NA,NA,NA,NA,NA,NA,NA,0.00,NA,NA,NA
2025-11-05 12:00:00,67.18,173.45,13.59,13.70,18.34,NA,NA,0.49,115.90,NA,NA,NA,NA,NA,NA,NA,NA,NA,NA,NA,0.00,NA,NA,NA
2025-11-05 13:00:00,69.18,153.35,11.33,12.90,16.07,NA,NA,0.44,128.83,NA,NA,NA,NA,NA,NA,NA,NA,NA,NA,NA,0.00,NA,NA,NA
2025-11-05 14:00:00,60.10,131.35,9.03,11.69,13.56,NA,NA,0.42,125.83,NA,NA,NA,NA,NA,NA,NA,NA,NA,NA,NA,0.00,NA,NA,NA
2025-11-05 15:00:00,54.70,130.75,9.17,11.40,13.52,NA,NA,0.39,113.87,NA,NA,NA,NA,NA,NA,NA,NA,NA,NA,NA,0.00,NA,NA,NA
2025-11-05 16:00:00,52.00,118.25,9.27,13.66,14.81,NA,NA,0.41,88.89,NA,NA,NA,NA,NA,NA,NA,NA,NA,NA,NA,0.00,NA,NA,NA
2025-11-05 17:00:00,60.92,129.28,8.43,22.71,18.93,NA,NA,0.49,50.31,NA,NA,NA,NA,NA,NA,NA,NA,NA,NA,NA,0.00,NA,NA,NA
2025-11-05 18:00:00,45.78,114.55,8.70,31.00,23.57,NA,NA,0.55,29.37,NA,NA,NA,NA,NA,NA,NA,NA,NA,NA,NA,0.00,NA,NA,NA
2025-11-05 19:00:00,54.53,133.05,9.37,32.38,24.84,NA,NA,0.60,19.62,NA,NA,NA,NA,NA,NA,NA,NA,NA,NA,NA,0.00,NA,NA,NA
2025-11-05 20:00:00,85.90,166.28,9.96,29.61,23.85,NA,NA,0.64,25.23,NA,NA,NA,NA,NA,NA,NA,NA,NA,NA,NA,0.00,NA,NA,NA
2025-11-05 21:00:00,131.72,237.80,9.10,21.81,19.00,NA,NA,0.66,43.33,NA,NA,NA,NA,NA,NA,NA,NA,NA,NA,NA,0.00,NA,NA,NA
2025-11-05 22:00:00,161.38,272.60,10.12,18.48,18.06,NA,NA,0.66,39.61,NA,NA,NA,NA,NA,NA,NA,NA,NA,NA,NA,0.00,NA,NA,NA
2025-11-05 23:00:00,227.90,319.67,10.19,18.79,18.28,NA,NA,0.71,32.53,NA,NA,NA,NA,NA,NA,NA,NA,NA,NA,NA,0.00,NA,NA,NA
2025-11-06 00:00:00,313.15,440.42,9.02,18.93,17.40,NA,NA,0.75,28.40,NA,NA,NA,NA,NA,NA,NA,NA,NA,NA,NA,0.00,NA,NA,NA
2025-11-06 01:00:00,219.20,311.12,9.36,17.16,16.74,NA,NA,0.68,29.56,NA,NA,NA,NA,NA,NA,NA,NA,NA,NA,NA,0.00,NA,NA,NA
2025-11-06 02:00:00,213.65,315.38,10.03,15.12,16.20,NA,NA,0.67,27.27,NA,NA,NA,NA,NA,NA,NA,NA,NA,NA,NA,0.00,NA,NA,NA
2025-11-06 03:00:00,206.15,283.97,10.02,18.54,18.01,NA,NA,0.66,16.34,NA,NA,NA,NA,NA,NA,NA,NA,NA,NA,NA,0.00,NA,NA,NA
2025-11-06 04:00:00,183.28,244.28,8.94,23.07,19.54,NA,NA,0.67,14.64,NA,NA,NA,NA,NA,NA,NA,NA,NA,NA,NA,0.00,NA,NA,NA
2025-11-06 05:00:00,190.82,295.05,10.44,21.51,19.93,NA,NA,0.68,13.68,NA,NA,NA,NA,NA,NA,NA,NA,NA,NA,NA,0.00,NA,NA,NA
2025-11-06 06:00:00,253.65,355.32,12.30,21.70,21.55,NA,NA,0.75,12.56,NA,NA,NA,NA,NA,NA,NA,NA,NA,NA,NA,0.00,NA,NA,NA
2025-11-06 07:00:00,328.85,418.00,16.68,22.74,25.65,NA,NA,0.90,13.11,NA,NA,NA,NA,NA,NA,NA,NA,NA,NA,NA,0.00,NA,NA,NA
2025-11-06 08:00:00,343.08,543.90,13.76,28.66,26.43,NA,NA,0.93,28.76,NA,NA,NA,NA,NA,NA,NA,NA,NA,NA,NA,0.00,NA,NA,NA
2025-11-06 09:00:00,332.20,526.45,10.88,22.66,20.90,NA,NA,0.81,59.91,NA,NA,NA,NA,NA,NA,NA,NA,NA,NA,NA,0.00,NA,NA,NA
2025-11-06 10:00:00,205.82,379.12,8.90,15.61,15.54,NA,NA,0.66,88.84,NA,NA,NA,NA,NA,NA,NA,NA,NA,NA,NA,0.00,NA,NA,NA
2025-11-06 11:00:00,123.35,264.77,7.66,11.88,12.55,NA,NA,0.56,96.40,NA,NA,NA,NA,NA,NA,NA,NA,NA,NA,NA,0.00,NA,NA,NA
2025-11-06 12:00:00,76.35,165.80,8.17,10.63,12.30,NA,NA,0.50,104.73,NA,NA,NA,NA,NA,NA,NA,NA,NA,NA,NA,0.00,NA,NA,NA
2025-11-06 13:00:00,83.30,186.15,8.94,11.96,13.63,NA,NA,0.38,106.48,NA,NA,NA,NA,NA,NA,NA,NA,NA,NA,NA,0.00,NA,NA,NA
2025-11-06 14:00:00,87.80,203.02,9.05,13.32,14.44,NA,NA,0.34,109.36,NA,NA,NA,NA,NA,NA,NA,NA,NA,NA,NA,0.00,NA,NA,NA
2025-11-06 15:00:00,75.00,177.60,10.20,14.42,15.96,NA,NA,0.32,104.81,NA,NA,NA,NA,NA,NA,NA,NA,NA,NA,NA,0.00,NA,NA,NA
2025-11-06 16:00:00,72.50,157.72,9.88,16.76,16.95,NA,NA,0.32,91.01,NA,NA,NA,NA,NA,NA,NA,NA,NA,NA,NA,0.00,NA,NA,NA
2025-11-06 17:00:00,71.72,156.38,10.86,27.57,23.50,NA,NA,0.39,54.91,NA,NA,NA,NA,NA,NA,NA,NA,NA,NA,NA,0.00,NA,NA,NA
2025-11-06 18:00:00,61.88,148.93,19.09,39.02,36.30,NA,NA,0.59,19.98,NA,NA,NA,NA,NA,NA,NA,NA,NA,NA,NA,0.00,NA,NA,NA
2025-11-06 19:00:00,45.65,151.32,38.93,43.23,54.65,NA,NA,0.77,9.09,NA,NA,NA,NA,NA,NA,NA,NA,NA,NA,NA,0.00,NA,NA,NA
2025-11-06 20:00:00,68.42,184.30,45.82,41.24,59.18,NA,NA,0.82,7.25,NA,NA,NA,NA,NA,NA,NA,NA,NA,NA,NA,0.00,NA,NA,NA
2025-11-06 21:00:00,89.15,209.55,36.97,42.00,52.39,NA,NA,0.86,8.05,NA,NA,NA,NA,NA,NA,NA,NA,NA,NA,NA,0.00,NA,NA,NA
2025-11-06 22:00:00,107.50,194.08,23.76,41.95,41.62,NA,NA,0.79,6.78,NA,NA,NA,NA,NA,NA,NA,NA,NA,NA,NA,0.00,NA,NA,NA
2025-11-06 23:00:00,114.65,206.88,23.16,37.75,38.91,NA,NA,0.72,8.14,NA,NA,NA,NA,NA,NA,NA,NA,NA,NA,NA,0.00,NA,NA,NA
2025-11-07 00:00:00,145.80,255.02,21.58,32.15,34.64,NA,NA,0.73,8.60,NA,NA,NA,NA,NA,NA,NA,NA,NA,NA,NA,0.00,NA,NA,NA
2025-11-07 01:00:00,224.32,331.58,17.70,28.20,29.39,NA,NA,0.77,9.30,NA,NA,NA,NA,NA,NA,NA,NA,NA,NA,NA,0.00,NA,NA,NA
2025-11-07 02:00:00,226.35,354.28,17.15,26.79,28.19,NA,NA,0.79,8.16,NA,NA,NA,NA,NA,NA,NA,NA,NA,NA,NA,0.00,NA,NA,NA
2025-11-07 03:00:00,280.50,429.22,17.14,23.73,26.56,NA,NA,0.80,8.67,NA,NA,NA,NA,NA,NA,NA,NA,NA,NA,NA,0.00,NA,NA,NA
2025-11-07 04:00:00,348.40,443.72,18.77,22.66,27.32,NA,NA,0.88,9.65,NA,NA,NA,NA,NA,NA,NA,NA,NA,NA,NA,0.00,NA,NA,NA
2025-11-07 05:00:00,377.68,544.57,17.33,23.13,26.40,NA,NA,0.92,12.36,NA,NA,NA,NA,NA,NA,NA,NA,NA,NA,NA,0.00,NA,NA,NA
2025-11-07 06:00:00,398.90,522.50,18.96,22.91,27.60,NA,NA,0.90,11.28,NA,NA,NA,NA,NA,NA,NA,NA,NA,NA,NA,0.00,NA,NA,NA
2025-11-07 07:00:00,290.32,461.80,25.76,25.87,34.70,NA,NA,0.87,10.80,NA,NA,NA,NA,NA,NA,NA,NA,NA,NA,NA,0.00,NA,NA,NA
2025-11-07 08:00:00,203.75,360.55,18.05,28.01,29.57,NA,NA,0.80,25.13,NA,NA,NA,NA,NA,NA,NA,NA,NA,NA,NA,0.00,NA,NA,NA
2025-11-07 09:00:00,207.32,350.45,12.88,26.00,24.30,NA,NA,0.75,47.44,NA,NA,NA,NA,NA,NA,NA,NA,NA,NA,NA,0.00,NA,NA,NA
2025-11-07 10:00:00,193.92,385.58,9.78,21.90,19.60,NA,NA,0.71,82.61,NA,NA,NA,NA,NA,NA,NA,NA,NA,NA,NA,0.00,NA,NA,NA
2025-11-07 11:00:00,178.12,374.40,17.20,13.07,20.93,NA,NA,0.66,108.68,NA,NA,NA,NA,NA,NA,NA,NA,NA,NA,NA,0.00,NA,NA,NA
2025-11-07 12:00:00,172.60,199.73,14.14,16.06,20.04,NA,NA,0.66,125.95,NA,NA,NA,NA,NA,NA,NA,NA,NA,NA,NA,0.00,NA,NA,NA
2025-11-07 13:00:00,147.70,220.62,12.88,15.21,18.56,NA,NA,0.59,128.84,NA,NA,NA,NA,NA,NA,NA,NA,NA,NA,NA,0.00,NA,NA,NA
2025-11-07 14:00:00,116.78,225.58,11.54,14.97,17.35,NA,NA,0.52,122.01,NA,NA,NA,NA,NA,NA,NA,NA,NA,NA,NA,0.00,NA,NA,NA
2025-11-07 15:00:00,91.28,187.85,9.41,18.06,17.26,NA,NA,NA,116.60,NA,NA,NA,NA,NA,NA,NA,NA,NA,NA,NA,0.00,NA,NA,NA
2025-11-07 16:00:00,87.32,170.20,10.57,23.88,21.30,NA,NA,0.39,90.54,NA,NA,NA,NA,NA,NA,NA,NA,NA,NA,NA,0.00,NA,NA,NA
2025-11-07 17:00:00,86.65,224.02,11.25,49.55,35.52,NA,NA,0.61,31.99,NA,NA,NA,NA,NA,NA,NA,NA,NA,NA,NA,0.00,NA,NA,NA
2025-11-07 18:00:00,81.68,195.95,35.54,58.96,60.27,NA,NA,0.93,11.25,NA,NA,NA,NA,NA,NA,NA,NA,NA,NA,NA,0.00,NA,NA,NA
2025-11-07 19:00:00,71.82,196.15,53.28,54.55,72.34,NA,NA,1.07,11.60,NA,NA,NA,NA,NA,NA,NA,NA,NA,NA,NA,0.00,NA,NA,NA
2025-11-07 20:00:00,99.20,206.20,74.27,48.83,86.38,NA,NA,1.24,8.81,NA,NA,NA,NA,NA,NA,NA,NA,NA,NA,NA,0.00,NA,NA,NA
2025-11-07 21:00:00,130.75,265.62,88.21,46.80,96.61,NA,NA,1.38,9.59,NA,NA,NA,NA,NA,NA,NA,NA,NA,NA,NA,0.00,NA,NA,NA
2025-11-07 22:00:00,150.40,326.35,81.94,44.16,90.10,NA,NA,1.41,10.60,NA,NA,NA,NA,NA,NA,NA,NA,NA,NA,NA,0.00,NA,NA,NA
2025-11-07 23:00:00,143.22,292.88,67.26,40.48,76.20,NA,NA,1.28,9.54,NA,NA,NA,NA,NA,NA,NA,NA,NA,NA,NA,0.00,NA,NA,NA
2025-11-08 00:00:00,148.88,274.08,58.75,37.71,67.82,NA,NA,1.15,7.18,NA,NA,NA,NA,NA,NA,NA,NA,NA,NA,NA,0.00,NA,NA,NA
2025-11-08 01:00:00,172.95,291.70,42.86,37.53,54.80,NA,NA,1.00,10.15,NA,NA,NA,NA,NA,NA,NA,NA,NA,NA,NA,0.00,NA,NA,NA
2025-11-08 02:00:00,175.75,286.80,29.14,37.04,43.38,NA,NA,0.91,11.58,NA,NA,NA,NA,NA,NA,NA,NA,NA,NA,NA,0.00,NA,NA,NA
2025-11-08 03:00:00,219.25,333.08,23.41,34.52,37.39,NA,NA,0.86,10.27,NA,NA,NA,NA,NA,NA,NA,NA,NA,NA,NA,0.00,NA,NA,NA
2025-11-08 04:00:00,261.55,421.02,21.22,29.41,32.90,NA,NA,0.84,10.91,NA,NA,NA,NA,NA,NA,NA,NA,NA,NA,NA,0.00,NA,NA,NA
2025-11-08 05:00:00,325.10,416.18,27.04,27.29,36.50,NA,NA,0.84,10.11,NA,NA,NA,NA,NA,NA,NA,NA,NA,NA,NA,0.00,NA,NA,NA
2025-11-08 06:00:00,282.52,424.45,24.34,28.18,34.77,NA,NA,0.81,8.53,NA,NA,NA,NA,NA,NA,NA,NA,NA,NA,NA,0.00,NA,NA,NA
2025-11-08 07:00:00,267.52,417.78,31.23,24.97,38.68,NA,NA,0.84,11.18,NA,NA,NA,NA,NA,NA,NA,NA,NA,NA,NA,0.00,NA,NA,NA
2025-11-08 08:00:00,272.98,356.90,35.22,38.04,48.86,NA,NA,0.86,14.73,NA,NA,NA,NA,NA,NA,NA,NA,NA,NA,NA,0.00,NA,NA,NA
2025-11-08 09:00:00,278.38,459.00,14.52,31.46,28.53,NA,NA,0.80,42.83,NA,NA,NA,NA,NA,NA,NA,NA,NA,NA,NA,0.00,NA,NA,NA
2025-11-08 10:00:00,343.95,517.00,9.82,27.28,22.49,NA,NA,0.81,76.98,NA,NA,NA,NA,NA,NA,NA,NA,NA,NA,NA,0.00,NA,NA,NA
2025-11-08 11:00:00,298.92,496.27,7.52,18.22,15.80,NA,NA,0.66,105.60,NA,NA,NA,NA,NA,NA,NA,NA,NA,NA,NA,0.00,NA,NA,NA
2025-11-08 12:00:00,214.72,401.20,6.88,16.25,14.24,NA,NA,0.61,117.00,NA,NA,NA,NA,NA,NA,NA,NA,NA,NA,NA,0.00,NA,NA,NA
2025-11-08 13:00:00,228.77,391.18,7.30,16.30,14.60,NA,NA,0.57,120.06,NA,NA,NA,NA,NA,NA,NA,NA,NA,NA,NA,0.00,NA,NA,NA
2025-11-08 14:00:00,191.65,344.50,7.70,16.29,14.92,NA,NA,0.53,122.81,NA,NA,NA,NA,NA,NA,NA,NA,NA,NA,NA,0.00,NA,NA,NA
2025-11-08 15:00:00,162.00,312.68,8.38,17.30,16.02,NA,NA,0.48,111.82,NA,NA,NA,NA,NA,NA,NA,NA,NA,NA,NA,0.00,NA,NA,NA
2025-11-08 16:00:00,144.98,292.15,7.80,24.48,19.37,NA,NA,0.55,77.36,NA,NA,NA,NA,NA,NA,NA,NA,NA,NA,NA,0.00,NA,NA,NA
2025-11-08 17:00:00,164.10,279.12,11.45,54.79,38.46,NA,NA,0.70,17.62,NA,NA,NA,NA,NA,NA,NA,NA,NA,NA,NA,0.00,NA,NA,NA
2025-11-08 18:00:00,154.90,272.52,30.54,59.15,56.31,NA,NA,0.89,5.24,NA,NA,NA,NA,NA,NA,NA,NA,NA,NA,NA,0.00,NA,NA,NA
2025-11-08 19:00:00,154.98,298.23,70.07,53.46,85.41,NA,NA,1.19,6.57,NA,NA,NA,NA,NA,NA,NA,NA,NA,NA,NA,0.00,NA,NA,NA
2025-11-08 20:00:00,152.20,303.92,91.70,47.90,100.03,NA,NA,1.36,6.65,NA,NA,NA,NA,NA,NA,NA,NA,NA,NA,NA,0.00,NA,NA,NA
2025-11-08 21:00:00,187.40,315.35,99.68,45.83,105.41,NA,NA,1.47,5.42,NA,NA,NA,NA,NA,NA,NA,NA,NA,NA,NA,0.00,NA,NA,NA
2025-11-08 22:00:00,213.95,384.82,77.58,46.37,87.73,NA,NA,1.43,6.94,NA,NA,NA,NA,NA,NA,NA,NA,NA,NA,NA,0.00,NA,NA,NA
2025-11-08 23:00:00,214.00,360.67,76.89,41.33,84.50,NA,NA,1.49,7.35,NA,NA,NA,NA,NA,NA,NA,NA,NA,NA,NA,0.00,NA,NA,NA
2025-11-09 00:00:00,201.88,328.25,66.20,41.97,76.14,NA,NA,1.38,6.04,NA,NA,NA,NA,NA,NA,NA,NA,NA,NA,NA,0.00,NA,NA,NA
2025-11-09 01:00:00,234.75,359.38,49.73,42.62,63.10,NA,NA,1.25,5.50,NA,NA,NA,NA,NA,NA,NA,NA,NA,NA,NA,0.00,NA,NA,NA
2025-11-09 02:00:00,237.40,347.70,35.51,41.92,51.16,NA,NA,1.14,9.31,NA,NA,NA,NA,NA,NA,NA,NA,NA,NA,NA,0.00,NA,NA,NA
2025-11-09 03:00:00,216.15,353.20,29.03,39.63,44.68,NA,NA,1.03,7.62,NA,NA,NA,NA,NA,NA,NA,NA,NA,NA,NA,0.00,NA,NA,NA
2025-11-09 04:00:00,258.08,385.40,27.01,35.72,40.96,NA,NA,0.96,8.88,NA,NA,NA,NA,NA,NA,NA,NA,NA,NA,NA,0.00,NA,NA,NA
2025-11-09 05:00:00,287.28,375.85,19.48,32.59,33.17,NA,NA,0.89,7.89,NA,NA,NA,NA,NA,NA,NA,NA,NA,NA,NA,0.00,NA,NA,NA
2025-11-09 06:00:00,276.98,423.90,15.77,30.38,28.98,NA,NA,0.86,7.90,NA,NA,NA,NA,NA,NA,NA,NA,NA,NA,NA,0.00,NA,NA,NA
2025-11-09 07:00:00,243.05,349.05,25.40,29.76,36.48,NA,NA,0.84,10.26,NA,NA,NA,NA,NA,NA,NA,NA,NA,NA,NA,0.00,NA,NA,NA
2025-11-09 08:00:00,254.80,385.08,19.05,39.88,36.70,NA,NA,0.82,19.50,NA,NA,NA,NA,NA,NA,NA,NA,NA,NA,NA,0.00,NA,NA,NA
2025-11-09 09:00:00,265.55,430.48,11.69,32.73,26.91,NA,NA,0.76,47.08,NA,NA,NA,NA,NA,NA,NA,NA,NA,NA,NA,0.00,NA,NA,NA
2025-11-09 10:00:00,227.65,359.62,8.89,21.95,18.90,NA,NA,0.67,73.16,NA,NA,NA,NA,NA,NA,NA,NA,NA,NA,NA,0.00,NA,NA,NA
2025-11-09 11:00:00,182.80,329.62,7.80,18.50,16.18,NA,NA,0.59,98.44,NA,NA,NA,NA,NA,NA,NA,NA,NA,NA,NA,0.00,NA,NA,NA
2025-11-09 12:00:00,147.20,279.45,8.53,16.45,15.68,NA,NA,0.55,111.50,NA,NA,NA,NA,NA,NA,NA,NA,NA,NA,NA,0.00,NA,NA,NA
2025-11-09 13:00:00,144.57,261.47,8.40,15.95,15.32,NA,NA,0.52,120.88,NA,NA,NA,NA,NA,NA,NA,NA,NA,NA,NA,0.00,NA,NA,NA
2025-11-09 14:00:00,113.02,208.08,9.06,13.76,14.68,NA,NA,0.42,113.66,NA,NA,NA,NA,NA,NA,NA,NA,NA,NA,NA,0.00,NA,NA,NA
2025-11-09 15:00:00,81.70,156.75,9.04,14.66,15.15,NA,NA,0.39,110.90,NA,NA,NA,NA,NA,NA,NA,NA,NA,NA,NA,0.00,NA,NA,NA
2025-11-09 16:00:00,93.98,155.85,8.65,20.60,17.99,NA,NA,0.42,87.30,NA,NA,NA,NA,NA,NA,NA,NA,NA,NA,NA,0.00,NA,NA,NA
2025-11-09 17:00:00,82.90,144.80,11.92,47.52,34.98,NA,NA,0.55,20.86,NA,NA,NA,NA,NA,NA,NA,NA,NA,NA,NA,0.00,NA,NA,NA
2025-11-09 18:00:00,85.78,184.10,36.87,56.33,59.94,NA,NA,0.80,10.96,NA,NA,NA,NA,NA,NA,NA,NA,NA,NA,NA,0.00,NA,NA,NA
2025-11-09 19:00:00,101.15,214.62,63.83,53.66,80.44,NA,NA,1.02,9.11,NA,NA,NA,NA,NA,NA,NA,NA,NA,NA,NA,0.00,NA,NA,NA
2025-11-09 20:00:00,124.42,252.88,60.41,52.44,77.00,NA,NA,1.16,10.90,NA,NA,NA,NA,NA,NA,NA,NA,NA,NA,NA,0.00,NA,NA,NA
2025-11-09 21:00:00,140.85,248.30,53.18,52.48,71.15,NA,NA,1.15,10.58,NA,NA,NA,NA,NA,NA,NA,NA,NA,NA,NA,0.00,NA,NA,NA
2025-11-09 22:00:00,152.55,297.80,49.13,51.60,67.39,NA,NA,1.16,10.66,NA,NA,NA,NA,NA,NA,NA,NA,NA,NA,NA,0.00,NA,NA,NA
2025-11-09 23:00:00,159.43,298.27,46.46,49.75,64.24,NA,NA,1.18,9.12,NA,NA,NA,NA,NA,NA,NA,NA,NA,NA,NA,0.00,NA,NA,NA
2025-11-10 00:00:00,NA,NA,NA,NA,NA,NA,NA,NA,NA,NA,NA,NA,NA,NA,NA,NA,NA,NA,NA,NA,0.00,NA,NA,NA
2025-11-10 01:00:00,201.40,254.25,135.80,27.19,112.32,NA,NA,1.46,5.82,NA,NA,NA,NA,NA,NA,NA,NA,NA,NA,NA,0.00,NA,NA,NA
2025-11-10 02:00:00,158.40,NA,41.86,38.00,54.25,NA,NA,1.22,7.12,NA,NA,NA,NA,NA,NA,NA,NA,NA,NA,NA,0.00,NA,NA,NA
2025-11-10 03:00:00,NA,NA,39.90,35.40,51.26,NA,NA,1.06,6.92,NA,NA,NA,NA,NA,NA,NA,NA,NA,NA,NA,0.00,NA,NA,NA
2025-11-10 04:00:00,NA,NA,30.38,32.70,42.09,NA,NA,0.98,8.59,NA,NA,NA,NA,NA,NA,NA,NA,NA,NA,NA,0.00,NA,NA,NA
2025-11-10 05:00:00,225.22,290.50,29.36,27.97,38.75,NA,NA,1.02,7.48,NA,NA,NA,NA,NA,NA,NA,NA,NA,NA,NA,0.00,NA,NA,NA
2025-11-10 06:00:00,266.10,342.70,33.86,26.65,41.71,NA,NA,0.95,5.60,NA,NA,NA,NA,NA,NA,NA,NA,NA,NA,NA,0.00,NA,NA,NA
2025-11-10 07:00:00,242.80,315.02,44.35,28.09,51.00,NA,NA,0.97,8.48,NA,NA,NA,NA,NA,NA,NA,NA,NA,NA,NA,0.00,NA,NA,NA
2025-11-10 08:00:00,206.02,351.80,36.40,44.60,53.31,NA,NA,0.99,15.19,NA,NA,NA,NA,NA,NA,NA,NA,NA,NA,NA,0.00,NA,NA,NA
2025-11-10 09:00:00,249.62,393.38,21.62,50.28,44.32,NA,NA,0.94,37.61,NA,NA,NA,NA,NA,NA,NA,NA,NA,NA,NA,0.00,NA,NA,NA
2025-11-10 10:00:00,285.23,445.05,15.66,37.12,32.48,NA,NA,0.90,63.58,NA,NA,NA,NA,NA,NA,NA,NA,NA,NA,NA,0.00,NA,NA,NA
2025-11-10 11:00:00,236.98,427.52,11.65,28.60,24.68,NA,NA,0.84,95.87,NA,NA,NA,NA,NA,NA,NA,NA,NA,NA,NA,0.00,NA,NA,NA
2025-11-10 12:00:00,199.85,358.40,8.87,20.31,18.02,NA,NA,0.65,118.91,NA,NA,NA,NA,NA,NA,NA,NA,NA,NA,NA,0.00,NA,NA,NA
2025-11-10 13:00:00,212.27,344.35,9.66,22.48,19.81,NA,NA,0.63,131.89,NA,NA,NA,NA,NA,NA,NA,NA,NA,NA,NA,0.00,NA,NA,NA
2025-11-10 14:00:00,224.30,372.20,9.57,23.34,20.20,NA,NA,0.62,124.18,NA,NA,NA,NA,NA,NA,NA,NA,NA,NA,NA,0.00,NA,NA,NA
2025-11-10 15:00:00,NA,NA,8.97,28.35,22.37,NA,NA,0.70,117.32,NA,NA,NA,NA,NA,NA,NA,NA,NA,NA,NA,0.00,NA,NA,NA
2025-11-10 16:00:00,NA,NA,10.15,38.12,28.53,NA,NA,0.76,79.71,NA,NA,NA,NA,NA,NA,NA,NA,NA,NA,NA,0.00,NA,NA,NA
2025-11-10 17:00:00,261.65,392.62,15.80,66.23,48.08,NA,NA,1.04,19.50,NA,NA,NA,NA,NA,NA,NA,NA,NA,NA,NA,0.00,NA,NA,NA
2025-11-10 18:00:00,226.25,357.48,48.50,67.82,75.51,NA,NA,1.36,11.40,NA,NA,NA,NA,NA,NA,NA,NA,NA,NA,NA,0.00,NA,NA,NA
2025-11-10 19:00:00,226.35,383.33,90.29,57.66,104.09,NA,NA,1.62,9.61,NA,NA,NA,NA,NA,NA,NA,NA,NA,NA,NA,0.00,NA,NA,NA
2025-11-10 20:00:00,247.95,370.48,95.73,49.31,104.05,NA,NA,1.67,7.11,NA,NA,NA,NA,NA,NA,NA,NA,NA,NA,NA,0.00,NA,NA,NA
2025-11-10 21:00:00,261.10,394.98,75.39,48.30,86.98,NA,NA,1.61,7.41,NA,NA,NA,NA,NA,NA,NA,NA,NA,NA,NA,0.00,NA,NA,NA
2025-11-10 22:00:00,305.35,427.78,65.30,45.76,77.43,NA,NA,1.67,6.64,NA,NA,NA,NA,NA,NA,NA,NA,NA,NA,NA,0.00,NA,NA,NA
2025-11-10 23:00:00,305.48,394.28,64.14,39.46,73.13,NA,NA,1.65,6.69,NA,NA,NA,NA,NA,NA,NA,NA,NA,NA,NA,0.00,NA,NA,NA
2025-11-11 00:00:00,305.27,464.90,65.13,33.83,70.94,NA,NA,1.65,5.99,NA,NA,NA,NA,NA,NA,NA,NA,NA,NA,NA,0.00,NA,NA,NA
2025-11-11 01:00:00,330.80,416.72,62.41,30.88,67.17,NA,NA,1.65,6.98,NA,NA,NA,NA,NA,NA,NA,NA,NA,NA,NA,0.00,NA,NA,NA
2025-11-11 02:00:00,336.32,459.42,59.36,30.74,64.61,NA,NA,1.60,6.45,NA,NA,NA,NA,NA,NA,NA,NA,NA,NA,NA,0.00,NA,NA,NA
2025-11-11 03:00:00,311.42,427.22,53.65,29.69,59.41,NA,NA,1.52,4.97,NA,NA,NA,NA,NA,NA,NA,NA,NA,NA,NA,0.00,NA,NA,NA
2025-11-11 04:00:00,376.15,475.62,47.19,29.89,54.26,NA,NA,1.42,4.97,NA,NA,NA,NA,NA,NA,NA,NA,NA,NA,NA,0.00,NA,NA,NA
2025-11-11 05:00:00,349.70,464.65,39.85,28.67,47.64,NA,NA,1.30,6.60,NA,NA,NA,NA,NA,NA,NA,NA,NA,NA,NA,0.00,NA,NA,NA
2025-11-11 06:00:00,343.80,457.78,34.99,28.29,43.50,NA,NA,1.21,5.88,NA,NA,NA,NA,NA,NA,NA,NA,NA,NA,NA,0.00,NA,NA,NA
2025-11-11 07:00:00,327.00,436.02,37.65,29.25,46.17,NA,NA,1.14,6.46,NA,NA,NA,NA,NA,NA,NA,NA,NA,NA,NA,0.00,NA,NA,NA
2025-11-11 08:00:00,291.73,431.65,28.19,38.88,43.60,NA,NA,1.09,16.09,NA,NA,NA,NA,NA,NA,NA,NA,NA,NA,NA,0.00,NA,NA,NA
2025-11-11 09:00:00,336.20,509.10,20.47,47.00,41.64,NA,NA,1.08,36.58,NA,NA,NA,NA,NA,NA,NA,NA,NA,NA,NA,0.00,NA,NA,NA
2025-11-11 10:00:00,320.98,479.15,16.18,44.83,37.00,NA,NA,1.00,61.39,NA,NA,NA,NA,NA,NA,NA,NA,NA,NA,NA,0.00,NA,NA,NA
2025-11-11 11:00:00,256.67,435.75,12.86,29.50,26.15,NA,NA,0.88,94.84,NA,NA,NA,NA,NA,NA,NA,NA,NA,NA,NA,0.00,NA,NA,NA
2025-11-11 12:00:00,227.85,370.40,9.38,24.85,20.84,NA,NA,0.73,121.37,NA,NA,NA,NA,NA,NA,NA,NA,NA,NA,NA,0.00,NA,NA,NA
2025-11-11 13:00:00,208.15,354.13,9.66,23.81,20.52,NA,NA,0.62,132.19,NA,NA,NA,NA,NA,NA,NA,NA,NA,NA,NA,0.00,NA,NA,NA
2025-11-11 14:00:00,204.40,338.45,10.85,22.43,20.75,NA,NA,0.67,123.34,NA,NA,NA,NA,NA,NA,NA,NA,NA,NA,NA,0.00,NA,NA,NA
2025-11-11 15:00:00,149.12,260.90,11.79,23.86,22.27,NA,NA,0.68,110.43,NA,NA,NA,NA,NA,NA,NA,NA,NA,NA,NA,0.00,NA,NA,NA
2025-11-11 16:00:00,141.85,263.92,19.68,11.36,22.02,NA,NA,0.83,66.77,NA,NA,NA,NA,NA,NA,NA,NA,NA,NA,NA,0.00,NA,NA,NA
2025-11-11 17:00:00,142.05,221.60,13.85,54.24,40.12,NA,NA,1.00,34.52,NA,NA,NA,NA,NA,NA,NA,NA,NA,NA,NA,0.00,NA,NA,NA
2025-11-11 18:00:00,137.53,197.30,51.32,63.20,75.35,NA,NA,1.40,11.50,NA,NA,NA,NA,NA,NA,NA,NA,NA,NA,NA,0.00,NA,NA,NA
2025-11-11 19:00:00,138.78,226.68,68.56,55.86,85.46,NA,NA,1.63,9.44,NA,NA,NA,NA,NA,NA,NA,NA,NA,NA,NA,0.00,NA,NA,NA
2025-11-11 20:00:00,144.85,239.80,76.02,49.88,88.33,NA,NA,1.74,9.09,NA,NA,NA,NA,NA,NA,NA,NA,NA,NA,NA,0.00,NA,NA,NA
2025-11-11 21:00:00,150.38,288.70,55.41,51.09,72.22,NA,NA,1.60,9.49,NA,NA,NA,NA,NA,NA,NA,NA,NA,NA,NA,0.00,NA,NA,NA
2025-11-11 22:00:00,193.68,313.30,64.61,46.19,77.11,NA,NA,1.65,7.23,NA,NA,NA,NA,NA,NA,NA,NA,NA,NA,NA,0.00,NA,NA,NA
2025-11-11 23:00:00,232.22,341.72,63.58,40.69,73.32,NA,NA,1.66,8.00,NA,NA,NA,NA,NA,NA,NA,NA,NA,NA,NA,0.00,NA,NA,NA
2025-11-12 00:00:00,283.50,412.20,44.36,39.89,57.28,NA,NA,1.60,7.45,NA,NA,NA,NA,NA,NA,NA,NA,NA,NA,NA,0.00,NA,NA,NA
2025-11-12 01:00:00,353.42,469.68,40.46,34.54,51.26,NA,NA,1.52,7.44,NA,NA,NA,NA,NA,NA,NA,NA,NA,NA,NA,0.00,NA,NA,NA
2025-11-12 02:00:00,395.58,502.10,34.70,30.74,44.55,NA,NA,1.54,5.74,NA,NA,NA,NA,NA,NA,NA,NA,NA,NA,NA,0.00,NA,NA,NA
2025-11-12 03:00:00,434.48,522.25,28.31,27.16,37.46,NA,NA,1.53,6.12,NA,NA,NA,NA,NA,NA,NA,NA,NA,NA,NA,0.00,NA,NA,NA
2025-11-12 04:00:00,448.70,550.17,29.84,29.05,39.72,NA,NA,1.50,5.06,NA,NA,NA,NA,NA,NA,NA,NA,NA,NA,NA,0.00,NA,NA,NA
2025-11-12 05:00:00,425.52,574.72,32.03,33.69,43.96,NA,NA,1.44,4.01,NA,NA,NA,NA,NA,NA,NA,NA,NA,NA,NA,0.00,NA,NA,NA
2025-11-12 06:00:00,453.88,597.08,26.46,31.49,38.26,NA,NA,1.38,6.80,NA,NA,NA,NA,NA,NA,NA,NA,NA,NA,NA,0.00,NA,NA,NA
2025-11-12 07:00:00,365.52,515.60,24.76,30.03,36.11,NA,NA,1.33,6.45,NA,NA,NA,NA,NA,NA,NA,NA,NA,NA,NA,0.00,NA,NA,NA
2025-11-12 08:00:00,351.75,500.40,23.30,30.82,35.34,NA,NA,1.28,19.30,NA,NA,NA,NA,NA,NA,NA,NA,NA,NA,NA,0.00,NA,NA,NA
2025-11-12 09:00:00,403.75,566.40,29.77,34.24,42.42,NA,NA,1.28,42.70,NA,NA,NA,NA,NA,NA,NA,NA,NA,NA,NA,0.00,NA,NA,NA
2025-11-12 10:00:00,366.98,546.83,23.93,27.62,34.14,NA,NA,1.21,68.42,NA,NA,NA,NA,NA,NA,NA,NA,NA,NA,NA,0.00,NA,NA,NA
2025-11-12 11:00:00,337.35,520.33,25.05,24.03,33.15,NA,NA,1.13,97.78,NA,NA,NA,NA,NA,NA,NA,NA,NA,NA,NA,0.00,NA,NA,NA
2025-11-12 12:00:00,271.73,417.37,27.07,18.88,32.06,NA,NA,1.04,120.78,NA,NA,NA,NA,NA,NA,NA,NA,NA,NA,NA,0.00,NA,NA,NA
2025-11-12 13:00:00,236.40,398.48,25.89,17.39,30.30,NA,NA,0.98,125.18,NA,NA,NA,NA,NA,NA,NA,NA,NA,NA,NA,0.00,NA,NA,NA
2025-11-12 14:00:00,187.15,335.90,25.21,15.43,28.70,NA,NA,0.86,120.20,NA,NA,NA,NA,NA,NA,NA,NA,NA,NA,NA,0.00,NA,NA,NA
2025-11-12 15:00:00,147.22,279.50,24.05,16.98,28.59,NA,NA,0.86,114.87,NA,NA,NA,NA,NA,NA,NA,NA,NA,NA,NA,0.00,NA,NA,NA
2025-11-12 16:00:00,143.50,284.92,28.34,25.98,36.86,NA,NA,0.92,76.34,NA,NA,NA,NA,NA,NA,NA,NA,NA,NA,NA,0.00,NA,NA,NA
2025-11-12 17:00:00,166.73,278.45,30.52,52.62,52.81,NA,NA,1.11,24.39,NA,NA,NA,NA,NA,NA,NA,NA,NA,NA,NA,0.00,NA,NA,NA
2025-11-12 18:00:00,149.00,255.30,57.88,58.78,78.33,NA,NA,1.42,9.93,NA,NA,NA,NA,NA,NA,NA,NA,NA,NA,NA,0.00,NA,NA,NA
2025-11-12 19:00:00,152.52,268.60,62.29,51.26,77.91,NA,NA,1.57,7.91,NA,NA,NA,NA,NA,NA,NA,NA,NA,NA,NA,0.00,NA,NA,NA
2025-11-12 20:00:00,142.50,277.38,94.44,40.21,98.19,NA,NA,1.76,7.42,NA,NA,NA,NA,NA,NA,NA,NA,NA,NA,NA,0.00,NA,NA,NA
2025-11-12 21:00:00,160.32,286.45,135.40,31.13,126.66,NA,NA,1.97,6.17,NA,NA,NA,NA,NA,NA,NA,NA,NA,NA,NA,0.00,NA,NA,NA
2025-11-12 22:00:00,202.10,305.02,148.47,23.57,133.24,NA,NA,2.16,6.84,NA,NA,NA,NA,NA,NA,NA,NA,NA,NA,NA,0.00,NA,NA,NA
2025-11-12 23:00:00,205.12,338.72,142.18,20.40,126.45,NA,NA,2.20,4.56,NA,NA,NA,NA,NA,NA,NA,NA,NA,NA,NA,0.00,NA,NA,NA
2025-11-13 00:00:00,228.95,359.83,104.34,25.99,98.64,NA,NA,2.13,4.42,NA,NA,NA,NA,NA,NA,NA,NA,NA,NA,NA,0.00,NA,NA,NA
2025-11-13 01:00:00,259.10,371.85,92.62,28.66,90.54,NA,NA,1.97,3.56,NA,NA,NA,NA,NA,NA,NA,NA,NA,NA,NA,0.00,NA,NA,NA
2025-11-13 02:00:00,291.05,412.28,93.09,27.59,90.36,NA,NA,1.83,3.35,NA,NA,NA,NA,NA,NA,NA,NA,NA,NA,NA,0.00,NA,NA,NA
2025-11-13 03:00:00,271.25,367.55,73.00,25.34,72.82,NA,NA,1.67,1.86,NA,NA,NA,NA,NA,NA,NA,NA,NA,NA,NA,0.00,NA,NA,NA
2025-11-13 04:00:00,286.27,428.42,63.70,24.42,64.78,NA,NA,1.51,3.34,NA,NA,NA,NA,NA,NA,NA,NA,NA,NA,NA,0.00,NA,NA,NA
2025-11-13 05:00:00,304.42,393.15,49.62,22.33,52.22,NA,NA,1.40,3.53,NA,NA,NA,NA,NA,NA,NA,NA,NA,NA,NA,0.00,NA,NA,NA
2025-11-13 06:00:00,249.20,344.55,57.25,20.64,57.52,NA,NA,1.32,2.42,NA,NA,NA,NA,NA,NA,NA,NA,NA,NA,NA,0.00,NA,NA,NA
2025-11-13 07:00:00,224.58,385.55,55.38,20.45,55.90,NA,NA,1.32,4.92,NA,NA,NA,NA,NA,NA,NA,NA,NA,NA,NA,0.00,NA,NA,NA
2025-11-13 08:00:00,269.00,374.52,58.45,34.31,65.74,NA,NA,1.38,4.76,NA,NA,NA,NA,NA,NA,NA,NA,NA,NA,NA,0.00,NA,NA,NA
2025-11-13 09:00:00,318.65,540.00,31.04,44.14,48.72,NA,NA,1.36,17.66,NA,NA,NA,NA,NA,NA,NA,NA,NA,NA,NA,0.00,NA,NA,NA
2025-11-13 10:00:00,311.15,521.70,22.12,41.10,39.82,NA,NA,1.26,49.79,NA,NA,NA,NA,NA,NA,NA,NA,NA,NA,NA,0.00,NA,NA,NA
2025-11-13 11:00:00,304.60,487.92,12.03,30.28,25.88,NA,NA,1.04,83.30,NA,NA,NA,NA,NA,NA,NA,NA,NA,NA,NA,0.00,NA,NA,NA
2025-11-13 12:00:00,232.27,412.50,10.51,23.78,21.19,NA,NA,0.93,108.18,NA,NA,NA,NA,NA,NA,NA,NA,NA,NA,NA,0.00,NA,NA,NA
2025-11-13 13:00:00,243.00,376.43,12.06,21.44,21.21,NA,NA,0.96,119.27,NA,NA,NA,NA,NA,NA,NA,NA,NA,NA,NA,0.00,NA,NA,NA
2025-11-13 14:00:00,252.33,341.80,8.09,21.69,18.12,NA,NA,0.96,128.45,NA,NA,NA,NA,NA,NA,NA,NA,NA,NA,NA,0.00,NA,NA,NA
2025-11-13 15:00:00,220.92,333.85,7.14,20.97,16.96,NA,NA,0.93,109.74,NA,NA,NA,NA,NA,NA,NA,NA,NA,NA,NA,0.00,NA,NA,NA
2025-11-13 16:00:00,189.10,338.52,6.70,28.64,20.68,NA,NA,1.00,76.07,NA,NA,NA,NA,NA,NA,NA,NA,NA,NA,NA,0.00,NA,NA,NA
2025-11-13 17:00:00,208.88,325.78,8.92,52.10,34.96,NA,NA,1.16,30.20,NA,NA,NA,NA,NA,NA,NA,NA,NA,NA,NA,0.00,NA,NA,NA
2025-11-13 18:00:00,201.68,317.15,34.79,58.12,59.20,NA,NA,1.42,17.48,NA,NA,NA,NA,NA,NA,NA,NA,NA,NA,NA,0.00,NA,NA,NA
2025-11-13 19:00:00,196.15,342.50,49.24,56.40,70.03,NA,NA,1.56,11.61,NA,NA,NA,NA,NA,NA,NA,NA,NA,NA,NA,0.00,NA,NA,NA
2025-11-13 20:00:00,196.48,328.55,51.53,53.02,70.10,NA,NA,1.61,9.85,NA,NA,NA,NA,NA,NA,NA,NA,NA,NA,NA,0.00,NA,NA,NA
2025-11-13 21:00:00,213.98,301.65,36.73,52.20,57.63,NA,NA,1.50,11.23,NA,NA,NA,NA,NA,NA,NA,NA,NA,NA,NA,0.00,NA,NA,NA
2025-11-13 22:00:00,220.25,355.22,31.71,47.57,51.08,NA,NA,1.44,7.02,NA,NA,NA,NA,NA,NA,NA,NA,NA,NA,NA,0.00,NA,NA,NA
2025-11-13 23:00:00,203.35,335.50,49.80,44.15,63.97,NA,NA,1.48,10.76,NA,NA,NA,NA,NA,NA,NA,NA,NA,NA,NA,0.00,NA,NA,NA
2025-11-14 00:00:00,200.08,308.85,35.58,41.87,51.20,NA,NA,1.48,3.88,NA,NA,NA,NA,NA,NA,NA,NA,NA,NA,NA,0.00,NA,NA,NA
2025-11-14 01:00:00,220.02,320.90,43.48,38.91,56.04,NA,NA,1.43,4.85,NA,NA,NA,NA,NA,NA,NA,NA,NA,NA,NA,0.00,NA,NA,NA
2025-11-14 02:00:00,211.20,327.75,27.48,32.46,39.60,NA,NA,1.36,3.78,NA,NA,NA,NA,NA,NA,NA,NA,NA,NA,NA,0.00,NA,NA,NA
2025-11-14 03:00:00,207.38,302.95,32.32,30.83,42.67,NA,NA,1.33,5.16,NA,NA,NA,NA,NA,NA,NA,NA,NA,NA,NA,0.00,NA,NA,NA
2025-11-14 04:00:00,201.72,331.98,28.99,30.72,39.91,NA,NA,1.25,4.81,NA,NA,NA,NA,NA,NA,NA,NA,NA,NA,NA,0.00,NA,NA,NA
2025-11-14 05:00:00,227.37,314.35,30.34,27.31,39.19,NA,NA,1.15,5.97,NA,NA,NA,NA,NA,NA,NA,NA,NA,NA,NA,0.00,NA,NA,NA
2025-11-14 06:00:00,209.68,283.83,32.96,25.30,40.26,NA,NA,1.12,5.74,NA,NA,NA,NA,NA,NA,NA,NA,NA,NA,NA,0.00,NA,NA,NA
2025-11-14 07:00:00,180.70,290.23,48.35,31.20,55.90,NA,NA,1.18,5.89,NA,NA,NA,NA,NA,NA,NA,NA,NA,NA,NA,0.00,NA,NA,NA
2025-11-14 08:00:00,144.45,259.48,43.14,35.04,53.72,NA,NA,1.21,10.46,NA,NA,NA,NA,NA,NA,NA,NA,NA,NA,NA,0.00,NA,NA,NA
2025-11-14 09:00:00,219.90,255.00,23.84,45.58,43.61,NA,NA,1.18,21.54,NA,NA,NA,NA,NA,NA,NA,NA,NA,NA,NA,0.00,NA,NA,NA
2025-11-14 10:00:00,210.98,303.62,16.04,33.56,30.88,NA,NA,1.11,45.23,NA,NA,NA,NA,NA,NA,NA,NA,NA,NA,NA,0.00,NA,NA,NA
2025-11-14 11:00:00,187.88,314.95,13.05,27.69,25.33,NA,NA,1.10,72.01,NA,NA,NA,NA,NA,NA,NA,NA,NA,NA,NA,0.00,NA,NA,NA
2025-11-14 12:00:00,178.12,350.60,13.67,22.64,23.16,NA,NA,1.03,105.76,NA,NA,NA,NA,NA,NA,NA,NA,NA,NA,NA,0.00,NA,NA,NA
2025-11-14 13:00:00,185.05,361.10,20.76,20.26,27.65,NA,NA,0.92,121.19,NA,NA,NA,NA,NA,NA,NA,NA,NA,NA,NA,0.00,NA,NA,NA
2025-11-14 14:00:00,205.42,371.95,17.36,21.76,25.68,NA,NA,0.90,147.57,NA,NA,NA,NA,NA,NA,NA,NA,NA,NA,NA,0.00,NA,NA,NA
2025-11-14 15:00:00,198.08,350.98,16.46,23.74,26.01,NA,NA,0.90,135.82,NA,NA,NA,NA,NA,NA,NA,NA,NA,NA,NA,0.00,NA,NA,NA
2025-11-14 16:00:00,168.68,276.78,18.62,27.13,29.57,NA,NA,0.94,94.82,NA,NA,NA,NA,NA,NA,NA,NA,NA,NA,NA,0.00,NA,NA,NA
2025-11-14 17:00:00,173.85,224.65,13.21,58.48,41.85,NA,NA,1.22,35.01,NA,NA,NA,NA,NA,NA,NA,NA,NA,NA,NA,0.00,NA,NA,NA
2025-11-14 18:00:00,153.17,264.68,31.20,60.26,57.43,NA,NA,1.48,24.46,NA,NA,NA,NA,NA,NA,NA,NA,NA,NA,NA,0.00,NA,NA,NA
2025-11-14 19:00:00,157.22,262.08,71.76,51.58,85.77,NA,NA,1.77,22.79,NA,NA,NA,NA,NA,NA,NA,NA,NA,NA,NA,0.00,NA,NA,NA
2025-11-14 20:00:00,154.88,278.82,72.15,48.97,84.70,NA,NA,1.83,24.55,NA,NA,NA,NA,NA,NA,NA,NA,NA,NA,NA,0.00,NA,NA,NA
2025-11-14 21:00:00,177.12,319.12,63.69,47.50,77.04,NA,NA,1.76,24.08,NA,NA,NA,NA,NA,NA,NA,NA,NA,NA,NA,0.00,NA,NA,NA
2025-11-14 22:00:00,230.00,336.65,50.35,47.66,66.28,NA,NA,1.70,22.29,NA,NA,NA,NA,NA,NA,NA,NA,NA,NA,NA,0.00,NA,NA,NA
2025-11-14 23:00:00,232.62,336.62,46.44,46.24,62.36,NA,NA,1.73,22.86,NA,NA,NA,NA,NA,NA,NA,NA,NA,NA,NA,0.00,NA,NA,NA
2025-11-15 00:00:00,216.22,358.52,50.00,40.32,62.10,NA,NA,1.66,23.84,NA,NA,NA,NA,NA,NA,NA,NA,NA,NA,NA,0.00,NA,NA,NA
2025-11-15 01:00:00,259.90,342.95,42.68,37.12,54.44,NA,NA,1.57,20.64,NA,NA,NA,NA,NA,NA,NA,NA,NA,NA,NA,0.00,NA,NA,NA
2025-11-15 02:00:00,250.65,347.58,44.04,33.84,53.80,NA,NA,1.52,17.12,NA,NA,NA,NA,NA,NA,NA,NA,NA,NA,NA,0.00,NA,NA,NA
2025-11-15 03:00:00,244.95,370.33,41.34,30.34,49.75,NA,NA,1.47,18.98,NA,NA,NA,NA,NA,NA,NA,NA,NA,NA,NA,0.00,NA,NA,NA
2025-11-15 04:00:00,263.55,336.48,43.44,25.47,48.86,NA,NA,1.39,16.40,NA,NA,NA,NA,NA,NA,NA,NA,NA,NA,NA,0.00,NA,NA,NA
2025-11-15 05:00:00,280.00,375.28,44.08,27.60,50.52,NA,NA,1.33,14.69,NA,NA,NA,NA,NA,NA,NA,NA,NA,NA,NA,0.00,NA,NA,NA
2025-11-15 06:00:00,260.70,374.85,50.12,25.30,54.20,NA,NA,1.32,14.32,NA,NA,NA,NA,NA,NA,NA,NA,NA,NA,NA,0.00,NA,NA,NA
2025-11-15 07:00:00,262.95,332.28,68.72,26.20,69.81,NA,NA,1.36,15.97,NA,NA,NA,NA,NA,NA,NA,NA,NA,NA,NA,0.00,NA,NA,NA
2025-11-15 08:00:00,239.25,372.25,62.02,36.15,69.65,NA,NA,1.33,18.56,NA,NA,NA,NA,NA,NA,NA,NA,NA,NA,NA,0.00,NA,NA,NA
2025-11-15 09:00:00,215.92,378.83,37.79,55.90,60.46,NA,NA,1.21,40.30,NA,NA,NA,NA,NA,NA,NA,NA,NA,NA,NA,0.00,NA,NA,NA
2025-11-15 10:00:00,234.95,382.10,22.84,33.94,36.62,NA,NA,1.10,80.31,NA,NA,NA,NA,NA,NA,NA,NA,NA,NA,NA,0.00,NA,NA,NA
2025-11-15 11:00:00,221.68,374.30,14.59,29.52,27.56,NA,NA,1.00,113.60,NA,NA,NA,NA,NA,NA,NA,NA,NA,NA,NA,0.00,NA,NA,NA
2025-11-15 12:00:00,182.52,335.78,13.51,22.77,23.09,NA,NA,0.90,145.10,NA,NA,NA,NA,NA,NA,NA,NA,NA,NA,NA,0.00,NA,NA,NA
2025-11-15 13:00:00,164.60,296.12,13.36,18.91,20.92,NA,NA,0.81,154.26,NA,NA,NA,NA,NA,NA,NA,NA,NA,NA,NA,0.00,NA,NA,NA
2025-11-15 14:00:00,181.18,313.12,12.97,19.16,20.74,NA,NA,0.81,147.96,NA,NA,NA,NA,NA,NA,NA,NA,NA,NA,NA,0.00,NA,NA,NA
2025-11-15 15:00:00,154.77,262.18,11.93,19.58,20.12,NA,NA,0.83,131.16,NA,NA,NA,NA,NA,NA,NA,NA,NA,NA,NA,0.00,NA,NA,NA
2025-11-15 16:00:00,139.85,249.62,11.40,31.00,25.76,NA,NA,0.92,79.39,NA,NA,NA,NA,NA,NA,NA,NA,NA,NA,NA,0.00,NA,NA,NA
2025-11-15 17:00:00,122.57,233.92,13.92,51.96,38.96,NA,NA,1.08,20.37,NA,NA,NA,NA,NA,NA,NA,NA,NA,NA,NA,0.00,NA,NA,NA
2025-11-15 18:00:00,136.45,232.25,44.58,55.68,65.87,NA,NA,1.38,6.17,NA,NA,NA,NA,NA,NA,NA,NA,NA,NA,NA,0.00,NA,NA,NA
2025-11-15 19:00:00,137.70,237.42,73.24,49.84,86.06,NA,NA,1.63,3.29,NA,NA,NA,NA,NA,NA,NA,NA,NA,NA,NA,0.00,NA,NA,NA
2025-11-15 20:00:00,149.30,265.15,75.23,47.09,86.22,NA,NA,1.74,2.97,NA,NA,NA,NA,NA,NA,NA,NA,NA,NA,NA,0.00,NA,NA,NA
2025-11-15 21:00:00,153.80,283.97,91.06,41.56,96.13,NA,NA,1.86,3.01,NA,NA,NA,NA,NA,NA,NA,NA,NA,NA,NA,0.00,NA,NA,NA
2025-11-15 22:00:00,180.72,321.48,69.70,45.13,80.66,NA,NA,1.82,2.89,NA,NA,NA,NA,NA,NA,NA,NA,NA,NA,NA,0.00,NA,NA,NA
2025-11-15 23:00:00,230.87,346.68,66.73,39.44,75.24,NA,NA,1.89,4.50,NA,NA,NA,NA,NA,NA,NA,NA,NA,NA,NA,0.00,NA,NA,NA
2025-11-16 00:00:00,223.68,357.00,64.54,34.29,70.70,NA,NA,1.83,1.23,NA,NA,NA,NA,NA,NA,NA,NA,NA,NA,NA,0.00,NA,NA,NA
2025-11-16 01:00:00,238.72,359.78,62.39,29.40,66.37,NA,NA,1.83,3.02,NA,NA,NA,NA,NA,NA,NA,NA,NA,NA,NA,0.00,NA,NA,NA
2025-11-16 02:00:00,256.65,384.92,54.49,28.41,59.41,NA,NA,1.71,7.21,NA,NA,NA,NA,NA,NA,NA,NA,NA,NA,NA,0.00,NA,NA,NA
2025-11-16 03:00:00,287.33,386.05,50.98,24.82,54.64,NA,NA,1.62,5.27,NA,NA,NA,NA,NA,NA,NA,NA,NA,NA,NA,0.00,NA,NA,NA
2025-11-16 04:00:00,243.88,336.72,55.37,24.36,57.98,NA,NA,1.48,3.96,NA,NA,NA,NA,NA,NA,NA,NA,NA,NA,NA,0.00,NA,NA,NA
2025-11-16 05:00:00,215.28,354.40,59.26,26.38,62.21,NA,NA,1.36,4.13,NA,NA,NA,NA,NA,NA,NA,NA,NA,NA,NA,0.00,NA,NA,NA
2025-11-16 06:00:00,241.42,323.82,51.10,26.62,55.70,NA,NA,1.32,10.57,NA,NA,NA,NA,NA,NA,NA,NA,NA,NA,NA,0.00,NA,NA,NA
2025-11-16 07:00:00,209.38,277.98,51.90,22.73,54.29,NA,NA,1.28,14.35,NA,NA,NA,NA,NA,NA,NA,NA,NA,NA,NA,0.00,NA,NA,NA
2025-11-16 08:00:00,183.88,315.35,39.66,30.21,48.30,NA,NA,1.20,23.92,NA,NA,NA,NA,NA,NA,NA,NA,NA,NA,NA,0.00,NA,NA,NA
2025-11-16 09:00:00,211.90,353.10,29.85,35.22,43.00,NA,NA,1.17,56.66,NA,NA,NA,NA,NA,NA,NA,NA,NA,NA,NA,0.00,NA,NA,NA
2025-11-16 10:00:00,245.92,360.48,25.33,33.58,38.45,NA,NA,1.15,94.28,NA,NA,NA,NA,NA,NA,NA,NA,NA,NA,NA,0.00,NA,NA,NA
2025-11-16 11:00:00,209.48,392.72,20.94,24.43,30.02,NA,NA,1.06,130.01,NA,NA,NA,NA,NA,NA,NA,NA,NA,NA,NA,0.00,NA,NA,NA
2025-11-16 12:00:00,159.70,304.15,22.89,18.04,28.20,NA,NA,0.96,129.80,NA,NA,NA,NA,NA,NA,NA,NA,NA,NA,NA,0.00,NA,NA,NA
2025-11-16 13:00:00,144.22,240.38,25.28,12.94,27.44,NA,NA,0.86,122.69,NA,NA,NA,NA,NA,NA,NA,NA,NA,NA,NA,0.00,NA,NA,NA
2025-11-16 14:00:00,108.22,195.55,27.52,12.64,29.10,NA,NA,0.82,125.62,NA,NA,NA,NA,NA,NA,NA,NA,NA,NA,NA,0.00,NA,NA,NA
2025-11-16 15:00:00,112.07,192.35,25.32,15.41,28.78,NA,NA,0.82,124.68,NA,NA,NA,NA,NA,NA,NA,NA,NA,NA,NA,0.00,NA,NA,NA
2025-11-16 16:00:00,126.10,202.42,15.18,25.41,25.85,NA,NA,0.86,93.34,NA,NA,NA,NA,NA,NA,NA,NA,NA,NA,NA,0.00,NA,NA,NA
2025-11-16 17:00:00,113.78,205.12,13.36,51.56,38.30,NA,NA,1.01,36.48,NA,NA,NA,NA,NA,NA,NA,NA,NA,NA,NA,0.00,NA,NA,NA
2025-11-16 18:00:00,97.07,202.25,46.50,56.16,67.70,NA,NA,1.30,16.98,NA,NA,NA,NA,NA,NA,NA,NA,NA,NA,NA,0.00,NA,NA,NA
2025-11-16 19:00:00,114.05,221.62,60.30,53.90,77.69,NA,NA,1.44,14.38,NA,NA,NA,NA,NA,NA,NA,NA,NA,NA,NA,0.00,NA,NA,NA
2025-11-16 20:00:00,133.07,237.98,50.36,50.92,68.02,NA,NA,1.47,15.34,NA,NA,NA,NA,NA,NA,NA,NA,NA,NA,NA,0.00,NA,NA,NA
2025-11-16 21:00:00,128.62,243.92,64.63,42.95,75.41,NA,NA,1.59,13.97,NA,NA,NA,NA,NA,NA,NA,NA,NA,NA,NA,0.00,NA,NA,NA
2025-11-16 22:00:00,166.23,305.35,65.87,42.89,76.37,NA,NA,1.64,14.06,NA,NA,NA,NA,NA,NA,NA,NA,NA,NA,NA,0.00,NA,NA,NA
2025-11-16 23:00:00,195.40,321.25,71.81,37.40,78.27,NA,NA,1.70,12.94,NA,NA,NA,NA,NA,NA,NA,NA,NA,NA,NA,0.00,NA,NA,NA
2025-11-17 00:00:00,225.38,306.25,73.77,32.59,77.31,NA,NA,1.69,11.59,NA,NA,NA,NA,NA,NA,NA,NA,NA,NA,NA,0.00,NA,NA,NA
2025-11-17 01:00:00,218.97,336.85,58.46,30.62,63.82,NA,NA,1.54,12.40,NA,NA,NA,NA,NA,NA,NA,NA,NA,NA,NA,0.00,NA,NA,NA
2025-11-17 02:00:00,214.00,318.65,57.09,28.36,61.50,NA,NA,1.48,10.43,NA,NA,NA,NA,NA,NA,NA,NA,NA,NA,NA,0.00,NA,NA,NA
2025-11-17 03:00:00,251.58,314.18,59.60,25.60,62.07,NA,NA,1.44,8.57,NA,NA,NA,NA,NA,NA,NA,NA,NA,NA,NA,0.00,NA,NA,NA
2025-11-17 04:00:00,229.00,321.75,62.33,22.46,62.62,NA,NA,1.40,11.17,NA,NA,NA,NA,NA,NA,NA,NA,NA,NA,NA,0.00,NA,NA,NA
2025-11-17 05:00:00,208.55,299.12,65.42,19.07,63.34,NA,NA,1.35,8.95,NA,NA,NA,NA,NA,NA,NA,NA,NA,NA,NA,0.00,NA,NA,NA
2025-11-17 06:00:00,213.85,288.00,73.94,17.91,69.64,NA,NA,1.32,10.25,NA,NA,NA,NA,NA,NA,NA,NA,NA,NA,NA,0.00,NA,NA,NA
2025-11-17 07:00:00,215.70,306.85,83.02,20.30,78.30,NA,NA,1.32,9.15,NA,NA,NA,NA,NA,NA,NA,NA,NA,NA,NA,0.00,NA,NA,NA
2025-11-17 08:00:00,143.65,243.85,68.95,37.34,75.92,NA,NA,1.25,16.15,NA,NA,NA,NA,NA,NA,NA,NA,NA,NA,NA,0.00,NA,NA,NA
2025-11-17 09:00:00,126.30,238.18,39.87,39.00,53.16,NA,NA,1.09,37.21,NA,NA,NA,NA,NA,NA,NA,NA,NA,NA,NA,0.00,NA,NA,NA
2025-11-17 10:00:00,166.05,343.35,30.59,31.79,41.78,NA,NA,1.06,53.12,NA,NA,NA,NA,NA,NA,NA,NA,NA,NA,NA,0.00,NA,NA,NA
2025-11-17 11:00:00,164.85,328.62,23.51,29.00,34.53,NA,NA,1.05,77.04,NA,NA,NA,NA,NA,NA,NA,NA,NA,NA,NA,0.00,NA,NA,NA
2025-11-17 12:00:00,142.95,286.42,17.96,20.89,25.72,NA,NA,0.95,117.04,NA,NA,NA,NA,NA,NA,NA,NA,NA,NA,NA,0.00,NA,NA,NA
2025-11-17 13:00:00,135.07,260.62,15.59,19.05,22.81,NA,NA,0.88,131.00,NA,NA,NA,NA,NA,NA,NA,NA,NA,NA,NA,0.00,NA,NA,NA
2025-11-17 14:00:00,121.82,247.77,13.14,17.70,20.10,NA,NA,0.87,135.72,NA,NA,NA,NA,NA,NA,NA,NA,NA,NA,NA,0.00,NA,NA,NA
2025-11-17 15:00:00,116.88,230.52,12.11,17.82,19.32,NA,NA,0.86,130.51,NA,NA,NA,NA,NA,NA,NA,NA,NA,NA,NA,0.00,NA,NA,NA
2025-11-17 16:00:00,96.90,200.45,13.13,24.10,23.50,NA,NA,0.88,94.48,NA,NA,NA,NA,NA,NA,NA,NA,NA,NA,NA,0.00,NA,NA,NA
2025-11-17 17:00:00,98.00,205.77,20.27,52.68,44.51,NA,NA,1.15,32.00,NA,NA,NA,NA,NA,NA,NA,NA,NA,NA,NA,0.00,NA,NA,NA
2025-11-17 18:00:00,85.28,212.72,51.86,57.00,72.50,NA,NA,1.55,16.24,NA,NA,NA,NA,NA,NA,NA,NA,NA,NA,NA,0.00,NA,NA,NA
2025-11-17 19:00:00,104.65,213.05,89.41,46.90,97.65,NA,NA,1.85,12.05,NA,NA,NA,NA,NA,NA,NA,NA,NA,NA,NA,0.00,NA,NA,NA
2025-11-17 20:00:00,109.88,217.08,127.10,34.28,121.58,NA,NA,2.12,11.86,NA,NA,NA,NA,NA,NA,NA,NA,NA,NA,NA,0.00,NA,NA,NA
2025-11-17 21:00:00,132.78,251.80,155.64,23.51,139.05,NA,NA,2.35,12.90,NA,NA,NA,NA,NA,NA,NA,NA,NA,NA,NA,0.00,NA,NA,NA
2025-11-17 22:00:00,128.40,276.80,166.18,18.39,144.90,NA,NA,2.47,10.70,NA,NA,NA,NA,NA,NA,NA,NA,NA,NA,NA,0.00,NA,NA,NA
2025-11-17 23:00:00,176.65,331.30,190.54,18.05,164.51,NA,NA,2.76,9.85,NA,NA,NA,NA,NA,NA,NA,NA,NA,NA,NA,0.00,NA,NA,NA
2025-11-18 00:00:00,188.25,317.10,177.22,17.95,153.63,NA,NA,2.62,9.77,NA,NA,NA,NA,NA,NA,NA,NA,NA,NA,NA,0.00,NA,NA,NA
2025-11-18 01:00:00,164.00,266.82,190.38,13.62,162.04,NA,NA,2.66,8.13,NA,NA,NA,NA,NA,NA,NA,NA,NA,NA,NA,0.00,NA,NA,NA
2025-11-18 02:00:00,153.22,258.45,211.44,8.75,176.56,NA,NA,2.77,7.24,NA,NA,NA,NA,NA,NA,NA,NA,NA,NA,NA,0.00,NA,NA,NA
2025-11-18 03:00:00,158.38,251.80,201.82,10.75,169.80,NA,NA,2.64,11.24,NA,NA,NA,NA,NA,NA,NA,NA,NA,NA,NA,0.00,NA,NA,NA
2025-11-18 04:00:00,163.05,249.20,200.34,8.18,167.24,NA,NA,2.58,9.67,NA,NA,NA,NA,NA,NA,NA,NA,NA,NA,NA,0.00,NA,NA,NA
2025-11-18 05:00:00,170.95,243.50,169.25,16.85,146.55,NA,NA,2.30,7.56,NA,NA,NA,NA,NA,NA,NA,NA,NA,NA,NA,0.00,NA,NA,NA
2025-11-18 06:00:00,184.28,274.22,145.63,20.39,129.24,NA,NA,2.08,10.05,NA,NA,NA,NA,NA,NA,NA,NA,NA,NA,NA,0.00,NA,NA,NA
2025-11-18 07:00:00,189.60,280.70,133.58,22.59,120.62,NA,NA,1.92,10.22,NA,NA,NA,NA,NA,NA,NA,NA,NA,NA,NA,0.00,NA,NA,NA
2025-11-18 08:00:00,175.70,297.35,81.24,33.31,83.75,NA,NA,1.67,13.07,NA,NA,NA,NA,NA,NA,NA,NA,NA,NA,NA,0.00,NA,NA,NA
2025-11-18 09:00:00,235.00,370.95,52.46,46.47,67.37,NA,NA,1.56,25.46,NA,NA,NA,NA,NA,NA,NA,NA,NA,NA,NA,0.00,NA,NA,NA
2025-11-18 10:00:00,270.00,451.70,36.95,59.49,61.68,NA,NA,1.49,55.57,NA,NA,NA,NA,NA,NA,NA,NA,NA,NA,NA,0.00,NA,NA,NA
2025-11-18 11:00:00,246.08,460.20,11.67,45.49,33.68,NA,NA,1.25,90.22,NA,NA,NA,NA,NA,NA,NA,NA,NA,NA,NA,0.00,NA,NA,NA
2025-11-18 12:00:00,244.48,408.92,12.22,24.76,23.10,NA,NA,1.01,123.26,NA,NA,NA,NA,NA,NA,NA,NA,NA,NA,NA,0.00,NA,NA,NA
2025-11-18 13:00:00,202.62,340.05,11.96,24.82,22.93,NA,NA,1.01,139.45,NA,NA,NA,NA,NA,NA,NA,NA,NA,NA,NA,0.00,NA,NA,NA
2025-11-18 14:00:00,195.02,342.92,10.66,21.88,20.31,NA,NA,0.96,138.25,NA,NA,NA,NA,NA,NA,NA,NA,NA,NA,NA,0.00,NA,NA,NA
2025-11-18 15:00:00,152.10,268.12,9.58,22.02,19.50,NA,NA,0.97,118.72,NA,NA,NA,NA,NA,NA,NA,NA,NA,NA,NA,0.00,NA,NA,NA
2025-11-18 16:00:00,121.25,244.75,9.04,29.07,22.81,NA,NA,1.00,74.86,NA,NA,NA,NA,NA,NA,NA,NA,NA,NA,NA,0.00,NA,NA,NA
2025-11-18 17:00:00,122.48,223.28,12.44,52.70,38.15,NA,NA,1.22,27.51,NA,NA,NA,NA,NA,NA,NA,NA,NA,NA,NA,0.00,NA,NA,NA
2025-11-18 18:00:00,132.45,219.82,48.56,53.18,67.77,NA,NA,1.62,11.77,NA,NA,NA,NA,NA,NA,NA,NA,NA,NA,NA,0.00,NA,NA,NA
2025-11-18 19:00:00,123.42,215.65,83.31,40.32,89.18,NA,NA,1.97,10.92,NA,NA,NA,NA,NA,NA,NA,NA,NA,NA,NA,0.00,NA,NA,NA
2025-11-18 20:00:00,145.75,302.95,134.10,31.38,125.72,NA,NA,2.40,9.58,NA,NA,NA,NA,NA,NA,NA,NA,NA,NA,NA,0.00,NA,NA,NA
2025-11-18 21:00:00,157.70,302.58,127.98,28.38,119.14,NA,NA,2.37,9.24,NA,NA,NA,NA,NA,NA,NA,NA,NA,NA,NA,0.00,NA,NA,NA
2025-11-18 22:00:00,169.40,294.73,113.50,27.48,106.90,NA,NA,2.29,9.39,NA,NA,NA,NA,NA,NA,NA,NA,NA,NA,NA,0.00,NA,NA,NA
2025-11-18 23:00:00,173.02,298.23,109.26,25.18,102.22,NA,NA,2.19,8.17,NA,NA,NA,NA,NA,NA,NA,NA,NA,NA,NA,0.00,NA,NA,NA
2025-11-19 00:00:00,194.35,286.12,103.16,26.20,97.82,NA,NA,2.07,8.89,NA,NA,NA,NA,NA,NA,NA,NA,NA,NA,NA,0.00,NA,NA,NA
2025-11-19 01:00:00,200.82,284.85,85.20,30.48,85.48,NA,NA,1.90,8.51,NA,NA,NA,NA,NA,NA,NA,NA,NA,NA,NA,0.00,NA,NA,NA
2025-11-19 02:00:00,186.47,276.58,80.92,25.47,79.33,NA,NA,1.85,7.61,NA,NA,NA,NA,NA,NA,NA,NA,NA,NA,NA,0.00,NA,NA,NA
2025-11-19 03:00:00,192.65,314.52,85.23,19.22,79.52,NA,NA,1.82,8.17,NA,NA,NA,NA,NA,NA,NA,NA,NA,NA,NA,0.00,NA,NA,NA
2025-11-19 04:00:00,238.45,324.20,85.44,19.94,80.08,NA,NA,1.77,7.78,NA,NA,NA,NA,NA,NA,NA,NA,NA,NA,NA,0.00,NA,NA,NA
2025-11-19 05:00:00,238.40,316.50,74.60,20.63,71.62,NA,NA,1.71,9.32,NA,NA,NA,NA,NA,NA,NA,NA,NA,NA,NA,0.00,NA,NA,NA
2025-11-19 06:00:00,222.95,360.78,62.35,21.18,61.96,NA,NA,1.56,7.34,NA,NA,NA,NA,NA,NA,NA,NA,NA,NA,NA,0.00,NA,NA,NA
2025-11-19 07:00:00,241.95,342.32,65.67,23.00,65.63,NA,NA,1.55,8.77,NA,NA,NA,NA,NA,NA,NA,NA,NA,NA,NA,0.00,NA,NA,NA
2025-11-19 08:00:00,234.97,304.25,73.62,33.72,77.79,NA,NA,1.62,14.26,NA,NA,NA,NA,NA,NA,NA,NA,NA,NA,NA,0.00,NA,NA,NA
2025-11-19 09:00:00,235.58,456.43,51.08,66.21,76.74,NA,NA,1.64,17.81,NA,NA,NA,NA,NA,NA,NA,NA,NA,NA,NA,0.00,NA,NA,NA
2025-11-19 10:00:00,274.00,454.62,30.09,79.34,66.66,NA,NA,1.57,43.16,NA,NA,NA,NA,NA,NA,NA,NA,NA,NA,NA,0.00,NA,NA,NA
2025-11-19 11:00:00,280.18,437.80,19.00,58.73,46.68,NA,NA,1.35,81.02,NA,NA,NA,NA,NA,NA,NA,NA,NA,NA,NA,0.00,NA,NA,NA
2025-11-19 12:00:00,207.30,330.82,11.37,43.50,32.38,NA,NA,1.25,119.29,NA,NA,NA,NA,NA,NA,NA,NA,NA,NA,NA,0.00,NA,NA,NA
2025-11-19 13:00:00,203.45,340.92,8.13,35.28,25.38,NA,NA,1.20,151.58,NA,NA,NA,NA,NA,NA,NA,NA,NA,NA,NA,0.00,NA,NA,NA
2025-11-19 14:00:00,184.52,309.50,7.57,26.82,20.42,NA,NA,1.13,149.68,NA,NA,NA,NA,NA,NA,NA,NA,NA,NA,NA,0.00,NA,NA,NA
2025-11-19 15:00:00,135.32,245.20,7.78,24.98,19.61,NA,NA,1.06,114.77,NA,NA,NA,NA,NA,NA,NA,NA,NA,NA,NA,0.00,NA,NA,NA
2025-11-19 16:00:00,132.50,258.55,9.68,53.48,36.32,NA,NA,1.31,53.18,NA,NA,NA,NA,NA,NA,NA,NA,NA,NA,NA,0.00,NA,NA,NA
2025-11-19 17:00:00,124.35,278.00,19.14,71.19,53.43,NA,NA,1.54,17.28,NA,NA,NA,NA,NA,NA,NA,NA,NA,NA,NA,0.00,NA,NA,NA
2025-11-19 18:00:00,140.22,266.68,52.73,63.88,76.85,NA,NA,1.82,14.14,NA,NA,NA,NA,NA,NA,NA,NA,NA,NA,NA,0.00,NA,NA,NA
2025-11-19 19:00:00,142.32,241.85,94.98,46.62,102.02,NA,NA,2.24,14.25,NA,NA,NA,NA,NA,NA,NA,NA,NA,NA,NA,0.00,NA,NA,NA
2025-11-19 20:00:00,141.70,262.95,127.49,34.16,121.82,NA,NA,2.57,9.87,NA,NA,NA,NA,NA,NA,NA,NA,NA,NA,NA,0.00,NA,NA,NA
2025-11-19 21:00:00,149.07,292.55,154.22,24.65,138.50,NA,NA,2.78,8.68,NA,NA,NA,NA,NA,NA,NA,NA,NA,NA,NA,0.00,NA,NA,NA
2025-11-19 22:00:00,166.72,302.60,160.41,18.87,140.45,NA,NA,2.91,9.60,NA,NA,NA,NA,NA,NA,NA,NA,NA,NA,NA,0.00,NA,NA,NA
2025-11-19 23:00:00,171.75,320.88,173.27,13.70,148.17,NA,NA,3.04,7.62,NA,NA,NA,NA,NA,NA,NA,NA,NA,NA,NA,0.00,NA,NA,NA
2025-11-20 00:00:00,197.12,317.73,187.71,11.61,158.79,NA,NA,3.08,7.25,NA,NA,NA,NA,NA,NA,NA,NA,NA,NA,NA,0.00,NA,NA,NA
2025-11-20 01:00:00,219.62,315.40,178.58,12.59,151.88,NA,NA,3.04,6.96,NA,NA,NA,NA,NA,NA,NA,NA,NA,NA,NA,0.00,NA,NA,NA
2025-11-20 02:00:00,211.95,334.85,154.04,23.49,137.73,NA,NA,2.81,9.44,NA,NA,NA,NA,NA,NA,NA,NA,NA,NA,NA,0.00,NA,NA,NA
2025-11-20 03:00:00,190.73,305.85,130.00,26.21,119.63,NA,NA,2.56,7.12,NA,NA,NA,NA,NA,NA,NA,NA,NA,NA,NA,0.00,NA,NA,NA
2025-11-20 04:00:00,190.55,303.18,117.28,24.13,108.18,NA,NA,2.50,7.58,NA,NA,NA,NA,NA,NA,NA,NA,NA,NA,NA,0.00,NA,NA,NA
2025-11-20 05:00:00,236.78,339.18,109.18,20.01,99.40,NA,NA,2.44,8.31,NA,NA,NA,NA,NA,NA,NA,NA,NA,NA,NA,0.00,NA,NA,NA
2025-11-20 06:00:00,214.97,329.92,105.36,18.48,95.50,NA,NA,2.34,8.02,NA,NA,NA,NA,NA,NA,NA,NA,NA,NA,NA,0.00,NA,NA,NA
2025-11-20 07:00:00,188.08,299.70,116.57,16.83,103.72,NA,NA,2.32,10.44,NA,NA,NA,NA,NA,NA,NA,NA,NA,NA,NA,0.00,NA,NA,NA
2025-11-20 08:00:00,194.00,301.25,118.29,26.11,110.05,NA,NA,2.27,11.71,NA,NA,NA,NA,NA,NA,NA,NA,NA,NA,NA,0.00,NA,NA,NA
2025-11-20 09:00:00,250.62,419.28,63.65,70.58,89.28,NA,NA,1.99,18.39,NA,NA,NA,NA,NA,NA,NA,NA,NA,NA,NA,0.00,NA,NA,NA
2025-11-20 10:00:00,242.18,420.52,40.88,85.40,78.66,NA,NA,1.82,42.48,NA,NA,NA,NA,NA,NA,NA,NA,NA,NA,NA,0.00,NA,NA,NA
2025-11-20 11:00:00,225.25,475.38,26.99,76.82,62.79,NA,NA,1.62,94.60,NA,NA,NA,NA,NA,NA,NA,NA,NA,NA,NA,0.00,NA,NA,NA
2025-11-20 12:00:00,179.12,367.10,16.45,33.62,31.25,NA,NA,1.35,130.24,NA,NA,NA,NA,NA,NA,NA,NA,NA,NA,NA,0.00,NA,NA,NA
2025-11-20 13:00:00,151.60,252.92,11.49,20.66,20.32,NA,NA,1.13,119.86,NA,NA,NA,NA,NA,NA,NA,NA,NA,NA,NA,0.00,NA,NA,NA
2025-11-20 14:00:00,125.65,203.18,9.66,18.78,17.84,NA,NA,1.08,126.18,NA,NA,NA,NA,NA,NA,NA,NA,NA,NA,NA,0.00,NA,NA,NA
2025-11-20 15:00:00,132.28,215.65,9.39,20.20,18.38,NA,NA,1.06,107.21,NA,NA,NA,NA,NA,NA,NA,NA,NA,NA,NA,0.00,NA,NA,NA
2025-11-20 16:00:00,133.18,220.60,9.49,27.35,22.27,NA,NA,1.12,98.98,NA,NA,NA,NA,NA,NA,NA,NA,NA,NA,NA,0.00,NA,NA,NA
2025-11-20 17:00:00,125.22,221.50,11.66,48.89,35.49,NA,NA,1.32,52.10,NA,NA,NA,NA,NA,NA,NA,NA,NA,NA,NA,0.00,NA,NA,NA
2025-11-20 18:00:00,118.62,231.92,47.16,52.74,66.42,NA,NA,1.74,26.62,NA,NA,NA,NA,NA,NA,NA,NA,NA,NA,NA,0.00,NA,NA,NA
2025-11-20 19:00:00,125.80,255.70,88.59,42.70,94.76,NA,NA,2.07,24.80,NA,NA,NA,NA,NA,NA,NA,NA,NA,NA,NA,0.00,NA,NA,NA
2025-11-20 20:00:00,149.57,245.65,112.41,32.89,108.90,NA,NA,2.28,24.67,NA,NA,NA,NA,NA,NA,NA,NA,NA,NA,NA,0.00,NA,NA,NA
2025-11-20 21:00:00,138.08,265.62,127.75,26.48,117.95,NA,NA,2.40,26.38,NA,NA,NA,NA,NA,NA,NA,NA,NA,NA,NA,0.00,NA,NA,NA
2025-11-20 22:00:00,156.02,270.38,151.12,16.80,131.81,NA,NA,2.63,27.98,NA,NA,NA,NA,NA,NA,NA,NA,NA,NA,NA,0.00,NA,NA,NA
2025-11-20 23:00:00,165.45,275.35,161.16,14.03,138.50,NA,NA,2.77,28.12,NA,NA,NA,NA,NA,NA,NA,NA,NA,NA,NA,0.00,NA,NA,NA
2025-11-21 00:00:00,176.25,289.75,177.72,11.36,150.54,NA,NA,2.88,29.80,NA,NA,NA,NA,NA,NA,NA,NA,NA,NA,NA,0.00,NA,NA,NA
2025-11-21 01:00:00,198.70,315.48,174.95,10.84,148.00,NA,NA,2.87,28.70,NA,NA,NA,NA,NA,NA,NA,NA,NA,NA,NA,0.00,NA,NA,NA
2025-11-21 02:00:00,184.35,283.58,180.94,8.38,151.57,NA,NA,2.87,29.84,NA,NA,NA,NA,NA,NA,NA,NA,NA,NA,NA,0.00,NA,NA,NA
2025-11-21 03:00:00,183.68,255.05,184.53,6.28,153.36,NA,NA,2.88,28.56,NA,NA,NA,NA,NA,NA,NA,NA,NA,NA,NA,0.00,NA,NA,NA
2025-11-21 04:00:00,153.52,252.48,186.92,2.92,153.52,NA,NA,2.85,28.67,NA,NA,NA,NA,NA,NA,NA,NA,NA,NA,NA,0.00,NA,NA,NA
2025-11-21 05:00:00,160.72,248.02,185.80,1.38,151.78,NA,NA,2.79,26.71,NA,NA,NA,NA,NA,NA,NA,NA,NA,NA,NA,0.00,NA,NA,NA
2025-11-21 06:00:00,171.92,238.38,178.56,0.88,145.62,NA,NA,2.70,24.15,NA,NA,NA,NA,NA,NA,NA,NA,NA,NA,NA,0.00,NA,NA,NA
2025-11-21 07:00:00,157.57,214.05,175.56,2.46,144.04,NA,NA,2.64,22.62,NA,NA,NA,NA,NA,NA,NA,NA,NA,NA,NA,0.00,NA,NA,NA
2025-11-21 08:00:00,133.75,234.77,167.40,9.50,141.15,NA,NA,2.57,27.90,NA,NA,NA,NA,NA,NA,NA,NA,NA,NA,NA,0.00,NA,NA,NA
2025-11-21 09:00:00,160.72,333.98,122.55,45.29,123.72,NA,NA,2.49,38.28,NA,NA,NA,NA,NA,NA,NA,NA,NA,NA,NA,0.00,NA,NA,NA
2025-11-21 10:00:00,164.25,317.23,44.50,39.76,57.34,NA,NA,1.59,112.21,NA,NA,NA,NA,NA,NA,NA,NA,NA,NA,NA,0.00,NA,NA,NA
2025-11-21 11:00:00,148.23,252.05,13.26,29.62,26.54,NA,NA,1.08,134.29,NA,NA,NA,NA,NA,NA,NA,NA,NA,NA,NA,0.00,NA,NA,NA
2025-11-21 12:00:00,131.35,232.75,9.65,14.09,15.34,NA,NA,0.86,147.39,NA,NA,NA,NA,NA,NA,NA,NA,NA,NA,NA,0.00,NA,NA,NA
2025-11-21 13:00:00,135.78,210.38,10.09,13.02,15.13,NA,NA,0.85,151.68,NA,NA,NA,NA,NA,NA,NA,NA,NA,NA,NA,0.00,NA,NA,NA
2025-11-21 14:00:00,NA,NA,10.70,14.86,16.61,NA,NA,0.98,161.83,NA,NA,NA,NA,NA,NA,NA,NA,NA,NA,NA,0.00,NA,NA,NA
2025-11-21 15:00:00,NA,290.00,10.29,16.59,17.18,NA,NA,0.97,138.30,NA,NA,NA,NA,NA,NA,NA,NA,NA,NA,NA,0.00,NA,NA,NA
2025-11-21 16:00:00,203.03,261.85,18.68,30.39,31.35,NA,NA,1.06,90.23,NA,NA,NA,NA,NA,NA,NA,NA,NA,NA,NA,0.00,NA,NA,NA
2025-11-21 17:00:00,184.13,283.80,32.22,70.46,63.67,NA,NA,1.58,17.92,NA,NA,NA,NA,NA,NA,NA,NA,NA,NA,NA,0.00,NA,NA,NA
2025-11-21 18:00:00,149.55,244.40,57.42,57.80,77.43,NA,NA,1.98,18.28,NA,NA,NA,NA,NA,NA,NA,NA,NA,NA,NA,0.00,NA,NA,NA
2025-11-21 19:00:00,124.68,229.72,95.87,33.05,95.52,NA,NA,2.28,18.49,NA,NA,NA,NA,NA,NA,NA,NA,NA,NA,NA,0.00,NA,NA,NA
2025-11-21 20:00:00,121.88,257.60,135.10,21.37,121.21,NA,NA,2.57,19.13,NA,NA,NA,NA,NA,NA,NA,NA,NA,NA,NA,0.00,NA,NA,NA
2025-11-21 21:00:00,119.45,273.40,154.91,15.98,134.44,NA,NA,2.75,20.41,NA,NA,NA,NA,NA,NA,NA,NA,NA,NA,NA,0.00,NA,NA,NA
2025-11-21 22:00:00,150.30,291.85,155.79,14.50,134.37,NA,NA,2.92,22.26,NA,NA,NA,NA,NA,NA,NA,NA,NA,NA,NA,0.00,NA,NA,NA
2025-11-21 23:00:00,207.05,370.35,148.18,15.58,128.76,NA,NA,2.84,21.00,NA,NA,NA,NA,NA,NA,NA,NA,NA,NA,NA,0.00,NA,NA,NA
2025-11-22 00:00:00,225.00,372.62,156.84,11.05,133.39,NA,NA,2.90,20.72,NA,NA,NA,NA,NA,NA,NA,NA,NA,NA,NA,0.00,NA,NA,NA
2025-11-22 01:00:00,168.08,268.95,168.17,8.48,141.23,NA,NA,2.84,16.99,NA,NA,NA,NA,NA,NA,NA,NA,NA,NA,NA,0.00,NA,NA,NA
2025-11-22 02:00:00,152.12,273.97,164.99,7.82,138.30,NA,NA,2.76,16.21,NA,NA,NA,NA,NA,NA,NA,NA,NA,NA,NA,0.00,NA,NA,NA
2025-11-22 03:00:00,150.25,253.75,176.46,2.71,144.91,NA,NA,2.78,16.57,NA,NA,NA,NA,NA,NA,NA,NA,NA,NA,NA,0.00,NA,NA,NA
2025-11-22 04:00:00,165.92,254.15,180.11,2.82,147.93,NA,NA,2.77,14.67,NA,NA,NA,NA,NA,NA,NA,NA,NA,NA,NA,0.00,NA,NA,NA
2025-11-22 05:00:00,167.08,242.75,162.83,5.02,135.05,NA,NA,2.69,13.30,NA,NA,NA,NA,NA,NA,NA,NA,NA,NA,NA,0.00,NA,NA,NA
2025-11-22 06:00:00,172.52,276.88,147.50,7.65,123.99,NA,NA,2.54,14.51,NA,NA,NA,NA,NA,NA,NA,NA,NA,NA,NA,0.00,NA,NA,NA
2025-11-22 07:00:00,175.88,307.90,137.22,10.55,117.17,NA,NA,2.38,13.60,NA,NA,NA,NA,NA,NA,NA,NA,NA,NA,NA,0.00,NA,NA,NA
2025-11-22 08:00:00,175.28,312.38,129.25,18.44,114.89,NA,NA,2.33,18.55,NA,NA,NA,NA,NA,NA,NA,NA,NA,NA,NA,0.00,NA,NA,NA
2025-11-22 09:00:00,235.35,371.78,76.50,44.46,85.85,NA,NA,2.04,25.78,NA,NA,NA,NA,NA,NA,NA,NA,NA,NA,NA,0.00,NA,NA,NA
2025-11-22 10:00:00,225.12,398.38,46.07,39.62,58.53,NA,NA,1.68,83.85,NA,NA,NA,NA,NA,NA,NA,NA,NA,NA,NA,0.00,NA,NA,NA
2025-11-22 11:00:00,171.10,329.62,35.38,40.13,50.11,NA,NA,1.57,112.83,NA,NA,NA,NA,NA,NA,NA,NA,NA,NA,NA,0.00,NA,NA,NA
2025-11-22 12:00:00,160.65,318.33,25.24,30.04,36.50,NA,NA,1.47,144.29,NA,NA,NA,NA,NA,NA,NA,NA,NA,NA,NA,0.00,NA,NA,NA
2025-11-22 13:00:00,160.02,295.65,20.80,21.42,28.30,NA,NA,1.34,149.16,NA,NA,NA,NA,NA,NA,NA,NA,NA,NA,NA,0.00,NA,NA,NA
2025-11-22 14:00:00,128.72,234.73,17.44,18.48,24.01,NA,NA,1.25,145.94,NA,NA,NA,NA,NA,NA,NA,NA,NA,NA,NA,0.00,NA,NA,NA
2025-11-22 15:00:00,115.68,224.48,15.76,18.72,22.77,NA,NA,1.18,126.54,NA,NA,NA,NA,NA,NA,NA,NA,NA,NA,NA,0.00,NA,NA,NA
2025-11-22 16:00:00,115.07,209.98,14.82,27.26,26.54,NA,NA,1.25,79.99,NA,NA,NA,NA,NA,NA,NA,NA,NA,NA,NA,0.00,NA,NA,NA
2025-11-22 17:00:00,103.80,234.12,29.48,50.76,50.96,NA,NA,1.48,20.93,NA,NA,NA,NA,NA,NA,NA,NA,NA,NA,NA,0.00,NA,NA,NA
2025-11-22 18:00:00,109.32,245.58,61.46,47.85,75.42,NA,NA,1.75,15.23,NA,NA,NA,NA,NA,NA,NA,NA,NA,NA,NA,0.00,NA,NA,NA
2025-11-22 19:00:00,111.98,255.32,98.86,33.19,98.02,NA,NA,2.02,14.84,NA,NA,NA,NA,NA,NA,NA,NA,NA,NA,NA,0.00,NA,NA,NA
2025-11-22 20:00:00,134.22,273.40,138.43,23.00,124.78,NA,NA,2.37,14.08,NA,NA,NA,NA,NA,NA,NA,NA,NA,NA,NA,0.00,NA,NA,NA
2025-11-22 21:00:00,141.32,312.40,152.85,18.33,134.02,NA,NA,2.48,13.80,NA,NA,NA,NA,NA,NA,NA,NA,NA,NA,NA,0.00,NA,NA,NA
2025-11-22 22:00:00,175.68,354.95,157.19,18.57,137.67,NA,NA,2.70,12.26,NA,NA,NA,NA,NA,NA,NA,NA,NA,NA,NA,0.00,NA,NA,NA
2025-11-22 23:00:00,187.05,352.40,160.11,14.94,138.12,NA,NA,2.66,10.56,NA,NA,NA,NA,NA,NA,NA,NA,NA,NA,NA,0.00,NA,NA,NA
2025-11-23 00:00:00,171.78,323.70,175.09,11.11,148.26,NA,NA,2.83,9.31,NA,NA,NA,NA,NA,NA,NA,NA,NA,NA,NA,0.00,NA,NA,NA
2025-11-23 01:00:00,188.42,305.65,192.47,5.64,159.48,NA,NA,2.93,11.82,NA,NA,NA,NA,NA,NA,NA,NA,NA,NA,NA,0.00,NA,NA,NA
2025-11-23 02:00:00,182.02,276.95,198.92,4.97,164.36,NA,NA,2.92,12.57,NA,NA,NA,NA,NA,NA,NA,NA,NA,NA,NA,0.00,NA,NA,NA
2025-11-23 03:00:00,184.00,332.72,194.11,8.28,162.21,NA,NA,2.88,11.37,NA,NA,NA,NA,NA,NA,NA,NA,NA,NA,NA,0.00,NA,NA,NA
2025-11-23 04:00:00,189.82,321.72,176.68,11.20,149.59,NA,NA,2.73,8.74,NA,NA,NA,NA,NA,NA,NA,NA,NA,NA,NA,0.00,NA,NA,NA
2025-11-23 05:00:00,218.60,309.73,156.71,17.50,136.72,NA,NA,2.55,10.94,NA,NA,NA,NA,NA,NA,NA,NA,NA,NA,NA,0.00,NA,NA,NA
2025-11-23 06:00:00,209.05,336.78,158.71,14.38,136.67,NA,NA,2.48,11.21,NA,NA,NA,NA,NA,NA,NA,NA,NA,NA,NA,0.00,NA,NA,NA
2025-11-23 07:00:00,201.35,337.28,163.45,14.53,140.62,NA,NA,2.46,12.40,NA,NA,NA,NA,NA,NA,NA,NA,NA,NA,NA,0.00,NA,NA,NA
2025-11-23 08:00:00,191.95,342.12,140.16,19.69,124.43,NA,NA,2.31,11.58,NA,NA,NA,NA,NA,NA,NA,NA,NA,NA,NA,0.00,NA,NA,NA
2025-11-23 09:00:00,227.18,377.98,73.59,44.12,83.30,NA,NA,2.01,20.69,NA,NA,NA,NA,NA,NA,NA,NA,NA,NA,NA,0.00,NA,NA,NA
2025-11-23 10:00:00,272.00,413.70,55.18,54.40,73.80,NA,NA,1.88,56.07,NA,NA,NA,NA,NA,NA,NA,NA,NA,NA,NA,0.00,NA,NA,NA
2025-11-23 11:00:00,262.45,512.97,41.42,64.57,68.03,NA,NA,1.78,84.40,NA,NA,NA,NA,NA,NA,NA,NA,NA,NA,NA,0.00,NA,NA,NA
2025-11-23 12:00:00,200.70,408.32,33.92,33.11,45.19,NA,NA,1.53,117.79,NA,NA,NA,NA,NA,NA,NA,NA,NA,NA,NA,0.00,NA,NA,NA
2025-11-23 13:00:00,181.85,316.95,25.68,29.40,36.52,NA,NA,1.39,132.65,NA,NA,NA,NA,NA,NA,NA,NA,NA,NA,NA,0.00,NA,NA,NA
2025-11-23 14:00:00,151.27,268.48,22.71,22.90,30.64,NA,NA,1.32,137.64,NA,NA,NA,NA,NA,NA,NA,NA,NA,NA,NA,0.00,NA,NA,NA
2025-11-23 15:00:00,111.65,216.35,19.04,20.86,26.57,NA,NA,1.29,123.91,NA,NA,NA,NA,NA,NA,NA,NA,NA,NA,NA,0.00,NA,NA,NA
2025-11-23 16:00:00,125.68,255.58,19.76,31.60,32.88,NA,NA,1.34,80.93,NA,NA,NA,NA,NA,NA,NA,NA,NA,NA,NA,0.00,NA,NA,NA
2025-11-23 17:00:00,120.88,265.78,23.45,54.97,48.31,NA,NA,1.48,21.46,NA,NA,NA,NA,NA,NA,NA,NA,NA,NA,NA,0.00,NA,NA,NA
2025-11-23 18:00:00,123.43,246.82,55.68,46.60,70.06,NA,NA,1.65,13.82,NA,NA,NA,NA,NA,NA,NA,NA,NA,NA,NA,0.00,NA,NA,NA
2025-11-23 19:00:00,146.85,260.42,94.22,34.22,94.80,NA,NA,1.94,9.97,NA,NA,NA,NA,NA,NA,NA,NA,NA,NA,NA,0.00,NA,NA,NA
2025-11-23 20:00:00,162.27,301.27,87.10,32.80,88.26,NA,NA,1.98,8.22,NA,NA,NA,NA,NA,NA,NA,NA,NA,NA,NA,0.00,NA,NA,NA
2025-11-23 21:00:00,159.80,302.40,104.18,25.46,98.23,NA,NA,2.10,7.94,NA,NA,NA,NA,NA,NA,NA,NA,NA,NA,NA,0.00,NA,NA,NA
2025-11-23 22:00:00,174.27,304.73,114.31,22.32,104.80,NA,NA,2.31,8.76,NA,NA,NA,NA,NA,NA,NA,NA,NA,NA,NA,0.00,NA,NA,NA
2025-11-23 23:00:00,188.80,330.28,117.71,19.42,106.03,NA,NA,2.39,8.11,NA,NA,NA,NA,NA,NA,NA,NA,NA,NA,NA,0.00,NA,NA,NA
2025-11-24 00:00:00,223.32,365.58,119.00,17.78,106.20,NA,NA,2.44,7.56,NA,NA,NA,NA,NA,NA,NA,NA,NA,NA,NA,0.00,NA,NA,NA
2025-11-24 01:00:00,249.18,352.08,111.03,17.65,99.66,NA,NA,2.41,6.84,NA,NA,NA,NA,NA,NA,NA,NA,NA,NA,NA,0.00,NA,NA,NA
2025-11-24 02:00:00,222.15,375.48,111.24,17.31,99.65,NA,NA,2.42,6.61,NA,NA,NA,NA,NA,NA,NA,NA,NA,NA,NA,0.00,NA,NA,NA
2025-11-24 03:00:00,213.32,353.83,109.21,17.33,98.01,NA,NA,2.32,8.14,NA,NA,NA,NA,NA,NA,NA,NA,NA,NA,NA,0.00,NA,NA,NA
2025-11-24 04:00:00,230.10,339.67,107.98,13.11,94.77,NA,NA,2.28,6.44,NA,NA,NA,NA,NA,NA,NA,NA,NA,NA,NA,0.00,NA,NA,NA
2025-11-24 05:00:00,229.65,364.05,107.49,14.06,94.87,NA,NA,2.22,6.80,NA,NA,NA,NA,NA,NA,NA,NA,NA,NA,NA,0.00,NA,NA,NA
2025-11-24 06:00:00,224.60,339.98,110.58,13.26,96.95,NA,NA,2.16,7.01,NA,NA,NA,NA,NA,NA,NA,NA,NA,NA,NA,0.00,NA,NA,NA
2025-11-24 07:00:00,203.77,340.10,107.94,15.69,96.10,NA,NA,2.04,8.07,NA,NA,NA,NA,NA,NA,NA,NA,NA,NA,NA,0.00,NA,NA,NA
2025-11-24 08:00:00,239.28,377.45,92.06,24.40,87.83,NA,NA,1.91,7.20,NA,NA,NA,NA,NA,NA,NA,NA,NA,NA,NA,0.00,NA,NA,NA
2025-11-24 09:00:00,235.22,401.22,59.72,47.72,73.94,NA,NA,1.75,16.83,NA,NA,NA,NA,NA,NA,NA,NA,NA,NA,NA,0.00,NA,NA,NA
2025-11-24 10:00:00,199.55,452.55,40.36,51.60,60.26,NA,NA,1.62,40.73,NA,NA,NA,NA,NA,NA,NA,NA,NA,NA,NA,0.00,NA,NA,NA
2025-11-24 11:00:00,167.68,357.75,31.13,39.15,46.14,NA,NA,1.49,79.55,NA,NA,NA,NA,NA,NA,NA,NA,NA,NA,NA,0.00,NA,NA,NA
2025-11-24 12:00:00,153.32,314.23,23.14,26.72,33.02,NA,NA,1.47,119.04,NA,NA,NA,NA,NA,NA,NA,NA,NA,NA,NA,0.00,NA,NA,NA
2025-11-24 13:00:00,180.50,345.28,19.81,24.19,28.97,NA,NA,1.43,133.49,NA,NA,NA,NA,NA,NA,NA,NA,NA,NA,NA,0.00,NA,NA,NA
2025-11-24 14:00:00,154.88,305.05,16.77,20.46,24.52,NA,NA,1.32,125.40,NA,NA,NA,NA,NA,NA,NA,NA,NA,NA,NA,0.00,NA,NA,NA
2025-11-24 15:00:00,108.32,229.25,16.06,17.32,22.27,NA,NA,1.24,113.10,NA,NA,NA,NA,NA,NA,NA,NA,NA,NA,NA,0.00,NA,NA,NA
2025-11-24 16:00:00,103.45,222.05,16.68,26.22,27.51,NA,NA,1.26,81.36,NA,NA,NA,NA,NA,NA,NA,NA,NA,NA,NA,0.00,NA,NA,NA
2025-11-24 17:00:00,104.45,242.25,21.51,52.61,45.47,NA,NA,1.48,23.39,NA,NA,NA,NA,NA,NA,NA,NA,NA,NA,NA,0.00,NA,NA,NA
2025-11-24 18:00:00,112.98,250.15,62.76,46.81,75.93,NA,NA,1.84,12.79,NA,NA,NA,NA,NA,NA,NA,NA,NA,NA,NA,0.00,NA,NA,NA
2025-11-24 19:00:00,92.60,226.52,91.14,34.02,92.19,NA,NA,2.04,9.17,NA,NA,NA,NA,NA,NA,NA,NA,NA,NA,NA,0.00,NA,NA,NA
2025-11-24 20:00:00,123.02,267.58,127.49,25.38,117.14,NA,NA,2.33,7.49,NA,NA,NA,NA,NA,NA,NA,NA,NA,NA,NA,0.00,NA,NA,NA
2025-11-24 21:00:00,149.68,294.05,127.30,21.61,115.00,NA,NA,2.36,6.67,NA,NA,NA,NA,NA,NA,NA,NA,NA,NA,NA,0.00,NA,NA,NA
2025-11-24 22:00:00,169.70,299.18,124.52,20.94,112.37,NA,NA,2.44,6.35,NA,NA,NA,NA,NA,NA,NA,NA,NA,NA,NA,0.00,NA,NA,NA
2025-11-24 23:00:00,172.98,321.77,131.79,18.76,117.12,NA,NA,2.54,6.34,NA,NA,NA,NA,NA,NA,NA,NA,NA,NA,NA,0.00,NA,NA,NA
2025-11-25 00:00:00,159.57,328.25,135.93,15.56,118.79,NA,NA,2.58,8.72,NA,NA,NA,NA,NA,NA,NA,NA,NA,NA,NA,0.00,NA,NA,NA
2025-11-25 01:00:00,200.62,307.75,133.69,12.54,115.35,NA,NA,2.58,7.94,NA,NA,NA,NA,NA,NA,NA,NA,NA,NA,NA,0.00,NA,NA,NA
2025-11-25 02:00:00,192.58,322.58,146.20,9.28,123.79,NA,NA,2.62,8.82,NA,NA,NA,NA,NA,NA,NA,NA,NA,NA,NA,0.00,NA,NA,NA
2025-11-25 03:00:00,192.78,344.30,146.92,12.84,126.27,NA,NA,2.60,6.93,NA,NA,NA,NA,NA,NA,NA,NA,NA,NA,NA,0.00,NA,NA,NA
2025-11-25 04:00:00,182.55,310.90,139.52,13.33,120.52,NA,NA,2.50,7.03,NA,NA,NA,NA,NA,NA,NA,NA,NA,NA,NA,0.00,NA,NA,NA
2025-11-25 05:00:00,215.55,342.88,132.03,11.05,113.22,NA,NA,2.37,7.94,NA,NA,NA,NA,NA,NA,NA,NA,NA,NA,NA,0.00,NA,NA,NA
2025-11-25 06:00:00,210.25,327.78,108.68,14.34,95.98,NA,NA,2.15,9.70,NA,NA,NA,NA,NA,NA,NA,NA,NA,NA,NA,0.00,NA,NA,NA
2025-11-25 07:00:00,191.05,304.27,88.40,16.70,80.76,NA,NA,2.01,8.15,NA,NA,NA,NA,NA,NA,NA,NA,NA,NA,NA,0.00,NA,NA,NA
2025-11-25 08:00:00,160.05,312.45,72.24,27.60,73.41,NA,NA,1.86,10.36,NA,NA,NA,NA,NA,NA,NA,NA,NA,NA,NA,0.00,NA,NA,NA
2025-11-25 09:00:00,218.73,362.85,49.47,40.82,61.93,NA,NA,1.70,18.52,NA,NA,NA,NA,NA,NA,NA,NA,NA,NA,NA,0.00,NA,NA,NA
2025-11-25 10:00:00,183.38,308.97,35.68,36.12,48.22,NA,NA,1.55,75.38,NA,NA,NA,NA,NA,NA,NA,NA,NA,NA,NA,0.00,NA,NA,NA
2025-11-25 11:00:00,160.52,348.22,25.66,31.38,37.55,NA,NA,1.48,119.52,NA,NA,NA,NA,NA,NA,NA,NA,NA,NA,NA,0.00,NA,NA,NA
2025-11-25 12:00:00,114.82,290.40,19.60,21.44,27.34,NA,NA,1.36,139.36,NA,NA,NA,NA,NA,NA,NA,NA,NA,NA,NA,0.00,NA,NA,NA
2025-11-25 13:00:00,118.45,266.65,16.47,18.26,23.10,NA,NA,1.28,146.51,NA,NA,NA,NA,NA,NA,NA,NA,NA,NA,NA,0.00,NA,NA,NA
2025-11-25 14:00:00,100.02,252.90,14.56,16.34,20.53,NA,NA,1.23,143.32,NA,NA,NA,NA,NA,NA,NA,NA,NA,NA,NA,0.00,NA,NA,NA
2025-11-25 15:00:00,111.48,225.45,13.43,14.94,18.87,NA,NA,1.19,138.39,NA,NA,NA,NA,NA,NA,NA,NA,NA,NA,NA,0.00,NA,NA,NA
2025-11-25 16:00:00,89.60,197.68,14.40,21.01,22.88,NA,NA,1.21,102.35,NA,NA,NA,NA,NA,NA,NA,NA,NA,NA,NA,0.00,NA,NA,NA
2025-11-25 17:00:00,98.30,219.03,22.31,43.94,41.51,NA,NA,1.42,36.38,NA,NA,NA,NA,NA,NA,NA,NA,NA,NA,NA,0.00,NA,NA,NA
2025-11-25 18:00:00,108.07,234.45,57.08,45.09,70.39,NA,NA,1.72,22.52,NA,NA,NA,NA,NA,NA,NA,NA,NA,NA,NA,0.00,NA,NA,NA
2025-11-25 19:00:00,86.25,245.68,73.38,40.39,81.14,NA,NA,1.87,22.70,NA,NA,NA,NA,NA,NA,NA,NA,NA,NA,NA,0.00,NA,NA,NA
2025-11-25 20:00:00,NA,238.62,97.74,33.79,97.44,NA,NA,2.12,27.15,NA,NA,NA,NA,NA,NA,NA,NA,NA,NA,NA,0.00,NA,NA,NA
2025-11-25 21:00:00,NA,304.00,79.89,35.83,84.01,NA,NA,2.17,28.19,NA,NA,NA,NA,NA,NA,NA,NA,NA,NA,NA,0.00,NA,NA,NA
2025-11-25 22:00:00,NA,332.92,75.23,31.86,78.11,NA,NA,2.22,29.13,NA,NA,NA,NA,NA,NA,NA,NA,NA,NA,NA,0.00,NA,NA,NA
2025-11-25 23:00:00,NA,313.73,83.07,26.02,81.37,NA,NA,2.26,28.39,NA,NA,NA,NA,NA,NA,NA,NA,NA,NA,NA,0.00,NA,NA,NA
2025-11-26 00:00:00,NA,325.70,91.79,21.04,85.82,NA,NA,2.30,29.14,NA,NA,NA,NA,NA,NA,NA,NA,NA,NA,NA,0.00,NA,NA,NA
2025-11-26 01:00:00,NA,315.18,83.26,19.92,78.28,NA,NA,2.15,29.46,NA,NA,NA,NA,NA,NA,NA,NA,NA,NA,NA,0.00,NA,NA,NA
2025-11-26 02:00:00,NA,291.48,69.78,19.23,66.96,NA,NA,2.00,27.11,NA,NA,NA,NA,NA,NA,NA,NA,NA,NA,NA,0.00,NA,NA,NA
2025-11-26 03:00:00,NA,300.62,58.30,19.37,57.71,NA,NA,1.90,25.98,NA,NA,NA,NA,NA,NA,NA,NA,NA,NA,NA,0.00,NA,NA,NA
2025-11-26 04:00:00,NA,304.58,56.78,16.53,54.96,NA,NA,1.86,25.34,NA,NA,NA,NA,NA,NA,NA,NA,NA,NA,NA,0.00,NA,NA,NA
2025-11-26 05:00:00,NA,264.03,71.07,19.19,67.99,NA,NA,1.81,23.46,NA,NA,NA,NA,NA,NA,NA,NA,NA,NA,NA,0.00,NA,NA,NA
2025-11-26 06:00:00,NA,283.45,71.56,19.11,68.34,NA,NA,1.74,21.67,NA,NA,NA,NA,NA,NA,NA,NA,NA,NA,NA,0.00,NA,NA,NA
2025-11-26 07:00:00,NA,272.75,71.97,22.20,70.32,NA,NA,1.67,21.11,NA,NA,NA,NA,NA,NA,NA,NA,NA,NA,NA,0.00,NA,NA,NA
2025-11-26 08:00:00,NA,238.95,66.64,29.17,69.70,NA,NA,1.68,26.14,NA,NA,NA,NA,NA,NA,NA,NA,NA,NA,NA,0.00,NA,NA,NA
2025-11-26 09:00:00,NA,283.48,49.92,51.12,67.78,NA,NA,1.61,37.66,NA,NA,NA,NA,NA,NA,NA,NA,NA,NA,NA,0.00,NA,NA,NA
2025-11-26 10:00:00,NA,335.42,29.55,43.56,47.20,NA,NA,1.46,78.68,NA,NA,NA,NA,NA,NA,NA,NA,NA,NA,NA,0.00,NA,NA,NA
2025-11-26 11:00:00,NA,295.60,18.18,38.23,35.12,NA,NA,1.39,121.62,NA,NA,NA,NA,NA,NA,NA,NA,NA,NA,NA,0.00,NA,NA,NA
2025-11-26 12:00:00,NA,297.42,9.52,25.41,21.26,NA,NA,1.29,159.38,NA,NA,NA,NA,NA,NA,NA,NA,NA,NA,NA,0.00,NA,NA,NA
2025-11-26 13:00:00,NA,293.40,9.46,21.84,19.31,NA,NA,1.26,170.80,NA,NA,NA,NA,NA,NA,NA,NA,NA,NA,NA,0.00,NA,NA,NA
2025-11-26 14:00:00,175.25,262.88,10.56,19.55,18.99,NA,NA,0.72,168.84,NA,NA,NA,NA,NA,NA,NA,NA,NA,NA,NA,0.00,NA,NA,NA
2025-11-26 15:00:00,120.48,260.33,11.05,21.78,20.57,NA,NA,0.20,147.87,NA,NA,NA,NA,NA,NA,NA,NA,NA,NA,NA,0.00,NA,NA,NA
2025-11-26 16:00:00,127.38,244.92,11.09,26.56,23.14,NA,NA,0.25,115.26,NA,NA,NA,NA,NA,NA,NA,NA,NA,NA,NA,0.00,NA,NA,NA
2025-11-26 17:00:00,117.40,217.82,19.94,48.54,42.03,NA,NA,0.46,26.12,NA,NA,NA,NA,NA,NA,NA,NA,NA,NA,NA,0.00,NA,NA,NA
2025-11-26 18:00:00,108.68,247.45,45.45,44.04,60.38,NA,NA,0.64,18.77,NA,NA,NA,NA,NA,NA,NA,NA,NA,NA,NA,0.00,NA,NA,NA
2025-11-26 19:00:00,107.10,241.35,69.43,34.38,74.73,NA,NA,0.87,19.95,NA,NA,NA,NA,NA,NA,NA,NA,NA,NA,NA,0.00,NA,NA,NA
2025-11-26 20:00:00,113.22,254.32,119.58,24.88,110.45,NA,NA,1.24,15.03,NA,NA,NA,NA,NA,NA,NA,NA,NA,NA,NA,0.00,NA,NA,NA
2025-11-26 21:00:00,122.80,278.90,144.85,17.92,127.29,NA,NA,1.49,18.39,NA,NA,NA,NA,NA,NA,NA,NA,NA,NA,NA,0.00,NA,NA,NA
2025-11-26 22:00:00,146.22,319.77,157.78,12.32,134.83,NA,NA,1.64,17.34,NA,NA,NA,NA,NA,NA,NA,NA,NA,NA,NA,0.00,NA,NA,NA
2025-11-26 23:00:00,194.52,376.65,162.74,12.40,138.91,NA,NA,1.79,18.25,NA,NA,NA,NA,NA,NA,NA,NA,NA,NA,NA,0.00,NA,NA,NA
2025-11-27 00:00:00,214.70,356.15,162.50,12.46,138.74,NA,NA,1.83,15.58,NA,NA,NA,NA,NA,NA,NA,NA,NA,NA,NA,0.00,NA,NA,NA
2025-11-27 01:00:00,187.75,278.40,157.73,10.48,133.80,NA,NA,1.82,16.48,NA,NA,NA,NA,NA,NA,NA,NA,NA,NA,NA,0.00,NA,NA,NA
2025-11-27 02:00:00,156.50,258.98,146.63,11.76,125.47,NA,NA,1.76,14.47,NA,NA,NA,NA,NA,NA,NA,NA,NA,NA,NA,0.00,NA,NA,NA
2025-11-27 03:00:00,148.60,243.47,147.42,9.22,124.75,NA,NA,1.80,15.23,NA,NA,NA,NA,NA,NA,NA,NA,NA,NA,NA,0.00,NA,NA,NA
2025-11-27 04:00:00,167.38,265.48,155.17,8.77,130.82,NA,NA,2.00,13.69,NA,NA,NA,NA,NA,NA,NA,NA,NA,NA,NA,0.00,NA,NA,NA
2025-11-27 05:00:00,230.45,335.65,163.16,7.77,136.79,NA,NA,2.21,15.80,NA,NA,NA,NA,NA,NA,NA,NA,NA,NA,NA,0.00,NA,NA,NA
2025-11-27 06:00:00,233.92,392.28,182.39,5.89,151.43,NA,NA,2.47,14.16,NA,NA,NA,NA,NA,NA,NA,NA,NA,NA,NA,0.00,NA,NA,NA
2025-11-27 07:00:00,258.90,436.90,196.00,6.55,162.83,NA,NA,2.66,13.94,NA,NA,NA,NA,NA,NA,NA,NA,NA,NA,NA,0.00,NA,NA,NA
2025-11-27 08:00:00,262.08,467.60,194.65,9.43,163.27,NA,NA,2.68,13.34,NA,NA,NA,NA,NA,NA,NA,NA,NA,NA,NA,0.00,NA,NA,NA
2025-11-27 09:00:00,296.08,464.05,139.32,39.08,134.05,NA,NA,2.26,21.50,NA,NA,NA,NA,NA,NA,NA,NA,NA,NA,NA,0.00,NA,NA,NA
2025-11-27 10:00:00,333.55,534.92,88.41,66.03,107.00,NA,NA,1.81,50.90,NA,NA,NA,NA,NA,NA,NA,NA,NA,NA,NA,0.00,NA,NA,NA
2025-11-27 11:00:00,273.70,471.58,64.00,50.16,78.71,NA,NA,1.35,112.51,NA,NA,NA,NA,NA,NA,NA,NA,NA,NA,NA,0.00,NA,NA,NA
2025-11-27 12:00:00,169.32,315.82,48.13,30.77,55.50,NA,NA,1.02,129.65,NA,NA,NA,NA,NA,NA,NA,NA,NA,NA,NA,0.00,NA,NA,NA
2025-11-27 13:00:00,165.18,268.38,35.12,35.29,47.32,NA,NA,0.95,146.78,NA,NA,NA,NA,NA,NA,NA,NA,NA,NA,NA,0.00,NA,NA,NA
2025-11-27 14:00:00,176.68,296.85,26.52,35.12,40.25,NA,NA,0.87,162.24,NA,NA,NA,NA,NA,NA,NA,NA,NA,NA,NA,0.00,NA,NA,NA
2025-11-27 15:00:00,159.10,291.38,20.53,32.02,33.73,NA,NA,0.76,146.82,NA,NA,NA,NA,NA,NA,NA,NA,NA,NA,NA,0.00,NA,NA,NA
2025-11-27 16:00:00,132.12,258.48,20.02,41.14,38.16,NA,NA,0.81,68.37,NA,NA,NA,NA,NA,NA,NA,NA,NA,NA,NA,0.00,NA,NA,NA
2025-11-27 17:00:00,124.05,264.77,27.96,52.80,50.82,NA,NA,0.95,14.51,NA,NA,NA,NA,NA,NA,NA,NA,NA,NA,NA,0.00,NA,NA,NA
2025-11-27 18:00:00,116.25,257.48,47.01,44.00,61.62,NA,NA,1.04,13.18,NA,NA,NA,NA,NA,NA,NA,NA,NA,NA,NA,0.00,NA,NA,NA
2025-11-27 19:00:00,116.68,242.25,85.74,31.42,86.42,NA,NA,1.31,12.42,NA,NA,NA,NA,NA,NA,NA,NA,NA,NA,NA,0.00,NA,NA,NA
2025-11-27 20:00:00,154.05,299.65,130.39,23.39,118.44,NA,NA,1.65,10.42,NA,NA,NA,NA,NA,NA,NA,NA,NA,NA,NA,0.00,NA,NA,NA
2025-11-27 21:00:00,197.95,380.05,137.62,19.33,122.17,NA,NA,1.77,14.18,NA,NA,NA,NA,NA,NA,NA,NA,NA,NA,NA,0.00,NA,NA,NA
2025-11-27 22:00:00,200.62,388.58,140.81,14.09,121.97,NA,NA,1.80,14.32,NA,NA,NA,NA,NA,NA,NA,NA,NA,NA,NA,0.00,NA,NA,NA
2025-11-27 23:00:00,172.15,322.10,133.96,14.40,116.57,NA,NA,1.70,13.92,NA,NA,NA,NA,NA,NA,NA,NA,NA,NA,NA,0.00,NA,NA,NA
2025-11-28 00:00:00,157.38,272.40,149.16,12.03,127.66,NA,NA,1.78,13.02,NA,NA,NA,NA,NA,NA,NA,NA,NA,NA,NA,0.00,NA,NA,NA
2025-11-28 01:00:00,176.70,279.90,161.73,9.97,136.80,NA,NA,1.88,12.70,NA,NA,NA,NA,NA,NA,NA,NA,NA,NA,NA,0.00,NA,NA,NA
2025-11-28 02:00:00,201.80,301.55,161.98,10.09,137.05,NA,NA,1.98,13.02,NA,NA,NA,NA,NA,NA,NA,NA,NA,NA,NA,0.00,NA,NA,NA
2025-11-28 03:00:00,196.15,313.73,168.92,8.85,142.04,NA,NA,2.12,13.16,NA,NA,NA,NA,NA,NA,NA,NA,NA,NA,NA,0.00,NA,NA,NA
2025-11-28 04:00:00,217.15,346.20,175.57,8.02,147.00,NA,NA,2.28,12.47,NA,NA,NA,NA,NA,NA,NA,NA,NA,NA,NA,0.00,NA,NA,NA
2025-11-28 05:00:00,240.03,402.30,177.68,6.53,147.93,NA,NA,2.33,14.22,NA,NA,NA,NA,NA,NA,NA,NA,NA,NA,NA,0.00,NA,NA,NA
2025-11-28 06:00:00,274.27,403.20,164.74,8.53,138.47,NA,NA,2.22,12.80,NA,NA,NA,NA,NA,NA,NA,NA,NA,NA,NA,0.00,NA,NA,NA
2025-11-28 07:00:00,248.12,361.98,166.87,7.42,139.62,NA,NA,2.20,13.00,NA,NA,NA,NA,NA,NA,NA,NA,NA,NA,NA,0.00,NA,NA,NA
2025-11-28 08:00:00,221.02,400.70,156.35,18.90,137.16,NA,NA,2.10,13.18,NA,NA,NA,NA,NA,NA,NA,NA,NA,NA,NA,0.00,NA,NA,NA
2025-11-28 09:00:00,232.52,427.35,103.49,48.42,109.90,NA,NA,1.60,21.39,NA,NA,NA,NA,NA,NA,NA,NA,NA,NA,NA,0.00,NA,NA,NA
2025-11-28 10:00:00,252.25,396.18,68.96,49.14,82.20,NA,NA,1.29,58.76,NA,NA,NA,NA,NA,NA,NA,NA,NA,NA,NA,0.00,NA,NA,NA
2025-11-28 11:00:00,188.92,339.65,52.87,43.25,65.98,NA,NA,1.08,92.11,NA,NA,NA,NA,NA,NA,NA,NA,NA,NA,NA,0.00,NA,NA,NA
2025-11-28 12:00:00,117.85,247.10,39.04,31.14,48.30,NA,NA,0.84,105.65,NA,NA,NA,NA,NA,NA,NA,NA,NA,NA,NA,0.00,NA,NA,NA
2025-11-28 13:00:00,117.93,223.18,28.04,27.06,37.19,NA,NA,0.70,128.71,NA,NA,NA,NA,NA,NA,NA,NA,NA,NA,NA,0.00,NA,NA,NA
2025-11-28 14:00:00,138.12,249.62,19.21,26.16,29.53,NA,NA,0.62,131.56,NA,NA,NA,NA,NA,NA,NA,NA,NA,NA,NA,0.00,NA,NA,NA
2025-11-28 15:00:00,101.75,213.52,16.02,22.04,24.75,NA,NA,0.52,109.40,NA,NA,NA,NA,NA,NA,NA,NA,NA,NA,NA,0.00,NA,NA,NA
2025-11-28 16:00:00,84.52,179.60,14.52,23.51,24.30,NA,NA,0.48,75.47,NA,NA,NA,NA,NA,NA,NA,NA,NA,NA,NA,0.00,NA,NA,NA
2025-11-28 17:00:00,89.78,179.72,19.24,39.47,36.62,NA,NA,0.61,22.06,NA,NA,NA,NA,NA,NA,NA,NA,NA,NA,NA,0.00,NA,NA,NA
2025-11-28 18:00:00,95.38,212.75,46.90,40.69,59.76,NA,NA,0.86,14.83,NA,NA,NA,NA,NA,NA,NA,NA,NA,NA,NA,0.00,NA,NA,NA
2025-11-28 19:00:00,97.72,229.42,60.72,38.47,69.82,NA,NA,0.97,13.21,NA,NA,NA,NA,NA,NA,NA,NA,NA,NA,NA,0.00,NA,NA,NA
2025-11-28 20:00:00,103.08,227.68,76.71,31.53,79.14,NA,NA,1.07,10.57,NA,NA,NA,NA,NA,NA,NA,NA,NA,NA,NA,0.00,NA,NA,NA
2025-11-28 21:00:00,121.08,241.50,95.15,25.37,90.85,NA,NA,1.24,10.07,NA,NA,NA,NA,NA,NA,NA,NA,NA,NA,NA,0.00,NA,NA,NA
2025-11-28 22:00:00,160.40,275.00,101.72,21.15,93.94,NA,NA,1.33,10.76,NA,NA,NA,NA,NA,NA,NA,NA,NA,NA,NA,0.00,NA,NA,NA
2025-11-28 23:00:00,151.07,264.35,98.35,19.37,90.26,NA,NA,1.36,10.30,NA,NA,NA,NA,NA,NA,NA,NA,NA,NA,NA,0.00,NA,NA,NA
2025-11-29 00:00:00,161.75,270.23,93.10,18.30,85.42,NA,NA,1.27,8.72,NA,NA,NA,NA,NA,NA,NA,NA,NA,NA,NA,0.00,NA,NA,NA
2025-11-29 01:00:00,158.15,301.28,92.72,16.74,84.29,NA,NA,1.21,10.64,NA,NA,NA,NA,NA,NA,NA,NA,NA,NA,NA,0.00,NA,NA,NA
2025-11-29 02:00:00,156.60,279.48,80.51,16.58,74.28,NA,NA,1.10,10.49,NA,NA,NA,NA,NA,NA,NA,NA,NA,NA,NA,0.00,NA,NA,NA
2025-11-29 03:00:00,165.52,256.10,69.33,15.88,64.81,NA,NA,1.02,11.48,NA,NA,NA,NA,NA,NA,NA,NA,NA,NA,NA,0.00,NA,NA,NA
2025-11-29 04:00:00,166.08,223.52,68.67,16.12,64.40,NA,NA,0.89,8.34,NA,NA,NA,NA,NA,NA,NA,NA,NA,NA,NA,0.00,NA,NA,NA
2025-11-29 05:00:00,151.22,246.20,67.28,15.79,63.10,NA,NA,0.80,10.34,NA,NA,NA,NA,NA,NA,NA,NA,NA,NA,NA,0.00,NA,NA,NA
2025-11-29 06:00:00,146.98,235.12,66.87,13.84,61.72,NA,NA,0.75,10.72,NA,NA,NA,NA,NA,NA,NA,NA,NA,NA,NA,0.00,NA,NA,NA
2025-11-29 07:00:00,140.90,229.95,64.40,13.04,59.30,NA,NA,0.73,9.37,NA,NA,NA,NA,NA,NA,NA,NA,NA,NA,NA,0.00,NA,NA,NA
2025-11-29 08:00:00,119.70,218.05,49.96,25.12,53.97,NA,NA,0.64,14.82,NA,NA,NA,NA,NA,NA,NA,NA,NA,NA,NA,0.00,NA,NA,NA
2025-11-29 09:00:00,115.02,250.73,39.40,32.23,49.18,NA,NA,0.59,30.72,NA,NA,NA,NA,NA,NA,NA,NA,NA,NA,NA,0.00,NA,NA,NA
2025-11-29 10:00:00,140.60,260.18,30.46,28.75,40.05,NA,NA,0.48,51.53,NA,NA,NA,NA,NA,NA,NA,NA,NA,NA,NA,0.00,NA,NA,NA
2025-11-29 11:00:00,114.85,222.60,22.06,22.99,30.16,NA,NA,0.42,73.74,NA,NA,NA,NA,NA,NA,NA,NA,NA,NA,NA,0.00,NA,NA,NA
2025-11-29 12:00:00,92.85,219.95,17.79,21.74,26.03,NA,NA,0.38,90.73,NA,NA,NA,NA,NA,NA,NA,NA,NA,NA,NA,0.00,NA,NA,NA
2025-11-29 13:00:00,91.58,191.85,14.66,17.66,21.31,NA,NA,0.31,99.31,NA,NA,NA,NA,NA,NA,NA,NA,NA,NA,NA,0.00,NA,NA,NA
2025-11-29 14:00:00,65.65,142.82,12.97,13.77,17.87,NA,NA,0.24,95.41,NA,NA,NA,NA,NA,NA,NA,NA,NA,NA,NA,0.00,NA,NA,NA
2025-11-29 15:00:00,78.55,136.98,12.43,13.49,17.28,NA,NA,0.22,88.68,NA,NA,NA,NA,NA,NA,NA,NA,NA,NA,NA,0.00,NA,NA,NA
2025-11-29 16:00:00,84.15,146.07,13.09,18.52,20.50,NA,NA,0.23,64.96,NA,NA,NA,NA,NA,NA,NA,NA,NA,NA,NA,0.00,NA,NA,NA
2025-11-29 17:00:00,62.25,136.93,16.59,31.25,30.11,NA,NA,0.35,24.51,NA,NA,NA,NA,NA,NA,NA,NA,NA,NA,NA,0.00,NA,NA,NA
2025-11-29 18:00:00,64.72,158.18,43.19,32.41,52.35,NA,NA,0.57,13.24,NA,NA,NA,NA,NA,NA,NA,NA,NA,NA,NA,0.00,NA,NA,NA
2025-11-29 19:00:00,72.30,188.08,68.01,29.16,70.80,NA,NA,0.76,14.55,NA,NA,NA,NA,NA,NA,NA,NA,NA,NA,NA,0.00,NA,NA,NA
2025-11-29 20:00:00,84.82,200.25,83.14,25.71,81.27,NA,NA,0.91,13.26,NA,NA,NA,NA,NA,NA,NA,NA,NA,NA,NA,0.00,NA,NA,NA
2025-11-29 21:00:00,94.50,219.77,94.20,22.54,88.57,NA,NA,0.99,10.54,NA,NA,NA,NA,NA,NA,NA,NA,NA,NA,NA,0.00,NA,NA,NA
2025-11-29 22:00:00,120.17,247.12,94.82,21.14,88.34,NA,NA,1.04,10.13,NA,NA,NA,NA,NA,NA,NA,NA,NA,NA,NA,0.00,NA,NA,NA
2025-11-29 23:00:00,153.90,267.27,88.94,21.55,83.76,NA,NA,1.05,10.83,NA,NA,NA,NA,NA,NA,NA,NA,NA,NA,NA,0.00,NA,NA,NA
2025-11-30 00:00:00,165.10,286.20,85.42,20.36,80.27,NA,NA,1.07,11.04,NA,NA,NA,NA,NA,NA,NA,NA,NA,NA,NA,0.00,NA,NA,NA
2025-11-30 01:00:00,153.60,265.73,90.72,17.56,83.09,NA,NA,1.03,11.54,NA,NA,NA,NA,NA,NA,NA,NA,NA,NA,NA,0.00,NA,NA,NA
2025-11-30 02:00:00,154.25,245.50,87.41,16.37,79.78,NA,NA,0.95,10.50,NA,NA,NA,NA,NA,NA,NA,NA,NA,NA,NA,0.00,NA,NA,NA
2025-11-30 03:00:00,143.02,257.28,85.32,14.19,76.92,NA,NA,0.88,11.56,NA,NA,NA,NA,NA,NA,NA,NA,NA,NA,NA,0.00,NA,NA,NA
2025-11-30 04:00:00,162.07,240.08,73.57,15.55,68.08,NA,NA,0.79,9.42,NA,NA,NA,NA,NA,NA,NA,NA,NA,NA,NA,0.00,NA,NA,NA
2025-11-30 05:00:00,138.48,197.95,60.92,16.37,58.24,NA,NA,0.64,7.23,NA,NA,NA,NA,NA,NA,NA,NA,NA,NA,NA,0.00,NA,NA,NA
2025-11-30 06:00:00,131.75,182.08,54.23,15.28,52.22,NA,NA,0.54,8.45,NA,NA,NA,NA,NA,NA,NA,NA,NA,NA,NA,0.00,NA,NA,NA
2025-11-30 07:00:00,120.50,172.65,57.40,13.93,54.07,NA,NA,0.54,9.40,NA,NA,NA,NA,NA,NA,NA,NA,NA,NA,NA,0.00,NA,NA,NA
2025-11-30 08:00:00,109.25,210.30,54.32,21.72,55.72,NA,NA,0.56,13.47,NA,NA,NA,NA,NA,NA,NA,NA,NA,NA,NA,0.00,NA,NA,NA
2025-11-30 09:00:00,116.68,234.08,37.54,27.66,45.23,NA,NA,0.45,37.75,NA,NA,NA,NA,NA,NA,NA,NA,NA,NA,NA,0.00,NA,NA,NA
2025-11-30 10:00:00,125.30,247.30,30.87,25.25,38.53,NA,NA,0.44,52.20,NA,NA,NA,NA,NA,NA,NA,NA,NA,NA,NA,0.00,NA,NA,NA
2025-11-30 11:00:00,155.52,249.40,23.66,23.41,31.69,NA,NA,0.43,68.32,NA,NA,NA,NA,NA,NA,NA,NA,NA,NA,NA,0.00,NA,NA,NA
2025-11-30 12:00:00,149.60,259.08,16.18,20.75,24.19,NA,NA,0.39,91.09,NA,NA,NA,NA,NA,NA,NA,NA,NA,NA,NA,0.00,NA,NA,NA
2025-11-30 13:00:00,128.02,223.10,13.35,16.95,19.87,NA,NA,0.33,102.62,NA,NA,NA,NA,NA,NA,NA,NA,NA,NA,NA,0.00,NA,NA,NA
2025-11-30 14:00:00,96.00,188.23,12.19,13.86,17.28,NA,NA,0.29,99.29,NA,NA,NA,NA,NA,NA,NA,NA,NA,NA,NA,0.00,NA,NA,NA
2025-11-30 15:00:00,71.55,163.50,12.77,14.72,18.22,NA,NA,0.26,86.47,NA,NA,NA,NA,NA,NA,NA,NA,NA,NA,NA,0.00,NA,NA,NA
2025-11-30 16:00:00,82.10,153.92,12.71,18.43,20.13,NA,NA,0.28,62.29,NA,NA,NA,NA,NA,NA,NA,NA,NA,NA,NA,0.00,NA,NA,NA
2025-11-30 17:00:00,79.90,152.65,21.90,35.24,36.51,NA,NA,0.38,16.86,NA,NA,NA,NA,NA,NA,NA,NA,NA,NA,NA,0.00,NA,NA,NA
2025-11-30 18:00:00,81.68,193.12,39.83,34.56,50.77,NA,NA,0.51,12.49,NA,NA,NA,NA,NA,NA,NA,NA,NA,NA,NA,0.00,NA,NA,NA
2025-11-30 19:00:00,96.42,224.98,52.85,32.07,60.04,NA,NA,0.66,12.18,NA,NA,NA,NA,NA,NA,NA,NA,NA,NA,NA,0.00,NA,NA,NA
2025-11-30 20:00:00,108.72,228.35,53.93,30.08,59.84,NA,NA,0.74,12.52,NA,NA,NA,NA,NA,NA,NA,NA,NA,NA,NA,0.00,NA,NA,NA
2025-11-30 21:00:00,145.95,244.95,52.64,28.99,58.22,NA,NA,0.93,9.05,NA,NA,NA,NA,NA,NA,NA,NA,NA,NA,NA,0.00,NA,NA,NA
2025-11-30 22:00:00,143.15,235.78,67.53,22.58,66.91,NA,NA,0.95,9.12,NA,NA,NA,NA,NA,NA,NA,NA,NA,NA,NA,0.00,NA,NA,NA
2025-11-30 23:00:00,134.43,245.60,77.04,19.19,72.84,NA,NA,1.02,10.66,NA,NA,NA,NA,NA,NA,NA,NA,NA,NA,NA,0.00,NA,NA,NA
2025-12-01 00:00:00,145.98,239.48,78.56,19.10,74.03,NA,NA,1.02,8.86,NA,NA,NA,NA,NA,NA,NA,NA,NA,NA,NA,0.00,NA,NA,NA
2025-12-01 01:00:00,143.52,227.75,76.56,17.44,71.52,NA,NA,1.06,7.98,NA,NA,NA,NA,NA,NA,NA,NA,NA,NA,NA,0.00,NA,NA,NA
2025-12-01 02:00:00,134.57,207.02,91.51,12.16,80.86,NA,NA,1.10,6.03,NA,NA,NA,NA,NA,NA,NA,NA,NA,NA,NA,0.00,NA,NA,NA
2025-12-01 03:00:00,154.98,250.38,114.45,7.57,97.07,NA,NA,1.17,8.14,NA,NA,NA,NA,NA,NA,NA,NA,NA,NA,NA,0.00,NA,NA,NA
2025-12-01 04:00:00,173.10,261.82,113.63,10.51,97.97,NA,NA,1.11,6.64,NA,NA,NA,NA,NA,NA,NA,NA,NA,NA,NA,0.00,NA,NA,NA
2025-12-01 05:00:00,164.20,224.65,109.91,12.23,95.86,NA,NA,1.07,9.77,NA,NA,NA,NA,NA,NA,NA,NA,NA,NA,NA,0.00,NA,NA,NA
2025-12-01 06:00:00,135.90,203.45,102.19,15.26,91.05,NA,NA,0.98,5.79,NA,NA,NA,NA,NA,NA,NA,NA,NA,NA,NA,0.00,NA,NA,NA
2025-12-01 07:00:00,126.90,228.00,92.98,15.02,83.58,NA,NA,0.86,9.49,NA,NA,NA,NA,NA,NA,NA,NA,NA,NA,NA,0.00,NA,NA,NA
2025-12-01 08:00:00,112.72,217.42,96.61,19.03,88.68,NA,NA,0.87,13.26,NA,NA,NA,NA,NA,NA,NA,NA,NA,NA,NA,0.00,NA,NA,NA
2025-12-01 09:00:00,163.78,258.32,64.30,45.53,76.50,NA,NA,0.76,22.50,NA,NA,NA,NA,NA,NA,NA,NA,NA,NA,NA,0.00,NA,NA,NA
2025-12-01 10:00:00,134.30,213.58,50.07,45.37,64.84,NA,NA,0.63,40.76,NA,NA,NA,NA,NA,NA,NA,NA,NA,NA,NA,0.00,NA,NA,NA
2025-12-01 11:00:00,107.78,230.92,38.63,29.31,47.00,NA,NA,0.52,68.55,NA,NA,NA,NA,NA,NA,NA,NA,NA,NA,NA,0.00,NA,NA,NA
2025-12-01 12:00:00,78.28,177.22,30.26,21.33,35.95,NA,NA,0.42,95.11,NA,NA,NA,NA,NA,NA,NA,NA,NA,NA,NA,0.00,NA,NA,NA
2025-12-01 13:00:00,79.95,147.38,22.20,18.86,28.08,NA,NA,0.37,105.56,NA,NA,NA,NA,NA,NA,NA,NA,NA,NA,NA,0.00,NA,NA,NA
2025-12-01 14:00:00,75.95,168.65,17.79,19.17,24.66,NA,NA,0.36,126.52,NA,NA,NA,NA,NA,NA,NA,NA,NA,NA,NA,0.00,NA,NA,NA
2025-12-01 15:00:00,82.75,188.18,14.47,17.58,21.12,NA,NA,0.33,114.91,NA,NA,NA,NA,NA,NA,NA,NA,NA,NA,NA,0.00,NA,NA,NA
2025-12-01 16:00:00,79.38,190.55,13.47,23.41,23.40,NA,NA,0.35,87.34,NA,NA,NA,NA,NA,NA,NA,NA,NA,NA,NA,0.00,NA,NA,NA
2025-12-01 17:00:00,96.30,203.85,17.96,47.65,39.94,NA,NA,0.59,19.33,NA,NA,NA,NA,NA,NA,NA,NA,NA,NA,NA,0.00,NA,NA,NA
2025-12-01 18:00:00,95.48,232.32,36.47,46.81,54.54,NA,NA,0.75,11.39,NA,NA,NA,NA,NA,NA,NA,NA,NA,NA,NA,0.00,NA,NA,NA
2025-12-01 19:00:00,96.00,235.10,68.09,41.16,77.23,NA,NA,0.94,13.85,NA,NA,NA,NA,NA,NA,NA,NA,NA,NA,NA,0.00,NA,NA,NA
2025-12-01 20:00:00,104.85,245.25,84.41,34.14,86.78,NA,NA,1.14,13.05,NA,NA,NA,NA,NA,NA,NA,NA,NA,NA,NA,0.00,NA,NA,NA
2025-12-01 21:00:00,114.95,244.38,114.00,26.26,106.65,NA,NA,1.38,11.62,NA,NA,NA,NA,NA,NA,NA,NA,NA,NA,NA,0.00,NA,NA,NA
2025-12-01 22:00:00,151.28,281.65,128.26,21.49,115.70,NA,NA,1.57,8.70,NA,NA,NA,NA,NA,NA,NA,NA,NA,NA,NA,0.00,NA,NA,NA
2025-12-01 23:00:00,174.82,319.00,133.63,18.60,118.54,NA,NA,1.64,9.49,NA,NA,NA,NA,NA,NA,NA,NA,NA,NA,NA,0.00,NA,NA,NA
2025-12-02 00:00:00,181.78,333.30,135.37,18.70,120.00,NA,NA,1.71,10.20,NA,NA,NA,NA,NA,NA,NA,NA,NA,NA,NA,0.00,NA,NA,NA
2025-12-02 01:00:00,194.62,368.62,133.62,17.90,118.15,NA,NA,1.78,9.38,NA,NA,NA,NA,NA,NA,NA,NA,NA,NA,NA,0.00,NA,NA,NA
2025-12-02 02:00:00,183.52,335.95,136.39,16.02,119.41,NA,NA,1.82,6.11,NA,NA,NA,NA,NA,NA,NA,NA,NA,NA,NA,0.00,NA,NA,NA
2025-12-02 03:00:00,197.70,308.25,147.60,15.70,128.34,NA,NA,1.82,11.30,NA,NA,NA,NA,NA,NA,NA,NA,NA,NA,NA,0.00,NA,NA,NA
2025-12-02 04:00:00,222.52,320.85,154.74,12.20,132.30,NA,NA,1.78,12.44,NA,NA,NA,NA,NA,NA,NA,NA,NA,NA,NA,0.00,NA,NA,NA
2025-12-02 05:00:00,199.20,313.43,146.48,13.37,126.20,NA,NA,1.66,10.60,NA,NA,NA,NA,NA,NA,NA,NA,NA,NA,NA,0.00,NA,NA,NA
2025-12-02 06:00:00,182.02,268.92,138.22,11.02,118.24,NA,NA,1.58,11.52,NA,NA,NA,NA,NA,NA,NA,NA,NA,NA,NA,0.00,NA,NA,NA
2025-12-02 07:00:00,157.80,231.72,142.54,9.42,120.91,NA,NA,1.58,10.40,NA,NA,NA,NA,NA,NA,NA,NA,NA,NA,NA,0.00,NA,NA,NA
2025-12-02 08:00:00,159.10,312.32,147.24,14.69,127.51,NA,NA,1.63,12.25,NA,NA,NA,NA,NA,NA,NA,NA,NA,NA,NA,0.00,NA,NA,NA
2025-12-02 09:00:00,239.45,377.35,114.54,44.73,116.90,NA,NA,1.54,17.34,NA,NA,NA,NA,NA,NA,NA,NA,NA,NA,NA,0.00,NA,NA,NA
2025-12-02 10:00:00,271.23,500.10,69.15,58.28,87.26,NA,NA,1.17,44.82,NA,NA,NA,NA,NA,NA,NA,NA,NA,NA,NA,0.00,NA,NA,NA
2025-12-02 11:00:00,216.20,460.62,39.68,47.99,57.80,NA,NA,0.95,81.14,NA,NA,NA,NA,NA,NA,NA,NA,NA,NA,NA,0.00,NA,NA,NA
2025-12-02 12:00:00,204.78,446.70,19.84,44.98,40.04,NA,NA,0.74,102.10,NA,NA,NA,NA,NA,NA,NA,NA,NA,NA,NA,0.00,NA,NA,NA
2025-12-02 13:00:00,245.30,446.12,14.52,41.22,33.73,NA,NA,0.59,122.20,NA,NA,NA,NA,NA,NA,NA,NA,NA,NA,NA,0.00,NA,NA,NA
2025-12-02 14:00:00,218.52,413.22,18.63,33.90,33.18,NA,NA,0.53,121.75,NA,NA,NA,NA,NA,NA,NA,NA,NA,NA,NA,0.00,NA,NA,NA
2025-12-02 15:00:00,228.73,487.92,17.45,55.43,43.68,NA,NA,0.73,107.44,NA,NA,NA,NA,NA,NA,NA,NA,NA,NA,NA,0.00,NA,NA,NA
2025-12-02 16:00:00,235.95,453.05,20.66,60.72,49.09,NA,NA,0.80,72.43,NA,NA,NA,NA,NA,NA,NA,NA,NA,NA,NA,0.00,NA,NA,NA
2025-12-02 17:00:00,200.80,378.50,18.46,52.52,42.95,NA,NA,0.86,41.46,NA,NA,NA,NA,NA,NA,NA,NA,NA,NA,NA,0.00,NA,NA,NA
2025-12-02 18:00:00,153.05,303.62,34.36,48.14,53.55,NA,NA,1.06,19.15,NA,NA,NA,NA,NA,NA,NA,NA,NA,NA,NA,0.00,NA,NA,NA
2025-12-02 19:00:00,142.12,291.25,71.09,39.25,78.68,NA,NA,1.36,19.89,NA,NA,NA,NA,NA,NA,NA,NA,NA,NA,NA,0.00,NA,NA,NA
2025-12-02 20:00:00,140.12,310.70,76.20,31.16,78.54,NA,NA,1.37,18.66,NA,NA,NA,NA,NA,NA,NA,NA,NA,NA,NA,0.00,NA,NA,NA
2025-12-02 21:00:00,143.88,314.85,88.43,25.68,85.54,NA,NA,1.48,15.69,NA,NA,NA,NA,NA,NA,NA,NA,NA,NA,NA,0.00,NA,NA,NA
2025-12-02 22:00:00,154.43,294.52,76.85,25.23,75.90,NA,NA,1.38,16.90,NA,NA,NA,NA,NA,NA,NA,NA,NA,NA,NA,0.00,NA,NA,NA
2025-12-02 23:00:00,191.08,318.85,87.94,19.87,82.08,NA,NA,1.48,13.67,NA,NA,NA,NA,NA,NA,NA,NA,NA,NA,NA,0.00,NA,NA,NA
2025-12-03 00:00:00,175.08,297.58,94.22,16.04,85.14,NA,NA,1.44,11.91,NA,NA,NA,NA,NA,NA,NA,NA,NA,NA,NA,0.00,NA,NA,NA
2025-12-03 01:00:00,171.52,291.98,92.42,15.94,83.61,NA,NA,1.36,10.93,NA,NA,NA,NA,NA,NA,NA,NA,NA,NA,NA,0.00,NA,NA,NA
2025-12-03 02:00:00,154.25,255.32,76.93,17.53,71.86,NA,NA,1.20,10.20,NA,NA,NA,NA,NA,NA,NA,NA,NA,NA,NA,0.00,NA,NA,NA
2025-12-03 03:00:00,145.02,270.80,71.08,17.34,67.00,NA,NA,1.13,11.00,NA,NA,NA,NA,NA,NA,NA,NA,NA,NA,NA,0.00,NA,NA,NA
2025-12-03 04:00:00,151.82,238.50,67.43,18.15,64.47,NA,NA,1.00,10.39,NA,NA,NA,NA,NA,NA,NA,NA,NA,NA,NA,0.00,NA,NA,NA
2025-12-03 05:00:00,153.25,221.42,60.19,18.56,58.80,NA,NA,0.88,11.40,NA,NA,NA,NA,NA,NA,NA,NA,NA,NA,NA,0.00,NA,NA,NA
2025-12-03 06:00:00,154.57,213.65,58.94,15.46,56.15,NA,NA,0.83,11.23,NA,NA,NA,NA,NA,NA,NA,NA,NA,NA,NA,0.00,NA,NA,NA
2025-12-03 07:00:00,138.88,255.60,63.27,13.46,58.60,NA,NA,0.86,15.34,NA,NA,NA,NA,NA,NA,NA,NA,NA,NA,NA,0.00,NA,NA,NA
2025-12-03 08:00:00,122.88,257.25,70.88,17.35,66.86,NA,NA,0.89,16.18,NA,NA,NA,NA,NA,NA,NA,NA,NA,NA,NA,0.00,NA,NA,NA
2025-12-03 09:00:00,133.72,300.10,52.29,36.05,61.68,NA,NA,0.81,31.16,NA,NA,NA,NA,NA,NA,NA,NA,NA,NA,NA,0.00,NA,NA,NA
2025-12-03 10:00:00,173.45,329.75,34.73,33.21,45.90,NA,NA,0.65,91.82,NA,NA,NA,NA,NA,NA,NA,NA,NA,NA,NA,0.00,NA,NA,NA
2025-12-03 11:00:00,132.55,265.05,23.20,23.60,31.41,NA,NA,0.52,120.66,NA,NA,NA,NA,NA,NA,NA,NA,NA,NA,NA,0.00,NA,NA,NA
2025-12-03 12:00:00,100.40,223.08,16.42,19.46,23.69,NA,NA,0.46,128.70,NA,NA,NA,NA,NA,NA,NA,NA,NA,NA,NA,0.00,NA,NA,NA
2025-12-03 13:00:00,108.75,212.32,13.82,16.92,20.24,NA,NA,0.42,130.11,NA,NA,NA,NA,NA,NA,NA,NA,NA,NA,NA,0.00,NA,NA,NA
2025-12-03 14:00:00,87.25,220.98,13.77,13.56,18.41,NA,NA,0.36,120.29,NA,NA,NA,NA,NA,NA,NA,NA,NA,NA,NA,0.00,NA,NA,NA
2025-12-03 15:00:00,74.68,165.08,12.26,12.56,16.65,NA,NA,0.32,113.52,NA,NA,NA,NA,NA,NA,NA,NA,NA,NA,NA,0.00,NA,NA,NA
2025-12-03 16:00:00,68.70,145.70,12.52,17.71,19.60,NA,NA,0.34,82.62,NA,NA,NA,NA,NA,NA,NA,NA,NA,NA,NA,0.00,NA,NA,NA
2025-12-03 17:00:00,59.58,136.72,18.00,32.27,31.80,NA,NA,0.42,26.33,NA,NA,NA,NA,NA,NA,NA,NA,NA,NA,NA,0.00,NA,NA,NA
2025-12-03 18:00:00,69.78,176.60,49.63,33.78,58.34,NA,NA,0.70,11.16,NA,NA,NA,NA,NA,NA,NA,NA,NA,NA,NA,0.00,NA,NA,NA
2025-12-03 19:00:00,73.28,204.80,67.42,30.58,71.09,NA,NA,0.85,15.29,NA,NA,NA,NA,NA,NA,NA,NA,NA,NA,NA,0.00,NA,NA,NA
2025-12-03 20:00:00,95.50,225.50,79.39,26.58,78.68,NA,NA,1.02,12.21,NA,NA,NA,NA,NA,NA,NA,NA,NA,NA,NA,0.00,NA,NA,NA
2025-12-03 21:00:00,101.62,242.62,89.58,24.54,85.88,NA,NA,1.08,11.37,NA,NA,NA,NA,NA,NA,NA,NA,NA,NA,NA,0.00,NA,NA,NA
2025-12-03 22:00:00,151.95,292.90,90.60,22.56,85.66,NA,NA,1.17,15.05,NA,NA,NA,NA,NA,NA,NA,NA,NA,NA,NA,0.00,NA,NA,NA
2025-12-03 23:00:00,174.05,317.15,91.49,20.31,85.19,NA,NA,1.21,11.65,NA,NA,NA,NA,NA,NA,NA,NA,NA,NA,NA,0.00,NA,NA,NA
2025-12-04 00:00:00,161.43,284.02,95.58,17.52,87.03,NA,NA,1.25,9.01,NA,NA,NA,NA,NA,NA,NA,NA,NA,NA,NA,0.00,NA,NA,NA
2025-12-04 01:00:00,145.90,246.82,98.08,15.54,88.01,NA,NA,1.21,9.45,NA,NA,NA,NA,NA,NA,NA,NA,NA,NA,NA,0.00,NA,NA,NA
2025-12-04 02:00:00,144.22,278.10,91.46,15.49,82.60,NA,NA,1.11,10.46,NA,NA,NA,NA,NA,NA,NA,NA,NA,NA,NA,0.00,NA,NA,NA
2025-12-04 03:00:00,166.08,268.52,88.41,14.72,79.70,NA,NA,1.01,12.54,NA,NA,NA,NA,NA,NA,NA,NA,NA,NA,NA,0.00,NA,NA,NA
2025-12-04 04:00:00,153.70,230.35,69.14,14.38,63.85,NA,NA,0.88,11.62,NA,NA,NA,NA,NA,NA,NA,NA,NA,NA,NA,0.00,NA,NA,NA
2025-12-04 05:00:00,131.82,192.10,61.74,14.75,58.05,NA,NA,0.77,14.92,NA,NA,NA,NA,NA,NA,NA,NA,NA,NA,NA,0.00,NA,NA,NA
2025-12-04 06:00:00,133.45,231.20,64.14,13.53,59.34,NA,NA,0.72,10.60,NA,NA,NA,NA,NA,NA,NA,NA,NA,NA,NA,0.00,NA,NA,NA
2025-12-04 07:00:00,130.45,253.38,59.01,15.02,55.96,NA,NA,0.69,12.15,NA,NA,NA,NA,NA,NA,NA,NA,NA,NA,NA,0.00,NA,NA,NA
2025-12-04 08:00:00,126.68,272.50,48.98,22.72,51.90,NA,NA,0.68,19.05,NA,NA,NA,NA,NA,NA,NA,NA,NA,NA,NA,0.00,NA,NA,NA
2025-12-04 09:00:00,176.55,299.85,37.61,31.36,47.26,NA,NA,0.66,36.03,NA,NA,NA,NA,NA,NA,NA,NA,NA,NA,NA,0.00,NA,NA,NA
2025-12-04 10:00:00,175.50,321.12,24.23,30.51,35.92,NA,NA,0.50,83.68,NA,NA,NA,NA,NA,NA,NA,NA,NA,NA,NA,0.00,NA,NA,NA
2025-12-04 11:00:00,136.12,256.92,13.42,20.29,21.70,NA,NA,0.35,98.35,NA,NA,NA,NA,NA,NA,NA,NA,NA,NA,NA,0.00,NA,NA,NA
2025-12-04 12:00:00,109.95,224.05,12.16,16.88,18.87,NA,NA,0.32,103.20,NA,NA,NA,NA,NA,NA,NA,NA,NA,NA,NA,0.00,NA,NA,NA
2025-12-04 13:00:00,104.68,213.32,12.73,13.83,17.70,NA,NA,0.31,114.40,NA,NA,NA,NA,NA,NA,NA,NA,NA,NA,NA,0.00,NA,NA,NA
2025-12-04 14:00:00,107.50,231.32,12.84,13.38,17.55,NA,NA,0.31,114.91,NA,NA,NA,NA,NA,NA,NA,NA,NA,NA,NA,0.00,NA,NA,NA
2025-12-04 15:00:00,98.32,212.30,12.53,13.72,17.49,NA,NA,0.31,109.69,NA,NA,NA,NA,NA,NA,NA,NA,NA,NA,NA,0.00,NA,NA,NA
2025-12-04 16:00:00,100.45,192.65,12.55,17.58,19.56,NA,NA,0.32,82.40,NA,NA,NA,NA,NA,NA,NA,NA,NA,NA,NA,0.00,NA,NA,NA
2025-12-04 17:00:00,83.10,192.52,15.03,33.48,30.04,NA,NA,0.45,28.90,NA,NA,NA,NA,NA,NA,NA,NA,NA,NA,NA,0.00,NA,NA,NA
2025-12-04 18:00:00,85.30,205.18,45.08,35.30,55.45,NA,NA,0.74,11.39,NA,NA,NA,NA,NA,NA,NA,NA,NA,NA,NA,0.00,NA,NA,NA
2025-12-04 19:00:00,93.18,222.30,71.34,29.56,73.74,NA,NA,0.94,11.18,NA,NA,NA,NA,NA,NA,NA,NA,NA,NA,NA,0.00,NA,NA,NA
2025-12-04 20:00:00,99.08,231.58,93.03,23.60,88.20,NA,NA,1.13,9.67,NA,NA,NA,NA,NA,NA,NA,NA,NA,NA,NA,0.00,NA,NA,NA
2025-12-04 21:00:00,139.80,240.80,97.63,21.54,90.83,NA,NA,1.21,7.76,NA,NA,NA,NA,NA,NA,NA,NA,NA,NA,NA,0.00,NA,NA,NA
2025-12-04 22:00:00,149.68,264.75,94.34,21.84,88.32,NA,NA,1.23,7.29,NA,NA,NA,NA,NA,NA,NA,NA,NA,NA,NA,0.00,NA,NA,NA
2025-12-04 23:00:00,163.92,276.68,102.29,20.10,93.86,NA,NA,1.23,8.16,NA,NA,NA,NA,NA,NA,NA,NA,NA,NA,NA,0.00,NA,NA,NA
2025-12-05 00:00:00,169.85,280.40,113.62,14.87,100.29,NA,NA,1.28,7.26,NA,NA,NA,NA,NA,NA,NA,NA,NA,NA,NA,0.00,NA,NA,NA
2025-12-05 01:00:00,156.12,260.70,114.60,12.47,99.81,NA,NA,1.33,9.15,NA,NA,NA,NA,NA,NA,NA,NA,NA,NA,NA,0.00,NA,NA,NA
2025-12-05 02:00:00,137.32,266.10,119.62,10.95,103.07,NA,NA,1.32,8.05,NA,NA,NA,NA,NA,NA,NA,NA,NA,NA,NA,0.00,NA,NA,NA
2025-12-05 03:00:00,173.32,264.35,116.67,11.22,100.83,NA,NA,1.22,6.57,NA,NA,NA,NA,NA,NA,NA,NA,NA,NA,NA,0.00,NA,NA,NA
2025-12-05 04:00:00,166.92,248.50,111.20,14.76,98.26,NA,NA,1.06,8.92,NA,NA,NA,NA,NA,NA,NA,NA,NA,NA,NA,0.00,NA,NA,NA
2025-12-05 05:00:00,149.12,260.18,92.32,17.67,84.44,NA,NA,0.96,7.46,NA,NA,NA,NA,NA,NA,NA,NA,NA,NA,NA,0.00,NA,NA,NA
2025-12-05 06:00:00,109.62,216.45,72.00,20.25,69.30,NA,NA,0.83,6.80,NA,NA,NA,NA,NA,NA,NA,NA,NA,NA,NA,0.00,NA,NA,NA
2025-12-05 07:00:00,105.15,194.92,70.23,18.80,67.10,NA,NA,0.75,5.38,NA,NA,NA,NA,NA,NA,NA,NA,NA,NA,NA,0.00,NA,NA,NA
2025-12-05 08:00:00,109.98,197.52,65.83,21.51,64.96,NA,NA,0.73,11.96,NA,NA,NA,NA,NA,NA,NA,NA,NA,NA,NA,0.00,NA,NA,NA
2025-12-05 09:00:00,156.42,228.20,42.43,31.56,51.27,NA,NA,0.64,38.12,NA,NA,NA,NA,NA,NA,NA,NA,NA,NA,NA,0.00,NA,NA,NA
2025-12-05 10:00:00,145.73,281.27,34.98,33.23,46.11,NA,NA,0.62,53.19,NA,NA,NA,NA,NA,NA,NA,NA,NA,NA,NA,0.00,NA,NA,NA
2025-12-05 11:00:00,146.07,303.27,27.56,28.70,37.66,NA,NA,0.59,75.13,NA,NA,NA,NA,NA,NA,NA,NA,NA,NA,NA,0.00,NA,NA,NA
2025-12-05 12:00:00,134.48,290.65,20.95,21.62,28.53,NA,NA,0.51,103.60,NA,NA,NA,NA,NA,NA,NA,NA,NA,NA,NA,0.00,NA,NA,NA
2025-12-05 13:00:00,121.20,230.82,15.03,18.36,21.98,NA,NA,0.47,119.10,NA,NA,NA,NA,NA,NA,NA,NA,NA,NA,NA,0.00,NA,NA,NA
2025-12-05 14:00:00,126.18,242.48,13.50,17.52,20.30,NA,NA,0.46,122.84,NA,NA,NA,NA,NA,NA,NA,NA,NA,NA,NA,0.00,NA,NA,NA
2025-12-05 15:00:00,110.80,226.38,13.48,16.36,19.66,NA,NA,0.44,113.61,NA,NA,NA,NA,NA,NA,NA,NA,NA,NA,NA,0.00,NA,NA,NA
2025-12-05 16:00:00,113.68,236.18,13.64,22.61,23.12,NA,NA,0.46,79.71,NA,NA,NA,NA,NA,NA,NA,NA,NA,NA,NA,0.00,NA,NA,NA
2025-12-05 17:00:00,101.92,249.35,19.50,38.48,36.34,NA,NA,0.61,26.85,NA,NA,NA,NA,NA,NA,NA,NA,NA,NA,NA,0.00,NA,NA,NA
2025-12-05 18:00:00,99.35,234.32,34.39,40.42,49.48,NA,NA,0.78,11.53,NA,NA,NA,NA,NA,NA,NA,NA,NA,NA,NA,0.00,NA,NA,NA
2025-12-05 19:00:00,98.32,231.02,72.76,31.55,75.94,NA,NA,1.05,7.04,NA,NA,NA,NA,NA,NA,NA,NA,NA,NA,NA,0.00,NA,NA,NA
2025-12-05 20:00:00,128.32,256.67,91.54,26.70,88.63,NA,NA,1.23,7.66,NA,NA,NA,NA,NA,NA,NA,NA,NA,NA,NA,0.00,NA,NA,NA
2025-12-05 21:00:00,172.82,311.25,99.58,23.99,93.72,NA,NA,1.38,7.21,NA,NA,NA,NA,NA,NA,NA,NA,NA,NA,NA,0.00,NA,NA,NA
2025-12-05 22:00:00,189.28,337.60,104.31,20.65,95.79,NA,NA,1.53,8.05,NA,NA,NA,NA,NA,NA,NA,NA,NA,NA,NA,0.00,NA,NA,NA
2025-12-05 23:00:00,173.32,313.90,99.62,19.99,91.62,NA,NA,1.46,5.46,NA,NA,NA,NA,NA,NA,NA,NA,NA,NA,NA,0.00,NA,NA,NA
2025-12-06 00:00:00,176.65,339.18,95.97,19.19,88.24,NA,NA,1.37,6.86,NA,NA,NA,NA,NA,NA,NA,NA,NA,NA,NA,0.00,NA,NA,NA
2025-12-06 01:00:00,173.12,316.75,95.80,17.48,87.18,NA,NA,1.25,7.59,NA,NA,NA,NA,NA,NA,NA,NA,NA,NA,NA,0.00,NA,NA,NA
2025-12-06 02:00:00,198.58,280.60,81.39,15.39,74.35,NA,NA,1.15,8.06,NA,NA,NA,NA,NA,NA,NA,NA,NA,NA,NA,0.00,NA,NA,NA
2025-12-06 03:00:00,155.57,283.47,72.38,16.13,67.42,NA,NA,0.97,8.90,NA,NA,NA,NA,NA,NA,NA,NA,NA,NA,NA,0.00,NA,NA,NA
2025-12-06 04:00:00,140.90,256.83,68.32,15.62,63.85,NA,NA,0.86,6.24,NA,NA,NA,NA,NA,NA,NA,NA,NA,NA,NA,0.00,NA,NA,NA
2025-12-06 05:00:00,133.90,240.10,59.40,16.08,56.84,NA,NA,0.75,5.28,NA,NA,NA,NA,NA,NA,NA,NA,NA,NA,NA,0.00,NA,NA,NA
2025-12-06 06:00:00,145.72,230.62,48.43,15.82,47.78,NA,NA,0.72,5.31,NA,NA,NA,NA,NA,NA,NA,NA,NA,NA,NA,0.00,NA,NA,NA
2025-12-06 07:00:00,155.85,274.58,47.25,18.16,48.08,NA,NA,0.72,7.29,NA,NA,NA,NA,NA,NA,NA,NA,NA,NA,NA,0.00,NA,NA,NA
2025-12-06 08:00:00,156.20,288.90,38.02,24.09,43.72,NA,NA,0.66,18.75,NA,NA,NA,NA,NA,NA,NA,NA,NA,NA,NA,0.00,NA,NA,NA
2025-12-06 09:00:00,161.80,289.20,29.00,26.73,37.78,NA,NA,0.59,43.19,NA,NA,NA,NA,NA,NA,NA,NA,NA,NA,NA,0.00,NA,NA,NA
2025-12-06 10:00:00,138.12,259.42,20.41,22.85,28.75,NA,NA,0.53,70.20,NA,NA,NA,NA,NA,NA,NA,NA,NA,NA,NA,0.00,NA,NA,NA
2025-12-06 11:00:00,127.22,294.90,16.54,18.49,23.28,NA,NA,0.50,76.69,NA,NA,NA,NA,NA,NA,NA,NA,NA,NA,NA,0.00,NA,NA,NA
2025-12-06 12:00:00,101.22,252.78,13.90,15.60,19.60,NA,NA,0.44,88.43,NA,NA,NA,NA,NA,NA,NA,NA,NA,NA,NA,0.00,NA,NA,NA
2025-12-06 13:00:00,107.75,226.80,13.30,13.48,17.98,NA,NA,0.40,94.25,NA,NA,NA,NA,NA,NA,NA,NA,NA,NA,NA,0.00,NA,NA,NA
2025-12-06 14:00:00,94.08,212.52,12.78,12.57,17.08,NA,NA,0.37,96.93,NA,NA,NA,NA,NA,NA,NA,NA,NA,NA,NA,0.00,NA,NA,NA
2025-12-06 15:00:00,97.68,212.10,12.49,13.57,17.37,NA,NA,0.36,98.57,NA,NA,NA,NA,NA,NA,NA,NA,NA,NA,NA,0.00,NA,NA,NA
2025-12-06 16:00:00,88.55,181.20,14.37,15.37,19.86,NA,NA,0.34,81.83,NA,NA,NA,NA,NA,NA,NA,NA,NA,NA,NA,0.00,NA,NA,NA
2025-12-06 17:00:00,82.55,185.12,16.26,26.82,27.49,NA,NA,0.41,42.18,NA,NA,NA,NA,NA,NA,NA,NA,NA,NA,NA,0.00,NA,NA,NA
2025-12-06 18:00:00,82.40,199.75,26.59,36.37,40.98,NA,NA,0.54,17.60,NA,NA,NA,NA,NA,NA,NA,NA,NA,NA,NA,0.00,NA,NA,NA
2025-12-06 19:00:00,95.02,222.38,37.20,35.17,48.96,NA,NA,0.69,11.73,NA,NA,NA,NA,NA,NA,NA,NA,NA,NA,NA,0.00,NA,NA,NA
2025-12-06 20:00:00,103.30,237.38,47.76,31.85,55.77,NA,NA,0.78,6.21,NA,NA,NA,NA,NA,NA,NA,NA,NA,NA,NA,0.00,NA,NA,NA
2025-12-06 21:00:00,150.43,253.02,56.94,29.13,61.79,NA,NA,0.95,6.80,NA,NA,NA,NA,NA,NA,NA,NA,NA,NA,NA,0.00,NA,NA,NA
2025-12-06 22:00:00,175.20,298.45,51.19,30.31,57.73,NA,NA,0.91,8.35,NA,NA,NA,NA,NA,NA,NA,NA,NA,NA,NA,0.00,NA,NA,NA
2025-12-06 23:00:00,166.65,285.53,42.34,28.28,49.47,NA,NA,0.88,7.26,NA,NA,NA,NA,NA,NA,NA,NA,NA,NA,NA,0.00,NA,NA,NA
2025-12-07 00:00:00,145.77,259.72,49.44,25.65,53.84,NA,NA,0.86,6.88,NA,NA,NA,NA,NA,NA,NA,NA,NA,NA,NA,0.00,NA,NA,NA
2025-12-07 01:00:00,140.78,269.45,47.30,23.43,50.92,NA,NA,0.81,5.66,NA,NA,NA,NA,NA,NA,NA,NA,NA,NA,NA,0.00,NA,NA,NA
2025-12-07 02:00:00,127.22,252.68,45.66,21.65,48.64,NA,NA,0.74,6.20,NA,NA,NA,NA,NA,NA,NA,NA,NA,NA,NA,0.00,NA,NA,NA
2025-12-07 03:00:00,139.77,234.08,33.84,22.18,39.31,NA,NA,0.66,5.94,NA,NA,NA,NA,NA,NA,NA,NA,NA,NA,NA,0.00,NA,NA,NA
2025-12-07 04:00:00,136.32,202.50,28.58,21.02,34.42,NA,NA,0.59,7.69,NA,NA,NA,NA,NA,NA,NA,NA,NA,NA,NA,0.00,NA,NA,NA
2025-12-07 05:00:00,124.72,187.65,29.64,20.09,34.78,NA,NA,0.52,6.75,NA,NA,NA,NA,NA,NA,NA,NA,NA,NA,NA,0.00,NA,NA,NA
2025-12-07 06:00:00,127.85,230.73,26.26,19.26,31.59,NA,NA,0.49,8.53,NA,NA,NA,NA,NA,NA,NA,NA,NA,NA,NA,0.00,NA,NA,NA
2025-12-07 07:00:00,113.15,219.35,23.94,18.48,29.29,NA,NA,0.48,10.19,NA,NA,NA,NA,NA,NA,NA,NA,NA,NA,NA,0.00,NA,NA,NA
2025-12-07 08:00:00,91.30,206.50,21.73,18.37,27.44,NA,NA,0.45,22.92,NA,NA,NA,NA,NA,NA,NA,NA,NA,NA,NA,0.00,NA,NA,NA
2025-12-07 09:00:00,112.20,241.15,21.74,19.51,28.05,NA,NA,0.44,42.10,NA,NA,NA,NA,NA,NA,NA,NA,NA,NA,NA,0.00,NA,NA,NA
2025-12-07 10:00:00,150.20,303.48,18.69,16.21,23.82,NA,NA,0.45,56.06,NA,NA,NA,NA,NA,NA,NA,NA,NA,NA,NA,0.00,NA,NA,NA
2025-12-07 11:00:00,147.12,285.05,14.30,15.91,20.08,NA,NA,0.45,72.05,NA,NA,NA,NA,NA,NA,NA,NA,NA,NA,NA,0.00,NA,NA,NA
2025-12-07 12:00:00,142.75,295.35,13.42,14.70,18.73,NA,NA,0.45,90.66,NA,NA,NA,NA,NA,NA,NA,NA,NA,NA,NA,0.00,NA,NA,NA
2025-12-07 13:00:00,145.18,280.52,13.88,14.54,19.02,NA,NA,0.44,96.10,NA,NA,NA,NA,NA,NA,NA,NA,NA,NA,NA,0.00,NA,NA,NA
2025-12-07 14:00:00,116.45,247.88,13.95,13.54,18.55,NA,NA,0.41,96.83,NA,NA,NA,NA,NA,NA,NA,NA,NA,NA,NA,0.00,NA,NA,NA
2025-12-07 15:00:00,106.05,219.02,13.37,14.52,18.58,NA,NA,0.39,90.28,NA,NA,NA,NA,NA,NA,NA,NA,NA,NA,NA,0.00,NA,NA,NA
2025-12-07 16:00:00,100.38,205.80,13.42,19.86,21.48,NA,NA,0.42,65.85,NA,NA,NA,NA,NA,NA,NA,NA,NA,NA,NA,0.00,NA,NA,NA
2025-12-07 17:00:00,93.75,214.55,30.08,34.66,42.90,NA,NA,0.60,21.53,NA,NA,NA,NA,NA,NA,NA,NA,NA,NA,NA,0.00,NA,NA,NA
2025-12-07 18:00:00,98.07,244.38,54.77,34.77,63.03,NA,NA,0.80,11.52,NA,NA,NA,NA,NA,NA,NA,NA,NA,NA,NA,0.00,NA,NA,NA
2025-12-07 19:00:00,103.60,238.68,59.29,29.93,64.12,NA,NA,0.87,9.05,NA,NA,NA,NA,NA,NA,NA,NA,NA,NA,NA,0.00,NA,NA,NA
2025-12-07 20:00:00,126.35,254.15,63.36,28.24,66.53,NA,NA,1.04,8.59,NA,NA,NA,NA,NA,NA,NA,NA,NA,NA,NA,0.00,NA,NA,NA
2025-12-07 21:00:00,147.32,285.75,60.19,25.80,62.65,NA,NA,1.02,8.38,NA,NA,NA,NA,NA,NA,NA,NA,NA,NA,NA,0.00,NA,NA,NA
2025-12-07 22:00:00,151.52,277.15,59.98,24.35,61.72,NA,NA,1.00,7.56,NA,NA,NA,NA,NA,NA,NA,NA,NA,NA,NA,0.00,NA,NA,NA
2025-12-07 23:00:00,144.05,260.58,53.98,22.47,55.83,NA,NA,0.91,6.15,NA,NA,NA,NA,NA,NA,NA,NA,NA,NA,NA,0.00,NA,NA,NA
2025-12-08 00:00:00,133.60,235.85,52.88,20.02,53.64,NA,NA,0.88,7.04,NA,NA,NA,NA,NA,NA,NA,NA,NA,NA,NA,0.00,NA,NA,NA
2025-12-08 01:00:00,110.50,232.28,48.47,20.26,50.18,NA,NA,0.80,5.05,NA,NA,NA,NA,NA,NA,NA,NA,NA,NA,NA,0.00,NA,NA,NA
2025-12-08 02:00:00,116.82,223.12,41.19,20.57,44.43,NA,NA,0.71,5.55,NA,NA,NA,NA,NA,NA,NA,NA,NA,NA,NA,0.00,NA,NA,NA
2025-12-08 03:00:00,140.27,207.30,35.71,19.35,39.32,NA,NA,0.65,6.09,NA,NA,NA,NA,NA,NA,NA,NA,NA,NA,NA,0.00,NA,NA,NA
2025-12-08 04:00:00,142.57,199.88,27.56,18.56,32.27,NA,NA,0.60,5.78,NA,NA,NA,NA,NA,NA,NA,NA,NA,NA,NA,0.00,NA,NA,NA
2025-12-08 05:00:00,118.50,201.42,26.98,17.03,31.00,NA,NA,0.55,8.24,NA,NA,NA,NA,NA,NA,NA,NA,NA,NA,NA,0.00,NA,NA,NA
2025-12-08 06:00:00,112.18,207.68,29.80,16.81,33.18,NA,NA,0.52,6.07,NA,NA,NA,NA,NA,NA,NA,NA,NA,NA,NA,0.00,NA,NA,NA
2025-12-08 07:00:00,108.90,206.70,37.14,16.35,38.90,NA,NA,0.54,7.46,NA,NA,NA,NA,NA,NA,NA,NA,NA,NA,NA,0.00,NA,NA,NA
2025-12-08 08:00:00,112.02,220.40,35.73,20.93,40.18,NA,NA,0.60,10.16,NA,NA,NA,NA,NA,NA,NA,NA,NA,NA,NA,0.00,NA,NA,NA
2025-12-08 09:00:00,125.25,270.45,27.28,28.63,37.41,NA,NA,0.62,32.91,NA,NA,NA,NA,NA,NA,NA,NA,NA,NA,NA,0.00,NA,NA,NA
2025-12-08 10:00:00,173.55,354.95,21.88,24.20,30.65,NA,NA,0.57,64.50,NA,NA,NA,NA,NA,NA,NA,NA,NA,NA,NA,0.00,NA,NA,NA
2025-12-08 11:00:00,174.12,328.10,16.08,19.30,23.33,NA,NA,0.54,81.27,NA,NA,NA,NA,NA,NA,NA,NA,NA,NA,NA,0.00,NA,NA,NA
2025-12-08 12:00:00,127.22,271.40,13.07,15.42,18.82,NA,NA,0.48,91.33,NA,NA,NA,NA,NA,NA,NA,NA,NA,NA,NA,0.00,NA,NA,NA
2025-12-08 13:00:00,121.20,233.12,12.56,12.94,17.10,NA,NA,0.45,95.35,NA,NA,NA,NA,NA,NA,NA,NA,NA,NA,NA,0.00,NA,NA,NA
2025-12-08 14:00:00,91.88,188.82,13.15,11.92,17.03,NA,NA,0.39,93.65,NA,NA,NA,NA,NA,NA,NA,NA,NA,NA,NA,0.00,NA,NA,NA
2025-12-08 15:00:00,79.80,173.55,13.66,12.55,17.78,NA,NA,0.38,92.75,NA,NA,NA,NA,NA,NA,NA,NA,NA,NA,NA,0.00,NA,NA,NA
2025-12-08 16:00:00,76.03,175.90,13.42,15.64,19.23,NA,NA,0.39,71.91,NA,NA,NA,NA,NA,NA,NA,NA,NA,NA,NA,0.00,NA,NA,NA
2025-12-08 17:00:00,64.25,160.80,16.15,30.07,29.13,NA,NA,0.50,22.85,NA,NA,NA,NA,NA,NA,NA,NA,NA,NA,NA,0.00,NA,NA,NA
2025-12-08 18:00:00,68.40,199.68,21.84,34.76,36.24,NA,NA,0.57,12.20,NA,NA,NA,NA,NA,NA,NA,NA,NA,NA,NA,0.00,NA,NA,NA
2025-12-08 19:00:00,96.18,229.92,30.84,34.76,43.56,NA,NA,0.70,13.92,NA,NA,NA,NA,NA,NA,NA,NA,NA,NA,NA,0.00,NA,NA,NA
2025-12-08 20:00:00,122.25,262.35,43.48,33.08,52.96,NA,NA,0.85,13.80,NA,NA,NA,NA,NA,NA,NA,NA,NA,NA,NA,0.00,NA,NA,NA
2025-12-08 21:00:00,142.85,270.00,39.05,31.16,48.31,NA,NA,0.85,8.77,NA,NA,NA,NA,NA,NA,NA,NA,NA,NA,NA,0.00,NA,NA,NA
2025-12-08 22:00:00,143.00,260.75,33.53,29.72,43.06,NA,NA,0.77,10.38,NA,NA,NA,NA,NA,NA,NA,NA,NA,NA,NA,0.00,NA,NA,NA
2025-12-08 23:00:00,151.27,278.62,31.48,28.11,40.55,NA,NA,0.76,6.37,NA,NA,NA,NA,NA,NA,NA,NA,NA,NA,NA,0.00,NA,NA,NA
2025-12-09 00:00:00,136.93,254.00,30.84,25.86,38.83,NA,NA,0.70,5.88,NA,NA,NA,NA,NA,NA,NA,NA,NA,NA,NA,0.00,NA,NA,NA
2025-12-09 01:00:00,128.07,215.60,29.14,23.17,36.01,NA,NA,0.66,7.18,NA,NA,NA,NA,NA,NA,NA,NA,NA,NA,NA,0.00,NA,NA,NA
2025-12-09 02:00:00,97.40,212.15,27.28,22.08,33.92,NA,NA,0.60,6.72,NA,NA,NA,NA,NA,NA,NA,NA,NA,NA,NA,0.00,NA,NA,NA
2025-12-09 03:00:00,92.38,192.60,26.65,22.34,33.54,NA,NA,0.52,6.09,NA,NA,NA,NA,NA,NA,NA,NA,NA,NA,NA,0.00,NA,NA,NA
2025-12-09 04:00:00,118.92,178.50,24.33,20.82,30.85,NA,NA,0.48,7.54,NA,NA,NA,NA,NA,NA,NA,NA,NA,NA,NA,0.00,NA,NA,NA
2025-12-09 05:00:00,114.10,173.40,18.98,17.99,25.00,NA,NA,0.46,9.36,NA,NA,NA,NA,NA,NA,NA,NA,NA,NA,NA,0.00,NA,NA,NA
2025-12-09 06:00:00,95.82,149.28,17.54,16.90,23.25,NA,NA,0.44,9.93,NA,NA,NA,NA,NA,NA,NA,NA,NA,NA,NA,0.00,NA,NA,NA
2025-12-09 07:00:00,90.07,178.88,20.51,18.46,26.49,NA,NA,0.42,13.89,NA,NA,NA,NA,NA,NA,NA,NA,NA,NA,NA,0.00,NA,NA,NA
2025-12-09 08:00:00,106.18,236.70,19.73,19.76,26.54,NA,NA,0.44,30.49,NA,NA,NA,NA,NA,NA,NA,NA,NA,NA,NA,0.00,NA,NA,NA
2025-12-09 09:00:00,121.82,265.12,17.86,21.37,25.88,NA,NA,0.46,43.24,NA,NA,NA,NA,NA,NA,NA,NA,NA,NA,NA,0.00,NA,NA,NA
2025-12-09 10:00:00,119.22,275.80,15.46,18.56,22.44,NA,NA,0.48,54.32,NA,NA,NA,NA,NA,NA,NA,NA,NA,NA,NA,0.00,NA,NA,NA
2025-12-09 11:00:00,136.95,296.00,14.48,16.94,20.78,NA,NA,0.48,74.31,NA,NA,NA,NA,NA,NA,NA,NA,NA,NA,NA,0.00,NA,NA,NA
2025-12-09 12:00:00,132.50,300.12,13.81,14.22,18.79,NA,NA,0.44,87.05,NA,NA,NA,NA,NA,NA,NA,NA,NA,NA,NA,0.00,NA,NA,NA
2025-12-09 13:00:00,112.98,249.05,12.49,12.98,17.06,NA,NA,0.39,93.13,NA,NA,NA,NA,NA,NA,NA,NA,NA,NA,NA,0.00,NA,NA,NA
2025-12-09 14:00:00,78.38,194.42,12.86,11.76,16.71,NA,NA,0.36,87.82,NA,NA,NA,NA,NA,NA,NA,NA,NA,NA,NA,0.00,NA,NA,NA
2025-12-09 15:00:00,67.07,165.58,13.14,11.69,16.90,NA,NA,0.32,86.11,NA,NA,NA,NA,NA,NA,NA,NA,NA,NA,NA,0.00,NA,NA,NA
2025-12-09 16:00:00,57.45,146.32,12.76,13.73,17.68,NA,NA,0.33,67.95,NA,NA,NA,NA,NA,NA,NA,NA,NA,NA,NA,0.00,NA,NA,NA
2025-12-09 17:00:00,50.52,139.25,16.21,24.36,26.15,NA,NA,0.44,34.66,NA,NA,NA,NA,NA,NA,NA,NA,NA,NA,NA,0.00,NA,NA,NA
2025-12-09 18:00:00,61.78,171.75,27.62,32.20,39.58,NA,NA,0.62,11.00,NA,NA,NA,NA,NA,NA,NA,NA,NA,NA,NA,0.00,NA,NA,NA
2025-12-09 19:00:00,65.53,187.00,49.81,30.50,56.73,NA,NA,0.82,14.10,NA,NA,NA,NA,NA,NA,NA,NA,NA,NA,NA,0.00,NA,NA,NA
2025-12-09 20:00:00,93.32,222.82,57.11,29.49,62.12,NA,NA,0.87,10.27,NA,NA,NA,NA,NA,NA,NA,NA,NA,NA,NA,0.00,NA,NA,NA
2025-12-09 21:00:00,109.50,232.90,62.76,25.65,64.67,NA,NA,0.97,8.01,NA,NA,NA,NA,NA,NA,NA,NA,NA,NA,NA,0.00,NA,NA,NA
2025-12-09 22:00:00,138.02,258.65,60.24,23.72,61.59,NA,NA,1.08,6.72,NA,NA,NA,NA,NA,NA,NA,NA,NA,NA,NA,0.00,NA,NA,NA
2025-12-09 23:00:00,155.23,278.75,53.39,23.70,56.01,NA,NA,1.08,6.90,NA,NA,NA,NA,NA,NA,NA,NA,NA,NA,NA,0.00,NA,NA,NA
2025-12-10 00:00:00,130.08,242.97,50.22,21.84,52.44,NA,NA,0.92,5.52,NA,NA,NA,NA,NA,NA,NA,NA,NA,NA,NA,0.00,NA,NA,NA
2025-12-10 01:00:00,110.35,207.80,45.45,20.63,47.92,NA,NA,0.78,6.78,NA,NA,NA,NA,NA,NA,NA,NA,NA,NA,NA,0.00,NA,NA,NA
2025-12-10 02:00:00,101.50,187.68,32.92,21.32,38.10,NA,NA,0.68,6.86,NA,NA,NA,NA,NA,NA,NA,NA,NA,NA,NA,0.00,NA,NA,NA
2025-12-10 03:00:00,90.88,196.65,30.81,22.34,36.93,NA,NA,0.58,6.63,NA,NA,NA,NA,NA,NA,NA,NA,NA,NA,NA,0.00,NA,NA,NA
2025-12-10 04:00:00,90.65,186.68,30.20,20.49,35.45,NA,NA,0.51,7.58,NA,NA,NA,NA,NA,NA,NA,NA,NA,NA,NA,0.00,NA,NA,NA
2025-12-10 05:00:00,109.40,178.42,27.54,20.23,33.15,NA,NA,0.47,7.08,NA,NA,NA,NA,NA,NA,NA,NA,NA,NA,NA,0.00,NA,NA,NA
2025-12-10 06:00:00,110.15,159.65,21.92,18.65,27.74,NA,NA,0.46,9.14,NA,NA,NA,NA,NA,NA,NA,NA,NA,NA,NA,0.00,NA,NA,NA
2025-12-10 07:00:00,85.38,124.65,21.10,19.96,27.78,NA,NA,0.46,11.09,NA,NA,NA,NA,NA,NA,NA,NA,NA,NA,NA,0.00,NA,NA,NA
2025-12-10 08:00:00,71.02,158.55,23.06,21.02,29.93,NA,NA,0.45,26.12,NA,NA,NA,NA,NA,NA,NA,NA,NA,NA,NA,0.00,NA,NA,NA
2025-12-10 09:00:00,94.22,226.58,23.99,25.80,33.23,NA,NA,0.48,36.02,NA,NA,NA,NA,NA,NA,NA,NA,NA,NA,NA,0.00,NA,NA,NA
2025-12-10 10:00:00,98.12,246.52,18.54,18.45,24.88,NA,NA,0.46,59.58,NA,NA,NA,NA,NA,NA,NA,NA,NA,NA,NA,0.00,NA,NA,NA
2025-12-10 11:00:00,88.75,220.10,13.88,19.45,21.62,NA,NA,0.38,78.47,NA,NA,NA,NA,NA,NA,NA,NA,NA,NA,NA,0.00,NA,NA,NA
2025-12-10 12:00:00,72.18,192.20,14.28,15.15,19.67,NA,NA,0.32,101.72,NA,NA,NA,NA,NA,NA,NA,NA,NA,NA,NA,0.00,NA,NA,NA
2025-12-10 13:00:00,83.93,197.32,15.78,16.54,21.63,NA,NA,0.32,130.94,NA,NA,NA,NA,NA,NA,NA,NA,NA,NA,NA,0.00,NA,NA,NA
2025-12-10 14:00:00,104.15,246.40,20.76,15.27,25.00,NA,NA,0.26,132.68,NA,NA,NA,NA,NA,NA,NA,NA,NA,NA,NA,0.00,NA,NA,NA
2025-12-10 15:00:00,99.95,216.62,19.02,15.62,23.78,NA,NA,0.25,124.79,NA,NA,NA,NA,NA,NA,NA,NA,NA,NA,NA,0.00,NA,NA,NA
2025-12-10 16:00:00,97.00,192.90,24.99,22.19,32.13,NA,NA,0.25,88.77,NA,NA,NA,NA,NA,NA,NA,NA,NA,NA,NA,0.00,NA,NA,NA
2025-12-10 17:00:00,85.95,198.80,31.72,41.80,48.04,NA,NA,0.52,21.03,NA,NA,NA,NA,NA,NA,NA,NA,NA,NA,NA,0.00,NA,NA,NA
2025-12-10 18:00:00,63.90,194.58,64.62,37.96,72.74,NA,NA,0.88,16.17,NA,NA,NA,NA,NA,NA,NA,NA,NA,NA,NA,0.00,NA,NA,NA
2025-12-10 19:00:00,62.50,208.30,78.18,33.86,81.56,NA,NA,1.06,17.12,NA,NA,NA,NA,NA,NA,NA,NA,NA,NA,NA,0.00,NA,NA,NA
2025-12-10 20:00:00,77.95,202.48,89.26,30.07,88.57,NA,NA,1.16,16.95,NA,NA,NA,NA,NA,NA,NA,NA,NA,NA,NA,0.00,NA,NA,NA
2025-12-10 21:00:00,94.38,223.28,110.80,23.02,102.33,NA,NA,1.34,17.49,NA,NA,NA,NA,NA,NA,NA,NA,NA,NA,NA,0.00,NA,NA,NA
2025-12-10 22:00:00,127.25,231.82,143.75,13.84,124.24,NA,NA,1.58,16.03,NA,NA,NA,NA,NA,NA,NA,NA,NA,NA,NA,0.00,NA,NA,NA
2025-12-10 23:00:00,144.55,267.92,162.63,7.99,136.47,NA,NA,1.87,13.94,NA,NA,NA,NA,NA,NA,NA,NA,NA,NA,NA,0.00,NA,NA,NA
2025-12-11 00:00:00,164.40,278.20,148.54,11.20,126.72,NA,NA,1.84,16.88,NA,NA,NA,NA,NA,NA,NA,NA,NA,NA,NA,0.00,NA,NA,NA
2025-12-11 01:00:00,170.62,297.30,138.93,11.36,118.98,NA,NA,1.73,14.81,NA,NA,NA,NA,NA,NA,NA,NA,NA,NA,NA,0.00,NA,NA,NA
2025-12-11 02:00:00,191.48,284.05,119.90,11.27,103.48,NA,NA,1.49,12.50,NA,NA,NA,NA,NA,NA,NA,NA,NA,NA,NA,0.00,NA,NA,NA
2025-12-11 03:00:00,139.05,211.30,92.70,13.98,82.78,NA,NA,1.19,11.76,NA,NA,NA,NA,NA,NA,NA,NA,NA,NA,NA,0.00,NA,NA,NA
2025-12-11 04:00:00,104.38,156.60,77.18,14.13,70.26,NA,NA,0.99,13.90,NA,NA,NA,NA,NA,NA,NA,NA,NA,NA,NA,0.00,NA,NA,NA
2025-12-11 05:00:00,91.52,144.75,69.10,15.98,64.68,NA,NA,0.84,9.83,NA,NA,NA,NA,NA,NA,NA,NA,NA,NA,NA,0.00,NA,NA,NA
2025-12-11 06:00:00,90.18,181.35,65.04,17.28,62.08,NA,NA,0.81,10.73,NA,NA,NA,NA,NA,NA,NA,NA,NA,NA,NA,0.00,NA,NA,NA
2025-12-11 07:00:00,102.75,204.52,78.16,16.83,72.50,NA,NA,0.87,10.10,NA,NA,NA,NA,NA,NA,NA,NA,NA,NA,NA,0.00,NA,NA,NA
2025-12-11 08:00:00,112.35,205.92,72.69,25.35,72.57,NA,NA,0.86,19.44,NA,NA,NA,NA,NA,NA,NA,NA,NA,NA,NA,0.00,NA,NA,NA
2025-12-11 09:00:00,118.40,217.38,46.36,33.46,55.48,NA,NA,0.68,42.29,NA,NA,NA,NA,NA,NA,NA,NA,NA,NA,NA,0.00,NA,NA,NA
2025-12-11 10:00:00,120.85,216.70,38.30,32.85,48.60,NA,NA,0.64,72.28,NA,NA,NA,NA,NA,NA,NA,NA,NA,NA,NA,0.00,NA,NA,NA
2025-12-11 11:00:00,114.82,263.50,28.12,24.78,36.03,NA,NA,0.61,106.90,NA,NA,NA,NA,NA,NA,NA,NA,NA,NA,NA,0.00,NA,NA,NA
2025-12-11 12:00:00,104.43,238.48,21.06,21.20,28.39,NA,NA,0.56,124.52,NA,NA,NA,NA,NA,NA,NA,NA,NA,NA,NA,0.00,NA,NA,NA
2025-12-11 13:00:00,101.25,205.38,16.62,17.26,22.69,NA,NA,0.50,123.74,NA,NA,NA,NA,NA,NA,NA,NA,NA,NA,NA,0.00,NA,NA,NA
2025-12-11 14:00:00,92.90,190.58,15.28,16.34,21.12,NA,NA,0.48,124.12,NA,NA,NA,NA,NA,NA,NA,NA,NA,NA,NA,0.00,NA,NA,NA
2025-12-11 15:00:00,89.98,205.05,14.77,16.52,20.80,NA,NA,0.46,118.90,NA,NA,NA,NA,NA,NA,NA,NA,NA,NA,NA,0.00,NA,NA,NA
2025-12-11 16:00:00,81.35,179.88,14.35,21.16,22.93,NA,NA,0.44,79.88,NA,NA,NA,NA,NA,NA,NA,NA,NA,NA,NA,0.00,NA,NA,NA
2025-12-11 17:00:00,73.93,173.77,23.11,36.80,38.38,NA,NA,0.60,24.58,NA,NA,NA,NA,NA,NA,NA,NA,NA,NA,NA,0.00,NA,NA,NA
2025-12-11 18:00:00,79.70,207.28,78.04,34.28,81.71,NA,NA,1.05,9.79,NA,NA,NA,NA,NA,NA,NA,NA,NA,NA,NA,0.00,NA,NA,NA
2025-12-11 19:00:00,96.90,245.08,110.62,27.49,104.55,NA,NA,1.29,11.97,NA,NA,NA,NA,NA,NA,NA,NA,NA,NA,NA,0.00,NA,NA,NA
2025-12-11 20:00:00,106.28,247.98,127.22,21.02,114.62,NA,NA,1.51,10.38,NA,NA,NA,NA,NA,NA,NA,NA,NA,NA,NA,0.00,NA,NA,NA
2025-12-11 21:00:00,114.40,250.15,158.20,13.40,135.77,NA,NA,1.72,9.60,NA,NA,NA,NA,NA,NA,NA,NA,NA,NA,NA,0.00,NA,NA,NA
2025-12-11 22:00:00,157.20,307.58,177.89,7.28,148.50,NA,NA,1.94,10.16,NA,NA,NA,NA,NA,NA,NA,NA,NA,NA,NA,0.00,NA,NA,NA
2025-12-11 23:00:00,174.62,322.95,188.80,5.23,156.28,NA,NA,2.10,11.22,NA,NA,NA,NA,NA,NA,NA,NA,NA,NA,NA,0.00,NA,NA,NA
2025-12-12 00:00:00,184.50,329.90,204.44,2.78,167.70,NA,NA,2.21,13.64,NA,NA,NA,NA,NA,NA,NA,NA,NA,NA,NA,0.00,NA,NA,NA
2025-12-12 01:00:00,191.85,339.45,204.98,3.18,168.34,NA,NA,2.26,11.42,NA,NA,NA,NA,NA,NA,NA,NA,NA,NA,NA,0.00,NA,NA,NA
2025-12-12 02:00:00,189.58,307.88,188.67,5.94,156.55,NA,NA,2.11,11.02,NA,NA,NA,NA,NA,NA,NA,NA,NA,NA,NA,0.00,NA,NA,NA
2025-12-12 03:00:00,184.18,251.55,186.45,6.82,155.21,NA,NA,1.99,14.86,NA,NA,NA,NA,NA,NA,NA,NA,NA,NA,NA,0.00,NA,NA,NA
2025-12-12 04:00:00,161.32,258.80,188.74,4.12,155.64,NA,NA,1.93,11.31,NA,NA,NA,NA,NA,NA,NA,NA,NA,NA,NA,0.00,NA,NA,NA
2025-12-12 05:00:00,159.52,279.65,175.06,3.26,144.06,NA,NA,1.82,12.99,NA,NA,NA,NA,NA,NA,NA,NA,NA,NA,NA,0.00,NA,NA,NA
2025-12-12 06:00:00,146.38,249.50,166.54,4.10,137.56,NA,NA,1.67,12.89,NA,NA,NA,NA,NA,NA,NA,NA,NA,NA,NA,0.00,NA,NA,NA
2025-12-12 07:00:00,165.50,219.52,154.55,6.09,128.88,NA,NA,1.56,14.23,NA,NA,NA,NA,NA,NA,NA,NA,NA,NA,NA,0.00,NA,NA,NA
2025-12-12 08:00:00,152.45,266.00,163.85,6.56,136.69,NA,NA,1.57,15.19,NA,NA,NA,NA,NA,NA,NA,NA,NA,NA,NA,0.00,NA,NA,NA
2025-12-12 09:00:00,174.52,337.78,114.24,34.62,111.27,NA,NA,1.33,15.52,NA,NA,NA,NA,NA,NA,NA,NA,NA,NA,NA,0.00,NA,NA,NA
2025-12-12 10:00:00,184.22,359.70,81.44,52.65,94.21,NA,NA,1.14,33.40,NA,NA,NA,NA,NA,NA,NA,NA,NA,NA,NA,0.00,NA,NA,NA
2025-12-12 11:00:00,163.02,342.42,58.14,42.01,69.60,NA,NA,0.92,77.73,NA,NA,NA,NA,NA,NA,NA,NA,NA,NA,NA,0.00,NA,NA,NA
2025-12-12 12:00:00,132.82,246.82,44.91,26.28,50.48,NA,NA,0.78,103.32,NA,NA,NA,NA,NA,NA,NA,NA,NA,NA,NA,0.00,NA,NA,NA
2025-12-12 13:00:00,125.40,214.68,35.52,24.11,41.70,NA,NA,0.72,113.82,NA,NA,NA,NA,NA,NA,NA,NA,NA,NA,NA,0.00,NA,NA,NA
2025-12-12 14:00:00,111.52,213.80,27.14,23.92,34.78,NA,NA,0.68,134.81,NA,NA,NA,NA,NA,NA,NA,NA,NA,NA,NA,0.00,NA,NA,NA
2025-12-12 15:00:00,113.38,249.10,19.69,25.62,29.63,NA,NA,0.68,141.10,NA,NA,NA,NA,NA,NA,NA,NA,NA,NA,NA,0.00,NA,NA,NA
2025-12-12 16:00:00,129.18,272.48,20.18,38.55,36.92,NA,NA,0.79,72.36,NA,NA,NA,NA,NA,NA,NA,NA,NA,NA,NA,0.00,NA,NA,NA
2025-12-12 17:00:00,126.48,311.58,31.02,57.78,55.96,NA,NA,1.09,17.24,NA,NA,NA,NA,NA,NA,NA,NA,NA,NA,NA,0.00,NA,NA,NA
2025-12-12 18:00:00,120.25,295.68,58.89,51.62,75.35,NA,NA,1.34,11.50,NA,NA,NA,NA,NA,NA,NA,NA,NA,NA,NA,0.00,NA,NA,NA
2025-12-12 19:00:00,127.45,300.05,108.37,40.95,109.90,NA,NA,1.82,12.89,NA,NA,NA,NA,NA,NA,NA,NA,NA,NA,NA,0.00,NA,NA,NA
2025-12-12 20:00:00,143.50,335.25,113.35,37.36,112.02,NA,NA,1.53,11.72,NA,NA,NA,NA,NA,NA,NA,NA,NA,NA,NA,0.00,NA,NA,NA
2025-12-12 21:00:00,177.60,310.50,122.15,27.28,113.83,NA,NA,1.89,11.60,NA,NA,NA,NA,NA,NA,NA,NA,NA,NA,NA,0.00,NA,NA,NA
2025-12-12 22:00:00,171.78,296.60,139.43,19.72,123.85,NA,NA,1.99,9.02,NA,NA,NA,NA,NA,NA,NA,NA,NA,NA,NA,0.00,NA,NA,NA
2025-12-12 23:00:00,175.73,338.60,148.64,15.08,128.88,NA,NA,2.17,10.11,NA,NA,NA,NA,NA,NA,NA,NA,NA,NA,NA,0.00,NA,NA,NA
2025-12-13 00:00:00,191.15,355.83,179.64,9.84,151.29,NA,NA,2.38,8.02,NA,NA,NA,NA,NA,NA,NA,NA,NA,NA,NA,0.00,NA,NA,NA
2025-12-13 01:00:00,207.35,368.88,182.25,8.59,152.73,NA,NA,2.44,10.70,NA,NA,NA,NA,NA,NA,NA,NA,NA,NA,NA,0.00,NA,NA,NA
2025-12-13 02:00:00,240.30,382.00,180.63,6.93,150.55,NA,NA,2.49,8.67,NA,NA,NA,NA,NA,NA,NA,NA,NA,NA,NA,0.00,NA,NA,NA
2025-12-13 03:00:00,208.20,329.33,193.75,3.40,159.33,NA,NA,2.48,10.97,NA,NA,NA,NA,NA,NA,NA,NA,NA,NA,NA,0.00,NA,NA,NA
2025-12-13 04:00:00,198.85,324.23,204.64,2.30,167.60,NA,NA,2.53,11.18,NA,NA,NA,NA,NA,NA,NA,NA,NA,NA,NA,0.00,NA,NA,NA
2025-12-13 05:00:00,205.35,366.25,209.56,0.65,170.65,NA,NA,2.56,9.00,NA,NA,NA,NA,NA,NA,NA,NA,NA,NA,NA,0.00,NA,NA,NA
2025-12-13 06:00:00,259.83,379.30,207.83,1.78,169.91,NA,NA,2.55,7.87,NA,NA,NA,NA,NA,NA,NA,NA,NA,NA,NA,0.00,NA,NA,NA
2025-12-13 07:00:00,242.30,369.98,194.72,2.76,159.77,NA,NA,2.42,8.10,NA,NA,NA,NA,NA,NA,NA,NA,NA,NA,NA,0.00,NA,NA,NA
2025-12-13 08:00:00,243.82,427.58,179.64,7.14,149.84,NA,NA,2.31,8.85,NA,NA,NA,NA,NA,NA,NA,NA,NA,NA,NA,0.00,NA,NA,NA
2025-12-13 09:00:00,291.00,432.72,162.99,26.71,146.70,NA,NA,2.41,11.87,NA,NA,NA,NA,NA,NA,NA,NA,NA,NA,NA,0.00,NA,NA,NA
2025-12-13 10:00:00,387.72,628.80,82.94,74.20,106.86,NA,NA,1.99,35.96,NA,NA,NA,NA,NA,NA,NA,NA,NA,NA,NA,0.00,NA,NA,NA
2025-12-13 11:00:00,370.55,632.92,18.19,58.78,46.05,NA,NA,1.00,76.93,NA,NA,NA,NA,NA,NA,NA,NA,NA,NA,NA,0.00,NA,NA,NA
2025-12-13 12:00:00,368.72,556.85,16.90,32.01,30.76,NA,NA,0.91,92.28,NA,NA,NA,NA,NA,NA,NA,NA,NA,NA,NA,0.00,NA,NA,NA
2025-12-13 13:00:00,336.50,511.15,16.35,26.19,27.22,NA,NA,0.84,99.08,NA,NA,NA,NA,NA,NA,NA,NA,NA,NA,NA,0.00,NA,NA,NA
2025-12-13 14:00:00,202.38,354.42,15.29,21.77,24.01,NA,NA,0.70,95.92,NA,NA,NA,NA,NA,NA,NA,NA,NA,NA,NA,0.00,NA,NA,NA
2025-12-13 15:00:00,164.02,347.85,16.26,24.28,26.13,NA,NA,0.69,75.78,NA,NA,NA,NA,NA,NA,NA,NA,NA,NA,NA,0.00,NA,NA,NA
2025-12-13 16:00:00,157.38,328.18,15.99,26.26,26.97,NA,NA,0.73,56.88,NA,NA,NA,NA,NA,NA,NA,NA,NA,NA,NA,0.00,NA,NA,NA
2025-12-13 17:00:00,196.92,363.22,22.85,42.56,41.24,NA,NA,0.95,22.56,NA,NA,NA,NA,NA,NA,NA,NA,NA,NA,NA,0.00,NA,NA,NA
2025-12-13 18:00:00,254.25,455.00,50.43,45.69,65.31,NA,NA,1.27,5.97,NA,NA,NA,NA,NA,NA,NA,NA,NA,NA,NA,0.00,NA,NA,NA
2025-12-13 19:00:00,257.48,470.40,76.70,33.05,79.94,NA,NA,1.55,6.94,NA,NA,NA,NA,NA,NA,NA,NA,NA,NA,NA,0.00,NA,NA,NA
2025-12-13 20:00:00,247.15,511.75,95.25,23.50,89.95,NA,NA,1.76,7.25,NA,NA,NA,NA,NA,NA,NA,NA,NA,NA,NA,0.00,NA,NA,NA
2025-12-13 21:00:00,274.27,509.98,115.49,19.01,104.01,NA,NA,2.08,10.99,NA,NA,NA,NA,NA,NA,NA,NA,NA,NA,NA,0.00,NA,NA,NA
2025-12-13 22:00:00,292.35,532.62,140.10,12.59,120.61,NA,NA,2.30,4.53,NA,NA,NA,NA,NA,NA,NA,NA,NA,NA,NA,0.00,NA,NA,NA
2025-12-13 23:00:00,276.98,495.15,159.38,8.44,134.07,NA,NA,2.41,5.42,NA,NA,NA,NA,NA,NA,NA,NA,NA,NA,NA,0.00,NA,NA,NA
2025-12-14 00:00:00,270.77,510.70,163.70,7.31,136.98,NA,NA,2.46,4.98,NA,NA,NA,NA,NA,NA,NA,NA,NA,NA,NA,0.00,NA,NA,NA
2025-12-14 01:00:00,319.58,478.15,155.76,7.70,130.73,NA,NA,2.50,8.09,NA,NA,NA,NA,NA,NA,NA,NA,NA,NA,NA,0.00,NA,NA,NA
2025-12-14 02:00:00,286.92,489.02,143.84,8.80,121.63,NA,NA,2.44,5.70,NA,NA,NA,NA,NA,NA,NA,NA,NA,NA,NA,0.00,NA,NA,NA
2025-12-14 03:00:00,263.82,464.17,152.93,4.55,126.76,NA,NA,2.45,7.71,NA,NA,NA,NA,NA,NA,NA,NA,NA,NA,NA,0.00,NA,NA,NA
2025-12-14 04:00:00,285.12,468.90,168.16,1.98,137.78,NA,NA,2.49,6.69,NA,NA,NA,NA,NA,NA,NA,NA,NA,NA,NA,0.00,NA,NA,NA
2025-12-14 05:00:00,295.65,426.80,162.59,1.69,133.08,NA,NA,2.44,7.48,NA,NA,NA,NA,NA,NA,NA,NA,NA,NA,NA,0.00,NA,NA,NA
2025-12-14 06:00:00,253.65,466.55,153.10,2.42,125.76,NA,NA,2.32,5.72,NA,NA,NA,NA,NA,NA,NA,NA,NA,NA,NA,0.00,NA,NA,NA
2025-12-14 07:00:00,227.20,394.58,152.20,1.95,124.78,NA,NA,2.18,9.01,NA,NA,NA,NA,NA,NA,NA,NA,NA,NA,NA,0.00,NA,NA,NA
2025-12-14 08:00:00,265.23,390.85,147.68,4.69,122.56,NA,NA,2.14,10.10,NA,NA,NA,NA,NA,NA,NA,NA,NA,NA,NA,0.00,NA,NA,NA
2025-12-14 09:00:00,262.50,431.78,125.07,20.64,112.64,NA,NA,2.04,9.26,NA,NA,NA,NA,NA,NA,NA,NA,NA,NA,NA,0.00,NA,NA,NA
2025-12-14 10:00:00,358.90,568.85,66.46,38.80,74.66,NA,NA,1.56,24.74,NA,NA,NA,NA,NA,NA,NA,NA,NA,NA,NA,0.00,NA,NA,NA
2025-12-14 11:00:00,387.08,553.45,48.78,38.92,60.35,NA,NA,1.30,53.12,NA,NA,NA,NA,NA,NA,NA,NA,NA,NA,NA,0.00,NA,NA,NA
2025-12-14 12:00:00,358.60,551.02,32.01,44.68,49.78,NA,NA,1.20,72.72,NA,NA,NA,NA,NA,NA,NA,NA,NA,NA,NA,0.00,NA,NA,NA
2025-12-14 13:00:00,371.05,572.38,21.95,35.30,36.62,NA,NA,1.14,70.66,NA,NA,NA,NA,NA,NA,NA,NA,NA,NA,NA,0.00,NA,NA,NA
2025-12-14 14:00:00,356.48,621.95,17.69,34.59,32.78,NA,NA,1.16,67.47,NA,NA,NA,NA,NA,NA,NA,NA,NA,NA,NA,0.00,NA,NA,NA
2025-12-14 15:00:00,352.45,617.22,17.94,32.79,32.03,NA,NA,1.17,44.78,NA,NA,NA,NA,NA,NA,NA,NA,NA,NA,NA,0.00,NA,NA,NA
2025-12-14 16:00:00,374.75,609.08,18.96,33.69,33.34,NA,NA,1.16,26.88,NA,NA,NA,NA,NA,NA,NA,NA,NA,NA,NA,0.00,NA,NA,NA
2025-12-14 17:00:00,318.55,533.65,27.18,40.11,43.44,NA,NA,1.25,9.20,NA,NA,NA,NA,NA,NA,NA,NA,NA,NA,NA,0.00,NA,NA,NA
2025-12-14 18:00:00,302.40,510.60,42.70,29.96,50.66,NA,NA,1.45,5.80,NA,NA,NA,NA,NA,NA,NA,NA,NA,NA,NA,0.00,NA,NA,NA
2025-12-14 19:00:00,275.25,451.70,65.22,20.31,63.84,NA,NA,1.60,6.51,NA,NA,NA,NA,NA,NA,NA,NA,NA,NA,NA,0.00,NA,NA,NA
2025-12-14 20:00:00,249.98,466.15,76.96,14.96,70.54,NA,NA,1.73,4.06,NA,NA,NA,NA,NA,NA,NA,NA,NA,NA,NA,0.00,NA,NA,NA
2025-12-14 21:00:00,234.82,424.60,106.43,8.64,91.14,NA,NA,1.95,5.92,NA,NA,NA,NA,NA,NA,NA,NA,NA,NA,NA,0.00,NA,NA,NA
2025-12-14 22:00:00,279.90,473.62,125.56,6.22,105.38,NA,NA,2.20,7.72,NA,NA,NA,NA,NA,NA,NA,NA,NA,NA,NA,0.00,NA,NA,NA
2025-12-14 23:00:00,299.60,480.02,120.00,7.50,101.55,NA,NA,2.22,5.95,NA,NA,NA,NA,NA,NA,NA,NA,NA,NA,NA,0.00,NA,NA,NA
2025-12-15 00:00:00,283.42,511.67,127.39,5.94,106.73,NA,NA,2.22,7.42,NA,NA,NA,NA,NA,NA,NA,NA,NA,NA,NA,0.00,NA,NA,NA
2025-12-15 01:00:00,288.85,460.42,127.92,5.52,106.93,NA,NA,2.22,6.99,NA,NA,NA,NA,NA,NA,NA,NA,NA,NA,NA,0.00,NA,NA,NA
2025-12-15 02:00:00,295.27,453.35,126.39,6.07,105.98,NA,NA,2.16,5.75,NA,NA,NA,NA,NA,NA,NA,NA,NA,NA,NA,0.00,NA,NA,NA
2025-12-15 03:00:00,243.60,389.32,120.62,8.55,102.62,NA,NA,2.00,6.74,NA,NA,NA,NA,NA,NA,NA,NA,NA,NA,NA,0.00,NA,NA,NA
2025-12-15 04:00:00,225.13,396.50,111.71,8.50,95.34,NA,NA,1.89,4.91,NA,NA,NA,NA,NA,NA,NA,NA,NA,NA,NA,0.00,NA,NA,NA
2025-12-15 05:00:00,243.60,406.02,81.24,15.10,74.06,NA,NA,1.65,7.82,NA,NA,NA,NA,NA,NA,NA,NA,NA,NA,NA,0.00,NA,NA,NA
2025-12-15 06:00:00,165.38,278.35,50.81,17.96,50.86,NA,NA,1.34,7.52,NA,NA,NA,NA,NA,NA,NA,NA,NA,NA,NA,0.00,NA,NA,NA
2025-12-15 07:00:00,152.50,315.88,42.18,19.80,44.82,NA,NA,1.25,9.46,NA,NA,NA,NA,NA,NA,NA,NA,NA,NA,NA,0.00,NA,NA,NA
2025-12-15 08:00:00,145.43,316.38,37.62,21.35,41.94,NA,NA,1.18,7.99,NA,NA,NA,NA,NA,NA,NA,NA,NA,NA,NA,0.00,NA,NA,NA
2025-12-15 09:00:00,152.20,325.85,34.93,27.27,42.90,NA,NA,1.19,10.26,NA,NA,NA,NA,NA,NA,NA,NA,NA,NA,NA,0.00,NA,NA,NA
2025-12-15 10:00:00,184.60,373.38,30.03,38.22,44.75,NA,NA,1.19,19.39,NA,NA,NA,NA,NA,NA,NA,NA,NA,NA,NA,0.00,NA,NA,NA
2025-12-15 11:00:00,281.25,374.20,21.24,44.61,40.99,NA,NA,0.98,44.14,NA,NA,NA,NA,NA,NA,NA,NA,NA,NA,NA,0.00,NA,NA,NA
2025-12-15 12:00:00,262.85,359.52,17.84,26.54,28.62,NA,NA,0.84,66.08,NA,NA,NA,NA,NA,NA,NA,NA,NA,NA,NA,0.00,NA,NA,NA
2025-12-15 13:00:00,239.08,338.78,15.90,19.91,23.52,NA,NA,0.70,69.76,NA,NA,NA,NA,NA,NA,NA,NA,NA,NA,NA,0.00,NA,NA,NA
2025-12-15 14:00:00,177.58,255.42,15.90,18.13,22.58,NA,NA,0.65,72.52,NA,NA,NA,NA,NA,NA,NA,NA,NA,NA,NA,0.00,NA,NA,NA
2025-12-15 15:00:00,148.45,242.18,3.91,24.92,16.44,NA,NA,0.64,70.24,NA,NA,NA,NA,NA,NA,NA,NA,NA,NA,NA,0.00,NA,NA,NA
2025-12-15 16:00:00,156.55,282.60,5.50,27.14,18.91,NA,NA,0.67,55.52,NA,NA,NA,NA,NA,NA,NA,NA,NA,NA,NA,0.00,NA,NA,NA
2025-12-15 17:00:00,167.18,289.90,5.66,41.45,26.66,NA,NA,0.83,21.18,NA,NA,NA,NA,NA,NA,NA,NA,NA,NA,NA,0.00,NA,NA,NA
2025-12-15 18:00:00,176.15,279.20,41.21,43.22,56.52,NA,NA,1.21,4.56,NA,NA,NA,NA,NA,NA,NA,NA,NA,NA,NA,0.00,NA,NA,NA
2025-12-15 19:00:00,176.60,289.50,76.02,31.84,78.75,NA,NA,1.46,5.03,NA,NA,NA,NA,NA,NA,NA,NA,NA,NA,NA,0.00,NA,NA,NA
2025-12-15 20:00:00,163.82,325.75,93.13,25.35,89.19,NA,NA,1.60,5.08,NA,NA,NA,NA,NA,NA,NA,NA,NA,NA,NA,0.00,NA,NA,NA
2025-12-15 21:00:00,169.98,291.05,79.68,23.60,77.33,NA,NA,1.57,5.44,NA,NA,NA,NA,NA,NA,NA,NA,NA,NA,NA,0.00,NA,NA,NA
2025-12-15 22:00:00,166.95,295.73,68.26,23.48,67.98,NA,NA,1.54,3.14,NA,NA,NA,NA,NA,NA,NA,NA,NA,NA,NA,0.00,NA,NA,NA
2025-12-15 23:00:00,160.22,325.35,64.93,22.06,64.52,NA,NA,1.51,4.79,NA,NA,NA,NA,NA,NA,NA,NA,NA,NA,NA,0.00,NA,NA,NA
2025-12-16 00:00:00,193.40,286.38,56.54,22.11,57.72,NA,NA,1.42,8.20,NA,NA,NA,NA,NA,NA,NA,NA,NA,NA,NA,0.00,NA,NA,NA
2025-12-16 01:00:00,187.60,278.55,43.89,22.64,47.72,NA,NA,1.34,7.72,NA,NA,NA,NA,NA,NA,NA,NA,NA,NA,NA,0.00,NA,NA,NA
2025-12-16 02:00:00,162.32,293.27,36.94,22.34,41.92,NA,NA,1.20,5.11,NA,NA,NA,NA,NA,NA,NA,NA,NA,NA,NA,0.00,NA,NA,NA
2025-12-16 03:00:00,145.52,263.25,45.03,19.00,46.72,NA,NA,1.09,4.33,NA,NA,NA,NA,NA,NA,NA,NA,NA,NA,NA,0.00,NA,NA,NA
2025-12-16 04:00:00,143.70,237.62,38.52,20.25,42.08,NA,NA,0.96,5.56,NA,NA,NA,NA,NA,NA,NA,NA,NA,NA,NA,0.00,NA,NA,NA
2025-12-16 05:00:00,133.40,228.15,22.82,22.65,30.60,NA,NA,0.87,6.64,NA,NA,NA,NA,NA,NA,NA,NA,NA,NA,NA,0.00,NA,NA,NA
2025-12-16 06:00:00,148.40,258.20,20.19,24.08,29.22,NA,NA,0.80,3.77,NA,NA,NA,NA,NA,NA,NA,NA,NA,NA,NA,0.00,NA,NA,NA
2025-12-16 07:00:00,153.48,251.90,18.94,25.52,28.98,NA,NA,0.78,7.19,NA,NA,NA,NA,NA,NA,NA,NA,NA,NA,NA,0.00,NA,NA,NA
2025-12-16 08:00:00,134.02,242.62,15.10,29.12,27.76,NA,NA,0.80,12.93,NA,NA,NA,NA,NA,NA,NA,NA,NA,NA,NA,0.00,NA,NA,NA
2025-12-16 09:00:00,141.25,261.23,11.89,35.63,28.62,NA,NA,0.81,17.87,NA,NA,NA,NA,NA,NA,NA,NA,NA,NA,NA,0.00,NA,NA,NA
2025-12-16 10:00:00,164.32,328.85,11.29,34.64,27.60,NA,NA,0.74,37.02,NA,NA,NA,NA,NA,NA,NA,NA,NA,NA,NA,0.00,NA,NA,NA
2025-12-16 11:00:00,118.80,269.82,6.94,26.80,19.90,NA,NA,0.60,48.56,NA,NA,NA,NA,NA,NA,NA,NA,NA,NA,NA,0.00,NA,NA,NA
2025-12-16 12:00:00,93.15,209.27,2.73,20.04,12.88,NA,NA,0.55,61.44,NA,NA,NA,NA,NA,NA,NA,NA,NA,NA,NA,0.00,NA,NA,NA
2025-12-16 13:00:00,99.08,208.60,3.16,21.64,14.08,NA,NA,0.51,71.59,NA,NA,NA,NA,NA,NA,NA,NA,NA,NA,NA,0.00,NA,NA,NA
2025-12-16 14:00:00,84.62,191.88,3.18,19.82,13.13,NA,NA,0.51,74.38,NA,NA,NA,NA,NA,NA,NA,NA,NA,NA,NA,0.00,NA,NA,NA
2025-12-16 15:00:00,95.30,192.80,2.71,19.62,12.64,NA,NA,0.49,73.06,NA,NA,NA,NA,NA,NA,NA,NA,NA,NA,NA,0.00,NA,NA,NA
2025-12-16 16:00:00,83.90,181.08,2.35,22.52,13.89,NA,NA,0.48,59.18,NA,NA,NA,NA,NA,NA,NA,NA,NA,NA,NA,0.00,NA,NA,NA
2025-12-16 17:00:00,89.15,175.45,6.54,41.73,27.52,NA,NA,0.64,18.15,NA,NA,NA,NA,NA,NA,NA,NA,NA,NA,NA,0.00,NA,NA,NA
2025-12-16 18:00:00,98.78,217.02,33.78,46.30,52.10,NA,NA,0.92,5.24,NA,NA,NA,NA,NA,NA,NA,NA,NA,NA,NA,0.00,NA,NA,NA
2025-12-16 19:00:00,107.65,233.82,31.89,45.61,50.18,NA,NA,0.94,7.50,NA,NA,NA,NA,NA,NA,NA,NA,NA,NA,NA,0.00,NA,NA,NA
2025-12-16 20:00:00,139.40,252.12,25.31,44.38,44.18,NA,NA,0.97,4.90,NA,NA,NA,NA,NA,NA,NA,NA,NA,NA,NA,0.00,NA,NA,NA
2025-12-16 21:00:00,149.93,280.48,22.46,40.11,39.60,NA,NA,1.00,5.28,NA,NA,NA,NA,NA,NA,NA,NA,NA,NA,NA,0.00,NA,NA,NA
2025-12-16 22:00:00,191.80,392.62,26.02,35.79,40.19,NA,NA,1.11,5.84,NA,NA,NA,NA,NA,NA,NA,NA,NA,NA,NA,0.00,NA,NA,NA
2025-12-16 23:00:00,183.40,299.00,15.38,35.70,31.49,NA,NA,1.03,6.99,NA,NA,NA,NA,NA,NA,NA,NA,NA,NA,NA,0.00,NA,NA,NA
2025-12-17 00:00:00,141.05,230.00,10.47,36.75,28.06,NA,NA,0.88,4.78,NA,NA,NA,NA,NA,NA,NA,NA,NA,NA,NA,0.00,NA,NA,NA
2025-12-17 01:00:00,126.80,233.95,12.62,32.78,27.69,NA,NA,0.79,5.82,NA,NA,NA,NA,NA,NA,NA,NA,NA,NA,NA,0.00,NA,NA,NA
2025-12-17 02:00:00,122.90,231.12,11.59,28.18,24.42,NA,NA,0.70,8.06,NA,NA,NA,NA,NA,NA,NA,NA,NA,NA,NA,0.00,NA,NA,NA
2025-12-17 03:00:00,139.02,240.75,5.00,24.59,17.15,NA,NA,0.68,8.34,NA,NA,NA,NA,NA,NA,NA,NA,NA,NA,NA,0.00,NA,NA,NA
2025-12-17 04:00:00,139.27,217.68,7.39,24.06,18.80,NA,NA,0.64,6.09,NA,NA,NA,NA,NA,NA,NA,NA,NA,NA,NA,0.00,NA,NA,NA
2025-12-17 05:00:00,163.32,234.65,9.32,24.78,20.76,NA,NA,0.64,7.93,NA,NA,NA,NA,NA,NA,NA,NA,NA,NA,NA,0.00,NA,NA,NA
2025-12-17 06:00:00,139.75,250.50,8.01,22.81,18.64,NA,NA,0.65,7.44,NA,NA,NA,NA,NA,NA,NA,NA,NA,NA,NA,0.00,NA,NA,NA
2025-12-17 07:00:00,121.32,214.50,3.97,22.50,15.20,NA,NA,0.68,8.97,NA,NA,NA,NA,NA,NA,NA,NA,NA,NA,NA,0.00,NA,NA,NA
2025-12-17 08:00:00,106.45,209.92,8.67,25.66,20.70,NA,NA,0.70,13.32,NA,NA,NA,NA,NA,NA,NA,NA,NA,NA,NA,0.00,NA,NA,NA
2025-12-17 09:00:00,129.15,251.85,10.32,27.77,23.16,NA,NA,0.73,17.67,NA,NA,NA,NA,NA,NA,NA,NA,NA,NA,NA,0.00,NA,NA,NA
2025-12-17 10:00:00,152.50,296.15,6.74,30.57,21.74,NA,NA,0.75,29.12,NA,NA,NA,NA,NA,NA,NA,NA,NA,NA,NA,0.00,NA,NA,NA
2025-12-17 11:00:00,142.98,280.00,4.81,27.75,18.68,NA,NA,0.74,41.29,NA,NA,NA,NA,NA,NA,NA,NA,NA,NA,NA,0.00,NA,NA,NA
2025-12-17 12:00:00,159.62,249.92,3.92,22.35,15.08,NA,NA,0.69,57.42,NA,NA,NA,NA,NA,NA,NA,NA,NA,NA,NA,0.00,NA,NA,NA
2025-12-17 13:00:00,138.55,251.60,4.51,21.30,14.99,NA,NA,0.66,62.60,NA,NA,NA,NA,NA,NA,NA,NA,NA,NA,NA,0.00,NA,NA,NA
2025-12-17 14:00:00,110.90,217.68,2.55,20.76,13.12,NA,NA,0.63,66.17,NA,NA,NA,NA,NA,NA,NA,NA,NA,NA,NA,0.00,NA,NA,NA
2025-12-17 15:00:00,101.98,196.98,3.94,22.21,15.02,NA,NA,0.64,64.98,NA,NA,NA,NA,NA,NA,NA,NA,NA,NA,NA,0.00,NA,NA,NA
2025-12-17 16:00:00,101.55,200.80,4.36,24.37,16.51,NA,NA,0.64,52.46,NA,NA,NA,NA,NA,NA,NA,NA,NA,NA,NA,0.00,NA,NA,NA
2025-12-17 17:00:00,94.38,201.45,5.88,29.82,20.65,NA,NA,0.67,33.30,NA,NA,NA,NA,NA,NA,NA,NA,NA,NA,NA,0.00,NA,NA,NA
2025-12-17 18:00:00,101.52,204.25,22.25,46.98,43.10,NA,NA,1.02,7.22,NA,NA,NA,NA,NA,NA,NA,NA,NA,NA,NA,0.00,NA,NA,NA
2025-12-17 19:00:00,105.92,217.48,31.51,40.27,47.04,NA,NA,1.03,4.12,NA,NA,NA,NA,NA,NA,NA,NA,NA,NA,NA,0.00,NA,NA,NA
2025-12-17 20:00:00,118.68,222.92,46.18,35.06,56.19,NA,NA,1.20,6.73,NA,NA,NA,NA,NA,NA,NA,NA,NA,NA,NA,0.00,NA,NA,NA
2025-12-17 21:00:00,126.78,223.23,53.27,28.06,58.24,NA,NA,1.31,5.09,NA,NA,NA,NA,NA,NA,NA,NA,NA,NA,NA,0.00,NA,NA,NA
2025-12-17 22:00:00,172.10,280.65,58.12,24.09,60.06,NA,NA,1.48,3.46,NA,NA,NA,NA,NA,NA,NA,NA,NA,NA,NA,0.00,NA,NA,NA
2025-12-17 23:00:00,234.15,416.05,40.84,22.60,45.22,NA,NA,1.36,3.53,NA,NA,NA,NA,NA,NA,NA,NA,NA,NA,NA,0.00,NA,NA,NA
2025-12-18 00:00:00,237.85,458.42,45.22,17.84,46.26,NA,NA,1.33,4.15,NA,NA,NA,NA,NA,NA,NA,NA,NA,NA,NA,0.00,NA,NA,NA
2025-12-18 01:00:00,201.58,404.00,40.52,16.56,41.75,NA,NA,1.25,3.76,NA,NA,NA,NA,NA,NA,NA,NA,NA,NA,NA,0.00,NA,NA,NA
2025-12-18 02:00:00,214.50,356.05,37.51,15.94,38.97,NA,NA,1.21,2.84,NA,NA,NA,NA,NA,NA,NA,NA,NA,NA,NA,0.00,NA,NA,NA
2025-12-18 03:00:00,208.02,367.38,47.01,14.02,45.68,NA,NA,1.22,4.46,NA,NA,NA,NA,NA,NA,NA,NA,NA,NA,NA,0.00,NA,NA,NA
2025-12-18 04:00:00,202.50,361.30,52.78,13.40,50.03,NA,NA,1.23,6.28,NA,NA,NA,NA,NA,NA,NA,NA,NA,NA,NA,0.00,NA,NA,NA
2025-12-18 05:00:00,262.80,526.32,42.12,16.18,42.85,NA,NA,1.24,6.11,NA,NA,NA,NA,NA,NA,NA,NA,NA,NA,NA,0.00,NA,NA,NA
2025-12-18 06:00:00,197.32,455.25,29.41,23.13,36.21,NA,NA,1.14,3.44,NA,NA,NA,NA,NA,NA,NA,NA,NA,NA,NA,0.00,NA,NA,NA
2025-12-18 07:00:00,164.38,302.60,25.06,23.15,32.68,NA,NA,1.08,3.80,NA,NA,NA,NA,NA,NA,NA,NA,NA,NA,NA,0.00,NA,NA,NA
2025-12-18 08:00:00,133.60,277.95,21.40,22.24,29.23,NA,NA,1.05,4.63,NA,NA,NA,NA,NA,NA,NA,NA,NA,NA,NA,0.00,NA,NA,NA
2025-12-18 09:00:00,130.52,269.30,15.95,24.77,26.14,NA,NA,1.09,5.99,NA,NA,NA,NA,NA,NA,NA,NA,NA,NA,NA,0.00,NA,NA,NA
2025-12-18 10:00:00,142.07,287.32,20.77,29.68,32.67,NA,NA,1.12,5.86,NA,NA,NA,NA,NA,NA,NA,NA,NA,NA,NA,0.00,NA,NA,NA
2025-12-18 11:00:00,170.80,317.55,22.38,35.72,37.20,NA,NA,1.12,9.25,NA,NA,NA,NA,NA,NA,NA,NA,NA,NA,NA,0.00,NA,NA,NA
2025-12-18 12:00:00,198.45,348.00,18.95,46.84,40.33,NA,NA,1.14,21.19,NA,NA,NA,NA,NA,NA,NA,NA,NA,NA,NA,0.00,NA,NA,NA
2025-12-18 13:00:00,245.53,374.45,NA,NA,NA,NA,NA,1.25,29.25,NA,NA,NA,NA,NA,NA,NA,NA,NA,NA,NA,0.00,NA,NA,NA
2025-12-18 14:00:00,224.20,350.98,NA,NA,NA,NA,NA,1.23,29.48,NA,NA,NA,NA,NA,NA,NA,NA,NA,NA,NA,0.00,NA,NA,NA
2025-12-18 15:00:00,207.82,372.83,NA,NA,NA,NA,NA,1.26,31.74,NA,NA,NA,NA,NA,NA,NA,NA,NA,NA,NA,0.00,NA,NA,NA
2025-12-18 16:00:00,219.18,399.05,8.71,49.26,33.27,NA,NA,1.25,25.43,NA,NA,NA,NA,NA,NA,NA,NA,NA,NA,NA,0.00,NA,NA,NA
2025-12-18 17:00:00,227.28,369.80,13.59,43.49,34.20,NA,NA,1.25,23.17,NA,NA,NA,NA,NA,NA,NA,NA,NA,NA,NA,0.00,NA,NA,NA
2025-12-18 18:00:00,206.20,370.22,39.81,31.09,48.90,NA,NA,1.45,18.71,NA,NA,NA,NA,NA,NA,NA,NA,NA,NA,NA,0.00,NA,NA,NA
2025-12-18 19:00:00,175.15,329.35,45.84,24.35,50.24,NA,NA,1.50,17.70,NA,NA,NA,NA,NA,NA,NA,NA,NA,NA,NA,0.00,NA,NA,NA
2025-12-18 20:00:00,156.10,303.35,64.82,19.02,62.82,NA,NA,1.68,16.84,NA,NA,NA,NA,NA,NA,NA,NA,NA,NA,NA,0.00,NA,NA,NA
2025-12-18 21:00:00,152.98,328.92,84.48,15.84,77.11,NA,NA,1.83,18.92,NA,NA,NA,NA,NA,NA,NA,NA,NA,NA,NA,0.00,NA,NA,NA
2025-12-18 22:00:00,178.25,322.40,93.75,14.68,84.02,NA,NA,1.91,16.54,NA,NA,NA,NA,NA,NA,NA,NA,NA,NA,NA,0.00,NA,NA,NA
2025-12-18 23:00:00,222.82,327.83,92.51,14.05,82.68,NA,NA,1.92,13.76,NA,NA,NA,NA,NA,NA,NA,NA,NA,NA,NA,0.00,NA,NA,NA
2025-12-19 00:00:00,203.82,353.67,105.72,10.83,91.72,NA,NA,2.03,12.44,NA,NA,NA,NA,NA,NA,NA,NA,NA,NA,NA,0.00,NA,NA,NA
2025-12-19 01:00:00,191.00,332.80,101.48,11.28,88.50,NA,NA,2.02,10.28,NA,NA,NA,NA,NA,NA,NA,NA,NA,NA,NA,0.00,NA,NA,NA
2025-12-19 02:00:00,194.75,334.55,99.16,11.70,86.84,NA,NA,1.98,8.71,NA,NA,NA,NA,NA,NA,NA,NA,NA,NA,NA,0.00,NA,NA,NA
2025-12-19 03:00:00,226.35,382.70,75.77,16.30,70.25,NA,NA,1.75,11.54,NA,NA,NA,NA,NA,NA,NA,NA,NA,NA,NA,0.00,NA,NA,NA
2025-12-19 04:00:00,166.75,268.70,40.53,20.66,43.93,NA,NA,1.44,10.90,NA,NA,NA,NA,NA,NA,NA,NA,NA,NA,NA,0.00,NA,NA,NA
2025-12-19 05:00:00,118.00,214.98,32.89,20.94,37.88,NA,NA,1.29,13.91,NA,NA,NA,NA,NA,NA,NA,NA,NA,NA,NA,0.00,NA,NA,NA
2025-12-19 06:00:00,108.82,229.05,29.58,21.89,35.69,NA,NA,1.21,16.26,NA,NA,NA,NA,NA,NA,NA,NA,NA,NA,NA,0.00,NA,NA,NA
2025-12-19 07:00:00,105.88,189.18,24.97,21.93,31.96,NA,NA,1.16,16.79,NA,NA,NA,NA,NA,NA,NA,NA,NA,NA,NA,0.00,NA,NA,NA
2025-12-19 08:00:00,105.57,190.90,19.30,22.89,27.87,NA,NA,1.11,20.24,NA,NA,NA,NA,NA,NA,NA,NA,NA,NA,NA,0.00,NA,NA,NA
2025-12-19 09:00:00,116.80,227.42,22.62,25.60,32.01,NA,NA,1.10,20.39,NA,NA,NA,NA,NA,NA,NA,NA,NA,NA,NA,0.00,NA,NA,NA
2025-12-19 10:00:00,142.05,282.08,20.32,32.52,33.82,NA,NA,1.16,23.96,NA,NA,NA,NA,NA,NA,NA,NA,NA,NA,NA,0.00,NA,NA,NA
2025-12-19 11:00:00,230.95,338.78,NA,NA,NA,NA,NA,1.20,48.18,NA,NA,NA,NA,NA,NA,NA,NA,NA,NA,NA,0.00,NA,NA,NA
2025-12-19 12:00:00,205.85,304.50,NA,NA,NA,NA,NA,1.18,72.36,NA,NA,NA,NA,NA,NA,NA,NA,NA,NA,NA,0.00,NA,NA,NA
2025-12-19 13:00:00,210.30,326.02,NA,NA,NA,NA,NA,1.16,104.70,NA,NA,NA,NA,NA,NA,NA,NA,NA,NA,NA,0.00,NA,NA,NA
2025-12-19 14:00:00,195.70,312.23,NA,NA,NA,NA,NA,1.04,126.11,NA,NA,NA,NA,NA,NA,NA,NA,NA,NA,NA,0.00,NA,NA,NA
2025-12-19 15:00:00,171.98,297.88,6.21,29.80,20.90,NA,NA,0.88,121.41,NA,NA,NA,NA,NA,NA,NA,NA,NA,NA,NA,0.00,NA,NA,NA
2025-12-19 16:00:00,154.52,305.98,5.64,33.20,22.24,NA,NA,0.86,92.86,NA,NA,NA,NA,NA,NA,NA,NA,NA,NA,NA,0.00,NA,NA,NA
2025-12-19 17:00:00,150.35,280.05,12.72,37.56,30.32,NA,NA,0.92,36.42,NA,NA,NA,NA,NA,NA,NA,NA,NA,NA,NA,0.00,NA,NA,NA
2025-12-19 18:00:00,148.93,258.80,29.39,38.75,44.52,NA,NA,1.14,12.02,NA,NA,NA,NA,NA,NA,NA,NA,NA,NA,NA,0.00,NA,NA,NA
2025-12-19 19:00:00,164.73,279.23,55.81,30.75,61.73,NA,NA,1.36,9.83,NA,NA,NA,NA,NA,NA,NA,NA,NA,NA,NA,0.00,NA,NA,NA
2025-12-19 20:00:00,153.00,270.80,74.32,23.96,73.18,NA,NA,1.53,9.74,NA,NA,NA,NA,NA,NA,NA,NA,NA,NA,NA,0.00,NA,NA,NA
2025-12-19 21:00:00,154.70,267.60,89.87,19.34,83.36,NA,NA,1.73,11.78,NA,NA,NA,NA,NA,NA,NA,NA,NA,NA,NA,0.00,NA,NA,NA
2025-12-19 22:00:00,163.68,260.05,101.40,16.21,91.07,NA,NA,1.93,12.17,NA,NA,NA,NA,NA,NA,NA,NA,NA,NA,NA,0.00,NA,NA,NA
2025-12-19 23:00:00,177.78,302.90,107.82,15.02,95.66,NA,NA,2.00,10.12,NA,NA,NA,NA,NA,NA,NA,NA,NA,NA,NA,0.00,NA,NA,NA
2025-12-20 00:00:00,213.02,309.52,117.96,12.26,102.44,NA,NA,2.08,12.51,NA,NA,NA,NA,NA,NA,NA,NA,NA,NA,NA,0.00,NA,NA,NA
2025-12-20 01:00:00,225.62,293.02,134.28,8.24,113.55,NA,NA,2.32,11.54,NA,NA,NA,NA,NA,NA,NA,NA,NA,NA,NA,0.00,NA,NA,NA
2025-12-20 02:00:00,195.92,299.92,142.97,6.73,119.81,NA,NA,2.36,10.46,NA,NA,NA,NA,NA,NA,NA,NA,NA,NA,NA,0.00,NA,NA,NA
2025-12-20 03:00:00,183.68,289.48,144.19,7.18,121.04,NA,NA,2.31,11.04,NA,NA,NA,NA,NA,NA,NA,NA,NA,NA,NA,0.00,NA,NA,NA
2025-12-20 04:00:00,175.10,275.60,150.17,5.98,125.27,NA,NA,2.31,11.06,NA,NA,NA,NA,NA,NA,NA,NA,NA,NA,NA,0.00,NA,NA,NA
2025-12-20 05:00:00,190.95,273.12,147.06,5.78,122.64,NA,NA,2.35,14.35,NA,NA,NA,NA,NA,NA,NA,NA,NA,NA,NA,0.00,NA,NA,NA
2025-12-20 06:00:00,214.08,294.05,155.16,5.79,129.22,NA,NA,2.39,13.24,NA,NA,NA,NA,NA,NA,NA,NA,NA,NA,NA,0.00,NA,NA,NA
2025-12-20 07:00:00,217.30,324.45,115.58,11.90,100.25,NA,NA,2.06,13.39,NA,NA,NA,NA,NA,NA,NA,NA,NA,NA,NA,0.00,NA,NA,NA
2025-12-20 08:00:00,214.95,343.50,71.39,17.94,67.58,NA,NA,1.73,15.38,NA,NA,NA,NA,NA,NA,NA,NA,NA,NA,NA,0.00,NA,NA,NA
2025-12-20 09:00:00,169.18,361.45,56.05,20.61,56.52,NA,NA,1.64,16.37,NA,NA,NA,NA,NA,NA,NA,NA,NA,NA,NA,0.00,NA,NA,NA
2025-12-20 10:00:00,159.43,299.98,51.25,21.64,53.17,NA,NA,1.52,12.25,NA,NA,NA,NA,NA,NA,NA,NA,NA,NA,NA,0.00,NA,NA,NA
2025-12-20 11:00:00,155.85,263.40,37.62,21.35,41.93,NA,NA,1.35,16.76,NA,NA,NA,NA,NA,NA,NA,NA,NA,NA,NA,0.00,NA,NA,NA
2025-12-20 12:00:00,139.72,250.02,27.45,21.94,33.98,NA,NA,1.26,20.17,NA,NA,NA,NA,NA,NA,NA,NA,NA,NA,NA,0.00,NA,NA,NA
2025-12-20 13:00:00,191.55,279.50,22.97,28.09,33.62,NA,NA,1.18,24.28,NA,NA,NA,NA,NA,NA,NA,NA,NA,NA,NA,0.00,NA,NA,NA
2025-12-20 14:00:00,215.22,304.75,20.87,32.20,34.09,NA,NA,1.10,32.22,NA,NA,NA,NA,NA,NA,NA,NA,NA,NA,NA,0.00,NA,NA,NA
2025-12-20 15:00:00,193.92,302.62,16.21,32.20,30.31,NA,NA,1.04,34.60,NA,NA,NA,NA,NA,NA,NA,NA,NA,NA,NA,0.00,NA,NA,NA
2025-12-20 16:00:00,214.05,374.58,12.24,33.55,27.80,NA,NA,1.04,25.95,NA,NA,NA,NA,NA,NA,NA,NA,NA,NA,NA,0.00,NA,NA,NA
2025-12-20 17:00:00,218.75,378.50,14.17,32.86,29.01,NA,NA,1.08,12.64,NA,NA,NA,NA,NA,NA,NA,NA,NA,NA,NA,0.00,NA,NA,NA
2025-12-20 18:00:00,245.18,401.40,22.34,29.17,33.68,NA,NA,1.19,11.39,NA,NA,NA,NA,NA,NA,NA,NA,NA,NA,NA,0.00,NA,NA,NA
2025-12-20 19:00:00,212.13,425.65,28.26,26.44,37.04,NA,NA,1.31,9.99,NA,NA,NA,NA,NA,NA,NA,NA,NA,NA,NA,0.00,NA,NA,NA
2025-12-20 20:00:00,222.80,437.35,32.61,22.82,38.65,NA,NA,1.47,11.71,NA,NA,NA,NA,NA,NA,NA,NA,NA,NA,NA,0.00,NA,NA,NA
2025-12-20 21:00:00,238.63,499.90,33.94,23.43,40.05,NA,NA,1.45,9.05,NA,NA,NA,NA,NA,NA,NA,NA,NA,NA,NA,0.00,NA,NA,NA
2025-12-20 22:00:00,213.20,399.82,21.62,25.78,31.28,NA,NA,1.21,9.65,NA,NA,NA,NA,NA,NA,NA,NA,NA,NA,NA,0.00,NA,NA,NA
2025-12-20 23:00:00,192.30,443.55,20.57,26.79,30.96,NA,NA,1.22,8.89,NA,NA,NA,NA,NA,NA,NA,NA,NA,NA,NA,0.00,NA,NA,NA
2025-12-21 00:00:00,180.78,405.78,15.95,26.99,27.32,NA,NA,1.17,7.40,NA,NA,NA,NA,NA,NA,NA,NA,NA,NA,NA,0.00,NA,NA,NA
2025-12-21 01:00:00,146.32,398.15,17.06,24.58,26.94,NA,NA,1.04,8.60,NA,NA,NA,NA,NA,NA,NA,NA,NA,NA,NA,0.00,NA,NA,NA
2025-12-21 02:00:00,121.95,331.70,15.11,21.81,23.88,NA,NA,0.96,14.20,NA,NA,NA,NA,NA,NA,NA,NA,NA,NA,NA,0.00,NA,NA,NA
2025-12-21 03:00:00,124.10,277.95,9.83,20.31,18.79,NA,NA,0.92,15.82,NA,NA,NA,NA,NA,NA,NA,NA,NA,NA,NA,0.00,NA,NA,NA
2025-12-21 04:00:00,158.48,279.85,9.28,20.58,18.50,NA,NA,0.88,16.89,NA,NA,NA,NA,NA,NA,NA,NA,NA,NA,NA,0.00,NA,NA,NA
2025-12-21 05:00:00,161.05,284.42,11.97,18.92,19.80,NA,NA,0.84,16.94,NA,NA,NA,NA,NA,NA,NA,NA,NA,NA,NA,0.00,NA,NA,NA
2025-12-21 06:00:00,153.18,268.70,13.19,18.78,20.72,NA,NA,0.81,16.76,NA,NA,NA,NA,NA,NA,NA,NA,NA,NA,NA,0.00,NA,NA,NA
2025-12-21 07:00:00,151.45,270.30,9.27,18.91,17.59,NA,NA,0.82,16.52,NA,NA,NA,NA,NA,NA,NA,NA,NA,NA,NA,0.00,NA,NA,NA
2025-12-21 08:00:00,139.83,288.65,12.06,20.69,20.81,NA,NA,0.82,15.14,NA,NA,NA,NA,NA,NA,NA,NA,NA,NA,NA,0.00,NA,NA,NA
2025-12-21 09:00:00,145.68,269.40,13.87,20.45,22.16,NA,NA,0.82,18.67,NA,NA,NA,NA,NA,NA,NA,NA,NA,NA,NA,0.00,NA,NA,NA
2025-12-21 10:00:00,167.05,266.90,15.24,21.54,23.84,NA,NA,0.86,17.77,NA,NA,NA,NA,NA,NA,NA,NA,NA,NA,NA,0.00,NA,NA,NA
2025-12-21 11:00:00,198.52,299.32,12.07,22.47,21.76,NA,NA,0.90,20.39,NA,NA,NA,NA,NA,NA,NA,NA,NA,NA,NA,0.00,NA,NA,NA
2025-12-21 12:00:00,193.88,322.98,15.55,23.41,25.10,NA,NA,0.91,26.23,NA,NA,NA,NA,NA,NA,NA,NA,NA,NA,NA,0.00,NA,NA,NA
2025-12-21 13:00:00,216.65,323.30,15.52,24.89,25.86,NA,NA,0.92,30.29,NA,NA,NA,NA,NA,NA,NA,NA,NA,NA,NA,0.00,NA,NA,NA
2025-12-21 14:00:00,185.40,281.27,13.95,26.76,25.58,NA,NA,0.93,39.49,NA,NA,NA,NA,NA,NA,NA,NA,NA,NA,NA,0.00,NA,NA,NA
2025-12-21 15:00:00,186.15,281.82,12.98,28.21,25.56,NA,NA,0.94,37.40,NA,NA,NA,NA,NA,NA,NA,NA,NA,NA,NA,0.00,NA,NA,NA
2025-12-21 16:00:00,179.75,333.15,10.73,29.31,24.31,NA,NA,0.97,25.97,NA,NA,NA,NA,NA,NA,NA,NA,NA,NA,NA,0.00,NA,NA,NA
2025-12-21 17:00:00,160.25,307.80,13.96,30.12,27.37,NA,NA,1.00,11.00,NA,NA,NA,NA,NA,NA,NA,NA,NA,NA,NA,0.00,NA,NA,NA
2025-12-21 18:00:00,192.82,301.90,17.35,27.74,28.86,NA,NA,1.06,7.51,NA,NA,NA,NA,NA,NA,NA,NA,NA,NA,NA,0.00,NA,NA,NA
2025-12-21 19:00:00,191.80,328.05,17.40,24.92,27.40,NA,NA,1.10,6.46,NA,NA,NA,NA,NA,NA,NA,NA,NA,NA,NA,0.00,NA,NA,NA
2025-12-21 20:00:00,175.30,325.12,19.24,23.82,28.31,NA,NA,1.17,6.59,NA,NA,NA,NA,NA,NA,NA,NA,NA,NA,NA,0.00,NA,NA,NA
2025-12-21 21:00:00,161.18,314.38,23.55,22.60,31.16,NA,NA,1.21,5.98,NA,NA,NA,NA,NA,NA,NA,NA,NA,NA,NA,0.00,NA,NA,NA
2025-12-21 22:00:00,147.00,357.28,17.28,21.83,25.66,NA,NA,1.07,6.12,NA,NA,NA,NA,NA,NA,NA,NA,NA,NA,NA,0.00,NA,NA,NA
2025-12-21 23:00:00,125.38,309.92,11.63,20.82,20.53,NA,NA,1.03,8.59,NA,NA,NA,NA,NA,NA,NA,NA,NA,NA,NA,0.00,NA,NA,NA
2025-12-22 00:00:00,161.55,293.08,12.82,20.48,21.32,NA,NA,0.98,10.98,NA,NA,NA,NA,NA,NA,NA,NA,NA,NA,NA,0.00,NA,NA,NA
2025-12-22 01:00:00,148.90,334.98,14.20,18.97,21.63,NA,NA,0.94,10.00,NA,NA,NA,NA,NA,NA,NA,NA,NA,NA,NA,0.00,NA,NA,NA
2025-12-22 02:00:00,150.12,369.22,12.95,18.70,20.48,NA,NA,0.89,14.21,NA,NA,NA,NA,NA,NA,NA,NA,NA,NA,NA,0.00,NA,NA,NA
2025-12-22 03:00:00,149.73,336.22,8.56,17.28,16.15,NA,NA,0.89,16.21,NA,NA,NA,NA,NA,NA,NA,NA,NA,NA,NA,0.00,NA,NA,NA
2025-12-22 04:00:00,160.43,369.15,12.43,16.69,18.99,NA,NA,0.86,13.63,NA,NA,NA,NA,NA,NA,NA,NA,NA,NA,NA,0.00,NA,NA,NA
2025-12-22 05:00:00,168.30,362.32,13.14,20.74,21.72,NA,NA,0.86,9.69,NA,NA,NA,NA,NA,NA,NA,NA,NA,NA,NA,0.00,NA,NA,NA
2025-12-22 06:00:00,203.70,346.12,11.12,21.40,20.42,NA,NA,0.86,9.95,NA,NA,NA,NA,NA,NA,NA,NA,NA,NA,NA,0.00,NA,NA,NA
2025-12-22 07:00:00,184.48,356.60,8.52,23.01,19.17,NA,NA,0.86,9.60,NA,NA,NA,NA,NA,NA,NA,NA,NA,NA,NA,0.00,NA,NA,NA
2025-12-22 08:00:00,144.75,303.52,13.20,22.35,22.62,NA,NA,0.85,7.08,NA,NA,NA,NA,NA,NA,NA,NA,NA,NA,NA,0.00,NA,NA,NA
2025-12-22 09:00:00,156.68,302.12,14.25,24.90,24.83,NA,NA,0.87,10.37,NA,NA,NA,NA,NA,NA,NA,NA,NA,NA,NA,0.00,NA,NA,NA
2025-12-22 10:00:00,181.40,362.22,11.64,26.35,23.48,NA,NA,0.90,13.73,NA,NA,NA,NA,NA,NA,NA,NA,NA,NA,NA,0.00,NA,NA,NA
2025-12-22 11:00:00,160.48,307.23,11.59,23.40,21.87,NA,NA,0.91,27.76,NA,NA,NA,NA,NA,NA,NA,NA,NA,NA,NA,0.00,NA,NA,NA
2025-12-22 12:00:00,219.18,338.20,13.09,28.55,25.82,NA,NA,0.97,36.90,NA,NA,NA,NA,NA,NA,NA,NA,NA,NA,NA,0.00,NA,NA,NA
2025-12-22 13:00:00,261.90,407.82,12.65,33.02,27.85,NA,NA,0.98,40.66,NA,NA,NA,NA,NA,NA,NA,NA,NA,NA,NA,0.00,NA,NA,NA
2025-12-22 14:00:00,231.72,373.32,7.63,36.11,25.42,NA,NA,1.01,55.67,NA,NA,NA,NA,NA,NA,NA,NA,NA,NA,NA,0.00,NA,NA,NA
2025-12-22 15:00:00,204.08,401.05,9.89,37.47,27.97,NA,NA,1.04,59.68,NA,NA,NA,NA,NA,NA,NA,NA,NA,NA,NA,0.00,NA,NA,NA
2025-12-22 16:00:00,208.32,398.12,11.14,39.61,30.13,NA,NA,1.10,36.79,NA,NA,NA,NA,NA,NA,NA,NA,NA,NA,NA,0.00,NA,NA,NA
2025-12-22 17:00:00,246.38,397.85,25.22,49.47,46.84,NA,NA,1.33,10.76,NA,NA,NA,NA,NA,NA,NA,NA,NA,NA,NA,0.00,NA,NA,NA
2025-12-22 18:00:00,224.90,411.88,42.56,41.67,56.76,NA,NA,1.65,6.00,NA,NA,NA,NA,NA,NA,NA,NA,NA,NA,NA,0.00,NA,NA,NA
2025-12-22 19:00:00,179.80,367.10,63.64,32.48,69.02,NA,NA,1.82,5.01,NA,NA,NA,NA,NA,NA,NA,NA,NA,NA,NA,0.00,NA,NA,NA
2025-12-22 20:00:00,179.60,431.92,79.99,27.28,79.55,NA,NA,1.99,6.92,NA,NA,NA,NA,NA,NA,NA,NA,NA,NA,NA,0.00,NA,NA,NA
2025-12-22 21:00:00,194.20,393.18,111.14,17.44,99.64,NA,NA,2.25,8.64,NA,NA,NA,NA,NA,NA,NA,NA,NA,NA,NA,0.00,NA,NA,NA
2025-12-22 22:00:00,240.55,399.28,116.33,15.23,102.68,NA,NA,2.43,4.66,NA,NA,NA,NA,NA,NA,NA,NA,NA,NA,NA,0.00,NA,NA,NA
2025-12-22 23:00:00,256.55,448.28,110.39,15.80,98.15,NA,NA,2.45,8.36,NA,NA,NA,NA,NA,NA,NA,NA,NA,NA,NA,0.00,NA,NA,NA
2025-12-23 00:00:00,244.60,443.85,108.70,13.53,95.57,NA,NA,2.45,6.30,NA,NA,NA,NA,NA,NA,NA,NA,NA,NA,NA,0.00,NA,NA,NA
2025-12-23 01:00:00,235.00,453.25,105.67,11.21,91.87,NA,NA,2.47,6.75,NA,NA,NA,NA,NA,NA,NA,NA,NA,NA,NA,0.00,NA,NA,NA
2025-12-23 02:00:00,264.30,398.62,102.58,10.50,88.99,NA,NA,2.43,6.60,NA,NA,NA,NA,NA,NA,NA,NA,NA,NA,NA,0.00,NA,NA,NA
2025-12-23 03:00:00,245.23,433.62,103.77,10.54,89.97,NA,NA,2.32,6.34,NA,NA,NA,NA,NA,NA,NA,NA,NA,NA,NA,0.00,NA,NA,NA
2025-12-23 04:00:00,254.45,454.40,93.63,11.89,82.44,NA,NA,2.26,8.30,NA,NA,NA,NA,NA,NA,NA,NA,NA,NA,NA,0.00,NA,NA,NA
2025-12-23 05:00:00,233.40,436.22,73.34,11.96,65.97,NA,NA,2.03,8.70,NA,NA,NA,NA,NA,NA,NA,NA,NA,NA,NA,0.00,NA,NA,NA
2025-12-23 06:00:00,246.90,373.60,60.74,13.15,56.37,NA,NA,1.78,6.94,NA,NA,NA,NA,NA,NA,NA,NA,NA,NA,NA,0.00,NA,NA,NA
2025-12-23 07:00:00,218.60,359.08,61.60,12.94,56.96,NA,NA,1.66,7.50,NA,NA,NA,NA,NA,NA,NA,NA,NA,NA,NA,0.00,NA,NA,NA
2025-12-23 08:00:00,181.98,362.50,49.41,19.70,50.64,NA,NA,1.53,12.04,NA,NA,NA,NA,NA,NA,NA,NA,NA,NA,NA,0.00,NA,NA,NA
2025-12-23 09:00:00,164.45,308.20,32.68,28.93,41.96,NA,NA,1.44,11.55,NA,NA,NA,NA,NA,NA,NA,NA,NA,NA,NA,0.00,NA,NA,NA
2025-12-23 10:00:00,167.18,260.62,23.96,40.33,40.93,NA,NA,1.35,22.14,NA,NA,NA,NA,NA,NA,NA,NA,NA,NA,NA,0.00,NA,NA,NA
2025-12-23 11:00:00,228.60,337.75,14.44,35.79,30.77,NA,NA,1.27,37.75,NA,NA,NA,NA,NA,NA,NA,NA,NA,NA,NA,0.00,NA,NA,NA
2025-12-23 12:00:00,202.95,335.30,4.81,28.83,19.24,NA,NA,1.02,51.14,NA,NA,NA,NA,NA,NA,NA,NA,NA,NA,NA,0.00,NA,NA,NA
2025-12-23 13:00:00,216.97,349.60,2.52,28.72,17.33,NA,NA,1.01,NA,NA,NA,NA,NA,NA,NA,NA,NA,NA,NA,NA,0.00,NA,NA,NA
2025-12-23 14:00:00,230.90,298.68,4.65,28.60,18.99,NA,NA,0.95,74.40,NA,NA,NA,NA,NA,NA,NA,NA,NA,NA,NA,0.00,NA,NA,NA
2025-12-23 15:00:00,194.58,311.40,5.04,26.78,18.34,NA,NA,0.95,58.94,NA,NA,NA,NA,NA,NA,NA,NA,NA,NA,NA,0.00,NA,NA,NA
2025-12-23 16:00:00,191.52,365.45,4.82,29.09,19.39,NA,NA,0.71,40.92,NA,NA,NA,NA,NA,NA,NA,NA,NA,NA,NA,0.00,NA,NA,NA
2025-12-23 17:00:00,148.25,281.05,8.75,39.84,28.32,NA,NA,0.79,10.02,NA,NA,NA,NA,NA,NA,NA,NA,NA,NA,NA,0.00,NA,NA,NA
2025-12-23 18:00:00,140.30,266.30,17.88,34.73,33.01,NA,NA,0.91,1.87,NA,NA,NA,NA,NA,NA,NA,NA,NA,NA,NA,0.00,NA,NA,NA
2025-12-23 19:00:00,169.70,260.95,13.63,31.16,27.66,NA,NA,0.90,3.46,NA,NA,NA,NA,NA,NA,NA,NA,NA,NA,NA,0.00,NA,NA,NA
2025-12-23 20:00:00,194.95,319.85,9.28,26.90,21.85,NA,NA,0.95,2.38,NA,NA,NA,NA,NA,NA,NA,NA,NA,NA,NA,0.00,NA,NA,NA
2025-12-23 21:00:00,169.80,294.90,10.93,21.83,20.50,NA,NA,0.95,2.61,NA,NA,NA,NA,NA,NA,NA,NA,NA,NA,NA,0.00,NA,NA,NA
2025-12-23 22:00:00,147.90,277.12,12.40,19.34,20.37,NA,NA,0.95,2.38,NA,NA,NA,NA,NA,NA,NA,NA,NA,NA,NA,0.00,NA,NA,NA
2025-12-23 23:00:00,129.05,274.98,11.35,18.44,19.03,NA,NA,0.86,2.17,NA,NA,NA,NA,NA,NA,NA,NA,NA,NA,NA,0.00,NA,NA,NA
2025-12-24 00:00:00,105.65,214.90,7.99,16.43,15.24,NA,NA,0.80,2.24,NA,NA,NA,NA,NA,NA,NA,NA,NA,NA,NA,0.00,NA,NA,NA
2025-12-24 01:00:00,85.75,174.12,10.33,15.46,16.62,NA,NA,0.68,3.67,NA,NA,NA,NA,NA,NA,NA,NA,NA,NA,NA,0.00,NA,NA,NA
2025-12-24 02:00:00,111.88,153.05,10.10,14.46,15.90,NA,NA,0.58,4.42,NA,NA,NA,NA,NA,NA,NA,NA,NA,NA,NA,0.00,NA,NA,NA
2025-12-24 03:00:00,108.85,152.70,7.49,13.04,13.02,NA,NA,0.52,7.37,NA,NA,NA,NA,NA,NA,NA,NA,NA,NA,NA,0.00,NA,NA,NA
2025-12-24 04:00:00,92.82,156.00,5.44,13.04,11.36,NA,NA,0.50,3.75,NA,NA,NA,NA,NA,NA,NA,NA,NA,NA,NA,0.00,NA,NA,NA
2025-12-24 05:00:00,64.20,138.95,8.79,10.86,12.92,NA,NA,0.44,3.85,NA,NA,NA,NA,NA,NA,NA,NA,NA,NA,NA,0.00,NA,NA,NA
2025-12-24 06:00:00,59.22,97.85,7.18,10.96,11.67,NA,NA,0.42,7.21,NA,NA,NA,NA,NA,NA,NA,NA,NA,NA,NA,0.00,NA,NA,NA
2025-12-24 07:00:00,53.10,86.38,6.60,17.24,14.54,NA,NA,0.43,4.92,NA,NA,NA,NA,NA,NA,NA,NA,NA,NA,NA,0.00,NA,NA,NA
2025-12-24 08:00:00,48.00,89.28,9.29,19.07,17.70,NA,NA,0.46,7.56,NA,NA,NA,NA,NA,NA,NA,NA,NA,NA,NA,0.00,NA,NA,NA
2025-12-24 09:00:00,66.62,115.05,8.71,16.92,16.08,NA,NA,0.41,10.70,NA,NA,NA,NA,NA,NA,NA,NA,NA,NA,NA,0.00,NA,NA,NA
2025-12-24 10:00:00,67.52,123.28,7.10,18.22,15.47,NA,NA,0.39,23.64,NA,NA,NA,NA,NA,NA,NA,NA,NA,NA,NA,0.00,NA,NA,NA
2025-12-24 11:00:00,59.38,120.15,3.39,14.42,10.42,NA,NA,0.32,35.75,NA,NA,NA,NA,NA,NA,NA,NA,NA,NA,NA,0.00,NA,NA,NA
2025-12-24 12:00:00,22.70,93.22,2.86,10.75,8.04,NA,NA,0.26,40.70,NA,NA,NA,NA,NA,NA,NA,NA,NA,NA,NA,0.00,NA,NA,NA
2025-12-24 13:00:00,40.17,80.68,2.79,9.65,7.40,NA,NA,0.23,46.29,NA,NA,NA,NA,NA,NA,NA,NA,NA,NA,NA,0.00,NA,NA,NA
2025-12-24 14:00:00,29.50,88.85,3.64,10.29,8.43,NA,NA,0.22,46.92,NA,NA,NA,NA,NA,NA,NA,NA,NA,NA,NA,0.00,NA,NA,NA
2025-12-24 15:00:00,39.45,96.90,3.79,10.60,8.72,NA,NA,0.19,48.16,NA,NA,NA,NA,NA,NA,NA,NA,NA,NA,NA,0.00,NA,NA,NA
2025-12-24 16:00:00,35.95,87.92,4.32,12.39,10.11,NA,NA,0.20,45.04,NA,NA,NA,NA,NA,NA,NA,NA,NA,NA,NA,0.00,NA,NA,NA
2025-12-24 17:00:00,39.65,88.78,8.40,25.46,20.38,NA,NA,0.32,28.97,NA,NA,NA,NA,NA,NA,NA,NA,NA,NA,NA,0.00,NA,NA,NA
2025-12-24 18:00:00,42.95,129.12,29.64,30.34,40.24,NA,NA,0.59,11.12,NA,NA,NA,NA,NA,NA,NA,NA,NA,NA,NA,0.00,NA,NA,NA
2025-12-24 19:00:00,66.57,138.10,38.30,26.38,45.18,NA,NA,0.72,11.26,NA,NA,NA,NA,NA,NA,NA,NA,NA,NA,NA,0.00,NA,NA,NA
2025-12-24 20:00:00,65.57,146.75,74.10,12.90,67.12,NA,NA,1.01,12.07,NA,NA,NA,NA,NA,NA,NA,NA,NA,NA,NA,0.00,NA,NA,NA
2025-12-24 21:00:00,91.62,165.42,96.67,6.87,82.25,NA,NA,1.25,9.65,NA,NA,NA,NA,NA,NA,NA,NA,NA,NA,NA,0.00,NA,NA,NA
2025-12-24 22:00:00,113.75,218.52,91.50,5.76,77.45,NA,NA,1.38,12.75,NA,NA,NA,NA,NA,NA,NA,NA,NA,NA,NA,0.00,NA,NA,NA
2025-12-24 23:00:00,127.07,237.65,91.05,5.29,76.83,NA,NA,1.42,8.27,NA,NA,NA,NA,NA,NA,NA,NA,NA,NA,NA,0.00,NA,NA,NA
2025-12-25 00:00:00,173.62,239.30,82.94,5.73,70.48,NA,NA,1.39,9.53,NA,NA,NA,NA,NA,NA,NA,NA,NA,NA,NA,0.00,NA,NA,NA
2025-12-25 01:00:00,152.83,208.18,79.17,4.04,66.51,NA,NA,1.26,11.83,NA,NA,NA,NA,NA,NA,NA,NA,NA,NA,NA,0.00,NA,NA,NA
2025-12-25 02:00:00,115.35,178.70,57.84,7.51,51.01,NA,NA,1.01,11.79,NA,NA,NA,NA,NA,NA,NA,NA,NA,NA,NA,0.00,NA,NA,NA
2025-12-25 03:00:00,89.52,145.60,60.04,4.43,51.17,NA,NA,0.91,8.25,NA,NA,NA,NA,NA,NA,NA,NA,NA,NA,NA,0.00,NA,NA,NA
2025-12-25 04:00:00,88.65,135.02,62.18,2.88,52.08,NA,NA,0.83,6.99,NA,NA,NA,NA,NA,NA,NA,NA,NA,NA,NA,0.00,NA,NA,NA
2025-12-25 05:00:00,78.80,131.33,44.10,10.61,41.49,NA,NA,0.65,8.62,NA,NA,NA,NA,NA,NA,NA,NA,NA,NA,NA,0.00,NA,NA,NA
2025-12-25 06:00:00,73.00,117.10,36.24,13.41,36.59,NA,NA,0.58,10.96,NA,NA,NA,NA,NA,NA,NA,NA,NA,NA,NA,0.00,NA,NA,NA
2025-12-25 07:00:00,64.40,94.10,38.22,14.06,38.56,NA,NA,0.53,9.30,NA,NA,NA,NA,NA,NA,NA,NA,NA,NA,NA,0.00,NA,NA,NA
2025-12-25 08:00:00,61.38,98.18,25.44,15.89,29.14,NA,NA,0.44,21.24,NA,NA,NA,NA,NA,NA,NA,NA,NA,NA,NA,0.00,NA,NA,NA
2025-12-25 09:00:00,60.72,113.35,17.08,19.22,24.10,NA,NA,0.39,31.85,NA,NA,NA,NA,NA,NA,NA,NA,NA,NA,NA,0.00,NA,NA,NA
2025-12-25 10:00:00,72.92,142.78,10.78,21.44,20.17,NA,NA,0.39,42.69,NA,NA,NA,NA,NA,NA,NA,NA,NA,NA,NA,0.00,NA,NA,NA
2025-12-25 11:00:00,66.88,164.18,6.78,16.58,14.33,NA,NA,0.38,54.93,NA,NA,NA,NA,NA,NA,NA,NA,NA,NA,NA,0.00,NA,NA,NA
2025-12-25 12:00:00,67.35,164.38,3.96,15.11,11.26,NA,NA,0.38,69.01,NA,NA,NA,NA,NA,NA,NA,NA,NA,NA,NA,0.00,NA,NA,NA
2025-12-25 13:00:00,85.05,164.78,1.08,14.88,8.80,NA,NA,0.34,72.03,NA,NA,NA,NA,NA,NA,NA,NA,NA,NA,NA,0.00,NA,NA,NA
2025-12-25 14:00:00,51.35,133.52,1.41,14.19,8.68,NA,NA,0.32,66.20,NA,NA,NA,NA,NA,NA,NA,NA,NA,NA,NA,0.00,NA,NA,NA
2025-12-25 15:00:00,55.65,129.55,1.89,13.40,8.67,NA,NA,0.31,71.33,NA,NA,NA,NA,NA,NA,NA,NA,NA,NA,NA,0.00,NA,NA,NA
2025-12-25 16:00:00,58.18,133.75,2.18,15.23,9.88,NA,NA,0.31,59.00,NA,NA,NA,NA,NA,NA,NA,NA,NA,NA,NA,0.00,NA,NA,NA
2025-12-25 17:00:00,55.42,119.52,3.44,29.80,18.64,NA,NA,0.40,28.79,NA,NA,NA,NA,NA,NA,NA,NA,NA,NA,NA,0.00,NA,NA,NA
2025-12-25 18:00:00,53.02,129.28,38.01,30.19,46.98,NA,NA,0.68,10.31,NA,NA,NA,NA,NA,NA,NA,NA,NA,NA,NA,0.00,NA,NA,NA
2025-12-25 19:00:00,66.25,143.60,49.87,25.93,54.33,NA,NA,0.86,10.04,NA,NA,NA,NA,NA,NA,NA,NA,NA,NA,NA,0.00,NA,NA,NA
2025-12-25 20:00:00,92.80,182.40,59.08,19.60,58.47,NA,NA,1.04,11.20,NA,NA,NA,NA,NA,NA,NA,NA,NA,NA,NA,0.00,NA,NA,NA
2025-12-25 21:00:00,104.88,186.62,72.69,14.71,66.93,NA,NA,1.15,10.24,NA,NA,NA,NA,NA,NA,NA,NA,NA,NA,NA,0.00,NA,NA,NA
2025-12-25 22:00:00,101.52,204.45,89.27,8.02,76.85,NA,NA,1.28,9.34,NA,NA,NA,NA,NA,NA,NA,NA,NA,NA,NA,0.00,NA,NA,NA
2025-12-25 23:00:00,143.20,223.40,105.56,2.13,86.96,NA,NA,1.43,9.56,NA,NA,NA,NA,NA,NA,NA,NA,NA,NA,NA,0.00,NA,NA,NA
2025-12-26 00:00:00,158.35,245.82,94.49,5.68,79.84,NA,NA,1.47,12.54,NA,NA,NA,NA,NA,NA,NA,NA,NA,NA,NA,0.00,NA,NA,NA
2025-12-26 01:00:00,152.85,257.82,114.98,0.54,91.96,NA,NA,1.63,7.80,NA,NA,NA,NA,NA,NA,NA,NA,NA,NA,NA,0.00,NA,NA,NA
2025-12-26 02:00:00,150.05,250.28,130.39,NA,102.96,NA,NA,1.76,7.11,NA,NA,NA,NA,NA,NA,NA,NA,NA,NA,NA,0.00,NA,NA,NA
2025-12-26 03:00:00,168.90,270.20,145.96,NA,113.49,NA,NA,1.91,8.76,NA,NA,NA,NA,NA,NA,NA,NA,NA,NA,NA,0.00,NA,NA,NA
2025-12-26 04:00:00,210.95,282.75,150.79,NA,116.15,NA,NA,1.98,13.27,NA,NA,NA,NA,NA,NA,NA,NA,NA,NA,NA,0.00,NA,NA,NA
2025-12-26 05:00:00,186.08,274.98,143.70,NA,112.44,NA,NA,1.85,7.49,NA,NA,NA,NA,NA,NA,NA,NA,NA,NA,NA,0.00,NA,NA,NA
2025-12-26 06:00:00,146.50,223.78,98.68,1.59,81.00,NA,NA,1.37,9.51,NA,NA,NA,NA,NA,NA,NA,NA,NA,NA,NA,0.00,NA,NA,NA
2025-12-26 07:00:00,127.60,171.85,84.72,1.91,69.89,NA,NA,1.18,10.48,NA,NA,NA,NA,NA,NA,NA,NA,NA,NA,NA,0.00,NA,NA,NA
2025-12-26 08:00:00,125.43,172.25,79.28,4.17,66.67,NA,NA,1.12,16.80,NA,NA,NA,NA,NA,NA,NA,NA,NA,NA,NA,0.00,NA,NA,NA
2025-12-26 09:00:00,127.10,201.98,53.26,29.14,58.79,NA,NA,0.95,13.27,NA,NA,NA,NA,NA,NA,NA,NA,NA,NA,NA,0.00,NA,NA,NA
2025-12-26 10:00:00,96.32,185.82,29.94,28.54,39.52,NA,NA,0.68,33.28,NA,NA,NA,NA,NA,NA,NA,NA,NA,NA,NA,0.00,NA,NA,NA
2025-12-26 11:00:00,79.62,159.45,18.93,20.40,26.24,NA,NA,0.57,46.66,NA,NA,NA,NA,NA,NA,NA,NA,NA,NA,NA,0.00,NA,NA,NA
2025-12-26 12:00:00,81.35,149.95,10.54,19.49,18.94,NA,NA,0.54,58.43,NA,NA,NA,NA,NA,NA,NA,NA,NA,NA,NA,0.00,NA,NA,NA
2025-12-26 13:00:00,96.02,163.52,6.47,16.69,14.14,NA,NA,0.48,63.66,NA,NA,NA,NA,NA,NA,NA,NA,NA,NA,NA,0.00,NA,NA,NA
2025-12-26 14:00:00,85.38,182.78,3.47,16.66,11.68,NA,NA,0.46,68.32,NA,NA,NA,NA,NA,NA,NA,NA,NA,NA,NA,0.00,NA,NA,NA
2025-12-26 15:00:00,77.82,189.22,1.92,14.49,9.27,NA,NA,0.42,64.68,NA,NA,NA,NA,NA,NA,NA,NA,NA,NA,NA,0.00,NA,NA,NA
2025-12-26 16:00:00,83.98,167.00,2.78,16.81,11.20,NA,NA,0.44,58.20,NA,NA,NA,NA,NA,NA,NA,NA,NA,NA,NA,0.00,NA,NA,NA
2025-12-26 17:00:00,82.42,166.82,4.37,27.92,18.41,NA,NA,0.53,31.25,NA,NA,NA,NA,NA,NA,NA,NA,NA,NA,NA,0.00,NA,NA,NA
2025-12-26 18:00:00,92.75,184.65,19.96,36.86,35.84,NA,NA,0.77,10.99,NA,NA,NA,NA,NA,NA,NA,NA,NA,NA,NA,0.00,NA,NA,NA
2025-12-26 19:00:00,102.95,220.52,34.43,27.66,42.71,NA,NA,0.92,11.26,NA,NA,NA,NA,NA,NA,NA,NA,NA,NA,NA,0.00,NA,NA,NA
2025-12-26 20:00:00,105.10,219.75,61.37,17.57,59.24,NA,NA,1.12,6.05,NA,NA,NA,NA,NA,NA,NA,NA,NA,NA,NA,0.00,NA,NA,NA
2025-12-26 21:00:00,135.28,240.18,82.13,9.20,71.68,NA,NA,1.33,7.88,NA,NA,NA,NA,NA,NA,NA,NA,NA,NA,NA,0.00,NA,NA,NA
2025-12-26 22:00:00,185.20,272.27,94.17,4.01,78.69,NA,NA,1.47,9.90,NA,NA,NA,NA,NA,NA,NA,NA,NA,NA,NA,0.00,NA,NA,NA
2025-12-26 23:00:00,208.50,322.82,80.58,6.28,68.85,NA,NA,1.54,9.92,NA,NA,NA,NA,NA,NA,NA,NA,NA,NA,NA,0.00,NA,NA,NA
2025-12-27 00:00:00,202.90,333.35,95.65,1.49,78.54,NA,NA,1.70,7.26,NA,NA,NA,NA,NA,NA,NA,NA,NA,NA,NA,0.00,NA,NA,NA
2025-12-27 01:00:00,218.27,360.18,96.60,0.92,79.01,NA,NA,1.81,12.08,NA,NA,NA,NA,NA,NA,NA,NA,NA,NA,NA,0.00,NA,NA,NA
2025-12-27 02:00:00,261.08,394.12,89.28,1.16,73.19,NA,NA,1.82,12.78,NA,NA,NA,NA,NA,NA,NA,NA,NA,NA,NA,0.00,NA,NA,NA
2025-12-27 03:00:00,255.50,368.75,88.67,1.06,72.01,NA,NA,1.82,8.06,NA,NA,NA,NA,NA,NA,NA,NA,NA,NA,NA,0.00,NA,NA,NA
2025-12-27 04:00:00,224.05,372.50,88.86,0.61,72.33,NA,NA,1.71,8.88,NA,NA,NA,NA,NA,NA,NA,NA,NA,NA,NA,0.00,NA,NA,NA
2025-12-27 05:00:00,215.45,369.45,79.37,1.73,65.43,NA,NA,1.53,10.98,NA,NA,NA,NA,NA,NA,NA,NA,NA,NA,NA,0.00,NA,NA,NA
2025-12-27 06:00:00,259.15,333.85,64.54,4.13,54.66,NA,NA,1.35,8.56,NA,NA,NA,NA,NA,NA,NA,NA,NA,NA,NA,0.00,NA,NA,NA
2025-12-27 07:00:00,205.62,358.30,61.92,6.76,53.94,NA,NA,1.23,10.88,NA,NA,NA,NA,NA,NA,NA,NA,NA,NA,NA,0.00,NA,NA,NA
2025-12-27 08:00:00,184.18,320.70,49.42,12.13,46.62,NA,NA,1.06,11.57,NA,NA,NA,NA,NA,NA,NA,NA,NA,NA,NA,0.00,NA,NA,NA
2025-12-27 09:00:00,157.05,295.62,32.00,22.92,38.21,NA,NA,0.98,13.26,NA,NA,NA,NA,NA,NA,NA,NA,NA,NA,NA,0.00,NA,NA,NA
2025-12-27 10:00:00,217.95,390.92,21.29,30.63,33.60,NA,NA,0.94,20.58,NA,NA,NA,NA,NA,NA,NA,NA,NA,NA,NA,0.00,NA,NA,NA
2025-12-27 11:00:00,256.82,373.25,10.98,34.50,27.27,NA,NA,0.80,37.46,NA,NA,NA,NA,NA,NA,NA,NA,NA,NA,NA,0.00,NA,NA,NA
2025-12-27 12:00:00,207.00,315.45,3.82,25.14,16.48,NA,NA,0.60,56.89,NA,NA,NA,NA,NA,NA,NA,NA,NA,NA,NA,0.00,NA,NA,NA
2025-12-27 13:00:00,173.08,256.60,2.78,18.01,11.84,NA,NA,0.43,60.29,NA,NA,NA,NA,NA,NA,NA,NA,NA,NA,NA,0.00,NA,NA,NA
2025-12-27 14:00:00,131.50,207.62,1.85,17.63,10.88,NA,NA,0.42,63.66,NA,NA,NA,NA,NA,NA,NA,NA,NA,NA,NA,0.00,NA,NA,NA
2025-12-27 15:00:00,125.62,210.15,4.38,16.70,12.44,NA,NA,0.43,62.28,NA,NA,NA,NA,NA,NA,NA,NA,NA,NA,NA,0.00,NA,NA,NA
2025-12-27 16:00:00,112.22,195.88,4.11,17.24,12.51,NA,NA,0.42,49.28,NA,NA,NA,NA,NA,NA,NA,NA,NA,NA,NA,0.00,NA,NA,NA
2025-12-27 17:00:00,97.45,196.02,6.72,33.85,23.48,NA,NA,0.58,20.36,NA,NA,NA,NA,NA,NA,NA,NA,NA,NA,NA,0.00,NA,NA,NA
2025-12-27 18:00:00,101.10,221.90,23.66,35.81,38.29,NA,NA,0.80,9.73,NA,NA,NA,NA,NA,NA,NA,NA,NA,NA,NA,0.00,NA,NA,NA
2025-12-27 19:00:00,114.48,229.15,54.40,24.21,57.11,NA,NA,1.03,7.96,NA,NA,NA,NA,NA,NA,NA,NA,NA,NA,NA,0.00,NA,NA,NA
2025-12-27 20:00:00,116.82,234.50,74.76,14.16,68.31,NA,NA,1.21,8.32,NA,NA,NA,NA,NA,NA,NA,NA,NA,NA,NA,0.00,NA,NA,NA
2025-12-27 21:00:00,167.72,252.22,97.48,4.24,81.52,NA,NA,1.48,7.90,NA,NA,NA,NA,NA,NA,NA,NA,NA,NA,NA,0.00,NA,NA,NA
2025-12-27 22:00:00,167.38,280.27,102.10,1.74,83.94,NA,NA,1.62,5.06,NA,NA,NA,NA,NA,NA,NA,NA,NA,NA,NA,0.00,NA,NA,NA
2025-12-27 23:00:00,190.10,297.58,111.03,0.13,89.23,NA,NA,1.75,9.38,NA,NA,NA,NA,NA,NA,NA,NA,NA,NA,NA,0.00,NA,NA,NA
2025-12-28 00:00:00,204.65,336.82,130.49,NA,102.45,NA,NA,1.97,7.67,NA,NA,NA,NA,NA,NA,NA,NA,NA,NA,NA,0.00,NA,NA,NA
2025-12-28 01:00:00,232.00,392.75,132.11,NA,102.81,NA,NA,2.08,7.96,NA,NA,NA,NA,NA,NA,NA,NA,NA,NA,NA,0.00,NA,NA,NA
2025-12-28 02:00:00,249.82,336.20,139.42,NA,108.56,NA,NA,2.06,3.38,NA,NA,NA,NA,NA,NA,NA,NA,NA,NA,NA,0.00,NA,NA,NA
2025-12-28 03:00:00,232.23,332.25,137.74,NA,109.41,NA,NA,2.00,8.72,NA,NA,NA,NA,NA,NA,NA,NA,NA,NA,NA,0.00,NA,NA,NA
2025-12-28 04:00:00,221.32,358.78,122.68,NA,97.44,NA,NA,1.82,6.88,NA,NA,NA,NA,NA,NA,NA,NA,NA,NA,NA,0.00,NA,NA,NA
2025-12-28 05:00:00,228.48,304.05,102.65,NA,81.57,NA,NA,1.61,7.34,NA,NA,NA,NA,NA,NA,NA,NA,NA,NA,NA,0.00,NA,NA,NA
2025-12-28 06:00:00,216.20,256.82,89.92,1.07,72.66,NA,NA,1.41,5.72,NA,NA,NA,NA,NA,NA,NA,NA,NA,NA,NA,0.00,NA,NA,NA
2025-12-28 07:00:00,185.75,287.17,78.38,3.15,65.39,NA,NA,1.22,9.53,NA,NA,NA,NA,NA,NA,NA,NA,NA,NA,NA,0.00,NA,NA,NA
2025-12-28 08:00:00,161.55,258.25,66.44,6.86,57.66,NA,NA,1.12,18.42,NA,NA,NA,NA,NA,NA,NA,NA,NA,NA,NA,0.00,NA,NA,NA
2025-12-28 09:00:00,169.20,232.25,39.61,19.15,42.37,NA,NA,0.96,15.35,NA,NA,NA,NA,NA,NA,NA,NA,NA,NA,NA,0.00,NA,NA,NA
2025-12-28 10:00:00,176.25,231.22,25.67,22.71,32.95,NA,NA,0.77,26.73,NA,NA,NA,NA,NA,NA,NA,NA,NA,NA,NA,0.00,NA,NA,NA
2025-12-28 11:00:00,169.40,270.30,17.17,25.19,27.36,NA,NA,0.74,41.04,NA,NA,NA,NA,NA,NA,NA,NA,NA,NA,NA,0.00,NA,NA,NA
2025-12-28 12:00:00,170.62,281.33,9.88,22.48,19.98,NA,NA,0.70,53.90,NA,NA,NA,NA,NA,NA,NA,NA,NA,NA,NA,0.00,NA,NA,NA
2025-12-28 13:00:00,178.13,269.50,5.36,19.47,14.72,NA,NA,0.63,62.16,NA,NA,NA,NA,NA,NA,NA,NA,NA,NA,NA,0.00,NA,NA,NA
2025-12-28 14:00:00,115.12,190.52,4.15,15.73,11.74,NA,NA,0.56,62.43,NA,NA,NA,NA,NA,NA,NA,NA,NA,NA,NA,0.00,NA,NA,NA
2025-12-28 15:00:00,106.80,182.12,3.84,15.88,11.56,NA,NA,0.55,71.78,NA,NA,NA,NA,NA,NA,NA,NA,NA,NA,NA,0.00,NA,NA,NA
2025-12-28 16:00:00,142.02,231.15,2.76,20.92,13.38,NA,NA,0.57,51.61,NA,NA,NA,NA,NA,NA,NA,NA,NA,NA,NA,0.00,NA,NA,NA
2025-12-28 17:00:00,147.68,267.75,4.86,37.92,24.13,NA,NA,0.71,23.94,NA,NA,NA,NA,NA,NA,NA,NA,NA,NA,NA,0.00,NA,NA,NA
2025-12-28 18:00:00,170.55,307.62,15.26,39.34,33.33,NA,NA,0.92,7.21,NA,NA,NA,NA,NA,NA,NA,NA,NA,NA,NA,0.00,NA,NA,NA
2025-12-28 19:00:00,204.05,311.12,42.44,26.14,48.42,NA,NA,1.17,7.04,NA,NA,NA,NA,NA,NA,NA,NA,NA,NA,NA,0.00,NA,NA,NA
2025-12-28 20:00:00,236.80,355.55,38.29,22.05,42.86,NA,NA,1.26,9.61,NA,NA,NA,NA,NA,NA,NA,NA,NA,NA,NA,0.00,NA,NA,NA
2025-12-28 21:00:00,252.42,419.75,51.33,14.33,49.36,NA,NA,1.48,3.55,NA,NA,NA,NA,NA,NA,NA,NA,NA,NA,NA,0.00,NA,NA,NA
2025-12-28 22:00:00,282.10,445.02,59.23,9.91,53.43,NA,NA,1.71,5.90,NA,NA,NA,NA,NA,NA,NA,NA,NA,NA,NA,0.00,NA,NA,NA
2025-12-28 23:00:00,342.65,519.00,61.37,7.21,53.73,NA,NA,1.78,6.77,NA,NA,NA,NA,NA,NA,NA,NA,NA,NA,NA,0.00,NA,NA,NA
2025-12-29 00:00:00,340.85,525.40,62.76,4.98,53.67,NA,NA,1.85,7.80,NA,NA,NA,NA,NA,NA,NA,NA,NA,NA,NA,0.00,NA,NA,NA
2025-12-29 01:00:00,290.60,493.05,77.37,1.65,63.66,NA,NA,1.87,4.24,NA,NA,NA,NA,NA,NA,NA,NA,NA,NA,NA,0.00,NA,NA,NA
2025-12-29 02:00:00,275.95,417.25,50.42,10.90,46.70,NA,NA,1.66,13.22,NA,NA,NA,NA,NA,NA,NA,NA,NA,NA,NA,0.00,NA,NA,NA
2025-12-29 03:00:00,273.58,491.80,36.07,14.88,37.23,NA,NA,1.49,8.62,NA,NA,NA,NA,NA,NA,NA,NA,NA,NA,NA,0.00,NA,NA,NA
2025-12-29 04:00:00,192.85,386.62,18.24,15.81,23.24,NA,NA,1.28,5.97,NA,NA,NA,NA,NA,NA,NA,NA,NA,NA,NA,0.00,NA,NA,NA
2025-12-29 05:00:00,138.20,310.62,18.49,13.92,22.43,NA,NA,1.17,8.09,NA,NA,NA,NA,NA,NA,NA,NA,NA,NA,NA,0.00,NA,NA,NA
2025-12-29 06:00:00,122.07,237.60,15.36,14.57,20.23,NA,NA,1.10,6.64,NA,NA,NA,NA,NA,NA,NA,NA,NA,NA,NA,0.00,NA,NA,NA
2025-12-29 07:00:00,118.32,203.32,11.03,15.42,17.17,NA,NA,1.06,10.15,NA,NA,NA,NA,NA,NA,NA,NA,NA,NA,NA,0.00,NA,NA,NA
2025-12-29 08:00:00,145.00,199.08,11.42,18.68,19.22,NA,NA,1.03,8.32,NA,NA,NA,NA,NA,NA,NA,NA,NA,NA,NA,0.00,NA,NA,NA
2025-12-29 09:00:00,149.05,281.65,14.80,18.89,22.08,NA,NA,1.03,11.80,NA,NA,NA,NA,NA,NA,NA,NA,NA,NA,NA,0.00,NA,NA,NA
2025-12-29 10:00:00,135.05,292.73,13.01,20.56,21.51,NA,NA,0.96,13.67,NA,NA,NA,NA,NA,NA,NA,NA,NA,NA,NA,0.00,NA,NA,NA
2025-12-29 11:00:00,133.30,269.72,10.26,26.72,22.55,NA,NA,0.90,14.49,NA,NA,NA,NA,NA,NA,NA,NA,NA,NA,NA,0.00,NA,NA,NA
2025-12-29 12:00:00,200.42,275.52,9.08,31.17,23.96,NA,NA,0.86,15.25,NA,NA,NA,NA,NA,NA,NA,NA,NA,NA,NA,0.00,NA,NA,NA
2025-12-29 13:00:00,226.68,296.60,6.51,26.72,19.50,NA,NA,0.80,24.78,NA,NA,NA,NA,NA,NA,NA,NA,NA,NA,NA,0.00,NA,NA,NA
2025-12-29 14:00:00,203.48,286.32,6.02,25.50,18.45,NA,NA,0.81,31.75,NA,NA,NA,NA,NA,NA,NA,NA,NA,NA,NA,0.00,NA,NA,NA
2025-12-29 15:00:00,196.10,296.00,5.98,26.28,18.84,NA,NA,0.82,31.65,NA,NA,NA,NA,NA,NA,NA,NA,NA,NA,NA,0.00,NA,NA,NA
2025-12-29 16:00:00,205.50,372.08,5.22,34.37,22.53,NA,NA,0.95,19.16,NA,NA,NA,NA,NA,NA,NA,NA,NA,NA,NA,0.00,NA,NA,NA
2025-12-29 17:00:00,252.75,415.22,10.58,33.26,26.30,NA,NA,1.03,6.36,NA,NA,NA,NA,NA,NA,NA,NA,NA,NA,NA,0.00,NA,NA,NA
2025-12-29 18:00:00,234.95,363.00,13.70,23.82,23.80,NA,NA,1.05,6.59,NA,NA,NA,NA,NA,NA,NA,NA,NA,NA,NA,0.00,NA,NA,NA
2025-12-29 19:00:00,197.73,352.00,21.26,27.50,31.91,NA,NA,1.19,8.22,NA,NA,NA,NA,NA,NA,NA,NA,NA,NA,NA,0.00,NA,NA,NA
2025-12-29 20:00:00,187.28,327.30,30.80,24.54,38.11,NA,NA,1.31,9.35,NA,NA,NA,NA,NA,NA,NA,NA,NA,NA,NA,0.00,NA,NA,NA
2025-12-29 21:00:00,187.80,337.90,50.44,19.29,51.28,NA,NA,1.59,11.58,NA,NA,NA,NA,NA,NA,NA,NA,NA,NA,NA,0.00,NA,NA,NA
2025-12-29 22:00:00,242.55,420.72,48.64,20.32,50.34,NA,NA,1.60,13.52,NA,NA,NA,NA,NA,NA,NA,NA,NA,NA,NA,0.00,NA,NA,NA
2025-12-29 23:00:00,206.95,312.52,39.08,24.28,44.68,NA,NA,1.48,13.06,NA,NA,NA,NA,NA,NA,NA,NA,NA,NA,NA,0.00,NA,NA,NA
2025-12-30 00:00:00,152.10,273.58,41.15,24.71,46.60,NA,NA,1.47,10.96,NA,NA,NA,NA,NA,NA,NA,NA,NA,NA,NA,0.00,NA,NA,NA
2025-12-30 01:00:00,158.35,332.55,38.86,27.83,46.40,NA,NA,1.42,9.97,NA,NA,NA,NA,NA,NA,NA,NA,NA,NA,NA,0.00,NA,NA,NA
2025-12-30 02:00:00,177.20,344.17,31.82,36.38,45.22,NA,NA,1.38,10.38,NA,NA,NA,NA,NA,NA,NA,NA,NA,NA,NA,0.00,NA,NA,NA
2025-12-30 03:00:00,186.12,345.22,23.70,36.62,38.74,NA,NA,1.29,11.44,NA,NA,NA,NA,NA,NA,NA,NA,NA,NA,NA,0.00,NA,NA,NA
2025-12-30 04:00:00,171.45,307.58,24.23,37.01,39.39,NA,NA,1.25,8.53,NA,NA,NA,NA,NA,NA,NA,NA,NA,NA,NA,0.00,NA,NA,NA
2025-12-30 05:00:00,159.35,283.33,26.02,37.05,40.86,NA,NA,1.22,8.37,NA,NA,NA,NA,NA,NA,NA,NA,NA,NA,NA,0.00,NA,NA,NA
2025-12-30 06:00:00,149.42,301.55,27.71,35.29,41.30,NA,NA,1.23,9.65,NA,NA,NA,NA,NA,NA,NA,NA,NA,NA,NA,0.00,NA,NA,NA
2025-12-30 07:00:00,156.52,350.72,28.45,34.86,41.68,NA,NA,1.24,14.32,NA,NA,NA,NA,NA,NA,NA,NA,NA,NA,NA,0.00,NA,NA,NA
2025-12-30 08:00:00,151.72,324.70,28.28,37.50,42.94,NA,NA,1.20,10.59,NA,NA,NA,NA,NA,NA,NA,NA,NA,NA,NA,0.00,NA,NA,NA
2025-12-30 09:00:00,160.68,356.35,23.96,44.14,42.96,NA,NA,1.16,14.68,NA,NA,NA,NA,NA,NA,NA,NA,NA,NA,NA,0.00,NA,NA,NA
2025-12-30 10:00:00,246.20,391.20,24.38,69.95,57.03,NA,NA,1.22,14.96,NA,NA,NA,NA,NA,NA,NA,NA,NA,NA,NA,0.00,NA,NA,NA
2025-12-30 11:00:00,287.70,447.48,16.88,62.48,46.95,NA,NA,1.16,20.02,NA,NA,NA,NA,NA,NA,NA,NA,NA,NA,NA,0.00,NA,NA,NA
2025-12-30 12:00:00,226.92,387.67,10.92,46.28,33.48,NA,NA,0.98,27.50,NA,NA,NA,NA,NA,NA,NA,NA,NA,NA,NA,0.00,NA,NA,NA
2025-12-30 13:00:00,199.30,270.42,5.08,34.74,22.61,NA,NA,0.78,37.24,NA,NA,NA,NA,NA,NA,NA,NA,NA,NA,NA,0.00,NA,NA,NA
2025-12-30 14:00:00,133.52,184.20,3.17,29.75,18.40,NA,NA,0.66,38.36,NA,NA,NA,NA,NA,NA,NA,NA,NA,NA,NA,0.00,NA,NA,NA
2025-12-30 15:00:00,80.42,140.25,3.79,29.79,18.94,NA,NA,0.58,41.50,NA,NA,NA,NA,NA,NA,NA,NA,NA,NA,NA,0.00,NA,NA,NA
2025-12-30 16:00:00,65.47,122.72,4.26,33.63,21.36,NA,NA,0.58,39.42,NA,NA,NA,NA,NA,NA,NA,NA,NA,NA,NA,0.00,NA,NA,NA
2025-12-30 17:00:00,67.62,141.78,10.48,48.86,34.52,NA,NA,0.76,17.16,NA,NA,NA,NA,NA,NA,NA,NA,NA,NA,NA,0.00,NA,NA,NA
2025-12-30 18:00:00,88.78,198.82,36.47,43.79,52.96,NA,NA,1.06,10.36,NA,NA,NA,NA,NA,NA,NA,NA,NA,NA,NA,0.00,NA,NA,NA
2025-12-30 19:00:00,84.48,214.77,46.49,38.96,58.53,NA,NA,1.12,8.99,NA,NA,NA,NA,NA,NA,NA,NA,NA,NA,NA,0.00,NA,NA,NA
2025-12-30 20:00:00,117.75,240.30,59.93,31.12,65.28,NA,NA,1.31,8.46,NA,NA,NA,NA,NA,NA,NA,NA,NA,NA,NA,0.00,NA,NA,NA
2025-12-30 21:00:00,139.40,273.55,85.59,20.58,80.55,NA,NA,1.63,11.37,NA,NA,NA,NA,NA,NA,NA,NA,NA,NA,NA,0.00,NA,NA,NA
2025-12-30 22:00:00,200.68,324.95,101.47,12.60,89.20,NA,NA,1.83,10.40,NA,NA,NA,NA,NA,NA,NA,NA,NA,NA,NA,0.00,NA,NA,NA
2025-12-30 23:00:00,196.00,314.10,110.67,9.88,95.23,NA,NA,1.94,6.49,NA,NA,NA,NA,NA,NA,NA,NA,NA,NA,NA,0.00,NA,NA,NA
2025-12-31 00:00:00,203.70,311.82,109.24,9.09,93.65,NA,NA,1.97,8.76,NA,NA,NA,NA,NA,NA,NA,NA,NA,NA,NA,0.00,NA,NA,NA
2025-12-31 01:00:00,203.98,349.70,115.49,6.73,97.48,NA,NA,2.01,11.48,NA,NA,NA,NA,NA,NA,NA,NA,NA,NA,NA,0.00,NA,NA,NA
2025-12-31 02:00:00,225.80,356.70,127.75,4.34,106.18,NA,NA,2.11,11.69,NA,NA,NA,NA,NA,NA,NA,NA,NA,NA,NA,0.00,NA,NA,NA
2025-12-31 03:00:00,269.52,362.48,142.81,2.21,117.28,NA,NA,2.22,11.29,NA,NA,NA,NA,NA,NA,NA,NA,NA,NA,NA,0.00,NA,NA,NA
2025-12-31 04:00:00,251.65,412.15,159.00,NA,128.35,NA,NA,2.31,8.25,NA,NA,NA,NA,NA,NA,NA,NA,NA,NA,NA,0.00,NA,NA,NA
2025-12-31 05:00:00,249.53,389.05,140.74,3.24,115.25,NA,NA,2.27,16.58,NA,NA,NA,NA,NA,NA,NA,NA,NA,NA,NA,0.00,NA,NA,NA
2025-12-31 06:00:00,266.25,366.30,79.56,17.50,73.96,NA,NA,1.72,13.36,NA,NA,NA,NA,NA,NA,NA,NA,NA,NA,NA,0.00,NA,NA,NA
2025-12-31 07:00:00,132.15,237.78,48.70,24.27,52.50,NA,NA,1.36,10.39,NA,NA,NA,NA,NA,NA,NA,NA,NA,NA,NA,0.00,NA,NA,NA
2025-12-31 08:00:00,110.22,205.60,40.03,25.81,46.28,NA,NA,1.18,11.68,NA,NA,NA,NA,NA,NA,NA,NA,NA,NA,NA,0.00,NA,NA,NA
2025-12-31 09:00:00,118.65,206.80,31.66,26.34,39.74,NA,NA,1.14,10.83,NA,NA,NA,NA,NA,NA,NA,NA,NA,NA,NA,0.00,NA,NA,NA
2025-12-31 10:00:00,115.72,214.20,25.70,27.74,35.65,NA,NA,1.03,11.16,NA,NA,NA,NA,NA,NA,NA,NA,NA,NA,NA,0.00,NA,NA,NA
2025-12-31 11:00:00,134.55,218.08,19.93,28.28,31.24,NA,NA,0.97,13.08,NA,NA,NA,NA,NA,NA,NA,NA,NA,NA,NA,0.00,NA,NA,NA
2025-12-31 12:00:00,146.12,221.80,15.46,33.49,30.38,NA,NA,0.95,14.28,NA,NA,NA,NA,NA,NA,NA,NA,NA,NA,NA,0.00,NA,NA,NA
2025-12-31 13:00:00,190.15,266.02,11.21,38.07,29.36,NA,NA,0.96,13.04,NA,NA,NA,NA,NA,NA,NA,NA,NA,NA,NA,0.00,NA,NA,NA
2025-12-31 14:00:00,176.08,254.45,10.98,37.48,28.86,NA,NA,0.92,14.59,NA,NA,NA,NA,NA,NA,NA,NA,NA,NA,NA,0.00,NA,NA,NA
2025-12-31 15:00:00,182.62,273.45,9.42,34.85,26.19,NA,NA,0.90,16.48,NA,NA,NA,NA,NA,NA,NA,NA,NA,NA,NA,0.00,NA,NA,NA
2025-12-31 16:00:00,189.20,308.83,7.18,32.82,23.29,NA,NA,0.90,14.98,NA,NA,NA,NA,NA,NA,NA,NA,NA,NA,NA,0.00,NA,NA,NA
2025-12-31 17:00:00,181.98,329.80,6.17,34.51,23.38,NA,NA,0.93,12.42,NA,NA,NA,NA,NA,NA,NA,NA,NA,NA,NA,0.00,NA,NA,NA
2025-12-31 18:00:00,217.80,328.55,9.54,35.55,26.67,NA,NA,1.05,9.40,NA,NA,NA,NA,NA,NA,NA,NA,NA,NA,NA,0.00,NA,NA,NA
2025-12-31 19:00:00,205.25,386.88,10.36,35.54,27.33,NA,NA,1.10,11.21,NA,NA,NA,NA,NA,NA,NA,NA,NA,NA,NA,0.00,NA,NA,NA
2025-12-31 20:00:00,195.70,385.18,9.79,35.12,26.64,NA,NA,1.14,11.26,NA,NA,NA,NA,NA,NA,NA,NA,NA,NA,NA,0.00,NA,NA,NA
2025-12-31 21:00:00,180.85,364.52,9.90,34.08,26.18,NA,NA,1.15,9.76,NA,NA,NA,NA,NA,NA,NA,NA,NA,NA,NA,0.00,NA,NA,NA
2025-12-31 22:00:00,169.82,387.60,10.98,34.51,27.29,NA,NA,1.10,12.26,NA,NA,NA,NA,NA,NA,NA,NA,NA,NA,NA,0.00,NA,NA,NA
2025-12-31 23:00:00,205.27,394.65,11.36,33.39,27.00,NA,NA,1.01,10.49,NA,NA,NA,NA,NA,NA,NA,NA,NA,NA,NA,0.00,NA,NA,NA
