station,year,raw_column,normalized_column,total_rows,missing_count,missing_percent
Alipur,2022,Timestamp,Timestamp,8760,0,0.0
Alipur,2022,PM2.5 (µg/m³),PM2.5,8760,259,2.96
Alipur,2022,PM10 (µg/m³),PM10,8760,244,2.79
Alipur,2022,NO (µg/m³),NO,8760,214,2.44
Alipur,2022,NO2 (µg/m³),NO2,8760,215,2.45
Alipur,2022,NOx (ppb),NOx,8760,215,2.45
Alipur,2022,NH3 (µg/m³),NH3,8760,379,4.33
Alipur,2022,SO2 (µg/m³),SO2,8760,560,6.39
Alipur,2022,CO (mg/m³),CO,8760,265,3.03
Alipur,2022,Ozone (µg/m³),Ozone,8760,713,8.14
Alipur,2022,Benzene (µg/m³),Benzene,8760,242,2.76
Alipur,2022,Toluene (µg/m³),Toluene,8760,242,2.76
Alipur,2022,Xylene (µg/m³),Xylene,8760,242,2.76
Alipur,2022,O Xylene (µg/m³),O Xylene,8760,8760,100.0
Alipur,2022,Eth-Benzene (µg/m³),Eth-Benzene,8760,8760,100.0
Alipur,2022,MP-Xylene (µg/m³),MP-Xylene,8760,8760,100.0
Alipur,2022,AT (°C),AT,8760,187,2.13
Alipur,2022,RH (%),RH,8760,181,2.07
Alipur,2022,WS (m/s),WS,8760,8760,100.0
Alipur,2022,WD (deg),WD,8760,181,2.07
Alipur,2022,RF (mm),RF,8760,181,2.07
Alipur,2022,TOT-RF (mm),TOT-RF,8760,0,0.0
Alipur,2022,SR (W/mt2),SR,8760,181,2.07
Alipur,2022,BP (mmHg),BP,8760,184,2.1
Alipur,2022,VWS (m/s),VWS,8760,8760,100.0
Alipur,2023,Timestamp,Timestamp,8760,0,0.0
Alipur,2023,PM2.5 (µg/m³),PM2.5,8760,417,4.76
Alipur,2023,PM10 (µg/m³),PM10,8760,538,6.14
Alipur,2023,NO (µg/m³),NO,8760,409,4.67
Alipur,2023,NO2 (µg/m³),NO2,8760,404,4.61
Alipur,2023,NOx (ppb),NOx,8760,408,4.66
Alipur,2023,NH3 (µg/m³),NH3,8760,694,7.92
Alipur,2023,SO2 (µg/m³),SO2,8760,445,5.08
Alipur,2023,CO (mg/m³),CO,8760,548,6.26
Alipur,2023,Ozone (µg/m³),Ozone,8760,700,7.99
Alipur,2023,Benzene (µg/m³),Benzene,8760,343,3.92
Alipur,2023,Toluene (µg/m³),Toluene,8760,343,3.92
Alipur,2023,Xylene (µg/m³),Xylene,8760,343,3.92
Alipur,2023,O Xylene (µg/m³),O Xylene,8760,8760,100.0
Alipur,2023,Eth-Benzene (µg/m³),Eth-Benzene,8760,8760,100.0
Alipur,2023,MP-Xylene (µg/m³),MP-Xylene,8760,8760,100.0
Alipur,2023,AT (°C),AT,8760,328,3.74
Alipur,2023,RH (%),RH,8760,322,3.68
Alipur,2023,WS (m/s),WS,8760,8760,100.0
Alipur,2023,WD (deg),WD,8760,322,3.68
Alipur,2023,RF (mm),RF,8760,322,3.68
Alipur,2023,TOT-RF (mm),TOT-RF,8760,0,0.0
Alipur,2023,SR (W/mt2),SR,8760,322,3.68
Alipur,2023,BP (mmHg),BP,8760,322,3.68
Alipur,2023,VWS (m/s),VWS,8760,8760,100.0
Alipur,2024,Timestamp,Timestamp,8784,0,0.0
Alipur,2024,PM2.5 (µg/m³),PM2.5,8784,225,2.56
Alipur,2024,PM10 (µg/m³),PM10,8784,237,2.7
Alipur,2024,NO (µg/m³),NO,8784,206,2.35
Alipur,2024,NO2 (µg/m³),NO2,8784,225,2.56
Alipur,2024,NOx (ppb),NOx,8784,162,1.84
Alipur,2024,NH3 (µg/m³),NH3,8784,235,2.68
Alipur,2024,SO2 (µg/m³),SO2,8784,178,2.03
Alipur,2024,CO (mg/m³),CO,8784,387,4.41
Alipur,2024,Ozone (µg/m³),Ozone,8784,336,3.83
Alipur,2024,Benzene (µg/m³),Benzene,8784,152,1.73
Alipur,2024,Toluene (µg/m³),Toluene,8784,152,1.73
Alipur,2024,Xylene (µg/m³),Xylene,8784,8721,99.28
Alipur,2024,O Xylene (µg/m³),O Xylene,8784,8784,100.0
Alipur,2024,Eth-Benzene (µg/m³),Eth-Benzene,8784,2988,34.02
Alipur,2024,MP-Xylene (µg/m³),MP-Xylene,8784,3333,37.94
Alipur,2024,AT (°C),AT,8784,140,1.59
Alipur,2024,RH (%),RH,8784,140,1.59
Alipur,2024,WS (m/s),WS,8784,8784,100.0
Alipur,2024,WD (deg),WD,8784,140,1.59
Alipur,2024,RF (mm),RF,8784,140,1.59
Alipur,2024,TOT-RF (mm),TOT-RF,8784,0,0.0
Alipur,2024,SR (W/mt2),SR,8784,140,1.59
Alipur,2024,BP (mmHg),BP,8784,141,1.61
Alipur,2024,VWS (m/s),VWS,8784,8784,100.0
Alipur,2025,Timestamp,Timestamp,8760,0,0.0
Alipur,2025,PM2.5 (µg/m³),PM2.5,8760,261,2.98
Alipur,2025,PM10 (µg/m³),PM10,8760,284,3.24
Alipur,2025,NO (µg/m³),NO,8760,125,1.43
Alipur,2025,NO2 (µg/m³),NO2,8760,106,1.21
Alipur,2025,NOx (ppb),NOx,8760,95,1.08
Alipur,2025,NH3 (µg/m³),NH3,8760,154,1.76
Alipur,2025,SO2 (µg/m³),SO2,8760,279,3.18
Alipur,2025,CO (mg/m³),CO,8760,392,4.47
Alipur,2025,Ozone (µg/m³),Ozone,8760,365,4.17
Alipur,2025,Benzene (µg/m³),Benzene,8760,136,1.55
Alipur,2025,Toluene (µg/m³),Toluene,8760,136,1.55
Alipur,2025,Xylene (µg/m³),Xylene,8760,8760,100.0
Alipur,2025,O Xylene (µg/m³),O Xylene,8760,8760,100.0
Alipur,2025,Eth-Benzene (µg/m³),Eth-Benzene,8760,4371,49.9
Alipur,2025,MP-Xylene (µg/m³),MP-Xylene,8760,5492,62.69
Alipur,2025,AT (°C),AT,8760,141,1.61
Alipur,2025,RH (%),RH,8760,141,1.61
Alipur,2025,WS (m/s),WS,8760,8760,100.0
Alipur,2025,WD (deg),WD,8760,141,1.61
Alipur,2025,RF (mm),RF,8760,142,1.62
Alipur,2025,TOT-RF (mm),TOT-RF,8760,0,0.0
Alipur,2025,SR (W/mt2),SR,8760,141,1.61
Alipur,2025,BP (mmHg),BP,8760,143,1.63
Alipur,2025,VWS (m/s),VWS,8760,8760,100.0
Anand_Vihar,2022,Timestamp,Timestamp,8760,0,0.0
Anand_Vihar,2022,PM2.5 (µg/m³),PM2.5,8760,212,2.42
Anand_Vihar,2022,PM10 (µg/m³),PM10,8760,238,2.72
Anand_Vihar,2022,NO (µg/m³),NO,8760,1087,12.41
Anand_Vihar,2022,NO2 (µg/m³),NO2,8760,710,8.11
Anand_Vihar,2022,NOx (ppb),NOx,8760,956,10.91
Anand_Vihar,2022,NH3 (µg/m³),NH3,8760,1175,13.41
Anand_Vihar,2022,SO2 (µg/m³),SO2,8760,605,6.91
Anand_Vihar,2022,CO (mg/m³),CO,8760,2071,23.64
Anand_Vihar,2022,Ozone (µg/m³),Ozone,8760,315,3.6
Anand_Vihar,2022,Benzene (µg/m³),Benzene,8760,385,4.39
Anand_Vihar,2022,Toluene (µg/m³),Toluene,8760,311,3.55
Anand_Vihar,2022,Xylene (µg/m³),Xylene,8760,8760,100.0
Anand_Vihar,2022,O Xylene (µg/m³),O Xylene,8760,8760,100.0
Anand_Vihar,2022,Eth-Benzene (µg/m³),Eth-Benzene,8760,8760,100.0
Anand_Vihar,2022,MP-Xylene (µg/m³),MP-Xylene,8760,8760,100.0
Anand_Vihar,2022,AT (°C),AT,8760,150,1.71
Anand_Vihar,2022,RH (%),RH,8760,153,1.75
Anand_Vihar,2022,WS (m/s),WS,8760,150,1.71
Anand_Vihar,2022,WD (deg),WD,8760,324,3.7
Anand_Vihar,2022,RF (mm),RF,8760,8760,100.0
Anand_Vihar,2022,TOT-RF (mm),TOT-RF,8760,0,0.0
Anand_Vihar,2022,SR (W/mt2),SR,8760,150,1.71
Anand_Vihar,2022,BP (mmHg),BP,8760,150,1.71
Anand_Vihar,2022,VWS (m/s),VWS,8760,8760,100.0
Anand_Vihar,2023,Timestamp,Timestamp,8760,0,0.0
Anand_Vihar,2023,PM2.5 (µg/m³),PM2.5,8760,751,8.57
Anand_Vihar,2023,PM10 (µg/m³),PM10,8760,850,9.7
Anand_Vihar,2023,NO (µg/m³),NO,8760,1384,15.8
Anand_Vihar,2023,NO2 (µg/m³),NO2,8760,1349,15.4
Anand_Vihar,2023,NOx (ppb),NOx,8760,1336,15.25
Anand_Vihar,2023,NH3 (µg/m³),NH3,8760,1449,16.54
Anand_Vihar,2023,SO2 (µg/m³),SO2,8760,1519,17.34
Anand_Vihar,2023,CO (mg/m³),CO,8760,1907,21.77
Anand_Vihar,2023,Ozone (µg/m³),Ozone,8760,808,9.22
Anand_Vihar,2023,Benzene (µg/m³),Benzene,8760,5013,57.23
Anand_Vihar,2023,Toluene (µg/m³),Toluene,8760,4909,56.04
Anand_Vihar,2023,Xylene (µg/m³),Xylene,8760,8760,100.0
Anand_Vihar,2023,O Xylene (µg/m³),O Xylene,8760,8760,100.0
Anand_Vihar,2023,Eth-Benzene (µg/m³),Eth-Benzene,8760,8760,100.0
Anand_Vihar,2023,MP-Xylene (µg/m³),MP-Xylene,8760,8760,100.0
Anand_Vihar,2023,AT (°C),AT,8760,649,7.41
Anand_Vihar,2023,RH (%),RH,8760,626,7.15
Anand_Vihar,2023,WS (m/s),WS,8760,627,7.16
Anand_Vihar,2023,WD (deg),WD,8760,653,7.45
Anand_Vihar,2023,RF (mm),RF,8760,8760,100.0
Anand_Vihar,2023,TOT-RF (mm),TOT-RF,8760,0,0.0
Anand_Vihar,2023,SR (W/mt2),SR,8760,581,6.63
Anand_Vihar,2023,BP (mmHg),BP,8760,3677,41.97
Anand_Vihar,2023,VWS (m/s),VWS,8760,8760,100.0
Anand_Vihar,2024,Timestamp,Timestamp,8784,0,0.0
Anand_Vihar,2024,PM2.5 (µg/m³),PM2.5,8784,1534,17.46
Anand_Vihar,2024,PM10 (µg/m³),PM10,8784,1510,17.19
Anand_Vihar,2024,NO (µg/m³),NO,8784,1235,14.06
Anand_Vihar,2024,NO2 (µg/m³),NO2,8784,1223,13.92
Anand_Vihar,2024,NOx (ppb),NOx,8784,1218,13.87
Anand_Vihar,2024,NH3 (µg/m³),NH3,8784,1199,13.65
Anand_Vihar,2024,SO2 (µg/m³),SO2,8784,1762,20.06
Anand_Vihar,2024,CO (mg/m³),CO,8784,1318,15.0
Anand_Vihar,2024,Ozone (µg/m³),Ozone,8784,1553,17.68
Anand_Vihar,2024,Benzene (µg/m³),Benzene,8784,1463,16.66
Anand_Vihar,2024,Toluene (µg/m³),Toluene,8784,1533,17.45
Anand_Vihar,2024,Xylene (µg/m³),Xylene,8784,8784,100.0
Anand_Vihar,2024,O Xylene (µg/m³),O Xylene,8784,8784,100.0
Anand_Vihar,2024,Eth-Benzene (µg/m³),Eth-Benzene,8784,8784,100.0
Anand_Vihar,2024,MP-Xylene (µg/m³),MP-Xylene,8784,8784,100.0
Anand_Vihar,2024,AT (°C),AT,8784,1168,13.3
Anand_Vihar,2024,RH (%),RH,8784,1168,13.3
Anand_Vihar,2024,WS (m/s),WS,8784,1328,15.12
Anand_Vihar,2024,WD (deg),WD,8784,1168,13.3
Anand_Vihar,2024,RF (mm),RF,8784,8784,100.0
Anand_Vihar,2024,TOT-RF (mm),TOT-RF,8784,0,0.0
Anand_Vihar,2024,SR (W/mt2),SR,8784,1171,13.33
Anand_Vihar,2024,BP (mmHg),BP,8784,1171,13.33
Anand_Vihar,2024,VWS (m/s),VWS,8784,8784,100.0
Anand_Vihar,2025,Timestamp,Timestamp,8760,0,0.0
Anand_Vihar,2025,PM2.5 (µg/m³),PM2.5,8760,616,7.03
Anand_Vihar,2025,PM10 (µg/m³),PM10,8760,608,6.94
Anand_Vihar,2025,NO (µg/m³),NO,8760,581,6.63
Anand_Vihar,2025,NO2 (µg/m³),NO2,8760,471,5.38
Anand_Vihar,2025,NOx (ppb),NOx,8760,488,5.57
Anand_Vihar,2025,NH3 (µg/m³),NH3,8760,448,5.11
Anand_Vihar,2025,SO2 (µg/m³),SO2,8760,1066,12.17
Anand_Vihar,2025,CO (mg/m³),CO,8760,466,5.32
Anand_Vihar,2025,Ozone (µg/m³),Ozone,8760,675,7.71
Anand_Vihar,2025,Benzene (µg/m³),Benzene,8760,622,7.1
Anand_Vihar,2025,Toluene (µg/m³),Toluene,8760,622,7.1
Anand_Vihar,2025,Xylene (µg/m³),Xylene,8760,8760,100.0
Anand_Vihar,2025,O Xylene (µg/m³),O Xylene,8760,8760,100.0
Anand_Vihar,2025,Eth-Benzene (µg/m³),Eth-Benzene,8760,8760,100.0
Anand_Vihar,2025,MP-Xylene (µg/m³),MP-Xylene,8760,8760,100.0
Anand_Vihar,2025,AT (°C),AT,8760,394,4.5
Anand_Vihar,2025,RH (%),RH,8760,400,4.57
Anand_Vihar,2025,WS (m/s),WS,8760,410,4.68
Anand_Vihar,2025,WD (deg),WD,8760,458,5.23
Anand_Vihar,2025,RF (mm),RF,8760,8760,100.0
Anand_Vihar,2025,TOT-RF (mm),TOT-RF,8760,0,0.0
Anand_Vihar,2025,SR (W/mt2),SR,8760,400,4.57
Anand_Vihar,2025,BP (mmHg),BP,8760,400,4.57
Anand_Vihar,2025,VWS (m/s),VWS,8760,8760,100.0
Ashok_Vihar,2022,Timestamp,Timestamp,8760,0,0.0
Ashok_Vihar,2022,PM2.5 (µg/m³),PM2.5,8760,388,4.43
Ashok_Vihar,2022,PM10 (µg/m³),PM10,8760,325,3.71
Ashok_Vihar,2022,NO (µg/m³),NO,8760,327,3.73
Ashok_Vihar,2022,NO2 (µg/m³),NO2,8760,314,3.58
Ashok_Vihar,2022,NOx (ppb),NOx,8760,321,3.66
Ashok_Vihar,2022,NH3 (µg/m³),NH3,8760,265,3.03
Ashok_Vihar,2022,SO2 (µg/m³),SO2,8760,313,3.57
Ashok_Vihar,2022,CO (mg/m³),CO,8760,527,6.02
Ashok_Vihar,2022,Ozone (µg/m³),Ozone,8760,548,6.26
Ashok_Vihar,2022,Benzene (µg/m³),Benzene,8760,232,2.65
Ashok_Vihar,2022,Toluene (µg/m³),Toluene,8760,212,2.42
Ashok_Vihar,2022,Xylene (µg/m³),Xylene,8760,8760,100.0
Ashok_Vihar,2022,O Xylene (µg/m³),O Xylene,8760,8760,100.0
Ashok_Vihar,2022,Eth-Benzene (µg/m³),Eth-Benzene,8760,8760,100.0
Ashok_Vihar,2022,MP-Xylene (µg/m³),MP-Xylene,8760,8760,100.0
Ashok_Vihar,2022,AT (°C),AT,8760,197,2.25
Ashok_Vihar,2022,RH (%),RH,8760,197,2.25
Ashok_Vihar,2022,WS (m/s),WS,8760,202,2.31
Ashok_Vihar,2022,WD (deg),WD,8760,202,2.31
Ashok_Vihar,2022,RF (mm),RF,8760,197,2.25
Ashok_Vihar,2022,TOT-RF (mm),TOT-RF,8760,0,0.0
Ashok_Vihar,2022,SR (W/mt2),SR,8760,197,2.25
Ashok_Vihar,2022,BP (mmHg),BP,8760,197,2.25
Ashok_Vihar,2022,VWS (m/s),VWS,8760,8760,100.0
Ashok_Vihar,2023,Timestamp,Timestamp,8760,0,0.0
Ashok_Vihar,2023,PM2.5 (µg/m³),PM2.5,8760,872,9.95
Ashok_Vihar,2023,PM10 (µg/m³),PM10,8760,1256,14.34
Ashok_Vihar,2023,NO (µg/m³),NO,8760,416,4.75
Ashok_Vihar,2023,NO2 (µg/m³),NO2,8760,414,4.73
Ashok_Vihar,2023,NOx (ppb),NOx,8760,414,4.73
Ashok_Vihar,2023,NH3 (µg/m³),NH3,8760,889,10.15
Ashok_Vihar,2023,SO2 (µg/m³),SO2,8760,432,4.93
Ashok_Vihar,2023,CO (mg/m³),CO,8760,763,8.71
Ashok_Vihar,2023,Ozone (µg/m³),Ozone,8760,679,7.75
Ashok_Vihar,2023,Benzene (µg/m³),Benzene,8760,1186,13.54
Ashok_Vihar,2023,Toluene (µg/m³),Toluene,8760,1030,11.76
Ashok_Vihar,2023,Xylene (µg/m³),Xylene,8760,8760,100.0
Ashok_Vihar,2023,O Xylene (µg/m³),O Xylene,8760,8760,100.0
Ashok_Vihar,2023,Eth-Benzene (µg/m³),Eth-Benzene,8760,8760,100.0
Ashok_Vihar,2023,MP-Xylene (µg/m³),MP-Xylene,8760,8760,100.0
Ashok_Vihar,2023,AT (°C),AT,8760,395,4.51
Ashok_Vihar,2023,RH (%),RH,8760,406,4.63
Ashok_Vihar,2023,WS (m/s),WS,8760,425,4.85
Ashok_Vihar,2023,WD (deg),WD,8760,425,4.85
Ashok_Vihar,2023,RF (mm),RF,8760,395,4.51
Ashok_Vihar,2023,TOT-RF (mm),TOT-RF,8760,0,0.0
Ashok_Vihar,2023,SR (W/mt2),SR,8760,398,4.54
Ashok_Vihar,2023,BP (mmHg),BP,8760,429,4.9
Ashok_Vihar,2023,VWS (m/s),VWS,8760,8760,100.0
Ashok_Vihar,2024,Timestamp,Timestamp,8784,0,0.0
Ashok_Vihar,2024,PM2.5 (µg/m³),PM2.5,8784,165,1.88
Ashok_Vihar,2024,PM10 (µg/m³),PM10,8784,155,1.76
Ashok_Vihar,2024,NO (µg/m³),NO,8784,117,1.33
Ashok_Vihar,2024,NO2 (µg/m³),NO2,8784,61,0.69
Ashok_Vihar,2024,NOx (ppb),NOx,8784,60,0.68
Ashok_Vihar,2024,NH3 (µg/m³),NH3,8784,87,0.99
Ashok_Vihar,2024,SO2 (µg/m³),SO2,8784,300,3.42
Ashok_Vihar,2024,CO (mg/m³),CO,8784,448,5.1
Ashok_Vihar,2024,Ozone (µg/m³),Ozone,8784,109,1.24
Ashok_Vihar,2024,Benzene (µg/m³),Benzene,8784,172,1.96
Ashok_Vihar,2024,Toluene (µg/m³),Toluene,8784,172,1.96
Ashok_Vihar,2024,Xylene (µg/m³),Xylene,8784,8784,100.0
Ashok_Vihar,2024,O Xylene (µg/m³),O Xylene,8784,8784,100.0
Ashok_Vihar,2024,Eth-Benzene (µg/m³),Eth-Benzene,8784,8784,100.0
Ashok_Vihar,2024,MP-Xylene (µg/m³),MP-Xylene,8784,8784,100.0
Ashok_Vihar,2024,AT (°C),AT,8784,53,0.6
Ashok_Vihar,2024,RH (%),RH,8784,52,0.59
Ashok_Vihar,2024,WS (m/s),WS,8784,53,0.6
Ashok_Vihar,2024,WD (deg),WD,8784,53,0.6
Ashok_Vihar,2024,RF (mm),RF,8784,52,0.59
Ashok_Vihar,2024,TOT-RF (mm),TOT-RF,8784,0,0.0
Ashok_Vihar,2024,SR (W/mt2),SR,8784,52,0.59
Ashok_Vihar,2024,BP (mmHg),BP,8784,53,0.6
Ashok_Vihar,2024,VWS (m/s),VWS,8784,8784,100.0
Ashok_Vihar,2025,Timestamp,Timestamp,8760,0,0.0
Ashok_Vihar,2025,PM2.5 (µg/m³),PM2.5,8760,175,2.0
Ashok_Vihar,2025,PM10 (µg/m³),PM10,8760,171,1.95
Ashok_Vihar,2025,NO (µg/m³),NO,8760,114,1.3
Ashok_Vihar,2025,NO2 (µg/m³),NO2,8760,93,1.06
Ashok_Vihar,2025,NOx (ppb),NOx,8760,73,0.83
Ashok_Vihar,2025,NH3 (µg/m³),NH3,8760,158,1.8
Ashok_Vihar,2025,SO2 (µg/m³),SO2,8760,331,3.78
Ashok_Vihar,2025,CO (mg/m³),CO,8760,488,5.57
Ashok_Vihar,2025,Ozone (µg/m³),Ozone,8760,103,1.18
Ashok_Vihar,2025,Benzene (µg/m³),Benzene,8760,76,0.87
Ashok_Vihar,2025,Toluene (µg/m³),Toluene,8760,107,1.22
Ashok_Vihar,2025,Xylene (µg/m³),Xylene,8760,8760,100.0
Ashok_Vihar,2025,O Xylene (µg/m³),O Xylene,8760,8760,100.0
Ashok_Vihar,2025,Eth-Benzene (µg/m³),Eth-Benzene,8760,8760,100.0
Ashok_Vihar,2025,MP-Xylene (µg/m³),MP-Xylene,8760,8760,100.0
Ashok_Vihar,2025,AT (°C),AT,8760,72,0.82
Ashok_Vihar,2025,RH (%),RH,8760,61,0.7
Ashok_Vihar,2025,WS (m/s),WS,8760,61,0.7
Ashok_Vihar,2025,WD (deg),WD,8760,62,0.71
Ashok_Vihar,2025,RF (mm),RF,8760,61,0.7
Ashok_Vihar,2025,TOT-RF (mm),TOT-RF,8760,0,0.0
Ashok_Vihar,2025,SR (W/mt2),SR,8760,61,0.7
Ashok_Vihar,2025,BP (mmHg),BP,8760,61,0.7
Ashok_Vihar,2025,VWS (m/s),VWS,8760,8760,100.0
Aya_Nagar,2022,Timestamp,Timestamp,8760,0,0.0
Aya_Nagar,2022,PM2.5 (µg/m³),PM2.5,8760,642,7.33
Aya_Nagar,2022,PM10 (µg/m³),PM10,8760,526,6.0
Aya_Nagar,2022,NO (µg/m³),NO,8760,541,6.18
Aya_Nagar,2022,NO2 (µg/m³),NO2,8760,533,6.08
Aya_Nagar,2022,NOx (ppb),NOx,8760,479,5.47
Aya_Nagar,2022,NH3 (µg/m³),NH3,8760,8760,100.0
Aya_Nagar,2022,SO2 (µg/m³),SO2,8760,8760,100.0
Aya_Nagar,2022,CO (mg/m³),CO,8760,478,5.46
Aya_Nagar,2022,Ozone (µg/m³),Ozone,8760,882,10.07
Aya_Nagar,2022,Benzene (µg/m³),Benzene,8760,8756,99.95
Aya_Nagar,2022,Toluene (µg/m³),Toluene,8760,8756,99.95
Aya_Nagar,2022,Xylene (µg/m³),Xylene,8760,8756,99.95
Aya_Nagar,2022,O Xylene (µg/m³),O Xylene,8760,8760,100.0
Aya_Nagar,2022,Eth-Benzene (µg/m³),Eth-Benzene,8760,8760,100.0
Aya_Nagar,2022,MP-Xylene (µg/m³),MP-Xylene,8760,8760,100.0
Aya_Nagar,2022,AT (°C),AT,8760,8760,100.0
Aya_Nagar,2022,RH (%),RH,8760,8760,100.0
Aya_Nagar,2022,WS (m/s),WS,8760,8760,100.0
Aya_Nagar,2022,WD (deg),WD,8760,8760,100.0
Aya_Nagar,2022,RF (mm),RF,8760,8760,100.0
Aya_Nagar,2022,TOT-RF (mm),TOT-RF,8760,0,0.0
Aya_Nagar,2022,SR (W/mt2),SR,8760,8760,100.0
Aya_Nagar,2022,BP (mmHg),BP,8760,8760,100.0
Aya_Nagar,2022,VWS (m/s),VWS,8760,8760,100.0
Aya_Nagar,2023,Timestamp,Timestamp,8760,0,0.0
Aya_Nagar,2023,PM2.5 (µg/m³),PM2.5,8760,877,10.01
Aya_Nagar,2023,PM10 (µg/m³),PM10,8760,559,6.38
Aya_Nagar,2023,NO (µg/m³),NO,8760,508,5.8
Aya_Nagar,2023,NO2 (µg/m³),NO2,8760,506,5.78
Aya_Nagar,2023,NOx (ppb),NOx,8760,481,5.49
Aya_Nagar,2023,NH3 (µg/m³),NH3,8760,8760,100.0
Aya_Nagar,2023,SO2 (µg/m³),SO2,8760,8760,100.0
Aya_Nagar,2023,CO (mg/m³),CO,8760,489,5.58
Aya_Nagar,2023,Ozone (µg/m³),Ozone,8760,614,7.01
Aya_Nagar,2023,Benzene (µg/m³),Benzene,8760,8752,99.91
Aya_Nagar,2023,Toluene (µg/m³),Toluene,8760,8752,99.91
Aya_Nagar,2023,Xylene (µg/m³),Xylene,8760,8326,95.05
Aya_Nagar,2023,O Xylene (µg/m³),O Xylene,8760,8760,100.0
Aya_Nagar,2023,Eth-Benzene (µg/m³),Eth-Benzene,8760,8760,100.0
Aya_Nagar,2023,MP-Xylene (µg/m³),MP-Xylene,8760,8760,100.0
Aya_Nagar,2023,AT (°C),AT,8760,8760,100.0
Aya_Nagar,2023,RH (%),RH,8760,8760,100.0
Aya_Nagar,2023,WS (m/s),WS,8760,8760,100.0
Aya_Nagar,2023,WD (deg),WD,8760,8760,100.0
Aya_Nagar,2023,RF (mm),RF,8760,8760,100.0
Aya_Nagar,2023,TOT-RF (mm),TOT-RF,8760,0,0.0
Aya_Nagar,2023,SR (W/mt2),SR,8760,8760,100.0
Aya_Nagar,2023,BP (mmHg),BP,8760,8760,100.0
Aya_Nagar,2023,VWS (m/s),VWS,8760,8760,100.0
Aya_Nagar,2024,Timestamp,Timestamp,8784,0,0.0
Aya_Nagar,2024,PM2.5 (µg/m³),PM2.5,8784,226,2.57
Aya_Nagar,2024,PM10 (µg/m³),PM10,8784,140,1.59
Aya_Nagar,2024,NO (µg/m³),NO,8784,165,1.88
Aya_Nagar,2024,NO2 (µg/m³),NO2,8784,144,1.64
Aya_Nagar,2024,NOx (ppb),NOx,8784,126,1.43
Aya_Nagar,2024,NH3 (µg/m³),NH3,8784,8784,100.0
Aya_Nagar,2024,SO2 (µg/m³),SO2,8784,8784,100.0
Aya_Nagar,2024,CO (mg/m³),CO,8784,74,0.84
Aya_Nagar,2024,Ozone (µg/m³),Ozone,8784,210,2.39
Aya_Nagar,2024,Benzene (µg/m³),Benzene,8784,8783,99.99
Aya_Nagar,2024,Toluene (µg/m³),Toluene,8784,8783,99.99
Aya_Nagar,2024,Xylene (µg/m³),Xylene,8784,839,9.55
Aya_Nagar,2024,O Xylene (µg/m³),O Xylene,8784,8784,100.0
Aya_Nagar,2024,Eth-Benzene (µg/m³),Eth-Benzene,8784,8784,100.0
Aya_Nagar,2024,MP-Xylene (µg/m³),MP-Xylene,8784,8784,100.0
Aya_Nagar,2024,AT (°C),AT,8784,8784,100.0
Aya_Nagar,2024,RH (%),RH,8784,8784,100.0
Aya_Nagar,2024,WS (m/s),WS,8784,8784,100.0
Aya_Nagar,2024,WD (deg),WD,8784,8784,100.0
Aya_Nagar,2024,RF (mm),RF,8784,8784,100.0
Aya_Nagar,2024,TOT-RF (mm),TOT-RF,8784,0,0.0
Aya_Nagar,2024,SR (W/mt2),SR,8784,8784,100.0
Aya_Nagar,2024,BP (mmHg),BP,8784,8784,100.0
Aya_Nagar,2024,VWS (m/s),VWS,8784,8784,100.0
Aya_Nagar,2025,Timestamp,Timestamp,8760,0,0.0
Aya_Nagar,2025,PM2.5 (µg/m³),PM2.5,8760,311,3.55
Aya_Nagar,2025,PM10 (µg/m³),PM10,8760,144,1.64
Aya_Nagar,2025,NO (µg/m³),NO,8760,223,2.55
Aya_Nagar,2025,NO2 (µg/m³),NO2,8760,187,2.13
Aya_Nagar,2025,NOx (ppb),NOx,8760,169,1.93
Aya_Nagar,2025,NH3 (µg/m³),NH3,8760,8760,100.0
Aya_Nagar,2025,SO2 (µg/m³),SO2,8760,8760,100.0
Aya_Nagar,2025,CO (mg/m³),CO,8760,79,0.9
Aya_Nagar,2025,Ozone (µg/m³),Ozone,8760,138,1.58
Aya_Nagar,2025,Benzene (µg/m³),Benzene,8760,8760,100.0
Aya_Nagar,2025,Toluene (µg/m³),Toluene,8760,8760,100.0
Aya_Nagar,2025,Xylene (µg/m³),Xylene,8760,6562,74.91
Aya_Nagar,2025,O Xylene (µg/m³),O Xylene,8760,8760,100.0
Aya_Nagar,2025,Eth-Benzene (µg/m³),Eth-Benzene,8760,8760,100.0
Aya_Nagar,2025,MP-Xylene (µg/m³),MP-Xylene,8760,8760,100.0
Aya_Nagar,2025,AT (°C),AT,8760,8760,100.0
Aya_Nagar,2025,RH (%),RH,8760,8760,100.0
Aya_Nagar,2025,WS (m/s),WS,8760,8760,100.0
Aya_Nagar,2025,WD (deg),WD,8760,8760,100.0
Aya_Nagar,2025,RF (mm),RF,8760,8760,100.0
Aya_Nagar,2025,TOT-RF (mm),TOT-RF,8760,0,0.0
Aya_Nagar,2025,SR (W/mt2),SR,8760,8760,100.0
Aya_Nagar,2025,BP (mmHg),BP,8760,8760,100.0
Aya_Nagar,2025,VWS (m/s),VWS,8760,8760,100.0
Bawana,2022,Timestamp,Timestamp,8760,0,0.0
Bawana,2022,PM2.5 (µg/m³),PM2.5,8760,124,1.42
Bawana,2022,PM10 (µg/m³),PM10,8760,112,1.28
Bawana,2022,NO (µg/m³),NO,8760,415,4.74
Bawana,2022,NO2 (µg/m³),NO2,8760,416,4.75
Bawana,2022,NOx (ppb),NOx,8760,415,4.74
Bawana,2022,NH3 (µg/m³),NH3,8760,481,5.49
Bawana,2022,SO2 (µg/m³),SO2,8760,548,6.26
Bawana,2022,CO (mg/m³),CO,8760,553,6.31
Bawana,2022,Ozone (µg/m³),Ozone,8760,138,1.58
Bawana,2022,Benzene (µg/m³),Benzene,8760,8760,100.0
Bawana,2022,Toluene (µg/m³),Toluene,8760,8760,100.0
Bawana,2022,Xylene (µg/m³),Xylene,8760,8760,100.0
Bawana,2022,O Xylene (µg/m³),O Xylene,8760,8760,100.0
Bawana,2022,Eth-Benzene (µg/m³),Eth-Benzene,8760,8760,100.0
Bawana,2022,MP-Xylene (µg/m³),MP-Xylene,8760,8760,100.0
Bawana,2022,AT (°C),AT,8760,92,1.05
Bawana,2022,RH (%),RH,8760,92,1.05
Bawana,2022,WS (m/s),WS,8760,110,1.26
Bawana,2022,WD (deg),WD,8760,110,1.26
Bawana,2022,RF (mm),RF,8760,92,1.05
Bawana,2022,TOT-RF (mm),TOT-RF,8760,0,0.0
Bawana,2022,SR (W/mt2),SR,8760,92,1.05
Bawana,2022,BP (mmHg),BP,8760,101,1.15
Bawana,2022,VWS (m/s),VWS,8760,8760,100.0
Bawana,2023,Timestamp,Timestamp,8760,0,0.0
Bawana,2023,PM2.5 (µg/m³),PM2.5,8760,415,4.74
Bawana,2023,PM10 (µg/m³),PM10,8760,393,4.49
Bawana,2023,NO (µg/m³),NO,8760,505,5.76
Bawana,2023,NO2 (µg/m³),NO2,8760,504,5.75
Bawana,2023,NOx (ppb),NOx,8760,504,5.75
Bawana,2023,NH3 (µg/m³),NH3,8760,498,5.68
Bawana,2023,SO2 (µg/m³),SO2,8760,505,5.76
Bawana,2023,CO (mg/m³),CO,8760,487,5.56
Bawana,2023,Ozone (µg/m³),Ozone,8760,216,2.47
Bawana,2023,Benzene (µg/m³),Benzene,8760,8760,100.0
Bawana,2023,Toluene (µg/m³),Toluene,8760,8755,99.94
Bawana,2023,Xylene (µg/m³),Xylene,8760,8760,100.0
Bawana,2023,O Xylene (µg/m³),O Xylene,8760,8760,100.0
Bawana,2023,Eth-Benzene (µg/m³),Eth-Benzene,8760,8760,100.0
Bawana,2023,MP-Xylene (µg/m³),MP-Xylene,8760,8760,100.0
Bawana,2023,AT (°C),AT,8760,191,2.18
Bawana,2023,RH (%),RH,8760,191,2.18
Bawana,2023,WS (m/s),WS,8760,191,2.18
Bawana,2023,WD (deg),WD,8760,191,2.18
Bawana,2023,RF (mm),RF,8760,191,2.18
Bawana,2023,TOT-RF (mm),TOT-RF,8760,0,0.0
Bawana,2023,SR (W/mt2),SR,8760,191,2.18
Bawana,2023,BP (mmHg),BP,8760,197,2.25
Bawana,2023,VWS (m/s),VWS,8760,8760,100.0
Bawana,2024,Timestamp,Timestamp,8784,0,0.0
Bawana,2024,PM2.5 (µg/m³),PM2.5,8784,178,2.03
Bawana,2024,PM10 (µg/m³),PM10,8784,153,1.74
Bawana,2024,NO (µg/m³),NO,8784,146,1.66
Bawana,2024,NO2 (µg/m³),NO2,8784,130,1.48
Bawana,2024,NOx (ppb),NOx,8784,128,1.46
Bawana,2024,NH3 (µg/m³),NH3,8784,132,1.5
Bawana,2024,SO2 (µg/m³),SO2,8784,177,2.02
Bawana,2024,CO (mg/m³),CO,8784,148,1.68
Bawana,2024,Ozone (µg/m³),Ozone,8784,145,1.65
Bawana,2024,Benzene (µg/m³),Benzene,8784,109,1.24
Bawana,2024,Toluene (µg/m³),Toluene,8784,109,1.24
Bawana,2024,Xylene (µg/m³),Xylene,8784,8784,100.0
Bawana,2024,O Xylene (µg/m³),O Xylene,8784,8784,100.0
Bawana,2024,Eth-Benzene (µg/m³),Eth-Benzene,8784,8784,100.0
Bawana,2024,MP-Xylene (µg/m³),MP-Xylene,8784,8784,100.0
Bawana,2024,AT (°C),AT,8784,37,0.42
Bawana,2024,RH (%),RH,8784,37,0.42
Bawana,2024,WS (m/s),WS,8784,411,4.68
Bawana,2024,WD (deg),WD,8784,149,1.7
Bawana,2024,RF (mm),RF,8784,37,0.42
Bawana,2024,TOT-RF (mm),TOT-RF,8784,0,0.0
Bawana,2024,SR (W/mt2),SR,8784,37,0.42
Bawana,2024,BP (mmHg),BP,8784,37,0.42
Bawana,2024,VWS (m/s),VWS,8784,8784,100.0
Bawana,2025,Timestamp,Timestamp,8760,0,0.0
Bawana,2025,PM2.5 (µg/m³),PM2.5,8760,200,2.28
Bawana,2025,PM10 (µg/m³),PM10,8760,185,2.11
Bawana,2025,NO (µg/m³),NO,8760,128,1.46
Bawana,2025,NO2 (µg/m³),NO2,8760,57,0.65
Bawana,2025,NOx (ppb),NOx,8760,41,0.47
Bawana,2025,NH3 (µg/m³),NH3,8760,49,0.56
Bawana,2025,SO2 (µg/m³),SO2,8760,95,1.08
Bawana,2025,CO (mg/m³),CO,8760,100,1.14
Bawana,2025,Ozone (µg/m³),Ozone,8760,82,0.94
Bawana,2025,Benzene (µg/m³),Benzene,8760,86,0.98
Bawana,2025,Toluene (µg/m³),Toluene,8760,84,0.96
Bawana,2025,Xylene (µg/m³),Xylene,8760,8760,100.0
Bawana,2025,O Xylene (µg/m³),O Xylene,8760,8760,100.0
Bawana,2025,Eth-Benzene (µg/m³),Eth-Benzene,8760,8760,100.0
Bawana,2025,MP-Xylene (µg/m³),MP-Xylene,8760,8760,100.0
Bawana,2025,AT (°C),AT,8760,36,0.41
Bawana,2025,RH (%),RH,8760,36,0.41
Bawana,2025,WS (m/s),WS,8760,518,5.91
Bawana,2025,WD (deg),WD,8760,200,2.28
Bawana,2025,RF (mm),RF,8760,36,0.41
Bawana,2025,TOT-RF (mm),TOT-RF,8760,0,0.0
Bawana,2025,SR (W/mt2),SR,8760,36,0.41
Bawana,2025,BP (mmHg),BP,8760,36,0.41
Bawana,2025,VWS (m/s),VWS,8760,8760,100.0
Burari_Crossing,2022,Timestamp,Timestamp,8760,0,0.0
Burari_Crossing,2022,PM2.5 (µg/m³),PM2.5,8760,3275,37.39
Burari_Crossing,2022,PM10 (µg/m³),PM10,8760,3341,38.14
Burari_Crossing,2022,NO (µg/m³),NO,8760,5827,66.52
Burari_Crossing,2022,NO2 (µg/m³),NO2,8760,5257,60.01
Burari_Crossing,2022,NOx (ppb),NOx,8760,3495,39.9
Burari_Crossing,2022,NH3 (µg/m³),NH3,8760,8760,100.0
Burari_Crossing,2022,SO2 (µg/m³),SO2,8760,8760,100.0
Burari_Crossing,2022,CO (mg/m³),CO,8760,1465,16.72
Burari_Crossing,2022,Ozone (µg/m³),Ozone,8760,2585,29.51
Burari_Crossing,2022,Benzene (µg/m³),Benzene,8760,8760,100.0
Burari_Crossing,2022,Toluene (µg/m³),Toluene,8760,8760,100.0
Burari_Crossing,2022,Xylene (µg/m³),Xylene,8760,8760,100.0
Burari_Crossing,2022,O Xylene (µg/m³),O Xylene,8760,8760,100.0
Burari_Crossing,2022,Eth-Benzene (µg/m³),Eth-Benzene,8760,8760,100.0
Burari_Crossing,2022,MP-Xylene (µg/m³),MP-Xylene,8760,8760,100.0
Burari_Crossing,2022,AT (°C),AT,8760,8760,100.0
Burari_Crossing,2022,RH (%),RH,8760,8760,100.0
Burari_Crossing,2022,WS (m/s),WS,8760,8760,100.0
Burari_Crossing,2022,WD (deg),WD,8760,8760,100.0
Burari_Crossing,2022,RF (mm),RF,8760,8760,100.0
Burari_Crossing,2022,TOT-RF (mm),TOT-RF,8760,0,0.0
Burari_Crossing,2022,SR (W/mt2),SR,8760,8760,100.0
Burari_Crossing,2022,BP (mmHg),BP,8760,8760,100.0
Burari_Crossing,2022,VWS (m/s),VWS,8760,8760,100.0
Burari_Crossing,2023,Timestamp,Timestamp,8760,0,0.0
Burari_Crossing,2023,PM2.5 (µg/m³),PM2.5,8760,630,7.19
Burari_Crossing,2023,PM10 (µg/m³),PM10,8760,705,8.05
Burari_Crossing,2023,NO (µg/m³),NO,8760,1941,22.16
Burari_Crossing,2023,NO2 (µg/m³),NO2,8760,1914,21.85
Burari_Crossing,2023,NOx (ppb),NOx,8760,1503,17.16
Burari_Crossing,2023,NH3 (µg/m³),NH3,8760,8760,100.0
Burari_Crossing,2023,SO2 (µg/m³),SO2,8760,8760,100.0
Burari_Crossing,2023,CO (mg/m³),CO,8760,367,4.19
Burari_Crossing,2023,Ozone (µg/m³),Ozone,8760,608,6.94
Burari_Crossing,2023,Benzene (µg/m³),Benzene,8760,8760,100.0
Burari_Crossing,2023,Toluene (µg/m³),Toluene,8760,8760,100.0
Burari_Crossing,2023,Xylene (µg/m³),Xylene,8760,8760,100.0
Burari_Crossing,2023,O Xylene (µg/m³),O Xylene,8760,8760,100.0
Burari_Crossing,2023,Eth-Benzene (µg/m³),Eth-Benzene,8760,8760,100.0
Burari_Crossing,2023,MP-Xylene (µg/m³),MP-Xylene,8760,8760,100.0
Burari_Crossing,2023,AT (°C),AT,8760,8760,100.0
Burari_Crossing,2023,RH (%),RH,8760,8760,100.0
Burari_Crossing,2023,WS (m/s),WS,8760,8760,100.0
Burari_Crossing,2023,WD (deg),WD,8760,8760,100.0
Burari_Crossing,2023,RF (mm),RF,8760,8760,100.0
Burari_Crossing,2023,TOT-RF (mm),TOT-RF,8760,0,0.0
Burari_Crossing,2023,SR (W/mt2),SR,8760,8760,100.0
Burari_Crossing,2023,BP (mmHg),BP,8760,8760,100.0
Burari_Crossing,2023,VWS (m/s),VWS,8760,8760,100.0
Burari_Crossing,2024,Timestamp,Timestamp,8784,0,0.0
Burari_Crossing,2024,PM2.5 (µg/m³),PM2.5,8784,346,3.94
Burari_Crossing,2024,PM10 (µg/m³),PM10,8784,301,3.43
Burari_Crossing,2024,NO (µg/m³),NO,8784,513,5.84
Burari_Crossing,2024,NO2 (µg/m³),NO2,8784,281,3.2
Burari_Crossing,2024,NOx (ppb),NOx,8784,215,2.45
Burari_Crossing,2024,NH3 (µg/m³),NH3,8784,8784,100.0
Burari_Crossing,2024,SO2 (µg/m³),SO2,8784,8784,100.0
Burari_Crossing,2024,CO (mg/m³),CO,8784,250,2.85
Burari_Crossing,2024,Ozone (µg/m³),Ozone,8784,271,3.09
Burari_Crossing,2024,Benzene (µg/m³),Benzene,8784,8784,100.0
Burari_Crossing,2024,Toluene (µg/m³),Toluene,8784,8784,100.0
Burari_Crossing,2024,Xylene (µg/m³),Xylene,8784,8784,100.0
Burari_Crossing,2024,O Xylene (µg/m³),O Xylene,8784,8784,100.0
Burari_Crossing,2024,Eth-Benzene (µg/m³),Eth-Benzene,8784,8784,100.0
Burari_Crossing,2024,MP-Xylene (µg/m³),MP-Xylene,8784,8784,100.0
Burari_Crossing,2024,AT (°C),AT,8784,8784,100.0
Burari_Crossing,2024,RH (%),RH,8784,8784,100.0
Burari_Crossing,2024,WS (m/s),WS,8784,8784,100.0
Burari_Crossing,2024,WD (deg),WD,8784,8784,100.0
Burari_Crossing,2024,RF (mm),RF,8784,8784,100.0
Burari_Crossing,2024,TOT-RF (mm),TOT-RF,8784,0,0.0
Burari_Crossing,2024,SR (W/mt2),SR,8784,8784,100.0
Burari_Crossing,2024,BP (mmHg),BP,8784,8784,100.0
Burari_Crossing,2024,VWS (m/s),VWS,8784,8784,100.0
Burari_Crossing,2025,Timestamp,Timestamp,8760,0,0.0
Burari_Crossing,2025,PM2.5 (µg/m³),PM2.5,8760,620,7.08
Burari_Crossing,2025,PM10 (µg/m³),PM10,8760,583,6.66
Burari_Crossing,2025,NO (µg/m³),NO,8760,3814,43.54
Burari_Crossing,2025,NO2 (µg/m³),NO2,8760,594,6.78
Burari_Crossing,2025,NOx (ppb),NOx,8760,484,5.53
Burari_Crossing,2025,NH3 (µg/m³),NH3,8760,8760,100.0
Burari_Crossing,2025,SO2 (µg/m³),SO2,8760,8760,100.0
Burari_Crossing,2025,CO (mg/m³),CO,8760,563,6.43
Burari_Crossing,2025,Ozone (µg/m³),Ozone,8760,483,5.51
Burari_Crossing,2025,Benzene (µg/m³),Benzene,8760,8760,100.0
Burari_Crossing,2025,Toluene (µg/m³),Toluene,8760,8760,100.0
Burari_Crossing,2025,Xylene (µg/m³),Xylene,8760,8760,100.0
Burari_Crossing,2025,O Xylene (µg/m³),O Xylene,8760,8760,100.0
Burari_Crossing,2025,Eth-Benzene (µg/m³),Eth-Benzene,8760,8760,100.0
Burari_Crossing,2025,MP-Xylene (µg/m³),MP-Xylene,8760,8760,100.0
Burari_Crossing,2025,AT (°C),AT,8760,8760,100.0
Burari_Crossing,2025,RH (%),RH,8760,8760,100.0
Burari_Crossing,2025,WS (m/s),WS,8760,8760,100.0
Burari_Crossing,2025,WD (deg),WD,8760,8760,100.0
Burari_Crossing,2025,RF (mm),RF,8760,8760,100.0
Burari_Crossing,2025,TOT-RF (mm),TOT-RF,8760,0,0.0
Burari_Crossing,2025,SR (W/mt2),SR,8760,8760,100.0
Burari_Crossing,2025,BP (mmHg),BP,8760,8760,100.0
Burari_Crossing,2025,VWS (m/s),VWS,8760,8760,100.0
Chandni_Chowk,2022,Timestamp,Timestamp,8760,0,0.0
Chandni_Chowk,2022,PM2.5 (µg/m³),PM2.5,8760,4247,48.48
Chandni_Chowk,2022,PM10 (µg/m³),PM10,8760,4174,47.65
Chandni_Chowk,2022,NO (µg/m³),NO,8760,4107,46.88
Chandni_Chowk,2022,NO2 (µg/m³),NO2,8760,4273,48.78
Chandni_Chowk,2022,NOx (ppb),NOx,8760,4166,47.56
Chandni_Chowk,2022,NH3 (µg/m³),NH3,8760,4105,46.86
Chandni_Chowk,2022,SO2 (µg/m³),SO2,8760,4036,46.07
Chandni_Chowk,2022,CO (mg/m³),CO,8760,4425,50.51
Chandni_Chowk,2022,Ozone (µg/m³),Ozone,8760,4224,48.22
Chandni_Chowk,2022,Benzene (µg/m³),Benzene,8760,4116,46.99
Chandni_Chowk,2022,Toluene (µg/m³),Toluene,8760,4116,46.99
Chandni_Chowk,2022,Xylene (µg/m³),Xylene,8760,4117,47.0
Chandni_Chowk,2022,O Xylene (µg/m³),O Xylene,8760,8760,100.0
Chandni_Chowk,2022,Eth-Benzene (µg/m³),Eth-Benzene,8760,4940,56.39
Chandni_Chowk,2022,MP-Xylene (µg/m³),MP-Xylene,8760,5022,57.33
Chandni_Chowk,2022,AT (°C),AT,8760,4017,45.86
Chandni_Chowk,2022,RH (%),RH,8760,4020,45.89
Chandni_Chowk,2022,WS (m/s),WS,8760,4316,49.27
Chandni_Chowk,2022,WD (deg),WD,8760,4314,49.25
Chandni_Chowk,2022,RF (mm),RF,8760,3994,45.59
Chandni_Chowk,2022,TOT-RF (mm),TOT-RF,8760,0,0.0
Chandni_Chowk,2022,SR (W/mt2),SR,8760,8760,100.0
Chandni_Chowk,2022,BP (mmHg),BP,8760,7061,80.61
Chandni_Chowk,2022,VWS (m/s),VWS,8760,8760,100.0
Chandni_Chowk,2023,Timestamp,Timestamp,8760,0,0.0
Chandni_Chowk,2023,PM2.5 (µg/m³),PM2.5,8760,6373,72.75
Chandni_Chowk,2023,PM10 (µg/m³),PM10,8760,6181,70.56
Chandni_Chowk,2023,NO (µg/m³),NO,8760,6635,75.74
Chandni_Chowk,2023,NO2 (µg/m³),NO2,8760,6600,75.34
Chandni_Chowk,2023,NOx (ppb),NOx,8760,6611,75.47
Chandni_Chowk,2023,NH3 (µg/m³),NH3,8760,6627,75.65
Chandni_Chowk,2023,SO2 (µg/m³),SO2,8760,6139,70.08
Chandni_Chowk,2023,CO (mg/m³),CO,8760,6435,73.46
Chandni_Chowk,2023,Ozone (µg/m³),Ozone,8760,6261,71.47
Chandni_Chowk,2023,Benzene (µg/m³),Benzene,8760,6714,76.64
Chandni_Chowk,2023,Toluene (µg/m³),Toluene,8760,6719,76.7
Chandni_Chowk,2023,Xylene (µg/m³),Xylene,8760,6726,76.78
Chandni_Chowk,2023,O Xylene (µg/m³),O Xylene,8760,8760,100.0
Chandni_Chowk,2023,Eth-Benzene (µg/m³),Eth-Benzene,8760,6722,76.74
Chandni_Chowk,2023,MP-Xylene (µg/m³),MP-Xylene,8760,6738,76.92
Chandni_Chowk,2023,AT (°C),AT,8760,6351,72.5
Chandni_Chowk,2023,RH (%),RH,8760,6261,71.47
Chandni_Chowk,2023,WS (m/s),WS,8760,6388,72.92
Chandni_Chowk,2023,WD (deg),WD,8760,6384,72.88
Chandni_Chowk,2023,RF (mm),RF,8760,6258,71.44
Chandni_Chowk,2023,TOT-RF (mm),TOT-RF,8760,0,0.0
Chandni_Chowk,2023,SR (W/mt2),SR,8760,8760,100.0
Chandni_Chowk,2023,BP (mmHg),BP,8760,6259,71.45
Chandni_Chowk,2023,VWS (m/s),VWS,8760,8760,100.0
Chandni_Chowk,2024,Timestamp,Timestamp,8784,0,0.0
Chandni_Chowk,2024,PM2.5 (µg/m³),PM2.5,8784,5350,60.91
Chandni_Chowk,2024,PM10 (µg/m³),PM10,8784,2346,26.71
Chandni_Chowk,2024,NO (µg/m³),NO,8784,3128,35.61
Chandni_Chowk,2024,NO2 (µg/m³),NO2,8784,3118,35.5
Chandni_Chowk,2024,NOx (ppb),NOx,8784,2670,30.4
Chandni_Chowk,2024,NH3 (µg/m³),NH3,8784,3243,36.92
Chandni_Chowk,2024,SO2 (µg/m³),SO2,8784,2400,27.32
Chandni_Chowk,2024,CO (mg/m³),CO,8784,2356,26.82
Chandni_Chowk,2024,Ozone (µg/m³),Ozone,8784,2318,26.39
Chandni_Chowk,2024,Benzene (µg/m³),Benzene,8784,2157,24.56
Chandni_Chowk,2024,Toluene (µg/m³),Toluene,8784,2156,24.54
Chandni_Chowk,2024,Xylene (µg/m³),Xylene,8784,2156,24.54
Chandni_Chowk,2024,O Xylene (µg/m³),O Xylene,8784,8784,100.0
Chandni_Chowk,2024,Eth-Benzene (µg/m³),Eth-Benzene,8784,2163,24.62
Chandni_Chowk,2024,MP-Xylene (µg/m³),MP-Xylene,8784,2156,24.54
Chandni_Chowk,2024,AT (°C),AT,8784,4233,48.19
Chandni_Chowk,2024,RH (%),RH,8784,5818,66.23
Chandni_Chowk,2024,WS (m/s),WS,8784,7040,80.15
Chandni_Chowk,2024,WD (deg),WD,8784,7040,80.15
Chandni_Chowk,2024,RF (mm),RF,8784,3510,39.96
Chandni_Chowk,2024,TOT-RF (mm),TOT-RF,8784,0,0.0
Chandni_Chowk,2024,SR (W/mt2),SR,8784,8784,100.0
Chandni_Chowk,2024,BP (mmHg),BP,8784,3597,40.95
Chandni_Chowk,2024,VWS (m/s),VWS,8784,8784,100.0
Chandni_Chowk,2025,Timestamp,Timestamp,8760,0,0.0
Chandni_Chowk,2025,PM2.5 (µg/m³),PM2.5,8760,1538,17.56
Chandni_Chowk,2025,PM10 (µg/m³),PM10,8760,1432,16.35
Chandni_Chowk,2025,NO (µg/m³),NO,8760,1816,20.73
Chandni_Chowk,2025,NO2 (µg/m³),NO2,8760,1885,21.52
Chandni_Chowk,2025,NOx (ppb),NOx,8760,1807,20.63
Chandni_Chowk,2025,NH3 (µg/m³),NH3,8760,1845,21.06
Chandni_Chowk,2025,SO2 (µg/m³),SO2,8760,1237,14.12
Chandni_Chowk,2025,CO (mg/m³),CO,8760,1301,14.85
Chandni_Chowk,2025,Ozone (µg/m³),Ozone,8760,2432,27.76
Chandni_Chowk,2025,Benzene (µg/m³),Benzene,8760,1490,17.01
Chandni_Chowk,2025,Toluene (µg/m³),Toluene,8760,1509,17.23
Chandni_Chowk,2025,Xylene (µg/m³),Xylene,8760,1503,17.16
Chandni_Chowk,2025,O Xylene (µg/m³),O Xylene,8760,8760,100.0
Chandni_Chowk,2025,Eth-Benzene (µg/m³),Eth-Benzene,8760,2308,26.35
Chandni_Chowk,2025,MP-Xylene (µg/m³),MP-Xylene,8760,1789,20.42
Chandni_Chowk,2025,AT (°C),AT,8760,838,9.57
Chandni_Chowk,2025,RH (%),RH,8760,964,11.0
Chandni_Chowk,2025,WS (m/s),WS,8760,1849,21.11
Chandni_Chowk,2025,WD (deg),WD,8760,1848,21.1
Chandni_Chowk,2025,RF (mm),RF,8760,799,9.12
Chandni_Chowk,2025,TOT-RF (mm),TOT-RF,8760,0,0.0
Chandni_Chowk,2025,SR (W/mt2),SR,8760,8760,100.0
Chandni_Chowk,2025,BP (mmHg),BP,8760,836,9.54
Chandni_Chowk,2025,VWS (m/s),VWS,8760,8760,100.0
Commonwealth_Sports_Complex,2025,Timestamp,Timestamp,8760,0,0.0
Commonwealth_Sports_Complex,2025,PM2.5 (µg/m³),PM2.5,8760,8760,100.0
Commonwealth_Sports_Complex,2025,PM10 (µg/m³),PM10,8760,8760,100.0
Commonwealth_Sports_Complex,2025,NO (µg/m³),NO,8760,8760,100.0
Commonwealth_Sports_Complex,2025,NO2 (µg/m³),NO2,8760,8760,100.0
Commonwealth_Sports_Complex,2025,NOx (ppb),NOx,8760,8760,100.0
Commonwealth_Sports_Complex,2025,NH3 (µg/m³),NH3,8760,8760,100.0
Commonwealth_Sports_Complex,2025,SO2 (µg/m³),SO2,8760,8760,100.0
Commonwealth_Sports_Complex,2025,CO (mg/m³),CO,8760,8760,100.0
Commonwealth_Sports_Complex,2025,Ozone (µg/m³),Ozone,8760,8760,100.0
Commonwealth_Sports_Complex,2025,Benzene (µg/m³),Benzene,8760,8760,100.0
Commonwealth_Sports_Complex,2025,Toluene (µg/m³),Toluene,8760,8760,100.0
Commonwealth_Sports_Complex,2025,Xylene (µg/m³),Xylene,8760,8760,100.0
Commonwealth_Sports_Complex,2025,O Xylene (µg/m³),O Xylene,8760,8760,100.0
Commonwealth_Sports_Complex,2025,Eth-Benzene (µg/m³),Eth-Benzene,8760,8760,100.0
Commonwealth_Sports_Complex,2025,MP-Xylene (µg/m³),MP-Xylene,8760,8760,100.0
Commonwealth_Sports_Complex,2025,AT (°C),AT,8760,8760,100.0
Commonwealth_Sports_Complex,2025,RH (%),RH,8760,8760,100.0
Commonwealth_Sports_Complex,2025,WS (m/s),WS,8760,8760,100.0
Commonwealth_Sports_Complex,2025,WD (deg),WD,8760,8760,100.0
Commonwealth_Sports_Complex,2025,RF (mm),RF,8760,8760,100.0
Commonwealth_Sports_Complex,2025,TOT-RF (mm),TOT-RF,8760,0,0.0
Commonwealth_Sports_Complex,2025,SR (W/mt2),SR,8760,8760,100.0
Commonwealth_Sports_Complex,2025,BP (mmHg),BP,8760,8760,100.0
Commonwealth_Sports_Complex,2025,VWS (m/s),VWS,8760,8760,100.0
CPRI_Mathura_Road,2022,Timestamp,Timestamp,8760,0,0.0
CPRI_Mathura_Road,2022,PM2.5 (µg/m³),PM2.5,8760,230,2.63
CPRI_Mathura_Road,2022,PM10 (µg/m³),PM10,8760,298,3.4
CPRI_Mathura_Road,2022,NO (µg/m³),NO,8760,493,5.63
CPRI_Mathura_Road,2022,NO2 (µg/m³),NO2,8760,569,6.5
CPRI_Mathura_Road,2022,NOx (ppb),NOx,8760,274,3.13
CPRI_Mathura_Road,2022,NH3 (µg/m³),NH3,8760,8760,100.0
CPRI_Mathura_Road,2022,SO2 (µg/m³),SO2,8760,8760,100.0
CPRI_Mathura_Road,2022,CO (mg/m³),CO,8760,211,2.41
CPRI_Mathura_Road,2022,Ozone (µg/m³),Ozone,8760,313,3.57
CPRI_Mathura_Road,2022,Benzene (µg/m³),Benzene,8760,8760,100.0
CPRI_Mathura_Road,2022,Toluene (µg/m³),Toluene,8760,8760,100.0
CPRI_Mathura_Road,2022,Xylene (µg/m³),Xylene,8760,8760,100.0
CPRI_Mathura_Road,2022,O Xylene (µg/m³),O Xylene,8760,8760,100.0
CPRI_Mathura_Road,2022,Eth-Benzene (µg/m³),Eth-Benzene,8760,8760,100.0
CPRI_Mathura_Road,2022,MP-Xylene (µg/m³),MP-Xylene,8760,8760,100.0
CPRI_Mathura_Road,2022,AT (°C),AT,8760,8760,100.0
CPRI_Mathura_Road,2022,RH (%),RH,8760,8760,100.0
CPRI_Mathura_Road,2022,WS (m/s),WS,8760,8760,100.0
CPRI_Mathura_Road,2022,WD (deg),WD,8760,8760,100.0
CPRI_Mathura_Road,2022,RF (mm),RF,8760,8760,100.0
CPRI_Mathura_Road,2022,TOT-RF (mm),TOT-RF,8760,0,0.0
CPRI_Mathura_Road,2022,SR (W/mt2),SR,8760,8760,100.0
CPRI_Mathura_Road,2022,BP (mmHg),BP,8760,8760,100.0
CPRI_Mathura_Road,2022,VWS (m/s),VWS,8760,8760,100.0
CPRI_Mathura_Road,2023,Timestamp,Timestamp,8760,0,0.0
CPRI_Mathura_Road,2023,PM2.5 (µg/m³),PM2.5,8760,602,6.87
CPRI_Mathura_Road,2023,PM10 (µg/m³),PM10,8760,739,8.44
CPRI_Mathura_Road,2023,NO (µg/m³),NO,8760,1028,11.74
CPRI_Mathura_Road,2023,NO2 (µg/m³),NO2,8760,667,7.61
CPRI_Mathura_Road,2023,NOx (ppb),NOx,8760,657,7.5
CPRI_Mathura_Road,2023,NH3 (µg/m³),NH3,8760,8760,100.0
CPRI_Mathura_Road,2023,SO2 (µg/m³),SO2,8760,8760,100.0
CPRI_Mathura_Road,2023,CO (mg/m³),CO,8760,823,9.39
CPRI_Mathura_Road,2023,Ozone (µg/m³),Ozone,8760,589,6.72
CPRI_Mathura_Road,2023,Benzene (µg/m³),Benzene,8760,8760,100.0
CPRI_Mathura_Road,2023,Toluene (µg/m³),Toluene,8760,8760,100.0
CPRI_Mathura_Road,2023,Xylene (µg/m³),Xylene,8760,8760,100.0
CPRI_Mathura_Road,2023,O Xylene (µg/m³),O Xylene,8760,8760,100.0
CPRI_Mathura_Road,2023,Eth-Benzene (µg/m³),Eth-Benzene,8760,8760,100.0
CPRI_Mathura_Road,2023,MP-Xylene (µg/m³),MP-Xylene,8760,8760,100.0
CPRI_Mathura_Road,2023,AT (°C),AT,8760,8760,100.0
CPRI_Mathura_Road,2023,RH (%),RH,8760,8760,100.0
CPRI_Mathura_Road,2023,WS (m/s),WS,8760,8760,100.0
CPRI_Mathura_Road,2023,WD (deg),WD,8760,8760,100.0
CPRI_Mathura_Road,2023,RF (mm),RF,8760,8760,100.0
CPRI_Mathura_Road,2023,TOT-RF (mm),TOT-RF,8760,0,0.0
CPRI_Mathura_Road,2023,SR (W/mt2),SR,8760,8760,100.0
CPRI_Mathura_Road,2023,BP (mmHg),BP,8760,8760,100.0
CPRI_Mathura_Road,2023,VWS (m/s),VWS,8760,8760,100.0
CPRI_Mathura_Road,2024,Timestamp,Timestamp,8784,0,0.0
CPRI_Mathura_Road,2024,PM2.5 (µg/m³),PM2.5,8784,1876,21.36
CPRI_Mathura_Road,2024,PM10 (µg/m³),PM10,8784,1830,20.83
CPRI_Mathura_Road,2024,NO (µg/m³),NO,8784,2026,23.06
CPRI_Mathura_Road,2024,NO2 (µg/m³),NO2,8784,1851,21.07
CPRI_Mathura_Road,2024,NOx (ppb),NOx,8784,1861,21.19
CPRI_Mathura_Road,2024,NH3 (µg/m³),NH3,8784,8784,100.0
CPRI_Mathura_Road,2024,SO2 (µg/m³),SO2,8784,8784,100.0
CPRI_Mathura_Road,2024,CO (mg/m³),CO,8784,1807,20.57
CPRI_Mathura_Road,2024,Ozone (µg/m³),Ozone,8784,1773,20.18
CPRI_Mathura_Road,2024,Benzene (µg/m³),Benzene,8784,8784,100.0
CPRI_Mathura_Road,2024,Toluene (µg/m³),Toluene,8784,8784,100.0
CPRI_Mathura_Road,2024,Xylene (µg/m³),Xylene,8784,8471,96.44
CPRI_Mathura_Road,2024,O Xylene (µg/m³),O Xylene,8784,8784,100.0
CPRI_Mathura_Road,2024,Eth-Benzene (µg/m³),Eth-Benzene,8784,8784,100.0
CPRI_Mathura_Road,2024,MP-Xylene (µg/m³),MP-Xylene,8784,8784,100.0
CPRI_Mathura_Road,2024,AT (°C),AT,8784,8784,100.0
CPRI_Mathura_Road,2024,RH (%),RH,8784,8784,100.0
CPRI_Mathura_Road,2024,WS (m/s),WS,8784,8784,100.0
CPRI_Mathura_Road,2024,WD (deg),WD,8784,8784,100.0
CPRI_Mathura_Road,2024,RF (mm),RF,8784,8784,100.0
CPRI_Mathura_Road,2024,TOT-RF (mm),TOT-RF,8784,0,0.0
CPRI_Mathura_Road,2024,SR (W/mt2),SR,8784,8784,100.0
CPRI_Mathura_Road,2024,BP (mmHg),BP,8784,8784,100.0
CPRI_Mathura_Road,2024,VWS (m/s),VWS,8784,8784,100.0
CPRI_Mathura_Road,2025,Timestamp,Timestamp,8760,0,0.0
CPRI_Mathura_Road,2025,PM2.5 (µg/m³),PM2.5,8760,195,2.23
CPRI_Mathura_Road,2025,PM10 (µg/m³),PM10,8760,173,1.97
CPRI_Mathura_Road,2025,NO (µg/m³),NO,8760,187,2.13
CPRI_Mathura_Road,2025,NO2 (µg/m³),NO2,8760,184,2.1
CPRI_Mathura_Road,2025,NOx (ppb),NOx,8760,145,1.66
CPRI_Mathura_Road,2025,NH3 (µg/m³),NH3,8760,8760,100.0
CPRI_Mathura_Road,2025,SO2 (µg/m³),SO2,8760,8760,100.0
CPRI_Mathura_Road,2025,CO (mg/m³),CO,8760,152,1.74
CPRI_Mathura_Road,2025,Ozone (µg/m³),Ozone,8760,270,3.08
CPRI_Mathura_Road,2025,Benzene (µg/m³),Benzene,8760,8760,100.0
CPRI_Mathura_Road,2025,Toluene (µg/m³),Toluene,8760,8760,100.0
CPRI_Mathura_Road,2025,Xylene (µg/m³),Xylene,8760,8760,100.0
CPRI_Mathura_Road,2025,O Xylene (µg/m³),O Xylene,8760,8760,100.0
CPRI_Mathura_Road,2025,Eth-Benzene (µg/m³),Eth-Benzene,8760,8760,100.0
CPRI_Mathura_Road,2025,MP-Xylene (µg/m³),MP-Xylene,8760,8760,100.0
CPRI_Mathura_Road,2025,AT (°C),AT,8760,8760,100.0
CPRI_Mathura_Road,2025,RH (%),RH,8760,8760,100.0
CPRI_Mathura_Road,2025,WS (m/s),WS,8760,8760,100.0
CPRI_Mathura_Road,2025,WD (deg),WD,8760,8760,100.0
CPRI_Mathura_Road,2025,RF (mm),RF,8760,8760,100.0
CPRI_Mathura_Road,2025,TOT-RF (mm),TOT-RF,8760,0,0.0
CPRI_Mathura_Road,2025,SR (W/mt2),SR,8760,8760,100.0
CPRI_Mathura_Road,2025,BP (mmHg),BP,8760,8760,100.0
CPRI_Mathura_Road,2025,VWS (m/s),VWS,8760,8760,100.0
Dr._Karni_Singh_Shooting_Range,2022,Timestamp,Timestamp,8760,0,0.0
Dr._Karni_Singh_Shooting_Range,2022,PM2.5 (µg/m³),PM2.5,8760,122,1.39
Dr._Karni_Singh_Shooting_Range,2022,PM10 (µg/m³),PM10,8760,115,1.31
Dr._Karni_Singh_Shooting_Range,2022,NO (µg/m³),NO,8760,482,5.5
Dr._Karni_Singh_Shooting_Range,2022,NO2 (µg/m³),NO2,8760,482,5.5
Dr._Karni_Singh_Shooting_Range,2022,NOx (ppb),NOx,8760,482,5.5
Dr._Karni_Singh_Shooting_Range,2022,NH3 (µg/m³),NH3,8760,536,6.12
Dr._Karni_Singh_Shooting_Range,2022,SO2 (µg/m³),SO2,8760,492,5.62
Dr._Karni_Singh_Shooting_Range,2022,CO (mg/m³),CO,8760,536,6.12
Dr._Karni_Singh_Shooting_Range,2022,Ozone (µg/m³),Ozone,8760,215,2.45
Dr._Karni_Singh_Shooting_Range,2022,Benzene (µg/m³),Benzene,8760,79,0.9
Dr._Karni_Singh_Shooting_Range,2022,Toluene (µg/m³),Toluene,8760,79,0.9
Dr._Karni_Singh_Shooting_Range,2022,Xylene (µg/m³),Xylene,8760,8760,100.0
Dr._Karni_Singh_Shooting_Range,2022,O Xylene (µg/m³),O Xylene,8760,8760,100.0
Dr._Karni_Singh_Shooting_Range,2022,Eth-Benzene (µg/m³),Eth-Benzene,8760,8760,100.0
Dr._Karni_Singh_Shooting_Range,2022,MP-Xylene (µg/m³),MP-Xylene,8760,8760,100.0
Dr._Karni_Singh_Shooting_Range,2022,AT (°C),AT,8760,95,1.08
Dr._Karni_Singh_Shooting_Range,2022,RH (%),RH,8760,95,1.08
Dr._Karni_Singh_Shooting_Range,2022,WS (m/s),WS,8760,107,1.22
Dr._Karni_Singh_Shooting_Range,2022,WD (deg),WD,8760,107,1.22
Dr._Karni_Singh_Shooting_Range,2022,RF (mm),RF,8760,95,1.08
Dr._Karni_Singh_Shooting_Range,2022,TOT-RF (mm),TOT-RF,8760,0,0.0
Dr._Karni_Singh_Shooting_Range,2022,SR (W/mt2),SR,8760,95,1.08
Dr._Karni_Singh_Shooting_Range,2022,BP (mmHg),BP,8760,95,1.08
Dr._Karni_Singh_Shooting_Range,2022,VWS (m/s),VWS,8760,8760,100.0
Dr._Karni_Singh_Shooting_Range,2023,Timestamp,Timestamp,8760,0,0.0
Dr._Karni_Singh_Shooting_Range,2023,PM2.5 (µg/m³),PM2.5,8760,305,3.48
Dr._Karni_Singh_Shooting_Range,2023,PM10 (µg/m³),PM10,8760,330,3.77
Dr._Karni_Singh_Shooting_Range,2023,NO (µg/m³),NO,8760,586,6.69
Dr._Karni_Singh_Shooting_Range,2023,NO2 (µg/m³),NO2,8760,585,6.68
Dr._Karni_Singh_Shooting_Range,2023,NOx (ppb),NOx,8760,585,6.68
Dr._Karni_Singh_Shooting_Range,2023,NH3 (µg/m³),NH3,8760,623,7.11
Dr._Karni_Singh_Shooting_Range,2023,SO2 (µg/m³),SO2,8760,581,6.63
Dr._Karni_Singh_Shooting_Range,2023,CO (mg/m³),CO,8760,601,6.86
Dr._Karni_Singh_Shooting_Range,2023,Ozone (µg/m³),Ozone,8760,290,3.31
Dr._Karni_Singh_Shooting_Range,2023,Benzene (µg/m³),Benzene,8760,190,2.17
Dr._Karni_Singh_Shooting_Range,2023,Toluene (µg/m³),Toluene,8760,190,2.17
Dr._Karni_Singh_Shooting_Range,2023,Xylene (µg/m³),Xylene,8760,8760,100.0
Dr._Karni_Singh_Shooting_Range,2023,O Xylene (µg/m³),O Xylene,8760,8760,100.0
Dr._Karni_Singh_Shooting_Range,2023,Eth-Benzene (µg/m³),Eth-Benzene,8760,8760,100.0
Dr._Karni_Singh_Shooting_Range,2023,MP-Xylene (µg/m³),MP-Xylene,8760,8760,100.0
Dr._Karni_Singh_Shooting_Range,2023,AT (°C),AT,8760,209,2.39
Dr._Karni_Singh_Shooting_Range,2023,RH (%),RH,8760,209,2.39
Dr._Karni_Singh_Shooting_Range,2023,WS (m/s),WS,8760,235,2.68
Dr._Karni_Singh_Shooting_Range,2023,WD (deg),WD,8760,235,2.68
Dr._Karni_Singh_Shooting_Range,2023,RF (mm),RF,8760,209,2.39
Dr._Karni_Singh_Shooting_Range,2023,TOT-RF (mm),TOT-RF,8760,0,0.0
Dr._Karni_Singh_Shooting_Range,2023,SR (W/mt2),SR,8760,209,2.39
Dr._Karni_Singh_Shooting_Range,2023,BP (mmHg),BP,8760,209,2.39
Dr._Karni_Singh_Shooting_Range,2023,VWS (m/s),VWS,8760,8760,100.0
Dr._Karni_Singh_Shooting_Range,2024,Timestamp,Timestamp,8784,0,0.0
Dr._Karni_Singh_Shooting_Range,2024,PM2.5 (µg/m³),PM2.5,8784,157,1.79
Dr._Karni_Singh_Shooting_Range,2024,PM10 (µg/m³),PM10,8784,168,1.91
Dr._Karni_Singh_Shooting_Range,2024,NO (µg/m³),NO,8784,170,1.94
Dr._Karni_Singh_Shooting_Range,2024,NO2 (µg/m³),NO2,8784,167,1.9
Dr._Karni_Singh_Shooting_Range,2024,NOx (ppb),NOx,8784,167,1.9
Dr._Karni_Singh_Shooting_Range,2024,NH3 (µg/m³),NH3,8784,169,1.92
Dr._Karni_Singh_Shooting_Range,2024,SO2 (µg/m³),SO2,8784,190,2.16
Dr._Karni_Singh_Shooting_Range,2024,CO (mg/m³),CO,8784,186,2.12
Dr._Karni_Singh_Shooting_Range,2024,Ozone (µg/m³),Ozone,8784,384,4.37
Dr._Karni_Singh_Shooting_Range,2024,Benzene (µg/m³),Benzene,8784,31,0.35
Dr._Karni_Singh_Shooting_Range,2024,Toluene (µg/m³),Toluene,8784,31,0.35
Dr._Karni_Singh_Shooting_Range,2024,Xylene (µg/m³),Xylene,8784,8784,100.0
Dr._Karni_Singh_Shooting_Range,2024,O Xylene (µg/m³),O Xylene,8784,8784,100.0
Dr._Karni_Singh_Shooting_Range,2024,Eth-Benzene (µg/m³),Eth-Benzene,8784,8784,100.0
Dr._Karni_Singh_Shooting_Range,2024,MP-Xylene (µg/m³),MP-Xylene,8784,8784,100.0
Dr._Karni_Singh_Shooting_Range,2024,AT (°C),AT,8784,40,0.46
Dr._Karni_Singh_Shooting_Range,2024,RH (%),RH,8784,40,0.46
Dr._Karni_Singh_Shooting_Range,2024,WS (m/s),WS,8784,41,0.47
Dr._Karni_Singh_Shooting_Range,2024,WD (deg),WD,8784,41,0.47
Dr._Karni_Singh_Shooting_Range,2024,RF (mm),RF,8784,41,0.47
Dr._Karni_Singh_Shooting_Range,2024,TOT-RF (mm),TOT-RF,8784,0,0.0
Dr._Karni_Singh_Shooting_Range,2024,SR (W/mt2),SR,8784,40,0.46
Dr._Karni_Singh_Shooting_Range,2024,BP (mmHg),BP,8784,41,0.47
Dr._Karni_Singh_Shooting_Range,2024,VWS (m/s),VWS,8784,8784,100.0
Dr._Karni_Singh_Shooting_Range,2025,Timestamp,Timestamp,8760,0,0.0
Dr._Karni_Singh_Shooting_Range,2025,PM2.5 (µg/m³),PM2.5,8760,248,2.83
Dr._Karni_Singh_Shooting_Range,2025,PM10 (µg/m³),PM10,8760,288,3.29
Dr._Karni_Singh_Shooting_Range,2025,NO (µg/m³),NO,8760,183,2.09
Dr._Karni_Singh_Shooting_Range,2025,NO2 (µg/m³),NO2,8760,111,1.27
Dr._Karni_Singh_Shooting_Range,2025,NOx (ppb),NOx,8760,111,1.27
Dr._Karni_Singh_Shooting_Range,2025,NH3 (µg/m³),NH3,8760,122,1.39
Dr._Karni_Singh_Shooting_Range,2025,SO2 (µg/m³),SO2,8760,144,1.64
Dr._Karni_Singh_Shooting_Range,2025,CO (mg/m³),CO,8760,236,2.69
Dr._Karni_Singh_Shooting_Range,2025,Ozone (µg/m³),Ozone,8760,139,1.59
Dr._Karni_Singh_Shooting_Range,2025,Benzene (µg/m³),Benzene,8760,103,1.18
Dr._Karni_Singh_Shooting_Range,2025,Toluene (µg/m³),Toluene,8760,103,1.18
Dr._Karni_Singh_Shooting_Range,2025,Xylene (µg/m³),Xylene,8760,8760,100.0
Dr._Karni_Singh_Shooting_Range,2025,O Xylene (µg/m³),O Xylene,8760,8760,100.0
Dr._Karni_Singh_Shooting_Range,2025,Eth-Benzene (µg/m³),Eth-Benzene,8760,8760,100.0
Dr._Karni_Singh_Shooting_Range,2025,MP-Xylene (µg/m³),MP-Xylene,8760,8760,100.0
Dr._Karni_Singh_Shooting_Range,2025,AT (°C),AT,8760,95,1.08
Dr._Karni_Singh_Shooting_Range,2025,RH (%),RH,8760,95,1.08
Dr._Karni_Singh_Shooting_Range,2025,WS (m/s),WS,8760,95,1.08
Dr._Karni_Singh_Shooting_Range,2025,WD (deg),WD,8760,95,1.08
Dr._Karni_Singh_Shooting_Range,2025,RF (mm),RF,8760,95,1.08
Dr._Karni_Singh_Shooting_Range,2025,TOT-RF (mm),TOT-RF,8760,0,0.0
Dr._Karni_Singh_Shooting_Range,2025,SR (W/mt2),SR,8760,95,1.08
Dr._Karni_Singh_Shooting_Range,2025,BP (mmHg),BP,8760,95,1.08
Dr._Karni_Singh_Shooting_Range,2025,VWS (m/s),VWS,8760,8760,100.0
DTU,2022,Timestamp,Timestamp,8760,0,0.0
DTU,2022,PM2.5 (µg/m³),PM2.5,8760,1616,18.45
DTU,2022,PM10 (µg/m³),PM10,8760,909,10.38
DTU,2022,NO (µg/m³),NO,8760,3016,34.43
DTU,2022,NO2 (µg/m³),NO2,8760,3015,34.42
DTU,2022,NOx (ppb),NOx,8760,2989,34.12
DTU,2022,NH3 (µg/m³),NH3,8760,3631,41.45
DTU,2022,SO2 (µg/m³),SO2,8760,597,6.82
DTU,2022,CO (mg/m³),CO,8760,524,5.98
DTU,2022,Ozone (µg/m³),Ozone,8760,503,5.74
DTU,2022,Benzene (µg/m³),Benzene,8760,1717,19.6
DTU,2022,Toluene (µg/m³),Toluene,8760,8760,100.0
DTU,2022,Xylene (µg/m³),Xylene,8760,8760,100.0
DTU,2022,O Xylene (µg/m³),O Xylene,8760,8760,100.0
DTU,2022,Eth-Benzene (µg/m³),Eth-Benzene,8760,8760,100.0
DTU,2022,MP-Xylene (µg/m³),MP-Xylene,8760,2453,28.0
DTU,2022,AT (°C),AT,8760,8760,100.0
DTU,2022,RH (%),RH,8760,693,7.91
DTU,2022,WS (m/s),WS,8760,368,4.2
DTU,2022,WD (deg),WD,8760,369,4.21
DTU,2022,RF (mm),RF,8760,8425,96.18
DTU,2022,TOT-RF (mm),TOT-RF,8760,0,0.0
DTU,2022,SR (W/mt2),SR,8760,8425,96.18
DTU,2022,BP (mmHg),BP,8760,8760,100.0
DTU,2022,VWS (m/s),VWS,8760,8760,100.0
DTU,2023,Timestamp,Timestamp,8760,0,0.0
DTU,2023,PM2.5 (µg/m³),PM2.5,8760,706,8.06
DTU,2023,PM10 (µg/m³),PM10,8760,568,6.48
DTU,2023,NO (µg/m³),NO,8760,813,9.28
DTU,2023,NO2 (µg/m³),NO2,8760,862,9.84
DTU,2023,NOx (ppb),NOx,8760,838,9.57
DTU,2023,NH3 (µg/m³),NH3,8760,838,9.57
DTU,2023,SO2 (µg/m³),SO2,8760,537,6.13
DTU,2023,CO (mg/m³),CO,8760,262,2.99
DTU,2023,Ozone (µg/m³),Ozone,8760,309,3.53
DTU,2023,Benzene (µg/m³),Benzene,8760,2802,31.99
DTU,2023,Toluene (µg/m³),Toluene,8760,8760,100.0
DTU,2023,Xylene (µg/m³),Xylene,8760,8760,100.0
DTU,2023,O Xylene (µg/m³),O Xylene,8760,8760,100.0
DTU,2023,Eth-Benzene (µg/m³),Eth-Benzene,8760,8760,100.0
DTU,2023,MP-Xylene (µg/m³),MP-Xylene,8760,5970,68.15
DTU,2023,AT (°C),AT,8760,8760,100.0
DTU,2023,RH (%),RH,8760,3436,39.22
DTU,2023,WS (m/s),WS,8760,2947,33.64
DTU,2023,WD (deg),WD,8760,2947,33.64
DTU,2023,RF (mm),RF,8760,8760,100.0
DTU,2023,TOT-RF (mm),TOT-RF,8760,0,0.0
DTU,2023,SR (W/mt2),SR,8760,8760,100.0
DTU,2023,BP (mmHg),BP,8760,8760,100.0
DTU,2023,VWS (m/s),VWS,8760,8760,100.0
DTU,2024,Timestamp,Timestamp,8784,0,0.0
DTU,2024,PM2.5 (µg/m³),PM2.5,8784,530,6.03
DTU,2024,PM10 (µg/m³),PM10,8784,475,5.41
DTU,2024,NO (µg/m³),NO,8784,217,2.47
DTU,2024,NO2 (µg/m³),NO2,8784,305,3.47
DTU,2024,NOx (ppb),NOx,8784,166,1.89
DTU,2024,NH3 (µg/m³),NH3,8784,230,2.62
DTU,2024,SO2 (µg/m³),SO2,8784,222,2.53
DTU,2024,CO (mg/m³),CO,8784,151,1.72
DTU,2024,Ozone (µg/m³),Ozone,8784,235,2.68
DTU,2024,Benzene (µg/m³),Benzene,8784,2200,25.05
DTU,2024,Toluene (µg/m³),Toluene,8784,8784,100.0
DTU,2024,Xylene (µg/m³),Xylene,8784,8784,100.0
DTU,2024,O Xylene (µg/m³),O Xylene,8784,8784,100.0
DTU,2024,Eth-Benzene (µg/m³),Eth-Benzene,8784,3777,43.0
DTU,2024,MP-Xylene (µg/m³),MP-Xylene,8784,3968,45.17
DTU,2024,AT (°C),AT,8784,8784,100.0
DTU,2024,RH (%),RH,8784,779,8.87
DTU,2024,WS (m/s),WS,8784,2665,30.34
DTU,2024,WD (deg),WD,8784,865,9.85
DTU,2024,RF (mm),RF,8784,2241,25.51
DTU,2024,TOT-RF (mm),TOT-RF,8784,0,0.0
DTU,2024,SR (W/mt2),SR,8784,5710,65.0
DTU,2024,BP (mmHg),BP,8784,8474,96.47
DTU,2024,VWS (m/s),VWS,8784,8784,100.0
DTU,2025,Timestamp,Timestamp,8760,0,0.0
DTU,2025,PM2.5 (µg/m³),PM2.5,8760,412,4.7
DTU,2025,PM10 (µg/m³),PM10,8760,762,8.7
DTU,2025,NO (µg/m³),NO,8760,246,2.81
DTU,2025,NO2 (µg/m³),NO2,8760,246,2.81
DTU,2025,NOx (ppb),NOx,8760,228,2.6
DTU,2025,NH3 (µg/m³),NH3,8760,246,2.81
DTU,2025,SO2 (µg/m³),SO2,8760,61,0.7
DTU,2025,CO (mg/m³),CO,8760,53,0.61
DTU,2025,Ozone (µg/m³),Ozone,8760,64,0.73
DTU,2025,Benzene (µg/m³),Benzene,8760,955,10.9
DTU,2025,Toluene (µg/m³),Toluene,8760,8760,100.0
DTU,2025,Xylene (µg/m³),Xylene,8760,8760,100.0
DTU,2025,O Xylene (µg/m³),O Xylene,8760,8760,100.0
DTU,2025,Eth-Benzene (µg/m³),Eth-Benzene,8760,1132,12.92
DTU,2025,MP-Xylene (µg/m³),MP-Xylene,8760,991,11.31
DTU,2025,AT (°C),AT,8760,8760,100.0
DTU,2025,RH (%),RH,8760,44,0.5
DTU,2025,WS (m/s),WS,8760,3133,35.76
DTU,2025,WD (deg),WD,8760,166,1.89
DTU,2025,RF (mm),RF,8760,36,0.41
DTU,2025,TOT-RF (mm),TOT-RF,8760,0,0.0
DTU,2025,SR (W/mt2),SR,8760,4009,45.76
DTU,2025,BP (mmHg),BP,8760,8760,100.0
DTU,2025,VWS (m/s),VWS,8760,8760,100.0
Dwarka-Sector_8,2022,Timestamp,Timestamp,8760,0,0.0
Dwarka-Sector_8,2022,PM2.5 (µg/m³),PM2.5,8760,177,2.02
Dwarka-Sector_8,2022,PM10 (µg/m³),PM10,8760,204,2.33
Dwarka-Sector_8,2022,NO (µg/m³),NO,8760,265,3.03
Dwarka-Sector_8,2022,NO2 (µg/m³),NO2,8760,257,2.93
Dwarka-Sector_8,2022,NOx (ppb),NOx,8760,258,2.95
Dwarka-Sector_8,2022,NH3 (µg/m³),NH3,8760,258,2.95
Dwarka-Sector_8,2022,SO2 (µg/m³),SO2,8760,596,6.8
Dwarka-Sector_8,2022,CO (mg/m³),CO,8760,398,4.54
Dwarka-Sector_8,2022,Ozone (µg/m³),Ozone,8760,176,2.01
Dwarka-Sector_8,2022,Benzene (µg/m³),Benzene,8760,446,5.09
Dwarka-Sector_8,2022,Toluene (µg/m³),Toluene,8760,446,5.09
Dwarka-Sector_8,2022,Xylene (µg/m³),Xylene,8760,8760,100.0
Dwarka-Sector_8,2022,O Xylene (µg/m³),O Xylene,8760,8760,100.0
Dwarka-Sector_8,2022,Eth-Benzene (µg/m³),Eth-Benzene,8760,8760,100.0
Dwarka-Sector_8,2022,MP-Xylene (µg/m³),MP-Xylene,8760,8760,100.0
Dwarka-Sector_8,2022,AT (°C),AT,8760,138,1.58
Dwarka-Sector_8,2022,RH (%),RH,8760,138,1.58
Dwarka-Sector_8,2022,WS (m/s),WS,8760,165,1.88
Dwarka-Sector_8,2022,WD (deg),WD,8760,165,1.88
Dwarka-Sector_8,2022,RF (mm),RF,8760,138,1.58
Dwarka-Sector_8,2022,TOT-RF (mm),TOT-RF,8760,0,0.0
Dwarka-Sector_8,2022,SR (W/mt2),SR,8760,139,1.59
Dwarka-Sector_8,2022,BP (mmHg),BP,8760,138,1.58
Dwarka-Sector_8,2022,VWS (m/s),VWS,8760,8760,100.0
Dwarka-Sector_8,2023,Timestamp,Timestamp,8760,0,0.0
Dwarka-Sector_8,2023,PM2.5 (µg/m³),PM2.5,8760,279,3.18
Dwarka-Sector_8,2023,PM10 (µg/m³),PM10,8760,356,4.06
Dwarka-Sector_8,2023,NO (µg/m³),NO,8760,289,3.3
Dwarka-Sector_8,2023,NO2 (µg/m³),NO2,8760,286,3.26
Dwarka-Sector_8,2023,NOx (ppb),NOx,8760,286,3.26
Dwarka-Sector_8,2023,NH3 (µg/m³),NH3,8760,303,3.46
Dwarka-Sector_8,2023,SO2 (µg/m³),SO2,8760,223,2.55
Dwarka-Sector_8,2023,CO (mg/m³),CO,8760,524,5.98
Dwarka-Sector_8,2023,Ozone (µg/m³),Ozone,8760,284,3.24
Dwarka-Sector_8,2023,Benzene (µg/m³),Benzene,8760,827,9.44
Dwarka-Sector_8,2023,Toluene (µg/m³),Toluene,8760,827,9.44
Dwarka-Sector_8,2023,Xylene (µg/m³),Xylene,8760,8760,100.0
Dwarka-Sector_8,2023,O Xylene (µg/m³),O Xylene,8760,8760,100.0
Dwarka-Sector_8,2023,Eth-Benzene (µg/m³),Eth-Benzene,8760,8760,100.0
Dwarka-Sector_8,2023,MP-Xylene (µg/m³),MP-Xylene,8760,8760,100.0
Dwarka-Sector_8,2023,AT (°C),AT,8760,204,2.33
Dwarka-Sector_8,2023,RH (%),RH,8760,202,2.31
Dwarka-Sector_8,2023,WS (m/s),WS,8760,206,2.35
Dwarka-Sector_8,2023,WD (deg),WD,8760,206,2.35
Dwarka-Sector_8,2023,RF (mm),RF,8760,203,2.32
Dwarka-Sector_8,2023,TOT-RF (mm),TOT-RF,8760,0,0.0
Dwarka-Sector_8,2023,SR (W/mt2),SR,8760,202,2.31
Dwarka-Sector_8,2023,BP (mmHg),BP,8760,202,2.31
Dwarka-Sector_8,2023,VWS (m/s),VWS,8760,8760,100.0
Dwarka-Sector_8,2024,Timestamp,Timestamp,8784,0,0.0
Dwarka-Sector_8,2024,PM2.5 (µg/m³),PM2.5,8784,23,0.26
Dwarka-Sector_8,2024,PM10 (µg/m³),PM10,8784,153,1.74
Dwarka-Sector_8,2024,NO (µg/m³),NO,8784,50,0.57
Dwarka-Sector_8,2024,NO2 (µg/m³),NO2,8784,185,2.11
Dwarka-Sector_8,2024,NOx (ppb),NOx,8784,40,0.46
Dwarka-Sector_8,2024,NH3 (µg/m³),NH3,8784,13,0.15
Dwarka-Sector_8,2024,SO2 (µg/m³),SO2,8784,87,0.99
Dwarka-Sector_8,2024,CO (mg/m³),CO,8784,114,1.3
Dwarka-Sector_8,2024,Ozone (µg/m³),Ozone,8784,112,1.28
Dwarka-Sector_8,2024,Benzene (µg/m³),Benzene,8784,99,1.13
Dwarka-Sector_8,2024,Toluene (µg/m³),Toluene,8784,41,0.47
Dwarka-Sector_8,2024,Xylene (µg/m³),Xylene,8784,8784,100.0
Dwarka-Sector_8,2024,O Xylene (µg/m³),O Xylene,8784,8784,100.0
Dwarka-Sector_8,2024,Eth-Benzene (µg/m³),Eth-Benzene,8784,8784,100.0
Dwarka-Sector_8,2024,MP-Xylene (µg/m³),MP-Xylene,8784,8784,100.0
Dwarka-Sector_8,2024,AT (°C),AT,8784,10,0.11
Dwarka-Sector_8,2024,RH (%),RH,8784,10,0.11
Dwarka-Sector_8,2024,WS (m/s),WS,8784,10,0.11
Dwarka-Sector_8,2024,WD (deg),WD,8784,10,0.11
Dwarka-Sector_8,2024,RF (mm),RF,8784,10,0.11
Dwarka-Sector_8,2024,TOT-RF (mm),TOT-RF,8784,0,0.0
Dwarka-Sector_8,2024,SR (W/mt2),SR,8784,132,1.5
Dwarka-Sector_8,2024,BP (mmHg),BP,8784,10,0.11
Dwarka-Sector_8,2024,VWS (m/s),VWS,8784,8784,100.0
Dwarka-Sector_8,2025,Timestamp,Timestamp,8760,0,0.0
Dwarka-Sector_8,2025,PM2.5 (µg/m³),PM2.5,8760,158,1.8
Dwarka-Sector_8,2025,PM10 (µg/m³),PM10,8760,205,2.34
Dwarka-Sector_8,2025,NO (µg/m³),NO,8760,80,0.91
Dwarka-Sector_8,2025,NO2 (µg/m³),NO2,8760,73,0.83
Dwarka-Sector_8,2025,NOx (ppb),NOx,8760,74,0.84
Dwarka-Sector_8,2025,NH3 (µg/m³),NH3,8760,109,1.24
Dwarka-Sector_8,2025,SO2 (µg/m³),SO2,8760,184,2.1
Dwarka-Sector_8,2025,CO (mg/m³),CO,8760,111,1.27
Dwarka-Sector_8,2025,Ozone (µg/m³),Ozone,8760,171,1.95
Dwarka-Sector_8,2025,Benzene (µg/m³),Benzene,8760,183,2.09
Dwarka-Sector_8,2025,Toluene (µg/m³),Toluene,8760,183,2.09
Dwarka-Sector_8,2025,Xylene (µg/m³),Xylene,8760,8760,100.0
Dwarka-Sector_8,2025,O Xylene (µg/m³),O Xylene,8760,8760,100.0
Dwarka-Sector_8,2025,Eth-Benzene (µg/m³),Eth-Benzene,8760,8760,100.0
Dwarka-Sector_8,2025,MP-Xylene (µg/m³),MP-Xylene,8760,8760,100.0
Dwarka-Sector_8,2025,AT (°C),AT,8760,64,0.73
Dwarka-Sector_8,2025,RH (%),RH,8760,64,0.73
Dwarka-Sector_8,2025,WS (m/s),WS,8760,64,0.73
Dwarka-Sector_8,2025,WD (deg),WD,8760,64,0.73
Dwarka-Sector_8,2025,RF (mm),RF,8760,64,0.73
Dwarka-Sector_8,2025,TOT-RF (mm),TOT-RF,8760,0,0.0
Dwarka-Sector_8,2025,SR (W/mt2),SR,8760,68,0.78
Dwarka-Sector_8,2025,BP (mmHg),BP,8760,64,0.73
Dwarka-Sector_8,2025,VWS (m/s),VWS,8760,8760,100.0
IGI_Airport_(T3),2022,Timestamp,Timestamp,8760,0,0.0
IGI_Airport_(T3),2022,PM2.5 (µg/m³),PM2.5,8760,180,2.05
IGI_Airport_(T3),2022,PM10 (µg/m³),PM10,8760,161,1.84
IGI_Airport_(T3),2022,NO (µg/m³),NO,8760,341,3.89
IGI_Airport_(T3),2022,NO2 (µg/m³),NO2,8760,219,2.5
IGI_Airport_(T3),2022,NOx (ppb),NOx,8760,375,4.28
IGI_Airport_(T3),2022,NH3 (µg/m³),NH3,8760,8760,100.0
IGI_Airport_(T3),2022,SO2 (µg/m³),SO2,8760,8760,100.0
IGI_Airport_(T3),2022,CO (mg/m³),CO,8760,177,2.02
IGI_Airport_(T3),2022,Ozone (µg/m³),Ozone,8760,153,1.75
IGI_Airport_(T3),2022,Benzene (µg/m³),Benzene,8760,8760,100.0
IGI_Airport_(T3),2022,Toluene (µg/m³),Toluene,8760,8760,100.0
IGI_Airport_(T3),2022,Xylene (µg/m³),Xylene,8760,8760,100.0
IGI_Airport_(T3),2022,O Xylene (µg/m³),O Xylene,8760,8760,100.0
IGI_Airport_(T3),2022,Eth-Benzene (µg/m³),Eth-Benzene,8760,8760,100.0
IGI_Airport_(T3),2022,MP-Xylene (µg/m³),MP-Xylene,8760,8760,100.0
IGI_Airport_(T3),2022,AT (°C),AT,8760,8760,100.0
IGI_Airport_(T3),2022,RH (%),RH,8760,8760,100.0
IGI_Airport_(T3),2022,WS (m/s),WS,8760,8760,100.0
IGI_Airport_(T3),2022,WD (deg),WD,8760,8760,100.0
IGI_Airport_(T3),2022,RF (mm),RF,8760,8760,100.0
IGI_Airport_(T3),2022,TOT-RF (mm),TOT-RF,8760,0,0.0
IGI_Airport_(T3),2022,SR (W/mt2),SR,8760,8760,100.0
IGI_Airport_(T3),2022,BP (mmHg),BP,8760,8760,100.0
IGI_Airport_(T3),2022,VWS (m/s),VWS,8760,8760,100.0
IGI_Airport_(T3),2023,Timestamp,Timestamp,8760,0,0.0
IGI_Airport_(T3),2023,PM2.5 (µg/m³),PM2.5,8760,118,1.35
IGI_Airport_(T3),2023,PM10 (µg/m³),PM10,8760,50,0.57
IGI_Airport_(T3),2023,NO (µg/m³),NO,8760,385,4.39
IGI_Airport_(T3),2023,NO2 (µg/m³),NO2,8760,92,1.05
IGI_Airport_(T3),2023,NOx (ppb),NOx,8760,332,3.79
IGI_Airport_(T3),2023,NH3 (µg/m³),NH3,8760,8760,100.0
IGI_Airport_(T3),2023,SO2 (µg/m³),SO2,8760,8760,100.0
IGI_Airport_(T3),2023,CO (mg/m³),CO,8760,390,4.45
IGI_Airport_(T3),2023,Ozone (µg/m³),Ozone,8760,69,0.79
IGI_Airport_(T3),2023,Benzene (µg/m³),Benzene,8760,8760,100.0
IGI_Airport_(T3),2023,Toluene (µg/m³),Toluene,8760,8760,100.0
IGI_Airport_(T3),2023,Xylene (µg/m³),Xylene,8760,8760,100.0
IGI_Airport_(T3),2023,O Xylene (µg/m³),O Xylene,8760,8760,100.0
IGI_Airport_(T3),2023,Eth-Benzene (µg/m³),Eth-Benzene,8760,8760,100.0
IGI_Airport_(T3),2023,MP-Xylene (µg/m³),MP-Xylene,8760,8760,100.0
IGI_Airport_(T3),2023,AT (°C),AT,8760,8760,100.0
IGI_Airport_(T3),2023,RH (%),RH,8760,8760,100.0
IGI_Airport_(T3),2023,WS (m/s),WS,8760,8760,100.0
IGI_Airport_(T3),2023,WD (deg),WD,8760,8760,100.0
IGI_Airport_(T3),2023,RF (mm),RF,8760,8760,100.0
IGI_Airport_(T3),2023,TOT-RF (mm),TOT-RF,8760,0,0.0
IGI_Airport_(T3),2023,SR (W/mt2),SR,8760,8760,100.0
IGI_Airport_(T3),2023,BP (mmHg),BP,8760,8760,100.0
IGI_Airport_(T3),2023,VWS (m/s),VWS,8760,8760,100.0
IGI_Airport_(T3),2024,Timestamp,Timestamp,8784,0,0.0
IGI_Airport_(T3),2024,PM2.5 (µg/m³),PM2.5,8784,73,0.83
IGI_Airport_(T3),2024,PM10 (µg/m³),PM10,8784,87,0.99
IGI_Airport_(T3),2024,NO (µg/m³),NO,8784,103,1.17
IGI_Airport_(T3),2024,NO2 (µg/m³),NO2,8784,111,1.26
IGI_Airport_(T3),2024,NOx (ppb),NOx,8784,93,1.06
IGI_Airport_(T3),2024,NH3 (µg/m³),NH3,8784,8784,100.0
IGI_Airport_(T3),2024,SO2 (µg/m³),SO2,8784,8784,100.0
IGI_Airport_(T3),2024,CO (mg/m³),CO,8784,74,0.84
IGI_Airport_(T3),2024,Ozone (µg/m³),Ozone,8784,56,0.64
IGI_Airport_(T3),2024,Benzene (µg/m³),Benzene,8784,8784,100.0
IGI_Airport_(T3),2024,Toluene (µg/m³),Toluene,8784,8784,100.0
IGI_Airport_(T3),2024,Xylene (µg/m³),Xylene,8784,8784,100.0
IGI_Airport_(T3),2024,O Xylene (µg/m³),O Xylene,8784,8784,100.0
IGI_Airport_(T3),2024,Eth-Benzene (µg/m³),Eth-Benzene,8784,8784,100.0
IGI_Airport_(T3),2024,MP-Xylene (µg/m³),MP-Xylene,8784,8784,100.0
IGI_Airport_(T3),2024,AT (°C),AT,8784,8784,100.0
IGI_Airport_(T3),2024,RH (%),RH,8784,8784,100.0
IGI_Airport_(T3),2024,WS (m/s),WS,8784,8784,100.0
IGI_Airport_(T3),2024,WD (deg),WD,8784,8784,100.0
IGI_Airport_(T3),2024,RF (mm),RF,8784,8784,100.0
IGI_Airport_(T3),2024,TOT-RF (mm),TOT-RF,8784,0,0.0
IGI_Airport_(T3),2024,SR (W/mt2),SR,8784,8784,100.0
IGI_Airport_(T3),2024,BP (mmHg),BP,8784,8784,100.0
IGI_Airport_(T3),2024,VWS (m/s),VWS,8784,8784,100.0
IGI_Airport_(T3),2025,Timestamp,Timestamp,8760,0,0.0
IGI_Airport_(T3),2025,PM2.5 (µg/m³),PM2.5,8760,1167,13.32
IGI_Airport_(T3),2025,PM10 (µg/m³),PM10,8760,1158,13.22
IGI_Airport_(T3),2025,NO (µg/m³),NO,8760,1166,13.31
IGI_Airport_(T3),2025,NO2 (µg/m³),NO2,8760,1122,12.81
IGI_Airport_(T3),2025,NOx (ppb),NOx,8760,1131,12.91
IGI_Airport_(T3),2025,NH3 (µg/m³),NH3,8760,8760,100.0
IGI_Airport_(T3),2025,SO2 (µg/m³),SO2,8760,8760,100.0
IGI_Airport_(T3),2025,CO (mg/m³),CO,8760,4059,46.34
IGI_Airport_(T3),2025,Ozone (µg/m³),Ozone,8760,1154,13.17
IGI_Airport_(T3),2025,Benzene (µg/m³),Benzene,8760,8760,100.0
IGI_Airport_(T3),2025,Toluene (µg/m³),Toluene,8760,8760,100.0
IGI_Airport_(T3),2025,Xylene (µg/m³),Xylene,8760,8760,100.0
IGI_Airport_(T3),2025,O Xylene (µg/m³),O Xylene,8760,8760,100.0
IGI_Airport_(T3),2025,Eth-Benzene (µg/m³),Eth-Benzene,8760,8760,100.0
IGI_Airport_(T3),2025,MP-Xylene (µg/m³),MP-Xylene,8760,8760,100.0
IGI_Airport_(T3),2025,AT (°C),AT,8760,8760,100.0
IGI_Airport_(T3),2025,RH (%),RH,8760,8760,100.0
IGI_Airport_(T3),2025,WS (m/s),WS,8760,8760,100.0
IGI_Airport_(T3),2025,WD (deg),WD,8760,8760,100.0
IGI_Airport_(T3),2025,RF (mm),RF,8760,8760,100.0
IGI_Airport_(T3),2025,TOT-RF (mm),TOT-RF,8760,0,0.0
IGI_Airport_(T3),2025,SR (W/mt2),SR,8760,8760,100.0
IGI_Airport_(T3),2025,BP (mmHg),BP,8760,8760,100.0
IGI_Airport_(T3),2025,VWS (m/s),VWS,8760,8760,100.0
IGNOU_Maidan_Garhi,2025,Timestamp,Timestamp,8760,0,0.0
IGNOU_Maidan_Garhi,2025,PM2.5 (µg/m³),PM2.5,8760,8760,100.0
IGNOU_Maidan_Garhi,2025,PM10 (µg/m³),PM10,8760,8760,100.0
IGNOU_Maidan_Garhi,2025,NO (µg/m³),NO,8760,8760,100.0
IGNOU_Maidan_Garhi,2025,NO2 (µg/m³),NO2,8760,8760,100.0
IGNOU_Maidan_Garhi,2025,NOx (ppb),NOx,8760,8760,100.0
IGNOU_Maidan_Garhi,2025,NH3 (µg/m³),NH3,8760,8760,100.0
IGNOU_Maidan_Garhi,2025,SO2 (µg/m³),SO2,8760,8760,100.0
IGNOU_Maidan_Garhi,2025,CO (mg/m³),CO,8760,8760,100.0
IGNOU_Maidan_Garhi,2025,Ozone (µg/m³),Ozone,8760,8760,100.0
IGNOU_Maidan_Garhi,2025,Benzene (µg/m³),Benzene,8760,8760,100.0
IGNOU_Maidan_Garhi,2025,Toluene (µg/m³),Toluene,8760,8760,100.0
IGNOU_Maidan_Garhi,2025,Xylene (µg/m³),Xylene,8760,8760,100.0
IGNOU_Maidan_Garhi,2025,O Xylene (µg/m³),O Xylene,8760,8760,100.0
IGNOU_Maidan_Garhi,2025,Eth-Benzene (µg/m³),Eth-Benzene,8760,8760,100.0
IGNOU_Maidan_Garhi,2025,MP-Xylene (µg/m³),MP-Xylene,8760,8760,100.0
IGNOU_Maidan_Garhi,2025,AT (°C),AT,8760,8760,100.0
IGNOU_Maidan_Garhi,2025,RH (%),RH,8760,8760,100.0
IGNOU_Maidan_Garhi,2025,WS (m/s),WS,8760,8760,100.0
IGNOU_Maidan_Garhi,2025,WD (deg),WD,8760,8760,100.0
IGNOU_Maidan_Garhi,2025,RF (mm),RF,8760,8760,100.0
IGNOU_Maidan_Garhi,2025,TOT-RF (mm),TOT-RF,8760,0,0.0
IGNOU_Maidan_Garhi,2025,SR (W/mt2),SR,8760,8760,100.0
IGNOU_Maidan_Garhi,2025,BP (mmHg),BP,8760,8760,100.0
IGNOU_Maidan_Garhi,2025,VWS (m/s),VWS,8760,8760,100.0
IHBAS_Dilshad_Garden,2022,Timestamp,Timestamp,8760,0,0.0
IHBAS_Dilshad_Garden,2022,PM2.5 (µg/m³),PM2.5,8760,986,11.26
IHBAS_Dilshad_Garden,2022,PM10 (µg/m³),PM10,8760,1002,11.44
IHBAS_Dilshad_Garden,2022,NO (µg/m³),NO,8760,823,9.39
IHBAS_Dilshad_Garden,2022,NO2 (µg/m³),NO2,8760,824,9.41
IHBAS_Dilshad_Garden,2022,NOx (ppb),NOx,8760,808,9.22
IHBAS_Dilshad_Garden,2022,NH3 (µg/m³),NH3,8760,812,9.27
IHBAS_Dilshad_Garden,2022,SO2 (µg/m³),SO2,8760,753,8.6
IHBAS_Dilshad_Garden,2022,CO (mg/m³),CO,8760,792,9.04
IHBAS_Dilshad_Garden,2022,Ozone (µg/m³),Ozone,8760,768,8.77
IHBAS_Dilshad_Garden,2022,Benzene (µg/m³),Benzene,8760,798,9.11
IHBAS_Dilshad_Garden,2022,Toluene (µg/m³),Toluene,8760,800,9.13
IHBAS_Dilshad_Garden,2022,Xylene (µg/m³),Xylene,8760,804,9.18
IHBAS_Dilshad_Garden,2022,O Xylene (µg/m³),O Xylene,8760,8760,100.0
IHBAS_Dilshad_Garden,2022,Eth-Benzene (µg/m³),Eth-Benzene,8760,810,9.25
IHBAS_Dilshad_Garden,2022,MP-Xylene (µg/m³),MP-Xylene,8760,817,9.33
IHBAS_Dilshad_Garden,2022,AT (°C),AT,8760,8760,100.0
IHBAS_Dilshad_Garden,2022,RH (%),RH,8760,623,7.11
IHBAS_Dilshad_Garden,2022,WS (m/s),WS,8760,666,7.6
IHBAS_Dilshad_Garden,2022,WD (deg),WD,8760,658,7.51
IHBAS_Dilshad_Garden,2022,RF (mm),RF,8760,8760,100.0
IHBAS_Dilshad_Garden,2022,TOT-RF (mm),TOT-RF,8760,0,0.0
IHBAS_Dilshad_Garden,2022,SR (W/mt2),SR,8760,623,7.11
IHBAS_Dilshad_Garden,2022,BP (mmHg),BP,8760,8760,100.0
IHBAS_Dilshad_Garden,2022,VWS (m/s),VWS,8760,621,7.09
IHBAS_Dilshad_Garden,2023,Timestamp,Timestamp,8760,0,0.0
IHBAS_Dilshad_Garden,2023,PM2.5 (µg/m³),PM2.5,8760,802,9.16
IHBAS_Dilshad_Garden,2023,PM10 (µg/m³),PM10,8760,790,9.02
IHBAS_Dilshad_Garden,2023,NO (µg/m³),NO,8760,781,8.92
IHBAS_Dilshad_Garden,2023,NO2 (µg/m³),NO2,8760,784,8.95
IHBAS_Dilshad_Garden,2023,NOx (ppb),NOx,8760,772,8.81
IHBAS_Dilshad_Garden,2023,NH3 (µg/m³),NH3,8760,810,9.25
IHBAS_Dilshad_Garden,2023,SO2 (µg/m³),SO2,8760,683,7.8
IHBAS_Dilshad_Garden,2023,CO (mg/m³),CO,8760,646,7.37
IHBAS_Dilshad_Garden,2023,Ozone (µg/m³),Ozone,8760,617,7.04
IHBAS_Dilshad_Garden,2023,Benzene (µg/m³),Benzene,8760,675,7.71
IHBAS_Dilshad_Garden,2023,Toluene (µg/m³),Toluene,8760,679,7.75
IHBAS_Dilshad_Garden,2023,Xylene (µg/m³),Xylene,8760,681,7.77
IHBAS_Dilshad_Garden,2023,O Xylene (µg/m³),O Xylene,8760,8760,100.0
IHBAS_Dilshad_Garden,2023,Eth-Benzene (µg/m³),Eth-Benzene,8760,681,7.77
IHBAS_Dilshad_Garden,2023,MP-Xylene (µg/m³),MP-Xylene,8760,686,7.83
IHBAS_Dilshad_Garden,2023,AT (°C),AT,8760,8760,100.0
IHBAS_Dilshad_Garden,2023,RH (%),RH,8760,611,6.97
IHBAS_Dilshad_Garden,2023,WS (m/s),WS,8760,555,6.34
IHBAS_Dilshad_Garden,2023,WD (deg),WD,8760,552,6.3
IHBAS_Dilshad_Garden,2023,RF (mm),RF,8760,8760,100.0
IHBAS_Dilshad_Garden,2023,TOT-RF (mm),TOT-RF,8760,0,0.0
IHBAS_Dilshad_Garden,2023,SR (W/mt2),SR,8760,536,6.12
IHBAS_Dilshad_Garden,2023,BP (mmHg),BP,8760,8760,100.0
IHBAS_Dilshad_Garden,2023,VWS (m/s),VWS,8760,534,6.1
IHBAS_Dilshad_Garden,2024,Timestamp,Timestamp,8784,0,0.0
IHBAS_Dilshad_Garden,2024,PM2.5 (µg/m³),PM2.5,8784,408,4.64
IHBAS_Dilshad_Garden,2024,PM10 (µg/m³),PM10,8784,410,4.67
IHBAS_Dilshad_Garden,2024,NO (µg/m³),NO,8784,322,3.67
IHBAS_Dilshad_Garden,2024,NO2 (µg/m³),NO2,8784,325,3.7
IHBAS_Dilshad_Garden,2024,NOx (ppb),NOx,8784,306,3.48
IHBAS_Dilshad_Garden,2024,NH3 (µg/m³),NH3,8784,360,4.1
IHBAS_Dilshad_Garden,2024,SO2 (µg/m³),SO2,8784,252,2.87
IHBAS_Dilshad_Garden,2024,CO (mg/m³),CO,8784,240,2.73
IHBAS_Dilshad_Garden,2024,Ozone (µg/m³),Ozone,8784,232,2.64
IHBAS_Dilshad_Garden,2024,Benzene (µg/m³),Benzene,8784,391,4.45
IHBAS_Dilshad_Garden,2024,Toluene (µg/m³),Toluene,8784,393,4.47
IHBAS_Dilshad_Garden,2024,Xylene (µg/m³),Xylene,8784,391,4.45
IHBAS_Dilshad_Garden,2024,O Xylene (µg/m³),O Xylene,8784,8784,100.0
IHBAS_Dilshad_Garden,2024,Eth-Benzene (µg/m³),Eth-Benzene,8784,392,4.46
IHBAS_Dilshad_Garden,2024,MP-Xylene (µg/m³),MP-Xylene,8784,392,4.46
IHBAS_Dilshad_Garden,2024,AT (°C),AT,8784,8784,100.0
IHBAS_Dilshad_Garden,2024,RH (%),RH,8784,167,1.9
IHBAS_Dilshad_Garden,2024,WS (m/s),WS,8784,171,1.95
IHBAS_Dilshad_Garden,2024,WD (deg),WD,8784,168,1.91
IHBAS_Dilshad_Garden,2024,RF (mm),RF,8784,8784,100.0
IHBAS_Dilshad_Garden,2024,TOT-RF (mm),TOT-RF,8784,0,0.0
IHBAS_Dilshad_Garden,2024,SR (W/mt2),SR,8784,169,1.92
IHBAS_Dilshad_Garden,2024,BP (mmHg),BP,8784,8784,100.0
IHBAS_Dilshad_Garden,2024,VWS (m/s),VWS,8784,167,1.9
IHBAS_Dilshad_Garden,2025,Timestamp,Timestamp,8760,0,0.0
IHBAS_Dilshad_Garden,2025,PM2.5 (µg/m³),PM2.5,8760,670,7.65
IHBAS_Dilshad_Garden,2025,PM10 (µg/m³),PM10,8760,623,7.11
IHBAS_Dilshad_Garden,2025,NO (µg/m³),NO,8760,522,5.96
IHBAS_Dilshad_Garden,2025,NO2 (µg/m³),NO2,8760,503,5.74
IHBAS_Dilshad_Garden,2025,NOx (ppb),NOx,8760,475,5.42
IHBAS_Dilshad_Garden,2025,NH3 (µg/m³),NH3,8760,489,5.58
IHBAS_Dilshad_Garden,2025,SO2 (µg/m³),SO2,8760,391,4.46
IHBAS_Dilshad_Garden,2025,CO (mg/m³),CO,8760,429,4.9
IHBAS_Dilshad_Garden,2025,Ozone (µg/m³),Ozone,8760,456,5.21
IHBAS_Dilshad_Garden,2025,Benzene (µg/m³),Benzene,8760,461,5.26
IHBAS_Dilshad_Garden,2025,Toluene (µg/m³),Toluene,8760,458,5.23
IHBAS_Dilshad_Garden,2025,Xylene (µg/m³),Xylene,8760,462,5.27
IHBAS_Dilshad_Garden,2025,O Xylene (µg/m³),O Xylene,8760,8760,100.0
IHBAS_Dilshad_Garden,2025,Eth-Benzene (µg/m³),Eth-Benzene,8760,464,5.3
IHBAS_Dilshad_Garden,2025,MP-Xylene (µg/m³),MP-Xylene,8760,463,5.29
IHBAS_Dilshad_Garden,2025,AT (°C),AT,8760,8760,100.0
IHBAS_Dilshad_Garden,2025,RH (%),RH,8760,337,3.85
IHBAS_Dilshad_Garden,2025,WS (m/s),WS,8760,344,3.93
IHBAS_Dilshad_Garden,2025,WD (deg),WD,8760,339,3.87
IHBAS_Dilshad_Garden,2025,RF (mm),RF,8760,8760,100.0
IHBAS_Dilshad_Garden,2025,TOT-RF (mm),TOT-RF,8760,0,0.0
IHBAS_Dilshad_Garden,2025,SR (W/mt2),SR,8760,365,4.17
IHBAS_Dilshad_Garden,2025,BP (mmHg),BP,8760,8760,100.0
IHBAS_Dilshad_Garden,2025,VWS (m/s),VWS,8760,342,3.9
IIT_Delhi,2025,Timestamp,Timestamp,1464,0,0.0
IIT_Delhi,2025,PM2.5 (µg/m³),PM2.5,1464,735,50.2
IIT_Delhi,2025,PM10 (µg/m³),PM10,1464,734,50.14
IIT_Delhi,2025,NO (µg/m³),NO,1464,782,53.42
IIT_Delhi,2025,NO2 (µg/m³),NO2,1464,774,52.87
IIT_Delhi,2025,NOx (ppb),NOx,1464,782,53.42
IIT_Delhi,2025,NH3 (µg/m³),NH3,1464,1464,100.0
IIT_Delhi,2025,SO2 (µg/m³),SO2,1464,1464,100.0
IIT_Delhi,2025,CO (mg/m³),CO,1464,734,50.14
IIT_Delhi,2025,Ozone (µg/m³),Ozone,1464,758,51.78
IIT_Delhi,2025,Benzene (µg/m³),Benzene,1464,1464,100.0
IIT_Delhi,2025,Toluene (µg/m³),Toluene,1464,1464,100.0
IIT_Delhi,2025,Xylene (µg/m³),Xylene,1464,1464,100.0
IIT_Delhi,2025,O Xylene (µg/m³),O Xylene,1464,1464,100.0
IIT_Delhi,2025,Eth-Benzene (µg/m³),Eth-Benzene,1464,1464,100.0
IIT_Delhi,2025,MP-Xylene (µg/m³),MP-Xylene,1464,1464,100.0
IIT_Delhi,2025,AT (°C),AT,1464,1464,100.0
IIT_Delhi,2025,RH (%),RH,1464,1464,100.0
IIT_Delhi,2025,WS (m/s),WS,1464,1464,100.0
IIT_Delhi,2025,WD (deg),WD,1464,1464,100.0
IIT_Delhi,2025,RF (mm),RF,1464,1464,100.0
IIT_Delhi,2025,TOT-RF (mm),TOT-RF,1464,1464,100.0
IIT_Delhi,2025,SR (W/mt2),SR,1464,1464,100.0
IIT_Delhi,2025,BP (mmHg),BP,1464,1464,100.0
IIT_Delhi,2025,VWS (m/s),VWS,1464,1464,100.0
IMD_Lodhi_Road,2022,Timestamp,Timestamp,8760,0,0.0
IMD_Lodhi_Road,2022,PM2.5 (µg/m³),PM2.5,8760,263,3.0
IMD_Lodhi_Road,2022,PM10 (µg/m³),PM10,8760,300,3.42
IMD_Lodhi_Road,2022,NO (µg/m³),NO,8760,173,1.97
IMD_Lodhi_Road,2022,NO2 (µg/m³),NO2,8760,174,1.99
IMD_Lodhi_Road,2022,NOx (ppb),NOx,8760,168,1.92
IMD_Lodhi_Road,2022,NH3 (µg/m³),NH3,8760,8760,100.0
IMD_Lodhi_Road,2022,SO2 (µg/m³),SO2,8760,8760,100.0
IMD_Lodhi_Road,2022,CO (mg/m³),CO,8760,168,1.92
IMD_Lodhi_Road,2022,Ozone (µg/m³),Ozone,8760,480,5.48
IMD_Lodhi_Road,2022,Benzene (µg/m³),Benzene,8760,168,1.92
IMD_Lodhi_Road,2022,Toluene (µg/m³),Toluene,8760,171,1.95
IMD_Lodhi_Road,2022,Xylene (µg/m³),Xylene,8760,170,1.94
IMD_Lodhi_Road,2022,O Xylene (µg/m³),O Xylene,8760,8760,100.0
IMD_Lodhi_Road,2022,Eth-Benzene (µg/m³),Eth-Benzene,8760,8760,100.0
IMD_Lodhi_Road,2022,MP-Xylene (µg/m³),MP-Xylene,8760,8760,100.0
IMD_Lodhi_Road,2022,AT (°C),AT,8760,8760,100.0
IMD_Lodhi_Road,2022,RH (%),RH,8760,8760,100.0
IMD_Lodhi_Road,2022,WS (m/s),WS,8760,8760,100.0
IMD_Lodhi_Road,2022,WD (deg),WD,8760,8760,100.0
IMD_Lodhi_Road,2022,RF (mm),RF,8760,8760,100.0
IMD_Lodhi_Road,2022,TOT-RF (mm),TOT-RF,8760,0,0.0
IMD_Lodhi_Road,2022,SR (W/mt2),SR,8760,8760,100.0
IMD_Lodhi_Road,2022,BP (mmHg),BP,8760,8760,100.0
IMD_Lodhi_Road,2022,VWS (m/s),VWS,8760,8760,100.0
IMD_Lodhi_Road,2023,Timestamp,Timestamp,8760,0,0.0
IMD_Lodhi_Road,2023,PM2.5 (µg/m³),PM2.5,8760,196,2.24
IMD_Lodhi_Road,2023,PM10 (µg/m³),PM10,8760,183,2.09
IMD_Lodhi_Road,2023,NO (µg/m³),NO,8760,159,1.82
IMD_Lodhi_Road,2023,NO2 (µg/m³),NO2,8760,206,2.35
IMD_Lodhi_Road,2023,NOx (ppb),NOx,8760,94,1.07
IMD_Lodhi_Road,2023,NH3 (µg/m³),NH3,8760,8760,100.0
IMD_Lodhi_Road,2023,SO2 (µg/m³),SO2,8760,8760,100.0
IMD_Lodhi_Road,2023,CO (mg/m³),CO,8760,83,0.95
IMD_Lodhi_Road,2023,Ozone (µg/m³),Ozone,8760,96,1.1
IMD_Lodhi_Road,2023,Benzene (µg/m³),Benzene,8760,81,0.92
IMD_Lodhi_Road,2023,Toluene (µg/m³),Toluene,8760,81,0.92
IMD_Lodhi_Road,2023,Xylene (µg/m³),Xylene,8760,81,0.92
IMD_Lodhi_Road,2023,O Xylene (µg/m³),O Xylene,8760,8760,100.0
IMD_Lodhi_Road,2023,Eth-Benzene (µg/m³),Eth-Benzene,8760,8760,100.0
IMD_Lodhi_Road,2023,MP-Xylene (µg/m³),MP-Xylene,8760,8760,100.0
IMD_Lodhi_Road,2023,AT (°C),AT,8760,8760,100.0
IMD_Lodhi_Road,2023,RH (%),RH,8760,8760,100.0
IMD_Lodhi_Road,2023,WS (m/s),WS,8760,8760,100.0
IMD_Lodhi_Road,2023,WD (deg),WD,8760,8760,100.0
IMD_Lodhi_Road,2023,RF (mm),RF,8760,8760,100.0
IMD_Lodhi_Road,2023,TOT-RF (mm),TOT-RF,8760,0,0.0
IMD_Lodhi_Road,2023,SR (W/mt2),SR,8760,8760,100.0
IMD_Lodhi_Road,2023,BP (mmHg),BP,8760,8760,100.0
IMD_Lodhi_Road,2023,VWS (m/s),VWS,8760,8760,100.0
IMD_Lodhi_Road,2024,Timestamp,Timestamp,8784,0,0.0
IMD_Lodhi_Road,2024,PM2.5 (µg/m³),PM2.5,8784,111,1.26
IMD_Lodhi_Road,2024,PM10 (µg/m³),PM10,8784,131,1.49
IMD_Lodhi_Road,2024,NO (µg/m³),NO,8784,66,0.75
IMD_Lodhi_Road,2024,NO2 (µg/m³),NO2,8784,104,1.18
IMD_Lodhi_Road,2024,NOx (ppb),NOx,8784,32,0.36
IMD_Lodhi_Road,2024,NH3 (µg/m³),NH3,8784,8784,100.0
IMD_Lodhi_Road,2024,SO2 (µg/m³),SO2,8784,8784,100.0
IMD_Lodhi_Road,2024,CO (mg/m³),CO,8784,25,0.28
IMD_Lodhi_Road,2024,Ozone (µg/m³),Ozone,8784,44,0.5
IMD_Lodhi_Road,2024,Benzene (µg/m³),Benzene,8784,19,0.22
IMD_Lodhi_Road,2024,Toluene (µg/m³),Toluene,8784,19,0.22
IMD_Lodhi_Road,2024,Xylene (µg/m³),Xylene,8784,19,0.22
IMD_Lodhi_Road,2024,O Xylene (µg/m³),O Xylene,8784,8784,100.0
IMD_Lodhi_Road,2024,Eth-Benzene (µg/m³),Eth-Benzene,8784,8784,100.0
IMD_Lodhi_Road,2024,MP-Xylene (µg/m³),MP-Xylene,8784,8784,100.0
IMD_Lodhi_Road,2024,AT (°C),AT,8784,8784,100.0
IMD_Lodhi_Road,2024,RH (%),RH,8784,8784,100.0
IMD_Lodhi_Road,2024,WS (m/s),WS,8784,8784,100.0
IMD_Lodhi_Road,2024,WD (deg),WD,8784,8784,100.0
IMD_Lodhi_Road,2024,RF (mm),RF,8784,8784,100.0
IMD_Lodhi_Road,2024,TOT-RF (mm),TOT-RF,8784,0,0.0
IMD_Lodhi_Road,2024,SR (W/mt2),SR,8784,8784,100.0
IMD_Lodhi_Road,2024,BP (mmHg),BP,8784,8784,100.0
IMD_Lodhi_Road,2024,VWS (m/s),VWS,8784,8784,100.0
IMD_Lodhi_Road,2025,Timestamp,Timestamp,8760,0,0.0
IMD_Lodhi_Road,2025,PM2.5 (µg/m³),PM2.5,8760,1642,18.74
IMD_Lodhi_Road,2025,PM10 (µg/m³),PM10,8760,1687,19.26
IMD_Lodhi_Road,2025,NO (µg/m³),NO,8760,1702,19.43
IMD_Lodhi_Road,2025,NO2 (µg/m³),NO2,8760,2647,30.22
IMD_Lodhi_Road,2025,NOx (ppb),NOx,8760,1677,19.14
IMD_Lodhi_Road,2025,NH3 (µg/m³),NH3,8760,8760,100.0
IMD_Lodhi_Road,2025,SO2 (µg/m³),SO2,8760,8760,100.0
IMD_Lodhi_Road,2025,CO (mg/m³),CO,8760,1663,18.98
IMD_Lodhi_Road,2025,Ozone (µg/m³),Ozone,8760,1720,19.63
IMD_Lodhi_Road,2025,Benzene (µg/m³),Benzene,8760,6600,75.34
IMD_Lodhi_Road,2025,Toluene (µg/m³),Toluene,8760,6600,75.34
IMD_Lodhi_Road,2025,Xylene (µg/m³),Xylene,8760,6600,75.34
IMD_Lodhi_Road,2025,O Xylene (µg/m³),O Xylene,8760,8760,100.0
IMD_Lodhi_Road,2025,Eth-Benzene (µg/m³),Eth-Benzene,8760,8760,100.0
IMD_Lodhi_Road,2025,MP-Xylene (µg/m³),MP-Xylene,8760,8760,100.0
IMD_Lodhi_Road,2025,AT (°C),AT,8760,8760,100.0
IMD_Lodhi_Road,2025,RH (%),RH,8760,8760,100.0
IMD_Lodhi_Road,2025,WS (m/s),WS,8760,8760,100.0
IMD_Lodhi_Road,2025,WD (deg),WD,8760,8760,100.0
IMD_Lodhi_Road,2025,RF (mm),RF,8760,8760,100.0
IMD_Lodhi_Road,2025,TOT-RF (mm),TOT-RF,8760,0,0.0
IMD_Lodhi_Road,2025,SR (W/mt2),SR,8760,8760,100.0
IMD_Lodhi_Road,2025,BP (mmHg),BP,8760,8760,100.0
IMD_Lodhi_Road,2025,VWS (m/s),VWS,8760,8760,100.0
ITO,2022,Timestamp,Timestamp,8760,0,0.0
ITO,2022,PM2.5 (µg/m³),PM2.5,8760,306,3.49
ITO,2022,PM10 (µg/m³),PM10,8760,409,4.67
ITO,2022,NO (µg/m³),NO,8760,622,7.1
ITO,2022,NO2 (µg/m³),NO2,8760,636,7.26
ITO,2022,NOx (ppb),NOx,8760,625,7.13
ITO,2022,NH3 (µg/m³),NH3,8760,799,9.12
ITO,2022,SO2 (µg/m³),SO2,8760,373,4.26
ITO,2022,CO (mg/m³),CO,8760,141,1.61
ITO,2022,Ozone (µg/m³),Ozone,8760,272,3.11
ITO,2022,Benzene (µg/m³),Benzene,8760,174,1.99
ITO,2022,Toluene (µg/m³),Toluene,8760,8760,100.0
ITO,2022,Xylene (µg/m³),Xylene,8760,8760,100.0
ITO,2022,O Xylene (µg/m³),O Xylene,8760,8760,100.0
ITO,2022,Eth-Benzene (µg/m³),Eth-Benzene,8760,8760,100.0
ITO,2022,MP-Xylene (µg/m³),MP-Xylene,8760,8760,100.0
ITO,2022,AT (°C),AT,8760,8760,100.0
ITO,2022,RH (%),RH,8760,8760,100.0
ITO,2022,WS (m/s),WS,8760,8760,100.0
ITO,2022,WD (deg),WD,8760,8760,100.0
ITO,2022,RF (mm),RF,8760,8760,100.0
ITO,2022,TOT-RF (mm),TOT-RF,8760,8760,100.0
ITO,2022,SR (W/mt2),SR,8760,8760,100.0
ITO,2022,BP (mmHg),BP,8760,8760,100.0
ITO,2022,VWS (m/s),VWS,8760,8760,100.0
ITO,2023,Timestamp,Timestamp,8760,0,0.0
ITO,2023,PM2.5 (µg/m³),PM2.5,8760,602,6.87
ITO,2023,PM10 (µg/m³),PM10,8760,589,6.72
ITO,2023,NO (µg/m³),NO,8760,693,7.91
ITO,2023,NO2 (µg/m³),NO2,8760,695,7.93
ITO,2023,NOx (ppb),NOx,8760,707,8.07
ITO,2023,NH3 (µg/m³),NH3,8760,665,7.59
ITO,2023,SO2 (µg/m³),SO2,8760,610,6.96
ITO,2023,CO (mg/m³),CO,8760,604,6.89
ITO,2023,Ozone (µg/m³),Ozone,8760,565,6.45
ITO,2023,Benzene (µg/m³),Benzene,8760,771,8.8
ITO,2023,Toluene (µg/m³),Toluene,8760,8760,100.0
ITO,2023,Xylene (µg/m³),Xylene,8760,8760,100.0
ITO,2023,O Xylene (µg/m³),O Xylene,8760,8760,100.0
ITO,2023,Eth-Benzene (µg/m³),Eth-Benzene,8760,8760,100.0
ITO,2023,MP-Xylene (µg/m³),MP-Xylene,8760,8760,100.0
ITO,2023,AT (°C),AT,8760,8760,100.0
ITO,2023,RH (%),RH,8760,8760,100.0
ITO,2023,WS (m/s),WS,8760,8760,100.0
ITO,2023,WD (deg),WD,8760,8760,100.0
ITO,2023,RF (mm),RF,8760,8760,100.0
ITO,2023,TOT-RF (mm),TOT-RF,8760,8760,100.0
ITO,2023,SR (W/mt2),SR,8760,8760,100.0
ITO,2023,BP (mmHg),BP,8760,8760,100.0
ITO,2023,VWS (m/s),VWS,8760,8760,100.0
ITO,2024,Timestamp,Timestamp,8784,0,0.0
ITO,2024,PM2.5 (µg/m³),PM2.5,8784,439,5.0
ITO,2024,PM10 (µg/m³),PM10,8784,399,4.54
ITO,2024,NO (µg/m³),NO,8784,94,1.07
ITO,2024,NO2 (µg/m³),NO2,8784,234,2.66
ITO,2024,NOx (ppb),NOx,8784,121,1.38
ITO,2024,NH3 (µg/m³),NH3,8784,148,1.68
ITO,2024,SO2 (µg/m³),SO2,8784,335,3.81
ITO,2024,CO (mg/m³),CO,8784,81,0.92
ITO,2024,Ozone (µg/m³),Ozone,8784,249,2.83
ITO,2024,Benzene (µg/m³),Benzene,8784,92,1.05
ITO,2024,Toluene (µg/m³),Toluene,8784,8784,100.0
ITO,2024,Xylene (µg/m³),Xylene,8784,8784,100.0
ITO,2024,O Xylene (µg/m³),O Xylene,8784,8784,100.0
ITO,2024,Eth-Benzene (µg/m³),Eth-Benzene,8784,8784,100.0
ITO,2024,MP-Xylene (µg/m³),MP-Xylene,8784,8784,100.0
ITO,2024,AT (°C),AT,8784,8784,100.0
ITO,2024,RH (%),RH,8784,8784,100.0
ITO,2024,WS (m/s),WS,8784,8784,100.0
ITO,2024,WD (deg),WD,8784,8784,100.0
ITO,2024,RF (mm),RF,8784,8784,100.0
ITO,2024,TOT-RF (mm),TOT-RF,8784,8784,100.0
ITO,2024,SR (W/mt2),SR,8784,8784,100.0
ITO,2024,BP (mmHg),BP,8784,8784,100.0
ITO,2024,VWS (m/s),VWS,8784,8784,100.0
ITO,2025,Timestamp,Timestamp,8760,0,0.0
ITO,2025,PM2.5 (µg/m³),PM2.5,8760,488,5.57
ITO,2025,PM10 (µg/m³),PM10,8760,494,5.64
ITO,2025,NO (µg/m³),NO,8760,104,1.19
ITO,2025,NO2 (µg/m³),NO2,8760,109,1.24
ITO,2025,NOx (ppb),NOx,8760,105,1.2
ITO,2025,NH3 (µg/m³),NH3,8760,104,1.19
ITO,2025,SO2 (µg/m³),SO2,8760,296,3.38
ITO,2025,CO (mg/m³),CO,8760,109,1.24
ITO,2025,Ozone (µg/m³),Ozone,8760,105,1.2
ITO,2025,Benzene (µg/m³),Benzene,8760,106,1.21
ITO,2025,Toluene (µg/m³),Toluene,8760,8760,100.0
ITO,2025,Xylene (µg/m³),Xylene,8760,8760,100.0
ITO,2025,O Xylene (µg/m³),O Xylene,8760,8760,100.0
ITO,2025,Eth-Benzene (µg/m³),Eth-Benzene,8760,8760,100.0
ITO,2025,MP-Xylene (µg/m³),MP-Xylene,8760,8760,100.0
ITO,2025,AT (°C),AT,8760,8760,100.0
ITO,2025,RH (%),RH,8760,8760,100.0
ITO,2025,WS (m/s),WS,8760,8760,100.0
ITO,2025,WD (deg),WD,8760,8760,100.0
ITO,2025,RF (mm),RF,8760,8760,100.0
ITO,2025,TOT-RF (mm),TOT-RF,8760,8760,100.0
ITO,2025,SR (W/mt2),SR,8760,8760,100.0
ITO,2025,BP (mmHg),BP,8760,8760,100.0
ITO,2025,VWS (m/s),VWS,8760,8760,100.0
Jahangirpuri,2022,Timestamp,Timestamp,8760,0,0.0
Jahangirpuri,2022,PM2.5 (µg/m³),PM2.5,8760,275,3.14
Jahangirpuri,2022,PM10 (µg/m³),PM10,8760,269,3.07
Jahangirpuri,2022,NO (µg/m³),NO,8760,451,5.15
Jahangirpuri,2022,NO2 (µg/m³),NO2,8760,241,2.75
Jahangirpuri,2022,NOx (ppb),NOx,8760,249,2.84
Jahangirpuri,2022,NH3 (µg/m³),NH3,8760,315,3.6
Jahangirpuri,2022,SO2 (µg/m³),SO2,8760,586,6.69
Jahangirpuri,2022,CO (mg/m³),CO,8760,370,4.22
Jahangirpuri,2022,Ozone (µg/m³),Ozone,8760,482,5.5
Jahangirpuri,2022,Benzene (µg/m³),Benzene,8760,8760,100.0
Jahangirpuri,2022,Toluene (µg/m³),Toluene,8760,406,4.63
Jahangirpuri,2022,Xylene (µg/m³),Xylene,8760,8760,100.0
Jahangirpuri,2022,O Xylene (µg/m³),O Xylene,8760,8760,100.0
Jahangirpuri,2022,Eth-Benzene (µg/m³),Eth-Benzene,8760,8760,100.0
Jahangirpuri,2022,MP-Xylene (µg/m³),MP-Xylene,8760,8760,100.0
Jahangirpuri,2022,AT (°C),AT,8760,259,2.96
Jahangirpuri,2022,RH (%),RH,8760,258,2.95
Jahangirpuri,2022,WS (m/s),WS,8760,253,2.89
Jahangirpuri,2022,WD (deg),WD,8760,253,2.89
Jahangirpuri,2022,RF (mm),RF,8760,256,2.92
Jahangirpuri,2022,TOT-RF (mm),TOT-RF,8760,0,0.0
Jahangirpuri,2022,SR (W/mt2),SR,8760,260,2.97
Jahangirpuri,2022,BP (mmHg),BP,8760,260,2.97
Jahangirpuri,2022,VWS (m/s),VWS,8760,8760,100.0
Jahangirpuri,2023,Timestamp,Timestamp,8760,0,0.0
Jahangirpuri,2023,PM2.5 (µg/m³),PM2.5,8760,452,5.16
Jahangirpuri,2023,PM10 (µg/m³),PM10,8760,490,5.59
Jahangirpuri,2023,NO (µg/m³),NO,8760,426,4.86
Jahangirpuri,2023,NO2 (µg/m³),NO2,8760,388,4.43
Jahangirpuri,2023,NOx (ppb),NOx,8760,399,4.55
Jahangirpuri,2023,NH3 (µg/m³),NH3,8760,476,5.43
Jahangirpuri,2023,SO2 (µg/m³),SO2,8760,706,8.06
Jahangirpuri,2023,CO (mg/m³),CO,8760,449,5.13
Jahangirpuri,2023,Ozone (µg/m³),Ozone,8760,542,6.19
Jahangirpuri,2023,Benzene (µg/m³),Benzene,8760,8760,100.0
Jahangirpuri,2023,Toluene (µg/m³),Toluene,8760,914,10.43
Jahangirpuri,2023,Xylene (µg/m³),Xylene,8760,8760,100.0
Jahangirpuri,2023,O Xylene (µg/m³),O Xylene,8760,8760,100.0
Jahangirpuri,2023,Eth-Benzene (µg/m³),Eth-Benzene,8760,8760,100.0
Jahangirpuri,2023,MP-Xylene (µg/m³),MP-Xylene,8760,8760,100.0
Jahangirpuri,2023,AT (°C),AT,8760,291,3.32
Jahangirpuri,2023,RH (%),RH,8760,291,3.32
Jahangirpuri,2023,WS (m/s),WS,8760,290,3.31
Jahangirpuri,2023,WD (deg),WD,8760,290,3.31
Jahangirpuri,2023,RF (mm),RF,8760,290,3.31
Jahangirpuri,2023,TOT-RF (mm),TOT-RF,8760,0,0.0
Jahangirpuri,2023,SR (W/mt2),SR,8760,291,3.32
Jahangirpuri,2023,BP (mmHg),BP,8760,291,3.32
Jahangirpuri,2023,VWS (m/s),VWS,8760,8760,100.0
Jahangirpuri,2024,Timestamp,Timestamp,8784,0,0.0
Jahangirpuri,2024,PM2.5 (µg/m³),PM2.5,8784,330,3.76
Jahangirpuri,2024,PM10 (µg/m³),PM10,8784,414,4.71
Jahangirpuri,2024,NO (µg/m³),NO,8784,324,3.69
Jahangirpuri,2024,NO2 (µg/m³),NO2,8784,385,4.38
Jahangirpuri,2024,NOx (ppb),NOx,8784,299,3.4
Jahangirpuri,2024,NH3 (µg/m³),NH3,8784,497,5.66
Jahangirpuri,2024,SO2 (µg/m³),SO2,8784,476,5.42
Jahangirpuri,2024,CO (mg/m³),CO,8784,339,3.86
Jahangirpuri,2024,Ozone (µg/m³),Ozone,8784,347,3.95
Jahangirpuri,2024,Benzene (µg/m³),Benzene,8784,530,6.03
Jahangirpuri,2024,Toluene (µg/m³),Toluene,8784,460,5.24
Jahangirpuri,2024,Xylene (µg/m³),Xylene,8784,8784,100.0
Jahangirpuri,2024,O Xylene (µg/m³),O Xylene,8784,8784,100.0
Jahangirpuri,2024,Eth-Benzene (µg/m³),Eth-Benzene,8784,8784,100.0
Jahangirpuri,2024,MP-Xylene (µg/m³),MP-Xylene,8784,8784,100.0
Jahangirpuri,2024,AT (°C),AT,8784,324,3.69
Jahangirpuri,2024,RH (%),RH,8784,324,3.69
Jahangirpuri,2024,WS (m/s),WS,8784,378,4.3
Jahangirpuri,2024,WD (deg),WD,8784,401,4.57
Jahangirpuri,2024,RF (mm),RF,8784,324,3.69
Jahangirpuri,2024,TOT-RF (mm),TOT-RF,8784,0,0.0
Jahangirpuri,2024,SR (W/mt2),SR,8784,324,3.69
Jahangirpuri,2024,BP (mmHg),BP,8784,362,4.12
Jahangirpuri,2024,VWS (m/s),VWS,8784,8784,100.0
Jahangirpuri,2025,Timestamp,Timestamp,8760,0,0.0
Jahangirpuri,2025,PM2.5 (µg/m³),PM2.5,8760,388,4.43
Jahangirpuri,2025,PM10 (µg/m³),PM10,8760,372,4.25
Jahangirpuri,2025,NO (µg/m³),NO,8760,204,2.33
Jahangirpuri,2025,NO2 (µg/m³),NO2,8760,201,2.29
Jahangirpuri,2025,NOx (ppb),NOx,8760,193,2.2
Jahangirpuri,2025,NH3 (µg/m³),NH3,8760,256,2.92
Jahangirpuri,2025,SO2 (µg/m³),SO2,8760,496,5.66
Jahangirpuri,2025,CO (mg/m³),CO,8760,192,2.19
Jahangirpuri,2025,Ozone (µg/m³),Ozone,8760,239,2.73
Jahangirpuri,2025,Benzene (µg/m³),Benzene,8760,321,3.66
Jahangirpuri,2025,Toluene (µg/m³),Toluene,8760,457,5.22
Jahangirpuri,2025,Xylene (µg/m³),Xylene,8760,8760,100.0
Jahangirpuri,2025,O Xylene (µg/m³),O Xylene,8760,8760,100.0
Jahangirpuri,2025,Eth-Benzene (µg/m³),Eth-Benzene,8760,8760,100.0
Jahangirpuri,2025,MP-Xylene (µg/m³),MP-Xylene,8760,8760,100.0
Jahangirpuri,2025,AT (°C),AT,8760,227,2.59
Jahangirpuri,2025,RH (%),RH,8760,213,2.43
Jahangirpuri,2025,WS (m/s),WS,8760,330,3.77
Jahangirpuri,2025,WD (deg),WD,8760,485,5.54
Jahangirpuri,2025,RF (mm),RF,8760,213,2.43
Jahangirpuri,2025,TOT-RF (mm),TOT-RF,8760,0,0.0
Jahangirpuri,2025,SR (W/mt2),SR,8760,214,2.44
Jahangirpuri,2025,BP (mmHg),BP,8760,214,2.44
Jahangirpuri,2025,VWS (m/s),VWS,8760,8760,100.0
Jawaharlal_Nehru_Stadium,2022,Timestamp,Timestamp,8760,0,0.0
Jawaharlal_Nehru_Stadium,2022,PM2.5 (µg/m³),PM2.5,8760,450,5.14
Jawaharlal_Nehru_Stadium,2022,PM10 (µg/m³),PM10,8760,496,5.66
Jawaharlal_Nehru_Stadium,2022,NO (µg/m³),NO,8760,595,6.79
Jawaharlal_Nehru_Stadium,2022,NO2 (µg/m³),NO2,8760,482,5.5
Jawaharlal_Nehru_Stadium,2022,NOx (ppb),NOx,8760,557,6.36
Jawaharlal_Nehru_Stadium,2022,NH3 (µg/m³),NH3,8760,663,7.57
Jawaharlal_Nehru_Stadium,2022,SO2 (µg/m³),SO2,8760,592,6.76
Jawaharlal_Nehru_Stadium,2022,CO (mg/m³),CO,8760,539,6.15
Jawaharlal_Nehru_Stadium,2022,Ozone (µg/m³),Ozone,8760,719,8.21
Jawaharlal_Nehru_Stadium,2022,Benzene (µg/m³),Benzene,8760,556,6.35
Jawaharlal_Nehru_Stadium,2022,Toluene (µg/m³),Toluene,8760,556,6.35
Jawaharlal_Nehru_Stadium,2022,Xylene (µg/m³),Xylene,8760,8760,100.0
Jawaharlal_Nehru_Stadium,2022,O Xylene (µg/m³),O Xylene,8760,8760,100.0
Jawaharlal_Nehru_Stadium,2022,Eth-Benzene (µg/m³),Eth-Benzene,8760,8760,100.0
Jawaharlal_Nehru_Stadium,2022,MP-Xylene (µg/m³),MP-Xylene,8760,8760,100.0
Jawaharlal_Nehru_Stadium,2022,AT (°C),AT,8760,408,4.66
Jawaharlal_Nehru_Stadium,2022,RH (%),RH,8760,408,4.66
Jawaharlal_Nehru_Stadium,2022,WS (m/s),WS,8760,406,4.63
Jawaharlal_Nehru_Stadium,2022,WD (deg),WD,8760,406,4.63
Jawaharlal_Nehru_Stadium,2022,RF (mm),RF,8760,408,4.66
Jawaharlal_Nehru_Stadium,2022,TOT-RF (mm),TOT-RF,8760,0,0.0
Jawaharlal_Nehru_Stadium,2022,SR (W/mt2),SR,8760,408,4.66
Jawaharlal_Nehru_Stadium,2022,BP (mmHg),BP,8760,412,4.7
Jawaharlal_Nehru_Stadium,2022,VWS (m/s),VWS,8760,8760,100.0
Jawaharlal_Nehru_Stadium,2023,Timestamp,Timestamp,8760,0,0.0
Jawaharlal_Nehru_Stadium,2023,PM2.5 (µg/m³),PM2.5,8760,427,4.87
Jawaharlal_Nehru_Stadium,2023,PM10 (µg/m³),PM10,8760,1344,15.34
Jawaharlal_Nehru_Stadium,2023,NO (µg/m³),NO,8760,495,5.65
Jawaharlal_Nehru_Stadium,2023,NO2 (µg/m³),NO2,8760,492,5.62
Jawaharlal_Nehru_Stadium,2023,NOx (ppb),NOx,8760,494,5.64
Jawaharlal_Nehru_Stadium,2023,NH3 (µg/m³),NH3,8760,427,4.87
Jawaharlal_Nehru_Stadium,2023,SO2 (µg/m³),SO2,8760,561,6.4
Jawaharlal_Nehru_Stadium,2023,CO (mg/m³),CO,8760,435,4.97
Jawaharlal_Nehru_Stadium,2023,Ozone (µg/m³),Ozone,8760,574,6.55
Jawaharlal_Nehru_Stadium,2023,Benzene (µg/m³),Benzene,8760,3435,39.21
Jawaharlal_Nehru_Stadium,2023,Toluene (µg/m³),Toluene,8760,3435,39.21
Jawaharlal_Nehru_Stadium,2023,Xylene (µg/m³),Xylene,8760,8760,100.0
Jawaharlal_Nehru_Stadium,2023,O Xylene (µg/m³),O Xylene,8760,8760,100.0
Jawaharlal_Nehru_Stadium,2023,Eth-Benzene (µg/m³),Eth-Benzene,8760,8760,100.0
Jawaharlal_Nehru_Stadium,2023,MP-Xylene (µg/m³),MP-Xylene,8760,8760,100.0
Jawaharlal_Nehru_Stadium,2023,AT (°C),AT,8760,291,3.32
Jawaharlal_Nehru_Stadium,2023,RH (%),RH,8760,291,3.32
Jawaharlal_Nehru_Stadium,2023,WS (m/s),WS,8760,289,3.3
Jawaharlal_Nehru_Stadium,2023,WD (deg),WD,8760,289,3.3
Jawaharlal_Nehru_Stadium,2023,RF (mm),RF,8760,292,3.33
Jawaharlal_Nehru_Stadium,2023,TOT-RF (mm),TOT-RF,8760,0,0.0
Jawaharlal_Nehru_Stadium,2023,SR (W/mt2),SR,8760,292,3.33
Jawaharlal_Nehru_Stadium,2023,BP (mmHg),BP,8760,292,3.33
Jawaharlal_Nehru_Stadium,2023,VWS (m/s),VWS,8760,8760,100.0
Jawaharlal_Nehru_Stadium,2024,Timestamp,Timestamp,8784,0,0.0
Jawaharlal_Nehru_Stadium,2024,PM2.5 (µg/m³),PM2.5,8784,180,2.05
Jawaharlal_Nehru_Stadium,2024,PM10 (µg/m³),PM10,8784,153,1.74
Jawaharlal_Nehru_Stadium,2024,NO (µg/m³),NO,8784,143,1.63
Jawaharlal_Nehru_Stadium,2024,NO2 (µg/m³),NO2,8784,146,1.66
Jawaharlal_Nehru_Stadium,2024,NOx (ppb),NOx,8784,121,1.38
Jawaharlal_Nehru_Stadium,2024,NH3 (µg/m³),NH3,8784,124,1.41
Jawaharlal_Nehru_Stadium,2024,SO2 (µg/m³),SO2,8784,250,2.85
Jawaharlal_Nehru_Stadium,2024,CO (mg/m³),CO,8784,270,3.07
Jawaharlal_Nehru_Stadium,2024,Ozone (µg/m³),Ozone,8784,490,5.58
Jawaharlal_Nehru_Stadium,2024,Benzene (µg/m³),Benzene,8784,111,1.26
Jawaharlal_Nehru_Stadium,2024,Toluene (µg/m³),Toluene,8784,111,1.26
Jawaharlal_Nehru_Stadium,2024,Xylene (µg/m³),Xylene,8784,8784,100.0
Jawaharlal_Nehru_Stadium,2024,O Xylene (µg/m³),O Xylene,8784,8784,100.0
Jawaharlal_Nehru_Stadium,2024,Eth-Benzene (µg/m³),Eth-Benzene,8784,8784,100.0
Jawaharlal_Nehru_Stadium,2024,MP-Xylene (µg/m³),MP-Xylene,8784,8784,100.0
Jawaharlal_Nehru_Stadium,2024,AT (°C),AT,8784,131,1.49
Jawaharlal_Nehru_Stadium,2024,RH (%),RH,8784,104,1.18
Jawaharlal_Nehru_Stadium,2024,WS (m/s),WS,8784,104,1.18
Jawaharlal_Nehru_Stadium,2024,WD (deg),WD,8784,3672,41.8
Jawaharlal_Nehru_Stadium,2024,RF (mm),RF,8784,104,1.18
Jawaharlal_Nehru_Stadium,2024,TOT-RF (mm),TOT-RF,8784,0,0.0
Jawaharlal_Nehru_Stadium,2024,SR (W/mt2),SR,8784,104,1.18
Jawaharlal_Nehru_Stadium,2024,BP (mmHg),BP,8784,109,1.24
Jawaharlal_Nehru_Stadium,2024,VWS (m/s),VWS,8784,8784,100.0
Jawaharlal_Nehru_Stadium,2025,Timestamp,Timestamp,8760,0,0.0
Jawaharlal_Nehru_Stadium,2025,PM2.5 (µg/m³),PM2.5,8760,335,3.82
Jawaharlal_Nehru_Stadium,2025,PM10 (µg/m³),PM10,8760,306,3.49
Jawaharlal_Nehru_Stadium,2025,NO (µg/m³),NO,8760,349,3.98
Jawaharlal_Nehru_Stadium,2025,NO2 (µg/m³),NO2,8760,200,2.28
Jawaharlal_Nehru_Stadium,2025,NOx (ppb),NOx,8760,192,2.19
Jawaharlal_Nehru_Stadium,2025,NH3 (µg/m³),NH3,8760,213,2.43
Jawaharlal_Nehru_Stadium,2025,SO2 (µg/m³),SO2,8760,321,3.66
Jawaharlal_Nehru_Stadium,2025,CO (mg/m³),CO,8760,330,3.77
Jawaharlal_Nehru_Stadium,2025,Ozone (µg/m³),Ozone,8760,503,5.74
Jawaharlal_Nehru_Stadium,2025,Benzene (µg/m³),Benzene,8760,242,2.76
Jawaharlal_Nehru_Stadium,2025,Toluene (µg/m³),Toluene,8760,219,2.5
Jawaharlal_Nehru_Stadium,2025,Xylene (µg/m³),Xylene,8760,8760,100.0
Jawaharlal_Nehru_Stadium,2025,O Xylene (µg/m³),O Xylene,8760,8760,100.0
Jawaharlal_Nehru_Stadium,2025,Eth-Benzene (µg/m³),Eth-Benzene,8760,8760,100.0
Jawaharlal_Nehru_Stadium,2025,MP-Xylene (µg/m³),MP-Xylene,8760,8760,100.0
Jawaharlal_Nehru_Stadium,2025,AT (°C),AT,8760,218,2.49
Jawaharlal_Nehru_Stadium,2025,RH (%),RH,8760,222,2.53
Jawaharlal_Nehru_Stadium,2025,WS (m/s),WS,8760,218,2.49
Jawaharlal_Nehru_Stadium,2025,WD (deg),WD,8760,228,2.6
Jawaharlal_Nehru_Stadium,2025,RF (mm),RF,8760,218,2.49
Jawaharlal_Nehru_Stadium,2025,TOT-RF (mm),TOT-RF,8760,0,0.0
Jawaharlal_Nehru_Stadium,2025,SR (W/mt2),SR,8760,218,2.49
Jawaharlal_Nehru_Stadium,2025,BP (mmHg),BP,8760,338,3.86
Jawaharlal_Nehru_Stadium,2025,VWS (m/s),VWS,8760,8760,100.0
JNU,2025,Timestamp,Timestamp,8760,0,0.0
JNU,2025,PM2.5 (µg/m³),PM2.5,8760,8760,100.0
JNU,2025,PM10 (µg/m³),PM10,8760,8760,100.0
JNU,2025,NO (µg/m³),NO,8760,8760,100.0
JNU,2025,NO2 (µg/m³),NO2,8760,8760,100.0
JNU,2025,NOx (ppb),NOx,8760,8760,100.0
JNU,2025,NH3 (µg/m³),NH3,8760,8760,100.0
JNU,2025,SO2 (µg/m³),SO2,8760,8760,100.0
JNU,2025,CO (mg/m³),CO,8760,8760,100.0
JNU,2025,Ozone (µg/m³),Ozone,8760,8760,100.0
JNU,2025,Benzene (µg/m³),Benzene,8760,8760,100.0
JNU,2025,Toluene (µg/m³),Toluene,8760,8760,100.0
JNU,2025,Xylene (µg/m³),Xylene,8760,8760,100.0
JNU,2025,O Xylene (µg/m³),O Xylene,8760,8760,100.0
JNU,2025,Eth-Benzene (µg/m³),Eth-Benzene,8760,8760,100.0
JNU,2025,MP-Xylene (µg/m³),MP-Xylene,8760,8760,100.0
JNU,2025,AT (°C),AT,8760,8760,100.0
JNU,2025,RH (%),RH,8760,8760,100.0
JNU,2025,WS (m/s),WS,8760,8760,100.0
JNU,2025,WD (deg),WD,8760,8760,100.0
JNU,2025,RF (mm),RF,8760,8760,100.0
JNU,2025,TOT-RF (mm),TOT-RF,8760,0,0.0
JNU,2025,SR (W/mt2),SR,8760,8760,100.0
JNU,2025,BP (mmHg),BP,8760,8760,100.0
JNU,2025,VWS (m/s),VWS,8760,8760,100.0
Lodhi_Road,2022,Timestamp,Timestamp,8760,0,0.0
Lodhi_Road,2022,PM2.5 (µg/m³),PM2.5,8760,4617,52.71
Lodhi_Road,2022,PM10 (µg/m³),PM10,8760,4643,53.0
Lodhi_Road,2022,NO (µg/m³),NO,8760,8760,100.0
Lodhi_Road,2022,NO2 (µg/m³),NO2,8760,4449,50.79
Lodhi_Road,2022,NOx (ppb),NOx,8760,8760,100.0
Lodhi_Road,2022,NH3 (µg/m³),NH3,8760,6225,71.06
Lodhi_Road,2022,SO2 (µg/m³),SO2,8760,4583,52.32
Lodhi_Road,2022,CO (mg/m³),CO,8760,6225,71.06
Lodhi_Road,2022,Ozone (µg/m³),Ozone,8760,6225,71.06
Lodhi_Road,2022,Benzene (µg/m³),Benzene,8760,6226,71.07
Lodhi_Road,2022,Toluene (µg/m³),Toluene,8760,8760,100.0
Lodhi_Road,2022,Xylene (µg/m³),Xylene,8760,8760,100.0
Lodhi_Road,2022,O Xylene (µg/m³),O Xylene,8760,8760,100.0
Lodhi_Road,2022,Eth-Benzene (µg/m³),Eth-Benzene,8760,8760,100.0
Lodhi_Road,2022,MP-Xylene (µg/m³),MP-Xylene,8760,8760,100.0
Lodhi_Road,2022,AT (°C),AT,8760,8760,100.0
Lodhi_Road,2022,RH (%),RH,8760,4642,52.99
Lodhi_Road,2022,WS (m/s),WS,8760,6341,72.39
Lodhi_Road,2022,WD (deg),WD,8760,6342,72.4
Lodhi_Road,2022,RF (mm),RF,8760,6224,71.05
Lodhi_Road,2022,TOT-RF (mm),TOT-RF,8760,0,0.0
Lodhi_Road,2022,SR (W/mt2),SR,8760,4449,50.79
Lodhi_Road,2022,BP (mmHg),BP,8760,8760,100.0
Lodhi_Road,2022,VWS (m/s),VWS,8760,8760,100.0
Lodhi_Road,2023,Timestamp,Timestamp,8760,0,0.0
Lodhi_Road,2023,PM2.5 (µg/m³),PM2.5,8760,7454,85.09
Lodhi_Road,2023,PM10 (µg/m³),PM10,8760,7476,85.34
Lodhi_Road,2023,NO (µg/m³),NO,8760,8760,100.0
Lodhi_Road,2023,NO2 (µg/m³),NO2,8760,6558,74.86
Lodhi_Road,2023,NOx (ppb),NOx,8760,8760,100.0
Lodhi_Road,2023,NH3 (µg/m³),NH3,8760,8556,97.67
Lodhi_Road,2023,SO2 (µg/m³),SO2,8760,6733,76.86
Lodhi_Road,2023,CO (mg/m³),CO,8760,8556,97.67
Lodhi_Road,2023,Ozone (µg/m³),Ozone,8760,8556,97.67
Lodhi_Road,2023,Benzene (µg/m³),Benzene,8760,8556,97.67
Lodhi_Road,2023,Toluene (µg/m³),Toluene,8760,8760,100.0
Lodhi_Road,2023,Xylene (µg/m³),Xylene,8760,8760,100.0
Lodhi_Road,2023,O Xylene (µg/m³),O Xylene,8760,8760,100.0
Lodhi_Road,2023,Eth-Benzene (µg/m³),Eth-Benzene,8760,8760,100.0
Lodhi_Road,2023,MP-Xylene (µg/m³),MP-Xylene,8760,8760,100.0
Lodhi_Road,2023,AT (°C),AT,8760,8760,100.0
Lodhi_Road,2023,RH (%),RH,8760,7464,85.21
Lodhi_Road,2023,WS (m/s),WS,8760,6538,74.63
Lodhi_Road,2023,WD (deg),WD,8760,6537,74.62
Lodhi_Road,2023,RF (mm),RF,8760,8555,97.66
Lodhi_Road,2023,TOT-RF (mm),TOT-RF,8760,0,0.0
Lodhi_Road,2023,SR (W/mt2),SR,8760,6520,74.43
Lodhi_Road,2023,BP (mmHg),BP,8760,8760,100.0
Lodhi_Road,2023,VWS (m/s),VWS,8760,8760,100.0
Lodhi_Road,2024,Timestamp,Timestamp,8784,0,0.0
Lodhi_Road,2024,PM2.5 (µg/m³),PM2.5,8784,3429,39.04
Lodhi_Road,2024,PM10 (µg/m³),PM10,8784,3936,44.81
Lodhi_Road,2024,NO (µg/m³),NO,8784,8784,100.0
Lodhi_Road,2024,NO2 (µg/m³),NO2,8784,3956,45.04
Lodhi_Road,2024,NOx (ppb),NOx,8784,8784,100.0
Lodhi_Road,2024,NH3 (µg/m³),NH3,8784,6627,75.44
Lodhi_Road,2024,SO2 (µg/m³),SO2,8784,3939,44.84
Lodhi_Road,2024,CO (mg/m³),CO,8784,6634,75.52
Lodhi_Road,2024,Ozone (µg/m³),Ozone,8784,6628,75.46
Lodhi_Road,2024,Benzene (µg/m³),Benzene,8784,4759,54.18
Lodhi_Road,2024,Toluene (µg/m³),Toluene,8784,8784,100.0
Lodhi_Road,2024,Xylene (µg/m³),Xylene,8784,8784,100.0
Lodhi_Road,2024,O Xylene (µg/m³),O Xylene,8784,8784,100.0
Lodhi_Road,2024,Eth-Benzene (µg/m³),Eth-Benzene,8784,8784,100.0
Lodhi_Road,2024,MP-Xylene (µg/m³),MP-Xylene,8784,8784,100.0
Lodhi_Road,2024,AT (°C),AT,8784,8784,100.0
Lodhi_Road,2024,RH (%),RH,8784,4371,49.76
Lodhi_Road,2024,WS (m/s),WS,8784,4794,54.58
Lodhi_Road,2024,WD (deg),WD,8784,4794,54.58
Lodhi_Road,2024,RF (mm),RF,8784,3102,35.31
Lodhi_Road,2024,TOT-RF (mm),TOT-RF,8784,0,0.0
Lodhi_Road,2024,SR (W/mt2),SR,8784,4794,54.58
Lodhi_Road,2024,BP (mmHg),BP,8784,8784,100.0
Lodhi_Road,2024,VWS (m/s),VWS,8784,8784,100.0
Lodhi_Road,2025,Timestamp,Timestamp,8760,0,0.0
Lodhi_Road,2025,PM2.5 (µg/m³),PM2.5,8760,1256,14.34
Lodhi_Road,2025,PM10 (µg/m³),PM10,8760,1239,14.14
Lodhi_Road,2025,NO (µg/m³),NO,8760,8760,100.0
Lodhi_Road,2025,NO2 (µg/m³),NO2,8760,1221,13.94
Lodhi_Road,2025,NOx (ppb),NOx,8760,8760,100.0
Lodhi_Road,2025,NH3 (µg/m³),NH3,8760,8760,100.0
Lodhi_Road,2025,SO2 (µg/m³),SO2,8760,1023,11.68
Lodhi_Road,2025,CO (mg/m³),CO,8760,8760,100.0
Lodhi_Road,2025,Ozone (µg/m³),Ozone,8760,8760,100.0
Lodhi_Road,2025,Benzene (µg/m³),Benzene,8760,5572,63.61
Lodhi_Road,2025,Toluene (µg/m³),Toluene,8760,8760,100.0
Lodhi_Road,2025,Xylene (µg/m³),Xylene,8760,8760,100.0
Lodhi_Road,2025,O Xylene (µg/m³),O Xylene,8760,8760,100.0
Lodhi_Road,2025,Eth-Benzene (µg/m³),Eth-Benzene,8760,8760,100.0
Lodhi_Road,2025,MP-Xylene (µg/m³),MP-Xylene,8760,8760,100.0
Lodhi_Road,2025,AT (°C),AT,8760,8760,100.0
Lodhi_Road,2025,RH (%),RH,8760,1094,12.49
Lodhi_Road,2025,WS (m/s),WS,8760,1116,12.74
Lodhi_Road,2025,WD (deg),WD,8760,1118,12.76
Lodhi_Road,2025,RF (mm),RF,8760,912,10.41
Lodhi_Road,2025,TOT-RF (mm),TOT-RF,8760,0,0.0
Lodhi_Road,2025,SR (W/mt2),SR,8760,5141,58.69
Lodhi_Road,2025,BP (mmHg),BP,8760,8760,100.0
Lodhi_Road,2025,VWS (m/s),VWS,8760,8760,100.0
Major_Dhyan_Chand_National_Stadium,2022,Timestamp,Timestamp,8760,0,0.0
Major_Dhyan_Chand_National_Stadium,2022,PM2.5 (µg/m³),PM2.5,8760,195,2.23
Major_Dhyan_Chand_National_Stadium,2022,PM10 (µg/m³),PM10,8760,278,3.17
Major_Dhyan_Chand_National_Stadium,2022,NO (µg/m³),NO,8760,274,3.13
Major_Dhyan_Chand_National_Stadium,2022,NO2 (µg/m³),NO2,8760,172,1.96
Major_Dhyan_Chand_National_Stadium,2022,NOx (ppb),NOx,8760,344,3.93
Major_Dhyan_Chand_National_Stadium,2022,NH3 (µg/m³),NH3,8760,255,2.91
Major_Dhyan_Chand_National_Stadium,2022,SO2 (µg/m³),SO2,8760,144,1.64
Major_Dhyan_Chand_National_Stadium,2022,CO (mg/m³),CO,8760,512,5.84
Major_Dhyan_Chand_National_Stadium,2022,Ozone (µg/m³),Ozone,8760,281,3.21
Major_Dhyan_Chand_National_Stadium,2022,Benzene (µg/m³),Benzene,8760,165,1.88
Major_Dhyan_Chand_National_Stadium,2022,Toluene (µg/m³),Toluene,8760,165,1.88
Major_Dhyan_Chand_National_Stadium,2022,Xylene (µg/m³),Xylene,8760,8760,100.0
Major_Dhyan_Chand_National_Stadium,2022,O Xylene (µg/m³),O Xylene,8760,8760,100.0
Major_Dhyan_Chand_National_Stadium,2022,Eth-Benzene (µg/m³),Eth-Benzene,8760,8760,100.0
Major_Dhyan_Chand_National_Stadium,2022,MP-Xylene (µg/m³),MP-Xylene,8760,8760,100.0
Major_Dhyan_Chand_National_Stadium,2022,AT (°C),AT,8760,116,1.32
Major_Dhyan_Chand_National_Stadium,2022,RH (%),RH,8760,116,1.32
Major_Dhyan_Chand_National_Stadium,2022,WS (m/s),WS,8760,116,1.32
Major_Dhyan_Chand_National_Stadium,2022,WD (deg),WD,8760,116,1.32
Major_Dhyan_Chand_National_Stadium,2022,RF (mm),RF,8760,116,1.32
Major_Dhyan_Chand_National_Stadium,2022,TOT-RF (mm),TOT-RF,8760,0,0.0
Major_Dhyan_Chand_National_Stadium,2022,SR (W/mt2),SR,8760,144,1.64
Major_Dhyan_Chand_National_Stadium,2022,BP (mmHg),BP,8760,118,1.35
Major_Dhyan_Chand_National_Stadium,2022,VWS (m/s),VWS,8760,8760,100.0
Major_Dhyan_Chand_National_Stadium,2023,Timestamp,Timestamp,8760,0,0.0
Major_Dhyan_Chand_National_Stadium,2023,PM2.5 (µg/m³),PM2.5,8760,300,3.42
Major_Dhyan_Chand_National_Stadium,2023,PM10 (µg/m³),PM10,8760,294,3.36
Major_Dhyan_Chand_National_Stadium,2023,NO (µg/m³),NO,8760,384,4.38
Major_Dhyan_Chand_National_Stadium,2023,NO2 (µg/m³),NO2,8760,355,4.05
Major_Dhyan_Chand_National_Stadium,2023,NOx (ppb),NOx,8760,422,4.82
Major_Dhyan_Chand_National_Stadium,2023,NH3 (µg/m³),NH3,8760,774,8.84
Major_Dhyan_Chand_National_Stadium,2023,SO2 (µg/m³),SO2,8760,261,2.98
Major_Dhyan_Chand_National_Stadium,2023,CO (mg/m³),CO,8760,908,10.37
Major_Dhyan_Chand_National_Stadium,2023,Ozone (µg/m³),Ozone,8760,445,5.08
Major_Dhyan_Chand_National_Stadium,2023,Benzene (µg/m³),Benzene,8760,715,8.16
Major_Dhyan_Chand_National_Stadium,2023,Toluene (µg/m³),Toluene,8760,717,8.18
Major_Dhyan_Chand_National_Stadium,2023,Xylene (µg/m³),Xylene,8760,8760,100.0
Major_Dhyan_Chand_National_Stadium,2023,O Xylene (µg/m³),O Xylene,8760,8760,100.0
Major_Dhyan_Chand_National_Stadium,2023,Eth-Benzene (µg/m³),Eth-Benzene,8760,8760,100.0
Major_Dhyan_Chand_National_Stadium,2023,MP-Xylene (µg/m³),MP-Xylene,8760,8760,100.0
Major_Dhyan_Chand_National_Stadium,2023,AT (°C),AT,8760,221,2.52
Major_Dhyan_Chand_National_Stadium,2023,RH (%),RH,8760,221,2.52
Major_Dhyan_Chand_National_Stadium,2023,WS (m/s),WS,8760,218,2.49
Major_Dhyan_Chand_National_Stadium,2023,WD (deg),WD,8760,218,2.49
Major_Dhyan_Chand_National_Stadium,2023,RF (mm),RF,8760,221,2.52
Major_Dhyan_Chand_National_Stadium,2023,TOT-RF (mm),TOT-RF,8760,0,0.0
Major_Dhyan_Chand_National_Stadium,2023,SR (W/mt2),SR,8760,221,2.52
Major_Dhyan_Chand_National_Stadium,2023,BP (mmHg),BP,8760,221,2.52
Major_Dhyan_Chand_National_Stadium,2023,VWS (m/s),VWS,8760,8760,100.0
Major_Dhyan_Chand_National_Stadium,2024,Timestamp,Timestamp,8784,0,0.0
Major_Dhyan_Chand_National_Stadium,2024,PM2.5 (µg/m³),PM2.5,8784,434,4.94
Major_Dhyan_Chand_National_Stadium,2024,PM10 (µg/m³),PM10,8784,428,4.87
Major_Dhyan_Chand_National_Stadium,2024,NO (µg/m³),NO,8784,233,2.65
Major_Dhyan_Chand_National_Stadium,2024,NO2 (µg/m³),NO2,8784,229,2.61
Major_Dhyan_Chand_National_Stadium,2024,NOx (ppb),NOx,8784,206,2.35
Major_Dhyan_Chand_National_Stadium,2024,NH3 (µg/m³),NH3,8784,534,6.08
Major_Dhyan_Chand_National_Stadium,2024,SO2 (µg/m³),SO2,8784,235,2.68
Major_Dhyan_Chand_National_Stadium,2024,CO (mg/m³),CO,8784,332,3.78
Major_Dhyan_Chand_National_Stadium,2024,Ozone (µg/m³),Ozone,8784,785,8.94
Major_Dhyan_Chand_National_Stadium,2024,Benzene (µg/m³),Benzene,8784,320,3.64
Major_Dhyan_Chand_National_Stadium,2024,Toluene (µg/m³),Toluene,8784,318,3.62
Major_Dhyan_Chand_National_Stadium,2024,Xylene (µg/m³),Xylene,8784,8784,100.0
Major_Dhyan_Chand_National_Stadium,2024,O Xylene (µg/m³),O Xylene,8784,8784,100.0
Major_Dhyan_Chand_National_Stadium,2024,Eth-Benzene (µg/m³),Eth-Benzene,8784,8784,100.0
Major_Dhyan_Chand_National_Stadium,2024,MP-Xylene (µg/m³),MP-Xylene,8784,8784,100.0
Major_Dhyan_Chand_National_Stadium,2024,AT (°C),AT,8784,201,2.29
Major_Dhyan_Chand_National_Stadium,2024,RH (%),RH,8784,201,2.29
Major_Dhyan_Chand_National_Stadium,2024,WS (m/s),WS,8784,201,2.29
Major_Dhyan_Chand_National_Stadium,2024,WD (deg),WD,8784,201,2.29
Major_Dhyan_Chand_National_Stadium,2024,RF (mm),RF,8784,201,2.29
Major_Dhyan_Chand_National_Stadium,2024,TOT-RF (mm),TOT-RF,8784,0,0.0
Major_Dhyan_Chand_National_Stadium,2024,SR (W/mt2),SR,8784,201,2.29
Major_Dhyan_Chand_National_Stadium,2024,BP (mmHg),BP,8784,201,2.29
Major_Dhyan_Chand_National_Stadium,2024,VWS (m/s),VWS,8784,8784,100.0
Major_Dhyan_Chand_National_Stadium,2025,Timestamp,Timestamp,8760,0,0.0
Major_Dhyan_Chand_National_Stadium,2025,PM2.5 (µg/m³),PM2.5,8760,324,3.7
Major_Dhyan_Chand_National_Stadium,2025,PM10 (µg/m³),PM10,8760,350,4.0
Major_Dhyan_Chand_National_Stadium,2025,NO (µg/m³),NO,8760,76,0.87
Major_Dhyan_Chand_National_Stadium,2025,NO2 (µg/m³),NO2,8760,71,0.81
Major_Dhyan_Chand_National_Stadium,2025,NOx (ppb),NOx,8760,71,0.81
Major_Dhyan_Chand_National_Stadium,2025,NH3 (µg/m³),NH3,8760,132,1.51
Major_Dhyan_Chand_National_Stadium,2025,SO2 (µg/m³),SO2,8760,208,2.37
Major_Dhyan_Chand_National_Stadium,2025,CO (mg/m³),CO,8760,296,3.38
Major_Dhyan_Chand_National_Stadium,2025,Ozone (µg/m³),Ozone,8760,170,1.94
Major_Dhyan_Chand_National_Stadium,2025,Benzene (µg/m³),Benzene,8760,109,1.24
Major_Dhyan_Chand_National_Stadium,2025,Toluene (µg/m³),Toluene,8760,110,1.26
Major_Dhyan_Chand_National_Stadium,2025,Xylene (µg/m³),Xylene,8760,8760,100.0
Major_Dhyan_Chand_National_Stadium,2025,O Xylene (µg/m³),O Xylene,8760,8760,100.0
Major_Dhyan_Chand_National_Stadium,2025,Eth-Benzene (µg/m³),Eth-Benzene,8760,8760,100.0
Major_Dhyan_Chand_National_Stadium,2025,MP-Xylene (µg/m³),MP-Xylene,8760,8760,100.0
Major_Dhyan_Chand_National_Stadium,2025,AT (°C),AT,8760,56,0.64
Major_Dhyan_Chand_National_Stadium,2025,RH (%),RH,8760,56,0.64
Major_Dhyan_Chand_National_Stadium,2025,WS (m/s),WS,8760,57,0.65
Major_Dhyan_Chand_National_Stadium,2025,WD (deg),WD,8760,57,0.65
Major_Dhyan_Chand_National_Stadium,2025,RF (mm),RF,8760,56,0.64
Major_Dhyan_Chand_National_Stadium,2025,TOT-RF (mm),TOT-RF,8760,0,0.0
Major_Dhyan_Chand_National_Stadium,2025,SR (W/mt2),SR,8760,56,0.64
Major_Dhyan_Chand_National_Stadium,2025,BP (mmHg),BP,8760,57,0.65
Major_Dhyan_Chand_National_Stadium,2025,VWS (m/s),VWS,8760,8760,100.0
Mandir_Marg,2022,Timestamp,Timestamp,8760,0,0.0
Mandir_Marg,2022,PM2.5 (µg/m³),PM2.5,8760,426,4.86
Mandir_Marg,2022,PM10 (µg/m³),PM10,8760,279,3.18
Mandir_Marg,2022,NO (µg/m³),NO,8760,402,4.59
Mandir_Marg,2022,NO2 (µg/m³),NO2,8760,374,4.27
Mandir_Marg,2022,NOx (ppb),NOx,8760,374,4.27
Mandir_Marg,2022,NH3 (µg/m³),NH3,8760,483,5.51
Mandir_Marg,2022,SO2 (µg/m³),SO2,8760,596,6.8
Mandir_Marg,2022,CO (mg/m³),CO,8760,818,9.34
Mandir_Marg,2022,Ozone (µg/m³),Ozone,8760,448,5.11
Mandir_Marg,2022,Benzene (µg/m³),Benzene,8760,771,8.8
Mandir_Marg,2022,Toluene (µg/m³),Toluene,8760,275,3.14
Mandir_Marg,2022,Xylene (µg/m³),Xylene,8760,275,3.14
Mandir_Marg,2022,O Xylene (µg/m³),O Xylene,8760,8760,100.0
Mandir_Marg,2022,Eth-Benzene (µg/m³),Eth-Benzene,8760,8760,100.0
Mandir_Marg,2022,MP-Xylene (µg/m³),MP-Xylene,8760,8760,100.0
Mandir_Marg,2022,AT (°C),AT,8760,275,3.14
Mandir_Marg,2022,RH (%),RH,8760,286,3.26
Mandir_Marg,2022,WS (m/s),WS,8760,233,2.66
Mandir_Marg,2022,WD (deg),WD,8760,233,2.66
Mandir_Marg,2022,RF (mm),RF,8760,8760,100.0
Mandir_Marg,2022,TOT-RF (mm),TOT-RF,8760,0,0.0
Mandir_Marg,2022,SR (W/mt2),SR,8760,233,2.66
Mandir_Marg,2022,BP (mmHg),BP,8760,233,2.66
Mandir_Marg,2022,VWS (m/s),VWS,8760,2082,23.77
Mandir_Marg,2023,Timestamp,Timestamp,8760,0,0.0
Mandir_Marg,2023,PM2.5 (µg/m³),PM2.5,8760,437,4.99
Mandir_Marg,2023,PM10 (µg/m³),PM10,8760,441,5.03
Mandir_Marg,2023,NO (µg/m³),NO,8760,394,4.5
Mandir_Marg,2023,NO2 (µg/m³),NO2,8760,385,4.39
Mandir_Marg,2023,NOx (ppb),NOx,8760,385,4.39
Mandir_Marg,2023,NH3 (µg/m³),NH3,8760,424,4.84
Mandir_Marg,2023,SO2 (µg/m³),SO2,8760,990,11.3
Mandir_Marg,2023,CO (mg/m³),CO,8760,647,7.39
Mandir_Marg,2023,Ozone (µg/m³),Ozone,8760,625,7.13
Mandir_Marg,2023,Benzene (µg/m³),Benzene,8760,362,4.13
Mandir_Marg,2023,Toluene (µg/m³),Toluene,8760,391,4.46
Mandir_Marg,2023,Xylene (µg/m³),Xylene,8760,392,4.47
Mandir_Marg,2023,O Xylene (µg/m³),O Xylene,8760,8760,100.0
Mandir_Marg,2023,Eth-Benzene (µg/m³),Eth-Benzene,8760,8760,100.0
Mandir_Marg,2023,MP-Xylene (µg/m³),MP-Xylene,8760,8760,100.0
Mandir_Marg,2023,AT (°C),AT,8760,846,9.66
Mandir_Marg,2023,RH (%),RH,8760,1611,18.39
Mandir_Marg,2023,WS (m/s),WS,8760,845,9.65
Mandir_Marg,2023,WD (deg),WD,8760,852,9.73
Mandir_Marg,2023,RF (mm),RF,8760,8760,100.0
Mandir_Marg,2023,TOT-RF (mm),TOT-RF,8760,0,0.0
Mandir_Marg,2023,SR (W/mt2),SR,8760,845,9.65
Mandir_Marg,2023,BP (mmHg),BP,8760,1060,12.1
Mandir_Marg,2023,VWS (m/s),VWS,8760,847,9.67
Mandir_Marg,2024,Timestamp,Timestamp,8784,0,0.0
Mandir_Marg,2024,PM2.5 (µg/m³),PM2.5,8784,1541,17.54
Mandir_Marg,2024,PM10 (µg/m³),PM10,8784,1208,13.75
Mandir_Marg,2024,NO (µg/m³),NO,8784,821,9.35
Mandir_Marg,2024,NO2 (µg/m³),NO2,8784,813,9.26
Mandir_Marg,2024,NOx (ppb),NOx,8784,805,9.16
Mandir_Marg,2024,NH3 (µg/m³),NH3,8784,814,9.27
Mandir_Marg,2024,SO2 (µg/m³),SO2,8784,950,10.82
Mandir_Marg,2024,CO (mg/m³),CO,8784,951,10.83
Mandir_Marg,2024,Ozone (µg/m³),Ozone,8784,1039,11.83
Mandir_Marg,2024,Benzene (µg/m³),Benzene,8784,5913,67.32
Mandir_Marg,2024,Toluene (µg/m³),Toluene,8784,5913,67.32
Mandir_Marg,2024,Xylene (µg/m³),Xylene,8784,8578,97.65
Mandir_Marg,2024,O Xylene (µg/m³),O Xylene,8784,8784,100.0
Mandir_Marg,2024,Eth-Benzene (µg/m³),Eth-Benzene,8784,8784,100.0
Mandir_Marg,2024,MP-Xylene (µg/m³),MP-Xylene,8784,8784,100.0
Mandir_Marg,2024,AT (°C),AT,8784,815,9.28
Mandir_Marg,2024,RH (%),RH,8784,847,9.64
Mandir_Marg,2024,WS (m/s),WS,8784,814,9.27
Mandir_Marg,2024,WD (deg),WD,8784,814,9.27
Mandir_Marg,2024,RF (mm),RF,8784,8784,100.0
Mandir_Marg,2024,TOT-RF (mm),TOT-RF,8784,0,0.0
Mandir_Marg,2024,SR (W/mt2),SR,8784,1350,15.37
Mandir_Marg,2024,BP (mmHg),BP,8784,815,9.28
Mandir_Marg,2024,VWS (m/s),VWS,8784,815,9.28
Mandir_Marg,2025,Timestamp,Timestamp,8760,0,0.0
Mandir_Marg,2025,PM2.5 (µg/m³),PM2.5,8760,720,8.22
Mandir_Marg,2025,PM10 (µg/m³),PM10,8760,561,6.4
Mandir_Marg,2025,NO (µg/m³),NO,8760,444,5.07
Mandir_Marg,2025,NO2 (µg/m³),NO2,8760,357,4.08
Mandir_Marg,2025,NOx (ppb),NOx,8760,337,3.85
Mandir_Marg,2025,NH3 (µg/m³),NH3,8760,386,4.41
Mandir_Marg,2025,SO2 (µg/m³),SO2,8760,702,8.01
Mandir_Marg,2025,CO (mg/m³),CO,8760,365,4.17
Mandir_Marg,2025,Ozone (µg/m³),Ozone,8760,295,3.37
Mandir_Marg,2025,Benzene (µg/m³),Benzene,8760,6493,74.12
Mandir_Marg,2025,Toluene (µg/m³),Toluene,8760,6502,74.22
Mandir_Marg,2025,Xylene (µg/m³),Xylene,8760,8760,100.0
Mandir_Marg,2025,O Xylene (µg/m³),O Xylene,8760,8760,100.0
Mandir_Marg,2025,Eth-Benzene (µg/m³),Eth-Benzene,8760,8760,100.0
Mandir_Marg,2025,MP-Xylene (µg/m³),MP-Xylene,8760,8760,100.0
Mandir_Marg,2025,AT (°C),AT,8760,188,2.15
Mandir_Marg,2025,RH (%),RH,8760,188,2.15
Mandir_Marg,2025,WS (m/s),WS,8760,188,2.15
Mandir_Marg,2025,WD (deg),WD,8760,188,2.15
Mandir_Marg,2025,RF (mm),RF,8760,8760,100.0
Mandir_Marg,2025,TOT-RF (mm),TOT-RF,8760,0,0.0
Mandir_Marg,2025,SR (W/mt2),SR,8760,192,2.19
Mandir_Marg,2025,BP (mmHg),BP,8760,188,2.15
Mandir_Marg,2025,VWS (m/s),VWS,8760,188,2.15
Mundka,2022,Timestamp,Timestamp,8760,0,0.0
Mundka,2022,PM2.5 (µg/m³),PM2.5,8760,214,2.44
Mundka,2022,PM10 (µg/m³),PM10,8760,268,3.06
Mundka,2022,NO (µg/m³),NO,8760,288,3.29
Mundka,2022,NO2 (µg/m³),NO2,8760,283,3.23
Mundka,2022,NOx (ppb),NOx,8760,285,3.25
Mundka,2022,NH3 (µg/m³),NH3,8760,138,1.58
Mundka,2022,SO2 (µg/m³),SO2,8760,579,6.61
Mundka,2022,CO (mg/m³),CO,8760,524,5.98
Mundka,2022,Ozone (µg/m³),Ozone,8760,925,10.56
Mundka,2022,Benzene (µg/m³),Benzene,8760,1180,13.47
Mundka,2022,Toluene (µg/m³),Toluene,8760,1180,13.47
Mundka,2022,Xylene (µg/m³),Xylene,8760,8760,100.0
Mundka,2022,O Xylene (µg/m³),O Xylene,8760,8760,100.0
Mundka,2022,Eth-Benzene (µg/m³),Eth-Benzene,8760,8760,100.0
Mundka,2022,MP-Xylene (µg/m³),MP-Xylene,8760,8760,100.0
Mundka,2022,AT (°C),AT,8760,129,1.47
Mundka,2022,RH (%),RH,8760,129,1.47
Mundka,2022,WS (m/s),WS,8760,127,1.45
Mundka,2022,WD (deg),WD,8760,126,1.44
Mundka,2022,RF (mm),RF,8760,130,1.48
Mundka,2022,TOT-RF (mm),TOT-RF,8760,0,0.0
Mundka,2022,SR (W/mt2),SR,8760,129,1.47
Mundka,2022,BP (mmHg),BP,8760,129,1.47
Mundka,2022,VWS (m/s),VWS,8760,8760,100.0
Mundka,2023,Timestamp,Timestamp,8760,0,0.0
Mundka,2023,PM2.5 (µg/m³),PM2.5,8760,353,4.03
Mundka,2023,PM10 (µg/m³),PM10,8760,401,4.58
Mundka,2023,NO (µg/m³),NO,8760,347,3.96
Mundka,2023,NO2 (µg/m³),NO2,8760,338,3.86
Mundka,2023,NOx (ppb),NOx,8760,345,3.94
Mundka,2023,NH3 (µg/m³),NH3,8760,499,5.7
Mundka,2023,SO2 (µg/m³),SO2,8760,697,7.96
Mundka,2023,CO (mg/m³),CO,8760,667,7.61
Mundka,2023,Ozone (µg/m³),Ozone,8760,1066,12.17
Mundka,2023,Benzene (µg/m³),Benzene,8760,795,9.08
Mundka,2023,Toluene (µg/m³),Toluene,8760,797,9.1
Mundka,2023,Xylene (µg/m³),Xylene,8760,8760,100.0
Mundka,2023,O Xylene (µg/m³),O Xylene,8760,8760,100.0
Mundka,2023,Eth-Benzene (µg/m³),Eth-Benzene,8760,8760,100.0
Mundka,2023,MP-Xylene (µg/m³),MP-Xylene,8760,8760,100.0
Mundka,2023,AT (°C),AT,8760,295,3.37
Mundka,2023,RH (%),RH,8760,379,4.33
Mundka,2023,WS (m/s),WS,8760,288,3.29
Mundka,2023,WD (deg),WD,8760,288,3.29
Mundka,2023,RF (mm),RF,8760,293,3.34
Mundka,2023,TOT-RF (mm),TOT-RF,8760,0,0.0
Mundka,2023,SR (W/mt2),SR,8760,295,3.37
Mundka,2023,BP (mmHg),BP,8760,293,3.34
Mundka,2023,VWS (m/s),VWS,8760,8760,100.0
Mundka,2024,Timestamp,Timestamp,8784,0,0.0
Mundka,2024,PM2.5 (µg/m³),PM2.5,8784,298,3.39
Mundka,2024,PM10 (µg/m³),PM10,8784,452,5.15
Mundka,2024,NO (µg/m³),NO,8784,179,2.04
Mundka,2024,NO2 (µg/m³),NO2,8784,131,1.49
Mundka,2024,NOx (ppb),NOx,8784,124,1.41
Mundka,2024,NH3 (µg/m³),NH3,8784,226,2.57
Mundka,2024,SO2 (µg/m³),SO2,8784,140,1.59
Mundka,2024,CO (mg/m³),CO,8784,233,2.65
Mundka,2024,Ozone (µg/m³),Ozone,8784,657,7.48
Mundka,2024,Benzene (µg/m³),Benzene,8784,284,3.23
Mundka,2024,Toluene (µg/m³),Toluene,8784,293,3.34
Mundka,2024,Xylene (µg/m³),Xylene,8784,8784,100.0
Mundka,2024,O Xylene (µg/m³),O Xylene,8784,8784,100.0
Mundka,2024,Eth-Benzene (µg/m³),Eth-Benzene,8784,8784,100.0
Mundka,2024,MP-Xylene (µg/m³),MP-Xylene,8784,8784,100.0
Mundka,2024,AT (°C),AT,8784,157,1.79
Mundka,2024,RH (%),RH,8784,157,1.79
Mundka,2024,WS (m/s),WS,8784,303,3.45
Mundka,2024,WD (deg),WD,8784,308,3.51
Mundka,2024,RF (mm),RF,8784,157,1.79
Mundka,2024,TOT-RF (mm),TOT-RF,8784,0,0.0
Mundka,2024,SR (W/mt2),SR,8784,157,1.79
Mundka,2024,BP (mmHg),BP,8784,274,3.12
Mundka,2024,VWS (m/s),VWS,8784,8784,100.0
Mundka,2025,Timestamp,Timestamp,8760,0,0.0
Mundka,2025,PM2.5 (µg/m³),PM2.5,8760,258,2.95
Mundka,2025,PM10 (µg/m³),PM10,8760,324,3.7
Mundka,2025,NO (µg/m³),NO,8760,188,2.15
Mundka,2025,NO2 (µg/m³),NO2,8760,121,1.38
Mundka,2025,NOx (ppb),NOx,8760,107,1.22
Mundka,2025,NH3 (µg/m³),NH3,8760,228,2.6
Mundka,2025,SO2 (µg/m³),SO2,8760,230,2.63
Mundka,2025,CO (mg/m³),CO,8760,213,2.43
Mundka,2025,Ozone (µg/m³),Ozone,8760,244,2.79
Mundka,2025,Benzene (µg/m³),Benzene,8760,270,3.08
Mundka,2025,Toluene (µg/m³),Toluene,8760,220,2.51
Mundka,2025,Xylene (µg/m³),Xylene,8760,8760,100.0
Mundka,2025,O Xylene (µg/m³),O Xylene,8760,8760,100.0
Mundka,2025,Eth-Benzene (µg/m³),Eth-Benzene,8760,8760,100.0
Mundka,2025,MP-Xylene (µg/m³),MP-Xylene,8760,8760,100.0
Mundka,2025,AT (°C),AT,8760,178,2.03
Mundka,2025,RH (%),RH,8760,180,2.05
Mundka,2025,WS (m/s),WS,8760,178,2.03
Mundka,2025,WD (deg),WD,8760,188,2.15
Mundka,2025,RF (mm),RF,8760,177,2.02
Mundka,2025,TOT-RF (mm),TOT-RF,8760,0,0.0
Mundka,2025,SR (W/mt2),SR,8760,178,2.03
Mundka,2025,BP (mmHg),BP,8760,178,2.03
Mundka,2025,VWS (m/s),VWS,8760,8760,100.0
Najafgarh,2022,Timestamp,Timestamp,8760,0,0.0
Najafgarh,2022,PM2.5 (µg/m³),PM2.5,8760,657,7.5
Najafgarh,2022,PM10 (µg/m³),PM10,8760,609,6.95
Najafgarh,2022,NO (µg/m³),NO,8760,552,6.3
Najafgarh,2022,NO2 (µg/m³),NO2,8760,544,6.21
Najafgarh,2022,NOx (ppb),NOx,8760,545,6.22
Najafgarh,2022,NH3 (µg/m³),NH3,8760,683,7.8
Najafgarh,2022,SO2 (µg/m³),SO2,8760,970,11.07
Najafgarh,2022,CO (mg/m³),CO,8760,583,6.66
Najafgarh,2022,Ozone (µg/m³),Ozone,8760,705,8.05
Najafgarh,2022,Benzene (µg/m³),Benzene,8760,534,6.1
Najafgarh,2022,Toluene (µg/m³),Toluene,8760,519,5.92
Najafgarh,2022,Xylene (µg/m³),Xylene,8760,8760,100.0
Najafgarh,2022,O Xylene (µg/m³),O Xylene,8760,8760,100.0
Najafgarh,2022,Eth-Benzene (µg/m³),Eth-Benzene,8760,8760,100.0
Najafgarh,2022,MP-Xylene (µg/m³),MP-Xylene,8760,8760,100.0
Najafgarh,2022,AT (°C),AT,8760,582,6.64
Najafgarh,2022,RH (%),RH,8760,571,6.52
Najafgarh,2022,WS (m/s),WS,8760,654,7.47
Najafgarh,2022,WD (deg),WD,8760,654,7.47
Najafgarh,2022,RF (mm),RF,8760,572,6.53
Najafgarh,2022,TOT-RF (mm),TOT-RF,8760,0,0.0
Najafgarh,2022,SR (W/mt2),SR,8760,571,6.52
Najafgarh,2022,BP (mmHg),BP,8760,573,6.54
Najafgarh,2022,VWS (m/s),VWS,8760,8760,100.0
Najafgarh,2023,Timestamp,Timestamp,8760,0,0.0
Najafgarh,2023,PM2.5 (µg/m³),PM2.5,8760,444,5.07
Najafgarh,2023,PM10 (µg/m³),PM10,8760,416,4.75
Najafgarh,2023,NO (µg/m³),NO,8760,315,3.6
Najafgarh,2023,NO2 (µg/m³),NO2,8760,303,3.46
Najafgarh,2023,NOx (ppb),NOx,8760,306,3.49
Najafgarh,2023,NH3 (µg/m³),NH3,8760,327,3.73
Najafgarh,2023,SO2 (µg/m³),SO2,8760,408,4.66
Najafgarh,2023,CO (mg/m³),CO,8760,506,5.78
Najafgarh,2023,Ozone (µg/m³),Ozone,8760,635,7.25
Najafgarh,2023,Benzene (µg/m³),Benzene,8760,586,6.69
Najafgarh,2023,Toluene (µg/m³),Toluene,8760,495,5.65
Najafgarh,2023,Xylene (µg/m³),Xylene,8760,8760,100.0
Najafgarh,2023,O Xylene (µg/m³),O Xylene,8760,8760,100.0
Najafgarh,2023,Eth-Benzene (µg/m³),Eth-Benzene,8760,8760,100.0
Najafgarh,2023,MP-Xylene (µg/m³),MP-Xylene,8760,8760,100.0
Najafgarh,2023,AT (°C),AT,8760,442,5.05
Najafgarh,2023,RH (%),RH,8760,442,5.05
Najafgarh,2023,WS (m/s),WS,8760,470,5.37
Najafgarh,2023,WD (deg),WD,8760,470,5.37
Najafgarh,2023,RF (mm),RF,8760,442,5.05
Najafgarh,2023,TOT-RF (mm),TOT-RF,8760,0,0.0
Najafgarh,2023,SR (W/mt2),SR,8760,443,5.06
Najafgarh,2023,BP (mmHg),BP,8760,445,5.08
Najafgarh,2023,VWS (m/s),VWS,8760,8760,100.0
Najafgarh,2024,Timestamp,Timestamp,8784,0,0.0
Najafgarh,2024,PM2.5 (µg/m³),PM2.5,8784,524,5.97
Najafgarh,2024,PM10 (µg/m³),PM10,8784,459,5.23
Najafgarh,2024,NO (µg/m³),NO,8784,369,4.2
Najafgarh,2024,NO2 (µg/m³),NO2,8784,378,4.3
Najafgarh,2024,NOx (ppb),NOx,8784,302,3.44
Najafgarh,2024,NH3 (µg/m³),NH3,8784,407,4.63
Najafgarh,2024,SO2 (µg/m³),SO2,8784,336,3.83
Najafgarh,2024,CO (mg/m³),CO,8784,471,5.36
Najafgarh,2024,Ozone (µg/m³),Ozone,8784,360,4.1
Najafgarh,2024,Benzene (µg/m³),Benzene,8784,313,3.56
Najafgarh,2024,Toluene (µg/m³),Toluene,8784,313,3.56
Najafgarh,2024,Xylene (µg/m³),Xylene,8784,8784,100.0
Najafgarh,2024,O Xylene (µg/m³),O Xylene,8784,8784,100.0
Najafgarh,2024,Eth-Benzene (µg/m³),Eth-Benzene,8784,8784,100.0
Najafgarh,2024,MP-Xylene (µg/m³),MP-Xylene,8784,8784,100.0
Najafgarh,2024,AT (°C),AT,8784,333,3.79
Najafgarh,2024,RH (%),RH,8784,328,3.73
Najafgarh,2024,WS (m/s),WS,8784,443,5.04
Najafgarh,2024,WD (deg),WD,8784,442,5.03
Najafgarh,2024,RF (mm),RF,8784,328,3.73
Najafgarh,2024,TOT-RF (mm),TOT-RF,8784,0,0.0
Najafgarh,2024,SR (W/mt2),SR,8784,328,3.73
Najafgarh,2024,BP (mmHg),BP,8784,334,3.8
Najafgarh,2024,VWS (m/s),VWS,8784,8784,100.0
Najafgarh,2025,Timestamp,Timestamp,8760,0,0.0
Najafgarh,2025,PM2.5 (µg/m³),PM2.5,8760,484,5.53
Najafgarh,2025,PM10 (µg/m³),PM10,8760,398,4.54
Najafgarh,2025,NO (µg/m³),NO,8760,152,1.74
Najafgarh,2025,NO2 (µg/m³),NO2,8760,156,1.78
Najafgarh,2025,NOx (ppb),NOx,8760,142,1.62
Najafgarh,2025,NH3 (µg/m³),NH3,8760,163,1.86
Najafgarh,2025,SO2 (µg/m³),SO2,8760,422,4.82
Najafgarh,2025,CO (mg/m³),CO,8760,266,3.04
Najafgarh,2025,Ozone (µg/m³),Ozone,8760,219,2.5
Najafgarh,2025,Benzene (µg/m³),Benzene,8760,189,2.16
Najafgarh,2025,Toluene (µg/m³),Toluene,8760,189,2.16
Najafgarh,2025,Xylene (µg/m³),Xylene,8760,8760,100.0
Najafgarh,2025,O Xylene (µg/m³),O Xylene,8760,8760,100.0
Najafgarh,2025,Eth-Benzene (µg/m³),Eth-Benzene,8760,8760,100.0
Najafgarh,2025,MP-Xylene (µg/m³),MP-Xylene,8760,8760,100.0
Najafgarh,2025,AT (°C),AT,8760,284,3.24
Najafgarh,2025,RH (%),RH,8760,290,3.31
Najafgarh,2025,WS (m/s),WS,8760,321,3.66
Najafgarh,2025,WD (deg),WD,8760,316,3.61
Najafgarh,2025,RF (mm),RF,8760,285,3.25
Najafgarh,2025,TOT-RF (mm),TOT-RF,8760,0,0.0
Najafgarh,2025,SR (W/mt2),SR,8760,284,3.24
Najafgarh,2025,BP (mmHg),BP,8760,386,4.41
Najafgarh,2025,VWS (m/s),VWS,8760,8760,100.0
Narela,2022,Timestamp,Timestamp,8760,0,0.0
Narela,2022,PM2.5 (µg/m³),PM2.5,8760,299,3.41
Narela,2022,PM10 (µg/m³),PM10,8760,225,2.57
Narela,2022,NO (µg/m³),NO,8760,175,2.0
Narela,2022,NO2 (µg/m³),NO2,8760,174,1.99
Narela,2022,NOx (ppb),NOx,8760,174,1.99
Narela,2022,NH3 (µg/m³),NH3,8760,208,2.37
Narela,2022,SO2 (µg/m³),SO2,8760,578,6.6
Narela,2022,CO (mg/m³),CO,8760,549,6.27
Narela,2022,Ozone (µg/m³),Ozone,8760,180,2.05
Narela,2022,Benzene (µg/m³),Benzene,8760,182,2.08
Narela,2022,Toluene (µg/m³),Toluene,8760,255,2.91
Narela,2022,Xylene (µg/m³),Xylene,8760,8760,100.0
Narela,2022,O Xylene (µg/m³),O Xylene,8760,8760,100.0
Narela,2022,Eth-Benzene (µg/m³),Eth-Benzene,8760,8760,100.0
Narela,2022,MP-Xylene (µg/m³),MP-Xylene,8760,8760,100.0
Narela,2022,AT (°C),AT,8760,138,1.58
Narela,2022,RH (%),RH,8760,140,1.6
Narela,2022,WS (m/s),WS,8760,138,1.58
Narela,2022,WD (deg),WD,8760,138,1.58
Narela,2022,RF (mm),RF,8760,138,1.58
Narela,2022,TOT-RF (mm),TOT-RF,8760,0,0.0
Narela,2022,SR (W/mt2),SR,8760,138,1.58
Narela,2022,BP (mmHg),BP,8760,139,1.59
Narela,2022,VWS (m/s),VWS,8760,8760,100.0
Narela,2023,Timestamp,Timestamp,8760,0,0.0
Narela,2023,PM2.5 (µg/m³),PM2.5,8760,210,2.4
Narela,2023,PM10 (µg/m³),PM10,8760,257,2.93
Narela,2023,NO (µg/m³),NO,8760,221,2.52
Narela,2023,NO2 (µg/m³),NO2,8760,220,2.51
Narela,2023,NOx (ppb),NOx,8760,221,2.52
Narela,2023,NH3 (µg/m³),NH3,8760,232,2.65
Narela,2023,SO2 (µg/m³),SO2,8760,509,5.81
Narela,2023,CO (mg/m³),CO,8760,544,6.21
Narela,2023,Ozone (µg/m³),Ozone,8760,199,2.27
Narela,2023,Benzene (µg/m³),Benzene,8760,603,6.88
Narela,2023,Toluene (µg/m³),Toluene,8760,496,5.66
Narela,2023,Xylene (µg/m³),Xylene,8760,8760,100.0
Narela,2023,O Xylene (µg/m³),O Xylene,8760,8760,100.0
Narela,2023,Eth-Benzene (µg/m³),Eth-Benzene,8760,8760,100.0
Narela,2023,MP-Xylene (µg/m³),MP-Xylene,8760,8760,100.0
Narela,2023,AT (°C),AT,8760,188,2.15
Narela,2023,RH (%),RH,8760,203,2.32
Narela,2023,WS (m/s),WS,8760,188,2.15
Narela,2023,WD (deg),WD,8760,188,2.15
Narela,2023,RF (mm),RF,8760,188,2.15
Narela,2023,TOT-RF (mm),TOT-RF,8760,0,0.0
Narela,2023,SR (W/mt2),SR,8760,514,5.87
Narela,2023,BP (mmHg),BP,8760,188,2.15
Narela,2023,VWS (m/s),VWS,8760,8760,100.0
Narela,2024,Timestamp,Timestamp,8784,0,0.0
Narela,2024,PM2.5 (µg/m³),PM2.5,8784,120,1.37
Narela,2024,PM10 (µg/m³),PM10,8784,184,2.09
Narela,2024,NO (µg/m³),NO,8784,101,1.15
Narela,2024,NO2 (µg/m³),NO2,8784,95,1.08
Narela,2024,NOx (ppb),NOx,8784,92,1.05
Narela,2024,NH3 (µg/m³),NH3,8784,96,1.09
Narela,2024,SO2 (µg/m³),SO2,8784,251,2.86
Narela,2024,CO (mg/m³),CO,8784,209,2.38
Narela,2024,Ozone (µg/m³),Ozone,8784,113,1.29
Narela,2024,Benzene (µg/m³),Benzene,8784,449,5.11
Narela,2024,Toluene (µg/m³),Toluene,8784,1346,15.32
Narela,2024,Xylene (µg/m³),Xylene,8784,8784,100.0
Narela,2024,O Xylene (µg/m³),O Xylene,8784,8784,100.0
Narela,2024,Eth-Benzene (µg/m³),Eth-Benzene,8784,8784,100.0
Narela,2024,MP-Xylene (µg/m³),MP-Xylene,8784,8784,100.0
Narela,2024,AT (°C),AT,8784,92,1.05
Narela,2024,RH (%),RH,8784,100,1.14
Narela,2024,WS (m/s),WS,8784,91,1.04
Narela,2024,WD (deg),WD,8784,1454,16.55
Narela,2024,RF (mm),RF,8784,91,1.04
Narela,2024,TOT-RF (mm),TOT-RF,8784,0,0.0
Narela,2024,SR (W/mt2),SR,8784,91,1.04
Narela,2024,BP (mmHg),BP,8784,190,2.16
Narela,2024,VWS (m/s),VWS,8784,8784,100.0
Narela,2025,Timestamp,Timestamp,8760,0,0.0
Narela,2025,PM2.5 (µg/m³),PM2.5,8760,74,0.84
Narela,2025,PM10 (µg/m³),PM10,8760,100,1.14
Narela,2025,NO (µg/m³),NO,8760,69,0.79
Narela,2025,NO2 (µg/m³),NO2,8760,67,0.76
Narela,2025,NOx (ppb),NOx,8760,65,0.74
Narela,2025,NH3 (µg/m³),NH3,8760,86,0.98
Narela,2025,SO2 (µg/m³),SO2,8760,184,2.1
Narela,2025,CO (mg/m³),CO,8760,154,1.76
Narela,2025,Ozone (µg/m³),Ozone,8760,346,3.95
Narela,2025,Benzene (µg/m³),Benzene,8760,151,1.72
Narela,2025,Toluene (µg/m³),Toluene,8760,576,6.58
Narela,2025,Xylene (µg/m³),Xylene,8760,8760,100.0
Narela,2025,O Xylene (µg/m³),O Xylene,8760,8760,100.0
Narela,2025,Eth-Benzene (µg/m³),Eth-Benzene,8760,8760,100.0
Narela,2025,MP-Xylene (µg/m³),MP-Xylene,8760,8760,100.0
Narela,2025,AT (°C),AT,8760,57,0.65
Narela,2025,RH (%),RH,8760,56,0.64
Narela,2025,WS (m/s),WS,8760,56,0.64
Narela,2025,WD (deg),WD,8760,61,0.7
Narela,2025,RF (mm),RF,8760,56,0.64
Narela,2025,TOT-RF (mm),TOT-RF,8760,0,0.0
Narela,2025,SR (W/mt2),SR,8760,141,1.61
Narela,2025,BP (mmHg),BP,8760,175,2.0
Narela,2025,VWS (m/s),VWS,8760,8760,100.0
Nehru_Nagar,2022,Timestamp,Timestamp,8760,0,0.0
Nehru_Nagar,2022,PM2.5 (µg/m³),PM2.5,8760,146,1.67
Nehru_Nagar,2022,PM10 (µg/m³),PM10,8760,121,1.38
Nehru_Nagar,2022,NO (µg/m³),NO,8760,801,9.14
Nehru_Nagar,2022,NO2 (µg/m³),NO2,8760,771,8.8
Nehru_Nagar,2022,NOx (ppb),NOx,8760,781,8.92
Nehru_Nagar,2022,NH3 (µg/m³),NH3,8760,110,1.26
Nehru_Nagar,2022,SO2 (µg/m³),SO2,8760,128,1.46
Nehru_Nagar,2022,CO (mg/m³),CO,8760,579,6.61
Nehru_Nagar,2022,Ozone (µg/m³),Ozone,8760,303,3.46
Nehru_Nagar,2022,Benzene (µg/m³),Benzene,8760,103,1.18
Nehru_Nagar,2022,Toluene (µg/m³),Toluene,8760,95,1.08
Nehru_Nagar,2022,Xylene (µg/m³),Xylene,8760,8760,100.0
Nehru_Nagar,2022,O Xylene (µg/m³),O Xylene,8760,8760,100.0
Nehru_Nagar,2022,Eth-Benzene (µg/m³),Eth-Benzene,8760,8760,100.0
Nehru_Nagar,2022,MP-Xylene (µg/m³),MP-Xylene,8760,8760,100.0
Nehru_Nagar,2022,AT (°C),AT,8760,137,1.56
Nehru_Nagar,2022,RH (%),RH,8760,151,1.72
Nehru_Nagar,2022,WS (m/s),WS,8760,164,1.87
Nehru_Nagar,2022,WD (deg),WD,8760,164,1.87
Nehru_Nagar,2022,RF (mm),RF,8760,136,1.55
Nehru_Nagar,2022,TOT-RF (mm),TOT-RF,8760,0,0.0
Nehru_Nagar,2022,SR (W/mt2),SR,8760,140,1.6
Nehru_Nagar,2022,BP (mmHg),BP,8760,141,1.61
Nehru_Nagar,2022,VWS (m/s),VWS,8760,8760,100.0
Nehru_Nagar,2023,Timestamp,Timestamp,8760,0,0.0
Nehru_Nagar,2023,PM2.5 (µg/m³),PM2.5,8760,546,6.23
Nehru_Nagar,2023,PM10 (µg/m³),PM10,8760,307,3.5
Nehru_Nagar,2023,NO (µg/m³),NO,8760,427,4.87
Nehru_Nagar,2023,NO2 (µg/m³),NO2,8760,359,4.1
Nehru_Nagar,2023,NOx (ppb),NOx,8760,403,4.6
Nehru_Nagar,2023,NH3 (µg/m³),NH3,8760,312,3.56
Nehru_Nagar,2023,SO2 (µg/m³),SO2,8760,218,2.49
Nehru_Nagar,2023,CO (mg/m³),CO,8760,673,7.68
Nehru_Nagar,2023,Ozone (µg/m³),Ozone,8760,343,3.92
Nehru_Nagar,2023,Benzene (µg/m³),Benzene,8760,233,2.66
Nehru_Nagar,2023,Toluene (µg/m³),Toluene,8760,233,2.66
Nehru_Nagar,2023,Xylene (µg/m³),Xylene,8760,8760,100.0
Nehru_Nagar,2023,O Xylene (µg/m³),O Xylene,8760,8760,100.0
Nehru_Nagar,2023,Eth-Benzene (µg/m³),Eth-Benzene,8760,8760,100.0
Nehru_Nagar,2023,MP-Xylene (µg/m³),MP-Xylene,8760,8760,100.0
Nehru_Nagar,2023,AT (°C),AT,8760,298,3.4
Nehru_Nagar,2023,RH (%),RH,8760,309,3.53
Nehru_Nagar,2023,WS (m/s),WS,8760,303,3.46
Nehru_Nagar,2023,WD (deg),WD,8760,303,3.46
Nehru_Nagar,2023,RF (mm),RF,8760,298,3.4
Nehru_Nagar,2023,TOT-RF (mm),TOT-RF,8760,0,0.0
Nehru_Nagar,2023,SR (W/mt2),SR,8760,304,3.47
Nehru_Nagar,2023,BP (mmHg),BP,8760,298,3.4
Nehru_Nagar,2023,VWS (m/s),VWS,8760,8760,100.0
Nehru_Nagar,2024,Timestamp,Timestamp,8784,0,0.0
Nehru_Nagar,2024,PM2.5 (µg/m³),PM2.5,8784,201,2.29
Nehru_Nagar,2024,PM10 (µg/m³),PM10,8784,117,1.33
Nehru_Nagar,2024,NO (µg/m³),NO,8784,62,0.71
Nehru_Nagar,2024,NO2 (µg/m³),NO2,8784,60,0.68
Nehru_Nagar,2024,NOx (ppb),NOx,8784,59,0.67
Nehru_Nagar,2024,NH3 (µg/m³),NH3,8784,142,1.62
Nehru_Nagar,2024,SO2 (µg/m³),SO2,8784,168,1.91
Nehru_Nagar,2024,CO (mg/m³),CO,8784,236,2.69
Nehru_Nagar,2024,Ozone (µg/m³),Ozone,8784,233,2.65
Nehru_Nagar,2024,Benzene (µg/m³),Benzene,8784,40,0.46
Nehru_Nagar,2024,Toluene (µg/m³),Toluene,8784,40,0.46
Nehru_Nagar,2024,Xylene (µg/m³),Xylene,8784,8784,100.0
Nehru_Nagar,2024,O Xylene (µg/m³),O Xylene,8784,8784,100.0
Nehru_Nagar,2024,Eth-Benzene (µg/m³),Eth-Benzene,8784,8784,100.0
Nehru_Nagar,2024,MP-Xylene (µg/m³),MP-Xylene,8784,8784,100.0
Nehru_Nagar,2024,AT (°C),AT,8784,25,0.28
Nehru_Nagar,2024,RH (%),RH,8784,25,0.28
Nehru_Nagar,2024,WS (m/s),WS,8784,25,0.28
Nehru_Nagar,2024,WD (deg),WD,8784,302,3.44
Nehru_Nagar,2024,RF (mm),RF,8784,25,0.28
Nehru_Nagar,2024,TOT-RF (mm),TOT-RF,8784,0,0.0
Nehru_Nagar,2024,SR (W/mt2),SR,8784,200,2.28
Nehru_Nagar,2024,BP (mmHg),BP,8784,25,0.28
Nehru_Nagar,2024,VWS (m/s),VWS,8784,8784,100.0
Nehru_Nagar,2025,Timestamp,Timestamp,8760,0,0.0
Nehru_Nagar,2025,PM2.5 (µg/m³),PM2.5,8760,118,1.35
Nehru_Nagar,2025,PM10 (µg/m³),PM10,8760,181,2.07
Nehru_Nagar,2025,NO (µg/m³),NO,8760,57,0.65
Nehru_Nagar,2025,NO2 (µg/m³),NO2,8760,15,0.17
Nehru_Nagar,2025,NOx (ppb),NOx,8760,13,0.15
Nehru_Nagar,2025,NH3 (µg/m³),NH3,8760,146,1.67
Nehru_Nagar,2025,SO2 (µg/m³),SO2,8760,250,2.85
Nehru_Nagar,2025,CO (mg/m³),CO,8760,322,3.68
Nehru_Nagar,2025,Ozone (µg/m³),Ozone,8760,50,0.57
Nehru_Nagar,2025,Benzene (µg/m³),Benzene,8760,18,0.21
Nehru_Nagar,2025,Toluene (µg/m³),Toluene,8760,18,0.21
Nehru_Nagar,2025,Xylene (µg/m³),Xylene,8760,8760,100.0
Nehru_Nagar,2025,O Xylene (µg/m³),O Xylene,8760,8760,100.0
Nehru_Nagar,2025,Eth-Benzene (µg/m³),Eth-Benzene,8760,8760,100.0
Nehru_Nagar,2025,MP-Xylene (µg/m³),MP-Xylene,8760,8760,100.0
Nehru_Nagar,2025,AT (°C),AT,8760,3,0.03
Nehru_Nagar,2025,RH (%),RH,8760,41,0.47
Nehru_Nagar,2025,WS (m/s),WS,8760,3,0.03
Nehru_Nagar,2025,WD (deg),WD,8760,397,4.53
Nehru_Nagar,2025,RF (mm),RF,8760,3,0.03
Nehru_Nagar,2025,TOT-RF (mm),TOT-RF,8760,0,0.0
Nehru_Nagar,2025,SR (W/mt2),SR,8760,8,0.09
Nehru_Nagar,2025,BP (mmHg),BP,8760,3,0.03
Nehru_Nagar,2025,VWS (m/s),VWS,8760,8760,100.0
North_Campus_DU,2022,Timestamp,Timestamp,8760,0,0.0
North_Campus_DU,2022,PM2.5 (µg/m³),PM2.5,8760,270,3.08
North_Campus_DU,2022,PM10 (µg/m³),PM10,8760,255,2.91
North_Campus_DU,2022,NO (µg/m³),NO,8760,584,6.67
North_Campus_DU,2022,NO2 (µg/m³),NO2,8760,536,6.12
North_Campus_DU,2022,NOx (ppb),NOx,8760,247,2.82
North_Campus_DU,2022,NH3 (µg/m³),NH3,8760,8760,100.0
North_Campus_DU,2022,SO2 (µg/m³),SO2,8760,8760,100.0
North_Campus_DU,2022,CO (mg/m³),CO,8760,277,3.16
North_Campus_DU,2022,Ozone (µg/m³),Ozone,8760,206,2.35
North_Campus_DU,2022,Benzene (µg/m³),Benzene,8760,187,2.13
North_Campus_DU,2022,Toluene (µg/m³),Toluene,8760,187,2.13
North_Campus_DU,2022,Xylene (µg/m³),Xylene,8760,187,2.13
North_Campus_DU,2022,O Xylene (µg/m³),O Xylene,8760,8760,100.0
North_Campus_DU,2022,Eth-Benzene (µg/m³),Eth-Benzene,8760,8760,100.0
North_Campus_DU,2022,MP-Xylene (µg/m³),MP-Xylene,8760,8760,100.0
North_Campus_DU,2022,AT (°C),AT,8760,8760,100.0
North_Campus_DU,2022,RH (%),RH,8760,8760,100.0
North_Campus_DU,2022,WS (m/s),WS,8760,8760,100.0
North_Campus_DU,2022,WD (deg),WD,8760,8760,100.0
North_Campus_DU,2022,RF (mm),RF,8760,8760,100.0
North_Campus_DU,2022,TOT-RF (mm),TOT-RF,8760,0,0.0
North_Campus_DU,2022,SR (W/mt2),SR,8760,8760,100.0
North_Campus_DU,2022,BP (mmHg),BP,8760,8760,100.0
North_Campus_DU,2022,VWS (m/s),VWS,8760,8760,100.0
North_Campus_DU,2023,Timestamp,Timestamp,8760,0,0.0
North_Campus_DU,2023,PM2.5 (µg/m³),PM2.5,8760,510,5.82
North_Campus_DU,2023,PM10 (µg/m³),PM10,8760,459,5.24
North_Campus_DU,2023,NO (µg/m³),NO,8760,571,6.52
North_Campus_DU,2023,NO2 (µg/m³),NO2,8760,466,5.32
North_Campus_DU,2023,NOx (ppb),NOx,8760,442,5.05
North_Campus_DU,2023,NH3 (µg/m³),NH3,8760,8760,100.0
North_Campus_DU,2023,SO2 (µg/m³),SO2,8760,8760,100.0
North_Campus_DU,2023,CO (mg/m³),CO,8760,397,4.53
North_Campus_DU,2023,Ozone (µg/m³),Ozone,8760,567,6.47
North_Campus_DU,2023,Benzene (µg/m³),Benzene,8760,2460,28.08
North_Campus_DU,2023,Toluene (µg/m³),Toluene,8760,2460,28.08
North_Campus_DU,2023,Xylene (µg/m³),Xylene,8760,2460,28.08
North_Campus_DU,2023,O Xylene (µg/m³),O Xylene,8760,8760,100.0
North_Campus_DU,2023,Eth-Benzene (µg/m³),Eth-Benzene,8760,8760,100.0
North_Campus_DU,2023,MP-Xylene (µg/m³),MP-Xylene,8760,8760,100.0
North_Campus_DU,2023,AT (°C),AT,8760,8760,100.0
North_Campus_DU,2023,RH (%),RH,8760,8760,100.0
North_Campus_DU,2023,WS (m/s),WS,8760,8760,100.0
North_Campus_DU,2023,WD (deg),WD,8760,8760,100.0
North_Campus_DU,2023,RF (mm),RF,8760,8760,100.0
North_Campus_DU,2023,TOT-RF (mm),TOT-RF,8760,0,0.0
North_Campus_DU,2023,SR (W/mt2),SR,8760,8760,100.0
North_Campus_DU,2023,BP (mmHg),BP,8760,8760,100.0
North_Campus_DU,2023,VWS (m/s),VWS,8760,8760,100.0
North_Campus_DU,2024,Timestamp,Timestamp,8784,0,0.0
North_Campus_DU,2024,PM2.5 (µg/m³),PM2.5,8784,281,3.2
North_Campus_DU,2024,PM10 (µg/m³),PM10,8784,251,2.86
North_Campus_DU,2024,NO (µg/m³),NO,8784,209,2.38
North_Campus_DU,2024,NO2 (µg/m³),NO2,8784,196,2.23
North_Campus_DU,2024,NOx (ppb),NOx,8784,182,2.07
North_Campus_DU,2024,NH3 (µg/m³),NH3,8784,8784,100.0
North_Campus_DU,2024,SO2 (µg/m³),SO2,8784,8784,100.0
North_Campus_DU,2024,CO (mg/m³),CO,8784,278,3.16
North_Campus_DU,2024,Ozone (µg/m³),Ozone,8784,371,4.22
North_Campus_DU,2024,Benzene (µg/m³),Benzene,8784,177,2.02
North_Campus_DU,2024,Toluene (µg/m³),Toluene,8784,177,2.02
North_Campus_DU,2024,Xylene (µg/m³),Xylene,8784,177,2.02
North_Campus_DU,2024,O Xylene (µg/m³),O Xylene,8784,8784,100.0
North_Campus_DU,2024,Eth-Benzene (µg/m³),Eth-Benzene,8784,8784,100.0
North_Campus_DU,2024,MP-Xylene (µg/m³),MP-Xylene,8784,8784,100.0
North_Campus_DU,2024,AT (°C),AT,8784,8784,100.0
North_Campus_DU,2024,RH (%),RH,8784,8784,100.0
North_Campus_DU,2024,WS (m/s),WS,8784,8784,100.0
North_Campus_DU,2024,WD (deg),WD,8784,8784,100.0
North_Campus_DU,2024,RF (mm),RF,8784,8784,100.0
North_Campus_DU,2024,TOT-RF (mm),TOT-RF,8784,0,0.0
North_Campus_DU,2024,SR (W/mt2),SR,8784,8784,100.0
North_Campus_DU,2024,BP (mmHg),BP,8784,8784,100.0
North_Campus_DU,2024,VWS (m/s),VWS,8784,8784,100.0
North_Campus_DU,2025,Timestamp,Timestamp,8760,0,0.0
North_Campus_DU,2025,PM2.5 (µg/m³),PM2.5,8760,157,1.79
North_Campus_DU,2025,PM10 (µg/m³),PM10,8760,145,1.66
North_Campus_DU,2025,NO (µg/m³),NO,8760,66,0.75
North_Campus_DU,2025,NO2 (µg/m³),NO2,8760,61,0.7
North_Campus_DU,2025,NOx (ppb),NOx,8760,37,0.42
North_Campus_DU,2025,NH3 (µg/m³),NH3,8760,8760,100.0
North_Campus_DU,2025,SO2 (µg/m³),SO2,8760,8760,100.0
North_Campus_DU,2025,CO (mg/m³),CO,8760,107,1.22
North_Campus_DU,2025,Ozone (µg/m³),Ozone,8760,77,0.88
North_Campus_DU,2025,Benzene (µg/m³),Benzene,8760,4986,56.92
North_Campus_DU,2025,Toluene (µg/m³),Toluene,8760,4986,56.92
North_Campus_DU,2025,Xylene (µg/m³),Xylene,8760,4986,56.92
North_Campus_DU,2025,O Xylene (µg/m³),O Xylene,8760,8760,100.0
North_Campus_DU,2025,Eth-Benzene (µg/m³),Eth-Benzene,8760,8760,100.0
North_Campus_DU,2025,MP-Xylene (µg/m³),MP-Xylene,8760,8760,100.0
North_Campus_DU,2025,AT (°C),AT,8760,8760,100.0
North_Campus_DU,2025,RH (%),RH,8760,8760,100.0
North_Campus_DU,2025,WS (m/s),WS,8760,8760,100.0
North_Campus_DU,2025,WD (deg),WD,8760,8760,100.0
North_Campus_DU,2025,RF (mm),RF,8760,8760,100.0
North_Campus_DU,2025,TOT-RF (mm),TOT-RF,8760,0,0.0
North_Campus_DU,2025,SR (W/mt2),SR,8760,8760,100.0
North_Campus_DU,2025,BP (mmHg),BP,8760,8760,100.0
North_Campus_DU,2025,VWS (m/s),VWS,8760,8760,100.0
NSIT_Dwarka,2022,Timestamp,Timestamp,8760,0,0.0
NSIT_Dwarka,2022,PM2.5 (µg/m³),PM2.5,8760,436,4.98
NSIT_Dwarka,2022,PM10 (µg/m³),PM10,8760,585,6.68
NSIT_Dwarka,2022,NO (µg/m³),NO,8760,154,1.76
NSIT_Dwarka,2022,NO2 (µg/m³),NO2,8760,120,1.37
NSIT_Dwarka,2022,NOx (ppb),NOx,8760,120,1.37
NSIT_Dwarka,2022,NH3 (µg/m³),NH3,8760,236,2.69
NSIT_Dwarka,2022,SO2 (µg/m³),SO2,8760,134,1.53
NSIT_Dwarka,2022,CO (mg/m³),CO,8760,125,1.43
NSIT_Dwarka,2022,Ozone (µg/m³),Ozone,8760,117,1.34
NSIT_Dwarka,2022,Benzene (µg/m³),Benzene,8760,197,2.25
NSIT_Dwarka,2022,Toluene (µg/m³),Toluene,8760,197,2.25
NSIT_Dwarka,2022,Xylene (µg/m³),Xylene,8760,8760,100.0
NSIT_Dwarka,2022,O Xylene (µg/m³),O Xylene,8760,8760,100.0
NSIT_Dwarka,2022,Eth-Benzene (µg/m³),Eth-Benzene,8760,535,6.11
NSIT_Dwarka,2022,MP-Xylene (µg/m³),MP-Xylene,8760,885,10.1
NSIT_Dwarka,2022,AT (°C),AT,8760,8760,100.0
NSIT_Dwarka,2022,RH (%),RH,8760,64,0.73
NSIT_Dwarka,2022,WS (m/s),WS,8760,52,0.59
NSIT_Dwarka,2022,WD (deg),WD,8760,55,0.63
NSIT_Dwarka,2022,RF (mm),RF,8760,8760,100.0
NSIT_Dwarka,2022,TOT-RF (mm),TOT-RF,8760,8760,100.0
NSIT_Dwarka,2022,SR (W/mt2),SR,8760,55,0.63
NSIT_Dwarka,2022,BP (mmHg),BP,8760,8760,100.0
NSIT_Dwarka,2022,VWS (m/s),VWS,8760,1964,22.42
NSIT_Dwarka,2023,Timestamp,Timestamp,8760,0,0.0
NSIT_Dwarka,2023,PM2.5 (µg/m³),PM2.5,8760,440,5.02
NSIT_Dwarka,2023,PM10 (µg/m³),PM10,8760,475,5.42
NSIT_Dwarka,2023,NO (µg/m³),NO,8760,71,0.81
NSIT_Dwarka,2023,NO2 (µg/m³),NO2,8760,60,0.68
NSIT_Dwarka,2023,NOx (ppb),NOx,8760,60,0.68
NSIT_Dwarka,2023,NH3 (µg/m³),NH3,8760,241,2.75
NSIT_Dwarka,2023,SO2 (µg/m³),SO2,8760,97,1.11
NSIT_Dwarka,2023,CO (mg/m³),CO,8760,83,0.95
NSIT_Dwarka,2023,Ozone (µg/m³),Ozone,8760,48,0.55
NSIT_Dwarka,2023,Benzene (µg/m³),Benzene,8760,153,1.75
NSIT_Dwarka,2023,Toluene (µg/m³),Toluene,8760,153,1.75
NSIT_Dwarka,2023,Xylene (µg/m³),Xylene,8760,8760,100.0
NSIT_Dwarka,2023,O Xylene (µg/m³),O Xylene,8760,8760,100.0
NSIT_Dwarka,2023,Eth-Benzene (µg/m³),Eth-Benzene,8760,225,2.57
NSIT_Dwarka,2023,MP-Xylene (µg/m³),MP-Xylene,8760,336,3.84
NSIT_Dwarka,2023,AT (°C),AT,8760,8760,100.0
NSIT_Dwarka,2023,RH (%),RH,8760,16,0.18
NSIT_Dwarka,2023,WS (m/s),WS,8760,13,0.15
NSIT_Dwarka,2023,WD (deg),WD,8760,16,0.18
NSIT_Dwarka,2023,RF (mm),RF,8760,8760,100.0
NSIT_Dwarka,2023,TOT-RF (mm),TOT-RF,8760,8760,100.0
NSIT_Dwarka,2023,SR (W/mt2),SR,8760,16,0.18
NSIT_Dwarka,2023,BP (mmHg),BP,8760,8760,100.0
NSIT_Dwarka,2023,VWS (m/s),VWS,8760,1376,15.71
NSIT_Dwarka,2024,Timestamp,Timestamp,8784,0,0.0
NSIT_Dwarka,2024,PM2.5 (µg/m³),PM2.5,8784,347,3.95
NSIT_Dwarka,2024,PM10 (µg/m³),PM10,8784,348,3.96
NSIT_Dwarka,2024,NO (µg/m³),NO,8784,82,0.93
NSIT_Dwarka,2024,NO2 (µg/m³),NO2,8784,49,0.56
NSIT_Dwarka,2024,NOx (ppb),NOx,8784,49,0.56
NSIT_Dwarka,2024,NH3 (µg/m³),NH3,8784,340,3.87
NSIT_Dwarka,2024,SO2 (µg/m³),SO2,8784,99,1.13
NSIT_Dwarka,2024,CO (mg/m³),CO,8784,60,0.68
NSIT_Dwarka,2024,Ozone (µg/m³),Ozone,8784,61,0.69
NSIT_Dwarka,2024,Benzene (µg/m³),Benzene,8784,130,1.48
NSIT_Dwarka,2024,Toluene (µg/m³),Toluene,8784,130,1.48
NSIT_Dwarka,2024,Xylene (µg/m³),Xylene,8784,8784,100.0
NSIT_Dwarka,2024,O Xylene (µg/m³),O Xylene,8784,8784,100.0
NSIT_Dwarka,2024,Eth-Benzene (µg/m³),Eth-Benzene,8784,202,2.3
NSIT_Dwarka,2024,MP-Xylene (µg/m³),MP-Xylene,8784,176,2.0
NSIT_Dwarka,2024,AT (°C),AT,8784,8784,100.0
NSIT_Dwarka,2024,RH (%),RH,8784,16,0.18
NSIT_Dwarka,2024,WS (m/s),WS,8784,12,0.14
NSIT_Dwarka,2024,WD (deg),WD,8784,16,0.18
NSIT_Dwarka,2024,RF (mm),RF,8784,8784,100.0
NSIT_Dwarka,2024,TOT-RF (mm),TOT-RF,8784,8784,100.0
NSIT_Dwarka,2024,SR (W/mt2),SR,8784,16,0.18
NSIT_Dwarka,2024,BP (mmHg),BP,8784,8020,91.3
NSIT_Dwarka,2024,VWS (m/s),VWS,8784,2045,23.28
NSIT_Dwarka,2025,Timestamp,Timestamp,8760,0,0.0
NSIT_Dwarka,2025,PM2.5 (µg/m³),PM2.5,8760,386,4.41
NSIT_Dwarka,2025,PM10 (µg/m³),PM10,8760,584,6.67
NSIT_Dwarka,2025,NO (µg/m³),NO,8760,131,1.5
NSIT_Dwarka,2025,NO2 (µg/m³),NO2,8760,107,1.22
NSIT_Dwarka,2025,NOx (ppb),NOx,8760,96,1.1
NSIT_Dwarka,2025,NH3 (µg/m³),NH3,8760,143,1.63
NSIT_Dwarka,2025,SO2 (µg/m³),SO2,8760,175,2.0
NSIT_Dwarka,2025,CO (mg/m³),CO,8760,80,0.91
NSIT_Dwarka,2025,Ozone (µg/m³),Ozone,8760,86,0.98
NSIT_Dwarka,2025,Benzene (µg/m³),Benzene,8760,127,1.45
NSIT_Dwarka,2025,Toluene (µg/m³),Toluene,8760,127,1.45
NSIT_Dwarka,2025,Xylene (µg/m³),Xylene,8760,8760,100.0
NSIT_Dwarka,2025,O Xylene (µg/m³),O Xylene,8760,8760,100.0
NSIT_Dwarka,2025,Eth-Benzene (µg/m³),Eth-Benzene,8760,136,1.55
NSIT_Dwarka,2025,MP-Xylene (µg/m³),MP-Xylene,8760,144,1.64
NSIT_Dwarka,2025,AT (°C),AT,8760,8760,100.0
NSIT_Dwarka,2025,RH (%),RH,8760,50,0.57
NSIT_Dwarka,2025,WS (m/s),WS,8760,49,0.56
NSIT_Dwarka,2025,WD (deg),WD,8760,51,0.58
NSIT_Dwarka,2025,RF (mm),RF,8760,8760,100.0
NSIT_Dwarka,2025,TOT-RF (mm),TOT-RF,8760,8760,100.0
NSIT_Dwarka,2025,SR (W/mt2),SR,8760,50,0.57
NSIT_Dwarka,2025,BP (mmHg),BP,8760,7917,90.38
NSIT_Dwarka,2025,VWS (m/s),VWS,8760,1934,22.08
NSUT_Jaffarpur,2025,Timestamp,Timestamp,8760,0,0.0
NSUT_Jaffarpur,2025,PM2.5 (µg/m³),PM2.5,8760,8760,100.0
NSUT_Jaffarpur,2025,PM10 (µg/m³),PM10,8760,8760,100.0
NSUT_Jaffarpur,2025,NO (µg/m³),NO,8760,8760,100.0
NSUT_Jaffarpur,2025,NO2 (µg/m³),NO2,8760,8760,100.0
NSUT_Jaffarpur,2025,NOx (ppb),NOx,8760,8760,100.0
NSUT_Jaffarpur,2025,NH3 (µg/m³),NH3,8760,8760,100.0
NSUT_Jaffarpur,2025,SO2 (µg/m³),SO2,8760,8760,100.0
NSUT_Jaffarpur,2025,CO (mg/m³),CO,8760,8760,100.0
NSUT_Jaffarpur,2025,Ozone (µg/m³),Ozone,8760,8760,100.0
NSUT_Jaffarpur,2025,Benzene (µg/m³),Benzene,8760,8760,100.0
NSUT_Jaffarpur,2025,Toluene (µg/m³),Toluene,8760,8760,100.0
NSUT_Jaffarpur,2025,Xylene (µg/m³),Xylene,8760,8760,100.0
NSUT_Jaffarpur,2025,O Xylene (µg/m³),O Xylene,8760,8760,100.0
NSUT_Jaffarpur,2025,Eth-Benzene (µg/m³),Eth-Benzene,8760,8760,100.0
NSUT_Jaffarpur,2025,MP-Xylene (µg/m³),MP-Xylene,8760,8760,100.0
NSUT_Jaffarpur,2025,AT (°C),AT,8760,8760,100.0
NSUT_Jaffarpur,2025,RH (%),RH,8760,8760,100.0
NSUT_Jaffarpur,2025,WS (m/s),WS,8760,8760,100.0
NSUT_Jaffarpur,2025,WD (deg),WD,8760,8760,100.0
NSUT_Jaffarpur,2025,RF (mm),RF,8760,8760,100.0
NSUT_Jaffarpur,2025,TOT-RF (mm),TOT-RF,8760,0,0.0
NSUT_Jaffarpur,2025,SR (W/mt2),SR,8760,8760,100.0
NSUT_Jaffarpur,2025,BP (mmHg),BP,8760,8760,100.0
NSUT_Jaffarpur,2025,VWS (m/s),VWS,8760,8760,100.0
Okhla_Phase-2,2022,Timestamp,Timestamp,8760,0,0.0
Okhla_Phase-2,2022,PM2.5 (µg/m³),PM2.5,8760,77,0.88
Okhla_Phase-2,2022,PM10 (µg/m³),PM10,8760,120,1.37
Okhla_Phase-2,2022,NO (µg/m³),NO,8760,92,1.05
Okhla_Phase-2,2022,NO2 (µg/m³),NO2,8760,73,0.83
Okhla_Phase-2,2022,NOx (ppb),NOx,8760,84,0.96
Okhla_Phase-2,2022,NH3 (µg/m³),NH3,8760,226,2.58
Okhla_Phase-2,2022,SO2 (µg/m³),SO2,8760,61,0.7
Okhla_Phase-2,2022,CO (mg/m³),CO,8760,269,3.07
Okhla_Phase-2,2022,Ozone (µg/m³),Ozone,8760,99,1.13
Okhla_Phase-2,2022,Benzene (µg/m³),Benzene,8760,145,1.66
Okhla_Phase-2,2022,Toluene (µg/m³),Toluene,8760,59,0.67
Okhla_Phase-2,2022,Xylene (µg/m³),Xylene,8760,8760,100.0
Okhla_Phase-2,2022,O Xylene (µg/m³),O Xylene,8760,8760,100.0
Okhla_Phase-2,2022,Eth-Benzene (µg/m³),Eth-Benzene,8760,8760,100.0
Okhla_Phase-2,2022,MP-Xylene (µg/m³),MP-Xylene,8760,8760,100.0
Okhla_Phase-2,2022,AT (°C),AT,8760,59,0.67
Okhla_Phase-2,2022,RH (%),RH,8760,48,0.55
Okhla_Phase-2,2022,WS (m/s),WS,8760,48,0.55
Okhla_Phase-2,2022,WD (deg),WD,8760,48,0.55
Okhla_Phase-2,2022,RF (mm),RF,8760,48,0.55
Okhla_Phase-2,2022,TOT-RF (mm),TOT-RF,8760,0,0.0
Okhla_Phase-2,2022,SR (W/mt2),SR,8760,48,0.55
Okhla_Phase-2,2022,BP (mmHg),BP,8760,48,0.55
Okhla_Phase-2,2022,VWS (m/s),VWS,8760,8760,100.0
Okhla_Phase-2,2023,Timestamp,Timestamp,8760,0,0.0
Okhla_Phase-2,2023,PM2.5 (µg/m³),PM2.5,8760,275,3.14
Okhla_Phase-2,2023,PM10 (µg/m³),PM10,8760,314,3.58
Okhla_Phase-2,2023,NO (µg/m³),NO,8760,325,3.71
Okhla_Phase-2,2023,NO2 (µg/m³),NO2,8760,294,3.36
Okhla_Phase-2,2023,NOx (ppb),NOx,8760,306,3.49
Okhla_Phase-2,2023,NH3 (µg/m³),NH3,8760,472,5.39
Okhla_Phase-2,2023,SO2 (µg/m³),SO2,8760,299,3.41
Okhla_Phase-2,2023,CO (mg/m³),CO,8760,343,3.92
Okhla_Phase-2,2023,Ozone (µg/m³),Ozone,8760,292,3.33
Okhla_Phase-2,2023,Benzene (µg/m³),Benzene,8760,253,2.89
Okhla_Phase-2,2023,Toluene (µg/m³),Toluene,8760,232,2.65
Okhla_Phase-2,2023,Xylene (µg/m³),Xylene,8760,8760,100.0
Okhla_Phase-2,2023,O Xylene (µg/m³),O Xylene,8760,8760,100.0
Okhla_Phase-2,2023,Eth-Benzene (µg/m³),Eth-Benzene,8760,8760,100.0
Okhla_Phase-2,2023,MP-Xylene (µg/m³),MP-Xylene,8760,8760,100.0
Okhla_Phase-2,2023,AT (°C),AT,8760,235,2.68
Okhla_Phase-2,2023,RH (%),RH,8760,235,2.68
Okhla_Phase-2,2023,WS (m/s),WS,8760,235,2.68
Okhla_Phase-2,2023,WD (deg),WD,8760,235,2.68
Okhla_Phase-2,2023,RF (mm),RF,8760,235,2.68
Okhla_Phase-2,2023,TOT-RF (mm),TOT-RF,8760,0,0.0
Okhla_Phase-2,2023,SR (W/mt2),SR,8760,235,2.68
Okhla_Phase-2,2023,BP (mmHg),BP,8760,235,2.68
Okhla_Phase-2,2023,VWS (m/s),VWS,8760,8760,100.0
Okhla_Phase-2,2024,Timestamp,Timestamp,8784,0,0.0
Okhla_Phase-2,2024,PM2.5 (µg/m³),PM2.5,8784,103,1.17
Okhla_Phase-2,2024,PM10 (µg/m³),PM10,8784,157,1.79
Okhla_Phase-2,2024,NO (µg/m³),NO,8784,155,1.76
Okhla_Phase-2,2024,NO2 (µg/m³),NO2,8784,163,1.86
Okhla_Phase-2,2024,NOx (ppb),NOx,8784,147,1.67
Okhla_Phase-2,2024,NH3 (µg/m³),NH3,8784,93,1.06
Okhla_Phase-2,2024,SO2 (µg/m³),SO2,8784,87,0.99
Okhla_Phase-2,2024,CO (mg/m³),CO,8784,360,4.1
Okhla_Phase-2,2024,Ozone (µg/m³),Ozone,8784,378,4.3
Okhla_Phase-2,2024,Benzene (µg/m³),Benzene,8784,128,1.46
Okhla_Phase-2,2024,Toluene (µg/m³),Toluene,8784,128,1.46
Okhla_Phase-2,2024,Xylene (µg/m³),Xylene,8784,8784,100.0
Okhla_Phase-2,2024,O Xylene (µg/m³),O Xylene,8784,8784,100.0
Okhla_Phase-2,2024,Eth-Benzene (µg/m³),Eth-Benzene,8784,8784,100.0
Okhla_Phase-2,2024,MP-Xylene (µg/m³),MP-Xylene,8784,8784,100.0
Okhla_Phase-2,2024,AT (°C),AT,8784,43,0.49
Okhla_Phase-2,2024,RH (%),RH,8784,44,0.5
Okhla_Phase-2,2024,WS (m/s),WS,8784,44,0.5
Okhla_Phase-2,2024,WD (deg),WD,8784,130,1.48
Okhla_Phase-2,2024,RF (mm),RF,8784,43,0.49
Okhla_Phase-2,2024,TOT-RF (mm),TOT-RF,8784,0,0.0
Okhla_Phase-2,2024,SR (W/mt2),SR,8784,44,0.5
Okhla_Phase-2,2024,BP (mmHg),BP,8784,44,0.5
Okhla_Phase-2,2024,VWS (m/s),VWS,8784,8784,100.0
Okhla_Phase-2,2025,Timestamp,Timestamp,8760,0,0.0
Okhla_Phase-2,2025,PM2.5 (µg/m³),PM2.5,8760,263,3.0
Okhla_Phase-2,2025,PM10 (µg/m³),PM10,8760,332,3.79
Okhla_Phase-2,2025,NO (µg/m³),NO,8760,282,3.22
Okhla_Phase-2,2025,NO2 (µg/m³),NO2,8760,230,2.63
Okhla_Phase-2,2025,NOx (ppb),NOx,8760,218,2.49
Okhla_Phase-2,2025,NH3 (µg/m³),NH3,8760,247,2.82
Okhla_Phase-2,2025,SO2 (µg/m³),SO2,8760,127,1.45
Okhla_Phase-2,2025,CO (mg/m³),CO,8760,362,4.13
Okhla_Phase-2,2025,Ozone (µg/m³),Ozone,8760,231,2.64
Okhla_Phase-2,2025,Benzene (µg/m³),Benzene,8760,89,1.02
Okhla_Phase-2,2025,Toluene (µg/m³),Toluene,8760,91,1.04
Okhla_Phase-2,2025,Xylene (µg/m³),Xylene,8760,8760,100.0
Okhla_Phase-2,2025,O Xylene (µg/m³),O Xylene,8760,8760,100.0
Okhla_Phase-2,2025,Eth-Benzene (µg/m³),Eth-Benzene,8760,8760,100.0
Okhla_Phase-2,2025,MP-Xylene (µg/m³),MP-Xylene,8760,8760,100.0
Okhla_Phase-2,2025,AT (°C),AT,8760,129,1.47
Okhla_Phase-2,2025,RH (%),RH,8760,129,1.47
Okhla_Phase-2,2025,WS (m/s),WS,8760,129,1.47
Okhla_Phase-2,2025,WD (deg),WD,8760,1553,17.73
Okhla_Phase-2,2025,RF (mm),RF,8760,129,1.47
Okhla_Phase-2,2025,TOT-RF (mm),TOT-RF,8760,0,0.0
Okhla_Phase-2,2025,SR (W/mt2),SR,8760,129,1.47
Okhla_Phase-2,2025,BP (mmHg),BP,8760,130,1.48
Okhla_Phase-2,2025,VWS (m/s),VWS,8760,8760,100.0
Patparganj,2022,Timestamp,Timestamp,8760,0,0.0
Patparganj,2022,PM2.5 (µg/m³),PM2.5,8760,280,3.2
Patparganj,2022,PM10 (µg/m³),PM10,8760,212,2.42
Patparganj,2022,NO (µg/m³),NO,8760,205,2.34
Patparganj,2022,NO2 (µg/m³),NO2,8760,229,2.61
Patparganj,2022,NOx (ppb),NOx,8760,189,2.16
Patparganj,2022,NH3 (µg/m³),NH3,8760,269,3.07
Patparganj,2022,SO2 (µg/m³),SO2,8760,218,2.49
Patparganj,2022,CO (mg/m³),CO,8760,355,4.05
Patparganj,2022,Ozone (µg/m³),Ozone,8760,493,5.63
Patparganj,2022,Benzene (µg/m³),Benzene,8760,136,1.55
Patparganj,2022,Toluene (µg/m³),Toluene,8760,136,1.55
Patparganj,2022,Xylene (µg/m³),Xylene,8760,8760,100.0
Patparganj,2022,O Xylene (µg/m³),O Xylene,8760,8760,100.0
Patparganj,2022,Eth-Benzene (µg/m³),Eth-Benzene,8760,8760,100.0
Patparganj,2022,MP-Xylene (µg/m³),MP-Xylene,8760,8760,100.0
Patparganj,2022,AT (°C),AT,8760,202,2.31
Patparganj,2022,RH (%),RH,8760,204,2.33
Patparganj,2022,WS (m/s),WS,8760,202,2.31
Patparganj,2022,WD (deg),WD,8760,202,2.31
Patparganj,2022,RF (mm),RF,8760,199,2.27
Patparganj,2022,TOT-RF (mm),TOT-RF,8760,0,0.0
Patparganj,2022,SR (W/mt2),SR,8760,270,3.08
Patparganj,2022,BP (mmHg),BP,8760,211,2.41
Patparganj,2022,VWS (m/s),VWS,8760,8760,100.0
Patparganj,2023,Timestamp,Timestamp,8760,0,0.0
Patparganj,2023,PM2.5 (µg/m³),PM2.5,8760,604,6.89
Patparganj,2023,PM10 (µg/m³),PM10,8760,241,2.75
Patparganj,2023,NO (µg/m³),NO,8760,349,3.98
Patparganj,2023,NO2 (µg/m³),NO2,8760,285,3.25
Patparganj,2023,NOx (ppb),NOx,8760,265,3.03
Patparganj,2023,NH3 (µg/m³),NH3,8760,429,4.9
Patparganj,2023,SO2 (µg/m³),SO2,8760,320,3.65
Patparganj,2023,CO (mg/m³),CO,8760,294,3.36
Patparganj,2023,Ozone (µg/m³),Ozone,8760,472,5.39
Patparganj,2023,Benzene (µg/m³),Benzene,8760,415,4.74
Patparganj,2023,Toluene (µg/m³),Toluene,8760,415,4.74
Patparganj,2023,Xylene (µg/m³),Xylene,8760,8760,100.0
Patparganj,2023,O Xylene (µg/m³),O Xylene,8760,8760,100.0
Patparganj,2023,Eth-Benzene (µg/m³),Eth-Benzene,8760,8760,100.0
Patparganj,2023,MP-Xylene (µg/m³),MP-Xylene,8760,8760,100.0
Patparganj,2023,AT (°C),AT,8760,248,2.83
Patparganj,2023,RH (%),RH,8760,267,3.05
Patparganj,2023,WS (m/s),WS,8760,252,2.88
Patparganj,2023,WD (deg),WD,8760,252,2.88
Patparganj,2023,RF (mm),RF,8760,246,2.81
Patparganj,2023,TOT-RF (mm),TOT-RF,8760,0,0.0
Patparganj,2023,SR (W/mt2),SR,8760,251,2.87
Patparganj,2023,BP (mmHg),BP,8760,428,4.89
Patparganj,2023,VWS (m/s),VWS,8760,8760,100.0
Patparganj,2024,Timestamp,Timestamp,8784,0,0.0
Patparganj,2024,PM2.5 (µg/m³),PM2.5,8784,163,1.86
Patparganj,2024,PM10 (µg/m³),PM10,8784,170,1.94
Patparganj,2024,NO (µg/m³),NO,8784,135,1.54
Patparganj,2024,NO2 (µg/m³),NO2,8784,192,2.19
Patparganj,2024,NOx (ppb),NOx,8784,129,1.47
Patparganj,2024,NH3 (µg/m³),NH3,8784,161,1.83
Patparganj,2024,SO2 (µg/m³),SO2,8784,276,3.14
Patparganj,2024,CO (mg/m³),CO,8784,162,1.84
Patparganj,2024,Ozone (µg/m³),Ozone,8784,660,7.51
Patparganj,2024,Benzene (µg/m³),Benzene,8784,101,1.15
Patparganj,2024,Toluene (µg/m³),Toluene,8784,101,1.15
Patparganj,2024,Xylene (µg/m³),Xylene,8784,8784,100.0
Patparganj,2024,O Xylene (µg/m³),O Xylene,8784,8784,100.0
Patparganj,2024,Eth-Benzene (µg/m³),Eth-Benzene,8784,8784,100.0
Patparganj,2024,MP-Xylene (µg/m³),MP-Xylene,8784,8784,100.0
Patparganj,2024,AT (°C),AT,8784,147,1.67
Patparganj,2024,RH (%),RH,8784,156,1.78
Patparganj,2024,WS (m/s),WS,8784,155,1.76
Patparganj,2024,WD (deg),WD,8784,306,3.48
Patparganj,2024,RF (mm),RF,8784,150,1.71
Patparganj,2024,TOT-RF (mm),TOT-RF,8784,0,0.0
Patparganj,2024,SR (W/mt2),SR,8784,257,2.93
Patparganj,2024,BP (mmHg),BP,8784,230,2.62
Patparganj,2024,VWS (m/s),VWS,8784,8784,100.0
Patparganj,2025,Timestamp,Timestamp,8760,0,0.0
Patparganj,2025,PM2.5 (µg/m³),PM2.5,8760,175,2.0
Patparganj,2025,PM10 (µg/m³),PM10,8760,187,2.13
Patparganj,2025,NO (µg/m³),NO,8760,264,3.01
Patparganj,2025,NO2 (µg/m³),NO2,8760,348,3.97
Patparganj,2025,NOx (ppb),NOx,8760,349,3.98
Patparganj,2025,NH3 (µg/m³),NH3,8760,213,2.43
Patparganj,2025,SO2 (µg/m³),SO2,8760,188,2.15
Patparganj,2025,CO (mg/m³),CO,8760,273,3.12
Patparganj,2025,Ozone (µg/m³),Ozone,8760,479,5.47
Patparganj,2025,Benzene (µg/m³),Benzene,8760,139,1.59
Patparganj,2025,Toluene (µg/m³),Toluene,8760,154,1.76
Patparganj,2025,Xylene (µg/m³),Xylene,8760,8760,100.0
Patparganj,2025,O Xylene (µg/m³),O Xylene,8760,8760,100.0
Patparganj,2025,Eth-Benzene (µg/m³),Eth-Benzene,8760,8760,100.0
Patparganj,2025,MP-Xylene (µg/m³),MP-Xylene,8760,8760,100.0
Patparganj,2025,AT (°C),AT,8760,209,2.39
Patparganj,2025,RH (%),RH,8760,226,2.58
Patparganj,2025,WS (m/s),WS,8760,209,2.39
Patparganj,2025,WD (deg),WD,8760,210,2.4
Patparganj,2025,RF (mm),RF,8760,208,2.37
Patparganj,2025,TOT-RF (mm),TOT-RF,8760,0,0.0
Patparganj,2025,SR (W/mt2),SR,8760,235,2.68
Patparganj,2025,BP (mmHg),BP,8760,686,7.83
Patparganj,2025,VWS (m/s),VWS,8760,8760,100.0
Punjabi_Bagh,2022,Timestamp,Timestamp,8760,0,0.0
Punjabi_Bagh,2022,PM2.5 (µg/m³),PM2.5,8760,291,3.32
Punjabi_Bagh,2022,PM10 (µg/m³),PM10,8760,250,2.85
Punjabi_Bagh,2022,NO (µg/m³),NO,8760,246,2.81
Punjabi_Bagh,2022,NO2 (µg/m³),NO2,8760,199,2.27
Punjabi_Bagh,2022,NOx (ppb),NOx,8760,203,2.32
Punjabi_Bagh,2022,NH3 (µg/m³),NH3,8760,221,2.52
Punjabi_Bagh,2022,SO2 (µg/m³),SO2,8760,972,11.1
Punjabi_Bagh,2022,CO (mg/m³),CO,8760,651,7.43
Punjabi_Bagh,2022,Ozone (µg/m³),Ozone,8760,221,2.52
Punjabi_Bagh,2022,Benzene (µg/m³),Benzene,8760,927,10.58
Punjabi_Bagh,2022,Toluene (µg/m³),Toluene,8760,596,6.8
Punjabi_Bagh,2022,Xylene (µg/m³),Xylene,8760,8760,100.0
Punjabi_Bagh,2022,O Xylene (µg/m³),O Xylene,8760,8760,100.0
Punjabi_Bagh,2022,Eth-Benzene (µg/m³),Eth-Benzene,8760,8760,100.0
Punjabi_Bagh,2022,MP-Xylene (µg/m³),MP-Xylene,8760,8760,100.0
Punjabi_Bagh,2022,AT (°C),AT,8760,107,1.22
Punjabi_Bagh,2022,RH (%),RH,8760,93,1.06
Punjabi_Bagh,2022,WS (m/s),WS,8760,93,1.06
Punjabi_Bagh,2022,WD (deg),WD,8760,93,1.06
Punjabi_Bagh,2022,RF (mm),RF,8760,8753,99.92
Punjabi_Bagh,2022,TOT-RF (mm),TOT-RF,8760,0,0.0
Punjabi_Bagh,2022,SR (W/mt2),SR,8760,93,1.06
Punjabi_Bagh,2022,BP (mmHg),BP,8760,93,1.06
Punjabi_Bagh,2022,VWS (m/s),VWS,8760,179,2.04
Punjabi_Bagh,2023,Timestamp,Timestamp,8760,0,0.0
Punjabi_Bagh,2023,PM2.5 (µg/m³),PM2.5,8760,406,4.63
Punjabi_Bagh,2023,PM10 (µg/m³),PM10,8760,438,5.0
Punjabi_Bagh,2023,NO (µg/m³),NO,8760,720,8.22
Punjabi_Bagh,2023,NO2 (µg/m³),NO2,8760,665,7.59
Punjabi_Bagh,2023,NOx (ppb),NOx,8760,680,7.76
Punjabi_Bagh,2023,NH3 (µg/m³),NH3,8760,768,8.77
Punjabi_Bagh,2023,SO2 (µg/m³),SO2,8760,870,9.93
Punjabi_Bagh,2023,CO (mg/m³),CO,8760,1422,16.23
Punjabi_Bagh,2023,Ozone (µg/m³),Ozone,8760,352,4.02
Punjabi_Bagh,2023,Benzene (µg/m³),Benzene,8760,3750,42.81
Punjabi_Bagh,2023,Toluene (µg/m³),Toluene,8760,3702,42.26
Punjabi_Bagh,2023,Xylene (µg/m³),Xylene,8760,8760,100.0
Punjabi_Bagh,2023,O Xylene (µg/m³),O Xylene,8760,8760,100.0
Punjabi_Bagh,2023,Eth-Benzene (µg/m³),Eth-Benzene,8760,8760,100.0
Punjabi_Bagh,2023,MP-Xylene (µg/m³),MP-Xylene,8760,8760,100.0
Punjabi_Bagh,2023,AT (°C),AT,8760,269,3.07
Punjabi_Bagh,2023,RH (%),RH,8760,258,2.95
Punjabi_Bagh,2023,WS (m/s),WS,8760,258,2.95
Punjabi_Bagh,2023,WD (deg),WD,8760,258,2.95
Punjabi_Bagh,2023,RF (mm),RF,8760,8760,100.0
Punjabi_Bagh,2023,TOT-RF (mm),TOT-RF,8760,0,0.0
Punjabi_Bagh,2023,SR (W/mt2),SR,8760,258,2.95
Punjabi_Bagh,2023,BP (mmHg),BP,8760,318,3.63
Punjabi_Bagh,2023,VWS (m/s),VWS,8760,273,3.12
Punjabi_Bagh,2024,Timestamp,Timestamp,8784,0,0.0
Punjabi_Bagh,2024,PM2.5 (µg/m³),PM2.5,8784,229,2.61
Punjabi_Bagh,2024,PM10 (µg/m³),PM10,8784,239,2.72
Punjabi_Bagh,2024,NO (µg/m³),NO,8784,179,2.04
Punjabi_Bagh,2024,NO2 (µg/m³),NO2,8784,201,2.29
Punjabi_Bagh,2024,NOx (ppb),NOx,8784,158,1.8
Punjabi_Bagh,2024,NH3 (µg/m³),NH3,8784,175,1.99
Punjabi_Bagh,2024,SO2 (µg/m³),SO2,8784,826,9.4
Punjabi_Bagh,2024,CO (mg/m³),CO,8784,194,2.21
Punjabi_Bagh,2024,Ozone (µg/m³),Ozone,8784,274,3.12
Punjabi_Bagh,2024,Benzene (µg/m³),Benzene,8784,7717,87.85
Punjabi_Bagh,2024,Toluene (µg/m³),Toluene,8784,7717,87.85
Punjabi_Bagh,2024,Xylene (µg/m³),Xylene,8784,8784,100.0
Punjabi_Bagh,2024,O Xylene (µg/m³),O Xylene,8784,8784,100.0
Punjabi_Bagh,2024,Eth-Benzene (µg/m³),Eth-Benzene,8784,8784,100.0
Punjabi_Bagh,2024,MP-Xylene (µg/m³),MP-Xylene,8784,8268,94.13
Punjabi_Bagh,2024,AT (°C),AT,8784,72,0.82
Punjabi_Bagh,2024,RH (%),RH,8784,72,0.82
Punjabi_Bagh,2024,WS (m/s),WS,8784,72,0.82
Punjabi_Bagh,2024,WD (deg),WD,8784,72,0.82
Punjabi_Bagh,2024,RF (mm),RF,8784,8784,100.0
Punjabi_Bagh,2024,TOT-RF (mm),TOT-RF,8784,0,0.0
Punjabi_Bagh,2024,SR (W/mt2),SR,8784,72,0.82
Punjabi_Bagh,2024,BP (mmHg),BP,8784,8547,97.3
Punjabi_Bagh,2024,VWS (m/s),VWS,8784,72,0.82
Punjabi_Bagh,2025,Timestamp,Timestamp,8760,0,0.0
Punjabi_Bagh,2025,PM2.5 (µg/m³),PM2.5,8760,660,7.53
Punjabi_Bagh,2025,PM10 (µg/m³),PM10,8760,701,8.0
Punjabi_Bagh,2025,NO (µg/m³),NO,8760,621,7.09
Punjabi_Bagh,2025,NO2 (µg/m³),NO2,8760,615,7.02
Punjabi_Bagh,2025,NOx (ppb),NOx,8760,507,5.79
Punjabi_Bagh,2025,NH3 (µg/m³),NH3,8760,607,6.93
Punjabi_Bagh,2025,SO2 (µg/m³),SO2,8760,1210,13.81
Punjabi_Bagh,2025,CO (mg/m³),CO,8760,374,4.27
Punjabi_Bagh,2025,Ozone (µg/m³),Ozone,8760,624,7.12
Punjabi_Bagh,2025,Benzene (µg/m³),Benzene,8760,7994,91.26
Punjabi_Bagh,2025,Toluene (µg/m³),Toluene,8760,8019,91.54
Punjabi_Bagh,2025,Xylene (µg/m³),Xylene,8760,8760,100.0
Punjabi_Bagh,2025,O Xylene (µg/m³),O Xylene,8760,8760,100.0
Punjabi_Bagh,2025,Eth-Benzene (µg/m³),Eth-Benzene,8760,8760,100.0
Punjabi_Bagh,2025,MP-Xylene (µg/m³),MP-Xylene,8760,8588,98.04
Punjabi_Bagh,2025,AT (°C),AT,8760,335,3.82
Punjabi_Bagh,2025,RH (%),RH,8760,333,3.8
Punjabi_Bagh,2025,WS (m/s),WS,8760,333,3.8
Punjabi_Bagh,2025,WD (deg),WD,8760,333,3.8
Punjabi_Bagh,2025,RF (mm),RF,8760,8760,100.0
Punjabi_Bagh,2025,TOT-RF (mm),TOT-RF,8760,0,0.0
Punjabi_Bagh,2025,SR (W/mt2),SR,8760,333,3.8
Punjabi_Bagh,2025,BP (mmHg),BP,8760,8760,100.0
Punjabi_Bagh,2025,VWS (m/s),VWS,8760,333,3.8
Pusa,2022,Timestamp,Timestamp,8760,0,0.0
Pusa,2022,PM2.5 (µg/m³),PM2.5,8760,376,4.29
Pusa,2022,PM10 (µg/m³),PM10,8760,366,4.18
Pusa,2022,NO (µg/m³),NO,8760,387,4.42
Pusa,2022,NO2 (µg/m³),NO2,8760,385,4.39
Pusa,2022,NOx (ppb),NOx,8760,386,4.41
Pusa,2022,NH3 (µg/m³),NH3,8760,359,4.1
Pusa,2022,SO2 (µg/m³),SO2,8760,491,5.61
Pusa,2022,CO (mg/m³),CO,8760,1237,14.12
Pusa,2022,Ozone (µg/m³),Ozone,8760,417,4.76
Pusa,2022,Benzene (µg/m³),Benzene,8760,352,4.02
Pusa,2022,Toluene (µg/m³),Toluene,8760,352,4.02
Pusa,2022,Xylene (µg/m³),Xylene,8760,8760,100.0
Pusa,2022,O Xylene (µg/m³),O Xylene,8760,8760,100.0
Pusa,2022,Eth-Benzene (µg/m³),Eth-Benzene,8760,8760,100.0
Pusa,2022,MP-Xylene (µg/m³),MP-Xylene,8760,8760,100.0
Pusa,2022,AT (°C),AT,8760,347,3.96
Pusa,2022,RH (%),RH,8760,347,3.96
Pusa,2022,WS (m/s),WS,8760,347,3.96
Pusa,2022,WD (deg),WD,8760,347,3.96
Pusa,2022,RF (mm),RF,8760,347,3.96
Pusa,2022,TOT-RF (mm),TOT-RF,8760,0,0.0
Pusa,2022,SR (W/mt2),SR,8760,347,3.96
Pusa,2022,BP (mmHg),BP,8760,635,7.25
Pusa,2022,VWS (m/s),VWS,8760,8760,100.0
Pusa,2023,Timestamp,Timestamp,8760,0,0.0
Pusa,2023,PM2.5 (µg/m³),PM2.5,8760,429,4.9
Pusa,2023,PM10 (µg/m³),PM10,8760,448,5.11
Pusa,2023,NO (µg/m³),NO,8760,638,7.28
Pusa,2023,NO2 (µg/m³),NO2,8760,630,7.19
Pusa,2023,NOx (ppb),NOx,8760,630,7.19
Pusa,2023,NH3 (µg/m³),NH3,8760,631,7.2
Pusa,2023,SO2 (µg/m³),SO2,8760,555,6.34
Pusa,2023,CO (mg/m³),CO,8760,467,5.33
Pusa,2023,Ozone (µg/m³),Ozone,8760,625,7.13
Pusa,2023,Benzene (µg/m³),Benzene,8760,440,5.02
Pusa,2023,Toluene (µg/m³),Toluene,8760,440,5.02
Pusa,2023,Xylene (µg/m³),Xylene,8760,8760,100.0
Pusa,2023,O Xylene (µg/m³),O Xylene,8760,8760,100.0
Pusa,2023,Eth-Benzene (µg/m³),Eth-Benzene,8760,8760,100.0
Pusa,2023,MP-Xylene (µg/m³),MP-Xylene,8760,8760,100.0
Pusa,2023,AT (°C),AT,8760,398,4.54
Pusa,2023,RH (%),RH,8760,398,4.54
Pusa,2023,WS (m/s),WS,8760,397,4.53
Pusa,2023,WD (deg),WD,8760,397,4.53
Pusa,2023,RF (mm),RF,8760,398,4.54
Pusa,2023,TOT-RF (mm),TOT-RF,8760,0,0.0
Pusa,2023,SR (W/mt2),SR,8760,398,4.54
Pusa,2023,BP (mmHg),BP,8760,398,4.54
Pusa,2023,VWS (m/s),VWS,8760,8760,100.0
Pusa,2024,Timestamp,Timestamp,8784,0,0.0
Pusa,2024,PM2.5 (µg/m³),PM2.5,8784,301,3.43
Pusa,2024,PM10 (µg/m³),PM10,8784,261,2.97
Pusa,2024,NO (µg/m³),NO,8784,213,2.42
Pusa,2024,NO2 (µg/m³),NO2,8784,205,2.33
Pusa,2024,NOx (ppb),NOx,8784,186,2.12
Pusa,2024,NH3 (µg/m³),NH3,8784,204,2.32
Pusa,2024,SO2 (µg/m³),SO2,8784,253,2.88
Pusa,2024,CO (mg/m³),CO,8784,482,5.49
Pusa,2024,Ozone (µg/m³),Ozone,8784,286,3.26
Pusa,2024,Benzene (µg/m³),Benzene,8784,178,2.03
Pusa,2024,Toluene (µg/m³),Toluene,8784,155,1.76
Pusa,2024,Xylene (µg/m³),Xylene,8784,8784,100.0
Pusa,2024,O Xylene (µg/m³),O Xylene,8784,8784,100.0
Pusa,2024,Eth-Benzene (µg/m³),Eth-Benzene,8784,8784,100.0
Pusa,2024,MP-Xylene (µg/m³),MP-Xylene,8784,8784,100.0
Pusa,2024,AT (°C),AT,8784,144,1.64
Pusa,2024,RH (%),RH,8784,144,1.64
Pusa,2024,WS (m/s),WS,8784,144,1.64
Pusa,2024,WD (deg),WD,8784,289,3.29
Pusa,2024,RF (mm),RF,8784,164,1.87
Pusa,2024,TOT-RF (mm),TOT-RF,8784,0,0.0
Pusa,2024,SR (W/mt2),SR,8784,144,1.64
Pusa,2024,BP (mmHg),BP,8784,144,1.64
Pusa,2024,VWS (m/s),VWS,8784,8784,100.0
Pusa,2025,Timestamp,Timestamp,8760,0,0.0
Pusa,2025,PM2.5 (µg/m³),PM2.5,8760,269,3.07
Pusa,2025,PM10 (µg/m³),PM10,8760,308,3.52
Pusa,2025,NO (µg/m³),NO,8760,207,2.36
Pusa,2025,NO2 (µg/m³),NO2,8760,219,2.5
Pusa,2025,NOx (ppb),NOx,8760,209,2.39
Pusa,2025,NH3 (µg/m³),NH3,8760,207,2.36
Pusa,2025,SO2 (µg/m³),SO2,8760,417,4.76
Pusa,2025,CO (mg/m³),CO,8760,499,5.7
Pusa,2025,Ozone (µg/m³),Ozone,8760,273,3.12
Pusa,2025,Benzene (µg/m³),Benzene,8760,222,2.53
Pusa,2025,Toluene (µg/m³),Toluene,8760,223,2.55
Pusa,2025,Xylene (µg/m³),Xylene,8760,8760,100.0
Pusa,2025,O Xylene (µg/m³),O Xylene,8760,8760,100.0
Pusa,2025,Eth-Benzene (µg/m³),Eth-Benzene,8760,8760,100.0
Pusa,2025,MP-Xylene (µg/m³),MP-Xylene,8760,8760,100.0
Pusa,2025,AT (°C),AT,8760,163,1.86
Pusa,2025,RH (%),RH,8760,163,1.86
Pusa,2025,WS (m/s),WS,8760,163,1.86
Pusa,2025,WD (deg),WD,8760,444,5.07
Pusa,2025,RF (mm),RF,8760,163,1.86
Pusa,2025,TOT-RF (mm),TOT-RF,8760,0,0.0
Pusa,2025,SR (W/mt2),SR,8760,163,1.86
Pusa,2025,BP (mmHg),BP,8760,171,1.95
Pusa,2025,VWS (m/s),VWS,8760,8760,100.0
R_K_Puram,2022,Timestamp,Timestamp,8760,0,0.0
R_K_Puram,2022,PM2.5 (µg/m³),PM2.5,8760,213,2.43
R_K_Puram,2022,PM10 (µg/m³),PM10,8760,184,2.1
R_K_Puram,2022,NO (µg/m³),NO,8760,156,1.78
R_K_Puram,2022,NO2 (µg/m³),NO2,8760,130,1.48
R_K_Puram,2022,NOx (ppb),NOx,8760,136,1.55
R_K_Puram,2022,NH3 (µg/m³),NH3,8760,205,2.34
R_K_Puram,2022,SO2 (µg/m³),SO2,8760,396,4.52
R_K_Puram,2022,CO (mg/m³),CO,8760,901,10.29
R_K_Puram,2022,Ozone (µg/m³),Ozone,8760,235,2.68
R_K_Puram,2022,Benzene (µg/m³),Benzene,8760,8655,98.8
R_K_Puram,2022,Toluene (µg/m³),Toluene,8760,8685,99.14
R_K_Puram,2022,Xylene (µg/m³),Xylene,8760,8760,100.0
R_K_Puram,2022,O Xylene (µg/m³),O Xylene,8760,8760,100.0
R_K_Puram,2022,Eth-Benzene (µg/m³),Eth-Benzene,8760,8760,100.0
R_K_Puram,2022,MP-Xylene (µg/m³),MP-Xylene,8760,8760,100.0
R_K_Puram,2022,AT (°C),AT,8760,86,0.98
R_K_Puram,2022,RH (%),RH,8760,94,1.07
R_K_Puram,2022,WS (m/s),WS,8760,86,0.98
R_K_Puram,2022,WD (deg),WD,8760,86,0.98
R_K_Puram,2022,RF (mm),RF,8760,8760,100.0
R_K_Puram,2022,TOT-RF (mm),TOT-RF,8760,0,0.0
R_K_Puram,2022,SR (W/mt2),SR,8760,86,0.98
R_K_Puram,2022,BP (mmHg),BP,8760,86,0.98
R_K_Puram,2022,VWS (m/s),VWS,8760,1406,16.05
R_K_Puram,2023,Timestamp,Timestamp,8760,0,0.0
R_K_Puram,2023,PM2.5 (µg/m³),PM2.5,8760,399,4.55
R_K_Puram,2023,PM10 (µg/m³),PM10,8760,538,6.14
R_K_Puram,2023,NO (µg/m³),NO,8760,767,8.76
R_K_Puram,2023,NO2 (µg/m³),NO2,8760,730,8.33
R_K_Puram,2023,NOx (ppb),NOx,8760,664,7.58
R_K_Puram,2023,NH3 (µg/m³),NH3,8760,723,8.25
R_K_Puram,2023,SO2 (µg/m³),SO2,8760,1610,18.38
R_K_Puram,2023,CO (mg/m³),CO,8760,1749,19.97
R_K_Puram,2023,Ozone (µg/m³),Ozone,8760,697,7.96
R_K_Puram,2023,Benzene (µg/m³),Benzene,8760,8760,100.0
R_K_Puram,2023,Toluene (µg/m³),Toluene,8760,8760,100.0
R_K_Puram,2023,Xylene (µg/m³),Xylene,8760,8760,100.0
R_K_Puram,2023,O Xylene (µg/m³),O Xylene,8760,8760,100.0
R_K_Puram,2023,Eth-Benzene (µg/m³),Eth-Benzene,8760,8760,100.0
R_K_Puram,2023,MP-Xylene (µg/m³),MP-Xylene,8760,8760,100.0
R_K_Puram,2023,AT (°C),AT,8760,306,3.49
R_K_Puram,2023,RH (%),RH,8760,307,3.5
R_K_Puram,2023,WS (m/s),WS,8760,305,3.48
R_K_Puram,2023,WD (deg),WD,8760,306,3.49
R_K_Puram,2023,RF (mm),RF,8760,8760,100.0
R_K_Puram,2023,TOT-RF (mm),TOT-RF,8760,0,0.0
R_K_Puram,2023,SR (W/mt2),SR,8760,317,3.62
R_K_Puram,2023,BP (mmHg),BP,8760,313,3.57
R_K_Puram,2023,VWS (m/s),VWS,8760,2994,34.18
R_K_Puram,2024,Timestamp,Timestamp,8784,0,0.0
R_K_Puram,2024,PM2.5 (µg/m³),PM2.5,8784,435,4.95
R_K_Puram,2024,PM10 (µg/m³),PM10,8784,458,5.21
R_K_Puram,2024,NO (µg/m³),NO,8784,181,2.06
R_K_Puram,2024,NO2 (µg/m³),NO2,8784,204,2.32
R_K_Puram,2024,NOx (ppb),NOx,8784,173,1.97
R_K_Puram,2024,NH3 (µg/m³),NH3,8784,264,3.01
R_K_Puram,2024,SO2 (µg/m³),SO2,8784,396,4.51
R_K_Puram,2024,CO (mg/m³),CO,8784,203,2.31
R_K_Puram,2024,Ozone (µg/m³),Ozone,8784,473,5.38
R_K_Puram,2024,Benzene (µg/m³),Benzene,8784,923,10.51
R_K_Puram,2024,Toluene (µg/m³),Toluene,8784,923,10.51
R_K_Puram,2024,Xylene (µg/m³),Xylene,8784,8784,100.0
R_K_Puram,2024,O Xylene (µg/m³),O Xylene,8784,8784,100.0
R_K_Puram,2024,Eth-Benzene (µg/m³),Eth-Benzene,8784,8784,100.0
R_K_Puram,2024,MP-Xylene (µg/m³),MP-Xylene,8784,8784,100.0
R_K_Puram,2024,AT (°C),AT,8784,135,1.54
R_K_Puram,2024,RH (%),RH,8784,135,1.54
R_K_Puram,2024,WS (m/s),WS,8784,135,1.54
R_K_Puram,2024,WD (deg),WD,8784,135,1.54
R_K_Puram,2024,RF (mm),RF,8784,8784,100.0
R_K_Puram,2024,TOT-RF (mm),TOT-RF,8784,0,0.0
R_K_Puram,2024,SR (W/mt2),SR,8784,135,1.54
R_K_Puram,2024,BP (mmHg),BP,8784,339,3.86
R_K_Puram,2024,VWS (m/s),VWS,8784,161,1.83
R_K_Puram,2025,Timestamp,Timestamp,8760,0,0.0
R_K_Puram,2025,PM2.5 (µg/m³),PM2.5,8760,402,4.59
R_K_Puram,2025,PM10 (µg/m³),PM10,8760,514,5.87
R_K_Puram,2025,NO (µg/m³),NO,8760,88,1.0
R_K_Puram,2025,NO2 (µg/m³),NO2,8760,130,1.48
R_K_Puram,2025,NOx (ppb),NOx,8760,86,0.98
R_K_Puram,2025,NH3 (µg/m³),NH3,8760,177,2.02
R_K_Puram,2025,SO2 (µg/m³),SO2,8760,462,5.27
R_K_Puram,2025,CO (mg/m³),CO,8760,290,3.31
R_K_Puram,2025,Ozone (µg/m³),Ozone,8760,192,2.19
R_K_Puram,2025,Benzene (µg/m³),Benzene,8760,572,6.53
R_K_Puram,2025,Toluene (µg/m³),Toluene,8760,572,6.53
R_K_Puram,2025,Xylene (µg/m³),Xylene,8760,8760,100.0
R_K_Puram,2025,O Xylene (µg/m³),O Xylene,8760,8760,100.0
R_K_Puram,2025,Eth-Benzene (µg/m³),Eth-Benzene,8760,8760,100.0
R_K_Puram,2025,MP-Xylene (µg/m³),MP-Xylene,8760,8760,100.0
R_K_Puram,2025,AT (°C),AT,8760,53,0.61
R_K_Puram,2025,RH (%),RH,8760,53,0.61
R_K_Puram,2025,WS (m/s),WS,8760,53,0.61
R_K_Puram,2025,WD (deg),WD,8760,53,0.61
R_K_Puram,2025,RF (mm),RF,8760,8760,100.0
R_K_Puram,2025,TOT-RF (mm),TOT-RF,8760,0,0.0
R_K_Puram,2025,SR (W/mt2),SR,8760,55,0.63
R_K_Puram,2025,BP (mmHg),BP,8760,129,1.47
R_K_Puram,2025,VWS (m/s),VWS,8760,54,0.62
Rohini,2022,Timestamp,Timestamp,8760,0,0.0
Rohini,2022,PM2.5 (µg/m³),PM2.5,8760,56,0.64
Rohini,2022,PM10 (µg/m³),PM10,8760,68,0.78
Rohini,2022,NO (µg/m³),NO,8760,131,1.5
Rohini,2022,NO2 (µg/m³),NO2,8760,121,1.38
Rohini,2022,NOx (ppb),NOx,8760,144,1.64
Rohini,2022,NH3 (µg/m³),NH3,8760,111,1.27
Rohini,2022,SO2 (µg/m³),SO2,8760,408,4.66
Rohini,2022,CO (mg/m³),CO,8760,199,2.27
Rohini,2022,Ozone (µg/m³),Ozone,8760,453,5.17
Rohini,2022,Benzene (µg/m³),Benzene,8760,8056,91.96
Rohini,2022,Toluene (µg/m³),Toluene,8760,8056,91.96
Rohini,2022,Xylene (µg/m³),Xylene,8760,8760,100.0
Rohini,2022,O Xylene (µg/m³),O Xylene,8760,8760,100.0
Rohini,2022,Eth-Benzene (µg/m³),Eth-Benzene,8760,8760,100.0
Rohini,2022,MP-Xylene (µg/m³),MP-Xylene,8760,8760,100.0
Rohini,2022,AT (°C),AT,8760,124,1.42
Rohini,2022,RH (%),RH,8760,123,1.4
Rohini,2022,WS (m/s),WS,8760,119,1.36
Rohini,2022,WD (deg),WD,8760,119,1.36
Rohini,2022,RF (mm),RF,8760,121,1.38
Rohini,2022,TOT-RF (mm),TOT-RF,8760,0,0.0
Rohini,2022,SR (W/mt2),SR,8760,123,1.4
Rohini,2022,BP (mmHg),BP,8760,123,1.4
Rohini,2022,VWS (m/s),VWS,8760,8760,100.0
Rohini,2023,Timestamp,Timestamp,8760,0,0.0
Rohini,2023,PM2.5 (µg/m³),PM2.5,8760,210,2.4
Rohini,2023,PM10 (µg/m³),PM10,8760,239,2.73
Rohini,2023,NO (µg/m³),NO,8760,350,4.0
Rohini,2023,NO2 (µg/m³),NO2,8760,327,3.73
Rohini,2023,NOx (ppb),NOx,8760,323,3.69
Rohini,2023,NH3 (µg/m³),NH3,8760,361,4.12
Rohini,2023,SO2 (µg/m³),SO2,8760,493,5.63
Rohini,2023,CO (mg/m³),CO,8760,412,4.7
Rohini,2023,Ozone (µg/m³),Ozone,8760,697,7.96
Rohini,2023,Benzene (µg/m³),Benzene,8760,8727,99.62
Rohini,2023,Toluene (µg/m³),Toluene,8760,8727,99.62
Rohini,2023,Xylene (µg/m³),Xylene,8760,8760,100.0
Rohini,2023,O Xylene (µg/m³),O Xylene,8760,8760,100.0
Rohini,2023,Eth-Benzene (µg/m³),Eth-Benzene,8760,8760,100.0
Rohini,2023,MP-Xylene (µg/m³),MP-Xylene,8760,8760,100.0
Rohini,2023,AT (°C),AT,8760,654,7.47
Rohini,2023,RH (%),RH,8760,620,7.08
Rohini,2023,WS (m/s),WS,8760,611,6.97
Rohini,2023,WD (deg),WD,8760,611,6.97
Rohini,2023,RF (mm),RF,8760,611,6.97
Rohini,2023,TOT-RF (mm),TOT-RF,8760,0,0.0
Rohini,2023,SR (W/mt2),SR,8760,623,7.11
Rohini,2023,BP (mmHg),BP,8760,657,7.5
Rohini,2023,VWS (m/s),VWS,8760,8760,100.0
Rohini,2024,Timestamp,Timestamp,8784,0,0.0
Rohini,2024,PM2.5 (µg/m³),PM2.5,8784,262,2.98
Rohini,2024,PM10 (µg/m³),PM10,8784,128,1.46
Rohini,2024,NO (µg/m³),NO,8784,69,0.79
Rohini,2024,NO2 (µg/m³),NO2,8784,50,0.57
Rohini,2024,NOx (ppb),NOx,8784,49,0.56
Rohini,2024,NH3 (µg/m³),NH3,8784,77,0.88
Rohini,2024,SO2 (µg/m³),SO2,8784,52,0.59
Rohini,2024,CO (mg/m³),CO,8784,71,0.81
Rohini,2024,Ozone (µg/m³),Ozone,8784,229,2.61
Rohini,2024,Benzene (µg/m³),Benzene,8784,902,10.27
Rohini,2024,Toluene (µg/m³),Toluene,8784,908,10.34
Rohini,2024,Xylene (µg/m³),Xylene,8784,8784,100.0
Rohini,2024,O Xylene (µg/m³),O Xylene,8784,8784,100.0
Rohini,2024,Eth-Benzene (µg/m³),Eth-Benzene,8784,8784,100.0
Rohini,2024,MP-Xylene (µg/m³),MP-Xylene,8784,8784,100.0
Rohini,2024,AT (°C),AT,8784,172,1.96
Rohini,2024,RH (%),RH,8784,172,1.96
Rohini,2024,WS (m/s),WS,8784,185,2.11
Rohini,2024,WD (deg),WD,8784,172,1.96
Rohini,2024,RF (mm),RF,8784,171,1.95
Rohini,2024,TOT-RF (mm),TOT-RF,8784,0,0.0
Rohini,2024,SR (W/mt2),SR,8784,172,1.96
Rohini,2024,BP (mmHg),BP,8784,213,2.42
Rohini,2024,VWS (m/s),VWS,8784,8784,100.0
Rohini,2025,Timestamp,Timestamp,8760,0,0.0
Rohini,2025,PM2.5 (µg/m³),PM2.5,8760,124,1.42
Rohini,2025,PM10 (µg/m³),PM10,8760,164,1.87
Rohini,2025,NO (µg/m³),NO,8760,62,0.71
Rohini,2025,NO2 (µg/m³),NO2,8760,59,0.67
Rohini,2025,NOx (ppb),NOx,8760,56,0.64
Rohini,2025,NH3 (µg/m³),NH3,8760,103,1.18
Rohini,2025,SO2 (µg/m³),SO2,8760,73,0.83
Rohini,2025,CO (mg/m³),CO,8760,122,1.39
Rohini,2025,Ozone (µg/m³),Ozone,8760,51,0.58
Rohini,2025,Benzene (µg/m³),Benzene,8760,686,7.83
Rohini,2025,Toluene (µg/m³),Toluene,8760,691,7.89
Rohini,2025,Xylene (µg/m³),Xylene,8760,8760,100.0
Rohini,2025,O Xylene (µg/m³),O Xylene,8760,8760,100.0
Rohini,2025,Eth-Benzene (µg/m³),Eth-Benzene,8760,8760,100.0
Rohini,2025,MP-Xylene (µg/m³),MP-Xylene,8760,8760,100.0
Rohini,2025,AT (°C),AT,8760,44,0.5
Rohini,2025,RH (%),RH,8760,35,0.4
Rohini,2025,WS (m/s),WS,8760,61,0.7
Rohini,2025,WD (deg),WD,8760,36,0.41
Rohini,2025,RF (mm),RF,8760,35,0.4
Rohini,2025,TOT-RF (mm),TOT-RF,8760,0,0.0
Rohini,2025,SR (W/mt2),SR,8760,36,0.41
Rohini,2025,BP (mmHg),BP,8760,42,0.48
Rohini,2025,VWS (m/s),VWS,8760,8760,100.0
Shadipur,2022,Timestamp,Timestamp,8760,0,0.0
Shadipur,2022,PM2.5 (µg/m³),PM2.5,8760,432,4.93
Shadipur,2022,PM10 (µg/m³),PM10,8760,431,4.92
Shadipur,2022,NO (µg/m³),NO,8760,207,2.36
Shadipur,2022,NO2 (µg/m³),NO2,8760,170,1.94
Shadipur,2022,NOx (ppb),NOx,8760,187,2.13
Shadipur,2022,NH3 (µg/m³),NH3,8760,298,3.4
Shadipur,2022,SO2 (µg/m³),SO2,8760,165,1.88
Shadipur,2022,CO (mg/m³),CO,8760,146,1.67
Shadipur,2022,Ozone (µg/m³),Ozone,8760,125,1.43
Shadipur,2022,Benzene (µg/m³),Benzene,8760,238,2.72
Shadipur,2022,Toluene (µg/m³),Toluene,8760,240,2.74
Shadipur,2022,Xylene (µg/m³),Xylene,8760,8760,100.0
Shadipur,2022,O Xylene (µg/m³),O Xylene,8760,8760,100.0
Shadipur,2022,Eth-Benzene (µg/m³),Eth-Benzene,8760,582,6.64
Shadipur,2022,MP-Xylene (µg/m³),MP-Xylene,8760,901,10.29
Shadipur,2022,AT (°C),AT,8760,8736,99.73
Shadipur,2022,RH (%),RH,8760,151,1.72
Shadipur,2022,WS (m/s),WS,8760,70,0.8
Shadipur,2022,WD (deg),WD,8760,70,0.8
Shadipur,2022,RF (mm),RF,8760,8760,100.0
Shadipur,2022,TOT-RF (mm),TOT-RF,8760,8760,100.0
Shadipur,2022,SR (W/mt2),SR,8760,566,6.46
Shadipur,2022,BP (mmHg),BP,8760,8756,99.95
Shadipur,2022,VWS (m/s),VWS,8760,70,0.8
Shadipur,2023,Timestamp,Timestamp,8760,0,0.0
Shadipur,2023,PM2.5 (µg/m³),PM2.5,8760,546,6.23
Shadipur,2023,PM10 (µg/m³),PM10,8760,798,9.11
Shadipur,2023,NO (µg/m³),NO,8760,160,1.83
Shadipur,2023,NO2 (µg/m³),NO2,8760,155,1.77
Shadipur,2023,NOx (ppb),NOx,8760,158,1.8
Shadipur,2023,NH3 (µg/m³),NH3,8760,193,2.2
Shadipur,2023,SO2 (µg/m³),SO2,8760,198,2.26
Shadipur,2023,CO (mg/m³),CO,8760,177,2.02
Shadipur,2023,Ozone (µg/m³),Ozone,8760,195,2.23
Shadipur,2023,Benzene (µg/m³),Benzene,8760,235,2.68
Shadipur,2023,Toluene (µg/m³),Toluene,8760,235,2.68
Shadipur,2023,Xylene (µg/m³),Xylene,8760,8760,100.0
Shadipur,2023,O Xylene (µg/m³),O Xylene,8760,8760,100.0
Shadipur,2023,Eth-Benzene (µg/m³),Eth-Benzene,8760,242,2.76
Shadipur,2023,MP-Xylene (µg/m³),MP-Xylene,8760,243,2.77
Shadipur,2023,AT (°C),AT,8760,8760,100.0
Shadipur,2023,RH (%),RH,8760,462,5.27
Shadipur,2023,WS (m/s),WS,8760,94,1.07
Shadipur,2023,WD (deg),WD,8760,94,1.07
Shadipur,2023,RF (mm),RF,8760,8760,100.0
Shadipur,2023,TOT-RF (mm),TOT-RF,8760,8760,100.0
Shadipur,2023,SR (W/mt2),SR,8760,303,3.46
Shadipur,2023,BP (mmHg),BP,8760,8759,99.99
Shadipur,2023,VWS (m/s),VWS,8760,44,0.5
Shadipur,2024,Timestamp,Timestamp,8784,0,0.0
Shadipur,2024,PM2.5 (µg/m³),PM2.5,8784,283,3.22
Shadipur,2024,PM10 (µg/m³),PM10,8784,390,4.44
Shadipur,2024,NO (µg/m³),NO,8784,116,1.32
Shadipur,2024,NO2 (µg/m³),NO2,8784,111,1.26
Shadipur,2024,NOx (ppb),NOx,8784,115,1.31
Shadipur,2024,NH3 (µg/m³),NH3,8784,340,3.87
Shadipur,2024,SO2 (µg/m³),SO2,8784,124,1.41
Shadipur,2024,CO (mg/m³),CO,8784,277,3.15
Shadipur,2024,Ozone (µg/m³),Ozone,8784,213,2.42
Shadipur,2024,Benzene (µg/m³),Benzene,8784,177,2.02
Shadipur,2024,Toluene (µg/m³),Toluene,8784,179,2.04
Shadipur,2024,Xylene (µg/m³),Xylene,8784,8784,100.0
Shadipur,2024,O Xylene (µg/m³),O Xylene,8784,8784,100.0
Shadipur,2024,Eth-Benzene (µg/m³),Eth-Benzene,8784,203,2.31
Shadipur,2024,MP-Xylene (µg/m³),MP-Xylene,8784,194,2.21
Shadipur,2024,AT (°C),AT,8784,8784,100.0
Shadipur,2024,RH (%),RH,8784,192,2.19
Shadipur,2024,WS (m/s),WS,8784,46,0.52
Shadipur,2024,WD (deg),WD,8784,46,0.52
Shadipur,2024,RF (mm),RF,8784,8784,100.0
Shadipur,2024,TOT-RF (mm),TOT-RF,8784,8784,100.0
Shadipur,2024,SR (W/mt2),SR,8784,425,4.84
Shadipur,2024,BP (mmHg),BP,8784,8740,99.5
Shadipur,2024,VWS (m/s),VWS,8784,46,0.52
Shadipur,2025,Timestamp,Timestamp,8760,0,0.0
Shadipur,2025,PM2.5 (µg/m³),PM2.5,8760,713,8.14
Shadipur,2025,PM10 (µg/m³),PM10,8760,573,6.54
Shadipur,2025,NO (µg/m³),NO,8760,284,3.24
Shadipur,2025,NO2 (µg/m³),NO2,8760,282,3.22
Shadipur,2025,NOx (ppb),NOx,8760,283,3.23
Shadipur,2025,NH3 (µg/m³),NH3,8760,441,5.03
Shadipur,2025,SO2 (µg/m³),SO2,8760,412,4.7
Shadipur,2025,CO (mg/m³),CO,8760,274,3.13
Shadipur,2025,Ozone (µg/m³),Ozone,8760,316,3.61
Shadipur,2025,Benzene (µg/m³),Benzene,8760,331,3.78
Shadipur,2025,Toluene (µg/m³),Toluene,8760,331,3.78
Shadipur,2025,Xylene (µg/m³),Xylene,8760,8760,100.0
Shadipur,2025,O Xylene (µg/m³),O Xylene,8760,8760,100.0
Shadipur,2025,Eth-Benzene (µg/m³),Eth-Benzene,8760,332,3.79
Shadipur,2025,MP-Xylene (µg/m³),MP-Xylene,8760,331,3.78
Shadipur,2025,AT (°C),AT,8760,8760,100.0
Shadipur,2025,RH (%),RH,8760,1029,11.75
Shadipur,2025,WS (m/s),WS,8760,265,3.03
Shadipur,2025,WD (deg),WD,8760,243,2.77
Shadipur,2025,RF (mm),RF,8760,8760,100.0
Shadipur,2025,TOT-RF (mm),TOT-RF,8760,8760,100.0
Shadipur,2025,SR (W/mt2),SR,8760,682,7.79
Shadipur,2025,BP (mmHg),BP,8760,8760,100.0
Shadipur,2025,VWS (m/s),VWS,8760,244,2.79
Sirifort,2022,Timestamp,Timestamp,8760,0,0.0
Sirifort,2022,PM2.5 (µg/m³),PM2.5,8760,632,7.21
Sirifort,2022,PM10 (µg/m³),PM10,8760,599,6.84
Sirifort,2022,NO (µg/m³),NO,8760,1610,18.38
Sirifort,2022,NO2 (µg/m³),NO2,8760,1792,20.46
Sirifort,2022,NOx (ppb),NOx,8760,1704,19.45
Sirifort,2022,NH3 (µg/m³),NH3,8760,1628,18.58
Sirifort,2022,SO2 (µg/m³),SO2,8760,652,7.44
Sirifort,2022,CO (mg/m³),CO,8760,475,5.42
Sirifort,2022,Ozone (µg/m³),Ozone,8760,795,9.08
Sirifort,2022,Benzene (µg/m³),Benzene,8760,2787,31.82
Sirifort,2022,Toluene (µg/m³),Toluene,8760,2539,28.98
Sirifort,2022,Xylene (µg/m³),Xylene,8760,8760,100.0
Sirifort,2022,O Xylene (µg/m³),O Xylene,8760,8760,100.0
Sirifort,2022,Eth-Benzene (µg/m³),Eth-Benzene,8760,3738,42.67
Sirifort,2022,MP-Xylene (µg/m³),MP-Xylene,8760,4210,48.06
Sirifort,2022,AT (°C),AT,8760,8760,100.0
Sirifort,2022,RH (%),RH,8760,410,4.68
Sirifort,2022,WS (m/s),WS,8760,241,2.75
Sirifort,2022,WD (deg),WD,8760,236,2.69
Sirifort,2022,RF (mm),RF,8760,251,2.87
Sirifort,2022,TOT-RF (mm),TOT-RF,8760,0,0.0
Sirifort,2022,SR (W/mt2),SR,8760,249,2.84
Sirifort,2022,BP (mmHg),BP,8760,8760,100.0
Sirifort,2022,VWS (m/s),VWS,8760,8760,100.0
Sirifort,2023,Timestamp,Timestamp,8760,0,0.0
Sirifort,2023,PM2.5 (µg/m³),PM2.5,8760,744,8.49
Sirifort,2023,PM10 (µg/m³),PM10,8760,481,5.49
Sirifort,2023,NO (µg/m³),NO,8760,821,9.37
Sirifort,2023,NO2 (µg/m³),NO2,8760,925,10.56
Sirifort,2023,NOx (ppb),NOx,8760,957,10.92
Sirifort,2023,NH3 (µg/m³),NH3,8760,1215,13.87
Sirifort,2023,SO2 (µg/m³),SO2,8760,944,10.78
Sirifort,2023,CO (mg/m³),CO,8760,503,5.74
Sirifort,2023,Ozone (µg/m³),Ozone,8760,483,5.51
Sirifort,2023,Benzene (µg/m³),Benzene,8760,2107,24.05
Sirifort,2023,Toluene (µg/m³),Toluene,8760,1853,21.15
Sirifort,2023,Xylene (µg/m³),Xylene,8760,8760,100.0
Sirifort,2023,O Xylene (µg/m³),O Xylene,8760,8760,100.0
Sirifort,2023,Eth-Benzene (µg/m³),Eth-Benzene,8760,4173,47.64
Sirifort,2023,MP-Xylene (µg/m³),MP-Xylene,8760,5151,58.8
Sirifort,2023,AT (°C),AT,8760,8760,100.0
Sirifort,2023,RH (%),RH,8760,2503,28.57
Sirifort,2023,WS (m/s),WS,8760,3561,40.65
Sirifort,2023,WD (deg),WD,8760,3553,40.56
Sirifort,2023,RF (mm),RF,8760,2591,29.58
Sirifort,2023,TOT-RF (mm),TOT-RF,8760,0,0.0
Sirifort,2023,SR (W/mt2),SR,8760,3569,40.74
Sirifort,2023,BP (mmHg),BP,8760,8760,100.0
Sirifort,2023,VWS (m/s),VWS,8760,8760,100.0
Sirifort,2024,Timestamp,Timestamp,8784,0,0.0
Sirifort,2024,PM2.5 (µg/m³),PM2.5,8784,2585,29.43
Sirifort,2024,PM10 (µg/m³),PM10,8784,257,2.93
Sirifort,2024,NO (µg/m³),NO,8784,321,3.65
Sirifort,2024,NO2 (µg/m³),NO2,8784,469,5.34
Sirifort,2024,NOx (ppb),NOx,8784,275,3.13
Sirifort,2024,NH3 (µg/m³),NH3,8784,401,4.57
Sirifort,2024,SO2 (µg/m³),SO2,8784,245,2.79
Sirifort,2024,CO (mg/m³),CO,8784,135,1.54
Sirifort,2024,Ozone (µg/m³),Ozone,8784,183,2.08
Sirifort,2024,Benzene (µg/m³),Benzene,8784,1877,21.37
Sirifort,2024,Toluene (µg/m³),Toluene,8784,7038,80.12
Sirifort,2024,Xylene (µg/m³),Xylene,8784,8784,100.0
Sirifort,2024,O Xylene (µg/m³),O Xylene,8784,8784,100.0
Sirifort,2024,Eth-Benzene (µg/m³),Eth-Benzene,8784,3098,35.27
Sirifort,2024,MP-Xylene (µg/m³),MP-Xylene,8784,1944,22.13
Sirifort,2024,AT (°C),AT,8784,2128,24.23
Sirifort,2024,RH (%),RH,8784,129,1.47
Sirifort,2024,WS (m/s),WS,8784,2208,25.14
Sirifort,2024,WD (deg),WD,8784,1517,17.27
Sirifort,2024,RF (mm),RF,8784,2124,24.18
Sirifort,2024,TOT-RF (mm),TOT-RF,8784,0,0.0
Sirifort,2024,SR (W/mt2),SR,8784,4439,50.54
Sirifort,2024,BP (mmHg),BP,8784,8784,100.0
Sirifort,2024,VWS (m/s),VWS,8784,8784,100.0
Sirifort,2025,Timestamp,Timestamp,8760,0,0.0
Sirifort,2025,PM2.5 (µg/m³),PM2.5,8760,280,3.2
Sirifort,2025,PM10 (µg/m³),PM10,8760,149,1.7
Sirifort,2025,NO (µg/m³),NO,8760,231,2.64
Sirifort,2025,NO2 (µg/m³),NO2,8760,230,2.63
Sirifort,2025,NOx (ppb),NOx,8760,193,2.2
Sirifort,2025,NH3 (µg/m³),NH3,8760,232,2.65
Sirifort,2025,SO2 (µg/m³),SO2,8760,84,0.96
Sirifort,2025,CO (mg/m³),CO,8760,58,0.66
Sirifort,2025,Ozone (µg/m³),Ozone,8760,71,0.81
Sirifort,2025,Benzene (µg/m³),Benzene,8760,129,1.47
Sirifort,2025,Toluene (µg/m³),Toluene,8760,8760,100.0
Sirifort,2025,Xylene (µg/m³),Xylene,8760,8760,100.0
Sirifort,2025,O Xylene (µg/m³),O Xylene,8760,8760,100.0
Sirifort,2025,Eth-Benzene (µg/m³),Eth-Benzene,8760,288,3.29
Sirifort,2025,MP-Xylene (µg/m³),MP-Xylene,8760,171,1.95
Sirifort,2025,AT (°C),AT,8760,99,1.13
Sirifort,2025,RH (%),RH,8760,55,0.63
Sirifort,2025,WS (m/s),WS,8760,2091,23.87
Sirifort,2025,WD (deg),WD,8760,66,0.75
Sirifort,2025,RF (mm),RF,8760,48,0.55
Sirifort,2025,TOT-RF (mm),TOT-RF,8760,0,0.0
Sirifort,2025,SR (W/mt2),SR,8760,3788,43.24
Sirifort,2025,BP (mmHg),BP,8760,8760,100.0
Sirifort,2025,VWS (m/s),VWS,8760,8760,100.0
Sonia_Vihar,2022,Timestamp,Timestamp,8760,0,0.0
Sonia_Vihar,2022,PM2.5 (µg/m³),PM2.5,8760,284,3.24
Sonia_Vihar,2022,PM10 (µg/m³),PM10,8760,266,3.04
Sonia_Vihar,2022,NO (µg/m³),NO,8760,398,4.54
Sonia_Vihar,2022,NO2 (µg/m³),NO2,8760,396,4.52
Sonia_Vihar,2022,NOx (ppb),NOx,8760,397,4.53
Sonia_Vihar,2022,NH3 (µg/m³),NH3,8760,359,4.1
Sonia_Vihar,2022,SO2 (µg/m³),SO2,8760,337,3.85
Sonia_Vihar,2022,CO (mg/m³),CO,8760,339,3.87
Sonia_Vihar,2022,Ozone (µg/m³),Ozone,8760,320,3.65
Sonia_Vihar,2022,Benzene (µg/m³),Benzene,8760,287,3.28
Sonia_Vihar,2022,Toluene (µg/m³),Toluene,8760,263,3.0
Sonia_Vihar,2022,Xylene (µg/m³),Xylene,8760,8760,100.0
Sonia_Vihar,2022,O Xylene (µg/m³),O Xylene,8760,8760,100.0
Sonia_Vihar,2022,Eth-Benzene (µg/m³),Eth-Benzene,8760,8760,100.0
Sonia_Vihar,2022,MP-Xylene (µg/m³),MP-Xylene,8760,8760,100.0
Sonia_Vihar,2022,AT (°C),AT,8760,226,2.58
Sonia_Vihar,2022,RH (%),RH,8760,226,2.58
Sonia_Vihar,2022,WS (m/s),WS,8760,231,2.64
Sonia_Vihar,2022,WD (deg),WD,8760,226,2.58
Sonia_Vihar,2022,RF (mm),RF,8760,226,2.58
Sonia_Vihar,2022,TOT-RF (mm),TOT-RF,8760,0,0.0
Sonia_Vihar,2022,SR (W/mt2),SR,8760,226,2.58
Sonia_Vihar,2022,BP (mmHg),BP,8760,237,2.71
Sonia_Vihar,2022,VWS (m/s),VWS,8760,8760,100.0
Sonia_Vihar,2023,Timestamp,Timestamp,8760,0,0.0
Sonia_Vihar,2023,PM2.5 (µg/m³),PM2.5,8760,340,3.88
Sonia_Vihar,2023,PM10 (µg/m³),PM10,8760,399,4.55
Sonia_Vihar,2023,NO (µg/m³),NO,8760,549,6.27
Sonia_Vihar,2023,NO2 (µg/m³),NO2,8760,545,6.22
Sonia_Vihar,2023,NOx (ppb),NOx,8760,535,6.11
Sonia_Vihar,2023,NH3 (µg/m³),NH3,8760,626,7.15
Sonia_Vihar,2023,SO2 (µg/m³),SO2,8760,449,5.13
Sonia_Vihar,2023,CO (mg/m³),CO,8760,556,6.35
Sonia_Vihar,2023,Ozone (µg/m³),Ozone,8760,462,5.27
Sonia_Vihar,2023,Benzene (µg/m³),Benzene,8760,3249,37.09
Sonia_Vihar,2023,Toluene (µg/m³),Toluene,8760,3244,37.03
Sonia_Vihar,2023,Xylene (µg/m³),Xylene,8760,8760,100.0
Sonia_Vihar,2023,O Xylene (µg/m³),O Xylene,8760,8760,100.0
Sonia_Vihar,2023,Eth-Benzene (µg/m³),Eth-Benzene,8760,8760,100.0
Sonia_Vihar,2023,MP-Xylene (µg/m³),MP-Xylene,8760,8760,100.0
Sonia_Vihar,2023,AT (°C),AT,8760,353,4.03
Sonia_Vihar,2023,RH (%),RH,8760,353,4.03
Sonia_Vihar,2023,WS (m/s),WS,8760,401,4.58
Sonia_Vihar,2023,WD (deg),WD,8760,401,4.58
Sonia_Vihar,2023,RF (mm),RF,8760,353,4.03
Sonia_Vihar,2023,TOT-RF (mm),TOT-RF,8760,0,0.0
Sonia_Vihar,2023,SR (W/mt2),SR,8760,353,4.03
Sonia_Vihar,2023,BP (mmHg),BP,8760,353,4.03
Sonia_Vihar,2023,VWS (m/s),VWS,8760,8760,100.0
Sonia_Vihar,2024,Timestamp,Timestamp,8784,0,0.0
Sonia_Vihar,2024,PM2.5 (µg/m³),PM2.5,8784,419,4.77
Sonia_Vihar,2024,PM10 (µg/m³),PM10,8784,287,3.27
Sonia_Vihar,2024,NO (µg/m³),NO,8784,243,2.77
Sonia_Vihar,2024,NO2 (µg/m³),NO2,8784,242,2.76
Sonia_Vihar,2024,NOx (ppb),NOx,8784,241,2.74
Sonia_Vihar,2024,NH3 (µg/m³),NH3,8784,196,2.23
Sonia_Vihar,2024,SO2 (µg/m³),SO2,8784,212,2.41
Sonia_Vihar,2024,CO (mg/m³),CO,8784,185,2.11
Sonia_Vihar,2024,Ozone (µg/m³),Ozone,8784,980,11.16
Sonia_Vihar,2024,Benzene (µg/m³),Benzene,8784,8474,96.47
Sonia_Vihar,2024,Toluene (µg/m³),Toluene,8784,8492,96.68
Sonia_Vihar,2024,Xylene (µg/m³),Xylene,8784,8784,100.0
Sonia_Vihar,2024,O Xylene (µg/m³),O Xylene,8784,8784,100.0
Sonia_Vihar,2024,Eth-Benzene (µg/m³),Eth-Benzene,8784,8784,100.0
Sonia_Vihar,2024,MP-Xylene (µg/m³),MP-Xylene,8784,8784,100.0
Sonia_Vihar,2024,AT (°C),AT,8784,189,2.15
Sonia_Vihar,2024,RH (%),RH,8784,188,2.14
Sonia_Vihar,2024,WS (m/s),WS,8784,189,2.15
Sonia_Vihar,2024,WD (deg),WD,8784,189,2.15
Sonia_Vihar,2024,RF (mm),RF,8784,188,2.14
Sonia_Vihar,2024,TOT-RF (mm),TOT-RF,8784,0,0.0
Sonia_Vihar,2024,SR (W/mt2),SR,8784,189,2.15
Sonia_Vihar,2024,BP (mmHg),BP,8784,449,5.11
Sonia_Vihar,2024,VWS (m/s),VWS,8784,8784,100.0
Sonia_Vihar,2025,Timestamp,Timestamp,8760,0,0.0
Sonia_Vihar,2025,PM2.5 (µg/m³),PM2.5,8760,349,3.98
Sonia_Vihar,2025,PM10 (µg/m³),PM10,8760,319,3.64
Sonia_Vihar,2025,NO (µg/m³),NO,8760,203,2.32
Sonia_Vihar,2025,NO2 (µg/m³),NO2,8760,203,2.32
Sonia_Vihar,2025,NOx (ppb),NOx,8760,200,2.28
Sonia_Vihar,2025,NH3 (µg/m³),NH3,8760,195,2.23
Sonia_Vihar,2025,SO2 (µg/m³),SO2,8760,407,4.65
Sonia_Vihar,2025,CO (mg/m³),CO,8760,333,3.8
Sonia_Vihar,2025,Ozone (µg/m³),Ozone,8760,680,7.76
Sonia_Vihar,2025,Benzene (µg/m³),Benzene,8760,2377,27.13
Sonia_Vihar,2025,Toluene (µg/m³),Toluene,8760,2376,27.12
Sonia_Vihar,2025,Xylene (µg/m³),Xylene,8760,8760,100.0
Sonia_Vihar,2025,O Xylene (µg/m³),O Xylene,8760,8760,100.0
Sonia_Vihar,2025,Eth-Benzene (µg/m³),Eth-Benzene,8760,8760,100.0
Sonia_Vihar,2025,MP-Xylene (µg/m³),MP-Xylene,8760,8760,100.0
Sonia_Vihar,2025,AT (°C),AT,8760,154,1.76
Sonia_Vihar,2025,RH (%),RH,8760,250,2.85
Sonia_Vihar,2025,WS (m/s),WS,8760,154,1.76
Sonia_Vihar,2025,WD (deg),WD,8760,298,3.4
Sonia_Vihar,2025,RF (mm),RF,8760,154,1.76
Sonia_Vihar,2025,TOT-RF (mm),TOT-RF,8760,0,0.0
Sonia_Vihar,2025,SR (W/mt2),SR,8760,155,1.77
Sonia_Vihar,2025,BP (mmHg),BP,8760,465,5.31
Sonia_Vihar,2025,VWS (m/s),VWS,8760,8760,100.0
Sri_Aurobindo_Marg,2022,Timestamp,Timestamp,8760,0,0.0
Sri_Aurobindo_Marg,2022,PM2.5 (µg/m³),PM2.5,8760,230,2.63
Sri_Aurobindo_Marg,2022,PM10 (µg/m³),PM10,8760,261,2.98
Sri_Aurobindo_Marg,2022,NO (µg/m³),NO,8760,126,1.44
Sri_Aurobindo_Marg,2022,NO2 (µg/m³),NO2,8760,113,1.29
Sri_Aurobindo_Marg,2022,NOx (ppb),NOx,8760,113,1.29
Sri_Aurobindo_Marg,2022,NH3 (µg/m³),NH3,8760,168,1.92
Sri_Aurobindo_Marg,2022,SO2 (µg/m³),SO2,8760,188,2.15
Sri_Aurobindo_Marg,2022,CO (mg/m³),CO,8760,684,7.81
Sri_Aurobindo_Marg,2022,Ozone (µg/m³),Ozone,8760,200,2.28
Sri_Aurobindo_Marg,2022,Benzene (µg/m³),Benzene,8760,228,2.6
Sri_Aurobindo_Marg,2022,Toluene (µg/m³),Toluene,8760,228,2.6
Sri_Aurobindo_Marg,2022,Xylene (µg/m³),Xylene,8760,8760,100.0
Sri_Aurobindo_Marg,2022,O Xylene (µg/m³),O Xylene,8760,8760,100.0
Sri_Aurobindo_Marg,2022,Eth-Benzene (µg/m³),Eth-Benzene,8760,8760,100.0
Sri_Aurobindo_Marg,2022,MP-Xylene (µg/m³),MP-Xylene,8760,8760,100.0
Sri_Aurobindo_Marg,2022,AT (°C),AT,8760,111,1.27
Sri_Aurobindo_Marg,2022,RH (%),RH,8760,110,1.26
Sri_Aurobindo_Marg,2022,WS (m/s),WS,8760,144,1.64
Sri_Aurobindo_Marg,2022,WD (deg),WD,8760,144,1.64
Sri_Aurobindo_Marg,2022,RF (mm),RF,8760,112,1.28
Sri_Aurobindo_Marg,2022,TOT-RF (mm),TOT-RF,8760,0,0.0
Sri_Aurobindo_Marg,2022,SR (W/mt2),SR,8760,112,1.28
Sri_Aurobindo_Marg,2022,BP (mmHg),BP,8760,112,1.28
Sri_Aurobindo_Marg,2022,VWS (m/s),VWS,8760,8760,100.0
Sri_Aurobindo_Marg,2023,Timestamp,Timestamp,8760,0,0.0
Sri_Aurobindo_Marg,2023,PM2.5 (µg/m³),PM2.5,8760,257,2.93
Sri_Aurobindo_Marg,2023,PM10 (µg/m³),PM10,8760,284,3.24
Sri_Aurobindo_Marg,2023,NO (µg/m³),NO,8760,216,2.47
Sri_Aurobindo_Marg,2023,NO2 (µg/m³),NO2,8760,216,2.47
Sri_Aurobindo_Marg,2023,NOx (ppb),NOx,8760,216,2.47
Sri_Aurobindo_Marg,2023,NH3 (µg/m³),NH3,8760,481,5.49
Sri_Aurobindo_Marg,2023,SO2 (µg/m³),SO2,8760,260,2.97
Sri_Aurobindo_Marg,2023,CO (mg/m³),CO,8760,552,6.3
Sri_Aurobindo_Marg,2023,Ozone (µg/m³),Ozone,8760,279,3.18
Sri_Aurobindo_Marg,2023,Benzene (µg/m³),Benzene,8760,375,4.28
Sri_Aurobindo_Marg,2023,Toluene (µg/m³),Toluene,8760,375,4.28
Sri_Aurobindo_Marg,2023,Xylene (µg/m³),Xylene,8760,8760,100.0
Sri_Aurobindo_Marg,2023,O Xylene (µg/m³),O Xylene,8760,8760,100.0
Sri_Aurobindo_Marg,2023,Eth-Benzene (µg/m³),Eth-Benzene,8760,8760,100.0
Sri_Aurobindo_Marg,2023,MP-Xylene (µg/m³),MP-Xylene,8760,8760,100.0
Sri_Aurobindo_Marg,2023,AT (°C),AT,8760,293,3.34
Sri_Aurobindo_Marg,2023,RH (%),RH,8760,297,3.39
Sri_Aurobindo_Marg,2023,WS (m/s),WS,8760,323,3.69
Sri_Aurobindo_Marg,2023,WD (deg),WD,8760,323,3.69
Sri_Aurobindo_Marg,2023,RF (mm),RF,8760,288,3.29
Sri_Aurobindo_Marg,2023,TOT-RF (mm),TOT-RF,8760,0,0.0
Sri_Aurobindo_Marg,2023,SR (W/mt2),SR,8760,311,3.55
Sri_Aurobindo_Marg,2023,BP (mmHg),BP,8760,302,3.45
Sri_Aurobindo_Marg,2023,VWS (m/s),VWS,8760,8760,100.0
Sri_Aurobindo_Marg,2024,Timestamp,Timestamp,8784,0,0.0
Sri_Aurobindo_Marg,2024,PM2.5 (µg/m³),PM2.5,8784,151,1.72
Sri_Aurobindo_Marg,2024,PM10 (µg/m³),PM10,8784,136,1.55
Sri_Aurobindo_Marg,2024,NO (µg/m³),NO,8784,105,1.2
Sri_Aurobindo_Marg,2024,NO2 (µg/m³),NO2,8784,92,1.05
Sri_Aurobindo_Marg,2024,NOx (ppb),NOx,8784,91,1.04
Sri_Aurobindo_Marg,2024,NH3 (µg/m³),NH3,8784,416,4.74
Sri_Aurobindo_Marg,2024,SO2 (µg/m³),SO2,8784,97,1.1
Sri_Aurobindo_Marg,2024,CO (mg/m³),CO,8784,199,2.27
Sri_Aurobindo_Marg,2024,Ozone (µg/m³),Ozone,8784,197,2.24
Sri_Aurobindo_Marg,2024,Benzene (µg/m³),Benzene,8784,112,1.28
Sri_Aurobindo_Marg,2024,Toluene (µg/m³),Toluene,8784,112,1.28
Sri_Aurobindo_Marg,2024,Xylene (µg/m³),Xylene,8784,8784,100.0
Sri_Aurobindo_Marg,2024,O Xylene (µg/m³),O Xylene,8784,8784,100.0
Sri_Aurobindo_Marg,2024,Eth-Benzene (µg/m³),Eth-Benzene,8784,8784,100.0
Sri_Aurobindo_Marg,2024,MP-Xylene (µg/m³),MP-Xylene,8784,8784,100.0
Sri_Aurobindo_Marg,2024,AT (°C),AT,8784,317,3.61
Sri_Aurobindo_Marg,2024,RH (%),RH,8784,322,3.67
Sri_Aurobindo_Marg,2024,WS (m/s),WS,8784,373,4.25
Sri_Aurobindo_Marg,2024,WD (deg),WD,8784,335,3.81
Sri_Aurobindo_Marg,2024,RF (mm),RF,8784,311,3.54
Sri_Aurobindo_Marg,2024,TOT-RF (mm),TOT-RF,8784,0,0.0
Sri_Aurobindo_Marg,2024,SR (W/mt2),SR,8784,326,3.71
Sri_Aurobindo_Marg,2024,BP (mmHg),BP,8784,423,4.82
Sri_Aurobindo_Marg,2024,VWS (m/s),VWS,8784,8784,100.0
Sri_Aurobindo_Marg,2025,Timestamp,Timestamp,8760,0,0.0
Sri_Aurobindo_Marg,2025,PM2.5 (µg/m³),PM2.5,8760,409,4.67
Sri_Aurobindo_Marg,2025,PM10 (µg/m³),PM10,8760,339,3.87
Sri_Aurobindo_Marg,2025,NO (µg/m³),NO,8760,240,2.74
Sri_Aurobindo_Marg,2025,NO2 (µg/m³),NO2,8760,261,2.98
Sri_Aurobindo_Marg,2025,NOx (ppb),NOx,8760,241,2.75
Sri_Aurobindo_Marg,2025,NH3 (µg/m³),NH3,8760,284,3.24
Sri_Aurobindo_Marg,2025,SO2 (µg/m³),SO2,8760,312,3.56
Sri_Aurobindo_Marg,2025,CO (mg/m³),CO,8760,225,2.57
Sri_Aurobindo_Marg,2025,Ozone (µg/m³),Ozone,8760,290,3.31
Sri_Aurobindo_Marg,2025,Benzene (µg/m³),Benzene,8760,265,3.03
Sri_Aurobindo_Marg,2025,Toluene (µg/m³),Toluene,8760,265,3.03
Sri_Aurobindo_Marg,2025,Xylene (µg/m³),Xylene,8760,8760,100.0
Sri_Aurobindo_Marg,2025,O Xylene (µg/m³),O Xylene,8760,8760,100.0
Sri_Aurobindo_Marg,2025,Eth-Benzene (µg/m³),Eth-Benzene,8760,8760,100.0
Sri_Aurobindo_Marg,2025,MP-Xylene (µg/m³),MP-Xylene,8760,8760,100.0
Sri_Aurobindo_Marg,2025,AT (°C),AT,8760,412,4.7
Sri_Aurobindo_Marg,2025,RH (%),RH,8760,467,5.33
Sri_Aurobindo_Marg,2025,WS (m/s),WS,8760,422,4.82
Sri_Aurobindo_Marg,2025,WD (deg),WD,8760,420,4.79
Sri_Aurobindo_Marg,2025,RF (mm),RF,8760,422,4.82
Sri_Aurobindo_Marg,2025,TOT-RF (mm),TOT-RF,8760,0,0.0
Sri_Aurobindo_Marg,2025,SR (W/mt2),SR,8760,420,4.79
Sri_Aurobindo_Marg,2025,BP (mmHg),BP,8760,438,5.0
Sri_Aurobindo_Marg,2025,VWS (m/s),VWS,8760,8760,100.0
Talkatora_Garden,2025,Timestamp,Timestamp,8760,0,0.0
Talkatora_Garden,2025,PM2.5 (µg/m³),PM2.5,8760,8760,100.0
Talkatora_Garden,2025,PM10 (µg/m³),PM10,8760,8760,100.0
Talkatora_Garden,2025,NO (µg/m³),NO,8760,8760,100.0
Talkatora_Garden,2025,NO2 (µg/m³),NO2,8760,8760,100.0
Talkatora_Garden,2025,NOx (ppb),NOx,8760,8760,100.0
Talkatora_Garden,2025,NH3 (µg/m³),NH3,8760,8760,100.0
Talkatora_Garden,2025,SO2 (µg/m³),SO2,8760,8760,100.0
Talkatora_Garden,2025,CO (mg/m³),CO,8760,8760,100.0
Talkatora_Garden,2025,Ozone (µg/m³),Ozone,8760,8760,100.0
Talkatora_Garden,2025,Benzene (µg/m³),Benzene,8760,8760,100.0
Talkatora_Garden,2025,Toluene (µg/m³),Toluene,8760,8760,100.0
Talkatora_Garden,2025,Xylene (µg/m³),Xylene,8760,8760,100.0
Talkatora_Garden,2025,O Xylene (µg/m³),O Xylene,8760,8760,100.0
Talkatora_Garden,2025,Eth-Benzene (µg/m³),Eth-Benzene,8760,8760,100.0
Talkatora_Garden,2025,MP-Xylene (µg/m³),MP-Xylene,8760,8760,100.0
Talkatora_Garden,2025,AT (°C),AT,8760,8760,100.0
Talkatora_Garden,2025,RH (%),RH,8760,8760,100.0
Talkatora_Garden,2025,WS (m/s),WS,8760,8760,100.0
Talkatora_Garden,2025,WD (deg),WD,8760,8760,100.0
Talkatora_Garden,2025,RF (mm),RF,8760,8760,100.0
Talkatora_Garden,2025,TOT-RF (mm),TOT-RF,8760,0,0.0
Talkatora_Garden,2025,SR (W/mt2),SR,8760,8760,100.0
Talkatora_Garden,2025,BP (mmHg),BP,8760,8760,100.0
Talkatora_Garden,2025,VWS (m/s),VWS,8760,8760,100.0
Vivek_Vihar,2022,Timestamp,Timestamp,8760,0,0.0
Vivek_Vihar,2022,PM2.5 (µg/m³),PM2.5,8760,485,5.54
Vivek_Vihar,2022,PM10 (µg/m³),PM10,8760,314,3.58
Vivek_Vihar,2022,NO (µg/m³),NO,8760,307,3.5
Vivek_Vihar,2022,NO2 (µg/m³),NO2,8760,309,3.53
Vivek_Vihar,2022,NOx (ppb),NOx,8760,312,3.56
Vivek_Vihar,2022,NH3 (µg/m³),NH3,8760,271,3.09
Vivek_Vihar,2022,SO2 (µg/m³),SO2,8760,262,2.99
Vivek_Vihar,2022,CO (mg/m³),CO,8760,312,3.56
Vivek_Vihar,2022,Ozone (µg/m³),Ozone,8760,362,4.13
Vivek_Vihar,2022,Benzene (µg/m³),Benzene,8760,805,9.19
Vivek_Vihar,2022,Toluene (µg/m³),Toluene,8760,805,9.19
Vivek_Vihar,2022,Xylene (µg/m³),Xylene,8760,8760,100.0
Vivek_Vihar,2022,O Xylene (µg/m³),O Xylene,8760,8760,100.0
Vivek_Vihar,2022,Eth-Benzene (µg/m³),Eth-Benzene,8760,8760,100.0
Vivek_Vihar,2022,MP-Xylene (µg/m³),MP-Xylene,8760,8760,100.0
Vivek_Vihar,2022,AT (°C),AT,8760,260,2.97
Vivek_Vihar,2022,RH (%),RH,8760,308,3.52
Vivek_Vihar,2022,WS (m/s),WS,8760,251,2.87
Vivek_Vihar,2022,WD (deg),WD,8760,251,2.87
Vivek_Vihar,2022,RF (mm),RF,8760,257,2.93
Vivek_Vihar,2022,TOT-RF (mm),TOT-RF,8760,0,0.0
Vivek_Vihar,2022,SR (W/mt2),SR,8760,257,2.93
Vivek_Vihar,2022,BP (mmHg),BP,8760,269,3.07
Vivek_Vihar,2022,VWS (m/s),VWS,8760,8760,100.0
Vivek_Vihar,2023,Timestamp,Timestamp,8760,0,0.0
Vivek_Vihar,2023,PM2.5 (µg/m³),PM2.5,8760,470,5.37
Vivek_Vihar,2023,PM10 (µg/m³),PM10,8760,459,5.24
Vivek_Vihar,2023,NO (µg/m³),NO,8760,477,5.45
Vivek_Vihar,2023,NO2 (µg/m³),NO2,8760,473,5.4
Vivek_Vihar,2023,NOx (ppb),NOx,8760,480,5.48
Vivek_Vihar,2023,NH3 (µg/m³),NH3,8760,409,4.67
Vivek_Vihar,2023,SO2 (µg/m³),SO2,8760,405,4.62
Vivek_Vihar,2023,CO (mg/m³),CO,8760,530,6.05
Vivek_Vihar,2023,Ozone (µg/m³),Ozone,8760,592,6.76
Vivek_Vihar,2023,Benzene (µg/m³),Benzene,8760,1122,12.81
Vivek_Vihar,2023,Toluene (µg/m³),Toluene,8760,1123,12.82
Vivek_Vihar,2023,Xylene (µg/m³),Xylene,8760,8760,100.0
Vivek_Vihar,2023,O Xylene (µg/m³),O Xylene,8760,8760,100.0
Vivek_Vihar,2023,Eth-Benzene (µg/m³),Eth-Benzene,8760,8760,100.0
Vivek_Vihar,2023,MP-Xylene (µg/m³),MP-Xylene,8760,8760,100.0
Vivek_Vihar,2023,AT (°C),AT,8760,476,5.43
Vivek_Vihar,2023,RH (%),RH,8760,386,4.41
Vivek_Vihar,2023,WS (m/s),WS,8760,385,4.39
Vivek_Vihar,2023,WD (deg),WD,8760,385,4.39
Vivek_Vihar,2023,RF (mm),RF,8760,387,4.42
Vivek_Vihar,2023,TOT-RF (mm),TOT-RF,8760,0,0.0
Vivek_Vihar,2023,SR (W/mt2),SR,8760,393,4.49
Vivek_Vihar,2023,BP (mmHg),BP,8760,737,8.41
Vivek_Vihar,2023,VWS (m/s),VWS,8760,8760,100.0
Vivek_Vihar,2024,Timestamp,Timestamp,8784,0,0.0
Vivek_Vihar,2024,PM2.5 (µg/m³),PM2.5,8784,305,3.47
Vivek_Vihar,2024,PM10 (µg/m³),PM10,8784,252,2.87
Vivek_Vihar,2024,NO (µg/m³),NO,8784,512,5.83
Vivek_Vihar,2024,NO2 (µg/m³),NO2,8784,161,1.83
Vivek_Vihar,2024,NOx (ppb),NOx,8784,130,1.48
Vivek_Vihar,2024,NH3 (µg/m³),NH3,8784,158,1.8
Vivek_Vihar,2024,SO2 (µg/m³),SO2,8784,127,1.45
Vivek_Vihar,2024,CO (mg/m³),CO,8784,184,2.09
Vivek_Vihar,2024,Ozone (µg/m³),Ozone,8784,238,2.71
Vivek_Vihar,2024,Benzene (µg/m³),Benzene,8784,657,7.48
Vivek_Vihar,2024,Toluene (µg/m³),Toluene,8784,657,7.48
Vivek_Vihar,2024,Xylene (µg/m³),Xylene,8784,8784,100.0
Vivek_Vihar,2024,O Xylene (µg/m³),O Xylene,8784,8784,100.0
Vivek_Vihar,2024,Eth-Benzene (µg/m³),Eth-Benzene,8784,8784,100.0
Vivek_Vihar,2024,MP-Xylene (µg/m³),MP-Xylene,8784,8784,100.0
Vivek_Vihar,2024,AT (°C),AT,8784,151,1.72
Vivek_Vihar,2024,RH (%),RH,8784,151,1.72
Vivek_Vihar,2024,WS (m/s),WS,8784,151,1.72
Vivek_Vihar,2024,WD (deg),WD,8784,164,1.87
Vivek_Vihar,2024,RF (mm),RF,8784,152,1.73
Vivek_Vihar,2024,TOT-RF (mm),TOT-RF,8784,0,0.0
Vivek_Vihar,2024,SR (W/mt2),SR,8784,150,1.71
Vivek_Vihar,2024,BP (mmHg),BP,8784,150,1.71
Vivek_Vihar,2024,VWS (m/s),VWS,8784,8784,100.0
Vivek_Vihar,2025,Timestamp,Timestamp,8760,0,0.0
Vivek_Vihar,2025,PM2.5 (µg/m³),PM2.5,8760,288,3.29
Vivek_Vihar,2025,PM10 (µg/m³),PM10,8760,292,3.33
Vivek_Vihar,2025,NO (µg/m³),NO,8760,324,3.7
Vivek_Vihar,2025,NO2 (µg/m³),NO2,8760,296,3.38
Vivek_Vihar,2025,NOx (ppb),NOx,8760,264,3.01
Vivek_Vihar,2025,NH3 (µg/m³),NH3,8760,506,5.78
Vivek_Vihar,2025,SO2 (µg/m³),SO2,8760,264,3.01
Vivek_Vihar,2025,CO (mg/m³),CO,8760,416,4.75
Vivek_Vihar,2025,Ozone (µg/m³),Ozone,8760,334,3.81
Vivek_Vihar,2025,Benzene (µg/m³),Benzene,8760,161,1.84
Vivek_Vihar,2025,Toluene (µg/m³),Toluene,8760,179,2.04
Vivek_Vihar,2025,Xylene (µg/m³),Xylene,8760,8760,100.0
Vivek_Vihar,2025,O Xylene (µg/m³),O Xylene,8760,8760,100.0
Vivek_Vihar,2025,Eth-Benzene (µg/m³),Eth-Benzene,8760,8760,100.0
Vivek_Vihar,2025,MP-Xylene (µg/m³),MP-Xylene,8760,8760,100.0
Vivek_Vihar,2025,AT (°C),AT,8760,210,2.4
Vivek_Vihar,2025,RH (%),RH,8760,210,2.4
Vivek_Vihar,2025,WS (m/s),WS,8760,210,2.4
Vivek_Vihar,2025,WD (deg),WD,8760,671,7.66
Vivek_Vihar,2025,RF (mm),RF,8760,210,2.4
Vivek_Vihar,2025,TOT-RF (mm),TOT-RF,8760,0,0.0
Vivek_Vihar,2025,SR (W/mt2),SR,8760,210,2.4
Vivek_Vihar,2025,BP (mmHg),BP,8760,237,2.71
Vivek_Vihar,2025,VWS (m/s),VWS,8760,8760,100.0
Wazirpur,2022,Timestamp,Timestamp,8760,0,0.0
Wazirpur,2022,PM2.5 (µg/m³),PM2.5,8760,281,3.21
Wazirpur,2022,PM10 (µg/m³),PM10,8760,304,3.47
Wazirpur,2022,NO (µg/m³),NO,8760,261,2.98
Wazirpur,2022,NO2 (µg/m³),NO2,8760,260,2.97
Wazirpur,2022,NOx (ppb),NOx,8760,263,3.0
Wazirpur,2022,NH3 (µg/m³),NH3,8760,219,2.5
Wazirpur,2022,SO2 (µg/m³),SO2,8760,260,2.97
Wazirpur,2022,CO (mg/m³),CO,8760,1015,11.59
Wazirpur,2022,Ozone (µg/m³),Ozone,8760,415,4.74
Wazirpur,2022,Benzene (µg/m³),Benzene,8760,706,8.06
Wazirpur,2022,Toluene (µg/m³),Toluene,8760,693,7.91
Wazirpur,2022,Xylene (µg/m³),Xylene,8760,8760,100.0
Wazirpur,2022,O Xylene (µg/m³),O Xylene,8760,8760,100.0
Wazirpur,2022,Eth-Benzene (µg/m³),Eth-Benzene,8760,8760,100.0
Wazirpur,2022,MP-Xylene (µg/m³),MP-Xylene,8760,8760,100.0
Wazirpur,2022,AT (°C),AT,8760,243,2.77
Wazirpur,2022,RH (%),RH,8760,242,2.76
Wazirpur,2022,WS (m/s),WS,8760,239,2.73
Wazirpur,2022,WD (deg),WD,8760,239,2.73
Wazirpur,2022,RF (mm),RF,8760,243,2.77
Wazirpur,2022,TOT-RF (mm),TOT-RF,8760,0,0.0
Wazirpur,2022,SR (W/mt2),SR,8760,240,2.74
Wazirpur,2022,BP (mmHg),BP,8760,241,2.75
Wazirpur,2022,VWS (m/s),VWS,8760,8760,100.0
Wazirpur,2023,Timestamp,Timestamp,8760,0,0.0
Wazirpur,2023,PM2.5 (µg/m³),PM2.5,8760,387,4.42
Wazirpur,2023,PM10 (µg/m³),PM10,8760,362,4.13
Wazirpur,2023,NO (µg/m³),NO,8760,416,4.75
Wazirpur,2023,NO2 (µg/m³),NO2,8760,392,4.47
Wazirpur,2023,NOx (ppb),NOx,8760,447,5.1
Wazirpur,2023,NH3 (µg/m³),NH3,8760,935,10.67
Wazirpur,2023,SO2 (µg/m³),SO2,8760,455,5.19
Wazirpur,2023,CO (mg/m³),CO,8760,975,11.13
Wazirpur,2023,Ozone (µg/m³),Ozone,8760,962,10.98
Wazirpur,2023,Benzene (µg/m³),Benzene,8760,3779,43.14
Wazirpur,2023,Toluene (µg/m³),Toluene,8760,3571,40.76
Wazirpur,2023,Xylene (µg/m³),Xylene,8760,8760,100.0
Wazirpur,2023,O Xylene (µg/m³),O Xylene,8760,8760,100.0
Wazirpur,2023,Eth-Benzene (µg/m³),Eth-Benzene,8760,8760,100.0
Wazirpur,2023,MP-Xylene (µg/m³),MP-Xylene,8760,8760,100.0
Wazirpur,2023,AT (°C),AT,8760,376,4.29
Wazirpur,2023,RH (%),RH,8760,370,4.22
Wazirpur,2023,WS (m/s),WS,8760,350,4.0
Wazirpur,2023,WD (deg),WD,8760,350,4.0
Wazirpur,2023,RF (mm),RF,8760,369,4.21
Wazirpur,2023,TOT-RF (mm),TOT-RF,8760,0,0.0
Wazirpur,2023,SR (W/mt2),SR,8760,390,4.45
Wazirpur,2023,BP (mmHg),BP,8760,452,5.16
Wazirpur,2023,VWS (m/s),VWS,8760,8760,100.0
Wazirpur,2024,Timestamp,Timestamp,8784,0,0.0
Wazirpur,2024,PM2.5 (µg/m³),PM2.5,8784,214,2.44
Wazirpur,2024,PM10 (µg/m³),PM10,8784,200,2.28
Wazirpur,2024,NO (µg/m³),NO,8784,100,1.14
Wazirpur,2024,NO2 (µg/m³),NO2,8784,97,1.1
Wazirpur,2024,NOx (ppb),NOx,8784,96,1.09
Wazirpur,2024,NH3 (µg/m³),NH3,8784,108,1.23
Wazirpur,2024,SO2 (µg/m³),SO2,8784,198,2.25
Wazirpur,2024,CO (mg/m³),CO,8784,547,6.23
Wazirpur,2024,Ozone (µg/m³),Ozone,8784,376,4.28
Wazirpur,2024,Benzene (µg/m³),Benzene,8784,1078,12.27
Wazirpur,2024,Toluene (µg/m³),Toluene,8784,1227,13.97
Wazirpur,2024,Xylene (µg/m³),Xylene,8784,8784,100.0
Wazirpur,2024,O Xylene (µg/m³),O Xylene,8784,8784,100.0
Wazirpur,2024,Eth-Benzene (µg/m³),Eth-Benzene,8784,8784,100.0
Wazirpur,2024,MP-Xylene (µg/m³),MP-Xylene,8784,8784,100.0
Wazirpur,2024,AT (°C),AT,8784,156,1.78
Wazirpur,2024,RH (%),RH,8784,153,1.74
Wazirpur,2024,WS (m/s),WS,8784,154,1.75
Wazirpur,2024,WD (deg),WD,8784,2601,29.61
Wazirpur,2024,RF (mm),RF,8784,153,1.74
Wazirpur,2024,TOT-RF (mm),TOT-RF,8784,0,0.0
Wazirpur,2024,SR (W/mt2),SR,8784,447,5.09
Wazirpur,2024,BP (mmHg),BP,8784,291,3.31
Wazirpur,2024,VWS (m/s),VWS,8784,8784,100.0
Wazirpur,2025,Timestamp,Timestamp,8760,0,0.0
Wazirpur,2025,PM2.5 (µg/m³),PM2.5,8760,156,1.78
Wazirpur,2025,PM10 (µg/m³),PM10,8760,186,2.12
Wazirpur,2025,NO (µg/m³),NO,8760,130,1.48
Wazirpur,2025,NO2 (µg/m³),NO2,8760,130,1.48
Wazirpur,2025,NOx (ppb),NOx,8760,123,1.4
Wazirpur,2025,NH3 (µg/m³),NH3,8760,76,0.87
Wazirpur,2025,SO2 (µg/m³),SO2,8760,301,3.44
Wazirpur,2025,CO (mg/m³),CO,8760,431,4.92
Wazirpur,2025,Ozone (µg/m³),Ozone,8760,258,2.95
Wazirpur,2025,Benzene (µg/m³),Benzene,8760,229,2.61
Wazirpur,2025,Toluene (µg/m³),Toluene,8760,229,2.61
Wazirpur,2025,Xylene (µg/m³),Xylene,8760,8760,100.0
Wazirpur,2025,O Xylene (µg/m³),O Xylene,8760,8760,100.0
Wazirpur,2025,Eth-Benzene (µg/m³),Eth-Benzene,8760,8760,100.0
Wazirpur,2025,MP-Xylene (µg/m³),MP-Xylene,8760,8760,100.0
Wazirpur,2025,AT (°C),AT,8760,203,2.32
Wazirpur,2025,RH (%),RH,8760,239,2.73
Wazirpur,2025,WS (m/s),WS,8760,201,2.29
Wazirpur,2025,WD (deg),WD,8760,419,4.78
Wazirpur,2025,RF (mm),RF,8760,199,2.27
Wazirpur,2025,TOT-RF (mm),TOT-RF,8760,0,0.0
Wazirpur,2025,SR (W/mt2),SR,8760,438,5.0
Wazirpur,2025,BP (mmHg),BP,8760,277,3.16
Wazirpur,2025,VWS (m/s),VWS,8760,8760,100.0
