country,state,city,station,last_update,latitude,longitude,pollutant_id,pollutant_min,pollutant_max,pollutant_avg
India,Bihar,Motihari,"Gandak Colony, Motihari - BSPCB","04-08-2026 05:00:00",26.63086,84.90051,OZONE,57,57,57
India,Bihar,Muzaffarpur,"Buddha Colony, Muzaffarpur - BSPCB","04-08-2026 05:00:00",26.11442,85.39813,PM2.5,13,66,39
India,Bihar,Muzaffarpur,"Buddha Colony, Muzaffarpur - BSPCB","04-08-2026 05:00:00",26.11442,85.39813,NO2,18,35,23
India,Bihar,Muzaffarpur,"MIT-Daudpur Kothi, Muzaffarpur - BSPCB","04-08-2026 05:00:00",26.1403345,85.3650192,NO2,2,10,5
India,Bihar,Muzaffarpur,"MIT-Daudpur Kothi, Muzaffarpur - BSPCB","04-08-2026 05:00:00",26.1403345,85.3650192,NH3,1,1,1
India,Bihar,Muzaffarpur,"MIT-Daudpur Kothi, Muzaffarpur - BSPCB","04-08-2026 05:00:00",26.1403345,85.3650192,SO2,11,22,15
India,Bihar,Patna,"IGSC Planetarium Complex, Patna - BSPCB","04-08-2026 05:00:00",25.610369,85.132568,PM10,NA,NA,NA
India,Bihar,Patna,"IGSC Planetarium Complex, Patna - BSPCB","04-08-2026 05:00:00",25.610369,85.132568,NO2,2,3,3
India,Bihar,Patna,"IGSC Planetarium Complex, Patna - BSPCB","04-08-2026 05:00:00",25.610369,85.132568,NH3,NA,NA,NA
India,Bihar,Patna,"IGSC Planetarium Complex, Patna - BSPCB","04-08-2026 05:00:00",25.610369,85.132568,CO,20,34,31
India,Bihar,Patna,"Rajbansi Nagar, Patna - BSPCB","04-08-2026 05:00:00",25.599486,85.113666,PM2.5,16,42,30
India,Bihar,Patna,"DRM Office Danapur, Patna - BSPCB","04-08-2026 05:00:00",25.586562,85.043586,NO2,20,26,23
India,Bihar,Patna,"DRM Office Danapur, Patna - BSPCB","04-08-2026 05:00:00",25.586562,85.043586,NH3,8,9,9
India,Bihar,Patna,"DRM Office Danapur, Patna - BSPCB","04-08-2026 05:00:00",25.586562,85.043586,SO2,5,7,6
India,Bihar,Bhagalpur,"DM Office_Kachari Chowk, Bhagalpur - BSPCB","04-08-2026 05:00:00",25.251013,86.989001,OZONE,17,20,19
India,Bihar,Chhapra,"Darshan Nagar, Chhapra - BSPCB","04-08-2026 05:00:00",25.7808257,84.7446768,NH3,4,7,6
India,Bihar,Gaya,"Collectorate, Gaya - BSPCB","04-08-2026 05:00:00",24.7955,84.9994,SO2,7,9,7
India,Bihar,Gaya,"Kareemganj, Gaya - BSPCB","04-08-2026 05:00:00",24.792403,84.992416,PM10,NA,NA,NA
India,Bihar,Gaya,"Kareemganj, Gaya - BSPCB","04-08-2026 05:00:00",24.792403,84.992416,OZONE,4,45,29
India,Bihar,Hajipur,"Industrial Area, Hajipur - BSPCB","04-08-2026 05:00:00",25.697189,85.2459,PM2.5,22,56,39
India,Bihar,Hajipur,"Industrial Area, Hajipur - BSPCB","04-08-2026 05:00:00",25.697189,85.2459,PM10,30,48,39
India,Bihar,Hajipur,"Industrial Area, Hajipur - BSPCB","04-08-2026 05:00:00",25.697189,85.2459,SO2,4,6,5
India,Bihar,Hajipur,"Industrial Area, Hajipur - BSPCB","04-08-2026 05:00:00",25.697189,85.2459,CO,13,31,22
India,Bihar,Kishanganj,"SDM Office_Khagra, Kishanganj - BSPCB","04-08-2026 05:00:00",26.0881305,87.93840336,SO2,5,8,6
India,Bihar,Motihari,"Gandak Colony, Motihari - BSPCB","04-08-2026 05:00:00",26.63086,84.90051,PM10,NA,NA,NA
India,Bihar,Motihari,"Gandak Colony, Motihari - BSPCB","04-08-2026 05:00:00",26.63086,84.90051,NO2,NA,NA,NA
India,Bihar,Araria,"Kharahiya Basti, Araria - BSPCB","04-08-2026 05:00:00",26.146529,87.454184,OZONE,38,40,39
India,Bihar,Arrah,"New DM Office, Arrah - BSPCB","04-08-2026 05:00:00",25.5626095,84.663264,PM2.5,NA,NA,NA
India,Bihar,Aurangabad,"Gurdeo Nagar, Aurangabad - BSPCB","04-08-2026 05:00:00",24.75746,84.366208,NH3,0,2,1
India,Bihar,Aurangabad,"Gurdeo Nagar, Aurangabad - BSPCB","04-08-2026 05:00:00",24.75746,84.366208,OZONE,5,10,8
India,Bihar,Begusarai,"Lohiyanagar, Begusarai - BSPCB","04-08-2026 05:00:00",25.42742023,86.13886079,NO2,6,10,9
India,Bihar,Begusarai,"Lohiyanagar, Begusarai - BSPCB","04-08-2026 05:00:00",25.42742023,86.13886079,SO2,15,47,29
India,Bihar,Bhagalpur,"Mayaganj, Bhagalpur - BSPCB","04-08-2026 05:00:00",25.265194,87.012947,PM2.5,13,340,88
India,Bihar,Bhagalpur,"Mayaganj, Bhagalpur - BSPCB","04-08-2026 05:00:00",25.265194,87.012947,OZONE,9,26,15
India,Bihar,Bhagalpur,"DM Office_Kachari Chowk, Bhagalpur - BSPCB","04-08-2026 05:00:00",25.251013,86.989001,PM2.5,NA,NA,NA
India,Bihar,Bhagalpur,"DM Office_Kachari Chowk, Bhagalpur - BSPCB","04-08-2026 05:00:00",25.251013,86.989001,NO2,NA,NA,NA
India,"Andhra Pradesh",Nellore,"Ambedkar Nagar, Nellore - APPCB ","04-08-2026 05:00:00",14.438164,79.966814,PM10,60,75,67
India,"Andhra Pradesh",Nellore,"Ambedkar Nagar, Nellore - APPCB ","04-08-2026 05:00:00",14.438164,79.966814,SO2,6,15,12
India,"Andhra Pradesh",Nellore,"Ambedkar Nagar, Nellore - APPCB ","04-08-2026 05:00:00",14.438164,79.966814,CO,38,38,38
India,"Andhra Pradesh",Rajamahendravaram,"Anand Kala Kshetram, Rajamahendravaram - APPCB","04-08-2026 05:00:00",16.9872867,81.7363176,PM10,24,79,48
India,"Andhra Pradesh",Rajamahendravaram,"Anand Kala Kshetram, Rajamahendravaram - APPCB","04-08-2026 05:00:00",16.9872867,81.7363176,OZONE,25,54,37
India,"Andhra Pradesh",Tirumala,"Toll Gate, Tirumala - APPCB","04-08-2026 05:00:00",13.67,79.35,PM10,12,50,35
India,"Andhra Pradesh",Tirumala,"Toll Gate, Tirumala - APPCB","04-08-2026 05:00:00",13.67,79.35,NO2,27,73,51
India,"Andhra Pradesh",Tirumala,"Toll Gate, Tirumala - APPCB","04-08-2026 05:00:00",13.67,79.35,CO,24,24,24
India,"Andhra Pradesh",Vijayawada,"HB Colony, Vijayawada - APPCB","04-08-2026 05:00:00",16.536107,80.594233,PM10,53,79,59
India,"Andhra Pradesh",Kadapa,"Yerramukkapalli, Kadapa - APPCB","04-08-2026 05:00:00",14.465052,78.824187,CO,14,21,18
India,"Andhra Pradesh",Kakinada,"Rama Rao Peta, Kakinada - APPCB","04-08-2026 05:00:00",16.962488,82.229513,SO2,10,13,11
India,"Andhra Pradesh",Kakinada,"Rama Rao Peta, Kakinada - APPCB","04-08-2026 05:00:00",16.962488,82.229513,OZONE,24,37,32
India,"Andhra Pradesh",Kurnool,"Sita Rama Nagar, Kurnool - APPCB","04-08-2026 05:00:00",15.83411,78.028546,NO2,24,31,27
India,"Andhra Pradesh",Kurnool,"Sita Rama Nagar, Kurnool - APPCB","04-08-2026 05:00:00",15.83411,78.028546,NH3,5,5,5
India,"Andhra Pradesh",Machilipatnam,"Srinivas Nagar Colony, Machilipatnam - APPCB","04-08-2026 05:00:00",16.186555,81.13219,PM10,57,211,78
India,"Arunachal Pradesh",Naharlagun,"Naharlagun, Naharlagun - APSPCB","04-08-2026 05:00:00",27.103358,93.679645,PM10,NA,NA,NA
India,"Arunachal Pradesh",Naharlagun,"Naharlagun, Naharlagun - APSPCB","04-08-2026 05:00:00",27.103358,93.679645,NO2,7,9,8
India,"Arunachal Pradesh",Naharlagun,"Naharlagun, Naharlagun - APSPCB","04-08-2026 05:00:00",27.103358,93.679645,OZONE,6,6,6
India,Assam,Guwahati,"IITG, Guwahati - PCBA","04-08-2026 05:00:00",26.2028636,91.70046436,CO,5,8,7
India,Assam,Guwahati,"IITG, Guwahati - PCBA","04-08-2026 05:00:00",26.2028636,91.70046436,OZONE,2,9,6
India,Assam,Guwahati,"Pan Bazaar, Guwahati - PCBA","04-08-2026 05:00:00",26.1875,91.744194,SO2,38,41,40
India,Assam,Guwahati,"Pan Bazaar, Guwahati - PCBA","04-08-2026 05:00:00",26.1875,91.744194,CO,14,19,17
India,"Andhra Pradesh",Anantapur,"Gulzarpet, Anantapur - APPCB","04-08-2026 05:00:00",14.675886,77.593027,SO2,11,19,13
India,"Andhra Pradesh",Anantapur,"Gulzarpet, Anantapur - APPCB","04-08-2026 05:00:00",14.675886,77.593027,CO,14,23,17
India,"Andhra Pradesh",Eluru,"District Court, Eluru - APPCB","04-08-2026 05:00:00",16.711754,81.092095,NO2,11,35,20
India,"Andhra Pradesh",Eluru,"District Court, Eluru - APPCB","04-08-2026 05:00:00",16.711754,81.092095,OZONE,10,23,17
India,"Andhra Pradesh",Guntur,"Rajendra Nagar North, Guntur - APPCB","04-08-2026 05:00:00",16.316553,80.413302,PM10,43,65,52
India,"Andhra Pradesh",Kadapa,"Yerramukkapalli, Kadapa - APPCB","04-08-2026 05:00:00",14.465052,78.824187,PM10,53,73,61
India,Assam,Guwahati,"Railway Colony, Guwahati - PCBA","04-08-2026 05:00:00",26.181742,91.78063,SO2,45,61,51
India,Assam,Nalbari,"Bata Chowk, Nalbari - PCBA","04-08-2026 05:00:00",26.446912,91.439057,PM2.5,21,123,57
India,Assam,Nalbari,"Bata Chowk, Nalbari - PCBA","04-08-2026 05:00:00",26.446912,91.439057,CO,20,22,21
India,Assam,Silchar,"Tarapur, Silchar - PCBA","04-08-2026 05:00:00",24.82827,92.79525,PM10,52,65,57
India,Assam,Silchar,"Tarapur, Silchar - PCBA","04-08-2026 05:00:00",24.82827,92.79525,NO2,17,17,17
India,"Andhra Pradesh",Vijayawada,"HB Colony, Vijayawada - APPCB","04-08-2026 05:00:00",16.536107,80.594233,CO,33,34,33
India,"Andhra Pradesh",Vijayawada,"Rajiv Gandhi Park, Vijayawada - APPCB","04-08-2026 05:00:00",16.509717,80.612222,PM2.5,42,69,57
India,"Andhra Pradesh",Visakhapatnam,"GVM Corporation, Visakhapatnam - APPCB","04-08-2026 05:00:00",17.72,83.3,OZONE,1,7,2
India,"Andhra Pradesh",Amaravati,"Secretariat, Amaravati - APPCB","04-08-2026 05:00:00",16.5150833,80.5181667,PM10,5,183,68
India,"Andhra Pradesh",Amaravati,"Secretariat, Amaravati - APPCB","04-08-2026 05:00:00",16.5150833,80.5181667,SO2,7,57,13
India,"Andhra Pradesh",Amaravati,"Secretariat, Amaravati - APPCB","04-08-2026 05:00:00",16.5150833,80.5181667,OZONE,12,30,22
India,"Andhra Pradesh",Anantapur,"Gulzarpet, Anantapur - APPCB","04-08-2026 05:00:00",14.675886,77.593027,NO2,19,25,20
India,Chandigarh,Chandigarh,"Sector 22, Chandigarh - CPCC","04-08-2026 05:00:00",30.735567,76.775714,PM10,12,48,24
India,Chandigarh,Chandigarh,"Sector 22, Chandigarh - CPCC","04-08-2026 05:00:00",30.735567,76.775714,CO,44,78,56
India,Chandigarh,Chandigarh,"Sector-25, Chandigarh - CPCC","04-08-2026 05:00:00",30.751462,76.762879,CO,14,41,24
India,Chandigarh,Chandigarh,"Sector-25, Chandigarh - CPCC","04-08-2026 05:00:00",30.751462,76.762879,OZONE,14,23,19
India,Chhattisgarh,Bhilai,"Civic Center, Bhilai - Bhilai Steel Plant","04-08-2026 05:00:00",21.185571,81.343175,NO2,15,16,15
India,Chhattisgarh,Bhilai,"Civic Center, Bhilai - Bhilai Steel Plant","04-08-2026 05:00:00",21.185571,81.343175,NH3,1,2,1
India,Chhattisgarh,Bhilai,"Civic Center, Bhilai - Bhilai Steel Plant","04-08-2026 05:00:00",21.185571,81.343175,CO,19,28,23
India,Chhattisgarh,Bhilai,"32Bungalows, Bhilai - CECB","04-08-2026 05:00:00",21.194815,81.31477,NO2,3,7,5
India,Chhattisgarh,Bhilai,"Hathkhoj, Bhilai - CECB","04-08-2026 05:00:00",21.224231,81.40835,NO2,6,19,11
India,Chhattisgarh,Bhilai,"Hathkhoj, Bhilai - CECB","04-08-2026 05:00:00",21.224231,81.40835,NH3,4,8,6
India,Chhattisgarh,Bhilai,"Hathkhoj, Bhilai - CECB","04-08-2026 05:00:00",21.224231,81.40835,OZONE,10,16,13
India,Chhattisgarh,Bilaspur,"Mangala, Bilaspur - NTPC","04-08-2026 05:00:00",22.08815,82.13737,PM10,27,61,43
India,Chhattisgarh,Korba,"Urja Nagar, Korba - CECB","04-08-2026 05:00:00",22.348441,82.549611,CO,17,55,36
India,Bihar,Patna,"Muradpur, Patna - BSPCB","04-08-2026 05:00:00",25.619651,85.147382,OZONE,4,21,10
India,Bihar,Patna,"Govt. High School Shikarpur, Patna - BSPCB","04-08-2026 05:00:00",25.592539,85.227158,NO2,5,7,6
India,Bihar,Purnia,"Mariam Nagar, Purnia - BSPCB","04-08-2026 05:00:00",25.366336,87.117468,PM2.5,15,45,31
India,Bihar,Saharsa,"Police Line, Saharsa - BSPCB","04-08-2026 05:00:00",25.892357,86.590325,PM2.5,33,207,48
India,Bihar,Saharsa,"Police Line, Saharsa - BSPCB","04-08-2026 05:00:00",25.892357,86.590325,PM10,28,104,53
India,Bihar,Samastipur,"DM Office_Kasipur, Samastipur - BSPCB","04-08-2026 05:00:00",25.859655,85.77944,OZONE,6,7,6
India,Bihar,Sasaram,"Dada Peer, Sasaram - BSPCB","04-08-2026 05:00:00",24.952822,84.002396,PM2.5,NA,NA,NA
India,Bihar,Sasaram,"Dada Peer, Sasaram - BSPCB","04-08-2026 05:00:00",24.952822,84.002396,PM10,NA,NA,NA
India,Bihar,Siwan,"Chitragupta Nagar, Siwan - BSPCB","04-08-2026 05:00:00",26.2271665,84.3570427,NO2,2,2,2
India,Bihar,Siwan,"Chitragupta Nagar, Siwan - BSPCB","04-08-2026 05:00:00",26.2271665,84.3570427,NH3,1,1,1
India,Bihar,Siwan,"Chitragupta Nagar, Siwan - BSPCB","04-08-2026 05:00:00",26.2271665,84.3570427,SO2,1,3,2
India,Delhi,Delhi,"Wazirpur, Delhi - DPCC","04-08-2026 05:00:00",28.699793,77.165453,PM10,58,219,145
India,Delhi,Delhi,"Najafgarh, Delhi - DPCC","04-08-2026 05:00:00",28.570173,76.933762,PM10,16,93,54
India,Delhi,Delhi,"Najafgarh, Delhi - DPCC","04-08-2026 05:00:00",28.570173,76.933762,NH3,6,16,10
India,Delhi,Delhi,"Najafgarh, Delhi - DPCC","04-08-2026 05:00:00",28.570173,76.933762,OZONE,11,12,12
India,Delhi,Delhi,"Jawaharlal Nehru Stadium, Delhi - DPCC","04-08-2026 05:00:00",28.58028,77.233829,PM10,23,90,54
India,Delhi,Delhi,"Patparganj, Delhi - DPCC","04-08-2026 05:00:00",28.623763,77.287209,PM10,27,79,59
India,Delhi,Delhi,"Patparganj, Delhi - DPCC","04-08-2026 05:00:00",28.623763,77.287209,NH3,2,12,7
India,Delhi,Delhi,"Patparganj, Delhi - DPCC","04-08-2026 05:00:00",28.623763,77.287209,OZONE,1,6,3
India,Delhi,Delhi,"Nehru Nagar, Delhi - DPCC","04-08-2026 05:00:00",28.56789,77.250515,OZONE,3,11,6
India,Delhi,Delhi,"Sri Aurobindo Marg, Delhi - DPCC","04-08-2026 05:00:00",28.531346,77.190156,PM10,19,108,68
India,Delhi,Delhi,"Sri Aurobindo Marg, Delhi - DPCC","04-08-2026 05:00:00",28.531346,77.190156,NO2,11,27,18
India,Delhi,Delhi,"IHBAS, Dilshad Garden, Delhi - CPCB","04-08-2026 05:00:00",28.6811736,77.3025234,NH3,6,7,6
India,Delhi,Delhi,"R K Puram, Delhi - DPCC","04-08-2026 05:00:00",28.563262,77.186937,OZONE,11,30,18
India,Delhi,Delhi,"Dr. Karni Singh Shooting Range, Delhi - DPCC","04-08-2026 05:00:00",28.498571,77.26484,SO2,5,12,7
India,Delhi,Delhi,"Dr. Karni Singh Shooting Range, Delhi - DPCC","04-08-2026 05:00:00",28.498571,77.26484,CO,13,30,25
India,Delhi,Delhi,"Dwarka-Sector 8, Delhi - DPCC ","04-08-2026 05:00:00",28.5710274,77.0719006,PM2.5,2,55,27
India,Delhi,Delhi,"Dwarka-Sector 8, Delhi - DPCC ","04-08-2026 05:00:00",28.5710274,77.0719006,PM10,22,189,106
India,Delhi,Delhi,"Dwarka-Sector 8, Delhi - DPCC ","04-08-2026 05:00:00",28.5710274,77.0719006,CO,23,47,36
India,Delhi,Delhi,"DTU, Delhi - CPCB","04-08-2026 05:00:00",28.7500499,77.1112615,PM2.5,15,77,45
India,Delhi,Delhi,"DTU, Delhi - CPCB","04-08-2026 05:00:00",28.7500499,77.1112615,NH3,6,14,11
India,Delhi,Delhi,"DTU, Delhi - CPCB","04-08-2026 05:00:00",28.7500499,77.1112615,SO2,29,33,31
India,Delhi,Delhi,"Anand Vihar, Delhi - DPCC","04-08-2026 05:00:00",28.647622,77.315809,NH3,3,15,7
India,Delhi,Delhi,"Ashok Vihar, Delhi - DPCC","04-08-2026 05:00:00",28.695381,77.181665,PM2.5,21,77,53
India,Delhi,Delhi,"IGNOU_Maidan Garhi, Delhi - DPCC","04-08-2026 05:00:00",28.493624,77.201159,CO,35,43,40
India,Delhi,Delhi,"IGNOU_Maidan Garhi, Delhi - DPCC","04-08-2026 05:00:00",28.493624,77.201159,OZONE,6,7,7
India,Delhi,Delhi,"Commonwealth Sports Complex, Delhi - DPCC","04-08-2026 05:00:00",28.615828,77.271992,NH3,0,0,0
India,Delhi,Delhi,"Commonwealth Sports Complex, Delhi - DPCC","04-08-2026 05:00:00",28.615828,77.271992,OZONE,15,31,20
India,Delhi,Delhi,"Talkatora Garden, Delhi - DPCC","04-08-2026 05:00:00",28.62181,77.1944633,CO,39,47,43
India,Delhi,Delhi,"Talkatora Garden, Delhi - DPCC","04-08-2026 05:00:00",28.62181,77.1944633,OZONE,6,9,8
India,Delhi,Delhi,"Aya Nagar, Delhi - IITM","04-08-2026 05:00:00",28.4706914,77.1099364,NO2,0,26,11
India,Delhi,Delhi,"Aya Nagar, Delhi - IITM","04-08-2026 05:00:00",28.4706914,77.1099364,NH3,NA,NA,NA
India,Delhi,Delhi,"Burari Crossing, Delhi - IITM","04-08-2026 05:00:00",28.7256504,77.2011573,NO2,2,23,10
India,Delhi,Delhi,"Burari Crossing, Delhi - IITM","04-08-2026 05:00:00",28.7256504,77.2011573,CO,24,119,47
India,Delhi,Delhi,"IMD Lodhi Road, Delhi - IITM","04-08-2026 05:00:00",28.5918245,77.2273074,PM2.5,0,69,39
India,Delhi,Delhi,"Pusa, Delhi - DPCC","04-08-2026 05:00:00",28.639652,77.146275,PM10,14,118,64
India,Delhi,Delhi,"Pusa, Delhi - DPCC","04-08-2026 05:00:00",28.639652,77.146275,NO2,13,50,27
India,Delhi,Delhi,"Pusa, Delhi - DPCC","04-08-2026 05:00:00",28.639652,77.146275,SO2,3,9,6
India,Delhi,Delhi,"Sirifort, Delhi - CPCB","04-08-2026 05:00:00",28.5504249,77.2159377,PM10,28,139,87
India,Delhi,Delhi,"Chandni Chowk, Delhi - IITM","04-08-2026 05:00:00",28.656756,77.227234,PM10,51,108,77
India,Delhi,Delhi,"Pusa, Delhi - IITM","04-08-2026 05:00:00",28.63611,77.173332,PM2.5,NA,NA,NA
India,Delhi,Delhi,"Pusa, Delhi - IITM","04-08-2026 05:00:00",28.63611,77.173332,CO,17,32,26
India,Delhi,Delhi,"Pusa, Delhi - IITM","04-08-2026 05:00:00",28.63611,77.173332,OZONE,4,20,10
India,Delhi,Delhi,"IGI Airport (T3), Delhi - IITM","04-08-2026 05:00:00",28.5627763,77.1180053,PM10,23,113,67
India,Delhi,Delhi,"IGI Airport (T3), Delhi - IITM","04-08-2026 05:00:00",28.5627763,77.1180053,NO2,14,51,27
India,Delhi,Delhi,"IGI Airport (T3), Delhi - IITM","04-08-2026 05:00:00",28.5627763,77.1180053,CO,30,50,39
India,Chhattisgarh,Raipur,"AIIMS, Raipur - CECB","04-08-2026 05:00:00",21.258815,81.578979,OZONE,15,23,18
India,Chhattisgarh,Tumidih,"OP Jindal Industrial Park, Tumidih - CECB","04-08-2026 05:00:00",22.06631475,83.33820077,CO,13,51,28
India,Chhattisgarh,Tumidih,"OP Jindal Industrial Park, Tumidih - CECB","04-08-2026 05:00:00",22.06631475,83.33820077,OZONE,38,38,38
India,Delhi,Delhi,"ITO, Delhi - CPCB","04-08-2026 05:00:00",28.628624,77.24106,NO2,14,109,60
India,Delhi,Delhi,"Punjabi Bagh, Delhi - DPCC","04-08-2026 05:00:00",28.674045,77.131023,NH3,2,7,5
India,Delhi,Delhi,"Shadipur, Delhi - CPCB","04-08-2026 05:00:00",28.6514781,77.1473105,CO,13,44,32
India,Delhi,Delhi,"Mandir Marg, Delhi - DPCC","04-08-2026 05:00:00",28.636429,77.201067,PM10,30,91,65
India,Delhi,Delhi,"IMD Lodhi Road, Delhi - IITM","04-08-2026 05:00:00",28.5918245,77.2273074,NH3,NA,NA,NA
India,Delhi,Delhi,"IMD Lodhi Road, Delhi - IITM","04-08-2026 05:00:00",28.5918245,77.2273074,OZONE,15,30,20
India,Delhi,Delhi,"JNU, Delhi - DPCC","04-08-2026 05:00:00",28.540721,77.168544,PM2.5,6,89,37
India,Delhi,Delhi,"Alipur, Delhi - DPCC","04-08-2026 05:00:00",28.815329,77.15301,PM10,110,169,135
India,Delhi,Delhi,"R K Puram, Delhi - DPCC","04-08-2026 05:00:00",28.563262,77.186937,PM2.5,10,80,38
India,Chhattisgarh,Korba,"Rampur, Korba - CECB","04-08-2026 05:00:00",22.368195,82.746431,CO,8,32,16
India,Chhattisgarh,Korba,"Rampur, Korba - CECB","04-08-2026 05:00:00",22.368195,82.746431,OZONE,8,10,8
India,Chhattisgarh,Milupara,"Govt. Higher Secondary School, Milupara - CECB","04-08-2026 05:00:00",22.1910172,83.5197009,PM10,11,95,46
India,"Himachal Pradesh",Baddi,"HIMUDA Complex Phase-1, Baddi - HPPCB","04-08-2026 05:00:00",30.943887,76.801991,OZONE,8,23,16
India,"Jammu and Kashmir",Pampore,"Khrew, Pampore - JKPCC","04-08-2026 05:00:00",34.031606,75.009712,NO2,9,29,16
India,"Jammu and Kashmir",Pampore,"Khrew, Pampore - JKPCC","04-08-2026 05:00:00",34.031606,75.009712,SO2,7,15,10
India,"Jammu and Kashmir",Srinagar,"Khunmoh, Srinagar - JKPCC","04-08-2026 05:00:00",34.06313,74.96017,PM2.5,7,21,12
India,"Jammu and Kashmir",Srinagar,"Khunmoh, Srinagar - JKPCC","04-08-2026 05:00:00",34.06313,74.96017,NO2,6,19,12
India,"Jammu and Kashmir",Srinagar,"Khunmoh, Srinagar - JKPCC","04-08-2026 05:00:00",34.06313,74.96017,NH3,NA,NA,NA
India,"Jammu and Kashmir",Srinagar,"Rajbagh, Srinagar - JKPCC","04-08-2026 05:00:00",34.066206,74.81982,PM2.5,16,39,25
India,"Jammu and Kashmir",Srinagar,"Rajbagh, Srinagar - JKPCC","04-08-2026 05:00:00",34.066206,74.81982,NO2,19,20,19
India,"Jammu and Kashmir",Srinagar,"Rajbagh, Srinagar - JKPCC","04-08-2026 05:00:00",34.066206,74.81982,NH3,9,9,9
India,"Jammu and Kashmir",Srinagar,"Rajbagh, Srinagar - JKPCC","04-08-2026 05:00:00",34.066206,74.81982,CO,10,16,15
India,Jharkhand,Jorapokhar,"Tata Stadium, Jorapokhar - JSPCB","04-08-2026 05:00:00",23.707909,86.41467,NO2,8,8,8
India,Jharkhand,Jorapokhar,"Tata Stadium, Jorapokhar - JSPCB","04-08-2026 05:00:00",23.707909,86.41467,SO2,21,21,21
India,Jharkhand,Jorapokhar,"Tata Stadium, Jorapokhar - JSPCB","04-08-2026 05:00:00",23.707909,86.41467,OZONE,4,6,5
India,Karnataka,Bagalkot,"Vidayagiri, Bagalkot - KSPCB","04-08-2026 05:00:00",16.172806,75.659694,PM2.5,35,36,36
India,Karnataka,Bagalkot,"Vidayagiri, Bagalkot - KSPCB","04-08-2026 05:00:00",16.172806,75.659694,CO,3,41,21
India,Karnataka,Belgaum,"Ramteerth Nagar, Belgaum - KSPCB","04-08-2026 05:00:00",15.888653,74.541751,PM10,6,30,15
India,Delhi,Delhi,"Narela, Delhi - DPCC","04-08-2026 05:00:00",28.822836,77.101981,OZONE,7,22,14
India,Gujarat,Ahmedabad,"SVPI Airport Hansol, Ahmedabad - IITM","04-08-2026 05:00:00",23.076793,72.627874,PM2.5,12,42,22
India,Gujarat,Ahmedabad,"SVPI Airport Hansol, Ahmedabad - IITM","04-08-2026 05:00:00",23.076793,72.627874,NO2,18,45,32
India,Gujarat,Ahmedabad,"SVPI Airport Hansol, Ahmedabad - IITM","04-08-2026 05:00:00",23.076793,72.627874,NH3,2,2,2
India,Gujarat,Ahmedabad,"Rakhial, Ahmedabad - IITM","04-08-2026 05:00:00",23.016834,72.625775,NO2,19,38,23
India,Gujarat,Ahmedabad,"Rakhial, Ahmedabad - IITM","04-08-2026 05:00:00",23.016834,72.625775,CO,29,55,41
India,Gujarat,Ahmedabad,"Rakhial, Ahmedabad - IITM","04-08-2026 05:00:00",23.016834,72.625775,OZONE,4,5,5
India,Gujarat,Ahmedabad,"Chandkheda, Ahmedabad - IITM","04-08-2026 05:00:00",23.107969,72.574648,PM2.5,33,120,71
India,Gujarat,Ahmedabad,"Maninagar, Ahmedabad - GPCB","04-08-2026 05:00:00",23.002657,72.591912,PM2.5,46,231,108
India,Gujarat,Ahmedabad,"Maninagar, Ahmedabad - GPCB","04-08-2026 05:00:00",23.002657,72.591912,PM10,74,130,109
India,Gujarat,Ahmedabad,"Maninagar, Ahmedabad - GPCB","04-08-2026 05:00:00",23.002657,72.591912,CO,1,62,23
India,Gujarat,Ahmedabad,"Gyaspur, Ahmedabad - IITM","04-08-2026 05:00:00",22.977134,72.553024,PM2.5,20,76,46
India,Gujarat,Ahmedabad,"Gyaspur, Ahmedabad - IITM","04-08-2026 05:00:00",22.977134,72.553024,NO2,17,21,19
India,Gujarat,Ahmedabad,"Gyaspur, Ahmedabad - IITM","04-08-2026 05:00:00",22.977134,72.553024,OZONE,9,22,13
India,Gujarat,Ahmedabad,"SAC ISRO Satellite, Ahmedabad - IITM","04-08-2026 05:00:00",23.023389,72.515201,PM2.5,51,91,70
India,Gujarat,Ahmedabad,"Raikhad, Ahmedabad - IITM","04-08-2026 05:00:00",23.020509,72.579261,PM2.5,17,41,32
India,Haryana,Bahadurgarh,"Arya Nagar, Bahadurgarh - HSPCB","04-08-2026 05:00:00",28.6701,76.9254,SO2,7,9,8
India,Haryana,Ballabgarh,"Nathu Colony, Ballabgarh - HSPCB","04-08-2026 05:00:00",28.3419248,77.319699,OZONE,4,30,16
India,Haryana,"Charkhi Dadri","Mini Secretariat, Charkhi Dadri - HSPCB","04-08-2026 05:00:00",28.593883,76.270653,PM10,28,78,51
India,Haryana,Dharuhera,"Municipal Corporation Office, Dharuhera -  HSPCB","04-08-2026 05:00:00",28.2068,76.7997,PM2.5,38,85,54
India,Haryana,Dharuhera,"Municipal Corporation Office, Dharuhera -  HSPCB","04-08-2026 05:00:00",28.2068,76.7997,NO2,17,62,43
India,Haryana,Faridabad,"New Industrial Town, Faridabad - HSPCB","04-08-2026 05:00:00",28.39072,77.30059,NH3,11,12,11
India,Haryana,Faridabad,"New Industrial Town, Faridabad - HSPCB","04-08-2026 05:00:00",28.39072,77.30059,OZONE,13,14,14
India,Haryana,Faridabad,"Sector 11, Faridabad - HSPCB","04-08-2026 05:00:00",28.376058,77.315741,NO2,30,33,31
India,Haryana,Faridabad,"Sector 11, Faridabad - HSPCB","04-08-2026 05:00:00",28.376058,77.315741,NH3,8,9,8
India,Haryana,Faridabad,"Sector 30, Faridabad - HSPCB","04-08-2026 05:00:00",28.4417,77.3217,NO2,36,39,37
India,Gujarat,Ahmedabad,"Raikhad, Ahmedabad - IITM","04-08-2026 05:00:00",23.020509,72.579261,PM10,59,94,77
India,Gujarat,Ahmedabad,"Raikhad, Ahmedabad - IITM","04-08-2026 05:00:00",23.020509,72.579261,NO2,13,18,15
India,Gujarat,Ankleshwar,"GIDC, Ankleshwar - GPCB","04-08-2026 05:00:00",21.613267,73.010555,PM10,42,74,61
India,Gujarat,Ankleshwar,"GIDC, Ankleshwar - GPCB","04-08-2026 05:00:00",21.613267,73.010555,NO2,25,31,27
India,Gujarat,Ankleshwar,"GIDC, Ankleshwar - GPCB","04-08-2026 05:00:00",21.613267,73.010555,SO2,15,21,19
India,Gujarat,Ankleshwar,"GIDC, Ankleshwar - GPCB","04-08-2026 05:00:00",21.613267,73.010555,OZONE,43,47,45
India,Gujarat,Bhavnagar,"Vidhyanagar, Bhavnagar - Nexteng Enviro","04-08-2026 05:00:00",21.755417,72.139056,OZONE,17,19,18
India,Gujarat,Gandhinagar,"Sector-10, Gandhinagar - GPCB","04-08-2026 05:00:00",23.221714,72.654328,PM2.5,24,67,45
India,Gujarat,Gandhinagar,"GIFT City, Gandhinagar - IITM","04-08-2026 05:00:00",23.163798,72.677768,PM10,79,111,94
India,Gujarat,Mehsana,"Sadanand Nagar, Mehsana - Nexteng Enviro","04-08-2026 05:00:00",23.59315,72.372792,NO2,5,8,7
India,Gujarat,Mehsana,"Sadanand Nagar, Mehsana - Nexteng Enviro","04-08-2026 05:00:00",23.59315,72.372792,CO,45,53,48
India,Haryana,Narnaul,"Shastri Nagar, Narnaul - HSPCB","04-08-2026 05:00:00",28.060249,76.113115,PM10,55,89,71
India,Haryana,Narnaul,"Shastri Nagar, Narnaul - HSPCB","04-08-2026 05:00:00",28.060249,76.113115,NH3,7,8,8
India,Haryana,Palwal,"Shyam Nagar, Palwal - HSPCB","04-08-2026 05:00:00",28.1485564,77.3320667,SO2,2,28,12
India,Haryana,Panchgaon,"Amity University, Panchgaon - IITM","04-08-2026 05:00:00",28.3153,76.9143,NO2,8,16,11
India,Haryana,Panchgaon,"Amity University, Panchgaon - IITM","04-08-2026 05:00:00",28.3153,76.9143,OZONE,6,17,11
India,Haryana,Panchkula,"Sector-6, Panchkula - HSPCB ","04-08-2026 05:00:00",30.7057778,76.8531805555555,PM10,NA,NA,NA
India,Haryana,Rohtak,"MD University, Rohtak - HSPCB","04-08-2026 05:00:00",28.52123,76.37138,PM10,30,75,50
India,Haryana,Rohtak,"MD University, Rohtak - HSPCB","04-08-2026 05:00:00",28.52123,76.37138,OZONE,2,19,14
India,Haryana,Sonipat,"Murthal, Sonipat - HSPCB","04-08-2026 05:00:00",29.0272,77.0621,PM2.5,33,64,47
India,Delhi,Delhi,"Jahangirpuri, Delhi - DPCC","04-08-2026 05:00:00",28.73282,77.170633,PM2.5,NA,NA,NA
India,Delhi,Delhi,"Vivek Vihar, Delhi - DPCC","04-08-2026 05:00:00",28.672342,77.31526,SO2,8,10,9
India,Delhi,Delhi,"Vivek Vihar, Delhi - DPCC","04-08-2026 05:00:00",28.672342,77.31526,CO,11,33,21
India,Delhi,Delhi,"Rohini, Delhi - DPCC","04-08-2026 05:00:00",28.732528,77.11992,PM2.5,27,85,65
India,Delhi,Delhi,"Rohini, Delhi - DPCC","04-08-2026 05:00:00",28.732528,77.11992,NO2,14,44,24
India,Delhi,Delhi,"Rohini, Delhi - DPCC","04-08-2026 05:00:00",28.732528,77.11992,OZONE,3,3,3
India,Delhi,Delhi,"Bawana, Delhi - DPCC","04-08-2026 05:00:00",28.7762,77.051074,SO2,6,7,7
India,Delhi,Delhi,"Sonia Vihar, Delhi - DPCC","04-08-2026 05:00:00",28.710508,77.249485,SO2,0,45,5
India,Delhi,Delhi,"Major Dhyan Chand National Stadium, Delhi - DPCC","04-08-2026 05:00:00",28.611281,77.237738,SO2,10,25,14
India,Delhi,Delhi,"Cantonment Area, Delhi - DPCC","04-08-2026 05:00:00",28.594169,77.1251,PM2.5,10,22,16
India,Haryana,Gurugram,"Sector-51, Gurugram - HSPCB","04-08-2026 05:00:00",28.4227,77.0667,OZONE,7,10,9
India,Haryana,Kaithal,"Rishi Nagar, Kaithal - HSPCB","04-08-2026 05:00:00",29.8006,76.4155,PM2.5,25,71,44
India,Haryana,Kaithal,"Rishi Nagar, Kaithal - HSPCB","04-08-2026 05:00:00",29.8006,76.4155,CO,15,26,20
India,Haryana,Karnal,"Sector-12, Karnal - HSPCB","04-08-2026 05:00:00",29.6953,77.0027,PM2.5,40,65,51
India,Haryana,Karnal,"Sector-12, Karnal - HSPCB","04-08-2026 05:00:00",29.6953,77.0027,PM10,44,73,57
India,Haryana,Karnal,"Sector-12, Karnal - HSPCB","04-08-2026 05:00:00",29.6953,77.0027,NO2,9,22,15
India,Haryana,Karnal,"Sector-12, Karnal - HSPCB","04-08-2026 05:00:00",29.6953,77.0027,CO,41,70,53
India,Haryana,Kurukshetra,"Sector-7, Kurukshetra - HSPCB","04-08-2026 05:00:00",29.966942,76.875879,NO2,12,16,15
India,Haryana,Kurukshetra,"Sector-7, Kurukshetra - HSPCB","04-08-2026 05:00:00",29.966942,76.875879,NH3,5,6,5
India,Haryana,Kurukshetra,"Sector-7, Kurukshetra - HSPCB","04-08-2026 05:00:00",29.966942,76.875879,SO2,NA,NA,NA
India,Gujarat,Surat,"Katargam, Surat - Nexteng Enviro","04-08-2026 05:00:00",21.217779,72.834787,PM2.5,22,76,40
India,Gujarat,Surat,"Katargam, Surat - Nexteng Enviro","04-08-2026 05:00:00",21.217779,72.834787,NO2,0,60,25
India,Gujarat,Surat,"Katargam, Surat - Nexteng Enviro","04-08-2026 05:00:00",21.217779,72.834787,NH3,1,1,1
India,Gujarat,Vadodara,"Bapunagar, Vadodara - Nexteng Enviro","04-08-2026 05:00:00",22.320153,73.216285,PM2.5,26,75,46
India,Gujarat,Vapi,"Phase-1 GIDC, Vapi - GPCB","04-08-2026 05:00:00",20.362421,72.918013,SO2,9,14,10
India,Haryana,Faridabad,"Sector 30, Faridabad - HSPCB","04-08-2026 05:00:00",28.4417,77.3217,SO2,2,3,2
India,Haryana,Fatehabad,"Huda Sector, Fatehabad - HSPCB","04-08-2026 05:00:00",29.503664,75.467934,SO2,14,22,18
India,Haryana,Gurugram,"Vikas Sadan, Gurugram - HSPCB","04-08-2026 05:00:00",28.4501238,77.0263051,PM2.5,58,320,105
India,Haryana,Gurugram,"Vikas Sadan, Gurugram - HSPCB","04-08-2026 05:00:00",28.4501238,77.0263051,OZONE,2,10,6
India,Maharashtra,Akola,"Ramdaspeth, Akola - MPCB","04-08-2026 05:00:00",20.719516,77.000253,PM2.5,21,52,37
India,Maharashtra,Akola,"Ramdaspeth, Akola - MPCB","04-08-2026 05:00:00",20.719516,77.000253,SO2,3,7,4
India,Maharashtra,Amravati,"Shri Shivaji Science College, Amravati - MPCB","04-08-2026 05:00:00",20.939198,77.765701,OZONE,9,14,12
India,Maharashtra,Amravati,"Shivneri Colony, Amravati - MPCB","04-08-2026 05:00:00",20.9402359,77.7895248,PM2.5,5,32,19
India,Maharashtra,Amravati,"Shivneri Colony, Amravati - MPCB","04-08-2026 05:00:00",20.9402359,77.7895248,OZONE,6,11,9
India,Maharashtra,Aurangabad,"More Chowk Waluj, Aurangabad - MPCB","04-08-2026 05:00:00",19.8389439,75.244448,NH3,NA,NA,NA
India,Maharashtra,Aurangabad,"MIDC Chilkalthana, Aurangabad - MPCB","04-08-2026 05:00:00",19.87562,75.38731,PM2.5,21,52,27
India,Maharashtra,Aurangabad,"MIDC Chilkalthana, Aurangabad - MPCB","04-08-2026 05:00:00",19.87562,75.38731,NO2,8,13,11
India,Maharashtra,Aurangabad,"MIDC Chilkalthana, Aurangabad - MPCB","04-08-2026 05:00:00",19.87562,75.38731,OZONE,20,25,23
India,Maharashtra,Aurangabad,"Rachnakar Colony, Aurangabad - MPCB","04-08-2026 05:00:00",19.863756,75.321188,PM10,20,72,47
India,Maharashtra,Badlapur,"Katrap, Badlapur - MPCB","04-08-2026 05:00:00",19.16485,73.23409,PM2.5,17,18,18
India,Maharashtra,Badlapur,"Katrap, Badlapur - MPCB","04-08-2026 05:00:00",19.16485,73.23409,OZONE,4,6,6
India,Maharashtra,Beed,"Bir, Beed - MPCB","04-08-2026 05:00:00",18.988474,75.753873,PM2.5,7,55,27
India,Maharashtra,Beed,"Bir, Beed - MPCB","04-08-2026 05:00:00",18.988474,75.753873,NH3,2,3,3
India,Maharashtra,Beed,"Bir, Beed - MPCB","04-08-2026 05:00:00",18.988474,75.753873,SO2,3,6,4
India,Maharashtra,Beed,"Bir, Beed - MPCB","04-08-2026 05:00:00",18.988474,75.753873,CO,11,34,18
India,Maharashtra,Belapur,"CBD Belapur, Belapur - MPCB","04-08-2026 05:00:00",19.0243902,73.0406721,NO2,13,33,22
India,Kerala,Thrissur,"Corporation Ground, Thrissur - Kerala PCB","04-08-2026 05:00:00",10.5324,76.2159,PM10,38,47,42
India,"Madhya Pradesh",Bhopal,"T T Nagar, Bhopal - MPPCB","04-08-2026 05:00:00",23.233584,77.400574,PM2.5,12,38,24
India,"Madhya Pradesh",Bhopal,"T T Nagar, Bhopal - MPPCB","04-08-2026 05:00:00",23.233584,77.400574,CO,20,34,25
India,"Madhya Pradesh",Bhopal,"Idgah Hills, Bhopal - MPPCB","04-08-2026 05:00:00",23.264759,77.381568,PM10,43,82,67
India,"Madhya Pradesh",Bhopal,"Idgah Hills, Bhopal - MPPCB","04-08-2026 05:00:00",23.264759,77.381568,SO2,3,4,4
India,"Madhya Pradesh",Bhopal,"Idgah Hills, Bhopal - MPPCB","04-08-2026 05:00:00",23.264759,77.381568,OZONE,16,16,16
India,"Madhya Pradesh",Bhopal,"Paryavaran Parisar, Bhopal - MPPCB","04-08-2026 05:00:00",23.210494,77.425409,NO2,7,12,9
India,"Madhya Pradesh",Damoh,"Shrivastav Colony, Damoh - MPPCB","04-08-2026 05:00:00",23.81748678,79.446246,NO2,NA,NA,NA
India,"Madhya Pradesh",Damoh,"Shrivastav Colony, Damoh - MPPCB","04-08-2026 05:00:00",23.81748678,79.446246,SO2,43,57,51
India,"Madhya Pradesh",Damoh,"Shrivastav Colony, Damoh - MPPCB","04-08-2026 05:00:00",23.81748678,79.446246,CO,21,24,22
India,"Madhya Pradesh",Damoh,"Shrivastav Colony, Damoh - MPPCB","04-08-2026 05:00:00",23.81748678,79.446246,OZONE,NA,NA,NA
India,"Madhya Pradesh",Dewas,"Bhopal Chauraha, Dewas - MPPCB","04-08-2026 05:00:00",22.9682591,76.064118,PM10,35,119,77
India,"Madhya Pradesh",Dewas,"Bhopal Chauraha, Dewas - MPPCB","04-08-2026 05:00:00",22.9682591,76.064118,NH3,0,10,4
India,"Madhya Pradesh",Dewas,"Bhopal Chauraha, Dewas - MPPCB","04-08-2026 05:00:00",22.9682591,76.064118,CO,5,115,24
India,Maharashtra,Bhiwandi,"Gokul Nagar, Bhiwandi - MPCB","04-08-2026 05:00:00",19.309073,73.057223,PM2.5,17,500,80
India,Maharashtra,Bhiwandi,"Gokul Nagar, Bhiwandi - MPCB","04-08-2026 05:00:00",19.309073,73.057223,NH3,2,2,2
India,Maharashtra,Bhiwandi,"Gokul Nagar, Bhiwandi - MPCB","04-08-2026 05:00:00",19.309073,73.057223,SO2,NA,NA,NA
India,Maharashtra,Chandrapur,"MIDC Khutala, Chandrapur - MPCB","04-08-2026 05:00:00",19.9775302,79.2337086,CO,37,42,39
India,Maharashtra,Chandrapur,"Chauhan Colony, Chandrapur - MPCB","04-08-2026 05:00:00",19.9629,79.298714,PM10,24,55,38
India,Maharashtra,Chandrapur,"Chauhan Colony, Chandrapur - MPCB","04-08-2026 05:00:00",19.9629,79.298714,NO2,12,18,14
India,Maharashtra,Chandrapur,"Chauhan Colony, Chandrapur - MPCB","04-08-2026 05:00:00",19.9629,79.298714,OZONE,6,12,9
India,Maharashtra,Dhule,"Deopur, Dhule - MPCB","04-08-2026 05:00:00",20.918946,74.776388,PM10,27,77,53
India,Maharashtra,Hingoli,"Ashta Vinayak Nagar, Hingoli - MPCB","04-08-2026 05:00:00",19.710842,77.151824,NH3,1,5,1
India,Maharashtra,Hingoli,"Ashta Vinayak Nagar, Hingoli - MPCB","04-08-2026 05:00:00",19.710842,77.151824,CO,8,17,11
India,Maharashtra,Jalgaon,"Prabhat Colony, Jalgaon - MPCB","04-08-2026 05:00:00",21.001264,75.565602,NH3,1,2,1
India,Maharashtra,Jalgaon,"Prabhat Colony, Jalgaon - MPCB","04-08-2026 05:00:00",21.001264,75.565602,OZONE,6,17,9
India,Maharashtra,Kalyan,"Pimpleshwar Mandir, Kalyan - MPCB","04-08-2026 05:00:00",19.192056,72.9585188,CO,62,79,69
India,"Madhya Pradesh",Pithampur,"Sector-2 Industrial Area, Pithampur - MPPCB","04-08-2026 05:00:00",22.624758,75.675238,NO2,4,26,14
India,"Madhya Pradesh",Pithampur,"Sector-2 Industrial Area, Pithampur - MPPCB","04-08-2026 05:00:00",22.624758,75.675238,OZONE,17,34,27
India,"Madhya Pradesh",Ratlam,"Shasthri Nagar, Ratlam - IPCA Lab","04-08-2026 05:00:00",23.331731,75.045981,NO2,34,36,35
India,"Madhya Pradesh",Sagar,"Civil Lines, Sagar - MPPCB","04-08-2026 05:00:00",23.838586,78.759431,SO2,5,8,7
India,"Madhya Pradesh",Satna,"Bandhavgar Colony, Satna - Birla Cement","04-08-2026 05:00:00",24.58434363,80.8549414,NH3,NA,NA,NA
India,"Madhya Pradesh",Satna,"Bandhavgar Colony, Satna - Birla Cement","04-08-2026 05:00:00",24.58434363,80.8549414,CO,13,19,15
India,"Madhya Pradesh",Singrauli,"Suryakiran Bhawan NCL, Singrauli - MPPCB","04-08-2026 05:00:00",24.10897,82.64558,SO2,NA,NA,NA
India,"Madhya Pradesh",Ujjain,"Mahashweta Nagar, Ujjain - MPPCB","04-08-2026 05:00:00",23.1633321,75.800225,PM10,25,156,64
India,"Madhya Pradesh",Ujjain,"Mahashweta Nagar, Ujjain - MPPCB","04-08-2026 05:00:00",23.1633321,75.800225,NO2,2,15,7
India,"Madhya Pradesh",Ujjain,"Mahashweta Nagar, Ujjain - MPPCB","04-08-2026 05:00:00",23.1633321,75.800225,NH3,3,14,10
India,"Madhya Pradesh",Ujjain,"Mahashweta Nagar, Ujjain - MPPCB","04-08-2026 05:00:00",23.1633321,75.800225,OZONE,32,50,41
India,Karnataka,Chamarajanagar,"Urban, Chamarajanagar - KSPCB","04-08-2026 05:00:00",11.55358,76.55521,OZONE,20,27,25
India,Karnataka,Chikkaballapur,"Chikkaballapur Rural, Chikkaballapur - KSPCB","04-08-2026 05:00:00",13.428828,77.731418,PM2.5,3,30,15
India,Karnataka,Chikkaballapur,"Chikkaballapur Rural, Chikkaballapur - KSPCB","04-08-2026 05:00:00",13.428828,77.731418,NO2,3,5,4
India,Karnataka,Dharwad,"Kalabhavan, Dharwad - KSPCB","04-08-2026 05:00:00",15.459706,75.008381,PM2.5,42,48,45
India,Karnataka,Kalaburagi,"Mahatma Basaveswar Colony, Kalaburgi - KSPCB","04-08-2026 05:00:00",17.336318,76.847397,OZONE,11,15,14
India,Karnataka,Karwar,"KHB Colony, Karwar - KSPCB","04-08-2026 05:00:00",14.816666,74.141003,NO2,16,84,30
India,Karnataka,Karwar,"KHB Colony, Karwar - KSPCB","04-08-2026 05:00:00",14.816666,74.141003,CO,36,39,37
India,Karnataka,Madikeri,"Stuart Hill, Madikeri - KSPCB","04-08-2026 05:00:00",12.415911,75.73505,PM2.5,3,13,9
India,Karnataka,Mangalore,"Kadri, Mangalore - KSPCB","04-08-2026 05:00:00",12.88925,74.853,CO,NA,NA,NA
India,Karnataka,Mysuru,"Hebbal 1st Stage, Mysuru - KSPCB","04-08-2026 05:00:00",12.21041,76.37376,PM2.5,14,31,20
India,"Madhya Pradesh",Indore,"Regional Park, Indore - IMC","04-08-2026 05:00:00",22.678,75.8559,PM10,6,83,25
India,"Madhya Pradesh",Indore,"Regional Park, Indore - IMC","04-08-2026 05:00:00",22.678,75.8559,SO2,37,38,38
India,"Madhya Pradesh",Indore,"Regional Park, Indore - IMC","04-08-2026 05:00:00",22.678,75.8559,CO,1,6,4
India,"Madhya Pradesh",Indore,"Maguda Nagar, Indore - IMC","04-08-2026 05:00:00",22.7524,75.8872,CO,32,40,37
India,"Madhya Pradesh",Jabalpur,"Suhagi, Jabalpur - JMC","04-08-2026 05:00:00",23.218135,79.95777,PM10,44,72,55
India,"Madhya Pradesh",Jabalpur,"Suhagi, Jabalpur - JMC","04-08-2026 05:00:00",23.218135,79.95777,NH3,3,3,3
India,"Madhya Pradesh",Jabalpur,"Suhagi, Jabalpur - JMC","04-08-2026 05:00:00",23.218135,79.95777,OZONE,20,37,30
India,"Madhya Pradesh",Jabalpur,"Govindh Bhavan Colony, Jabalpur - JMC","04-08-2026 05:00:00",23.163174,79.973061,SO2,5,6,6
India,"Madhya Pradesh",Katni,"Gole Bazar, Katni - MPPCB","04-08-2026 05:00:00",23.50016,80.23284,PM2.5,7,50,25
India,"Madhya Pradesh",Katni,"Gole Bazar, Katni - MPPCB","04-08-2026 05:00:00",23.50016,80.23284,NH3,2,4,3
India,"Madhya Pradesh",Maihar,"Sahilara, Maihar - KJS Cements","04-08-2026 05:00:00",24.2613009,80.7231783,CO,7,11,10
India,Karnataka,Bengaluru,"Bapuji Nagar, Bengaluru - KSPCB","04-08-2026 05:00:00",12.951913,77.539784,CO,25,46,34
India,Karnataka,Bengaluru,"Sanegurava Halli, Bengaluru - KSPCB","04-08-2026 05:00:00",12.990328,77.5431385,NO2,18,19,18
India,Karnataka,Bengaluru,"Sanegurava Halli, Bengaluru - KSPCB","04-08-2026 05:00:00",12.990328,77.5431385,NH3,NA,NA,NA
India,Karnataka,Bengaluru,"Sanegurava Halli, Bengaluru - KSPCB","04-08-2026 05:00:00",12.990328,77.5431385,SO2,6,7,6
India,Karnataka,Bengaluru,"Sanegurava Halli, Bengaluru - KSPCB","04-08-2026 05:00:00",12.990328,77.5431385,CO,17,36,23
India,Karnataka,Bengaluru,"BTM Layout, Bengaluru - CPCB","04-08-2026 05:00:00",12.9135218,77.5950804,PM10,43,77,54
India,Karnataka,Bengaluru,"BTM Layout, Bengaluru - CPCB","04-08-2026 05:00:00",12.9135218,77.5950804,NO2,26,27,27
India,Karnataka,Bengaluru,"BTM Layout, Bengaluru - CPCB","04-08-2026 05:00:00",12.9135218,77.5950804,SO2,20,20,20
India,Karnataka,Bengaluru,"Hebbal, Bengaluru - KSPCB","04-08-2026 05:00:00",13.029152,77.585901,OZONE,0,3,2
India,Karnataka,Bengaluru,"Jayanagar 5th Block, Bengaluru - KSPCB","04-08-2026 05:00:00",12.920984,77.584908,CO,2,10,5
India,Karnataka,Bengaluru,"Hombegowda Nagar, Bengaluru - KSPCB","04-08-2026 05:00:00",12.938539,77.5901,OZONE,4,5,4
India,Karnataka,Ramanagara,"Vijay Nagar, Ramanagara - KSPCB","04-08-2026 05:00:00",12.733409,77.298051,PM10,22,76,42
India,Karnataka,Ramanagara,"Vijay Nagar, Ramanagara - KSPCB","04-08-2026 05:00:00",12.733409,77.298051,NH3,NA,NA,NA
India,Karnataka,Ramanagara,"Vijay Nagar, Ramanagara - KSPCB","04-08-2026 05:00:00",12.733409,77.298051,SO2,15,24,21
India,Karnataka,Ramanagara,"Vijay Nagar, Ramanagara - KSPCB","04-08-2026 05:00:00",12.733409,77.298051,OZONE,22,36,27
India,Karnataka,Vijayapura,"Ibrahimpur, Vijayapura - KSPCB","04-08-2026 05:00:00",16.802639,75.722694,PM10,42,43,43
India,Karnataka,Vijayapura,"Ibrahimpur, Vijayapura - KSPCB","04-08-2026 05:00:00",16.802639,75.722694,CO,17,32,24
India,Karnataka,Yadgir,"Collector Office, Yadgir - KSPCB","04-08-2026 05:00:00",16.7602,77.1428,SO2,11,17,14
India,Kerala,Eloor,"Udyogamandal, Eloor - Kerala PCB","04-08-2026 05:00:00",10.073232,76.302765,PM2.5,31,37,35
India,Kerala,Eloor,"Udyogamandal, Eloor - Kerala PCB","04-08-2026 05:00:00",10.073232,76.302765,NO2,6,6,6
India,Kerala,Kannur,"Thavakkara, Kannur - Kerala PCB","04-08-2026 05:00:00",11.875,75.3732,OZONE,28,28,28
India,"Madhya Pradesh",Dewas,"Bhopal Chauraha, Dewas - MPPCB","04-08-2026 05:00:00",22.9682591,76.064118,OZONE,14,28,21
India,"Madhya Pradesh",Gwalior,"Deen Dayal Nagar, Gwalior - MPPCB","04-08-2026 05:00:00",26.259242,78.216432,CO,14,36,24
India,"Madhya Pradesh",Gwalior,"Maharaj Bada, Gwalior - MPPCB","04-08-2026 05:00:00",26.200388,78.147714,PM2.5,10,217,42
India,"Madhya Pradesh",Gwalior,"City Center, Gwalior - MPPCB","04-08-2026 05:00:00",26.203442,78.193251,PM10,16,43,30
India,"Madhya Pradesh",Indore,"Chhoti Gwaltoli, Indore - MPPCB","04-08-2026 05:00:00",22.431,75.5213,SO2,9,20,14
India,"Madhya Pradesh",Indore,"Airport Area, Indore - IMC","04-08-2026 05:00:00",22.7289,75.8076,PM2.5,17,92,50
India,"Madhya Pradesh",Indore,"Airport Area, Indore - IMC","04-08-2026 05:00:00",22.7289,75.8076,CO,38,41,40
India,Meghalaya,Byrnihat,"15th Mile-Nongthymmai, Byrnihat -Meghalaya PCB","04-08-2026 05:00:00",26.079047,91.875185,SO2,0,2,1
India,Meghalaya,Byrnihat,"15th Mile-Nongthymmai, Byrnihat -Meghalaya PCB","04-08-2026 05:00:00",26.079047,91.875185,CO,NA,NA,NA
India,Meghalaya,Shillong,"JN Stadium, Shillong - Meghalaya PCB","04-08-2026 05:00:00",25.5803419,91.8942571,NH3,2,14,6
India,Meghalaya,Shillong,"JN Stadium, Shillong - Meghalaya PCB","04-08-2026 05:00:00",25.5803419,91.8942571,OZONE,8,17,13
India,Mizoram,Aizawl,"Sikulpuikawn, Aizawl - Mizoram PCB","04-08-2026 05:00:00",23.7176342,92.7192841,OZONE,5,6,5
India,Nagaland,Kohima,"PWD Junction, Kohima - NPCB","04-08-2026 05:00:00",25.6635413,94.0989878,NH3,0,1,1
India,Odisha,Angul,"Hakimapada, Angul - OSPCB","04-08-2026 05:00:00",20.832874,85.104082,PM10,17,184,56
India,Odisha,Angul,"Hakimapada, Angul - OSPCB","04-08-2026 05:00:00",20.832874,85.104082,NO2,2,12,4
India,Odisha,Angul,"Hakimapada, Angul - OSPCB","04-08-2026 05:00:00",20.832874,85.104082,CO,44,121,62
India,Odisha,Balasore,"Kalidaspur, Balasore - OSPCB","04-08-2026 05:00:00",21.51161,86.89088,PM10,14,68,35
India,Odisha,Barbil,"Forest Office, Barbil - OSPCB","04-08-2026 05:00:00",22.1166054,85.3945546,NO2,1,12,4
India,Odisha,Barbil,"Forest Office, Barbil - OSPCB","04-08-2026 05:00:00",22.1166054,85.3945546,OZONE,5,16,8
India,Odisha,Baripada,"Meher Colony, Baripada - OSPCB","04-08-2026 05:00:00",21.941841,86.728318,PM2.5,23,66,39
India,Odisha,Bhubaneswar,"Lingraj Mandir, Bhubaneswar - OSPCB","04-08-2026 05:00:00",20.24079,85.836784,SO2,8,10,9
India,Maharashtra,Mumbai,"Kherwadi_Bandra East, Mumbai - MPCB","04-08-2026 05:00:00",19.0632143,72.8456324,SO2,4,6,6
India,Maharashtra,Mumbai,"Kherwadi_Bandra East, Mumbai - MPCB","04-08-2026 05:00:00",19.0632143,72.8456324,CO,17,23,20
India,Maharashtra,Mumbai,"Mazgaon, Mumbai - IITM","04-08-2026 05:00:00",18.96702,72.84214,PM10,10,76,51
India,Maharashtra,Mumbai,"Mazgaon, Mumbai - IITM","04-08-2026 05:00:00",18.96702,72.84214,CO,40,60,48
India,Maharashtra,Mumbai,"Mazgaon, Mumbai - IITM","04-08-2026 05:00:00",18.96702,72.84214,OZONE,18,29,24
India,Maharashtra,Mumbai,"Malad West, Mumbai - IITM","04-08-2026 05:00:00",19.19709,72.82204,NH3,NA,NA,NA
India,Maharashtra,Mumbai,"Malad West, Mumbai - IITM","04-08-2026 05:00:00",19.19709,72.82204,SO2,0,12,8
India,Maharashtra,Mumbai,"Kandivali West, Mumbai - BMC","04-08-2026 05:00:00",19.215859,72.831718,NO2,6,19,12
India,Maharashtra,Mumbai,"Siddharth Nagar-Worli, Mumbai - IITM","04-08-2026 05:00:00",19.000083,72.813993,PM10,45,72,58
India,Maharashtra,Mumbai,"Chakala-Andheri East, Mumbai - IITM","04-08-2026 05:00:00",19.11074,72.86084,PM10,34,78,49
India,Maharashtra,Mumbai,"Khindipada-Bhandup West, Mumbai - IITM","04-08-2026 05:00:00",19.1653323,72.922099,PM10,37,70,55
India,Maharashtra,Mumbai,"Mindspace-Malad West, Mumbai - MPCB","04-08-2026 05:00:00",19.1878657,72.8304069,PM10,29,42,33
India,Maharashtra,Mumbai,"Mindspace-Malad West, Mumbai - MPCB","04-08-2026 05:00:00",19.1878657,72.8304069,NO2,13,13,13
India,Maharashtra,Mumbai,"Mindspace-Malad West, Mumbai - MPCB","04-08-2026 05:00:00",19.1878657,72.8304069,SO2,6,7,7
India,Maharashtra,Mumbai,"Borivali East, Mumbai - MPCB","04-08-2026 05:00:00",19.2243333,72.8658113,NO2,10,10,10
India,Maharashtra,Kalyan,"Khadakpada, Kalyan - MPCB","04-08-2026 05:00:00",19.25292,73.142019,PM10,50,86,67
India,Maharashtra,Kalyan,"Khadakpada, Kalyan - MPCB","04-08-2026 05:00:00",19.25292,73.142019,NH3,1,1,1
India,Maharashtra,Kolhapur,"Sinchan Bhavan, Kolhapur - MPCB","04-08-2026 05:00:00",16.7143745,74.2426398,PM2.5,0,50,19
India,Maharashtra,Kolhapur,"Sinchan Bhavan, Kolhapur - MPCB","04-08-2026 05:00:00",16.7143745,74.2426398,NH3,NA,NA,NA
India,Maharashtra,Kolhapur,"Sinchan Bhavan, Kolhapur - MPCB","04-08-2026 05:00:00",16.7143745,74.2426398,CO,6,28,14
India,Maharashtra,Kolhapur,"Sinchan Bhavan, Kolhapur - MPCB","04-08-2026 05:00:00",16.7143745,74.2426398,OZONE,10,15,13
India,Maharashtra,Kolhapur,"Shivaji University, Kolhapur - MPCB","04-08-2026 05:00:00",16.6870449,74.2505872,PM10,22,43,30
India,Maharashtra,Kolhapur,"Shivaji University, Kolhapur - MPCB","04-08-2026 05:00:00",16.6870449,74.2505872,NH3,3,3,3
India,Maharashtra,Kolhapur,"Shivaji University, Kolhapur - MPCB","04-08-2026 05:00:00",16.6870449,74.2505872,SO2,0,1,0
India,Maharashtra,Latur,"Sawe Wadi, Latur - MPCB","04-08-2026 05:00:00",18.39963,76.57452,PM10,22,43,32
India,Maharashtra,Latur,"Sawe Wadi, Latur - MPCB","04-08-2026 05:00:00",18.39963,76.57452,NH3,1,6,3
India,Maharashtra,Malegaon,"Mahesh Nagar, Malegaon - MPCB","04-08-2026 05:00:00",20.555712,74.529236,NO2,2,10,6
India,Maharashtra,Malegaon,"Mahesh Nagar, Malegaon - MPCB","04-08-2026 05:00:00",20.555712,74.529236,OZONE,4,5,5
India,Maharashtra,Mira-Bhayandar,"Bhayandar West, Mira-Bhayandar - MPCB","04-08-2026 05:00:00",19.296481,72.840923,PM2.5,20,38,28
India,Maharashtra,Mira-Bhayandar,"Bhayandar West, Mira-Bhayandar - MPCB","04-08-2026 05:00:00",19.296481,72.840923,PM10,27,53,37
India,Maharashtra,Mira-Bhayandar,"Bhayandar West, Mira-Bhayandar - MPCB","04-08-2026 05:00:00",19.296481,72.840923,NH3,1,2,2
India,Maharashtra,Mira-Bhayandar,"Bhayandar West, Mira-Bhayandar - MPCB","04-08-2026 05:00:00",19.296481,72.840923,OZONE,5,8,6
India,Maharashtra,Solapur,"Ratandeep Housing Society, Solapur - MPCB","04-08-2026 05:00:00",17.65439,75.90649,SO2,3,4,3
India,Maharashtra,Solapur,"Ratandeep Housing Society, Solapur - MPCB","04-08-2026 05:00:00",17.65439,75.90649,CO,13,31,18
India,Maharashtra,Solapur,"Dnyaneshwar Nagar, Solapur - MPCB","04-08-2026 05:00:00",17.6336264,75.9132495,PM10,13,47,28
India,Maharashtra,Solapur,"Dnyaneshwar Nagar, Solapur - MPCB","04-08-2026 05:00:00",17.6336264,75.9132495,NO2,4,13,7
India,Maharashtra,Solapur,"Dnyaneshwar Nagar, Solapur - MPCB","04-08-2026 05:00:00",17.6336264,75.9132495,NH3,7,18,9
India,Maharashtra,Thane,"Kasarvadavali, Thane - MPCB","04-08-2026 05:00:00",19.26777,72.97182,NO2,5,10,7
India,Maharashtra,Thane,"Kasarvadavali, Thane - MPCB","04-08-2026 05:00:00",19.26777,72.97182,CO,18,24,20
India,Maharashtra,Ulhasnagar,"Sidhi Vinayak Nagar, Ulhasnagar - MPCB","04-08-2026 05:00:00",19.235581,73.159121,PM10,5,49,23
India,Maharashtra,Ulhasnagar,"Sidhi Vinayak Nagar, Ulhasnagar - MPCB","04-08-2026 05:00:00",19.235581,73.159121,NO2,2,2,2
India,Maharashtra,Ulhasnagar,"Vithalwadi, Ulhasnagar - MPCB","04-08-2026 05:00:00",19.2307571,73.155192,PM10,13,54,33
India,Maharashtra,Ulhasnagar,"Vithalwadi, Ulhasnagar - MPCB","04-08-2026 05:00:00",19.2307571,73.155192,CO,15,32,22
India,Maharashtra,Virar,"Bolinj, Virar - MPCB","04-08-2026 05:00:00",19.445821,72.7988231,PM2.5,13,22,17
India,Maharashtra,Virar,"Bolinj, Virar - MPCB","04-08-2026 05:00:00",19.445821,72.7988231,CO,9,31,14
India,Meghalaya,Byrnihat,"15th Mile-Nongthymmai, Byrnihat -Meghalaya PCB","04-08-2026 05:00:00",26.079047,91.875185,PM2.5,9,304,148
India,Maharashtra,"Navi Mumbai","Sanpada, Navi Mumbai - MPCB","04-08-2026 05:00:00",19.0575752,73.0151367,PM10,28,60,46
India,Maharashtra,"Navi Mumbai","Sanpada, Navi Mumbai - MPCB","04-08-2026 05:00:00",19.0575752,73.0151367,CO,1,17,9
India,Maharashtra,"Navi Mumbai","Nerul, Navi Mumbai - MPCB","04-08-2026 05:00:00",19.008751,73.01662,PM2.5,12,35,24
India,Maharashtra,"Navi Mumbai","Kopripada-Vashi, Navi Mumbai - MPCB","04-08-2026 05:00:00",19.090337,73.014232,PM2.5,9,31,19
India,Maharashtra,"Navi Mumbai","Kopripada-Vashi, Navi Mumbai - MPCB","04-08-2026 05:00:00",19.090337,73.014232,PM10,32,66,49
India,Maharashtra,"Navi Mumbai","Kopripada-Vashi, Navi Mumbai - MPCB","04-08-2026 05:00:00",19.090337,73.014232,CO,17,52,32
India,Maharashtra,"Navi Mumbai","Mahape, Navi Mumbai - MPCB","04-08-2026 05:00:00",19.1135051,73.008978,PM10,40,79,54
India,Maharashtra,"Navi Mumbai","Mahape, Navi Mumbai - MPCB","04-08-2026 05:00:00",19.1135051,73.008978,NH3,1,1,1
India,Maharashtra,"Navi Mumbai","Tondare-Taloja, Navi Mumbai - MPCB","04-08-2026 05:00:00",19.063,73.1209,NO2,8,13,9
India,Maharashtra,"Navi Mumbai","Tondare-Taloja, Navi Mumbai - MPCB","04-08-2026 05:00:00",19.063,73.1209,CO,37,42,39
India,Maharashtra,"Navi Mumbai","Tondare-Taloja, Navi Mumbai - MPCB","04-08-2026 05:00:00",19.063,73.1209,OZONE,NA,NA,NA
India,Maharashtra,Parbhani,"Masoom Colony, Parbhani - MPCB","04-08-2026 05:00:00",19.265594,76.761463,NH3,0,1,0
India,Maharashtra,Pimpri-Chinchwad,"Transport Nagar-Nigdi, Pune - IITM","04-08-2026 05:00:00",18.664282,73.763966,SO2,NA,NA,NA
India,Maharashtra,Mumbai,"Deonar, Mumbai - IITM","04-08-2026 05:00:00",19.04946,72.923,SO2,0,7,4
India,Maharashtra,Mumbai,"Ghatkopar, Mumbai - BMC","04-08-2026 05:00:00",19.083694,72.920967,CO,22,32,25
India,Maharashtra,Mumbai,"Ghatkopar, Mumbai - BMC","04-08-2026 05:00:00",19.083694,72.920967,OZONE,6,9,8
India,Maharashtra,Nagpur,"Opp GPO Civil Lines, Nagpur - MPCB","04-08-2026 05:00:00",21.152875,79.0517531,PM10,5,58,25
India,Maharashtra,Nagpur,"Opp GPO Civil Lines, Nagpur - MPCB","04-08-2026 05:00:00",21.152875,79.0517531,NH3,5,5,5
India,Maharashtra,Nagpur,"Opp GPO Civil Lines, Nagpur - MPCB","04-08-2026 05:00:00",21.152875,79.0517531,CO,11,36,25
India,Maharashtra,Nagpur,"Opp GPO Civil Lines, Nagpur - MPCB","04-08-2026 05:00:00",21.152875,79.0517531,OZONE,5,8,6
India,Maharashtra,Nagpur,"Ram Nagar, Nagpur - MPCB","04-08-2026 05:00:00",21.143383,79.048912,NO2,4,11,6
India,Maharashtra,Nagpur,"Mahal, Nagpur - MPCB","04-08-2026 05:00:00",21.14472,79.107595,PM10,30,67,53
India,Maharashtra,Nagpur,"Mahal, Nagpur - MPCB","04-08-2026 05:00:00",21.14472,79.107595,NO2,12,28,18
India,Maharashtra,Nagpur,"Mahal, Nagpur - MPCB","04-08-2026 05:00:00",21.14472,79.107595,CO,14,34,21
India,Maharashtra,Nanded,"Sneh Nagar, Nanded - MPCB","04-08-2026 05:00:00",19.173852,77.296291,SO2,5,33,8
India,Maharashtra,Nashik,"Gangapur Road, Nashik - MPCB","04-08-2026 05:00:00",20.0073285,73.7762427,NO2,5,5,5
India,Maharashtra,Pimpri-Chinchwad,"Transport Nagar-Nigdi, Pune - IITM","04-08-2026 05:00:00",18.664282,73.763966,OZONE,7,8,8
India,Maharashtra,Pimpri-Chinchwad,"Thergaon, Pimpri Chinchwad - MPCB","04-08-2026 05:00:00",18.616318,73.765797,NH3,3,5,4
India,Maharashtra,Pimpri-Chinchwad,"Thergaon, Pimpri Chinchwad - MPCB","04-08-2026 05:00:00",18.616318,73.765797,SO2,1,2,1
India,Maharashtra,Pimpri-Chinchwad,"Gavalinagar, Pimpri Chinchwad - MPCB","04-08-2026 05:00:00",18.63673,73.82487,PM10,16,45,30
India,Maharashtra,Pimpri-Chinchwad,"Gavalinagar, Pimpri Chinchwad - MPCB","04-08-2026 05:00:00",18.63673,73.82487,CO,10,20,13
India,Maharashtra,Pimpri-Chinchwad,"Savta Mali Nagar, Pimpri-Chinchwad - IITM","04-08-2026 05:00:00",18.614767,73.799516,PM10,28,84,51
India,Maharashtra,Pune,"Mhada Colony, Pune - IITM","04-08-2026 05:00:00",18.57304,73.927715,PM2.5,21,57,34
India,Maharashtra,Pune,"Mhada Colony, Pune - IITM","04-08-2026 05:00:00",18.57304,73.927715,NO2,23,58,36
India,Maharashtra,Pune,"Mhada Colony, Pune - IITM","04-08-2026 05:00:00",18.57304,73.927715,OZONE,7,8,7
India,Maharashtra,Mumbai,"Bandra Kurla Complex, Mumbai - MPCB","04-08-2026 05:00:00",19.065931,72.862131,NO2,7,11,9
India,Maharashtra,Mumbai,"Bandra Kurla Complex, Mumbai - MPCB","04-08-2026 05:00:00",19.065931,72.862131,CO,4,19,14
India,Maharashtra,Mumbai,"Bandra Kurla Complex, Mumbai - MPCB","04-08-2026 05:00:00",19.065931,72.862131,OZONE,13,33,20
India,Maharashtra,Mumbai,"Navy Nagar-Colaba, Mumbai - IITM","04-08-2026 05:00:00",18.897756,72.81332,PM10,27,81,62
India,Maharashtra,Mumbai,"Mulund West, Mumbai - MPCB","04-08-2026 05:00:00",19.175,72.9419,PM2.5,9,32,17
India,Maharashtra,Mumbai,"Mulund West, Mumbai - MPCB","04-08-2026 05:00:00",19.175,72.9419,CO,NA,NA,NA
India,Maharashtra,Mumbai,"Sewri, Mumbai - BMC","04-08-2026 05:00:00",19.000084,72.85673,OZONE,NA,NA,NA
India,Maharashtra,Mumbai,"Sion, Mumbai - MPCB","04-08-2026 05:00:00",19.047,72.8746,SO2,NA,NA,NA
India,Maharashtra,Mumbai,"Sion, Mumbai - MPCB","04-08-2026 05:00:00",19.047,72.8746,CO,20,20,20
India,Maharashtra,Pune,"Panchawati_Pashan, Pune - IITM","04-08-2026 05:00:00",18.536457,73.805454,PM2.5,17,43,26
India,Maharashtra,Pune,"Panchawati_Pashan, Pune - IITM","04-08-2026 05:00:00",18.536457,73.805454,NO2,6,12,9
India,Maharashtra,Pune,"Katraj Dairy, Pune - MPCB","04-08-2026 05:00:00",18.45445,73.854155,PM2.5,11,31,18
India,Maharashtra,Pune,"Katraj Dairy, Pune - MPCB","04-08-2026 05:00:00",18.45445,73.854155,NH3,1,1,1
India,Maharashtra,Pune,"Katraj Dairy, Pune - MPCB","04-08-2026 05:00:00",18.45445,73.854155,SO2,2,3,3
India,Maharashtra,Sangli,"Vijay Nagar, Sangli - MPCB","04-08-2026 05:00:00",16.5038,74.3623,PM10,29,51,41
India,Maharashtra,Sangli,"Vijay Nagar, Sangli - MPCB","04-08-2026 05:00:00",16.5038,74.3623,CO,14,19,17
India,Maharashtra,Satara,"Koyana Nagar, Satara - MPCB","04-08-2026 05:00:00",17.696651,74.003387,SO2,5,7,6
India,Rajasthan,Kota,"Shrinath Puram, Kota - RSPCB","04-08-2026 05:00:00",25.14389,75.821256,PM2.5,29,59,42
India,Rajasthan,Kota,"Shrinath Puram, Kota - RSPCB","04-08-2026 05:00:00",25.14389,75.821256,CO,22,38,34
India,Rajasthan,Nagaur,"Karni Colony, Nagaur - RSPCB","04-08-2026 05:00:00",27.213494,73.734444,PM2.5,5,63,26
India,Rajasthan,Nagaur,"Karni Colony, Nagaur - RSPCB","04-08-2026 05:00:00",27.213494,73.734444,CO,11,17,14
India,Rajasthan,Nagaur,"Karni Colony, Nagaur - RSPCB","04-08-2026 05:00:00",27.213494,73.734444,OZONE,13,25,17
India,Rajasthan,Pali,"Indira Colony Vistar, Pali - RSPCB","04-08-2026 05:00:00",25.771061,73.340227,SO2,3,15,12
India,Rajasthan,Pratapgarh,"Pragati Nagar, Pratapgarh - RSPCB","04-08-2026 05:00:00",24.041198,74.780702,PM2.5,20,70,43
India,Rajasthan,Pratapgarh,"Pragati Nagar, Pratapgarh - RSPCB","04-08-2026 05:00:00",24.041198,74.780702,PM10,25,92,66
India,Rajasthan,Pratapgarh,"Pragati Nagar, Pratapgarh - RSPCB","04-08-2026 05:00:00",24.041198,74.780702,NH3,2,3,3
India,Rajasthan,Pratapgarh,"Pragati Nagar, Pratapgarh - RSPCB","04-08-2026 05:00:00",24.041198,74.780702,OZONE,31,38,34
India,Rajasthan,Rajsamand,"Dhoinda, Rajsamand - RSPCB","04-08-2026 05:00:00",25.03636,73.883502,OZONE,39,43,42
India,Rajasthan,"Sawai Madhopur","Sahu Nagar, Sawai Madhopur - RSPCB","04-08-2026 05:00:00",26.031443,76.359327,PM10,40,70,54
India,Rajasthan,"Sawai Madhopur","Sahu Nagar, Sawai Madhopur - RSPCB","04-08-2026 05:00:00",26.031443,76.359327,NH3,2,7,4
India,Rajasthan,"Sawai Madhopur","Sahu Nagar, Sawai Madhopur - RSPCB","04-08-2026 05:00:00",26.031443,76.359327,CO,22,28,26
India,Rajasthan,"Sawai Madhopur","Sahu Nagar, Sawai Madhopur - RSPCB","04-08-2026 05:00:00",26.031443,76.359327,OZONE,15,32,23
India,Rajasthan,Sikar,"Radhakishan Pura, Sikar - RSPCB","04-08-2026 05:00:00",27.608912,75.153302,PM10,17,146,73
India,Rajasthan,Sikar,"Radhakishan Pura, Sikar - RSPCB","04-08-2026 05:00:00",27.608912,75.153302,OZONE,21,31,26
India,Rajasthan,Sirohi,"Vedhaynath Colony, Sirohi - RSPCB","04-08-2026 05:00:00",24.885261,72.857549,PM2.5,32,67,51
India,Rajasthan,Sirohi,"Vedhaynath Colony, Sirohi - RSPCB","04-08-2026 05:00:00",24.885261,72.857549,SO2,4,8,4
India,Rajasthan,"Sri Ganganagar","Old City, Sri Ganganagar - RSPCB","04-08-2026 05:00:00",29.931624,73.864511,PM2.5,NA,NA,NA
India,Rajasthan,"Sri Ganganagar","Old City, Sri Ganganagar - RSPCB","04-08-2026 05:00:00",29.931624,73.864511,NO2,47,92,68
India,Rajasthan,"Sri Ganganagar","Old City, Sri Ganganagar - RSPCB","04-08-2026 05:00:00",29.931624,73.864511,NH3,7,10,8
India,Rajasthan,"Sri Ganganagar","Old City, Sri Ganganagar - RSPCB","04-08-2026 05:00:00",29.931624,73.864511,OZONE,19,31,21
India,Rajasthan,Tonk,"Shastri Nagar, Tonk - RSPCB","04-08-2026 05:00:00",26.159933,75.780517,PM2.5,15,55,34
India,Rajasthan,Bundi,"New Colony, Bundi - RSPCB","04-08-2026 05:00:00",25.435774,75.644272,NH3,4,8,6
India,Rajasthan,Bundi,"New Colony, Bundi - RSPCB","04-08-2026 05:00:00",25.435774,75.644272,OZONE,8,28,20
India,Rajasthan,Churu,"Subash Chowk, Churu - RSPCB","04-08-2026 05:00:00",28.296139,74.961696,PM2.5,NA,NA,NA
India,Rajasthan,Churu,"Subash Chowk, Churu - RSPCB","04-08-2026 05:00:00",28.296139,74.961696,NO2,1,8,5
India,Rajasthan,Churu,"Subash Chowk, Churu - RSPCB","04-08-2026 05:00:00",28.296139,74.961696,CO,22,27,24
India,Rajasthan,Churu,"Subash Chowk, Churu - RSPCB","04-08-2026 05:00:00",28.296139,74.961696,OZONE,27,83,44
India,Rajasthan,Dausa,"Khatikan Mohalla, Dausa - RSPCB","04-08-2026 05:00:00",26.895552,76.334753,NH3,7,18,10
India,Rajasthan,Dausa,"Khatikan Mohalla, Dausa - RSPCB","04-08-2026 05:00:00",26.895552,76.334753,SO2,2,5,3
India,Rajasthan,Dausa,"Khatikan Mohalla, Dausa - RSPCB","04-08-2026 05:00:00",26.895552,76.334753,OZONE,5,12,7
India,Rajasthan,Dholpur,"Raja Ganj, Dholpur - RSPCB","04-08-2026 05:00:00",26.699557,77.898881,PM2.5,5,490,73
India,Rajasthan,Dholpur,"Raja Ganj, Dholpur - RSPCB","04-08-2026 05:00:00",26.699557,77.898881,PM10,21,500,83
India,Rajasthan,Dholpur,"Raja Ganj, Dholpur - RSPCB","04-08-2026 05:00:00",26.699557,77.898881,SO2,2,5,3
India,Rajasthan,Dungarpur,"Bhoiwada, Dungarpur - RSPCB","04-08-2026 05:00:00",23.837789,73.714926,NO2,9,13,11
India,Rajasthan,Dungarpur,"Bhoiwada, Dungarpur - RSPCB","04-08-2026 05:00:00",23.837789,73.714926,CO,13,22,16
India,Rajasthan,Hanumangarh,"Housing Board, Hanumangarh - RSPCB","04-08-2026 05:00:00",29.61075,74.283608,NO2,3,10,6
India,Rajasthan,Jaipur,"Shastri Nagar, Jaipur - RSPCB","04-08-2026 05:00:00",26.9502929,75.730943,PM10,32,87,52
India,Rajasthan,Baran,"Bamboliya, Baran - RSPCB","04-08-2026 05:00:00",25.106006,76.469948,OZONE,32,57,43
India,Rajasthan,Barmer,"Railway Colony, Barmer - RSPCB","04-08-2026 05:00:00",25.747299,71.393989,PM2.5,28,70,44
India,Rajasthan,Bharatpur,"Krishna Nagar, Bharatpur - RSPCB","04-08-2026 05:00:00",27.215415,77.50873,CO,23,32,27
India,Rajasthan,Bharatpur,"Krishna Nagar, Bharatpur - RSPCB","04-08-2026 05:00:00",27.215415,77.50873,OZONE,23,37,28
India,Rajasthan,Bhilwara,"Pratap Nagar, Bhilwara - RSPCB","04-08-2026 05:00:00",25.339605,74.618883,PM10,31,127,78
India,Rajasthan,Bhiwadi,"RIICO Ind. Area III, Bhiwadi - RSPCB","04-08-2026 05:00:00",28.194909,76.862296,PM2.5,31,89,56
India,Rajasthan,Bhiwadi,"RIICO Ind. Area III, Bhiwadi - RSPCB","04-08-2026 05:00:00",28.194909,76.862296,PM10,25,127,82
India,Rajasthan,Bhiwadi,"RIICO Ind. Area III, Bhiwadi - RSPCB","04-08-2026 05:00:00",28.194909,76.862296,NO2,22,55,35
India,Rajasthan,Bhiwadi,"Vasundhara Nagar_UIT, Bhiwadi - RSPCB","04-08-2026 05:00:00",28.207266,76.829265,NH3,6,12,7
India,Rajasthan,Bikaner,"MM Ground, Bikaner - RSPCB","04-08-2026 05:00:00",28.018792,73.292658,PM2.5,6,23,15
India,Rajasthan,Bikaner,"MM Ground, Bikaner - RSPCB","04-08-2026 05:00:00",28.018792,73.292658,CO,10,70,25
India,Rajasthan,Bundi,"New Colony, Bundi - RSPCB","04-08-2026 05:00:00",25.435774,75.644272,PM2.5,2,52,20
India,Rajasthan,Jodhpur,"Samrat Ashok Udhyan, Jodhpur - RSPCB","04-08-2026 05:00:00",26.253384,72.976571,NH3,NA,NA,NA
India,Rajasthan,Jodhpur,"Jhalamand, Jodhpur - RSPCB","04-08-2026 05:00:00",26.215415,73.070156,OZONE,6,8,7
India,Rajasthan,Jodhpur,"Mandor, Jodhpur - RSPCB","04-08-2026 05:00:00",26.358805,73.047444,PM10,43,133,93
India,Rajasthan,Jodhpur,"Mandor, Jodhpur - RSPCB","04-08-2026 05:00:00",26.358805,73.047444,OZONE,11,30,18
India,Rajasthan,Jodhpur,"Digari Kalan, Jodhpur - RSPCB","04-08-2026 05:00:00",26.29581,73.082283,CO,14,19,16
India,Rajasthan,Karauli,"Satyawati Vihar, Karauli - RSPCB","04-08-2026 05:00:00",26.506177,77.025989,NO2,27,58,42
India,Rajasthan,Karauli,"Satyawati Vihar, Karauli - RSPCB","04-08-2026 05:00:00",26.506177,77.025989,OZONE,2,4,4
India,Rajasthan,Kota,"Nayapura, Kota - RSPCB","04-08-2026 05:00:00",25.196024,75.855668,PM2.5,18,53,34
India,Rajasthan,Kota,"Nayapura, Kota - RSPCB","04-08-2026 05:00:00",25.196024,75.855668,NH3,4,5,5
India,Rajasthan,Kota,"Nayapura, Kota - RSPCB","04-08-2026 05:00:00",25.196024,75.855668,CO,7,14,10
India,Rajasthan,Kota,"Dhanmandi, Kota - RSPCB","04-08-2026 05:00:00",25.16409,75.858137,PM10,21,47,32
India,Rajasthan,Kota,"Dhanmandi, Kota - RSPCB","04-08-2026 05:00:00",25.16409,75.858137,CO,4,11,8
India,Rajasthan,Kota,"Dhanmandi, Kota - RSPCB","04-08-2026 05:00:00",25.16409,75.858137,OZONE,31,42,36
India,Odisha,Bhubaneswar,"Patia, Bhubaneswar - OSPCB","04-08-2026 05:00:00",20.34652,85.8163,OZONE,6,16,12
India,Odisha,Bileipada,"Tata Township, Bileipada - OSPCB","04-08-2026 05:00:00",22.06156703,85.47409613,NO2,14,16,15
India,Odisha,Bileipada,"Tata Township, Bileipada - OSPCB","04-08-2026 05:00:00",22.06156703,85.47409613,CO,25,33,28
India,Odisha,Bileipada,"Tata Township, Bileipada - OSPCB","04-08-2026 05:00:00",22.06156703,85.47409613,OZONE,17,17,17
India,Odisha,Byasanagar,"Ferro Chrome Colony, Byasanagar - OSPCB","04-08-2026 05:00:00",20.94185,86.1151,PM2.5,25,72,45
India,Odisha,Byasanagar,"Ferro Chrome Colony, Byasanagar - OSPCB","04-08-2026 05:00:00",20.94185,86.1151,CO,36,45,39
India,Odisha,Cuttack,"CDA Area, Cuttack - OSPCB","04-08-2026 05:00:00",20.48891,85.84768,NO2,7,29,13
India,Odisha,Cuttack,"CDA Area, Cuttack - OSPCB","04-08-2026 05:00:00",20.48891,85.84768,OZONE,11,21,17
India,Odisha,Keonjhar,"Jagamohanpur, Keonjhar - OSPCB","04-08-2026 05:00:00",21.6439,85.599355,CO,35,37,36
India,Odisha,Rairangpur,"Divisional Forest Office, Rairangpur - OSPCB","04-08-2026 05:00:00",22.265816,86.174829,SO2,8,16,10
India,Odisha,Rourkela,"Raghunathpali, Rourkela - OSPCB","04-08-2026 05:00:00",22.220833,84.809444,PM10,36,79,63
India,Odisha,Rourkela,"Fertilizer Township, Rourkela - OSPCB","04-08-2026 05:00:00",22.18972222,84.86277778,PM2.5,30,55,38
India,Odisha,Rourkela,"Fertilizer Township, Rourkela - OSPCB","04-08-2026 05:00:00",22.18972222,84.86277778,NO2,11,11,11
India,Odisha,Rourkela,"Fertilizer Township, Rourkela - OSPCB","04-08-2026 05:00:00",22.18972222,84.86277778,NH3,NA,NA,NA
India,Odisha,Rourkela,"Fertilizer Township, Rourkela - OSPCB","04-08-2026 05:00:00",22.18972222,84.86277778,OZONE,NA,NA,NA
India,Odisha,Talcher,"Talcher Coalfields,Talcher - OSPCB","04-08-2026 05:00:00",20.9360711,85.1707021,OZONE,15,18,17
India,Punjab,Amritsar,"Golden Temple, Amritsar - PPCB","04-08-2026 05:00:00",31.62,74.876512,PM10,46,100,61
India,Punjab,Amritsar,"Golden Temple, Amritsar - PPCB","04-08-2026 05:00:00",31.62,74.876512,SO2,16,24,21
India,Punjab,Jalandhar,"Civil Line, Jalandhar - PPCB","04-08-2026 05:00:00",31.321907,75.578914,CO,39,43,41
India,Punjab,Khanna,"Kalal Majra, Khanna - PPCB","04-08-2026 05:00:00",30.736056,76.209694,PM2.5,44,53,49
India,Punjab,Khanna,"Kalal Majra, Khanna - PPCB","04-08-2026 05:00:00",30.736056,76.209694,CO,43,46,45
India,Punjab,Khanna,"Kalal Majra, Khanna - PPCB","04-08-2026 05:00:00",30.736056,76.209694,OZONE,19,30,24
India,Punjab,Patiala,"Model Town, Patiala - PPCB","04-08-2026 05:00:00",30.349388,76.366642,PM2.5,16,29,22
India,Rajasthan,Tonk,"Shastri Nagar, Tonk - RSPCB","04-08-2026 05:00:00",26.159933,75.780517,CO,27,47,34
India,Rajasthan,Udaipur,"Ashok Nagar, Udaipur - RSPCB","04-08-2026 05:00:00",24.5886166,73.6321397,PM2.5,15,80,51
India,Sikkim,Gangtok,"Zero Point GICI, Gangtok - SSPCB","04-08-2026 05:00:00",27.33853,88.614099,PM10,8,19,13
India,"Tamil Nadu",Chennai,"Manali, Chennai - CPCB","04-08-2026 05:00:00",13.164544,80.26285,PM2.5,16,55,32
India,"Tamil Nadu",Chennai,"Manali, Chennai - CPCB","04-08-2026 05:00:00",13.164544,80.26285,PM10,31,73,55
India,"Tamil Nadu",Chennai,"Manali, Chennai - CPCB","04-08-2026 05:00:00",13.164544,80.26285,OZONE,8,8,8
India,"Tamil Nadu",Chennai,"Arumbakkam, Chennai - TNPCB","04-08-2026 05:00:00",13.0664,80.2112,NH3,3,4,3
India,"Tamil Nadu",Chennai,"Manali Village, Chennai - TNPCB","04-08-2026 05:00:00",13.1662,80.2584,PM2.5,20,46,31
India,"Tamil Nadu",Chennai,"Manali Village, Chennai - TNPCB","04-08-2026 05:00:00",13.1662,80.2584,OZONE,304,325,318
India,"Tamil Nadu",Chennai,"Perungudi, Chennai - TNPCB","04-08-2026 05:00:00",12.9533,80.2357,NO2,7,11,8
India,"Tamil Nadu",Chennai,"Perungudi, Chennai - TNPCB","04-08-2026 05:00:00",12.9533,80.2357,NH3,0,1,0
India,Rajasthan,Jaipur,"Sector-2 Murlipura, Jaipur - RSPCB","04-08-2026 05:00:00",26.960669,75.771817,PM2.5,NA,NA,NA
India,Rajasthan,Jaipur,"Sector-2 Murlipura, Jaipur - RSPCB","04-08-2026 05:00:00",26.960669,75.771817,CO,40,97,66
India,Rajasthan,Jaipur,"RIICO Sitapura, Jaipur - RSPCB","04-08-2026 05:00:00",26.786682,75.827928,PM2.5,2,80,26
India,Rajasthan,Jaipur,"RIICO Sitapura, Jaipur - RSPCB","04-08-2026 05:00:00",26.786682,75.827928,CO,18,48,28
India,Rajasthan,Jaipur,"Police Commissionerate, Jaipur - RSPCB","04-08-2026 05:00:00",26.9164092,75.7994901,OZONE,23,29,27
India,Rajasthan,Jaisalmer,"Sadar Bazar, Jaisalmer - RSPCB","04-08-2026 05:00:00",26.912329,70.909168,NH3,6,33,12
India,Rajasthan,Jalore,"Mudtra Sili, Jalore - RSPCB","04-08-2026 05:00:00",25.344694,72.626208,SO2,7,8,7
India,Rajasthan,Jhunjhunu,"Indra Nagar, Jhunjhunu - RSPCB","04-08-2026 05:00:00",28.108988,75.386577,PM2.5,8,37,18
India,Rajasthan,Alwar,"Moti Doongri, Alwar - RSPCB","04-08-2026 05:00:00",27.554793,76.611536,SO2,18,53,37
India,Rajasthan,Alwar,"Vigyan Nagar, Alwar - RSPCB","04-08-2026 05:00:00",27.598796,76.63861,PM2.5,NA,NA,NA
India,Rajasthan,Alwar,"Vigyan Nagar, Alwar - RSPCB","04-08-2026 05:00:00",27.598796,76.63861,PM10,70,94,85
India,Rajasthan,Banswara,"Rati Talai, Banswara - RSPCB","04-08-2026 05:00:00",23.55519,74.44001,NO2,19,32,24
India,"Uttar Pradesh",Lucknow,"Lalbagh, Lucknow - CPCB","04-08-2026 05:00:00",26.8458805,80.9365541,PM10,NA,NA,NA
India,"Uttar Pradesh",Lucknow,"Lalbagh, Lucknow - CPCB","04-08-2026 05:00:00",26.8458805,80.9365541,NH3,9,19,14
India,"Uttar Pradesh",Lucknow,"Lalbagh, Lucknow - CPCB","04-08-2026 05:00:00",26.8458805,80.9365541,SO2,3,9,5
India,"Uttar Pradesh",Lucknow,"Lalbagh, Lucknow - CPCB","04-08-2026 05:00:00",26.8458805,80.9365541,CO,25,104,54
India,"Uttar Pradesh",Lucknow,"Kukrail Picnic Spot-1, Lucknow - UPPCB","04-08-2026 05:00:00",26.90723,80.98579,CO,13,14,14
India,"Uttar Pradesh",Lucknow,"B R Ambedkar University, Lucknow - UPPCB","04-08-2026 05:00:00",26.766433,80.927299,NO2,12,12,12
India,"Uttar Pradesh",Lucknow,"B R Ambedkar University, Lucknow - UPPCB","04-08-2026 05:00:00",26.766433,80.927299,NH3,3,3,3
India,"Uttar Pradesh",Lucknow,"Kendriya Vidyalaya, Lucknow - CPCB","04-08-2026 05:00:00",26.906111,80.948222,NH3,9,19,14
India,"Uttar Pradesh",Lucknow,"Kendriya Vidyalaya, Lucknow - CPCB","04-08-2026 05:00:00",26.906111,80.948222,OZONE,22,39,26
India,"Uttar Pradesh",Lucknow,"Talkatora District Industries Center, Lucknow - CPCB","04-08-2026 05:00:00",26.83399722,80.8917361,CO,14,62,34
India,"Uttar Pradesh",Lucknow,"Talkatora District Industries Center, Lucknow - CPCB","04-08-2026 05:00:00",26.83399722,80.8917361,OZONE,8,18,11
India,"Uttar Pradesh",Mathura,"Pali Dungra, Mathura - UPPCB","04-08-2026 05:00:00",27.410954,77.550619,OZONE,NA,NA,NA
India,"Uttar Pradesh",Meerut,"Ganga Nagar, Meerut - UPPCB","04-08-2026 05:00:00",28.999264,77.7590354,SO2,25,29,27
India,"Uttar Pradesh",Meerut,"Jai Bhim Nagar, Meerut - UPPCB","04-08-2026 05:00:00",28.9535882,77.7622941,PM2.5,2,68,27
India,"Uttar Pradesh",Meerut,"Jai Bhim Nagar, Meerut - UPPCB","04-08-2026 05:00:00",28.9535882,77.7622941,PM10,18,100,43
India,"Uttar Pradesh",Modinagar,"SRM University, Modinagar - UPPCB","04-08-2026 05:00:00",28.798171,77.540243,NH3,3,3,3
India,"Uttar Pradesh",Bareilly,"Rajendra Nagar, Bareilly - UPPCB","04-08-2026 05:00:00",28.38910936,79.42963708,PM2.5,NA,NA,NA
India,"Uttar Pradesh",Bareilly,"Rajendra Nagar, Bareilly - UPPCB","04-08-2026 05:00:00",28.38910936,79.42963708,NH3,1,3,1
India,"Uttar Pradesh",Bareilly,"Civil Lines, Bareilly - UPPCB","04-08-2026 05:00:00",28.359581,79.414455,PM2.5,23,41,34
India,"Uttar Pradesh",Bareilly,"Civil Lines, Bareilly - UPPCB","04-08-2026 05:00:00",28.359581,79.414455,PM10,23,40,30
India,"Uttar Pradesh",Bulandshahr,"Yamunapuram, Bulandshahr - UPPCB","04-08-2026 05:00:00",28.406963,77.849831,PM2.5,5,89,37
India,"Uttar Pradesh",Bulandshahr,"Yamunapuram, Bulandshahr - UPPCB","04-08-2026 05:00:00",28.406963,77.849831,PM10,25,86,51
India,"Uttar Pradesh","Fatehpur Sikri","Dadupura, Fatehpur Sikri - UPPCB","04-08-2026 05:00:00",27.097694,77.671335,PM2.5,23,26,24
India,"Uttar Pradesh","Fatehpur Sikri","Dadupura, Fatehpur Sikri - UPPCB","04-08-2026 05:00:00",27.097694,77.671335,NH3,2,2,2
India,"Uttar Pradesh",Firozabad,"Vibhab Nagar, Firozabad - UPPCB","04-08-2026 05:00:00",27.1594,78.3953,PM2.5,14,29,21
India,"Uttar Pradesh",Firozabad,"Vibhab Nagar, Firozabad - UPPCB","04-08-2026 05:00:00",27.1594,78.3953,PM10,20,41,31
India,"Uttar Pradesh",Firozabad,"Vibhab Nagar, Firozabad - UPPCB","04-08-2026 05:00:00",27.1594,78.3953,SO2,3,8,7
India,"Uttar Pradesh",Firozabad,"Vibhab Nagar, Firozabad - UPPCB","04-08-2026 05:00:00",27.1594,78.3953,CO,37,39,38
India,"Uttar Pradesh",Firozabad,"Vibhab Nagar, Firozabad - UPPCB","04-08-2026 05:00:00",27.1594,78.3953,OZONE,1,1,1
India,"Uttar Pradesh",Firozabad,"Nagla Bhau, Firozabad - UPPCB","04-08-2026 05:00:00",27.168897,78.37696,NO2,17,17,17
India,"Uttar Pradesh",Ghaziabad,"Ved Vihar-Loni, Ghaziabad - UPPCB","04-08-2026 05:00:00",28.739153,77.273668,NH3,4,24,9
India,"Uttar Pradesh",Ghaziabad,"Indirapuram, Ghaziabad - UPPCB","04-08-2026 05:00:00",28.646233,77.358075,NO2,13,95,27
India,"Uttar Pradesh",Ghaziabad,"Indirapuram, Ghaziabad - UPPCB","04-08-2026 05:00:00",28.646233,77.358075,SO2,14,19,17
India,Telangana,Hyderabad,"ICRISAT Patancheru, Hyderabad - TSPCB","04-08-2026 05:00:00",17.5184,78.278777,PM2.5,3,38,16
India,Telangana,Hyderabad,"ICRISAT Patancheru, Hyderabad - TSPCB","04-08-2026 05:00:00",17.5184,78.278777,OZONE,9,14,12
India,Tripura,Agartala,"Bardowali, Agartala - Tripura SPCB","04-08-2026 05:00:00",23.8175497,91.2726974,NO2,13,16,13
India,Tripura,Agartala,"Bardowali, Agartala - Tripura SPCB","04-08-2026 05:00:00",23.8175497,91.2726974,OZONE,2,2,2
India,"Uttar Pradesh",Agra,"Shastripuram, Agra - UPPCB","04-08-2026 05:00:00",27.19862,77.92066,CO,8,16,10
India,"Uttar Pradesh",Agra,"Manoharpur, Agra - UPPCB","04-08-2026 05:00:00",27.23711,78.01936,PM2.5,66,123,86
India,"Uttar Pradesh",Agra,"Manoharpur, Agra - UPPCB","04-08-2026 05:00:00",27.23711,78.01936,OZONE,5,5,5
India,"Uttar Pradesh",Agra,"Shahjahan Garden, Agra - UPPCB","04-08-2026 05:00:00",27.169338,78.03582,NH3,1,1,1
India,"Uttar Pradesh",Agra,"Shahjahan Garden, Agra - UPPCB","04-08-2026 05:00:00",27.169338,78.03582,SO2,65,76,71
India,"Uttar Pradesh",Agra,"Sanjay Palace, Agra - UPPCB","04-08-2026 05:00:00",27.19865833,78.00598056,OZONE,1,14,4
India,"Uttar Pradesh",Agra,"Sector-3B Avas Vikas Colony, Agra - UPPCB","04-08-2026 05:00:00",27.19412,77.96237,NO2,35,35,35
India,"Uttar Pradesh",Agra,"Rohta, Agra - UPPCB","04-08-2026 05:00:00",27.106972,78.000111,NH3,7,7,7
India,"Uttar Pradesh",Baghpat,"Sardar Patel Inter College, Baghpat - UPPCB","04-08-2026 05:00:00",28.964949,77.278761,PM10,NA,NA,NA
India,"Uttar Pradesh",Baghpat,"Sardar Patel Inter College, Baghpat - UPPCB","04-08-2026 05:00:00",28.964949,77.278761,NO2,NA,NA,NA
India,"Uttar Pradesh",Hapur,"Anand Vihar, Hapur - UPPCB","04-08-2026 05:00:00",28.725645,77.749675,NH3,6,24,12
India,"Uttar Pradesh",Hapur,"Anand Vihar, Hapur - UPPCB","04-08-2026 05:00:00",28.725645,77.749675,OZONE,10,34,20
India,"Uttar Pradesh",Jhansi,"Shivaji Nagar, Jhansi - UPPCB","04-08-2026 05:00:00",25.4547,78.6039,PM2.5,13,74,46
India,"Uttar Pradesh",Jhansi,"Shivaji Nagar, Jhansi - UPPCB","04-08-2026 05:00:00",25.4547,78.6039,PM10,18,99,67
India,"Uttar Pradesh",Jhansi,"Shivaji Nagar, Jhansi - UPPCB","04-08-2026 05:00:00",25.4547,78.6039,NH3,4,4,4
India,"Uttar Pradesh",Jhansi,"Shivaji Nagar, Jhansi - UPPCB","04-08-2026 05:00:00",25.4547,78.6039,OZONE,6,6,6
India,"Uttar Pradesh",Kanpur,"NSI Kalyanpur, Kanpur - UPPCB","04-08-2026 05:00:00",26.509954,80.249612,PM10,14,39,31
India,"Uttar Pradesh",Kanpur,"NSI Kalyanpur, Kanpur - UPPCB","04-08-2026 05:00:00",26.509954,80.249612,NO2,31,31,31
India,"Uttar Pradesh",Kanpur,"FTI Kidwai Nagar, Kanpur - UPPCB","04-08-2026 05:00:00",26.428282,80.327067,PM2.5,22,242,50
India,"Uttar Pradesh",Kanpur,"FTI Kidwai Nagar, Kanpur - UPPCB","04-08-2026 05:00:00",26.428282,80.327067,SO2,31,34,33
India,"Uttar Pradesh",Kanpur,"FTI Kidwai Nagar, Kanpur - UPPCB","04-08-2026 05:00:00",26.428282,80.327067,CO,31,34,32
India,"Uttar Pradesh",Khora,"Prashant Garden, Khora - UPPCB","04-08-2026 05:00:00",28.61119,77.34206,NH3,7,8,7
India,"Uttar Pradesh",Khurja,"Kalindi Kunj, Khurja - UPPCB","04-08-2026 05:00:00",28.2348927,77.8683002,NO2,12,13,13
India,"Uttar Pradesh",Lucknow,"Gomti Nagar, Lucknow - UPPCB","04-08-2026 05:00:00",26.86812,81.005119,PM2.5,NA,NA,NA
India,"Uttar Pradesh",Lucknow,"Gomti Nagar, Lucknow - UPPCB","04-08-2026 05:00:00",26.86812,81.005119,PM10,1,59,19
India,"Tamil Nadu",Chennai,"Perungudi, Chennai - TNPCB","04-08-2026 05:00:00",12.9533,80.2357,OZONE,0,2,1
India,"Tamil Nadu",Coimbatore,"SIDCO Kurichi, Coimbatore - TNPCB","04-08-2026 05:00:00",10.942451,76.978996,PM2.5,NA,NA,NA
India,"Tamil Nadu",Coimbatore,"SIDCO Kurichi, Coimbatore - TNPCB","04-08-2026 05:00:00",10.942451,76.978996,OZONE,19,20,20
India,"Tamil Nadu",Cuddalore,"Kudikadu, Cuddalore - TNPCB","04-08-2026 05:00:00",11.6829898,79.7532099,PM2.5,9,40,19
India,"Tamil Nadu",Cuddalore,"Kudikadu, Cuddalore - TNPCB","04-08-2026 05:00:00",11.6829898,79.7532099,SO2,21,23,23
India,"Tamil Nadu",Madurai,"Uchapatti, Madurai - TNPCB","04-08-2026 05:00:00",9.865935,78.022669,SO2,NA,NA,NA
India,"Tamil Nadu",Madurai,"Uchapatti, Madurai - TNPCB","04-08-2026 05:00:00",9.865935,78.022669,CO,10,10,10
India,"Tamil Nadu",Madurai,"Uchapatti, Madurai - TNPCB","04-08-2026 05:00:00",9.865935,78.022669,OZONE,5,6,6
India,"Tamil Nadu",Thoothukudi,"Meelavittan, Thoothukudi - TNPCB","04-08-2026 05:00:00",8.816428,78.099039,PM2.5,NA,NA,NA
India,"Tamil Nadu",Thoothukudi,"Meelavittan, Thoothukudi - TNPCB","04-08-2026 05:00:00",8.816428,78.099039,SO2,3,19,10
India,"Tamil Nadu",Thoothukudi,"Meelavittan, Thoothukudi - TNPCB","04-08-2026 05:00:00",8.816428,78.099039,CO,16,30,23
India,Telangana,Hyderabad,"Zoo Park, Hyderabad - TSPCB","04-08-2026 05:00:00",17.349694,78.451437,NH3,2,3,2
India,Telangana,Hyderabad,"Zoo Park, Hyderabad - TSPCB","04-08-2026 05:00:00",17.349694,78.451437,OZONE,3,6,5
India,Telangana,Hyderabad,"Central University, Hyderabad - TSPCB","04-08-2026 05:00:00",17.460103,78.334361,PM2.5,2,22,13
India,Telangana,Hyderabad,"Central University, Hyderabad - TSPCB","04-08-2026 05:00:00",17.460103,78.334361,NH3,0,4,2
India,"Uttar Pradesh",Prayagraj,"Nagar Nigam, Prayagraj - UPPCB","04-08-2026 05:00:00",25.44919916,81.82735986,SO2,21,28,23
India,"Uttar Pradesh",Raebareli," Indira Nagar, Raebareli - NTPC Unchahar","04-08-2026 05:00:00",26.207781,81.245571,NO2,15,23,19
India,"Uttar Pradesh",Raebareli," Indira Nagar, Raebareli - NTPC Unchahar","04-08-2026 05:00:00",26.207781,81.245571,NH3,7,12,10
India,"Uttar Pradesh",Raebareli," Indira Nagar, Raebareli - NTPC Unchahar","04-08-2026 05:00:00",26.207781,81.245571,SO2,NA,NA,NA
India,"Uttar Pradesh",Raebareli," Indira Nagar, Raebareli - NTPC Unchahar","04-08-2026 05:00:00",26.207781,81.245571,CO,28,47,41
India,"Uttar Pradesh",Shamli,"New Tehsil, Shamli - UPPCB","04-08-2026 05:00:00",29.4603683,77.3410291,NO2,9,13,10
India,"Uttar Pradesh",Shamli,"New Tehsil, Shamli - UPPCB","04-08-2026 05:00:00",29.4603683,77.3410291,NH3,1,4,2
India,"Uttar Pradesh",Varanasi,"Maldahiya, Varanasi - UPPCB","04-08-2026 05:00:00",25.32393,82.99687,NO2,2,4,3
India,"Uttar Pradesh",Varanasi,"Ardhali Bazar, Varanasi - UPPCB","04-08-2026 05:00:00",25.3505986,82.9083074,PM2.5,11,48,31
India,"Uttar Pradesh",Varanasi,"Ardhali Bazar, Varanasi - UPPCB","04-08-2026 05:00:00",25.3505986,82.9083074,OZONE,17,33,23
India,"Uttar Pradesh",Vrindavan,"Omex Eternity, Vrindavan - UPPCB","04-08-2026 05:00:00",27.571409,77.655757,NO2,27,27,27
India,Uttarakhand,Dehradun,"Doon University, Dehradun - UKPCB","04-08-2026 05:00:00",30.269444,78.044167,NO2,0,3,1
India,Uttarakhand,Dehradun,"Doon University, Dehradun - UKPCB","04-08-2026 05:00:00",30.269444,78.044167,CO,18,24,20
India,Telangana,Hyderabad,"Nacharam_TSIIC IALA, Hyderabad - TSPCB","04-08-2026 05:00:00",17.429398,78.569354,NO2,8,16,11
India,Telangana,Hyderabad,"Nacharam_TSIIC IALA, Hyderabad - TSPCB","04-08-2026 05:00:00",17.429398,78.569354,CO,24,25,25
India,Telangana,Hyderabad,"New Malakpet, Hyderabad - TSPCB","04-08-2026 05:00:00",17.37206,78.50864,SO2,7,13,9
India,Telangana,Hyderabad,"New Malakpet, Hyderabad - TSPCB","04-08-2026 05:00:00",17.37206,78.50864,CO,21,43,26
India,Telangana,Hyderabad,"Kokapet, Hyderabad - TSPCB","04-08-2026 05:00:00",17.393559,78.339194,NH3,2,3,2
India,Telangana,Hyderabad,"Kokapet, Hyderabad - TSPCB","04-08-2026 05:00:00",17.393559,78.339194,OZONE,13,22,16
India,Telangana,Hyderabad,"ECIL Kapra, Hyderabad - TSPCB","04-08-2026 05:00:00",17.470431,78.566959,SO2,14,40,19
India,Telangana,Hyderabad,"Ramachandrapuram, Hyderabad - TSPCB","04-08-2026 05:00:00",17.528544,78.286195,NO2,10,15,12
India,Telangana,Hyderabad,"Ramachandrapuram, Hyderabad - TSPCB","04-08-2026 05:00:00",17.528544,78.286195,NH3,2,3,2
India,Telangana,Hyderabad,"Kompally Municipal Office, Hyderabad - TSPCB","04-08-2026 05:00:00",17.544899,78.486949,PM10,45,63,53
India,Telangana,Hyderabad,"Kompally Municipal Office, Hyderabad - TSPCB","04-08-2026 05:00:00",17.544899,78.486949,CO,12,19,14
India,Telangana,Hyderabad,"IDA Pashamylaram, Hyderabad - TSPCB","04-08-2026 05:00:00",17.5316895,78.218939,PM2.5,8,58,22
India,Telangana,Hyderabad,"IDA Pashamylaram, Hyderabad - TSPCB","04-08-2026 05:00:00",17.5316895,78.218939,NH3,0,2,1
India,"Uttar Pradesh",Moradabad,"Employment Office, Moradabad - UPPCB","04-08-2026 05:00:00",28.88528,78.7388,NH3,3,3,3
India,"Uttar Pradesh",Moradabad,"Buddhi Vihar, Moradabad - UPPCB","04-08-2026 05:00:00",28.83526,78.7446,PM10,19,45,31
India,"Uttar Pradesh",Moradabad,"Transport Nagar, Moradabad - UPPCB","04-08-2026 05:00:00",28.802625,78.753728,PM10,29,88,48
India,"Uttar Pradesh",Moradabad,"Transport Nagar, Moradabad - UPPCB","04-08-2026 05:00:00",28.802625,78.753728,CO,44,44,44
India,"Uttar Pradesh",Muzaffarnagar,"New Mandi, Muzaffarnagar - UPPCB","04-08-2026 05:00:00",29.4723508,77.7194031,CO,20,56,32
India,"Uttar Pradesh",Noida,"Sector-116, Noida - UPPCB","04-08-2026 05:00:00",28.56923,77.393848,NH3,12,15,13
India,"Uttar Pradesh",Noida,"Sector-116, Noida - UPPCB","04-08-2026 05:00:00",28.56923,77.393848,OZONE,26,47,36
India,"Uttar Pradesh",Noida,"Sector - 62, Noida - IITM","04-08-2026 05:00:00",28.6245479,77.3577104,PM2.5,4,73,38
India,"Uttar Pradesh",Noida,"Sector - 62, Noida - IITM","04-08-2026 05:00:00",28.6245479,77.3577104,PM10,17,67,50
India,"Uttar Pradesh",Noida,"Sector - 62, Noida - IITM","04-08-2026 05:00:00",28.6245479,77.3577104,OZONE,25,31,29
India,"Uttar Pradesh",Noida,"Sector - 125, Noida - UPPCB","04-08-2026 05:00:00",28.5447608,77.3231257,SO2,9,11,10
India,"Uttar Pradesh",Ghaziabad,"Wave City, Ghaziabad - UPPCB","04-08-2026 05:00:00",28.646675,77.489049,PM10,NA,NA,NA
India,"Uttar Pradesh",Ghaziabad,"Vasundhara, Ghaziabad - UPPCB","04-08-2026 05:00:00",28.6603346,77.3572563,NO2,27,46,35
India,"Uttar Pradesh",Ghaziabad,"Vasundhara, Ghaziabad - UPPCB","04-08-2026 05:00:00",28.6603346,77.3572563,OZONE,20,30,26
India,"Uttar Pradesh",Ghaziabad,"Loni, Ghaziabad - UPPCB","04-08-2026 05:00:00",28.757294,77.278792,CO,30,52,40
India,"Uttar Pradesh",Ghaziabad,"Sanjay Nagar, Ghaziabad - UPPCB","04-08-2026 05:00:00",28.685382,77.453839,NH3,NA,NA,NA
India,"Uttar Pradesh",Ghaziabad,"Govindpuram, Ghaziabad - UPPCB","04-08-2026 05:00:00",28.694528,77.494705,NH3,4,5,4
India,"Uttar Pradesh",Gorakhpur,"Madan Mohan Malaviya University of Technology, Gorakhpur - UPPCB","04-08-2026 05:00:00",26.730136,83.433859,NH3,1,1,1
India,"Uttar Pradesh","Greater Noida","Knowledge Park - III, Greater Noida - UPPCB","04-08-2026 05:00:00",28.47272,77.482,PM10,19,95,69
India,Uttarakhand,Kashipur,"Govt. Girls Inter College, Kashipur - UKPCB","04-08-2026 05:00:00",29.2124114,78.9611753,NO2,NA,NA,NA
India,Uttarakhand,Rishikesh,"Shivaji Nagar, Rishikesh - UKPCB","04-08-2026 05:00:00",30.075911,78.2859547,PM2.5,2,2,2
India,Uttarakhand,Rishikesh,"Shivaji Nagar, Rishikesh - UKPCB","04-08-2026 05:00:00",30.075911,78.2859547,CO,37,37,37
India,"West Bengal",Asansol,"Evelyn Lodge, Asansol - WBPCB","04-08-2026 05:00:00",23.697936,86.944395,NH3,5,7,6
India,"West Bengal",Asansol,"Mahabir Colliery, Asansol - WBPCB","04-08-2026 05:00:00",23.618183,87.105718,PM2.5,23,77,49
India,"West Bengal",Asansol,"Asansol Court Area, Asansol - WBPCB","04-08-2026 05:00:00",23.685297,86.945968,PM2.5,32,86,50
India,"West Bengal",Asansol,"Asansol Court Area, Asansol - WBPCB","04-08-2026 05:00:00",23.685297,86.945968,NO2,30,46,34
India,"West Bengal",Asansol,"Trivenidevi Bhalotia College, Asansol - WBPCB","04-08-2026 05:00:00",23.616515,87.119133,PM2.5,11,64,34
India,"West Bengal",Asansol,"Trivenidevi Bhalotia College, Asansol - WBPCB","04-08-2026 05:00:00",23.616515,87.119133,OZONE,4,6,5
India,"West Bengal",Barrackpore,"SVSPA Campus, Barrackpore - WBPCB","04-08-2026 05:00:00",22.7605581,88.3617589,PM2.5,44,65,54
India,"West Bengal",Barrackpore,"SVSPA Campus, Barrackpore - WBPCB","04-08-2026 05:00:00",22.7605581,88.3617589,NO2,9,27,15
India,"West Bengal",Durgapur,"Mahishkapur Road_B-Zone, Durgapur - WBPCB","04-08-2026 05:00:00",23.567923,87.306843,SO2,15,15,15
India,"West Bengal",Durgapur,"Womens College_City Center, Durgapur - WBPCB","04-08-2026 05:00:00",23.549395,87.300496,PM2.5,32,144,80
India,"West Bengal",Durgapur,"PCBL Residential Complex, Durgapur - WBPCB","04-08-2026 05:00:00",23.508764,87.35444,PM10,20,79,43
India,"West Bengal",Haldia,"Priyambada Housing Estate, Haldia - WBPCB","04-08-2026 05:00:00",22.06047,88.109737,CO,30,37,34
India,"West Bengal",Haldia,"Priyambada Housing Estate, Haldia - WBPCB","04-08-2026 05:00:00",22.06047,88.109737,OZONE,26,29,28
India,"West Bengal",Howrah,"Dasnagar, Howrah - WBPCB","04-08-2026 05:00:00",22.6025571,88.3105664,SO2,10,10,10
India,"West Bengal",Howrah,"Dasnagar, Howrah - WBPCB","04-08-2026 05:00:00",22.6025571,88.3105664,CO,32,101,57
India,"West Bengal",Howrah,"Padmapukur, Howrah - WBPCB","04-08-2026 05:00:00",22.5687319,88.2797276,SO2,5,23,9
India,"West Bengal",Howrah,"Botanical Garden, Howrah - WBPCB","04-08-2026 05:00:00",22.554954,88.292568,NH3,1,2,2
India,"West Bengal",Howrah,"Botanical Garden, Howrah - WBPCB","04-08-2026 05:00:00",22.554954,88.292568,OZONE,2,3,2
India,"West Bengal",Howrah,"Belur Math, Howrah - WBPCB","04-08-2026 05:00:00",22.629801,88.352017,PM2.5,32,171,64
India,"West Bengal",Howrah,"Belur Math, Howrah - WBPCB","04-08-2026 05:00:00",22.629801,88.352017,OZONE,8,8,8
India,"West Bengal",Kolkata,"Fort William, Kolkata - WBPCB","04-08-2026 05:00:00",22.55664,88.342674,NH3,9,11,9
India,"West Bengal",Kolkata,"Jadavpur, Kolkata - WBPCB","04-08-2026 05:00:00",22.49929,88.36917,NO2,17,65,32
India,"West Bengal",Kolkata,"Rabindra Bharati University, Kolkata - WBPCB","04-08-2026 05:00:00",22.627847,88.380669,PM2.5,29,76,51
India,"West Bengal",Kolkata,"Victoria, Kolkata - WBPCB","04-08-2026 05:00:00",22.5448082,88.3403691,PM2.5,82,100,90
India,"West Bengal",Kolkata,"Victoria, Kolkata - WBPCB","04-08-2026 05:00:00",22.5448082,88.3403691,NO2,22,25,23
India,"West Bengal",Kolkata,"Bidhannagar, Kolkata - WBPCB","04-08-2026 05:00:00",22.58157048,88.41002457,OZONE,20,55,31
India,"West Bengal",Siliguri,"Ward-32 Bapupara, Siliguri - WBPCB","04-08-2026 05:00:00",26.6879226,88.4152495,PM10,18,35,25
India,"West Bengal",Siliguri,"Ward-32 Bapupara, Siliguri - WBPCB","04-08-2026 05:00:00",26.6879226,88.4152495,NH3,13,16,15
India,Bihar,Purnia,"Mariam Nagar, Purnia - BSPCB","04-08-2026 05:00:00",25.366336,87.117468,NO2,5,6,6
India,Bihar,Purnia,"Mariam Nagar, Purnia - BSPCB","04-08-2026 05:00:00",25.366336,87.117468,NH3,0,0,0
India,Bihar,Purnia,"Mariam Nagar, Purnia - BSPCB","04-08-2026 05:00:00",25.366336,87.117468,CO,56,59,57
India,Bihar,Purnia,"Mariam Nagar, Purnia - BSPCB","04-08-2026 05:00:00",25.366336,87.117468,OZONE,21,47,29
India,Bihar,Saharsa,"Police Line, Saharsa - BSPCB","04-08-2026 05:00:00",25.892357,86.590325,NH3,4,4,4
India,Bihar,Saharsa,"Police Line, Saharsa - BSPCB","04-08-2026 05:00:00",25.892357,86.590325,SO2,11,18,15
India,Bihar,Samastipur,"DM Office_Kasipur, Samastipur - BSPCB","04-08-2026 05:00:00",25.859655,85.77944,NO2,8,9,8
India,Bihar,Samastipur,"DM Office_Kasipur, Samastipur - BSPCB","04-08-2026 05:00:00",25.859655,85.77944,SO2,12,13,13
India,Bihar,Samastipur,"DM Office_Kasipur, Samastipur - BSPCB","04-08-2026 05:00:00",25.859655,85.77944,CO,NA,NA,NA
India,Bihar,Sasaram,"Dada Peer, Sasaram - BSPCB","04-08-2026 05:00:00",24.952822,84.002396,NH3,2,4,3
India,Bihar,Siwan,"Chitragupta Nagar, Siwan - BSPCB","04-08-2026 05:00:00",26.2271665,84.3570427,OZONE,6,7,7
India,Chandigarh,Chandigarh,"Sector-53, Chandigarh - CPCC","04-08-2026 05:00:00",30.719859,76.738637,PM2.5,10,28,18
India,Chandigarh,Chandigarh,"Sector 22, Chandigarh - CPCC","04-08-2026 05:00:00",30.735567,76.775714,PM2.5,15,43,25
India,Chandigarh,Chandigarh,"Sector-25, Chandigarh - CPCC","04-08-2026 05:00:00",30.751462,76.762879,PM10,NA,NA,NA
India,Chandigarh,Chandigarh,"Sector-25, Chandigarh - CPCC","04-08-2026 05:00:00",30.751462,76.762879,NH3,10,12,11
India,Bihar,Muzaffarpur,"Buddha Colony, Muzaffarpur - BSPCB","04-08-2026 05:00:00",26.11442,85.39813,SO2,1,23,8
India,Bihar,Muzaffarpur,"Buddha Colony, Muzaffarpur - BSPCB","04-08-2026 05:00:00",26.11442,85.39813,CO,15,25,19
India,Bihar,Muzaffarpur,"MIT-Daudpur Kothi, Muzaffarpur - BSPCB","04-08-2026 05:00:00",26.1403345,85.3650192,PM2.5,18,30,23
India,Bihar,Muzaffarpur,"MIT-Daudpur Kothi, Muzaffarpur - BSPCB","04-08-2026 05:00:00",26.1403345,85.3650192,PM10,23,31,26
India,Bihar,Muzaffarpur,"MIT-Daudpur Kothi, Muzaffarpur - BSPCB","04-08-2026 05:00:00",26.1403345,85.3650192,OZONE,9,22,11
India,Bihar,Patna,"Rajbansi Nagar, Patna - BSPCB","04-08-2026 05:00:00",25.599486,85.113666,PM10,19,60,34
India,Bihar,Patna,"Rajbansi Nagar, Patna - BSPCB","04-08-2026 05:00:00",25.599486,85.113666,NH3,2,3,3
India,Bihar,Patna,"Rajbansi Nagar, Patna - BSPCB","04-08-2026 05:00:00",25.599486,85.113666,CO,11,20,16
India,Bihar,Patna,"DRM Office Danapur, Patna - BSPCB","04-08-2026 05:00:00",25.586562,85.043586,PM10,24,58,37
India,Bihar,Patna,"DRM Office Danapur, Patna - BSPCB","04-08-2026 05:00:00",25.586562,85.043586,CO,28,44,37
India,Bihar,Patna,"Muradpur, Patna - BSPCB","04-08-2026 05:00:00",25.619651,85.147382,PM10,41,92,64
India,Bihar,Patna,"Muradpur, Patna - BSPCB","04-08-2026 05:00:00",25.619651,85.147382,NO2,5,5,5
India,Bihar,Patna,"Muradpur, Patna - BSPCB","04-08-2026 05:00:00",25.619651,85.147382,CO,45,77,54
India,Assam,Silchar,"Tarapur, Silchar - PCBA","04-08-2026 05:00:00",24.82827,92.79525,CO,24,59,37
India,Bihar,Araria,"Kharahiya Basti, Araria - BSPCB","04-08-2026 05:00:00",26.146529,87.454184,NH3,4,4,4
India,Bihar,Arrah,"New DM Office, Arrah - BSPCB","04-08-2026 05:00:00",25.5626095,84.663264,NH3,1,2,2
India,Bihar,Arrah,"New DM Office, Arrah - BSPCB","04-08-2026 05:00:00",25.5626095,84.663264,SO2,5,6,5
India,Bihar,Arrah,"New DM Office, Arrah - BSPCB","04-08-2026 05:00:00",25.5626095,84.663264,OZONE,7,12,9
India,Bihar,Aurangabad,"Gurdeo Nagar, Aurangabad - BSPCB","04-08-2026 05:00:00",24.75746,84.366208,PM2.5,NA,NA,NA
India,Bihar,Bhagalpur,"Mayaganj, Bhagalpur - BSPCB","04-08-2026 05:00:00",25.265194,87.012947,PM10,21,188,63
India,Bihar,Bhagalpur,"Mayaganj, Bhagalpur - BSPCB","04-08-2026 05:00:00",25.265194,87.012947,CO,22,32,29
India,Bihar,Chhapra,"Darshan Nagar, Chhapra - BSPCB","04-08-2026 05:00:00",25.7808257,84.7446768,PM2.5,71,77,74
India,"Andhra Pradesh",Kadapa,"Yerramukkapalli, Kadapa - APPCB","04-08-2026 05:00:00",14.465052,78.824187,OZONE,36,36,36
India,"Andhra Pradesh",Kakinada,"Rama Rao Peta, Kakinada - APPCB","04-08-2026 05:00:00",16.962488,82.229513,NO2,24,60,38
India,"Andhra Pradesh",Kakinada,"Rama Rao Peta, Kakinada - APPCB","04-08-2026 05:00:00",16.962488,82.229513,NH3,5,13,7
India,"Andhra Pradesh",Kurnool,"Sita Rama Nagar, Kurnool - APPCB","04-08-2026 05:00:00",15.83411,78.028546,PM2.5,9,33,22
India,"Andhra Pradesh",Kurnool,"Sita Rama Nagar, Kurnool - APPCB","04-08-2026 05:00:00",15.83411,78.028546,CO,5,11,8
India,"Andhra Pradesh",Machilipatnam,"Srinivas Nagar Colony, Machilipatnam - APPCB","04-08-2026 05:00:00",16.186555,81.13219,PM2.5,54,326,81
India,"Andhra Pradesh",Machilipatnam,"Srinivas Nagar Colony, Machilipatnam - APPCB","04-08-2026 05:00:00",16.186555,81.13219,SO2,13,24,20
India,"Andhra Pradesh",Nellore,"Ambedkar Nagar, Nellore - APPCB ","04-08-2026 05:00:00",14.438164,79.966814,PM2.5,54,78,63
India,"Andhra Pradesh",Nellore,"Ambedkar Nagar, Nellore - APPCB ","04-08-2026 05:00:00",14.438164,79.966814,NO2,25,33,29
India,Bihar,Gaya,"SFTI Kusdihra, Gaya - BSPCB","04-08-2026 05:00:00",24.762518,84.982348,NO2,23,31,27
India,Bihar,Gaya,"SFTI Kusdihra, Gaya - BSPCB","04-08-2026 05:00:00",24.762518,84.982348,NH3,6,7,6
India,Bihar,Gaya,"SFTI Kusdihra, Gaya - BSPCB","04-08-2026 05:00:00",24.762518,84.982348,CO,18,30,22
India,Bihar,Gaya,"Collectorate, Gaya - BSPCB","04-08-2026 05:00:00",24.7955,84.9994,NH3,NA,NA,NA
India,Bihar,Gaya,"Collectorate, Gaya - BSPCB","04-08-2026 05:00:00",24.7955,84.9994,CO,12,12,12
India,Bihar,Gaya,"Kareemganj, Gaya - BSPCB","04-08-2026 05:00:00",24.792403,84.992416,NH3,0,2,1
India,Bihar,Gaya,"Kareemganj, Gaya - BSPCB","04-08-2026 05:00:00",24.792403,84.992416,SO2,31,44,38
India,Bihar,Kishanganj,"SDM Office_Khagra, Kishanganj - BSPCB","04-08-2026 05:00:00",26.0881305,87.93840336,PM2.5,30,120,47
India,Bihar,Kishanganj,"SDM Office_Khagra, Kishanganj - BSPCB","04-08-2026 05:00:00",26.0881305,87.93840336,NO2,7,8,7
India,Bihar,Munger,"Town Hall, Munger - BSPCB","04-08-2026 05:00:00",25.376776,86.471523,PM2.5,2,97,48
India,Assam,Guwahati,"Pan Bazaar, Guwahati - PCBA","04-08-2026 05:00:00",26.1875,91.744194,PM10,0,50,22
India,Assam,Guwahati,"Pan Bazaar, Guwahati - PCBA","04-08-2026 05:00:00",26.1875,91.744194,NO2,0,1,0
India,Assam,Guwahati,"Pan Bazaar, Guwahati - PCBA","04-08-2026 05:00:00",26.1875,91.744194,NH3,1,1,1
India,Assam,Guwahati,"Railway Colony, Guwahati - PCBA","04-08-2026 05:00:00",26.181742,91.78063,NO2,3,4,3
India,Assam,Guwahati,"Railway Colony, Guwahati - PCBA","04-08-2026 05:00:00",26.181742,91.78063,OZONE,170,316,288
India,Assam,Nagaon,"Christianpatty, Nagaon - PCBA","04-08-2026 05:00:00",26.349082,92.68449,PM2.5,41,92,60
India,Assam,Nagaon,"Christianpatty, Nagaon - PCBA","04-08-2026 05:00:00",26.349082,92.68449,OZONE,2,13,9
India,Assam,Nalbari,"Bata Chowk, Nalbari - PCBA","04-08-2026 05:00:00",26.446912,91.439057,OZONE,19,19,19
India,Assam,Silchar,"Tarapur, Silchar - PCBA","04-08-2026 05:00:00",24.82827,92.79525,PM2.5,36,36,36
India,Assam,Silchar,"Tarapur, Silchar - PCBA","04-08-2026 05:00:00",24.82827,92.79525,NH3,1,1,1
India,"Andhra Pradesh",Vijayawada,"Rajiv Nagar, Vijayawada - APPCB","04-08-2026 05:00:00",16.554731,80.64911,CO,19,22,21
India,"Andhra Pradesh",Visakhapatnam,"GVM Corporation, Visakhapatnam - APPCB","04-08-2026 05:00:00",17.72,83.3,PM2.5,12,151,52
India,Assam,Guwahati,"IITG, Guwahati - PCBA","04-08-2026 05:00:00",26.2028636,91.70046436,PM2.5,NA,NA,NA
India,Assam,Guwahati,"IITG, Guwahati - PCBA","04-08-2026 05:00:00",26.2028636,91.70046436,NH3,5,5,5
India,Assam,Guwahati,"LGBI Airport, Guwahati - PCBA","04-08-2026 05:00:00",26.10887,91.589544,PM2.5,17,78,48
India,Assam,Guwahati,"LGBI Airport, Guwahati - PCBA","04-08-2026 05:00:00",26.10887,91.589544,NH3,3,4,4
India,Assam,Guwahati,"LGBI Airport, Guwahati - PCBA","04-08-2026 05:00:00",26.10887,91.589544,SO2,9,17,13
India,Assam,Guwahati,"LGBI Airport, Guwahati - PCBA","04-08-2026 05:00:00",26.10887,91.589544,CO,28,41,34
India,"Andhra Pradesh",Rajamahendravaram,"Anand Kala Kshetram, Rajamahendravaram - APPCB","04-08-2026 05:00:00",16.9872867,81.7363176,CO,17,43,26
India,"Andhra Pradesh",Tirumala,"Toll Gate, Tirumala - APPCB","04-08-2026 05:00:00",13.67,79.35,SO2,4,8,6
India,"Andhra Pradesh",Tirupati,"Vaikuntapuram, Tirupati - APPCB","04-08-2026 05:00:00",13.615387,79.40923,PM10,55,78,66
India,"Andhra Pradesh",Vijayawada,"HB Colony, Vijayawada - APPCB","04-08-2026 05:00:00",16.536107,80.594233,OZONE,23,23,23
India,"Andhra Pradesh",Vijayawada,"Rajiv Nagar, Vijayawada - APPCB","04-08-2026 05:00:00",16.554731,80.64911,PM2.5,45,72,53
India,"Andhra Pradesh",Vijayawada,"Rajiv Nagar, Vijayawada - APPCB","04-08-2026 05:00:00",16.554731,80.64911,PM10,46,76,54
India,"Andhra Pradesh",Anantapur,"Gulzarpet, Anantapur - APPCB","04-08-2026 05:00:00",14.675886,77.593027,OZONE,33,33,33
India,"Andhra Pradesh",Chittoor,"Gangineni Cheruvu, Chittoor - APPCB","04-08-2026 05:00:00",13.20488,79.097889,NO2,25,33,28
India,"Andhra Pradesh",Guntur,"Rajendra Nagar North, Guntur - APPCB","04-08-2026 05:00:00",16.316553,80.413302,NH3,4,15,6
India,"Andhra Pradesh",Kadapa,"Yerramukkapalli, Kadapa - APPCB","04-08-2026 05:00:00",14.465052,78.824187,SO2,8,18,10
India,"Andhra Pradesh",Anantapur,"Gulzarpet, Anantapur - APPCB","04-08-2026 05:00:00",14.675886,77.593027,NH3,3,6,4
India,Chhattisgarh,Bhilai,"Civic Center, Bhilai - Bhilai Steel Plant","04-08-2026 05:00:00",21.185571,81.343175,SO2,9,11,10
India,Chhattisgarh,Bhilai,"32Bungalows, Bhilai - CECB","04-08-2026 05:00:00",21.194815,81.31477,NH3,2,3,3
India,Chhattisgarh,Bhilai,"32Bungalows, Bhilai - CECB","04-08-2026 05:00:00",21.194815,81.31477,CO,9,11,10
India,Chhattisgarh,Bhilai,"Hathkhoj, Bhilai - CECB","04-08-2026 05:00:00",21.224231,81.40835,SO2,7,13,9
India,Chhattisgarh,Bhilai,"Hathkhoj, Bhilai - CECB","04-08-2026 05:00:00",21.224231,81.40835,CO,11,24,15
India,Chhattisgarh,Bilaspur,"Mangala, Bilaspur - NTPC","04-08-2026 05:00:00",22.08815,82.13737,PM2.5,7,41,24
India,Chhattisgarh,Bilaspur,"Mangala, Bilaspur - NTPC","04-08-2026 05:00:00",22.08815,82.13737,NO2,16,20,18
India,Chhattisgarh,Bilaspur,"Mangala, Bilaspur - NTPC","04-08-2026 05:00:00",22.08815,82.13737,NH3,NA,NA,NA
India,Chhattisgarh,Korba,"Urja Nagar, Korba - CECB","04-08-2026 05:00:00",22.348441,82.549611,PM10,8,48,29
India,Chhattisgarh,Korba,"Urja Nagar, Korba - CECB","04-08-2026 05:00:00",22.348441,82.549611,SO2,10,13,11
India,Chhattisgarh,Korba,"Rampur, Korba - CECB","04-08-2026 05:00:00",22.368195,82.746431,PM10,4,40,23
India,Chhattisgarh,Kunjemura,"OP Jindal School, Kunjemura - CECB","04-08-2026 05:00:00",22.12665,83.483212,PM10,15,121,53
India,Chhattisgarh,Kunjemura,"OP Jindal School, Kunjemura - CECB","04-08-2026 05:00:00",22.12665,83.483212,CO,19,27,23
India,Chhattisgarh,Kunjemura,"OP Jindal School, Kunjemura - CECB","04-08-2026 05:00:00",22.12665,83.483212,OZONE,4,8,6
India,Chhattisgarh,Milupara,"Govt. Higher Secondary School, Milupara - CECB","04-08-2026 05:00:00",22.1910172,83.5197009,NH3,1,2,1
India,Delhi,Delhi,"R K Puram, Delhi - DPCC","04-08-2026 05:00:00",28.563262,77.186937,NH3,4,8,6
India,Delhi,Delhi,"R K Puram, Delhi - DPCC","04-08-2026 05:00:00",28.563262,77.186937,SO2,4,6,5
India,Delhi,Delhi,"IIT Delhi, Delhi - IITM","04-08-2026 05:00:00",28.54246,77.191651,NO2,2,40,17
India,Delhi,Delhi,"IIT Delhi, Delhi - IITM","04-08-2026 05:00:00",28.54246,77.191651,SO2,NA,NA,NA
India,Delhi,Delhi,"Dr. Karni Singh Shooting Range, Delhi - DPCC","04-08-2026 05:00:00",28.498571,77.26484,NH3,2,11,6
India,Delhi,Delhi,"DTU, Delhi - CPCB","04-08-2026 05:00:00",28.7500499,77.1112615,NO2,14,28,17
India,Delhi,Delhi,"Anand Vihar, Delhi - DPCC","04-08-2026 05:00:00",28.647622,77.315809,PM10,45,206,127
India,Delhi,Delhi,"Anand Vihar, Delhi - DPCC","04-08-2026 05:00:00",28.647622,77.315809,NO2,7,102,24
India,Delhi,Delhi,"Ashok Vihar, Delhi - DPCC","04-08-2026 05:00:00",28.695381,77.181665,PM10,63,116,95
India,Delhi,Delhi,"Ashok Vihar, Delhi - DPCC","04-08-2026 05:00:00",28.695381,77.181665,NO2,11,46,24
India,Delhi,Delhi,"Ashok Vihar, Delhi - DPCC","04-08-2026 05:00:00",28.695381,77.181665,NH3,6,13,8
India,Delhi,Delhi,"Ashok Vihar, Delhi - DPCC","04-08-2026 05:00:00",28.695381,77.181665,CO,49,83,64
India,Delhi,Delhi,"Ashok Vihar, Delhi - DPCC","04-08-2026 05:00:00",28.695381,77.181665,OZONE,8,9,8
India,Delhi,Delhi,"Mundka, Delhi - DPCC","04-08-2026 05:00:00",28.684678,77.076574,PM2.5,15,57,36
India,Delhi,Delhi,"Mundka, Delhi - DPCC","04-08-2026 05:00:00",28.684678,77.076574,NO2,51,98,80
India,Delhi,Delhi,"Mundka, Delhi - DPCC","04-08-2026 05:00:00",28.684678,77.076574,NH3,8,11,9
India,Delhi,Delhi,"Vivek Vihar, Delhi - DPCC","04-08-2026 05:00:00",28.672342,77.31526,PM10,26,95,62
India,Delhi,Delhi,"Okhla Phase-2, Delhi - DPCC","04-08-2026 05:00:00",28.530785,77.271255,PM10,35,105,59
India,Delhi,Delhi,"Okhla Phase-2, Delhi - DPCC","04-08-2026 05:00:00",28.530785,77.271255,NH3,5,7,6
India,Delhi,Delhi,"Bawana, Delhi - DPCC","04-08-2026 05:00:00",28.7762,77.051074,PM2.5,13,70,38
India,Delhi,Delhi,"Sonia Vihar, Delhi - DPCC","04-08-2026 05:00:00",28.710508,77.249485,NO2,29,62,39
India,Delhi,Delhi,"Sonia Vihar, Delhi - DPCC","04-08-2026 05:00:00",28.710508,77.249485,NH3,12,20,14
India,Delhi,Delhi,"Sonia Vihar, Delhi - DPCC","04-08-2026 05:00:00",28.710508,77.249485,CO,57,103,78
India,Delhi,Delhi,"Major Dhyan Chand National Stadium, Delhi - DPCC","04-08-2026 05:00:00",28.611281,77.237738,NH3,5,77,21
India,Delhi,Delhi,"Cantonment Area, Delhi - DPCC","04-08-2026 05:00:00",28.594169,77.1251,NH3,1,3,2
India,Delhi,Delhi,"Cantonment Area, Delhi - DPCC","04-08-2026 05:00:00",28.594169,77.1251,CO,23,56,40
India,Delhi,Delhi,"Narela, Delhi - DPCC","04-08-2026 05:00:00",28.822836,77.101981,NH3,4,17,9
India,Gujarat,Ahmedabad,"SVPI Airport Hansol, Ahmedabad - IITM","04-08-2026 05:00:00",23.076793,72.627874,SO2,NA,NA,NA
India,Chhattisgarh,Milupara,"Govt. Higher Secondary School, Milupara - CECB","04-08-2026 05:00:00",22.1910172,83.5197009,OZONE,4,11,7
India,Chhattisgarh,Raipur,"Krishak Nagar, Raipur - CECB","04-08-2026 05:00:00",21.237755,81.705301,NH3,2,5,3
India,Chhattisgarh,Raipur,"Siltara Phase-II, Raipur - CECB","04-08-2026 05:00:00",21.371751,81.664929,NO2,13,32,22
India,Chhattisgarh,Raipur,"Bhatagaon New ISBT, Raipur - CECB","04-08-2026 05:00:00",21.219665,81.630094,NO2,3,10,7
India,Chhattisgarh,Raipur,"Bhatagaon New ISBT, Raipur - CECB","04-08-2026 05:00:00",21.219665,81.630094,OZONE,6,9,8
India,Chhattisgarh,Raipur,"AIIMS, Raipur - CECB","04-08-2026 05:00:00",21.258815,81.578979,PM2.5,10,25,18
India,Chhattisgarh,Raipur,"AIIMS, Raipur - CECB","04-08-2026 05:00:00",21.258815,81.578979,PM10,14,44,30
India,Chhattisgarh,Raipur,"AIIMS, Raipur - CECB","04-08-2026 05:00:00",21.258815,81.578979,NO2,0,4,2
India,Chhattisgarh,Raipur,"AIIMS, Raipur - CECB","04-08-2026 05:00:00",21.258815,81.578979,NH3,4,4,4
India,Chhattisgarh,Raipur,"AIIMS, Raipur - CECB","04-08-2026 05:00:00",21.258815,81.578979,SO2,4,7,5
India,Chhattisgarh,Raipur,"AIIMS, Raipur - CECB","04-08-2026 05:00:00",21.258815,81.578979,CO,16,23,19
India,Delhi,Delhi,"ITO, Delhi - CPCB","04-08-2026 05:00:00",28.628624,77.24106,PM10,41,72,59
India,Delhi,Delhi,"Burari Crossing, Delhi - IITM","04-08-2026 05:00:00",28.7256504,77.2011573,PM2.5,4,71,38
India,Delhi,Delhi,"Burari Crossing, Delhi - IITM","04-08-2026 05:00:00",28.7256504,77.2011573,PM10,17,73,51
India,Delhi,Delhi,"Burari Crossing, Delhi - IITM","04-08-2026 05:00:00",28.7256504,77.2011573,SO2,NA,NA,NA
India,Delhi,Delhi,"Burari Crossing, Delhi - IITM","04-08-2026 05:00:00",28.7256504,77.2011573,OZONE,7,10,9
India,Delhi,Delhi,"IMD Lodhi Road, Delhi - IITM","04-08-2026 05:00:00",28.5918245,77.2273074,PM10,6,94,57
India,Delhi,Delhi,"JNU, Delhi - DPCC","04-08-2026 05:00:00",28.540721,77.168544,PM10,14,72,45
India,Delhi,Delhi,"JNU, Delhi - DPCC","04-08-2026 05:00:00",28.540721,77.168544,SO2,2,4,3
India,Delhi,Delhi,"JNU, Delhi - DPCC","04-08-2026 05:00:00",28.540721,77.168544,OZONE,9,12,11
India,Delhi,Delhi,"Alipur, Delhi - DPCC","04-08-2026 05:00:00",28.815329,77.15301,SO2,4,6,5
India,Delhi,Delhi,"Alipur, Delhi - DPCC","04-08-2026 05:00:00",28.815329,77.15301,CO,25,41,33
India,Delhi,Delhi,"North Campus, DU, Delhi - IITM","04-08-2026 05:00:00",28.6573814,77.1585447,NH3,NA,NA,NA
India,Delhi,Delhi,"North Campus, DU, Delhi - IITM","04-08-2026 05:00:00",28.6573814,77.1585447,OZONE,4,20,10
India,Gujarat,Ahmedabad,"Rakhial, Ahmedabad - IITM","04-08-2026 05:00:00",23.016834,72.625775,PM10,64,104,89
India,Gujarat,Ahmedabad,"Chandkheda, Ahmedabad - IITM","04-08-2026 05:00:00",23.107969,72.574648,NH3,15,19,17
India,Gujarat,Ahmedabad,"Chandkheda, Ahmedabad - IITM","04-08-2026 05:00:00",23.107969,72.574648,OZONE,0,9,4
India,Gujarat,Ahmedabad,"Gyaspur, Ahmedabad - IITM","04-08-2026 05:00:00",22.977134,72.553024,CO,4,106,43
India,Gujarat,Ahmedabad,"SAC ISRO Satellite, Ahmedabad - IITM","04-08-2026 05:00:00",23.023389,72.515201,PM10,59,105,84
India,Gujarat,Ahmedabad,"Raikhad, Ahmedabad - IITM","04-08-2026 05:00:00",23.020509,72.579261,OZONE,7,8,7
India,Gujarat,Ankleshwar,"GIDC, Ankleshwar - GPCB","04-08-2026 05:00:00",21.613267,73.010555,NH3,5,6,5
India,Gujarat,Bhavnagar,"Vidhyanagar, Bhavnagar - Nexteng Enviro","04-08-2026 05:00:00",21.755417,72.139056,PM2.5,29,52,39
India,Gujarat,Bhavnagar,"Vidhyanagar, Bhavnagar - Nexteng Enviro","04-08-2026 05:00:00",21.755417,72.139056,PM10,32,73,56
India,Delhi,Delhi,"Mundka, Delhi - DPCC","04-08-2026 05:00:00",28.684678,77.076574,CO,36,55,47
India,Delhi,Delhi,"Najafgarh, Delhi - DPCC","04-08-2026 05:00:00",28.570173,76.933762,CO,15,26,20
India,Delhi,Delhi,"Jawaharlal Nehru Stadium, Delhi - DPCC","04-08-2026 05:00:00",28.58028,77.233829,CO,20,56,35
India,Delhi,Delhi,"Patparganj, Delhi - DPCC","04-08-2026 05:00:00",28.623763,77.287209,SO2,1,7,3
India,Delhi,Delhi,"Nehru Nagar, Delhi - DPCC","04-08-2026 05:00:00",28.56789,77.250515,CO,14,81,46
India,Delhi,Delhi,"Jahangirpuri, Delhi - DPCC","04-08-2026 05:00:00",28.73282,77.170633,CO,46,74,60
India,Delhi,Delhi,"Jahangirpuri, Delhi - DPCC","04-08-2026 05:00:00",28.73282,77.170633,OZONE,6,14,9
India,Delhi,Delhi,"NSUT Jaffarpur, Delhi - DPCC","04-08-2026 05:00:00",28.594004,76.909423,PM2.5,27,77,50
India,Delhi,Delhi,"Punjabi Bagh, Delhi - DPCC","04-08-2026 05:00:00",28.674045,77.131023,PM10,24,103,72
India,Delhi,Delhi,"Shadipur, Delhi - CPCB","04-08-2026 05:00:00",28.6514781,77.1473105,OZONE,15,28,22
India,Delhi,Delhi,"Pusa, Delhi - DPCC","04-08-2026 05:00:00",28.639652,77.146275,OZONE,1,2,1
India,Delhi,Delhi,"Sirifort, Delhi - CPCB","04-08-2026 05:00:00",28.5504249,77.2159377,PM2.5,36,90,59
India,Delhi,Delhi,"Chandni Chowk, Delhi - IITM","04-08-2026 05:00:00",28.656756,77.227234,NO2,12,37,19
India,Delhi,Delhi,"Commonwealth Sports Complex, Delhi - DPCC","04-08-2026 05:00:00",28.615828,77.271992,NO2,0,4,3
India,Delhi,Delhi,"Commonwealth Sports Complex, Delhi - DPCC","04-08-2026 05:00:00",28.615828,77.271992,CO,42,69,50
India,Delhi,Delhi,"Talkatora Garden, Delhi - DPCC","04-08-2026 05:00:00",28.62181,77.1944633,NO2,12,29,19
India,Delhi,Delhi,"Aya Nagar, Delhi - IITM","04-08-2026 05:00:00",28.4706914,77.1099364,CO,31,37,34
India,Delhi,Delhi,"CRRI Mathura Road, Delhi - IITM","04-08-2026 05:00:00",28.5512005,77.2735737,NH3,NA,NA,NA
India,Haryana,Karnal,"Sector-12, Karnal - HSPCB","04-08-2026 05:00:00",29.6953,77.0027,SO2,12,13,13
India,Haryana,Mandikhera,"General Hospital, Mandikhera(Nuh) - HSPCB","04-08-2026 05:00:00",27.9002,76.9938,PM2.5,62,72,68
India,Haryana,Mandikhera,"General Hospital, Mandikhera(Nuh) - HSPCB","04-08-2026 05:00:00",27.9002,76.9938,PM10,91,103,99
India,Haryana,Mandikhera,"General Hospital, Mandikhera(Nuh) - HSPCB","04-08-2026 05:00:00",27.9002,76.9938,NH3,7,8,8
India,Haryana,Mandikhera,"General Hospital, Mandikhera(Nuh) - HSPCB","04-08-2026 05:00:00",27.9002,76.9938,OZONE,47,49,48
India,Haryana,Manesar,"Sector-2 IMT, Manesar - HSPCB","04-08-2026 05:00:00",28.360699,76.93609,NH3,6,14,11
India,Haryana,Manesar,"Sector-2 IMT, Manesar - HSPCB","04-08-2026 05:00:00",28.360699,76.93609,SO2,4,12,8
India,Haryana,Manesar,"Sector-2 IMT, Manesar - HSPCB","04-08-2026 05:00:00",28.360699,76.93609,CO,14,17,16
India,Haryana,Narnaul,"Shastri Nagar, Narnaul - HSPCB","04-08-2026 05:00:00",28.060249,76.113115,NO2,25,26,25
India,Haryana,Narnaul,"Shastri Nagar, Narnaul - HSPCB","04-08-2026 05:00:00",28.060249,76.113115,OZONE,4,6,5
India,Haryana,Palwal,"Shyam Nagar, Palwal - HSPCB","04-08-2026 05:00:00",28.1485564,77.3320667,OZONE,10,10,10
India,Haryana,Panchgaon,"Amity University, Panchgaon - IITM","04-08-2026 05:00:00",28.3153,76.9143,NH3,1,4,1
India,Haryana,Panchgaon,"Amity University, Panchgaon - IITM","04-08-2026 05:00:00",28.3153,76.9143,SO2,5,9,7
India,Haryana,Panchkula,"Sector-6, Panchkula - HSPCB ","04-08-2026 05:00:00",30.7057778,76.8531805555555,OZONE,35,42,38
India,Haryana,Panipat,"Sector-18, Panipat - HSPCB","04-08-2026 05:00:00",29.432304,76.972765,NO2,5,9,7
India,Karnataka,Bengaluru,"Hombegowda Nagar, Bengaluru - KSPCB","04-08-2026 05:00:00",12.938539,77.5901,SO2,2,8,5
India,Karnataka,Bengaluru,"Hombegowda Nagar, Bengaluru - KSPCB","04-08-2026 05:00:00",12.938539,77.5901,CO,3,11,6
India,Karnataka,Chamarajanagar,"Urban, Chamarajanagar - KSPCB","04-08-2026 05:00:00",11.55358,76.55521,PM2.5,29,54,33
India,Karnataka,Chamarajanagar,"Urban, Chamarajanagar - KSPCB","04-08-2026 05:00:00",11.55358,76.55521,SO2,4,7,4
India,Karnataka,Chikkaballapur,"Chikkaballapur Rural, Chikkaballapur - KSPCB","04-08-2026 05:00:00",13.428828,77.731418,PM10,16,101,43
India,Karnataka,Dharwad,"Kalabhavan, Dharwad - KSPCB","04-08-2026 05:00:00",15.459706,75.008381,CO,28,40,33
India,Karnataka,Hubballi,"Lingaraj Nagar, Hubballi - KSPCB","04-08-2026 05:00:00",15.3714823,75.1160168,SO2,2,2,2
India,Karnataka,Hubballi,"Lingaraj Nagar, Hubballi - KSPCB","04-08-2026 05:00:00",15.3714823,75.1160168,CO,18,18,18
India,Karnataka,Hubballi,"Lingaraj Nagar, Hubballi - KSPCB","04-08-2026 05:00:00",15.3714823,75.1160168,OZONE,23,23,23
India,Karnataka,Kalaburagi,"Mahatma Basaveswar Colony, Kalaburgi - KSPCB","04-08-2026 05:00:00",17.336318,76.847397,PM2.5,11,30,21
India,Karnataka,Kalaburagi,"Mahatma Basaveswar Colony, Kalaburgi - KSPCB","04-08-2026 05:00:00",17.336318,76.847397,NH3,2,2,2
India,Karnataka,Kalaburagi,"Mahatma Basaveswar Colony, Kalaburgi - KSPCB","04-08-2026 05:00:00",17.336318,76.847397,CO,30,52,38
India,Karnataka,Karwar,"KHB Colony, Karwar - KSPCB","04-08-2026 05:00:00",14.816666,74.141003,PM2.5,25,67,40
India,Karnataka,Madikeri,"Stuart Hill, Madikeri - KSPCB","04-08-2026 05:00:00",12.415911,75.73505,NH3,1,1,1
India,Gujarat,Gandhinagar,"Sector-10, Gandhinagar - GPCB","04-08-2026 05:00:00",23.221714,72.654328,CO,34,36,35
India,Gujarat,Gandhinagar,"IIPHG Lekawada, Gandhinagar - IITM","04-08-2026 05:00:00",23.243639,72.68994,PM2.5,10,60,27
India,Gujarat,Gandhinagar,"IIPHG Lekawada, Gandhinagar - IITM","04-08-2026 05:00:00",23.243639,72.68994,PM10,77,178,129
India,Gujarat,Gandhinagar,"GIFT City, Gandhinagar - IITM","04-08-2026 05:00:00",23.163798,72.677768,NO2,9,14,12
India,Gujarat,Gandhinagar,"GIFT City, Gandhinagar - IITM","04-08-2026 05:00:00",23.163798,72.677768,OZONE,4,5,4
India,Gujarat,Mehsana,"Sadanand Nagar, Mehsana - Nexteng Enviro","04-08-2026 05:00:00",23.59315,72.372792,PM2.5,42,110,65
India,Gujarat,Mehsana,"Sadanand Nagar, Mehsana - Nexteng Enviro","04-08-2026 05:00:00",23.59315,72.372792,OZONE,10,11,11
India,Gujarat,Nandesari,"GIDC, Nandesari - Nandesari Ind. Association","04-08-2026 05:00:00",22.410802,73.097923,PM2.5,8,170,47
India,Gujarat,Nandesari,"GIDC, Nandesari - Nandesari Ind. Association","04-08-2026 05:00:00",22.410802,73.097923,PM10,8,138,49
India,Gujarat,Nandesari,"GIDC, Nandesari - Nandesari Ind. Association","04-08-2026 05:00:00",22.410802,73.097923,SO2,3,5,3
India,Gujarat,Rajkot,"Mavdi, Rajkot - Nexteng Enviro ","04-08-2026 05:00:00",22.248853,70.776774,SO2,8,13,10
India,Gujarat,Surat,"Science Center, Surat - SMC","04-08-2026 05:00:00",21.170046,72.795405,PM2.5,9,140,64
India,Gujarat,Surat,"Science Center, Surat - SMC","04-08-2026 05:00:00",21.170046,72.795405,PM10,37,117,66
India,Gujarat,Surat,"Science Center, Surat - SMC","04-08-2026 05:00:00",21.170046,72.795405,CO,32,42,36
India,Haryana,Sirsa,"F-Block, Sirsa - HSPCB","04-08-2026 05:00:00",29.5364,75.0158,PM10,22,67,45
India,Haryana,Sonipat,"Murthal, Sonipat - HSPCB","04-08-2026 05:00:00",29.0272,77.0621,NO2,5,9,7
India,Haryana,"Yamuna Nagar","Gobind Pura, Yamuna Nagar - HSPCB","04-08-2026 05:00:00",30.1480566,77.2893471,SO2,10,15,11
India,Haryana,"Yamuna Nagar","Gobind Pura, Yamuna Nagar - HSPCB","04-08-2026 05:00:00",30.1480566,77.2893471,OZONE,NA,NA,NA
India,"Himachal Pradesh",Baddi,"HIMUDA Complex Phase-1, Baddi - HPPCB","04-08-2026 05:00:00",30.943887,76.801991,PM10,31,122,69
India,"Himachal Pradesh",Baddi,"HIMUDA Complex Phase-1, Baddi - HPPCB","04-08-2026 05:00:00",30.943887,76.801991,NH3,4,5,4
India,"Jammu and Kashmir",Srinagar,"Khunmoh, Srinagar - JKPCC","04-08-2026 05:00:00",34.06313,74.96017,PM10,33,59,45
India,"Jammu and Kashmir",Srinagar,"Khunmoh, Srinagar - JKPCC","04-08-2026 05:00:00",34.06313,74.96017,OZONE,NA,NA,NA
India,"Jammu and Kashmir",Srinagar,"Rajbagh, Srinagar - JKPCC","04-08-2026 05:00:00",34.066206,74.81982,OZONE,1,2,1
India,Jharkhand,Dhanbad,"Sardar Patel Nagar, Dhanbad - JSPCB","04-08-2026 05:00:00",23.80569,86.44268,PM10,NA,NA,NA
India,Jharkhand,Dhanbad,"Sardar Patel Nagar, Dhanbad - JSPCB","04-08-2026 05:00:00",23.80569,86.44268,NO2,98,125,103
India,Jharkhand,Dhanbad,"Sardar Patel Nagar, Dhanbad - JSPCB","04-08-2026 05:00:00",23.80569,86.44268,NH3,NA,NA,NA
India,Jharkhand,Dhanbad,"Sardar Patel Nagar, Dhanbad - JSPCB","04-08-2026 05:00:00",23.80569,86.44268,SO2,NA,NA,NA
India,Gujarat,Surat,"Katargam, Surat - Nexteng Enviro","04-08-2026 05:00:00",21.217779,72.834787,PM10,74,115,93
India,Gujarat,Vadodara,"Bapunagar, Vadodara - Nexteng Enviro","04-08-2026 05:00:00",22.320153,73.216285,OZONE,2,7,4
India,Gujarat,Vapi,"Phase-1 GIDC, Vapi - GPCB","04-08-2026 05:00:00",20.362421,72.918013,NH3,2,4,4
India,Haryana,Ambala,"Patti Mehar, Ambala - HSPCB","04-08-2026 05:00:00",30.379589,76.778328,NO2,6,8,7
India,Haryana,Bahadurgarh,"Arya Nagar, Bahadurgarh - HSPCB","04-08-2026 05:00:00",28.6701,76.9254,PM2.5,26,85,53
India,Haryana,Bahadurgarh,"Arya Nagar, Bahadurgarh - HSPCB","04-08-2026 05:00:00",28.6701,76.9254,OZONE,36,44,40
India,Haryana,Ballabgarh,"Nathu Colony, Ballabgarh - HSPCB","04-08-2026 05:00:00",28.3419248,77.319699,PM2.5,34,68,48
India,Haryana,Ballabgarh,"Nathu Colony, Ballabgarh - HSPCB","04-08-2026 05:00:00",28.3419248,77.319699,NH3,4,5,4
India,Haryana,Bhiwani,"H.B. Colony, Bhiwani - HSPCB","04-08-2026 05:00:00",28.806223,76.141105,PM10,1,28,11
India,Haryana,"Charkhi Dadri","Mini Secretariat, Charkhi Dadri - HSPCB","04-08-2026 05:00:00",28.593883,76.270653,NO2,9,22,15
India,Haryana,"Charkhi Dadri","Mini Secretariat, Charkhi Dadri - HSPCB","04-08-2026 05:00:00",28.593883,76.270653,CO,12,25,16
India,Karnataka,Bagalkot,"Vidayagiri, Bagalkot - KSPCB","04-08-2026 05:00:00",16.172806,75.659694,OZONE,17,18,18
India,Karnataka,Belgaum,"Ramteerth Nagar, Belgaum - KSPCB","04-08-2026 05:00:00",15.888653,74.541751,NO2,52,92,66
India,Karnataka,Bengaluru,"Bapuji Nagar, Bengaluru - KSPCB","04-08-2026 05:00:00",12.951913,77.539784,PM2.5,12,38,26
India,Karnataka,Bengaluru,"Bapuji Nagar, Bengaluru - KSPCB","04-08-2026 05:00:00",12.951913,77.539784,NO2,24,27,26
India,Karnataka,Bengaluru,"Silk Board, Bengaluru - KSPCB","04-08-2026 05:00:00",12.917348,77.622813,NO2,NA,NA,NA
India,Karnataka,Bengaluru,"Silk Board, Bengaluru - KSPCB","04-08-2026 05:00:00",12.917348,77.622813,NH3,NA,NA,NA
India,Karnataka,Bengaluru,"Silk Board, Bengaluru - KSPCB","04-08-2026 05:00:00",12.917348,77.622813,OZONE,7,15,12
India,Karnataka,Bengaluru,"BTM Layout, Bengaluru - CPCB","04-08-2026 05:00:00",12.9135218,77.5950804,CO,41,49,44
India,Karnataka,Bengaluru,"Hebbal, Bengaluru - KSPCB","04-08-2026 05:00:00",13.029152,77.585901,CO,3,27,13
India,Karnataka,Bengaluru,"Jayanagar 5th Block, Bengaluru - KSPCB","04-08-2026 05:00:00",12.920984,77.584908,OZONE,39,46,44
India,Haryana,Faridabad,"New Industrial Town, Faridabad - HSPCB","04-08-2026 05:00:00",28.39072,77.30059,PM10,65,90,73
India,Haryana,Faridabad,"New Industrial Town, Faridabad - HSPCB","04-08-2026 05:00:00",28.39072,77.30059,NO2,24,26,25
India,Haryana,Faridabad,"New Industrial Town, Faridabad - HSPCB","04-08-2026 05:00:00",28.39072,77.30059,CO,24,29,26
India,Haryana,Faridabad,"Sector 11, Faridabad - HSPCB","04-08-2026 05:00:00",28.376058,77.315741,PM2.5,21,222,89
India,Haryana,Faridabad,"Sector 11, Faridabad - HSPCB","04-08-2026 05:00:00",28.376058,77.315741,SO2,4,11,8
India,Haryana,Faridabad,"Sector 11, Faridabad - HSPCB","04-08-2026 05:00:00",28.376058,77.315741,CO,56,80,69
India,Haryana,Faridabad,"Sector 30, Faridabad - HSPCB","04-08-2026 05:00:00",28.4417,77.3217,PM2.5,28,30,29
India,Haryana,Faridabad,"Sector 30, Faridabad - HSPCB","04-08-2026 05:00:00",28.4417,77.3217,CO,59,64,61
India,Haryana,Fatehabad,"Huda Sector, Fatehabad - HSPCB","04-08-2026 05:00:00",29.503664,75.467934,OZONE,28,38,34
India,Haryana,Gurugram,"Teri Gram, Gurugram - HSPCB","04-08-2026 05:00:00",28.4275,77.1465,NO2,35,72,50
India,Karnataka,Vijayapura,"Ibrahimpur, Vijayapura - KSPCB","04-08-2026 05:00:00",16.802639,75.722694,NO2,11,12,11
India,Karnataka,Vijayapura,"Ibrahimpur, Vijayapura - KSPCB","04-08-2026 05:00:00",16.802639,75.722694,NH3,3,4,4
India,Karnataka,Vijayapura,"Ibrahimpur, Vijayapura - KSPCB","04-08-2026 05:00:00",16.802639,75.722694,OZONE,16,17,16
India,Karnataka,Yadgir,"Collector Office, Yadgir - KSPCB","04-08-2026 05:00:00",16.7602,77.1428,CO,17,22,19
India,Kerala,Eloor,"Udyogamandal, Eloor - Kerala PCB","04-08-2026 05:00:00",10.073232,76.302765,NH3,0,0,0
India,Kerala,Eloor,"Udyogamandal, Eloor - Kerala PCB","04-08-2026 05:00:00",10.073232,76.302765,CO,NA,NA,NA
India,Kerala,Kannur,"Thavakkara, Kannur - Kerala PCB","04-08-2026 05:00:00",11.875,75.3732,NH3,1,1,1
India,Kerala,Thiruvananthapuram,"Plammoodu, Thiruvananthapuram - Kerala PCB","04-08-2026 05:00:00",8.5149093,76.9435879,CO,2,5,3
India,Kerala,Thiruvananthapuram,"Plammoodu, Thiruvananthapuram - Kerala PCB","04-08-2026 05:00:00",8.5149093,76.9435879,OZONE,11,13,12
India,Haryana,Gurugram,"Vikas Sadan, Gurugram - HSPCB","04-08-2026 05:00:00",28.4501238,77.0263051,CO,17,65,41
India,Haryana,Gurugram,"Sector-51, Gurugram - HSPCB","04-08-2026 05:00:00",28.4227,77.0667,NO2,NA,NA,NA
India,Haryana,Gurugram,"Sector-51, Gurugram - HSPCB","04-08-2026 05:00:00",28.4227,77.0667,NH3,NA,NA,NA
India,Haryana,Gurugram,"Sector-51, Gurugram - HSPCB","04-08-2026 05:00:00",28.4227,77.0667,SO2,NA,NA,NA
India,Haryana,Jind,"Police Lines, Jind - HSPCB","04-08-2026 05:00:00",29.307814,76.337619,NH3,4,5,5
India,Haryana,Kaithal,"Rishi Nagar, Kaithal - HSPCB","04-08-2026 05:00:00",29.8006,76.4155,PM10,30,87,54
India,Haryana,Kaithal,"Rishi Nagar, Kaithal - HSPCB","04-08-2026 05:00:00",29.8006,76.4155,NO2,21,27,23
India,Haryana,Kaithal,"Rishi Nagar, Kaithal - HSPCB","04-08-2026 05:00:00",29.8006,76.4155,OZONE,7,11,9
India,Maharashtra,Latur,"Sawe Wadi, Latur - MPCB","04-08-2026 05:00:00",18.39963,76.57452,PM2.5,14,33,23
India,Maharashtra,Latur,"Sawe Wadi, Latur - MPCB","04-08-2026 05:00:00",18.39963,76.57452,CO,11,22,15
India,Maharashtra,Mahad,"Kamble Tarf Birwadi, Mahad - MPCB","04-08-2026 05:00:00",18.1023399,73.4783687,PM10,41,76,50
India,Maharashtra,Malegaon,"Mahesh Nagar, Malegaon - MPCB","04-08-2026 05:00:00",20.555712,74.529236,PM10,25,57,42
India,Maharashtra,Malegaon,"Mahesh Nagar, Malegaon - MPCB","04-08-2026 05:00:00",20.555712,74.529236,CO,8,14,11
India,Maharashtra,Mira-Bhayandar,"Bhayandar West, Mira-Bhayandar - MPCB","04-08-2026 05:00:00",19.296481,72.840923,CO,14,21,19
India,Maharashtra,Mumbai,"Kherwadi_Bandra East, Mumbai - MPCB","04-08-2026 05:00:00",19.0632143,72.8456324,NO2,2,6,4
India,Maharashtra,Mumbai,"Mazgaon, Mumbai - IITM","04-08-2026 05:00:00",18.96702,72.84214,NH3,4,6,5
India,Maharashtra,Mumbai,"Malad West, Mumbai - IITM","04-08-2026 05:00:00",19.19709,72.82204,NO2,NA,NA,NA
India,Maharashtra,Mumbai,"Malad West, Mumbai - IITM","04-08-2026 05:00:00",19.19709,72.82204,OZONE,6,15,10
India,Maharashtra,Mumbai,"Shivaji Nagar, Mumbai - BMC","04-08-2026 05:00:00",19.060498,72.923356,CO,8,30,19
India,Maharashtra,Mumbai,"Kandivali West, Mumbai - BMC","04-08-2026 05:00:00",19.215859,72.831718,NH3,1,2,2
India,Maharashtra,Mumbai,"Siddharth Nagar-Worli, Mumbai - IITM","04-08-2026 05:00:00",19.000083,72.813993,CO,2,28,23
India,"Madhya Pradesh",Satna,"Bandhavgar Colony, Satna - Birla Cement","04-08-2026 05:00:00",24.58434363,80.8549414,NO2,12,13,13
India,"Madhya Pradesh",Satna,"Bandhavgar Colony, Satna - Birla Cement","04-08-2026 05:00:00",24.58434363,80.8549414,OZONE,10,40,22
India,"Madhya Pradesh",Singrauli,"Suryakiran Bhawan NCL, Singrauli - MPPCB","04-08-2026 05:00:00",24.10897,82.64558,PM2.5,7,50,22
India,"Madhya Pradesh",Singrauli,"Suryakiran Bhawan NCL, Singrauli - MPPCB","04-08-2026 05:00:00",24.10897,82.64558,PM10,6,61,26
India,"Madhya Pradesh",Ujjain,"Mahashweta Nagar, Ujjain - MPPCB","04-08-2026 05:00:00",23.1633321,75.800225,PM2.5,13,102,51
India,"Madhya Pradesh",Ujjain,"Mahashweta Nagar, Ujjain - MPPCB","04-08-2026 05:00:00",23.1633321,75.800225,SO2,1,6,3
India,Maharashtra,Ahmednagar,"Tarakpur, Ahmednagar - MPCB","04-08-2026 05:00:00",19.10122,74.73339,NO2,3,17,9
India,Maharashtra,Akola,"Ramdaspeth, Akola - MPCB","04-08-2026 05:00:00",20.719516,77.000253,PM10,35,55,46
India,Maharashtra,Akola,"Ramdaspeth, Akola - MPCB","04-08-2026 05:00:00",20.719516,77.000253,CO,3,14,8
India,Maharashtra,Amravati,"Shri Shivaji Science College, Amravati - MPCB","04-08-2026 05:00:00",20.939198,77.765701,NH3,1,1,1
India,Maharashtra,Amravati,"Shri Shivaji Science College, Amravati - MPCB","04-08-2026 05:00:00",20.939198,77.765701,CO,18,23,20
India,Kerala,Thrissur,"Corporation Ground, Thrissur - Kerala PCB","04-08-2026 05:00:00",10.5324,76.2159,PM2.5,32,43,37
India,Kerala,Thrissur,"Corporation Ground, Thrissur - Kerala PCB","04-08-2026 05:00:00",10.5324,76.2159,NO2,7,9,8
India,Kerala,Thrissur,"Corporation Ground, Thrissur - Kerala PCB","04-08-2026 05:00:00",10.5324,76.2159,SO2,0,0,0
India,"Madhya Pradesh",Bhopal,"T T Nagar, Bhopal - MPPCB","04-08-2026 05:00:00",23.233584,77.400574,SO2,20,22,21
India,"Madhya Pradesh",Bhopal,"Idgah Hills, Bhopal - MPPCB","04-08-2026 05:00:00",23.264759,77.381568,PM2.5,NA,NA,NA
India,"Madhya Pradesh",Bhopal,"Idgah Hills, Bhopal - MPPCB","04-08-2026 05:00:00",23.264759,77.381568,NO2,8,21,16
India,"Madhya Pradesh",Bhopal,"Paryavaran Parisar, Bhopal - MPPCB","04-08-2026 05:00:00",23.210494,77.425409,PM2.5,13,38,21
India,"Madhya Pradesh",Dewas,"Bhopal Chauraha, Dewas - MPPCB","04-08-2026 05:00:00",22.9682591,76.064118,PM2.5,33,98,62
India,"Madhya Pradesh",Dewas,"Bhopal Chauraha, Dewas - MPPCB","04-08-2026 05:00:00",22.9682591,76.064118,NO2,36,82,56
India,"Madhya Pradesh",Gwalior,"Deen Dayal Nagar, Gwalior - MPPCB","04-08-2026 05:00:00",26.259242,78.216432,PM10,1,104,50
India,"Madhya Pradesh",Gwalior,"Deen Dayal Nagar, Gwalior - MPPCB","04-08-2026 05:00:00",26.259242,78.216432,OZONE,21,34,28
India,Maharashtra,Mumbai,"Navy Nagar-Colaba, Mumbai - IITM","04-08-2026 05:00:00",18.897756,72.81332,PM2.5,18,47,33
India,Maharashtra,Mumbai,"Navy Nagar-Colaba, Mumbai - IITM","04-08-2026 05:00:00",18.897756,72.81332,OZONE,26,28,27
India,Maharashtra,Mumbai,"Mulund West, Mumbai - MPCB","04-08-2026 05:00:00",19.175,72.9419,NH3,5,5,5
India,Maharashtra,Mumbai,"Sion, Mumbai - MPCB","04-08-2026 05:00:00",19.047,72.8746,PM2.5,13,89,47
India,Maharashtra,Mumbai,"Sion, Mumbai - MPCB","04-08-2026 05:00:00",19.047,72.8746,PM10,17,111,62
India,Maharashtra,Mumbai,"Sion, Mumbai - MPCB","04-08-2026 05:00:00",19.047,72.8746,NH3,6,6,6
India,Maharashtra,Mumbai,"Deonar, Mumbai - IITM","04-08-2026 05:00:00",19.04946,72.923,PM2.5,17,64,38
India,Maharashtra,Mumbai,"Deonar, Mumbai - IITM","04-08-2026 05:00:00",19.04946,72.923,NO2,3,11,7
India,Maharashtra,Mumbai,"Deonar, Mumbai - IITM","04-08-2026 05:00:00",19.04946,72.923,NH3,9,11,10
India,Maharashtra,Mumbai,"Deonar, Mumbai - IITM","04-08-2026 05:00:00",19.04946,72.923,OZONE,6,7,7
India,Maharashtra,Mumbai,"Ghatkopar, Mumbai - BMC","04-08-2026 05:00:00",19.083694,72.920967,NH3,NA,NA,NA
India,Maharashtra,Mumbai,"Ghatkopar, Mumbai - BMC","04-08-2026 05:00:00",19.083694,72.920967,SO2,NA,NA,NA
India,Maharashtra,Nagpur,"Opp GPO Civil Lines, Nagpur - MPCB","04-08-2026 05:00:00",21.152875,79.0517531,PM2.5,5,47,22
India,Maharashtra,Dhule,"Deopur, Dhule - MPCB","04-08-2026 05:00:00",20.918946,74.776388,SO2,1,7,4
India,Maharashtra,Dombivli,"Kalu Nagar, Dombivli - MPCB","04-08-2026 05:00:00",19.2268427,73.0788456,PM2.5,3,15,9
India,Maharashtra,Dombivli,"Kalu Nagar, Dombivli - MPCB","04-08-2026 05:00:00",19.2268427,73.0788456,CO,8,18,12
India,Maharashtra,Hingoli,"Ashta Vinayak Nagar, Hingoli - MPCB","04-08-2026 05:00:00",19.710842,77.151824,PM2.5,5,43,29
India,Maharashtra,Hingoli,"Ashta Vinayak Nagar, Hingoli - MPCB","04-08-2026 05:00:00",19.710842,77.151824,OZONE,19,27,23
India,Maharashtra,Jalgaon,"Prabhat Colony, Jalgaon - MPCB","04-08-2026 05:00:00",21.001264,75.565602,PM10,21,62,38
India,Maharashtra,Kalyan,"Pimpleshwar Mandir, Kalyan - MPCB","04-08-2026 05:00:00",19.192056,72.9585188,PM10,45,70,52
India,Maharashtra,Kalyan,"Pimpleshwar Mandir, Kalyan - MPCB","04-08-2026 05:00:00",19.192056,72.9585188,SO2,10,16,11
India,Maharashtra,Kalyan,"Khadakpada, Kalyan - MPCB","04-08-2026 05:00:00",19.25292,73.142019,PM2.5,33,57,45
India,Maharashtra,Kalyan,"Khadakpada, Kalyan - MPCB","04-08-2026 05:00:00",19.25292,73.142019,CO,NA,NA,NA
India,Maharashtra,Amravati,"Shivneri Colony, Amravati - MPCB","04-08-2026 05:00:00",20.9402359,77.7895248,PM10,23,37,29
India,Maharashtra,Amravati,"Shivneri Colony, Amravati - MPCB","04-08-2026 05:00:00",20.9402359,77.7895248,NO2,3,13,6
India,Maharashtra,Aurangabad,"Rachnakar Colony, Aurangabad - MPCB","04-08-2026 05:00:00",19.863756,75.321188,NO2,10,24,15
India,Maharashtra,Aurangabad,"Rachnakar Colony, Aurangabad - MPCB","04-08-2026 05:00:00",19.863756,75.321188,SO2,4,6,5
India,Maharashtra,Badlapur,"Katrap, Badlapur - MPCB","04-08-2026 05:00:00",19.16485,73.23409,NO2,22,26,24
India,Maharashtra,Badlapur,"Katrap, Badlapur - MPCB","04-08-2026 05:00:00",19.16485,73.23409,NH3,2,51,7
India,Maharashtra,Badlapur,"Katrap, Badlapur - MPCB","04-08-2026 05:00:00",19.16485,73.23409,SO2,3,10,7
India,Maharashtra,Belapur,"CBD Belapur, Belapur - MPCB","04-08-2026 05:00:00",19.0243902,73.0406721,PM10,36,92,56
India,Maharashtra,Boisar,"Khaira, Boisar - MPCB","04-08-2026 05:00:00",19.786089,72.757971,NH3,NA,NA,NA
India,Maharashtra,Chandrapur,"MIDC Khutala, Chandrapur - MPCB","04-08-2026 05:00:00",19.9775302,79.2337086,PM2.5,34,40,39
India,"Madhya Pradesh",Jabalpur,"Gupteshwar, Jabalpur - JMC","04-08-2026 05:00:00",23.142888,79.916147,PM2.5,19,61,38
India,"Madhya Pradesh",Jabalpur,"Gupteshwar, Jabalpur - JMC","04-08-2026 05:00:00",23.142888,79.916147,NH3,NA,NA,NA
India,"Madhya Pradesh",Jabalpur,"Marhatal, Jabalpur - MPPCB","04-08-2026 05:00:00",23.168606,79.932247,PM2.5,10,44,27
India,"Madhya Pradesh",Jabalpur,"Suhagi, Jabalpur - JMC","04-08-2026 05:00:00",23.218135,79.95777,NO2,62,79,65
India,"Madhya Pradesh",Maihar,"Sahilara, Maihar - KJS Cements","04-08-2026 05:00:00",24.2613009,80.7231783,NO2,6,9,7
India,"Madhya Pradesh",Maihar,"Sahilara, Maihar - KJS Cements","04-08-2026 05:00:00",24.2613009,80.7231783,NH3,NA,NA,NA
India,"Madhya Pradesh",Mandideep,"Sector-D Industrial Area, Mandideep - MPPCB","04-08-2026 05:00:00",23.10844,77.511428,PM10,19,75,50
India,"Madhya Pradesh",Mandideep,"Sector-D Industrial Area, Mandideep - MPPCB","04-08-2026 05:00:00",23.10844,77.511428,CO,10,17,14
India,"Madhya Pradesh",Ratlam,"Shasthri Nagar, Ratlam - IPCA Lab","04-08-2026 05:00:00",23.331731,75.045981,PM10,NA,NA,NA
India,"Madhya Pradesh",Ratlam,"Shasthri Nagar, Ratlam - IPCA Lab","04-08-2026 05:00:00",23.331731,75.045981,NH3,NA,NA,NA
India,Maharashtra,Mumbai,"Chakala-Andheri East, Mumbai - IITM","04-08-2026 05:00:00",19.11074,72.86084,PM2.5,13,48,27
India,Maharashtra,Mumbai,"Chakala-Andheri East, Mumbai - IITM","04-08-2026 05:00:00",19.11074,72.86084,NO2,4,8,6
India,Maharashtra,Mumbai,"Chakala-Andheri East, Mumbai - IITM","04-08-2026 05:00:00",19.11074,72.86084,CO,16,26,20
India,Maharashtra,Mumbai,"Khindipada-Bhandup West, Mumbai - IITM","04-08-2026 05:00:00",19.1653323,72.922099,NO2,3,7,6
India,Maharashtra,Mumbai,"Borivali East, Mumbai - MPCB","04-08-2026 05:00:00",19.2243333,72.8658113,SO2,27,31,29
India,Maharashtra,Mumbai,"Borivali East, Mumbai - IITM","04-08-2026 05:00:00",19.23241,72.86895,NO2,9,25,15
India,Maharashtra,Mumbai,"Worli, Mumbai - MPCB","04-08-2026 05:00:00",18.9936162,72.8128113,OZONE,8,10,9
India,Maharashtra,Mumbai,"Bandra Kurla Complex, Mumbai - MPCB","04-08-2026 05:00:00",19.065931,72.862131,PM2.5,13,59,32
India,Maharashtra,Mumbai,"Chhatrapati Shivaji Intl. Airport (T2), Mumbai - MPCB","04-08-2026 05:00:00",19.10078,72.87462,PM10,NA,NA,NA
India,"Madhya Pradesh",Gwalior,"Maharaj Bada, Gwalior - MPPCB","04-08-2026 05:00:00",26.200388,78.147714,CO,2,81,36
India,"Madhya Pradesh",Gwalior,"City Center, Gwalior - MPPCB","04-08-2026 05:00:00",26.203442,78.193251,NO2,NA,NA,NA
India,"Madhya Pradesh",Gwalior,"City Center, Gwalior - MPPCB","04-08-2026 05:00:00",26.203442,78.193251,CO,16,29,21
India,"Madhya Pradesh",Indore,"Airport Area, Indore - IMC","04-08-2026 05:00:00",22.7289,75.8076,OZONE,4,5,4
India,"Madhya Pradesh",Indore,"Residency Area, Indore - IMC","04-08-2026 05:00:00",22.7084,75.8815,PM2.5,13,55,30
India,"Madhya Pradesh",Indore,"Residency Area, Indore - IMC","04-08-2026 05:00:00",22.7084,75.8815,CO,1,11,7
India,"Madhya Pradesh",Indore,"Residency Area, Indore - IMC","04-08-2026 05:00:00",22.7084,75.8815,OZONE,5,7,6
India,Maharashtra,Solapur,"Dnyaneshwar Nagar, Solapur - MPCB","04-08-2026 05:00:00",17.6336264,75.9132495,OZONE,49,51,50
India,Maharashtra,Thane,"Kasarvadavali, Thane - MPCB","04-08-2026 05:00:00",19.26777,72.97182,SO2,3,5,4
India,Maharashtra,Thane,"Upvan Fort, Thane - MPCB","04-08-2026 05:00:00",19.222279,72.957979,PM2.5,11,22,16
India,Maharashtra,Thane,"Upvan Fort, Thane - MPCB","04-08-2026 05:00:00",19.222279,72.957979,PM10,27,46,37
India,Maharashtra,Ulhasnagar,"Sidhi Vinayak Nagar, Ulhasnagar - MPCB","04-08-2026 05:00:00",19.235581,73.159121,PM2.5,4,45,21
India,Maharashtra,Ulhasnagar,"Sidhi Vinayak Nagar, Ulhasnagar - MPCB","04-08-2026 05:00:00",19.235581,73.159121,NH3,0,1,1
India,Maharashtra,Virar,"Bolinj, Virar - MPCB","04-08-2026 05:00:00",19.445821,72.7988231,PM10,25,44,35
India,Maharashtra,Virar,"Bolinj, Virar - MPCB","04-08-2026 05:00:00",19.445821,72.7988231,OZONE,21,23,22
India,Meghalaya,Byrnihat,"15th Mile-Nongthymmai, Byrnihat -Meghalaya PCB","04-08-2026 05:00:00",26.079047,91.875185,NO2,NA,NA,NA
India,Meghalaya,Byrnihat,"15th Mile-Nongthymmai, Byrnihat -Meghalaya PCB","04-08-2026 05:00:00",26.079047,91.875185,NH3,0,1,0
India,Meghalaya,Shillong,"JN Stadium, Shillong - Meghalaya PCB","04-08-2026 05:00:00",25.5803419,91.8942571,PM2.5,NA,NA,NA
India,Meghalaya,Shillong,"JN Stadium, Shillong - Meghalaya PCB","04-08-2026 05:00:00",25.5803419,91.8942571,NO2,3,13,6
India,Meghalaya,Shillong,"JN Stadium, Shillong - Meghalaya PCB","04-08-2026 05:00:00",25.5803419,91.8942571,CO,26,47,40
India,Mizoram,Aizawl,"Sikulpuikawn, Aizawl - Mizoram PCB","04-08-2026 05:00:00",23.7176342,92.7192841,PM10,6,25,14
India,Mizoram,Aizawl,"Sikulpuikawn, Aizawl - Mizoram PCB","04-08-2026 05:00:00",23.7176342,92.7192841,SO2,14,15,14
India,Mizoram,Aizawl,"Sikulpuikawn, Aizawl - Mizoram PCB","04-08-2026 05:00:00",23.7176342,92.7192841,CO,3,3,3
India,Maharashtra,Parbhani,"Masoom Colony, Parbhani - MPCB","04-08-2026 05:00:00",19.265594,76.761463,PM2.5,8,35,20
India,Maharashtra,Parbhani,"Masoom Colony, Parbhani - MPCB","04-08-2026 05:00:00",19.265594,76.761463,PM10,12,49,28
India,Maharashtra,Parbhani,"Masoom Colony, Parbhani - MPCB","04-08-2026 05:00:00",19.265594,76.761463,CO,9,14,12
India,Maharashtra,Pimpri-Chinchwad,"Transport Nagar-Nigdi, Pune - IITM","04-08-2026 05:00:00",18.664282,73.763966,PM10,23,72,48
India,Maharashtra,Pimpri-Chinchwad,"Transport Nagar-Nigdi, Pune - IITM","04-08-2026 05:00:00",18.664282,73.763966,NH3,NA,NA,NA
India,Maharashtra,Pimpri-Chinchwad,"Transport Nagar-Nigdi, Pune - IITM","04-08-2026 05:00:00",18.664282,73.763966,CO,54,62,57
India,Maharashtra,Pimpri-Chinchwad,"Thergaon, Pimpri Chinchwad - MPCB","04-08-2026 05:00:00",18.616318,73.765797,PM10,23,40,30
India,Maharashtra,Pimpri-Chinchwad,"Gavalinagar, Pimpri Chinchwad - MPCB","04-08-2026 05:00:00",18.63673,73.82487,OZONE,4,10,6
India,Maharashtra,Pimpri-Chinchwad,"Savta Mali Nagar, Pimpri-Chinchwad - IITM","04-08-2026 05:00:00",18.614767,73.799516,NH3,NA,NA,NA
India,Maharashtra,Pimpri-Chinchwad,"Savta Mali Nagar, Pimpri-Chinchwad - IITM","04-08-2026 05:00:00",18.614767,73.799516,SO2,NA,NA,NA
India,Maharashtra,Pimpri-Chinchwad,"Savta Mali Nagar, Pimpri-Chinchwad - IITM","04-08-2026 05:00:00",18.614767,73.799516,OZONE,6,11,8
India,Maharashtra,Pimpri-Chinchwad,"Bhosari, Pune - IITM","04-08-2026 05:00:00",18.640051,73.848956,NO2,20,35,29
India,Maharashtra,Pune,"Savitribai Phule Pune University, Pune - MPCB","04-08-2026 05:00:00",18.547056,73.826908,OZONE,8,13,10
India,Maharashtra,Pune,"Revenue Colony-Shivajinagar, Pune - IITM","04-08-2026 05:00:00",18.530085,73.849598,PM2.5,18,43,32
India,Maharashtra,Pune,"Revenue Colony-Shivajinagar, Pune - IITM","04-08-2026 05:00:00",18.530085,73.849598,OZONE,10,14,12
India,Maharashtra,Pune,"Mhada Colony, Pune - IITM","04-08-2026 05:00:00",18.57304,73.927715,PM10,27,66,48
India,Maharashtra,Nagpur,"Ram Nagar, Nagpur - MPCB","04-08-2026 05:00:00",21.143383,79.048912,SO2,2,6,4
India,Maharashtra,Nanded,"Sneh Nagar, Nanded - MPCB","04-08-2026 05:00:00",19.173852,77.296291,NO2,6,11,8
India,Maharashtra,Nanded,"Sneh Nagar, Nanded - MPCB","04-08-2026 05:00:00",19.173852,77.296291,OZONE,13,32,23
India,Maharashtra,Nashik,"Gangapur Road, Nashik - MPCB","04-08-2026 05:00:00",20.0073285,73.7762427,NH3,3,3,3
India,Maharashtra,Nashik,"Gangapur Road, Nashik - MPCB","04-08-2026 05:00:00",20.0073285,73.7762427,CO,26,27,27
India,Maharashtra,"Navi Mumbai","Sanpada, Navi Mumbai - MPCB","04-08-2026 05:00:00",19.0575752,73.0151367,PM2.5,11,36,19
India,Maharashtra,"Navi Mumbai","Sanpada, Navi Mumbai - MPCB","04-08-2026 05:00:00",19.0575752,73.0151367,SO2,6,8,7
India,Maharashtra,"Navi Mumbai","Sector-2E Kalamboli, Navi Mumbai - MPCB","04-08-2026 05:00:00",19.02579,73.10297,PM10,25,52,37
India,Maharashtra,"Navi Mumbai","Sector-2E Kalamboli, Navi Mumbai - MPCB","04-08-2026 05:00:00",19.02579,73.10297,SO2,1,3,2
India,Maharashtra,"Navi Mumbai","Sector-2E Kalamboli, Navi Mumbai - MPCB","04-08-2026 05:00:00",19.02579,73.10297,CO,13,15,14
India,Maharashtra,"Navi Mumbai","Sector-2E Kalamboli, Navi Mumbai - MPCB","04-08-2026 05:00:00",19.02579,73.10297,OZONE,1,5,3
India,Maharashtra,"Navi Mumbai","Nerul, Navi Mumbai - MPCB","04-08-2026 05:00:00",19.008751,73.01662,PM10,15,46,28
India,Maharashtra,"Navi Mumbai","Kopripada-Vashi, Navi Mumbai - MPCB","04-08-2026 05:00:00",19.090337,73.014232,NH3,4,7,5
India,Maharashtra,"Navi Mumbai","Mahape, Navi Mumbai - MPCB","04-08-2026 05:00:00",19.1135051,73.008978,SO2,16,16,16
India,Maharashtra,"Navi Mumbai","Mahape, Navi Mumbai - MPCB","04-08-2026 05:00:00",19.1135051,73.008978,OZONE,8,10,9
India,Maharashtra,"Navi Mumbai","Tondare-Taloja, Navi Mumbai - MPCB","04-08-2026 05:00:00",19.063,73.1209,PM10,26,59,42
India,Odisha,Keonjhar,"Jagamohanpur, Keonjhar - OSPCB","04-08-2026 05:00:00",21.6439,85.599355,NO2,13,16,14
India,Odisha,Keonjhar,"Jagamohanpur, Keonjhar - OSPCB","04-08-2026 05:00:00",21.6439,85.599355,NH3,2,2,2
India,Odisha,Keonjhar,"Jagamohanpur, Keonjhar - OSPCB","04-08-2026 05:00:00",21.6439,85.599355,OZONE,7,12,10
India,Odisha,Rairangpur,"Divisional Forest Office, Rairangpur - OSPCB","04-08-2026 05:00:00",22.265816,86.174829,PM10,31,54,41
India,Odisha,Rairangpur,"Divisional Forest Office, Rairangpur - OSPCB","04-08-2026 05:00:00",22.265816,86.174829,NO2,5,6,6
India,Odisha,Rairangpur,"Divisional Forest Office, Rairangpur - OSPCB","04-08-2026 05:00:00",22.265816,86.174829,NH3,3,4,4
India,Odisha,Rairangpur,"Divisional Forest Office, Rairangpur - OSPCB","04-08-2026 05:00:00",22.265816,86.174829,CO,14,26,20
India,Odisha,Rourkela,"Raghunathpali, Rourkela - OSPCB","04-08-2026 05:00:00",22.220833,84.809444,PM2.5,25,69,49
India,Odisha,Rourkela,"Raghunathpali, Rourkela - OSPCB","04-08-2026 05:00:00",22.220833,84.809444,NH3,2,2,2
India,Odisha,Rourkela,"Sector-2, Rourkela - OSPCB","04-08-2026 05:00:00",22.245,84.88111111,PM2.5,21,21,21
India,Odisha,Rourkela,"Sector-2, Rourkela - OSPCB","04-08-2026 05:00:00",22.245,84.88111111,PM10,47,47,47
India,Odisha,Rourkela,"Sector-2, Rourkela - OSPCB","04-08-2026 05:00:00",22.245,84.88111111,SO2,NA,NA,NA
India,Odisha,Talcher,"Talcher Coalfields,Talcher - OSPCB","04-08-2026 05:00:00",20.9360711,85.1707021,PM10,27,140,73
India,Odisha,Talcher,"Talcher Coalfields,Talcher - OSPCB","04-08-2026 05:00:00",20.9360711,85.1707021,NH3,6,7,6
India,Odisha,Talcher,"Talcher Coalfields,Talcher - OSPCB","04-08-2026 05:00:00",20.9360711,85.1707021,SO2,29,101,72
India,Punjab,Amritsar,"Golden Temple, Amritsar - PPCB","04-08-2026 05:00:00",31.62,74.876512,PM2.5,43,93,57
India,Nagaland,Kohima,"PWD Junction, Kohima - NPCB","04-08-2026 05:00:00",25.6635413,94.0989878,PM2.5,7,31,15
India,Nagaland,Kohima,"PWD Junction, Kohima - NPCB","04-08-2026 05:00:00",25.6635413,94.0989878,CO,4,8,6
India,Odisha,Angul,"Hakimapada, Angul - OSPCB","04-08-2026 05:00:00",20.832874,85.104082,OZONE,1,27,16
India,Odisha,Barbil,"Forest Office, Barbil - OSPCB","04-08-2026 05:00:00",22.1166054,85.3945546,PM2.5,37,95,69
India,Odisha,Barbil,"Forest Office, Barbil - OSPCB","04-08-2026 05:00:00",22.1166054,85.3945546,NH3,2,2,2
India,Odisha,Barbil,"Forest Office, Barbil - OSPCB","04-08-2026 05:00:00",22.1166054,85.3945546,SO2,3,10,7
India,Odisha,Baripada,"Meher Colony, Baripada - OSPCB","04-08-2026 05:00:00",21.941841,86.728318,SO2,4,8,7
India,Odisha,Bhubaneswar,"Lingraj Mandir, Bhubaneswar - OSPCB","04-08-2026 05:00:00",20.24079,85.836784,PM2.5,3,27,16
India,Odisha,Bhubaneswar,"Patia, Bhubaneswar - OSPCB","04-08-2026 05:00:00",20.34652,85.8163,PM2.5,10,33,23
India,Odisha,Bileipada,"Tata Township, Bileipada - OSPCB","04-08-2026 05:00:00",22.06156703,85.47409613,PM2.5,16,200,96
India,Odisha,Byasanagar,"Ferro Chrome Colony, Byasanagar - OSPCB","04-08-2026 05:00:00",20.94185,86.1151,PM10,19,86,47
India,Odisha,Byasanagar,"Ferro Chrome Colony, Byasanagar - OSPCB","04-08-2026 05:00:00",20.94185,86.1151,NH3,1,2,1
India,Punjab,Jalandhar,"Civil Line, Jalandhar - PPCB","04-08-2026 05:00:00",31.321907,75.578914,NO2,30,44,38
India,Punjab,Jalandhar,"Civil Line, Jalandhar - PPCB","04-08-2026 05:00:00",31.321907,75.578914,NH3,3,4,3
India,Punjab,Ludhiana,"Punjab Agricultural University, Ludhiana - PPCB","04-08-2026 05:00:00",30.9028,75.8086,PM2.5,44,90,63
India,Punjab,Ludhiana,"Punjab Agricultural University, Ludhiana - PPCB","04-08-2026 05:00:00",30.9028,75.8086,SO2,3,23,12
India,Punjab,"Mandi Gobindgarh","RIMT University, Mandi Gobindgarh - PPCB","04-08-2026 05:00:00",30.649961,76.331442,PM2.5,48,192,104
India,Punjab,Patiala,"Model Town, Patiala - PPCB","04-08-2026 05:00:00",30.349388,76.366642,PM10,34,69,44
India,Punjab,Patiala,"Model Town, Patiala - PPCB","04-08-2026 05:00:00",30.349388,76.366642,CO,20,48,37
India,Punjab,Rupnagar,"Ratanpura, Rupnagar - Ambuja Cements","04-08-2026 05:00:00",31.0325454,76.5623046,OZONE,NA,NA,NA
India,Rajasthan,Ajmer,"Civil Lines,  Ajmer - RSPCB","04-08-2026 05:00:00",26.470859,74.646594,PM2.5,20,56,41
India,Rajasthan,Ajmer,"Civil Lines,  Ajmer - RSPCB","04-08-2026 05:00:00",26.470859,74.646594,OZONE,6,33,11
India,Rajasthan,Bhilwara,"Pratap Nagar, Bhilwara - RSPCB","04-08-2026 05:00:00",25.339605,74.618883,CO,19,27,23
India,Rajasthan,Bhiwadi,"Vasundhara Nagar_UIT, Bhiwadi - RSPCB","04-08-2026 05:00:00",28.207266,76.829265,NO2,9,37,16
India,Rajasthan,Bhiwadi,"Vasundhara Nagar_UIT, Bhiwadi - RSPCB","04-08-2026 05:00:00",28.207266,76.829265,CO,24,37,31
India,Rajasthan,Bundi,"New Colony, Bundi - RSPCB","04-08-2026 05:00:00",25.435774,75.644272,PM10,13,64,39
India,Rajasthan,Bundi,"New Colony, Bundi - RSPCB","04-08-2026 05:00:00",25.435774,75.644272,SO2,3,8,5
India,Rajasthan,Chittorgarh,"Shastri Nagar, Chittorgarh - RSPCB","04-08-2026 05:00:00",24.892047,74.623527,PM2.5,14,113,43
India,Rajasthan,Chittorgarh,"Shastri Nagar, Chittorgarh - RSPCB","04-08-2026 05:00:00",24.892047,74.623527,PM10,12,89,45
India,Rajasthan,Dausa,"Khatikan Mohalla, Dausa - RSPCB","04-08-2026 05:00:00",26.895552,76.334753,PM2.5,7,57,33
India,Rajasthan,Dholpur,"Raja Ganj, Dholpur - RSPCB","04-08-2026 05:00:00",26.699557,77.898881,NO2,2,13,8
India,Rajasthan,Dholpur,"Raja Ganj, Dholpur - RSPCB","04-08-2026 05:00:00",26.699557,77.898881,NH3,3,14,7
India,Maharashtra,Pune,"Dhankawadi, Pune - IITM","04-08-2026 05:00:00",18.459883,73.852193,PM10,12,74,39
India,Maharashtra,Pune,"Dhankawadi, Pune - IITM","04-08-2026 05:00:00",18.459883,73.852193,NH3,NA,NA,NA
India,Maharashtra,Pune,"Dhankawadi, Pune - IITM","04-08-2026 05:00:00",18.459883,73.852193,CO,22,53,37
India,Maharashtra,Pune,"Panchawati_Pashan, Pune - IITM","04-08-2026 05:00:00",18.536457,73.805454,PM10,28,68,47
India,Maharashtra,Pune,"Panchawati_Pashan, Pune - IITM","04-08-2026 05:00:00",18.536457,73.805454,CO,25,36,30
India,Maharashtra,Pune,"Katraj Dairy, Pune - MPCB","04-08-2026 05:00:00",18.45445,73.854155,CO,22,55,40
India,Maharashtra,Sangli,"Vijay Nagar, Sangli - MPCB","04-08-2026 05:00:00",16.5038,74.3623,PM2.5,18,31,24
India,Maharashtra,Sangli,"Vijay Nagar, Sangli - MPCB","04-08-2026 05:00:00",16.5038,74.3623,NH3,1,3,2
India,Maharashtra,Satara,"Koyana Nagar, Satara - MPCB","04-08-2026 05:00:00",17.696651,74.003387,PM10,28,119,62
India,Maharashtra,Satara,"Koyana Nagar, Satara - MPCB","04-08-2026 05:00:00",17.696651,74.003387,NO2,1,16,6
India,Maharashtra,Satara,"Koyana Nagar, Satara - MPCB","04-08-2026 05:00:00",17.696651,74.003387,OZONE,12,28,21
India,Rajasthan,Alwar,"Vigyan Nagar, Alwar - RSPCB","04-08-2026 05:00:00",27.598796,76.63861,SO2,6,7,6
India,Rajasthan,Banswara,"Rati Talai, Banswara - RSPCB","04-08-2026 05:00:00",23.55519,74.44001,PM2.5,8,65,30
India,Rajasthan,Banswara,"Rati Talai, Banswara - RSPCB","04-08-2026 05:00:00",23.55519,74.44001,SO2,10,14,11
India,Rajasthan,Baran,"Bamboliya, Baran - RSPCB","04-08-2026 05:00:00",25.106006,76.469948,NO2,11,23,16
India,Rajasthan,Barmer,"Railway Colony, Barmer - RSPCB","04-08-2026 05:00:00",25.747299,71.393989,PM10,70,105,88
India,Rajasthan,Barmer,"Railway Colony, Barmer - RSPCB","04-08-2026 05:00:00",25.747299,71.393989,SO2,3,4,3
India,Rajasthan,Bharatpur,"Krishna Nagar, Bharatpur - RSPCB","04-08-2026 05:00:00",27.215415,77.50873,NH3,6,9,7
India,Rajasthan,Bhilwara,"Pratap Nagar, Bhilwara - RSPCB","04-08-2026 05:00:00",25.339605,74.618883,SO2,4,32,14
India,Rajasthan,Dungarpur,"Bhoiwada, Dungarpur - RSPCB","04-08-2026 05:00:00",23.837789,73.714926,SO2,4,6,5
India,Rajasthan,Dungarpur,"Bhoiwada, Dungarpur - RSPCB","04-08-2026 05:00:00",23.837789,73.714926,OZONE,16,21,18
India,Rajasthan,Hanumangarh,"Housing Board, Hanumangarh - RSPCB","04-08-2026 05:00:00",29.61075,74.283608,PM10,6,75,32
India,Rajasthan,Jaipur,"Shastri Nagar, Jaipur - RSPCB","04-08-2026 05:00:00",26.9502929,75.730943,NO2,19,49,35
India,Rajasthan,Jaipur,"RIICO Sitapura, Jaipur - RSPCB","04-08-2026 05:00:00",26.786682,75.827928,NH3,3,3,3
India,Rajasthan,Jaipur,"Police Commissionerate, Jaipur - RSPCB","04-08-2026 05:00:00",26.9164092,75.7994901,NO2,21,65,39
India,Rajasthan,Jaipur,"Police Commissionerate, Jaipur - RSPCB","04-08-2026 05:00:00",26.9164092,75.7994901,SO2,24,34,29
India,Rajasthan,Jaipur,"Adarsh Nagar, Jaipur - RSPCB","04-08-2026 05:00:00",26.902909,75.836858,SO2,17,27,23
India,Rajasthan,Jaipur,"Mansarovar Sector-12, Jaipur - RSPCB","04-08-2026 05:00:00",26.843698,75.766894,PM10,22,86,40
India,Rajasthan,Jaipur,"Mansarovar Sector-12, Jaipur - RSPCB","04-08-2026 05:00:00",26.843698,75.766894,SO2,3,4,4
India,Rajasthan,Jaipur,"Mansarovar Sector-12, Jaipur - RSPCB","04-08-2026 05:00:00",26.843698,75.766894,OZONE,20,66,39
India,Rajasthan,Jaisalmer,"Sadar Bazar, Jaisalmer - RSPCB","04-08-2026 05:00:00",26.912329,70.909168,PM10,42,116,86
India,Rajasthan,Jaisalmer,"Sadar Bazar, Jaisalmer - RSPCB","04-08-2026 05:00:00",26.912329,70.909168,CO,1,36,17
India,Rajasthan,Jalore,"Mudtra Sili, Jalore - RSPCB","04-08-2026 05:00:00",25.344694,72.626208,PM2.5,7,58,34
India,Rajasthan,Jalore,"Mudtra Sili, Jalore - RSPCB","04-08-2026 05:00:00",25.344694,72.626208,PM10,19,97,61
India,Rajasthan,Jalore,"Mudtra Sili, Jalore - RSPCB","04-08-2026 05:00:00",25.344694,72.626208,NO2,2,21,9
India,Telangana,Hyderabad,"IITH Kandi, Hyderabad - TSPCB","04-08-2026 05:00:00",17.585705,78.126199,SO2,9,16,12
India,Telangana,Hyderabad,"IITH Kandi, Hyderabad - TSPCB","04-08-2026 05:00:00",17.585705,78.126199,OZONE,20,21,21
India,Telangana,Hyderabad,"Nacharam_TSIIC IALA, Hyderabad - TSPCB","04-08-2026 05:00:00",17.429398,78.569354,PM2.5,32,58,43
India,Telangana,Hyderabad,"New Malakpet, Hyderabad - TSPCB","04-08-2026 05:00:00",17.37206,78.50864,PM2.5,25,31,27
India,Telangana,Hyderabad,"Kokapet, Hyderabad - TSPCB","04-08-2026 05:00:00",17.393559,78.339194,PM2.5,32,54,42
India,Telangana,Hyderabad,"Kokapet, Hyderabad - TSPCB","04-08-2026 05:00:00",17.393559,78.339194,PM10,39,73,54
India,Telangana,Hyderabad,"ECIL Kapra, Hyderabad - TSPCB","04-08-2026 05:00:00",17.470431,78.566959,PM2.5,30,89,52
India,Telangana,Hyderabad,"ECIL Kapra, Hyderabad - TSPCB","04-08-2026 05:00:00",17.470431,78.566959,CO,15,60,24
India,Telangana,Hyderabad,"Ramachandrapuram, Hyderabad - TSPCB","04-08-2026 05:00:00",17.528544,78.286195,SO2,5,12,9
India,Telangana,Hyderabad,"Ramachandrapuram, Hyderabad - TSPCB","04-08-2026 05:00:00",17.528544,78.286195,OZONE,21,22,21
India,Telangana,Hyderabad,"Kompally Municipal Office, Hyderabad - TSPCB","04-08-2026 05:00:00",17.544899,78.486949,PM2.5,41,46,43
India,Telangana,Hyderabad,"Kompally Municipal Office, Hyderabad - TSPCB","04-08-2026 05:00:00",17.544899,78.486949,SO2,6,11,8
India,Telangana,Hyderabad,"Kompally Municipal Office, Hyderabad - TSPCB","04-08-2026 05:00:00",17.544899,78.486949,OZONE,22,23,23
India,Telangana,Hyderabad,"IDA Pashamylaram, Hyderabad - TSPCB","04-08-2026 05:00:00",17.5316895,78.218939,PM10,13,85,40
India,Telangana,Hyderabad,"IDA Pashamylaram, Hyderabad - TSPCB","04-08-2026 05:00:00",17.5316895,78.218939,SO2,3,19,12
India,Telangana,Hyderabad,"IDA Pashamylaram, Hyderabad - TSPCB","04-08-2026 05:00:00",17.5316895,78.218939,CO,8,22,14
India,Telangana,Hyderabad,"Sanathnagar, Hyderabad - TSPCB","04-08-2026 05:00:00",17.4559458,78.4332152,NH3,NA,NA,NA
India,"Uttar Pradesh",Ghaziabad,"Wave City, Ghaziabad - UPPCB","04-08-2026 05:00:00",28.646675,77.489049,PM2.5,NA,NA,NA
India,"Uttar Pradesh",Ghaziabad,"Wave City, Ghaziabad - UPPCB","04-08-2026 05:00:00",28.646675,77.489049,NO2,17,29,21
India,"Uttar Pradesh",Ghaziabad,"Wave City, Ghaziabad - UPPCB","04-08-2026 05:00:00",28.646675,77.489049,NH3,NA,NA,NA
India,"Uttar Pradesh",Ghaziabad,"Vasundhara, Ghaziabad - UPPCB","04-08-2026 05:00:00",28.6603346,77.3572563,NH3,5,15,9
India,"Uttar Pradesh",Ghaziabad,"Loni, Ghaziabad - UPPCB","04-08-2026 05:00:00",28.757294,77.278792,PM2.5,22,79,53
India,"Uttar Pradesh",Ghaziabad,"Loni, Ghaziabad - UPPCB","04-08-2026 05:00:00",28.757294,77.278792,NH3,2,8,3
India,"Uttar Pradesh",Ghaziabad,"Sanjay Nagar, Ghaziabad - UPPCB","04-08-2026 05:00:00",28.685382,77.453839,PM10,NA,NA,NA
India,"Uttar Pradesh",Ghaziabad,"Sanjay Nagar, Ghaziabad - UPPCB","04-08-2026 05:00:00",28.685382,77.453839,SO2,NA,NA,NA
India,"Uttar Pradesh",Ghaziabad,"Sanjay Nagar, Ghaziabad - UPPCB","04-08-2026 05:00:00",28.685382,77.453839,CO,24,68,37
India,"Uttar Pradesh",Ghaziabad,"Govindpuram, Ghaziabad - UPPCB","04-08-2026 05:00:00",28.694528,77.494705,NO2,12,16,13
India,"Uttar Pradesh",Gorakhpur,"Madan Mohan Malaviya University of Technology, Gorakhpur - UPPCB","04-08-2026 05:00:00",26.730136,83.433859,NO2,10,12,11
India,"Uttar Pradesh",Gorakhpur,"Madan Mohan Malaviya University of Technology, Gorakhpur - UPPCB","04-08-2026 05:00:00",26.730136,83.433859,SO2,44,46,45
India,"Uttar Pradesh","Greater Noida","Knowledge Park - III, Greater Noida - UPPCB","04-08-2026 05:00:00",28.47272,77.482,NO2,8,29,18
India,"Uttar Pradesh","Greater Noida","Knowledge Park - V, Greater Noida - UPPCB","04-08-2026 05:00:00",28.557054,77.453663,PM10,60,115,93
India,"Uttar Pradesh","Greater Noida","Knowledge Park - V, Greater Noida - UPPCB","04-08-2026 05:00:00",28.557054,77.453663,NH3,8,12,10
India,"Uttar Pradesh","Greater Noida","Knowledge Park - V, Greater Noida - UPPCB","04-08-2026 05:00:00",28.557054,77.453663,SO2,1,29,10
India,Telangana,Hyderabad,"Sanathnagar, Hyderabad - TSPCB","04-08-2026 05:00:00",17.4559458,78.4332152,OZONE,12,15,13
India,Telangana,Hyderabad,"ICRISAT Patancheru, Hyderabad - TSPCB","04-08-2026 05:00:00",17.5184,78.278777,SO2,2,12,7
India,"Uttar Pradesh",Agra,"Shastripuram, Agra - UPPCB","04-08-2026 05:00:00",27.19862,77.92066,NH3,3,3,3
India,"Uttar Pradesh",Agra,"Manoharpur, Agra - UPPCB","04-08-2026 05:00:00",27.23711,78.01936,PM10,51,89,66
India,"Uttar Pradesh",Agra,"Manoharpur, Agra - UPPCB","04-08-2026 05:00:00",27.23711,78.01936,CO,21,22,21
India,"Uttar Pradesh",Agra,"Shahjahan Garden, Agra - UPPCB","04-08-2026 05:00:00",27.169338,78.03582,PM2.5,19,32,24
India,"Uttar Pradesh",Agra,"Shahjahan Garden, Agra - UPPCB","04-08-2026 05:00:00",27.169338,78.03582,CO,21,21,21
India,"Uttar Pradesh",Agra,"Sector-3B Avas Vikas Colony, Agra - UPPCB","04-08-2026 05:00:00",27.19412,77.96237,PM10,23,112,54
India,"Uttar Pradesh",Agra,"Sector-3B Avas Vikas Colony, Agra - UPPCB","04-08-2026 05:00:00",27.19412,77.96237,SO2,28,29,28
India,"Uttar Pradesh",Agra,"Sector-3B Avas Vikas Colony, Agra - UPPCB","04-08-2026 05:00:00",27.19412,77.96237,OZONE,11,16,13
India,"Uttar Pradesh",Agra,"Rohta, Agra - UPPCB","04-08-2026 05:00:00",27.106972,78.000111,PM2.5,6,48,20
India,"Uttar Pradesh",Agra,"Rohta, Agra - UPPCB","04-08-2026 05:00:00",27.106972,78.000111,PM10,14,177,54
India,"Uttar Pradesh",Agra,"Rohta, Agra - UPPCB","04-08-2026 05:00:00",27.106972,78.000111,NO2,18,18,18
India,"Uttar Pradesh",Agra,"Rohta, Agra - UPPCB","04-08-2026 05:00:00",27.106972,78.000111,CO,13,17,14
India,"Uttar Pradesh",Agra,"Rohta, Agra - UPPCB","04-08-2026 05:00:00",27.106972,78.000111,OZONE,13,14,14
India,Rajasthan,"Sri Ganganagar","Old City, Sri Ganganagar - RSPCB","04-08-2026 05:00:00",29.931624,73.864511,CO,27,47,33
India,Rajasthan,Udaipur,"Ashok Nagar, Udaipur - RSPCB","04-08-2026 05:00:00",24.5886166,73.6321397,OZONE,4,12,6
India,Sikkim,Gangtok,"Zero Point GICI, Gangtok - SSPCB","04-08-2026 05:00:00",27.33853,88.614099,NH3,1,19,2
India,"Tamil Nadu",Chennai,"Royapuram, Chennai - TNPCB","04-08-2026 05:00:00",13.1036,80.2909,SO2,8,10,9
India,"Tamil Nadu",Chennai,"Velachery Res. Area, Chennai - CPCB","04-08-2026 05:00:00",13.0052189,80.2398125,PM10,65,112,93
India,"Tamil Nadu",Chennai,"Velachery Res. Area, Chennai - CPCB","04-08-2026 05:00:00",13.0052189,80.2398125,NO2,11,13,12
India,"Tamil Nadu",Chennai,"Velachery Res. Area, Chennai - CPCB","04-08-2026 05:00:00",13.0052189,80.2398125,NH3,2,3,2
India,"Tamil Nadu",Chennai,"Velachery Res. Area, Chennai - CPCB","04-08-2026 05:00:00",13.0052189,80.2398125,CO,NA,NA,NA
India,"Tamil Nadu",Chennai,"Velachery Res. Area, Chennai - CPCB","04-08-2026 05:00:00",13.0052189,80.2398125,OZONE,7,8,8
India,"Tamil Nadu",Chennai,"Arumbakkam, Chennai - TNPCB","04-08-2026 05:00:00",13.0664,80.2112,OZONE,NA,NA,NA
India,"Tamil Nadu",Chennai,"Manali Village, Chennai - TNPCB","04-08-2026 05:00:00",13.1662,80.2584,CO,34,38,36
India,"Tamil Nadu",Chennai,"Kodungaiyur, Chennai - TNPCB","04-08-2026 05:00:00",13.1278,80.2642,PM2.5,22,71,41
India,"Tamil Nadu",Chennai,"Kodungaiyur, Chennai - TNPCB","04-08-2026 05:00:00",13.1278,80.2642,NH3,3,5,4
India,"Tamil Nadu",Chennai,"Perungudi, Chennai - TNPCB","04-08-2026 05:00:00",12.9533,80.2357,CO,26,46,38
India,"Tamil Nadu",Coimbatore,"SIDCO Kurichi, Coimbatore - TNPCB","04-08-2026 05:00:00",10.942451,76.978996,CO,11,13,12
India,"Tamil Nadu",Cuddalore,"Semmandalam, Cuddalore - TNPCB","04-08-2026 05:00:00",11.7637683,79.7499835,PM10,NA,NA,NA
India,"Tamil Nadu",Cuddalore,"Semmandalam, Cuddalore - TNPCB","04-08-2026 05:00:00",11.7637683,79.7499835,SO2,NA,NA,NA
India,"Tamil Nadu",Cuddalore,"Semmandalam, Cuddalore - TNPCB","04-08-2026 05:00:00",11.7637683,79.7499835,CO,NA,NA,NA
India,"Tamil Nadu",Cuddalore,"Semmandalam, Cuddalore - TNPCB","04-08-2026 05:00:00",11.7637683,79.7499835,OZONE,1,2,1
India,"Tamil Nadu",Gummidipoondi,"Anthoni Pillai Nagar, Gummidipoondi - TNPCB","04-08-2026 05:00:00",13.4127,80.1081,PM10,63,363,111
India,"Tamil Nadu",Gummidipoondi,"Anthoni Pillai Nagar, Gummidipoondi - TNPCB","04-08-2026 05:00:00",13.4127,80.1081,NH3,0,1,1
India,"Tamil Nadu",Gummidipoondi,"Anthoni Pillai Nagar, Gummidipoondi - TNPCB","04-08-2026 05:00:00",13.4127,80.1081,CO,NA,NA,NA
India,"Tamil Nadu",Madurai,"Uchapatti, Madurai - TNPCB","04-08-2026 05:00:00",9.865935,78.022669,NO2,0,10,7
India,"Tamil Nadu",Thoothukudi,"Meelavittan, Thoothukudi - TNPCB","04-08-2026 05:00:00",8.816428,78.099039,NH3,NA,NA,NA
India,Telangana,Hyderabad,"Zoo Park, Hyderabad - TSPCB","04-08-2026 05:00:00",17.349694,78.451437,CO,29,56,44
India,Telangana,Hyderabad,"Central University, Hyderabad - TSPCB","04-08-2026 05:00:00",17.460103,78.334361,NO2,2,27,14
India,"Uttar Pradesh",Baghpat,"Sardar Patel Inter College, Baghpat - UPPCB","04-08-2026 05:00:00",28.964949,77.278761,CO,15,19,17
India,"Uttar Pradesh",Bareilly,"Civil Lines, Bareilly - UPPCB","04-08-2026 05:00:00",28.359581,79.414455,NO2,8,9,8
India,"Uttar Pradesh",Bareilly,"Civil Lines, Bareilly - UPPCB","04-08-2026 05:00:00",28.359581,79.414455,SO2,19,65,40
India,"Uttar Pradesh","Fatehpur Sikri","Dadupura, Fatehpur Sikri - UPPCB","04-08-2026 05:00:00",27.097694,77.671335,PM10,28,31,29
India,"Uttar Pradesh","Fatehpur Sikri","Dadupura, Fatehpur Sikri - UPPCB","04-08-2026 05:00:00",27.097694,77.671335,OZONE,7,19,14
India,"Uttar Pradesh",Firozabad,"Nagla Bhau, Firozabad - UPPCB","04-08-2026 05:00:00",27.168897,78.37696,CO,12,18,15
India,"Uttar Pradesh",Gajraula,"Rajanpur, Gajraula - UPPCB","04-08-2026 05:00:00",28.829109,78.248796,CO,NA,NA,NA
India,"Uttar Pradesh",Ghaziabad,"Ved Vihar-Loni, Ghaziabad - UPPCB","04-08-2026 05:00:00",28.739153,77.273668,SO2,6,7,7
India,"Uttar Pradesh",Ghaziabad,"Ved Vihar-Loni, Ghaziabad - UPPCB","04-08-2026 05:00:00",28.739153,77.273668,CO,111,116,114
India,"Uttar Pradesh",Ghaziabad,"Indirapuram, Ghaziabad - UPPCB","04-08-2026 05:00:00",28.646233,77.358075,PM10,19,141,69
India,"Uttar Pradesh",Ghaziabad,"Indirapuram, Ghaziabad - UPPCB","04-08-2026 05:00:00",28.646233,77.358075,NH3,2,20,10
India,Rajasthan,Kota,"Dhanmandi, Kota - RSPCB","04-08-2026 05:00:00",25.16409,75.858137,PM2.5,7,43,22
India,Rajasthan,Kota,"Dhanmandi, Kota - RSPCB","04-08-2026 05:00:00",25.16409,75.858137,NO2,8,29,14
India,Rajasthan,Kota,"Shrinath Puram, Kota - RSPCB","04-08-2026 05:00:00",25.14389,75.821256,PM10,41,74,51
India,Rajasthan,Kota,"Shrinath Puram, Kota - RSPCB","04-08-2026 05:00:00",25.14389,75.821256,SO2,6,8,7
India,Rajasthan,Nagaur,"Karni Colony, Nagaur - RSPCB","04-08-2026 05:00:00",27.213494,73.734444,NH3,3,7,4
India,Rajasthan,Pali,"Indira Colony Vistar, Pali - RSPCB","04-08-2026 05:00:00",25.771061,73.340227,NO2,13,23,18
India,Rajasthan,Rajsamand,"Dhoinda, Rajsamand - RSPCB","04-08-2026 05:00:00",25.03636,73.883502,PM2.5,5,75,31
India,Rajasthan,Rajsamand,"Dhoinda, Rajsamand - RSPCB","04-08-2026 05:00:00",25.03636,73.883502,NH3,9,13,10
India,Rajasthan,"Sawai Madhopur","Sahu Nagar, Sawai Madhopur - RSPCB","04-08-2026 05:00:00",26.031443,76.359327,SO2,0,7,4
India,Rajasthan,Sirohi,"Vedhaynath Colony, Sirohi - RSPCB","04-08-2026 05:00:00",24.885261,72.857549,NH3,6,7,6
India,Rajasthan,Sirohi,"Vedhaynath Colony, Sirohi - RSPCB","04-08-2026 05:00:00",24.885261,72.857549,CO,6,11,8
India,Rajasthan,Sirohi,"Vedhaynath Colony, Sirohi - RSPCB","04-08-2026 05:00:00",24.885261,72.857549,OZONE,14,36,24
India,Rajasthan,Jhunjhunu,"Indra Nagar, Jhunjhunu - RSPCB","04-08-2026 05:00:00",28.108988,75.386577,SO2,3,4,3
India,Rajasthan,Jodhpur,"Collectorate, Jodhpur - RSPCB","04-08-2026 05:00:00",26.268249,73.0193853,PM10,30,107,76
India,Rajasthan,Jodhpur,"Collectorate, Jodhpur - RSPCB","04-08-2026 05:00:00",26.268249,73.0193853,CO,5,68,34
India,Rajasthan,Jodhpur,"Samrat Ashok Udhyan, Jodhpur - RSPCB","04-08-2026 05:00:00",26.253384,72.976571,PM2.5,22,65,44
India,Rajasthan,Jodhpur,"Samrat Ashok Udhyan, Jodhpur - RSPCB","04-08-2026 05:00:00",26.253384,72.976571,CO,8,13,10
India,Rajasthan,Jodhpur,"Mandor, Jodhpur - RSPCB","04-08-2026 05:00:00",26.358805,73.047444,NO2,2,19,7
India,Rajasthan,Jodhpur,"Digari Kalan, Jodhpur - RSPCB","04-08-2026 05:00:00",26.29581,73.082283,NO2,12,41,19
India,Rajasthan,Jodhpur,"Digari Kalan, Jodhpur - RSPCB","04-08-2026 05:00:00",26.29581,73.082283,SO2,1,6,3
India,Rajasthan,Karauli,"Satyawati Vihar, Karauli - RSPCB","04-08-2026 05:00:00",26.506177,77.025989,NH3,6,21,13
India,Rajasthan,Karauli,"Satyawati Vihar, Karauli - RSPCB","04-08-2026 05:00:00",26.506177,77.025989,CO,6,14,9
India,"Uttar Pradesh",Hapur,"Anand Vihar, Hapur - UPPCB","04-08-2026 05:00:00",28.725645,77.749675,PM10,24,57,39
India,"Uttar Pradesh",Kanpur,"NSI Kalyanpur, Kanpur - UPPCB","04-08-2026 05:00:00",26.509954,80.249612,SO2,22,29,25
India,"Uttar Pradesh",Kanpur,"Nehru Nagar, Kanpur - UPPCB","04-08-2026 05:00:00",26.4703136,80.3229863,NH3,NA,NA,NA
India,"Uttar Pradesh",Kanpur,"Nehru Nagar, Kanpur - UPPCB","04-08-2026 05:00:00",26.4703136,80.3229863,OZONE,2,2,2
India,"Uttar Pradesh",Kanpur,"FTI Kidwai Nagar, Kanpur - UPPCB","04-08-2026 05:00:00",26.428282,80.327067,NH3,3,3,3
India,"Uttar Pradesh",Khora,"Prashant Garden, Khora - UPPCB","04-08-2026 05:00:00",28.61119,77.34206,NO2,22,27,25
India,"Uttar Pradesh",Khora,"Prashant Garden, Khora - UPPCB","04-08-2026 05:00:00",28.61119,77.34206,SO2,NA,NA,NA
India,"Uttar Pradesh",Khurja,"Kalindi Kunj, Khurja - UPPCB","04-08-2026 05:00:00",28.2348927,77.8683002,PM10,29,138,61
India,"Uttar Pradesh",Lucknow,"Kukrail Picnic Spot-1, Lucknow - UPPCB","04-08-2026 05:00:00",26.90723,80.98579,OZONE,9,9,9
India,"Uttar Pradesh",Lucknow,"B R Ambedkar University, Lucknow - UPPCB","04-08-2026 05:00:00",26.766433,80.927299,OZONE,17,58,32
India,"Uttar Pradesh",Lucknow,"Kendriya Vidyalaya, Lucknow - CPCB","04-08-2026 05:00:00",26.906111,80.948222,PM10,42,74,56
India,"Uttar Pradesh",Lucknow,"Talkatora District Industries Center, Lucknow - CPCB","04-08-2026 05:00:00",26.83399722,80.8917361,PM2.5,12,46,31
India,"Uttar Pradesh",Lucknow,"Talkatora District Industries Center, Lucknow - CPCB","04-08-2026 05:00:00",26.83399722,80.8917361,PM10,34,58,49
India,"Uttar Pradesh",Mathura,"Pali Dungra, Mathura - UPPCB","04-08-2026 05:00:00",27.410954,77.550619,PM10,19,37,26
India,"Uttar Pradesh",Mathura,"Pali Dungra, Mathura - UPPCB","04-08-2026 05:00:00",27.410954,77.550619,NH3,1,2,1
India,"Uttar Pradesh",Meerut,"Pallavpuram Phase 2, Meerut - UPPCB","04-08-2026 05:00:00",29.06351,77.709723,PM2.5,43,91,68
India,"Uttar Pradesh",Meerut,"Pallavpuram Phase 2, Meerut - UPPCB","04-08-2026 05:00:00",29.06351,77.709723,SO2,3,30,15
India,"Uttar Pradesh",Meerut,"Ganga Nagar, Meerut - UPPCB","04-08-2026 05:00:00",28.999264,77.7590354,PM10,26,62,46
India,"Uttar Pradesh",Meerut,"Ganga Nagar, Meerut - UPPCB","04-08-2026 05:00:00",28.999264,77.7590354,NH3,8,9,9
India,"Uttar Pradesh",Meerut,"Ganga Nagar, Meerut - UPPCB","04-08-2026 05:00:00",28.999264,77.7590354,CO,39,51,43
India,"Uttar Pradesh",Meerut,"Ganga Nagar, Meerut - UPPCB","04-08-2026 05:00:00",28.999264,77.7590354,OZONE,17,54,29
India,"Uttar Pradesh",Meerut,"Jai Bhim Nagar, Meerut - UPPCB","04-08-2026 05:00:00",28.9535882,77.7622941,NH3,4,15,8
India,"Uttar Pradesh",Modinagar,"SRM University, Modinagar - UPPCB","04-08-2026 05:00:00",28.798171,77.540243,PM10,NA,NA,NA
India,"Uttar Pradesh",Moradabad,"Eco Herbal Park, Moradabad - UPPCB","04-08-2026 05:00:00",28.840739,78.697531,PM2.5,10,71,36
India,"Uttar Pradesh",Moradabad,"Eco Herbal Park, Moradabad - UPPCB","04-08-2026 05:00:00",28.840739,78.697531,NH3,5,9,7
India,"Uttar Pradesh",Moradabad,"Buddhi Vihar, Moradabad - UPPCB","04-08-2026 05:00:00",28.83526,78.7446,OZONE,20,29,25
India,"Uttar Pradesh",Moradabad,"Transport Nagar, Moradabad - UPPCB","04-08-2026 05:00:00",28.802625,78.753728,SO2,19,20,19
India,"Uttar Pradesh",Noida,"Sector-116, Noida - UPPCB","04-08-2026 05:00:00",28.56923,77.393848,NO2,8,37,17
India,"Uttar Pradesh",Noida,"Sector - 62, Noida - IITM","04-08-2026 05:00:00",28.6245479,77.3577104,SO2,NA,NA,NA
India,"Uttar Pradesh",Noida,"Sector - 125, Noida - UPPCB","04-08-2026 05:00:00",28.5447608,77.3231257,NO2,2,18,7
India,"Uttar Pradesh",Noida,"Sector - 125, Noida - UPPCB","04-08-2026 05:00:00",28.5447608,77.3231257,CO,6,37,18
India,"Uttar Pradesh",Prayagraj,"Jhunsi, Prayagraj - UPPCB","04-08-2026 05:00:00",25.425602,81.917152,PM2.5,NA,NA,NA
India,"Uttar Pradesh",Prayagraj,"Nagar Nigam, Prayagraj - UPPCB","04-08-2026 05:00:00",25.44919916,81.82735986,PM2.5,1,14,8
India,"Uttar Pradesh",Prayagraj,"Nagar Nigam, Prayagraj - UPPCB","04-08-2026 05:00:00",25.44919916,81.82735986,OZONE,15,16,15
India,"Uttar Pradesh",Raebareli," Indira Nagar, Raebareli - NTPC Unchahar","04-08-2026 05:00:00",26.207781,81.245571,OZONE,1,8,3
India,"Uttar Pradesh",Shamli,"New Tehsil, Shamli - UPPCB","04-08-2026 05:00:00",29.4603683,77.3410291,PM2.5,12,48,28
India,"Uttar Pradesh",Varanasi,"Maldahiya, Varanasi - UPPCB","04-08-2026 05:00:00",25.32393,82.99687,PM10,21,102,53
India,"Uttar Pradesh",Varanasi,"Bhelupur, Varanasi - UPPCB","04-08-2026 05:00:00",25.301778,82.996789,PM2.5,7,71,36
India,"Uttar Pradesh",Varanasi,"Bhelupur, Varanasi - UPPCB","04-08-2026 05:00:00",25.301778,82.996789,PM10,9,82,42
India,"Uttar Pradesh",Varanasi,"Bhelupur, Varanasi - UPPCB","04-08-2026 05:00:00",25.301778,82.996789,NH3,1,1,1
India,"Uttar Pradesh",Varanasi,"Ardhali Bazar, Varanasi - UPPCB","04-08-2026 05:00:00",25.3505986,82.9083074,NH3,NA,NA,NA
India,"Uttar Pradesh",Varanasi,"Ardhali Bazar, Varanasi - UPPCB","04-08-2026 05:00:00",25.3505986,82.9083074,SO2,11,18,14
India,"Uttar Pradesh",Varanasi,"Ardhali Bazar, Varanasi - UPPCB","04-08-2026 05:00:00",25.3505986,82.9083074,CO,17,17,17
India,"Uttar Pradesh",Vrindavan,"Omex Eternity, Vrindavan - UPPCB","04-08-2026 05:00:00",27.571409,77.655757,PM2.5,15,144,41
India,Uttarakhand,Dehradun,"Doon University, Dehradun - UKPCB","04-08-2026 05:00:00",30.269444,78.044167,PM2.5,8,68,43
India,Uttarakhand,Dehradun,"Doon University, Dehradun - UKPCB","04-08-2026 05:00:00",30.269444,78.044167,PM10,9,59,39
India,Uttarakhand,Kashipur,"Govt. Girls Inter College, Kashipur - UKPCB","04-08-2026 05:00:00",29.2124114,78.9611753,NH3,NA,NA,NA
India,Uttarakhand,Kashipur,"Govt. Girls Inter College, Kashipur - UKPCB","04-08-2026 05:00:00",29.2124114,78.9611753,OZONE,9,13,11
India,Uttarakhand,Rishikesh,"Shivaji Nagar, Rishikesh - UKPCB","04-08-2026 05:00:00",30.075911,78.2859547,PM10,4,13,7
India,Uttarakhand,Rishikesh,"Shivaji Nagar, Rishikesh - UKPCB","04-08-2026 05:00:00",30.075911,78.2859547,SO2,1,1,1
India,"West Bengal",Asansol,"Evelyn Lodge, Asansol - WBPCB","04-08-2026 05:00:00",23.697936,86.944395,PM10,32,82,54
India,"West Bengal",Asansol,"Evelyn Lodge, Asansol - WBPCB","04-08-2026 05:00:00",23.697936,86.944395,SO2,75,76,76
India,"West Bengal",Asansol,"Evelyn Lodge, Asansol - WBPCB","04-08-2026 05:00:00",23.697936,86.944395,CO,1,20,10
India,"West Bengal",Asansol,"Mahabir Colliery, Asansol - WBPCB","04-08-2026 05:00:00",23.618183,87.105718,NH3,0,1,0
India,"West Bengal",Asansol,"Mahabir Colliery, Asansol - WBPCB","04-08-2026 05:00:00",23.618183,87.105718,OZONE,8,9,9
India,"West Bengal",Asansol,"Asansol Court Area, Asansol - WBPCB","04-08-2026 05:00:00",23.685297,86.945968,NH3,3,9,5
India,"West Bengal",Asansol,"Asansol Court Area, Asansol - WBPCB","04-08-2026 05:00:00",23.685297,86.945968,SO2,3,22,12
India,"West Bengal",Durgapur,"Womens College_City Center, Durgapur - WBPCB","04-08-2026 05:00:00",23.549395,87.300496,PM10,48,139,93
India,"West Bengal",Durgapur,"Womens College_City Center, Durgapur - WBPCB","04-08-2026 05:00:00",23.549395,87.300496,NH3,3,5,4
India,"West Bengal",Durgapur,"Womens College_City Center, Durgapur - WBPCB","04-08-2026 05:00:00",23.549395,87.300496,SO2,12,12,12
India,"West Bengal",Durgapur,"Womens College_City Center, Durgapur - WBPCB","04-08-2026 05:00:00",23.549395,87.300496,OZONE,5,11,8
India,"West Bengal",Durgapur,"PCBL Residential Complex, Durgapur - WBPCB","04-08-2026 05:00:00",23.508764,87.35444,SO2,11,12,11
India,"West Bengal",Howrah,"Ghusuri, Howrah - WBPCB","04-08-2026 05:00:00",22.611968,88.347422,PM2.5,38,128,72
India,"West Bengal",Howrah,"Ghusuri, Howrah - WBPCB","04-08-2026 05:00:00",22.611968,88.347422,NH3,3,4,4
India,"West Bengal",Howrah,"Ghusuri, Howrah - WBPCB","04-08-2026 05:00:00",22.611968,88.347422,CO,7,44,21
India,"West Bengal",Howrah,"Ghusuri, Howrah - WBPCB","04-08-2026 05:00:00",22.611968,88.347422,OZONE,17,21,20
India,"West Bengal",Howrah,"Dasnagar, Howrah - WBPCB","04-08-2026 05:00:00",22.6025571,88.3105664,PM2.5,28,109,59
India,"West Bengal",Howrah,"Dasnagar, Howrah - WBPCB","04-08-2026 05:00:00",22.6025571,88.3105664,PM10,32,101,55
India,"West Bengal",Howrah,"Dasnagar, Howrah - WBPCB","04-08-2026 05:00:00",22.6025571,88.3105664,NH3,1,7,2
India,"West Bengal",Howrah,"Padmapukur, Howrah - WBPCB","04-08-2026 05:00:00",22.5687319,88.2797276,PM10,42,72,56
India,"West Bengal",Howrah,"Padmapukur, Howrah - WBPCB","04-08-2026 05:00:00",22.5687319,88.2797276,NH3,3,11,8
India,"West Bengal",Howrah,"Botanical Garden, Howrah - WBPCB","04-08-2026 05:00:00",22.554954,88.292568,PM2.5,23,54,41
India,"West Bengal",Howrah,"Belur Math, Howrah - WBPCB","04-08-2026 05:00:00",22.629801,88.352017,NH3,4,5,4
India,"West Bengal",Howrah,"Belur Math, Howrah - WBPCB","04-08-2026 05:00:00",22.629801,88.352017,SO2,6,8,7
India,"West Bengal",Howrah,"Belur Math, Howrah - WBPCB","04-08-2026 05:00:00",22.629801,88.352017,CO,11,45,24
India,"West Bengal",Kolkata,"Fort William, Kolkata - WBPCB","04-08-2026 05:00:00",22.55664,88.342674,PM2.5,30,68,49
India,"West Bengal",Kolkata,"Fort William, Kolkata - WBPCB","04-08-2026 05:00:00",22.55664,88.342674,NO2,17,40,25
India,"West Bengal",Kolkata,"Fort William, Kolkata - WBPCB","04-08-2026 05:00:00",22.55664,88.342674,SO2,5,6,5
India,"West Bengal",Kolkata,"Ballygunge, Kolkata - WBPCB","04-08-2026 05:00:00",22.5367507,88.3638022,PM10,46,83,63
India,"West Bengal",Kolkata,"Ballygunge, Kolkata - WBPCB","04-08-2026 05:00:00",22.5367507,88.3638022,NO2,18,90,39
India,"West Bengal",Kolkata,"Ballygunge, Kolkata - WBPCB","04-08-2026 05:00:00",22.5367507,88.3638022,CO,18,60,30
India,"West Bengal",Kolkata,"Rabindra Sarobar, Kolkata - WBPCB","04-08-2026 05:00:00",22.51106,88.35142,PM2.5,26,53,36
India,"West Bengal",Kolkata,"Rabindra Sarobar, Kolkata - WBPCB","04-08-2026 05:00:00",22.51106,88.35142,OZONE,NA,NA,NA
India,"West Bengal",Kolkata,"Jadavpur, Kolkata - WBPCB","04-08-2026 05:00:00",22.49929,88.36917,SO2,5,6,5
India,"West Bengal",Kolkata,"Jadavpur, Kolkata - WBPCB","04-08-2026 05:00:00",22.49929,88.36917,CO,36,40,38
India,"West Bengal",Kolkata,"Rabindra Bharati University, Kolkata - WBPCB","04-08-2026 05:00:00",22.627847,88.380669,SO2,7,10,9
India,"West Bengal",Kolkata,"Bidhannagar, Kolkata - WBPCB","04-08-2026 05:00:00",22.58157048,88.41002457,NH3,5,6,6
India,"Andhra Pradesh",Machilipatnam,"Srinivas Nagar Colony, Machilipatnam - APPCB","04-08-2026 05:00:00",16.186555,81.13219,CO,22,44,28
India,"Andhra Pradesh",Nellore,"Ambedkar Nagar, Nellore - APPCB ","04-08-2026 05:00:00",14.438164,79.966814,NH3,5,7,6
India,"Andhra Pradesh",Rajamahendravaram,"Anand Kala Kshetram, Rajamahendravaram - APPCB","04-08-2026 05:00:00",16.9872867,81.7363176,PM2.5,14,42,28
India,"Andhra Pradesh",Rajamahendravaram,"Anand Kala Kshetram, Rajamahendravaram - APPCB","04-08-2026 05:00:00",16.9872867,81.7363176,NO2,2,18,7
India,"Andhra Pradesh",Rajamahendravaram,"Anand Kala Kshetram, Rajamahendravaram - APPCB","04-08-2026 05:00:00",16.9872867,81.7363176,SO2,4,6,5
India,"Andhra Pradesh",Tirumala,"Toll Gate, Tirumala - APPCB","04-08-2026 05:00:00",13.67,79.35,PM2.5,9,36,24
India,"Andhra Pradesh",Tirupati,"Vaikuntapuram, Tirupati - APPCB","04-08-2026 05:00:00",13.615387,79.40923,SO2,6,18,13
India,"Andhra Pradesh",Tirupati,"Vaikuntapuram, Tirupati - APPCB","04-08-2026 05:00:00",13.615387,79.40923,CO,19,23,21
India,"Andhra Pradesh",Tirupati,"Vaikuntapuram, Tirupati - APPCB","04-08-2026 05:00:00",13.615387,79.40923,OZONE,44,45,44
India,Bihar,Patna,"Govt. High School Shikarpur, Patna - BSPCB","04-08-2026 05:00:00",25.592539,85.227158,NH3,6,6,6
India,Bihar,Patna,"Govt. High School Shikarpur, Patna - BSPCB","04-08-2026 05:00:00",25.592539,85.227158,SO2,12,13,12
India,Bihar,Saharsa,"Police Line, Saharsa - BSPCB","04-08-2026 05:00:00",25.892357,86.590325,NO2,6,8,7
India,Bihar,Samastipur,"DM Office_Kasipur, Samastipur - BSPCB","04-08-2026 05:00:00",25.859655,85.77944,PM10,9,246,46
India,Bihar,Sasaram,"Dada Peer, Sasaram - BSPCB","04-08-2026 05:00:00",24.952822,84.002396,SO2,1,5,3
India,Bihar,Siwan,"Chitragupta Nagar, Siwan - BSPCB","04-08-2026 05:00:00",26.2271665,84.3570427,PM2.5,75,85,78
India,Chandigarh,Chandigarh,"Sector-53, Chandigarh - CPCC","04-08-2026 05:00:00",30.719859,76.738637,CO,27,83,47
India,"Andhra Pradesh",Chittoor,"Gangineni Cheruvu, Chittoor - APPCB","04-08-2026 05:00:00",13.20488,79.097889,PM10,57,75,66
India,"Andhra Pradesh",Eluru,"District Court, Eluru - APPCB","04-08-2026 05:00:00",16.711754,81.092095,PM2.5,44,65,54
India,"Andhra Pradesh",Eluru,"District Court, Eluru - APPCB","04-08-2026 05:00:00",16.711754,81.092095,PM10,48,70,58
India,"Andhra Pradesh",Eluru,"District Court, Eluru - APPCB","04-08-2026 05:00:00",16.711754,81.092095,SO2,11,18,13
India,"Andhra Pradesh",Guntur,"Rajendra Nagar North, Guntur - APPCB","04-08-2026 05:00:00",16.316553,80.413302,NO2,17,73,31
India,"Andhra Pradesh",Guntur,"Rajendra Nagar North, Guntur - APPCB","04-08-2026 05:00:00",16.316553,80.413302,SO2,10,15,12
India,"Andhra Pradesh",Guntur,"Rajendra Nagar North, Guntur - APPCB","04-08-2026 05:00:00",16.316553,80.413302,CO,13,35,21
India,"Andhra Pradesh",Kadapa,"Yerramukkapalli, Kadapa - APPCB","04-08-2026 05:00:00",14.465052,78.824187,PM2.5,47,73,59
India,"Andhra Pradesh",Kadapa,"Yerramukkapalli, Kadapa - APPCB","04-08-2026 05:00:00",14.465052,78.824187,NH3,6,19,13
India,Assam,Guwahati,"Railway Colony, Guwahati - PCBA","04-08-2026 05:00:00",26.181742,91.78063,NH3,1,1,1
India,Assam,Guwahati,"Railway Colony, Guwahati - PCBA","04-08-2026 05:00:00",26.181742,91.78063,CO,1,10,5
India,Assam,Nagaon,"Christianpatty, Nagaon - PCBA","04-08-2026 05:00:00",26.349082,92.68449,PM10,34,86,53
India,Assam,Nagaon,"Christianpatty, Nagaon - PCBA","04-08-2026 05:00:00",26.349082,92.68449,SO2,2,15,12
India,Assam,Silchar,"Tarapur, Silchar - PCBA","04-08-2026 05:00:00",24.82827,92.79525,OZONE,2,2,2
India,Bihar,Araria,"Kharahiya Basti, Araria - BSPCB","04-08-2026 05:00:00",26.146529,87.454184,PM10,33,41,37
India,Bihar,Araria,"Kharahiya Basti, Araria - BSPCB","04-08-2026 05:00:00",26.146529,87.454184,CO,7,18,12
India,"Arunachal Pradesh",Naharlagun,"Naharlagun, Naharlagun - APSPCB","04-08-2026 05:00:00",27.103358,93.679645,NH3,1,1,1
India,"Arunachal Pradesh",Naharlagun,"Naharlagun, Naharlagun - APSPCB","04-08-2026 05:00:00",27.103358,93.679645,SO2,10,12,11
India,Assam,Guwahati,"IITG, Guwahati - PCBA","04-08-2026 05:00:00",26.2028636,91.70046436,SO2,31,33,32
India,Assam,Guwahati,"LGBI Airport, Guwahati - PCBA","04-08-2026 05:00:00",26.10887,91.589544,OZONE,32,50,39
India,Assam,Guwahati,"Railway Colony, Guwahati - PCBA","04-08-2026 05:00:00",26.181742,91.78063,PM2.5,5,65,40
India,"Andhra Pradesh",Vijayawada,"Rajiv Gandhi Park, Vijayawada - APPCB","04-08-2026 05:00:00",16.509717,80.612222,PM10,45,76,62
India,"Andhra Pradesh",Vijayawada,"Rajiv Gandhi Park, Vijayawada - APPCB","04-08-2026 05:00:00",16.509717,80.612222,NO2,16,30,26
India,"Andhra Pradesh",Vijayawada,"Rajiv Gandhi Park, Vijayawada - APPCB","04-08-2026 05:00:00",16.509717,80.612222,NH3,2,7,4
India,"Andhra Pradesh",Vijayawada,"Rajiv Nagar, Vijayawada - APPCB","04-08-2026 05:00:00",16.554731,80.64911,OZONE,26,26,26
India,"Arunachal Pradesh",Naharlagun,"Naharlagun, Naharlagun - APSPCB","04-08-2026 05:00:00",27.103358,93.679645,PM2.5,0,47,15
India,Bihar,Gaya,"SFTI Kusdihra, Gaya - BSPCB","04-08-2026 05:00:00",24.762518,84.982348,PM10,34,53,41
India,Bihar,Kishanganj,"SDM Office_Khagra, Kishanganj - BSPCB","04-08-2026 05:00:00",26.0881305,87.93840336,NH3,3,3,3
India,Bihar,Kishanganj,"SDM Office_Khagra, Kishanganj - BSPCB","04-08-2026 05:00:00",26.0881305,87.93840336,CO,13,14,14
India,Bihar,Kishanganj,"SDM Office_Khagra, Kishanganj - BSPCB","04-08-2026 05:00:00",26.0881305,87.93840336,OZONE,32,33,33
India,Bihar,Motihari,"Gandak Colony, Motihari - BSPCB","04-08-2026 05:00:00",26.63086,84.90051,NH3,NA,NA,NA
India,Bihar,Arrah,"New DM Office, Arrah - BSPCB","04-08-2026 05:00:00",25.5626095,84.663264,PM10,NA,NA,NA
India,Bihar,Begusarai,"Lohiyanagar, Begusarai - BSPCB","04-08-2026 05:00:00",25.42742023,86.13886079,PM2.5,7,70,30
India,Bihar,Begusarai,"Lohiyanagar, Begusarai - BSPCB","04-08-2026 05:00:00",25.42742023,86.13886079,CO,2,5,4
India,Bihar,Munger,"Town Hall, Munger - BSPCB","04-08-2026 05:00:00",25.376776,86.471523,NO2,7,8,7
India,Bihar,Munger,"Town Hall, Munger - BSPCB","04-08-2026 05:00:00",25.376776,86.471523,NH3,2,3,3
India,Bihar,Patna,"Muradpur, Patna - BSPCB","04-08-2026 05:00:00",25.619651,85.147382,PM2.5,18,46,32
India,"Andhra Pradesh",Machilipatnam,"Srinivas Nagar Colony, Machilipatnam - APPCB","04-08-2026 05:00:00",16.186555,81.13219,NH3,4,5,5
India,Delhi,Delhi,"Vivek Vihar, Delhi - DPCC","04-08-2026 05:00:00",28.672342,77.31526,PM2.5,23,65,44
India,Delhi,Delhi,"Vivek Vihar, Delhi - DPCC","04-08-2026 05:00:00",28.672342,77.31526,OZONE,6,30,19
India,Delhi,Delhi,"Rohini, Delhi - DPCC","04-08-2026 05:00:00",28.732528,77.11992,NH3,6,15,8
India,Delhi,Delhi,"Okhla Phase-2, Delhi - DPCC","04-08-2026 05:00:00",28.530785,77.271255,PM2.5,15,57,35
India,Delhi,Delhi,"Okhla Phase-2, Delhi - DPCC","04-08-2026 05:00:00",28.530785,77.271255,SO2,8,10,9
India,Delhi,Delhi,"Bawana, Delhi - DPCC","04-08-2026 05:00:00",28.7762,77.051074,CO,68,85,78
India,Delhi,Delhi,"Bawana, Delhi - DPCC","04-08-2026 05:00:00",28.7762,77.051074,OZONE,5,8,6
India,Delhi,Delhi,"Sonia Vihar, Delhi - DPCC","04-08-2026 05:00:00",28.710508,77.249485,PM10,46,137,83
India,Delhi,Delhi,"Sonia Vihar, Delhi - DPCC","04-08-2026 05:00:00",28.710508,77.249485,OZONE,15,95,39
India,Delhi,Delhi,"Major Dhyan Chand National Stadium, Delhi - DPCC","04-08-2026 05:00:00",28.611281,77.237738,NO2,10,26,13
India,Delhi,Delhi,"Major Dhyan Chand National Stadium, Delhi - DPCC","04-08-2026 05:00:00",28.611281,77.237738,CO,20,37,26
India,Delhi,Delhi,"Narela, Delhi - DPCC","04-08-2026 05:00:00",28.822836,77.101981,PM2.5,10,68,41
India,Delhi,Delhi,"Narela, Delhi - DPCC","04-08-2026 05:00:00",28.822836,77.101981,NO2,5,28,12
India,Delhi,Delhi,"Wazirpur, Delhi - DPCC","04-08-2026 05:00:00",28.699793,77.165453,OZONE,13,15,14
India,Delhi,Delhi,"Jawaharlal Nehru Stadium, Delhi - DPCC","04-08-2026 05:00:00",28.58028,77.233829,OZONE,25,35,28
India,Delhi,Delhi,"Patparganj, Delhi - DPCC","04-08-2026 05:00:00",28.623763,77.287209,NO2,14,24,18
India,Delhi,Delhi,"Patparganj, Delhi - DPCC","04-08-2026 05:00:00",28.623763,77.287209,CO,32,46,40
India,Delhi,Delhi,"Nehru Nagar, Delhi - DPCC","04-08-2026 05:00:00",28.56789,77.250515,PM2.5,3,77,44
India,Delhi,Delhi,"Nehru Nagar, Delhi - DPCC","04-08-2026 05:00:00",28.56789,77.250515,PM10,49,115,91
India,Delhi,Delhi,"Nehru Nagar, Delhi - DPCC","04-08-2026 05:00:00",28.56789,77.250515,NO2,19,39,27
India,Delhi,Delhi,"Sri Aurobindo Marg, Delhi - DPCC","04-08-2026 05:00:00",28.531346,77.190156,SO2,2,28,16
India,Delhi,Delhi,"Sri Aurobindo Marg, Delhi - DPCC","04-08-2026 05:00:00",28.531346,77.190156,CO,38,72,55
India,Delhi,Delhi,"IHBAS, Dilshad Garden, Delhi - CPCB","04-08-2026 05:00:00",28.6811736,77.3025234,SO2,7,24,17
India,Delhi,Delhi,"IHBAS, Dilshad Garden, Delhi - CPCB","04-08-2026 05:00:00",28.6811736,77.3025234,CO,8,16,10
India,Delhi,Delhi,"IHBAS, Dilshad Garden, Delhi - CPCB","04-08-2026 05:00:00",28.6811736,77.3025234,OZONE,2,5,3
India,Chhattisgarh,Tumidih,"OP Jindal Industrial Park, Tumidih - CECB","04-08-2026 05:00:00",22.06631475,83.33820077,PM2.5,16,46,28
India,Delhi,Delhi,"ITO, Delhi - CPCB","04-08-2026 05:00:00",28.628624,77.24106,NH3,1,7,5
India,Delhi,Delhi,"ITO, Delhi - CPCB","04-08-2026 05:00:00",28.628624,77.24106,OZONE,14,19,16
India,Delhi,Delhi,"NSUT Jaffarpur, Delhi - DPCC","04-08-2026 05:00:00",28.594004,76.909423,PM10,44,85,62
India,Delhi,Delhi,"NSUT Jaffarpur, Delhi - DPCC","04-08-2026 05:00:00",28.594004,76.909423,OZONE,8,20,12
India,Delhi,Delhi,"Punjabi Bagh, Delhi - DPCC","04-08-2026 05:00:00",28.674045,77.131023,PM2.5,2,80,42
India,Delhi,Delhi,"Punjabi Bagh, Delhi - DPCC","04-08-2026 05:00:00",28.674045,77.131023,CO,33,55,43
India,Delhi,Delhi,"Shadipur, Delhi - CPCB","04-08-2026 05:00:00",28.6514781,77.1473105,PM10,27,53,40
India,Delhi,Delhi,"Mandir Marg, Delhi - DPCC","04-08-2026 05:00:00",28.636429,77.201067,PM2.5,17,75,46
India,Delhi,Delhi,"Mandir Marg, Delhi - DPCC","04-08-2026 05:00:00",28.636429,77.201067,NO2,15,38,23
India,Delhi,Delhi,"Mandir Marg, Delhi - DPCC","04-08-2026 05:00:00",28.636429,77.201067,OZONE,3,12,6
India,Chhattisgarh,Kunjemura,"OP Jindal School, Kunjemura - CECB","04-08-2026 05:00:00",22.12665,83.483212,PM2.5,4,27,12
India,Chhattisgarh,Kunjemura,"OP Jindal School, Kunjemura - CECB","04-08-2026 05:00:00",22.12665,83.483212,NH3,2,2,2
India,Chhattisgarh,Kunjemura,"OP Jindal School, Kunjemura - CECB","04-08-2026 05:00:00",22.12665,83.483212,SO2,5,18,13
India,Chhattisgarh,Raipur,"Krishak Nagar, Raipur - CECB","04-08-2026 05:00:00",21.237755,81.705301,PM10,11,46,29
India,Chhattisgarh,Raipur,"Krishak Nagar, Raipur - CECB","04-08-2026 05:00:00",21.237755,81.705301,CO,7,14,10
India,Chhattisgarh,Raipur,"Siltara Phase-II, Raipur - CECB","04-08-2026 05:00:00",21.371751,81.664929,PM10,23,161,65
India,Chhattisgarh,Raipur,"Siltara Phase-II, Raipur - CECB","04-08-2026 05:00:00",21.371751,81.664929,NH3,2,2,2
India,Chhattisgarh,Raipur,"Siltara Phase-II, Raipur - CECB","04-08-2026 05:00:00",21.371751,81.664929,SO2,1,34,10
India,Chhattisgarh,Raipur,"Siltara Phase-II, Raipur - CECB","04-08-2026 05:00:00",21.371751,81.664929,CO,17,17,17
India,Chhattisgarh,Raipur,"Bhatagaon New ISBT, Raipur - CECB","04-08-2026 05:00:00",21.219665,81.630094,PM10,13,55,35
India,Chhattisgarh,Raipur,"Bhatagaon New ISBT, Raipur - CECB","04-08-2026 05:00:00",21.219665,81.630094,NH3,2,2,2
India,Chandigarh,Chandigarh,"Sector-25, Chandigarh - CPCC","04-08-2026 05:00:00",30.751462,76.762879,PM2.5,NA,NA,NA
India,Chandigarh,Chandigarh,"Sector-25, Chandigarh - CPCC","04-08-2026 05:00:00",30.751462,76.762879,NO2,2,26,8
India,Chhattisgarh,Bhilai,"Civic Center, Bhilai - Bhilai Steel Plant","04-08-2026 05:00:00",21.185571,81.343175,PM10,9,25,16
India,Chhattisgarh,Bhilai,"Civic Center, Bhilai - Bhilai Steel Plant","04-08-2026 05:00:00",21.185571,81.343175,OZONE,11,12,11
India,Chhattisgarh,Bilaspur,"Mangala, Bilaspur - NTPC","04-08-2026 05:00:00",22.08815,82.13737,CO,12,20,15
India,Chhattisgarh,Bilaspur,"Mangala, Bilaspur - NTPC","04-08-2026 05:00:00",22.08815,82.13737,OZONE,NA,NA,NA
India,Chhattisgarh,Korba,"Urja Nagar, Korba - CECB","04-08-2026 05:00:00",22.348441,82.549611,OZONE,5,5,5
India,Chhattisgarh,Korba,"Rampur, Korba - CECB","04-08-2026 05:00:00",22.368195,82.746431,PM2.5,5,37,15
India,Chhattisgarh,Korba,"Rampur, Korba - CECB","04-08-2026 05:00:00",22.368195,82.746431,NH3,1,1,1
India,Delhi,Delhi,"Pusa, Delhi - DPCC","04-08-2026 05:00:00",28.639652,77.146275,CO,47,59,53
India,Delhi,Delhi,"Sirifort, Delhi - CPCB","04-08-2026 05:00:00",28.5504249,77.2159377,SO2,21,35,26
India,Delhi,Delhi,"Chandni Chowk, Delhi - IITM","04-08-2026 05:00:00",28.656756,77.227234,NH3,3,15,7
India,Delhi,Delhi,"Chandni Chowk, Delhi - IITM","04-08-2026 05:00:00",28.656756,77.227234,OZONE,6,13,9
India,Delhi,Delhi,"IGI Airport (T3), Delhi - IITM","04-08-2026 05:00:00",28.5627763,77.1180053,PM2.5,1,59,32
India,Delhi,Delhi,"IGI Airport (T3), Delhi - IITM","04-08-2026 05:00:00",28.5627763,77.1180053,OZONE,29,54,40
India,Delhi,Delhi,"IGNOU_Maidan Garhi, Delhi - DPCC","04-08-2026 05:00:00",28.493624,77.201159,PM10,21,68,43
India,Delhi,Delhi,"Talkatora Garden, Delhi - DPCC","04-08-2026 05:00:00",28.62181,77.1944633,NH3,1,6,2
India,Delhi,Delhi,"Talkatora Garden, Delhi - DPCC","04-08-2026 05:00:00",28.62181,77.1944633,SO2,3,4,3
India,Delhi,Delhi,"Aya Nagar, Delhi - IITM","04-08-2026 05:00:00",28.4706914,77.1099364,PM2.5,3,77,40
India,Delhi,Delhi,"Aya Nagar, Delhi - IITM","04-08-2026 05:00:00",28.4706914,77.1099364,OZONE,6,27,12
India,Delhi,Delhi,"CRRI Mathura Road, Delhi - IITM","04-08-2026 05:00:00",28.5512005,77.2735737,PM10,35,114,57
India,Delhi,Delhi,"CRRI Mathura Road, Delhi - IITM","04-08-2026 05:00:00",28.5512005,77.2735737,NO2,4,45,15
India,Delhi,Delhi,"IMD Lodhi Road, Delhi - IITM","04-08-2026 05:00:00",28.5918245,77.2273074,SO2,NA,NA,NA
India,Delhi,Delhi,"JNU, Delhi - DPCC","04-08-2026 05:00:00",28.540721,77.168544,NH3,0,8,3
India,Delhi,Delhi,"Alipur, Delhi - DPCC","04-08-2026 05:00:00",28.815329,77.15301,NO2,43,86,54
India,Delhi,Delhi,"North Campus, DU, Delhi - IITM","04-08-2026 05:00:00",28.6573814,77.1585447,PM2.5,20,80,44
India,Delhi,Delhi,"R K Puram, Delhi - DPCC","04-08-2026 05:00:00",28.563262,77.186937,CO,30,50,39
India,Delhi,Delhi,"Dr. Karni Singh Shooting Range, Delhi - DPCC","04-08-2026 05:00:00",28.498571,77.26484,PM2.5,3,83,37
India,Delhi,Delhi,"DTU, Delhi - CPCB","04-08-2026 05:00:00",28.7500499,77.1112615,CO,11,27,19
India,Delhi,Delhi,"Anand Vihar, Delhi - DPCC","04-08-2026 05:00:00",28.647622,77.315809,SO2,9,30,18
India,Haryana,Narnaul,"Shastri Nagar, Narnaul - HSPCB","04-08-2026 05:00:00",28.060249,76.113115,PM2.5,30,65,43
India,Haryana,Narnaul,"Shastri Nagar, Narnaul - HSPCB","04-08-2026 05:00:00",28.060249,76.113115,SO2,2,3,3
India,Haryana,Panchgaon,"Amity University, Panchgaon - IITM","04-08-2026 05:00:00",28.3153,76.9143,PM10,2,30,9
India,Haryana,Panchkula,"Sector-6, Panchkula - HSPCB ","04-08-2026 05:00:00",30.7057778,76.8531805555555,NH3,NA,NA,NA
India,Haryana,Panipat,"Sector-18, Panipat - HSPCB","04-08-2026 05:00:00",29.432304,76.972765,PM2.5,57,60,59
India,Haryana,Panipat,"Sector-18, Panipat - HSPCB","04-08-2026 05:00:00",29.432304,76.972765,SO2,35,68,49
India,Haryana,Rohtak,"MD University, Rohtak - HSPCB","04-08-2026 05:00:00",28.52123,76.37138,PM2.5,30,75,47
India,Haryana,Rohtak,"MD University, Rohtak - HSPCB","04-08-2026 05:00:00",28.52123,76.37138,CO,28,39,35
India,Haryana,Sirsa,"F-Block, Sirsa - HSPCB","04-08-2026 05:00:00",29.5364,75.0158,NO2,19,21,20
India,Haryana,Sirsa,"F-Block, Sirsa - HSPCB","04-08-2026 05:00:00",29.5364,75.0158,SO2,7,35,21
India,Haryana,Sonipat,"Murthal, Sonipat - HSPCB","04-08-2026 05:00:00",29.0272,77.0621,CO,30,32,31
India,Haryana,Sonipat,"Murthal, Sonipat - HSPCB","04-08-2026 05:00:00",29.0272,77.0621,OZONE,9,67,22
India,Haryana,"Yamuna Nagar","Gobind Pura, Yamuna Nagar - HSPCB","04-08-2026 05:00:00",30.1480566,77.2893471,NH3,1,6,4
India,Gujarat,Nandesari,"GIDC, Nandesari - Nandesari Ind. Association","04-08-2026 05:00:00",22.410802,73.097923,OZONE,NA,NA,NA
India,Gujarat,Rajkot,"Mavdi, Rajkot - Nexteng Enviro ","04-08-2026 05:00:00",22.248853,70.776774,NO2,5,10,9
India,Gujarat,Surat,"Science Center, Surat - SMC","04-08-2026 05:00:00",21.170046,72.795405,NH3,NA,NA,NA
India,Gujarat,Surat,"Science Center, Surat - SMC","04-08-2026 05:00:00",21.170046,72.795405,SO2,16,17,17
India,Gujarat,Surat,"Katargam, Surat - Nexteng Enviro","04-08-2026 05:00:00",21.217779,72.834787,OZONE,6,6,6
India,Gujarat,Vadodara,"Bapunagar, Vadodara - Nexteng Enviro","04-08-2026 05:00:00",22.320153,73.216285,PM10,32,106,64
India,Gujarat,Vadodara,"Bapunagar, Vadodara - Nexteng Enviro","04-08-2026 05:00:00",22.320153,73.216285,SO2,9,10,9
India,Gujarat,Vapi,"Phase-1 GIDC, Vapi - GPCB","04-08-2026 05:00:00",20.362421,72.918013,CO,NA,NA,NA
India,Gujarat,Vapi,"Phase-1 GIDC, Vapi - GPCB","04-08-2026 05:00:00",20.362421,72.918013,OZONE,6,7,7
India,Gujarat,Vatva,"Phase-4 GIDC, Vatva - GPCB","04-08-2026 05:00:00",22.969611,72.6435,SO2,1,37,16
India,Gujarat,Vatva,"Phase-4 GIDC, Vatva - GPCB","04-08-2026 05:00:00",22.969611,72.6435,CO,25,26,25
India,Haryana,Ambala,"Patti Mehar, Ambala - HSPCB","04-08-2026 05:00:00",30.379589,76.778328,PM10,42,88,63
India,Haryana,Ambala,"Patti Mehar, Ambala - HSPCB","04-08-2026 05:00:00",30.379589,76.778328,OZONE,43,51,48
India,Haryana,Bahadurgarh,"Arya Nagar, Bahadurgarh - HSPCB","04-08-2026 05:00:00",28.6701,76.9254,NO2,22,28,25
India,Haryana,Bahadurgarh,"Arya Nagar, Bahadurgarh - HSPCB","04-08-2026 05:00:00",28.6701,76.9254,NH3,9,11,10
India,Haryana,Bahadurgarh,"Arya Nagar, Bahadurgarh - HSPCB","04-08-2026 05:00:00",28.6701,76.9254,CO,29,33,31
India,Haryana,Ballabgarh,"Nathu Colony, Ballabgarh - HSPCB","04-08-2026 05:00:00",28.3419248,77.319699,NO2,19,21,20
India,Haryana,Ballabgarh,"Nathu Colony, Ballabgarh - HSPCB","04-08-2026 05:00:00",28.3419248,77.319699,SO2,2,4,3
India,Haryana,Ballabgarh,"Nathu Colony, Ballabgarh - HSPCB","04-08-2026 05:00:00",28.3419248,77.319699,CO,15,18,16
India,Haryana,"Charkhi Dadri","Mini Secretariat, Charkhi Dadri - HSPCB","04-08-2026 05:00:00",28.593883,76.270653,PM2.5,42,133,80
India,Haryana,"Charkhi Dadri","Mini Secretariat, Charkhi Dadri - HSPCB","04-08-2026 05:00:00",28.593883,76.270653,OZONE,17,22,19
India,Haryana,Dharuhera,"Municipal Corporation Office, Dharuhera -  HSPCB","04-08-2026 05:00:00",28.2068,76.7997,PM10,36,81,51
India,Haryana,Dharuhera,"Municipal Corporation Office, Dharuhera -  HSPCB","04-08-2026 05:00:00",28.2068,76.7997,SO2,7,19,12
India,Haryana,Faridabad,"New Industrial Town, Faridabad - HSPCB","04-08-2026 05:00:00",28.39072,77.30059,SO2,8,17,12
India,Haryana,Faridabad,"Sector 11, Faridabad - HSPCB","04-08-2026 05:00:00",28.376058,77.315741,OZONE,15,17,16
India,Haryana,Faridabad,"Sector 30, Faridabad - HSPCB","04-08-2026 05:00:00",28.4417,77.3217,NH3,6,7,6
India,Karnataka,Bengaluru,"Bapuji Nagar, Bengaluru - KSPCB","04-08-2026 05:00:00",12.951913,77.539784,NH3,3,3,3
India,Karnataka,Bengaluru,"Sanegurava Halli, Bengaluru - KSPCB","04-08-2026 05:00:00",12.990328,77.5431385,PM2.5,NA,NA,NA
India,Karnataka,Bengaluru,"Sanegurava Halli, Bengaluru - KSPCB","04-08-2026 05:00:00",12.990328,77.5431385,PM10,54,56,55
India,Karnataka,Bengaluru,"Silk Board, Bengaluru - KSPCB","04-08-2026 05:00:00",12.917348,77.622813,PM10,NA,NA,NA
India,Karnataka,Bengaluru,"Silk Board, Bengaluru - KSPCB","04-08-2026 05:00:00",12.917348,77.622813,CO,18,41,27
India,Karnataka,Bengaluru,"BTM Layout, Bengaluru - CPCB","04-08-2026 05:00:00",12.9135218,77.5950804,NH3,5,5,5
India,Karnataka,Bengaluru,"BTM Layout, Bengaluru - CPCB","04-08-2026 05:00:00",12.9135218,77.5950804,OZONE,23,23,23
India,Karnataka,Bengaluru,"Hebbal, Bengaluru - KSPCB","04-08-2026 05:00:00",13.029152,77.585901,NO2,13,21,19
India,Karnataka,Bengaluru,"Hebbal, Bengaluru - KSPCB","04-08-2026 05:00:00",13.029152,77.585901,NH3,2,2,2
India,Karnataka,Bengaluru,"Jayanagar 5th Block, Bengaluru - KSPCB","04-08-2026 05:00:00",12.920984,77.584908,PM10,23,109,51
India,Karnataka,Bengaluru,"Jayanagar 5th Block, Bengaluru - KSPCB","04-08-2026 05:00:00",12.920984,77.584908,NH3,1,1,1
India,Karnataka,Bengaluru,"Hombegowda Nagar, Bengaluru - KSPCB","04-08-2026 05:00:00",12.938539,77.5901,PM2.5,NA,NA,NA
India,Karnataka,Bengaluru,"Hombegowda Nagar, Bengaluru - KSPCB","04-08-2026 05:00:00",12.938539,77.5901,PM10,NA,NA,NA
India,Haryana,Hisar,"Urban Estate-II, Hisar - HSPCB","04-08-2026 05:00:00",29.14056,75.744941,PM2.5,13,39,27
India,Haryana,Hisar,"Urban Estate-II, Hisar - HSPCB","04-08-2026 05:00:00",29.14056,75.744941,PM10,21,61,43
India,Haryana,Hisar,"Urban Estate-II, Hisar - HSPCB","04-08-2026 05:00:00",29.14056,75.744941,NH3,11,13,12
India,Haryana,Jind,"Police Lines, Jind - HSPCB","04-08-2026 05:00:00",29.307814,76.337619,PM10,22,45,33
India,Haryana,Kaithal,"Rishi Nagar, Kaithal - HSPCB","04-08-2026 05:00:00",29.8006,76.4155,NH3,4,6,5
India,Haryana,Kaithal,"Rishi Nagar, Kaithal - HSPCB","04-08-2026 05:00:00",29.8006,76.4155,SO2,8,104,66
India,Haryana,Kurukshetra,"Sector-7, Kurukshetra - HSPCB","04-08-2026 05:00:00",29.966942,76.875879,OZONE,11,22,17
India,Haryana,Mandikhera,"General Hospital, Mandikhera(Nuh) - HSPCB","04-08-2026 05:00:00",27.9002,76.9938,SO2,19,22,21
India,Haryana,Manesar,"Sector-2 IMT, Manesar - HSPCB","04-08-2026 05:00:00",28.360699,76.93609,PM2.5,16,44,33
India,Haryana,Manesar,"Sector-2 IMT, Manesar - HSPCB","04-08-2026 05:00:00",28.360699,76.93609,NO2,17,75,32
India,Haryana,"Yamuna Nagar","Gobind Pura, Yamuna Nagar - HSPCB","04-08-2026 05:00:00",30.1480566,77.2893471,CO,NA,NA,NA
India,"Himachal Pradesh",Baddi,"HIMUDA Complex Phase-1, Baddi - HPPCB","04-08-2026 05:00:00",30.943887,76.801991,PM2.5,12,92,40
India,"Jammu and Kashmir",Pampore,"Khrew, Pampore - JKPCC","04-08-2026 05:00:00",34.031606,75.009712,NH3,NA,NA,NA
India,"Jammu and Kashmir",Pampore,"Khrew, Pampore - JKPCC","04-08-2026 05:00:00",34.031606,75.009712,CO,NA,NA,NA
India,"Jammu and Kashmir",Srinagar,"Khunmoh, Srinagar - JKPCC","04-08-2026 05:00:00",34.06313,74.96017,CO,NA,NA,NA
India,"Jammu and Kashmir",Srinagar,"Rajbagh, Srinagar - JKPCC","04-08-2026 05:00:00",34.066206,74.81982,PM10,26,61,39
India,Jharkhand,Jorapokhar,"Tata Stadium, Jorapokhar - JSPCB","04-08-2026 05:00:00",23.707909,86.41467,CO,38,40,39
India,Karnataka,Belgaum,"Ramteerth Nagar, Belgaum - KSPCB","04-08-2026 05:00:00",15.888653,74.541751,NH3,NA,NA,NA
India,Karnataka,Belgaum,"Ramteerth Nagar, Belgaum - KSPCB","04-08-2026 05:00:00",15.888653,74.541751,SO2,23,24,23
India,Delhi,Delhi,"Narela, Delhi - DPCC","04-08-2026 05:00:00",28.822836,77.101981,SO2,4,8,6
India,Gujarat,Ahmedabad,"SVPI Airport Hansol, Ahmedabad - IITM","04-08-2026 05:00:00",23.076793,72.627874,CO,2,17,9
India,Gujarat,Ahmedabad,"SVPI Airport Hansol, Ahmedabad - IITM","04-08-2026 05:00:00",23.076793,72.627874,OZONE,9,22,15
India,Gujarat,Ahmedabad,"Rakhial, Ahmedabad - IITM","04-08-2026 05:00:00",23.016834,72.625775,PM2.5,22,30,25
India,Gujarat,Ahmedabad,"Rakhial, Ahmedabad - IITM","04-08-2026 05:00:00",23.016834,72.625775,SO2,19,22,20
India,Gujarat,Ahmedabad,"Chandkheda, Ahmedabad - IITM","04-08-2026 05:00:00",23.107969,72.574648,NO2,2,27,8
India,Gujarat,Ahmedabad,"Maninagar, Ahmedabad - GPCB","04-08-2026 05:00:00",23.002657,72.591912,NO2,58,59,59
India,Gujarat,Ahmedabad,"SAC ISRO Satellite, Ahmedabad - IITM","04-08-2026 05:00:00",23.023389,72.515201,NO2,7,10,8
India,Gujarat,Ahmedabad,"SAC ISRO Satellite, Ahmedabad - IITM","04-08-2026 05:00:00",23.023389,72.515201,OZONE,9,18,12
India,Gujarat,Ahmedabad,"Raikhad, Ahmedabad - IITM","04-08-2026 05:00:00",23.020509,72.579261,NH3,1,2,2
India,Haryana,Fatehabad,"Huda Sector, Fatehabad - HSPCB","04-08-2026 05:00:00",29.503664,75.467934,NO2,18,20,19
India,Haryana,Gurugram,"Teri Gram, Gurugram - HSPCB","04-08-2026 05:00:00",28.4275,77.1465,PM10,22,150,95
India,Haryana,Gurugram,"Teri Gram, Gurugram - HSPCB","04-08-2026 05:00:00",28.4275,77.1465,CO,12,20,16
India,Haryana,Gurugram,"Vikas Sadan, Gurugram - HSPCB","04-08-2026 05:00:00",28.4501238,77.0263051,PM10,45,159,73
India,Haryana,Gurugram,"NISE Gwal Pahari, Gurugram - IITM","04-08-2026 05:00:00",28.422681,77.148944,NO2,7,15,10
India,Haryana,Gurugram,"NISE Gwal Pahari, Gurugram - IITM","04-08-2026 05:00:00",28.422681,77.148944,SO2,NA,NA,NA
India,Haryana,Gurugram,"NISE Gwal Pahari, Gurugram - IITM","04-08-2026 05:00:00",28.422681,77.148944,OZONE,10,21,12
India,Haryana,Gurugram,"Sector-51, Gurugram - HSPCB","04-08-2026 05:00:00",28.4227,77.0667,CO,17,26,24
India,Gujarat,Ahmedabad,"Raikhad, Ahmedabad - IITM","04-08-2026 05:00:00",23.020509,72.579261,CO,56,75,60
India,Gujarat,Ankleshwar,"GIDC, Ankleshwar - GPCB","04-08-2026 05:00:00",21.613267,73.010555,PM2.5,19,58,35
India,Gujarat,Ankleshwar,"GIDC, Ankleshwar - GPCB","04-08-2026 05:00:00",21.613267,73.010555,CO,47,50,48
India,Gujarat,Bhavnagar,"Vidhyanagar, Bhavnagar - Nexteng Enviro","04-08-2026 05:00:00",21.755417,72.139056,NO2,39,43,41
India,Gujarat,Gandhinagar,"Sector-10, Gandhinagar - GPCB","04-08-2026 05:00:00",23.221714,72.654328,SO2,4,7,5
India,Gujarat,Gandhinagar,"IIPHG Lekawada, Gandhinagar - IITM","04-08-2026 05:00:00",23.243639,72.68994,NH3,1,2,1
India,Gujarat,Gandhinagar,"IIPHG Lekawada, Gandhinagar - IITM","04-08-2026 05:00:00",23.243639,72.68994,SO2,2,3,2
India,Maharashtra,Bhiwandi,"Gokul Nagar, Bhiwandi - MPCB","04-08-2026 05:00:00",19.309073,73.057223,CO,15,37,20
India,Maharashtra,Bhiwandi,"Gokul Nagar, Bhiwandi - MPCB","04-08-2026 05:00:00",19.309073,73.057223,OZONE,14,17,15
India,Maharashtra,Boisar,"Khaira, Boisar - MPCB","04-08-2026 05:00:00",19.786089,72.757971,PM2.5,31,90,58
India,Maharashtra,Boisar,"Khaira, Boisar - MPCB","04-08-2026 05:00:00",19.786089,72.757971,PM10,36,88,61
India,Maharashtra,Boisar,"Khaira, Boisar - MPCB","04-08-2026 05:00:00",19.786089,72.757971,SO2,4,6,5
India,Maharashtra,Boisar,"Khaira, Boisar - MPCB","04-08-2026 05:00:00",19.786089,72.757971,OZONE,23,27,25
India,Maharashtra,Chandrapur,"Chauhan Colony, Chandrapur - MPCB","04-08-2026 05:00:00",19.9629,79.298714,SO2,9,12,10
India,Maharashtra,Chandrapur,"Chauhan Colony, Chandrapur - MPCB","04-08-2026 05:00:00",19.9629,79.298714,CO,23,26,24
India,Maharashtra,Dhule,"Deopur, Dhule - MPCB","04-08-2026 05:00:00",20.918946,74.776388,NH3,1,1,1
India,Maharashtra,Dhule,"Deopur, Dhule - MPCB","04-08-2026 05:00:00",20.918946,74.776388,CO,5,11,8
India,Maharashtra,Dhule,"Deopur, Dhule - MPCB","04-08-2026 05:00:00",20.918946,74.776388,OZONE,2,4,3
India,Maharashtra,Dombivli,"Kalu Nagar, Dombivli - MPCB","04-08-2026 05:00:00",19.2268427,73.0788456,PM10,8,24,16
India,Maharashtra,Dombivli,"Kalu Nagar, Dombivli - MPCB","04-08-2026 05:00:00",19.2268427,73.0788456,NO2,5,19,10
India,Maharashtra,Dombivli,"Kalu Nagar, Dombivli - MPCB","04-08-2026 05:00:00",19.2268427,73.0788456,NH3,1,1,1
India,Maharashtra,Dombivli,"Kalu Nagar, Dombivli - MPCB","04-08-2026 05:00:00",19.2268427,73.0788456,OZONE,29,36,33
India,Maharashtra,Hingoli,"Ashta Vinayak Nagar, Hingoli - MPCB","04-08-2026 05:00:00",19.710842,77.151824,PM10,11,58,35
India,Maharashtra,Hingoli,"Ashta Vinayak Nagar, Hingoli - MPCB","04-08-2026 05:00:00",19.710842,77.151824,NO2,3,11,7
India,Maharashtra,Kalyan,"Pimpleshwar Mandir, Kalyan - MPCB","04-08-2026 05:00:00",19.192056,72.9585188,NO2,NA,NA,NA
India,Maharashtra,Kalyan,"Pimpleshwar Mandir, Kalyan - MPCB","04-08-2026 05:00:00",19.192056,72.9585188,NH3,NA,NA,NA
India,Maharashtra,Kalyan,"Pimpleshwar Mandir, Kalyan - MPCB","04-08-2026 05:00:00",19.192056,72.9585188,OZONE,3,12,10
India,Maharashtra,Ahmednagar,"Tarakpur, Ahmednagar - MPCB","04-08-2026 05:00:00",19.10122,74.73339,CO,1,12,6
India,Maharashtra,Akola,"Ramdaspeth, Akola - MPCB","04-08-2026 05:00:00",20.719516,77.000253,NO2,7,16,13
India,Maharashtra,Amravati,"Shri Shivaji Science College, Amravati - MPCB","04-08-2026 05:00:00",20.939198,77.765701,NO2,3,12,5
India,Maharashtra,Amravati,"Shri Shivaji Science College, Amravati - MPCB","04-08-2026 05:00:00",20.939198,77.765701,SO2,2,3,3
India,Maharashtra,Aurangabad,"More Chowk Waluj, Aurangabad - MPCB","04-08-2026 05:00:00",19.8389439,75.244448,SO2,NA,NA,NA
India,Maharashtra,Aurangabad,"More Chowk Waluj, Aurangabad - MPCB","04-08-2026 05:00:00",19.8389439,75.244448,OZONE,8,29,14
India,Maharashtra,Aurangabad,"MIDC Chilkalthana, Aurangabad - MPCB","04-08-2026 05:00:00",19.87562,75.38731,PM10,13,145,47
India,Maharashtra,Aurangabad,"MIDC Chilkalthana, Aurangabad - MPCB","04-08-2026 05:00:00",19.87562,75.38731,SO2,4,9,6
India,Maharashtra,Aurangabad,"Rachnakar Colony, Aurangabad - MPCB","04-08-2026 05:00:00",19.863756,75.321188,PM2.5,23,53,38
India,Maharashtra,Badlapur,"Katrap, Badlapur - MPCB","04-08-2026 05:00:00",19.16485,73.23409,CO,31,44,37
India,Maharashtra,Beed,"Bir, Beed - MPCB","04-08-2026 05:00:00",18.988474,75.753873,PM10,10,34,25
India,Maharashtra,Beed,"Bir, Beed - MPCB","04-08-2026 05:00:00",18.988474,75.753873,OZONE,5,11,9
India,Maharashtra,Belapur,"CBD Belapur, Belapur - MPCB","04-08-2026 05:00:00",19.0243902,73.0406721,PM2.5,25,63,38
India,Maharashtra,Belapur,"CBD Belapur, Belapur - MPCB","04-08-2026 05:00:00",19.0243902,73.0406721,CO,2,31,13
India,"Madhya Pradesh",Indore,"Regional Park, Indore - IMC","04-08-2026 05:00:00",22.678,75.8559,NH3,2,4,2
India,"Madhya Pradesh",Indore,"Regional Park, Indore - IMC","04-08-2026 05:00:00",22.678,75.8559,OZONE,5,5,5
India,"Madhya Pradesh",Indore,"Maguda Nagar, Indore - IMC","04-08-2026 05:00:00",22.7524,75.8872,NO2,1,4,3
India,"Madhya Pradesh",Indore,"Maguda Nagar, Indore - IMC","04-08-2026 05:00:00",22.7524,75.8872,NH3,0,0,0
India,"Madhya Pradesh",Indore,"Maguda Nagar, Indore - IMC","04-08-2026 05:00:00",22.7524,75.8872,SO2,14,21,17
India,"Madhya Pradesh",Jabalpur,"Gupteshwar, Jabalpur - JMC","04-08-2026 05:00:00",23.142888,79.916147,PM10,31,74,44
India,"Madhya Pradesh",Jabalpur,"Marhatal, Jabalpur - MPPCB","04-08-2026 05:00:00",23.168606,79.932247,PM10,31,69,55
India,"Madhya Pradesh",Jabalpur,"Marhatal, Jabalpur - MPPCB","04-08-2026 05:00:00",23.168606,79.932247,NH3,2,4,3
India,"Madhya Pradesh",Jabalpur,"Govindh Bhavan Colony, Jabalpur - JMC","04-08-2026 05:00:00",23.163174,79.973061,PM10,26,95,50
India,"Madhya Pradesh",Jabalpur,"Govindh Bhavan Colony, Jabalpur - JMC","04-08-2026 05:00:00",23.163174,79.973061,NO2,6,14,10
India,"Madhya Pradesh",Katni,"Gole Bazar, Katni - MPPCB","04-08-2026 05:00:00",23.50016,80.23284,PM10,29,102,60
India,"Madhya Pradesh",Katni,"Gole Bazar, Katni - MPPCB","04-08-2026 05:00:00",23.50016,80.23284,NO2,9,16,12
India,"Madhya Pradesh",Katni,"Gole Bazar, Katni - MPPCB","04-08-2026 05:00:00",23.50016,80.23284,SO2,11,48,30
India,"Madhya Pradesh",Maihar,"Sahilara, Maihar - KJS Cements","04-08-2026 05:00:00",24.2613009,80.7231783,PM2.5,NA,NA,NA
India,"Madhya Pradesh",Maihar,"Sahilara, Maihar - KJS Cements","04-08-2026 05:00:00",24.2613009,80.7231783,SO2,2,47,19
India,Karnataka,Chamarajanagar,"Urban, Chamarajanagar - KSPCB","04-08-2026 05:00:00",11.55358,76.55521,CO,16,23,22
India,Karnataka,Dharwad,"Kalabhavan, Dharwad - KSPCB","04-08-2026 05:00:00",15.459706,75.008381,SO2,7,8,8
India,Karnataka,Hubballi,"Lingaraj Nagar, Hubballi - KSPCB","04-08-2026 05:00:00",15.3714823,75.1160168,PM2.5,29,40,35
India,Karnataka,Kalaburagi,"Mahatma Basaveswar Colony, Kalaburgi - KSPCB","04-08-2026 05:00:00",17.336318,76.847397,NO2,10,14,13
India,Karnataka,Karwar,"KHB Colony, Karwar - KSPCB","04-08-2026 05:00:00",14.816666,74.141003,NH3,2,54,8
India,Karnataka,Karwar,"KHB Colony, Karwar - KSPCB","04-08-2026 05:00:00",14.816666,74.141003,OZONE,15,15,15
India,Karnataka,Madikeri,"Stuart Hill, Madikeri - KSPCB","04-08-2026 05:00:00",12.415911,75.73505,PM10,7,22,16
India,Karnataka,Madikeri,"Stuart Hill, Madikeri - KSPCB","04-08-2026 05:00:00",12.415911,75.73505,SO2,7,8,7
India,Karnataka,Mangalore,"Kadri, Mangalore - KSPCB","04-08-2026 05:00:00",12.88925,74.853,PM2.5,21,64,43
India,Karnataka,Mangalore,"Kadri, Mangalore - KSPCB","04-08-2026 05:00:00",12.88925,74.853,PM10,28,79,54
India,Karnataka,Mangalore,"Kadri, Mangalore - KSPCB","04-08-2026 05:00:00",12.88925,74.853,NO2,2,6,4
India,Karnataka,Mysuru,"Hebbal 1st Stage, Mysuru - KSPCB","04-08-2026 05:00:00",12.21041,76.37376,SO2,0,28,6
India,Kerala,Thiruvananthapuram,"Kariavattom, Thiruvananthapuram - Kerala PCB","04-08-2026 05:00:00",8.5637,76.8865,SO2,5,11,8
India,Kerala,Thiruvananthapuram,"Kariavattom, Thiruvananthapuram - Kerala PCB","04-08-2026 05:00:00",8.5637,76.8865,CO,20,24,22
India,Kerala,Thrissur,"Corporation Ground, Thrissur - Kerala PCB","04-08-2026 05:00:00",10.5324,76.2159,NH3,0,0,0
India,Kerala,Thrissur,"Corporation Ground, Thrissur - Kerala PCB","04-08-2026 05:00:00",10.5324,76.2159,CO,8,11,10
India,"Madhya Pradesh",Bhopal,"T T Nagar, Bhopal - MPPCB","04-08-2026 05:00:00",23.233584,77.400574,NO2,9,17,12
India,"Madhya Pradesh",Bhopal,"T T Nagar, Bhopal - MPPCB","04-08-2026 05:00:00",23.233584,77.400574,OZONE,18,21,20
India,"Madhya Pradesh",Bhopal,"Paryavaran Parisar, Bhopal - MPPCB","04-08-2026 05:00:00",23.210494,77.425409,PM10,16,56,35
India,"Madhya Pradesh",Bhopal,"Paryavaran Parisar, Bhopal - MPPCB","04-08-2026 05:00:00",23.210494,77.425409,NH3,4,6,5
India,"Madhya Pradesh",Bhopal,"Paryavaran Parisar, Bhopal - MPPCB","04-08-2026 05:00:00",23.210494,77.425409,SO2,5,10,7
India,"Madhya Pradesh",Damoh,"Shrivastav Colony, Damoh - MPPCB","04-08-2026 05:00:00",23.81748678,79.446246,NH3,NA,NA,NA
India,"Madhya Pradesh",Dewas,"Bhopal Chauraha, Dewas - MPPCB","04-08-2026 05:00:00",22.9682591,76.064118,SO2,2,106,35
India,"Madhya Pradesh",Gwalior,"Deen Dayal Nagar, Gwalior - MPPCB","04-08-2026 05:00:00",26.259242,78.216432,PM2.5,2,57,28
India,Maharashtra,Kalyan,"Khadakpada, Kalyan - MPCB","04-08-2026 05:00:00",19.25292,73.142019,SO2,NA,NA,NA
India,Maharashtra,Kolhapur,"Sinchan Bhavan, Kolhapur - MPCB","04-08-2026 05:00:00",16.7143745,74.2426398,PM10,2,47,32
India,Maharashtra,Kolhapur,"Shivaji University, Kolhapur - MPCB","04-08-2026 05:00:00",16.6870449,74.2505872,PM2.5,20,40,29
India,Maharashtra,Kolhapur,"Shivaji University, Kolhapur - MPCB","04-08-2026 05:00:00",16.6870449,74.2505872,OZONE,8,13,10
India,Maharashtra,Latur,"Sawe Wadi, Latur - MPCB","04-08-2026 05:00:00",18.39963,76.57452,NO2,4,19,10
India,Maharashtra,Mahad,"Kamble Tarf Birwadi, Mahad - MPCB","04-08-2026 05:00:00",18.1023399,73.4783687,NO2,4,27,11
India,Maharashtra,Mahad,"Kamble Tarf Birwadi, Mahad - MPCB","04-08-2026 05:00:00",18.1023399,73.4783687,CO,9,42,30
India,Maharashtra,Mumbai,"Kherwadi_Bandra East, Mumbai - MPCB","04-08-2026 05:00:00",19.0632143,72.8456324,OZONE,4,6,5
India,Karnataka,Mysuru,"Hebbal 1st Stage, Mysuru - KSPCB","04-08-2026 05:00:00",12.21041,76.37376,OZONE,9,10,9
India,Karnataka,Ramanagara,"Vijay Nagar, Ramanagara - KSPCB","04-08-2026 05:00:00",12.733409,77.298051,PM2.5,2,39,16
India,Karnataka,Ramanagara,"Vijay Nagar, Ramanagara - KSPCB","04-08-2026 05:00:00",12.733409,77.298051,NO2,NA,NA,NA
India,Karnataka,Yadgir,"Collector Office, Yadgir - KSPCB","04-08-2026 05:00:00",16.7602,77.1428,PM10,7,58,32
India,Kerala,Eloor,"Udyogamandal, Eloor - Kerala PCB","04-08-2026 05:00:00",10.073232,76.302765,SO2,0,0,0
India,Kerala,Thiruvananthapuram,"Plammoodu, Thiruvananthapuram - Kerala PCB","04-08-2026 05:00:00",8.5149093,76.9435879,PM2.5,5,27,14
India,Kerala,Thiruvananthapuram,"Plammoodu, Thiruvananthapuram - Kerala PCB","04-08-2026 05:00:00",8.5149093,76.9435879,NO2,2,4,3
India,Kerala,Thiruvananthapuram,"Plammoodu, Thiruvananthapuram - Kerala PCB","04-08-2026 05:00:00",8.5149093,76.9435879,NH3,1,1,1
India,"Madhya Pradesh",Mandideep,"Sector-D Industrial Area, Mandideep - MPPCB","04-08-2026 05:00:00",23.10844,77.511428,OZONE,10,19,15
India,"Madhya Pradesh",Pithampur,"Sector-2 Industrial Area, Pithampur - MPPCB","04-08-2026 05:00:00",22.624758,75.675238,PM2.5,46,141,80
India,"Madhya Pradesh",Pithampur,"Sector-2 Industrial Area, Pithampur - MPPCB","04-08-2026 05:00:00",22.624758,75.675238,SO2,22,25,23
India,"Madhya Pradesh",Sagar,"Civil Lines, Sagar - MPPCB","04-08-2026 05:00:00",23.838586,78.759431,PM2.5,9,25,14
India,"Madhya Pradesh",Sagar,"Civil Lines, Sagar - MPPCB","04-08-2026 05:00:00",23.838586,78.759431,PM10,11,35,19
India,"Madhya Pradesh",Satna,"Bandhavgar Colony, Satna - Birla Cement","04-08-2026 05:00:00",24.58434363,80.8549414,PM10,69,71,70
India,"Madhya Pradesh",Gwalior,"Maharaj Bada, Gwalior - MPPCB","04-08-2026 05:00:00",26.200388,78.147714,OZONE,31,45,38
India,"Madhya Pradesh",Gwalior,"City Center, Gwalior - MPPCB","04-08-2026 05:00:00",26.203442,78.193251,SO2,8,38,29
India,"Madhya Pradesh",Indore,"Chhoti Gwaltoli, Indore - MPPCB","04-08-2026 05:00:00",22.431,75.5213,NO2,37,70,53
India,"Madhya Pradesh",Indore,"Chhoti Gwaltoli, Indore - MPPCB","04-08-2026 05:00:00",22.431,75.5213,NH3,5,7,5
India,"Madhya Pradesh",Indore,"Residency Area, Indore - IMC","04-08-2026 05:00:00",22.7084,75.8815,PM10,10,65,34
India,Meghalaya,Byrnihat,"15th Mile-Nongthymmai, Byrnihat -Meghalaya PCB","04-08-2026 05:00:00",26.079047,91.875185,OZONE,NA,NA,NA
India,Meghalaya,Shillong,"JN Stadium, Shillong - Meghalaya PCB","04-08-2026 05:00:00",25.5803419,91.8942571,PM10,11,35,19
India,Meghalaya,Shillong,"JN Stadium, Shillong - Meghalaya PCB","04-08-2026 05:00:00",25.5803419,91.8942571,SO2,21,29,27
India,Mizoram,Aizawl,"Sikulpuikawn, Aizawl - Mizoram PCB","04-08-2026 05:00:00",23.7176342,92.7192841,PM2.5,NA,NA,NA
India,Mizoram,Aizawl,"Sikulpuikawn, Aizawl - Mizoram PCB","04-08-2026 05:00:00",23.7176342,92.7192841,NO2,1,1,1
India,Mizoram,Aizawl,"Sikulpuikawn, Aizawl - Mizoram PCB","04-08-2026 05:00:00",23.7176342,92.7192841,NH3,0,0,0
India,Nagaland,Kohima,"PWD Junction, Kohima - NPCB","04-08-2026 05:00:00",25.6635413,94.0989878,PM10,6,25,12
India,Nagaland,Kohima,"PWD Junction, Kohima - NPCB","04-08-2026 05:00:00",25.6635413,94.0989878,NO2,3,4,3
India,Nagaland,Kohima,"PWD Junction, Kohima - NPCB","04-08-2026 05:00:00",25.6635413,94.0989878,OZONE,NA,NA,NA
India,Odisha,Balasore,"Kalidaspur, Balasore - OSPCB","04-08-2026 05:00:00",21.51161,86.89088,NH3,3,4,3
India,Odisha,Balasore,"Kalidaspur, Balasore - OSPCB","04-08-2026 05:00:00",21.51161,86.89088,SO2,3,4,3
India,Odisha,Balasore,"Kalidaspur, Balasore - OSPCB","04-08-2026 05:00:00",21.51161,86.89088,OZONE,12,36,22
India,Odisha,Barbil,"Forest Office, Barbil - OSPCB","04-08-2026 05:00:00",22.1166054,85.3945546,CO,9,16,13
India,Odisha,Baripada,"Meher Colony, Baripada - OSPCB","04-08-2026 05:00:00",21.941841,86.728318,NO2,1,37,14
India,Odisha,Baripada,"Meher Colony, Baripada - OSPCB","04-08-2026 05:00:00",21.941841,86.728318,NH3,0,2,1
India,Odisha,Baripada,"Meher Colony, Baripada - OSPCB","04-08-2026 05:00:00",21.941841,86.728318,CO,5,49,32
India,Odisha,Bhubaneswar,"Lingraj Mandir, Bhubaneswar - OSPCB","04-08-2026 05:00:00",20.24079,85.836784,OZONE,10,17,13
India,Odisha,Bhubaneswar,"Patia, Bhubaneswar - OSPCB","04-08-2026 05:00:00",20.34652,85.8163,PM10,11,67,41
India,Maharashtra,Mumbai,"Malad West, Mumbai - IITM","04-08-2026 05:00:00",19.19709,72.82204,PM2.5,3,29,16
India,Maharashtra,Mumbai,"Malad West, Mumbai - IITM","04-08-2026 05:00:00",19.19709,72.82204,CO,20,52,31
India,Maharashtra,Mumbai,"Shivaji Nagar, Mumbai - BMC","04-08-2026 05:00:00",19.060498,72.923356,PM2.5,10,34,21
India,Maharashtra,Mumbai,"Shivaji Nagar, Mumbai - BMC","04-08-2026 05:00:00",19.060498,72.923356,PM10,13,48,33
India,Maharashtra,Mumbai,"Shivaji Nagar, Mumbai - BMC","04-08-2026 05:00:00",19.060498,72.923356,OZONE,4,7,5
India,Maharashtra,Mumbai,"Kandivali West, Mumbai - BMC","04-08-2026 05:00:00",19.215859,72.831718,PM10,13,40,22
India,Maharashtra,Mumbai,"Kandivali West, Mumbai - BMC","04-08-2026 05:00:00",19.215859,72.831718,SO2,1,3,2
India,Maharashtra,Mumbai,"Siddharth Nagar-Worli, Mumbai - IITM","04-08-2026 05:00:00",19.000083,72.813993,OZONE,27,31,29
India,Maharashtra,Mumbai,"Chakala-Andheri East, Mumbai - IITM","04-08-2026 05:00:00",19.11074,72.86084,OZONE,8,14,12
India,Maharashtra,Mumbai,"Byculla, Mumbai - BMC","04-08-2026 05:00:00",18.9767,72.838,PM2.5,15,35,21
India,Maharashtra,Mumbai,"Byculla, Mumbai - BMC","04-08-2026 05:00:00",18.9767,72.838,OZONE,9,12,11
India,Maharashtra,Mumbai,"Khindipada-Bhandup West, Mumbai - IITM","04-08-2026 05:00:00",19.1653323,72.922099,NH3,0,0,0
India,Maharashtra,Mumbai,"Khindipada-Bhandup West, Mumbai - IITM","04-08-2026 05:00:00",19.1653323,72.922099,SO2,8,14,11
India,Maharashtra,Mumbai,"Mindspace-Malad West, Mumbai - MPCB","04-08-2026 05:00:00",19.1878657,72.8304069,PM2.5,13,28,16
India,Maharashtra,Mumbai,"Borivali East, Mumbai - MPCB","04-08-2026 05:00:00",19.2243333,72.8658113,PM10,28,49,39
India,Maharashtra,Mumbai,"Borivali East, Mumbai - MPCB","04-08-2026 05:00:00",19.2243333,72.8658113,OZONE,NA,NA,NA
India,Maharashtra,Mumbai,"Worli, Mumbai - MPCB","04-08-2026 05:00:00",18.9936162,72.8128113,NO2,0,10,6
India,Maharashtra,Mumbai,"Bandra Kurla Complex, Mumbai - IITM","04-08-2026 05:00:00",19.053536,72.84643,NH3,1,4,2
India,Maharashtra,Mumbai,"Bandra Kurla Complex, Mumbai - MPCB","04-08-2026 05:00:00",19.065931,72.862131,NH3,1,2,2
India,Maharashtra,Mumbai,"Chhatrapati Shivaji Intl. Airport (T2), Mumbai - MPCB","04-08-2026 05:00:00",19.10078,72.87462,PM2.5,NA,NA,NA
India,Maharashtra,Mumbai,"Chhatrapati Shivaji Intl. Airport (T2), Mumbai - MPCB","04-08-2026 05:00:00",19.10078,72.87462,NO2,25,26,26
India,Maharashtra,Mumbai,"Chhatrapati Shivaji Intl. Airport (T2), Mumbai - MPCB","04-08-2026 05:00:00",19.10078,72.87462,NH3,0,0,0
India,Maharashtra,Mumbai,"Chhatrapati Shivaji Intl. Airport (T2), Mumbai - MPCB","04-08-2026 05:00:00",19.10078,72.87462,SO2,7,8,8
India,Maharashtra,Mumbai,"Navy Nagar-Colaba, Mumbai - IITM","04-08-2026 05:00:00",18.897756,72.81332,NO2,21,57,40
India,Maharashtra,Mumbai,"Navy Nagar-Colaba, Mumbai - IITM","04-08-2026 05:00:00",18.897756,72.81332,SO2,1,20,11
India,Maharashtra,Mumbai,"Mulund West, Mumbai - MPCB","04-08-2026 05:00:00",19.175,72.9419,PM10,NA,NA,NA
India,Maharashtra,Mumbai,"Mulund West, Mumbai - MPCB","04-08-2026 05:00:00",19.175,72.9419,NO2,12,13,13
India,Maharashtra,Mumbai,"Sewri, Mumbai - BMC","04-08-2026 05:00:00",19.000084,72.85673,PM2.5,1,7,4
India,Maharashtra,Mumbai,"Sewri, Mumbai - BMC","04-08-2026 05:00:00",19.000084,72.85673,NO2,NA,NA,NA
India,Maharashtra,Mumbai,"Sewri, Mumbai - BMC","04-08-2026 05:00:00",19.000084,72.85673,NH3,1,4,3
India,Maharashtra,Mumbai,"Sion, Mumbai - MPCB","04-08-2026 05:00:00",19.047,72.8746,NO2,NA,NA,NA
India,Maharashtra,Pimpri-Chinchwad,"Thergaon, Pimpri Chinchwad - MPCB","04-08-2026 05:00:00",18.616318,73.765797,CO,7,21,14
India,Maharashtra,Pimpri-Chinchwad,"Gavalinagar, Pimpri Chinchwad - MPCB","04-08-2026 05:00:00",18.63673,73.82487,NO2,32,33,33
India,Maharashtra,Pimpri-Chinchwad,"Gavalinagar, Pimpri Chinchwad - MPCB","04-08-2026 05:00:00",18.63673,73.82487,SO2,1,1,1
India,Maharashtra,Pimpri-Chinchwad,"Savta Mali Nagar, Pimpri-Chinchwad - IITM","04-08-2026 05:00:00",18.614767,73.799516,CO,28,47,35
India,Maharashtra,Pimpri-Chinchwad,"Bhosari, Pune - IITM","04-08-2026 05:00:00",18.640051,73.848956,NH3,NA,NA,NA
India,Maharashtra,Pune,"Savitribai Phule Pune University, Pune - MPCB","04-08-2026 05:00:00",18.547056,73.826908,PM10,19,42,30
India,Maharashtra,Pune,"Savitribai Phule Pune University, Pune - MPCB","04-08-2026 05:00:00",18.547056,73.826908,CO,26,32,28
India,Maharashtra,Pune,"Revenue Colony-Shivajinagar, Pune - IITM","04-08-2026 05:00:00",18.530085,73.849598,NO2,13,27,20
India,Maharashtra,Pune,"Revenue Colony-Shivajinagar, Pune - IITM","04-08-2026 05:00:00",18.530085,73.849598,SO2,6,25,13
India,Maharashtra,Pune,"Mhada Colony, Pune - IITM","04-08-2026 05:00:00",18.57304,73.927715,NH3,NA,NA,NA
India,Maharashtra,Pune,"Dhankawadi, Pune - IITM","04-08-2026 05:00:00",18.459883,73.852193,PM2.5,4,40,22
India,Maharashtra,Pune,"Dhankawadi, Pune - IITM","04-08-2026 05:00:00",18.459883,73.852193,SO2,NA,NA,NA
India,Maharashtra,Mumbai,"Deonar, Mumbai - IITM","04-08-2026 05:00:00",19.04946,72.923,CO,21,44,32
India,Maharashtra,Mumbai,"Ghatkopar, Mumbai - BMC","04-08-2026 05:00:00",19.083694,72.920967,NO2,NA,NA,NA
India,Maharashtra,Nagpur,"Opp GPO Civil Lines, Nagpur - MPCB","04-08-2026 05:00:00",21.152875,79.0517531,NO2,16,16,16
India,Maharashtra,Nagpur,"Ambazari, Nagpur - MPCB","04-08-2026 05:00:00",21.121801,79.04952,NO2,8,23,12
India,Maharashtra,Nagpur,"Ram Nagar, Nagpur - MPCB","04-08-2026 05:00:00",21.143383,79.048912,PM10,21,50,36
India,Maharashtra,Nagpur,"Ram Nagar, Nagpur - MPCB","04-08-2026 05:00:00",21.143383,79.048912,OZONE,6,16,10
India,Maharashtra,Nagpur,"Mahal, Nagpur - MPCB","04-08-2026 05:00:00",21.14472,79.107595,PM2.5,23,54,36
India,Maharashtra,Nanded,"Sneh Nagar, Nanded - MPCB","04-08-2026 05:00:00",19.173852,77.296291,CO,21,25,24
India,Maharashtra,Nashik,"Gangapur Road, Nashik - MPCB","04-08-2026 05:00:00",20.0073285,73.7762427,PM2.5,17,53,31
India,Maharashtra,Nashik,"Gangapur Road, Nashik - MPCB","04-08-2026 05:00:00",20.0073285,73.7762427,PM10,24,66,41
India,Maharashtra,Nashik,"Gangapur Road, Nashik - MPCB","04-08-2026 05:00:00",20.0073285,73.7762427,OZONE,10,20,16
India,Maharashtra,Nashik,"Hirawadi, Nashik - MPCB","04-08-2026 05:00:00",20.021503,73.813844,SO2,6,7,7
India,Maharashtra,"Navi Mumbai","Sanpada, Navi Mumbai - MPCB","04-08-2026 05:00:00",19.0575752,73.0151367,OZONE,3,5,4
India,Maharashtra,"Navi Mumbai","Sector-2E Kalamboli, Navi Mumbai - MPCB","04-08-2026 05:00:00",19.02579,73.10297,PM2.5,17,42,26
India,Maharashtra,"Navi Mumbai","Sector-2E Kalamboli, Navi Mumbai - MPCB","04-08-2026 05:00:00",19.02579,73.10297,NO2,6,12,9
India,Maharashtra,"Navi Mumbai","Sector-2E Kalamboli, Navi Mumbai - MPCB","04-08-2026 05:00:00",19.02579,73.10297,NH3,3,9,6
India,Maharashtra,"Navi Mumbai","Nerul, Navi Mumbai - MPCB","04-08-2026 05:00:00",19.008751,73.01662,OZONE,NA,NA,NA
India,Maharashtra,"Navi Mumbai","Kopripada-Vashi, Navi Mumbai - MPCB","04-08-2026 05:00:00",19.090337,73.014232,NO2,7,15,11
India,Maharashtra,Pimpri-Chinchwad,"Transport Nagar-Nigdi, Pune - IITM","04-08-2026 05:00:00",18.664282,73.763966,NO2,21,38,27
India,Maharashtra,Pimpri-Chinchwad,"Thergaon, Pimpri Chinchwad - MPCB","04-08-2026 05:00:00",18.616318,73.765797,PM2.5,11,39,22
India,Odisha,Bhubaneswar,"Patia, Bhubaneswar - OSPCB","04-08-2026 05:00:00",20.34652,85.8163,SO2,4,8,6
India,Odisha,Bhubaneswar,"Patia, Bhubaneswar - OSPCB","04-08-2026 05:00:00",20.34652,85.8163,CO,27,31,29
India,Odisha,Bileipada,"Tata Township, Bileipada - OSPCB","04-08-2026 05:00:00",22.06156703,85.47409613,SO2,8,8,8
India,Odisha,Brajrajnagar,"GM Office, Brajrajnagar - OSPCB","04-08-2026 05:00:00",21.8004996,83.8396977,CO,9,37,23
India,Odisha,Byasanagar,"Ferro Chrome Colony, Byasanagar - OSPCB","04-08-2026 05:00:00",20.94185,86.1151,SO2,4,9,7
India,Odisha,Cuttack,"CDA Area, Cuttack - OSPCB","04-08-2026 05:00:00",20.48891,85.84768,CO,52,57,53
India,Odisha,Keonjhar,"Jagamohanpur, Keonjhar - OSPCB","04-08-2026 05:00:00",21.6439,85.599355,SO2,11,31,16
India,Odisha,Rairangpur,"Divisional Forest Office, Rairangpur - OSPCB","04-08-2026 05:00:00",22.265816,86.174829,OZONE,2,4,3
India,Maharashtra,Solapur,"Ratandeep Housing Society, Solapur - MPCB","04-08-2026 05:00:00",17.65439,75.90649,OZONE,6,10,8
India,Maharashtra,Solapur,"Dnyaneshwar Nagar, Solapur - MPCB","04-08-2026 05:00:00",17.6336264,75.9132495,SO2,1,4,3
India,Maharashtra,Thane,"Kasarvadavali, Thane - MPCB","04-08-2026 05:00:00",19.26777,72.97182,OZONE,16,20,18
India,Maharashtra,Thane,"Upvan Fort, Thane - MPCB","04-08-2026 05:00:00",19.222279,72.957979,CO,7,17,12
India,Maharashtra,Thane,"Upvan Fort, Thane - MPCB","04-08-2026 05:00:00",19.222279,72.957979,OZONE,19,21,20
India,Maharashtra,Ulhasnagar,"Sidhi Vinayak Nagar, Ulhasnagar - MPCB","04-08-2026 05:00:00",19.235581,73.159121,SO2,NA,NA,NA
India,Maharashtra,Ulhasnagar,"Sidhi Vinayak Nagar, Ulhasnagar - MPCB","04-08-2026 05:00:00",19.235581,73.159121,CO,6,34,19
India,Maharashtra,Ulhasnagar,"Sidhi Vinayak Nagar, Ulhasnagar - MPCB","04-08-2026 05:00:00",19.235581,73.159121,OZONE,1,11,3
India,Maharashtra,Virar,"Bolinj, Virar - MPCB","04-08-2026 05:00:00",19.445821,72.7988231,NO2,8,25,13
India,Maharashtra,Pune,"Dhankawadi, Pune - IITM","04-08-2026 05:00:00",18.459883,73.852193,OZONE,5,12,8
India,Maharashtra,Pune,"Panchawati_Pashan, Pune - IITM","04-08-2026 05:00:00",18.536457,73.805454,SO2,NA,NA,NA
India,Maharashtra,Pune,"Panchawati_Pashan, Pune - IITM","04-08-2026 05:00:00",18.536457,73.805454,OZONE,1,6,4
India,Maharashtra,Sangli,"Vijay Nagar, Sangli - MPCB","04-08-2026 05:00:00",16.5038,74.3623,NO2,3,9,5
India,Maharashtra,Sangli,"Vijay Nagar, Sangli - MPCB","04-08-2026 05:00:00",16.5038,74.3623,OZONE,16,21,19
India,Maharashtra,Satara,"Koyana Nagar, Satara - MPCB","04-08-2026 05:00:00",17.696651,74.003387,PM2.5,NA,NA,NA
India,Maharashtra,Satara,"Koyana Nagar, Satara - MPCB","04-08-2026 05:00:00",17.696651,74.003387,NH3,1,2,1
India,Maharashtra,Solapur,"Ratandeep Housing Society, Solapur - MPCB","04-08-2026 05:00:00",17.65439,75.90649,PM10,31,65,43
India,Maharashtra,Solapur,"Ratandeep Housing Society, Solapur - MPCB","04-08-2026 05:00:00",17.65439,75.90649,NO2,9,40,21
India,Odisha,Rourkela,"Sector-2, Rourkela - OSPCB","04-08-2026 05:00:00",22.245,84.88111111,NH3,NA,NA,NA
India,Odisha,Rourkela,"Fertilizer Township, Rourkela - OSPCB","04-08-2026 05:00:00",22.18972222,84.86277778,CO,16,20,17
India,Puducherry,Puducherry,"Jawahar Nagar, Puducherry - PPCC","04-08-2026 05:00:00",11.9309,79.8027,PM10,17,69,33
India,Puducherry,Puducherry,"Jawahar Nagar, Puducherry - PPCC","04-08-2026 05:00:00",11.9309,79.8027,NO2,9,75,18
India,Puducherry,Puducherry,"Jawahar Nagar, Puducherry - PPCC","04-08-2026 05:00:00",11.9309,79.8027,NH3,2,7,4
India,Puducherry,Puducherry,"Jawahar Nagar, Puducherry - PPCC","04-08-2026 05:00:00",11.9309,79.8027,CO,14,24,17
India,Punjab,Amritsar,"Golden Temple, Amritsar - PPCB","04-08-2026 05:00:00",31.62,74.876512,OZONE,16,19,17
India,Punjab,Jalandhar,"Civil Line, Jalandhar - PPCB","04-08-2026 05:00:00",31.321907,75.578914,SO2,14,17,16
India,Punjab,Jalandhar,"Civil Line, Jalandhar - PPCB","04-08-2026 05:00:00",31.321907,75.578914,OZONE,43,48,46
India,Punjab,Khanna,"Kalal Majra, Khanna - PPCB","04-08-2026 05:00:00",30.736056,76.209694,PM10,64,78,73
India,Punjab,Ludhiana,"Punjab Agricultural University, Ludhiana - PPCB","04-08-2026 05:00:00",30.9028,75.8086,PM10,52,105,75
India,Punjab,Ludhiana,"Punjab Agricultural University, Ludhiana - PPCB","04-08-2026 05:00:00",30.9028,75.8086,NH3,6,7,7
India,Punjab,"Mandi Gobindgarh","RIMT University, Mandi Gobindgarh - PPCB","04-08-2026 05:00:00",30.649961,76.331442,PM10,75,147,110
India,Punjab,"Mandi Gobindgarh","RIMT University, Mandi Gobindgarh - PPCB","04-08-2026 05:00:00",30.649961,76.331442,NO2,24,25,24
India,Punjab,"Mandi Gobindgarh","RIMT University, Mandi Gobindgarh - PPCB","04-08-2026 05:00:00",30.649961,76.331442,SO2,7,125,27
India,Punjab,"Mandi Gobindgarh","RIMT University, Mandi Gobindgarh - PPCB","04-08-2026 05:00:00",30.649961,76.331442,OZONE,36,36,36
India,Punjab,Patiala,"Model Town, Patiala - PPCB","04-08-2026 05:00:00",30.349388,76.366642,NH3,6,7,6
India,Punjab,Patiala,"Model Town, Patiala - PPCB","04-08-2026 05:00:00",30.349388,76.366642,SO2,4,18,11
India,Punjab,Rupnagar,"Ratanpura, Rupnagar - Ambuja Cements","04-08-2026 05:00:00",31.0325454,76.5623046,PM2.5,NA,NA,NA
India,Punjab,Rupnagar,"Ratanpura, Rupnagar - Ambuja Cements","04-08-2026 05:00:00",31.0325454,76.5623046,NO2,9,47,26
India,Rajasthan,Udaipur,"Ashok Nagar, Udaipur - RSPCB","04-08-2026 05:00:00",24.5886166,73.6321397,PM10,20,101,71
India,Rajasthan,Udaipur,"Ashok Nagar, Udaipur - RSPCB","04-08-2026 05:00:00",24.5886166,73.6321397,NH3,1,13,3
India,Rajasthan,Udaipur,"Ashok Nagar, Udaipur - RSPCB","04-08-2026 05:00:00",24.5886166,73.6321397,SO2,2,10,5
India,Sikkim,Gangtok,"Zero Point GICI, Gangtok - SSPCB","04-08-2026 05:00:00",27.33853,88.614099,PM2.5,7,25,14
India,"Tamil Nadu",Chennai,"Royapuram, Chennai - TNPCB","04-08-2026 05:00:00",13.1036,80.2909,PM10,22,92,49
India,"Tamil Nadu",Chennai,"Manali, Chennai - CPCB","04-08-2026 05:00:00",13.164544,80.26285,NO2,9,12,10
India,"Tamil Nadu",Chennai,"Manali, Chennai - CPCB","04-08-2026 05:00:00",13.164544,80.26285,NH3,6,7,7
India,"Tamil Nadu",Chennai,"Manali, Chennai - CPCB","04-08-2026 05:00:00",13.164544,80.26285,SO2,4,15,8
India,"Tamil Nadu",Chennai,"Arumbakkam, Chennai - TNPCB","04-08-2026 05:00:00",13.0664,80.2112,NO2,10,34,20
India,"Tamil Nadu",Chennai,"Arumbakkam, Chennai - TNPCB","04-08-2026 05:00:00",13.0664,80.2112,SO2,0,3,1
India,"Tamil Nadu",Chennai,"Manali Village, Chennai - TNPCB","04-08-2026 05:00:00",13.1662,80.2584,PM10,NA,NA,NA
India,"Tamil Nadu",Chennai,"Kodungaiyur, Chennai - TNPCB","04-08-2026 05:00:00",13.1278,80.2642,PM10,16,80,48
India,"Tamil Nadu",Chennai,"Kodungaiyur, Chennai - TNPCB","04-08-2026 05:00:00",13.1278,80.2642,CO,28,33,31
India,"Tamil Nadu",Chennai,"Kodungaiyur, Chennai - TNPCB","04-08-2026 05:00:00",13.1278,80.2642,OZONE,28,33,30
India,"Tamil Nadu",Chennai,"Perungudi, Chennai - TNPCB","04-08-2026 05:00:00",12.9533,80.2357,PM2.5,3,25,12
India,"Tamil Nadu",Coimbatore,"SIDCO Kurichi, Coimbatore - TNPCB","04-08-2026 05:00:00",10.942451,76.978996,NO2,22,23,22
India,"Tamil Nadu",Cuddalore,"Kudikadu, Cuddalore - TNPCB","04-08-2026 05:00:00",11.6829898,79.7532099,OZONE,4,11,8
India,"Tamil Nadu",Gummidipoondi,"Anthoni Pillai Nagar, Gummidipoondi - TNPCB","04-08-2026 05:00:00",13.4127,80.1081,SO2,8,25,18
India,"Tamil Nadu",Madurai,"Uchapatti, Madurai - TNPCB","04-08-2026 05:00:00",9.865935,78.022669,PM10,4,50,26
India,Telangana,Hyderabad,"Zoo Park, Hyderabad - TSPCB","04-08-2026 05:00:00",17.349694,78.451437,PM10,2,151,31
India,Telangana,Hyderabad,"Central University, Hyderabad - TSPCB","04-08-2026 05:00:00",17.460103,78.334361,PM10,19,60,39
India,Telangana,Hyderabad,"Central University, Hyderabad - TSPCB","04-08-2026 05:00:00",17.460103,78.334361,SO2,1,9,5
India,Telangana,Hyderabad,"IITH Kandi, Hyderabad - TSPCB","04-08-2026 05:00:00",17.585705,78.126199,PM2.5,39,50,46
India,Telangana,Hyderabad,"IITH Kandi, Hyderabad - TSPCB","04-08-2026 05:00:00",17.585705,78.126199,NH3,2,3,3
India,Telangana,Hyderabad,"Nacharam_TSIIC IALA, Hyderabad - TSPCB","04-08-2026 05:00:00",17.429398,78.569354,PM10,54,76,63
India,Rajasthan,Barmer,"Railway Colony, Barmer - RSPCB","04-08-2026 05:00:00",25.747299,71.393989,NO2,2,13,7
India,Rajasthan,Barmer,"Railway Colony, Barmer - RSPCB","04-08-2026 05:00:00",25.747299,71.393989,CO,4,15,11
India,Rajasthan,Bharatpur,"Krishna Nagar, Bharatpur - RSPCB","04-08-2026 05:00:00",27.215415,77.50873,PM2.5,3,27,10
India,Rajasthan,Bhilwara,"Pratap Nagar, Bhilwara - RSPCB","04-08-2026 05:00:00",25.339605,74.618883,PM2.5,22,83,50
India,Rajasthan,Bhilwara,"Pratap Nagar, Bhilwara - RSPCB","04-08-2026 05:00:00",25.339605,74.618883,NO2,7,14,10
India,Rajasthan,Bhilwara,"Pratap Nagar, Bhilwara - RSPCB","04-08-2026 05:00:00",25.339605,74.618883,OZONE,6,12,9
India,Rajasthan,Bhiwadi,"RIICO Ind. Area III, Bhiwadi - RSPCB","04-08-2026 05:00:00",28.194909,76.862296,NH3,6,16,9
India,Rajasthan,Bhiwadi,"Vasundhara Nagar_UIT, Bhiwadi - RSPCB","04-08-2026 05:00:00",28.207266,76.829265,SO2,5,10,8
India,Rajasthan,Bikaner,"MM Ground, Bikaner - RSPCB","04-08-2026 05:00:00",28.018792,73.292658,NO2,6,33,12
India,Rajasthan,Bikaner,"MM Ground, Bikaner - RSPCB","04-08-2026 05:00:00",28.018792,73.292658,NH3,3,4,4
India,Rajasthan,Bikaner,"MM Ground, Bikaner - RSPCB","04-08-2026 05:00:00",28.018792,73.292658,SO2,0,4,2
India,Rajasthan,Bikaner,"MM Ground, Bikaner - RSPCB","04-08-2026 05:00:00",28.018792,73.292658,OZONE,15,38,25
India,Rajasthan,Chittorgarh,"Shastri Nagar, Chittorgarh - RSPCB","04-08-2026 05:00:00",24.892047,74.623527,NO2,18,32,21
India,Rajasthan,Chittorgarh,"Shastri Nagar, Chittorgarh - RSPCB","04-08-2026 05:00:00",24.892047,74.623527,SO2,2,7,3
India,Rajasthan,Chittorgarh,"Shastri Nagar, Chittorgarh - RSPCB","04-08-2026 05:00:00",24.892047,74.623527,CO,9,16,12
India,Rajasthan,Churu,"Subash Chowk, Churu - RSPCB","04-08-2026 05:00:00",28.296139,74.961696,PM10,14,71,39
India,Rajasthan,Dholpur,"Raja Ganj, Dholpur - RSPCB","04-08-2026 05:00:00",26.699557,77.898881,OZONE,13,16,15
India,Rajasthan,Dungarpur,"Bhoiwada, Dungarpur - RSPCB","04-08-2026 05:00:00",23.837789,73.714926,PM2.5,22,77,50
India,Rajasthan,Dungarpur,"Bhoiwada, Dungarpur - RSPCB","04-08-2026 05:00:00",23.837789,73.714926,NH3,5,6,5
India,Rajasthan,Hanumangarh,"Housing Board, Hanumangarh - RSPCB","04-08-2026 05:00:00",29.61075,74.283608,SO2,2,3,2
India,Rajasthan,Hanumangarh,"Housing Board, Hanumangarh - RSPCB","04-08-2026 05:00:00",29.61075,74.283608,CO,14,18,16
India,Rajasthan,Hanumangarh,"Housing Board, Hanumangarh - RSPCB","04-08-2026 05:00:00",29.61075,74.283608,OZONE,22,32,25
India,Rajasthan,Jaipur,"Shastri Nagar, Jaipur - RSPCB","04-08-2026 05:00:00",26.9502929,75.730943,SO2,8,42,23
India,Rajasthan,Jodhpur,"Samrat Ashok Udhyan, Jodhpur - RSPCB","04-08-2026 05:00:00",26.253384,72.976571,PM10,35,109,68
India,Rajasthan,Jodhpur,"Samrat Ashok Udhyan, Jodhpur - RSPCB","04-08-2026 05:00:00",26.253384,72.976571,OZONE,11,22,14
India,Rajasthan,Jodhpur,"Jhalamand, Jodhpur - RSPCB","04-08-2026 05:00:00",26.215415,73.070156,PM2.5,17,70,45
India,Rajasthan,Jodhpur,"Mandor, Jodhpur - RSPCB","04-08-2026 05:00:00",26.358805,73.047444,PM2.5,28,80,52
India,Rajasthan,Jodhpur,"Digari Kalan, Jodhpur - RSPCB","04-08-2026 05:00:00",26.29581,73.082283,PM10,34,107,80
India,Rajasthan,Kota,"Nayapura, Kota - RSPCB","04-08-2026 05:00:00",25.196024,75.855668,PM10,27,69,48
India,Rajasthan,Kota,"Nayapura, Kota - RSPCB","04-08-2026 05:00:00",25.196024,75.855668,SO2,4,11,7
India,Rajasthan,Kota,"Nayapura, Kota - RSPCB","04-08-2026 05:00:00",25.196024,75.855668,OZONE,18,31,23
India,Rajasthan,Kota,"Dhanmandi, Kota - RSPCB","04-08-2026 05:00:00",25.16409,75.858137,NH3,2,4,3
India,Rajasthan,Kota,"Dhanmandi, Kota - RSPCB","04-08-2026 05:00:00",25.16409,75.858137,SO2,5,9,7
India,Rajasthan,Jaipur,"Sector-2 Murlipura, Jaipur - RSPCB","04-08-2026 05:00:00",26.960669,75.771817,OZONE,2,14,7
India,Rajasthan,Jaipur,"RIICO Sitapura, Jaipur - RSPCB","04-08-2026 05:00:00",26.786682,75.827928,SO2,2,11,5
India,Rajasthan,Jaipur,"Police Commissionerate, Jaipur - RSPCB","04-08-2026 05:00:00",26.9164092,75.7994901,NH3,3,54,35
India,Rajasthan,Jaipur,"Adarsh Nagar, Jaipur - RSPCB","04-08-2026 05:00:00",26.902909,75.836858,PM10,18,67,38
India,Rajasthan,Jaipur,"Mansarovar Sector-12, Jaipur - RSPCB","04-08-2026 05:00:00",26.843698,75.766894,PM2.5,5,53,28
India,Rajasthan,Jaipur,"Mansarovar Sector-12, Jaipur - RSPCB","04-08-2026 05:00:00",26.843698,75.766894,NO2,11,43,21
India,Rajasthan,Jodhpur,"Collectorate, Jodhpur - RSPCB","04-08-2026 05:00:00",26.268249,73.0193853,NH3,2,10,6
India,Rajasthan,Jodhpur,"Collectorate, Jodhpur - RSPCB","04-08-2026 05:00:00",26.268249,73.0193853,SO2,3,14,8
India,Rajasthan,Pali,"Indira Colony Vistar, Pali - RSPCB","04-08-2026 05:00:00",25.771061,73.340227,PM10,22,180,86
India,Rajasthan,Pali,"Indira Colony Vistar, Pali - RSPCB","04-08-2026 05:00:00",25.771061,73.340227,NH3,5,12,8
India,Rajasthan,Pali,"Indira Colony Vistar, Pali - RSPCB","04-08-2026 05:00:00",25.771061,73.340227,OZONE,8,10,9
India,Rajasthan,Pratapgarh,"Pragati Nagar, Pratapgarh - RSPCB","04-08-2026 05:00:00",24.041198,74.780702,CO,9,17,13
India,Rajasthan,Rajsamand,"Dhoinda, Rajsamand - RSPCB","04-08-2026 05:00:00",25.03636,73.883502,NO2,7,12,10
India,Rajasthan,Rajsamand,"Dhoinda, Rajsamand - RSPCB","04-08-2026 05:00:00",25.03636,73.883502,SO2,2,5,4
India,Rajasthan,"Sawai Madhopur","Sahu Nagar, Sawai Madhopur - RSPCB","04-08-2026 05:00:00",26.031443,76.359327,PM2.5,10,48,29
India,Rajasthan,Sirohi,"Vedhaynath Colony, Sirohi - RSPCB","04-08-2026 05:00:00",24.885261,72.857549,PM10,52,102,82
India,Rajasthan,Ajmer,"Civil Lines,  Ajmer - RSPCB","04-08-2026 05:00:00",26.470859,74.646594,PM10,25,96,57
India,Rajasthan,Ajmer,"Civil Lines,  Ajmer - RSPCB","04-08-2026 05:00:00",26.470859,74.646594,NO2,27,40,31
India,Rajasthan,Ajmer,"Civil Lines,  Ajmer - RSPCB","04-08-2026 05:00:00",26.470859,74.646594,CO,19,40,27
India,Rajasthan,Alwar,"Vigyan Nagar, Alwar - RSPCB","04-08-2026 05:00:00",27.598796,76.63861,NH3,8,13,10
India,Rajasthan,Alwar,"Vigyan Nagar, Alwar - RSPCB","04-08-2026 05:00:00",27.598796,76.63861,OZONE,6,14,12
India,Rajasthan,Banswara,"Rati Talai, Banswara - RSPCB","04-08-2026 05:00:00",23.55519,74.44001,OZONE,16,32,23
India,Rajasthan,Baran,"Bamboliya, Baran - RSPCB","04-08-2026 05:00:00",25.106006,76.469948,PM2.5,12,35,23
India,Uttarakhand,Rishikesh,"Shivaji Nagar, Rishikesh - UKPCB","04-08-2026 05:00:00",30.075911,78.2859547,OZONE,8,22,14
India,"West Bengal",Asansol,"Evelyn Lodge, Asansol - WBPCB","04-08-2026 05:00:00",23.697936,86.944395,NO2,8,39,16
India,"West Bengal",Asansol,"Mahabir Colliery, Asansol - WBPCB","04-08-2026 05:00:00",23.618183,87.105718,PM10,29,62,47
India,"West Bengal",Asansol,"Mahabir Colliery, Asansol - WBPCB","04-08-2026 05:00:00",23.618183,87.105718,NO2,2,2,2
India,"West Bengal",Asansol,"Trivenidevi Bhalotia College, Asansol - WBPCB","04-08-2026 05:00:00",23.616515,87.119133,SO2,35,38,36
India,"West Bengal",Barrackpore,"SVSPA Campus, Barrackpore - WBPCB","04-08-2026 05:00:00",22.7605581,88.3617589,CO,52,63,60
India,"West Bengal",Barrackpore,"SVSPA Campus, Barrackpore - WBPCB","04-08-2026 05:00:00",22.7605581,88.3617589,OZONE,1,3,2
India,"West Bengal",Durgapur,"Mahishkapur Road_B-Zone, Durgapur - WBPCB","04-08-2026 05:00:00",23.567923,87.306843,PM2.5,25,80,52
India,"West Bengal",Durgapur,"Mahishkapur Road_B-Zone, Durgapur - WBPCB","04-08-2026 05:00:00",23.567923,87.306843,OZONE,12,21,18
India,"West Bengal",Durgapur,"Womens College_City Center, Durgapur - WBPCB","04-08-2026 05:00:00",23.549395,87.300496,NO2,24,34,28
India,"West Bengal",Durgapur,"PCBL Residential Complex, Durgapur - WBPCB","04-08-2026 05:00:00",23.508764,87.35444,PM2.5,20,62,39
India,"West Bengal",Durgapur,"PCBL Residential Complex, Durgapur - WBPCB","04-08-2026 05:00:00",23.508764,87.35444,NO2,58,76,68
India,"West Bengal",Haldia,"Priyambada Housing Estate, Haldia - WBPCB","04-08-2026 05:00:00",22.06047,88.109737,NO2,6,17,9
India,"West Bengal",Haldia,"Priyambada Housing Estate, Haldia - WBPCB","04-08-2026 05:00:00",22.06047,88.109737,NH3,3,5,4
India,"Uttar Pradesh",Lucknow,"Lalbagh, Lucknow - CPCB","04-08-2026 05:00:00",26.8458805,80.9365541,OZONE,8,25,18
India,"Uttar Pradesh",Lucknow,"Kukrail Picnic Spot-1, Lucknow - UPPCB","04-08-2026 05:00:00",26.90723,80.98579,PM2.5,7,42,23
India,"Uttar Pradesh",Lucknow,"Kukrail Picnic Spot-1, Lucknow - UPPCB","04-08-2026 05:00:00",26.90723,80.98579,NO2,31,32,32
India,"Uttar Pradesh",Lucknow,"Talkatora District Industries Center, Lucknow - CPCB","04-08-2026 05:00:00",26.83399722,80.8917361,NO2,18,21,19
India,"Uttar Pradesh",Lucknow,"Talkatora District Industries Center, Lucknow - CPCB","04-08-2026 05:00:00",26.83399722,80.8917361,SO2,0,52,10
India,"Uttar Pradesh",Mathura,"Pali Dungra, Mathura - UPPCB","04-08-2026 05:00:00",27.410954,77.550619,SO2,3,4,4
India,"Uttar Pradesh",Meerut,"Pallavpuram Phase 2, Meerut - UPPCB","04-08-2026 05:00:00",29.06351,77.709723,NO2,18,44,25
India,"Uttar Pradesh",Meerut,"Pallavpuram Phase 2, Meerut - UPPCB","04-08-2026 05:00:00",29.06351,77.709723,CO,5,45,19
India,"Uttar Pradesh",Meerut,"Pallavpuram Phase 2, Meerut - UPPCB","04-08-2026 05:00:00",29.06351,77.709723,OZONE,15,20,17
India,"Uttar Pradesh",Meerut,"Jai Bhim Nagar, Meerut - UPPCB","04-08-2026 05:00:00",28.9535882,77.7622941,SO2,5,10,7
India,"Uttar Pradesh",Modinagar,"SRM University, Modinagar - UPPCB","04-08-2026 05:00:00",28.798171,77.540243,OZONE,2,7,4
India,"Uttar Pradesh",Moradabad,"Jigar Colony, Moradabad - UPPCB","04-08-2026 05:00:00",28.856664,78.772638,NH3,6,6,6
India,"Uttar Pradesh",Moradabad,"Jigar Colony, Moradabad - UPPCB","04-08-2026 05:00:00",28.856664,78.772638,CO,39,40,40
India,"Uttar Pradesh",Prayagraj,"Nagar Nigam, Prayagraj - UPPCB","04-08-2026 05:00:00",25.44919916,81.82735986,NO2,5,5,5
India,"Uttar Pradesh",Prayagraj,"Nagar Nigam, Prayagraj - UPPCB","04-08-2026 05:00:00",25.44919916,81.82735986,NH3,5,7,6
India,"Uttar Pradesh",Prayagraj,"Motilal Nehru NIT, Prayagraj - UPPCB","04-08-2026 05:00:00",25.494,81.863,PM10,NA,NA,NA
India,"Uttar Pradesh",Prayagraj,"Motilal Nehru NIT, Prayagraj - UPPCB","04-08-2026 05:00:00",25.494,81.863,NO2,12,12,12
India,"Uttar Pradesh",Prayagraj,"Motilal Nehru NIT, Prayagraj - UPPCB","04-08-2026 05:00:00",25.494,81.863,SO2,6,36,22
India,"Uttar Pradesh",Varanasi,"Maldahiya, Varanasi - UPPCB","04-08-2026 05:00:00",25.32393,82.99687,NH3,0,0,0
India,"Uttar Pradesh",Varanasi,"Maldahiya, Varanasi - UPPCB","04-08-2026 05:00:00",25.32393,82.99687,SO2,30,30,30
India,"Uttar Pradesh",Varanasi,"Maldahiya, Varanasi - UPPCB","04-08-2026 05:00:00",25.32393,82.99687,OZONE,3,4,4
India,"Uttar Pradesh",Varanasi,"Bhelupur, Varanasi - UPPCB","04-08-2026 05:00:00",25.301778,82.996789,NO2,8,8,8
India,"Uttar Pradesh",Varanasi,"Bhelupur, Varanasi - UPPCB","04-08-2026 05:00:00",25.301778,82.996789,SO2,31,38,33
India,"Uttar Pradesh",Varanasi,"Bhelupur, Varanasi - UPPCB","04-08-2026 05:00:00",25.301778,82.996789,OZONE,7,10,8
India,"Uttar Pradesh",Varanasi,"Ardhali Bazar, Varanasi - UPPCB","04-08-2026 05:00:00",25.3505986,82.9083074,PM10,14,62,40
India,"Uttar Pradesh",Vrindavan,"Omex Eternity, Vrindavan - UPPCB","04-08-2026 05:00:00",27.571409,77.655757,SO2,20,41,26
India,Uttarakhand,Kashipur,"Govt. Girls Inter College, Kashipur - UKPCB","04-08-2026 05:00:00",29.2124114,78.9611753,SO2,NA,NA,NA
India,Telangana,Hyderabad,"ICRISAT Patancheru, Hyderabad - TSPCB","04-08-2026 05:00:00",17.5184,78.278777,NO2,1,26,10
India,Tripura,Agartala,"Bardowali, Agartala - Tripura SPCB","04-08-2026 05:00:00",23.8175497,91.2726974,PM2.5,20,63,36
India,Tripura,Agartala,"Bardowali, Agartala - Tripura SPCB","04-08-2026 05:00:00",23.8175497,91.2726974,PM10,48,116,68
India,Tripura,Agartala,"Bardowali, Agartala - Tripura SPCB","04-08-2026 05:00:00",23.8175497,91.2726974,SO2,10,11,11
India,"Uttar Pradesh",Agra,"Shastripuram, Agra - UPPCB","04-08-2026 05:00:00",27.19862,77.92066,PM10,29,108,44
India,"Uttar Pradesh",Agra,"Shastripuram, Agra - UPPCB","04-08-2026 05:00:00",27.19862,77.92066,SO2,33,33,33
India,"Uttar Pradesh",Agra,"Manoharpur, Agra - UPPCB","04-08-2026 05:00:00",27.23711,78.01936,NO2,19,30,23
India,"Uttar Pradesh",Agra,"Manoharpur, Agra - UPPCB","04-08-2026 05:00:00",27.23711,78.01936,SO2,1,20,11
India,"Uttar Pradesh",Agra,"Sanjay Palace, Agra - UPPCB","04-08-2026 05:00:00",27.19865833,78.00598056,CO,27,29,28
India,"Uttar Pradesh",Agra,"Sector-3B Avas Vikas Colony, Agra - UPPCB","04-08-2026 05:00:00",27.19412,77.96237,CO,8,35,20
India,"Uttar Pradesh",Baghpat,"Sardar Patel Inter College, Baghpat - UPPCB","04-08-2026 05:00:00",28.964949,77.278761,PM2.5,NA,NA,NA
India,"Uttar Pradesh",Hapur,"Anand Vihar, Hapur - UPPCB","04-08-2026 05:00:00",28.725645,77.749675,SO2,3,17,12
India,"Uttar Pradesh",Jhansi,"Shivaji Nagar, Jhansi - UPPCB","04-08-2026 05:00:00",25.4547,78.6039,NO2,6,6,6
India,"Uttar Pradesh",Jhansi,"Shivaji Nagar, Jhansi - UPPCB","04-08-2026 05:00:00",25.4547,78.6039,SO2,22,31,24
India,"Uttar Pradesh",Kanpur,"NSI Kalyanpur, Kanpur - UPPCB","04-08-2026 05:00:00",26.509954,80.249612,NH3,2,2,2
India,"Uttar Pradesh",Kanpur,"NSI Kalyanpur, Kanpur - UPPCB","04-08-2026 05:00:00",26.509954,80.249612,CO,17,32,22
India,"Uttar Pradesh",Kanpur,"Nehru Nagar, Kanpur - UPPCB","04-08-2026 05:00:00",26.4703136,80.3229863,PM2.5,13,39,29
India,"Uttar Pradesh",Kanpur,"Nehru Nagar, Kanpur - UPPCB","04-08-2026 05:00:00",26.4703136,80.3229863,NO2,43,49,47
India,"Uttar Pradesh",Kanpur,"FTI Kidwai Nagar, Kanpur - UPPCB","04-08-2026 05:00:00",26.428282,80.327067,PM10,26,170,52
India,"Uttar Pradesh",Khurja,"Kalindi Kunj, Khurja - UPPCB","04-08-2026 05:00:00",28.2348927,77.8683002,SO2,10,11,10
India,"Uttar Pradesh",Khurja,"Kalindi Kunj, Khurja - UPPCB","04-08-2026 05:00:00",28.2348927,77.8683002,CO,49,101,84
India,"Uttar Pradesh",Lucknow,"Gomti Nagar, Lucknow - UPPCB","04-08-2026 05:00:00",26.86812,81.005119,OZONE,39,40,39
India,Telangana,Hyderabad,"Nacharam_TSIIC IALA, Hyderabad - TSPCB","04-08-2026 05:00:00",17.429398,78.569354,NH3,4,6,5
India,Telangana,Hyderabad,"New Malakpet, Hyderabad - TSPCB","04-08-2026 05:00:00",17.37206,78.50864,PM10,45,50,46
India,Telangana,Hyderabad,"New Malakpet, Hyderabad - TSPCB","04-08-2026 05:00:00",17.37206,78.50864,OZONE,15,26,17
India,Telangana,Hyderabad,"Kokapet, Hyderabad - TSPCB","04-08-2026 05:00:00",17.393559,78.339194,CO,19,35,23
India,Telangana,Hyderabad,"ECIL Kapra, Hyderabad - TSPCB","04-08-2026 05:00:00",17.470431,78.566959,NH3,1,6,4
India,Telangana,Hyderabad,"Somajiguda, Hyderabad - TSPCB","04-08-2026 05:00:00",17.417094,78.457437,PM2.5,41,49,44
India,Telangana,Hyderabad,"Somajiguda, Hyderabad - TSPCB","04-08-2026 05:00:00",17.417094,78.457437,PM10,48,58,52
India,Telangana,Hyderabad,"Somajiguda, Hyderabad - TSPCB","04-08-2026 05:00:00",17.417094,78.457437,SO2,11,13,12
India,Telangana,Hyderabad,"IDA Pashamylaram, Hyderabad - TSPCB","04-08-2026 05:00:00",17.5316895,78.218939,OZONE,22,23,23
India,Telangana,Hyderabad,"Sanathnagar, Hyderabad - TSPCB","04-08-2026 05:00:00",17.4559458,78.4332152,PM2.5,2,55,21
India,Telangana,Hyderabad,"Sanathnagar, Hyderabad - TSPCB","04-08-2026 05:00:00",17.4559458,78.4332152,PM10,NA,NA,NA
India,"Uttar Pradesh",Bareilly,"Rajendra Nagar, Bareilly - UPPCB","04-08-2026 05:00:00",28.38910936,79.42963708,NO2,6,10,9
India,"Uttar Pradesh",Bareilly,"Rajendra Nagar, Bareilly - UPPCB","04-08-2026 05:00:00",28.38910936,79.42963708,OZONE,NA,NA,NA
India,"Uttar Pradesh",Bulandshahr,"Yamunapuram, Bulandshahr - UPPCB","04-08-2026 05:00:00",28.406963,77.849831,CO,24,33,27
India,"Uttar Pradesh",Firozabad,"Nagla Bhau, Firozabad - UPPCB","04-08-2026 05:00:00",27.168897,78.37696,PM2.5,13,44,27
India,"Uttar Pradesh",Firozabad,"Nagla Bhau, Firozabad - UPPCB","04-08-2026 05:00:00",27.168897,78.37696,PM10,19,64,38
India,"Uttar Pradesh",Firozabad,"Nagla Bhau, Firozabad - UPPCB","04-08-2026 05:00:00",27.168897,78.37696,NH3,2,2,2
India,"Uttar Pradesh",Gajraula,"Rajanpur, Gajraula - UPPCB","04-08-2026 05:00:00",28.829109,78.248796,NO2,NA,NA,NA
India,"Uttar Pradesh",Gajraula,"Rajanpur, Gajraula - UPPCB","04-08-2026 05:00:00",28.829109,78.248796,NH3,NA,NA,NA
India,"Uttar Pradesh",Gajraula,"Rajanpur, Gajraula - UPPCB","04-08-2026 05:00:00",28.829109,78.248796,SO2,NA,NA,NA
India,"Uttar Pradesh",Ghaziabad,"Ved Vihar-Loni, Ghaziabad - UPPCB","04-08-2026 05:00:00",28.739153,77.273668,PM2.5,18,87,59
India,"Uttar Pradesh",Ghaziabad,"Indirapuram, Ghaziabad - UPPCB","04-08-2026 05:00:00",28.646233,77.358075,OZONE,15,16,16
India,"Uttar Pradesh",Moradabad,"Kashiram Nagar, Moradabad - UPPCB","04-08-2026 05:00:00",28.849399,78.742362,OZONE,14,20,17
India,"Uttar Pradesh",Moradabad,"Employment Office, Moradabad - UPPCB","04-08-2026 05:00:00",28.88528,78.7388,CO,16,17,17
India,"Uttar Pradesh",Moradabad,"Eco Herbal Park, Moradabad - UPPCB","04-08-2026 05:00:00",28.840739,78.697531,NO2,14,21,18
India,"Uttar Pradesh",Moradabad,"Eco Herbal Park, Moradabad - UPPCB","04-08-2026 05:00:00",28.840739,78.697531,SO2,8,14,11
India,"Uttar Pradesh",Moradabad,"Buddhi Vihar, Moradabad - UPPCB","04-08-2026 05:00:00",28.83526,78.7446,NH3,5,5,5
India,"Uttar Pradesh",Muzaffarnagar,"New Mandi, Muzaffarnagar - UPPCB","04-08-2026 05:00:00",29.4723508,77.7194031,PM2.5,25,81,49
India,"Uttar Pradesh",Muzaffarnagar,"New Mandi, Muzaffarnagar - UPPCB","04-08-2026 05:00:00",29.4723508,77.7194031,NO2,12,55,19
India,"Uttar Pradesh",Muzaffarnagar,"New Mandi, Muzaffarnagar - UPPCB","04-08-2026 05:00:00",29.4723508,77.7194031,OZONE,18,36,23
India,"Uttar Pradesh",Noida,"Sector - 62, Noida - IITM","04-08-2026 05:00:00",28.6245479,77.3577104,NO2,2,26,10
India,"Uttar Pradesh",Ghaziabad,"Wave City, Ghaziabad - UPPCB","04-08-2026 05:00:00",28.646675,77.489049,SO2,2,5,4
India,"Uttar Pradesh",Ghaziabad,"Vasundhara, Ghaziabad - UPPCB","04-08-2026 05:00:00",28.6603346,77.3572563,SO2,2,20,6
India,"Uttar Pradesh",Ghaziabad,"Govindpuram, Ghaziabad - UPPCB","04-08-2026 05:00:00",28.694528,77.494705,SO2,2,6,4
India,"Uttar Pradesh",Ghaziabad,"Govindpuram, Ghaziabad - UPPCB","04-08-2026 05:00:00",28.694528,77.494705,OZONE,8,14,11
India,"Uttar Pradesh",Gorakhpur,"Madan Mohan Malaviya University of Technology, Gorakhpur - UPPCB","04-08-2026 05:00:00",26.730136,83.433859,PM10,2,110,57
India,"Uttar Pradesh","Greater Noida","Knowledge Park - III, Greater Noida - UPPCB","04-08-2026 05:00:00",28.47272,77.482,NH3,9,27,13
India,"Uttar Pradesh","Greater Noida","Knowledge Park - V, Greater Noida - UPPCB","04-08-2026 05:00:00",28.557054,77.453663,NO2,9,42,24
India,"West Bengal",Howrah,"Dasnagar, Howrah - WBPCB","04-08-2026 05:00:00",22.6025571,88.3105664,NO2,3,16,7
India,"West Bengal",Howrah,"Dasnagar, Howrah - WBPCB","04-08-2026 05:00:00",22.6025571,88.3105664,OZONE,20,35,25
India,"West Bengal",Howrah,"Padmapukur, Howrah - WBPCB","04-08-2026 05:00:00",22.5687319,88.2797276,NO2,15,52,29
India,"West Bengal",Howrah,"Padmapukur, Howrah - WBPCB","04-08-2026 05:00:00",22.5687319,88.2797276,OZONE,11,17,14
India,"West Bengal",Howrah,"Botanical Garden, Howrah - WBPCB","04-08-2026 05:00:00",22.554954,88.292568,PM10,54,120,73
India,"West Bengal",Howrah,"Belur Math, Howrah - WBPCB","04-08-2026 05:00:00",22.629801,88.352017,PM10,50,108,71
India,"West Bengal",Kolkata,"Fort William, Kolkata - WBPCB","04-08-2026 05:00:00",22.55664,88.342674,PM10,32,71,52
India,"West Bengal",Kolkata,"Ballygunge, Kolkata - WBPCB","04-08-2026 05:00:00",22.5367507,88.3638022,PM2.5,27,70,46
India,"West Bengal",Kolkata,"Ballygunge, Kolkata - WBPCB","04-08-2026 05:00:00",22.5367507,88.3638022,NH3,9,17,11
India,"West Bengal",Kolkata,"Ballygunge, Kolkata - WBPCB","04-08-2026 05:00:00",22.5367507,88.3638022,SO2,3,8,5
India,"West Bengal",Kolkata,"Rabindra Sarobar, Kolkata - WBPCB","04-08-2026 05:00:00",22.51106,88.35142,PM10,29,45,36
India,"West Bengal",Kolkata,"Jadavpur, Kolkata - WBPCB","04-08-2026 05:00:00",22.49929,88.36917,PM2.5,47,84,63
India,"West Bengal",Kolkata,"Rabindra Bharati University, Kolkata - WBPCB","04-08-2026 05:00:00",22.627847,88.380669,PM10,40,89,63
India,"West Bengal",Kolkata,"Rabindra Bharati University, Kolkata - WBPCB","04-08-2026 05:00:00",22.627847,88.380669,NH3,4,7,5
India,"West Bengal",Kolkata,"Victoria, Kolkata - WBPCB","04-08-2026 05:00:00",22.5448082,88.3403691,PM10,98,113,106
India,"West Bengal",Siliguri,"Ward-32 Bapupara, Siliguri - WBPCB","04-08-2026 05:00:00",26.6879226,88.4152495,PM2.5,14,26,20
India,"West Bengal",Siliguri,"Ward-32 Bapupara, Siliguri - WBPCB","04-08-2026 05:00:00",26.6879226,88.4152495,NO2,101,140,119
India,Bihar,Gaya,"SFTI Kusdihra, Gaya - BSPCB","04-08-2026 05:00:00",24.762518,84.982348,SO2,9,10,9
India,Bihar,Gaya,"SFTI Kusdihra, Gaya - BSPCB","04-08-2026 05:00:00",24.762518,84.982348,OZONE,10,24,15
India,Bihar,Gaya,"Collectorate, Gaya - BSPCB","04-08-2026 05:00:00",24.7955,84.9994,PM10,NA,NA,NA
India,Bihar,Gaya,"Collectorate, Gaya - BSPCB","04-08-2026 05:00:00",24.7955,84.9994,NO2,8,10,9
India,Bihar,Gaya,"Collectorate, Gaya - BSPCB","04-08-2026 05:00:00",24.7955,84.9994,OZONE,28,29,28
India,Bihar,Gaya,"Kareemganj, Gaya - BSPCB","04-08-2026 05:00:00",24.792403,84.992416,CO,76,120,98
India,Bihar,Hajipur,"Industrial Area, Hajipur - BSPCB","04-08-2026 05:00:00",25.697189,85.2459,NO2,14,35,25
India,Bihar,Hajipur,"Industrial Area, Hajipur - BSPCB","04-08-2026 05:00:00",25.697189,85.2459,NH3,16,18,17
India,Bihar,Hajipur,"Industrial Area, Hajipur - BSPCB","04-08-2026 05:00:00",25.697189,85.2459,OZONE,13,35,23
India,Bihar,Motihari,"Gandak Colony, Motihari - BSPCB","04-08-2026 05:00:00",26.63086,84.90051,SO2,NA,NA,NA
India,Bihar,Munger,"Town Hall, Munger - BSPCB","04-08-2026 05:00:00",25.376776,86.471523,PM10,3,110,56
India,Bihar,Aurangabad,"Gurdeo Nagar, Aurangabad - BSPCB","04-08-2026 05:00:00",24.75746,84.366208,PM10,NA,NA,NA
India,Bihar,Aurangabad,"Gurdeo Nagar, Aurangabad - BSPCB","04-08-2026 05:00:00",24.75746,84.366208,NO2,NA,NA,NA
India,Bihar,Aurangabad,"Gurdeo Nagar, Aurangabad - BSPCB","04-08-2026 05:00:00",24.75746,84.366208,CO,28,28,28
India,Bihar,Begusarai,"Lohiyanagar, Begusarai - BSPCB","04-08-2026 05:00:00",25.42742023,86.13886079,PM10,6,103,36
India,Bihar,Begusarai,"Lohiyanagar, Begusarai - BSPCB","04-08-2026 05:00:00",25.42742023,86.13886079,NH3,15,17,16
India,Bihar,Bhagalpur,"Mayaganj, Bhagalpur - BSPCB","04-08-2026 05:00:00",25.265194,87.012947,NO2,7,8,7
India,Bihar,Bhagalpur,"Mayaganj, Bhagalpur - BSPCB","04-08-2026 05:00:00",25.265194,87.012947,SO2,17,25,23
India,Bihar,Bhagalpur,"DM Office_Kachari Chowk, Bhagalpur - BSPCB","04-08-2026 05:00:00",25.251013,86.989001,NH3,NA,NA,NA
India,Bihar,Chhapra,"Darshan Nagar, Chhapra - BSPCB","04-08-2026 05:00:00",25.7808257,84.7446768,PM10,80,88,84
India,Bihar,Chhapra,"Darshan Nagar, Chhapra - BSPCB","04-08-2026 05:00:00",25.7808257,84.7446768,SO2,28,31,30
India,Assam,Nagaon,"Christianpatty, Nagaon - PCBA","04-08-2026 05:00:00",26.349082,92.68449,CO,2,26,17
India,Assam,Nalbari,"Bata Chowk, Nalbari - PCBA","04-08-2026 05:00:00",26.446912,91.439057,NO2,14,15,14
India,Assam,Nalbari,"Bata Chowk, Nalbari - PCBA","04-08-2026 05:00:00",26.446912,91.439057,SO2,8,8,8
India,Assam,Silchar,"Tarapur, Silchar - PCBA","04-08-2026 05:00:00",24.82827,92.79525,SO2,4,8,6
India,Bihar,Araria,"Kharahiya Basti, Araria - BSPCB","04-08-2026 05:00:00",26.146529,87.454184,NO2,11,20,15
India,Bihar,Arrah,"New DM Office, Arrah - BSPCB","04-08-2026 05:00:00",25.5626095,84.663264,CO,47,62,54
India,"Andhra Pradesh",Kakinada,"Rama Rao Peta, Kakinada - APPCB","04-08-2026 05:00:00",16.962488,82.229513,CO,3,10,6
India,"Andhra Pradesh",Kurnool,"Sita Rama Nagar, Kurnool - APPCB","04-08-2026 05:00:00",15.83411,78.028546,OZONE,12,21,15
India,"Andhra Pradesh",Machilipatnam,"Srinivas Nagar Colony, Machilipatnam - APPCB","04-08-2026 05:00:00",16.186555,81.13219,NO2,16,28,21
India,"Andhra Pradesh",Rajamahendravaram,"Anand Kala Kshetram, Rajamahendravaram - APPCB","04-08-2026 05:00:00",16.9872867,81.7363176,NH3,2,3,3
India,"Andhra Pradesh",Vijayawada,"Rajiv Nagar, Vijayawada - APPCB","04-08-2026 05:00:00",16.554731,80.64911,SO2,7,18,12
India,"Andhra Pradesh",Visakhapatnam,"GVM Corporation, Visakhapatnam - APPCB","04-08-2026 05:00:00",17.72,83.3,PM10,33,181,97
India,"Andhra Pradesh",Visakhapatnam,"GVM Corporation, Visakhapatnam - APPCB","04-08-2026 05:00:00",17.72,83.3,SO2,1,13,7
India,"Andhra Pradesh",Visakhapatnam,"GVM Corporation, Visakhapatnam - APPCB","04-08-2026 05:00:00",17.72,83.3,CO,2,12,6
India,Assam,Guwahati,"IITG, Guwahati - PCBA","04-08-2026 05:00:00",26.2028636,91.70046436,PM10,8,40,39
India,"Andhra Pradesh",Tirumala,"Toll Gate, Tirumala - APPCB","04-08-2026 05:00:00",13.67,79.35,OZONE,12,19,16
India,"Andhra Pradesh",Tirupati,"Vaikuntapuram, Tirupati - APPCB","04-08-2026 05:00:00",13.615387,79.40923,PM2.5,53,83,64
India,"Andhra Pradesh",Tirupati,"Vaikuntapuram, Tirupati - APPCB","04-08-2026 05:00:00",13.615387,79.40923,NO2,24,31,29
India,"Andhra Pradesh",Vijayawada,"Rajiv Gandhi Park, Vijayawada - APPCB","04-08-2026 05:00:00",16.509717,80.612222,CO,38,41,40
India,"Andhra Pradesh",Chittoor,"Gangineni Cheruvu, Chittoor - APPCB","04-08-2026 05:00:00",13.20488,79.097889,SO2,14,23,18
India,"Andhra Pradesh",Chittoor,"Gangineni Cheruvu, Chittoor - APPCB","04-08-2026 05:00:00",13.20488,79.097889,CO,16,21,18
India,"Andhra Pradesh",Eluru,"District Court, Eluru - APPCB","04-08-2026 05:00:00",16.711754,81.092095,NH3,4,7,6
India,"Andhra Pradesh",Guntur,"Rajendra Nagar North, Guntur - APPCB","04-08-2026 05:00:00",16.316553,80.413302,OZONE,16,35,19
India,"Andhra Pradesh",Kakinada,"Rama Rao Peta, Kakinada - APPCB","04-08-2026 05:00:00",16.962488,82.229513,PM10,43,75,61
India,Assam,Guwahati,"Pan Bazaar, Guwahati - PCBA","04-08-2026 05:00:00",26.1875,91.744194,PM2.5,0,50,22
India,Assam,Guwahati,"Pan Bazaar, Guwahati - PCBA","04-08-2026 05:00:00",26.1875,91.744194,OZONE,11,15,13
India,"Andhra Pradesh",Amaravati,"Secretariat, Amaravati - APPCB","04-08-2026 05:00:00",16.5150833,80.5181667,PM2.5,2,58,21
India,Bihar,Munger,"Town Hall, Munger - BSPCB","04-08-2026 05:00:00",25.376776,86.471523,OZONE,14,48,32
India,Bihar,Muzaffarpur,"Buddha Colony, Muzaffarpur - BSPCB","04-08-2026 05:00:00",26.11442,85.39813,PM10,26,61,41
India,Bihar,Muzaffarpur,"Buddha Colony, Muzaffarpur - BSPCB","04-08-2026 05:00:00",26.11442,85.39813,NH3,5,9,7
India,Bihar,Muzaffarpur,"Buddha Colony, Muzaffarpur - BSPCB","04-08-2026 05:00:00",26.11442,85.39813,OZONE,6,10,8
India,Bihar,Patna,"IGSC Planetarium Complex, Patna - BSPCB","04-08-2026 05:00:00",25.610369,85.132568,PM2.5,12,123,48
India,Bihar,Patna,"IGSC Planetarium Complex, Patna - BSPCB","04-08-2026 05:00:00",25.610369,85.132568,SO2,14,32,27
India,Bihar,Patna,"Rajbansi Nagar, Patna - BSPCB","04-08-2026 05:00:00",25.599486,85.113666,NO2,28,33,31
India,Bihar,Patna,"Rajbansi Nagar, Patna - BSPCB","04-08-2026 05:00:00",25.599486,85.113666,SO2,1,11,7
India,Bihar,Patna,"Rajbansi Nagar, Patna - BSPCB","04-08-2026 05:00:00",25.599486,85.113666,OZONE,27,28,27
India,Bihar,Patna,"DRM Office Danapur, Patna - BSPCB","04-08-2026 05:00:00",25.586562,85.043586,PM2.5,31,67,46
India,Bihar,Patna,"Muradpur, Patna - BSPCB","04-08-2026 05:00:00",25.619651,85.147382,NH3,4,5,5
India,Bihar,Patna,"Muradpur, Patna - BSPCB","04-08-2026 05:00:00",25.619651,85.147382,SO2,8,9,9
India,Bihar,Patna,"Govt. High School Shikarpur, Patna - BSPCB","04-08-2026 05:00:00",25.592539,85.227158,PM2.5,40,47,43
India,Bihar,Patna,"Govt. High School Shikarpur, Patna - BSPCB","04-08-2026 05:00:00",25.592539,85.227158,PM10,41,79,60
India,Delhi,Delhi,"IGI Airport (T3), Delhi - IITM","04-08-2026 05:00:00",28.5627763,77.1180053,NH3,NA,NA,NA
India,Delhi,Delhi,"IGI Airport (T3), Delhi - IITM","04-08-2026 05:00:00",28.5627763,77.1180053,SO2,NA,NA,NA
India,Delhi,Delhi,"IGNOU_Maidan Garhi, Delhi - DPCC","04-08-2026 05:00:00",28.493624,77.201159,PM2.5,2,22,13
India,Delhi,Delhi,"IGNOU_Maidan Garhi, Delhi - DPCC","04-08-2026 05:00:00",28.493624,77.201159,NO2,1,10,3
India,Delhi,Delhi,"IGNOU_Maidan Garhi, Delhi - DPCC","04-08-2026 05:00:00",28.493624,77.201159,NH3,1,5,3
India,Delhi,Delhi,"Commonwealth Sports Complex, Delhi - DPCC","04-08-2026 05:00:00",28.615828,77.271992,PM10,35,88,60
India,Delhi,Delhi,"Commonwealth Sports Complex, Delhi - DPCC","04-08-2026 05:00:00",28.615828,77.271992,SO2,2,6,4
India,Delhi,Delhi,"Talkatora Garden, Delhi - DPCC","04-08-2026 05:00:00",28.62181,77.1944633,PM10,20,55,35
India,Delhi,Delhi,"Aya Nagar, Delhi - IITM","04-08-2026 05:00:00",28.4706914,77.1099364,PM10,2,115,60
India,Delhi,Delhi,"CRRI Mathura Road, Delhi - IITM","04-08-2026 05:00:00",28.5512005,77.2735737,SO2,NA,NA,NA
India,Delhi,Delhi,"CRRI Mathura Road, Delhi - IITM","04-08-2026 05:00:00",28.5512005,77.2735737,OZONE,14,25,21
India,Chhattisgarh,Tumidih,"OP Jindal Industrial Park, Tumidih - CECB","04-08-2026 05:00:00",22.06631475,83.33820077,NH3,1,2,1
India,Chhattisgarh,Tumidih,"OP Jindal Industrial Park, Tumidih - CECB","04-08-2026 05:00:00",22.06631475,83.33820077,SO2,5,5,5
India,Delhi,Delhi,"ITO, Delhi - CPCB","04-08-2026 05:00:00",28.628624,77.24106,SO2,3,36,21
India,Delhi,Delhi,"NSUT Jaffarpur, Delhi - DPCC","04-08-2026 05:00:00",28.594004,76.909423,NO2,10,34,18
India,Delhi,Delhi,"NSUT Jaffarpur, Delhi - DPCC","04-08-2026 05:00:00",28.594004,76.909423,NH3,1,16,6
India,Delhi,Delhi,"NSUT Jaffarpur, Delhi - DPCC","04-08-2026 05:00:00",28.594004,76.909423,SO2,5,9,6
India,Delhi,Delhi,"Punjabi Bagh, Delhi - DPCC","04-08-2026 05:00:00",28.674045,77.131023,NO2,16,37,24
India,Delhi,Delhi,"Punjabi Bagh, Delhi - DPCC","04-08-2026 05:00:00",28.674045,77.131023,OZONE,29,301,110
India,Delhi,Delhi,"Shadipur, Delhi - CPCB","04-08-2026 05:00:00",28.6514781,77.1473105,PM2.5,21,52,40
India,Delhi,Delhi,"Shadipur, Delhi - CPCB","04-08-2026 05:00:00",28.6514781,77.1473105,NH3,6,12,9
India,Delhi,Delhi,"Shadipur, Delhi - CPCB","04-08-2026 05:00:00",28.6514781,77.1473105,SO2,5,18,13
India,Bihar,Patna,"Govt. High School Shikarpur, Patna - BSPCB","04-08-2026 05:00:00",25.592539,85.227158,CO,31,43,36
India,Bihar,Purnia,"Mariam Nagar, Purnia - BSPCB","04-08-2026 05:00:00",25.366336,87.117468,PM10,13,34,24
India,Bihar,Saharsa,"Police Line, Saharsa - BSPCB","04-08-2026 05:00:00",25.892357,86.590325,CO,27,42,36
India,Bihar,Sasaram,"Dada Peer, Sasaram - BSPCB","04-08-2026 05:00:00",24.952822,84.002396,NO2,2,4,2
India,Chandigarh,Chandigarh,"Sector-53, Chandigarh - CPCC","04-08-2026 05:00:00",30.719859,76.738637,PM10,11,29,18
India,Chandigarh,Chandigarh,"Sector-53, Chandigarh - CPCC","04-08-2026 05:00:00",30.719859,76.738637,NO2,17,65,34
India,Chandigarh,Chandigarh,"Sector 22, Chandigarh - CPCC","04-08-2026 05:00:00",30.735567,76.775714,NH3,10,37,18
India,Delhi,Delhi,"Mandir Marg, Delhi - DPCC","04-08-2026 05:00:00",28.636429,77.201067,NH3,9,15,12
India,Delhi,Delhi,"Mandir Marg, Delhi - DPCC","04-08-2026 05:00:00",28.636429,77.201067,SO2,NA,NA,NA
India,Delhi,Delhi,"Pusa, Delhi - DPCC","04-08-2026 05:00:00",28.639652,77.146275,NH3,7,12,10
India,Delhi,Delhi,"Sirifort, Delhi - CPCB","04-08-2026 05:00:00",28.5504249,77.2159377,NO2,10,31,19
India,Delhi,Delhi,"Sirifort, Delhi - CPCB","04-08-2026 05:00:00",28.5504249,77.2159377,OZONE,22,84,46
India,Delhi,Delhi,"Chandni Chowk, Delhi - IITM","04-08-2026 05:00:00",28.656756,77.227234,SO2,5,31,19
India,Delhi,Delhi,"Chandni Chowk, Delhi - IITM","04-08-2026 05:00:00",28.656756,77.227234,CO,60,97,74
India,Delhi,Delhi,"Pusa, Delhi - IITM","04-08-2026 05:00:00",28.63611,77.173332,NH3,NA,NA,NA
India,Delhi,Delhi,"Pusa, Delhi - IITM","04-08-2026 05:00:00",28.63611,77.173332,SO2,NA,NA,NA
India,Delhi,Delhi,"IIT Delhi, Delhi - IITM","04-08-2026 05:00:00",28.54246,77.191651,PM10,16,177,72
India,Delhi,Delhi,"IIT Delhi, Delhi - IITM","04-08-2026 05:00:00",28.54246,77.191651,CO,34,57,45
India,Delhi,Delhi,"IIT Delhi, Delhi - IITM","04-08-2026 05:00:00",28.54246,77.191651,OZONE,16,27,21
India,Delhi,Delhi,"Dr. Karni Singh Shooting Range, Delhi - DPCC","04-08-2026 05:00:00",28.498571,77.26484,OZONE,1,19,10
India,Delhi,Delhi,"Dwarka-Sector 8, Delhi - DPCC ","04-08-2026 05:00:00",28.5710274,77.0719006,NH3,7,12,9
India,Delhi,Delhi,"Dwarka-Sector 8, Delhi - DPCC ","04-08-2026 05:00:00",28.5710274,77.0719006,SO2,8,16,14
India,Delhi,Delhi,"DTU, Delhi - CPCB","04-08-2026 05:00:00",28.7500499,77.1112615,OZONE,16,23,19
India,Chandigarh,Chandigarh,"Sector 22, Chandigarh - CPCC","04-08-2026 05:00:00",30.735567,76.775714,SO2,3,7,5
India,Chhattisgarh,Bhilai,"Civic Center, Bhilai - Bhilai Steel Plant","04-08-2026 05:00:00",21.185571,81.343175,PM2.5,2,28,11
India,Chhattisgarh,Bhilai,"Hathkhoj, Bhilai - CECB","04-08-2026 05:00:00",21.224231,81.40835,PM2.5,7,48,25
India,Chhattisgarh,Bilaspur,"Mangala, Bilaspur - NTPC","04-08-2026 05:00:00",22.08815,82.13737,SO2,5,15,10
India,Chhattisgarh,Korba,"Urja Nagar, Korba - CECB","04-08-2026 05:00:00",22.348441,82.549611,PM2.5,9,30,20
India,Delhi,Delhi,"IMD Lodhi Road, Delhi - IITM","04-08-2026 05:00:00",28.5918245,77.2273074,NO2,3,23,10
India,Delhi,Delhi,"IMD Lodhi Road, Delhi - IITM","04-08-2026 05:00:00",28.5918245,77.2273074,CO,11,24,16
India,Delhi,Delhi,"Alipur, Delhi - DPCC","04-08-2026 05:00:00",28.815329,77.15301,OZONE,3,5,4
India,Delhi,Delhi,"North Campus, DU, Delhi - IITM","04-08-2026 05:00:00",28.6573814,77.1585447,PM10,39,84,63
India,Delhi,Delhi,"North Campus, DU, Delhi - IITM","04-08-2026 05:00:00",28.6573814,77.1585447,NO2,85,232,132
India,Delhi,Delhi,"North Campus, DU, Delhi - IITM","04-08-2026 05:00:00",28.6573814,77.1585447,CO,7,57,32
India,Chhattisgarh,Raipur,"Krishak Nagar, Raipur - CECB","04-08-2026 05:00:00",21.237755,81.705301,OZONE,1,7,4
India,Chhattisgarh,Raipur,"Siltara Phase-II, Raipur - CECB","04-08-2026 05:00:00",21.371751,81.664929,PM2.5,26,74,37
India,Chhattisgarh,Raipur,"Bhatagaon New ISBT, Raipur - CECB","04-08-2026 05:00:00",21.219665,81.630094,PM2.5,6,33,18
India,Chhattisgarh,Raipur,"Bhatagaon New ISBT, Raipur - CECB","04-08-2026 05:00:00",21.219665,81.630094,SO2,2,5,4
India,Chhattisgarh,Raipur,"Bhatagaon New ISBT, Raipur - CECB","04-08-2026 05:00:00",21.219665,81.630094,CO,10,16,11
India,Haryana,Karnal,"Sector-12, Karnal - HSPCB","04-08-2026 05:00:00",29.6953,77.0027,NH3,6,12,8
India,Haryana,Karnal,"Sector-12, Karnal - HSPCB","04-08-2026 05:00:00",29.6953,77.0027,OZONE,23,41,32
India,Haryana,Kurukshetra,"Sector-7, Kurukshetra - HSPCB","04-08-2026 05:00:00",29.966942,76.875879,PM2.5,44,78,54
India,Haryana,Kurukshetra,"Sector-7, Kurukshetra - HSPCB","04-08-2026 05:00:00",29.966942,76.875879,PM10,38,71,55
India,Haryana,Kurukshetra,"Sector-7, Kurukshetra - HSPCB","04-08-2026 05:00:00",29.966942,76.875879,CO,11,18,15
India,Haryana,Mandikhera,"General Hospital, Mandikhera(Nuh) - HSPCB","04-08-2026 05:00:00",27.9002,76.9938,NO2,14,17,16
India,Haryana,Manesar,"Sector-2 IMT, Manesar - HSPCB","04-08-2026 05:00:00",28.360699,76.93609,OZONE,9,17,11
India,Haryana,Palwal,"Shyam Nagar, Palwal - HSPCB","04-08-2026 05:00:00",28.1485564,77.3320667,PM2.5,35,58,45
India,Haryana,Palwal,"Shyam Nagar, Palwal - HSPCB","04-08-2026 05:00:00",28.1485564,77.3320667,NO2,23,24,24
India,Haryana,Palwal,"Shyam Nagar, Palwal - HSPCB","04-08-2026 05:00:00",28.1485564,77.3320667,NH3,6,6,6
India,Haryana,Palwal,"Shyam Nagar, Palwal - HSPCB","04-08-2026 05:00:00",28.1485564,77.3320667,CO,24,116,67
India,Haryana,Panchgaon,"Amity University, Panchgaon - IITM","04-08-2026 05:00:00",28.3153,76.9143,CO,21,34,27
India,Haryana,Panchkula,"Sector-6, Panchkula - HSPCB ","04-08-2026 05:00:00",30.7057778,76.8531805555555,PM2.5,21,72,46
India,Haryana,Panchkula,"Sector-6, Panchkula - HSPCB ","04-08-2026 05:00:00",30.7057778,76.8531805555555,NO2,27,34,30
India,Haryana,Panchkula,"Sector-6, Panchkula - HSPCB ","04-08-2026 05:00:00",30.7057778,76.8531805555555,CO,18,20,19
India,Gujarat,Vadodara,"Bapunagar, Vadodara - Nexteng Enviro","04-08-2026 05:00:00",22.320153,73.216285,CO,69,73,71
India,Gujarat,Vapi,"Phase-1 GIDC, Vapi - GPCB","04-08-2026 05:00:00",20.362421,72.918013,PM10,22,92,47
India,Gujarat,Vapi,"Phase-1 GIDC, Vapi - GPCB","04-08-2026 05:00:00",20.362421,72.918013,NO2,13,26,17
India,Gujarat,Vatva,"Phase-4 GIDC, Vatva - GPCB","04-08-2026 05:00:00",22.969611,72.6435,PM2.5,38,254,99
India,Gujarat,Vatva,"Phase-4 GIDC, Vatva - GPCB","04-08-2026 05:00:00",22.969611,72.6435,NH3,5,5,5
India,Haryana,Ambala,"Patti Mehar, Ambala - HSPCB","04-08-2026 05:00:00",30.379589,76.778328,NH3,6,7,6
India,Haryana,Ambala,"Patti Mehar, Ambala - HSPCB","04-08-2026 05:00:00",30.379589,76.778328,CO,10,36,22
India,Haryana,Bhiwani,"H.B. Colony, Bhiwani - HSPCB","04-08-2026 05:00:00",28.806223,76.141105,NO2,5,10,8
India,Haryana,Bhiwani,"H.B. Colony, Bhiwani - HSPCB","04-08-2026 05:00:00",28.806223,76.141105,NH3,2,3,2
India,Haryana,Bhiwani,"H.B. Colony, Bhiwani - HSPCB","04-08-2026 05:00:00",28.806223,76.141105,SO2,12,13,12
India,Haryana,Bhiwani,"H.B. Colony, Bhiwani - HSPCB","04-08-2026 05:00:00",28.806223,76.141105,CO,10,22,19
India,Haryana,Bhiwani,"H.B. Colony, Bhiwani - HSPCB","04-08-2026 05:00:00",28.806223,76.141105,OZONE,9,15,12
India,Haryana,Dharuhera,"Municipal Corporation Office, Dharuhera -  HSPCB","04-08-2026 05:00:00",28.2068,76.7997,NH3,6,18,12
India,Haryana,Faridabad,"New Industrial Town, Faridabad - HSPCB","04-08-2026 05:00:00",28.39072,77.30059,PM2.5,81,84,83
India,Delhi,Delhi,"Sri Aurobindo Marg, Delhi - DPCC","04-08-2026 05:00:00",28.531346,77.190156,PM2.5,3,63,33
India,Delhi,Delhi,"Sri Aurobindo Marg, Delhi - DPCC","04-08-2026 05:00:00",28.531346,77.190156,OZONE,6,12,8
India,Delhi,Delhi,"Jahangirpuri, Delhi - DPCC","04-08-2026 05:00:00",28.73282,77.170633,NO2,15,33,22
India,Delhi,Delhi,"Jahangirpuri, Delhi - DPCC","04-08-2026 05:00:00",28.73282,77.170633,NH3,9,13,11
India,Delhi,Delhi,"Vivek Vihar, Delhi - DPCC","04-08-2026 05:00:00",28.672342,77.31526,NO2,24,42,32
India,Delhi,Delhi,"Rohini, Delhi - DPCC","04-08-2026 05:00:00",28.732528,77.11992,SO2,7,8,8
India,Delhi,Delhi,"Rohini, Delhi - DPCC","04-08-2026 05:00:00",28.732528,77.11992,CO,40,62,50
India,Delhi,Delhi,"Okhla Phase-2, Delhi - DPCC","04-08-2026 05:00:00",28.530785,77.271255,NO2,11,32,17
India,Delhi,Delhi,"Okhla Phase-2, Delhi - DPCC","04-08-2026 05:00:00",28.530785,77.271255,CO,23,52,32
India,Delhi,Delhi,"Okhla Phase-2, Delhi - DPCC","04-08-2026 05:00:00",28.530785,77.271255,OZONE,6,10,8
India,Delhi,Delhi,"Bawana, Delhi - DPCC","04-08-2026 05:00:00",28.7762,77.051074,PM10,24,107,82
India,Delhi,Delhi,"Sonia Vihar, Delhi - DPCC","04-08-2026 05:00:00",28.710508,77.249485,PM2.5,22,150,60
India,Delhi,Delhi,"Mundka, Delhi - DPCC","04-08-2026 05:00:00",28.684678,77.076574,SO2,3,8,5
India,Delhi,Delhi,"Mundka, Delhi - DPCC","04-08-2026 05:00:00",28.684678,77.076574,OZONE,2,3,3
India,Delhi,Delhi,"Wazirpur, Delhi - DPCC","04-08-2026 05:00:00",28.699793,77.165453,NO2,15,82,37
India,Delhi,Delhi,"Wazirpur, Delhi - DPCC","04-08-2026 05:00:00",28.699793,77.165453,SO2,14,22,18
India,Delhi,Delhi,"Wazirpur, Delhi - DPCC","04-08-2026 05:00:00",28.699793,77.165453,CO,29,69,45
India,Delhi,Delhi,"Najafgarh, Delhi - DPCC","04-08-2026 05:00:00",28.570173,76.933762,PM2.5,2,85,30
India,Delhi,Delhi,"Najafgarh, Delhi - DPCC","04-08-2026 05:00:00",28.570173,76.933762,NO2,16,33,21
India,Delhi,Delhi,"Jawaharlal Nehru Stadium, Delhi - DPCC","04-08-2026 05:00:00",28.58028,77.233829,PM2.5,18,50,34
India,Delhi,Delhi,"Jawaharlal Nehru Stadium, Delhi - DPCC","04-08-2026 05:00:00",28.58028,77.233829,SO2,8,19,13
India,Delhi,Delhi,"Patparganj, Delhi - DPCC","04-08-2026 05:00:00",28.623763,77.287209,PM2.5,8,87,37
India,Delhi,Delhi,"Nehru Nagar, Delhi - DPCC","04-08-2026 05:00:00",28.56789,77.250515,SO2,4,110,13
India,Gujarat,Ahmedabad,"Gyaspur, Ahmedabad - IITM","04-08-2026 05:00:00",22.977134,72.553024,SO2,4,8,6
India,Gujarat,Ahmedabad,"SAC ISRO Satellite, Ahmedabad - IITM","04-08-2026 05:00:00",23.023389,72.515201,CO,137,140,138
India,Gujarat,Bhavnagar,"Vidhyanagar, Bhavnagar - Nexteng Enviro","04-08-2026 05:00:00",21.755417,72.139056,SO2,6,7,7
India,Gujarat,Gandhinagar,"Sector-10, Gandhinagar - GPCB","04-08-2026 05:00:00",23.221714,72.654328,OZONE,3,7,4
India,Gujarat,Gandhinagar,"IIPHG Lekawada, Gandhinagar - IITM","04-08-2026 05:00:00",23.243639,72.68994,CO,4,17,8
India,Gujarat,Gandhinagar,"IIPHG Lekawada, Gandhinagar - IITM","04-08-2026 05:00:00",23.243639,72.68994,OZONE,2,2,2
India,Gujarat,Gandhinagar,"GIFT City, Gandhinagar - IITM","04-08-2026 05:00:00",23.163798,72.677768,PM2.5,37,72,49
India,Gujarat,Gandhinagar,"GIFT City, Gandhinagar - IITM","04-08-2026 05:00:00",23.163798,72.677768,CO,19,42,28
India,Haryana,Faridabad,"Sector 30, Faridabad - HSPCB","04-08-2026 05:00:00",28.4417,77.3217,PM10,49,53,50
India,Haryana,Faridabad,"Sector 30, Faridabad - HSPCB","04-08-2026 05:00:00",28.4417,77.3217,OZONE,10,10,10
India,Haryana,Fatehabad,"Huda Sector, Fatehabad - HSPCB","04-08-2026 05:00:00",29.503664,75.467934,CO,45,52,48
India,Haryana,Gurugram,"Teri Gram, Gurugram - HSPCB","04-08-2026 05:00:00",28.4275,77.1465,PM2.5,21,233,116
India,Haryana,Gurugram,"Teri Gram, Gurugram - HSPCB","04-08-2026 05:00:00",28.4275,77.1465,NH3,8,14,10
India,Haryana,Gurugram,"Teri Gram, Gurugram - HSPCB","04-08-2026 05:00:00",28.4275,77.1465,OZONE,6,11,8
India,Haryana,Gurugram,"Vikas Sadan, Gurugram - HSPCB","04-08-2026 05:00:00",28.4501238,77.0263051,NO2,1,17,6
India,Haryana,Gurugram,"Vikas Sadan, Gurugram - HSPCB","04-08-2026 05:00:00",28.4501238,77.0263051,NH3,NA,NA,NA
India,Haryana,Gurugram,"Vikas Sadan, Gurugram - HSPCB","04-08-2026 05:00:00",28.4501238,77.0263051,SO2,3,11,6
India,Delhi,Delhi,"Cantonment Area, Delhi - DPCC","04-08-2026 05:00:00",28.594169,77.1251,PM10,21,110,51
India,Delhi,Delhi,"Cantonment Area, Delhi - DPCC","04-08-2026 05:00:00",28.594169,77.1251,SO2,1,3,2
India,Delhi,Delhi,"Narela, Delhi - DPCC","04-08-2026 05:00:00",28.822836,77.101981,PM10,24,136,75
India,Delhi,Delhi,"Narela, Delhi - DPCC","04-08-2026 05:00:00",28.822836,77.101981,CO,26,35,31
India,Gujarat,Ahmedabad,"SVPI Airport Hansol, Ahmedabad - IITM","04-08-2026 05:00:00",23.076793,72.627874,PM10,69,113,100
India,Gujarat,Ahmedabad,"Chandkheda, Ahmedabad - IITM","04-08-2026 05:00:00",23.107969,72.574648,PM10,70,109,90
India,Gujarat,Ahmedabad,"Chandkheda, Ahmedabad - IITM","04-08-2026 05:00:00",23.107969,72.574648,CO,14,43,26
India,Gujarat,Ahmedabad,"Gyaspur, Ahmedabad - IITM","04-08-2026 05:00:00",22.977134,72.553024,PM10,58,148,90
India,Haryana,Gurugram,"NISE Gwal Pahari, Gurugram - IITM","04-08-2026 05:00:00",28.422681,77.148944,PM2.5,4,89,40
India,Haryana,Gurugram,"NISE Gwal Pahari, Gurugram - IITM","04-08-2026 05:00:00",28.422681,77.148944,PM10,6,88,44
India,Haryana,Gurugram,"NISE Gwal Pahari, Gurugram - IITM","04-08-2026 05:00:00",28.422681,77.148944,CO,64,69,67
India,Haryana,Gurugram,"Sector-51, Gurugram - HSPCB","04-08-2026 05:00:00",28.4227,77.0667,PM2.5,NA,NA,NA
India,Haryana,Hisar,"Urban Estate-II, Hisar - HSPCB","04-08-2026 05:00:00",29.14056,75.744941,SO2,15,18,16
India,Haryana,Hisar,"Urban Estate-II, Hisar - HSPCB","04-08-2026 05:00:00",29.14056,75.744941,CO,21,28,24
India,Haryana,Jind,"Police Lines, Jind - HSPCB","04-08-2026 05:00:00",29.307814,76.337619,CO,4,8,7
India,Haryana,Jind,"Police Lines, Jind - HSPCB","04-08-2026 05:00:00",29.307814,76.337619,OZONE,8,12,10
India,Gujarat,Nandesari,"GIDC, Nandesari - Nandesari Ind. Association","04-08-2026 05:00:00",22.410802,73.097923,NO2,1,151,21
India,Gujarat,Nandesari,"GIDC, Nandesari - Nandesari Ind. Association","04-08-2026 05:00:00",22.410802,73.097923,NH3,NA,NA,NA
India,Gujarat,Nandesari,"GIDC, Nandesari - Nandesari Ind. Association","04-08-2026 05:00:00",22.410802,73.097923,CO,19,61,38
India,Gujarat,Rajkot,"Mavdi, Rajkot - Nexteng Enviro ","04-08-2026 05:00:00",22.248853,70.776774,NH3,0,0,0
India,Gujarat,Surat,"Science Center, Surat - SMC","04-08-2026 05:00:00",21.170046,72.795405,NO2,1,3,2
India,Gujarat,Surat,"Katargam, Surat - Nexteng Enviro","04-08-2026 05:00:00",21.217779,72.834787,SO2,9,10,9
India,Gujarat,Surat,"Katargam, Surat - Nexteng Enviro","04-08-2026 05:00:00",21.217779,72.834787,CO,42,47,43
India,"Madhya Pradesh",Jabalpur,"Marhatal, Jabalpur - MPPCB","04-08-2026 05:00:00",23.168606,79.932247,SO2,2,5,4
India,"Madhya Pradesh",Jabalpur,"Marhatal, Jabalpur - MPPCB","04-08-2026 05:00:00",23.168606,79.932247,CO,23,71,40
India,"Madhya Pradesh",Jabalpur,"Marhatal, Jabalpur - MPPCB","04-08-2026 05:00:00",23.168606,79.932247,OZONE,21,29,26
India,"Madhya Pradesh",Jabalpur,"Suhagi, Jabalpur - JMC","04-08-2026 05:00:00",23.218135,79.95777,PM2.5,18,31,22
India,"Madhya Pradesh",Jabalpur,"Suhagi, Jabalpur - JMC","04-08-2026 05:00:00",23.218135,79.95777,CO,47,85,58
India,"Madhya Pradesh",Jabalpur,"Govindh Bhavan Colony, Jabalpur - JMC","04-08-2026 05:00:00",23.163174,79.973061,PM2.5,15,60,30
India,"Madhya Pradesh",Jabalpur,"Govindh Bhavan Colony, Jabalpur - JMC","04-08-2026 05:00:00",23.163174,79.973061,NH3,9,10,9
India,"Madhya Pradesh",Jabalpur,"Govindh Bhavan Colony, Jabalpur - JMC","04-08-2026 05:00:00",23.163174,79.973061,CO,42,56,51
India,"Madhya Pradesh",Katni,"Gole Bazar, Katni - MPPCB","04-08-2026 05:00:00",23.50016,80.23284,OZONE,13,17,15
India,"Madhya Pradesh",Maihar,"Sahilara, Maihar - KJS Cements","04-08-2026 05:00:00",24.2613009,80.7231783,PM10,1,60,17
India,"Madhya Pradesh",Maihar,"Sahilara, Maihar - KJS Cements","04-08-2026 05:00:00",24.2613009,80.7231783,OZONE,NA,NA,NA
India,"Madhya Pradesh",Mandideep,"Sector-D Industrial Area, Mandideep - MPPCB","04-08-2026 05:00:00",23.10844,77.511428,NO2,15,26,19
India,"Madhya Pradesh",Pithampur,"Sector-2 Industrial Area, Pithampur - MPPCB","04-08-2026 05:00:00",22.624758,75.675238,PM10,48,140,93
India,"Madhya Pradesh",Pithampur,"Sector-2 Industrial Area, Pithampur - MPPCB","04-08-2026 05:00:00",22.624758,75.675238,NH3,7,8,8
India,"Madhya Pradesh",Ratlam,"Shasthri Nagar, Ratlam - IPCA Lab","04-08-2026 05:00:00",23.331731,75.045981,PM2.5,0,80,42
India,"Madhya Pradesh",Ratlam,"Shasthri Nagar, Ratlam - IPCA Lab","04-08-2026 05:00:00",23.331731,75.045981,SO2,5,9,7
India,"Madhya Pradesh",Ratlam,"Shasthri Nagar, Ratlam - IPCA Lab","04-08-2026 05:00:00",23.331731,75.045981,CO,NA,NA,NA
India,"Madhya Pradesh",Ratlam,"Shasthri Nagar, Ratlam - IPCA Lab","04-08-2026 05:00:00",23.331731,75.045981,OZONE,NA,NA,NA
India,Haryana,Panipat,"Sector-18, Panipat - HSPCB","04-08-2026 05:00:00",29.432304,76.972765,CO,27,28,27
India,Haryana,Panipat,"Sector-18, Panipat - HSPCB","04-08-2026 05:00:00",29.432304,76.972765,OZONE,57,58,57
India,Haryana,Rohtak,"MD University, Rohtak - HSPCB","04-08-2026 05:00:00",28.52123,76.37138,NO2,8,10,9
India,Haryana,Rohtak,"MD University, Rohtak - HSPCB","04-08-2026 05:00:00",28.52123,76.37138,SO2,9,12,11
India,Haryana,Sirsa,"F-Block, Sirsa - HSPCB","04-08-2026 05:00:00",29.5364,75.0158,PM2.5,8,26,17
India,Haryana,Sirsa,"F-Block, Sirsa - HSPCB","04-08-2026 05:00:00",29.5364,75.0158,CO,74,97,85
India,Haryana,Sirsa,"F-Block, Sirsa - HSPCB","04-08-2026 05:00:00",29.5364,75.0158,OZONE,23,68,36
India,Haryana,Sonipat,"Murthal, Sonipat - HSPCB","04-08-2026 05:00:00",29.0272,77.0621,PM10,109,160,133
India,Haryana,Sonipat,"Murthal, Sonipat - HSPCB","04-08-2026 05:00:00",29.0272,77.0621,SO2,91,98,96
India,Haryana,"Yamuna Nagar","Gobind Pura, Yamuna Nagar - HSPCB","04-08-2026 05:00:00",30.1480566,77.2893471,PM2.5,46,73,62
India,Haryana,"Yamuna Nagar","Gobind Pura, Yamuna Nagar - HSPCB","04-08-2026 05:00:00",30.1480566,77.2893471,PM10,55,88,74
India,Haryana,"Yamuna Nagar","Gobind Pura, Yamuna Nagar - HSPCB","04-08-2026 05:00:00",30.1480566,77.2893471,NO2,11,21,17
India,"Himachal Pradesh",Baddi,"HIMUDA Complex Phase-1, Baddi - HPPCB","04-08-2026 05:00:00",30.943887,76.801991,SO2,16,101,39
India,"Himachal Pradesh",Baddi,"HIMUDA Complex Phase-1, Baddi - HPPCB","04-08-2026 05:00:00",30.943887,76.801991,CO,10,105,85
India,"Jammu and Kashmir",Pampore,"Khrew, Pampore - JKPCC","04-08-2026 05:00:00",34.031606,75.009712,OZONE,NA,NA,NA
India,"Jammu and Kashmir",Srinagar,"Khunmoh, Srinagar - JKPCC","04-08-2026 05:00:00",34.06313,74.96017,SO2,3,4,4
India,"Jammu and Kashmir",Srinagar,"Rajbagh, Srinagar - JKPCC","04-08-2026 05:00:00",34.066206,74.81982,SO2,3,4,3
India,Jharkhand,Dhanbad,"Sardar Patel Nagar, Dhanbad - JSPCB","04-08-2026 05:00:00",23.80569,86.44268,PM2.5,NA,NA,NA
India,Jharkhand,Dhanbad,"Sardar Patel Nagar, Dhanbad - JSPCB","04-08-2026 05:00:00",23.80569,86.44268,CO,NA,NA,NA
India,Jharkhand,Dhanbad,"Sardar Patel Nagar, Dhanbad - JSPCB","04-08-2026 05:00:00",23.80569,86.44268,OZONE,15,23,19
India,Jharkhand,Jorapokhar,"Tata Stadium, Jorapokhar - JSPCB","04-08-2026 05:00:00",23.707909,86.41467,PM2.5,57,65,60
India,Jharkhand,Jorapokhar,"Tata Stadium, Jorapokhar - JSPCB","04-08-2026 05:00:00",23.707909,86.41467,PM10,44,457,102
India,Jharkhand,Jorapokhar,"Tata Stadium, Jorapokhar - JSPCB","04-08-2026 05:00:00",23.707909,86.41467,NH3,3,3,3
India,Karnataka,Bagalkot,"Vidayagiri, Bagalkot - KSPCB","04-08-2026 05:00:00",16.172806,75.659694,NO2,10,11,10
India,Karnataka,Bagalkot,"Vidayagiri, Bagalkot - KSPCB","04-08-2026 05:00:00",16.172806,75.659694,SO2,10,10,10
India,Karnataka,Belgaum,"Ramteerth Nagar, Belgaum - KSPCB","04-08-2026 05:00:00",15.888653,74.541751,OZONE,19,19,19
India,Karnataka,Bengaluru,"Bapuji Nagar, Bengaluru - KSPCB","04-08-2026 05:00:00",12.951913,77.539784,PM10,27,66,48
India,Karnataka,Bengaluru,"Bapuji Nagar, Bengaluru - KSPCB","04-08-2026 05:00:00",12.951913,77.539784,OZONE,26,31,28
India,Karnataka,Bengaluru,"Sanegurava Halli, Bengaluru - KSPCB","04-08-2026 05:00:00",12.990328,77.5431385,OZONE,NA,NA,NA
India,Karnataka,Bengaluru,"Silk Board, Bengaluru - KSPCB","04-08-2026 05:00:00",12.917348,77.622813,SO2,NA,NA,NA
India,"Madhya Pradesh",Sagar,"Civil Lines, Sagar - MPPCB","04-08-2026 05:00:00",23.838586,78.759431,NO2,4,11,7
India,"Madhya Pradesh",Sagar,"Civil Lines, Sagar - MPPCB","04-08-2026 05:00:00",23.838586,78.759431,NH3,3,3,3
India,"Madhya Pradesh",Sagar,"Civil Lines, Sagar - MPPCB","04-08-2026 05:00:00",23.838586,78.759431,OZONE,31,42,36
India,"Madhya Pradesh",Satna,"Bandhavgar Colony, Satna - Birla Cement","04-08-2026 05:00:00",24.58434363,80.8549414,PM2.5,49,51,50
India,"Madhya Pradesh",Satna,"Bandhavgar Colony, Satna - Birla Cement","04-08-2026 05:00:00",24.58434363,80.8549414,SO2,17,18,18
India,"Madhya Pradesh",Singrauli,"Suryakiran Bhawan NCL, Singrauli - MPPCB","04-08-2026 05:00:00",24.10897,82.64558,NO2,NA,NA,NA
India,"Madhya Pradesh",Singrauli,"Suryakiran Bhawan NCL, Singrauli - MPPCB","04-08-2026 05:00:00",24.10897,82.64558,NH3,NA,NA,NA
India,"Madhya Pradesh",Singrauli,"Suryakiran Bhawan NCL, Singrauli - MPPCB","04-08-2026 05:00:00",24.10897,82.64558,CO,23,45,35
India,Maharashtra,Ahmednagar,"Tarakpur, Ahmednagar - MPCB","04-08-2026 05:00:00",19.10122,74.73339,PM10,16,77,42
India,Maharashtra,Ahmednagar,"Tarakpur, Ahmednagar - MPCB","04-08-2026 05:00:00",19.10122,74.73339,SO2,4,13,9
India,Maharashtra,Akola,"Ramdaspeth, Akola - MPCB","04-08-2026 05:00:00",20.719516,77.000253,NH3,6,9,7
India,Maharashtra,Amravati,"Shri Shivaji Science College, Amravati - MPCB","04-08-2026 05:00:00",20.939198,77.765701,PM2.5,10,27,19
India,Karnataka,Bengaluru,"Hebbal, Bengaluru - KSPCB","04-08-2026 05:00:00",13.029152,77.585901,PM2.5,4,28,13
India,Karnataka,Bengaluru,"Hebbal, Bengaluru - KSPCB","04-08-2026 05:00:00",13.029152,77.585901,PM10,13,82,36
India,Karnataka,Bengaluru,"Hebbal, Bengaluru - KSPCB","04-08-2026 05:00:00",13.029152,77.585901,SO2,13,21,17
India,Karnataka,Chamarajanagar,"Urban, Chamarajanagar - KSPCB","04-08-2026 05:00:00",11.55358,76.55521,NO2,15,35,27
India,Karnataka,Chamarajanagar,"Urban, Chamarajanagar - KSPCB","04-08-2026 05:00:00",11.55358,76.55521,NH3,1,3,2
India,Karnataka,Chikkaballapur,"Chikkaballapur Rural, Chikkaballapur - KSPCB","04-08-2026 05:00:00",13.428828,77.731418,NH3,1,1,1
India,Karnataka,Dharwad,"Kalabhavan, Dharwad - KSPCB","04-08-2026 05:00:00",15.459706,75.008381,OZONE,28,28,28
India,Karnataka,Hubballi,"Lingaraj Nagar, Hubballi - KSPCB","04-08-2026 05:00:00",15.3714823,75.1160168,PM10,41,59,50
India,Karnataka,Hubballi,"Lingaraj Nagar, Hubballi - KSPCB","04-08-2026 05:00:00",15.3714823,75.1160168,NH3,1,3,2
India,Karnataka,Kalaburagi,"Mahatma Basaveswar Colony, Kalaburgi - KSPCB","04-08-2026 05:00:00",17.336318,76.847397,SO2,3,4,3
India,Kerala,Eloor,"Udyogamandal, Eloor - Kerala PCB","04-08-2026 05:00:00",10.073232,76.302765,OZONE,11,12,12
India,Kerala,Kannur,"Thavakkara, Kannur - Kerala PCB","04-08-2026 05:00:00",11.875,75.3732,PM10,43,48,45
India,Kerala,Kannur,"Thavakkara, Kannur - Kerala PCB","04-08-2026 05:00:00",11.875,75.3732,NO2,11,12,12
India,Kerala,Kannur,"Thavakkara, Kannur - Kerala PCB","04-08-2026 05:00:00",11.875,75.3732,SO2,0,0,0
India,Kerala,Thiruvananthapuram,"Plammoodu, Thiruvananthapuram - Kerala PCB","04-08-2026 05:00:00",8.5149093,76.9435879,SO2,13,26,17
India,Kerala,Thiruvananthapuram,"Kariavattom, Thiruvananthapuram - Kerala PCB","04-08-2026 05:00:00",8.5637,76.8865,PM2.5,17,50,31
India,Kerala,Thiruvananthapuram,"Kariavattom, Thiruvananthapuram - Kerala PCB","04-08-2026 05:00:00",8.5637,76.8865,PM10,28,154,62
India,Kerala,Thiruvananthapuram,"Kariavattom, Thiruvananthapuram - Kerala PCB","04-08-2026 05:00:00",8.5637,76.8865,OZONE,30,30,30
India,"Madhya Pradesh",Bhopal,"T T Nagar, Bhopal - MPPCB","04-08-2026 05:00:00",23.233584,77.400574,PM10,24,59,43
India,"Madhya Pradesh",Bhopal,"Idgah Hills, Bhopal - MPPCB","04-08-2026 05:00:00",23.264759,77.381568,CO,33,33,33
India,"Madhya Pradesh",Indore,"Chhoti Gwaltoli, Indore - MPPCB","04-08-2026 05:00:00",22.431,75.5213,CO,14,43,26
India,"Madhya Pradesh",Indore,"Chhoti Gwaltoli, Indore - MPPCB","04-08-2026 05:00:00",22.431,75.5213,OZONE,9,21,15
India,"Madhya Pradesh",Indore,"Airport Area, Indore - IMC","04-08-2026 05:00:00",22.7289,75.8076,PM10,15,88,48
India,"Madhya Pradesh",Indore,"Airport Area, Indore - IMC","04-08-2026 05:00:00",22.7289,75.8076,SO2,9,12,10
India,"Madhya Pradesh",Indore,"Residency Area, Indore - IMC","04-08-2026 05:00:00",22.7084,75.8815,SO2,3,6,4
India,"Madhya Pradesh",Indore,"Regional Park, Indore - IMC","04-08-2026 05:00:00",22.678,75.8559,PM2.5,2,68,23
India,"Madhya Pradesh",Indore,"Regional Park, Indore - IMC","04-08-2026 05:00:00",22.678,75.8559,NO2,10,19,14
India,"Madhya Pradesh",Indore,"Maguda Nagar, Indore - IMC","04-08-2026 05:00:00",22.7524,75.8872,PM2.5,9,46,25
India,"Madhya Pradesh",Indore,"Maguda Nagar, Indore - IMC","04-08-2026 05:00:00",22.7524,75.8872,PM10,6,47,23
India,"Madhya Pradesh",Jabalpur,"Gupteshwar, Jabalpur - JMC","04-08-2026 05:00:00",23.142888,79.916147,NO2,NA,NA,NA
India,"Madhya Pradesh",Jabalpur,"Gupteshwar, Jabalpur - JMC","04-08-2026 05:00:00",23.142888,79.916147,SO2,9,17,13
India,"Madhya Pradesh",Bhopal,"Paryavaran Parisar, Bhopal - MPPCB","04-08-2026 05:00:00",23.210494,77.425409,CO,13,16,14
India,"Madhya Pradesh",Gwalior,"Deen Dayal Nagar, Gwalior - MPPCB","04-08-2026 05:00:00",26.259242,78.216432,NO2,13,41,31
India,"Madhya Pradesh",Gwalior,"Deen Dayal Nagar, Gwalior - MPPCB","04-08-2026 05:00:00",26.259242,78.216432,SO2,2,10,5
India,"Madhya Pradesh",Gwalior,"Maharaj Bada, Gwalior - MPPCB","04-08-2026 05:00:00",26.200388,78.147714,PM10,15,118,37
India,"Madhya Pradesh",Gwalior,"Maharaj Bada, Gwalior - MPPCB","04-08-2026 05:00:00",26.200388,78.147714,SO2,9,70,28
India,"Madhya Pradesh",Gwalior,"City Center, Gwalior - MPPCB","04-08-2026 05:00:00",26.203442,78.193251,PM2.5,21,52,33
India,"Madhya Pradesh",Gwalior,"City Center, Gwalior - MPPCB","04-08-2026 05:00:00",26.203442,78.193251,NH3,2,3,3
India,"Madhya Pradesh",Gwalior,"City Center, Gwalior - MPPCB","04-08-2026 05:00:00",26.203442,78.193251,OZONE,39,45,43
India,"Madhya Pradesh",Indore,"Chhoti Gwaltoli, Indore - MPPCB","04-08-2026 05:00:00",22.431,75.5213,PM2.5,21,78,46
India,Karnataka,Madikeri,"Stuart Hill, Madikeri - KSPCB","04-08-2026 05:00:00",12.415911,75.73505,NO2,2,2,2
India,Karnataka,Madikeri,"Stuart Hill, Madikeri - KSPCB","04-08-2026 05:00:00",12.415911,75.73505,OZONE,1,5,3
India,Karnataka,Mangalore,"Kadri, Mangalore - KSPCB","04-08-2026 05:00:00",12.88925,74.853,NH3,0,4,2
India,Karnataka,Mangalore,"Kadri, Mangalore - KSPCB","04-08-2026 05:00:00",12.88925,74.853,OZONE,37,37,37
India,Karnataka,Mysuru,"Hebbal 1st Stage, Mysuru - KSPCB","04-08-2026 05:00:00",12.21041,76.37376,NO2,8,33,20
India,Karnataka,Mysuru,"Hebbal 1st Stage, Mysuru - KSPCB","04-08-2026 05:00:00",12.21041,76.37376,CO,4,19,10
India,Karnataka,Vijayapura,"Ibrahimpur, Vijayapura - KSPCB","04-08-2026 05:00:00",16.802639,75.722694,SO2,3,6,3
India,Karnataka,Yadgir,"Collector Office, Yadgir - KSPCB","04-08-2026 05:00:00",16.7602,77.1428,PM2.5,2,19,8
India,Karnataka,Yadgir,"Collector Office, Yadgir - KSPCB","04-08-2026 05:00:00",16.7602,77.1428,NO2,NA,NA,NA
India,Maharashtra,Mumbai,"Kandivali West, Mumbai - BMC","04-08-2026 05:00:00",19.215859,72.831718,PM2.5,12,37,21
India,Maharashtra,Mumbai,"Kandivali West, Mumbai - BMC","04-08-2026 05:00:00",19.215859,72.831718,CO,9,23,13
India,Maharashtra,Mumbai,"Siddharth Nagar-Worli, Mumbai - IITM","04-08-2026 05:00:00",19.000083,72.813993,PM2.5,17,29,21
India,Maharashtra,Mumbai,"Siddharth Nagar-Worli, Mumbai - IITM","04-08-2026 05:00:00",19.000083,72.813993,NO2,9,16,12
India,Maharashtra,Mumbai,"Siddharth Nagar-Worli, Mumbai - IITM","04-08-2026 05:00:00",19.000083,72.813993,NH3,1,2,1
India,Maharashtra,Mumbai,"Siddharth Nagar-Worli, Mumbai - IITM","04-08-2026 05:00:00",19.000083,72.813993,SO2,NA,NA,NA
India,Maharashtra,Mumbai,"Chakala-Andheri East, Mumbai - IITM","04-08-2026 05:00:00",19.11074,72.86084,NH3,1,3,2
India,Maharashtra,Mumbai,"Byculla, Mumbai - BMC","04-08-2026 05:00:00",18.9767,72.838,PM10,18,37,28
India,Maharashtra,Mumbai,"Byculla, Mumbai - BMC","04-08-2026 05:00:00",18.9767,72.838,NO2,4,17,10
India,Maharashtra,Mumbai,"Byculla, Mumbai - BMC","04-08-2026 05:00:00",18.9767,72.838,NH3,1,2,1
India,Maharashtra,Mumbai,"Byculla, Mumbai - BMC","04-08-2026 05:00:00",18.9767,72.838,SO2,7,10,9
India,Maharashtra,Mumbai,"Khindipada-Bhandup West, Mumbai - IITM","04-08-2026 05:00:00",19.1653323,72.922099,PM2.5,8,50,26
India,Maharashtra,Mumbai,"Khindipada-Bhandup West, Mumbai - IITM","04-08-2026 05:00:00",19.1653323,72.922099,CO,19,30,25
India,Maharashtra,Mumbai,"Mindspace-Malad West, Mumbai - MPCB","04-08-2026 05:00:00",19.1878657,72.8304069,NH3,9,10,9
India,Maharashtra,Mumbai,"Borivali East, Mumbai - MPCB","04-08-2026 05:00:00",19.2243333,72.8658113,NH3,2,2,2
India,Maharashtra,Mumbai,"Borivali East, Mumbai - IITM","04-08-2026 05:00:00",19.23241,72.86895,PM2.5,25,47,37
India,Maharashtra,Mumbai,"Borivali East, Mumbai - IITM","04-08-2026 05:00:00",19.23241,72.86895,NH3,1,1,1
India,Maharashtra,Mumbai,"Borivali East, Mumbai - IITM","04-08-2026 05:00:00",19.23241,72.86895,SO2,NA,NA,NA
India,Maharashtra,Mumbai,"Worli, Mumbai - MPCB","04-08-2026 05:00:00",18.9936162,72.8128113,NH3,1,2,2
India,Maharashtra,Mumbai,"Worli, Mumbai - MPCB","04-08-2026 05:00:00",18.9936162,72.8128113,CO,38,43,40
India,Maharashtra,Mumbai,"Bandra Kurla Complex, Mumbai - IITM","04-08-2026 05:00:00",19.053536,72.84643,PM10,52,90,71
India,Maharashtra,Mumbai,"Bandra Kurla Complex, Mumbai - IITM","04-08-2026 05:00:00",19.053536,72.84643,NO2,2,13,5
India,Maharashtra,Mumbai,"Bandra Kurla Complex, Mumbai - IITM","04-08-2026 05:00:00",19.053536,72.84643,SO2,2,6,4
India,Maharashtra,Mumbai,"Bandra Kurla Complex, Mumbai - IITM","04-08-2026 05:00:00",19.053536,72.84643,OZONE,12,15,14
India,Maharashtra,Mumbai,"Ghatkopar, Mumbai - BMC","04-08-2026 05:00:00",19.083694,72.920967,PM2.5,NA,NA,NA
India,Maharashtra,Nagpur,"Opp GPO Civil Lines, Nagpur - MPCB","04-08-2026 05:00:00",21.152875,79.0517531,SO2,1,6,4
India,Maharashtra,Nagpur,"Ambazari, Nagpur - MPCB","04-08-2026 05:00:00",21.121801,79.04952,PM2.5,20,47,33
India,Maharashtra,Nagpur,"Ambazari, Nagpur - MPCB","04-08-2026 05:00:00",21.121801,79.04952,PM10,25,57,42
India,Maharashtra,Nagpur,"Ambazari, Nagpur - MPCB","04-08-2026 05:00:00",21.121801,79.04952,NH3,2,3,3
India,Maharashtra,Nagpur,"Ambazari, Nagpur - MPCB","04-08-2026 05:00:00",21.121801,79.04952,CO,7,16,10
India,Maharashtra,Nagpur,"Ambazari, Nagpur - MPCB","04-08-2026 05:00:00",21.121801,79.04952,OZONE,10,20,14
India,Maharashtra,Nagpur,"Ram Nagar, Nagpur - MPCB","04-08-2026 05:00:00",21.143383,79.048912,NH3,4,4,4
India,Maharashtra,Nagpur,"Mahal, Nagpur - MPCB","04-08-2026 05:00:00",21.14472,79.107595,SO2,3,18,9
India,Maharashtra,Nanded,"Sneh Nagar, Nanded - MPCB","04-08-2026 05:00:00",19.173852,77.296291,PM2.5,12,33,23
India,Maharashtra,Nanded,"Sneh Nagar, Nanded - MPCB","04-08-2026 05:00:00",19.173852,77.296291,PM10,18,40,26
India,Maharashtra,Nashik,"Hirawadi, Nashik - MPCB","04-08-2026 05:00:00",20.021503,73.813844,PM10,8,37,23
India,Maharashtra,Nashik,"Hirawadi, Nashik - MPCB","04-08-2026 05:00:00",20.021503,73.813844,NO2,8,9,8
India,Maharashtra,Nashik,"Hirawadi, Nashik - MPCB","04-08-2026 05:00:00",20.021503,73.813844,CO,21,22,21
India,Maharashtra,"Navi Mumbai","Sanpada, Navi Mumbai - MPCB","04-08-2026 05:00:00",19.0575752,73.0151367,NO2,2,10,5
India,Maharashtra,Aurangabad,"More Chowk Waluj, Aurangabad - MPCB","04-08-2026 05:00:00",19.8389439,75.244448,PM2.5,NA,NA,NA
India,Maharashtra,Aurangabad,"More Chowk Waluj, Aurangabad - MPCB","04-08-2026 05:00:00",19.8389439,75.244448,PM10,NA,NA,NA
India,Maharashtra,Aurangabad,"More Chowk Waluj, Aurangabad - MPCB","04-08-2026 05:00:00",19.8389439,75.244448,NO2,NA,NA,NA
India,Maharashtra,Aurangabad,"More Chowk Waluj, Aurangabad - MPCB","04-08-2026 05:00:00",19.8389439,75.244448,CO,6,113,78
India,Maharashtra,Aurangabad,"Rachnakar Colony, Aurangabad - MPCB","04-08-2026 05:00:00",19.863756,75.321188,NH3,1,2,1
India,Maharashtra,Aurangabad,"Rachnakar Colony, Aurangabad - MPCB","04-08-2026 05:00:00",19.863756,75.321188,CO,25,33,29
India,Maharashtra,Aurangabad,"Rachnakar Colony, Aurangabad - MPCB","04-08-2026 05:00:00",19.863756,75.321188,OZONE,8,9,9
India,Maharashtra,Beed,"Bir, Beed - MPCB","04-08-2026 05:00:00",18.988474,75.753873,NO2,6,33,14
India,Maharashtra,Belapur,"CBD Belapur, Belapur - MPCB","04-08-2026 05:00:00",19.0243902,73.0406721,NH3,0,8,2
India,Maharashtra,Belapur,"CBD Belapur, Belapur - MPCB","04-08-2026 05:00:00",19.0243902,73.0406721,SO2,5,17,11
India,Maharashtra,Bhiwandi,"Gokul Nagar, Bhiwandi - MPCB","04-08-2026 05:00:00",19.309073,73.057223,PM10,NA,NA,NA
India,Maharashtra,Boisar,"Khaira, Boisar - MPCB","04-08-2026 05:00:00",19.786089,72.757971,NO2,NA,NA,NA
India,Maharashtra,Boisar,"Khaira, Boisar - MPCB","04-08-2026 05:00:00",19.786089,72.757971,CO,6,23,13
India,Maharashtra,Chandrapur,"MIDC Khutala, Chandrapur - MPCB","04-08-2026 05:00:00",19.9775302,79.2337086,PM10,25,91,39
India,Maharashtra,Chandrapur,"MIDC Khutala, Chandrapur - MPCB","04-08-2026 05:00:00",19.9775302,79.2337086,NO2,NA,NA,NA
India,Maharashtra,Kolhapur,"Shivaji University, Kolhapur - MPCB","04-08-2026 05:00:00",16.6870449,74.2505872,NO2,NA,NA,NA
India,Maharashtra,Kolhapur,"Shivaji University, Kolhapur - MPCB","04-08-2026 05:00:00",16.6870449,74.2505872,CO,7,33,17
India,Maharashtra,Latur,"Sawe Wadi, Latur - MPCB","04-08-2026 05:00:00",18.39963,76.57452,SO2,3,7,5
India,Maharashtra,Mahad,"Kamble Tarf Birwadi, Mahad - MPCB","04-08-2026 05:00:00",18.1023399,73.4783687,PM2.5,12,41,28
India,Maharashtra,Mahad,"Kamble Tarf Birwadi, Mahad - MPCB","04-08-2026 05:00:00",18.1023399,73.4783687,NH3,3,3,3
India,Maharashtra,Mahad,"Kamble Tarf Birwadi, Mahad - MPCB","04-08-2026 05:00:00",18.1023399,73.4783687,SO2,9,14,11
India,Maharashtra,Mira-Bhayandar,"Bhayandar West, Mira-Bhayandar - MPCB","04-08-2026 05:00:00",19.296481,72.840923,SO2,3,4,3
India,Maharashtra,Mumbai,"Kherwadi_Bandra East, Mumbai - MPCB","04-08-2026 05:00:00",19.0632143,72.8456324,PM2.5,23,43,30
India,Maharashtra,Mumbai,"Kherwadi_Bandra East, Mumbai - MPCB","04-08-2026 05:00:00",19.0632143,72.8456324,NH3,5,5,5
India,Maharashtra,Mumbai,"Mazgaon, Mumbai - IITM","04-08-2026 05:00:00",18.96702,72.84214,SO2,8,14,10
India,Maharashtra,Pimpri-Chinchwad,"Bhosari, Pune - IITM","04-08-2026 05:00:00",18.640051,73.848956,PM2.5,14,48,28
India,Maharashtra,Pimpri-Chinchwad,"Bhosari, Pune - IITM","04-08-2026 05:00:00",18.640051,73.848956,PM10,31,101,65
India,Maharashtra,Pimpri-Chinchwad,"Bhosari, Pune - IITM","04-08-2026 05:00:00",18.640051,73.848956,OZONE,5,7,6
India,Maharashtra,Pune,"Savitribai Phule Pune University, Pune - MPCB","04-08-2026 05:00:00",18.547056,73.826908,PM2.5,8,22,15
India,Maharashtra,Pune,"Savitribai Phule Pune University, Pune - MPCB","04-08-2026 05:00:00",18.547056,73.826908,NO2,6,11,8
India,Maharashtra,Pune,"Revenue Colony-Shivajinagar, Pune - IITM","04-08-2026 05:00:00",18.530085,73.849598,PM10,25,83,48
India,Maharashtra,Pune,"Revenue Colony-Shivajinagar, Pune - IITM","04-08-2026 05:00:00",18.530085,73.849598,CO,38,68,50
India,Maharashtra,Pune,"Mhada Colony, Pune - IITM","04-08-2026 05:00:00",18.57304,73.927715,CO,40,67,49
India,Maharashtra,Pune,"Dhankawadi, Pune - IITM","04-08-2026 05:00:00",18.459883,73.852193,NO2,11,22,16
India,Maharashtra,Pune,"Panchawati_Pashan, Pune - IITM","04-08-2026 05:00:00",18.536457,73.805454,NH3,NA,NA,NA
India,Maharashtra,"Navi Mumbai","Nerul, Navi Mumbai - MPCB","04-08-2026 05:00:00",19.008751,73.01662,CO,NA,NA,NA
India,Maharashtra,"Navi Mumbai","Mahape, Navi Mumbai - MPCB","04-08-2026 05:00:00",19.1135051,73.008978,NO2,43,44,43
India,Maharashtra,"Navi Mumbai","Mahape, Navi Mumbai - MPCB","04-08-2026 05:00:00",19.1135051,73.008978,CO,61,62,62
India,Maharashtra,"Navi Mumbai","Tondare-Taloja, Navi Mumbai - MPCB","04-08-2026 05:00:00",19.063,73.1209,SO2,0,6,2
India,Maharashtra,Parbhani,"Masoom Colony, Parbhani - MPCB","04-08-2026 05:00:00",19.265594,76.761463,NO2,14,25,19
India,Maharashtra,Parbhani,"Masoom Colony, Parbhani - MPCB","04-08-2026 05:00:00",19.265594,76.761463,SO2,0,4,2
India,Maharashtra,Pimpri-Chinchwad,"Thergaon, Pimpri Chinchwad - MPCB","04-08-2026 05:00:00",18.616318,73.765797,NO2,4,16,10
India,Maharashtra,Pimpri-Chinchwad,"Thergaon, Pimpri Chinchwad - MPCB","04-08-2026 05:00:00",18.616318,73.765797,OZONE,6,6,6
India,Maharashtra,Mumbai,"Bandra Kurla Complex, Mumbai - MPCB","04-08-2026 05:00:00",19.065931,72.862131,PM10,44,78,58
India,Maharashtra,Mumbai,"Bandra Kurla Complex, Mumbai - MPCB","04-08-2026 05:00:00",19.065931,72.862131,SO2,2,3,2
India,Maharashtra,Mumbai,"Chhatrapati Shivaji Intl. Airport (T2), Mumbai - MPCB","04-08-2026 05:00:00",19.10078,72.87462,OZONE,NA,NA,NA
India,Maharashtra,Mumbai,"Mulund West, Mumbai - MPCB","04-08-2026 05:00:00",19.175,72.9419,SO2,NA,NA,NA
India,Maharashtra,Mumbai,"Mulund West, Mumbai - MPCB","04-08-2026 05:00:00",19.175,72.9419,OZONE,NA,NA,NA
India,Maharashtra,Mumbai,"Sewri, Mumbai - BMC","04-08-2026 05:00:00",19.000084,72.85673,PM10,23,51,37
India,Maharashtra,Mumbai,"Deonar, Mumbai - IITM","04-08-2026 05:00:00",19.04946,72.923,PM10,69,116,94
India,Maharashtra,Pune,"Katraj Dairy, Pune - MPCB","04-08-2026 05:00:00",18.45445,73.854155,NO2,10,13,12
India,Maharashtra,Sangli,"Vijay Nagar, Sangli - MPCB","04-08-2026 05:00:00",16.5038,74.3623,SO2,0,10,7
India,Maharashtra,Satara,"Koyana Nagar, Satara - MPCB","04-08-2026 05:00:00",17.696651,74.003387,CO,NA,NA,NA
India,Maharashtra,Solapur,"Ratandeep Housing Society, Solapur - MPCB","04-08-2026 05:00:00",17.65439,75.90649,NH3,2,6,4
India,Maharashtra,Solapur,"Dnyaneshwar Nagar, Solapur - MPCB","04-08-2026 05:00:00",17.6336264,75.9132495,PM2.5,7,17,12
India,Maharashtra,Jalgaon,"Prabhat Colony, Jalgaon - MPCB","04-08-2026 05:00:00",21.001264,75.565602,CO,22,35,29
India,Maharashtra,Kolhapur,"Sinchan Bhavan, Kolhapur - MPCB","04-08-2026 05:00:00",16.7143745,74.2426398,SO2,0,2,0
India,Rajasthan,Jaipur,"Shastri Nagar, Jaipur - RSPCB","04-08-2026 05:00:00",26.9502929,75.730943,OZONE,23,25,24
India,Rajasthan,Jaipur,"Sector-2 Murlipura, Jaipur - RSPCB","04-08-2026 05:00:00",26.960669,75.771817,NO2,9,42,24
India,Rajasthan,Jaipur,"Sector-2 Murlipura, Jaipur - RSPCB","04-08-2026 05:00:00",26.960669,75.771817,NH3,2,19,6
India,Rajasthan,Jaipur,"RIICO Sitapura, Jaipur - RSPCB","04-08-2026 05:00:00",26.786682,75.827928,OZONE,12,59,26
India,Rajasthan,Jaipur,"Police Commissionerate, Jaipur - RSPCB","04-08-2026 05:00:00",26.9164092,75.7994901,PM2.5,34,64,44
India,Rajasthan,Jaipur,"Police Commissionerate, Jaipur - RSPCB","04-08-2026 05:00:00",26.9164092,75.7994901,PM10,27,81,43
India,Rajasthan,Jaipur,"Adarsh Nagar, Jaipur - RSPCB","04-08-2026 05:00:00",26.902909,75.836858,NO2,8,20,12
India,Rajasthan,Jaipur,"Adarsh Nagar, Jaipur - RSPCB","04-08-2026 05:00:00",26.902909,75.836858,NH3,7,9,8
India,Rajasthan,Jaipur,"Mansarovar Sector-12, Jaipur - RSPCB","04-08-2026 05:00:00",26.843698,75.766894,NH3,1,5,3
India,Rajasthan,Jaipur,"Mansarovar Sector-12, Jaipur - RSPCB","04-08-2026 05:00:00",26.843698,75.766894,CO,31,58,41
India,Rajasthan,Jaisalmer,"Sadar Bazar, Jaisalmer - RSPCB","04-08-2026 05:00:00",26.912329,70.909168,PM2.5,26,147,51
India,Rajasthan,Jaisalmer,"Sadar Bazar, Jaisalmer - RSPCB","04-08-2026 05:00:00",26.912329,70.909168,NO2,1,18,7
India,Rajasthan,Jaisalmer,"Sadar Bazar, Jaisalmer - RSPCB","04-08-2026 05:00:00",26.912329,70.909168,SO2,3,6,4
India,Rajasthan,Jalore,"Mudtra Sili, Jalore - RSPCB","04-08-2026 05:00:00",25.344694,72.626208,NH3,3,7,4
India,Rajasthan,Jhalawar,"Rajlaxmi Nagar, Jhalawar - RSPCB","04-08-2026 05:00:00",24.588397,76.172782,PM10,50,98,72
India,Rajasthan,Jhalawar,"Rajlaxmi Nagar, Jhalawar - RSPCB","04-08-2026 05:00:00",24.588397,76.172782,NO2,17,27,23
India,Rajasthan,Jhunjhunu,"Indra Nagar, Jhunjhunu - RSPCB","04-08-2026 05:00:00",28.108988,75.386577,OZONE,38,116,69
India,Rajasthan,Jodhpur,"Collectorate, Jodhpur - RSPCB","04-08-2026 05:00:00",26.268249,73.0193853,PM2.5,24,70,51
India,Odisha,Rourkela,"Sector-2, Rourkela - OSPCB","04-08-2026 05:00:00",22.245,84.88111111,NO2,11,11,11
India,Odisha,Rourkela,"Sector-2, Rourkela - OSPCB","04-08-2026 05:00:00",22.245,84.88111111,CO,13,13,13
India,Puducherry,Puducherry,"Jawahar Nagar, Puducherry - PPCC","04-08-2026 05:00:00",11.9309,79.8027,PM2.5,15,73,26
India,Puducherry,Puducherry,"Jawahar Nagar, Puducherry - PPCC","04-08-2026 05:00:00",11.9309,79.8027,OZONE,16,25,22
India,Punjab,Amritsar,"Golden Temple, Amritsar - PPCB","04-08-2026 05:00:00",31.62,74.876512,NH3,5,5,5
India,Punjab,Amritsar,"Golden Temple, Amritsar - PPCB","04-08-2026 05:00:00",31.62,74.876512,CO,33,37,35
India,Punjab,Jalandhar,"Civil Line, Jalandhar - PPCB","04-08-2026 05:00:00",31.321907,75.578914,PM2.5,34,50,41
India,Punjab,Jalandhar,"Civil Line, Jalandhar - PPCB","04-08-2026 05:00:00",31.321907,75.578914,PM10,35,71,50
India,Punjab,Khanna,"Kalal Majra, Khanna - PPCB","04-08-2026 05:00:00",30.736056,76.209694,NO2,26,30,28
India,Punjab,Khanna,"Kalal Majra, Khanna - PPCB","04-08-2026 05:00:00",30.736056,76.209694,NH3,7,7,7
India,Punjab,Ludhiana,"Punjab Agricultural University, Ludhiana - PPCB","04-08-2026 05:00:00",30.9028,75.8086,CO,6,27,18
India,Punjab,"Mandi Gobindgarh","RIMT University, Mandi Gobindgarh - PPCB","04-08-2026 05:00:00",30.649961,76.331442,NH3,5,5,5
India,Punjab,"Mandi Gobindgarh","RIMT University, Mandi Gobindgarh - PPCB","04-08-2026 05:00:00",30.649961,76.331442,CO,46,46,46
India,Odisha,Bhubaneswar,"Patia, Bhubaneswar - OSPCB","04-08-2026 05:00:00",20.34652,85.8163,NH3,2,2,2
India,Odisha,Brajrajnagar,"GM Office, Brajrajnagar - OSPCB","04-08-2026 05:00:00",21.8004996,83.8396977,PM2.5,9,76,36
India,Odisha,Brajrajnagar,"GM Office, Brajrajnagar - OSPCB","04-08-2026 05:00:00",21.8004996,83.8396977,PM10,13,104,50
India,Odisha,Brajrajnagar,"GM Office, Brajrajnagar - OSPCB","04-08-2026 05:00:00",21.8004996,83.8396977,NO2,21,33,29
India,Odisha,Brajrajnagar,"GM Office, Brajrajnagar - OSPCB","04-08-2026 05:00:00",21.8004996,83.8396977,NH3,4,4,4
India,Odisha,Brajrajnagar,"GM Office, Brajrajnagar - OSPCB","04-08-2026 05:00:00",21.8004996,83.8396977,OZONE,41,45,43
India,Odisha,Byasanagar,"Ferro Chrome Colony, Byasanagar - OSPCB","04-08-2026 05:00:00",20.94185,86.1151,NO2,7,15,10
India,Odisha,Cuttack,"CDA Area, Cuttack - OSPCB","04-08-2026 05:00:00",20.48891,85.84768,PM2.5,3,65,22
India,Odisha,Cuttack,"CDA Area, Cuttack - OSPCB","04-08-2026 05:00:00",20.48891,85.84768,NH3,0,1,0
India,Odisha,Keonjhar,"Jagamohanpur, Keonjhar - OSPCB","04-08-2026 05:00:00",21.6439,85.599355,PM2.5,21,47,29
India,Odisha,Keonjhar,"Jagamohanpur, Keonjhar - OSPCB","04-08-2026 05:00:00",21.6439,85.599355,PM10,28,74,50
India,Odisha,Rourkela,"Raghunathpali, Rourkela - OSPCB","04-08-2026 05:00:00",22.220833,84.809444,NO2,15,15,15
India,Nagaland,Kohima,"PWD Junction, Kohima - NPCB","04-08-2026 05:00:00",25.6635413,94.0989878,SO2,48,63,54
India,Odisha,Angul,"Hakimapada, Angul - OSPCB","04-08-2026 05:00:00",20.832874,85.104082,PM2.5,7,323,45
India,Odisha,Angul,"Hakimapada, Angul - OSPCB","04-08-2026 05:00:00",20.832874,85.104082,NH3,2,3,2
India,Odisha,Angul,"Hakimapada, Angul - OSPCB","04-08-2026 05:00:00",20.832874,85.104082,SO2,6,31,10
India,Odisha,Balasore,"Kalidaspur, Balasore - OSPCB","04-08-2026 05:00:00",21.51161,86.89088,CO,37,44,40
India,Odisha,Barbil,"Forest Office, Barbil - OSPCB","04-08-2026 05:00:00",22.1166054,85.3945546,PM10,38,150,65
India,Odisha,Baripada,"Meher Colony, Baripada - OSPCB","04-08-2026 05:00:00",21.941841,86.728318,PM10,27,75,43
India,Odisha,Bhubaneswar,"Lingraj Mandir, Bhubaneswar - OSPCB","04-08-2026 05:00:00",20.24079,85.836784,PM10,18,35,27
India,Odisha,Bhubaneswar,"Lingraj Mandir, Bhubaneswar - OSPCB","04-08-2026 05:00:00",20.24079,85.836784,NO2,5,44,17
India,Odisha,Bhubaneswar,"Lingraj Mandir, Bhubaneswar - OSPCB","04-08-2026 05:00:00",20.24079,85.836784,NH3,3,26,7
India,Odisha,Bhubaneswar,"Lingraj Mandir, Bhubaneswar - OSPCB","04-08-2026 05:00:00",20.24079,85.836784,CO,39,48,44
India,Rajasthan,Jodhpur,"Samrat Ashok Udhyan, Jodhpur - RSPCB","04-08-2026 05:00:00",26.253384,72.976571,NO2,3,16,7
India,Rajasthan,Jodhpur,"Jhalamand, Jodhpur - RSPCB","04-08-2026 05:00:00",26.215415,73.070156,PM10,41,117,81
India,Rajasthan,Jodhpur,"Jhalamand, Jodhpur - RSPCB","04-08-2026 05:00:00",26.215415,73.070156,NO2,8,15,11
India,Rajasthan,Jodhpur,"Jhalamand, Jodhpur - RSPCB","04-08-2026 05:00:00",26.215415,73.070156,SO2,3,6,4
India,Rajasthan,Jodhpur,"Jhalamand, Jodhpur - RSPCB","04-08-2026 05:00:00",26.215415,73.070156,CO,9,15,12
India,Rajasthan,Jodhpur,"Mandor, Jodhpur - RSPCB","04-08-2026 05:00:00",26.358805,73.047444,NH3,2,15,5
India,Rajasthan,Jodhpur,"Mandor, Jodhpur - RSPCB","04-08-2026 05:00:00",26.358805,73.047444,SO2,4,7,5
India,Rajasthan,Jodhpur,"Mandor, Jodhpur - RSPCB","04-08-2026 05:00:00",26.358805,73.047444,CO,9,21,13
India,Rajasthan,Jodhpur,"Digari Kalan, Jodhpur - RSPCB","04-08-2026 05:00:00",26.29581,73.082283,NH3,4,7,5
India,Rajasthan,Jodhpur,"Digari Kalan, Jodhpur - RSPCB","04-08-2026 05:00:00",26.29581,73.082283,OZONE,13,20,15
India,Rajasthan,Karauli,"Satyawati Vihar, Karauli - RSPCB","04-08-2026 05:00:00",26.506177,77.025989,PM10,15,48,24
India,Rajasthan,Karauli,"Satyawati Vihar, Karauli - RSPCB","04-08-2026 05:00:00",26.506177,77.025989,SO2,0,7,4
India,Rajasthan,Kota,"Nayapura, Kota - RSPCB","04-08-2026 05:00:00",25.196024,75.855668,NO2,8,34,17
India,Punjab,Rupnagar,"Ratanpura, Rupnagar - Ambuja Cements","04-08-2026 05:00:00",31.0325454,76.5623046,SO2,8,15,12
India,Punjab,Rupnagar,"Ratanpura, Rupnagar - Ambuja Cements","04-08-2026 05:00:00",31.0325454,76.5623046,CO,46,60,53
India,Rajasthan,Ajmer,"Civil Lines,  Ajmer - RSPCB","04-08-2026 05:00:00",26.470859,74.646594,NH3,5,9,7
India,Rajasthan,Ajmer,"Civil Lines,  Ajmer - RSPCB","04-08-2026 05:00:00",26.470859,74.646594,SO2,2,17,11
India,Rajasthan,Alwar,"Moti Doongri, Alwar - RSPCB","04-08-2026 05:00:00",27.554793,76.611536,PM2.5,4,178,76
India,Rajasthan,Alwar,"Moti Doongri, Alwar - RSPCB","04-08-2026 05:00:00",27.554793,76.611536,PM10,33,117,82
India,Rajasthan,Alwar,"Vigyan Nagar, Alwar - RSPCB","04-08-2026 05:00:00",27.598796,76.63861,NO2,9,13,11
India,Rajasthan,Banswara,"Rati Talai, Banswara - RSPCB","04-08-2026 05:00:00",23.55519,74.44001,PM10,23,168,46
India,Rajasthan,Banswara,"Rati Talai, Banswara - RSPCB","04-08-2026 05:00:00",23.55519,74.44001,NH3,1,3,2
India,Rajasthan,Baran,"Bamboliya, Baran - RSPCB","04-08-2026 05:00:00",25.106006,76.469948,PM10,20,51,33
India,Rajasthan,Bharatpur,"Krishna Nagar, Bharatpur - RSPCB","04-08-2026 05:00:00",27.215415,77.50873,PM10,3,43,18
India,Rajasthan,Bharatpur,"Krishna Nagar, Bharatpur - RSPCB","04-08-2026 05:00:00",27.215415,77.50873,NO2,9,23,13
India,Rajasthan,Bharatpur,"Krishna Nagar, Bharatpur - RSPCB","04-08-2026 05:00:00",27.215415,77.50873,SO2,4,6,5
India,Rajasthan,Bhilwara,"Pratap Nagar, Bhilwara - RSPCB","04-08-2026 05:00:00",25.339605,74.618883,NH3,2,6,5
India,Rajasthan,Bhiwadi,"RIICO Ind. Area III, Bhiwadi - RSPCB","04-08-2026 05:00:00",28.194909,76.862296,CO,36,48,42
India,Rajasthan,Bhiwadi,"RIICO Ind. Area III, Bhiwadi - RSPCB","04-08-2026 05:00:00",28.194909,76.862296,OZONE,8,12,10
India,Rajasthan,Bhiwadi,"Vasundhara Nagar_UIT, Bhiwadi - RSPCB","04-08-2026 05:00:00",28.207266,76.829265,PM10,8,103,49
India,Rajasthan,Bhiwadi,"Vasundhara Nagar_UIT, Bhiwadi - RSPCB","04-08-2026 05:00:00",28.207266,76.829265,OZONE,19,53,37
India,Rajasthan,Bikaner,"MM Ground, Bikaner - RSPCB","04-08-2026 05:00:00",28.018792,73.292658,PM10,8,114,42
India,Maharashtra,Solapur,"Dnyaneshwar Nagar, Solapur - MPCB","04-08-2026 05:00:00",17.6336264,75.9132495,CO,8,14,10
India,Maharashtra,Thane,"Kasarvadavali, Thane - MPCB","04-08-2026 05:00:00",19.26777,72.97182,PM10,38,102,58
India,Maharashtra,Thane,"Kasarvadavali, Thane - MPCB","04-08-2026 05:00:00",19.26777,72.97182,NH3,2,3,2
India,Maharashtra,Thane,"Upvan Fort, Thane - MPCB","04-08-2026 05:00:00",19.222279,72.957979,NH3,5,6,5
India,Maharashtra,Thane,"Upvan Fort, Thane - MPCB","04-08-2026 05:00:00",19.222279,72.957979,SO2,0,4,2
India,Maharashtra,Ulhasnagar,"Vithalwadi, Ulhasnagar - MPCB","04-08-2026 05:00:00",19.2307571,73.155192,PM2.5,4,46,20
India,Maharashtra,Ulhasnagar,"Vithalwadi, Ulhasnagar - MPCB","04-08-2026 05:00:00",19.2307571,73.155192,SO2,12,16,14
India,Maharashtra,Ulhasnagar,"Vithalwadi, Ulhasnagar - MPCB","04-08-2026 05:00:00",19.2307571,73.155192,OZONE,10,14,11
India,Rajasthan,Bundi,"New Colony, Bundi - RSPCB","04-08-2026 05:00:00",25.435774,75.644272,NO2,13,32,21
India,Rajasthan,Churu,"Subash Chowk, Churu - RSPCB","04-08-2026 05:00:00",28.296139,74.961696,NH3,5,6,6
India,Rajasthan,Churu,"Subash Chowk, Churu - RSPCB","04-08-2026 05:00:00",28.296139,74.961696,SO2,4,6,5
India,Rajasthan,Dausa,"Khatikan Mohalla, Dausa - RSPCB","04-08-2026 05:00:00",26.895552,76.334753,CO,14,45,24
India,Rajasthan,Dungarpur,"Bhoiwada, Dungarpur - RSPCB","04-08-2026 05:00:00",23.837789,73.714926,PM10,27,101,65
India,Rajasthan,Hanumangarh,"Housing Board, Hanumangarh - RSPCB","04-08-2026 05:00:00",29.61075,74.283608,PM2.5,5,42,19
India,"Uttar Pradesh",Khurja,"Kalindi Kunj, Khurja - UPPCB","04-08-2026 05:00:00",28.2348927,77.8683002,NH3,1,1,1
India,"Uttar Pradesh",Khurja,"Kalindi Kunj, Khurja - UPPCB","04-08-2026 05:00:00",28.2348927,77.8683002,OZONE,11,12,11
India,"Uttar Pradesh",Lucknow,"Gomti Nagar, Lucknow - UPPCB","04-08-2026 05:00:00",26.86812,81.005119,NH3,NA,NA,NA
India,"Uttar Pradesh",Lucknow,"Gomti Nagar, Lucknow - UPPCB","04-08-2026 05:00:00",26.86812,81.005119,SO2,13,15,14
India,"Uttar Pradesh",Lucknow,"Gomti Nagar, Lucknow - UPPCB","04-08-2026 05:00:00",26.86812,81.005119,CO,37,38,38
India,"Uttar Pradesh",Lucknow,"Lalbagh, Lucknow - CPCB","04-08-2026 05:00:00",26.8458805,80.9365541,PM2.5,NA,NA,NA
India,"Uttar Pradesh",Lucknow,"Lalbagh, Lucknow - CPCB","04-08-2026 05:00:00",26.8458805,80.9365541,NO2,22,25,24
India,"Uttar Pradesh",Lucknow,"Kukrail Picnic Spot-1, Lucknow - UPPCB","04-08-2026 05:00:00",26.90723,80.98579,PM10,21,54,34
India,"Uttar Pradesh",Lucknow,"Kukrail Picnic Spot-1, Lucknow - UPPCB","04-08-2026 05:00:00",26.90723,80.98579,NH3,6,6,6
India,"Uttar Pradesh",Lucknow,"Kukrail Picnic Spot-1, Lucknow - UPPCB","04-08-2026 05:00:00",26.90723,80.98579,SO2,27,29,27
India,"Uttar Pradesh",Lucknow,"B R Ambedkar University, Lucknow - UPPCB","04-08-2026 05:00:00",26.766433,80.927299,PM10,32,218,85
India,"Uttar Pradesh",Lucknow,"Kendriya Vidyalaya, Lucknow - CPCB","04-08-2026 05:00:00",26.906111,80.948222,NO2,25,30,27
India,"Uttar Pradesh",Lucknow,"Talkatora District Industries Center, Lucknow - CPCB","04-08-2026 05:00:00",26.83399722,80.8917361,NH3,3,8,7
India,"Uttar Pradesh",Mathura,"Pali Dungra, Mathura - UPPCB","04-08-2026 05:00:00",27.410954,77.550619,NO2,4,11,6
India,"Uttar Pradesh",Mathura,"Pali Dungra, Mathura - UPPCB","04-08-2026 05:00:00",27.410954,77.550619,CO,2,29,20
India,"Uttar Pradesh",Meerut,"Ganga Nagar, Meerut - UPPCB","04-08-2026 05:00:00",28.999264,77.7590354,PM2.5,27,60,42
India,"Uttar Pradesh",Gajraula,"Rajanpur, Gajraula - UPPCB","04-08-2026 05:00:00",28.829109,78.248796,OZONE,NA,NA,NA
India,"Uttar Pradesh",Ghaziabad,"Ved Vihar-Loni, Ghaziabad - UPPCB","04-08-2026 05:00:00",28.739153,77.273668,PM10,22,103,71
India,"Uttar Pradesh",Ghaziabad,"Ved Vihar-Loni, Ghaziabad - UPPCB","04-08-2026 05:00:00",28.739153,77.273668,OZONE,11,14,12
India,"Uttar Pradesh",Ghaziabad,"Indirapuram, Ghaziabad - UPPCB","04-08-2026 05:00:00",28.646233,77.358075,CO,26,28,27
India,"Uttar Pradesh",Ghaziabad,"Vasundhara, Ghaziabad - UPPCB","04-08-2026 05:00:00",28.6603346,77.3572563,PM2.5,42,157,65
India,"Uttar Pradesh",Ghaziabad,"Vasundhara, Ghaziabad - UPPCB","04-08-2026 05:00:00",28.6603346,77.3572563,PM10,54,96,79
India,"Uttar Pradesh",Ghaziabad,"Vasundhara, Ghaziabad - UPPCB","04-08-2026 05:00:00",28.6603346,77.3572563,CO,3,7,5
India,"Uttar Pradesh",Ghaziabad,"Loni, Ghaziabad - UPPCB","04-08-2026 05:00:00",28.757294,77.278792,OZONE,13,21,15
India,"Uttar Pradesh",Ghaziabad,"Sanjay Nagar, Ghaziabad - UPPCB","04-08-2026 05:00:00",28.685382,77.453839,OZONE,48,55,52
India,"Uttar Pradesh",Ghaziabad,"Govindpuram, Ghaziabad - UPPCB","04-08-2026 05:00:00",28.694528,77.494705,PM2.5,11,26,18
India,"Uttar Pradesh",Gorakhpur,"Madan Mohan Malaviya University of Technology, Gorakhpur - UPPCB","04-08-2026 05:00:00",26.730136,83.433859,PM2.5,NA,NA,NA
India,"Uttar Pradesh",Gorakhpur,"Madan Mohan Malaviya University of Technology, Gorakhpur - UPPCB","04-08-2026 05:00:00",26.730136,83.433859,CO,5,6,5
India,"Uttar Pradesh","Greater Noida","Knowledge Park - III, Greater Noida - UPPCB","04-08-2026 05:00:00",28.47272,77.482,PM2.5,8,41,26
India,"Uttar Pradesh","Greater Noida","Knowledge Park - III, Greater Noida - UPPCB","04-08-2026 05:00:00",28.47272,77.482,CO,10,24,19
India,"Uttar Pradesh","Greater Noida","Knowledge Park - III, Greater Noida - UPPCB","04-08-2026 05:00:00",28.47272,77.482,OZONE,4,15,10
India,Rajasthan,Tonk,"Shastri Nagar, Tonk - RSPCB","04-08-2026 05:00:00",26.159933,75.780517,PM10,44,103,79
India,Rajasthan,Tonk,"Shastri Nagar, Tonk - RSPCB","04-08-2026 05:00:00",26.159933,75.780517,NH3,4,7,5
India,Rajasthan,Udaipur,"Ashok Nagar, Udaipur - RSPCB","04-08-2026 05:00:00",24.5886166,73.6321397,CO,9,58,27
India,Sikkim,Gangtok,"Zero Point GICI, Gangtok - SSPCB","04-08-2026 05:00:00",27.33853,88.614099,SO2,1,1,1
India,"Tamil Nadu",Chennai,"Royapuram, Chennai - TNPCB","04-08-2026 05:00:00",13.1036,80.2909,PM2.5,12,103,42
India,"Tamil Nadu",Chennai,"Royapuram, Chennai - TNPCB","04-08-2026 05:00:00",13.1036,80.2909,CO,22,28,26
India,"Tamil Nadu",Chennai,"Royapuram, Chennai - TNPCB","04-08-2026 05:00:00",13.1036,80.2909,OZONE,16,18,17
India,"Tamil Nadu",Chennai,"Velachery Res. Area, Chennai - CPCB","04-08-2026 05:00:00",13.0052189,80.2398125,SO2,4,7,6
India,"Tamil Nadu",Chennai,"Arumbakkam, Chennai - TNPCB","04-08-2026 05:00:00",13.0664,80.2112,CO,NA,NA,NA
India,"Tamil Nadu",Chennai,"Manali Village, Chennai - TNPCB","04-08-2026 05:00:00",13.1662,80.2584,NH3,1,2,2
India,"Tamil Nadu",Chennai,"Manali Village, Chennai - TNPCB","04-08-2026 05:00:00",13.1662,80.2584,SO2,13,15,13
India,"Tamil Nadu",Chennai,"Kodungaiyur, Chennai - TNPCB","04-08-2026 05:00:00",13.1278,80.2642,NO2,10,16,14
India,"Tamil Nadu",Chennai,"Kodungaiyur, Chennai - TNPCB","04-08-2026 05:00:00",13.1278,80.2642,SO2,4,7,6
India,Rajasthan,Kota,"Shrinath Puram, Kota - RSPCB","04-08-2026 05:00:00",25.14389,75.821256,NO2,5,13,10
India,Rajasthan,Kota,"Shrinath Puram, Kota - RSPCB","04-08-2026 05:00:00",25.14389,75.821256,OZONE,7,12,9
India,Rajasthan,Nagaur,"Karni Colony, Nagaur - RSPCB","04-08-2026 05:00:00",27.213494,73.734444,PM10,25,105,57
India,Rajasthan,Nagaur,"Karni Colony, Nagaur - RSPCB","04-08-2026 05:00:00",27.213494,73.734444,NO2,2,6,4
India,Rajasthan,Pratapgarh,"Pragati Nagar, Pratapgarh - RSPCB","04-08-2026 05:00:00",24.041198,74.780702,NO2,4,10,7
India,Rajasthan,Pratapgarh,"Pragati Nagar, Pratapgarh - RSPCB","04-08-2026 05:00:00",24.041198,74.780702,SO2,1,3,1
India,Rajasthan,Rajsamand,"Dhoinda, Rajsamand - RSPCB","04-08-2026 05:00:00",25.03636,73.883502,PM10,25,83,58
India,Rajasthan,Rajsamand,"Dhoinda, Rajsamand - RSPCB","04-08-2026 05:00:00",25.03636,73.883502,CO,14,18,17
India,Rajasthan,Sikar,"Radhakishan Pura, Sikar - RSPCB","04-08-2026 05:00:00",27.608912,75.153302,PM2.5,3,57,24
India,Rajasthan,Sikar,"Radhakishan Pura, Sikar - RSPCB","04-08-2026 05:00:00",27.608912,75.153302,NO2,4,15,8
India,Rajasthan,Sikar,"Radhakishan Pura, Sikar - RSPCB","04-08-2026 05:00:00",27.608912,75.153302,NH3,8,9,9
India,Rajasthan,Sikar,"Radhakishan Pura, Sikar - RSPCB","04-08-2026 05:00:00",27.608912,75.153302,CO,12,20,15
India,Rajasthan,Sirohi,"Vedhaynath Colony, Sirohi - RSPCB","04-08-2026 05:00:00",24.885261,72.857549,NO2,2,16,5
India,Rajasthan,"Sri Ganganagar","Old City, Sri Ganganagar - RSPCB","04-08-2026 05:00:00",29.931624,73.864511,SO2,1,4,2
India,"Uttar Pradesh",Agra,"Rohta, Agra - UPPCB","04-08-2026 05:00:00",27.106972,78.000111,SO2,7,15,10
India,"Uttar Pradesh",Baghpat,"Sardar Patel Inter College, Baghpat - UPPCB","04-08-2026 05:00:00",28.964949,77.278761,SO2,NA,NA,NA
India,"Uttar Pradesh",Bareilly,"Rajendra Nagar, Bareilly - UPPCB","04-08-2026 05:00:00",28.38910936,79.42963708,SO2,1,5,2
India,"Uttar Pradesh",Bareilly,"Civil Lines, Bareilly - UPPCB","04-08-2026 05:00:00",28.359581,79.414455,NH3,0,4,1
India,"Uttar Pradesh",Bareilly,"Civil Lines, Bareilly - UPPCB","04-08-2026 05:00:00",28.359581,79.414455,CO,25,38,31
India,"Uttar Pradesh",Bulandshahr,"Yamunapuram, Bulandshahr - UPPCB","04-08-2026 05:00:00",28.406963,77.849831,OZONE,14,21,18
India,"Uttar Pradesh",Firozabad,"Vibhab Nagar, Firozabad - UPPCB","04-08-2026 05:00:00",27.1594,78.3953,NH3,6,7,7
India,"Uttar Pradesh",Firozabad,"Nagla Bhau, Firozabad - UPPCB","04-08-2026 05:00:00",27.168897,78.37696,SO2,3,92,22
India,"Uttar Pradesh",Firozabad,"Nagla Bhau, Firozabad - UPPCB","04-08-2026 05:00:00",27.168897,78.37696,OZONE,5,7,6
India,"Uttar Pradesh",Gajraula,"Rajanpur, Gajraula - UPPCB","04-08-2026 05:00:00",28.829109,78.248796,PM2.5,17,54,33
India,Telangana,Hyderabad,"IITH Kandi, Hyderabad - TSPCB","04-08-2026 05:00:00",17.585705,78.126199,PM10,63,76,71
India,Telangana,Hyderabad,"IITH Kandi, Hyderabad - TSPCB","04-08-2026 05:00:00",17.585705,78.126199,NO2,12,14,13
India,Telangana,Hyderabad,"Nacharam_TSIIC IALA, Hyderabad - TSPCB","04-08-2026 05:00:00",17.429398,78.569354,SO2,10,14,12
India,Telangana,Hyderabad,"New Malakpet, Hyderabad - TSPCB","04-08-2026 05:00:00",17.37206,78.50864,NO2,11,15,14
India,Telangana,Hyderabad,"New Malakpet, Hyderabad - TSPCB","04-08-2026 05:00:00",17.37206,78.50864,NH3,2,3,3
India,Telangana,Hyderabad,"Ramachandrapuram, Hyderabad - TSPCB","04-08-2026 05:00:00",17.528544,78.286195,CO,20,22,21
India,Telangana,Hyderabad,"Kompally Municipal Office, Hyderabad - TSPCB","04-08-2026 05:00:00",17.544899,78.486949,NO2,10,13,12
India,Telangana,Hyderabad,"Somajiguda, Hyderabad - TSPCB","04-08-2026 05:00:00",17.417094,78.457437,NO2,15,18,17
India,Telangana,Hyderabad,"Somajiguda, Hyderabad - TSPCB","04-08-2026 05:00:00",17.417094,78.457437,OZONE,13,14,14
India,Telangana,Hyderabad,"IDA Pashamylaram, Hyderabad - TSPCB","04-08-2026 05:00:00",17.5316895,78.218939,NO2,7,41,26
India,Telangana,Hyderabad,"Sanathnagar, Hyderabad - TSPCB","04-08-2026 05:00:00",17.4559458,78.4332152,NO2,28,74,34
India,"Tamil Nadu",Chennai,"Perungudi, Chennai - TNPCB","04-08-2026 05:00:00",12.9533,80.2357,SO2,2,7,4
India,"Tamil Nadu",Coimbatore,"SIDCO Kurichi, Coimbatore - TNPCB","04-08-2026 05:00:00",10.942451,76.978996,SO2,24,26,25
India,"Tamil Nadu",Cuddalore,"Semmandalam, Cuddalore - TNPCB","04-08-2026 05:00:00",11.7637683,79.7499835,PM2.5,NA,NA,NA
India,"Tamil Nadu",Cuddalore,"Semmandalam, Cuddalore - TNPCB","04-08-2026 05:00:00",11.7637683,79.7499835,NO2,NA,NA,NA
India,"Tamil Nadu",Cuddalore,"Kudikadu, Cuddalore - TNPCB","04-08-2026 05:00:00",11.6829898,79.7532099,PM10,NA,NA,NA
India,"Tamil Nadu",Cuddalore,"Kudikadu, Cuddalore - TNPCB","04-08-2026 05:00:00",11.6829898,79.7532099,NO2,NA,NA,NA
India,"Tamil Nadu",Cuddalore,"Kudikadu, Cuddalore - TNPCB","04-08-2026 05:00:00",11.6829898,79.7532099,CO,NA,NA,NA
India,"Tamil Nadu",Madurai,"Uchapatti, Madurai - TNPCB","04-08-2026 05:00:00",9.865935,78.022669,NH3,8,9,9
India,"Tamil Nadu",Thoothukudi,"Meelavittan, Thoothukudi - TNPCB","04-08-2026 05:00:00",8.816428,78.099039,PM10,57,73,65
India,"Tamil Nadu",Thoothukudi,"Meelavittan, Thoothukudi - TNPCB","04-08-2026 05:00:00",8.816428,78.099039,NO2,10,21,14
India,Telangana,Hyderabad,"Central University, Hyderabad - TSPCB","04-08-2026 05:00:00",17.460103,78.334361,CO,1,6,2
India,"Uttar Pradesh","Greater Noida","Knowledge Park - V, Greater Noida - UPPCB","04-08-2026 05:00:00",28.557054,77.453663,CO,10,13,12
India,"Uttar Pradesh","Greater Noida","Knowledge Park - V, Greater Noida - UPPCB","04-08-2026 05:00:00",28.557054,77.453663,OZONE,58,87,73
India,"Uttar Pradesh",Hapur,"Anand Vihar, Hapur - UPPCB","04-08-2026 05:00:00",28.725645,77.749675,CO,39,45,42
India,"Uttar Pradesh",Kanpur,"NSI Kalyanpur, Kanpur - UPPCB","04-08-2026 05:00:00",26.509954,80.249612,PM2.5,NA,NA,NA
India,"Uttar Pradesh",Kanpur,"NSI Kalyanpur, Kanpur - UPPCB","04-08-2026 05:00:00",26.509954,80.249612,OZONE,21,22,21
India,"Uttar Pradesh",Kanpur,"Nehru Nagar, Kanpur - UPPCB","04-08-2026 05:00:00",26.4703136,80.3229863,PM10,12,35,26
India,"Uttar Pradesh",Kanpur,"Nehru Nagar, Kanpur - UPPCB","04-08-2026 05:00:00",26.4703136,80.3229863,CO,50,53,51
India,"Uttar Pradesh",Kanpur,"FTI Kidwai Nagar, Kanpur - UPPCB","04-08-2026 05:00:00",26.428282,80.327067,NO2,27,27,27
India,"Uttar Pradesh",Kanpur,"FTI Kidwai Nagar, Kanpur - UPPCB","04-08-2026 05:00:00",26.428282,80.327067,OZONE,11,11,11
India,"Uttar Pradesh",Khora,"Prashant Garden, Khora - UPPCB","04-08-2026 05:00:00",28.61119,77.34206,PM2.5,55,212,96
India,"Uttar Pradesh",Khora,"Prashant Garden, Khora - UPPCB","04-08-2026 05:00:00",28.61119,77.34206,PM10,51,131,81
India,Telangana,Hyderabad,"Sanathnagar, Hyderabad - TSPCB","04-08-2026 05:00:00",17.4559458,78.4332152,SO2,0,14,9
India,Telangana,Hyderabad,"ICRISAT Patancheru, Hyderabad - TSPCB","04-08-2026 05:00:00",17.5184,78.278777,CO,2,42,14
India,"Uttar Pradesh",Agra,"Shastripuram, Agra - UPPCB","04-08-2026 05:00:00",27.19862,77.92066,PM2.5,4,51,27
India,"Uttar Pradesh",Agra,"Shastripuram, Agra - UPPCB","04-08-2026 05:00:00",27.19862,77.92066,OZONE,16,21,19
India,"Uttar Pradesh",Agra,"Manoharpur, Agra - UPPCB","04-08-2026 05:00:00",27.23711,78.01936,NH3,1,2,2
India,"Uttar Pradesh",Agra,"Shahjahan Garden, Agra - UPPCB","04-08-2026 05:00:00",27.169338,78.03582,NO2,23,26,24
India,"Uttar Pradesh",Agra,"Shahjahan Garden, Agra - UPPCB","04-08-2026 05:00:00",27.169338,78.03582,OZONE,1,59,32
India,"Uttar Pradesh",Agra,"Sanjay Palace, Agra - UPPCB","04-08-2026 05:00:00",27.19865833,78.00598056,PM2.5,2,140,32
India,"Uttar Pradesh",Agra,"Sanjay Palace, Agra - UPPCB","04-08-2026 05:00:00",27.19865833,78.00598056,SO2,2,2,2
India,"Uttar Pradesh",Agra,"Sector-3B Avas Vikas Colony, Agra - UPPCB","04-08-2026 05:00:00",27.19412,77.96237,PM2.5,16,84,39
India,"Uttar Pradesh",Meerut,"Ganga Nagar, Meerut - UPPCB","04-08-2026 05:00:00",28.999264,77.7590354,NO2,28,41,31
India,"Uttar Pradesh",Meerut,"Jai Bhim Nagar, Meerut - UPPCB","04-08-2026 05:00:00",28.9535882,77.7622941,NO2,16,62,32
India,"Uttar Pradesh",Meerut,"Jai Bhim Nagar, Meerut - UPPCB","04-08-2026 05:00:00",28.9535882,77.7622941,CO,33,45,38
India,"Uttar Pradesh",Modinagar,"SRM University, Modinagar - UPPCB","04-08-2026 05:00:00",28.798171,77.540243,NO2,14,50,25
India,"Uttar Pradesh",Modinagar,"SRM University, Modinagar - UPPCB","04-08-2026 05:00:00",28.798171,77.540243,CO,14,21,17
India,"Uttar Pradesh",Moradabad,"Jigar Colony, Moradabad - UPPCB","04-08-2026 05:00:00",28.856664,78.772638,PM2.5,39,77,51
India,"Uttar Pradesh",Moradabad,"Jigar Colony, Moradabad - UPPCB","04-08-2026 05:00:00",28.856664,78.772638,PM10,32,52,43
India,"Uttar Pradesh",Moradabad,"Jigar Colony, Moradabad - UPPCB","04-08-2026 05:00:00",28.856664,78.772638,NO2,24,25,25
India,"Uttar Pradesh",Moradabad,"Jigar Colony, Moradabad - UPPCB","04-08-2026 05:00:00",28.856664,78.772638,SO2,23,42,33
India,"Uttar Pradesh",Moradabad,"Jigar Colony, Moradabad - UPPCB","04-08-2026 05:00:00",28.856664,78.772638,OZONE,21,23,22
India,"Uttar Pradesh",Moradabad,"Kashiram Nagar, Moradabad - UPPCB","04-08-2026 05:00:00",28.849399,78.742362,NO2,24,25,25
India,"Uttar Pradesh",Moradabad,"Employment Office, Moradabad - UPPCB","04-08-2026 05:00:00",28.88528,78.7388,PM2.5,39,70,54
India,"Uttar Pradesh",Moradabad,"Employment Office, Moradabad - UPPCB","04-08-2026 05:00:00",28.88528,78.7388,NO2,23,24,23
India,"Uttar Pradesh",Moradabad,"Eco Herbal Park, Moradabad - UPPCB","04-08-2026 05:00:00",28.840739,78.697531,OZONE,24,31,27
India,"Uttar Pradesh",Moradabad,"Buddhi Vihar, Moradabad - UPPCB","04-08-2026 05:00:00",28.83526,78.7446,NO2,28,29,29
India,"Uttar Pradesh",Moradabad,"Buddhi Vihar, Moradabad - UPPCB","04-08-2026 05:00:00",28.83526,78.7446,SO2,25,25,25
India,"Uttar Pradesh",Moradabad,"Transport Nagar, Moradabad - UPPCB","04-08-2026 05:00:00",28.802625,78.753728,NH3,5,5,5
India,"Uttar Pradesh",Muzaffarnagar,"New Mandi, Muzaffarnagar - UPPCB","04-08-2026 05:00:00",29.4723508,77.7194031,NH3,1,5,2
India,"Uttar Pradesh",Noida,"Sector-116, Noida - UPPCB","04-08-2026 05:00:00",28.56923,77.393848,PM2.5,15,82,52
India,"Uttar Pradesh",Noida,"Sector-116, Noida - UPPCB","04-08-2026 05:00:00",28.56923,77.393848,SO2,10,21,17
India,"Uttar Pradesh",Noida,"Sector-116, Noida - UPPCB","04-08-2026 05:00:00",28.56923,77.393848,CO,17,31,23
India,"Uttar Pradesh",Noida,"Sector - 62, Noida - IITM","04-08-2026 05:00:00",28.6245479,77.3577104,NH3,NA,NA,NA
India,"Uttar Pradesh",Noida,"Sector - 62, Noida - IITM","04-08-2026 05:00:00",28.6245479,77.3577104,CO,14,22,20
India,"Uttar Pradesh",Noida,"Sector - 125, Noida - UPPCB","04-08-2026 05:00:00",28.5447608,77.3231257,PM2.5,10,62,37
India,"Uttar Pradesh",Noida,"Sector - 125, Noida - UPPCB","04-08-2026 05:00:00",28.5447608,77.3231257,OZONE,21,26,23
India,"Uttar Pradesh",Prayagraj,"Jhunsi, Prayagraj - UPPCB","04-08-2026 05:00:00",25.425602,81.917152,PM10,NA,NA,NA
India,"Uttar Pradesh",Prayagraj,"Jhunsi, Prayagraj - UPPCB","04-08-2026 05:00:00",25.425602,81.917152,NH3,4,6,6
India,"Uttar Pradesh",Prayagraj,"Jhunsi, Prayagraj - UPPCB","04-08-2026 05:00:00",25.425602,81.917152,SO2,8,61,21
India,"Uttar Pradesh",Prayagraj,"Nagar Nigam, Prayagraj - UPPCB","04-08-2026 05:00:00",25.44919916,81.82735986,CO,10,18,14
India,"Uttar Pradesh",Prayagraj,"Motilal Nehru NIT, Prayagraj - UPPCB","04-08-2026 05:00:00",25.494,81.863,PM2.5,1,22,13
India,"Uttar Pradesh",Prayagraj,"Motilal Nehru NIT, Prayagraj - UPPCB","04-08-2026 05:00:00",25.494,81.863,CO,1,3,2
India,"Uttar Pradesh",Prayagraj,"Motilal Nehru NIT, Prayagraj - UPPCB","04-08-2026 05:00:00",25.494,81.863,OZONE,14,18,16
India,"Uttar Pradesh",Raebareli," Indira Nagar, Raebareli - NTPC Unchahar","04-08-2026 05:00:00",26.207781,81.245571,PM10,40,100,74
India,"Uttar Pradesh",Shamli,"New Tehsil, Shamli - UPPCB","04-08-2026 05:00:00",29.4603683,77.3410291,SO2,1,9,4
India,"Uttar Pradesh",Shamli,"New Tehsil, Shamli - UPPCB","04-08-2026 05:00:00",29.4603683,77.3410291,CO,19,134,83
India,"Uttar Pradesh",Varanasi,"Maldahiya, Varanasi - UPPCB","04-08-2026 05:00:00",25.32393,82.99687,PM2.5,4,89,21
India,"Uttar Pradesh",Varanasi,"Bhelupur, Varanasi - UPPCB","04-08-2026 05:00:00",25.301778,82.996789,CO,7,13,9
India,"Uttar Pradesh",Vrindavan,"Omex Eternity, Vrindavan - UPPCB","04-08-2026 05:00:00",27.571409,77.655757,PM10,13,112,43
India,"Uttar Pradesh",Vrindavan,"Omex Eternity, Vrindavan - UPPCB","04-08-2026 05:00:00",27.571409,77.655757,NH3,7,9,8
India,"Uttar Pradesh",Vrindavan,"Omex Eternity, Vrindavan - UPPCB","04-08-2026 05:00:00",27.571409,77.655757,CO,10,13,12
India,"Uttar Pradesh",Vrindavan,"Omex Eternity, Vrindavan - UPPCB","04-08-2026 05:00:00",27.571409,77.655757,OZONE,15,16,16
India,Uttarakhand,Dehradun,"Doon University, Dehradun - UKPCB","04-08-2026 05:00:00",30.269444,78.044167,SO2,0,1,1
India,Uttarakhand,Dehradun,"Doon University, Dehradun - UKPCB","04-08-2026 05:00:00",30.269444,78.044167,OZONE,0,9,4
India,Uttarakhand,Kashipur,"Govt. Girls Inter College, Kashipur - UKPCB","04-08-2026 05:00:00",29.2124114,78.9611753,PM2.5,NA,NA,NA
India,"West Bengal",Asansol,"Evelyn Lodge, Asansol - WBPCB","04-08-2026 05:00:00",23.697936,86.944395,PM2.5,18,65,36
India,"West Bengal",Asansol,"Mahabir Colliery, Asansol - WBPCB","04-08-2026 05:00:00",23.618183,87.105718,CO,48,77,60
India,"West Bengal",Asansol,"Asansol Court Area, Asansol - WBPCB","04-08-2026 05:00:00",23.685297,86.945968,CO,22,33,29
India,"West Bengal",Asansol,"Trivenidevi Bhalotia College, Asansol - WBPCB","04-08-2026 05:00:00",23.616515,87.119133,NH3,5,7,6
India,"West Bengal",Asansol,"Trivenidevi Bhalotia College, Asansol - WBPCB","04-08-2026 05:00:00",23.616515,87.119133,CO,37,40,39
India,"West Bengal",Durgapur,"Mahishkapur Road_B-Zone, Durgapur - WBPCB","04-08-2026 05:00:00",23.567923,87.306843,NO2,6,30,15
India,"West Bengal",Durgapur,"Mahishkapur Road_B-Zone, Durgapur - WBPCB","04-08-2026 05:00:00",23.567923,87.306843,NH3,1,1,1
India,"West Bengal",Durgapur,"Mahishkapur Road_B-Zone, Durgapur - WBPCB","04-08-2026 05:00:00",23.567923,87.306843,CO,28,71,43
India,"West Bengal",Durgapur,"PCBL Residential Complex, Durgapur - WBPCB","04-08-2026 05:00:00",23.508764,87.35444,NH3,6,9,7
India,"West Bengal",Haldia,"Priyambada Housing Estate, Haldia - WBPCB","04-08-2026 05:00:00",22.06047,88.109737,PM10,33,71,51
India,"West Bengal",Howrah,"Ghusuri, Howrah - WBPCB","04-08-2026 05:00:00",22.611968,88.347422,NO2,50,77,58
India,"West Bengal",Howrah,"Padmapukur, Howrah - WBPCB","04-08-2026 05:00:00",22.5687319,88.2797276,PM2.5,25,38,32
India,"West Bengal",Howrah,"Padmapukur, Howrah - WBPCB","04-08-2026 05:00:00",22.5687319,88.2797276,CO,55,59,57
India,"West Bengal",Howrah,"Botanical Garden, Howrah - WBPCB","04-08-2026 05:00:00",22.554954,88.292568,NO2,11,32,17
India,"West Bengal",Howrah,"Botanical Garden, Howrah - WBPCB","04-08-2026 05:00:00",22.554954,88.292568,SO2,4,9,5
India,"West Bengal",Howrah,"Botanical Garden, Howrah - WBPCB","04-08-2026 05:00:00",22.554954,88.292568,CO,14,33,23
India,"West Bengal",Kolkata,"Fort William, Kolkata - WBPCB","04-08-2026 05:00:00",22.55664,88.342674,CO,15,53,29
India,"West Bengal",Kolkata,"Fort William, Kolkata - WBPCB","04-08-2026 05:00:00",22.55664,88.342674,OZONE,7,9,8
India,"West Bengal",Kolkata,"Rabindra Sarobar, Kolkata - WBPCB","04-08-2026 05:00:00",22.51106,88.35142,NO2,13,35,21
India,"West Bengal",Kolkata,"Rabindra Sarobar, Kolkata - WBPCB","04-08-2026 05:00:00",22.51106,88.35142,NH3,6,8,7
India,"West Bengal",Kolkata,"Rabindra Sarobar, Kolkata - WBPCB","04-08-2026 05:00:00",22.51106,88.35142,CO,19,64,31
India,"West Bengal",Kolkata,"Jadavpur, Kolkata - WBPCB","04-08-2026 05:00:00",22.49929,88.36917,OZONE,9,11,10
India,"West Bengal",Kolkata,"Rabindra Bharati University, Kolkata - WBPCB","04-08-2026 05:00:00",22.627847,88.380669,NO2,22,84,48
India,"West Bengal",Kolkata,"Rabindra Bharati University, Kolkata - WBPCB","04-08-2026 05:00:00",22.627847,88.380669,OZONE,32,149,75
India,"West Bengal",Kolkata,"Victoria, Kolkata - WBPCB","04-08-2026 05:00:00",22.5448082,88.3403691,NH3,8,8,8
India,"West Bengal",Kolkata,"Bidhannagar, Kolkata - WBPCB","04-08-2026 05:00:00",22.58157048,88.41002457,PM10,38,70,53
India,"West Bengal",Kolkata,"Bidhannagar, Kolkata - WBPCB","04-08-2026 05:00:00",22.58157048,88.41002457,NO2,12,14,13
India,"West Bengal",Kolkata,"Bidhannagar, Kolkata - WBPCB","04-08-2026 05:00:00",22.58157048,88.41002457,SO2,4,38,8
India,"West Bengal",Kolkata,"Bidhannagar, Kolkata - WBPCB","04-08-2026 05:00:00",22.58157048,88.41002457,CO,39,51,44
India,"West Bengal",Siliguri,"Ward-32 Bapupara, Siliguri - WBPCB","04-08-2026 05:00:00",26.6879226,88.4152495,SO2,12,15,14
India,"West Bengal",Siliguri,"Ward-32 Bapupara, Siliguri - WBPCB","04-08-2026 05:00:00",26.6879226,88.4152495,CO,20,41,29
India,"West Bengal",Siliguri,"Ward-32 Bapupara, Siliguri - WBPCB","04-08-2026 05:00:00",26.6879226,88.4152495,OZONE,23,24,23
India,Bihar,Chhapra,"Darshan Nagar, Chhapra - BSPCB","04-08-2026 05:00:00",25.7808257,84.7446768,CO,85,99,89
India,Bihar,Chhapra,"Darshan Nagar, Chhapra - BSPCB","04-08-2026 05:00:00",25.7808257,84.7446768,OZONE,4,5,4
India,Bihar,Gaya,"SFTI Kusdihra, Gaya - BSPCB","04-08-2026 05:00:00",24.762518,84.982348,PM2.5,26,44,32
India,Bihar,Gaya,"Collectorate, Gaya - BSPCB","04-08-2026 05:00:00",24.7955,84.9994,PM2.5,7,334,128
India,Bihar,Gaya,"Kareemganj, Gaya - BSPCB","04-08-2026 05:00:00",24.792403,84.992416,PM2.5,NA,NA,NA
India,Bihar,Gaya,"Kareemganj, Gaya - BSPCB","04-08-2026 05:00:00",24.792403,84.992416,NO2,10,14,12
India,Bihar,Kishanganj,"SDM Office_Khagra, Kishanganj - BSPCB","04-08-2026 05:00:00",26.0881305,87.93840336,PM10,32,90,43
India,Bihar,Motihari,"Gandak Colony, Motihari - BSPCB","04-08-2026 05:00:00",26.63086,84.90051,PM2.5,NA,NA,NA
India,Bihar,Motihari,"Gandak Colony, Motihari - BSPCB","04-08-2026 05:00:00",26.63086,84.90051,CO,13,13,13
India,"Andhra Pradesh",Vijayawada,"Rajiv Gandhi Park, Vijayawada - APPCB","04-08-2026 05:00:00",16.509717,80.612222,SO2,12,19,16
India,"Andhra Pradesh",Vijayawada,"Rajiv Gandhi Park, Vijayawada - APPCB","04-08-2026 05:00:00",16.509717,80.612222,OZONE,17,39,20
India,"Andhra Pradesh",Vijayawada,"Rajiv Nagar, Vijayawada - APPCB","04-08-2026 05:00:00",16.554731,80.64911,NO2,12,24,15
India,"Andhra Pradesh",Vijayawada,"Rajiv Nagar, Vijayawada - APPCB","04-08-2026 05:00:00",16.554731,80.64911,NH3,3,5,3
India,"Andhra Pradesh",Visakhapatnam,"GVM Corporation, Visakhapatnam - APPCB","04-08-2026 05:00:00",17.72,83.3,NO2,18,115,69
India,"Andhra Pradesh",Visakhapatnam,"GVM Corporation, Visakhapatnam - APPCB","04-08-2026 05:00:00",17.72,83.3,NH3,3,4,3
India,"Arunachal Pradesh",Naharlagun,"Naharlagun, Naharlagun - APSPCB","04-08-2026 05:00:00",27.103358,93.679645,CO,14,31,18
India,Assam,Guwahati,"IITG, Guwahati - PCBA","04-08-2026 05:00:00",26.2028636,91.70046436,NO2,0,3,1
India,"Andhra Pradesh",Amaravati,"Secretariat, Amaravati - APPCB","04-08-2026 05:00:00",16.5150833,80.5181667,NO2,10,58,24
India,"Andhra Pradesh",Amaravati,"Secretariat, Amaravati - APPCB","04-08-2026 05:00:00",16.5150833,80.5181667,NH3,2,4,3
India,"Andhra Pradesh",Amaravati,"Secretariat, Amaravati - APPCB","04-08-2026 05:00:00",16.5150833,80.5181667,CO,9,26,18
India,"Andhra Pradesh",Anantapur,"Gulzarpet, Anantapur - APPCB","04-08-2026 05:00:00",14.675886,77.593027,PM2.5,45,62,51
India,"Andhra Pradesh",Anantapur,"Gulzarpet, Anantapur - APPCB","04-08-2026 05:00:00",14.675886,77.593027,PM10,48,65,54
India,"Andhra Pradesh",Chittoor,"Gangineni Cheruvu, Chittoor - APPCB","04-08-2026 05:00:00",13.20488,79.097889,PM2.5,58,74,65
India,"Andhra Pradesh",Chittoor,"Gangineni Cheruvu, Chittoor - APPCB","04-08-2026 05:00:00",13.20488,79.097889,NH3,5,7,6
India,"Andhra Pradesh",Chittoor,"Gangineni Cheruvu, Chittoor - APPCB","04-08-2026 05:00:00",13.20488,79.097889,OZONE,32,36,33
India,Bihar,Aurangabad,"Gurdeo Nagar, Aurangabad - BSPCB","04-08-2026 05:00:00",24.75746,84.366208,SO2,NA,NA,NA
India,Bihar,Begusarai,"Lohiyanagar, Begusarai - BSPCB","04-08-2026 05:00:00",25.42742023,86.13886079,OZONE,0,10,7
India,Bihar,Bhagalpur,"Mayaganj, Bhagalpur - BSPCB","04-08-2026 05:00:00",25.265194,87.012947,NH3,2,3,2
India,Bihar,Bhagalpur,"DM Office_Kachari Chowk, Bhagalpur - BSPCB","04-08-2026 05:00:00",25.251013,86.989001,PM10,NA,NA,NA
India,Bihar,Bhagalpur,"DM Office_Kachari Chowk, Bhagalpur - BSPCB","04-08-2026 05:00:00",25.251013,86.989001,SO2,NA,NA,NA
India,Bihar,Bhagalpur,"DM Office_Kachari Chowk, Bhagalpur - BSPCB","04-08-2026 05:00:00",25.251013,86.989001,CO,8,30,18
India,Bihar,Chhapra,"Darshan Nagar, Chhapra - BSPCB","04-08-2026 05:00:00",25.7808257,84.7446768,NO2,0,1,0
India,Assam,Nagaon,"Christianpatty, Nagaon - PCBA","04-08-2026 05:00:00",26.349082,92.68449,NO2,1,1,1
India,Assam,Nagaon,"Christianpatty, Nagaon - PCBA","04-08-2026 05:00:00",26.349082,92.68449,NH3,1,4,3
India,Assam,Nalbari,"Bata Chowk, Nalbari - PCBA","04-08-2026 05:00:00",26.446912,91.439057,PM10,15,83,40
India,Assam,Nalbari,"Bata Chowk, Nalbari - PCBA","04-08-2026 05:00:00",26.446912,91.439057,NH3,6,6,6
India,Bihar,Araria,"Kharahiya Basti, Araria - BSPCB","04-08-2026 05:00:00",26.146529,87.454184,PM2.5,43,50,47
India,Bihar,Araria,"Kharahiya Basti, Araria - BSPCB","04-08-2026 05:00:00",26.146529,87.454184,SO2,21,22,21
India,Bihar,Arrah,"New DM Office, Arrah - BSPCB","04-08-2026 05:00:00",25.5626095,84.663264,NO2,5,9,7
India,"Andhra Pradesh",Kakinada,"Rama Rao Peta, Kakinada - APPCB","04-08-2026 05:00:00",16.962488,82.229513,PM2.5,26,98,35
India,"Andhra Pradesh",Kurnool,"Sita Rama Nagar, Kurnool - APPCB","04-08-2026 05:00:00",15.83411,78.028546,PM10,17,38,28
India,"Andhra Pradesh",Kurnool,"Sita Rama Nagar, Kurnool - APPCB","04-08-2026 05:00:00",15.83411,78.028546,SO2,10,10,10
India,"Andhra Pradesh",Machilipatnam,"Srinivas Nagar Colony, Machilipatnam - APPCB","04-08-2026 05:00:00",16.186555,81.13219,OZONE,35,35,35
India,"Andhra Pradesh",Nellore,"Ambedkar Nagar, Nellore - APPCB ","04-08-2026 05:00:00",14.438164,79.966814,OZONE,24,33,28
India,"Andhra Pradesh",Tirumala,"Toll Gate, Tirumala - APPCB","04-08-2026 05:00:00",13.67,79.35,NH3,2,3,2
India,"Andhra Pradesh",Tirupati,"Vaikuntapuram, Tirupati - APPCB","04-08-2026 05:00:00",13.615387,79.40923,NH3,4,6,5
India,"Andhra Pradesh",Vijayawada,"HB Colony, Vijayawada - APPCB","04-08-2026 05:00:00",16.536107,80.594233,PM2.5,45,72,55
India,"Andhra Pradesh",Vijayawada,"HB Colony, Vijayawada - APPCB","04-08-2026 05:00:00",16.536107,80.594233,NO2,17,30,20
India,"Andhra Pradesh",Vijayawada,"HB Colony, Vijayawada - APPCB","04-08-2026 05:00:00",16.536107,80.594233,NH3,3,6,4
India,"Andhra Pradesh",Vijayawada,"HB Colony, Vijayawada - APPCB","04-08-2026 05:00:00",16.536107,80.594233,SO2,9,18,13
India,Bihar,Munger,"Town Hall, Munger - BSPCB","04-08-2026 05:00:00",25.376776,86.471523,SO2,42,49,45
India,Bihar,Munger,"Town Hall, Munger - BSPCB","04-08-2026 05:00:00",25.376776,86.471523,CO,21,23,22
India,Bihar,Muzaffarpur,"MIT-Daudpur Kothi, Muzaffarpur - BSPCB","04-08-2026 05:00:00",26.1403345,85.3650192,CO,6,13,12
India,Bihar,Patna,"IGSC Planetarium Complex, Patna - BSPCB","04-08-2026 05:00:00",25.610369,85.132568,OZONE,59,61,60
India,Bihar,Patna,"DRM Office Danapur, Patna - BSPCB","04-08-2026 05:00:00",25.586562,85.043586,OZONE,12,63,38
India,"Andhra Pradesh",Eluru,"District Court, Eluru - APPCB","04-08-2026 05:00:00",16.711754,81.092095,CO,14,44,20
India,"Andhra Pradesh",Guntur,"Rajendra Nagar North, Guntur - APPCB","04-08-2026 05:00:00",16.316553,80.413302,PM2.5,41,63,50
India,"Andhra Pradesh",Kadapa,"Yerramukkapalli, Kadapa - APPCB","04-08-2026 05:00:00",14.465052,78.824187,NO2,15,20,18
India,Assam,Guwahati,"LGBI Airport, Guwahati - PCBA","04-08-2026 05:00:00",26.10887,91.589544,PM10,12,63,38
India,Assam,Guwahati,"LGBI Airport, Guwahati - PCBA","04-08-2026 05:00:00",26.10887,91.589544,NO2,14,15,14
India,Assam,Guwahati,"Railway Colony, Guwahati - PCBA","04-08-2026 05:00:00",26.181742,91.78063,PM10,4,48,32
India,Bihar,Patna,"Govt. High School Shikarpur, Patna - BSPCB","04-08-2026 05:00:00",25.592539,85.227158,OZONE,19,43,29
India,Bihar,Purnia,"Mariam Nagar, Purnia - BSPCB","04-08-2026 05:00:00",25.366336,87.117468,SO2,16,17,16
India,Bihar,Saharsa,"Police Line, Saharsa - BSPCB","04-08-2026 05:00:00",25.892357,86.590325,OZONE,10,28,18
India,Bihar,Samastipur,"DM Office_Kasipur, Samastipur - BSPCB","04-08-2026 05:00:00",25.859655,85.77944,PM2.5,12,378,68
India,Bihar,Samastipur,"DM Office_Kasipur, Samastipur - BSPCB","04-08-2026 05:00:00",25.859655,85.77944,NH3,1,1,1
India,Bihar,Sasaram,"Dada Peer, Sasaram - BSPCB","04-08-2026 05:00:00",24.952822,84.002396,CO,4,14,9
India,Bihar,Sasaram,"Dada Peer, Sasaram - BSPCB","04-08-2026 05:00:00",24.952822,84.002396,OZONE,15,21,17
India,Bihar,Siwan,"Chitragupta Nagar, Siwan - BSPCB","04-08-2026 05:00:00",26.2271665,84.3570427,PM10,103,112,105
India,Bihar,Siwan,"Chitragupta Nagar, Siwan - BSPCB","04-08-2026 05:00:00",26.2271665,84.3570427,CO,58,70,65
India,Chandigarh,Chandigarh,"Sector-53, Chandigarh - CPCC","04-08-2026 05:00:00",30.719859,76.738637,NH3,18,30,23
India,Chandigarh,Chandigarh,"Sector-53, Chandigarh - CPCC","04-08-2026 05:00:00",30.719859,76.738637,SO2,5,11,8
India,Chandigarh,Chandigarh,"Sector-53, Chandigarh - CPCC","04-08-2026 05:00:00",30.719859,76.738637,OZONE,4,17,9
India,Chhattisgarh,Korba,"Rampur, Korba - CECB","04-08-2026 05:00:00",22.368195,82.746431,NO2,4,34,12
India,Chhattisgarh,Korba,"Rampur, Korba - CECB","04-08-2026 05:00:00",22.368195,82.746431,SO2,4,43,15
India,Chhattisgarh,Kunjemura,"OP Jindal School, Kunjemura - CECB","04-08-2026 05:00:00",22.12665,83.483212,NO2,6,31,13
India,Chhattisgarh,Milupara,"Govt. Higher Secondary School, Milupara - CECB","04-08-2026 05:00:00",22.1910172,83.5197009,PM2.5,5,92,36
India,Chhattisgarh,Milupara,"Govt. Higher Secondary School, Milupara - CECB","04-08-2026 05:00:00",22.1910172,83.5197009,NO2,16,43,25
India,Chhattisgarh,Milupara,"Govt. Higher Secondary School, Milupara - CECB","04-08-2026 05:00:00",22.1910172,83.5197009,SO2,13,19,14
India,Chhattisgarh,Milupara,"Govt. Higher Secondary School, Milupara - CECB","04-08-2026 05:00:00",22.1910172,83.5197009,CO,3,19,10
India,Chhattisgarh,Raipur,"Krishak Nagar, Raipur - CECB","04-08-2026 05:00:00",21.237755,81.705301,PM2.5,14,37,26
India,Chhattisgarh,Raipur,"Krishak Nagar, Raipur - CECB","04-08-2026 05:00:00",21.237755,81.705301,NO2,2,10,4
India,Chhattisgarh,Raipur,"Krishak Nagar, Raipur - CECB","04-08-2026 05:00:00",21.237755,81.705301,SO2,5,7,6
India,Chhattisgarh,Raipur,"Siltara Phase-II, Raipur - CECB","04-08-2026 05:00:00",21.371751,81.664929,OZONE,5,15,9
India,Delhi,Delhi,"Anand Vihar, Delhi - DPCC","04-08-2026 05:00:00",28.647622,77.315809,CO,40,87,72
India,Delhi,Delhi,"Anand Vihar, Delhi - DPCC","04-08-2026 05:00:00",28.647622,77.315809,OZONE,3,18,6
India,Delhi,Delhi,"Ashok Vihar, Delhi - DPCC","04-08-2026 05:00:00",28.695381,77.181665,SO2,15,22,18
India,Delhi,Delhi,"Mundka, Delhi - DPCC","04-08-2026 05:00:00",28.684678,77.076574,PM10,69,115,89
India,Delhi,Delhi,"Wazirpur, Delhi - DPCC","04-08-2026 05:00:00",28.699793,77.165453,PM2.5,22,273,112
India,Delhi,Delhi,"Wazirpur, Delhi - DPCC","04-08-2026 05:00:00",28.699793,77.165453,NH3,1,7,4
India,Delhi,Delhi,"Najafgarh, Delhi - DPCC","04-08-2026 05:00:00",28.570173,76.933762,SO2,25,35,27
India,Delhi,Delhi,"Jawaharlal Nehru Stadium, Delhi - DPCC","04-08-2026 05:00:00",28.58028,77.233829,NO2,22,124,44
India,Delhi,Delhi,"Jawaharlal Nehru Stadium, Delhi - DPCC","04-08-2026 05:00:00",28.58028,77.233829,NH3,13,16,14
India,Delhi,Delhi,"Nehru Nagar, Delhi - DPCC","04-08-2026 05:00:00",28.56789,77.250515,NH3,6,9,7
India,Delhi,Delhi,"R K Puram, Delhi - DPCC","04-08-2026 05:00:00",28.563262,77.186937,PM10,24,102,73
India,Delhi,Delhi,"R K Puram, Delhi - DPCC","04-08-2026 05:00:00",28.563262,77.186937,NO2,8,51,24
India,Delhi,Delhi,"IIT Delhi, Delhi - IITM","04-08-2026 05:00:00",28.54246,77.191651,PM2.5,8,66,32
India,Delhi,Delhi,"IIT Delhi, Delhi - IITM","04-08-2026 05:00:00",28.54246,77.191651,NH3,NA,NA,NA
India,Delhi,Delhi,"Dr. Karni Singh Shooting Range, Delhi - DPCC","04-08-2026 05:00:00",28.498571,77.26484,PM10,8,101,50
India,Delhi,Delhi,"Dr. Karni Singh Shooting Range, Delhi - DPCC","04-08-2026 05:00:00",28.498571,77.26484,NO2,6,26,12
India,Delhi,Delhi,"Dwarka-Sector 8, Delhi - DPCC ","04-08-2026 05:00:00",28.5710274,77.0719006,NO2,26,43,33
India,Delhi,Delhi,"Dwarka-Sector 8, Delhi - DPCC ","04-08-2026 05:00:00",28.5710274,77.0719006,OZONE,3,11,7
India,Delhi,Delhi,"DTU, Delhi - CPCB","04-08-2026 05:00:00",28.7500499,77.1112615,PM10,32,83,56
India,Delhi,Delhi,"Anand Vihar, Delhi - DPCC","04-08-2026 05:00:00",28.647622,77.315809,PM2.5,59,253,112
India,Chandigarh,Chandigarh,"Sector 22, Chandigarh - CPCC","04-08-2026 05:00:00",30.735567,76.775714,NO2,2,20,7
India,Chandigarh,Chandigarh,"Sector 22, Chandigarh - CPCC","04-08-2026 05:00:00",30.735567,76.775714,OZONE,3,11,6
India,Chandigarh,Chandigarh,"Sector-25, Chandigarh - CPCC","04-08-2026 05:00:00",30.751462,76.762879,SO2,6,9,7
India,Chhattisgarh,Bhilai,"32Bungalows, Bhilai - CECB","04-08-2026 05:00:00",21.194815,81.31477,PM2.5,3,74,23
India,Chhattisgarh,Bhilai,"32Bungalows, Bhilai - CECB","04-08-2026 05:00:00",21.194815,81.31477,PM10,4,100,32
India,Chhattisgarh,Bhilai,"32Bungalows, Bhilai - CECB","04-08-2026 05:00:00",21.194815,81.31477,SO2,2,6,5
India,Chhattisgarh,Bhilai,"32Bungalows, Bhilai - CECB","04-08-2026 05:00:00",21.194815,81.31477,OZONE,9,16,13
India,Chhattisgarh,Bhilai,"Hathkhoj, Bhilai - CECB","04-08-2026 05:00:00",21.224231,81.40835,PM10,13,42,31
India,Chhattisgarh,Korba,"Urja Nagar, Korba - CECB","04-08-2026 05:00:00",22.348441,82.549611,NO2,4,6,5
India,Chhattisgarh,Korba,"Urja Nagar, Korba - CECB","04-08-2026 05:00:00",22.348441,82.549611,NH3,1,1,1
India,Chhattisgarh,Tumidih,"OP Jindal Industrial Park, Tumidih - CECB","04-08-2026 05:00:00",22.06631475,83.33820077,PM10,14,48,32
India,Chhattisgarh,Tumidih,"OP Jindal Industrial Park, Tumidih - CECB","04-08-2026 05:00:00",22.06631475,83.33820077,NO2,12,70,26
India,Delhi,Delhi,"ITO, Delhi - CPCB","04-08-2026 05:00:00",28.628624,77.24106,PM2.5,23,66,43
India,Delhi,Delhi,"ITO, Delhi - CPCB","04-08-2026 05:00:00",28.628624,77.24106,CO,28,56,40
India,Delhi,Delhi,"NSUT Jaffarpur, Delhi - DPCC","04-08-2026 05:00:00",28.594004,76.909423,CO,68,81,74
India,Delhi,Delhi,"Punjabi Bagh, Delhi - DPCC","04-08-2026 05:00:00",28.674045,77.131023,SO2,25,52,40
India,Delhi,Delhi,"Shadipur, Delhi - CPCB","04-08-2026 05:00:00",28.6514781,77.1473105,NO2,23,168,43
India,Delhi,Delhi,"Mandir Marg, Delhi - DPCC","04-08-2026 05:00:00",28.636429,77.201067,CO,58,77,67
India,Delhi,Delhi,"Pusa, Delhi - DPCC","04-08-2026 05:00:00",28.639652,77.146275,PM2.5,10,63,33
India,Delhi,Delhi,"Sirifort, Delhi - CPCB","04-08-2026 05:00:00",28.5504249,77.2159377,NH3,3,7,5
India,Delhi,Delhi,"Sirifort, Delhi - CPCB","04-08-2026 05:00:00",28.5504249,77.2159377,CO,14,33,24
India,Delhi,Delhi,"Chandni Chowk, Delhi - IITM","04-08-2026 05:00:00",28.656756,77.227234,PM2.5,29,78,53
India,Delhi,Delhi,"Pusa, Delhi - IITM","04-08-2026 05:00:00",28.63611,77.173332,PM10,13,77,52
India,Delhi,Delhi,"Pusa, Delhi - IITM","04-08-2026 05:00:00",28.63611,77.173332,NO2,11,42,26
India,Delhi,Delhi,"IGNOU_Maidan Garhi, Delhi - DPCC","04-08-2026 05:00:00",28.493624,77.201159,SO2,4,6,5
India,Delhi,Delhi,"Commonwealth Sports Complex, Delhi - DPCC","04-08-2026 05:00:00",28.615828,77.271992,PM2.5,27,62,43
India,Delhi,Delhi,"Talkatora Garden, Delhi - DPCC","04-08-2026 05:00:00",28.62181,77.1944633,PM2.5,19,72,41
India,Delhi,Delhi,"Aya Nagar, Delhi - IITM","04-08-2026 05:00:00",28.4706914,77.1099364,SO2,NA,NA,NA
India,Delhi,Delhi,"CRRI Mathura Road, Delhi - IITM","04-08-2026 05:00:00",28.5512005,77.2735737,PM2.5,3,56,30
India,Delhi,Delhi,"CRRI Mathura Road, Delhi - IITM","04-08-2026 05:00:00",28.5512005,77.2735737,CO,40,56,46
India,Delhi,Delhi,"Burari Crossing, Delhi - IITM","04-08-2026 05:00:00",28.7256504,77.2011573,NH3,NA,NA,NA
India,Delhi,Delhi,"JNU, Delhi - DPCC","04-08-2026 05:00:00",28.540721,77.168544,NO2,4,31,12
India,Delhi,Delhi,"JNU, Delhi - DPCC","04-08-2026 05:00:00",28.540721,77.168544,CO,13,39,26
India,Delhi,Delhi,"Alipur, Delhi - DPCC","04-08-2026 05:00:00",28.815329,77.15301,PM2.5,28,140,64
India,Delhi,Delhi,"Alipur, Delhi - DPCC","04-08-2026 05:00:00",28.815329,77.15301,NH3,10,16,11
India,Delhi,Delhi,"North Campus, DU, Delhi - IITM","04-08-2026 05:00:00",28.6573814,77.1585447,SO2,NA,NA,NA
India,Gujarat,Vadodara,"Bapunagar, Vadodara - Nexteng Enviro","04-08-2026 05:00:00",22.320153,73.216285,NH3,2,2,2
India,Gujarat,Vapi,"Phase-1 GIDC, Vapi - GPCB","04-08-2026 05:00:00",20.362421,72.918013,PM2.5,0,58,24
India,Gujarat,Vatva,"Phase-4 GIDC, Vatva - GPCB","04-08-2026 05:00:00",22.969611,72.6435,PM10,94,144,123
India,Gujarat,Vatva,"Phase-4 GIDC, Vatva - GPCB","04-08-2026 05:00:00",22.969611,72.6435,NO2,37,42,40
India,Gujarat,Vatva,"Phase-4 GIDC, Vatva - GPCB","04-08-2026 05:00:00",22.969611,72.6435,OZONE,10,10,10
India,Haryana,Ambala,"Patti Mehar, Ambala - HSPCB","04-08-2026 05:00:00",30.379589,76.778328,PM2.5,32,84,53
India,Haryana,Ambala,"Patti Mehar, Ambala - HSPCB","04-08-2026 05:00:00",30.379589,76.778328,SO2,60,68,63
India,Haryana,Bahadurgarh,"Arya Nagar, Bahadurgarh - HSPCB","04-08-2026 05:00:00",28.6701,76.9254,PM10,43,71,55
India,Haryana,Ballabgarh,"Nathu Colony, Ballabgarh - HSPCB","04-08-2026 05:00:00",28.3419248,77.319699,PM10,31,58,42
India,Haryana,Bhiwani,"H.B. Colony, Bhiwani - HSPCB","04-08-2026 05:00:00",28.806223,76.141105,PM2.5,2,32,14
India,Haryana,"Charkhi Dadri","Mini Secretariat, Charkhi Dadri - HSPCB","04-08-2026 05:00:00",28.593883,76.270653,NH3,5,8,6
India,Haryana,"Charkhi Dadri","Mini Secretariat, Charkhi Dadri - HSPCB","04-08-2026 05:00:00",28.593883,76.270653,SO2,7,9,8
India,Gujarat,Ahmedabad,"Gyaspur, Ahmedabad - IITM","04-08-2026 05:00:00",22.977134,72.553024,NH3,4,7,5
India,Gujarat,Ahmedabad,"SAC ISRO Satellite, Ahmedabad - IITM","04-08-2026 05:00:00",23.023389,72.515201,NH3,1,2,1
India,Gujarat,Ahmedabad,"SAC ISRO Satellite, Ahmedabad - IITM","04-08-2026 05:00:00",23.023389,72.515201,SO2,1,2,2
India,Gujarat,Ahmedabad,"Raikhad, Ahmedabad - IITM","04-08-2026 05:00:00",23.020509,72.579261,SO2,2,18,5
India,Gujarat,Bhavnagar,"Vidhyanagar, Bhavnagar - Nexteng Enviro","04-08-2026 05:00:00",21.755417,72.139056,NH3,4,5,4
India,Gujarat,Bhavnagar,"Vidhyanagar, Bhavnagar - Nexteng Enviro","04-08-2026 05:00:00",21.755417,72.139056,CO,58,60,59
India,Gujarat,Gandhinagar,"Sector-10, Gandhinagar - GPCB","04-08-2026 05:00:00",23.221714,72.654328,PM10,30,134,69
India,Gujarat,Gandhinagar,"Sector-10, Gandhinagar - GPCB","04-08-2026 05:00:00",23.221714,72.654328,NO2,4,7,5
India,Gujarat,Gandhinagar,"Sector-10, Gandhinagar - GPCB","04-08-2026 05:00:00",23.221714,72.654328,NH3,1,1,1
India,Gujarat,Gandhinagar,"IIPHG Lekawada, Gandhinagar - IITM","04-08-2026 05:00:00",23.243639,72.68994,NO2,4,12,8
India,Gujarat,Gandhinagar,"GIFT City, Gandhinagar - IITM","04-08-2026 05:00:00",23.163798,72.677768,NH3,1,2,1
India,Delhi,Delhi,"Sri Aurobindo Marg, Delhi - DPCC","04-08-2026 05:00:00",28.531346,77.190156,NH3,2,5,3
India,Delhi,Delhi,"IHBAS, Dilshad Garden, Delhi - CPCB","04-08-2026 05:00:00",28.6811736,77.3025234,PM2.5,33,53,41
India,Delhi,Delhi,"IHBAS, Dilshad Garden, Delhi - CPCB","04-08-2026 05:00:00",28.6811736,77.3025234,PM10,39,72,54
India,Delhi,Delhi,"IHBAS, Dilshad Garden, Delhi - CPCB","04-08-2026 05:00:00",28.6811736,77.3025234,NO2,9,14,13
India,Delhi,Delhi,"Jahangirpuri, Delhi - DPCC","04-08-2026 05:00:00",28.73282,77.170633,PM10,85,139,111
India,Delhi,Delhi,"Jahangirpuri, Delhi - DPCC","04-08-2026 05:00:00",28.73282,77.170633,SO2,6,15,10
India,Delhi,Delhi,"Vivek Vihar, Delhi - DPCC","04-08-2026 05:00:00",28.672342,77.31526,NH3,7,9,8
India,Delhi,Delhi,"Rohini, Delhi - DPCC","04-08-2026 05:00:00",28.732528,77.11992,PM10,21,121,95
India,Delhi,Delhi,"Bawana, Delhi - DPCC","04-08-2026 05:00:00",28.7762,77.051074,NO2,4,10,6
India,Delhi,Delhi,"Bawana, Delhi - DPCC","04-08-2026 05:00:00",28.7762,77.051074,NH3,2,5,4
India,Delhi,Delhi,"Major Dhyan Chand National Stadium, Delhi - DPCC","04-08-2026 05:00:00",28.611281,77.237738,PM2.5,NA,NA,NA
India,Gujarat,Gandhinagar,"GIFT City, Gandhinagar - IITM","04-08-2026 05:00:00",23.163798,72.677768,SO2,0,9,3
India,Gujarat,Mehsana,"Sadanand Nagar, Mehsana - Nexteng Enviro","04-08-2026 05:00:00",23.59315,72.372792,PM10,37,116,86
India,Gujarat,Mehsana,"Sadanand Nagar, Mehsana - Nexteng Enviro","04-08-2026 05:00:00",23.59315,72.372792,NH3,0,1,1
India,Gujarat,Mehsana,"Sadanand Nagar, Mehsana - Nexteng Enviro","04-08-2026 05:00:00",23.59315,72.372792,SO2,13,15,14
India,Gujarat,Rajkot,"Mavdi, Rajkot - Nexteng Enviro ","04-08-2026 05:00:00",22.248853,70.776774,PM2.5,46,85,61
India,Gujarat,Rajkot,"Mavdi, Rajkot - Nexteng Enviro ","04-08-2026 05:00:00",22.248853,70.776774,PM10,57,103,76
India,Gujarat,Rajkot,"Mavdi, Rajkot - Nexteng Enviro ","04-08-2026 05:00:00",22.248853,70.776774,CO,41,42,41
India,Gujarat,Rajkot,"Mavdi, Rajkot - Nexteng Enviro ","04-08-2026 05:00:00",22.248853,70.776774,OZONE,6,10,8
India,Gujarat,Surat,"Science Center, Surat - SMC","04-08-2026 05:00:00",21.170046,72.795405,OZONE,NA,NA,NA
India,Gujarat,Vadodara,"Bapunagar, Vadodara - Nexteng Enviro","04-08-2026 05:00:00",22.320153,73.216285,NO2,11,19,14
India,Haryana,Panipat,"Sector-18, Panipat - HSPCB","04-08-2026 05:00:00",29.432304,76.972765,PM10,92,242,153
India,Haryana,Panipat,"Sector-18, Panipat - HSPCB","04-08-2026 05:00:00",29.432304,76.972765,NH3,7,12,10
India,Haryana,Rohtak,"MD University, Rohtak - HSPCB","04-08-2026 05:00:00",28.52123,76.37138,NH3,NA,NA,NA
India,Haryana,Sirsa,"F-Block, Sirsa - HSPCB","04-08-2026 05:00:00",29.5364,75.0158,NH3,13,15,14
India,Haryana,Sonipat,"Murthal, Sonipat - HSPCB","04-08-2026 05:00:00",29.0272,77.0621,NH3,8,9,9
India,"Himachal Pradesh",Baddi,"HIMUDA Complex Phase-1, Baddi - HPPCB","04-08-2026 05:00:00",30.943887,76.801991,NO2,2,25,10
India,"Jammu and Kashmir",Pampore,"Khrew, Pampore - JKPCC","04-08-2026 05:00:00",34.031606,75.009712,PM2.5,14,56,37
India,"Jammu and Kashmir",Pampore,"Khrew, Pampore - JKPCC","04-08-2026 05:00:00",34.031606,75.009712,PM10,20,80,52
India,Delhi,Delhi,"Major Dhyan Chand National Stadium, Delhi - DPCC","04-08-2026 05:00:00",28.611281,77.237738,PM10,8,62,32
India,Delhi,Delhi,"Major Dhyan Chand National Stadium, Delhi - DPCC","04-08-2026 05:00:00",28.611281,77.237738,OZONE,17,22,18
India,Delhi,Delhi,"Cantonment Area, Delhi - DPCC","04-08-2026 05:00:00",28.594169,77.1251,NO2,6,12,8
India,Delhi,Delhi,"Cantonment Area, Delhi - DPCC","04-08-2026 05:00:00",28.594169,77.1251,OZONE,0,3,2
India,Gujarat,Ahmedabad,"Rakhial, Ahmedabad - IITM","04-08-2026 05:00:00",23.016834,72.625775,NH3,3,5,3
India,Gujarat,Ahmedabad,"Chandkheda, Ahmedabad - IITM","04-08-2026 05:00:00",23.107969,72.574648,SO2,0,9,5
India,Gujarat,Ahmedabad,"Maninagar, Ahmedabad - GPCB","04-08-2026 05:00:00",23.002657,72.591912,NH3,NA,NA,NA
India,Gujarat,Ahmedabad,"Maninagar, Ahmedabad - GPCB","04-08-2026 05:00:00",23.002657,72.591912,SO2,15,35,27
India,Gujarat,Ahmedabad,"Maninagar, Ahmedabad - GPCB","04-08-2026 05:00:00",23.002657,72.591912,OZONE,20,24,22
India,Haryana,Mandikhera,"General Hospital, Mandikhera(Nuh) - HSPCB","04-08-2026 05:00:00",27.9002,76.9938,CO,32,34,33
India,Haryana,Manesar,"Sector-2 IMT, Manesar - HSPCB","04-08-2026 05:00:00",28.360699,76.93609,PM10,15,41,31
India,Haryana,Narnaul,"Shastri Nagar, Narnaul - HSPCB","04-08-2026 05:00:00",28.060249,76.113115,CO,13,17,15
India,Haryana,Palwal,"Shyam Nagar, Palwal - HSPCB","04-08-2026 05:00:00",28.1485564,77.3320667,PM10,27,57,44
India,Haryana,Panchgaon,"Amity University, Panchgaon - IITM","04-08-2026 05:00:00",28.3153,76.9143,PM2.5,2,23,9
India,Haryana,Panchkula,"Sector-6, Panchkula - HSPCB ","04-08-2026 05:00:00",30.7057778,76.8531805555555,SO2,10,14,11
India,Haryana,Dharuhera,"Municipal Corporation Office, Dharuhera -  HSPCB","04-08-2026 05:00:00",28.2068,76.7997,CO,100,102,101
India,Haryana,Dharuhera,"Municipal Corporation Office, Dharuhera -  HSPCB","04-08-2026 05:00:00",28.2068,76.7997,OZONE,5,14,8
India,Haryana,Faridabad,"Sector 11, Faridabad - HSPCB","04-08-2026 05:00:00",28.376058,77.315741,PM10,30,188,106
India,Haryana,Fatehabad,"Huda Sector, Fatehabad - HSPCB","04-08-2026 05:00:00",29.503664,75.467934,PM2.5,14,58,41
India,Haryana,Fatehabad,"Huda Sector, Fatehabad - HSPCB","04-08-2026 05:00:00",29.503664,75.467934,PM10,25,101,73
India,Haryana,Fatehabad,"Huda Sector, Fatehabad - HSPCB","04-08-2026 05:00:00",29.503664,75.467934,NH3,13,15,14
India,Haryana,Gurugram,"Teri Gram, Gurugram - HSPCB","04-08-2026 05:00:00",28.4275,77.1465,SO2,7,21,12
India,Haryana,Gurugram,"NISE Gwal Pahari, Gurugram - IITM","04-08-2026 05:00:00",28.422681,77.148944,NH3,NA,NA,NA
India,Haryana,Gurugram,"Sector-51, Gurugram - HSPCB","04-08-2026 05:00:00",28.4227,77.0667,PM10,NA,NA,NA
India,Haryana,Hisar,"Urban Estate-II, Hisar - HSPCB","04-08-2026 05:00:00",29.14056,75.744941,NO2,26,33,28
India,Haryana,Hisar,"Urban Estate-II, Hisar - HSPCB","04-08-2026 05:00:00",29.14056,75.744941,OZONE,48,50,49
India,Haryana,Jind,"Police Lines, Jind - HSPCB","04-08-2026 05:00:00",29.307814,76.337619,PM2.5,33,69,50
India,Haryana,Jind,"Police Lines, Jind - HSPCB","04-08-2026 05:00:00",29.307814,76.337619,NO2,12,14,13
India,Haryana,Jind,"Police Lines, Jind - HSPCB","04-08-2026 05:00:00",29.307814,76.337619,SO2,27,29,28
India,Karnataka,Bengaluru,"Jayanagar 5th Block, Bengaluru - KSPCB","04-08-2026 05:00:00",12.920984,77.584908,PM2.5,20,47,34
India,Karnataka,Bengaluru,"Jayanagar 5th Block, Bengaluru - KSPCB","04-08-2026 05:00:00",12.920984,77.584908,NO2,4,12,8
India,Karnataka,Bengaluru,"Jayanagar 5th Block, Bengaluru - KSPCB","04-08-2026 05:00:00",12.920984,77.584908,SO2,15,26,20
India,Karnataka,Bengaluru,"Hombegowda Nagar, Bengaluru - KSPCB","04-08-2026 05:00:00",12.938539,77.5901,NO2,NA,NA,NA
India,Karnataka,Bengaluru,"Hombegowda Nagar, Bengaluru - KSPCB","04-08-2026 05:00:00",12.938539,77.5901,NH3,NA,NA,NA
India,Karnataka,Chamarajanagar,"Urban, Chamarajanagar - KSPCB","04-08-2026 05:00:00",11.55358,76.55521,PM10,44,64,47
India,Karnataka,Chikkaballapur,"Chikkaballapur Rural, Chikkaballapur - KSPCB","04-08-2026 05:00:00",13.428828,77.731418,SO2,5,16,12
India,Karnataka,Chikkaballapur,"Chikkaballapur Rural, Chikkaballapur - KSPCB","04-08-2026 05:00:00",13.428828,77.731418,CO,7,20,11
India,Karnataka,Chikkaballapur,"Chikkaballapur Rural, Chikkaballapur - KSPCB","04-08-2026 05:00:00",13.428828,77.731418,OZONE,22,25,24
India,Karnataka,Dharwad,"Kalabhavan, Dharwad - KSPCB","04-08-2026 05:00:00",15.459706,75.008381,PM10,56,64,60
India,Karnataka,Dharwad,"Kalabhavan, Dharwad - KSPCB","04-08-2026 05:00:00",15.459706,75.008381,NO2,22,26,24
India,Karnataka,Dharwad,"Kalabhavan, Dharwad - KSPCB","04-08-2026 05:00:00",15.459706,75.008381,NH3,5,6,6
India,Karnataka,Hubballi,"Lingaraj Nagar, Hubballi - KSPCB","04-08-2026 05:00:00",15.3714823,75.1160168,NO2,7,12,10
India,Karnataka,Kalaburagi,"Mahatma Basaveswar Colony, Kalaburgi - KSPCB","04-08-2026 05:00:00",17.336318,76.847397,PM10,17,39,29
India,Karnataka,Yadgir,"Collector Office, Yadgir - KSPCB","04-08-2026 05:00:00",16.7602,77.1428,OZONE,30,35,33
India,Kerala,Eloor,"Udyogamandal, Eloor - Kerala PCB","04-08-2026 05:00:00",10.073232,76.302765,PM10,59,66,64
India,Kerala,Kannur,"Thavakkara, Kannur - Kerala PCB","04-08-2026 05:00:00",11.875,75.3732,PM2.5,31,37,34
India,Kerala,Kannur,"Thavakkara, Kannur - Kerala PCB","04-08-2026 05:00:00",11.875,75.3732,CO,12,14,13
India,Kerala,Thiruvananthapuram,"Plammoodu, Thiruvananthapuram - Kerala PCB","04-08-2026 05:00:00",8.5149093,76.9435879,PM10,7,40,21
India,Kerala,Thiruvananthapuram,"Kariavattom, Thiruvananthapuram - Kerala PCB","04-08-2026 05:00:00",8.5637,76.8865,NO2,6,7,6
India,Kerala,Thiruvananthapuram,"Kariavattom, Thiruvananthapuram - Kerala PCB","04-08-2026 05:00:00",8.5637,76.8865,NH3,0,0,0
India,Kerala,Thrissur,"Corporation Ground, Thrissur - Kerala PCB","04-08-2026 05:00:00",10.5324,76.2159,OZONE,30,30,30
India,"Madhya Pradesh",Bhopal,"T T Nagar, Bhopal - MPPCB","04-08-2026 05:00:00",23.233584,77.400574,NH3,5,6,6
India,"Madhya Pradesh",Bhopal,"Idgah Hills, Bhopal - MPPCB","04-08-2026 05:00:00",23.264759,77.381568,NH3,3,3,3
India,Karnataka,Karwar,"KHB Colony, Karwar - KSPCB","04-08-2026 05:00:00",14.816666,74.141003,PM10,29,76,46
India,Karnataka,Karwar,"KHB Colony, Karwar - KSPCB","04-08-2026 05:00:00",14.816666,74.141003,SO2,14,22,19
India,Karnataka,Madikeri,"Stuart Hill, Madikeri - KSPCB","04-08-2026 05:00:00",12.415911,75.73505,CO,7,16,12
India,Karnataka,Mangalore,"Kadri, Mangalore - KSPCB","04-08-2026 05:00:00",12.88925,74.853,SO2,NA,NA,NA
India,Karnataka,Mysuru,"Hebbal 1st Stage, Mysuru - KSPCB","04-08-2026 05:00:00",12.21041,76.37376,PM10,22,78,50
India,Karnataka,Mysuru,"Hebbal 1st Stage, Mysuru - KSPCB","04-08-2026 05:00:00",12.21041,76.37376,NH3,2,7,5
India,Karnataka,Ramanagara,"Vijay Nagar, Ramanagara - KSPCB","04-08-2026 05:00:00",12.733409,77.298051,CO,22,30,26
India,Karnataka,Vijayapura,"Ibrahimpur, Vijayapura - KSPCB","04-08-2026 05:00:00",16.802639,75.722694,PM2.5,27,27,27
India,Karnataka,Yadgir,"Collector Office, Yadgir - KSPCB","04-08-2026 05:00:00",16.7602,77.1428,NH3,NA,NA,NA
India,"Madhya Pradesh",Sagar,"Civil Lines, Sagar - MPPCB","04-08-2026 05:00:00",23.838586,78.759431,CO,10,21,16
India,"Madhya Pradesh",Singrauli,"Suryakiran Bhawan NCL, Singrauli - MPPCB","04-08-2026 05:00:00",24.10897,82.64558,OZONE,9,22,15
India,"Madhya Pradesh",Ujjain,"Mahashweta Nagar, Ujjain - MPPCB","04-08-2026 05:00:00",23.1633321,75.800225,CO,20,27,25
India,Maharashtra,Ahmednagar,"Tarakpur, Ahmednagar - MPCB","04-08-2026 05:00:00",19.10122,74.73339,PM2.5,4,58,24
India,Maharashtra,Ahmednagar,"Tarakpur, Ahmednagar - MPCB","04-08-2026 05:00:00",19.10122,74.73339,NH3,4,10,7
India,Maharashtra,Ahmednagar,"Tarakpur, Ahmednagar - MPCB","04-08-2026 05:00:00",19.10122,74.73339,OZONE,8,16,14
India,Maharashtra,Akola,"Ramdaspeth, Akola - MPCB","04-08-2026 05:00:00",20.719516,77.000253,OZONE,4,8,5
India,Maharashtra,Amravati,"Shri Shivaji Science College, Amravati - MPCB","04-08-2026 05:00:00",20.939198,77.765701,PM10,16,46,30
India,"Madhya Pradesh",Jabalpur,"Marhatal, Jabalpur - MPPCB","04-08-2026 05:00:00",23.168606,79.932247,NO2,28,69,50
India,"Madhya Pradesh",Jabalpur,"Suhagi, Jabalpur - JMC","04-08-2026 05:00:00",23.218135,79.95777,SO2,17,19,18
India,"Madhya Pradesh",Jabalpur,"Govindh Bhavan Colony, Jabalpur - JMC","04-08-2026 05:00:00",23.163174,79.973061,OZONE,2,22,11
India,"Madhya Pradesh",Katni,"Gole Bazar, Katni - MPPCB","04-08-2026 05:00:00",23.50016,80.23284,CO,26,44,33
India,"Madhya Pradesh",Mandideep,"Sector-D Industrial Area, Mandideep - MPPCB","04-08-2026 05:00:00",23.10844,77.511428,PM2.5,17,48,37
India,"Madhya Pradesh",Mandideep,"Sector-D Industrial Area, Mandideep - MPPCB","04-08-2026 05:00:00",23.10844,77.511428,NH3,4,4,4
India,"Madhya Pradesh",Mandideep,"Sector-D Industrial Area, Mandideep - MPPCB","04-08-2026 05:00:00",23.10844,77.511428,SO2,2,6,5
India,"Madhya Pradesh",Pithampur,"Sector-2 Industrial Area, Pithampur - MPPCB","04-08-2026 05:00:00",22.624758,75.675238,CO,20,24,23
India,Maharashtra,Amravati,"Shivneri Colony, Amravati - MPCB","04-08-2026 05:00:00",20.9402359,77.7895248,NH3,1,2,1
India,Maharashtra,Amravati,"Shivneri Colony, Amravati - MPCB","04-08-2026 05:00:00",20.9402359,77.7895248,SO2,4,7,5
India,Maharashtra,Amravati,"Shivneri Colony, Amravati - MPCB","04-08-2026 05:00:00",20.9402359,77.7895248,CO,7,34,14
India,Maharashtra,Aurangabad,"MIDC Chilkalthana, Aurangabad - MPCB","04-08-2026 05:00:00",19.87562,75.38731,NH3,1,2,1
India,Maharashtra,Aurangabad,"MIDC Chilkalthana, Aurangabad - MPCB","04-08-2026 05:00:00",19.87562,75.38731,CO,21,26,24
India,Maharashtra,Badlapur,"Katrap, Badlapur - MPCB","04-08-2026 05:00:00",19.16485,73.23409,PM10,12,13,13
India,Maharashtra,Belapur,"CBD Belapur, Belapur - MPCB","04-08-2026 05:00:00",19.0243902,73.0406721,OZONE,3,13,7
India,Maharashtra,Bhiwandi,"Gokul Nagar, Bhiwandi - MPCB","04-08-2026 05:00:00",19.309073,73.057223,NO2,7,8,7
India,"Madhya Pradesh",Indore,"Chhoti Gwaltoli, Indore - MPPCB","04-08-2026 05:00:00",22.431,75.5213,PM10,28,127,76
India,"Madhya Pradesh",Indore,"Airport Area, Indore - IMC","04-08-2026 05:00:00",22.7289,75.8076,NO2,14,17,16
India,"Madhya Pradesh",Indore,"Airport Area, Indore - IMC","04-08-2026 05:00:00",22.7289,75.8076,NH3,0,0,0
India,"Madhya Pradesh",Indore,"Residency Area, Indore - IMC","04-08-2026 05:00:00",22.7084,75.8815,NO2,NA,NA,NA
India,"Madhya Pradesh",Indore,"Residency Area, Indore - IMC","04-08-2026 05:00:00",22.7084,75.8815,NH3,0,0,0
India,"Madhya Pradesh",Indore,"Maguda Nagar, Indore - IMC","04-08-2026 05:00:00",22.7524,75.8872,OZONE,11,12,12
India,"Madhya Pradesh",Jabalpur,"Gupteshwar, Jabalpur - JMC","04-08-2026 05:00:00",23.142888,79.916147,CO,40,80,56
India,"Madhya Pradesh",Jabalpur,"Gupteshwar, Jabalpur - JMC","04-08-2026 05:00:00",23.142888,79.916147,OZONE,8,12,10
India,Karnataka,Bagalkot,"Vidayagiri, Bagalkot - KSPCB","04-08-2026 05:00:00",16.172806,75.659694,PM10,50,51,51
India,Karnataka,Bagalkot,"Vidayagiri, Bagalkot - KSPCB","04-08-2026 05:00:00",16.172806,75.659694,NH3,1,1,1
India,Karnataka,Belgaum,"Ramteerth Nagar, Belgaum - KSPCB","04-08-2026 05:00:00",15.888653,74.541751,PM2.5,5,23,11
India,Karnataka,Belgaum,"Ramteerth Nagar, Belgaum - KSPCB","04-08-2026 05:00:00",15.888653,74.541751,CO,13,15,14
India,Karnataka,Bengaluru,"Bapuji Nagar, Bengaluru - KSPCB","04-08-2026 05:00:00",12.951913,77.539784,SO2,17,47,30
India,Karnataka,Bengaluru,"Silk Board, Bengaluru - KSPCB","04-08-2026 05:00:00",12.917348,77.622813,PM2.5,NA,NA,NA
India,Karnataka,Bengaluru,"BTM Layout, Bengaluru - CPCB","04-08-2026 05:00:00",12.9135218,77.5950804,PM2.5,24,78,31
India,"Madhya Pradesh",Bhopal,"Paryavaran Parisar, Bhopal - MPPCB","04-08-2026 05:00:00",23.210494,77.425409,OZONE,11,20,16
India,"Madhya Pradesh",Damoh,"Shrivastav Colony, Damoh - MPPCB","04-08-2026 05:00:00",23.81748678,79.446246,PM2.5,3,20,13
India,"Madhya Pradesh",Damoh,"Shrivastav Colony, Damoh - MPPCB","04-08-2026 05:00:00",23.81748678,79.446246,PM10,15,36,25
India,"Madhya Pradesh",Gwalior,"Deen Dayal Nagar, Gwalior - MPPCB","04-08-2026 05:00:00",26.259242,78.216432,NH3,5,14,7
India,"Madhya Pradesh",Gwalior,"Maharaj Bada, Gwalior - MPPCB","04-08-2026 05:00:00",26.200388,78.147714,NO2,9,40,27
India,"Madhya Pradesh",Gwalior,"Maharaj Bada, Gwalior - MPPCB","04-08-2026 05:00:00",26.200388,78.147714,NH3,0,6,4
India,Maharashtra,Mumbai,"Shivaji Nagar, Mumbai - BMC","04-08-2026 05:00:00",19.060498,72.923356,NO2,6,17,12
India,Maharashtra,Mumbai,"Shivaji Nagar, Mumbai - BMC","04-08-2026 05:00:00",19.060498,72.923356,NH3,2,5,3
India,Maharashtra,Mumbai,"Shivaji Nagar, Mumbai - BMC","04-08-2026 05:00:00",19.060498,72.923356,SO2,NA,NA,NA
India,Maharashtra,Mumbai,"Kandivali West, Mumbai - BMC","04-08-2026 05:00:00",19.215859,72.831718,OZONE,6,11,8
India,Maharashtra,Mumbai,"Chakala-Andheri East, Mumbai - IITM","04-08-2026 05:00:00",19.11074,72.86084,SO2,0,9,1
India,Maharashtra,Mumbai,"Byculla, Mumbai - BMC","04-08-2026 05:00:00",18.9767,72.838,CO,36,42,39
India,Maharashtra,Mumbai,"Khindipada-Bhandup West, Mumbai - IITM","04-08-2026 05:00:00",19.1653323,72.922099,OZONE,8,22,17
India,Maharashtra,Mumbai,"Mindspace-Malad West, Mumbai - MPCB","04-08-2026 05:00:00",19.1878657,72.8304069,CO,19,21,20
India,Maharashtra,Mumbai,"Mindspace-Malad West, Mumbai - MPCB","04-08-2026 05:00:00",19.1878657,72.8304069,OZONE,11,12,12
India,Maharashtra,Mumbai,"Borivali East, Mumbai - MPCB","04-08-2026 05:00:00",19.2243333,72.8658113,PM2.5,16,32,24
India,Maharashtra,Mumbai,"Borivali East, Mumbai - MPCB","04-08-2026 05:00:00",19.2243333,72.8658113,CO,11,12,11
India,Maharashtra,Mumbai,"Borivali East, Mumbai - IITM","04-08-2026 05:00:00",19.23241,72.86895,PM10,43,70,57
India,Maharashtra,Mumbai,"Borivali East, Mumbai - IITM","04-08-2026 05:00:00",19.23241,72.86895,CO,42,50,45
India,Maharashtra,Mumbai,"Borivali East, Mumbai - IITM","04-08-2026 05:00:00",19.23241,72.86895,OZONE,20,20,20
India,Maharashtra,Mumbai,"Worli, Mumbai - MPCB","04-08-2026 05:00:00",18.9936162,72.8128113,PM2.5,32,93,48
India,Maharashtra,Mumbai,"Worli, Mumbai - MPCB","04-08-2026 05:00:00",18.9936162,72.8128113,PM10,75,108,92
India,Maharashtra,Mumbai,"Worli, Mumbai - MPCB","04-08-2026 05:00:00",18.9936162,72.8128113,SO2,4,11,7
India,Maharashtra,Mumbai,"Bandra Kurla Complex, Mumbai - IITM","04-08-2026 05:00:00",19.053536,72.84643,PM2.5,19,72,39
India,Maharashtra,Chandrapur,"MIDC Khutala, Chandrapur - MPCB","04-08-2026 05:00:00",19.9775302,79.2337086,NH3,NA,NA,NA
India,Maharashtra,Chandrapur,"MIDC Khutala, Chandrapur - MPCB","04-08-2026 05:00:00",19.9775302,79.2337086,SO2,2,4,3
India,Maharashtra,Chandrapur,"MIDC Khutala, Chandrapur - MPCB","04-08-2026 05:00:00",19.9775302,79.2337086,OZONE,14,25,17
India,Maharashtra,Chandrapur,"Chauhan Colony, Chandrapur - MPCB","04-08-2026 05:00:00",19.9629,79.298714,PM2.5,5,27,19
India,Maharashtra,Chandrapur,"Chauhan Colony, Chandrapur - MPCB","04-08-2026 05:00:00",19.9629,79.298714,NH3,0,1,1
India,Maharashtra,Dhule,"Deopur, Dhule - MPCB","04-08-2026 05:00:00",20.918946,74.776388,PM2.5,16,46,31
India,Maharashtra,Dhule,"Deopur, Dhule - MPCB","04-08-2026 05:00:00",20.918946,74.776388,NO2,4,32,10
India,Maharashtra,Dombivli,"Kalu Nagar, Dombivli - MPCB","04-08-2026 05:00:00",19.2268427,73.0788456,SO2,22,48,25
India,Maharashtra,Hingoli,"Ashta Vinayak Nagar, Hingoli - MPCB","04-08-2026 05:00:00",19.710842,77.151824,SO2,3,5,4
India,Maharashtra,Jalgaon,"Prabhat Colony, Jalgaon - MPCB","04-08-2026 05:00:00",21.001264,75.565602,PM2.5,13,49,30
India,Maharashtra,Jalgaon,"Prabhat Colony, Jalgaon - MPCB","04-08-2026 05:00:00",21.001264,75.565602,NO2,2,14,5
India,Maharashtra,Jalgaon,"Prabhat Colony, Jalgaon - MPCB","04-08-2026 05:00:00",21.001264,75.565602,SO2,1,3,2
India,Maharashtra,Kalyan,"Pimpleshwar Mandir, Kalyan - MPCB","04-08-2026 05:00:00",19.192056,72.9585188,PM2.5,34,97,62
India,Maharashtra,Kalyan,"Khadakpada, Kalyan - MPCB","04-08-2026 05:00:00",19.25292,73.142019,NO2,37,37,37
India,Maharashtra,Kalyan,"Khadakpada, Kalyan - MPCB","04-08-2026 05:00:00",19.25292,73.142019,OZONE,8,8,8
India,Maharashtra,Kolhapur,"Sinchan Bhavan, Kolhapur - MPCB","04-08-2026 05:00:00",16.7143745,74.2426398,NO2,11,14,13
India,Maharashtra,Mumbai,"Ghatkopar, Mumbai - BMC","04-08-2026 05:00:00",19.083694,72.920967,PM10,NA,NA,NA
India,Maharashtra,Nagpur,"Ambazari, Nagpur - MPCB","04-08-2026 05:00:00",21.121801,79.04952,SO2,6,7,7
India,Maharashtra,Nagpur,"Ram Nagar, Nagpur - MPCB","04-08-2026 05:00:00",21.143383,79.048912,PM2.5,20,47,35
India,Maharashtra,Nagpur,"Ram Nagar, Nagpur - MPCB","04-08-2026 05:00:00",21.143383,79.048912,CO,9,14,11
India,Maharashtra,Nagpur,"Mahal, Nagpur - MPCB","04-08-2026 05:00:00",21.14472,79.107595,NH3,3,7,5
India,Maharashtra,Nagpur,"Mahal, Nagpur - MPCB","04-08-2026 05:00:00",21.14472,79.107595,OZONE,5,17,12
India,Maharashtra,Nanded,"Sneh Nagar, Nanded - MPCB","04-08-2026 05:00:00",19.173852,77.296291,NH3,4,5,4
India,Maharashtra,Nashik,"Gangapur Road, Nashik - MPCB","04-08-2026 05:00:00",20.0073285,73.7762427,SO2,4,9,6
India,Maharashtra,Nashik,"Hirawadi, Nashik - MPCB","04-08-2026 05:00:00",20.021503,73.813844,PM2.5,6,37,23
India,Maharashtra,Nashik,"Hirawadi, Nashik - MPCB","04-08-2026 05:00:00",20.021503,73.813844,NH3,3,5,4
India,Maharashtra,Nashik,"Hirawadi, Nashik - MPCB","04-08-2026 05:00:00",20.021503,73.813844,OZONE,21,25,23
India,Maharashtra,"Navi Mumbai","Sanpada, Navi Mumbai - MPCB","04-08-2026 05:00:00",19.0575752,73.0151367,NH3,NA,NA,NA
India,Maharashtra,"Navi Mumbai","Nerul, Navi Mumbai - MPCB","04-08-2026 05:00:00",19.008751,73.01662,NO2,6,7,6
India,Maharashtra,"Navi Mumbai","Nerul, Navi Mumbai - MPCB","04-08-2026 05:00:00",19.008751,73.01662,NH3,1,1,1
India,Maharashtra,"Navi Mumbai","Nerul, Navi Mumbai - MPCB","04-08-2026 05:00:00",19.008751,73.01662,SO2,NA,NA,NA
India,Maharashtra,"Navi Mumbai","Kopripada-Vashi, Navi Mumbai - MPCB","04-08-2026 05:00:00",19.090337,73.014232,SO2,2,3,2
India,Maharashtra,"Navi Mumbai","Kopripada-Vashi, Navi Mumbai - MPCB","04-08-2026 05:00:00",19.090337,73.014232,OZONE,19,31,26
India,Maharashtra,"Navi Mumbai","Mahape, Navi Mumbai - MPCB","04-08-2026 05:00:00",19.1135051,73.008978,PM2.5,3,40,20
India,Maharashtra,"Navi Mumbai","Tondare-Taloja, Navi Mumbai - MPCB","04-08-2026 05:00:00",19.063,73.1209,PM2.5,22,49,36
India,Maharashtra,"Navi Mumbai","Tondare-Taloja, Navi Mumbai - MPCB","04-08-2026 05:00:00",19.063,73.1209,NH3,2,6,4
India,Maharashtra,Parbhani,"Masoom Colony, Parbhani - MPCB","04-08-2026 05:00:00",19.265594,76.761463,OZONE,12,40,20
India,Maharashtra,Pimpri-Chinchwad,"Transport Nagar-Nigdi, Pune - IITM","04-08-2026 05:00:00",18.664282,73.763966,PM2.5,14,65,32
India,Maharashtra,Pimpri-Chinchwad,"Gavalinagar, Pimpri Chinchwad - MPCB","04-08-2026 05:00:00",18.63673,73.82487,PM2.5,8,28,19
India,Maharashtra,Latur,"Sawe Wadi, Latur - MPCB","04-08-2026 05:00:00",18.39963,76.57452,OZONE,12,16,14
India,Maharashtra,Mahad,"Kamble Tarf Birwadi, Mahad - MPCB","04-08-2026 05:00:00",18.1023399,73.4783687,OZONE,3,21,14
India,Maharashtra,Malegaon,"Mahesh Nagar, Malegaon - MPCB","04-08-2026 05:00:00",20.555712,74.529236,PM2.5,16,34,26
India,Maharashtra,Malegaon,"Mahesh Nagar, Malegaon - MPCB","04-08-2026 05:00:00",20.555712,74.529236,NH3,NA,NA,NA
India,Maharashtra,Malegaon,"Mahesh Nagar, Malegaon - MPCB","04-08-2026 05:00:00",20.555712,74.529236,SO2,0,4,2
India,Maharashtra,Mira-Bhayandar,"Bhayandar West, Mira-Bhayandar - MPCB","04-08-2026 05:00:00",19.296481,72.840923,NO2,3,5,4
India,Maharashtra,Mumbai,"Kherwadi_Bandra East, Mumbai - MPCB","04-08-2026 05:00:00",19.0632143,72.8456324,PM10,37,59,49
India,Maharashtra,Mumbai,"Mazgaon, Mumbai - IITM","04-08-2026 05:00:00",18.96702,72.84214,PM2.5,10,38,26
India,Maharashtra,Mumbai,"Mazgaon, Mumbai - IITM","04-08-2026 05:00:00",18.96702,72.84214,NO2,27,71,40
India,Maharashtra,Mumbai,"Malad West, Mumbai - IITM","04-08-2026 05:00:00",19.19709,72.82204,PM10,0,55,30
India,Maharashtra,Pimpri-Chinchwad,"Gavalinagar, Pimpri Chinchwad - MPCB","04-08-2026 05:00:00",18.63673,73.82487,NH3,2,2,2
India,Maharashtra,Pimpri-Chinchwad,"Savta Mali Nagar, Pimpri-Chinchwad - IITM","04-08-2026 05:00:00",18.614767,73.799516,PM2.5,15,62,32
India,Maharashtra,Pimpri-Chinchwad,"Savta Mali Nagar, Pimpri-Chinchwad - IITM","04-08-2026 05:00:00",18.614767,73.799516,NO2,12,33,22
India,Maharashtra,Pimpri-Chinchwad,"Bhosari, Pune - IITM","04-08-2026 05:00:00",18.640051,73.848956,SO2,NA,NA,NA
India,Maharashtra,Pimpri-Chinchwad,"Bhosari, Pune - IITM","04-08-2026 05:00:00",18.640051,73.848956,CO,3,3,3
India,Maharashtra,Pune,"Savitribai Phule Pune University, Pune - MPCB","04-08-2026 05:00:00",18.547056,73.826908,NH3,1,1,1
India,Maharashtra,Pune,"Savitribai Phule Pune University, Pune - MPCB","04-08-2026 05:00:00",18.547056,73.826908,SO2,4,4,4
India,Maharashtra,Pune,"Revenue Colony-Shivajinagar, Pune - IITM","04-08-2026 05:00:00",18.530085,73.849598,NH3,NA,NA,NA
India,Maharashtra,Pune,"Mhada Colony, Pune - IITM","04-08-2026 05:00:00",18.57304,73.927715,SO2,NA,NA,NA
India,Maharashtra,Thane,"Kasarvadavali, Thane - MPCB","04-08-2026 05:00:00",19.26777,72.97182,PM2.5,32,64,50
India,Maharashtra,Thane,"Upvan Fort, Thane - MPCB","04-08-2026 05:00:00",19.222279,72.957979,NO2,1,5,3
India,Maharashtra,Ulhasnagar,"Vithalwadi, Ulhasnagar - MPCB","04-08-2026 05:00:00",19.2307571,73.155192,NO2,3,7,5
India,Maharashtra,Ulhasnagar,"Vithalwadi, Ulhasnagar - MPCB","04-08-2026 05:00:00",19.2307571,73.155192,NH3,0,1,1
India,Maharashtra,Virar,"Bolinj, Virar - MPCB","04-08-2026 05:00:00",19.445821,72.7988231,NH3,1,8,3
India,Maharashtra,Virar,"Bolinj, Virar - MPCB","04-08-2026 05:00:00",19.445821,72.7988231,SO2,2,4,2
India,Meghalaya,Byrnihat,"15th Mile-Nongthymmai, Byrnihat -Meghalaya PCB","04-08-2026 05:00:00",26.079047,91.875185,PM10,25,186,109
India,Maharashtra,Mumbai,"Bandra Kurla Complex, Mumbai - IITM","04-08-2026 05:00:00",19.053536,72.84643,CO,7,26,12
India,Maharashtra,Mumbai,"Chhatrapati Shivaji Intl. Airport (T2), Mumbai - MPCB","04-08-2026 05:00:00",19.10078,72.87462,CO,NA,NA,NA
India,Maharashtra,Mumbai,"Navy Nagar-Colaba, Mumbai - IITM","04-08-2026 05:00:00",18.897756,72.81332,NH3,3,7,5
India,Maharashtra,Mumbai,"Navy Nagar-Colaba, Mumbai - IITM","04-08-2026 05:00:00",18.897756,72.81332,CO,20,22,21
India,Maharashtra,Mumbai,"Sewri, Mumbai - BMC","04-08-2026 05:00:00",19.000084,72.85673,SO2,NA,NA,NA
India,Maharashtra,Mumbai,"Sewri, Mumbai - BMC","04-08-2026 05:00:00",19.000084,72.85673,CO,NA,NA,NA
India,Maharashtra,Mumbai,"Sion, Mumbai - MPCB","04-08-2026 05:00:00",19.047,72.8746,OZONE,NA,NA,NA
India,Maharashtra,Pune,"Katraj Dairy, Pune - MPCB","04-08-2026 05:00:00",18.45445,73.854155,PM10,19,55,32
India,Maharashtra,Pune,"Katraj Dairy, Pune - MPCB","04-08-2026 05:00:00",18.45445,73.854155,OZONE,10,18,11
India,Maharashtra,Solapur,"Ratandeep Housing Society, Solapur - MPCB","04-08-2026 05:00:00",17.65439,75.90649,PM2.5,27,52,36
India,Rajasthan,Jaipur,"Shastri Nagar, Jaipur - RSPCB","04-08-2026 05:00:00",26.9502929,75.730943,PM2.5,45,113,64
India,Rajasthan,Jaipur,"Shastri Nagar, Jaipur - RSPCB","04-08-2026 05:00:00",26.9502929,75.730943,NH3,6,18,10
India,Rajasthan,Jaipur,"Shastri Nagar, Jaipur - RSPCB","04-08-2026 05:00:00",26.9502929,75.730943,CO,22,54,32
India,Rajasthan,Jaipur,"Sector-2 Murlipura, Jaipur - RSPCB","04-08-2026 05:00:00",26.960669,75.771817,PM10,NA,NA,NA
India,Rajasthan,Jaipur,"Sector-2 Murlipura, Jaipur - RSPCB","04-08-2026 05:00:00",26.960669,75.771817,SO2,4,12,6
India,Rajasthan,Jaipur,"RIICO Sitapura, Jaipur - RSPCB","04-08-2026 05:00:00",26.786682,75.827928,PM10,14,70,42
India,Rajasthan,Jaipur,"RIICO Sitapura, Jaipur - RSPCB","04-08-2026 05:00:00",26.786682,75.827928,NO2,6,43,21
India,Rajasthan,Jaipur,"Police Commissionerate, Jaipur - RSPCB","04-08-2026 05:00:00",26.9164092,75.7994901,CO,37,76,56
India,Rajasthan,Jaipur,"Adarsh Nagar, Jaipur - RSPCB","04-08-2026 05:00:00",26.902909,75.836858,PM2.5,3,55,22
India,Rajasthan,Jaipur,"Adarsh Nagar, Jaipur - RSPCB","04-08-2026 05:00:00",26.902909,75.836858,CO,26,42,30
India,Rajasthan,Jaipur,"Adarsh Nagar, Jaipur - RSPCB","04-08-2026 05:00:00",26.902909,75.836858,OZONE,17,19,18
India,Rajasthan,Jaisalmer,"Sadar Bazar, Jaisalmer - RSPCB","04-08-2026 05:00:00",26.912329,70.909168,OZONE,15,21,19
India,Rajasthan,Jalore,"Mudtra Sili, Jalore - RSPCB","04-08-2026 05:00:00",25.344694,72.626208,CO,12,17,14
India,Rajasthan,Jalore,"Mudtra Sili, Jalore - RSPCB","04-08-2026 05:00:00",25.344694,72.626208,OZONE,12,26,20
India,Rajasthan,Jhalawar,"Rajlaxmi Nagar, Jhalawar - RSPCB","04-08-2026 05:00:00",24.588397,76.172782,PM2.5,30,93,56
India,Rajasthan,Jhalawar,"Rajlaxmi Nagar, Jhalawar - RSPCB","04-08-2026 05:00:00",24.588397,76.172782,NH3,4,7,5
India,Rajasthan,Jhalawar,"Rajlaxmi Nagar, Jhalawar - RSPCB","04-08-2026 05:00:00",24.588397,76.172782,SO2,6,8,7
India,Rajasthan,Jhalawar,"Rajlaxmi Nagar, Jhalawar - RSPCB","04-08-2026 05:00:00",24.588397,76.172782,CO,36,46,41
India,Rajasthan,Jhalawar,"Rajlaxmi Nagar, Jhalawar - RSPCB","04-08-2026 05:00:00",24.588397,76.172782,OZONE,19,24,22
India,Rajasthan,Jhunjhunu,"Indra Nagar, Jhunjhunu - RSPCB","04-08-2026 05:00:00",28.108988,75.386577,PM10,6,72,29
India,Rajasthan,Jhunjhunu,"Indra Nagar, Jhunjhunu - RSPCB","04-08-2026 05:00:00",28.108988,75.386577,NO2,3,13,8
India,Rajasthan,Jhunjhunu,"Indra Nagar, Jhunjhunu - RSPCB","04-08-2026 05:00:00",28.108988,75.386577,NH3,6,13,8
India,Odisha,Rourkela,"Raghunathpali, Rourkela - OSPCB","04-08-2026 05:00:00",22.220833,84.809444,SO2,3,7,5
India,Odisha,Rourkela,"Raghunathpali, Rourkela - OSPCB","04-08-2026 05:00:00",22.220833,84.809444,CO,28,45,36
India,Odisha,Rourkela,"Raghunathpali, Rourkela - OSPCB","04-08-2026 05:00:00",22.220833,84.809444,OZONE,7,8,8
India,Odisha,Rourkela,"Sector-2, Rourkela - OSPCB","04-08-2026 05:00:00",22.245,84.88111111,OZONE,NA,NA,NA
India,Odisha,Rourkela,"Fertilizer Township, Rourkela - OSPCB","04-08-2026 05:00:00",22.18972222,84.86277778,PM10,31,44,36
India,Odisha,Rourkela,"Fertilizer Township, Rourkela - OSPCB","04-08-2026 05:00:00",22.18972222,84.86277778,SO2,9,14,12
India,Odisha,Talcher,"Talcher Coalfields,Talcher - OSPCB","04-08-2026 05:00:00",20.9360711,85.1707021,PM2.5,15,186,57
India,Odisha,Talcher,"Talcher Coalfields,Talcher - OSPCB","04-08-2026 05:00:00",20.9360711,85.1707021,NO2,31,71,52
India,Odisha,Talcher,"Talcher Coalfields,Talcher - OSPCB","04-08-2026 05:00:00",20.9360711,85.1707021,CO,2,20,14
India,Puducherry,Puducherry,"Jawahar Nagar, Puducherry - PPCC","04-08-2026 05:00:00",11.9309,79.8027,SO2,5,11,8
India,Punjab,Amritsar,"Golden Temple, Amritsar - PPCB","04-08-2026 05:00:00",31.62,74.876512,NO2,13,19,16
India,Punjab,Khanna,"Kalal Majra, Khanna - PPCB","04-08-2026 05:00:00",30.736056,76.209694,SO2,14,16,15
India,Punjab,Ludhiana,"Punjab Agricultural University, Ludhiana - PPCB","04-08-2026 05:00:00",30.9028,75.8086,NO2,30,36,33
India,Punjab,Ludhiana,"Punjab Agricultural University, Ludhiana - PPCB","04-08-2026 05:00:00",30.9028,75.8086,OZONE,32,37,35
India,Punjab,Patiala,"Model Town, Patiala - PPCB","04-08-2026 05:00:00",30.349388,76.366642,NO2,16,20,17
India,Odisha,Bhubaneswar,"Patia, Bhubaneswar - OSPCB","04-08-2026 05:00:00",20.34652,85.8163,NO2,4,7,6
India,Odisha,Bileipada,"Tata Township, Bileipada - OSPCB","04-08-2026 05:00:00",22.06156703,85.47409613,PM10,49,203,137
India,Odisha,Bileipada,"Tata Township, Bileipada - OSPCB","04-08-2026 05:00:00",22.06156703,85.47409613,NH3,5,5,5
India,Odisha,Brajrajnagar,"GM Office, Brajrajnagar - OSPCB","04-08-2026 05:00:00",21.8004996,83.8396977,SO2,6,8,8
India,Odisha,Byasanagar,"Ferro Chrome Colony, Byasanagar - OSPCB","04-08-2026 05:00:00",20.94185,86.1151,OZONE,9,16,13
India,Odisha,Cuttack,"CDA Area, Cuttack - OSPCB","04-08-2026 05:00:00",20.48891,85.84768,PM10,15,68,34
India,Odisha,Cuttack,"CDA Area, Cuttack - OSPCB","04-08-2026 05:00:00",20.48891,85.84768,SO2,7,9,8
India,Odisha,Rairangpur,"Divisional Forest Office, Rairangpur - OSPCB","04-08-2026 05:00:00",22.265816,86.174829,PM2.5,13,24,17
India,Punjab,Patiala,"Model Town, Patiala - PPCB","04-08-2026 05:00:00",30.349388,76.366642,OZONE,16,21,18
India,Punjab,Rupnagar,"Ratanpura, Rupnagar - Ambuja Cements","04-08-2026 05:00:00",31.0325454,76.5623046,PM10,NA,NA,NA
India,Punjab,Rupnagar,"Ratanpura, Rupnagar - Ambuja Cements","04-08-2026 05:00:00",31.0325454,76.5623046,NH3,NA,NA,NA
India,Rajasthan,Alwar,"Moti Doongri, Alwar - RSPCB","04-08-2026 05:00:00",27.554793,76.611536,NO2,35,74,49
India,Rajasthan,Alwar,"Moti Doongri, Alwar - RSPCB","04-08-2026 05:00:00",27.554793,76.611536,NH3,4,9,7
India,Rajasthan,Alwar,"Moti Doongri, Alwar - RSPCB","04-08-2026 05:00:00",27.554793,76.611536,CO,49,83,66
India,Rajasthan,Alwar,"Moti Doongri, Alwar - RSPCB","04-08-2026 05:00:00",27.554793,76.611536,OZONE,28,40,32
India,Rajasthan,Alwar,"Vigyan Nagar, Alwar - RSPCB","04-08-2026 05:00:00",27.598796,76.63861,CO,49,73,59
India,Rajasthan,Banswara,"Rati Talai, Banswara - RSPCB","04-08-2026 05:00:00",23.55519,74.44001,CO,14,20,17
India,Rajasthan,Kota,"Shrinath Puram, Kota - RSPCB","04-08-2026 05:00:00",25.14389,75.821256,NH3,6,8,7
India,Rajasthan,Nagaur,"Karni Colony, Nagaur - RSPCB","04-08-2026 05:00:00",27.213494,73.734444,SO2,1,8,3
India,Rajasthan,Pali,"Indira Colony Vistar, Pali - RSPCB","04-08-2026 05:00:00",25.771061,73.340227,PM2.5,44,318,116
India,Rajasthan,Pali,"Indira Colony Vistar, Pali - RSPCB","04-08-2026 05:00:00",25.771061,73.340227,CO,18,41,29
India,Rajasthan,"Sawai Madhopur","Sahu Nagar, Sawai Madhopur - RSPCB","04-08-2026 05:00:00",26.031443,76.359327,NO2,9,22,14
India,Rajasthan,Sikar,"Radhakishan Pura, Sikar - RSPCB","04-08-2026 05:00:00",27.608912,75.153302,SO2,2,6,4
India,Rajasthan,"Sri Ganganagar","Old City, Sri Ganganagar - RSPCB","04-08-2026 05:00:00",29.931624,73.864511,PM10,NA,NA,NA
India,Rajasthan,Jhunjhunu,"Indra Nagar, Jhunjhunu - RSPCB","04-08-2026 05:00:00",28.108988,75.386577,CO,16,46,27
India,Rajasthan,Jodhpur,"Collectorate, Jodhpur - RSPCB","04-08-2026 05:00:00",26.268249,73.0193853,NO2,5,24,16
India,Rajasthan,Jodhpur,"Collectorate, Jodhpur - RSPCB","04-08-2026 05:00:00",26.268249,73.0193853,OZONE,13,26,19
India,Rajasthan,Jodhpur,"Samrat Ashok Udhyan, Jodhpur - RSPCB","04-08-2026 05:00:00",26.253384,72.976571,SO2,2,4,3
India,Rajasthan,Jodhpur,"Jhalamand, Jodhpur - RSPCB","04-08-2026 05:00:00",26.215415,73.070156,NH3,4,11,6
India,Rajasthan,Jodhpur,"Digari Kalan, Jodhpur - RSPCB","04-08-2026 05:00:00",26.29581,73.082283,PM2.5,20,63,45
India,Rajasthan,Karauli,"Satyawati Vihar, Karauli - RSPCB","04-08-2026 05:00:00",26.506177,77.025989,PM2.5,8,28,14
India,Rajasthan,Bundi,"New Colony, Bundi - RSPCB","04-08-2026 05:00:00",25.435774,75.644272,CO,11,13,12
India,Rajasthan,Chittorgarh,"Shastri Nagar, Chittorgarh - RSPCB","04-08-2026 05:00:00",24.892047,74.623527,NH3,2,3,2
India,Rajasthan,Chittorgarh,"Shastri Nagar, Chittorgarh - RSPCB","04-08-2026 05:00:00",24.892047,74.623527,OZONE,15,20,16
India,Rajasthan,Dausa,"Khatikan Mohalla, Dausa - RSPCB","04-08-2026 05:00:00",26.895552,76.334753,PM10,30,149,95
India,Rajasthan,Dausa,"Khatikan Mohalla, Dausa - RSPCB","04-08-2026 05:00:00",26.895552,76.334753,NO2,10,67,23
India,Rajasthan,Dholpur,"Raja Ganj, Dholpur - RSPCB","04-08-2026 05:00:00",26.699557,77.898881,CO,19,23,20
India,Rajasthan,Hanumangarh,"Housing Board, Hanumangarh - RSPCB","04-08-2026 05:00:00",29.61075,74.283608,NH3,5,5,5
India,Rajasthan,Baran,"Bamboliya, Baran - RSPCB","04-08-2026 05:00:00",25.106006,76.469948,NH3,4,6,5
India,Rajasthan,Baran,"Bamboliya, Baran - RSPCB","04-08-2026 05:00:00",25.106006,76.469948,SO2,10,13,12
India,Rajasthan,Baran,"Bamboliya, Baran - RSPCB","04-08-2026 05:00:00",25.106006,76.469948,CO,43,47,45
India,Rajasthan,Barmer,"Railway Colony, Barmer - RSPCB","04-08-2026 05:00:00",25.747299,71.393989,NH3,5,12,6
India,Rajasthan,Barmer,"Railway Colony, Barmer - RSPCB","04-08-2026 05:00:00",25.747299,71.393989,OZONE,20,40,28
India,Rajasthan,Bhiwadi,"RIICO Ind. Area III, Bhiwadi - RSPCB","04-08-2026 05:00:00",28.194909,76.862296,SO2,18,23,21
India,Rajasthan,Bhiwadi,"Vasundhara Nagar_UIT, Bhiwadi - RSPCB","04-08-2026 05:00:00",28.207266,76.829265,PM2.5,6,68,32
India,Odisha,Balasore,"Kalidaspur, Balasore - OSPCB","04-08-2026 05:00:00",21.51161,86.89088,PM2.5,3,37,20
India,Odisha,Balasore,"Kalidaspur, Balasore - OSPCB","04-08-2026 05:00:00",21.51161,86.89088,NO2,4,20,8
India,Odisha,Baripada,"Meher Colony, Baripada - OSPCB","04-08-2026 05:00:00",21.941841,86.728318,OZONE,33,73,47
India,"Uttar Pradesh",Meerut,"Jai Bhim Nagar, Meerut - UPPCB","04-08-2026 05:00:00",28.9535882,77.7622941,OZONE,15,20,17
India,"Uttar Pradesh",Modinagar,"SRM University, Modinagar - UPPCB","04-08-2026 05:00:00",28.798171,77.540243,PM2.5,NA,NA,NA
India,"Uttar Pradesh",Modinagar,"SRM University, Modinagar - UPPCB","04-08-2026 05:00:00",28.798171,77.540243,SO2,7,8,7
India,"Uttar Pradesh",Moradabad,"Kashiram Nagar, Moradabad - UPPCB","04-08-2026 05:00:00",28.849399,78.742362,PM2.5,16,41,24
India,"Uttar Pradesh",Moradabad,"Kashiram Nagar, Moradabad - UPPCB","04-08-2026 05:00:00",28.849399,78.742362,PM10,20,73,49
India,"Uttar Pradesh",Moradabad,"Kashiram Nagar, Moradabad - UPPCB","04-08-2026 05:00:00",28.849399,78.742362,NH3,4,4,4
India,"Uttar Pradesh",Moradabad,"Kashiram Nagar, Moradabad - UPPCB","04-08-2026 05:00:00",28.849399,78.742362,SO2,18,34,23
India,"Uttar Pradesh",Moradabad,"Kashiram Nagar, Moradabad - UPPCB","04-08-2026 05:00:00",28.849399,78.742362,CO,31,36,34
India,"Uttar Pradesh",Moradabad,"Employment Office, Moradabad - UPPCB","04-08-2026 05:00:00",28.88528,78.7388,PM10,33,66,48
India,"Uttar Pradesh",Moradabad,"Employment Office, Moradabad - UPPCB","04-08-2026 05:00:00",28.88528,78.7388,SO2,30,31,30
India,"Uttar Pradesh",Moradabad,"Employment Office, Moradabad - UPPCB","04-08-2026 05:00:00",28.88528,78.7388,OZONE,29,65,42
India,"Uttar Pradesh",Moradabad,"Eco Herbal Park, Moradabad - UPPCB","04-08-2026 05:00:00",28.840739,78.697531,PM10,11,76,39
India,"Uttar Pradesh",Moradabad,"Eco Herbal Park, Moradabad - UPPCB","04-08-2026 05:00:00",28.840739,78.697531,CO,14,19,17
India,"Uttar Pradesh",Moradabad,"Buddhi Vihar, Moradabad - UPPCB","04-08-2026 05:00:00",28.83526,78.7446,PM2.5,7,31,20
India,"Uttar Pradesh",Moradabad,"Buddhi Vihar, Moradabad - UPPCB","04-08-2026 05:00:00",28.83526,78.7446,CO,25,41,29
India,"Uttar Pradesh",Moradabad,"Transport Nagar, Moradabad - UPPCB","04-08-2026 05:00:00",28.802625,78.753728,PM2.5,14,40,26
India,"Uttar Pradesh",Moradabad,"Transport Nagar, Moradabad - UPPCB","04-08-2026 05:00:00",28.802625,78.753728,NO2,24,24,24
India,"Uttar Pradesh",Moradabad,"Transport Nagar, Moradabad - UPPCB","04-08-2026 05:00:00",28.802625,78.753728,OZONE,20,68,48
India,"Uttar Pradesh",Muzaffarnagar,"New Mandi, Muzaffarnagar - UPPCB","04-08-2026 05:00:00",29.4723508,77.7194031,PM10,26,99,55
India,"Uttar Pradesh",Muzaffarnagar,"New Mandi, Muzaffarnagar - UPPCB","04-08-2026 05:00:00",29.4723508,77.7194031,SO2,7,46,21
India,Rajasthan,Tonk,"Shastri Nagar, Tonk - RSPCB","04-08-2026 05:00:00",26.159933,75.780517,NO2,3,12,7
India,Rajasthan,Tonk,"Shastri Nagar, Tonk - RSPCB","04-08-2026 05:00:00",26.159933,75.780517,SO2,1,3,2
India,Rajasthan,Tonk,"Shastri Nagar, Tonk - RSPCB","04-08-2026 05:00:00",26.159933,75.780517,OZONE,21,38,31
India,Rajasthan,Udaipur,"Ashok Nagar, Udaipur - RSPCB","04-08-2026 05:00:00",24.5886166,73.6321397,NO2,5,51,24
India,Sikkim,Gangtok,"Zero Point GICI, Gangtok - SSPCB","04-08-2026 05:00:00",27.33853,88.614099,NO2,6,8,8
India,Sikkim,Gangtok,"Zero Point GICI, Gangtok - SSPCB","04-08-2026 05:00:00",27.33853,88.614099,CO,1,2,1
India,Sikkim,Gangtok,"Zero Point GICI, Gangtok - SSPCB","04-08-2026 05:00:00",27.33853,88.614099,OZONE,1,1,1
India,"Tamil Nadu",Chennai,"Royapuram, Chennai - TNPCB","04-08-2026 05:00:00",13.1036,80.2909,NO2,11,16,14
India,"Tamil Nadu",Chennai,"Royapuram, Chennai - TNPCB","04-08-2026 05:00:00",13.1036,80.2909,NH3,4,4,4
India,"Tamil Nadu",Chennai,"Velachery Res. Area, Chennai - CPCB","04-08-2026 05:00:00",13.0052189,80.2398125,PM2.5,29,29,29
India,"Tamil Nadu",Chennai,"Manali, Chennai - CPCB","04-08-2026 05:00:00",13.164544,80.26285,CO,12,42,32
India,"Tamil Nadu",Chennai,"Arumbakkam, Chennai - TNPCB","04-08-2026 05:00:00",13.0664,80.2112,PM2.5,18,71,38
India,"Tamil Nadu",Chennai,"Arumbakkam, Chennai - TNPCB","04-08-2026 05:00:00",13.0664,80.2112,PM10,27,124,73
India,"Tamil Nadu",Chennai,"Manali Village, Chennai - TNPCB","04-08-2026 05:00:00",13.1662,80.2584,NO2,15,21,18
India,"Uttar Pradesh",Ghaziabad,"Ved Vihar-Loni, Ghaziabad - UPPCB","04-08-2026 05:00:00",28.739153,77.273668,NO2,21,75,32
India,"Uttar Pradesh",Ghaziabad,"Indirapuram, Ghaziabad - UPPCB","04-08-2026 05:00:00",28.646233,77.358075,PM2.5,10,90,40
India,"Uttar Pradesh",Ghaziabad,"Wave City, Ghaziabad - UPPCB","04-08-2026 05:00:00",28.646675,77.489049,CO,114,116,114
India,"Uttar Pradesh",Ghaziabad,"Wave City, Ghaziabad - UPPCB","04-08-2026 05:00:00",28.646675,77.489049,OZONE,1,2,2
India,"Uttar Pradesh",Ghaziabad,"Loni, Ghaziabad - UPPCB","04-08-2026 05:00:00",28.757294,77.278792,PM10,50,115,92
India,"Uttar Pradesh",Ghaziabad,"Loni, Ghaziabad - UPPCB","04-08-2026 05:00:00",28.757294,77.278792,NO2,15,73,31
India,"Uttar Pradesh",Ghaziabad,"Loni, Ghaziabad - UPPCB","04-08-2026 05:00:00",28.757294,77.278792,SO2,0,17,11
India,"Uttar Pradesh",Ghaziabad,"Sanjay Nagar, Ghaziabad - UPPCB","04-08-2026 05:00:00",28.685382,77.453839,PM2.5,NA,NA,NA
India,"Uttar Pradesh",Ghaziabad,"Sanjay Nagar, Ghaziabad - UPPCB","04-08-2026 05:00:00",28.685382,77.453839,NO2,NA,NA,NA
India,"Uttar Pradesh",Ghaziabad,"Govindpuram, Ghaziabad - UPPCB","04-08-2026 05:00:00",28.694528,77.494705,PM10,41,69,54
India,"Uttar Pradesh",Ghaziabad,"Govindpuram, Ghaziabad - UPPCB","04-08-2026 05:00:00",28.694528,77.494705,CO,29,43,36
India,"Uttar Pradesh",Gorakhpur,"Madan Mohan Malaviya University of Technology, Gorakhpur - UPPCB","04-08-2026 05:00:00",26.730136,83.433859,OZONE,64,87,75
India,"Uttar Pradesh","Greater Noida","Knowledge Park - III, Greater Noida - UPPCB","04-08-2026 05:00:00",28.47272,77.482,SO2,1,8,6
India,"Tamil Nadu",Chennai,"Perungudi, Chennai - TNPCB","04-08-2026 05:00:00",12.9533,80.2357,PM10,31,363,112
India,"Tamil Nadu",Coimbatore,"SIDCO Kurichi, Coimbatore - TNPCB","04-08-2026 05:00:00",10.942451,76.978996,PM10,NA,NA,NA
India,"Tamil Nadu",Coimbatore,"SIDCO Kurichi, Coimbatore - TNPCB","04-08-2026 05:00:00",10.942451,76.978996,NH3,1,1,1
India,"Tamil Nadu",Cuddalore,"Semmandalam, Cuddalore - TNPCB","04-08-2026 05:00:00",11.7637683,79.7499835,NH3,NA,NA,NA
India,"Tamil Nadu",Cuddalore,"Kudikadu, Cuddalore - TNPCB","04-08-2026 05:00:00",11.6829898,79.7532099,NH3,NA,NA,NA
India,"Tamil Nadu",Gummidipoondi,"Anthoni Pillai Nagar, Gummidipoondi - TNPCB","04-08-2026 05:00:00",13.4127,80.1081,PM2.5,38,328,124
India,"Tamil Nadu",Gummidipoondi,"Anthoni Pillai Nagar, Gummidipoondi - TNPCB","04-08-2026 05:00:00",13.4127,80.1081,NO2,16,30,21
India,"Tamil Nadu",Gummidipoondi,"Anthoni Pillai Nagar, Gummidipoondi - TNPCB","04-08-2026 05:00:00",13.4127,80.1081,OZONE,NA,NA,NA
India,"Tamil Nadu",Madurai,"Uchapatti, Madurai - TNPCB","04-08-2026 05:00:00",9.865935,78.022669,PM2.5,NA,NA,NA
India,"Tamil Nadu",Thoothukudi,"Meelavittan, Thoothukudi - TNPCB","04-08-2026 05:00:00",8.816428,78.099039,OZONE,28,33,31
India,Telangana,Hyderabad,"Zoo Park, Hyderabad - TSPCB","04-08-2026 05:00:00",17.349694,78.451437,PM2.5,2,187,31
India,Telangana,Hyderabad,"Zoo Park, Hyderabad - TSPCB","04-08-2026 05:00:00",17.349694,78.451437,NO2,6,10,8
India,Telangana,Hyderabad,"Zoo Park, Hyderabad - TSPCB","04-08-2026 05:00:00",17.349694,78.451437,SO2,1,2,2
India,"Uttar Pradesh",Khora,"Prashant Garden, Khora - UPPCB","04-08-2026 05:00:00",28.61119,77.34206,CO,97,102,100
India,"Uttar Pradesh",Khora,"Prashant Garden, Khora - UPPCB","04-08-2026 05:00:00",28.61119,77.34206,OZONE,6,6,6
India,"Uttar Pradesh",Khurja,"Kalindi Kunj, Khurja - UPPCB","04-08-2026 05:00:00",28.2348927,77.8683002,PM2.5,18,45,30
India,"Uttar Pradesh",Lucknow,"Gomti Nagar, Lucknow - UPPCB","04-08-2026 05:00:00",26.86812,81.005119,NO2,9,11,9
India,"Uttar Pradesh",Lucknow,"B R Ambedkar University, Lucknow - UPPCB","04-08-2026 05:00:00",26.766433,80.927299,PM2.5,20,53,39
India,"Uttar Pradesh",Lucknow,"B R Ambedkar University, Lucknow - UPPCB","04-08-2026 05:00:00",26.766433,80.927299,SO2,33,40,35
India,"Uttar Pradesh",Lucknow,"B R Ambedkar University, Lucknow - UPPCB","04-08-2026 05:00:00",26.766433,80.927299,CO,23,26,25
India,"Uttar Pradesh",Lucknow,"Kendriya Vidyalaya, Lucknow - CPCB","04-08-2026 05:00:00",26.906111,80.948222,PM2.5,24,54,36
India,"Uttar Pradesh",Lucknow,"Kendriya Vidyalaya, Lucknow - CPCB","04-08-2026 05:00:00",26.906111,80.948222,SO2,3,9,6
India,"Uttar Pradesh",Lucknow,"Kendriya Vidyalaya, Lucknow - CPCB","04-08-2026 05:00:00",26.906111,80.948222,CO,42,66,51
India,"Uttar Pradesh",Mathura,"Pali Dungra, Mathura - UPPCB","04-08-2026 05:00:00",27.410954,77.550619,PM2.5,24,50,32
India,"Uttar Pradesh",Meerut,"Pallavpuram Phase 2, Meerut - UPPCB","04-08-2026 05:00:00",29.06351,77.709723,PM10,41,87,62
India,"Uttar Pradesh",Meerut,"Pallavpuram Phase 2, Meerut - UPPCB","04-08-2026 05:00:00",29.06351,77.709723,NH3,7,9,8
India,"Uttar Pradesh",Baghpat,"Sardar Patel Inter College, Baghpat - UPPCB","04-08-2026 05:00:00",28.964949,77.278761,NH3,NA,NA,NA
India,"Uttar Pradesh",Baghpat,"Sardar Patel Inter College, Baghpat - UPPCB","04-08-2026 05:00:00",28.964949,77.278761,OZONE,4,40,19
India,"Uttar Pradesh",Bareilly,"Rajendra Nagar, Bareilly - UPPCB","04-08-2026 05:00:00",28.38910936,79.42963708,PM10,NA,NA,NA
India,"Uttar Pradesh",Bareilly,"Rajendra Nagar, Bareilly - UPPCB","04-08-2026 05:00:00",28.38910936,79.42963708,CO,25,27,26
India,"Uttar Pradesh",Bareilly,"Civil Lines, Bareilly - UPPCB","04-08-2026 05:00:00",28.359581,79.414455,OZONE,8,33,17
India,"Uttar Pradesh",Bulandshahr,"Yamunapuram, Bulandshahr - UPPCB","04-08-2026 05:00:00",28.406963,77.849831,NO2,4,22,13
India,"Uttar Pradesh",Bulandshahr,"Yamunapuram, Bulandshahr - UPPCB","04-08-2026 05:00:00",28.406963,77.849831,NH3,9,24,14
India,"Uttar Pradesh",Bulandshahr,"Yamunapuram, Bulandshahr - UPPCB","04-08-2026 05:00:00",28.406963,77.849831,SO2,3,10,6
India,"Uttar Pradesh","Fatehpur Sikri","Dadupura, Fatehpur Sikri - UPPCB","04-08-2026 05:00:00",27.097694,77.671335,NO2,7,8,7
India,"Uttar Pradesh","Fatehpur Sikri","Dadupura, Fatehpur Sikri - UPPCB","04-08-2026 05:00:00",27.097694,77.671335,SO2,10,11,11
India,"Uttar Pradesh","Fatehpur Sikri","Dadupura, Fatehpur Sikri - UPPCB","04-08-2026 05:00:00",27.097694,77.671335,CO,13,15,14
India,"Uttar Pradesh",Firozabad,"Vibhab Nagar, Firozabad - UPPCB","04-08-2026 05:00:00",27.1594,78.3953,NO2,14,15,15
India,"Uttar Pradesh",Gajraula,"Rajanpur, Gajraula - UPPCB","04-08-2026 05:00:00",28.829109,78.248796,PM10,31,51,41
India,Telangana,Hyderabad,"Central University, Hyderabad - TSPCB","04-08-2026 05:00:00",17.460103,78.334361,OZONE,9,11,10
India,Telangana,Hyderabad,"IITH Kandi, Hyderabad - TSPCB","04-08-2026 05:00:00",17.585705,78.126199,CO,26,26,26
India,Telangana,Hyderabad,"Nacharam_TSIIC IALA, Hyderabad - TSPCB","04-08-2026 05:00:00",17.429398,78.569354,OZONE,15,16,15
India,Telangana,Hyderabad,"Kokapet, Hyderabad - TSPCB","04-08-2026 05:00:00",17.393559,78.339194,NO2,12,14,13
India,Telangana,Hyderabad,"Kokapet, Hyderabad - TSPCB","04-08-2026 05:00:00",17.393559,78.339194,SO2,6,11,8
India,Telangana,Hyderabad,"ECIL Kapra, Hyderabad - TSPCB","04-08-2026 05:00:00",17.470431,78.566959,PM10,42,74,56
India,Telangana,Hyderabad,"ECIL Kapra, Hyderabad - TSPCB","04-08-2026 05:00:00",17.470431,78.566959,NO2,5,18,10
India,Telangana,Hyderabad,"ECIL Kapra, Hyderabad - TSPCB","04-08-2026 05:00:00",17.470431,78.566959,OZONE,13,13,13
India,Telangana,Hyderabad,"Ramachandrapuram, Hyderabad - TSPCB","04-08-2026 05:00:00",17.528544,78.286195,PM2.5,37,58,46
India,Telangana,Hyderabad,"Ramachandrapuram, Hyderabad - TSPCB","04-08-2026 05:00:00",17.528544,78.286195,PM10,60,84,72
India,Telangana,Hyderabad,"Kompally Municipal Office, Hyderabad - TSPCB","04-08-2026 05:00:00",17.544899,78.486949,NH3,3,3,3
India,Telangana,Hyderabad,"Somajiguda, Hyderabad - TSPCB","04-08-2026 05:00:00",17.417094,78.457437,NH3,2,4,2
India,Telangana,Hyderabad,"Somajiguda, Hyderabad - TSPCB","04-08-2026 05:00:00",17.417094,78.457437,CO,15,41,19
India,Telangana,Hyderabad,"Sanathnagar, Hyderabad - TSPCB","04-08-2026 05:00:00",17.4559458,78.4332152,CO,39,55,43
India,Telangana,Hyderabad,"ICRISAT Patancheru, Hyderabad - TSPCB","04-08-2026 05:00:00",17.5184,78.278777,PM10,5,61,31
India,Telangana,Hyderabad,"ICRISAT Patancheru, Hyderabad - TSPCB","04-08-2026 05:00:00",17.5184,78.278777,NH3,1,2,2
India,Tripura,Agartala,"Bardowali, Agartala - Tripura SPCB","04-08-2026 05:00:00",23.8175497,91.2726974,NH3,0,0,0
India,Tripura,Agartala,"Bardowali, Agartala - Tripura SPCB","04-08-2026 05:00:00",23.8175497,91.2726974,CO,28,32,29
India,"Uttar Pradesh",Agra,"Shastripuram, Agra - UPPCB","04-08-2026 05:00:00",27.19862,77.92066,NO2,55,56,56
India,"Uttar Pradesh",Agra,"Shahjahan Garden, Agra - UPPCB","04-08-2026 05:00:00",27.169338,78.03582,PM10,28,48,36
India,"Uttar Pradesh",Agra,"Sanjay Palace, Agra - UPPCB","04-08-2026 05:00:00",27.19865833,78.00598056,PM10,14,153,57
India,"Uttar Pradesh",Agra,"Sanjay Palace, Agra - UPPCB","04-08-2026 05:00:00",27.19865833,78.00598056,NO2,9,12,10
India,"Uttar Pradesh",Agra,"Sanjay Palace, Agra - UPPCB","04-08-2026 05:00:00",27.19865833,78.00598056,NH3,NA,NA,NA
India,"Uttar Pradesh",Agra,"Sector-3B Avas Vikas Colony, Agra - UPPCB","04-08-2026 05:00:00",27.19412,77.96237,NH3,7,8,8
India,"Uttar Pradesh","Greater Noida","Knowledge Park - V, Greater Noida - UPPCB","04-08-2026 05:00:00",28.557054,77.453663,PM2.5,6,79,39
India,"Uttar Pradesh",Hapur,"Anand Vihar, Hapur - UPPCB","04-08-2026 05:00:00",28.725645,77.749675,PM2.5,22,66,43
India,"Uttar Pradesh",Hapur,"Anand Vihar, Hapur - UPPCB","04-08-2026 05:00:00",28.725645,77.749675,NO2,16,38,29
India,"Uttar Pradesh",Jhansi,"Shivaji Nagar, Jhansi - UPPCB","04-08-2026 05:00:00",25.4547,78.6039,CO,5,14,10
India,"Uttar Pradesh",Kanpur,"Nehru Nagar, Kanpur - UPPCB","04-08-2026 05:00:00",26.4703136,80.3229863,SO2,11,12,12
India,"Uttar Pradesh",Noida,"Sector-116, Noida - UPPCB","04-08-2026 05:00:00",28.56923,77.393848,PM10,42,110,83
India,"Uttar Pradesh",Noida,"Sector - 125, Noida - UPPCB","04-08-2026 05:00:00",28.5447608,77.3231257,PM10,12,139,100
India,"Uttar Pradesh",Noida,"Sector - 125, Noida - UPPCB","04-08-2026 05:00:00",28.5447608,77.3231257,NH3,8,39,12
India,"Uttar Pradesh",Prayagraj,"Jhunsi, Prayagraj - UPPCB","04-08-2026 05:00:00",25.425602,81.917152,NO2,4,6,6
India,"Uttar Pradesh",Prayagraj,"Jhunsi, Prayagraj - UPPCB","04-08-2026 05:00:00",25.425602,81.917152,CO,8,19,12
India,"Uttar Pradesh",Prayagraj,"Jhunsi, Prayagraj - UPPCB","04-08-2026 05:00:00",25.425602,81.917152,OZONE,26,30,28
India,"Uttar Pradesh",Prayagraj,"Nagar Nigam, Prayagraj - UPPCB","04-08-2026 05:00:00",25.44919916,81.82735986,PM10,NA,NA,NA
India,"Uttar Pradesh",Prayagraj,"Motilal Nehru NIT, Prayagraj - UPPCB","04-08-2026 05:00:00",25.494,81.863,NH3,8,8,8
India,"Uttar Pradesh",Raebareli," Indira Nagar, Raebareli - NTPC Unchahar","04-08-2026 05:00:00",26.207781,81.245571,PM2.5,19,48,31
India,"Uttar Pradesh",Shamli,"New Tehsil, Shamli - UPPCB","04-08-2026 05:00:00",29.4603683,77.3410291,PM10,16,67,38
India,"Uttar Pradesh",Shamli,"New Tehsil, Shamli - UPPCB","04-08-2026 05:00:00",29.4603683,77.3410291,OZONE,34,36,35
India,"Uttar Pradesh",Varanasi,"Maldahiya, Varanasi - UPPCB","04-08-2026 05:00:00",25.32393,82.99687,CO,11,25,19
India,"Uttar Pradesh",Varanasi,"Ardhali Bazar, Varanasi - UPPCB","04-08-2026 05:00:00",25.3505986,82.9083074,NO2,39,46,41
India,Uttarakhand,Dehradun,"Doon University, Dehradun - UKPCB","04-08-2026 05:00:00",30.269444,78.044167,NH3,NA,NA,NA
India,Uttarakhand,Kashipur,"Govt. Girls Inter College, Kashipur - UKPCB","04-08-2026 05:00:00",29.2124114,78.9611753,PM10,NA,NA,NA
India,Uttarakhand,Kashipur,"Govt. Girls Inter College, Kashipur - UKPCB","04-08-2026 05:00:00",29.2124114,78.9611753,CO,17,48,24
India,Uttarakhand,Rishikesh,"Shivaji Nagar, Rishikesh - UKPCB","04-08-2026 05:00:00",30.075911,78.2859547,NO2,7,7,7
India,Uttarakhand,Rishikesh,"Shivaji Nagar, Rishikesh - UKPCB","04-08-2026 05:00:00",30.075911,78.2859547,NH3,2,2,2
India,"West Bengal",Asansol,"Evelyn Lodge, Asansol - WBPCB","04-08-2026 05:00:00",23.697936,86.944395,OZONE,5,8,6
India,"West Bengal",Asansol,"Mahabir Colliery, Asansol - WBPCB","04-08-2026 05:00:00",23.618183,87.105718,SO2,4,5,4
India,"West Bengal",Asansol,"Asansol Court Area, Asansol - WBPCB","04-08-2026 05:00:00",23.685297,86.945968,PM10,28,73,47
India,"West Bengal",Asansol,"Asansol Court Area, Asansol - WBPCB","04-08-2026 05:00:00",23.685297,86.945968,OZONE,18,25,21
India,"West Bengal",Asansol,"Trivenidevi Bhalotia College, Asansol - WBPCB","04-08-2026 05:00:00",23.616515,87.119133,PM10,17,48,32
India,"West Bengal",Asansol,"Trivenidevi Bhalotia College, Asansol - WBPCB","04-08-2026 05:00:00",23.616515,87.119133,NO2,4,15,8
India,"West Bengal",Barrackpore,"SVSPA Campus, Barrackpore - WBPCB","04-08-2026 05:00:00",22.7605581,88.3617589,PM10,52,83,64
India,"West Bengal",Barrackpore,"SVSPA Campus, Barrackpore - WBPCB","04-08-2026 05:00:00",22.7605581,88.3617589,NH3,5,8,6
India,"West Bengal",Barrackpore,"SVSPA Campus, Barrackpore - WBPCB","04-08-2026 05:00:00",22.7605581,88.3617589,SO2,11,13,12
India,"West Bengal",Durgapur,"Mahishkapur Road_B-Zone, Durgapur - WBPCB","04-08-2026 05:00:00",23.567923,87.306843,PM10,42,116,79
India,"West Bengal",Durgapur,"Womens College_City Center, Durgapur - WBPCB","04-08-2026 05:00:00",23.549395,87.300496,CO,26,55,36
India,"West Bengal",Durgapur,"PCBL Residential Complex, Durgapur - WBPCB","04-08-2026 05:00:00",23.508764,87.35444,CO,26,53,34
India,"West Bengal",Durgapur,"PCBL Residential Complex, Durgapur - WBPCB","04-08-2026 05:00:00",23.508764,87.35444,OZONE,NA,NA,NA
India,"West Bengal",Haldia,"Priyambada Housing Estate, Haldia - WBPCB","04-08-2026 05:00:00",22.06047,88.109737,PM2.5,29,67,43
India,"West Bengal",Haldia,"Priyambada Housing Estate, Haldia - WBPCB","04-08-2026 05:00:00",22.06047,88.109737,SO2,5,25,9
India,"West Bengal",Howrah,"Ghusuri, Howrah - WBPCB","04-08-2026 05:00:00",22.611968,88.347422,PM10,54,121,89
India,"West Bengal",Howrah,"Ghusuri, Howrah - WBPCB","04-08-2026 05:00:00",22.611968,88.347422,SO2,6,9,7
India,"West Bengal",Howrah,"Belur Math, Howrah - WBPCB","04-08-2026 05:00:00",22.629801,88.352017,NO2,27,62,46
India,"West Bengal",Kolkata,"Ballygunge, Kolkata - WBPCB","04-08-2026 05:00:00",22.5367507,88.3638022,OZONE,12,26,18
India,"West Bengal",Kolkata,"Rabindra Sarobar, Kolkata - WBPCB","04-08-2026 05:00:00",22.51106,88.35142,SO2,2,12,6
India,"West Bengal",Kolkata,"Jadavpur, Kolkata - WBPCB","04-08-2026 05:00:00",22.49929,88.36917,PM10,50,98,71
India,"West Bengal",Kolkata,"Jadavpur, Kolkata - WBPCB","04-08-2026 05:00:00",22.49929,88.36917,NH3,13,22,15
India,"West Bengal",Kolkata,"Rabindra Bharati University, Kolkata - WBPCB","04-08-2026 05:00:00",22.627847,88.380669,CO,40,69,49
India,"West Bengal",Kolkata,"Victoria, Kolkata - WBPCB","04-08-2026 05:00:00",22.5448082,88.3403691,SO2,11,25,18
India,"West Bengal",Kolkata,"Victoria, Kolkata - WBPCB","04-08-2026 05:00:00",22.5448082,88.3403691,CO,43,75,58
India,"West Bengal",Kolkata,"Victoria, Kolkata - WBPCB","04-08-2026 05:00:00",22.5448082,88.3403691,OZONE,10,16,12
India,"West Bengal",Kolkata,"Bidhannagar, Kolkata - WBPCB","04-08-2026 05:00:00",22.58157048,88.41002457,PM2.5,18,57,36
