station,year,month,worldpop_density_250m,worldpop_density_500m,worldpop_density_1000m
Alipur,2022,1,1989.511928819839,2469.994510592726,3122.4505751869337
Alipur,2022,2,1989.511928819839,2469.994510592726,3122.4505751869337
Alipur,2022,3,1989.511928819839,2469.994510592726,3122.4505751869337
Alipur,2022,4,1989.511928819839,2469.994510592726,3122.4505751869337
Alipur,2022,5,1989.511928819839,2469.994510592726,3122.4505751869337
Alipur,2022,6,1989.511928819839,2469.994510592726,3122.4505751869337
Alipur,2022,7,1989.511928819839,2469.994510592726,3122.4505751869337
Alipur,2022,8,1989.511928819839,2469.994510592726,3122.4505751869337
Alipur,2022,9,1989.511928819839,2469.994510592726,3122.4505751869337
Alipur,2022,10,1989.511928819839,2469.994510592726,3122.4505751869337
Alipur,2022,11,1989.511928819839,2469.994510592726,3122.4505751869337
Alipur,2022,12,1989.511928819839,2469.994510592726,3122.4505751869337
Alipur,2023,1,1989.511928819839,2469.994510592726,3122.4505751869337
Alipur,2023,2,1989.511928819839,2469.994510592726,3122.4505751869337
Alipur,2023,3,1989.511928819839,2469.994510592726,3122.4505751869337
Alipur,2023,4,1989.511928819839,2469.994510592726,3122.4505751869337
Alipur,2023,5,1989.511928819839,2469.994510592726,3122.4505751869337
Alipur,2023,6,1989.511928819839,2469.994510592726,3122.4505751869337
Alipur,2023,7,1989.511928819839,2469.994510592726,3122.4505751869337
Alipur,2023,8,1989.511928819839,2469.994510592726,3122.4505751869337
Alipur,2023,9,1989.511928819839,2469.994510592726,3122.4505751869337
Alipur,2023,10,1989.511928819839,2469.994510592726,3122.4505751869337
Alipur,2023,11,1989.511928819839,2469.994510592726,3122.4505751869337
Alipur,2023,12,1989.511928819839,2469.994510592726,3122.4505751869337
Alipur,2024,1,1989.511928819839,2469.994510592726,3122.4505751869337
Alipur,2024,2,1989.511928819839,2469.994510592726,3122.4505751869337
Alipur,2024,3,1989.511928819839,2469.994510592726,3122.4505751869337
Alipur,2024,4,1989.511928819839,2469.994510592726,3122.4505751869337
Alipur,2024,5,1989.511928819839,2469.994510592726,3122.4505751869337
Alipur,2024,6,1989.511928819839,2469.994510592726,3122.4505751869337
Alipur,2024,7,1989.511928819839,2469.994510592726,3122.4505751869337
Alipur,2024,8,1989.511928819839,2469.994510592726,3122.4505751869337
Alipur,2024,9,1989.511928819839,2469.994510592726,3122.4505751869337
Alipur,2024,10,1989.511928819839,2469.994510592726,3122.4505751869337
Alipur,2024,11,1989.511928819839,2469.994510592726,3122.4505751869337
Alipur,2024,12,1989.511928819839,2469.994510592726,3122.4505751869337
Alipur,2025,1,1989.511928819839,2469.994510592726,3122.4505751869337
Alipur,2025,2,1989.511928819839,2469.994510592726,3122.4505751869337
Alipur,2025,3,1989.511928819839,2469.994510592726,3122.4505751869337
Alipur,2025,4,1989.511928819839,2469.994510592726,3122.4505751869337
Alipur,2025,5,1989.511928819839,2469.994510592726,3122.4505751869337
Alipur,2025,6,1989.511928819839,2469.994510592726,3122.4505751869337
Alipur,2025,7,1989.511928819839,2469.994510592726,3122.4505751869337
Alipur,2025,8,1989.511928819839,2469.994510592726,3122.4505751869337
Alipur,2025,9,1989.511928819839,2469.994510592726,3122.4505751869337
Alipur,2025,10,1989.511928819839,2469.994510592726,3122.4505751869337
Alipur,2025,11,1989.511928819839,2469.994510592726,3122.4505751869337
Alipur,2025,12,1989.511928819839,2469.994510592726,3122.4505751869337
Anand_Vihar,2022,1,23860.058498693867,23081.293935918206,22667.650677840145
Anand_Vihar,2022,2,23860.058498693867,23081.293935918206,22667.650677840145
Anand_Vihar,2022,3,23860.058498693867,23081.293935918206,22667.650677840145
Anand_Vihar,2022,4,23860.058498693867,23081.293935918206,22667.650677840145
Anand_Vihar,2022,5,23860.058498693867,23081.293935918206,22667.650677840145
Anand_Vihar,2022,6,23860.058498693867,23081.293935918206,22667.650677840145
Anand_Vihar,2022,7,23860.058498693867,23081.293935918206,22667.650677840145
Anand_Vihar,2022,8,23860.058498693867,23081.293935918206,22667.650677840145
Anand_Vihar,2022,9,23860.058498693867,23081.293935918206,22667.650677840145
Anand_Vihar,2022,10,23860.058498693867,23081.293935918206,22667.650677840145
Anand_Vihar,2022,11,23860.058498693867,23081.293935918206,22667.650677840145
Anand_Vihar,2022,12,23860.058498693867,23081.293935918206,22667.650677840145
Anand_Vihar,2023,1,23860.058498693867,23081.293935918206,22667.650677840145
Anand_Vihar,2023,2,23860.058498693867,23081.293935918206,22667.650677840145
Anand_Vihar,2023,3,23860.058498693867,23081.293935918206,22667.650677840145
Anand_Vihar,2023,4,23860.058498693867,23081.293935918206,22667.650677840145
Anand_Vihar,2023,5,23860.058498693867,23081.293935918206,22667.650677840145
Anand_Vihar,2023,6,23860.058498693867,23081.293935918206,22667.650677840145
Anand_Vihar,2023,7,23860.058498693867,23081.293935918206,22667.650677840145
Anand_Vihar,2023,8,23860.058498693867,23081.293935918206,22667.650677840145
Anand_Vihar,2023,9,23860.058498693867,23081.293935918206,22667.650677840145
Anand_Vihar,2023,10,23860.058498693867,23081.293935918206,22667.650677840145
Anand_Vihar,2023,11,23860.058498693867,23081.293935918206,22667.650677840145
Anand_Vihar,2023,12,23860.058498693867,23081.293935918206,22667.650677840145
Anand_Vihar,2024,1,23860.058498693867,23081.293935918206,22667.650677840145
Anand_Vihar,2024,2,23860.058498693867,23081.293935918206,22667.650677840145
Anand_Vihar,2024,3,23860.058498693867,23081.293935918206,22667.650677840145
Anand_Vihar,2024,4,23860.058498693867,23081.293935918206,22667.650677840145
Anand_Vihar,2024,5,23860.058498693867,23081.293935918206,22667.650677840145
Anand_Vihar,2024,6,23860.058498693867,23081.293935918206,22667.650677840145
Anand_Vihar,2024,7,23860.058498693867,23081.293935918206,22667.650677840145
Anand_Vihar,2024,8,23860.058498693867,23081.293935918206,22667.650677840145
Anand_Vihar,2024,9,23860.058498693867,23081.293935918206,22667.650677840145
Anand_Vihar,2024,10,23860.058498693867,23081.293935918206,22667.650677840145
Anand_Vihar,2024,11,23860.058498693867,23081.293935918206,22667.650677840145
Anand_Vihar,2024,12,23860.058498693867,23081.293935918206,22667.650677840145
Anand_Vihar,2025,1,23860.058498693867,23081.293935918206,22667.650677840145
Anand_Vihar,2025,2,23860.058498693867,23081.293935918206,22667.650677840145
Anand_Vihar,2025,3,23860.058498693867,23081.293935918206,22667.650677840145
Anand_Vihar,2025,4,23860.058498693867,23081.293935918206,22667.650677840145
Anand_Vihar,2025,5,23860.058498693867,23081.293935918206,22667.650677840145
Anand_Vihar,2025,6,23860.058498693867,23081.293935918206,22667.650677840145
Anand_Vihar,2025,7,23860.058498693867,23081.293935918206,22667.650677840145
Anand_Vihar,2025,8,23860.058498693867,23081.293935918206,22667.650677840145
Anand_Vihar,2025,9,23860.058498693867,23081.293935918206,22667.650677840145
Anand_Vihar,2025,10,23860.058498693867,23081.293935918206,22667.650677840145
Anand_Vihar,2025,11,23860.058498693867,23081.293935918206,22667.650677840145
Anand_Vihar,2025,12,23860.058498693867,23081.293935918206,22667.650677840145
Ashok_Vihar,2022,1,25529.502233714324,26802.36936726522,25595.249207999168
Ashok_Vihar,2022,2,25529.502233714324,26802.36936726522,25595.249207999168
Ashok_Vihar,2022,3,25529.502233714324,26802.36936726522,25595.249207999168
Ashok_Vihar,2022,4,25529.502233714324,26802.36936726522,25595.249207999168
Ashok_Vihar,2022,5,25529.502233714324,26802.36936726522,25595.249207999168
Ashok_Vihar,2022,6,25529.502233714324,26802.36936726522,25595.249207999168
Ashok_Vihar,2022,7,25529.502233714324,26802.36936726522,25595.249207999168
Ashok_Vihar,2022,8,25529.502233714324,26802.36936726522,25595.249207999168
Ashok_Vihar,2022,9,25529.502233714324,26802.36936726522,25595.249207999168
Ashok_Vihar,2022,10,25529.502233714324,26802.36936726522,25595.249207999168
Ashok_Vihar,2022,11,25529.502233714324,26802.36936726522,25595.249207999168
Ashok_Vihar,2022,12,25529.502233714324,26802.36936726522,25595.249207999168
Ashok_Vihar,2023,1,25529.502233714324,26802.36936726522,25595.249207999168
Ashok_Vihar,2023,2,25529.502233714324,26802.36936726522,25595.249207999168
Ashok_Vihar,2023,3,25529.502233714324,26802.36936726522,25595.249207999168
Ashok_Vihar,2023,4,25529.502233714324,26802.36936726522,25595.249207999168
Ashok_Vihar,2023,5,25529.502233714324,26802.36936726522,25595.249207999168
Ashok_Vihar,2023,6,25529.502233714324,26802.36936726522,25595.249207999168
Ashok_Vihar,2023,7,25529.502233714324,26802.36936726522,25595.249207999168
Ashok_Vihar,2023,8,25529.502233714324,26802.36936726522,25595.249207999168
Ashok_Vihar,2023,9,25529.502233714324,26802.36936726522,25595.249207999168
Ashok_Vihar,2023,10,25529.502233714324,26802.36936726522,25595.249207999168
Ashok_Vihar,2023,11,25529.502233714324,26802.36936726522,25595.249207999168
Ashok_Vihar,2023,12,25529.502233714324,26802.36936726522,25595.249207999168
Ashok_Vihar,2024,1,25529.502233714324,26802.36936726522,25595.249207999168
Ashok_Vihar,2024,2,25529.502233714324,26802.36936726522,25595.249207999168
Ashok_Vihar,2024,3,25529.502233714324,26802.36936726522,25595.249207999168
Ashok_Vihar,2024,4,25529.502233714324,26802.36936726522,25595.249207999168
Ashok_Vihar,2024,5,25529.502233714324,26802.36936726522,25595.249207999168
Ashok_Vihar,2024,6,25529.502233714324,26802.36936726522,25595.249207999168
Ashok_Vihar,2024,7,25529.502233714324,26802.36936726522,25595.249207999168
Ashok_Vihar,2024,8,25529.502233714324,26802.36936726522,25595.249207999168
Ashok_Vihar,2024,9,25529.502233714324,26802.36936726522,25595.249207999168
Ashok_Vihar,2024,10,25529.502233714324,26802.36936726522,25595.249207999168
Ashok_Vihar,2024,11,25529.502233714324,26802.36936726522,25595.249207999168
Ashok_Vihar,2024,12,25529.502233714324,26802.36936726522,25595.249207999168
Ashok_Vihar,2025,1,25529.502233714324,26802.36936726522,25595.249207999168
Ashok_Vihar,2025,2,25529.502233714324,26802.36936726522,25595.249207999168
Ashok_Vihar,2025,3,25529.502233714324,26802.36936726522,25595.249207999168
Ashok_Vihar,2025,4,25529.502233714324,26802.36936726522,25595.249207999168
Ashok_Vihar,2025,5,25529.502233714324,26802.36936726522,25595.249207999168
Ashok_Vihar,2025,6,25529.502233714324,26802.36936726522,25595.249207999168
Ashok_Vihar,2025,7,25529.502233714324,26802.36936726522,25595.249207999168
Ashok_Vihar,2025,8,25529.502233714324,26802.36936726522,25595.249207999168
Ashok_Vihar,2025,9,25529.502233714324,26802.36936726522,25595.249207999168
Ashok_Vihar,2025,10,25529.502233714324,26802.36936726522,25595.249207999168
Ashok_Vihar,2025,11,25529.502233714324,26802.36936726522,25595.249207999168
Ashok_Vihar,2025,12,25529.502233714324,26802.36936726522,25595.249207999168
Aya_Nagar,2022,1,3932.555987305659,4485.666926981536,4727.152872547838
Aya_Nagar,2022,2,3932.555987305659,4485.666926981536,4727.152872547838
Aya_Nagar,2022,3,3932.555987305659,4485.666926981536,4727.152872547838
Aya_Nagar,2022,4,3932.555987305659,4485.666926981536,4727.152872547838
Aya_Nagar,2022,5,3932.555987305659,4485.666926981536,4727.152872547838
Aya_Nagar,2022,6,3932.555987305659,4485.666926981536,4727.152872547838
Aya_Nagar,2022,7,3932.555987305659,4485.666926981536,4727.152872547838
Aya_Nagar,2022,8,3932.555987305659,4485.666926981536,4727.152872547838
Aya_Nagar,2022,9,3932.555987305659,4485.666926981536,4727.152872547838
Aya_Nagar,2022,10,3932.555987305659,4485.666926981536,4727.152872547838
Aya_Nagar,2022,11,3932.555987305659,4485.666926981536,4727.152872547838
Aya_Nagar,2022,12,3932.555987305659,4485.666926981536,4727.152872547838
Aya_Nagar,2023,1,3932.555987305659,4485.666926981536,4727.152872547838
Aya_Nagar,2023,2,3932.555987305659,4485.666926981536,4727.152872547838
Aya_Nagar,2023,3,3932.555987305659,4485.666926981536,4727.152872547838
Aya_Nagar,2023,4,3932.555987305659,4485.666926981536,4727.152872547838
Aya_Nagar,2023,5,3932.555987305659,4485.666926981536,4727.152872547838
Aya_Nagar,2023,6,3932.555987305659,4485.666926981536,4727.152872547838
Aya_Nagar,2023,7,3932.555987305659,4485.666926981536,4727.152872547838
Aya_Nagar,2023,8,3932.555987305659,4485.666926981536,4727.152872547838
Aya_Nagar,2023,9,3932.555987305659,4485.666926981536,4727.152872547838
Aya_Nagar,2023,10,3932.555987305659,4485.666926981536,4727.152872547838
Aya_Nagar,2023,11,3932.555987305659,4485.666926981536,4727.152872547838
Aya_Nagar,2023,12,3932.555987305659,4485.666926981536,4727.152872547838
Aya_Nagar,2024,1,3932.555987305659,4485.666926981536,4727.152872547838
Aya_Nagar,2024,2,3932.555987305659,4485.666926981536,4727.152872547838
Aya_Nagar,2024,3,3932.555987305659,4485.666926981536,4727.152872547838
Aya_Nagar,2024,4,3932.555987305659,4485.666926981536,4727.152872547838
Aya_Nagar,2024,5,3932.555987305659,4485.666926981536,4727.152872547838
Aya_Nagar,2024,6,3932.555987305659,4485.666926981536,4727.152872547838
Aya_Nagar,2024,7,3932.555987305659,4485.666926981536,4727.152872547838
Aya_Nagar,2024,8,3932.555987305659,4485.666926981536,4727.152872547838
Aya_Nagar,2024,9,3932.555987305659,4485.666926981536,4727.152872547838
Aya_Nagar,2024,10,3932.555987305659,4485.666926981536,4727.152872547838
Aya_Nagar,2024,11,3932.555987305659,4485.666926981536,4727.152872547838
Aya_Nagar,2024,12,3932.555987305659,4485.666926981536,4727.152872547838
Aya_Nagar,2025,1,3932.555987305659,4485.666926981536,4727.152872547838
Aya_Nagar,2025,2,3932.555987305659,4485.666926981536,4727.152872547838
Aya_Nagar,2025,3,3932.555987305659,4485.666926981536,4727.152872547838
Aya_Nagar,2025,4,3932.555987305659,4485.666926981536,4727.152872547838
Aya_Nagar,2025,5,3932.555987305659,4485.666926981536,4727.152872547838
Aya_Nagar,2025,6,3932.555987305659,4485.666926981536,4727.152872547838
Aya_Nagar,2025,7,3932.555987305659,4485.666926981536,4727.152872547838
Aya_Nagar,2025,8,3932.555987305659,4485.666926981536,4727.152872547838
Aya_Nagar,2025,9,3932.555987305659,4485.666926981536,4727.152872547838
Aya_Nagar,2025,10,3932.555987305659,4485.666926981536,4727.152872547838
Aya_Nagar,2025,11,3932.555987305659,4485.666926981536,4727.152872547838
Aya_Nagar,2025,12,3932.555987305659,4485.666926981536,4727.152872547838
Bawana,2022,1,7580.965450848424,7404.765072473742,7410.957503275578
Bawana,2022,2,7580.965450848424,7404.765072473742,7410.957503275578
Bawana,2022,3,7580.965450848424,7404.765072473742,7410.957503275578
Bawana,2022,4,7580.965450848424,7404.765072473742,7410.957503275578
Bawana,2022,5,7580.965450848424,7404.765072473742,7410.957503275578
Bawana,2022,6,7580.965450848424,7404.765072473742,7410.957503275578
Bawana,2022,7,7580.965450848424,7404.765072473742,7410.957503275578
Bawana,2022,8,7580.965450848424,7404.765072473742,7410.957503275578
Bawana,2022,9,7580.965450848424,7404.765072473742,7410.957503275578
Bawana,2022,10,7580.965450848424,7404.765072473742,7410.957503275578
Bawana,2022,11,7580.965450848424,7404.765072473742,7410.957503275578
Bawana,2022,12,7580.965450848424,7404.765072473742,7410.957503275578
Bawana,2023,1,7580.965450848424,7404.765072473742,7410.957503275578
Bawana,2023,2,7580.965450848424,7404.765072473742,7410.957503275578
Bawana,2023,3,7580.965450848424,7404.765072473742,7410.957503275578
Bawana,2023,4,7580.965450848424,7404.765072473742,7410.957503275578
Bawana,2023,5,7580.965450848424,7404.765072473742,7410.957503275578
Bawana,2023,6,7580.965450848424,7404.765072473742,7410.957503275578
Bawana,2023,7,7580.965450848424,7404.765072473742,7410.957503275578
Bawana,2023,8,7580.965450848424,7404.765072473742,7410.957503275578
Bawana,2023,9,7580.965450848424,7404.765072473742,7410.957503275578
Bawana,2023,10,7580.965450848424,7404.765072473742,7410.957503275578
Bawana,2023,11,7580.965450848424,7404.765072473742,7410.957503275578
Bawana,2023,12,7580.965450848424,7404.765072473742,7410.957503275578
Bawana,2024,1,7580.965450848424,7404.765072473742,7410.957503275578
Bawana,2024,2,7580.965450848424,7404.765072473742,7410.957503275578
Bawana,2024,3,7580.965450848424,7404.765072473742,7410.957503275578
Bawana,2024,4,7580.965450848424,7404.765072473742,7410.957503275578
Bawana,2024,5,7580.965450848424,7404.765072473742,7410.957503275578
Bawana,2024,6,7580.965450848424,7404.765072473742,7410.957503275578
Bawana,2024,7,7580.965450848424,7404.765072473742,7410.957503275578
Bawana,2024,8,7580.965450848424,7404.765072473742,7410.957503275578
Bawana,2024,9,7580.965450848424,7404.765072473742,7410.957503275578
Bawana,2024,10,7580.965450848424,7404.765072473742,7410.957503275578
Bawana,2024,11,7580.965450848424,7404.765072473742,7410.957503275578
Bawana,2024,12,7580.965450848424,7404.765072473742,7410.957503275578
Bawana,2025,1,7580.965450848424,7404.765072473742,7410.957503275578
Bawana,2025,2,7580.965450848424,7404.765072473742,7410.957503275578
Bawana,2025,3,7580.965450848424,7404.765072473742,7410.957503275578
Bawana,2025,4,7580.965450848424,7404.765072473742,7410.957503275578
Bawana,2025,5,7580.965450848424,7404.765072473742,7410.957503275578
Bawana,2025,6,7580.965450848424,7404.765072473742,7410.957503275578
Bawana,2025,7,7580.965450848424,7404.765072473742,7410.957503275578
Bawana,2025,8,7580.965450848424,7404.765072473742,7410.957503275578
Bawana,2025,9,7580.965450848424,7404.765072473742,7410.957503275578
Bawana,2025,10,7580.965450848424,7404.765072473742,7410.957503275578
Bawana,2025,11,7580.965450848424,7404.765072473742,7410.957503275578
Bawana,2025,12,7580.965450848424,7404.765072473742,7410.957503275578
Burari_Crossing,2022,1,13475.60968932022,11988.367457585777,13401.284595613603
Burari_Crossing,2022,2,13475.60968932022,11988.367457585777,13401.284595613603
Burari_Crossing,2022,3,13475.60968932022,11988.367457585777,13401.284595613603
Burari_Crossing,2022,4,13475.60968932022,11988.367457585777,13401.284595613603
Burari_Crossing,2022,5,13475.60968932022,11988.367457585777,13401.284595613603
Burari_Crossing,2022,6,13475.60968932022,11988.367457585777,13401.284595613603
Burari_Crossing,2022,8,13475.60968932022,11988.367457585777,13401.284595613603
Burari_Crossing,2022,9,13475.60968932022,11988.367457585777,13401.284595613603
Burari_Crossing,2022,10,13475.60968932022,11988.367457585777,13401.284595613603
Burari_Crossing,2022,11,13475.60968932022,11988.367457585777,13401.284595613603
Burari_Crossing,2022,12,13475.60968932022,11988.367457585777,13401.284595613603
Burari_Crossing,2023,1,13475.60968932022,11988.367457585777,13401.284595613603
Burari_Crossing,2023,2,13475.60968932022,11988.367457585777,13401.284595613603
Burari_Crossing,2023,3,13475.60968932022,11988.367457585777,13401.284595613603
Burari_Crossing,2023,4,13475.60968932022,11988.367457585777,13401.284595613603
Burari_Crossing,2023,5,13475.60968932022,11988.367457585777,13401.284595613603
Burari_Crossing,2023,6,13475.60968932022,11988.367457585777,13401.284595613603
Burari_Crossing,2023,7,13475.60968932022,11988.367457585777,13401.284595613603
Burari_Crossing,2023,8,13475.60968932022,11988.367457585777,13401.284595613603
Burari_Crossing,2023,9,13475.60968932022,11988.367457585777,13401.284595613603
Burari_Crossing,2023,10,13475.60968932022,11988.367457585777,13401.284595613603
Burari_Crossing,2023,11,13475.60968932022,11988.367457585777,13401.284595613603
Burari_Crossing,2023,12,13475.60968932022,11988.367457585777,13401.284595613603
Burari_Crossing,2024,1,13475.60968932022,11988.367457585777,13401.284595613603
Burari_Crossing,2024,2,13475.60968932022,11988.367457585777,13401.284595613603
Burari_Crossing,2024,3,13475.60968932022,11988.367457585777,13401.284595613603
Burari_Crossing,2024,4,13475.60968932022,11988.367457585777,13401.284595613603
Burari_Crossing,2024,5,13475.60968932022,11988.367457585777,13401.284595613603
Burari_Crossing,2024,6,13475.60968932022,11988.367457585777,13401.284595613603
Burari_Crossing,2024,7,13475.60968932022,11988.367457585777,13401.284595613603
Burari_Crossing,2024,8,13475.60968932022,11988.367457585777,13401.284595613603
Burari_Crossing,2024,9,13475.60968932022,11988.367457585777,13401.284595613603
Burari_Crossing,2024,10,13475.60968932022,11988.367457585777,13401.284595613603
Burari_Crossing,2024,11,13475.60968932022,11988.367457585777,13401.284595613603
Burari_Crossing,2024,12,13475.60968932022,11988.367457585777,13401.284595613603
Burari_Crossing,2025,1,13475.60968932022,11988.367457585777,13401.284595613603
Burari_Crossing,2025,2,13475.60968932022,11988.367457585777,13401.284595613603
Burari_Crossing,2025,3,13475.60968932022,11988.367457585777,13401.284595613603
Burari_Crossing,2025,4,13475.60968932022,11988.367457585777,13401.284595613603
Burari_Crossing,2025,5,13475.60968932022,11988.367457585777,13401.284595613603
Burari_Crossing,2025,6,13475.60968932022,11988.367457585777,13401.284595613603
Burari_Crossing,2025,7,13475.60968932022,11988.367457585777,13401.284595613603
Burari_Crossing,2025,8,13475.60968932022,11988.367457585777,13401.284595613603
Burari_Crossing,2025,9,13475.60968932022,11988.367457585777,13401.284595613603
Burari_Crossing,2025,10,13475.60968932022,11988.367457585777,13401.284595613603
Burari_Crossing,2025,11,13475.60968932022,11988.367457585777,13401.284595613603
Burari_Crossing,2025,12,13475.60968932022,11988.367457585777,13401.284595613603
Chandni_Chowk,2022,1,17415.754354990204,18171.556281069752,21026.649937529444
Chandni_Chowk,2022,2,17415.754354990204,18171.556281069752,21026.649937529444
Chandni_Chowk,2022,3,17415.754354990204,18171.556281069752,21026.649937529444
Chandni_Chowk,2022,4,17415.754354990204,18171.556281069752,21026.649937529444
Chandni_Chowk,2022,5,17415.754354990204,18171.556281069752,21026.649937529444
Chandni_Chowk,2022,6,17415.754354990204,18171.556281069752,21026.649937529444
Chandni_Chowk,2022,7,17415.754354990204,18171.556281069752,21026.649937529444
Chandni_Chowk,2022,8,17415.754354990204,18171.556281069752,21026.649937529444
Chandni_Chowk,2022,12,17415.754354990204,18171.556281069752,21026.649937529444
Chandni_Chowk,2023,1,17415.754354990204,18171.556281069752,21026.649937529444
Chandni_Chowk,2023,2,17415.754354990204,18171.556281069752,21026.649937529444
Chandni_Chowk,2023,3,17415.754354990204,18171.556281069752,21026.649937529444
Chandni_Chowk,2023,4,17415.754354990204,18171.556281069752,21026.649937529444
Chandni_Chowk,2023,5,17415.754354990204,18171.556281069752,21026.649937529444
Chandni_Chowk,2023,6,17415.754354990204,18171.556281069752,21026.649937529444
Chandni_Chowk,2024,3,17415.754354990204,18171.556281069752,21026.649937529444
Chandni_Chowk,2024,4,17415.754354990204,18171.556281069752,21026.649937529444
Chandni_Chowk,2024,5,17415.754354990204,18171.556281069752,21026.649937529444
Chandni_Chowk,2024,6,17415.754354990204,18171.556281069752,21026.649937529444
Chandni_Chowk,2024,8,17415.754354990204,18171.556281069752,21026.649937529444
Chandni_Chowk,2024,9,17415.754354990204,18171.556281069752,21026.649937529444
Chandni_Chowk,2024,11,17415.754354990204,18171.556281069752,21026.649937529444
Chandni_Chowk,2024,12,17415.754354990204,18171.556281069752,21026.649937529444
Chandni_Chowk,2025,1,17415.754354990204,18171.556281069752,21026.649937529444
Chandni_Chowk,2025,2,17415.754354990204,18171.556281069752,21026.649937529444
Chandni_Chowk,2025,3,17415.754354990204,18171.556281069752,21026.649937529444
Chandni_Chowk,2025,4,17415.754354990204,18171.556281069752,21026.649937529444
Chandni_Chowk,2025,5,17415.754354990204,18171.556281069752,21026.649937529444
Chandni_Chowk,2025,6,17415.754354990204,18171.556281069752,21026.649937529444
Chandni_Chowk,2025,7,17415.754354990204,18171.556281069752,21026.649937529444
Chandni_Chowk,2025,8,17415.754354990204,18171.556281069752,21026.649937529444
Chandni_Chowk,2025,9,17415.754354990204,18171.556281069752,21026.649937529444
Chandni_Chowk,2025,10,17415.754354990204,18171.556281069752,21026.649937529444
Chandni_Chowk,2025,11,17415.754354990204,18171.556281069752,21026.649937529444
Chandni_Chowk,2025,12,17415.754354990204,18171.556281069752,21026.649937529444
DTU,2022,1,6246.562662702064,7975.358081932479,7846.000835822633
DTU,2022,2,6246.562662702064,7975.358081932479,7846.000835822633
DTU,2022,3,6246.562662702064,7975.358081932479,7846.000835822633
DTU,2022,4,6246.562662702064,7975.358081932479,7846.000835822633
DTU,2022,5,6246.562662702064,7975.358081932479,7846.000835822633
DTU,2022,6,6246.562662702064,7975.358081932479,7846.000835822633
DTU,2022,7,6246.562662702064,7975.358081932479,7846.000835822633
DTU,2022,8,6246.562662702064,7975.358081932479,7846.000835822633
DTU,2022,9,6246.562662702064,7975.358081932479,7846.000835822633
DTU,2022,10,6246.562662702064,7975.358081932479,7846.000835822633
DTU,2022,11,6246.562662702064,7975.358081932479,7846.000835822633
DTU,2022,12,6246.562662702064,7975.358081932479,7846.000835822633
DTU,2023,1,6246.562662702064,7975.358081932479,7846.000835822633
DTU,2023,2,6246.562662702064,7975.358081932479,7846.000835822633
DTU,2023,3,6246.562662702064,7975.358081932479,7846.000835822633
DTU,2023,4,6246.562662702064,7975.358081932479,7846.000835822633
DTU,2023,5,6246.562662702064,7975.358081932479,7846.000835822633
DTU,2023,6,6246.562662702064,7975.358081932479,7846.000835822633
DTU,2023,7,6246.562662702064,7975.358081932479,7846.000835822633
DTU,2023,8,6246.562662702064,7975.358081932479,7846.000835822633
DTU,2023,9,6246.562662702064,7975.358081932479,7846.000835822633
DTU,2023,10,6246.562662702064,7975.358081932479,7846.000835822633
DTU,2023,11,6246.562662702064,7975.358081932479,7846.000835822633
DTU,2023,12,6246.562662702064,7975.358081932479,7846.000835822633
DTU,2024,1,6246.562662702064,7975.358081932479,7846.000835822633
DTU,2024,2,6246.562662702064,7975.358081932479,7846.000835822633
DTU,2024,3,6246.562662702064,7975.358081932479,7846.000835822633
DTU,2024,4,6246.562662702064,7975.358081932479,7846.000835822633
DTU,2024,5,6246.562662702064,7975.358081932479,7846.000835822633
DTU,2024,6,6246.562662702064,7975.358081932479,7846.000835822633
DTU,2024,7,6246.562662702064,7975.358081932479,7846.000835822633
DTU,2024,8,6246.562662702064,7975.358081932479,7846.000835822633
DTU,2024,9,6246.562662702064,7975.358081932479,7846.000835822633
DTU,2024,10,6246.562662702064,7975.358081932479,7846.000835822633
DTU,2024,11,6246.562662702064,7975.358081932479,7846.000835822633
DTU,2024,12,6246.562662702064,7975.358081932479,7846.000835822633
DTU,2025,1,6246.562662702064,7975.358081932479,7846.000835822633
DTU,2025,2,6246.562662702064,7975.358081932479,7846.000835822633
DTU,2025,3,6246.562662702064,7975.358081932479,7846.000835822633
DTU,2025,4,6246.562662702064,7975.358081932479,7846.000835822633
DTU,2025,5,6246.562662702064,7975.358081932479,7846.000835822633
DTU,2025,6,6246.562662702064,7975.358081932479,7846.000835822633
DTU,2025,7,6246.562662702064,7975.358081932479,7846.000835822633
DTU,2025,8,6246.562662702064,7975.358081932479,7846.000835822633
DTU,2025,9,6246.562662702064,7975.358081932479,7846.000835822633
DTU,2025,10,6246.562662702064,7975.358081932479,7846.000835822633
DTU,2025,11,6246.562662702064,7975.358081932479,7846.000835822633
DTU,2025,12,6246.562662702064,7975.358081932479,7846.000835822633
Dr._Karni_Singh_Shooting_Range,2022,1,4940.160727348445,5454.14765255167,6259.975193374241
Dr._Karni_Singh_Shooting_Range,2022,2,4940.160727348445,5454.14765255167,6259.975193374241
Dr._Karni_Singh_Shooting_Range,2022,3,4940.160727348445,5454.14765255167,6259.975193374241
Dr._Karni_Singh_Shooting_Range,2022,4,4940.160727348445,5454.14765255167,6259.975193374241
Dr._Karni_Singh_Shooting_Range,2022,5,4940.160727348445,5454.14765255167,6259.975193374241
Dr._Karni_Singh_Shooting_Range,2022,6,4940.160727348445,5454.14765255167,6259.975193374241
Dr._Karni_Singh_Shooting_Range,2022,7,4940.160727348445,5454.14765255167,6259.975193374241
Dr._Karni_Singh_Shooting_Range,2022,8,4940.160727348445,5454.14765255167,6259.975193374241
Dr._Karni_Singh_Shooting_Range,2022,9,4940.160727348445,5454.14765255167,6259.975193374241
Dr._Karni_Singh_Shooting_Range,2022,10,4940.160727348445,5454.14765255167,6259.975193374241
Dr._Karni_Singh_Shooting_Range,2022,11,4940.160727348445,5454.14765255167,6259.975193374241
Dr._Karni_Singh_Shooting_Range,2022,12,4940.160727348445,5454.14765255167,6259.975193374241
Dr._Karni_Singh_Shooting_Range,2023,1,4940.160727348445,5454.14765255167,6259.975193374241
Dr._Karni_Singh_Shooting_Range,2023,2,4940.160727348445,5454.14765255167,6259.975193374241
Dr._Karni_Singh_Shooting_Range,2023,3,4940.160727348445,5454.14765255167,6259.975193374241
Dr._Karni_Singh_Shooting_Range,2023,4,4940.160727348445,5454.14765255167,6259.975193374241
Dr._Karni_Singh_Shooting_Range,2023,5,4940.160727348445,5454.14765255167,6259.975193374241
Dr._Karni_Singh_Shooting_Range,2023,6,4940.160727348445,5454.14765255167,6259.975193374241
Dr._Karni_Singh_Shooting_Range,2023,7,4940.160727348445,5454.14765255167,6259.975193374241
Dr._Karni_Singh_Shooting_Range,2023,8,4940.160727348445,5454.14765255167,6259.975193374241
Dr._Karni_Singh_Shooting_Range,2023,9,4940.160727348445,5454.14765255167,6259.975193374241
Dr._Karni_Singh_Shooting_Range,2023,10,4940.160727348445,5454.14765255167,6259.975193374241
Dr._Karni_Singh_Shooting_Range,2023,11,4940.160727348445,5454.14765255167,6259.975193374241
Dr._Karni_Singh_Shooting_Range,2023,12,4940.160727348445,5454.14765255167,6259.975193374241
Dr._Karni_Singh_Shooting_Range,2024,1,4940.160727348445,5454.14765255167,6259.975193374241
Dr._Karni_Singh_Shooting_Range,2024,2,4940.160727348445,5454.14765255167,6259.975193374241
Dr._Karni_Singh_Shooting_Range,2024,3,4940.160727348445,5454.14765255167,6259.975193374241
Dr._Karni_Singh_Shooting_Range,2024,4,4940.160727348445,5454.14765255167,6259.975193374241
Dr._Karni_Singh_Shooting_Range,2024,5,4940.160727348445,5454.14765255167,6259.975193374241
Dr._Karni_Singh_Shooting_Range,2024,6,4940.160727348445,5454.14765255167,6259.975193374241
Dr._Karni_Singh_Shooting_Range,2024,7,4940.160727348445,5454.14765255167,6259.975193374241
Dr._Karni_Singh_Shooting_Range,2024,8,4940.160727348445,5454.14765255167,6259.975193374241
Dr._Karni_Singh_Shooting_Range,2024,9,4940.160727348445,5454.14765255167,6259.975193374241
Dr._Karni_Singh_Shooting_Range,2024,10,4940.160727348445,5454.14765255167,6259.975193374241
Dr._Karni_Singh_Shooting_Range,2024,11,4940.160727348445,5454.14765255167,6259.975193374241
Dr._Karni_Singh_Shooting_Range,2024,12,4940.160727348445,5454.14765255167,6259.975193374241
Dr._Karni_Singh_Shooting_Range,2025,1,4940.160727348445,5454.14765255167,6259.975193374241
Dr._Karni_Singh_Shooting_Range,2025,2,4940.160727348445,5454.14765255167,6259.975193374241
Dr._Karni_Singh_Shooting_Range,2025,3,4940.160727348445,5454.14765255167,6259.975193374241
Dr._Karni_Singh_Shooting_Range,2025,4,4940.160727348445,5454.14765255167,6259.975193374241
Dr._Karni_Singh_Shooting_Range,2025,5,4940.160727348445,5454.14765255167,6259.975193374241
Dr._Karni_Singh_Shooting_Range,2025,6,4940.160727348445,5454.14765255167,6259.975193374241
Dr._Karni_Singh_Shooting_Range,2025,7,4940.160727348445,5454.14765255167,6259.975193374241
Dr._Karni_Singh_Shooting_Range,2025,8,4940.160727348445,5454.14765255167,6259.975193374241
Dr._Karni_Singh_Shooting_Range,2025,9,4940.160727348445,5454.14765255167,6259.975193374241
Dr._Karni_Singh_Shooting_Range,2025,10,4940.160727348445,5454.14765255167,6259.975193374241
Dr._Karni_Singh_Shooting_Range,2025,11,4940.160727348445,5454.14765255167,6259.975193374241
Dr._Karni_Singh_Shooting_Range,2025,12,4940.160727348445,5454.14765255167,6259.975193374241
Dwarka-Sector_8,2022,1,7739.305868524088,7003.883740964404,6809.607099033984
Dwarka-Sector_8,2022,2,7739.305868524088,7003.883740964404,6809.607099033984
Dwarka-Sector_8,2022,3,7739.305868524088,7003.883740964404,6809.607099033984
Dwarka-Sector_8,2022,4,7739.305868524088,7003.883740964404,6809.607099033984
Dwarka-Sector_8,2022,5,7739.305868524088,7003.883740964404,6809.607099033984
Dwarka-Sector_8,2022,6,7739.305868524088,7003.883740964404,6809.607099033984
Dwarka-Sector_8,2022,7,7739.305868524088,7003.883740964404,6809.607099033984
Dwarka-Sector_8,2022,8,7739.305868524088,7003.883740964404,6809.607099033984
Dwarka-Sector_8,2022,9,7739.305868524088,7003.883740964404,6809.607099033984
Dwarka-Sector_8,2022,10,7739.305868524088,7003.883740964404,6809.607099033984
Dwarka-Sector_8,2022,11,7739.305868524088,7003.883740964404,6809.607099033984
Dwarka-Sector_8,2022,12,7739.305868524088,7003.883740964404,6809.607099033984
Dwarka-Sector_8,2023,1,7739.305868524088,7003.883740964404,6809.607099033984
Dwarka-Sector_8,2023,2,7739.305868524088,7003.883740964404,6809.607099033984
Dwarka-Sector_8,2023,3,7739.305868524088,7003.883740964404,6809.607099033984
Dwarka-Sector_8,2023,4,7739.305868524088,7003.883740964404,6809.607099033984
Dwarka-Sector_8,2023,5,7739.305868524088,7003.883740964404,6809.607099033984
Dwarka-Sector_8,2023,6,7739.305868524088,7003.883740964404,6809.607099033984
Dwarka-Sector_8,2023,7,7739.305868524088,7003.883740964404,6809.607099033984
Dwarka-Sector_8,2023,8,7739.305868524088,7003.883740964404,6809.607099033984
Dwarka-Sector_8,2023,9,7739.305868524088,7003.883740964404,6809.607099033984
Dwarka-Sector_8,2023,10,7739.305868524088,7003.883740964404,6809.607099033984
Dwarka-Sector_8,2023,11,7739.305868524088,7003.883740964404,6809.607099033984
Dwarka-Sector_8,2023,12,7739.305868524088,7003.883740964404,6809.607099033984
Dwarka-Sector_8,2024,1,7739.305868524088,7003.883740964404,6809.607099033984
Dwarka-Sector_8,2024,2,7739.305868524088,7003.883740964404,6809.607099033984
Dwarka-Sector_8,2024,3,7739.305868524088,7003.883740964404,6809.607099033984
Dwarka-Sector_8,2024,4,7739.305868524088,7003.883740964404,6809.607099033984
Dwarka-Sector_8,2024,5,7739.305868524088,7003.883740964404,6809.607099033984
Dwarka-Sector_8,2024,6,7739.305868524088,7003.883740964404,6809.607099033984
Dwarka-Sector_8,2024,7,7739.305868524088,7003.883740964404,6809.607099033984
Dwarka-Sector_8,2024,8,7739.305868524088,7003.883740964404,6809.607099033984
Dwarka-Sector_8,2024,9,7739.305868524088,7003.883740964404,6809.607099033984
Dwarka-Sector_8,2024,10,7739.305868524088,7003.883740964404,6809.607099033984
Dwarka-Sector_8,2024,11,7739.305868524088,7003.883740964404,6809.607099033984
Dwarka-Sector_8,2024,12,7739.305868524088,7003.883740964404,6809.607099033984
Dwarka-Sector_8,2025,1,7739.305868524088,7003.883740964404,6809.607099033984
Dwarka-Sector_8,2025,2,7739.305868524088,7003.883740964404,6809.607099033984
Dwarka-Sector_8,2025,3,7739.305868524088,7003.883740964404,6809.607099033984
Dwarka-Sector_8,2025,4,7739.305868524088,7003.883740964404,6809.607099033984
Dwarka-Sector_8,2025,5,7739.305868524088,7003.883740964404,6809.607099033984
Dwarka-Sector_8,2025,6,7739.305868524088,7003.883740964404,6809.607099033984
Dwarka-Sector_8,2025,7,7739.305868524088,7003.883740964404,6809.607099033984
Dwarka-Sector_8,2025,8,7739.305868524088,7003.883740964404,6809.607099033984
Dwarka-Sector_8,2025,9,7739.305868524088,7003.883740964404,6809.607099033984
Dwarka-Sector_8,2025,10,7739.305868524088,7003.883740964404,6809.607099033984
Dwarka-Sector_8,2025,11,7739.305868524088,7003.883740964404,6809.607099033984
Dwarka-Sector_8,2025,12,7739.305868524088,7003.883740964404,6809.607099033984
IGI_Airport_(T3),2022,1,6783.537678670661,6404.084202639956,5170.984229371196
IGI_Airport_(T3),2022,2,6783.537678670661,6404.084202639956,5170.984229371196
IGI_Airport_(T3),2022,3,6783.537678670661,6404.084202639956,5170.984229371196
IGI_Airport_(T3),2022,4,6783.537678670661,6404.084202639956,5170.984229371196
IGI_Airport_(T3),2022,5,6783.537678670661,6404.084202639956,5170.984229371196
IGI_Airport_(T3),2022,6,6783.537678670661,6404.084202639956,5170.984229371196
IGI_Airport_(T3),2022,7,6783.537678670661,6404.084202639956,5170.984229371196
IGI_Airport_(T3),2022,8,6783.537678670661,6404.084202639956,5170.984229371196
IGI_Airport_(T3),2022,9,6783.537678670661,6404.084202639956,5170.984229371196
IGI_Airport_(T3),2022,10,6783.537678670661,6404.084202639956,5170.984229371196
IGI_Airport_(T3),2022,11,6783.537678670661,6404.084202639956,5170.984229371196
IGI_Airport_(T3),2022,12,6783.537678670661,6404.084202639956,5170.984229371196
IGI_Airport_(T3),2023,1,6783.537678670661,6404.084202639956,5170.984229371196
IGI_Airport_(T3),2023,2,6783.537678670661,6404.084202639956,5170.984229371196
IGI_Airport_(T3),2023,3,6783.537678670661,6404.084202639956,5170.984229371196
IGI_Airport_(T3),2023,4,6783.537678670661,6404.084202639956,5170.984229371196
IGI_Airport_(T3),2023,5,6783.537678670661,6404.084202639956,5170.984229371196
IGI_Airport_(T3),2023,6,6783.537678670661,6404.084202639956,5170.984229371196
IGI_Airport_(T3),2023,7,6783.537678670661,6404.084202639956,5170.984229371196
IGI_Airport_(T3),2023,8,6783.537678670661,6404.084202639956,5170.984229371196
IGI_Airport_(T3),2023,9,6783.537678670661,6404.084202639956,5170.984229371196
IGI_Airport_(T3),2023,10,6783.537678670661,6404.084202639956,5170.984229371196
IGI_Airport_(T3),2023,11,6783.537678670661,6404.084202639956,5170.984229371196
IGI_Airport_(T3),2023,12,6783.537678670661,6404.084202639956,5170.984229371196
IGI_Airport_(T3),2024,1,6783.537678670661,6404.084202639956,5170.984229371196
IGI_Airport_(T3),2024,2,6783.537678670661,6404.084202639956,5170.984229371196
IGI_Airport_(T3),2024,3,6783.537678670661,6404.084202639956,5170.984229371196
IGI_Airport_(T3),2024,4,6783.537678670661,6404.084202639956,5170.984229371196
IGI_Airport_(T3),2024,5,6783.537678670661,6404.084202639956,5170.984229371196
IGI_Airport_(T3),2024,6,6783.537678670661,6404.084202639956,5170.984229371196
IGI_Airport_(T3),2024,7,6783.537678670661,6404.084202639956,5170.984229371196
IGI_Airport_(T3),2024,8,6783.537678670661,6404.084202639956,5170.984229371196
IGI_Airport_(T3),2024,9,6783.537678670661,6404.084202639956,5170.984229371196
IGI_Airport_(T3),2024,10,6783.537678670661,6404.084202639956,5170.984229371196
IGI_Airport_(T3),2024,11,6783.537678670661,6404.084202639956,5170.984229371196
IGI_Airport_(T3),2024,12,6783.537678670661,6404.084202639956,5170.984229371196
IGI_Airport_(T3),2025,1,6783.537678670661,6404.084202639956,5170.984229371196
IGI_Airport_(T3),2025,2,6783.537678670661,6404.084202639956,5170.984229371196
IGI_Airport_(T3),2025,3,6783.537678670661,6404.084202639956,5170.984229371196
IGI_Airport_(T3),2025,4,6783.537678670661,6404.084202639956,5170.984229371196
IGI_Airport_(T3),2025,5,6783.537678670661,6404.084202639956,5170.984229371196
IGI_Airport_(T3),2025,6,6783.537678670661,6404.084202639956,5170.984229371196
IGI_Airport_(T3),2025,7,6783.537678670661,6404.084202639956,5170.984229371196
IGI_Airport_(T3),2025,8,6783.537678670661,6404.084202639956,5170.984229371196
IGI_Airport_(T3),2025,9,6783.537678670661,6404.084202639956,5170.984229371196
IGI_Airport_(T3),2025,10,6783.537678670661,6404.084202639956,5170.984229371196
IGI_Airport_(T3),2025,11,6783.537678670661,6404.084202639956,5170.984229371196
IGI_Airport_(T3),2025,12,6783.537678670661,6404.084202639956,5170.984229371196
IHBAS_Dilshad_Garden,2022,1,38667.09605716938,42118.36891489217,46025.41701624867
IHBAS_Dilshad_Garden,2022,2,38667.09605716938,42118.36891489217,46025.41701624867
IHBAS_Dilshad_Garden,2022,3,38667.09605716938,42118.36891489217,46025.41701624867
IHBAS_Dilshad_Garden,2022,4,38667.09605716938,42118.36891489217,46025.41701624867
IHBAS_Dilshad_Garden,2022,5,38667.09605716938,42118.36891489217,46025.41701624867
IHBAS_Dilshad_Garden,2022,6,38667.09605716938,42118.36891489217,46025.41701624867
IHBAS_Dilshad_Garden,2022,7,38667.09605716938,42118.36891489217,46025.41701624867
IHBAS_Dilshad_Garden,2022,8,38667.09605716938,42118.36891489217,46025.41701624867
IHBAS_Dilshad_Garden,2022,9,38667.09605716938,42118.36891489217,46025.41701624867
IHBAS_Dilshad_Garden,2022,10,38667.09605716938,42118.36891489217,46025.41701624867
IHBAS_Dilshad_Garden,2022,11,38667.09605716938,42118.36891489217,46025.41701624867
IHBAS_Dilshad_Garden,2022,12,38667.09605716938,42118.36891489217,46025.41701624867
IHBAS_Dilshad_Garden,2023,1,38667.09605716938,42118.36891489217,46025.41701624867
IHBAS_Dilshad_Garden,2023,2,38667.09605716938,42118.36891489217,46025.41701624867
IHBAS_Dilshad_Garden,2023,3,38667.09605716938,42118.36891489217,46025.41701624867
IHBAS_Dilshad_Garden,2023,4,38667.09605716938,42118.36891489217,46025.41701624867
IHBAS_Dilshad_Garden,2023,5,38667.09605716938,42118.36891489217,46025.41701624867
IHBAS_Dilshad_Garden,2023,6,38667.09605716938,42118.36891489217,46025.41701624867
IHBAS_Dilshad_Garden,2023,7,38667.09605716938,42118.36891489217,46025.41701624867
IHBAS_Dilshad_Garden,2023,8,38667.09605716938,42118.36891489217,46025.41701624867
IHBAS_Dilshad_Garden,2023,9,38667.09605716938,42118.36891489217,46025.41701624867
IHBAS_Dilshad_Garden,2023,10,38667.09605716938,42118.36891489217,46025.41701624867
IHBAS_Dilshad_Garden,2023,11,38667.09605716938,42118.36891489217,46025.41701624867
IHBAS_Dilshad_Garden,2023,12,38667.09605716938,42118.36891489217,46025.41701624867
IHBAS_Dilshad_Garden,2024,1,38667.09605716938,42118.36891489217,46025.41701624867
IHBAS_Dilshad_Garden,2024,2,38667.09605716938,42118.36891489217,46025.41701624867
IHBAS_Dilshad_Garden,2024,3,38667.09605716938,42118.36891489217,46025.41701624867
IHBAS_Dilshad_Garden,2024,4,38667.09605716938,42118.36891489217,46025.41701624867
IHBAS_Dilshad_Garden,2024,5,38667.09605716938,42118.36891489217,46025.41701624867
IHBAS_Dilshad_Garden,2024,6,38667.09605716938,42118.36891489217,46025.41701624867
IHBAS_Dilshad_Garden,2024,7,38667.09605716938,42118.36891489217,46025.41701624867
IHBAS_Dilshad_Garden,2024,8,38667.09605716938,42118.36891489217,46025.41701624867
IHBAS_Dilshad_Garden,2024,9,38667.09605716938,42118.36891489217,46025.41701624867
IHBAS_Dilshad_Garden,2024,10,38667.09605716938,42118.36891489217,46025.41701624867
IHBAS_Dilshad_Garden,2024,11,38667.09605716938,42118.36891489217,46025.41701624867
IHBAS_Dilshad_Garden,2024,12,38667.09605716938,42118.36891489217,46025.41701624867
IHBAS_Dilshad_Garden,2025,1,38667.09605716938,42118.36891489217,46025.41701624867
IHBAS_Dilshad_Garden,2025,2,38667.09605716938,42118.36891489217,46025.41701624867
IHBAS_Dilshad_Garden,2025,3,38667.09605716938,42118.36891489217,46025.41701624867
IHBAS_Dilshad_Garden,2025,4,38667.09605716938,42118.36891489217,46025.41701624867
IHBAS_Dilshad_Garden,2025,5,38667.09605716938,42118.36891489217,46025.41701624867
IHBAS_Dilshad_Garden,2025,6,38667.09605716938,42118.36891489217,46025.41701624867
IHBAS_Dilshad_Garden,2025,7,38667.09605716938,42118.36891489217,46025.41701624867
IHBAS_Dilshad_Garden,2025,8,38667.09605716938,42118.36891489217,46025.41701624867
IHBAS_Dilshad_Garden,2025,9,38667.09605716938,42118.36891489217,46025.41701624867
IHBAS_Dilshad_Garden,2025,10,38667.09605716938,42118.36891489217,46025.41701624867
IHBAS_Dilshad_Garden,2025,11,38667.09605716938,42118.36891489217,46025.41701624867
IHBAS_Dilshad_Garden,2025,12,38667.09605716938,42118.36891489217,46025.41701624867
IIT_Delhi,2025,12,14029.4320988896,12541.723139928481,11354.228817576626
IMD_Lodhi_Road,2022,1,3861.7725655092663,4855.071445181415,6932.306869585846
IMD_Lodhi_Road,2022,2,3861.7725655092663,4855.071445181415,6932.306869585846
IMD_Lodhi_Road,2022,3,3861.7725655092663,4855.071445181415,6932.306869585846
IMD_Lodhi_Road,2022,4,3861.7725655092663,4855.071445181415,6932.306869585846
IMD_Lodhi_Road,2022,5,3861.7725655092663,4855.071445181415,6932.306869585846
IMD_Lodhi_Road,2022,6,3861.7725655092663,4855.071445181415,6932.306869585846
IMD_Lodhi_Road,2022,7,3861.7725655092663,4855.071445181415,6932.306869585846
IMD_Lodhi_Road,2022,8,3861.7725655092663,4855.071445181415,6932.306869585846
IMD_Lodhi_Road,2022,9,3861.7725655092663,4855.071445181415,6932.306869585846
IMD_Lodhi_Road,2022,10,3861.7725655092663,4855.071445181415,6932.306869585846
IMD_Lodhi_Road,2022,11,3861.7725655092663,4855.071445181415,6932.306869585846
IMD_Lodhi_Road,2022,12,3861.7725655092663,4855.071445181415,6932.306869585846
IMD_Lodhi_Road,2023,1,3861.7725655092663,4855.071445181415,6932.306869585846
IMD_Lodhi_Road,2023,2,3861.7725655092663,4855.071445181415,6932.306869585846
IMD_Lodhi_Road,2023,3,3861.7725655092663,4855.071445181415,6932.306869585846
IMD_Lodhi_Road,2023,4,3861.7725655092663,4855.071445181415,6932.306869585846
IMD_Lodhi_Road,2023,5,3861.7725655092663,4855.071445181415,6932.306869585846
IMD_Lodhi_Road,2023,6,3861.7725655092663,4855.071445181415,6932.306869585846
IMD_Lodhi_Road,2023,7,3861.7725655092663,4855.071445181415,6932.306869585846
IMD_Lodhi_Road,2023,8,3861.7725655092663,4855.071445181415,6932.306869585846
IMD_Lodhi_Road,2023,9,3861.7725655092663,4855.071445181415,6932.306869585846
IMD_Lodhi_Road,2023,10,3861.7725655092663,4855.071445181415,6932.306869585846
IMD_Lodhi_Road,2023,11,3861.7725655092663,4855.071445181415,6932.306869585846
IMD_Lodhi_Road,2023,12,3861.7725655092663,4855.071445181415,6932.306869585846
IMD_Lodhi_Road,2024,1,3861.7725655092663,4855.071445181415,6932.306869585846
IMD_Lodhi_Road,2024,2,3861.7725655092663,4855.071445181415,6932.306869585846
IMD_Lodhi_Road,2024,3,3861.7725655092663,4855.071445181415,6932.306869585846
IMD_Lodhi_Road,2024,4,3861.7725655092663,4855.071445181415,6932.306869585846
IMD_Lodhi_Road,2024,5,3861.7725655092663,4855.071445181415,6932.306869585846
IMD_Lodhi_Road,2024,6,3861.7725655092663,4855.071445181415,6932.306869585846
IMD_Lodhi_Road,2024,7,3861.7725655092663,4855.071445181415,6932.306869585846
IMD_Lodhi_Road,2024,8,3861.7725655092663,4855.071445181415,6932.306869585846
IMD_Lodhi_Road,2024,9,3861.7725655092663,4855.071445181415,6932.306869585846
IMD_Lodhi_Road,2024,10,3861.7725655092663,4855.071445181415,6932.306869585846
IMD_Lodhi_Road,2024,11,3861.7725655092663,4855.071445181415,6932.306869585846
IMD_Lodhi_Road,2024,12,3861.7725655092663,4855.071445181415,6932.306869585846
IMD_Lodhi_Road,2025,1,3861.7725655092663,4855.071445181415,6932.306869585846
IMD_Lodhi_Road,2025,2,3861.7725655092663,4855.071445181415,6932.306869585846
IMD_Lodhi_Road,2025,3,3861.7725655092663,4855.071445181415,6932.306869585846
IMD_Lodhi_Road,2025,4,3861.7725655092663,4855.071445181415,6932.306869585846
IMD_Lodhi_Road,2025,5,3861.7725655092663,4855.071445181415,6932.306869585846
IMD_Lodhi_Road,2025,6,3861.7725655092663,4855.071445181415,6932.306869585846
IMD_Lodhi_Road,2025,7,3861.7725655092663,4855.071445181415,6932.306869585846
IMD_Lodhi_Road,2025,9,3861.7725655092663,4855.071445181415,6932.306869585846
IMD_Lodhi_Road,2025,10,3861.7725655092663,4855.071445181415,6932.306869585846
IMD_Lodhi_Road,2025,11,3861.7725655092663,4855.071445181415,6932.306869585846
IMD_Lodhi_Road,2025,12,3861.7725655092663,4855.071445181415,6932.306869585846
ITO,2022,1,1126.4563231415204,1241.159488870593,5033.7770516154
ITO,2022,2,1126.4563231415204,1241.159488870593,5033.7770516154
ITO,2022,3,1126.4563231415204,1241.159488870593,5033.7770516154
ITO,2022,4,1126.4563231415204,1241.159488870593,5033.7770516154
ITO,2022,5,1126.4563231415204,1241.159488870593,5033.7770516154
ITO,2022,6,1126.4563231415204,1241.159488870593,5033.7770516154
ITO,2022,7,1126.4563231415204,1241.159488870593,5033.7770516154
ITO,2022,8,1126.4563231415204,1241.159488870593,5033.7770516154
ITO,2022,9,1126.4563231415204,1241.159488870593,5033.7770516154
ITO,2022,10,1126.4563231415204,1241.159488870593,5033.7770516154
ITO,2022,11,1126.4563231415204,1241.159488870593,5033.7770516154
ITO,2022,12,1126.4563231415204,1241.159488870593,5033.7770516154
ITO,2023,1,1126.4563231415204,1241.159488870593,5033.7770516154
ITO,2023,2,1126.4563231415204,1241.159488870593,5033.7770516154
ITO,2023,3,1126.4563231415204,1241.159488870593,5033.7770516154
ITO,2023,4,1126.4563231415204,1241.159488870593,5033.7770516154
ITO,2023,5,1126.4563231415204,1241.159488870593,5033.7770516154
ITO,2023,6,1126.4563231415204,1241.159488870593,5033.7770516154
ITO,2023,7,1126.4563231415204,1241.159488870593,5033.7770516154
ITO,2023,8,1126.4563231415204,1241.159488870593,5033.7770516154
ITO,2023,9,1126.4563231415204,1241.159488870593,5033.7770516154
ITO,2023,10,1126.4563231415204,1241.159488870593,5033.7770516154
ITO,2023,11,1126.4563231415204,1241.159488870593,5033.7770516154
ITO,2023,12,1126.4563231415204,1241.159488870593,5033.7770516154
ITO,2024,1,1126.4563231415204,1241.159488870593,5033.7770516154
ITO,2024,2,1126.4563231415204,1241.159488870593,5033.7770516154
ITO,2024,3,1126.4563231415204,1241.159488870593,5033.7770516154
ITO,2024,4,1126.4563231415204,1241.159488870593,5033.7770516154
ITO,2024,5,1126.4563231415204,1241.159488870593,5033.7770516154
ITO,2024,6,1126.4563231415204,1241.159488870593,5033.7770516154
ITO,2024,7,1126.4563231415204,1241.159488870593,5033.7770516154
ITO,2024,8,1126.4563231415204,1241.159488870593,5033.7770516154
ITO,2024,9,1126.4563231415204,1241.159488870593,5033.7770516154
ITO,2024,10,1126.4563231415204,1241.159488870593,5033.7770516154
ITO,2024,11,1126.4563231415204,1241.159488870593,5033.7770516154
ITO,2024,12,1126.4563231415204,1241.159488870593,5033.7770516154
ITO,2025,1,1126.4563231415204,1241.159488870593,5033.7770516154
ITO,2025,2,1126.4563231415204,1241.159488870593,5033.7770516154
ITO,2025,3,1126.4563231415204,1241.159488870593,5033.7770516154
ITO,2025,4,1126.4563231415204,1241.159488870593,5033.7770516154
ITO,2025,5,1126.4563231415204,1241.159488870593,5033.7770516154
ITO,2025,6,1126.4563231415204,1241.159488870593,5033.7770516154
ITO,2025,7,1126.4563231415204,1241.159488870593,5033.7770516154
ITO,2025,8,1126.4563231415204,1241.159488870593,5033.7770516154
ITO,2025,9,1126.4563231415204,1241.159488870593,5033.7770516154
ITO,2025,10,1126.4563231415204,1241.159488870593,5033.7770516154
ITO,2025,11,1126.4563231415204,1241.159488870593,5033.7770516154
ITO,2025,12,1126.4563231415204,1241.159488870593,5033.7770516154
Jahangirpuri,2022,1,33285.626545770196,32216.690693530272,26592.121790136684
Jahangirpuri,2022,2,33285.626545770196,32216.690693530272,26592.121790136684
Jahangirpuri,2022,3,33285.626545770196,32216.690693530272,26592.121790136684
Jahangirpuri,2022,4,33285.626545770196,32216.690693530272,26592.121790136684
Jahangirpuri,2022,5,33285.626545770196,32216.690693530272,26592.121790136684
Jahangirpuri,2022,6,33285.626545770196,32216.690693530272,26592.121790136684
Jahangirpuri,2022,7,33285.626545770196,32216.690693530272,26592.121790136684
Jahangirpuri,2022,8,33285.626545770196,32216.690693530272,26592.121790136684
Jahangirpuri,2022,9,33285.626545770196,32216.690693530272,26592.121790136684
Jahangirpuri,2022,10,33285.626545770196,32216.690693530272,26592.121790136684
Jahangirpuri,2022,11,33285.626545770196,32216.690693530272,26592.121790136684
Jahangirpuri,2022,12,33285.626545770196,32216.690693530272,26592.121790136684
Jahangirpuri,2023,1,33285.626545770196,32216.690693530272,26592.121790136684
Jahangirpuri,2023,2,33285.626545770196,32216.690693530272,26592.121790136684
Jahangirpuri,2023,3,33285.626545770196,32216.690693530272,26592.121790136684
Jahangirpuri,2023,4,33285.626545770196,32216.690693530272,26592.121790136684
Jahangirpuri,2023,5,33285.626545770196,32216.690693530272,26592.121790136684
Jahangirpuri,2023,6,33285.626545770196,32216.690693530272,26592.121790136684
Jahangirpuri,2023,7,33285.626545770196,32216.690693530272,26592.121790136684
Jahangirpuri,2023,8,33285.626545770196,32216.690693530272,26592.121790136684
Jahangirpuri,2023,9,33285.626545770196,32216.690693530272,26592.121790136684
Jahangirpuri,2023,10,33285.626545770196,32216.690693530272,26592.121790136684
Jahangirpuri,2023,11,33285.626545770196,32216.690693530272,26592.121790136684
Jahangirpuri,2023,12,33285.626545770196,32216.690693530272,26592.121790136684
Jahangirpuri,2024,1,33285.626545770196,32216.690693530272,26592.121790136684
Jahangirpuri,2024,2,33285.626545770196,32216.690693530272,26592.121790136684
Jahangirpuri,2024,3,33285.626545770196,32216.690693530272,26592.121790136684
Jahangirpuri,2024,4,33285.626545770196,32216.690693530272,26592.121790136684
Jahangirpuri,2024,5,33285.626545770196,32216.690693530272,26592.121790136684
Jahangirpuri,2024,6,33285.626545770196,32216.690693530272,26592.121790136684
Jahangirpuri,2024,7,33285.626545770196,32216.690693530272,26592.121790136684
Jahangirpuri,2024,8,33285.626545770196,32216.690693530272,26592.121790136684
Jahangirpuri,2024,9,33285.626545770196,32216.690693530272,26592.121790136684
Jahangirpuri,2024,10,33285.626545770196,32216.690693530272,26592.121790136684
Jahangirpuri,2024,11,33285.626545770196,32216.690693530272,26592.121790136684
Jahangirpuri,2024,12,33285.626545770196,32216.690693530272,26592.121790136684
Jahangirpuri,2025,1,33285.626545770196,32216.690693530272,26592.121790136684
Jahangirpuri,2025,2,33285.626545770196,32216.690693530272,26592.121790136684
Jahangirpuri,2025,3,33285.626545770196,32216.690693530272,26592.121790136684
Jahangirpuri,2025,4,33285.626545770196,32216.690693530272,26592.121790136684
Jahangirpuri,2025,5,33285.626545770196,32216.690693530272,26592.121790136684
Jahangirpuri,2025,6,33285.626545770196,32216.690693530272,26592.121790136684
Jahangirpuri,2025,7,33285.626545770196,32216.690693530272,26592.121790136684
Jahangirpuri,2025,8,33285.626545770196,32216.690693530272,26592.121790136684
Jahangirpuri,2025,9,33285.626545770196,32216.690693530272,26592.121790136684
Jahangirpuri,2025,10,33285.626545770196,32216.690693530272,26592.121790136684
Jahangirpuri,2025,11,33285.626545770196,32216.690693530272,26592.121790136684
Jahangirpuri,2025,12,33285.626545770196,32216.690693530272,26592.121790136684
Jawaharlal_Nehru_Stadium,2022,1,13941.63949543313,15217.937184045966,17309.502149771986
Jawaharlal_Nehru_Stadium,2022,2,13941.63949543313,15217.937184045966,17309.502149771986
Jawaharlal_Nehru_Stadium,2022,3,13941.63949543313,15217.937184045966,17309.502149771986
Jawaharlal_Nehru_Stadium,2022,4,13941.63949543313,15217.937184045966,17309.502149771986
Jawaharlal_Nehru_Stadium,2022,5,13941.63949543313,15217.937184045966,17309.502149771986
Jawaharlal_Nehru_Stadium,2022,6,13941.63949543313,15217.937184045966,17309.502149771986
Jawaharlal_Nehru_Stadium,2022,7,13941.63949543313,15217.937184045966,17309.502149771986
Jawaharlal_Nehru_Stadium,2022,8,13941.63949543313,15217.937184045966,17309.502149771986
Jawaharlal_Nehru_Stadium,2022,9,13941.63949543313,15217.937184045966,17309.502149771986
Jawaharlal_Nehru_Stadium,2022,10,13941.63949543313,15217.937184045966,17309.502149771986
Jawaharlal_Nehru_Stadium,2022,11,13941.63949543313,15217.937184045966,17309.502149771986
Jawaharlal_Nehru_Stadium,2022,12,13941.63949543313,15217.937184045966,17309.502149771986
Jawaharlal_Nehru_Stadium,2023,1,13941.63949543313,15217.937184045966,17309.502149771986
Jawaharlal_Nehru_Stadium,2023,2,13941.63949543313,15217.937184045966,17309.502149771986
Jawaharlal_Nehru_Stadium,2023,3,13941.63949543313,15217.937184045966,17309.502149771986
Jawaharlal_Nehru_Stadium,2023,4,13941.63949543313,15217.937184045966,17309.502149771986
Jawaharlal_Nehru_Stadium,2023,5,13941.63949543313,15217.937184045966,17309.502149771986
Jawaharlal_Nehru_Stadium,2023,6,13941.63949543313,15217.937184045966,17309.502149771986
Jawaharlal_Nehru_Stadium,2023,7,13941.63949543313,15217.937184045966,17309.502149771986
Jawaharlal_Nehru_Stadium,2023,8,13941.63949543313,15217.937184045966,17309.502149771986
Jawaharlal_Nehru_Stadium,2023,9,13941.63949543313,15217.937184045966,17309.502149771986
Jawaharlal_Nehru_Stadium,2023,10,13941.63949543313,15217.937184045966,17309.502149771986
Jawaharlal_Nehru_Stadium,2023,11,13941.63949543313,15217.937184045966,17309.502149771986
Jawaharlal_Nehru_Stadium,2023,12,13941.63949543313,15217.937184045966,17309.502149771986
Jawaharlal_Nehru_Stadium,2024,1,13941.63949543313,15217.937184045966,17309.502149771986
Jawaharlal_Nehru_Stadium,2024,2,13941.63949543313,15217.937184045966,17309.502149771986
Jawaharlal_Nehru_Stadium,2024,3,13941.63949543313,15217.937184045966,17309.502149771986
Jawaharlal_Nehru_Stadium,2024,4,13941.63949543313,15217.937184045966,17309.502149771986
Jawaharlal_Nehru_Stadium,2024,5,13941.63949543313,15217.937184045966,17309.502149771986
Jawaharlal_Nehru_Stadium,2024,6,13941.63949543313,15217.937184045966,17309.502149771986
Jawaharlal_Nehru_Stadium,2024,7,13941.63949543313,15217.937184045966,17309.502149771986
Jawaharlal_Nehru_Stadium,2024,8,13941.63949543313,15217.937184045966,17309.502149771986
Jawaharlal_Nehru_Stadium,2024,9,13941.63949543313,15217.937184045966,17309.502149771986
Jawaharlal_Nehru_Stadium,2024,10,13941.63949543313,15217.937184045966,17309.502149771986
Jawaharlal_Nehru_Stadium,2024,11,13941.63949543313,15217.937184045966,17309.502149771986
Jawaharlal_Nehru_Stadium,2024,12,13941.63949543313,15217.937184045966,17309.502149771986
Jawaharlal_Nehru_Stadium,2025,1,13941.63949543313,15217.937184045966,17309.502149771986
Jawaharlal_Nehru_Stadium,2025,2,13941.63949543313,15217.937184045966,17309.502149771986
Jawaharlal_Nehru_Stadium,2025,3,13941.63949543313,15217.937184045966,17309.502149771986
Jawaharlal_Nehru_Stadium,2025,4,13941.63949543313,15217.937184045966,17309.502149771986
Jawaharlal_Nehru_Stadium,2025,5,13941.63949543313,15217.937184045966,17309.502149771986
Jawaharlal_Nehru_Stadium,2025,6,13941.63949543313,15217.937184045966,17309.502149771986
Jawaharlal_Nehru_Stadium,2025,7,13941.63949543313,15217.937184045966,17309.502149771986
Jawaharlal_Nehru_Stadium,2025,8,13941.63949543313,15217.937184045966,17309.502149771986
Jawaharlal_Nehru_Stadium,2025,9,13941.63949543313,15217.937184045966,17309.502149771986
Jawaharlal_Nehru_Stadium,2025,10,13941.63949543313,15217.937184045966,17309.502149771986
Jawaharlal_Nehru_Stadium,2025,11,13941.63949543313,15217.937184045966,17309.502149771986
Jawaharlal_Nehru_Stadium,2025,12,13941.63949543313,15217.937184045966,17309.502149771986
Major_Dhyan_Chand_National_Stadium,2022,1,1891.3290595167102,1902.3547843690465,1767.9358234101162
Major_Dhyan_Chand_National_Stadium,2022,2,1891.3290595167102,1902.3547843690465,1767.9358234101162
Major_Dhyan_Chand_National_Stadium,2022,3,1891.3290595167102,1902.3547843690465,1767.9358234101162
Major_Dhyan_Chand_National_Stadium,2022,4,1891.3290595167102,1902.3547843690465,1767.9358234101162
Major_Dhyan_Chand_National_Stadium,2022,5,1891.3290595167102,1902.3547843690465,1767.9358234101162
Major_Dhyan_Chand_National_Stadium,2022,6,1891.3290595167102,1902.3547843690465,1767.9358234101162
Major_Dhyan_Chand_National_Stadium,2022,7,1891.3290595167102,1902.3547843690465,1767.9358234101162
Major_Dhyan_Chand_National_Stadium,2022,8,1891.3290595167102,1902.3547843690465,1767.9358234101162
Major_Dhyan_Chand_National_Stadium,2022,9,1891.3290595167102,1902.3547843690465,1767.9358234101162
Major_Dhyan_Chand_National_Stadium,2022,10,1891.3290595167102,1902.3547843690465,1767.9358234101162
Major_Dhyan_Chand_National_Stadium,2022,11,1891.3290595167102,1902.3547843690465,1767.9358234101162
Major_Dhyan_Chand_National_Stadium,2022,12,1891.3290595167102,1902.3547843690465,1767.9358234101162
Major_Dhyan_Chand_National_Stadium,2023,1,1891.3290595167102,1902.3547843690465,1767.9358234101162
Major_Dhyan_Chand_National_Stadium,2023,2,1891.3290595167102,1902.3547843690465,1767.9358234101162
Major_Dhyan_Chand_National_Stadium,2023,3,1891.3290595167102,1902.3547843690465,1767.9358234101162
Major_Dhyan_Chand_National_Stadium,2023,4,1891.3290595167102,1902.3547843690465,1767.9358234101162
Major_Dhyan_Chand_National_Stadium,2023,5,1891.3290595167102,1902.3547843690465,1767.9358234101162
Major_Dhyan_Chand_National_Stadium,2023,6,1891.3290595167102,1902.3547843690465,1767.9358234101162
Major_Dhyan_Chand_National_Stadium,2023,7,1891.3290595167102,1902.3547843690465,1767.9358234101162
Major_Dhyan_Chand_National_Stadium,2023,8,1891.3290595167102,1902.3547843690465,1767.9358234101162
Major_Dhyan_Chand_National_Stadium,2023,9,1891.3290595167102,1902.3547843690465,1767.9358234101162
Major_Dhyan_Chand_National_Stadium,2023,10,1891.3290595167102,1902.3547843690465,1767.9358234101162
Major_Dhyan_Chand_National_Stadium,2023,11,1891.3290595167102,1902.3547843690465,1767.9358234101162
Major_Dhyan_Chand_National_Stadium,2023,12,1891.3290595167102,1902.3547843690465,1767.9358234101162
Major_Dhyan_Chand_National_Stadium,2024,1,1891.3290595167102,1902.3547843690465,1767.9358234101162
Major_Dhyan_Chand_National_Stadium,2024,2,1891.3290595167102,1902.3547843690465,1767.9358234101162
Major_Dhyan_Chand_National_Stadium,2024,3,1891.3290595167102,1902.3547843690465,1767.9358234101162
Major_Dhyan_Chand_National_Stadium,2024,4,1891.3290595167102,1902.3547843690465,1767.9358234101162
Major_Dhyan_Chand_National_Stadium,2024,5,1891.3290595167102,1902.3547843690465,1767.9358234101162
Major_Dhyan_Chand_National_Stadium,2024,6,1891.3290595167102,1902.3547843690465,1767.9358234101162
Major_Dhyan_Chand_National_Stadium,2024,7,1891.3290595167102,1902.3547843690465,1767.9358234101162
Major_Dhyan_Chand_National_Stadium,2024,8,1891.3290595167102,1902.3547843690465,1767.9358234101162
Major_Dhyan_Chand_National_Stadium,2024,9,1891.3290595167102,1902.3547843690465,1767.9358234101162
Major_Dhyan_Chand_National_Stadium,2024,10,1891.3290595167102,1902.3547843690465,1767.9358234101162
Major_Dhyan_Chand_National_Stadium,2024,11,1891.3290595167102,1902.3547843690465,1767.9358234101162
Major_Dhyan_Chand_National_Stadium,2024,12,1891.3290595167102,1902.3547843690465,1767.9358234101162
Major_Dhyan_Chand_National_Stadium,2025,1,1891.3290595167102,1902.3547843690465,1767.9358234101162
Major_Dhyan_Chand_National_Stadium,2025,2,1891.3290595167102,1902.3547843690465,1767.9358234101162
Major_Dhyan_Chand_National_Stadium,2025,3,1891.3290595167102,1902.3547843690465,1767.9358234101162
Major_Dhyan_Chand_National_Stadium,2025,4,1891.3290595167102,1902.3547843690465,1767.9358234101162
Major_Dhyan_Chand_National_Stadium,2025,5,1891.3290595167102,1902.3547843690465,1767.9358234101162
Major_Dhyan_Chand_National_Stadium,2025,6,1891.3290595167102,1902.3547843690465,1767.9358234101162
Major_Dhyan_Chand_National_Stadium,2025,7,1891.3290595167102,1902.3547843690465,1767.9358234101162
Major_Dhyan_Chand_National_Stadium,2025,8,1891.3290595167102,1902.3547843690465,1767.9358234101162
Major_Dhyan_Chand_National_Stadium,2025,9,1891.3290595167102,1902.3547843690465,1767.9358234101162
Major_Dhyan_Chand_National_Stadium,2025,10,1891.3290595167102,1902.3547843690465,1767.9358234101162
Major_Dhyan_Chand_National_Stadium,2025,11,1891.3290595167102,1902.3547843690465,1767.9358234101162
Major_Dhyan_Chand_National_Stadium,2025,12,1891.3290595167102,1902.3547843690465,1767.9358234101162
Mandir_Marg,2022,1,13152.53930253383,13411.65872934271,17771.325657314883
Mandir_Marg,2022,2,13152.53930253383,13411.65872934271,17771.325657314883
Mandir_Marg,2022,3,13152.53930253383,13411.65872934271,17771.325657314883
Mandir_Marg,2022,4,13152.53930253383,13411.65872934271,17771.325657314883
Mandir_Marg,2022,5,13152.53930253383,13411.65872934271,17771.325657314883
Mandir_Marg,2022,6,13152.53930253383,13411.65872934271,17771.325657314883
Mandir_Marg,2022,7,13152.53930253383,13411.65872934271,17771.325657314883
Mandir_Marg,2022,8,13152.53930253383,13411.65872934271,17771.325657314883
Mandir_Marg,2022,9,13152.53930253383,13411.65872934271,17771.325657314883
Mandir_Marg,2022,10,13152.53930253383,13411.65872934271,17771.325657314883
Mandir_Marg,2022,11,13152.53930253383,13411.65872934271,17771.325657314883
Mandir_Marg,2022,12,13152.53930253383,13411.65872934271,17771.325657314883
Mandir_Marg,2023,1,13152.53930253383,13411.65872934271,17771.325657314883
Mandir_Marg,2023,2,13152.53930253383,13411.65872934271,17771.325657314883
Mandir_Marg,2023,3,13152.53930253383,13411.65872934271,17771.325657314883
Mandir_Marg,2023,4,13152.53930253383,13411.65872934271,17771.325657314883
Mandir_Marg,2023,5,13152.53930253383,13411.65872934271,17771.325657314883
Mandir_Marg,2023,6,13152.53930253383,13411.65872934271,17771.325657314883
Mandir_Marg,2023,7,13152.53930253383,13411.65872934271,17771.325657314883
Mandir_Marg,2023,8,13152.53930253383,13411.65872934271,17771.325657314883
Mandir_Marg,2023,9,13152.53930253383,13411.65872934271,17771.325657314883
Mandir_Marg,2023,10,13152.53930253383,13411.65872934271,17771.325657314883
Mandir_Marg,2023,11,13152.53930253383,13411.65872934271,17771.325657314883
Mandir_Marg,2023,12,13152.53930253383,13411.65872934271,17771.325657314883
Mandir_Marg,2024,1,13152.53930253383,13411.65872934271,17771.325657314883
Mandir_Marg,2024,2,13152.53930253383,13411.65872934271,17771.325657314883
Mandir_Marg,2024,3,13152.53930253383,13411.65872934271,17771.325657314883
Mandir_Marg,2024,4,13152.53930253383,13411.65872934271,17771.325657314883
Mandir_Marg,2024,5,13152.53930253383,13411.65872934271,17771.325657314883
Mandir_Marg,2024,6,13152.53930253383,13411.65872934271,17771.325657314883
Mandir_Marg,2024,7,13152.53930253383,13411.65872934271,17771.325657314883
Mandir_Marg,2024,8,13152.53930253383,13411.65872934271,17771.325657314883
Mandir_Marg,2024,9,13152.53930253383,13411.65872934271,17771.325657314883
Mandir_Marg,2024,10,13152.53930253383,13411.65872934271,17771.325657314883
Mandir_Marg,2024,11,13152.53930253383,13411.65872934271,17771.325657314883
Mandir_Marg,2024,12,13152.53930253383,13411.65872934271,17771.325657314883
Mandir_Marg,2025,1,13152.53930253383,13411.65872934271,17771.325657314883
Mandir_Marg,2025,2,13152.53930253383,13411.65872934271,17771.325657314883
Mandir_Marg,2025,3,13152.53930253383,13411.65872934271,17771.325657314883
Mandir_Marg,2025,4,13152.53930253383,13411.65872934271,17771.325657314883
Mandir_Marg,2025,5,13152.53930253383,13411.65872934271,17771.325657314883
Mandir_Marg,2025,6,13152.53930253383,13411.65872934271,17771.325657314883
Mandir_Marg,2025,7,13152.53930253383,13411.65872934271,17771.325657314883
Mandir_Marg,2025,8,13152.53930253383,13411.65872934271,17771.325657314883
Mandir_Marg,2025,9,13152.53930253383,13411.65872934271,17771.325657314883
Mandir_Marg,2025,10,13152.53930253383,13411.65872934271,17771.325657314883
Mandir_Marg,2025,11,13152.53930253383,13411.65872934271,17771.325657314883
Mandir_Marg,2025,12,13152.53930253383,13411.65872934271,17771.325657314883
Mundka,2022,1,16965.123774740066,18659.738491995053,21871.195966379808
Mundka,2022,2,16965.123774740066,18659.738491995053,21871.195966379808
Mundka,2022,3,16965.123774740066,18659.738491995053,21871.195966379808
Mundka,2022,4,16965.123774740066,18659.738491995053,21871.195966379808
Mundka,2022,5,16965.123774740066,18659.738491995053,21871.195966379808
Mundka,2022,6,16965.123774740066,18659.738491995053,21871.195966379808
Mundka,2022,7,16965.123774740066,18659.738491995053,21871.195966379808
Mundka,2022,8,16965.123774740066,18659.738491995053,21871.195966379808
Mundka,2022,9,16965.123774740066,18659.738491995053,21871.195966379808
Mundka,2022,10,16965.123774740066,18659.738491995053,21871.195966379808
Mundka,2022,11,16965.123774740066,18659.738491995053,21871.195966379808
Mundka,2022,12,16965.123774740066,18659.738491995053,21871.195966379808
Mundka,2023,1,16965.123774740066,18659.738491995053,21871.195966379808
Mundka,2023,2,16965.123774740066,18659.738491995053,21871.195966379808
Mundka,2023,3,16965.123774740066,18659.738491995053,21871.195966379808
Mundka,2023,4,16965.123774740066,18659.738491995053,21871.195966379808
Mundka,2023,5,16965.123774740066,18659.738491995053,21871.195966379808
Mundka,2023,6,16965.123774740066,18659.738491995053,21871.195966379808
Mundka,2023,7,16965.123774740066,18659.738491995053,21871.195966379808
Mundka,2023,8,16965.123774740066,18659.738491995053,21871.195966379808
Mundka,2023,9,16965.123774740066,18659.738491995053,21871.195966379808
Mundka,2023,10,16965.123774740066,18659.738491995053,21871.195966379808
Mundka,2023,11,16965.123774740066,18659.738491995053,21871.195966379808
Mundka,2023,12,16965.123774740066,18659.738491995053,21871.195966379808
Mundka,2024,1,16965.123774740066,18659.738491995053,21871.195966379808
Mundka,2024,2,16965.123774740066,18659.738491995053,21871.195966379808
Mundka,2024,3,16965.123774740066,18659.738491995053,21871.195966379808
Mundka,2024,4,16965.123774740066,18659.738491995053,21871.195966379808
Mundka,2024,5,16965.123774740066,18659.738491995053,21871.195966379808
Mundka,2024,6,16965.123774740066,18659.738491995053,21871.195966379808
Mundka,2024,7,16965.123774740066,18659.738491995053,21871.195966379808
Mundka,2024,8,16965.123774740066,18659.738491995053,21871.195966379808
Mundka,2024,9,16965.123774740066,18659.738491995053,21871.195966379808
Mundka,2024,10,16965.123774740066,18659.738491995053,21871.195966379808
Mundka,2024,11,16965.123774740066,18659.738491995053,21871.195966379808
Mundka,2024,12,16965.123774740066,18659.738491995053,21871.195966379808
Mundka,2025,1,16965.123774740066,18659.738491995053,21871.195966379808
Mundka,2025,2,16965.123774740066,18659.738491995053,21871.195966379808
Mundka,2025,3,16965.123774740066,18659.738491995053,21871.195966379808
Mundka,2025,4,16965.123774740066,18659.738491995053,21871.195966379808
Mundka,2025,5,16965.123774740066,18659.738491995053,21871.195966379808
Mundka,2025,6,16965.123774740066,18659.738491995053,21871.195966379808
Mundka,2025,7,16965.123774740066,18659.738491995053,21871.195966379808
Mundka,2025,8,16965.123774740066,18659.738491995053,21871.195966379808
Mundka,2025,9,16965.123774740066,18659.738491995053,21871.195966379808
Mundka,2025,10,16965.123774740066,18659.738491995053,21871.195966379808
Mundka,2025,11,16965.123774740066,18659.738491995053,21871.195966379808
Mundka,2025,12,16965.123774740066,18659.738491995053,21871.195966379808
Najafgarh,2022,1,1186.8527264590111,1136.3531578087031,1290.8757951429677
Najafgarh,2022,2,1186.8527264590111,1136.3531578087031,1290.8757951429677
Najafgarh,2022,3,1186.8527264590111,1136.3531578087031,1290.8757951429677
Najafgarh,2022,4,1186.8527264590111,1136.3531578087031,1290.8757951429677
Najafgarh,2022,5,1186.8527264590111,1136.3531578087031,1290.8757951429677
Najafgarh,2022,6,1186.8527264590111,1136.3531578087031,1290.8757951429677
Najafgarh,2022,7,1186.8527264590111,1136.3531578087031,1290.8757951429677
Najafgarh,2022,8,1186.8527264590111,1136.3531578087031,1290.8757951429677
Najafgarh,2022,9,1186.8527264590111,1136.3531578087031,1290.8757951429677
Najafgarh,2022,10,1186.8527264590111,1136.3531578087031,1290.8757951429677
Najafgarh,2022,11,1186.8527264590111,1136.3531578087031,1290.8757951429677
Najafgarh,2022,12,1186.8527264590111,1136.3531578087031,1290.8757951429677
Najafgarh,2023,1,1186.8527264590111,1136.3531578087031,1290.8757951429677
Najafgarh,2023,2,1186.8527264590111,1136.3531578087031,1290.8757951429677
Najafgarh,2023,3,1186.8527264590111,1136.3531578087031,1290.8757951429677
Najafgarh,2023,4,1186.8527264590111,1136.3531578087031,1290.8757951429677
Najafgarh,2023,5,1186.8527264590111,1136.3531578087031,1290.8757951429677
Najafgarh,2023,6,1186.8527264590111,1136.3531578087031,1290.8757951429677
Najafgarh,2023,7,1186.8527264590111,1136.3531578087031,1290.8757951429677
Najafgarh,2023,8,1186.8527264590111,1136.3531578087031,1290.8757951429677
Najafgarh,2023,9,1186.8527264590111,1136.3531578087031,1290.8757951429677
Najafgarh,2023,10,1186.8527264590111,1136.3531578087031,1290.8757951429677
Najafgarh,2023,11,1186.8527264590111,1136.3531578087031,1290.8757951429677
Najafgarh,2023,12,1186.8527264590111,1136.3531578087031,1290.8757951429677
Najafgarh,2024,1,1186.8527264590111,1136.3531578087031,1290.8757951429677
Najafgarh,2024,2,1186.8527264590111,1136.3531578087031,1290.8757951429677
Najafgarh,2024,3,1186.8527264590111,1136.3531578087031,1290.8757951429677
Najafgarh,2024,4,1186.8527264590111,1136.3531578087031,1290.8757951429677
Najafgarh,2024,5,1186.8527264590111,1136.3531578087031,1290.8757951429677
Najafgarh,2024,6,1186.8527264590111,1136.3531578087031,1290.8757951429677
Najafgarh,2024,7,1186.8527264590111,1136.3531578087031,1290.8757951429677
Najafgarh,2024,8,1186.8527264590111,1136.3531578087031,1290.8757951429677
Najafgarh,2024,9,1186.8527264590111,1136.3531578087031,1290.8757951429677
Najafgarh,2024,10,1186.8527264590111,1136.3531578087031,1290.8757951429677
Najafgarh,2024,11,1186.8527264590111,1136.3531578087031,1290.8757951429677
Najafgarh,2024,12,1186.8527264590111,1136.3531578087031,1290.8757951429677
Najafgarh,2025,1,1186.8527264590111,1136.3531578087031,1290.8757951429677
Najafgarh,2025,2,1186.8527264590111,1136.3531578087031,1290.8757951429677
Najafgarh,2025,3,1186.8527264590111,1136.3531578087031,1290.8757951429677
Najafgarh,2025,4,1186.8527264590111,1136.3531578087031,1290.8757951429677
Najafgarh,2025,5,1186.8527264590111,1136.3531578087031,1290.8757951429677
Najafgarh,2025,6,1186.8527264590111,1136.3531578087031,1290.8757951429677
Najafgarh,2025,7,1186.8527264590111,1136.3531578087031,1290.8757951429677
Najafgarh,2025,8,1186.8527264590111,1136.3531578087031,1290.8757951429677
Najafgarh,2025,9,1186.8527264590111,1136.3531578087031,1290.8757951429677
Najafgarh,2025,10,1186.8527264590111,1136.3531578087031,1290.8757951429677
Najafgarh,2025,11,1186.8527264590111,1136.3531578087031,1290.8757951429677
Najafgarh,2025,12,1186.8527264590111,1136.3531578087031,1290.8757951429677
Narela,2022,1,5381.348031491458,5441.963944239189,5202.53308063167
Narela,2022,2,5381.348031491458,5441.963944239189,5202.53308063167
Narela,2022,3,5381.348031491458,5441.963944239189,5202.53308063167
Narela,2022,4,5381.348031491458,5441.963944239189,5202.53308063167
Narela,2022,5,5381.348031491458,5441.963944239189,5202.53308063167
Narela,2022,6,5381.348031491458,5441.963944239189,5202.53308063167
Narela,2022,7,5381.348031491458,5441.963944239189,5202.53308063167
Narela,2022,8,5381.348031491458,5441.963944239189,5202.53308063167
Narela,2022,9,5381.348031491458,5441.963944239189,5202.53308063167
Narela,2022,10,5381.348031491458,5441.963944239189,5202.53308063167
Narela,2022,11,5381.348031491458,5441.963944239189,5202.53308063167
Narela,2022,12,5381.348031491458,5441.963944239189,5202.53308063167
Narela,2023,1,5381.348031491458,5441.963944239189,5202.53308063167
Narela,2023,2,5381.348031491458,5441.963944239189,5202.53308063167
Narela,2023,3,5381.348031491458,5441.963944239189,5202.53308063167
Narela,2023,4,5381.348031491458,5441.963944239189,5202.53308063167
Narela,2023,5,5381.348031491458,5441.963944239189,5202.53308063167
Narela,2023,6,5381.348031491458,5441.963944239189,5202.53308063167
Narela,2023,7,5381.348031491458,5441.963944239189,5202.53308063167
Narela,2023,8,5381.348031491458,5441.963944239189,5202.53308063167
Narela,2023,9,5381.348031491458,5441.963944239189,5202.53308063167
Narela,2023,10,5381.348031491458,5441.963944239189,5202.53308063167
Narela,2023,11,5381.348031491458,5441.963944239189,5202.53308063167
Narela,2023,12,5381.348031491458,5441.963944239189,5202.53308063167
Narela,2024,1,5381.348031491458,5441.963944239189,5202.53308063167
Narela,2024,2,5381.348031491458,5441.963944239189,5202.53308063167
Narela,2024,3,5381.348031491458,5441.963944239189,5202.53308063167
Narela,2024,4,5381.348031491458,5441.963944239189,5202.53308063167
Narela,2024,5,5381.348031491458,5441.963944239189,5202.53308063167
Narela,2024,6,5381.348031491458,5441.963944239189,5202.53308063167
Narela,2024,7,5381.348031491458,5441.963944239189,5202.53308063167
Narela,2024,8,5381.348031491458,5441.963944239189,5202.53308063167
Narela,2024,9,5381.348031491458,5441.963944239189,5202.53308063167
Narela,2024,10,5381.348031491458,5441.963944239189,5202.53308063167
Narela,2024,11,5381.348031491458,5441.963944239189,5202.53308063167
Narela,2024,12,5381.348031491458,5441.963944239189,5202.53308063167
Narela,2025,1,5381.348031491458,5441.963944239189,5202.53308063167
Narela,2025,2,5381.348031491458,5441.963944239189,5202.53308063167
Narela,2025,3,5381.348031491458,5441.963944239189,5202.53308063167
Narela,2025,4,5381.348031491458,5441.963944239189,5202.53308063167
Narela,2025,5,5381.348031491458,5441.963944239189,5202.53308063167
Narela,2025,6,5381.348031491458,5441.963944239189,5202.53308063167
Narela,2025,7,5381.348031491458,5441.963944239189,5202.53308063167
Narela,2025,8,5381.348031491458,5441.963944239189,5202.53308063167
Narela,2025,9,5381.348031491458,5441.963944239189,5202.53308063167
Narela,2025,10,5381.348031491458,5441.963944239189,5202.53308063167
Narela,2025,11,5381.348031491458,5441.963944239189,5202.53308063167
Narela,2025,12,5381.348031491458,5441.963944239189,5202.53308063167
Nehru_Nagar,2022,1,18003.3533124933,16776.287948933812,16662.680186237245
Nehru_Nagar,2022,2,18003.3533124933,16776.287948933812,16662.680186237245
Nehru_Nagar,2022,3,18003.3533124933,16776.287948933812,16662.680186237245
Nehru_Nagar,2022,4,18003.3533124933,16776.287948933812,16662.680186237245
Nehru_Nagar,2022,5,18003.3533124933,16776.287948933812,16662.680186237245
Nehru_Nagar,2022,6,18003.3533124933,16776.287948933812,16662.680186237245
Nehru_Nagar,2022,7,18003.3533124933,16776.287948933812,16662.680186237245
Nehru_Nagar,2022,8,18003.3533124933,16776.287948933812,16662.680186237245
Nehru_Nagar,2022,9,18003.3533124933,16776.287948933812,16662.680186237245
Nehru_Nagar,2022,10,18003.3533124933,16776.287948933812,16662.680186237245
Nehru_Nagar,2022,11,18003.3533124933,16776.287948933812,16662.680186237245
Nehru_Nagar,2022,12,18003.3533124933,16776.287948933812,16662.680186237245
Nehru_Nagar,2023,1,18003.3533124933,16776.287948933812,16662.680186237245
Nehru_Nagar,2023,2,18003.3533124933,16776.287948933812,16662.680186237245
Nehru_Nagar,2023,3,18003.3533124933,16776.287948933812,16662.680186237245
Nehru_Nagar,2023,4,18003.3533124933,16776.287948933812,16662.680186237245
Nehru_Nagar,2023,5,18003.3533124933,16776.287948933812,16662.680186237245
Nehru_Nagar,2023,6,18003.3533124933,16776.287948933812,16662.680186237245
Nehru_Nagar,2023,7,18003.3533124933,16776.287948933812,16662.680186237245
Nehru_Nagar,2023,8,18003.3533124933,16776.287948933812,16662.680186237245
Nehru_Nagar,2023,9,18003.3533124933,16776.287948933812,16662.680186237245
Nehru_Nagar,2023,10,18003.3533124933,16776.287948933812,16662.680186237245
Nehru_Nagar,2023,11,18003.3533124933,16776.287948933812,16662.680186237245
Nehru_Nagar,2023,12,18003.3533124933,16776.287948933812,16662.680186237245
Nehru_Nagar,2024,1,18003.3533124933,16776.287948933812,16662.680186237245
Nehru_Nagar,2024,2,18003.3533124933,16776.287948933812,16662.680186237245
Nehru_Nagar,2024,3,18003.3533124933,16776.287948933812,16662.680186237245
Nehru_Nagar,2024,4,18003.3533124933,16776.287948933812,16662.680186237245
Nehru_Nagar,2024,5,18003.3533124933,16776.287948933812,16662.680186237245
Nehru_Nagar,2024,6,18003.3533124933,16776.287948933812,16662.680186237245
Nehru_Nagar,2024,7,18003.3533124933,16776.287948933812,16662.680186237245
Nehru_Nagar,2024,8,18003.3533124933,16776.287948933812,16662.680186237245
Nehru_Nagar,2024,9,18003.3533124933,16776.287948933812,16662.680186237245
Nehru_Nagar,2024,10,18003.3533124933,16776.287948933812,16662.680186237245
Nehru_Nagar,2024,11,18003.3533124933,16776.287948933812,16662.680186237245
Nehru_Nagar,2024,12,18003.3533124933,16776.287948933812,16662.680186237245
Nehru_Nagar,2025,1,18003.3533124933,16776.287948933812,16662.680186237245
Nehru_Nagar,2025,2,18003.3533124933,16776.287948933812,16662.680186237245
Nehru_Nagar,2025,3,18003.3533124933,16776.287948933812,16662.680186237245
Nehru_Nagar,2025,4,18003.3533124933,16776.287948933812,16662.680186237245
Nehru_Nagar,2025,5,18003.3533124933,16776.287948933812,16662.680186237245
Nehru_Nagar,2025,6,18003.3533124933,16776.287948933812,16662.680186237245
Nehru_Nagar,2025,7,18003.3533124933,16776.287948933812,16662.680186237245
Nehru_Nagar,2025,8,18003.3533124933,16776.287948933812,16662.680186237245
Nehru_Nagar,2025,9,18003.3533124933,16776.287948933812,16662.680186237245
Nehru_Nagar,2025,10,18003.3533124933,16776.287948933812,16662.680186237245
Nehru_Nagar,2025,11,18003.3533124933,16776.287948933812,16662.680186237245
Nehru_Nagar,2025,12,18003.3533124933,16776.287948933812,16662.680186237245
North_Campus_DU,2022,1,32007.90930513466,32213.225239631367,29691.511272976757
North_Campus_DU,2022,2,32007.90930513466,32213.225239631367,29691.511272976757
North_Campus_DU,2022,3,32007.90930513466,32213.225239631367,29691.511272976757
North_Campus_DU,2022,4,32007.90930513466,32213.225239631367,29691.511272976757
North_Campus_DU,2022,5,32007.90930513466,32213.225239631367,29691.511272976757
North_Campus_DU,2022,6,32007.90930513466,32213.225239631367,29691.511272976757
North_Campus_DU,2022,7,32007.90930513466,32213.225239631367,29691.511272976757
North_Campus_DU,2022,8,32007.90930513466,32213.225239631367,29691.511272976757
North_Campus_DU,2022,9,32007.90930513466,32213.225239631367,29691.511272976757
North_Campus_DU,2022,10,32007.90930513466,32213.225239631367,29691.511272976757
North_Campus_DU,2022,11,32007.90930513466,32213.225239631367,29691.511272976757
North_Campus_DU,2022,12,32007.90930513466,32213.225239631367,29691.511272976757
North_Campus_DU,2023,1,32007.90930513466,32213.225239631367,29691.511272976757
North_Campus_DU,2023,2,32007.90930513466,32213.225239631367,29691.511272976757
North_Campus_DU,2023,3,32007.90930513466,32213.225239631367,29691.511272976757
North_Campus_DU,2023,4,32007.90930513466,32213.225239631367,29691.511272976757
North_Campus_DU,2023,5,32007.90930513466,32213.225239631367,29691.511272976757
North_Campus_DU,2023,6,32007.90930513466,32213.225239631367,29691.511272976757
North_Campus_DU,2023,7,32007.90930513466,32213.225239631367,29691.511272976757
North_Campus_DU,2023,8,32007.90930513466,32213.225239631367,29691.511272976757
North_Campus_DU,2023,9,32007.90930513466,32213.225239631367,29691.511272976757
North_Campus_DU,2023,10,32007.90930513466,32213.225239631367,29691.511272976757
North_Campus_DU,2023,11,32007.90930513466,32213.225239631367,29691.511272976757
North_Campus_DU,2023,12,32007.90930513466,32213.225239631367,29691.511272976757
North_Campus_DU,2024,1,32007.90930513466,32213.225239631367,29691.511272976757
North_Campus_DU,2024,2,32007.90930513466,32213.225239631367,29691.511272976757
North_Campus_DU,2024,3,32007.90930513466,32213.225239631367,29691.511272976757
North_Campus_DU,2024,4,32007.90930513466,32213.225239631367,29691.511272976757
North_Campus_DU,2024,5,32007.90930513466,32213.225239631367,29691.511272976757
North_Campus_DU,2024,6,32007.90930513466,32213.225239631367,29691.511272976757
North_Campus_DU,2024,7,32007.90930513466,32213.225239631367,29691.511272976757
North_Campus_DU,2024,8,32007.90930513466,32213.225239631367,29691.511272976757
North_Campus_DU,2024,9,32007.90930513466,32213.225239631367,29691.511272976757
North_Campus_DU,2024,10,32007.90930513466,32213.225239631367,29691.511272976757
North_Campus_DU,2024,11,32007.90930513466,32213.225239631367,29691.511272976757
North_Campus_DU,2024,12,32007.90930513466,32213.225239631367,29691.511272976757
North_Campus_DU,2025,1,32007.90930513466,32213.225239631367,29691.511272976757
North_Campus_DU,2025,2,32007.90930513466,32213.225239631367,29691.511272976757
North_Campus_DU,2025,3,32007.90930513466,32213.225239631367,29691.511272976757
North_Campus_DU,2025,4,32007.90930513466,32213.225239631367,29691.511272976757
North_Campus_DU,2025,5,32007.90930513466,32213.225239631367,29691.511272976757
North_Campus_DU,2025,6,32007.90930513466,32213.225239631367,29691.511272976757
North_Campus_DU,2025,7,32007.90930513466,32213.225239631367,29691.511272976757
North_Campus_DU,2025,8,32007.90930513466,32213.225239631367,29691.511272976757
North_Campus_DU,2025,9,32007.90930513466,32213.225239631367,29691.511272976757
North_Campus_DU,2025,10,32007.90930513466,32213.225239631367,29691.511272976757
North_Campus_DU,2025,11,32007.90930513466,32213.225239631367,29691.511272976757
North_Campus_DU,2025,12,32007.90930513466,32213.225239631367,29691.511272976757
Okhla_Phase-2,2022,1,22871.193072505375,22178.503049495153,21411.21811244252
Okhla_Phase-2,2022,2,22871.193072505375,22178.503049495153,21411.21811244252
Okhla_Phase-2,2022,3,22871.193072505375,22178.503049495153,21411.21811244252
Okhla_Phase-2,2022,4,22871.193072505375,22178.503049495153,21411.21811244252
Okhla_Phase-2,2022,5,22871.193072505375,22178.503049495153,21411.21811244252
Okhla_Phase-2,2022,6,22871.193072505375,22178.503049495153,21411.21811244252
Okhla_Phase-2,2022,7,22871.193072505375,22178.503049495153,21411.21811244252
Okhla_Phase-2,2022,8,22871.193072505375,22178.503049495153,21411.21811244252
Okhla_Phase-2,2022,9,22871.193072505375,22178.503049495153,21411.21811244252
Okhla_Phase-2,2022,10,22871.193072505375,22178.503049495153,21411.21811244252
Okhla_Phase-2,2022,11,22871.193072505375,22178.503049495153,21411.21811244252
Okhla_Phase-2,2022,12,22871.193072505375,22178.503049495153,21411.21811244252
Okhla_Phase-2,2023,1,22871.193072505375,22178.503049495153,21411.21811244252
Okhla_Phase-2,2023,2,22871.193072505375,22178.503049495153,21411.21811244252
Okhla_Phase-2,2023,3,22871.193072505375,22178.503049495153,21411.21811244252
Okhla_Phase-2,2023,4,22871.193072505375,22178.503049495153,21411.21811244252
Okhla_Phase-2,2023,5,22871.193072505375,22178.503049495153,21411.21811244252
Okhla_Phase-2,2023,6,22871.193072505375,22178.503049495153,21411.21811244252
Okhla_Phase-2,2023,7,22871.193072505375,22178.503049495153,21411.21811244252
Okhla_Phase-2,2023,8,22871.193072505375,22178.503049495153,21411.21811244252
Okhla_Phase-2,2023,9,22871.193072505375,22178.503049495153,21411.21811244252
Okhla_Phase-2,2023,10,22871.193072505375,22178.503049495153,21411.21811244252
Okhla_Phase-2,2023,11,22871.193072505375,22178.503049495153,21411.21811244252
Okhla_Phase-2,2023,12,22871.193072505375,22178.503049495153,21411.21811244252
Okhla_Phase-2,2024,1,22871.193072505375,22178.503049495153,21411.21811244252
Okhla_Phase-2,2024,2,22871.193072505375,22178.503049495153,21411.21811244252
Okhla_Phase-2,2024,3,22871.193072505375,22178.503049495153,21411.21811244252
Okhla_Phase-2,2024,4,22871.193072505375,22178.503049495153,21411.21811244252
Okhla_Phase-2,2024,5,22871.193072505375,22178.503049495153,21411.21811244252
Okhla_Phase-2,2024,6,22871.193072505375,22178.503049495153,21411.21811244252
Okhla_Phase-2,2024,7,22871.193072505375,22178.503049495153,21411.21811244252
Okhla_Phase-2,2024,8,22871.193072505375,22178.503049495153,21411.21811244252
Okhla_Phase-2,2024,9,22871.193072505375,22178.503049495153,21411.21811244252
Okhla_Phase-2,2024,10,22871.193072505375,22178.503049495153,21411.21811244252
Okhla_Phase-2,2024,11,22871.193072505375,22178.503049495153,21411.21811244252
Okhla_Phase-2,2024,12,22871.193072505375,22178.503049495153,21411.21811244252
Okhla_Phase-2,2025,1,22871.193072505375,22178.503049495153,21411.21811244252
Okhla_Phase-2,2025,2,22871.193072505375,22178.503049495153,21411.21811244252
Okhla_Phase-2,2025,3,22871.193072505375,22178.503049495153,21411.21811244252
Okhla_Phase-2,2025,4,22871.193072505375,22178.503049495153,21411.21811244252
Okhla_Phase-2,2025,5,22871.193072505375,22178.503049495153,21411.21811244252
Okhla_Phase-2,2025,6,22871.193072505375,22178.503049495153,21411.21811244252
Okhla_Phase-2,2025,7,22871.193072505375,22178.503049495153,21411.21811244252
Okhla_Phase-2,2025,8,22871.193072505375,22178.503049495153,21411.21811244252
Okhla_Phase-2,2025,9,22871.193072505375,22178.503049495153,21411.21811244252
Okhla_Phase-2,2025,10,22871.193072505375,22178.503049495153,21411.21811244252
Okhla_Phase-2,2025,11,22871.193072505375,22178.503049495153,21411.21811244252
Okhla_Phase-2,2025,12,22871.193072505375,22178.503049495153,21411.21811244252
Patparganj,2022,1,29657.94402758144,33437.650295018415,32328.581874775566
Patparganj,2022,2,29657.94402758144,33437.650295018415,32328.581874775566
Patparganj,2022,3,29657.94402758144,33437.650295018415,32328.581874775566
Patparganj,2022,4,29657.94402758144,33437.650295018415,32328.581874775566
Patparganj,2022,5,29657.94402758144,33437.650295018415,32328.581874775566
Patparganj,2022,6,29657.94402758144,33437.650295018415,32328.581874775566
Patparganj,2022,7,29657.94402758144,33437.650295018415,32328.581874775566
Patparganj,2022,8,29657.94402758144,33437.650295018415,32328.581874775566
Patparganj,2022,9,29657.94402758144,33437.650295018415,32328.581874775566
Patparganj,2022,10,29657.94402758144,33437.650295018415,32328.581874775566
Patparganj,2022,11,29657.94402758144,33437.650295018415,32328.581874775566
Patparganj,2022,12,29657.94402758144,33437.650295018415,32328.581874775566
Patparganj,2023,1,29657.94402758144,33437.650295018415,32328.581874775566
Patparganj,2023,2,29657.94402758144,33437.650295018415,32328.581874775566
Patparganj,2023,3,29657.94402758144,33437.650295018415,32328.581874775566
Patparganj,2023,4,29657.94402758144,33437.650295018415,32328.581874775566
Patparganj,2023,5,29657.94402758144,33437.650295018415,32328.581874775566
Patparganj,2023,6,29657.94402758144,33437.650295018415,32328.581874775566
Patparganj,2023,7,29657.94402758144,33437.650295018415,32328.581874775566
Patparganj,2023,8,29657.94402758144,33437.650295018415,32328.581874775566
Patparganj,2023,9,29657.94402758144,33437.650295018415,32328.581874775566
Patparganj,2023,10,29657.94402758144,33437.650295018415,32328.581874775566
Patparganj,2023,11,29657.94402758144,33437.650295018415,32328.581874775566
Patparganj,2023,12,29657.94402758144,33437.650295018415,32328.581874775566
Patparganj,2024,1,29657.94402758144,33437.650295018415,32328.581874775566
Patparganj,2024,2,29657.94402758144,33437.650295018415,32328.581874775566
Patparganj,2024,3,29657.94402758144,33437.650295018415,32328.581874775566
Patparganj,2024,4,29657.94402758144,33437.650295018415,32328.581874775566
Patparganj,2024,5,29657.94402758144,33437.650295018415,32328.581874775566
Patparganj,2024,6,29657.94402758144,33437.650295018415,32328.581874775566
Patparganj,2024,7,29657.94402758144,33437.650295018415,32328.581874775566
Patparganj,2024,8,29657.94402758144,33437.650295018415,32328.581874775566
Patparganj,2024,9,29657.94402758144,33437.650295018415,32328.581874775566
Patparganj,2024,10,29657.94402758144,33437.650295018415,32328.581874775566
Patparganj,2024,11,29657.94402758144,33437.650295018415,32328.581874775566
Patparganj,2024,12,29657.94402758144,33437.650295018415,32328.581874775566
Patparganj,2025,1,29657.94402758144,33437.650295018415,32328.581874775566
Patparganj,2025,2,29657.94402758144,33437.650295018415,32328.581874775566
Patparganj,2025,3,29657.94402758144,33437.650295018415,32328.581874775566
Patparganj,2025,4,29657.94402758144,33437.650295018415,32328.581874775566
Patparganj,2025,5,29657.94402758144,33437.650295018415,32328.581874775566
Patparganj,2025,6,29657.94402758144,33437.650295018415,32328.581874775566
Patparganj,2025,7,29657.94402758144,33437.650295018415,32328.581874775566
Patparganj,2025,8,29657.94402758144,33437.650295018415,32328.581874775566
Patparganj,2025,9,29657.94402758144,33437.650295018415,32328.581874775566
Patparganj,2025,10,29657.94402758144,33437.650295018415,32328.581874775566
Patparganj,2025,11,29657.94402758144,33437.650295018415,32328.581874775566
Patparganj,2025,12,29657.94402758144,33437.650295018415,32328.581874775566
Punjabi_Bagh,2022,1,26359.84630519116,25332.58016318977,24336.471270832953
Punjabi_Bagh,2022,2,26359.84630519116,25332.58016318977,24336.471270832953
Punjabi_Bagh,2022,3,26359.84630519116,25332.58016318977,24336.471270832953
Punjabi_Bagh,2022,4,26359.84630519116,25332.58016318977,24336.471270832953
Punjabi_Bagh,2022,5,26359.84630519116,25332.58016318977,24336.471270832953
Punjabi_Bagh,2022,6,26359.84630519116,25332.58016318977,24336.471270832953
Punjabi_Bagh,2022,7,26359.84630519116,25332.58016318977,24336.471270832953
Punjabi_Bagh,2022,8,26359.84630519116,25332.58016318977,24336.471270832953
Punjabi_Bagh,2022,9,26359.84630519116,25332.58016318977,24336.471270832953
Punjabi_Bagh,2022,10,26359.84630519116,25332.58016318977,24336.471270832953
Punjabi_Bagh,2022,11,26359.84630519116,25332.58016318977,24336.471270832953
Punjabi_Bagh,2022,12,26359.84630519116,25332.58016318977,24336.471270832953
Punjabi_Bagh,2023,1,26359.84630519116,25332.58016318977,24336.471270832953
Punjabi_Bagh,2023,2,26359.84630519116,25332.58016318977,24336.471270832953
Punjabi_Bagh,2023,3,26359.84630519116,25332.58016318977,24336.471270832953
Punjabi_Bagh,2023,4,26359.84630519116,25332.58016318977,24336.471270832953
Punjabi_Bagh,2023,5,26359.84630519116,25332.58016318977,24336.471270832953
Punjabi_Bagh,2023,6,26359.84630519116,25332.58016318977,24336.471270832953
Punjabi_Bagh,2023,7,26359.84630519116,25332.58016318977,24336.471270832953
Punjabi_Bagh,2023,8,26359.84630519116,25332.58016318977,24336.471270832953
Punjabi_Bagh,2023,9,26359.84630519116,25332.58016318977,24336.471270832953
Punjabi_Bagh,2023,10,26359.84630519116,25332.58016318977,24336.471270832953
Punjabi_Bagh,2023,11,26359.84630519116,25332.58016318977,24336.471270832953
Punjabi_Bagh,2023,12,26359.84630519116,25332.58016318977,24336.471270832953
Punjabi_Bagh,2024,1,26359.84630519116,25332.58016318977,24336.471270832953
Punjabi_Bagh,2024,2,26359.84630519116,25332.58016318977,24336.471270832953
Punjabi_Bagh,2024,3,26359.84630519116,25332.58016318977,24336.471270832953
Punjabi_Bagh,2024,4,26359.84630519116,25332.58016318977,24336.471270832953
Punjabi_Bagh,2024,5,26359.84630519116,25332.58016318977,24336.471270832953
Punjabi_Bagh,2024,6,26359.84630519116,25332.58016318977,24336.471270832953
Punjabi_Bagh,2024,7,26359.84630519116,25332.58016318977,24336.471270832953
Punjabi_Bagh,2024,8,26359.84630519116,25332.58016318977,24336.471270832953
Punjabi_Bagh,2024,9,26359.84630519116,25332.58016318977,24336.471270832953
Punjabi_Bagh,2024,10,26359.84630519116,25332.58016318977,24336.471270832953
Punjabi_Bagh,2024,11,26359.84630519116,25332.58016318977,24336.471270832953
Punjabi_Bagh,2024,12,26359.84630519116,25332.58016318977,24336.471270832953
Punjabi_Bagh,2025,1,26359.84630519116,25332.58016318977,24336.471270832953
Punjabi_Bagh,2025,2,26359.84630519116,25332.58016318977,24336.471270832953
Punjabi_Bagh,2025,3,26359.84630519116,25332.58016318977,24336.471270832953
Punjabi_Bagh,2025,4,26359.84630519116,25332.58016318977,24336.471270832953
Punjabi_Bagh,2025,5,26359.84630519116,25332.58016318977,24336.471270832953
Punjabi_Bagh,2025,6,26359.84630519116,25332.58016318977,24336.471270832953
Punjabi_Bagh,2025,7,26359.84630519116,25332.58016318977,24336.471270832953
Punjabi_Bagh,2025,8,26359.84630519116,25332.58016318977,24336.471270832953
Punjabi_Bagh,2025,9,26359.84630519116,25332.58016318977,24336.471270832953
Punjabi_Bagh,2025,10,26359.84630519116,25332.58016318977,24336.471270832953
Punjabi_Bagh,2025,11,26359.84630519116,25332.58016318977,24336.471270832953
Punjabi_Bagh,2025,12,26359.84630519116,25332.58016318977,24336.471270832953
R_K_Puram,2022,1,10127.734222566109,9666.55174160625,8660.213932063354
R_K_Puram,2022,2,10127.734222566109,9666.55174160625,8660.213932063354
R_K_Puram,2022,3,10127.734222566109,9666.55174160625,8660.213932063354
R_K_Puram,2022,4,10127.734222566109,9666.55174160625,8660.213932063354
R_K_Puram,2022,5,10127.734222566109,9666.55174160625,8660.213932063354
R_K_Puram,2022,6,10127.734222566109,9666.55174160625,8660.213932063354
R_K_Puram,2022,7,10127.734222566109,9666.55174160625,8660.213932063354
R_K_Puram,2022,8,10127.734222566109,9666.55174160625,8660.213932063354
R_K_Puram,2022,9,10127.734222566109,9666.55174160625,8660.213932063354
R_K_Puram,2022,10,10127.734222566109,9666.55174160625,8660.213932063354
R_K_Puram,2022,11,10127.734222566109,9666.55174160625,8660.213932063354
R_K_Puram,2022,12,10127.734222566109,9666.55174160625,8660.213932063354
R_K_Puram,2023,1,10127.734222566109,9666.55174160625,8660.213932063354
R_K_Puram,2023,2,10127.734222566109,9666.55174160625,8660.213932063354
R_K_Puram,2023,3,10127.734222566109,9666.55174160625,8660.213932063354
R_K_Puram,2023,4,10127.734222566109,9666.55174160625,8660.213932063354
R_K_Puram,2023,5,10127.734222566109,9666.55174160625,8660.213932063354
R_K_Puram,2023,6,10127.734222566109,9666.55174160625,8660.213932063354
R_K_Puram,2023,7,10127.734222566109,9666.55174160625,8660.213932063354
R_K_Puram,2023,8,10127.734222566109,9666.55174160625,8660.213932063354
R_K_Puram,2023,9,10127.734222566109,9666.55174160625,8660.213932063354
R_K_Puram,2023,10,10127.734222566109,9666.55174160625,8660.213932063354
R_K_Puram,2023,11,10127.734222566109,9666.55174160625,8660.213932063354
R_K_Puram,2023,12,10127.734222566109,9666.55174160625,8660.213932063354
R_K_Puram,2024,1,10127.734222566109,9666.55174160625,8660.213932063354
R_K_Puram,2024,2,10127.734222566109,9666.55174160625,8660.213932063354
R_K_Puram,2024,3,10127.734222566109,9666.55174160625,8660.213932063354
R_K_Puram,2024,4,10127.734222566109,9666.55174160625,8660.213932063354
R_K_Puram,2024,5,10127.734222566109,9666.55174160625,8660.213932063354
R_K_Puram,2024,6,10127.734222566109,9666.55174160625,8660.213932063354
R_K_Puram,2024,7,10127.734222566109,9666.55174160625,8660.213932063354
R_K_Puram,2024,8,10127.734222566109,9666.55174160625,8660.213932063354
R_K_Puram,2024,9,10127.734222566109,9666.55174160625,8660.213932063354
R_K_Puram,2024,10,10127.734222566109,9666.55174160625,8660.213932063354
R_K_Puram,2024,11,10127.734222566109,9666.55174160625,8660.213932063354
R_K_Puram,2024,12,10127.734222566109,9666.55174160625,8660.213932063354
R_K_Puram,2025,1,10127.734222566109,9666.55174160625,8660.213932063354
R_K_Puram,2025,2,10127.734222566109,9666.55174160625,8660.213932063354
R_K_Puram,2025,3,10127.734222566109,9666.55174160625,8660.213932063354
R_K_Puram,2025,4,10127.734222566109,9666.55174160625,8660.213932063354
R_K_Puram,2025,5,10127.734222566109,9666.55174160625,8660.213932063354
R_K_Puram,2025,6,10127.734222566109,9666.55174160625,8660.213932063354
R_K_Puram,2025,7,10127.734222566109,9666.55174160625,8660.213932063354
R_K_Puram,2025,8,10127.734222566109,9666.55174160625,8660.213932063354
R_K_Puram,2025,9,10127.734222566109,9666.55174160625,8660.213932063354
R_K_Puram,2025,10,10127.734222566109,9666.55174160625,8660.213932063354
R_K_Puram,2025,11,10127.734222566109,9666.55174160625,8660.213932063354
R_K_Puram,2025,12,10127.734222566109,9666.55174160625,8660.213932063354
Rohini,2022,1,17077.66689256199,18197.373726415535,18768.892079536614
Rohini,2022,2,17077.66689256199,18197.373726415535,18768.892079536614
Rohini,2022,3,17077.66689256199,18197.373726415535,18768.892079536614
Rohini,2022,4,17077.66689256199,18197.373726415535,18768.892079536614
Rohini,2022,5,17077.66689256199,18197.373726415535,18768.892079536614
Rohini,2022,6,17077.66689256199,18197.373726415535,18768.892079536614
Rohini,2022,7,17077.66689256199,18197.373726415535,18768.892079536614
Rohini,2022,8,17077.66689256199,18197.373726415535,18768.892079536614
Rohini,2022,9,17077.66689256199,18197.373726415535,18768.892079536614
Rohini,2022,10,17077.66689256199,18197.373726415535,18768.892079536614
Rohini,2022,11,17077.66689256199,18197.373726415535,18768.892079536614
Rohini,2022,12,17077.66689256199,18197.373726415535,18768.892079536614
Rohini,2023,1,17077.66689256199,18197.373726415535,18768.892079536614
Rohini,2023,2,17077.66689256199,18197.373726415535,18768.892079536614
Rohini,2023,3,17077.66689256199,18197.373726415535,18768.892079536614
Rohini,2023,4,17077.66689256199,18197.373726415535,18768.892079536614
Rohini,2023,5,17077.66689256199,18197.373726415535,18768.892079536614
Rohini,2023,6,17077.66689256199,18197.373726415535,18768.892079536614
Rohini,2023,7,17077.66689256199,18197.373726415535,18768.892079536614
Rohini,2023,8,17077.66689256199,18197.373726415535,18768.892079536614
Rohini,2023,9,17077.66689256199,18197.373726415535,18768.892079536614
Rohini,2023,10,17077.66689256199,18197.373726415535,18768.892079536614
Rohini,2023,11,17077.66689256199,18197.373726415535,18768.892079536614
Rohini,2023,12,17077.66689256199,18197.373726415535,18768.892079536614
Rohini,2024,1,17077.66689256199,18197.373726415535,18768.892079536614
Rohini,2024,2,17077.66689256199,18197.373726415535,18768.892079536614
Rohini,2024,3,17077.66689256199,18197.373726415535,18768.892079536614
Rohini,2024,4,17077.66689256199,18197.373726415535,18768.892079536614
Rohini,2024,5,17077.66689256199,18197.373726415535,18768.892079536614
Rohini,2024,6,17077.66689256199,18197.373726415535,18768.892079536614
Rohini,2024,7,17077.66689256199,18197.373726415535,18768.892079536614
Rohini,2024,8,17077.66689256199,18197.373726415535,18768.892079536614
Rohini,2024,9,17077.66689256199,18197.373726415535,18768.892079536614
Rohini,2024,10,17077.66689256199,18197.373726415535,18768.892079536614
Rohini,2024,11,17077.66689256199,18197.373726415535,18768.892079536614
Rohini,2024,12,17077.66689256199,18197.373726415535,18768.892079536614
Rohini,2025,1,17077.66689256199,18197.373726415535,18768.892079536614
Rohini,2025,2,17077.66689256199,18197.373726415535,18768.892079536614
Rohini,2025,3,17077.66689256199,18197.373726415535,18768.892079536614
Rohini,2025,4,17077.66689256199,18197.373726415535,18768.892079536614
Rohini,2025,5,17077.66689256199,18197.373726415535,18768.892079536614
Rohini,2025,6,17077.66689256199,18197.373726415535,18768.892079536614
Rohini,2025,7,17077.66689256199,18197.373726415535,18768.892079536614
Rohini,2025,8,17077.66689256199,18197.373726415535,18768.892079536614
Rohini,2025,9,17077.66689256199,18197.373726415535,18768.892079536614
Rohini,2025,10,17077.66689256199,18197.373726415535,18768.892079536614
Rohini,2025,11,17077.66689256199,18197.373726415535,18768.892079536614
Rohini,2025,12,17077.66689256199,18197.373726415535,18768.892079536614
Shadipur,2022,1,25840.036046294714,25132.04736812937,24512.078747293483
Shadipur,2022,2,25840.036046294714,25132.04736812937,24512.078747293483
Shadipur,2022,3,25840.036046294714,25132.04736812937,24512.078747293483
Shadipur,2022,4,25840.036046294714,25132.04736812937,24512.078747293483
Shadipur,2022,5,25840.036046294714,25132.04736812937,24512.078747293483
Shadipur,2022,6,25840.036046294714,25132.04736812937,24512.078747293483
Shadipur,2022,7,25840.036046294714,25132.04736812937,24512.078747293483
Shadipur,2022,8,25840.036046294714,25132.04736812937,24512.078747293483
Shadipur,2022,9,25840.036046294714,25132.04736812937,24512.078747293483
Shadipur,2022,10,25840.036046294714,25132.04736812937,24512.078747293483
Shadipur,2022,11,25840.036046294714,25132.04736812937,24512.078747293483
Shadipur,2022,12,25840.036046294714,25132.04736812937,24512.078747293483
Shadipur,2023,1,25840.036046294714,25132.04736812937,24512.078747293483
Shadipur,2023,2,25840.036046294714,25132.04736812937,24512.078747293483
Shadipur,2023,3,25840.036046294714,25132.04736812937,24512.078747293483
Shadipur,2023,4,25840.036046294714,25132.04736812937,24512.078747293483
Shadipur,2023,5,25840.036046294714,25132.04736812937,24512.078747293483
Shadipur,2023,6,25840.036046294714,25132.04736812937,24512.078747293483
Shadipur,2023,7,25840.036046294714,25132.04736812937,24512.078747293483
Shadipur,2023,8,25840.036046294714,25132.04736812937,24512.078747293483
Shadipur,2023,9,25840.036046294714,25132.04736812937,24512.078747293483
Shadipur,2023,10,25840.036046294714,25132.04736812937,24512.078747293483
Shadipur,2023,11,25840.036046294714,25132.04736812937,24512.078747293483
Shadipur,2023,12,25840.036046294714,25132.04736812937,24512.078747293483
Shadipur,2024,1,25840.036046294714,25132.04736812937,24512.078747293483
Shadipur,2024,2,25840.036046294714,25132.04736812937,24512.078747293483
Shadipur,2024,3,25840.036046294714,25132.04736812937,24512.078747293483
Shadipur,2024,4,25840.036046294714,25132.04736812937,24512.078747293483
Shadipur,2024,5,25840.036046294714,25132.04736812937,24512.078747293483
Shadipur,2024,6,25840.036046294714,25132.04736812937,24512.078747293483
Shadipur,2024,7,25840.036046294714,25132.04736812937,24512.078747293483
Shadipur,2024,8,25840.036046294714,25132.04736812937,24512.078747293483
Shadipur,2024,9,25840.036046294714,25132.04736812937,24512.078747293483
Shadipur,2024,10,25840.036046294714,25132.04736812937,24512.078747293483
Shadipur,2024,11,25840.036046294714,25132.04736812937,24512.078747293483
Shadipur,2024,12,25840.036046294714,25132.04736812937,24512.078747293483
Shadipur,2025,1,25840.036046294714,25132.04736812937,24512.078747293483
Shadipur,2025,2,25840.036046294714,25132.04736812937,24512.078747293483
Shadipur,2025,3,25840.036046294714,25132.04736812937,24512.078747293483
Shadipur,2025,4,25840.036046294714,25132.04736812937,24512.078747293483
Shadipur,2025,5,25840.036046294714,25132.04736812937,24512.078747293483
Shadipur,2025,6,25840.036046294714,25132.04736812937,24512.078747293483
Shadipur,2025,7,25840.036046294714,25132.04736812937,24512.078747293483
Shadipur,2025,8,25840.036046294714,25132.04736812937,24512.078747293483
Shadipur,2025,9,25840.036046294714,25132.04736812937,24512.078747293483
Shadipur,2025,10,25840.036046294714,25132.04736812937,24512.078747293483
Shadipur,2025,11,25840.036046294714,25132.04736812937,24512.078747293483
Shadipur,2025,12,25840.036046294714,25132.04736812937,24512.078747293483
Sirifort,2022,1,20743.033850693097,18558.17454717506,19031.14760696313
Sirifort,2022,2,20743.033850693097,18558.17454717506,19031.14760696313
Sirifort,2022,3,20743.033850693097,18558.17454717506,19031.14760696313
Sirifort,2022,4,20743.033850693097,18558.17454717506,19031.14760696313
Sirifort,2022,5,20743.033850693097,18558.17454717506,19031.14760696313
Sirifort,2022,6,20743.033850693097,18558.17454717506,19031.14760696313
Sirifort,2022,7,20743.033850693097,18558.17454717506,19031.14760696313
Sirifort,2022,8,20743.033850693097,18558.17454717506,19031.14760696313
Sirifort,2022,9,20743.033850693097,18558.17454717506,19031.14760696313
Sirifort,2022,10,20743.033850693097,18558.17454717506,19031.14760696313
Sirifort,2022,11,20743.033850693097,18558.17454717506,19031.14760696313
Sirifort,2022,12,20743.033850693097,18558.17454717506,19031.14760696313
Sirifort,2023,1,20743.033850693097,18558.17454717506,19031.14760696313
Sirifort,2023,2,20743.033850693097,18558.17454717506,19031.14760696313
Sirifort,2023,3,20743.033850693097,18558.17454717506,19031.14760696313
Sirifort,2023,4,20743.033850693097,18558.17454717506,19031.14760696313
Sirifort,2023,5,20743.033850693097,18558.17454717506,19031.14760696313
Sirifort,2023,6,20743.033850693097,18558.17454717506,19031.14760696313
Sirifort,2023,7,20743.033850693097,18558.17454717506,19031.14760696313
Sirifort,2023,8,20743.033850693097,18558.17454717506,19031.14760696313
Sirifort,2023,9,20743.033850693097,18558.17454717506,19031.14760696313
Sirifort,2023,10,20743.033850693097,18558.17454717506,19031.14760696313
Sirifort,2023,11,20743.033850693097,18558.17454717506,19031.14760696313
Sirifort,2023,12,20743.033850693097,18558.17454717506,19031.14760696313
Sirifort,2024,1,20743.033850693097,18558.17454717506,19031.14760696313
Sirifort,2024,5,20743.033850693097,18558.17454717506,19031.14760696313
Sirifort,2024,6,20743.033850693097,18558.17454717506,19031.14760696313
Sirifort,2024,7,20743.033850693097,18558.17454717506,19031.14760696313
Sirifort,2024,8,20743.033850693097,18558.17454717506,19031.14760696313
Sirifort,2024,9,20743.033850693097,18558.17454717506,19031.14760696313
Sirifort,2024,10,20743.033850693097,18558.17454717506,19031.14760696313
Sirifort,2024,11,20743.033850693097,18558.17454717506,19031.14760696313
Sirifort,2024,12,20743.033850693097,18558.17454717506,19031.14760696313
Sirifort,2025,1,20743.033850693097,18558.17454717506,19031.14760696313
Sirifort,2025,2,20743.033850693097,18558.17454717506,19031.14760696313
Sirifort,2025,3,20743.033850693097,18558.17454717506,19031.14760696313
Sirifort,2025,4,20743.033850693097,18558.17454717506,19031.14760696313
Sirifort,2025,5,20743.033850693097,18558.17454717506,19031.14760696313
Sirifort,2025,6,20743.033850693097,18558.17454717506,19031.14760696313
Sirifort,2025,7,20743.033850693097,18558.17454717506,19031.14760696313
Sirifort,2025,8,20743.033850693097,18558.17454717506,19031.14760696313
Sirifort,2025,9,20743.033850693097,18558.17454717506,19031.14760696313
Sirifort,2025,10,20743.033850693097,18558.17454717506,19031.14760696313
Sirifort,2025,11,20743.033850693097,18558.17454717506,19031.14760696313
Sirifort,2025,12,20743.033850693097,18558.17454717506,19031.14760696313
Sonia_Vihar,2022,1,19604.816309439393,25391.729873014447,26520.39481540672
Sonia_Vihar,2022,2,19604.816309439393,25391.729873014447,26520.39481540672
Sonia_Vihar,2022,3,19604.816309439393,25391.729873014447,26520.39481540672
Sonia_Vihar,2022,4,19604.816309439393,25391.729873014447,26520.39481540672
Sonia_Vihar,2022,5,19604.816309439393,25391.729873014447,26520.39481540672
Sonia_Vihar,2022,6,19604.816309439393,25391.729873014447,26520.39481540672
Sonia_Vihar,2022,7,19604.816309439393,25391.729873014447,26520.39481540672
Sonia_Vihar,2022,8,19604.816309439393,25391.729873014447,26520.39481540672
Sonia_Vihar,2022,9,19604.816309439393,25391.729873014447,26520.39481540672
Sonia_Vihar,2022,10,19604.816309439393,25391.729873014447,26520.39481540672
Sonia_Vihar,2022,11,19604.816309439393,25391.729873014447,26520.39481540672
Sonia_Vihar,2022,12,19604.816309439393,25391.729873014447,26520.39481540672
Sonia_Vihar,2023,1,19604.816309439393,25391.729873014447,26520.39481540672
Sonia_Vihar,2023,2,19604.816309439393,25391.729873014447,26520.39481540672
Sonia_Vihar,2023,3,19604.816309439393,25391.729873014447,26520.39481540672
Sonia_Vihar,2023,4,19604.816309439393,25391.729873014447,26520.39481540672
Sonia_Vihar,2023,5,19604.816309439393,25391.729873014447,26520.39481540672
Sonia_Vihar,2023,6,19604.816309439393,25391.729873014447,26520.39481540672
Sonia_Vihar,2023,7,19604.816309439393,25391.729873014447,26520.39481540672
Sonia_Vihar,2023,8,19604.816309439393,25391.729873014447,26520.39481540672
Sonia_Vihar,2023,9,19604.816309439393,25391.729873014447,26520.39481540672
Sonia_Vihar,2023,10,19604.816309439393,25391.729873014447,26520.39481540672
Sonia_Vihar,2023,11,19604.816309439393,25391.729873014447,26520.39481540672
Sonia_Vihar,2023,12,19604.816309439393,25391.729873014447,26520.39481540672
Sonia_Vihar,2024,1,19604.816309439393,25391.729873014447,26520.39481540672
Sonia_Vihar,2024,2,19604.816309439393,25391.729873014447,26520.39481540672
Sonia_Vihar,2024,3,19604.816309439393,25391.729873014447,26520.39481540672
Sonia_Vihar,2024,4,19604.816309439393,25391.729873014447,26520.39481540672
Sonia_Vihar,2024,5,19604.816309439393,25391.729873014447,26520.39481540672
Sonia_Vihar,2024,6,19604.816309439393,25391.729873014447,26520.39481540672
Sonia_Vihar,2024,7,19604.816309439393,25391.729873014447,26520.39481540672
Sonia_Vihar,2024,8,19604.816309439393,25391.729873014447,26520.39481540672
Sonia_Vihar,2024,9,19604.816309439393,25391.729873014447,26520.39481540672
Sonia_Vihar,2024,10,19604.816309439393,25391.729873014447,26520.39481540672
Sonia_Vihar,2024,11,19604.816309439393,25391.729873014447,26520.39481540672
Sonia_Vihar,2024,12,19604.816309439393,25391.729873014447,26520.39481540672
Sonia_Vihar,2025,1,19604.816309439393,25391.729873014447,26520.39481540672
Sonia_Vihar,2025,2,19604.816309439393,25391.729873014447,26520.39481540672
Sonia_Vihar,2025,3,19604.816309439393,25391.729873014447,26520.39481540672
Sonia_Vihar,2025,4,19604.816309439393,25391.729873014447,26520.39481540672
Sonia_Vihar,2025,5,19604.816309439393,25391.729873014447,26520.39481540672
Sonia_Vihar,2025,6,19604.816309439393,25391.729873014447,26520.39481540672
Sonia_Vihar,2025,7,19604.816309439393,25391.729873014447,26520.39481540672
Sonia_Vihar,2025,8,19604.816309439393,25391.729873014447,26520.39481540672
Sonia_Vihar,2025,9,19604.816309439393,25391.729873014447,26520.39481540672
Sonia_Vihar,2025,10,19604.816309439393,25391.729873014447,26520.39481540672
Sonia_Vihar,2025,11,19604.816309439393,25391.729873014447,26520.39481540672
Sonia_Vihar,2025,12,19604.816309439393,25391.729873014447,26520.39481540672
Sri_Aurobindo_Marg,2022,1,10402.050341304324,9105.208303380277,9574.883361725144
Sri_Aurobindo_Marg,2022,2,10402.050341304324,9105.208303380277,9574.883361725144
Sri_Aurobindo_Marg,2022,3,10402.050341304324,9105.208303380277,9574.883361725144
Sri_Aurobindo_Marg,2022,4,10402.050341304324,9105.208303380277,9574.883361725144
Sri_Aurobindo_Marg,2022,5,10402.050341304324,9105.208303380277,9574.883361725144
Sri_Aurobindo_Marg,2022,6,10402.050341304324,9105.208303380277,9574.883361725144
Sri_Aurobindo_Marg,2022,7,10402.050341304324,9105.208303380277,9574.883361725144
Sri_Aurobindo_Marg,2022,8,10402.050341304324,9105.208303380277,9574.883361725144
Sri_Aurobindo_Marg,2022,9,10402.050341304324,9105.208303380277,9574.883361725144
Sri_Aurobindo_Marg,2022,10,10402.050341304324,9105.208303380277,9574.883361725144
Sri_Aurobindo_Marg,2022,11,10402.050341304324,9105.208303380277,9574.883361725144
Sri_Aurobindo_Marg,2022,12,10402.050341304324,9105.208303380277,9574.883361725144
Sri_Aurobindo_Marg,2023,1,10402.050341304324,9105.208303380277,9574.883361725144
Sri_Aurobindo_Marg,2023,2,10402.050341304324,9105.208303380277,9574.883361725144
Sri_Aurobindo_Marg,2023,3,10402.050341304324,9105.208303380277,9574.883361725144
Sri_Aurobindo_Marg,2023,4,10402.050341304324,9105.208303380277,9574.883361725144
Sri_Aurobindo_Marg,2023,5,10402.050341304324,9105.208303380277,9574.883361725144
Sri_Aurobindo_Marg,2023,6,10402.050341304324,9105.208303380277,9574.883361725144
Sri_Aurobindo_Marg,2023,7,10402.050341304324,9105.208303380277,9574.883361725144
Sri_Aurobindo_Marg,2023,8,10402.050341304324,9105.208303380277,9574.883361725144
Sri_Aurobindo_Marg,2023,9,10402.050341304324,9105.208303380277,9574.883361725144
Sri_Aurobindo_Marg,2023,10,10402.050341304324,9105.208303380277,9574.883361725144
Sri_Aurobindo_Marg,2023,11,10402.050341304324,9105.208303380277,9574.883361725144
Sri_Aurobindo_Marg,2023,12,10402.050341304324,9105.208303380277,9574.883361725144
Sri_Aurobindo_Marg,2024,1,10402.050341304324,9105.208303380277,9574.883361725144
Sri_Aurobindo_Marg,2024,2,10402.050341304324,9105.208303380277,9574.883361725144
Sri_Aurobindo_Marg,2024,3,10402.050341304324,9105.208303380277,9574.883361725144
Sri_Aurobindo_Marg,2024,4,10402.050341304324,9105.208303380277,9574.883361725144
Sri_Aurobindo_Marg,2024,5,10402.050341304324,9105.208303380277,9574.883361725144
Sri_Aurobindo_Marg,2024,6,10402.050341304324,9105.208303380277,9574.883361725144
Sri_Aurobindo_Marg,2024,7,10402.050341304324,9105.208303380277,9574.883361725144
Sri_Aurobindo_Marg,2024,8,10402.050341304324,9105.208303380277,9574.883361725144
Sri_Aurobindo_Marg,2024,9,10402.050341304324,9105.208303380277,9574.883361725144
Sri_Aurobindo_Marg,2024,10,10402.050341304324,9105.208303380277,9574.883361725144
Sri_Aurobindo_Marg,2024,11,10402.050341304324,9105.208303380277,9574.883361725144
Sri_Aurobindo_Marg,2024,12,10402.050341304324,9105.208303380277,9574.883361725144
Sri_Aurobindo_Marg,2025,1,10402.050341304324,9105.208303380277,9574.883361725144
Sri_Aurobindo_Marg,2025,2,10402.050341304324,9105.208303380277,9574.883361725144
Sri_Aurobindo_Marg,2025,3,10402.050341304324,9105.208303380277,9574.883361725144
Sri_Aurobindo_Marg,2025,4,10402.050341304324,9105.208303380277,9574.883361725144
Sri_Aurobindo_Marg,2025,5,10402.050341304324,9105.208303380277,9574.883361725144
Sri_Aurobindo_Marg,2025,6,10402.050341304324,9105.208303380277,9574.883361725144
Sri_Aurobindo_Marg,2025,7,10402.050341304324,9105.208303380277,9574.883361725144
Sri_Aurobindo_Marg,2025,8,10402.050341304324,9105.208303380277,9574.883361725144
Sri_Aurobindo_Marg,2025,9,10402.050341304324,9105.208303380277,9574.883361725144
Sri_Aurobindo_Marg,2025,10,10402.050341304324,9105.208303380277,9574.883361725144
Sri_Aurobindo_Marg,2025,11,10402.050341304324,9105.208303380277,9574.883361725144
Sri_Aurobindo_Marg,2025,12,10402.050341304324,9105.208303380277,9574.883361725144
Vivek_Vihar,2022,1,28641.018274177146,34468.99414405224,38676.007787110575
Vivek_Vihar,2022,2,28641.018274177146,34468.99414405224,38676.007787110575
Vivek_Vihar,2022,3,28641.018274177146,34468.99414405224,38676.007787110575
Vivek_Vihar,2022,4,28641.018274177146,34468.99414405224,38676.007787110575
Vivek_Vihar,2022,5,28641.018274177146,34468.99414405224,38676.007787110575
Vivek_Vihar,2022,6,28641.018274177146,34468.99414405224,38676.007787110575
Vivek_Vihar,2022,7,28641.018274177146,34468.99414405224,38676.007787110575
Vivek_Vihar,2022,8,28641.018274177146,34468.99414405224,38676.007787110575
Vivek_Vihar,2022,9,28641.018274177146,34468.99414405224,38676.007787110575
Vivek_Vihar,2022,10,28641.018274177146,34468.99414405224,38676.007787110575
Vivek_Vihar,2022,11,28641.018274177146,34468.99414405224,38676.007787110575
Vivek_Vihar,2022,12,28641.018274177146,34468.99414405224,38676.007787110575
Vivek_Vihar,2023,1,28641.018274177146,34468.99414405224,38676.007787110575
Vivek_Vihar,2023,2,28641.018274177146,34468.99414405224,38676.007787110575
Vivek_Vihar,2023,3,28641.018274177146,34468.99414405224,38676.007787110575
Vivek_Vihar,2023,4,28641.018274177146,34468.99414405224,38676.007787110575
Vivek_Vihar,2023,5,28641.018274177146,34468.99414405224,38676.007787110575
Vivek_Vihar,2023,6,28641.018274177146,34468.99414405224,38676.007787110575
Vivek_Vihar,2023,7,28641.018274177146,34468.99414405224,38676.007787110575
Vivek_Vihar,2023,8,28641.018274177146,34468.99414405224,38676.007787110575
Vivek_Vihar,2023,9,28641.018274177146,34468.99414405224,38676.007787110575
Vivek_Vihar,2023,10,28641.018274177146,34468.99414405224,38676.007787110575
Vivek_Vihar,2023,11,28641.018274177146,34468.99414405224,38676.007787110575
Vivek_Vihar,2023,12,28641.018274177146,34468.99414405224,38676.007787110575
Vivek_Vihar,2024,1,28641.018274177146,34468.99414405224,38676.007787110575
Vivek_Vihar,2024,2,28641.018274177146,34468.99414405224,38676.007787110575
Vivek_Vihar,2024,3,28641.018274177146,34468.99414405224,38676.007787110575
Vivek_Vihar,2024,4,28641.018274177146,34468.99414405224,38676.007787110575
Vivek_Vihar,2024,5,28641.018274177146,34468.99414405224,38676.007787110575
Vivek_Vihar,2024,6,28641.018274177146,34468.99414405224,38676.007787110575
Vivek_Vihar,2024,7,28641.018274177146,34468.99414405224,38676.007787110575
Vivek_Vihar,2024,8,28641.018274177146,34468.99414405224,38676.007787110575
Vivek_Vihar,2024,9,28641.018274177146,34468.99414405224,38676.007787110575
Vivek_Vihar,2024,10,28641.018274177146,34468.99414405224,38676.007787110575
Vivek_Vihar,2024,11,28641.018274177146,34468.99414405224,38676.007787110575
Vivek_Vihar,2024,12,28641.018274177146,34468.99414405224,38676.007787110575
Vivek_Vihar,2025,1,28641.018274177146,34468.99414405224,38676.007787110575
Vivek_Vihar,2025,2,28641.018274177146,34468.99414405224,38676.007787110575
Vivek_Vihar,2025,3,28641.018274177146,34468.99414405224,38676.007787110575
Vivek_Vihar,2025,4,28641.018274177146,34468.99414405224,38676.007787110575
Vivek_Vihar,2025,5,28641.018274177146,34468.99414405224,38676.007787110575
Vivek_Vihar,2025,6,28641.018274177146,34468.99414405224,38676.007787110575
Vivek_Vihar,2025,7,28641.018274177146,34468.99414405224,38676.007787110575
Vivek_Vihar,2025,8,28641.018274177146,34468.99414405224,38676.007787110575
Vivek_Vihar,2025,9,28641.018274177146,34468.99414405224,38676.007787110575
Vivek_Vihar,2025,10,28641.018274177146,34468.99414405224,38676.007787110575
Vivek_Vihar,2025,11,28641.018274177146,34468.99414405224,38676.007787110575
Vivek_Vihar,2025,12,28641.018274177146,34468.99414405224,38676.007787110575
Wazirpur,2022,1,31077.71215102975,30380.145299763473,29074.55975859919
Wazirpur,2022,2,31077.71215102975,30380.145299763473,29074.55975859919
Wazirpur,2022,3,31077.71215102975,30380.145299763473,29074.55975859919
Wazirpur,2022,4,31077.71215102975,30380.145299763473,29074.55975859919
Wazirpur,2022,5,31077.71215102975,30380.145299763473,29074.55975859919
Wazirpur,2022,6,31077.71215102975,30380.145299763473,29074.55975859919
Wazirpur,2022,7,31077.71215102975,30380.145299763473,29074.55975859919
Wazirpur,2022,8,31077.71215102975,30380.145299763473,29074.55975859919
Wazirpur,2022,9,31077.71215102975,30380.145299763473,29074.55975859919
Wazirpur,2022,10,31077.71215102975,30380.145299763473,29074.55975859919
Wazirpur,2022,11,31077.71215102975,30380.145299763473,29074.55975859919
Wazirpur,2022,12,31077.71215102975,30380.145299763473,29074.55975859919
Wazirpur,2023,1,31077.71215102975,30380.145299763473,29074.55975859919
Wazirpur,2023,2,31077.71215102975,30380.145299763473,29074.55975859919
Wazirpur,2023,3,31077.71215102975,30380.145299763473,29074.55975859919
Wazirpur,2023,4,31077.71215102975,30380.145299763473,29074.55975859919
Wazirpur,2023,5,31077.71215102975,30380.145299763473,29074.55975859919
Wazirpur,2023,6,31077.71215102975,30380.145299763473,29074.55975859919
Wazirpur,2023,7,31077.71215102975,30380.145299763473,29074.55975859919
Wazirpur,2023,8,31077.71215102975,30380.145299763473,29074.55975859919
Wazirpur,2023,9,31077.71215102975,30380.145299763473,29074.55975859919
Wazirpur,2023,10,31077.71215102975,30380.145299763473,29074.55975859919
Wazirpur,2023,11,31077.71215102975,30380.145299763473,29074.55975859919
Wazirpur,2023,12,31077.71215102975,30380.145299763473,29074.55975859919
Wazirpur,2024,1,31077.71215102975,30380.145299763473,29074.55975859919
Wazirpur,2024,2,31077.71215102975,30380.145299763473,29074.55975859919
Wazirpur,2024,3,31077.71215102975,30380.145299763473,29074.55975859919
Wazirpur,2024,4,31077.71215102975,30380.145299763473,29074.55975859919
Wazirpur,2024,5,31077.71215102975,30380.145299763473,29074.55975859919
Wazirpur,2024,6,31077.71215102975,30380.145299763473,29074.55975859919
Wazirpur,2024,7,31077.71215102975,30380.145299763473,29074.55975859919
Wazirpur,2024,8,31077.71215102975,30380.145299763473,29074.55975859919
Wazirpur,2024,9,31077.71215102975,30380.145299763473,29074.55975859919
Wazirpur,2024,10,31077.71215102975,30380.145299763473,29074.55975859919
Wazirpur,2024,11,31077.71215102975,30380.145299763473,29074.55975859919
Wazirpur,2024,12,31077.71215102975,30380.145299763473,29074.55975859919
Wazirpur,2025,1,31077.71215102975,30380.145299763473,29074.55975859919
Wazirpur,2025,2,31077.71215102975,30380.145299763473,29074.55975859919
Wazirpur,2025,3,31077.71215102975,30380.145299763473,29074.55975859919
Wazirpur,2025,4,31077.71215102975,30380.145299763473,29074.55975859919
Wazirpur,2025,5,31077.71215102975,30380.145299763473,29074.55975859919
Wazirpur,2025,6,31077.71215102975,30380.145299763473,29074.55975859919
Wazirpur,2025,7,31077.71215102975,30380.145299763473,29074.55975859919
Wazirpur,2025,8,31077.71215102975,30380.145299763473,29074.55975859919
Wazirpur,2025,9,31077.71215102975,30380.145299763473,29074.55975859919
Wazirpur,2025,10,31077.71215102975,30380.145299763473,29074.55975859919
Wazirpur,2025,11,31077.71215102975,30380.145299763473,29074.55975859919
Wazirpur,2025,12,31077.71215102975,30380.145299763473,29074.55975859919
