station,year,month,era5_temp_mean,era5_rh_mean,era5_wind_speed_mean,era5_blh_mean
Alipur,2022,1,12.601574541421906,81.48270665448338,2.199477039965095,304.80340576171875
Alipur,2022,2,15.330780656317419,72.40558562375224,2.4917431476010536,369.360107421875
Alipur,2022,3,24.112319751574688,54.834549159028555,2.4484385221692198,445.95880126953125
Alipur,2022,4,30.69687809170346,27.46911517381259,2.4016099668143847,816.34521484375
Alipur,2022,5,32.161520584830086,44.2676751656084,2.431034965318059,820.083251953125
Alipur,2022,6,33.04102541148501,44.00375880160006,2.7653663647215154,835.596435546875
Alipur,2022,7,29.276848322158184,80.03103430556628,2.227462329950869,483.0439147949219
Alipur,2022,8,28.68266328242842,78.53042958493083,2.417412989422038,501.97882080078125
Alipur,2022,9,28.020824390777744,76.1938296448891,2.0041298015996953,483.2440490722656
Alipur,2022,10,23.69036279758317,72.60609970184869,1.8600581165477064,362.51580810546875
Alipur,2022,11,19.877141719106746,63.43798044113715,2.126007529695322,309.274658203125
Alipur,2022,12,14.857460072993357,68.46694746659392,2.4109804577046545,242.77392578125
Alipur,2023,1,12.32468473529196,77.46532858292377,2.148241079643568,255.1824188232422
Alipur,2023,2,18.431754933497174,60.59167241026485,2.5786967546764528,349.7845458984375
Alipur,2023,3,21.813247864995198,62.6326736994758,1.9607716794127414,466.0058288574219
Alipur,2023,4,26.460398694216806,41.069132965590136,2.273256617454476,808.4884033203125
Alipur,2023,5,28.941036383189417,47.466452231537204,2.2609609430979387,736.9832153320312
Alipur,2023,6,31.20416117847394,57.453166379867156,2.319326611748581,684.6553955078125
Alipur,2023,7,29.070466849577524,81.94877596842865,2.1390764166749996,426.7043762207031
Alipur,2023,8,29.805472041729246,72.65934907943071,2.5028506347152155,508.8796081542969
Alipur,2023,9,28.789534027734888,73.41936757726361,1.9798004542455354,454.35882568359375
Alipur,2023,10,25.073884322781932,59.35563557088375,1.9459634929452625,409.000244140625
Alipur,2023,11,20.56501782949251,67.49453198454596,1.6281152905841556,319.6317443847656
Alipur,2023,12,15.214194197372802,73.86598821520772,1.8489000751055662,230.95843505859375
Alipur,2024,1,11.53507660569948,81.86849733364065,1.6901031030336877,208.3745880126953
Alipur,2024,2,15.777732981163549,64.69504624980662,2.39725218516684,359.1019592285156
Alipur,2024,3,21.19851725960735,53.6420437610759,2.48349007391097,463.5860900878906
Alipur,2024,4,28.08422770086124,31.954877684627846,2.6417771392924285,816.6884155273438
Alipur,2024,5,33.3481681022675,30.109182715583394,2.653494481398411,945.468017578125
Alipur,2024,6,34.518439919464534,40.91718757614718,2.896675669049999,879.93408203125
Alipur,2024,7,30.24325463919077,79.191349692203,1.8666686424320946,449.3864440917969
Alipur,2024,8,28.325738599826458,84.06452199886458,2.222218524796681,443.1229553222656
Alipur,2024,9,27.482304077460064,83.05443917937954,1.7653176855911883,368.83935546875
Alipur,2024,10,26.05879028838607,67.07125632741948,1.8241441613308524,377.7575378417969
Alipur,2024,11,21.14339114171503,68.87013375309414,1.7081559323032427,342.72161865234375
Alipur,2024,12,14.402874805578174,67.32116655917021,2.2391484812800617,258.8565368652344
Alipur,2025,1,13.339210426275322,78.82114601938213,2.2426098867583786,218.17486572265625
Alipur,2025,2,17.40171871129345,63.26645595572616,2.515398366113598,335.2911682128906
Alipur,2025,3,22.112695549942227,49.153904491650586,2.678030522589909,495.154052734375
Alipur,2025,4,29.424702458962724,35.58080655075679,2.580790395406873,770.128662109375
Alipur,2025,5,31.315510791360644,50.428529662603935,2.5746501503194117,763.087890625
Alipur,2025,6,31.27322921082674,63.86950699650965,2.105272035350759,596.9360961914062
Alipur,2025,7,28.772640869127095,82.372056241498,2.0897689152615517,441.97857666015625
Alipur,2025,8,28.097503870940514,83.8181813877762,2.2997555707663215,413.4580078125
Alipur,2025,9,27.936493450564363,77.36554955469843,2.443031821096442,461.9355773925781
Alipur,2025,10,24.32739646004316,70.71293454744388,1.4926450265675055,410.06610107421875
Alipur,2025,11,18.92861912015053,58.0936689398198,2.201280726403256,320.0189208984375
Alipur,2025,12,15.139800868029356,69.9416453605332,2.1776382609218086,218.61485290527344
Anand_Vihar,2022,1,12.653405813045138,81.35783062975153,2.2052188371913024,307.1187744140625
Anand_Vihar,2022,2,15.39546124114247,72.55719205309644,2.4829449558234455,365.1680908203125
Anand_Vihar,2022,3,24.097759083547697,55.22114019812708,2.436560251308883,439.18731689453125
Anand_Vihar,2022,4,30.582876981721952,28.42656875606726,2.33990568461506,777.0055541992188
Anand_Vihar,2022,5,32.09140565129593,45.4228147548298,2.3891105406200777,777.5386352539062
Anand_Vihar,2022,6,33.06740678391739,44.2215553091412,2.759749284582195,814.0657348632812
Anand_Vihar,2022,7,29.315395031021566,79.90572277913587,2.252642908750216,497.77764892578125
Anand_Vihar,2022,8,28.669323315532637,78.60256671555932,2.423369536473752,505.2118835449219
Anand_Vihar,2022,9,28.006558898102888,76.51158690840867,2.059827665990767,500.3103332519531
Anand_Vihar,2022,10,23.639785441200804,73.72482549484792,1.8632713137446826,352.7002258300781
Anand_Vihar,2022,11,19.86454830164829,64.21464897708664,2.0939081828655324,301.1332702636719
Anand_Vihar,2022,12,14.87304787803121,68.63269200600712,2.4289014450970483,242.94114685058594
Anand_Vihar,2023,1,12.412648331849311,77.36314174468649,2.1482843061221697,258.7679748535156
Anand_Vihar,2023,2,18.489570364430836,60.81829323790274,2.5732457739623267,347.31854248046875
Anand_Vihar,2023,3,21.903820714106512,62.83699456533306,1.9609799825176446,465.33453369140625
Anand_Vihar,2023,4,26.51573917614191,41.106674559446446,2.2532318193649243,802.14404296875
Anand_Vihar,2023,5,29.00605710386919,47.64538899146416,2.2710225307852965,738.8174438476562
Anand_Vihar,2023,6,31.231576425483834,57.599745856321825,2.3379588872929618,698.3248291015625
Anand_Vihar,2023,7,29.039198292163416,82.28304800491,2.1293242880832866,423.0887756347656
Anand_Vihar,2023,8,29.76524281774718,72.64188930260217,2.5459330239497735,504.639404296875
Anand_Vihar,2023,9,28.74855144469518,73.86008145990739,1.9973719244235504,443.3123779296875
Anand_Vihar,2023,10,25.18251302287315,58.953756908655606,1.964953922491543,410.3251647949219
Anand_Vihar,2023,11,20.676128594006375,67.31131636008641,1.6355871067896852,327.7705078125
Anand_Vihar,2023,12,15.357977766736358,73.38947556294288,1.8704967143513218,239.72019958496094
Anand_Vihar,2024,1,11.670779248614787,81.3510592072791,1.6918337641052286,211.21490478515625
Anand_Vihar,2024,2,15.898365125669503,64.42868522357585,2.4053198158958646,360.79998779296875
Anand_Vihar,2024,3,21.29344769875955,53.81290633246727,2.4687937948340406,464.6595153808594
Anand_Vihar,2024,4,28.2701413670982,31.42148667571213,2.6763426778696093,841.9074096679688
Anand_Vihar,2024,5,33.38678443018598,30.40572935216466,2.6614883039727006,942.8936157226562
Anand_Vihar,2024,6,34.472094600142896,41.59039108350347,2.9181830793393497,862.705322265625
Anand_Vihar,2024,7,30.179812574085332,79.74472511999106,1.8528291401731027,439.21173095703125
Anand_Vihar,2024,8,28.294239357401516,84.21074929800383,2.244050209244593,445.4423522949219
Anand_Vihar,2024,9,27.44719754758528,83.326980705333,1.8194691258986087,374.0152893066406
Anand_Vihar,2024,10,26.063802945261656,67.72628098731731,1.844563965757752,376.70208740234375
Anand_Vihar,2024,11,21.204408981438462,68.9846562594446,1.7109058153058891,349.6602783203125
Anand_Vihar,2024,12,14.489160926721226,67.42935903030283,2.2510144314703804,261.1800537109375
Anand_Vihar,2025,1,13.414477906542633,78.73297917823706,2.2575839684868315,220.74078369140625
Anand_Vihar,2025,2,17.512546404790463,63.250052784753194,2.541784152125974,339.7124328613281
Anand_Vihar,2025,3,22.199866067985923,49.32037523307346,2.6973433059716054,504.5127258300781
Anand_Vihar,2025,4,29.51492337965328,35.60241452263304,2.6089498939243168,784.476318359375
Anand_Vihar,2025,5,31.318710439040157,50.96404697563299,2.5838721307511645,762.3353881835938
Anand_Vihar,2025,6,31.26521894726402,64.22751251109554,2.1145099551925086,604.3180541992188
Anand_Vihar,2025,7,28.73975233519997,82.67541694488716,2.089084867004674,440.5146789550781
Anand_Vihar,2025,8,28.084613669047396,83.99745791869253,2.306120681391336,414.3418884277344
Anand_Vihar,2025,9,27.94411631788728,77.57356957917585,2.463596972438511,463.04071044921875
Anand_Vihar,2025,10,24.278241872892593,71.7252481614771,1.4498239702410596,395.7608947753906
Anand_Vihar,2025,11,18.867534802786935,58.94870838331809,2.1775618636432554,306.6243591308594
Anand_Vihar,2025,12,15.099049441207669,70.44371522211655,2.1621409032624603,215.31825256347656
Ashok_Vihar,2022,1,12.664517875641927,80.97209500701504,2.1928698480004374,306.2158203125
Ashok_Vihar,2022,2,15.486613365307761,71.78454080411707,2.479274677612884,373.9527587890625
Ashok_Vihar,2022,3,24.22873775425926,54.153773081289714,2.4233392583334714,455.4839782714844
Ashok_Vihar,2022,4,30.788192213276943,27.130500742110065,2.3623965676202046,831.5194702148438
Ashok_Vihar,2022,5,32.376136356198934,43.440407752853524,2.434493728538194,849.347900390625
Ashok_Vihar,2022,6,33.24340789783002,43.417727089118124,2.808065707619267,866.6680908203125
Ashok_Vihar,2022,7,29.37072193451376,79.62809377163421,2.2639383701849742,498.9729919433594
Ashok_Vihar,2022,8,28.740040188712783,77.91118851430744,2.4763444442298606,521.1309814453125
Ashok_Vihar,2022,9,28.15439961441963,75.37936927952555,2.06883386366173,513.854736328125
Ashok_Vihar,2022,10,23.754888619108936,72.28423154419947,1.8766721652532645,371.7010192871094
Ashok_Vihar,2022,11,19.97065187170158,63.0590099204914,2.0934504769315896,315.9747009277344
Ashok_Vihar,2022,12,14.914758576448484,67.9930940514014,2.3953302631296807,245.35769653320312
Ashok_Vihar,2023,1,12.380387266576262,76.73511063011236,2.14180453351975,259.6785888671875
Ashok_Vihar,2023,2,18.58172939792816,59.69283755743781,2.541755402067629,356.3530578613281
Ashok_Vihar,2023,3,21.948722240998602,62.46293427122266,1.9388221813689295,476.595458984375
Ashok_Vihar,2023,4,26.602757288168533,40.67873357202576,2.2579332502029787,834.9840087890625
Ashok_Vihar,2023,5,29.095398880745183,47.21530924960857,2.2797806155779092,756.6552734375
Ashok_Vihar,2023,6,31.31206378070517,57.128412786440606,2.3400230068098327,701.7598876953125
Ashok_Vihar,2023,7,29.159210789268833,81.68993574984127,2.141307730613322,431.7899169921875
Ashok_Vihar,2023,8,29.942036650960276,71.18019656980906,2.6135309206908106,537.208251953125
Ashok_Vihar,2023,9,28.88749677574021,72.68121732693766,2.025870670919702,470.0148620605469
Ashok_Vihar,2023,10,25.24960887299233,58.26059085969781,1.9747802786038777,429.6498107910156
Ashok_Vihar,2023,11,20.686560510590272,67.00875461360015,1.6260627455610852,334.8393859863281
Ashok_Vihar,2023,12,15.346854332041033,73.2156818341168,1.8490062191892083,238.2931365966797
Ashok_Vihar,2024,1,11.646407362859884,81.28876952909985,1.6795244903334057,210.17333984375
Ashok_Vihar,2024,2,15.923680066144245,63.912409750480634,2.358482105707789,362.5963439941406
Ashok_Vihar,2024,3,21.365346026268607,52.799959823188686,2.44797923655607,472.822998046875
Ashok_Vihar,2024,4,28.28137969985734,31.225313698641617,2.654341043902669,846.77001953125
Ashok_Vihar,2024,5,33.51755839952267,29.608456650893977,2.6654872738531177,974.3850708007812
Ashok_Vihar,2024,6,34.59214663416408,41.042253023867666,2.9346405591821347,892.0215454101562
Ashok_Vihar,2024,7,30.347343045320198,78.81695746749303,1.879837064762231,456.0831298828125
Ashok_Vihar,2024,8,28.324092191142277,83.9854986746173,2.225531748938458,445.89996337890625
Ashok_Vihar,2024,9,27.51164506276993,82.92291865923832,1.809193507809904,377.8587951660156
Ashok_Vihar,2024,10,26.181660737171914,66.61257761888074,1.8569403144068897,389.22637939453125
Ashok_Vihar,2024,11,21.27970487561405,68.31332510946305,1.7254624660299867,354.7710876464844
Ashok_Vihar,2024,12,14.483980840114475,67.16918619489974,2.231768603832693,262.7060852050781
Ashok_Vihar,2025,1,13.404667409920311,78.4838608303383,2.245637227852241,220.14002990722656
Ashok_Vihar,2025,2,17.519275560185118,63.077697328109,2.4836415320780314,335.9529724121094
Ashok_Vihar,2025,3,22.247211755089396,48.729284284808045,2.688844107486622,509.24591064453125
Ashok_Vihar,2025,4,29.614424642789523,34.864175700265264,2.5781119516407527,794.6102905273438
Ashok_Vihar,2025,5,31.48522344994985,49.92823212669263,2.6078736520821,786.1053466796875
Ashok_Vihar,2025,6,31.366351643612223,63.554395601238895,2.1374741810064526,610.54638671875
Ashok_Vihar,2025,7,28.822197711947098,82.09910136337776,2.1107748760847302,448.1151123046875
Ashok_Vihar,2025,8,28.16188712910248,83.38907564832901,2.3496414692856193,422.8999328613281
Ashok_Vihar,2025,9,28.00942883810585,76.7631268482735,2.4655596416040564,472.4386291503906
Ashok_Vihar,2025,10,24.386899485181456,70.42189989712239,1.4709286817860567,418.32867431640625
Ashok_Vihar,2025,11,18.950202228443445,57.77190350404942,2.1566063052941633,320.4574890136719
Ashok_Vihar,2025,12,15.21166589450572,69.24641291564309,2.170237486364399,220.12254333496094
Aya_Nagar,2022,1,12.71543041437595,80.34934243652089,2.1696584327134314,307.1377258300781
Aya_Nagar,2022,2,15.674512737061487,70.7023315605428,2.4550843862896223,382.19769287109375
Aya_Nagar,2022,3,24.385267020921376,53.00884615937363,2.3936272342364573,472.5963439941406
Aya_Nagar,2022,4,30.91147440978481,26.547734248092997,2.333870992438979,858.5409545898438
Aya_Nagar,2022,5,32.60549199990707,42.287407823002695,2.441185203720482,882.7796020507812
Aya_Nagar,2022,6,33.41085338398304,42.91475703332085,2.8468193828561006,890.3806762695312
Aya_Nagar,2022,7,29.42606138081144,79.27340013478465,2.2841167205967494,509.3075256347656
Aya_Nagar,2022,8,28.736451461894816,77.52941406371505,2.5295842810097238,532.9840087890625
Aya_Nagar,2022,9,28.228499791762005,74.76529477747638,2.133967943326973,529.3543701171875
Aya_Nagar,2022,10,23.81884995363007,71.87089436569191,1.8867529527312523,378.2779235839844
Aya_Nagar,2022,11,20.057825905404517,62.567774422619124,2.052488083759958,321.4193115234375
Aya_Nagar,2022,12,14.994607606038144,67.39597760116476,2.3623851219847065,246.91920471191406
Aya_Nagar,2023,1,12.462159674292181,75.91254382449125,2.122808568645116,261.45672607421875
Aya_Nagar,2023,2,18.747950025634932,58.6725684294756,2.4962759683655635,359.8620910644531
Aya_Nagar,2023,3,22.093123648746953,62.06535591773608,1.9027116526085774,484.9111633300781
Aya_Nagar,2023,4,26.748754935291757,40.18245246814646,2.234704716433786,850.0955810546875
Aya_Nagar,2023,5,29.246424197110954,46.868994639897004,2.2923422645270755,767.0895385742188
Aya_Nagar,2023,6,31.363441063090658,57.02395443631099,2.369150850946762,709.5372314453125
Aya_Nagar,2023,7,29.21467651213253,81.51598215072107,2.131815364041456,433.2030334472656
Aya_Nagar,2023,8,29.986647131628622,70.13687321063445,2.7164433574616957,552.759521484375
Aya_Nagar,2023,9,28.928712808864773,72.1801951873922,2.0638159261599105,477.0967712402344
Aya_Nagar,2023,10,25.40996421310102,57.11786109056567,1.993336386842641,445.69769287109375
Aya_Nagar,2023,11,20.792499615773796,66.47979474449912,1.6149921009708155,343.219970703125
Aya_Nagar,2023,12,15.480696443378447,72.60603499855148,1.8334027591441906,242.32977294921875
Aya_Nagar,2024,1,11.78468448217443,80.7567730921084,1.6606340310661154,211.82176208496094
Aya_Nagar,2024,2,16.09030726818602,63.01771985918236,2.315114620556299,366.45233154296875
Aya_Nagar,2024,3,21.564563903325812,51.68836815491852,2.4035397376202825,486.58551025390625
Aya_Nagar,2024,4,28.47455143877766,30.549199842101515,2.6495574549101195,870.959716796875
Aya_Nagar,2024,5,33.671597657027796,29.111673970743126,2.666216940257528,992.5408325195312
Aya_Nagar,2024,6,34.6450388617076,41.182526088955214,2.9551497833377605,899.2130126953125
Aya_Nagar,2024,7,30.404385045030487,78.57892965832062,1.8908152729110688,460.041015625
Aya_Nagar,2024,8,28.273334131218974,84.02273629468196,2.2272845479065033,443.84918212890625
Aya_Nagar,2024,9,27.51488487577805,82.80115727685947,1.849252720407295,384.5655822753906
Aya_Nagar,2024,10,26.310571845097115,65.9607441986121,1.8823001022757218,400.02154541015625
Aya_Nagar,2024,11,21.412905442637985,67.61113689308925,1.729530127074511,364.9059143066406
Aya_Nagar,2024,12,14.577385211969691,66.99525670319584,2.212365199635407,264.7095031738281
Aya_Nagar,2025,1,13.496005403621245,78.13328193491245,2.229375190287172,221.78407287597656
Aya_Nagar,2025,2,17.679153296883342,62.717445563363285,2.4388116841431757,336.9518127441406
Aya_Nagar,2025,3,22.42594923305031,47.9768181871098,2.681472934568232,523.0731811523438
Aya_Nagar,2025,4,29.774173010578405,34.16339588275899,2.560973107739385,804.9252319335938
Aya_Nagar,2025,5,31.636929813058348,49.32930557532968,2.6204631252521047,798.9885864257812
Aya_Nagar,2025,6,31.40609220163902,63.35361625271808,2.1574655499271485,611.8932495117188
Aya_Nagar,2025,7,28.815315775311102,81.9834778188001,2.1230214692718192,448.0333251953125
Aya_Nagar,2025,8,28.192007917249178,83.019596371499,2.3760796786324976,425.6907958984375
Aya_Nagar,2025,9,28.051764323119848,76.22723089948371,2.4817240085593237,477.9256591796875
Aya_Nagar,2025,10,24.400491137574285,70.28117703213232,1.4587859424806708,422.5277404785156
Aya_Nagar,2025,11,18.940797223157954,57.737908923841175,2.1086187208899503,317.97479248046875
Aya_Nagar,2025,12,15.29095809369559,68.62396544002445,2.1400979333610595,219.77357482910156
Bawana,2022,1,12.636394717905466,81.04638214021637,2.190437271758099,304.80340576171875
Bawana,2022,2,15.451504206320324,71.74551348022538,2.4840602426075806,369.360107421875
Bawana,2022,3,24.233869560565555,53.99029220141338,2.4298432715690486,445.95880126953125
Bawana,2022,4,30.842801487303596,26.682054258629364,2.39197233375692,816.34521484375
Bawana,2022,5,32.40893694168844,42.89662131067545,2.453884468351061,820.083251953125
Bawana,2022,6,33.22911977123874,43.322486292093195,2.8088127078398077,835.596435546875
Bawana,2022,7,29.354106642384874,79.6841909240356,2.2521147886382527,483.0439147949219
Bawana,2022,8,28.7473749064682,77.88001867064023,2.472855208004377,501.97882080078125
Bawana,2022,9,28.16215368356294,75.23029465202478,2.0409461445501775,483.2440490722656
Bawana,2022,10,23.78023408389534,71.73858225204191,1.8756427711743164,362.51580810546875
Bawana,2022,11,19.975667224188594,62.705998406254906,2.110365475862412,309.274658203125
Bawana,2022,12,14.90601499020436,67.92708954566295,2.387637065200089,242.77392578125
Bawana,2023,1,12.333271493546057,76.80604250470321,2.142416203130829,255.1824188232422
Bawana,2023,2,18.54810860357857,59.627077615003046,2.5445440002358377,349.7845458984375
Bawana,2023,3,21.90093231970409,62.40322669852216,1.9387081808856206,466.0058288574219
Bawana,2023,4,26.570121584129424,40.69753904022163,2.2674051700856293,808.4884033203125
Bawana,2023,5,29.061558103849816,47.14358837825448,2.274696018998079,736.9832153320312
Bawana,2023,6,31.300914063545974,57.054393885403954,2.3307777403845042,684.6553955078125
Bawana,2023,7,29.175804362775196,81.52588387890151,2.1464345588283975,426.7043762207031
Bawana,2023,8,29.96269082153998,71.20314528759152,2.588345187825761,508.8796081542969
Bawana,2023,9,28.90708801511453,72.47680123206071,2.01769255915372,454.35882568359375
Bawana,2023,10,25.19448699131887,58.484271184366875,1.9653838329161004,409.000244140625
Bawana,2023,11,20.632358095151606,67.111072677375,1.6237484553603185,319.6317443847656
Bawana,2023,12,15.274777344163592,73.46774693684692,1.8390026252402354,230.95843505859375
Bawana,2024,1,11.575173398207212,81.56447047288286,1.6785544340620548,208.3745880126953
Bawana,2024,2,15.863183118146438,64.05258064908887,2.3562250364946546,359.1019592285156
Bawana,2024,3,21.31769039084992,52.71974752333561,2.457000659827637,463.5860900878906
Bawana,2024,4,28.19078455724941,31.489186604659075,2.6382788448828043,816.6884155273438
Bawana,2024,5,33.50031814772533,29.45822707956774,2.6628355301717335,945.468017578125
Bawana,2024,6,34.61764764103317,40.702375113089104,2.924465214975562,879.93408203125
Bawana,2024,7,30.380272346294287,78.54825923841781,1.8870643752486562,449.3864440917969
Bawana,2024,8,28.341070728731797,83.91455348180457,2.216119635819279,443.1229553222656
Bawana,2024,9,27.529566428592112,82.79445415641278,1.7831890326720892,368.83935546875
Bawana,2024,10,26.179268744871006,66.30060950948157,1.8467352774278982,377.7575378417969
Bawana,2024,11,21.25144721400531,68.2593520752842,1.7240507420505922,342.72161865234375
Bawana,2024,12,14.44153897120475,67.11660364885192,2.2270238399497666,258.8565368652344
Bawana,2025,1,13.365774676912702,78.53128592401278,2.2391718112725423,218.17486572265625
Bawana,2025,2,17.462154374197723,63.09229303499458,2.471994198824317,335.2911682128906
Bawana,2025,3,22.204652727520955,48.648618221715665,2.6793326943841898,495.154052734375
Bawana,2025,4,29.572020814176753,34.857373044298264,2.566163672355536,770.128662109375
Bawana,2025,5,31.482535616915108,49.67986540854391,2.6028944817517483,763.087890625
Bawana,2025,6,31.373225806208374,63.370412949690554,2.1323112131148716,596.9360961914062
Bawana,2025,7,28.83836285536835,81.96205907097239,2.1116289428730233,441.97857666015625
Bawana,2025,8,28.168735779079526,83.31033758543694,2.3466393637491323,413.4580078125
Bawana,2025,9,28.00359969087629,76.68674673233076,2.4543602378574065,461.9355773925781
Bawana,2025,10,24.406597801537693,69.96567428244336,1.4924027806846714,410.06610107421875
Bawana,2025,11,18.97530445953009,57.39451706284095,2.1691489037315836,320.0189208984375
Bawana,2025,12,15.22953018760984,69.02447386940453,2.1781209799783157,218.61485290527344
Burari_Crossing,2022,1,12.629697699158369,81.40841952128206,2.201909616207434,306.2158203125
Burari_Crossing,2022,2,15.365889815304852,72.44461294764395,2.486957582606358,373.9527587890625
Burari_Crossing,2022,3,24.107187945268397,54.998030038904886,2.441934508933643,455.4839782714844
Burari_Crossing,2022,4,30.642268817676808,27.917561657293305,2.3720342006776702,831.5194702148438
Burari_Crossing,2022,5,32.12871999934058,44.811461607786484,2.411644225505192,849.347900390625
Burari_Crossing,2022,6,33.05531353807629,44.098999598624985,2.7646193645009753,866.6680908203125
Burari_Crossing,2022,8,28.675328564673006,78.56159942859807,2.420902225647521,521.1309814453125
Burari_Crossing,2022,9,28.013070321634437,76.34290427238989,2.0320175207112467,513.854736328125
Burari_Crossing,2022,10,23.665017332796765,73.15174899400627,1.8610875106266547,371.7010192871094
Burari_Crossing,2022,11,19.87212636661973,63.79099195537365,2.1090925307645,315.9747009277344
Burari_Crossing,2022,12,14.866203659237481,68.5329519723324,2.4186736556342465,245.35769653320312
Burari_Crossing,2023,1,12.371800508322167,77.39439670833293,2.1476294100324895,259.6785888671875
Burari_Crossing,2023,2,18.465375727846762,60.65743235269964,2.575908156508245,356.3530578613281
Burari_Crossing,2023,3,21.8610377862897,62.692381272176306,1.9608856798960508,476.595458984375
Burari_Crossing,2023,4,26.493034398255915,41.05032749739429,2.263784697571826,834.9840087890625
Burari_Crossing,2023,5,28.974877160084784,47.538173102891314,2.266045539677769,756.6552734375
Burari_Crossing,2023,6,31.215310895633138,57.52718528090382,2.328571878173909,701.7598876953125
Burari_Crossing,2023,7,29.053873276071155,82.11282783936842,2.1339495884599238,431.7899169921875
Burari_Crossing,2023,8,29.784817871149535,72.63640036164827,2.5280363675802633,537.208251953125
Burari_Crossing,2023,9,28.769942788360574,73.62378367214059,1.9879785660115161,470.0148620605469
Burari_Crossing,2023,10,25.129006204455393,59.1319552462147,1.9553599386330394,429.6498107910156
Burari_Crossing,2023,11,20.619220244931178,67.39221392077111,1.6304295807849223,334.8393859863281
Burari_Crossing,2023,12,15.286271185250243,73.61392311247761,1.8589036690545384,238.2931365966797
Burari_Crossing,2024,1,11.60631057035215,81.59279638985765,1.6910731593050388,210.17333984375
Burari_Crossing,2024,2,15.83822992916135,64.5548753511984,2.3995092543799754,362.5963439941406
Burari_Crossing,2024,3,21.24617289502604,53.722256060929,2.4744686506394036,472.822998046875
Burari_Crossing,2024,4,28.174822843469173,31.6910047786104,2.657839338312293,846.77001953125
Burari_Crossing,2024,5,33.36540835406484,30.25941228690964,2.6561462250797954,974.3850708007812
Burari_Crossing,2024,6,34.49293891259544,41.25706548692574,2.906851013256572,892.0215454101562
Burari_Crossing,2024,7,30.210325338216677,79.46004792127823,1.859441331945669,456.0831298828125
Burari_Crossing,2024,8,28.308760062236942,84.13546719167731,2.23163063791586,445.89996337890625
Burari_Crossing,2024,9,27.464382711637878,83.1829036822051,1.7913221607290022,377.8587951660156
Burari_Crossing,2024,10,26.061182280686978,67.38322443681865,1.8343491983098434,389.22637939453125
Burari_Crossing,2024,11,21.171648803323773,68.924106787273,1.7095676562826365,354.7710876464844
Burari_Crossing,2024,12,14.445316674487897,67.37374910521802,2.243893245162988,262.7060852050781
Burari_Crossing,2025,1,13.378103159282933,78.77372092570766,2.2490753033380777,220.14002990722656
Burari_Crossing,2025,2,17.458839897280846,63.251860248840586,2.5270456993673127,335.9529724121094
Burari_Crossing,2025,3,22.155254577510668,49.23457055474298,2.6875419356923405,509.24591064453125
Burari_Crossing,2025,4,29.46710628757549,35.5876092067238,2.592738674692089,794.6102905273438
Burari_Crossing,2025,5,31.318198624395382,50.67689638075267,2.5796293206497625,786.1053466796875
Burari_Crossing,2025,6,31.26635504823059,64.05348964805799,2.110435003242339,610.54638671875
Burari_Crossing,2025,7,28.75647572570584,82.50909853390338,2.0889148484732587,448.1151123046875
Burari_Crossing,2025,8,28.09065522096347,83.89691945066826,2.302757676302808,422.8999328613281
Burari_Crossing,2025,9,27.942322597793925,77.44192967064119,2.4542312248430913,472.4386291503906
Burari_Crossing,2025,10,24.307698143686924,71.16916016212292,1.4711709276688913,418.32867431640625
Burari_Crossing,2025,11,18.90351688906388,58.47105538102827,2.1887381279658373,320.4574890136719
Burari_Crossing,2025,12,15.121936574925238,70.16358440677178,2.169754767307893,220.12254333496094
Chandni_Chowk,2022,1,12.658961844343533,81.16496281838327,2.1990443425958697,306.2158203125
Chandni_Chowk,2022,2,15.44103730322512,72.17086642860673,2.481109816718165,373.9527587890625
Chandni_Chowk,2022,3,24.163248418903486,54.68745663970836,2.429949754821177,455.4839782714844
Chandni_Chowk,2022,4,30.68553459749946,27.77853474908862,2.3511511261176334,831.5194702148438
Chandni_Chowk,2022,5,32.23377100374744,44.431611253841595,2.4118021345791374,849.347900390625
Chandni_Chowk,2022,6,33.155407340873715,43.819641199129634,2.783907496100733,866.6680908203125
Chandni_Chowk,2022,7,29.343058482767667,79.76690827538502,2.2582906394675955,498.9729919433594
Chandni_Chowk,2022,8,28.70468175212271,78.25687761493336,2.449856990351808,521.1309814453125
Chandni_Chowk,2022,12,14.89390322723985,68.31289302870424,2.412115854113363,245.35769653320312
Chandni_Chowk,2023,1,12.396517799212786,77.04912618739942,2.1450444198209597,259.6785888671875
Chandni_Chowk,2023,2,18.535649881179502,60.25556539767023,2.5575005880149764,356.3530578613281
Chandni_Chowk,2023,3,21.926271477552557,62.64996441827785,1.949901081943286,476.595458984375
Chandni_Chowk,2023,4,26.559248232155223,40.8927040657361,2.2555825347839518,834.9840087890625
Chandni_Chowk,2023,5,29.050727992307188,47.430349120536356,2.2754015731816035,756.6552734375
Chandni_Chowk,2023,6,31.2718201030945,57.3640793213812,2.338990947051397,701.7598876953125
Chandni_Chowk,2024,3,21.32939686251408,53.30643307782794,2.4583865156950546,472.822998046875
Chandni_Chowk,2024,4,28.275760533477765,31.32340018717687,2.665341860886138,846.77001953125
Chandni_Chowk,2024,5,33.452171414854334,30.007093001529288,2.6634877889129096,974.3850708007812
Chandni_Chowk,2024,6,34.532120617153495,41.316322053685546,2.9264118192607427,892.0215454101562
Chandni_Chowk,2024,8,28.309165774271897,84.09812398631055,2.2347909790915246,445.89996337890625
Chandni_Chowk,2024,9,27.479421305177603,83.12494968228565,1.8143313168542559,377.8587951660156
Chandni_Chowk,2024,11,21.24205692852626,68.64899068445379,1.7181841406679381,354.7710876464844
Chandni_Chowk,2024,12,14.48657088341785,67.29927261260127,2.241391517651536,262.7060852050781
Chandni_Chowk,2025,1,13.409572658231474,78.60842000428767,2.251610598169536,220.14002990722656
Chandni_Chowk,2025,2,17.515910982487792,63.16387505643108,2.5127128421020006,335.9529724121094
Chandni_Chowk,2025,3,22.22353891153766,49.02482975894073,2.693093706729113,509.24591064453125
Chandni_Chowk,2025,4,29.564674011221406,35.233295111449124,2.593530922782534,794.6102905273438
Chandni_Chowk,2025,5,31.40196694449501,50.44613955116277,2.595872891416633,786.1053466796875
Chandni_Chowk,2025,6,31.315785295438122,63.89095405616719,2.1259920680994813,610.54638671875
Chandni_Chowk,2025,7,28.780975023573536,82.38725915413244,2.099929871544703,448.1151123046875
Chandni_Chowk,2025,8,28.12325039907494,83.69326678351075,2.3278810753384787,422.8999328613281
Chandni_Chowk,2025,9,27.976772577996563,77.16834821372464,2.464578307021284,472.4386291503906
Chandni_Chowk,2025,10,24.33257067903703,71.07357402929969,1.4603763260135587,418.32867431640625
Chandni_Chowk,2025,11,18.908868515615193,58.36030594368371,2.167084084468709,320.4574890136719
Chandni_Chowk,2025,12,15.155357667856698,69.84506406887978,2.16618919481343,220.12254333496094
DTU,2022,1,12.633046208531916,81.2274008307492,2.1961734439827665,306.2158203125
DTU,2022,2,15.408697010812588,72.09506321393467,2.4855089126069694,373.9527587890625
DTU,2022,3,24.170528752916976,54.49416112015914,2.435888890251346,455.4839782714844
DTU,2022,4,30.742535152490202,27.29980795796133,2.382003267217295,831.5194702148438
DTU,2022,5,32.26882847051451,43.85404145923097,2.432764346928127,849.347900390625
DTU,2022,6,33.14221665465752,43.710742945359094,2.7867160361703913,866.6680908203125
DTU,2022,7,29.32378512833597,79.82956403860024,2.245700350067921,498.9729919433594
DTU,2022,8,28.7113517355706,78.22080904961913,2.446878716825949,521.1309814453125
DTU,2022,9,28.08761200259869,75.78659946220733,2.036481832630712,513.854736328125
DTU,2022,10,23.72262570834605,72.44516562302408,1.8683651409004853,371.7010192871094
DTU,2022,11,19.92389679540416,63.248495180814274,2.109729003313456,315.9747009277344
DTU,2022,12,14.886109324720922,68.23002075899767,2.4031553604171676,245.35769653320312
DTU,2023,1,12.352536000934112,77.10021960651807,2.145022806581659,259.6785888671875
DTU,2023,2,18.506742165712666,60.142254983851345,2.560226078372042,356.3530578613281
DTU,2023,3,21.880985052996895,62.54780398534923,1.9497969303908356,476.595458984375
DTU,2023,4,26.53157799119267,40.87393326880795,2.2655949338287273,834.9840087890625
DTU,2023,5,29.0182176319673,47.34088074057289,2.2703707793379238,756.6552734375
DTU,2023,6,31.258112479589553,57.290789583153895,2.3296748092792066,701.7598876953125
DTU,2023,7,29.114838819423174,81.81935585913496,2.140192073644161,431.7899169921875
DTU,2023,8,29.873754346344757,71.9197728246199,2.5581907777030115,537.208251953125
DTU,2023,9,28.838515401737553,73.05029245210065,2.002835562582618,470.0148620605469
DTU,2023,10,25.16174659788713,58.80811321529078,1.9603718857745698,429.6498107910156
DTU,2023,11,20.625789170041394,67.25164329907305,1.62708901807262,334.8393859863281
DTU,2023,12,15.28052426470692,73.54083502466226,1.848953147147387,238.2931365966797
DTU,2024,1,11.590741984279681,81.57863343137025,1.6848137966835466,210.17333984375
DTU,2024,2,15.850706523653894,64.30372800014362,2.377867145437315,362.5963439941406
DTU,2024,3,21.281931642937977,53.2210017921323,2.46573465523352,472.822998046875
DTU,2024,4,28.18280370035929,31.590095691634737,2.648059091597549,846.77001953125
DTU,2024,5,33.43286325089509,29.858819683238693,2.6594908776257644,974.3850708007812
DTU,2024,6,34.555293276814304,40.97972030000742,2.9156581141160665,892.0215454101562
DTU,2024,7,30.29529884225548,79.00415357984802,1.8732528535971626,456.0831298828125
DTU,2024,8,28.32491539548437,84.02501033674093,2.2238751368675693,445.89996337890625
DTU,2024,9,27.496974570114997,82.98867891930894,1.787255596700546,377.8587951660156
DTU,2024,10,26.120225512778994,66.8419169731501,1.840542237868871,389.22637939453125
DTU,2024,11,21.21154800866454,68.5917294312786,1.7168091991666143,354.7710876464844
DTU,2024,12,14.443427822846322,67.24517637703495,2.235458542556377,262.7060852050781
DTU,2025,1,13.371938918097815,78.65250342486021,2.24412355730531,220.14002990722656
DTU,2025,2,17.46049713573928,63.17207664191758,2.4995199490958147,335.9529724121094
DTU,2025,3,22.17995365251581,48.94159438822932,2.6834373150382653,509.24591064453125
DTU,2025,4,29.51956355087612,35.222491125511034,2.579451173523813,794.6102905273438
DTU,2025,5,31.400367120655243,50.178380894648285,2.591261901200755,786.1053466796875
DTU,2025,6,31.31979042721948,63.71195129887427,2.1213731081786054,610.54638671875
DTU,2025,7,28.797419290537093,82.23557880243789,2.1002718956731408,448.1151123046875
DTU,2025,8,28.129695500021498,83.6036285180526,2.32469852002597,422.8999328613281
DTU,2025,9,27.972961144335105,77.06433820148597,2.454295731350249,472.4386291503906
DTU,2025,10,24.35714797261231,70.56741722228314,1.4817868541767814,418.32867431640625
DTU,2025,11,18.939410674296987,57.93278622193461,2.1789435158487103,320.4574890136719
DTU,2025,12,15.175733381267538,69.59402913808815,2.173937873643104,220.12254333496094
Dr._Karni_Singh_Shooting_Range,2022,1,12.708566218367405,80.56509452439005,2.176654510015858,306.97381591796875
Dr._Karni_Singh_Shooting_Range,2022,2,15.626041425202345,71.16245757025753,2.457672886349856,368.66387939453125
Dr._Karni_Singh_Shooting_Range,2022,3,24.319431742393373,53.58809188665873,2.400044961558005,451.54705810546875
Dr._Karni_Singh_Shooting_Range,2022,4,30.810302044024223,27.22553898827385,2.320273557828146,800.08642578125
Dr._Karni_Singh_Shooting_Range,2022,5,32.46725176380246,43.301953347199984,2.415515968085432,803.7620239257812
Dr._Karni_Singh_Shooting_Range,2022,6,33.33025077372847,43.314105443452945,2.8199298985059142,839.2534790039062
Dr._Karni_Singh_Shooting_Range,2022,7,29.409777122790643,79.37920267289822,2.279992007703595,510.5500183105469
Dr._Karni_Singh_Shooting_Range,2022,8,28.709782904617906,77.85385844247656,2.503633232456624,518.680908203125
Dr._Karni_Singh_Shooting_Range,2022,9,28.16328779354791,75.32239405791667,2.129792211052859,517.9296875
Dr._Karni_Singh_Shooting_Range,2022,10,23.768110116168316,72.58897562607673,1.881264515056381,359.8581848144531
Dr._Karni_Singh_Shooting_Range,2022,11,20.007649747552836,63.186774173223725,2.054223078667435,306.9778747558594
Dr._Karni_Singh_Shooting_Range,2022,12,14.974160563829846,67.7472969511894,2.3808437117444528,244.62579345703125
Dr._Karni_Singh_Shooting_Range,2023,1,12.473278025376768,76.26930548669259,2.1271008936327793,259.49383544921875
Dr._Karni_Singh_Shooting_Range,2023,2,18.69633189519467,59.31420937591516,2.511206263409945,346.4603271484375
Dr._Karni_Singh_Shooting_Range,2023,3,22.070350794052025,62.32207125800129,1.9137719873177135,469.37615966796875
Dr._Karni_Singh_Shooting_Range,2023,4,26.702750607324045,40.45249622912781,2.231551128326878,811.7897338867188
Dr._Karni_Singh_Shooting_Range,2023,5,29.20525908661154,47.09907962778679,2.2878263721632486,747.1572265625
Dr._Karni_Singh_Shooting_Range,2023,6,31.334089897018558,57.23953003479633,2.3682661142067283,709.024169921875
Dr._Karni_Singh_Shooting_Range,2023,7,29.163313143357776,81.79923923619273,2.126175880769279,425.1246643066406
Dr._Karni_Singh_Shooting_Range,2023,8,29.90762786952485,70.85559272163616,2.678651383671278,519.3551635742188
Dr._Karni_Singh_Shooting_Range,2023,9,28.86345994763419,72.78055369953427,2.050686994271038,449.3434143066406
Dr._Karni_Singh_Shooting_Range,2023,10,25.376751557630982,57.511333810387676,1.988027096922438,422.1915283203125
Dr._Karni_Singh_Shooting_Range,2023,11,20.79094606060487,66.66139280320128,1.6216837567178313,334.8490905761719
Dr._Karni_Singh_Shooting_Range,2023,12,15.485636008016186,72.7376813757466,1.8447329002122814,242.66818237304688
Dr._Karni_Singh_Shooting_Range,2024,1,11.789796000625385,80.83423905545914,1.6664626431157228,211.42031860351562
Dr._Karni_Singh_Shooting_Range,2024,2,16.078001320269777,63.306025362785924,2.3399427261572487,362.1591796875
Dr._Karni_Singh_Shooting_Range,2024,3,21.531059783335373,52.201449129385225,2.415842098233647,475.6807861328125
Dr._Karni_Singh_Shooting_Range,2024,4,28.475051889361048,30.64506289524795,2.662158680341121,864.3588256835938
Dr._Karni_Singh_Shooting_Range,2024,5,33.61312554810522,29.501002507089655,2.6664128148985964,960.7681884765625
Dr._Karni_Singh_Shooting_Range,2024,6,34.595525492285134,41.43812209994598,2.948283774511425,872.0936279296875
Dr._Karni_Singh_Shooting_Range,2024,7,30.330220600480544,79.03035951882154,1.8781308571269815,444.63592529296875
Dr._Karni_Singh_Shooting_Range,2024,8,28.266630549294646,84.12218185629528,2.237671587564658,443.712158203125
Dr._Karni_Singh_Shooting_Range,2024,9,27.488740381011603,83.0030957895124,1.8562508000770208,381.58734130859375
Dr._Karni_Singh_Shooting_Range,2024,10,26.257557259046703,66.52747711504291,1.8765631535270209,385.96368408203125
Dr._Karni_Singh_Shooting_Range,2024,11,21.38263552952214,67.95310744803977,1.7229037832778231,359.78155517578125
Dr._Karni_Singh_Shooting_Range,2024,12,14.582671973576012,67.13430748914058,2.2232793257018013,263.29656982421875
Dr._Karni_Singh_Shooting_Range,2025,1,13.499271807379564,78.27386809093014,2.236876449348897,221.48133850097656
Dr._Karni_Singh_Shooting_Range,2025,2,17.674591825272877,62.82829080934019,2.469352720489563,338.76043701171875
Dr._Karni_Singh_Shooting_Range,2025,3,22.406721434540188,48.2789587530561,2.6858810842751137,516.7305297851562
Dr._Karni_Singh_Shooting_Range,2025,4,29.731078194025308,34.54100264868575,2.578519874118929,790.6840209960938
Dr._Karni_Singh_Shooting_Range,2025,5,31.558800359537955,49.85679661813997,2.608151342720613,775.682861328125
Dr._Karni_Singh_Shooting_Range,2025,6,31.366779075495067,63.66403924453081,2.1453689999011356,608.8843994140625
Dr._Karni_Singh_Shooting_Range,2025,7,28.780645025737705,82.27148119212627,2.113332921094855,441.4715881347656
Dr._Karni_Singh_Shooting_Range,2025,8,28.160110271959248,83.32223654145716,2.3559204438919465,418.0711364746094
Dr._Karni_Singh_Shooting_Range,2025,9,28.023409497580822,76.64771727296912,2.47925401721554,467.8612976074219
Dr._Karni_Singh_Shooting_Range,2025,10,24.345528815102178,70.98542652265976,1.448704093246999,398.9010925292969
Dr._Karni_Singh_Shooting_Range,2025,11,18.895424983601504,58.39478778491927,2.119898303356325,303.75445556640625
Dr._Karni_Singh_Shooting_Range,2025,12,15.232180632835,69.27455535480995,2.136764969051516,214.46278381347656
Dwarka-Sector_8,2022,1,12.703753095975177,80.51207225107726,2.182953435051911,306.2158203125
Dwarka-Sector_8,2022,2,15.61287464846047,71.05091687902946,2.470818834407627,373.9527587890625
Dwarka-Sector_8,2022,3,24.354584618664525,53.249886844328735,2.403614252122482,455.4839782714844
Dwarka-Sector_8,2022,4,30.938898170805263,26.282879211633677,2.3553116844886333,831.5194702148438
Dwarka-Sector_8,2022,5,32.62806647561242,42.001787193055456,2.4604861766434403,849.347900390625
Dwarka-Sector_8,2022,6,33.43369713833392,42.70913966612004,2.8556351304357954,866.6680908203125
Dwarka-Sector_8,2022,7,29.442664130134826,79.2943676117312,2.287057413166452,498.9729919433594
Dwarka-Sector_8,2022,8,28.803422344137513,77.25098015672285,2.5328085882114477,521.1309814453125
Dwarka-Sector_8,2022,9,28.29448626159305,74.39622627814325,2.105727780444243,513.854736328125
Dwarka-Sector_8,2022,10,23.844646332230653,71.38928688570873,1.8911024108407937,371.7010192871094
Dwarka-Sector_8,2022,11,20.07174008926785,62.25638237813273,2.076077772066825,315.9747009277344
Dwarka-Sector_8,2022,12,14.965212861109876,67.41950060253416,2.3694522790919064,245.35769653320312
Dwarka-Sector_8,2023,1,12.395241974333425,76.03614764094742,2.1347130913062524,259.6785888671875
Dwarka-Sector_8,2023,2,18.707509225775066,58.63314181940775,2.507476432004725,356.3530578613281
Dwarka-Sector_8,2023,3,22.041413689185188,62.14858154981279,1.916778380703525,476.595458984375
Dwarka-Sector_8,2023,4,26.722411104234258,40.23198711640927,2.2531627611583818,834.9840087890625
Dwarka-Sector_8,2023,5,29.218581434516533,46.856950379107126,2.2936232969503507,756.6552734375
Dwarka-Sector_8,2023,6,31.4037008530857,56.731098617596075,2.3513323927520315,701.7598876953125
Dwarka-Sector_8,2023,7,29.262629712867867,81.26087536571234,2.1481643449282815,431.7899169921875
Dwarka-Sector_8,2023,8,30.098176313593648,69.69555511923359,2.7063145502968906,537.208251953125
Dwarka-Sector_8,2023,9,29.006850867410915,71.70676928884495,2.0625475291818316,470.0148620605469
Dwarka-Sector_8,2023,10,25.371826604784964,57.343744486070996,1.9940030804039885,429.6498107910156
Dwarka-Sector_8,2023,11,20.75119484261284,66.60387480333902,1.6188526745332525,334.8393859863281
Dwarka-Sector_8,2023,12,15.407807885223152,72.78982300256061,1.837519317976068,238.2931365966797
Dwarka-Sector_8,2024,1,11.693269441757653,80.95077890713762,1.6681852728329347,210.17333984375
Dwarka-Sector_8,2024,2,16.009491954616788,63.2559633787772,2.3139014647328526,362.5963439941406
Dwarka-Sector_8,2024,3,21.484899989196343,51.86722561376326,2.4181432550065347,472.822998046875
Dwarka-Sector_8,2024,4,28.3832131752244,30.76526781555367,2.6484016089555946,846.77001953125
Dwarka-Sector_8,2024,5,33.6655726206567,28.961413520949606,2.6721379874149194,974.3850708007812
Dwarka-Sector_8,2024,6,34.686697661316174,40.83399287501045,2.9612733832314904,892.0215454101562
Dwarka-Sector_8,2024,7,30.481944215580956,78.15788804407026,1.899617678864931,456.0831298828125
Dwarka-Sector_8,2024,8,28.336966487293523,83.83119324404346,2.2164254017515037,445.89996337890625
Dwarka-Sector_8,2024,9,27.55817121213239,82.64732111596922,1.8249223648590136,377.8587951660156
Dwarka-Sector_8,2024,10,26.301910521383068,65.8108423598434,1.8795217000350173,389.22637939453125
Dwarka-Sector_8,2024,11,21.38325843139838,67.69596699366042,1.7414308407334766,354.7710876464844
Dwarka-Sector_8,2024,12,14.521242622417446,66.96159590554447,2.2172675400779323,262.7060852050781
Dwarka-Sector_8,2025,1,13.4337496463056,78.1873173887651,2.240155903797351,220.14002990722656
Dwarka-Sector_8,2025,2,17.58312590156717,62.89074616457923,2.4371462452838077,335.9529724121094
Dwarka-Sector_8,2025,3,22.3371164697613,48.21885939963506,2.6898563221040703,509.24591064453125
Dwarka-Sector_8,2025,4,29.75632973453852,34.13273953386454,2.559222288642408,794.6102905273438
Dwarka-Sector_8,2025,5,31.654424293894273,49.14078399590106,2.6368543437433836,786.1053466796875
Dwarka-Sector_8,2025,6,31.46061017736426,63.06526134293063,2.1656013747119753,610.54638671875
Dwarka-Sector_8,2025,7,28.88847794527296,81.65982807427373,2.1316108183764917,448.1151123046875
Dwarka-Sector_8,2025,8,28.232311939180516,82.85943144085755,2.3961643627163856,422.8999328613281
Dwarka-Sector_8,2025,9,28.08057050555399,76.0290642333139,2.478721714516251,472.4386291503906
Dwarka-Sector_8,2025,10,24.475858781114074,69.57477724744682,1.4705592944324377,418.32867431640625
Dwarka-Sector_8,2025,11,19.00776742301329,56.97248506598931,2.1231081485076544,320.4574890136719
Dwarka-Sector_8,2025,12,15.306418054699645,68.27104965540828,2.1704505758524215,220.12254333496094
IGI_Airport_(T3),2022,1,12.69598954275194,80.7167891832809,2.1895662520181083,306.2158203125
IGI_Airport_(T3),2022,2,15.564529719802929,71.47401839429948,2.4730404426187995,373.9527587890625
IGI_Airport_(T3),2022,3,24.286946755601548,53.813385042420286,2.410789626415597,455.4839782714844
IGI_Airport_(T3),2022,4,30.83384927406368,26.961193526258814,2.3427898680231154,831.5194702148438
IGI_Airport_(T3),2022,5,32.48344424188336,43.02677404647608,2.4362231101482617,849.347900390625
IGI_Airport_(T3),2022,6,33.34459914100253,43.12471123287716,2.8294153790681436,866.6680908203125
IGI_Airport_(T3),2022,7,29.417658740691547,79.42662350466819,2.282176390302027,498.9729919433594
IGI_Airport_(T3),2022,8,28.76872864185497,77.60156797899577,2.505810171633771,521.1309814453125
IGI_Airport_(T3),2022,9,28.221187226240573,74.97213909684376,2.1011858946927457,513.854736328125
IGI_Airport_(T3),2022,10,23.787151529871817,72.12329746537488,1.8849791896060435,371.7010192871094
IGI_Airport_(T3),2022,11,20.017406947999,62.86952466016852,2.077171950549724,315.9747009277344
IGI_Airport_(T3),2022,12,14.943407828176046,67.75616734380513,2.3875051658421937,245.35769653320312
IGI_Airport_(T3),2023,1,12.408238532218416,76.37000165370665,2.138586260457841,259.6785888671875
IGI_Airport_(T3),2023,2,18.656716630143652,59.24342013102431,2.523284725763217,356.3530578613281
IGI_Airport_(T3),2023,3,22.0164594290003,62.378064557096096,1.9278474323470236,476.595458984375
IGI_Airport_(T3),2023,4,26.673936585144396,40.48353387524359,2.25027156657723,834.9840087890625
IGI_Airport_(T3),2023,5,29.172580129523062,47.08973775864426,2.2891904518178943,756.6552734375
IGI_Airport_(T3),2023,6,31.366015081820784,56.96603598972734,2.350371204340458,701.7598876953125
IGI_Airport_(T3),2023,7,29.203582759114486,81.56051564054758,2.142423387582484,431.7899169921875
IGI_Airport_(T3),2023,8,30.010318955575784,70.44062031499823,2.668871063678607,537.208251953125
IGI_Airport_(T3),2023,9,28.936478149742875,72.31214220177468,2.0489057792567844,470.0148620605469
IGI_Airport_(T3),2023,10,25.337471148097528,57.71306850410485,1.989188671433185,429.6498107910156
IGI_Airport_(T3),2023,11,20.747331851139155,66.76586592812723,1.62503647304955,334.8393859863281
IGI_Airport_(T3),2023,12,15.413184399375147,72.89052864357134,1.849059291231029,238.2931365966797
IGI_Airport_(T3),2024,1,11.702072741440086,80.99890562682945,1.6742351839832648,210.17333984375
IGI_Airport_(T3),2024,2,15.996653608634594,63.52109150081763,2.3390970659782644,362.5963439941406
IGI_Airport_(T3),2024,3,21.448760409599235,52.37891785424509,2.43022381787862,472.822998046875
IGI_Airport_(T3),2024,4,28.379955699355385,30.860531705648512,2.660622996207789,846.77001953125
IGI_Airport_(T3),2024,5,33.60225354815026,29.35809361854928,2.6714836700804714,974.3850708007812
IGI_Airport_(T3),2024,6,34.62899999151385,41.1047857477279,2.953623004248202,892.0215454101562
IGI_Airport_(T3),2024,7,30.399387248384908,78.62976135513804,1.886421275927299,456.0831298828125
IGI_Airport_(T3),2024,8,28.32326898680019,83.94598701249366,2.227188361009347,445.89996337890625
IGI_Airport_(T3),2024,9,27.526315555424866,82.85715839916772,1.8311314189192611,377.8587951660156
IGI_Airport_(T3),2024,10,26.243095961564837,66.38323826461138,1.873338390944908,389.22637939453125
IGI_Airport_(T3),2024,11,21.347861742563563,68.03492078764752,1.7341157328933583,354.7710876464844
IGI_Airport_(T3),2024,12,14.524533857382625,67.0931960127645,2.2280786651090083,262.7060852050781
IGI_Airport_(T3),2025,1,13.437395901742805,78.3152182358164,2.2471508983991724,220.14002990722656
IGI_Airport_(T3),2025,2,17.578053984630955,62.983318014300416,2.4677631150602486,335.9529724121094
IGI_Airport_(T3),2025,3,22.314469857662974,48.51697418138678,2.6942508999349775,509.24591064453125
IGI_Airport_(T3),2025,4,29.709285734702924,34.5058602750195,2.576772729757693,794.6102905273438
IGI_Airport_(T3),2025,5,31.570079779244452,49.67808335873698,2.6244854029634435,786.1053466796875
IGI_Airport_(T3),2025,6,31.41291286000496,63.396839903603514,2.1535752538342994,610.54638671875
IGI_Airport_(T3),2025,7,28.846976133357096,81.96262392431764,2.1212778564963193,448.1151123046875
IGI_Airport_(T3),2025,8,28.194078758183466,83.17452277860541,2.3745844185452674,422.8999328613281
IGI_Airport_(T3),2025,9,28.0458965318766,76.46191549506102,2.476823551857863,472.4386291503906
IGI_Airport_(T3),2025,10,24.416650997750605,70.27638257196165,1.4600705093953323,418.32867431640625
IGI_Airport_(T3),2025,11,18.960993782589895,57.61102078616424,2.1342690947396177,320.4574890136719
IGI_Airport_(T3),2025,12,15.247598407743899,68.89879669319805,2.1665370990856947,220.12254333496094
IHBAS_Dilshad_Garden,2022,1,12.653405813045138,81.35783062975153,2.2052188371913024,307.1187744140625
IHBAS_Dilshad_Garden,2022,2,15.39546124114247,72.55719205309644,2.4829449558234455,365.1680908203125
IHBAS_Dilshad_Garden,2022,3,24.097759083547697,55.22114019812708,2.436560251308883,439.18731689453125
IHBAS_Dilshad_Garden,2022,4,30.582876981721952,28.42656875606726,2.33990568461506,777.0055541992188
IHBAS_Dilshad_Garden,2022,5,32.09140565129593,45.4228147548298,2.3891105406200777,777.5386352539062
IHBAS_Dilshad_Garden,2022,6,33.06740678391739,44.2215553091412,2.759749284582195,814.0657348632812
IHBAS_Dilshad_Garden,2022,7,29.315395031021566,79.90572277913587,2.252642908750216,497.77764892578125
IHBAS_Dilshad_Garden,2022,8,28.669323315532637,78.60256671555932,2.423369536473752,505.2118835449219
IHBAS_Dilshad_Garden,2022,9,28.006558898102888,76.51158690840867,2.059827665990767,500.3103332519531
IHBAS_Dilshad_Garden,2022,10,23.639785441200804,73.72482549484792,1.8632713137446826,352.7002258300781
IHBAS_Dilshad_Garden,2022,11,19.86454830164829,64.21464897708664,2.0939081828655324,301.1332702636719
IHBAS_Dilshad_Garden,2022,12,14.87304787803121,68.63269200600712,2.4289014450970483,242.94114685058594
IHBAS_Dilshad_Garden,2023,1,12.412648331849311,77.36314174468649,2.1482843061221697,258.7679748535156
IHBAS_Dilshad_Garden,2023,2,18.489570364430836,60.81829323790274,2.5732457739623267,347.31854248046875
IHBAS_Dilshad_Garden,2023,3,21.903820714106512,62.83699456533306,1.9609799825176446,465.33453369140625
IHBAS_Dilshad_Garden,2023,4,26.51573917614191,41.106674559446446,2.2532318193649243,802.14404296875
IHBAS_Dilshad_Garden,2023,5,29.00605710386919,47.64538899146416,2.2710225307852965,738.8174438476562
IHBAS_Dilshad_Garden,2023,6,31.231576425483834,57.599745856321825,2.3379588872929618,698.3248291015625
IHBAS_Dilshad_Garden,2023,7,29.039198292163416,82.28304800491,2.1293242880832866,423.0887756347656
IHBAS_Dilshad_Garden,2023,8,29.76524281774718,72.64188930260217,2.5459330239497735,504.639404296875
IHBAS_Dilshad_Garden,2023,9,28.74855144469518,73.86008145990739,1.9973719244235504,443.3123779296875
IHBAS_Dilshad_Garden,2023,10,25.18251302287315,58.953756908655606,1.964953922491543,410.3251647949219
IHBAS_Dilshad_Garden,2023,11,20.676128594006375,67.31131636008641,1.6355871067896852,327.7705078125
IHBAS_Dilshad_Garden,2023,12,15.357977766736358,73.38947556294288,1.8704967143513218,239.72019958496094
IHBAS_Dilshad_Garden,2024,1,11.670779248614787,81.3510592072791,1.6918337641052286,211.21490478515625
IHBAS_Dilshad_Garden,2024,2,15.898365125669503,64.42868522357585,2.4053198158958646,360.79998779296875
IHBAS_Dilshad_Garden,2024,3,21.29344769875955,53.81290633246727,2.4687937948340406,464.6595153808594
IHBAS_Dilshad_Garden,2024,4,28.2701413670982,31.42148667571213,2.6763426778696093,841.9074096679688
IHBAS_Dilshad_Garden,2024,5,33.38678443018598,30.40572935216466,2.6614883039727006,942.8936157226562
IHBAS_Dilshad_Garden,2024,6,34.472094600142896,41.59039108350347,2.9181830793393497,862.705322265625
IHBAS_Dilshad_Garden,2024,7,30.179812574085332,79.74472511999106,1.8528291401731027,439.21173095703125
IHBAS_Dilshad_Garden,2024,8,28.294239357401516,84.21074929800383,2.244050209244593,445.4423522949219
IHBAS_Dilshad_Garden,2024,9,27.44719754758528,83.326980705333,1.8194691258986087,374.0152893066406
IHBAS_Dilshad_Garden,2024,10,26.063802945261656,67.72628098731731,1.844563965757752,376.70208740234375
IHBAS_Dilshad_Garden,2024,11,21.204408981438462,68.9846562594446,1.7109058153058891,349.6602783203125
IHBAS_Dilshad_Garden,2024,12,14.489160926721226,67.42935903030283,2.2510144314703804,261.1800537109375
IHBAS_Dilshad_Garden,2025,1,13.414477906542633,78.73297917823706,2.2575839684868315,220.74078369140625
IHBAS_Dilshad_Garden,2025,2,17.512546404790463,63.250052784753194,2.541784152125974,339.7124328613281
IHBAS_Dilshad_Garden,2025,3,22.199866067985923,49.32037523307346,2.6973433059716054,504.5127258300781
IHBAS_Dilshad_Garden,2025,4,29.51492337965328,35.60241452263304,2.6089498939243168,784.476318359375
IHBAS_Dilshad_Garden,2025,5,31.318710439040157,50.96404697563299,2.5838721307511645,762.3353881835938
IHBAS_Dilshad_Garden,2025,6,31.26521894726402,64.22751251109554,2.1145099551925086,604.3180541992188
IHBAS_Dilshad_Garden,2025,7,28.73975233519997,82.67541694488716,2.089084867004674,440.5146789550781
IHBAS_Dilshad_Garden,2025,8,28.084613669047396,83.99745791869253,2.306120681391336,414.3418884277344
IHBAS_Dilshad_Garden,2025,9,27.94411631788728,77.57356957917585,2.463596972438511,463.04071044921875
IHBAS_Dilshad_Garden,2025,10,24.278241872892593,71.7252481614771,1.4498239702410596,395.7608947753906
IHBAS_Dilshad_Garden,2025,11,18.867534802786935,58.94870838331809,2.1775618636432554,306.6243591308594
IHBAS_Dilshad_Garden,2025,12,15.099049441207669,70.44371522211655,2.1621409032624603,215.31825256347656
IIT_Delhi,2025,12,15.247598407743899,68.89879669319805,2.1665370990856947,220.12254333496094
IMD_Lodhi_Road,2022,1,12.688225989528698,80.9215061154845,2.1961790689843057,306.2158203125
IMD_Lodhi_Road,2022,2,15.516184791145387,71.89711990956954,2.475262050829971,373.9527587890625
IMD_Lodhi_Road,2022,3,24.21930889253857,54.37688324051184,2.417965000708712,455.4839782714844
IMD_Lodhi_Road,2022,4,30.728800377322102,27.639507840883947,2.3302680515575975,831.5194702148438
IMD_Lodhi_Road,2022,5,32.3388220081543,44.05176089989672,2.4119600436530826,849.347900390625
IMD_Lodhi_Road,2022,6,33.25550114367113,43.540282799634284,2.8031956277004912,866.6680908203125
IMD_Lodhi_Road,2022,7,29.39265335124826,79.55887939760518,2.277295367437601,498.9729919433594
IMD_Lodhi_Road,2022,8,28.734034939572414,77.95215580126867,2.478811755056095,521.1309814453125
IMD_Lodhi_Road,2022,9,28.147888190888096,75.54805191554426,2.09664400894125,513.854736328125
IMD_Lodhi_Road,2022,10,23.729656727512985,72.85730804504105,1.8788559683712935,371.7010192871094
IMD_Lodhi_Road,2022,11,19.96307380673015,63.48266694220431,2.0782661290326234,315.9747009277344
IMD_Lodhi_Road,2022,12,14.921602795242215,68.09283408507609,2.4055580525924807,245.35769653320312
IMD_Lodhi_Road,2023,1,12.421235090103405,76.7038556664659,2.1424594296094304,259.6785888671875
IMD_Lodhi_Road,2023,2,18.605924034512242,59.853698442640855,2.5390930195217085,356.3530578613281
IMD_Lodhi_Road,2023,3,21.99150516881541,62.60754756437939,1.9389164839905222,476.595458984375
IMD_Lodhi_Road,2023,4,26.62546206605453,40.735080634077896,2.247380371996078,834.9840087890625
IMD_Lodhi_Road,2023,5,29.12657882452959,47.322525138181405,2.2847576066854374,756.6552734375
IMD_Lodhi_Road,2023,6,31.328329310555873,57.2009733618586,2.349410015928885,701.7598876953125
IMD_Lodhi_Road,2023,7,29.14453580536111,81.8601559153828,2.136682430236686,431.7899169921875
IMD_Lodhi_Road,2023,8,29.922461597557927,71.18568551076288,2.631427577060324,537.208251953125
IMD_Lodhi_Road,2023,9,28.866105432074825,72.9175151147044,2.0352640293317372,470.0148620605469
IMD_Lodhi_Road,2023,10,25.303115691410092,58.0823925221387,1.9843742624623821,429.6498107910156
IMD_Lodhi_Road,2023,11,20.743468859665473,66.92785705291543,1.6312202715658475,334.8393859863281
IMD_Lodhi_Road,2023,12,15.418560913527145,72.99123428458208,1.86059926448599,238.2931365966797
IMD_Lodhi_Road,2024,1,11.71087604112252,81.04703234652132,1.680285095133595,210.17333984375
IMD_Lodhi_Road,2024,2,15.983815262652396,63.78621962285806,2.364292667223676,362.5963439941406
IMD_Lodhi_Road,2024,3,21.412620830002126,52.89061009472691,2.4423043807507057,472.822998046875
IMD_Lodhi_Road,2024,4,28.376698223486365,30.955795595743353,2.6728443834599838,846.77001953125
IMD_Lodhi_Road,2024,5,33.53893447564382,29.75477371614895,2.6708293527460234,974.3850708007812
IMD_Lodhi_Road,2024,6,34.57130232171154,41.37557862044535,2.9459726252649134,892.0215454101562
IMD_Lodhi_Road,2024,7,30.316830281188864,79.10163466620581,1.8732248729896666,456.0831298828125
IMD_Lodhi_Road,2024,8,28.309571486306854,84.06078078094383,2.2379513202671895,445.89996337890625
IMD_Lodhi_Road,2024,9,27.494459898717338,83.06699568236621,1.8373404729795089,377.8587951660156
IMD_Lodhi_Road,2024,10,26.184281401746592,66.95563416937934,1.8671550818547986,389.22637939453125
IMD_Lodhi_Road,2024,11,21.312465053728744,68.37387458163461,1.72680062505324,354.7710876464844
IMD_Lodhi_Road,2024,12,14.527825092347802,67.22479611998453,2.2388897901400844,262.7060852050781
IMD_Lodhi_Road,2025,1,13.441042157180012,78.4431190828677,2.2541458930009943,220.14002990722656
IMD_Lodhi_Road,2025,2,17.572982067694735,63.07588986402159,2.498379984836689,335.9529724121094
IMD_Lodhi_Road,2025,3,22.291823245564657,48.81508896313851,2.6986454777658855,509.24591064453125
IMD_Lodhi_Road,2025,4,29.662241734867322,34.87898101617447,2.5943231708729777,794.6102905273438
IMD_Lodhi_Road,2025,5,31.48573526459463,50.215382721572894,2.612116462183503,786.1053466796875
IMD_Lodhi_Road,2025,6,31.365215542645657,63.7284184642764,2.141549132956623,610.54638671875
IMD_Lodhi_Road,2025,7,28.80547432144123,82.26541977436152,2.1109448946161473,448.1151123046875
IMD_Lodhi_Road,2025,9,28.011222558199215,76.89476675680812,2.4749253891994756,472.4386291503906
IMD_Lodhi_Road,2025,10,24.357443214387132,70.97798789647646,1.449581724358227,418.32867431640625
IMD_Lodhi_Road,2025,11,18.9142201421665,58.24955650633917,2.1454300409715814,320.4574890136719
IMD_Lodhi_Road,2025,12,15.188778760788157,69.5265437309878,2.1626236223189683,220.12254333496094
ITO,2022,1,12.658961844343533,81.16496281838327,2.1990443425958697,306.2158203125
ITO,2022,2,15.44103730322512,72.17086642860673,2.481109816718165,373.9527587890625
ITO,2022,3,24.163248418903486,54.68745663970836,2.429949754821177,455.4839782714844
ITO,2022,4,30.68553459749946,27.77853474908862,2.3511511261176334,831.5194702148438
ITO,2022,5,32.23377100374744,44.431611253841595,2.4118021345791374,849.347900390625
ITO,2022,6,33.155407340873715,43.819641199129634,2.783907496100733,866.6680908203125
ITO,2022,7,29.343058482767667,79.76690827538502,2.2582906394675955,498.9729919433594
ITO,2022,8,28.70468175212271,78.25687761493336,2.449856990351808,521.1309814453125
ITO,2022,9,28.08047925626127,75.94547809396707,2.0643307648262486,513.854736328125
ITO,2022,10,23.69733703015487,73.00452851952365,1.8699717394989743,371.7010192871094
ITO,2022,11,19.917600086674938,63.63682944878897,2.093679329898561,315.9747009277344
ITO,2022,12,14.89390322723985,68.31289302870424,2.412115854113363,245.35769653320312
ITO,2023,1,12.396517799212786,77.04912618739942,2.1450444198209597,259.6785888671875
ITO,2023,2,18.535649881179502,60.25556539767023,2.5575005880149764,356.3530578613281
ITO,2023,3,21.926271477552557,62.64996441827785,1.949901081943286,476.595458984375
ITO,2023,4,26.559248232155223,40.8927040657361,2.2555825347839518,834.9840087890625
ITO,2023,5,29.050727992307188,47.430349120536356,2.2754015731816035,756.6552734375
ITO,2023,6,31.2718201030945,57.3640793213812,2.338990947051397,701.7598876953125
ITO,2023,7,29.099204540716126,81.98649187737561,2.135316009348305,431.7899169921875
ITO,2023,8,29.853639734353735,71.91104293620556,2.5797319723202943,537.208251953125
ITO,2023,9,28.818024110217696,73.27064939342247,2.011621297671627,470.0148620605469
ITO,2023,10,25.216060947932743,58.60717388417668,1.9698671005477109,429.6498107910156
ITO,2023,11,20.681344552298324,67.16003548684326,1.6308249261753849,334.8393859863281
ITO,2023,12,15.352416049388694,73.30257869852983,1.859751466770264,238.2931365966797
ITO,2024,1,11.658593305737334,81.31991436818947,1.6856791272193166,210.17333984375
ITO,2024,2,15.911022595906873,64.17054748702823,2.3819009608018256,362.5963439941406
ITO,2024,3,21.32939686251408,53.30643307782794,2.4583865156950546,472.822998046875
ITO,2024,4,28.275760533477765,31.32340018717687,2.665341860886138,846.77001953125
ITO,2024,5,33.452171414854334,30.007093001529288,2.6634877889129096,974.3850708007812
ITO,2024,6,34.532120617153495,41.316322053685546,2.9264118192607427,892.0215454101562
ITO,2024,7,30.26357780970277,79.28084129374201,1.8663331024676677,456.0831298828125
ITO,2024,8,28.309165774271897,84.09812398631055,2.2347909790915246,445.89996337890625
ITO,2024,9,27.479421305177603,83.12494968228565,1.8143313168542559,377.8587951660156
ITO,2024,10,26.12273184121679,67.16942930309898,1.8507521400823213,389.22637939453125
ITO,2024,11,21.24205692852626,68.64899068445379,1.7181841406679381,354.7710876464844
ITO,2024,12,14.48657088341785,67.29927261260127,2.241391517651536,262.7060852050781
ITO,2025,1,13.409572658231474,78.60842000428767,2.251610598169536,220.14002990722656
ITO,2025,2,17.515910982487792,63.16387505643108,2.5127128421020006,335.9529724121094
ITO,2025,3,22.22353891153766,49.02482975894073,2.693093706729113,509.24591064453125
ITO,2025,4,29.564674011221406,35.233295111449124,2.593530922782534,794.6102905273438
ITO,2025,5,31.40196694449501,50.44613955116277,2.595872891416633,786.1053466796875
ITO,2025,6,31.315785295438122,63.89095405616719,2.1259920680994813,610.54638671875
ITO,2025,7,28.780975023573536,82.38725915413244,2.099929871544703,448.1151123046875
ITO,2025,8,28.12325039907494,83.69326678351075,2.3278810753384787,422.8999328613281
ITO,2025,9,27.976772577996563,77.16834821372464,2.464578307021284,472.4386291503906
ITO,2025,10,24.33257067903703,71.07357402929969,1.4603763260135587,418.32867431640625
ITO,2025,11,18.908868515615193,58.36030594368371,2.167084084468709,320.4574890136719
ITO,2025,12,15.155357667856698,69.84506406887978,2.16618919481343,220.12254333496094
Jahangirpuri,2022,1,12.633046208531916,81.2274008307492,2.1961734439827665,306.2158203125
Jahangirpuri,2022,2,15.408697010812588,72.09506321393467,2.4855089126069694,373.9527587890625
Jahangirpuri,2022,3,24.170528752916976,54.49416112015914,2.435888890251346,455.4839782714844
Jahangirpuri,2022,4,30.742535152490202,27.29980795796133,2.382003267217295,831.5194702148438
Jahangirpuri,2022,5,32.26882847051451,43.85404145923097,2.432764346928127,849.347900390625
Jahangirpuri,2022,6,33.14221665465752,43.710742945359094,2.7867160361703913,866.6680908203125
Jahangirpuri,2022,7,29.32378512833597,79.82956403860024,2.245700350067921,498.9729919433594
Jahangirpuri,2022,8,28.7113517355706,78.22080904961913,2.446878716825949,521.1309814453125
Jahangirpuri,2022,9,28.08761200259869,75.78659946220733,2.036481832630712,513.854736328125
Jahangirpuri,2022,10,23.72262570834605,72.44516562302408,1.8683651409004853,371.7010192871094
Jahangirpuri,2022,11,19.92389679540416,63.248495180814274,2.109729003313456,315.9747009277344
Jahangirpuri,2022,12,14.886109324720922,68.23002075899767,2.4031553604171676,245.35769653320312
Jahangirpuri,2023,1,12.352536000934112,77.10021960651807,2.145022806581659,259.6785888671875
Jahangirpuri,2023,2,18.506742165712666,60.142254983851345,2.560226078372042,356.3530578613281
Jahangirpuri,2023,3,21.880985052996895,62.54780398534923,1.9497969303908356,476.595458984375
Jahangirpuri,2023,4,26.53157799119267,40.87393326880795,2.2655949338287273,834.9840087890625
Jahangirpuri,2023,5,29.0182176319673,47.34088074057289,2.2703707793379238,756.6552734375
Jahangirpuri,2023,6,31.258112479589553,57.290789583153895,2.3296748092792066,701.7598876953125
Jahangirpuri,2023,7,29.114838819423174,81.81935585913496,2.140192073644161,431.7899169921875
Jahangirpuri,2023,8,29.873754346344757,71.9197728246199,2.5581907777030115,537.208251953125
Jahangirpuri,2023,9,28.838515401737553,73.05029245210065,2.002835562582618,470.0148620605469
Jahangirpuri,2023,10,25.16174659788713,58.80811321529078,1.9603718857745698,429.6498107910156
Jahangirpuri,2023,11,20.625789170041394,67.25164329907305,1.62708901807262,334.8393859863281
Jahangirpuri,2023,12,15.28052426470692,73.54083502466226,1.848953147147387,238.2931365966797
Jahangirpuri,2024,1,11.590741984279681,81.57863343137025,1.6848137966835466,210.17333984375
Jahangirpuri,2024,2,15.850706523653894,64.30372800014362,2.377867145437315,362.5963439941406
Jahangirpuri,2024,3,21.281931642937977,53.2210017921323,2.46573465523352,472.822998046875
Jahangirpuri,2024,4,28.18280370035929,31.590095691634737,2.648059091597549,846.77001953125
Jahangirpuri,2024,5,33.43286325089509,29.858819683238693,2.6594908776257644,974.3850708007812
Jahangirpuri,2024,6,34.555293276814304,40.97972030000742,2.9156581141160665,892.0215454101562
Jahangirpuri,2024,7,30.29529884225548,79.00415357984802,1.8732528535971626,456.0831298828125
Jahangirpuri,2024,8,28.32491539548437,84.02501033674093,2.2238751368675693,445.89996337890625
Jahangirpuri,2024,9,27.496974570114997,82.98867891930894,1.787255596700546,377.8587951660156
Jahangirpuri,2024,10,26.120225512778994,66.8419169731501,1.840542237868871,389.22637939453125
Jahangirpuri,2024,11,21.21154800866454,68.5917294312786,1.7168091991666143,354.7710876464844
Jahangirpuri,2024,12,14.443427822846322,67.24517637703495,2.235458542556377,262.7060852050781
Jahangirpuri,2025,1,13.371938918097815,78.65250342486021,2.24412355730531,220.14002990722656
Jahangirpuri,2025,2,17.46049713573928,63.17207664191758,2.4995199490958147,335.9529724121094
Jahangirpuri,2025,3,22.17995365251581,48.94159438822932,2.6834373150382653,509.24591064453125
Jahangirpuri,2025,4,29.51956355087612,35.222491125511034,2.579451173523813,794.6102905273438
Jahangirpuri,2025,5,31.400367120655243,50.178380894648285,2.591261901200755,786.1053466796875
Jahangirpuri,2025,6,31.31979042721948,63.71195129887427,2.1213731081786054,610.54638671875
Jahangirpuri,2025,7,28.797419290537093,82.23557880243789,2.1002718956731408,448.1151123046875
Jahangirpuri,2025,8,28.129695500021498,83.6036285180526,2.32469852002597,422.8999328613281
Jahangirpuri,2025,9,27.972961144335105,77.06433820148597,2.454295731350249,472.4386291503906
Jahangirpuri,2025,10,24.35714797261231,70.56741722228314,1.4817868541767814,418.32867431640625
Jahangirpuri,2025,11,18.939410674296987,57.93278622193461,2.1789435158487103,320.4574890136719
Jahangirpuri,2025,12,15.175733381267538,69.59402913808815,2.173937873643104,220.12254333496094
Jawaharlal_Nehru_Stadium,2022,1,12.688225989528698,80.9215061154845,2.1961790689843057,306.2158203125
Jawaharlal_Nehru_Stadium,2022,2,15.516184791145387,71.89711990956954,2.475262050829971,373.9527587890625
Jawaharlal_Nehru_Stadium,2022,3,24.21930889253857,54.37688324051184,2.417965000708712,455.4839782714844
Jawaharlal_Nehru_Stadium,2022,4,30.728800377322102,27.639507840883947,2.3302680515575975,831.5194702148438
Jawaharlal_Nehru_Stadium,2022,5,32.3388220081543,44.05176089989672,2.4119600436530826,849.347900390625
Jawaharlal_Nehru_Stadium,2022,6,33.25550114367113,43.540282799634284,2.8031956277004912,866.6680908203125
Jawaharlal_Nehru_Stadium,2022,7,29.39265335124826,79.55887939760518,2.277295367437601,498.9729919433594
Jawaharlal_Nehru_Stadium,2022,8,28.734034939572414,77.95215580126867,2.478811755056095,521.1309814453125
Jawaharlal_Nehru_Stadium,2022,9,28.147888190888096,75.54805191554426,2.09664400894125,513.854736328125
Jawaharlal_Nehru_Stadium,2022,10,23.729656727512985,72.85730804504105,1.8788559683712935,371.7010192871094
Jawaharlal_Nehru_Stadium,2022,11,19.96307380673015,63.48266694220431,2.0782661290326234,315.9747009277344
Jawaharlal_Nehru_Stadium,2022,12,14.921602795242215,68.09283408507609,2.4055580525924807,245.35769653320312
Jawaharlal_Nehru_Stadium,2023,1,12.421235090103405,76.7038556664659,2.1424594296094304,259.6785888671875
Jawaharlal_Nehru_Stadium,2023,2,18.605924034512242,59.853698442640855,2.5390930195217085,356.3530578613281
Jawaharlal_Nehru_Stadium,2023,3,21.99150516881541,62.60754756437939,1.9389164839905222,476.595458984375
Jawaharlal_Nehru_Stadium,2023,4,26.62546206605453,40.735080634077896,2.247380371996078,834.9840087890625
Jawaharlal_Nehru_Stadium,2023,5,29.12657882452959,47.322525138181405,2.2847576066854374,756.6552734375
Jawaharlal_Nehru_Stadium,2023,6,31.328329310555873,57.2009733618586,2.349410015928885,701.7598876953125
Jawaharlal_Nehru_Stadium,2023,7,29.14453580536111,81.8601559153828,2.136682430236686,431.7899169921875
Jawaharlal_Nehru_Stadium,2023,8,29.922461597557927,71.18568551076288,2.631427577060324,537.208251953125
Jawaharlal_Nehru_Stadium,2023,9,28.866105432074825,72.9175151147044,2.0352640293317372,470.0148620605469
Jawaharlal_Nehru_Stadium,2023,10,25.303115691410092,58.0823925221387,1.9843742624623821,429.6498107910156
Jawaharlal_Nehru_Stadium,2023,11,20.743468859665473,66.92785705291543,1.6312202715658475,334.8393859863281
Jawaharlal_Nehru_Stadium,2023,12,15.418560913527145,72.99123428458208,1.86059926448599,238.2931365966797
Jawaharlal_Nehru_Stadium,2024,1,11.71087604112252,81.04703234652132,1.680285095133595,210.17333984375
Jawaharlal_Nehru_Stadium,2024,2,15.983815262652396,63.78621962285806,2.364292667223676,362.5963439941406
Jawaharlal_Nehru_Stadium,2024,3,21.412620830002126,52.89061009472691,2.4423043807507057,472.822998046875
Jawaharlal_Nehru_Stadium,2024,4,28.376698223486365,30.955795595743353,2.6728443834599838,846.77001953125
Jawaharlal_Nehru_Stadium,2024,5,33.53893447564382,29.75477371614895,2.6708293527460234,974.3850708007812
Jawaharlal_Nehru_Stadium,2024,6,34.57130232171154,41.37557862044535,2.9459726252649134,892.0215454101562
Jawaharlal_Nehru_Stadium,2024,7,30.316830281188864,79.10163466620581,1.8732248729896666,456.0831298828125
Jawaharlal_Nehru_Stadium,2024,8,28.309571486306854,84.06078078094383,2.2379513202671895,445.89996337890625
Jawaharlal_Nehru_Stadium,2024,9,27.494459898717338,83.06699568236621,1.8373404729795089,377.8587951660156
Jawaharlal_Nehru_Stadium,2024,10,26.184281401746592,66.95563416937934,1.8671550818547986,389.22637939453125
Jawaharlal_Nehru_Stadium,2024,11,21.312465053728744,68.37387458163461,1.72680062505324,354.7710876464844
Jawaharlal_Nehru_Stadium,2024,12,14.527825092347802,67.22479611998453,2.2388897901400844,262.7060852050781
Jawaharlal_Nehru_Stadium,2025,1,13.441042157180012,78.4431190828677,2.2541458930009943,220.14002990722656
Jawaharlal_Nehru_Stadium,2025,2,17.572982067694735,63.07588986402159,2.498379984836689,335.9529724121094
Jawaharlal_Nehru_Stadium,2025,3,22.291823245564657,48.81508896313851,2.6986454777658855,509.24591064453125
Jawaharlal_Nehru_Stadium,2025,4,29.662241734867322,34.87898101617447,2.5943231708729777,794.6102905273438
Jawaharlal_Nehru_Stadium,2025,5,31.48573526459463,50.215382721572894,2.612116462183503,786.1053466796875
Jawaharlal_Nehru_Stadium,2025,6,31.365215542645657,63.7284184642764,2.141549132956623,610.54638671875
Jawaharlal_Nehru_Stadium,2025,7,28.80547432144123,82.26541977436152,2.1109448946161473,448.1151123046875
Jawaharlal_Nehru_Stadium,2025,8,28.15584557718642,83.48961411635324,2.353004474374149,422.8999328613281
Jawaharlal_Nehru_Stadium,2025,9,28.011222558199215,76.89476675680812,2.4749253891994756,472.4386291503906
Jawaharlal_Nehru_Stadium,2025,10,24.357443214387132,70.97798789647646,1.449581724358227,418.32867431640625
Jawaharlal_Nehru_Stadium,2025,11,18.9142201421665,58.24955650633917,2.1454300409715814,320.4574890136719
Jawaharlal_Nehru_Stadium,2025,12,15.188778760788157,69.5265437309878,2.1626236223189683,220.12254333496094
Major_Dhyan_Chand_National_Stadium,2022,1,12.658961844343533,81.16496281838327,2.1990443425958697,306.2158203125
Major_Dhyan_Chand_National_Stadium,2022,2,15.44103730322512,72.17086642860673,2.481109816718165,373.9527587890625
Major_Dhyan_Chand_National_Stadium,2022,3,24.163248418903486,54.68745663970836,2.429949754821177,455.4839782714844
Major_Dhyan_Chand_National_Stadium,2022,4,30.68553459749946,27.77853474908862,2.3511511261176334,831.5194702148438
Major_Dhyan_Chand_National_Stadium,2022,5,32.23377100374744,44.431611253841595,2.4118021345791374,849.347900390625
Major_Dhyan_Chand_National_Stadium,2022,6,33.155407340873715,43.819641199129634,2.783907496100733,866.6680908203125
Major_Dhyan_Chand_National_Stadium,2022,7,29.343058482767667,79.76690827538502,2.2582906394675955,498.9729919433594
Major_Dhyan_Chand_National_Stadium,2022,8,28.70468175212271,78.25687761493336,2.449856990351808,521.1309814453125
Major_Dhyan_Chand_National_Stadium,2022,9,28.08047925626127,75.94547809396707,2.0643307648262486,513.854736328125
Major_Dhyan_Chand_National_Stadium,2022,10,23.69733703015487,73.00452851952365,1.8699717394989743,371.7010192871094
Major_Dhyan_Chand_National_Stadium,2022,11,19.917600086674938,63.63682944878897,2.093679329898561,315.9747009277344
Major_Dhyan_Chand_National_Stadium,2022,12,14.89390322723985,68.31289302870424,2.412115854113363,245.35769653320312
Major_Dhyan_Chand_National_Stadium,2023,1,12.396517799212786,77.04912618739942,2.1450444198209597,259.6785888671875
Major_Dhyan_Chand_National_Stadium,2023,2,18.535649881179502,60.25556539767023,2.5575005880149764,356.3530578613281
Major_Dhyan_Chand_National_Stadium,2023,3,21.926271477552557,62.64996441827785,1.949901081943286,476.595458984375
Major_Dhyan_Chand_National_Stadium,2023,4,26.559248232155223,40.8927040657361,2.2555825347839518,834.9840087890625
Major_Dhyan_Chand_National_Stadium,2023,5,29.050727992307188,47.430349120536356,2.2754015731816035,756.6552734375
Major_Dhyan_Chand_National_Stadium,2023,6,31.2718201030945,57.3640793213812,2.338990947051397,701.7598876953125
Major_Dhyan_Chand_National_Stadium,2023,7,29.099204540716126,81.98649187737561,2.135316009348305,431.7899169921875
Major_Dhyan_Chand_National_Stadium,2023,8,29.853639734353735,71.91104293620556,2.5797319723202943,537.208251953125
Major_Dhyan_Chand_National_Stadium,2023,9,28.818024110217696,73.27064939342247,2.011621297671627,470.0148620605469
Major_Dhyan_Chand_National_Stadium,2023,10,25.216060947932743,58.60717388417668,1.9698671005477109,429.6498107910156
Major_Dhyan_Chand_National_Stadium,2023,11,20.681344552298324,67.16003548684326,1.6308249261753849,334.8393859863281
Major_Dhyan_Chand_National_Stadium,2023,12,15.352416049388694,73.30257869852983,1.859751466770264,238.2931365966797
Major_Dhyan_Chand_National_Stadium,2024,1,11.658593305737334,81.31991436818947,1.6856791272193166,210.17333984375
Major_Dhyan_Chand_National_Stadium,2024,2,15.911022595906873,64.17054748702823,2.3819009608018256,362.5963439941406
Major_Dhyan_Chand_National_Stadium,2024,3,21.32939686251408,53.30643307782794,2.4583865156950546,472.822998046875
Major_Dhyan_Chand_National_Stadium,2024,4,28.275760533477765,31.32340018717687,2.665341860886138,846.77001953125
Major_Dhyan_Chand_National_Stadium,2024,5,33.452171414854334,30.007093001529288,2.6634877889129096,974.3850708007812
Major_Dhyan_Chand_National_Stadium,2024,6,34.532120617153495,41.316322053685546,2.9264118192607427,892.0215454101562
Major_Dhyan_Chand_National_Stadium,2024,7,30.26357780970277,79.28084129374201,1.8663331024676677,456.0831298828125
Major_Dhyan_Chand_National_Stadium,2024,8,28.309165774271897,84.09812398631055,2.2347909790915246,445.89996337890625
Major_Dhyan_Chand_National_Stadium,2024,9,27.479421305177603,83.12494968228565,1.8143313168542559,377.8587951660156
Major_Dhyan_Chand_National_Stadium,2024,10,26.12273184121679,67.16942930309898,1.8507521400823213,389.22637939453125
Major_Dhyan_Chand_National_Stadium,2024,11,21.24205692852626,68.64899068445379,1.7181841406679381,354.7710876464844
Major_Dhyan_Chand_National_Stadium,2024,12,14.48657088341785,67.29927261260127,2.241391517651536,262.7060852050781
Major_Dhyan_Chand_National_Stadium,2025,1,13.409572658231474,78.60842000428767,2.251610598169536,220.14002990722656
Major_Dhyan_Chand_National_Stadium,2025,2,17.515910982487792,63.16387505643108,2.5127128421020006,335.9529724121094
Major_Dhyan_Chand_National_Stadium,2025,3,22.22353891153766,49.02482975894073,2.693093706729113,509.24591064453125
Major_Dhyan_Chand_National_Stadium,2025,4,29.564674011221406,35.233295111449124,2.593530922782534,794.6102905273438
Major_Dhyan_Chand_National_Stadium,2025,5,31.40196694449501,50.44613955116277,2.595872891416633,786.1053466796875
Major_Dhyan_Chand_National_Stadium,2025,6,31.315785295438122,63.89095405616719,2.1259920680994813,610.54638671875
Major_Dhyan_Chand_National_Stadium,2025,7,28.780975023573536,82.38725915413244,2.099929871544703,448.1151123046875
Major_Dhyan_Chand_National_Stadium,2025,8,28.12325039907494,83.69326678351075,2.3278810753384787,422.8999328613281
Major_Dhyan_Chand_National_Stadium,2025,9,27.976772577996563,77.16834821372464,2.464578307021284,472.4386291503906
Major_Dhyan_Chand_National_Stadium,2025,10,24.33257067903703,71.07357402929969,1.4603763260135587,418.32867431640625
Major_Dhyan_Chand_National_Stadium,2025,11,18.908868515615193,58.36030594368371,2.167084084468709,320.4574890136719
Major_Dhyan_Chand_National_Stadium,2025,12,15.155357667856698,69.84506406887978,2.16618919481343,220.12254333496094
Mandir_Marg,2022,1,12.658961844343533,81.16496281838327,2.1990443425958697,306.2158203125
Mandir_Marg,2022,2,15.44103730322512,72.17086642860673,2.481109816718165,373.9527587890625
Mandir_Marg,2022,3,24.163248418903486,54.68745663970836,2.429949754821177,455.4839782714844
Mandir_Marg,2022,4,30.68553459749946,27.77853474908862,2.3511511261176334,831.5194702148438
Mandir_Marg,2022,5,32.23377100374744,44.431611253841595,2.4118021345791374,849.347900390625
Mandir_Marg,2022,6,33.155407340873715,43.819641199129634,2.783907496100733,866.6680908203125
Mandir_Marg,2022,7,29.343058482767667,79.76690827538502,2.2582906394675955,498.9729919433594
Mandir_Marg,2022,8,28.70468175212271,78.25687761493336,2.449856990351808,521.1309814453125
Mandir_Marg,2022,9,28.08047925626127,75.94547809396707,2.0643307648262486,513.854736328125
Mandir_Marg,2022,10,23.69733703015487,73.00452851952365,1.8699717394989743,371.7010192871094
Mandir_Marg,2022,11,19.917600086674938,63.63682944878897,2.093679329898561,315.9747009277344
Mandir_Marg,2022,12,14.89390322723985,68.31289302870424,2.412115854113363,245.35769653320312
Mandir_Marg,2023,1,12.396517799212786,77.04912618739942,2.1450444198209597,259.6785888671875
Mandir_Marg,2023,2,18.535649881179502,60.25556539767023,2.5575005880149764,356.3530578613281
Mandir_Marg,2023,3,21.926271477552557,62.64996441827785,1.949901081943286,476.595458984375
Mandir_Marg,2023,4,26.559248232155223,40.8927040657361,2.2555825347839518,834.9840087890625
Mandir_Marg,2023,5,29.050727992307188,47.430349120536356,2.2754015731816035,756.6552734375
Mandir_Marg,2023,6,31.2718201030945,57.3640793213812,2.338990947051397,701.7598876953125
Mandir_Marg,2023,7,29.099204540716126,81.98649187737561,2.135316009348305,431.7899169921875
Mandir_Marg,2023,8,29.853639734353735,71.91104293620556,2.5797319723202943,537.208251953125
Mandir_Marg,2023,9,28.818024110217696,73.27064939342247,2.011621297671627,470.0148620605469
Mandir_Marg,2023,10,25.216060947932743,58.60717388417668,1.9698671005477109,429.6498107910156
Mandir_Marg,2023,11,20.681344552298324,67.16003548684326,1.6308249261753849,334.8393859863281
Mandir_Marg,2023,12,15.352416049388694,73.30257869852983,1.859751466770264,238.2931365966797
Mandir_Marg,2024,1,11.658593305737334,81.31991436818947,1.6856791272193166,210.17333984375
Mandir_Marg,2024,2,15.911022595906873,64.17054748702823,2.3819009608018256,362.5963439941406
Mandir_Marg,2024,3,21.32939686251408,53.30643307782794,2.4583865156950546,472.822998046875
Mandir_Marg,2024,4,28.275760533477765,31.32340018717687,2.665341860886138,846.77001953125
Mandir_Marg,2024,5,33.452171414854334,30.007093001529288,2.6634877889129096,974.3850708007812
Mandir_Marg,2024,6,34.532120617153495,41.316322053685546,2.9264118192607427,892.0215454101562
Mandir_Marg,2024,7,30.26357780970277,79.28084129374201,1.8663331024676677,456.0831298828125
Mandir_Marg,2024,8,28.309165774271897,84.09812398631055,2.2347909790915246,445.89996337890625
Mandir_Marg,2024,9,27.479421305177603,83.12494968228565,1.8143313168542559,377.8587951660156
Mandir_Marg,2024,10,26.12273184121679,67.16942930309898,1.8507521400823213,389.22637939453125
Mandir_Marg,2024,11,21.24205692852626,68.64899068445379,1.7181841406679381,354.7710876464844
Mandir_Marg,2024,12,14.48657088341785,67.29927261260127,2.241391517651536,262.7060852050781
Mandir_Marg,2025,1,13.409572658231474,78.60842000428767,2.251610598169536,220.14002990722656
Mandir_Marg,2025,2,17.515910982487792,63.16387505643108,2.5127128421020006,335.9529724121094
Mandir_Marg,2025,3,22.22353891153766,49.02482975894073,2.693093706729113,509.24591064453125
Mandir_Marg,2025,4,29.564674011221406,35.233295111449124,2.593530922782534,794.6102905273438
Mandir_Marg,2025,5,31.40196694449501,50.44613955116277,2.595872891416633,786.1053466796875
Mandir_Marg,2025,6,31.315785295438122,63.89095405616719,2.1259920680994813,610.54638671875
Mandir_Marg,2025,7,28.780975023573536,82.38725915413244,2.099929871544703,448.1151123046875
Mandir_Marg,2025,8,28.12325039907494,83.69326678351075,2.3278810753384787,422.8999328613281
Mandir_Marg,2025,9,27.976772577996563,77.16834821372464,2.464578307021284,472.4386291503906
Mandir_Marg,2025,10,24.33257067903703,71.07357402929969,1.4603763260135587,418.32867431640625
Mandir_Marg,2025,11,18.908868515615193,58.36030594368371,2.167084084468709,320.4574890136719
Mandir_Marg,2025,12,15.155357667856698,69.84506406887978,2.16618919481343,220.12254333496094
Mundka,2022,1,12.670073906940324,80.77922719564683,2.1866953534050055,306.2158203125
Mundka,2022,2,15.532189427390401,71.3982151796274,2.477439538507604,373.9527587890625
Mundka,2022,3,24.294227089615042,53.62008952287106,2.4167287618457656,455.4839782714844
Mundka,2022,4,30.89084982905443,26.482466735131517,2.373642009122776,831.5194702148438
Mundka,2022,5,32.51850170865043,42.449204251865446,2.4571853224972506,849.347900390625
Mundka,2022,6,33.33140845478634,43.01581297910661,2.8322239191378022,866.6680908203125
Mundka,2022,7,29.398385386259854,79.4892792678834,2.2695861009023526,498.9729919433594
Mundka,2022,8,28.775398625302856,77.56549941368152,2.5028318981079125,521.1309814453125
Mundka,2022,9,28.228319972577996,74.81326046508401,2.0733369624972107,513.854736328125
Mundka,2022,10,23.812440208062995,71.56393456887531,1.8833725910075552,371.7010192871094
Mundka,2022,11,20.02370365672822,62.48119039219382,2.0932216239646184,315.9747009277344
Mundka,2022,12,14.935613925657119,67.67329507409855,2.3785446721459977,245.35769653320312
Mundka,2023,1,12.364256733939742,76.42109507282531,2.1385646472185407,259.6785888671875
Mundka,2023,2,18.62780891467682,59.13010971720539,2.5260102161202806,356.3530578613281
Mundka,2023,3,21.97117300444464,62.27590412416747,1.9277432807945725,476.595458984375
Mundka,2023,4,26.64626634418184,40.46476307831544,2.2602839656220053,834.9840087890625
Mundka,2023,5,29.140069769183174,47.000269378680805,2.284159657974215,756.6552734375
Mundka,2023,6,31.35230745831583,56.89274625150003,2.3410550665682686,701.7598876953125
Mundka,2023,7,29.219217037821533,81.39337962230694,2.14729945187834,431.7899169921875
Mundka,2023,8,30.030433567566817,70.44935020341255,2.647329869061327,537.208251953125
Mundka,2023,9,28.956969441262725,72.09178526045281,2.0401200441677765,470.0148620605469
Mundka,2023,10,25.283156798051916,57.91400783521892,1.9796934566600448,429.6498107910156
Mundka,2023,11,20.691776468882225,66.85747374035701,1.6213005649467858,334.8393859863281
Mundka,2023,12,15.341292614693375,73.12878496970376,1.838260971608152,238.2931365966797
Mundka,2024,1,11.634221419982433,81.25762469001023,1.6733698534474943,210.17333984375
Mundka,2024,2,15.936337536381615,63.65427201393304,2.3350632506137527,362.5963439941406
Mundka,2024,3,21.401295190023134,52.29348656854943,2.4375719574170858,472.822998046875
Mundka,2024,4,28.286998866236907,31.12722721010637,2.6433402269191997,846.77001953125
Mundka,2024,5,33.582945384191014,29.20982030025867,2.6674867587933266,974.3850708007812
Mundka,2024,6,34.65217265117467,40.76818399404978,2.942869299103526,892.0215454101562
Mundka,2024,7,30.43110828093762,78.35307364124404,1.8933410270567939,456.0831298828125
Mundka,2024,8,28.339018608012662,83.87287336292404,2.2162725187853916,445.89996337890625
Mundka,2024,9,27.543868820362253,82.720887636191,1.8040556987655516,377.8587951660156
Mundka,2024,10,26.240589633127037,66.05572593466249,1.863128488731458,389.22637939453125
Mundka,2024,11,21.31735282270185,67.9776595344723,1.7327407913920347,354.7710876464844
Mundka,2024,12,14.481390796811096,67.0390997771982,2.2221456900138494,262.7060852050781
Mundka,2025,1,13.399762161609152,78.35930165638894,2.2396638575349463,220.14002990722656
Mundka,2025,2,17.522640137882448,62.991519599786905,2.454570222054062,335.9529724121094
Mundka,2025,3,22.270884598641132,48.43373881067536,2.68459450824413,509.24591064453125
Mundka,2025,4,29.66417527435764,34.4950562890814,2.5626929804989715,794.6102905273438
Mundka,2025,5,31.56847995540469,49.41032470222249,2.6198744127475666,786.1053466796875
Mundka,2025,6,31.41691799178632,63.217837146310586,2.148956293913424,610.54638671875
Mundka,2025,7,28.863420400320653,81.81094357262305,2.121619880624758,448.1151123046875
Mundka,2025,8,28.200523859130023,83.08488451314724,2.371401863232759,422.8999328613281
Mundka,2025,9,28.04208509821514,76.35790548282235,2.466540976186829,472.4386291503906
Mundka,2025,10,24.441228291325885,69.77022576494508,1.4814810375585545,418.32867431640625
Mundka,2025,11,18.991535941271692,57.183501064415125,2.1461285261196186,320.4574890136719
Mundka,2025,12,15.267974121154742,68.6477617624064,2.174285777915369,220.12254333496094
Najafgarh,2022,1,12.71151664919842,80.3073553188736,2.176340618085714,305.3128662109375
Najafgarh,2022,2,15.661219577118025,70.62781536375935,2.4685972261964553,382.7374572753906
Najafgarh,2022,3,24.422222481727513,52.68638864623712,2.3964388778293673,471.7806091308594
Najafgarh,2022,4,31.043947067546863,25.60456489700845,2.3678335009541525,886.0333251953125
Najafgarh,2022,5,32.7726887093415,40.97680033963467,2.484749243138622,921.1571655273438
Najafgarh,2022,6,33.52279513566533,42.29356809936285,2.881854881803452,919.2704467773438
Najafgarh,2022,7,29.467669519578116,79.16211171879421,2.2919384360308785,500.1683349609375
Najafgarh,2022,8,28.838116046420076,76.9003923344499,2.5598070047891284,537.050048828125
Najafgarh,2022,9,28.367785296945538,73.82031345944266,2.1102696661957396,527.399169921875
Najafgarh,2022,10,23.902141134589492,70.65527630604245,1.8972256320755447,390.70184326171875
Najafgarh,2022,11,20.126073230536708,61.64324009609686,2.074983593583925,330.8161315917969
Najafgarh,2022,12,14.987017894043717,67.08283386126314,2.351399392341617,247.77423095703125
Najafgarh,2023,1,12.382245416448432,75.70229362818814,2.1308399221546632,260.58917236328125
Najafgarh,2023,2,18.758301821406487,58.0228635077911,2.491668138246231,365.3875732421875
Najafgarh,2023,3,22.066367949370086,61.919098542529454,1.905709329060025,487.8563537597656
Najafgarh,2023,4,26.770885623324123,39.98044035757493,2.2560539557395347,867.8239135742188
Najafgarh,2023,5,29.264582739510015,46.624162999569954,2.298056142082808,774.4931640625
Najafgarh,2023,6,31.441386624350617,56.4961612454648,2.3522935811636043,705.1950073242188
Najafgarh,2023,7,29.321676666621258,80.96123509087707,2.1539053022740804,440.4910583496094
Najafgarh,2023,8,30.18603367161153,68.95048992346887,2.7437580369151795,569.7770385742188
Najafgarh,2023,9,29.077223585078972,71.10139637591514,2.076189279106881,496.7173767089844
Najafgarh,2023,10,25.406182061472407,56.9744204680371,1.9988174893747925,448.97442626953125
Najafgarh,2023,11,20.755057834086525,66.4418836785508,1.6126688760169547,341.9082946777344
Najafgarh,2023,12,15.402431371071154,72.68911736154986,1.8259793447211057,236.86607360839844
Najafgarh,2024,1,11.68446614207522,80.90265218744574,1.6621353616826036,209.13177490234375
Najafgarh,2024,2,16.022330300598988,62.99083525673674,2.288705863487437,364.3927307128906
Najafgarh,2024,3,21.52103956879346,51.355533373281375,2.406062692134447,480.9864807128906
Najafgarh,2024,4,28.386470651093422,30.67000392545882,2.6361802217033983,851.6326904296875
Najafgarh,2024,5,33.72889169316314,28.564733423349878,2.672792304749368,1005.8765258789062
Najafgarh,2024,6,34.74439533111849,40.56320000229296,2.96892376221478,921.3377685546875
Najafgarh,2024,7,30.564501182777015,77.68601473300244,1.9128140818025652,472.9545593261719
Najafgarh,2024,8,28.350663987786866,83.71639947559329,2.2056624424936597,446.35760498046875
Najafgarh,2024,9,27.59002686883992,82.43748383277068,1.8187133107987654,381.7023010253906
Najafgarh,2024,10,26.36072508120132,65.23844645507538,1.8857050091251275,401.7507019042969
Najafgarh,2024,11,21.418655120233208,67.35701319967328,1.7487459485735966,359.8819274902344
Najafgarh,2024,12,14.517951387452268,66.8299957983244,2.2064564150468553,264.2320861816406
Najafgarh,2025,1,13.430103390868393,78.05941654171379,2.233160909195528,219.53927612304688
Najafgarh,2025,2,17.588197818503392,62.79817431485804,2.4065293755073625,332.1935119628906
Najafgarh,2025,3,22.35976308185963,47.920744617883294,2.685461744273162,513.9791259765625
Najafgarh,2025,4,29.803373734374134,33.75961879270953,2.54167184752712,804.7443237304688
Najafgarh,2025,5,31.73876880854411,48.60348463306508,2.6492232845233263,809.8753051757812
Najafgarh,2025,6,31.50830749472357,62.7336827822577,2.1776274955896535,616.7747802734375
Najafgarh,2025,7,28.929979757188836,81.35703222422981,2.1419437802566654,455.71551513671875
Najafgarh,2025,8,28.270545120177573,82.54434010310966,2.417744306887507,431.4579772949219
Najafgarh,2025,9,28.115244479231386,75.59621297156674,2.4806198771746386,481.8365173339844
Najafgarh,2025,10,24.53506656447755,68.8731719229319,1.481048079469545,440.8964538574219
Najafgarh,2025,11,19.054541063436695,56.33394934581429,2.1119472022756898,334.2906188964844
Najafgarh,2025,12,15.365237701655401,67.64330261761842,2.1743640526191492,224.92681884765625
Narela,2022,1,12.601574541421906,81.48270665448338,2.199477039965095,304.80340576171875
Narela,2022,2,15.330780656317419,72.40558562375224,2.4917431476010536,369.360107421875
Narela,2022,3,24.112319751574688,54.834549159028555,2.4484385221692198,445.95880126953125
Narela,2022,4,30.69687809170346,27.46911517381259,2.4016099668143847,816.34521484375
Narela,2022,5,32.161520584830086,44.2676751656084,2.431034965318059,820.083251953125
Narela,2022,6,33.04102541148501,44.00375880160006,2.7653663647215154,835.596435546875
Narela,2022,7,29.276848322158184,80.03103430556628,2.227462329950869,483.0439147949219
Narela,2022,8,28.68266328242842,78.53042958493083,2.417412989422038,501.97882080078125
Narela,2022,9,28.020824390777744,76.1938296448891,2.0041298015996953,483.2440490722656
Narela,2022,10,23.69036279758317,72.60609970184869,1.8600581165477064,362.51580810546875
Narela,2022,11,19.877141719106746,63.43798044113715,2.126007529695322,309.274658203125
Narela,2022,12,14.857460072993357,68.46694746659392,2.4109804577046545,242.77392578125
Narela,2023,1,12.32468473529196,77.46532858292377,2.148241079643568,255.1824188232422
Narela,2023,2,18.431754933497174,60.59167241026485,2.5786967546764528,349.7845458984375
Narela,2023,3,21.813247864995198,62.6326736994758,1.9607716794127414,466.0058288574219
Narela,2023,4,26.460398694216806,41.069132965590136,2.273256617454476,808.4884033203125
Narela,2023,5,28.941036383189417,47.466452231537204,2.2609609430979387,736.9832153320312
Narela,2023,6,31.20416117847394,57.453166379867156,2.319326611748581,684.6553955078125
Narela,2023,7,29.070466849577524,81.94877596842865,2.1390764166749996,426.7043762207031
Narela,2023,8,29.805472041729246,72.65934907943071,2.5028506347152155,508.8796081542969
Narela,2023,9,28.789534027734888,73.41936757726361,1.9798004542455354,454.35882568359375
Narela,2023,10,25.073884322781932,59.35563557088375,1.9459634929452625,409.000244140625
Narela,2023,11,20.56501782949251,67.49453198454596,1.6281152905841556,319.6317443847656
Narela,2023,12,15.214194197372802,73.86598821520772,1.8489000751055662,230.95843505859375
Narela,2024,1,11.53507660569948,81.86849733364065,1.6901031030336877,208.3745880126953
Narela,2024,2,15.777732981163549,64.69504624980662,2.39725218516684,359.1019592285156
Narela,2024,3,21.19851725960735,53.6420437610759,2.48349007391097,463.5860900878906
Narela,2024,4,28.08422770086124,31.954877684627846,2.6417771392924285,816.6884155273438
Narela,2024,5,33.3481681022675,30.109182715583394,2.653494481398411,945.468017578125
Narela,2024,6,34.518439919464534,40.91718757614718,2.896675669049999,879.93408203125
Narela,2024,7,30.24325463919077,79.191349692203,1.8666686424320946,449.3864440917969
Narela,2024,8,28.325738599826458,84.06452199886458,2.222218524796681,443.1229553222656
Narela,2024,9,27.482304077460064,83.05443917937954,1.7653176855911883,368.83935546875
Narela,2024,10,26.05879028838607,67.07125632741948,1.8241441613308524,377.7575378417969
Narela,2024,11,21.14339114171503,68.87013375309414,1.7081559323032427,342.72161865234375
Narela,2024,12,14.402874805578174,67.32116655917021,2.2391484812800617,258.8565368652344
Narela,2025,1,13.339210426275322,78.82114601938213,2.2426098867583786,218.17486572265625
Narela,2025,2,17.40171871129345,63.26645595572616,2.515398366113598,335.2911682128906
Narela,2025,3,22.112695549942227,49.153904491650586,2.678030522589909,495.154052734375
Narela,2025,4,29.424702458962724,35.58080655075679,2.580790395406873,770.128662109375
Narela,2025,5,31.315510791360644,50.428529662603935,2.5746501503194117,763.087890625
Narela,2025,6,31.27322921082674,63.86950699650965,2.105272035350759,596.9360961914062
Narela,2025,7,28.772640869127095,82.372056241498,2.0897689152615517,441.97857666015625
Narela,2025,8,28.097503870940514,83.8181813877762,2.2997555707663215,413.4580078125
Narela,2025,9,27.936493450564363,77.36554955469843,2.443031821096442,461.9355773925781
Narela,2025,10,24.32739646004316,70.71293454744388,1.4926450265675055,410.06610107421875
Narela,2025,11,18.92861912015053,58.0936689398198,2.201280726403256,320.0189208984375
Narela,2025,12,15.139800868029356,69.9416453605332,2.1776382609218086,218.61485290527344
Nehru_Nagar,2022,1,12.688225989528698,80.9215061154845,2.1961790689843057,307.1187744140625
Nehru_Nagar,2022,2,15.516184791145387,71.89711990956954,2.475262050829971,365.1680908203125
Nehru_Nagar,2022,3,24.21930889253857,54.37688324051184,2.417965000708712,439.18731689453125
Nehru_Nagar,2022,4,30.728800377322102,27.639507840883947,2.3302680515575975,777.0055541992188
Nehru_Nagar,2022,5,32.3388220081543,44.05176089989672,2.4119600436530826,777.5386352539062
Nehru_Nagar,2022,6,33.25550114367113,43.540282799634284,2.8031956277004912,814.0657348632812
Nehru_Nagar,2022,7,29.39265335124826,79.55887939760518,2.277295367437601,497.77764892578125
Nehru_Nagar,2022,8,28.734034939572414,77.95215580126867,2.478811755056095,505.2118835449219
Nehru_Nagar,2022,9,28.147888190888096,75.54805191554426,2.09664400894125,500.3103332519531
Nehru_Nagar,2022,10,23.729656727512985,72.85730804504105,1.8788559683712935,352.7002258300781
Nehru_Nagar,2022,11,19.96307380673015,63.48266694220431,2.0782661290326234,301.1332702636719
Nehru_Nagar,2022,12,14.921602795242215,68.09283408507609,2.4055580525924807,242.94114685058594
Nehru_Nagar,2023,1,12.421235090103405,76.7038556664659,2.1424594296094304,258.7679748535156
Nehru_Nagar,2023,2,18.605924034512242,59.853698442640855,2.5390930195217085,347.31854248046875
Nehru_Nagar,2023,3,21.99150516881541,62.60754756437939,1.9389164839905222,465.33453369140625
Nehru_Nagar,2023,4,26.62546206605453,40.735080634077896,2.247380371996078,802.14404296875
Nehru_Nagar,2023,5,29.12657882452959,47.322525138181405,2.2847576066854374,738.8174438476562
Nehru_Nagar,2023,6,31.328329310555873,57.2009733618586,2.349410015928885,698.3248291015625
Nehru_Nagar,2023,7,29.14453580536111,81.8601559153828,2.136682430236686,423.0887756347656
Nehru_Nagar,2023,8,29.922461597557927,71.18568551076288,2.631427577060324,504.639404296875
Nehru_Nagar,2023,9,28.866105432074825,72.9175151147044,2.0352640293317372,443.3123779296875
Nehru_Nagar,2023,10,25.303115691410092,58.0823925221387,1.9843742624623821,410.3251647949219
Nehru_Nagar,2023,11,20.743468859665473,66.92785705291543,1.6312202715658475,327.7705078125
Nehru_Nagar,2023,12,15.418560913527145,72.99123428458208,1.86059926448599,239.72019958496094
Nehru_Nagar,2024,1,11.71087604112252,81.04703234652132,1.680285095133595,211.21490478515625
Nehru_Nagar,2024,2,15.983815262652396,63.78621962285806,2.364292667223676,360.79998779296875
Nehru_Nagar,2024,3,21.412620830002126,52.89061009472691,2.4423043807507057,464.6595153808594
Nehru_Nagar,2024,4,28.376698223486365,30.955795595743353,2.6728443834599838,841.9074096679688
Nehru_Nagar,2024,5,33.53893447564382,29.75477371614895,2.6708293527460234,942.8936157226562
Nehru_Nagar,2024,6,34.57130232171154,41.37557862044535,2.9459726252649134,862.705322265625
Nehru_Nagar,2024,7,30.316830281188864,79.10163466620581,1.8732248729896666,439.21173095703125
Nehru_Nagar,2024,8,28.309571486306854,84.06078078094383,2.2379513202671895,445.4423522949219
Nehru_Nagar,2024,9,27.494459898717338,83.06699568236621,1.8373404729795089,374.0152893066406
Nehru_Nagar,2024,10,26.184281401746592,66.95563416937934,1.8671550818547986,376.70208740234375
Nehru_Nagar,2024,11,21.312465053728744,68.37387458163461,1.72680062505324,349.6602783203125
Nehru_Nagar,2024,12,14.527825092347802,67.22479611998453,2.2388897901400844,261.1800537109375
Nehru_Nagar,2025,1,13.441042157180012,78.4431190828677,2.2541458930009943,220.74078369140625
Nehru_Nagar,2025,2,17.572982067694735,63.07588986402159,2.498379984836689,339.7124328613281
Nehru_Nagar,2025,3,22.291823245564657,48.81508896313851,2.6986454777658855,504.5127258300781
Nehru_Nagar,2025,4,29.662241734867322,34.87898101617447,2.5943231708729777,784.476318359375
Nehru_Nagar,2025,5,31.48573526459463,50.215382721572894,2.612116462183503,762.3353881835938
Nehru_Nagar,2025,6,31.365215542645657,63.7284184642764,2.141549132956623,604.3180541992188
Nehru_Nagar,2025,7,28.80547432144123,82.26541977436152,2.1109448946161473,440.5146789550781
Nehru_Nagar,2025,8,28.15584557718642,83.48961411635324,2.353004474374149,414.3418884277344
Nehru_Nagar,2025,9,28.011222558199215,76.89476675680812,2.4749253891994756,463.04071044921875
Nehru_Nagar,2025,10,24.357443214387132,70.97798789647646,1.449581724358227,395.7608947753906
Nehru_Nagar,2025,11,18.9142201421665,58.24955650633917,2.1454300409715814,306.6243591308594
Nehru_Nagar,2025,12,15.188778760788157,69.5265437309878,2.1626236223189683,215.31825256347656
North_Campus_DU,2022,1,12.664517875641927,80.97209500701504,2.1928698480004374,306.2158203125
North_Campus_DU,2022,2,15.486613365307761,71.78454080411707,2.479274677612884,373.9527587890625
North_Campus_DU,2022,3,24.22873775425926,54.153773081289714,2.4233392583334714,455.4839782714844
North_Campus_DU,2022,4,30.788192213276943,27.130500742110065,2.3623965676202046,831.5194702148438
North_Campus_DU,2022,5,32.376136356198934,43.440407752853524,2.434493728538194,849.347900390625
North_Campus_DU,2022,6,33.24340789783002,43.417727089118124,2.808065707619267,866.6680908203125
North_Campus_DU,2022,7,29.37072193451376,79.62809377163421,2.2639383701849742,498.9729919433594
North_Campus_DU,2022,8,28.740040188712783,77.91118851430744,2.4763444442298606,521.1309814453125
North_Campus_DU,2022,9,28.15439961441963,75.37936927952555,2.06883386366173,513.854736328125
North_Campus_DU,2022,10,23.754888619108936,72.28423154419947,1.8766721652532645,371.7010192871094
North_Campus_DU,2022,11,19.97065187170158,63.0590099204914,2.0934504769315896,315.9747009277344
North_Campus_DU,2022,12,14.914758576448484,67.9930940514014,2.3953302631296807,245.35769653320312
North_Campus_DU,2023,1,12.380387266576262,76.73511063011236,2.14180453351975,259.6785888671875
North_Campus_DU,2023,2,18.58172939792816,59.69283755743781,2.541755402067629,356.3530578613281
North_Campus_DU,2023,3,21.948722240998602,62.46293427122266,1.9388221813689295,476.595458984375
North_Campus_DU,2023,4,26.602757288168533,40.67873357202576,2.2579332502029787,834.9840087890625
North_Campus_DU,2023,5,29.095398880745183,47.21530924960857,2.2797806155779092,756.6552734375
North_Campus_DU,2023,6,31.31206378070517,57.128412786440606,2.3400230068098327,701.7598876953125
North_Campus_DU,2023,7,29.159210789268833,81.68993574984127,2.141307730613322,431.7899169921875
North_Campus_DU,2023,8,29.942036650960276,71.18019656980906,2.6135309206908106,537.208251953125
North_Campus_DU,2023,9,28.88749677574021,72.68121732693766,2.025870670919702,470.0148620605469
North_Campus_DU,2023,10,25.24960887299233,58.26059085969781,1.9747802786038777,429.6498107910156
North_Campus_DU,2023,11,20.686560510590272,67.00875461360015,1.6260627455610852,334.8393859863281
North_Campus_DU,2023,12,15.346854332041033,73.2156818341168,1.8490062191892083,238.2931365966797
North_Campus_DU,2024,1,11.646407362859884,81.28876952909985,1.6795244903334057,210.17333984375
North_Campus_DU,2024,2,15.923680066144245,63.912409750480634,2.358482105707789,362.5963439941406
North_Campus_DU,2024,3,21.365346026268607,52.799959823188686,2.44797923655607,472.822998046875
North_Campus_DU,2024,4,28.28137969985734,31.225313698641617,2.654341043902669,846.77001953125
North_Campus_DU,2024,5,33.51755839952267,29.608456650893977,2.6654872738531177,974.3850708007812
North_Campus_DU,2024,6,34.59214663416408,41.042253023867666,2.9346405591821347,892.0215454101562
North_Campus_DU,2024,7,30.347343045320198,78.81695746749303,1.879837064762231,456.0831298828125
North_Campus_DU,2024,8,28.324092191142277,83.9854986746173,2.225531748938458,445.89996337890625
North_Campus_DU,2024,9,27.51164506276993,82.92291865923832,1.809193507809904,377.8587951660156
North_Campus_DU,2024,10,26.181660737171914,66.61257761888074,1.8569403144068897,389.22637939453125
North_Campus_DU,2024,11,21.27970487561405,68.31332510946305,1.7254624660299867,354.7710876464844
North_Campus_DU,2024,12,14.483980840114475,67.16918619489974,2.231768603832693,262.7060852050781
North_Campus_DU,2025,1,13.404667409920311,78.4838608303383,2.245637227852241,220.14002990722656
North_Campus_DU,2025,2,17.519275560185118,63.077697328109,2.4836415320780314,335.9529724121094
North_Campus_DU,2025,3,22.247211755089396,48.729284284808045,2.688844107486622,509.24591064453125
North_Campus_DU,2025,4,29.614424642789523,34.864175700265264,2.5781119516407527,794.6102905273438
North_Campus_DU,2025,5,31.48522344994985,49.92823212669263,2.6078736520821,786.1053466796875
North_Campus_DU,2025,6,31.366351643612223,63.554395601238895,2.1374741810064526,610.54638671875
North_Campus_DU,2025,7,28.822197711947098,82.09910136337776,2.1107748760847302,448.1151123046875
North_Campus_DU,2025,8,28.16188712910248,83.38907564832901,2.3496414692856193,422.8999328613281
North_Campus_DU,2025,9,28.00942883810585,76.7631268482735,2.4655596416040564,472.4386291503906
North_Campus_DU,2025,10,24.386899485181456,70.42189989712239,1.4709286817860567,418.32867431640625
North_Campus_DU,2025,11,18.950202228443445,57.77190350404942,2.1566063052941633,320.4574890136719
North_Campus_DU,2025,12,15.21166589450572,69.24641291564309,2.170237486364399,220.12254333496094
Okhla_Phase-2,2022,1,12.688225989528698,80.9215061154845,2.1961790689843057,307.1187744140625
Okhla_Phase-2,2022,2,15.516184791145387,71.89711990956954,2.475262050829971,365.1680908203125
Okhla_Phase-2,2022,3,24.21930889253857,54.37688324051184,2.417965000708712,439.18731689453125
Okhla_Phase-2,2022,4,30.728800377322102,27.639507840883947,2.3302680515575975,777.0055541992188
Okhla_Phase-2,2022,5,32.3388220081543,44.05176089989672,2.4119600436530826,777.5386352539062
Okhla_Phase-2,2022,6,33.25550114367113,43.540282799634284,2.8031956277004912,814.0657348632812
Okhla_Phase-2,2022,7,29.39265335124826,79.55887939760518,2.277295367437601,497.77764892578125
Okhla_Phase-2,2022,8,28.734034939572414,77.95215580126867,2.478811755056095,505.2118835449219
Okhla_Phase-2,2022,9,28.147888190888096,75.54805191554426,2.09664400894125,500.3103332519531
Okhla_Phase-2,2022,10,23.729656727512985,72.85730804504105,1.8788559683712935,352.7002258300781
Okhla_Phase-2,2022,11,19.96307380673015,63.48266694220431,2.0782661290326234,301.1332702636719
Okhla_Phase-2,2022,12,14.921602795242215,68.09283408507609,2.4055580525924807,242.94114685058594
Okhla_Phase-2,2023,1,12.421235090103405,76.7038556664659,2.1424594296094304,258.7679748535156
Okhla_Phase-2,2023,2,18.605924034512242,59.853698442640855,2.5390930195217085,347.31854248046875
Okhla_Phase-2,2023,3,21.99150516881541,62.60754756437939,1.9389164839905222,465.33453369140625
Okhla_Phase-2,2023,4,26.62546206605453,40.735080634077896,2.247380371996078,802.14404296875
Okhla_Phase-2,2023,5,29.12657882452959,47.322525138181405,2.2847576066854374,738.8174438476562
Okhla_Phase-2,2023,6,31.328329310555873,57.2009733618586,2.349410015928885,698.3248291015625
Okhla_Phase-2,2023,7,29.14453580536111,81.8601559153828,2.136682430236686,423.0887756347656
Okhla_Phase-2,2023,8,29.922461597557927,71.18568551076288,2.631427577060324,504.639404296875
Okhla_Phase-2,2023,9,28.866105432074825,72.9175151147044,2.0352640293317372,443.3123779296875
Okhla_Phase-2,2023,10,25.303115691410092,58.0823925221387,1.9843742624623821,410.3251647949219
Okhla_Phase-2,2023,11,20.743468859665473,66.92785705291543,1.6312202715658475,327.7705078125
Okhla_Phase-2,2023,12,15.418560913527145,72.99123428458208,1.86059926448599,239.72019958496094
Okhla_Phase-2,2024,1,11.71087604112252,81.04703234652132,1.680285095133595,211.21490478515625
Okhla_Phase-2,2024,2,15.983815262652396,63.78621962285806,2.364292667223676,360.79998779296875
Okhla_Phase-2,2024,3,21.412620830002126,52.89061009472691,2.4423043807507057,464.6595153808594
Okhla_Phase-2,2024,4,28.376698223486365,30.955795595743353,2.6728443834599838,841.9074096679688
Okhla_Phase-2,2024,5,33.53893447564382,29.75477371614895,2.6708293527460234,942.8936157226562
Okhla_Phase-2,2024,6,34.57130232171154,41.37557862044535,2.9459726252649134,862.705322265625
Okhla_Phase-2,2024,7,30.316830281188864,79.10163466620581,1.8732248729896666,439.21173095703125
Okhla_Phase-2,2024,8,28.309571486306854,84.06078078094383,2.2379513202671895,445.4423522949219
Okhla_Phase-2,2024,9,27.494459898717338,83.06699568236621,1.8373404729795089,374.0152893066406
Okhla_Phase-2,2024,10,26.184281401746592,66.95563416937934,1.8671550818547986,376.70208740234375
Okhla_Phase-2,2024,11,21.312465053728744,68.37387458163461,1.72680062505324,349.6602783203125
Okhla_Phase-2,2024,12,14.527825092347802,67.22479611998453,2.2388897901400844,261.1800537109375
Okhla_Phase-2,2025,1,13.441042157180012,78.4431190828677,2.2541458930009943,220.74078369140625
Okhla_Phase-2,2025,2,17.572982067694735,63.07588986402159,2.498379984836689,339.7124328613281
Okhla_Phase-2,2025,3,22.291823245564657,48.81508896313851,2.6986454777658855,504.5127258300781
Okhla_Phase-2,2025,4,29.662241734867322,34.87898101617447,2.5943231708729777,784.476318359375
Okhla_Phase-2,2025,5,31.48573526459463,50.215382721572894,2.612116462183503,762.3353881835938
Okhla_Phase-2,2025,6,31.365215542645657,63.7284184642764,2.141549132956623,604.3180541992188
Okhla_Phase-2,2025,7,28.80547432144123,82.26541977436152,2.1109448946161473,440.5146789550781
Okhla_Phase-2,2025,8,28.15584557718642,83.48961411635324,2.353004474374149,414.3418884277344
Okhla_Phase-2,2025,9,28.011222558199215,76.89476675680812,2.4749253891994756,463.04071044921875
Okhla_Phase-2,2025,10,24.357443214387132,70.97798789647646,1.449581724358227,395.7608947753906
Okhla_Phase-2,2025,11,18.9142201421665,58.24955650633917,2.1454300409715814,306.6243591308594
Okhla_Phase-2,2025,12,15.188778760788157,69.5265437309878,2.1626236223189683,215.31825256347656
Patparganj,2022,1,12.658961844343533,81.16496281838327,2.1990443425958697,307.1187744140625
Patparganj,2022,2,15.44103730322512,72.17086642860673,2.481109816718165,365.1680908203125
Patparganj,2022,3,24.163248418903486,54.68745663970836,2.429949754821177,439.18731689453125
Patparganj,2022,4,30.68553459749946,27.77853474908862,2.3511511261176334,777.0055541992188
Patparganj,2022,5,32.23377100374744,44.431611253841595,2.4118021345791374,777.5386352539062
Patparganj,2022,6,33.155407340873715,43.819641199129634,2.783907496100733,814.0657348632812
Patparganj,2022,7,29.343058482767667,79.76690827538502,2.2582906394675955,497.77764892578125
Patparganj,2022,8,28.70468175212271,78.25687761493336,2.449856990351808,505.2118835449219
Patparganj,2022,9,28.08047925626127,75.94547809396707,2.0643307648262486,500.3103332519531
Patparganj,2022,10,23.69733703015487,73.00452851952365,1.8699717394989743,352.7002258300781
Patparganj,2022,11,19.917600086674938,63.63682944878897,2.093679329898561,301.1332702636719
Patparganj,2022,12,14.89390322723985,68.31289302870424,2.412115854113363,242.94114685058594
Patparganj,2023,1,12.396517799212786,77.04912618739942,2.1450444198209597,258.7679748535156
Patparganj,2023,2,18.535649881179502,60.25556539767023,2.5575005880149764,347.31854248046875
Patparganj,2023,3,21.926271477552557,62.64996441827785,1.949901081943286,465.33453369140625
Patparganj,2023,4,26.559248232155223,40.8927040657361,2.2555825347839518,802.14404296875
Patparganj,2023,5,29.050727992307188,47.430349120536356,2.2754015731816035,738.8174438476562
Patparganj,2023,6,31.2718201030945,57.3640793213812,2.338990947051397,698.3248291015625
Patparganj,2023,7,29.099204540716126,81.98649187737561,2.135316009348305,423.0887756347656
Patparganj,2023,8,29.853639734353735,71.91104293620556,2.5797319723202943,504.639404296875
Patparganj,2023,9,28.818024110217696,73.27064939342247,2.011621297671627,443.3123779296875
Patparganj,2023,10,25.216060947932743,58.60717388417668,1.9698671005477109,410.3251647949219
Patparganj,2023,11,20.681344552298324,67.16003548684326,1.6308249261753849,327.7705078125
Patparganj,2023,12,15.352416049388694,73.30257869852983,1.859751466770264,239.72019958496094
Patparganj,2024,1,11.658593305737334,81.31991436818947,1.6856791272193166,211.21490478515625
Patparganj,2024,2,15.911022595906873,64.17054748702823,2.3819009608018256,360.79998779296875
Patparganj,2024,3,21.32939686251408,53.30643307782794,2.4583865156950546,464.6595153808594
Patparganj,2024,4,28.275760533477765,31.32340018717687,2.665341860886138,841.9074096679688
Patparganj,2024,5,33.452171414854334,30.007093001529288,2.6634877889129096,942.8936157226562
Patparganj,2024,6,34.532120617153495,41.316322053685546,2.9264118192607427,862.705322265625
Patparganj,2024,7,30.26357780970277,79.28084129374201,1.8663331024676677,439.21173095703125
Patparganj,2024,8,28.309165774271897,84.09812398631055,2.2347909790915246,445.4423522949219
Patparganj,2024,9,27.479421305177603,83.12494968228565,1.8143313168542559,374.0152893066406
Patparganj,2024,10,26.12273184121679,67.16942930309898,1.8507521400823213,376.70208740234375
Patparganj,2024,11,21.24205692852626,68.64899068445379,1.7181841406679381,349.6602783203125
Patparganj,2024,12,14.48657088341785,67.29927261260127,2.241391517651536,261.1800537109375
Patparganj,2025,1,13.409572658231474,78.60842000428767,2.251610598169536,220.74078369140625
Patparganj,2025,2,17.515910982487792,63.16387505643108,2.5127128421020006,339.7124328613281
Patparganj,2025,3,22.22353891153766,49.02482975894073,2.693093706729113,504.5127258300781
Patparganj,2025,4,29.564674011221406,35.233295111449124,2.593530922782534,784.476318359375
Patparganj,2025,5,31.40196694449501,50.44613955116277,2.595872891416633,762.3353881835938
Patparganj,2025,6,31.315785295438122,63.89095405616719,2.1259920680994813,604.3180541992188
Patparganj,2025,7,28.780975023573536,82.38725915413244,2.099929871544703,440.5146789550781
Patparganj,2025,8,28.12325039907494,83.69326678351075,2.3278810753384787,414.3418884277344
Patparganj,2025,9,27.976772577996563,77.16834821372464,2.464578307021284,463.04071044921875
Patparganj,2025,10,24.33257067903703,71.07357402929969,1.4603763260135587,395.7608947753906
Patparganj,2025,11,18.908868515615193,58.36030594368371,2.167084084468709,306.6243591308594
Patparganj,2025,12,15.155357667856698,69.84506406887978,2.16618919481343,215.31825256347656
Punjabi_Bagh,2022,1,12.664517875641927,80.97209500701504,2.1928698480004374,306.2158203125
Punjabi_Bagh,2022,2,15.486613365307761,71.78454080411707,2.479274677612884,373.9527587890625
Punjabi_Bagh,2022,3,24.22873775425926,54.153773081289714,2.4233392583334714,455.4839782714844
Punjabi_Bagh,2022,4,30.788192213276943,27.130500742110065,2.3623965676202046,831.5194702148438
Punjabi_Bagh,2022,5,32.376136356198934,43.440407752853524,2.434493728538194,849.347900390625
Punjabi_Bagh,2022,6,33.24340789783002,43.417727089118124,2.808065707619267,866.6680908203125
Punjabi_Bagh,2022,7,29.37072193451376,79.62809377163421,2.2639383701849742,498.9729919433594
Punjabi_Bagh,2022,8,28.740040188712783,77.91118851430744,2.4763444442298606,521.1309814453125
Punjabi_Bagh,2022,9,28.15439961441963,75.37936927952555,2.06883386366173,513.854736328125
Punjabi_Bagh,2022,10,23.754888619108936,72.28423154419947,1.8766721652532645,371.7010192871094
Punjabi_Bagh,2022,11,19.97065187170158,63.0590099204914,2.0934504769315896,315.9747009277344
Punjabi_Bagh,2022,12,14.914758576448484,67.9930940514014,2.3953302631296807,245.35769653320312
Punjabi_Bagh,2023,1,12.380387266576262,76.73511063011236,2.14180453351975,259.6785888671875
Punjabi_Bagh,2023,2,18.58172939792816,59.69283755743781,2.541755402067629,356.3530578613281
Punjabi_Bagh,2023,3,21.948722240998602,62.46293427122266,1.9388221813689295,476.595458984375
Punjabi_Bagh,2023,4,26.602757288168533,40.67873357202576,2.2579332502029787,834.9840087890625
Punjabi_Bagh,2023,5,29.095398880745183,47.21530924960857,2.2797806155779092,756.6552734375
Punjabi_Bagh,2023,6,31.31206378070517,57.128412786440606,2.3400230068098327,701.7598876953125
Punjabi_Bagh,2023,7,29.159210789268833,81.68993574984127,2.141307730613322,431.7899169921875
Punjabi_Bagh,2023,8,29.942036650960276,71.18019656980906,2.6135309206908106,537.208251953125
Punjabi_Bagh,2023,9,28.88749677574021,72.68121732693766,2.025870670919702,470.0148620605469
Punjabi_Bagh,2023,10,25.24960887299233,58.26059085969781,1.9747802786038777,429.6498107910156
Punjabi_Bagh,2023,11,20.686560510590272,67.00875461360015,1.6260627455610852,334.8393859863281
Punjabi_Bagh,2023,12,15.346854332041033,73.2156818341168,1.8490062191892083,238.2931365966797
Punjabi_Bagh,2024,1,11.646407362859884,81.28876952909985,1.6795244903334057,210.17333984375
Punjabi_Bagh,2024,2,15.923680066144245,63.912409750480634,2.358482105707789,362.5963439941406
Punjabi_Bagh,2024,3,21.365346026268607,52.799959823188686,2.44797923655607,472.822998046875
Punjabi_Bagh,2024,4,28.28137969985734,31.225313698641617,2.654341043902669,846.77001953125
Punjabi_Bagh,2024,5,33.51755839952267,29.608456650893977,2.6654872738531177,974.3850708007812
Punjabi_Bagh,2024,6,34.59214663416408,41.042253023867666,2.9346405591821347,892.0215454101562
Punjabi_Bagh,2024,7,30.347343045320198,78.81695746749303,1.879837064762231,456.0831298828125
Punjabi_Bagh,2024,8,28.324092191142277,83.9854986746173,2.225531748938458,445.89996337890625
Punjabi_Bagh,2024,9,27.51164506276993,82.92291865923832,1.809193507809904,377.8587951660156
Punjabi_Bagh,2024,10,26.181660737171914,66.61257761888074,1.8569403144068897,389.22637939453125
Punjabi_Bagh,2024,11,21.27970487561405,68.31332510946305,1.7254624660299867,354.7710876464844
Punjabi_Bagh,2024,12,14.483980840114475,67.16918619489974,2.231768603832693,262.7060852050781
Punjabi_Bagh,2025,1,13.404667409920311,78.4838608303383,2.245637227852241,220.14002990722656
Punjabi_Bagh,2025,2,17.519275560185118,63.077697328109,2.4836415320780314,335.9529724121094
Punjabi_Bagh,2025,3,22.247211755089396,48.729284284808045,2.688844107486622,509.24591064453125
Punjabi_Bagh,2025,4,29.614424642789523,34.864175700265264,2.5781119516407527,794.6102905273438
Punjabi_Bagh,2025,5,31.48522344994985,49.92823212669263,2.6078736520821,786.1053466796875
Punjabi_Bagh,2025,6,31.366351643612223,63.554395601238895,2.1374741810064526,610.54638671875
Punjabi_Bagh,2025,7,28.822197711947098,82.09910136337776,2.1107748760847302,448.1151123046875
Punjabi_Bagh,2025,8,28.16188712910248,83.38907564832901,2.3496414692856193,422.8999328613281
Punjabi_Bagh,2025,9,28.00942883810585,76.7631268482735,2.4655596416040564,472.4386291503906
Punjabi_Bagh,2025,10,24.386899485181456,70.42189989712239,1.4709286817860567,418.32867431640625
Punjabi_Bagh,2025,11,18.950202228443445,57.77190350404942,2.1566063052941633,320.4574890136719
Punjabi_Bagh,2025,12,15.21166589450572,69.24641291564309,2.170237486364399,220.12254333496094
R_K_Puram,2022,1,12.69598954275194,80.7167891832809,2.1895662520181083,306.2158203125
R_K_Puram,2022,2,15.564529719802929,71.47401839429948,2.4730404426187995,373.9527587890625
R_K_Puram,2022,3,24.286946755601548,53.813385042420286,2.410789626415597,455.4839782714844
R_K_Puram,2022,4,30.83384927406368,26.961193526258814,2.3427898680231154,831.5194702148438
R_K_Puram,2022,5,32.48344424188336,43.02677404647608,2.4362231101482617,849.347900390625
R_K_Puram,2022,6,33.34459914100253,43.12471123287716,2.8294153790681436,866.6680908203125
R_K_Puram,2022,7,29.417658740691547,79.42662350466819,2.282176390302027,498.9729919433594
R_K_Puram,2022,8,28.76872864185497,77.60156797899577,2.505810171633771,521.1309814453125
R_K_Puram,2022,9,28.221187226240573,74.97213909684376,2.1011858946927457,513.854736328125
R_K_Puram,2022,10,23.787151529871817,72.12329746537488,1.8849791896060435,371.7010192871094
R_K_Puram,2022,11,20.017406947999,62.86952466016852,2.077171950549724,315.9747009277344
R_K_Puram,2022,12,14.943407828176046,67.75616734380513,2.3875051658421937,245.35769653320312
R_K_Puram,2023,1,12.408238532218416,76.37000165370665,2.138586260457841,259.6785888671875
R_K_Puram,2023,2,18.656716630143652,59.24342013102431,2.523284725763217,356.3530578613281
R_K_Puram,2023,3,22.0164594290003,62.378064557096096,1.9278474323470236,476.595458984375
R_K_Puram,2023,4,26.673936585144396,40.48353387524359,2.25027156657723,834.9840087890625
R_K_Puram,2023,5,29.172580129523062,47.08973775864426,2.2891904518178943,756.6552734375
R_K_Puram,2023,6,31.366015081820784,56.96603598972734,2.350371204340458,701.7598876953125
R_K_Puram,2023,7,29.203582759114486,81.56051564054758,2.142423387582484,431.7899169921875
R_K_Puram,2023,8,30.010318955575784,70.44062031499823,2.668871063678607,537.208251953125
R_K_Puram,2023,9,28.936478149742875,72.31214220177468,2.0489057792567844,470.0148620605469
R_K_Puram,2023,10,25.337471148097528,57.71306850410485,1.989188671433185,429.6498107910156
R_K_Puram,2023,11,20.747331851139155,66.76586592812723,1.62503647304955,334.8393859863281
R_K_Puram,2023,12,15.413184399375147,72.89052864357134,1.849059291231029,238.2931365966797
R_K_Puram,2024,1,11.702072741440086,80.99890562682945,1.6742351839832648,210.17333984375
R_K_Puram,2024,2,15.996653608634594,63.52109150081763,2.3390970659782644,362.5963439941406
R_K_Puram,2024,3,21.448760409599235,52.37891785424509,2.43022381787862,472.822998046875
R_K_Puram,2024,4,28.379955699355385,30.860531705648512,2.660622996207789,846.77001953125
R_K_Puram,2024,5,33.60225354815026,29.35809361854928,2.6714836700804714,974.3850708007812
R_K_Puram,2024,6,34.62899999151385,41.1047857477279,2.953623004248202,892.0215454101562
R_K_Puram,2024,7,30.399387248384908,78.62976135513804,1.886421275927299,456.0831298828125
R_K_Puram,2024,8,28.32326898680019,83.94598701249366,2.227188361009347,445.89996337890625
R_K_Puram,2024,9,27.526315555424866,82.85715839916772,1.8311314189192611,377.8587951660156
R_K_Puram,2024,10,26.243095961564837,66.38323826461138,1.873338390944908,389.22637939453125
R_K_Puram,2024,11,21.347861742563563,68.03492078764752,1.7341157328933583,354.7710876464844
R_K_Puram,2024,12,14.524533857382625,67.0931960127645,2.2280786651090083,262.7060852050781
R_K_Puram,2025,1,13.437395901742805,78.3152182358164,2.2471508983991724,220.14002990722656
R_K_Puram,2025,2,17.578053984630955,62.983318014300416,2.4677631150602486,335.9529724121094
R_K_Puram,2025,3,22.314469857662974,48.51697418138678,2.6942508999349775,509.24591064453125
R_K_Puram,2025,4,29.709285734702924,34.5058602750195,2.576772729757693,794.6102905273438
R_K_Puram,2025,5,31.570079779244452,49.67808335873698,2.6244854029634435,786.1053466796875
R_K_Puram,2025,6,31.41291286000496,63.396839903603514,2.1535752538342994,610.54638671875
R_K_Puram,2025,7,28.846976133357096,81.96262392431764,2.1212778564963193,448.1151123046875
R_K_Puram,2025,8,28.194078758183466,83.17452277860541,2.3745844185452674,422.8999328613281
R_K_Puram,2025,9,28.0458965318766,76.46191549506102,2.476823551857863,472.4386291503906
R_K_Puram,2025,10,24.416650997750605,70.27638257196165,1.4600705093953323,418.32867431640625
R_K_Puram,2025,11,18.960993782589895,57.61102078616424,2.1342690947396177,320.4574890136719
R_K_Puram,2025,12,15.247598407743899,68.89879669319805,2.1665370990856947,220.12254333496094
Rohini,2022,1,12.633046208531916,81.2274008307492,2.1961734439827665,306.2158203125
Rohini,2022,2,15.408697010812588,72.09506321393467,2.4855089126069694,373.9527587890625
Rohini,2022,3,24.170528752916976,54.49416112015914,2.435888890251346,455.4839782714844
Rohini,2022,4,30.742535152490202,27.29980795796133,2.382003267217295,831.5194702148438
Rohini,2022,5,32.26882847051451,43.85404145923097,2.432764346928127,849.347900390625
Rohini,2022,6,33.14221665465752,43.710742945359094,2.7867160361703913,866.6680908203125
Rohini,2022,7,29.32378512833597,79.82956403860024,2.245700350067921,498.9729919433594
Rohini,2022,8,28.7113517355706,78.22080904961913,2.446878716825949,521.1309814453125
Rohini,2022,9,28.08761200259869,75.78659946220733,2.036481832630712,513.854736328125
Rohini,2022,10,23.72262570834605,72.44516562302408,1.8683651409004853,371.7010192871094
Rohini,2022,11,19.92389679540416,63.248495180814274,2.109729003313456,315.9747009277344
Rohini,2022,12,14.886109324720922,68.23002075899767,2.4031553604171676,245.35769653320312
Rohini,2023,1,12.352536000934112,77.10021960651807,2.145022806581659,259.6785888671875
Rohini,2023,2,18.506742165712666,60.142254983851345,2.560226078372042,356.3530578613281
Rohini,2023,3,21.880985052996895,62.54780398534923,1.9497969303908356,476.595458984375
Rohini,2023,4,26.53157799119267,40.87393326880795,2.2655949338287273,834.9840087890625
Rohini,2023,5,29.0182176319673,47.34088074057289,2.2703707793379238,756.6552734375
Rohini,2023,6,31.258112479589553,57.290789583153895,2.3296748092792066,701.7598876953125
Rohini,2023,7,29.114838819423174,81.81935585913496,2.140192073644161,431.7899169921875
Rohini,2023,8,29.873754346344757,71.9197728246199,2.5581907777030115,537.208251953125
Rohini,2023,9,28.838515401737553,73.05029245210065,2.002835562582618,470.0148620605469
Rohini,2023,10,25.16174659788713,58.80811321529078,1.9603718857745698,429.6498107910156
Rohini,2023,11,20.625789170041394,67.25164329907305,1.62708901807262,334.8393859863281
Rohini,2023,12,15.28052426470692,73.54083502466226,1.848953147147387,238.2931365966797
Rohini,2024,1,11.590741984279681,81.57863343137025,1.6848137966835466,210.17333984375
Rohini,2024,2,15.850706523653894,64.30372800014362,2.377867145437315,362.5963439941406
Rohini,2024,3,21.281931642937977,53.2210017921323,2.46573465523352,472.822998046875
Rohini,2024,4,28.18280370035929,31.590095691634737,2.648059091597549,846.77001953125
Rohini,2024,5,33.43286325089509,29.858819683238693,2.6594908776257644,974.3850708007812
Rohini,2024,6,34.555293276814304,40.97972030000742,2.9156581141160665,892.0215454101562
Rohini,2024,7,30.29529884225548,79.00415357984802,1.8732528535971626,456.0831298828125
Rohini,2024,8,28.32491539548437,84.02501033674093,2.2238751368675693,445.89996337890625
Rohini,2024,9,27.496974570114997,82.98867891930894,1.787255596700546,377.8587951660156
Rohini,2024,10,26.120225512778994,66.8419169731501,1.840542237868871,389.22637939453125
Rohini,2024,11,21.21154800866454,68.5917294312786,1.7168091991666143,354.7710876464844
Rohini,2024,12,14.443427822846322,67.24517637703495,2.235458542556377,262.7060852050781
Rohini,2025,1,13.371938918097815,78.65250342486021,2.24412355730531,220.14002990722656
Rohini,2025,2,17.46049713573928,63.17207664191758,2.4995199490958147,335.9529724121094
Rohini,2025,3,22.17995365251581,48.94159438822932,2.6834373150382653,509.24591064453125
Rohini,2025,4,29.51956355087612,35.222491125511034,2.579451173523813,794.6102905273438
Rohini,2025,5,31.400367120655243,50.178380894648285,2.591261901200755,786.1053466796875
Rohini,2025,6,31.31979042721948,63.71195129887427,2.1213731081786054,610.54638671875
Rohini,2025,7,28.797419290537093,82.23557880243789,2.1002718956731408,448.1151123046875
Rohini,2025,8,28.129695500021498,83.6036285180526,2.32469852002597,422.8999328613281
Rohini,2025,9,27.972961144335105,77.06433820148597,2.454295731350249,472.4386291503906
Rohini,2025,10,24.35714797261231,70.56741722228314,1.4817868541767814,418.32867431640625
Rohini,2025,11,18.939410674296987,57.93278622193461,2.1789435158487103,320.4574890136719
Rohini,2025,12,15.175733381267538,69.59402913808815,2.173937873643104,220.12254333496094
Shadipur,2022,1,12.664517875641927,80.97209500701504,2.1928698480004374,306.2158203125
Shadipur,2022,2,15.486613365307761,71.78454080411707,2.479274677612884,373.9527587890625
Shadipur,2022,3,24.22873775425926,54.153773081289714,2.4233392583334714,455.4839782714844
Shadipur,2022,4,30.788192213276943,27.130500742110065,2.3623965676202046,831.5194702148438
Shadipur,2022,5,32.376136356198934,43.440407752853524,2.434493728538194,849.347900390625
Shadipur,2022,6,33.24340789783002,43.417727089118124,2.808065707619267,866.6680908203125
Shadipur,2022,7,29.37072193451376,79.62809377163421,2.2639383701849742,498.9729919433594
Shadipur,2022,8,28.740040188712783,77.91118851430744,2.4763444442298606,521.1309814453125
Shadipur,2022,9,28.15439961441963,75.37936927952555,2.06883386366173,513.854736328125
Shadipur,2022,10,23.754888619108936,72.28423154419947,1.8766721652532645,371.7010192871094
Shadipur,2022,11,19.97065187170158,63.0590099204914,2.0934504769315896,315.9747009277344
Shadipur,2022,12,14.914758576448484,67.9930940514014,2.3953302631296807,245.35769653320312
Shadipur,2023,1,12.380387266576262,76.73511063011236,2.14180453351975,259.6785888671875
Shadipur,2023,2,18.58172939792816,59.69283755743781,2.541755402067629,356.3530578613281
Shadipur,2023,3,21.948722240998602,62.46293427122266,1.9388221813689295,476.595458984375
Shadipur,2023,4,26.602757288168533,40.67873357202576,2.2579332502029787,834.9840087890625
Shadipur,2023,5,29.095398880745183,47.21530924960857,2.2797806155779092,756.6552734375
Shadipur,2023,6,31.31206378070517,57.128412786440606,2.3400230068098327,701.7598876953125
Shadipur,2023,7,29.159210789268833,81.68993574984127,2.141307730613322,431.7899169921875
Shadipur,2023,8,29.942036650960276,71.18019656980906,2.6135309206908106,537.208251953125
Shadipur,2023,9,28.88749677574021,72.68121732693766,2.025870670919702,470.0148620605469
Shadipur,2023,10,25.24960887299233,58.26059085969781,1.9747802786038777,429.6498107910156
Shadipur,2023,11,20.686560510590272,67.00875461360015,1.6260627455610852,334.8393859863281
Shadipur,2023,12,15.346854332041033,73.2156818341168,1.8490062191892083,238.2931365966797
Shadipur,2024,1,11.646407362859884,81.28876952909985,1.6795244903334057,210.17333984375
Shadipur,2024,2,15.923680066144245,63.912409750480634,2.358482105707789,362.5963439941406
Shadipur,2024,3,21.365346026268607,52.799959823188686,2.44797923655607,472.822998046875
Shadipur,2024,4,28.28137969985734,31.225313698641617,2.654341043902669,846.77001953125
Shadipur,2024,5,33.51755839952267,29.608456650893977,2.6654872738531177,974.3850708007812
Shadipur,2024,6,34.59214663416408,41.042253023867666,2.9346405591821347,892.0215454101562
Shadipur,2024,7,30.347343045320198,78.81695746749303,1.879837064762231,456.0831298828125
Shadipur,2024,8,28.324092191142277,83.9854986746173,2.225531748938458,445.89996337890625
Shadipur,2024,9,27.51164506276993,82.92291865923832,1.809193507809904,377.8587951660156
Shadipur,2024,10,26.181660737171914,66.61257761888074,1.8569403144068897,389.22637939453125
Shadipur,2024,11,21.27970487561405,68.31332510946305,1.7254624660299867,354.7710876464844
Shadipur,2024,12,14.483980840114475,67.16918619489974,2.231768603832693,262.7060852050781
Shadipur,2025,1,13.404667409920311,78.4838608303383,2.245637227852241,220.14002990722656
Shadipur,2025,2,17.519275560185118,63.077697328109,2.4836415320780314,335.9529724121094
Shadipur,2025,3,22.247211755089396,48.729284284808045,2.688844107486622,509.24591064453125
Shadipur,2025,4,29.614424642789523,34.864175700265264,2.5781119516407527,794.6102905273438
Shadipur,2025,5,31.48522344994985,49.92823212669263,2.6078736520821,786.1053466796875
Shadipur,2025,6,31.366351643612223,63.554395601238895,2.1374741810064526,610.54638671875
Shadipur,2025,7,28.822197711947098,82.09910136337776,2.1107748760847302,448.1151123046875
Shadipur,2025,8,28.16188712910248,83.38907564832901,2.3496414692856193,422.8999328613281
Shadipur,2025,9,28.00942883810585,76.7631268482735,2.4655596416040564,472.4386291503906
Shadipur,2025,10,24.386899485181456,70.42189989712239,1.4709286817860567,418.32867431640625
Shadipur,2025,11,18.950202228443445,57.77190350404942,2.1566063052941633,320.4574890136719
Shadipur,2025,12,15.21166589450572,69.24641291564309,2.170237486364399,220.12254333496094
Sirifort,2022,1,12.688225989528698,80.9215061154845,2.1961790689843057,306.2158203125
Sirifort,2022,2,15.516184791145387,71.89711990956954,2.475262050829971,373.9527587890625
Sirifort,2022,3,24.21930889253857,54.37688324051184,2.417965000708712,455.4839782714844
Sirifort,2022,4,30.728800377322102,27.639507840883947,2.3302680515575975,831.5194702148438
Sirifort,2022,5,32.3388220081543,44.05176089989672,2.4119600436530826,849.347900390625
Sirifort,2022,6,33.25550114367113,43.540282799634284,2.8031956277004912,866.6680908203125
Sirifort,2022,7,29.39265335124826,79.55887939760518,2.277295367437601,498.9729919433594
Sirifort,2022,8,28.734034939572414,77.95215580126867,2.478811755056095,521.1309814453125
Sirifort,2022,9,28.147888190888096,75.54805191554426,2.09664400894125,513.854736328125
Sirifort,2022,10,23.729656727512985,72.85730804504105,1.8788559683712935,371.7010192871094
Sirifort,2022,11,19.96307380673015,63.48266694220431,2.0782661290326234,315.9747009277344
Sirifort,2022,12,14.921602795242215,68.09283408507609,2.4055580525924807,245.35769653320312
Sirifort,2023,1,12.421235090103405,76.7038556664659,2.1424594296094304,259.6785888671875
Sirifort,2023,2,18.605924034512242,59.853698442640855,2.5390930195217085,356.3530578613281
Sirifort,2023,3,21.99150516881541,62.60754756437939,1.9389164839905222,476.595458984375
Sirifort,2023,4,26.62546206605453,40.735080634077896,2.247380371996078,834.9840087890625
Sirifort,2023,5,29.12657882452959,47.322525138181405,2.2847576066854374,756.6552734375
Sirifort,2023,6,31.328329310555873,57.2009733618586,2.349410015928885,701.7598876953125
Sirifort,2023,7,29.14453580536111,81.8601559153828,2.136682430236686,431.7899169921875
Sirifort,2023,8,29.922461597557927,71.18568551076288,2.631427577060324,537.208251953125
Sirifort,2023,9,28.866105432074825,72.9175151147044,2.0352640293317372,470.0148620605469
Sirifort,2023,10,25.303115691410092,58.0823925221387,1.9843742624623821,429.6498107910156
Sirifort,2023,11,20.743468859665473,66.92785705291543,1.6312202715658475,334.8393859863281
Sirifort,2023,12,15.418560913527145,72.99123428458208,1.86059926448599,238.2931365966797
Sirifort,2024,1,11.71087604112252,81.04703234652132,1.680285095133595,210.17333984375
Sirifort,2024,5,33.53893447564382,29.75477371614895,2.6708293527460234,974.3850708007812
Sirifort,2024,6,34.57130232171154,41.37557862044535,2.9459726252649134,892.0215454101562
Sirifort,2024,7,30.316830281188864,79.10163466620581,1.8732248729896666,456.0831298828125
Sirifort,2024,8,28.309571486306854,84.06078078094383,2.2379513202671895,445.89996337890625
Sirifort,2024,9,27.494459898717338,83.06699568236621,1.8373404729795089,377.8587951660156
Sirifort,2024,10,26.184281401746592,66.95563416937934,1.8671550818547986,389.22637939453125
Sirifort,2024,11,21.312465053728744,68.37387458163461,1.72680062505324,354.7710876464844
Sirifort,2024,12,14.527825092347802,67.22479611998453,2.2388897901400844,262.7060852050781
Sirifort,2025,1,13.441042157180012,78.4431190828677,2.2541458930009943,220.14002990722656
Sirifort,2025,2,17.572982067694735,63.07588986402159,2.498379984836689,335.9529724121094
Sirifort,2025,3,22.291823245564657,48.81508896313851,2.6986454777658855,509.24591064453125
Sirifort,2025,4,29.662241734867322,34.87898101617447,2.5943231708729777,794.6102905273438
Sirifort,2025,5,31.48573526459463,50.215382721572894,2.612116462183503,786.1053466796875
Sirifort,2025,6,31.365215542645657,63.7284184642764,2.141549132956623,610.54638671875
Sirifort,2025,7,28.80547432144123,82.26541977436152,2.1109448946161473,448.1151123046875
Sirifort,2025,8,28.15584557718642,83.48961411635324,2.353004474374149,422.8999328613281
Sirifort,2025,9,28.011222558199215,76.89476675680812,2.4749253891994756,472.4386291503906
Sirifort,2025,10,24.357443214387132,70.97798789647646,1.449581724358227,418.32867431640625
Sirifort,2025,11,18.9142201421665,58.24955650633917,2.1454300409715814,320.4574890136719
Sirifort,2025,12,15.188778760788157,69.5265437309878,2.1626236223189683,220.12254333496094
Sonia_Vihar,2022,1,12.629697699158369,81.40841952128206,2.201909616207434,306.2158203125
Sonia_Vihar,2022,2,15.365889815304852,72.44461294764395,2.486957582606358,373.9527587890625
Sonia_Vihar,2022,3,24.107187945268397,54.998030038904886,2.441934508933643,455.4839782714844
Sonia_Vihar,2022,4,30.642268817676808,27.917561657293305,2.3720342006776702,831.5194702148438
Sonia_Vihar,2022,5,32.12871999934058,44.811461607786484,2.411644225505192,849.347900390625
Sonia_Vihar,2022,6,33.05531353807629,44.098999598624985,2.7646193645009753,866.6680908203125
Sonia_Vihar,2022,7,29.29346361428707,79.97493715316492,2.23928591149759,498.9729919433594
Sonia_Vihar,2022,8,28.675328564673006,78.56159942859807,2.420902225647521,521.1309814453125
Sonia_Vihar,2022,9,28.013070321634437,76.34290427238989,2.0320175207112467,513.854736328125
Sonia_Vihar,2022,10,23.665017332796765,73.15174899400627,1.8610875106266547,371.7010192871094
Sonia_Vihar,2022,11,19.87212636661973,63.79099195537365,2.1090925307645,315.9747009277344
Sonia_Vihar,2022,12,14.866203659237481,68.5329519723324,2.4186736556342465,245.35769653320312
Sonia_Vihar,2023,1,12.371800508322167,77.39439670833293,2.1476294100324895,259.6785888671875
Sonia_Vihar,2023,2,18.465375727846762,60.65743235269964,2.575908156508245,356.3530578613281
Sonia_Vihar,2023,3,21.8610377862897,62.692381272176306,1.9608856798960508,476.595458984375
Sonia_Vihar,2023,4,26.493034398255915,41.05032749739429,2.263784697571826,834.9840087890625
Sonia_Vihar,2023,5,28.974877160084784,47.538173102891314,2.266045539677769,756.6552734375
Sonia_Vihar,2023,6,31.215310895633138,57.52718528090382,2.328571878173909,701.7598876953125
Sonia_Vihar,2023,7,29.053873276071155,82.11282783936842,2.1339495884599238,431.7899169921875
Sonia_Vihar,2023,8,29.784817871149535,72.63640036164827,2.5280363675802633,537.208251953125
Sonia_Vihar,2023,9,28.769942788360574,73.62378367214059,1.9879785660115161,470.0148620605469
Sonia_Vihar,2023,10,25.129006204455393,59.1319552462147,1.9553599386330394,429.6498107910156
Sonia_Vihar,2023,11,20.619220244931178,67.39221392077111,1.6304295807849223,334.8393859863281
Sonia_Vihar,2023,12,15.286271185250243,73.61392311247761,1.8589036690545384,238.2931365966797
Sonia_Vihar,2024,1,11.60631057035215,81.59279638985765,1.6910731593050388,210.17333984375
Sonia_Vihar,2024,2,15.83822992916135,64.5548753511984,2.3995092543799754,362.5963439941406
Sonia_Vihar,2024,3,21.24617289502604,53.722256060929,2.4744686506394036,472.822998046875
Sonia_Vihar,2024,4,28.174822843469173,31.6910047786104,2.657839338312293,846.77001953125
Sonia_Vihar,2024,5,33.36540835406484,30.25941228690964,2.6561462250797954,974.3850708007812
Sonia_Vihar,2024,6,34.49293891259544,41.25706548692574,2.906851013256572,892.0215454101562
Sonia_Vihar,2024,7,30.210325338216677,79.46004792127823,1.859441331945669,456.0831298828125
Sonia_Vihar,2024,8,28.308760062236942,84.13546719167731,2.23163063791586,445.89996337890625
Sonia_Vihar,2024,9,27.464382711637878,83.1829036822051,1.7913221607290022,377.8587951660156
Sonia_Vihar,2024,10,26.061182280686978,67.38322443681865,1.8343491983098434,389.22637939453125
Sonia_Vihar,2024,11,21.171648803323773,68.924106787273,1.7095676562826365,354.7710876464844
Sonia_Vihar,2024,12,14.445316674487897,67.37374910521802,2.243893245162988,262.7060852050781
Sonia_Vihar,2025,1,13.378103159282933,78.77372092570766,2.2490753033380777,220.14002990722656
Sonia_Vihar,2025,2,17.458839897280846,63.251860248840586,2.5270456993673127,335.9529724121094
Sonia_Vihar,2025,3,22.155254577510668,49.23457055474298,2.6875419356923405,509.24591064453125
Sonia_Vihar,2025,4,29.46710628757549,35.5876092067238,2.592738674692089,794.6102905273438
Sonia_Vihar,2025,5,31.318198624395382,50.67689638075267,2.5796293206497625,786.1053466796875
Sonia_Vihar,2025,6,31.26635504823059,64.05348964805799,2.110435003242339,610.54638671875
Sonia_Vihar,2025,7,28.75647572570584,82.50909853390338,2.0889148484732587,448.1151123046875
Sonia_Vihar,2025,8,28.09065522096347,83.89691945066826,2.302757676302808,422.8999328613281
Sonia_Vihar,2025,9,27.942322597793925,77.44192967064119,2.4542312248430913,472.4386291503906
Sonia_Vihar,2025,10,24.307698143686924,71.16916016212292,1.4711709276688913,418.32867431640625
Sonia_Vihar,2025,11,18.90351688906388,58.47105538102827,2.1887381279658373,320.4574890136719
Sonia_Vihar,2025,12,15.121936574925238,70.16358440677178,2.169754767307893,220.12254333496094
Sri_Aurobindo_Marg,2022,1,12.69598954275194,80.7167891832809,2.1895662520181083,306.2158203125
Sri_Aurobindo_Marg,2022,2,15.564529719802929,71.47401839429948,2.4730404426187995,373.9527587890625
Sri_Aurobindo_Marg,2022,3,24.286946755601548,53.813385042420286,2.410789626415597,455.4839782714844
Sri_Aurobindo_Marg,2022,4,30.83384927406368,26.961193526258814,2.3427898680231154,831.5194702148438
Sri_Aurobindo_Marg,2022,5,32.48344424188336,43.02677404647608,2.4362231101482617,849.347900390625
Sri_Aurobindo_Marg,2022,6,33.34459914100253,43.12471123287716,2.8294153790681436,866.6680908203125
Sri_Aurobindo_Marg,2022,7,29.417658740691547,79.42662350466819,2.282176390302027,498.9729919433594
Sri_Aurobindo_Marg,2022,8,28.76872864185497,77.60156797899577,2.505810171633771,521.1309814453125
Sri_Aurobindo_Marg,2022,9,28.221187226240573,74.97213909684376,2.1011858946927457,513.854736328125
Sri_Aurobindo_Marg,2022,10,23.787151529871817,72.12329746537488,1.8849791896060435,371.7010192871094
Sri_Aurobindo_Marg,2022,11,20.017406947999,62.86952466016852,2.077171950549724,315.9747009277344
Sri_Aurobindo_Marg,2022,12,14.943407828176046,67.75616734380513,2.3875051658421937,245.35769653320312
Sri_Aurobindo_Marg,2023,1,12.408238532218416,76.37000165370665,2.138586260457841,259.6785888671875
Sri_Aurobindo_Marg,2023,2,18.656716630143652,59.24342013102431,2.523284725763217,356.3530578613281
Sri_Aurobindo_Marg,2023,3,22.0164594290003,62.378064557096096,1.9278474323470236,476.595458984375
Sri_Aurobindo_Marg,2023,4,26.673936585144396,40.48353387524359,2.25027156657723,834.9840087890625
Sri_Aurobindo_Marg,2023,5,29.172580129523062,47.08973775864426,2.2891904518178943,756.6552734375
Sri_Aurobindo_Marg,2023,6,31.366015081820784,56.96603598972734,2.350371204340458,701.7598876953125
Sri_Aurobindo_Marg,2023,7,29.203582759114486,81.56051564054758,2.142423387582484,431.7899169921875
Sri_Aurobindo_Marg,2023,8,30.010318955575784,70.44062031499823,2.668871063678607,537.208251953125
Sri_Aurobindo_Marg,2023,9,28.936478149742875,72.31214220177468,2.0489057792567844,470.0148620605469
Sri_Aurobindo_Marg,2023,10,25.337471148097528,57.71306850410485,1.989188671433185,429.6498107910156
Sri_Aurobindo_Marg,2023,11,20.747331851139155,66.76586592812723,1.62503647304955,334.8393859863281
Sri_Aurobindo_Marg,2023,12,15.413184399375147,72.89052864357134,1.849059291231029,238.2931365966797
Sri_Aurobindo_Marg,2024,1,11.702072741440086,80.99890562682945,1.6742351839832648,210.17333984375
Sri_Aurobindo_Marg,2024,2,15.996653608634594,63.52109150081763,2.3390970659782644,362.5963439941406
Sri_Aurobindo_Marg,2024,3,21.448760409599235,52.37891785424509,2.43022381787862,472.822998046875
Sri_Aurobindo_Marg,2024,4,28.379955699355385,30.860531705648512,2.660622996207789,846.77001953125
Sri_Aurobindo_Marg,2024,5,33.60225354815026,29.35809361854928,2.6714836700804714,974.3850708007812
Sri_Aurobindo_Marg,2024,6,34.62899999151385,41.1047857477279,2.953623004248202,892.0215454101562
Sri_Aurobindo_Marg,2024,7,30.399387248384908,78.62976135513804,1.886421275927299,456.0831298828125
Sri_Aurobindo_Marg,2024,8,28.32326898680019,83.94598701249366,2.227188361009347,445.89996337890625
Sri_Aurobindo_Marg,2024,9,27.526315555424866,82.85715839916772,1.8311314189192611,377.8587951660156
Sri_Aurobindo_Marg,2024,10,26.243095961564837,66.38323826461138,1.873338390944908,389.22637939453125
Sri_Aurobindo_Marg,2024,11,21.347861742563563,68.03492078764752,1.7341157328933583,354.7710876464844
Sri_Aurobindo_Marg,2024,12,14.524533857382625,67.0931960127645,2.2280786651090083,262.7060852050781
Sri_Aurobindo_Marg,2025,1,13.437395901742805,78.3152182358164,2.2471508983991724,220.14002990722656
Sri_Aurobindo_Marg,2025,2,17.578053984630955,62.983318014300416,2.4677631150602486,335.9529724121094
Sri_Aurobindo_Marg,2025,3,22.314469857662974,48.51697418138678,2.6942508999349775,509.24591064453125
Sri_Aurobindo_Marg,2025,4,29.709285734702924,34.5058602750195,2.576772729757693,794.6102905273438
Sri_Aurobindo_Marg,2025,5,31.570079779244452,49.67808335873698,2.6244854029634435,786.1053466796875
Sri_Aurobindo_Marg,2025,6,31.41291286000496,63.396839903603514,2.1535752538342994,610.54638671875
Sri_Aurobindo_Marg,2025,7,28.846976133357096,81.96262392431764,2.1212778564963193,448.1151123046875
Sri_Aurobindo_Marg,2025,8,28.194078758183466,83.17452277860541,2.3745844185452674,422.8999328613281
Sri_Aurobindo_Marg,2025,9,28.0458965318766,76.46191549506102,2.476823551857863,472.4386291503906
Sri_Aurobindo_Marg,2025,10,24.416650997750605,70.27638257196165,1.4600705093953323,418.32867431640625
Sri_Aurobindo_Marg,2025,11,18.960993782589895,57.61102078616424,2.1342690947396177,320.4574890136719
Sri_Aurobindo_Marg,2025,12,15.247598407743899,68.89879669319805,2.1665370990856947,220.12254333496094
Vivek_Vihar,2022,1,12.653405813045138,81.35783062975153,2.2052188371913024,307.1187744140625
Vivek_Vihar,2022,2,15.39546124114247,72.55719205309644,2.4829449558234455,365.1680908203125
Vivek_Vihar,2022,3,24.097759083547697,55.22114019812708,2.436560251308883,439.18731689453125
Vivek_Vihar,2022,4,30.582876981721952,28.42656875606726,2.33990568461506,777.0055541992188
Vivek_Vihar,2022,5,32.09140565129593,45.4228147548298,2.3891105406200777,777.5386352539062
Vivek_Vihar,2022,6,33.06740678391739,44.2215553091412,2.759749284582195,814.0657348632812
Vivek_Vihar,2022,7,29.315395031021566,79.90572277913587,2.252642908750216,497.77764892578125
Vivek_Vihar,2022,8,28.669323315532637,78.60256671555932,2.423369536473752,505.2118835449219
Vivek_Vihar,2022,9,28.006558898102888,76.51158690840867,2.059827665990767,500.3103332519531
Vivek_Vihar,2022,10,23.639785441200804,73.72482549484792,1.8632713137446826,352.7002258300781
Vivek_Vihar,2022,11,19.86454830164829,64.21464897708664,2.0939081828655324,301.1332702636719
Vivek_Vihar,2022,12,14.87304787803121,68.63269200600712,2.4289014450970483,242.94114685058594
Vivek_Vihar,2023,1,12.412648331849311,77.36314174468649,2.1482843061221697,258.7679748535156
Vivek_Vihar,2023,2,18.489570364430836,60.81829323790274,2.5732457739623267,347.31854248046875
Vivek_Vihar,2023,3,21.903820714106512,62.83699456533306,1.9609799825176446,465.33453369140625
Vivek_Vihar,2023,4,26.51573917614191,41.106674559446446,2.2532318193649243,802.14404296875
Vivek_Vihar,2023,5,29.00605710386919,47.64538899146416,2.2710225307852965,738.8174438476562
Vivek_Vihar,2023,6,31.231576425483834,57.599745856321825,2.3379588872929618,698.3248291015625
Vivek_Vihar,2023,7,29.039198292163416,82.28304800491,2.1293242880832866,423.0887756347656
Vivek_Vihar,2023,8,29.76524281774718,72.64188930260217,2.5459330239497735,504.639404296875
Vivek_Vihar,2023,9,28.74855144469518,73.86008145990739,1.9973719244235504,443.3123779296875
Vivek_Vihar,2023,10,25.18251302287315,58.953756908655606,1.964953922491543,410.3251647949219
Vivek_Vihar,2023,11,20.676128594006375,67.31131636008641,1.6355871067896852,327.7705078125
Vivek_Vihar,2023,12,15.357977766736358,73.38947556294288,1.8704967143513218,239.72019958496094
Vivek_Vihar,2024,1,11.670779248614787,81.3510592072791,1.6918337641052286,211.21490478515625
Vivek_Vihar,2024,2,15.898365125669503,64.42868522357585,2.4053198158958646,360.79998779296875
Vivek_Vihar,2024,3,21.29344769875955,53.81290633246727,2.4687937948340406,464.6595153808594
Vivek_Vihar,2024,4,28.2701413670982,31.42148667571213,2.6763426778696093,841.9074096679688
Vivek_Vihar,2024,5,33.38678443018598,30.40572935216466,2.6614883039727006,942.8936157226562
Vivek_Vihar,2024,6,34.472094600142896,41.59039108350347,2.9181830793393497,862.705322265625
Vivek_Vihar,2024,7,30.179812574085332,79.74472511999106,1.8528291401731027,439.21173095703125
Vivek_Vihar,2024,8,28.294239357401516,84.21074929800383,2.244050209244593,445.4423522949219
Vivek_Vihar,2024,9,27.44719754758528,83.326980705333,1.8194691258986087,374.0152893066406
Vivek_Vihar,2024,10,26.063802945261656,67.72628098731731,1.844563965757752,376.70208740234375
Vivek_Vihar,2024,11,21.204408981438462,68.9846562594446,1.7109058153058891,349.6602783203125
Vivek_Vihar,2024,12,14.489160926721226,67.42935903030283,2.2510144314703804,261.1800537109375
Vivek_Vihar,2025,1,13.414477906542633,78.73297917823706,2.2575839684868315,220.74078369140625
Vivek_Vihar,2025,2,17.512546404790463,63.250052784753194,2.541784152125974,339.7124328613281
Vivek_Vihar,2025,3,22.199866067985923,49.32037523307346,2.6973433059716054,504.5127258300781
Vivek_Vihar,2025,4,29.51492337965328,35.60241452263304,2.6089498939243168,784.476318359375
Vivek_Vihar,2025,5,31.318710439040157,50.96404697563299,2.5838721307511645,762.3353881835938
Vivek_Vihar,2025,6,31.26521894726402,64.22751251109554,2.1145099551925086,604.3180541992188
Vivek_Vihar,2025,7,28.73975233519997,82.67541694488716,2.089084867004674,440.5146789550781
Vivek_Vihar,2025,8,28.084613669047396,83.99745791869253,2.306120681391336,414.3418884277344
Vivek_Vihar,2025,9,27.94411631788728,77.57356957917585,2.463596972438511,463.04071044921875
Vivek_Vihar,2025,10,24.278241872892593,71.7252481614771,1.4498239702410596,395.7608947753906
Vivek_Vihar,2025,11,18.867534802786935,58.94870838331809,2.1775618636432554,306.6243591308594
Vivek_Vihar,2025,12,15.099049441207669,70.44371522211655,2.1621409032624603,215.31825256347656
Wazirpur,2022,1,12.664517875641927,80.97209500701504,2.1928698480004374,306.2158203125
Wazirpur,2022,2,15.486613365307761,71.78454080411707,2.479274677612884,373.9527587890625
Wazirpur,2022,3,24.22873775425926,54.153773081289714,2.4233392583334714,455.4839782714844
Wazirpur,2022,4,30.788192213276943,27.130500742110065,2.3623965676202046,831.5194702148438
Wazirpur,2022,5,32.376136356198934,43.440407752853524,2.434493728538194,849.347900390625
Wazirpur,2022,6,33.24340789783002,43.417727089118124,2.808065707619267,866.6680908203125
Wazirpur,2022,7,29.37072193451376,79.62809377163421,2.2639383701849742,498.9729919433594
Wazirpur,2022,8,28.740040188712783,77.91118851430744,2.4763444442298606,521.1309814453125
Wazirpur,2022,9,28.15439961441963,75.37936927952555,2.06883386366173,513.854736328125
Wazirpur,2022,10,23.754888619108936,72.28423154419947,1.8766721652532645,371.7010192871094
Wazirpur,2022,11,19.97065187170158,63.0590099204914,2.0934504769315896,315.9747009277344
Wazirpur,2022,12,14.914758576448484,67.9930940514014,2.3953302631296807,245.35769653320312
Wazirpur,2023,1,12.380387266576262,76.73511063011236,2.14180453351975,259.6785888671875
Wazirpur,2023,2,18.58172939792816,59.69283755743781,2.541755402067629,356.3530578613281
Wazirpur,2023,3,21.948722240998602,62.46293427122266,1.9388221813689295,476.595458984375
Wazirpur,2023,4,26.602757288168533,40.67873357202576,2.2579332502029787,834.9840087890625
Wazirpur,2023,5,29.095398880745183,47.21530924960857,2.2797806155779092,756.6552734375
Wazirpur,2023,6,31.31206378070517,57.128412786440606,2.3400230068098327,701.7598876953125
Wazirpur,2023,7,29.159210789268833,81.68993574984127,2.141307730613322,431.7899169921875
Wazirpur,2023,8,29.942036650960276,71.18019656980906,2.6135309206908106,537.208251953125
Wazirpur,2023,9,28.88749677574021,72.68121732693766,2.025870670919702,470.0148620605469
Wazirpur,2023,10,25.24960887299233,58.26059085969781,1.9747802786038777,429.6498107910156
Wazirpur,2023,11,20.686560510590272,67.00875461360015,1.6260627455610852,334.8393859863281
Wazirpur,2023,12,15.346854332041033,73.2156818341168,1.8490062191892083,238.2931365966797
Wazirpur,2024,1,11.646407362859884,81.28876952909985,1.6795244903334057,210.17333984375
Wazirpur,2024,2,15.923680066144245,63.912409750480634,2.358482105707789,362.5963439941406
Wazirpur,2024,3,21.365346026268607,52.799959823188686,2.44797923655607,472.822998046875
Wazirpur,2024,4,28.28137969985734,31.225313698641617,2.654341043902669,846.77001953125
Wazirpur,2024,5,33.51755839952267,29.608456650893977,2.6654872738531177,974.3850708007812
Wazirpur,2024,6,34.59214663416408,41.042253023867666,2.9346405591821347,892.0215454101562
Wazirpur,2024,7,30.347343045320198,78.81695746749303,1.879837064762231,456.0831298828125
Wazirpur,2024,8,28.324092191142277,83.9854986746173,2.225531748938458,445.89996337890625
Wazirpur,2024,9,27.51164506276993,82.92291865923832,1.809193507809904,377.8587951660156
Wazirpur,2024,10,26.181660737171914,66.61257761888074,1.8569403144068897,389.22637939453125
Wazirpur,2024,11,21.27970487561405,68.31332510946305,1.7254624660299867,354.7710876464844
Wazirpur,2024,12,14.483980840114475,67.16918619489974,2.231768603832693,262.7060852050781
Wazirpur,2025,1,13.404667409920311,78.4838608303383,2.245637227852241,220.14002990722656
Wazirpur,2025,2,17.519275560185118,63.077697328109,2.4836415320780314,335.9529724121094
Wazirpur,2025,3,22.247211755089396,48.729284284808045,2.688844107486622,509.24591064453125
Wazirpur,2025,4,29.614424642789523,34.864175700265264,2.5781119516407527,794.6102905273438
Wazirpur,2025,5,31.48522344994985,49.92823212669263,2.6078736520821,786.1053466796875
Wazirpur,2025,6,31.366351643612223,63.554395601238895,2.1374741810064526,610.54638671875
Wazirpur,2025,7,28.822197711947098,82.09910136337776,2.1107748760847302,448.1151123046875
Wazirpur,2025,8,28.16188712910248,83.38907564832901,2.3496414692856193,422.8999328613281
Wazirpur,2025,9,28.00942883810585,76.7631268482735,2.4655596416040564,472.4386291503906
Wazirpur,2025,10,24.386899485181456,70.42189989712239,1.4709286817860567,418.32867431640625
Wazirpur,2025,11,18.950202228443445,57.77190350404942,2.1566063052941633,320.4574890136719
Wazirpur,2025,12,15.21166589450572,69.24641291564309,2.170237486364399,220.12254333496094
