station,year,month,pm25,sentinel2_ndvi_mean_1000m,fold,y_hat_oof,t_hat_oof,y_residual,t_residual,orthogonal_score
Alipur,2022,1,128.79,0.5450644381540622,2,158.53373999092193,0.4159427070547453,-29.743739990921938,0.12912173109931696,-3.4874350877651836
Alipur,2022,2,103.96,0.5154447396880407,2,100.60309753737626,0.43129179138636525,3.3569024626237365,0.08415294830167547,0.43248668492003944
Alipur,2022,3,108.41,0.4736578698388993,2,102.70180677772981,0.41661131595084405,5.708193222270182,0.05704655388805524,0.39456023814575525
Alipur,2022,4,127.27,0.2682884280193102,2,133.39894553877718,0.3685980141435448,-6.128945538777188,-0.10030958612423463,0.827909182872093
Alipur,2022,6,61.81,0.2336080548344577,2,69.96221807026201,0.4075639131877768,-8.152218070262009,-0.1739558583533191,2.059057755954584
Alipur,2022,7,33.32,0.291282641372673,2,38.896402467280794,0.42573010873907957,-5.5764024672807935,-0.13444746736640656,1.1325921887416237
Alipur,2022,8,31.47,0.4510700735839226,2,36.69988101213468,0.49871191784565466,-5.229881012134683,-0.04764184426173207,0.2972352298606624
Alipur,2022,10,113.09,0.4286757698917767,2,106.34499349178428,0.4753306550632491,6.745006508215724,-0.04665488517147243,-0.2685846450491276
Alipur,2022,11,211.13,0.232791164352193,2,171.95312559003372,0.39233320128083987,39.176874409966274,-0.15954203692864688,-5.711240291550116
Alipur,2022,12,182.23,0.3106899427373614,2,159.32615145528447,0.4178770245941583,22.903848544715515,-0.10718708185679693,-2.211653886879947
Alipur,2023,1,155.76,0.4317970786074115,2,162.1426705313857,0.34047559793459137,-6.382670531385713,0.09132148067282014,-0.4062388109718014
Alipur,2023,2,121.24,0.5009788194805853,2,102.58579175182763,0.3989288463447655,18.654208248172367,0.10204997313581982,2.1242380305817368
Alipur,2023,3,80.09,0.4205413084965412,2,88.63234527189456,0.4123611852213586,-8.542345271894561,0.008180123275182583,-0.06846016505927478
Alipur,2023,4,76.69,0.3172882161420013,2,83.10378600630116,0.39983435123454847,-6.413786006301166,-0.08254613509254716,0.6737534378374631
Alipur,2023,5,67.45,0.3175647903418975,2,74.44258843770113,0.42122108686379606,-6.99258843770113,-0.10365629652189856,0.9524010480414887
Alipur,2023,7,32.34,0.2733921853175042,2,34.52820103978694,0.3790265898757644,-2.1882010397869394,-0.10563440455826018,0.46749320781097364
Alipur,2023,8,35.82,0.4737276951681466,2,39.06305117014013,0.5067013683816287,-3.2430511701401272,-0.0329736732134821,0.1299639483181885
Alipur,2023,9,35.55,0.473040023700701,2,47.88688059429512,0.494402348965127,-12.336880594295124,-0.021362325264426052,0.27321009690295384
Alipur,2023,10,94.49,0.3438390293202086,2,112.20870395872483,0.47613071657867734,-17.71870395872483,-0.13229168725846874,2.714716872291038
Alipur,2023,11,228.48,0.2414237048127095,2,207.53477332110313,0.36040263429304986,20.94522667889686,-0.11897892948034036,-2.192211587881677
Alipur,2023,12,198.96,0.3440049885137016,2,177.8700911092991,0.4315669533249412,21.08990889070091,-0.08756196481123962,-1.6842818694704629
Alipur,2024,1,167.47,0.2967259577629736,2,173.9026490815931,0.30127397321446964,-6.432649081593098,-0.004548015451496024,0.029693891673243985
Alipur,2024,3,70.84,0.4740350271647603,2,97.18898318496338,0.40962465713737467,-26.348983184963373,0.06441037002738564,-1.6092768319153528
Alipur,2024,4,65.78,0.2451749824139755,2,87.18532229015716,0.3312991072989123,-21.40532229015716,-0.08612412488493681,2.0006172070092303
Alipur,2024,6,53.35,0.2321320721038561,2,62.83502939078414,0.2866530690962116,-9.485029390784142,-0.054520996992355464,0.5800927468206628
Alipur,2024,7,38.88,0.3216518794663763,2,43.71288470373451,0.3539380209896797,-4.832884703734507,-0.03228614152330339,0.17811351330303807
Alipur,2024,8,22.48,0.5143390521675677,2,30.96188673759202,0.5160545558232381,-8.48188673759202,-0.001715503655670414,0.014613040543945013
Alipur,2024,9,41.13,0.4499043099542539,2,52.89548931364656,0.47305968573096835,-11.765489313646555,-0.02315537577671445,0.28379063721530084
Alipur,2024,10,127.49,0.3860414420904838,2,119.76668719042678,0.4899061722788981,7.7233128095732155,-0.1038647301884143,-0.5736884299702081
Alipur,2025,2,102.29,0.4965837306692173,2,93.01853024370847,0.3948248563206798,9.271469756291538,0.10175887434853748,1.1627743059911078
Alipur,2025,4,93.56,0.2632935217727907,2,83.35525676550523,0.3471071786218887,10.20474323449477,-0.08381365684909803,-0.7065104638681338
Alipur,2025,5,82.31,0.2358442990094071,2,71.77344979523122,0.3989741115093793,10.536550204768787,-0.1631298124999722,-1.1551874357677143
Alipur,2025,6,53.72,0.2600814217878561,2,57.43005740154165,0.4057150654578213,-3.710057401541654,-0.14563364366996523,0.9895270640750968
Alipur,2025,8,28.67,0.3729035764681647,2,33.72602824185535,0.5143969563878114,-5.056028241855351,-0.14149337991964667,1.139433573205918
Alipur,2025,9,37.63,0.46907722852821,2,45.2230154137275,0.5054699681695531,-7.5930154137275,-0.03639273964134315,0.30438258653736977
Alipur,2025,10,102.63,0.379188796082103,2,116.01513953195423,0.48653550655850625,-13.385139531954238,-0.10734671047640326,1.6809188373512165
Alipur,2025,11,230.41,0.269180178126949,2,202.02797009552765,0.427621104587794,28.382029904472347,-0.158440926460845,-3.9651730372277116
Alipur,2025,12,199.32,0.3278837763311996,2,217.41241288388588,0.4496581014570938,-18.092412883885885,-0.1217743251258942,2.517274832831612
Anand_Vihar,2022,1,230.33,0.231526154454179,1,148.3896909679905,0.31199381650671104,81.94030903200951,-0.08046766205253203,-6.456401233421478
Anand_Vihar,2022,2,152.63,0.245822879600012,1,99.00430603548169,0.2913359267661109,53.625693964518305,-0.04551304716609891,-2.39679492009227
Anand_Vihar,2022,3,112.11,0.2246268479176904,1,95.38713870777025,0.2723841325756798,16.72286129222975,-0.047757284657989396,-0.7503311362427655
Anand_Vihar,2022,5,87.93,0.2343366342123133,1,74.59693733307991,0.2854284186323724,13.3330626669201,-0.0510917844200591,-0.625921343281978
Anand_Vihar,2022,6,80.25,0.2246356412830981,1,70.28977587582628,0.2853923113948568,9.96022412417372,-0.060756670111758726,-0.5269653941653752
Anand_Vihar,2022,7,41.75,0.2755352303995939,1,31.2153540371827,0.27701475369898937,10.5346459628173,-0.001479523299395491,-0.01553989054469935
Anand_Vihar,2022,8,40.91,0.2295280449048192,1,31.396780501015122,0.30763275378366434,9.513219498984874,-0.07810470887884513,-0.6138196437471481
Anand_Vihar,2022,9,52.76,0.1962581320806986,1,38.84266019514384,0.27236040854026533,13.917339804856155,-0.07610227645956674,-0.9364739133799066
Anand_Vihar,2022,10,132.83,0.2694638940062536,1,89.51290641836603,0.31544818652624396,43.31709358163398,-0.045984292519990366,-1.9471188348441122
Anand_Vihar,2022,11,203.8,0.1988301411945628,1,174.28552074857268,0.25204754431709575,29.514479251427332,-0.05321740312253295,-1.5106991747221528
Anand_Vihar,2023,1,226.2,0.1489432995669109,1,167.67373680825597,0.19817126399886248,58.52626319174402,-0.04922796443195157,-2.8298004454203975
Anand_Vihar,2023,2,137.86,0.2361460136468663,1,101.60899425432794,0.2678967576132438,36.251005745672074,-0.031750743966377476,-1.1296442613267197
Anand_Vihar,2023,3,99.13,0.242478806271434,1,65.59568742968955,0.2789027019268164,33.53431257031045,-0.03642389565538237,-1.1933502970362444
Anand_Vihar,2023,4,91.27,0.245680802605728,1,57.59138513132202,0.292339793200225,33.678614868677975,-0.04665899059449702,-1.5252992012694861
Anand_Vihar,2023,5,82.1,0.2447190259001337,1,52.8941065722627,0.29659125227668554,29.205893427737294,-0.05187222637655184,-1.4579840948108218
Anand_Vihar,2023,6,55.56,0.2606586000848038,1,39.54552856541079,0.29611648874102886,16.01447143458921,-0.03545788865622507,-0.5412100693716416
Anand_Vihar,2023,7,37.66,0.1946912401918692,1,25.02097718760869,0.23518511494091243,12.639022812391307,-0.04049387474904323,-0.47707240723009947
Anand_Vihar,2023,9,53.5,0.2900293825142929,1,30.065755065522502,0.31533405467639025,23.434244934477498,-0.025304672162097364,-0.5794335325714947
Anand_Vihar,2023,10,132.38,0.2837190778010849,1,92.54824886198293,0.3360630736159318,39.83175113801707,-0.05234399581484689,-2.026921039426798
Anand_Vihar,2023,11,280.67,0.1838343905522167,1,204.4495351251853,0.21168634679656728,76.22046487481472,-0.02785195624435058,-2.1064587706073223
Anand_Vihar,2023,12,240.59,0.2035999019181605,1,177.7873892861063,0.26580807859825806,62.8026107138937,-0.062208176680097566,-3.8248708823451065
Anand_Vihar,2024,1,252.19,0.101436589929899,1,200.5825335219222,0.14567622768505642,51.60746647807781,-0.04423963775515742,-2.241642549212948
Anand_Vihar,2024,2,121.33,0.1993216566513171,1,98.85315516631461,0.2409381340436991,22.47684483368539,-0.041616477392382,-0.8987241558029565
Anand_Vihar,2024,4,87.61,0.2094392937863342,1,78.32641817721365,0.2649693692111697,9.283581822786346,-0.05553007542483551,-0.45020642698240704
Anand_Vihar,2024,6,74.91,0.1858079875735978,1,77.52082845084553,0.26017874075483394,-2.6108284508455313,-0.07437075318123615,0.3113181119114319
Anand_Vihar,2024,7,52.13,0.1631288577457671,1,37.89514401272208,0.22189246975782462,14.234855987277925,-0.058763612012057514,-0.763352292161026
Anand_Vihar,2024,8,44.31,0.2257168381503063,1,28.127746000325057,0.3116256952623356,16.182253999674945,-0.08590885711202928,-1.2338807658052529
Anand_Vihar,2024,9,88.87,0.2308555290717039,1,35.142899046961816,0.29243351804104617,53.72710095303819,-0.06157798896934227,-3.228094058503013
Anand_Vihar,2024,10,151.28,0.2972135074253192,1,100.90572258446882,0.3489034364915776,50.37427741553118,-0.05168992906625841,-2.5472520722058833
Anand_Vihar,2024,11,313.15,0.1862522307708575,1,225.02177992977602,0.21595127504103676,88.12822007022396,-0.029699044270179248,-2.5986421162698656
Anand_Vihar,2025,3,81.45,0.2602685074251231,1,80.08357665973975,0.29719817217101435,1.3664233402602548,-0.036929664745891266,-0.021575759881694224
Anand_Vihar,2025,4,84.09,0.2215584549912437,1,79.84626449350867,0.2741892653968389,4.243735506491333,-0.052630810405595224,-0.16468155825305097
Anand_Vihar,2025,6,50.97,0.2410806430759396,1,50.295977614204816,0.27471372525101895,0.6740223857951833,-0.03363308217507935,0.0012894536399032576
Anand_Vihar,2025,7,38.32,0.2149822875117638,1,33.465773197564324,0.22123929173548537,4.854226802435676,-0.0062570042237215795,-0.02954370383541503
Anand_Vihar,2025,8,51.59,0.2636067530802699,1,31.013207216043515,0.2819153665362447,20.57679278395649,-0.018308613455974843,-0.36963277130854383
Anand_Vihar,2025,9,59.58,0.2934901425997133,1,40.30952634423392,0.33045700746144957,19.270473655766075,-0.03696686486173628,-0.6834249754918051
Anand_Vihar,2025,11,257.78,0.2337556112931342,1,189.8895553137056,0.28909861647666524,67.89044468629436,-0.055343005183531024,-3.6923889636005196
Anand_Vihar,2025,12,276.49,0.1990845363378676,1,203.17695742350887,0.2878969238208145,73.31304257649114,-0.0888123874829469,-6.344043181935758
Ashok_Vihar,2022,1,177.62,0.2928926331090681,0,173.07689231419752,0.2021091860528026,4.543107685802482,0.09078344705626551,0.5869998659218121
Ashok_Vihar,2022,2,122.17,0.2758503010252908,0,108.412462835804,0.19791131435075696,13.757537164195995,0.07793898667453383,1.200908378991869
Ashok_Vihar,2022,3,98.11,0.2582084598183026,0,99.69486411334779,0.1796084918929804,-1.5848641133477912,0.0785999679253222,0.006281123493342408
Ashok_Vihar,2022,4,106.28,0.2689275558390799,0,126.7914768412747,0.18012872627295928,-20.5114768412747,0.08879882956612062,-1.6543829764023725
Ashok_Vihar,2022,5,62.72,0.293500597805172,0,83.7828670585957,0.18309207790285983,-21.0628670585957,0.11040851990231218,-2.067330352792853
Ashok_Vihar,2022,6,52.43,0.2769070993540428,0,68.85660296317164,0.1814141636765212,-16.42660296317164,0.0954929356775216,-1.375482818286541
Ashok_Vihar,2022,8,32.52,0.3090993347167462,0,33.09328923233004,0.19804460599283236,-0.5732892323300334,0.11105472872391386,0.19755429896065768
Ashok_Vihar,2022,9,41.09,0.2338593538948599,0,36.82770386992701,0.15567437381720398,4.262296130072997,0.07818498007765592,0.46272085339466124
Ashok_Vihar,2022,10,116.71,0.3054245727075783,0,105.99801667347236,0.21264221945962092,10.71198332652763,0.09278235324795736,1.1762156424619212
Ashok_Vihar,2022,11,201.82,0.2254088206534421,0,176.0125613256134,0.1494347288743902,25.80743867438659,0.0759740917790519,2.082951155215753
Ashok_Vihar,2022,12,185.65,0.2342608230795538,0,172.8514247833647,0.1645003203593244,12.7985752166353,0.06976050272022938,0.9959099152060855
Ashok_Vihar,2023,2,112.78,0.2558184326492408,0,109.06797577421676,0.1888608459581516,3.7120242257832388,0.0669575866910892,0.3435065413645828
Ashok_Vihar,2023,3,68.72,0.268373707489991,0,74.116901870988,0.18868875747615999,-5.396901870988003,0.07968495001383102,-0.29556302489719255
Ashok_Vihar,2023,5,55.03,0.2824716260661635,0,64.12640299755516,0.19830408189703727,-9.09640299755516,0.08416754416912622,-0.615576419954197
Ashok_Vihar,2023,6,30.12,0.2847931182305596,0,43.11116759034109,0.19975405522345835,-12.991167590341089,0.08503906300710123,-0.9515878374120662
Ashok_Vihar,2023,7,25.47,0.225870677884076,0,28.540821539223025,0.1438846800557654,-3.070821539223026,0.08198599782831059,-0.10939617179801737
Ashok_Vihar,2023,8,25.52,0.3261030998559737,0,38.37078225882717,0.21990203165342656,-12.85078225882717,0.10620106820254713,-1.1258804286173418
Ashok_Vihar,2023,9,34.96,0.3199101674579394,0,37.62123467212699,0.2288383769554648,-2.6612346721269873,0.09107179050247458,-0.06669188640671539
Ashok_Vihar,2023,10,89.46,0.2921409636281991,0,108.61005265700125,0.2192847851453806,-19.150052657001254,0.07285617848281847,-1.2827737513813342
Ashok_Vihar,2023,11,236.55,0.2038883322928776,0,247.6480019971216,0.13518595326202476,-11.0980019971216,0.06870237903085283,-0.6624874203014134
Ashok_Vihar,2023,12,215.02,0.253706498254612,0,213.3671566261008,0.18058628557958648,1.652843373899202,0.07312021267502553,0.2340985119823348
Ashok_Vihar,2024,1,184.78,0.1399007257156272,0,226.62941339551816,0.10250558463080918,-41.849413395518155,0.03739514108481802,-1.5353461567862245
Ashok_Vihar,2024,2,103.67,0.2373510878821372,0,102.68504623194916,0.16629147687359463,0.9849537680508433,0.07105961100854258,0.17694005531263743
Ashok_Vihar,2024,4,62.14,0.2298383438733315,0,90.51557792104131,0.16818212122445775,-28.375577921041312,0.06165622264887374,-1.6690139773796413
Ashok_Vihar,2024,6,55.19,0.2472926571647443,0,92.13766668504577,0.1622375519046944,-36.947666685045775,0.08505510526004989,-2.9893610024205612
Ashok_Vihar,2024,7,42.25,0.0733483396887342,0,33.09742695489336,0.12710840023659473,9.152573045106642,-0.05376006054786053,-0.430828550056865
Ashok_Vihar,2024,10,120.75,0.3417569394148896,0,110.81995204460682,0.2268135960919794,9.930047955393178,0.1149433433229102,1.4212274134529073
Ashok_Vihar,2024,12,199.52,0.2287668014356801,0,173.67729061455057,0.16322320160885995,25.84270938544944,0.06554359982682015,1.7848143123658977
Ashok_Vihar,2025,1,194.46,0.2832620172506452,0,175.58779867982793,0.19508320093493037,18.87220132017208,0.08817881631571484,1.8288164431808953
Ashok_Vihar,2025,2,114.75,0.230638862311126,0,100.97964227827062,0.1767335692098574,13.770357721729383,0.0539052931012686,0.8038406873236176
Ashok_Vihar,2025,3,80.96,0.2769799978794414,0,79.55722759358045,0.2026581297442544,1.402772406419544,0.07432186813518699,0.22125154254483928
Ashok_Vihar,2025,5,72.88,0.2831089628929779,0,75.02895480946685,0.1892478393273872,-2.148954809466858,0.09386112356559068,-0.015106119803176275
Ashok_Vihar,2025,6,53.18,0.280962409427231,0,46.0684919501435,0.18963168544195713,7.111508049856496,0.09133072398527387,0.8261710504871974
Ashok_Vihar,2025,7,34.78,0.213971577461644,0,26.27365486910124,0.13400089116200234,8.506345130898762,0.07997068629964166,0.8157133250420041
Ashok_Vihar,2025,9,37.92,0.3238446375144257,0,38.711331466230824,0.20318944692853197,-0.7913314662308224,0.12065519058589375,0.21285874169449367
Ashok_Vihar,2025,10,129.19,0.2656192112954373,0,107.90290471837608,0.21405234699241632,21.28709528162392,0.05156686430302099,1.1540303631783444
Ashok_Vihar,2025,11,254.86,0.2719730405015029,0,221.32487488403027,0.1743918794047941,33.53512511596975,0.09758116109670881,3.474077718478539
Ashok_Vihar,2025,12,250.23,0.2752180712866873,0,239.437712228546,0.18844312891754889,10.792287771454,0.08677494236913841,1.0959860433773054
Aya_Nagar,2022,1,101.08,0.4469231498088992,4,127.23353622999791,0.5510027816144155,-26.15353622999791,-0.10407963180551633,2.9514882920043686
Aya_Nagar,2022,2,65.89,0.381106607560257,4,87.92663306724783,0.5021004438441389,-22.036633067247834,-0.12099383628388188,2.976367026184018
Aya_Nagar,2022,3,67.11,0.4795033627481286,4,71.32433471092993,0.5316557990042668,-4.214334710929933,-0.052152436256138246,0.27739582413084163
Aya_Nagar,2022,5,62.67,0.3326913062057096,4,68.32655783077948,0.43955041832520053,-5.656557830779477,-0.10685911211949095,0.8463106728894284
Aya_Nagar,2022,7,34.06,0.4779713870503438,4,29.814391015703954,0.545513343526256,4.245608984296048,-0.06754195647591221,-0.19013365603125917
Aya_Nagar,2022,8,27.13,0.6051229830491945,4,28.806252702988886,0.6328308519268749,-1.6762527029888865,-0.027707868877680397,0.0627061132910737
Aya_Nagar,2022,9,32.75,0.5491765645658031,4,33.23626598047936,0.5727177790033822,-0.4862659804793594,-0.02354121443757906,0.023185216875661416
Aya_Nagar,2022,10,77.92,0.57347797913929,4,87.46328904335617,0.5986101869791981,-9.543289043356168,-0.025132207839908105,0.25322203777890184
Aya_Nagar,2022,11,145.71,0.5039192794284603,4,159.70227418800118,0.5169154845316504,-13.992274188001176,-0.012996205103190106,0.18542385878208065
Aya_Nagar,2022,12,121.41,0.5152795180656213,4,150.79878580496646,0.5198996512102987,-29.38878580496646,-0.004620133144677352,0.1362322117959559
Aya_Nagar,2023,1,134.01,0.302572508998527,4,141.39145982283983,0.4621079404012988,-7.381459822839844,-0.15953543140277182,1.7166777882006214
Aya_Nagar,2023,2,68.95,0.4160936702533278,4,94.34004358412882,0.48229313158900533,-25.39004358412882,-0.06619946133567756,1.773627412972089
Aya_Nagar,2023,3,61.87,0.4866557980243651,4,63.231524592666624,0.5082428214707586,-1.3615245926666262,-0.021587023446393516,0.03926130837344955
Aya_Nagar,2023,4,53.12,0.440268305957549,4,57.20478577083791,0.4737074770050416,-4.084785770837911,-0.03343917104749261,0.16027528088659437
Aya_Nagar,2023,6,35.79,0.4178857768368954,4,36.042156761431755,0.5205791562400885,-0.25215676143175614,-0.10269337940319317,0.2492615673756682
Aya_Nagar,2023,7,34.07,0.4790503086662003,4,29.09002229180028,0.4966013263285201,4.979977708199719,-0.017551017662319812,-0.08087931221692671
Aya_Nagar,2023,9,43.47,0.5955891130076232,4,33.64996782338182,0.6113623463433302,9.820032176618177,-0.015773233335707015,-0.14962409025438395
Aya_Nagar,2023,11,193.91,0.3808664172425842,4,225.7603802848437,0.45313154854850846,-31.85038028484371,-0.07226513130592427,2.4122811007779577
Aya_Nagar,2023,12,136.87,0.4329121726659453,4,177.41213823300774,0.5280341324195779,-40.542138233007734,-0.09512195975363258,4.048091624095506
Aya_Nagar,2024,1,149.47,0.2862702468742479,4,178.13766191669927,0.4326573118802616,-28.667661916699274,-0.14638706500601367,4.650452767072023
Aya_Nagar,2024,2,82.28,0.2843874319591424,4,86.81387978244626,0.46177063452300443,-4.533879782446263,-0.17738320256386203,1.4706703359740791
Aya_Nagar,2024,3,79.15,0.3049207739374719,4,65.25441764980935,0.4776647023246356,13.89558235019065,-0.17274392838716368,-1.7683452999058287
Aya_Nagar,2024,4,72.71,0.2704940686901579,4,56.20770474699454,0.3803576092214174,16.502295253005457,-0.10986354053125952,-1.5573535303278745
Aya_Nagar,2024,6,47.48,0.2270270008543256,4,48.291275040167015,0.3754587544993767,-0.8112750401670183,-0.14843175364505112,0.5870646531603705
Aya_Nagar,2024,9,33.95,0.6216042102224181,4,35.16304840513208,0.609701931457716,-1.2130484051320778,0.011902278764702068,-0.011437538797072232
Aya_Nagar,2024,10,97.79,0.5914532653920717,4,87.94425825943024,0.5943402149217485,9.845741740569764,-0.00288694952967683,-0.028247632141070098
Aya_Nagar,2024,11,222.58,0.3758034473703178,4,211.8255795869731,0.45838512332467574,10.754420413026907,-0.08258167595435795,-0.7436735668680878
Aya_Nagar,2024,12,130.38,0.4024358501875978,4,141.76479021439593,0.5073490709422075,-11.384790214395935,-0.10491322075460968,1.4275428001311536
Aya_Nagar,2025,1,110.32,0.4475022012138369,4,127.61127792879705,0.5405154665850429,-17.291277928797058,-0.09301326537120602,1.79155953420534
Aya_Nagar,2025,2,75.08,0.3671036349313048,4,84.90809329609517,0.3804591402401168,-9.828093296095176,-0.013355505308811966,0.13503708524615393
Aya_Nagar,2025,3,56.26,0.4573597142743435,4,62.270905846427965,0.4964731822078273,-6.010905846427967,-0.0391134679334838,0.2675104503634186
Aya_Nagar,2025,4,70.94,0.3327619254247572,4,63.08206659960031,0.40385179065050003,7.857933400399688,-0.07108986522574284,-0.4515787139329865
Aya_Nagar,2025,5,70.17,0.4104127128630053,4,55.54498849085658,0.42282489224439557,14.62501150914342,-0.012412179381390276,-0.17826517146931975
Aya_Nagar,2025,6,46.21,0.446228650789093,4,35.68721377003923,0.5046647246863392,10.522786229960772,-0.058436073897246144,-0.5425841103176674
Aya_Nagar,2025,8,28.15,0.5216175171559316,4,25.943540617686466,0.5902428792621364,2.2064593823135326,-0.06862536210620473,-0.05167137018863951
Aya_Nagar,2025,9,28.36,0.6249999624217499,4,31.047431453001394,0.619187256734159,-2.6874314530013947,0.005812705687590958,-0.014905615226299676
Aya_Nagar,2025,10,90.77,0.6064118939256451,4,88.07909573325212,0.6100862534456991,2.6909042667478786,-0.0036743595200540158,-0.009601395230021898
Aya_Nagar,2025,11,171.86,0.5005090249097998,4,171.3683378426333,0.49626827171114807,0.4916621573667044,0.004240753198651692,0.0024659254384604805
Bawana,2022,2,123.21,0.3014665136537587,3,112.4296904198074,0.29835199538515306,10.780309580192593,0.0031145182686056483,0.03378092549468784
Bawana,2022,3,127.44,0.2631956241513006,3,110.0490178450313,0.2837663322251711,17.390982154968697,-0.020570708073870514,-0.34878225671343327
Bawana,2022,4,151.96,0.2145557815226082,3,135.61267818573356,0.2603109292018913,16.34732181426645,-0.0457551476792831,-0.7036323019885643
Bawana,2022,5,88.41,0.2250606547968952,3,90.16253008947685,0.27406785699332137,-1.7525300894768492,-0.04900720219642618,0.13675562316792714
Bawana,2022,6,72.6,0.221332191592253,3,68.86300910318161,0.2723993910808186,3.7369908968183836,-0.05106719948856561,-0.13560223548372558
Bawana,2022,7,43.53,0.2630132162724749,3,41.507249192476955,0.3042547949504399,2.022750807523046,-0.04124157867796496,-0.0473964214596559
Bawana,2022,8,38.08,0.2800783425994103,3,35.37770927671159,0.3757230923739202,2.7022907232884066,-0.09564474977450993,-0.06470359891159265
Bawana,2022,9,46.77,0.283782775999608,3,38.886409264061456,0.31262414353206147,7.883590735938547,-0.028841367532453477,-0.20975518489628447
Bawana,2022,10,122.23,0.2914519104131985,3,110.97174246202218,0.3598190760081399,11.258257537977826,-0.06836716559494138,-0.6706966243424587
Bawana,2022,11,218.53,0.2178476756647231,3,174.93177535270934,0.2595017246937418,43.598224647290664,-0.041654049029018675,-1.779293372839473
Bawana,2022,12,190.43,0.2582001614598284,3,141.8706774492413,0.26236146084738954,48.55932255075871,-0.004161299387561157,-0.2017031111086778
Bawana,2023,4,93.55,0.2264216119499701,3,70.6799455577472,0.2793888643032376,22.870054442252794,-0.05296725235326752,-1.1519417761670463
Bawana,2023,6,52.15,0.2719889053735077,3,50.62452578599341,0.29821096477491776,1.5254742140065858,-0.02622205940141009,-0.02543752706913498
Bawana,2023,7,38.23,0.2562230100340682,3,35.27197268210687,0.3016535754890262,2.9580273178931265,-0.045430565454957994,-0.09066991294709904
Bawana,2023,8,41.87,0.304417193761607,3,40.8508281850673,0.38028803278726675,1.0191718149326974,-0.07587083902565978,0.04459694555896596
Bawana,2023,10,149.33,0.2731368394779622,3,111.14535762054962,0.34326293775026506,38.184642379450395,-0.07012609827230287,-2.573581905067185
Bawana,2023,11,307.15,0.198662265121831,3,225.4832018062881,0.21425660666730661,81.66679819371188,-0.01559434154547562,-1.2683892269075332
Bawana,2023,12,226.35,0.2794875700206893,3,184.26881622995393,0.2844022074858536,42.08118377004607,-0.0049146374651642954,-0.20630217877047596
Bawana,2024,2,123.78,0.275579179999613,3,105.03772511382938,0.261579856808917,18.74227488617062,0.013999323190696022,0.26653011524625303
Bawana,2024,3,103.35,0.277904775427649,3,81.38138896587958,0.2891241192580425,21.968611034120414,-0.011219343830393469,-0.2438073492274694
Bawana,2024,4,93.35,0.1775767655006331,3,75.79194784793471,0.22541639447525183,17.558052152065287,-0.04783962897461874,-0.791496660698985
Bawana,2024,5,109.17,0.1818992544248823,3,116.17019858408467,0.21507449483935778,-7.000198584084671,-0.033175240414475476,0.2555443172722524
Bawana,2024,6,67.34,0.1941560031266366,3,61.709988439640526,0.21284120089702208,5.630011560359478,-0.018685197770385464,-0.09780303561649585
Bawana,2024,7,42.37,0.2623631417391111,3,40.56801099488693,0.27560654371458193,1.8019890051130645,-0.013243401975470803,-0.020149687886697475
Bawana,2024,8,33.28,0.3470165792447189,3,26.59576212982922,0.3844517172015995,6.684237870170779,-0.03743513795688058,-0.2205434129783314
Bawana,2024,9,52.26,0.3108894374809523,3,35.19424477303643,0.38260202489118617,17.065755226963567,-0.07171258741023384,-1.114905259702374
Bawana,2024,10,141.36,0.2660605948898082,3,112.26579862967547,0.36703136796858,29.09420137032454,-0.10097077307877178,-2.721728044284833
Bawana,2024,11,306.53,0.1385865803041073,3,255.37934847773093,0.2206391403758269,51.150651522269044,-0.0820525600717196,-4.05444244677302
Bawana,2024,12,218.27,0.2058179424525505,3,136.02308475972134,0.25396500002068884,82.24691524027867,-0.048147057568138335,-3.9108479103660088
Bawana,2025,1,199.48,0.287986782675608,3,136.917796900481,0.2901729649178447,62.562203099518996,-0.0021861822422367116,-0.13667114812801123
Bawana,2025,2,123.94,0.2750739177431341,3,105.4081513280494,0.2844638247225541,18.5318486719506,-0.009389906979419993,-0.1721448541978791
Bawana,2025,4,107.47,0.2012730765328169,3,86.95992737399489,0.2527229203891742,20.510072626005112,-0.051449843856357313,-0.9991737554010459
Bawana,2025,5,79.29,0.1987411610792576,3,78.68091263236427,0.2793721141674626,0.6090873676357376,-0.080630953088205,0.08858973732540787
Bawana,2025,6,58.55,0.2187424462075149,3,51.956251521220736,0.290609594340656,6.593748478779261,-0.07186714813314107,-0.36447966459705283
Bawana,2025,7,32.88,0.2242030430572865,3,29.624471851143618,0.2970354555030393,3.255528148856385,-0.07283241244575278,-0.12475540169489763
Bawana,2025,8,38.36,0.2845286815889954,3,29.346165808796354,0.3054823200799379,9.013834191203646,-0.020953638490942506,-0.1795732749996482
Bawana,2025,9,48.78,0.3055942879746617,3,34.89609126976759,0.36060504215681266,13.883908730232413,-0.055010754182150956,-0.6996686031610699
Bawana,2025,10,145.37,0.2823468980615765,3,111.30083778359962,0.33880792529000286,34.069162216400386,-0.056461027228426386,-1.8560600935887814
Burari_Crossing,2022,1,112.3,0.3257217282479337,2,150.57803547033032,0.2676089084046632,-38.27803547033032,0.05811281984327049,-2.152916344315354
Burari_Crossing,2022,2,94.28,0.3219545734039295,2,90.36625116716809,0.28475934184096013,3.9137488328319137,0.03719523156296939,0.1748755281278146
Burari_Crossing,2022,3,92.81,0.3261075677584222,2,87.34054702336961,0.2721283762973099,5.469452976630393,0.0539791914611123,0.3569510278766015
Burari_Crossing,2022,4,119.63,0.2971808476982348,2,113.44301270763808,0.2700909282131403,6.18698729236192,0.027089919485094482,0.1831484954893671
Burari_Crossing,2022,5,71.2,0.2991354605158803,2,79.62028771091937,0.28409620362259064,-8.420287710919368,0.015039256893289665,-0.1218443091065122
Burari_Crossing,2022,6,89.29,0.2844709969767764,2,62.831908658500126,0.3033111127163301,26.45809134149988,-0.018840115739553687,-0.49095553045854184
Burari_Crossing,2022,9,66.77,0.3371530998843646,2,38.80626882620196,0.2683074381382309,27.96373117379804,0.06884566174613371,2.0255707251756063
Burari_Crossing,2022,10,204.46,0.3675350580697576,2,86.7355060716949,0.32199280952669296,117.72449392830511,0.045542248543064656,5.405368298060993
Burari_Crossing,2022,11,190.67,0.2713202110285591,2,159.67895216960542,0.23780872115225188,30.991047830394564,0.0335114898763072,1.0623421674187548
Burari_Crossing,2022,12,184.22,0.2856551738299067,2,147.63101951201156,0.2573085985734578,36.58898048798844,0.028346575256448903,1.0541913188849001
Burari_Crossing,2023,1,158.45,0.219863453861274,2,157.84328002250592,0.19680419192693202,0.6067199774940661,0.02305926193434199,0.02525274545433335
Burari_Crossing,2023,2,108.88,0.3078560120985314,2,97.12649288486509,0.26359580833376933,11.753507115134909,0.044260203764762085,0.5617042432608069
Burari_Crossing,2023,3,68.33,0.3272036723589482,2,78.52263046803537,0.2627647438700976,-10.192630468035375,0.06443892848885063,-0.5688533227509792
Burari_Crossing,2023,4,71.08,0.3106146959403531,2,72.93715230243153,0.2870431042729572,-1.8571523024315297,0.02357159166739592,-0.032007798151912105
Burari_Crossing,2023,5,52.23,0.3301748784898303,2,71.4067588741171,0.2894730875779538,-19.176758874117105,0.04070179091187648,-0.745440265818814
Burari_Crossing,2023,6,37.72,0.3422795884496784,2,47.79541346178924,0.29284044076784366,-10.075413461789239,0.049439147681834716,-0.4463501646969476
Burari_Crossing,2023,8,44.1,0.3775056043011452,2,35.44872976970776,0.34629418625904484,8.65127023029224,0.03121141804210037,0.29065132777257546
Burari_Crossing,2023,9,39.19,0.4030903808573506,2,39.85447974144535,0.33471073234481424,-0.6644797414453549,0.06837964851253636,0.053597796783689956
Burari_Crossing,2023,11,226.82,0.2515180939669837,2,191.5215642314442,0.21399325857187182,35.298435768555805,0.037524835395111894,1.3543923565961093
Burari_Crossing,2023,12,206.2,0.2862538892980988,2,158.5342284829147,0.2603454997061432,47.66577151708529,0.025908389591955627,1.2491605909255652
Burari_Crossing,2024,2,90.71,0.2984583451831906,2,87.11620289148293,0.24520217646753856,3.593797108517066,0.05325616871565203,0.25146405292076696
Burari_Crossing,2024,3,74.58,0.3359169203089694,2,76.47765020233764,0.2837785528868367,-1.897650202337644,0.052138367422132736,-0.04136345863389871
Burari_Crossing,2024,4,81.91,0.2788957914494988,2,73.1925682915675,0.24751474021580575,8.7174317084325,0.03138105123369303,0.2944199752152846
Burari_Crossing,2024,5,92.7,0.2629894284703341,2,79.77977457055964,0.24550766226428153,12.920225429440364,0.017481766206052546,0.23234133968893667
Burari_Crossing,2024,9,47.56,0.3248080096713916,2,43.562975971090935,0.3111519765104613,3.997024028909067,0.013656033160930336,0.058533362070411744
Burari_Crossing,2024,10,136.66,0.3998972458019602,2,93.38646483755751,0.3388578680927746,43.273535162442485,0.061039377709185605,2.7203036115399084
Burari_Crossing,2024,11,249.52,0.274301988502157,2,226.84189269602365,0.21667593867690252,22.67810730397636,0.05762604982525446,1.377184712015834
Burari_Crossing,2024,12,189.29,0.2819369726204489,2,148.08282612807662,0.25255118001901095,41.207173871923374,0.029385792601437977,1.2291952428161939
Burari_Crossing,2025,1,151.23,0.3131692912159836,2,135.89785790515364,0.2872974494048863,15.332142094846347,0.025871841811097307,0.4108478843115272
Burari_Crossing,2025,2,80.19,0.3449227440607673,2,79.88605532245838,0.2608473287961291,0.30394467754162235,0.08407541526463819,0.17527145948153233
Burari_Crossing,2025,3,68.4,0.3721976875496016,2,65.80587721294816,0.31412075014998364,2.5941227870518446,0.058076937399617945,0.22209863700883428
Burari_Crossing,2025,4,66.52,0.3116928094788994,2,71.06645217687277,0.26553439935749806,-4.546452176872776,0.046158410121401316,-0.16473012580574178
Burari_Crossing,2025,5,64.35,0.3206621913418487,2,64.2688498422163,0.29082537812031767,0.08115015778369639,0.029836813221531033,0.021276780650447146
Burari_Crossing,2025,6,44.07,0.327551432223899,2,50.2015826686793,0.2831869733764851,-6.1315826686793,0.04436445884741391,-0.23033702600614284
Burari_Crossing,2025,8,32.01,0.1894480634311652,2,31.083566992089175,0.354940948119875,0.9264330079108234,-0.1654928846887098,0.4267677653691442
Burari_Crossing,2025,9,29.48,0.3772056271811548,2,33.97132818530142,0.34783179339499465,-4.491328185301416,0.029373833786160153,-0.11365263322303222
Burari_Crossing,2025,10,120.25,0.3441720316019808,2,91.89028390431544,0.3321999491170489,28.35971609568456,0.011972082484931867,0.3425606593220734
Burari_Crossing,2025,11,246.14,0.2974485508042038,2,180.8943881432248,0.2744179442846032,65.24561185677518,0.023030606519600594,1.5138802709429195
Chandni_Chowk,2022,1,93.19,0.14935298175799,4,171.03487576328706,0.22441964928273583,-77.84487576328706,-0.07506666752474583,5.96290690759097
Chandni_Chowk,2022,2,87.4,0.1464379006001409,4,117.55576138046614,0.23003897739817855,-30.15576138046613,-0.08360107679803766,2.6690867178977413
Chandni_Chowk,2022,4,113.25,0.1482107129482715,4,104.80643201558341,0.2253078766280917,8.443567984416589,-0.0770971636798202,-0.5250795836371995
Chandni_Chowk,2022,6,91.81,0.1298596552979729,4,65.24413669915155,0.2328346186406683,26.56586330084845,-0.1029749633426954,-2.5110254452824914
Chandni_Chowk,2022,8,39.74,0.0806743577638955,4,35.75040533088405,0.24291430297067682,3.9895946691159523,-0.1622399452067813,-0.08976607553310896
Chandni_Chowk,2022,12,119.11,0.1117402010349897,4,183.44165689513918,0.19595991386491715,-64.33165689513918,-0.08421971282992745,5.568225210491978
Chandni_Chowk,2023,1,109.43,0.0939849000601365,4,189.32456447400298,0.13639077418185055,-79.89456447400298,-0.04240587412171405,3.4260866231343923
Chandni_Chowk,2023,2,75.04,0.1491624306615464,4,117.99437647448133,0.2082517288859366,-42.95437647448132,-0.059089298224390185,2.612096191372092
Chandni_Chowk,2023,3,50.86,0.1394354784959795,4,77.79052948053581,0.22529764065398183,-26.93052948053581,-0.08586216215800233,2.4684617856802045
Chandni_Chowk,2023,4,26.19,0.1509713279126506,4,68.84949217429502,0.23013226260057015,-42.659492174295025,-0.07916093468791954,3.5096910996613055
Chandni_Chowk,2023,5,26.62,0.1579069973780122,4,67.9777690932254,0.23565066858776068,-41.3577690932254,-0.07774367120974848,3.3433206391340335
Chandni_Chowk,2024,3,107.29,0.1547579939944187,4,74.91664951807341,0.22689400908746513,32.37335048192659,-0.07213601509304643,-2.2250702097133943
Chandni_Chowk,2024,4,96.29,0.1307151087958013,4,67.18963211005018,0.20489618677019794,29.100367889949823,-0.07418107797439663,-2.0421446168232325
Chandni_Chowk,2024,5,137.05,0.1423563049547861,4,81.44598713478345,0.20645309888006097,55.60401286521656,-0.06409679392527487,-3.4770215299141247
Chandni_Chowk,2024,6,151.7,0.1340468318834901,4,58.73688792867589,0.21282564282512695,92.9631120713241,-0.07877881094163686,-7.192075893635819
Chandni_Chowk,2024,9,25.0,0.0591421458080863,4,45.099164517303315,0.1955404269568297,-20.099164517303315,-0.1363982811487434,3.135541558435585
Chandni_Chowk,2024,12,120.96,0.1188175202356342,4,183.92252266229718,0.2047644003816174,-62.96252266229719,-0.08594688014598319,5.5678889724005955
Chandni_Chowk,2025,1,126.99,0.1431857540351771,4,184.08652004286972,0.23151670475719544,-57.09652004286973,-0.08833095072201833,5.208646728783306
Chandni_Chowk,2025,3,81.14,0.159082369827658,4,73.15865370302285,0.24013442370230015,7.981346296977151,-0.08105205387464215,-0.5077614154092579
Chandni_Chowk,2025,4,85.8,0.1516315325927959,4,77.17498180520964,0.22199583664862704,8.625018194790357,-0.07036430405583113,-0.5020265093607461
Chandni_Chowk,2025,5,58.34,0.1505456217291292,4,69.23743222320164,0.23722449840441281,-10.897432223201633,-0.08667887667528362,1.1037101499867177
Chandni_Chowk,2025,6,56.72,0.1483018762699594,4,48.41813281185152,0.2311962218127969,8.301867188148478,-0.0828943455428375,-0.5426374944877043
Chandni_Chowk,2025,7,40.94,0.0794418304487618,4,32.243036477316146,0.18198949134903014,8.696963522683852,-0.10254766090026834,-0.6691199790392945
Chandni_Chowk,2025,8,35.07,0.0089344355006265,4,34.60248778435124,0.2173434747120189,0.46751221564876033,-0.2084090392113924,0.8225214995537926
Chandni_Chowk,2025,9,40.3,0.1381941989429205,4,37.60093812495553,0.2588242917140887,2.699061875044464,-0.12063009277116821,-0.0173793565049819
Chandni_Chowk,2025,10,103.11,0.1554569485668635,4,123.5613402872644,0.25364016957696217,-20.4513402872644,-0.09818322101009866,2.212156094274029
Chandni_Chowk,2025,11,220.37,0.140358558560558,4,245.12375344082844,0.22018016927815662,-24.753753440828433,-0.0798216107175986,2.1108349975575473
Chandni_Chowk,2025,12,228.51,0.1541437415433635,4,256.3523005548269,0.2237885345079627,-27.84230055482692,-0.06964479296459922,2.041804480663046
DTU,2022,1,157.38,0.2747156272045411,1,173.86837833169415,0.31278972166987173,-16.48837833169415,-0.03807409446533061,0.6584839199240731
DTU,2022,2,116.57,0.299665073902,1,127.31783012876846,0.299795285137607,-10.74783012876847,-0.00013021123560702508,0.0013998473536672054
DTU,2022,3,106.15,0.2726095815002476,1,118.61409973040472,0.2801571333041308,-12.464099730404712,-0.007547551803883168,0.0952799897665052
DTU,2022,4,150.76,0.2588243215165333,1,134.19797973434595,0.24492747968193831,16.56202026565404,0.01389684183459497,0.23425017664807085
DTU,2022,5,123.24,0.2670483444159572,1,89.76669773009324,0.273245158516289,33.47330226990675,-0.006196814100331793,-0.20661449446181937
DTU,2022,6,86.03,0.2590046839986759,1,64.52600992845306,0.27223181343898184,21.503990071546937,-0.013227129440305962,-0.28073040658618625
DTU,2022,7,40.18,0.2888684441017609,1,40.54242088089275,0.28786530902002505,-0.36242088089274915,0.0010031350817358287,-0.00034224371414172497
DTU,2022,8,38.72,0.3237898150219875,1,36.655887435958626,0.3469933211742961,2.0641125640413733,-0.023203506152308595,-0.036491078478000274
DTU,2022,9,35.71,0.3170989860066425,1,46.094971476638186,0.2913995339680096,-10.384971476638185,0.025699452038632886,-0.25289924819773363
DTU,2022,11,93.79,0.2383593582370649,1,215.6263407472495,0.23111354620626018,-121.83634074724948,0.00724581203080471,-0.8816912160247565
DTU,2022,12,112.84,0.276426392095092,1,194.9020046527686,0.24749312208159924,-82.0620046527686,0.028933270013492773,-2.3565913254738153
DTU,2023,2,70.89,0.2650988475750166,1,137.10539457056316,0.27117003312599147,-66.21539457056316,-0.006071185550974856,0.40278664037366846
DTU,2023,4,56.58,0.2882412202032159,1,86.63540566975831,0.26673912626221197,-30.055405669758315,0.02150209394100394,-0.6364616214460697
DTU,2023,6,44.8,0.3046013469253294,1,52.065832044496055,0.2897565994486036,-7.265832044496058,0.014844747476725817,-0.10319199660005958
DTU,2023,8,37.45,0.3797498332016488,1,46.24745873880615,0.3440281088185209,-8.79745873880615,0.03572172438312787,-0.28723335911122644
DTU,2023,9,32.53,0.3808020084020853,1,50.51533920412823,0.3491153053264169,-17.98533920412823,0.0316867030756684,-0.5486300096341651
DTU,2023,10,74.18,0.3454596100086359,1,125.84478452929862,0.31991047154522917,-51.664784529298615,0.02554913846340673,-1.3061650654484842
DTU,2023,11,127.74,0.2140844814360728,1,283.70151200790696,0.20080025398602067,-155.96151200790695,0.013284227450052144,-2.0680904836946152
DTU,2023,12,106.88,0.2854016569177824,1,230.36710610512176,0.27136909812997534,-123.48710610512177,0.01403255878780707,-1.7286693913414688
DTU,2024,1,92.64,0.1603837687019018,1,218.44773015168198,0.15741560146359626,-125.80773015168198,0.0029681672383055357,-0.37323178351854985
DTU,2024,2,58.56,0.2605570582834299,1,124.91488754682668,0.26830563520408107,-66.35488754682667,-0.007748576920651173,0.515427629238396
DTU,2024,3,70.82,0.2728785755804548,1,95.88556954062565,0.29311711842326976,-25.06556954062566,-0.020238542842814955,0.5159660546081591
DTU,2024,4,84.4,0.2232497406633034,1,85.39201305771945,0.21420986551965798,-0.992013057719447,0.009039875143645404,-0.00723682800384862
DTU,2024,5,120.3,0.2087263177586,1,112.69442159113277,0.21471843494499432,7.605578408867231,-0.005992117186394308,-0.044813025874105766
DTU,2024,7,31.98,0.3306236117083691,1,42.007723348548,0.21127792737370601,-10.027723348547998,0.11934568433466311,-0.8950851385324243
DTU,2024,8,15.84,0.3734524664708989,1,33.15457188437544,0.3601760959869106,-17.314571884375443,0.013276370483988331,-0.22614137587752786
DTU,2024,9,25.84,0.363789121318306,1,45.81668695671859,0.3443117487322116,-19.97668695671859,0.019477372586094388,-0.38105821814252355
DTU,2024,10,67.87,0.3389011754821392,1,130.5380056639723,0.33873533466614186,-62.66800566397231,0.00016584081599735345,-0.01039233066870121
DTU,2024,11,137.16,0.1881282002346073,1,291.6257498400689,0.20000262423334664,-154.46574984006892,-0.011874423998739336,1.8371782807155466
DTU,2024,12,82.29,0.2301874952555303,1,205.0637027527135,0.24933180368863775,-122.7737027527135,-0.019144308433107438,2.35818033604394
DTU,2025,1,81.11,0.2855466076297753,1,189.57396304625237,0.30136492853210833,-108.46396304625237,-0.01581832090233304,1.7210175114696111
DTU,2025,2,53.88,0.2885057959653391,1,118.31867850205536,0.2687038071629104,-64.43867850205535,0.01980198880242867,-1.2677087684321238
DTU,2025,3,43.89,0.3080374193607716,1,88.44059205656323,0.3023618782200738,-44.55059205656323,0.005675541140697793,-0.25216646080608407
DTU,2025,7,23.02,0.3065095023251756,1,34.314395175714395,0.24695299154808417,-11.294395175714396,0.059556510777091426,-0.597528450540638
DTU,2025,8,26.51,0.3103656386778009,1,34.32886541479027,0.29644113559010293,-7.81886541479027,0.013924503087697992,-0.10476711520665173
DTU,2025,9,21.35,0.3583002786447822,1,45.182074091014094,0.3518076362912067,-23.832074091014093,0.006492642353575495,-0.1538402875902558
DTU,2025,10,59.39,0.3235106623824685,1,129.85705790759428,0.3260736267068288,-70.46705790759428,-0.0025629643243603173,0.18074368480182773
DTU,2025,12,248.23,0.2732419347653336,1,248.20198963032522,0.2886777865116121,0.028010369674774438,-0.015435851746278484,0.0046141887157002655
Dr._Karni_Singh_Shooting_Range,2022,1,162.5,0.5240365575787682,0,128.0071000325424,0.507078102199395,34.49289996745759,0.01695845537937324,0.5910375517913465
Dr._Karni_Singh_Shooting_Range,2022,2,96.24,0.4698486043759249,0,80.94726128863529,0.45328128300459564,15.292738711364706,0.01656732137132927,0.25917322391948483
Dr._Karni_Singh_Shooting_Range,2022,3,82.64,0.553749424037427,0,75.71131629060405,0.4601363650300016,6.928683709395955,0.09361305900742539,0.8342274619463222
Dr._Karni_Singh_Shooting_Range,2022,4,84.39,0.4646947981278515,0,95.02947907849983,0.42637034892465286,-10.639479078499832,0.03832444920319866,-0.3766432183126721
Dr._Karni_Singh_Shooting_Range,2022,5,70.35,0.3858978648398702,0,68.90181730999794,0.4456288532165962,1.4481826900020565,-0.05973098837672597,-0.010934238926511944
Dr._Karni_Singh_Shooting_Range,2022,7,28.2,0.5861637973073834,0,29.93526416338481,0.47010659513653885,-1.7352641633848123,0.11605720217084459,0.08389435070428111
Dr._Karni_Singh_Shooting_Range,2022,10,94.47,0.643644919984461,0,77.48512003680622,0.5520533088048136,16.984879963193777,0.09159161117964743,1.7333551649691683
Dr._Karni_Singh_Shooting_Range,2022,11,173.4,0.5950527082892358,0,151.91043553603996,0.4649929482996728,21.48956446396005,0.13005975998956304,3.1532050722458993
Dr._Karni_Singh_Shooting_Range,2022,12,174.05,0.5537401284689555,0,151.98410845112267,0.48663458328626286,22.065891548877346,0.06710554518269263,1.576122168995077
Dr._Karni_Singh_Shooting_Range,2023,1,184.56,0.3571723744153899,0,143.93904006601267,0.45196362147957037,40.620959933987336,-0.09479124706418046,-3.6601977358231386
Dr._Karni_Singh_Shooting_Range,2023,2,106.42,0.4510105563298847,0,87.72818190773809,0.4779228224306645,18.69181809226191,-0.02691226610077979,-0.4876988720556508
Dr._Karni_Singh_Shooting_Range,2023,3,67.95,0.5027124237112368,0,64.09628801213836,0.4650993919658271,3.8537119878616437,0.0376130317454097,0.17491451592484314
Dr._Karni_Singh_Shooting_Range,2023,4,57.1,0.5034246475079487,0,58.21389045523989,0.43257475590578554,-1.1138904552398898,0.07084989160216315,0.02740025285318157
Dr._Karni_Singh_Shooting_Range,2023,5,55.54,0.4817283101415445,0,53.98073292685705,0.4641573065505281,1.5592670731429479,0.017571003591016376,0.033937119321979375
Dr._Karni_Singh_Shooting_Range,2023,6,35.74,0.5244510548480114,0,37.3493398986803,0.45663943909606713,-1.6093398986802967,0.06781161575194422,-0.01173578784562705
Dr._Karni_Singh_Shooting_Range,2023,8,32.28,0.7275488987581067,0,26.754609653721204,0.5853955241817658,5.525390346278797,0.14215337457634092,1.2134570108983682
Dr._Karni_Singh_Shooting_Range,2023,9,36.47,0.6626884020878296,0,33.12055577662594,0.5746936350582532,3.349444223374057,0.08799476702957643,0.4587348680086352
Dr._Karni_Singh_Shooting_Range,2023,10,93.72,0.6682238400498285,0,80.0567133675255,0.553616122964777,13.663286632474495,0.11460771708505146,1.8441207838334561
Dr._Karni_Singh_Shooting_Range,2023,11,248.31,0.4672564455509735,0,201.88171433517724,0.38226154489055203,46.428285664822766,0.08499490066042148,4.099177364237564
Dr._Karni_Singh_Shooting_Range,2023,12,203.39,0.5575835758675315,0,157.91759848932736,0.4823722835213322,45.472401510672626,0.07521129234619928,3.5398499164700015
Dr._Karni_Singh_Shooting_Range,2024,2,104.25,0.3271702104374157,0,79.73358366834084,0.4393217024815007,24.51641633165916,-0.11215149204408503,-2.4831468435548825
Dr._Karni_Singh_Shooting_Range,2024,3,67.26,0.4315728190962939,0,63.2598459685591,0.45679145834492463,4.000154031440907,-0.025218639248630714,-0.0874081526399699
Dr._Karni_Singh_Shooting_Range,2024,4,56.27,0.3734590460650472,0,57.469431953654635,0.3747190149199976,-1.1994319536546314,-0.0012599688549503885,0.0015448712034867563
Dr._Karni_Singh_Shooting_Range,2024,5,81.18,0.2864023037168719,0,73.27647160465413,0.3654634193986415,7.903528395345873,-0.0790611156817696,-0.49247046058792276
Dr._Karni_Singh_Shooting_Range,2024,6,51.54,0.2484236052723345,0,52.632290541719634,0.3579664470231489,-1.0922905417196347,-0.10954284175081438,0.373809340805162
Dr._Karni_Singh_Shooting_Range,2024,7,42.02,0.4900030001212934,0,28.344022373679888,0.4042548772402533,13.675977626320115,0.08574812288104011,1.328423199911249
Dr._Karni_Singh_Shooting_Range,2024,8,26.59,0.6986388311464006,0,20.279248928202204,0.5668213796112241,6.310751071797796,0.13181745153517643,1.1998939116092697
Dr._Karni_Singh_Shooting_Range,2024,9,41.36,0.6563447093957917,0,25.804457100537203,0.5707041945614046,15.555542899462797,0.08564051483438706,1.4875278670153345
Dr._Karni_Singh_Shooting_Range,2024,10,107.81,0.6568781484464026,0,83.17098284753644,0.5570070326130481,24.639017152463566,0.0998711158333545,2.6719842574958923
Dr._Karni_Singh_Shooting_Range,2024,11,244.7,0.4371817610595788,0,198.02715039199956,0.38529200235210004,46.67284960800043,0.05188975870747875,2.4788720560635906
Dr._Karni_Singh_Shooting_Range,2024,12,174.58,0.5117787033878538,0,144.0928381621872,0.4777450485630593,30.487161837812806,0.03403365482479448,1.0621225499290778
Dr._Karni_Singh_Shooting_Range,2025,2,94.81,0.338126356433632,0,78.24255812644665,0.4552183013933732,16.56744187355335,-0.11709194495974123,-1.6495199851347775
Dr._Karni_Singh_Shooting_Range,2025,4,66.53,0.3422985175236254,0,67.47484228985626,0.39136994661012947,-0.9448422898562541,-0.04907142908650408,0.09736720935973703
Dr._Karni_Singh_Shooting_Range,2025,5,57.18,0.4174176870338209,0,55.90358808521905,0.4374053456918063,1.276411914780951,-0.019987658657985352,-0.017050788900342836
Dr._Karni_Singh_Shooting_Range,2025,6,39.99,0.5016844429888743,0,41.70242156330686,0.46027784294228596,-1.7124215633068545,0.041406600046588304,-0.03459166658182364
Dr._Karni_Singh_Shooting_Range,2025,8,29.36,0.5374309906066694,0,22.149344996775937,0.522998903197043,7.210655003224062,0.014432087409626426,0.10847636044438591
Dr._Karni_Singh_Shooting_Range,2025,10,101.61,0.6850812212397299,0,76.35498984581349,0.5760748519302962,25.255010154186508,0.10900636930943375,3.004630388447341
Dr._Karni_Singh_Shooting_Range,2025,12,219.53,0.5552826813053916,0,175.1463676034099,0.5088459110276913,44.38363239659009,0.04643677027770032,2.10670534013491
Dwarka-Sector_8,2022,1,165.89,0.3459390537025136,4,174.9234411022806,0.2871105748366908,-9.03344110228062,0.05882847886582282,-0.4581227765837121
Dwarka-Sector_8,2022,2,109.15,0.3341364437741454,4,118.59407695301952,0.2625257073756218,-9.444076953019518,0.07161073639852361,-0.5676822846345627
Dwarka-Sector_8,2022,3,98.05,0.3031373485316113,4,108.98455025961555,0.24269262127706104,-10.934550259615548,0.060444727254550246,-0.5835520365573167
Dwarka-Sector_8,2022,5,67.48,0.3198832966646331,4,88.48689726614761,0.23969920367798822,-21.006897266147604,0.08018409298664489,-1.5482400317939538
Dwarka-Sector_8,2022,6,55.78,0.29767049530281,4,69.10773742626446,0.24406002237679403,-13.327737426264463,0.05361047292601595,-0.6536321598264253
Dwarka-Sector_8,2022,7,29.91,0.3144618444180899,4,42.017800087658856,0.25804538374335445,-12.107800087658855,0.056416460674735436,-0.6156659746936171
Dwarka-Sector_8,2022,8,28.53,0.3988520747283456,4,37.114328378740126,0.2926050462241765,-8.584328378740125,0.10624702850416912,-0.6729661984893374
Dwarka-Sector_8,2022,9,34.56,0.3418412848448952,4,44.160457613209246,0.2601261650025322,-9.600457613209244,0.08171511984236296,-0.6430735500637073
Dwarka-Sector_8,2022,10,105.04,0.3827015355744468,4,118.8518929165021,0.28738164964706175,-13.811892916502089,0.09531988592738505,-1.1241057136445405
Dwarka-Sector_8,2022,12,194.77,0.304894487989751,4,181.69628050816544,0.24123802989990079,13.073719491834566,0.06365645808985021,0.9180526132247984
Dwarka-Sector_8,2023,1,203.43,0.2218520252784867,4,186.90457465007034,0.2098339887968924,16.525425349929662,0.012018036481594274,0.20166231383441663
Dwarka-Sector_8,2023,2,120.48,0.2902333610276361,4,121.01069349911455,0.2507243408930821,-0.5306934991145482,0.039509020134553985,0.012094591890250217
Dwarka-Sector_8,2023,3,72.93,0.3071711152612216,4,83.4869268790693,0.2524148810649809,-10.556926879069295,0.054756234196240705,-0.5145536084854031
Dwarka-Sector_8,2023,4,73.0,0.3075203101889045,4,78.27705604969542,0.2509385477410564,-5.2770560496954175,0.05658176244784813,-0.23077625492186454
Dwarka-Sector_8,2023,7,30.61,0.3468808522362483,4,43.23574904097505,0.24985886567762605,-12.625749040975052,0.09702198655862226,-1.0255987689356372
Dwarka-Sector_8,2023,8,32.62,0.3765262576468008,4,47.21662404711927,0.29364244738211226,-14.59662404711927,0.08288381026468855,-1.0643204570929512
Dwarka-Sector_8,2023,9,36.05,0.4013826126188876,4,51.48821317295955,0.29884993768353546,-15.43821317295955,0.10253267493535212,-1.3602530999058629
Dwarka-Sector_8,2023,10,109.28,0.3762820338864519,4,115.80806811196688,0.2857585216287326,-6.528068111966874,0.09052351225771932,-0.41738095227149197
Dwarka-Sector_8,2023,11,268.32,0.2768477265702048,4,262.1475781857724,0.2117520797877947,6.172421814227619,0.06509564678241009,0.4915484194754578
Dwarka-Sector_8,2024,1,234.78,0.2479138603359427,4,220.26834652743568,0.19048426238747118,14.51165347256432,0.05742959794847152,0.903254657256298
Dwarka-Sector_8,2024,3,87.12,0.283646814263335,4,84.10132332470893,0.24763669176253833,3.0186766752910756,0.03601012250079666,0.13616811945886717
Dwarka-Sector_8,2024,4,73.79,0.2671867754918604,4,76.1714947054472,0.22441869973058529,-2.3814947054471958,0.04276807576127509,-0.06311074937579506
Dwarka-Sector_8,2024,5,87.22,0.2511509433689939,4,98.62613954784517,0.22743953675646383,-11.406139547845171,0.023711406612530073,-0.25854735442291765
Dwarka-Sector_8,2024,6,52.17,0.2585522941313893,4,66.35109493886621,0.22843090528658547,-14.18109493886621,0.030121388844803837,-0.4079373632072913
Dwarka-Sector_8,2024,8,27.72,0.3894601705195064,4,32.8211390919663,0.29802702975327733,-5.101139091966303,0.09143314076622905,-0.2893448409341585
Dwarka-Sector_8,2024,10,115.14,0.3952374194172327,4,116.2062875516298,0.28831452179338657,-1.0662875516297987,0.10692289762384616,0.128134190383462
Dwarka-Sector_8,2024,11,266.08,0.2476958686211952,4,240.4392533790203,0.20862254065662234,25.640746620979684,0.03907332796457286,1.0342059064530982
Dwarka-Sector_8,2024,12,186.31,0.2806824601344437,4,178.96216371367592,0.2506241486723097,7.347836286324082,0.030058311462134002,0.240000063127877
Dwarka-Sector_8,2025,2,111.79,0.1704994979900715,4,106.01997590455647,0.19199331464561434,5.770024095443532,-0.02149381665554284,-0.11423484317634523
Dwarka-Sector_8,2025,3,80.17,0.3341888290782157,4,77.69831798038815,0.26734258317857923,2.4716820196118476,0.06684624589963645,0.25986548004980126
Dwarka-Sector_8,2025,4,80.54,0.2858516636831291,4,84.63539093594342,0.23618143961053964,-4.0953909359434135,0.04967022407258945,-0.15116422662422985
Dwarka-Sector_8,2025,5,69.62,0.3224583941344638,4,71.10961817361684,0.25588884641168896,-1.489618173616833,0.06656954772277485,-0.005302284802569692
Dwarka-Sector_8,2025,6,50.15,0.3486572653645017,4,51.09119565418696,0.2590124115135955,-0.9411956541869628,0.0896448538509062,0.08583636492688114
Dwarka-Sector_8,2025,7,31.75,0.3690438589689891,4,36.33180507046652,0.22148664337052612,-4.5818050704665225,0.147557215598463,-0.2149153385369426
Dwarka-Sector_8,2025,9,31.93,0.4185207311219273,4,41.97285055793301,0.28703692624098315,-10.042850557933008,0.13148380488094413,-0.9543061021195718
Dwarka-Sector_8,2025,10,111.18,0.4278986901148349,4,118.96470695036093,0.2915812486262435,-7.784706950360928,0.13631744148859137,-0.6676082161883564
Dwarka-Sector_8,2025,11,217.54,0.3337127986625218,4,228.9488119530792,0.2353807100783293,-11.408811953079208,0.09833208858419248,-0.9170550500322636
Dwarka-Sector_8,2025,12,223.03,0.3131566710821347,4,239.29928625059173,0.27961484844145557,-16.269286250591733,0.03354182264067912,-0.5218724530911547
IGI_Airport_(T3),2022,1,116.5,0.1979876134046138,3,130.68089896185484,0.4578462626467968,-14.180898961854837,-0.259858649242183,5.115266096440328
IGI_Airport_(T3),2022,2,83.55,0.2187376687096981,3,82.01859698634524,0.42762609068836416,1.531403013654753,-0.20888842197866606,0.6042999445534348
IGI_Airport_(T3),2022,4,98.8,0.1751943253184313,3,89.21158615918957,0.3917086304420505,9.588413840810432,-0.21651430512361922,-1.0831258115387965
IGI_Airport_(T3),2022,5,72.57,0.1649325753447579,3,64.13154421485402,0.3975447201182284,8.438455785145976,-0.2326121447734705,-0.8168509808512382
IGI_Airport_(T3),2022,6,57.59,0.156201155205171,3,49.79077901144294,0.3944151647386139,7.79922098855706,-0.23821400953344288,-0.655984056469463
IGI_Airport_(T3),2022,9,34.48,0.1776857989949209,3,33.322205064129115,0.43781807046032195,1.1577949358708821,-0.2601322714654011,1.13207058682118
IGI_Airport_(T3),2022,10,91.28,0.2416248788207964,3,88.94572521873992,0.4824495135670588,2.3342747812600777,-0.2408246347462624,0.6662367455299116
IGI_Airport_(T3),2022,11,154.29,0.1935504762192866,3,167.24792807527598,0.39757151572385263,-12.957928075275987,-0.20402103950456604,3.525314193375903
IGI_Airport_(T3),2022,12,139.13,0.191605820907085,3,161.94275240236894,0.4167112678209103,-22.812752402368943,-0.22510544691382528,6.2085364887255485
IGI_Airport_(T3),2023,1,141.36,0.1328481413551589,3,153.0336224341379,0.29668404293765877,-11.673622434137883,-0.16383590158249986,2.4810863273243418
IGI_Airport_(T3),2023,5,50.53,0.1846587960720783,3,56.26992114856656,0.4145695137238404,-5.739921148566559,-0.22991071765176208,2.439241429236662
IGI_Airport_(T3),2023,6,33.94,0.1937010069093752,3,36.94899921523851,0.42652339852208454,-3.0089992152385108,-0.23282239161270935,1.8486713411340194
IGI_Airport_(T3),2023,8,29.67,0.2414068605799745,3,29.573153633449376,0.510966075723717,0.09684636655062562,-0.2695592151437425,1.5129060615916703
IGI_Airport_(T3),2023,9,37.98,0.2501771648029758,3,36.475394566474755,0.504087292815838,1.5046054335252421,-0.25391012801286217,0.983471584550928
IGI_Airport_(T3),2023,10,96.78,0.2133549300002669,3,88.06103281958337,0.4843105928692382,8.718967180416627,-0.2709556628689713,-0.8074546776719755
IGI_Airport_(T3),2023,11,243.72,0.1405184534306537,3,213.01204488073853,0.3262349940075264,30.70795511926147,-0.18571654057687273,-4.972450702750355
IGI_Airport_(T3),2023,12,174.17,0.1558648853514099,3,178.75165827515121,0.43631873551018796,-4.581658275151227,-0.28045385015877805,2.950872450237581
IGI_Airport_(T3),2024,1,181.72,0.1062817467196182,3,183.62132100781284,0.2716573460962042,-1.9013210078128395,-0.16537559937658597,0.8936960117445435
IGI_Airport_(T3),2024,2,89.57,0.1480628666856278,3,85.61928772280018,0.34224209560434543,3.9507122771998127,-0.19417922891871764,0.03147184512108005
IGI_Airport_(T3),2024,3,65.6,0.1586255780434532,3,67.64758044811788,0.4096987366152204,-2.047580448117884,-0.25107315857176715,1.8492551614037904
IGI_Airport_(T3),2024,4,60.02,0.1313178976552932,3,58.8307872737199,0.36082118902168203,1.189212726280104,-0.22950329136638883,0.8426793178962229
IGI_Airport_(T3),2024,5,75.79,0.1281940143425395,3,73.65483072153008,0.3361450877442605,2.135169278469931,-0.207951073401721,0.471905881929366
IGI_Airport_(T3),2024,6,42.22,0.112722042728072,3,50.56026732134996,0.3272204860449451,-8.340267321349963,-0.21449844331687307,2.7634744813311607
IGI_Airport_(T3),2024,7,36.46,0.1522399633186933,3,33.39637866773876,0.36227693198279814,3.063621332261242,-0.21003696866410485,0.2909096160332558
IGI_Airport_(T3),2024,8,25.68,0.2441369649357672,3,23.032148039522593,0.47082678542204437,2.647851960477407,-0.22668982048627717,0.4881817538076525
IGI_Airport_(T3),2024,9,41.68,0.2374514264855975,3,36.59515625735397,0.49372603686259664,5.084843742646029,-0.25627461037699917,0.08794016133011247
IGI_Airport_(T3),2024,11,234.31,0.167079199284675,3,207.9850923560451,0.31696623258945095,26.3249076439549,-0.14988703330477596,-3.469921443244909
IGI_Airport_(T3),2024,12,143.85,0.1931604215742151,3,151.62896339594045,0.3878437184006109,-7.778963395940451,-0.1946832968263958,2.3172039796399497
IGI_Airport_(T3),2025,1,132.88,0.2133661539958874,3,133.28679784726205,0.45331245519783525,-0.40679784726205526,-0.23994630120194785,1.3170532663471595
IGI_Airport_(T3),2025,2,81.85,0.1263571543137888,3,83.86570000269248,0.3010482846515041,-2.0157000026924834,-0.17469113033771533,0.9984861723283885
IGI_Airport_(T3),2025,3,65.77,0.2073378433998879,3,63.19569045102255,0.45282463896235736,2.574309548977446,-0.24548679556246947,0.6444500725990459
IGI_Airport_(T3),2025,4,54.26,0.1664109691756283,3,66.31421068972419,0.3729595401855341,-12.054210689724194,-0.2065485710099058,3.3933836886985387
IGI_Airport_(T3),2025,5,47.97,0.219089479281841,3,58.58298654257351,0.41268356881522944,-10.612986542573509,-0.19359408953338844,2.8484237185099217
IGI_Airport_(T3),2025,6,31.58,0.2294853408969153,3,38.55285575269626,0.43059350886739634,-6.972855752696262,-0.20110816797048103,2.2589277509658388
IGI_Airport_(T3),2025,7,26.1,0.1383020620479371,3,27.453713868915,0.36106366540264917,-1.3537138689149977,-0.22276160335471207,1.3525834561828232
IGI_Airport_(T3),2025,10,85.81,0.2826951560652588,3,88.39868124549719,0.4989525246843364,-2.5886812454971846,-0.21625736861907757,1.5503691945477245
IGI_Airport_(T3),2025,11,157.88,0.2268953141717506,3,190.92110991878968,0.4295823744729015,-33.04110991878969,-0.20268706030115088,7.5671384733393285
IGI_Airport_(T3),2025,12,142.31,0.2171931542669118,3,185.29352767718436,0.4514863189016694,-42.983527677184355,-0.2342931646347576,11.23340703446654
IHBAS_Dilshad_Garden,2022,2,102.57,0.2227997583857938,2,120.70661183275789,0.24113593364991062,-18.136611832757893,-0.018336175264116822,0.3396772593050521
IHBAS_Dilshad_Garden,2022,3,95.23,0.1957227117489988,2,105.47867432006322,0.22947274756770702,-10.248674320063216,-0.033750035818708224,0.3700189455178739
IHBAS_Dilshad_Garden,2022,4,91.32,0.2208741350088936,2,112.10803363801396,0.23172416630183257,-20.78803363801397,-0.01085003129293896,0.22804423636448756
IHBAS_Dilshad_Garden,2022,6,62.26,0.2003367201865021,2,63.60982714534208,0.2357200001345315,-1.3498271453420827,-0.03538327994802942,0.07427864134074753
IHBAS_Dilshad_Garden,2022,7,44.44,0.2431671408476183,2,39.35294912464121,0.2279537034816248,5.087050875358784,0.01521343736599351,0.08229369922762038
IHBAS_Dilshad_Garden,2022,9,42.33,0.1857325040431219,2,42.46369495234269,0.18897702305481043,-0.1336949523426938,-0.0032445190116885403,0.000656739562488834
IHBAS_Dilshad_Garden,2022,10,98.1,0.2452861855129653,2,112.98659590902592,0.24041954656686815,-14.886595909025928,0.0048666389460971515,-0.0719460477667086
IHBAS_Dilshad_Garden,2022,11,128.6,0.1833511595822762,2,202.73165041673494,0.19865875495993557,-74.13165041673494,-0.015307595377659355,1.1397403467667182
IHBAS_Dilshad_Garden,2022,12,116.3,0.1957406798097753,2,191.05858589762425,0.2114668597047624,-74.75858589762426,-0.01572617989498709,1.1809051465399498
IHBAS_Dilshad_Garden,2023,1,109.9,0.146518911995451,2,193.80951153709836,0.15695469848398794,-83.90951153709835,-0.010435786488536936,0.8779684088557624
IHBAS_Dilshad_Garden,2023,2,98.54,0.2111493891122325,2,124.49734702820956,0.2215617255948732,-25.957347028209554,-0.0104123364826407,0.2725729387084004
IHBAS_Dilshad_Garden,2023,3,67.5,0.223327341564177,2,82.5242644098,0.23243608886368697,-15.024264409799997,-0.009108747299509973,0.13860954813331863
IHBAS_Dilshad_Garden,2023,4,66.99,0.2343579336179919,2,77.7818520196843,0.24026447149123908,-10.791852019684299,-0.005906537873247186,0.06448140637535661
IHBAS_Dilshad_Garden,2023,5,56.78,0.2259520532723681,2,71.06277283039203,0.24418160841824327,-14.282772830392034,-0.01822955514587518,0.2674071862866466
IHBAS_Dilshad_Garden,2023,6,50.65,0.2410178563166158,2,49.31875781121484,0.24714040952296915,1.3312421887851613,-0.006122553206353354,-0.007356640908164566
IHBAS_Dilshad_Garden,2023,7,33.37,0.2058919378888488,2,34.21300738357989,0.17256681580770933,-0.843007383579895,0.03332512208113947,-0.004571168974827859
IHBAS_Dilshad_Garden,2023,8,54.92,0.2948832674788283,2,40.61881466055242,0.2728771919424912,14.301185339447585,0.0220060755363371,0.3249699282905336
IHBAS_Dilshad_Garden,2023,10,94.91,0.2669586975937319,2,118.96386698441769,0.2636541747298277,-24.053866984417695,0.0033045228639042024,-0.07925526646404348
IHBAS_Dilshad_Garden,2023,11,137.22,0.1376607871987396,2,242.12394318822643,0.1778870922365892,-104.90394318822644,-0.0402263050378496,4.254171158317733
IHBAS_Dilshad_Garden,2023,12,124.09,0.1976371232050831,2,213.96695985586658,0.2199615519718065,-89.87695985586657,-0.022324428766723414,2.0170076650320286
IHBAS_Dilshad_Garden,2024,1,132.45,0.0944999755283719,2,226.31553594552412,0.11445093549827366,-93.86553594552413,-0.01995095996990176,1.88113820299659
IHBAS_Dilshad_Garden,2024,2,70.51,0.1683655091951411,2,116.52654730650339,0.19874914424650367,-46.016547306503384,-0.030383635051362573,1.4177029648696997
IHBAS_Dilshad_Garden,2024,3,58.22,0.2434006912985137,2,80.66426240995578,0.23350780201575858,-22.444262409955783,0.009892889282755113,-0.21996569563238932
IHBAS_Dilshad_Garden,2024,4,64.57,0.196954853918298,2,70.12544398498346,0.2106096745487913,-5.555443984983469,-0.01365482063049328,0.07980775913112112
IHBAS_Dilshad_Garden,2024,5,68.36,0.1940414651426238,2,78.8031825455015,0.20357117362190827,-10.4431825455015,-0.009529708479284471,0.10144398813155471
IHBAS_Dilshad_Garden,2024,6,66.38,0.1889523472918149,2,56.030630000583656,0.20715315449602442,10.34936999941634,-0.018200807204209524,-0.18135047886650352
IHBAS_Dilshad_Garden,2024,8,23.99,0.2438014458900726,2,31.519800503118603,0.24241205890160927,-7.529800503118604,0.0013893869884633314,-0.010420920332630377
IHBAS_Dilshad_Garden,2024,9,32.05,0.2092651530190412,2,46.59523938687811,0.2099112899814356,-14.545239386878116,-0.0006461369623944058,0.009407059451761771
IHBAS_Dilshad_Garden,2024,10,79.98,0.2992000037595216,2,122.96312127814693,0.2718774199390158,-42.983121278146925,0.027322583820505786,-1.1585982857796675
IHBAS_Dilshad_Garden,2024,11,189.33,0.1650896711482866,2,257.91034844175397,0.17035181904889773,-68.58034844175396,-0.005262147900611136,0.3614664253586802
IHBAS_Dilshad_Garden,2024,12,93.73,0.1960960559053614,2,185.61522376206312,0.2099654906940745,-91.88522376206312,-0.013869434788713109,1.2784704014826656
IHBAS_Dilshad_Garden,2025,1,90.33,0.2202960072229524,2,176.5837189132432,0.24001264260000443,-86.25371891324319,-0.01971663537705204,1.7088669049792917
IHBAS_Dilshad_Garden,2025,3,60.2,0.2445753011093147,2,70.27437938002086,0.2498196984369799,-10.074379380020858,-0.005244397327665212,0.05341658700093736
IHBAS_Dilshad_Garden,2025,4,74.21,0.217792139570072,2,71.45418985250237,0.22188776856125256,2.755810147497627,-0.004095628991180544,-0.010931492607881291
IHBAS_Dilshad_Garden,2025,5,67.78,0.2288359423307961,2,64.27143666504728,0.23790230627539957,3.5085633349527257,-0.009066363944603473,-0.030068907565462728
IHBAS_Dilshad_Garden,2025,8,25.31,0.2261213990090103,2,33.16052014780676,0.24852120545502976,-7.850520147806758,-0.022399806446019466,0.18647741223771
IHBAS_Dilshad_Garden,2025,9,37.22,0.2711206618516493,2,39.806263774298806,0.272220390789251,-2.586263774298807,-0.001099728937601685,0.002869804735417669
IHBAS_Dilshad_Garden,2025,10,114.88,0.263429727660065,2,119.18171699809922,0.26383183665935733,-4.301716998099224,-0.0004021089992923277,0.0017331838067869757
IIT_Delhi,2025,12,160.7,0.5159440686641863,0,211.82702832159913,0.4271935152417825,-51.12702832159914,0.08875055342240379,-4.370721444050801
IMD_Lodhi_Road,2022,1,109.02,0.4944099554816407,1,153.7324674444201,0.33297608567822956,-44.71246744442011,0.16143386980341112,-6.66612717892595
IMD_Lodhi_Road,2022,2,75.07,0.4613660466122005,1,96.47568208594001,0.30045982260393816,-21.405682085940015,0.16090622400826232,-2.895930395116428
IMD_Lodhi_Road,2022,3,72.2,0.4156560211074014,1,85.40397063117389,0.27291087866999547,-13.203970631173888,0.14274514243740594,-1.4532276618460425
IMD_Lodhi_Road,2022,4,66.6,0.4323729571223388,1,90.75701934708691,0.29087928881440445,-24.157019347086916,0.14149366830793436,-2.994024505975009
IMD_Lodhi_Road,2022,5,59.15,0.4250448206480841,1,69.88410811204464,0.29210912615815743,-10.734108112044645,0.13293569448992665,-1.052648702399598
IMD_Lodhi_Road,2022,7,30.8,0.4357480430972458,1,28.08934722169957,0.30084875085127505,2.7106527783004317,0.13489929224597075,0.7511017412154136
IMD_Lodhi_Road,2022,8,31.19,0.5251695159919024,1,26.843664855976773,0.35684305862252247,4.346335144023229,0.16832645736937996,1.3317235776891727
IMD_Lodhi_Road,2022,9,32.15,0.4136721775633017,1,33.48730033795632,0.2834346373296728,-1.3373003379563215,0.13023754023362893,0.1850909061846783
IMD_Lodhi_Road,2022,10,76.98,0.4828867925455302,1,99.21736374428583,0.3515729264548291,-22.23736374428583,0.13131386609070106,-2.5548540091058833
IMD_Lodhi_Road,2022,11,126.83,0.4042005952119495,1,171.12001848218236,0.263663537500014,-44.29001848218236,0.14053705771193553,-5.806062435408891
IMD_Lodhi_Road,2022,12,119.57,0.4121038934906372,1,162.9832107041948,0.26328575298759754,-43.413210704194796,0.14881814050303965,-5.991594975008366
IMD_Lodhi_Road,2023,1,126.08,0.331189539441389,1,176.08989574112977,0.2058691977998811,-50.00989574112977,0.1253203416415079,-5.934615475216025
IMD_Lodhi_Road,2023,3,54.35,0.4232682893054074,1,61.64142827622899,0.288950894722034,-7.2914282762289915,0.13431739458337338,-0.5972470933872674
IMD_Lodhi_Road,2023,4,47.03,0.4231774803435239,1,52.593553851485396,0.2989347182439395,-5.563553851485395,0.1242427620995844,-0.3642854657897247
IMD_Lodhi_Road,2023,5,49.61,0.4496125168090211,1,49.637906744752804,0.30875246182213884,-0.02790674475280497,0.14086005498688225,0.4163205972116105
IMD_Lodhi_Road,2023,6,35.03,0.4608891077038676,1,31.36195868134363,0.30566925774845083,3.668041318656371,0.15521984995541677,1.079655830604313
IMD_Lodhi_Road,2023,7,32.54,0.3922492624289658,1,21.219209781493714,0.264532985818913,11.320790218506286,0.1277162766100528,1.7913317173923835
IMD_Lodhi_Road,2023,8,35.64,0.5084180742660286,1,25.76602932280465,0.37046617372897717,9.873970677195352,0.13795190053705142,1.7652109190385956
IMD_Lodhi_Road,2023,9,38.47,0.5336781780443376,1,29.306963191750544,0.3667410442927055,9.163036808249455,0.1669371337516321,2.119905883462458
IMD_Lodhi_Road,2023,10,77.8,0.4889346626335959,1,86.1736636204229,0.35478482211146495,-8.373663620422903,0.13414984052213097,-0.742159835774662
IMD_Lodhi_Road,2023,11,185.96,0.3540210991606025,1,207.55155480484802,0.22758972337666775,-21.591554804848016,0.12643137578393474,-2.39128398369245
IMD_Lodhi_Road,2023,12,146.05,0.4226217935897706,1,173.46347152436502,0.29034802737773846,-27.413471524365008,0.13227376621203213,-3.255503916203233
IMD_Lodhi_Road,2024,2,68.51,0.393293440647632,1,95.26205353065328,0.2464346032744345,-26.75205353065327,0.1468588373731975,-3.4719673949766547
IMD_Lodhi_Road,2024,3,59.22,0.4444164700773024,1,68.38117818853748,0.2906314687577713,-9.161178188537477,0.1537850013195311,-0.9079396443231937
IMD_Lodhi_Road,2024,5,67.62,0.4127590354592659,1,77.06371533799098,0.2765618219346196,-9.44371533799098,0.1361972135246463,-0.8933185475836096
IMD_Lodhi_Road,2024,6,45.07,0.4222446333500407,1,56.88444685952338,0.2659763974117719,-11.814446859523379,0.15626823593826877,-1.3290031045830788
IMD_Lodhi_Road,2024,11,186.23,0.3385052396431437,1,216.34664048159328,0.22127768822266103,-30.116640481593294,0.11722755142048269,-3.239433002428726
IMD_Lodhi_Road,2024,12,118.92,0.4093965189540618,1,160.53311824002367,0.26809568336726414,-41.61311824002367,0.14130083558679768,-5.4570826106858705
IMD_Lodhi_Road,2025,1,121.86,0.4723254281203859,1,160.76591245631553,0.32822369453700717,-38.905912456315534,0.14410173358337874,-5.166592423026063
IMD_Lodhi_Road,2025,2,73.57,0.4031590332357873,1,89.12216925683623,0.2276749506364659,-15.552169256836237,0.17548408259932138,-2.076915692616987
IMD_Lodhi_Road,2025,3,52.91,0.4514899559798305,1,66.64978611788587,0.3074980664041261,-13.73978611788587,0.1439918895757044,-1.5392710174057602
IMD_Lodhi_Road,2025,4,65.17,0.4085306107923457,1,69.47009375124223,0.2854597910298313,-4.30009375124223,0.12307081976251438,-0.20840909250177403
IMD_Lodhi_Road,2025,5,55.48,0.4487228099140958,1,60.398487045219476,0.30449152959585674,-4.918487045219479,0.14423128031823906,-0.2687915331677459
IMD_Lodhi_Road,2025,6,36.6,0.4320787684449533,1,38.55691392662247,0.30980527566941973,-1.9569139266224695,0.12227349277553357,0.0773849726270508
IMD_Lodhi_Road,2025,7,20.67,0.3111342603311296,1,25.524696729614572,0.21941375680844455,-4.85469672961457,0.09172050352268507,-0.26709214518128677
IMD_Lodhi_Road,2025,9,41.09,0.5191423201545876,1,30.071706794289792,0.36739635326638187,11.018293205710211,0.15174596688820574,2.1596985895996843
IMD_Lodhi_Road,2025,10,91.69,0.5098403013767702,1,94.16110750457949,0.37273937397971063,-2.471107504579493,0.13710092739705954,0.05932923512733361
IMD_Lodhi_Road,2025,12,158.37,0.4350920790994882,1,191.35035498910958,0.3173849793031976,-32.98035498910957,0.11770709979629063,-3.5885686833346373
ITO,2022,1,153.19,0.3919492128852856,0,137.6344290049005,0.36800593480403654,15.555570995099487,0.023943278081249075,0.38459365840144105
ITO,2022,2,119.36,0.3293400975581278,0,96.44331741093583,0.35916254851547286,22.916682589064166,-0.029822450957345037,-0.6645942723034327
ITO,2022,3,117.79,0.3078935062052355,0,89.33595340720483,0.3209944754740032,28.45404659279518,-0.013100969268767748,-0.36914028823764694
ITO,2022,4,90.9,0.3456307161308598,0,99.68679118727746,0.3381653185610313,-8.786791187277458,0.0074653975698285024,-0.06441646160636305
ITO,2022,5,93.37,0.3599856071148805,0,80.0188506500714,0.3326787339820617,13.351149349928605,0.027306873132818765,0.3803716112839189
ITO,2022,7,42.19,0.3813895691853744,0,39.98511328369219,0.3350532725123108,2.2048867163078043,0.046336296673063604,0.14764165602523388
ITO,2022,8,37.57,0.4083803737401,0,37.325740091712,0.36631356116515046,0.24425990828800082,0.04206681257494954,0.04775637843638982
ITO,2022,9,50.21,0.3124684138879705,0,43.4465554916897,0.3209377553143716,6.7634445083103,-0.0084693414264011,-0.05576265800372294
ITO,2022,12,166.59,0.3013652120625098,0,157.2241929336612,0.2992619080413807,9.365807066338817,0.0021033040211291265,0.01979283925871048
ITO,2023,1,227.6,0.2737661373392616,0,164.15306965337854,0.23822700816784279,63.44693034662146,0.0355391291714188,2.2816000936463827
ITO,2023,2,152.03,0.339388471199598,0,100.93461451509197,0.33090997751031687,51.095385484908036,0.008478493689281108,0.43473445145062334
ITO,2023,4,52.35,0.3418088015238186,0,66.07821857637471,0.3442675259382265,-13.728218576374708,-0.00245872441440792,0.0338819484358175
ITO,2023,5,74.14,0.3639213207383184,0,64.55694225492955,0.34961251887717587,9.583057745070448,0.014308801861142528,0.1414585824699392
ITO,2023,6,44.24,0.3792229688670141,0,51.89910556748675,0.3531276408085076,-7.659105567486748,0.026095328058506506,-0.18544375526088788
ITO,2023,8,36.02,0.4113593198830921,0,44.187691848154465,0.39121400516739513,-8.167691848154462,0.02014531471569697,-0.15594501343011088
ITO,2023,9,41.89,0.4246183315299349,0,45.57200893832972,0.40051556238984953,-3.682008938329723,0.024102769140085356,-0.07644201166037999
ITO,2023,10,96.0,0.3731154819815303,0,96.43799846011972,0.3748661779341084,-0.4379984601197151,-0.0017506959525781518,0.0008317186265971648
ITO,2023,11,240.62,0.2888802966669163,0,227.77700320557236,0.2630862824315283,12.842996794427648,0.025794014235387963,0.34536440466814866
ITO,2024,1,189.44,0.1854952600086236,0,200.09663130907583,0.19306266034973274,-10.656631309075834,-0.007567400341109143,0.08185590108310573
ITO,2024,3,80.33,0.362674499586097,0,73.5444388091881,0.33528157156363414,6.7855611908119045,0.027392928022462848,0.20176955904277213
ITO,2024,4,59.1,0.3286903650031585,0,67.27455198722957,0.3091017151296851,-8.17455198722957,0.019588649873473418,-0.15200120550833526
ITO,2024,5,95.86,0.3207921678602923,0,91.65536268758545,0.3071710310202259,4.2046373124145475,0.013621136840066383,0.06120164855902233
ITO,2024,6,62.34,0.3335934577571919,0,76.4862704383189,0.3073166863687022,-14.146270438318894,0.026276771388489717,-0.35709392921032806
ITO,2024,7,42.03,0.2849310503709039,0,42.79933669221799,0.24768759759024167,-0.7693366922179905,0.03724345278066221,0.0007260067004644401
ITO,2024,8,27.55,0.3875076593877182,0,31.964103236079282,0.34950504421688083,-4.414103236079281,0.03800261517083736,-0.13715879781565457
ITO,2024,9,37.39,0.3895397608853309,0,46.378958252103516,0.32929321748663953,-8.988958252103515,0.06024654339869134,-0.46467640655617165
ITO,2024,10,107.29,0.4322439830445777,0,101.12347521011864,0.39219768551138695,6.166524789881365,0.04004629753319072,0.28091357701357966
ITO,2024,11,216.16,0.2758064762024542,0,230.58957571852395,0.26096052134049846,-14.42957571852395,0.014845954861955724,-0.20955262520912585
ITO,2024,12,171.04,0.3223533314353413,0,148.6342076434887,0.31254270834151593,22.405792356511284,0.009810623093825355,0.22185335938740372
ITO,2025,1,152.69,0.3736808327387289,0,143.42733222971154,0.35463599092610776,9.26266777028846,0.019044841812621116,0.18408829090329104
ITO,2025,3,68.11,0.3823237799257291,0,71.17520101788261,0.3560943705169288,-3.0652010178826146,0.026229409408800253,-0.06582669860283799
ITO,2025,4,75.65,0.3476387037571772,0,73.02876863147137,0.32794167522232537,2.6212313685286404,0.019697028534851835,0.05984788059883768
ITO,2025,6,52.14,0.3645328694792543,0,49.83677968019607,0.3421796834796586,2.303220319803934,0.02235318599959568,0.062067401807097855
ITO,2025,7,37.31,0.3253426027593259,0,33.27607836158067,0.27371748593067685,4.033921638419329,0.051625116828649065,0.26470060456896477
ITO,2025,8,35.3,0.3991782955263723,0,35.5153879878188,0.30114357645418083,-0.21538798781880075,0.09803471907219147,0.18244496053782533
ITO,2025,9,34.19,0.4250182463193306,0,41.926526586935026,0.3883165354398405,-7.736526586935028,0.03670171087949009,-0.2554134692072666
ITO,2025,10,111.32,0.3957669037796691,0,98.18295962618156,0.3911768006006822,13.137040373818436,0.004590103178986893,0.0607466210660625
ITO,2025,12,229.84,0.3779049809354659,0,182.26880786384598,0.33699418262946407,47.571192136154025,0.040910798306001805,1.9816248979689324
Jahangirpuri,2022,1,232.22,0.2469111711701881,4,189.8935772073011,0.3122698430240304,42.32642279269891,-0.06535867185384228,-2.675921391800887
Jahangirpuri,2022,2,152.46,0.2530301058094107,4,129.7522336615862,0.30705143992622375,22.70776633841382,-0.054021334116813036,-1.164893052986127
Jahangirpuri,2022,4,135.3,0.2346628346870481,4,134.01894494596533,0.2957847419828691,1.281055054034681,-0.06112190729582098,0.000826964530551571
Jahangirpuri,2022,5,74.62,0.245913869002686,4,93.16661411598265,0.30102531627148565,-18.54661411598265,-0.05511144726879966,1.0864612924616004
Jahangirpuri,2022,6,59.8,0.2389209617045248,4,71.58413331334181,0.3055304828712103,-11.784133313341812,-0.06660952116668553,0.8789091570474257
Jahangirpuri,2022,8,45.53,0.2467780430541603,4,40.815490410142644,0.3540575965925865,4.714509589857357,-0.10727955353842622,-0.2620076309566454
Jahangirpuri,2022,9,48.92,0.2192861095961496,4,48.633441776966045,0.2941717258848477,0.28655822303395695,-0.07488561628869808,0.0973173840937832
Jahangirpuri,2022,10,135.87,0.2648587600172127,4,125.17936086056865,0.35256316186176445,10.690639139431354,-0.08770440184455175,-0.7746953646090536
Jahangirpuri,2022,11,231.85,0.1993709000849152,4,198.3228077074098,0.25877206717907164,33.5271922925902,-0.05940116709415644,-1.9168194330830186
Jahangirpuri,2023,3,94.89,0.2336650083091387,4,86.47390147242552,0.2909868510518867,8.416098527574476,-0.057321842742748014,-0.4128319402398395
Jahangirpuri,2023,4,88.48,0.2531581002070553,4,79.62515678398465,0.30698766321660126,8.854843216015354,-0.053829563009545944,-0.4152796284169152
Jahangirpuri,2023,5,77.49,0.2639316535333477,4,80.63078615282568,0.31081030444854324,-3.140786152825683,-0.04687865091519555,0.19378197349701617
Jahangirpuri,2023,6,47.76,0.2625916476678646,4,52.772467230728225,0.31800848742662136,-5.012467230728227,-0.055416839758756775,0.34282057301030605
Jahangirpuri,2023,7,41.73,0.1329613003808713,4,41.5235648074635,0.23485128179230338,0.206435192536496,-0.10188998141143207,0.19885181390478682
Jahangirpuri,2023,8,46.5,0.2676522983361529,4,50.41567275116468,0.36063927816461766,-3.915672751164678,-0.09298697982846477,0.5472443414029586
Jahangirpuri,2023,9,47.77,0.2722263566675416,4,49.68813969240969,0.3690050934502034,-1.9181396924096887,-0.0967787367826618,0.3840131364283659
Jahangirpuri,2023,11,301.49,0.1858837250744392,4,254.4521560391187,0.2226082835894473,47.037843960881304,-0.03672455851500808,-1.6988782276166654
Jahangirpuri,2024,1,252.25,0.1492307446303971,4,223.92240899320694,0.14351425372623508,28.327591006793057,0.005716490904162014,0.16262655424621658
Jahangirpuri,2024,2,140.14,0.2367404287393032,4,112.28455997814245,0.2692416608662755,27.855440021857532,-0.032501232126972285,-0.8829626565660674
Jahangirpuri,2024,3,96.05,0.2680231557899209,4,82.62532631969458,0.2969399621058327,13.424673680305418,-0.02891680631591176,-0.37048804841607624
Jahangirpuri,2024,4,84.09,0.2011657906134168,4,85.74958756124657,0.27599425255840226,-1.6595875612465676,-0.07482846194498546,0.24277962147211643
Jahangirpuri,2024,6,69.16,0.216205564224017,4,67.2389492983296,0.27189653571277983,1.9210507016703957,-0.05569097148876284,-0.041294584618888755
Jahangirpuri,2024,7,45.45,0.136787226344221,4,47.9896108306614,0.18622593908508714,-2.5396108306613954,-0.04943871274086614,0.1773238688428392
Jahangirpuri,2024,8,36.18,0.232617410028176,4,33.525384340102924,0.3648570542421025,2.6546156598970754,-0.1322396442139265,0.019342608633832713
Jahangirpuri,2024,9,50.5,0.2572178549072154,4,46.02733199896502,0.33251773250739575,4.472668001034982,-0.07529987760018036,-0.216697120853286
Jahangirpuri,2024,10,141.33,0.2963037623399991,4,130.38429411544556,0.3657716449357784,10.945705884554457,-0.0694678825957793,-0.6581630474932086
Jahangirpuri,2024,11,303.73,0.191540744543984,4,277.7767099410124,0.21941784604789347,25.95329005898759,-0.027877101503909457,-0.7070425388097163
Jahangirpuri,2025,1,214.59,0.2570276306484412,4,185.89633582521586,0.3013109514673959,28.693664174784146,-0.0442833208189547,-1.2291157593545905
Jahangirpuri,2025,2,117.79,0.2497080711992416,4,104.22018283611725,0.28921168148622955,13.56981716388276,-0.039503610286987956,-0.5030040503475534
Jahangirpuri,2025,3,92.96,0.2616568824435586,4,74.41299665497651,0.3175432753242564,18.547003345023484,-0.0558863928806978,-0.9703726908149691
Jahangirpuri,2025,4,97.13,0.2355726728606949,4,93.93051782992524,0.2927266773848265,3.1994821700747593,-0.05715400452413161,-0.11367582981349322
Jahangirpuri,2025,5,97.41,0.2529707382089329,4,78.88034680060723,0.30371386844584913,18.52965319939277,-0.050743130236916234,-0.8857159981178725
Jahangirpuri,2025,6,57.76,0.2456893918407527,4,54.78657940195685,0.2919723747619549,2.9734205980431483,-0.046282982921202226,-0.09224798991769849
Jahangirpuri,2025,7,34.48,0.1927754253392563,4,36.77893190436749,0.22756851445986576,-2.2989319043674925,-0.034793089120609466,0.10562703517047999
Jahangirpuri,2025,9,87.92,0.2987209173544827,4,40.94668882261938,0.35569179557989283,46.97331117738062,-0.05697087822541014,-2.60736605660469
Jahangirpuri,2025,10,146.07,0.2659451096562188,4,128.76717528503752,0.3380283894170029,17.30282471496247,-0.0720832797607841,-1.137191151638414
Jahangirpuri,2025,11,278.1,0.2318741026345057,4,263.19969289427723,0.2977375418343244,14.900307105722788,-0.06586343919981869,-0.8895051681731014
Jahangirpuri,2025,12,267.25,0.2521899220071608,4,277.6871519179877,0.3007901362637248,-10.437151917987705,-0.04860021425656402,0.5572754549569731
Jawaharlal_Nehru_Stadium,2022,1,154.72,0.3522149873929446,3,159.5672979225019,0.30674015045574415,-4.847297922501895,0.04547483693720045,-0.17662990110552307
Jawaharlal_Nehru_Stadium,2022,2,100.54,0.317459668184793,3,120.13236912611187,0.27783422726227885,-19.592369126111862,0.03962544092251413,-0.7430993607241512
Jawaharlal_Nehru_Stadium,2022,3,85.61,0.287376559715355,3,95.25894473952104,0.2631045142428813,-9.648944739521042,0.02427204547247369,-0.22172158576747522
Jawaharlal_Nehru_Stadium,2022,4,87.65,0.3086988885849741,3,93.54473052860739,0.282348886316849,-5.894730528607383,0.02635000226812506,-0.14062015055680932
Jawaharlal_Nehru_Stadium,2022,5,70.22,0.2913670988113906,3,71.26316994529729,0.27866637364875047,-1.0431699452972936,0.012700725162640147,-0.009832442235420595
Jawaharlal_Nehru_Stadium,2022,6,51.95,0.3213498643560154,3,57.886708814132284,0.2824783110759227,-5.936708814132281,0.03887155328009273,-0.1987655986671167
Jawaharlal_Nehru_Stadium,2022,7,29.52,0.3038607310103671,3,37.79094587082873,0.26742315126743943,-8.27094587082873,0.03643757974292766,-0.27325212707921276
Jawaharlal_Nehru_Stadium,2022,8,30.36,0.3561648769110924,3,30.91267588305875,0.3148667397655543,-0.5526758830587504,0.041298137145538094,0.013299407455841617
Jawaharlal_Nehru_Stadium,2022,9,36.81,0.2444158821456647,3,35.860939005737166,0.2586244603174744,0.9490609942628367,-0.014208578171809677,-0.009208835340614301
Jawaharlal_Nehru_Stadium,2022,10,102.03,0.3397312045862498,3,116.23024436290746,0.31207429230329653,-14.200244362907455,0.02765691228295325,-0.37653394363482345
Jawaharlal_Nehru_Stadium,2022,12,182.83,0.2599394399478931,3,177.79040392894387,0.2438476837410067,5.039596071056138,0.016091756206886382,0.08658049501480973
Jawaharlal_Nehru_Stadium,2023,2,105.93,0.2963358338743245,3,124.77881267029045,0.253922053255106,-18.848812670290442,0.04241378061921852,-0.7613474223725657
Jawaharlal_Nehru_Stadium,2023,3,64.95,0.2980020170219145,3,74.50358305641991,0.26761537217460984,-9.55358305641991,0.030386644847304634,-0.27074447614916447
Jawaharlal_Nehru_Stadium,2023,4,52.55,0.2957524981685861,3,62.69938745838904,0.28619102476356784,-10.149387458389043,0.009561473405018284,-0.09510675097042094
Jawaharlal_Nehru_Stadium,2023,5,50.83,0.3265326767098189,3,64.87538951116231,0.2939860444805753,-14.045389511162313,0.03254663222924359,-0.4346941119047785
Jawaharlal_Nehru_Stadium,2023,7,30.93,0.2616604078524709,3,35.922787062122566,0.22660754144241077,-4.9927870621225665,0.03505286641006014,-0.14898710034645446
Jawaharlal_Nehru_Stadium,2023,9,33.62,0.3735506371896763,3,39.75914620542291,0.3295020633308659,-6.139146205422911,0.04404857385881039,-0.22932484696541858
Jawaharlal_Nehru_Stadium,2023,10,85.72,0.3617930447294923,3,113.64287922830256,0.3131365333329812,-27.922879228302563,0.048656511396511115,-1.3084862875021817
Jawaharlal_Nehru_Stadium,2023,11,227.39,0.2239194212743754,3,246.9758399514412,0.2176204329849146,-19.585839951441216,0.006298988289460794,-0.12253059745508371
Jawaharlal_Nehru_Stadium,2023,12,194.85,0.2765944920159226,3,221.51861844504143,0.25396437004514216,-26.66861844504143,0.02263012197078046,-0.5926671441862094
Jawaharlal_Nehru_Stadium,2024,1,210.34,0.1818738919846824,3,219.5410699142835,0.13042488136911243,-9.201069914283494,0.05144901061556997,-0.4173214810001971
Jawaharlal_Nehru_Stadium,2024,2,93.87,0.2625119277919604,3,119.87290522022303,0.2283449906102294,-26.002905220223028,0.03416693718173103,-0.8637140936186745
Jawaharlal_Nehru_Stadium,2024,5,57.09,0.287657048576905,3,89.46520451738076,0.25715200298412455,-32.37520451738075,0.030505045592780444,-0.9678975281975131
Jawaharlal_Nehru_Stadium,2024,7,28.01,0.1569982601421732,3,43.34373042745624,0.18381133512351794,-15.333730427456235,-0.026813074981344748,0.42637190221165794
Jawaharlal_Nehru_Stadium,2024,8,15.91,0.3301381352605098,3,30.873854481984413,0.30008679442829206,-14.963854481984413,0.03005134083221772,-0.43055625436277645
Jawaharlal_Nehru_Stadium,2024,9,26.92,0.2875156498757692,3,46.01217878174621,0.2658960562058859,-19.092178781746206,0.021619593669883308,-0.40286529640260066
Jawaharlal_Nehru_Stadium,2024,10,83.64,0.3687312067062498,3,118.45034943914446,0.32705580628939973,-34.81034943914446,0.041675400416850084,-1.4139483532226367
Jawaharlal_Nehru_Stadium,2024,11,210.86,0.2234954207103942,3,254.73357532704222,0.21005323025435124,-43.873575327042204,0.013442190456042946,-0.5859298212724762
Jawaharlal_Nehru_Stadium,2024,12,163.08,0.2833393755872254,3,178.3623652788683,0.25501362859588306,-15.282365278868298,0.028325746991342327,-0.4158903834123884
Jawaharlal_Nehru_Stadium,2025,2,79.51,0.215312386977357,3,115.54543996458915,0.2212715664072386,-36.035439964589145,-0.005959179429881611,0.21549380617525973
Jawaharlal_Nehru_Stadium,2025,4,49.37,0.285292532543147,3,79.85305099372032,0.2729406172756362,-30.48305099372032,0.012351915267510838,-0.3732925774297629
Jawaharlal_Nehru_Stadium,2025,5,44.92,0.3151579037579448,3,70.05341476099966,0.28927699060882034,-25.133414760999656,0.02588091314912444,-0.6362886516812987
Jawaharlal_Nehru_Stadium,2025,6,30.72,0.3050504976303946,3,48.21531075994305,0.27876908829614855,-17.495310759943052,0.026281409334246053,-0.44517187544481474
Jawaharlal_Nehru_Stadium,2025,7,17.2,0.2464749196379515,3,31.049643281051683,0.21976410378324587,-13.849643281051684,0.02671081585470564,-0.35482375948802797
Jawaharlal_Nehru_Stadium,2025,8,22.45,0.2535173493440284,3,33.43336172381968,0.2390895660442686,-10.98336172381968,0.014427783299759828,-0.1540566366393446
Jawaharlal_Nehru_Stadium,2025,9,27.16,0.370380043774033,3,40.95476078584849,0.33107973318603195,-13.794760785848492,0.03930031058800104,-0.5094249916184032
Jawaharlal_Nehru_Stadium,2025,11,207.41,0.3006352410547951,3,225.28136508510661,0.26506796389270154,-17.871365085106618,0.03556727716209357,-0.6088419621499304
Jawaharlal_Nehru_Stadium,2025,12,209.41,0.2878896602918167,3,226.75214737021466,0.2872676720002067,-17.34214737021466,0.0006219882916099762,-0.010778418576615602
Major_Dhyan_Chand_National_Stadium,2022,1,166.5,0.4326198726985903,2,150.17896638951132,0.477145331166739,16.321033610488684,-0.044525458468148704,-0.6847110657451047
Major_Dhyan_Chand_National_Stadium,2022,2,110.91,0.4045711570221182,2,90.060151037323,0.4352059262438316,20.849848962677,-0.030634769221713376,-0.6188527621562041
Major_Dhyan_Chand_National_Stadium,2022,3,94.22,0.3529193610196108,2,79.17425272008438,0.4185020616143988,15.045747279915616,-0.06558270059478799,-0.8956420343996031
Major_Dhyan_Chand_National_Stadium,2022,4,100.88,0.377321760620776,2,93.46523171326697,0.4198955702694346,7.414768286733022,-0.04257380964865859,-0.27728488719396555
Major_Dhyan_Chand_National_Stadium,2022,5,79.28,0.3779339382787301,2,68.99468485577778,0.4325268370791291,10.285315144222224,-0.05459289880039897,-0.49837951053529594
Major_Dhyan_Chand_National_Stadium,2022,7,36.98,0.4023134681806338,2,33.51463386837929,0.45382392771636404,3.465366131620705,-0.051510459535730246,-0.12230413631529408
Major_Dhyan_Chand_National_Stadium,2022,8,33.38,0.4504228251605155,2,31.276882810036913,0.5110835055695291,2.10311718996309,-0.06066068040901357,-0.04963871587690493
Major_Dhyan_Chand_National_Stadium,2022,12,185.15,0.3317063888642644,2,165.88613177903358,0.42033978938006505,19.26386822096643,-0.08863340051580065,-1.5410316834849471
Major_Dhyan_Chand_National_Stadium,2023,1,184.87,0.2944579147327051,2,181.08419421934434,0.33581677237530294,3.7858057806556644,-0.041358857642597835,-0.12034640673458982
Major_Dhyan_Chand_National_Stadium,2023,2,112.7,0.3740049797346289,2,96.52003466686743,0.4107297379771011,16.17996533313257,-0.03672475824247223,-0.5656391791735267
Major_Dhyan_Chand_National_Stadium,2023,5,58.39,0.400665511400267,2,57.79210964044466,0.44074780786273804,0.5978903595553433,-0.04008229646247102,0.0100633675983238
Major_Dhyan_Chand_National_Stadium,2023,6,41.03,0.4205421784580893,2,40.64316660782111,0.4476916096516622,0.3868333921788931,-0.027149431193572937,0.005109568947163351
Major_Dhyan_Chand_National_Stadium,2023,7,36.17,0.3366594488553112,2,31.926298448681035,0.4019406308157826,4.243701551318967,-0.06528118196047139,-0.18677088150553622
Major_Dhyan_Chand_National_Stadium,2023,8,40.66,0.4359503563582507,2,35.07836481331566,0.5293073813225866,5.581635186684338,-0.0933570249643359,-0.3364865898827333
Major_Dhyan_Chand_National_Stadium,2023,9,40.68,0.434132157762691,2,37.39751691067816,0.5315830834815194,3.282483089321836,-0.09745092571882841,-0.11873772669472793
Major_Dhyan_Chand_National_Stadium,2023,10,98.75,0.4068023354035256,2,89.53242442633608,0.5076485521412077,9.217575573663922,-0.10084621673768213,-0.714154087361837
Major_Dhyan_Chand_National_Stadium,2023,11,241.09,0.3200281828206165,2,217.94984283651152,0.3675822239742579,23.14015716348848,-0.04755404115364137,-1.0525109689169556
Major_Dhyan_Chand_National_Stadium,2023,12,199.52,0.3783704198222443,2,183.4114352436967,0.447134998954068,16.10856475630331,-0.06876457913182371,-1.0075458545886185
Major_Dhyan_Chand_National_Stadium,2024,1,217.34,0.2212819756639509,2,183.1303893570321,0.3161766143380859,34.2096106429679,-0.09489463867413503,-3.0555795399047803
Major_Dhyan_Chand_National_Stadium,2024,2,110.59,0.3654423325684195,2,88.460179649383,0.36428302353662545,22.12982035061701,0.0011593090317940646,0.02568376697169878
Major_Dhyan_Chand_National_Stadium,2024,3,71.36,0.4089007314638244,2,71.75971606078329,0.41839136079360767,-0.399716060783291,-0.009490629329783284,0.005701316504714531
Major_Dhyan_Chand_National_Stadium,2024,4,59.8,0.3632540863259453,2,54.68705125625845,0.3730514875378932,5.112948743741548,-0.009797401211947887,-0.04806052587667322
Major_Dhyan_Chand_National_Stadium,2024,5,85.22,0.3470440856265408,2,69.68666122586201,0.3349314296408969,15.533338774137988,0.012112655985643928,0.19125749773630193
Major_Dhyan_Chand_National_Stadium,2024,6,64.24,0.3624123073974619,2,50.55536525737831,0.33237504855395344,13.684634742621682,0.03003725884350844,0.4301586306495218
Major_Dhyan_Chand_National_Stadium,2024,7,39.61,0.2329574023988332,2,37.83078534516201,0.3604962834237525,1.7792146548379861,-0.1275388810249193,0.11760442481477182
Major_Dhyan_Chand_National_Stadium,2024,8,28.16,0.4231886481559034,2,26.90019101167552,0.5216635730015168,1.2598089883244796,-0.09847492484561338,0.08133306737636753
Major_Dhyan_Chand_National_Stadium,2024,10,110.9,0.4575153738298893,2,94.84265872028027,0.5249127370325887,16.057341279719736,-0.06739736320269935,-0.9860126380953769
Major_Dhyan_Chand_National_Stadium,2024,11,253.91,0.3032987864133039,2,222.7178014632666,0.35398724183270125,31.1921985367334,-0.05068845541939737,-1.5266652186661673
Major_Dhyan_Chand_National_Stadium,2024,12,177.43,0.3806998303746746,2,161.75417516591563,0.4258249602610304,15.67582483408438,-0.04512512988635581,-0.6642445174453777
Major_Dhyan_Chand_National_Stadium,2025,1,179.75,0.4109853082403089,2,155.54492612638413,0.4805397818282148,24.205073873615873,-0.0695544735879059,-1.5811042365056651
Major_Dhyan_Chand_National_Stadium,2025,3,67.4,0.4082517589763042,2,60.39479874669982,0.45037261629221487,7.005201253300186,-0.04212085731591064,-0.2574875712071672
Major_Dhyan_Chand_National_Stadium,2025,4,69.85,0.3767912410258777,2,63.33074229433173,0.38925606309363153,6.519257705668267,-0.012464822067753845,-0.0779705548266315
Major_Dhyan_Chand_National_Stadium,2025,5,66.61,0.4140016374094047,2,54.7180719415487,0.4253639628607327,11.891928058451299,-0.011362325451327981,-0.13238551898355724
Major_Dhyan_Chand_National_Stadium,2025,7,24.53,0.3501906229359721,2,30.20273309781993,0.3858226863253662,-5.672733097819929,-0.03563206338939412,0.22902271791385756
Major_Dhyan_Chand_National_Stadium,2025,9,33.98,0.4568906983851116,2,33.98787219514661,0.5275429822952377,-0.00787219514661075,-0.07065228391012607,0.1062832155630992
Major_Dhyan_Chand_National_Stadium,2025,10,102.38,0.435652036042471,2,90.7958056390944,0.5205170584669445,11.584194360905599,-0.08486502242447352,-0.8305503403697092
Major_Dhyan_Chand_National_Stadium,2025,11,179.83,0.3901302066262109,2,189.74588062404533,0.4658722739252109,-9.915880624045315,-0.07574206729900002,0.8725581497448611
Major_Dhyan_Chand_National_Stadium,2025,12,185.81,0.4121287587523878,2,198.66186923771386,0.47612220345889994,-12.851869237713856,-0.06399344470651214,0.9091724212311171
Mandir_Marg,2022,1,144.43,0.5142674245367215,1,138.5600087627451,0.3888910294299735,5.869991237254908,0.12537639510674797,1.0688977206718728
Mandir_Marg,2022,2,93.91,0.4549876897428745,1,107.74456460086459,0.3619204351195894,-13.834564600864596,0.09306725462328513,-1.1040908493014483
Mandir_Marg,2022,4,102.16,0.4272350830829147,1,103.6029145797011,0.3450940121684344,-1.4429145797011103,0.08214107091448031,0.024384723750035968
Mandir_Marg,2022,6,71.06,0.451415625534192,1,61.47963903849994,0.3469064265423119,9.580360961500062,0.1045091989918801,1.2325715441435536
Mandir_Marg,2022,8,21.8,0.5760818442188343,1,33.58122410387785,0.4251204046174534,-11.78122410387785,0.15096143960138098,-1.2958234794144705
Mandir_Marg,2022,9,28.22,0.4413814761780666,1,40.288737447265824,0.3575102794748954,-12.068737447265825,0.08387119670317122,-0.8632287084329698
Mandir_Marg,2022,10,53.96,0.540947932801777,1,107.34834371599358,0.4118777081990445,-53.38834371599358,0.1290702246027325,-6.537999073890436
Mandir_Marg,2022,12,166.09,0.4134845800430872,1,157.902850503664,0.3014177456734019,8.18714949633599,0.11206683436968529,1.1835117125274408
Mandir_Marg,2023,1,173.26,0.2982308602507003,1,172.3143867148969,0.2165780806301586,0.945613285103093,0.08165277962054168,0.21842523831129532
Mandir_Marg,2023,2,102.68,0.4033212014213541,1,118.69722432835864,0.32974008386696296,-16.017224328358637,0.07358111755439112,-1.0638908946960697
Mandir_Marg,2023,3,67.28,0.4146861771161996,1,74.53941962887944,0.33012641731111153,-7.259419628879442,0.08455975980508806,-0.46240763514741073
Mandir_Marg,2023,4,56.84,0.4382942310566695,1,66.73453568018684,0.34780521445875623,-9.894535680186834,0.09048901659791325,-0.7219163552676985
Mandir_Marg,2023,5,58.99,0.4156020618152627,1,64.98070935118957,0.35848343921282716,-5.990709351189572,0.057118622602435554,-0.2730793141121563
Mandir_Marg,2023,6,36.91,0.4649289591813671,1,45.041045186336454,0.36239218868657963,-8.131045186336458,0.10253677049478749,-0.6110451323672866
Mandir_Marg,2023,7,30.0,0.4630940867220475,1,35.15133234683729,0.28540533423493225,-5.151332346837293,0.17768875248711524,-0.24659969275795077
Mandir_Marg,2023,9,35.9,0.5920842638992937,1,39.93036856620773,0.42783444868914644,-4.030368566207734,0.16424981521014725,-0.09058314446643069
Mandir_Marg,2023,10,93.09,0.489425937730142,1,103.66082500867691,0.4064283357889212,-10.570825008676906,0.0829976019412208,-0.7314499662111069
Mandir_Marg,2023,11,232.47,0.3454613923435493,1,237.8211892015911,0.25902283803145276,-5.351189201591097,0.08643855431209652,-0.3042972802412501
Mandir_Marg,2023,12,191.94,0.4284823246157089,1,187.1302961762523,0.33165714229511145,4.809703823747697,0.09682518232059745,0.6642689043914772
Mandir_Marg,2024,2,101.11,0.3449156063261345,1,105.83608629427194,0.3057220494150486,-4.726086294271937,0.03919355691108589,-0.15269622151633722
Mandir_Marg,2024,4,48.93,0.3344897579792599,1,65.50394478467528,0.3119221734765322,-16.573944784675284,0.022567584502727667,-0.363246822841086
Mandir_Marg,2024,5,62.22,0.3255932645431661,1,87.93322227079952,0.29537616735751865,-25.71322227079952,0.030217097185647468,-0.7576397101605332
Mandir_Marg,2024,6,42.92,0.3305452422601884,1,64.52490203597681,0.286242239693651,-21.604902035976806,0.04430300256653741,-0.9155901248873246
Mandir_Marg,2024,7,32.68,0.4220920049545533,1,40.29549869012385,0.23608610086303797,-7.61549869012385,0.18600590409151532,-0.6837250061283145
Mandir_Marg,2024,8,26.01,0.5247341277619497,1,29.235105241023756,0.42707013323086396,-3.225105241023755,0.09766399453108576,-0.11295284197477032
Mandir_Marg,2024,9,41.79,0.4810380145093441,1,40.23409702355796,0.39941353393256895,1.5559029764420416,0.08162448057677513,0.26811519158855096
Mandir_Marg,2024,10,109.7,0.5601767319377194,1,108.70619744777927,0.4255573534823004,0.9938025522207283,0.13461937845541905,0.517623792220028
Mandir_Marg,2024,11,243.91,0.3773319017996469,1,241.08489426237534,0.2549536033727285,2.8251057376246536,0.12237829842691839,0.662938390170908
Mandir_Marg,2024,12,163.81,0.4049881893558661,1,158.6826436577234,0.31761484856729943,5.127356342276613,0.08737334078856668,0.609687354928919
Mandir_Marg,2025,1,169.97,0.4624354340793006,1,143.83382143349408,0.37414649215072404,26.13617856650592,0.08828894192857656,2.4726352325152923
Mandir_Marg,2025,2,92.62,0.4296675024672329,1,100.4652426609885,0.31551589943351244,-7.8452426609884895,0.11415160303372046,-0.6195542982863198
Mandir_Marg,2025,3,61.93,0.4680544492111038,1,69.84749481241451,0.3714997507608142,-7.91749481241451,0.09655469845028958,-0.5670107328843306
Mandir_Marg,2025,5,55.31,0.4497790281022885,1,66.76684338518677,0.34405199367268013,-11.456843385186772,0.10572703442960835,-0.9745395036633502
Mandir_Marg,2025,6,47.36,0.4622825065342646,1,48.455123816667445,0.3330443319011129,-1.0951238166674457,0.12923817463315174,0.212233503726615
Mandir_Marg,2025,7,31.42,0.4466142777139578,1,33.08849428121,0.2781583491292533,-1.6684942812099948,0.16845592858470448,0.31997616792500266
Mandir_Marg,2025,9,36.66,0.5772522571760225,1,37.451816158361396,0.43006332155798843,-0.7918161583613994,0.14718893561803403,0.3423173719229414
Mandir_Marg,2025,10,101.5,0.547345892094054,1,106.69234532019931,0.42123093409669554,-5.192345320199308,0.1261149579973585,-0.31795894321113133
Mandir_Marg,2025,11,181.95,0.4749459496618849,1,197.67875976052557,0.3432774268251539,-15.728759760525577,0.13166852283673103,-1.7037869067168674
Mundka,2022,1,178.37,0.2505861600128871,4,129.09503423744886,0.29868042562948466,49.27496576255115,-0.048094265616597576,-2.3208518516706067
Mundka,2022,4,150.6,0.2328430250954262,4,109.37867692034811,0.2659712681128733,41.22132307965188,-0.0331282430174471,-1.3423449621605805
Mundka,2022,5,83.21,0.2393354207403149,4,70.82047072970221,0.27883578857732577,12.389529270297786,-0.03950036783701086,-0.4563436706449883
Mundka,2022,7,34.72,0.2287935437882712,4,33.35897504262279,0.2742659511461251,1.3610249573772109,-0.04547240735785393,-0.01809357987016922
Mundka,2022,8,33.37,0.2542005057913987,4,32.00448775884537,0.3559727160272579,1.3655122411546259,-0.1017722102358592,0.08040627034905178
Mundka,2022,9,42.03,0.2253700227689402,4,40.81771397296213,0.30029973725576714,1.2122860270378695,-0.07492971448682695,0.02808015730633818
Mundka,2022,11,210.86,0.1963307021630101,4,141.18969379449578,0.2279988073612836,69.67030620550423,-0.03166810519827351,-2.185085448761188
Mundka,2022,12,206.48,0.2223009299020737,4,145.24768425289668,0.25790344953087996,61.232315747103314,-0.035602519628806256,-2.153177765611352
Mundka,2023,1,195.55,0.141963094549544,4,134.94048255332362,0.1976217035270308,60.60951744667639,-0.055658608977486784,-3.3078271612199597
Mundka,2023,2,132.48,0.221388188877235,4,109.18780704831455,0.2825611403072656,23.292192951685436,-0.0611729514300306,-1.3455924782410698
Mundka,2023,3,93.5,0.2425829389276043,4,73.2163171515997,0.2682399798924211,20.283682848400304,-0.025657040964816802,-0.5064765862024949
Mundka,2023,4,92.13,0.2519801977913284,4,65.76934200848758,0.2825612007468945,26.36065799151241,-0.030581002955566094,-0.7863275227099521
Mundka,2023,5,79.59,0.2568507556056168,4,60.921933933797064,0.2856402795756548,18.66806606620294,-0.028789523970037978,-0.5198896650155133
Mundka,2023,6,52.29,0.259958130080587,4,41.91299889456456,0.2954912039389216,10.37700110543544,-0.035533073858334596,-0.3419844214591608
Mundka,2023,7,37.99,0.2024908922905328,4,32.213258325410465,0.26453298994670926,5.7767416745895375,-0.062042097656176465,-0.27687321491101735
Mundka,2023,8,37.0,0.2807577400186402,4,36.48763855939789,0.3566641605037821,0.5123614406021133,-0.0759064204851419,0.08314522700100693
Mundka,2023,9,45.02,0.2961840756655625,4,42.74155834062694,0.3591955347868347,2.2784416593730654,-0.0630114591212722,-0.05947244797739933
Mundka,2023,10,136.62,0.2674492091021108,4,100.79725998016364,0.3382175144405221,35.82274001983636,-0.07076830533841133,-2.4290400530601786
Mundka,2023,12,251.24,0.2519838818677347,4,156.46585705690612,0.24981765658310562,94.77414294309389,0.002166225284629064,0.20540153435131275
Mundka,2024,1,239.49,0.1405423098271108,4,165.92368675406703,0.17309159060531534,73.56631324593297,-0.03254928077820454,-2.3720909189256547
Mundka,2024,2,128.48,0.2191973592494898,4,101.08758712767373,0.2559957378090853,27.39241287232626,-0.0367983785595955,-0.9793155974259
Mundka,2024,3,106.52,0.2362190864479803,4,75.54970553278308,0.28108261235109916,30.970294467216917,-0.04486352590311887,-1.3468061092328951
Mundka,2024,4,88.48,0.199942790196015,4,63.82012154330321,0.2445847777765503,24.659878456696795,-0.04464198758053531,-1.0586554725082615
Mundka,2024,5,112.44,0.2024252869268814,4,84.84455066478111,0.23396378707913218,27.595449335218888,-0.03153850015225079,-0.8492514531032617
Mundka,2024,6,62.48,0.2084492000929953,4,54.60037187554722,0.23668292718714715,7.879628124452779,-0.02823372709415184,-0.2055874764700011
Mundka,2024,7,38.41,0.2180093670970549,4,36.63006317046218,0.22667145885543122,1.7799368295378173,-0.008662091758376317,-0.013828773899166457
Mundka,2024,8,26.17,0.3011828601343153,4,25.80632358825234,0.3362078375146343,0.36367641174766163,-0.03502497738031901,0.013245244474278208
Mundka,2024,9,45.61,0.2653437771306173,4,39.23366841338192,0.3370379278664299,6.376331586618079,-0.07169415073581259,-0.34827747388644514
Mundka,2024,10,124.89,0.2976277351739296,4,109.0330215970486,0.34769761868806287,15.856978402951398,-0.05006988351413327,-0.7408580090509232
Mundka,2024,11,293.5,0.1633092010317059,4,218.35320057524336,0.204298892103725,75.14679942475664,-0.04098969107201911,-3.0446577882261843
Mundka,2025,1,199.35,0.2609162301904646,4,131.3672485360723,0.2867919595649112,67.98275146392768,-0.0258757293744466,-1.7449218887052336
Mundka,2025,3,98.54,0.2581006165653626,4,69.84207206075799,0.30480589755917037,28.69792793924202,-0.046705280993807774,-1.294142276411162
Mundka,2025,5,75.26,0.236778662915604,4,60.691598617376876,0.29601738243480524,14.56840138262313,-0.05923871951920123,-0.7886867291514666
Mundka,2025,6,48.05,0.2441556067407979,4,41.6774148308718,0.29255243192063096,6.3725851691282,-0.04839682517983307,-0.25880310419220715
Mundka,2025,7,25.91,0.2165684179653856,4,28.36864957249151,0.222277765085863,-2.4586495724915096,-0.005709347120477409,0.01472769295527397
Mundka,2025,8,30.0,0.1904513755223176,4,26.707383066347557,0.2891984532703792,3.292616933652443,-0.09874707774806157,-0.11860679071978893
Mundka,2025,10,116.64,0.2874891211937044,4,104.17281495636472,0.33944003267165623,12.467185043635283,-0.05195091147795183,-0.590517976432803
Mundka,2025,11,263.67,0.2316752112739963,4,187.15314671356793,0.2638219877054376,76.51685328643208,-0.03214677643144129,-2.437882055431637
Najafgarh,2022,3,79.09,0.3796809829431062,3,73.38016187422927,0.4340037936881638,5.70983812577073,-0.05432281074505757,-0.2476718571134645
Najafgarh,2022,4,82.35,0.2803779990502756,3,94.69128922150794,0.34161524932635734,-12.34128922150795,-0.061237250276081734,0.8351730338953709
Najafgarh,2022,5,66.04,0.2775007774520029,3,70.4668919416494,0.31427864556029955,-4.426891941649387,-0.03677786810829664,0.1914604661498174
Najafgarh,2022,6,49.73,0.3068567629393312,3,50.19615659404311,0.3252022797616242,-0.46615659404311316,-0.018345516822293018,0.015680307435012773
Najafgarh,2022,7,28.51,0.3748610423770162,3,31.05023170334374,0.43975883530218823,-2.540231703343739,-0.06489779292517206,0.25406130741064953
Najafgarh,2022,8,24.99,0.523358896442676,3,30.982992016975487,0.5376969626558497,-5.992992016975489,-0.014338066213173684,0.09028218051160346
Najafgarh,2022,9,28.72,0.4333057603790192,3,32.49444298132275,0.5078571903505621,-3.77444298132275,-0.0745514299715429,0.39910885088582004
Najafgarh,2022,10,80.27,0.3948712523847797,3,92.42806745693252,0.5184512797907439,-12.158067456932528,-0.12358002740596419,1.825961460729115
Najafgarh,2022,11,154.59,0.3997156488663868,3,188.94903304911688,0.42075581815946694,-34.359033049116874,-0.02104016929308017,0.7322961845081457
Najafgarh,2023,1,130.31,0.564442310412248,3,163.59996363021625,0.31075778179007996,-33.28996363021625,0.25368452862216806,-7.082068017635612
Najafgarh,2023,2,85.65,0.611611560559195,3,97.84228052459885,0.417982455955033,-12.192280524598843,0.19362910460416194,-1.566680932274621
Najafgarh,2023,3,63.62,0.4855205124638275,3,71.69605308454331,0.4145729094042117,-8.076053084543311,0.07094760305961578,-0.466363878515023
Najafgarh,2023,4,57.16,0.3312440887650409,3,65.66075659973988,0.3556357121455322,-8.500756599739887,-0.02439162338049128,0.21994854384568735
Najafgarh,2023,5,56.21,0.3160534322466714,3,61.638881523573765,0.3859738130586192,-5.428881523573764,-0.06992038081194785,0.4831373357573339
Najafgarh,2023,6,35.55,0.3746320835296329,3,39.3729210907685,0.42386018887072674,-3.822921090768503,-0.04922810534109384,0.2395238133278053
Najafgarh,2023,7,25.18,0.4145078445999935,3,30.865290982496198,0.42650591889215245,-5.685290982496198,-0.011998074292158933,0.07126153851492978
Najafgarh,2023,8,23.7,0.4616868314522582,3,34.71437559283624,0.5397635974751114,-11.014375592836242,-0.07807676602285318,0.9890819873085086
Najafgarh,2023,9,32.07,0.4783180354659815,3,36.90691233230494,0.5239175020761409,-4.836912332304941,-0.045599466610159345,0.26460121301106443
Najafgarh,2023,10,86.64,0.3899805199549346,3,87.02361818130791,0.5443107075645501,-0.38361818130790937,-0.15433018760961553,0.5636739042248883
Najafgarh,2023,11,230.95,0.3603702549209916,3,227.38518839460312,0.37559109456381307,3.5648116053968693,-0.015220839642821449,-0.04935248486805645
Najafgarh,2024,1,160.88,0.4913877750886467,3,182.3821727030033,0.28771778581923246,-21.50217270300331,0.20366998926941426,-3.5007543817451436
Najafgarh,2024,2,79.45,0.5683947561217562,3,93.5619391425052,0.33145739193362567,-14.111939142505193,0.2369373641881305,-2.154594027516932
Najafgarh,2024,3,73.46,0.5291440582467208,3,73.16324104340315,0.37541045738270745,0.2967589565968467,0.1537336008640134,0.5461991888676675
Najafgarh,2024,4,62.67,0.2502966998979815,3,67.208788080374,0.29998929042914585,-4.538788080374005,-0.04969259053116437,0.2778459675549901
Najafgarh,2024,7,31.44,0.3038925696093761,3,33.966667221455026,0.38462248818319655,-2.5266672214550248,-0.08072991857382045,0.3420169040494128
Najafgarh,2024,8,16.35,0.5470559599316355,3,24.67686634216232,0.5413734954925041,-8.326866342162319,0.005682464439131341,-0.04663319910961899
Najafgarh,2024,9,28.59,0.5063231917242693,3,42.003442066218895,0.5356768120482375,-13.413442066218895,-0.029353620323968155,0.4119828371133829
Najafgarh,2024,10,92.18,0.4275558147131871,3,99.22567118108056,0.5260777520709364,-7.04567118108055,-0.09852193735774933,0.8997419957260164
Najafgarh,2024,11,231.21,0.2879704036573293,3,225.44119118754068,0.37560132118325895,5.768808812459326,-0.08763091752592966,-0.3428781591432618
Najafgarh,2024,12,148.89,0.470386667405781,3,163.63211654184983,0.4039942795219693,-14.742116541849839,0.06639238788381169,-0.8854023109821924
Najafgarh,2025,1,125.44,0.6659144840170831,3,152.60006719733897,0.42371491214089424,-27.160067197338975,0.24219957187618885,-5.335702553041722
Najafgarh,2025,2,80.14,0.6285549390763789,3,93.6460810904135,0.31886120671715246,-13.506081090413502,0.3096937323592265,-2.1513346608121036
Najafgarh,2025,4,67.51,0.2690746387486708,3,71.94641437798047,0.30934064808776346,-4.436414377980469,-0.040266009339092634,0.2129775328970752
Najafgarh,2025,6,48.78,0.3835532694362284,3,43.405603629734195,0.40792139736076594,5.374396370265806,-0.02436812792453752,-0.11838695277805275
Najafgarh,2025,8,23.0,0.4490451419633228,3,26.33954686733787,0.50908443742299,-3.3395468673378694,-0.06003929545966724,0.27685329259807084
Najafgarh,2025,9,24.65,0.4453965427671,3,31.801795785001172,0.5184327477304862,-7.151795785001173,-0.0730362049633862,0.6353222175131596
Najafgarh,2025,11,181.06,0.4086866437349407,3,209.9675954709974,0.41935929475106454,-28.907595470997393,-0.010672651016123857,0.3109332387534817
Najafgarh,2025,12,157.28,0.5871700898178523,3,191.4575200589561,0.4389151967808301,-34.177520058956105,0.14825489303702227,-4.601450284724657
Narela,2022,2,125.77,0.3120446629427018,2,118.57032112009722,0.4157007145409377,7.199678879902777,-0.10365605159823593,-0.5187161334266609
Narela,2022,3,116.06,0.3290413581007584,2,122.71989600090265,0.4105760470442904,-6.659896000902648,-0.081534688943532,0.6838176687165509
Narela,2022,4,139.61,0.2765528023608661,2,140.22170493333533,0.3567972887335193,-0.611704933335318,-0.08024448637265319,0.18547013307528992
Narela,2022,5,86.39,0.2813852515332213,2,89.98170723178232,0.40173798238866376,-3.5917072317823227,-0.12035273085544246,0.7390648169943957
Narela,2022,6,67.45,0.31331113540528,2,72.5381123213687,0.4040013252971622,-5.088112321368698,-0.09069018989188221,0.6356443118344606
Narela,2022,10,112.79,0.3992308158835779,2,117.85566801377179,0.45463172626001774,-5.065668013771784,-0.05540091037643985,0.3456507104869022
Narela,2022,11,217.4,0.2697578154048978,2,209.49904637958633,0.3719357782868779,7.900953620413674,-0.10217796288198011,-0.5861731302663489
Narela,2023,1,180.98,0.2037492248044351,2,182.7854615136648,0.3412546359999153,-1.8054615136648238,-0.13750541119548018,0.6487336783957918
Narela,2023,2,133.96,0.2713850743786528,2,124.02399402593464,0.3880682038388044,9.936005974065367,-0.11668312946015164,-0.8709944913220452
Narela,2023,3,94.56,0.273586235254631,2,93.49019137274145,0.4003190202939849,1.0698086272585527,-0.12673278503935392,0.20460235881809613
Narela,2023,4,82.14,0.303994072462715,2,90.34904361183953,0.37777046756009125,-8.209043611839533,-0.07377639509737627,0.720917494606861
Narela,2023,5,78.32,0.3307793609035867,2,79.67653508819552,0.40765802542955665,-1.3565350881955283,-0.07687866452596992,0.2294715815068882
Narela,2023,7,32.32,0.3842711805807033,2,35.55934632302373,0.36758603341051205,-3.2393463230237316,0.01668514717019126,-0.048152478420081635
Narela,2023,8,32.23,0.429590508282122,2,40.21524171103816,0.4810940066599265,-7.985241711038164,-0.051503498377804546,0.46745116072483606
Narela,2023,9,41.33,0.3987983801126439,2,48.733641190295444,0.4745100686406778,-7.4036411902954455,-0.0757116885280339,0.6819535775108192
Narela,2023,10,115.26,0.3762704197455362,2,130.5032858767615,0.4556977380361987,-15.243285876761504,-0.07942731829066246,1.3443539163991851
Narela,2023,12,207.15,0.2955264200757329,2,221.05502600345986,0.41494804834697785,-13.905026003459852,-0.11942162827124497,1.9626252755240348
Narela,2024,1,199.61,0.1421102089340482,2,217.36910482443488,0.300696716439944,-17.75910482443487,-0.1585865075058958,3.3490340279029023
Narela,2024,2,108.9,0.2742394693249761,2,118.70114878599344,0.35968022569837654,-9.801148785993433,-0.08544075637340043,0.9920368923765491
Narela,2024,4,78.58,0.2189945825881765,2,94.46510682498251,0.3110563173975153,-15.885106824982515,-0.09206173480933882,1.6419218441037886
Narela,2024,5,101.37,0.2103643800980259,2,90.85291451637123,0.27170678455597963,10.517085483628776,-0.06134240445795372,-0.5654438843492082
Narela,2024,6,57.24,0.2009489151640272,2,64.79485382491303,0.2739417227126492,-7.554853824913032,-0.07299280754862203,0.6642979600131622
Narela,2024,7,37.0,0.31193981104741,2,43.48934399541976,0.3392515522362633,-6.489343995419759,-0.027311741188853322,0.19303438507123188
Narela,2024,8,24.24,0.469133803139066,2,31.084169694616822,0.4906103426270472,-6.844169694616824,-0.021476539487981228,0.15675835310096078
Narela,2024,9,40.62,0.4391927368407281,2,48.36211284610416,0.44919774081875324,-7.742112846104163,-0.010005003978025118,0.07958002740202624
Narela,2024,10,116.01,0.4056282368846726,2,130.56530240863756,0.4649151482287799,-14.555302408637559,-0.059286911344107296,0.9373866192658817
Narela,2024,11,271.1,0.2655975666484974,2,278.1631455763219,0.3012301121720022,-7.063145576321858,-0.03563254552350481,0.2785701166071922
Narela,2024,12,167.2,0.2708065136449883,2,192.19881039175775,0.38534414080347323,-24.998810391757758,-0.11453762715848492,3.1411669457410376
Narela,2025,1,171.09,0.2844511275172274,2,181.32403055870736,0.4284317487054784,-10.23403055870736,-0.143980621188251,1.9125800951658556
Narela,2025,2,107.89,0.3028381975442118,2,113.32136471130211,0.3818231744380885,-5.431364711302109,-0.07898497689387668,0.5611326556883813
Narela,2025,3,87.08,0.3145716322806567,2,82.79662400712412,0.4171457227578718,4.283375992875875,-0.10257409047721511,-0.21651528473681994
Narela,2025,5,78.09,0.2790618243868942,2,74.84380670576141,0.3811219509105967,3.2461932942385943,-0.1020601265237025,-0.1106864239482002
Narela,2025,6,57.03,0.3041749218726033,2,57.043123812822856,0.387429902111948,-0.013123812822854575,-0.08325498023934469,0.14790208690322582
Narela,2025,8,30.74,0.3963718168887632,2,33.205424413899415,0.48706612727163956,-2.4654244138994166,-0.09069431038287634,0.3978182363049646
Narela,2025,9,38.21,0.4322621412593928,2,45.716846861510824,0.47546481308189603,-7.506846861510823,-0.04320267182250326,0.36384839070988173
Narela,2025,10,113.75,0.365924080893528,2,128.39047126093038,0.459247014547714,-14.640471260930383,-0.09332293365418598,1.550755198355415
Narela,2025,11,262.94,0.3360313566316872,2,252.00771263546892,0.400497876070884,10.932287364531078,-0.06446651943919679,-0.6167423221885011
Narela,2025,12,232.39,0.3346203830781429,2,268.0197913307535,0.4189839057944633,-35.629791330753505,-0.08436352271632042,3.156599746832374
Nehru_Nagar,2022,2,146.2,0.3197240849073979,1,105.01113585593838,0.2987290848322018,41.18886414406161,0.020995000075196113,0.8740963031258717
Nehru_Nagar,2022,3,110.39,0.3090893279968849,1,95.14718235052398,0.2866505805266506,15.242817649476024,0.022438747470234277,0.3526939985835612
Nehru_Nagar,2022,4,107.04,0.3346239385582829,1,94.43440303245968,0.3013453458983572,12.605596967540322,0.033278592659925665,0.4429530430554462
Nehru_Nagar,2022,6,53.68,0.3236540507294452,1,51.38936516783268,0.3117965407596843,2.2906348321673207,0.011857509969760871,0.03013919733357739
Nehru_Nagar,2022,7,38.48,0.3339211069610394,1,32.63125810108658,0.29823855848935094,5.848741898913417,0.03568254847168845,0.23566580509479002
Nehru_Nagar,2022,9,42.07,0.30097831934101,1,38.96277612997854,0.28595792316667606,3.107223870021457,0.015020396174333928,0.051450286281430016
Nehru_Nagar,2022,11,218.75,0.2876927421931217,1,186.0695537649787,0.270017122143357,32.68044623502129,0.017675620049764695,0.5842644827075288
Nehru_Nagar,2022,12,237.58,0.2831154950309267,1,182.61663822815987,0.2764458242236673,54.96336177184014,0.006669670807259387,0.36752972797638767
Nehru_Nagar,2023,2,135.41,0.3034880966197872,1,114.11637912939545,0.2876594842766988,21.293620870604542,0.01582861234308841,0.342355106096229
Nehru_Nagar,2023,4,71.46,0.327612140008607,1,61.63711893205263,0.3083771304773516,9.822881067947364,0.019235009531255398,0.19677964389734728
Nehru_Nagar,2023,5,65.1,0.3507029151673478,1,57.86997640517607,0.3163635592535106,7.230023594823926,0.03433935591383719,0.2732500667305174
Nehru_Nagar,2023,6,41.83,0.35586158049747,1,38.84609988795363,0.3112491520527403,2.9839001120463706,0.044612428444729735,0.1752736657007326
Nehru_Nagar,2023,7,35.56,0.2957379110923296,1,30.244407231880817,0.25901513212623706,5.315592768119185,0.03672277896609255,0.22376639530086617
Nehru_Nagar,2023,8,32.81,0.3970180256703651,1,33.18506083919082,0.37215167198679033,-0.3750608391908159,0.02486635368357476,0.0037701821715383412
Nehru_Nagar,2023,9,45.6,0.4030907494082335,1,45.03235855571642,0.374208298011516,0.5676414442835807,0.028882451396717468,0.03406345904636446
Nehru_Nagar,2023,10,122.7,0.3795492212200097,1,96.85600979595614,0.36518481530803165,25.843990204043862,0.014364405911978073,0.3756038425019357
Nehru_Nagar,2023,12,265.73,0.315357715506381,1,204.450950854561,0.2837145153484881,61.27904914543902,0.03164320015789285,1.960272958354931
Nehru_Nagar,2024,1,271.67,0.1616869992086223,1,232.4778151521697,0.15997550195294633,39.192184847830305,0.0017114972556759867,0.06713935884445264
Nehru_Nagar,2024,3,80.52,0.3168002375397507,1,70.64324947914473,0.3005125715332208,9.876750520855268,0.016287666006529866,0.16648811392822174
Nehru_Nagar,2024,4,60.19,0.2990320837101946,1,57.969761008053055,0.2911698208583517,2.2202389919469425,0.007862262851842883,0.018765371073573484
Nehru_Nagar,2024,5,87.83,0.2968875990973619,1,68.99308698517397,0.28328317258642427,18.836913014826024,0.013604426510937628,0.26018547119581487
Nehru_Nagar,2024,6,51.4,0.298262591549054,1,50.49087379648334,0.275441263011033,0.9091262035166565,0.02282132853802099,0.03177848227732342
Nehru_Nagar,2024,7,40.75,0.2141244469005399,1,32.39901893918136,0.22128148671449566,8.35098106081864,-0.007157039813955768,-0.05868337704220624
Nehru_Nagar,2024,8,26.8,0.3277546920325112,1,22.640653352647345,0.3429416880950977,4.159346647352656,-0.0151869960625865,-0.05828283715622257
Nehru_Nagar,2024,9,43.64,0.3307897242208875,1,37.40139219764043,0.3292841275368031,6.238607802359567,0.0015055966840843982,0.009440839343366276
Nehru_Nagar,2024,10,125.74,0.3938067876284767,1,96.7974557641525,0.37280196253669856,28.942544235847492,0.021004825091778145,0.617277916768477
Nehru_Nagar,2024,12,232.41,0.306667941718492,1,177.77941792158006,0.2775437357274699,54.630582078419934,0.029124205991022112,1.6090379288188035
Nehru_Nagar,2025,1,203.63,0.3488151278851823,1,178.76670228201792,0.3456146404063774,24.86329771798208,0.0032004874788049142,0.07979162613527022
Nehru_Nagar,2025,2,116.74,0.1981413627001943,1,95.84020757104204,0.2375251407006507,20.89979242895795,-0.03938377800045639,-0.7902602902105936
Nehru_Nagar,2025,3,72.68,0.3317688027009317,1,66.41441475243724,0.31611429149646225,6.265585247562768,0.015654511204469423,0.10327521554397867
Nehru_Nagar,2025,4,75.5,0.301247412336699,1,66.9261060243177,0.2942085385509337,8.573893975682296,0.007038873785765287,0.061399954902186575
Nehru_Nagar,2025,5,64.28,0.3291798710743363,1,56.94199007875275,0.31071912827174747,7.338009921247249,0.01846074280258886,0.1426833643901516
Nehru_Nagar,2025,6,46.14,0.3101119222108888,1,38.92268836287216,0.3054527420071624,7.2173116371278425,0.00465918020372641,0.034086538202881884
Nehru_Nagar,2025,7,29.74,0.3436719989930116,1,26.440355983558707,0.21713837698383262,3.2996440164412917,0.12653362200917898,0.7566297286820264
Nehru_Nagar,2025,8,34.05,0.2797839296569135,1,25.006492245276977,0.28141095051780707,9.04350775472302,-0.0016270208608935577,-0.014657907154547789
Nehru_Nagar,2025,9,35.08,0.3870324094406492,1,31.446563695262864,0.37320165074112377,3.6334363047371347,0.013830758699525436,0.054304771970892056
Nehru_Nagar,2025,10,119.32,0.3513309385839569,1,96.09785013106323,0.37704783034582945,23.222149868936768,-0.02571689176187253,-0.5831936943074868
Nehru_Nagar,2025,11,251.08,0.3213726760846716,1,201.32670391892793,0.3123479097317415,49.75329608107208,0.009024766352930147,0.45073693773583523
North_Campus_DU,2022,1,135.46,0.2169399282469719,0,152.67035928845235,0.2069742655283227,-17.210359288452338,0.009965662718649182,-0.1694091191658682
North_Campus_DU,2022,2,93.0,0.2040252130733745,0,111.90267255441987,0.19606924355264552,-18.902672554419865,0.007955969520728995,-0.14904842306461616
North_Campus_DU,2022,3,82.85,0.1719161019372783,0,102.91217464336198,0.1766174163069144,-20.062174643361985,-0.0047013143696361115,0.09478672610390158
North_Campus_DU,2022,5,69.91,0.1945747374928894,0,89.80305152919945,0.18798911317597153,-19.893051529199454,0.006585624316917865,-0.13008956161900972
North_Campus_DU,2022,6,52.85,0.182624024825007,0,78.19046299298921,0.18856319253005846,-25.34046299298921,-0.005939167705051457,0.15124836984709913
North_Campus_DU,2022,7,37.32,0.1846911094144003,0,41.49004040987827,0.17699202981935905,-4.170040409878268,0.007699079595041264,-0.03084998889749584
North_Campus_DU,2022,8,33.87,0.1988997176805317,0,39.08317262793432,0.1857439356984629,-5.21317262793432,0.013155781982068793,-0.06491757790812298
North_Campus_DU,2022,10,114.44,0.2260823880078574,0,110.7804297544694,0.2082244850393087,3.6595702455306025,0.017857902968548695,0.0721067708973137
North_Campus_DU,2023,1,152.83,0.1403187931613803,0,167.723057730223,0.10708001692145377,-14.893057730222978,0.03323877623992652,-0.4716265929547492
North_Campus_DU,2023,2,103.1,0.1931250688561527,0,119.58937135261259,0.18009343870733352,-16.489371352612594,0.013031630148819168,-0.2112864661858953
North_Campus_DU,2023,3,65.53,0.1993037367474462,0,88.34371533957243,0.19548500361622725,-22.813715339572425,0.003818733131218943,-0.08681062310296128
North_Campus_DU,2023,4,58.21,0.2047163805960621,0,78.60516584558565,0.19999302354217355,-20.395165845585645,0.004723357053888544,-0.09586111417722289
North_Campus_DU,2023,6,39.7,0.1982893538382029,0,54.36129996238304,0.20287072270023895,-14.66129996238304,-0.004581368862036056,0.0676133767218553
North_Campus_DU,2023,7,36.04,0.1313243703174309,0,39.79143378544773,0.14357450222462187,-3.7514337854477304,-0.012250131907190959,0.049134006924144755
North_Campus_DU,2023,8,54.46,0.2268384636462572,0,44.48882286877136,0.21851101259984462,9.971177131228643,0.008327451046412582,0.08450327293832093
North_Campus_DU,2023,9,61.05,0.2379717088046957,0,48.222875798265854,0.22579710605348885,12.827124201734144,0.012174602751206853,0.1593045166874477
North_Campus_DU,2023,10,125.42,0.2217368647973876,0,111.22825808758506,0.21143055798867122,14.19174191241494,0.010306306808716387,0.1485142247002928
North_Campus_DU,2023,11,245.13,0.1396363142571541,0,251.02298265555208,0.1488413500550027,-5.892982655552089,-0.00920503579784862,0.056039786175431296
North_Campus_DU,2024,1,199.68,0.1055250858263497,0,207.059138742082,0.08843828960771342,-7.379138742082006,0.017086796218636277,-0.11990204772532954
North_Campus_DU,2024,2,106.68,0.1819505552260464,0,108.83309124988385,0.15890162200808108,-2.1530912498838433,0.023048933217965306,-0.03837431276682001
North_Campus_DU,2024,3,79.57,0.1978493810267931,0,90.54457204282757,0.19091563459570254,-10.974572042827575,0.006933746431090543,-0.07507661432760915
North_Campus_DU,2024,5,92.9,0.1820803735735675,0,135.8245081504028,0.17015570015374515,-42.9245081504028,0.01192467341982234,-0.5088489381537411
North_Campus_DU,2024,6,65.82,0.1717147450550149,0,99.58371081124143,0.16521447315240392,-33.76371081124144,0.006500271902610988,-0.2185783550755643
North_Campus_DU,2024,7,37.96,0.0914223799050164,0,44.15016190977038,0.1214700976307374,-6.1901619097703815,-0.030047717725721013,0.2051232626538298
North_Campus_DU,2024,8,27.95,0.1789783716370981,0,36.92139696461944,0.19644367760238685,-8.97139696461944,-0.017465305965288752,0.16314898858603524
North_Campus_DU,2024,9,41.01,0.1541518452544718,0,49.62527141898092,0.16951404999713576,-8.615271418980925,-0.015362204742663976,0.13734807508539765
North_Campus_DU,2024,10,108.35,0.2474809726577229,0,116.64376735061099,0.22533910889997763,-8.293767350610992,0.022141863757745267,-0.17325553179468992
North_Campus_DU,2024,11,246.34,0.1321471502610524,0,249.62755002713087,0.147462599301806,-3.2875500271308624,-0.015315449040753604,0.055318436363569964
North_Campus_DU,2025,1,157.29,0.2334527722981751,0,157.85236337403097,0.20166675458195643,-0.5623633740309799,0.03178601771621867,0.0035243174833806683
North_Campus_DU,2025,2,89.05,0.188529805458643,0,109.31241999896599,0.1695446723699646,-20.262419998965996,0.018985133088678413,-0.37705058664790697
North_Campus_DU,2025,3,64.57,0.2150734370587464,0,86.22998292249433,0.20493794128915932,-21.659982922494336,0.010135495769587083,-0.21735884208247747
North_Campus_DU,2025,5,69.55,0.2015863431958708,0,80.1500426620503,0.19982677294603637,-10.6000426620503,0.001759570249834419,-0.01858594342699533
North_Campus_DU,2025,6,46.3,0.2090780420952396,0,57.36838984283517,0.20238165635584643,-11.068389842835174,0.006696385739393185,-0.07316844645805985
North_Campus_DU,2025,7,30.38,0.1261780859817936,0,37.33681445699861,0.11863959892470763,-6.956814456998611,0.0075384870570859575,-0.05124020081993977
North_Campus_DU,2025,8,34.86,0.1167696887671436,0,40.80600053905527,0.12029824356405279,-5.9460005390552695,-0.0035285547969091946,0.021244499175673136
North_Campus_DU,2025,9,32.93,0.2199393922187969,0,47.51501619949623,0.20556625165242323,-14.58501619949623,0.014373140566373677,-0.20525689463311328
North_Campus_DU,2025,10,103.15,0.2299132073637428,0,113.59960465896293,0.22543792333399776,-10.449604658962926,0.004475284029745036,-0.046340744791594245
North_Campus_DU,2025,11,220.81,0.1961135841713847,0,227.02117428754337,0.18817066820678247,-6.211174287543372,0.007942915964602226,-0.047998567479784496
North_Campus_DU,2025,12,207.18,0.2272634064715604,0,231.15795404922324,0.20163447625645764,-23.97795404922323,0.025628930215102763,-0.6006171509431093
Okhla_Phase-2,2022,1,169.71,0.2957616529440774,4,169.59617396442178,0.39735077557582343,0.1138260355782279,-0.10158912263174602,0.20702537459866574
Okhla_Phase-2,2022,3,86.29,0.2662373289083878,4,108.04844989056127,0.3745574579567025,-21.758449890561266,-0.10832012904831467,2.605392722109354
Okhla_Phase-2,2022,5,67.9,0.2546696497411312,4,80.24858561740132,0.38820842202632067,-12.348585617401312,-0.13353877228518946,2.026716165377785
Okhla_Phase-2,2022,6,48.01,0.2730024270991243,4,62.76784339527009,0.39915742473196775,-14.757843395270093,-0.12615499763284344,2.1988631060018293
Okhla_Phase-2,2022,7,29.8,0.1976103355589842,4,38.414547736668766,0.4116519966518752,-8.614547736668765,-0.214041661092891,2.8142261836593816
Okhla_Phase-2,2022,8,26.76,0.2914990634909731,4,33.888979089148414,0.4782604048666335,-7.128979089148412,-0.18676134137566042,2.0701848514699632
Okhla_Phase-2,2022,9,35.55,0.2348781284040254,4,40.87552610861208,0.4175030462647786,-5.325526108612081,-0.1826249178607532,1.6789786249534213
Okhla_Phase-2,2022,10,104.04,0.3078329952406951,4,119.42660381935015,0.4753248909215262,-15.386603819350142,-0.16749189568083112,3.1713157867685005
Okhla_Phase-2,2022,11,174.48,0.2661894957727657,4,186.99045339533686,0.3899252593788646,-12.510453395336867,-0.12373576360609889,1.8722734388406124
Okhla_Phase-2,2022,12,174.73,0.2577001713167247,4,182.42568752362362,0.38514665822138866,-7.695687523623633,-0.12744648690466398,1.3248128186337507
Okhla_Phase-2,2023,1,190.56,0.1855970357367886,4,188.5814827316814,0.27500020782481716,1.9785172683185976,-0.08940317208802856,-0.00759253874801432
Okhla_Phase-2,2023,2,109.64,0.2538336074858688,4,124.89659486823916,0.344151818158998,-15.256594868239162,-0.09031821067312917,1.5507246852732086
Okhla_Phase-2,2023,3,70.91,0.2780414930953814,4,77.03840139154066,0.3853806188453502,-6.128401391540663,-0.10733912574996879,0.9018508982332659
Okhla_Phase-2,2023,5,59.3,0.3018480606428704,4,67.8723314000634,0.4014409383699639,-8.572331400063405,-0.09959287772709352,1.063825795802036
Okhla_Phase-2,2023,7,29.68,0.2295588721542181,4,35.92697762225781,0.341218121502409,-6.246977622257809,-0.11165924934819088,0.9616052347761027
Okhla_Phase-2,2023,8,31.3,0.343184526369488,4,38.704982296975146,0.4911719795684346,-7.404982296975145,-0.14798745319894663,1.5597007094590205
Okhla_Phase-2,2023,9,38.07,0.3222673470665793,4,45.62663673978547,0.49716526291253244,-7.556636739785468,-0.17489791584595316,1.9695324051235474
Okhla_Phase-2,2023,11,261.0,0.2254256125146661,4,263.72196961974265,0.35446659077474685,-2.7219696197426515,-0.12904097826008074,0.7039321766410397
Okhla_Phase-2,2023,12,215.11,0.2888766622124623,4,223.36920850782087,0.3924260945287193,-8.259208507820858,-0.10354943231625702,1.082342585483461
Okhla_Phase-2,2024,1,238.74,0.1238259450592401,4,223.56331221768383,0.2328292972945687,15.17668778231618,-0.10900335223532859,-1.4026503508568045
Okhla_Phase-2,2024,2,105.55,0.1938820593037518,4,114.46977498048538,0.28160919799083434,-8.919774980485386,-0.08772713868708254,0.9455115666323952
Okhla_Phase-2,2024,3,66.39,0.2640814608086898,4,75.61548209545711,0.3433899986744659,-9.22548209545711,-0.07930853786577607,0.8648807435205902
Okhla_Phase-2,2024,5,75.98,0.2441229765989999,4,85.4668254359605,0.33242419178615484,-9.486825435960498,-0.08830121518715495,1.0028438000853124
Okhla_Phase-2,2024,7,32.67,0.2437201316463147,4,40.48399429747942,0.2825470940318366,-7.813994297479418,-0.038826962385521885,0.3353237744764718
Okhla_Phase-2,2024,8,21.04,0.2914801538603463,4,28.96724458863117,0.47676708083665736,-7.927244588631172,-0.18528692697631105,2.1959633792029436
Okhla_Phase-2,2024,9,36.64,0.2576966821065157,4,50.12840187623379,0.4396929572291275,-13.488401876233787,-0.1819962751226118,3.1563888653460417
Okhla_Phase-2,2024,10,103.94,0.3326325338483802,4,117.72442451448246,0.4992686118890459,-13.784424514482467,-0.1666360780406657,2.885110201018792
Okhla_Phase-2,2024,12,184.35,0.264775973772947,4,183.07184430814846,0.36691008787690743,1.2781556918515378,-0.10213411410396045,0.09039716475098802
Okhla_Phase-2,2025,1,186.22,0.2925892779940359,4,169.9646574940645,0.3662748019380569,16.255342505935488,-0.073685523944021,-1.0827833974469085
Okhla_Phase-2,2025,2,99.84,0.2267467163943868,4,111.17503406811873,0.2495236560457148,-11.33503406811873,-0.022776939651328015,0.2691655311504357
Okhla_Phase-2,2025,3,68.92,0.280228896277543,4,70.33960222816582,0.36451598246884365,-1.4196022281658145,-0.08428708619130065,0.27012613428549376
Okhla_Phase-2,2025,4,71.86,0.2496036371205331,4,75.53736213350658,0.3456101052738197,-3.677362133506577,-0.09600646815328659,0.5482751749722835
Okhla_Phase-2,2025,5,59.31,0.2638933878293326,4,64.73110341733314,0.35662293705254977,-5.421103417333143,-0.09272954922321719,0.6848216194828574
Okhla_Phase-2,2025,6,42.87,0.2531414955460527,4,45.35361317384215,0.37050419105183413,-2.4836131738421514,-0.11736269550578143,0.5832220465470924
Okhla_Phase-2,2025,7,23.39,0.1051959973922045,4,30.276686565501514,0.2903752759324949,-6.886686565501513,-0.1851792785402904,2.0015755641536175
Okhla_Phase-2,2025,9,28.42,0.3312098669281559,4,37.03444401301077,0.484704171076871,-8.614444013010768,-0.15349430414871512,1.8212883032932434
Okhla_Phase-2,2025,10,104.66,0.3276568992594955,4,128.1373873146765,0.49345138499850494,-23.47738731467649,-0.16579448573900946,4.474623463933701
Okhla_Phase-2,2025,11,212.35,0.2939631017516724,4,218.56804734648665,0.3868715519460952,-6.218047346486657,-0.09290845019442279,0.7605377030283482
Okhla_Phase-2,2025,12,225.32,0.27186553574734,4,237.36284748029263,0.4057144921848553,-12.042847480292636,-0.13384895643751527,1.9913804585564425
Patparganj,2022,1,185.87,0.1780025821274834,3,150.89099822106073,0.24511512808090818,34.97900177893928,-0.06711254595342478,-2.2521314759125914
Patparganj,2022,3,97.78,0.1740130609294233,3,99.73870170252266,0.22554510342449344,-1.95870170252266,-0.051532042495070124,0.1571814693016637
Patparganj,2022,4,108.3,0.1963529969809925,3,91.76610791888986,0.2441102641366975,16.53389208111014,-0.047757267155705,-0.741306225862563
Patparganj,2022,5,81.65,0.1962611082343422,3,70.14064791034443,0.2462001964077508,11.509352089655579,-0.049939088173408586,-0.5219445506210215
Patparganj,2022,6,64.96,0.1897162374718593,3,62.409203797003734,0.24035365092087638,2.55079620299626,-0.050637413449017066,-0.0748561178386109
Patparganj,2022,7,42.39,0.1725037351027342,3,38.8895675109739,0.23511048684065974,3.500432489026103,-0.06260675173792554,-0.13613200320617597
Patparganj,2022,8,33.0,0.1608985786934881,3,33.81249783645924,0.2657483077099423,-0.8124978364592366,-0.1048497290164542,0.318035884352927
Patparganj,2022,9,41.92,0.1373598519293444,3,40.64319017734229,0.22237316143853234,1.276809822657711,-0.08501330950918792,0.04453029495448326
Patparganj,2022,10,114.95,0.1923669704516134,3,110.8304206976426,0.2697725201098379,4.119579302357408,-0.07740554965822447,-0.19197357093274478
Patparganj,2022,11,197.16,0.1656956543850824,3,185.91189061608196,0.21216579883702533,11.248109383918035,-0.04647014445194292,-0.4769627956327631
Patparganj,2022,12,205.98,0.1546044694863274,3,164.4339529077928,0.2097520281368433,41.5460470922072,-0.055147558650515904,-2.226748190239618
Patparganj,2023,1,206.51,0.1355830203231327,3,166.84195874070645,0.13501479053284035,39.668041259293545,0.0005682297902923628,0.022547401592899193
Patparganj,2023,3,81.65,0.1879843350279037,3,70.74204920170996,0.2347140376701213,10.907950798290045,-0.046729702642217597,-0.4634744551638928
Patparganj,2023,5,69.65,0.1970420260248753,3,56.48167035915656,0.26126539403879334,13.168329640843446,-0.06422336801391804,-0.7583530447440961
Patparganj,2023,6,52.83,0.187856291274629,3,48.53801866374369,0.26740545969031837,4.291981336256306,-0.07954916841568938,-0.20739265741902402
Patparganj,2023,8,38.96,0.2104683398068062,3,45.813496630667636,0.3023370269427888,-6.853496630667635,-0.09186868713598259,0.8083810311996671
Patparganj,2023,9,43.29,0.232435075480106,3,42.55695827218455,0.29845987503490207,0.7330417278154471,-0.06602479955479607,0.04393212061187157
Patparganj,2023,10,105.26,0.2258171513822443,3,107.86204703572395,0.2838849758733953,-2.602047035723942,-0.05806782449115097,0.22251272322812893
Patparganj,2023,11,263.26,0.1559645442434887,3,204.81474472600786,0.19747751497885446,58.44525527399213,-0.04151297073536575,-2.3897354682297034
Patparganj,2024,1,238.94,0.123384224076774,3,185.87631394089357,0.1130648756669383,53.06368605910643,0.010319348409835699,0.5498381400967026
Patparganj,2024,2,86.33,0.1414817547995268,3,101.99452974023787,0.18258362445492465,-15.664529740237867,-0.04110186965539786,0.6796228130987029
Patparganj,2024,4,56.51,0.1764958502684432,3,61.832034116794354,0.22008424842402238,-5.322034116794356,-0.04358839815557919,0.27222055949908114
Patparganj,2024,5,81.02,0.1771764231117126,3,80.81969011610563,0.22357005252100426,0.20030988389436288,-0.04639362940929165,0.03629487310300147
Patparganj,2024,6,53.3,0.1664186545655006,3,61.92642953748597,0.21787038493578428,-8.626429537485976,-0.051451730370283694,0.49991511695575835
Patparganj,2024,7,39.62,0.1195625264609911,3,41.65797031161253,0.17052950789623178,-2.0379703116125327,-0.050966981435240685,0.15888803572504717
Patparganj,2024,8,28.07,0.1820684876754603,3,26.856442324891923,0.26407639383521553,1.2135576751080777,-0.08200790615975523,0.042922969847962233
Patparganj,2024,10,117.19,0.2365014833151167,3,106.6156254136715,0.30807567707436617,10.574374586328503,-0.07157419375924948,-0.6483481381865223
Patparganj,2024,11,274.92,0.1343264046725922,3,231.36900935852253,0.19594179754592317,43.55099064147748,-0.06161539287333098,-2.603001029733179
Patparganj,2024,12,186.58,0.2060105010661819,3,160.41923115946614,0.21695237481347648,26.160768840533876,-0.010941873747294578,-0.28371201804597646
Patparganj,2025,1,193.93,0.1961590873943189,3,156.5553518382712,0.2596973725279589,37.3746481617288,-0.06353828513363999,-2.2892134770968644
Patparganj,2025,2,101.21,0.1944553640251529,3,98.02545528941342,0.20069820289212473,3.1845447105865787,-0.006242838866971828,-0.01905513601974571
Patparganj,2025,3,63.02,0.2156486538745622,3,64.98491401478967,0.2620929708195655,-1.964914014789663,-0.04644431694500331,0.1369467339443829
Patparganj,2025,4,70.58,0.1936253258778446,3,72.95317057792337,0.23695474529817645,-2.373170577923375,-0.04332941942033186,0.14259295337179947
Patparganj,2025,5,67.85,0.1983949210617081,3,68.41145342249573,0.25192959084409805,-0.561453422495731,-0.05353466978238994,0.09075934450888336
Patparganj,2025,6,42.79,0.1933768038490415,3,45.886329776436014,0.2496014264029218,-3.096329776436015,-0.056224622553880305,0.24104554220399685
Patparganj,2025,7,26.04,0.1246921681742258,3,29.695993003213886,0.20327349121239277,-3.6559930032138865,-0.07858132303816696,0.41808208739639685
Patparganj,2025,8,31.75,0.1771362781483623,3,31.286716907811375,0.2121247550901194,0.4632830921886253,-0.03498847694175711,0.009719305875613619
Patparganj,2025,11,229.75,0.193747460544036,3,196.02206860493126,0.24965850378384283,33.72793139506874,-0.055911043239806835,-1.8195530358673044
Patparganj,2025,12,235.01,0.1924856592541252,3,210.86180388172718,0.2502957282047291,24.148196118272807,-0.05781006895060392,-1.3252239889592727
Punjabi_Bagh,2022,1,191.75,0.2884050112432655,2,147.45313044438348,0.3044343159435839,44.296869555616524,-0.01602930470031838,-0.7046059637309245
Punjabi_Bagh,2022,2,125.81,0.2745490028472866,2,111.52163735527455,0.2948194593144794,14.288362644725453,-0.020270456467192777,-0.28092879964341616
Punjabi_Bagh,2022,3,123.83,0.24891896566291,2,104.18736305236101,0.2672982044717815,19.64263694763899,-0.01837923880887149,-0.35386206105343976
Punjabi_Bagh,2022,5,93.77,0.2647715873919713,2,84.19632218030901,0.2791881079427918,9.573677819690985,-0.014416520550820489,-0.13361707760607752
Punjabi_Bagh,2022,6,74.25,0.2700649028045737,2,69.22631455089895,0.2693564730816276,5.023685449101052,0.0007084297229461023,0.003569557941402636
Punjabi_Bagh,2022,7,45.88,0.2630493563895756,2,34.141686722407954,0.28091156905946874,11.738313277592049,-0.01786221266989313,-0.20291446703329527
Punjabi_Bagh,2022,8,40.04,0.3011964585723278,2,34.13103322133394,0.3478523545469036,5.908966778666063,-0.04665589597457581,-0.22958328256219257
Punjabi_Bagh,2022,9,47.86,0.2429668169150376,2,39.674286793604864,0.29139785886252223,8.185713206395135,-0.04843104194748463,-0.34676266001680583
Punjabi_Bagh,2022,10,114.94,0.3191527093656578,2,114.54430943845912,0.3516107586576298,0.39569056154087434,-0.03245804929197199,0.009470708218161435
Punjabi_Bagh,2022,11,181.25,0.2315926241275825,2,181.48393150864808,0.23965122277239434,-0.23393150864808376,-0.008058598644811843,0.0032606350148785533
Punjabi_Bagh,2022,12,194.94,0.2267255964647863,2,160.88491763503774,0.25739307852916593,34.05508236496226,-0.030667482064379636,-1.0244636040012562
Punjabi_Bagh,2023,1,195.14,0.1701777529681312,2,174.22793062393472,0.22487046762552731,20.91206937606526,-0.05469271465739611,-1.0803811402465773
Punjabi_Bagh,2023,3,85.19,0.2571575350947771,2,87.66437650775327,0.27962986842883697,-2.474376507753277,-0.022472333334059846,0.06630122428561588
Punjabi_Bagh,2023,4,78.79,0.2738490768353825,2,75.62071352300708,0.276563909579304,3.169286476992923,-0.0027148327439214803,-0.008447976641184551
Punjabi_Bagh,2023,5,73.93,0.2745533230706186,2,71.94849777451212,0.2903906186845966,1.981502225487887,-0.01583729561397801,-0.026069176717192017
Punjabi_Bagh,2023,6,53.05,0.2800449851931927,2,48.80948547688552,0.29298515583572227,4.240514523114477,-0.012940170642529558,-0.05132637005584975
Punjabi_Bagh,2023,7,45.08,0.223413068472647,2,33.65199649296785,0.26163914473872707,11.428003507032152,-0.03822607626608007,-0.4058982752504602
Punjabi_Bagh,2023,8,42.66,0.3121884570509278,2,40.63241260484307,0.3619876465141197,2.027587395156928,-0.049799189463191895,-0.04844574582021308
Punjabi_Bagh,2023,10,117.98,0.2851212335862613,2,114.5042623378767,0.3470320481818393,3.475737662123308,-0.06191081459557801,-0.13400246025486762
Punjabi_Bagh,2023,11,299.77,0.1719695191508828,2,237.87112468763482,0.21838917317453083,61.89887531236516,-0.04641965402364803,-2.8276852411224684
Punjabi_Bagh,2023,12,241.68,0.2638128177126566,2,200.28655707445026,0.2963399682540474,41.39344292554975,-0.032527150541390826,-1.324001585791596
Punjabi_Bagh,2024,1,249.72,0.1252866336346518,2,207.20359266998824,0.20749200775605994,42.51640733001176,-0.08220537412140813,-3.351946064039073
Punjabi_Bagh,2024,2,121.14,0.2214940235580472,2,110.44683886059876,0.25595904869107966,10.69316113940124,-0.034465025133032456,-0.34338121611479333
Punjabi_Bagh,2024,3,85.53,0.2624827584921371,2,89.30068098362935,0.27733367860860975,-3.7706809836293473,-0.014850920116472655,0.060669409757725425
Punjabi_Bagh,2024,4,73.05,0.223256002596595,2,89.60737849894265,0.24351198292578027,-16.557378498942654,-0.02025598032918527,0.3440763407003703
Punjabi_Bagh,2024,7,48.39,0.1620492427484792,2,39.21972492306465,0.23302724186810805,9.170275076935347,-0.07097799911962885,-0.5441836746339221
Punjabi_Bagh,2024,8,37.9,0.309452388782927,2,31.986726468854137,0.34367972532860547,5.913273531145862,-0.034227336545678444,-0.17758257215411924
Punjabi_Bagh,2024,9,54.95,0.2311067770249351,2,40.82260490895432,0.33603845942406496,14.127395091045685,-0.10493168239912987,-1.249201489194398
Punjabi_Bagh,2024,10,125.35,0.3169998965452293,2,114.37897087064212,0.3652783292734414,10.971029129357873,-0.048278432728212084,-0.480296728119857
Punjabi_Bagh,2025,1,188.01,0.2719012471623137,2,155.39488597002833,0.3098549675845376,32.615114029971664,-0.03795372042222395,-1.2073549117097993
Punjabi_Bagh,2025,2,113.37,0.2472101174913201,2,107.25784504296927,0.2515815811756798,6.112154957030739,-0.0043714636843597,-0.0263143129603529
Punjabi_Bagh,2025,3,78.65,0.2721149823233825,2,83.82904431610935,0.2954822731169177,-5.179044316109341,-0.023367290793535223,0.1325853596862533
Punjabi_Bagh,2025,4,82.9,0.2463330662677209,2,98.72284667513794,0.2686655210353935,-15.822846675137939,-0.022332454767672594,0.3639264760170899
Punjabi_Bagh,2025,5,69.65,0.269924957562746,2,80.40008362166272,0.29029433946219607,-10.75008362166271,-0.02036938189945009,0.22776054381680041
Punjabi_Bagh,2025,6,48.33,0.2716909735755224,2,50.62180252516006,0.2901945435882551,-2.2918025251600582,-0.018503570012732673,0.04965830922207029
Punjabi_Bagh,2025,7,28.81,0.1567972174703887,2,32.741435644118255,0.2585307013629471,-3.931435644118256,-0.1017334838925584,0.6191691908248576
Punjabi_Bagh,2025,8,32.97,0.1413052020898638,2,35.22171053048104,0.2856529564548035,-2.2517105304810414,-0.14434775436493968,0.7663494231750841
Punjabi_Bagh,2025,11,247.34,0.2515740354931818,2,217.07370284359342,0.2713127948983985,30.26629715640658,-0.019738759405216688,-0.5891668897973638
Punjabi_Bagh,2025,12,239.37,0.2732900194024306,2,216.13427729872157,0.2924613833655128,23.235722701278434,-0.019171363963082222,-0.43767583712875163
R_K_Puram,2022,1,175.27,0.4123811542742561,1,177.3309519887712,0.37312831721665934,-2.060951988771194,0.039252837057596746,-0.04826380659334057
R_K_Puram,2022,2,117.69,0.3579334428816345,1,103.42872966229726,0.3349660560498798,14.26127033770274,0.0229673868317547,0.33871677762118335
R_K_Puram,2022,3,102.27,0.3433993852034396,1,93.94804213547577,0.31983487948179634,8.321957864524222,0.02356450572164326,0.20786398697325403
R_K_Puram,2022,5,83.56,0.3657125893231805,1,70.20269552504612,0.32904883090371245,13.357304474953878,0.03666375841946806,0.5182003025707456
R_K_Puram,2022,6,61.27,0.3775131436352588,1,59.95202198505481,0.3262449973563997,1.31797801494519,0.05126814627885906,0.1232412661264554
R_K_Puram,2022,7,38.3,0.3890349579242237,1,30.862266491527453,0.3329247178085337,7.437733508472544,0.05611024011568999,0.48401643281283585
R_K_Puram,2022,8,35.8,0.4339273721691968,1,27.474849516774437,0.38014884245917513,8.32515048322556,0.05377852971002167,0.5089707509681559
R_K_Puram,2022,9,42.87,0.3954042181212049,1,38.498210526167234,0.3179685880785316,4.371789473832763,0.07743563004267329,0.46553565309484257
R_K_Puram,2022,10,114.35,0.4114186291783088,1,105.99803621553822,0.38158951479247155,8.351963784461773,0.02982911438583724,0.2679774722452715
R_K_Puram,2022,11,190.37,0.3490573156108242,1,195.36822537746926,0.30369815684912455,-4.998225377469254,0.04535915876169966,-0.1831376699198733
R_K_Puram,2022,12,194.68,0.3447259622005387,1,186.61472612243975,0.3193675160248583,8.065273877560259,0.025358446175680394,0.21814286932301177
R_K_Puram,2023,1,210.01,0.2630595655215922,1,197.64204292545446,0.21581499493385406,12.36795707454553,0.04724457058773815,0.6315944615125473
R_K_Puram,2023,2,123.74,0.3442713552704169,1,107.71659794336989,0.32536493370145675,16.023402056630104,0.018906421568960163,0.31051617748029914
R_K_Puram,2023,4,92.63,0.3796806244553941,1,57.45533017801641,0.3421071315181088,35.174669821983585,0.03757349293728529,1.3515369680073328
R_K_Puram,2023,5,88.28,0.3926578122001878,1,54.60039306370398,0.3415312037446185,33.67960693629602,0.05112660845556932,1.7772880917876486
R_K_Puram,2023,9,50.46,0.4509632916104938,1,35.703544623520706,0.39249143697309974,14.756455376479295,0.05847185463739407,0.9352521157651377
R_K_Puram,2023,10,113.64,0.4306613328883612,1,96.18048017637483,0.3852525650735779,17.459519823625172,0.04540876781478331,0.836488283665457
R_K_Puram,2023,11,277.24,0.3036566086202003,1,243.0569182032802,0.2683704686059645,34.18308179671982,0.0352861400142358,1.2325609404640476
R_K_Puram,2023,12,227.28,0.3678922270552272,1,208.45907298787614,0.3367676638560555,18.82092701212386,0.031124563199171673,0.6063113738829303
R_K_Puram,2024,1,249.85,0.2241334093962919,1,238.19951165941438,0.20289479870627536,11.65048834058561,0.021238610690016535,0.256994198992235
R_K_Puram,2024,3,82.4,0.3486209218741422,1,79.57235306717259,0.32705776550481375,2.8276469328274203,0.02156315636932843,0.07082122503575049
R_K_Puram,2024,4,71.25,0.3425347570717518,1,72.66485242103161,0.3145551762534142,-1.4148524210316111,0.02797958081833757,-0.02300577540607772
R_K_Puram,2024,5,94.63,0.3430091365895944,1,93.80756244914765,0.3136080910261064,0.8224375508523423,0.02940104556348805,0.042489293507739084
R_K_Puram,2024,6,66.56,0.3410231140487435,1,68.63084126146268,0.2996103474201775,-2.070841261462675,0.04141276662856602,-0.04943456060502825
R_K_Puram,2024,7,54.16,0.3160278649056222,1,36.40754256210265,0.25170854739354437,17.75245743789735,0.06431931751207781,1.2294486128583866
R_K_Puram,2024,8,34.6,0.4374372937028195,1,25.92060675513387,0.35833361336142294,8.67939324486613,0.07910368034139653,0.8191058521290716
R_K_Puram,2024,9,48.0,0.4217907560598024,1,38.16482017526505,0.36162007204745705,9.83517982473495,0.06017068401234532,0.6684732763409439
R_K_Puram,2024,11,255.69,0.3008994758174361,1,241.68024167315664,0.2692269323754782,14.009758326843354,0.03167254344195791,0.4649717708215873
R_K_Puram,2024,12,199.6,0.3508385378013111,1,189.06806448084342,0.3124582192677187,10.531935519156576,0.03838031853359236,0.43541876448400635
R_K_Puram,2025,1,182.39,0.4039782173659408,1,184.01935842388943,0.3776906980359768,-1.6293584238894425,0.026287519329963982,-0.028195439946680032
R_K_Puram,2025,2,108.05,0.1707874926724991,1,102.2033774992633,0.2494682962985979,5.8466225007367,-0.0786808036260988,-0.32889627971099994
R_K_Puram,2025,3,75.54,0.3714848232416979,1,76.95843079074369,0.3498892909296902,-1.4184307907436846,0.021595532312007726,-0.02075394050392907
R_K_Puram,2025,4,83.33,0.3504254950446102,1,81.21135112357632,0.3214455527388317,2.118648876423677,0.028979942305778494,0.07918638452654037
R_K_Puram,2025,5,70.56,0.3832161017581263,1,67.43156702626668,0.34396317051784914,3.128432973733325,0.03925293124027718,0.15543472701841146
R_K_Puram,2025,7,39.6,0.2656779315452572,1,29.730398164095803,0.2669451516067128,9.869601835904199,-0.0012672200614555762,-0.01247294501287369
R_K_Puram,2025,8,41.49,0.4101024891024622,1,30.461547419985322,0.2911643360541829,11.02845258001468,0.11893815304827932,1.611327361464355
R_K_Puram,2025,10,120.38,0.452588912883794,1,103.31650066482412,0.4011909110986256,17.063499335175877,0.0513980017851684,0.9329831175057067
R_K_Puram,2025,11,235.98,0.3714525009832855,1,215.59815417295076,0.33466927384126327,20.381845827049233,0.03678322714202226,0.7783672324704767
R_K_Puram,2025,12,248.71,0.391837763949502,1,223.9976046072659,0.36735709106752473,24.712395392734095,0.02448067288197725,0.6176695362752861
Rohini,2022,1,172.14,0.2683067520860846,0,197.76170656099072,0.26290013173648374,-25.62170656099073,0.005406620349600877,-0.13790770507974737
Rohini,2022,2,131.27,0.2893842045133296,0,121.76945857356692,0.2563795680694075,9.500541426433088,0.0330046364439221,0.33663382403777264
Rohini,2022,3,114.45,0.2769324824302021,0,109.47141224289238,0.24580623942944743,4.9785877571076185,0.031126243000754644,0.17548518876590807
Rohini,2022,4,133.34,0.2891183936945226,0,136.61746553984122,0.2289525267461486,-3.2774655398412165,0.060165866948373975,-0.12052005429865005
Rohini,2022,5,73.74,0.3104154324813704,0,90.64272111696127,0.2406524178029299,-16.902721116961274,0.06976301467844048,-1.0761024841583462
Rohini,2022,6,58.68,0.3253284381042551,0,70.40333450173294,0.237680015800047,-11.723334501732943,0.0876484223042081,-0.864818936925662
Rohini,2022,8,29.68,0.3804628364687989,0,37.27083932000707,0.2789134987017568,-7.5908393200070705,0.10154933776704211,-0.5524270206635662
Rohini,2022,9,38.79,0.3205862321231313,0,45.061126250219246,0.23298249398811535,-6.271126250219247,0.08760373813501596,-0.3868271289835304
Rohini,2022,10,112.46,0.3676278884690296,0,120.65604538831957,0.2789281237135889,-8.196045388319575,0.08869976475544072,-0.5603475709098672
Rohini,2022,11,211.52,0.2325069655445076,0,204.31286285505294,0.21721488180009138,7.207137144947069,0.015292083744416207,0.11516512900192603
Rohini,2022,12,202.46,0.2729372498510212,0,204.8728403540966,0.2357758625667004,-2.412840354096602,0.03716138728432078,-0.0604150622287913
Rohini,2023,1,195.34,0.1892106458290305,0,201.2562075748923,0.18169338759222697,-5.916207574892297,0.00751725823680352,-0.04327677478036466
Rohini,2023,2,130.52,0.2613040795665455,0,124.96856737279006,0.23311428318960697,5.551432627209948,0.028189796376938525,0.17332504862176007
Rohini,2023,3,88.88,0.2584239291712285,0,86.25170999353558,0.2419084899928317,2.628290006464411,0.016515439178396762,0.04918451666224243
Rohini,2023,4,79.58,0.2992406115058126,0,81.86831020532357,0.251591971464634,-2.288310205323569,0.04764864004117858,-0.06094710026258648
Rohini,2023,6,44.14,0.3281797922910545,0,51.8165052094314,0.26262245314939825,-7.676505209431397,0.06555733914165623,-0.4122229945986062
Rohini,2023,7,36.21,0.16360842893045,0,35.52770543913496,0.21815069552929034,0.6822945608650386,-0.054542266598840344,0.025794728900087865
Rohini,2023,9,40.05,0.3604465888874346,0,46.06955137785146,0.3001771356274329,-6.019551377851464,0.06026945326000166,-0.2858593344138173
Rohini,2023,10,106.99,0.3579216265733844,0,122.1744740070754,0.2777540471567619,-15.184474007075409,0.0801675794166225,-1.0811796390806327
Rohini,2023,12,232.53,0.296968891150515,0,229.50589232413358,0.24026167738169343,3.024107675866418,0.05670721376882157,0.23959861813747543
Rohini,2024,1,234.1,0.1670644600494858,0,229.59409057895556,0.15599037744455033,4.505909421044436,0.011074082604935476,0.05249627468476747
Rohini,2024,2,125.57,0.2572033055458955,0,117.40078749884107,0.22769633499480113,8.169212501158924,0.029506970551094358,0.25948964424636234
Rohini,2024,3,86.66,0.2762521961503991,0,87.12934590479448,0.25586239431207414,-0.4693459047944799,0.02038980183832495,-0.000764256490740244
Rohini,2024,5,94.76,0.2479240765195418,0,118.00373956197187,0.19097693539874405,-23.243739561971864,0.05694714112079774,-1.2549770561917408
Rohini,2024,6,55.86,0.2631144614017063,0,68.89163787236181,0.1977910864334947,-13.031637872361813,0.06532337496821161,-0.7608908789887759
Rohini,2024,7,42.7,0.2078588331514405,0,40.780636009263354,0.20942352516670948,1.9193639907366489,-0.001564692015268987,-0.0029513584267173783
Rohini,2024,8,27.78,0.3515513641040519,0,30.40142348949905,0.3089268279179046,-2.6214234894990476,0.04262453618614731,-0.07325537625406811
Rohini,2024,9,43.83,0.3819492777373918,0,49.22122928104601,0.2803267896186697,-5.391229281046009,0.1016224881187221,-0.329137663554751
Rohini,2024,11,295.93,0.1971124408921719,0,277.3125769302152,0.1870067825977846,18.61742306978482,0.010105658294387282,0.19030434728398596
Rohini,2024,12,211.09,0.2455395783621434,0,202.89646754428995,0.2300790147092869,8.193532455710056,0.015460563652856502,0.1317393541152235
Rohini,2025,2,119.81,0.2692636565091132,0,106.81763422064913,0.24659173769031528,12.992365779350877,0.02267191881879793,0.305448910897251
Rohini,2025,3,86.94,0.3174355809389801,0,80.16627884025509,0.25882616395315283,6.773721159744909,0.05860941698582728,0.4697597805810821
Rohini,2025,4,89.51,0.2752236313951545,0,88.67705262860375,0.22773363509557187,0.8329473713962585,0.047489996299582615,0.08732475806428193
Rohini,2025,5,67.21,0.2989055711182817,0,79.47851542351677,0.25244584015445354,-12.268515423516774,0.04645973096382816,-0.5242739504117758
Rohini,2025,7,31.73,0.2535395356598701,0,31.820766946883026,0.22167169789439847,-0.09076694688302567,0.03186783776547161,0.01861737412201589
Rohini,2025,8,32.97,0.3082094079447183,0,34.09220500696146,0.2465791108561326,-1.1222050069614582,0.061630297088585695,0.011287446501104541
Rohini,2025,9,34.69,0.3673084907535348,0,42.22580559130219,0.29651734720910616,-7.535805591302193,0.07079114354442861,-0.4273252692334318
Rohini,2025,11,280.21,0.2659236767870255,0,252.20753006042338,0.24714173749822244,28.0024699395766,0.018781939288803062,0.5334123051482719
Rohini,2025,12,269.27,0.2657252879453606,0,250.9142759950601,0.25777180997357757,18.355724004939873,0.00795347797178303,0.14733167059573163
Shadipur,2022,2,98.14,0.2490493237936736,4,121.86943657354713,0.3177138073795321,-23.729436573547133,-0.0686644835858585,1.729230971402756
Shadipur,2022,3,92.74,0.2202983958737028,4,109.35233176085161,0.29394409904560137,-16.612331760851617,-0.07364570317189856,1.3383026239159765
Shadipur,2022,4,103.01,0.2284924589256457,4,112.46217080116143,0.2995489437404203,-9.45217080116143,-0.07105648481477458,0.7785782446247412
Shadipur,2022,5,79.14,0.2387448429696926,4,82.7870522016393,0.30490007872644087,-3.6470522016392977,-0.06615523575674828,0.33396782409663867
Shadipur,2022,6,55.68,0.2270008181731387,4,63.480769159588505,0.3050491217870572,-7.800769159588505,-0.07804830361391848,0.7378578419175064
Shadipur,2022,7,30.8,0.223290127382334,4,36.74882720272264,0.3073224625784019,-5.9488272027226365,-0.0840323351960679,0.649457635780689
Shadipur,2022,8,32.48,0.2620811576717742,4,33.50600412752703,0.3618417628887372,-1.026004127527031,-0.099760605216963,0.31314564495297276
Shadipur,2022,9,51.36,0.212052600739668,4,42.6861423641072,0.2773524663519987,8.673857635892801,-0.06529986561233073,-0.476087091902564
Shadipur,2022,10,120.84,0.2751897046067821,4,119.208569740364,0.35116525887119243,1.631430259636005,-0.07597555426441033,-0.001689670643849236
Shadipur,2022,11,185.19,0.2073417635582978,4,193.3977301656843,0.2565439486813715,-8.207730165684296,-0.04920218512307367,0.45511287199411016
Shadipur,2023,1,188.14,0.186933777752032,4,201.0382773495452,0.19269999019737838,-12.898277349545225,-0.0057662124453463914,0.07507843796929053
Shadipur,2023,2,167.65,0.2479318172944998,4,127.60652634612532,0.2956235016321028,40.043473653874685,-0.04769168433760301,-1.8615660150413396
Shadipur,2023,3,122.69,0.2516088404561891,4,79.52949650009653,0.29785947940719276,43.16050349990347,-0.046250638951003675,-1.9508934703173229
Shadipur,2023,4,92.22,0.2488525945910196,4,73.54641109136533,0.31226464767428885,18.67358890863467,-0.06341205308326925,-1.098962456305988
Shadipur,2023,5,88.18,0.2482160547709815,4,70.8840902673688,0.3159396336546708,17.295909732631202,-0.06772357888368932,-1.0741974823712832
Shadipur,2023,6,67.4,0.2441015190205834,4,47.68284352252256,0.32072507264595573,19.717156477477445,-0.07662355362537232,-1.3864450464522888
Shadipur,2023,7,37.99,0.1710452599763441,4,33.66883265896463,0.2631995490928135,4.32116734103537,-0.09215428911646942,-0.21834162722501788
Shadipur,2023,8,43.92,0.2754948437067432,4,40.31099161024417,0.3680713703092969,3.6090083897558287,-0.09257652660255367,-0.15258490901816724
Shadipur,2023,10,127.12,0.2802861115426638,4,115.07627074326972,0.3401472566404871,12.043729256730288,-0.05986114509782331,-0.645054592299854
Shadipur,2023,11,204.43,0.1838563805433738,4,265.6250723269464,0.21586125025828445,-61.19507232694639,-0.03200486971491065,1.9802356208475225
Shadipur,2023,12,192.51,0.2532207517555866,4,227.75731138180737,0.2806266596611218,-35.24731138180738,-0.02740590790553521,0.9818928046268578
Shadipur,2024,1,217.19,0.1398864175628927,4,234.94662644369583,0.14357577965669363,-17.756626443695836,-0.003689362093800941,0.065798918892215
Shadipur,2024,2,105.21,0.2391638315677609,4,119.37856336232795,0.26949171395299315,-14.168563362327959,-0.030327882385232263,0.4491838164647107
Shadipur,2024,4,116.1,0.2068975092634343,4,68.84702854017351,0.27642620262571965,47.25297145982648,-0.06952869336228534,-3.1830463724064617
Shadipur,2024,5,161.23,0.2191984148704527,4,92.6708092173068,0.2740898167211622,68.5591907826932,-0.05489140185070954,-3.699492229346893
Shadipur,2024,6,139.66,0.2192741251316449,4,59.891148863216024,0.27368289025675074,79.76885113678398,-0.05440876512510584,-4.277424136203639
Shadipur,2024,7,35.33,0.1295033715053664,4,39.39684449011083,0.19992451283803056,-4.066844490110832,-0.07042114133266417,0.3914282064104111
Shadipur,2024,8,46.65,0.2211064475959326,4,30.229129964017623,0.3669956617759221,16.420870035982375,-0.14588921417998948,-1.9448319030370724
Shadipur,2024,9,60.64,0.2470853999403747,4,46.193254190792366,0.32922878680506007,14.446745809207634,-0.08214338686468536,-1.0437892987821682
Shadipur,2024,10,97.71,0.3005555335407825,4,126.55067089440541,0.35727949592660607,-28.84067089440542,-0.056723962385823556,1.7041072674960658
Shadipur,2025,1,139.66,0.2829073928445113,4,193.86253046120976,0.3218598641055801,-54.20253046120976,-0.03895247126106882,2.1434593848748458
Shadipur,2025,4,119.43,0.2397852060881758,4,78.93606981121138,0.2924704063481528,40.493930188788624,-0.052685200259977,-2.074639816936997
Shadipur,2025,5,78.09,0.2498846471418269,4,70.85503100439954,0.30565954471381407,7.234968995600468,-0.05577489757198717,-0.33764091928728296
Shadipur,2025,7,43.92,0.2282596329680793,4,31.63171200178262,0.23069049481667162,12.288287998217381,-0.002430861848592314,-0.029745973761831666
Shadipur,2025,8,51.7,0.1703929337800919,4,33.472775679340856,0.26980887013837157,18.227224320659147,-0.09941593635827967,-1.6027397524067066
Shadipur,2025,9,56.39,0.2719254793631954,4,40.04039770535753,0.3523015768851898,16.349602294642473,-0.08037609752199443,-1.1772853019459135
Shadipur,2025,10,91.13,0.2812285213640211,4,126.88716451295153,0.3387762128060698,-35.75716451295153,-0.05754769144204869,2.127886091579468
Shadipur,2025,11,138.3,0.2359328377936705,4,250.2148693015384,0.29472785309960053,-111.9148693015384,-0.05879501530593004,6.65325390784756
Shadipur,2025,12,165.27,0.2593413184951789,4,254.95798355360014,0.30668673462709223,-89.68798355360013,-0.04734541613191334,4.293792582984481
Sirifort,2022,1,142.48,0.5095363000002988,3,154.20602361741587,0.3419843981908161,-11.726023617415876,0.1675519018094827,-1.3701073881329537
Sirifort,2022,3,103.4,0.4291737481342453,3,93.38194772448233,0.28872910772695276,10.018052275517675,0.14044464040729254,1.8247581946503473
Sirifort,2022,4,120.7,0.4530831182040845,3,90.3708826862459,0.2997915586309402,30.329117313754097,0.15329155957314428,5.146900505759161
Sirifort,2022,6,51.25,0.4754139266207941,3,55.811089124530405,0.29115957689446503,-4.561089124530405,0.1842543497263291,-0.12133392573047463
Sirifort,2022,7,30.87,0.4721645200285044,3,35.14537399451778,0.2881674865010798,-4.275373994517782,0.18399703352742458,-0.06959653686462695
Sirifort,2022,8,28.65,0.505443037177789,3,31.71806342156721,0.3508350815296813,-3.06806342156721,0.15460795564810775,0.03194057930523796
Sirifort,2022,9,35.57,0.4118033651482643,3,39.36356704217872,0.2913738635865288,-3.793567042178722,0.12042950156173554,-0.14967282514788374
Sirifort,2022,10,97.4,0.4952306142814507,3,110.79958539582476,0.3551662961916932,-13.399585395824758,0.1400643180897575,-1.4612869489862494
Sirifort,2022,11,175.48,0.4274212601595253,3,188.63778858261685,0.2715943769197889,-13.15778858261686,0.15582688323973642,-1.5360349902375041
Sirifort,2022,12,165.27,0.4207384532907161,3,174.08090487511953,0.27782045912098036,-8.810904875119519,0.14291799416973572,-0.826616013847036
Sirifort,2023,2,109.24,0.4243923245291555,3,117.07164514097038,0.2724679100148208,-7.83164514097038,0.1519244145143347,-0.700953320359044
Sirifort,2023,3,72.15,0.4382808050942584,3,73.12872956685612,0.29049182429065684,-0.9787295668561171,0.14778898080360153,0.31796743204040095
Sirifort,2023,5,62.73,0.4776137164274255,3,60.567455163201004,0.3221614807428252,2.1625448367989932,0.15545223568460032,0.8480045702672963
Sirifort,2023,6,41.59,0.4943780550621123,3,41.561770469076876,0.3263924093820817,0.0282295309231273,0.1679856456800306,0.6024348610997236
Sirifort,2023,7,28.28,0.3900092758466579,3,33.00876297211065,0.24355314655479643,-4.728762972110651,0.14645612929186147,-0.23825006955438344
Sirifort,2023,8,31.66,0.5344385586139989,3,36.65329392061704,0.3727818853887981,-4.993293920617038,0.16165667322520083,-0.2536951310162689
Sirifort,2023,9,32.68,0.5366819282038485,3,42.35929950278196,0.37352265695246795,-9.679299502781959,0.16315927125138058,-1.015425842355691
Sirifort,2023,10,91.57,0.5197985273389457,3,108.83512246190577,0.3581367948279523,-17.265122461905776,0.16166173251099342,-2.237570810567908
Sirifort,2023,11,232.49,0.3606481174029562,3,262.99423397228566,0.2269292158200446,-30.504233972285647,0.1337189015829116,-3.7002718148139184
Sirifort,2023,12,194.73,0.4764568099748952,3,218.4150131556686,0.29608658380882824,-23.6850131556686,0.18037022616606696,-3.5830012327700875
Sirifort,2024,5,78.53,0.4076025627026327,3,80.4415107248751,0.24829500452806494,-1.9115107248751002,0.15930755817456774,0.23301642840958853
Sirifort,2024,7,39.08,0.3148577087500625,3,37.48962844888832,0.20152655246459772,1.59037155111168,0.1133311562854648,0.4522783227596614
Sirifort,2024,9,40.49,0.4654864081195833,3,40.909810344619956,0.2958547608564853,-0.4198103446199539,0.16963164726309798,0.5382499121694053
Sirifort,2024,11,239.64,0.3777660875691475,3,256.92389729700943,0.21593082078059092,-17.283897297009446,0.16183526678855656,-2.242416311628825
Sirifort,2024,12,183.48,0.4252633227944729,3,171.34335233609193,0.2824457896371297,12.136647663908064,0.1428175331573432,2.165338929332294
Sirifort,2025,1,188.54,0.4774209564497826,3,163.2964126960598,0.3385497746185678,25.24358730394019,0.13887118183121483,3.9140746458159845
Sirifort,2025,2,110.12,0.2381886701863146,3,106.97055843244596,0.23034579172801406,3.1494415675540495,0.007842878458300534,0.026003507911518866
Sirifort,2025,3,78.72,0.4582041454839831,3,68.51395940191867,0.32072161215946626,10.20604059808133,0.13748253332451682,1.8034920185326733
Sirifort,2025,4,84.69,0.4187234873930463,3,71.27599242189815,0.28140110032852234,13.414007578101845,0.137322387064524,2.241451115994286
Sirifort,2025,6,54.42,0.4282269012427491,3,43.18566471983646,0.3044075635096526,11.234335280163542,0.1238193377330965,1.7157490941811882
Sirifort,2025,7,34.19,0.1693644953215942,3,29.547701572817523,0.2208146164643463,4.6422984271824745,-0.0514501211427521,-0.18277993343536675
Sirifort,2025,8,30.07,0.430883487456003,3,29.988884171093662,0.2589157797536218,0.08111582890633784,0.17196770770238123,0.640314204414804
Sirifort,2025,9,29.17,0.522291616982741,3,37.50998776908818,0.37755695650314147,-8.339987769088175,0.1447346604795995,-0.7633962563663121
Sirifort,2025,10,102.68,0.5288711949673092,3,114.94660704513441,0.373481753506635,-12.266607045134407,0.15538944146067418,-1.3946824977585401
Sirifort,2025,11,214.27,0.4590968551937164,3,226.43088846024787,0.29588701240873083,-12.160888460247861,0.16320984278498557,-1.420585501203572
Sirifort,2025,12,228.21,0.4799359755506601,3,225.05251482089707,0.3311860587650864,3.1574851791029346,0.1487499167855737,0.9383239859260056
Sonia_Vihar,2022,2,95.51,0.3085271122052958,3,106.72799817362164,0.28363749009296046,-11.217998173621638,0.024889622112335308,-0.2660906363097089
Sonia_Vihar,2022,3,85.01,0.313652143553008,3,89.31983031908713,0.27534402302171224,-4.309830319087126,0.038308120531295786,-0.13401904532560124
Sonia_Vihar,2022,4,103.19,0.2981596246766111,3,106.82471783110394,0.23665868196135922,-3.6347178311039414,0.06150094271525189,-0.14342665040065586
Sonia_Vihar,2022,7,45.38,0.3085863068688327,3,38.64784937672065,0.2424741307097251,6.732150623279352,0.06611217615910761,0.5376527235091001
Sonia_Vihar,2022,8,34.4,0.3837598457687972,3,35.54981371789352,0.2820651428103786,-1.1498137178935224,0.10169470295841859,0.1021134867241901
Sonia_Vihar,2022,9,39.84,0.2804779792924032,3,44.083274971941016,0.2431744387333176,-4.2432749719410126,0.03730354055908561,-0.12881554396473183
Sonia_Vihar,2022,10,116.86,0.3297068881056594,3,129.13227514084124,0.29624966221747556,-12.272275140841245,0.03345722588818384,-0.3868872690108053
Sonia_Vihar,2022,11,214.87,0.258995802581498,3,164.93764405884394,0.21093276861327484,49.93235594115606,0.04806303396822317,2.448828351816999
Sonia_Vihar,2022,12,186.69,0.295392841906191,3,161.71532005712314,0.2248391570707415,24.97467994287686,0.07055368483544947,1.8674878349207806
Sonia_Vihar,2023,1,181.65,0.2150220595766065,3,157.23497217357644,0.17698162520515362,24.415027826423568,0.03804043437145288,0.9594078448651084
Sonia_Vihar,2023,2,120.59,0.2844538789769735,3,109.34308910009845,0.2666482667738348,11.24691089990155,0.0178056122031387,0.20697315581719813
Sonia_Vihar,2023,3,79.17,0.2974614573401387,3,67.47484623915656,0.25193596039094585,11.69515376084344,0.045525496949192834,0.5763255115388081
Sonia_Vihar,2023,4,70.55,0.3023542918273536,3,67.25727219945838,0.25608768291695544,3.2927278005416127,0.04626660891039819,0.19768203732771145
Sonia_Vihar,2023,5,73.18,0.2875873290982957,3,59.444074479505375,0.2530184326482594,13.735925520494632,0.0345688964500363,0.5001465151935066
Sonia_Vihar,2023,6,49.96,0.2973819770439923,3,44.12457275469891,0.27066294826502163,5.835427245301091,0.026719028778970644,0.17103775462144954
Sonia_Vihar,2023,7,40.16,0.190806455907702,3,32.16247048661573,0.18571889650077006,7.997529513384265,0.005087559406931952,0.04123612363115538
Sonia_Vihar,2023,8,39.13,0.3433618763010173,3,40.32343308050898,0.3166669573494821,-1.1934330805089743,0.026694918951535196,-0.01676506934878989
Sonia_Vihar,2023,12,212.59,0.2766526418153907,3,202.49485362734902,0.23295530373625312,10.095146372650987,0.04369733807913756,0.48157404350439387
Sonia_Vihar,2024,1,218.46,0.1488702123874518,3,193.46431086585193,0.14419005848359848,24.99568913414808,0.004680153903853318,0.11744760359957512
Sonia_Vihar,2024,2,111.12,0.2410980827167547,3,101.99797161886501,0.24503076152348077,9.122028381134996,-0.00393267880672607,-0.035546432828272696
Sonia_Vihar,2024,3,73.66,0.3131103790286453,3,69.30699039090842,0.28399706376569095,4.353009609091572,0.029113315262954353,0.14468271041890066
Sonia_Vihar,2024,5,87.74,0.2310954346321535,3,77.69185956304177,0.21370716327856806,10.04814043695822,0.01738827135358545,0.1811237203220673
Sonia_Vihar,2024,6,58.01,0.2334983123164754,3,61.526801923121845,0.2201159696331128,-3.5168019231218466,0.01338234268336258,-0.04326991695250913
Sonia_Vihar,2024,7,57.6,0.1053580314581379,3,41.1046567889322,0.17546724020033747,16.495343211067798,-0.07010920874219957,-1.0523675474248888
Sonia_Vihar,2024,8,35.39,0.3965274798157251,3,30.018300895372906,0.27194715679908094,5.371699104627094,0.12458032301664418,0.9979328434176962
Sonia_Vihar,2024,9,48.03,0.3537186470306727,3,43.2320849824705,0.2344455039999744,4.797915017529505,0.11927314303069828,0.8735761446042842
Sonia_Vihar,2024,10,129.91,0.371529333474879,3,115.70097022212416,0.31151521897914886,14.209029777875841,0.06001411449573013,0.929027561939645
Sonia_Vihar,2024,11,282.42,0.2413358377983206,3,261.06545791867694,0.19590424259193862,21.354542081323075,0.045431595206381986,1.0138878341432471
Sonia_Vihar,2024,12,181.47,0.2579158118694353,3,160.6404080770656,0.2264052688058835,20.829591922934412,0.031510543063551805,0.6773820492811271
Sonia_Vihar,2025,1,136.65,0.2854074013863462,3,149.88618507726207,0.2633695116759344,-13.236185077262064,0.022037889710411762,-0.2814109450548397
Sonia_Vihar,2025,2,76.45,0.3266103680597463,3,98.67333677165388,0.27328596599563837,-22.223336771653877,0.053324402064107934,-1.1248199263669576
Sonia_Vihar,2025,3,54.21,0.3301563452605469,3,68.01263308079417,0.29861722235859406,-13.802633080794173,0.03153912290195282,-0.41425447915042385
Sonia_Vihar,2025,4,58.19,0.2598922452295437,3,70.1928685598617,0.2385037879146325,-12.002868559861696,0.02138845731491118,-0.2470335389652755
Sonia_Vihar,2025,6,63.46,0.3045704104167621,3,44.19559653213773,0.24401975969775316,19.264403467862273,0.06055065071900892,1.2441274901795747
Sonia_Vihar,2025,7,35.81,0.2691293847791271,3,30.26593417642195,0.18810243048873207,5.544065823578052,0.08102695429039505,0.5882756985061076
Sonia_Vihar,2025,8,41.51,0.4711985757272969,3,30.661193536492068,0.1971089925105406,10.84880646350793,0.2740895832167563,4.56472249302283
Sonia_Vihar,2025,9,34.93,0.3565631645386973,3,37.6497990630386,0.3126711700137793,-2.7197990630386,0.04389199452491799,-0.07857326435882227
Sonia_Vihar,2025,11,240.37,0.314343164879765,3,222.9798281771091,0.24769779830949248,17.390171822890892,0.06664536657027251,1.2530492251842047
Sonia_Vihar,2025,12,233.83,0.3038395771612484,3,206.4946372974871,0.25845945315114766,27.335362702512924,0.04538012401010072,1.2841000707452541
Sri_Aurobindo_Marg,2022,1,139.69,0.5738461353088203,2,126.5947937303676,0.48077705676206783,13.0952062696324,0.0930690785467525,1.4022200686072344
Sri_Aurobindo_Marg,2022,2,89.46,0.4940739633639202,2,84.51750539373293,0.4300340126744335,4.942494606267061,0.0640399506894867,0.40338026335747396
Sri_Aurobindo_Marg,2022,4,75.8,0.5218354204833008,2,92.47554135482642,0.44215190804950694,-16.67554135482642,0.07968351243379385,-1.194281728493241
Sri_Aurobindo_Marg,2022,5,67.08,0.5205194145902509,2,67.53701492840685,0.4285622410303331,-0.4570149284068492,0.09195717355991778,0.1370780142803746
Sri_Aurobindo_Marg,2022,6,48.44,0.5466224439329586,2,49.153835760943146,0.41122144316352216,-0.713835760943148,0.1354010007694364,0.29165483543130843
Sri_Aurobindo_Marg,2022,7,29.5,0.5553095000639942,2,31.18130092959214,0.48793252127842146,-1.6813009295921404,0.0673769787855727,-0.01712934162500692
Sri_Aurobindo_Marg,2022,8,26.81,0.6279286975965158,2,29.325877106660943,0.5324922440784307,-2.5158771066609447,0.09543645351808516,-0.04719307802349419
Sri_Aurobindo_Marg,2022,9,32.59,0.5564319454334624,2,32.88613190393456,0.4744298703159781,-0.29613190393455824,0.08200207511748431,0.11814060732493616
Sri_Aurobindo_Marg,2022,10,86.38,0.591007967324277,2,84.2030411132464,0.5181523620048649,2.176958886753596,0.07285560531941204,0.27102779148834577
Sri_Aurobindo_Marg,2022,11,160.46,0.5240495295899259,2,152.64041465792232,0.4621322495504978,7.819585342077687,0.06191728003942809,0.565367702228276
Sri_Aurobindo_Marg,2023,1,170.38,0.3863895799839931,2,153.87247379904724,0.33084978911452717,16.507526200952753,0.05553979086946592,0.9821589804180967
Sri_Aurobindo_Marg,2023,2,98.38,0.5008659816381977,2,89.72390693764386,0.4050062898425334,8.656093062356135,0.09585969179566434,1.0243985682211287
Sri_Aurobindo_Marg,2023,3,58.96,0.5298001154738639,2,65.55404334674387,0.4581798368127652,-6.594043346743867,0.07162027866109866,-0.36362325318984373
Sri_Aurobindo_Marg,2023,5,49.56,0.5380059214054757,2,58.00894808748395,0.4669674832907525,-8.448948087483949,0.07103843811472316,-0.49331417599454974
Sri_Aurobindo_Marg,2023,6,34.6,0.5755479790917923,2,39.5693812210785,0.4677381011569085,-4.9693812210785,0.10780987793488384,-0.28956954456153094
Sri_Aurobindo_Marg,2023,7,26.87,0.4836150259018575,2,31.247940766062964,0.45335848182948885,-4.377940766062963,0.030256544072368663,-0.11307160586799028
Sri_Aurobindo_Marg,2023,8,36.67,0.6297695698371336,2,29.326600412403273,0.5546229287699304,7.343399587596728,0.07514664106720326,0.6714377549242297
Sri_Aurobindo_Marg,2023,10,80.08,0.5962298145251159,2,84.94211492877776,0.5358942906200488,-4.862114928777757,0.060335523905067134,-0.21625374079821735
Sri_Aurobindo_Marg,2023,11,213.43,0.4406545862025816,2,222.01290780157817,0.3953461091140344,-8.582907801578159,0.04530847708854718,-0.3453981807635355
Sri_Aurobindo_Marg,2023,12,184.36,0.5392736376410259,2,162.32367357600666,0.48243317027217747,22.03632642399336,0.0568404673688484,1.3209854632798008
Sri_Aurobindo_Marg,2024,1,215.08,0.3616133973788002,2,170.96530028975297,0.30196901958910394,44.11469971024704,0.05964437778969628,2.7065419726031457
Sri_Aurobindo_Marg,2024,2,95.24,0.4379020088466394,2,84.14549582248029,0.321157141280594,11.09450417751971,0.11674486756604535,1.583901439864097
Sri_Aurobindo_Marg,2024,3,65.32,0.4782825842366564,2,69.71151083983656,0.3976692700674961,-4.39151083983657,0.08061331416916034,-0.21637345139629327
Sri_Aurobindo_Marg,2024,4,51.98,0.460839937639442,2,57.37440249625022,0.3677614778706828,-5.394402496250223,0.09307845976875917,-0.31860440090752473
Sri_Aurobindo_Marg,2024,5,68.44,0.4404047899792242,2,76.26025390016278,0.3286927195681771,-7.820253900162783,0.11171207041104714,-0.6092944504546167
Sri_Aurobindo_Marg,2024,6,46.58,0.4497833086967621,2,47.268999077759425,0.31685273863459595,-0.6889990777594264,0.13293057006216613,0.2826795176215719
Sri_Aurobindo_Marg,2024,7,32.44,0.4392610717626042,2,35.87160634777154,0.35944348256115105,-3.4316063477715417,0.07981758920145315,-0.1389656167853422
Sri_Aurobindo_Marg,2024,8,20.26,0.5969119673138154,2,27.177575204691756,0.5450178550072804,-6.9175752046917545,0.051894112306534956,-0.30194270284789543
Sri_Aurobindo_Marg,2024,10,80.88,0.6194663119161938,2,87.48164504946413,0.5406722533779441,-6.601645049464139,0.07879405853824972,-0.38867198157428473
Sri_Aurobindo_Marg,2024,11,167.2,0.4306771692997551,2,217.99724978886897,0.36895594736901827,-50.79724978886898,0.061721221930736814,-3.054581500134635
Sri_Aurobindo_Marg,2024,12,142.29,0.49397448980338,2,145.0934025858694,0.4405448119852275,-2.8034025858694065,0.0534296778181525,-0.08932064001958284
Sri_Aurobindo_Marg,2025,1,115.34,0.5511509408521701,2,134.9824241839632,0.47707813507916363,-19.642424183963186,0.07407280577300646,-1.3387574113572753
Sri_Aurobindo_Marg,2025,2,82.02,0.2636984495076291,2,81.88100795959848,0.29874380736275624,0.13899204040151858,-0.035045357855127135,0.021142223760394797
Sri_Aurobindo_Marg,2025,4,63.75,0.4875286768051308,2,65.68104302273044,0.38116730504579643,-1.9310430227304352,0.10636137175933436,0.03421970063427433
Sri_Aurobindo_Marg,2025,7,22.61,0.4310344050400086,2,30.305323650810283,0.3620911110050105,-7.695323650810284,0.0689432940349981,-0.4298668813555088
Sri_Aurobindo_Marg,2025,8,20.02,0.5373495451739604,2,30.07055219983252,0.457589224126364,-10.05055219983252,0.0797603210475964,-0.6668919029436312
Sri_Aurobindo_Marg,2025,9,26.29,0.6359898628638876,2,32.293533709566795,0.5368262745965936,-6.0035337095667956,0.09916358826729399,-0.3870564974370028
Sri_Aurobindo_Marg,2025,10,68.55,0.6280632666271668,2,88.87323523525782,0.5480991904913491,-20.323235235257826,0.07996407613581769,-1.4896960544401734
Sri_Aurobindo_Marg,2025,12,172.51,0.5806011585273286,2,167.3696647887876,0.4941143570430613,5.1403352112124026,0.08648680148426735,0.6029996404000247
Vivek_Vihar,2022,1,179.2,0.2031336240880018,1,172.67045534163452,0.21438563147381184,6.529544658365467,-0.011252007385810031,-0.07078888700973224
Vivek_Vihar,2022,4,111.75,0.2355913533287542,1,101.73952376125638,0.20714741030299275,10.010476238743621,0.028443943025761448,0.30187356399454646
Vivek_Vihar,2022,5,83.06,0.2383434282350997,1,75.40091600607312,0.20930496499151835,7.659083993926885,0.029038463243581364,0.24026800490006667
Vivek_Vihar,2022,6,60.25,0.2140268495592385,1,66.67840842935286,0.21303513588101852,-6.4284084293528565,0.0009917136782199854,-0.006354309755783275
Vivek_Vihar,2022,7,37.2,0.2508499826904384,1,38.22073055031266,0.19220591848026683,-1.0207305503126562,0.05864406421017157,0.012982190078820163
Vivek_Vihar,2022,9,42.76,0.1706428581022802,1,42.48871294068909,0.16149640935911336,0.27128705931090735,0.009146448743166835,0.004253210779643556
Vivek_Vihar,2022,10,124.19,0.2502647857171209,1,97.13157506606822,0.20183695717982944,27.058424933931775,0.04842782853729147,1.3600541305082143
Vivek_Vihar,2022,11,208.24,0.1805109308109397,1,188.93024978199077,0.16899097870536264,19.309750218009242,0.011519952105577047,0.22525823011689422
Vivek_Vihar,2022,12,203.19,0.1908269134839902,1,186.40225019970833,0.17512249727326193,16.787749800291664,0.015704416210728267,0.26886549778392554
Vivek_Vihar,2023,1,200.67,0.1330883779151709,1,187.29885066627912,0.1444322731396378,13.371149333720865,-0.01134389522446691,-0.1489553427915915
Vivek_Vihar,2023,3,85.82,0.2252738922378812,1,71.22434729781703,0.1998022405379359,14.59565270218296,0.02547165169994528,0.38551731488802343
Vivek_Vihar,2023,4,75.22,0.2474415928963043,1,67.35820349496207,0.2149530910913211,7.86179650503793,0.032488501804983194,0.2777739321525428
Vivek_Vihar,2023,6,43.83,0.2476976148397246,1,47.700049648492566,0.21887109154859336,-3.870049648492568,0.02882652329113125,-0.09395985449960402
Vivek_Vihar,2023,7,23.02,0.2058641200116049,1,34.71624282591992,0.15278396663633703,-11.69624282591992,0.05308015337526786,-0.5611626046514154
Vivek_Vihar,2023,8,26.63,0.2953761903005744,1,45.856612614173024,0.23135825253410455,-19.226612614173025,0.06401793776646983,-1.1440446432616234
Vivek_Vihar,2023,9,29.05,0.2738203968577495,1,38.50016953308318,0.20523547457859967,-9.45016953308318,0.06858492227914983,-0.5485089638675655
Vivek_Vihar,2023,11,203.15,0.1527104099676848,1,224.70270181993888,0.14456576547373354,-21.552701819938875,0.008144644493951275,-0.17413408919279325
Vivek_Vihar,2023,12,231.5,0.1806262733111678,1,203.07010845245497,0.1905109160979217,28.429891547545026,-0.009884642786753911,-0.27894986941139027
Vivek_Vihar,2024,1,247.67,0.0817908830919281,1,222.19712696357982,0.10697847726322768,25.472873036420168,-0.02518759417129958,-0.6281632440340716
Vivek_Vihar,2024,3,80.01,0.2464269475362607,1,78.00875338647448,0.2049064120098924,2.001246613525524,0.04152053552636831,0.11960683874602174
Vivek_Vihar,2024,4,70.13,0.2123176148699311,1,69.46801618730403,0.19501409635365652,0.661983812695965,0.01730351851627457,0.01779630184725086
Vivek_Vihar,2024,5,83.49,0.2163240808393692,1,77.81380542750273,0.19408537057037537,5.676194572497266,0.022238710268993822,0.13670621689114384
Vivek_Vihar,2024,6,52.11,0.205649213529273,1,68.39487741996206,0.19319820386795586,-16.284877419962058,0.012451009661317153,-0.19947962277546438
Vivek_Vihar,2024,7,39.43,0.1390955019557894,1,41.47285122222898,0.14508067805374894,-2.0428512222289825,-0.005985176097959538,0.012985554689207384
Vivek_Vihar,2024,8,26.01,0.2556047846080257,1,29.051283107330967,0.20051016228810398,-3.0412831073309654,0.05509462231992174,-0.10326707046389833
Vivek_Vihar,2024,10,140.25,0.2926808078102023,1,104.72217521488538,0.23511379233197469,35.52782478511462,0.057567015478227596,2.115421775990836
Vivek_Vihar,2024,11,301.83,0.1669641017954731,1,239.1948048336509,0.1496512104081624,62.63519516634909,0.017312891387310708,1.0907448557058947
Vivek_Vihar,2024,12,197.95,0.2060730705765575,1,180.32749718067925,0.1790807655706599,17.622502819320744,0.026992305005897582,0.4911036633506782
Vivek_Vihar,2025,2,123.59,0.2168184840835202,1,104.93849842284207,0.1915726064263518,18.65150157715793,0.025245877657168403,0.4843729297292289
Vivek_Vihar,2025,3,75.82,0.2464231954714887,1,73.75383376288654,0.21588793917934304,2.0661662371134497,0.03053525629214565,0.08283953536856167
Vivek_Vihar,2025,4,72.14,0.2296182709109727,1,72.58347164642413,0.20527678843364852,-0.44347164642412906,0.024341482477324178,0.0017547783981948916
Vivek_Vihar,2025,5,66.02,0.2333241854341159,1,73.73810175381162,0.2164144596106426,-7.718101753811624,0.016909725823473304,-0.12445469344127555
Vivek_Vihar,2025,6,45.5,0.2329419558432927,1,47.167233266288754,0.2001585303553064,-1.6672332662887541,0.032783425487986295,-0.031893948139220564
Vivek_Vihar,2025,7,28.88,0.1911613426771839,1,33.23370995214927,0.1528276458622955,-4.35370995214927,0.03833369681488841,-0.13576982527828968
Vivek_Vihar,2025,8,29.41,0.193790917022027,1,32.54854099416632,0.17549698830034682,-3.1385409941663234,0.018293928721680175,-0.05032785572185005
Vivek_Vihar,2025,9,35.76,0.267637291817215,1,42.5503634620214,0.22119247977882295,-6.7903634620214035,0.04644481203839207,-0.26968853593432146
Vivek_Vihar,2025,10,133.64,0.2876575086452435,1,109.69724608641606,0.22613016127992222,23.94275391358393,0.061527347365321255,1.5533148644835089
Vivek_Vihar,2025,11,269.57,0.2236176874110866,1,206.2469038762106,0.20403166205599352,63.323096123789384,0.019586025355093073,1.2483728198327728
Vivek_Vihar,2025,12,261.27,0.2153372123432808,1,222.57349227531287,0.20107590896076238,38.69650772468711,0.014261303382518409,0.556170401937273
Wazirpur,2022,1,184.76,0.2482181833200573,0,154.65399001904592,0.23231793828007685,30.10600998095407,0.015900245039980443,0.4840477110806944
Wazirpur,2022,3,111.68,0.2089555605598938,0,106.9213397532617,0.21216783605261724,4.758660246738302,-0.003212275492723432,-0.015067573478113558
Wazirpur,2022,4,131.55,0.2239463567834834,0,130.59500093156603,0.21111048822445067,0.9549990684339775,0.012835868559032737,0.015747910682815846
Wazirpur,2022,5,79.49,0.2353128770208748,0,85.82287366904409,0.20931251613785354,-6.3328736690440905,0.026000360883021267,-0.1503386710285446
Wazirpur,2022,6,64.34,0.2234504166566749,0,64.30762192695107,0.2069151024592249,0.03237807304893181,0.016535314197449996,0.006326447584047752
Wazirpur,2022,7,46.59,0.198756607450227,0,36.1785097893618,0.2062169401497848,10.411490210638206,-0.0074603326995578145,-0.07649435407011618
Wazirpur,2022,8,41.57,0.2454476655568754,0,34.49263245683126,0.23233550448001986,7.077367543168741,0.013112161076855533,0.096441098708116
Wazirpur,2022,11,210.27,0.1691922332656776,0,184.47652717368277,0.17624816821708372,25.79347282631724,-0.007055934951406134,-0.18094257575227893
Wazirpur,2022,12,200.25,0.1995907090197623,0,159.28887828300373,0.19198382464012478,40.961121716996274,0.007606884379637524,0.3128121126932761
Wazirpur,2023,1,201.52,0.1398355240377089,0,167.39204224473815,0.12887677246401816,34.12795775526186,0.01095875157369075,0.3765434515028854
Wazirpur,2023,2,136.98,0.2117669930265212,0,128.0255791132205,0.21152363534318105,8.954420886779502,0.00024335768334013408,0.0021803814871005373
Wazirpur,2023,3,90.12,0.2234065617736026,0,90.21237127870565,0.22448955622504987,-0.09237127870564166,-0.0010829944514472722,0.00012487955457100215
Wazirpur,2023,4,81.64,0.2298048001753376,0,79.17554177103172,0.22142404732758003,2.464458228968283,0.008380752847757578,0.02214166158451139
Wazirpur,2023,5,76.81,0.241708017097619,0,72.8960907362255,0.22810499457389727,3.9139092637744994,0.013603022523721725,0.05716025919643231
Wazirpur,2023,6,51.41,0.2316650650984302,0,49.09759068752374,0.2288971567039396,2.3124093124762553,0.00276790839449062,0.0065628066986611186
Wazirpur,2023,7,43.83,0.1341387002787948,0,34.46532154718465,0.17506448142270187,9.364678452815347,-0.040925781143907075,-0.34778135934038723
Wazirpur,2023,8,50.05,0.2641374959220116,0,36.37673745643552,0.25408855744202963,13.673262543564476,0.01004893847998195,0.13954059287846968
Wazirpur,2023,9,53.42,0.2600764580854861,0,44.87348136943165,0.26286303941310957,8.54651863056835,-0.002786581327623494,-0.023651102881985374
Wazirpur,2023,10,127.24,0.2518657122925532,0,118.69692860758487,0.24207319838474936,8.54307139241513,0.009792513907803863,0.08568920191886038
Wazirpur,2023,12,242.49,0.2230196175907699,0,218.1075701025818,0.2122625252269033,24.382429897418206,0.0107570923638666,0.2647349381185253
Wazirpur,2024,1,249.13,0.109060640138416,0,222.23269179273976,0.10129940526241384,26.897308207260238,0.0077612348760021654,0.2100321637333576
Wazirpur,2024,2,126.73,0.1983036437896623,0,115.67376810569057,0.1961447414728308,11.056231894309434,0.002158902316831496,0.023968043389890725
Wazirpur,2024,3,84.76,0.2281489621596062,0,90.99812407200986,0.22869319531843219,-6.238124072009853,-0.0005442331588259852,0.00340126737791913
Wazirpur,2024,4,75.86,0.191326075879765,0,86.92729068746759,0.19148364502074064,-11.06729068746759,-0.00015756914097564412,0.0017443893535833332
Wazirpur,2024,5,97.41,0.2072385963602878,0,124.4223307889932,0.19381992317975388,-27.012330788993197,0.013418673180533913,-0.3586558839625067
Wazirpur,2024,6,59.47,0.2116948693242274,0,83.15957921857515,0.18682147045228145,-23.689579218575147,0.02487339887194595,-0.5761363532085482
Wazirpur,2024,9,51.66,0.1739591496478776,0,44.30446697958319,0.20963521933048315,7.355533020416807,-0.03567606968260556,-0.23545851185654237
Wazirpur,2024,11,311.02,0.1583164391398379,0,255.97804714935603,0.1666940839386993,55.04195285064395,-0.008377644798861411,-0.4596353869536788
Wazirpur,2024,12,220.52,0.1936676958531619,0,158.21492636767576,0.18739096152952386,62.30507363232425,0.006276734323638039,0.3919068457101714
Wazirpur,2025,1,221.92,0.2464932484539785,0,153.56566231898015,0.22429358826025247,68.35433768101984,0.022199660193726017,1.5278812848872183
Wazirpur,2025,2,122.69,0.185156778418769,0,114.34233038790519,0.19602769577681742,8.347669612094805,-0.010870917358048404,-0.08824379681484336
Wazirpur,2025,3,89.17,0.239521850793111,0,81.60366906631943,0.2305709043754909,7.566330933680575,0.008950946417620093,0.06942278244715924
Wazirpur,2025,5,82.1,0.2347617573342,0,74.94282666101329,0.21559892823301827,7.157173338986709,0.019162829101181722,0.1449294195333356
Wazirpur,2025,6,62.48,0.2227371622514938,0,50.69071808947311,0.22233679579210985,11.789281910526888,0.0004003664593839329,0.004723428129159308
Wazirpur,2025,7,39.5,0.1683028987821316,0,31.866417890842456,0.1601348656000779,7.633582109157544,0.008168033182053697,0.06376443797320443
Wazirpur,2025,8,47.2,0.1559843699384435,0,32.952193620412274,0.17303951172290608,14.247806379587729,-0.017055141784462574,-0.23683745624734578
Wazirpur,2025,10,141.0,0.2365038954092042,0,116.0018989083456,0.24623508999690616,24.998101091654405,-0.009731194587701969,-0.24125568628315797
Wazirpur,2025,11,283.76,0.2179738059798803,0,224.81414063208746,0.20465834973498487,58.94585936791253,0.01331545624489544,0.7886463205327706
Wazirpur,2025,12,266.65,0.2091962076459878,0,236.8498113299694,0.21744534418693673,29.800188670030565,-0.008249136540948943,-0.2443845378729221
