station,year,month,pm25,sentinel2_ndvi_mean_500m,fold,y_hat_oof,t_hat_oof,y_residual,t_residual,orthogonal_score
Alipur,2022,1,128.79,0.5633144210215753,2,158.53373999092193,0.3183557854368619,-29.743739990921938,0.24495863558471337,-6.863147750056007
Alipur,2022,2,103.96,0.5285092151598206,2,100.60309753737626,0.3183130497028082,3.3569024626237365,0.21019616545701242,1.0169504481622438
Alipur,2022,3,108.41,0.4987345190208384,2,102.70180677772981,0.2958861369275454,5.708193222270182,0.20284838209329298,1.4478535720473567
Alipur,2022,4,127.27,0.3029156602477867,2,133.39894553877718,0.2584925733813971,-6.128945538777188,0.04442308686638963,-0.2583605531320702
Alipur,2022,6,61.81,0.273336967867672,2,69.96221807026201,0.28440310298284427,-8.152218070262009,-0.011066135115172293,0.09107648677138735
Alipur,2022,7,33.32,0.338184315841221,2,38.896402467280794,0.3175028201757659,-5.5764024672807935,0.020681495665455074,-0.11231427848957823
Alipur,2022,8,31.47,0.5074291092964686,2,36.69988101213468,0.3652480406395977,-5.229881012134683,0.14218106865687086,-0.6011368511735099
Alipur,2022,10,113.09,0.4890232985992082,2,106.34499349178428,0.35846650669956986,6.745006508215724,0.1305567918996383,1.0007187605307934
Alipur,2022,11,211.13,0.2703401201941726,2,171.95312559003372,0.30079294226415954,39.176874409966274,-0.03045282206998695,-1.186511412441654
Alipur,2022,12,182.23,0.3925852042972145,2,159.32615145528447,0.2977045813104869,22.903848544715515,0.09488062298672761,2.2365685853907937
Alipur,2023,1,155.76,0.4823952645613105,2,162.1426705313857,0.2604968623432369,-6.382670531385713,0.2218984022180736,-1.0693302810739773
Alipur,2023,2,121.24,0.5182623589759378,2,102.58579175182763,0.3017130144795823,18.654208248172367,0.21654934449635543,4.370004067275182
Alipur,2023,3,80.09,0.4249512489603779,2,88.63234527189456,0.288639187636464,-8.542345271894561,0.13631206132391388,-1.0334892281245682
Alipur,2023,4,76.69,0.3472359938321067,2,83.10378600630116,0.28346153048753164,-6.413786006301166,0.06377446334457504,-0.3803753539217288
Alipur,2023,5,67.45,0.3625463163864015,2,74.44258843770113,0.30324182253675475,-6.99258843770113,0.059304493849646756,-0.3899083443251507
Alipur,2023,7,32.34,0.2546485927283666,2,34.52820103978694,0.2589844806737746,-2.1882010397869394,-0.004335887945408012,0.009620272833690666
Alipur,2023,8,35.82,0.5048414717219822,2,39.06305117014013,0.36769286093457304,-3.2430511701401272,0.1371486107874092,-0.3122324604576084
Alipur,2023,9,35.55,0.502312344945745,2,47.88688059429512,0.3579052072941006,-12.336880594295124,0.14440713765164437,-1.6345848148477167
Alipur,2023,10,94.49,0.3828610468432031,2,112.20870395872483,0.3528271096527551,-17.71870395872483,0.030033937190448,-0.5258060119372343
Alipur,2023,11,228.48,0.2864574153152662,2,207.53477332110313,0.25759608620554963,20.94522667889686,0.02886132910971656,0.6103768544102761
Alipur,2023,12,198.96,0.4066072976037937,2,177.8700911092991,0.2864589849717917,21.08990889070091,0.12014831263200204,2.63564111787522
Alipur,2024,1,167.47,0.3029856308985502,2,173.9026490815931,0.20248517836250746,-6.432649081593098,0.10050045253604273,-0.5753095892751976
Alipur,2024,3,70.84,0.4896465457904704,2,97.18898318496338,0.29209392652093563,-26.348983184963373,0.19755261926953477,-4.930296957374644
Alipur,2024,4,65.78,0.2791414405574125,2,87.18532229015716,0.22984352212735107,-21.40532229015716,0.049297918430061455,-1.038112228675222
Alipur,2024,6,53.35,0.278258977883922,2,62.83502939078414,0.21458840496772405,-9.485029390784142,0.06367057291619796,-0.5753501499914928
Alipur,2024,7,38.88,0.380718753863091,2,43.71288470373451,0.23398381856094913,-4.832884703734507,0.14673493530214188,-0.5574285043233838
Alipur,2024,8,22.48,0.5649757996821335,2,30.96188673759202,0.3810619660845195,-8.48188673759202,0.18391383359761404,-1.3215850105810911
Alipur,2024,9,41.13,0.4786291416294704,2,52.89548931364656,0.3395982651133337,-11.765489313646555,0.13903087651613671,-1.499555585917127
Alipur,2024,10,127.49,0.4453411772920234,2,119.76668719042678,0.36297717703099086,7.7233128095732155,0.08236400026103252,0.6839268664192738
Alipur,2025,2,102.29,0.5393339270515103,2,93.01853024370847,0.30524439508958306,9.271469756291538,0.23408953196192722,2.556501054887262
Alipur,2025,4,93.56,0.3125511051712478,2,83.35525676550523,0.24717530019269657,10.20474323449477,0.06537580497855122,0.6972610741684471
Alipur,2025,5,82.31,0.2908686098068351,2,71.77344979523122,0.2910588053004269,10.536550204768787,-0.00019019549359178267,-0.0020037494556035844
Alipur,2025,6,53.72,0.3252004427507776,2,57.43005740154165,0.3006562963217819,-3.710057401541654,0.02454414642899566,-0.08681512473432966
Alipur,2025,8,28.67,0.470529949698007,2,33.72602824185535,0.3902701872402823,-5.056028241855351,0.0802597624577247,-0.3604030880193983
Alipur,2025,9,37.63,0.5375161794201035,2,45.2230154137275,0.3703978283237069,-7.5930154137275,0.16711835109639667,-1.072126817712261
Alipur,2025,10,102.63,0.4484158608460314,2,116.01513953195423,0.36297819289315514,-13.385139531954238,0.08543766795287627,-1.0921567018140919
Alipur,2025,11,230.41,0.3442940752484849,2,202.02797009552765,0.3259857091330619,28.382029904472347,0.01830836611542297,0.5219906381333974
Alipur,2025,12,199.32,0.3981282944923114,2,217.41241288388588,0.3226492456560654,-18.092412883885885,0.07547904883624601,-1.3254521822295844
Anand_Vihar,2022,1,230.33,0.1905710957796862,1,148.3896909679905,0.2808169304561775,81.94030903200951,-0.0902458346764913,-7.337380679714537
Anand_Vihar,2022,2,152.63,0.2252440161058658,1,99.00430603548169,0.2553800470583372,53.625693964518305,-0.030136030952471415,-1.609665855288261
Anand_Vihar,2022,3,112.11,0.196526028164589,1,95.38713870777025,0.2396642150772498,16.72286129222975,-0.0431381869126608,-0.7082806010044816
Anand_Vihar,2022,5,87.93,0.1956157614496351,1,74.59693733307991,0.26064574962316683,13.3330626669201,-0.06502998817353173,-0.8372489206944017
Anand_Vihar,2022,6,80.25,0.189360912119577,1,70.28977587582628,0.26045455279184215,9.96022412417372,-0.07109364067226515,-0.6724921775214773
Anand_Vihar,2022,7,41.75,0.2277458160988756,1,31.2153540371827,0.2621198631125955,10.5346459628173,-0.034374047013719905,-0.35379215392318325
Anand_Vihar,2022,8,40.91,0.1909883006833869,1,31.396780501015122,0.27049663329451606,9.513219498984874,-0.07950833261112916,-0.7118336763551677
Anand_Vihar,2022,9,52.76,0.181509721790981,1,38.84266019514384,0.24530469860516774,13.917339804856155,-0.06379497681418675,-0.8591775229523702
Anand_Vihar,2022,10,132.83,0.2386834421705268,1,89.51290641836603,0.29159093289652016,43.31709358163398,-0.05290749072599335,-2.2720734526401474
Anand_Vihar,2022,11,203.8,0.1753913731064495,1,174.28552074857268,0.22368407452540173,29.514479251427332,-0.04829270141895223,-1.4088996146670532
Anand_Vihar,2023,1,226.2,0.1317509673493513,1,167.67373680825597,0.189241239943451,58.52626319174402,-0.057490272594099695,-3.3414003974130586
Anand_Vihar,2023,2,137.86,0.2029639788403005,1,101.60899425432794,0.24117583926077477,36.251005745672074,-0.03821186042047425,-1.3749290892375212
Anand_Vihar,2023,3,99.13,0.2136129520520259,1,65.59568742968955,0.25084145039485045,33.53431257031045,-0.037228498342824545,-1.2386655818360999
Anand_Vihar,2023,4,91.27,0.208472899022948,1,57.59138513132202,0.26547721453189455,33.678614868677975,-0.05700431550894655,-1.8969280376948128
Anand_Vihar,2023,5,82.1,0.2019802901708993,1,52.8941065722627,0.27129818585912385,29.205893427737294,-0.06931789568822455,-1.990631658138923
Anand_Vihar,2023,6,55.56,0.2159672900498005,1,39.54552856541079,0.2707812059986973,16.01447143458921,-0.05481391594889681,-0.8566434769884066
Anand_Vihar,2023,7,37.66,0.1443112861337286,1,25.02097718760869,0.22183062149698088,12.639022812391307,-0.07751933536325228,-0.9374229980778214
Anand_Vihar,2023,9,53.5,0.2401410477309228,1,30.065755065522502,0.2966067274089058,23.434244934477498,-0.05646567967798302,-1.3007629079909535
Anand_Vihar,2023,10,132.38,0.2414889993811712,1,92.54824886198293,0.304602540386665,39.83175113801707,-0.06311354100549382,-2.485853414357079
Anand_Vihar,2023,11,280.67,0.1573052616279384,1,204.4495351251853,0.19613151412059354,76.22046487481472,-0.038826252492655144,-2.9487321980346732
Anand_Vihar,2023,12,240.59,0.1671616519942818,1,177.7873892861063,0.24870376024096844,62.8026107138937,-0.08154210824668665,-5.074202642231709
Anand_Vihar,2024,1,252.19,0.0848231655229973,1,200.5825335219222,0.1297795312236057,51.60746647807781,-0.04495636570060839,-2.3058421315517377
Anand_Vihar,2024,2,121.33,0.1811016503325615,1,98.85315516631461,0.2093520417709147,22.47684483368539,-0.0282503914383532,-0.6293557639154382
Anand_Vihar,2024,4,87.61,0.1729375604758611,1,78.32641817721365,0.2341395174447353,9.283581822786346,-0.061201956968874205,-0.5417785165735285
Anand_Vihar,2024,6,74.91,0.1472553965518862,1,77.52082845084553,0.24224200439808338,-2.6108284508455313,-0.0949866078461972,0.311572706957525
Anand_Vihar,2024,7,52.13,0.1387069448375651,1,37.89514401272208,0.2044384409318366,14.234855987277925,-0.06573149609427151,-0.9052319941826374
Anand_Vihar,2024,8,44.31,0.189116279854916,1,28.127746000325057,0.2519663393215112,16.182253999674945,-0.06285005946659519,-0.9892200568667298
Anand_Vihar,2024,9,88.87,0.1878435355193013,1,35.142899046961816,0.2408175584625884,53.72710095303819,-0.0529740229432871,-2.8263657632166206
Anand_Vihar,2024,10,151.28,0.2549069053728078,1,100.90572258446882,0.31875797309200476,50.37427741553118,-0.06385106771919696,-3.1877220981726473
Anand_Vihar,2024,11,313.15,0.1626603881414864,1,225.02177992977602,0.1903012720059131,88.12822007022396,-0.027640883864426702,-2.430558050808121
Anand_Vihar,2025,3,81.45,0.2307014514751234,1,80.08357665973975,0.2702982894362109,1.3664233402602548,-0.03959683796108754,-0.043057380388138354
Anand_Vihar,2025,4,84.09,0.1879975112968759,1,79.84626449350867,0.2573457001003203,4.243735506491333,-0.06934818880344443,-0.2604063544062628
Anand_Vihar,2025,6,50.97,0.2101443590021197,1,50.295977614204816,0.25307131785277426,0.6740223857951833,-0.04292695885065456,-0.015948521546767788
Anand_Vihar,2025,7,38.32,0.2001254934663106,1,33.465773197564324,0.20393914944919564,4.854226802435676,-0.0038136559828850503,-0.01840986338645893
Anand_Vihar,2025,8,51.59,0.2475114808592849,1,31.013207216043515,0.2288993072994884,20.57679278395649,0.018612173559796497,0.38541992364258165
Anand_Vihar,2025,9,59.58,0.2581922338613681,1,40.30952634423392,0.3069175734430363,19.270473655766075,-0.04872533958166819,-0.9222302752954732
Anand_Vihar,2025,11,257.78,0.2155079783541637,1,189.8895553137056,0.2521060186396474,67.89044468629436,-0.03659804028548369,-2.475218699115826
Anand_Vihar,2025,12,276.49,0.1816625444464637,1,203.17695742350887,0.24941838708284522,73.31304257649114,-0.06775584263638151,-4.935036384651307
Ashok_Vihar,2022,1,177.62,0.289808639731546,0,173.07689231419752,0.2515313199813137,4.543107685802482,0.03827731975023235,0.1842225505428684
Ashok_Vihar,2022,2,122.17,0.2717457690564709,0,108.412462835804,0.24011184325871893,13.757537164195995,0.03163392579775198,0.4422566273111537
Ashok_Vihar,2022,3,98.11,0.2471841301821044,0,99.69486411334779,0.22786855111862792,-1.5848641133477912,0.019315579063476473,-0.027983485750335154
Ashok_Vihar,2022,4,106.28,0.2649309189499795,0,126.7914768412747,0.2300594493808768,-20.5114768412747,0.0348714695691027,-0.7066963586486615
Ashok_Vihar,2022,5,62.72,0.2888912166150785,0,83.7828670585957,0.2323607009614097,-21.0628670585957,0.05653051565366879,-1.1681754499785586
Ashok_Vihar,2022,6,52.43,0.2733740099264516,0,68.85660296317164,0.23151145469358178,-16.42660296317164,0.04186255523286983,-0.6753103350126528
Ashok_Vihar,2022,8,32.52,0.3111484556319361,0,33.09328923233004,0.24466037382221845,-0.5732892323300334,0.06648808180971766,-0.006965590297599295
Ashok_Vihar,2022,9,41.09,0.2339806240453877,0,36.82770386992701,0.19576950463882908,4.262296130072997,0.03821111940655861,0.17315598972945634
Ashok_Vihar,2022,10,116.71,0.3067022265587478,0,105.99801667347236,0.2604869504829881,10.71198332652763,0.046215276075759704,0.5101080751106006
Ashok_Vihar,2022,11,201.82,0.2176847675900722,0,176.0125613256134,0.19633991608527426,25.80743867438659,0.021344851504797924,0.554066463402045
Ashok_Vihar,2022,12,185.65,0.2180854724496126,0,172.8514247833647,0.20839165473511237,12.7985752166353,0.00969381771450023,0.12472923875470443
Ashok_Vihar,2023,2,112.78,0.2519004516921826,0,109.06797577421676,0.22579760223590378,3.7120242257832388,0.02610284945627883,0.1016957727463817
Ashok_Vihar,2023,3,68.72,0.2642553280068508,0,74.116901870988,0.23461371721844249,-5.396901870988003,0.029641610788408324,-0.15378141538986229
Ashok_Vihar,2023,5,55.03,0.2834307322563977,0,64.12640299755516,0.24446235236312724,-9.09640299755516,0.038968379893270455,-0.3437713572488166
Ashok_Vihar,2023,6,30.12,0.2905996289933467,0,43.11116759034109,0.24407771207374152,-12.991167590341089,0.046521916919605166,-0.5891228225276428
Ashok_Vihar,2023,7,25.47,0.2445904057048528,0,28.540821539223025,0.1945398502920752,-3.070821539223026,0.050050555412777586,-0.13604381122690437
Ashok_Vihar,2023,8,25.52,0.3291397402846937,0,38.37078225882717,0.262147781466316,-12.85078225882717,0.06699195881837772,-0.8292738179854391
Ashok_Vihar,2023,9,34.96,0.3365894794291287,0,37.62123467212699,0.2668430244146303,-2.6612346721269873,0.06974645501449839,-0.15133230106717918
Ashok_Vihar,2023,10,89.46,0.2970025387610548,0,108.61005265700125,0.2665488461106857,-19.150052657001254,0.030453692650369124,-0.5766544709845579
Ashok_Vihar,2023,11,236.55,0.2036617739189646,0,247.6480019971216,0.17875196543613528,-11.0980019971216,0.02490980848282931,-0.2720766074992211
Ashok_Vihar,2023,12,215.02,0.2516822392368843,0,213.3671566261008,0.23150807089229508,1.652843373899202,0.02017416834458924,0.03621274612797608
Ashok_Vihar,2024,1,184.78,0.1336359978927199,0,226.62941339551816,0.11215387977583299,-41.849413395518155,0.02148211811688691,-0.8957620986993701
Ashok_Vihar,2024,2,103.67,0.2390298888269508,0,102.68504623194916,0.21417823444113993,0.9849537680508433,0.024851654385810884,0.028829835310126152
Ashok_Vihar,2024,4,62.14,0.2292257333873747,0,90.51557792104131,0.20833635810175927,-28.375577921041312,0.020889375285615436,-0.5896731350331678
Ashok_Vihar,2024,6,55.19,0.2488765443541943,0,92.13766668504577,0.21136778020696242,-36.947666685045775,0.037508764147231866,-1.3759471940802135
Ashok_Vihar,2024,7,42.25,0.0749096206396798,0,33.09742695489336,0.17335648688124403,9.152573045106642,-0.09844686624156422,-0.8327465673468633
Ashok_Vihar,2024,10,120.75,0.3404245986525709,0,110.81995204460682,0.2759466704594388,9.930047955393178,0.06447792819313208,0.6695650906301603
Ashok_Vihar,2024,12,199.52,0.2213138899760832,0,173.67729061455057,0.2208395611064137,25.84270938544944,0.00047432886966949916,0.0122595285647996
Ashok_Vihar,2025,1,194.46,0.2777380190766985,0,175.58779867982793,0.246605724895167,18.87220132017208,0.03113229418153149,0.5943647703335746
Ashok_Vihar,2025,2,114.75,0.2164531110683385,0,100.97964227827062,0.1984145708195316,13.770357721729383,0.01803854024880691,0.25069008572837936
Ashok_Vihar,2025,3,80.96,0.2678649225875946,0,79.55722759358045,0.24566013485828866,1.402772406419544,0.022204787729305925,0.03462268077882316
Ashok_Vihar,2025,5,72.88,0.2829503998642513,0,75.02895480946685,0.2366342021937004,-2.148954809466858,0.046316197670550896,-0.08441480186702406
Ashok_Vihar,2025,6,53.18,0.2847084041023855,0,46.0684919501435,0.24136530158536854,7.111508049856496,0.04334310251701698,0.32147301558266006
Ashok_Vihar,2025,7,34.78,0.1761587840730148,0,26.27365486910124,0.1749662039348611,8.506345130898762,0.0011925801381537093,0.010154520469886175
Ashok_Vihar,2025,9,37.92,0.3261579619318008,0,38.711331466230824,0.26012204181539506,-0.7913314662308224,0.06603592011640574,-0.021527247575878497
Ashok_Vihar,2025,10,129.19,0.2591827948679656,0,107.90290471837608,0.26990004338358914,21.28709528162392,-0.010717248515623556,-0.22732970498517258
Ashok_Vihar,2025,11,254.86,0.2686395884590861,0,221.32487488403027,0.22462100951735198,33.53512511596975,0.04401857894173411,1.4898225792762663
Ashok_Vihar,2025,12,250.23,0.2631625556337375,0,239.437712228546,0.24489823486080461,10.792287771454,0.018264320772932913,0.19946449797559554
Aya_Nagar,2022,1,101.08,0.4531803156216166,4,127.23353622999791,0.5918326542334826,-26.15353622999791,-0.13865233861186604,3.761718958083531
Aya_Nagar,2022,2,65.89,0.3932335891566135,4,87.92663306724783,0.5380821578456046,-22.036633067247834,-0.14484856868899115,3.339823332013178
Aya_Nagar,2022,3,67.11,0.491020286110858,4,71.32433471092993,0.5390230272823977,-4.214334710929933,-0.04800274117153969,0.21853717946219633
Aya_Nagar,2022,5,62.67,0.3178674851871475,4,68.32655783077948,0.4980836683272217,-5.656557830779477,-0.18021618314007415,1.2482666364867814
Aya_Nagar,2022,7,34.06,0.4676187489130535,4,29.814391015703954,0.5904843266963339,4.245608984296048,-0.12286557778328039,-0.41526184851534775
Aya_Nagar,2022,8,27.13,0.6352121389035583,4,28.806252702988886,0.6854107347429335,-1.6762527029888865,-0.05019859583937514,0.10190262461576093
Aya_Nagar,2022,9,32.75,0.5705042078602015,4,33.23626598047936,0.6210773170564945,-0.4862659804793594,-0.05057310919629299,0.04261502190427792
Aya_Nagar,2022,10,77.92,0.5763520683705012,4,87.46328904335617,0.6320638539544057,-9.543289043356168,-0.05571178558390444,0.5535453899738216
Aya_Nagar,2022,11,145.71,0.5110086471470703,4,159.70227418800118,0.5552792094587028,-13.992274188001176,-0.04427056231163251,0.633256645141311
Aya_Nagar,2022,12,121.41,0.5158109259536958,4,150.79878580496646,0.5595266144257826,-29.38878580496646,-0.04371568847208673,1.2982177724791233
Aya_Nagar,2023,1,134.01,0.2925905054765602,4,141.39145982283983,0.49750695660610283,-7.381459822839844,-0.20491645112954265,1.8084807857381473
Aya_Nagar,2023,2,68.95,0.405886815317059,4,94.34004358412882,0.512345869646936,-25.39004358412882,-0.10645905432987696,2.782864557576348
Aya_Nagar,2023,3,61.87,0.4825760279251431,4,63.231524592666624,0.5363197095318389,-1.3615245926666262,-0.05374368160669585,0.09352705267353363
Aya_Nagar,2023,4,53.12,0.435629383616973,4,57.20478577083791,0.5231405708895046,-4.084785770837911,-0.0875111872725316,0.4114299114515629
Aya_Nagar,2023,6,35.79,0.392395085944446,4,36.042156761431755,0.5610280767593935,-0.25215676143175614,-0.16863299081494748,0.2429109163237678
Aya_Nagar,2023,7,34.07,0.4955092853076889,4,29.09002229180028,0.5400326070242505,4.979977708199719,-0.04452332171656159,-0.20775619721699726
Aya_Nagar,2023,9,43.47,0.5977554663161985,4,33.64996782338182,0.6543915153505603,9.820032176618177,-0.05663604903436181,-0.5335643796335791
Aya_Nagar,2023,11,193.91,0.3620753982002761,4,225.7603802848437,0.5131936737743393,-31.85038028484371,-0.1511182755740632,4.974099242268178
Aya_Nagar,2023,12,136.87,0.4110115663363918,4,177.41213823300774,0.579691448809408,-40.542138233007734,-0.16867988247301624,7.039143539373107
Aya_Nagar,2024,1,149.47,0.2683241937748296,4,178.13766191669927,0.46963847705227846,-28.667661916699274,-0.20131428327744888,6.056796461205405
Aya_Nagar,2024,2,82.28,0.2684835185401574,4,86.81387978244626,0.45967281561484125,-4.533879782446263,-0.19118929707468385,1.1244115047589822
Aya_Nagar,2024,3,79.15,0.2897460743612862,4,65.25441764980935,0.4818063855562364,13.89558235019065,-0.1920603111949502,-2.4088553384161036
Aya_Nagar,2024,4,72.71,0.2539612439235449,4,56.20770474699454,0.4418617653951952,16.502295253005457,-0.18790052147165032,-2.851993139103721
Aya_Nagar,2024,6,47.48,0.2072323664731752,4,48.291275040167015,0.44298203921477747,-0.8112750401670183,-0.23574967274160227,0.5829013219957858
Aya_Nagar,2024,9,33.95,0.6375680960819281,4,35.16304840513208,0.6441031003040376,-1.2130484051320778,-0.006535004222109508,0.008228216830823679
Aya_Nagar,2024,10,97.79,0.5895054390230238,4,87.94425825943024,0.63252771755582,9.845741740569764,-0.043022278532796276,-0.4105433022864425
Aya_Nagar,2024,11,222.58,0.3639561357880725,4,211.8255795869731,0.4915916866083027,10.754420413026907,-0.1276355508202302,-1.257848977321159
Aya_Nagar,2024,12,130.38,0.3903443497332607,4,141.76479021439593,0.5375651722891135,-11.384790214395935,-0.14722082255585278,1.8288091824261954
Aya_Nagar,2025,1,110.32,0.4262130680638374,4,127.61127792879705,0.5702977943210469,-17.291277928797058,-0.14408472625720947,2.637702406736896
Aya_Nagar,2025,2,75.08,0.3591889620097916,4,84.90809329609517,0.413590575601389,-9.828093296095176,-0.0544016135915974,0.5555192342469939
Aya_Nagar,2025,3,56.26,0.4334870756507266,4,62.270905846427965,0.5034943512436296,-6.010905846427967,-0.07000727559290304,0.4553433839551861
Aya_Nagar,2025,4,70.94,0.3140862230058641,4,63.08206659960031,0.454212461716417,7.857933400399688,-0.1401262387105529,-0.9627372039580988
Aya_Nagar,2025,5,70.17,0.394265646921863,4,55.54498849085658,0.46287334093489635,14.62501150914342,-0.06860769401303335,-0.9702191626542944
Aya_Nagar,2025,6,46.21,0.4331445653945648,4,35.68721377003923,0.5243534648673761,10.522786229960772,-0.0912088994728113,-0.9011494109422195
Aya_Nagar,2025,8,28.15,0.5592973360647476,4,25.943540617686466,0.5919140168847569,2.2064593823135326,-0.032616680820009236,-0.06447071390008702
Aya_Nagar,2025,9,28.36,0.6322729256826396,4,31.047431453001394,0.6783408857565894,-2.6874314530013947,-0.046067960073949754,0.1387594941273389
Aya_Nagar,2025,10,90.77,0.5935474139008504,4,88.07909573325212,0.6455898563894562,2.6909042667478786,-0.05204244248860579,-0.12095570759261076
Aya_Nagar,2025,11,171.86,0.4678326680149057,4,171.3683378426333,0.526725914479201,0.4916621573667044,-0.058893246464295335,-0.00451453885709616
Bawana,2022,2,123.21,0.2520412950620904,3,112.4296904198074,0.252398221739165,10.780309580192593,-0.00035692667707459824,-0.0038468823442234187
Bawana,2022,3,127.44,0.2407115875364404,3,110.0490178450313,0.24874378887491094,17.390982154968697,-0.008032201338470546,-0.1392332403473637
Bawana,2022,4,151.96,0.2352427261337756,3,135.61267818573356,0.2292309259539029,16.34732181426645,0.006011800179872684,0.09853151395655348
Bawana,2022,5,88.41,0.2551863850292014,3,90.16253008947685,0.253224695935838,-1.7525300894768492,0.0019616890933633613,-0.0034108016979983325
Bawana,2022,6,72.6,0.239785943388142,3,68.86300910318161,0.24508692512095318,3.7369908968183836,-0.005300981732811183,-0.01961170399897812
Bawana,2022,7,43.53,0.2680698850336603,3,41.507249192476955,0.2451128545089978,2.022750807523046,0.022957030524662497,0.050150166004057806
Bawana,2022,8,38.08,0.2788756455021995,3,35.37770927671159,0.2988237977385324,2.7022907232884066,-0.019948152236332894,-0.051101603036293075
Bawana,2022,9,46.77,0.2985851728035285,3,38.886409264061456,0.25200273641441684,7.883590735938547,0.04658243638911164,0.3825277665618268
Bawana,2022,10,122.23,0.3263276643911369,3,110.97174246202218,0.29472697935588676,11.258257537977826,0.03160068503525015,0.3628055559736582
Bawana,2022,11,218.53,0.217359645907699,3,174.93177535270934,0.20883723337517743,43.598224647290664,0.008522412532521562,0.3720738720936854
Bawana,2022,12,190.43,0.2390952304486773,3,141.8706774492413,0.21758629569524784,48.55932255075871,0.021508934753429465,1.0477193674229366
Bawana,2023,4,93.55,0.2423446074037169,3,70.6799455577472,0.2502816741306412,22.870054442252794,-0.007937066726924263,-0.1810772239927703
Bawana,2023,6,52.15,0.2944384423650403,3,50.62452578599341,0.2633139012150133,1.5254742140065858,0.031124541150026996,0.05430613060946089
Bawana,2023,7,38.23,0.2662052999774798,3,35.27197268210687,0.23286801673247937,2.9580273178931265,0.03333728324500046,0.1064441699219148
Bawana,2023,8,41.87,0.3049709774057054,3,40.8508281850673,0.30968305889286574,1.0191718149326974,-0.004712081487160347,-0.004645956685319964
Bawana,2023,10,149.33,0.3056492565320317,3,111.14535762054962,0.28725020737729484,38.184642379450395,0.018399049154736835,0.7049466124298026
Bawana,2023,11,307.15,0.2150242897710541,3,225.4832018062881,0.17192831955933663,81.66679819371188,0.04309597021171746,3.532597563539404
Bawana,2023,12,226.35,0.2730692908141595,3,184.26881622995393,0.2330262905480526,42.08118377004607,0.04004300026610688,1.6963559032140227
Bawana,2024,2,123.78,0.2277478240530547,3,105.03772511382938,0.206401527296592,18.74227488617062,0.021346296756462685,0.4032891135699595
Bawana,2024,3,103.35,0.2509625020415337,3,81.38138896587958,0.24532341168781596,21.968611034120414,0.005639090353717735,0.12410706449321995
Bawana,2024,4,93.35,0.1876705778411194,3,75.79194784793471,0.20234534596614115,17.558052152065287,-0.014674768125021748,-0.2561428352598878
Bawana,2024,5,109.17,0.1999625842639856,3,116.17019858408467,0.19997533662506262,-7.000198584084671,-1.2752361077006391e-05,8.927020591622571e-05
Bawana,2024,6,67.34,0.2106766348842604,3,61.709988439640526,0.19980922923595226,5.630011560359478,0.010867405648308126,0.06201584389678713
Bawana,2024,7,42.37,0.2700051229809578,3,40.56801099488693,0.1979700305261188,1.8019890051130645,0.072035092454839,0.16637240276680404
Bawana,2024,8,33.28,0.3388478378698668,3,26.59576212982922,0.28861005286574676,6.684237870170779,0.05023778500412002,0.3535861338167086
Bawana,2024,9,52.26,0.3023098929830394,3,35.19424477303643,0.28186943135160164,17.065755226963567,0.020440461631437756,0.3517761340023562
Bawana,2024,10,141.36,0.2998848165287189,3,112.26579862967547,0.3128719613184792,29.09420137032454,-0.012987144789760319,-0.37666205948600157
Bawana,2024,11,306.53,0.1455359826309819,3,255.37934847773093,0.16387092652601126,51.150651522269044,-0.01833494389502935,-0.9354754194993603
Bawana,2024,12,218.27,0.204788994775749,3,136.02308475972134,0.20924063329124365,82.24691524027867,-0.004451638515494655,-0.36599388966277047
Bawana,2025,1,199.48,0.2409047411633812,3,136.917796900481,0.23765940867871413,62.562203099518996,0.003245332484667074,0.2031093676670904
Bawana,2025,2,123.94,0.222631639301203,3,105.4081513280494,0.22774932215824206,18.5318486719506,-0.005117682857039063,-0.09465556515895282
Bawana,2025,4,107.47,0.2229762387651229,3,86.95992737399489,0.2252838768383759,20.510072626005112,-0.0023076380732529878,-0.04729229918206537
Bawana,2025,5,79.29,0.2258308834964432,3,78.68091263236427,0.24499813691429162,0.6090873676357376,-0.019167253417848418,-0.009085672365448067
Bawana,2025,6,58.55,0.2386383690863384,3,51.956251521220736,0.24563892138389032,6.593748478779261,-0.007000552297551921,-0.04581453593651871
Bawana,2025,7,32.88,0.1723541768822978,3,29.624471851143618,0.2170493092196655,3.255528148856385,-0.044695132337367716,-0.1314292916883872
Bawana,2025,8,38.36,0.2858273287578038,3,29.346165808796354,0.235266616136292,9.013834191203646,0.05056071262151182,0.47376008493536353
Bawana,2025,9,48.78,0.3153014816557915,3,34.89609126976759,0.3068909357659716,13.883908730232413,0.008410545889819931,0.11726971928610222
Bawana,2025,10,145.37,0.303146268467859,3,111.30083778359962,0.2863136925089583,34.069162216400386,0.016832575958900753,0.5754683554458598
Burari_Crossing,2022,1,112.3,0.25668067509861,2,150.57803547033032,0.30634635298012236,-38.27803547033032,-0.04966567788151238,1.9184866481190048
Burari_Crossing,2022,2,94.28,0.2670134849773038,2,90.36625116716809,0.3023039938298432,3.9137488328319137,-0.03529050885253937,-0.12934202720472038
Burari_Crossing,2022,3,92.81,0.2561429858397337,2,87.34054702336961,0.2889573365108783,5.469452976630393,-0.032814350671144576,-0.1718887396208506
Burari_Crossing,2022,4,119.63,0.2334073258303353,2,113.44301270763808,0.27889552061082934,6.18698729236192,-0.04548819478049404,-0.26685392279577336
Burari_Crossing,2022,5,71.2,0.2373947483955949,2,79.62028771091937,0.2890648311676008,-8.420287710919368,-0.05167008277200588,0.4538903520538511
Burari_Crossing,2022,6,89.29,0.2186754550185231,2,62.831908658500126,0.2969928840697882,26.45809134149988,-0.0783174290512651,-2.0289076210030266
Burari_Crossing,2022,9,66.77,0.2815770466597277,2,38.80626882620196,0.30335899529848653,27.96373117379804,-0.02178194863875882,-0.6057612035702344
Burari_Crossing,2022,10,204.46,0.2917193318101642,2,86.7355060716949,0.3516107466291036,117.72449392830511,-0.05989141481893939,-7.025409946087826
Burari_Crossing,2022,11,190.67,0.2153746905754245,2,159.67895216960542,0.2786381101631823,30.991047830394564,-0.0632634195877578,-1.9323967440904204
Burari_Crossing,2022,12,184.22,0.2301468698470807,2,147.63101951201156,0.27737967215386594,36.58898048798844,-0.047232802306785254,-1.7124792274970495
Burari_Crossing,2023,1,158.45,0.1701052522607564,2,157.84328002250592,0.24509658275293447,0.6067199774940661,-0.07499133049217807,-0.005869945780510993
Burari_Crossing,2023,2,108.88,0.2525622329206103,2,97.12649288486509,0.29234283425824586,11.753507115134909,-0.03978060133763556,-0.4564101291068778
Burari_Crossing,2023,3,68.33,0.2449041696352911,2,78.52263046803537,0.28391463701099257,-10.192630468035375,-0.03901046737570146,0.40834313572445957
Burari_Crossing,2023,4,71.08,0.2559514000739818,2,72.93715230243153,0.2869007162832924,-1.8571523024315297,-0.030949316209310573,0.06422739283378172
Burari_Crossing,2023,5,52.23,0.2664630969843714,2,71.4067588741171,0.30575375884055983,-19.176758874117105,-0.03929066185618846,0.7643460082320035
Burari_Crossing,2023,6,37.72,0.2796730999393841,2,47.79541346178924,0.3198050982138737,-10.075413461789239,-0.0401319982744896,0.41569580744586576
Burari_Crossing,2023,8,44.1,0.294581497353234,2,35.44872976970776,0.3698546455637036,8.65127023029224,-0.0752731482104696,-0.6112811437041008
Burari_Crossing,2023,9,39.19,0.3222197035947469,2,39.85447974144535,0.3471443459793511,-0.6644797414453549,-0.024924642384604234,0.020939625951658575
Burari_Crossing,2023,11,226.82,0.2153179137057241,2,191.5215642314442,0.2415866762382011,35.298435768555805,-0.026268762532477008,-0.9223836336255402
Burari_Crossing,2023,12,206.2,0.2228309104570176,2,158.5342284829147,0.27640363260121176,47.66577151708529,-0.053572722144194146,-2.5333607097593895
Burari_Crossing,2024,2,90.71,0.2459551811613049,2,87.11620289148293,0.27813634307411467,3.593797108517066,-0.03218116191280976,-0.10835476316756987
Burari_Crossing,2024,3,74.58,0.2583526346848354,2,76.47765020233764,0.29188348301729217,-1.897650202337644,-0.033530848332456786,0.07155260492283814
Burari_Crossing,2024,4,81.91,0.2234559879924004,2,73.1925682915675,0.24369298442432738,8.7174317084325,-0.020236996431926974,-0.17352873733972815
Burari_Crossing,2024,5,92.7,0.2081412697142822,2,79.77977457055964,0.24013153503014148,12.920225429440364,-0.03199026531585927,-0.40610995937899236
Burari_Crossing,2024,9,47.56,0.2616643615715053,2,43.562975971090935,0.3412669250109996,3.997024028909067,-0.07960256343949429,-0.2735211621015058
Burari_Crossing,2024,10,136.66,0.321815545114794,2,93.38646483755751,0.3679826715370579,43.273535162442485,-0.04616712642226389,-1.9827953054334746
Burari_Crossing,2024,11,249.52,0.2238878431100376,2,226.84189269602365,0.24089828614764164,22.67810730397636,-0.017010443037604045,-0.3837256395997738
Burari_Crossing,2024,12,189.29,0.2372180741471187,2,148.08282612807662,0.2782702659398885,41.207173871923374,-0.04105219179276981,-1.679769044792556
Burari_Crossing,2025,1,151.23,0.2457895415730968,2,135.89785790515364,0.3138137528071888,15.332142094846347,-0.06802421123409202,-1.0103495040123514
Burari_Crossing,2025,2,80.19,0.2828924836089558,2,79.88605532245838,0.28948218697804917,0.30394467754162235,-0.006589703369093369,-0.001696905951128215
Burari_Crossing,2025,3,68.4,0.3006492630379441,2,65.80587721294816,0.3200570285069584,2.5941227870518446,-0.019407765469014293,-0.04769188907307932
Burari_Crossing,2025,4,66.52,0.2606531124254673,2,71.06645217687277,0.26634707819947534,-4.546452176872776,-0.005693965774008047,0.026115807430625193
Burari_Crossing,2025,5,64.35,0.2875836719390704,2,64.2688498422163,0.2966382271059656,0.08115015778369639,-0.009054555166895184,-0.00015705118680029286
Burari_Crossing,2025,6,44.07,0.2971222684582859,2,50.2015826686793,0.3027247141152306,-6.1315826686793,-0.005602445656944732,0.03457303776235303
Burari_Crossing,2025,8,32.01,0.1535588059577184,2,31.083566992089175,0.38891828632798053,0.9264330079108234,-0.23535948037026214,0.17230334973821473
Burari_Crossing,2025,9,29.48,0.3069410061111278,2,33.97132818530142,0.3667754251055581,-4.491328185301416,-0.059834418994430316,0.2939644804941836
Burari_Crossing,2025,10,120.25,0.3035430361601129,2,91.89028390431544,0.3614511839776581,28.35971609568456,-0.057908147817545164,-1.6186283950790088
Burari_Crossing,2025,11,246.14,0.2472299544910164,2,180.8943881432248,0.316316755056027,65.24561185677518,-0.06908680056501063,-4.473976545885928
Chandni_Chowk,2022,1,93.19,0.1718629742696154,4,171.03487576328706,0.22855892219504806,-77.84487576328706,-0.05669594792543267,4.436140303349
Chandni_Chowk,2022,2,87.4,0.1682254486733812,4,117.55576138046614,0.216673998303391,-30.15576138046613,-0.0484485496300098,1.4775434646993948
Chandni_Chowk,2022,4,113.25,0.167498456926835,4,104.80643201558341,0.22522681112188622,8.443567984416589,-0.057728354195051235,-0.4639495534776849
Chandni_Chowk,2022,6,91.81,0.1478492665594518,4,65.24413669915155,0.2215270166990375,26.56586330084845,-0.07367775013958569,-1.91906039673933
Chandni_Chowk,2022,8,39.74,0.087008284339524,4,35.75040533088405,0.2364765803821097,3.9895946691159523,-0.1494682960425857,-0.4388881367515284
Chandni_Chowk,2022,12,119.11,0.1250514545643482,4,183.44165689513918,0.18136923136652652,-64.33165689513918,-0.05631777680217831,3.6453660075282435
Chandni_Chowk,2023,1,109.43,0.099717407793103,4,189.32456447400298,0.12232876346547875,-79.89456447400298,-0.022611355672375752,1.8101272283044947
Chandni_Chowk,2023,2,75.04,0.1667273956279499,4,117.99437647448133,0.2004764130931551,-42.95437647448132,-0.0337490174652052,1.457694220555249
Chandni_Chowk,2023,3,50.86,0.1588767011284278,4,77.79052948053581,0.21201206113745422,-26.93052948053581,-0.05313536000902641,1.4508589304548256
Chandni_Chowk,2023,4,26.19,0.1655956113854257,4,68.84949217429502,0.2240047030917422,-42.659492174295025,-0.0584090917063165,2.5157430299930588
Chandni_Chowk,2023,5,26.62,0.1737729147898519,4,67.9777690932254,0.2306710375762447,-41.3577690932254,-0.05689812278639278,2.3759925395090766
Chandni_Chowk,2024,3,107.29,0.1707721974638703,4,74.91664951807341,0.2132308578220357,32.37335048192659,-0.04245866035816542,-1.3618256540440978
Chandni_Chowk,2024,4,96.29,0.1411172240806575,4,67.18963211005018,0.19557517750561135,29.100367889949823,-0.05445795342495385,-1.563848160170484
Chandni_Chowk,2024,5,137.05,0.1560744317990813,4,81.44598713478345,0.20399823964786734,55.60401286521656,-0.047923807848786054,-2.6485718236239513
Chandni_Chowk,2024,6,151.7,0.148922709224798,4,58.73688792867589,0.20525022653799413,92.9631120713241,-0.05632751731319613,-5.214023459640882
Chandni_Chowk,2024,9,25.0,0.1013569519300025,4,45.099164517303315,0.20547096469363466,-20.099164517303315,-0.10411401276363215,2.168989497007375
Chandni_Chowk,2024,12,120.96,0.1313998249224437,4,183.92252266229718,0.19566637142333287,-62.96252266229719,-0.06426654650088917,4.07548829032085
Chandni_Chowk,2025,1,126.99,0.1582723893511063,4,184.08652004286972,0.23079336583490434,-57.09652004286973,-0.07252097648379804,4.177756291353743
Chandni_Chowk,2025,3,81.14,0.1781763827558845,4,73.15865370302285,0.23087902976177677,7.981346296977151,-0.05270264700589228,-0.40106524854849485
Chandni_Chowk,2025,4,85.8,0.1642924129762326,4,77.17498180520964,0.21367211133413394,8.625018194790357,-0.04937969835790135,-0.4087183270505218
Chandni_Chowk,2025,5,58.34,0.1685413170373364,4,69.23743222320164,0.23011957910406428,-10.897432223201633,-0.06157826206672787,0.6977653755884359
Chandni_Chowk,2025,6,56.72,0.1647604749246239,4,48.41813281185152,0.22910929804736535,8.301867188148478,-0.06434882312274146,-0.5050364144947558
Chandni_Chowk,2025,7,40.94,0.1114222848067181,4,32.243036477316146,0.17397770937100773,8.696963522683852,-0.06255542456428963,-0.5164670453659371
Chandni_Chowk,2025,8,35.07,-0.037961036075836,4,34.60248778435124,0.21696844555810005,0.46751221564876033,-0.25492948163393603,0.3387787256348312
Chandni_Chowk,2025,9,40.3,0.1665443847950681,4,37.60093812495553,0.25445847608219513,2.699061875044464,-0.08791409128712702,-0.18282205223135206
Chandni_Chowk,2025,10,103.11,0.1670172561610257,4,123.5613402872644,0.26565895520227734,-20.4513402872644,-0.09864169904125164,2.0859211108959355
Chandni_Chowk,2025,11,220.37,0.1613680964297755,4,245.12375344082844,0.22014236646571286,-24.753753440828433,-0.058774270035937354,1.4792261788102556
Chandni_Chowk,2025,12,228.51,0.177457789125888,4,256.3523005548269,0.2262020242090588,-27.84230055482692,-0.0487442350831708,1.3738947192345072
DTU,2022,1,157.38,0.1884208821720213,1,173.86837833169415,0.35178048142298524,-16.48837833169415,-0.16335959925096394,2.8815869131295293
DTU,2022,2,116.57,0.2140060242028599,1,127.31783012876846,0.3216652176154743,-10.74783012876847,-0.10765919341261437,1.2387780653916742
DTU,2022,3,106.15,0.2013112991435086,1,118.61409973040472,0.3152954631945188,-12.464099730404712,-0.1139841640510102,1.5122640803355276
DTU,2022,4,150.76,0.2103080927509029,1,134.19797973434595,0.3006565334045945,16.56202026565404,-0.09034844065369158,-1.4388312259458822
DTU,2022,5,123.24,0.2100492612795683,1,89.76669773009324,0.327758518544752,33.47330226990675,-0.11770925726518372,-3.8424815523602236
DTU,2022,6,86.03,0.210813314448228,1,64.52600992845306,0.3231140693703813,21.503990071546937,-0.11230075492215327,-2.3260445452505616
DTU,2022,7,40.18,0.2176584772549006,1,40.54242088089275,0.33588664526351636,-0.36242088089274915,-0.11822816800861577,0.14134708943543073
DTU,2022,8,38.72,0.1842917051087485,1,36.655887435958626,0.4122880393773285,2.0641125640413733,-0.22799633426858,-0.10430374473567157
DTU,2022,9,35.71,0.226956212540365,1,46.094971476638186,0.3487466481650336,-10.384971476638185,-0.1217904356246686,1.3693139759961954
DTU,2022,11,93.79,0.1863609462283959,1,215.6263407472495,0.2806472016192216,-121.83634074724948,-0.09428625539082566,11.550137207552375
DTU,2022,12,112.84,0.20224031253155,1,194.9020046527686,0.2875277596619492,-82.0620046527686,-0.08528744713039921,7.0501165640737105
DTU,2023,2,70.89,0.194891318548346,1,137.10539457056316,0.2963279972282178,-66.21539457056316,-0.1014366786798718,6.789176506962301
DTU,2023,4,56.58,0.232951102405797,1,86.63540566975831,0.31489963261035425,-30.055405669758315,-0.08194853020455725,2.510319187617505
DTU,2023,6,44.8,0.2373101902981943,1,52.065832044496055,0.33623503225501195,-7.265832044496058,-0.09892484195681764,0.7877316359870642
DTU,2023,8,37.45,0.2664943314768394,1,46.24745873880615,0.40901647015799014,-8.79745873880615,-0.14252213868115077,1.3969701199788318
DTU,2023,9,32.53,0.2621438993456421,1,50.51533920412823,0.41155917453570784,-17.98533920412823,-0.14941527519006575,2.8446025166673663
DTU,2023,10,74.18,0.2597902512525892,1,125.84478452929862,0.38740266994774925,-51.664784529298615,-0.12761241869516005,6.707823903981829
DTU,2023,11,127.74,0.1645582493410042,1,283.70151200790696,0.235257891323839,-155.96151200790695,-0.07069964198283482,11.061645803241419
DTU,2023,12,106.88,0.2091968677130918,1,230.36710610512176,0.30039792427004874,-123.48710610512177,-0.09120105655695696,11.320766807168287
DTU,2024,1,92.64,0.0925655242869137,1,218.44773015168198,0.1593484088600936,-125.80773015168198,-0.06678288457317991,8.433231289413978
DTU,2024,2,58.56,0.1876491102380849,1,124.91488754682668,0.28604434046492144,-66.35488754682667,-0.09839523022683655,6.597228379696777
DTU,2024,3,70.82,0.198360505740623,1,95.88556954062565,0.31650951930777005,-25.06556954062566,-0.11814901356714705,3.059839201572905
DTU,2024,4,84.4,0.1902951441314223,1,85.39201305771945,0.2561744766127162,-0.992013057719447,-0.0658793324812939,0.09593665225254724
DTU,2024,5,120.3,0.1765379576635218,1,112.69442159113277,0.26281299186701607,7.605578408867231,-0.08627503420349428,-0.6037199057068037
DTU,2024,7,31.98,0.2240331513235038,1,42.007723348548,0.249405722441282,-10.027723348547998,-0.025372571117778214,0.2589655900100911
DTU,2024,8,15.84,0.2681097071511492,1,33.15457188437544,0.4334675550511571,-17.314571884375443,-0.1653578479000079,3.055781101695498
DTU,2024,9,25.84,0.2532538678212558,1,45.81668695671859,0.40410567526236624,-19.97668695671859,-0.15085180744111043,3.1738770119485205
DTU,2024,10,67.87,0.2531403424041472,1,130.5380056639723,0.41375395152631705,-62.66800566397231,-0.16061360912216988,10.247117624092454
DTU,2024,11,137.16,0.1394082968150441,1,291.6257498400689,0.22557136210653903,-154.46574984006892,-0.08616306529149492,13.361558063889571
DTU,2024,12,82.29,0.1765154382982517,1,205.0637027527135,0.2844667877478085,-122.7737027527135,-0.10795134944955678,13.335706120046401
DTU,2025,1,81.11,0.2049642898233771,1,189.57396304625237,0.32406542765630253,-108.46396304625237,-0.11910113783292542,13.018140099823755
DTU,2025,2,53.88,0.2043406817439499,1,118.31867850205536,0.2746006583041111,-64.43867850205535,-0.07025997656016122,4.562246059619109
DTU,2025,3,43.89,0.2350063264675771,1,88.44059205656323,0.3254019314420428,-44.55059205656323,-0.09039560497446572,4.084759271254206
DTU,2025,7,23.02,0.2263834688923714,1,34.314395175714395,0.265662607382038,-11.294395175714396,-0.039279138489666604,0.4545061920302314
DTU,2025,8,26.51,0.2534900992268607,1,34.32886541479027,0.36204406251739263,-7.81886541479027,-0.10855396329053191,0.9318074429999598
DTU,2025,9,21.35,0.2696529802167145,1,45.182074091014094,0.4194257986482488,-23.832074091014093,-0.14977281843153428,3.727468825268619
DTU,2025,10,59.39,0.2543283406227451,1,129.85705790759428,0.39289417800868515,-70.46705790759428,-0.13856583738594003,9.899627904932583
DTU,2025,12,248.23,0.1975083048967676,1,248.20198963032522,0.3191254481811973,0.028010369674774438,-0.12161714328442971,0.10081999823235227
Dr._Karni_Singh_Shooting_Range,2022,1,162.5,0.5493693897497581,0,128.0071000325424,0.6032660141196282,34.49289996745759,-0.05389662436987008,-1.8385811552689078
Dr._Karni_Singh_Shooting_Range,2022,2,96.24,0.488467723669903,0,80.94726128863529,0.519412472057148,15.292738711364706,-0.030944748387245036,-0.4664821448621615
Dr._Karni_Singh_Shooting_Range,2022,3,82.64,0.5487549543290753,0,75.71131629060405,0.5325875436300208,6.928683709395955,0.016167410699054474,0.11386079047013205
Dr._Karni_Singh_Shooting_Range,2022,4,84.39,0.4635102688207475,0,95.02947907849983,0.5312895635242038,-10.639479078499832,-0.06777929470345628,0.7535093779538504
Dr._Karni_Singh_Shooting_Range,2022,5,70.35,0.4003382832729755,0,68.90181730999794,0.5193430363951486,1.4481826900020565,-0.11900475312217307,-0.07254365757362076
Dr._Karni_Singh_Shooting_Range,2022,7,28.2,0.6183979991012427,0,29.93526416338481,0.5504152253802299,-1.7352641633848123,0.0679827737210128,-0.08540041644578526
Dr._Karni_Singh_Shooting_Range,2022,10,94.47,0.6604484166981107,0,77.48512003680622,0.6300890511519409,16.984879963193777,0.030359365546169803,0.5221451040330651
Dr._Karni_Singh_Shooting_Range,2022,11,173.4,0.613991140375553,0,151.91043553603996,0.5455063630933825,21.48956446396005,0.0684847772821705,1.5047584436549248
Dr._Karni_Singh_Shooting_Range,2022,12,174.05,0.5667355733792239,0,151.98410845112267,0.5565090399548591,22.065891548877346,0.010226533424364748,0.22639454033147854
Dr._Karni_Singh_Shooting_Range,2023,1,184.56,0.3739837113013245,0,143.93904006601267,0.5053540659928967,40.620959933987336,-0.13137035469157216,-5.214775944036577
Dr._Karni_Singh_Shooting_Range,2023,2,106.42,0.4702753042110951,0,87.72818190773809,0.5377156605019072,18.69181809226191,-0.06744035629081213,-1.2285328423014075
Dr._Karni_Singh_Shooting_Range,2023,3,67.95,0.4987403700737292,0,64.09628801213836,0.5558955950056066,3.8537119878616437,-0.05715522493187741,-0.19724002569500088
Dr._Karni_Singh_Shooting_Range,2023,4,57.1,0.5273665068118203,0,58.21389045523989,0.5414055369454989,-1.1138904552398898,-0.014039030133678576,0.01702681594476847
Dr._Karni_Singh_Shooting_Range,2023,5,55.54,0.5087803987490837,0,53.98073292685705,0.5454459554513349,1.5592670731429479,-0.036665556702251245,-0.04769800806557155
Dr._Karni_Singh_Shooting_Range,2023,6,35.74,0.565590986422507,0,37.3493398986803,0.5310229878619628,-1.6093398986802967,0.034567998560544266,-0.047211172627787304
Dr._Karni_Singh_Shooting_Range,2023,8,32.28,0.7339452830675577,0,26.754609653721204,0.6513793619515811,5.525390346278797,0.0825659211159766,0.5042475479853715
Dr._Karni_Singh_Shooting_Range,2023,9,36.47,0.6844385631499393,0,33.12055577662594,0.6378330727722157,3.349444223374057,0.04660549037772366,0.1714085320147593
Dr._Karni_Singh_Shooting_Range,2023,10,93.72,0.701638186029067,0,80.0567133675255,0.6272178998453116,13.663286632474495,0.0744202861837554,1.05585326084986
Dr._Karni_Singh_Shooting_Range,2023,11,248.31,0.4943748324479636,0,201.88171433517724,0.4892928422883978,46.428285664822766,0.005081990159565786,0.23613008457728635
Dr._Karni_Singh_Shooting_Range,2023,12,203.39,0.5905650653545519,0,157.91759848932736,0.560672967948586,45.472401510672626,0.02989209740596588,1.3655619884740595
Dr._Karni_Singh_Shooting_Range,2024,2,104.25,0.3534992698041533,0,79.73358366834084,0.46587456417679035,24.51641633165916,-0.11237529437263705,-2.6660517151104655
Dr._Karni_Singh_Shooting_Range,2024,3,67.26,0.4518608115011283,0,63.2598459685591,0.5035558195487569,4.000154031440907,-0.051695008047628666,-0.18795645051596668
Dr._Karni_Singh_Shooting_Range,2024,4,56.27,0.3949902984521631,0,57.469431953654635,0.46039806758085594,-1.1994319536546314,-0.06540776912869284,0.10859939704815977
Dr._Karni_Singh_Shooting_Range,2024,5,81.18,0.3159602595094113,0,73.27647160465413,0.4479671853612479,7.903528395345873,-0.1320069258518366,-0.9205250701376577
Dr._Karni_Singh_Shooting_Range,2024,6,51.54,0.2665263457953605,0,52.632290541719634,0.44407753506096825,-1.0922905417196347,-0.17755118926560776,0.41608215273238847
Dr._Karni_Singh_Shooting_Range,2024,7,42.02,0.5062042720694173,0,28.344022373679888,0.4533146762263768,13.675977626320115,0.05288959584304054,0.743028862632324
Dr._Karni_Singh_Shooting_Range,2024,8,26.59,0.6928322082805021,0,20.279248928202204,0.6128394955287833,6.310751071797796,0.07999271275171882,0.5499050671652184
Dr._Karni_Singh_Shooting_Range,2024,9,41.36,0.6342411409946922,0,25.804457100537203,0.6336518759266201,15.555542899462797,0.000589265068072109,0.00916878491115286
Dr._Karni_Singh_Shooting_Range,2024,10,107.81,0.6289421762236191,0,83.17098284753644,0.6374675978185635,24.639017152463566,-0.008525421594944405,-0.20954583146185057
Dr._Karni_Singh_Shooting_Range,2024,11,244.7,0.4163819824490046,0,198.02715039199956,0.4634456030079472,46.67284960800043,-0.04706362055894259,-2.180984848269026
Dr._Karni_Singh_Shooting_Range,2024,12,174.58,0.5042763238428499,0,144.0928381621872,0.5337982345386111,30.487161837812806,-0.029521910695761155,-0.8938977240245076
Dr._Karni_Singh_Shooting_Range,2025,2,94.81,0.3228162734969366,0,78.24255812644665,0.4620292270318875,16.56744187355335,-0.1392129535349509,-2.1698348087630674
Dr._Karni_Singh_Shooting_Range,2025,4,66.53,0.346315443978857,0,67.47484228985626,0.4809497956018784,-0.9448422898562541,-0.1346343516230214,0.25494045745560834
Dr._Karni_Singh_Shooting_Range,2025,5,57.18,0.4264259713449626,0,55.90358808521905,0.5049905488671345,1.276411914780951,-0.07856457752217189,-0.05678546777048925
Dr._Karni_Singh_Shooting_Range,2025,6,39.99,0.5220664894328201,0,41.70242156330686,0.5250624084585083,-1.7124215633068545,-0.0029959190256881874,0.005193524642592189
Dr._Karni_Singh_Shooting_Range,2025,8,29.36,0.5719406842955085,0,22.149344996775937,0.5821052828728921,7.210655003224062,-0.01016459857738361,-0.07256535020946284
Dr._Karni_Singh_Shooting_Range,2025,10,101.61,0.6697938162012804,0,76.35498984581349,0.6390971402514504,25.255010154186508,0.030696675949830055,0.7818849139127133
Dr._Karni_Singh_Shooting_Range,2025,12,219.53,0.5453371888099109,0,175.1463676034099,0.5554633168355065,44.38363239659009,-0.010126128025595649,-0.44871178116971555
Dwarka-Sector_8,2022,1,165.89,0.3829226725511503,4,174.9234411022806,0.32614929132063447,-9.03344110228062,0.05677338123051584,-0.49014579983545303
Dwarka-Sector_8,2022,2,109.15,0.3473837739026762,4,118.59407695301952,0.286609977488426,-9.444076953019518,0.060773796414250236,-0.5479255692534728
Dwarka-Sector_8,2022,3,98.05,0.2915724420988309,4,108.98455025961555,0.27500618621986544,-10.934550259615548,0.01656625587896543,-0.17921064220745211
Dwarka-Sector_8,2022,5,67.48,0.3414328634119541,4,88.48689726614761,0.28548861763606576,-21.006897266147604,0.05594424577588836,-1.1531604041798702
Dwarka-Sector_8,2022,6,55.78,0.3196428069516818,4,69.10773742626446,0.29020472100602684,-13.327737426264463,0.029438085945654946,-0.3862363618872539
Dwarka-Sector_8,2022,7,29.91,0.3337284154417062,4,42.017800087658856,0.2953390814801754,-12.107800087658855,0.038389333961530825,-0.4544253003698963
Dwarka-Sector_8,2022,8,28.53,0.3855954095421308,4,37.114328378740126,0.3267050244017333,-8.584328378740125,0.05889038514039746,-0.48109573751639584
Dwarka-Sector_8,2022,9,34.56,0.3295701636908464,4,44.160457613209246,0.2940032744540636,-9.600457613209244,0.035566889236782806,-0.33254425127209547
Dwarka-Sector_8,2022,10,105.04,0.366165586707995,4,118.8518929165021,0.31928792191245736,-13.811892916502089,0.04687766479553762,-0.6319839493411753
Dwarka-Sector_8,2022,12,194.77,0.3029200334299665,4,181.69628050816544,0.2729284160215964,13.073719491834566,0.029991617408370086,0.3984405223282694
Dwarka-Sector_8,2023,1,203.43,0.2300894412206395,4,186.90457465007034,0.23168018954998013,16.525425349929662,-0.0015907483293406133,-0.026269961111180642
Dwarka-Sector_8,2023,2,120.48,0.3048637029820389,4,121.01069349911455,0.28569003925420233,-0.5306934991145482,0.019173663727836576,-0.007584747201268848
Dwarka-Sector_8,2023,3,72.93,0.3152351676252219,4,83.4869268790693,0.28729539740649906,-10.556926879069295,0.027939770218722848,-0.2894572032052227
Dwarka-Sector_8,2023,4,73.0,0.311419575063904,4,78.27705604969542,0.3024121109739489,-5.2770560496954175,0.00900746408995512,-0.04696115915594806
Dwarka-Sector_8,2023,7,30.61,0.3336702996951947,4,43.23574904097505,0.28760111014544165,-12.625749040975052,0.04606918954975303,-0.5667022182689281
Dwarka-Sector_8,2023,8,32.62,0.3670960926191544,4,47.21662404711927,0.3317515393589475,-14.59662404711927,0.03534455326020686,-0.5071080949589488
Dwarka-Sector_8,2023,9,36.05,0.3911790675041448,4,51.48821317295955,0.33108638193209006,-15.43821317295955,0.060092685572054716,-0.9022769619194908
Dwarka-Sector_8,2023,10,109.28,0.3755529226047434,4,115.80806811196688,0.32468390618629045,-6.528068111966874,0.05086901641845293,-0.31384183914305674
Dwarka-Sector_8,2023,11,268.32,0.2860139225771732,4,262.1475781857724,0.24364200470093783,6.172421814227619,0.04237191787623534,0.27418893604053984
Dwarka-Sector_8,2024,1,234.78,0.2687912317507151,4,220.26834652743568,0.1989802078057927,14.51165347256432,0.06981102394492242,1.0474162701161298
Dwarka-Sector_8,2024,3,87.12,0.2998634754970557,4,84.10132332470893,0.2838129554857156,3.0186766752910756,0.016050520011340108,0.05026670783774166
Dwarka-Sector_8,2024,4,73.79,0.2843208188722814,4,76.1714947054472,0.27874784190728114,-2.3814947054471958,0.005572976965000254,-0.01305315673651077
Dwarka-Sector_8,2024,5,87.22,0.2780826153551145,4,98.62613954784517,0.2734092671224615,-11.406139547845171,0.0046733482326530296,-0.053150959833031114
Dwarka-Sector_8,2024,6,52.17,0.2898771411811303,4,66.35109493886621,0.2739368008347906,-14.18109493886621,0.015940340346339676,-0.22426094032560195
Dwarka-Sector_8,2024,8,27.72,0.3708551774702631,4,32.8211390919663,0.31688958489160307,-5.101139091966303,0.053965592578660015,-0.25476385501304943
Dwarka-Sector_8,2024,10,115.14,0.3848922955267707,4,116.2062875516298,0.32430208101720115,-1.0662875516297987,0.06059021450956953,-0.03873675387608624
Dwarka-Sector_8,2024,11,266.08,0.2405712202687258,4,240.4392533790203,0.2327282663323853,25.640746620979684,0.007842953936340491,0.2015326536679492
Dwarka-Sector_8,2024,12,186.31,0.2780087729786749,4,178.96216371367592,0.2891634561462183,7.347836286324082,-0.011154683167543422,-0.0810859803708872
Dwarka-Sector_8,2025,2,111.79,0.1725208598076128,4,106.01997590455647,0.2288281174947855,5.770024095443532,-0.05630725768717268,-0.30255246880241987
Dwarka-Sector_8,2025,3,80.17,0.3301214957254321,4,77.69831798038815,0.29833028585261384,2.4716820196118476,0.03179120987281825,0.0856997760141283
Dwarka-Sector_8,2025,4,80.54,0.2878482784012677,4,84.63539093594342,0.2851222494597851,-4.0953909359434135,0.0027260289414826055,-0.011111788188449568
Dwarka-Sector_8,2025,5,69.62,0.3208521587898907,4,71.10961817361684,0.2958882412686404,-1.489618173616833,0.024963917521250323,-0.032795191943446586
Dwarka-Sector_8,2025,6,50.15,0.3225547300162579,4,51.09119565418696,0.2990875272000316,-0.9411956541869628,0.023467202816226274,-0.018206517642793903
Dwarka-Sector_8,2025,7,31.75,0.3344322339660686,4,36.33180507046652,0.2524831101783718,-4.5818050704665225,0.08194912378769681,-0.3281513570555373
Dwarka-Sector_8,2025,9,31.93,0.3945550838437793,4,41.97285055793301,0.3288185321247131,-10.042850557933008,0.06573655171906617,-0.6297312949179165
Dwarka-Sector_8,2025,10,111.18,0.3987781997714893,4,118.96470695036093,0.3287262300531981,-7.784706950360928,0.0700519697182912,-0.5107537023403972
Dwarka-Sector_8,2025,11,217.54,0.3127921714296091,4,228.9488119530792,0.2855760293913152,-11.408811953079208,0.027216142038293867,-0.30528419100996074
Dwarka-Sector_8,2025,12,223.03,0.3028358381828851,4,239.29928625059173,0.30445048391920354,-16.269286250591733,-0.0016146457363184208,0.026287505118472602
IGI_Airport_(T3),2022,1,116.5,0.1489445513628942,3,130.68089896185484,0.5412191641715384,-14.180898961854837,-0.3922746128086442,6.647155759257286
IGI_Airport_(T3),2022,2,83.55,0.1609961061137025,3,82.01859698634524,0.5028062837295885,1.531403013654753,-0.34181017761588595,0.2998519765892844
IGI_Airport_(T3),2022,4,98.8,0.1206645762431827,3,89.21158615918957,0.4771027470205267,9.588413840810432,-0.35643817077734397,-2.5224002932257847
IGI_Airport_(T3),2022,5,72.57,0.1031859567951187,3,64.13154421485402,0.4651056764719087,8.438455785145976,-0.36191971967679,-2.131019079020439
IGI_Airport_(T3),2022,6,57.59,0.0965937250463149,3,49.79077901144294,0.4673616715308198,7.79922098855706,-0.3707679464845049,-1.9229927055995981
IGI_Airport_(T3),2022,9,34.48,0.0748900670434343,3,33.322205064129115,0.5168133389476107,1.1577949358708821,-0.4419232719041764,0.8645463686847409
IGI_Airport_(T3),2022,10,91.28,0.1361255450892479,3,88.94572521873992,0.5425737263182854,2.3342747812600777,-0.4064481812290375,0.21536185470491992
IGI_Airport_(T3),2022,11,154.29,0.1172259395052356,3,167.24792807527598,0.48449161462378865,-12.957928075275987,-0.367265675118553,5.709496255894236
IGI_Airport_(T3),2022,12,139.13,0.1115858250881102,3,161.94275240236894,0.5078732864375793,-22.812752402368943,-0.39628746134946913,10.147055434321766
IGI_Airport_(T3),2023,1,141.36,0.078514587708557,3,153.0336224341379,0.3778705726829485,-11.673622434137883,-0.2993559849743915,4.126056030841891
IGI_Airport_(T3),2023,5,50.53,0.0993551486880875,3,56.26992114856656,0.48988696236484214,-5.739921148566559,-0.39053181367675466,3.316357229016065
IGI_Airport_(T3),2023,6,33.94,0.0961166009226107,3,36.94899921523851,0.5200762272875369,-3.0089992152385108,-0.4239596263649262,2.5422890506658207
IGI_Airport_(T3),2023,8,29.67,0.0882108592802764,3,29.573153633449376,0.5852284919774012,0.09684636655062562,-0.49701763269712484,1.6925992606731057
IGI_Airport_(T3),2023,9,37.98,0.1119868593208788,3,36.475394566474755,0.5612518096023547,1.5046054335252421,-0.44926495028147584,0.7463419924208597
IGI_Airport_(T3),2023,10,96.78,0.084047129892004,3,88.06103281958337,0.5462290333425215,8.718967180416627,-0.46218190345051746,-2.5244781894685704
IGI_Airport_(T3),2023,11,243.72,0.0568496450971745,3,213.01204488073853,0.43675730686689174,30.70795511926147,-0.37990766176971724,-10.649131519101322
IGI_Airport_(T3),2023,12,174.17,0.056288214862579,3,178.75165827515121,0.5249722782853774,-4.581658275151227,-0.4686840634227984,3.695272298690368
IGI_Airport_(T3),2024,1,181.72,0.0386333577419882,3,183.62132100781284,0.359659436834499,-1.9013210078128395,-0.3210260790925108,1.336595544928428
IGI_Airport_(T3),2024,2,89.57,0.062725919460928,3,85.61928772280018,0.42499814536368224,3.9507122771998127,-0.36227222590275426,-0.5064099482763419
IGI_Airport_(T3),2024,3,65.6,0.0642835694154298,3,67.64758044811788,0.4891339879558959,-2.047580448117884,-0.4248504185404661,2.1418384180047725
IGI_Airport_(T3),2024,4,60.02,0.0538681589987698,3,58.8307872737199,0.442691388309344,1.189212726280104,-0.3888232293105742,0.6029584740905963
IGI_Airport_(T3),2024,5,75.79,0.0614194466564517,3,73.65483072153008,0.409489984222258,2.135169278469931,-0.3480705375658063,0.11054580405096069
IGI_Airport_(T3),2024,6,42.22,0.0372038203235341,3,50.56026732134996,0.4036199160046856,-8.340267321349963,-0.3664160956811515,4.002109856573327
IGI_Airport_(T3),2024,7,36.46,0.0166561925826685,3,33.39637866773876,0.43957449140684346,3.063621332261242,-0.422918298824175,-0.035281021326449453
IGI_Airport_(T3),2024,8,25.68,0.0742159046229402,3,23.032148039522593,0.5436157946032618,2.647851960477407,-0.4693998899803216,0.3097525913281854
IGI_Airport_(T3),2024,9,41.68,0.0681482734090055,3,36.59515625735397,0.5218927415026992,5.084843742646029,-0.4537444680936936,-0.8564068175863895
IGI_Airport_(T3),2024,11,234.31,0.078030579382309,3,207.9850923560451,0.42830886315623606,26.3249076439549,-0.35027828377392706,-8.356443634166702
IGI_Airport_(T3),2024,12,143.85,0.100236477289381,3,151.62896339594045,0.4820033403697821,-7.778963395940451,-0.3817668630804011,3.996785305308133
IGI_Airport_(T3),2025,1,132.88,0.1070855109053521,3,133.28679784726205,0.5406703112844466,-0.40679784726205526,-0.4335848003790945,1.5011401875539643
IGI_Airport_(T3),2025,2,81.85,0.0556759047876499,3,83.86570000269248,0.3701462132718624,-2.0157000026924834,-0.31447030848421254,1.3307417797791572
IGI_Airport_(T3),2025,3,65.77,0.1020488455722344,3,63.19569045102255,0.5061991339852043,2.574309548977446,-0.40415028841296996,0.11058989308876382
IGI_Airport_(T3),2025,4,54.26,0.080915104753731,3,66.31421068972419,0.4449265908828694,-12.054210689724194,-0.3640114861291384,5.321595955705599
IGI_Airport_(T3),2025,5,47.97,0.0981040149767869,3,58.58298654257351,0.47255663162291006,-10.612986542573509,-0.37445261664612317,4.962118633747485
IGI_Airport_(T3),2025,6,31.58,0.1045039810085141,3,38.55285575269626,0.4929140518344899,-6.972855752696262,-0.3884100708259758,3.771416548050509
IGI_Airport_(T3),2025,7,26.1,0.0256380383063832,3,27.453713868915,0.4466968254485652,-1.3537138689149977,-0.42105878714218203,1.8193145586318533
IGI_Airport_(T3),2025,10,85.81,0.1274940414691917,3,88.39868124549719,0.5527717411703376,-2.5886812454971846,-0.4252776997011459,2.3753910998837124
IGI_Airport_(T3),2025,11,157.88,0.1098207698539447,3,190.92110991878968,0.4945165253544451,-33.04110991878969,-0.3846957555005004,13.753628743567052
IGI_Airport_(T3),2025,12,142.31,0.1002864496705757,3,185.29352767718436,0.5311343148007167,-42.983527677184355,-0.430847865130141,19.82744808579564
IHBAS_Dilshad_Garden,2022,2,102.57,0.3378173098564733,2,120.70661183275789,0.2388158890757261,-18.136611832757893,0.0990014207807472,-1.7264831830154144
IHBAS_Dilshad_Garden,2022,3,95.23,0.3002415135953903,2,105.47867432006322,0.21914673115145528,-10.248674320063216,0.08109478244393503,-0.7847720382665492
IHBAS_Dilshad_Garden,2022,4,91.32,0.3265784680122748,2,112.10803363801396,0.2341648551116707,-20.78803363801397,0.0924136129006041,-1.8609161243879764
IHBAS_Dilshad_Garden,2022,6,62.26,0.2920913184511539,2,63.60982714534208,0.23550794209558357,-1.3498271453420827,0.056583376355570314,-0.053816356915665234
IHBAS_Dilshad_Garden,2022,7,44.44,0.3939449801125773,2,39.35294912464121,0.21687828473694082,5.087050875358784,0.17706669537563646,1.1216812526136881
IHBAS_Dilshad_Garden,2022,9,42.33,0.3189529032450939,2,42.46369495234269,0.182373786125542,-0.1336949523426938,0.1365791171195519,0.11318907290926512
IHBAS_Dilshad_Garden,2022,10,98.1,0.3681934185920321,2,112.98659590902592,0.22980256540631994,-14.886595909025928,0.13839085318571215,-1.9252091978886552
IHBAS_Dilshad_Garden,2022,11,128.6,0.2926157602619003,2,202.73165041673494,0.19799369052073573,-74.13165041673494,0.09462206974116455,-6.951398295314513
IHBAS_Dilshad_Garden,2022,12,116.3,0.298289254988786,2,191.05858589762425,0.20079702852868409,-74.75858589762426,0.09749222646010192,-7.2214035221616
IHBAS_Dilshad_Garden,2023,1,109.9,0.2380147511258036,2,193.80951153709836,0.1472183277467009,-83.90951153709835,0.09079642337910268,-7.560590213970987
IHBAS_Dilshad_Garden,2023,2,98.54,0.319119455975796,2,124.49734702820956,0.2194873891274647,-25.957347028209554,0.09963206684833129,-2.516234249784174
IHBAS_Dilshad_Garden,2023,3,67.5,0.3416028509770076,2,82.5242644098,0.22929153752411185,-15.024264409799997,0.11231131345289574,-1.598508384025978
IHBAS_Dilshad_Garden,2023,4,66.99,0.3426973115018435,2,77.7818520196843,0.23789888120611832,-10.791852019684299,0.10479843029572519,-1.053576758218988
IHBAS_Dilshad_Garden,2023,5,56.78,0.3245682837753318,2,71.06277283039203,0.23930393201009445,-14.282772830392034,0.08526435176523736,-1.166581442787045
IHBAS_Dilshad_Garden,2023,6,50.65,0.363993135790311,2,49.31875781121484,0.24071439750148602,1.3312421887851613,0.12327873828882499,0.2712078436488274
IHBAS_Dilshad_Garden,2023,7,33.37,0.3025581976320783,2,34.21300738357989,0.16977162779648675,-0.843007383579895,0.13278656983559156,0.012310121306823598
IHBAS_Dilshad_Garden,2023,8,54.92,0.4650637628584765,2,40.61881466055242,0.27036406000274515,14.301185339447585,0.19469970285573135,3.051564466736263
IHBAS_Dilshad_Garden,2023,10,94.91,0.4057209024210373,2,118.96386698441769,0.2567663411127623,-24.053866984417695,0.148954561308275,-3.426583762299725
IHBAS_Dilshad_Garden,2023,11,137.22,0.2228002110616093,2,242.12394318822643,0.18134310204387505,-104.90394318822644,0.04145710901773425,-4.336903021034673
IHBAS_Dilshad_Garden,2023,12,124.09,0.3236923088830075,2,213.96695985586658,0.22655705365189693,-89.87695985586657,0.09713525523111055,-8.6637335537311
IHBAS_Dilshad_Garden,2024,1,132.45,0.1675556419170619,2,226.31553594552412,0.10126373096055888,-93.86553594552413,0.06629191095650303,-6.191557990317959
IHBAS_Dilshad_Garden,2024,2,70.51,0.2530041947184981,2,116.52654730650339,0.19133749349952092,-46.016547306503384,0.06166670121897719,-2.810891428289873
IHBAS_Dilshad_Garden,2024,3,58.22,0.3628853829609579,2,80.66426240995578,0.22522743305283624,-22.444262409955783,0.13765794990812166,-2.9560973169278406
IHBAS_Dilshad_Garden,2024,4,64.57,0.2862600715609462,2,70.12544398498346,0.21013007715783527,-5.555443984983469,0.07612999440311091,-0.3820945479479209
IHBAS_Dilshad_Garden,2024,5,68.36,0.2810219423138564,2,78.8031825455015,0.21034757067884963,-10.4431825455015,0.07067437163500678,-0.7028677980951256
IHBAS_Dilshad_Garden,2024,6,66.38,0.2853065032703502,2,56.030630000583656,0.21325840856899358,10.34936999941634,0.07204809470135659,0.7822315494114181
IHBAS_Dilshad_Garden,2024,8,23.99,0.3996457173480335,2,31.519800503118603,0.24180686101433302,-7.529800503118604,0.15783885633370048,-1.0129387375093362
IHBAS_Dilshad_Garden,2024,9,32.05,0.3337688645693441,2,46.59523938687811,0.1971218884856622,-14.545239386878116,0.13664697608368193,-1.8559833145473716
IHBAS_Dilshad_Garden,2024,10,79.98,0.4648324280225767,2,122.96312127814693,0.26900252121963836,-42.983121278146925,0.19582990680293832,-8.147142423182093
IHBAS_Dilshad_Garden,2024,11,189.33,0.2672088318781552,2,257.91034844175397,0.1782558545104674,-68.58034844175396,0.08895297736768779,-6.04466786017261
IHBAS_Dilshad_Garden,2024,12,93.73,0.2914085294976717,2,185.61522376206312,0.21220162840228354,-91.88522376206312,0.07920690109538817,-7.233734415783696
IHBAS_Dilshad_Garden,2025,1,90.33,0.3337803243650502,2,176.5837189132432,0.23731296696884416,-86.25371891324319,0.09646735739620602,-8.255091640045507
IHBAS_Dilshad_Garden,2025,3,60.2,0.3622784716631592,2,70.27437938002086,0.24739707674237668,-10.074379380020858,0.1148813949207825,-1.0643576480913555
IHBAS_Dilshad_Garden,2025,4,74.21,0.3104998212736619,2,71.45418985250237,0.22815314825010014,2.755810147497627,0.08234667302356175,0.27471561400285466
IHBAS_Dilshad_Garden,2025,5,67.78,0.3434568509320514,2,64.27143666504728,0.2385808790508194,3.5085633349527257,0.10487597188123202,0.4454709525336059
IHBAS_Dilshad_Garden,2025,8,25.31,0.3868863862450757,2,33.16052014780676,0.2425668063054397,-7.850520147806758,0.144319579939636,-0.9862131142636609
IHBAS_Dilshad_Garden,2025,9,37.22,0.4204635430910967,2,39.806263774298806,0.2636586266025859,-2.586263774298807,0.1568049164885108,-0.23227498004830682
IHBAS_Dilshad_Garden,2025,10,114.88,0.3770444092771064,2,119.18171699809922,0.2684355496764759,-4.301716998099224,0.10860885960063049,-0.38408195633553216
IIT_Delhi,2025,12,160.7,0.4421256558851403,0,211.82702832159913,0.4474727667644844,-51.12702832159914,-0.005347110879344086,0.273583367121547
IMD_Lodhi_Road,2022,1,109.02,0.4742265890033279,1,153.7324674444201,0.332237715128077,-44.71246744442011,0.14198887387525094,-6.20660454556875
IMD_Lodhi_Road,2022,2,75.07,0.4308281307282806,1,96.47568208594001,0.2967633084715053,-21.405682085940015,0.1340648222567753,-2.743095114150596
IMD_Lodhi_Road,2022,3,72.2,0.3779544147921964,1,85.40397063117389,0.2733061446771878,-13.203970631173888,0.1046482701150086,-1.3046019158958235
IMD_Lodhi_Road,2022,4,66.6,0.395791641914057,1,90.75701934708691,0.3038014881955594,-24.157019347086916,0.09199015371849761,-2.162577016605942
IMD_Lodhi_Road,2022,5,59.15,0.3872323394851585,1,69.88410811204464,0.29928356035540354,-10.734108112044645,0.08794877912975496,-0.88954519636004
IMD_Lodhi_Road,2022,7,30.8,0.405696891861373,1,28.08934722169957,0.2962842422482282,2.7106527783004317,0.10941264961314479,0.3809372206202281
IMD_Lodhi_Road,2022,8,31.19,0.4898496769091994,1,26.843664855976773,0.3461145090654841,4.346335144023229,0.14373516784371532,0.7703055988213544
IMD_Lodhi_Road,2022,9,32.15,0.4207435278122426,1,33.48730033795632,0.26552098377336864,-1.3373003379563215,0.15522254403887398,-0.03779455248367063
IMD_Lodhi_Road,2022,10,76.98,0.4458859510545319,1,99.21736374428583,0.340427476695455,-22.23736374428583,0.1054584743590769,-2.266748121469936
IMD_Lodhi_Road,2022,11,126.83,0.3719878345350887,1,171.12001848218236,0.26388032488447805,-44.29001848218236,0.10810750965061067,-4.705726613694089
IMD_Lodhi_Road,2022,12,119.57,0.3754735901213167,1,162.9832107041948,0.25306506284507685,-43.413210704194796,0.12240852727623985,-5.208559793371335
IMD_Lodhi_Road,2023,1,126.08,0.2874908967379623,1,176.08989574112977,0.21034477963754655,-50.00989574112977,0.07714611710041575,-3.8161303893083804
IMD_Lodhi_Road,2023,3,54.35,0.3897389013274833,1,61.64142827622899,0.2858931469681208,-7.2914282762289915,0.1038457543593625,-0.6811921603864943
IMD_Lodhi_Road,2023,4,47.03,0.389527586087442,1,52.593553851485396,0.30232527141342996,-5.563553851485395,0.08720231467401202,-0.4315695869677109
IMD_Lodhi_Road,2023,5,49.61,0.4183520201801534,1,49.637906744752804,0.31043971593110953,-0.02790674475280497,0.10791230424904386,0.07904835675418558
IMD_Lodhi_Road,2023,6,35.03,0.4227448355213933,1,31.36195868134363,0.3139149546711293,3.668041318656371,0.10882988085026402,0.48265377751901095
IMD_Lodhi_Road,2023,7,32.54,0.367765980713453,1,21.219209781493714,0.250554408375524,11.320790218506286,0.117211572337929,1.4237397361904107
IMD_Lodhi_Road,2023,8,35.64,0.4597657272149283,1,25.76602932280465,0.35550968324554494,9.873970677195352,0.10425604396938337,1.1060144958419404
IMD_Lodhi_Road,2023,9,38.47,0.4869417149845409,1,29.306963191750544,0.3532263773051017,9.163036808249455,0.13371533767943922,1.3512329408328945
IMD_Lodhi_Road,2023,10,77.8,0.4515834888361022,1,86.1736636204229,0.3394673470226055,-8.373663620422903,0.11211614181349672,-0.8502450332210809
IMD_Lodhi_Road,2023,11,185.96,0.3328904465635885,1,207.55155480484802,0.2388941960261466,-21.591554804848016,0.09399625053744193,-1.9672650993967544
IMD_Lodhi_Road,2023,12,146.05,0.4066100524042099,1,173.46347152436502,0.28344274101603145,-27.413471524365008,0.12316731138817844,-3.2695431059758144
IMD_Lodhi_Road,2024,2,68.51,0.360033124893805,1,95.26205353065328,0.2507722995752969,-26.75205353065327,0.10926082531850811,-2.838827881402676
IMD_Lodhi_Road,2024,3,59.22,0.4151588824995592,1,68.38117818853748,0.28845314157403595,-9.161178188537477,0.12670574092552322,-1.047642952948599
IMD_Lodhi_Road,2024,5,67.62,0.3807481173033952,1,77.06371533799098,0.275732777166748,-9.44371533799098,0.1050153401366472,-0.9140218827249139
IMD_Lodhi_Road,2024,6,45.07,0.3873467859326323,1,56.88444685952338,0.2737670790046429,-11.814446859523379,0.11357970692798935,-1.2509759013542714
IMD_Lodhi_Road,2024,11,186.23,0.310367669048473,1,216.34664048159328,0.22108926702223936,-30.116640481593294,0.08927840202623366,-2.6325984963518705
IMD_Lodhi_Road,2024,12,118.92,0.3804819567618941,1,160.53311824002367,0.2633872469026358,-41.61311824002367,0.1170947098592583,-4.776056843400908
IMD_Lodhi_Road,2025,1,121.86,0.4491818485904201,1,160.76591245631553,0.31366215938763164,-38.905912456315534,0.13551968920278845,-5.143099512184082
IMD_Lodhi_Road,2025,2,73.57,0.3755017862813952,1,89.12216925683623,0.22283194156765904,-15.552169256836237,0.15266984471373615,-2.2101010958036924
IMD_Lodhi_Road,2025,3,52.91,0.4213914085486621,1,66.64978611788587,0.3061964031971079,-13.73978611788587,0.11519500535155419,-1.489245173769125
IMD_Lodhi_Road,2025,4,65.17,0.3781810434214732,1,69.47009375124223,0.29348837232433267,-4.30009375124223,0.08469267109714052,-0.3136411718250406
IMD_Lodhi_Road,2025,5,55.48,0.4139095085828599,1,60.398487045219476,0.3050844695528911,-4.918487045219479,0.10882503902996882,-0.45180069299554926
IMD_Lodhi_Road,2025,6,36.6,0.3969822002747059,1,38.55691392662247,0.30872767221866293,-1.9569139266224695,0.08825452805604295,-0.11782037161112621
IMD_Lodhi_Road,2025,7,20.67,0.2735631420388744,1,25.524696729614572,0.22813842965398606,-4.85469672961457,0.04542471238488832,-0.20598291177717515
IMD_Lodhi_Road,2025,9,41.09,0.4711067501504195,1,30.071706794289792,0.35112389076979067,11.018293205710211,0.1199828593806288,1.4234505047192398
IMD_Lodhi_Road,2025,10,91.69,0.4718269598776243,1,94.16110750457949,0.33725832532426897,-2.471107504579493,0.13456863455335533,-0.20492599999516992
IMD_Lodhi_Road,2025,12,158.37,0.3917530362786673,1,191.35035498910958,0.29861130069987396,-32.98035498910957,0.09314173557879335,-3.010714269144983
ITO,2022,1,153.19,0.3887238534489588,0,137.6344290049005,0.33321513864539587,15.555570995099487,0.05550871480356295,0.8851823157356289
ITO,2022,2,119.36,0.3202408137910899,0,96.44331741093583,0.3059252649412709,22.916682589064166,0.014315548849818949,0.3295090138887213
ITO,2022,3,117.79,0.3079962658030707,0,89.33595340720483,0.28425037722131175,28.45404659279518,0.023745888581758967,0.6796400501604029
ITO,2022,4,90.9,0.3575741758091463,0,99.68679118727746,0.29934280103974176,-8.786791187277458,0.05823137476940454,-0.48777216314448196
ITO,2022,5,93.37,0.3721432363759825,0,80.0188506500714,0.29247455746352435,13.351149349928605,0.07966867891245816,1.1083948317222752
ITO,2022,7,42.19,0.3802305292725124,0,39.98511328369219,0.3090622098033327,2.2048867163078043,0.07116831946917967,0.19260936390683492
ITO,2022,8,37.57,0.4283634176133813,0,37.325740091712,0.3236246168020717,0.24425990828800082,0.1047388008113096,0.1028878370349691
ITO,2022,9,50.21,0.3097801823256921,0,43.4465554916897,0.2957921835383968,6.7634445083103,0.013987998787295286,0.09598584919784904
ITO,2022,12,166.59,0.2987076346893941,0,157.2241929336612,0.26729572971896276,9.365807066338817,0.03141190497043134,0.30115092227549867
ITO,2023,1,227.6,0.2971928998205766,0,164.15306965337854,0.21084809856947526,63.44693034662146,0.08634480125110136,5.5308490876518155
ITO,2023,2,152.03,0.3428310877288058,0,100.93461451509197,0.2981494716513384,51.095385484908036,0.044681616077467345,2.297092854571047
ITO,2023,4,52.35,0.3472529054863668,0,66.07821857637471,0.3034879190192659,-13.728218576374708,0.043764986467100864,-0.5873181425978237
ITO,2023,5,74.14,0.3677930126777163,0,64.55694225492955,0.3103087384000335,9.583057745070448,0.05748427427768282,0.5741606874151216
ITO,2023,6,44.24,0.3824034126358431,0,51.89910556748675,0.31352217429743523,-7.659105567486748,0.06888123833840787,-0.49413450078116083
ITO,2023,8,36.02,0.4162944645854813,0,44.187691848154465,0.3533843920409296,-8.167691848154462,0.06291007254455172,-0.4859413337876071
ITO,2023,9,41.89,0.4223790625917046,0,45.57200893832972,0.3537306599586074,-3.682008938329723,0.06864840263309718,-0.21955550644791563
ITO,2023,10,96.0,0.3664808463480746,0,96.43799846011972,0.34510981465474405,-0.4379984601197151,0.021371031693330544,-0.006142081347221082
ITO,2023,11,240.62,0.2903905627280755,0,227.77700320557236,0.23995526512746665,12.842996794427648,0.05043529760060886,0.6656653131435991
ITO,2024,1,189.44,0.1668498933400548,0,200.09663130907583,0.17880604898417407,-10.656631309075834,-0.011956155644119282,0.12841967274555188
ITO,2024,3,80.33,0.3519815677625323,0,73.5444388091881,0.29617731371649114,6.7855611908119045,0.05580425404604117,0.4006075616280205
ITO,2024,4,59.1,0.3316425298991269,0,67.27455198722957,0.2708497699641877,-8.17455198722957,0.06079275993493921,-0.4709104906472632
ITO,2024,5,95.86,0.3230399629372357,0,91.65536268758545,0.26147399295449153,4.2046373124145475,0.06156596998274416,0.28557234620150534
ITO,2024,6,62.34,0.3374195079432553,0,76.4862704383189,0.2575504134824993,-14.146270438318894,0.07986909446075602,-1.0848980971987114
ITO,2024,7,42.03,0.281992943320286,0,42.79933669221799,0.22215304558452537,-0.7693366922179905,0.05983989773576065,-0.020803940670138524
ITO,2024,8,27.55,0.3856142089879966,0,31.964103236079282,0.3331575130090829,-4.414103236079281,0.05245669597891367,-0.212158700925277
ITO,2024,9,37.39,0.376318856822787,0,46.378958252103516,0.3156834577618427,-8.988958252103515,0.060635399060944284,-0.519140634415973
ITO,2024,10,107.29,0.4299450080845837,0,101.12347521011864,0.3565556184305635,6.166524789881365,0.0733893896540202,0.4905112914429418
ITO,2024,11,216.16,0.2594654577351107,0,230.58957571852395,0.23326558164745723,-14.42957571852395,0.02619987608765348,-0.373215972085909
ITO,2024,12,171.04,0.3066260166246412,0,148.6342076434887,0.2700812952867143,22.405792356511284,0.036544721337926855,0.8282244869601096
ITO,2025,1,152.69,0.3699696063826265,0,143.42733222971154,0.31661946013360076,9.26266777028846,0.05335014624902573,0.5142214020201122
ITO,2025,3,68.11,0.3820382954912476,0,71.17520101788261,0.3179230979127145,-3.0652010178826146,0.06411519757853312,-0.16755849044706017
ITO,2025,4,75.65,0.3530964666270152,0,73.02876863147137,0.2897766001895472,2.6212313685286404,0.06331986643746801,0.19422928904205491
ITO,2025,6,52.14,0.3612699454121598,0,49.83677968019607,0.3070057210636489,2.303220319803934,0.054264224348510914,0.14573236002738246
ITO,2025,7,37.31,0.3287271451173799,0,33.27607836158067,0.2698083195916272,4.033921638419329,0.05891882552575267,0.2621362024832977
ITO,2025,8,35.3,0.4107852810377855,0,35.5153879878188,0.29739509194839564,-0.21538798781880075,0.11339018908938986,0.0661795110464628
ITO,2025,9,34.19,0.4248208715544108,0,41.926526586935026,0.3571450497872953,-7.736526586935028,0.06767582176711551,-0.4913015711764151
ITO,2025,10,111.32,0.3925122349271367,0,98.18295962618156,0.3539926974111201,13.137040373818436,0.03851953751601661,0.5164883650449953
ITO,2025,12,229.84,0.3743329424483557,0,182.26880786384598,0.30507384201626364,47.571192136154025,0.06925910043209205,3.3285399752239124
Jahangirpuri,2022,1,232.22,0.2412340062952368,4,189.8935772073011,0.2413914824553572,42.32642279269891,-0.0001574761601203789,-0.006665227782554755
Jahangirpuri,2022,2,152.46,0.2172297739321022,4,129.7522336615862,0.23784547911352621,22.70776633841382,-0.020615705181424027,-0.4651416969466752
Jahangirpuri,2022,4,135.3,0.2105500513474458,4,134.01894494596533,0.2474507468980797,1.281055054034681,-0.03690069555063388,-0.03767653867200189
Jahangirpuri,2022,5,74.62,0.2238052951223177,4,93.16661411598265,0.2524119927227978,-18.54661411598265,-0.028606697600480097,0.5363240392220499
Jahangirpuri,2022,6,59.8,0.2162463518434911,4,71.58413331334181,0.25455746922656336,-11.784133313341812,-0.038311117383072246,0.4618061201808152
Jahangirpuri,2022,8,45.53,0.2105301846262996,4,40.815490410142644,0.2854489247398873,4.714509589857357,-0.0749187401135877,-0.31365300906886406
Jahangirpuri,2022,9,48.92,0.20957246664899,4,48.633441776966045,0.24876822795044184,0.28655822303395695,-0.03919576130145183,-0.00040589492908710793
Jahangirpuri,2022,10,135.87,0.2432773281415132,4,125.17936086056865,0.2896323992240888,10.690639139431354,-0.04635507108257558,-0.4804233378081112
Jahangirpuri,2022,11,231.85,0.1806425980708634,4,198.3228077074098,0.21488403132655415,33.5271922925902,-0.034241433255690734,-1.139756976332724
Jahangirpuri,2023,3,94.89,0.1957137801126001,4,86.47390147242552,0.231444877408322,8.416098527574476,-0.03573109729572191,-0.291719772823741
Jahangirpuri,2023,4,88.48,0.2201247118666281,4,79.62515678398465,0.2533629060620935,8.854843216015354,-0.03323819419546539,-0.28653390970086823
Jahangirpuri,2023,5,77.49,0.2363915127496857,4,80.63078615282568,0.2557163186457277,-3.140786152825683,-0.01932480589604199,0.06332667746565045
Jahangirpuri,2023,6,47.76,0.2275530084623218,4,52.772467230728225,0.2624637638354664,-5.012467230728227,-0.034910755373144586,0.183577317459284
Jahangirpuri,2023,7,41.73,0.0701913924105746,4,41.5235648074635,0.17861327269665286,0.206435192536496,-0.10842188028607827,0.06045457057400149
Jahangirpuri,2023,8,46.5,0.2634001568153526,4,50.41567275116468,0.3002212764132014,-3.915672751164678,-0.036821119597848784,0.15373339890681428
Jahangirpuri,2023,9,47.77,0.2390182728890104,4,49.68813969240969,0.30312596899781363,-1.9181396924096887,-0.06410769610880324,0.15192821694179826
Jahangirpuri,2023,11,301.49,0.1569277007046292,4,254.4521560391187,0.18978221526509953,47.037843960881304,-0.03285451456047034,-1.5377991350551692
Jahangirpuri,2024,1,252.25,0.1226270596362576,4,223.92240899320694,0.11663161742267578,28.327591006793057,0.0059954422135818225,0.17008973258394755
Jahangirpuri,2024,2,140.14,0.2156077729097304,4,112.28455997814245,0.21829784431405974,27.855440021857532,-0.002690071404329336,-0.07488212897969533
Jahangirpuri,2024,3,96.05,0.2252299195906929,4,82.62532631969458,0.23854699791933986,13.424673680305418,-0.013317078328646953,-0.17752772845964424
Jahangirpuri,2024,4,84.09,0.1785565726625077,4,85.74958756124657,0.22630060527583412,-1.6595875612465676,-0.04774403261332641,0.09529841223905682
Jahangirpuri,2024,6,69.16,0.196962095293724,4,67.2389492983296,0.22604741556747562,1.9210507016703957,-0.02908532027375163,-0.04991313744152422
Jahangirpuri,2024,7,45.45,0.1511538448052139,4,47.9896108306614,0.16643124325961003,-2.5396108306613954,-0.01527739845439613,0.04044334976581748
Jahangirpuri,2024,8,36.18,0.2129824776877671,4,33.525384340102924,0.30009594078566226,2.6546156598970754,-0.08711346309789517,-0.17777671829259487
Jahangirpuri,2024,9,50.5,0.2740941124654319,4,46.02733199896502,0.2550342988891777,4.472668001034982,0.019059813576254192,0.08780813608373546
Jahangirpuri,2024,10,141.33,0.2636353512461741,4,130.38429411544556,0.3086402878195168,10.945705884554457,-0.0450049365733427,-0.4783380040094466
Jahangirpuri,2024,11,303.73,0.1511042765316048,4,277.7767099410124,0.18592724875568206,25.95329005898759,-0.034822972224077264,-0.8952255349830827
Jahangirpuri,2025,1,214.59,0.2383000892535234,4,185.89633582521586,0.23651994814492427,28.693664174784146,0.0017801411085991148,0.05110110160933433
Jahangirpuri,2025,2,117.79,0.2111970276804145,4,104.22018283611725,0.2277309509704334,13.56981716388276,-0.016533923290018876,-0.222435942263948
Jahangirpuri,2025,3,92.96,0.2249392769579638,4,74.41299665497651,0.26247718993435726,18.547003345023484,-0.037537912976393445,-0.686286261217612
Jahangirpuri,2025,4,97.13,0.2102946105820652,4,93.93051782992524,0.24453013763067158,3.1994821700747593,-0.034235527048606385,-0.10127666755077076
Jahangirpuri,2025,5,97.41,0.2285329803689783,4,78.88034680060723,0.256827168533313,18.52965319939277,-0.02829418816433471,-0.5186401422668163
Jahangirpuri,2025,6,57.76,0.2212604413182405,4,54.78657940195685,0.2512881516799958,2.9734205980431483,-0.030027710361755305,-0.08293121808493967
Jahangirpuri,2025,7,34.48,0.1430499188087326,4,36.77893190436749,0.19225263736979314,-2.2989319043674925,-0.04920271856106054,0.1301732239368265
Jahangirpuri,2025,9,87.92,0.2870902081652451,4,40.94668882261938,0.3017911881955962,46.97331117738062,-0.014700980030351085,-0.6890307748236592
Jahangirpuri,2025,10,146.07,0.2434078181070033,4,128.76717528503752,0.2880527730525866,17.30282471496247,-0.04464495494558329,-0.7584384496090288
Jahangirpuri,2025,11,278.1,0.2007923925889673,4,263.19969289427723,0.2356726111075376,14.900307105722788,-0.03488021851857029,-0.5111526856962814
Jahangirpuri,2025,12,267.25,0.2180137330764474,4,277.6871519179877,0.2359956077184162,-10.437151917987705,-0.01798187464196882,0.18995810788465226
Jawaharlal_Nehru_Stadium,2022,1,154.72,0.3555996878087348,3,159.5672979225019,0.35478331889705034,-4.847297922501895,0.0008163689116844619,-0.003952486966815362
Jawaharlal_Nehru_Stadium,2022,2,100.54,0.3262339603956526,3,120.13236912611187,0.331094223851309,-19.592369126111862,-0.004860263455656377,0.09539053508107369
Jawaharlal_Nehru_Stadium,2022,3,85.61,0.3146375084990787,3,95.25894473952104,0.31950439781629747,-9.648944739521042,-0.004866889317218792,0.047127259651210195
Jawaharlal_Nehru_Stadium,2022,4,87.65,0.317805664999088,3,93.54473052860739,0.3397314645139972,-5.894730528607383,-0.021925799514909194,0.13263433807660907
Jawaharlal_Nehru_Stadium,2022,5,70.22,0.2900234768943059,3,71.26316994529729,0.3383442754234847,-1.0431699452972936,-0.04832079852917881,0.06686025293693894
Jawaharlal_Nehru_Stadium,2022,6,51.95,0.3337585065167572,3,57.886708814132284,0.3413055281538677,-5.936708814132281,-0.007547021637110518,0.04520583525641445
Jawaharlal_Nehru_Stadium,2022,7,29.52,0.3195403076542972,3,37.79094587082873,0.3311884860815314,-8.27094587082873,-0.011648178427234201,0.09729755642091333
Jawaharlal_Nehru_Stadium,2022,8,30.36,0.3697828897997222,3,30.91267588305875,0.3854076606628556,-0.5526758830587504,-0.015624770863133408,0.010355780964052244
Jawaharlal_Nehru_Stadium,2022,9,36.81,0.2744195355670849,3,35.860939005737166,0.3478574720461215,0.9490609942628367,-0.07343793647903657,-0.03169305096304573
Jawaharlal_Nehru_Stadium,2022,10,102.03,0.3568950826450109,3,116.23024436290746,0.38698748845787384,-14.200244362907455,-0.030092405812862932,0.4337007187385516
Jawaharlal_Nehru_Stadium,2022,12,182.83,0.2689980540541283,3,177.79040392894387,0.3001000768649899,5.039596071056138,-0.031102022810861607,-0.14992506047400997
Jawaharlal_Nehru_Stadium,2023,2,105.93,0.3015320007492531,3,124.77881267029045,0.32263049847667385,-18.848812670290442,-0.02109849772742073,0.40081846711326585
Jawaharlal_Nehru_Stadium,2023,3,64.95,0.3102416561261474,3,74.50358305641991,0.33575138295962326,-9.55358305641991,-0.025509726833475854,0.2482949380785462
Jawaharlal_Nehru_Stadium,2023,4,52.55,0.2994529842089622,3,62.69938745838904,0.3438994834342692,-10.149387458389043,-0.04444649922530697,0.46502553053499934
Jawaharlal_Nehru_Stadium,2023,5,50.83,0.3326229897802867,3,64.87538951116231,0.35376864442777495,-14.045389511162313,-0.021145654647488243,0.3001498296721599
Jawaharlal_Nehru_Stadium,2023,7,30.93,0.2726432199889144,3,35.922787062122566,0.29838208086224854,-4.9927870621225665,-0.025738860873334157,0.13317704411077821
Jawaharlal_Nehru_Stadium,2023,9,33.62,0.3899038542989099,3,39.75914620542291,0.39663228099720793,-6.139146205422911,-0.00672842669829804,0.04162581366322875
Jawaharlal_Nehru_Stadium,2023,10,85.72,0.3684686412698863,3,113.64287922830256,0.3862958222041187,-27.922879228302563,-0.017827180934232356,0.5000257356789641
Jawaharlal_Nehru_Stadium,2023,11,227.39,0.2324147079641497,3,246.9758399514412,0.27232946797594093,-19.585839951441216,-0.03991476001179123,0.7929908956367842
Jawaharlal_Nehru_Stadium,2023,12,194.85,0.2891796494427173,3,221.51861844504143,0.3254522851322124,-26.66861844504143,-0.036272635689495125,0.976612516038952
Jawaharlal_Nehru_Stadium,2024,1,210.34,0.1942306174866583,3,219.5410699142835,0.18035135373422653,-9.201069914283494,0.013879263752431759,-0.12634663321402548
Jawaharlal_Nehru_Stadium,2024,2,93.87,0.2760327423311737,3,119.87290522022303,0.288683622252605,-26.002905220223028,-0.012650879921431324,0.3300874266134913
Jawaharlal_Nehru_Stadium,2024,5,57.09,0.2820846191188518,3,89.46520451738076,0.32046378136551795,-32.37520451738075,-0.038379162246666154,1.25291280510172
Jawaharlal_Nehru_Stadium,2024,7,28.01,0.1736207064283706,3,43.34373042745624,0.266947090097458,-15.333730427456235,-0.09332638366908738,1.492417469940606
Jawaharlal_Nehru_Stadium,2024,8,15.91,0.3550727076424256,3,30.873854481984413,0.3559622148656649,-14.963854481984413,-0.0008895072232393275,0.013316032198788942
Jawaharlal_Nehru_Stadium,2024,9,26.92,0.2816142523126066,3,46.01217878174621,0.33181471867380236,-19.092178781746206,-0.05020046636119574,0.9761946947183578
Jawaharlal_Nehru_Stadium,2024,10,83.64,0.3706667028539535,3,118.45034943914446,0.4002348280230417,-34.81034943914446,-0.029568125169088244,1.0354375578784638
Jawaharlal_Nehru_Stadium,2024,11,210.86,0.2350651253357688,3,254.73357532704222,0.26529820334889065,-43.873575327042204,-0.03023307801312186,1.3328742278414822
Jawaharlal_Nehru_Stadium,2024,12,163.08,0.2846706825240459,3,178.3623652788683,0.3183749901722122,-15.282365278868298,-0.03370430764816629,0.5230865078979186
Jawaharlal_Nehru_Stadium,2025,2,79.51,0.214415061683296,3,115.54543996458915,0.27007403381079187,-36.035439964589145,-0.055658972127495876,2.0275258175295408
Jawaharlal_Nehru_Stadium,2025,4,49.37,0.281602276512192,3,79.85305099372032,0.33346048038718323,-30.48305099372032,-0.05185820387499124,1.599746903670418
Jawaharlal_Nehru_Stadium,2025,5,44.92,0.3171368467995406,3,70.05341476099966,0.35560510698434866,-25.133414760999656,-0.03846826018480809,0.9772665652262478
Jawaharlal_Nehru_Stadium,2025,6,30.72,0.3149839705277781,3,48.21531075994305,0.3504657114343613,-17.495310759943052,-0.03548174090658318,0.6296356142300015
Jawaharlal_Nehru_Stadium,2025,7,17.2,0.2856254480706171,3,31.049643281051683,0.2911385733205568,-13.849643281051684,-0.005513125249939688,0.07656900080088548
Jawaharlal_Nehru_Stadium,2025,8,22.45,0.2854976350620023,3,33.43336172381968,0.31008398374936524,-10.98336172381968,-0.024586348687362924,0.27430043934281023
Jawaharlal_Nehru_Stadium,2025,9,27.16,0.3730697218037587,3,40.95476078584849,0.4022669300572969,-13.794760785848492,-0.02919720825353822,0.4087756935985514
Jawaharlal_Nehru_Stadium,2025,11,207.41,0.3137023342458836,3,225.28136508510661,0.3342024638960821,-17.871365085106618,-0.020500129650198484,0.36932673444993325
Jawaharlal_Nehru_Stadium,2025,12,209.41,0.3001159112234971,3,226.75214737021466,0.34056002866124835,-17.34214737021466,-0.040444117437751226,0.7129143977692906
Major_Dhyan_Chand_National_Stadium,2022,1,166.5,0.4368061561507992,2,150.17896638951132,0.4673919454856344,16.321033610488684,-0.03058578933483519,-0.4925995301426883
Major_Dhyan_Chand_National_Stadium,2022,2,110.91,0.4146926405761458,2,90.060151037323,0.4274989702529561,20.849848962677,-0.01280632967681028,-0.26585435824915093
Major_Dhyan_Chand_National_Stadium,2022,3,94.22,0.3525939239011681,2,79.17425272008438,0.4055317128659965,15.045747279915616,-0.05293778896482837,-0.7767407216198348
Major_Dhyan_Chand_National_Stadium,2022,4,100.88,0.3757575230991549,2,93.46523171326697,0.3902402067269009,7.414768286733022,-0.014482683627746018,-0.1059077011519072
Major_Dhyan_Chand_National_Stadium,2022,5,79.28,0.3736828065195838,2,68.99468485577778,0.40200821474234333,10.285315144222224,-0.02832540822275953,-0.2856819418790336
Major_Dhyan_Chand_National_Stadium,2022,7,36.98,0.383095386881608,2,33.51463386837929,0.4478655430422152,3.465366131620705,-0.06477015616060722,-0.1948899788996622
Major_Dhyan_Chand_National_Stadium,2022,8,33.38,0.44100133026752,2,31.276882810036913,0.48487678174352106,2.10311718996309,-0.04387545147600108,-0.07870983761573234
Major_Dhyan_Chand_National_Stadium,2022,12,185.15,0.3208635850497984,2,165.88613177903358,0.38929775133567923,19.26386822096643,-0.06843416628588084,-1.2853051848652082
Major_Dhyan_Chand_National_Stadium,2023,1,184.87,0.2732086571902536,2,181.08419421934434,0.3604485366812051,3.7858057806556644,-0.08723987949095147,-0.27664187682909086
Major_Dhyan_Chand_National_Stadium,2023,2,112.7,0.3689323372262328,2,96.52003466686743,0.41469665671640893,16.17996533313257,-0.04576431949017612,-0.7257065851584895
Major_Dhyan_Chand_National_Stadium,2023,5,58.39,0.3951230654744007,2,57.79210964044466,0.42785967799800845,0.5978903595553433,-0.032736612523607767,-0.01202100558928422
Major_Dhyan_Chand_National_Stadium,2023,6,41.03,0.417793620228243,2,40.64316660782111,0.43313817796276616,0.3868333921788931,-0.015344557734523145,-0.004276592154576702
Major_Dhyan_Chand_National_Stadium,2023,7,36.17,0.3266086410133576,2,31.926298448681035,0.39799573350592615,4.243701551318967,-0.07138709249256853,-0.26703446458470254
Major_Dhyan_Chand_National_Stadium,2023,8,40.66,0.4233313875464321,2,35.07836481331566,0.4873213578880744,5.581635186684338,-0.06398997034164228,-0.32831423735344717
Major_Dhyan_Chand_National_Stadium,2023,9,40.68,0.4166432121678358,2,37.39751691067816,0.47968835062971504,3.282483089321836,-0.06304513846187926,-0.178935966887073
Major_Dhyan_Chand_National_Stadium,2023,10,98.75,0.3973719682321944,2,89.53242442633608,0.4534063995796532,9.217575573663922,-0.05603443134745878,-0.4943758220806289
Major_Dhyan_Chand_National_Stadium,2023,11,241.09,0.3241822408914808,2,217.94984283651152,0.35981320366636294,23.14015716348848,-0.03563096277488215,-0.8155597706715972
Major_Dhyan_Chand_National_Stadium,2023,12,199.52,0.3569351917164613,2,183.4114352436967,0.4167604281152328,16.10856475630331,-0.059825236398771464,-0.938477969446754
Major_Dhyan_Chand_National_Stadium,2024,1,217.34,0.2107701092907671,2,183.1303893570321,0.310001340637007,34.2096106429679,-0.09923123134623993,-3.32527361005916
Major_Dhyan_Chand_National_Stadium,2024,2,110.59,0.3590940072224625,2,88.460179649383,0.3701900103268761,22.12982035061701,-0.01109600310441361,-0.24468495067939885
Major_Dhyan_Chand_National_Stadium,2024,3,71.36,0.398622567672544,2,71.75971606078329,0.3994531195109703,-0.399716060783291,-0.0008305518384262855,0.0003368458709544664
Major_Dhyan_Chand_National_Stadium,2024,4,59.8,0.3576552834427904,2,54.68705125625845,0.3463403124354639,5.112948743741548,0.01131497100732648,0.05875505182081056
Major_Dhyan_Chand_National_Stadium,2024,5,85.22,0.335371228098003,2,69.68666122586201,0.3067859408988763,15.533338774137988,0.02858528719912673,0.44978297894724745
Major_Dhyan_Chand_National_Stadium,2024,6,64.24,0.3500666306124451,2,50.55536525737831,0.30124118606123895,13.684634742621682,0.04882544455120613,0.6849572860447926
Major_Dhyan_Chand_National_Stadium,2024,7,39.61,0.2121949295697342,2,37.83078534516201,0.33764591835323304,1.7792146548379861,-0.12545098878349883,-0.11230287060487491
Major_Dhyan_Chand_National_Stadium,2024,8,28.16,0.4256659911506689,2,26.90019101167552,0.4760475442546125,1.2598089883244796,-0.0503815531039436,-0.04558436746483878
Major_Dhyan_Chand_National_Stadium,2024,10,110.9,0.4412765427337656,2,94.84265872028027,0.47897249631099753,16.057341279719736,-0.03769595357723193,-0.595283469264602
Major_Dhyan_Chand_National_Stadium,2024,11,253.91,0.2892328695611606,2,222.7178014632666,0.3358896780322821,31.1921985367334,-0.04665680847112147,-1.439988665389928
Major_Dhyan_Chand_National_Stadium,2024,12,177.43,0.3756622333228459,2,161.75417516591563,0.3949016163976892,15.67582483408438,-0.019239383074843353,-0.2989848181276722
Major_Dhyan_Chand_National_Stadium,2025,1,179.75,0.4065547162678052,2,155.54492612638413,0.4504732595051762,24.205073873615873,-0.04391854323737099,-1.0494595456404316
Major_Dhyan_Chand_National_Stadium,2025,3,67.4,0.4012124013099619,2,60.39479874669982,0.43170952803762275,7.005201253300186,-0.03049712672766086,-0.20708450834914452
Major_Dhyan_Chand_National_Stadium,2025,4,69.85,0.3688966247638552,2,63.33074229433173,0.3637222171959082,6.519257705668267,0.005174407567947015,0.033921969511364114
Major_Dhyan_Chand_National_Stadium,2025,5,66.61,0.4022721858001042,2,54.7180719415487,0.40540443718271707,11.891928058451299,-0.0031322513826128606,-0.037179372470322866
Major_Dhyan_Chand_National_Stadium,2025,7,24.53,0.3612144177310407,2,30.20273309781993,0.3770134494421927,-5.672733097819929,-0.015799031711152045,0.09138262458796058
Major_Dhyan_Chand_National_Stadium,2025,9,33.98,0.4495824695992479,2,33.98787219514661,0.48253484718139317,-0.00787219514661075,-0.032952377582145254,0.007911183284848904
Major_Dhyan_Chand_National_Stadium,2025,10,102.38,0.416853356129315,2,90.7958056390944,0.46199199340579206,11.584194360905599,-0.045138637276477045,-0.5085370230918907
Major_Dhyan_Chand_National_Stadium,2025,11,179.83,0.3808585926873893,2,189.74588062404533,0.443325860216206,-9.915880624045315,-0.062467267528816706,0.6469155012965773
Major_Dhyan_Chand_National_Stadium,2025,12,185.81,0.4092721338914785,2,198.66186923771386,0.4361596661590959,-12.851869237713856,-0.02688753226761742,0.3506494203222393
Mandir_Marg,2022,1,144.43,0.5146505197157464,1,138.5600087627451,0.41962783057220243,5.869991237254908,0.09502268914354395,0.6214096323220081
Mandir_Marg,2022,2,93.91,0.4594570594460736,1,107.74456460086459,0.3867793639945811,-13.834564600864596,0.0726776954514925,-0.9682430172837567
Mandir_Marg,2022,4,102.16,0.4229588158911241,1,103.6029145797011,0.3797130912085056,-1.4429145797011103,0.0432457246826185,-0.0492211105232591
Mandir_Marg,2022,6,71.06,0.4427830182625341,1,61.47963903849994,0.3862776769618359,9.580360961500062,0.056505341300698175,0.5638407996445781
Mandir_Marg,2022,8,21.8,0.6076782706055762,1,33.58122410387785,0.4398213297535674,-11.78122410387785,0.1678569408520088,-1.779011408439703
Mandir_Marg,2022,9,28.22,0.4731442932533701,1,40.288737447265824,0.36987917703002354,-12.068737447265825,0.10326511622334655,-1.1711352828475712
Mandir_Marg,2022,10,53.96,0.5563180841484454,1,107.34834371599358,0.4333096729430268,-53.38834371599358,0.12300841120541861,-6.460590510114688
Mandir_Marg,2022,12,166.09,0.4135254323492666,1,157.902850503664,0.3425184044842043,8.18714949633599,0.0710070278650623,0.6168748402764277
Mandir_Marg,2023,1,173.26,0.3030667541000626,1,172.3143867148969,0.2510427885649877,0.945613285103093,0.052023965535074934,0.06826652620648671
Mandir_Marg,2023,2,102.68,0.4118857567853144,1,118.69722432835864,0.3636512584125028,-16.017224328358637,0.04823449837281163,-0.7561880513214858
Mandir_Marg,2023,3,67.28,0.4120344253268523,1,74.53941962887944,0.36801864695045067,-7.259419628879442,0.04401577837640164,-0.305876715835277
Mandir_Marg,2023,4,56.84,0.4408074709145395,1,66.73453568018684,0.3808705330627272,-9.894535680186834,0.059936937851812255,-0.5677331763572564
Mandir_Marg,2023,5,58.99,0.4059953089405278,1,64.98070935118957,0.4077942814345016,-5.990709351189572,-0.0017989724939737606,0.010799926746097106
Mandir_Marg,2023,6,36.91,0.4584440093000302,1,45.041045186336454,0.4125373539026563,-8.131045186336458,0.04590665539737393,-0.3584186252357118
Mandir_Marg,2023,7,30.0,0.4787926416549425,1,35.15133234683729,0.31963584903718045,-5.151332346837293,0.15915679261776206,-0.6413691809760864
Mandir_Marg,2023,9,35.9,0.6048569877769735,1,39.93036856620773,0.43538924727554185,-4.030368566207734,0.16946774050143165,-0.48063968687854947
Mandir_Marg,2023,10,93.09,0.5038670372890843,1,103.66082500867691,0.42924649958851435,-10.570825008676906,0.07462053770056998,-0.7495627718627768
Mandir_Marg,2023,11,232.47,0.3512337752573213,1,237.8211892015911,0.2960984204936821,-5.351189201591097,0.05513535476363918,-0.27361825494558556
Mandir_Marg,2023,12,191.94,0.4344333204196728,1,187.1302961762523,0.3803152419304041,4.809703823747697,0.054118078489268695,0.2809302070737524
Mandir_Marg,2024,2,101.11,0.3526099372089435,1,105.83608629427194,0.3422696979679392,-4.726086294271937,0.010340239241004301,-0.04811542083377532
Mandir_Marg,2024,4,48.93,0.3243643783398902,1,65.50394478467528,0.3428934514224312,-16.573944784675284,-0.018529073082541037,0.3095191697529226
Mandir_Marg,2024,5,62.22,0.3124459546678284,1,87.93322227079952,0.3309440328293183,-25.71322227079952,-0.018498078161489906,0.47805644369511224
Mandir_Marg,2024,6,42.92,0.3074139424998275,1,64.52490203597681,0.32061508483599915,-21.604902035976806,-0.013201142336171645,0.28643742477797424
Mandir_Marg,2024,7,32.68,0.4165091654629977,1,40.29549869012385,0.27875833648295073,-7.61549869012385,0.13775082898004698,-0.915327170259252
Mandir_Marg,2024,8,26.01,0.5552302952884007,1,29.235105241023756,0.4536543425926278,-3.225105241023755,0.10157595269577291,-0.2548870907003619
Mandir_Marg,2024,9,41.79,0.4970348140752003,1,40.23409702355796,0.41076728582918803,1.5559029764420416,0.08626752824601225,0.1866664094010668
Mandir_Marg,2024,10,109.7,0.580615903306157,1,108.70619744777927,0.4518026791369483,0.9938025522207283,0.12881322416920865,0.24494051540870201
Mandir_Marg,2024,11,243.91,0.3870059981346587,1,241.08489426237534,0.2885081741185112,2.8251057376246536,0.09849782401614748,0.3466330549578995
Mandir_Marg,2024,12,163.81,0.4049035290237154,1,158.6826436577234,0.35443766416483746,5.127356342276613,0.05046586485887794,0.2767031540714828
Mandir_Marg,2025,1,169.97,0.4619761811157911,1,143.83382143349408,0.41058462290923,26.13617856650592,0.051391558206561105,1.3617900528708087
Mandir_Marg,2025,2,92.62,0.4413202065061253,1,100.4652426609885,0.3356578252595187,-7.8452426609884895,0.1056623812466066,-0.7502733328297129
Mandir_Marg,2025,3,61.93,0.4684912322562532,1,69.84749481241451,0.4029366168041455,-7.91749481241451,0.06555461545210772,-0.4887455806000459
Mandir_Marg,2025,5,55.31,0.4525057782452513,1,66.76684338518677,0.37243062659785975,-11.456843385186772,0.08007515164739154,-0.8722245144379913
Mandir_Marg,2025,6,47.36,0.4706909856392788,1,48.455123816667445,0.3676458940443032,-1.0951238166674457,0.1030450915949756,-0.03802271700420893
Mandir_Marg,2025,7,31.42,0.4476422248708807,1,33.08849428121,0.3211089918883687,-1.6684942812099948,0.12653323298251196,-0.09829690078251997
Mandir_Marg,2025,9,36.66,0.6005140226413759,1,37.451816158361396,0.4515702707470216,-0.7918161583613994,0.14894375189435427,0.03839068141911738
Mandir_Marg,2025,10,101.5,0.5858170476946727,1,106.69234532019931,0.4397253061996558,-5.192345320199308,0.1460917414950169,-0.6081614650682491
Mandir_Marg,2025,11,181.95,0.4912177438645372,1,197.67875976052557,0.3901625528404245,-15.728759760525577,0.1010551910241127,-1.5175103661392113
Mundka,2022,1,178.37,0.2857359366415318,4,129.09503423744886,0.279092214779654,49.27496576255115,0.006643721861877783,0.32768020395980235
Mundka,2022,4,150.6,0.2622846005653293,4,109.37867692034811,0.25702500067815415,41.22132307965188,0.00525959988717517,0.21700260315566744
Mundka,2022,5,83.21,0.2757981909687078,4,70.82047072970221,0.2587977614803898,12.389529270297786,0.01700042948831798,0.21266393174065631
Mundka,2022,7,34.72,0.2601874884372859,4,33.35897504262279,0.260628284922824,1.3610249573772109,-0.0004407964855381308,-0.0005985658239997069
Mundka,2022,8,33.37,0.3045985092970658,4,32.00448775884537,0.34301781455387576,1.3655122411546259,-0.03841930525680998,-0.042060728893547436
Mundka,2022,9,42.03,0.2687315065616637,4,40.81771397296213,0.29667014445057227,1.2122860270378695,-0.027938637888908546,-0.02836915818273197
Mundka,2022,11,210.86,0.2235231848282672,4,141.18969379449578,0.223473024180141,69.67030620550423,5.016064812618515e-05,0.003494725444673665
Mundka,2022,12,206.48,0.2514062363798259,4,145.24768425289668,0.23158548584379404,61.232315747103314,0.019820750536031856,1.2164388556316326
Mundka,2023,1,195.55,0.1544708733880237,4,134.94048255332362,0.17455674063957727,60.60951744667639,-0.020085867251553563,-1.2145517671833232
Mundka,2023,2,132.48,0.2508310237355301,4,109.18780704831455,0.26060267852067737,23.292192951685436,-0.009771654785147244,-0.226930408336988
Mundka,2023,3,93.5,0.2780126312993349,4,73.2163171515997,0.2502787344250955,20.283682848400304,0.027733896874239383,0.5679657084815968
Mundka,2023,4,92.13,0.2866051499191857,4,65.76934200848758,0.26215426145550325,26.36065799151241,0.02445088846368243,0.6487543779294562
Mundka,2023,5,79.59,0.2926681269059142,4,60.921933933797064,0.26648986041291745,18.66806606620294,0.02617826649299676,0.4935267561214124
Mundka,2023,6,52.29,0.3053976232270036,4,41.91299889456456,0.2761703465933458,10.37700110543544,0.029227276633657817,0.30931105129313374
Mundka,2023,7,37.99,0.2552685571128321,4,32.213258325410465,0.2518314244378342,5.7767416745895375,0.0034371326749979003,0.019938677003700597
Mundka,2023,8,37.0,0.3308663659202564,4,36.48763855939789,0.3271582776407697,0.5123614406021133,0.00370808827948671,0.0019967736606531163
Mundka,2023,9,45.02,0.3422144864753581,4,42.74155834062694,0.3314748969217537,2.2784416593730654,0.010739589553604434,0.025282291552841604
Mundka,2023,10,136.62,0.3013017831269925,4,100.79725998016364,0.3242807453748865,35.82274001983636,-0.022978962247893975,-0.8194484772753892
Mundka,2023,12,251.24,0.2848978153599293,4,156.46585705690612,0.2406407968940557,94.77414294309389,0.0442570184658736,4.208223344061837
Mundka,2024,1,239.49,0.1598979452102847,4,165.92368675406703,0.1593400140829089,73.56631324593297,0.0005579311273757881,0.04104712964814204
Mundka,2024,2,128.48,0.2455267027695951,4,101.08758712767373,0.2380412126654251,27.39241287232626,0.0074854901041699895,0.20544048281324712
Mundka,2024,3,106.52,0.2689441254914673,4,75.54970553278308,0.25728771243324733,30.970294467216917,0.011656413058219961,0.361960000304171
Mundka,2024,4,88.48,0.2227556916057619,4,63.82012154330321,0.22619293921793235,24.659878456696795,-0.0034372476121704576,-0.08467885333495875
Mundka,2024,5,112.44,0.222702446513921,4,84.84455066478111,0.21626250512212025,27.595449335218888,0.006439941391800735,0.17800532507525438
Mundka,2024,6,62.48,0.2352593314594954,4,54.60037187554722,0.219206172818879,7.879628124452779,0.016053158640616405,0.12830889469204834
Mundka,2024,7,38.41,0.2603836123171151,4,36.63006317046218,0.22444390475407963,1.7799368295378173,0.03593970756303547,0.07307242944728021
Mundka,2024,8,26.17,0.3389794238158071,4,25.80632358825234,0.31731103635145125,0.36367641174766163,0.021668387464355843,0.011188863442685304
Mundka,2024,9,45.61,0.308686866977188,4,39.23366841338192,0.30968847273756656,6.376331586618079,-0.0010016057603785544,-0.006379501050593913
Mundka,2024,10,124.89,0.334028467559385,4,109.0330215970486,0.3385036065448584,15.856978402951398,-0.004475138985473415,-0.0708210579502181
Mundka,2024,11,293.5,0.1860006897874418,4,218.35320057524336,0.2040147442820892,75.14679942475664,-0.018014054494647408,-1.3514118269039115
Mundka,2025,1,199.35,0.2896161724417835,4,131.3672485360723,0.2579834995086066,67.98275146392768,0.0316326729331769,2.157527301098245
Mundka,2025,3,98.54,0.2858263413040433,4,69.84207206075799,0.2776595715158438,28.69792793924202,0.008166769788199468,0.2348393616701718
Mundka,2025,5,75.26,0.2624360561467923,4,60.691598617376876,0.27271836649185727,14.56840138262313,-0.010282310345064993,-0.1490518004624238
Mundka,2025,6,48.05,0.2715718083793575,4,41.6774148308718,0.2714059400544466,6.3725851691282,0.00016586832491088943,0.0010572038996005406
Mundka,2025,7,25.91,0.2054436511142523,4,28.36864957249151,0.22189564126099312,-2.4586495724915096,-0.016451990146740814,0.042357007505003125
Mundka,2025,8,30.0,0.2091607303463289,4,26.707383066347557,0.28542866969202785,3.292616933652443,-0.07626793934569895,-0.21013159662454925
Mundka,2025,10,116.64,0.3234075952298782,4,104.17281495636472,0.32516124514307154,12.467185043635283,-0.0017536499131933225,-0.021841407190767596
Mundka,2025,11,263.67,0.255429881938128,4,187.15314671356793,0.2496358734511824,76.51685328643208,0.005794008486945584,0.4435758604216594
Najafgarh,2022,3,79.09,0.3381586174316801,3,73.38016187422927,0.5398480222724432,5.70983812577073,-0.20168940484076314,-0.8649619094033305
Najafgarh,2022,4,82.35,0.2628293809841769,3,94.69128922150794,0.42741059448235874,-12.34128922150795,-0.16458121349818183,2.2220194408885
Najafgarh,2022,5,66.04,0.2639491221558784,3,70.4668919416494,0.3839640954319895,-4.426891941649387,-0.1200149732761111,0.6327918096313822
Najafgarh,2022,6,49.73,0.2956443340270219,3,50.19615659404311,0.39616995070801203,-0.46615659404311316,-0.10052561668099014,0.1180708805407837
Najafgarh,2022,7,28.51,0.3776181215401242,3,31.05023170334374,0.5507299806345846,-2.540231703343739,-0.17311185909446036,0.650919164801629
Najafgarh,2022,8,24.99,0.5218227858884347,3,30.982992016975487,0.5940334043422829,-5.992992016975489,-0.07221061845384824,0.4695020338222876
Najafgarh,2022,9,28.72,0.42465584889376,3,32.49444298132275,0.5516406918315113,-3.77444298132275,-0.1269848429377513,0.5929269152053643
Najafgarh,2022,10,80.27,0.4084071473190905,3,92.42806745693252,0.5640862459487903,-12.158067456932528,-0.1556790986296998,2.063541831433645
Najafgarh,2022,11,154.59,0.3856477819266296,3,188.94903304911688,0.5273179039290222,-34.359033049116874,-0.14167012200239265,5.009079614368438
Najafgarh,2023,1,130.31,0.527261790981729,3,163.59996363021625,0.3940102960731566,-33.28996363021625,0.1332514949085724,-4.310815642574547
Najafgarh,2023,2,85.65,0.5862634718537136,3,97.84228052459885,0.4926445533424123,-12.192280524598843,0.09361891851130133,-1.0796668832696434
Najafgarh,2023,3,63.62,0.4710361303418539,3,71.69605308454331,0.4921826152075423,-8.076053084543311,-0.02114648486568843,0.17393125542977847
Najafgarh,2023,4,57.16,0.3069158383227479,3,65.66075659973988,0.4787757472656892,-8.500756599739887,-0.17185990894294134,1.669070785336302
Najafgarh,2023,5,56.21,0.2931510528450456,3,61.638881523573765,0.47878160544988524,-5.428881523573764,-0.18563055260483963,1.2505880567420564
Najafgarh,2023,6,35.55,0.3400096349592158,3,39.3729210907685,0.5348595267977471,-3.822921090768503,-0.19484989183853124,1.0124359691298281
Najafgarh,2023,7,25.18,0.4013272102223172,3,30.865290982496198,0.5567043775838856,-5.685290982496198,-0.15537716736156837,1.053487443423466
Najafgarh,2023,8,23.7,0.4677899753908889,3,34.71437559283624,0.587085006123763,-11.014375592836242,-0.11929503073287412,1.4142446861028721
Najafgarh,2023,9,32.07,0.4945916481644697,3,36.90691233230494,0.5470011708627868,-4.836912332304941,-0.05240952269831706,0.2728559777786376
Najafgarh,2023,10,86.64,0.3781162007841487,3,87.02361818130791,0.5825485569849733,-0.38361818130790937,-0.20443235620082462,0.37292579390443964
Najafgarh,2023,11,230.95,0.3633838641311244,3,227.38518839460312,0.4570655264217023,3.5648116053968693,-0.0936816622905779,-0.272113430316057
Najafgarh,2024,1,160.88,0.4525702224828307,3,182.3821727030033,0.3274416066419114,-21.50217270300331,0.12512861584091928,-2.580204977671182
Najafgarh,2024,2,79.45,0.5051905742735938,3,93.5619391425052,0.3698766984148614,-14.111939142505193,0.1353138758587324,-1.7805163231113097
Najafgarh,2024,3,73.46,0.4425399994716955,3,73.16324104340315,0.4151970099352744,0.2967589565968467,0.02734298953642106,0.01338270098998664
Najafgarh,2024,4,62.67,0.2536125652262948,3,67.208788080374,0.36159650224918083,-4.538788080374005,-0.10798393702288606,0.5722850238069662
Najafgarh,2024,7,31.44,0.2897269844681496,3,33.966667221455026,0.459604242362268,-2.5266672214550248,-0.1698772578941184,0.6325803367885402
Najafgarh,2024,8,16.35,0.5246680668126246,3,24.67686634216232,0.5937251995087782,-8.326866342162319,-0.06905713269615366,0.6086346614939012
Najafgarh,2024,9,28.59,0.532781779422679,3,42.003442066218895,0.5556903990579893,-13.413442066218895,-0.022908619635310323,0.3109816096903912
Najafgarh,2024,10,92.18,0.4481561641615749,3,99.22567118108056,0.5431540260566252,-7.04567118108055,-0.09499786189505033,0.7329177331741197
Najafgarh,2024,11,231.21,0.2862120231840256,3,225.44119118754068,0.41789606463418144,5.768808812459326,-0.13168404145015583,-0.637464614143383
Najafgarh,2024,12,148.89,0.4339934407386273,3,163.63211654184983,0.47820482583878926,-14.742116541849839,-0.04421138510016198,0.665543292862426
Najafgarh,2025,1,125.44,0.6189458679882893,3,152.60006719733897,0.49714400395897157,-27.160067197338975,0.12180186402931775,-3.203603418651569
Najafgarh,2025,2,80.14,0.6151857716467312,3,93.6460810904135,0.37272030320466404,-13.506081090413502,0.24246546844206712,-2.860483480618295
Najafgarh,2025,4,67.51,0.2660463459232596,3,71.94641437798047,0.36976910716803046,-4.436414377980469,-0.10372276124477087,0.5359689586929225
Najafgarh,2025,6,48.78,0.3756821457707873,3,43.405603629734195,0.4873569752703606,5.374396370265806,-0.1116748294995733,-0.5123029224303575
Najafgarh,2025,8,23.0,0.4536938425768481,3,26.33954686733787,0.5495124128254433,-3.3395468673378694,-0.09581857024859519,0.38468819484810973
Najafgarh,2025,9,24.65,0.4890788158671478,3,31.801795785001172,0.5940477766799854,-7.151795785001173,-0.10496896081283763,0.8283610393632915
Najafgarh,2025,11,181.06,0.390608585731965,3,209.9675954709974,0.49732350047863016,-28.907595470997393,-0.10671491474666517,3.165120463647793
Najafgarh,2025,12,157.28,0.5681439137930526,3,191.4575200589561,0.5121190012678245,-34.177520058956105,0.05602491252522812,-1.8926743046157137
Narela,2022,2,125.77,0.3206176167106627,2,118.57032112009722,0.28504643255437306,7.199678879902777,0.035571184156289626,0.2650174175915426
Narela,2022,3,116.06,0.340050230728484,2,122.71989600090265,0.2821701734370176,-6.659896000902648,0.05788005729146639,-0.361867845344419
Narela,2022,4,139.61,0.3003884631147677,2,140.22170493333533,0.28487755735175524,-0.611704933335318,0.01551090576301245,-0.007792733247684933
Narela,2022,5,86.39,0.3183065668716637,2,89.98170723178232,0.29615570076502934,-3.5917072317823227,0.02215086610663436,-0.0761018626333197
Narela,2022,6,67.45,0.3489735940041455,2,72.5381123213687,0.30347207788783004,-5.088112321368698,0.04550151611631548,-0.21692732313419044
Narela,2022,10,112.79,0.4303345496716499,2,117.85566801377179,0.35035440680304536,-5.065668013771784,0.07998014286860455,-0.3600760519179181
Narela,2022,11,217.4,0.2711949651000934,2,209.49904637958633,0.2592217155226564,7.900953620413674,0.011973249577437006,0.09561030222485158
Narela,2023,1,180.98,0.1915293567593199,2,182.7854615136648,0.19718718010765535,-1.8054615136648238,-0.00565782334833545,0.010440555500816618
Narela,2023,2,133.96,0.2706275026890119,2,124.02399402593464,0.26557355458462756,9.936005974065367,0.005053948104384365,0.05039604934592883
Narela,2023,3,94.56,0.2830391105690549,2,93.49019137274145,0.2763341119175589,1.0698086272585527,0.006704998651495986,0.00748986608822324
Narela,2023,4,82.14,0.3143262457809309,2,90.34904361183953,0.29402791708778125,-8.209043611839533,0.020298328693149625,-0.16372644936754682
Narela,2023,5,78.32,0.3473498580353167,2,79.67653508819552,0.2999323511693635,-1.3565350881955283,0.047417506865953196,-0.04847946369471214
Narela,2023,7,32.32,0.4354601626721558,2,35.55934632302373,0.22815386990984618,-3.2393463230237316,0.20730629276230964,-0.36869655962538006
Narela,2023,8,32.23,0.4478140123205925,2,40.21524171103816,0.34815319680715223,-7.985241711038164,0.09966081551344025,-0.7258254427914571
Narela,2023,9,41.33,0.4160507059216065,2,48.733641190295444,0.3487847097596851,-7.4036411902954455,0.06726599616192136,-0.4661287802284311
Narela,2023,10,115.26,0.4068421858399836,2,130.5032858767615,0.3414401398328391,-15.243285876761504,0.0654020460071445,-0.9668001309545937
Narela,2023,12,207.15,0.3099902623024581,2,221.05502600345986,0.2798878013075809,-13.905026003459852,0.030102460994877178,-0.4121900349863909
Narela,2024,1,199.61,0.1402079896456535,2,217.36910482443488,0.1613551824865332,-17.75910482443487,-0.02114719284087968,0.37870654650659036
Narela,2024,2,108.9,0.2747507284547683,2,118.70114878599344,0.2436395840640277,-9.801148785993433,0.031111144390740586,-0.298104384685552
Narela,2024,4,78.58,0.2185141352479153,2,94.46510682498251,0.25340992048127287,-15.885106824982515,-0.03489578523335757,0.5629042123772775
Narela,2024,5,101.37,0.2149485516175223,2,90.85291451637123,0.2420970310206204,10.517085483628776,-0.027148479403098114,-0.2803291441737707
Narela,2024,6,57.24,0.2056885495412114,2,64.79485382491303,0.2425365202808021,-7.554853824913032,-0.0368479707395907,0.28794891607831663
Narela,2024,7,37.0,0.3250129860014166,2,43.48934399541976,0.2330788126361376,-6.489343995419759,0.09193417336527898,-0.5370341237513944
Narela,2024,8,24.24,0.4860873316330936,2,31.084169694616822,0.35639059153986935,-6.844169694616824,0.12969674009322424,-0.7691314328116863
Narela,2024,9,40.62,0.4483518407199939,2,48.36211284610416,0.3179979079722052,-7.742112846104163,0.13035393274778873,-0.889475478957332
Narela,2024,10,116.01,0.4285346133807111,2,130.56530240863756,0.3522427623893475,-14.555302408637559,0.0762918509913636,-1.0694357443110543
Narela,2024,11,271.1,0.2762820446037791,2,278.1631455763219,0.21335595052223452,-7.063145576321858,0.06292609408154456,-0.41655320327683565
Narela,2024,12,167.2,0.2814070871363478,2,192.19881039175775,0.2593231446832789,-24.998810391757758,0.02208394245306894,-0.5486355876094524
Narela,2025,1,171.09,0.2931660511707715,2,181.32403055870736,0.29103566928109703,-10.23403055870736,0.0021303818896744597,-0.02177041150597496
Narela,2025,2,107.89,0.3128109804981194,2,113.32136471130211,0.2618505553409616,-5.431364711302109,0.05096042515715782,-0.2584844982081456
Narela,2025,3,87.08,0.3206488371703297,2,82.79662400712412,0.3036377010508461,4.283375992875875,0.017011136119483627,0.074904271121407
Narela,2025,5,78.09,0.2871556544088315,2,74.84380670576141,0.2898439307259261,3.2461932942385943,-0.002688276317094618,-0.008675738909052289
Narela,2025,6,57.03,0.3168433433709069,2,57.043123812822856,0.3015809619991767,-0.013123812822854575,0.015262381371730194,0.0014411707822066903
Narela,2025,8,30.74,0.4139386456818397,2,33.205424413899415,0.35890458860406715,-2.4654244138994166,0.055034057077772536,-0.1143394888692512
Narela,2025,9,38.21,0.4547856624388746,2,45.716846861510824,0.34936506224625485,-7.506846861510823,0.10542060019261973,-0.713062250376226
Narela,2025,10,113.75,0.3908036095509722,2,128.39047126093038,0.351258369969479,-14.640471260930383,0.0395452395814932,-0.567941056516822
Narela,2025,11,262.94,0.349517300284445,2,252.00771263546892,0.28611429929212007,10.932287364531078,0.06340300099232493,0.721467333340403
Narela,2025,12,232.39,0.3435564588085257,2,268.0197913307535,0.28882480116317605,-35.629791330753505,0.05473165764534965,-1.928968625373258
Nehru_Nagar,2022,2,146.2,0.3374441742384359,1,105.01113585593838,0.2767899686025552,41.18886414406161,0.0606542056358807,2.5242023459725056
Nehru_Nagar,2022,3,110.39,0.319672783385812,1,95.14718235052398,0.26820695943089384,15.242817649476024,0.051465823954918166,0.803149109056638
Nehru_Nagar,2022,4,107.04,0.3434767704665427,1,94.43440303245968,0.29035148147907763,12.605596967540322,0.05312528898746505,0.6895639919327335
Nehru_Nagar,2022,6,53.68,0.325209891106458,1,51.38936516783268,0.291770640274644,2.2906348321673207,0.03343925083181398,0.0844766696971004
Nehru_Nagar,2022,7,38.48,0.3421869612990357,1,32.63125810108658,0.27307144472114114,5.848741898913417,0.06911551657789455,0.4379008117398415
Nehru_Nagar,2022,9,42.07,0.3208340699506186,1,38.96277612997854,0.24838724719535937,3.107223870021457,0.07244682275525921,0.2620936491373832
Nehru_Nagar,2022,11,218.75,0.2936509547683023,1,186.0695537649787,0.25652602169555405,32.68044623502129,0.03712493307274822,1.2229716343681927
Nehru_Nagar,2022,12,237.58,0.2920525171810231,1,182.61663822815987,0.24616969937375005,54.96336177184014,0.045882817807273046,2.5367089598417945
Nehru_Nagar,2023,2,135.41,0.3156808800785806,1,114.11637912939545,0.2712911403314338,21.293620870604542,0.04438973974714677,0.959103545643097
Nehru_Nagar,2023,4,71.46,0.3424388581331741,1,61.63711893205263,0.2909474071181129,9.822881067947364,0.051491451015061196,0.5244779314581599
Nehru_Nagar,2023,5,65.1,0.3658847951551071,1,57.86997640517607,0.29704979178642954,7.230023594823926,0.06883500336867754,0.5310680049764523
Nehru_Nagar,2023,6,41.83,0.3741683319147318,1,38.84609988795363,0.29858358824783565,2.9839001120463706,0.07558474366689616,0.26579577153390077
Nehru_Nagar,2023,7,35.56,0.3080022690697389,1,30.244407231880817,0.22611668766385712,5.315592768119185,0.08188558140588176,0.4825205983733434
Nehru_Nagar,2023,8,32.81,0.4102408670483198,1,33.18506083919082,0.3376550475125321,-0.3750608391908159,0.07258581953578769,0.009903109659208882
Nehru_Nagar,2023,9,45.6,0.4126815237025611,1,45.03235855571642,0.33347072879194944,0.5676414442835807,0.07921079491061167,0.08917709167249604
Nehru_Nagar,2023,10,122.7,0.3912793871753318,1,96.85600979595614,0.32583717238235127,25.843990204043862,0.06544221479298051,1.7214669479829086
Nehru_Nagar,2023,12,265.73,0.33350609457557,1,204.450950854561,0.2808422556734066,61.27904914543902,0.05266383890216342,3.2467339855766477
Nehru_Nagar,2024,1,271.67,0.1680073505578565,1,232.4778151521697,0.14662094706458356,39.192184847830305,0.02138640349327295,0.8414029081007771
Nehru_Nagar,2024,3,80.52,0.3321345777917278,1,70.64324947914473,0.2776592094154173,9.876750520855268,0.05447536837631051,0.5589513101770249
Nehru_Nagar,2024,4,60.19,0.3163779819262461,1,57.969761008053055,0.26916066440416575,2.2202389919469425,0.04721731752208036,0.12054427780782678
Nehru_Nagar,2024,5,87.83,0.312402789896379,1,68.99308698517397,0.2644371117460616,18.836913014826024,0.04796567815031738,0.9197378037049876
Nehru_Nagar,2024,6,51.4,0.3213727934421675,1,50.49087379648334,0.27281640541157354,0.9091262035166565,0.04855638803059398,0.0607581625561885
Nehru_Nagar,2024,7,40.75,0.234778311738553,1,32.39901893918136,0.21568693906610073,8.35098106081864,0.019091372672452284,0.16200009381193275
Nehru_Nagar,2024,8,26.8,0.327878631630894,1,22.640653352647345,0.2747335243787408,4.159346647352656,0.053145107252153156,0.24095177496405998
Nehru_Nagar,2024,9,43.64,0.3501231393708952,1,37.40139219764043,0.25562207897165234,6.238607802359567,0.09450106039924283,0.6524856836725067
Nehru_Nagar,2024,10,125.74,0.4133928299181241,1,96.7974557641525,0.3333669394603128,28.942544235847492,0.08002589045781128,2.361281255556777
Nehru_Nagar,2024,12,232.41,0.3184058777435246,1,177.77941792158006,0.25557552369245845,54.630582078419934,0.06283035405106613,3.460276931451293
Nehru_Nagar,2025,1,203.63,0.3746165710173366,1,178.76670228201792,0.3050192785122125,24.86329771798208,0.06959729250512409,1.7645511215098668
Nehru_Nagar,2025,2,116.74,0.2121074431080245,1,95.84020757104204,0.21584322642296866,20.89979242895795,-0.0037357833149441466,-0.07797875088856156
Nehru_Nagar,2025,3,72.68,0.3530448131020057,1,66.41441475243724,0.29604311157521807,6.265585247562768,0.05700170152678763,0.3800452703566921
Nehru_Nagar,2025,4,75.5,0.3260596311732586,1,66.9261060243177,0.28299994839713066,8.573893975682296,0.04305968277612793,0.38225478532142987
Nehru_Nagar,2025,5,64.28,0.3533999498251227,1,56.94199007875275,0.29395080513529326,7.338009921247249,0.059449144689829425,0.46114303493364417
Nehru_Nagar,2025,6,46.14,0.3273624409080281,1,38.92268836287216,0.28822259996351063,7.2173116371278425,0.039139840944517446,0.29327953363938664
Nehru_Nagar,2025,7,29.74,0.3609124527670233,1,26.440355983558707,0.2163918273454861,3.2996440164412917,0.14452062542153718,0.6240464774677464
Nehru_Nagar,2025,8,34.05,0.3006948192318598,1,25.006492245276977,0.21856598675725264,9.04350775472302,0.08212883247460717,0.7902640692578037
Nehru_Nagar,2025,9,35.08,0.4197189468906215,1,31.446563695262864,0.3290819086775368,3.6334363047371347,0.09063703821308472,0.3872134498248295
Nehru_Nagar,2025,10,119.32,0.3777364485462174,1,96.09785013106323,0.31556529182206855,23.222149868936768,0.06217115672414886,1.4709853797479056
Nehru_Nagar,2025,11,251.08,0.3458140456400739,1,201.32670391892793,0.2805206028488612,49.75329608107208,0.06529344279121269,3.2786059234138882
North_Campus_DU,2022,1,135.46,0.2017242711198196,0,152.67035928845235,0.21450168017831317,-17.210359288452338,-0.01277740905849356,0.22105426807948125
North_Campus_DU,2022,2,93.0,0.1860576910793353,0,111.90267255441987,0.19959134744824622,-18.902672554419865,-0.013533656368910907,0.25711295609051565
North_Campus_DU,2022,3,82.85,0.1549942174719959,0,102.91217464336198,0.17111686683859895,-20.062174643361985,-0.016122649366603042,0.32528713765355804
North_Campus_DU,2022,5,69.91,0.1684781481666916,0,89.80305152919945,0.18305013176948384,-19.893051529199454,-0.014571983602792243,0.29137754616899514
North_Campus_DU,2022,6,52.85,0.1603085184460249,0,78.19046299298921,0.18106592650336953,-25.34046299298921,-0.020757408057344634,0.5290385628134022
North_Campus_DU,2022,7,37.32,0.1532638322564031,0,41.49004040987827,0.191894878904932,-4.170040409878268,-0.0386310466485289,0.17160929424973762
North_Campus_DU,2022,8,33.87,0.1699604184184867,0,39.08317262793432,0.2365239816114327,-5.21317262793432,-0.06656356319294601,0.3782294266763881
North_Campus_DU,2022,10,114.44,0.2001917998278704,0,110.7804297544694,0.2276854024546901,3.6595702455306025,-0.027493602626819713,-0.09528814631601006
North_Campus_DU,2023,1,152.83,0.1295272083907792,0,167.723057730223,0.11447280003197824,-14.893057730222978,0.015054408358800953,-0.22260913162984555
North_Campus_DU,2023,2,103.1,0.1745596687585286,0,119.58937135261259,0.18241084458093698,-16.489371352612594,-0.00785117582240838,0.12989532199610618
North_Campus_DU,2023,3,65.53,0.177434175926332,0,88.34371533957243,0.1865939328161787,-22.813715339572425,-0.009159756889846687,0.2095593164742476
North_Campus_DU,2023,4,58.21,0.1816888746370281,0,78.60516584558565,0.1968762372707621,-20.395165845585645,-0.015187362633733992,0.31137415419520686
North_Campus_DU,2023,6,39.7,0.1734143321300522,0,54.36129996238304,0.20187211275586073,-14.66129996238304,-0.028457780625808532,0.4229348333699458
North_Campus_DU,2023,7,36.04,0.1411970612515336,0,39.79143378544773,0.14848160494415708,-3.7514337854477304,-0.007284543692623463,0.027701416004672425
North_Campus_DU,2023,8,54.46,0.1949730809294325,0,44.48882286877136,0.2466326350420127,9.971177131228643,-0.05165955411258019,-0.49630084182604955
North_Campus_DU,2023,9,61.05,0.2066060278477824,0,48.222875798265854,0.23555772064491515,12.827124201734144,-0.02895169279713275,-0.36546037180213986
North_Campus_DU,2023,10,125.42,0.2017191436855509,0,111.22825808758506,0.22580713309622133,14.19174191241494,-0.02408798941067042,-0.3377617857925287
North_Campus_DU,2023,11,245.13,0.1220282848422705,0,251.02298265555208,0.1294437905877391,-5.892982655552089,-0.007415505745468606,0.04408694546161926
North_Campus_DU,2024,1,199.68,0.1025340924152407,0,207.059138742082,0.091455299130828,-7.379138742082006,0.011078793284412691,-0.08088703731920174
North_Campus_DU,2024,2,106.68,0.1654616675670429,0,108.83309124988385,0.151586478500024,-2.1530912498838433,0.0138751890670189,-0.02851790216117933
North_Campus_DU,2024,3,79.57,0.1791197909230691,0,90.54457204282757,0.1815544235013647,-10.974572042827575,-0.002434632578295598,0.026760819772850327
North_Campus_DU,2024,5,92.9,0.1621717265920595,0,135.8245081504028,0.16295478046982653,-42.9245081504028,-0.0007830538777670315,0.03361652343648897
North_Campus_DU,2024,6,65.82,0.1504771058814384,0,99.58371081124143,0.15542984860905107,-33.76371081124144,-0.0049527427276126745,0.16739582750649046
North_Campus_DU,2024,7,37.96,0.065206964795296,0,44.15016190977038,0.12302286130553329,-6.1901619097703815,-0.05781589651023729,0.3814447680856116
North_Campus_DU,2024,8,27.95,0.1906290855724563,0,36.92139696461944,0.22449429821312997,-8.97139696461944,-0.03386521264067366,0.31189984700387474
North_Campus_DU,2024,9,41.01,0.1257868669120029,0,49.62527141898092,0.19909848601421015,-8.615271418980925,-0.07331161910220726,0.6694729010834366
North_Campus_DU,2024,10,108.35,0.227289159976381,0,116.64376735061099,0.23652446887871328,-8.293767350610992,-0.00923530890233229,0.07719652711546841
North_Campus_DU,2024,11,246.34,0.118101678958007,0,249.62755002713087,0.13886415185746934,-3.2875500271308624,-0.020762472899462342,0.07129538232195885
North_Campus_DU,2025,1,157.29,0.221653326823256,0,157.85236337403097,0.20439343171878507,-0.5623633740309799,0.01725989510447093,-0.007607078667358772
North_Campus_DU,2025,2,89.05,0.1718028312901181,0,109.31241999896599,0.15508734456605242,-20.262419998965996,0.016715486724065698,-0.33672729835733417
North_Campus_DU,2025,3,64.57,0.1972520619623375,0,86.22998292249433,0.20318118215172892,-21.659982922494336,-0.005929120189391429,0.12867236670162302
North_Campus_DU,2025,5,69.55,0.1816853997271414,0,80.1500426620503,0.1928795304024801,-10.6000426620503,-0.011194130675338698,0.11954128054125751
North_Campus_DU,2025,6,46.3,0.1890878594665059,0,57.36838984283517,0.20172040334036812,-11.068389842835174,-0.012632543873862229,0.1409464485081433
North_Campus_DU,2025,7,30.38,0.1210552998270518,0,37.33681445699861,0.12302055077238112,-6.956814456998611,-0.0019652509453293304,0.013699102216538925
North_Campus_DU,2025,8,34.86,0.1287388304479853,0,40.80600053905527,0.15363019920380566,-5.9460005390552695,-0.024891368755820376,0.15237011766092226
North_Campus_DU,2025,9,32.93,0.1985237494035801,0,47.51501619949623,0.234817235374468,-14.58501619949623,-0.036293485970887884,0.5386231775601915
North_Campus_DU,2025,10,103.15,0.211644323655302,0,113.59960465896293,0.23203342793924658,-10.449604658962926,-0.02038910428394458,0.21598752187908576
North_Campus_DU,2025,11,220.81,0.1834276437293651,0,227.02117428754337,0.1826815825181483,-6.211174287543372,0.0007460612112167864,-0.004629993940614375
North_Campus_DU,2025,12,207.18,0.2052304335191172,0,231.15795404922324,0.2065183777146624,-23.97795404922323,-0.0012879441955451765,0.030893955885598658
Okhla_Phase-2,2022,1,169.71,0.3180589385947602,4,169.59617396442178,0.48221155088155265,0.1138260355782279,-0.16415261228679245,0.17119738703189694
Okhla_Phase-2,2022,3,86.29,0.2769325465074899,4,108.04844989056127,0.44874517509036255,-21.758449890561266,-0.17181262858287266,3.9463934974141353
Okhla_Phase-2,2022,5,67.9,0.286468408738859,4,80.24858561740132,0.4646220123607981,-12.348585617401312,-0.1781536036219391,2.4235996842929843
Okhla_Phase-2,2022,6,48.01,0.3042527844873943,4,62.76784339527009,0.4777383087192151,-14.757843395270093,-0.1734855242318208,2.772359763934771
Okhla_Phase-2,2022,7,29.8,0.2257200416829018,4,38.414547736668766,0.49221262833387985,-8.614547736668765,-0.2664925866509781,2.7961611424888555
Okhla_Phase-2,2022,8,26.76,0.314436953141471,4,33.888979089148414,0.5743428213535088,-7.128979089148412,-0.25990586821203776,2.328878778662556
Okhla_Phase-2,2022,9,35.55,0.2404122478097341,4,40.87552610861208,0.5169997549162096,-5.325526108612081,-0.2765875071064755,2.012054763429527
Okhla_Phase-2,2022,10,104.04,0.3250238396840731,4,119.42660381935015,0.5710516171839816,-15.386603819350142,-0.24602777749990845,4.212069234795606
Okhla_Phase-2,2022,11,174.48,0.2718094788547097,4,186.99045339533686,0.4559455353870214,-12.510453395336867,-0.1841360565323117,2.5425531964592882
Okhla_Phase-2,2022,12,174.73,0.2665202119165923,4,182.42568752362362,0.4494460483658859,-7.695687523623633,-0.1829258364492936,1.643537373871111
Okhla_Phase-2,2023,1,190.56,0.1895676777718067,4,188.5814827316814,0.3875820617432849,1.9785172683185976,-0.19801438397147822,-0.11547404112126242
Okhla_Phase-2,2023,2,109.64,0.2702080341416501,4,124.89659486823916,0.431665444968076,-15.256594868239162,-0.1614574108264259,2.6469884162410966
Okhla_Phase-2,2023,3,70.91,0.2958281759855508,4,77.03840139154066,0.4489203342515425,-6.128401391540663,-0.1530921582659917,1.1033662938246043
Okhla_Phase-2,2023,5,59.3,0.3258055858687375,4,67.8723314000634,0.4842795353596338,-8.572331400063405,-0.15847394949089633,1.5354631833828851
Okhla_Phase-2,2023,7,29.68,0.2512317230283746,4,35.92697762225781,0.43867201073865336,-6.246977622257809,-0.18744028771027876,1.4185147402553062
Okhla_Phase-2,2023,8,31.3,0.3696733775407058,4,38.704982296975146,0.5962596254856152,-7.404982296975145,-0.2265862479449094,2.03965653807075
Okhla_Phase-2,2023,9,38.07,0.3436189097698541,4,45.62663673978547,0.5864118944451435,-7.556636739785468,-0.24279298467528942,2.250093125702708
Okhla_Phase-2,2023,11,261.0,0.2381003501819563,4,263.72196961974265,0.43556468335618337,-2.7219696197426515,-0.19746433317422707,0.812259849953734
Okhla_Phase-2,2023,12,215.11,0.3142956607949785,4,223.36920850782087,0.46822466327209017,-8.259208507820858,-0.15392900247711166,1.4382983379343872
Okhla_Phase-2,2024,1,238.74,0.1318286042888505,4,223.56331221768383,0.33710975783347125,15.17668778231618,-0.20528115354462076,-2.818535546395712
Okhla_Phase-2,2024,2,105.55,0.2082847860524844,4,114.46977498048538,0.34962684436519537,-8.919774980485386,-0.14134205831271096,1.401516303365232
Okhla_Phase-2,2024,3,66.39,0.2810895061889026,4,75.61548209545711,0.39911121405862904,-9.22548209545711,-0.11802170786972643,1.1869621720171977
Okhla_Phase-2,2024,5,75.98,0.2660922147772047,4,85.4668254359605,0.39640750320351326,-9.486825435960498,-0.13031528842630857,1.3559467866428825
Okhla_Phase-2,2024,7,32.67,0.2696136537261643,4,40.48399429747942,0.37571500415090503,-7.813994297479418,-0.10610135042474073,0.9084040851814217
Okhla_Phase-2,2024,8,21.04,0.2537584932938019,4,28.96724458863117,0.5715708300612172,-7.927244588631172,-0.3178123367674153,3.2311306332127256
Okhla_Phase-2,2024,9,36.64,0.2551161745273154,4,50.12840187623379,0.5364477802733512,-13.488401876233787,-0.2813316057460358,4.352446027838868
Okhla_Phase-2,2024,10,103.94,0.342643972996479,4,117.72442451448246,0.5888737593598496,-13.784424514482467,-0.24622978636337067,3.821373928538945
Okhla_Phase-2,2024,12,184.35,0.281115046728559,4,183.07184430814846,0.42568502486233495,1.2781556918515378,-0.14456997813377592,-0.03750254107335429
Okhla_Phase-2,2025,1,186.22,0.3117708311602384,4,169.9646574940645,0.43517348295194686,16.255342505935488,-0.12340265179170845,-1.8986429857261846
Okhla_Phase-2,2025,2,99.84,0.2429905722316452,4,111.17503406811873,0.30581909211969294,-11.33503406811873,-0.06282851988804775,0.7399799067024636
Okhla_Phase-2,2025,3,68.92,0.2957685795429711,4,70.33960222816582,0.4178457232740311,-1.4196022281658145,-0.12207714373105999,0.27831746138226987
Okhla_Phase-2,2025,4,71.86,0.2723034318735728,4,75.53736213350658,0.40341338854015835,-3.677362133506577,-0.13110995666658554,0.603271119717003
Okhla_Phase-2,2025,5,59.31,0.2874877310557224,4,64.73110341733314,0.4155172302925902,-5.421103417333143,-0.1280294992368678,0.8095682919461212
Okhla_Phase-2,2025,6,42.87,0.2675244309622421,4,45.35361317384215,0.43749657727897995,-2.4836131738421514,-0.16997214631673785,0.6257293413018065
Okhla_Phase-2,2025,7,23.39,0.1786620237718577,4,30.276686565501514,0.3748585182642382,-6.886686565501513,-0.19619649449238052,1.622394676212491
Okhla_Phase-2,2025,9,28.42,0.3540659978509302,4,37.03444401301077,0.5779754926741214,-8.614444013010768,-0.22390949482319122,2.282147757779279
Okhla_Phase-2,2025,10,104.66,0.3325177567085636,4,128.1373873146765,0.5783845351154169,-23.47738731467649,-0.24586677840685328,6.198288814112704
Okhla_Phase-2,2025,11,212.35,0.3066490316150936,4,218.56804734648665,0.44589191343102275,-6.218047346486657,-0.13924288181592914,1.0024452642784893
Okhla_Phase-2,2025,12,225.32,0.2721318402671348,4,237.36284748029263,0.45136833607970894,-12.042847480292636,-0.17923649581257417,2.3848996355843854
Patparganj,2022,1,185.87,0.2034672254315804,3,150.89099822106073,0.36905384665446095,34.97900177893928,-0.16558662122288054,-5.598840442549723
Patparganj,2022,3,97.78,0.1909239107728072,3,99.73870170252266,0.3379188958832747,-1.95870170252266,-0.14699498511046746,0.4401821092619687
Patparganj,2022,4,108.3,0.2108899054370158,3,91.76610791888986,0.36152021904598813,16.53389208111014,-0.15063031360897233,-2.33061822816899
Patparganj,2022,5,81.65,0.2129297496091011,3,70.14064791034443,0.3575771990365567,11.509352089655579,-0.1446474494274556,-1.5173601352129507
Patparganj,2022,6,64.96,0.207731563854689,3,62.409203797003734,0.35492551978813935,2.55079620299626,-0.14719395593345036,-0.22278652074789312
Patparganj,2022,7,42.39,0.1693961635697884,3,38.8895675109739,0.37080867881251245,3.500432489026103,-0.20141251524272405,-0.41916548896384315
Patparganj,2022,8,33.0,0.1943303617115933,3,33.81249783645924,0.41218326626085944,-0.8124978364592366,-0.21785290454926615,0.5114428703718453
Patparganj,2022,9,41.92,0.137797858664374,3,40.64319017734229,0.35291397545285697,1.276809822657711,-0.21511611678848297,0.05142548218120373
Patparganj,2022,10,114.95,0.2074198507682806,3,110.8304206976426,0.39260026181111757,4.119579302357408,-0.18518041104283697,-0.521219834029744
Patparganj,2022,11,197.16,0.1788416183641536,3,185.91189061608196,0.32821319594969983,11.248109383918035,-0.14937157758554623,-1.522921737673435
Patparganj,2022,12,205.98,0.1541411582493539,3,164.4339529077928,0.31096418679163806,41.5460470922072,-0.15682302854228417,-6.342073005191182
Patparganj,2023,1,206.51,0.1437092273284567,3,166.84195874070645,0.23568916265803472,39.668041259293545,-0.09197993532957802,-3.5890462101929543
Patparganj,2023,3,81.65,0.1965096276500021,3,70.74204920170996,0.35989535374886666,10.907950798290045,-0.16338572609886456,-1.5940912680087342
Patparganj,2023,5,69.65,0.2102954570800465,3,56.48167035915656,0.37475796934074995,13.168329640843446,-0.16446251226070346,-1.975096721478413
Patparganj,2023,6,52.83,0.2031244563382556,3,48.53801866374369,0.3821002368199126,4.291981336256306,-0.17897578048165702,-0.54243696171747
Patparganj,2023,8,38.96,0.2457219930683828,3,45.813496630667636,0.42723713908118083,-6.853496630667635,-0.18151514601279803,1.4761879106938551
Patparganj,2023,9,43.29,0.2653363506583485,3,42.55695827218455,0.4173338380824844,0.7330417278154471,-0.15199748742413594,0.05138217563583665
Patparganj,2023,10,105.26,0.2526345726263043,3,107.86204703572395,0.39899177746445547,-2.602047035723942,-0.14635720483815118,0.5317727067672099
Patparganj,2023,11,263.26,0.1810603945959537,3,204.81474472600786,0.28759739015442115,58.44525527399213,-0.10653699555846746,-6.146600389039773
Patparganj,2024,1,238.94,0.1439187314357471,3,185.87631394089357,0.1815999143783849,53.06368605910643,-0.03768118294263781,-1.9894969854387876
Patparganj,2024,2,86.33,0.1585492784928981,3,101.99452974023787,0.29267750077486837,-15.664529740237867,-0.13412822228197027,2.2278291959196017
Patparganj,2024,4,56.51,0.1952656377379105,3,61.832034116794354,0.3326179883558484,-5.322034116794356,-0.13735235061793788,0.8639355001539674
Patparganj,2024,5,81.02,0.1976471686944942,3,80.81969011610563,0.3364533199915395,0.20030988389436288,-0.1388061512970453,0.10796648425608414
Patparganj,2024,6,53.3,0.1880855096085793,3,61.92642953748597,0.3383817958217114,-8.626429537485976,-0.1502962862131321,1.4556991208769674
Patparganj,2024,7,39.62,0.1444121772291267,3,41.65797031161253,0.2769198869125721,-2.0379703116125327,-0.13250770968344538,0.3937756400960516
Patparganj,2024,8,28.07,0.2254774650741235,3,26.856442324891923,0.3773717170255271,1.2135576751080777,-0.15189425195140357,-0.021750832259104763
Patparganj,2024,10,117.19,0.2686721958043859,3,106.6156254136715,0.4225325381166873,10.574374586328503,-0.1538603423123014,-1.4601592004988726
Patparganj,2024,11,274.92,0.1551035556075422,3,231.36900935852253,0.2819371783682683,43.55099064147748,-0.12683362276072613,-5.410370523438033
Patparganj,2024,12,186.58,0.2310346420454501,3,160.41923115946614,0.31938891949041887,26.160768840533876,-0.08835427744496877,-2.256405545001503
Patparganj,2025,1,193.93,0.2257035041904109,3,156.5553518382712,0.3616510086261797,37.3746481617288,-0.1359475044357688,-4.950754100925293
Patparganj,2025,2,101.21,0.2236587506339973,3,98.02545528941342,0.30325284489833526,3.1845447105865787,-0.07959409426433797,-0.20882825603342345
Patparganj,2025,3,63.02,0.2460978788901684,3,64.98491401478967,0.37472461807894164,-1.964914014789663,-0.12862673918877324,0.3693277818768827
Patparganj,2025,4,70.58,0.2199622789253576,3,72.95317057792337,0.35398225424534985,-2.373170577923375,-0.13401997531999224,0.4446213907582214
Patparganj,2025,5,67.85,0.2327476214455752,3,68.41145342249573,0.3691756921307542,-0.561453422495731,-0.13642807068517898,0.2077564336145226
Patparganj,2025,6,42.79,0.2183639594701145,3,45.886329776436014,0.3615005515630122,-3.096329776436015,-0.1431365920928977,0.5875724509743213
Patparganj,2025,7,26.04,0.1479698316409955,3,29.695993003213886,0.32212279334406596,-3.6559930032138865,-0.17415296170307046,0.8504246108407382
Patparganj,2025,8,31.75,0.2055875785016671,3,31.286716907811375,0.3312080619155712,0.4632830921886253,-0.12562048341390408,0.05300339732995013
Patparganj,2025,11,229.75,0.2231746329123383,3,196.02206860493126,0.34995170112283364,33.72793139506874,-0.12677706821049534,-4.162669934997147
Patparganj,2025,12,235.01,0.2185873371601843,3,210.86180388172718,0.3465999262077844,24.148196118272807,-0.1280125890476001,-2.975796480261297
Punjabi_Bagh,2022,1,191.75,0.2679315988540521,2,147.45313044438348,0.28639082184352477,44.296869555616524,-0.018459222989472668,-0.815284663521533
Punjabi_Bagh,2022,2,125.81,0.2565021423830649,2,111.52163735527455,0.25747163826070124,14.288362644725453,-0.0009694958776363394,-0.01384588528723327
Punjabi_Bagh,2022,3,123.83,0.236946592295338,2,104.18736305236101,0.2430004512399891,19.64263694763899,-0.006053858944651103,-0.11865549565895363
Punjabi_Bagh,2022,5,93.77,0.2450289846060358,2,84.19632218030901,0.2597634955766275,9.573677819690985,-0.014734510970591669,-0.13953357097087263
Punjabi_Bagh,2022,6,74.25,0.2453412590554594,2,69.22631455089895,0.2556393421485661,5.023685449101052,-0.010298083093106702,-0.050987018963029415
Punjabi_Bagh,2022,7,45.88,0.2571166586549657,2,34.141686722407954,0.24883690812441628,11.738313277592049,0.008279750530549412,0.09767339022424049
Punjabi_Bagh,2022,8,40.04,0.2754916682773107,2,34.13103322133394,0.27745284163480444,5.908966778666063,-0.0019611733574937396,-0.011561405009020233
Punjabi_Bagh,2022,9,47.86,0.2367587693424347,2,39.674286793604864,0.2230562003325667,8.185713206395135,0.013702569009867993,0.11348840025467348
Punjabi_Bagh,2022,10,114.94,0.2997127930941745,2,114.54430943845912,0.28238272461490493,0.39569056154087434,0.017330068479269545,0.008973703238902614
Punjabi_Bagh,2022,11,181.25,0.2202273833374257,2,181.48393150864808,0.21994560743810285,-0.23393150864808376,0.0002817758993228503,-6.535676596930625e-05
Punjabi_Bagh,2022,12,194.94,0.2078301545375381,2,160.88491763503774,0.23043387320561118,34.05508236496226,-0.02260371866807309,-0.7661711195987695
Punjabi_Bagh,2023,1,195.14,0.1595959782736231,2,174.22793062393472,0.17741115567895802,20.91206937606526,-0.01781517740533492,-0.37031572521478545
Punjabi_Bagh,2023,3,85.19,0.2332194180236118,2,87.66437650775327,0.24612038937207298,-2.474376507753277,-0.012900971348461188,0.03309468632033111
Punjabi_Bagh,2023,4,78.79,0.2630043317060055,2,75.62071352300708,0.2611174605668741,3.169286476992923,0.0018868711391313853,0.006005123598975123
Punjabi_Bagh,2023,5,73.93,0.255033090613563,2,71.94849777451212,0.2656461456479382,1.981502225487887,-0.010613055034375207,-0.020236068091934473
Punjabi_Bagh,2023,6,53.05,0.2550173306529326,2,48.80948547688552,0.2668822659514194,4.240514523114477,-0.011864935298486812,-0.049321412635107725
Punjabi_Bagh,2023,7,45.08,0.2271668250549286,2,33.65199649296785,0.2240860300959146,11.428003507032152,0.003080794959014005,0.035274218375448904
Punjabi_Bagh,2023,8,42.66,0.2984180852202738,2,40.63241260484307,0.2899502975960925,2.027587395156928,0.008467787624181322,0.017674455412711797
Punjabi_Bagh,2023,10,117.98,0.2734813502736927,2,114.5042623378767,0.28171223624697284,3.475737662123308,-0.008230885973280144,-0.028131000943571325
Punjabi_Bagh,2023,11,299.77,0.1522464175178412,2,237.87112468763482,0.1959778542717064,61.89887531236516,-0.04373143675386518,-2.693450278829758
Punjabi_Bagh,2023,12,241.68,0.2447632198793825,2,200.28655707445026,0.24228865916300785,41.39344292554975,0.002474560716374641,0.10247373819147353
Punjabi_Bagh,2024,1,249.72,0.1151022487282602,2,207.20359266998824,0.1627674290569106,42.51640733001176,-0.0476651803286504,-2.0105422270559785
Punjabi_Bagh,2024,2,121.14,0.2021385830731844,2,110.44683886059876,0.23138989614399688,10.69316113940124,-0.029251313070812468,-0.3067595298204885
Punjabi_Bagh,2024,3,85.53,0.2442225584219541,2,89.30068098362935,0.24886857369582965,-3.7706809836293473,-0.0046460152738755645,0.01767074871884482
Punjabi_Bagh,2024,4,73.05,0.2111479672766647,2,89.60737849894265,0.22304514045161694,-16.557378498942654,-0.01189717317495223,0.19798341522911764
Punjabi_Bagh,2024,7,48.39,0.1482339166196728,2,39.21972492306465,0.18213728421646092,9.170275076935347,-0.03390336759678811,-0.30280340495756086
Punjabi_Bagh,2024,8,37.9,0.3042746848819915,2,31.986726468854137,0.2612277797357313,5.913273531145862,0.043046905146260195,0.2676060022711541
Punjabi_Bagh,2024,9,54.95,0.2002104271285273,2,40.82260490895432,0.2716772764447502,14.127395091045685,-0.07146684931622291,-0.9736490779723269
Punjabi_Bagh,2024,10,125.35,0.3107647389801634,2,114.37897087064212,0.2955269533620648,10.971029129357873,0.015237785618098576,0.16881037501054227
Punjabi_Bagh,2025,1,188.01,0.2542377277518993,2,155.39488597002833,0.27439593428750003,32.615114029971664,-0.020158206535600742,-0.6545987356814159
Punjabi_Bagh,2025,2,113.37,0.2383263108143816,2,107.25784504296927,0.21249010305326152,6.112154957030739,0.025836207761120084,0.16261867729845014
Punjabi_Bagh,2025,3,78.65,0.2611443782466658,2,83.82904431610935,0.26438951922019377,-5.179044316109341,-0.00324514097352796,0.01688093779071275
Punjabi_Bagh,2025,4,82.9,0.2359554462306288,2,98.72284667513794,0.2462618023986428,-15.822846675137939,-0.01030635616801398,0.1638244058544874
Punjabi_Bagh,2025,5,69.65,0.2570732660177325,2,80.40008362166272,0.26298341137440406,-10.75008362166271,-0.005910145356671559,0.06378069841602504
Punjabi_Bagh,2025,6,48.33,0.2609817769372405,2,50.62180252516006,0.25196699634951575,-2.2918025251600582,0.009014780587724758,-0.020087434020218398
Punjabi_Bagh,2025,7,28.81,0.1431651326359601,2,32.741435644118255,0.2119929531364912,-3.931435644118256,-0.0688278205005311,0.30397448537172655
Punjabi_Bagh,2025,8,32.97,0.1478263885417707,2,35.22171053048104,0.21064537762564392,-2.2517105304810414,-0.06281898908387323,0.16925823392228675
Punjabi_Bagh,2025,11,247.34,0.2439811602715866,2,217.07370284359342,0.24970760484479337,30.26629715640658,-0.005726444573206785,-0.1730871949718064
Punjabi_Bagh,2025,12,239.37,0.2655331238884352,2,216.13427729872157,0.25367357805597807,23.235722701278434,0.01185954583245713,0.27655623512675176
R_K_Puram,2022,1,175.27,0.3634573829005221,1,177.3309519887712,0.3234972597698644,-2.060951988771194,0.03996012313065772,-0.07110356789089359
R_K_Puram,2022,2,117.69,0.2987601936484591,1,103.42872966229726,0.2876113460059717,14.26127033770274,0.011148847642487414,0.15987261839937486
R_K_Puram,2022,3,102.27,0.2875335414223444,1,93.94804213547577,0.26998958354824765,8.321957864524222,0.01754395787409674,0.14816899990647847
R_K_Puram,2022,5,83.56,0.3115026731511207,1,70.20269552504612,0.3043332266400005,13.357304474953878,0.00716944651112017,0.09612668958567834
R_K_Puram,2022,6,61.27,0.3124636359117547,1,59.95202198505481,0.3039245222715756,1.31797801494519,0.008539113640179063,0.01176818795408574
R_K_Puram,2022,7,38.3,0.3287691253412324,1,30.862266491527453,0.289895235583928,7.437733508472544,0.038873889757304436,0.29978253174366093
R_K_Puram,2022,8,35.8,0.3833835087459729,1,27.474849516774437,0.32351550306700716,8.32515048322556,0.05986800567896572,0.5236669552191937
R_K_Puram,2022,9,42.87,0.3490878336593659,1,38.498210526167234,0.2480440754870786,4.371789473832763,0.1010437581722873,0.5136882124220961
R_K_Puram,2022,10,114.35,0.3496101318972605,1,105.99803621553822,0.32128101462298564,8.351963784461773,0.02832911727427484,0.24225905056648814
R_K_Puram,2022,11,190.37,0.2946177670227747,1,195.36822537746926,0.2703194182023272,-4.998225377469254,0.024298348820447513,-0.11728815511893627
R_K_Puram,2022,12,194.68,0.2943239369200892,1,186.61472612243975,0.26208685599163845,8.065273877560259,0.032237080928450734,0.2673240739923247
R_K_Puram,2023,1,210.01,0.2196955400722751,1,197.64204292545446,0.2030255885394185,12.36795707454553,0.01666995153285661,0.20813144657331836
R_K_Puram,2023,2,123.74,0.2969136474356097,1,107.71659794336989,0.27806816483300417,16.023402056630104,0.018845482602605546,0.3044714127436921
R_K_Puram,2023,4,92.63,0.3377884185927853,1,57.45533017801641,0.30059571742316915,35.174669821983585,0.03719270116961615,1.3179887285253498
R_K_Puram,2023,5,88.28,0.3452057517818441,1,54.60039306370398,0.3074475302755848,33.67960693629602,0.03775822150625929,1.2817284893986638
R_K_Puram,2023,9,50.46,0.3665072891019194,1,35.703544623520706,0.3319648309917665,14.756455376479295,0.034542458110152885,0.5181322900693297
R_K_Puram,2023,10,113.64,0.3758259014232085,1,96.18048017637483,0.3274793150500789,17.459519823625172,0.04834658637312961,0.8605791978035534
R_K_Puram,2023,11,277.24,0.2594587615288881,1,243.0569182032802,0.24340691557727492,34.18308179671982,0.01605184595161316,0.5505172405561486
R_K_Puram,2023,12,227.28,0.3185967461890493,1,208.45907298787614,0.2880123056732237,18.82092701212386,0.030584440515825595,0.5822191068394595
R_K_Puram,2024,1,249.85,0.1819742275774581,1,238.19951165941438,0.1699212992780576,11.65048834058561,0.012052928299400495,0.14144620336862762
R_K_Puram,2024,3,82.4,0.2974589783381518,1,79.57235306717259,0.2833479001327928,2.8276469328274203,0.014111078205359007,0.041304313223337344
R_K_Puram,2024,4,71.25,0.3083708506417853,1,72.66485242103161,0.2770436514351237,-1.4148524210316111,0.031327199206661605,-0.03740773188586078
R_K_Puram,2024,5,94.63,0.3075996699511468,1,93.80756244914765,0.27462733967771447,0.8224375508523423,0.032972330273432326,0.0347787274121341
R_K_Puram,2024,6,66.56,0.3030207747382608,1,68.63084126146268,0.2716746110694653,-2.070841261462675,0.0313461636687955,-0.05798892182900476
R_K_Puram,2024,7,54.16,0.2970873387937092,1,36.40754256210265,0.2200641781702161,17.75245743789735,0.0770231606234931,1.4091556854840164
R_K_Puram,2024,8,34.6,0.3660367052864799,1,25.92060675513387,0.2864495822212949,8.67939324486613,0.079587123065185,0.7354028144973543
R_K_Puram,2024,9,48.0,0.363873715991324,1,38.16482017526505,0.2965532937250812,9.83517982473495,0.0673204222662428,0.6940445960565405
R_K_Puram,2024,11,255.69,0.2512747904241842,1,241.68024167315664,0.2306209881085186,14.009758326843354,0.020653802315665604,0.2923607774364419
R_K_Puram,2024,12,199.6,0.3045834445148792,1,189.06806448084342,0.25995453869727503,10.531935519156576,0.04462890581760415,0.4840640422314073
R_K_Puram,2025,1,182.39,0.3520595884396226,1,184.01935842388943,0.30215989301263496,-1.6293584238894425,0.049899695426987634,-0.06375823104759037
R_K_Puram,2025,2,108.05,0.1323917105542892,1,102.2033774992633,0.2031232977253897,5.8466225007367,-0.07073158717110051,-0.3782863103475601
R_K_Puram,2025,3,75.54,0.318725421944522,1,76.95843079074369,0.3019616925339873,-1.4184307907436846,0.016763729410534722,-0.021797894435994166
R_K_Puram,2025,4,83.33,0.309539346472428,1,81.21135112357632,0.28441011936184457,2.118648876423677,0.025129227110583408,0.05768987531624794
R_K_Puram,2025,5,70.56,0.3386306192642614,1,67.43156702626668,0.3030449935837744,3.128432973733325,0.03558562568048701,0.120250800386211
R_K_Puram,2025,7,39.6,0.2847270291605512,1,29.730398164095803,0.24362744937147363,9.869601835904199,0.04109957978907758,0.41753968142092884
R_K_Puram,2025,8,41.49,0.3518615541685201,1,30.461547419985322,0.22363265346000213,11.02845258001468,0.12822890070851797,1.5300335638075946
R_K_Puram,2025,10,120.38,0.3965603984029817,1,103.31650066482412,0.32609069162386084,17.063499335175877,0.07046970677912084,1.2374537999144744
R_K_Puram,2025,11,235.98,0.3216756360475131,1,215.59815417295076,0.27537578042719096,20.381845827049233,0.04629985562032213,0.9587824674336682
R_K_Puram,2025,12,248.71,0.3379514136681042,1,223.9976046072659,0.28916405805975437,24.712395392734095,0.04878735560834985,1.2224251335898315
Rohini,2022,1,172.14,0.2320832064565362,0,197.76170656099072,0.2730684593724369,-25.62170656099073,-0.04098525291590069,1.061949186599248
Rohini,2022,2,131.27,0.2598769964398704,0,121.76945857356692,0.26812807613743467,9.500541426433088,-0.008251079697564279,-0.07790997966807339
Rohini,2022,3,114.45,0.2713219442071142,0,109.47141224289238,0.25149645281931315,4.9785877571076185,0.019825491387801042,0.10147267365196015
Rohini,2022,4,133.34,0.2818591213426892,0,136.61746553984122,0.24413120288193418,-3.2774655398412165,0.03772791846075502,-0.11362164134384381
Rohini,2022,5,73.74,0.2988116375132416,0,90.64272111696127,0.2562062324189495,-16.902721116961274,0.04260540509429206,-0.7073558791955383
Rohini,2022,6,58.68,0.3135919640506985,0,70.40333450173294,0.2519575917464502,-11.723334501732943,0.061634372304248286,-0.6957912074122998
Rohini,2022,8,29.68,0.3733766911333346,0,37.27083932000707,0.29725784880131995,-7.5908393200070705,0.07611884233201466,-0.5369764944330156
Rohini,2022,9,38.79,0.2987066381737015,0,45.061126250219246,0.27242897378960673,-6.271126250219247,0.02627766438409479,-0.15992466137680778
Rohini,2022,10,112.46,0.350326500945705,0,120.65604538831957,0.3096399948741002,-8.196045388319575,0.04068650607160479,-0.3218033222623846
Rohini,2022,11,211.52,0.2154572866753685,0,204.31286285505294,0.22133859367963404,7.207137144947069,-0.005881307004265535,-0.042143640774436435
Rohini,2022,12,202.46,0.2400678281207389,0,204.8728403540966,0.22574383109898988,-2.412840354096602,0.014323997021749024,-0.033115688263514534
Rohini,2023,1,195.34,0.1565512998272553,0,201.2562075748923,0.18326733658019514,-5.916207574892297,-0.026716036752939848,0.16308721136031468
Rohini,2023,2,130.52,0.2130476007998539,0,124.96856737279006,0.2469844148249984,5.551432627209948,-0.03393681402514448,-0.18028214554979843
Rohini,2023,3,88.88,0.2015594057847123,0,86.25170999353558,0.2525710834843402,2.628290006464411,-0.051011677699627916,-0.11573649742190893
Rohini,2023,4,79.58,0.2626694661536246,0,81.86831020532357,0.2623164586763962,-2.288310205323569,0.0003530074772283842,-0.0008069124873134342
Rohini,2023,6,44.14,0.302530218189012,0,51.8165052094314,0.27943379707284355,-7.676505209431397,0.023096421116168442,-0.17354074702744549
Rohini,2023,7,36.21,0.090316272501245,0,35.52770543913496,0.2199847082092056,0.6822945608650386,-0.1296684357079606,0.03001126543961445
Rohini,2023,9,40.05,0.3105678038828519,0,46.06955137785146,0.3197826646726215,-6.019551377851464,-0.00921486078976963,0.056067693097679935
Rohini,2023,10,106.99,0.3253896257191334,0,122.1744740070754,0.30934219276871594,-15.184474007075409,0.01604743295041744,-0.24185714931318827
Rohini,2023,12,232.53,0.2394917927494199,0,229.50589232413358,0.2556656519481588,3.024107675866418,-0.016173859198738927,-0.04706810679677086
Rohini,2024,1,234.1,0.1265524233358768,0,229.59409057895556,0.1566382970459833,4.505909421044436,-0.030085873710106514,-0.12918578907362618
Rohini,2024,2,125.57,0.212714769315996,0,117.40078749884107,0.2280781540283837,8.169212501158924,-0.015363384712387684,-0.12384348529631829
Rohini,2024,3,86.66,0.2229794523706277,0,87.12934590479448,0.2641952135883756,-0.4693459047944799,-0.04121576121774792,0.0313150336900137
Rohini,2024,5,94.76,0.2127185580444753,0,118.00373956197187,0.2024925105150507,-23.243739561971864,0.010226047529424576,-0.23695469268302263
Rohini,2024,6,55.86,0.2272442718173984,0,68.89163787236181,0.2062526045165148,-13.031637872361813,0.020991667300883587,-0.2704506565511452
Rohini,2024,7,42.7,0.2040992637486159,0,40.780636009263354,0.20044730059700414,1.9193639907366489,0.003651963151611759,0.007103427879083148
Rohini,2024,8,27.78,0.3255117421441332,0,30.40142348949905,0.33784639479615675,-2.6214234894990476,-0.012334652652023548,0.033406466155164544
Rohini,2024,9,43.83,0.3432537091629519,0,49.22122928104601,0.3187330004592959,-5.391229281046009,0.02452070870365597,-0.12795979890463818
Rohini,2024,11,295.93,0.1705403305648461,0,277.3125769302152,0.19098594244969705,18.61742306978482,-0.020445611884850945,-0.37769890344748047
Rohini,2024,12,211.09,0.216446753419951,0,202.89646754428995,0.23937407340147848,8.193532455710056,-0.022927319981527472,-0.1841515328907084
Rohini,2025,2,119.81,0.2368044224586147,0,106.81763422064913,0.24936100420763618,12.992365779350877,-0.012556581749021495,-0.16202865820058943
Rohini,2025,3,86.94,0.295911606065067,0,80.16627884025509,0.27579953830874987,6.773721159744909,0.02011206775631713,0.13908391503680773
Rohini,2025,4,89.51,0.2545293255913388,0,88.67705262860375,0.24253880730573382,0.8329473713962585,0.011990518285604962,0.011000599424042624
Rohini,2025,5,67.21,0.2609462720719586,0,79.47851542351677,0.2652314848988189,-12.268515423516774,-0.004285212826860341,0.05270259943249597
Rohini,2025,7,31.73,0.2334640283223153,0,31.820766946883026,0.22426439727567615,-0.09076694688302567,0.00919963104663915,-0.0002386335348029335
Rohini,2025,8,32.97,0.3008966469057145,0,34.09220500696146,0.2892549385249563,-1.1222050069614582,0.011641708380758176,-0.012109342129772487
Rohini,2025,9,34.69,0.3371908103311909,0,42.22580559130219,0.3345777649830418,-7.535805591302193,0.002613045348149101,-0.01964328650939094
Rohini,2025,11,280.21,0.2190532160540831,0,252.20753006042338,0.2636753856972571,28.0024699395766,-0.04462216964317403,-1.2354999167826892
Rohini,2025,12,269.27,0.2149149369494494,0,250.9142759950601,0.27182879043909064,18.355724004939873,-0.05691385348964123,-1.0218692551506157
Shadipur,2022,2,98.14,0.2298751730076328,4,121.86943657354713,0.277649888915436,-23.729436573547133,-0.04777471590780322,1.149750753362459
Shadipur,2022,3,92.74,0.210095908056243,4,109.35233176085161,0.2595393383464713,-16.612331760851617,-0.049443430290228296,0.8385975188639291
Shadipur,2022,4,103.01,0.2348961839369626,4,112.46217080116143,0.27318717353901123,-9.45217080116143,-0.03829098960204863,0.3722649145295906
Shadipur,2022,5,79.14,0.2509506742437221,4,82.7870522016393,0.2748993430421827,-3.6470522016392977,-0.023948668798460637,0.09138362804520882
Shadipur,2022,6,55.68,0.2329640251667129,4,63.480769159588505,0.27917184111516113,-7.800769159588505,-0.04620781594844822,0.37550245529057724
Shadipur,2022,7,30.8,0.2332346485839941,4,36.74882720272264,0.27146281005746165,-5.9488272027226365,-0.03822816147346755,0.2377107899213864
Shadipur,2022,8,32.48,0.2640794497803459,4,33.50600412752703,0.3180551124842987,-1.026004127527031,-0.053975662703952765,0.07590905131900383
Shadipur,2022,9,51.36,0.1968506435173048,4,42.6861423641072,0.2787840490648349,8.673857635892801,-0.08193340554753009,-0.6633732935421138
Shadipur,2022,10,120.84,0.2856892257169476,4,119.208569740364,0.3239060928573057,1.631430259636005,-0.0382168671403581,-0.052056174574403515
Shadipur,2022,11,185.19,0.2090134807221646,4,193.3977301656843,0.24350979019587596,-8.207730165684296,-0.03449630947371135,0.2915219969899401
Shadipur,2023,1,188.14,0.1695354702955255,4,201.0382773495452,0.17501723720006296,-12.898277349545225,-0.005481766904537472,0.07091710303661528
Shadipur,2023,2,167.65,0.2309950976594451,4,127.60652634612532,0.25972443282079405,40.043473653874685,-0.028729335161348957,-1.1446061683661717
Shadipur,2023,3,122.69,0.2406425029478302,4,79.52949650009653,0.27463752213996484,43.16050349990347,-0.03399501919213463,-1.4590984910029487
Shadipur,2023,4,92.22,0.2548593626038528,4,73.54641109136533,0.2834241441978634,18.67358890863467,-0.028564781594010602,-0.5276572178849851
Shadipur,2023,5,88.18,0.2580543478052866,4,70.8840902673688,0.28381060919672507,17.295909732631202,-0.025756261391438495,-0.4408032653472071
Shadipur,2023,6,67.4,0.2533552908530275,4,47.68284352252256,0.28692543340809373,19.717156477477445,-0.03357014255506624,-0.6539663899015685
Shadipur,2023,7,37.99,0.173015215230362,4,33.66883265896463,0.24068158469066447,4.32116734103537,-0.06766636946030247,-0.26013249745629735
Shadipur,2023,8,43.92,0.277627683043108,4,40.31099161024417,0.325056286102525,3.6090083897558287,-0.04742860305941704,-0.15531876197791536
Shadipur,2023,10,127.12,0.2804590460000921,4,115.07627074326972,0.31265834356367994,12.043729256730288,-0.03219929756358786,-0.38049359099688074
Shadipur,2023,11,204.43,0.1848243321607907,4,265.6250723269464,0.20429567257123743,-61.19507232694639,-0.019471340410446736,1.1942217400018997
Shadipur,2023,12,192.51,0.2485410816498916,4,227.75731138180737,0.27288769573768834,-35.24731138180738,-0.02434661408779673,0.8623297012234293
Shadipur,2024,1,217.19,0.1241788247556933,4,234.94662644369583,0.12206633069930159,-17.756626443695836,0.002112494056391717,-0.03747932078816499
Shadipur,2024,2,105.21,0.2284467947368718,4,119.37856336232795,0.2423910048654767,-14.168563362327959,-0.013944210128604917,0.19893960138691605
Shadipur,2024,4,116.1,0.2098949065003332,4,68.84702854017351,0.2526795441319947,47.25297145982648,-0.042784637631661515,-2.0088020115629988
Shadipur,2024,5,161.23,0.2284318074580175,4,92.6708092173068,0.24996626872943573,68.5591907826932,-0.021534461271418226,-1.473117429101645
Shadipur,2024,6,139.66,0.2282218708136255,4,59.891148863216024,0.2494077602385773,79.76885113678398,-0.02118588942495181,-1.686811184037196
Shadipur,2024,7,35.33,0.1298693186189563,4,39.39684449011083,0.20504569944536205,-4.066844490110832,-0.07517638082640576,0.3455552618669309
Shadipur,2024,8,46.65,0.207889510096153,4,30.229129964017623,0.31870961687851773,16.420870035982375,-0.11082010678236473,-1.7332207853793913
Shadipur,2024,9,60.64,0.2436120924662292,4,46.193254190792366,0.27800310528465416,14.446745809207634,-0.034391012818424965,-0.4885037375129458
Shadipur,2024,10,97.71,0.2994209413158187,4,126.55067089440541,0.325142263316002,-28.84067089440542,-0.02572132200018329,0.7464822152572945
Shadipur,2025,1,139.66,0.2720610448641296,4,193.86253046120976,0.296324246741605,-54.20253046120976,-0.024263201877475438,1.3192753801174881
Shadipur,2025,4,119.43,0.2405426609424246,4,78.93606981121138,0.26760552051110625,40.493930188788624,-0.027062859568681652,-1.0907205195676308
Shadipur,2025,5,78.09,0.2532390977722339,4,70.85503100439954,0.2811317745779172,7.234968995600468,-0.027892676805683303,-0.1963202721806326
Shadipur,2025,7,43.92,0.2234839574648963,4,31.63171200178262,0.2370754504265352,12.288287998217381,-0.01359149296163889,-0.16571444343089026
Shadipur,2025,8,51.7,0.1425650116679568,4,33.472775679340856,0.26377165670942143,18.227224320659147,-0.12120664504146464,-2.1057365798717296
Shadipur,2025,9,56.39,0.2672885948140935,4,40.04039770535753,0.32329314690305155,16.349602294642473,-0.05600455208895805,-0.8935499597389878
Shadipur,2025,10,91.13,0.2735979727150641,4,126.88716451295153,0.3145271500593321,-35.75716451295153,-0.040929177344267986,1.4753160222184816
Shadipur,2025,11,138.3,0.2300095885998757,4,250.2148693015384,0.27397405352845755,-111.9148693015384,-0.04396446492858186,4.933897823051972
Shadipur,2025,12,165.27,0.2584524686006086,4,254.95798355360014,0.2863916877987986,-89.68798355360013,-0.02793921919818998,2.511312922986847
Sirifort,2022,1,142.48,0.4936726108109119,3,154.20602361741587,0.41412592853421926,-11.726023617415876,0.07954668227669265,-0.8881767481971271
Sirifort,2022,3,103.4,0.3943505387527938,3,93.38194772448233,0.35498160531052436,10.018052275517675,0.03936893344226944,0.4053218785631977
Sirifort,2022,4,120.7,0.4403195941396808,3,90.3708826862459,0.3666114642508391,30.329117313754097,0.07370812988884168,2.273786712296611
Sirifort,2022,6,51.25,0.4696402128512655,3,55.811089124530405,0.3576649511553403,-4.561089124530405,0.1119752616959252,-0.42237378958185334
Sirifort,2022,7,30.87,0.4620612285213729,3,35.14537399451778,0.37575631059770515,-4.275373994517782,0.08630491792366773,-0.31649782762392487
Sirifort,2022,8,28.65,0.4876001589728923,3,31.71806342156721,0.4331752104681285,-3.06806342156721,0.05442494850476376,-0.14610619839501365
Sirifort,2022,9,35.57,0.3558829969721299,3,39.36356704217872,0.3733851854598966,-3.793567042178722,-0.01750218848776669,0.06855433169035903
Sirifort,2022,10,97.4,0.4713004241972733,3,110.79958539582476,0.4330725369641631,-13.399585395824758,0.038227887233110214,-0.5019399241955836
Sirifort,2022,11,175.48,0.4055394721659717,3,188.63778858261685,0.35922935623564767,-13.15778858261686,0.046310115930324025,-0.5942260704129426
Sirifort,2022,12,165.27,0.3900543638907926,3,174.08090487511953,0.3403942386461387,-8.810904875119519,0.04966012524465391,-0.4201724575277983
Sirifort,2023,2,109.24,0.4097091540427645,3,117.07164514097038,0.3497948881527809,-7.83164514097038,0.05991426588998355,-0.4439314234126161
Sirifort,2023,3,72.15,0.4178295334559243,3,73.12872956685612,0.3637634534737558,-0.9787295668561171,0.05406607998216845,-0.03231743389084523
Sirifort,2023,5,62.73,0.4669239113636271,3,60.567455163201004,0.39343812503184167,2.1625448367989932,0.07348578633178543,0.19696987845714056
Sirifort,2023,6,41.59,0.4758371906593551,3,41.561770469076876,0.39543266123176324,0.0282295309231273,0.08040452942759185,0.047826219279484876
Sirifort,2023,7,28.28,0.3620338569950082,3,33.00876297211065,0.337440080312896,-4.728762972110651,0.024593776682112156,-0.11203588803180624
Sirifort,2023,8,31.66,0.5028650882008918,3,36.65329392061704,0.4467451849453493,-4.993293920617038,0.0561199032555425,-0.25802983771925647
Sirifort,2023,9,32.68,0.5062053139478501,3,42.35929950278196,0.44487875665227544,-9.679299502781959,0.061326557295574624,-0.5670956735248864
Sirifort,2023,10,91.57,0.4907707638782886,3,108.83512246190577,0.4271008048856157,-17.265122461905776,0.06366995899267291,-1.070703084602356
Sirifort,2023,11,232.49,0.3524228494026008,3,262.99423397228566,0.2847440871829015,-30.504233972285647,0.06767876221969932,-2.032211769854931
Sirifort,2023,12,194.73,0.4568391662481175,3,218.4150131556686,0.37061395830794086,-23.6850131556686,0.08622520794017663,-1.9898541198536508
Sirifort,2024,5,78.53,0.4183418401634504,3,80.4415107248751,0.3099879772009037,-1.9115107248751002,0.10835386296254668,-0.12438680964130353
Sirifort,2024,7,39.08,0.3173385487546135,3,37.48962844888832,0.2938087360588907,1.59037155111168,0.023529812695722796,0.04132259127442647
Sirifort,2024,9,40.49,0.4470575186851811,3,40.909810344619956,0.36746887192284194,-0.4198103446199539,0.07958864676233918,0.011224448049582062
Sirifort,2024,11,239.64,0.3588135138168363,3,256.92389729700943,0.274484154604487,-17.283897297009446,0.0843293592123493,-1.4074274544692242
Sirifort,2024,12,183.48,0.395181061406117,3,171.34335233609193,0.3568223751514466,12.136647663908064,0.03835868625467037,0.4759143656445977
Sirifort,2025,1,188.54,0.4488362481904194,3,163.2964126960598,0.40236948984324766,25.24358730394019,0.04646675834717173,1.1882027242340478
Sirifort,2025,2,110.12,0.2120997054161555,3,106.97055843244596,0.2954403768323237,3.1494415675540495,-0.08334067141616822,-0.21353220825891525
Sirifort,2025,3,78.72,0.4235698330103802,3,68.51395940191867,0.3799422578849401,10.20604059808133,0.04362757512544008,0.45867733805625616
Sirifort,2025,4,84.69,0.423128325242797,3,71.27599242189815,0.3433040704642464,13.414007578101845,0.0798242547785506,1.115664412287843
Sirifort,2025,6,54.42,0.4083387808026839,3,43.18566471983646,0.3886373468137616,11.234335280163542,0.019701433988922268,0.22406768539636315
Sirifort,2025,7,34.19,0.2587430798838507,3,29.547701572817523,0.3162993177146956,4.6422984271824745,-0.0575562378308449,-0.24384932669868226
Sirifort,2025,8,30.07,0.3932688207840624,3,29.988884171093662,0.33535590057552916,0.08111582890633784,0.057912920208533225,0.028331786224042012
Sirifort,2025,9,29.17,0.4891486981832361,3,37.50998776908818,0.447754882010439,-8.339987769088175,0.04139381617279708,-0.3331496847214068
Sirifort,2025,10,102.68,0.5067946848177486,3,114.94660704513441,0.44048215568553817,-12.266607045134407,0.06631252913221042,-0.7824427103240809
Sirifort,2025,11,214.27,0.4310729753211212,3,226.43088846024787,0.39054457237529855,-12.160888460247861,0.04052840294582266,-0.4812867420762749
Sirifort,2025,12,228.21,0.4485151425585866,3,225.05251482089707,0.3949566602449219,3.1574851791029346,0.053558482313664724,0.18932378760830776
Sonia_Vihar,2022,2,95.51,0.2219444375286584,3,106.72799817362164,0.4457356615222754,-11.217998173621638,-0.223791223993617,2.863408367840707
Sonia_Vihar,2022,3,85.01,0.2263081192331737,3,89.31983031908713,0.4358140380492751,-4.309830319087126,-0.2095059188161014,1.2122359552573154
Sonia_Vihar,2022,4,103.19,0.2285611697964089,3,106.82471783110394,0.36120649585978093,-3.6347178311039414,-0.13264532606337204,0.6061143251584673
Sonia_Vihar,2022,7,45.38,0.2419193448581153,3,38.64784937672065,0.41472955523477056,6.732150623279352,-0.17281021037665525,-0.9529447400120167
Sonia_Vihar,2022,8,34.4,0.3099878664027258,3,35.54981371789352,0.49646380415868174,-1.1498137178935224,-0.18647593775595595,0.45945108947319113
Sonia_Vihar,2022,9,39.84,0.230982365311489,3,44.083274971941016,0.45455468273682864,-4.2432749719410126,-0.22357231742533965,1.300907550993685
Sonia_Vihar,2022,10,116.86,0.2761971701454028,3,129.13227514084124,0.5046384024091329,-12.272275140841245,-0.22844123226373014,3.171230979314004
Sonia_Vihar,2022,11,214.87,0.205828561384532,3,164.93764405884394,0.37210120911134825,49.93235594115606,-0.16627264772681624,-8.107566461241058
Sonia_Vihar,2022,12,186.69,0.231097384434847,3,161.71532005712314,0.39108009920668924,24.97467994287686,-0.15998271477184223,-3.8151593320748796
Sonia_Vihar,2023,1,181.65,0.1627985450840955,3,157.23497217357644,0.3642080793931572,24.415027826423568,-0.2014095343090617,-4.631562423209127
Sonia_Vihar,2023,2,120.59,0.221670875339901,3,109.34308910009845,0.40362772827751703,11.24691089990155,-0.18195685293761601,-1.8131467015890688
Sonia_Vihar,2023,3,79.17,0.238765024931396,3,67.47484623915656,0.39296616915943416,11.69515376084344,-0.15420114422803816,-1.635848575194363
Sonia_Vihar,2023,4,70.55,0.2499100139176228,3,67.25727219945838,0.375040327845452,3.2927278005416127,-0.1251303139278292,-0.3016849385367848
Sonia_Vihar,2023,5,73.18,0.2430939154239196,3,59.444074479505375,0.40610654157251286,13.735925520494632,-0.16301262614859327,-2.051875245617633
Sonia_Vihar,2023,6,49.96,0.2508806538396432,3,44.12457275469891,0.41851554885618963,5.835427245301091,-0.16763489501654644,-0.7801973489180533
Sonia_Vihar,2023,7,40.16,0.1654080842051006,3,32.16247048661573,0.33766568995198654,7.997529513384265,-0.17225760574688595,-1.168539377026189
Sonia_Vihar,2023,8,39.13,0.3072278102351685,3,40.32343308050898,0.5391725758414712,-1.1934330805089743,-0.23194476560630267,0.6559141264417095
Sonia_Vihar,2023,12,212.59,0.2148958778523829,3,202.49485362734902,0.3755155195078021,10.095146372650987,-0.1606196416554192,-1.439682079379024
Sonia_Vihar,2024,1,218.46,0.118470281694255,3,193.46431086585193,0.30670775174283565,24.99568913414808,-0.18823747004858066,-4.455435441426586
Sonia_Vihar,2024,2,111.12,0.196252014454433,3,101.99797161886501,0.3651612511735949,9.122028381134996,-0.1689092367191619,-1.3397488121204266
Sonia_Vihar,2024,3,73.66,0.247988662792455,3,69.30699039090842,0.4032089114625161,4.353009609091572,-0.1552202486700611,-0.5058956472448448
Sonia_Vihar,2024,5,87.74,0.1981878197535951,3,77.69185956304177,0.2985456126191984,10.04814043695822,-0.10035779286560328,-0.937436562349884
Sonia_Vihar,2024,6,58.01,0.2030157977130937,3,61.526801923121845,0.3082913835460736,-3.5168019231218466,-0.10527558583297991,0.4483321278981209
Sonia_Vihar,2024,7,57.6,0.0686968225259812,3,41.1046567889322,0.3239379580336955,16.495343211067798,-0.2552411355077143,-3.751208350083187
Sonia_Vihar,2024,8,35.39,0.3387430607147877,3,30.018300895372906,0.5045670020023885,5.371699104627094,-0.16582394128760075,-0.6969878118091707
Sonia_Vihar,2024,9,48.03,0.3119368351950572,3,43.2320849824705,0.4699171052511759,4.797915017529505,-0.1579802700561187,-0.5821048319374398
Sonia_Vihar,2024,10,129.91,0.3270826676526719,3,115.70097022212416,0.5203216558954936,14.209029777875841,-0.1932389882428217,-2.482603771945219
Sonia_Vihar,2024,11,282.42,0.2108359517606012,3,261.06545791867694,0.3406360415202002,21.354542081323075,-0.12980008975959903,-2.653097427607981
Sonia_Vihar,2024,12,181.47,0.2273843809901872,3,160.6404080770656,0.36885103111104034,20.829591922934412,-0.14146665012085313,-2.805667348060786
Sonia_Vihar,2025,1,136.65,0.235855293182315,3,149.88618507726207,0.4124995873358036,-13.236185077262064,-0.17664429415348862,2.557977695005967
Sonia_Vihar,2025,2,76.45,0.2707230821611676,3,98.67333677165388,0.40740889202584724,-22.223336771653877,-0.13668580986467965,3.1692692466362518
Sonia_Vihar,2025,3,54.21,0.2755711096016575,3,68.01263308079417,0.43741701575470376,-13.802633080794173,-0.16184590615304628,2.4184828534372866
Sonia_Vihar,2025,4,58.19,0.2345986064585304,3,70.1928685598617,0.34185936234089903,-12.002868559861696,-0.10726075588236864,1.3685086689563792
Sonia_Vihar,2025,6,63.46,0.2742226549446239,3,44.19559653213773,0.39646650216304924,19.264403467862273,-0.12224384721842535,-2.249651310022708
Sonia_Vihar,2025,7,35.81,0.233898948725103,3,30.26593417642195,0.353727198934523,5.544065823578052,-0.11982825020941998,-0.563152798523868
Sonia_Vihar,2025,8,41.51,0.439900933473011,3,30.661193536492068,0.44837908338311655,10.84880646350793,-0.008478149910105537,-0.09147129418290328
Sonia_Vihar,2025,9,34.93,0.3098050959698984,3,37.6497990630386,0.5343687479246403,-2.7197990630386,-0.22456365195474187,0.9661272786352829
Sonia_Vihar,2025,11,240.37,0.2749106793837098,3,222.9798281771091,0.4003910600274281,17.390171822890892,-0.1254803806437183,-2.071172040535057
Sonia_Vihar,2025,12,233.83,0.2578660995279893,3,206.4946372974871,0.3998162572133357,27.335362702512924,-0.1419501576853464,-3.738268156121055
Sri_Aurobindo_Marg,2022,1,139.69,0.6611915153269198,2,126.5947937303676,0.4928239736374094,13.0952062696324,0.1683675416895104,2.404566277662532
Sri_Aurobindo_Marg,2022,2,89.46,0.5600937264301815,2,84.51750539373293,0.44539517085192704,4.942494606267061,0.11469855557825448,0.6596023043152874
Sri_Aurobindo_Marg,2022,4,75.8,0.5985523484101364,2,92.47554135482642,0.39562831833777506,-16.67554135482642,0.20292403007236132,-3.0936959371241604
Sri_Aurobindo_Marg,2022,5,67.08,0.6007611248558834,2,67.53701492840685,0.3846159354989158,-0.4570149284068492,0.21614518935696758,0.2304336157202876
Sri_Aurobindo_Marg,2022,6,48.44,0.6235325135856086,2,49.153835760943146,0.35394245493029236,-0.713835760943148,0.2695900586553162,0.3197061401558969
Sri_Aurobindo_Marg,2022,7,29.5,0.6407282805864796,2,31.18130092959214,0.4710998752518333,-1.6813009295921404,0.1696284053346463,-0.08243471551639622
Sri_Aurobindo_Marg,2022,8,26.81,0.7131003725903511,2,29.325877106660943,0.5366368349082075,-2.5158771066609447,0.17646353768214362,-0.22452921928992936
Sri_Aurobindo_Marg,2022,9,32.59,0.6420002356573462,2,32.88613190393456,0.4709069410275964,-0.29613190393455824,0.17109329462974981,0.1556126666570935
Sri_Aurobindo_Marg,2022,10,86.38,0.6842052661181373,2,84.2030411132464,0.508405689793635,2.176958886753596,0.17579957632450227,0.600491647846853
Sri_Aurobindo_Marg,2022,11,160.46,0.5943438747151493,2,152.64041465792232,0.4444521570000867,7.819585342077687,0.14989171771506254,1.3304140732381882
Sri_Aurobindo_Marg,2023,1,170.38,0.4536450540146181,2,153.87247379904724,0.3858750122319504,16.507526200952753,0.06777004178266766,1.1510798921448473
Sri_Aurobindo_Marg,2023,2,98.38,0.5665286638558612,2,89.72390693764386,0.4264813534692567,8.656093062356135,0.1400473103866045,1.3504721701552622
Sri_Aurobindo_Marg,2023,3,58.96,0.6016285633235837,2,65.55404334674387,0.45106947841381634,-6.594043346743867,0.15055908490976738,-0.8330571871528525
Sri_Aurobindo_Marg,2023,5,49.56,0.6104692690728141,2,58.00894808748395,0.4396028389062193,-8.448948087483949,0.17086643016659475,-1.2379094248076252
Sri_Aurobindo_Marg,2023,6,34.6,0.6553879417542403,2,39.5693812210785,0.4407342966677071,-4.9693812210785,0.21465364508653323,-0.742008525695299
Sri_Aurobindo_Marg,2023,7,26.87,0.533940793944256,2,31.247940766062964,0.4636145381406442,-4.377940766062963,0.07032625580361179,-0.27303250247373334
Sri_Aurobindo_Marg,2023,8,36.67,0.7218609818995232,2,29.326600412403273,0.5286395414721133,7.343399587596728,0.19322144042740985,1.6819892244180332
Sri_Aurobindo_Marg,2023,10,80.08,0.6781900190370193,2,84.94211492877776,0.5166780287402801,-4.862114928777757,0.16151199029673913,-0.6014675318740029
Sri_Aurobindo_Marg,2023,11,213.43,0.494662564888083,2,222.01290780157817,0.3798283982552825,-8.582907801578159,0.11483416663280055,-0.8926864073118439
Sri_Aurobindo_Marg,2023,12,184.36,0.6199902641397277,2,162.32367357600666,0.45578033512092814,22.03632642399336,0.16420992901879955,3.8085984505347614
Sri_Aurobindo_Marg,2024,1,215.08,0.4246595972826366,2,170.96530028975297,0.3474703308737485,44.11469971024704,0.07718926640888807,3.4471671197689306
Sri_Aurobindo_Marg,2024,2,95.24,0.507618026357825,2,84.14549582248029,0.37982293648661963,11.09450417751971,0.12779508987120541,1.5329077174475974
Sri_Aurobindo_Marg,2024,3,65.32,0.5447895242848396,2,69.71151083983656,0.40201514977772623,-4.39151083983657,0.1427743745071134,-0.4833506296642595
Sri_Aurobindo_Marg,2024,4,51.98,0.5337483008038177,2,57.37440249625022,0.3368378763840109,-5.394402496250223,0.19691042441980683,-0.7889854962967713
Sri_Aurobindo_Marg,2024,5,68.44,0.5032614049398422,2,76.26025390016278,0.2919458644955015,-7.820253900162783,0.2113155404443407,-1.337873892044666
Sri_Aurobindo_Marg,2024,6,46.58,0.5213705858443259,2,47.268999077759425,0.27664696970880986,-0.6889990777594264,0.24472361613551608,0.2534128955596099
Sri_Aurobindo_Marg,2024,7,32.44,0.4981443800582248,2,35.87160634777154,0.3660454030681795,-3.4316063477715417,0.1320989769900453,-0.33034495602078934
Sri_Aurobindo_Marg,2024,8,20.26,0.6808059694300693,2,27.177575204691756,0.5384210364816812,-6.9175752046917545,0.14238493294838817,-0.8420964597140959
Sri_Aurobindo_Marg,2024,10,80.88,0.7036893223875909,2,87.48164504946413,0.522591804860044,-6.601645049464139,0.18109751752754688,-0.9644342019669392
Sri_Aurobindo_Marg,2024,11,167.2,0.4839923489535517,2,217.99724978886897,0.3516773346587747,-50.79724978886898,0.132315014294777,-6.597869566612859
Sri_Aurobindo_Marg,2024,12,142.29,0.5514089895730264,2,145.0934025858694,0.4296505333827186,-2.8034025858694065,0.12175845619030784,-0.23686907901637017
Sri_Aurobindo_Marg,2025,1,115.34,0.6334051022521597,2,134.9824241839632,0.4845270993422308,-19.642424183963186,0.14887800290992892,-2.768136119696577
Sri_Aurobindo_Marg,2025,2,82.02,0.2856344171560709,2,81.88100795959848,0.33296309808077884,0.13899204040151858,-0.04732868092470793,0.009206433372426244
Sri_Aurobindo_Marg,2025,4,63.75,0.5555705879915779,2,65.68104302273044,0.34428146685985067,-1.9310430227304352,0.2112891211317272,-0.09341977226728537
Sri_Aurobindo_Marg,2025,7,22.61,0.4842739123488478,2,30.305323650810283,0.3928104725066518,-7.695323650810284,0.09146343984219601,-0.644890775278405
Sri_Aurobindo_Marg,2025,8,20.02,0.5556928529535807,2,30.07055219983252,0.47468802622827705,-10.05055219983252,0.08100482672530368,-0.7679040175561594
Sri_Aurobindo_Marg,2025,9,26.29,0.7272573935868577,2,32.293533709566795,0.5381929516526485,-6.0035337095667956,0.18906444193420924,-0.8831661944836345
Sri_Aurobindo_Marg,2025,10,68.55,0.7121932169042722,2,88.87323523525782,0.5202780065464496,-20.323235235257826,0.19191521035782255,-3.6407960440727876
Sri_Aurobindo_Marg,2025,12,172.51,0.6618774786740146,2,167.3696647887876,0.47093438623879197,5.1403352112124026,0.19094309243522262,1.238430739991228
Vivek_Vihar,2022,1,179.2,0.2262681195452535,1,172.67045534163452,0.2480726771475255,6.529544658365467,-0.021804557602272012,-0.13902353582701765
Vivek_Vihar,2022,4,111.75,0.2445762386890956,1,101.73952376125638,0.2408175613733986,10.010476238743621,0.0037586773156969844,0.03772570397942177
Vivek_Vihar,2022,5,83.06,0.246664508900181,1,75.40091600607312,0.24170329420860692,7.659083993926885,0.004961214691574067,0.03817180622476824
Vivek_Vihar,2022,6,60.25,0.2264650933627311,1,66.67840842935286,0.23906082568933676,-6.4284084293528565,-0.012595732326605658,0.08208849581036047
Vivek_Vihar,2022,7,37.2,0.2691723893209463,1,38.22073055031266,0.23076475213207004,-1.0207305503126562,0.03840763718887624,-0.028808862772278926
Vivek_Vihar,2022,9,42.76,0.186542065760297,1,42.48871294068909,0.20497442922941553,0.27128705931090735,-0.01843236346911853,-0.002606314894576628
Vivek_Vihar,2022,10,124.19,0.2688883816679843,1,97.13157506606822,0.24837808089996935,27.058424933931775,0.02051030076801494,0.5579408062358394
Vivek_Vihar,2022,11,208.24,0.1864944366330533,1,188.93024978199077,0.20588797997901964,19.309750218009242,-0.019393543345966352,-0.3718341289329256
Vivek_Vihar,2022,12,203.19,0.2052417649860032,1,186.40225019970833,0.20388373971031515,16.787749800291664,0.0013580252756880407,0.02281118439290373
Vivek_Vihar,2023,1,200.67,0.1361117744797167,1,187.29885066627912,0.17330808633468692,13.371149333720865,-0.037196311854970215,-0.4876078026566073
Vivek_Vihar,2023,3,85.82,0.2444311406186281,1,71.22434729781703,0.2337122138090987,14.59565270218296,0.010718926809529405,0.1572593718909794
Vivek_Vihar,2023,4,75.22,0.2618949056832678,1,67.35820349496207,0.24766121416683648,7.86179650503793,0.014233691516431307,0.11333004302631468
Vivek_Vihar,2023,6,43.83,0.2634784188579159,1,47.700049648492566,0.25098478574900845,-3.870049648492568,0.012493633108907443,-0.047251047454593555
Vivek_Vihar,2023,7,23.02,0.2276714546752038,1,34.71624282591992,0.1792205751200025,-11.69624282591992,0.048450879555201304,-0.5501510986467827
Vivek_Vihar,2023,8,26.63,0.3193827663729084,1,45.856612614173024,0.2864217963754776,-19.226612614173025,0.03296096999743081,-0.6260720348302307
Vivek_Vihar,2023,9,29.05,0.2863240443713885,1,38.50016953308318,0.2554077650249112,-9.45016953308318,0.030916279346477282,-0.28542868464081295
Vivek_Vihar,2023,11,203.15,0.1627345248399842,1,224.70270181993888,0.1877619452830791,-21.552701819938875,-0.02502742044309489,0.543822413990403
Vivek_Vihar,2023,12,231.5,0.1958899139287942,1,203.07010845245497,0.2284885608187464,28.429891547545026,-0.032598646889952204,-0.9192876157629589
Vivek_Vihar,2024,1,247.67,0.0832753062842934,1,222.19712696357982,0.1279592429677414,25.472873036420168,-0.044683936683447986,-1.1241583275304239
Vivek_Vihar,2024,3,80.01,0.2640628695656874,1,78.00875338647448,0.2404908069736433,2.001246613525524,0.023572062592044113,0.05108898037196483
Vivek_Vihar,2024,4,70.13,0.2202682585912,1,69.46801618730403,0.22355037749185944,0.661983812695965,-0.0032821189006594365,-0.0020967998717736675
Vivek_Vihar,2024,5,83.49,0.2243771556739239,1,77.81380542750273,0.22159829845174217,5.676194572497266,0.002778857222181741,0.015827749602481157
Vivek_Vihar,2024,6,52.11,0.2095970991432019,1,68.39487741996206,0.2259286410515707,-16.284877419962058,-0.016331541908368802,0.26783666139654083
Vivek_Vihar,2024,7,39.43,0.1705329525678869,1,41.47285122222898,0.18006000624368731,-2.0428512222289825,-0.009527053675800423,0.020101949551441622
Vivek_Vihar,2024,8,26.01,0.2829040014108223,1,29.051283107330967,0.2135467490557143,-3.0412831073309654,0.06935725235510798,-0.17703716431165542
Vivek_Vihar,2024,10,140.25,0.3089557839801066,1,104.72217521488538,0.2834755594534983,35.52782478511462,0.02548022452660831,0.9098319959231695
Vivek_Vihar,2024,11,301.83,0.1753986100164627,1,239.1948048336509,0.19043078220022838,62.63519516634909,-0.01503217218376568,-0.939950711700198
Vivek_Vihar,2024,12,197.95,0.2138222013703419,1,180.32749718067925,0.21343958752473993,17.622502819320744,0.0003826138456019812,0.006743645169868648
Vivek_Vihar,2025,2,123.59,0.2230180820600306,1,104.93849842284207,0.22976300275919723,18.65150157715793,-0.006744920699166629,-0.12548231463386614
Vivek_Vihar,2025,3,75.82,0.2584479610624369,1,73.75383376288654,0.25275342834400016,2.0661662371134497,0.005694532718436729,0.011994361079672803
Vivek_Vihar,2025,4,72.14,0.2369057217152995,1,72.58347164642413,0.2410089253738803,-0.44347164642412906,-0.004103203658580801,0.001938295501312644
Vivek_Vihar,2025,5,66.02,0.240163381687071,1,73.73810175381162,0.24903434999515853,-7.718101753811624,-0.008870968308087535,0.06902157337491678
Vivek_Vihar,2025,6,45.5,0.2479989318936229,1,47.167233266288754,0.2385919548929172,-1.6672332662887541,0.009406977000705696,-0.015060049715900109
Vivek_Vihar,2025,7,28.88,0.1992205080654829,1,33.23370995214927,0.1841077773740341,-4.35370995214927,0.015112730691448778,-0.06418700668921148
Vivek_Vihar,2025,8,29.41,0.1864945995310045,1,32.54854099416632,0.19939383055255283,-3.1385409941663234,-0.01289923102154833,0.0416572748383377
Vivek_Vihar,2025,9,35.76,0.2783948974963127,1,42.5503634620214,0.27362601661792685,-6.7903634620214035,0.004768880878385839,-0.03222217575079042
Vivek_Vihar,2025,10,133.64,0.3105145785175864,1,109.69724608641606,0.2636197953902139,23.94275391358393,0.0468947831273725,1.1382869008759129
Vivek_Vihar,2025,11,269.57,0.2406251321408838,1,206.2469038762106,0.23432556502327226,63.323096123789384,0.0062995671176115375,0.399187741109115
Vivek_Vihar,2025,12,261.27,0.2319439686947208,1,222.57349227531287,0.23189059727719802,38.69650772468711,5.337141752279062e-05,0.0020653075431668346
Wazirpur,2022,1,184.76,0.1861551967833777,0,154.65399001904592,0.2732681901532112,30.10600998095407,-0.0871129933698335,-2.5691491795272268
Wazirpur,2022,3,111.68,0.1589885588542489,0,106.9213397532617,0.23635524347354836,4.758660246738302,-0.07736668461929946,-0.3259827260809791
Wazirpur,2022,4,131.55,0.1733550449968542,0,130.59500093156603,0.2404047394121456,0.9549990684339775,-0.0670496944152914,-0.03235260322023485
Wazirpur,2022,5,79.49,0.1739936251226722,0,85.82287366904409,0.24260805469729715,-6.3328736690440905,-0.06861442957462496,0.4677021793555935
Wazirpur,2022,6,64.34,0.1638402744756298,0,64.30762192695107,0.24211663776830664,0.03237807304893181,-0.07827636329267684,0.040642317540211935
Wazirpur,2022,7,46.59,0.1412830590519335,0,36.1785097893618,0.252610404796731,10.411490210638206,-0.11132734574479752,-1.07174774441047
Wazirpur,2022,8,41.57,0.1717991389048929,0,34.49263245683126,0.28061814150058195,7.077367543168741,-0.10881900259568905,-0.6867074833563895
Wazirpur,2022,11,210.27,0.1194437036176366,0,184.47652717368277,0.20392066966581604,25.79347282631724,-0.08447696604817943,-2.1286662153500955
Wazirpur,2022,12,200.25,0.1468555412138381,0,159.28887828300373,0.22096465834136664,40.961121716996274,-0.07410911712752855,-2.996890692402872
Wazirpur,2023,1,201.52,0.1039996289574152,0,167.39204224473815,0.1383980889171228,34.12795775526186,-0.0343984599597076,-1.1656110956123267
Wazirpur,2023,2,136.98,0.1689756628908503,0,128.0255791132205,0.23444220966433368,8.954420886779502,-0.06546654677348338,-0.556013578081562
Wazirpur,2023,3,90.12,0.1725179756233581,0,90.21237127870565,0.2434303266502328,-0.09237127870564166,-0.07091235102687468,0.041985268924097485
Wazirpur,2023,4,81.64,0.1800818270118541,0,79.17554177103172,0.2551421870020685,2.464458228968283,-0.07506035999021438,-0.14528133911679242
Wazirpur,2023,5,76.81,0.1895801094823811,0,72.8960907362255,0.2580142203150422,3.9139092637744994,-0.06843411083266107,-0.23484337755173076
Wazirpur,2023,6,51.41,0.1776227070524743,0,49.09759068752374,0.25870925708693193,2.3124093124762553,-0.08108655003445764,-0.14117272577537152
Wazirpur,2023,7,43.83,0.0287534364951645,0,34.46532154718465,0.21573655691572835,9.364678452815347,-0.18698312042056386,-1.5046635623630353
Wazirpur,2023,8,50.05,0.1898648055977269,0,36.37673745643552,0.2976089133262967,13.673262543564476,-0.1077441077285698,-1.3914092388804122
Wazirpur,2023,9,53.42,0.1923078393044821,0,44.87348136943165,0.30550500972300065,8.54651863056835,-0.11319717041851857,-0.8771475238717422
Wazirpur,2023,10,127.24,0.1903530239226991,0,118.69692860758487,0.28729982071325777,8.54307139241513,-0.09694679679055868,-0.761993269651592
Wazirpur,2023,12,242.49,0.1689082739091003,0,218.1075701025818,0.24006527909290318,24.382429897418206,-0.07115700518380288,-1.6993007563606415
Wazirpur,2024,1,249.13,0.0685809129002337,0,222.23269179273976,0.11698106001188056,26.897308207260238,-0.04840014711164686,-1.2853261444974782
Wazirpur,2024,2,126.73,0.1589358176851722,0,115.67376810569057,0.21813926439147135,11.056231894309434,-0.05920344670629915,-0.6298678460761407
Wazirpur,2024,3,84.76,0.190239534382239,0,90.99812407200986,0.244913639017543,-6.238124072009853,-0.054674104635304005,0.36212839318830087
Wazirpur,2024,4,75.86,0.1554118125450026,0,86.92729068746759,0.21628567969128448,-11.06729068746759,-0.060873867146281874,0.6998214064603154
Wazirpur,2024,5,97.41,0.1606907189220962,0,124.4223307889932,0.2290326964163556,-27.012330788993197,-0.06834197749425941,1.8789888250822606
Wazirpur,2024,6,59.47,0.1583876883469904,0,83.15957921857515,0.219769331496251,-23.689579218575147,-0.06138164314926059,1.4806553723564717
Wazirpur,2024,9,51.66,0.1222698572157527,0,44.30446697958319,0.2505185751420226,7.355533020416807,-0.12824871792626988,-0.8274346502635217
Wazirpur,2024,11,311.02,0.1113083480509658,0,255.97804714935603,0.19102649052800463,55.04195285064395,-0.07971814247703883,-4.343060283077814
Wazirpur,2024,12,220.52,0.1473939736711475,0,158.21492636767576,0.22620723008487495,62.30507363232425,-0.07881325641372744,-4.866694663641422
Wazirpur,2025,1,221.92,0.1913391314161635,0,153.56566231898015,0.2615329255711756,68.35433768101984,-0.07019379415501209,-4.7633297938117085
Wazirpur,2025,2,122.69,0.1259632260842879,0,114.34233038790519,0.20393184666550698,8.347669612094805,-0.07796862058121909,-0.6080183599403959
Wazirpur,2025,3,89.17,0.1882064755631351,0,81.60366906631943,0.25307396546081135,7.566330933680575,-0.06486748989767624,-0.46115765212009047
Wazirpur,2025,5,82.1,0.1823448864938975,0,74.94282666101329,0.246422392222478,7.157173338986709,-0.06407750572858051,-0.42968038581440565
Wazirpur,2025,6,62.48,0.1793727141514389,0,50.69071808947311,0.25675260618090934,11.789281910526888,-0.07737989202947043,-0.870059918749146
Wazirpur,2025,7,39.5,0.1217925168736756,0,31.866417890842456,0.19879186501333643,7.633582109157544,-0.07699934813966083,-0.546001386656682
Wazirpur,2025,8,47.2,0.1131598831166481,0,32.952193620412274,0.19437187068455988,14.247806379587729,-0.08121198756791179,-1.1106166469255079
Wazirpur,2025,10,141.0,0.1877279155032879,0,116.0018989083456,0.29812049914703553,24.998101091654405,-0.11039258364374763,-2.6737296161294646
Wazirpur,2025,11,283.76,0.171498609994325,0,224.81414063208746,0.23363981520611204,58.94585936791253,-0.06214120521178704,-3.6357555200524776
Wazirpur,2025,12,266.65,0.1636218937919424,0,236.8498113299694,0.25459047314634725,29.800188670030565,-0.09096857935440486,-2.652567000375743
