station,year,month,pm25,modis_ndvi_mean_1000m,fold,y_hat_oof,t_hat_oof,y_residual,t_residual,orthogonal_score
Alipur,2022,1,128.79,0.5899046063535913,2,158.53373999092193,0.47416685847659795,-29.743739990921938,0.11573774787699337,-3.2064734716543897
Alipur,2022,2,103.96,0.581785497237569,2,100.60309753737626,0.43645947079748526,3.3569024626237365,0.14532602644008374,0.8599359502202064
Alipur,2022,3,108.41,0.4543568335635359,2,102.70180677772981,0.4436480743460437,5.708193222270182,0.010708759217492203,0.06314808032867146
Alipur,2022,4,127.27,0.2864653038674034,2,133.39894553877718,0.36033300292588727,-6.128945538777188,-0.0738676990584839,0.5488637970840565
Alipur,2022,6,61.81,0.2878447028783658,2,69.96221807026201,0.44901577446265667,-8.152218070262009,-0.1611710715842909,1.7715545505134027
Alipur,2022,7,33.32,0.444004034678226,2,38.896402467280794,0.55188354676783,-5.5764024672807935,-0.107879512089604,0.8066201995595723
Alipur,2022,8,31.47,0.4998489970788706,2,36.69988101213468,0.5110650614116623,-5.229881012134683,-0.011216064332791709,0.0608750553758794
Alipur,2022,10,113.09,0.3902210056098068,2,106.34499349178428,0.4773632678201942,6.745006508215724,-0.0871422622103874,-0.4539863671995195
Alipur,2022,11,211.13,0.3052479523480663,2,171.95312559003372,0.43613714308170365,39.176874409966274,-0.13088919073363736,-4.825994435020938
Alipur,2022,12,182.23,0.3544476450276242,2,159.32615145528447,0.41847091810801684,22.903848544715515,-0.06402327308039263,-1.394162638231689
Alipur,2023,1,155.76,0.4651681698895027,2,162.1426705313857,0.4188463839090391,-6.382670531385713,0.0463217859804636,-0.25785315092002054
Alipur,2023,2,121.24,0.5551840953038675,2,102.58579175182763,0.4117745721487036,18.654208248172367,0.14340952315516386,3.0375325008028704
Alipur,2023,3,80.09,0.4279265607734807,2,88.63234527189456,0.4169990938636474,-8.542345271894561,0.010927466909833261,-0.09124241218186112
Alipur,2023,4,76.69,0.3389225483425415,2,83.10378600630116,0.4262777571639253,-6.413786006301166,-0.08735520882138381,0.6947210435524074
Alipur,2023,5,67.45,0.356759385359116,2,74.44258843770113,0.44956597987919494,-6.99258843770113,-0.09280659452007894,0.8007051532846442
Alipur,2023,7,32.34,0.5399810013717422,2,34.52820103978694,0.5252718201352681,-2.1882010397869394,0.014709181236474134,-0.02837476794390372
Alipur,2023,8,35.82,0.4855553660220995,2,39.06305117014013,0.4853161881546263,-3.2430511701401272,0.0002391778674731837,-0.0007746581943166419
Alipur,2023,9,35.55,0.4650285428176796,2,47.88688059429512,0.5046039654232539,-12.336880594295124,-0.03957542260557434,0.5158311631585988
Alipur,2023,10,94.49,0.363643252762431,2,112.20870395872483,0.4672329732172377,-17.71870395872483,-0.10358972045480674,2.024533688604961
Alipur,2023,11,228.48,0.3436921270718232,2,207.53477332110313,0.42910606614508967,20.94522667889686,-0.0854139390732665,-1.6604798884966763
Alipur,2023,12,198.96,0.3430707976519337,2,177.8700911092991,0.43013295203514956,21.08990889070091,-0.08706215438321585,-1.7025900098622475
Alipur,2024,1,167.47,0.4761852047176143,2,173.9026490815931,0.4055478944798243,-6.432649081593098,0.07063731023778996,-0.3664766499997575
Alipur,2024,3,70.84,0.4664494924033149,2,97.18898318496338,0.40895810173818553,-26.348983184963373,0.05749139066512937,-1.4566068967732886
Alipur,2024,4,65.78,0.2974199689226519,2,87.18532229015716,0.3633063317924127,-21.40532229015716,-0.0658863628697608,1.4867997390681156
Alipur,2024,6,53.35,0.2612823406646331,2,62.83502939078414,0.33425558623262097,-9.485029390784142,-0.0729732455679879,0.7859720525603394
Alipur,2024,7,38.88,0.355399173661539,2,43.71288470373451,0.5861129673326115,-4.832884703734507,-0.23071379367107253,2.052810694692513
Alipur,2024,8,22.48,0.6161135559921415,2,30.96188673759202,0.5980570081730506,-8.48188673759202,0.01805654781909083,-0.1474093689261578
Alipur,2024,9,41.13,0.4979701035911602,2,52.89548931364656,0.5450290653330546,-11.765489313646555,-0.047058961741894445,0.5926880621706573
Alipur,2024,10,127.49,0.3169082044198895,2,119.76668719042678,0.4055498145037826,7.7233128095732155,-0.0886416100838931,-0.5461746459993837
Alipur,2025,2,102.29,0.510026937154696,2,93.01853024370847,0.4389749756519173,9.271469756291538,0.07105196150277876,0.747699590115254
Alipur,2025,4,93.56,0.2781937638121547,2,83.35525676550523,0.3555400546348546,10.20474323449477,-0.07734629082269989,-0.6838989563368325
Alipur,2025,5,82.31,0.2912757044198895,2,71.77344979523122,0.4528156930188018,10.536550204768787,-0.16153998859891233,-1.242323859390742
Alipur,2025,6,53.72,0.2822359252891529,2,57.43005740154165,0.44193035769823397,-3.710057401541654,-0.15969443240908104,1.0417807825620122
Alipur,2025,8,28.67,0.5597605931251405,2,33.72602824185535,0.5761988243831696,-5.056028241855351,-0.016438231258029123,0.08787287596578451
Alipur,2025,9,37.63,0.4848987051104972,2,45.2230154137275,0.5264238181707324,-7.5930154137275,-0.04152511306023515,0.34568053262356285
Alipur,2025,10,102.63,0.3903522375690608,2,116.01513953195423,0.4573477775490548,-13.385139531954238,-0.06699553997999402,0.9758222993592426
Alipur,2025,11,230.41,0.2902265296961326,2,202.02797009552765,0.444993074334254,28.382029904472347,-0.1547665446381214,-3.970585116558246
Alipur,2025,12,199.32,0.3665150863259668,2,217.41241288388588,0.41077896164864913,-18.092412883885885,-0.04426387532268233,0.8353595168851616
Anand_Vihar,2022,1,230.33,0.3260166493704163,1,148.3896909679905,0.3191613961356914,81.94030903200951,0.006855253234724912,0.5625495278076538
Anand_Vihar,2022,2,152.63,0.2634197903694479,1,99.00430603548169,0.29488583329496165,53.625693964518305,-0.03146604292551375,-1.6699443822777018
Anand_Vihar,2022,3,112.11,0.2805306662515567,1,95.38713870777025,0.31463517466631713,16.72286129222975,-0.034104508414760426,-0.5498329068243254
Anand_Vihar,2022,5,87.93,0.2442962786019612,1,74.59693733307991,0.3117410713902157,13.3330626669201,-0.06744479278825447,-0.8191039003399756
Anand_Vihar,2022,6,80.25,0.3304612464702345,1,70.28977587582628,0.30838446390219265,9.96022412417372,0.022076782568041853,0.2284765453597088
Anand_Vihar,2022,7,41.75,0.3959764483627203,1,31.2153540371827,0.390792409998884,10.5346459628173,0.005184038363836296,0.05508548526493449
Anand_Vihar,2022,8,40.91,0.3611780984370715,1,31.396780501015122,0.4135630911143754,9.513219498984874,-0.0523849926773039,-0.45000224266693
Anand_Vihar,2022,9,52.76,0.3280708392013918,1,38.84266019514384,0.3854781731217705,13.917339804856155,-0.05740733392037872,-0.740894741286603
Anand_Vihar,2022,10,132.83,0.3090884737788847,1,89.51290641836603,0.35757660430821625,43.31709358163398,-0.04848813052933154,-2.0589427179905866
Anand_Vihar,2022,11,203.8,0.266602103224021,1,174.28552074857268,0.3047673071377416,29.514479251427332,-0.03816520391372058,-1.100763726835949
Anand_Vihar,2023,1,226.2,0.2087472360592224,1,167.67373680825597,0.23981496026218968,58.52626319174402,-0.031067724202967273,-1.801272638632184
Anand_Vihar,2023,2,137.86,0.2470084578663345,1,101.60899425432794,0.27762279980157617,36.251005745672074,-0.03061434193524168,-1.0932882237823947
Anand_Vihar,2023,3,99.13,0.2779735610619469,1,65.59568742968955,0.30745036309232454,33.53431257031045,-0.029476802030377613,-0.9731761434211957
Anand_Vihar,2023,4,91.27,0.2845188449701865,1,57.59138513132202,0.3235179854614142,33.678614868677975,-0.03899914049122771,-1.2866409053415735
Anand_Vihar,2023,5,82.1,0.3132034938425349,1,52.8941065722627,0.3475244309399732,29.205893427737294,-0.03432093709743833,-0.9816206621563202
Anand_Vihar,2023,6,55.56,0.2871761347765362,1,39.54552856541079,0.3163292557025607,16.01447143458921,-0.02915312092602451,-0.45189802078701496
Anand_Vihar,2023,7,37.66,0.3650653680043187,1,25.02097718760869,0.42136038758612476,12.639022812391307,-0.05629501958180605,-0.6556796290879379
Anand_Vihar,2023,9,53.5,0.3412141552511414,1,30.065755065522502,0.39054690395543257,23.434244934477498,-0.04933274870429116,-1.1131979067902529
Anand_Vihar,2023,10,132.38,0.3440850214473501,1,92.54824886198293,0.37104719364240674,39.83175113801707,-0.026962172195056644,-1.0611428161017402
Anand_Vihar,2023,11,280.67,0.3149801678611844,1,204.4495351251853,0.3191258060322099,76.22046487481472,-0.004145638171025534,-0.31567967635006144
Anand_Vihar,2023,12,240.59,0.2650279380111924,1,177.7873892861063,0.27782890248022357,62.8026107138937,-0.012800964469031173,-0.8010469845603319
Anand_Vihar,2024,1,252.19,0.1874190202231521,1,200.5825335219222,0.2428691195832668,51.60746647807781,-0.05545009936011469,-2.8074681728160296
Anand_Vihar,2024,2,121.33,0.2505311124948112,1,98.85315516631461,0.26824699803814683,22.47684483368539,-0.01771588554333564,-0.39266768711085803
Anand_Vihar,2024,4,87.61,0.2417704425333691,1,78.32641817721365,0.2799690356792051,9.283581822786346,-0.03819859314583601,-0.3289124511109093
Anand_Vihar,2024,6,74.91,0.2046754132663736,1,77.52082845084553,0.2856490719369615,-2.6108284508455313,-0.0809736586705879,0.3269262860528462
Anand_Vihar,2024,7,52.13,0.5307794855826484,1,37.89514401272208,0.40907477626225086,14.234855987277925,0.12170470932039756,1.9934106848028286
Anand_Vihar,2024,8,44.31,0.4160601518026565,1,28.127746000325057,0.4484075772878858,16.182253999674945,-0.032347425485229286,-0.505019329123153
Anand_Vihar,2024,9,88.87,0.3678808046215578,1,35.142899046961816,0.41400908260738345,53.72710095303819,-0.04612827798582564,-2.4408502875672298
Anand_Vihar,2024,10,151.28,0.2299499548192771,1,100.90572258446882,0.29633330089869103,50.37427741553118,-0.06638334607941393,-3.266374035816302
Anand_Vihar,2024,11,313.15,0.2096253514840437,1,225.02177992977602,0.25012730360439944,88.12822007022396,-0.04050195212035573,-3.540463882811092
Anand_Vihar,2025,3,81.45,0.2563342249032551,1,80.08357665973975,0.2981411698818339,1.3664233402602548,-0.04180694497857884,-0.026332501302428327
Anand_Vihar,2025,4,84.09,0.2032261934726068,1,79.84626449350867,0.286044630805353,4.243735506491333,-0.08281843733274619,-0.2306180654303726
Anand_Vihar,2025,6,50.97,0.2621635294117647,1,50.295977614204816,0.33182013906186075,0.6740223857951833,-0.06965660965009607,0.038534238741826425
Anand_Vihar,2025,7,38.32,0.3182169132602385,1,33.465773197564324,0.4223342298048937,4.854226802435676,-0.10411731654465523,-0.3144202701100702
Anand_Vihar,2025,8,51.59,0.550153931691819,1,31.013207216043515,0.4461847067174269,20.57679278395649,0.10396922497439215,2.329799076098201
Anand_Vihar,2025,9,59.58,0.3393932060329319,1,40.30952634423392,0.39672446221491964,19.270473655766075,-0.057331256181987755,-1.0468916200761271
Anand_Vihar,2025,11,257.78,0.276856697108067,1,189.8895553137056,0.28911311248416244,67.89044468629436,-0.012256415376095453,-0.8294468865009177
Anand_Vihar,2025,12,276.49,0.2138657810986577,1,203.17695742350887,0.23203694094181077,73.31304257649114,-0.018171159843153067,-1.3263656375532527
Ashok_Vihar,2022,1,177.62,0.3308277750881804,0,173.07689231419752,0.2459943081573687,4.543107685802482,0.0848334669308117,0.5122009020196897
Ashok_Vihar,2022,2,122.17,0.2841873573552805,0,108.412462835804,0.22090138284496055,13.757537164195995,0.06328597451031995,0.941222125363725
Ashok_Vihar,2022,3,98.11,0.3005891175046684,0,99.69486411334779,0.24187114349890415,-1.5848641133477912,0.05871797400576423,-0.03231591167104672
Ashok_Vihar,2022,4,106.28,0.2856826336537797,0,126.7914768412747,0.21098416486298305,-20.5114768412747,0.07469846879079667,-1.4338687044873537
Ashok_Vihar,2022,5,62.72,0.2878188060221043,0,83.7828670585957,0.2238443837907976,-21.0628670585957,0.0639744222313067,-1.2753782019906799
Ashok_Vihar,2022,6,52.43,0.2971378343399482,0,68.85660296317164,0.23467908652896652,-16.42660296317164,0.06245874781098171,-0.9572547090538159
Ashok_Vihar,2022,8,32.52,0.4590280365166536,0,33.09328923233004,0.3283682638666081,-0.5732892323300334,0.13065977265004547,0.22587194660773566
Ashok_Vihar,2022,9,41.09,0.41845294280379,0,36.82770386992701,0.30483235474283976,4.262296130072997,0.11362058806095021,0.7117294017427258
Ashok_Vihar,2022,10,116.71,0.3224992738087006,0,105.99801667347236,0.29110249479660955,10.71198332652763,0.031396779012091036,0.3536890672828072
Ashok_Vihar,2022,11,201.82,0.2911835984507919,0,176.0125613256134,0.2333164242004871,25.80743867438659,0.0578671742503048,1.552400087037173
Ashok_Vihar,2022,12,185.65,0.261492087972889,0,172.8514247833647,0.20636898278070823,12.7985752166353,0.05512310519218075,0.7590311608551381
Ashok_Vihar,2023,2,112.78,0.250524157963898,0,109.06797577421676,0.21599297661902445,3.7120242257832388,0.03453118134487354,0.14918858786701877
Ashok_Vihar,2023,3,68.72,0.3007931841759458,0,74.116901870988,0.2369095556263116,-5.396901870988003,0.0638836285496342,-0.2728716504828658
Ashok_Vihar,2023,5,55.03,0.3639035790856907,0,64.12640299755516,0.28287118219920204,-9.09640299755516,0.08103239688648867,-0.6214177296938634
Ashok_Vihar,2023,6,30.12,0.30096852418861,0,43.11116759034109,0.2545617653373496,-12.991167590341089,0.04640675885126039,-0.5649356129729178
Ashok_Vihar,2023,7,25.47,0.4269923376029277,0,28.540821539223025,0.3477507650930219,-3.070821539223026,0.07924157250990582,-0.13270794476774522
Ashok_Vihar,2023,8,25.52,0.3847246213431082,0,38.37078225882717,0.30293705375012836,-12.85078225882717,0.08178756759297984,-0.9331823335528651
Ashok_Vihar,2023,9,34.96,0.3509140016598659,0,37.62123467212699,0.2955854402582111,-2.6612346721269873,0.05532856140165482,-0.09330852321496573
Ashok_Vihar,2023,10,89.46,0.3841587039214328,0,108.61005265700125,0.29076139690055686,-19.150052657001254,0.09339730702087595,-1.634878633875376
Ashok_Vihar,2023,11,236.55,0.3325650459921158,0,247.6480019971216,0.24985630141409557,-11.0980019971216,0.08270874457802022,-0.7973802311438493
Ashok_Vihar,2023,12,215.02,0.2678000069161076,0,213.3671566261008,0.2185651296179916,1.652843373899202,0.049234877298116014,0.12408538824398577
Ashok_Vihar,2024,1,184.78,0.2144527699010996,0,226.62941339551816,0.18907609282721802,-41.849413395518155,0.02537667707388158,-1.0506533449157174
Ashok_Vihar,2024,2,103.67,0.2797074175254167,0,102.68504623194916,0.2062563810072161,0.9849537680508433,0.07345103651820062,0.16739712274837934
Ashok_Vihar,2024,4,62.14,0.2885038591880491,0,90.51557792104131,0.21292338563691743,-28.375577921041312,0.07558047355113168,-2.0439971710446296
Ashok_Vihar,2024,6,55.19,0.2813133957845433,0,92.13766668504577,0.20705143237806659,-36.947666685045775,0.0742619634064767,-2.646644635396359
Ashok_Vihar,2024,7,42.25,0.614903794642857,0,33.09742695489336,0.32026263580750997,9.152573045106642,0.2946411588353471,4.226222299701537
Ashok_Vihar,2024,10,120.75,0.3006932291306453,0,110.81995204460682,0.222682496874895,9.930047955393178,0.07801073225575028,0.8818690458013083
Ashok_Vihar,2024,12,199.52,0.2732267376720382,0,173.67729061455057,0.18999587424994982,25.84270938544944,0.08323086342208838,2.272959042490811
Ashok_Vihar,2025,1,194.46,0.3006842001521543,0,175.58779867982793,0.2290787547070434,18.87220132017208,0.07160544544511091,1.4416869694736238
Ashok_Vihar,2025,2,114.75,0.2674361712428246,0,100.97964227827062,0.21776268643542493,13.770357721729383,0.049673484807399665,0.7274938152508785
Ashok_Vihar,2025,3,80.96,0.2893174631717269,0,79.55722759358045,0.23603130076111617,1.402772406419544,0.05328616241061074,0.12477379077649696
Ashok_Vihar,2025,5,72.88,0.3362288228784838,0,75.02895480946685,0.2545463497489308,-2.148954809466858,0.08168247312955301,-0.05798273180131327
Ashok_Vihar,2025,6,53.18,0.3261096216216216,0,46.0684919501435,0.24273309625116365,7.111508049856496,0.08337652537045795,0.7154084237011772
Ashok_Vihar,2025,7,34.78,0.427619148370214,0,26.27365486910124,0.3330943520241119,8.506345130898762,0.09452479634610206,0.9614782055560844
Ashok_Vihar,2025,9,37.92,0.3804511480738641,0,38.711331466230824,0.29484536642917103,-0.7913314662308224,0.08560578164469307,0.061369911903289574
Ashok_Vihar,2025,10,129.19,0.358309765543952,0,107.90290471837608,0.2606504666810892,21.28709528162392,0.09765929886286279,2.2469137055378106
Ashok_Vihar,2025,11,254.86,0.3073008541392904,0,221.32487488403027,0.2075909871102543,33.53512511596975,0.09970986702903611,3.5189441976784956
Ashok_Vihar,2025,12,250.23,0.2585307178919704,0,239.437712228546,0.18967270676483025,10.792287771454,0.06885801112714016,0.8266709399983986
Aya_Nagar,2022,1,101.08,0.4995098427651174,4,127.23353622999791,0.545153828753807,-26.15353622999791,-0.04564398598868963,1.2304569676558514
Aya_Nagar,2022,2,65.89,0.4225917538269725,4,87.92663306724783,0.5201345166077472,-22.036633067247834,-0.09754276278077473,2.3171441965935915
Aya_Nagar,2022,3,67.11,0.507206008866108,4,71.32433471092993,0.47982992287461546,-4.214334710929933,0.02737608599149255,-0.10216801495460244
Aya_Nagar,2022,5,62.67,0.3899649892636973,4,68.32655783077948,0.4006391963726719,-5.656557830779477,-0.010674207108974598,0.0623866665469334
Aya_Nagar,2022,7,34.06,0.5702923087002096,4,29.814391015703954,0.6380542103883904,4.245608984296048,-0.06776190168818075,-0.20679340473079988
Aya_Nagar,2022,8,27.13,0.6091463427304841,4,28.806252702988886,0.6343329083315818,-1.6762527029888865,-0.025186565601097777,0.05339539541976469
Aya_Nagar,2022,9,32.75,0.613040202258087,4,33.23626598047936,0.6050334843997222,-0.4862659804793594,0.00800671785836482,-0.002763934096260411
Aya_Nagar,2022,10,77.92,0.5689730553439077,4,87.46328904335617,0.6362943114685109,-9.543289043356168,-0.06732125612460316,0.7223146366836776
Aya_Nagar,2022,11,145.71,0.5792374350626862,4,159.70227418800118,0.5734061409849929,-13.992274188001176,0.005831294077693339,-0.08099397590788372
Aya_Nagar,2022,12,121.41,0.4981540347717671,4,150.79878580496646,0.5174599424944163,-29.38878580496646,-0.019305907722649174,0.5739438148577071
Aya_Nagar,2023,1,134.01,0.3952206448708181,4,141.39145982283983,0.5053778606911733,-7.381459822839844,-0.1101572158203552,1.0269112981195632
Aya_Nagar,2023,2,68.95,0.427487597838886,4,94.34004358412882,0.5250321108782139,-25.39004358412882,-0.09754451303932787,2.6442955780854405
Aya_Nagar,2023,3,61.87,0.4927297638013438,4,63.231524592666624,0.5017868953102816,-1.3615245926666262,-0.009057131508937832,0.013776758397290187
Aya_Nagar,2023,4,53.12,0.4626134342314885,4,57.20478577083791,0.44783188080160086,-4.084785770837911,0.014781553429887628,-0.05652999866653452
Aya_Nagar,2023,6,35.79,0.5107796702916119,4,36.042156761431755,0.48836617819121403,-0.25215676143175614,0.022413492100397836,0.0031990556351230034
Aya_Nagar,2023,7,34.07,0.6392677529957749,4,29.09002229180028,0.6537483183341128,4.979977708199719,-0.01448056533833797,-0.06841858545002828
Aya_Nagar,2023,9,43.47,0.5940377779317032,4,33.64996782338182,0.6039259141617381,9.820032176618177,-0.009888136230034927,-0.09537919054778932
Aya_Nagar,2023,11,193.91,0.5122018979012262,4,225.7603802848437,0.555225701108083,-31.85038028484371,-0.04302380320685684,1.4029366531572423
Aya_Nagar,2023,12,136.87,0.4541730207106741,4,177.41213823300774,0.5160325008498508,-40.542138233007734,-0.06185948013917664,2.5753333822942084
Aya_Nagar,2024,1,149.47,0.3535156646117613,4,178.13766191669927,0.5257273619381664,-28.667661916699274,-0.17221169732640507,5.459407876140264
Aya_Nagar,2024,2,82.28,0.3498285897347094,4,86.81387978244626,0.5061067418013995,-4.533879782446263,-0.15627815206669005,1.1388336246063395
Aya_Nagar,2024,3,79.15,0.3412302729098844,4,65.25441764980935,0.44963660759218155,13.89558235019065,-0.10840633468229716,-1.299321033759794
Aya_Nagar,2024,4,72.71,0.3270384290365034,4,56.20770474699454,0.3570367181109258,16.502295253005457,-0.029998289074422424,-0.4791860363175505
Aya_Nagar,2024,6,47.48,0.3778008381242644,4,48.291275040167015,0.3687933866563569,-0.8112750401670183,0.00900745146790749,-0.0058780808980680235
Aya_Nagar,2024,9,33.95,0.6467468310590843,4,35.16304840513208,0.5910410831481244,-1.2130484051320778,0.055705747910959835,-0.012902143632684923
Aya_Nagar,2024,10,97.79,0.5390129424395649,4,87.94425825943024,0.5586882797347141,9.845741740569764,-0.019675337295149253,-0.1868979447808103
Aya_Nagar,2024,11,222.58,0.475476668665924,4,211.8255795869731,0.5143933344560901,10.754420413026907,-0.03891666579016617,-0.3918432736328893
Aya_Nagar,2024,12,130.38,0.4708247038858488,4,141.76479021439593,0.4985204887507942,-11.384790214395935,-0.027695784864945394,0.32882486864696514
Aya_Nagar,2025,1,110.32,0.4573116575465817,4,127.61127792879705,0.5229701627692646,-17.291277928797058,-0.06565850522268285,1.2112722897984594
Aya_Nagar,2025,2,75.08,0.4475056140472397,4,84.90809329609517,0.5145898261854503,-9.828093296095176,-0.06708421213821064,0.7385970097680983
Aya_Nagar,2025,3,56.26,0.4479400637251506,4,62.270905846427965,0.4671632348989197,-6.010905846427967,-0.019223171173769094,0.12205913731982906
Aya_Nagar,2025,4,70.94,0.3671768061231558,4,63.08206659960031,0.38452503582329683,7.857933400399688,-0.01734822970014105,-0.13101883598284222
Aya_Nagar,2025,5,70.17,0.5025116194500244,4,55.54498849085658,0.47740660260740314,14.62501150914342,0.025105016842621286,0.3782652508956
Aya_Nagar,2025,6,46.21,0.4397067396273463,4,35.68721377003923,0.483214570991905,10.522786229960772,-0.04350783136455871,-0.42447353208939775
Aya_Nagar,2025,8,28.15,0.6493337765957446,4,25.943540617686466,0.6677254161171583,2.2064593823135326,-0.01839163952141365,-0.034621001194827805
Aya_Nagar,2025,9,28.36,0.6941188023827667,4,31.047431453001394,0.6247232182449735,-2.6874314530013947,0.06939558413779323,-0.1016509963614604
Aya_Nagar,2025,10,90.77,0.5888357969107155,4,88.07909573325212,0.5639285856554015,2.6909042667478786,0.024907211255314032,0.07795271996836965
Aya_Nagar,2025,11,171.86,0.5606257532728406,4,171.3683378426333,0.564211202602131,0.4916621573667044,-0.003585449329290391,-0.0015363396946697742
Bawana,2022,2,123.21,0.3593851219680741,3,112.4296904198074,0.3279050033014254,10.780309580192593,0.03148011866664868,0.3568250407530242
Bawana,2022,3,127.44,0.3126934455117129,3,110.0490178450313,0.3230332277608477,17.390982154968697,-0.010339782249134788,-0.17793538563587982
Bawana,2022,4,151.96,0.2501143528436182,3,135.61267818573356,0.276616006498002,16.34732181426645,-0.026501653654383783,-0.42085712357944566
Bawana,2022,5,88.41,0.2659100649575013,3,90.16253008947685,0.2867618528550162,-1.7525300894768492,-0.020851787897514906,0.044203734796999836
Bawana,2022,6,72.6,0.2858535830281251,3,68.86300910318161,0.31377510327370867,3.7369908968183836,-0.027921520245583586,-0.09060710576499574
Bawana,2022,7,43.53,0.5220218623639192,3,41.507249192476955,0.40708646312475444,2.022750807523046,0.11493539923916479,0.46522489525990707
Bawana,2022,8,38.08,0.3548650611567963,3,35.37770927671159,0.4435927524739708,2.7022907232884066,-0.0887276913171745,-0.10106678261613393
Bawana,2022,9,46.77,0.3939682883007393,3,38.886409264061456,0.4222382254251536,7.883590735938547,-0.02826993712441428,-0.20878832282236123
Bawana,2022,10,122.23,0.3334328035381107,3,110.97174246202218,0.4350172301837033,11.258257537977826,-0.10158442664559258,-0.9618542798437294
Bawana,2022,11,218.53,0.3069744350770508,3,174.93177535270934,0.332219448708343,43.598224647290664,-0.025245013631292224,-1.0894094968452883
Bawana,2022,12,190.43,0.3133034551862347,3,141.8706774492413,0.3026303153801568,48.55932255075871,0.010673139806077925,0.5202874337950159
Bawana,2023,4,93.55,0.2899924435077051,3,70.6799455577472,0.3196559043204205,22.870054442252794,-0.029663460812715425,-0.6629023259210697
Bawana,2023,6,52.15,0.3066764736369291,3,50.62452578599341,0.33898228839307354,1.5254742140065858,-0.03230581475614441,-0.03089415879316047
Bawana,2023,7,38.23,0.3592584086799276,3,35.27197268210687,0.4329178104759012,2.9580273178931265,-0.07365940179597363,-0.12229522910879512
Bawana,2023,8,41.87,0.401167545435699,3,40.8508281850673,0.4420401124784771,1.0191718149326974,-0.040872567042778085,-0.012223760442714338
Bawana,2023,10,149.33,0.3323783774445443,3,111.14535762054962,0.39951807109367715,38.184642379450395,-0.06713969364913286,-2.4842868753818745
Bawana,2023,11,307.15,0.2880110047681571,3,225.4832018062881,0.3525405565137423,81.66679819371188,-0.06452955174558517,-5.19655851202285
Bawana,2023,12,226.35,0.3125193524980997,3,184.26881622995393,0.31325908607023184,42.08118377004607,-0.0007397335721321396,-0.031119223599781337
Bawana,2024,2,123.78,0.3516900490636444,3,105.03772511382938,0.31079760352982133,18.74227488617062,0.040892445533823096,0.7958784988890125
Bawana,2024,3,103.35,0.3150664777831526,3,81.38138896587958,0.3044408903460152,21.968611034120414,0.01062558743713743,0.23541854892033523
Bawana,2024,4,93.35,0.2479956222790408,3,75.79194784793471,0.28047495686874735,17.558052152065287,-0.03247933458970656,-0.5516882666733217
Bawana,2024,5,109.17,0.2323247184023219,3,116.17019858408467,0.2352875974133011,-7.000198584084671,-0.0029628790109791914,0.020895405657182183
Bawana,2024,6,67.34,0.2555679669684196,3,61.709988439640526,0.25039544516110807,5.630011560359478,0.0051725218073115364,0.02959273265718503
Bawana,2024,7,42.37,0.5016160109289619,3,40.56801099488693,0.42443890883425067,1.8019890051130645,0.07717710209471124,0.2440117671559646
Bawana,2024,8,33.28,0.5165930494263017,3,26.59576212982922,0.5554099585527854,6.684237870170779,-0.03881690912648372,-0.23291516208469176
Bawana,2024,9,52.26,0.3913174175938085,3,35.19424477303643,0.45656747821899,17.065755226963567,-0.06525006062518152,-1.0385307622108433
Bawana,2024,10,141.36,0.2852090111256997,3,112.26579862967547,0.33583603893986075,29.09420137032454,-0.05062702781416106,-1.4277957605117284
Bawana,2024,11,306.53,0.2582911216805391,3,255.37934847773093,0.291303657206183,51.150651522269044,-0.03301253552564393,-1.6694118827198672
Bawana,2024,12,218.27,0.2714065924953355,3,136.02308475972134,0.30739663751691015,82.24691524027867,-0.03599004502157466,-2.937249598936864
Bawana,2025,1,199.48,0.3498421981894826,3,136.917796900481,0.3297347901160009,62.562203099518996,0.020107408073481714,1.2650869314484097
Bawana,2025,2,123.94,0.3496894444060535,3,105.4081513280494,0.3296112056522327,18.5318486719506,0.02007823875382081,0.3791894140728479
Bawana,2025,4,107.47,0.2241084168336673,3,86.95992737399489,0.2765399433187285,20.510072626005112,-0.05243152648506119,-1.026940791913677
Bawana,2025,5,79.29,0.2830734538041601,3,78.68091263236427,0.3538912353636804,0.6090873676357376,-0.07081778155952029,0.045223930877227134
Bawana,2025,6,58.55,0.2795421340189619,3,51.956251521220736,0.33099806689277844,6.593748478779261,-0.05145593287381656,-0.2926394954619327
Bawana,2025,7,32.88,0.4258540993669457,3,29.624471851143618,0.4080215370861232,3.255528148856385,0.017832562280822473,0.06365700648292977
Bawana,2025,8,38.36,0.4201010593941457,3,29.346165808796354,0.5132136235272489,9.013834191203646,-0.09311256413310315,-0.6865521576171703
Bawana,2025,9,48.78,0.3714167023702578,3,34.89609126976759,0.43380734892153483,13.883908730232413,-0.06239064655127702,-0.7976454966735442
Bawana,2025,10,145.37,0.3371753852532653,3,111.30083778359962,0.3929110733182005,34.069162216400386,-0.05573568806493523,-1.8441377884179475
Burari_Crossing,2022,1,112.3,0.3588267244954382,2,150.57803547033032,0.33020899362971073,-38.27803547033032,0.028617730865727442,-1.0810016460496967
Burari_Crossing,2022,2,94.28,0.3640043198783524,2,90.36625116716809,0.31725062367351314,3.9137488328319137,0.04675369620483927,0.22149402815576844
Burari_Crossing,2022,3,92.81,0.3604506255183854,2,87.34054702336961,0.33316267987340986,5.469452976630393,0.027287945644975553,0.1623692235718215
Burari_Crossing,2022,4,119.63,0.3195712365219795,2,113.44301270763808,0.29389471466807554,6.18698729236192,0.025676521853903955,0.17047571926751412
Burari_Crossing,2022,5,71.2,0.3010891508030933,2,79.62028771091937,0.3123927589330922,-8.420287710919368,-0.011303608129998921,0.0974307396862257
Burari_Crossing,2022,6,89.29,0.3128901112656468,2,62.831908658500126,0.3397637602346335,26.45809134149988,-0.026873648968986696,-0.6983017056896004
Burari_Crossing,2022,9,66.77,0.4297944118499204,2,38.80626882620196,0.3924249800083527,27.96373117379804,0.03736943184156771,1.069592136297721
Burari_Crossing,2022,10,204.46,0.3839263270666299,2,86.7355060716949,0.42254097865575785,117.72449392830511,-0.03861465158912797,-4.51961994560608
Burari_Crossing,2022,11,190.67,0.3519954174730438,2,159.67895216960542,0.3230322458751361,30.991047830394564,0.028963171597907678,0.9123783476657321
Burari_Crossing,2022,12,184.22,0.3167857824163673,2,147.63101951201156,0.30515682883664114,36.58898048798844,0.011628953579726153,0.42787411228533373
Burari_Crossing,2023,1,158.45,0.2838513823610727,2,157.84328002250592,0.2870372856419672,0.6067199774940661,-0.0031859032808944643,-0.0017541266179980036
Burari_Crossing,2023,2,108.88,0.3395388858169755,2,97.12649288486509,0.3062923099523558,11.753507115134909,0.03324657586461971,0.41023789486586765
Burari_Crossing,2023,3,68.33,0.3822977260160354,2,78.52263046803537,0.3054331192094262,-10.192630468035375,0.07686460680660923,-0.6793611490751366
Burari_Crossing,2023,4,71.08,0.3683793855405032,2,72.93715230243153,0.33578912193636495,-1.8571523024315297,0.03259026360413825,-0.041812329004675575
Burari_Crossing,2023,5,52.23,0.4259523327343104,2,71.4067588741171,0.34194014943854467,-19.176758874117105,0.08401218329576571,-1.4867311763443123
Burari_Crossing,2023,6,37.72,0.3563718301712172,2,47.79541346178924,0.3188794007785665,-10.075413461789239,0.037492429392650684,-0.35298611218242876
Burari_Crossing,2023,8,44.1,0.421489964058612,2,35.44872976970776,0.4033751503950317,8.65127023029224,0.01811481366358031,0.1624975040830549
Burari_Crossing,2023,9,39.19,0.4427709946087919,2,39.85447974144535,0.4050593221086035,-0.6644797414453549,0.037711672500188365,-2.5379237690470777e-06
Burari_Crossing,2023,11,226.82,0.3731167576721039,2,191.5215642314442,0.33216692907876844,35.298435768555805,0.04094982859333546,1.4750086797544015
Burari_Crossing,2023,12,206.2,0.3266636957423278,2,158.5342284829147,0.3152832165210835,47.66577151708529,0.0113804792212443,0.5447411511511125
Burari_Crossing,2024,2,90.71,0.3458368260989771,2,87.11620289148293,0.30527347869008925,3.593797108517066,0.04056334740888784,0.1747651939066573
Burari_Crossing,2024,3,74.58,0.3616264929499586,2,76.47765020233764,0.29848990798584557,-1.897650202337644,0.06313658496411301,-0.04958091549810724
Burari_Crossing,2024,4,81.91,0.3262956490185237,2,73.1925682915675,0.3046800933427983,8.7174317084325,0.02161555567572543,0.196663929734075
Burari_Crossing,2024,5,92.7,0.3080170963505667,2,79.77977457055964,0.2805490078230824,12.920225429440364,0.02746808852748428,0.3681867684361782
Burari_Crossing,2024,9,47.56,0.5053242742604369,2,43.562975971090935,0.4445590116725382,3.997024028909067,0.060765262587898716,0.3079340224195573
Burari_Crossing,2024,10,136.66,0.3678729402820015,2,93.38646483755751,0.3302830730529785,43.273535162442485,0.03758986722902302,1.651540949272751
Burari_Crossing,2024,11,249.52,0.316972003827446,2,226.84189269602365,0.28184257265272106,22.67810730397636,0.035129431174724945,0.8184112453894401
Burari_Crossing,2024,12,189.29,0.320627878766934,2,148.08282612807662,0.30915573259448287,41.207173871923374,0.011472146172451125,0.4750534580276986
Burari_Crossing,2025,1,151.23,0.3521098907934752,2,135.89785790515364,0.32106815999134153,15.332142094846347,0.031041730802133682,0.49291294888381826
Burari_Crossing,2025,2,80.19,0.3570501002211779,2,79.88605532245838,0.32003492677199236,0.30394467754162235,0.037015173449185534,0.035389690944030855
Burari_Crossing,2025,3,68.4,0.3998399087641694,2,65.80587721294816,0.32397324410130907,2.5941227870518446,0.07586666466286035,0.2982135124037893
Burari_Crossing,2025,4,66.52,0.332070058059165,2,71.06645217687277,0.3049870079036248,-4.546452176872776,0.02708305015554019,-0.11020897779006378
Burari_Crossing,2025,5,64.35,0.3765418267901576,2,64.2688498422163,0.35342189971248306,0.08115015778369639,0.023119927077674518,0.011293669571907665
Burari_Crossing,2025,6,44.07,0.3558000992720054,2,50.2015826686793,0.32586033454826985,-6.1315826686793,0.02993976472373555,-0.16778535722231114
Burari_Crossing,2025,8,32.01,0.6458307692307692,2,31.083566992089175,0.4741306558211979,0.9264330079108234,0.1717001134095713,0.6784700668309339
Burari_Crossing,2025,9,29.48,0.4137993813934199,2,33.97132818530142,0.4119439218782616,-4.491328185301416,0.0018554595151582531,-0.008272822851424716
Burari_Crossing,2025,10,120.25,0.3864709869646182,2,91.89028390431544,0.4034363694153596,28.35971609568456,-0.016965382450741417,-0.4760624804089507
Burari_Crossing,2025,11,246.14,0.3500653718551283,2,180.8943881432248,0.3344159412621134,65.24561185677518,0.015649430593014935,1.0253714581003686
Chandni_Chowk,2022,1,93.19,0.2178950542989555,4,171.03487576328706,0.284555701348582,-77.84487576328706,-0.06666064704962649,5.267478836154673
Chandni_Chowk,2022,2,87.4,0.1776961022342118,4,117.55576138046614,0.2533962118588338,-30.15576138046613,-0.07570010962462201,2.3837557531624434
Chandni_Chowk,2022,4,113.25,0.1534422854387656,4,104.80643201558341,0.2646649304340411,8.443567984416589,-0.11122264499527551,-0.7211702159482641
Chandni_Chowk,2022,6,91.81,0.2087665642601126,4,65.24413669915155,0.30980046143051887,26.56586330084845,-0.10103389717040626,-2.5042086094266467
Chandni_Chowk,2022,8,39.74,0.3064497559487492,4,35.75040533088405,0.36946929837217174,3.9895946691159523,-0.06301954242342256,-0.18145233691226514
Chandni_Chowk,2022,12,119.11,0.2006740402573147,4,183.44165689513918,0.2342584984334287,-64.33165689513918,-0.033584458176113996,2.180415706675889
Chandni_Chowk,2023,1,109.43,0.1481838188824662,4,189.32456447400298,0.20529839021684748,-79.89456447400298,-0.057114571334381276,4.620615735234213
Chandni_Chowk,2023,2,75.04,0.1912780793245352,4,117.99437647448133,0.24294178541394484,-42.95437647448132,-0.05166370608940965,2.2662077441785944
Chandni_Chowk,2023,3,50.86,0.2265867384144906,4,77.79052948053581,0.26425329117000756,-26.93052948053581,-0.037666552755516974,1.039376393508649
Chandni_Chowk,2023,4,26.19,0.2793589485458613,4,68.84949217429502,0.31112101935302044,-42.659492174295025,-0.03176207080715915,1.3727275821457405
Chandni_Chowk,2023,5,26.62,0.2681371411772842,4,67.9777690932254,0.3262333435149742,-41.3577690932254,-0.05809620233768997,2.46219377773864
Chandni_Chowk,2024,3,107.29,0.1914038379073756,4,74.91664951807341,0.24708802988122447,32.37335048192659,-0.05568419197384886,-1.7480545414027666
Chandni_Chowk,2024,4,96.29,0.2111152538256012,4,67.18963211005018,0.274894533605204,29.100367889949823,-0.0637792797796028,-1.7843331818897168
Chandni_Chowk,2024,5,137.05,0.2253139355362946,4,81.44598713478345,0.258978166101914,55.60401286521656,-0.033664230565619374,-1.85189992869945
Chandni_Chowk,2024,6,151.7,0.2016569313593539,4,58.73688792867589,0.267323513003209,92.9631120713241,-0.06566658164385511,-6.02859827456664
Chandni_Chowk,2024,9,25.0,0.2558968250674414,4,45.099164517303315,0.38024393047065874,-20.099164517303315,-0.12434710540321736,2.771689375506221
Chandni_Chowk,2024,12,120.96,0.1275300581033409,4,183.92252266229718,0.24391540262727301,-62.96252266229719,-0.11638534452393212,7.566563308553676
Chandni_Chowk,2025,1,126.99,0.1918717126651448,4,184.08652004286972,0.2543446980259722,-57.09652004286973,-0.062472985360827404,3.63575174151336
Chandni_Chowk,2025,3,81.14,0.2219294850821842,4,73.15865370302285,0.2675210793641761,7.981346296977151,-0.04559159428199186,-0.3272611906401175
Chandni_Chowk,2025,4,85.8,0.1726917778263721,4,77.17498180520964,0.2682317213335345,8.625018194790357,-0.09553994350716241,-0.6632167629576109
Chandni_Chowk,2025,5,58.34,0.2581884042725359,4,69.23743222320164,0.31747495249202445,-10.897432223201633,-0.05928654821948853,0.7079973215711227
Chandni_Chowk,2025,6,56.72,0.260968263814525,4,48.41813281185152,0.2981029901160969,8.301867188148478,-0.03713472630157194,-0.2839922573005919
Chandni_Chowk,2025,7,40.94,0.3931279699962601,4,32.243036477316146,0.36095364280054026,8.696963522683852,0.03217432719571983,0.29805710539144525
Chandni_Chowk,2025,8,35.07,0.2255529761904762,4,34.60248778435124,0.41672464735066334,0.46751221564876033,-0.19117167116018713,0.5545109896166368
Chandni_Chowk,2025,9,40.3,0.2667661479054528,4,37.60093812495553,0.3553343449481914,2.699061875044464,-0.0885681970427386,-0.10084801174696088
Chandni_Chowk,2025,10,103.11,0.2339095330396476,4,123.5613402872644,0.3301094036345107,-20.4513402872644,-0.0961998705948631,2.130462585998126
Chandni_Chowk,2025,11,220.37,0.1308576130421409,4,245.12375344082844,0.2684920892249884,-24.753753440828433,-0.1376344761828475,3.740716167491954
Chandni_Chowk,2025,12,228.51,0.1688440179055887,4,256.3523005548269,0.21595952237598412,-27.84230055482692,-0.04711550447039542,1.3509142018578844
DTU,2022,1,157.38,0.313173934222345,1,173.86837833169415,0.33892265282915246,-16.48837833169415,-0.02574871860680744,0.4362354305696532
DTU,2022,2,116.57,0.3159794686657915,1,127.31783012876846,0.3180161098999322,-10.74783012876847,-0.002036641234140657,0.021962552754031296
DTU,2022,3,106.15,0.3054987735783873,1,118.61409973040472,0.3329898756765039,-12.464099730404712,-0.027491102098116615,0.3559669944433668
DTU,2022,4,150.76,0.2779705658812962,1,134.19797973434595,0.2646070823599375,16.56202026565404,0.013363483521358688,0.22447259358289073
DTU,2022,5,123.24,0.2817103848545567,1,89.76669773009324,0.28358767948335867,33.47330226990675,-0.0018772946288019843,-0.06277715981910902
DTU,2022,6,86.03,0.3073624645892351,1,64.52600992845306,0.31004233918562396,21.503990071546937,-0.0026798745963888537,-0.05750146747136924
DTU,2022,7,40.18,0.4738159643226473,1,40.54242088089275,0.41618195053386037,-0.36242088089274915,0.05763401378878691,0.0376343022049095
DTU,2022,8,38.72,0.4042322348451999,1,36.655887435958626,0.4206575397717813,2.0641125640413733,-0.016425304926581397,-0.02915044809427328
DTU,2022,9,35.71,0.4003249948179369,1,46.094971476638186,0.41223365201455275,-10.384971476638185,-0.01190865719661588,0.12616961247361844
DTU,2022,11,93.79,0.3183311718372141,1,215.6263407472495,0.32261966030877515,-121.83634074724948,-0.004288488471561047,0.5228177616970977
DTU,2022,12,112.84,0.2844253437435224,1,194.9020046527686,0.2929188301279559,-82.0620046527686,-0.00849348638443348,0.6982634852587888
DTU,2023,2,70.89,0.2896571305188973,1,137.10539457056316,0.3034562067755977,-66.21539457056316,-0.013799076256700404,0.9170660431949457
DTU,2023,4,56.58,0.323877420023492,1,86.63540566975831,0.31505374644669826,-30.055405669758315,0.008823673576793756,-0.26382738350380364
DTU,2023,6,44.8,0.3566527534028882,1,52.065832044496055,0.3209432589741514,-7.265832044496058,0.03570949442873683,-0.23699300204539697
DTU,2023,8,37.45,0.4314597042769295,1,46.24745873880615,0.40979421001046923,-8.79745873880615,0.02166549426646025,-0.18233141265333205
DTU,2023,9,32.53,0.4178431562219306,1,50.51533920412823,0.4120299421790297,-17.98533920412823,0.0058132140429008605,-0.10395724594783404
DTU,2023,10,74.18,0.3899214951979548,1,125.84478452929862,0.40050067826462,-51.664784529298615,-0.010579183066665165,0.5485430289194457
DTU,2023,11,127.74,0.311682007876736,1,283.70151200790696,0.3349632527087047,-155.96151200790695,-0.023281244831968695,3.6405275074829073
DTU,2023,12,106.88,0.312329074828992,1,230.36710610512176,0.3011687005312381,-123.48710610512177,0.011160374297753906,-1.3759679064360166
DTU,2024,1,92.64,0.2582322158050429,1,218.44773015168198,0.24483894006010296,-125.80773015168198,0.013393275744939953,-1.6818172678391694
DTU,2024,2,58.56,0.2951934291439231,1,124.91488754682668,0.30609025073590873,-66.35488754682667,-0.010896821591985628,0.7251493711834389
DTU,2024,3,70.82,0.284329492848753,1,95.88556954062565,0.2976993171829001,-25.06556954062566,-0.013369824334147129,0.33827155675581627
DTU,2024,4,84.4,0.2659356802321564,1,85.39201305771945,0.27239483077485765,-0.992013057719447,-0.006459150542701242,0.00714260473295556
DTU,2024,5,120.3,0.2409199993090583,1,112.69442159113277,0.2471616539978635,7.605578408867231,-0.006241654688805193,-0.046785019162742573
DTU,2024,7,31.98,0.4591262540021346,1,42.007723348548,0.41549362093106135,-10.027723348547998,0.043632633071073235,-0.4039942936929017
DTU,2024,8,15.84,0.5478996748163315,1,33.15457188437544,0.4966849828102025,-17.314571884375443,0.05121469200612899,-0.8405488568125423
DTU,2024,9,25.84,0.4205225937953431,1,45.81668695671859,0.40523434245576523,-19.97668695671859,0.015288251339577896,-0.30129069409914516
DTU,2024,10,67.87,0.3107886098251918,1,130.5380056639723,0.3250765292023034,-62.66800566397231,-0.014287919377111602,0.8989920770950968
DTU,2024,11,137.16,0.2556263525184827,1,291.6257498400689,0.2810098856115357,-154.46574984006892,-0.025383533093053023,3.932238308730583
DTU,2024,12,82.29,0.2835601879361571,1,205.0637027527135,0.29592374719591175,-122.7737027527135,-0.01236355925975463,1.5206130279027184
DTU,2025,1,81.11,0.3454946279278656,1,189.57396304625237,0.3248086042579839,-108.46396304625237,0.020686023669881703,-2.236149067757341
DTU,2025,2,53.88,0.3231060319215091,1,118.31867850205536,0.3123002696115057,-64.43867850205535,0.010805762310003408,-0.6942518611381392
DTU,2025,3,43.89,0.3254762005112969,1,88.44059205656323,0.3142654423475225,-44.55059205656323,0.01121075816377437,-0.49723163668503084
DTU,2025,7,23.02,0.4311119962715302,1,34.314395175714395,0.42503466858936606,-11.294395175714396,0.006077327682164124,-0.06798903076916396
DTU,2025,8,26.51,0.4547790050590221,1,34.32886541479027,0.4491122075801563,-7.81886541479027,0.0056667974788657816,-0.043742160164717776
DTU,2025,9,21.35,0.4035722655980102,1,45.182074091014094,0.42263195498549727,-23.832074091014093,-0.01905968938748709,0.46063213045699525
DTU,2025,10,59.39,0.3687965522006495,1,129.85705790759428,0.3667244774993763,-70.46705790759428,0.0020720747012731855,-0.14593736426054357
DTU,2025,12,248.23,0.2592273163822289,1,248.20198963032522,0.26830132416266084,0.028010369674774438,-0.009074007780431936,0.0011964757248663365
Dr._Karni_Singh_Shooting_Range,2022,1,162.5,0.5046236455590964,0,128.0071000325424,0.5586322025524104,34.49289996745759,-0.05400855699331397,-1.811520748658836
Dr._Karni_Singh_Shooting_Range,2022,2,96.24,0.4733469585700429,0,80.94726128863529,0.51856386721217,15.292738711364706,-0.045216908642127074,-0.6554687111829265
Dr._Karni_Singh_Shooting_Range,2022,3,82.64,0.5618606935014547,0,75.71131629060405,0.4726569854214596,6.928683709395955,0.08920370807999511,0.75825774708702
Dr._Karni_Singh_Shooting_Range,2022,4,84.39,0.4185881217957599,0,95.02947907849983,0.380597870121628,-10.639479078499832,0.03799025167413189,-0.37876883318033777
Dr._Karni_Singh_Shooting_Range,2022,5,70.35,0.399961071082167,0,68.90181730999794,0.44141590765453825,1.4481826900020565,-0.041454836572371256,-0.02975720896969096
Dr._Karni_Singh_Shooting_Range,2022,7,28.2,0.6983223884699966,0,29.93526416338481,0.6117960905405873,-1.7352641633848123,0.08652629792940936,-0.018241910098897956
Dr._Karni_Singh_Shooting_Range,2022,10,94.47,0.671761382846058,0,77.48512003680622,0.6102614123907547,16.984879963193777,0.06149997045530331,1.1112060545318287
Dr._Karni_Singh_Shooting_Range,2022,11,173.4,0.6029422440072052,0,151.91043553603996,0.5590011698931554,21.48956446396005,0.043941074114049794,0.9782921159074887
Dr._Karni_Singh_Shooting_Range,2022,12,174.05,0.5160814812248856,0,151.98410845112267,0.5126620426998016,22.065891548877346,0.003419438525083973,0.07565896171315173
Dr._Karni_Singh_Shooting_Range,2023,1,184.56,0.4018751454898156,0,143.93904006601267,0.5091275214273603,40.620959933987336,-0.10725237593754466,-4.154030840368187
Dr._Karni_Singh_Shooting_Range,2023,2,106.42,0.4429939864209505,0,87.72818190773809,0.5122919315996773,18.69181809226191,-0.06929794517872684,-1.2106982902922905
Dr._Karni_Singh_Shooting_Range,2023,3,67.95,0.4915789732575863,0,64.09628801213836,0.48958748313082207,3.8537119878616437,0.0019914901267642504,0.007744503805373406
Dr._Karni_Singh_Shooting_Range,2023,4,57.1,0.4835828876264376,0,58.21389045523989,0.4182503613462605,-1.1138904552398898,0.0653325262801771,0.0024272466806366296
Dr._Karni_Singh_Shooting_Range,2023,5,55.54,0.512620520992102,0,53.98073292685705,0.510142860616046,1.5592670731429479,0.0024776603760560123,0.003971488972127257
Dr._Karni_Singh_Shooting_Range,2023,6,35.74,0.5037833496441281,0,37.3493398986803,0.5171734612964166,-1.6093398986802967,-0.013390111652288539,0.024708100799183955
Dr._Karni_Singh_Shooting_Range,2023,8,32.28,0.6427886795067203,0,26.754609653721204,0.5905987210191537,5.525390346278797,0.05218995848756658,0.33635824820983684
Dr._Karni_Singh_Shooting_Range,2023,9,36.47,0.6686165650547321,0,33.12055577662594,0.5883929883778961,3.349444223374057,0.080223576676836,0.3820921108939699
Dr._Karni_Singh_Shooting_Range,2023,10,93.72,0.6671503810447552,0,80.0567133675255,0.5777045713917401,13.663286632474495,0.08944580965301507,1.3630792147786643
Dr._Karni_Singh_Shooting_Range,2023,11,248.31,0.5927928917832893,0,201.88171433517724,0.5488160540901216,46.428285664822766,0.043976837693167736,2.075842150413856
Dr._Karni_Singh_Shooting_Range,2023,12,203.39,0.5065636795067201,0,157.91759848932736,0.5196839789306692,45.472401510672626,-0.0131202994239491,-0.5935786836447929
Dr._Karni_Singh_Shooting_Range,2024,2,104.25,0.3744161181931549,0,79.73358366834084,0.49332111727728034,24.51641633165916,-0.11890499908412544,-2.666031078067614
Dr._Karni_Singh_Shooting_Range,2024,3,67.26,0.4163418248579739,0,63.2598459685591,0.4415564847947901,4.000154031440907,-0.02521465993681621,-0.08966122964462456
Dr._Karni_Singh_Shooting_Range,2024,4,56.27,0.3761123042815574,0,57.469431953654635,0.3794471975248992,-1.1994319536546314,-0.0033348932433417966,0.0041959187505873925
Dr._Karni_Singh_Shooting_Range,2024,5,81.18,0.2947953200775944,0,73.27647160465413,0.3541789877336646,7.903528395345873,-0.05938366765607017,-0.40721126973207056
Dr._Karni_Singh_Shooting_Range,2024,6,51.54,0.3109963816025871,0,52.632290541719634,0.38865733771891525,-1.0922905417196347,-0.07766095611632817,0.19108774509084187
Dr._Karni_Singh_Shooting_Range,2024,7,42.02,0.7457825043757291,0,28.344022373679888,0.6421240348234619,13.675977626320115,0.10365846955226721,1.6069400356557317
Dr._Karni_Singh_Shooting_Range,2024,8,26.59,0.7463280932264069,0,20.279248928202204,0.6318462535315699,6.310751071797796,0.11448183969483705,0.953372363535778
Dr._Karni_Singh_Shooting_Range,2024,9,41.36,0.7011060828599137,0,25.804457100537203,0.6068433660595738,15.555542899462797,0.09426271680033993,1.6228536967847391
Dr._Karni_Singh_Shooting_Range,2024,10,107.81,0.5553726271303865,0,83.17098284753644,0.5322926325030639,24.639017152463566,0.023079994627322575,0.5780533639151881
Dr._Karni_Singh_Shooting_Range,2024,11,244.7,0.4696528612997089,0,198.02715039199956,0.4989818462944766,46.67284960800043,-0.029328984994767715,-1.3537123026810687
Dr._Karni_Singh_Shooting_Range,2024,12,174.58,0.4497564500484965,0,144.0928381621872,0.5194242978767841,30.487161837812806,-0.06966784782828761,-2.038463012890434
Dr._Karni_Singh_Shooting_Range,2025,2,94.81,0.4346188790356103,0,78.24255812644665,0.524646998125877,16.56744187355335,-0.0900281190902667,-1.348738881933164
Dr._Karni_Singh_Shooting_Range,2025,4,66.53,0.3280153145351254,0,67.47484228985626,0.37357187909340095,-0.9448422898562541,-0.04555656455827556,0.07960862721597715
Dr._Karni_Singh_Shooting_Range,2025,5,57.18,0.4879404946653732,0,55.90358808521905,0.5041359676129594,1.276411914780951,-0.01619547294758622,-0.016050953487598323
Dr._Karni_Singh_Shooting_Range,2025,6,39.99,0.4792926401869157,0,41.70242156330686,0.5232460500408008,-1.7124215633068545,-0.04395340985388513,0.10930344037006137
Dr._Karni_Singh_Shooting_Range,2025,8,29.36,0.768497770423271,0,22.149344996775937,0.6053384966055905,7.210655003224062,0.16315927381768058,1.6454988935798545
Dr._Karni_Singh_Shooting_Range,2025,10,101.61,0.5516284786374132,0,76.35498984581349,0.554891164039962,25.255010154186508,-0.003262685402548815,-0.0822116050030763
Dr._Karni_Singh_Shooting_Range,2025,12,219.53,0.4946639947346543,0,175.1463676034099,0.5027944948728269,44.38363239659009,-0.008130500138172625,-0.3596964765015539
Dwarka-Sector_8,2022,1,165.89,0.3342622306813856,4,174.9234411022806,0.32761653928925427,-9.03344110228062,0.0066456913921313365,-0.059255349433077885
Dwarka-Sector_8,2022,2,109.15,0.3105456469040033,4,118.59407695301952,0.29110217420275675,-9.444076953019518,0.019443472701246578,-0.1769651094741424
Dwarka-Sector_8,2022,3,98.05,0.3205990234104449,4,108.98455025961555,0.29510187304962704,-10.934550259615548,0.025497150360817844,-0.2673461865956258
Dwarka-Sector_8,2022,5,67.48,0.289900147804054,4,88.48689726614761,0.2741319446878314,-21.006897266147604,0.015768203116222568,-0.32686049579755283
Dwarka-Sector_8,2022,6,55.78,0.2807614849187935,4,69.10773742626446,0.3012243622610747,-13.327737426264463,-0.020462877342281194,0.28010112089425115
Dwarka-Sector_8,2022,7,29.91,0.2882896389144433,4,42.017800087658856,0.39567801119159607,-12.107800087658855,-0.10738837227715275,1.5034148507251668
Dwarka-Sector_8,2022,8,28.53,0.4279854600853137,4,37.114328378740126,0.37082470294525466,-8.584328378740125,0.057160757140059026,-0.433121789157014
Dwarka-Sector_8,2022,9,34.56,0.4227300211914293,4,44.160457613209246,0.36452765781138774,-9.600457613209244,0.05820236338004153,-0.49908734520255876
Dwarka-Sector_8,2022,10,105.04,0.5707638938911206,4,118.8518929165021,0.3543496413911861,-13.811892916502089,0.2164142524999345,-2.163939003588599
Dwarka-Sector_8,2022,12,194.77,0.2925784769358637,4,181.69628050816544,0.28581399600113416,13.073719491834566,0.006764480934729533,0.08924310420320954
Dwarka-Sector_8,2023,1,203.43,0.3044548811061309,4,186.90457465007034,0.2546316147630871,16.525425349929662,0.04982326634304379,0.8670853891598076
Dwarka-Sector_8,2023,2,120.48,0.2801467827954011,4,121.01069349911455,0.2914997946706056,-0.5306934991145482,-0.011353011875204488,0.008295797113907797
Dwarka-Sector_8,2023,3,72.93,0.3037142748303089,4,83.4869268790693,0.2972956656968107,-10.556926879069295,0.0064186091334981765,-0.06703494239824868
Dwarka-Sector_8,2023,4,73.0,0.3239181909582583,4,78.27705604969542,0.303535886854422,-5.2770560496954175,0.02038230410383629,-0.10023927854365607
Dwarka-Sector_8,2023,7,30.61,0.4285942142948472,4,43.23574904097505,0.3808772163581682,-12.625749040975052,0.047716997936678995,-0.562347712298859
Dwarka-Sector_8,2023,8,32.62,0.4197070681534841,4,47.21662404711927,0.3399281423941558,-14.59662404711927,0.07977892575932827,-1.052368723423267
Dwarka-Sector_8,2023,9,36.05,0.4078870168998477,4,51.48821317295955,0.35034336530859367,-15.43821317295955,0.05754365159125402,-0.8300324530080021
Dwarka-Sector_8,2023,10,109.28,0.4212855173846796,4,115.80806811196688,0.3402481825300472,-6.528068111966874,0.08103733485463244,-0.4133175335255318
Dwarka-Sector_8,2023,11,268.32,0.3671658609225655,4,262.1475781857724,0.31373746697337823,6.172421814227619,0.05342839394918725,0.38007542920988957
Dwarka-Sector_8,2024,1,234.78,0.2378412598807378,4,220.26834652743568,0.2819508692524654,14.51165347256432,-0.04410960937172759,-0.6058243468099895
Dwarka-Sector_8,2024,3,87.12,0.2631866255714089,4,84.10132332470893,0.2802227708976895,3.0186766752910756,-0.01703614532628056,-0.046313274945251615
Dwarka-Sector_8,2024,4,73.79,0.3171514233273307,4,76.1714947054472,0.27626264405078516,-2.3814947054471958,0.04088877927654555,-0.06792064992087057
Dwarka-Sector_8,2024,5,87.22,0.2776789652306414,4,98.62613954784517,0.26161257263412957,-11.406139547845171,0.016066392596511825,-0.1787077436655547
Dwarka-Sector_8,2024,6,52.17,0.2832072794015792,4,66.35109493886621,0.27482217352741145,-14.18109493886621,0.008385105874167742,-0.11767124560182503
Dwarka-Sector_8,2024,8,27.72,0.4394883018867924,4,32.8211390919663,0.4896880172037258,-5.101139091966303,-0.0501997153169334,0.30047383913452663
Dwarka-Sector_8,2024,10,115.14,0.3366075322066769,4,116.2062875516298,0.294195582566979,-1.0662875516297987,0.04241194963969791,-0.013532151914783715
Dwarka-Sector_8,2024,11,266.08,0.3038348109156392,4,240.4392533790203,0.26396247784310284,25.640746620979684,0.03987233307253635,1.0503658833483385
Dwarka-Sector_8,2024,12,186.31,0.3147735455049175,4,178.96216371367592,0.28868634730420883,7.347836286324082,0.02608719820070865,0.20367439684419275
Dwarka-Sector_8,2025,2,111.79,0.3209647146419173,4,106.01997590455647,0.28922611132132625,5.770024095443532,0.03173860332059103,0.20088002233490146
Dwarka-Sector_8,2025,3,80.17,0.3330666435794432,4,77.69831798038815,0.29970464307583844,2.4716820196118476,0.03336200050360477,0.10206973929777308
Dwarka-Sector_8,2025,4,80.54,0.2784864351018147,4,84.63539093594342,0.2627900468055286,-4.0953909359434135,0.015696388296286112,-0.05994212976518569
Dwarka-Sector_8,2025,5,69.62,0.360776641501593,4,71.10961817361684,0.3202901717507298,-1.489618173616833,0.040486469750863174,-0.03143040555483194
Dwarka-Sector_8,2025,6,50.15,0.358586596567561,4,51.09119565418696,0.29028001329853853,-0.9411956541869628,0.06830658326902245,0.017913031062000755
Dwarka-Sector_8,2025,7,31.75,0.3494870030989747,4,36.33180507046652,0.3651242565340729,-4.5818050704665225,-0.015637253435098197,0.07595491868667008
Dwarka-Sector_8,2025,9,31.93,0.4702452659648152,4,41.97285055793301,0.3751524870339184,-10.042850557933008,0.09509277893089679,-0.7956874306751663
Dwarka-Sector_8,2025,10,111.18,0.3863790067876437,4,118.96470695036093,0.32379373180363324,-7.784706950360928,0.06258527498401045,-0.41819893630471017
Dwarka-Sector_8,2025,11,217.54,0.3513603892505887,4,228.9488119530792,0.29345281376032795,-11.408811953079208,0.057907575490260765,-0.6015776948994007
Dwarka-Sector_8,2025,12,223.03,0.2930666055175335,4,239.29928625059173,0.27728006456023996,-16.269286250591733,0.015786540957293538,-0.2524450318952913
IGI_Airport_(T3),2022,1,116.5,0.244287489504618,3,130.68089896185484,0.4661913869887924,-14.180898961854837,-0.2219038974841744,4.014341376028305
IGI_Airport_(T3),2022,2,83.55,0.2231071220930232,3,82.01859698634524,0.4287326247382646,1.531403013654753,-0.20562550264524143,0.4300352626095559
IGI_Airport_(T3),2022,4,98.8,0.1984216985049833,3,89.21158615918957,0.4012574653226313,9.588413840810432,-0.20283576681764798,-1.2200184386540125
IGI_Airport_(T3),2022,5,72.57,0.2038390365448504,3,64.13154421485402,0.41973307488383244,8.438455785145976,-0.21589403833898205,-1.0006230311593072
IGI_Airport_(T3),2022,6,57.59,0.2370537147595355,3,49.79077901144294,0.4385225316815814,7.79922098855706,-0.2014688169220459,-0.8561819465610833
IGI_Airport_(T3),2022,9,34.48,0.3083769379844959,3,33.322205064129115,0.5428355677306395,1.1577949358708821,-0.23445862974614357,0.6970333533920346
IGI_Airport_(T3),2022,10,91.28,0.4494775055370983,3,88.94572521873992,0.5655062653098905,2.3342747812600777,-0.11602875977279214,-0.03365470693186741
IGI_Airport_(T3),2022,11,154.29,0.2478151370431893,3,167.24792807527598,0.4826863705608543,-12.957928075275987,-0.23487123351766498,4.015344638181246
IGI_Airport_(T3),2022,12,139.13,0.255934928709856,3,161.94275240236894,0.43564065474200725,-22.812752402368943,-0.17970572603215124,4.668547551827019
IGI_Airport_(T3),2023,1,141.36,0.2214641112009341,3,153.0336224341379,0.3957341953985183,-11.673622434137883,-0.1742700841975842,2.5694295225653634
IGI_Airport_(T3),2023,5,50.53,0.2378201031284604,3,56.26992114856656,0.48536503857456953,-5.739921148566559,-0.24754493544610914,2.500506256113116
IGI_Airport_(T3),2023,6,33.94,0.3262454730955262,3,36.94899921523851,0.46196738334983617,-3.0089992152385108,-0.13572191025430996,0.7329223831359727
IGI_Airport_(T3),2023,8,29.67,0.3150543594231891,3,29.573153633449376,0.5443789359213613,0.09684636655062562,-0.22932457649817223,0.9043285953385558
IGI_Airport_(T3),2023,9,37.98,0.2745341085271318,3,36.475394566474755,0.5406066292519469,1.5046054335252421,-0.26607252072481513,0.8469402491182761
IGI_Airport_(T3),2023,10,96.78,0.290189126522702,3,88.06103281958337,0.5496273974907973,8.718967180416627,-0.25943827096809524,-1.0761829820963644
IGI_Airport_(T3),2023,11,243.72,0.1739547030730897,3,213.01204488073853,0.4804779440630432,30.70795511926147,-0.30652324098995354,-7.757355935519147
IGI_Airport_(T3),2023,12,174.17,0.219969578313253,3,178.75165827515121,0.43068145537445995,-4.581658275151227,-0.21071187706120695,1.747649771439407
IGI_Airport_(T3),2024,1,181.72,0.2548012288786483,3,183.62132100781284,0.3884559007662932,-1.9013210078128395,-0.1336546718876449,0.568844717857709
IGI_Airport_(T3),2024,2,89.57,0.158897601744186,3,85.61928772280018,0.3965682709611128,3.9507122771998127,-0.2376706692169268,0.05623792718308063
IGI_Airport_(T3),2024,3,65.6,0.1692481312292358,3,67.64758044811788,0.3978008449049094,-2.047580448117884,-0.22855271367567362,1.388291312013409
IGI_Airport_(T3),2024,4,60.02,0.179818144379845,3,58.8307872737199,0.41468877056837816,1.189212726280104,-0.23487062618853316,0.6925839233506988
IGI_Airport_(T3),2024,5,75.79,0.1652484946013288,3,73.65483072153008,0.3595134087532683,2.135169278469931,-0.19426491415193953,0.25010290691161047
IGI_Airport_(T3),2024,6,42.22,0.1536963905038759,3,50.56026732134996,0.36846414531159355,-8.340267321349963,-0.21476775480771765,2.6038640842404024
IGI_Airport_(T3),2024,7,36.46,0.3941433839479392,3,33.39637866773876,0.5865261498717612,3.063621332261242,-0.19238276592382203,0.06268216342897875
IGI_Airport_(T3),2024,8,25.68,0.4054610792885137,3,23.032148039522593,0.6099404740149859,2.647851960477407,-0.20447939472647214,0.19521861755405015
IGI_Airport_(T3),2024,9,41.68,0.3297317379568106,3,36.59515625735397,0.571285883299734,5.084843742646029,-0.24155414534292335,-0.20027019986781064
IGI_Airport_(T3),2024,11,234.31,0.2330306694868494,3,207.9850923560451,0.3974064781524849,26.3249076439549,-0.16437580866563553,-3.851144205651741
IGI_Airport_(T3),2024,12,143.85,0.2730249264946097,3,151.62896339594045,0.4204304261753984,-7.778963395940451,-0.1474054996807887,1.529477331771721
IGI_Airport_(T3),2025,1,132.88,0.2157222625968992,3,133.28679784726205,0.42205311134089074,-0.40679784726205526,-0.20633084874399155,0.8339850793639436
IGI_Airport_(T3),2025,2,81.85,0.2175742005813953,3,83.86570000269248,0.4315248291961495,-2.0157000026924834,-0.2139506286147542,1.237731918398494
IGI_Airport_(T3),2025,3,65.77,0.244785119047619,3,63.19569045102255,0.44276845919495156,2.574309548977446,-0.19798334014733257,0.1809179627377751
IGI_Airport_(T3),2025,4,54.26,0.1915767753322259,3,66.31421068972419,0.39106701912382363,-12.054210689724194,-0.19949024379159774,3.105838303698935
IGI_Airport_(T3),2025,5,47.97,0.2593052048726467,3,58.58298654257351,0.4754010933983857,-10.612986542573509,-0.21609588852573902,3.116148282528619
IGI_Airport_(T3),2025,6,31.58,0.306964070436844,3,38.55285575269626,0.4463812803671665,-6.972855752696262,-0.13941720993032253,1.3145841763949622
IGI_Airport_(T3),2025,7,26.1,0.2976025870231163,3,27.453713868915,0.511054521086345,-1.3537138689149977,-0.21345193406322865,1.0916692737057732
IGI_Airport_(T3),2025,10,85.81,0.3005284330011072,3,88.39868124549719,0.4893518762516061,-2.5886812454971846,-0.18882344325049888,1.1169687854468897
IGI_Airport_(T3),2025,11,157.88,0.2681649576067829,3,190.92110991878968,0.4661527987368692,-33.04110991878969,-0.19798784113008633,7.232357787415087
IGI_Airport_(T3),2025,12,142.31,0.2576707393677274,3,185.29352767718436,0.4128544623998853,-42.983527677184355,-0.15518372303215794,7.094625551328665
IHBAS_Dilshad_Garden,2022,2,102.57,0.249685410040105,2,120.70661183275789,0.2641400860502157,-18.136611832757893,-0.014454676010110717,0.2658399570480901
IHBAS_Dilshad_Garden,2022,3,95.23,0.267822569492463,2,105.47867432006322,0.2967632816842958,-10.248674320063216,-0.02894071219183275,0.3113603329400092
IHBAS_Dilshad_Garden,2022,4,91.32,0.241631028726438,2,112.10803363801396,0.2629698891552948,-20.78803363801397,-0.0213388604288568,0.45161535018781096
IHBAS_Dilshad_Garden,2022,6,62.26,0.2792479222204799,2,63.60982714534208,0.301541684690001,-1.3498271453420827,-0.022293762469521083,0.03884918847276012
IHBAS_Dilshad_Garden,2022,7,44.44,0.4493366750048105,2,39.35294912464121,0.349527310778466,5.087050875358784,0.09980936422634451,0.6832463950996517
IHBAS_Dilshad_Garden,2022,9,42.33,0.336278917875306,2,42.46369495234269,0.33182841638381705,-0.1336949523426938,0.004450501491488956,-0.0002460461960459075
IHBAS_Dilshad_Garden,2022,10,98.1,0.3280655234407413,2,112.98659590902592,0.3120222153979333,-14.886595909025928,0.016043308042808013,-0.23429553085070412
IHBAS_Dilshad_Garden,2022,11,128.6,0.2854408968330797,2,202.73165041673494,0.2593514874611704,-74.13165041673494,0.02608940937190929,-1.9220590072023556
IHBAS_Dilshad_Garden,2022,12,116.3,0.2035396556492876,2,191.05858589762425,0.23350647804094396,-74.75858589762426,-0.02996682239165635,2.256098609049406
IHBAS_Dilshad_Garden,2023,1,109.9,0.2005978984547461,2,193.80951153709836,0.2043556690431588,-83.90951153709835,-0.003757770588412701,0.31556147856708766
IHBAS_Dilshad_Garden,2023,2,98.54,0.2351935797261788,2,124.49734702820956,0.251502234626862,-25.957347028209554,-0.0163086549006832,0.4280153712879288
IHBAS_Dilshad_Garden,2023,3,67.5,0.2573811367722306,2,82.5242644098,0.274004885973969,-15.024264409799997,-0.01662374920173837,0.2546283809011104
IHBAS_Dilshad_Garden,2023,4,66.99,0.2962794150186696,2,77.7818520196843,0.30231077486707236,-10.791852019684299,-0.006031359848402751,0.06573044616857912
IHBAS_Dilshad_Garden,2023,5,56.78,0.2855248893652331,2,71.06277283039203,0.3194767785022889,-14.282772830392034,-0.03395188913705577,0.5052361810829884
IHBAS_Dilshad_Garden,2023,6,50.65,0.2872165902359797,2,49.31875781121484,0.2889337890673352,1.3312421887851613,-0.0017171988313555153,-0.0022340554278322176
IHBAS_Dilshad_Garden,2023,7,33.37,0.3892994545885701,2,34.21300738357989,0.3639100768740039,-0.843007383579895,0.02538937771456623,-0.010046368777295502
IHBAS_Dilshad_Garden,2023,8,54.92,0.3107055322569373,2,40.61881466055242,0.34496649284878594,14.301185339447585,-0.03426096059184863,-0.469291847338771
IHBAS_Dilshad_Garden,2023,10,94.91,0.3517573848706955,2,118.96386698441769,0.3411560887106321,-24.053866984417695,0.010601296160063445,-0.25302210063989505
IHBAS_Dilshad_Garden,2023,11,137.22,0.3049552728041731,2,242.12394318822643,0.29171745842500973,-104.90394318822644,0.013237814379163382,-1.3856115159218727
IHBAS_Dilshad_Garden,2023,12,124.09,0.2482479186834463,2,213.96695985586658,0.24670956141982595,-89.87695985586657,0.0015383572636203657,-0.13822117975616538
IHBAS_Dilshad_Garden,2024,1,132.45,0.2686713867627195,2,226.31553594552412,0.21501647795331794,-93.86553594552413,0.053654908809401575,-4.985626579839571
IHBAS_Dilshad_Garden,2024,2,70.51,0.2557998409625225,2,116.52654730650339,0.23814901587417325,-46.016547306503384,0.017650825088349253,-0.806741043403921
IHBAS_Dilshad_Garden,2024,3,58.22,0.2536019614662307,2,80.66426240995578,0.25101393121513293,-22.444262409955783,0.0025880302510977726,-0.05796842501221641
IHBAS_Dilshad_Garden,2024,4,64.57,0.2461979186834463,2,70.12544398498346,0.2702757638601973,-5.555443984983469,-0.024077845176751017,0.14397715180133103
IHBAS_Dilshad_Garden,2024,5,68.36,0.2220619064221463,2,78.8031825455015,0.2518126940638264,-10.4431825455015,-0.0297507876416801,0.3262869554051833
IHBAS_Dilshad_Garden,2024,6,66.38,0.2730080468314438,2,56.030630000583656,0.2733124190929698,10.34936999941634,-0.00030437226152602026,-0.0031484289568549147
IHBAS_Dilshad_Garden,2024,8,23.99,0.3580770153550864,2,31.519800503118603,0.41369680181688984,-7.529800503118604,-0.05561978646180343,0.4733089199809997
IHBAS_Dilshad_Garden,2024,9,32.05,0.4008469437145623,2,46.59523938687811,0.3638813104119206,-14.545239386878116,0.03696563330264169,-0.513599430607757
IHBAS_Dilshad_Garden,2024,10,79.98,0.2812900978179082,2,122.96312127814693,0.26473408704515927,-42.983121278146925,0.01655601077274893,-0.7067998392484721
IHBAS_Dilshad_Garden,2024,11,189.33,0.1815828998255858,2,257.91034844175397,0.21838767425516054,-68.58034844175396,-0.03680477442957475,2.5479497407945653
IHBAS_Dilshad_Garden,2024,12,93.73,0.2250403402019083,2,185.61522376206312,0.23131158131487864,-91.88522376206312,-0.006271241112970338,0.576927290377885
IHBAS_Dilshad_Garden,2025,1,90.33,0.2776174318720379,2,176.5837189132432,0.26053249654668376,-86.25371891324319,0.017084935325354156,-1.4684965393804132
IHBAS_Dilshad_Garden,2025,3,60.2,0.2654655026967224,2,70.27437938002086,0.2716024379590137,-10.074379380020858,-0.006136935262291254,0.06248935091460591
IHBAS_Dilshad_Garden,2025,4,74.21,0.2558696272991287,2,71.45418985250237,0.264928175193572,2.755810147497627,-0.00905854789444327,-0.023517935038180178
IHBAS_Dilshad_Garden,2025,5,67.78,0.301630443512404,2,64.27143666504728,0.308048882537116,3.5085633349527257,-0.006418439024712008,-0.02179369341312392
IHBAS_Dilshad_Garden,2025,8,25.31,0.4336855287918704,2,33.16052014780676,0.421689025932967,-7.850520147806758,0.011996502858903413,-0.09164324260225568
IHBAS_Dilshad_Garden,2025,9,37.22,0.3452429020882312,2,39.806263774298806,0.35866324168564656,-2.586263774298807,-0.013420339597415343,0.037881676250107334
IHBAS_Dilshad_Garden,2025,10,114.88,0.3190394540363976,2,119.18171699809922,0.3220822470515532,-4.301716998099224,-0.003042793015155587,0.013252354274366402
IIT_Delhi,2025,12,160.7,0.4193153060517933,0,211.82702832159913,0.3725181897314518,-51.12702832159914,0.0467971163203415,-2.3540141223043634
IMD_Lodhi_Road,2022,1,109.02,0.466898652860507,1,153.7324674444201,0.3548694568029674,-44.71246744442011,0.11202919605753964,-4.78798362621119
IMD_Lodhi_Road,2022,2,75.07,0.421323476243247,1,96.47568208594001,0.31866193427332357,-21.405682085940015,0.10266154196992344,-2.011855027180266
IMD_Lodhi_Road,2022,3,72.2,0.4245767453940989,1,85.40397063117389,0.3325898905607251,-13.203970631173888,0.09198685483337382,-1.065513748212705
IMD_Lodhi_Road,2022,4,66.6,0.4226947024382418,1,90.75701934708691,0.30178495671692235,-24.157019347086916,0.12090974572131946,-2.663255411587529
IMD_Lodhi_Road,2022,5,59.15,0.4082105150214594,1,69.88410811204464,0.31262883749485926,-10.734108112044645,0.09558167752660013,-0.8650265442608416
IMD_Lodhi_Road,2022,7,30.8,0.5200322763842878,1,28.08934722169957,0.39130143138615914,2.7106527783004317,0.1287308449981287,0.6409072100958686
IMD_Lodhi_Road,2022,8,31.19,0.5575763165713435,1,26.843664855976773,0.435349385444771,4.346335144023229,0.12222693112657257,0.7944452026247562
IMD_Lodhi_Road,2022,9,32.15,0.5157739062157624,1,33.48730033795632,0.41325840909622474,-1.3373003379563215,0.10251549711953761,0.04806336297271289
IMD_Lodhi_Road,2022,10,76.98,0.5504054508934758,1,99.21736374428583,0.40829814414255683,-22.23736374428583,0.14210730675091898,-2.804301015860803
IMD_Lodhi_Road,2022,11,126.83,0.4597656185067186,1,171.12001848218236,0.3271425753777942,-44.29001848218236,0.13262304312892442,-5.5639924688195
IMD_Lodhi_Road,2022,12,119.57,0.4465359468070371,1,162.9832107041948,0.3036615275387542,-43.413210704194796,0.14287441926828293,-5.842994840632499
IMD_Lodhi_Road,2023,1,126.08,0.4058986251558389,1,176.08989574112977,0.2674987317016558,-50.00989574112977,0.13839989345418313,-6.583895560188579
IMD_Lodhi_Road,2023,3,54.35,0.4369230522908018,1,61.64142827622899,0.3293657647496322,-7.2914282762289915,0.10755728754116961,-0.5804286649983225
IMD_Lodhi_Road,2023,4,47.03,0.4724152964399501,1,52.593553851485396,0.3487248452116763,-5.563553851485395,0.12369045122827382,-0.4186116049072109
IMD_Lodhi_Road,2023,5,49.61,0.5077809287990025,1,49.637906744752804,0.380696881120571,-0.02790674475280497,0.1270840476784315,0.28099396592106773
IMD_Lodhi_Road,2023,6,35.03,0.4718233148295005,1,31.36195868134363,0.3460104749015161,3.668041318656371,0.12581283992798442,0.7403631797634136
IMD_Lodhi_Road,2023,7,32.54,0.5042058960025315,1,21.219209781493714,0.41228451552671264,11.320790218506286,0.09192138047581888,1.1894885006485905
IMD_Lodhi_Road,2023,8,35.64,0.5094085642055687,1,25.76602932280465,0.4057325696925587,9.873970677195352,0.10367599451300996,1.2130668713230264
IMD_Lodhi_Road,2023,9,38.47,0.5151364731957335,1,29.306963191750544,0.40094865191846196,9.163036808249455,0.11418782127727156,1.276028653170989
IMD_Lodhi_Road,2023,10,77.8,0.5406399986147666,1,86.1736636204229,0.39364227089830905,-8.373663620422903,0.14699772771645758,-0.8502092355823365
IMD_Lodhi_Road,2023,11,185.96,0.5055367294639146,1,207.55155480484802,0.35817589195793964,-21.591554804848016,0.14736083750597495,-2.7991661958738936
IMD_Lodhi_Road,2023,12,146.05,0.4404614697326499,1,173.46347152436502,0.3238049657351354,-27.413471524365008,0.11665650399751448,-2.9581980123912857
IMD_Lodhi_Road,2024,2,68.51,0.4079728667405457,1,95.26205353065328,0.3011231362002377,-26.75205353065327,0.10684973054030805,-2.657304903410798
IMD_Lodhi_Road,2024,3,59.22,0.3965641536223853,1,68.38117818853748,0.30138095362477413,-9.161178188537477,0.09518319999761116,-0.712371997794991
IMD_Lodhi_Road,2024,5,67.62,0.4331495723032595,1,77.06371533799098,0.2753138349704595,-9.44371533799098,0.15783573733279999,-1.0516486286846425
IMD_Lodhi_Road,2024,6,45.07,0.4292200450112529,1,56.88444685952338,0.2867442067669587,-11.814446859523379,0.14247583824429416,-1.3256346038399605
IMD_Lodhi_Road,2024,11,186.23,0.4025743603330811,1,216.34664048159328,0.27784587558084906,-30.116640481593294,0.12472848475223203,-3.482312891589952
IMD_Lodhi_Road,2024,12,118.92,0.4240513644549106,1,160.53311824002367,0.3046073757611216,-41.61311824002367,0.11944398869378897,-4.719080070587725
IMD_Lodhi_Road,2025,1,121.86,0.4296039548413908,1,160.76591245631553,0.32378041327752377,-38.905912456315534,0.10582354156386703,-3.9198616882002617
IMD_Lodhi_Road,2025,2,73.57,0.4412317253082145,1,89.12216925683623,0.31343550747632976,-15.552169256836237,0.12779621783188472,-1.6997699164478965
IMD_Lodhi_Road,2025,3,52.91,0.4308264614212496,1,66.64978611788587,0.3257607364738894,-13.73978611788587,0.10506572494736016,-1.2490964956831496
IMD_Lodhi_Road,2025,4,65.17,0.404351477231983,1,69.47009375124223,0.2938149881487196,-4.30009375124223,0.11053648908326341,-0.26005232909375503
IMD_Lodhi_Road,2025,5,55.48,0.4792942616705913,1,60.398487045219476,0.3607455352516686,-4.918487045219479,0.11854872641892272,-0.33547746246306526
IMD_Lodhi_Road,2025,6,36.6,0.4595032220738763,1,38.55691392662247,0.361120028500918,-1.9569139266224695,0.09838319357295827,-0.021996262270692173
IMD_Lodhi_Road,2025,7,20.67,0.4774527940072551,1,25.524696729614572,0.37477546734700923,-4.85469672961457,0.10267732666024587,-0.31272487491247847
IMD_Lodhi_Road,2025,9,41.09,0.5405481126194766,1,30.071706794289792,0.4136458234960409,11.018293205710211,0.12690228912343565,1.6819737673133048
IMD_Lodhi_Road,2025,10,91.69,0.5206359216136437,1,94.16110750457949,0.38651320590518917,-2.471107504579493,0.13412271570845452,-0.014499248397124152
IMD_Lodhi_Road,2025,12,158.37,0.4132914704252667,1,191.35035498910958,0.2827378641867461,-32.98035498910957,0.13055360623852058,-4.005415081426315
ITO,2022,1,153.19,0.3900446075038071,0,137.6344290049005,0.38611645916646015,15.555570995099487,0.003928148337346948,0.06137644558994598
ITO,2022,2,119.36,0.3489587117541188,0,96.44331741093583,0.3530837441213133,22.916682589064166,-0.0041250323671945255,-0.09423226774414252
ITO,2022,3,117.79,0.4058561643361484,0,89.33595340720483,0.3652201448171419,28.45404659279518,0.04063601951900653,1.1853519098720546
ITO,2022,4,90.9,0.3252123497845967,0,99.68679118727746,0.34137059873380643,-8.786791187277458,-0.016158248949209753,0.14657908238306722
ITO,2022,5,93.37,0.3916864485981309,0,80.0188506500714,0.35600319686873516,13.351149349928605,0.03568325172939574,0.4988456015916416
ITO,2022,7,42.19,0.4041089498386053,0,39.98511328369219,0.4517207012153363,2.2048867163078043,-0.047611751376731015,-0.06504015349113897
ITO,2022,8,37.57,0.4406808952294685,0,37.325740091712,0.4836049643948472,0.24425990828800082,-0.042924069165378664,0.02197650841836832
ITO,2022,9,50.21,0.4123556101368101,0,43.4465554916897,0.4593761305340115,6.7634445083103,-0.04702052039720139,-0.2790680467928198
ITO,2022,12,166.59,0.3284044683649453,0,157.2241929336612,0.34045224431468685,9.365807066338817,-0.012047775949741546,-0.11027988015910385
ITO,2023,1,227.6,0.2611478990724075,0,164.15306965337854,0.31686994231698895,63.44693034662146,-0.055722043244581465,-3.4806889811514004
ITO,2023,2,152.03,0.3140378063131661,0,100.93461451509197,0.3415766937750426,51.095385484908036,-0.027538887461876493,-1.3937485851374685
ITO,2023,4,52.35,0.3654275409693165,0,66.07821857637471,0.40313495880803907,-13.728218576374708,-0.03770741783872256,0.5427061251281893
ITO,2023,5,74.14,0.4381654264156167,0,64.55694225492955,0.4129483585446686,9.583057745070448,0.025217067870948073,0.25286005101245296
ITO,2023,6,44.24,0.3173,0,51.89910556748675,0.38392194400525254,-7.659105567486748,-0.06662194400525251,0.5884626679705316
ITO,2023,8,36.02,0.4405830726092089,0,44.187691848154465,0.45621598472350955,-8.167691848154462,-0.015632912114300623,0.13199048870814564
ITO,2023,9,41.89,0.4337573646647937,0,45.57200893832972,0.44702667665879714,-3.682008938329723,-0.013269311994003441,0.051959846661583826
ITO,2023,10,96.0,0.4527125723547115,0,96.43799846011972,0.447460352504276,-0.4379984601197151,0.005252219850435502,-0.0018144513507501077
ITO,2023,11,240.62,0.4163878963034751,0,227.77700320557236,0.4064625396741132,12.842996794427648,0.009925356629361892,0.12920694161072055
ITO,2024,1,189.44,0.2901594835342812,0,200.09663130907583,0.3231083854745677,-10.656631309075834,-0.03294890194028649,0.3702511677859058
ITO,2024,3,80.33,0.3441244358299875,0,73.5444388091881,0.3373175511748848,6.7855611908119045,0.006806884655102652,0.04700484916884583
ITO,2024,4,59.1,0.3838319412324854,0,67.27455198722957,0.357710747710303,-8.17455198722957,0.026121193522182395,-0.20150784958347706
ITO,2024,5,95.86,0.3339133992335828,0,91.65536268758545,0.32450297089403196,4.2046373124145475,0.009410428339550858,0.04112763982529272
ITO,2024,6,62.34,0.3672543243990052,0,76.4862704383189,0.34046115508512464,-14.146270438318894,0.026793169313880538,-0.3663757602166157
ITO,2024,7,42.03,0.4946135509470686,0,42.79933669221799,0.4940776429699301,-0.7693366922179905,0.0005359079771384834,-0.0004072337649501867
ITO,2024,8,27.55,0.4567019216867444,0,31.964103236079282,0.5065039992982568,-4.414103236079281,-0.04980207761151245,0.2635290415608182
ITO,2024,9,37.39,0.4597675965665236,0,46.378958252103516,0.4921023912296514,-8.988958252103515,-0.032334794663127775,0.30907665173094345
ITO,2024,10,107.29,0.3423880897796185,0,101.12347521011864,0.36793688059066454,6.166524789881365,-0.02554879081104605,-0.14604712414170917
ITO,2024,11,216.16,0.3149742284786138,0,230.58957571852395,0.32307186495493273,-14.42957571852395,-0.008097636476318948,0.11800071543053967
ITO,2024,12,171.04,0.35243751211408,0,148.6342076434887,0.3349446209342937,22.405792356511284,0.017492891179786252,0.39733328388217026
ITO,2025,1,152.69,0.371036321473072,0,143.42733222971154,0.3587069356258167,9.26266777028846,0.012329385847255292,0.11688121629958301
ITO,2025,3,68.11,0.3594156306243942,0,71.17520101788261,0.3562155540954973,-3.0652010178826146,0.003200076528896867,-0.009628458658606944
ITO,2025,4,75.65,0.3775375640315659,0,73.02876863147137,0.3431937933174316,2.6212313685286404,0.0343437707141343,0.11080356112301806
ITO,2025,6,52.14,0.3802285516525351,0,49.83677968019607,0.3955899976998114,2.303220319803934,-0.015361446047276295,-0.031223353018376192
ITO,2025,7,37.31,0.4594389255016414,0,33.27607836158067,0.44178128991368165,4.033921638419329,0.01765763558795974,0.07672273917654664
ITO,2025,8,35.3,0.4997,0,35.5153879878188,0.4972458536339133,-0.21538798781880075,0.0024541463660866514,-0.0004224820422283071
ITO,2025,9,34.19,0.4803087740551016,0,41.926526586935026,0.4564383995332598,-7.736526586935028,0.023870374521841764,-0.17463501884348795
ITO,2025,10,111.32,0.4066808088474466,0,98.18295962618156,0.4455470885842005,13.137040373818436,-0.038866279736753884,-0.4839740236224981
ITO,2025,12,229.84,0.2571774193548387,0,182.26880786384598,0.3104227172886431,47.571192136154025,-0.05324529793380445,-2.4829935641615593
Jahangirpuri,2022,1,232.22,0.3035331547660193,4,189.8935772073011,0.3462133950671502,42.32642279269891,-0.042680240301130934,-1.7744084998183856
Jahangirpuri,2022,2,152.46,0.281382238888505,4,129.7522336615862,0.32724477132715896,22.70776633841382,-0.04586253243865396,-1.0043780072914963
Jahangirpuri,2022,4,135.3,0.2406543962120689,4,134.01894494596533,0.30708143926275416,1.281055054034681,-0.06642704305068525,-0.007355398095526046
Jahangirpuri,2022,5,74.62,0.254430878096986,4,93.16661411598265,0.3094035093988848,-18.54661411598265,-0.05497263130189878,1.0727982597819896
Jahangirpuri,2022,6,59.8,0.2749965679360602,4,71.58413331334181,0.3401266003935526,-11.784133313341812,-0.06513003245749238,0.8422360736629817
Jahangirpuri,2022,8,45.53,0.3268077293161921,4,40.815490410142644,0.42191028402942776,4.714509589857357,-0.09510255471323564,-0.2890140112533639
Jahangirpuri,2022,9,48.92,0.3155378445850915,4,48.633441776966045,0.4130408842539234,0.28655822303395695,-0.09750303966883189,0.13955332415325591
Jahangirpuri,2022,10,135.87,0.3002098500034562,4,125.17936086056865,0.40156551063487345,10.690639139431354,-0.10135566063141727,-0.9025653751146225
Jahangirpuri,2022,11,231.85,0.2704432708923759,4,198.3228077074098,0.34136942533130366,33.5271922925902,-0.07092615443892775,-2.28932603448489
Jahangirpuri,2023,3,94.89,0.2937365970830166,4,86.47390147242552,0.32860521957712385,8.416098527574476,-0.03486862249410727,-0.27203716668829736
Jahangirpuri,2023,4,88.48,0.2950481544204051,4,79.62515678398465,0.35963275699697206,8.854843216015354,-0.06458460257656695,-0.4983979345732986
Jahangirpuri,2023,5,77.49,0.3203252436579804,4,80.63078615282568,0.37274570068411056,-3.140786152825683,-0.052420457026130185,0.21305462107246445
Jahangirpuri,2023,6,47.76,0.283800816388238,4,52.772467230728225,0.3364616230025879,-5.012467230728227,-0.05266080661434991,0.31281871291693175
Jahangirpuri,2023,7,41.73,0.4601230822391155,4,41.5235648074635,0.42756966188991496,0.206435192536496,0.03255342034920056,0.025390640104254594
Jahangirpuri,2023,8,46.5,0.340698866385567,4,50.41567275116468,0.4026115186948193,-3.915672751164678,-0.0619126523092523,0.309963422660752
Jahangirpuri,2023,9,47.77,0.3317586127047766,4,49.68813969240969,0.40904001617268115,-1.9181396924096887,-0.07728140346790457,0.25345983882023326
Jahangirpuri,2023,11,301.49,0.2956353805211862,4,254.4521560391187,0.361141324044819,47.037843960881304,-0.06550594352363281,-3.0056580747253303
Jahangirpuri,2024,1,252.25,0.2133111578947368,4,223.92240899320694,0.2787331321885171,28.327591006793057,-0.06542197429378027,-1.7778403486108096
Jahangirpuri,2024,2,140.14,0.2728931084537224,4,112.28455997814245,0.31159055390545065,27.855440021857532,-0.03869744545172826,-1.0515512262074664
Jahangirpuri,2024,3,96.05,0.2768164788829751,4,82.62532631969458,0.31539421086054187,13.424673680305418,-0.038577731977566754,-0.4916733025667651
Jahangirpuri,2024,4,84.09,0.2484567118269164,4,85.74958756124657,0.3135342239581444,-1.6595875612465676,-0.065077512131228,0.1826164351992938
Jahangirpuri,2024,6,69.16,0.2239560772462594,4,67.2389492983296,0.3011632707960065,1.9210507016703957,-0.07720719354974712,-0.043297607570069924
Jahangirpuri,2024,7,45.45,0.3462,4,47.9896108306614,0.4214160362925028,-2.5396108306613954,-0.07521603629250279,0.2906936815182408
Jahangirpuri,2024,8,36.18,0.4604661067026846,4,33.525384340102924,0.5286834143161839,2.6546156598970754,-0.06821730761349931,-0.09910257809105369
Jahangirpuri,2024,9,50.5,0.3735017695444806,4,46.02733199896502,0.44019461638962937,4.472668001034982,-0.06669284684514876,-0.21993026186935222
Jahangirpuri,2024,10,141.33,0.2725361650653211,4,130.38429411544556,0.335690092278659,10.945705884554457,-0.0631539272133379,-0.6209954882557824
Jahangirpuri,2024,11,303.73,0.2332785650100228,4,277.7767099410124,0.29737615168866255,25.95329005898759,-0.06409758667863974,-1.5911588022145369
Jahangirpuri,2025,1,214.59,0.2766839946084192,4,185.89633582521586,0.3318002063565232,28.693664174784146,-0.055116211748103994,-1.5279655061945412
Jahangirpuri,2025,2,117.79,0.2627839635031452,4,104.22018283611725,0.32281748838364527,13.56981716388276,-0.060033524880500067,-0.7511474761764436
Jahangirpuri,2025,3,92.96,0.2934595078454415,4,74.41299665497651,0.33428351999816525,18.547003345023484,-0.04082401215272374,-0.7278005694508907
Jahangirpuri,2025,4,97.13,0.2618410347687843,4,93.93051782992524,0.307577007941838,3.1994821700747593,-0.04573597317305372,-0.10947800932914638
Jahangirpuri,2025,5,97.41,0.3115101645123385,4,78.88034680060723,0.3617281429680249,18.52965319939277,-0.05021797845568643,-0.8860913054390778
Jahangirpuri,2025,6,57.76,0.2734927435272263,4,54.78657940195685,0.3422131230962659,2.9734205980431483,-0.06872037956903959,-0.12113272677736571
Jahangirpuri,2025,7,34.48,0.414268723943038,4,36.77893190436749,0.4332373547498436,-2.2989319043674925,-0.01896863080680561,0.04994678291785571
Jahangirpuri,2025,9,87.92,0.3379523087025645,4,40.94668882261938,0.41476692615038063,46.97331117738062,-0.07681461744781615,-3.5042808930594878
Jahangirpuri,2025,10,146.07,0.3247639317066428,4,128.76717528503752,0.390923939413569,17.30282471496247,-0.0661600077069262,-1.0676374959027504
Jahangirpuri,2025,11,278.1,0.2756059134582153,4,263.19969289427723,0.33736784620502,14.900307105722788,-0.06176193274680475,-0.8530664350407613
Jahangirpuri,2025,12,267.25,0.2574650009731413,4,277.6871519179877,0.28650051559619816,-10.437151917987705,-0.02903551462305687,0.3179013110166003
Jawaharlal_Nehru_Stadium,2022,1,154.72,0.3329026281163434,3,159.5672979225019,0.3141172149203724,-4.847297922501895,0.01878541319597099,-0.08484117081856829
Jawaharlal_Nehru_Stadium,2022,2,100.54,0.2878857998614957,3,120.13236912611187,0.2625335867526139,-19.592369126111862,0.025352213108881805,-0.4853860775720103
Jawaharlal_Nehru_Stadium,2022,3,85.61,0.3086915581717452,3,95.25894473952104,0.3031708722834394,-9.648944739521042,0.0055206858883057874,-0.052731825513007535
Jawaharlal_Nehru_Stadium,2022,4,87.65,0.3299126537458069,3,93.54473052860739,0.2614597964563029,-5.894730528607383,0.06845285728950401,-0.32095581620456853
Jawaharlal_Nehru_Stadium,2022,5,70.22,0.2801351247600768,3,71.26316994529729,0.28834717668703574,-1.0431699452972936,-0.008212051926958952,0.009754699523040073
Jawaharlal_Nehru_Stadium,2022,6,51.95,0.4252596190476191,3,57.886708814132284,0.3120476451588219,-5.936708814132281,0.11321197388879722,-0.4462946940015476
Jawaharlal_Nehru_Stadium,2022,7,29.52,0.3999,3,37.79094587082873,0.4227461941003575,-8.27094587082873,-0.022846194100357542,0.19815543838071425
Jawaharlal_Nehru_Stadium,2022,8,30.36,0.419179852320675,3,30.91267588305875,0.4203754633704003,-0.5526758830587504,-0.0011956110497253203,0.000685970383934793
Jawaharlal_Nehru_Stadium,2022,9,36.81,0.4782087889066241,3,35.860939005737166,0.3724470604414585,0.9490609942628367,0.10576172846516563,0.29744366276793766
Jawaharlal_Nehru_Stadium,2022,10,102.03,0.442957216066482,3,116.23024436290746,0.3592673010663874,-14.200244362907455,0.0836899150000946,-1.0650192162858085
Jawaharlal_Nehru_Stadium,2022,12,182.83,0.2807013296398891,3,177.79040392894387,0.25516758251616795,5.039596071056138,0.02553374712372114,0.14016636036343033
Jawaharlal_Nehru_Stadium,2023,2,105.93,0.3177376835180055,3,124.77881267029045,0.25506055022067986,-18.848812670290442,0.06267713329732566,-1.112177733235946
Jawaharlal_Nehru_Stadium,2023,3,64.95,0.2877241910251134,3,74.50358305641991,0.2929456438473307,-9.55358305641991,-0.0052214528222173096,0.050363918707174125
Jawaharlal_Nehru_Stadium,2023,4,52.55,0.3445800519390581,3,62.69938745838904,0.32235165758492795,-10.149387458389043,0.022228394354130154,-0.21689939897581095
Jawaharlal_Nehru_Stadium,2023,5,50.83,0.3938809452908587,3,64.87538951116231,0.3566959828983813,-14.045389511162313,0.03718496239247743,-0.49791619408265386
Jawaharlal_Nehru_Stadium,2023,7,30.93,0.374737734375,3,35.922787062122566,0.39306624165834525,-4.9927870621225665,-0.01832850728334523,0.09742889542279473
Jawaharlal_Nehru_Stadium,2023,9,33.62,0.3872760907202217,3,39.75914620542291,0.360345300912071,-6.139146205422911,0.026930789808150668,-0.15255413665869375
Jawaharlal_Nehru_Stadium,2023,10,85.72,0.3697266588373458,3,113.64287922830256,0.36656239165826954,-27.922879228302563,0.003164267179076252,-0.08817904635713024
Jawaharlal_Nehru_Stadium,2023,11,227.39,0.362837575735455,3,246.9758399514412,0.31519320634136877,-19.585839951441216,0.04764436939408623,-0.8931618879197081
Jawaharlal_Nehru_Stadium,2023,12,194.85,0.3237864231301938,3,221.51861844504143,0.2677397754991264,-26.66861844504143,0.05604664763106737,-1.4393438458115164
Jawaharlal_Nehru_Stadium,2024,1,210.34,0.2460630832735103,3,219.5410699142835,0.2120799303082214,-9.201069914283494,0.03398315296528892,-0.29233488546663466
Jawaharlal_Nehru_Stadium,2024,2,93.87,0.2829649792243767,3,119.87290522022303,0.2596119405823031,-26.002905220223028,0.02335303864207361,-0.5976385016276395
Jawaharlal_Nehru_Stadium,2024,5,57.09,0.3059988700564972,3,89.46520451738076,0.26871831744000857,-32.37520451738075,0.037280552616488605,-1.1824790192431838
Jawaharlal_Nehru_Stadium,2024,7,28.01,0.3453,3,43.34373042745624,0.4776144586086565,-15.333730427456235,-0.13231445860865648,2.337318414342876
Jawaharlal_Nehru_Stadium,2024,8,15.91,0.4082015429196132,3,30.873854481984413,0.435479902206238,-14.963854481984413,-0.02727835928662481,0.4212992709588702
Jawaharlal_Nehru_Stadium,2024,9,26.92,0.3960082513850415,3,46.01217878174621,0.3852423887622823,-19.092178781746206,0.010765862622759192,-0.2035017556264988
Jawaharlal_Nehru_Stadium,2024,10,83.64,0.3130530840986332,3,118.45034943914446,0.29326677294907905,-34.81034943914446,0.019786311149554148,-0.6818709064464642
Jawaharlal_Nehru_Stadium,2024,11,210.86,0.2711095368647802,3,254.73357532704222,0.24723883428808963,-43.873575327042204,0.02387070257669055,-1.037254023391925
Jawaharlal_Nehru_Stadium,2024,12,163.08,0.2895032236842105,3,178.3623652788683,0.2629185059362065,-15.282365278868298,0.026584717748003972,-0.3938257413555332
Jawaharlal_Nehru_Stadium,2025,2,79.51,0.2910890477839337,3,115.54543996458915,0.2659066327142731,-36.035439964589145,0.02518241506966057,-0.8962867428841517
Jawaharlal_Nehru_Stadium,2025,4,49.37,0.2642723235001658,3,79.85305099372032,0.26458176823406815,-30.48305099372032,-0.00030944473390237537,0.009434506654070007
Jawaharlal_Nehru_Stadium,2025,5,44.92,0.3831405055125498,3,70.05341476099966,0.3281371532127755,-25.133414760999656,0.05500335229977432,-1.3291204620949748
Jawaharlal_Nehru_Stadium,2025,6,30.72,0.3800430392156863,3,48.21531075994305,0.33038717215161967,-17.495310759943052,0.049655867064066606,-0.8253034963306853
Jawaharlal_Nehru_Stadium,2025,7,17.2,0.3310763816981719,3,31.049643281051683,0.3998191663003776,-13.849643281051684,-0.06874278460220573,1.0353191719871842
Jawaharlal_Nehru_Stadium,2025,8,22.45,0.4306156472261734,3,33.43336172381968,0.4288577497196984,-10.98336172381968,0.0017578975064749813,-0.019253180307522582
Jawaharlal_Nehru_Stadium,2025,9,27.16,0.4022155332409972,3,40.95476078584849,0.37502192821892955,-13.794760785848492,0.027193605022067635,-0.36210074267284864
Jawaharlal_Nehru_Stadium,2025,11,207.41,0.2945502825895478,3,225.28136508510661,0.27297921483933324,-17.871365085106618,0.021571067750214556,-0.3773064773350911
Jawaharlal_Nehru_Stadium,2025,12,209.41,0.2511892970914127,3,226.75214737021466,0.24467815283061845,-17.34214737021466,0.006511144260794244,-0.11217029900149746
Major_Dhyan_Chand_National_Stadium,2022,1,166.5,0.4345806143628062,2,150.17896638951132,0.4402620106023214,16.321033610488684,-0.005681396239515191,-0.09215757352183715
Major_Dhyan_Chand_National_Stadium,2022,2,110.91,0.3897781582952817,2,90.060151037323,0.4085501390409471,20.849848962677,-0.01877198074566544,-0.3851845279140111
Major_Dhyan_Chand_National_Stadium,2022,3,94.22,0.4359151861076517,2,79.17425272008438,0.42865593231817206,15.045747279915616,0.007259253789479614,0.11014932102776231
Major_Dhyan_Chand_National_Stadium,2022,4,100.88,0.3664084016082536,2,93.46523171326697,0.35502426657861075,7.414768286733022,0.011384135029642861,0.08669401846812873
Major_Dhyan_Chand_National_Stadium,2022,5,79.28,0.3712998582063098,2,68.99468485577778,0.4288959956904827,10.285315144222224,-0.057596137484172916,-0.5339492474372587
Major_Dhyan_Chand_National_Stadium,2022,7,36.98,0.4712,2,33.51463386837929,0.46516933909510705,3.465366131620705,0.006030660904892959,0.021539202724859895
Major_Dhyan_Chand_National_Stadium,2022,8,33.38,0.5176471117602716,2,31.276882810036913,0.4983456400261297,2.10311718996309,0.019301471734141873,0.047156867692751
Major_Dhyan_Chand_National_Stadium,2022,12,185.15,0.3825459422997095,2,165.88613177903358,0.4136832824824409,19.26386822096643,-0.0311373401827314,-0.5827441580921908
Major_Dhyan_Chand_National_Stadium,2023,1,184.87,0.3961329977860799,2,181.08419421934434,0.36989671435156174,3.7858057806556644,0.02623628343451817,0.11145284248275103
Major_Dhyan_Chand_National_Stadium,2023,2,112.7,0.3760375812923759,2,96.52003466686743,0.40248657152943224,16.17996533313257,-0.026448990237056325,-0.4156189373018724
Major_Dhyan_Chand_National_Stadium,2023,5,58.39,0.4724435796319359,2,57.79210964044466,0.4609748435118959,0.5978903595553433,0.011468736120040013,0.009174404511550273
Major_Dhyan_Chand_National_Stadium,2023,6,41.03,0.4615160545248012,2,40.64316660782111,0.4155724135911197,0.3868333921788931,0.04594364093368153,0.054961387321855765
Major_Dhyan_Chand_National_Stadium,2023,7,36.17,0.5321910332836564,2,31.926298448681035,0.47825441429656035,4.243701551318967,0.05393661898709601,0.28014510695325506
Major_Dhyan_Chand_National_Stadium,2023,8,40.66,0.4868441158156913,2,35.07836481331566,0.49185087137426714,5.581635186684338,-0.005006755558575826,-0.027504236549673874
Major_Dhyan_Chand_National_Stadium,2023,9,40.68,0.4798203127162033,2,37.39751691067816,0.4816466835523621,3.282483089321836,-0.0018263708361588304,-0.00593626352253245
Major_Dhyan_Chand_National_Stadium,2023,10,98.75,0.4981690189566902,2,89.53242442633608,0.49845983882125033,9.217575573663922,-0.0002908198645601434,-0.002679163998142581
Major_Dhyan_Chand_National_Stadium,2023,11,241.09,0.4580796146395464,2,217.94984283651152,0.4531248926846416,23.14015716348848,0.004954721954904762,0.11508555910676407
Major_Dhyan_Chand_National_Stadium,2023,12,199.52,0.3936006745537571,2,183.4114352436967,0.4234999840897427,16.10856475630331,-0.02989930953598563,-0.46588482876503545
Major_Dhyan_Chand_National_Stadium,2024,1,217.34,0.3727085624123422,2,183.1303893570321,0.38673616636238023,34.2096106429679,-0.014027603950038048,-0.4764120680491275
Major_Dhyan_Chand_National_Stadium,2024,2,110.59,0.3840495814307459,2,88.460179649383,0.39520498927411196,22.12982035061701,-0.01115540784336605,-0.24467470550052603
Major_Dhyan_Chand_National_Stadium,2024,3,71.36,0.3780325273280753,2,71.75971606078329,0.39066849100456746,-0.399716060783291,-0.012635963676492168,0.007863855721089857
Major_Dhyan_Chand_National_Stadium,2024,4,59.8,0.4086655464456259,2,54.68705125625845,0.3736819276406763,5.112948743741548,0.0349836188049496,0.2004315682996991
Major_Dhyan_Chand_National_Stadium,2024,5,85.22,0.3672965442092156,2,69.68666122586201,0.34302692209925145,15.533338774137988,0.02426962210996414,0.3873656486577801
Major_Dhyan_Chand_National_Stadium,2024,6,64.24,0.3464832646331409,2,50.55536525737831,0.36806561248392955,13.684634742621682,-0.021582347850788663,-0.2871400214162518
Major_Dhyan_Chand_National_Stadium,2024,7,39.61,0.5500882322713257,2,37.83078534516201,0.5252948903135473,1.7792146548379861,0.024793341957778492,0.05494276832294666
Major_Dhyan_Chand_National_Stadium,2024,8,28.16,0.460343236409608,2,26.90019101167552,0.5379723936145836,1.2598089883244796,-0.0776291572049756,0.008374507507571667
Major_Dhyan_Chand_National_Stadium,2024,10,110.9,0.3851606164383563,2,94.84265872028027,0.41528744771069,16.057341279719736,-0.030126831272333676,-0.4677660599217122
Major_Dhyan_Chand_National_Stadium,2024,11,253.91,0.3753437456759377,2,222.7178014632666,0.3776928214499587,31.1921985367334,-0.002349075774020992,-0.0731756178317463
Major_Dhyan_Chand_National_Stadium,2024,12,177.43,0.3926066763525669,2,161.75417516591563,0.4172912350689799,15.67582483408438,-0.024684558716413008,-0.3762155552772819
Major_Dhyan_Chand_National_Stadium,2025,1,179.75,0.4075004220285043,2,155.54492612638413,0.42891380511237054,24.205073873615873,-0.021413383083866255,-0.5102339858042276
Major_Dhyan_Chand_National_Stadium,2025,3,67.4,0.3911468382454684,2,60.39479874669982,0.42076910203591206,7.005201253300186,-0.029622263790443637,-0.19205031227062677
Major_Dhyan_Chand_National_Stadium,2025,4,69.85,0.4028061713020617,2,63.33074229433173,0.36939054993729,6.519257705668267,0.03341562136477172,0.23751761467236104
Major_Dhyan_Chand_National_Stadium,2025,5,66.61,0.4468585305105853,2,54.7180719415487,0.464853005903574,11.891928058451299,-0.017994475392988707,-0.20828420787281257
Major_Dhyan_Chand_National_Stadium,2025,7,24.53,0.4275629636940792,2,30.20273309781993,0.48242509892779667,-5.672733097819929,-0.05486213523371747,0.3642465102978742
Major_Dhyan_Chand_National_Stadium,2025,9,33.98,0.4811453438494539,2,33.98787219514661,0.5067744083985065,-0.00787219514661075,-0.025629064549052616,0.01177426456937736
Major_Dhyan_Chand_National_Stadium,2025,10,102.38,0.4775328767123288,2,90.7958056390944,0.4724896274786909,11.584194360905599,0.005043249233637914,0.05887008746590365
Major_Dhyan_Chand_National_Stadium,2025,11,179.83,0.3987443545039437,2,189.74588062404533,0.4277823729398503,-9.915880624045315,-0.029038018435906587,0.30279332002952597
Major_Dhyan_Chand_National_Stadium,2025,12,185.81,0.3493240590839906,2,198.66186923771386,0.3725135476798537,-12.851869237713856,-0.02318948859586306,0.3075025134670553
Mandir_Marg,2022,1,144.43,0.5107446089965396,1,138.5600087627451,0.40618222595913156,5.869991237254908,0.10456238303740806,0.8064053862163092
Mandir_Marg,2022,2,93.91,0.4209328650519028,1,107.74456460086459,0.39086509325471297,-13.834564600864596,0.030067771797189835,-0.400046413686737
Mandir_Marg,2022,4,102.16,0.3891915623895369,1,103.6029145797011,0.3686972824673183,-1.4429145797011103,0.020494279922218583,-0.02217157075619077
Mandir_Marg,2022,6,71.06,0.466368887069211,1,61.47963903849994,0.40645642074706895,9.580360961500062,0.05991246632214203,0.6372237084876707
Mandir_Marg,2022,8,21.8,0.6055502365321492,1,33.58122410387785,0.4409099345593719,-11.78122410387785,0.16464030197277735,-1.4620973353360522
Mandir_Marg,2022,9,28.22,0.5625572595155709,1,40.288737447265824,0.4353820532443076,-12.068737447265825,0.12717520627126327,-1.2498953527292298
Mandir_Marg,2022,10,53.96,0.5431550380622835,1,107.34834371599358,0.43360151340166364,-53.38834371599358,0.10955352466061985,-5.637427829637095
Mandir_Marg,2022,12,166.09,0.4199897093425605,1,157.902850503664,0.3713467060218322,8.18714949633599,0.04864300332072835,0.4399347401968354
Mandir_Marg,2023,1,173.26,0.4166336089965396,1,172.3143867148969,0.3462744187682393,0.945613285103093,0.07035919022830034,0.1537500839760577
Mandir_Marg,2023,2,102.68,0.3649368512110726,1,118.69722432835864,0.3809720238430049,-16.017224328358637,-0.01603517263193227,0.26136907236148316
Mandir_Marg,2023,3,67.28,0.4104134926187645,1,74.53941962887944,0.3999282861965107,-7.259419628879442,0.010485206422253757,-0.07417957436003436
Mandir_Marg,2023,4,56.84,0.4546260622837367,1,66.73453568018684,0.41510139140655555,-9.894535680186834,0.039524670877181145,-0.36355509397975694
Mandir_Marg,2023,5,58.99,0.4711655743944636,1,64.98070935118957,0.43956167990346195,-5.990709351189572,0.03160389449100165,-0.1717325624567979
Mandir_Marg,2023,6,36.91,0.4155091200466201,1,45.041045186336454,0.4017831697573437,-8.131045186336458,0.013725950289276423,-0.10828701972490866
Mandir_Marg,2023,7,30.0,0.5192308813783965,1,35.15133234683729,0.4185217812504567,-5.151332346837293,0.10070910012793977,-0.3400963965660885
Mandir_Marg,2023,9,35.9,0.5689385051903113,1,39.93036856620773,0.432595097175645,-4.030368566207734,0.13634340801466632,-0.22199989529095734
Mandir_Marg,2023,10,93.09,0.5760596608996538,1,103.66082500867691,0.4406471634472106,-10.570825008676906,0.13541249745244316,-1.1083645884063733
Mandir_Marg,2023,11,232.47,0.4915647197231831,1,237.8211892015911,0.3895346579948921,-5.351189201591097,0.10203006172829099,-0.3625741698101243
Mandir_Marg,2023,12,191.94,0.4339756193771625,1,187.1302961762523,0.38866298792470655,4.809703823747697,0.045312631452455954,0.25411466970383706
Mandir_Marg,2024,2,101.11,0.3938905916955016,1,105.83608629427194,0.3686231770390108,-4.726086294271937,0.025267414656490794,-0.1081677678793735
Mandir_Marg,2024,4,48.93,0.4047807551218159,1,65.50394478467528,0.3719148161845053,-16.573944784675284,0.0328659389373106,-0.5256875884088978
Mandir_Marg,2024,5,62.22,0.3320501927000682,1,87.93322227079952,0.3345433139003876,-25.71322227079952,-0.0024931212003194148,0.06421568830311082
Mandir_Marg,2024,6,42.92,0.3673173898228078,1,64.52490203597681,0.3324307328149086,-21.604902035976806,0.034886657007899224,-0.7322800475131
Mandir_Marg,2024,7,32.68,0.6463825710754015,1,40.29549869012385,0.4324905465115914,-7.61549869012385,0.21389202456381012,-0.8228645442421911
Mandir_Marg,2024,8,26.01,0.5131762958532696,1,29.235105241023756,0.4810866300079171,-3.225105241023755,0.0320896658453525,-0.08535024911715008
Mandir_Marg,2024,9,41.79,0.5718442283737022,1,40.23409702355796,0.44213879950406176,1.5559029764420416,0.12970542886964043,0.49820911236419063
Mandir_Marg,2024,10,109.7,0.4342629351512214,1,108.70619744777927,0.372800191964184,0.9938025522207283,0.06146274318703737,0.12763762110278526
Mandir_Marg,2024,11,243.91,0.4135372525951558,1,241.08489426237534,0.31606107936554334,2.8251057376246536,0.09747617322961244,0.4427818269938052
Mandir_Marg,2024,12,163.81,0.4287730207612455,1,158.6826436577234,0.3695916722929151,5.127356342276613,0.0591813484683304,0.36515047081474794
Mandir_Marg,2025,1,169.97,0.435231169550173,1,143.83382143349408,0.38130741760129966,26.13617856650592,0.05392375194887333,1.4605905518678135
Mandir_Marg,2025,2,92.62,0.4321010173010378,1,100.4652426609885,0.38485288285889,-7.8452426609884895,0.04724813444214776,-0.3313424145153011
Mandir_Marg,2025,3,61.93,0.4076057128027681,1,69.84749481241451,0.39237988836729415,-7.91749481241451,0.015225824435473934,-0.11646602988497774
Mandir_Marg,2025,5,55.31,0.4846022838950791,1,66.76684338518677,0.41884381758619,-11.456843385186772,0.0657584663088891,-0.6772001789687238
Mandir_Marg,2025,6,47.36,0.512667896429176,1,48.455123816667445,0.40791252010715207,-1.0951238166674457,0.10475537632202392,0.07861672825710746
Mandir_Marg,2025,7,31.42,0.5729578809962822,1,33.08849428121,0.38497017591501836,-1.6684942812099948,0.18798770508126383,0.30896041931514423
Mandir_Marg,2025,9,36.66,0.5928373702422145,1,37.451816158361396,0.43897601171648415,-0.7918161583613994,0.15386135852573035,0.2952517462611756
Mandir_Marg,2025,10,101.5,0.4769693938390195,1,106.69234532019931,0.4264708333758898,-5.192345320199308,0.05049856046312967,-0.21727766679244648
Mandir_Marg,2025,11,181.95,0.5036657474048442,1,197.67875976052557,0.35416774234597337,-15.728759760525577,0.1494980050588708,-1.9576571525357491
Mundka,2022,1,178.37,0.3103049484749982,4,129.09503423744886,0.33988044587111826,49.27496576255115,-0.029575497396120087,-1.441920789877448
Mundka,2022,4,150.6,0.2501610484819143,4,109.37867692034811,0.2939660270064967,41.22132307965188,-0.04380497852458243,-1.7718919952634513
Mundka,2022,5,83.21,0.2324595753509924,4,70.82047072970221,0.3062595509414869,12.389529270297786,-0.07379997559049448,-0.8183904574097131
Mundka,2022,7,34.72,0.3334106699081577,4,33.35897504262279,0.4388735480775416,1.3610249573772109,-0.10546287816938388,0.05241958053110338
Mundka,2022,8,33.37,0.3300923645709767,4,32.00448775884537,0.4366381383192968,1.3655122411546259,-0.10654577374832014,0.054512478782338517
Mundka,2022,9,42.03,0.3327296320630749,4,40.81771397296213,0.4246536989770473,1.2122860270378695,-0.09192406691397242,0.0374362752692732
Mundka,2022,11,210.86,0.2658673317656821,4,141.18969379449578,0.30885831605798475,69.67030620550423,-0.042990984292302636,-2.9626326146787143
Mundka,2022,12,206.48,0.2363193858496437,4,145.24768425289668,0.2864606388407969,61.232315747103314,-0.05014125299115321,-3.025970277578303
Mundka,2023,1,195.55,0.2000330451621827,4,134.94048255332362,0.265374767352583,60.60951744667639,-0.06534172219040027,-3.885108555714504
Mundka,2023,2,132.48,0.2581867556539179,4,109.18780704831455,0.3043660995911946,23.292192951685436,-0.046179343937276685,-1.0380467804625686
Mundka,2023,3,93.5,0.2793769589874819,4,73.2163171515997,0.32150735148024273,20.283682848400304,-0.04213039249276085,-0.8232877128238697
Mundka,2023,4,92.13,0.2987858150632824,4,65.76934200848758,0.3277974400822467,26.36065799151241,-0.029011625018964315,-0.7499367226146164
Mundka,2023,5,79.59,0.3400254236115911,4,60.921933933797064,0.35150411779834245,18.66806606620294,-0.011478694186751348,-0.2119636377080955
Mundka,2023,6,52.29,0.2468841096501003,4,41.91299889456456,0.34342587641061756,10.37700110543544,-0.09654176676051726,-0.8376067248103858
Mundka,2023,7,37.99,0.3494416518650089,4,32.213258325410465,0.42792821634937106,5.7767416745895375,-0.07848656448436214,-0.3448659082514416
Mundka,2023,8,37.0,0.3245553496092398,4,36.48763855939789,0.4082007671401164,0.5123614406021133,-0.08364541753087656,0.08041015557508942
Mundka,2023,9,45.02,0.3296130126564769,4,42.74155834062694,0.41289123672094646,2.2784416593730654,-0.08327822406446955,-0.0675576109903246
Mundka,2023,10,136.62,0.3446863821841068,4,100.79725998016364,0.3930399441320607,35.82274001983636,-0.04835356194795393,-1.6909645068991002
Mundka,2023,12,251.24,0.253968538626461,4,156.46585705690612,0.30884181897640683,94.77414294309389,-0.05487328034994582,-5.147518308375931
Mundka,2024,1,239.49,0.1936069542391475,4,165.92368675406703,0.29560283642344504,73.56631324593297,-0.10199588218429753,-7.320175884697954
Mundka,2024,2,128.48,0.2628677536482466,4,101.08758712767373,0.286770162326965,27.39241287232626,-0.0239024086787184,-0.6446789166559139
Mundka,2024,3,106.52,0.2464269209488898,4,75.54970553278308,0.28226076842026215,30.970294467216917,-0.03583384747137236,-1.0871618784133363
Mundka,2024,4,88.48,0.2635824572930354,4,63.82012154330321,0.2809517621164556,24.659878456696795,-0.017369304823420195,-0.42300965737470947
Mundka,2024,5,112.44,0.2367594474030014,4,84.84455066478111,0.26151746310854357,27.595449335218888,-0.024758015705542175,-0.6724093171245907
Mundka,2024,6,62.48,0.2084964416626323,4,54.60037187554722,0.28178162531772605,7.879628124452779,-0.07328518365509376,-0.48283751457235935
Mundka,2024,7,38.41,0.3878779167918609,4,36.63006317046218,0.47410337758501414,1.7799368295378173,-0.08622546079315324,-0.022487420721427977
Mundka,2024,8,26.17,0.3916841823899369,4,25.80632358825234,0.5129287858047403,0.36367641174766163,-0.12124460341480342,0.21489846548015673
Mundka,2024,9,45.61,0.3914185766650528,4,39.23366841338192,0.4337507566652551,6.376331586618079,-0.04233218000020228,-0.238351933741474
Mundka,2024,10,124.89,0.2742813818383015,4,109.0330215970486,0.31005502407392693,15.856978402951398,-0.03577364223562546,-0.5447148973606056
Mundka,2024,11,293.5,0.2313301542291997,4,218.35320057524336,0.2633337254687962,75.14679942475664,-0.03200357123959649,-2.3869208672022113
Mundka,2025,1,199.35,0.2835977453489176,4,131.3672485360723,0.3082621734875248,67.98275146392768,-0.024664428138607253,-1.6660379272322277
Mundka,2025,3,98.54,0.2695205996265301,4,69.84207206075799,0.3118445262521728,28.69792793924202,-0.042323926625642716,-1.1830492235072896
Mundka,2025,5,75.26,0.2825876651220693,4,60.691598617376876,0.34755138552053083,14.56840138262313,-0.06496372039846154,-0.8720636561598437
Mundka,2025,6,48.05,0.2674832976001107,4,41.6774148308718,0.34432263752103975,6.3725851691282,-0.07683933992092906,-0.3856422762724633
Mundka,2025,7,25.91,0.3544609142955994,4,28.36864957249151,0.42143974008338064,-2.4586495724915096,-0.06697882578778125,0.24371565809375595
Mundka,2025,8,30.0,0.3904937688442212,4,26.707383066347557,0.4724162457883101,3.292616933652443,-0.08192247694408888,-0.15149832954073073
Mundka,2025,10,116.64,0.3397090186043295,4,104.17281495636472,0.3719613176248283,12.467185043635283,-0.03225229902049881,-0.3837687201292577
Mundka,2025,11,263.67,0.2608045127602185,4,187.15314671356793,0.29920172636579173,76.51685328643208,-0.038397213605573244,-2.9120586115412834
Najafgarh,2022,3,79.09,0.3794961173455252,3,73.38016187422927,0.4449052717800657,5.70983812577073,-0.06540915443454054,-0.29809865164439114
Najafgarh,2022,4,82.35,0.2817727694652259,3,94.69128922150794,0.338015968304813,-12.34128922150795,-0.056243198839587116,0.7498452450858419
Najafgarh,2022,5,66.04,0.289339484621779,3,70.4668919416494,0.3308570501200635,-4.426891941649387,-0.0415175654982845,0.21416244267578927
Najafgarh,2022,6,49.73,0.3411212114816379,3,50.19615659404311,0.3316320625615915,-0.46615659404311316,0.009489148920046375,-0.0028370155061893682
Najafgarh,2022,7,28.51,0.4476308773216033,3,31.05023170334374,0.5756285390082798,-2.540231703343739,-0.12799766168667653,0.6137900451839613
Najafgarh,2022,8,24.99,0.4596896300914381,3,30.982992016975487,0.5828711716463041,-5.992992016975489,-0.12318154155486599,1.0055594022482508
Najafgarh,2022,9,28.72,0.4491300083125521,3,32.49444298132275,0.5725488617486673,-3.77444298132275,-0.12341885343611514,0.7342018714725213
Najafgarh,2022,10,80.27,0.3563696314768634,3,92.42806745693252,0.5401505461300447,-12.158067456932528,-0.18378091465318125,2.8294835297238263
Najafgarh,2022,11,154.59,0.42943869146578,3,188.94903304911688,0.5103640487839052,-34.359033049116874,-0.08092535731812517,2.895897207403689
Najafgarh,2023,1,130.31,0.5952444790800777,3,163.59996363021625,0.3826305925627112,-33.28996363021625,0.2126138865173665,-6.281482940088892
Najafgarh,2023,2,85.65,0.5995144465225826,3,97.84228052459885,0.4139173686793879,-12.192280524598843,0.18559707784319468,-1.6559696718514372
Najafgarh,2023,3,63.62,0.4583239366860627,3,71.69605308454331,0.4358008840243521,-8.076053084543311,0.02252305266171062,-0.17295986041134617
Najafgarh,2023,4,57.16,0.3289795303408147,3,65.66075659973988,0.39728134840334983,-8.500756599739887,-0.06830181806253516,0.6628085521741566
Najafgarh,2023,5,56.21,0.3776401738708784,3,61.638881523573765,0.43422170147256595,-5.428881523573764,-0.05658152760168755,0.36357859118721486
Najafgarh,2023,6,35.55,0.3584360665541017,3,39.3729210907685,0.4392753352554983,-3.822921090768503,-0.08083926870139657,0.4241769731479148
Najafgarh,2023,7,25.18,0.5138606810612153,3,30.865290982496198,0.5843594859667489,-5.685290982496198,-0.07049880490553362,0.4883701958792057
Najafgarh,2023,8,23.7,0.4399545753671376,3,34.71437559283624,0.5493399206405655,-11.014375592836242,-0.10938534527342786,1.4156159569669227
Najafgarh,2023,9,32.07,0.4653537891382655,3,36.90691233230494,0.5594048881745206,-4.836912332304941,-0.09405109903625514,0.6107607869440952
Najafgarh,2023,10,86.64,0.40592857439734,3,87.02361818130791,0.5502881416716959,-0.38361818130790937,-0.14435956727435595,0.4225370488980034
Najafgarh,2023,11,230.95,0.4278044472152952,3,227.38518839460312,0.4844885211329716,3.5648116053968693,-0.05668407391767638,-0.14545922805902062
Najafgarh,2024,1,160.88,0.6166222984206153,3,182.3821727030033,0.3632839500356438,-21.50217270300331,0.25333834838497155,-4.316582112682696
Najafgarh,2024,2,79.45,0.6367915558326407,3,93.5619391425052,0.377832442914464,-14.111939142505193,0.2589591129181767,-2.47294071848949
Najafgarh,2024,3,73.46,0.4779178027154339,3,73.16324104340315,0.366562670516229,0.2967589565968467,0.1113551321992049,0.25151091977518386
Najafgarh,2024,4,62.67,0.2799353560543087,3,67.208788080374,0.3377070735869632,-4.538788080374005,-0.05777171753265453,0.3210156403806298
Najafgarh,2024,7,31.44,0.5799973599484868,3,33.966667221455026,0.5893891653327212,-2.5266672214550248,-0.009391805384234453,0.025283999443186257
Najafgarh,2024,8,16.35,0.6122725595799113,3,24.67686634216232,0.5820944925673935,-8.326866342162319,0.030178067012517795,-0.23524354281260404
Najafgarh,2024,9,28.59,0.4665955216126351,3,42.003442066218895,0.5847789885529806,-13.413442066218895,-0.11818346694034548,1.8313265756891808
Najafgarh,2024,10,92.18,0.3847274175671932,3,99.22567118108056,0.48653799064517084,-7.04567118108055,-0.10181057307797764,0.8999435639326601
Najafgarh,2024,11,231.21,0.4146229080077585,3,225.44119118754068,0.41584868746250314,5.768808812459326,-0.0012257794547446688,-0.007044815327645986
Najafgarh,2024,12,148.89,0.513420102521474,3,163.63211654184983,0.41819300246211993,-14.742116541849839,0.09522710005935403,-1.2440834779785186
Najafgarh,2025,1,125.44,0.6267107370462734,3,152.60006719733897,0.41221999007071214,-27.160067197338975,0.2144907469755613,-5.015034450335196
Najafgarh,2025,2,80.14,0.6493814353006374,3,93.6460810904135,0.41440719028965034,-13.506081090413502,0.23497424501098707,-2.2008284073329816
Najafgarh,2025,4,67.51,0.2860015447492379,3,71.94641437798047,0.33825960212020667,-4.436414377980469,-0.05225805737096878,0.2799520672334608
Najafgarh,2025,6,48.78,0.3882790870047103,3,43.405603629734195,0.40519109195005626,5.374396370265806,-0.01691200494534595,-0.0858527274972303
Najafgarh,2025,8,23.0,0.5596251697146023,3,26.33954686733787,0.5972307041035607,-3.3395468673378694,-0.03760553438895842,0.15050070854269157
Najafgarh,2025,9,24.65,0.5069198150457191,3,31.801795785001172,0.5972366737062932,-7.151795785001173,-0.09031685866057404,0.7896419058637602
Najafgarh,2025,11,181.06,0.4661572838736493,3,209.9675954709974,0.4856241671080446,-28.907595470997393,-0.019466883234395327,0.56941737722015
Najafgarh,2025,12,157.28,0.5938635737046274,3,191.4575200589561,0.4125776679578021,-34.177520058956105,0.1812859057468253,-5.6168873726330535
Narela,2022,2,125.77,0.3625122400331652,2,118.57032112009722,0.42140168363775243,7.199678879902777,-0.058889443604587255,-0.36288569455462144
Narela,2022,3,116.06,0.3719469149450699,2,122.71989600090265,0.425936974058367,-6.659896000902648,-0.05399005911329713,0.41092398716196793
Narela,2022,4,139.61,0.3004013093346231,2,140.22170493333533,0.3515354485052424,-0.611704933335318,-0.051134139170619264,0.0773453614646842
Narela,2022,5,86.39,0.3050645443239135,2,89.98170723178232,0.4193767372440725,-3.5917072317823227,-0.11431219292015898,0.6407980644937943
Narela,2022,6,67.45,0.3760540489186763,2,72.5381123213687,0.44316499607068377,-5.088112321368698,-0.0671109471520075,0.42081836032625053
Narela,2022,10,112.79,0.3890180335797694,2,117.85566801377179,0.4768046794631272,-5.065668013771784,-0.08778664588335783,0.5804727115721916
Narela,2022,11,217.4,0.3558425585573136,2,209.49904637958633,0.43724573564682734,7.900953620413674,-0.08140317708951372,-0.5264160103477679
Narela,2023,1,180.98,0.2677232743729703,2,182.7854615136648,0.4066621059168241,-1.8054615136648238,-0.13893883154385384,0.5909507619516948
Narela,2023,2,133.96,0.3020679023008361,2,124.02399402593464,0.396535160594817,9.936005974065367,-0.09446725829398095,-0.7814011629848138
Narela,2023,3,94.56,0.3270746113452638,2,93.49019137274145,0.4138751316258907,1.0698086272585527,-0.0868005202806269,0.03988152385671436
Narela,2023,4,82.14,0.326880204518759,2,90.34904361183953,0.4164044461067371,-8.209043611839533,-0.08952424158797812,0.8761111892714901
Narela,2023,5,78.32,0.3898486388447453,2,79.67653508819552,0.4425263099226405,-1.3565350881955283,-0.05267767107789523,0.12034855295684314
Narela,2023,7,32.32,0.449153954496208,2,35.55934632302373,0.5199529213252654,-3.2393463230237316,-0.0707989668290574,0.3176535764961599
Narela,2023,8,32.23,0.4575985524770263,2,40.21524171103816,0.4886272494603427,-7.985241711038164,-0.031028696983316395,0.26473411334887076
Narela,2023,9,41.33,0.4611694569197818,2,48.733641190295444,0.5078804969190663,-7.4036411902954455,-0.046711039999284554,0.38427334277622405
Narela,2023,10,115.26,0.4241212879154287,2,130.5032858767615,0.4708977193504615,-15.243285876761504,-0.046776431435032795,0.7515757847504563
Narela,2023,12,207.15,0.3400731569128722,2,221.05502600345986,0.4215003620386426,-13.905026003459852,-0.0814272051257704,1.2490630522292043
Narela,2024,1,199.61,0.2189018490345232,2,217.36910482443488,0.39498140450162333,-17.75910482443487,-0.17607955546710014,3.673250667800897
Narela,2024,2,108.9,0.3278124680439441,2,118.70114878599344,0.39049178507406385,-9.801148785993433,-0.06267931703011975,0.6835459459115883
Narela,2024,4,78.58,0.2833881538036343,2,94.46510682498251,0.35170952717074694,-15.885106824982515,-0.06832137336711264,1.1675308066053376
Narela,2024,5,101.37,0.2407491570510607,2,90.85291451637123,0.2964895865301091,10.517085483628776,-0.05574042947904839,-0.5314871400293507
Narela,2024,6,57.24,0.2286409866648242,2,64.79485382491303,0.327586078293377,-7.554853824913032,-0.0989450916285528,0.9200003627201342
Narela,2024,7,37.0,0.3064,2,43.48934399541976,0.5852702795445132,-6.489343995419759,-0.27887027954451316,3.179829851234342
Narela,2024,8,24.24,0.5713297481823021,2,31.084169694616822,0.5925927042584651,-6.844169694616824,-0.02126295607616302,0.15349271000729092
Narela,2024,9,40.62,0.5233740274994819,2,48.36211284610416,0.5417614445123269,-7.742112846104163,-0.018387417012844964,0.14831412573807815
Narela,2024,10,116.01,0.3503501036412631,2,130.56530240863756,0.4099444989049959,-14.555302408637559,-0.05959439526373278,0.9299854020172089
Narela,2024,11,271.1,0.3060740689559871,2,278.1631455763219,0.37538277829087835,-7.063145576321858,-0.06930870933489125,0.5741700849880106
Narela,2024,12,167.2,0.3066243591515235,2,192.19881039175775,0.39836763933840724,-24.998810391757758,-0.09174328018688377,2.4417623970601205
Narela,2025,1,171.09,0.3211754715677469,2,181.32403055870736,0.4464246740646972,-10.23403055870736,-0.12524920249695032,1.558187532217822
Narela,2025,2,107.89,0.336701817176812,2,113.32136471130211,0.4137484782980288,-5.431364711302109,-0.07704666112121678,0.5230535666702454
Narela,2025,3,87.08,0.3344106992330548,2,82.79662400712412,0.41023203323788493,4.283375992875875,-0.07582133400483015,-0.22348635792019775
Narela,2025,5,78.09,0.3799382885372762,2,74.84380670576141,0.4402588348264213,3.2461932942385943,-0.06032054628914513,-0.13170706557627193
Narela,2025,6,57.03,0.3357157949284876,2,57.043123812822856,0.4350764751250215,-0.013123812822854575,-0.09936068019653393,0.1752406306681215
Narela,2025,8,30.74,0.4739399892550143,2,33.205424413899415,0.5669578633215371,-2.4654244138994166,-0.09301787406652279,0.3817670783902763
Narela,2025,9,38.21,0.4865668244317004,2,45.716846861510824,0.5096776889319179,-7.506846861510823,-0.023110864500217487,0.1828998229750536
Narela,2025,10,113.75,0.4378613003523804,2,128.39047126093038,0.46020767205740304,-14.640471260930383,-0.022346371705022627,0.3359592515428607
Narela,2025,11,262.94,0.3755279900504388,2,252.00771263546892,0.4386983318467543,10.932287364531078,-0.06317034179631548,-0.6202909725227447
Narela,2025,12,232.39,0.3166117943757343,2,268.0197913307535,0.39386224682531046,-35.629791330753505,-0.07725045244957618,2.857556545833674
Nehru_Nagar,2022,2,146.2,0.3174853260869567,1,105.01113585593838,0.28804218807151566,41.18886414406161,0.029443138015441017,1.2280026157190367
Nehru_Nagar,2022,3,110.39,0.3328442709775684,1,95.14718235052398,0.317721263117389,15.242817649476024,0.015123007860179394,0.2345466319883185
Nehru_Nagar,2022,4,107.04,0.3258670798395916,1,94.43440303245968,0.2930885300494433,12.605596967540322,0.032778549790148326,0.4321227877240387
Nehru_Nagar,2022,6,53.68,0.3980753306086328,1,51.38936516783268,0.3375510298484649,2.2906348321673207,0.060524300760167904,0.20317796649730974
Nehru_Nagar,2022,7,38.48,0.5046014365881032,1,32.63125810108658,0.38366008642712823,5.848741898913417,0.12094135016097496,0.9650530631003129
Nehru_Nagar,2022,9,42.07,0.4627742315148158,1,38.96277612997854,0.40566776785407543,3.107223870021457,0.05710646366074035,0.2348981847261179
Nehru_Nagar,2022,11,218.75,0.3519733141788978,1,186.0695537649787,0.3223710080437297,32.68044623502129,0.02960230613516812,0.982855356799666
Nehru_Nagar,2022,12,237.58,0.3130319094433674,1,182.61663822815987,0.2782224921081962,54.96336177184014,0.03480941733517118,1.934590513380961
Nehru_Nagar,2023,2,135.41,0.3149034547216837,1,114.11637912939545,0.2824854854787829,21.293620870604542,0.0324179692429008,0.7088113667789104
Nehru_Nagar,2023,4,71.46,0.3880420962455304,1,61.63711893205263,0.33454083369962045,9.822881067947364,0.05350126254590992,0.5759666617453044
Nehru_Nagar,2023,5,65.1,0.4130338306563279,1,57.86997640517607,0.3483116571618792,7.230023594823926,0.06472217349444875,0.5417448447429977
Nehru_Nagar,2023,6,41.83,0.4100379310344827,1,38.84609988795363,0.3313076508779373,2.9839001120463706,0.07873028015654543,0.34412905477957373
Nehru_Nagar,2023,7,35.56,0.4453012086827826,1,30.244407231880817,0.39715762328139975,5.315592768119185,0.04814358540138286,0.29674728343916557
Nehru_Nagar,2023,8,32.81,0.4458122472999168,1,33.18506083919082,0.39057881945619327,-0.3750608391908159,0.05523342784372354,0.03303255579928833
Nehru_Nagar,2023,9,45.6,0.4043846302963167,1,45.03235855571642,0.3926203754897391,0.5676414442835807,0.011764254806577612,0.009116199195050387
Nehru_Nagar,2023,10,122.7,0.4426019108280255,1,96.85600979595614,0.3910967445109376,25.843990204043862,0.0515051663170879,1.3778363064296963
Nehru_Nagar,2023,12,265.73,0.3238262773469952,1,204.450950854561,0.30088421668755183,61.27904914543902,0.022942060659443375,1.4151408025349244
Nehru_Nagar,2024,1,271.67,0.2705166885904181,1,232.4778151521697,0.25813575997596805,39.192184847830305,0.01238092861445006,0.4879362934609553
Nehru_Nagar,2024,3,80.52,0.2923710832868303,1,70.64324947914473,0.2743757274302926,9.876750520855268,0.01799535585653772,0.18344099756061127
Nehru_Nagar,2024,4,60.19,0.3519871767698178,1,57.969761008053055,0.28928465248335045,2.2202389919469425,0.06270252428646733,0.20848248814374293
Nehru_Nagar,2024,5,87.83,0.2886809757694826,1,68.99308698517397,0.26793033007838185,18.836913014826024,0.020750645691100744,0.3984643237077291
Nehru_Nagar,2024,6,51.4,0.4592573305148724,1,50.49087379648334,0.2884920839221567,0.9091262035166565,0.1707652465927157,0.6690079349534436
Nehru_Nagar,2024,7,40.75,0.5343288359225368,1,32.39901893918136,0.4171884739698162,8.35098106081864,0.1171403619527206,1.2199917337645771
Nehru_Nagar,2024,8,26.8,0.503862243852459,1,22.640653352647345,0.4527629057153012,4.159346647352656,0.051099338137157835,0.2585435344008868
Nehru_Nagar,2024,9,43.64,0.4808131854057047,1,37.40139219764043,0.40914631152252934,6.238607802359567,0.07166687388317539,0.5375911638305115
Nehru_Nagar,2024,10,125.74,0.3371654770146773,1,96.7974557641525,0.3139045584023194,28.942544235847492,0.023260918612357906,0.6827628606715688
Nehru_Nagar,2024,12,232.41,0.3197786762669621,1,177.77941792158006,0.2730228790087283,54.630582078419934,0.04675579725823381,2.5928116853850627
Nehru_Nagar,2025,1,203.63,0.3313940286624204,1,178.76670228201792,0.290201086776998,24.86329771798208,0.041192941885422385,1.05408799918536
Nehru_Nagar,2025,2,116.74,0.3261118630573247,1,95.84020757104204,0.28237970632726156,20.89979242895795,0.04373215673006314,0.9476878658374589
Nehru_Nagar,2025,3,72.68,0.3230488922736083,1,66.41441475243724,0.30792184573125453,6.265585247562768,0.01512704654235375,0.09881133294285713
Nehru_Nagar,2025,4,75.5,0.2953164201429282,1,66.9261060243177,0.27666714882216603,8.573893975682296,0.018649271320762162,0.16602440858864723
Nehru_Nagar,2025,5,64.28,0.3951922761449079,1,56.94199007875275,0.3470504382128563,7.338009921247249,0.04814183793205157,0.3940979090530319
Nehru_Nagar,2025,6,46.14,0.3999595865193996,1,38.92268836287216,0.34385990633976476,7.2173116371278425,0.05609968017963485,0.46033647226894076
Nehru_Nagar,2025,7,29.74,0.4720333643808017,1,26.440355983558707,0.38923992463124585,3.2996440164412917,0.08279343974955583,0.3939574181414564
Nehru_Nagar,2025,8,34.05,0.5202613465536543,1,25.006492245276977,0.4339949177537697,9.04350775472302,0.08626642879988461,0.9112640721684562
Nehru_Nagar,2025,9,35.08,0.4283222514538909,1,31.446563695262864,0.4096747634057161,3.6334363047371347,0.018647488048174787,0.07388082183436868
Nehru_Nagar,2025,10,119.32,0.4277438930101349,1,96.09785013106323,0.3718462468066502,23.222149868936768,0.0558976462034847,1.353112463051318
Nehru_Nagar,2025,11,251.08,0.3227703994738299,1,201.32670391892793,0.29732387028163526,49.75329608107208,0.025446529192194645,1.2774569522739154
North_Campus_DU,2022,1,135.46,0.2698276675195353,0,152.67035928845235,0.26931097636757717,-17.210359288452338,0.0005166911519581263,-0.008887736835339449
North_Campus_DU,2022,2,93.0,0.2292617453841366,0,111.90267255441987,0.2281409990089141,-18.902672554419865,0.0011207463752224978,-0.021162971990151054
North_Campus_DU,2022,3,82.85,0.3043362665099232,0,102.91217464336198,0.2592267804987133,-20.062174643361985,0.0451094860112099,-0.8691436797189289
North_Campus_DU,2022,5,69.91,0.1998425675675675,0,89.80305152919945,0.23153665466170467,-19.893051529199454,-0.03169408709413718,0.6481898741134712
North_Campus_DU,2022,6,52.85,0.2469375388695598,0,78.19046299298921,0.24278814595270734,-25.34046299298921,0.004149392916852457,-0.10484419667228938
North_Campus_DU,2022,7,37.32,0.2581431588175457,0,41.49004040987827,0.32091379994967684,-4.170040409878268,-0.06277064113213116,0.33117458892311746
North_Campus_DU,2022,8,33.87,0.3653378106821787,0,39.08317262793432,0.3543730829800615,-5.21317262793432,0.010964727702117205,-0.05504286367893103
North_Campus_DU,2022,10,114.44,0.2697831501575078,0,110.7804297544694,0.3033995684106537,3.6595702455306025,-0.033616418253145874,-0.1031119382779958
North_Campus_DU,2023,1,152.83,0.1978754028075514,0,167.723057730223,0.19293267283096605,-14.893057730222978,0.004942729976585347,-0.073181939624038
North_Campus_DU,2023,2,103.1,0.2392360037341816,0,119.58937135261259,0.2238340113766771,-16.489371352612594,0.015401992357504501,-0.24978975391744607
North_Campus_DU,2023,3,65.53,0.2576588928843094,0,88.34371533957243,0.24715486936019745,-22.813715339572425,0.010504023524111922,-0.2376919052156579
North_Campus_DU,2023,4,58.21,0.2641953993121895,0,78.60516584558565,0.27158496329274223,-20.395165845585645,-0.007389563980552738,0.15167343722364376
North_Campus_DU,2023,6,39.7,0.3038882460414129,0,54.36129996238304,0.26900672796221325,-14.66129996238304,0.03488151807919965,-0.489971956921406
North_Campus_DU,2023,7,36.04,0.3791091017251637,0,39.79143378544773,0.36854865068923515,-3.7514337854477304,0.010560451035928564,-0.037651994129080435
North_Campus_DU,2023,8,54.46,0.3143211445051608,0,44.48882286877136,0.31797600266463305,9.971177131228643,-0.003654858159472252,-0.036207894158533656
North_Campus_DU,2023,9,61.05,0.2568162819416736,0,48.222875798265854,0.30824572229256514,12.827124201734144,-0.05142944035089153,-0.6130918572112646
North_Campus_DU,2023,10,125.42,0.2966052555148329,0,111.22825808758506,0.31501971696711906,14.19174191241494,-0.018414461452286146,-0.25535908094255594
North_Campus_DU,2023,11,245.13,0.2765783199159957,0,251.02298265555208,0.25591122113069176,-5.892982655552089,0.020667098785303928,-0.11426560360675536
North_Campus_DU,2024,1,199.68,0.1847947185628742,0,207.059138742082,0.19928442619711265,-7.379138742082006,-0.014489707634238458,0.11062053637184963
North_Campus_DU,2024,2,106.68,0.2221197323836525,0,108.83309124988385,0.22177811760499103,-2.1530912498838433,0.0003416147786614865,-0.0007334717332252561
North_Campus_DU,2024,3,79.57,0.2118681856510434,0,90.54457204282757,0.21917132254223695,-10.974572042827575,-0.007303136891193551,0.081088483817733
North_Campus_DU,2024,5,92.9,0.2297197872340425,0,135.8245081504028,0.20836660061664394,-42.9245081504028,0.021353186617398545,-0.9085418556457955
North_Campus_DU,2024,6,65.82,0.2256519431279621,0,99.58371081124143,0.21133775259605173,-33.76371081124144,0.014314190531910381,-0.4796902864597828
North_Campus_DU,2024,7,37.96,0.1416,0,44.15016190977038,0.3515864464990401,-6.1901619097703815,-0.20998644649904008,2.07671320058869
North_Campus_DU,2024,8,27.95,0.3029651571656899,0,36.92139696461944,0.38940696671622044,-8.97139696461944,-0.08644180955053055,0.9071503926893736
North_Campus_DU,2024,9,41.01,0.3237320033192724,0,49.62527141898092,0.34522736240723634,-8.615271418980925,-0.02149535908796396,0.19332885827055624
North_Campus_DU,2024,10,108.35,0.2212509370029734,0,116.64376735061099,0.23835020137691806,-8.293767350610992,-0.017099264373944656,0.1469686202872998
North_Campus_DU,2024,11,246.34,0.2013271706353332,0,249.62755002713087,0.1976652594178824,-3.2875500271308624,0.0036619112174507973,-0.011802463184546719
North_Campus_DU,2025,1,157.29,0.2385050376875734,0,157.85236337403097,0.24266444577407748,-0.5623633740309799,-0.004159408086504085,0.002643905829329938
North_Campus_DU,2025,2,89.05,0.213555293548164,0,109.31241999896599,0.23491355995863855,-20.262419998965996,-0.021358266410474558,0.44080716435122397
North_Campus_DU,2025,3,64.57,0.2337741096742962,0,86.22998292249433,0.2522795370390436,-21.659982922494336,-0.01850542736474739,0.4068606140646149
North_Campus_DU,2025,5,69.55,0.2891883955138477,0,80.1500426620503,0.2747396483699757,-10.6000426620503,0.014448747143871954,-0.14947924619131922
North_Campus_DU,2025,6,46.3,0.2713479207920792,0,57.36838984283517,0.26699128411366624,-11.068389842835174,0.004356636678412962,-0.04788655440610225
North_Campus_DU,2025,7,30.38,0.3585261295180723,0,37.33681445699861,0.348882329393904,-6.956814456998611,0.009643800124168267,-0.06545158315399215
North_Campus_DU,2025,8,34.86,0.3541651416539051,0,40.80600053905527,0.346485679289233,-5.9460005390552695,0.007679462364672096,-0.04462306810355017
North_Campus_DU,2025,9,32.93,0.3111744277712467,0,47.51501619949623,0.315183757879827,-14.58501619949623,-0.004009330108580289,0.05875935263336002
North_Campus_DU,2025,10,103.15,0.2986203119461182,0,113.59960465896293,0.28744052620197547,-10.449604658962926,0.011179785744142745,-0.11462228232974508
North_Campus_DU,2025,11,220.81,0.2140790689694613,0,227.02117428754337,0.22727496752619844,-6.211174287543372,-0.01319589855673714,0.08502991663974399
North_Campus_DU,2025,12,207.18,0.1929468224880713,0,231.15795404922324,0.18909377355108634,-23.97795404922323,0.0038530489369849596,-0.09212667055011899
Okhla_Phase-2,2022,1,169.71,0.3189995980844877,4,169.59617396442178,0.40013506206151184,0.1138260355782279,-0.08113546397702415,0.10674475390723105
Okhla_Phase-2,2022,3,86.29,0.2965496468877656,4,108.04844989056127,0.3790435663431275,-21.758449890561266,-0.08249391945536194,1.9148361291662537
Okhla_Phase-2,2022,5,67.9,0.2530245537217919,4,80.24858561740132,0.36586850899625634,-12.348585617401312,-0.11284395527446445,1.617809363708107
Okhla_Phase-2,2022,6,48.01,0.3132671480144404,4,62.76784339527009,0.41188096417159176,-14.757843395270093,-0.09861381615715137,1.6266588649721956
Okhla_Phase-2,2022,7,29.8,0.3704,4,38.414547736668766,0.5402902144491873,-8.614547736668765,-0.16989021444918734,1.9720364198596283
Okhla_Phase-2,2022,8,26.76,0.4700949387246416,4,33.888979089148414,0.5229719681753913,-7.128979089148412,-0.05287702945074968,0.42621942493272075
Okhla_Phase-2,2022,9,35.55,0.3874953096964043,4,40.87552610861208,0.5014249872384142,-5.325526108612081,-0.11392967754200994,0.8354194302646105
Okhla_Phase-2,2022,10,104.04,0.4019205985789133,4,119.42660381935015,0.4797019024084741,-15.386603819350142,-0.07778130382956078,1.3033791099577166
Okhla_Phase-2,2022,11,174.48,0.3128746797756697,4,186.99045339533686,0.45572711362154417,-12.510453395336867,-0.14285243384587448,2.146680468772035
Okhla_Phase-2,2022,12,174.73,0.2616301460915323,4,182.42568752362362,0.3466331772863159,-7.695687523623633,-0.08500303119478358,0.7814574659903871
Okhla_Phase-2,2023,1,190.56,0.2511446029218305,4,188.5814827316814,0.3149480189158256,1.9785172683185976,-0.06380341599399508,-0.05451458397713965
Okhla_Phase-2,2023,2,109.64,0.2607838295367998,4,124.89659486823916,0.3528946829095669,-15.256594868239162,-0.09211085337276709,1.5547781403064012
Okhla_Phase-2,2023,3,70.91,0.3049343453576127,4,77.03840139154066,0.37635852011759036,-6.128401391540663,-0.07142417475997764,0.5275938105189419
Okhla_Phase-2,2023,5,59.3,0.3708507269957765,4,67.8723314000634,0.41956854618621514,-8.572331400063405,-0.04871781919043866,0.45944082471498965
Okhla_Phase-2,2023,7,29.68,0.4401193297655452,4,35.92697762225781,0.505911662610645,-6.246977622257809,-0.06579233284509983,0.4872659939335315
Okhla_Phase-2,2023,8,31.3,0.4010913695215675,4,38.704982296975146,0.4920442466317855,-7.404982296975145,-0.09095287711021799,0.8192498417122074
Okhla_Phase-2,2023,9,38.07,0.3833593678598629,4,45.62663673978547,0.48002778463024437,-7.556636739785468,-0.09666841677038146,0.8951265243694461
Okhla_Phase-2,2023,11,261.0,0.3480073530429966,4,263.72196961974265,0.4931121508912194,-2.7219696197426515,-0.14510479784822278,0.7659295069066546
Okhla_Phase-2,2023,12,215.11,0.2738827736619814,4,223.36920850782087,0.36386874959663884,-8.259208507820858,-0.08998597593465746,0.8858760279291938
Okhla_Phase-2,2024,1,238.74,0.2203154226961157,4,223.56331221768383,0.3220915689268757,15.17668778231618,-0.10177614623075998,-1.362128535186817
Okhla_Phase-2,2024,2,105.55,0.242541491720363,4,114.46977498048538,0.3306140831820043,-8.919774980485386,-0.08807259146164131,0.9222483579674253
Okhla_Phase-2,2024,3,66.39,0.2613337049089524,4,75.61548209545711,0.3289209821678143,-9.22548209545711,-0.06758727725886188,0.7040059387222969
Okhla_Phase-2,2024,5,75.98,0.2652984490756768,4,85.4668254359605,0.32191005605867545,-9.486825435960498,-0.05661160698299866,0.5935286006563018
Okhla_Phase-2,2024,7,32.67,0.4885690994258083,4,40.48399429747942,0.5414977162668093,-7.813994297479418,-0.05292861684100103,0.462940262259924
Okhla_Phase-2,2024,8,21.04,0.5140936442426745,4,28.96724458863117,0.5590703965464873,-7.927244588631172,-0.04497675230381282,0.39218175353607737
Okhla_Phase-2,2024,9,36.64,0.3829844284428444,4,50.12840187623379,0.5346916741069242,-13.488401876233787,-0.15170724566407978,2.451773126956405
Okhla_Phase-2,2024,10,103.94,0.3046363774839021,4,117.72442451448246,0.42339065864846265,-13.784424514482467,-0.11875428116456055,1.8854217319254927
Okhla_Phase-2,2024,12,184.35,0.259994339818597,4,183.07184430814846,0.32949029686336095,1.2781556918515378,-0.06949595704476397,-0.0037361592599742277
Okhla_Phase-2,2025,1,186.22,0.2753442671190196,4,169.9646574940645,0.35691480784064283,16.255342505935488,-0.08157054072162323,-1.208729809167989
Okhla_Phase-2,2025,2,99.84,0.2776714775323686,4,111.17503406811873,0.3429034952067787,-11.33503406811873,-0.06523201767441011,0.8143764653875981
Okhla_Phase-2,2025,3,68.92,0.300911403448037,4,70.33960222816582,0.3548683696487684,-1.4196022281658145,-0.05395696620073137,0.12789030059700918
Okhla_Phase-2,2025,4,71.86,0.2786726234161877,4,75.53736213350658,0.3344784344346845,-3.677362133506577,-0.0558058110184968,0.2600863887681129
Okhla_Phase-2,2025,5,59.31,0.3183612425545997,4,64.73110341733314,0.39011521671323146,-5.421103417333143,-0.07175397415863177,0.4796954464605838
Okhla_Phase-2,2025,6,42.87,0.385297556416399,4,45.35361317384215,0.38343080261059337,-2.4836131738421514,0.0018667538058056432,-0.004574898913113805
Okhla_Phase-2,2025,7,23.39,0.4662038643138357,4,30.276686565501514,0.4923760472917851,-6.886686565501513,-0.026172182977949376,0.19230780314138063
Okhla_Phase-2,2025,9,28.42,0.3987065498857579,4,37.03444401301077,0.48766935277502144,-8.614444013010768,-0.08896280288926356,0.9058023571370202
Okhla_Phase-2,2025,10,104.66,0.3453412546399404,4,128.1373873146765,0.47264085898419383,-23.47738731467649,-0.12729960434425341,3.274168663146528
Okhla_Phase-2,2025,11,212.35,0.2687739077753929,4,218.56804734648665,0.43751777436071404,-6.218047346486657,-0.16874386658532115,1.5509271502913702
Okhla_Phase-2,2025,12,225.32,0.2600494357128021,4,237.36284748029263,0.30907081058583513,-12.042847480292636,-0.04902137487303304,0.6326951943574007
Patparganj,2022,1,185.87,0.2265695408163265,3,150.89099822106073,0.30029609361369336,34.97900177893928,-0.07372655279736687,-2.4831155583172544
Patparganj,2022,3,97.78,0.2904591336839192,3,99.73870170252266,0.3063072308932139,-1.95870170252266,-0.015848097209294698,0.035466724957810204
Patparganj,2022,4,108.3,0.2487511970661499,3,91.76610791888986,0.2817509442158715,16.53389208111014,-0.03299974714972159,-0.5264283133794625
Patparganj,2022,5,81.65,0.2570323432730687,3,70.14064791034443,0.2975676100539527,11.509352089655579,-0.04053526678088404,-0.437586026119193
Patparganj,2022,6,64.96,0.3067473007958576,3,62.409203797003734,0.3197298493566722,2.55079620299626,-0.0129825485608146,-0.030146345518058462
Patparganj,2022,7,42.39,0.3204599870494747,3,38.8895675109739,0.39795329463497353,3.500432489026103,-0.07749330758549883,-0.16545894851397558
Patparganj,2022,8,33.0,0.385693817701453,3,33.81249783645924,0.3906668784328299,-0.8124978364592366,-0.004973060731376877,0.004476323086041336
Patparganj,2022,9,41.92,0.2816367730900798,3,40.64319017734229,0.368769127915335,1.276809822657711,-0.08713235482525522,0.022506892322597272
Patparganj,2022,10,114.95,0.2622839261001937,3,110.8304206976426,0.34959419666094754,4.119579302357408,-0.08731027056075386,-0.22537644410598576
Patparganj,2022,11,197.16,0.2184637800996402,3,185.91189061608196,0.29807131446478013,11.248109383918035,-0.07960753436513993,-0.7837812766367628
Patparganj,2022,12,205.98,0.2069785150844174,3,164.4339529077928,0.24705544395920281,41.5460470922072,-0.04007692887478542,-1.6367402943205105
Patparganj,2023,1,206.51,0.17573533186652,3,166.84195874070645,0.22918145459442343,39.668041259293545,-0.053446122727903445,-2.069776774421566
Patparganj,2023,3,81.65,0.2463495972486198,3,70.74204920170996,0.28062039085506324,10.907950798290045,-0.034270793606443445,-0.3531317580306568
Patparganj,2023,5,69.65,0.2782559403542762,3,56.48167035915656,0.34310491921808883,13.168329640843446,-0.06484897886381263,-0.7798612543699398
Patparganj,2023,6,52.83,0.2463868165716925,3,48.53801866374369,0.32689577819580296,4.291981336256306,-0.08050896162411045,-0.2313470862477083
Patparganj,2023,8,38.96,0.3158313893152085,3,45.813496630667636,0.3697445586800519,-6.853496630667635,-0.053913169364843416,0.4207033607553693
Patparganj,2023,9,43.29,0.2811889496263493,3,42.55695827218455,0.364826140047841,0.7330417278154471,-0.08363719042149165,0.061933044512359293
Patparganj,2023,10,105.26,0.3278155383168782,3,107.86204703572395,0.374016821181811,-2.602047035723942,-0.0462012828649328,0.1578250274350165
Patparganj,2023,11,263.26,0.2361636411058946,3,204.81474472600786,0.3262898456291741,58.44525527399213,-0.09012620452327952,-5.124340959187491
Patparganj,2024,1,238.94,0.3211,3,185.87631394089357,0.2270656330823414,53.06368605910643,0.0940343669176586,5.145598545300484
Patparganj,2024,2,86.33,0.1846144112671912,3,101.99452974023787,0.24721208202306869,-15.664529740237867,-0.0625976707558775,1.049599502957801
Patparganj,2024,4,56.51,0.2379162953224467,3,61.832034116794354,0.2965539691209661,-5.322034116794356,-0.05863767379851939,0.3726497701316908
Patparganj,2024,5,81.02,0.2060131472717148,3,80.81969011610563,0.26669998492668767,0.20030988389436288,-0.060686837654972875,0.05272982304852941
Patparganj,2024,6,53.3,0.2188968980797636,3,61.92642953748597,0.30790219704847943,-8.626429537485976,-0.08900529896871584,0.907368458060513
Patparganj,2024,7,39.62,0.3054815315315315,3,41.65797031161253,0.41857041259405847,-2.0379703116125327,-0.11308888106252696,0.4557928381570419
Patparganj,2024,8,28.07,0.3646587706146926,3,26.856442324891923,0.4117289754066854,1.2135576751080777,-0.04707020479199281,-0.018087412268459575
Patparganj,2024,10,117.19,0.2080395371913947,3,106.6156254136715,0.2988300388674469,10.574374586328503,-0.09079050167605221,-0.8148273019743276
Patparganj,2024,11,274.92,0.1971266597356304,3,231.36900935852253,0.24116205434125665,43.55099064147748,-0.04403539460562625,-1.8836212915635473
Patparganj,2024,12,186.58,0.1816165021713383,3,160.41923115946614,0.2453354234567447,26.160768840533876,-0.0637189212854064,-1.595404229806432
Patparganj,2025,1,193.93,0.2296047813451426,3,156.5553518382712,0.27999631063212915,37.3746481617288,-0.050391529286986564,-1.838627628421043
Patparganj,2025,2,101.21,0.2245536430943814,3,98.02545528941342,0.25368685136728464,3.1845447105865787,-0.02913320827290325,-0.07782265112369158
Patparganj,2025,3,63.02,0.2246278092997508,3,64.98491401478967,0.2858751979091884,-1.964914014789663,-0.061247388609437625,0.1864360599700555
Patparganj,2025,4,70.58,0.2417275170710446,3,72.95317057792337,0.29185526239094656,-2.373170577923375,-0.05012774531990197,0.16323258573687402
Patparganj,2025,5,67.85,0.2980137766399114,3,68.41145342249573,0.32924640300221714,-0.561453422495731,-0.031232626362305727,0.03472182989637536
Patparganj,2025,6,42.79,0.2816132648633009,3,45.886329776436014,0.32798221521118953,-3.096329776436015,-0.04636895034788863,0.18145413064278312
Patparganj,2025,7,26.04,0.3359266584891647,3,29.695993003213886,0.38536672301096875,-3.6559930032138865,-0.04944006452180405,0.22381709068879163
Patparganj,2025,8,31.75,0.3271143832864606,3,31.286716907811375,0.4055007025141371,0.4632830921886253,-0.07838631922767653,0.07193858344176923
Patparganj,2025,11,229.75,0.2144932662243575,3,196.02206860493126,0.2709497505236814,33.72793139506874,-0.05645648429932393,-1.8480052751104579
Patparganj,2025,12,235.01,0.1122996682570449,3,210.86180388172718,0.23918525458960258,24.148196118272807,-0.12688558633255767,-2.780405569086225
Punjabi_Bagh,2022,1,191.75,0.3192216752006644,2,147.45313044438348,0.32594654821374636,44.296869555616524,-0.0067248730130819445,-0.2970940578379811
Punjabi_Bagh,2022,2,125.81,0.2599894685856628,2,111.52163735527455,0.3033160662101302,14.288362644725453,-0.04332659762446739,-0.5859933260028116
Punjabi_Bagh,2022,3,123.83,0.2987883337946304,2,104.18736305236101,0.30375971472224,19.64263694763899,-0.0049713809276096255,-0.09721560299545712
Punjabi_Bagh,2022,5,93.77,0.2480018830914084,2,84.19632218030901,0.2742003167824794,9.573677819690985,-0.026198433691071027,-0.23872296037474464
Punjabi_Bagh,2022,6,74.25,0.303951853694949,2,69.22631455089895,0.29758899998244587,5.023685449101052,0.006362853712503114,0.0326782651265127
Punjabi_Bagh,2022,7,45.88,0.3073575579105847,2,34.141686722407954,0.3779647786501059,11.738313277592049,-0.07060722073952119,-0.7409761748928514
Punjabi_Bagh,2022,8,40.04,0.4183830133681777,2,34.13103322133394,0.41961498085598314,5.908966778666063,-0.0012319674878054632,-0.007252915016061229
Punjabi_Bagh,2022,9,47.86,0.3741931566565181,2,39.674286793604864,0.40113628756490183,8.185713206395135,-0.02694313090838374,-0.2077591093884553
Punjabi_Bagh,2022,10,114.94,0.3616135206199834,2,114.54430943845912,0.39476603784204184,0.39569056154087434,-0.03315251722205842,0.006245857765493701
Punjabi_Bagh,2022,11,181.25,0.2894554767506228,2,181.48393150864808,0.30334009875491563,-0.23393150864808376,-0.013884622004292857,0.006644538582374642
Punjabi_Bagh,2022,12,194.94,0.2631287226681429,2,160.88491763503774,0.27622875073281433,34.05508236496226,-0.01310002806467142,-0.4430990594889087
Punjabi_Bagh,2023,1,195.14,0.2403649910047052,2,174.22793062393472,0.25598984659333324,20.91206937606526,-0.015624855588628028,-0.3224468209693345
Punjabi_Bagh,2023,3,85.19,0.2973024598671464,2,87.66437650775327,0.2973542137989713,-2.474376507753277,-5.175393182493826e-05,0.00012810590294863515
Punjabi_Bagh,2023,4,78.79,0.3246821097425962,2,75.62071352300708,0.31711413854834675,3.169286476992923,0.0075679711942494565,0.024994137857806933
Punjabi_Bagh,2023,5,73.93,0.3572121747854968,2,71.94849777451212,0.34207931491231564,1.981502225487887,0.015132859873181193,0.03402042804013096
Punjabi_Bagh,2023,6,53.05,0.3392921772639692,2,48.80948547688552,0.303344520494039,4.240514523114477,0.035947656769930225,0.17520342058481425
Punjabi_Bagh,2023,7,45.08,0.3604114247904719,2,33.65199649296785,0.4256019028176863,11.428003507032152,-0.0651904780272144,-0.6701231390988357
Punjabi_Bagh,2023,8,42.66,0.3641728878512907,2,40.63241260484307,0.4056960279094437,2.027587395156928,-0.041523140058152996,-0.053814973110844926
Punjabi_Bagh,2023,10,117.98,0.3559135206199834,2,114.5042623378767,0.3870513275211307,3.475737662123308,-0.031137806901147314,-0.09114487615014336
Punjabi_Bagh,2023,11,299.77,0.3220899715159092,2,237.87112468763482,0.3273389586734975,61.89887531236516,-0.005248987157588314,-0.32442098681655374
Punjabi_Bagh,2023,12,241.68,0.2670789012738853,2,200.28655707445026,0.2923100188215751,41.39344292554975,-0.025231117547689808,-1.0331869032619472
Punjabi_Bagh,2024,1,249.72,0.2272689259796806,2,207.20359266998824,0.2478848303155603,42.51640733001176,-0.020615904335879703,-0.869026170553711
Punjabi_Bagh,2024,2,121.14,0.2705763077774702,2,110.44683886059876,0.2759444527124805,10.69316113940124,-0.0053681449350103105,-0.056894734991487665
Punjabi_Bagh,2024,3,85.53,0.2664427587877109,2,89.30068098362935,0.2708297497161027,-3.7706809836293473,-0.004386990928391787,0.016881018008353833
Punjabi_Bagh,2024,4,73.05,0.2862800949598247,2,89.60737849894265,0.2718029921239445,-16.557378498942654,0.014477102835880218,-0.236010330592894
Punjabi_Bagh,2024,7,48.39,0.348394163516068,2,39.21972492306465,0.4137487348860116,9.170275076935347,-0.0653545713699436,-0.5240681146374961
Punjabi_Bagh,2024,8,37.9,0.4172196105279173,2,31.986726468854137,0.47938439693247675,5.913273531145862,-0.06216478640455947,-0.29951247795092933
Punjabi_Bagh,2024,9,54.95,0.4317944955715471,2,40.82260490895432,0.39251114314302177,14.127395091045685,0.03928335242852532,0.5821595522592551
Punjabi_Bagh,2024,10,125.35,0.2961986645446996,2,114.37897087064212,0.3001298535543851,10.971029129357873,-0.003931189009685476,-0.04285691285486858
Punjabi_Bagh,2025,1,188.01,0.3083241350678107,2,155.39488597002833,0.30447259301817764,32.615114029971664,0.003851542049633061,0.12587983840369266
Punjabi_Bagh,2025,2,113.37,0.2798988306116799,2,107.25784504296927,0.28608617640164696,6.112154957030739,-0.006187345789967047,-0.037143533657592515
Punjabi_Bagh,2025,3,78.65,0.2862716094658178,2,83.82904431610935,0.2963843749555451,-5.179044316109341,-0.010112765489727282,0.054176240938753985
Punjabi_Bagh,2025,4,82.9,0.2692333206476613,2,98.72284667513794,0.2501869062582957,-15.822846675137939,0.019046414389365607,-0.29497720609562034
Punjabi_Bagh,2025,5,69.65,0.3288717928314418,2,80.40008362166272,0.31365747233405356,-10.75008362166271,0.015214320497388245,-0.15947703107061503
Punjabi_Bagh,2025,6,48.33,0.2938983497394324,2,50.62180252516006,0.3065122609329932,-2.2918025251600582,-0.012613911193560812,0.03171184140298208
Punjabi_Bagh,2025,7,28.81,0.4681,2,32.741435644118255,0.3878839624992832,-3.931435644118256,0.08021603750071682,-0.20199778433245327
Punjabi_Bagh,2025,8,32.97,0.4349296249294978,2,35.22171053048104,0.44217787284100846,-2.2517105304810414,-0.00724824791151063,0.017246566158478274
Punjabi_Bagh,2025,11,247.34,0.2997838465264323,2,217.07370284359342,0.28195641557003615,30.26629715640658,0.017827430956396162,0.5451696970389168
Punjabi_Bagh,2025,12,239.37,0.243796734016053,2,216.13427729872157,0.2535289393524044,23.235722701278434,-0.009732205336351385,-0.2244661005501011
R_K_Puram,2022,1,175.27,0.3764928393438083,1,177.3309519887712,0.3450778718039489,-2.060951988771194,0.031414967539859395,-0.04735731784109658
R_K_Puram,2022,2,117.69,0.3492290060220114,1,103.42872966229726,0.30813311995685894,14.26127033770274,0.041095886065152465,0.6158344523255006
R_K_Puram,2022,3,102.27,0.3583329099467016,1,93.94804213547577,0.33949895502603583,8.321957864524222,0.018833954920665752,0.16298487559720845
R_K_Puram,2022,5,83.56,0.3939598054419851,1,70.20269552504612,0.29271523931016075,13.357304474953878,0.10124456613182437,1.532949366893358
R_K_Puram,2022,6,61.27,0.4327945253314393,1,59.95202198505481,0.31788584231350864,1.31797801494519,0.11490868301793067,0.38407815576473736
R_K_Puram,2022,7,38.3,0.5041676313541225,1,30.862266491527453,0.3685093444386355,7.437733508472544,0.13565828691548698,1.3332212498297324
R_K_Puram,2022,8,35.8,0.4898089470457505,1,27.474849516774437,0.4015477266782289,8.32515048322556,0.0882612203675216,0.8720346126241583
R_K_Puram,2022,9,42.87,0.4798225617775318,1,38.498210526167234,0.4013316172822968,4.371789473832763,0.07849094449523497,0.4516886982740344
R_K_Puram,2022,10,114.35,0.5025283311414133,1,105.99803621553822,0.4268560944438884,8.351963784461773,0.07567223669752488,0.7328987566210511
R_K_Puram,2022,11,190.37,0.4040228351906971,1,195.36822537746926,0.31956539704606246,-4.998225377469254,0.08445743814463463,-0.2964655292056325
R_K_Puram,2022,12,194.68,0.340492950093445,1,186.61472612243975,0.30874014226191004,8.065273877560259,0.031752807831534946,0.2738584972060557
R_K_Puram,2023,1,210.01,0.3042181075655845,1,197.64204292545446,0.27329816451850103,12.36795707454553,0.030919943047083454,0.39926029959028964
R_K_Puram,2023,2,123.74,0.3407912923098221,1,107.71659794336989,0.3088066864051963,16.023402056630104,0.03198460590462576,0.5305259009335631
R_K_Puram,2023,4,92.63,0.4121250986363952,1,57.45533017801641,0.3537552513423326,35.174669821983585,0.05836984729406258,2.1131660610936294
R_K_Puram,2023,5,88.28,0.4529624281857826,1,54.60039306370398,0.3643419082239265,33.67960693629602,0.0886205199618561,3.123070650075761
R_K_Puram,2023,9,50.46,0.4761342285595624,1,35.703544623520706,0.3811744894441647,14.756455376479295,0.09495973911539768,1.560138821352858
R_K_Puram,2023,10,113.64,0.4795626635287602,1,96.18048017637483,0.3901929480197747,17.459519823625172,0.08936971550898548,1.7010680711641761
R_K_Puram,2023,11,277.24,0.4357294905516716,1,243.0569182032802,0.3297404346139477,34.18308179671982,0.1059890559377239,3.8209499843604324
R_K_Puram,2023,12,227.28,0.3866796255277913,1,208.45907298787614,0.3161262794346592,18.82092701212386,0.07055334609313207,1.41557889297412
R_K_Puram,2024,1,249.85,0.3185313283034541,1,238.19951165941438,0.26798030854518934,11.65048834058561,0.05055101975826476,0.6339657575931715
R_K_Puram,2024,3,82.4,0.3155594898594864,1,79.57235306717259,0.2925411676004273,2.8276469328274203,0.023018322259059087,0.0744225802908427
R_K_Puram,2024,4,71.25,0.4069344925742574,1,72.66485242103161,0.3098095329922894,-1.4148524210316111,0.09712495958196798,0.028779701722477513
R_K_Puram,2024,5,94.63,0.3483629750121133,1,93.80756244914765,0.28163377736571904,0.8224375508523423,0.06672919764639423,0.1333307463183982
R_K_Puram,2024,6,66.56,0.3775290940379706,1,68.63084126146268,0.28334146656587234,-2.070841261462675,0.09418762747209825,-0.03875097202994345
R_K_Puram,2024,7,54.16,0.4540301918265222,1,36.40754256210265,0.4454038509448753,17.75245743789735,0.008626340881646932,0.1544497870922005
R_K_Puram,2024,8,34.6,0.6584409783989836,1,25.92060675513387,0.4650271993513954,8.67939324486613,0.19341377904758822,2.3377922014626025
R_K_Puram,2024,9,48.0,0.5291049525853119,1,38.16482017526505,0.3971980707568044,9.83517982473495,0.13190688182850746,1.603874762945389
R_K_Puram,2024,11,255.69,0.3548120993977988,1,241.68024167315664,0.26458101514358795,14.009758326843354,0.09023108425421084,1.4075570181195942
R_K_Puram,2024,12,199.6,0.3469923167439606,1,189.06806448084342,0.30582266659739504,10.531935519156576,0.04116965014656554,0.46345792367428157
R_K_Puram,2025,1,182.39,0.3585573856163908,1,184.01935842388943,0.3074690551006202,-1.6293584238894425,0.05108833051577055,-0.03725734578157784
R_K_Puram,2025,2,108.05,0.3504847857686718,1,102.2033774992633,0.30915438750754354,5.8466225007367,0.041330398261128276,0.2717387074153789
R_K_Puram,2025,3,75.54,0.35178854779539,1,76.95843079074369,0.3296146321387757,-1.4184307907436846,0.022173915656614307,-0.022789594932299387
R_K_Puram,2025,4,83.33,0.3430258911884821,1,81.21135112357632,0.2958364673561358,2.118648876423677,0.04718942383234631,0.1392108012731278
R_K_Puram,2025,5,70.56,0.4384565807144776,1,67.43156702626668,0.35635878069620314,3.128432973733325,0.08209780001827444,0.3755851088983358
R_K_Puram,2025,7,39.6,0.4194311597729989,1,29.730398164095803,0.3728390848103415,9.869601835904199,0.04659207496265738,0.4980912327473325
R_K_Puram,2025,8,41.49,0.5911902811735943,1,30.461547419985322,0.40590812837965146,11.02845258001468,0.18528215279394283,2.6481996087810136
R_K_Puram,2025,10,120.38,0.463661488332983,1,103.31650066482412,0.3579473088279616,17.063499335175877,0.10571417950502138,2.000746004026895
R_K_Puram,2025,11,235.98,0.3816471033458302,1,215.59815417295076,0.2963267268894008,20.381845827049233,0.08532037645642937,1.8672397462120802
R_K_Puram,2025,12,248.71,0.3194146258738839,1,223.9976046072659,0.29344225923908124,24.712395392734095,0.02597236663480268,0.6537240057241313
Rohini,2022,1,172.14,0.3229503870343492,0,197.76170656099072,0.30058932780617176,-25.62170656099073,0.022361059228177438,-0.5641190902764942
Rohini,2022,2,131.27,0.307095590572949,0,121.76945857356692,0.27937683973885014,9.500541426433088,0.02771875083409886,0.276879730523065
Rohini,2022,3,114.45,0.3352605052180523,0,109.47141224289238,0.29408541031111324,4.9785877571076185,0.04117509490693905,0.23486354546788313
Rohini,2022,4,133.34,0.3069145759900475,0,136.61746553984122,0.24471233742227017,-3.2774655398412165,0.062202238567777346,-0.13569872296079896
Rohini,2022,5,73.74,0.3200538357868545,0,90.64272111696127,0.24482784413807407,-16.902721116961274,0.07522599164878041,-1.1718233496014148
Rohini,2022,6,58.68,0.3907290966894739,0,70.40333450173294,0.2669873925501424,-11.723334501732943,0.1237417041393315,-1.180895080517121
Rohini,2022,8,29.68,0.4098838276380829,0,37.27083932000707,0.36819524015377714,-7.5908393200070705,0.04168858748430576,-0.2858319938673164
Rohini,2022,9,38.79,0.4316553735572601,0,45.061126250219246,0.3626311947800819,-6.271126250219247,0.0690241787771782,-0.3489202100499785
Rohini,2022,10,112.46,0.4205329532103116,0,120.65604538831957,0.35290562943202425,-8.196045388319575,0.06762732377828734,-0.47370049225772287
Rohini,2022,11,211.52,0.3489492535766121,0,204.31286285505294,0.28596631762962044,7.207137144947069,0.06298293594699167,0.5238154866051267
Rohini,2022,12,202.46,0.2983302750708409,0,204.8728403540966,0.2510708859454469,-2.412840354096602,0.047259389125394013,-0.07467995607294468
Rohini,2023,1,195.34,0.2514347501555048,0,201.2562075748923,0.23461736561244537,-5.916207574892297,0.01681738454305945,-0.09451227566496334
Rohini,2023,2,130.52,0.2770275347294215,0,124.96856737279006,0.2748935693656293,5.551432627209948,0.0021339653637921785,0.0119267949281427
Rohini,2023,3,88.88,0.3090058573501969,0,86.25170999353558,0.2902999733044691,2.628290006464411,0.018705884045727816,0.05532928026344569
Rohini,2023,4,79.58,0.3834797912779045,0,81.86831020532357,0.29313909413947264,-2.288310205323569,0.09034069713843185,-0.06293748780233932
Rohini,2023,6,44.14,0.3548081166272654,0,51.8165052094314,0.2850225808003068,-7.676505209431397,0.06978553582695862,-0.44990794057520633
Rohini,2023,7,36.21,0.4386157923837169,0,35.52770543913496,0.42117989231123326,0.6822945608650386,0.017435900072483634,0.01725254481540157
Rohini,2023,9,40.05,0.4236829151980093,0,46.06955137785146,0.3614084901298056,-6.019551377851464,0.06227442506820374,-0.30653882167406943
Rohini,2023,10,106.99,0.4333195590572949,0,122.1744740070754,0.3618847954066472,-15.184474007075409,0.07143476365064771,-0.9947948619356828
Rohini,2023,12,232.53,0.3197449961987697,0,229.50589232413358,0.26111473307437566,3.024107675866418,0.058630263124394066,0.23786698756094138
Rohini,2024,1,234.1,0.2605906003638568,0,229.59409057895556,0.24336924782717032,4.505909421044436,0.01722135253668647,0.08282297715743388
Rohini,2024,2,125.57,0.2889149388347501,0,117.40078749884107,0.2643067106343939,8.169212501158924,0.024608228200356186,0.21169881939796836
Rohini,2024,3,86.66,0.2816730872900683,0,87.12934590479448,0.2725251007119434,-0.4693459047944799,0.009147986578124878,-0.0028191779168468692
Rohini,2024,5,94.76,0.2890791450687678,0,118.00373956197187,0.226044983317691,-23.243739561971864,0.06303416175107682,-1.3951470784484565
Rohini,2024,6,55.86,0.2785854965188714,0,68.89163787236181,0.2251469209685697,-13.031637872361813,0.05343857555030168,-0.6460801501130443
Rohini,2024,7,42.7,0.516447985247917,0,40.780636009263354,0.3769513556646389,1.9193639907366489,0.13949662958327813,0.6105831551259396
Rohini,2024,8,27.78,0.5968040254237288,0,30.40142348949905,0.4749215028586835,-2.6214234894990476,0.12188252256504528,-0.057780934473932254
Rohini,2024,9,43.83,0.4357083661621397,0,49.22122928104601,0.4223887391516457,-5.391229281046009,0.013319627010493995,-0.0686834718026807
Rohini,2024,11,295.93,0.2715266155228419,0,277.3125769302152,0.25429444439701615,18.61742306978482,0.017232171125825757,0.3260503097678907
Rohini,2024,12,211.09,0.3073441426498028,0,202.89646754428995,0.2515631334826326,8.193532455710056,0.055781009167170215,0.5118629620537424
Rohini,2025,2,119.81,0.2913891008362706,0,106.81763422064913,0.27806248037228093,12.992365779350877,0.013326620463989691,0.17627330216198472
Rohini,2025,3,86.94,0.3356066936208445,0,80.16627884025509,0.2923517147286029,6.773721159744909,0.04325497889224161,0.32596073065668957
Rohini,2025,4,89.51,0.3237491637293525,0,88.67705262860375,0.24995363847752872,0.8329473713962585,0.07379552525182376,0.15741271656983255
Rohini,2025,5,67.21,0.3714136913401065,0,79.47851542351677,0.3026150338909424,-12.268515423516774,0.06879865744916408,-0.760665869892275
Rohini,2025,7,31.73,0.4414949209768027,0,31.820766946883026,0.4044734045586588,-0.09076694688302567,0.037021516418143885,0.0207870697054084
Rohini,2025,8,32.97,0.5112277491408933,0,34.09220500696146,0.4260494535830292,-1.1222050069614582,0.0851782955578641,0.03223868326374546
Rohini,2025,9,34.69,0.4257258276314878,0,42.22580559130219,0.37566700824387106,-7.535805591302193,0.05005881938761675,-0.33308429739009526
Rohini,2025,11,280.21,0.3103716151772756,0,252.20753006042338,0.2910743411593001,28.0024699395766,0.019297274017975485,0.5469320916817328
Rohini,2025,12,269.27,0.2469022116248531,0,250.9142759950601,0.24187694999171833,18.355724004939873,0.00502526163313477,0.092687232917092
Shadipur,2022,2,98.14,0.260492081604426,4,121.86943657354713,0.31705587687024883,-23.729436573547133,-0.056563795265822836,1.3985958255609667
Shadipur,2022,3,92.74,0.3003296403872752,4,109.35233176085161,0.33000954784895464,-16.612331760851617,-0.029679907461679422,0.5085723025683153
Shadipur,2022,4,103.01,0.2289801549463648,4,112.46217080116143,0.29062810561916763,-9.45217080116143,-0.06164795067280282,0.6496644627211138
Shadipur,2022,5,79.14,0.2715800923168553,4,82.7870522016393,0.28952868302002904,-3.6470522016392977,-0.017948590703173728,0.07113518958444637
Shadipur,2022,6,55.68,0.2176902573529412,4,63.480769159588505,0.33591057346517483,-7.800769159588505,-0.11822031611223363,1.1684423619537265
Shadipur,2022,7,30.8,0.2566354426458213,4,36.74882720272264,0.4526091454443979,-5.9488272027226365,-0.19597370279857662,1.8424535273020193
Shadipur,2022,8,32.48,0.371202743647026,4,33.50600412752703,0.4580925980363099,-1.026004127527031,-0.08688985438928393,0.2221641911729313
Shadipur,2022,9,51.36,0.3601940662983425,4,42.6861423641072,0.4320764578399835,8.673857635892801,-0.071882391541641,-0.5324629236420776
Shadipur,2022,10,120.84,0.2822366735822961,4,119.208569740364,0.4182200004941888,1.631430259636005,-0.1359833269118927,0.10393933894721626
Shadipur,2022,11,185.19,0.2570807697627775,4,193.3977301656843,0.32188889643217955,-8.207730165684296,-0.06480812666940206,0.605925772653281
Shadipur,2023,1,188.14,0.2269682468879668,4,201.0382773495452,0.26639372895984426,-12.898277349545225,-0.03942548207187746,0.5359060069093271
Shadipur,2023,2,167.65,0.2727431362378976,4,127.60652634612532,0.3084102737013957,40.043473653874685,-0.03566713746349809,-1.405823157573838
Shadipur,2023,3,122.69,0.2707004529737207,4,79.52949650009653,0.330957075705498,43.16050349990347,-0.06025662273177729,-2.5367368853290917
Shadipur,2023,4,92.22,0.2806877640509419,4,73.54641109136533,0.35135226022065824,18.67358890863467,-0.07066449616971632,-1.2315836940862195
Shadipur,2023,5,88.18,0.3482423492977406,4,70.8840902673688,0.3769562804391462,17.295909732631202,-0.02871393114140558,-0.4821075198453721
Shadipur,2023,6,67.4,0.2900827884372633,4,47.68284352252256,0.33364299766778466,19.717156477477445,-0.04356020923052134,-0.8254530381100242
Shadipur,2023,7,37.99,0.4400059727457234,4,33.66883265896463,0.42504795650582233,4.32116734103537,0.014958016239901062,0.06857803085408676
Shadipur,2023,8,43.92,0.3225006621747213,4,40.31099161024417,0.42727197756960006,3.6090083897558287,-0.10477131539487877,-0.18472488159752778
Shadipur,2023,10,127.12,0.3379007745504842,4,115.07627074326972,0.39262945015964745,12.043729256730288,-0.05472867560916328,-0.6063667748150137
Shadipur,2023,11,204.43,0.2988327939142463,4,265.6250723269464,0.3469156917675197,-61.19507232694639,-0.04808289785327341,2.9831691148953943
Shadipur,2023,12,192.51,0.2514857053941909,4,227.75731138180737,0.3075906990028395,-35.24731138180738,-0.05610499360864857,2.0330082813003183
Shadipur,2024,1,217.19,0.2273633771929825,4,234.94662644369583,0.2597068131360243,-17.756626443695836,-0.03234343594304179,0.5927406892291137
Shadipur,2024,2,105.21,0.2549082780082987,4,119.37856336232795,0.3015240926363578,-14.168563362327959,-0.04661581462805914,0.6987641116558646
Shadipur,2024,4,116.1,0.2361067222767419,4,68.84702854017351,0.3053833444590085,47.25297145982648,-0.0692766221822666,-3.1889720144051092
Shadipur,2024,5,161.23,0.1941455794504182,4,92.6708092173068,0.27182416978815604,68.5591907826932,-0.07767859033773786,-5.219273615990457
Shadipur,2024,6,139.66,0.2192655228229201,4,59.891148863216024,0.2872194184924248,79.76885113678398,-0.06795389566950472,-5.339247982826593
Shadipur,2024,7,35.33,0.3626497888156784,4,39.39684449011083,0.45121223740821165,-4.066844490110832,-0.08856244859253326,0.49835479898252544
Shadipur,2024,8,46.65,0.5008500316656113,4,30.229129964017623,0.5179561879728378,16.420870035982375,-0.01710615630722656,-0.2757425164883679
Shadipur,2024,9,60.64,0.3571921265560166,4,46.193254190792366,0.44557496267686464,14.446745809207634,-0.08838283612084802,-1.139219209225118
Shadipur,2024,10,97.71,0.2440041078838173,4,126.55067089440541,0.3176789991651903,-28.84067089440542,-0.07367489128137303,2.2204647933548944
Shadipur,2025,1,139.66,0.2720175691562931,4,193.86253046120976,0.32963932946235297,-54.20253046120976,-0.057621760306059866,3.1817424085316452
Shadipur,2025,4,119.43,0.2277849466905943,4,78.93606981121138,0.28795345268000355,40.493930188788624,-0.06016850598940926,-2.372676945306481
Shadipur,2025,5,78.09,0.2793789312256695,4,70.85503100439954,0.35402910059099474,7.234968995600468,-0.07465016936532526,-0.4419115408709758
Shadipur,2025,7,43.92,0.2950616212383308,4,31.63171200178262,0.4361005269274853,12.288287998217381,-0.1410389056891545,-1.3826655893511517
Shadipur,2025,8,51.7,0.3902208437067773,4,33.472775679340856,0.5017810681367396,18.227224320659147,-0.11156022442996233,-1.8141624756940318
Shadipur,2025,9,56.39,0.3395231396957123,4,40.04039770535753,0.43483871688768794,16.349602294642473,-0.09531557719197564,-1.3983092308264993
Shadipur,2025,10,91.13,0.2864804246560502,4,126.88716451295153,0.3802484411938133,-35.75716451295153,-0.09376801653776307,3.507785528797061
Shadipur,2025,11,138.3,0.186154314329738,4,250.2148693015384,0.31342430716713365,-111.9148693015384,-0.12726999283739565,14.528778351897364
Shadipur,2025,12,165.27,0.2140864107883818,4,254.95798355360014,0.27774941157415456,-89.68798355360013,-0.06366300078577275,5.781212409000642
Sirifort,2022,1,142.48,0.441381911947944,3,154.20602361741587,0.3553584027113057,-11.726023617415876,0.08602350923663832,-0.8783381147598419
Sirifort,2022,3,103.4,0.4112257579952929,3,93.38194772448233,0.32995082543744286,10.018052275517675,0.08127493255785001,0.9305956780107817
Sirifort,2022,4,120.7,0.3857847945950144,3,90.3708826862459,0.30203033704377596,30.329117313754097,0.08375445755123845,2.663787201178974
Sirifort,2022,6,51.25,0.4723819253137434,3,55.811089124530405,0.3373788623202093,-4.561089124530405,0.1350030629935341,-0.29465442032371497
Sirifort,2022,7,30.87,0.5159973297730307,3,35.14537399451778,0.4727230014662805,-4.275373994517782,0.04327432830675021,-0.15202087497252578
Sirifort,2022,8,28.65,0.5480325585585583,3,31.71806342156721,0.4845851836389801,-3.06806342156721,0.06344737491957814,-0.12373721375215846
Sirifort,2022,9,35.57,0.5329267923334237,3,39.36356704217872,0.42769850006210125,-3.793567042178722,0.10522829227132241,-0.20410417518811902
Sirifort,2022,10,97.4,0.5017113041672435,3,110.79958539582476,0.4186710290126436,-13.399585395824758,0.08304027515459994,-0.9912155405261251
Sirifort,2022,11,175.48,0.4522605980894365,3,188.63778858261685,0.3615519941189061,-13.15778858261686,0.09070860397053043,-1.0485610455705177
Sirifort,2022,12,165.27,0.4004405960127372,3,174.08090487511953,0.29282102191639736,-8.810904875119519,0.10761957409633982,-0.7441721170011758
Sirifort,2023,2,109.24,0.4116707981448153,3,117.07164514097038,0.2864726848786947,-7.83164514097038,0.12519811326612057,-0.7043492569318665
Sirifort,2023,3,72.15,0.4157436106880797,3,73.12872956685612,0.3321080567323061,-0.9787295668561171,0.0836355539557736,0.04138118284933585
Sirifort,2023,5,62.73,0.4975277273985878,3,60.567455163201004,0.3880056959042276,2.1625448367989932,0.10952203149436018,0.44817814913866044
Sirifort,2023,6,41.59,0.4651157716415381,3,41.561770469076876,0.35407274742696443,0.0282295309231273,0.11104302421457368,0.22037705947895062
Sirifort,2023,7,28.28,0.5118707084019768,3,33.00876297211065,0.460747101448337,-4.728762972110651,0.051123606953639766,-0.1957040381246183
Sirifort,2023,8,31.66,0.5342612072546036,3,36.65329392061704,0.4295588769249414,-4.993293920617038,0.1047023303296622,-0.32966842782697414
Sirifort,2023,9,32.68,0.5090372594489823,3,42.35929950278196,0.4175255339931565,-9.679299502781959,0.09151172545582575,-0.7382274714991709
Sirifort,2023,10,91.57,0.5433286999861554,3,108.83512246190577,0.43499674844913416,-17.265122461905776,0.10833195153702124,-1.6636003279055631
Sirifort,2023,11,232.49,0.48438354907933,3,262.99423397228566,0.38161804409090944,-30.504233972285647,0.10276550498842058,-2.9487214367420953
Sirifort,2023,12,194.73,0.4360090717153538,3,218.4150131556686,0.3172592547373738,-23.6850131556686,0.11874981697797998,-2.564147349852802
Sirifort,2024,5,78.53,0.3565228645888735,3,80.4415107248751,0.2773755578932874,-1.9115107248751002,0.07914730669558612,-0.04092519425077815
Sirifort,2024,7,39.08,0.5399336148252405,3,37.48962844888832,0.5321494273610208,1.59037155111168,0.007784187464219716,0.013447301057762056
Sirifort,2024,9,40.49,0.5648691160182748,3,40.909810344619956,0.4431502573185562,-0.4198103446199539,0.12171885869971866,0.20992352092814023
Sirifort,2024,11,239.64,0.3842642669251004,3,256.92389729700943,0.30061480970800497,-17.283897297009446,0.08364945721709544,-1.32250987856737
Sirifort,2024,12,183.48,0.4245926865568323,3,171.34335233609193,0.3045155560364214,12.136647663908064,0.12007713052041091,1.7113623970503884
Sirifort,2025,1,188.54,0.4345547383358715,3,163.2964126960598,0.3205595745619465,25.24358730394019,0.11399516377392499,3.1065937953609226
Sirifort,2025,2,110.12,0.414360864599197,3,106.97055843244596,0.3079759516603008,3.1494415675540495,0.10638491293889624,0.5344516412984575
Sirifort,2025,3,78.72,0.4017371867645024,3,68.51395940191867,0.32355933806408316,10.20604059808133,0.07817784870041922,0.9055648962514887
Sirifort,2025,4,84.69,0.3866160928935473,3,71.27599242189815,0.2952937907557564,13.414007578101845,0.09132230213779091,1.3719298079120479
Sirifort,2025,6,54.42,0.5015344724220624,3,43.18566471983646,0.3630962181712939,11.234335280163542,0.1384382542507685,1.892917546636723
Sirifort,2025,7,34.19,0.454953944347079,3,29.547701572817523,0.44892647436403255,4.6422984271824745,0.0060274699830464296,0.028621391207661613
Sirifort,2025,8,30.07,0.4181911606456572,3,29.988884171093662,0.4880128812937006,0.08111582890633784,-0.06982172064804337,0.08022644330469474
Sirifort,2025,9,29.17,0.5397159628963035,3,37.50998776908818,0.43746995555493584,-8.339987769088175,0.10224600734136768,-0.6685452719340711
Sirifort,2025,10,102.68,0.5215698659398939,3,114.94660704513441,0.3936271594424813,-12.266607045134407,0.12794270649741257,-1.2810243825371392
Sirifort,2025,11,214.27,0.4366017836959595,3,226.43088846024787,0.34714125437718174,-12.160888460247861,0.08946052931877774,-0.9469176426796364
Sirifort,2025,12,228.21,0.3974030319811712,3,225.05251482089707,0.2946483266599958,3.1574851791029346,0.10275470532117542,0.510468926327172
Sonia_Vihar,2022,2,95.51,0.3630755962668509,3,106.72799817362164,0.295603669858798,-11.217998173621638,0.06747192640805288,-0.676693702353507
Sonia_Vihar,2022,3,85.01,0.3415140580712063,3,89.31983031908713,0.31251039415546294,-4.309830319087126,0.029003663915743327,-0.11018020507073728
Sonia_Vihar,2022,4,103.19,0.3227437435188384,3,106.82471783110394,0.2610232231177741,-3.6347178311039414,0.061720520401064294,-0.15722143996079652
Sonia_Vihar,2022,7,45.38,0.3268399266189857,3,38.64784937672065,0.41604127397025215,6.732150623279352,-0.08920134735126645,-0.4603308582658137
Sonia_Vihar,2022,8,34.4,0.353380234260615,3,35.54981371789352,0.39890689750682246,-1.1498137178935224,-0.045526663246207466,0.08886405701488721
Sonia_Vihar,2022,9,39.84,0.4104533041822413,3,44.083274971941016,0.37602259168938484,-4.2432749719410126,0.03443071249285645,-0.12521304262912797
Sonia_Vihar,2022,10,116.86,0.4349299827169028,3,129.13227514084124,0.3178151733578995,-12.272275140841245,0.11711480935900331,-1.1956158334859461
Sonia_Vihar,2022,11,214.87,0.3596374351883857,3,164.93764405884394,0.3002820216112757,49.93235594115606,0.059355413577109994,3.0258257648620392
Sonia_Vihar,2022,12,186.69,0.3210627722087797,3,161.71532005712314,0.26065607711157096,24.97467994287686,0.06040669509720875,1.5729262021618122
Sonia_Vihar,2023,1,181.65,0.3476910577255443,3,157.23497217357644,0.2502328423290433,24.415027826423568,0.09745821539650101,2.5467846972223414
Sonia_Vihar,2023,2,120.59,0.3325664362253716,3,109.34308910009845,0.2741988368153927,11.24691089990155,0.058367599409978876,0.7164765217345226
Sonia_Vihar,2023,3,79.17,0.3142145391051795,3,67.47484623915656,0.29804425824703007,11.69515376084344,0.01617028085814942,0.19372069693358865
Sonia_Vihar,2023,4,70.55,0.3780571724853093,3,67.25727219945838,0.3081115008855321,3.2927278005416127,0.06994567159977721,0.31650737076072
Sonia_Vihar,2023,5,73.18,0.3574561562391981,3,59.444074479505375,0.343416133153645,13.735925520494632,0.014040023085553077,0.19632565402642735
Sonia_Vihar,2023,6,49.96,0.3173275417864367,3,44.12457275469891,0.3186967627895527,5.835427245301091,-0.001369221003116039,-0.00795695950878576
Sonia_Vihar,2023,7,40.16,0.4081772264545382,3,32.16247048661573,0.4382049110097696,7.997529513384265,-0.030027684555231415,-0.22426161916561332
Sonia_Vihar,2023,8,39.13,0.4113332129611554,3,40.32343308050898,0.37204630161272895,-1.1934330805089743,0.039286911348426434,-0.019693261134663704
Sonia_Vihar,2023,12,212.59,0.3324451022685014,3,202.49485362734902,0.2655674798475434,10.095146372650987,0.06687762242095796,0.75393891498464
Sonia_Vihar,2024,1,218.46,0.3078713875598087,3,193.46431086585193,0.27203113528015016,24.99568913414808,0.035840252279658535,0.9184828219391089
Sonia_Vihar,2024,2,111.12,0.3024039820255789,3,101.99797161886501,0.2700944659569531,9.122028381134996,0.03230951606862581,0.31312006473838255
Sonia_Vihar,2024,3,73.66,0.3368103145523676,3,69.30699039090842,0.2780105061242185,4.353009609091572,0.05879980842814908,0.3168696636333409
Sonia_Vihar,2024,5,87.74,0.2638082622187742,3,77.69185956304177,0.25173996879066823,10.04814043695822,0.012068293428105947,0.12382988967504845
Sonia_Vihar,2024,6,58.01,0.2697104369663485,3,61.526801923121845,0.25782261941453455,-3.5168019231218466,0.01188781755181395,-0.03931728951784677
Sonia_Vihar,2024,7,57.6,0.4717688220484747,3,41.1046567889322,0.4114193328122017,16.495343211067798,0.06034948923627298,1.059652157299985
Sonia_Vihar,2024,8,35.39,0.5033402249534832,3,30.018300895372906,0.4596177141862976,5.371699104627094,0.043722510767185585,0.2685441771939544
Sonia_Vihar,2024,9,48.03,0.4375397718631179,3,43.2320849824705,0.40745558726145464,4.797915017529505,0.030084184601663233,0.16028687253777257
Sonia_Vihar,2024,10,129.91,0.366269464223989,3,115.70097022212416,0.28137599952485276,14.209029777875841,0.08489346469913622,1.3332265047352392
Sonia_Vihar,2024,11,282.42,0.3053383120054703,3,261.06545791867694,0.2503623651938823,21.354542081323075,0.05497594681158802,1.227234672201136
Sonia_Vihar,2024,12,181.47,0.3216703041825094,3,160.6404080770656,0.2623042264691195,20.829591922934412,0.05936607771338992,1.2986636056887568
Sonia_Vihar,2025,1,136.65,0.3144840407881092,3,149.88618507726207,0.30003253264910534,-13.236185077262064,0.014451508139003866,-0.18760334060791758
Sonia_Vihar,2025,2,76.45,0.3339897614932596,3,98.67333677165388,0.2774721297346153,-22.223336771653877,0.05651763175864427,-1.1997335019068116
Sonia_Vihar,2025,3,54.21,0.3416435222951952,3,68.01263308079417,0.2962581626419362,-13.802633080794173,0.04538535965325896,-0.590146918513592
Sonia_Vihar,2025,4,58.19,0.3030866643622537,3,70.1928685598617,0.2685753023507398,-12.002868559861696,0.03451136201151389,-0.39325144424271646
Sonia_Vihar,2025,6,63.46,0.3418912472274356,3,44.19559653213773,0.3205092056052579,19.264403467862273,0.02138204162217766,0.4199671795941343
Sonia_Vihar,2025,7,35.81,0.394796891227655,3,30.26593417642195,0.43065929644862155,5.544065823578052,-0.035862405220966564,-0.17616453245679717
Sonia_Vihar,2025,8,41.51,0.4728467927002904,3,30.661193536492068,0.48210462376379726,10.84880646350793,-0.00925783106350686,-0.09892640524248755
Sonia_Vihar,2025,9,34.93,0.4119802938126512,3,37.6497990630386,0.3774327475450283,-2.7197990630386,0.03454754626762291,-0.07293446096735766
Sonia_Vihar,2025,11,240.37,0.3997390559698434,3,222.9798281771091,0.2814572556047067,17.390171822890892,0.11828180036513669,2.30342998710535
Sonia_Vihar,2025,12,233.83,0.2599730591081923,3,206.4946372974871,0.25661453132409295,27.335362702512924,0.003358527784099341,0.09200530348763665
Sri_Aurobindo_Marg,2022,1,139.69,0.5419310011770407,2,126.5947937303676,0.4922615785671248,13.0952062696324,0.049669422609915914,0.6938963846979098
Sri_Aurobindo_Marg,2022,2,89.46,0.4846491864571073,2,84.51750539373293,0.4269707293506647,4.942494606267061,0.05767845710644259,0.3436878264500523
Sri_Aurobindo_Marg,2022,4,75.8,0.5110314650695839,2,92.47554135482642,0.3783618166537484,-16.67554135482642,0.13266964841583545,-1.9022358137851494
Sri_Aurobindo_Marg,2022,5,67.08,0.5123523610053312,2,67.53701492840685,0.4016301391494934,-0.4570149284068492,0.1107222218558378,0.16538724913706285
Sri_Aurobindo_Marg,2022,6,48.44,0.5262281520459736,2,49.153835760943146,0.412861615000844,-0.713835760943148,0.11336653704512961,0.14550374313762146
Sri_Aurobindo_Marg,2022,7,29.5,0.7152925934765316,2,31.18130092959214,0.5392827543960992,-1.6813009295921404,0.17600983908043244,0.2498774149401694
Sri_Aurobindo_Marg,2022,8,26.81,0.6199216478502939,2,29.325877106660943,0.5558918193473951,-2.5158771066609447,0.06402982850289884,-0.0888596784604178
Sri_Aurobindo_Marg,2022,9,32.59,0.6293714809942533,2,32.88613190393456,0.5371204630600892,-0.29613190393455824,0.09225101793416413,0.12261697021915068
Sri_Aurobindo_Marg,2022,10,86.38,0.705333947240878,2,84.2030411132464,0.5441007436141229,2.176958886753596,0.16123320362675508,0.8090038055347983
Sri_Aurobindo_Marg,2022,11,160.46,0.5947972408779338,2,152.64041465792232,0.4863623391418817,7.819585342077687,0.10843490173605214,1.0550732216015393
Sri_Aurobindo_Marg,2023,1,170.38,0.4662466800526204,2,153.87247379904724,0.41708778936777846,16.507526200952753,0.049158890684841916,0.8540677990008725
Sri_Aurobindo_Marg,2023,2,98.38,0.5088246209236308,2,89.72390693764386,0.41396459139491504,8.656093062356135,0.09486002952871575,0.9796534546635325
Sri_Aurobindo_Marg,2023,3,58.96,0.5301712628955203,2,65.55404334674387,0.4462024240198896,-6.594043346743867,0.08396883887563072,-0.42947223706031107
Sri_Aurobindo_Marg,2023,5,49.56,0.569123589282005,2,58.00894808748395,0.49473641721145345,-8.448948087483949,0.07438717207055157,-0.5310038062009159
Sri_Aurobindo_Marg,2023,6,34.6,0.5214709601181683,2,39.5693812210785,0.4801380407807869,-4.9693812210785,0.04133291933738137,-0.17529989054429407
Sri_Aurobindo_Marg,2023,7,26.87,0.6605521505376344,2,31.247940766062964,0.5556570126006719,-4.377940766062963,0.10489513793696248,-0.2653716316937016
Sri_Aurobindo_Marg,2023,8,36.67,0.6598233711832724,2,29.326600412403273,0.5181128091328455,7.343399587596728,0.14171056205042687,1.394444269722832
Sri_Aurobindo_Marg,2023,10,80.08,0.6574101225507166,2,84.94211492877776,0.5438328002252149,-4.862114928777757,0.11357732232550177,-0.32495437054057397
Sri_Aurobindo_Marg,2023,11,213.43,0.5958809596344248,2,222.01290780157817,0.48263333169381223,-8.582907801578159,0.11324762794061255,-0.7460398670597671
Sri_Aurobindo_Marg,2023,12,184.36,0.5326269576957695,2,162.32367357600666,0.4637573389156335,22.03632642399336,0.06886961878013603,1.601197034827217
Sri_Aurobindo_Marg,2024,1,215.08,0.4708049920376653,2,170.96530028975297,0.43015216198168066,44.11469971024704,0.040652830055984635,1.8225041828803001
Sri_Aurobindo_Marg,2024,2,95.24,0.4727257806549884,2,84.14549582248029,0.40006172767862686,11.09450417751971,0.07266405297636153,0.8991969650428732
Sri_Aurobindo_Marg,2024,3,65.32,0.4617234161877723,2,69.71151083983656,0.3932495461018476,-4.39151083983657,0.0684738700859247,-0.21809771992570812
Sri_Aurobindo_Marg,2024,4,51.98,0.4934269265388079,2,57.37440249625022,0.37249098971005096,-5.394402496250223,0.12093593682875692,-0.3947018670390191
Sri_Aurobindo_Marg,2024,5,68.44,0.4341861213044382,2,76.26025390016278,0.31521981956587736,-7.820253900162783,0.11896630173856082,-0.6809963904144261
Sri_Aurobindo_Marg,2024,6,46.58,0.4669742366544345,2,47.268999077759425,0.34247570269661004,-0.6889990777594264,0.12449853395782445,0.18730096725466197
Sri_Aurobindo_Marg,2024,7,32.44,0.7668540206185567,2,35.87160634777154,0.5888127077405452,-3.4316063477715417,0.1780413128780115,-0.05249295244073366
Sri_Aurobindo_Marg,2024,8,20.26,0.6909658351512853,2,27.177575204691756,0.5972608386273875,-6.9175752046917545,0.09370499652389774,-0.4935123764494849
Sri_Aurobindo_Marg,2024,10,80.88,0.558986813681368,2,87.48164504946413,0.4648888232501283,-6.601645049464139,0.09409799043123973,-0.465202228532515
Sri_Aurobindo_Marg,2024,11,167.2,0.4965338503081075,2,217.99724978886897,0.40984235610296826,-50.79724978886898,0.08669149420513922,-4.271281267690595
Sri_Aurobindo_Marg,2024,12,142.29,0.5048049989614348,2,145.0934025858694,0.44942516202839955,-2.8034025858694065,0.055379836933035276,-0.10121820318141853
Sri_Aurobindo_Marg,2025,1,115.34,0.4316409714048327,2,134.9824241839632,0.4640303891871846,-19.642424183963186,-0.03238941778235188,0.654689503688046
Sri_Aurobindo_Marg,2025,2,82.02,0.5188789413556738,2,81.88100795959848,0.4320100308650661,0.13899204040151858,0.08686891049060769,0.14502481307646928
Sri_Aurobindo_Marg,2025,4,63.75,0.4973728934431901,2,65.68104302273044,0.35397197414115167,-1.9310430227304352,0.1434009193020384,0.08538457039085451
Sri_Aurobindo_Marg,2025,7,22.61,0.5168384694633918,2,30.305323650810283,0.5227508765047216,-7.695323650810284,-0.005912407041329781,0.04611375795835425
Sri_Aurobindo_Marg,2025,8,20.02,0.6103242381622129,2,30.07055219983252,0.5878026989772129,-10.05055219983252,0.022521539184999995,-0.21741759779212863
Sri_Aurobindo_Marg,2025,9,26.29,0.6844543169701586,2,32.293533709566795,0.5562031026710215,-6.0035337095667956,0.1282512142991371,-0.48016946042875847
Sri_Aurobindo_Marg,2025,10,68.55,0.589698428304369,2,88.87323523525782,0.4978852823472404,-20.323235235257826,0.09181314595712864,-1.71742469052502
Sri_Aurobindo_Marg,2025,12,172.51,0.5087129162916291,2,167.3696647887876,0.44553263214426914,5.1403352112124026,0.06318028414735993,0.3950953285644543
Vivek_Vihar,2022,1,179.2,0.3097980459293076,1,172.67045534163452,0.2773215725845991,6.529544658365467,0.03247647334470849,0.23063889254297706
Vivek_Vihar,2022,4,111.75,0.2498821954762398,1,101.73952376125638,0.25095098559819623,10.010476238743621,-0.001068790121956431,-0.01067897261321055
Vivek_Vihar,2022,5,83.06,0.2387106189744307,1,75.40091600607312,0.2986580591637302,7.659083993926885,-0.05994744018929954,-0.3958279696620862
Vivek_Vihar,2022,6,60.25,0.2952828249291001,1,66.67840842935286,0.29777283991691894,-6.4284084293528565,-0.002490014987818867,0.0161160693614176
Vivek_Vihar,2022,7,37.2,0.369318552840608,1,38.22073055031266,0.3972498994538796,-1.0207305503126562,-0.027931346613271624,0.04225540943805923
Vivek_Vihar,2022,9,42.76,0.3366455799958496,1,42.48871294068909,0.36092033334903734,0.27128705931090735,-0.02427475335318774,0.0037963486252904194
Vivek_Vihar,2022,10,124.19,0.3010036729611952,1,97.13157506606822,0.334903308504425,27.058424933931775,-0.033899635543229834,-0.8970241474015765
Vivek_Vihar,2022,11,208.24,0.2702208065297087,1,188.93024978199077,0.2654385342387334,19.309750218009242,0.004782272290975276,0.09274741430420419
Vivek_Vihar,2022,12,203.19,0.2057282562080653,1,186.40225019970833,0.22071242977666478,16.787749800291664,-0.014984173568599463,-0.2475948185187266
Vivek_Vihar,2023,1,200.67,0.1943277408867676,1,187.29885066627912,0.20464344421030672,13.371149333720865,-0.010315703323539122,-0.13605798930638505
Vivek_Vihar,2023,3,85.82,0.2919362627101059,1,71.22434729781703,0.26913345937969146,14.59565270218296,0.022802803330414456,0.3419827044705977
Vivek_Vihar,2023,4,75.22,0.3040815245209933,1,67.35820349496207,0.30007201960819374,7.86179650503793,0.004009504912799555,0.03180514445688527
Vivek_Vihar,2023,6,43.83,0.2891228505222383,1,47.700049648492566,0.3036862020206854,-3.870049648492568,-0.014563351498447119,0.0600975623314745
Vivek_Vihar,2023,7,23.02,0.3536111097780443,1,34.71624282591992,0.3942565025011541,-11.69624282591992,-0.04064539272310985,0.5045045229199896
Vivek_Vihar,2023,8,26.63,0.3433063857412655,1,45.856612614173024,0.3599527220656907,-19.226612614173025,-0.016646336324425193,0.32493467702571893
Vivek_Vihar,2023,9,29.05,0.3706033444006364,1,38.50016953308318,0.3646958311018136,-9.45016953308318,0.005907513298822831,-0.055212149074766306
Vivek_Vihar,2023,11,203.15,0.2922321922593266,1,224.70270181993888,0.2830049792612191,-21.552701819938875,0.009227212998107526,-0.1973713296331914
Vivek_Vihar,2023,12,231.5,0.2450816905305389,1,203.07010845245497,0.2470391917203716,28.429891547545026,-0.0019575011898326777,-0.05558403685364682
Vivek_Vihar,2024,1,247.67,0.1844341271320719,1,222.19712696357982,0.22623171185288998,25.472873036420168,-0.04179758472081807,-1.0339248720324012
Vivek_Vihar,2024,3,80.01,0.2496552154665559,1,78.00875338647448,0.25151229640737116,2.001246613525524,-0.00185708094081527,-0.003655716123389773
Vivek_Vihar,2024,4,70.13,0.2611220377671716,1,69.46801618730403,0.25950002369587805,0.661983812695965,0.0016220140712935316,0.0011200993495656204
Vivek_Vihar,2024,5,83.49,0.2458049111157224,1,77.81380542750273,0.24660553776684904,5.676194572497266,-0.0008006266511266513,-0.004533219320927685
Vivek_Vihar,2024,6,52.11,0.2426950266170786,1,68.39487741996206,0.27126073640714177,-16.284877419962058,-0.028565709790063176,0.47956554376633326
Vivek_Vihar,2024,7,39.43,0.2978300267365162,1,41.47285122222898,0.39363188784216624,-2.0428512222289825,-0.09580186110565003,0.35740888798281706
Vivek_Vihar,2024,8,26.01,0.4141190909090909,1,29.051283107330967,0.43091285938367185,-3.0412831073309654,-0.016793768474580972,0.056043481834528557
Vivek_Vihar,2024,10,140.25,0.2697475340665421,1,104.72217521488538,0.2673430887849355,35.52782478511462,0.002404445281606604,0.08552656787658974
Vivek_Vihar,2024,11,301.83,0.2124648268238761,1,239.1948048336509,0.21985159234330265,62.63519516634909,-0.007386765519426547,-0.46171017417425414
Vivek_Vihar,2024,12,197.95,0.2300416199764819,1,180.32749718067925,0.22531740970725508,17.622502819320744,0.004724210269226814,0.08364561502960892
Vivek_Vihar,2025,2,123.59,0.2595566507574185,1,104.93849842284207,0.2470031527310258,18.65150157715793,0.012553498026392718,0.2369180486220355
Vivek_Vihar,2025,3,75.82,0.2657086394134329,1,73.75383376288654,0.27329326102357043,2.0661662371134497,-0.00758462161013751,-0.014657574975653944
Vivek_Vihar,2025,4,72.14,0.2686837725669226,1,72.58347164642413,0.2702446551116157,-0.44347164642412906,-0.0015608825446931096,0.0007351313719309684
Vivek_Vihar,2025,5,66.02,0.2972723317424084,1,73.73810175381162,0.3155517797946743,-7.718101753811624,-0.01827944805226589,0.14696955988049756
Vivek_Vihar,2025,6,45.5,0.2701888427751261,1,47.167233266288754,0.3072835468666375,-1.6672332662887541,-0.03709470409151139,0.08608849253212224
Vivek_Vihar,2025,7,28.88,0.3693573064061892,1,33.23370995214927,0.40349404845408365,-4.35370995214927,-0.034136742047894464,0.16915228457174394
Vivek_Vihar,2025,8,29.41,0.3776924648786716,1,32.54854099416632,0.42745580450984116,-3.1385409941663234,-0.04976333963116958,0.19981385823580936
Vivek_Vihar,2025,9,35.76,0.3546152175416753,1,42.5503634620214,0.3637441098242292,-6.7903634620214035,-0.009128892282553924,0.06345674024668602
Vivek_Vihar,2025,10,133.64,0.344704973369302,1,109.69724608641606,0.32774507074544434,23.94275391358393,0.01695990262385766,0.4111344489609318
Vivek_Vihar,2025,11,269.57,0.2715622777893063,1,206.2469038762106,0.2528575906452643,63.323096123789384,0.018704687144041998,1.1906027052645884
Vivek_Vihar,2025,12,261.27,0.2218367572802103,1,222.57349227531287,0.20220295432418967,38.69650772468711,0.01963380295602063,0.7665511877421005
Wazirpur,2022,1,184.76,0.2885628577353795,0,154.65399001904592,0.296789366623155,30.10600998095407,-0.008226508887775541,-0.2464750379220947
Wazirpur,2022,3,111.68,0.2662579669570025,0,106.9213397532617,0.27285067292593107,4.758660246738302,-0.0065927059689285805,-0.030606693630254183
Wazirpur,2022,4,131.55,0.2584458765380893,0,130.59500093156603,0.24194678310683038,0.9549990684339775,0.016499093431258938,0.020552651469139444
Wazirpur,2022,5,79.49,0.2831783928857555,0,85.82287366904409,0.24471766418273128,-6.3328736690440905,0.03846072870302425,-0.2175055817822121
Wazirpur,2022,6,64.34,0.3273302056317155,0,64.30762192695107,0.25671898211464017,0.03237807304893181,0.07061122351707533,0.09012971614044396
Wazirpur,2022,7,46.59,0.4443176186645212,0,36.1785097893618,0.33790613635944194,10.411490210638206,0.10641148230507924,1.3074002916755663
Wazirpur,2022,8,41.57,0.3913553194218763,0,34.49263245683126,0.36332230434509677,7.077367543168741,0.02803301507677952,0.21224522600113485
Wazirpur,2022,11,210.27,0.2623222590902807,0,184.47652717368277,0.2687462735757535,25.79347282631724,-0.0064240144854728065,-0.16497057514020722
Wazirpur,2022,12,200.25,0.2260510645651872,0,159.28887828300373,0.22794370266211925,40.961121716996274,-0.0018926380969320478,-0.07746146960881287
Wazirpur,2023,1,201.52,0.2070448534494677,0,167.39204224473815,0.20363159992105156,34.12795775526186,0.0034132535284161214,0.11669262973738494
Wazirpur,2023,2,136.98,0.2526634626019631,0,128.0255791132205,0.2524033968071254,8.954420886779502,0.00026006579483767167,0.0023299301795792105
Wazirpur,2023,3,90.12,0.2855019632241117,0,90.21237127870565,0.2708837067394105,-0.09237127870564166,0.01461825648470122,0.002414590126067514
Wazirpur,2023,4,81.64,0.3189733478501313,0,79.17554177103172,0.28949526041192974,2.464458228968283,0.029478087438201572,0.08795699972744372
Wazirpur,2023,5,76.81,0.3259787121526336,0,72.8960907362255,0.3142736401364081,3.9139092637744994,0.011705072016225504,0.048226439047232075
Wazirpur,2023,6,51.41,0.2767259856977194,0,49.09759068752374,0.2816363261224346,2.3124093124762553,-0.0049103404247152205,-0.01092991628022918
Wazirpur,2023,7,43.83,0.3688443123209168,0,34.46532154718465,0.3837938145999283,9.364678452815347,-0.014949502279011484,-0.13605982843313374
Wazirpur,2023,8,50.05,0.3635446011336926,0,36.37673745643552,0.33970587701470073,13.673262543564476,0.02383872411899185,0.33596529814439874
Wazirpur,2023,9,53.42,0.3459426932116688,0,44.87348136943165,0.3342481697054834,8.54651863056835,0.011694523506185439,0.10235696355112237
Wazirpur,2023,10,127.24,0.3525790888981059,0,118.69692860758487,0.3314124964296548,8.54307139241513,0.021166592468451095,0.18872110602734984
Wazirpur,2023,12,242.49,0.2667272846674961,0,218.1075701025818,0.24500544667674423,24.382429897418206,0.02172183799075189,0.5379441408269223
Wazirpur,2024,1,249.13,0.2092350788054749,0,222.23269179273976,0.2058452077797169,26.897308207260238,0.0033898710257579956,0.09138086067259227
Wazirpur,2024,2,126.73,0.2546876123323655,0,115.67376810569057,0.24099824449421484,11.056231894309434,0.01368936783815064,0.15465445795332372
Wazirpur,2024,3,84.76,0.253250801880271,0,90.99812407200986,0.23839388894087488,-6.238124072009853,0.014856912939396116,-0.08879043478995773
Wazirpur,2024,4,75.86,0.2893787190653948,0,86.92729068746759,0.24303388952413563,-11.06729068746759,0.04634482954125918,-0.47507053158413765
Wazirpur,2024,5,97.41,0.25243410410618,0,124.4223307889932,0.21660013953747634,-27.012330788993197,0.03583396456870366,-0.9453358268884734
Wazirpur,2024,6,59.47,0.2755535374647297,0,83.15957921857515,0.21942057097639311,-23.689579218575147,0.0561329664883366,-1.2742529404079217
Wazirpur,2024,9,51.66,0.3703438994884557,0,44.30446697958319,0.35895764853625123,7.355533020416807,0.011386250952204469,0.0860360887884306
Wazirpur,2024,11,311.02,0.2185002350338725,0,255.97804714935603,0.2214681563149614,55.04195285064395,-0.0029679212810888866,-0.16320499215095313
Wazirpur,2024,12,220.52,0.2515810279275542,0,158.21492636767576,0.23266264699347158,62.30507363232425,0.01891838093408263,1.185016767605445
Wazirpur,2025,1,221.92,0.2781014447670399,0,153.56566231898015,0.26604211512718456,68.35433768101984,0.012059329639855343,0.8268696625061508
Wazirpur,2025,2,122.69,0.2600639361260887,0,114.34233038790519,0.25546545475385896,8.347669612094805,0.004598481372229735,0.03875915858211515
Wazirpur,2025,3,89.17,0.2624816811834646,0,81.60366906631943,0.27277475052708555,7.566330933680575,-0.010293069343620953,-0.07601416683020905
Wazirpur,2025,5,82.1,0.3161048147380062,0,74.94282666101329,0.2833354330525492,7.157173338986709,0.03276938168545701,0.2534551571502302
Wazirpur,2025,6,62.48,0.3116675570493543,0,50.69071808947311,0.2672156697264557,11.789281910526888,0.044451887322898564,0.5588689051224114
Wazirpur,2025,7,39.5,0.4163374274709174,0,31.866417890842456,0.3538143867416053,7.633582109157544,0.06252304072931208,0.5461466781331275
Wazirpur,2025,8,47.2,0.5454291139240508,0,32.952193620412274,0.37996194215076473,14.247806379587729,0.16546717177328607,2.839920180733658
Wazirpur,2025,10,141.0,0.3344673717682844,0,116.0018989083456,0.30250495800198834,24.998101091654405,0.03196241376629605,0.8169983489799145
Wazirpur,2025,11,283.76,0.2691108011889948,0,224.81414063208746,0.2491004449700792,58.94585936791253,0.020010356218915587,1.1865822307427023
Wazirpur,2025,12,266.65,0.2459463431494538,0,236.8498113299694,0.20931671177144873,29.800188670030565,0.03662963137800507,1.1152088149130175
