station,year,month,pm25,lag_sentinel2_ndvi_mean_500m,time_holdout_year,y_prediction,t_prediction,y_residual,t_residual,orthogonal_score,treatment
Alipur,2023,1,155.76,0.3925852042972145,2023,103.53297814356712,0.44933166369320526,52.22702185643287,-0.05674645939599077,-2.96369857514959,sentinel2_ndvi_mean_500m
Alipur,2023,2,121.24,0.4823952645613105,2023,123.86130145438744,0.5101578019942713,-2.6213014543874493,-0.02776253743296081,0.07277397975050617,sentinel2_ndvi_mean_500m
Alipur,2023,3,80.09,0.5182623589759378,2023,141.10264218956348,0.495674266682019,-61.01264218956348,0.022588092293918727,-1.3781591928736994,sentinel2_ndvi_mean_500m
Alipur,2023,4,76.69,0.4249512489603779,2023,121.24548626316107,0.4594067308607777,-44.55548626316107,-0.03445548190039982,1.535180750503859,sentinel2_ndvi_mean_500m
Alipur,2023,5,67.45,0.3472359938321067,2023,112.7693223144515,0.404391277770721,-45.3193223144515,-0.0571552839386143,2.590238734788054,sentinel2_ndvi_mean_500m
Alipur,2023,8,35.82,0.2546485927283666,2023,100.0925127079296,0.37903330724567375,-64.2725127079296,-0.12438471451730715,7.994518144485818,sentinel2_ndvi_mean_500m
Alipur,2023,9,35.55,0.5048414717219822,2023,94.120412050108,0.4511999814805085,-58.570412050108004,0.053641490241473744,-3.141804186424965,sentinel2_ndvi_mean_500m
Alipur,2023,10,94.49,0.502312344945745,2023,122.01642975098453,0.46713777714806204,-27.526429750984533,0.03517456779768291,-0.9682302695041614,sentinel2_ndvi_mean_500m
Alipur,2023,11,228.48,0.3828610468432031,2023,180.76749897697482,0.4613948318276916,47.71250102302517,-0.07853378498448849,-3.7470432964144456,sentinel2_ndvi_mean_500m
Alipur,2023,12,198.96,0.2864574153152662,2023,167.0617104029127,0.43037422166917605,31.898289597087313,-0.14391680635390985,-4.590699966964952,sentinel2_ndvi_mean_500m
Alipur,2024,1,167.47,0.4066072976037937,2024,180.91351192337333,0.3086374332087909,-13.443511923373336,0.09796986439500283,-1.3170590401254894,sentinel2_ndvi_mean_500m
Alipur,2024,4,65.78,0.4896465457904704,2024,95.07119983010999,0.43967456662525395,-29.29119983010999,0.04997197916521645,-1.463739227634448,sentinel2_ndvi_mean_500m
Alipur,2024,7,38.88,0.278258977883922,2024,26.346633694003405,0.3164266260179138,12.533366305996598,-0.038167648133991816,-0.47836911510170693,sentinel2_ndvi_mean_500m
Alipur,2024,8,22.48,0.380718753863091,2024,29.690069732657975,0.35486787191819247,-7.210069732657974,0.02585088194489854,-0.18638666147342747,sentinel2_ndvi_mean_500m
Alipur,2024,9,41.13,0.5649757996821335,2024,47.56341792130087,0.4629006179518965,-6.433417921300865,0.102075181730237,-0.6566923034633494,sentinel2_ndvi_mean_500m
Alipur,2024,10,127.49,0.4786291416294704,2024,107.97011807621807,0.4734100513977727,19.519881923781924,0.005219090231697698,0.10187602507230271,sentinel2_ndvi_mean_500m
Alipur,2025,5,82.31,0.3125511051712478,2025,63.28541575890616,0.34098866797880384,19.02458424109384,-0.02843756280755605,-0.5410128092437472,sentinel2_ndvi_mean_500m
Alipur,2025,6,53.72,0.2908686098068351,2025,44.056720837547395,0.32298892959451503,9.663279162452604,-0.03212031978767993,-0.3103876168956015,sentinel2_ndvi_mean_500m
Alipur,2025,9,37.63,0.470529949698007,2025,29.69807852556324,0.48923649623019516,7.931921474436763,-0.018706546532188173,-0.14837885815121393,sentinel2_ndvi_mean_500m
Alipur,2025,10,102.63,0.5375161794201035,2025,117.87348282851424,0.5067159865282586,-15.243482828514246,0.03080019289184499,-0.46950221146176563,sentinel2_ndvi_mean_500m
Alipur,2025,11,230.41,0.4484158608460314,2025,187.3470221433008,0.4040898667749486,43.062977856699206,0.044325994071082786,1.9088093011592182,sentinel2_ndvi_mean_500m
Alipur,2025,12,199.32,0.3442940752484849,2025,177.24443210119512,0.3152155300910316,22.075567898804877,0.029078545157453284,0.6419253980218237,sentinel2_ndvi_mean_500m
Anand_Vihar,2023,2,137.86,0.1317509673493513,2023,136.79521880031274,0.22673421099182545,1.0647811996872747,-0.09498324364247415,-0.10113637211582234,sentinel2_ndvi_mean_500m
Anand_Vihar,2023,3,99.13,0.2029639788403005,2023,132.94626384651522,0.18874121754382225,-33.81626384651523,0.014222761296478259,-0.4809606486277138,sentinel2_ndvi_mean_500m
Anand_Vihar,2023,4,91.27,0.2136129520520259,2023,116.39516878713161,0.1965627534453882,-25.125168787131614,0.0170501986066377,-0.4283891178458885,sentinel2_ndvi_mean_500m
Anand_Vihar,2023,5,82.1,0.208472899022948,2023,109.71630446281104,0.20463022843367082,-27.616304462811044,0.003842670589277175,-0.10612036094376799,sentinel2_ndvi_mean_500m
Anand_Vihar,2023,6,55.56,0.2019802901708993,2023,93.18277211046737,0.2094139607247373,-37.622772110467366,-0.007433670553838007,0.27967529319133905,sentinel2_ndvi_mean_500m
Anand_Vihar,2023,7,37.66,0.2159672900498005,2023,45.06724507151144,0.2025197024038522,-7.40724507151144,0.013447587645948306,-0.09960957731416871,sentinel2_ndvi_mean_500m
Anand_Vihar,2023,10,132.38,0.2401410477309228,2023,117.8454049806715,0.19272657058083548,14.534595019328492,0.047414477150087314,0.6891502234297237,sentinel2_ndvi_mean_500m
Anand_Vihar,2023,11,280.67,0.2414889993811712,2023,179.1666137318884,0.1854591817336632,101.50338626811163,0.056029817647508,5.687216223206862,sentinel2_ndvi_mean_500m
Anand_Vihar,2023,12,240.59,0.1573052616279384,2023,177.65819232801016,0.1706059565242472,62.931807671989844,-0.013300694896308807,-0.8370367731183227,sentinel2_ndvi_mean_500m
Anand_Vihar,2024,1,252.19,0.1671616519942818,2024,226.2270276632177,0.1589980639307571,25.962972336782286,0.008163588063524685,0.21195101106217748,sentinel2_ndvi_mean_500m
Anand_Vihar,2024,2,121.33,0.0848231655229973,2024,140.6795238236186,0.19772037701917367,-19.34952382361861,-0.11289721149617636,2.1845072834653734,sentinel2_ndvi_mean_500m
Anand_Vihar,2024,7,52.13,0.1472553965518862,2024,62.596693013517665,0.20978176046794506,-10.466693013517663,-0.06252636391605887,0.6544442563608762,sentinel2_ndvi_mean_500m
Anand_Vihar,2024,8,44.31,0.1387069448375651,2024,39.13440269754239,0.21909712570217005,5.175597302457611,-0.08039018086460495,-0.4160672032269288,sentinel2_ndvi_mean_500m
Anand_Vihar,2024,9,88.87,0.189116279854916,2024,65.29593320298515,0.2362738014086625,23.57406679701485,-0.0471575215537465,-1.1116945630896875,sentinel2_ndvi_mean_500m
Anand_Vihar,2024,10,151.28,0.1878435355193013,2024,142.5787896382688,0.2339802097107964,8.7012103617312,-0.046136674191495086,-0.40144490753085343,sentinel2_ndvi_mean_500m
Anand_Vihar,2024,11,313.15,0.2549069053728078,2024,257.49211663458226,0.22741405254515898,55.65788336541772,0.027492852827648823,1.5301939960638729,sentinel2_ndvi_mean_500m
Anand_Vihar,2025,4,84.09,0.2307014514751234,2025,87.62877889423814,0.19466165016715953,-3.538778894238135,0.03603980130796386,-0.12753688822115844,sentinel2_ndvi_mean_500m
Anand_Vihar,2025,7,38.32,0.2101443590021197,2025,45.98765992737783,0.19330594150396546,-7.6676599273778265,0.016838417498154234,-0.1291112590910548,sentinel2_ndvi_mean_500m
Anand_Vihar,2025,8,51.59,0.2001254934663106,2025,40.13798831573459,0.13669988922563864,11.452011684265415,0.06342560424067195,0.7263507608457692,sentinel2_ndvi_mean_500m
Anand_Vihar,2025,9,59.58,0.2475114808592849,2025,47.03248539954754,0.20533285827705777,12.547514600452459,0.04217862258222713,0.5292368826774687,sentinel2_ndvi_mean_500m
Anand_Vihar,2025,12,276.49,0.2155079783541637,2025,198.79016207056105,0.15871500815186854,77.69983792943896,0.05679297020229515,4.412804580249789,sentinel2_ndvi_mean_500m
Ashok_Vihar,2023,3,68.72,0.2519004516921826,2023,129.62735564057283,0.24720042028863018,-60.90735564057283,0.004700031403552435,-0.28626648421802886,sentinel2_ndvi_mean_500m
Ashok_Vihar,2023,6,30.12,0.2834307322563977,2023,81.012601891311,0.27392609819359304,-50.89260189131099,0.009504634062804662,-0.4837155574809114,sentinel2_ndvi_mean_500m
Ashok_Vihar,2023,7,25.47,0.2905996289933467,2023,37.924933804338785,0.2555212911922835,-12.454933804338786,0.035078337801063175,-0.4368983752784768,sentinel2_ndvi_mean_500m
Ashok_Vihar,2023,8,25.52,0.2445904057048528,2023,94.59426248241373,0.268497160396483,-69.07426248241373,-0.023906754691630228,1.6513414486723423,sentinel2_ndvi_mean_500m
Ashok_Vihar,2023,9,34.96,0.3291397402846937,2023,100.27427751264294,0.27052214216925863,-65.31427751264295,0.0586175981154351,-3.828566070436104,sentinel2_ndvi_mean_500m
Ashok_Vihar,2023,10,89.46,0.3365894794291287,2023,106.81356088456668,0.2534776681278487,-17.35356088456669,0.08311181130127998,-1.44228587764338,sentinel2_ndvi_mean_500m
Ashok_Vihar,2023,11,236.55,0.2970025387610548,2023,186.2326063375828,0.24808052709938938,50.3173936624172,0.04892201166166543,2.4616281195373846,sentinel2_ndvi_mean_500m
Ashok_Vihar,2023,12,215.02,0.2036617739189646,2023,178.8872838935317,0.22772153475311568,36.13271610646831,-0.024059760834151095,-0.8693445078099067,sentinel2_ndvi_mean_500m
Ashok_Vihar,2024,1,184.78,0.2516822392368843,2024,197.66718724518623,0.19971906501692188,-12.887187245186226,0.05196317421996244,-0.6696591560268896,sentinel2_ndvi_mean_500m
Ashok_Vihar,2024,2,103.67,0.1336359978927199,2024,124.6129964423692,0.25585389168020084,-20.942996442369193,-0.12221789378748094,2.559608914785069,sentinel2_ndvi_mean_500m
Ashok_Vihar,2024,7,42.25,0.2488765443541943,2024,29.490947515222274,0.26410237330300107,12.759052484777726,-0.01522582894880678,-0.19426715068207379,sentinel2_ndvi_mean_500m
Ashok_Vihar,2025,1,194.46,0.2213138899760832,2025,171.8126183804137,0.1908954103894331,22.647381619586298,0.030418479586650088,0.6888989154864602,sentinel2_ndvi_mean_500m
Ashok_Vihar,2025,2,114.75,0.2777380190766985,2025,118.19236297386796,0.15224990372466377,-3.442362973867958,0.12548811535203472,-0.43197564194831556,sentinel2_ndvi_mean_500m
Ashok_Vihar,2025,3,80.96,0.2164531110683385,2025,74.15424389816032,0.247971513425123,6.805756101839677,-0.03151840235678449,-0.21450655915992412,sentinel2_ndvi_mean_500m
Ashok_Vihar,2025,6,53.18,0.2829503998642513,2025,35.6899738766384,0.2528084762328001,17.490026123361602,0.030141923631451184,0.5271830317224516,sentinel2_ndvi_mean_500m
Ashok_Vihar,2025,7,34.78,0.2847084041023855,2025,25.316745820322314,0.25269121126076854,9.463254179677687,0.03201719284161697,0.30298683397997833,sentinel2_ndvi_mean_500m
Ashok_Vihar,2025,10,129.19,0.3261579619318008,2025,110.78790822459206,0.3188799733049819,18.40209177540794,0.007277988626818888,0.13393021465109636,sentinel2_ndvi_mean_500m
Ashok_Vihar,2025,11,254.86,0.2591827948679656,2025,184.76023237369034,0.2746930959062305,70.09976762630967,-0.015510301038264895,-1.087268498596479,sentinel2_ndvi_mean_500m
Ashok_Vihar,2025,12,250.23,0.2686395884590861,2025,183.8244927610857,0.20872349296639714,66.40550723891428,0.05991609549268895,3.9787587129672355,sentinel2_ndvi_mean_500m
Aya_Nagar,2023,1,134.01,0.5158109259536958,2023,70.89691958609801,0.5343618791899049,63.11308041390198,-0.018550953236209033,-1.170807803351396,sentinel2_ndvi_mean_500m
Aya_Nagar,2023,2,68.95,0.2925905054765602,2023,81.28565662859448,0.4862330114624391,-12.335656628594478,-0.1936425059858789,2.388707462542353,sentinel2_ndvi_mean_500m
Aya_Nagar,2023,3,61.87,0.405886815317059,2023,86.20214586382195,0.5346837947990376,-24.332145863821957,-0.1287969794819786,3.133906891575187,sentinel2_ndvi_mean_500m
Aya_Nagar,2023,4,53.12,0.4825760279251431,2023,75.15551083880358,0.4585846743021483,-22.03551083880358,0.023991353622994815,-0.5286617327970718,sentinel2_ndvi_mean_500m
Aya_Nagar,2023,7,34.07,0.392395085944446,2023,30.038403065141125,0.5285631057075443,4.031596934858875,-0.13616801976309828,-0.5489745711027098,sentinel2_ndvi_mean_500m
Aya_Nagar,2023,12,136.87,0.3620753982002761,2023,140.12434404564107,0.5569652812125352,-3.254344045641062,-0.19488988301225907,0.6342387303366285,sentinel2_ndvi_mean_500m
Aya_Nagar,2024,1,149.47,0.4110115663363918,2024,145.31577835768547,0.35007848603011543,4.154221642314525,0.060933080306276366,0.2531295209412222,sentinel2_ndvi_mean_500m
Aya_Nagar,2024,2,82.28,0.2683241937748296,2024,71.29785513473433,0.459369041664181,10.982144865265667,-0.19104484788935144,-2.098082195283501,sentinel2_ndvi_mean_500m
Aya_Nagar,2024,3,79.15,0.2684835185401574,2024,62.05120697074457,0.41188414888096836,17.098793029255432,-0.14340063034081096,-2.4519776984622936,sentinel2_ndvi_mean_500m
Aya_Nagar,2024,4,72.71,0.2897460743612862,2024,58.620992846916614,0.3821317660282989,14.08900715308338,-0.09238569166701271,-1.3016226707390977,sentinel2_ndvi_mean_500m
Aya_Nagar,2024,10,97.79,0.6375680960819281,2024,78.54709798523264,0.5622936408836599,19.242902014767367,0.07527445519826825,1.448498965595272,sentinel2_ndvi_mean_500m
Aya_Nagar,2024,11,222.58,0.5895054390230238,2024,176.34153561875704,0.538735900446459,46.23846438124298,0.05076953857656474,2.34750550112463,sentinel2_ndvi_mean_500m
Aya_Nagar,2024,12,130.38,0.3639561357880725,2024,131.7627033652876,0.5021431518961396,-1.3827033652875969,-0.13818701610806705,0.19107165221167566,sentinel2_ndvi_mean_500m
Aya_Nagar,2025,1,110.32,0.3903443497332607,2025,127.94065578223211,0.3338413776188491,-17.62065578223212,0.05650297211441163,-0.9956194223011076,sentinel2_ndvi_mean_500m
Aya_Nagar,2025,2,75.08,0.4262130680638374,2025,87.19182264388053,0.282449052696358,-12.11182264388053,0.1437640153674794,-1.7412442567030255,sentinel2_ndvi_mean_500m
Aya_Nagar,2025,3,56.26,0.3591889620097916,2025,66.61631833427894,0.3492336980053308,-10.356318334278946,0.00995526400446084,-0.10309988313198504,sentinel2_ndvi_mean_500m
Aya_Nagar,2025,4,70.94,0.4334870756507266,2025,60.523560920965224,0.338063092857029,10.416439079034774,0.09542398279369757,0.9939781034494132,sentinel2_ndvi_mean_500m
Aya_Nagar,2025,5,70.17,0.3140862230058641,2025,52.7189927247575,0.31922799085864023,17.451007275242503,-0.005141767852776147,-0.08972902820640456,sentinel2_ndvi_mean_500m
Aya_Nagar,2025,6,46.21,0.394265646921863,2025,36.578112441951916,0.32225169038035245,9.631887558048085,0.07201395654151055,0.693630332017991,sentinel2_ndvi_mean_500m
Aya_Nagar,2025,9,28.36,0.5592973360647476,2025,28.679834126568444,0.48037389281433346,-0.3198341265684448,0.07892344325041417,-0.025242410537770436,sentinel2_ndvi_mean_500m
Aya_Nagar,2025,10,90.77,0.6322729256826396,2025,100.7029794568924,0.5587629131154459,-9.932979456892397,0.0735100125671937,-0.7301734447058369,sentinel2_ndvi_mean_500m
Aya_Nagar,2025,11,171.86,0.5935474139008504,2025,143.13915743466396,0.5462528428243839,28.720842565336056,0.04729457107646651,1.3583399300822907,sentinel2_ndvi_mean_500m
Bawana,2023,7,38.23,0.2944384423650403,2023,46.585591830085505,0.2533358825847858,-8.355591830085508,0.04110255978025451,-0.3434362126954958,sentinel2_ndvi_mean_500m
Bawana,2023,8,41.87,0.2662052999774798,2023,110.5373316168027,0.2682962032570623,-68.6673316168027,-0.002090903279582501,0.14357674887775193,sentinel2_ndvi_mean_500m
Bawana,2023,11,307.15,0.3056492565320317,2023,189.34508597674292,0.27379490407814155,117.80491402325706,0.03185435245389012,3.7525992520970535,sentinel2_ndvi_mean_500m
Bawana,2023,12,226.35,0.2150242897710541,2023,174.8752352832769,0.2478543077587452,51.47476471672309,-0.03283001798769111,-1.6899174515621866,sentinel2_ndvi_mean_500m
Bawana,2024,3,103.35,0.2277478240530547,2024,102.68263584074711,0.25248197121516847,0.6673641592528838,-0.02473414716211378,-0.016506683325681164,sentinel2_ndvi_mean_500m
Bawana,2024,4,93.35,0.2509625020415337,2024,106.53210116440158,0.23436159187264516,-13.182101164401587,0.01660091016888854,-0.21883487726743175,sentinel2_ndvi_mean_500m
Bawana,2024,5,109.17,0.1876705778411194,2024,100.76828212989163,0.24868587274249518,8.40171787010837,-0.06101529490137578,-0.512633293522821,sentinel2_ndvi_mean_500m
Bawana,2024,6,67.34,0.1999625842639856,2024,71.05041569838241,0.24591796886294637,-3.7104156983824055,-0.04595538459896076,0.17051358044118503,sentinel2_ndvi_mean_500m
Bawana,2024,7,42.37,0.2106766348842604,2024,37.95110048468289,0.27064011154166867,4.418899515317108,-0.05996347665740828,-0.26497257793815016,sentinel2_ndvi_mean_500m
Bawana,2024,8,33.28,0.2700051229809578,2024,37.25979884091302,0.28820049196344044,-3.97979884091302,-0.01819536898248264,0.07241390838646912,sentinel2_ndvi_mean_500m
Bawana,2024,9,52.26,0.3388478378698668,2024,73.5526379781121,0.30236836551085483,-21.292637978112104,0.036479472359011944,-0.7767441985729885,sentinel2_ndvi_mean_500m
Bawana,2024,10,141.36,0.3023098929830394,2024,138.1830382068179,0.31593577968696507,3.1769617931821017,-0.013625886703925671,-0.043288921456599856,sentinel2_ndvi_mean_500m
Bawana,2024,11,306.53,0.2998848165287189,2024,262.34285808470196,0.3020940942987447,44.187141915298014,-0.002209277770025775,-0.09762167035444204,sentinel2_ndvi_mean_500m
Bawana,2024,12,218.27,0.1455359826309819,2024,188.93576811372623,0.2433448475304176,29.334231886273784,-0.09780886489943569,-2.869147923493271,sentinel2_ndvi_mean_500m
Bawana,2025,1,199.48,0.204788994775749,2025,192.1424028517167,0.19711796859477343,7.337597148283294,0.007671026180975565,0.0562868998299328,sentinel2_ndvi_mean_500m
Bawana,2025,2,123.94,0.2409047411633812,2025,130.13650095704264,0.14607207026355543,-6.196500957042645,0.09483267089982578,-0.5876307359896806,sentinel2_ndvi_mean_500m
Bawana,2025,5,79.29,0.2229762387651229,2025,74.05736416173002,0.23324699400464932,5.232635838269985,-0.010270755239526419,-0.05374312195244516,sentinel2_ndvi_mean_500m
Bawana,2025,6,58.55,0.2258308834964432,2025,50.17333058411345,0.23023925962482072,8.376669415886546,-0.0044083761283775225,-0.03692750948830434,sentinel2_ndvi_mean_500m
Bawana,2025,7,32.88,0.2386383690863384,2025,35.23181368474332,0.2530060835959507,-2.3518136847433198,-0.014367714509612328,0.03379018760219143,sentinel2_ndvi_mean_500m
Bawana,2025,8,38.36,0.1723541768822978,2025,32.901139338113104,0.2598849157751153,5.458860661886895,-0.08753073889281751,-0.4778181072478948,sentinel2_ndvi_mean_500m
Bawana,2025,9,48.78,0.2858273287578038,2025,35.437341180649646,0.29075119855899845,13.342658819350355,-0.004923869801194636,-0.06569751482824249,sentinel2_ndvi_mean_500m
Bawana,2025,10,145.37,0.3153014816557915,2025,138.63009937296593,0.32118719250337185,6.739900627034075,-0.005885710847580328,-0.03966910623214791,sentinel2_ndvi_mean_500m
Burari_Crossing,2023,1,158.45,0.2301468698470807,2023,107.52443945301664,0.24600905313689872,50.92556054698335,-0.015862183289818033,-0.8077905755329757,sentinel2_ndvi_mean_500m
Burari_Crossing,2023,2,108.88,0.1701052522607564,2023,136.70389129548693,0.2904577924047881,-27.82389129548693,-0.12035254014403168,3.3486759941032647,sentinel2_ndvi_mean_500m
Burari_Crossing,2023,3,68.33,0.2525622329206103,2023,149.40660212711944,0.2637063441862049,-81.07660212711944,-0.011144111265594614,0.9035266751409641,sentinel2_ndvi_mean_500m
Burari_Crossing,2023,4,71.08,0.2449041696352911,2023,117.40026176006992,0.25104525049745957,-46.320261760069926,-0.006141080862168469,0.2844564730253994,sentinel2_ndvi_mean_500m
Burari_Crossing,2023,5,52.23,0.2559514000739818,2023,106.12444910523186,0.2394334996029492,-53.894449105231864,0.016517900471032604,-0.8902231462613521,sentinel2_ndvi_mean_500m
Burari_Crossing,2023,6,37.72,0.2664630969843714,2023,84.55521507143224,0.24843791255658604,-46.835215071432245,0.018025184427785335,-0.8442133893775575,sentinel2_ndvi_mean_500m
Burari_Crossing,2023,9,39.19,0.294581497353234,2023,93.3907496257443,0.28625700067062076,-54.20074962574431,0.008324496682613258,-0.4511939604546603,sentinel2_ndvi_mean_500m
Burari_Crossing,2023,12,206.2,0.2153179137057241,2023,171.77401997190748,0.2538265911806341,34.42598002809251,-0.03850867747491002,-1.3256989616595083,sentinel2_ndvi_mean_500m
Burari_Crossing,2024,3,74.58,0.2459551811613049,2024,69.80605380356153,0.25593361595265723,4.773946196438473,-0.009978434791352325,-0.04763651081858576,sentinel2_ndvi_mean_500m
Burari_Crossing,2024,4,81.91,0.2583526346848354,2024,81.5400376632836,0.23030955666711198,0.369962336716398,0.028043078017723405,0.010374882672157205,sentinel2_ndvi_mean_500m
Burari_Crossing,2024,5,92.7,0.2234559879924004,2024,80.97499031107454,0.22909653262910448,11.725009688925468,-0.005640544636704076,-0.06613544051617187,sentinel2_ndvi_mean_500m
Burari_Crossing,2024,10,136.66,0.2616643615715053,2024,148.01389708539597,0.288715544556368,-11.353897085395971,-0.0270511829848627,0.3071363476483457,sentinel2_ndvi_mean_500m
Burari_Crossing,2024,11,249.52,0.321815545114794,2024,250.73645357140194,0.28928392137706516,-1.216453571401928,0.03253162373772883,-0.03957320987926397,sentinel2_ndvi_mean_500m
Burari_Crossing,2024,12,189.29,0.2238878431100376,2024,172.0852881802259,0.2304685171123404,17.204711819774104,-0.006580674002302805,-0.11321859978949923,sentinel2_ndvi_mean_500m
Burari_Crossing,2025,1,151.23,0.2372180741471187,2025,169.50097652166065,0.20199210459450748,-18.270976521660657,0.03522596955261123,-0.6436128626484929,sentinel2_ndvi_mean_500m
Burari_Crossing,2025,2,80.19,0.2457895415730968,2025,120.46566282663797,0.1709182576206878,-40.27566282663797,0.074871283952409,-3.015490587864695,sentinel2_ndvi_mean_500m
Burari_Crossing,2025,3,68.4,0.2828924836089558,2025,74.29826997089441,0.247705845787537,-5.898269970894404,0.035186637821418815,-0.20754028923881188,sentinel2_ndvi_mean_500m
Burari_Crossing,2025,4,66.52,0.3006492630379441,2025,71.80233832846588,0.2466678970824118,-5.282338328465883,0.053981365955532296,-0.2851478384098516,sentinel2_ndvi_mean_500m
Burari_Crossing,2025,5,64.35,0.2606531124254673,2025,59.345956316436386,0.24016744495612852,5.004043683563609,0.020485667469338775,0.10251117490352919,sentinel2_ndvi_mean_500m
Burari_Crossing,2025,6,44.07,0.2875836719390704,2025,43.75305933196516,0.22974582492616283,0.3169406680348388,0.05783784701290759,0.018331165869967737,sentinel2_ndvi_mean_500m
Burari_Crossing,2025,9,29.48,0.1535588059577184,2025,32.75512163625396,0.2777816854100266,-3.27512163625396,-0.12422287945230823,0.40684504021202217,sentinel2_ndvi_mean_500m
Burari_Crossing,2025,10,120.25,0.3069410061111278,2025,144.24313110542414,0.3041410415268747,-23.99313110542414,0.0027999645842530785,-0.06717991736052852,sentinel2_ndvi_mean_500m
Burari_Crossing,2025,11,246.14,0.3035430361601129,2025,184.26931408923772,0.2875742810742782,61.87068591076226,0.01596875508583473,0.987997830301568,sentinel2_ndvi_mean_500m
Chandni_Chowk,2023,1,109.43,0.1250514545643482,2023,90.02358463043916,0.16595028147705673,19.406415369560847,-0.04089882691270852,-0.7936996231957955,sentinel2_ndvi_mean_500m
Chandni_Chowk,2023,2,75.04,0.099717407793103,2023,114.51219610947619,0.21130223176867002,-39.47219610947619,-0.11158482397556703,4.404498054804962,sentinel2_ndvi_mean_500m
Chandni_Chowk,2023,3,50.86,0.1667273956279499,2023,106.80372569843738,0.17423822332435887,-55.943725698437376,-0.007510827696408984,0.42018368441613047,sentinel2_ndvi_mean_500m
Chandni_Chowk,2023,4,26.19,0.1588767011284278,2023,93.75034089064154,0.18054286144560935,-67.56034089064154,-0.02166616031718155,1.4637731768200757,sentinel2_ndvi_mean_500m
Chandni_Chowk,2023,5,26.62,0.1655956113854257,2023,89.462525012482,0.19450398536945057,-62.842525012482,-0.028908373984024877,1.8166752151612673,sentinel2_ndvi_mean_500m
Chandni_Chowk,2024,4,96.29,0.1707721974638703,2024,37.207586644787234,0.1452189896848806,59.08241335521277,0.0255532077789897,1.509745184549908,sentinel2_ndvi_mean_500m
Chandni_Chowk,2024,5,137.05,0.1411172240806575,2024,43.274163062253315,0.15111948268991288,93.7758369377467,-0.010002258609255382,-0.9379701723507058,sentinel2_ndvi_mean_500m
Chandni_Chowk,2024,6,151.7,0.1560744317990813,2024,37.804541435416446,0.14733598504259593,113.89545856458355,0.008738446756485357,0.9952694004720976,sentinel2_ndvi_mean_500m
Chandni_Chowk,2025,1,126.99,0.1313998249224437,2025,131.55465426222582,0.11904427234188786,-4.5646542622258295,0.012355552580555845,-0.056398825748989585,sentinel2_ndvi_mean_500m
Chandni_Chowk,2025,4,85.8,0.1781763827558845,2025,70.35912451875078,0.16443792056197587,15.440875481249222,0.013738462193908618,0.21213388403999298,sentinel2_ndvi_mean_500m
Chandni_Chowk,2025,5,58.34,0.1642924129762326,2025,55.930677293825006,0.16413316481876733,2.409322706174997,0.00015924815746526377,0.00038368020169759137,sentinel2_ndvi_mean_500m
Chandni_Chowk,2025,6,56.72,0.1685413170373364,2025,36.42114613490732,0.16086985720167365,20.29885386509268,0.007671459835662753,0.15572184213604615,sentinel2_ndvi_mean_500m
Chandni_Chowk,2025,7,40.94,0.1647604749246239,2025,24.615445550887358,0.15457864534719215,16.32455444911264,0.010181829577431745,0.16621383132837006,sentinel2_ndvi_mean_500m
Chandni_Chowk,2025,8,35.07,0.1114222848067181,2025,23.75160491408073,0.11025029158448171,11.31839508591927,0.0011719932222363921,0.013265082327291072,sentinel2_ndvi_mean_500m
Chandni_Chowk,2025,9,40.3,-0.037961036075836,2025,33.14989203735238,0.17227789398430832,7.150107962647617,-0.21023893006014432,-1.5032310478815534,sentinel2_ndvi_mean_500m
Chandni_Chowk,2025,10,103.11,0.1665443847950681,2025,101.85287318590908,0.20860518386597715,1.257126814090924,-0.04206079907090904,-0.05287575833413037,sentinel2_ndvi_mean_500m
Chandni_Chowk,2025,11,220.37,0.1670172561610257,2025,148.53823326447744,0.17994305394131466,71.83176673552256,-0.012925797780288961,-0.928482891024252,sentinel2_ndvi_mean_500m
Chandni_Chowk,2025,12,228.51,0.1613680964297755,2025,147.90513672592897,0.1343276661342161,80.60486327407102,0.027040430295559414,2.1795901868456147,sentinel2_ndvi_mean_500m
DTU,2023,9,32.53,0.2664943314768394,2023,109.22534391910503,0.21268864861083306,-76.69534391910503,0.053805682866006316,-4.126645352210651,sentinel2_ndvi_mean_500m
DTU,2023,10,74.18,0.2621438993456421,2023,129.25514778355236,0.20753231167588032,-55.07514778355235,0.05461158766976176,-3.0077412616065544,sentinel2_ndvi_mean_500m
DTU,2023,11,127.74,0.2597902512525892,2023,163.72901737796317,0.200426929448156,-35.98901737796318,0.05936332180443321,-2.136427620033367,sentinel2_ndvi_mean_500m
DTU,2023,12,106.88,0.1645582493410042,2023,143.09867368317717,0.18049492650548238,-36.21867368317717,-0.01593667716447819,0.5772053098143769,sentinel2_ndvi_mean_500m
DTU,2024,1,92.64,0.2091968677130918,2024,119.34367379045496,0.16648513268744988,-26.703673790454957,0.042711735025641906,-1.1405602391490908,sentinel2_ndvi_mean_500m
DTU,2024,2,58.56,0.0925655242869137,2024,110.07550886612489,0.20245060543711443,-51.51550886612489,-0.10988508115020074,5.660785872248019,sentinel2_ndvi_mean_500m
DTU,2024,3,70.82,0.1876491102380849,2024,86.55814975813172,0.20524763547400096,-15.738149758131726,-0.017598525235916068,0.27696822568510754,sentinel2_ndvi_mean_500m
DTU,2024,4,84.4,0.198360505740623,2024,100.96120212606341,0.1956256750058669,-16.561202126063407,0.0027348307347561107,-0.04529208457886645,sentinel2_ndvi_mean_500m
DTU,2024,5,120.3,0.1902951441314223,2024,105.41889473378652,0.20473285515893588,14.881105266213481,-0.014437711027513594,-0.214849097603601,sentinel2_ndvi_mean_500m
DTU,2024,8,15.84,0.2240331513235038,2024,30.399733732205217,0.2279257868064322,-14.559733732205217,-0.003892635482928397,0.05667573614797153,sentinel2_ndvi_mean_500m
DTU,2024,9,25.84,0.2681097071511492,2024,28.57460773007078,0.24019588795852295,-2.734607730070781,0.027913819192626227,-0.07633334573995382,sentinel2_ndvi_mean_500m
DTU,2024,10,67.87,0.2532538678212558,2024,92.76867587100035,0.25008881639591063,-24.89867587100035,0.003165051425345178,-0.07880558955471724,sentinel2_ndvi_mean_500m
DTU,2024,11,137.16,0.2531403424041472,2024,166.54890499199024,0.23926463979724183,-29.388904991990245,0.013875702606905349,-0.40779170561145267,sentinel2_ndvi_mean_500m
DTU,2024,12,82.29,0.1394082968150441,2024,116.3021205724729,0.2004407844486934,-34.012120572472895,-0.061032487633649296,2.0758443282336407,sentinel2_ndvi_mean_500m
DTU,2025,1,81.11,0.1765154382982517,2025,94.90919225287091,0.15649008509226991,-13.79919225287091,0.020025353205981783,-0.27633369882098746,sentinel2_ndvi_mean_500m
DTU,2025,2,53.88,0.2049642898233771,2025,92.64210613909012,0.11279825627192705,-38.762106139090115,0.09216603355145006,-3.572549574940248,sentinel2_ndvi_mean_500m
DTU,2025,3,43.89,0.2043406817439499,2025,75.97818900498781,0.20290461063997586,-32.08818900498781,0.0014360711039740348,-0.046080921008920334,sentinel2_ndvi_mean_500m
DTU,2025,8,26.51,0.2263834688923714,2025,18.888119915347406,0.1970196483006066,7.621880084652595,0.029363820591764817,0.22380751937768403,sentinel2_ndvi_mean_500m
DTU,2025,9,21.35,0.2534900992268607,2025,25.11459039609094,0.22366826817709387,-3.764590396090938,0.02982183104976685,-0.11226697876379882,sentinel2_ndvi_mean_500m
DTU,2025,10,59.39,0.2696529802167145,2025,79.75550767308462,0.25898064605821497,-20.365507673084622,0.010672334158499552,-0.21734750319464574,sentinel2_ndvi_mean_500m
Dr._Karni_Singh_Shooting_Range,2023,1,184.56,0.5667355733792239,2023,90.64512111133469,0.6219939479426652,93.91487888866531,-0.05525837456344129,-5.189583554710093,sentinel2_ndvi_mean_500m
Dr._Karni_Singh_Shooting_Range,2023,2,106.42,0.3739837113013245,2023,102.59255935320328,0.568425495318568,3.827440646796717,-0.1944417840172435,-0.744214387583266,sentinel2_ndvi_mean_500m
Dr._Karni_Singh_Shooting_Range,2023,3,67.95,0.4702753042110951,2023,99.7787735253403,0.6151625092619301,-31.828773525340296,-0.14488720505083497,4.611582036282567,sentinel2_ndvi_mean_500m
Dr._Karni_Singh_Shooting_Range,2023,4,57.1,0.4987403700737292,2023,82.59294674469274,0.5423665311020526,-25.492946744692738,-0.043626161028323396,1.112159399770438,sentinel2_ndvi_mean_500m
Dr._Karni_Singh_Shooting_Range,2023,5,55.54,0.5273665068118203,2023,77.60380862553113,0.5210011977022946,-22.06380862553113,0.0063653091095257075,-0.14044296203492518,sentinel2_ndvi_mean_500m
Dr._Karni_Singh_Shooting_Range,2023,6,35.74,0.5087803987490837,2023,73.87085216915779,0.5573245013533195,-38.130852169157784,-0.048544102604235806,1.851028000086543,sentinel2_ndvi_mean_500m
Dr._Karni_Singh_Shooting_Range,2023,9,36.47,0.7339452830675577,2023,77.25410703838635,0.6426680181448736,-40.78410703838635,0.09127726492268406,-3.7226617427778947,sentinel2_ndvi_mean_500m
Dr._Karni_Singh_Shooting_Range,2023,10,93.72,0.6844385631499393,2023,85.43147524266503,0.6182248786361813,8.288524757334969,0.06621368451375809,0.5488137633666509,sentinel2_ndvi_mean_500m
Dr._Karni_Singh_Shooting_Range,2023,11,248.31,0.701638186029067,2023,154.96872384809072,0.6329483946566645,93.34127615190928,0.0686897913724025,6.411592785308457,sentinel2_ndvi_mean_500m
Dr._Karni_Singh_Shooting_Range,2023,12,203.39,0.4943748324479636,2023,159.53981159492798,0.6283858297210793,43.850188405072004,-0.13401099727311566,-5.876407478777712,sentinel2_ndvi_mean_500m
Dr._Karni_Singh_Shooting_Range,2024,3,67.26,0.3534992698041533,2024,71.91816258949783,0.4900279401866394,-4.65816258949782,-0.13652867038248612,0.6359727447695759,sentinel2_ndvi_mean_500m
Dr._Karni_Singh_Shooting_Range,2024,4,56.27,0.4518608115011283,2024,62.23717491360474,0.46763036506490935,-5.967174913604737,-0.01576955356378107,0.09409968442454057,sentinel2_ndvi_mean_500m
Dr._Karni_Singh_Shooting_Range,2024,5,81.18,0.3949902984521631,2024,63.10431958565869,0.4399989443163852,18.075680414341313,-0.0450086458642221,-0.8135618985239436,sentinel2_ndvi_mean_500m
Dr._Karni_Singh_Shooting_Range,2024,6,51.54,0.3159602595094113,2024,54.7344630556169,0.49844934814850267,-3.1944630556169002,-0.18248908863909136,0.5829546517107751,sentinel2_ndvi_mean_500m
Dr._Karni_Singh_Shooting_Range,2024,7,42.02,0.2665263457953605,2024,30.525295133992312,0.5892558830805428,11.494704866007691,-0.3227295372851823,-3.7096807826363953,sentinel2_ndvi_mean_500m
Dr._Karni_Singh_Shooting_Range,2024,8,26.59,0.5062042720694173,2024,28.799325221518387,0.6669250497399231,-2.2093252215183874,-0.16072077767050574,0.3550844677294976,sentinel2_ndvi_mean_500m
Dr._Karni_Singh_Shooting_Range,2024,9,41.36,0.6928322082805021,2024,46.13734490937169,0.6811320510108722,-4.777344909371692,0.011700157269629918,-0.055895686770914686,sentinel2_ndvi_mean_500m
Dr._Karni_Singh_Shooting_Range,2024,10,107.81,0.6342411409946922,2024,85.34416863059955,0.6776629381194037,22.465831369400448,-0.0434217971247115,-0.9755067719600858,sentinel2_ndvi_mean_500m
Dr._Karni_Singh_Shooting_Range,2024,11,244.7,0.6289421762236191,2024,202.73278498567538,0.6498297204875461,41.96721501432461,-0.020887544263926916,-0.8765920612454435,sentinel2_ndvi_mean_500m
Dr._Karni_Singh_Shooting_Range,2024,12,174.58,0.4163819824490046,2024,172.42734039918327,0.5928959898472533,2.1526596008167473,-0.17651400739824874,-0.37997457270447854,sentinel2_ndvi_mean_500m
Dr._Karni_Singh_Shooting_Range,2025,5,57.18,0.346315443978857,2025,54.80642705104174,0.38532675565850405,2.3735729489582624,-0.039011311679647054,-0.09259619410618976,sentinel2_ndvi_mean_500m
Dr._Karni_Singh_Shooting_Range,2025,6,39.99,0.4264259713449626,2025,41.054210706673246,0.39249896837935355,-1.0642107066732436,0.03392700296560902,-0.03610547980133601,sentinel2_ndvi_mean_500m
Dwarka-Sector_8,2023,1,203.43,0.3029200334299665,2023,90.29767224681781,0.3231340563211427,113.1323277531822,-0.020214022891176242,-2.286859462934878,sentinel2_ndvi_mean_500m
Dwarka-Sector_8,2023,2,120.48,0.2300894412206395,2023,113.65812446831472,0.37411231716610605,6.821875531685279,-0.14402287594546653,-0.9825061334153226,sentinel2_ndvi_mean_500m
Dwarka-Sector_8,2023,3,72.93,0.3048637029820389,2023,112.07727952703361,0.32344870766393113,-39.147279527033604,-0.018585004681892225,0.7275523732932632,sentinel2_ndvi_mean_500m
Dwarka-Sector_8,2023,4,73.0,0.3152351676252219,2023,97.90555384253534,0.330147437747584,-24.90555384253534,-0.01491227012236207,0.3713983464469196,sentinel2_ndvi_mean_500m
Dwarka-Sector_8,2023,8,32.62,0.3336702996951947,2023,90.24414893501196,0.3423623599405862,-57.624148935011966,-0.008692060245391542,0.5008725741325388,sentinel2_ndvi_mean_500m
Dwarka-Sector_8,2023,9,36.05,0.3670960926191544,2023,93.98482685535723,0.3619817936517294,-57.93482685535723,0.005114298967424991,-0.2962960251642991,sentinel2_ndvi_mean_500m
Dwarka-Sector_8,2023,10,109.28,0.3911790675041448,2023,98.84582132157357,0.3234867487240482,10.434178678426434,0.06769231878009657,0.706313749308529,sentinel2_ndvi_mean_500m
Dwarka-Sector_8,2023,11,268.32,0.3755529226047434,2023,166.46360680018674,0.3253264388362765,101.85639319981325,0.05022648376846689,5.115888479765002,sentinel2_ndvi_mean_500m
Dwarka-Sector_8,2024,4,73.79,0.2998634754970557,2024,67.20044750028764,0.2896131433122448,6.589552499712369,0.010250332184810917,0.06754510207130293,sentinel2_ndvi_mean_500m
Dwarka-Sector_8,2024,5,87.22,0.2843208188722814,2024,67.66956186504001,0.3073370276810588,19.55043813495999,-0.023016208808777416,-0.44997696641732404,sentinel2_ndvi_mean_500m
Dwarka-Sector_8,2024,6,52.17,0.2780826153551145,2024,54.08058917893396,0.3070233190402831,-1.9105891789339609,-0.0289407036851686,0.055293795291617334,sentinel2_ndvi_mean_500m
Dwarka-Sector_8,2024,11,266.08,0.3848922955267707,2024,235.9091309318486,0.3513640028357946,30.170869068151376,0.03352829269097607,1.0115777288580958,sentinel2_ndvi_mean_500m
Dwarka-Sector_8,2024,12,186.31,0.2405712202687258,2024,203.35234164223505,0.3169051117863048,-17.042341642235044,-0.07633389151757902,1.3009082581238893,sentinel2_ndvi_mean_500m
Dwarka-Sector_8,2025,3,80.17,0.1725208598076128,2025,77.0221440372957,0.3168922302645009,3.1478559627042983,-0.1443713704568881,-0.4544602793365064,sentinel2_ndvi_mean_500m
Dwarka-Sector_8,2025,4,80.54,0.3301214957254321,2025,69.54905172327095,0.3091923832374062,10.990948276729057,0.02092911248802587,0.2300307928337365,sentinel2_ndvi_mean_500m
Dwarka-Sector_8,2025,5,69.62,0.2878482784012677,2025,61.00903708381216,0.3162360063426743,8.610962916187844,-0.028387727941406593,-0.24444567257828168,sentinel2_ndvi_mean_500m
Dwarka-Sector_8,2025,6,50.15,0.3208521587898907,2025,43.36496131062765,0.30743284572046564,6.7850386893723496,0.013419313069425065,0.09105055836084909,sentinel2_ndvi_mean_500m
Dwarka-Sector_8,2025,7,31.75,0.3225547300162579,2025,33.24477819532219,0.3086410892127766,-1.4947781953221906,0.013913640803481286,-0.020797806890588952,sentinel2_ndvi_mean_500m
Dwarka-Sector_8,2025,10,111.18,0.3945550838437793,2025,118.95658007526366,0.3682319951672592,-7.776580075263652,0.026323088676520112,-0.20470360692122458,sentinel2_ndvi_mean_500m
Dwarka-Sector_8,2025,11,217.54,0.3987781997714893,2025,197.68107018154186,0.34209387543431646,19.858929818458137,0.05668432433717285,1.1256900188186343,sentinel2_ndvi_mean_500m
Dwarka-Sector_8,2025,12,223.03,0.3127921714296091,2025,190.4743488026606,0.270676991311121,32.555651197339415,0.04211518011848808,1.3710871140506218,sentinel2_ndvi_mean_500m
IGI_Airport_(T3),2023,1,141.36,0.1115858250881102,2023,80.0442899279436,0.15309228488032658,61.31571007205642,-0.041506459792216385,-2.544998054737007,sentinel2_ndvi_mean_500m
IGI_Airport_(T3),2023,6,33.94,0.0993551486880875,2023,70.32534601295558,0.11411302290095929,-36.38534601295558,-0.014757874212871794,0.5369703596510147,sentinel2_ndvi_mean_500m
IGI_Airport_(T3),2023,9,37.98,0.0882108592802764,2023,72.18560867010216,0.19669042155177122,-34.20560867010216,-0.10847956227149481,3.71060945576273,sentinel2_ndvi_mean_500m
IGI_Airport_(T3),2023,10,96.78,0.1119868593208788,2023,83.0334784230304,0.11326871165425358,13.746521576969599,-0.0012818523333747722,-0.017621010759225134,sentinel2_ndvi_mean_500m
IGI_Airport_(T3),2023,11,243.72,0.084047129892004,2023,150.6301310310053,0.12798950265708922,93.0898689689947,-0.043942372765085225,-4.090589722888504,sentinel2_ndvi_mean_500m
IGI_Airport_(T3),2023,12,174.17,0.0568496450971745,2023,150.48026985378465,0.12443289280331882,23.68973014621534,-0.06758324770614432,-1.6010289005633858,sentinel2_ndvi_mean_500m
IGI_Airport_(T3),2024,1,181.72,0.056288214862579,2024,159.438078883645,0.0847270943489028,22.281921116354994,-0.0284388794863238,-0.6336728693517931,sentinel2_ndvi_mean_500m
IGI_Airport_(T3),2024,2,89.57,0.0386333577419882,2024,80.3444600821586,0.13511583325420218,9.225539917841388,-0.09648247551221398,-0.8901029292100843,sentinel2_ndvi_mean_500m
IGI_Airport_(T3),2024,3,65.6,0.062725919460928,2024,69.88054369960768,0.10943552472696955,-4.280543699607691,-0.04670960526604155,0.19994250653271636,sentinel2_ndvi_mean_500m
IGI_Airport_(T3),2024,4,60.02,0.0642835694154298,2024,66.0436236037251,0.1127584077158042,-6.023623603725092,-0.0484748383003744,0.29199418017289236,sentinel2_ndvi_mean_500m
IGI_Airport_(T3),2024,5,75.79,0.0538681589987698,2024,66.33719948040549,0.11128988859308138,9.452800519594518,-0.05742172959431158,-0.5427961553451244,sentinel2_ndvi_mean_500m
IGI_Airport_(T3),2024,6,42.22,0.0614194466564517,2024,57.29640388195394,0.09369289730705997,-15.076403881953944,-0.03227345065060827,0.4865675766728796,sentinel2_ndvi_mean_500m
IGI_Airport_(T3),2024,7,36.46,0.0372038203235341,2024,30.608280665738693,0.07332818541721263,5.851719334261308,-0.03612436509367853,-0.21138964565659293,sentinel2_ndvi_mean_500m
IGI_Airport_(T3),2024,8,25.68,0.0166561925826685,2024,28.477589719075272,0.10313064834588519,-2.7975897190752725,-0.08647445576321669,0.24192004840580447,sentinel2_ndvi_mean_500m
IGI_Airport_(T3),2024,9,41.68,0.0742159046229402,2024,49.62482751686192,0.09630192589270653,-7.9448275168619205,-0.02208602126976633,0.1754696295220372,sentinel2_ndvi_mean_500m
IGI_Airport_(T3),2024,12,143.85,0.078030579382309,2024,140.88455584034273,0.12342160574711974,2.9654441596572667,-0.04539102636481074,-0.13460455403437702,sentinel2_ndvi_mean_500m
IGI_Airport_(T3),2025,1,132.88,0.100236477289381,2025,142.09860670291167,0.06449333755158826,-9.218606702911671,0.03574313973779274,-0.3295019475699246,sentinel2_ndvi_mean_500m
IGI_Airport_(T3),2025,2,81.85,0.1070855109053521,2025,92.15418543078579,0.049065015148788076,-10.304185430785793,0.05802049575656402,-0.5978539470617559,sentinel2_ndvi_mean_500m
IGI_Airport_(T3),2025,3,65.77,0.0556759047876499,2025,68.65144047463315,0.10514898087532189,-2.881440474633152,-0.049473076087671986,0.1425537238436236,sentinel2_ndvi_mean_500m
IGI_Airport_(T3),2025,4,54.26,0.1020488455722344,2025,60.97445428172588,0.08970744543452064,-6.714454281725885,0.01234140013771376,-0.08286576699716458,sentinel2_ndvi_mean_500m
IGI_Airport_(T3),2025,5,47.97,0.080915104753731,2025,52.94733822045509,0.07516181831035422,-4.9773382204550884,0.005753286443376776,-0.028636052507845348,sentinel2_ndvi_mean_500m
IGI_Airport_(T3),2025,6,31.58,0.0981040149767869,2025,37.90183950176775,0.05989986103629589,-6.321839501767755,0.038204153940491016,-0.24152052951261235,sentinel2_ndvi_mean_500m
IGI_Airport_(T3),2025,7,26.1,0.1045039810085141,2025,30.58029123499941,0.04148115595881178,-4.4802912349994095,0.06302282504970233,-0.28236061067508256,sentinel2_ndvi_mean_500m
IGI_Airport_(T3),2025,11,157.88,0.1274940414691917,2025,156.49790390347107,0.10152329557380166,1.382096096528926,0.02597074589539003,0.035894066525963185,sentinel2_ndvi_mean_500m
IGI_Airport_(T3),2025,12,142.31,0.1098207698539447,2025,146.2130373861523,0.08245919871032169,-3.903037386152306,0.027361571143623017,-0.10679323511742675,sentinel2_ndvi_mean_500m
IHBAS_Dilshad_Garden,2023,1,109.9,0.298289254988786,2023,60.51099732992521,0.2959197454615429,49.389002670074795,0.0023695095272430744,0.11702771236777587,sentinel2_ndvi_mean_500m
IHBAS_Dilshad_Garden,2023,2,98.54,0.2380147511258036,2023,90.04301568650946,0.3423490496995129,8.496984313490543,-0.10433429857370932,-0.8865268983398469,sentinel2_ndvi_mean_500m
IHBAS_Dilshad_Garden,2023,3,67.5,0.319119455975796,2023,103.43523429860868,0.3246001970286885,-35.93523429860868,-0.005480741052892479,0.19695171386569446,sentinel2_ndvi_mean_500m
IHBAS_Dilshad_Garden,2023,4,66.99,0.3416028509770076,2023,93.28829465387163,0.30334276102502494,-26.298294653871636,0.038260089951982656,-1.0061751190408734,sentinel2_ndvi_mean_500m
IHBAS_Dilshad_Garden,2023,5,56.78,0.3426973115018435,2023,92.44823305022655,0.3058204187556038,-35.66823305022655,0.03687689274623973,-1.3153336046410875,sentinel2_ndvi_mean_500m
IHBAS_Dilshad_Garden,2023,6,50.65,0.3245682837753318,2023,83.27895317181175,0.31537720864292557,-32.62895317181175,0.009191075132406246,-0.2998951600938869,sentinel2_ndvi_mean_500m
IHBAS_Dilshad_Garden,2023,7,33.37,0.363993135790311,2023,39.529306709238554,0.3071513566750133,-6.159306709238557,0.0568417791152977,-0.3501059514699092,sentinel2_ndvi_mean_500m
IHBAS_Dilshad_Garden,2023,8,54.92,0.3025581976320783,2023,83.23401359770057,0.30466625038450335,-28.314013597700566,-0.002108052752425038,0.05968743429683263,sentinel2_ndvi_mean_500m
IHBAS_Dilshad_Garden,2023,11,137.22,0.4057209024210373,2023,149.26313136897448,0.32384579595167895,-12.043131368974485,0.08187510646935836,-0.9860326630592555,sentinel2_ndvi_mean_500m
IHBAS_Dilshad_Garden,2023,12,124.09,0.2228002110616093,2023,135.36773533067264,0.29624373658040093,-11.277735330672641,-0.07344352551879163,0.828276642552434,sentinel2_ndvi_mean_500m
IHBAS_Dilshad_Garden,2024,1,132.45,0.3236923088830075,2024,133.72539559987138,0.24055887494956665,-1.2753955998713877,0.08313343393344083,-0.10602801584090915,sentinel2_ndvi_mean_500m
IHBAS_Dilshad_Garden,2024,2,70.51,0.1675556419170619,2024,92.55843055571904,0.30850055102606466,-22.048430555719037,-0.14094490910900276,3.107614040671979,sentinel2_ndvi_mean_500m
IHBAS_Dilshad_Garden,2024,3,58.22,0.2530041947184981,2024,69.57558987406723,0.32361709162263425,-11.355589874067235,-0.07061289690413614,0.8018510970631619,sentinel2_ndvi_mean_500m
IHBAS_Dilshad_Garden,2024,4,64.57,0.3628853829609579,2024,73.49725615382394,0.2980033564385588,-8.927256153823947,0.0648820265223991,-0.5792184705446559,sentinel2_ndvi_mean_500m
IHBAS_Dilshad_Garden,2024,5,68.36,0.2862600715609462,2024,76.53550516307405,0.3043665425674414,-8.17550516307405,-0.018106471006495206,0.14802954719865213,sentinel2_ndvi_mean_500m
IHBAS_Dilshad_Garden,2024,6,66.38,0.2810219423138564,2024,62.63667462119257,0.30306070818801223,3.7433253788074268,-0.02203876587415582,-0.08249827161432252,sentinel2_ndvi_mean_500m
IHBAS_Dilshad_Garden,2024,9,32.05,0.3996457173480335,2024,33.906785835456596,0.37193186892056207,-1.8567858354565985,0.027713848427471433,-0.05145868120612008,sentinel2_ndvi_mean_500m
IHBAS_Dilshad_Garden,2024,10,79.98,0.3337688645693441,2024,90.79359204826532,0.3799362655734346,-10.81359204826532,-0.04616740100409045,0.4992354403869088,sentinel2_ndvi_mean_500m
IHBAS_Dilshad_Garden,2024,11,189.33,0.4648324280225767,2024,163.03062309819683,0.3669413869738694,26.299376901803186,0.09789104104870727,2.5744733838498397,sentinel2_ndvi_mean_500m
IHBAS_Dilshad_Garden,2024,12,93.73,0.2672088318781552,2024,118.03214201435115,0.3037375314485735,-24.302142014351148,-0.03652869957041832,0.8877256445598738,sentinel2_ndvi_mean_500m
IHBAS_Dilshad_Garden,2025,1,90.33,0.2914085294976717,2025,108.51010391334854,0.23723201011141484,-18.180103913348546,0.054176519386256866,-0.9849347521056918,sentinel2_ndvi_mean_500m
IHBAS_Dilshad_Garden,2025,4,74.21,0.3622784716631592,2025,62.552699469764796,0.30345363705099,11.657300530235197,0.0588248346121692,0.6857387757154377,sentinel2_ndvi_mean_500m
IHBAS_Dilshad_Garden,2025,5,67.78,0.3104998212736619,2025,54.78171858933874,0.291735300038929,12.998281410661264,0.018764521234732878,0.24390652754538691,sentinel2_ndvi_mean_500m
IHBAS_Dilshad_Garden,2025,9,37.22,0.3868863862450757,2025,31.748563865109922,0.3751403092292274,5.471436134890077,0.011746077015848289,0.06426791022771412,sentinel2_ndvi_mean_500m
IHBAS_Dilshad_Garden,2025,10,114.88,0.4204635430910967,2025,89.61654606472567,0.42412953072315984,25.263453935274327,-0.0036659876320631613,-0.09261550966991308,sentinel2_ndvi_mean_500m
IMD_Lodhi_Road,2023,1,126.08,0.3754735901213167,2023,67.73159874275564,0.4294507953134256,58.34840125724436,-0.05397720519210891,-3.1494836272937845,sentinel2_ndvi_mean_500m
IMD_Lodhi_Road,2023,4,47.03,0.3897389013274833,2023,62.80833926968912,0.3983331460096162,-15.77833926968912,-0.008594244682132934,0.13560290836141498,sentinel2_ndvi_mean_500m
IMD_Lodhi_Road,2023,5,49.61,0.389527586087442,2023,62.05652555240634,0.3893291619209382,-12.446525552406342,0.00019842416650378558,-0.0024696914586042978,sentinel2_ndvi_mean_500m
IMD_Lodhi_Road,2023,6,35.03,0.4183520201801534,2023,58.95296243825439,0.3962981630264962,-23.922962438254388,0.022053857153657208,-0.5275935963055692,sentinel2_ndvi_mean_500m
IMD_Lodhi_Road,2023,7,32.54,0.4227448355213933,2023,29.488475173151535,0.3911312050893647,3.051524826848464,0.03161363043202858,0.09646977813014736,sentinel2_ndvi_mean_500m
IMD_Lodhi_Road,2023,8,35.64,0.367765980713453,2023,66.61029470101411,0.40444491460646503,-30.97029470101411,-0.03667893389301202,1.1359573919855972,sentinel2_ndvi_mean_500m
IMD_Lodhi_Road,2023,9,38.47,0.4597657272149283,2023,68.81416394821291,0.4120657620509341,-30.34416394821291,0.04769996516399422,-1.447415563260285,sentinel2_ndvi_mean_500m
IMD_Lodhi_Road,2023,10,77.8,0.4869417149845409,2023,70.62575266261261,0.41530351848190356,7.174247337387385,0.07163819650263736,0.5139501405142803,sentinel2_ndvi_mean_500m
IMD_Lodhi_Road,2023,11,185.96,0.4515834888361022,2023,125.43892949132331,0.4100847588639894,60.5210705086767,0.04149872997211285,2.5115475626627766,sentinel2_ndvi_mean_500m
IMD_Lodhi_Road,2023,12,146.05,0.3328904465635885,2023,135.87487198227265,0.3954534606455421,10.17512801772736,-0.06256301408195358,-0.6365866774587573,sentinel2_ndvi_mean_500m
IMD_Lodhi_Road,2024,3,59.22,0.360033124893805,2024,62.83480118944131,0.42272909489866084,-3.614801189441309,-0.06269597000485583,0.22663346694672948,sentinel2_ndvi_mean_500m
IMD_Lodhi_Road,2024,6,45.07,0.3807481173033952,2024,47.82327902356727,0.34694826220239067,-2.7532790235672664,0.03379985510100453,-0.09306043204920883,sentinel2_ndvi_mean_500m
IMD_Lodhi_Road,2024,12,118.92,0.310367669048473,2024,122.88973286631152,0.38511100579192875,-3.9697328663115172,-0.07474333674345573,0.2967110804082855,sentinel2_ndvi_mean_500m
IMD_Lodhi_Road,2025,1,121.86,0.3804819567618941,2025,123.27090666061456,0.3274324881785009,-1.4109066606145575,0.05304946858339321,-0.0748478485663722,sentinel2_ndvi_mean_500m
IMD_Lodhi_Road,2025,2,73.57,0.4491818485904201,2025,90.29815745689243,0.31213761095109754,-16.728157456892433,0.13704423763932255,-2.292497585790372,sentinel2_ndvi_mean_500m
IMD_Lodhi_Road,2025,3,52.91,0.3755017862813952,2025,63.399444304368664,0.39687329878520333,-10.489444304368668,-0.021371512503808143,0.2241752901088141,sentinel2_ndvi_mean_500m
IMD_Lodhi_Road,2025,4,65.17,0.4213914085486621,2025,54.27812835492164,0.39794398803592296,10.89187164507836,0.023447420512739126,0.255386294632932,sentinel2_ndvi_mean_500m
IMD_Lodhi_Road,2025,5,55.48,0.3781810434214732,2025,49.90339057207935,0.37379725996560476,5.576609427920644,0.0043837834558684285,0.024446648149958422,sentinel2_ndvi_mean_500m
IMD_Lodhi_Road,2025,6,36.6,0.4139095085828599,2025,33.81728787598565,0.3724376629242995,2.7827121240143526,0.041471845658560436,0.11540420771932812,sentinel2_ndvi_mean_500m
IMD_Lodhi_Road,2025,7,20.67,0.3969822002747059,2025,28.27416157048295,0.37599948965539737,-7.6041615704829475,0.02098271061930851,-0.1595559217359102,sentinel2_ndvi_mean_500m
IMD_Lodhi_Road,2025,10,91.69,0.4711067501504195,2025,90.81963447031555,0.4749299399113982,0.8703655296844488,-0.003823189760978729,-0.003327572581398413,sentinel2_ndvi_mean_500m
ITO,2023,1,227.6,0.2987076346893941,2023,91.99468459702456,0.37605126413686857,135.60531540297544,-0.07734362944747447,-10.488207265635634,sentinel2_ndvi_mean_500m
ITO,2023,2,152.03,0.2971928998205766,2023,120.53896580297436,0.38790050399943204,31.49103419702564,-0.09070760417885543,-2.8564762651266022,sentinel2_ndvi_mean_500m
ITO,2023,5,74.14,0.3472529054863668,2023,97.4012721728706,0.3355228127742021,-23.261272172870605,0.011730092712164686,-0.2728568791906687,sentinel2_ndvi_mean_500m
ITO,2023,6,44.24,0.3677930126777163,2023,88.08205375546763,0.3530517525673711,-43.842053755467624,0.014741260110345211,-0.6462871181810853,sentinel2_ndvi_mean_500m
ITO,2023,9,41.89,0.4162944645854813,2023,90.65234377929079,0.38617495942628544,-48.76234377929079,0.03011950515919587,-1.4686976650348316,sentinel2_ndvi_mean_500m
ITO,2023,10,96.0,0.4223790625917046,2023,101.3407093472169,0.38657184705952224,-5.340709347216901,0.03580721553218236,-0.19123593069053652,sentinel2_ndvi_mean_500m
ITO,2023,11,240.62,0.3664808463480746,2023,151.8459769012185,0.3819866651858438,88.7740230987815,-0.015505818837769192,-1.3765139196696434,sentinel2_ndvi_mean_500m
ITO,2024,4,59.1,0.3519815677625323,2024,75.0008906071909,0.33689701033767727,-15.900890607190895,0.015084557424855038,-0.23985789747050917,sentinel2_ndvi_mean_500m
ITO,2024,5,95.86,0.3316425298991269,2024,76.50262714805969,0.3098110585155255,19.357372851940312,0.02183147138360142,0.4225999314788379,sentinel2_ndvi_mean_500m
ITO,2024,6,62.34,0.3230399629372357,2024,65.61750424117531,0.3137261293370171,-3.2775042411753077,0.00931383360021859,-0.030526129126317515,sentinel2_ndvi_mean_500m
ITO,2024,7,42.03,0.3374195079432553,2024,36.53830113136836,0.3414894113466825,5.491698868631644,-0.004069903403427166,-0.022350683916041048,sentinel2_ndvi_mean_500m
ITO,2024,8,27.55,0.281992943320286,2024,36.69563409784818,0.364307311568396,-9.145634097848177,-0.08231436824811,0.7528170929927461,sentinel2_ndvi_mean_500m
ITO,2024,9,37.39,0.3856142089879966,2024,47.10510559086984,0.40402104981359177,-9.71510559086984,-0.018406840825595183,0.178824402214991,sentinel2_ndvi_mean_500m
ITO,2024,10,107.29,0.376318856822787,2024,117.21858035638168,0.40607459791587236,-9.928580356381673,-0.029755741093085375,0.2954322665063864,sentinel2_ndvi_mean_500m
ITO,2024,11,216.16,0.4299450080845837,2024,218.89148353566046,0.3642880123389959,-2.731483535660459,0.06565699574558781,-0.1793410028800019,sentinel2_ndvi_mean_500m
ITO,2024,12,171.04,0.2594654577351107,2024,207.23702674034269,0.31874347915219053,-36.19702674034269,-0.05927802141707983,2.1456881263486456,sentinel2_ndvi_mean_500m
ITO,2025,1,152.69,0.3066260166246412,2025,193.23783230413684,0.27981531479028454,-40.54783230413685,0.02681070183435663,-1.0871158419357068,sentinel2_ndvi_mean_500m
ITO,2025,4,75.65,0.3820382954912476,2025,68.0764985394304,0.34869745125949037,7.573501460569602,0.03334084423175726,0.2525069324858372,sentinel2_ndvi_mean_500m
ITO,2025,7,37.31,0.3612699454121598,2025,34.3729970491195,0.34159952433015595,2.9370029508805047,0.01967042108200384,0.05777208476290737,sentinel2_ndvi_mean_500m
ITO,2025,8,35.3,0.3287271451173799,2025,29.678955212721185,0.32109708860391767,5.621044787278812,0.007630056513462213,0.042888889391639526,sentinel2_ndvi_mean_500m
ITO,2025,9,34.19,0.4107852810377855,2025,33.18503989169145,0.38774630181654146,1.0049601083085449,0.023038979221244038,0.023153255053499723,sentinel2_ndvi_mean_500m
ITO,2025,10,111.32,0.4248208715544108,2025,113.41564925824288,0.4276244073225215,-2.0956492582428865,-0.00280353576811071,0.00587522765289861,sentinel2_ndvi_mean_500m
Jahangirpuri,2023,4,88.48,0.1957137801126001,2023,121.6877830592045,0.20249725906132396,-33.2077830592045,-0.006783478948723859,0.22526429731590253,sentinel2_ndvi_mean_500m
Jahangirpuri,2023,5,77.49,0.2201247118666281,2023,113.67466213789912,0.21023817329772337,-36.184662137899124,0.00988653856890473,-0.35774105782912635,sentinel2_ndvi_mean_500m
Jahangirpuri,2023,6,47.76,0.2363915127496857,2023,92.30759966555276,0.21334114652017963,-44.54759966555276,0.02305036622950607,-1.026838486936413,sentinel2_ndvi_mean_500m
Jahangirpuri,2023,7,41.73,0.2275530084623218,2023,50.49118508833645,0.2031266209683565,-8.761185088336454,0.02442638749396528,-0.21400410187405663,sentinel2_ndvi_mean_500m
Jahangirpuri,2023,8,46.5,0.0701913924105746,2023,110.3890795959524,0.21034193982352942,-63.889079595952396,-0.14015054741295482,8.95408947908257,sentinel2_ndvi_mean_500m
Jahangirpuri,2023,9,47.77,0.2634001568153526,2023,113.12341504369769,0.2269617734428504,-65.35341504369768,0.036438383372502214,-2.38137279206451,sentinel2_ndvi_mean_500m
Jahangirpuri,2024,2,140.14,0.1226270596362576,2024,150.2442413484494,0.2226957833529714,-10.10424134844942,-0.10006872371671381,1.0111185358649808,sentinel2_ndvi_mean_500m
Jahangirpuri,2024,3,96.05,0.2156077729097304,2024,96.00854343879493,0.2133503876127699,0.04145656120506658,0.0022573852969605124,9.358343172686087e-05,sentinel2_ndvi_mean_500m
Jahangirpuri,2024,4,84.09,0.2252299195906929,2024,90.81416704207452,0.1757777781635494,-6.724167042074512,0.04945214142714352,-0.33252445954440607,sentinel2_ndvi_mean_500m
Jahangirpuri,2024,7,45.45,0.196962095293724,2024,42.66220483313837,0.20776704948008287,2.7877951668616348,-0.010804954186358878,-0.03012199905889267,sentinel2_ndvi_mean_500m
Jahangirpuri,2024,8,36.18,0.1511538448052139,2024,40.88817092615768,0.20729146602633033,-4.708170926157678,-0.05613762122111643,0.26430551609691266,sentinel2_ndvi_mean_500m
Jahangirpuri,2024,9,50.5,0.2129824776877671,2024,62.14814856364925,0.23699354234611636,-11.64814856364925,-0.024011064658349263,0.27968444831184025,sentinel2_ndvi_mean_500m
Jahangirpuri,2024,10,141.33,0.2740941124654319,2024,137.38977972325492,0.24881754085516047,3.9402202767450945,0.025276571610271442,0.09959525998539094,sentinel2_ndvi_mean_500m
Jahangirpuri,2024,11,303.73,0.2636353512461741,2024,243.8195820930596,0.2367048756416961,59.91041790694041,0.026930475604478005,1.6134160478969408,sentinel2_ndvi_mean_500m
Jahangirpuri,2025,2,117.79,0.2383000892535234,2025,146.96813165893374,0.14350147813606537,-29.178131658933737,0.09479861111745802,-2.7660463562692494,sentinel2_ndvi_mean_500m
Jahangirpuri,2025,3,92.96,0.2111970276804145,2025,91.59848467456389,0.21248029875388044,1.3615153254361019,-0.0012832710734659303,-0.001747193233212702,sentinel2_ndvi_mean_500m
Jahangirpuri,2025,4,97.13,0.2249392769579638,2025,82.27928163709882,0.20625055935459516,14.850718362901176,0.018688717603368654,0.2775408816914213,sentinel2_ndvi_mean_500m
Jahangirpuri,2025,5,97.41,0.2102946105820652,2025,70.77666878527451,0.20886743875298916,26.633331214725487,0.001427171829076035,0.03801034002410763,sentinel2_ndvi_mean_500m
Jahangirpuri,2025,6,57.76,0.2285329803689783,2025,56.863804805615885,0.20897652965611685,0.8961951943841129,0.01955645071286144,0.017526397148076182,sentinel2_ndvi_mean_500m
Jahangirpuri,2025,7,34.48,0.2212604413182405,2025,41.31723449713081,0.20488760473535597,-6.837234497130815,0.01637283658288452,-0.11194492310038345,sentinel2_ndvi_mean_500m
Jahangirpuri,2025,10,146.07,0.2870902081652451,2025,150.9178670885574,0.2570102359394387,-4.847867088557393,0.030079972225806384,-0.14582370737820724,sentinel2_ndvi_mean_500m
Jahangirpuri,2025,11,278.1,0.2434078181070033,2025,222.69364501960592,0.23085791975958758,55.4063549803941,0.012549898347415711,0.6953441228047762,sentinel2_ndvi_mean_500m
Jahangirpuri,2025,12,267.25,0.2007923925889673,2025,218.12323342226094,0.1768415022806485,49.12676657773906,0.023950890308318817,1.1766297975058113,sentinel2_ndvi_mean_500m
Jawaharlal_Nehru_Stadium,2023,3,64.95,0.3015320007492531,2023,107.67507039694688,0.29541052495008635,-42.725070396946876,0.006121475799166776,-0.26154048445260714,sentinel2_ndvi_mean_500m
Jawaharlal_Nehru_Stadium,2023,4,52.55,0.3102416561261474,2023,83.51906909604745,0.3109464719466466,-30.96906909604745,-0.0007048158204991939,0.02182748984502691,sentinel2_ndvi_mean_500m
Jawaharlal_Nehru_Stadium,2023,5,50.83,0.2994529842089622,2023,81.80058707267182,0.30925424566968374,-30.97058707267182,-0.009801261460721522,0.3035508214912985,sentinel2_ndvi_mean_500m
Jawaharlal_Nehru_Stadium,2023,10,85.72,0.3899038542989099,2023,88.45877918058267,0.290338836748907,-2.738779180582668,0.09956501755000291,-0.2726865971802959,sentinel2_ndvi_mean_500m
Jawaharlal_Nehru_Stadium,2023,11,227.39,0.3684686412698863,2023,171.22567753934456,0.2888392554306803,56.16432246065543,0.07962938583920603,4.472330503617116,sentinel2_ndvi_mean_500m
Jawaharlal_Nehru_Stadium,2023,12,194.85,0.2324147079641497,2023,177.82292724257007,0.28562930460160924,17.02707275742992,-0.05321459663745953,-0.906088808703309,sentinel2_ndvi_mean_500m
Jawaharlal_Nehru_Stadium,2024,1,210.34,0.2891796494427173,2024,198.06083621115616,0.2529374444573785,12.279163788843846,0.03624220498533881,0.44502397108382824,sentinel2_ndvi_mean_500m
Jawaharlal_Nehru_Stadium,2024,2,93.87,0.1942306174866583,2024,105.8124248633393,0.31177374207301556,-11.942424863339298,-0.11754312458635727,1.4037499335747017,sentinel2_ndvi_mean_500m
Jawaharlal_Nehru_Stadium,2024,8,15.91,0.1736207064283706,2024,29.88479383222719,0.33992556849081484,-13.974793832227189,-0.16630486206244424,2.324076160619639,sentinel2_ndvi_mean_500m
Jawaharlal_Nehru_Stadium,2024,9,26.92,0.3550727076424256,2024,42.71205847755134,0.35998438281788986,-15.792058477551336,-0.0049116751754642585,0.07756546159366878,sentinel2_ndvi_mean_500m
Jawaharlal_Nehru_Stadium,2024,10,83.64,0.2816142523126066,2024,89.22581147143545,0.35939077989727847,-5.5858114714354485,-0.07777652758467185,0.43444501999087565,sentinel2_ndvi_mean_500m
Jawaharlal_Nehru_Stadium,2024,11,210.86,0.3706667028539535,2024,212.1572285917659,0.33581312351399606,-1.2972285917658724,0.03485357933995742,-0.04521305964517307,sentinel2_ndvi_mean_500m
Jawaharlal_Nehru_Stadium,2024,12,163.08,0.2350651253357688,2024,196.06783161773114,0.30523862040549016,-32.98783161773113,-0.07017349506972137,2.3148714393876544,sentinel2_ndvi_mean_500m
Jawaharlal_Nehru_Stadium,2025,5,44.92,0.281602276512192,2025,53.56292379272536,0.30317350218383526,-8.642923792725355,-0.021571225671643268,0.18643845959569358,sentinel2_ndvi_mean_500m
Jawaharlal_Nehru_Stadium,2025,6,30.72,0.3171368467995406,2025,35.1632444626059,0.29899110672931534,-4.443244462605904,0.018145740070225236,-0.08062595908691435,sentinel2_ndvi_mean_500m
Jawaharlal_Nehru_Stadium,2025,7,17.2,0.3149839705277781,2025,24.9286281119952,0.30103827370770514,-7.728628111995199,0.013945696820072961,-0.10778110448497795,sentinel2_ndvi_mean_500m
Jawaharlal_Nehru_Stadium,2025,8,22.45,0.2856254480706171,2025,21.98121679334145,0.2681830793010049,0.46878320665855,0.01744236876961225,0.008176689563539776,sentinel2_ndvi_mean_500m
Jawaharlal_Nehru_Stadium,2025,9,27.16,0.2854976350620023,2025,30.59350220470602,0.3344025185166755,-3.43350220470602,-0.0489048834546732,0.1679150251625114,sentinel2_ndvi_mean_500m
Jawaharlal_Nehru_Stadium,2025,12,209.41,0.3137023342458836,2025,171.36215377829853,0.26288340157502377,38.04784622170146,0.05081893267085985,1.933550935411876,sentinel2_ndvi_mean_500m
Major_Dhyan_Chand_National_Stadium,2023,1,184.87,0.3208635850497984,2023,85.4694116640279,0.4233941646513473,99.4005883359721,-0.10253057960154893,-10.191599934822184,sentinel2_ndvi_mean_500m
Major_Dhyan_Chand_National_Stadium,2023,2,112.7,0.2732086571902536,2023,109.71086381849118,0.4398685522246052,2.989136181508826,-0.16665989503435158,-0.4981691222536434,sentinel2_ndvi_mean_500m
Major_Dhyan_Chand_National_Stadium,2023,6,41.03,0.3951230654744007,2023,79.56809923572553,0.378612405585169,-38.538099235725525,0.01651065988923167,-0.6362894492585232,sentinel2_ndvi_mean_500m
Major_Dhyan_Chand_National_Stadium,2023,7,36.17,0.417793620228243,2023,36.99528987316769,0.3777933421030127,-0.8252898731676908,0.040000278125230326,-0.03301182446064369,sentinel2_ndvi_mean_500m
Major_Dhyan_Chand_National_Stadium,2023,8,40.66,0.3266086410133576,2023,82.82410766342126,0.38649107930940424,-42.16410766342126,-0.059882438296046614,2.52488957546269,sentinel2_ndvi_mean_500m
Major_Dhyan_Chand_National_Stadium,2023,9,40.68,0.4233313875464321,2023,79.78634222792543,0.4192650233120783,-39.10634222792543,0.004066364234353803,-0.1590206313720358,sentinel2_ndvi_mean_500m
Major_Dhyan_Chand_National_Stadium,2023,10,98.75,0.4166432121678358,2023,95.5245675776524,0.41920499270138517,3.2254324223475948,-0.002561780533549385,-0.008262849991849106,sentinel2_ndvi_mean_500m
Major_Dhyan_Chand_National_Stadium,2023,11,241.09,0.3973719682321944,2023,159.15043945227916,0.4190210800067946,81.93956054772084,-0.021649111774600216,-1.7739187050592307,sentinel2_ndvi_mean_500m
Major_Dhyan_Chand_National_Stadium,2023,12,199.52,0.3241822408914808,2023,147.0184020593877,0.41011557736811166,52.5015979406123,-0.08593333647663087,-4.5116374813914275,sentinel2_ndvi_mean_500m
Major_Dhyan_Chand_National_Stadium,2024,1,217.34,0.3569351917164613,2024,189.12352026716044,0.3133536735296678,28.21647973283956,0.04358151818679351,1.2297170246440379,sentinel2_ndvi_mean_500m
Major_Dhyan_Chand_National_Stadium,2024,2,110.59,0.2107701092907671,2024,112.78441522995463,0.39737865474239487,-2.194415229954629,-0.18660854545162778,0.4094966341787326,sentinel2_ndvi_mean_500m
Major_Dhyan_Chand_National_Stadium,2024,3,71.36,0.3590940072224625,2024,76.90901498846073,0.3953700266871247,-5.549014988460726,-0.03627601946466219,0.20129617573110353,sentinel2_ndvi_mean_500m
Major_Dhyan_Chand_National_Stadium,2024,4,59.8,0.398622567672544,2024,75.2864090012832,0.35897858978337327,-15.486409001283207,0.039643977889170734,-0.613942856029526,sentinel2_ndvi_mean_500m
Major_Dhyan_Chand_National_Stadium,2024,5,85.22,0.3576552834427904,2024,75.58096671972683,0.32084117983408394,9.639033280273168,0.03681410360870646,0.3548523698677461,sentinel2_ndvi_mean_500m
Major_Dhyan_Chand_National_Stadium,2024,6,64.24,0.335371228098003,2024,62.670103619002106,0.3221858078160385,1.5698963809978892,0.01318542028196451,0.020699743582592252,sentinel2_ndvi_mean_500m
Major_Dhyan_Chand_National_Stadium,2024,7,39.61,0.3500666306124451,2024,33.68600384416139,0.3518136109198021,5.9239961558386085,-0.0017469803073570378,-0.010349104625108843,sentinel2_ndvi_mean_500m
Major_Dhyan_Chand_National_Stadium,2024,8,28.16,0.2121949295697342,2024,34.4522445690106,0.3719205250044117,-6.292244569010602,-0.1597255954346775,1.005032510405834,sentinel2_ndvi_mean_500m
Major_Dhyan_Chand_National_Stadium,2024,11,253.91,0.4412765427337656,2024,209.38418761903029,0.37889934211848253,44.52581238096971,0.06237720061528307,2.7773955314462024,sentinel2_ndvi_mean_500m
Major_Dhyan_Chand_National_Stadium,2024,12,177.43,0.2892328695611606,2024,185.27575184597217,0.3544810375075305,-7.84575184597216,-0.0652481679463699,0.511920934111533,sentinel2_ndvi_mean_500m
Major_Dhyan_Chand_National_Stadium,2025,1,179.75,0.3756622333228459,2025,178.3316804247771,0.2727554752152865,1.4183195752229096,0.10290675810755939,0.14595466944668034,sentinel2_ndvi_mean_500m
Major_Dhyan_Chand_National_Stadium,2025,4,69.85,0.4012124013099619,2025,66.15485435570733,0.37768943267220956,3.6951456442926656,0.02352296863775233,0.08692079510262349,sentinel2_ndvi_mean_500m
Major_Dhyan_Chand_National_Stadium,2025,5,66.61,0.3688966247638552,2025,59.63884070658385,0.349244933702256,6.97115929341615,0.019651691061599197,0.13699506877541034,sentinel2_ndvi_mean_500m
Major_Dhyan_Chand_National_Stadium,2025,10,102.38,0.4495824695992479,2025,117.04579409281278,0.44532255400569765,-14.665794092812789,0.0042599155935502675,-0.0624750449477706,sentinel2_ndvi_mean_500m
Major_Dhyan_Chand_National_Stadium,2025,11,179.83,0.416853356129315,2025,180.82885447414787,0.34008307025873136,-0.998854474147862,0.07677028587058365,-0.07668234352344287,sentinel2_ndvi_mean_500m
Major_Dhyan_Chand_National_Stadium,2025,12,185.81,0.3808585926873893,2025,179.60541526590137,0.28750466070159625,6.204584734098631,0.09335393198579306,0.5792223812671335,sentinel2_ndvi_mean_500m
Mandir_Marg,2023,1,173.26,0.4135254323492666,2023,75.89781411900952,0.4849829506112593,97.36218588099047,-0.0714575182619927,-6.957260175618404,sentinel2_ndvi_mean_500m
Mandir_Marg,2023,2,102.68,0.3030667541000626,2023,95.26619742048324,0.49116104555833934,7.413802579516769,-0.18809429145827672,-1.394493943205751,sentinel2_ndvi_mean_500m
Mandir_Marg,2023,3,67.28,0.4118857567853144,2023,97.7295069814309,0.4793303988672557,-30.4495069814309,-0.06744464208194129,2.0536560999341793,sentinel2_ndvi_mean_500m
Mandir_Marg,2023,4,56.84,0.4120344253268523,2023,79.26662109247998,0.4517149885487519,-22.426621092479976,-0.03968056322189961,0.8899009561137391,sentinel2_ndvi_mean_500m
Mandir_Marg,2023,5,58.99,0.4408074709145395,2023,73.88756299360246,0.4463510123516861,-14.897562993602456,-0.005543541437146637,0.08258525776753751,sentinel2_ndvi_mean_500m
Mandir_Marg,2023,6,36.91,0.4059953089405278,2023,68.78835737298421,0.46551774756361286,-31.878357372984212,-0.05952243862308504,1.8974775701382232,sentinel2_ndvi_mean_500m
Mandir_Marg,2023,7,30.0,0.4584440093000302,2023,25.997428601814025,0.47704181323765926,4.0025713981859745,-0.018597803937629054,-0.07443903810982454,sentinel2_ndvi_mean_500m
Mandir_Marg,2023,10,93.09,0.6048569877769735,2023,72.2308723252695,0.47838726641523577,20.8591276747305,0.12646972136173773,2.6380480648720788,sentinel2_ndvi_mean_500m
Mandir_Marg,2023,11,232.47,0.5038670372890843,2023,158.06404082630328,0.4672568941613718,74.40595917369671,0.03661014312771255,2.724012814903773,sentinel2_ndvi_mean_500m
Mandir_Marg,2023,12,191.94,0.3512337752573213,2023,150.63615755360752,0.47208841282981295,41.30384244639248,-0.12085463757249165,-4.99176090921006,sentinel2_ndvi_mean_500m
Mandir_Marg,2024,5,62.22,0.3243643783398902,2024,68.95452106787867,0.36585619426368887,-6.734521067878674,-0.04149181592379869,0.27942750848336617,sentinel2_ndvi_mean_500m
Mandir_Marg,2024,6,42.92,0.3124459546678284,2024,56.0191360548922,0.35982836992183553,-13.099136054892199,-0.04738241525400716,0.6206687040216393,sentinel2_ndvi_mean_500m
Mandir_Marg,2024,7,32.68,0.3074139424998275,2024,22.896830949100448,0.4122668412234993,9.783169050899552,-0.10485289872367182,-1.0257936336905313,sentinel2_ndvi_mean_500m
Mandir_Marg,2024,8,26.01,0.4165091654629977,2024,29.77719993346665,0.4771971882089761,-3.7671999334666495,-0.0606880227459784,0.22862391525087233,sentinel2_ndvi_mean_500m
Mandir_Marg,2024,9,41.79,0.5552302952884007,2024,31.284913067619634,0.5373162041505675,10.505086932380365,0.017914091137833266,0.18818908471752316,sentinel2_ndvi_mean_500m
Mandir_Marg,2024,10,109.7,0.4970348140752003,2024,84.44686890774004,0.5298183563342246,25.253131092259963,-0.0327835422590243,-0.827887090335785,sentinel2_ndvi_mean_500m
Mandir_Marg,2024,11,243.91,0.580615903306157,2024,190.83485385307077,0.48097689064324567,53.07514614692923,0.09963901266291131,5.2883551590197495,sentinel2_ndvi_mean_500m
Mandir_Marg,2024,12,163.81,0.3870059981346587,2024,173.6913448120095,0.45970106713838077,-9.881344812009502,-0.07269506900372208,0.7183250429586019,sentinel2_ndvi_mean_500m
Mandir_Marg,2025,1,169.97,0.4049035290237154,2025,168.31036667690884,0.3692528849358334,1.6596333230911569,0.03565064408788199,0.05916699691791169,sentinel2_ndvi_mean_500m
Mandir_Marg,2025,2,92.62,0.4619761811157911,2025,98.25727246582387,0.32481396143415103,-5.6372724658238695,0.13716221968164005,-0.7732208043625943,sentinel2_ndvi_mean_500m
Mandir_Marg,2025,3,61.93,0.4413202065061253,2025,64.6767493039958,0.41406492894100855,-2.7467493039958057,0.027255277565116753,-0.07486341468219694,sentinel2_ndvi_mean_500m
Mandir_Marg,2025,6,47.36,0.4525057782452513,2025,38.80587868471474,0.374057800040698,8.554121315285258,0.07844797820455329,0.6710535225006027,sentinel2_ndvi_mean_500m
Mandir_Marg,2025,7,31.42,0.4706909856392788,2025,28.413445921516768,0.3919593789975823,3.0065540784832336,0.07873160664169648,0.2367108330541302,sentinel2_ndvi_mean_500m
Mandir_Marg,2025,10,101.5,0.6005140226413759,2025,97.65214402540262,0.5611703671397378,3.8478559745973797,0.0393436555016381,0.15138871988447922,sentinel2_ndvi_mean_500m
Mandir_Marg,2025,11,181.95,0.5858170476946727,2025,170.02610705736214,0.46052885471467897,11.923892942637849,0.12528819297999372,1.493923000069996,sentinel2_ndvi_mean_500m
Mundka,2023,1,195.55,0.2514062363798259,2023,105.423423972997,0.2642359198675488,90.12657602700301,-0.012829683487722898,-1.1562954442586428,sentinel2_ndvi_mean_500m
Mundka,2023,2,132.48,0.1544708733880237,2023,115.27190818132604,0.31460378678696105,17.20809181867395,-0.16013291339893734,-2.7555818769606777,sentinel2_ndvi_mean_500m
Mundka,2023,3,93.5,0.2508310237355301,2023,127.66128361901906,0.3059256726308327,-34.16128361901906,-0.05509464889530258,1.8821039268027064,sentinel2_ndvi_mean_500m
Mundka,2023,4,92.13,0.2780126312993349,2023,100.50599019827756,0.27535823592358244,-8.375990198277563,0.0026543953757524608,-0.0222331896496559,sentinel2_ndvi_mean_500m
Mundka,2023,5,79.59,0.2866051499191857,2023,96.60155643393941,0.26773099460031563,-17.011556433939404,0.018874155318870045,-0.32107875834989535,sentinel2_ndvi_mean_500m
Mundka,2023,6,52.29,0.2926681269059142,2023,85.21054921527505,0.2657232966936644,-32.92054921527505,0.026944830212249804,-0.8870386090995998,sentinel2_ndvi_mean_500m
Mundka,2023,7,37.99,0.3053976232270036,2023,38.87031051750102,0.25219827945755857,-0.880310517501016,0.05319934376944502,-0.04683194184439459,sentinel2_ndvi_mean_500m
Mundka,2023,8,37.0,0.2552685571128321,2023,85.29095490118678,0.2591806925409507,-48.29095490118678,-0.003912135428118635,0.18892075552661203,sentinel2_ndvi_mean_500m
Mundka,2023,9,45.02,0.3308663659202564,2023,91.15126750622603,0.308408046726605,-46.13126750622603,0.022458319193651433,-1.0360307304625447,sentinel2_ndvi_mean_500m
Mundka,2023,10,136.62,0.3422144864753581,2023,100.14390908273207,0.2993642501538399,36.47609091726794,0.04285023632151824,1.5630091158901163,sentinel2_ndvi_mean_500m
Mundka,2024,1,239.49,0.2848978153599293,2024,192.94661199699314,0.194416701009351,46.54338800300687,0.09048111435057832,4.211297612163399,sentinel2_ndvi_mean_500m
Mundka,2024,2,128.48,0.1598979452102847,2024,130.76039017054026,0.25271499215077414,-2.2803901705402723,-0.09281704694048945,0.2116590815016672,sentinel2_ndvi_mean_500m
Mundka,2024,3,106.52,0.2455267027695951,2024,88.95349570745424,0.2555955450066908,17.56650429254576,-0.010068842237095699,-0.17687436037890764,sentinel2_ndvi_mean_500m
Mundka,2024,4,88.48,0.2689441254914673,2024,89.29120627920203,0.23686155111931526,-0.8112062792020254,0.032082574372152034,-0.026025585783655707,sentinel2_ndvi_mean_500m
Mundka,2024,5,112.44,0.2227556916057619,2024,86.56960796944867,0.2547052183922394,25.87039203055133,-0.03194952678647753,-0.8265467831567744,sentinel2_ndvi_mean_500m
Mundka,2024,6,62.48,0.222702446513921,2024,69.50456425965152,0.2532640092260156,-7.02456425965152,-0.03056156271209462,0.21468166114647844,sentinel2_ndvi_mean_500m
Mundka,2024,7,38.41,0.2352593314594954,2024,42.05244035960546,0.2745164569581466,-3.642440359605466,-0.03925712549865118,0.1429917383183839,sentinel2_ndvi_mean_500m
Mundka,2024,8,26.17,0.2603836123171151,2024,35.297927605155095,0.30017269352363635,-9.127927605155094,-0.03978908120652125,0.36319185272876303,sentinel2_ndvi_mean_500m
Mundka,2024,9,45.61,0.3389794238158071,2024,48.93534660282658,0.3143726706121437,-3.3253466028265777,0.0246067532036634,-0.08182598317239409,sentinel2_ndvi_mean_500m
Mundka,2024,10,124.89,0.308686866977188,2024,124.14993708322527,0.32376597050651806,0.7400629167747326,-0.015079103529330062,-0.01115948534026417,sentinel2_ndvi_mean_500m
Mundka,2024,11,293.5,0.334028467559385,2024,229.0089141589307,0.3038723262432708,64.49108584106929,0.03015614131611416,1.9448022982529347,sentinel2_ndvi_mean_500m
Mundka,2025,6,48.05,0.2624360561467923,2025,48.3225805546646,0.24692341563382475,-0.27258055466460007,0.015512640512967524,-0.004228444155337234,sentinel2_ndvi_mean_500m
Mundka,2025,7,25.91,0.2715718083793575,2025,37.058775465875954,0.24477771726132327,-11.148775465875953,0.02679409111803424,-0.29872130568718497,sentinel2_ndvi_mean_500m
Mundka,2025,8,30.0,0.2054436511142523,2025,32.97852160183527,0.2520766671107889,-2.9785216018352685,-0.0466330159965366,0.1388974455044139,sentinel2_ndvi_mean_500m
Mundka,2025,11,263.67,0.3234075952298782,2025,202.30050665027565,0.32030057849976634,61.369493349724365,0.003107016730111878,0.19067604255608323,sentinel2_ndvi_mean_500m
Najafgarh,2023,2,85.65,0.527261790981729,2023,96.84257262689073,0.4218333998217398,-11.192572626890723,0.1054283911599892,-1.180014924994423,sentinel2_ndvi_mean_500m
Najafgarh,2023,3,63.62,0.5862634718537136,2023,91.69138549561643,0.4265930768595338,-28.071385495616433,0.15967039499417984,-4.4821692101189665,sentinel2_ndvi_mean_500m
Najafgarh,2023,4,57.16,0.4710361303418539,2023,76.79519513888356,0.3366891311781062,-19.63519513888356,0.13434699916374765,-2.6379295449036118,sentinel2_ndvi_mean_500m
Najafgarh,2023,5,56.21,0.3069158383227479,2023,70.50859131705718,0.28743089132190586,-14.29859131705718,0.019484947000842023,-0.2786072939995591,sentinel2_ndvi_mean_500m
Najafgarh,2023,6,35.55,0.2931510528450456,2023,67.24442735141295,0.30241380045130456,-31.694427351412955,-0.009262747606258948,0.2935774810810485,sentinel2_ndvi_mean_500m
Najafgarh,2023,7,25.18,0.3400096349592158,2023,29.96445505597992,0.34376316603381546,-4.784455055979919,-0.0037535310745996364,0.01795860072764597,sentinel2_ndvi_mean_500m
Najafgarh,2023,8,23.7,0.4013272102223172,2023,67.19312634850708,0.33276377769812127,-43.493126348507076,0.06856343252419594,-2.9820380336621937,sentinel2_ndvi_mean_500m
Najafgarh,2023,9,32.07,0.4677899753908889,2023,70.55460355889652,0.4775182914457831,-38.48460355889652,-0.009728316054894215,0.37439038666825203,sentinel2_ndvi_mean_500m
Najafgarh,2023,10,86.64,0.4945916481644697,2023,79.78637925420689,0.4217780227686308,6.853620745793108,0.07281362539583891,0.49903697358932947,sentinel2_ndvi_mean_500m
Najafgarh,2023,11,230.95,0.3781162007841487,2023,151.07296747703,0.4257105832035087,79.87703252296998,-0.04759438241935998,-3.801698032421888,sentinel2_ndvi_mean_500m
Najafgarh,2024,2,79.45,0.4525702224828307,2024,79.98077197921174,0.5166444219240358,-0.5307719792117354,-0.06407419944120513,0.034008789653815916,sentinel2_ndvi_mean_500m
Najafgarh,2024,3,73.46,0.5051905742735938,2024,65.92812306508006,0.49106492354309644,7.531876934919936,0.014125650730497374,0.10639266292776811,sentinel2_ndvi_mean_500m
Najafgarh,2024,4,62.67,0.4425399994716955,2024,59.06855295789172,0.43019259910558,3.6014470421082834,0.01234740036611548,0.04446850852627333,sentinel2_ndvi_mean_500m
Najafgarh,2024,8,16.35,0.2897269844681496,2024,27.538924125694628,0.4060613658232716,-11.188924125694626,-0.11633438135512203,1.301656566192084,sentinel2_ndvi_mean_500m
Najafgarh,2024,9,28.59,0.5246680668126246,2024,37.33507313352198,0.4627357320583824,-8.74507313352198,0.061932334754242147,-0.5416027967556126,sentinel2_ndvi_mean_500m
Najafgarh,2024,10,92.18,0.532781779422679,2024,81.31130433333152,0.45808060916500515,10.868695666668486,0.07470117025767387,0.8119042854746448,sentinel2_ndvi_mean_500m
Najafgarh,2024,11,231.21,0.4481561641615749,2024,188.57461701755165,0.4323545631878407,42.63538298244836,0.015801600973734176,0.6737073092509855,sentinel2_ndvi_mean_500m
Najafgarh,2024,12,148.89,0.2862120231840256,2024,153.24306009398805,0.4224274697830525,-4.353060093988063,-0.1362154465990269,0.592954024774986,sentinel2_ndvi_mean_500m
Najafgarh,2025,1,125.44,0.4339934407386273,2025,143.8137961360832,0.3200147426563301,-18.3737961360832,0.11397869808229716,-2.094221362420305,sentinel2_ndvi_mean_500m
Najafgarh,2025,2,80.14,0.6189458679882893,2025,91.72480632833981,0.3176233634289998,-11.584806328339809,0.3013225045592895,-3.490762857689658,sentinel2_ndvi_mean_500m
Najafgarh,2025,9,24.65,0.4536938425768481,2025,27.759119101048647,0.4754204139782264,-3.1091191010486483,-0.021726571401378292,0.06755049814432254,sentinel2_ndvi_mean_500m
Najafgarh,2025,12,157.28,0.390608585731965,2025,145.40807504347842,0.3037137197306817,11.871924956521582,0.08689486600128332,1.0316093282742342,sentinel2_ndvi_mean_500m
Narela,2023,2,133.96,0.1915293567593199,2023,131.00683394897717,0.38198457656332185,2.9531660510228335,-0.19045521980400196,-0.5624458893652702,sentinel2_ndvi_mean_500m
Narela,2023,3,94.56,0.2706275026890119,2023,147.48912723482,0.3664454047427016,-52.92912723481999,-0.09581790205368967,5.07155792917326,sentinel2_ndvi_mean_500m
Narela,2023,4,82.14,0.2830391105690549,2023,133.41177993187213,0.33263044044253975,-51.27177993187213,-0.04959132987348486,2.542635751802192,sentinel2_ndvi_mean_500m
Narela,2023,5,78.32,0.3143262457809309,2023,117.42551238848351,0.3136357057139187,-39.10551238848352,0.0006905400670121908,-0.027003923145289467,sentinel2_ndvi_mean_500m
Narela,2023,8,32.23,0.4354601626721558,2023,107.10348963933427,0.3228168733002773,-74.87348963933428,0.11264328937187851,-8.43399615972588,sentinel2_ndvi_mean_500m
Narela,2023,9,41.33,0.4478140123205925,2023,101.56076866695317,0.3902030912958866,-60.23076866695317,0.057610921024705886,-3.469950056929169,sentinel2_ndvi_mean_500m
Narela,2023,10,115.26,0.4160507059216065,2023,128.38529715948204,0.38313917623872346,-13.125297159482031,0.03291152968288302,-0.43197360706095306,sentinel2_ndvi_mean_500m
Narela,2024,1,199.61,0.3099902623024581,2024,187.69024082625845,0.23461135262410554,11.919759173741568,0.07537890967835253,0.8984984501451797,sentinel2_ndvi_mean_500m
Narela,2024,2,108.9,0.1402079896456535,2024,133.21106297448992,0.2943936998599554,-24.311062974489914,-0.15418571021430189,3.748418510786346,sentinel2_ndvi_mean_500m
Narela,2024,5,101.37,0.2185141352479153,2024,94.46984645204394,0.3055489132739193,6.900153547956066,-0.08703477802600401,-0.6005533323917002,sentinel2_ndvi_mean_500m
Narela,2024,6,57.24,0.2149485516175223,2024,64.56688403411681,0.29637606155189067,-7.326884034116809,-0.08142750993436837,0.5966099224760114,sentinel2_ndvi_mean_500m
Narela,2024,7,37.0,0.2056885495412114,2024,29.855882208766555,0.32189151058059956,7.144117791233445,-0.11620296103938815,-0.8301676413554997,sentinel2_ndvi_mean_500m
Narela,2024,8,24.24,0.3250129860014166,2024,33.338771841720465,0.3774568666818652,-9.098771841720467,-0.052443880680448585,0.4771749048058136,sentinel2_ndvi_mean_500m
Narela,2024,9,40.62,0.4860873316330936,2024,48.951203757954566,0.426309318505107,-8.331203757954569,0.059778013127986585,-0.4980228076149394,sentinel2_ndvi_mean_500m
Narela,2024,10,116.01,0.4483518407199939,2024,118.45962579711498,0.42022363318735495,-2.449625797114976,0.02812820753263895,-0.06890358279855616,sentinel2_ndvi_mean_500m
Narela,2024,11,271.1,0.4285346133807111,2024,228.77485905887585,0.37961775765131034,42.325140941124175,0.04891685572940074,2.070412813143524,sentinel2_ndvi_mean_500m
Narela,2024,12,167.2,0.2762820446037791,2024,189.2043906235872,0.29833252348229006,-22.0043906235872,-0.02205047887851097,0.4852073506799144,sentinel2_ndvi_mean_500m
Narela,2025,1,171.09,0.2814070871363478,2025,173.87356638830772,0.23019431419902558,-2.783566388307719,0.05121277293732224,-0.14255415340036534,sentinel2_ndvi_mean_500m
Narela,2025,2,107.89,0.2931660511707715,2025,122.31764841855471,0.19345288122512086,-14.42764841855471,0.09971316994565063,-1.4386265586754434,sentinel2_ndvi_mean_500m
Narela,2025,3,87.08,0.3128109804981194,2025,84.36984737760613,0.2922345329585729,2.7101526223938635,0.020576447539546516,0.05576531325885175,sentinel2_ndvi_mean_500m
Narela,2025,6,57.03,0.2871556544088315,2025,45.768419414358476,0.28600371789409906,11.261580585641525,0.0011519365147324434,0.012972625890202448,sentinel2_ndvi_mean_500m
Narela,2025,9,38.21,0.4139386456818397,2025,31.202268117373396,0.41946133921145234,7.007731882626604,-0.0055226935296126545,-0.03870155552544225,sentinel2_ndvi_mean_500m
Narela,2025,10,113.75,0.4547856624388746,2025,120.83915300434012,0.44306847763038315,-7.089153004340119,0.011717184808491432,-0.08306491588752543,sentinel2_ndvi_mean_500m
Narela,2025,11,262.94,0.3908036095509722,2025,197.12919120916217,0.36915903362502916,65.81080879083783,0.021644575925943044,1.4244470476210092,sentinel2_ndvi_mean_500m
Narela,2025,12,232.39,0.349517300284445,2025,184.01833968339056,0.2449261287195587,48.37166031660942,0.10459117156488629,5.0592486230528975,sentinel2_ndvi_mean_500m
Nehru_Nagar,2023,5,65.1,0.3424388581331741,2023,100.42062427782804,0.3252937252742524,-35.320624277828045,0.01714513285892172,-0.6055767959034178,sentinel2_ndvi_mean_500m
Nehru_Nagar,2023,6,41.83,0.3658847951551071,2023,84.5477908402697,0.33041161298337113,-42.7177908402697,0.03547318217173595,-1.5153359764510004,sentinel2_ndvi_mean_500m
Nehru_Nagar,2023,7,35.56,0.3741683319147318,2023,41.85899097177632,0.3327465112491579,-6.29899097177632,0.04142182066557393,-0.26091567440698793,sentinel2_ndvi_mean_500m
Nehru_Nagar,2023,8,32.81,0.3080022690697389,2023,97.67745049979297,0.3258999649939523,-64.86745049979297,-0.01789769592421342,1.1609779044242603,sentinel2_ndvi_mean_500m
Nehru_Nagar,2023,9,45.6,0.4102408670483198,2023,105.76705724878211,0.33609766707894656,-60.16705724878211,0.07414319996937324,-4.460978157165179,sentinel2_ndvi_mean_500m
Nehru_Nagar,2023,10,122.7,0.4126815237025611,2023,108.46462069293597,0.31323012432205344,14.235379307064036,0.09945139938050768,1.41572839279984,sentinel2_ndvi_mean_500m
Nehru_Nagar,2024,1,271.67,0.33350609457557,2024,226.45568890156278,0.2564980650085837,45.214311098437236,0.07700802956698632,3.4818650059193725,sentinel2_ndvi_mean_500m
Nehru_Nagar,2024,4,60.19,0.3321345777917278,2024,69.46179012630833,0.292069220146905,-9.271790126308332,0.040065357644822774,-0.37147758741827985,sentinel2_ndvi_mean_500m
Nehru_Nagar,2024,5,87.83,0.3163779819262461,2024,67.28504736550596,0.3107244816723677,20.544952634494038,0.005653500253878396,0.11615089493503167,sentinel2_ndvi_mean_500m
Nehru_Nagar,2024,6,51.4,0.312402789896379,2024,54.2232557423964,0.3117789929970676,-2.823255742396398,0.0006237968993113574,-0.0017611381780698577,sentinel2_ndvi_mean_500m
Nehru_Nagar,2024,7,40.75,0.3213727934421675,2024,36.11807626923869,0.33293183648640334,4.631923730761308,-0.011559043044235828,-0.053540605781487366,sentinel2_ndvi_mean_500m
Nehru_Nagar,2024,8,26.8,0.234778311738553,2024,34.3841765715553,0.3614128954288221,-7.5841765715553,-0.1266345836902691,0.9604190427723978,sentinel2_ndvi_mean_500m
Nehru_Nagar,2024,9,43.64,0.327878631630894,2024,50.2739307900133,0.3786321127569152,-6.633930790013302,-0.05075348112602124,0.3366950811422713,sentinel2_ndvi_mean_500m
Nehru_Nagar,2024,10,125.74,0.3501231393708952,2024,115.49802030547492,0.38534384149635603,10.241979694525071,-0.03522070212546086,-0.3607297159958861,sentinel2_ndvi_mean_500m
Nehru_Nagar,2025,1,203.63,0.3184058777435246,2025,224.6469695332278,0.2491856105768704,-21.016969533227808,0.06922026716665419,-1.4548002461234604,sentinel2_ndvi_mean_500m
Nehru_Nagar,2025,2,116.74,0.3746165710173366,2025,132.0647658913889,0.22188471558837425,-15.324765891388907,0.15273185542896234,-2.340579928606304,sentinel2_ndvi_mean_500m
Nehru_Nagar,2025,3,72.68,0.2121074431080245,2025,77.73556603705588,0.32264391776677304,-5.055566037055868,-0.11053647465874852,0.5588244471406557,sentinel2_ndvi_mean_500m
Nehru_Nagar,2025,4,75.5,0.3530448131020057,2025,68.11934650907261,0.32157187876184207,7.380653490927386,0.03147293434016363,0.2322908227074571,sentinel2_ndvi_mean_500m
Nehru_Nagar,2025,5,64.28,0.3260596311732586,2025,59.68277758618973,0.31361586300543964,4.597222413810272,0.012443768167818947,0.05720676993335604,sentinel2_ndvi_mean_500m
Nehru_Nagar,2025,6,46.14,0.3533999498251227,2025,45.238482793641715,0.31103754287525953,0.9015172063582853,0.04236240694986315,0.038190438768053434,sentinel2_ndvi_mean_500m
Nehru_Nagar,2025,7,29.74,0.3273624409080281,2025,32.74786910097389,0.3416372364516877,-3.0078691009738883,-0.014274795543659624,0.04293671643849354,sentinel2_ndvi_mean_500m
Nehru_Nagar,2025,8,34.05,0.3609124527670233,2025,29.6878692556474,0.29331098541015177,4.362130744352598,0.0676014673568715,0.29488643912075774,sentinel2_ndvi_mean_500m
Nehru_Nagar,2025,9,35.08,0.3006948192318598,2025,36.78421212909082,0.3582520366757188,-1.7042121290908199,-0.057557217443859,0.09808970808454222,sentinel2_ndvi_mean_500m
Nehru_Nagar,2025,10,119.32,0.4197189468906215,2025,126.80716354012033,0.4018617034296213,-7.487163540120335,0.017857243461000205,-0.133700102168253,sentinel2_ndvi_mean_500m
Nehru_Nagar,2025,11,251.08,0.3777364485462174,2025,223.13160808295456,0.33428065278674685,27.948391917045456,0.04345579575947056,1.2145196109527652,sentinel2_ndvi_mean_500m
North_Campus_DU,2023,2,103.1,0.1295272083907792,2023,104.7932162562884,0.2038517538790262,-1.6932162562884088,-0.07432454548824702,0.12584752866194715,sentinel2_ndvi_mean_500m
North_Campus_DU,2023,3,65.53,0.1745596687585286,2023,103.91224870630745,0.187866792279986,-38.38224870630745,-0.013307123521457409,0.5107573245661321,sentinel2_ndvi_mean_500m
North_Campus_DU,2023,4,58.21,0.177434175926332,2023,89.89264425317498,0.16927391165181607,-31.682644253174978,0.008160264274515938,-0.2585387500213815,sentinel2_ndvi_mean_500m
North_Campus_DU,2023,7,36.04,0.1734143321300522,2023,37.08956516737663,0.16817311899716234,-1.0495651673766275,0.00524121313288986,-0.005500994739078125,sentinel2_ndvi_mean_500m
North_Campus_DU,2023,8,54.46,0.1411970612515336,2023,79.32886612191503,0.16480448796432512,-24.868866121915026,-0.023607426712791507,0.5870899344033326,sentinel2_ndvi_mean_500m
North_Campus_DU,2023,9,61.05,0.1949730809294325,2023,84.42033055444723,0.211993354573891,-23.370330554447236,-0.017020273644458517,0.3977694211981419,sentinel2_ndvi_mean_500m
North_Campus_DU,2023,10,125.42,0.2066060278477824,2023,88.57826363966058,0.18871764213840575,36.841736360339425,0.017888385709376647,0.6590391902169178,sentinel2_ndvi_mean_500m
North_Campus_DU,2023,11,245.13,0.2017191436855509,2023,163.90668851244936,0.18300223981030153,81.22331148755063,0.01871690387524938,1.520248913541924,sentinel2_ndvi_mean_500m
North_Campus_DU,2024,2,106.68,0.1025340924152407,2024,96.7908073985387,0.19641412679130382,9.889192601461303,-0.09388003437606313,-0.9283977413766963,sentinel2_ndvi_mean_500m
North_Campus_DU,2024,3,79.57,0.1654616675670429,2024,69.0162984649312,0.18489614268458612,10.553701535068797,-0.019434475117543232,-0.20510564988127233,sentinel2_ndvi_mean_500m
North_Campus_DU,2024,6,65.82,0.1621717265920595,2024,57.281745205209454,0.14863467245732256,8.53825479479054,0.013537054134736937,0.11558281737325675,sentinel2_ndvi_mean_500m
North_Campus_DU,2024,7,37.96,0.1504771058814384,2024,41.87528275106513,0.15615901114504432,-3.915282751065128,-0.00568190526360593,0.022246265671782454,sentinel2_ndvi_mean_500m
North_Campus_DU,2024,8,27.95,0.065206964795296,2024,38.30343499881146,0.17592343997436288,-10.353434998811462,-0.11071647517906688,1.1462958290639915,sentinel2_ndvi_mean_500m
North_Campus_DU,2024,9,41.01,0.1906290855724563,2024,43.67530000546484,0.18748858715241137,-2.665300005464843,0.003140498420044935,-0.008370370456108096,sentinel2_ndvi_mean_500m
North_Campus_DU,2024,10,108.35,0.1257868669120029,2024,113.19042688642897,0.19611244751661988,-4.840426886428972,-0.070325580604617,0.34040583116231593,sentinel2_ndvi_mean_500m
North_Campus_DU,2024,11,246.34,0.227289159976381,2024,211.99399042616608,0.18242297533201202,34.346009573833925,0.04486618464436898,1.5409744073368976,sentinel2_ndvi_mean_500m
North_Campus_DU,2025,2,89.05,0.221653326823256,2025,107.76979754640578,0.11489430331333392,-18.719797546405786,0.10675902350992209,-1.998507306357717,sentinel2_ndvi_mean_500m
North_Campus_DU,2025,3,64.57,0.1718028312901181,2025,75.74627020550062,0.17251207815211494,-11.176270205500629,-0.0007092468619968317,0.007926734572080006,sentinel2_ndvi_mean_500m
North_Campus_DU,2025,6,46.3,0.1816853997271414,2025,48.716160589796125,0.1603116765765719,-2.416160589796128,0.021373723150569512,-0.05164234753361919,sentinel2_ndvi_mean_500m
North_Campus_DU,2025,7,30.38,0.1890878594665059,2025,36.060178910936415,0.15270515924828004,-5.680178910936416,0.036382700218225844,-0.20666024650248818,sentinel2_ndvi_mean_500m
North_Campus_DU,2025,8,34.86,0.1210552998270518,2025,32.94353864910536,0.1102969497211378,1.916461350894636,0.010758350105914,0.020617962177377394,sentinel2_ndvi_mean_500m
North_Campus_DU,2025,9,32.93,0.1287388304479853,2025,40.90162503193649,0.1699523423628468,-7.97162503193649,-0.0412135119148615,0.32853866323452274,sentinel2_ndvi_mean_500m
North_Campus_DU,2025,10,103.15,0.1985237494035801,2025,116.85273474367182,0.2022124865251249,-13.702734743671812,-0.0036887371215447995,0.05054578631566387,sentinel2_ndvi_mean_500m
North_Campus_DU,2025,11,220.81,0.211644323655302,2025,181.92292483977337,0.18187985739800483,38.88707516022663,0.029764466257297173,1.1574530364515445,sentinel2_ndvi_mean_500m
North_Campus_DU,2025,12,207.18,0.1834276437293651,2025,181.73117404754078,0.1465283549566916,25.44882595245923,0.03689928877267351,0.9390435777453011,sentinel2_ndvi_mean_500m
Okhla_Phase-2,2023,1,190.56,0.2665202119165923,2023,91.94916997974502,0.2827534754804895,98.61083002025498,-0.016233263563897204,-1.6007755939734658,sentinel2_ndvi_mean_500m
Okhla_Phase-2,2023,2,109.64,0.1895676777718067,2023,115.45352390528343,0.30403742701565895,-5.813523905283432,-0.11446974924385225,0.6654726236609352,sentinel2_ndvi_mean_500m
Okhla_Phase-2,2023,3,70.91,0.2702080341416501,2023,110.4965415312436,0.27058253041120167,-39.5865415312436,-0.0003744962695515497,0.014825012127898218,sentinel2_ndvi_mean_500m
Okhla_Phase-2,2023,8,31.3,0.2512317230283746,2023,86.99952144049165,0.2631326650110713,-55.69952144049165,-0.0119009419826967,0.662876773127262,sentinel2_ndvi_mean_500m
Okhla_Phase-2,2023,9,38.07,0.3696733775407058,2023,93.91929408799378,0.28534771322703056,-55.849294087993776,0.08432566431367522,-4.7095288254198895,sentinel2_ndvi_mean_500m
Okhla_Phase-2,2023,12,215.11,0.2381003501819563,2023,168.8683209727976,0.2502520528047076,46.24167902720242,-0.012151702622751281,-0.5619151323152786,sentinel2_ndvi_mean_500m
Okhla_Phase-2,2024,1,238.74,0.3142956607949785,2024,206.18356450755104,0.23235745522702836,32.55643549244897,0.08193820556795015,2.667615903939992,sentinel2_ndvi_mean_500m
Okhla_Phase-2,2024,2,105.55,0.1318286042888505,2024,103.70106768984239,0.2785560238991162,1.8489323101576076,-0.14672741961026572,-0.27128906690347326,sentinel2_ndvi_mean_500m
Okhla_Phase-2,2024,3,66.39,0.2082847860524844,2024,70.65552152883555,0.2756951801768323,-4.265521528835549,-0.0674103941243479,0.2875404874046954,sentinel2_ndvi_mean_500m
Okhla_Phase-2,2024,8,21.04,0.2696136537261643,2024,30.23163137414935,0.29961934672533336,-9.191631374149352,-0.030005692999169054,0.27580126917425585,sentinel2_ndvi_mean_500m
Okhla_Phase-2,2024,9,36.64,0.2537584932938019,2024,51.40427807650375,0.31707962751552693,-14.76427807650375,-0.06332113422172503,0.9348908337691662,sentinel2_ndvi_mean_500m
Okhla_Phase-2,2024,10,103.94,0.2551161745273154,2024,97.65353827302168,0.3299808470981304,6.286461726978317,-0.07486467257081503,-0.47063389881919204,sentinel2_ndvi_mean_500m
Okhla_Phase-2,2025,1,186.22,0.281115046728559,2025,181.21850043652177,0.22962741429569017,5.001499563478234,0.05148763243286886,0.2575153711375213,sentinel2_ndvi_mean_500m
Okhla_Phase-2,2025,2,99.84,0.3117708311602384,2025,111.22401162151664,0.1693084302409929,-11.384011621516635,0.1424624009192455,-1.621793627693853,sentinel2_ndvi_mean_500m
Okhla_Phase-2,2025,3,68.92,0.2429905722316452,2025,69.05303627183977,0.2586163574149755,-0.13303627183977085,-0.015625785183330326,0.002078796205359397,sentinel2_ndvi_mean_500m
Okhla_Phase-2,2025,4,71.86,0.2957685795429711,2025,61.94204279969766,0.25826589883639445,9.91795720030234,0.03750268070657664,0.3719499821444314,sentinel2_ndvi_mean_500m
Okhla_Phase-2,2025,5,59.31,0.2723034318735728,2025,54.29940465694933,0.27184449967105806,5.010595343050674,0.0004589322025147502,0.0022995235566963964,sentinel2_ndvi_mean_500m
Okhla_Phase-2,2025,6,42.87,0.2874877310557224,2025,40.16357471269421,0.27261959663153396,2.706425287305784,0.01486813442418844,0.040239494980685214,sentinel2_ndvi_mean_500m
Okhla_Phase-2,2025,7,23.39,0.2675244309622421,2025,28.755271165309964,0.2757641830988868,-5.365271165309963,-0.008239752136644685,0.044208504548040886,sentinel2_ndvi_mean_500m
Okhla_Phase-2,2025,10,104.66,0.3540659978509302,2025,117.54523783324639,0.32104223268301335,-12.885237833246393,0.03302376516791683,-0.42551906833788633,sentinel2_ndvi_mean_500m
Okhla_Phase-2,2025,11,212.35,0.3325177567085636,2025,176.59171070025744,0.28771715875413584,35.75828929974256,0.04480059795442776,1.6019927424558824,sentinel2_ndvi_mean_500m
Okhla_Phase-2,2025,12,225.32,0.3066490316150936,2025,179.33238118881388,0.2493613191413682,45.98761881118611,0.05728771247372541,2.6345254838065157,sentinel2_ndvi_mean_500m
Patparganj,2023,1,206.51,0.1541411582493539,2023,105.75349487829959,0.17130469888676897,100.7565051217004,-0.01716354063741507,-1.7293383701402245,sentinel2_ndvi_mean_500m
Patparganj,2023,6,52.83,0.2102954570800465,2023,83.32289159495559,0.220025172788013,-30.492891594955594,-0.009729715707966519,0.29668716633275966,sentinel2_ndvi_mean_500m
Patparganj,2023,9,43.29,0.2457219930683828,2023,92.16347950546563,0.18773885925819825,-48.87347950546563,0.05798313381018455,-2.833837501934726,sentinel2_ndvi_mean_500m
Patparganj,2023,10,105.26,0.2653363506583485,2023,105.05502725275338,0.17419287715162,0.20497274724662873,0.0911434735067285,0.01868192815827446,sentinel2_ndvi_mean_500m
Patparganj,2023,11,263.26,0.2526345726263043,2023,187.60420066754017,0.1652762743012957,75.65579933245982,0.08735829832500858,6.60916188810201,sentinel2_ndvi_mean_500m
Patparganj,2024,2,86.33,0.1439187314357471,2024,124.07074980138279,0.18731209587240577,-37.74074980138279,-0.04339336443665867,1.6376981102441568,sentinel2_ndvi_mean_500m
Patparganj,2024,5,81.02,0.1952656377379105,2024,77.14570413701269,0.20177992174826714,3.87429586298731,-0.006514284010356641,-0.02523826359164912,sentinel2_ndvi_mean_500m
Patparganj,2024,6,53.3,0.1976471686944942,2024,64.03513662670613,0.20302703052882135,-10.735136626706137,-0.005379861834327149,0.057753551824303834,sentinel2_ndvi_mean_500m
Patparganj,2024,7,39.62,0.1880855096085793,2024,37.922895846529855,0.21193751033362856,1.6971041534701428,-0.023852000725049255,-0.040479329499053945,sentinel2_ndvi_mean_500m
Patparganj,2024,8,28.07,0.1444121772291267,2024,36.82809960999451,0.20053813538576817,-8.75809960999451,-0.05612595815664148,0.49155673224224994,sentinel2_ndvi_mean_500m
Patparganj,2024,11,274.92,0.2686721958043859,2024,210.64640355073172,0.21348945724593976,64.2735964492683,0.05518273855844613,3.546793069071044,sentinel2_ndvi_mean_500m
Patparganj,2024,12,186.58,0.1551035556075422,2024,205.38705439553235,0.18825330214963337,-18.807054395532333,-0.033149746542091185,0.6234490864152188,sentinel2_ndvi_mean_500m
Patparganj,2025,1,193.93,0.2310346420454501,2025,192.40209622227283,0.14133344913953882,1.5279037777271753,0.08970119290591128,0.13705479150757593,sentinel2_ndvi_mean_500m
Patparganj,2025,2,101.21,0.2257035041904109,2025,105.92653955807191,0.12318270100744594,-4.716539558071915,0.10252080318296497,-0.4835434237377594,sentinel2_ndvi_mean_500m
Patparganj,2025,3,63.02,0.2236587506339973,2025,75.55399566377518,0.1971266926492479,-12.53399566377518,0.02653205798474939,-0.3325526997318805,sentinel2_ndvi_mean_500m
Patparganj,2025,4,70.58,0.2460978788901684,2025,66.61357297688627,0.1959116077113076,3.9664270231137237,0.05018627117886079,0.1990601821931469,sentinel2_ndvi_mean_500m
Patparganj,2025,5,67.85,0.2199622789253576,2025,59.28931233258134,0.20189944871207174,8.560687667418655,0.018062830213285863,0.15463024784555338,sentinel2_ndvi_mean_500m
Patparganj,2025,6,42.79,0.2327476214455752,2025,44.50404620916674,0.20292852427004893,-1.7140462091667388,0.029819097175526277,-0.05111131047448542,sentinel2_ndvi_mean_500m
Patparganj,2025,7,26.04,0.2183639594701145,2025,32.455073810707276,0.20087461074223564,-6.415073810707277,0.017489348727878856,-0.11219546299054228,sentinel2_ndvi_mean_500m
Patparganj,2025,8,31.75,0.1479698316409955,2025,28.36094248415213,0.148269108686121,3.3890575158478704,-0.00029927704512550113,-0.001014267119103322,sentinel2_ndvi_mean_500m
Patparganj,2025,12,235.01,0.2231746329123383,2025,196.88671016114176,0.1656732567800258,38.12328983885823,0.05750137613231249,2.1921416284253534,sentinel2_ndvi_mean_500m
Punjabi_Bagh,2023,1,195.14,0.2078301545375381,2023,101.33823855818606,0.23007151974599793,93.80176144181392,-0.022241365208459846,-2.0862792334242104,sentinel2_ndvi_mean_500m
Punjabi_Bagh,2023,4,78.79,0.2332194180236118,2023,122.9720944883518,0.23577117479469087,-44.182094488351794,-0.002551756771079078,0.11274195877110729,sentinel2_ndvi_mean_500m
Punjabi_Bagh,2023,5,73.93,0.2630043317060055,2023,117.15208162017447,0.2440871090403583,-43.222081620174464,0.018917222665647215,-0.8176417420816183,sentinel2_ndvi_mean_500m
Punjabi_Bagh,2023,6,53.05,0.255033090613563,2023,98.51099224793398,0.2480715272519979,-45.46099224793399,0.006961563361565087,-0.3164795780136117,sentinel2_ndvi_mean_500m
Punjabi_Bagh,2023,7,45.08,0.2550173306529326,2023,45.690382550593846,0.24520090901467242,-0.6103825505938474,0.009816421638260159,-0.005991772477265869,sentinel2_ndvi_mean_500m
Punjabi_Bagh,2023,8,42.66,0.2271668250549286,2023,105.12790858614703,0.25303115748376,-62.46790858614703,-0.025864332428831377,1.6156907538059566,sentinel2_ndvi_mean_500m
Punjabi_Bagh,2023,11,299.77,0.2734813502736927,2023,174.87790462538354,0.2435267617702649,124.89209537461645,0.029954588503427804,3.7410913242774946,sentinel2_ndvi_mean_500m
Punjabi_Bagh,2023,12,241.68,0.1522464175178412,2023,172.05747245739573,0.22471005630321073,69.62252754260427,-0.07246363878536952,-5.045101687171717,sentinel2_ndvi_mean_500m
Punjabi_Bagh,2024,1,249.72,0.2447632198793825,2024,216.66500480155347,0.17814076906722556,33.054995198446534,0.06662245081215692,2.2022047917045877,sentinel2_ndvi_mean_500m
Punjabi_Bagh,2024,2,121.14,0.1151022487282602,2024,129.24495871904801,0.246999313705557,-8.104958719048014,-0.1318970649772968,1.0690202668045843,sentinel2_ndvi_mean_500m
Punjabi_Bagh,2024,3,85.53,0.2021385830731844,2024,89.93083677383518,0.2548156025497382,-4.400836773835181,-0.05267701947655376,0.23182296444844983,sentinel2_ndvi_mean_500m
Punjabi_Bagh,2024,4,73.05,0.2442225584219541,2024,85.06104257118837,0.22870252528493668,-12.01104257118837,0.015520033137017414,-0.18641177871497033,sentinel2_ndvi_mean_500m
Punjabi_Bagh,2024,8,37.9,0.1482339166196728,2024,38.73457245232086,0.26132594328451414,-0.8345724523208631,-0.11309202666484133,0.09438349003161307,sentinel2_ndvi_mean_500m
Punjabi_Bagh,2024,9,54.95,0.3042746848819915,2024,61.80814911426683,0.26641687720106544,-6.85814911426683,0.03785780768092606,-0.25963449021502705,sentinel2_ndvi_mean_500m
Punjabi_Bagh,2024,10,125.35,0.2002104271285273,2024,135.43578063443243,0.2809870073073647,-10.085780634432439,-0.0807765801788374,0.8146948680833974,sentinel2_ndvi_mean_500m
Punjabi_Bagh,2025,2,113.37,0.2542377277518993,2025,126.46739185392556,0.13856683205396364,-13.097391853925558,0.11567089569793565,-1.5149870470504152,sentinel2_ndvi_mean_500m
Punjabi_Bagh,2025,3,78.65,0.2383263108143816,2025,86.94374161484996,0.23363258381948063,-8.29374161484995,0.004693726994900976,-0.038928558906354827,sentinel2_ndvi_mean_500m
Punjabi_Bagh,2025,4,82.9,0.2611443782466658,2025,78.32284022678787,0.23228903040827092,4.577159773212131,0.028855347838394885,0.13207553736794467,sentinel2_ndvi_mean_500m
Punjabi_Bagh,2025,5,69.65,0.2359554462306288,2025,70.3911010939266,0.2383192938822885,-0.7411010939265879,-0.0023638476516597007,0.0017518500805208,sentinel2_ndvi_mean_500m
Punjabi_Bagh,2025,6,48.33,0.2570732660177325,2025,52.95369094647585,0.23143085802997915,-4.623690946475854,0.025642407987753357,-0.11856256965881531,sentinel2_ndvi_mean_500m
Punjabi_Bagh,2025,7,28.81,0.2609817769372405,2025,40.24905890282742,0.23498071808814205,-11.439058902827423,0.026001058849098452,-0.2974276437107194,sentinel2_ndvi_mean_500m
Punjabi_Bagh,2025,8,32.97,0.1431651326359601,2025,36.28740712254192,0.1996903267514664,-3.3174071225419226,-0.0565251941155063,0.18751708156184538,sentinel2_ndvi_mean_500m
Punjabi_Bagh,2025,12,239.37,0.2439811602715866,2025,191.51274757009224,0.1890231787154818,47.85725242990776,0.05495798155610479,2.6301379963687217,sentinel2_ndvi_mean_500m
R_K_Puram,2023,1,210.01,0.2943239369200892,2023,100.22613530864115,0.3265093093760555,109.78386469135884,-0.03218537245596631,-3.5334345747467935,sentinel2_ndvi_mean_500m
R_K_Puram,2023,2,123.74,0.2196955400722751,2023,132.9078268458674,0.3480099310333658,-9.167826845867395,-0.1283143909610907,1.1763641181642122,sentinel2_ndvi_mean_500m
R_K_Puram,2023,5,88.28,0.3377884185927853,2023,94.77647110167625,0.3128510769744382,-6.496471101676249,0.024937341618347098,-0.16200471917622036,sentinel2_ndvi_mean_500m
R_K_Puram,2023,10,113.64,0.3665072891019194,2023,105.64894617104858,0.3143854163980659,7.991053828951422,0.05212187270385349,0.41650869044224703,sentinel2_ndvi_mean_500m
R_K_Puram,2023,11,277.24,0.3758259014232085,2023,180.7940290241342,0.3164587224163139,96.4459709758658,0.05936717900689459,5.725725223417985,sentinel2_ndvi_mean_500m
R_K_Puram,2023,12,227.28,0.2594587615288881,2023,190.51910410143222,0.30695319965108997,36.76089589856778,-0.04749443812220189,-1.7459380955712327,sentinel2_ndvi_mean_500m
R_K_Puram,2024,1,249.85,0.3185967461890493,2024,210.7441509250812,0.26421533127592756,39.10584907491881,0.05438141491312176,2.1266314040730787,sentinel2_ndvi_mean_500m
R_K_Puram,2024,4,71.25,0.2974589783381518,2024,74.19572911927268,0.2808733078059857,-2.945729119272684,0.01658567053216614,-0.048856892649264676,sentinel2_ndvi_mean_500m
R_K_Puram,2024,5,94.63,0.3083708506417853,2024,73.85674203886686,0.29821927239923685,20.77325796113314,0.010151578242548476,0.2108813535450861,sentinel2_ndvi_mean_500m
R_K_Puram,2024,6,66.56,0.3075996699511468,2024,58.79091205119998,0.2967203168580341,7.769087948800021,0.010879353093112665,0.08452265100644184,sentinel2_ndvi_mean_500m
R_K_Puram,2024,7,54.16,0.3030207747382608,2024,39.65541800591189,0.3211111468835319,14.504581994088106,-0.018090372145271094,-0.2623932860846521,sentinel2_ndvi_mean_500m
R_K_Puram,2024,8,34.6,0.2970873387937092,2024,35.86890604767414,0.3469359438396246,-1.268906047674136,-0.04984860504591543,0.06325319641088155,sentinel2_ndvi_mean_500m
R_K_Puram,2024,9,48.0,0.3660367052864799,2024,51.64736472457066,0.3767164351048878,-3.6473647245706573,-0.010679729818407868,0.03895286980760625,sentinel2_ndvi_mean_500m
R_K_Puram,2024,12,199.6,0.2512747904241842,2024,206.79239448404823,0.307854737211368,-7.192394484048236,-0.05657994678718381,0.4069452971798836,sentinel2_ndvi_mean_500m
R_K_Puram,2025,1,182.39,0.3045834445148792,2025,203.4436998254275,0.26467260869991155,-21.053699825427515,0.03991083581496763,-0.8402707570302501,sentinel2_ndvi_mean_500m
R_K_Puram,2025,2,108.05,0.3520595884396226,2025,125.14309366299273,0.22519206350558127,-17.09309366299273,0.12686752493404133,-2.168558486489634,sentinel2_ndvi_mean_500m
R_K_Puram,2025,3,75.54,0.1323917105542892,2025,82.7612848961198,0.31048593781333816,-7.221284896119798,-0.17809422725904897,1.286069153391897,sentinel2_ndvi_mean_500m
R_K_Puram,2025,4,83.33,0.318725421944522,2025,75.16362614857914,0.304007870359812,8.166373851420857,0.014717551584709998,0.12018902841831333,sentinel2_ndvi_mean_500m
R_K_Puram,2025,5,70.56,0.309539346472428,2025,67.49187419073122,0.32046351265215706,3.0681258092687784,-0.010924166179729078,-0.0335167162007679,sentinel2_ndvi_mean_500m
R_K_Puram,2025,8,41.49,0.2847270291605512,2025,35.055908465083625,0.31098947893593853,6.4340915349163765,-0.02626244977538733,-0.16897500578598612,sentinel2_ndvi_mean_500m
R_K_Puram,2025,11,235.98,0.3965603984029817,2025,202.3403990203381,0.3402412751660612,33.63960097966188,0.05631912323692051,1.8945528332144093,sentinel2_ndvi_mean_500m
R_K_Puram,2025,12,248.71,0.3216756360475131,2025,199.93111912349963,0.27527726096657,48.77888087650038,0.04639837508094308,2.263260810936506,sentinel2_ndvi_mean_500m
Rohini,2023,1,195.34,0.2400678281207389,2023,104.98578804857212,0.25381596947091223,90.35421195142789,-0.013748141350173326,-1.2422024774917506,sentinel2_ndvi_mean_500m
Rohini,2023,2,130.52,0.1565512998272553,2023,137.3970692531715,0.2847387368565012,-6.8770692531714985,-0.1281874370292459,0.8815538818366846,sentinel2_ndvi_mean_500m
Rohini,2023,3,88.88,0.2130476007998539,2023,146.6709909470243,0.29655391561590133,-57.79099094702431,-0.08350631481604742,4.825912683553558,sentinel2_ndvi_mean_500m
Rohini,2023,4,79.58,0.2015594057847123,2023,122.93682125475034,0.27025457943802816,-43.35682125475034,-0.06869517365331587,2.9784043651508516,sentinel2_ndvi_mean_500m
Rohini,2023,7,36.21,0.302530218189012,2023,39.956253471993826,0.2809381133276012,-3.7462534719938247,0.021592104861410777,-0.08088949780471487,sentinel2_ndvi_mean_500m
Rohini,2023,10,106.99,0.3105678038828519,2023,115.53491974529805,0.3187539765872293,-8.54491974529806,-0.008186172704377437,0.06995018878005478,sentinel2_ndvi_mean_500m
Rohini,2024,1,234.1,0.2394917927494199,2024,194.15610706537967,0.197064111784396,39.94389293462032,0.04242768096502389,1.6947267459311428,sentinel2_ndvi_mean_500m
Rohini,2024,2,125.57,0.1265524233358768,2024,130.1553877502812,0.24065768286074585,-4.5853877502812,-0.11410525952486905,0.5232168592679918,sentinel2_ndvi_mean_500m
Rohini,2024,3,86.66,0.212714769315996,2024,90.29746510592717,0.24178623388923937,-3.637465105927177,-0.02907146457324336,0.10574643796337084,sentinel2_ndvi_mean_500m
Rohini,2024,6,55.86,0.2127185580444753,2024,60.7773849508066,0.25772961325887184,-4.9173849508066,-0.04501105521439655,0.22133668553119853,sentinel2_ndvi_mean_500m
Rohini,2024,7,42.7,0.2272442718173984,2024,33.56761275227801,0.2731848798747198,9.132387247721994,-0.04594060805732139,-0.41954742317527616,sentinel2_ndvi_mean_500m
Rohini,2024,8,27.78,0.2040992637486159,2024,33.971294940785135,0.29411972251445223,-6.191294940785134,-0.09002045876583634,0.5573432109240793,sentinel2_ndvi_mean_500m
Rohini,2024,9,43.83,0.3255117421441332,2024,41.058304438841496,0.32486860348456975,2.771695561158502,0.000643138659563447,0.001782584567921435,sentinel2_ndvi_mean_500m
Rohini,2024,12,211.09,0.1705403305648461,2024,203.7462092190824,0.24130023662778474,7.343790780917601,-0.07075990606293864,-0.5196459458036042,sentinel2_ndvi_mean_500m
Rohini,2025,3,86.94,0.2368044224586147,2025,85.35247854439635,0.23012752942310608,1.5875214556036497,0.006676893035508613,0.010599710950640504,sentinel2_ndvi_mean_500m
Rohini,2025,4,89.51,0.295911606065067,2025,80.58823787760346,0.24418924699284358,8.921762122396544,0.05172235907222342,0.46145458405155615,sentinel2_ndvi_mean_500m
Rohini,2025,5,67.21,0.2545293255913388,2025,69.37205856295337,0.23706204554423785,-2.1620585629533764,0.017467280047100936,-0.037765282397339235,sentinel2_ndvi_mean_500m
Rohini,2025,8,32.97,0.2334640283223153,2025,29.202354693673932,0.20991973851455514,3.7676453063260666,0.02354428980776016,0.08870653298498822,sentinel2_ndvi_mean_500m
Rohini,2025,9,34.69,0.3008966469057145,2025,33.22758882401642,0.2903746996349033,1.4624111759835756,0.010521947270811183,0.015387413281944156,sentinel2_ndvi_mean_500m
Rohini,2025,12,269.27,0.2190532160540831,2025,206.48666712612558,0.202966659790489,62.7833328738744,0.016086556263594093,1.0099676166915372,sentinel2_ndvi_mean_500m
Shadipur,2023,2,167.65,0.1695354702955255,2023,118.61448747355814,0.2666398922809091,49.03551252644186,-0.09710442198538363,-4.761565100637176,sentinel2_ndvi_mean_500m
Shadipur,2023,3,122.69,0.2309950976594451,2023,114.82429433285654,0.21534354139414402,7.865705667143459,0.01565155626530107,0.12311053481559334,sentinel2_ndvi_mean_500m
Shadipur,2023,4,92.22,0.2406425029478302,2023,100.41122593380146,0.21443060763866556,-8.191225933801462,0.02621189530916465,-0.21470755663051838,sentinel2_ndvi_mean_500m
Shadipur,2023,5,88.18,0.2548593626038528,2023,96.27648948315593,0.22939315076458686,-8.09648948315592,0.025466211839265923,-0.20618691633243735,sentinel2_ndvi_mean_500m
Shadipur,2023,6,67.4,0.2580543478052866,2023,79.56386144342397,0.23668066683943556,-12.163861443423968,0.021373680965851016,-0.25998649380455996,sentinel2_ndvi_mean_500m
Shadipur,2023,7,37.99,0.2533552908530275,2023,37.955963828269084,0.2348201917690558,0.034036171730917886,0.01853509908397169,0.0006308638154716393,sentinel2_ndvi_mean_500m
Shadipur,2023,8,43.92,0.173015215230362,2023,93.98501106089675,0.23500532941195998,-50.06501106089675,-0.06199011418159797,3.103535752167955,sentinel2_ndvi_mean_500m
Shadipur,2023,11,204.43,0.2804590460000921,2023,171.9973907165707,0.217100670746182,32.432609283429315,0.06335837525391008,2.0548774294429624,sentinel2_ndvi_mean_500m
Shadipur,2023,12,192.51,0.1848243321607907,2023,166.64640707116823,0.20280577698319996,25.863592928831764,-0.017981444822409265,-0.4650647691590428,sentinel2_ndvi_mean_500m
Shadipur,2024,1,217.19,0.2485410816498916,2024,193.0600655954716,0.17868586737720374,24.1299344045284,0.06985521427268787,1.6856017382142343,sentinel2_ndvi_mean_500m
Shadipur,2024,2,105.21,0.1241788247556933,2024,152.42737273151428,0.23724220309231062,-47.21737273151429,-0.11306337833661731,5.338555677204277,sentinel2_ndvi_mean_500m
Shadipur,2024,5,161.23,0.2098949065003332,2024,81.89833626991086,0.2264347623599175,79.33166373008913,-0.016539855859584285,-1.312134283196685,sentinel2_ndvi_mean_500m
Shadipur,2024,6,139.66,0.2284318074580175,2024,62.24588042798812,0.22474547757133007,77.41411957201188,0.003686329886687434,0.28537398262990205,sentinel2_ndvi_mean_500m
Shadipur,2024,7,35.33,0.2282218708136255,2024,39.126035824637135,0.2319525959829502,-3.796035824637137,-0.003730725169324711,0.014161966394632053,sentinel2_ndvi_mean_500m
Shadipur,2024,8,46.65,0.1298693186189563,2024,37.61788176501534,0.24569123004717078,9.032118234984658,-0.11582191142821449,-1.046117198221554,sentinel2_ndvi_mean_500m
Shadipur,2024,9,60.64,0.207889510096153,2024,46.159728089433536,0.26643759371664727,14.480271910566465,-0.05854808362049427,-0.8477921706673397,sentinel2_ndvi_mean_500m
Shadipur,2024,10,97.71,0.2436120924662292,2024,123.6122176325649,0.2764453776480833,-25.902217632564913,-0.032833285181854105,0.8504548983724537,sentinel2_ndvi_mean_500m
Shadipur,2025,5,78.09,0.2405426609424246,2025,75.32645650723154,0.23359717359911056,2.763543492768463,0.006945487343314044,0.019194156351721246,sentinel2_ndvi_mean_500m
Shadipur,2025,8,51.7,0.2234839574648963,2025,35.202354971481604,0.1798789875193349,16.4976450285184,0.0436049699455614,0.7193793156410853,sentinel2_ndvi_mean_500m
Shadipur,2025,9,56.39,0.1425650116679568,2025,38.00863707755906,0.2419635386739409,18.381362922440942,-0.09939852700598412,-1.827080398853041,sentinel2_ndvi_mean_500m
Shadipur,2025,10,91.13,0.2672885948140935,2025,120.10098711906261,0.2793014310294336,-28.970987119062613,-0.012012836215340106,0.34802372325802705,sentinel2_ndvi_mean_500m
Shadipur,2025,11,138.3,0.2735979727150641,2025,180.3751942701008,0.24146191518783433,-42.07519427010078,0.032136057527229756,-1.3521308635333265,sentinel2_ndvi_mean_500m
Shadipur,2025,12,165.27,0.2300095885998757,2025,182.3118054258848,0.18342421689732347,-17.041805425884803,0.046585371702552225,-0.7938988402474149,sentinel2_ndvi_mean_500m
Sirifort,2023,3,72.15,0.4097091540427645,2023,114.89318666893894,0.3908976998250129,-42.74318666893893,0.0188114542177516,-0.8040614991435552,sentinel2_ndvi_mean_500m
Sirifort,2023,6,41.59,0.4669239113636271,2023,81.38860321689683,0.4336322441069049,-39.79860321689682,0.033291667256722224,-1.3249618555792437,sentinel2_ndvi_mean_500m
Sirifort,2023,7,28.28,0.4758371906593551,2023,35.39000798613528,0.4383983526301444,-7.11000798613528,0.03743883802921072,-0.2661904373793134,sentinel2_ndvi_mean_500m
Sirifort,2023,8,31.66,0.3620338569950082,2023,86.47075554322068,0.43721553188006956,-54.81075554322068,-0.07518167488506139,4.120764403454993,sentinel2_ndvi_mean_500m
Sirifort,2023,9,32.68,0.5028650882008918,2023,90.62775676393585,0.41986132337879345,-57.94775676393585,0.08300376482209837,-4.8098819744018915,sentinel2_ndvi_mean_500m
Sirifort,2023,10,91.57,0.5062053139478501,2023,100.04400470335986,0.3933461564211178,-8.474004703359867,0.11285915752673226,-0.9563690316987613,sentinel2_ndvi_mean_500m
Sirifort,2023,11,232.49,0.4907707638782886,2023,167.0236333820496,0.401837990278642,65.4663666179504,0.08893277359964663,5.822105560825647,sentinel2_ndvi_mean_500m
Sirifort,2023,12,194.73,0.3524228494026008,2023,170.43793327211444,0.3997323921281428,24.292066727885555,-0.047309542725542,-1.149246568754619,sentinel2_ndvi_mean_500m
Sirifort,2024,12,183.48,0.3588135138168363,2024,168.19736789705783,0.4296360319804674,15.28263210294216,-0.07082251816363111,-1.082354489698713,sentinel2_ndvi_mean_500m
Sirifort,2025,1,188.54,0.395181061406117,2025,174.82008080124274,0.34827141802814954,13.719919198757253,0.046909643377967436,0.6435965167882315,sentinel2_ndvi_mean_500m
Sirifort,2025,2,110.12,0.4488362481904194,2025,103.76496401091092,0.3074824715671203,6.355035989089089,0.14135377662329912,0.8983083376347258,sentinel2_ndvi_mean_500m
Sirifort,2025,3,78.72,0.2120997054161555,2025,68.85267240691547,0.4031543595289746,9.867327593084525,-0.1910546541128191,-1.88519886031464,sentinel2_ndvi_mean_500m
Sirifort,2025,4,84.69,0.4235698330103802,2025,66.95972258874272,0.3876891069714359,17.730277411257276,0.03588072603894432,0.6361752263878053,sentinel2_ndvi_mean_500m
Sirifort,2025,7,34.19,0.4083387808026839,2025,29.085931981072235,0.39226239381804057,5.104068018927762,0.01607638698464331,0.08205497266822444,sentinel2_ndvi_mean_500m
Sirifort,2025,8,30.07,0.2587430798838507,2025,27.574858740351694,0.40298472931585094,2.4951412596483067,-0.14424164943200024,-0.35990329085751055,sentinel2_ndvi_mean_500m
Sirifort,2025,9,29.17,0.3932688207840624,2025,33.43747195377797,0.4789809489225952,-4.267471953777971,-0.0857121281385328,0.36577410292981233,sentinel2_ndvi_mean_500m
Sirifort,2025,10,102.68,0.4891486981832361,2025,106.56873676351393,0.5044546136372918,-3.8887367635139185,-0.01530591545405574,0.05952067612542239,sentinel2_ndvi_mean_500m
Sirifort,2025,11,214.27,0.5067946848177486,2025,171.04221299954756,0.43315457193962564,43.22778700045245,0.07364011287812294,3.183299114184774,sentinel2_ndvi_mean_500m
Sirifort,2025,12,228.21,0.4310729753211212,2025,174.6658302236814,0.356067829818814,53.5441697763186,0.07500514550230719,4.016088244873015,sentinel2_ndvi_mean_500m
Sonia_Vihar,2023,1,181.65,0.231097384434847,2023,92.99886029336254,0.22162469608823565,88.65113970663747,0.009472688346611358,0.8397646180128802,sentinel2_ndvi_mean_500m
Sonia_Vihar,2023,2,120.59,0.1627985450840955,2023,111.97233810525792,0.255428501508223,8.617661894742085,-0.0926299564241275,-0.7982536457878233,sentinel2_ndvi_mean_500m
Sonia_Vihar,2023,3,79.17,0.221670875339901,2023,122.94118602264233,0.24946427221541845,-43.771186022642325,-0.027793396875517434,1.2165499448393997,sentinel2_ndvi_mean_500m
Sonia_Vihar,2023,4,70.55,0.238765024931396,2023,99.57027426293608,0.2300561608054802,-29.020274262936084,0.008708864125915816,-0.2527336254527221,sentinel2_ndvi_mean_500m
Sonia_Vihar,2023,5,73.18,0.2499100139176228,2023,94.79546427229656,0.23614908703987872,-21.61546427229655,0.013760926877744079,-0.29744882327956246,sentinel2_ndvi_mean_500m
Sonia_Vihar,2023,6,49.96,0.2430939154239196,2023,86.29849846508498,0.25497786084923524,-36.338498465084974,-0.01188394542531565,0.43184473259698636,sentinel2_ndvi_mean_500m
Sonia_Vihar,2023,7,40.16,0.2508806538396432,2023,41.32372513413748,0.2309716933348988,-1.1637251341374864,0.01990896050474439,-0.023168557733921583,sentinel2_ndvi_mean_500m
Sonia_Vihar,2023,8,39.13,0.1654080842051006,2023,81.9145111129931,0.24061950695258677,-42.784511112993094,-0.07521142274748618,3.2178839523638443,sentinel2_ndvi_mean_500m
Sonia_Vihar,2024,1,218.46,0.2148958778523829,2024,181.29294770942846,0.19682878165170892,37.16705229057155,0.018067096200673982,0.6715007092292364,sentinel2_ndvi_mean_500m
Sonia_Vihar,2024,2,111.12,0.118470281694255,2024,120.45946419565065,0.24304369358310382,-9.339464195650649,-0.12457341188884882,1.1634489200659444,sentinel2_ndvi_mean_500m
Sonia_Vihar,2024,3,73.66,0.196252014454433,2024,74.75650980598036,0.22783117463301433,-1.0965098059803609,-0.03157916017858134,0.03462685880043896,sentinel2_ndvi_mean_500m
Sonia_Vihar,2024,6,58.01,0.1981878197535951,2024,61.60807432300535,0.20309429403761747,-3.598074323005349,-0.004906474284022383,0.01765385913782699,sentinel2_ndvi_mean_500m
Sonia_Vihar,2024,7,57.6,0.2030157977130937,2024,45.737793900923805,0.23188690996261438,11.862206099076197,-0.028871112249520686,-0.34247508381337777,sentinel2_ndvi_mean_500m
Sonia_Vihar,2024,8,35.39,0.0686968225259812,2024,37.34820416091413,0.2545497593032393,-1.9582041609141285,-0.18585293677725812,0.3639379941153373,sentinel2_ndvi_mean_500m
Sonia_Vihar,2024,9,48.03,0.3387430607147877,2024,44.200148720112345,0.28590637425284715,3.829851279887656,0.05283668646194056,0.20235665127128585,sentinel2_ndvi_mean_500m
Sonia_Vihar,2024,10,129.91,0.3119368351950572,2024,107.35528941505159,0.27537477467277444,22.55471058494841,0.03656206052228278,0.8246466934694558,sentinel2_ndvi_mean_500m
Sonia_Vihar,2024,11,282.42,0.3270826676526719,2024,209.3015702300998,0.2651899121839055,73.11842976990022,0.061892755468766436,4.5255010940086065,sentinel2_ndvi_mean_500m
Sonia_Vihar,2024,12,181.47,0.2108359517606012,2024,192.21152684360527,0.23139566478703194,-10.741526843605271,-0.020559713026430754,0.2208427093702269,sentinel2_ndvi_mean_500m
Sonia_Vihar,2025,1,136.65,0.2273843809901872,2025,186.27750277632978,0.1776141132050957,-49.62750277632978,0.0497702677850915,-2.4699741026833046,sentinel2_ndvi_mean_500m
Sonia_Vihar,2025,2,76.45,0.235855293182315,2025,122.45288485641846,0.1421471485711681,-46.00288485641846,0.09370814461114688,-4.3108449866552,sentinel2_ndvi_mean_500m
Sonia_Vihar,2025,3,54.21,0.2707230821611676,2025,74.07721625955195,0.21381306772650574,-19.867216259551945,0.05691001443466184,-1.1306435641076498,sentinel2_ndvi_mean_500m
Sonia_Vihar,2025,4,58.19,0.2755711096016575,2025,70.39712162166663,0.22327934114177278,-12.20712162166663,0.0522917684598847,-0.6383319774018437,sentinel2_ndvi_mean_500m
Sonia_Vihar,2025,7,35.81,0.2742226549446239,2025,38.399656797009015,0.20970310139821305,-2.589656797009013,0.06451955354641084,-0.1670835003814498,sentinel2_ndvi_mean_500m
Sonia_Vihar,2025,8,41.51,0.233898948725103,2025,32.91740836159509,0.15590437982162514,8.592591638404905,0.07799456890347786,0.6701754806010191,sentinel2_ndvi_mean_500m
Sonia_Vihar,2025,9,34.93,0.439900933473011,2025,37.08473989211444,0.2543165503572025,-2.154739892114442,0.1855843831158085,-0.3998860736530825,sentinel2_ndvi_mean_500m
Sonia_Vihar,2025,12,233.83,0.2749106793837098,2025,191.24728711361564,0.1987430543475895,42.58271288638437,0.07616762503612029,3.2434241081508923,sentinel2_ndvi_mean_500m
Sri_Aurobindo_Marg,2023,2,98.38,0.4536450540146181,2023,92.34624105929713,0.6510717855183513,6.033758940702867,-0.19742673150373324,-1.191225306344395,sentinel2_ndvi_mean_500m
Sri_Aurobindo_Marg,2023,3,58.96,0.5665286638558612,2023,94.08052969812005,0.6694132242970341,-35.120529698120045,-0.10288456044117289,3.613360260452239,sentinel2_ndvi_mean_500m
Sri_Aurobindo_Marg,2023,6,34.6,0.6104692690728141,2023,67.30171106729304,0.6443565237308706,-32.70171106729304,-0.03388725465805653,1.108171210691545,sentinel2_ndvi_mean_500m
Sri_Aurobindo_Marg,2023,7,26.87,0.6553879417542403,2023,31.37086165768131,0.6364041449469496,-4.500861657681309,0.018983796807290676,-0.08544344316714746,sentinel2_ndvi_mean_500m
Sri_Aurobindo_Marg,2023,8,36.67,0.533940793944256,2023,68.08878902230016,0.6444323729896034,-31.41878902230016,-0.11049157904534745,3.471511610766573,sentinel2_ndvi_mean_500m
Sri_Aurobindo_Marg,2023,11,213.43,0.6781900190370193,2023,152.1069137386551,0.6682122649766794,61.32308626134491,0.00997775406033985,0.611866672936705,sentinel2_ndvi_mean_500m
Sri_Aurobindo_Marg,2023,12,184.36,0.494662564888083,2023,156.1147296423689,0.6673575163818012,28.245270357631114,-0.17269495149371816,-4.877815594338061,sentinel2_ndvi_mean_500m
Sri_Aurobindo_Marg,2024,1,215.08,0.6199902641397277,2024,164.44597352474878,0.5027372186909137,50.63402647525123,0.11725304544881399,5.936993807559084,sentinel2_ndvi_mean_500m
Sri_Aurobindo_Marg,2024,2,95.24,0.4246595972826366,2024,87.12150726770489,0.5939356414349193,8.11849273229511,-0.1692760441522827,-1.3742663342019732,sentinel2_ndvi_mean_500m
Sri_Aurobindo_Marg,2024,3,65.32,0.507618026357825,2024,68.63472674330431,0.5430069402907778,-3.3147267433043197,-0.03538891393295274,0.11730457943005329,sentinel2_ndvi_mean_500m
Sri_Aurobindo_Marg,2024,4,51.98,0.5447895242848396,2024,62.38294948968053,0.5007403816251581,-10.40294948968053,0.04404914265968152,-0.4582410061523987,sentinel2_ndvi_mean_500m
Sri_Aurobindo_Marg,2024,5,68.44,0.5337483008038177,2024,61.498841631850844,0.5086272708630056,6.9411583681491535,0.025121029940812112,0.17436904719019342,sentinel2_ndvi_mean_500m
Sri_Aurobindo_Marg,2024,6,46.58,0.5032614049398422,2024,54.22796660671723,0.5700373893636419,-7.647966606717233,-0.06677598442379973,0.5107004990038905,sentinel2_ndvi_mean_500m
Sri_Aurobindo_Marg,2024,7,32.44,0.5213705858443259,2024,28.82642665223238,0.5961295533591798,3.613573347767616,-0.07475896751485389,-0.27014701251830103,sentinel2_ndvi_mean_500m
Sri_Aurobindo_Marg,2024,8,20.26,0.4981443800582248,2024,27.70348187084814,0.6635924365181631,-7.443481870848139,-0.16544805645993832,1.2315096088266102,sentinel2_ndvi_mean_500m
Sri_Aurobindo_Marg,2024,11,167.2,0.7036893223875909,2024,192.0620370366327,0.6509273846810338,-24.8620370366327,0.052761937706557016,-1.3117692493849278,sentinel2_ndvi_mean_500m
Sri_Aurobindo_Marg,2024,12,142.29,0.4839923489535517,2024,153.55684378651645,0.6075715531156398,-11.26684378651646,-0.12357920416208812,1.3923475885562717,sentinel2_ndvi_mean_500m
Sri_Aurobindo_Marg,2025,1,115.34,0.5514089895730264,2025,161.14814854412998,0.5008413493150479,-45.80814854412998,0.05056764025797855,-2.316409976463609,sentinel2_ndvi_mean_500m
Sri_Aurobindo_Marg,2025,2,82.02,0.6334051022521597,2025,92.34882254355833,0.4581493536666956,-10.328822543558331,0.1752557485854641,-1.810185526877733,sentinel2_ndvi_mean_500m
Sri_Aurobindo_Marg,2025,8,20.02,0.4842739123488478,2025,25.669060385320286,0.5612044226253974,-5.649060385320286,-0.07693051027654957,0.43458509802573136,sentinel2_ndvi_mean_500m
Sri_Aurobindo_Marg,2025,9,26.29,0.5556928529535807,2025,29.337849633964957,0.620026933396902,-3.047849633964958,-0.06433408044332123,0.19608060353064877,sentinel2_ndvi_mean_500m
Sri_Aurobindo_Marg,2025,10,68.55,0.7272573935868577,2025,97.90828399485567,0.6808459021627012,-29.358283994855668,0.04641149142415646,-1.3625617458551937,sentinel2_ndvi_mean_500m
Vivek_Vihar,2023,1,200.67,0.2052417649860032,2023,116.29206463488137,0.19701222828674458,84.37793536511862,0.008229536699258605,0.6943913156949142,sentinel2_ndvi_mean_500m
Vivek_Vihar,2023,4,75.22,0.2444311406186281,2023,103.4468800591023,0.2291156062192862,-28.2268800591023,0.015315534399341912,-0.43230975253127957,sentinel2_ndvi_mean_500m
Vivek_Vihar,2023,7,23.02,0.2634784188579159,2023,37.256944846515935,0.21968199926366846,-14.236944846515936,0.04379641959424743,-0.6235272102381705,sentinel2_ndvi_mean_500m
Vivek_Vihar,2023,8,26.63,0.2276714546752038,2023,92.51993401297064,0.21130244242523413,-65.88993401297064,0.016369012249969672,-1.0785531370080097,sentinel2_ndvi_mean_500m
Vivek_Vihar,2023,9,29.05,0.3193827663729084,2023,39.58113541288138,0.23043468354455898,-10.53113541288138,0.08894808282834943,-0.9367243049815368,sentinel2_ndvi_mean_500m
Vivek_Vihar,2023,12,231.5,0.1627345248399842,2023,194.09923992934972,0.1822795448681204,37.40076007065028,-0.019545020028136184,-0.7309986046483757,sentinel2_ndvi_mean_500m
Vivek_Vihar,2024,1,247.67,0.1958899139287942,2024,205.02918539756027,0.16986246397451432,42.64081460243972,0.026027449954279885,1.1098316680747267,sentinel2_ndvi_mean_500m
Vivek_Vihar,2024,4,70.13,0.2640628695656874,2024,66.45670067402304,0.22419150904830157,3.6732993259769557,0.03987136051738585,0.14645944171429764,sentinel2_ndvi_mean_500m
Vivek_Vihar,2024,5,83.49,0.2202682585912,2024,68.92776840865616,0.23436691161258913,14.562231591343831,-0.01409865302138913,-0.20530785042346794,sentinel2_ndvi_mean_500m
Vivek_Vihar,2024,6,52.11,0.2243771556739239,2024,55.03270175288696,0.23254693224428533,-2.922701752886958,-0.008169776570361414,0.023877820302890106,sentinel2_ndvi_mean_500m
Vivek_Vihar,2024,7,39.43,0.2095970991432019,2024,42.1829808288419,0.24310370518646623,-2.752980828841899,-0.03350660604326433,0.09224304407666482,sentinel2_ndvi_mean_500m
Vivek_Vihar,2024,8,26.01,0.1705329525678869,2024,30.781494378108025,0.25526531907157823,-4.771494378108024,-0.08473236650369134,0.4043000104161519,sentinel2_ndvi_mean_500m
Vivek_Vihar,2024,11,301.83,0.3089557839801066,2024,231.98583717389766,0.2553027079675932,69.84416282610232,0.0536530760125134,3.7473541771392305,sentinel2_ndvi_mean_500m
Vivek_Vihar,2024,12,197.95,0.1753986100164627,2024,208.15773248559577,0.21451046514565306,-10.207732485595784,-0.039111855129190354,0.39924335417415246,sentinel2_ndvi_mean_500m
Vivek_Vihar,2025,3,75.82,0.2230180820600306,2025,74.56232965667526,0.23373272787074778,1.2576703433247332,-0.010714645810717183,-0.013475492275367594,sentinel2_ndvi_mean_500m
Vivek_Vihar,2025,4,72.14,0.2584479610624369,2025,69.67381561053742,0.23273756793100858,2.4661843894625832,0.02571039313142831,0.06340657018767452,sentinel2_ndvi_mean_500m
Vivek_Vihar,2025,5,66.02,0.2369057217152995,2025,59.321112656881816,0.23243408572487706,6.69888734311818,0.00447163599042244,0.029954985739272612,sentinel2_ndvi_mean_500m
Vivek_Vihar,2025,6,45.5,0.240163381687071,2025,39.42140621697487,0.2293434110514857,6.078593783025127,0.010819970635585291,0.06577020623798319,sentinel2_ndvi_mean_500m
Vivek_Vihar,2025,7,28.88,0.2479989318936229,2025,28.188815004572348,0.23503999370158982,0.6911849954276512,0.012958938192033087,0.008957023635007604,sentinel2_ndvi_mean_500m
Vivek_Vihar,2025,8,29.41,0.1992205080654829,2025,26.636396228468076,0.1652938325283576,2.773603771531924,0.03392667553712528,0.09409915522531054,sentinel2_ndvi_mean_500m
Vivek_Vihar,2025,9,35.76,0.1864945995310045,2025,28.033253928025925,0.2531866805249841,7.726746071974073,-0.06669208099397961,-0.5153127748520087,sentinel2_ndvi_mean_500m
Vivek_Vihar,2025,10,133.64,0.2783948974963127,2025,129.58946457181437,0.28881544194271236,4.050535428185611,-0.010420544446399671,-0.042208784461124686,sentinel2_ndvi_mean_500m
Vivek_Vihar,2025,11,269.57,0.3105145785175864,2025,203.9039960086407,0.23915683699748388,65.6660039913593,0.07135774152010252,4.685777739473438,sentinel2_ndvi_mean_500m
Vivek_Vihar,2025,12,261.27,0.2406251321408838,2025,205.90241955022617,0.18007025022938825,55.36758044977381,0.06055488191149555,3.3527772958612827,sentinel2_ndvi_mean_500m
Wazirpur,2023,1,201.52,0.1468555412138381,2023,112.46991397392053,0.16812047304579497,89.05008602607948,-0.02126493183195688,-1.8936440089744762,sentinel2_ndvi_mean_500m
Wazirpur,2023,2,136.98,0.1039996289574152,2023,141.12626729955736,0.20997600532722094,-4.1462672995573655,-0.10597637636980574,0.4394063838677094,sentinel2_ndvi_mean_500m
Wazirpur,2023,3,90.12,0.1689756628908503,2023,146.01016151194924,0.17592371909349078,-55.89016151194923,-0.006948056202640468,0.3883279833596764,sentinel2_ndvi_mean_500m
Wazirpur,2023,4,81.64,0.1725179756233581,2023,121.05439920925222,0.1623192008673192,-39.414399209252224,0.010198774756038892,-0.40197857967976086,sentinel2_ndvi_mean_500m
Wazirpur,2023,5,76.81,0.1800818270118541,2023,111.85316983117202,0.16778528198179804,-35.04316983117202,0.01229654503005606,-0.43090991582490884,sentinel2_ndvi_mean_500m
Wazirpur,2023,6,51.41,0.1895801094823811,2023,95.20474006970272,0.16991123847866463,-43.794740069702726,0.019668871003716476,-0.8613930930722761,sentinel2_ndvi_mean_500m
Wazirpur,2023,7,43.83,0.1776227070524743,2023,50.99939941824992,0.17052981097725495,-7.169399418249924,0.007092896075219346,-0.05085180499538475,sentinel2_ndvi_mean_500m
Wazirpur,2023,8,50.05,0.0287534364951645,2023,102.8159107708933,0.15723505392348602,-52.7659107708933,-0.12848161742832154,6.779449560922863,sentinel2_ndvi_mean_500m
Wazirpur,2023,9,53.42,0.1898648055977269,2023,114.60729572312279,0.20640928225570546,-61.18729572312279,-0.016544476657978563,1.0123117858560364,sentinel2_ndvi_mean_500m
Wazirpur,2023,10,127.24,0.1923078393044821,2023,118.39282842757471,0.18097711333818972,8.847171572425282,0.011330725966292365,0.1002448766639228,sentinel2_ndvi_mean_500m
Wazirpur,2024,1,249.13,0.1689082739091003,2024,202.32965913321917,0.12495975074420981,46.80034086678083,0.04394852316489048,2.0568058647084877,sentinel2_ndvi_mean_500m
Wazirpur,2024,2,126.73,0.0685809129002337,2024,135.48246396211243,0.1579702182561083,-8.75246396211243,-0.0893893053558746,0.782376673725556,sentinel2_ndvi_mean_500m
Wazirpur,2024,3,84.76,0.1589358176851722,2024,93.07525340550222,0.16230242796569358,-8.315253405502219,-0.003366610280521376,0.027994217600104152,sentinel2_ndvi_mean_500m
Wazirpur,2024,4,75.86,0.190239534382239,2024,90.05564654867187,0.14755131916115463,-14.195646548671874,0.042688215221084375,-0.6059868150721486,sentinel2_ndvi_mean_500m
Wazirpur,2024,5,97.41,0.1554118125450026,2024,88.54084763146017,0.15669777767824866,8.86915236853983,-0.001285965133246053,-0.01140542070738887,sentinel2_ndvi_mean_500m
Wazirpur,2024,6,59.47,0.1606907189220962,2024,64.56886479510759,0.15109538666658104,-5.098864795107588,0.009595332255515149,-0.04892530183500648,sentinel2_ndvi_mean_500m
Wazirpur,2024,12,220.52,0.1113083480509658,2024,200.8984773306946,0.1532915215425702,19.62152266930542,-0.041983173491604395,-0.8237737903948981,sentinel2_ndvi_mean_500m
Wazirpur,2025,1,221.92,0.1473939736711475,2025,208.80727498111844,0.12073936697560723,13.112725018881548,0.026654606695540276,0.3495145280850586,sentinel2_ndvi_mean_500m
Wazirpur,2025,2,122.69,0.1913391314161635,2025,137.53131519958222,0.09324688740079376,-14.841315199582226,0.09809224401536973,-1.4558179120664354,sentinel2_ndvi_mean_500m
Wazirpur,2025,3,89.17,0.1259632260842879,2025,83.61642604527495,0.17672603246098034,5.553573954725053,-0.05076280637669245,-0.28191499936235004,sentinel2_ndvi_mean_500m
Wazirpur,2025,6,62.48,0.1823448864938975,2025,52.02105517873694,0.15666924233379048,10.45894482126306,0.02567564416010701,0.26854014552094435,sentinel2_ndvi_mean_500m
Wazirpur,2025,7,39.5,0.1793727141514389,2025,42.1651246832672,0.15982439639034243,-2.6651246832672015,0.019548317761096473,-0.052098704181448845,sentinel2_ndvi_mean_500m
Wazirpur,2025,8,47.2,0.1217925168736756,2025,38.21471546481393,0.11414822749325315,8.985284535186075,0.007644289380422442,0.0686861151523969,sentinel2_ndvi_mean_500m
Wazirpur,2025,11,283.76,0.1877279155032879,2025,212.06861962454434,0.19234336498408755,71.69138037545565,-0.004615449480799644,-0.33088794433170654,sentinel2_ndvi_mean_500m
Wazirpur,2025,12,266.65,0.171498609994325,2025,211.24105889380695,0.12703995199652932,55.408941106193026,0.04445865799779569,2.463407162660239,sentinel2_ndvi_mean_500m
