station,year,month,pm25,lag_modis_ndvi_mean_1000m,time_holdout_year,y_prediction,t_prediction,y_residual,t_residual,orthogonal_score,treatment
Alipur,2023,1,155.76,0.3544476450276242,2023,103.53297814356712,0.41216999237224805,52.22702185643287,-0.05772234734462384,-3.014666296372279,modis_ndvi_mean_1000m
Alipur,2023,2,121.24,0.4651681698895027,2023,123.86130145438744,0.5106800152545515,-2.6213014543874493,-0.04551184536504882,0.11930026644725916,modis_ndvi_mean_1000m
Alipur,2023,3,80.09,0.5551840953038675,2023,141.10264218956348,0.4418661776168173,-61.01264218956348,0.11331791768705018,-6.9138255655064,modis_ndvi_mean_1000m
Alipur,2023,4,76.69,0.4279265607734807,2023,121.24548626316107,0.42506560412447036,-44.55548626316107,0.0028609566490103155,-0.12747131467447845,modis_ndvi_mean_1000m
Alipur,2023,5,67.45,0.3389225483425415,2023,112.7693223144515,0.3723069810614,-45.3193223144515,-0.03338443271885849,1.5129598666710684,modis_ndvi_mean_1000m
Alipur,2023,8,35.82,0.5399810013717422,2023,100.0925127079296,0.49903884612404315,-64.2725127079296,0.040942155247699064,-2.6314551934477644,modis_ndvi_mean_1000m
Alipur,2023,9,35.55,0.4855553660220995,2023,94.120412050108,0.4163907583094278,-58.570412050108004,0.06916460771267169,-4.050999573015259,modis_ndvi_mean_1000m
Alipur,2023,10,94.49,0.4650285428176796,2023,122.01642975098453,0.4461075406604492,-27.526429750984533,0.01892100215723036,-0.5208276366992283,modis_ndvi_mean_1000m
Alipur,2023,11,228.48,0.363643252762431,2023,180.76749897697482,0.4396103091078572,47.71250102302517,-0.07596705634542622,-3.624578253597359,modis_ndvi_mean_1000m
Alipur,2023,12,198.96,0.3436921270718232,2023,167.0617104029127,0.4154241116694961,31.898289597087313,-0.07173198459767294,-2.2881276180703782,modis_ndvi_mean_1000m
Alipur,2024,1,167.47,0.3430707976519337,2024,180.91351192337333,0.33881352412905297,-13.443511923373336,0.0042572735228807446,-0.057232707365908894,modis_ndvi_mean_1000m
Alipur,2024,4,65.78,0.4664494924033149,2024,95.07119983010999,0.4571637388582753,-29.29119983010999,0.009285753545039577,-0.2719908626609065,modis_ndvi_mean_1000m
Alipur,2024,7,38.88,0.2612823406646331,2024,26.346633694003405,0.37256637666069164,12.533366305996598,-0.11128403599605857,-1.394763587148313,modis_ndvi_mean_1000m
Alipur,2024,8,22.48,0.355399173661539,2024,29.690069732657975,0.4247379894544176,-7.210069732657974,-0.0693388157928786,0.4999376970465807,modis_ndvi_mean_1000m
Alipur,2024,9,41.13,0.6161135559921415,2024,47.56341792130087,0.43662225100911645,-6.433417921300865,0.179491304983025,-1.1547425781954723,modis_ndvi_mean_1000m
Alipur,2024,10,127.49,0.4979701035911602,2024,107.97011807621807,0.46676977635563005,19.519881923781924,0.031200327235530123,0.6090267036209053,modis_ndvi_mean_1000m
Alipur,2025,5,82.31,0.2781937638121547,2025,63.28541575890616,0.37593876162621476,19.02458424109384,-0.09774499781406004,-1.8595579450591186,modis_ndvi_mean_1000m
Alipur,2025,6,53.72,0.2912757044198895,2025,44.056720837547395,0.3454263004260224,9.663279162452604,-0.05415059600613292,-0.5232723260204535,modis_ndvi_mean_1000m
Alipur,2025,9,37.63,0.5597605931251405,2025,29.69807852556324,0.513716942144299,7.931921474436763,0.04604365098084151,0.3652146239764081,modis_ndvi_mean_1000m
Alipur,2025,10,102.63,0.4848987051104972,2025,117.87348282851424,0.49392410106769497,-15.243482828514246,-0.009025395957197757,0.1375784682940859,modis_ndvi_mean_1000m
Alipur,2025,11,230.41,0.3903522375690608,2025,187.3470221433008,0.38082005911622857,43.062977856699206,0.009532178452832218,0.4104839896404191,modis_ndvi_mean_1000m
Alipur,2025,12,199.32,0.2902265296961326,2025,177.24443210119512,0.3421826062388148,22.075567898804877,-0.051956076542682195,-1.146959895473484,modis_ndvi_mean_1000m
Anand_Vihar,2023,2,137.86,0.2087472360592224,2023,136.79521880031274,0.2730969504364174,1.0647811996872747,-0.064349714377195,-0.06851836607408315,modis_ndvi_mean_1000m
Anand_Vihar,2023,3,99.13,0.2470084578663345,2023,132.94626384651522,0.2614320348953236,-33.81626384651523,-0.014423577028989082,0.487751486422831,modis_ndvi_mean_1000m
Anand_Vihar,2023,4,91.27,0.2779735610619469,2023,116.39516878713161,0.26953043430827117,-25.125168787131614,0.008443126753675756,-0.21213498477724996,modis_ndvi_mean_1000m
Anand_Vihar,2023,5,82.1,0.2845188449701865,2023,109.71630446281104,0.27402366285451635,-27.616304462811044,0.010495182115670132,-0.2898381446989957,modis_ndvi_mean_1000m
Anand_Vihar,2023,6,55.56,0.3132034938425349,2023,93.18277211046737,0.27157912380042165,-37.622772110467366,0.04162437004211322,-1.5660241883361907,modis_ndvi_mean_1000m
Anand_Vihar,2023,7,37.66,0.2871761347765362,2023,45.06724507151144,0.31941207905043095,-7.40724507151144,-0.03223594427389476,0.23877953934832435,modis_ndvi_mean_1000m
Anand_Vihar,2023,10,132.38,0.3412141552511414,2023,117.8454049806715,0.3342098546189391,14.534595019328492,0.007004300632202309,0.10180467308268709,modis_ndvi_mean_1000m
Anand_Vihar,2023,11,280.67,0.3440850214473501,2023,179.1666137318884,0.2984755060905277,101.50338626811163,0.045609515356822394,4.629520254764913,modis_ndvi_mean_1000m
Anand_Vihar,2023,12,240.59,0.3149801678611844,2023,177.65819232801016,0.3062657045156112,62.931807671989844,0.008714463345573187,0.548416931228217,modis_ndvi_mean_1000m
Anand_Vihar,2024,1,252.19,0.2650279380111924,2024,226.2270276632177,0.2490030070563663,25.962972336782286,0.0160249309548261,0.41605483907899615,modis_ndvi_mean_1000m
Anand_Vihar,2024,2,121.33,0.1874190202231521,2024,140.6795238236186,0.24949613847935093,-19.34952382361861,-0.06207711825619883,1.201162678599909,modis_ndvi_mean_1000m
Anand_Vihar,2024,7,52.13,0.2046754132663736,2024,62.596693013517665,0.3288552992479005,-10.466693013517663,-0.12417988598152693,1.299752745022268,modis_ndvi_mean_1000m
Anand_Vihar,2024,8,44.31,0.5307794855826484,2024,39.13440269754239,0.3690300636267728,5.175597302457611,0.1617494219558756,0.8371498719489077,modis_ndvi_mean_1000m
Anand_Vihar,2024,9,88.87,0.4160601518026565,2024,65.29593320298515,0.3613271627734141,23.57406679701485,0.054732989029242396,1.2902791393756412,modis_ndvi_mean_1000m
Anand_Vihar,2024,10,151.28,0.3678808046215578,2024,142.5787896382688,0.3571294062377488,8.7012103617312,0.010751398383809008,0.09355017902029901,modis_ndvi_mean_1000m
Anand_Vihar,2024,11,313.15,0.2299499548192771,2024,257.49211663458226,0.34162113142836814,55.65788336541772,-0.11167117660909104,-6.215381322987752,modis_ndvi_mean_1000m
Anand_Vihar,2025,4,84.09,0.2563342249032551,2025,87.62877889423814,0.24651800467429127,-3.538778894238135,0.009816220228963807,-0.03473743296745055,modis_ndvi_mean_1000m
Anand_Vihar,2025,7,38.32,0.2621635294117647,2025,45.98765992737783,0.2548624838683178,-7.6676599273778265,0.007301045543446905,-0.0559819343414483,modis_ndvi_mean_1000m
Anand_Vihar,2025,8,51.59,0.3182169132602385,2025,40.13798831573459,0.4344900228330399,11.452011684265415,-0.1162731095728014,-1.3315610093935946,modis_ndvi_mean_1000m
Anand_Vihar,2025,9,59.58,0.550153931691819,2025,47.03248539954754,0.3950729671623617,12.547514600452459,0.15508096452945735,1.945880666685616,modis_ndvi_mean_1000m
Anand_Vihar,2025,12,276.49,0.276856697108067,2025,198.79016207056105,0.24039867816093458,77.69983792943896,0.03645801894713241,2.8327821634206027,modis_ndvi_mean_1000m
Ashok_Vihar,2023,3,68.72,0.250524157963898,2023,129.62735564057283,0.27851977665414707,-60.90735564057283,-0.02799561869024908,1.7051391039448685,modis_ndvi_mean_1000m
Ashok_Vihar,2023,6,30.12,0.3639035790856907,2023,81.012601891311,0.2920216799899681,-50.89260189131099,0.07188189909572262,-3.6582568738699988,modis_ndvi_mean_1000m
Ashok_Vihar,2023,7,25.47,0.30096852418861,2023,37.924933804338785,0.3367302221859512,-12.454933804338786,-0.035761697997341246,0.4454095812876402,modis_ndvi_mean_1000m
Ashok_Vihar,2023,8,25.52,0.4269923376029277,2023,94.59426248241373,0.40180525341204076,-69.07426248241373,0.025187084190886944,-1.739779264567978,modis_ndvi_mean_1000m
Ashok_Vihar,2023,9,34.96,0.3847246213431082,2023,100.27427751264294,0.40410275857595485,-65.31427751264295,-0.01937813723284665,1.2656690329042248,modis_ndvi_mean_1000m
Ashok_Vihar,2023,10,89.46,0.3509140016598659,2023,106.81356088456668,0.37444171665967874,-17.35356088456669,-0.02352771499981282,0.4082896347239848,modis_ndvi_mean_1000m
Ashok_Vihar,2023,11,236.55,0.3841587039214328,2023,186.2326063375828,0.3399780797324451,50.3173936624172,0.044180624188987716,2.2230538595686067,modis_ndvi_mean_1000m
Ashok_Vihar,2023,12,215.02,0.3325650459921158,2023,178.8872838935317,0.3316598235937903,36.13271610646831,0.000905222398325467,0.032708143931910474,modis_ndvi_mean_1000m
Ashok_Vihar,2024,1,184.78,0.2678000069161076,2024,197.66718724518623,0.2598882123958823,-12.887187245186226,0.007911794520225335,-0.10196077742758221,modis_ndvi_mean_1000m
Ashok_Vihar,2024,2,103.67,0.2144527699010996,2024,124.6129964423692,0.28541773379980045,-20.942996442369193,-0.07096496389870086,1.4862189864633502,modis_ndvi_mean_1000m
Ashok_Vihar,2024,7,42.25,0.2813133957845433,2024,29.490947515222274,0.3300370485653678,12.759052484777726,-0.04872365278082452,-0.6216676430806263,modis_ndvi_mean_1000m
Ashok_Vihar,2025,1,194.46,0.2732267376720382,2025,171.8126183804137,0.24018111187789531,22.647381619586298,0.033045625794142885,0.7483968982179985,modis_ndvi_mean_1000m
Ashok_Vihar,2025,2,114.75,0.3006842001521543,2025,118.19236297386796,0.23023583769524453,-3.442362973867958,0.07044836245690977,-0.24250883449129573,modis_ndvi_mean_1000m
Ashok_Vihar,2025,3,80.96,0.2674361712428246,2025,74.15424389816032,0.26427171443221914,6.805756101839677,0.003164456810605454,0.02153652124778619,modis_ndvi_mean_1000m
Ashok_Vihar,2025,6,53.18,0.3362288228784838,2025,35.6899738766384,0.2806486799119118,17.490026123361602,0.055580142966572044,0.9720981524255177,modis_ndvi_mean_1000m
Ashok_Vihar,2025,7,34.78,0.3261096216216216,2025,25.316745820322314,0.27382270012220156,9.463254179677687,0.05228692149942005,0.4948044284218659,modis_ndvi_mean_1000m
Ashok_Vihar,2025,10,129.19,0.3804511480738641,2025,110.78790822459206,0.4241280405080175,18.40209177540794,-0.0436768924341534,-0.8037461830379116,modis_ndvi_mean_1000m
Ashok_Vihar,2025,11,254.86,0.358309765543952,2025,184.76023237369034,0.2976913965231506,70.09976762630967,0.06061836902080142,4.249333582244068,modis_ndvi_mean_1000m
Ashok_Vihar,2025,12,250.23,0.3073008541392904,2025,183.8244927610857,0.2656385595605827,66.40550723891428,0.04166229457870774,2.766605804236156,modis_ndvi_mean_1000m
Aya_Nagar,2023,1,134.01,0.4981540347717671,2023,70.89691958609801,0.535375000543383,63.11308041390198,-0.03722096577161593,-2.3491298058270895,modis_ndvi_mean_1000m
Aya_Nagar,2023,2,68.95,0.3952206448708181,2023,81.28565662859448,0.5200072439825146,-12.335656628594478,-0.12478659911169654,1.5393246384919612,modis_ndvi_mean_1000m
Aya_Nagar,2023,3,61.87,0.427487597838886,2023,86.20214586382195,0.485986010716255,-24.332145863821957,-0.05849841287736901,1.4233919149342236,modis_ndvi_mean_1000m
Aya_Nagar,2023,4,53.12,0.4927297638013438,2023,75.15551083880358,0.47185177836743064,-22.03551083880358,0.02087798543391317,-0.460057074321377,modis_ndvi_mean_1000m
Aya_Nagar,2023,7,34.07,0.5107796702916119,2023,30.038403065141125,0.49943501720475314,4.031596934858875,0.011344653086858725,0.04573706861201691,modis_ndvi_mean_1000m
Aya_Nagar,2023,12,136.87,0.5122018979012262,2023,140.12434404564107,0.5489205915464351,-3.254344045641062,-0.036718693645208966,0.1194952620280041,modis_ndvi_mean_1000m
Aya_Nagar,2024,1,149.47,0.4541730207106741,2024,145.31577835768547,0.43944083219212565,4.154221642314525,0.014732188518548461,0.06120077638241157,modis_ndvi_mean_1000m
Aya_Nagar,2024,2,82.28,0.3535156646117613,2024,71.29785513473433,0.5025070556749497,10.982144865265667,-0.14899139106318837,-1.6362450403333832,modis_ndvi_mean_1000m
Aya_Nagar,2024,3,79.15,0.3498285897347094,2024,62.05120697074457,0.4521676839197674,17.098793029255432,-0.10233909418505799,-1.7498749902717847,modis_ndvi_mean_1000m
Aya_Nagar,2024,4,72.71,0.3412302729098844,2024,58.620992846916614,0.45804430708726485,14.08900715308338,-0.11681403417738045,-1.6457937631056396,modis_ndvi_mean_1000m
Aya_Nagar,2024,10,97.79,0.6467468310590843,2024,78.54709798523264,0.6031787573754039,19.242902014767367,0.04356807368368032,0.8383761728672251,modis_ndvi_mean_1000m
Aya_Nagar,2024,11,222.58,0.5390129424395649,2024,176.34153561875704,0.5729321537310568,46.23846438124298,-0.03391921129149189,-1.5683722431415024,modis_ndvi_mean_1000m
Aya_Nagar,2024,12,130.38,0.475476668665924,2024,131.7627033652876,0.5585083294409087,-1.3827033652875969,-0.0830316607749847,0.11480815677898949,modis_ndvi_mean_1000m
Aya_Nagar,2025,1,110.32,0.4708247038858488,2025,127.94065578223211,0.43736257262867634,-17.62065578223212,0.033462131257172456,-0.589624696622506,modis_ndvi_mean_1000m
Aya_Nagar,2025,2,75.08,0.4573116575465817,2025,87.19182264388053,0.39287505028942965,-12.11182264388053,0.06443660725715206,-0.7804447588720107,modis_ndvi_mean_1000m
Aya_Nagar,2025,3,56.26,0.4475056140472397,2025,66.61631833427894,0.39292902953716896,-10.356318334278946,0.05457658451007075,-0.56521248278397,modis_ndvi_mean_1000m
Aya_Nagar,2025,4,70.94,0.4479400637251506,2025,60.523560920965224,0.3823864946442999,10.416439079034774,0.0655535690808507,0.6828347587439788,modis_ndvi_mean_1000m
Aya_Nagar,2025,5,70.17,0.3671768061231558,2025,52.7189927247575,0.3939205867170001,17.451007275242503,-0.026743780593844302,-0.46670590971066617,modis_ndvi_mean_1000m
Aya_Nagar,2025,6,46.21,0.5025116194500244,2025,36.578112441951916,0.4219937355696642,9.631887558048085,0.08051788388036024,0.7755392039476022,modis_ndvi_mean_1000m
Aya_Nagar,2025,9,28.36,0.6493337765957446,2025,28.679834126568444,0.5857726677743333,-0.3198341265684448,0.0635611088214113,-0.020329011723617955,modis_ndvi_mean_1000m
Aya_Nagar,2025,10,90.77,0.6941188023827667,2025,100.7029794568924,0.5833000317348709,-9.932979456892397,0.1108187706478958,-1.1007605722836191,modis_ndvi_mean_1000m
Aya_Nagar,2025,11,171.86,0.5888357969107155,2025,143.13915743466396,0.5459525144286932,28.720842565336056,0.042883282482022334,1.2316440048509971,modis_ndvi_mean_1000m
Bawana,2023,7,38.23,0.3066764736369291,2023,46.585591830085505,0.2904752979678365,-8.355591830085508,0.016201175669092627,-0.13537041105845046,modis_ndvi_mean_1000m
Bawana,2023,8,41.87,0.3592584086799276,2023,110.5373316168027,0.4256050746367179,-68.6673316168027,-0.06634666595679029,4.555848512924153,modis_ndvi_mean_1000m
Bawana,2023,11,307.15,0.3323783774445443,2023,189.34508597674292,0.36798410372589374,117.80491402325706,-0.03560572628134945,-4.1945295233099955,modis_ndvi_mean_1000m
Bawana,2023,12,226.35,0.2880110047681571,2023,174.8752352832769,0.32186207063941613,51.47476471672309,-0.03385106587125902,-1.742475651133353,modis_ndvi_mean_1000m
Bawana,2024,3,103.35,0.3516900490636444,2024,102.68263584074711,0.353133782952291,0.6673641592528838,-0.0014437338886465478,-0.0009634962527815,modis_ndvi_mean_1000m
Bawana,2024,4,93.35,0.3150664777831526,2024,106.53210116440158,0.30796582832834396,-13.182101164401587,0.00710064945480865,-0.09360147944624059,modis_ndvi_mean_1000m
Bawana,2024,5,109.17,0.2479956222790408,2024,100.76828212989163,0.24930108219125421,8.40171787010837,-0.0013054599122134247,-0.010968105873153635,modis_ndvi_mean_1000m
Bawana,2024,6,67.34,0.2323247184023219,2024,71.05041569838241,0.2505110373913839,-3.7104156983824055,-0.018186318989062006,0.0674788034728057,modis_ndvi_mean_1000m
Bawana,2024,7,42.37,0.2555679669684196,2024,37.95110048468289,0.3071238603582751,4.418899515317108,-0.0515558933898555,-0.22782031231217295,modis_ndvi_mean_1000m
Bawana,2024,8,33.28,0.5016160109289619,2024,37.25979884091302,0.39249215072351396,-3.97979884091302,0.10912386020544795,-0.4342910123615962,modis_ndvi_mean_1000m
Bawana,2024,9,52.26,0.5165930494263017,2024,73.5526379781121,0.38455040512828675,-21.292637978112104,0.13204264429801493,-2.8115362227102603,modis_ndvi_mean_1000m
Bawana,2024,10,141.36,0.3913174175938085,2024,138.1830382068179,0.38797828778565213,3.1769617931821017,0.0033391298081563714,0.010608287822988272,modis_ndvi_mean_1000m
Bawana,2024,11,306.53,0.2852090111256997,2024,262.34285808470196,0.34262416952178865,44.187141915298014,-0.05741515839608896,-2.537011752137297,modis_ndvi_mean_1000m
Bawana,2024,12,218.27,0.2582911216805391,2024,188.93576811372623,0.2899537326589765,29.334231886273784,-0.03166261097843742,-0.9287983725663614,modis_ndvi_mean_1000m
Bawana,2025,1,199.48,0.2714065924953355,2025,192.1424028517167,0.28346278628093363,7.337597148283294,-0.012056193785598135,-0.08846349314035565,modis_ndvi_mean_1000m
Bawana,2025,2,123.94,0.3498421981894826,2025,130.13650095704264,0.29701983179019914,-6.196500957042645,0.05282236639928345,-0.3273138439464171,modis_ndvi_mean_1000m
Bawana,2025,5,79.29,0.2241084168336673,2025,74.05736416173002,0.27056703615294686,5.232635838269985,-0.046458619319279554,-0.2431010364466045,modis_ndvi_mean_1000m
Bawana,2025,6,58.55,0.2830734538041601,2025,50.17333058411345,0.2688928837780318,8.376669415886546,0.014180570026128325,0.11878594723770662,modis_ndvi_mean_1000m
Bawana,2025,7,32.88,0.2795421340189619,2025,35.23181368474332,0.2990145868068853,-2.3518136847433198,-0.019472452787923422,0.045795580942156515,modis_ndvi_mean_1000m
Bawana,2025,8,38.36,0.4258540993669457,2025,32.901139338113104,0.48498939888902964,5.458860661886895,-0.05913529952208396,-0.32281136029000307,modis_ndvi_mean_1000m
Bawana,2025,9,48.78,0.4201010593941457,2025,35.437341180649646,0.44964054784702084,13.342658819350355,-0.02953948845287513,-0.3941353161248523,modis_ndvi_mean_1000m
Bawana,2025,10,145.37,0.3714167023702578,2025,138.63009937296593,0.42878071762788245,6.739900627034075,-0.057364015257624634,-0.3866277624040565,modis_ndvi_mean_1000m
Burari_Crossing,2023,1,158.45,0.3167857824163673,2023,107.52443945301664,0.36077282490209556,50.92556054698335,-0.04398704248572827,-2.2400647953896837,modis_ndvi_mean_1000m
Burari_Crossing,2023,2,108.88,0.2838513823610727,2023,136.70389129548693,0.35926769284973487,-27.82389129548693,-0.07541631048866215,2.0983752249432266,modis_ndvi_mean_1000m
Burari_Crossing,2023,3,68.33,0.3395388858169755,2023,149.40660212711944,0.3452026517008639,-81.07660212711944,-0.005663765883888394,0.45919889310917233,modis_ndvi_mean_1000m
Burari_Crossing,2023,4,71.08,0.3822977260160354,2023,117.40026176006992,0.34323023934273195,-46.320261760069926,0.03906748667330345,-1.8096162090154593,modis_ndvi_mean_1000m
Burari_Crossing,2023,5,52.23,0.3683793855405032,2023,106.12444910523186,0.3338182455065917,-53.894449105231864,0.034561140033911475,-1.8626536025764335,modis_ndvi_mean_1000m
Burari_Crossing,2023,6,37.72,0.4259523327343104,2023,84.55521507143224,0.31574240149347094,-46.835215071432245,0.11020993124083944,-5.1617058326724745,modis_ndvi_mean_1000m
Burari_Crossing,2023,9,39.19,0.421489964058612,2023,93.3907496257443,0.4158258385818899,-54.20074962574431,0.005664125476722126,-0.30699984681261555,modis_ndvi_mean_1000m
Burari_Crossing,2023,12,206.2,0.3731167576721039,2023,171.77401997190748,0.3697712966602896,34.42598002809251,0.0033454610118143213,0.11517077397748199,modis_ndvi_mean_1000m
Burari_Crossing,2024,3,74.58,0.3458368260989771,2024,69.80605380356153,0.3408566649860606,4.773946196438473,0.0049801611129164924,0.02377502120265848,modis_ndvi_mean_1000m
Burari_Crossing,2024,4,81.91,0.3616264929499586,2024,81.5400376632836,0.3404269277798303,0.369962336716398,0.021199565170128276,0.007843040667712221,modis_ndvi_mean_1000m
Burari_Crossing,2024,5,92.7,0.3262956490185237,2024,80.97499031107454,0.31320615378998884,11.725009688925468,0.013089495228534864,0.15347445837771495,modis_ndvi_mean_1000m
Burari_Crossing,2024,10,136.66,0.5053242742604369,2024,148.01389708539597,0.42398373238706166,-11.353897085395971,0.08134054187337525,-0.9235321413006442,modis_ndvi_mean_1000m
Burari_Crossing,2024,11,249.52,0.3678729402820015,2024,250.73645357140194,0.3899033685493609,-1.216453571401928,-0.022030428267359403,0.026798993145343335,modis_ndvi_mean_1000m
Burari_Crossing,2024,12,189.29,0.316972003827446,2024,172.0852881802259,0.35139217182372245,17.204711819774104,-0.03442016799627645,-0.5921890711641478,modis_ndvi_mean_1000m
Burari_Crossing,2025,1,151.23,0.320627878766934,2025,169.50097652166065,0.3169538264696018,-18.270976521660657,0.0036740522973321976,-0.06712852326390999,modis_ndvi_mean_1000m
Burari_Crossing,2025,2,80.19,0.3521098907934752,2025,120.46566282663797,0.310752980668558,-40.27566282663797,0.04135691012491721,-1.6656769677427357,modis_ndvi_mean_1000m
Burari_Crossing,2025,3,68.4,0.3570501002211779,2025,74.29826997089441,0.3379227594088868,-5.898269970894404,0.019127340812291116,-0.11281821993619967,modis_ndvi_mean_1000m
Burari_Crossing,2025,4,66.52,0.3998399087641694,2025,71.80233832846588,0.34500786690281954,-5.282338328465883,0.05483204186134988,-0.2896413963522542,modis_ndvi_mean_1000m
Burari_Crossing,2025,5,64.35,0.332070058059165,2025,59.345956316436386,0.35039271043661047,5.004043683563609,-0.01832265237744546,-0.09168735289548768,modis_ndvi_mean_1000m
Burari_Crossing,2025,6,44.07,0.3765418267901576,2025,43.75305933196516,0.3608640898361412,0.3169406680348388,0.015677736954016364,0.004968912423480425,modis_ndvi_mean_1000m
Burari_Crossing,2025,9,29.48,0.6458307692307692,2025,32.75512163625396,0.45478332364093005,-3.27512163625396,0.19104744558983916,-0.6257036226023335,modis_ndvi_mean_1000m
Burari_Crossing,2025,10,120.25,0.4137993813934199,2025,144.24313110542414,0.4797039795485872,-23.99313110542414,-0.0659045981551673,1.5812576639872231,modis_ndvi_mean_1000m
Burari_Crossing,2025,11,246.14,0.3864709869646182,2025,184.26931408923772,0.38529074721720347,61.87068591076226,0.001180239747414713,0.0730222427116931,modis_ndvi_mean_1000m
Chandni_Chowk,2023,1,109.43,0.2006740402573147,2023,90.02358463043916,0.25003395342263257,19.406415369560847,-0.049359913165317876,-0.9578989774916136,modis_ndvi_mean_1000m
Chandni_Chowk,2023,2,75.04,0.1481838188824662,2023,114.51219610947619,0.23170787082407288,-39.47219610947619,-0.08352405194160667,3.2968777580971738,modis_ndvi_mean_1000m
Chandni_Chowk,2023,3,50.86,0.1912780793245352,2023,106.80372569843738,0.23153231638390356,-55.943725698437376,-0.04025423705936837,2.2519719962491767,modis_ndvi_mean_1000m
Chandni_Chowk,2023,4,26.19,0.2265867384144906,2023,93.75034089064154,0.23755644678564786,-67.56034089064154,-0.010969708371157266,0.741117237026309,modis_ndvi_mean_1000m
Chandni_Chowk,2023,5,26.62,0.2793589485458613,2023,89.462525012482,0.24103521827005991,-62.842525012482,0.03832373027580138,-2.408359978428662,modis_ndvi_mean_1000m
Chandni_Chowk,2024,4,96.29,0.1914038379073756,2024,37.207586644787234,0.22675110131052892,59.08241335521277,-0.035347263403153306,-2.0884016273606885,modis_ndvi_mean_1000m
Chandni_Chowk,2024,5,137.05,0.2111152538256012,2024,43.274163062253315,0.22981121354999992,93.7758369377467,-0.01869595972439872,-1.7532292705098942,modis_ndvi_mean_1000m
Chandni_Chowk,2024,6,151.7,0.2253139355362946,2024,37.804541435416446,0.24048643584262147,113.89545856458355,-0.015172500306326858,-1.728078879960382,modis_ndvi_mean_1000m
Chandni_Chowk,2025,1,126.99,0.1275300581033409,2025,131.55465426222582,0.19684006447189129,-4.5646542622258295,-0.06931000636855039,0.31637621598510296,modis_ndvi_mean_1000m
Chandni_Chowk,2025,4,85.8,0.2219294850821842,2025,70.35912451875078,0.22335483370834022,15.440875481249222,-0.0014253486261560089,-0.02200863065384458,modis_ndvi_mean_1000m
Chandni_Chowk,2025,5,58.34,0.1726917778263721,2025,55.930677293825006,0.22525443850943921,2.409322706174997,-0.052562660683067114,-0.1266404118806854,modis_ndvi_mean_1000m
Chandni_Chowk,2025,6,56.72,0.2581884042725359,2025,36.42114613490732,0.25612944440683305,20.29885386509268,0.0020589598657028696,0.041794525427993404,modis_ndvi_mean_1000m
Chandni_Chowk,2025,7,40.94,0.260968263814525,2025,24.615445550887358,0.22995696311728317,16.32455444911264,0.03101130069724181,0.5062456667699287,modis_ndvi_mean_1000m
Chandni_Chowk,2025,8,35.07,0.3931279699962601,2025,23.75160491408073,0.3205620412393734,11.31839508591927,0.07256592875688672,0.8213298514471146,modis_ndvi_mean_1000m
Chandni_Chowk,2025,9,40.3,0.2255529761904762,2025,33.14989203735238,0.316612229830261,7.150107962647617,-0.09105925363978479,-0.6510834945225742,modis_ndvi_mean_1000m
Chandni_Chowk,2025,10,103.11,0.2667661479054528,2025,101.85287318590908,0.3379587891456354,1.257126814090924,-0.0711926412401826,-0.08949817826898887,modis_ndvi_mean_1000m
Chandni_Chowk,2025,11,220.37,0.2339095330396476,2025,148.53823326447744,0.2212828152325303,71.83176673552256,0.0126267178071173,0.9069994481561188,modis_ndvi_mean_1000m
Chandni_Chowk,2025,12,228.51,0.1308576130421409,2025,147.90513672592897,0.2118069656872719,80.60486327407102,-0.08094935264513098,-6.524911502085342,modis_ndvi_mean_1000m
DTU,2023,9,32.53,0.4314597042769295,2023,109.22534391910503,0.4092964158554994,-76.69534391910503,0.02216328842143006,-1.6998210278598969,modis_ndvi_mean_1000m
DTU,2023,10,74.18,0.4178431562219306,2023,129.25514778355236,0.38599462232999776,-55.07514778355235,0.03184853389193282,-1.7540627107876756,modis_ndvi_mean_1000m
DTU,2023,11,127.74,0.3899214951979548,2023,163.72901737796317,0.38392623184318847,-35.98901737796318,0.005995263354766356,-0.21576363706015222,modis_ndvi_mean_1000m
DTU,2023,12,106.88,0.311682007876736,2023,143.09867368317717,0.32103904220547025,-36.21867368317717,-0.009357034328734248,0.3388993729947125,modis_ndvi_mean_1000m
DTU,2024,1,92.64,0.312329074828992,2024,119.34367379045496,0.2738510739124032,-26.703673790454957,0.03847800091658882,-1.0275039845854146,modis_ndvi_mean_1000m
DTU,2024,2,58.56,0.2582322158050429,2024,110.07550886612489,0.3013636712623308,-51.51550886612489,-0.043131455457287915,2.221938876018786,modis_ndvi_mean_1000m
DTU,2024,3,70.82,0.2951934291439231,2024,86.55814975813172,0.3144609052178016,-15.738149758131726,-0.01926747607387852,0.30323442391192007,modis_ndvi_mean_1000m
DTU,2024,4,84.4,0.284329492848753,2024,100.96120212606341,0.30237820939724525,-16.561202126063407,-0.018048716548492272,0.29890844287560603,modis_ndvi_mean_1000m
DTU,2024,5,120.3,0.2659356802321564,2024,105.41889473378652,0.2641637685700551,14.881105266213481,0.001771911662101333,0.026368003966161232,modis_ndvi_mean_1000m
DTU,2024,8,15.84,0.4591262540021346,2024,30.399733732205217,0.4181877712877992,-14.559733732205217,0.04093848271433537,-0.5960534077212088,modis_ndvi_mean_1000m
DTU,2024,9,25.84,0.5478996748163315,2024,28.57460773007078,0.4127263676168055,-2.734607730070781,0.13517330719952603,-0.36964597076705624,modis_ndvi_mean_1000m
DTU,2024,10,67.87,0.4205225937953431,2024,92.76867587100035,0.42013159260383914,-24.89867587100035,0.00039100119150398127,-0.009735411932432566,modis_ndvi_mean_1000m
DTU,2024,11,137.16,0.3107886098251918,2024,166.54890499199024,0.39333741601715166,-29.388904991990245,-0.08254880619195987,2.4260190223777247,modis_ndvi_mean_1000m
DTU,2024,12,82.29,0.2556263525184827,2024,116.3021205724729,0.30718759655255923,-34.012120572472895,-0.051561244034076525,1.7537072489537096,modis_ndvi_mean_1000m
DTU,2025,1,81.11,0.2835601879361571,2025,94.90919225287091,0.2773187535456606,-13.79919225287091,0.006241434390496514,-0.08612675308814156,modis_ndvi_mean_1000m
DTU,2025,2,53.88,0.3454946279278656,2025,92.64210613909012,0.2703689374743468,-38.762106139090115,0.0751256904535188,-2.912029987131725,modis_ndvi_mean_1000m
DTU,2025,3,43.89,0.3231060319215091,2025,75.97818900498781,0.30410091154186436,-32.08818900498781,0.019005120379644747,-0.6098398948045863,modis_ndvi_mean_1000m
DTU,2025,8,26.51,0.4311119962715302,2025,18.888119915347406,0.5053412987158309,7.621880084652595,-0.0742293024443007,-0.5657668419978698,modis_ndvi_mean_1000m
DTU,2025,9,21.35,0.4547790050590221,2025,25.11459039609094,0.44879264092973264,-3.764590396090938,0.005986364129289434,-0.022536208908626294,modis_ndvi_mean_1000m
DTU,2025,10,59.39,0.4035722655980102,2025,79.75550767308462,0.46113189807452226,-20.365507673084622,-0.05755963247651208,1.1722311368603375,modis_ndvi_mean_1000m
Dr._Karni_Singh_Shooting_Range,2023,1,184.56,0.5160814812248856,2023,90.64512111133469,0.5370490620392913,93.91487888866531,-0.02096758081440564,-1.9691678127732082,modis_ndvi_mean_1000m
Dr._Karni_Singh_Shooting_Range,2023,2,106.42,0.4018751454898156,2023,102.59255935320328,0.5646276167109249,3.827440646796717,-0.16275247122110925,-0.6229254237182864,modis_ndvi_mean_1000m
Dr._Karni_Singh_Shooting_Range,2023,3,67.95,0.4429939864209505,2023,99.7787735253403,0.5482933460778097,-31.828773525340296,-0.10529935965685916,3.3515494708815248,modis_ndvi_mean_1000m
Dr._Karni_Singh_Shooting_Range,2023,4,57.1,0.4915789732575863,2023,82.59294674469274,0.5204104319063533,-25.492946744692738,-0.02883145864876696,0.734998839904827,modis_ndvi_mean_1000m
Dr._Karni_Singh_Shooting_Range,2023,5,55.54,0.4835828876264376,2023,77.60380862553113,0.4841717869277675,-22.06380862553113,-0.0005888993013299371,0.012993361484252721,modis_ndvi_mean_1000m
Dr._Karni_Singh_Shooting_Range,2023,6,35.74,0.512620520992102,2023,73.87085216915779,0.5032720265545877,-38.130852169157784,0.009348494437514288,-0.35646605940105114,modis_ndvi_mean_1000m
Dr._Karni_Singh_Shooting_Range,2023,9,36.47,0.6427886795067203,2023,77.25410703838635,0.599770281097214,-40.78410703838635,0.043018398409506275,-1.7544669653532532,modis_ndvi_mean_1000m
Dr._Karni_Singh_Shooting_Range,2023,10,93.72,0.6686165650547321,2023,85.43147524266503,0.6262550567518514,8.288524757334969,0.04236150830288066,0.35111441032647717,modis_ndvi_mean_1000m
Dr._Karni_Singh_Shooting_Range,2023,11,248.31,0.6671503810447552,2023,154.96872384809072,0.6387904570372676,93.34127615190928,0.028359924007487658,2.6471514984300675,modis_ndvi_mean_1000m
Dr._Karni_Singh_Shooting_Range,2023,12,203.39,0.5927928917832893,2023,159.53981159492798,0.5584811604531046,43.850188405072004,0.034311731330184725,1.504575883332812,modis_ndvi_mean_1000m
Dr._Karni_Singh_Shooting_Range,2024,3,67.26,0.3744161181931549,2024,71.91816258949783,0.4471436072645063,-4.65816258949782,-0.0727274890713514,0.3387764688202807,modis_ndvi_mean_1000m
Dr._Karni_Singh_Shooting_Range,2024,4,56.27,0.4163418248579739,2024,62.23717491360474,0.47791630208532215,-5.967174913604737,-0.06157447722734827,0.36742567582935876,modis_ndvi_mean_1000m
Dr._Karni_Singh_Shooting_Range,2024,5,81.18,0.3761123042815574,2024,63.10431958565869,0.4528773441598207,18.075680414341313,-0.07676503987826333,-1.3875803278336543,modis_ndvi_mean_1000m
Dr._Karni_Singh_Shooting_Range,2024,6,51.54,0.2947953200775944,2024,54.7344630556169,0.4900115961479467,-3.1944630556169002,-0.1952162760703523,0.6236111817618499,modis_ndvi_mean_1000m
Dr._Karni_Singh_Shooting_Range,2024,7,42.02,0.3109963816025871,2024,30.525295133992312,0.5425450596745435,11.494704866007691,-0.2315486780719564,-2.6615837165513656,modis_ndvi_mean_1000m
Dr._Karni_Singh_Shooting_Range,2024,8,26.59,0.7457825043757291,2024,28.799325221518387,0.6175524642010515,-2.2093252215183874,0.12823004017467765,-0.2833018619142314,modis_ndvi_mean_1000m
Dr._Karni_Singh_Shooting_Range,2024,9,41.36,0.7463280932264069,2024,46.13734490937169,0.6314431516841431,-4.777344909371692,0.11488494154226381,-0.5488449906403984,modis_ndvi_mean_1000m
Dr._Karni_Singh_Shooting_Range,2024,10,107.81,0.7011060828599137,2024,85.34416863059955,0.6519223000985112,22.465831369400448,0.04918378276140256,1.1049545696268945,modis_ndvi_mean_1000m
Dr._Karni_Singh_Shooting_Range,2024,11,244.7,0.5553726271303865,2024,202.73278498567538,0.640663278066663,41.96721501432461,-0.08529065093627652,-3.5794110865544235,modis_ndvi_mean_1000m
Dr._Karni_Singh_Shooting_Range,2024,12,174.58,0.4696528612997089,2024,172.42734039918327,0.6121254190364204,2.1526596008167473,-0.14247255773671147,-0.3066949192648503,modis_ndvi_mean_1000m
Dr._Karni_Singh_Shooting_Range,2025,5,57.18,0.3280153145351254,2025,54.80642705104174,0.3992991449325012,2.3735729489582624,-0.07128383039737579,-0.1691973715293399,modis_ndvi_mean_1000m
Dr._Karni_Singh_Shooting_Range,2025,6,39.99,0.4879404946653732,2025,41.054210706673246,0.4268885503611494,-1.0642107066732436,0.06105194430422378,-0.0649721327917735,modis_ndvi_mean_1000m
Dwarka-Sector_8,2023,1,203.43,0.2925784769358637,2023,90.29767224681781,0.32104683247438454,113.1323277531822,-0.02846835553852084,-3.2206913293780595,modis_ndvi_mean_1000m
Dwarka-Sector_8,2023,2,120.48,0.3044548811061309,2023,113.65812446831472,0.3135262116483463,6.821875531685279,-0.009071330542215428,-0.061883487865768784,modis_ndvi_mean_1000m
Dwarka-Sector_8,2023,3,72.93,0.2801467827954011,2023,112.07727952703361,0.2948602274839616,-39.147279527033604,-0.014713444688560506,0.5759913320286261,modis_ndvi_mean_1000m
Dwarka-Sector_8,2023,4,73.0,0.3037142748303089,2023,97.90555384253534,0.30608177519623264,-24.90555384253534,-0.002367500365923758,0.05896390783573628,modis_ndvi_mean_1000m
Dwarka-Sector_8,2023,8,32.62,0.4285942142948472,2023,90.24414893501196,0.34846276754833383,-57.624148935011966,0.08013144674651335,-4.6175064216990656,modis_ndvi_mean_1000m
Dwarka-Sector_8,2023,9,36.05,0.4197070681534841,2023,93.98482685535723,0.40910991069020425,-57.93482685535723,0.010597157463279827,-0.6139444827940734,modis_ndvi_mean_1000m
Dwarka-Sector_8,2023,10,109.28,0.4078870168998477,2023,98.84582132157357,0.3843342450295558,10.434178678426434,0.023552771870291866,0.2457538300668413,modis_ndvi_mean_1000m
Dwarka-Sector_8,2023,11,268.32,0.4212855173846796,2023,166.46360680018674,0.36694888829346284,101.85639319981325,0.05433662909121678,5.534533057867388,modis_ndvi_mean_1000m
Dwarka-Sector_8,2024,4,73.79,0.2631866255714089,2024,67.20044750028764,0.28990349789865194,6.589552499712369,-0.026716872327243013,-0.1760522328284804,modis_ndvi_mean_1000m
Dwarka-Sector_8,2024,5,87.22,0.3171514233273307,2024,67.66956186504001,0.2829343075014068,19.55043813495999,0.034217115825923905,0.6689596061114856,modis_ndvi_mean_1000m
Dwarka-Sector_8,2024,6,52.17,0.2776789652306414,2024,54.08058917893396,0.28985406871300123,-1.9105891789339609,-0.01217510348235984,0.023261620965797893,modis_ndvi_mean_1000m
Dwarka-Sector_8,2024,11,266.08,0.3366075322066769,2024,235.9091309318486,0.4079515850090178,30.170869068151376,-0.07134405280234091,-2.152512075890706,modis_ndvi_mean_1000m
Dwarka-Sector_8,2024,12,186.31,0.3038348109156392,2024,203.35234164223505,0.33836268538421654,-17.042341642235044,-0.03452787446857736,0.5884358328737,modis_ndvi_mean_1000m
Dwarka-Sector_8,2025,3,80.17,0.3209647146419173,2025,77.0221440372957,0.2927632552261918,3.1478559627042983,0.028201459415725494,0.08877413217875478,modis_ndvi_mean_1000m
Dwarka-Sector_8,2025,4,80.54,0.3330666435794432,2025,69.54905172327095,0.28620082927014706,10.990948276729057,0.04686581430929615,0.5150997410202625,modis_ndvi_mean_1000m
Dwarka-Sector_8,2025,5,69.62,0.2784864351018147,2025,61.00903708381216,0.29730837097111185,8.610962916187844,-0.018821935869297146,-0.16207499178138354,modis_ndvi_mean_1000m
Dwarka-Sector_8,2025,6,50.15,0.360776641501593,2025,43.36496131062765,0.3140334155743023,6.7850386893723496,0.04674322592729069,0.31715459638274,modis_ndvi_mean_1000m
Dwarka-Sector_8,2025,7,31.75,0.358586596567561,2025,33.24477819532219,0.30927200452590325,-1.4947781953221906,0.04931459204165772,-0.07371437689507919,modis_ndvi_mean_1000m
Dwarka-Sector_8,2025,10,111.18,0.4702452659648152,2025,118.95658007526366,0.45126323313720007,-7.776580075263652,0.018982032827615125,-0.14761529827523234,modis_ndvi_mean_1000m
Dwarka-Sector_8,2025,11,217.54,0.3863790067876437,2025,197.68107018154186,0.35589415544439457,19.858929818458137,0.03048485134324913,0.6053965233517138,modis_ndvi_mean_1000m
Dwarka-Sector_8,2025,12,223.03,0.3513603892505887,2025,190.4743488026606,0.3196250408939179,32.555651197339415,0.0317353483566708,1.0331649317258331,modis_ndvi_mean_1000m
IGI_Airport_(T3),2023,1,141.36,0.255934928709856,2023,80.0442899279436,0.27063176920124266,61.31571007205642,-0.014696840491386642,-0.9011472105451226,modis_ndvi_mean_1000m
IGI_Airport_(T3),2023,6,33.94,0.2378201031284604,2023,70.32534601295558,0.22243730326779418,-36.38534601295558,0.015382799860666208,-0.5597084955783849,modis_ndvi_mean_1000m
IGI_Airport_(T3),2023,9,37.98,0.3150543594231891,2023,72.18560867010216,0.36011509001140957,-34.20560867010216,-0.045060730588220466,1.5413297168895714,modis_ndvi_mean_1000m
IGI_Airport_(T3),2023,10,96.78,0.2745341085271318,2023,83.0334784230304,0.3853883028004527,13.746521576969599,-0.11085419427332094,-1.523859573475786,modis_ndvi_mean_1000m
IGI_Airport_(T3),2023,11,243.72,0.290189126522702,2023,150.6301310310053,0.3881630545201902,93.0898689689947,-0.09797392799748816,-9.120380119663894,modis_ndvi_mean_1000m
IGI_Airport_(T3),2023,12,174.17,0.1739547030730897,2023,150.48026985378465,0.2698866838241822,23.68973014621534,-0.0959319807510925,-2.2726027363853056,modis_ndvi_mean_1000m
IGI_Airport_(T3),2024,1,181.72,0.219969578313253,2024,159.438078883645,0.21806014637340437,22.281921116354994,0.0019094319398486326,0.04254581186075593,modis_ndvi_mean_1000m
IGI_Airport_(T3),2024,2,89.57,0.2548012288786483,2024,80.3444600821586,0.24955418718556158,9.225539917841388,0.005247041693086735,0.04840679259014973,modis_ndvi_mean_1000m
IGI_Airport_(T3),2024,3,65.6,0.158897601744186,2024,69.88054369960768,0.23181807698098864,-4.280543699607691,-0.07292047523680265,0.3121392808472942,modis_ndvi_mean_1000m
IGI_Airport_(T3),2024,4,60.02,0.1692481312292358,2024,66.0436236037251,0.23469483523029708,-6.023623603725092,-0.06544670400106128,0.39422631100680217,modis_ndvi_mean_1000m
IGI_Airport_(T3),2024,5,75.79,0.179818144379845,2024,66.33719948040549,0.2071594293031705,9.452800519594518,-0.027341284923325493,-0.25845171232959296,modis_ndvi_mean_1000m
IGI_Airport_(T3),2024,6,42.22,0.1652484946013288,2024,57.29640388195394,0.2040004741152668,-15.076403881953944,-0.03875197951393802,0.5842404943773349,modis_ndvi_mean_1000m
IGI_Airport_(T3),2024,7,36.46,0.1536963905038759,2024,30.608280665738693,0.24806237413970353,5.851719334261308,-0.09436598363582763,-0.5522032509383586,modis_ndvi_mean_1000m
IGI_Airport_(T3),2024,8,25.68,0.3941433839479392,2024,28.477589719075272,0.29733487695444977,-2.7975897190752725,0.09680850699348942,-0.2708304838840126,modis_ndvi_mean_1000m
IGI_Airport_(T3),2024,9,41.68,0.4054610792885137,2024,49.62482751686192,0.2889757845645748,-7.9448275168619205,0.11648529472393893,-0.9254555748325206,modis_ndvi_mean_1000m
IGI_Airport_(T3),2024,12,143.85,0.2330306694868494,2024,140.88455584034273,0.25550753478537713,2.9654441596572667,-0.022476865298527743,-0.06665388892692219,modis_ndvi_mean_1000m
IGI_Airport_(T3),2025,1,132.88,0.2730249264946097,2025,142.09860670291167,0.22420430596403926,-9.218606702911671,0.04882062053057043,-0.45005809966342375,modis_ndvi_mean_1000m
IGI_Airport_(T3),2025,2,81.85,0.2157222625968992,2025,92.15418543078579,0.22124543779998995,-10.304185430785793,-0.005523175203090758,0.05691182145936515,modis_ndvi_mean_1000m
IGI_Airport_(T3),2025,3,65.77,0.2175742005813953,2025,68.65144047463315,0.19398857930819613,-2.881440474633152,0.02358562127319916,-0.06796056375596475,modis_ndvi_mean_1000m
IGI_Airport_(T3),2025,4,54.26,0.244785119047619,2025,60.97445428172588,0.19503254810198978,-6.714454281725885,0.04975257094562921,-0.3340613630127509,modis_ndvi_mean_1000m
IGI_Airport_(T3),2025,5,47.97,0.1915767753322259,2025,52.94733822045509,0.18271853346869427,-4.9773382204550884,0.008858241863531624,-0.04409046579339126,modis_ndvi_mean_1000m
IGI_Airport_(T3),2025,6,31.58,0.2593052048726467,2025,37.90183950176775,0.2057408321366515,-6.321839501767755,0.05356437273599518,-0.3386253674498261,modis_ndvi_mean_1000m
IGI_Airport_(T3),2025,7,26.1,0.306964070436844,2025,30.58029123499941,0.21023429403627672,-4.4802912349994095,0.09672977640056726,-0.43337756937091426,modis_ndvi_mean_1000m
IGI_Airport_(T3),2025,11,157.88,0.3005284330011072,2025,156.49790390347107,0.3077957588137887,1.382096096528926,-0.007267325812681469,-0.010044142637910963,modis_ndvi_mean_1000m
IGI_Airport_(T3),2025,12,142.31,0.2681649576067829,2025,146.2130373861523,0.23740897722138574,-3.903037386152306,0.030755980385397147,-0.12004174129197208,modis_ndvi_mean_1000m
IHBAS_Dilshad_Garden,2023,1,109.9,0.2035396556492876,2023,60.51099732992521,0.29758681308432056,49.389002670074795,-0.09404715743503295,-4.644895309671787,modis_ndvi_mean_1000m
IHBAS_Dilshad_Garden,2023,2,98.54,0.2005978984547461,2023,90.04301568650946,0.25938438371213285,8.496984313490543,-0.05878648525738675,-0.4995078430772583,modis_ndvi_mean_1000m
IHBAS_Dilshad_Garden,2023,3,67.5,0.2351935797261788,2023,103.43523429860868,0.25617356824131704,-35.93523429860868,-0.020979988515138243,0.7539208028736119,modis_ndvi_mean_1000m
IHBAS_Dilshad_Garden,2023,4,66.99,0.2573811367722306,2023,93.28829465387163,0.2529070421046319,-26.298294653871636,0.004474094667598738,-0.11766105987782749,modis_ndvi_mean_1000m
IHBAS_Dilshad_Garden,2023,5,56.78,0.2962794150186696,2023,92.44823305022655,0.24892850002779973,-35.66823305022655,0.04735091499086988,-1.6889234710358128,modis_ndvi_mean_1000m
IHBAS_Dilshad_Garden,2023,6,50.65,0.2855248893652331,2023,83.27895317181175,0.2509761789848192,-32.62895317181175,0.034548710380413905,-1.1272882531490118,modis_ndvi_mean_1000m
IHBAS_Dilshad_Garden,2023,7,33.37,0.2872165902359797,2023,39.529306709238554,0.29143736745816523,-6.159306709238557,-0.004220777222185557,0.025997061462808776,modis_ndvi_mean_1000m
IHBAS_Dilshad_Garden,2023,8,54.92,0.3892994545885701,2023,83.23401359770057,0.3280062050518131,-28.314013597700566,0.06129324953675702,-1.7354579008309923,modis_ndvi_mean_1000m
IHBAS_Dilshad_Garden,2023,11,137.22,0.3517573848706955,2023,149.26313136897448,0.31389720964015444,-12.043131368974485,0.03786017523054108,-0.45595506395380014,modis_ndvi_mean_1000m
IHBAS_Dilshad_Garden,2023,12,124.09,0.3049552728041731,2023,135.36773533067264,0.30960099560926985,-11.277735330672641,-0.00464572280509673,0.052393232215551006,modis_ndvi_mean_1000m
IHBAS_Dilshad_Garden,2024,1,132.45,0.2482479186834463,2024,133.72539559987138,0.220823765870384,-1.2753955998713877,0.02742415281306232,-0.03497664382798022,modis_ndvi_mean_1000m
IHBAS_Dilshad_Garden,2024,2,70.51,0.2686713867627195,2024,92.55843055571904,0.23359224917631002,-22.048430555719037,0.03507913758640949,-0.773439929028463,modis_ndvi_mean_1000m
IHBAS_Dilshad_Garden,2024,3,58.22,0.2557998409625225,2024,69.57558987406723,0.24257980268882937,-11.355589874067235,0.013220038273693141,-0.1501213327555311,modis_ndvi_mean_1000m
IHBAS_Dilshad_Garden,2024,4,64.57,0.2536019614662307,2024,73.49725615382394,0.2588038809491424,-8.927256153823947,-0.00520191948291171,0.04643886771552025,modis_ndvi_mean_1000m
IHBAS_Dilshad_Garden,2024,5,68.36,0.2461979186834463,2024,76.53550516307405,0.24823485386349614,-8.17550516307405,-0.0020369351800498536,0.016652974081344748,modis_ndvi_mean_1000m
IHBAS_Dilshad_Garden,2024,6,66.38,0.2220619064221463,2024,62.63667462119257,0.25209806084225156,3.7433253788074268,-0.030036154420105265,-0.1124350991225589,modis_ndvi_mean_1000m
IHBAS_Dilshad_Garden,2024,9,32.05,0.3580770153550864,2024,33.906785835456596,0.3446173413487867,-1.8567858354565985,0.013459674006299716,-0.02499173204476068,modis_ndvi_mean_1000m
IHBAS_Dilshad_Garden,2024,10,79.98,0.4008469437145623,2024,90.79359204826532,0.3562296719243681,-10.81359204826532,0.0446172717901942,-0.48247297544573664,modis_ndvi_mean_1000m
IHBAS_Dilshad_Garden,2024,11,189.33,0.2812900978179082,2024,163.03062309819683,0.3379002583993058,26.299376901803186,-0.05661016058139762,-1.4888119496017778,modis_ndvi_mean_1000m
IHBAS_Dilshad_Garden,2024,12,93.73,0.1815828998255858,2024,118.03214201435115,0.2807955752512585,-24.302142014351148,-0.09921267542567269,2.4110805278184237,modis_ndvi_mean_1000m
IHBAS_Dilshad_Garden,2025,1,90.33,0.2250403402019083,2025,108.51010391334854,0.2135766427937273,-18.180103913348546,0.011463697408181012,-0.20841121011191518,modis_ndvi_mean_1000m
IHBAS_Dilshad_Garden,2025,4,74.21,0.2654655026967224,2025,62.552699469764796,0.25605144816965586,11.657300530235197,0.009414054527066562,0.1097424628300361,modis_ndvi_mean_1000m
IHBAS_Dilshad_Garden,2025,5,67.78,0.2558696272991287,2025,54.78171858933874,0.271609264256242,12.998281410661264,-0.01573963695711328,-0.20458823047020255,modis_ndvi_mean_1000m
IHBAS_Dilshad_Garden,2025,9,37.22,0.4336855287918704,2025,31.748563865109922,0.35454299618217466,5.471436134890077,0.07914253260969573,0.4330233127274054,modis_ndvi_mean_1000m
IHBAS_Dilshad_Garden,2025,10,114.88,0.3452429020882312,2025,89.61654606472567,0.3963957942236202,25.263453935274327,-0.05115289213538898,-1.292298734118456,modis_ndvi_mean_1000m
IMD_Lodhi_Road,2023,1,126.08,0.4465359468070371,2023,67.73159874275564,0.46734516649740065,58.34840125724436,-0.020809219690363534,-1.2141847003434818,modis_ndvi_mean_1000m
IMD_Lodhi_Road,2023,4,47.03,0.4369230522908018,2023,62.80833926968912,0.43801073032220716,-15.77833926968912,-0.0010876780314053591,0.017161752995701333,modis_ndvi_mean_1000m
IMD_Lodhi_Road,2023,5,49.61,0.4724152964399501,2023,62.05652555240634,0.4364850161354208,-12.446525552406342,0.03593028030452933,-0.44720715191544663,modis_ndvi_mean_1000m
IMD_Lodhi_Road,2023,6,35.03,0.5077809287990025,2023,58.95296243825439,0.44540258196628385,-23.922962438254388,0.062378346832718645,-1.4922748482395327,modis_ndvi_mean_1000m
IMD_Lodhi_Road,2023,7,32.54,0.4718233148295005,2023,29.488475173151535,0.449993687809273,3.051524826848464,0.021829627020227504,0.06661364881306629,modis_ndvi_mean_1000m
IMD_Lodhi_Road,2023,8,35.64,0.5042058960025315,2023,66.61029470101411,0.5113421232294686,-30.97029470101411,-0.007136227226937075,0.22101106027164194,modis_ndvi_mean_1000m
IMD_Lodhi_Road,2023,9,38.47,0.5094085642055687,2023,68.81416394821291,0.5237312473418998,-30.34416394821291,-0.014322683136331116,0.43460984526713564,modis_ndvi_mean_1000m
IMD_Lodhi_Road,2023,10,77.8,0.5151364731957335,2023,70.62575266261261,0.5053541663711555,7.174247337387385,0.009782306824578035,0.07018068868973541,modis_ndvi_mean_1000m
IMD_Lodhi_Road,2023,11,185.96,0.5406399986147666,2023,125.43892949132331,0.5099278210882768,60.5210705086767,0.030712177526489803,1.8587338615556854,modis_ndvi_mean_1000m
IMD_Lodhi_Road,2023,12,146.05,0.5055367294639146,2023,135.87487198227265,0.46834103844302927,10.17512801772736,0.037195691020885324,0.37847091784534026,modis_ndvi_mean_1000m
IMD_Lodhi_Road,2024,3,59.22,0.4079728667405457,2024,62.83480118944131,0.427453151044251,-3.614801189441309,-0.019480284303705298,0.07041735487168876,modis_ndvi_mean_1000m
IMD_Lodhi_Road,2024,6,45.07,0.4331495723032595,2024,47.82327902356727,0.41535145774168525,-2.7532790235672664,0.017798114561574263,-0.04900317548142953,modis_ndvi_mean_1000m
IMD_Lodhi_Road,2024,12,118.92,0.4025743603330811,2024,122.88973286631152,0.463064446582562,-3.9697328663115172,-0.060490086249480934,0.24012948347058286,modis_ndvi_mean_1000m
IMD_Lodhi_Road,2025,1,121.86,0.4240513644549106,2025,123.27090666061456,0.4219077484507882,-1.4109066606145575,0.002143616004122384,-0.0030244420980162345,modis_ndvi_mean_1000m
IMD_Lodhi_Road,2025,2,73.57,0.4296039548413908,2025,90.29815745689243,0.410761846461156,-16.728157456892433,0.018842108380234812,-0.31519375580440034,modis_ndvi_mean_1000m
IMD_Lodhi_Road,2025,3,52.91,0.4412317253082145,2025,63.399444304368664,0.4258911009714364,-10.489444304368668,0.015340624336778075,-0.16091462457487615,modis_ndvi_mean_1000m
IMD_Lodhi_Road,2025,4,65.17,0.4308264614212496,2025,54.27812835492164,0.4220389463874309,10.89187164507836,0.008787515033818694,0.09571248582754964,modis_ndvi_mean_1000m
IMD_Lodhi_Road,2025,5,55.48,0.404351477231983,2025,49.90339057207935,0.4294540602573299,5.576609427920644,-0.025102583025346903,-0.13998730116431027,modis_ndvi_mean_1000m
IMD_Lodhi_Road,2025,6,36.6,0.4792942616705913,2025,33.81728787598565,0.4604332291411583,2.7827121240143526,0.018861032529432997,0.05248482389108229,modis_ndvi_mean_1000m
IMD_Lodhi_Road,2025,7,20.67,0.4595032220738763,2025,28.27416157048295,0.45941151481184955,-7.6041615704829475,9.170726202673007e-05,-0.000697356837637871,modis_ndvi_mean_1000m
IMD_Lodhi_Road,2025,10,91.69,0.5405481126194766,2025,90.81963447031555,0.5380525872220764,0.8703655296844488,0.0024955253974001668,0.0021720192843491908,modis_ndvi_mean_1000m
ITO,2023,1,227.6,0.3284044683649453,2023,91.99468459702456,0.38869544993624344,135.60531540297544,-0.06029098157129814,-8.175777571930864,modis_ndvi_mean_1000m
ITO,2023,2,152.03,0.2611478990724075,2023,120.53896580297436,0.36478187008373597,31.49103419702564,-0.10363397101132849,-3.263540925091309,modis_ndvi_mean_1000m
ITO,2023,5,74.14,0.3654275409693165,2023,97.4012721728706,0.347031586613703,-23.261272172870605,0.01839595435561353,-0.4279133011456308,modis_ndvi_mean_1000m
ITO,2023,6,44.24,0.4381654264156167,2023,88.08205375546763,0.3621688801634169,-43.842053755467624,0.07599654625219976,-3.3318446660188235,modis_ndvi_mean_1000m
ITO,2023,9,41.89,0.4405830726092089,2023,90.65234377929079,0.4455047580837448,-48.76234377929079,-0.004921685474535864,0.23999291908285972,modis_ndvi_mean_1000m
ITO,2023,10,96.0,0.4337573646647937,2023,101.3407093472169,0.4324619881943643,-5.340709347216901,0.0012953764704293769,-0.00691822922378701,modis_ndvi_mean_1000m
ITO,2023,11,240.62,0.4527125723547115,2023,151.8459769012185,0.41491279297138817,88.7740230987815,0.03779977938332335,3.355638488103992,modis_ndvi_mean_1000m
ITO,2024,4,59.1,0.3441244358299875,2024,75.0008906071909,0.3558967487051547,-15.900890607190895,-0.011772312875167223,0.18719025922165894,modis_ndvi_mean_1000m
ITO,2024,5,95.86,0.3838319412324854,2024,76.50262714805969,0.3223596299142043,19.357372851940312,0.06147231131828107,1.1899424502585172,modis_ndvi_mean_1000m
ITO,2024,6,62.34,0.3339133992335828,2024,65.61750424117531,0.3304558896782584,-3.2775042411753077,0.003457509555324423,-0.011332002231479949,modis_ndvi_mean_1000m
ITO,2024,7,42.03,0.3672543243990052,2024,36.53830113136836,0.4155258703146966,5.491698868631644,-0.04827154591569144,-0.26509279409230313,modis_ndvi_mean_1000m
ITO,2024,8,27.55,0.4946135509470686,2024,36.69563409784818,0.41840589059723904,-9.145634097848177,0.07620766034982956,-0.6969673770126338,modis_ndvi_mean_1000m
ITO,2024,9,37.39,0.4567019216867444,2024,47.10510559086984,0.4354015060964375,-9.71510559086984,0.021300415590306876,-0.20693578658924142,modis_ndvi_mean_1000m
ITO,2024,10,107.29,0.4597675965665236,2024,117.21858035638168,0.44685992919463946,-9.928580356381673,0.012907667371884146,-0.12815481271519757,modis_ndvi_mean_1000m
ITO,2024,11,216.16,0.3423880897796185,2024,218.89148353566046,0.4352073935819051,-2.731483535660459,-0.09281930380228659,0.2535344001274121,modis_ndvi_mean_1000m
ITO,2024,12,171.04,0.3149742284786138,2024,207.23702674034269,0.3635049957087714,-36.19702674034269,-0.04853076723015759,1.7566694791593611,modis_ndvi_mean_1000m
ITO,2025,1,152.69,0.35243751211408,2025,193.23783230413684,0.3422007645223119,-40.54783230413685,0.01023674759176807,-0.4150779246907884,modis_ndvi_mean_1000m
ITO,2025,4,75.65,0.3594156306243942,2025,68.0764985394304,0.3673605919624776,7.573501460569602,-0.007944961338083423,-0.06017117629814382,modis_ndvi_mean_1000m
ITO,2025,7,37.31,0.3802285516525351,2025,34.3729970491195,0.39054847417574773,2.9370029508805047,-0.010319922523212621,-0.030309642903533652,modis_ndvi_mean_1000m
ITO,2025,8,35.3,0.4594389255016414,2025,29.678955212721185,0.4834934568112929,5.621044787278812,-0.024054531309651517,-0.13521159782855163,modis_ndvi_mean_1000m
ITO,2025,9,34.19,0.4997,2025,33.18503989169145,0.42271483933211823,1.0049601083085449,0.07698516066788175,0.07736701540294517,modis_ndvi_mean_1000m
ITO,2025,10,111.32,0.4803087740551016,2025,113.41564925824288,0.47158654787811244,-2.0956492582428865,0.008722226176989145,-0.01827872681803399,modis_ndvi_mean_1000m
Jahangirpuri,2023,4,88.48,0.2937365970830166,2023,121.6877830592045,0.26525899038751544,-33.2077830592045,0.028477606695501145,-0.9456781851895516,modis_ndvi_mean_1000m
Jahangirpuri,2023,5,77.49,0.2950481544204051,2023,113.67466213789912,0.24934725567524374,-36.184662137899124,0.04570089874516137,-1.6536715804920021,modis_ndvi_mean_1000m
Jahangirpuri,2023,6,47.76,0.3203252436579804,2023,92.30759966555276,0.24312263741636336,-44.54759966555276,0.07720260624161701,-3.4391907959888592,modis_ndvi_mean_1000m
Jahangirpuri,2023,7,41.73,0.283800816388238,2023,50.49118508833645,0.2597824422898728,-8.761185088336454,0.024018374098365214,-0.21042942099668382,modis_ndvi_mean_1000m
Jahangirpuri,2023,8,46.5,0.4601230822391155,2023,110.3890795959524,0.32042604499894634,-63.889079595952396,0.1396970372401692,-8.925115131555895,modis_ndvi_mean_1000m
Jahangirpuri,2023,9,47.77,0.340698866385567,2023,113.12341504369769,0.3232916572200152,-65.35341504369768,0.01740720916555183,-1.137620565348767,modis_ndvi_mean_1000m
Jahangirpuri,2024,2,140.14,0.2133111578947368,2024,150.2442413484494,0.28253787115043266,-10.10424134844942,-0.06922671325569585,0.6994834184954536,modis_ndvi_mean_1000m
Jahangirpuri,2024,3,96.05,0.2728931084537224,2024,96.00854343879493,0.28992371837410447,0.04145656120506658,-0.017030609920382078,-0.0007060305225239337,modis_ndvi_mean_1000m
Jahangirpuri,2024,4,84.09,0.2768164788829751,2024,90.81416704207452,0.29261803046393314,-6.724167042074512,-0.01580155158095803,0.10625227235431838,modis_ndvi_mean_1000m
Jahangirpuri,2024,7,45.45,0.2239560772462594,2024,42.66220483313837,0.29815952366471216,2.7877951668616348,-0.07420344641845275,-0.20686400928983886,modis_ndvi_mean_1000m
Jahangirpuri,2024,8,36.18,0.3462,2024,40.88817092615768,0.3372648743473272,-4.708170926157678,0.008935125652672793,-0.042068098819479684,modis_ndvi_mean_1000m
Jahangirpuri,2024,9,50.5,0.4604661067026846,2024,62.14814856364925,0.32614781727719416,-11.64814856364925,0.13431828942549046,-1.564559390043351,modis_ndvi_mean_1000m
Jahangirpuri,2024,10,141.33,0.3735017695444806,2024,137.38977972325492,0.33807188717998,3.9402202767450945,0.03542988236450062,0.13960154089529878,modis_ndvi_mean_1000m
Jahangirpuri,2024,11,303.73,0.2725361650653211,2024,243.8195820930596,0.32679425428452724,59.91041790694041,-0.05425808921920616,-3.250624799954699,modis_ndvi_mean_1000m
Jahangirpuri,2025,2,117.79,0.2766839946084192,2025,146.96813165893374,0.24708150527255457,-29.178131658933737,0.029602489335864623,-0.8637453312740399,modis_ndvi_mean_1000m
Jahangirpuri,2025,3,92.96,0.2627839635031452,2025,91.59848467456389,0.27685824136383,1.3615153254361019,-0.014074277860684825,-0.019162345001768423,modis_ndvi_mean_1000m
Jahangirpuri,2025,4,97.13,0.2934595078454415,2025,82.27928163709882,0.28905525177275154,14.850718362901176,0.0044042560726899604,0.06540636653361581,modis_ndvi_mean_1000m
Jahangirpuri,2025,5,97.41,0.2618410347687843,2025,70.77666878527451,0.2662990828936054,26.633331214725487,-0.00445804812482109,-0.11873267227954597,modis_ndvi_mean_1000m
Jahangirpuri,2025,6,57.76,0.3115101645123385,2025,56.863804805615885,0.2777890889718578,0.8961951943841129,0.033721075540480705,0.03022066584884246,modis_ndvi_mean_1000m
Jahangirpuri,2025,7,34.48,0.2734927435272263,2025,41.31723449713081,0.24978904280343547,-6.837234497130815,0.023703700723790827,-0.1620677602983673,modis_ndvi_mean_1000m
Jahangirpuri,2025,10,146.07,0.3379523087025645,2025,150.9178670885574,0.39100735812909165,-4.847867088557393,-0.05305504942652717,0.25720382799664687,modis_ndvi_mean_1000m
Jahangirpuri,2025,11,278.1,0.3247639317066428,2025,222.69364501960592,0.27655767400199854,55.4063549803941,0.04820625770464426,2.670933026659878,modis_ndvi_mean_1000m
Jahangirpuri,2025,12,267.25,0.2756059134582153,2025,218.12323342226094,0.24337617175988094,49.12676657773906,0.03222974169833434,1.5833429972748945,modis_ndvi_mean_1000m
Jawaharlal_Nehru_Stadium,2023,3,64.95,0.3177376835180055,2023,107.67507039694688,0.3101917325694024,-42.725070396946876,0.0075459509486031084,-0.32240128549097585,modis_ndvi_mean_1000m
Jawaharlal_Nehru_Stadium,2023,4,52.55,0.2877241910251134,2023,83.51906909604745,0.30681840353464707,-30.96906909604745,-0.019094212509533692,0.5913299865423625,modis_ndvi_mean_1000m
Jawaharlal_Nehru_Stadium,2023,5,50.83,0.3445800519390581,2023,81.80058707267182,0.3316499874797659,-30.97058707267182,0.012930064459292234,-0.4004516871917694,modis_ndvi_mean_1000m
Jawaharlal_Nehru_Stadium,2023,10,85.72,0.3872760907202217,2023,88.45877918058267,0.4219865556360043,-2.738779180582668,-0.03471046491578261,0.09506429865969056,modis_ndvi_mean_1000m
Jawaharlal_Nehru_Stadium,2023,11,227.39,0.3697266588373458,2023,171.22567753934456,0.4120305821266029,56.16432246065543,-0.042303923289257084,-2.375971188968666,modis_ndvi_mean_1000m
Jawaharlal_Nehru_Stadium,2023,12,194.85,0.362837575735455,2023,177.82292724257007,0.38203398564432206,17.02707275742992,-0.019196409908867063,-0.32685866819972814,modis_ndvi_mean_1000m
Jawaharlal_Nehru_Stadium,2024,1,210.34,0.3237864231301938,2024,198.06083621115616,0.30430506982067734,12.279163788843846,0.019481353309516447,0.23921472811588756,modis_ndvi_mean_1000m
Jawaharlal_Nehru_Stadium,2024,2,93.87,0.2460630832735103,2024,105.8124248633393,0.31458488929783784,-11.942424863339298,-0.06852180602432753,0.8183165199458415,modis_ndvi_mean_1000m
Jawaharlal_Nehru_Stadium,2024,8,15.91,0.3453,2024,29.88479383222719,0.40252957122943944,-13.974793832227189,-0.057229571229439447,0.7997714590381769,modis_ndvi_mean_1000m
Jawaharlal_Nehru_Stadium,2024,9,26.92,0.4082015429196132,2024,42.71205847755134,0.4120137224951036,-15.792058477551336,-0.003812179575490404,0.06020216278307129,modis_ndvi_mean_1000m
Jawaharlal_Nehru_Stadium,2024,10,83.64,0.3960082513850415,2024,89.22581147143545,0.4108114207450222,-5.5858114714354485,-0.014803169359980717,0.08268771322458203,modis_ndvi_mean_1000m
Jawaharlal_Nehru_Stadium,2024,11,210.86,0.3130530840986332,2024,212.1572285917659,0.3938329893306605,-1.2972285917658724,-0.08077990523202733,0.10479000270712344,modis_ndvi_mean_1000m
Jawaharlal_Nehru_Stadium,2024,12,163.08,0.2711095368647802,2024,196.06783161773114,0.34769144250189776,-32.98783161773113,-0.07658190563711759,2.5262710081222095,modis_ndvi_mean_1000m
Jawaharlal_Nehru_Stadium,2025,5,44.92,0.2642723235001658,2025,53.56292379272536,0.3159806486724475,-8.642923792725355,-0.051708325172281744,0.4469111139134933,modis_ndvi_mean_1000m
Jawaharlal_Nehru_Stadium,2025,6,30.72,0.3831405055125498,2025,35.1632444626059,0.34064385823331483,-4.443244462605904,0.04249664727923497,-0.18882299270277703,modis_ndvi_mean_1000m
Jawaharlal_Nehru_Stadium,2025,7,17.2,0.3800430392156863,2025,24.9286281119952,0.33196740073774045,-7.728628111995199,0.048075638477945826,-0.3715587310427702,modis_ndvi_mean_1000m
Jawaharlal_Nehru_Stadium,2025,8,22.45,0.3310763816981719,2025,21.98121679334145,0.4049848282032406,0.46878320665855,-0.07390844650506873,-0.03464703855179802,modis_ndvi_mean_1000m
Jawaharlal_Nehru_Stadium,2025,9,27.16,0.4306156472261734,2025,30.59350220470602,0.38888898182415615,-3.43350220470602,0.04172666540201725,-0.14326859765285663,modis_ndvi_mean_1000m
Jawaharlal_Nehru_Stadium,2025,12,209.41,0.2945502825895478,2025,171.36215377829853,0.30447325025572275,38.04784622170146,-0.009922967666174953,-0.37754754782554045,modis_ndvi_mean_1000m
Major_Dhyan_Chand_National_Stadium,2023,1,184.87,0.3825459422997095,2023,85.4694116640279,0.4379721434924789,99.4005883359721,-0.05542620119276942,-5.509397007789239,modis_ndvi_mean_1000m
Major_Dhyan_Chand_National_Stadium,2023,2,112.7,0.3961329977860799,2023,109.71086381849118,0.41924758595800243,2.989136181508826,-0.023114588171922523,-0.06909265182536957,modis_ndvi_mean_1000m
Major_Dhyan_Chand_National_Stadium,2023,6,41.03,0.4724435796319359,2023,79.56809923572553,0.40287479093228,-38.538099235725525,0.06956878869965588,-2.681048882616559,modis_ndvi_mean_1000m
Major_Dhyan_Chand_National_Stadium,2023,7,36.17,0.4615160545248012,2023,36.99528987316769,0.41691176127864366,-0.8252898731676908,0.044604293246157556,-0.036811471515855856,modis_ndvi_mean_1000m
Major_Dhyan_Chand_National_Stadium,2023,8,40.66,0.5321910332836564,2023,82.82410766342126,0.46239781605642566,-42.16410766342126,0.0697932172272307,-2.942768725345503,modis_ndvi_mean_1000m
Major_Dhyan_Chand_National_Stadium,2023,9,40.68,0.4868441158156913,2023,79.78634222792543,0.4811128594409211,-39.10634222792543,0.005731256374770233,-0.22412847318774398,modis_ndvi_mean_1000m
Major_Dhyan_Chand_National_Stadium,2023,10,98.75,0.4798203127162033,2023,95.5245675776524,0.45899779140915364,3.2254324223475948,0.020822521307049646,0.06716163533878154,modis_ndvi_mean_1000m
Major_Dhyan_Chand_National_Stadium,2023,11,241.09,0.4981690189566902,2023,159.15043945227916,0.4635882209368549,81.93956054772084,0.03458079801983527,2.833535393134797,modis_ndvi_mean_1000m
Major_Dhyan_Chand_National_Stadium,2023,12,199.52,0.4580796146395464,2023,147.0184020593877,0.44483943432796674,52.5015979406123,0.013240180311579641,0.6951306233797652,modis_ndvi_mean_1000m
Major_Dhyan_Chand_National_Stadium,2024,1,217.34,0.3936006745537571,2024,189.12352026716044,0.40398060837070304,28.21647973283956,-0.010379933816945963,-0.2928851921740717,modis_ndvi_mean_1000m
Major_Dhyan_Chand_National_Stadium,2024,2,110.59,0.3727085624123422,2024,112.78441522995463,0.44310964095459493,-2.194415229954629,-0.07040107854225275,0.15448919895835145,modis_ndvi_mean_1000m
Major_Dhyan_Chand_National_Stadium,2024,3,71.36,0.3840495814307459,2024,76.90901498846073,0.39959421706295756,-5.549014988460726,-0.015544635632211645,0.08625741611330309,modis_ndvi_mean_1000m
Major_Dhyan_Chand_National_Stadium,2024,4,59.8,0.3780325273280753,2024,75.2864090012832,0.4128464937300467,-15.486409001283207,-0.03481396640197143,0.5391433226578615,modis_ndvi_mean_1000m
Major_Dhyan_Chand_National_Stadium,2024,5,85.22,0.4086655464456259,2024,75.58096671972683,0.36536293374419976,9.639033280273168,0.04330261270142616,0.4173953249518263,modis_ndvi_mean_1000m
Major_Dhyan_Chand_National_Stadium,2024,6,64.24,0.3672965442092156,2024,62.670103619002106,0.3727071596063453,1.5698963809978892,-0.0054106153971297255,-0.008494105530925413,modis_ndvi_mean_1000m
Major_Dhyan_Chand_National_Stadium,2024,7,39.61,0.3464832646331409,2024,33.68600384416139,0.44629774845093784,5.9239961558386085,-0.09981448381779695,-0.5913006184336441,modis_ndvi_mean_1000m
Major_Dhyan_Chand_National_Stadium,2024,8,28.16,0.5500882322713257,2024,34.4522445690106,0.4895945617116033,-6.292244569010602,0.060493670559722434,-0.38064097003893005,modis_ndvi_mean_1000m
Major_Dhyan_Chand_National_Stadium,2024,11,253.91,0.3851606164383563,2024,209.38418761903029,0.4955589221009472,44.52581238096971,-0.1103983056625909,-4.915574245109468,modis_ndvi_mean_1000m
Major_Dhyan_Chand_National_Stadium,2024,12,177.43,0.3753437456759377,2024,185.27575184597217,0.41947427987409447,-7.84575184597216,-0.04413053419815677,0.346237220148926,modis_ndvi_mean_1000m
Major_Dhyan_Chand_National_Stadium,2025,1,179.75,0.3926066763525669,2025,178.3316804247771,0.3760726761978158,1.4183195752229096,0.016534000154751094,0.023450496076222092,modis_ndvi_mean_1000m
Major_Dhyan_Chand_National_Stadium,2025,4,69.85,0.3911468382454684,2025,66.15485435570733,0.39692535405892126,3.6951456442926656,-0.005778515813452845,-0.02135245753855657,modis_ndvi_mean_1000m
Major_Dhyan_Chand_National_Stadium,2025,5,66.61,0.4028061713020617,2025,59.63884070658385,0.39754090292905736,6.97115929341615,0.005265268373004339,0.03670502455079933,modis_ndvi_mean_1000m
Major_Dhyan_Chand_National_Stadium,2025,10,102.38,0.4811453438494539,2025,117.04579409281278,0.5319666952185801,-14.665794092812789,-0.05082135136912619,0.745335474698094,modis_ndvi_mean_1000m
Major_Dhyan_Chand_National_Stadium,2025,11,179.83,0.4775328767123288,2025,180.82885447414787,0.4389224351527827,-0.998854474147862,0.03861044155954613,-0.038566212300577205,modis_ndvi_mean_1000m
Major_Dhyan_Chand_National_Stadium,2025,12,185.81,0.3987443545039437,2025,179.60541526590137,0.4018338674673544,6.204584734098631,-0.003089512963410701,-0.01916914496857786,modis_ndvi_mean_1000m
Mandir_Marg,2023,1,173.26,0.4199897093425605,2023,75.89781411900952,0.48174273686213526,97.36218588099047,-0.06175302751957473,-6.012409744074755,modis_ndvi_mean_1000m
Mandir_Marg,2023,2,102.68,0.4166336089965396,2023,95.26619742048324,0.4673268962731122,7.413802579516769,-0.050693287276572574,-0.37583002397523835,modis_ndvi_mean_1000m
Mandir_Marg,2023,3,67.28,0.3649368512110726,2023,97.7295069814309,0.42879819824551535,-30.4495069814309,-0.06386134703444274,1.9445465323688458,modis_ndvi_mean_1000m
Mandir_Marg,2023,4,56.84,0.4104134926187645,2023,79.26662109247998,0.4324842993343913,-22.426621092479976,-0.022070806715626834,0.49497361941672546,modis_ndvi_mean_1000m
Mandir_Marg,2023,5,58.99,0.4546260622837367,2023,73.88756299360246,0.4264287613715252,-14.897562993602456,0.02819730091221151,-0.42007106658923493,modis_ndvi_mean_1000m
Mandir_Marg,2023,6,36.91,0.4711655743944636,2023,68.78835737298421,0.4088493660977281,-31.878357372984212,0.06231620829673551,-1.9865383582126583,modis_ndvi_mean_1000m
Mandir_Marg,2023,7,30.0,0.4155091200466201,2023,25.997428601814025,0.46027209645210154,4.0025713981859745,-0.044762976405481436,-0.1791670090582536,modis_ndvi_mean_1000m
Mandir_Marg,2023,10,93.09,0.5689385051903113,2023,72.2308723252695,0.524394806268452,20.8591276747305,0.044543698921859276,0.929142702915818,modis_ndvi_mean_1000m
Mandir_Marg,2023,11,232.47,0.5760596608996538,2023,158.06404082630328,0.5449839811437152,74.40595917369671,0.031075679755938612,2.312215759215242,modis_ndvi_mean_1000m
Mandir_Marg,2023,12,191.94,0.4915647197231831,2023,150.63615755360752,0.48845400140830675,41.30384244639248,0.0031107183148763595,0.12848461917276066,modis_ndvi_mean_1000m
Mandir_Marg,2024,5,62.22,0.4047807551218159,2024,68.95452106787867,0.3718872648648816,-6.734521067878674,0.03289349025693428,-0.22152190313138578,modis_ndvi_mean_1000m
Mandir_Marg,2024,6,42.92,0.3320501927000682,2024,56.0191360548922,0.38662923629360624,-13.099136054892199,-0.054579043593538046,0.7149383177776473,modis_ndvi_mean_1000m
Mandir_Marg,2024,7,32.68,0.3673173898228078,2024,22.896830949100448,0.4551328914462207,9.783169050899552,-0.0878155016234129,-0.8591138976713925,modis_ndvi_mean_1000m
Mandir_Marg,2024,8,26.01,0.6463825710754015,2024,29.77719993346665,0.5130342505505784,-3.7671999334666495,0.13334832052482315,-0.5023497842090032,modis_ndvi_mean_1000m
Mandir_Marg,2024,9,41.79,0.5131762958532696,2024,31.284913067619634,0.5323346142707546,10.505086932380365,-0.019158318417484943,-0.20125980045390315,modis_ndvi_mean_1000m
Mandir_Marg,2024,10,109.7,0.5718442283737022,2024,84.44686890774004,0.561286407443764,25.253131092259963,0.010557820929938178,0.2666180359923348,modis_ndvi_mean_1000m
Mandir_Marg,2024,11,243.91,0.4342629351512214,2024,190.83485385307077,0.5524321388105949,53.07514614692923,-0.11816920365937356,-6.271847754287496,modis_ndvi_mean_1000m
Mandir_Marg,2024,12,163.81,0.4135372525951558,2024,173.6913448120095,0.4759885143483613,-9.881344812009502,-0.062451261753205534,0.617102451328485,modis_ndvi_mean_1000m
Mandir_Marg,2025,1,169.97,0.4287730207612455,2025,168.31036667690884,0.38597014220205156,1.6596333230911569,0.04280287855919396,0.0710370835810623,modis_ndvi_mean_1000m
Mandir_Marg,2025,2,92.62,0.435231169550173,2025,98.25727246582387,0.38425438654651767,-5.6372724658238695,0.050976783003655324,-0.2873700152227844,modis_ndvi_mean_1000m
Mandir_Marg,2025,3,61.93,0.4321010173010378,2025,64.6767493039958,0.39100876331206086,-2.7467493039958057,0.04109225398897692,-0.11287012004384124,modis_ndvi_mean_1000m
Mandir_Marg,2025,6,47.36,0.4846022838950791,2025,38.80587868471474,0.4173876522606123,8.554121315285258,0.06721463163446678,0.574962113163439,modis_ndvi_mean_1000m
Mandir_Marg,2025,7,31.42,0.512667896429176,2025,28.413445921516768,0.4231178510456664,3.0065540784832336,0.08955004538350958,0.2692370541761494,modis_ndvi_mean_1000m
Mandir_Marg,2025,10,101.5,0.5928373702422145,2025,97.65214402540262,0.5726191651676608,3.8478559745973797,0.02021820507455374,0.07779674119175667,modis_ndvi_mean_1000m
Mandir_Marg,2025,11,181.95,0.4769693938390195,2025,170.02610705736214,0.47399810527780306,11.923892942637849,0.002971288561216423,0.03542932670562907,modis_ndvi_mean_1000m
Mundka,2023,1,195.55,0.2363193858496437,2023,105.423423972997,0.2526340607592126,90.12657602700301,-0.016314674909568866,-1.4703857885930969,modis_ndvi_mean_1000m
Mundka,2023,2,132.48,0.2000330451621827,2023,115.27190818132604,0.2657271329548635,17.20809181867395,-0.0656940877926808,-1.1304698946804785,modis_ndvi_mean_1000m
Mundka,2023,3,93.5,0.2581867556539179,2023,127.66128361901906,0.25598138263399084,-34.16128361901906,0.0022053730199270705,-0.07533837321946123,modis_ndvi_mean_1000m
Mundka,2023,4,92.13,0.2793769589874819,2023,100.50599019827756,0.2520028979688031,-8.375990198277563,0.027374061018678786,-0.22928486677950544,modis_ndvi_mean_1000m
Mundka,2023,5,79.59,0.2987858150632824,2023,96.60155643393941,0.25716686658146076,-17.011556433939404,0.04161894848182163,-0.7080030908197253,modis_ndvi_mean_1000m
Mundka,2023,6,52.29,0.3400254236115911,2023,85.21054921527505,0.2502396673405504,-32.92054921527505,0.08978575627104068,-2.9557964081514854,modis_ndvi_mean_1000m
Mundka,2023,7,37.99,0.2468841096501003,2023,38.87031051750102,0.26498956226073395,-0.880310517501016,-0.01810545261063365,0.015938420357257028,modis_ndvi_mean_1000m
Mundka,2023,8,37.0,0.3494416518650089,2023,85.29095490118678,0.3267013556754311,-48.29095490118678,0.02274029618957779,-1.0981506177305307,modis_ndvi_mean_1000m
Mundka,2023,9,45.02,0.3245553496092398,2023,91.15126750622603,0.3337607816537508,-46.13126750622603,-0.009205432044510964,0.4246582481557205,modis_ndvi_mean_1000m
Mundka,2023,10,136.62,0.3296130126564769,2023,100.14390908273207,0.34602480357036,36.47609091726794,-0.016411790913883062,-0.5986379774899905,modis_ndvi_mean_1000m
Mundka,2024,1,239.49,0.253968538626461,2024,192.94661199699314,0.22089271920330816,46.54338800300687,0.03307581942315285,1.539460696929194,modis_ndvi_mean_1000m
Mundka,2024,2,128.48,0.1936069542391475,2024,130.76039017054026,0.2510426578681683,-2.2803901705402723,-0.05743570362902081,0.1309758139936833,modis_ndvi_mean_1000m
Mundka,2024,3,106.52,0.2628677536482466,2024,88.95349570745424,0.2613966647666254,17.56650429254576,0.0014710888816212297,0.025841889153715672,modis_ndvi_mean_1000m
Mundka,2024,4,88.48,0.2464269209488898,2024,89.29120627920203,0.2535234865383154,-0.8112062792020254,-0.0070965655894256185,0.005756778566911084,modis_ndvi_mean_1000m
Mundka,2024,5,112.44,0.2635824572930354,2024,86.56960796944867,0.2512407559426855,25.87039203055133,0.012341701350349898,0.3192846522575366,modis_ndvi_mean_1000m
Mundka,2024,6,62.48,0.2367594474030014,2024,69.50456425965152,0.25270827159515197,-7.02456425965152,-0.015948824192150574,0.11203354040364644,modis_ndvi_mean_1000m
Mundka,2024,7,38.41,0.2084964416626323,2024,42.05244035960546,0.2857198019754759,-3.642440359605466,-0.07722336031284363,0.2812814843078566,modis_ndvi_mean_1000m
Mundka,2024,8,26.17,0.3878779167918609,2024,35.297927605155095,0.31449062294239316,-9.127927605155094,0.07338729384946774,-0.6698739053961852,modis_ndvi_mean_1000m
Mundka,2024,9,45.61,0.3916841823899369,2024,48.93534660282658,0.3202297438550168,-3.3253466028265777,0.07145443853492012,-0.2376107744389771,modis_ndvi_mean_1000m
Mundka,2024,10,124.89,0.3914185766650528,2024,124.14993708322527,0.3369004336980612,0.7400629167747326,0.05451814296699159,0.040346855901293666,modis_ndvi_mean_1000m
Mundka,2024,11,293.5,0.2742813818383015,2024,229.0089141589307,0.32067285408018853,64.49108584106929,-0.046391472241887055,-2.9918364186451214,modis_ndvi_mean_1000m
Mundka,2025,6,48.05,0.2825876651220693,2025,48.3225805546646,0.26402509026475707,-0.27258055466460007,0.01856257485731222,-0.005059796950609324,modis_ndvi_mean_1000m
Mundka,2025,7,25.91,0.2674832976001107,2025,37.058775465875954,0.23690734990597717,-11.148775465875953,0.03057594769413352,-0.3408843754982622,modis_ndvi_mean_1000m
Mundka,2025,8,30.0,0.3544609142955994,2025,32.97852160183527,0.37774278743772294,-2.9785216018352685,-0.023281873142123544,0.06934556208500334,modis_ndvi_mean_1000m
Mundka,2025,11,263.67,0.3397090186043295,2025,202.30050665027565,0.28987070439032375,61.369493349724365,0.04983831421400575,3.0585520927178993,modis_ndvi_mean_1000m
Najafgarh,2023,2,85.65,0.5952444790800777,2023,96.84257262689073,0.3728583246982388,-11.192572626890723,0.2223861543818389,-2.489073184133664,modis_ndvi_mean_1000m
Najafgarh,2023,3,63.62,0.5995144465225826,2023,91.69138549561643,0.3315968177599006,-28.071385495616433,0.267917628762682,-7.520819038068699,modis_ndvi_mean_1000m
Najafgarh,2023,4,57.16,0.4583239366860627,2023,76.79519513888356,0.3334667981952298,-19.63519513888356,0.12485713849083291,-2.4515942787501137,modis_ndvi_mean_1000m
Najafgarh,2023,5,56.21,0.3289795303408147,2023,70.50859131705718,0.29714628018232114,-14.29859131705718,0.03183325015849353,-0.4551706343099447,modis_ndvi_mean_1000m
Najafgarh,2023,6,35.55,0.3776401738708784,2023,67.24442735141295,0.303206373687984,-31.694427351412955,0.07443380018289442,-2.3591366723863354,modis_ndvi_mean_1000m
Najafgarh,2023,7,25.18,0.3584360665541017,2023,29.96445505597992,0.3120612953005414,-4.784455055979919,0.04637477125356032,-0.22187800879400887,modis_ndvi_mean_1000m
Najafgarh,2023,8,23.7,0.5138606810612153,2023,67.19312634850708,0.4223936925340783,-43.493126348507076,0.09146698852713697,-3.9781852887282154,modis_ndvi_mean_1000m
Najafgarh,2023,9,32.07,0.4399545753671376,2023,70.55460355889652,0.44703656197158115,-38.48460355889652,-0.007081986604443535,0.2725474468814251,modis_ndvi_mean_1000m
Najafgarh,2023,10,86.64,0.4653537891382655,2023,79.78637925420689,0.3827577474787815,6.853620745793108,0.08259604165948398,0.5660819446378312,modis_ndvi_mean_1000m
Najafgarh,2023,11,230.95,0.40592857439734,2023,151.07296747703,0.4195950436716276,79.87703252296998,-0.013666469274287607,-1.0916370106964413,modis_ndvi_mean_1000m
Najafgarh,2024,2,79.45,0.6166222984206153,2024,79.98077197921174,0.5076257873253806,-0.5307719792117354,0.10899651109523478,-0.057852293921191636,modis_ndvi_mean_1000m
Najafgarh,2024,3,73.46,0.6367915558326407,2024,65.92812306508006,0.44713707383649326,7.531876934919936,0.18965448199614743,1.428454218550971,modis_ndvi_mean_1000m
Najafgarh,2024,4,62.67,0.4779178027154339,2024,59.06855295789172,0.43858992409474545,3.6014470421082834,0.03932787862068843,0.14163727213087193,modis_ndvi_mean_1000m
Najafgarh,2024,8,16.35,0.5799973599484868,2024,27.538924125694628,0.4261348062339331,-11.188924125694626,0.15386255371455365,-1.7215564392977547,modis_ndvi_mean_1000m
Najafgarh,2024,9,28.59,0.6122725595799113,2024,37.33507313352198,0.4326167357142402,-8.74507313352198,0.17965582386567114,-1.5711033185684378,modis_ndvi_mean_1000m
Najafgarh,2024,10,92.18,0.4665955216126351,2024,81.31130433333152,0.4800554768551943,10.868695666668486,-0.013459955242559163,-0.14629215721835456,modis_ndvi_mean_1000m
Najafgarh,2024,11,231.21,0.3847274175671932,2024,188.57461701755165,0.4060513461081789,42.63538298244836,-0.021323928540985693,-0.9091538600352863,modis_ndvi_mean_1000m
Najafgarh,2024,12,148.89,0.4146229080077585,2024,153.24306009398805,0.3837982517902514,-4.353060093988063,0.030824656217507074,-0.13418158089133106,modis_ndvi_mean_1000m
Najafgarh,2025,1,125.44,0.513420102521474,2025,143.8137961360832,0.4366425490114126,-18.3737961360832,0.07677755351006138,-1.410695116021087,modis_ndvi_mean_1000m
Najafgarh,2025,2,80.14,0.6267107370462734,2025,91.72480632833981,0.4788362217147588,-11.584806328339809,0.14787451533151463,-1.713097621012713,modis_ndvi_mean_1000m
Najafgarh,2025,9,24.65,0.5596251697146023,2025,27.759119101048647,0.5282013551035285,-3.1091191010486483,0.0314238146110738,-0.09770038223510115,modis_ndvi_mean_1000m
Najafgarh,2025,12,157.28,0.4661572838736493,2025,145.40807504347842,0.4457045433263541,11.871924956521582,0.02045274054729518,0.24281340093269452,modis_ndvi_mean_1000m
Narela,2023,2,133.96,0.2677232743729703,2023,131.00683394897717,0.38122709695752005,2.9531660510228335,-0.11350382258454977,-0.3351956355180112,modis_ndvi_mean_1000m
Narela,2023,3,94.56,0.3020679023008361,2023,147.48912723482,0.3164273687830147,-52.92912723481999,-0.014359466482178618,0.7600340284593651,modis_ndvi_mean_1000m
Narela,2023,4,82.14,0.3270746113452638,2023,133.41177993187213,0.3320889479386666,-51.27177993187213,-0.005014336593402835,0.25709396232128356,modis_ndvi_mean_1000m
Narela,2023,5,78.32,0.326880204518759,2023,117.42551238848351,0.3218695109606416,-39.10551238848352,0.005010693558117396,-0.1959457390118544,modis_ndvi_mean_1000m
Narela,2023,8,32.23,0.449153954496208,2023,107.10348963933427,0.4692038769172007,-74.87348963933428,-0.02004992242099274,1.501207658657656,modis_ndvi_mean_1000m
Narela,2023,9,41.33,0.4575985524770263,2023,101.56076866695317,0.4222158342981308,-60.23076866695317,0.03538271817889549,-2.1311283134410526,modis_ndvi_mean_1000m
Narela,2023,10,115.26,0.4611694569197818,2023,128.38529715948204,0.38256074627197556,-13.125297159482031,0.07860871064780622,-1.031762686576196,modis_ndvi_mean_1000m
Narela,2024,1,199.61,0.3400731569128722,2024,187.69024082625845,0.29169099690614964,11.919759173741568,0.048382160006722574,0.5767036955855638,modis_ndvi_mean_1000m
Narela,2024,2,108.9,0.2189018490345232,2024,133.21106297448992,0.32142913601231593,-24.311062974489914,-0.10252728697779273,2.492547330320719,modis_ndvi_mean_1000m
Narela,2024,5,101.37,0.2833881538036343,2024,94.46984645204394,0.2750564296673116,6.900153547956066,0.008331724136322716,0.05749017585983837,modis_ndvi_mean_1000m
Narela,2024,6,57.24,0.2407491570510607,2024,64.56688403411681,0.2748145833728362,-7.326884034116809,-0.034065426321775505,0.24959342823239944,modis_ndvi_mean_1000m
Narela,2024,7,37.0,0.2286409866648242,2024,29.855882208766555,0.3229196999072721,7.144117791233445,-0.09427871324244791,-0.6735382326099683,modis_ndvi_mean_1000m
Narela,2024,8,24.24,0.3064,2024,33.338771841720465,0.4069614326057763,-9.098771841720467,-0.10056143260577627,0.9149855313565075,modis_ndvi_mean_1000m
Narela,2024,9,40.62,0.5713297481823021,2024,48.951203757954566,0.41504277121380967,-8.331203757954569,0.15628697696849242,-1.3020586498392632,modis_ndvi_mean_1000m
Narela,2024,10,116.01,0.5233740274994819,2024,118.45962579711498,0.4376981967653266,-2.449625797114976,0.0856758307341553,-0.20987372515564293,modis_ndvi_mean_1000m
Narela,2024,11,271.1,0.3503501036412631,2024,228.77485905887585,0.36762791049659416,42.325140941124175,-0.017277806855331035,-0.7312856103054075,modis_ndvi_mean_1000m
Narela,2024,12,167.2,0.3060740689559871,2024,189.2043906235872,0.30688933927939216,-22.0043906235872,-0.0008152703234050596,0.017939526660023197,modis_ndvi_mean_1000m
Narela,2025,1,171.09,0.3066243591515235,2025,173.87356638830772,0.2791289854999484,-2.783566388307719,0.02749537365157506,-0.07653519793048601,modis_ndvi_mean_1000m
Narela,2025,2,107.89,0.3211754715677469,2025,122.31764841855471,0.27673195927624467,-14.42764841855471,0.04444351229150223,-0.6412153698275089,modis_ndvi_mean_1000m
Narela,2025,3,87.08,0.336701817176812,2025,84.36984737760613,0.3301249103315207,2.7101526223938635,0.00657690684529133,0.01782442133400645,modis_ndvi_mean_1000m
Narela,2025,6,57.03,0.3799382885372762,2025,45.768419414358476,0.29893383127643475,11.261580585641525,0.08100445726084143,0.9122382232391205,modis_ndvi_mean_1000m
Narela,2025,9,38.21,0.4739399892550143,2025,31.202268117373396,0.4846621539242567,7.007731882626604,-0.010722164669242418,-0.07513805520342264,modis_ndvi_mean_1000m
Narela,2025,10,113.75,0.4865668244317004,2025,120.83915300434012,0.48959660001016236,-7.089153004340119,-0.0030297755784619573,0.02147854264452991,modis_ndvi_mean_1000m
Narela,2025,11,262.94,0.4378613003523804,2025,197.12919120916217,0.3547996849310309,65.81080879083783,0.08306161542134949,5.4663520903525376,modis_ndvi_mean_1000m
Narela,2025,12,232.39,0.3755279900504388,2025,184.01833968339056,0.3038589144550556,48.37166031660942,0.07166907559538321,3.466752179905279,modis_ndvi_mean_1000m
Nehru_Nagar,2023,5,65.1,0.3880420962455304,2023,100.42062427782804,0.34718365539338286,-35.320624277828045,0.040858440852147515,-1.4431456379165628,modis_ndvi_mean_1000m
Nehru_Nagar,2023,6,41.83,0.4130338306563279,2023,84.5477908402697,0.34271715494411836,-42.7177908402697,0.07031667571220956,-3.0037730456572405,modis_ndvi_mean_1000m
Nehru_Nagar,2023,7,35.56,0.4100379310344827,2023,41.85899097177632,0.39219075570914275,-6.29899097177632,0.01784717532533997,-0.11241919624602557,modis_ndvi_mean_1000m
Nehru_Nagar,2023,8,32.81,0.4453012086827826,2023,97.67745049979297,0.42566607684394947,-64.86745049979297,0.019635131838833142,-1.2736809426124176,modis_ndvi_mean_1000m
Nehru_Nagar,2023,9,45.6,0.4458122472999168,2023,105.76705724878211,0.4617248796631024,-60.16705724878211,-0.015912632363185575,0.9574162623746094,modis_ndvi_mean_1000m
Nehru_Nagar,2023,10,122.7,0.4043846302963167,2023,108.46462069293597,0.4345995951541161,14.235379307064036,-0.030214964857799398,-0.4301214855003846,modis_ndvi_mean_1000m
Nehru_Nagar,2024,1,271.67,0.3238262773469952,2024,226.45568890156278,0.3337460382829559,45.214311098437236,-0.009919760935960698,-0.4485151569806519,modis_ndvi_mean_1000m
Nehru_Nagar,2024,4,60.19,0.2923710832868303,2024,69.46179012630833,0.31467875873935763,-9.271790126308332,-0.02230767545252732,0.20683208500163355,modis_ndvi_mean_1000m
Nehru_Nagar,2024,5,87.83,0.3519871767698178,2024,67.28504736550596,0.315912579132323,20.544952634494038,0.036074597637494765,0.7411508997707604,modis_ndvi_mean_1000m
Nehru_Nagar,2024,6,51.4,0.2886809757694826,2024,54.2232557423964,0.32274551662089696,-2.823255742396398,-0.03406454085141436,0.09617291057085228,modis_ndvi_mean_1000m
Nehru_Nagar,2024,7,40.75,0.4592573305148724,2024,36.11807626923869,0.4069124256423538,4.631923730761308,0.05234490487251858,0.24245760706346203,modis_ndvi_mean_1000m
Nehru_Nagar,2024,8,26.8,0.5343288359225368,2024,34.3841765715553,0.43577411353775297,-7.5841765715553,0.0985547223847838,-0.747456416526814,modis_ndvi_mean_1000m
Nehru_Nagar,2024,9,43.64,0.503862243852459,2024,50.2739307900133,0.44495457427306667,-6.633930790013302,0.05890766957939236,-0.39078940299066095,modis_ndvi_mean_1000m
Nehru_Nagar,2024,10,125.74,0.4808131854057047,2024,115.49802030547492,0.44618769833805627,10.241979694525071,0.03462548706764845,0.3546335354598959,modis_ndvi_mean_1000m
Nehru_Nagar,2025,1,203.63,0.3197786762669621,2025,224.6469695332278,0.32124244457283524,-21.016969533227808,-0.0014637683058731366,0.030763973888240193,modis_ndvi_mean_1000m
Nehru_Nagar,2025,2,116.74,0.3313940286624204,2025,132.0647658913889,0.29050785818036556,-15.324765891388907,0.04088617048205484,-0.6265709908329059,modis_ndvi_mean_1000m
Nehru_Nagar,2025,3,72.68,0.3261118630573247,2025,77.73556603705588,0.3049637607977944,-5.055566037055868,0.021148102259530288,-0.1069156275314658,modis_ndvi_mean_1000m
Nehru_Nagar,2025,4,75.5,0.3230488922736083,2025,68.11934650907261,0.3136321846975343,7.380653490927386,0.00941670757607399,0.06950145564439286,modis_ndvi_mean_1000m
Nehru_Nagar,2025,5,64.28,0.2953164201429282,2025,59.68277758618973,0.3458129349635231,4.597222413810272,-0.05049651482059492,-0.23214370975254153,modis_ndvi_mean_1000m
Nehru_Nagar,2025,6,46.14,0.3951922761449079,2025,45.238482793641715,0.38056745828404964,0.9015172063582853,0.01462481786085823,0.013184524941419666,modis_ndvi_mean_1000m
Nehru_Nagar,2025,7,29.74,0.3999595865193996,2025,32.74786910097389,0.3941754382231562,-3.0078691009738883,0.005784148296243408,-0.017397960935721307,modis_ndvi_mean_1000m
Nehru_Nagar,2025,8,34.05,0.4720333643808017,2025,29.6878692556474,0.5218282770153245,4.362130744352598,-0.04979491263452285,-0.21721191931540373,modis_ndvi_mean_1000m
Nehru_Nagar,2025,9,35.08,0.5202613465536543,2025,36.78421212909082,0.4504086146425296,-1.7042121290908199,0.06985273191112468,-0.11904387297306804,modis_ndvi_mean_1000m
Nehru_Nagar,2025,10,119.32,0.4283222514538909,2025,126.80716354012033,0.48722577584495536,-7.487163540120335,-0.058903524391064443,0.4410203202053666,modis_ndvi_mean_1000m
Nehru_Nagar,2025,11,251.08,0.4277438930101349,2025,223.13160808295456,0.3985638520739146,27.948391917045456,0.029180040936220286,0.8155352202409145,modis_ndvi_mean_1000m
North_Campus_DU,2023,2,103.1,0.1978754028075514,2023,104.7932162562884,0.24845372062646737,-1.6932162562884088,-0.050578317818915974,0.08564002994671022,modis_ndvi_mean_1000m
North_Campus_DU,2023,3,65.53,0.2392360037341816,2023,103.91224870630745,0.240890160678459,-38.38224870630745,-0.0016541569442773962,0.06349026323452057,modis_ndvi_mean_1000m
North_Campus_DU,2023,4,58.21,0.2576588928843094,2023,89.89264425317498,0.2334159760448387,-31.682644253174978,0.024242916839470663,-0.7680797098842541,modis_ndvi_mean_1000m
North_Campus_DU,2023,7,36.04,0.3038882460414129,2023,37.08956516737663,0.23700220996104424,-1.0495651673766275,0.06688603608036867,-0.07020125365385128,modis_ndvi_mean_1000m
North_Campus_DU,2023,8,54.46,0.3791091017251637,2023,79.32886612191503,0.2799039263392023,-24.868866121915026,0.09920517538596141,-2.467120225274574,modis_ndvi_mean_1000m
North_Campus_DU,2023,9,61.05,0.3143211445051608,2023,84.42033055444723,0.3209781800399796,-23.370330554447236,-0.006657035534818778,0.1555771209614163,modis_ndvi_mean_1000m
North_Campus_DU,2023,10,125.42,0.2568162819416736,2023,88.57826363966058,0.32095156821058124,36.841736360339425,-0.06413528626890763,-2.3628553081139922,modis_ndvi_mean_1000m
North_Campus_DU,2023,11,245.13,0.2966052555148329,2023,163.90668851244936,0.29421063877821785,81.22331148755063,0.002394616736615063,0.19449870109138723,modis_ndvi_mean_1000m
North_Campus_DU,2024,2,106.68,0.1847947185628742,2024,96.7908073985387,0.24737088515305727,9.889192601461303,-0.06257616659018309,-0.6188277636714485,modis_ndvi_mean_1000m
North_Campus_DU,2024,3,79.57,0.2221197323836525,2024,69.0162984649312,0.23260113561606371,10.553701535068797,-0.010481403232411202,-0.11061760138357314,modis_ndvi_mean_1000m
North_Campus_DU,2024,6,65.82,0.2297197872340425,2024,57.281745205209454,0.23228445443941487,8.53825479479054,-0.0025646672053723785,-0.021897782063312762,modis_ndvi_mean_1000m
North_Campus_DU,2024,7,37.96,0.2256519431279621,2024,41.87528275106513,0.2915848872249775,-3.915282751065128,-0.06593294409701539,0.25814611874998566,modis_ndvi_mean_1000m
North_Campus_DU,2024,8,27.95,0.1416,2024,38.30343499881146,0.3112513760675544,-10.353434998811462,-0.16965137606755437,1.7564744945743427,modis_ndvi_mean_1000m
North_Campus_DU,2024,9,41.01,0.3029651571656899,2024,43.67530000546484,0.3001417570062711,-2.665300005464843,0.0028234001594187874,-0.007525208460328333,modis_ndvi_mean_1000m
North_Campus_DU,2024,10,108.35,0.3237320033192724,2024,113.19042688642897,0.31260786815122865,-4.840426886428972,0.011124135168043725,-0.05384556295566892,modis_ndvi_mean_1000m
North_Campus_DU,2024,11,246.34,0.2212509370029734,2024,211.99399042616608,0.3014756611518273,34.346009573833925,-0.08022472414885387,-2.7553991436747207,modis_ndvi_mean_1000m
North_Campus_DU,2025,2,89.05,0.2385050376875734,2025,107.76979754640578,0.20152484933200188,-18.719797546405786,0.036980188355571514,-0.6922616392442514,modis_ndvi_mean_1000m
North_Campus_DU,2025,3,64.57,0.213555293548164,2025,75.74627020550062,0.2162375489382173,-11.176270205500629,-0.0026822553900533175,0.02997761099939636,modis_ndvi_mean_1000m
North_Campus_DU,2025,6,46.3,0.2891883955138477,2025,48.716160589796125,0.23319945407104317,-2.416160589796128,0.0559889414428045,-0.1352782737785074,modis_ndvi_mean_1000m
North_Campus_DU,2025,7,30.38,0.2713479207920792,2025,36.060178910936415,0.21581825540480537,-5.680178910936416,0.05552966538727383,-0.3154184342641487,modis_ndvi_mean_1000m
North_Campus_DU,2025,8,34.86,0.3585261295180723,2025,32.94353864910536,0.29414330651047793,1.916461350894636,0.06438282300759435,0.12338719195554451,modis_ndvi_mean_1000m
North_Campus_DU,2025,9,32.93,0.3541651416539051,2025,40.90162503193649,0.2913755936888251,-7.97162503193649,0.06278954796508002,-0.5005347323024087,modis_ndvi_mean_1000m
North_Campus_DU,2025,10,103.15,0.3111744277712467,2025,116.85273474367182,0.3254094398648107,-13.702734743671812,-0.014235012093563981,0.19505859479106757,modis_ndvi_mean_1000m
North_Campus_DU,2025,11,220.81,0.2986203119461182,2025,181.92292483977337,0.23483966858643449,38.88707516022663,0.06378064335968373,2.4802426720956303,modis_ndvi_mean_1000m
North_Campus_DU,2025,12,207.18,0.2140790689694613,2025,181.73117404754078,0.22269649131909702,25.44882595245923,-0.008617422349635723,-0.2193032815347118,modis_ndvi_mean_1000m
Okhla_Phase-2,2023,1,190.56,0.2616301460915323,2023,91.94916997974502,0.31932566187980443,98.61083002025498,-0.057695515788272145,-5.689402700328242,modis_ndvi_mean_1000m
Okhla_Phase-2,2023,2,109.64,0.2511446029218305,2023,115.45352390528343,0.2838543180245917,-5.813523905283432,-0.032709715102761217,0.19015871068491286,modis_ndvi_mean_1000m
Okhla_Phase-2,2023,3,70.91,0.2607838295367998,2023,110.4965415312436,0.286741367059514,-39.5865415312436,-0.02595753752271418,1.027569137191739,modis_ndvi_mean_1000m
Okhla_Phase-2,2023,8,31.3,0.4401193297655452,2023,86.99952144049165,0.3900791648966019,-55.69952144049165,0.050040164868943304,-2.7872132360034447,modis_ndvi_mean_1000m
Okhla_Phase-2,2023,9,38.07,0.4010913695215675,2023,93.91929408799378,0.4277537809809566,-55.849294087993776,-0.026662411459389135,1.4890768586905192,modis_ndvi_mean_1000m
Okhla_Phase-2,2023,12,215.11,0.3480073530429966,2023,168.8683209727976,0.3172771483567219,46.24167902720242,0.030730204686274742,1.4210162615429485,modis_ndvi_mean_1000m
Okhla_Phase-2,2024,1,238.74,0.2738827736619814,2024,206.18356450755104,0.26637152341818265,32.55643549244897,0.007511250243798728,0.24453953402987488,modis_ndvi_mean_1000m
Okhla_Phase-2,2024,2,105.55,0.2203154226961157,2024,103.70106768984239,0.28324153105079203,1.8489323101576076,-0.06292610835467632,-0.11634611488943963,modis_ndvi_mean_1000m
Okhla_Phase-2,2024,3,66.39,0.242541491720363,2024,70.65552152883555,0.27334051879611676,-4.265521528835549,-0.03079902707575377,0.1313739130588167,modis_ndvi_mean_1000m
Okhla_Phase-2,2024,8,21.04,0.4885690994258083,2024,30.23163137414935,0.3896053643979016,-9.191631374149352,0.09896373502790667,-0.9096381717855102,modis_ndvi_mean_1000m
Okhla_Phase-2,2024,9,36.64,0.5140936442426745,2024,51.40427807650375,0.38876122592964424,-14.76427807650375,0.1253324183130302,-1.8504426759742691,modis_ndvi_mean_1000m
Okhla_Phase-2,2024,10,103.94,0.3829844284428444,2024,97.65353827302168,0.3923946204509929,6.286461726978317,-0.009410192008148466,-0.05915681190274256,modis_ndvi_mean_1000m
Okhla_Phase-2,2025,1,186.22,0.259994339818597,2025,181.21850043652177,0.2507524929598664,5.001499563478234,0.009241846858730585,0.04622309302967371,modis_ndvi_mean_1000m
Okhla_Phase-2,2025,2,99.84,0.2753442671190196,2025,111.22401162151664,0.2341082991067667,-11.384011621516635,0.041235968012252905,-0.46943073907597527,modis_ndvi_mean_1000m
Okhla_Phase-2,2025,3,68.92,0.2776714775323686,2025,69.05303627183977,0.24648695035384222,-0.13303627183977085,0.031184527178526378,-0.004148673234917157,modis_ndvi_mean_1000m
Okhla_Phase-2,2025,4,71.86,0.300911403448037,2025,61.94204279969766,0.25716020872542455,9.91795720030234,0.04375119472261246,0.433922476720964,modis_ndvi_mean_1000m
Okhla_Phase-2,2025,5,59.31,0.2786726234161877,2025,54.29940465694933,0.2784438967519528,5.010595343050674,0.00022872666423490173,0.0011460567586469139,modis_ndvi_mean_1000m
Okhla_Phase-2,2025,6,42.87,0.3183612425545997,2025,40.16357471269421,0.308414237811948,2.706425287305784,0.0099470047426517,0.02692082516846312,modis_ndvi_mean_1000m
Okhla_Phase-2,2025,7,23.39,0.385297556416399,2025,28.755271165309964,0.29389598080646556,-5.365271165309963,0.09140157560993345,-0.49039423808387433,modis_ndvi_mean_1000m
Okhla_Phase-2,2025,10,104.66,0.3987065498857579,2025,117.54523783324639,0.44334244083286567,-12.885237833246393,-0.04463589094710779,0.5751440707523335,modis_ndvi_mean_1000m
Okhla_Phase-2,2025,11,212.35,0.3453412546399404,2025,176.59171070025744,0.33937950982724613,35.75828929974256,0.005961744812694292,0.213181795743562,modis_ndvi_mean_1000m
Okhla_Phase-2,2025,12,225.32,0.2687739077753929,2025,179.33238118881388,0.2923298161637905,45.98761881118611,-0.023555908388397606,-1.0832801357168504,modis_ndvi_mean_1000m
Patparganj,2023,1,206.51,0.2069785150844174,2023,105.75349487829959,0.2592372052496936,100.7565051217004,-0.052258690165276234,-5.265402983291009,modis_ndvi_mean_1000m
Patparganj,2023,6,52.83,0.2782559403542762,2023,83.32289159495559,0.2702128027181268,-30.492891594955594,0.008043137636149389,-0.24525852402241072,modis_ndvi_mean_1000m
Patparganj,2023,9,43.29,0.3158313893152085,2023,92.16347950546563,0.3340508640951181,-48.87347950546563,-0.018219474779909595,0.8904491272562596,modis_ndvi_mean_1000m
Patparganj,2023,10,105.26,0.2811889496263493,2023,105.05502725275338,0.31425905426846484,0.20497274724662873,-0.033070104642115516,-0.006778470200227907,modis_ndvi_mean_1000m
Patparganj,2023,11,263.26,0.3278155383168782,2023,187.60420066754017,0.2838787623630248,75.65579933245982,0.043936775953853424,3.3240719048799807,modis_ndvi_mean_1000m
Patparganj,2024,2,86.33,0.3211,2024,124.07074980138279,0.20733118522066776,-37.74074980138279,0.11376881477933223,-4.2937203737866385,modis_ndvi_mean_1000m
Patparganj,2024,5,81.02,0.2379162953224467,2024,77.14570413701269,0.24233100696673385,3.87429586298731,-0.004414711644287139,-0.01710389905974357,modis_ndvi_mean_1000m
Patparganj,2024,6,53.3,0.2060131472717148,2024,64.03513662670613,0.243481906031811,-10.735136626706137,-0.0374687587600962,0.4022322445227251,modis_ndvi_mean_1000m
Patparganj,2024,7,39.62,0.2188968980797636,2024,37.922895846529855,0.2938591603686182,1.6971041534701428,-0.07496226228885461,-0.12721876668393342,modis_ndvi_mean_1000m
Patparganj,2024,8,28.07,0.3054815315315315,2024,36.82809960999451,0.31808012436072025,-8.75809960999451,-0.012598592829188737,0.11033973094379751,modis_ndvi_mean_1000m
Patparganj,2024,11,274.92,0.2080395371913947,2024,210.64640355073172,0.2943313315018718,64.2735964492683,-0.0862917943104771,-5.5462839643948705,modis_ndvi_mean_1000m
Patparganj,2024,12,186.58,0.1971266597356304,2024,205.38705439553235,0.2410885872871158,-18.807054395532333,-0.0439619275514854,0.8267943627932374,modis_ndvi_mean_1000m
Patparganj,2025,1,193.93,0.1816165021713383,2025,192.40209622227283,0.21079677853929932,1.5279037777271753,-0.029180276367961028,-0.04458465449773067,modis_ndvi_mean_1000m
Patparganj,2025,2,101.21,0.2296047813451426,2025,105.92653955807191,0.20988603062480896,-4.716539558071915,0.019718750720333633,-0.09300426780821265,modis_ndvi_mean_1000m
Patparganj,2025,3,63.02,0.2245536430943814,2025,75.55399566377518,0.23655768752285414,-12.53399566377518,-0.012004044428472749,0.15045864081424204,modis_ndvi_mean_1000m
Patparganj,2025,4,70.58,0.2246278092997508,2025,66.61357297688627,0.2459504591015221,3.9664270231137237,-0.021322649801771315,-0.08457473437813623,modis_ndvi_mean_1000m
Patparganj,2025,5,67.85,0.2417275170710446,2025,59.28931233258134,0.23805314348336692,8.560687667418655,0.003674373587677665,0.031455164657521024,modis_ndvi_mean_1000m
Patparganj,2025,6,42.79,0.2980137766399114,2025,44.50404620916674,0.2702350120122369,-1.7140462091667388,0.027778764627674535,-0.04761408620540063,modis_ndvi_mean_1000m
Patparganj,2025,7,26.04,0.2816132648633009,2025,32.455073810707276,0.2640385933282011,-6.415073810707277,0.017574671535099784,-0.11274281509660128,modis_ndvi_mean_1000m
Patparganj,2025,8,31.75,0.3359266584891647,2025,28.36094248415213,0.3423326213458092,3.3890575158478704,-0.00640596285664452,-0.021710176565553407,modis_ndvi_mean_1000m
Patparganj,2025,12,235.01,0.2144932662243575,2025,196.88671016114176,0.22720376432397343,38.12328983885823,-0.012710498099615941,-0.4845660030479152,modis_ndvi_mean_1000m
Punjabi_Bagh,2023,1,195.14,0.2631287226681429,2023,101.33823855818606,0.3102603803921167,93.80176144181392,-0.04713165772397376,-4.421032514181413,modis_ndvi_mean_1000m
Punjabi_Bagh,2023,4,78.79,0.2973024598671464,2023,122.9720944883518,0.2817526693080646,-44.182094488351794,0.015549790559081789,-0.6870223157554323,modis_ndvi_mean_1000m
Punjabi_Bagh,2023,5,73.93,0.3246821097425962,2023,117.15208162017447,0.2707852623791855,-43.222081620174464,0.053896847363410716,-2.3295339358114227,modis_ndvi_mean_1000m
Punjabi_Bagh,2023,6,53.05,0.3572121747854968,2023,98.51099224793398,0.26205455333457484,-45.46099224793399,0.09515762145092199,-4.325959891112202,modis_ndvi_mean_1000m
Punjabi_Bagh,2023,7,45.08,0.3392921772639692,2023,45.690382550593846,0.2943401015622393,-0.6103825505938474,0.04495207570172993,-0.02743796262130963,modis_ndvi_mean_1000m
Punjabi_Bagh,2023,8,42.66,0.3604114247904719,2023,105.12790858614703,0.3320712570933615,-62.46790858614703,0.028340167697110397,-1.7703510050191693,modis_ndvi_mean_1000m
Punjabi_Bagh,2023,11,299.77,0.3559135206199834,2023,174.87790462538354,0.3465406735938549,124.89209537461645,0.009372847026128506,1.1705945047189315,modis_ndvi_mean_1000m
Punjabi_Bagh,2023,12,241.68,0.3220899715159092,2023,172.05747245739573,0.3196602049531002,69.62252754260427,0.002429766562808966,0.16916648944126614,modis_ndvi_mean_1000m
Punjabi_Bagh,2024,1,249.72,0.2670789012738853,2024,216.66500480155347,0.27056024912582477,33.054995198446534,-0.003481347851939487,-0.1150759365299819,modis_ndvi_mean_1000m
Punjabi_Bagh,2024,2,121.14,0.2272689259796806,2024,129.24495871904801,0.30155571285628213,-8.104958719048014,-0.07428678687660153,0.6020913410055732,modis_ndvi_mean_1000m
Punjabi_Bagh,2024,3,85.53,0.2705763077774702,2024,89.93083677383518,0.2803462062697675,-4.400836773835181,-0.009769898492297258,0.04299572856153866,modis_ndvi_mean_1000m
Punjabi_Bagh,2024,4,73.05,0.2664427587877109,2024,85.06104257118837,0.2666083521189901,-12.01104257118837,-0.00016559333127919018,0.001988948551499252,modis_ndvi_mean_1000m
Punjabi_Bagh,2024,8,37.9,0.348394163516068,2024,38.73457245232086,0.3644229473247507,-0.8345724523208631,-0.016028783808682723,0.013377181410933284,modis_ndvi_mean_1000m
Punjabi_Bagh,2024,9,54.95,0.4172196105279173,2024,61.80814911426683,0.3672317719203869,-6.85814911426683,0.049987838607530366,-0.34282405107034764,modis_ndvi_mean_1000m
Punjabi_Bagh,2024,10,125.35,0.4317944955715471,2024,135.43578063443243,0.3774227150208864,-10.085780634432439,0.054371780550660664,-0.5483818513374636,modis_ndvi_mean_1000m
Punjabi_Bagh,2025,2,113.37,0.3083241350678107,2025,126.46739185392556,0.23483414891260365,-13.097391853925558,0.07348998615520705,-0.9625271460143108,modis_ndvi_mean_1000m
Punjabi_Bagh,2025,3,78.65,0.2798988306116799,2025,86.94374161484996,0.2621589431321338,-8.29374161484995,0.017739887479546135,-0.14713004303186736,modis_ndvi_mean_1000m
Punjabi_Bagh,2025,4,82.9,0.2862716094658178,2025,78.32284022678787,0.2717924252046123,4.577159773212131,0.014479184261205535,0.06627353974931618,modis_ndvi_mean_1000m
Punjabi_Bagh,2025,5,69.65,0.2692333206476613,2025,70.3911010939266,0.27099091087492344,-0.7411010939265879,-0.001757590227262129,0.001302552040098644,modis_ndvi_mean_1000m
Punjabi_Bagh,2025,6,48.33,0.3288717928314418,2025,52.95369094647585,0.2870799068964237,-4.623690946475854,0.04179188593501809,-0.19323276463389474,modis_ndvi_mean_1000m
Punjabi_Bagh,2025,7,28.81,0.2938983497394324,2025,40.24905890282742,0.2655043329906502,-11.439058902827423,0.028394016748782225,-0.32480083007718824,modis_ndvi_mean_1000m
Punjabi_Bagh,2025,8,32.97,0.4681,2025,36.28740712254192,0.4191703260484098,-3.3174071225419226,0.0489296739515902,-0.1623196488706593,modis_ndvi_mean_1000m
Punjabi_Bagh,2025,12,239.37,0.2997838465264323,2025,191.51274757009224,0.27540170745548237,47.85725242990776,0.024382139070949937,1.166862184299568,modis_ndvi_mean_1000m
R_K_Puram,2023,1,210.01,0.340492950093445,2023,100.22613530864115,0.39044733394750913,109.78386469135884,-0.049954383854064144,-5.484185317774779,modis_ndvi_mean_1000m
R_K_Puram,2023,2,123.74,0.3042181075655845,2023,132.9078268458674,0.39249686825819685,-9.167826845867395,-0.08827876069261237,0.8093243921976351,modis_ndvi_mean_1000m
R_K_Puram,2023,5,88.28,0.4121250986363952,2023,94.77647110167625,0.3946326657395385,-6.496471101676249,0.017492432896856702,-0.11363908481244052,modis_ndvi_mean_1000m
R_K_Puram,2023,10,113.64,0.4761342285595624,2023,105.64894617104858,0.4726747638221085,7.991053828951422,0.003459464737453899,0.027644768936353405,modis_ndvi_mean_1000m
R_K_Puram,2023,11,277.24,0.4795626635287602,2023,180.7940290241342,0.4734695977352152,96.4459709758658,0.006093065793545016,0.5876516466782834,modis_ndvi_mean_1000m
R_K_Puram,2023,12,227.28,0.4357294905516716,2023,190.51910410143222,0.4113799923976794,36.76089589856778,0.024349498153992177,0.8951093668212748,modis_ndvi_mean_1000m
R_K_Puram,2024,1,249.85,0.3866796255277913,2024,210.7441509250812,0.3583207343012335,39.10584907491881,0.02835889122655777,1.1089985202378072,modis_ndvi_mean_1000m
R_K_Puram,2024,4,71.25,0.3155594898594864,2024,74.19572911927268,0.3488460147045088,-2.945729119272684,-0.033286524845022425,0.09805308551537623,modis_ndvi_mean_1000m
R_K_Puram,2024,5,94.63,0.4069344925742574,2024,73.85674203886686,0.35966881710642534,20.77325796113314,0.04726567546783206,0.9818620692004777,modis_ndvi_mean_1000m
R_K_Puram,2024,6,66.56,0.3483629750121133,2024,58.79091205119998,0.37033615080612353,7.769087948800021,-0.021973175794010258,-0.17071153525810942,modis_ndvi_mean_1000m
R_K_Puram,2024,7,54.16,0.3775290940379706,2024,39.65541800591189,0.4289320183093407,14.504581994088106,-0.05140292427137011,-0.7455779298299894,modis_ndvi_mean_1000m
R_K_Puram,2024,8,34.6,0.4540301918265222,2024,35.86890604767414,0.47997104463382645,-1.268906047674136,-0.025940852807304238,0.032916505009012935,modis_ndvi_mean_1000m
R_K_Puram,2024,9,48.0,0.6584409783989836,2024,51.64736472457066,0.484370264589809,-3.6473647245706573,0.17407071380917466,-0.634899381128418,modis_ndvi_mean_1000m
R_K_Puram,2024,12,199.6,0.3548120993977988,2024,206.79239448404823,0.4040265399587237,-7.192394484048236,-0.04921444056092489,0.35396967082591596,modis_ndvi_mean_1000m
R_K_Puram,2025,1,182.39,0.3469923167439606,2025,203.4436998254275,0.3441453736587872,-21.053699825427515,0.002846943085173359,-0.059938685135316416,modis_ndvi_mean_1000m
R_K_Puram,2025,2,108.05,0.3585573856163908,2025,125.14309366299273,0.32838069355540767,-17.09309366299273,0.030176692060983112,-0.5158130238376735,modis_ndvi_mean_1000m
R_K_Puram,2025,3,75.54,0.3504847857686718,2025,82.7612848961198,0.33673490020772817,-7.221284896119798,0.013749885560943642,-0.09929184092461801,modis_ndvi_mean_1000m
R_K_Puram,2025,4,83.33,0.35178854779539,2025,75.16362614857914,0.34541310158578753,8.166373851420857,0.006375446209602453,0.05206427721723769,modis_ndvi_mean_1000m
R_K_Puram,2025,5,70.56,0.3430258911884821,2025,67.49187419073122,0.37933941637400964,3.0681258092687784,-0.03631352518552755,-0.11141446384724889,modis_ndvi_mean_1000m
R_K_Puram,2025,8,41.49,0.4194311597729989,2025,35.055908465083625,0.5555167886581068,6.4340915349163765,-0.13608562888510795,-0.8755873928334446,modis_ndvi_mean_1000m
R_K_Puram,2025,11,235.98,0.463661488332983,2025,202.3403990203381,0.44230040846743696,33.63960097966188,0.02136107986554603,0.7185782031716578,modis_ndvi_mean_1000m
R_K_Puram,2025,12,248.71,0.3816471033458302,2025,199.93111912349963,0.3796106854302393,48.77888087650038,0.0020364179155908935,0.0993341869193794,modis_ndvi_mean_1000m
Rohini,2023,1,195.34,0.2983302750708409,2023,104.98578804857212,0.349054582494634,90.35421195142789,-0.05072430742379308,-4.583154824058787,modis_ndvi_mean_1000m
Rohini,2023,2,130.52,0.2514347501555048,2023,137.3970692531715,0.3420863559554637,-6.8770692531714985,-0.0906516057999589,0.6234173709975205,modis_ndvi_mean_1000m
Rohini,2023,3,88.88,0.2770275347294215,2023,146.6709909470243,0.31449937752256385,-57.79099094702431,-0.03747184279314236,2.1655349276268083,modis_ndvi_mean_1000m
Rohini,2023,4,79.58,0.3090058573501969,2023,122.93682125475034,0.3284927169981121,-43.35682125475034,-0.01948685964791519,0.8448882905710661,modis_ndvi_mean_1000m
Rohini,2023,7,36.21,0.3548081166272654,2023,39.956253471993826,0.34637455713844,-3.7462534719938247,0.008433559488825404,-0.031594251516278635,modis_ndvi_mean_1000m
Rohini,2023,10,106.99,0.4236829151980093,2023,115.53491974529805,0.3973051136907997,-8.54491974529806,0.02637780150720964,-0.22539619693650859,modis_ndvi_mean_1000m
Rohini,2024,1,234.1,0.3197449961987697,2024,194.15610706537967,0.29452591464021927,39.94389293462032,0.02521908155855046,1.0073482936841973,modis_ndvi_mean_1000m
Rohini,2024,2,125.57,0.2605906003638568,2024,130.1553877502812,0.3185756835136252,-4.5853877502812,-0.05798508314976841,0.2658840899739849,modis_ndvi_mean_1000m
Rohini,2024,3,86.66,0.2889149388347501,2024,90.29746510592717,0.3110587103334665,-3.637465105927177,-0.02214377149871638,0.08054719614020558,modis_ndvi_mean_1000m
Rohini,2024,6,55.86,0.2890791450687678,2024,60.7773849508066,0.30526136320259784,-4.9173849508066,-0.01618221813383003,0.07957419592196545,modis_ndvi_mean_1000m
Rohini,2024,7,42.7,0.2785854965188714,2024,33.56761275227801,0.33526984504404805,9.132387247721994,-0.056684348525176675,-0.5176634216167525,modis_ndvi_mean_1000m
Rohini,2024,8,27.78,0.516447985247917,2024,33.971294940785135,0.3993937110412094,-6.191294940785134,0.11705427420670761,-0.7247175356932647,modis_ndvi_mean_1000m
Rohini,2024,9,43.83,0.5968040254237288,2024,41.058304438841496,0.40057363669750884,2.771695561158502,0.19623038872621995,0.5438908973968712,modis_ndvi_mean_1000m
Rohini,2024,12,211.09,0.2715266155228419,2024,203.7462092190824,0.3318848451056323,7.343790780917601,-0.06035822958279041,-0.44325820996260423,modis_ndvi_mean_1000m
Rohini,2025,3,86.94,0.2913891008362706,2025,85.35247854439635,0.29444135052377773,1.5875214556036497,-0.0030522496875071137,-0.004845511866777078,modis_ndvi_mean_1000m
Rohini,2025,4,89.51,0.3356066936208445,2025,80.58823787760346,0.30706560670417943,8.921762122396544,0.02854108691666507,0.25463678818512997,modis_ndvi_mean_1000m
Rohini,2025,5,67.21,0.3237491637293525,2025,69.37205856295337,0.2996275345170979,-2.1620585629533764,0.02412162921225458,-0.052152374990741324,modis_ndvi_mean_1000m
Rohini,2025,8,32.97,0.4414949209768027,2025,29.202354693673932,0.5242527911470067,3.7676453063260666,-0.08275787017020403,-0.3118023011083112,modis_ndvi_mean_1000m
Rohini,2025,9,34.69,0.5112277491408933,2025,33.22758882401642,0.43396266345451956,1.4624111759835756,0.07726508568637375,0.11299332482108157,modis_ndvi_mean_1000m
Rohini,2025,12,269.27,0.3103716151772756,2025,206.48666712612558,0.30878861774388255,62.7833328738744,0.0015829974333930186,0.0993858547992027,modis_ndvi_mean_1000m
Shadipur,2023,2,167.65,0.2269682468879668,2023,118.61448747355814,0.27573254974208894,49.03551252644186,-0.048764302854122143,-2.3911825834465112,modis_ndvi_mean_1000m
Shadipur,2023,3,122.69,0.2727431362378976,2023,114.82429433285654,0.2608733030405085,7.865705667143459,0.011869833197389101,0.09336461424875102,modis_ndvi_mean_1000m
Shadipur,2023,4,92.22,0.2707004529737207,2023,100.41122593380146,0.2624453199398663,-8.191225933801462,0.00825513303385439,-0.06761965979388922,modis_ndvi_mean_1000m
Shadipur,2023,5,88.18,0.2806877640509419,2023,96.27648948315593,0.24403994069797053,-8.09648948315592,0.0366478233529714,-0.2967187163578889,modis_ndvi_mean_1000m
Shadipur,2023,6,67.4,0.3482423492977406,2023,79.56386144342397,0.2466480253117344,-12.163861443423968,0.10159432398600621,-1.2357792804041037,modis_ndvi_mean_1000m
Shadipur,2023,7,37.99,0.2900827884372633,2023,37.955963828269084,0.24201369084367214,0.034036171730917886,0.04806909759359118,0.001636088060645721,modis_ndvi_mean_1000m
Shadipur,2023,8,43.92,0.4400059727457234,2023,93.98501106089675,0.30816894719749666,-50.06501106089675,0.13183702554822674,-6.600422142307699,modis_ndvi_mean_1000m
Shadipur,2023,11,204.43,0.3379007745504842,2023,171.9973907165707,0.2951895129392636,32.432609283429315,0.042711261611220575,1.3852376598390506,modis_ndvi_mean_1000m
Shadipur,2023,12,192.51,0.2988327939142463,2023,166.64640707116823,0.28478750820632365,25.863592928831764,0.014045285707922628,0.36326155211884953,modis_ndvi_mean_1000m
Shadipur,2024,1,217.19,0.2514857053941909,2024,193.0600655954716,0.23382658125069744,24.1299344045284,0.017659124143493465,0.42611350722392105,modis_ndvi_mean_1000m
Shadipur,2024,2,105.21,0.2273633771929825,2024,152.42737273151428,0.2770460237589597,-47.21737273151429,-0.049682646565977207,2.345884041193834,modis_ndvi_mean_1000m
Shadipur,2024,5,161.23,0.2361067222767419,2024,81.89833626991086,0.2705820600170001,79.33166373008913,-0.03447533774025818,-2.734985900591413,modis_ndvi_mean_1000m
Shadipur,2024,6,139.66,0.1941455794504182,2024,62.24588042798812,0.28034812011863175,77.41411957201188,-0.08620254066821356,-6.673293790700302,modis_ndvi_mean_1000m
Shadipur,2024,7,35.33,0.2192655228229201,2024,39.126035824637135,0.3070978035055056,-3.796035824637137,-0.08783228068258547,0.3334144840306788,modis_ndvi_mean_1000m
Shadipur,2024,8,46.65,0.3626497888156784,2024,37.61788176501534,0.3210216757929949,9.032118234984658,0.04162811302268349,0.37599003872018183,modis_ndvi_mean_1000m
Shadipur,2024,9,60.64,0.5008500316656113,2024,46.159728089433536,0.32295725103558576,14.480271910566465,0.1778927806300255,2.5759358344495205,modis_ndvi_mean_1000m
Shadipur,2024,10,97.71,0.3571921265560166,2024,123.6122176325649,0.3514549832151455,-25.902217632564913,0.005737143340871109,-0.148604735404464,modis_ndvi_mean_1000m
Shadipur,2025,5,78.09,0.2277849466905943,2025,75.32645650723154,0.2541842918503713,2.763543492768463,-0.026399345159776988,-0.07295573852965032,modis_ndvi_mean_1000m
Shadipur,2025,8,51.7,0.2950616212383308,2025,35.202354971481604,0.4210192339863646,16.4976450285184,-0.1259576127480338,-2.0780039837566453,modis_ndvi_mean_1000m
Shadipur,2025,9,56.39,0.3902208437067773,2025,38.00863707755906,0.35030842616260605,18.381362922440942,0.03991241754417124,0.7336446319914106,modis_ndvi_mean_1000m
Shadipur,2025,10,91.13,0.3395231396957123,2025,120.10098711906261,0.382348023595563,-28.970987119062613,-0.04282488389985073,1.2406791598379274,modis_ndvi_mean_1000m
Shadipur,2025,11,138.3,0.2864804246560502,2025,180.3751942701008,0.2658773715835893,-42.07519427010078,0.02060305307246091,-0.8668774605809895,modis_ndvi_mean_1000m
Shadipur,2025,12,165.27,0.186154314329738,2025,182.3118054258848,0.24233475874078703,-17.041805425884803,-0.056180444411049024,0.9574162023928349,modis_ndvi_mean_1000m
Sirifort,2023,3,72.15,0.4116707981448153,2023,114.89318666893894,0.39955916975364847,-42.74318666893893,0.012111628391166807,-0.5176895931884633,modis_ndvi_mean_1000m
Sirifort,2023,6,41.59,0.4975277273985878,2023,81.38860321689683,0.39088431654185635,-39.79860321689682,0.10664341085673146,-4.244258794383562,modis_ndvi_mean_1000m
Sirifort,2023,7,28.28,0.4651157716415381,2023,35.39000798613528,0.4515022142886902,-7.11000798613528,0.013613557352847916,-0.09679250149845933,modis_ndvi_mean_1000m
Sirifort,2023,8,31.66,0.5118707084019768,2023,86.47075554322068,0.513270077028703,-54.81075554322068,-0.001399368626726183,0.07670045171434124,modis_ndvi_mean_1000m
Sirifort,2023,9,32.68,0.5342612072546036,2023,90.62775676393585,0.5306998507016424,-57.94775676393585,0.0035613565529611924,-0.2063726232806442,modis_ndvi_mean_1000m
Sirifort,2023,10,91.57,0.5090372594489823,2023,100.04400470335986,0.4981218922470496,-8.474004703359867,0.010915367201932646,-0.09249687300807728,modis_ndvi_mean_1000m
Sirifort,2023,11,232.49,0.5433286999861554,2023,167.0236333820496,0.49511076572658563,65.4663666179504,0.04821793425956977,3.1566529617972257,modis_ndvi_mean_1000m
Sirifort,2023,12,194.73,0.48438354907933,2023,170.43793327211444,0.453653169154879,24.292066727885555,0.03073037992445099,0.7465044396980381,modis_ndvi_mean_1000m
Sirifort,2024,12,183.48,0.3842642669251004,2024,168.19736789705783,0.46666549216564646,15.28263210294216,-0.08240122524054605,-1.2593076101829368,modis_ndvi_mean_1000m
Sirifort,2025,1,188.54,0.4245926865568323,2025,174.82008080124274,0.3926642732036615,13.719919198757253,0.031928413353170815,0.4380552513500257,modis_ndvi_mean_1000m
Sirifort,2025,2,110.12,0.4345547383358715,2025,103.76496401091092,0.37353535106582847,6.355035989089089,0.061019387270043024,0.387780402133288,modis_ndvi_mean_1000m
Sirifort,2025,3,78.72,0.414360864599197,2025,68.85267240691547,0.38076969167998187,9.867327593084525,0.03359117291921515,0.3314551074298453,modis_ndvi_mean_1000m
Sirifort,2025,4,84.69,0.4017371867645024,2025,66.95972258874272,0.3786412280037507,17.730277411257276,0.023095958760751656,0.4094977559070847,modis_ndvi_mean_1000m
Sirifort,2025,7,34.19,0.5015344724220624,2025,29.085931981072235,0.41488367664957543,5.104068018927762,0.08665079577248697,0.44227155551699165,modis_ndvi_mean_1000m
Sirifort,2025,8,30.07,0.454953944347079,2025,27.574858740351694,0.5905274652579986,2.4951412596483067,-0.13557352091091962,-0.33827508574062803,modis_ndvi_mean_1000m
Sirifort,2025,9,29.17,0.4181911606456572,2025,33.43747195377797,0.5312185808828626,-4.267471953777971,-0.11302742023720536,0.4823413458701505,modis_ndvi_mean_1000m
Sirifort,2025,10,102.68,0.5397159628963035,2025,106.56873676351393,0.5426218966945031,-3.8887367635139185,-0.002905933798199589,0.011300411593396379,modis_ndvi_mean_1000m
Sirifort,2025,11,214.27,0.5215698659398939,2025,171.04221299954756,0.4454908385637382,43.22778700045245,0.07607902737615563,3.2887279906180464,modis_ndvi_mean_1000m
Sirifort,2025,12,228.21,0.4366017836959595,2025,174.6658302236814,0.4082488018020888,53.5441697763186,0.0283529818938707,1.5181368761902998,modis_ndvi_mean_1000m
Sonia_Vihar,2023,1,181.65,0.3210627722087797,2023,92.99886029336254,0.37244204677634574,88.65113970663747,-0.051379274567566025,-4.554831247714981,modis_ndvi_mean_1000m
Sonia_Vihar,2023,2,120.59,0.3476910577255443,2023,111.97233810525792,0.3696333029978687,8.617661894742085,-0.021942245272324357,-0.18909085096839426,modis_ndvi_mean_1000m
Sonia_Vihar,2023,3,79.17,0.3325664362253716,2023,122.94118602264233,0.35315212728492973,-43.771186022642325,-0.020585691059558153,0.9010601127725649,modis_ndvi_mean_1000m
Sonia_Vihar,2023,4,70.55,0.3142145391051795,2023,99.57027426293608,0.336709345766182,-29.020274262936084,-0.02249480666100251,0.6528054587940143,modis_ndvi_mean_1000m
Sonia_Vihar,2023,5,73.18,0.3780571724853093,2023,94.79546427229656,0.33364294944188866,-21.61546427229655,0.04441422304342063,-0.9600340513768687,modis_ndvi_mean_1000m
Sonia_Vihar,2023,6,49.96,0.3574561562391981,2023,86.29849846508498,0.3061793985027066,-36.338498465084974,0.051276757736491485,-1.86332038230203,modis_ndvi_mean_1000m
Sonia_Vihar,2023,7,40.16,0.3173275417864367,2023,41.32372513413748,0.35317617644697735,-1.1637251341374864,-0.03584863466054067,0.04171795717898343,modis_ndvi_mean_1000m
Sonia_Vihar,2023,8,39.13,0.4081772264545382,2023,81.9145111129931,0.36744699142022663,-42.784511112993094,0.04073023503431156,-1.7426231934603236,modis_ndvi_mean_1000m
Sonia_Vihar,2024,1,218.46,0.3324451022685014,2024,181.29294770942846,0.3158433714647097,37.16705229057155,0.01660173080379168,0.6170373968985178,modis_ndvi_mean_1000m
Sonia_Vihar,2024,2,111.12,0.3078713875598087,2024,120.45946419565065,0.3615483995382304,-9.339464195650649,-0.05367701197842173,0.5013145315019808,modis_ndvi_mean_1000m
Sonia_Vihar,2024,3,73.66,0.3024039820255789,2024,74.75650980598036,0.3488680060252162,-1.0965098059803609,-0.04646402399963734,0.05094825794090917,modis_ndvi_mean_1000m
Sonia_Vihar,2024,6,58.01,0.2638082622187742,2024,61.60807432300535,0.3000301155612116,-3.598074323005349,-0.03622185334243744,0.13032892044308964,modis_ndvi_mean_1000m
Sonia_Vihar,2024,7,57.6,0.2697104369663485,2024,45.737793900923805,0.3365272994176066,11.862206099076197,-0.06681686245125812,-0.7925953932904494,modis_ndvi_mean_1000m
Sonia_Vihar,2024,8,35.39,0.4717688220484747,2024,37.34820416091413,0.3513381296750158,-1.9582041609141285,0.12043069237345888,-0.23582788290747658,modis_ndvi_mean_1000m
Sonia_Vihar,2024,9,48.03,0.5033402249534832,2024,44.200148720112345,0.3555180637505815,3.829851279887656,0.1478221612029017,0.5661368932786924,modis_ndvi_mean_1000m
Sonia_Vihar,2024,10,129.91,0.4375397718631179,2024,107.35528941505159,0.38625622314660435,22.55471058494841,0.05128354871651353,1.156685599070065,modis_ndvi_mean_1000m
Sonia_Vihar,2024,11,282.42,0.366269464223989,2024,209.3015702300998,0.3868971269796111,73.11842976990022,-0.02062766275562211,-1.5082623105141417,modis_ndvi_mean_1000m
Sonia_Vihar,2024,12,181.47,0.3053383120054703,2024,192.21152684360527,0.36640502023683047,-10.741526843605271,-0.06106670823136018,0.6559496857177664,modis_ndvi_mean_1000m
Sonia_Vihar,2025,1,136.65,0.3216703041825094,2025,186.27750277632978,0.2963208430711893,-49.62750277632978,0.025349461111320137,-1.2580304516805039,modis_ndvi_mean_1000m
Sonia_Vihar,2025,2,76.45,0.3144840407881092,2025,122.45288485641846,0.31851974251193155,-46.00288485641846,-0.004035701723822338,0.18565392171584852,modis_ndvi_mean_1000m
Sonia_Vihar,2025,3,54.21,0.3339897614932596,2025,74.07721625955195,0.31300071896180215,-19.867216259551945,0.020989042531457447,-0.4169938470533987,modis_ndvi_mean_1000m
Sonia_Vihar,2025,4,58.19,0.3416435222951952,2025,70.39712162166663,0.309176269753923,-12.20712162166663,0.032467252541272196,-0.3963317004926747,modis_ndvi_mean_1000m
Sonia_Vihar,2025,7,35.81,0.3418912472274356,2025,38.399656797009015,0.3244927443225272,-2.589656797009013,0.017398502904908353,-0.04505615130547698,modis_ndvi_mean_1000m
Sonia_Vihar,2025,8,41.51,0.394796891227655,2025,32.91740836159509,0.4699238294819719,8.592591638404905,-0.07512693825431693,-0.6455351014630052,modis_ndvi_mean_1000m
Sonia_Vihar,2025,9,34.93,0.4728467927002904,2025,37.08473989211444,0.3940557964850105,-2.154739892114442,0.07879099621527991,-0.16977410268450163,modis_ndvi_mean_1000m
Sonia_Vihar,2025,12,233.83,0.3997390559698434,2025,191.24728711361564,0.3298268004260296,42.58271288638437,0.0699122555438138,2.9770535050617575,modis_ndvi_mean_1000m
Sri_Aurobindo_Marg,2023,2,98.38,0.4662466800526204,2023,92.34624105929713,0.6065827690871052,6.033758940702867,-0.1403360890344848,-0.8467541319150963,modis_ndvi_mean_1000m
Sri_Aurobindo_Marg,2023,3,58.96,0.5088246209236308,2023,94.08052969812005,0.5799599772542056,-35.120529698120045,-0.07113535633057477,2.498311394594303,modis_ndvi_mean_1000m
Sri_Aurobindo_Marg,2023,6,34.6,0.569123589282005,2023,67.30171106729304,0.5394797792569747,-32.70171106729304,0.02964381002503036,-0.9694033103722677,modis_ndvi_mean_1000m
Sri_Aurobindo_Marg,2023,7,26.87,0.5214709601181683,2023,31.37086165768131,0.5358343616915139,-4.500861657681309,-0.014363401573345591,0.06464768341535056,modis_ndvi_mean_1000m
Sri_Aurobindo_Marg,2023,8,36.67,0.6605521505376344,2023,68.08878902230016,0.6386019800834425,-31.41878902230016,0.021950170454191897,-0.6896477745037817,modis_ndvi_mean_1000m
Sri_Aurobindo_Marg,2023,11,213.43,0.6574101225507166,2023,152.1069137386551,0.6650841034180341,61.32308626134491,-0.00767398086731752,-0.47059219069442276,modis_ndvi_mean_1000m
Sri_Aurobindo_Marg,2023,12,184.36,0.5958809596344248,2023,156.1147296423689,0.5909834582819272,28.245270357631114,0.0048975013524975575,0.13833124977815756,modis_ndvi_mean_1000m
Sri_Aurobindo_Marg,2024,1,215.08,0.5326269576957695,2024,164.44597352474878,0.48101577711485294,50.63402647525123,0.05161118058091657,2.613281883953102,modis_ndvi_mean_1000m
Sri_Aurobindo_Marg,2024,2,95.24,0.4708049920376653,2024,87.12150726770489,0.5233937245876925,8.11849273229511,-0.05258873255002722,-0.42694124300800723,modis_ndvi_mean_1000m
Sri_Aurobindo_Marg,2024,3,65.32,0.4727257806549884,2024,68.63472674330431,0.4932447858408325,-3.3147267433043197,-0.020519005185844097,0.06801489523551744,modis_ndvi_mean_1000m
Sri_Aurobindo_Marg,2024,4,51.98,0.4617234161877723,2024,62.38294948968053,0.5077714827330682,-10.40294948968053,-0.04604806654529586,0.47903571036816067,modis_ndvi_mean_1000m
Sri_Aurobindo_Marg,2024,5,68.44,0.4934269265388079,2024,61.498841631850844,0.487408422805095,6.9411583681491535,0.006018503733712877,0.04177538755499806,modis_ndvi_mean_1000m
Sri_Aurobindo_Marg,2024,6,46.58,0.4341861213044382,2024,54.22796660671723,0.5236399159206959,-7.647966606717233,-0.08945379461625774,0.684139634069281,modis_ndvi_mean_1000m
Sri_Aurobindo_Marg,2024,7,32.44,0.4669742366544345,2024,28.82642665223238,0.5462055011065119,3.613573347767616,-0.0792312644520774,-0.28630798553395465,modis_ndvi_mean_1000m
Sri_Aurobindo_Marg,2024,8,20.26,0.7668540206185567,2024,27.70348187084814,0.6184332115540104,-7.443481870848139,0.14842080906454624,-1.104767601528563,modis_ndvi_mean_1000m
Sri_Aurobindo_Marg,2024,11,167.2,0.558986813681368,2024,192.0620370366327,0.639352948027048,-24.8620370366327,-0.08036613434567996,1.9980658085932945,modis_ndvi_mean_1000m
Sri_Aurobindo_Marg,2024,12,142.29,0.4965338503081075,2024,153.55684378651645,0.6220331427806588,-11.26684378651646,-0.12549929247255132,1.4139809236065768,modis_ndvi_mean_1000m
Sri_Aurobindo_Marg,2025,1,115.34,0.5048049989614348,2025,161.14814854412998,0.48471552271228935,-45.80814854412998,0.020089476249145477,-0.9202617121946272,modis_ndvi_mean_1000m
Sri_Aurobindo_Marg,2025,2,82.02,0.4316409714048327,2025,92.34882254355833,0.4629165957693036,-10.328822543558331,-0.0312756243644709,0.3230403739996092,modis_ndvi_mean_1000m
Sri_Aurobindo_Marg,2025,8,20.02,0.5168384694633918,2025,25.669060385320286,0.7267422981038619,-5.649060385320286,-0.20990382864047008,1.1857594030999372,modis_ndvi_mean_1000m
Sri_Aurobindo_Marg,2025,9,26.29,0.6103242381622129,2025,29.337849633964957,0.670763955111653,-3.047849633964958,-0.06043971694944006,0.18421116918129657,modis_ndvi_mean_1000m
Sri_Aurobindo_Marg,2025,10,68.55,0.6844543169701586,2025,97.90828399485567,0.6606179299777031,-29.358283994855668,0.023836386992455494,-0.699795418735792,modis_ndvi_mean_1000m
Vivek_Vihar,2023,1,200.67,0.2057282562080653,2023,116.29206463488137,0.2932897803857472,84.37793536511862,-0.0875615241776819,-7.388260627535714,modis_ndvi_mean_1000m
Vivek_Vihar,2023,4,75.22,0.2919362627101059,2023,103.4468800591023,0.25011341882467114,-28.2268800591023,0.04182284388543478,-1.1805283980847274,modis_ndvi_mean_1000m
Vivek_Vihar,2023,7,23.02,0.2891228505222383,2023,37.256944846515935,0.28999055947145486,-14.236944846515936,-0.0008677089492165613,0.01235352445282448,modis_ndvi_mean_1000m
Vivek_Vihar,2023,8,26.63,0.3536111097780443,2023,92.51993401297064,0.33936794053555147,-65.88993401297064,0.014243169242492804,-0.9384814815234239,modis_ndvi_mean_1000m
Vivek_Vihar,2023,9,29.05,0.3433063857412655,2023,39.58113541288138,0.35692374301664864,-10.53113541288138,-0.013617357275383157,0.14340623343264547,modis_ndvi_mean_1000m
Vivek_Vihar,2023,12,231.5,0.2922321922593266,2023,194.09923992934972,0.30196277117933884,37.40076007065028,-0.009730578920012223,-0.36393104753590444,modis_ndvi_mean_1000m
Vivek_Vihar,2024,1,247.67,0.2450816905305389,2024,205.02918539756027,0.22292338206716764,42.64081460243972,0.022158308463371273,0.9448483230902854,modis_ndvi_mean_1000m
Vivek_Vihar,2024,4,70.13,0.2496552154665559,2024,66.45670067402304,0.2551311990942998,3.6732993259769557,-0.00547598362774393,-0.02011492696885262,modis_ndvi_mean_1000m
Vivek_Vihar,2024,5,83.49,0.2611220377671716,2024,68.92776840865616,0.24690856541314932,14.562231591343831,0.01421347235402226,0.20697987613643515,modis_ndvi_mean_1000m
Vivek_Vihar,2024,6,52.11,0.2458049111157224,2024,55.03270175288696,0.25512026796572934,-2.922701752886958,-0.00931535685000695,0.027226009794282847,modis_ndvi_mean_1000m
Vivek_Vihar,2024,7,39.43,0.2426950266170786,2024,42.1829808288419,0.30235391365584807,-2.752980828841899,-0.05965888703876948,0.16423977228777684,modis_ndvi_mean_1000m
Vivek_Vihar,2024,8,26.01,0.2978300267365162,2024,30.781494378108025,0.3486869657329809,-4.771494378108024,-0.05085693899646471,0.24266359850941407,modis_ndvi_mean_1000m
Vivek_Vihar,2024,11,301.83,0.2697475340665421,2024,231.98583717389766,0.32367105652606726,69.84416282610232,-0.05392352245952514,-3.7662432828200596,modis_ndvi_mean_1000m
Vivek_Vihar,2024,12,197.95,0.2124648268238761,2024,208.15773248559577,0.26743700326480857,-10.207732485595784,-0.05497217644093247,0.5611412712600096,modis_ndvi_mean_1000m
Vivek_Vihar,2025,3,75.82,0.2595566507574185,2025,74.56232965667526,0.2399140444350013,1.2576703433247332,0.01964260632241721,0.024703923437307027,modis_ndvi_mean_1000m
Vivek_Vihar,2025,4,72.14,0.2657086394134329,2025,69.67381561053742,0.2530182091093126,2.4661843894625832,0.012690430304120315,0.031296941111584424,modis_ndvi_mean_1000m
Vivek_Vihar,2025,5,66.02,0.2686837725669226,2025,59.321112656881816,0.27050016679392225,6.69888734311818,-0.0018163942269996403,-0.012167820297360821,modis_ndvi_mean_1000m
Vivek_Vihar,2025,6,45.5,0.2972723317424084,2025,39.42140621697487,0.27166583327281346,6.078593783025127,0.02560649846959495,0.1556515024023223,modis_ndvi_mean_1000m
Vivek_Vihar,2025,7,28.88,0.2701888427751261,2025,28.188815004572348,0.2558757544093968,0.6911849954276512,0.01431308836572931,0.009892991916622181,modis_ndvi_mean_1000m
Vivek_Vihar,2025,8,29.41,0.3693573064061892,2025,26.636396228468076,0.32897579177899355,2.773603771531924,0.040381514627195636,0.11200232127016138,modis_ndvi_mean_1000m
Vivek_Vihar,2025,9,35.76,0.3776924648786716,2025,28.033253928025925,0.3437374493163692,7.726746071974073,0.033955015562302404,0.26236178311983865,modis_ndvi_mean_1000m
Vivek_Vihar,2025,10,133.64,0.3546152175416753,2025,129.58946457181437,0.37068918432133413,4.050535428185611,-0.016073966779658833,-0.06510817191248668,modis_ndvi_mean_1000m
Vivek_Vihar,2025,11,269.57,0.344704973369302,2025,203.9039960086407,0.24716510407625578,65.6660039913593,0.09753986929304623,6.405053446313838,modis_ndvi_mean_1000m
Vivek_Vihar,2025,12,261.27,0.2715622777893063,2025,205.90241955022617,0.23011069178380206,55.36758044977381,0.04145158600550425,2.295074022930475,modis_ndvi_mean_1000m
Wazirpur,2023,1,201.52,0.2260510645651872,2023,112.46991397392053,0.31325028446067693,89.05008602607948,-0.08719921989548973,-7.765098033100382,modis_ndvi_mean_1000m
Wazirpur,2023,2,136.98,0.2070448534494677,2023,141.12626729955736,0.28735204298651246,-4.1462672995573655,-0.08030718953704477,0.33297507389680414,modis_ndvi_mean_1000m
Wazirpur,2023,3,90.12,0.2526634626019631,2023,146.01016151194924,0.25352574184357196,-55.89016151194923,-0.0008622792416088654,0.04819292608192058,modis_ndvi_mean_1000m
Wazirpur,2023,4,81.64,0.2855019632241117,2023,121.05439920925222,0.2597118104270514,-39.414399209252224,0.025790152797060317,-1.0165033780109483,modis_ndvi_mean_1000m
Wazirpur,2023,5,76.81,0.3189733478501313,2023,111.85316983117202,0.2639450154828979,-35.04316983117202,0.055028332367233423,-1.9283671966711413,modis_ndvi_mean_1000m
Wazirpur,2023,6,51.41,0.3259787121526336,2023,95.20474006970272,0.2682089926615512,-43.794740069702726,0.057769719491082394,-2.5300098490115928,modis_ndvi_mean_1000m
Wazirpur,2023,7,43.83,0.2767259856977194,2023,50.99939941824992,0.3192995732193835,-7.169399418249924,-0.042573587521664125,0.305227053610631,modis_ndvi_mean_1000m
Wazirpur,2023,8,50.05,0.3688443123209168,2023,102.8159107708933,0.3826240240859959,-52.7659107708933,-0.013779711765079083,0.7270990414447915,modis_ndvi_mean_1000m
Wazirpur,2023,9,53.42,0.3635446011336926,2023,114.60729572312279,0.37833890092587324,-61.18729572312279,-0.014794299792180665,0.9052231964006924,modis_ndvi_mean_1000m
Wazirpur,2023,10,127.24,0.3459426932116688,2023,118.39282842757471,0.34373579350155753,8.847171572425282,0.0022068997101112875,0.01952482037849018,modis_ndvi_mean_1000m
Wazirpur,2024,1,249.13,0.2667272846674961,2024,202.32965913321917,0.2369541176342142,46.80034086678083,0.029773167033281922,1.3933943658411956,modis_ndvi_mean_1000m
Wazirpur,2024,2,126.73,0.2092350788054749,2024,135.48246396211243,0.2639450975915551,-8.75246396211243,-0.0547100187860802,0.47884746779166093,modis_ndvi_mean_1000m
Wazirpur,2024,3,84.76,0.2546876123323655,2024,93.07525340550222,0.2628157290754228,-8.315253405502219,-0.008128116743057301,0.06758735042802683,modis_ndvi_mean_1000m
Wazirpur,2024,4,75.86,0.253250801880271,2024,90.05564654867187,0.2687361496073341,-14.195646548671874,-0.015485347727063115,0.21982452301666736,modis_ndvi_mean_1000m
Wazirpur,2024,5,97.41,0.2893787190653948,2024,88.54084763146017,0.25800517709582677,8.86915236853983,0.03137354196956804,0.27825672406887814,modis_ndvi_mean_1000m
Wazirpur,2024,6,59.47,0.25243410410618,2024,64.56886479510759,0.26849570066701633,-5.098864795107588,-0.016061596560836333,0.08189590925726949,modis_ndvi_mean_1000m
Wazirpur,2024,12,220.52,0.2185002350338725,2024,200.8984773306946,0.27494957006332055,19.62152266930542,-0.056449335029448044,-1.1076219069475313,modis_ndvi_mean_1000m
Wazirpur,2025,1,221.92,0.2515810279275542,2025,208.80727498111844,0.22972630959156498,13.112725018881548,0.02185471833598923,0.28657491190493534,modis_ndvi_mean_1000m
Wazirpur,2025,2,122.69,0.2781014447670399,2025,137.53131519958222,0.22340510867951535,-14.841315199582226,0.054696336087524555,-0.811765564137236,modis_ndvi_mean_1000m
Wazirpur,2025,3,89.17,0.2600639361260887,2025,83.61642604527495,0.2617484526463935,5.553573954725053,-0.001684516520304824,-0.009355087073468946,modis_ndvi_mean_1000m
Wazirpur,2025,6,62.48,0.3161048147380062,2025,52.02105517873694,0.27429784276777375,10.45894482126306,0.041806971970232476,0.43725681298075286,modis_ndvi_mean_1000m
Wazirpur,2025,7,39.5,0.3116675570493543,2025,42.1651246832672,0.27118938292949185,-2.6651246832672015,0.04047817411986243,-0.107879380980433,modis_ndvi_mean_1000m
Wazirpur,2025,8,47.2,0.4163374274709174,2025,38.21471546481393,0.3685631685553168,8.985284535186075,0.04777425891560061,0.42926530981432165,modis_ndvi_mean_1000m
Wazirpur,2025,11,283.76,0.3344673717682844,2025,212.06861962454434,0.2656864164577003,71.69138037545565,0.06878095531058409,4.931001629758301,modis_ndvi_mean_1000m
Wazirpur,2025,12,266.65,0.2691108011889948,2025,211.24105889380695,0.24268088416912081,55.408941106193026,0.02642991701987396,1.464453715595765,modis_ndvi_mean_1000m
