station,year,month,pm25,sentinel2_ndvi_mean_1000m,fold,y_transformed,t_transformed,y_hat_oof,t_hat_oof,y_residual,t_residual,orthogonal_score
Alipur,2023,1,155.76,0.4317970786074115,0,45.611999999999995,0.05673976636014183,40.13440211695395,0.025079315756188117,5.477597883046045,0.03166045060395371,0.1734232172045007
Alipur,2023,2,121.24,0.5009788194805853,0,11.091999999999999,0.12592150723331563,-0.5569804846582336,0.006717082801280052,11.648980484658232,0.11920442443203558,1.3886100138936994
Alipur,2023,3,80.09,0.4205413084965412,0,-30.057999999999993,0.04548399624927152,-10.89296775634658,0.023032987817623314,-19.165032243653414,0.022451008431648205,-0.4302743004950725
Alipur,2023,4,76.69,0.3172882161420013,0,-33.458,-0.05776909610526837,17.328166146055732,-0.07252242920563556,-50.786166146055734,0.014753333100367194,-0.7492652260433519
Alipur,2023,5,67.45,0.3175647903418975,0,-42.69799999999999,-0.057492521905372185,-25.657838549094606,0.0015160781724581083,-17.040161450905387,-0.05900860007783029,1.0055160723181364
Alipur,2023,7,32.34,0.2733921853175042,0,-77.80799999999999,-0.10166512692976548,-67.10236533219785,0.0031622377516054576,-10.705634667802144,-0.10482736468137094,1.1222434694672228
Alipur,2023,8,35.82,0.4737276951681466,0,-74.328,0.09867038292087693,-65.79635188327792,0.0720046269766297,-8.531648116722081,0.026665755944247235,-0.22750284648270758
Alipur,2023,9,35.55,0.473040023700701,0,-74.598,0.09798271145343129,-60.19248696102797,0.056863986134482326,-14.405513038972032,0.041118725318948966,-0.5923363337280287
Alipur,2023,10,94.49,0.3438390293202086,0,-15.658000000000001,-0.03121828292706108,-2.334628686419467,0.03831438258759785,-13.323371313580534,-0.06953266551465893,0.9264095210747972
Alipur,2023,11,228.48,0.2414237048127095,0,118.332,-0.13363360743456018,89.03582632954831,-0.04064494978586521,29.29617367045168,-0.09298865764869496,-2.7242118638583426
Alipur,2023,12,198.96,0.3440049885137016,0,88.81200000000001,-0.031052323733568088,64.28859550082639,0.016178177636772952,24.523404499173623,-0.047230501370341044,-1.1582526898036476
Alipur,2024,1,167.47,0.2967259577629736,1,61.358095238095245,-0.07890123092150758,116.15260001002615,-0.0665925911739616,-54.7945047719309,-0.01230863974754598,0.6744458193828866
Alipur,2024,3,70.84,0.4740350271647603,1,-35.27190476190475,0.09840783848027912,-18.189388113227388,0.025522951395928247,-17.082516648677363,0.07288488708435087,-1.2450572970553935
Alipur,2024,4,65.78,0.2451749824139755,1,-40.33190476190475,-0.1304522062705057,-3.5819974898019895,-0.024583596966512643,-36.74990727210276,-0.10586860930399304,3.89066157494822
Alipur,2024,6,53.35,0.2321320721038561,1,-52.76190476190475,-0.14349511658062508,-48.47563221617808,-0.017264766853182765,-4.286272545726675,-0.12623034972744232,0.5410576824742127
Alipur,2024,7,38.88,0.3216518794663763,1,-67.23190476190476,-0.053975309218104894,-61.97778077189768,-0.04268081316127606,-5.254123990007081,-0.011294496056828834,0.05934268268722476
Alipur,2024,8,22.48,0.5143390521675677,1,-83.63190476190475,0.1387118634830865,-69.46607894167518,0.05318940388962657,-14.165825820229571,0.08552245959345994,-1.211496266318575
Alipur,2024,9,41.13,0.4499043099542539,1,-64.98190476190476,0.0742771212697727,-52.62340792014234,0.015762180340757923,-12.358496841762417,0.05851494092901478,-0.7231567126671435
Alipur,2024,10,127.49,0.3860414420904838,1,21.37809523809524,0.010414253406002605,-42.051981219382085,0.03476889518468501,63.43007645747733,-0.024354641778682407,-1.5448167901162966
Alipur,2025,2,102.29,0.4965837306692173,2,5.194482758620694,0.12388801737617067,9.362744910797149,0.01268009807387509,-4.168262152176455,0.11120791930229558,-0.46354376105005207
Alipur,2025,4,93.56,0.2632935217727907,2,-3.53551724137931,-0.10940219152025593,-26.51219161132426,-0.03585953128989219,22.97667436994495,-0.07354266023036374,-1.689765756412568
Alipur,2025,5,82.31,0.2358442990094071,2,-14.78551724137931,-0.13685141428363953,-22.22740062685357,-0.039143975053683895,7.441883385474259,-0.09770743922995564,-0.7271273686426428
Alipur,2025,6,53.72,0.2600814217878561,2,-43.37551724137931,-0.11261429150519053,-54.93776973024335,-0.046180579069596085,11.56225248886404,-0.06643371243559446,-0.7681233569529299
Alipur,2025,8,28.67,0.3729035764681647,2,-68.42551724137931,0.00020786317511806152,-74.25968036377292,0.06479901915500225,5.834163122393605,-0.06459115597988419,-0.3768353402506135
Alipur,2025,9,37.63,0.46907722852821,2,-59.46551724137931,0.09638151523516336,-61.99933669191407,0.024712907148512066,2.5338194505347573,0.07166860808665129,0.18159531316270963
Alipur,2025,10,102.63,0.379188796082103,2,5.534482758620683,0.006493082789056359,3.115032986254809,0.030322682369969486,2.419449772365874,-0.023829599580913127,-0.057654519281610195
Alipur,2025,11,230.41,0.269180178126949,2,133.31448275862067,-0.10351553516609763,88.69447430379522,-0.05861825032961392,44.62000845482545,-0.044897284836483704,-2.0033172290026093
Alipur,2025,12,199.32,0.3278837763311996,2,102.22448275862068,-0.04481193696184704,85.92537883522782,-0.03706865619405555,16.299103923392863,-0.007743280767791495,-0.12620853794224285
Anand_Vihar,2023,1,226.2,0.1489432995669109,0,112.66999999999999,-0.08411306043841119,84.7362682012894,0.0086062195570158,27.933731798710582,-0.09271927999542698,-2.5899954999618084
Anand_Vihar,2023,2,137.86,0.2361460136468663,0,24.330000000000013,0.0030896536415442044,19.980312522117387,-0.010634599420742984,4.349687477882625,0.013724253062287188,0.059696211688322856
Anand_Vihar,2023,3,99.13,0.242478806271434,0,-14.400000000000006,0.009422446266111911,-3.3257520642051714,-0.002278571577056721,-11.074247935794833,0.011701017843168633,-0.12957997269640875
Anand_Vihar,2023,4,91.27,0.245680802605728,0,-22.260000000000005,0.012624442600405905,23.611301007967747,-0.06841416224873988,-45.87130100796775,0.08103860484914578,-3.717346236300921
Anand_Vihar,2023,5,82.1,0.2447190259001337,0,-31.430000000000007,0.011662665894811602,-4.800348482557122,-0.027871244356978696,-26.629651517442884,0.0395339102517903,-1.0527742531270383
Anand_Vihar,2023,6,55.56,0.2606586000848038,0,-57.97,0.0276022400794817,-50.09507227319861,-0.004077516948928937,-7.874927726801388,0.03167975702841064,-0.2494757970013621
Anand_Vihar,2023,7,37.66,0.1946912401918692,0,-75.87,-0.03836511981345289,-51.99939837484649,0.02681531022871645,-23.870601625153512,-0.06518043004216934,1.555896079292812
Anand_Vihar,2023,9,53.5,0.2900293825142929,0,-60.03,0.056973022508970794,-63.611464583314856,0.03876561484831149,3.5814645833148546,0.018207407660659307,0.06520918569062688
Anand_Vihar,2023,10,132.38,0.2837190778010849,0,18.849999999999994,0.05066271779576281,4.958104659278682,0.05867969258245347,13.891895340721312,-0.00801697478669066,-0.11137097468590822
Anand_Vihar,2023,11,280.67,0.1838343905522167,0,167.14000000000001,-0.04922196945310539,79.54775238061882,-0.029271909861393035,87.5922476193812,-0.019950059591712355,-1.7474705597786795
Anand_Vihar,2023,12,240.59,0.2035999019181605,0,127.06,-0.029456458087161602,77.67413844147832,0.01158144001198151,49.38586155852168,-0.041037898099143114,-2.026691954177002
Anand_Vihar,2024,1,252.19,0.101436589929899,1,129.70333333333332,-0.13023313107518303,133.47850599490275,-0.10510013350263082,-3.775172661569428,-0.025132997572552204,0.09488140533918989
Anand_Vihar,2024,2,121.33,0.1993216566513171,1,-1.1566666666666805,-0.032348064353764916,14.311121624960228,0.028003951736586683,-15.467788291626908,-0.060352016090351596,0.9335122078584192
Anand_Vihar,2024,4,87.61,0.2094392937863342,1,-34.87666666666668,-0.022230427218747822,-10.743542495173312,-0.0025097508157803134,-24.133124171493368,-0.01972067640296751,0.4759215323786541
Anand_Vihar,2024,6,74.91,0.1858079875735978,1,-47.57666666666668,-0.045861733431484225,-49.20600986045451,0.0021129223542858057,1.6293431937878253,-0.04797465578577003,-0.07816717887885812
Anand_Vihar,2024,7,52.13,0.1631288577457671,1,-70.35666666666668,-0.06854086325931491,-74.06176498210442,-0.027134208688100472,3.7050983154377377,-0.04140665457121444,-0.1534157260997189
Anand_Vihar,2024,8,44.31,0.2257168381503063,1,-78.17666666666668,-0.005952882854775715,-70.6761813425349,0.013099083734472855,-7.500485324131773,-0.01905196658924857,0.1428989957985078
Anand_Vihar,2024,9,88.87,0.2308555290717039,1,-33.616666666666674,-0.0008141919333781167,-51.26182676320396,0.02891637285923332,17.64516009653729,-0.029730564792611436,-0.5246005755261037
Anand_Vihar,2024,10,151.28,0.2972135074253192,1,28.793333333333322,0.0655437864202372,-18.100871262051268,0.042847106218977596,46.89420459538459,0.022696680201259603,1.0643427649938826
Anand_Vihar,2024,11,313.15,0.1862522307708575,1,190.6633333333333,-0.045417490234224506,131.1860351756098,-0.05469941784394062,59.47729815772351,0.009281927609716113,0.5520639759214911
Anand_Vihar,2025,3,81.45,0.2602685074251231,2,-43.81666666666666,0.03812728635139562,-26.5145066273993,0.03147543232995614,-17.302160039267363,0.006651854021439474,-0.11509144283678997
Anand_Vihar,2025,4,84.09,0.2215584549912437,2,-41.17666666666666,-0.0005827660824837821,-33.874589259507786,-0.019811573013450164,-7.302077407158876,0.01922880693096638,-0.14041023665722963
Anand_Vihar,2025,6,50.97,0.2410806430759396,2,-74.29666666666667,0.01893942200221213,-62.69144300780182,-0.03428884204498914,-11.605223658864844,0.05322826404720127,-0.6177259092408851
Anand_Vihar,2025,7,38.32,0.2149822875117638,2,-86.94666666666666,-0.007158933561963676,-70.75866297389972,-0.07659263502497834,-16.18800369276694,0.06943370146301467,-1.1239930156857587
Anand_Vihar,2025,8,51.59,0.2636067530802699,2,-73.67666666666666,0.041465532006542405,-74.4473262018489,0.019487272632532453,0.770659535182233,0.02197825937400995,0.016937755153289064
Anand_Vihar,2025,9,59.58,0.2934901425997133,2,-65.68666666666667,0.07134892152598582,-64.85736947777583,0.025820279867394897,-0.829297188890834,0.045528641658590926,-0.03775677454148758
Anand_Vihar,2025,11,257.78,0.2337556112931342,2,132.51333333333332,0.011614390219406745,91.85178509011466,-0.04097261792422173,40.66154824321866,0.052587008143628475,2.138269168598682
Anand_Vihar,2025,12,276.49,0.1990845363378676,2,151.22333333333336,-0.023056684735859867,80.77005131924871,-0.03606200274574954,70.45328201408465,0.013005318009889674,0.9162673374336113
Ashok_Vihar,2023,2,112.78,0.2558184326492408,0,3.950909090909107,-0.01457607207831707,-0.8169942976708606,-0.008573499215071645,4.767903388579968,-0.006002572863245426,-0.028619687494866024
Ashok_Vihar,2023,3,68.72,0.268373707489991,0,-40.109090909090895,-0.0020207972375668737,-9.668095066537216,-0.002786360054136031,-30.44099584255368,0.0007655628165691574,-0.023304494516395404
Ashok_Vihar,2023,5,55.03,0.2824716260661635,0,-53.79909090909089,0.012077121338605612,-24.90395929743863,-0.017575075765117684,-28.895131611652264,0.029652197103723296,-0.8568041378867387
Ashok_Vihar,2023,6,30.12,0.2847931182305596,0,-78.70909090909089,0.0143986135030017,-53.297040575728715,0.0033891028672945024,-25.412050333362174,0.011009510635707199,-0.27977423842027754
Ashok_Vihar,2023,7,25.47,0.225870677884076,0,-83.3590909090909,-0.044523826843481884,-63.031809260657006,0.002184477974561911,-20.32728164843389,-0.04670830481804379,0.9494528673572777
Ashok_Vihar,2023,8,25.52,0.3261030998559737,0,-83.3090909090909,0.055708595128415805,-55.424420780874996,0.07690994400547191,-27.8846701282159,-0.021201348877056103,0.5911926197099301
Ashok_Vihar,2023,9,34.96,0.3199101674579394,0,-73.86909090909089,0.04951566273038149,-60.21023764519206,0.04582848836150597,-13.658853263898827,0.003687174368875522,-0.050362573662879516
Ashok_Vihar,2023,10,89.46,0.2921409636281991,0,-19.3690909090909,0.021746458900641197,-14.510457502934301,0.06675114710577394,-4.858633406156599,-0.045004688205132745,0.21866128154711983
Ashok_Vihar,2023,11,236.55,0.2038883322928776,0,127.72090909090912,-0.0665061724346803,76.22347263427093,-0.020146634688042214,51.497436456638184,-0.04635953774663808,-2.387397349266614
Ashok_Vihar,2023,12,215.02,0.253706498254612,0,106.19090909090912,-0.016688006472945882,70.59246914582523,3.233825992559724e-05,35.59843994508388,-0.01672034473287148,-0.595218187834225
Ashok_Vihar,2024,1,184.78,0.1399007257156272,1,85.22047619047619,-0.13092861598974279,114.83843336837171,-0.10257699302174976,-29.61795717789552,-0.028351622967993026,0.8397171549898566
Ashok_Vihar,2024,2,103.67,0.2373510878821372,1,4.1104761904761915,-0.03347825382323277,19.64095309813045,0.0014274643491283803,-15.530476907654258,-0.034905718172361155,0.5421024500209425
Ashok_Vihar,2024,4,62.14,0.2298383438733315,1,-37.41952380952381,-0.040990997832038495,-4.307314245456355,-0.002693613022466893,-33.112209564067456,-0.0382973848095716,1.2681110315702684
Ashok_Vihar,2024,6,55.19,0.2472926571647443,1,-44.36952380952381,-0.023536684540625685,-51.30934783541394,-0.0011455295068705138,6.939824025890125,-0.02239115503375517,-0.15539067567068476
Ashok_Vihar,2024,7,42.25,0.0733483396887342,1,-57.30952380952381,-0.1974810020166358,-64.30499815648919,-0.01068769771253683,6.995474346965381,-0.18679330430409896,-1.3067077684442223
Ashok_Vihar,2024,10,120.75,0.3417569394148896,1,21.19047619047619,0.07092759770951962,10.04519266331454,0.04466724830733309,11.14528352716165,0.02626034940218653,0.2926790396096988
Ashok_Vihar,2024,12,199.52,0.2287668014356801,1,99.9604761904762,-0.04206254026968989,89.66304427965896,-0.03816640253877308,10.297431910817238,-0.003896137730916814,-0.04012021299928187
Ashok_Vihar,2025,1,194.46,0.2832620172506452,2,92.35107142857143,0.026630907572505413,51.85426541874487,-0.04402185699638067,40.49680600982656,0.07065276456888608,2.861211300804127
Ashok_Vihar,2025,2,114.75,0.230638862311126,2,12.641071428571422,-0.025992247367013804,2.1888068029548204,-0.023674805942240387,10.452264625616602,-0.0023174414247734178,-0.02422251102609773
Ashok_Vihar,2025,3,80.96,0.2769799978794414,2,-21.148928571428584,0.020348888201301596,-24.870665549320755,0.01862910162928781,3.7217369778921707,0.0017197865720137845,0.006400593279146118
Ashok_Vihar,2025,5,72.88,0.2831089628929779,2,-29.228928571428582,0.026477853214838087,-25.67004244830018,-0.027411018262191524,-3.558886123128403,0.053888871477029615,-0.19178435689065068
Ashok_Vihar,2025,6,53.18,0.280962409427231,2,-48.92892857142858,0.024331299749091206,-54.853232694378285,-0.031958277509594055,5.924304122949707,0.05628957725868526,0.3334765746327251
Ashok_Vihar,2025,7,34.78,0.213971577461644,2,-67.32892857142858,-0.042659532216495794,-63.775418724028604,-0.07419671169528905,-3.5535098473999724,0.031537179478793254,-0.11206767783711216
Ashok_Vihar,2025,9,37.92,0.3238446375144257,2,-64.18892857142858,0.06721352783628592,-57.12571298039026,0.04341944228687082,-7.063215591038315,0.023794085549415103,-0.16806275602712822
Ashok_Vihar,2025,10,129.19,0.2656192112954373,2,27.08107142857142,0.008988101617297517,8.10007048095846,0.04401217820802772,18.981000947612962,-0.0350240765907302,-0.664792030957919
Ashok_Vihar,2025,11,254.86,0.2719730405015029,2,152.75107142857144,0.015341930823363104,85.00485051070798,-0.05297972773283081,67.74622091786345,0.0683216585561939,4.628534174022748
Ashok_Vihar,2025,12,250.23,0.2752180712866873,2,148.1210714285714,0.018586961608547503,83.09461464690207,-0.029933309989430973,65.02645678166934,0.048520271597978476,3.155101344100806
Aya_Nagar,2023,1,134.01,0.302572508998527,0,60.43699999999998,-0.18394470476364372,42.46612211558495,0.0031902710443593375,17.97087788441503,-0.18713497580800306,-3.3629797981485843
Aya_Nagar,2023,2,68.95,0.4160936702533278,0,-4.623000000000005,-0.07042354350884295,-3.3241417733636998,-0.03643652758195254,-1.298858226636305,-0.03398701592689041,0.044144315235460724
Aya_Nagar,2023,3,61.87,0.4866557980243651,0,-11.70300000000001,0.00013858426219437447,-4.58536195511835,-0.010311766855655127,-7.11763804488166,0.010450351117849501,-0.07438181669877719
Aya_Nagar,2023,4,53.12,0.440268305957549,0,-20.45300000000001,-0.04624890780462171,14.226133397796323,-0.06439845442509406,-34.679133397796335,0.018149546620472357,-0.6294105483608845
Aya_Nagar,2023,6,35.79,0.4178857768368954,0,-37.78300000000001,-0.06863143692527535,-54.286866716477334,0.010834998166787499,16.503866716477326,-0.07946643509206285,-1.3115034531930019
Aya_Nagar,2023,7,34.07,0.4790503086662003,0,-39.50300000000001,-0.007466905095970422,-63.51391297579274,-0.01650331845509736,24.010912975792735,0.009036413359126937,0.21697253477928777
Aya_Nagar,2023,9,43.47,0.5955891130076232,0,-30.10300000000001,0.10907189924545246,-55.86524377501947,0.03738018735068039,25.762243775019463,0.07169171189477208,1.846939358481581
Aya_Nagar,2023,11,193.91,0.3808664172425842,0,120.33699999999999,-0.10565079651958653,68.00614007890405,0.006382198069114145,52.330859921095936,-0.11203299458870068,-5.862782946362194
Aya_Nagar,2023,12,136.87,0.4329121726659453,0,63.297,-0.053605041096225436,57.97733430788447,-0.007936406949603052,5.319665692115528,-0.04566863414662238,-0.24294186627556277
Aya_Nagar,2024,1,149.47,0.2862702468742479,1,70.63894736842106,-0.17778586940336916,116.47829459075065,-0.10447638434488168,-45.83934722232959,-0.07330948505848747,3.3604589402861906
Aya_Nagar,2024,2,82.28,0.2843874319591424,1,3.4489473684210594,-0.17966868431847466,-1.5182575358517454,-0.03413798690714347,4.967204904272805,-0.14553069741133118,-0.7228807939038058
Aya_Nagar,2024,3,79.15,0.3049207739374719,1,0.31894736842106397,-0.15913534234014515,-19.172778934643397,0.027114661353985638,19.49172630306446,-0.18625000369413078,-3.630334095950742
Aya_Nagar,2024,4,72.71,0.2704940686901579,1,-6.121052631578948,-0.19356204758745915,-10.663150947882322,-0.01953784576157814,4.542098316303374,-0.17402420182588102,-0.7904350341093727
Aya_Nagar,2024,6,47.48,0.2270270008543256,1,-31.351052631578945,-0.23702911542329147,-41.50092027985862,-0.019838317089916284,10.149867648279674,-0.21719079833337518,-2.20445785750796
Aya_Nagar,2024,9,33.95,0.6216042102224181,1,-44.88105263157894,0.15754809394480102,-59.373879001712346,0.07245668125761065,14.492826370133407,0.08509141268719037,1.233215069664817
Aya_Nagar,2024,10,97.79,0.5914532653920717,1,18.958947368421065,0.1273971491144546,-51.37721677807855,0.05021675876281345,70.33616414649961,0.07718039035164115,5.428572604663946
Aya_Nagar,2024,11,222.58,0.3758034473703178,1,143.74894736842106,-0.08825266890729927,108.56600145474523,-0.03827765230416994,35.18294591367582,-0.04997501660312933,-1.7582683061829505
Aya_Nagar,2024,12,130.38,0.4024358501875978,1,51.548947368421054,-0.06162026609001925,69.08602481362581,0.012615632993769022,-17.53707744520476,-0.07423589908378828,1.3018807114468
Aya_Nagar,2025,1,110.32,0.4475022012138369,2,24.120714285714286,0.01244996890089134,37.5358131025132,-0.0727667467078667,-13.415098816798917,0.08521671560875804,-1.14319066073454
Aya_Nagar,2025,2,75.08,0.3671036349313048,2,-11.11928571428571,-0.06794859738164072,-2.532405411575165,-0.043387360342469795,-8.586880302710544,-0.024561237039170923,0.21090440254186144
Aya_Nagar,2025,3,56.26,0.4573597142743435,2,-29.93928571428571,0.02230748196139798,-30.60678122806107,-0.036794311966851734,0.6674955137753606,0.05910179392824971,0.039450182303182535
Aya_Nagar,2025,4,70.94,0.3327619254247572,2,-15.25928571428571,-0.10229030688818835,-20.211789525835044,-0.04543076389287791,4.9525038115493345,-0.056859542995310444,-0.28159710340722827
Aya_Nagar,2025,5,70.17,0.4104127128630053,2,-16.029285714285706,-0.02463951944994025,-24.612556532474162,-0.0641477458314237,8.583270818188456,0.03950822638148345,0.3391098065785702
Aya_Nagar,2025,6,46.21,0.446228650789093,2,-39.98928571428571,0.011176418476147476,-47.792081645296605,-0.05581286465260051,7.802795931010898,0.066989283128748,0.5227037058183319
Aya_Nagar,2025,8,28.15,0.5216175171559316,2,-58.04928571428571,0.08656528484298609,-68.64995716484493,0.08393991375874793,10.600671450559226,0.0026253710842381595,0.027830696299807178
Aya_Nagar,2025,9,28.36,0.6249999624217499,2,-57.83928571428571,0.1899477301088044,-58.62481515656641,0.10875148674731626,0.7855294422807049,0.08119624336148813,0.06378203976303816
Aya_Nagar,2025,10,90.77,0.6064118939256451,2,4.570714285714288,0.17135966161269955,2.5370656873776656,0.07406583966890154,2.033648598336623,0.09729382194379801,0.1978614446228178
Aya_Nagar,2025,11,171.86,0.5005090249097998,2,85.6607142857143,0.06545679259685422,71.35759931863832,-0.02091359569332168,14.303114967075985,0.0863703882901759,1.2353655934653793
Bawana,2023,4,93.55,0.2264216119499701,0,-17.649090909090916,-0.029940646970580714,17.328826729588606,-0.04214314544459711,-34.97791763867952,0.012202498474016395,-0.426817986610258
Bawana,2023,6,52.15,0.2719889053735077,0,-59.049090909090914,0.01562664645295686,-41.64434804223814,0.00480713799690896,-17.40474286685277,0.0108195084560479,-0.18831076262325291
Bawana,2023,7,38.23,0.2562230100340682,0,-72.96909090909091,-0.00013924888648259026,-64.56845068900219,0.006078498166586724,-8.400640220088718,-0.006217747053069315,0.052233055972352185
Bawana,2023,8,41.87,0.304417193761607,0,-69.32909090909092,0.04805493484105616,-64.65266814054377,0.051770235702357184,-4.676422768547155,-0.0037153008613010213,0.017374317539790952
Bawana,2023,10,149.33,0.2731368394779622,0,38.1309090909091,0.016774580557411378,12.47576764038791,0.027579394727823985,25.655141450521192,-0.010804814170412607,-0.27719903588853123
Bawana,2023,11,307.15,0.198662265121831,0,195.95090909090908,-0.05769999379871982,84.34681799154272,0.003624048262744661,111.60409109936636,-0.06132404206146448,-6.844013976809056
Bawana,2023,12,226.35,0.2794875700206893,0,115.15090909090908,0.02312531110013849,73.67693030607542,0.013038915335007362,41.47397878483366,0.010086395765131128,0.4183229639784845
Bawana,2024,2,123.78,0.275579179999613,1,5.345555555555549,0.01833905534040775,11.134451991693782,0.03785568013792704,-5.7888964361382325,-0.01951662479751929,0.11297971973580646
Bawana,2024,3,103.35,0.277904775427649,1,-15.084444444444458,0.02066465076844376,-6.715685144239761,0.012874169507228332,-8.368759300204697,0.007790481261215428,-0.06519666250786703
Bawana,2024,4,93.35,0.1775767655006331,1,-25.084444444444458,-0.07966335915857217,1.9967920889051118,-0.022897637330897922,-27.081236533349568,-0.056765721827674254,1.537285939801571
Bawana,2024,5,109.17,0.1818992544248823,1,-9.26444444444445,-0.07534087023432295,-2.9325721529925257,-0.04397883165535901,-6.3318722914519245,-0.03136203857896394,0.19858042308158808
Bawana,2024,6,67.34,0.1941560031266366,1,-51.09444444444445,-0.06308412153256865,-48.41370813862283,-0.019187660450545166,-2.6807363058216183,-0.04389646108202348,0.11767483691966607
Bawana,2024,7,42.37,0.2623631417391111,1,-76.06444444444446,0.005123017079905867,-59.11631469361302,0.005644712714944408,-16.94812975083144,-0.0005216956350385408,0.008841765313075595
Bawana,2024,8,33.28,0.3470165792447189,1,-85.15444444444445,0.08977645458551364,-68.0705752134643,0.02030954901258562,-17.083869230980156,0.06946690557292802,-1.186763530688749
Bawana,2024,9,52.26,0.3108894374809523,1,-66.17444444444445,0.053649312821747064,-29.366951336086636,0.029383687928850346,-36.80749310835781,0.024265624892896718,-0.8931568210152917
Bawana,2024,10,141.36,0.2660605948898082,1,22.92555555555556,0.00882047023060295,20.217751294883783,0.027950204795339356,2.7078042606717787,-0.019129734564736406,-0.05179957675991343
Bawana,2024,11,306.53,0.1385865803041073,1,188.0955555555555,-0.11865354435509795,152.0779724167181,-0.04661279671800498,36.01758313883741,-0.07204074763709298,-2.594733617403001
Bawana,2024,12,218.27,0.2058179424525505,1,99.83555555555556,-0.05142218220665476,110.8321420879867,0.010608385516019357,-10.996586532431138,-0.06203056772267412,0.6821245056182158
Bawana,2025,1,199.48,0.287986782675608,2,81.44965517241378,0.037360144797802586,58.92682284944659,0.008173703460985064,22.522832322967197,0.029186441336817522,0.6573613243332597
Bawana,2025,2,123.94,0.2750739177431341,2,5.9096551724137925,0.024447279865328686,11.08003963338872,0.03896690943625325,-5.170384460974928,-0.014519629570924564,0.07507206711262042
Bawana,2025,4,107.47,0.2012730765328169,2,-10.560344827586206,-0.04935356134498853,-24.278983803787202,-0.04866963801644207,13.718638976200996,-0.0006839233285464569,-0.009382497231730543
Bawana,2025,5,79.29,0.1987411610792576,2,-38.7403448275862,-0.051885476798547825,-26.67147947111819,-0.05156772889978757,-12.06886535646801,-0.0003177478987602539,0.0038348566074381325
Bawana,2025,6,58.55,0.2187424462075149,2,-59.48034482758621,-0.031884191670290524,-63.012583334225866,-0.05760987022002297,3.5322385066396578,0.02572567854973245,0.09086923238279883
Bawana,2025,7,32.88,0.2242030430572865,2,-85.1503448275862,-0.026423594820518925,-76.27690643368075,-0.05700733799832908,-8.873438393905445,0.030583743177810152,-0.2713829609433243
Bawana,2025,8,38.36,0.2845286815889954,2,-79.6703448275862,0.03390204371118999,-75.49667166167474,0.03591073479656922,-4.173673165911467,-0.0020086910853792314,0.008383620081652877
Bawana,2025,9,48.78,0.3055942879746617,2,-69.2503448275862,0.05496765009685628,-62.5569818902749,0.03427487075991342,-6.693362937311306,0.020692779336942857,-0.13850428228385456
Bawana,2025,10,145.37,0.2823468980615765,2,27.3396551724138,0.031720260183771054,28.449702802959454,-0.0019724287933358922,-1.1100476305456546,0.03369268897710695,-0.03740048956574926
Burari_Crossing,2023,1,158.45,0.219863453861274,0,35.88699999999997,-0.09176001788010249,36.6208189002243,0.04875919499223708,-0.7338189002243283,-0.14051921287233957,0.10311565425036849
Burari_Crossing,2023,2,108.88,0.3078560120985314,0,-13.683000000000021,-0.0037674596428450835,-16.345562219649363,-0.022562206352157624,2.6625622196493417,0.01879474670931254,0.05004218251609436
Burari_Crossing,2023,3,68.33,0.3272036723589482,0,-54.23300000000002,0.015580200617571704,-14.581687238401132,0.0138133063406237,-39.65131276159889,0.0017668942769480042,-0.07005967759194444
Burari_Crossing,2023,4,71.08,0.3106146959403531,0,-51.48300000000002,-0.001008775801023376,11.866556055418224,-0.05263296103343154,-63.34955605541824,0.051624185232408165,-3.2703692161957356
Burari_Crossing,2023,5,52.23,0.3301748784898303,0,-70.33300000000003,0.01855140674845379,-39.79013001836414,0.0011257446689645098,-30.54286998163589,0.01742566207948928,-0.532229731237764
Burari_Crossing,2023,6,37.72,0.3422795884496784,0,-84.84300000000002,0.030656116708301873,-46.66012024315101,-0.0035355236767479134,-38.182879756849005,0.034191640385049786,-1.3055352935117783
Burari_Crossing,2023,8,44.1,0.3775056043011452,0,-78.46300000000002,0.06588213255976871,-42.63110690816169,0.08963813037553012,-35.83189309183833,-0.023755997815761404,0.8512223740243076
Burari_Crossing,2023,9,39.19,0.4030903808573506,0,-83.37300000000002,0.0914669091159741,-52.76552639240563,0.049914621510833194,-30.607473607594386,0.04155228760514091,-1.2718105462095217
Burari_Crossing,2023,11,226.82,0.2515180939669837,0,104.25699999999998,-0.06010537777439279,40.42111425204595,0.010673615019676301,63.83588574795402,-0.07077899279406909,-4.518239697357456
Burari_Crossing,2023,12,206.2,0.2862538892980988,0,83.63699999999997,-0.025369582443277694,57.41862476914198,0.017883514728525427,26.218375230857994,-0.04325309717180312,-1.1340259315470969
Burari_Crossing,2024,2,90.71,0.2984583451831906,1,-21.221500000000006,-0.01517140416860735,-0.6011804178052422,-0.015274988667669059,-20.620319582194764,0.00010358449906170894,-0.002135945474413992
Burari_Crossing,2024,3,74.58,0.3359169203089694,1,-37.3515,0.022287170957171476,-26.86781106930313,-0.001488320917677714,-10.483688930696871,0.02377549187484919,-0.24925486099022984
Burari_Crossing,2024,4,81.91,0.2788957914494988,1,-30.021500000000003,-0.03473395790229916,-8.624409481518956,-0.007505343181602705,-21.397090518481047,-0.027228614720696456,0.5826131338715876
Burari_Crossing,2024,5,92.7,0.2629894284703341,1,-19.231499999999997,-0.05064032088146386,-10.969095791360223,-0.02738588810509102,-8.262404208639774,-0.023254432776372843,0.19213752324103367
Burari_Crossing,2024,9,47.56,0.3248080096713916,1,-64.3715,0.01117826031959368,-51.706876253145346,0.024501376334847665,-12.664623746854652,-0.013323116015253985,0.16873225146888515
Burari_Crossing,2024,10,136.66,0.3998972458019602,1,24.728499999999997,0.08626749645016224,-32.46307605632061,0.08493138459783227,57.191576056320606,0.0013361118523299714,0.07641434262228097
Burari_Crossing,2024,11,249.52,0.274301988502157,1,137.5885,-0.03932776084964096,115.49615329352568,-0.04030438798021512,22.09234670647433,0.0009766271305741633,0.021575985171593592
Burari_Crossing,2024,12,189.29,0.2819369726204489,1,77.35849999999999,-0.031692776731349015,95.93629971556886,-0.018192208138182085,-18.577799715568872,-0.01350056859316693,0.2508108593701546
Burari_Crossing,2025,1,151.23,0.3131692912159836,2,36.888571428571424,0.0013907308929868023,29.304140575140842,-0.05960784265448228,7.584430853430582,0.060998573547469084,0.4626394632286791
Burari_Crossing,2025,2,80.19,0.3449227440607673,2,-34.15142857142857,0.033144183737770505,4.260617473245058,-0.026839562639540397,-38.41204604467362,0.0599837463773109,-2.304098427777291
Burari_Crossing,2025,3,68.4,0.3721976875496016,2,-45.94142857142856,0.06041912722660481,-35.02348346916976,-0.0019170408660177957,-10.917945102258798,0.0623361680926226,-0.6805828611204301
Burari_Crossing,2025,4,66.52,0.3116928094788994,2,-47.82142857142857,-8.575084409739864e-05,-23.132198950643016,-0.03555232059367748,-24.689229620785554,0.03546656974958008,-0.8756422844089894
Burari_Crossing,2025,5,64.35,0.3206621913418487,2,-49.99142857142857,0.008883631018851923,-39.64911602803991,-0.04299285458387209,-10.342312543388658,0.05187648560272401,-0.5365228277559737
Burari_Crossing,2025,6,44.07,0.327551432223899,2,-70.27142857142857,0.015772871900902208,-62.14930898003844,-0.0558700680294091,-8.122119591390131,0.07164293993031132,-0.5818925259927679
Burari_Crossing,2025,8,32.01,0.1894480634311652,2,-82.33142857142857,-0.12233049689183159,-76.60989369145685,0.08291858617705661,-5.721534879971728,-0.2052490830688882,1.1743397878608584
Burari_Crossing,2025,9,29.48,0.3772056271811548,2,-84.86142857142856,0.06542706685815802,-67.26548209339406,0.054067571434901235,-17.595946478034506,0.011359495423256788,-0.19988107348510437
Burari_Crossing,2025,10,120.25,0.3441720316019808,2,5.908571428571435,0.03239347127898401,16.186522433850058,0.04786839344973683,-10.277951005278624,-0.015474922170752824,0.15905049188149745
Burari_Crossing,2025,11,246.14,0.2974485508042038,2,131.79857142857142,-0.014330009518792985,82.88008378988471,-0.02957300253467241,48.91848763868671,0.015242993015879426,0.7456641654238856
Chandni_Chowk,2023,1,109.43,0.0939849000601365,0,18.680000000000007,-0.033727734840406906,42.08381897873696,0.031086213595693715,-23.40381897873695,-0.06481394843610062,1.5168939164956898
Chandni_Chowk,2023,2,75.04,0.1491624306615464,0,-15.709999999999994,0.021449795761003004,-11.400742194754898,0.008567011399990507,-4.309257805245096,0.012882784361012497,-0.05551523906098256
Chandni_Chowk,2023,3,50.86,0.1394354784959795,0,-39.89,0.0117228435954361,-7.034027155131288,-0.006661772770015175,-32.85597284486871,0.018384616365451273,-0.6040444560665958
Chandni_Chowk,2023,4,26.19,0.1509713279126506,0,-64.56,0.0232586930121072,21.041004355195113,-0.02163540515351356,-85.60100435519512,0.04489409816562076,-3.8429798925978598
Chandni_Chowk,2023,5,26.62,0.1579069973780122,0,-64.13,0.03019436247746879,-39.67866459123014,-0.004570097532038848,-24.451335408769857,0.034764460009507635,-0.8500374719972377
Chandni_Chowk,2024,3,107.29,0.1547579939944187,1,31.595454545454558,0.022236453638819986,-13.094631006094048,-0.011109934684902378,44.690085551548606,0.033346388323722366,1.490252947022314
Chandni_Chowk,2024,4,96.29,0.1307151087958013,1,20.595454545454558,-0.0018064315597974001,-2.7168929137823765,-0.0078055269893446836,23.312347459236936,0.0059990954295472835,0.13985299709472654
Chandni_Chowk,2024,5,137.05,0.1423563049547861,1,61.35545454545456,0.00983476459918739,-6.333028932907392,-0.02816860956920091,67.68848347836196,0.038003374168388296,2.5723907645189588
Chandni_Chowk,2024,6,151.7,0.1340468318834901,1,76.00545454545454,0.0015252915278913814,-24.141511091084137,-0.0077007833964975216,100.14696563653868,0.009226074924388903,0.9239634084129067
Chandni_Chowk,2024,9,25.0,0.0591421458080863,1,-50.69454545454545,-0.07337939454751241,-52.091965381431415,0.05567361965414208,1.3974199268859664,-0.1290530142016545,-0.1803412536700896
Chandni_Chowk,2024,12,120.96,0.1188175202356342,1,45.265454545454546,-0.013704020119964508,63.23257431291806,-0.0033537278735620763,-17.967119767463515,-0.010350292246402432,0.18596494041936149
Chandni_Chowk,2025,1,126.99,0.1431857540351771,2,40.46470588235293,0.013916762883188716,28.836085046550764,-0.021574797833306604,11.628620835802167,0.03549156071649532,0.4127179024429752
Chandni_Chowk,2025,3,81.14,0.159082369827658,2,-5.385294117647064,0.029813378675669605,-22.680009776447967,-0.005390320528232413,17.294715658800904,0.03520369920390202,0.6088379678694411
Chandni_Chowk,2025,4,85.8,0.1516315325927959,2,-0.7252941176470671,0.022362541440807515,-21.04315354281538,-0.0288916957713793,20.31785942516831,0.05125423721218682,1.0413763866214423
Chandni_Chowk,2025,5,58.34,0.1505456217291292,2,-28.18529411764706,0.021276630577140798,-28.203042432989914,-0.04103402856441746,0.01774831534285326,0.062310659141558256,0.0011059092276654182
Chandni_Chowk,2025,6,56.72,0.1483018762699594,2,-29.805294117647065,0.019032885117970993,-41.03386562389685,-0.06667550516197035,11.228571506249786,0.08570839027994134,0.9623827889438855
Chandni_Chowk,2025,7,40.94,0.0794418304487618,2,-45.58529411764707,-0.0498271607032266,-57.04823986685673,0.04446894121076299,11.462945749209666,-0.09429610191398959,-1.0809111006020085
Chandni_Chowk,2025,8,35.07,0.0089344355006265,2,-51.455294117647064,-0.12033455565136189,-57.29870765717134,0.023839860503795572,5.843413539524278,-0.14417441615515747,-0.8424707354140549
Chandni_Chowk,2025,9,40.3,0.1381941989429205,2,-46.22529411764707,0.008925207790932116,-51.914049435760106,0.016947202243526107,5.688755318113039,-0.008021994452593991,-0.04563516360406736
Chandni_Chowk,2025,10,103.11,0.1554569485668635,2,16.584705882352935,0.026187957414875118,30.01610714805364,0.0114031896948295,-13.431401265700703,0.014784767720045618,-0.19858014786811162
Chandni_Chowk,2025,11,220.37,0.140358558560558,2,133.84470588235294,0.011089567408569617,98.18649992624523,0.06676279365215573,35.65820595610771,-0.055673226243586116,-1.9852073676347743
Chandni_Chowk,2025,12,228.51,0.1541437415433635,2,141.98470588235293,0.0248747503913751,63.60300461706553,-0.04830972987971126,78.3817012652874,0.07318448027108636,5.736324069863611
DTU,2023,2,70.89,0.2650988475750166,0,-25.598181818181814,-0.014574845879574527,6.359713048756838,-0.026567922545834375,-31.957894866938652,0.011993076666259848,-0.3832734832314673
DTU,2023,4,56.58,0.2882412202032159,0,-39.908181818181816,0.008567526748624765,29.224783031745265,-0.054243048738942666,-69.13296484992708,0.06281057548756744,-4.342281307385691
DTU,2023,6,44.8,0.3046013469253294,0,-51.68818181818182,0.024927653470738276,-40.47812486372296,-0.0023591472295679755,-11.210056954458857,0.02728680070030625,-0.30588658995540086
DTU,2023,8,37.45,0.3797498332016488,0,-59.03818181818181,0.10007613974705765,-45.038253893550035,0.07081928623698183,-13.999927924631777,0.029256853510075814,-0.40959384044257163
DTU,2023,9,32.53,0.3808020084020853,0,-63.958181818181814,0.10112831494749414,-50.05107542493388,0.043296030008887154,-13.907106393247936,0.05783228493860698,-0.8042797396058374
DTU,2023,10,74.18,0.3454596100086359,0,-22.308181818181808,0.06578591655404475,4.396892915569357,0.06343282091667364,-26.705074733751164,0.0023530956373711137,-0.06283959485165942
DTU,2023,11,127.74,0.2140844814360728,0,31.25181818181818,-0.06558921201851833,52.56219664900988,-0.04640208911435478,-21.310378467191697,-0.01918712290416355,0.4088848507842475
DTU,2023,12,106.88,0.2854016569177824,0,10.39181818181818,0.005727963463191266,64.91089172305078,0.006649722497705975,-54.5190735412326,-0.0009217590345147091,0.05025344859000298
DTU,2024,1,92.64,0.1603837687019018,1,7.775789473684213,-0.13118726459653451,121.40876108833548,-0.08359393663930681,-113.63297161465127,-0.047593327957227705,5.408171284810444
DTU,2024,2,58.56,0.2605570582834299,1,-26.304210526315785,-0.031013975015006412,8.095572596012508,0.0008100766647895583,-34.399783122328294,-0.03182405167979597,1.0947404758587487
DTU,2024,3,70.82,0.2728785755804548,1,-14.044210526315794,-0.018692457717981503,-2.426964059301831,0.0036936335022453165,-11.617246467013963,-0.02238609122022682,0.2600647391384323
DTU,2024,4,84.4,0.2232497406633034,1,-0.46421052631578164,-0.06832129263513292,2.673462322366332,-0.003576632715065395,-3.1376728486821137,-0.06474465992006753,0.20314756152835298
DTU,2024,5,120.3,0.2087263177586,1,35.43578947368421,-0.0828447155398363,-0.29792264725079187,-0.03186749944724483,35.733712120935,-0.05097721609259147,-1.8216051645793587
DTU,2024,7,31.98,0.3306236117083691,1,-52.88421052631578,0.039052578409932814,-53.601378896814296,-0.01861127140524441,0.7171683704985128,0.05766384981517722,0.04135468920862161
DTU,2024,8,15.84,0.3734524664708989,1,-69.02421052631578,0.0818814331724626,-58.26138657333093,0.023891426451566826,-10.762823952984853,0.05799000672089578,-0.6241362333694097
DTU,2024,9,25.84,0.363789121318306,1,-59.024210526315784,0.07221808801986968,-50.20534182851416,0.03496500559863328,-8.818868697801626,0.03725308242123639,-0.32853004246126566
DTU,2024,10,67.87,0.3389011754821392,1,-16.994210526315783,0.047330142183702906,0.14634093594073616,0.04531212872428182,-17.140551462256518,0.0020180134594210836,-0.034589863552733385
DTU,2024,11,137.16,0.1881282002346073,1,52.29578947368421,-0.10344283306382901,79.01416776313341,-0.05763753591134241,-26.718378289449205,-0.0458052971524866,1.2238432569807676
DTU,2024,12,82.29,0.2301874952555303,1,-2.574210526315781,-0.061383538042906,74.71299458545867,-0.035886046552563985,-77.28720511177445,-0.025497491490342014,1.970629854649787
DTU,2025,1,81.11,0.2855466076297753,2,1.1060000000000088,0.002522368825514265,42.47046665309432,-0.051941437953217186,-41.36446665309431,0.05446380677873145,-2.252866319299409
DTU,2025,2,53.88,0.2885057959653391,2,-26.123999999999988,0.0054815571610780656,7.296021777293676,-0.02693829717014818,-33.42002177729366,0.032419854331226246,-1.0834722377662693
DTU,2025,3,43.89,0.3080374193607716,2,-36.11399999999999,0.025013180556510584,-18.09312714024192,0.010233986850638662,-18.02087285975807,0.014779193705871921,-0.2663339707432546
DTU,2025,7,23.02,0.3065095023251756,2,-56.983999999999995,0.023485263520914568,-63.58568712187041,-0.05043603116405783,6.6016871218704125,0.0739212946849724,0.48800525915377
DTU,2025,8,26.51,0.3103656386778009,2,-53.493999999999986,0.027341399873539896,-68.83812017206365,0.06059168094745204,15.344120172063668,-0.03325028107391215,-0.5101963085530022
DTU,2025,9,21.35,0.3583002786447822,2,-58.65399999999999,0.07527603984052117,-60.283507263810165,0.05433035576240342,1.6295072638101757,0.020945684078117748,0.034131144350766016
DTU,2025,10,59.39,0.3235106623824685,2,-20.61399999999999,0.040486423578207476,1.4825744960077656,0.04670879630102064,-22.096574496007754,-0.006222372722813167,0.13749312241156775
DTU,2025,12,248.23,0.2732419347653336,2,168.226,-0.009782304038927436,44.6361108538251,-0.033263347022227996,123.5898891461749,0.02348104298330056,2.902019499342684
Dr._Karni_Singh_Shooting_Range,2023,1,184.56,0.3571723744153899,0,77.2,-0.17358638147459643,38.59487348851893,0.001136226242317386,38.605126511481075,-0.1747226077169138,-6.745188375327337
Dr._Karni_Singh_Shooting_Range,2023,2,106.42,0.4510105563298847,0,-0.9399999999999977,-0.07974819956010165,-6.498984879629629,-0.02551792663290596,5.558984879629631,-0.05423027292719569,-0.30146526722046896
Dr._Karni_Singh_Shooting_Range,2023,3,67.95,0.5027124237112368,0,-39.41,-0.028046332178749522,-14.895261171860177,0.011312203450836226,-24.51473882813982,-0.039358535629585745,0.9648642216173302
Dr._Karni_Singh_Shooting_Range,2023,4,57.1,0.5034246475079487,0,-50.26,-0.027334108382037647,-1.4500500231259914,-0.062507090083001,-48.80994997687401,0.03517298170096335,-1.716791477361526
Dr._Karni_Singh_Shooting_Range,2023,5,55.54,0.4817283101415445,0,-51.82,-0.04903044574844184,-43.76086538136556,-0.024186690688761895,-8.059134618634438,-0.024843755059679947,0.20021916645834115
Dr._Karni_Singh_Shooting_Range,2023,6,35.74,0.5244510548480114,0,-71.62,-0.006307701041974978,-39.36230303778171,0.016185174843063834,-32.2576969622183,-0.022492875885038812,0.7255683741083697
Dr._Karni_Singh_Shooting_Range,2023,8,32.28,0.7275488987581067,0,-75.08,0.19679014286812035,-43.68059240710479,0.07639170810849012,-31.39940759289521,0.12039843475963023,-3.780439526564232
Dr._Karni_Singh_Shooting_Range,2023,9,36.47,0.6626884020878296,0,-70.89,0.1319296461978433,-43.6037312375738,0.0011376529601658345,-27.286268762426204,0.13079199323767748,-3.5688254794566983
Dr._Karni_Singh_Shooting_Range,2023,10,93.72,0.6682238400498285,0,-13.64,0.13746508415984215,-12.079341588341983,0.04094137775457873,-1.560658411658018,0.09652370640526342,-0.15064053432578328
Dr._Karni_Singh_Shooting_Range,2023,11,248.31,0.4672564455509735,0,140.95,-0.06350231033901282,48.6500861087921,0.02732883639861505,92.2999138912079,-0.09083114673762788,-8.383707022522723
Dr._Karni_Singh_Shooting_Range,2023,12,203.39,0.5575835758675315,0,96.02999999999999,0.026824819977545156,38.54385978242626,0.0155451274864095,57.48614021757373,0.011279692491135656,0.6484259841565377
Dr._Karni_Singh_Shooting_Range,2024,2,104.25,0.3271702104374157,1,-0.13599999999999568,-0.20686125617649254,-3.5569171976336924,-0.034217651374363146,3.4209171976336967,-0.1726436048021294,-0.59059947672908
Dr._Karni_Singh_Shooting_Range,2024,3,67.26,0.4315728190962939,1,-37.12599999999999,-0.1024586475176143,-26.677138307152536,0.019655185629226572,-10.448861692847455,-0.12211383314684088,1.2759505533347915
Dr._Karni_Singh_Shooting_Range,2024,4,56.27,0.3734590460650472,1,-48.11599999999999,-0.160572420548861,-10.292129948033038,-0.017043066026729812,-37.823870051966956,-0.1435293545221312,5.428835654087786
Dr._Karni_Singh_Shooting_Range,2024,5,81.18,0.2864023037168719,1,-23.20599999999999,-0.2476291628970363,-8.592880543130887,-0.050702967033009194,-14.613119456869102,-0.1969261958640271,2.87770602434783
Dr._Karni_Singh_Shooting_Range,2024,6,51.54,0.2484236052723345,1,-52.846,-0.2856078613415737,-49.73463523263438,-0.008662004271546885,-3.1113647673656146,-0.2769458570700268,0.8616795821555546
Dr._Karni_Singh_Shooting_Range,2024,7,42.02,0.4900030001212934,1,-62.36599999999999,-0.044028466492614826,-66.54167154048513,0.003370842282259869,4.1756715404851334,-0.04739930877487469,-0.1979239446899115
Dr._Karni_Singh_Shooting_Range,2024,8,26.59,0.6986388311464006,1,-77.79599999999999,0.16460736453249236,-68.73978785988425,0.07394503245159575,-9.056212140115747,0.09066233208089661,-0.8210573124422212
Dr._Karni_Singh_Shooting_Range,2024,9,41.36,0.6563447093957917,1,-63.025999999999996,0.12231324278188349,-66.56504104947342,0.028751083339572287,3.5390410494734255,0.09356215944231121,0.331120322943717
Dr._Karni_Singh_Shooting_Range,2024,10,107.81,0.6568781484464026,1,3.4240000000000066,0.12284668183249436,-49.956798161172294,0.09101948508541709,53.3807981611723,0.03182719674707728,1.6989611655916517
Dr._Karni_Singh_Shooting_Range,2024,11,244.7,0.4371817610595788,1,140.314,-0.09684970555432942,109.17742800469772,-0.026528695558743032,31.136571995302276,-0.0703210099955864,-2.189555190509947
Dr._Karni_Singh_Shooting_Range,2024,12,174.58,0.5117787033878538,1,70.19400000000002,-0.022252763226054406,82.91368326641567,0.016668700600744595,-12.719683266415657,-0.038921463826799,0.49506869214213756
Dr._Karni_Singh_Shooting_Range,2025,2,94.81,0.338126356433632,2,-4.715161290322584,-0.17150211035422114,-1.7740175350885667,-0.050214011006954995,-2.941143755234017,-0.12128809934726614,0.35672573597941487
Dr._Karni_Singh_Shooting_Range,2025,4,66.53,0.3422985175236254,2,-32.995161290322585,-0.16732994926422773,-24.346474590806434,-0.03828420574516578,-8.648686699516151,-0.12904574351906195,1.1160762056024838
Dr._Karni_Singh_Shooting_Range,2025,5,57.18,0.4174176870338209,2,-42.34516129032259,-0.09221077975403219,-32.95743554186589,-0.060678260089807035,-9.387725748456695,-0.031532519664225156,0.29601864676556355
Dr._Karni_Singh_Shooting_Range,2025,6,39.99,0.5016844429888743,2,-59.535161290322584,-0.00794402379897885,-58.18683471702198,-0.05993872940876834,-1.3483265733006036,0.05199470560978949,-0.07010584324462113
Dr._Karni_Singh_Shooting_Range,2025,8,29.36,0.5374309906066694,2,-70.16516129032259,0.027802523818816316,-74.09855259022412,0.10501085240212099,3.9333912999015297,-0.07720832858330468,-0.3036905679295092
Dr._Karni_Singh_Shooting_Range,2025,10,101.61,0.6850812212397299,2,2.0848387096774132,0.1754527544518768,10.112292776096504,0.07138558672930218,-8.027454066419091,0.10406716772257463,-0.8353944087152992
Dr._Karni_Singh_Shooting_Range,2025,12,219.53,0.5552826813053916,2,120.00483870967741,0.04565421451753848,81.37099713206608,-0.02312665835408773,38.633841577611335,0.06878087287162621,2.657269346092232
Dwarka-Sector_8,2023,1,203.43,0.2218520252784867,0,114.514,-0.11249976127463746,72.85170206386464,0.006620200256201699,41.66229793613536,-0.11911996153083916,-4.9628113274388035
Dwarka-Sector_8,2023,2,120.48,0.2902333610276361,0,31.563999999999993,-0.04411842552548806,15.01416630481339,-0.018501092053375964,16.549833695186603,-0.025617333472112095,-0.4239626086775924
Dwarka-Sector_8,2023,3,72.93,0.3071711152612216,0,-15.986000000000004,-0.027180671291902547,1.3899743786614138,-0.005982605310676214,-17.375974378661418,-0.02119806598122633,0.36833705136696293
Dwarka-Sector_8,2023,4,73.0,0.3075203101889045,0,-15.916000000000011,-0.02683147636421962,22.86761347500485,-0.05122409737367939,-38.783613475004856,0.02439262100945977,-0.9460339848731705
Dwarka-Sector_8,2023,7,30.61,0.3468808522362483,0,-58.30600000000001,0.012529065683124174,-57.73988406470712,0.0011147866282234587,-0.566115935292892,0.011414279054900715,-0.006461805262859185
Dwarka-Sector_8,2023,8,32.62,0.3765262576468008,0,-56.296000000000014,0.04217447109367667,-45.6753462961482,0.05929973814338114,-10.620653703851815,-0.01712526704970447,0.1818815309208952
Dwarka-Sector_8,2023,9,36.05,0.4013826126188876,0,-52.866000000000014,0.06703082606576344,-49.00497057227575,0.04331486160400756,-3.8610294277242616,0.023715964461755876,-0.09156803669370221
Dwarka-Sector_8,2023,10,109.28,0.3762820338864519,0,20.36399999999999,0.041930247333327786,-1.7858690145480745,0.06694636557363565,22.149869014548063,-0.02501611824030786,-0.5541037422752657
Dwarka-Sector_8,2023,11,268.32,0.2768477265702048,0,179.404,-0.05750405998291935,64.7698398673052,-0.039316210522373655,114.6341601326948,-0.018187849460545698,-2.0849488475295423
Dwarka-Sector_8,2024,1,234.78,0.2479138603359427,1,138.15473684210525,-0.08093951651911435,122.11148130478392,-0.08289362479256182,16.04325553732133,0.001954108273447469,0.03135025837851153
Dwarka-Sector_8,2024,3,87.12,0.283646814263335,1,-9.505263157894731,-0.045206562591722066,-4.710896941120861,-0.0038947229817814554,-4.79436621677387,-0.04131183960994061,0.19806408817867988
Dwarka-Sector_8,2024,4,73.79,0.2671867754918604,1,-22.83526315789473,-0.06166660136319668,0.9980064195097123,-0.018206928397109766,-23.83326957740444,-0.04345967296608692,1.0357861015465855
Dwarka-Sector_8,2024,5,87.22,0.2511509433689939,1,-9.405263157894737,-0.07770243348606315,-1.067581317917999,-0.025839373898294837,-8.337681839976739,-0.05186305958776831,0.4324176900905673
Dwarka-Sector_8,2024,6,52.17,0.2585522941313893,1,-44.455263157894734,-0.07030108272366775,-39.77403104896024,-0.014622376009802339,-4.681232108934495,-0.05567870671386541,0.2606449496528934
Dwarka-Sector_8,2024,8,27.72,0.3894601705195064,1,-68.90526315789474,0.06060679366444932,-60.218858828028196,0.001224998206137519,-8.68640432986654,0.0593817954583118,-0.5158142851843289
Dwarka-Sector_8,2024,10,115.14,0.3952374194172327,1,18.514736842105265,0.06638404256217567,-35.91837800535013,0.052137213587586516,54.43311484745539,0.014246828974589155,0.7754992777858667
Dwarka-Sector_8,2024,11,266.08,0.2476958686211952,1,169.45473684210526,-0.08115750823386186,128.36990463318853,-0.059059743618684525,41.08483220891674,-0.02209776461517734,-0.9078829514066985
Dwarka-Sector_8,2024,12,186.31,0.2806824601344437,1,89.68473684210527,-0.048170916720613355,90.38165460262961,-0.01913686847147771,-0.6969177605243431,-0.029034048249135646,0.02023434388474334
Dwarka-Sector_8,2025,2,111.79,0.1704994979900715,2,5.8539285714285825,-0.14627695795742787,8.221937184190542,-0.03171974091296064,-2.36800861276196,-0.11455721704446722,0.2712724766153396
Dwarka-Sector_8,2025,3,80.17,0.3341888290782157,2,-25.766071428571422,0.017412373130716308,-20.17651049530658,0.014451252983682649,-5.589560933264842,0.002961120147033659,-0.016551361492562786
Dwarka-Sector_8,2025,4,80.54,0.2858516636831291,2,-25.396071428571418,-0.030924792264370282,-28.244716767036603,-0.03562595376728698,2.848645338465186,0.004701161502916697,0.013391941800655636
Dwarka-Sector_8,2025,5,69.62,0.3224583941344638,2,-36.31607142857142,0.005681938186964441,-22.33195370082617,-0.02935563506284572,-13.98411772774525,0.03503757324981016,-0.48996954921984304
Dwarka-Sector_8,2025,6,50.15,0.3486572653645017,2,-55.786071428571425,0.03188080941700233,-53.820050606055595,-0.045099682871795145,-1.96602082251583,0.07698049228879747,-0.1513452507672951
Dwarka-Sector_8,2025,7,31.75,0.3690438589689891,2,-74.18607142857142,0.052267403021489744,-70.15688609642403,-0.07121577707191924,-4.029185332147392,0.12348318009340899,-0.49753661799927834
Dwarka-Sector_8,2025,9,31.93,0.4185207311219273,2,-74.00607142857143,0.10174427517442791,-61.99933669191407,0.030953699948037667,-12.006734736657364,0.07079057522639025,-0.8499636585986561
Dwarka-Sector_8,2025,10,111.18,0.4278986901148349,2,5.243928571428583,0.11112223416733552,7.652727105341365,0.04591504169826046,-2.4087985339127815,0.06520719246907505,-0.15707098962007657
Dwarka-Sector_8,2025,11,217.54,0.3337127986625218,2,111.60392857142857,0.016936342715022423,83.97800783369388,-0.05464555828157784,27.62592073773469,0.07158190099660026,1.9775159231884505
Dwarka-Sector_8,2025,12,223.03,0.3131566710821347,2,117.09392857142858,-0.0036197848653646836,88.30877385722296,-0.032996516712159495,28.785154714205618,0.02937673184679481,0.84561377120772
IGI_Airport_(T3),2023,1,141.36,0.1328481413551589,0,47.11666666666669,-0.05798744896981453,37.44246381276449,0.0378544361815431,9.674202853902202,-0.09584188515135764,-0.9271938388546311
IGI_Airport_(T3),2023,5,50.53,0.1846587960720783,0,-43.713333333333324,-0.006176794252895135,-19.255093437441797,0.006168152146142068,-24.458239895891527,-0.012344946399037202,0.3019356605295741
IGI_Airport_(T3),2023,6,33.94,0.1937010069093752,0,-60.30333333333333,0.0028654165844017587,-48.18896784263161,0.008167897770445482,-12.114365490701715,-0.005302481186043723,0.06423619509530318
IGI_Airport_(T3),2023,8,29.67,0.2414068605799745,0,-64.57333333333332,0.05057127025500108,-53.72267627450515,0.07962335953620756,-10.850657058828176,-0.029052089281206478,0.3152342576328295
IGI_Airport_(T3),2023,9,37.98,0.2501771648029758,0,-56.26333333333333,0.05934157447800237,-55.38502112000411,0.012288091265500413,-0.8783122133292167,0.047053483212501954,-0.04132764898522173
IGI_Airport_(T3),2023,10,96.78,0.2133549300002669,0,2.536666666666676,0.02251933967529346,-19.74304248722952,0.041999662718415445,22.279709153896196,-0.019480323043121986,-0.4340159316246999
IGI_Airport_(T3),2023,11,243.72,0.1405184534306537,0,149.4766666666667,-0.05031713689431974,42.81658148598136,0.01870955028100708,106.66008518068533,-0.06902668717532683,-7.362392333860879
IGI_Airport_(T3),2023,12,174.17,0.1558648853514099,0,79.92666666666666,-0.03497070497356353,51.65201138260437,0.02107235150328732,28.27465528406229,-0.056043056476850844,-1.5845981029481921
IGI_Airport_(T3),2024,1,181.72,0.1062817467196182,1,84.28823529411765,-0.0837212268937144,103.77804592133586,-0.06638483529657375,-19.489810627218205,-0.01733639159714065,0.3378829891875682
IGI_Airport_(T3),2024,2,89.57,0.1480628666856278,1,-7.861764705882351,-0.04194010692770481,-3.2213460604830253,-0.004343473990304181,-4.6404186453993255,-0.03759663293740063,0.1744641164869483
IGI_Airport_(T3),2024,3,65.6,0.1586255780434532,1,-31.83176470588235,-0.031377395569879396,-22.34821027076124,0.005199457668631284,-9.48355443512111,-0.03657685323851068,0.34687857875285194
IGI_Airport_(T3),2024,4,60.02,0.1313178976552932,1,-37.41176470588234,-0.0586850759580394,-5.8309330126718,-0.016187275229150255,-31.58083169321054,-0.042497800728889146,1.3421158921506484
IGI_Airport_(T3),2024,5,75.79,0.1281940143425395,1,-21.641764705882338,-0.06180895927079311,-6.811633735930268,-0.033051164838834454,-14.83013096995207,-0.028757794431958653,0.4264818578329052
IGI_Airport_(T3),2024,6,42.22,0.112722042728072,1,-55.211764705882345,-0.0772809308852606,-46.54960361349011,-0.0005976246837088232,-8.662161092392232,-0.07668330620155178,0.6642431514150818
IGI_Airport_(T3),2024,7,36.46,0.1522399633186933,1,-60.97176470588234,-0.0377630102946393,-66.13878037119163,-0.005939952928951755,5.167015665309286,-0.031823057365687545,-0.1644302359265436
IGI_Airport_(T3),2024,8,25.68,0.2441369649357672,1,-71.75176470588235,0.0541339913224346,-65.05944356829933,0.020799774329761385,-6.692321137583022,0.033334216992673214,-0.22308328498484611
IGI_Airport_(T3),2024,9,41.68,0.2374514264855975,1,-55.751764705882344,0.0474484528722649,-61.64330275306442,0.025303230516517845,5.891538047182074,0.022145222355747056,0.1304694200721908
IGI_Airport_(T3),2024,11,234.31,0.167079199284675,1,136.87823529411764,-0.02292377432865761,123.55142584869094,-0.04855487637132535,13.326809445426704,0.02563110204266774,0.3415808127989201
IGI_Airport_(T3),2024,12,143.85,0.1931604215742151,1,46.41823529411765,0.0031574479608824924,66.81365509743476,-0.02431118882721241,-20.39541980331711,0.027468636788094903,-0.5602343787180357
IGI_Airport_(T3),2025,1,132.88,0.2133661539958874,2,38.12142857142858,0.03446177281016577,45.348433672988435,-0.042455063134416694,-7.227005101559854,0.07691683594458246,-0.5558783657673397
IGI_Airport_(T3),2025,2,81.85,0.1263571543137888,2,-12.90857142857142,-0.052547226871932834,5.088915969502987,-0.022589817699489204,-17.99748739807441,-0.02995740917244363,0.5391580940600129
IGI_Airport_(T3),2025,3,65.77,0.2073378433998879,2,-28.98857142857142,0.02843346221416626,-26.577668445393414,0.009101344690265283,-2.410902983178005,0.019332117523900978,-0.04660785980952065
IGI_Airport_(T3),2025,4,54.26,0.1664109691756283,2,-40.49857142857142,-0.012493412010093324,-23.429710024996442,-0.03190224130173991,-17.068861403574974,0.019408829291646584,-0.33128661718476177
IGI_Airport_(T3),2025,5,47.97,0.219089479281841,2,-46.788571428571416,0.040185098096119365,-28.27526684146953,-0.031191190585621906,-18.513304587101885,0.07137628868174127,-1.321410972661989
IGI_Airport_(T3),2025,6,31.58,0.2294853408969153,2,-63.178571428571416,0.05058095971119367,-55.37071463885699,-0.04773524263066567,-7.807856789714428,0.09831620234185934,-0.767638827993824
IGI_Airport_(T3),2025,7,26.1,0.1383020620479371,2,-68.6585714285714,-0.04060231913778453,-72.5626174106237,-0.04159442916750411,3.9040459820522955,0.0009921100297195784,0.0038732431752805034
IGI_Airport_(T3),2025,10,85.81,0.2826951560652588,2,-8.948571428571412,0.10379077487953717,8.635276447598637,0.04634467648487275,-17.583847876170047,0.05744609839466442,-1.0101234552512754
IGI_Airport_(T3),2025,11,157.88,0.2268953141717506,2,63.12142857142858,0.04799093298602897,74.57420202451594,-0.042878742520971756,-11.45277345308736,0.09086967550700073,-1.0407098073372407
IGI_Airport_(T3),2025,12,142.31,0.2171931542669118,2,47.55142857142859,0.038288773081190164,65.06391058345577,-0.03514513516103031,-17.512482012027178,0.07343390824222047,-1.2860099971647403
IHBAS_Dilshad_Garden,2023,1,109.9,0.146518911995451,0,23.10555555555557,-0.06381564301854292,56.397919214994054,0.03449215490600131,-33.292363659438486,-0.09830779792454424,3.272898959062519
IHBAS_Dilshad_Garden,2023,2,98.54,0.2111493891122325,0,11.745555555555569,0.0008148340982385704,8.08897919397377,-0.018036200137032592,3.6565763615817986,0.018851034235271163,0.06893024617606175
IHBAS_Dilshad_Garden,2023,3,67.5,0.223327341564177,0,-19.294444444444437,0.012992786550183072,-5.4164662209673615,0.0022036840282158424,-13.877978223477076,0.01078910252196723,-0.1497309298507228
IHBAS_Dilshad_Garden,2023,4,66.99,0.2343579336179919,0,-19.804444444444442,0.024023378603997975,17.68243849480271,-0.028731848650383238,-37.48688293924715,0.05275522725438121,-1.9776290285183695
IHBAS_Dilshad_Garden,2023,5,56.78,0.2259520532723681,0,-30.014444444444436,0.015617498258374163,-18.2506456428886,-0.028643477421892858,-11.763798801555836,0.04426097568026702,-0.5206772126632172
IHBAS_Dilshad_Garden,2023,6,50.65,0.2410178563166158,0,-36.14444444444444,0.030683301302621868,-56.68658035570371,-0.0056130734293714435,20.542135911259273,0.03629637473199331,0.7456050628306035
IHBAS_Dilshad_Garden,2023,7,33.37,0.2058919378888488,0,-53.42444444444444,-0.004442617125145126,-62.20487876437334,0.012000117532484728,8.7804343199289,-0.016442734657629854,-0.14437435170133756
IHBAS_Dilshad_Garden,2023,8,54.92,0.2948832674788283,0,-31.874444444444435,0.08454871246483439,-61.03820773467352,0.07822786158584287,29.163763290229085,0.006320850878991521,0.18433979882774518
IHBAS_Dilshad_Garden,2023,10,94.91,0.2669586975937319,0,8.11555555555556,0.056624142579737996,-6.1945638296992485,0.055665409012349475,14.310119385254808,0.0009587335673885214,0.013719591807980977
IHBAS_Dilshad_Garden,2023,11,137.22,0.1376607871987396,0,50.42555555555556,-0.07267376781525434,71.31730907625158,-0.03415403735598993,-20.891753520696014,-0.038519730459264406,0.8047447144385986
IHBAS_Dilshad_Garden,2023,12,124.09,0.1976371232050831,0,37.295555555555566,-0.012697431808910836,55.270324607218726,0.008750362096010128,-17.97476905166316,-0.021447793904920964,0.3855191421086231
IHBAS_Dilshad_Garden,2024,1,132.45,0.0944999755283719,1,48.64899999999999,-0.11941833919012874,98.49522075774102,-0.07540558636353938,-49.84622075774104,-0.04401275282658937,2.1938693935500644
IHBAS_Dilshad_Garden,2024,2,70.51,0.1683655091951411,1,-13.290999999999997,-0.04555280552335955,-0.0851086320140392,0.04366769113122409,-13.205891367985958,-0.08922049665458365,1.1782361866181863
IHBAS_Dilshad_Garden,2024,3,58.22,0.2434006912985137,1,-25.581000000000003,0.029482376580013042,-11.619780000972108,0.008470153398666988,-13.961219999027895,0.021012223181346053,-0.29335627050344604
IHBAS_Dilshad_Garden,2024,4,64.57,0.196954853918298,1,-19.23100000000001,-0.01696346080020264,-3.419184491811339,-0.00994474687176056,-15.811815508188669,-0.0070187139284420795,0.11097860974128029
IHBAS_Dilshad_Garden,2024,5,68.36,0.1940414651426238,1,-15.441000000000003,-0.019876849575876848,-2.4365603508265625,-0.027537135536935802,-13.00443964917344,0.007660285961058954,-0.09961772647600173
IHBAS_Dilshad_Garden,2024,6,66.38,0.1889523472918149,1,-17.421000000000006,-0.024965967426685748,-37.22502838335157,-0.0012670290676926198,19.804028383351564,-0.02369893835899313,-0.46933444791679907
IHBAS_Dilshad_Garden,2024,8,23.99,0.2438014458900726,1,-59.81100000000001,0.02988313117157196,-52.943840240485386,0.04403501900791394,-6.867159759514621,-0.014151887836341984,0.0971832746708921
IHBAS_Dilshad_Garden,2024,9,32.05,0.2092651530190412,1,-51.751000000000005,-0.004653161699459452,-44.531009022982325,0.026219635932649494,-7.21999097701768,-0.030872797632108945,0.22290132033911939
IHBAS_Dilshad_Garden,2024,10,79.98,0.2992000037595216,1,-3.820999999999998,0.08528168904102096,-38.3092877596904,0.046601574349624426,34.4882877596904,0.03868011469139653,1.334010926054712
IHBAS_Dilshad_Garden,2024,11,189.33,0.1650896711482866,1,105.52900000000001,-0.04882864357021405,92.41496860973007,-0.06723546090061644,13.114031390269943,0.018406817330402392,0.24138758026586177
IHBAS_Dilshad_Garden,2024,12,93.73,0.1960960559053614,1,9.929000000000002,-0.017822258813139258,60.899806964533575,-0.002916018346997527,-50.97080696453357,-0.01490624046614173,0.7597831053666291
IHBAS_Dilshad_Garden,2025,1,90.33,0.2202960072229524,2,7.8916129032258056,0.011327185724014949,21.931204460504258,-0.04860192427946801,-14.039591557278452,0.05992911000348296,-0.8413802268401109
IHBAS_Dilshad_Garden,2025,3,60.2,0.2445753011093147,2,-22.23838709677419,0.035606479610377245,-24.31498691948954,0.012684351528660653,2.0765998227153517,0.022922128081716592,0.04760008711075126
IHBAS_Dilshad_Garden,2025,4,74.21,0.217792139570072,2,-8.228387096774199,0.008823318071134567,-12.05580123108838,-0.03388917021236978,3.8274141343141803,0.042712488283504345,0.16347838136801335
IHBAS_Dilshad_Garden,2025,5,67.78,0.2288359423307961,2,-14.658387096774192,0.019867120831858653,-22.950763174265134,-0.04342167959536883,8.292376077490943,0.06328880042722748,0.5248145346358397
IHBAS_Dilshad_Garden,2025,8,25.31,0.2261213990090103,2,-57.12838709677419,0.017152577510072847,-66.41937828973296,0.08939050326585861,9.29099119295877,-0.07223792575578576,-0.671161931994615
IHBAS_Dilshad_Garden,2025,9,37.22,0.2711206618516493,2,-45.218387096774194,0.062151840352711846,-54.50412738059717,0.05191669469903406,9.285740283822975,0.010235145653677787,0.09504090430715145
IHBAS_Dilshad_Garden,2025,10,114.88,0.263429727660065,2,32.4416129032258,0.05446090616112756,2.4946053370027514,0.04772464309309855,29.94700756622305,0.006736263068029012,0.20173092106633372
IMD_Lodhi_Road,2023,1,126.08,0.331189539441389,0,53.39272727272727,-0.1145041713651776,52.58876979942415,0.008948569999220602,0.8039574733031216,-0.1234527413643982,-0.09925075401966534
IMD_Lodhi_Road,2023,3,54.35,0.4232682893054074,0,-18.337272727272726,-0.022425421501159226,-7.22197144286248,-0.0024221424833893606,-11.115301284410247,-0.020003279017769864,0.2223424729586339
IMD_Lodhi_Road,2023,4,47.03,0.4231774803435239,0,-25.657272727272726,-0.022516230463042686,11.81269569879615,-0.062425379651235416,-37.469968426068874,0.03990914918819273,-1.4953945599928538
IMD_Lodhi_Road,2023,5,49.61,0.4496125168090211,0,-23.077272727272728,0.003918806002454478,-17.709311076082916,0.0050322126717631515,-5.3679616511898125,-0.0011134066693086735,0.005976724303027937
IMD_Lodhi_Road,2023,6,35.03,0.4608891077038676,0,-37.657272727272726,0.015195396897300983,-47.03112014938923,0.006438196009793526,9.373847422116505,0.008757200887507456,0.08208866496431813
IMD_Lodhi_Road,2023,7,32.54,0.3922492624289658,0,-40.14727272727273,-0.05344444837760082,-60.364990342164766,0.0018998785021050574,20.217717614892038,-0.05534432687970588,-1.1189359724401724
IMD_Lodhi_Road,2023,8,35.64,0.5084180742660286,0,-37.04727272727273,0.06272436345946197,-47.56155649901592,0.08218558002153722,10.514283771743195,-0.01946121656207525,-0.2046207534770077
IMD_Lodhi_Road,2023,9,38.47,0.5336781780443376,0,-34.21727272727273,0.08798446723777098,-50.6609693397264,0.027363758590209775,16.44369661245367,0.06062070864756121,0.9968285414324431
IMD_Lodhi_Road,2023,10,77.8,0.4889346626335959,0,5.11272727272727,0.043240951827029306,-19.956254944594527,0.04041000977435642,25.068982217321796,0.002830942052672883,0.07096883597672496
IMD_Lodhi_Road,2023,11,185.96,0.3540210991606025,0,113.27272727272728,-0.09167261164596413,76.09231540122107,-0.016470735742874363,37.18041187150621,-0.07520187590308977,-2.7960367195867755
IMD_Lodhi_Road,2023,12,146.05,0.4226217935897706,0,73.36272727272728,-0.023071917216796023,55.92637987244506,0.018581073972896694,17.436347400282223,-0.04165299118969272,-0.726276024644377
IMD_Lodhi_Road,2024,2,68.51,0.393293440647632,1,-5.495454545454535,-0.04719250583412904,5.488403730403802,0.01878840403341267,-10.983858275858339,-0.06598090986754171,0.7247249628972611
IMD_Lodhi_Road,2024,3,59.22,0.4444164700773024,1,-14.785454545454542,0.0039305235955413576,-13.245341159822512,0.004162507885970223,-1.5401133856320293,-0.00023198429042886517,0.0003572821109458435
IMD_Lodhi_Road,2024,5,67.62,0.4127590354592659,1,-6.385454545454536,-0.027726911022495138,-2.131185069386942,-0.030291340992368496,-4.254269476067594,0.0025644299698733587,-0.01090977614434517
IMD_Lodhi_Road,2024,6,45.07,0.4222446333500407,1,-28.93545454545454,-0.018241313131720338,-36.870727352060435,-0.0019203889600621239,7.935272806605894,-0.016320924171658216,-0.12951098575803627
IMD_Lodhi_Road,2024,11,186.23,0.3385052396431437,1,112.22454545454545,-0.10198070683861732,110.47377243658745,-0.060423701557542786,1.7507730179579966,-0.04155700528107453,-0.07275688355324327
IMD_Lodhi_Road,2024,12,118.92,0.4093965189540618,1,44.91454545454546,-0.03108942752769922,63.57126820277608,-0.028676566892410504,-18.65672274823062,-0.0024128606352887168,0.04501607190270119
IMD_Lodhi_Road,2025,1,121.86,0.4723254281203859,2,44.22821428571429,0.03977877952287917,37.675977777701526,-0.044440999542308006,6.552236508012761,0.08421977906518718,0.5518279110876884
IMD_Lodhi_Road,2025,2,73.57,0.4031590332357873,2,-4.061785714285719,-0.029387615361719466,7.9767689139610605,-0.02648670460300052,-12.038554628246779,-0.002900910758718945,0.034922772640506826
IMD_Lodhi_Road,2025,3,52.91,0.4514899559798305,2,-24.721785714285716,0.01894330738232375,-24.870665549320755,0.01136604363447704,0.14887983503503932,0.007577263747846709,0.0011281017767964018
IMD_Lodhi_Road,2025,4,65.17,0.4085306107923457,2,-12.46178571428571,-0.02401603780516104,-20.64567397066909,-0.034773859606833775,8.18388825638338,0.010757821801672736,0.0880408115069746
IMD_Lodhi_Road,2025,5,55.48,0.4487228099140958,2,-22.151785714285715,0.016176161316589055,-26.47086082685673,-0.027892900274518174,4.319075112571014,0.044069061591107225,0.19033758715251037
IMD_Lodhi_Road,2025,6,36.6,0.4320787684449533,2,-41.03178571428571,-0.00046788015255344595,-55.1362631347544,-0.031958277509594055,14.10447742046869,0.03149039735704061,0.4441555984839662
IMD_Lodhi_Road,2025,7,20.67,0.3111342603311296,2,-56.96178571428571,-0.12141238826637712,-65.37789690946514,-0.06999824080419823,8.416111195179425,-0.0514141474621789,-0.43270718204704967
IMD_Lodhi_Road,2025,9,41.09,0.5191423201545876,2,-36.54178571428571,0.08659567155708087,-56.787980531498775,0.04440868717120922,20.246194817213066,0.042186984385871644,0.854125904627083
IMD_Lodhi_Road,2025,10,91.69,0.5098403013767702,2,14.058214285714286,0.07729365277926342,7.659634194027397,0.04748568492805594,6.398580091686888,0.029807967851207484,0.190728669666379
IMD_Lodhi_Road,2025,12,158.37,0.4350920790994882,2,80.73821428571429,0.0025454305019814716,62.04621186747016,-0.032840172424758035,18.69200241824413,0.03538560292673951,0.6614277754776414
ITO,2023,1,227.6,0.2737661373392616,0,130.8033333333333,-0.07494527474633217,88.99105887250465,0.005628410611640301,41.81227446082866,-0.08057368535797246,-3.3689690465079964
ITO,2023,2,152.03,0.339388471199598,0,55.23333333333332,-0.009322940885995779,17.12679440796125,-0.015127194688155543,38.10653892537207,0.0058042538021597645,0.22118002344473991
ITO,2023,4,52.35,0.3418088015238186,0,-44.44666666666668,-0.006902610561775158,17.90504277412545,-0.04791611248091633,-62.351709440792135,0.041013501919141174,-2.557261954811661
ITO,2023,5,74.14,0.3639213207383184,0,-22.65666666666668,0.015209908652724646,-22.776327445392283,-0.010339707700121645,0.11966077872560277,0.02554961635284629,0.003057286988921982
ITO,2023,6,44.24,0.3792229688670141,0,-52.55666666666668,0.030511556781420368,-41.8541303053084,0.0030197956309121077,-10.702536361358277,0.027491761150508262,-0.2942315733510915
ITO,2023,8,36.02,0.4113593198830921,0,-60.77666666666668,0.06264790779749835,-40.219104938684474,0.07974617777168438,-20.557561727982204,-0.017098269974186037,0.35149874043603413
ITO,2023,9,41.89,0.4246183315299349,0,-54.90666666666668,0.07590691944434114,-48.659688902731375,0.06585877502884607,-6.2469777639353055,0.010048144415495064,-0.06277053473240839
ITO,2023,10,96.0,0.3731154819815303,0,-0.7966666666666811,0.02440406989593652,3.3394093928225055,0.06981443551669457,-4.136076059489186,-0.04541036562075805,0.18782072609666817
ITO,2023,11,240.62,0.2888802966669163,0,143.82333333333332,-0.05983111541867747,48.29522441984342,-0.023527322275777272,95.5281089134899,-0.0363037931429002,-3.468032705327778
ITO,2024,1,189.44,0.1854952600086236,1,87.43666666666667,-0.16642050879692244,133.6472492814798,-0.07132005880402074,-46.21058261481312,-0.0951004499929017,4.394647201102887
ITO,2024,3,80.33,0.362674499586097,1,-21.673333333333332,0.010758730780550951,-7.661297217044112,-0.015071414062092942,-14.01203611628922,0.02583014484264389,-0.36193292242410796
ITO,2024,4,59.1,0.3286903650031585,1,-42.90333333333333,-0.023225403802387523,-8.165259921384052,0.006484895110654222,-34.73807341194927,-0.029710298913041746,1.032078544732201
ITO,2024,5,95.86,0.3207921678602923,1,-6.143333333333331,-0.031123600945253738,-5.277217025633687,-0.020297521653929642,-0.8661163076996434,-0.010826079291324096,0.009376643822665199
ITO,2024,6,62.34,0.3335934577571919,1,-39.66333333333333,-0.018322311048354134,-47.636195493006966,-0.004626492994419893,7.972862159673639,-0.013695818053934241,-0.10919486950798736
ITO,2024,7,42.03,0.2849310503709039,1,-59.97333333333333,-0.06698471843464215,-59.108601664050894,-0.04423307555131894,-0.8647316692824347,-0.022751642883323216,0.01967406612941391
ITO,2024,8,27.55,0.3875076593877182,1,-74.45333333333333,0.03559189058217216,-65.17540463547385,0.010327607890616784,-9.27792869785948,0.025264282691555374,-0.23440021341481615
ITO,2024,9,37.39,0.3895397608853309,1,-64.61333333333333,0.03762399207978484,-46.51554419193666,0.021960066076851494,-18.097789141396667,0.015663926002933346,-0.28348242992752803
ITO,2024,10,107.29,0.4322439830445777,1,5.286666666666676,0.08032821423903164,10.644368884442638,0.045019146189618435,-5.357702217775962,0.0353090680494132,-0.1891754721959435
ITO,2024,11,216.16,0.2758064762024542,1,114.15666666666667,-0.07610929260309185,136.24280643253115,-0.05507664496043931,-22.086139765864488,-0.021032647642652537,0.4645299954818042
ITO,2024,12,171.04,0.3223533314353413,1,69.03666666666666,-0.029562437370204753,118.34292738118677,-0.03195063201235558,-49.30626071452011,0.0023881946421508288,-0.11775294766290881
ITO,2025,1,152.69,0.3736808327387289,2,51.84206896551723,0.030297665495917947,57.85003081312298,-0.03853907828136388,-6.007961847605749,0.06883674377728183,-0.41356853032732166
ITO,2025,3,68.11,0.3823237799257291,2,-32.73793103448277,0.03894061268291815,-24.045976913261548,0.020940036602263637,-8.691954121221222,0.018000576080654515,-0.15646018144860116
ITO,2025,4,75.65,0.3476387037571772,2,-25.197931034482764,0.004255536514366276,-37.683686538350365,-0.02433356577124242,12.485755503867601,0.028589102285608695,0.35695654121317255
ITO,2025,6,52.14,0.3645328694792543,2,-48.70793103448277,0.021149702236443357,-61.29297532797697,-0.03444263836239362,12.5850442934942,0.05559234059883698,0.6996320688153792
ITO,2025,7,37.31,0.3253426027593259,2,-63.53793103448277,-0.01804056448348501,-70.05468457271863,-0.0787308537151321,6.516753538235861,0.060690289231647085,0.3955036570868939
ITO,2025,8,35.3,0.3991782955263723,2,-65.54793103448277,0.05579512828356137,-75.32904630390053,0.042283923008518756,9.781115269417754,0.013511205275042612,0.132154656223957
ITO,2025,9,34.19,0.4250182463193306,2,-66.65793103448277,0.08163507907651968,-57.234932746096206,0.03325231889556852,-9.422998288386566,0.04838276018095116,-0.4559106663725205
ITO,2025,10,111.32,0.3957669037796691,2,10.472068965517224,0.05238373653685818,17.648282473481082,0.039156281117100365,-7.176213507963858,0.013227455419757818,-0.0949230442592558
ITO,2025,12,229.84,0.3779049809354659,2,128.99206896551723,0.034521813692654946,71.84409473069854,-0.03194256668238673,57.14797423481869,0.06646438037504168,3.798304697206071
Jahangirpuri,2023,3,94.89,0.2336650083091387,0,-29.173333333333332,-0.005194186704894133,-5.622168012486013,0.0030280925086836703,-23.551165320847318,-0.008222279213577804,0.19364425707313732
Jahangirpuri,2023,4,88.48,0.2531581002070553,0,-35.58333333333333,0.014298905193022488,9.352898222590413,-0.03963357615450566,-44.93623155592374,0.05393248134752815,-2.423522470218063
Jahangirpuri,2023,5,77.49,0.2639316535333477,0,-46.57333333333334,0.02507245851931486,-24.118434329504538,-0.021483903374534968,-22.4548990038288,0.04655636189384983,-1.0454184043121018
Jahangirpuri,2023,6,47.76,0.2625916476678646,0,-76.30333333333334,0.023732452653831754,-48.85820936136779,-0.007678017969283876,-27.44512397196555,0.03141047062311563,-0.8620642602691905
Jahangirpuri,2023,7,41.73,0.1329613003808713,0,-82.33333333333334,-0.10589789463316152,-62.22589350896874,0.01497055708738614,-20.107439824364604,-0.12086845172054765,2.4303551196350304
Jahangirpuri,2023,8,46.5,0.2676522983361529,0,-77.56333333333333,0.028793103322120067,-61.9981144063126,0.068525522891112,-15.56521892702073,-0.03973241956899193,0.618443809091602
Jahangirpuri,2023,9,47.77,0.2722263566675416,0,-76.29333333333332,0.03336716165350875,-71.90437723738415,0.02414617235999008,-4.388956095949169,0.009220989293518674,-0.0404705171704708
Jahangirpuri,2023,11,301.49,0.1858837250744392,0,177.42666666666668,-0.05297546993959362,80.00694845465475,-0.0003937738568070287,97.41971821201193,-0.052581696082786594,-5.122494015494722
Jahangirpuri,2024,1,252.25,0.1492307446303971,1,142.68058823529412,-0.08734589332858567,138.38889233657733,0.01274566779049856,4.291695898716796,-0.10009156111908422,-0.4295625423509353
Jahangirpuri,2024,2,140.14,0.2367404287393032,1,30.570588235294096,0.00016379078032044414,40.26618560638045,0.037490977784416485,-9.695597371086357,-0.03732718700409604,0.3619093761869624
Jahangirpuri,2024,3,96.05,0.2680231557899209,1,-13.519411764705893,0.03144651783093816,-4.990080982716081,0.019968194002024806,-8.529330781989813,0.011478323828913353,-0.09790242075959783
Jahangirpuri,2024,4,84.09,0.2011657906134168,1,-25.479411764705887,-0.03541084734556596,-0.7490875691901642,0.012514605481787849,-24.730324195515724,-0.04792545282735381,1.1852119856373553
Jahangirpuri,2024,6,69.16,0.216205564224017,1,-40.409411764705894,-0.020371073734965772,-41.3858870210302,0.01880103128326943,0.9764752563243064,-0.039172105018235204,-0.03825059128844387
Jahangirpuri,2024,7,45.45,0.136787226344221,1,-64.11941176470589,-0.09978941161476176,-62.63889250293642,-0.02849907168939513,-1.4805192617694658,-0.07129033992536664,0.10554672143759809
Jahangirpuri,2024,8,36.18,0.232617410028176,1,-73.3894117647059,-0.003959227930806747,-65.86044598670783,0.026918049864428747,-7.528965777998067,-0.030877277795235494,0.23247396783806765
Jahangirpuri,2024,9,50.5,0.2572178549072154,1,-59.06941176470589,0.02064121694823262,-11.51428491762489,0.025122574879576212,-47.555126847081,-0.004481357931343591,0.21311154487221695
Jahangirpuri,2024,10,141.33,0.2963037623399991,1,31.760588235294122,0.05972712438101635,41.37093044140986,0.031641336754812656,-9.610342206115739,0.028085787626203694,-0.26991403021610855
Jahangirpuri,2024,11,303.73,0.191540744543984,1,194.16058823529414,-0.04503589341499875,165.86423492884393,-0.03567573184637138,28.296353306450214,-0.009360161568627373,-0.2648584387513374
Jahangirpuri,2025,1,214.59,0.2570276306484412,2,100.45814814814815,0.02711520370535389,79.869230883592,0.008460143213996867,20.58891726455616,0.018655060491357026,0.38408749702184014
Jahangirpuri,2025,2,117.79,0.2497080711992416,2,3.6581481481481575,0.019795644256154293,26.4126650663875,0.06267488998262007,-22.754516918239343,-0.04287924572646577,0.9756965223242074
Jahangirpuri,2025,3,92.96,0.2616568824435586,2,-21.171851851851855,0.03174445550047131,-20.27872107870765,0.03197250148242242,-0.893130773144204,-0.0002280459819511138,0.00020367488417242745
Jahangirpuri,2025,4,97.13,0.2355726728606949,2,-17.001851851851853,0.0056602459176075814,-24.32229491720655,-0.018830676289099228,7.320443065354695,0.02449092220670681,0.17928440163222817
Jahangirpuri,2025,5,97.41,0.2529707382089329,2,-16.721851851851852,0.023058311265845594,-22.752720396414652,-0.03951318644373376,6.0308685445628,0.06257149770957934,0.37736047732288536
Jahangirpuri,2025,6,57.76,0.2456893918407527,2,-56.37185185185185,0.01577696489766539,-58.029284557010456,-0.04784566127919851,1.6574327051586053,0.0636226261768639,0.10545022141361422
Jahangirpuri,2025,7,34.48,0.1927754253392563,2,-79.65185185185186,-0.037137001603831016,-72.30993441192385,-0.07326390930811119,-7.341917439928011,0.036126907704280176,-0.26524077372472427
Jahangirpuri,2025,9,87.92,0.2987209173544827,2,-26.211851851851847,0.06880849041139539,-63.67398653014282,0.01877092128622192,37.46213467829097,0.05003756912517347,1.8745141535415428
Jahangirpuri,2025,10,146.07,0.2659451096562188,2,31.938148148148144,0.03603268271313151,44.34688112949975,0.0012962195124282608,-12.408732981351605,0.03473646320070325,-0.43103549657407275
Jahangirpuri,2025,11,278.1,0.2318741026345057,2,163.96814814814817,0.001961675691418391,112.66907294738209,-0.04515544607494287,51.29907520076608,0.047117121766361264,2.417064772736219
Jahangirpuri,2025,12,267.25,0.2521899220071608,2,153.11814814814815,0.022277495064073477,80.13489495604271,0.005441032528340831,72.98325319210544,0.016836462535732646,1.2287798081047732
Jawaharlal_Nehru_Stadium,2023,2,105.93,0.2963358338743245,0,21.180909090909097,-0.011171366275379124,5.955636803175398,-0.02657196422766667,15.225272287733699,0.015400597952287546,0.23447829721749192
Jawaharlal_Nehru_Stadium,2023,3,64.95,0.2980020170219145,0,-19.799090909090907,-0.00950518312778914,-2.8716440958583633,-0.008188329723958467,-16.927446813232542,-0.0013168534038306735,0.02229096595416796
Jawaharlal_Nehru_Stadium,2023,4,52.55,0.2957524981685861,0,-32.19909090909091,-0.011754701981117499,23.60634047390587,-0.04904478432905697,-55.80543138299679,0.03729008234793947,-2.0809891317342357
Jawaharlal_Nehru_Stadium,2023,5,50.83,0.3265326767098189,0,-33.91909090909091,0.019025476560115273,-15.600885878761847,-0.027480439109878515,-18.318205030329064,0.04650591566999379,-0.8519048983661396
Jawaharlal_Nehru_Stadium,2023,7,30.93,0.2616604078524709,0,-53.81909090909091,-0.04584679229723271,-56.800128176179015,0.0027307514421409966,2.981037267088105,-0.0485775437393737,-0.14481146823067548
Jawaharlal_Nehru_Stadium,2023,9,33.62,0.3735506371896763,0,-51.12909090909091,0.06604343703997267,-50.41596756614722,0.03046282785922935,-0.713123342943689,0.03558060918074332,-0.02537336296294459
Jawaharlal_Nehru_Stadium,2023,10,85.72,0.3617930447294923,0,0.970909090909089,0.05428584457978869,-6.756881580570158,0.05943629599448709,7.727790671479247,-0.005150451414698401,-0.039801610396413396
Jawaharlal_Nehru_Stadium,2023,11,227.39,0.2239194212743754,0,142.64090909090908,-0.08358777887532823,68.88632403088543,-0.050913507152534766,73.75458506002364,-0.03267427172279346,-2.4098773530530955
Jawaharlal_Nehru_Stadium,2023,12,194.85,0.2765944920159226,0,110.10090909090908,-0.030912708133780997,65.14809705113734,0.00914289935677637,44.95281203977174,-0.040055607490557366,-1.8006121946618983
Jawaharlal_Nehru_Stadium,2024,1,210.34,0.1818738919846824,1,121.3895,-0.12296211953948366,123.04464242877657,-0.08069157667559755,-1.6551424287765713,-0.04227054286388611,0.06996376898143662
Jawaharlal_Nehru_Stadium,2024,2,93.87,0.2625119277919604,1,4.919499999999999,-0.04232408373220564,10.372356378291549,0.019350451478231955,-5.45285637829155,-0.0616745352104376,0.3363023827004014
Jawaharlal_Nehru_Stadium,2024,5,57.09,0.287657048576905,1,-31.860500000000002,-0.017178962947261067,-3.614507468098904,-0.031185365917438486,-28.2459925319011,0.014006402970177419,-0.39562475369442873
Jawaharlal_Nehru_Stadium,2024,7,28.01,0.1569982601421732,1,-60.9405,-0.14783775138199287,-64.9422237806354,-0.03505232811670497,4.001723780635402,-0.1127854232652879,-0.45133611038973187
Jawaharlal_Nehru_Stadium,2024,8,15.91,0.3301381352605098,1,-73.04050000000001,0.025302123736343718,-63.37600982877313,0.033113336268674964,-9.66449017122688,-0.0078112125323312465,0.07549138674407957
Jawaharlal_Nehru_Stadium,2024,9,26.92,0.2875156498757692,1,-62.0305,-0.017320361648396843,-41.20284881670546,0.021973406812082468,-20.82765118329454,-0.039293768460479314,0.8183969031720038
Jawaharlal_Nehru_Stadium,2024,10,83.64,0.3687312067062498,1,-5.310500000000005,0.06389519518208375,0.16136628537045117,0.04386140867055722,-5.471866285370456,0.020033786511526534,-0.10962220098073143
Jawaharlal_Nehru_Stadium,2024,11,210.86,0.2234954207103942,1,121.90950000000001,-0.08134059081377187,120.17616062189109,-0.06877406002972014,1.7333393781089228,-0.012566530784051733,-0.021782062654214864
Jawaharlal_Nehru_Stadium,2024,12,163.08,0.2833393755872254,1,74.12950000000001,-0.021496635936940678,116.96375929678504,-0.0407385883767421,-42.834259296785035,0.019241952439801424,-0.8242147801828597
Jawaharlal_Nehru_Stadium,2025,2,79.51,0.215312386977357,2,-12.515172413793096,-0.07706627326813231,6.821152781401595,-0.02798880171745609,-19.33632519519469,-0.049077471550676224,0.9489779496617913
Jawaharlal_Nehru_Stadium,2025,4,49.37,0.285292532543147,2,-42.6551724137931,-0.007086127702342293,-36.51103853823271,-0.03283299992495753,-6.144133875560392,0.025746872222615236,-0.15819222981269515
Jawaharlal_Nehru_Stadium,2025,5,44.92,0.3151579037579448,2,-47.1051724137931,0.02277924351245547,-27.055225706497133,-0.04047713536843249,-20.049946707295966,0.06325637888088796,-1.2682870254583256
Jawaharlal_Nehru_Stadium,2025,6,30.72,0.3050504976303946,2,-61.3051724137931,0.012671837384905293,-56.834555027157215,-0.02525379488610976,-4.470617386635887,0.03792563227101506,-0.169550991029959
Jawaharlal_Nehru_Stadium,2025,7,17.2,0.2464749196379515,2,-74.8251724137931,-0.045903740607537796,-63.64735613912282,-0.09213508317465174,-11.177816274670278,0.04623134256711395,-0.516765453346543
Jawaharlal_Nehru_Stadium,2025,8,22.45,0.2535173493440284,2,-69.5751724137931,-0.03886131090146089,-71.05582672639146,0.05043654891165981,1.4806543125983609,-0.08929785981312069,-0.13221926123810102
Jawaharlal_Nehru_Stadium,2025,9,27.16,0.370380043774033,2,-64.8651724137931,0.07800138352854369,-61.68379514917299,0.018653567907172826,-3.1813772646201173,0.05934781562137086,-0.1888077913226959
Jawaharlal_Nehru_Stadium,2025,11,207.41,0.3006352410547951,2,115.3848275862069,0.008256580809305802,71.88189057489446,-0.032788575064050814,43.50293701131244,0.041045155873356616,1.7855848305781337
Jawaharlal_Nehru_Stadium,2025,12,209.41,0.2878896602918167,2,117.3848275862069,-0.004488999953672634,76.23488502270828,-0.029235096257187117,41.14994256349861,0.024746096303514483,1.0183004415604262
Major_Dhyan_Chand_National_Stadium,2023,1,184.87,0.2944579147327051,0,83.95750000000001,-0.09676818174794977,87.62563034434488,0.009180579120234754,-3.668130344344874,-0.10594876086818453,0.38863386468632644
Major_Dhyan_Chand_National_Stadium,2023,2,112.7,0.3740049797346289,0,11.787500000000009,-0.017221116746026,16.940466827145258,-0.031073633429984406,-5.152966827145249,0.013852516683958406,-0.07138155894491378
Major_Dhyan_Chand_National_Stadium,2023,5,58.39,0.400665511400267,0,-42.522499999999994,0.009439414919612144,-26.191688105731497,0.009438529182000333,-16.330811894268496,8.857376118109883e-07,-1.446481432616386e-05
Major_Dhyan_Chand_National_Stadium,2023,6,41.03,0.4205421784580893,0,-59.88249999999999,0.029316081977434405,-37.89743803116793,0.005201605499731083,-21.985061968832063,0.024114476477703324,-0.5301582597082507
Major_Dhyan_Chand_National_Stadium,2023,7,36.17,0.3366594488553112,0,-64.74249999999999,-0.05456664762534369,-60.150766161708056,0.028200702863565068,-4.591733838291937,-0.08276735048890876,0.38004564394569107
Major_Dhyan_Chand_National_Stadium,2023,8,40.66,0.4359503563582507,0,-60.2525,0.04472425987759582,-40.94333642563314,0.04795564940740609,-19.309163574366856,-0.0032313895298102732,0.06239542900360297
Major_Dhyan_Chand_National_Stadium,2023,9,40.68,0.434132157762691,0,-60.232499999999995,0.04290606128203611,-42.28261875640747,0.06090663114908742,-17.94988124359252,-0.018000569867051307,0.32310809143056096
Major_Dhyan_Chand_National_Stadium,2023,10,98.75,0.4068023354035256,0,-2.1624999999999943,0.015576238922870744,-1.0679873230936108,0.028701685142342677,-1.0945126769063835,-0.013125446219471933,0.014365967277264996
Major_Dhyan_Chand_National_Stadium,2023,11,241.09,0.3200281828206165,0,140.1775,-0.07119791366003836,59.44153878836692,0.0037813631091480693,80.73596121163308,-0.07497927676918643,-6.053523980913337
Major_Dhyan_Chand_National_Stadium,2023,12,199.52,0.3783704198222443,0,98.60750000000002,-0.012855676658410586,65.94986449051073,0.013726337846760491,32.65763550948928,-0.02658201450517108,-0.8681057408178342
Major_Dhyan_Chand_National_Stadium,2024,1,217.34,0.2212819756639509,1,113.94222222222223,-0.16379703862458075,128.36177157325082,-0.09246992199577561,-14.419549351028593,-0.07132711662880514,1.0285048782956279
Major_Dhyan_Chand_National_Stadium,2024,2,110.59,0.3654423325684195,1,7.192222222222227,-0.019636681720112126,5.119555471537635,0.014068745327646343,2.0726667506845926,-0.03370542704775847,-0.06986011795951412
Major_Dhyan_Chand_National_Stadium,2024,3,71.36,0.4089007314638244,1,-32.03777777777778,0.023821717175292745,-17.4759129352031,-0.0019504970559529732,-14.561864842574675,0.02577221423124572,-0.3752915003292797
Major_Dhyan_Chand_National_Stadium,2024,4,59.8,0.3632540863259453,1,-43.59777777777778,-0.021824927962586338,-10.033410687243492,-0.011701442006326144,-33.56436709053429,-0.010123485956260194,0.3397883988717857
Major_Dhyan_Chand_National_Stadium,2024,5,85.22,0.3470440856265408,1,-18.177777777777777,-0.03803492866199082,-8.64484867651673,-0.019515488037781435,-9.532929101261047,-0.018519440624209384,0.17654451446560168
Major_Dhyan_Chand_National_Stadium,2024,6,64.24,0.3624123073974619,1,-39.15777777777778,-0.022666706891069754,-44.24041599625992,9.000964692330277e-05,5.082638218482138,-0.022756716537993056,-0.11566415720316804
Major_Dhyan_Chand_National_Stadium,2024,7,39.61,0.2329574023988332,1,-63.78777777777778,-0.15212161188969844,-53.17214199120025,-0.04531868517503219,-10.615635786577528,-0.10680292671466626,1.1337809709434283
Major_Dhyan_Chand_National_Stadium,2024,8,28.16,0.4231886481559034,1,-75.23777777777778,0.03810963386737176,-64.58025050399503,0.02624265547045438,-10.657527273782748,0.011866978396917381,-0.12647264592253765
Major_Dhyan_Chand_National_Stadium,2024,10,110.9,0.4575153738298893,1,7.50222222222223,0.07243635954135769,-43.515969009746335,0.06053084193682318,51.018191231968565,0.011905517604534503,0.6073979738637096
Major_Dhyan_Chand_National_Stadium,2024,11,253.91,0.3032987864133039,1,150.51222222222222,-0.08178022787522776,127.22479555225904,-0.0653527682436697,23.287426669963182,-0.01642745963155806,-0.38255326154368874
Major_Dhyan_Chand_National_Stadium,2024,12,177.43,0.3806998303746746,1,74.03222222222223,-0.004379183913857054,90.27322248800112,-0.002575700817267699,-16.241000265778894,-0.0018034830965893553,0.029290369451035463
Major_Dhyan_Chand_National_Stadium,2025,1,179.75,0.4109853082403089,2,73.55275862068964,0.0386605559157463,58.25354710410287,-0.05476521846214574,15.299211516586773,0.09342577437789204,1.4293406833082833
Major_Dhyan_Chand_National_Stadium,2025,3,67.4,0.4082517589763042,2,-38.79724137931035,0.035927006651741644,-33.62784295271804,-0.015446219495641463,-5.169398426592309,0.05137322614738311,-0.2655686744152531
Major_Dhyan_Chand_National_Stadium,2025,4,69.85,0.3767912410258777,2,-36.34724137931036,0.004466488701315108,-23.46622639446371,-0.03168670700450732,-12.88101498484665,0.03615319570582243,-0.46568985563679227
Major_Dhyan_Chand_National_Stadium,2025,5,66.61,0.4140016374094047,2,-39.587241379310356,0.04167688508484213,-29.895108476101793,-0.04825320085406573,-9.692132903208563,0.08993008593890786,-0.8716143449168626
Major_Dhyan_Chand_National_Stadium,2025,7,24.53,0.3501906229359721,2,-81.66724137931035,-0.022134129388590496,-75.39297974544921,-0.09669488738122965,-6.274261633861144,0.07456075799263916,-0.4678137032648215
Major_Dhyan_Chand_National_Stadium,2025,9,33.98,0.4568906983851116,2,-72.21724137931037,0.08456594606054901,-64.66112154252981,0.024260102220408853,-7.556119836780553,0.060305843840140164,-0.4556781829142734
Major_Dhyan_Chand_National_Stadium,2025,10,102.38,0.435652036042471,2,-3.81724137931036,0.06332728371790841,12.674528097023273,0.0527710092445249,-16.491769476333634,0.01055627447338351,-0.17409164514394607
Major_Dhyan_Chand_National_Stadium,2025,11,179.83,0.3901302066262109,2,73.63275862068966,0.017805454301648316,104.34389004669075,-0.03920291903422035,-30.71113142600109,0.05700837333586867,-1.7507916459003987
Major_Dhyan_Chand_National_Stadium,2025,12,185.81,0.4121287587523878,2,79.61275862068965,0.03980400642782522,79.39428255868383,-0.0385181823146692,0.21847606200581993,0.07832218874249441,0.01711152336413674
Mandir_Marg,2023,1,173.26,0.2982308602507003,0,88.05624999999999,-0.17924434676660822,55.505903912296475,0.012389470256606337,32.55034608770352,-0.19163381702321455,-6.2377470662132835
Mandir_Marg,2023,2,102.68,0.4033212014213541,0,17.476250000000007,-0.07415400559595442,7.536182507187006,-0.020150196183401026,9.940067492813,-0.054003809412553394,-0.5368015104297907
Mandir_Marg,2023,3,67.28,0.4146861771161996,0,-17.92375,-0.0627890299011089,-3.4636991444025833,-0.008519183326465125,-14.460050855597416,-0.05426984657464378,0.7847447413948183
Mandir_Marg,2023,4,56.84,0.4382942310566695,0,-28.363749999999996,-0.03918097596063902,23.319108551443453,-0.05696339569966249,-51.682858551443445,0.017782419739023468,-0.9190462840743457
Mandir_Marg,2023,5,58.99,0.4156020618152627,0,-26.213749999999997,-0.06187314520204579,-14.227851674929965,-0.0007782878148205452,-11.985898325070032,-0.06109485738722524,0.7322767488279355
Mandir_Marg,2023,6,36.91,0.4649289591813671,0,-48.29375,-0.012546247835941382,-37.356430264694225,0.005222098781651141,-10.937319735305778,-0.017768346617592523,0.19433808812434836
Mandir_Marg,2023,7,30.0,0.4630940867220475,0,-55.20375,-0.014381120295261007,-53.5851513274487,0.008025459764306703,-1.6185986725513004,-0.02240658005956771,0.03626726074083073
Mandir_Marg,2023,9,35.9,0.5920842638992937,0,-49.30375,0.1146090568819852,-53.27575229231178,0.058968837138604804,3.972002292311778,0.05564021974338039,0.22100308036543798
Mandir_Marg,2023,10,93.09,0.489425937730142,0,7.886250000000004,0.01195073071283348,-21.53528207079438,0.041921029025258134,29.421532070794385,-0.029970298312424655,-0.8817720929702768
Mandir_Marg,2023,11,232.47,0.3454613923435493,0,147.26625,-0.13201381467375922,61.8091573628081,-0.0021629888720065007,85.45709263719192,-0.12985082580175272,-11.096674049556253
Mandir_Marg,2023,12,191.94,0.4284823246157089,0,106.73625,-0.0489928824015996,65.26872804307602,0.017494987899582513,41.467521956923974,-0.06648787030118211,-2.7570872215833826
Mandir_Marg,2024,2,101.11,0.3449156063261345,1,8.426315789473676,-0.10631666484706348,7.394402383645394,-0.03140970290033509,1.0319134058282824,-0.07490696194672838,-0.07729749822269803
Mandir_Marg,2024,4,48.93,0.3344897579792599,1,-43.75368421052632,-0.11674251319393808,-6.759219025933762,-0.017637463842639485,-36.99446518459256,-0.0991050493512986,3.666338297843944
Mandir_Marg,2024,5,62.22,0.3255932645431661,1,-30.463684210526324,-0.12563900663003186,-5.257415668345767,-0.04385304356216433,-25.206268542180556,-0.08178596306786753,2.0615189480695304
Mandir_Marg,2024,6,42.92,0.3305452422601884,1,-49.76368421052632,-0.12068702891300959,-44.02090703818279,-0.007615463670046961,-5.74277717234353,-0.11307156524296262,0.6493448037184378
Mandir_Marg,2024,7,32.68,0.4220920049545533,1,-60.00368421052632,-0.029140266218644684,-63.72428654413185,-0.009791376467252741,3.7206023336055267,-0.019348889751391943,-0.07198952436170492
Mandir_Marg,2024,8,26.01,0.5247341277619497,1,-66.67368421052632,0.07350185658875175,-64.82320959064428,0.0515583181075671,-1.8504746198820357,0.021943538481184646,-0.04060596102983698
Mandir_Marg,2024,9,41.79,0.4810380145093441,1,-50.893684210526324,0.029805743336146107,-47.13085618016626,0.039218990649733165,-3.762828030360062,-0.009413247313587059,0.03542043084827694
Mandir_Marg,2024,10,109.7,0.5601767319377194,1,17.01631578947368,0.10894446076452147,-56.20622717455729,0.05859905552178627,73.22254296403096,0.050345405242735196,3.6864185984277276
Mandir_Marg,2024,11,243.91,0.3773319017996469,1,151.2263157894737,-0.0739003693735511,121.10266763949166,-0.07970466116634228,30.12364814998203,0.005804291792791183,0.17484644372587002
Mandir_Marg,2024,12,163.81,0.4049881893558661,1,71.12631578947368,-0.04624408181733186,91.86883760528693,-0.03326054030238762,-20.742521815813248,-0.012983541514944241,0.26931139312024793
Mandir_Marg,2025,1,169.97,0.4624354340793006,2,79.13999999999999,0.02521757222693538,50.13548022551851,-0.0463161838665192,29.004519774481473,0.07153375609345458,2.074802243155538
Mandir_Marg,2025,2,92.62,0.4296675024672329,2,1.789999999999992,-0.007550359385132321,12.127052123962585,-0.02781191585154009,-10.337052123962593,0.02026155646640777,-0.20944476530586845
Mandir_Marg,2025,3,61.93,0.4680544492111038,2,-28.900000000000013,0.030836587358738565,-24.9608567229419,0.02320044966131395,-3.939143277058111,0.007636137697424616,-0.03007984047350018
Mandir_Marg,2025,5,55.31,0.4497790281022885,2,-35.52000000000001,0.012561166249923261,-26.723960485024325,-0.03944246230879184,-8.796039514975686,0.0520036285587151,-0.45742597172457605
Mandir_Marg,2025,6,47.36,0.4622825065342646,2,-43.47000000000001,0.025064644681899395,-51.58724900508536,-0.03886796155628844,8.117249005085348,0.06393260623818783,0.5189568843794435
Mandir_Marg,2025,7,31.42,0.4466142777139578,2,-59.41000000000001,0.009396415861592566,-66.61807209155756,-0.04660501472574048,7.208072091557554,0.05600143058733305,0.4036623489038529
Mandir_Marg,2025,9,36.66,0.5772522571760225,2,-54.170000000000016,0.14003439532365725,-57.95850430425902,0.03544370595346491,3.788504304259007,0.10459068937019234,0.39624227686439045
Mandir_Marg,2025,10,101.5,0.547345892094054,2,10.669999999999987,0.11012803024168882,2.668725768638908,0.04648622605987554,8.00127423136108,0.06364180418181328,0.5092155278372704
Mandir_Marg,2025,11,181.95,0.4749459496618849,2,91.11999999999998,0.037728087809519695,88.18980731116059,-0.0485279926077565,2.9301926888393837,0.0862560804172762,0.2527469362066446
Mundka,2023,1,195.55,0.141963094549544,0,78.09500000000001,-0.08925694423324626,90.98518744573089,0.004735658430202605,-12.890187445730874,-0.09399260266344886,1.2115822668439589
Mundka,2023,2,132.48,0.221388188877235,0,15.024999999999991,-0.009831849905555273,19.64620688524448,-0.03473791883301397,-4.62120688524449,0.024906068927458697,-0.11509609721194598
Mundka,2023,3,93.5,0.2425829389276043,0,-23.955,0.011362900144814031,-4.861436688633906,-0.005860728818374622,-19.093563311366093,0.01722362896318865,-0.32886045006012127
Mundka,2023,4,92.13,0.2519801977913284,0,-25.325000000000003,0.020760159008538143,19.916407090262886,-0.030974441016940055,-45.24140709026289,0.051734600025478195,-2.340546100404584
Mundka,2023,5,79.59,0.2568507556056168,0,-37.864999999999995,0.025630716822826555,-19.395846178364653,-0.021673352971755707,-18.46915382163534,0.047304069794582265,-0.873666141425514
Mundka,2023,6,52.29,0.259958130080587,0,-65.16499999999999,0.028738091297796725,-56.5536763392437,0.0004527246264301219,-8.611323660756291,0.028285366671366604,-0.24357444727030667
Mundka,2023,7,37.99,0.2024908922905328,0,-79.465,-0.028729146492257468,-69.84886575380877,0.03249663178473937,-9.616134246191237,-0.06122577827699684,0.5887553032391408
Mundka,2023,8,37.0,0.2807577400186402,0,-80.455,0.04953770123584991,-57.11151139984846,0.07727775592512014,-23.343488600151538,-0.027740054689270224,0.6475496504065597
Mundka,2023,9,45.02,0.2961840756655625,0,-72.435,0.06496403688277222,-68.20282341670254,0.015673624226722693,-4.232176583297459,0.049290412656049526,-0.20860573022400153
Mundka,2023,10,136.62,0.2674492091021108,0,19.165000000000006,0.03622917031932052,0.1487590176223207,0.05729249870337286,19.016240982377685,-0.021063328384052338,-0.40054532844209517
Mundka,2023,12,251.24,0.2519838818677347,0,133.78500000000003,0.020763843084944417,67.11449790898375,0.01877208797442184,66.67050209101627,0.001991755110522575,0.1327913132608877
Mundka,2024,1,239.49,0.1405423098271108,1,129.32947368421054,-0.09752871201703756,132.5674403396818,-0.09053570097456358,-3.2379666554712685,-0.006993011042473976,0.02264313657687311
Mundka,2024,2,128.48,0.2191973592494898,1,18.319473684210507,-0.018873662594658558,18.755239530921056,-0.013738475855111815,-0.43576584671054874,-0.005135186739546743,0.0022377389975753686
Mundka,2024,3,106.52,0.2362190864479803,1,-3.6405263157894865,-0.0018519353961680696,-13.182615483454981,0.00912568494566512,9.542089167665495,-0.010977620341833189,-0.10474943215055085
Mundka,2024,4,88.48,0.199942790196015,1,-21.68052631578948,-0.038128231648133365,0.39818789713201264,0.0066052047041622085,-22.07871421292149,-0.044733436352295576,0.9876567569842472
Mundka,2024,5,112.44,0.2024252869268814,1,2.279473684210515,-0.03564573491726697,-3.766925126026665,-0.032901198688931294,6.04639881023718,-0.0027445362283356756,-0.016594560585661666
Mundka,2024,6,62.48,0.2084492000929953,1,-47.680526315789486,-0.02962182175115305,-45.48447150181511,-0.0033044130892726942,-2.196054813974378,-0.026317408661880357,0.05779447198325335
Mundka,2024,7,38.41,0.2180093670970549,1,-71.75052631578949,-0.020061654747093455,-67.25715355465633,-0.02216652333595599,-4.493372761133159,0.0021048685888625344,-0.009457959182959703
Mundka,2024,8,26.17,0.3011828601343153,1,-83.99052631578948,0.06311183829016692,-65.0582345285047,0.02282901043676228,-18.932291787284782,0.040282827853404646,-0.7626462509376195
Mundka,2024,9,45.61,0.2653437771306173,1,-64.55052631578948,0.02727275528646894,-49.974577533042044,0.0312994720423965,-14.575948782747439,-0.004026716755927556,0.05869321719703098
Mundka,2024,10,124.89,0.2976277351739296,1,14.729473684210518,0.05955671332978124,16.49012884593876,0.04062444586661304,-1.7606551617282413,0.0189322674631682,-0.03333319443224673
Mundka,2024,11,293.5,0.1633092010317059,1,183.33947368421053,-0.07476182081244245,137.46912164051818,-0.05351591277239302,45.87035204369235,-0.02124590804004943,-0.9745572812849811
Mundka,2025,1,199.35,0.2609162301904646,2,87.366,0.028396283912234144,46.69541535554786,-0.03378461415775706,40.67058464445214,0.062180898069991206,2.528933478223628
Mundka,2025,3,98.54,0.2581006165653626,2,-13.443999999999988,0.025580670287132123,-15.111199483583782,0.03314267876357163,1.6671994835837936,-0.007562008476439508,-0.012607376626776218
Mundka,2025,5,75.26,0.236778662915604,2,-36.72399999999999,0.0042587166373735386,-15.288927556849544,-0.0300956557034664,-21.435072443150446,0.034354372340839934,-0.7363884598648679
Mundka,2025,6,48.05,0.2441556067407979,2,-63.934,0.011635660462567421,-55.88118657122746,-0.05318931812180404,-8.052813428772538,0.06482497858437146,-0.5220234580641187
Mundka,2025,7,25.91,0.2165684179653856,2,-86.074,-0.01595152831284488,-70.3477952874878,-0.06687727619365318,-15.7262047125122,0.050925747880808295,-0.8008687363113756
Mundka,2025,8,30.0,0.1904513755223176,2,-81.984,-0.04206857075591286,-73.14044449780613,0.04923584329705197,-8.843555502193865,-0.09130441405296483,0.807455653272684
Mundka,2025,10,116.64,0.2874891211937044,2,4.656000000000006,0.05496917491547393,21.997976884977113,0.03387015557094467,-17.341976884977107,0.021099019344529256,-0.3658987057685112
Mundka,2025,11,263.67,0.2316752112739963,2,151.68600000000004,-0.0008447350042341817,99.76211677650753,-0.05907923849425817,51.92388322349251,0.05823450349002399,3.0237615587940727
Najafgarh,2023,1,130.31,0.564442310412248,0,64.27777777777779,0.18993907454173764,75.19080263509719,0.04240055655237739,-10.9130248573194,0.14753851798936024,-1.6100915142299537
Najafgarh,2023,2,85.65,0.611611560559195,0,19.61777777777779,0.2371083246886846,69.21581582120506,-0.04270357331491325,-49.598038043427266,0.27981189800359785,-13.878121162186035
Najafgarh,2023,3,63.62,0.4855205124638275,0,-2.412222222222219,0.11101727659331712,6.228755165963538,-0.022926922539828608,-8.640977388185757,0.13394419913314573,-1.1574087959881625
Najafgarh,2023,4,57.16,0.3312440887650409,0,-8.87222222222222,-0.043259147105469464,8.987827731492386,-0.05219138388944633,-17.860049953714608,0.008932236783976866,-0.15953019516023395
Najafgarh,2023,5,56.21,0.3160534322466714,0,-9.822222222222216,-0.058449803623839,0.6719717680671897,-0.05397664171038005,-10.494193990289405,-0.004473161913458951,0.04694222886981238
Najafgarh,2023,6,35.55,0.3746320835296329,0,-30.48222222222222,0.00012884765912252183,-25.943422830801467,-0.033324940051014086,-4.538799391420753,0.03345378771013661,-0.1518400312994871
Najafgarh,2023,7,25.18,0.4145078445999935,0,-40.85222222222222,0.04000460872948314,-51.95497688062785,0.019843813197220568,11.10275465840563,0.02016079553226257,0.22384036651299166
Najafgarh,2023,8,23.7,0.4616868314522582,0,-42.332222222222214,0.08718359558174782,-39.012901437650264,0.054443940453906936,-3.31932078457195,0.03273965512784088,-0.10867341774555986
Najafgarh,2023,9,32.07,0.4783180354659815,0,-33.962222222222216,0.10381479959547113,-42.894736278819536,0.0338415950628563,8.93251405659732,0.06997320453261482,0.6250366330727413
Najafgarh,2023,10,86.64,0.3899805199549346,0,20.607777777777784,0.015477284084424225,54.156317847174336,0.0014327310921779055,-33.54854006939655,0.01404455299224632,-0.4711742488171389
Najafgarh,2023,11,230.95,0.3603702549209916,0,164.91777777777776,-0.014132980949518759,75.98170966385008,0.035818742444551604,88.93606811392767,-0.04995172339407036,-4.442509874183116
Najafgarh,2024,1,160.88,0.4913877750886467,1,89.8135,0.0834429452283783,144.2033255344605,0.02257972095517043,-54.3898255344605,0.06086322427320788,-3.310340149684518
Najafgarh,2024,2,79.45,0.5683947561217562,1,8.383500000000012,0.16044992626148774,27.51347482933017,0.06713603272241832,-19.12997482933016,0.09331389353906942,-1.7850924346291923
Najafgarh,2024,3,73.46,0.5291440582467208,1,2.393500000000003,0.12119922838645242,1.0420744232278556,-0.011860377611680304,1.3514255767721475,0.1330596059981327,0.1798201547811012
Najafgarh,2024,4,62.67,0.2502966998979815,1,-8.396499999999989,-0.15764812996228694,-6.620379094265649,-0.03493690405836323,-1.7761209057343397,-0.12271122590392372,0.21794997369624816
Najafgarh,2024,7,31.44,0.3038925696093761,1,-39.62649999999999,-0.10405226025089231,-62.482749457081695,-0.021773976548503535,22.856249457081702,-0.08227828370238878,-1.8805729772023378
Najafgarh,2024,8,16.35,0.5470559599316355,1,-54.71649999999999,0.13911113007136705,-42.42796469992729,0.03239290825255117,-12.288535300072702,0.10671822181881588,-1.3114106359815079
Najafgarh,2024,9,28.59,0.5063231917242693,1,-42.47649999999999,0.0983783618640009,-11.186386204101117,0.029979689907549678,-31.29011379589887,0.06839867195645122,-2.140202229005715
Najafgarh,2024,10,92.18,0.4275558147131871,1,21.113500000000016,0.019610984852918678,26.529203908021124,0.033017244650321284,-5.415703908021108,-0.013406259797402606,0.07260433357673955
Najafgarh,2024,11,231.21,0.2879704036573293,1,160.14350000000002,-0.11997442620293913,163.37535998417664,-0.03567573184637138,-3.231859984176623,-0.08429869435656775,0.27244157700932703
Najafgarh,2024,12,148.89,0.470386667405781,1,77.8235,0.06244183754551258,87.67974554472812,0.015776986891794093,-9.856245544728125,0.04666485065371849,-0.4599402263511162
Najafgarh,2025,1,125.44,0.6659144840170831,2,47.22500000000001,0.2478710008970147,53.27608621547269,0.020157223745940703,-6.051086215472679,0.227713777151074,-1.3779156979920815
Najafgarh,2025,2,80.14,0.6285549390763789,2,1.9250000000000114,0.21051145595631054,5.824109471891089,0.06644371453831152,-3.8991094718910775,0.14406774141799902,-0.5617358951568745
Najafgarh,2025,4,67.51,0.2690746387486708,2,-10.704999999999984,-0.14896884437139757,-25.34633350235689,-0.05489485846172606,14.641333502356908,-0.0940739859096715,-1.377368601599525
Najafgarh,2025,6,48.78,0.3835532694362284,2,-29.434999999999988,-0.034490213683839976,-55.79023040461499,-0.05387538221527983,26.355230404615,0.01938516853143985,0.5109005830783895
Najafgarh,2025,8,23.0,0.4490451419633228,2,-55.21499999999999,0.031001658843254398,-72.68472061277119,0.03038679576720492,17.469720612771198,0.0006148630760494794,0.010741486153693495
Najafgarh,2025,9,24.65,0.4453965427671,2,-53.56499999999999,0.027353059647031608,-60.56538451603162,0.031016716522798693,7.00038451603163,-0.003663656875767085,-0.02564700686517272
Najafgarh,2025,11,181.06,0.4086866437349407,2,102.84500000000001,-0.009356839385127713,96.85232078619708,-0.047397422857271575,5.99267921380293,0.03804058347214386,0.2279650138544518
Najafgarh,2025,12,157.28,0.5871700898178523,2,79.06500000000001,0.16912660669778395,77.11038386866349,0.014677559651354508,1.9546161313365218,0.15444904704642945,0.3018885988265044
Narela,2023,1,180.98,0.2037492248044351,0,57.34142857142855,-0.10786846685717963,83.66650788268218,0.014005199198196224,-26.32507931125363,-0.12187366605537585,3.2083339248610088
Narela,2023,2,133.96,0.2713850743786528,0,10.32142857142857,-0.04023261728296196,6.7737544401943195,0.008230481393658248,3.54767413123425,-0.04846309867662021,-0.17193128149449832
Narela,2023,3,94.56,0.273586235254631,0,-29.078571428571436,-0.038031456406983744,-14.056157633618941,0.010993500863025678,-15.022413794952495,-0.049024957270009425,0.7364731943899462
Narela,2023,4,82.14,0.303994072462715,0,-41.49857142857144,-0.007623619198899756,4.164152315930187,-0.04091437009800804,-45.662723744501626,0.03329075089910828,-1.5201463615530006
Narela,2023,5,78.32,0.3307793609035867,0,-45.318571428571445,0.01916166924197199,-25.651807821444823,-0.030158507891809128,-19.666763607126622,0.04932017713378112,-0.9699682647516851
Narela,2023,7,32.32,0.3842711805807033,0,-91.31857142857143,0.07265348891908857,-69.39332458287767,0.020044763990601823,-21.925246845693763,0.05260872492848675,-1.153459280294275
Narela,2023,8,32.23,0.429590508282122,0,-91.40857142857143,0.11797281662050724,-60.09314790359987,0.026761143946041496,-31.315423524971564,0.09121167267446574,-2.8563321602219705
Narela,2023,9,41.33,0.3987983801126439,0,-82.30857142857144,0.08718068845102916,-65.31964505288325,0.0427926799791377,-16.988926375688195,0.04438800847189146,-0.7541046078923879
Narela,2023,10,115.26,0.3762704197455362,0,-8.378571428571433,0.06465272808392147,19.263141779508974,0.043527343383957744,-27.641713208080407,0.02112538469996373,-0.5839418252867672
Narela,2023,12,207.15,0.2955264200757329,0,83.51142857142857,-0.01609127158588186,72.55142545279244,0.03612783161608835,10.960003118636124,-0.052219103201970214,-0.5723215339459752
Narela,2024,1,199.61,0.1421102089340482,1,89.9794117647059,-0.17843536272666133,125.47119871456259,-0.09083634642197243,-35.49178694985669,-0.0875990163046889,3.109045623703041
Narela,2024,2,108.9,0.2742394693249761,1,-0.7305882352941069,-0.0463061023357334,10.594641899839168,-0.014299829775350553,-11.325230135133275,-0.03200627256038285,0.36247840251413704
Narela,2024,4,78.58,0.2189945825881765,1,-31.050588235294114,-0.10155098907253302,-4.778587706802136,0.0018981842969880282,-26.27200052849198,-0.10344917336952104,2.7178167374361153
Narela,2024,5,101.37,0.2103643800980259,1,-8.260588235294108,-0.1101811915626836,-5.004075888004426,-0.030259215034659507,-3.256512347289682,-0.0799219765280241,0.26026690338330666
Narela,2024,6,57.24,0.2009489151640272,1,-52.39058823529411,-0.11959665649668233,-50.28459976320766,-0.00558034178688936,-2.1059884720864517,-0.11401631470979297,0.24011704440860493
Narela,2024,7,37.0,0.31193981104741,1,-72.63058823529411,-0.00860576061329954,-57.42299214832518,0.0020786004486459094,-15.207596086968934,-0.010684361061945449,0.16248344747740484
Narela,2024,8,24.24,0.469133803139066,1,-85.39058823529412,0.14858823147835648,-63.61792168190462,0.028878910395339588,-21.7726665533895,0.11970932108301689,-2.6063911312731665
Narela,2024,9,40.62,0.4391927368407281,1,-69.01058823529411,0.11864716518001861,-47.087503932522154,0.02292147815325978,-21.923084302771954,0.09572568702675884,-2.0986023066283974
Narela,2024,10,116.01,0.4056282368846726,1,6.3794117647058926,0.08508266522396307,15.454607987447753,0.06859705774897422,-9.07519622274186,0.016485607474988853,-0.14961012268662383
Narela,2024,11,271.1,0.2655975666484974,1,161.4694117647059,-0.05494800501221214,137.81661168199963,-0.007159286023955211,23.65280008270628,-0.04778871898825693,-1.1303370164378705
Narela,2024,12,167.2,0.2708065136449883,1,57.569411764705876,-0.049739058015721205,120.75075333377205,-0.03976318426654515,-63.18134156906618,-0.009975873749176058,0.6302890867965734
Narela,2025,1,171.09,0.2844511275172274,2,61.60464285714285,-0.024771406145153996,46.41881473209872,-0.057557167469395557,15.185828125044132,0.03278576132424156,0.49787893641865166
Narela,2025,2,107.89,0.3028381975442118,2,-1.5953571428571536,-0.006384336118169576,13.392966987765833,-0.029100412776628743,-14.988324130622987,0.022716076658459167,-0.34047591993306514
Narela,2025,3,87.08,0.3145716322806567,2,-22.405357142857156,0.005349098618275316,-27.27817118692756,0.012135581741156212,4.872814044070402,-0.006786483122880896,-0.033069270271020794
Narela,2025,5,78.09,0.2790618243868942,2,-31.39535714285715,-0.030160709275487196,-28.37146734965978,-0.03979639396274644,-3.0238897931973696,0.009635684687259241,-0.029137248576271407
Narela,2025,6,57.03,0.3041749218726033,2,-52.45535714285715,-0.005047611789778084,-62.67135259138718,-0.03788043584404599,10.21599544853003,0.032832824054267906,0.33541998110078824
Narela,2025,8,30.74,0.3963718168887632,2,-78.74535714285716,0.08714928322638182,-74.7068064179147,0.09039776730427096,-4.0385507249424535,-0.0032484840778891355,0.013119167727723187
Narela,2025,9,38.21,0.4322621412593928,2,-71.27535714285716,0.12303960759701138,-57.83430525265932,0.04897314028369048,-13.44105189019784,0.0740664673133209,-0.9955312304819883
Narela,2025,10,113.75,0.365924080893528,2,4.264642857142846,0.05670154723114662,11.243532368359096,0.049695417615527746,-6.97888951121625,0.007006129615618875,-0.04889500448866411
Narela,2025,11,262.94,0.3360313566316872,2,153.45464285714286,0.026808822969305812,95.34081949351535,-0.03864833043573669,58.1138233636275,0.0654571534050425,3.803965450866509
Narela,2025,12,232.39,0.3346203830781429,2,122.90464285714283,0.02539784941576151,75.9620014288239,-0.03251118411662457,46.942641428318936,0.05790903353238608,2.7184029965712972
Nehru_Nagar,2023,2,135.41,0.3034880966197872,0,16.13624999999999,-0.008111786594976356,15.428710987844926,-0.029025199003823367,0.7075390121550633,0.02091341240884701,0.014797055156547058
Nehru_Nagar,2023,4,71.46,0.327612140008607,0,-47.81375000000001,0.016012256793843438,16.85969337226558,-0.04384942860269402,-64.6734433722656,0.05986168539653746,-3.8714613206613437
Nehru_Nagar,2023,5,65.1,0.3507029151673478,0,-54.17375000000001,0.039103031952584244,-15.394724031947991,-0.013991306422553288,-38.779025968052025,0.05309433837513753,-2.0589467266059995
Nehru_Nagar,2023,6,41.83,0.35586158049747,0,-77.44375000000001,0.04426169728270646,-59.027332656836386,-0.0022717870107025243,-18.416417343163623,0.046533484293408985,-0.8569800671789692
Nehru_Nagar,2023,7,35.56,0.2957379110923296,0,-83.71375,-0.015861972122433954,-70.34836156963,0.009570155745949441,-13.365388430370004,-0.025432127868383395,0.339910267571782
Nehru_Nagar,2023,8,32.81,0.3970180256703651,0,-86.46375,0.08541814245560153,-61.211591515830534,0.07642358752392907,-25.25215848416947,0.008994554931672463,-0.22713192662916115
Nehru_Nagar,2023,9,45.6,0.4030907494082335,0,-73.67375000000001,0.09149086619346991,-63.19302218189665,0.03407455651406722,-10.480727818103361,0.05741630967940269,-0.6017647140697531
Nehru_Nagar,2023,10,122.7,0.3795492212200097,0,3.426249999999996,0.06794933800524616,0.012290222945937068,0.061077440359887644,3.413959777054059,0.0068718976453585184,0.023460382153286483
Nehru_Nagar,2023,12,265.73,0.315357715506381,0,146.45625,0.0037578322916174134,83.04972339430988,0.008308732459388608,63.40652660569013,-0.004550900167771195,-0.2885567725676239
Nehru_Nagar,2024,1,271.67,0.1616869992086223,1,167.5294117647059,-0.1689728490801212,136.26426843951782,-0.07884512184054755,31.26514332518809,-0.09012772723957364,-2.817856309718729
Nehru_Nagar,2024,3,80.52,0.3168002375397507,1,-23.620588235294107,-0.013859610748992834,-1.717993210005259,-0.001165046729943572,-21.90259502528885,-0.012694564019049262,0.2780438947318392
Nehru_Nagar,2024,4,60.19,0.2990320837101946,1,-43.950588235294106,-0.031627764578548934,-3.6933423948528104,0.005520317802574432,-40.25724584044129,-0.03714808238112337,1.4954794849178492
Nehru_Nagar,2024,5,87.83,0.2968875990973619,1,-16.310588235294105,-0.03377224919138161,-3.100219705895775,-0.017528630237686017,-13.21036852939833,-0.016243618953695593,0.21458419262943848
Nehru_Nagar,2024,6,51.4,0.298262591549054,1,-52.740588235294105,-0.03239725673968952,-41.7164341196707,-0.003501179138008236,-11.024154115623404,-0.02889607760168128,0.31855481281794795
Nehru_Nagar,2024,7,40.75,0.2141244469005399,1,-63.3905882352941,-0.11653540138820362,-60.93883476340804,-0.04040677326788218,-2.4517534718860645,-0.07612862812032144,0.18664862830392118
Nehru_Nagar,2024,8,26.8,0.3277546920325112,1,-77.3405882352941,-0.002905156256232333,-68.14644967586743,0.020983956570316802,-9.194138559426676,-0.023889112826549135,0.2196398133890698
Nehru_Nagar,2024,9,43.64,0.3307897242208875,1,-60.5005882352941,0.00012987593214397464,-53.99350207931758,0.042918528733021065,-6.507086155976523,-0.04278865280087709,0.27842945027347343
Nehru_Nagar,2024,10,125.74,0.3938067876284767,1,21.59941176470589,0.0631469393397332,25.453200840011387,0.03032108418110893,-3.853789075305496,0.03282585515862427,-0.12650392199786675
Nehru_Nagar,2024,12,232.41,0.306667941718492,1,128.2694117647059,-0.02399190657025152,123.19932342712683,-0.02387612054146465,5.070088337579065,-0.00011578602878686839,-0.0005870453942068953
Nehru_Nagar,2025,1,203.63,0.3488151278851823,2,100.24703703703703,0.0315177010513108,88.95678218914412,-0.06493591586371977,11.29025484789291,0.09645361691503057,1.0889859159717294
Nehru_Nagar,2025,2,116.74,0.1981413627001943,2,13.357037037037031,-0.11915606413367721,18.17349215543123,-0.02919234393166091,-4.816455118394199,-0.0899637202020163,0.43330622063678503
Nehru_Nagar,2025,3,72.68,0.3317688027009317,2,-30.702962962962957,0.014471375867060154,-18.476163841049488,0.018893495455062848,-12.22679912191347,-0.004422119588002694,0.054068367895587686
Nehru_Nagar,2025,4,75.5,0.301247412336699,2,-27.882962962962964,-0.016050014497172527,-30.58136117374075,-0.030277607807348932,2.6983982107777855,0.014227593310176406,0.038391712331854004
Nehru_Nagar,2025,5,64.28,0.3291798710743363,2,-39.10296296296296,0.011882444240464807,-25.975804461191068,-0.03466034420286065,-13.127158501771895,0.046542788443325454,-0.6109745610099704
Nehru_Nagar,2025,6,46.14,0.3101119222108888,2,-57.24296296296296,-0.00718550462298273,-58.96553401348976,-0.0467763021425613,1.7225710505267955,0.03959079751957857,0.06819796167449411
Nehru_Nagar,2025,7,29.74,0.3436719989930116,2,-73.64296296296297,0.026374572159140075,-70.64122220170321,-0.06174881355770314,-3.0017407612597538,0.08812338571684322,-0.2645235589264639
Nehru_Nagar,2025,8,34.05,0.2797839296569135,2,-69.33296296296297,-0.03751349717695801,-72.69496632734642,0.04574755431935033,3.3620033643834546,-0.08326105149630833,-0.27992393525269266
Nehru_Nagar,2025,9,35.08,0.3870324094406492,2,-68.30296296296297,0.06973498260677768,-60.083678938155586,0.02889042643953958,-8.21928402480738,0.0408445561672381,-0.33571300800572784
Nehru_Nagar,2025,10,119.32,0.3513309385839569,2,15.93703703703703,0.0340335117500854,34.657868108767836,0.04060053522529271,-18.720831071730807,-0.006567023475207309,0.12294013712344662
Nehru_Nagar,2025,11,251.08,0.3213726760846716,2,147.69703703703703,0.004075249250800106,104.52245633879433,-0.05603235134315118,43.17458069824271,0.06010760059395129,2.595120452421291
North_Campus_DU,2023,1,152.83,0.1403187931613803,0,75.3675,-0.057150359423408514,89.7717406283723,0.0090145555912273,-14.404240628372293,-0.06616491501463581,0.953055357026617
North_Campus_DU,2023,2,103.1,0.1931250688561527,0,25.63749999999999,-0.004344083728636122,14.427007917604104,-0.01837756509502163,11.210492082395884,0.01403348136638551,0.15732223174631493
North_Campus_DU,2023,3,65.53,0.1993037367474462,0,-11.932500000000005,0.0018345841626573878,0.27619252353947626,-0.00631056787247135,-12.208692523539481,0.008145152035128738,-0.09944165675436861
North_Campus_DU,2023,4,58.21,0.2047163805960621,0,-19.252500000000005,0.007247228011273282,16.6469548922428,-0.03281065149426313,-35.8994548922428,0.04005787950553641,-1.4380560383879017
North_Campus_DU,2023,6,39.7,0.1982893538382029,0,-37.7625,0.0008202012534140879,-41.69166427431965,0.01578356203949685,3.929164274319646,-0.014963360786082763,-0.058793502624431934
North_Campus_DU,2023,7,36.04,0.1313243703174309,0,-41.42250000000001,-0.0661447822673579,-64.24170125304552,0.006776346720600288,22.819201253045513,-0.07292112898795819,-1.664001917975509
North_Campus_DU,2023,8,54.46,0.2268384636462572,0,-23.002500000000005,0.029369311061468395,-49.22760227124021,0.05904942096567777,26.225102271240203,-0.029680109904209377,-0.7783639176595402
North_Campus_DU,2023,9,61.05,0.2379717088046957,0,-16.41250000000001,0.04050255621990689,-46.449704802682184,0.05562645247907588,30.037204802682176,-0.01512389625916899,-0.45427956935117775
North_Campus_DU,2023,10,125.42,0.2217368647973876,0,47.957499999999996,0.024267712212598797,23.049741771172616,0.0405433024205214,24.90775822882738,-0.016275590207922602,-0.4053884659304065
North_Campus_DU,2023,11,245.13,0.1396363142571541,0,167.6675,-0.05783283832763472,79.01479766971455,-0.040195281639041604,88.65270233028544,-0.01763755668859312,-1.5636170629473807
North_Campus_DU,2024,1,199.68,0.1055250858263497,1,112.94833333333334,-0.08742015171256587,120.79535308346244,-0.06121333442307647,-7.847019750129107,-0.026206817289489398,0.20564541285864826
North_Campus_DU,2024,2,106.68,0.1819505552260464,1,19.948333333333338,-0.01099468231286918,25.510575359965806,0.007633451376458143,-5.562242026632468,-0.018628133689327322,0.10361418808450457
North_Campus_DU,2024,3,79.57,0.1978493810267931,1,-7.161666666666676,0.004904143487877516,-17.37215254941665,0.0030690150970151225,10.210485882749975,0.0018351283908623933,0.018737552527934145
North_Campus_DU,2024,5,92.9,0.1820803735735675,1,6.1683333333333366,-0.010864863965348082,-4.475088302891655,-0.008595474948548863,10.643421636224993,-0.0022693890167992184,-0.024154064162412163
North_Campus_DU,2024,6,65.82,0.1717147450550149,1,-20.911666666666676,-0.02123049248390066,-42.2642073322615,0.00015644630705409247,21.352540665594823,-0.02138693879095475,-0.4566654802464487
North_Campus_DU,2024,7,37.96,0.0914223799050164,1,-48.77166666666667,-0.10152285763389918,-57.70344290959667,-0.02439554428653952,8.931776242929999,-0.07712731334735966,-0.6888839050369648
North_Campus_DU,2024,8,27.95,0.1789783716370981,1,-58.781666666666666,-0.013966865901817477,-59.070130871918785,0.006903044769343887,0.2884642052521187,-0.020869910671161365,-0.006020222195439274
North_Campus_DU,2024,9,41.01,0.1541518452544718,1,-45.72166666666667,-0.038793392284443784,-48.30145540163452,0.022694904154170435,2.579788734967849,-0.06148829643861422,-0.15862681448470067
North_Campus_DU,2024,10,108.35,0.2474809726577229,1,21.618333333333325,0.05453573511880733,30.807733851120155,0.04227861191375721,-9.18940051778683,0.012257123205050117,-0.11263561432706451
North_Campus_DU,2024,11,246.34,0.1321471502610524,1,159.60833333333335,-0.06079808727786318,132.0640936737334,-0.051465371072729874,27.544239659599953,-0.009332716205133304,-0.25706257182922393
North_Campus_DU,2025,1,157.29,0.2334527722981751,2,65.59607142857142,0.05072723172233179,59.180635384346004,-0.028598865928210038,6.415436044225416,0.07932609765054183,0.5089115061150311
North_Campus_DU,2025,2,89.05,0.188529805458643,2,-2.6439285714285745,0.005804264882799698,21.75592607719347,0.002949740556958027,-24.399854648622046,0.0028545243258416707,-0.0696499786414926
North_Campus_DU,2025,3,64.57,0.2150734370587464,2,-27.12392857142858,0.032347896482903093,-22.546884157469535,0.030362807714137897,-4.577044413959044,0.0019850887687651968,-0.009085839460289579
North_Campus_DU,2025,5,69.55,0.2015863431958708,2,-22.143928571428575,0.018860802620027484,-22.10650590274974,-0.019819930370707606,-0.037422668678836146,0.03868073299073509,-0.0014475362549668058
North_Campus_DU,2025,6,46.3,0.2090780420952396,2,-45.393928571428575,0.026352501519396304,-53.12122683086086,-0.04866683896270699,7.727298259432288,0.07501934048210329,0.5796968191311149
North_Campus_DU,2025,7,30.38,0.1261780859817936,2,-61.313928571428576,-0.05654745459404972,-66.85491956253257,-0.09528819196411908,5.540990991103996,0.03874073737006936,0.21466207675628024
North_Campus_DU,2025,8,34.86,0.1167696887671436,2,-56.83392857142857,-0.06595585180869971,-67.94205661664343,0.021684727841122107,11.108128045214855,-0.08764057964982182,-0.973522780707072
North_Campus_DU,2025,9,32.93,0.2199393922187969,2,-58.76392857142857,0.0372138516429536,-59.607927344818265,0.01888161110362446,0.8439987733896928,0.01833224053932914,0.015472388528678594
North_Campus_DU,2025,10,103.15,0.2299132073637428,2,11.456071428571434,0.047187666787899485,22.319827651864724,0.031169405720134737,-10.86375622329329,0.016018261067764748,-0.1740184833612659
North_Campus_DU,2025,11,220.81,0.1961135841713847,2,129.11607142857144,0.013388043595541382,99.33906625441543,-0.04525602425655693,29.777005174156017,0.05864406785209831,1.7462447118654878
North_Campus_DU,2025,12,207.18,0.2272634064715604,2,115.48607142857144,0.044537865895717094,89.53329664364222,-0.035826402272618144,25.95277478492922,0.08036426816833524,2.0856757525284606
Okhla_Phase-2,2023,1,190.56,0.1855970357367886,0,98.833,-0.07894108911090031,73.55349312538776,0.012140593239436892,25.279506874612238,-0.0910816823503372,-2.3025000151265975
Okhla_Phase-2,2023,2,109.64,0.2538336074858688,0,17.912999999999997,-0.010704517361820098,22.098964584393332,-0.03473791883301397,-4.185964584393336,0.02403340147119387,-0.10060296740092424
Okhla_Phase-2,2023,3,70.91,0.2780414930953814,0,-20.817000000000007,0.013503368247692493,-6.180777208046342,-0.003368026639803394,-14.636222791953665,0.016871394887495887,-0.24693349438441786
Okhla_Phase-2,2023,5,59.3,0.3018480606428704,0,-32.42700000000001,0.03730993579518149,-11.223321987561595,-0.031128686393591728,-21.20367801243841,0.06843862218877322,-1.4511505085056702
Okhla_Phase-2,2023,7,29.68,0.2295588721542181,0,-62.047000000000004,-0.0349792526934708,-55.28344275943614,0.0022145967681571122,-6.763557240563863,-0.03719384946162791,0.25156272983063577
Okhla_Phase-2,2023,8,31.3,0.343184526369488,0,-60.42700000000001,0.07864640152179908,-52.631600926325554,0.05712161056741819,-7.795399073674453,0.02152479095438089,-0.16779433546681702
Okhla_Phase-2,2023,9,38.07,0.3222673470665793,0,-53.657000000000004,0.057729222218890375,-67.4744723690776,0.011518813277489217,13.8174723690776,0.04621040894140116,0.6385110487115869
Okhla_Phase-2,2023,11,261.0,0.2254256125146661,0,169.273,-0.03911251233302279,93.6072569808824,-0.006158160663229518,75.6657430191176,-0.032954351669793276,-2.493515504808207
Okhla_Phase-2,2023,12,215.11,0.2888766622124623,0,123.38300000000001,0.02433853736477337,73.18189436909789,0.018467706226531568,50.20110563090212,0.005870831138241803,0.2947222141120661
Okhla_Phase-2,2024,1,238.74,0.1238259450592401,1,137.5378947368421,-0.14322744787524477,126.28091425656974,-0.0689706146505176,11.256980480272361,-0.07425683322472718,-0.8359077221375939
Okhla_Phase-2,2024,2,105.55,0.1938820593037518,1,4.347894736842093,-0.07317133363073308,6.983022320844654,0.01897320277431742,-2.6351275840025608,-0.0921445364050505,0.24281260959607676
Okhla_Phase-2,2024,3,66.39,0.2640814608086898,1,-34.8121052631579,-0.0029719321257950515,-14.329015715972371,0.010628642785867719,-20.483089547185532,-0.01360057491166277,0.2785817938087935
Okhla_Phase-2,2024,5,75.98,0.2441229765989999,1,-25.2221052631579,-0.022930416335484982,-1.1150376737357488,-0.03155528123452967,-24.10706758942215,0.008624864899044689,-0.20792020107090498
Okhla_Phase-2,2024,7,32.67,0.2437201316463147,1,-68.5321052631579,-0.023333261288170176,-58.0078745030226,-0.03555934512866179,-10.524230760135303,0.012226083840491613,-0.128670127630095
Okhla_Phase-2,2024,8,21.04,0.2914801538603463,1,-80.16210526315791,0.024426760925861435,-59.437069385345474,0.020809323164256096,-20.725035877812438,0.003617437761605339,-0.07497152739502416
Okhla_Phase-2,2024,9,36.64,0.2576966821065157,1,-64.5621052631579,-0.009356710827969184,-56.66372538672888,0.03805959027425584,-7.898379876429026,-0.04741630110222502,0.37451195844051355
Okhla_Phase-2,2024,10,103.94,0.3326325338483802,1,2.737894736842094,0.06557914091389533,-45.47316566220798,0.04924025402804678,48.211060399050076,0.01633888688584855,0.7877150625068917
Okhla_Phase-2,2024,12,184.35,0.264775973772947,1,83.14789473684209,-0.002277419161537897,92.20818731274679,0.009460778273802246,-9.060292575904697,-0.011738197435340143,0.10635150307791585
Okhla_Phase-2,2025,1,186.22,0.2925892779940359,2,86.64357142857143,0.03222383575259313,72.53107499023186,-0.057185923875113974,14.112496438339576,0.08940975962770711,1.2617949142988143
Okhla_Phase-2,2025,2,99.84,0.2267467163943868,2,0.26357142857143856,-0.03361872584705597,6.142215209927751,-0.02070822588026866,-5.878643781356312,-0.012910499966787309,0.0758962303439551
Okhla_Phase-2,2025,3,68.92,0.280228896277543,2,-30.656428571428563,0.019863454036100237,-32.12526964436,0.007468749968124159,1.4688410729314398,0.012394704067976077,0.018205850421873664
Okhla_Phase-2,2025,4,71.86,0.2496036371205331,2,-27.716428571428565,-0.010761805120909657,-27.31597021738983,-0.049210627072311636,-0.40045835403873653,0.03844882195140198,-0.015397151953386878
Okhla_Phase-2,2025,5,59.31,0.2638933878293326,2,-40.26642857142856,0.0035279455878898247,-30.24788855878209,-0.03424694126095401,-10.018540012646472,0.037774886848843836,-0.378449215368335
Okhla_Phase-2,2025,6,42.87,0.2531414955460527,2,-56.70642857142857,-0.00722394669539006,-57.06954442122601,-0.04523706986216229,0.3631158497974454,0.03801312316677223,0.013803167522157456
Okhla_Phase-2,2025,7,23.39,0.1051959973922045,2,-76.18642857142856,-0.15516944484923825,-66.58296602705045,-0.08375310692422668,-9.603462544378118,-0.07141633792501158,0.6858441263194992
Okhla_Phase-2,2025,9,28.42,0.3312098669281559,2,-71.15642857142856,0.07084442468671315,-65.8062286450723,0.041195555701255764,-5.350199926356268,0.029648868985457384,-0.15862737666254073
Okhla_Phase-2,2025,10,104.66,0.3276568992594955,2,5.083571428571432,0.06729145701805272,13.133768968082023,0.02712884742675556,-8.050197539510592,0.040162609591297166,-0.32331694091218494
Okhla_Phase-2,2025,11,212.35,0.2939631017516724,2,112.77357142857143,0.03359765951022964,86.75497228175102,-0.025674250229630748,26.018599146820407,0.059271909739860386,1.5421720601879476
Okhla_Phase-2,2025,12,225.32,0.27186553574734,2,125.74357142857143,0.011500093505897258,92.24188763017213,-0.02661479062667851,33.5016837983993,0.03811488413257577,1.2769127962221802
Patparganj,2023,1,206.51,0.1355830203231327,0,99.78636363636362,-0.038760183839839174,80.121906061205,0.01353913940334259,19.66445757515862,-0.05229932324318176,-1.028437823125055
Patparganj,2023,3,81.65,0.1879843350279037,0,-25.073636363636368,0.013641130864931822,-3.252064220688938,-0.000652930203313518,-21.82157214294743,0.01429406106824534,-0.31191888481641195
Patparganj,2023,5,69.65,0.1970420260248753,0,-37.07363636363637,0.022698821861903418,-9.756405987759777,-0.029180378956066892,-27.31723037587659,0.05187920081797031,-1.4171960804608603
Patparganj,2023,6,52.83,0.187856291274629,0,-53.893636363636375,0.013513087111657107,-47.850872270033925,-0.0019264343735449568,-6.04276409360245,0.015439521485202064,-0.09329738605318261
Patparganj,2023,8,38.96,0.2104683398068062,0,-67.76363636363638,0.03612513564383432,-70.44705868544034,0.03964255243726724,2.6834223218039597,-0.003517416793432919,-0.009438714738586002
Patparganj,2023,9,43.29,0.232435075480106,0,-63.433636363636374,0.058091871317134114,-68.9459322326493,0.030992128242320387,5.512295869012924,0.027099743074813727,0.1493818018026073
Patparganj,2023,10,105.26,0.2258171513822443,0,-1.4636363636363683,0.051473947219272426,11.651698066567432,0.030426495653166834,-13.1153344302038,0.02104745156610559,-0.27604436619299155
Patparganj,2023,11,263.26,0.1559645442434887,0,156.5363636363636,-0.018378659919483176,69.62221945396895,-0.016853916896395857,86.91414418239465,-0.0015247430230873188,-0.13252173494971153
Patparganj,2024,1,238.94,0.123384224076774,1,131.81526315789472,-0.058243461678798444,124.7311641486036,-0.02887493685606042,7.084099009291123,-0.029368524822738024,-0.20804953760110018
Patparganj,2024,2,86.33,0.1414817547995268,1,-20.794736842105266,-0.040145930956045656,20.03721269194453,0.024648064969649257,-40.8319495340498,-0.06479399592569492,2.645665171747403
Patparganj,2024,4,56.51,0.1764958502684432,1,-50.614736842105266,-0.005131835487129255,-1.2991955697691835,-0.0019874605021146215,-49.315541272336084,-0.0031443749850146334,0.1550665543491903
Patparganj,2024,5,81.02,0.1771764231117126,1,-26.104736842105268,-0.004451262643859838,-3.026205095421936,-0.012584593975536353,-23.078531746683332,0.008133331331676515,-0.18770534534439068
Patparganj,2024,6,53.3,0.1664186545655006,1,-53.82473684210527,-0.015209031190071859,-45.63138824099699,-0.010000363935458492,-8.193348601108276,-0.005208667254613367,0.04267642656422492
Patparganj,2024,7,39.62,0.1195625264609911,1,-67.50473684210527,-0.062065159294581354,-64.87569407871587,-0.011603869898522126,-2.629042763389407,-0.05046128939605923,0.13266488771800813
Patparganj,2024,8,28.07,0.1820684876754603,1,-79.05473684210526,0.000440801919887851,-67.61874825284633,0.010713163946261402,-11.435988589258926,-0.010272362026373551,0.11747461491834463
Patparganj,2024,10,117.19,0.2365014833151167,1,10.065263157894734,0.054873797559544246,18.165657226620365,0.03542937930036828,-8.100394068725631,0.019444418259175963,-0.15750745033644933
Patparganj,2024,11,274.92,0.1343264046725922,1,167.79526315789474,-0.04730128108298026,134.43316879020477,-0.050085624453085696,33.36209436768996,0.002784343370105434,0.0928915262655094
Patparganj,2024,12,186.58,0.2060105010661819,1,79.45526315789475,0.024382815310609457,104.19115975480186,-0.011145246632740755,-24.73589659690711,0.03552806194335021,-0.8788184665192215
Patparganj,2025,1,193.93,0.1961590873943189,2,83.6593103448276,0.019802110174726606,59.47500862535145,-0.02403613067730968,24.184301719476153,0.04383824085203629,1.0601972436167109
Patparganj,2025,2,101.21,0.1944553640251529,2,-9.06068965517241,0.018098386805560612,8.142922508924668,-0.006736195004623661,-17.20361216409708,0.024834581810184275,-0.4272445137199503
Patparganj,2025,3,63.02,0.2156486538745622,2,-47.2506896551724,0.03929167665496991,-25.446742169594884,0.03116624510441288,-21.803947485577517,0.00812543155055703,-0.17716648282600017
Patparganj,2025,4,70.58,0.1936253258778446,2,-39.690689655172406,0.017268348658252303,-36.5500626509747,-0.02920565663328227,-3.140627004197704,0.04647400529153457,-0.14595751601182047
Patparganj,2025,5,67.85,0.1983949210617081,2,-42.42068965517241,0.022037943842115826,-28.025717266365007,-0.02691262689436561,-14.394972388807403,0.04895057073648144,-0.7046421141680139
Patparganj,2025,6,42.79,0.1933768038490415,2,-67.4806896551724,0.017019826629449203,-61.150624860306785,-0.044764175895546494,-6.3300647948656135,0.0617840025249957,-0.39109673926936345
Patparganj,2025,7,26.04,0.1246921681742258,2,-84.2306896551724,-0.05166480904536648,-69.08970938675714,-0.06656556493426743,-15.140980268415262,0.014900755888900954,-0.22561205089832187
Patparganj,2025,8,31.75,0.1771362781483623,2,-78.5206896551724,0.0007793009287700159,-74.17269784636225,0.020351390314878575,-4.34799180881015,-0.01957208938610856,0.0850992843321001
Patparganj,2025,11,229.75,0.193747460544036,2,119.4793103448276,0.017390483324443706,97.85350271579307,-0.04346380280946004,21.625807629034526,0.06085428613390375,1.3160230853340256
Patparganj,2025,12,235.01,0.1924856592541252,2,124.73931034482759,0.01612868203453291,95.85789679489258,-0.03290112561567325,28.881413549935004,0.04902980765020616,1.4160501510193713
Punjabi_Bagh,2023,1,195.14,0.1701777529681312,0,82.9290909090909,-0.09631252264868467,57.90042090702505,0.021932501094647876,25.02867000206585,-0.11824502374333255,-2.959515678658312
Punjabi_Bagh,2023,3,85.19,0.2571575350947771,0,-27.020909090909086,-0.009332740522038752,-7.356491031827938,-0.002981450658895213,-19.66441805908115,-0.006351289863143539,0.12489441908325885
Punjabi_Bagh,2023,4,78.79,0.2738490768353825,0,-33.42090909090908,0.007358801218566635,17.410874981710002,-0.06644648650809515,-50.83178407261908,0.07380528772666178,-3.751654449139195
Punjabi_Bagh,2023,5,73.93,0.2745533230706186,0,-38.28090909090908,0.008063047453802707,-6.4544616874322065,-0.004486879122780087,-31.82644740347687,0.012549926576582795,-0.3994195781071089
Punjabi_Bagh,2023,6,53.05,0.2800449851931927,0,-59.16090909090909,0.013554709576376833,-58.071873736926044,0.0026821971729532974,-1.0890353539830429,0.010872512403423535,-0.011840550393947373
Punjabi_Bagh,2023,7,45.08,0.223413068472647,0,-67.13090909090909,-0.04307720714416888,-58.84316406374902,0.009592008180105221,-8.287745027160064,-0.0526692153242741,0.43650902738817526
Punjabi_Bagh,2023,8,42.66,0.3121884570509278,0,-69.55090909090909,0.04569818143411192,-57.637734625198995,0.04997038095629337,-11.913174465710092,-0.004272199522181455,0.05089545826007097
Punjabi_Bagh,2023,10,117.98,0.2851212335862613,0,5.76909090909092,0.018630957969445416,-11.908628269338504,0.03214057064100696,17.677719178429424,-0.013509612671561547,-0.23881913901721671
Punjabi_Bagh,2023,11,299.77,0.1719695191508828,0,187.5590909090909,-0.09452075646593308,87.51834219887104,-0.004907882545130152,100.04074871021987,-0.08961287392080293,-8.964939001111661
Punjabi_Bagh,2023,12,241.68,0.2638128177126566,0,129.46909090909094,-0.002677457904159297,77.75333697341001,0.004770434334584828,51.71575393568092,-0.007447892238744125,-0.3851733623583589
Punjabi_Bagh,2024,1,249.72,0.1252866336346518,1,132.21571428571428,-0.1339362616472745,127.68126940133328,-0.08603227134381594,4.534444884381003,-0.04790399030345857,-0.2172180037729549
Punjabi_Bagh,2024,2,121.14,0.2214940235580472,1,3.635714285714286,-0.03772887172387912,19.633629231597336,0.01592668241139226,-15.99791494588305,-0.053655554135271386,0.8583769914302952
Punjabi_Bagh,2024,3,85.53,0.2624827584921371,1,-31.974285714285713,0.003259863210210767,-16.812307916571633,0.00328631676083712,-15.16197779771408,-2.645355062635274e-05,0.00040108814726746566
Punjabi_Bagh,2024,4,73.05,0.223256002596595,1,-44.45428571428572,-0.03596689268533132,-5.646729067357617,0.0008943944208862171,-38.8075566469281,-0.036861287106217534,1.4304964874532173
Punjabi_Bagh,2024,7,48.39,0.1620492427484792,1,-69.11428571428571,-0.09717365253344712,-69.95250056259016,-0.028960190425238626,0.838214848304446,-0.0682134621082085,-0.057177536793353065
Punjabi_Bagh,2024,8,37.9,0.309452388782927,1,-79.60428571428571,0.0502294935010007,-70.75145895946955,0.02979111407664212,-8.852826754816164,0.02043837942435858,-0.1809374321930458
Punjabi_Bagh,2024,9,54.95,0.2311067770249351,1,-62.55428571428571,-0.02811611825699123,-54.53093204018895,0.024810815699780327,-8.02335367409676,-0.05292693395677156,0.4246515100207397
Punjabi_Bagh,2024,10,125.35,0.3169998965452293,1,7.84571428571428,0.057777001263302985,-38.5690663369589,0.05188312407008456,46.41478062267318,0.005893877193218426,0.27356301694020996
Punjabi_Bagh,2025,1,188.01,0.2719012471623137,2,75.47137931034482,0.0203216428759877,69.94696220854121,-0.046186966964195976,5.524417101803607,0.06650860984018367,0.36742130161829434
Punjabi_Bagh,2025,2,113.37,0.2472101174913201,2,0.831379310344829,-0.0043694867950058724,6.60449674668864,-0.010252911001945995,-5.773117436343811,0.005883424206940123,-0.03396569887449328
Punjabi_Bagh,2025,3,78.65,0.2721149823233825,2,-33.88862068965517,0.020535378037056518,-26.5145066273993,0.02136511620518291,-7.37411406225587,-0.0008297381681263913,0.006118583893571248
Punjabi_Bagh,2025,4,82.9,0.2463330662677209,2,-29.63862068965517,-0.005246538018605085,-23.74424447861016,-0.03554943690593411,-5.89437621104501,0.030302898887329024,-0.1786166863271745
Punjabi_Bagh,2025,5,69.65,0.269924957562746,2,-42.88862068965517,0.018345353276420007,-26.390693024217192,-0.02831761651444242,-16.497927665437977,0.04666296979086243,-0.7698423002641659
Punjabi_Bagh,2025,6,48.33,0.2716909735755224,2,-64.20862068965518,0.020111369289196435,-60.86851002516922,-0.03685035258133033,-3.3401106644859553,0.05696172187052676,-0.19025845468722932
Punjabi_Bagh,2025,7,28.81,0.1567972174703887,2,-83.72862068965517,-0.09478238681593729,-67.558429880167,-0.08532776351005313,-16.170190809488176,-0.00945462330588416,0.15288306288798076
Punjabi_Bagh,2025,8,32.97,0.1413052020898638,2,-79.56862068965518,-0.11027440219646217,-71.99171056672398,0.05903471945007811,-7.576910122931196,-0.16930912164654027,1.2828399977082603
Punjabi_Bagh,2025,11,247.34,0.2515740354931818,2,134.80137931034483,-5.568793144172801e-06,100.9296421624483,-0.0524530385512121,33.871737147896525,0.052447469758067924,1.7764869097175289
Punjabi_Bagh,2025,12,239.37,0.2732900194024306,2,126.83137931034483,0.02171041511610461,88.97291843970767,-0.03369952879062286,37.85846087063716,0.05540994390672747,2.0977351932370416
R_K_Puram,2023,1,210.01,0.2630595655215922,0,104.87999999999998,-0.11698663179859564,57.90042090702505,0.017165897689499027,46.97957909297493,-0.13415252948809467,-6.302429369608595
R_K_Puram,2023,2,123.74,0.3442713552704169,0,18.609999999999985,-0.03577484204977094,13.173043340934715,-0.02355956788678744,5.43695665906527,-0.0122152741629835,-0.06641391620274109
R_K_Puram,2023,4,92.63,0.3796806244553941,0,-12.500000000000014,-0.0003655728647937728,17.828068633103374,-0.06644648650809515,-30.32806863310339,0.06608091364330138,-2.004106484312222
R_K_Puram,2023,5,88.28,0.3926578122001878,0,-16.85000000000001,0.012611614879999955,-6.4544616874322065,-0.004486879122780087,-10.395538312567801,0.017098494002780042,-0.1777480494931107
R_K_Puram,2023,9,50.46,0.4509632916104938,0,-54.67000000000001,0.07091709429030596,-67.19637124656448,0.03174487500479349,12.526371246564473,0.03917221928551247,0.49068576132216174
R_K_Puram,2023,10,113.64,0.4306613328883612,0,8.509999999999991,0.050615135568173375,-11.908628269338504,0.03214057064100696,20.418628269338495,0.018474564927166412,0.3772252736855696
R_K_Puram,2023,11,277.24,0.3036566086202003,0,172.11,-0.07638958869998758,87.51834219887104,-0.004907882545130152,84.59165780112897,-0.07148170615485742,-6.046756026092554
R_K_Puram,2023,12,227.28,0.3678922270552272,0,122.14999999999999,-0.012153970264960678,77.75333697341001,0.004770434334584828,44.39666302658998,-0.016924404599545508,-0.7513870879316914
R_K_Puram,2024,1,249.85,0.2241334093962919,1,126.70736842105262,-0.1502534847165471,113.8781209039541,-0.08983500825951933,12.829247517098523,-0.06041847645702776,-0.775123589073199
R_K_Puram,2024,3,82.4,0.3486209218741422,1,-40.74263157894737,-0.02576597223869681,-19.667924642820118,0.017393877843731517,-21.07470693612725,-0.04315985008242833,0.9095811918943645
R_K_Puram,2024,4,71.25,0.3425347570717518,1,-51.89263157894737,-0.03185213704108719,-3.698007111026415,-0.01706572803215841,-48.19462446792096,-0.014786409008928782,0.712625429414406
R_K_Puram,2024,5,94.63,0.3430091365895944,1,-28.512631578947378,-0.031377757523244565,-3.669509323628554,-0.02916869922754235,-24.843122255318825,-0.002209058295702216,0.0548799053092564
R_K_Puram,2024,6,66.56,0.3410231140487435,1,-56.58263157894737,-0.03336378006409546,-50.82368114540797,-0.003961200896650729,-5.758950433539404,-0.02940257916744473,0.16932799604353246
R_K_Puram,2024,7,54.16,0.3160278649056222,1,-68.98263157894738,-0.058359029207216806,-71.60061888836157,-0.004994710404857505,2.6179873094141897,-0.0533643188023593,-0.13970710940010966
R_K_Puram,2024,8,34.6,0.4374372937028195,1,-88.54263157894738,0.06305039958998049,-70.5081390923712,0.0518292774774084,-18.034492486576184,0.01122112211257209,-0.20236724243013524
R_K_Puram,2024,9,48.0,0.4217907560598024,1,-75.14263157894737,0.04740386194696339,-61.6539136235097,0.04748099618288502,-13.488717955437671,-7.713423592162899e-05,0.0010404419530550425
R_K_Puram,2024,11,255.69,0.3008994758174361,1,132.54736842105262,-0.0734874182954029,110.54686374336224,-0.052932155339989365,22.000504677690387,-0.02055526295541353,-0.4522261588017313
R_K_Puram,2024,12,199.6,0.3508385378013111,1,76.45736842105262,-0.023548356311527907,72.94171435599664,0.007519732713661876,3.5156540650559833,-0.03106808902518978,-0.10922465347492964
R_K_Puram,2025,1,182.39,0.4039782173659408,2,61.822758620689655,0.040541449937959606,58.393276276746086,-0.052385680958395846,3.429482343943569,0.09292713089635546,0.318691954682384
R_K_Puram,2025,2,108.05,0.1707874926724991,2,-12.517241379310335,-0.1926492747554821,1.0932651186319264,-0.031208755592957677,-13.61050649794226,-0.16144051916252442,2.1972872350927104
R_K_Puram,2025,3,75.54,0.3714848232416979,2,-45.027241379310325,0.008048055813716704,-31.050480664991525,0.011265457958594734,-13.9767607143188,-0.003217402144878031,0.04496885990069631
R_K_Puram,2025,4,83.33,0.3504254950446102,2,-37.23724137931033,-0.01301127238337102,-23.22244438279997,-0.028422897317164356,-14.014796996510363,0.015411624933793337,-0.21599079483347108
R_K_Puram,2025,5,70.56,0.3832161017581263,2,-50.00724137931033,0.019779334330145115,-27.81607212132875,-0.028885636096271716,-22.191169257981578,0.048664970426416834,-1.0799325956672838
R_K_Puram,2025,7,39.6,0.2656779315452572,2,-80.96724137931034,-0.097758835882724,-71.42804976035913,-0.06255171013713251,-9.539191618951207,-0.03520712574559148,0.33584751883970754
R_K_Puram,2025,8,41.49,0.4101024891024622,2,-79.07724137931032,0.04666572167448102,-73.78975740070916,0.060961527781509914,-5.287483978601159,-0.014295806107028894,0.07558884575210388
R_K_Puram,2025,10,120.38,0.452588912883794,2,-0.18724137931033624,0.08915214545581279,6.686850146497309,0.05029535890650238,-6.874091525807645,0.038856786549310414,-0.2671051071387312
R_K_Puram,2025,11,235.98,0.3714525009832855,2,115.41275862068966,0.008015733555304327,73.6104591444732,-0.03527344315935512,41.80229947621646,0.04328917671465945,1.8095871291050505
R_K_Puram,2025,12,248.71,0.391837763949502,2,128.14275862068968,0.028400996521520783,80.45828742679736,-0.033087819083367706,47.68447119389232,0.06148881560488849,2.932061656457862
Rohini,2023,1,195.34,0.1892106458290305,0,79.11,-0.11384452469517434,68.63054692687942,0.022392841140930476,10.479453073120581,-0.13623736583610482,-1.4276930820850215
Rohini,2023,2,130.52,0.2613040795665455,0,14.290000000000006,-0.04175109095765933,-0.8169942976708606,-0.008573499215071645,15.106994297670866,-0.033177591742587685,-0.5012136892657242
Rohini,2023,3,88.88,0.2584239291712285,0,-27.35000000000001,-0.04463124135297636,-10.698714080026063,-0.0031363286485508843,-16.651285919973944,-0.04149491270442547,0.6909436556657478
Rohini,2023,4,79.58,0.2992406115058126,0,-36.650000000000006,-0.0038145590183922273,19.440282664886457,-0.04359103424054334,-56.09028266488646,0.039776475222151116,-2.2310737386233086
Rohini,2023,6,44.14,0.3281797922910545,0,-72.09,0.025124621766849653,-53.309301390544164,0.0033891028672945024,-18.78069860945584,0.02173551889955515,-0.40820822957267655
Rohini,2023,7,36.21,0.16360842893045,0,-80.02000000000001,-0.13944674159375484,-63.031809260657006,0.002184477974561911,-16.988190739343004,-0.14163121956831676,2.4060581726723345
Rohini,2023,9,40.05,0.3604465888874346,0,-76.18,0.05739141836322975,-60.21023764519206,0.04582848836150597,-15.969762354807948,0.01156293000172378,-0.18465724425280783
Rohini,2023,10,106.99,0.3579216265733844,0,-9.240000000000009,0.05486645604917956,-14.510457502934301,0.06675114710577394,5.270457502934292,-0.011884691056594385,-0.06263775914928395
Rohini,2023,12,232.53,0.296968891150515,0,116.3,-0.006086279373689829,70.59246914582523,3.233825992559724e-05,45.70753085417476,-0.006118617633615426,-0.27966690427337487
Rohini,2024,1,234.1,0.1670644600494858,1,122.4615,-0.12538111343409966,124.30128110517684,-0.10969515697792255,-1.83978110517684,-0.01568595645617711,0.028858726304701314
Rohini,2024,2,125.57,0.2572033055458955,1,13.9315,-0.035242267937689975,12.04173441405521,-0.002622081399224589,1.8897655859447902,-0.032620186538465386,-0.0616445059274914
Rohini,2024,3,86.66,0.2762521961503991,1,-24.978499999999997,-0.016193377333186376,-18.837584150217864,-0.003920109780270458,-6.140915849782132,-0.012273267552915919,0.07536910324431813
Rohini,2024,5,94.76,0.2479240765195418,1,-16.87849999999999,-0.04452149696404367,-8.552987674034567,-0.01994138731364793,-8.325512325965422,-0.024580109650395743,0.20464200586795137
Rohini,2024,6,55.86,0.2631144614017063,1,-55.778499999999994,-0.029331112081879163,-51.07959599709568,-0.00075806081209125,-4.698904002904314,-0.028573051269787913,0.13426202498679662
Rohini,2024,7,42.7,0.2078588331514405,1,-68.93849999999999,-0.08458674033214497,-56.31401618611571,-0.034563860264506856,-12.624483813884282,-0.050022880067638116,0.6315130397377721
Rohini,2024,8,27.78,0.3515513641040519,1,-83.85849999999999,0.05910579062046645,-68.41697410104075,0.037229445509939854,-15.441525898959242,0.021876345110526593,-0.33780414959876676
Rohini,2024,9,43.83,0.3819492777373918,1,-67.8085,0.08950370425380633,-54.509227568371216,0.026836333393892374,-13.29927243162878,0.06266737085991395,-0.8334304376399102
Rohini,2024,11,295.93,0.1971124408921719,1,184.2915,-0.09533313259141357,130.36565557574912,-0.07190236972193705,53.9258444242509,-0.023430762869476526,-1.2635236732409056
Rohini,2024,12,211.09,0.2455395783621434,1,99.45150000000001,-0.04690599512144206,103.01002905020076,-0.018544842627652942,-3.5585290502007467,-0.028361152493789114,0.10092398504632191
Rohini,2025,2,119.81,0.2692636565091132,2,4.7749999999999915,-0.01221905894375136,7.78855457290137,-0.014541487609567375,-3.013554572901379,0.002322428665816015,-0.006998765526107099
Rohini,2025,3,86.94,0.3174355809389801,2,-28.095000000000013,0.03595286548611554,-28.83852526810945,-0.010354808567830874,0.7435252681094369,0.04630767405394641,0.03443092576648492
Rohini,2025,4,89.51,0.2752236313951545,2,-25.525000000000006,-0.006259084057710085,-16.51765918891838,-0.03994065006673551,-9.007340811081626,0.03368156600902542,-0.3033813440942344
Rohini,2025,5,67.21,0.2989055711182817,2,-47.82500000000002,0.017422855665417125,-24.010796958181324,-0.04375811484739069,-23.814203041818693,0.06118097051280782,-1.4569760540875278
Rohini,2025,7,31.73,0.2535395356598701,2,-83.305,-0.027943179792994488,-75.5621295603213,-0.0786152365354215,-7.742870439678711,0.050672056742427016,-0.39234717026866045
Rohini,2025,8,32.97,0.3082094079447183,2,-82.06500000000001,0.02672669249185372,-78.47684747234793,0.07011772757863853,-3.5881525276520847,-0.04339103508678481,0.1556936522240872
Rohini,2025,9,34.69,0.3673084907535348,2,-80.34500000000001,0.0858257753006702,-67.24909875655767,0.05360329917419604,-13.095901243442341,0.032222476126474164,-0.4219823651714842
Rohini,2025,11,280.21,0.2659236767870255,2,165.17499999999995,-0.015559038665839076,98.49832950368936,-0.041440087198495075,66.67667049631059,0.025881048532656,1.7256621451109269
Rohini,2025,12,269.27,0.2657252879453606,2,154.23499999999996,-0.015757427507503974,86.12634129321171,-0.03457717647237539,68.10865870678825,0.018819748964871416,1.2817878591958587
Shadipur,2023,1,188.14,0.186933777752032,0,103.20199999999998,-0.04742034161743894,74.96582644886828,0.03612685890684324,28.2361735511317,-0.08354720052428218,-2.359053253714833
Shadipur,2023,2,167.65,0.2479318172944998,0,82.712,0.013577697925028887,28.814298775613505,-0.0042754674720908385,53.897701224386495,0.017853165397119723,0.9622445744835143
Shadipur,2023,3,122.69,0.2516088404561891,0,37.751999999999995,0.01725472108671816,-0.2907023719009068,-0.01274184427938538,38.0427023719009,0.02999656536610354,1.1411504084019475
Shadipur,2023,4,92.22,0.2488525945910196,0,7.2819999999999965,0.014498475221548679,11.513780462915019,-0.0371069209531517,-4.231780462915022,0.05160539617470038,-0.21838270731308668
Shadipur,2023,5,88.18,0.2482160547709815,0,3.2420000000000044,0.013861935401510567,-4.741821392632185,-0.040871988852168376,7.98382139263219,0.05473392425367894,0.4369858753592318
Shadipur,2023,6,67.4,0.2441015190205834,0,-17.537999999999997,0.009747399651112487,-33.02893939241381,-0.012723509718373008,15.490939392413814,0.022470909369485495,0.3480954951351235
Shadipur,2023,7,37.99,0.1710452599763441,0,-46.948,-0.06330885939312683,-49.206984536855984,0.008087293191512657,2.2589845368559835,-0.0713961525846395,-0.16128280467971098
Shadipur,2023,8,43.92,0.2754948437067432,0,-41.018,0.04114072433727228,-46.08124269793281,0.04467393163745936,5.063242697932807,-0.00353320730018708,-0.017889486062955123
Shadipur,2023,10,127.12,0.2802861115426638,0,42.182,0.04593199217319288,28.57756752791719,0.0273499036897494,13.604432472082813,0.018582088483443483,0.2527987679632746
Shadipur,2023,11,204.43,0.1838563805433738,0,119.492,-0.05049773882609712,70.5037334528682,0.012097198453876863,48.9882665471318,-0.06259493727997398,-3.0664174719723625
Shadipur,2023,12,192.51,0.2532207517555866,0,107.57199999999999,0.01886663238611569,81.57729721799014,0.014377350361528242,25.994702782009853,0.004489282024587447,0.11669755193377014
Shadipur,2024,1,217.19,0.1398864175628927,1,113.30285714285714,-0.09511782744209427,121.9116835583134,-0.0481316093314768,-8.608826415456264,-0.04698621811061746,0.4044961956330731
Shadipur,2024,2,105.21,0.2391638315677609,1,1.3228571428571314,0.0041595865627739315,35.39379172568996,0.037720688904052814,-34.07093458283283,-0.03356110234127888,1.1434581223974705
Shadipur,2024,4,116.1,0.2068975092634343,1,12.212857142857132,-0.028106735741552646,-0.8885151932254369,0.014536302732654828,13.10137233608257,-0.04264303847420747,-0.5586823245924865
Shadipur,2024,5,161.23,0.2191984148704527,1,57.34285714285713,-0.015805830134534266,-3.358670824748825,-0.015879228314777023,60.701527967605955,7.339818024275704e-05,0.004455381690777099
Shadipur,2024,6,139.66,0.2192741251316449,1,35.772857142857134,-0.015730119873342052,-44.972348277561494,-0.006502326916262623,80.74520542041863,-0.009227792957079428,-0.7451000378964707
Shadipur,2024,7,35.33,0.1295033715053664,1,-68.55714285714286,-0.10550087349962056,-57.32199072252448,-0.05022808090115944,-11.235152134618382,-0.05527279259846112,0.6209982337489196
Shadipur,2024,8,46.65,0.2211064475959326,1,-57.237142857142864,-0.013897797409054363,-65.01311458314375,0.032345871839522575,7.775971726000883,-0.04624366924857694,-0.35958946458347074
Shadipur,2024,9,60.64,0.2470853999403747,1,-43.24714285714286,0.01208115493538775,-54.94717958983492,0.024485809725671024,11.700036732692055,-0.012404654790283274,-0.14513491670267878
Shadipur,2024,10,97.71,0.3005555335407825,1,-6.177142857142869,0.06555128853579556,31.76009213489954,0.0374445465840985,-37.937234992042406,0.02810674195169706,-1.066292074282228
Shadipur,2025,1,139.66,0.2829073928445113,2,34.281666666666666,0.054315386308398994,66.81803322645898,-0.0497357265562032,-32.53636655979231,0.1040511128646022,-3.3854451491170185
Shadipur,2025,4,119.43,0.2397852060881758,2,14.051666666666677,0.01119319955206352,-20.985538419766684,-0.021045963758110103,35.03720508643336,0.032239163310173624,1.129570176713571
Shadipur,2025,5,78.09,0.2498846471418269,2,-27.288333333333327,0.02129264060571462,-23.031907228020202,-0.0204710502744595,-4.256426105313125,0.04176369088017412,-0.17776406411660078
Shadipur,2025,7,43.92,0.2282596329680793,2,-61.45833333333333,-0.0003323735680329787,-73.02738044495041,-0.08076959842770468,11.569047111617081,0.0804372248596717,0.9305820439292786
Shadipur,2025,8,51.7,0.1703929337800919,2,-53.67833333333333,-0.058199072756020376,-71.18417351782266,0.0257103521315724,17.50584018448933,-0.08390942488759277,-1.4689049820546107
Shadipur,2025,9,56.39,0.2719254793631954,2,-48.98833333333333,0.04333347282708311,-52.25707208535498,0.014554131571863069,3.2687387520216475,0.02877934125522004,0.09407214801859307
Shadipur,2025,10,91.13,0.2812285213640211,2,-14.248333333333335,0.05263651482790882,35.35290315574749,0.03180394419733921,-49.601236489080826,0.020832570630569612,-1.033321262522363
Shadipur,2025,11,138.3,0.2359328377936705,2,32.92166666666668,0.007340831257558217,89.78759403241023,-0.052129297590440014,-56.865927365743545,0.05947012884799823,-3.3818240275016773
Shadipur,2025,12,165.27,0.2593413184951789,2,59.89166666666668,0.030749311959066605,68.72777849856587,-0.034581469897983295,-8.836111831899188,0.06533078185704991,-0.5772700945543036
Sirifort,2023,2,109.24,0.4243923245291555,0,14.132999999999996,-0.0356085097754118,9.887625298972043,-0.03473791883301397,4.245374701027952,-0.0008705909423978309,-0.0036959847617998344
Sirifort,2023,3,72.15,0.4382808050942584,0,-22.956999999999994,-0.02172002921030891,-5.160681891542903,-0.004878263846264342,-17.79631810845709,-0.016841765364044567,0.29972141392653173
Sirifort,2023,5,62.73,0.4776137164274255,0,-32.377,0.01761288212285822,-16.678917482069526,-0.027705271911172186,-15.698082517930477,0.0453181540340304,-0.7114081215864931
Sirifort,2023,6,41.59,0.4943780550621123,0,-53.516999999999996,0.03437722075754501,-56.25382202547104,-0.004167908852304756,2.7368220254710423,0.038545129609849765,0.10549115969087287
Sirifort,2023,7,28.28,0.3900092758466579,0,-66.827,-0.06999155845790939,-59.30054291689859,0.037498062501689675,-7.5264570831014055,-0.10748962095959906,0.8090160190312596
Sirifort,2023,8,31.66,0.5344385586139989,0,-63.447,0.07443772430943163,-55.91251136845547,0.07460882296736564,-7.534488631544534,-0.00017109865793400736,0.0012891408930763054
Sirifort,2023,9,32.68,0.5366819282038485,0,-62.427,0.07668109389928124,-64.06094383262803,0.0050438724646692055,1.6339438326280273,0.07163722143461203,0.11705119614969264
Sirifort,2023,10,91.57,0.5197985273389457,0,-3.537000000000006,0.05979769303437843,-6.167522279660259,0.05966589588351106,2.630522279660253,0.00013179715086737015,0.00034669534175236084
Sirifort,2023,11,232.49,0.3606481174029562,0,137.383,-0.09935271690161107,71.26297293847975,-0.008744989999113183,66.12002706152026,-0.09060772690249788,-5.990985354775997
Sirifort,2023,12,194.73,0.4764568099748952,0,99.62299999999999,0.016455975670327916,76.53437774198179,0.01395384304236305,23.088622258018205,0.0025021326279648665,0.0577707950865432
Sirifort,2024,5,78.53,0.4076025627026327,1,-13.879500000000007,-0.05503276037436361,-2.926400939964143,-0.011928413657350865,-10.953099060035864,-0.04310434671701274,0.47212617950957225
Sirifort,2024,7,39.08,0.3148577087500625,1,-53.32950000000001,-0.14777761432693376,-72.91558519860294,-0.014536724177475912,19.58608519860293,-0.13324089014945784,-2.6096674264049753
Sirifort,2024,9,40.49,0.4654864081195833,1,-51.919500000000006,0.0028510850425870204,-54.50515962951371,0.010486896334722901,2.5856596295137066,-0.007635811292135881,-0.01974360899666064
Sirifort,2024,11,239.64,0.3777660875691475,1,147.23049999999998,-0.0848692355078488,127.25196373953607,-0.059093791503432025,19.978536260463912,-0.02577544400441678,-0.5149556426717978
Sirifort,2024,12,183.48,0.4252633227944729,1,91.07049999999998,-0.03737200028252341,103.96960879027203,-0.016549872772362,-12.899108790272052,-0.02082212751016141,0.26858688799848857
Sirifort,2025,1,188.54,0.4774209564497826,2,91.36359999999999,0.02767365439074959,63.11269472023919,0.012424156686311668,28.2509052797608,0.015249497704437924,0.4308121152120056
Sirifort,2025,2,110.12,0.2381886701863146,2,12.943600000000004,-0.21155863187271842,7.665959188120796,0.029118111819861608,5.277640811879207,-0.24067674369258002,-1.2702054049821518
Sirifort,2025,3,78.72,0.4582041454839831,2,-18.456400000000002,0.008456843424950067,-28.23507138761854,0.007333816243097568,9.778671387618537,0.0011230271818524987,0.01098171377069891
Sirifort,2025,4,84.69,0.4187234873930463,2,-12.486400000000003,-0.031023814665986693,-28.98415199042041,-0.027941385740950363,16.497751990420408,-0.0030824289250363304,-0.05085314793334756
Sirifort,2025,6,54.42,0.4282269012427491,2,-42.7564,-0.021520400816283924,-57.61902895796144,-0.03297426445698532,14.86262895796144,0.011453863640701396,0.17023452542683024
Sirifort,2025,7,34.19,0.1693644953215942,2,-62.9864,-0.2803828067374388,-65.99065898019131,-0.08715692234816956,3.0042589801913095,-0.19322588438926924,-0.5805005983818698
Sirifort,2025,8,30.07,0.430883487456003,2,-67.10640000000001,-0.018863814603029994,-70.70976792465505,0.03280238065713873,3.6033679246550463,-0.051666195260168725,-0.18617231078945656
Sirifort,2025,9,29.17,0.522291616982741,2,-68.0064,0.07254431492370794,-65.131491253804,0.023298479151918947,-2.874908746195999,0.049245835771788996,-0.14157728397404798
Sirifort,2025,10,102.68,0.5288711949673092,2,5.503600000000006,0.07912389290827615,4.195587728070254,0.002829981648105969,1.3080122719297522,0.07629391126017018,0.0997933722018221
Sirifort,2025,11,214.27,0.4590968551937164,2,117.09360000000001,0.009349553134683386,89.96573167063903,-0.043802282128042574,27.12786832936098,0.05315183526272596,1.4418959884711156
Sirifort,2025,12,228.21,0.4799359755506601,2,131.0336,0.03018867349162707,82.65290088706634,-0.004006878410061508,48.38069911293367,0.03419555190168858,1.654404707556302
Sonia_Vihar,2023,1,181.65,0.2150220595766065,0,79.23333333333333,-0.09356222319653754,65.0749280306321,0.006879555680082221,14.15840530270124,-0.10044177887661976,-1.4220954146594786
Sonia_Vihar,2023,2,120.59,0.2844538789769735,0,18.173333333333332,-0.02413040379617054,-5.371810273770264,-0.04510730621738944,23.545143607103597,0.0209769024212189,0.4939041799397981
Sonia_Vihar,2023,3,79.17,0.2974614573401387,0,-23.24666666666667,-0.011122825433005357,-6.88049778009563,-0.003100092793310297,-16.36616888657104,-0.00802273263969506,0.13130139731305523
Sonia_Vihar,2023,4,70.55,0.3023542918273536,0,-31.866666666666674,-0.006229990945790409,12.729197119656764,-0.0524403268731939,-44.595863786323434,0.04621033592740349,-2.060789846538734
Sonia_Vihar,2023,5,73.18,0.2875873290982957,0,-29.236666666666665,-0.02099695367484833,-5.999352608867487,-0.04048477639820554,-23.23731405779918,0.01948782272335721,-0.45284465692536674
Sonia_Vihar,2023,6,49.96,0.2973819770439923,0,-52.45666666666667,-0.011202305729151762,-58.399108508840634,-0.005415377794249505,5.942441842173963,-0.005786927934902258,-0.034388482698008545
Sonia_Vihar,2023,7,40.16,0.190806455907702,0,-62.256666666666675,-0.11777782686544203,-60.44561734787583,-0.01843492190303955,-1.8110493187908432,-0.09934290496240247,0.17991490035886248
Sonia_Vihar,2023,8,39.13,0.3433618763010173,0,-63.28666666666667,0.03477759352787324,-51.422159120634,0.07451115224434725,-11.86450754603267,-0.03973355871647401,0.471419107222338
Sonia_Vihar,2023,12,212.59,0.2766526418153907,0,110.17333333333333,-0.03193164095775336,72.56964532717981,0.01586916334448539,37.60368800615352,-0.04780080430223875,-1.7974865314245867
Sonia_Vihar,2024,1,218.46,0.1488702123874518,1,119.08611111111112,-0.14403759388175746,129.43044908215373,-0.09375325543964663,-10.344337971042606,-0.05028433844211083,0.5201581914954845
Sonia_Vihar,2024,2,111.12,0.2410980827167547,1,11.74611111111112,-0.051809723552454556,13.286104147430216,0.016008552666799437,-1.5399930363190961,-0.06781827621925399,0.1044396731128161
Sonia_Vihar,2024,3,73.66,0.3131103790286453,1,-25.71388888888889,0.020202572759436044,-15.276039716667631,0.017940803550985013,-10.437849172221258,0.002261769208451031,-0.02360800586018612
Sonia_Vihar,2024,5,87.74,0.2310954346321535,1,-11.63388888888889,-0.061812371637055746,-6.1767437016180615,-0.03694904710195713,-5.457145187270829,-0.024863324535098617,0.13568277182626615
Sonia_Vihar,2024,6,58.01,0.2334983123164754,1,-41.36388888888889,-0.05940949395273387,-45.27864807498613,-0.01196496680798142,3.9147591860972426,-0.04744452714475245,-0.18573389846995964
Sonia_Vihar,2024,7,57.6,0.1053580314581379,1,-41.773888888888884,-0.18754977481107138,-56.43804686236061,-0.04755988465871743,14.664157973471724,-0.13998989015235394,-2.052833863883072
Sonia_Vihar,2024,8,35.39,0.3965274798157251,1,-63.983888888888885,0.10361967354651586,-65.51896834395038,0.043685983294439956,1.5350794550614921,0.0599336902520759,0.09200297657198094
Sonia_Vihar,2024,9,48.03,0.3537186470306727,1,-51.343888888888884,0.060810840761463425,-51.67502803754814,0.015607668348044341,0.3311391486592541,0.045203172413419083,0.014968540029677076
Sonia_Vihar,2024,10,129.91,0.371529333474879,1,30.53611111111111,0.07862152720566973,-42.16324378912224,0.06491284054854224,72.69935490023335,0.013708686657127489,0.9966126765026048
Sonia_Vihar,2024,11,282.42,0.2413358377983206,1,183.04611111111114,-0.05157196847088866,121.08998155948522,-0.027649185871979152,61.95612955162592,-0.023922782598909505,-1.4821630179334195
Sonia_Vihar,2024,12,181.47,0.2579158118694353,1,82.09611111111111,-0.03499199439977396,110.66313403872729,-0.02350361836095172,-28.56702292761618,-0.011488376038822242,0.32818870170211134
Sonia_Vihar,2025,1,136.65,0.2854074013863462,2,30.700344827586207,0.003807467752745597,67.45048424634646,-0.057277086360698,-36.750139418760256,0.061084554113443594,-2.2448658800018575
Sonia_Vihar,2025,2,76.45,0.3266103680597463,2,-29.499655172413796,0.04501043442614572,7.1812822643007985,-0.031722218179480226,-36.68093743671459,0.07673265260562595,-2.8146256295801204
Sonia_Vihar,2025,3,54.21,0.3301563452605469,2,-51.7396551724138,0.048556411626946294,-31.54299747682863,0.01113597391736443,-20.196657695585166,0.037420437709581866,-0.755767771239392
Sonia_Vihar,2025,4,58.19,0.2598922452295437,2,-47.7596551724138,-0.021707688404056902,-25.532875012790498,-0.037181806725347696,-22.226780159623303,0.015474118321290795,-0.34393982609132967
Sonia_Vihar,2025,6,63.46,0.3045704104167621,2,-42.4896551724138,0.022970476783161498,-60.75469548078701,-0.03816686064714706,18.26504030837321,0.06113733743030856,1.1166759325112
Sonia_Vihar,2025,7,35.81,0.2691293847791271,2,-70.1396551724138,-0.012470548854473462,-64.54286012408208,-0.11350027897038865,-5.596795048331714,0.10102973011591519,-0.5654426932470435
Sonia_Vihar,2025,8,41.51,0.4711985757272969,2,-64.43965517241381,0.1895986420936963,-73.814204162057,0.09555317660461042,9.374548989643188,0.09404546548908589,0.8816338234812334
Sonia_Vihar,2025,9,34.93,0.3565631645386973,2,-71.01965517241379,0.07496323090509671,-57.81092394536709,0.03752624510148963,-13.208731227046705,0.03743698580360708,-0.49449508343060905
Sonia_Vihar,2025,11,240.37,0.314343164879765,2,134.4203448275862,0.032743231246164406,104.08387059949223,-0.03654984683035464,30.336474228093977,0.06929307807651905,2.102107677253624
Sonia_Vihar,2025,12,233.83,0.3038395771612484,2,127.88034482758621,0.02223964352764779,75.961202110501,-0.027376079999279452,51.91914271708521,0.04961572352692724,2.5760058308059777
Sri_Aurobindo_Marg,2023,1,170.38,0.3863895799839931,0,94.75899999999999,-0.1647729217847495,84.58042649136111,0.008035660942015336,10.178573508638877,-0.17280858272676483,-1.7589448622080783
Sri_Aurobindo_Marg,2023,2,98.38,0.5008659816381977,0,22.758999999999986,-0.050296520130544864,19.776189215081224,-0.02651526359185076,2.9828107849187617,-0.023781256538694104,-0.0709349884825366
Sri_Aurobindo_Marg,2023,3,58.96,0.5298001154738639,0,-16.66100000000001,-0.021362386294878744,-0.4646450279855233,-0.011195179532152651,-16.196354972014486,-0.010167206762726092,0.16467168980297806
Sri_Aurobindo_Marg,2023,5,49.56,0.5380059214054757,0,-26.061000000000007,-0.013156580363266945,-17.414669788901996,-0.03873080558166529,-8.646330211098011,0.025574225218398347,-0.22112319613126225
Sri_Aurobindo_Marg,2023,6,34.6,0.5755479790917923,0,-41.02100000000001,0.024385477323049742,-45.74928697952563,0.008881085330334916,4.72828697952562,0.015504391992714826,0.0733092147846148
Sri_Aurobindo_Marg,2023,7,26.87,0.4836150259018575,0,-48.751000000000005,-0.06754747586688509,-56.15276256408245,0.011554233003769268,7.401762564082446,-0.07910170887065436,-0.5854920674737578
Sri_Aurobindo_Marg,2023,8,36.67,0.6297695698371336,0,-38.95100000000001,0.07860706806839102,-56.681866423725424,0.04722430434960056,17.730866423725416,0.03138276371879046,0.55644359150521
Sri_Aurobindo_Marg,2023,10,80.08,0.5962298145251159,0,4.458999999999989,0.04506731275637332,25.248940513265957,0.03814815380697261,-20.789940513265968,0.0069191589494007125,-0.14384890295987265
Sri_Aurobindo_Marg,2023,11,213.43,0.4406545862025816,0,137.809,-0.11050791556616102,79.25446190063322,-0.022693608432589153,58.55453809936678,-0.08781430713357187,-5.14192619272223
Sri_Aurobindo_Marg,2023,12,184.36,0.5392736376410259,0,108.739,-0.011888864127716725,79.03282926329967,0.011699334832256898,29.70617073670033,-0.023588198959973623,-0.7007150656762335
Sri_Aurobindo_Marg,2024,1,215.08,0.3616133973788002,1,129.60500000000002,-0.17497546409062298,118.3951795127361,-0.10583177101114366,11.209820487263912,-0.06914369307947932,-0.7750883872474352
Sri_Aurobindo_Marg,2024,2,95.24,0.4379020088466394,1,9.765,-0.09868685262278382,10.825384408255799,-0.0006177720689295918,-1.060384408255798,-0.09806908055385423,0.10399092395128891
Sri_Aurobindo_Marg,2024,3,65.32,0.4782825842366564,1,-20.155,-0.05830627723276677,-17.239149670101355,0.014580805872679892,-2.915850329898646,-0.07288708310544666,0.21252782531836667
Sri_Aurobindo_Marg,2024,4,51.98,0.460839937639442,1,-33.495,-0.07574892382998122,-5.23947037413944,0.0008881261901789292,-28.255529625860557,-0.07663705002016015,2.1654204372831924
Sri_Aurobindo_Marg,2024,5,68.44,0.4404047899792242,1,-17.034999999999997,-0.09618407149019897,-5.610019584381435,-0.035039870190528254,-11.424980415618561,-0.06114420129967072,0.698571302377377
Sri_Aurobindo_Marg,2024,6,46.58,0.4497833086967621,1,-38.894999999999996,-0.08680555277266111,-45.63138824099699,-0.011762354630378403,6.736388240996995,-0.0750431981422827,-0.5055201175324807
Sri_Aurobindo_Marg,2024,7,32.44,0.4392610717626042,1,-53.035,-0.09732778970681899,-66.58182674171158,-0.02300300224721943,13.546826741711584,-0.07432478745959956,-1.006865018329733
Sri_Aurobindo_Marg,2024,8,20.26,0.5969119673138154,1,-65.21499999999999,0.060323105844392155,-65.5159064572243,0.027955508411876506,0.30090645722431475,0.032367597432515646,0.00973961907228111
Sri_Aurobindo_Marg,2024,10,80.88,0.6194663119161938,1,-4.594999999999999,0.08287745044677064,7.888137813369799,0.0426647958227575,-12.483137813369797,0.04021265462401314,-0.5019801095129983
Sri_Aurobindo_Marg,2024,11,167.2,0.4306771692997551,1,81.725,-0.10591169216966811,126.25699599960234,-0.05640541237862402,-44.531995999602344,-0.04950627979104409,2.2046134536099697
Sri_Aurobindo_Marg,2024,12,142.29,0.49397448980338,1,56.815,-0.042614371666043205,102.06452436560986,-0.04077703051388442,-45.24952436560986,-0.0018373411521587849,0.08313881323254663
Sri_Aurobindo_Marg,2025,1,115.34,0.5511509408521701,2,28.39774193548388,0.036928545166307614,48.44784574230237,-0.048371442842088205,-20.05010380681849,0.08529998800839582,-1.7102736142887087
Sri_Aurobindo_Marg,2025,2,82.02,0.2636984495076291,2,-4.922258064516129,-0.25052394617823337,9.651926519000353,-0.029863381997157178,-14.574184583516482,-0.22066056418107619,3.21594779267789
Sri_Aurobindo_Marg,2025,4,63.75,0.4875286768051308,2,-23.192258064516125,-0.026693718880731687,-30.197653492803283,-0.027205504483887817,7.005395428287159,0.0005117856031561299,0.003585260524613139
Sri_Aurobindo_Marg,2025,7,22.61,0.4310344050400086,2,-64.33225806451613,-0.08318799064585386,-68.68624195359743,-0.06686411349132457,4.353983889081306,-0.016323877154529293,-0.07107389813816294
Sri_Aurobindo_Marg,2025,8,20.02,0.5373495451739604,2,-66.92225806451613,0.02312714948809791,-74.65441072036889,0.08582013190114175,7.732152655852758,-0.06269298241304384,-0.4847517104683472
Sri_Aurobindo_Marg,2025,9,26.29,0.6359898628638876,2,-60.652258064516126,0.12176746717802511,-57.8191292474009,0.040434279600574025,-2.833128817115224,0.08133318757745109,-0.23042739751351463
Sri_Aurobindo_Marg,2025,10,68.55,0.6280632666271668,2,-18.392258064516128,0.11384087094130435,5.316592355530145,0.05238200904783174,-23.70885042004627,0.06145886189347261,-1.457118963618624
Sri_Aurobindo_Marg,2025,12,172.51,0.5806011585273286,2,85.56774193548387,0.06637876284146615,64.49942049250076,-0.03345093578733091,21.068321442983105,0.09982969862879706,2.1032441802676263
Vivek_Vihar,2023,1,200.67,0.1330883779151709,0,84.02111111111111,-0.0818217027532584,92.3165154277269,0.00950577912018471,-8.295404316615787,-0.09132748187344311,0.7575983873586101
Vivek_Vihar,2023,3,85.82,0.2252738922378812,0,-30.828888888888883,0.010363811569451903,-5.181730004634307,0.000640767250901232,-25.647158884254576,0.00972304431855067,-0.2493684624765178
Vivek_Vihar,2023,4,75.22,0.2474415928963043,0,-41.42888888888888,0.03253151222787501,9.98037771852568,-0.03676623453618964,-51.40926660741456,0.06929774676406465,-3.562546338686899
Vivek_Vihar,2023,6,43.83,0.2476976148397246,0,-72.81888888888888,0.03278753417129532,-47.57390649052268,-0.004614778558585661,-25.244982398366197,0.03740231272988098,-0.9442207265240333
Vivek_Vihar,2023,7,23.02,0.2058641200116049,0,-93.62888888888888,-0.009045960656824392,-64.7828364905707,0.01429297420757255,-28.84605239831818,-0.02333893486439694,0.6732361380193291
Vivek_Vihar,2023,8,26.63,0.2953761903005744,0,-90.01888888888888,0.0804661096321451,-69.87063182125385,0.06250328161962748,-20.14825706763503,0.017962828012517612,-0.36191967645792045
Vivek_Vihar,2023,9,29.05,0.2738203968577495,0,-87.59888888888888,0.058910316189320217,-74.41409941960467,-0.006946415360527938,-13.184789469284212,0.06585673154984815,-0.8683071406199152
Vivek_Vihar,2023,11,203.15,0.1527104099676848,0,86.50111111111113,-0.062199670700744475,81.11106399080381,-0.01952106331186195,5.390047120307315,-0.042678607388882524,-0.23003970485517275
Vivek_Vihar,2023,12,231.5,0.1806262733111678,0,114.85111111111112,-0.0342838073572615,83.1127517946334,0.01707492490195948,31.738359316477727,-0.05135873225922098,-1.6300418984819314
Vivek_Vihar,2024,1,247.67,0.0817908830919281,1,138.2961111111111,-0.13465853881661222,118.86301285255873,-0.057705129948759974,19.433098258552363,-0.07695340886785224,-1.4954431558595271
Vivek_Vihar,2024,3,80.01,0.2464269475362607,1,-29.36388888888888,0.02997752562772038,-15.735724947219223,0.0022168466613757543,-13.628163941669657,0.027760678966344626,-0.3783270840854051
Vivek_Vihar,2024,4,70.13,0.2123176148699311,1,-39.24388888888889,-0.004131807038609242,-5.043199065332984,-0.0038200075820528224,-34.200689823555905,-0.0003117994565564196,0.010663756500839401
Vivek_Vihar,2024,5,83.49,0.2163240808393692,1,-25.88388888888889,-0.00012534106917114207,-5.610019584381435,-0.02451609689696813,-20.273869304507457,0.024390755827796987,-0.4944949958909097
Vivek_Vihar,2024,6,52.11,0.205649213529273,1,-57.263888888888886,-0.010800208379267318,-48.623310998852055,-0.00036253804564361945,-8.64057789003683,-0.010437670333623698,0.09018750350820227
Vivek_Vihar,2024,7,39.43,0.1390955019557894,1,-69.94388888888889,-0.07735391995275093,-73.10896188354621,-0.016960656046340977,3.165072994657322,-0.06039326390640995,-0.1911490886493909
Vivek_Vihar,2024,8,26.01,0.2556047846080257,1,-83.36388888888888,0.039155362699485385,-69.07157111859287,0.025579717509141328,-14.292317770296009,0.013575645190344057,-0.19402743499718791
Vivek_Vihar,2024,10,140.25,0.2926808078102023,1,30.876111111111115,0.07623138590166195,-4.052486147895165,0.04196814511310387,34.92859725900628,0.03426324078855808,1.196766938291902
Vivek_Vihar,2024,11,301.83,0.1669641017954731,1,192.4561111111111,-0.04948532011306722,127.4272495470621,-0.05354213659551728,65.02886156404901,0.004056816482450057,0.263810157427997
Vivek_Vihar,2024,12,197.95,0.2060730705765575,1,88.5761111111111,-0.010376351331982836,110.24414551938128,-0.042852165887169565,-21.668034408270174,0.03247581455518673,-0.7036870672183874
Vivek_Vihar,2025,2,123.59,0.2168184840835202,2,9.032499999999999,0.0054250340490010485,14.190666627849243,-0.013578104241443272,-5.158166627849244,0.01900313829044432,-0.09802135375417403
Vivek_Vihar,2025,3,75.82,0.2464231954714887,2,-38.73750000000001,0.035029745436969545,-26.262418232750363,0.03248538964520902,-12.475081767249648,0.0025443557917605233,-0.03174104654718775
Vivek_Vihar,2025,4,72.14,0.2296182709109727,2,-42.417500000000004,0.01822482087645355,-37.178065650059104,-0.005889349455344117,-5.2394343499409,0.02411417033179767,-0.12634461235674646
Vivek_Vihar,2025,5,66.02,0.2333241854341159,2,-48.53750000000001,0.02193073539959675,-27.848407493930672,-0.019943908113667617,-20.689092506069336,0.041874643513264365,-0.8663483733046027
Vivek_Vihar,2025,6,45.5,0.2329419558432927,2,-69.0575,0.021548505808773544,-62.56267715711532,-0.03922191080680255,-6.4948228428846875,0.06077041661557609,-0.39469309000646274
Vivek_Vihar,2025,7,28.88,0.1911613426771839,2,-85.67750000000001,-0.020232107357335244,-73.45560946973515,-0.05933860316496998,-12.221890530264858,0.039106495807634735,-0.4779553107831733
Vivek_Vihar,2025,8,29.41,0.193790917022027,2,-85.14750000000001,-0.01760253301249215,-76.6063612006214,0.03239226376211971,-8.541138799378615,-0.04999479677461186,0.4270124984986862
Vivek_Vihar,2025,9,35.76,0.267637291817215,2,-78.79750000000001,0.05624384178269587,-67.17037333351391,0.024171504916566076,-11.627126666486106,0.03207233686612979,-0.37290912323270314
Vivek_Vihar,2025,10,133.64,0.2876575086452435,2,19.082499999999982,0.07626405861072433,10.996740500981414,0.03678785874490629,8.085759499018568,0.03947619986581804,0.3191950580501937
Vivek_Vihar,2025,11,269.57,0.2236176874110866,2,155.0125,0.012224237376567443,91.02184459523943,-0.041138193320037195,63.99065540476056,0.05336243069660464,3.414696914266844
Vivek_Vihar,2025,12,261.27,0.2153372123432808,2,146.71249999999998,0.003943762308761645,100.14358199241715,-0.03268567977240486,46.56891800758282,0.0366294420811665,1.7057934849413467
Wazirpur,2023,1,201.52,0.1398355240377089,0,82.57555555555557,-0.07715009925490515,71.0152222578544,0.04824807711435169,11.560333297701163,-0.12539817636925685,-1.449644713752523
Wazirpur,2023,2,136.98,0.2117669930265212,0,18.035555555555547,-0.005218630266092872,9.340988243644224,-0.022594603587349348,8.694567311911323,0.017375973321256476,0.15107656965163976
Wazirpur,2023,3,90.12,0.2234065617736026,0,-28.82444444444444,0.006420938480988542,-5.1131472796828366,0.011903775826324564,-23.711297164761604,-0.005482837345336023,0.13000518560131508
Wazirpur,2023,4,81.64,0.2298048001753376,0,-37.30444444444444,0.012819176882723549,13.375363306398379,-0.04249321518570058,-50.67980775084282,0.05531239206842413,-2.803221396266978
Wazirpur,2023,5,76.81,0.241708017097619,0,-42.13444444444444,0.024722393805004933,-26.34549600981976,-0.029267525431225135,-15.788948434624679,0.05398991923623007,-0.8524440508103875
Wazirpur,2023,6,51.41,0.2316650650984302,0,-67.53444444444445,0.014679441805816151,-47.340249067490895,0.00808537817235649,-20.19419537695355,0.006594063633459662,-0.13316180934214863
Wazirpur,2023,7,43.83,0.1341387002787948,0,-75.11444444444444,-0.08284692301381927,-69.18069960404969,0.0027899437324625962,-5.933744840394752,-0.08563686674628186,0.5081473162033229
Wazirpur,2023,8,50.05,0.2641374959220116,0,-68.89444444444445,0.04715187262939752,-54.09685188689093,0.07933234106273844,-14.797592557553514,-0.03218046843334092,0.47619346018779146
Wazirpur,2023,9,53.42,0.2600764580854861,0,-65.52444444444444,0.04309083479287201,-50.79788541753769,0.04083567670786955,-14.726559026906749,0.0022551580850024636,-0.03321071865379477
Wazirpur,2023,10,127.24,0.2518657122925532,0,8.295555555555552,0.03488008899993916,28.248509375362985,0.03973255733754584,-19.952953819807433,-0.004852468337606677,0.09682107665234378
Wazirpur,2023,12,242.49,0.2230196175907699,0,123.54555555555557,0.006033994298155848,72.37499733034242,0.011780471123876144,51.17055822521314,-0.005746476825720296,-0.29405042700035844
Wazirpur,2024,1,249.13,0.109060640138416,1,137.8295,-0.10915413761220209,137.53741961307205,-0.06943375525350205,0.2920803869279496,-0.03972038235870004,-0.01160154464825521
Wazirpur,2024,2,126.73,0.1983036437896623,1,15.42949999999999,-0.019911133960955785,37.2335550322999,-0.012222591730382702,-21.804055032299907,-0.007688542230573083,0.16764139791357738
Wazirpur,2024,3,84.76,0.2281489621596062,1,-26.54050000000001,0.009934184408988106,-3.927598853436706,-0.0003450857462483743,-22.612901146563303,0.01027927015523648,-0.23244411987918093
Wazirpur,2024,4,75.86,0.191326075879765,1,-35.440500000000014,-0.0268887018708531,-5.1949101288844695,0.007780439002408869,-30.245589871115545,-0.03466914087326197,1.0485886160366102
Wazirpur,2024,5,97.41,0.2072385963602878,1,-13.890500000000017,-0.010976181390330297,-7.356989957115551,-0.005044418208022395,-6.533510042884466,-0.005931763182307903,0.038755234323621005
Wazirpur,2024,6,59.47,0.2116948693242274,1,-51.830500000000015,-0.0065199084263906915,-50.25041903417656,0.0006493083043044375,-1.5800809658234556,-0.0071692167306951285,0.011327942896034435
Wazirpur,2024,9,51.66,0.1739591496478776,1,-59.64050000000002,-0.0442556281027405,-55.17069992964158,0.022726324037371407,-4.469800070358438,-0.0669819521401119,0.2993959343886177
Wazirpur,2024,11,311.02,0.1583164391398379,1,199.71949999999998,-0.0598983386107802,142.6099279302739,-0.053987866053293705,57.109572069726084,-0.005910472557486494,-0.3375445584879132
Wazirpur,2024,12,220.52,0.1936676958531619,1,109.2195,-0.02454708189745619,126.36996783010133,-0.012594037650123612,-17.150467830101334,-0.01195304424733258,0.2050003008356552
Wazirpur,2025,1,221.92,0.2464932484539785,2,101.14172413793102,0.038354916477936984,51.26939462091096,-0.045290656430606306,49.87232951702006,0.0836455729085433,4.171599574734798
Wazirpur,2025,2,122.69,0.185156778418769,2,1.9117241379310315,-0.022981553557272494,3.763660790609536,0.0046503745663017335,-1.8519366526785044,-0.027631928123574227,0.05117258047622508
Wazirpur,2025,3,89.17,0.239521850793111,2,-31.608275862068965,0.031383518817069495,-31.320512876013154,-0.00042079284867500014,-0.2877629860558102,0.031804311665744496,-0.009152103694384274
Wazirpur,2025,5,82.1,0.2347617573342,2,-38.67827586206897,0.02662342535815848,-32.610596878813766,-0.043879249609305254,-6.067678983255206,0.07050267496746374,-0.4277875991633526
Wazirpur,2025,6,62.48,0.2227371622514938,2,-58.29827586206897,0.01459883027545228,-68.70921685088489,-0.02807843576109607,10.410940988815916,0.04267726603654835,0.4443104982705026
Wazirpur,2025,7,39.5,0.1683028987821316,2,-81.27827586206897,-0.03983543319390992,-76.27944189294773,-0.08194475773326591,-4.998833969121236,0.042109324539355994,-0.2104975219240832
Wazirpur,2025,8,47.2,0.1559843699384435,2,-73.57827586206896,-0.052153962037598006,-76.07339240177171,0.043211110327681074,2.4951165397027495,-0.09536507236527908,-0.23794696936855744
Wazirpur,2025,10,141.0,0.2365038954092042,2,20.221724137931034,0.028365563433162683,27.496269271724817,0.03694135876178407,-7.274545133793783,-0.008575795328621384,0.06238501017623415
Wazirpur,2025,11,283.76,0.2179738059798803,2,162.98172413793102,0.009835474003838801,96.32698755429192,-0.03570895317624781,66.6547365836391,0.04554442718008661,3.0357517965414065
Wazirpur,2025,12,266.65,0.2091962076459878,2,145.871724137931,0.0010578756699462788,69.79563444166507,-0.033770278806346914,76.07608969626594,0.03482815447629319,2.6495898038938868
